time,run,dwelling_id,hp_elec_kw,boiler_gas_kw,ev_charge_kw,appliance_kw,tariff_elec_price,tariff_gas_price,tariff_offset_steps,Tin_C,T_tank_C,Q_hp_space_w,Q_bo_space_w,Q_hp_hw_w,Q_bo_hw_w,ev_soc_kwh,solve_status
2021-02-07 00:00:00,1,99,0.0,0.0,0.0,0.062,10.3635,6.0,-1,21.0,,0.0,0.0,0.0,0.0,47.952,optimal
2021-02-07 00:30:00,1,99,0.0,0.0,0.0,0.062,8.274,6.0,-1,20.784107194504053,,0.0,0.0,0.0,0.0,47.904047999999996,optimal
2021-02-07 01:00:00,1,99,1.3333333333333333,0.0,0.0,0.062,7.7175,6.0,-1,20.569690805808616,,4000.0,0.0,0.0,0.0,47.856143952,optimal
2021-02-07 01:30:00,1,99,1.3333333333333333,0.0,0.0,0.062,6.615,6.0,-1,20.69706398812253,,4000.0,0.0,0.0,0.0,47.80828780804799,optimal
2021-02-07 02:00:00,1,99,1.3333333333333333,0.0,0.0,0.062,6.174,6.0,-1,20.82217752416066,,4000.0,0.0,0.0,0.0,47.76047952023995,optimal
2021-02-07 02:30:00,1,99,1.3333333333333333,0.0,0.0,0.062,3.906,6.0,-1,20.945060200694634,,4000.0,0.0,0.0,0.0,47.712719040719705,optimal
2021-02-07 03:00:00,1,99,1.3333333333333333,0.0,0.0,0.062,2.3415,6.0,-1,21.065103462592212,,4000.0,0.0,0.0,0.0,47.66500632167899,optimal
2021-02-07 03:30:00,1,99,1.3333333333333333,0.0,0.0,0.062,2.205,6.0,-1,21.182343482586074,,4000.0,0.0,0.0,0.0,47.61734131535731,optimal
2021-02-07 04:00:00,1,99,1.3333333333333333,0.0,2.126394870922872,0.062,0.882,6.0,-1,21.297452947760934,,4000.0,0.0,0.0,0.0,48.579761537730306,optimal
2021-02-07 04:30:00,1,99,1.3333333333333333,0.0,0.0,0.062,1.5435,6.0,-1,21.410459000327354,,4000.0,0.0,0.0,0.0,48.53118177619257,optimal
2021-02-07 05:00:00,1,99,1.3333333333333333,0.0,0.0,0.062,1.5435,6.0,-1,21.52202541189229,,4000.0,0.0,0.0,0.0,48.48265059441637,optimal
2021-02-07 05:30:00,1,99,1.3333333333333333,0.0,0.0,0.062,5.0715,6.0,-1,21.63217052276731,,4000.0,0.0,0.0,0.0,48.434167943821954,optimal
2021-02-07 06:00:00,1,99,1.3333333333333333,0.0,0.0,0.06233333333333334,5.376,6.0,-1,21.740912439617524,,4000.0,0.0,0.0,0.0,48.38573377587813,optimal
2021-02-07 06:30:00,1,99,1.3333333333333333,0.0,0.0,0.072,5.0715,6.0,-1,21.848269038438108,,4000.0,0.0,0.0,0.0,48.33734804210225,optimal
2021-02-07 07:00:00,1,99,1.3333333333333333,0.0,0.0,0.06633333333333333,5.5125,6.0,-1,21.953620992318257,,4000.0,0.0,0.0,0.0,48.289010694060146,optimal
2021-02-07 07:30:00,1,99,0.7073922691751665,0.0,0.0,0.062,9.261,6.0,-1,22.059659773149562,,2122.1768075254995,0.0,0.0,0.0,48.240721683366075,optimal
2021-02-07 08:00:00,1,99,0.94563284755826,0.0,0.0,0.062,11.7075,6.0,-1,22.0,,2836.8985426747804,0.0,0.0,0.0,48.192480961682705,optimal
2021-02-07 08:30:00,1,99,0.0,0.0,0.0,0.062,12.348,6.0,-1,22.0,,0.0,0.0,0.0,0.0,48.144288480721016,optimal
2021-02-07 09:00:00,1,99,0.22412580708447027,0.0,0.0,0.061666666666666654,12.348,6.0,-1,21.757991212341913,,672.3774212534108,0.0,0.0,0.0,48.096144192240295,optimal
2021-02-07 09:30:00,1,99,1.3333333333333333,0.0,0.0,0.16340000000000002,12.1275,6.0,-1,21.587758028806263,,4000.0,0.0,0.0,0.0,48.048048048048045,optimal
2021-02-07 10:00:00,1,99,1.3333333333333333,0.23222222222222222,0.0,0.277,12.5265,6.0,-1,21.727213162129004,,4000.0,0.0,0.0,209.0,48.0,optimal
2021-02-07 10:30:00,1,99,1.3333333333333333,0.0,0.0,0.062,11.7495,6.0,-1,21.892423196698335,,4000.0,0.0,0.0,0.0,47.64997544378352,optimal
2021-02-07 11:00:00,1,99,0.0,0.0,0.0,0.06233333333333334,13.23,6.0,-1,22.0,,0.0,0.0,0.0,0.0,47.300300912123255,optimal
2021-02-07 11:30:00,1,99,0.0,0.0,0.0,0.072,14.3325,6.0,-1,21.781462988708494,,0.0,0.0,0.0,0.0,46.950976054994655,optimal
2021-02-07 12:00:00,1,99,0.0,0.0,0.0,0.06366666666666666,14.994,6.0,-1,21.565710030435845,,0.0,0.0,0.0,0.0,46.60200052272318,optimal
2021-02-07 12:30:00,1,99,0.0,0.0,0.0,0.062,14.8155,6.0,-1,21.364278012327397,,0.0,0.0,0.0,0.0,46.253373965983975,optimal
2021-02-07 13:00:00,1,99,0.0,0.0,0.0,0.062,14.112,6.0,-1,21.16541213811739,,0.0,0.0,0.0,0.0,45.90509603580151,optimal
2021-02-07 13:30:00,1,99,0.4274214159075876,0.0,0.0,0.07166666666666667,14.007,6.0,-1,20.9584992779166,,1282.2642477227628,0.0,0.0,0.0,45.55716638354923,optimal
2021-02-07 14:00:00,1,99,1.3333333333333333,0.0,0.0,0.06333333333333334,13.23,6.0,-1,20.863958237132255,,4000.0,0.0,0.0,0.0,45.2095846609492,optimal
2021-02-07 14:30:00,1,99,1.3333333333333333,0.0,0.0,0.062,11.382,6.0,-1,21.00678996646805,,4000.0,0.0,0.0,0.0,44.862350520071764,optimal
2021-02-07 15:00:00,1,99,1.3333333333333333,0.0,0.0,0.062,11.7495,6.0,-1,21.148439065663645,,4000.0,0.0,0.0,0.0,44.515463613335214,optimal
2021-02-07 15:30:00,1,99,0.0,0.0,0.0,0.06233333333333334,24.3285,6.0,-1,21.29917040062708,,0.0,0.0,0.0,0.0,44.1689235935054,optimal
2021-02-07 16:00:00,1,99,0.0,0.0,0.0,0.072,28.917,6.0,-1,21.105738604672258,,0.0,0.0,0.0,0.0,43.822730113695414,optimal
2021-02-07 16:30:00,1,99,0.0,0.0,0.0,0.07033333333333333,31.3635,6.0,-1,20.889384760333918,,0.0,0.0,0.0,0.0,43.47688282736524,optimal
2021-02-07 17:00:00,1,99,0.0,0.0,0.0,0.062,33.306,6.0,-1,20.676424131726097,,0.0,0.0,0.0,0.0,43.131381388321394,optimal
2021-02-07 17:30:00,1,99,0.0,0.0,0.0,0.062,31.3425,6.0,-1,20.440693033442802,,0.0,0.0,0.0,0.0,42.78622545071659,optimal
2021-02-07 18:00:00,1,99,0.0,0.0,0.0,0.10136666666666666,28.2555,6.0,-1,20.209238982659034,,0.0,0.0,0.0,0.0,42.441414669049394,optimal
2021-02-07 18:30:00,1,99,0.7138504617333705,0.5418518518518518,0.0,0.0668,15.6975,6.0,-1,20.0,,2141.5513852001113,0.0,0.0,487.6666666666667,42.398973254380344,optimal
2021-02-07 19:00:00,1,99,0.6185994008324996,0.1548148148148148,0.0,0.2566666666666667,12.5475,6.0,-1,20.0,,1855.798202497499,0.0,0.0,139.33333333333331,42.356574281125965,optimal
2021-02-07 19:30:00,1,99,0.6042438452769473,0.0,0.0,0.2750666666666667,12.0855,6.0,-1,20.0,,1812.7315358308422,0.0,0.0,0.0,42.314217706844836,optimal
2021-02-07 20:00:00,1,99,0.5761549563880594,0.0,0.0,0.3735,11.907,6.0,-1,20.0,,1728.464869164178,0.0,0.0,0.0,42.27190348913799,optimal
2021-02-07 20:30:00,1,99,0.0,0.0,0.0,0.48419999999999996,12.5685,6.0,-1,20.0,,0.0,0.0,0.0,0.0,42.22963158564885,optimal
2021-02-07 21:00:00,1,99,0.0,0.3096296296296296,0.0,0.7074333333333332,13.146,6.0,-1,19.85186728834249,,0.0,0.0,0.0,278.66666666666663,42.187401954063205,optimal
2021-02-07 21:30:00,1,99,0.0,0.1548148148148148,0.0,0.388,10.584,6.0,-1,19.729509639999684,,0.0,0.0,0.0,139.33333333333331,42.14521455210914,optimal
2021-02-07 22:00:00,1,99,0.0,0.0,0.0,0.36186666666666667,6.678,6.0,-1,19.581030434352655,,0.0,0.0,0.0,0.0,42.10306933755703,optimal
2021-02-07 22:30:00,1,99,0.0,0.0,0.0,0.17533333333333334,7.938,6.0,-1,19.43359762235653,,0.0,0.0,0.0,0.0,42.060966268219474,optimal
2021-02-07 23:00:00,1,99,0.0,0.0,0.0,0.072,5.292,6.0,-1,19.243442527429387,,0.0,0.0,0.0,0.0,42.01890530195126,optimal
2021-02-07 23:30:00,1,99,0.0,0.0,0.0,0.072,9.261,6.0,-1,19.035913938149083,,0.0,0.0,0.0,0.0,41.976886396649306,optimal
2021-02-08 00:00:00,1,99,0.0,0.0,0.0,0.062,11.025,6.0,1,19.035913938149083,,0.0,0.0,0.0,0.0,41.93490951025266,optimal
2021-02-08 00:30:00,1,99,1.3333333333333333,0.0,0.0,0.062,5.9745,6.0,1,18.82583976736964,,4000.0,0.0,0.0,0.0,41.892974600742406,optimal
2021-02-08 01:00:00,1,99,1.3333333333333333,0.0,0.0,0.17,7.938,6.0,1,18.958773800248608,,4000.0,0.0,0.0,0.0,41.851081626141664,optimal
2021-02-08 01:30:00,1,99,1.3333333333333333,0.0,0.0,0.062,8.6835,6.0,1,19.099203282552974,,4000.0,0.0,0.0,0.0,41.80923054451552,optimal
2021-02-08 02:00:00,1,99,1.3333333333333333,0.0,0.0,0.17,7.665,6.0,1,19.228017824800517,,4000.0,0.0,0.0,0.0,41.767421313971006,optimal
2021-02-08 02:30:00,1,99,1.3333333333333333,0.0,0.0,0.062,6.7725,6.0,1,19.363743321564066,,4000.0,0.0,0.0,0.0,41.725653892657036,optimal
2021-02-08 03:00:00,1,99,1.3333333333333333,0.0,0.0,0.062,5.5755,6.0,1,19.489187755060396,,4000.0,0.0,0.0,0.0,41.68392823876438,optimal
2021-02-08 03:30:00,1,99,1.3333333333333333,0.0,5.0,0.062,5.0925,6.0,1,19.61367106393262,,4000.0,0.0,0.0,0.0,44.01724431052562,optimal
2021-02-08 04:00:00,1,99,1.3333333333333333,0.0,5.0,0.062,4.1895,6.0,1,19.735931542081868,,4000.0,0.0,0.0,0.0,46.348227066215095,optimal
2021-02-08 04:30:00,1,99,1.3333333333333333,0.0,0.0,0.17,7.056,6.0,1,19.855997507267904,,4000.0,0.0,0.0,0.0,46.30187883914888,optimal
2021-02-08 05:00:00,1,99,1.3333333333333333,0.0,4.179252048539701,0.06333333333333334,5.271,6.0,1,19.9824489043233,,4000.0,0.0,0.0,0.0,48.240721683366075,optimal
2021-02-08 05:30:00,1,99,1.3333333333333333,0.0,0.0,0.10273333333333332,7.938,6.0,1,20.09682646001305,,4000.0,0.0,0.0,0.0,48.192480961682705,optimal
2021-02-08 06:00:00,1,99,1.3333333333333333,0.0,0.0,0.1376,7.938,6.0,1,20.21186661615831,,4000.0,0.0,0.0,0.0,48.144288480721016,optimal
2021-02-08 06:30:00,1,99,1.3333333333333333,0.0774074074074074,0.0,0.06306666666666667,11.907,6.0,1,20.328479827858434,,4000.0,0.0,0.0,69.66666666666666,48.096144192240295,optimal
2021-02-08 07:00:00,1,99,1.3333333333333333,2.2448148148148146,0.0,0.0932,11.025,6.0,1,20.447973349822483,,4000.0,0.0,0.0,2020.3333333333333,48.048048048048045,optimal
2021-02-08 07:30:00,1,99,1.3333333333333333,4.085562962962963,0.0,2.7145333333333332,11.2875,6.0,1,20.589726994038347,,4000.0,0.0,0.0,3677.0066666666667,48.0,optimal
2021-02-08 08:00:00,1,99,0.0,0.3266592592592592,0.0,0.18006666666666665,12.936,6.0,1,20.780999354090273,,0.0,0.0,0.0,293.9933333333333,47.74681245066452,optimal
2021-02-08 08:30:00,1,99,0.0,0.0,0.0,0.15580000000000002,13.0095,6.0,1,20.555905889449456,,0.0,0.0,0.0,0.0,47.49387808887838,optimal
2021-02-08 09:00:00,1,99,0.0,0.0,0.0,0.1676,13.671,6.0,1,20.308834661679303,,0.0,0.0,0.0,0.0,47.241196661454026,optimal
2021-02-08 09:30:00,1,99,1.3024354327439156,0.0,0.0,0.2983,13.188,6.0,1,20.08036977932806,,3907.3062982317465,0.0,0.0,0.0,46.988767915457096,optimal
2021-02-08 10:00:00,1,99,0.0,0.0,0.0,0.072,13.8495,6.0,1,20.19874689710261,,0.0,0.0,0.0,0.0,46.73659159820616,optimal
2021-02-08 10:30:00,1,99,0.8585937700882901,0.0,0.0,0.072,13.23,6.0,1,20.0,,2575.78131026487,0.0,0.0,0.0,46.48466745727248,optimal
2021-02-08 11:00:00,1,99,1.3333333333333333,0.0,0.0,0.072,13.3665,6.0,1,20.021029291575253,,4000.0,0.0,0.0,0.0,46.23299524047973,optimal
2021-02-08 11:30:00,1,99,1.3333333333333333,0.0,0.0,0.0828,13.0515,6.0,1,20.191805939868598,,4000.0,0.0,0.0,0.0,45.981574695903774,optimal
2021-02-08 12:00:00,1,99,1.3333333333333333,0.0,0.0,0.1692,13.5345,6.0,1,20.362599825103906,,4000.0,0.0,0.0,0.0,45.730405571872396,optimal
2021-02-08 12:30:00,1,99,0.0,0.0,0.0,0.07740000000000001,14.154,6.0,1,20.5494315241739,,0.0,0.0,0.0,0.0,45.479487616965045,optimal
2021-02-08 13:00:00,1,99,0.0,0.0,0.0,0.1746,14.112,6.0,1,20.38828839928233,,0.0,0.0,0.0,0.0,45.2288205800126,optimal
2021-02-08 13:30:00,1,99,1.3333333333333333,0.0,0.0,0.07740000000000001,14.2485,6.0,1,20.236709738165437,,4000.0,0.0,0.0,0.0,44.97840421009711,optimal
2021-02-08 14:00:00,1,99,1.3333333333333333,0.0,0.0,0.1746,12.789,6.0,1,20.420397960605086,,4000.0,0.0,0.0,0.0,44.728238256551535,optimal
2021-02-08 14:30:00,1,99,1.3333333333333333,0.0,0.0,0.072,13.0095,6.0,1,20.611951380749733,,4000.0,0.0,0.0,0.0,44.478322468959504,optimal
2021-02-08 15:00:00,1,99,1.3333333333333333,0.0,0.0,0.18,12.1275,6.0,1,20.790424065053546,,4000.0,0.0,0.0,0.0,44.228656597155066,optimal
2021-02-08 15:30:00,1,99,1.3333333333333333,0.0,0.0,0.072,12.348,6.0,1,20.95307089517247,,4000.0,0.0,0.0,0.0,43.97924039122243,optimal
2021-02-08 16:00:00,1,99,1.3333333333333333,0.0,0.0,0.072,12.348,6.0,1,21.105093697603834,,4000.0,0.0,0.0,0.0,43.73007360149573,optimal
2021-02-08 16:30:00,1,99,0.0,0.0,0.0,0.41593333333333327,25.389,6.0,1,21.231018877476107,,0.0,0.0,0.0,0.0,43.48115597855876,optimal
2021-02-08 17:00:00,1,99,0.0,0.3096296296296296,0.0,0.13103333333333333,29.1375,6.0,1,21.053874385899448,,0.0,0.0,0.0,278.66666666666663,43.23248727324472,optimal
2021-02-08 17:30:00,1,99,0.0,0.0,0.0,0.35910000000000003,30.597,6.0,1,20.83304929565232,,0.0,0.0,0.0,0.0,42.984067236636,optimal
2021-02-08 18:00:00,1,99,0.0,0.23222222222222222,0.0,0.41893333333333327,33.684,6.0,1,20.655490450243462,,0.0,0.0,0.0,209.0,42.735895620063886,optimal
2021-02-08 18:30:00,1,99,0.0,0.0,0.0,0.1044,32.445,6.0,1,20.461618528201384,,0.0,0.0,0.0,0.0,42.48797217510835,optimal
2021-02-08 19:00:00,1,99,0.0,0.0,0.0,0.27646666666666664,28.917,6.0,1,20.21483760834783,,0.0,0.0,0.0,0.0,42.24029665359776,optimal
2021-02-08 19:30:00,1,99,0.5156314789100044,0.0774074074074074,0.0,0.7627999999999999,15.876,6.0,1,20.0,,1546.8944367300132,0.0,0.0,69.66666666666666,42.198056356944164,optimal
2021-02-08 20:00:00,1,99,0.6734179949459779,0.0,0.0,0.35156666666666664,12.348,6.0,1,20.0,,2020.2539848379336,0.0,0.0,0.0,42.15585830058722,optimal
2021-02-08 20:30:00,1,99,0.0,0.387037037037037,0.0,0.35619999999999996,12.1275,6.0,1,20.0,,0.0,0.0,0.0,348.3333333333333,42.11370244228663,optimal
2021-02-08 21:00:00,1,99,0.0,0.1548148148148148,0.0,0.5182666666666667,12.348,6.0,1,19.834874305059763,,0.0,0.0,0.0,139.33333333333331,42.071588739844344,optimal
2021-02-08 21:30:00,1,99,0.0,0.1548148148148148,0.0,0.7566666666666666,12.1275,6.0,1,19.69528354355373,,0.0,0.0,0.0,139.33333333333331,42.0295171511045,optimal
2021-02-08 22:00:00,1,99,0.0,0.0774074074074074,0.0,0.42356666666666665,12.1275,6.0,1,19.58475944460862,,0.0,0.0,0.0,69.66666666666666,41.98748763395339,optimal
2021-02-08 22:30:00,1,99,0.0,0.0,0.0,0.5516333333333333,11.2665,6.0,1,19.44585237097636,,0.0,0.0,0.0,0.0,41.94550014631944,optimal
2021-02-08 23:00:00,1,99,0.0,0.0,0.0,0.3192,10.143,6.0,1,19.31143870745414,,0.0,0.0,0.0,0.0,41.90355464617312,optimal
2021-02-08 23:30:00,1,99,0.0,0.0,0.0,0.17786666666666667,11.2455,6.0,1,19.14565828771784,,0.0,0.0,0.0,0.0,41.861651091526944,optimal
2021-02-09 00:00:00,1,99,1.3333333333333333,0.0,0.0,1.0959666666666668,10.8045,6.0,1,19.14565828771784,,4000.0,0.0,0.0,0.0,41.819789440435414,optimal
2021-02-09 00:30:00,1,99,1.3333333333333333,0.0,5.0,0.1103,10.584,6.0,1,19.29664575553549,,4000.0,0.0,0.0,0.0,44.152969650994976,optimal
2021-02-09 01:00:00,1,99,1.3333333333333333,0.0,0.0,0.071,11.2455,6.0,1,19.42070579944972,,4000.0,0.0,0.0,0.0,44.10881668134398,optimal
2021-02-09 01:30:00,1,99,0.7294498283851629,0.0,0.0,0.071,12.1275,6.0,1,19.5358444067425,,2188.3494851554888,0.0,0.0,0.0,44.06470786466264,optimal
2021-02-09 02:00:00,1,99,1.3333333333333333,0.0,0.0,0.071,11.823,6.0,1,19.49410161098759,,4000.0,0.0,0.0,0.0,44.02064315679797,optimal
2021-02-09 02:30:00,1,99,1.3333333333333333,0.0,0.0,0.071,11.7705,6.0,1,19.60575729138411,,4000.0,0.0,0.0,0.0,43.976622513641175,optimal
2021-02-09 03:00:00,1,99,1.3333333333333333,0.0,0.0,0.071,11.13,6.0,1,19.716627509024807,,4000.0,0.0,0.0,0.0,43.932645891127535,optimal
2021-02-09 03:30:00,1,99,1.3333333333333333,0.0,0.0,0.071,11.6865,6.0,1,19.82672227031521,,4000.0,0.0,0.0,0.0,43.88871324523641,optimal
2021-02-09 04:00:00,1,99,1.3333333333333333,0.0,4.54979391447384,0.071,10.7205,6.0,1,19.936688429358885,,4000.0,0.0,0.0,0.0,46.005976641366246,optimal
2021-02-09 04:30:00,1,99,1.3333333333333333,0.0,0.0,0.071,11.424,6.0,1,20.046527624484607,,4000.0,0.0,0.0,0.0,45.95997066472487,optimal
2021-02-09 05:00:00,1,99,1.3333333333333333,0.0,5.0,0.071,10.689,6.0,1,20.153693572450905,,4000.0,0.0,0.0,0.0,48.289010694060146,optimal
2021-02-09 05:30:00,1,99,1.3333333333333333,0.0,0.0,0.071,11.361,6.0,1,20.258220329099302,,4000.0,0.0,0.0,0.0,48.240721683366075,optimal
2021-02-09 06:00:00,1,99,1.3333333333333333,0.0,0.0,0.071,11.571,6.0,1,20.361415466766186,,4000.0,0.0,0.0,0.0,48.192480961682705,optimal
2021-02-09 06:30:00,1,99,0.0,0.0,0.0,0.071,14.3745,6.0,1,20.463295949616228,,0.0,0.0,0.0,0.0,48.144288480721016,optimal
2021-02-09 07:00:00,1,99,1.3333333333333333,0.3096296296296296,0.0,0.101,13.23,6.0,1,20.222909587498552,,4000.0,0.0,0.0,278.66666666666663,48.096144192240295,optimal
2021-02-09 07:30:00,1,99,1.3333333333333333,0.0,0.0,0.116,13.9755,6.0,1,20.33329826996101,,4000.0,0.0,0.0,0.0,48.048048048048045,optimal
2021-02-09 08:00:00,1,99,0.0,0.6192592592592592,0.0,0.08656666666666667,14.994,6.0,1,20.45635851270035,,0.0,0.0,0.0,557.3333333333333,48.0,optimal
2021-02-09 08:30:00,1,99,1.3333333333333333,0.5418518518518518,0.0,1.502733333333333,13.671,6.0,1,20.233541127704683,,4000.0,0.0,0.0,487.6666666666667,47.92460266999155,optimal
2021-02-09 09:00:00,1,99,0.0,0.0,0.0,0.9019666666666668,15.981,6.0,1,20.43377016186328,,0.0,0.0,0.0,0.0,47.84928073731311,optimal
2021-02-09 09:30:00,1,99,0.0,2.012592592592592,0.0,0.4138,15.6345,6.0,1,20.285033718442584,,0.0,0.0,0.0,1811.333333333333,47.77403412656735,optimal
2021-02-09 10:00:00,1,99,0.0,0.0,0.0,0.2913,16.5375,6.0,1,20.12873987351273,,0.0,0.0,0.0,0.0,47.698862762432334,optimal
2021-02-09 10:30:00,1,99,0.9017463824625944,0.1548148148148148,0.0,0.233,14.7735,6.0,1,20.0,,2705.2391473877833,0.0,0.0,139.33333333333331,47.623766569661456,optimal
2021-02-09 11:00:00,1,99,0.0,0.1548148148148148,0.0,0.22790000000000002,15.2145,6.0,1,20.102726813783594,,0.0,0.0,0.0,139.33333333333331,47.54874547308334,optimal
2021-02-09 11:30:00,1,99,0.421301361238761,0.23222222222222222,0.0,0.232,14.553,6.0,1,20.0,,1263.904083716283,0.0,0.0,209.0,47.47379939760181,optimal
2021-02-09 12:00:00,1,99,0.835165426242391,0.387037037037037,0.0,0.5153,14.3325,6.0,1,20.0,,2505.496278727173,0.0,0.0,348.3333333333333,47.39892826819576,optimal
2021-02-09 12:30:00,1,99,0.0,0.0,0.0,0.337,14.595,6.0,1,20.14655014279723,,0.0,0.0,0.0,0.0,47.32413200991912,optimal
2021-02-09 13:00:00,1,99,0.0,0.1548148148148148,0.0,0.7006,14.994,6.0,1,20.058033640146625,,0.0,0.0,0.0,139.33333333333331,47.24941054790075,optimal
2021-02-09 13:30:00,1,99,0.8688122400037606,0.1548148148148148,0.0,1.0934333333333335,14.3325,6.0,1,20.0,,2606.4367200112815,0.0,0.0,139.33333333333331,47.174763807344405,optimal
2021-02-09 14:00:00,1,99,1.3333333333333333,0.0,0.0,1.2638,13.8915,6.0,1,20.14717628952561,,4000.0,0.0,0.0,0.0,47.100191713528616,optimal
2021-02-09 14:30:00,1,99,1.3333333333333333,0.0,0.0,0.428,13.8915,6.0,1,20.422935959452317,,4000.0,0.0,0.0,0.0,47.02569419180664,optimal
2021-02-09 15:00:00,1,99,1.3333333333333333,0.1548148148148148,0.0,0.4492,13.4715,6.0,1,20.672551659815337,,4000.0,0.0,0.0,139.33333333333331,46.951271167606386,optimal
2021-02-09 15:30:00,1,99,1.3333333333333333,0.0,0.0,0.5207,13.23,6.0,1,20.899812504495515,,4000.0,0.0,0.0,0.0,46.87692256643033,optimal
2021-02-09 16:00:00,1,99,1.3333333333333333,0.0,0.0,0.329,13.8915,6.0,1,21.123646673768643,,4000.0,0.0,0.0,0.0,46.80264831385545,optimal
2021-02-09 16:30:00,1,99,0.0,0.0,0.0,0.5187999999999999,26.9325,6.0,1,21.305585399818426,,0.0,0.0,0.0,0.0,46.728448335533145,optimal
2021-02-09 17:00:00,1,99,0.0,0.0,0.0,0.3375,30.303,6.0,1,21.168368062066065,,0.0,0.0,0.0,0.0,46.65432255718916,optimal
2021-02-09 17:30:00,1,99,0.0,0.3096296296296296,0.0,0.3808,32.886,6.0,1,20.98048106247197,,0.0,0.0,0.0,278.66666666666663,46.580270904623525,optimal
2021-02-09 18:00:00,1,99,0.0,0.0,0.0,0.42283333333333334,34.9965,6.0,1,20.789754504446385,,0.0,0.0,0.0,0.0,46.50629330371046,optimal
2021-02-09 18:30:00,1,99,0.0,0.0,0.0,0.34646666666666665,33.327,6.0,1,20.597003635684644,,0.0,0.0,0.0,0.0,46.4323896803983,optimal
2021-02-09 19:00:00,1,99,0.0,0.0,0.0,0.3058,31.122,6.0,1,20.398754746496888,,0.0,0.0,0.0,0.0,46.35855996070946,optimal
2021-02-09 19:30:00,1,99,0.0,0.0,0.0,0.14366666666666666,17.9025,6.0,1,20.212647516524747,,0.0,0.0,0.0,0.0,46.2848040707403,optimal
2021-02-09 20:00:00,1,99,0.9422073859371894,0.0,0.0,0.071,15.6555,6.0,1,20.0,,2826.6221578115683,0.0,0.0,0.0,46.211121936661115,optimal
2021-02-09 20:30:00,1,99,0.0,0.0,0.0,0.071,14.553,6.0,1,20.0,,0.0,0.0,0.0,0.0,46.13751348471601,optimal
2021-02-09 21:00:00,1,99,0.0,0.0,0.0,0.071,14.3325,6.0,1,19.758228582725554,,0.0,0.0,0.0,0.0,46.063978641222846,optimal
2021-02-09 21:30:00,1,99,0.0,0.0,0.0,0.071,13.335,6.0,1,19.518263262916786,,0.0,0.0,0.0,0.0,45.99051733257318,optimal
2021-02-09 22:00:00,1,99,0.0,0.0,0.0,0.071,12.1275,6.0,1,19.27880708143935,,0.0,0.0,0.0,0.0,45.91712948523215,optimal
2021-02-09 22:30:00,1,99,0.0,0.0,0.0,0.071,12.2955,6.0,1,19.039853552123695,,0.0,0.0,0.0,0.0,45.84381502573847,optimal
2021-02-09 23:00:00,1,99,0.0,0.0,0.0,0.072,11.6865,6.0,1,18.804581147304283,,0.0,0.0,0.0,0.0,45.79797121071273,optimal
2021-02-09 23:30:00,1,99,0.0,0.0,0.0,0.0755,11.466,6.0,1,18.592923293612035,,0.0,0.0,0.0,0.0,45.75217323950202,optimal
2021-02-10 00:00:00,1,99,1.3333333333333333,0.0,0.0,0.063,11.907,6.0,2,18.592923293612035,,4000.0,0.0,0.0,0.0,45.70642106626252,optimal
2021-02-10 00:30:00,1,99,1.3333333333333333,0.0,0.0,0.063,11.7075,6.0,2,18.714930229066145,,4000.0,0.0,0.0,0.0,45.66071464519626,optimal
2021-02-10 01:00:00,1,99,1.3333333333333333,0.0,0.0,0.063,10.8045,6.0,2,18.834108906390405,,4000.0,0.0,0.0,0.0,45.61505393055106,optimal
2021-02-10 01:30:00,1,99,1.3333333333333333,0.0,0.0,0.063,11.508,6.0,2,18.950495356189144,,4000.0,0.0,0.0,0.0,45.56943887662051,optimal
2021-02-10 02:00:00,1,99,1.3333333333333333,0.0,0.0,0.063,11.508,6.0,2,19.064125150054675,,4000.0,0.0,0.0,0.0,45.52386943774389,optimal
2021-02-10 02:30:00,1,99,1.3333333333333333,0.0,0.0,0.063,11.508,6.0,2,19.17503340641489,,4000.0,0.0,0.0,0.0,45.478345568306146,optimal
2021-02-10 03:00:00,1,99,1.3333333333333333,0.0,0.0,0.063,11.844,6.0,2,19.284528746655724,,4000.0,0.0,0.0,0.0,45.43286722273784,optimal
2021-02-10 03:30:00,1,99,1.3333333333333333,0.0,0.0,0.063,11.508,6.0,2,19.39262917062701,,4000.0,0.0,0.0,0.0,45.387434355515104,optimal
2021-02-10 04:00:00,1,99,1.3333333333333333,0.0,0.0,0.063,11.508,6.0,2,19.49935244886944,,4000.0,0.0,0.0,0.0,45.342046921159586,optimal
2021-02-10 04:30:00,1,99,1.3333333333333333,0.0,5.0,0.063,10.4475,6.0,2,19.60471612553584,,4000.0,0.0,0.0,0.0,47.67170487423843,optimal
2021-02-10 05:00:00,1,99,1.3333333333333333,0.0,0.0,0.063,10.8675,6.0,2,19.707463570925867,,4000.0,0.0,0.0,0.0,47.62403316936419,optimal
2021-02-10 05:30:00,1,99,1.3333333333333333,0.46444444444444444,1.094179065358883,0.06233333333333334,10.542,6.0,2,19.807628114527002,,4000.0,0.0,0.0,418.0,48.096144192240295,optimal
2021-02-10 06:00:00,1,99,1.3333333333333333,0.6192592592592592,0.0,0.2894,11.025,6.0,2,19.909576221554804,,4000.0,0.0,0.0,557.3333333333333,48.048048048048045,optimal
2021-02-10 06:30:00,1,99,1.3333333333333333,0.23222222222222222,0.0,0.0999,11.025,6.0,2,20.04996728371157,,4000.0,0.0,0.0,209.0,48.0,optimal
2021-02-10 07:00:00,1,99,1.3333333333333333,0.6192592592592592,0.0,0.21016666666666664,14.553,6.0,2,20.171651313075113,,4000.0,0.0,0.0,557.3333333333333,47.82595479081328,optimal
2021-02-10 07:30:00,1,99,1.3333333333333333,0.6192592592592592,0.0,0.162,13.0935,6.0,2,20.306276432042644,,4000.0,0.0,0.0,557.3333333333333,47.65208362683574,optimal
2021-02-10 08:00:00,1,99,1.3333333333333333,0.0,0.0,0.063,15.6345,6.0,2,20.436628344730778,,4000.0,0.0,0.0,0.0,47.47838633402218,optimal
2021-02-10 08:30:00,1,99,0.0,0.0,0.0,0.067,18.102,6.0,2,20.51514497645644,,0.0,0.0,0.0,0.0,47.30486273850144,optimal
2021-02-10 09:00:00,1,99,1.0419523039940923,0.0,0.0,0.06833333333333333,17.199,6.0,2,20.25487728295084,,3125.856911982277,0.0,0.0,0.0,47.13151266657622,optimal
2021-02-10 09:30:00,1,99,0.0,0.0,0.0,0.063,18.2805,6.0,2,20.285607470846127,,0.0,0.0,0.0,0.0,46.958335944722926,optimal
2021-02-10 10:00:00,1,99,1.3333333333333333,0.0,0.0,0.063,17.4615,6.0,2,20.052536817355918,,4000.0,0.0,0.0,0.0,46.78533239959148,optimal
2021-02-10 10:30:00,1,99,0.0,0.0,0.0,0.063,18.3225,6.0,2,20.19639527005925,,0.0,0.0,0.0,0.0,46.61250185800517,optimal
2021-02-10 11:00:00,1,99,0.6679394205092613,0.0,0.0,0.063,17.094,6.0,2,20.0,,2003.8182615277838,0.0,0.0,0.0,46.43984414696044,optimal
2021-02-10 11:30:00,1,99,0.6629484098186187,0.0,0.0,0.07066666666666667,17.094,6.0,2,20.0,,1988.8452294558558,0.0,0.0,0.0,46.26735909362676,optimal
2021-02-10 12:00:00,1,99,1.105380855630379,0.0,0.0,0.063,17.094,6.0,2,20.0,,3316.1425668911374,0.0,0.0,0.0,46.09504652534641,optimal
2021-02-10 12:30:00,1,99,0.0,0.0,0.0,0.063,17.3565,6.0,2,20.14197802847786,,0.0,0.0,0.0,0.0,45.922906269634346,optimal
2021-02-10 13:00:00,1,99,0.5672823652924466,0.0,0.0,0.063,17.115,6.0,2,20.0,,1701.8470958773396,0.0,0.0,0.0,45.750938154177994,optimal
2021-02-10 13:30:00,1,99,0.5111736772444949,0.0,0.0,0.10529999999999999,17.241,6.0,2,20.0,,1533.5210317334847,0.0,0.0,0.0,45.579142006837095,optimal
2021-02-10 14:00:00,1,99,1.3333333333333333,0.0,0.0,1.5595666666666665,17.094,6.0,2,20.0,,4000.0,0.0,0.0,0.0,45.40751765564354,optimal
2021-02-10 14:30:00,1,99,1.3333333333333333,0.0,0.0,0.17283333333333334,16.5165,6.0,2,20.243299199294093,,4000.0,0.0,0.0,0.0,45.23606492880118,optimal
2021-02-10 15:00:00,1,99,0.49481885439831286,0.1548148148148148,0.0,0.19683333333333328,17.8185,6.0,2,20.474699604684726,,1484.4565631949386,0.0,0.0,139.33333333333331,45.064783654685655,optimal
2021-02-10 15:30:00,1,99,1.3333333333333333,0.0,0.0,0.5731,17.094,6.0,2,20.504303961647786,,4000.0,0.0,0.0,0.0,44.89367366184425,optimal
2021-02-10 16:00:00,1,99,1.3333333333333333,0.0,0.0,0.23376666666666668,16.8945,6.0,2,20.766903383946104,,4000.0,0.0,0.0,0.0,44.72273477899568,optimal
2021-02-10 16:30:00,1,99,1.3333333333333333,0.0,0.0,0.17566666666666667,18.123,6.0,2,20.93429167362529,,4000.0,0.0,0.0,0.0,44.551966835029965,optimal
2021-02-10 17:00:00,1,99,0.0,0.6192592592592592,0.0,0.49360000000000004,31.647,6.0,2,21.11001845093017,,0.0,0.0,0.0,557.3333333333333,44.381369659008215,optimal
2021-02-10 17:30:00,1,99,0.0,0.23222222222222222,0.0,0.32503333333333334,34.9965,6.0,2,20.93171195860571,,0.0,0.0,0.0,209.0,44.21094308016249,optimal
2021-02-10 18:00:00,1,99,0.0,0.3096296296296296,0.0,0.24066666666666664,34.9965,6.0,2,20.754742778408552,,0.0,0.0,0.0,278.66666666666663,44.04068692789561,optimal
2021-02-10 18:30:00,1,99,0.0,0.0,0.0,0.2306,34.9965,6.0,2,20.560959250538083,,0.0,0.0,0.0,0.0,43.87060103178099,optimal
2021-02-10 19:00:00,1,99,0.0,0.1548148148148148,0.0,1.1350666666666667,34.9965,6.0,2,20.3589785274056,,0.0,0.0,0.0,139.33333333333331,43.70068522156249,optimal
2021-02-10 19:30:00,1,99,0.0,0.23222222222222222,0.0,2.659866666666667,34.9965,6.0,2,20.17153370943037,,0.0,0.0,0.0,209.0,43.65698453634092,optimal
2021-02-10 20:00:00,1,99,0.0,4.173574819587998,0.0,1.8490333333333333,27.741,6.0,2,20.0,,0.0,2153.8840042958655,0.0,1602.3333333333333,43.61332755180458,optimal
2021-02-10 20:30:00,1,99,0.0,0.0,0.0,0.2292,19.026,6.0,2,20.0,,0.0,0.0,0.0,0.0,43.56971422425278,optimal
2021-02-10 21:00:00,1,99,0.0,0.0,0.0,0.3803333333333333,18.7215,6.0,2,19.78642378150185,,0.0,0.0,0.0,0.0,43.52614451002852,optimal
2021-02-10 21:30:00,1,99,0.0,0.0,0.0,0.38539999999999996,17.4195,6.0,2,19.59597246642482,,0.0,0.0,0.0,0.0,43.4826183655185,optimal
2021-02-10 22:00:00,1,99,0.0,0.0774074074074074,0.0,0.2813333333333333,16.758,6.0,2,19.394287987652817,,0.0,0.0,0.0,69.66666666666666,43.43913574715298,optimal
2021-02-10 22:30:00,1,99,0.0,0.6192592592592592,0.0,0.24946666666666667,14.217,6.0,2,19.161984067635682,,0.0,0.0,0.0,557.3333333333333,43.39569661140583,optimal
2021-02-10 23:00:00,1,99,0.0,0.3096296296296296,0.0,0.24869999999999998,13.3665,6.0,2,18.937236965900304,,0.0,0.0,0.0,278.66666666666663,43.35230091479443,optimal
2021-02-10 23:30:00,1,99,0.0,0.0,0.0,0.073,12.789,6.0,2,18.70095421659756,,0.0,0.0,0.0,0.0,43.30894861387963,optimal
2021-02-11 00:00:00,1,99,1.3333333333333333,0.0,0.0,0.051333333333333335,11.2455,6.0,2,18.70095421659756,,4000.0,0.0,0.0,0.0,43.26563966526575,optimal
2021-02-11 00:30:00,1,99,1.3333333333333333,0.0,0.0,0.048,11.2455,6.0,2,18.76803414104986,,4000.0,0.0,0.0,0.0,43.22237402560049,optimal
2021-02-11 01:00:00,1,99,1.3333333333333333,0.0,0.0,0.048,11.025,6.0,2,18.835533450919616,,4000.0,0.0,0.0,0.0,43.179151651574884,optimal
2021-02-11 01:30:00,1,99,1.3333333333333333,0.0,0.0,0.048,12.0855,6.0,2,18.903446803444833,,4000.0,0.0,0.0,0.0,43.13597249992331,optimal
2021-02-11 02:00:00,1,99,1.3333333333333333,0.0,0.0,0.048,11.6865,6.0,2,18.970494973578287,,4000.0,0.0,0.0,0.0,43.09283652742339,optimal
2021-02-11 02:30:00,1,99,1.3333333333333333,0.0,0.0,0.048,11.2245,6.0,2,19.036688983314075,,4000.0,0.0,0.0,0.0,43.049743690895966,optimal
2021-02-11 03:00:00,1,99,1.3333333333333333,0.0,0.0,0.048,11.025,6.0,2,19.1007657638822,,4000.0,0.0,0.0,0.0,43.00669394720507,optimal
2021-02-11 03:30:00,1,99,1.3333333333333333,0.0,1.181142123593962,0.048,10.7835,6.0,2,19.16275228773104,,4000.0,0.0,0.0,0.0,43.52472976196499,optimal
2021-02-11 04:00:00,1,99,1.3333333333333333,0.0,0.0,0.048,11.025,6.0,2,19.22713400991617,,4000.0,0.0,0.0,0.0,43.48120503220302,optimal
2021-02-11 04:30:00,1,99,1.3333333333333333,0.0,5.0,0.048,10.584,6.0,2,19.293880416800025,,4000.0,0.0,0.0,0.0,45.812723827170814,optimal
2021-02-11 05:00:00,1,99,1.3333333333333333,0.0,0.0,0.048,11.025,6.0,2,19.35977650760019,,4000.0,0.0,0.0,0.0,45.76691110334364,optimal
2021-02-11 05:30:00,1,99,1.3333333333333333,0.0,5.0,0.048,10.4265,6.0,2,19.424833114921384,,4000.0,0.0,0.0,0.0,48.096144192240295,optimal
2021-02-11 06:00:00,1,99,1.3333333333333333,0.0,0.0,0.048,12.789,6.0,2,19.492245809239748,,4000.0,0.0,0.0,0.0,48.048048048048045,optimal
2021-02-11 06:30:00,1,99,1.3333333333333333,0.0,0.0,0.04733333333333334,12.684,6.0,2,19.561984575176755,,4000.0,0.0,0.0,0.0,48.0,optimal
2021-02-11 07:00:00,1,99,1.3333333333333333,2.012592592592592,0.0,0.0681,16.254,6.0,2,19.640457726035464,,4000.0,0.0,0.0,1811.333333333333,47.88695415527048,optimal
2021-02-11 07:30:00,1,99,1.3333333333333333,0.5552315479780497,0.0,1.2976666666666667,17.64,6.0,2,19.77294009345783,,4000.0,430.04172651357817,0.0,69.66666666666666,47.77402135638569,optimal
2021-02-11 08:00:00,1,99,1.3333333333333333,0.0774074074074074,0.0,0.663,19.1625,6.0,2,20.0,,4000.0,0.0,0.0,69.66666666666666,47.66120149029978,optimal
2021-02-11 08:30:00,1,99,0.0,0.9481319300161034,0.0,0.24066666666666664,26.46,6.0,2,20.171271436659314,,0.0,504.9854036811598,0.0,348.3333333333333,47.548494444079964,optimal
2021-02-11 09:00:00,1,99,0.0,2.018547641734815,0.0,0.4014,20.79,6.0,2,20.0,,0.0,1816.6928775613335,0.0,0.0,47.435900104906366,optimal
2021-02-11 09:30:00,1,99,0.0,2.440412424119729,0.0,0.144,29.106,6.0,2,20.0,,0.0,2196.371181707756,0.0,0.0,47.32341836007194,optimal
2021-02-11 10:00:00,1,99,1.3333333333333333,0.0,0.0,0.058,19.1835,6.0,2,20.0,,4000.0,0.0,0.0,0.0,47.21104909698235,optimal
2021-02-11 10:30:00,1,99,0.16154861939271795,0.0,0.0,0.058,19.6665,6.0,2,20.15435346628678,,484.6458581781538,0.0,0.0,0.0,47.09879220315585,optimal
2021-02-11 11:00:00,1,99,0.6758120600956642,0.0,0.0,0.058,19.404,6.0,2,20.0,,2027.4361802869926,0.0,0.0,0.0,46.986647566223176,optimal
2021-02-11 11:30:00,1,99,0.6383794799158308,0.0,0.0,0.058,19.047,6.0,2,20.0,,1915.1384397474924,0.0,0.0,0.0,46.87461507392744,optimal
2021-02-11 12:00:00,1,99,1.0020903244003927,0.0,0.0,0.058,18.858,6.0,2,20.0,,3006.270973201178,0.0,0.0,0.0,46.762694614123994,optimal
2021-02-11 12:30:00,1,99,0.0,0.0,0.0,0.058,19.2675,6.0,2,20.124544239966767,,0.0,0.0,0.0,0.0,46.65088607478035,optimal
2021-02-11 13:00:00,1,99,0.4984983895971757,0.0,0.0,0.058,18.963,6.0,2,20.0,,1495.495168791527,0.0,0.0,0.0,46.539189343976055,optimal
2021-02-11 13:30:00,1,99,0.9778309276539943,0.0,0.0,0.058,18.438,6.0,2,20.0,,2933.492782961983,0.0,0.0,0.0,46.42760430990256,optimal
2021-02-11 14:00:00,1,99,0.0,0.0,0.0,0.058,18.7425,6.0,2,20.123623088063642,,0.0,0.0,0.0,0.0,46.31613086086314,optimal
2021-02-11 14:30:00,1,99,1.3333333333333333,0.0,0.0,0.058,15.2145,6.0,2,20.0,,4000.0,0.0,0.0,0.0,46.204768885272756,optimal
2021-02-11 15:00:00,1,99,1.3333333333333333,0.0,0.0,0.058,17.7765,6.0,2,20.213824945501663,,4000.0,0.0,0.0,0.0,46.09351827165796,optimal
2021-02-11 15:30:00,1,99,1.3333333333333333,0.0,0.0,0.058,16.758,6.0,2,20.39765297064607,,4000.0,0.0,0.0,0.0,45.982378908656784,optimal
2021-02-11 16:00:00,1,99,1.3333333333333333,0.0,0.0,0.058,16.422,6.0,2,20.564488689004122,,4000.0,0.0,0.0,0.0,45.87135068501861,optimal
2021-02-11 16:30:00,1,99,1.3333333333333333,0.0,0.0,0.058,16.758,6.0,2,20.68545236827982,,4000.0,0.0,0.0,0.0,45.760433489604075,optimal
2021-02-11 17:00:00,1,99,0.0,0.0,0.0,0.058,29.358,6.0,2,20.793409477196416,,0.0,0.0,0.0,0.0,45.64962721138495,optimal
2021-02-11 17:30:00,1,99,0.0,0.0774074074074074,0.0,0.2164,34.9965,6.0,2,20.51248477007267,,0.0,0.0,0.0,69.66666666666666,45.53893173944405,optimal
2021-02-11 18:00:00,1,99,0.0,0.24248159270170636,0.0,0.234,34.65,6.0,2,20.257843699275124,,0.0,78.90010009820243,0.0,139.33333333333331,45.42834696297509,optimal
2021-02-11 18:30:00,1,99,0.0,3.557696604567732,0.0,0.21846666666666667,34.9965,6.0,2,20.0,,0.0,2505.260277444292,0.0,696.6666666666666,45.317872771282595,optimal
2021-02-11 19:00:00,1,99,0.0,2.800923388950841,0.0,0.23366666666666663,34.9965,6.0,2,20.0,,0.0,2520.831050055757,0.0,0.0,45.20750905378179,optimal
2021-02-11 19:30:00,1,99,0.0,7.2256836740346895,0.0,2.0945,30.4815,6.0,2,20.0,,0.0,1417.448639964555,0.0,5085.666666666666,45.09725569999849,optimal
2021-02-11 20:00:00,1,99,0.0,3.0925476628223,0.0,0.3609333333333333,21.4305,6.0,2,20.0,,0.0,2783.29289654007,0.0,0.0,44.987112599568974,optimal
2021-02-11 20:30:00,1,99,0.0,0.0,0.0,0.32126666666666664,14.3325,6.0,2,20.0,,0.0,0.0,0.0,0.0,44.877079642239885,optimal
2021-02-11 21:00:00,1,99,0.0,0.0,0.0,0.5549,13.692,6.0,2,19.759292289602307,,0.0,0.0,0.0,0.0,44.832202562597644,optimal
2021-02-11 21:30:00,1,99,0.0,0.0,0.0,0.5834,14.007,6.0,2,19.586042424914396,,0.0,0.0,0.0,0.0,44.78737036003505,optimal
2021-02-11 22:00:00,1,99,0.0,0.23222222222222222,0.0,0.2983,12.873,6.0,2,19.445102517119764,,0.0,0.0,0.0,209.0,44.742582989675014,optimal
2021-02-11 22:30:00,1,99,0.0,0.0,0.0,0.43639999999999995,12.684,6.0,2,19.279282237578215,,0.0,0.0,0.0,0.0,44.69784040668534,optimal
2021-02-11 23:00:00,1,99,0.0,0.0,0.0,0.219,12.306,6.0,2,19.0991898647206,,0.0,0.0,0.0,0.0,44.65314256627865,optimal
2021-02-11 23:30:00,1,99,0.0,0.0,0.0,0.187,10.6365,6.0,2,18.89269003696774,,0.0,0.0,0.0,0.0,44.60848942371238,optimal
2021-02-12 00:00:00,1,99,1.3333333333333333,0.0,0.0,0.1635,11.025,6.0,-2,18.89269003696774,,4000.0,0.0,0.0,0.0,44.56388093428867,optimal
2021-02-12 00:30:00,1,99,1.3333333333333333,0.0,0.0,0.11633333333333332,10.3635,6.0,-2,18.96063108419879,,4000.0,0.0,0.0,0.0,44.51931705335438,optimal
2021-02-12 01:00:00,1,99,1.3333333333333333,0.0,0.0,0.123,10.8045,6.0,-2,19.00081186284316,,4000.0,0.0,0.0,0.0,44.47479773630102,optimal
2021-02-12 01:30:00,1,99,1.3333333333333333,0.0,0.0,0.14233333333333334,10.059,6.0,-2,19.029788662479216,,4000.0,0.0,0.0,0.0,44.43032293856472,optimal
2021-02-12 02:00:00,1,99,1.3333333333333333,0.0,0.0,0.13433333333333333,10.584,6.0,-2,19.061315200245733,,4000.0,0.0,0.0,0.0,44.385892615626155,optimal
2021-02-12 02:30:00,1,99,1.3333333333333333,0.0,5.0,0.189,9.4185,6.0,-2,19.09303339199755,,4000.0,0.0,0.0,0.0,46.716506723010525,optimal
2021-02-12 03:00:00,1,99,1.3333333333333333,0.0,0.0,0.15366666666666665,10.3635,6.0,-2,19.132820564277537,,4000.0,0.0,0.0,0.0,46.66979021628752,optimal
2021-02-12 03:30:00,1,99,1.3333333333333333,0.0,3.1011026656190817,0.093,9.8385,6.0,-2,19.17291645311198,,4000.0,0.0,0.0,0.0,48.096144192240295,optimal
2021-02-12 04:00:00,1,99,1.3333333333333333,0.0,0.0,0.153,11.067,6.0,-2,19.216257491236917,,4000.0,0.0,0.0,0.0,48.048048048048045,optimal
2021-02-12 04:30:00,1,99,1.3333333333333333,0.387037037037037,0.0,0.11633333333333332,10.8465,6.0,-2,19.273069017946234,,4000.0,0.0,0.0,348.3333333333333,48.0,optimal
2021-02-12 05:00:00,1,99,1.3333333333333333,0.1548148148148148,0.0,0.3451666666666667,13.671,6.0,-2,19.336769840599896,,4000.0,0.0,0.0,139.33333333333331,47.70978353209983,optimal
2021-02-12 05:30:00,1,99,1.3333333333333333,0.23222222222222222,0.0,0.3368333333333333,12.348,6.0,-2,19.454904487313307,,4000.0,0.0,0.0,209.0,47.41985728066756,optimal
2021-02-12 06:00:00,1,99,1.3333333333333333,0.1548148148148148,0.0,0.11120000000000001,14.3325,6.0,-2,19.576620780631774,,4000.0,0.0,0.0,139.33333333333331,47.13022095548672,optimal
2021-02-12 06:30:00,1,99,1.3333333333333333,0.0774074074074074,0.0,0.2801666666666667,15.393,6.0,-2,19.685211006466055,,4000.0,0.0,0.0,69.66666666666666,46.84087426663106,optimal
2021-02-12 07:00:00,1,99,1.3333333333333333,0.0,0.0,0.09566666666666669,13.587,6.0,-2,19.785589060268602,,4000.0,0.0,0.0,0.0,46.55181692446426,optimal
2021-02-12 07:30:00,1,99,1.3333333333333333,1.0528288558002177,0.0,0.14166666666666666,16.1385,6.0,-2,19.856741962727952,,4000.0,947.545970220196,0.0,0.0,46.26304863963963,optimal
2021-02-12 08:00:00,1,99,1.1481167941375532,0.0,0.0,0.115,14.595,6.0,-2,20.0,,3444.350382412659,0.0,0.0,0.0,45.97456912309982,optimal
2021-02-12 08:30:00,1,99,1.1418765932966224,0.0,0.0,0.15833333333333335,14.637,6.0,-2,20.0,,3425.629779889867,0.0,0.0,0.0,45.68637808607655,optimal
2021-02-12 09:00:00,1,99,1.0481104454383947,0.0,0.0,0.189,13.9125,6.0,-2,20.0,,3144.3313363151838,0.0,0.0,0.0,45.398475240090306,optimal
2021-02-12 09:30:00,1,99,1.010511000182689,0.0,0.0,0.15366666666666665,13.3665,6.0,-2,20.0,,3031.533000548067,0.0,0.0,0.0,45.110860296950044,optimal
2021-02-12 10:00:00,1,99,1.3333333333333333,0.0,0.0,0.08733333333333333,13.0095,6.0,-2,20.015423422253388,,4000.0,0.0,0.0,0.0,44.82353296875292,optimal
2021-02-12 10:30:00,1,99,0.0,0.0,0.0,0.26766666666666666,13.8915,6.0,-2,20.168619784572353,,0.0,0.0,0.0,0.0,44.536492967883994,optimal
2021-02-12 11:00:00,1,99,0.589050655795167,0.0,0.0,0.057,13.188,6.0,-2,20.0,,1767.1519673855012,0.0,0.0,0.0,44.24974000701594,optimal
2021-02-12 11:30:00,1,99,0.5425551504498501,0.0,0.0,0.189,12.5685,6.0,-2,20.0,,1627.6654513495503,0.0,0.0,0.0,43.96327379910875,optimal
2021-02-12 12:00:00,1,99,0.791063030068888,0.0,0.0,0.15366666666666665,12.285,6.0,-2,20.0,,2373.189090206664,0.0,0.0,0.0,43.67709405740947,optimal
2021-02-12 12:30:00,1,99,1.3333333333333333,0.0,0.0,0.093,11.487,6.0,-2,20.071642528864956,,4000.0,0.0,0.0,0.0,43.39120049545189,optimal
2021-02-12 13:00:00,1,99,1.3333333333333333,0.0,0.0,0.2911666666666667,11.802,6.0,-2,20.276261578819046,,4000.0,0.0,0.0,0.0,43.10559282705627,optimal
2021-02-12 13:30:00,1,99,1.3333333333333333,0.0774074074074074,0.0,2.697333333333333,11.2245,6.0,-2,20.508439862660502,,4000.0,0.0,0.0,69.66666666666666,42.820270766329045,optimal
2021-02-12 14:00:00,1,99,1.3333333333333333,0.0774074074074074,0.0,3.097,11.025,6.0,-2,20.80853730347583,,4000.0,0.0,0.0,69.66666666666666,42.53523402766255,optimal
2021-02-12 14:30:00,1,99,1.3333333333333333,0.0774074074074074,0.0,0.6954666666666667,11.907,6.0,-2,21.097213895044703,,4000.0,0.0,0.0,69.66666666666666,42.250482325734716,optimal
2021-02-12 15:00:00,1,99,0.0,0.1548148148148148,0.0,0.127,25.83,6.0,-2,21.33820118634045,,0.0,0.0,0.0,139.33333333333331,41.96601537550881,optimal
2021-02-12 15:30:00,1,99,0.0,0.0,0.0,0.1715,28.035,6.0,-2,21.20594871283413,,0.0,0.0,0.0,0.0,41.68183289223313,optimal
2021-02-12 16:00:00,1,99,0.0,0.1548148148148148,0.0,0.2365,28.119,6.0,-2,21.08802500827077,,0.0,0.0,0.0,139.33333333333331,41.39793459144073,optimal
2021-02-12 16:30:00,1,99,0.0,0.0,0.0,0.199,30.156,6.0,-2,20.925852084696462,,0.0,0.0,0.0,0.0,41.114320188949115,optimal
2021-02-12 17:00:00,1,99,0.0,0.0,0.0,0.067,29.1585,6.0,-2,20.721097657535864,,0.0,0.0,0.0,0.0,40.83098940086,optimal
2021-02-12 17:30:00,1,99,0.0,0.0,0.0,0.20416666666666664,26.712,6.0,-2,20.474141411034164,,0.0,0.0,0.0,0.0,40.54794194355897,optimal
2021-02-12 18:00:00,1,99,0.0,0.0,0.0,0.1893333333333333,15.435,6.0,-2,20.240727864380293,,0.0,0.0,0.0,0.0,40.26517753371524,optimal
2021-02-12 18:30:00,1,99,0.8969241093000729,0.0,0.0,0.094,13.566,6.0,-2,20.0,,2690.772327900219,0.0,0.0,0.0,39.982695888281356,optimal
2021-02-12 19:00:00,1,99,0.9889996066030478,5.263703703703704,0.0,0.44646666666666657,12.789,6.0,-2,20.0,,2966.9988198091432,0.0,0.0,4737.333333333333,39.7004967244929,optimal
2021-02-12 19:30:00,1,99,1.3333333333333333,0.0774074074074074,0.0,0.2255,12.1275,6.0,-2,20.05305264600348,,4000.0,0.0,0.0,69.66666666666666,39.41857975986824,optimal
2021-02-12 20:00:00,1,99,0.0,0.0,0.0,0.2512333333333333,13.671,6.0,-2,20.190517649420137,,0.0,0.0,0.0,0.0,39.37916118010837,optimal
2021-02-12 20:30:00,1,99,0.0,0.387037037037037,0.0,0.33866666666666667,10.668,6.0,-2,20.0,,0.0,0.0,0.0,348.3333333333333,39.33978201892826,optimal
2021-02-12 21:00:00,1,99,0.0,0.0,0.0,0.39380000000000004,11.7285,6.0,-2,19.828492731406968,,0.0,0.0,0.0,0.0,39.30044223690933,optimal
2021-02-12 21:30:00,1,99,0.0,0.0,0.0,0.243,11.025,6.0,-2,19.667009965478005,,0.0,0.0,0.0,0.0,39.261141794672426,optimal
2021-02-12 22:00:00,1,99,0.0,0.0,0.0,0.1888333333333333,10.689,6.0,-2,19.47295448531591,,0.0,0.0,0.0,0.0,39.22188065287775,optimal
2021-02-12 22:30:00,1,99,0.0,0.0,0.0,0.13783333333333334,8.1585,6.0,-2,19.24441564938011,,0.0,0.0,0.0,0.0,39.182658772224876,optimal
2021-02-12 23:00:00,1,99,0.0,0.0,0.0,0.1813333333333333,10.3635,6.0,-2,19.014449052214584,,0.0,0.0,0.0,0.0,39.14347611345265,optimal
2021-02-12 23:30:00,1,99,0.0,0.0,0.0,0.118,10.8045,6.0,-2,18.791113225414996,,0.0,0.0,0.0,0.0,39.1043326373392,optimal
2021-02-13 00:00:00,1,99,1.3333333333333333,0.0,0.0,0.29146666666666665,9.3975,6.0,0,18.791113225414996,,4000.0,0.0,0.0,0.0,39.06522830470186,optimal
2021-02-13 00:30:00,1,99,0.0,0.0,0.0,0.1803333333333333,10.059,6.0,0,18.922330145051156,,0.0,0.0,0.0,0.0,39.02616307639716,optimal
2021-02-13 01:00:00,1,99,1.3333333333333333,0.0,0.0,0.12840000000000001,9.261,6.0,0,18.701476998192877,,4000.0,0.0,0.0,0.0,38.98713691332076,optimal
2021-02-13 01:30:00,1,99,1.3333333333333333,0.0,5.0,0.07753333333333333,8.1585,6.0,0,18.819987705651155,,4000.0,0.0,0.0,0.0,41.32314977640744,optimal
2021-02-13 02:00:00,1,99,1.3333333333333333,0.0,0.0,0.2312,9.4815,6.0,0,18.9332977325826,,4000.0,0.0,0.0,0.0,41.28182662663103,optimal
2021-02-13 02:30:00,1,99,1.3333333333333333,0.0,0.0,0.063,8.379,6.0,0,19.058875640784336,,4000.0,0.0,0.0,0.0,41.2405448000044,optimal
2021-02-13 03:00:00,1,99,1.3333333333333333,0.0,0.0,0.1627333333333333,9.5235,6.0,0,19.168542789740567,,4000.0,0.0,0.0,0.0,41.199304255204396,optimal
2021-02-13 03:30:00,1,99,1.3333333333333333,0.0,5.0,0.146,8.1375,6.0,0,19.28529844394763,,4000.0,0.0,0.0,0.0,43.533104950949195,optimal
2021-02-13 04:00:00,1,99,1.3333333333333333,0.0,0.0,0.10406666666666667,10.0905,6.0,0,19.398505991870007,,4000.0,0.0,0.0,0.0,43.48957184599825,optimal
2021-02-13 04:30:00,1,99,1.3333333333333333,0.0,5.0,0.16106666666666666,7.539,6.0,0,19.50606654325303,,4000.0,0.0,0.0,0.0,45.82108227415225,optimal
2021-02-13 05:00:00,1,99,1.3333333333333333,0.0,5.0,0.11246666666666669,7.938,6.0,0,19.615832606739673,,4000.0,0.0,0.0,0.0,48.1502611918781,optimal
2021-02-13 05:30:00,1,99,1.3333333333333333,0.0,0.3934731860503635,0.17446666666666666,8.274,6.0,0,19.718791321376898,,4000.0,0.0,0.0,0.0,48.289010694060146,optimal
2021-02-13 06:00:00,1,99,1.3333333333333333,0.0,0.0,0.1364,9.261,6.0,0,19.824439588186817,,4000.0,0.0,0.0,0.0,48.240721683366075,optimal
2021-02-13 06:30:00,1,99,1.3333333333333333,0.0,0.0,0.073,9.9225,6.0,0,19.923548508409052,,4000.0,0.0,0.0,0.0,48.192480961682705,optimal
2021-02-13 07:00:00,1,99,1.3333333333333333,0.0,0.0,0.11259999999999999,9.702,6.0,0,20.015193427425697,,4000.0,0.0,0.0,0.0,48.144288480721016,optimal
2021-02-13 07:30:00,1,99,1.3333333333333333,0.0,0.0,0.16246666666666668,10.584,6.0,0,20.109027088867833,,4000.0,0.0,0.0,0.0,48.096144192240295,optimal
2021-02-13 08:00:00,1,99,1.3333333333333333,0.0,0.0,0.3674666666666666,10.143,6.0,0,20.205498073991915,,4000.0,0.0,0.0,0.0,48.048048048048045,optimal
2021-02-13 08:30:00,1,99,0.0,0.0,0.0,0.324,13.0095,6.0,0,20.329427643519622,,0.0,0.0,0.0,0.0,48.0,optimal
2021-02-13 09:00:00,1,99,1.3333333333333333,0.0,0.0,0.4721666666666667,11.025,6.0,0,20.123217951402548,,4000.0,0.0,0.0,0.0,47.39631660280226,optimal
2021-02-13 09:30:00,1,99,0.0,6.347407407407407,0.0,0.418,12.789,6.0,0,20.288240404368427,,0.0,0.0,0.0,5712.666666666666,46.79323688900172,optimal
2021-02-13 10:00:00,1,99,1.3333333333333333,1.548148148148148,0.0,0.5206333333333333,12.1275,6.0,0,20.100488106635225,,4000.0,0.0,0.0,1393.3333333333333,46.19076025491498,optimal
2021-02-13 10:30:00,1,99,1.3333333333333333,0.0774074074074074,0.0,0.6769,12.1695,6.0,0,20.284863015869455,,4000.0,0.0,0.0,69.66666666666666,45.58888609746232,optimal
2021-02-13 11:00:00,1,99,1.3333333333333333,0.387037037037037,0.0,0.7602000000000001,12.306,6.0,0,20.47713476123412,,4000.0,0.0,0.0,348.3333333333333,44.98761381416712,optimal
2021-02-13 11:30:00,1,99,0.0,2.1674074074074072,0.0,0.3964,13.23,6.0,0,20.710390428235616,,0.0,0.0,0.0,1950.6666666666667,44.386942803155215,optimal
2021-02-13 12:00:00,1,99,0.0,0.0,0.0,0.1286,13.671,6.0,0,20.570026353964085,,0.0,0.0,0.0,0.0,43.78687246315432,optimal
2021-02-13 12:30:00,1,99,0.0,0.0,0.0,0.2157666666666667,13.9335,6.0,0,20.415512168386936,,0.0,0.0,0.0,0.0,43.187402193493426,optimal
2021-02-13 13:00:00,1,99,0.6244123709311338,0.0,0.0,0.11296666666666669,13.293,6.0,0,20.267487701313353,,1873.2371127934014,0.0,0.0,0.0,42.58853139410219,optimal
2021-02-13 13:30:00,1,99,1.3333333333333333,0.0,0.0,0.13166666666666665,12.1065,6.0,0,20.27986980136356,,4000.0,0.0,0.0,0.0,41.99025946551035,optimal
2021-02-13 14:00:00,1,99,1.3333333333333333,0.0,0.0,0.13166666666666665,11.571,6.0,0,20.47591050895681,,4000.0,0.0,0.0,0.0,41.3925858088471,optimal
2021-02-13 14:30:00,1,99,1.3333333333333333,0.0,0.0,0.13166666666666665,11.025,6.0,0,20.643945970692172,,4000.0,0.0,0.0,0.0,40.79550982584051,optimal
2021-02-13 15:00:00,1,99,1.3333333333333333,0.0,0.0,0.13166666666666665,10.8465,6.0,0,20.811114694425058,,4000.0,0.0,0.0,0.0,40.19903091881693,optimal
2021-02-13 15:30:00,1,99,1.3333333333333333,0.0,0.0,0.1698,11.2455,6.0,0,20.954944290175902,,4000.0,0.0,0.0,0.0,39.60314849070038,optimal
2021-02-13 16:00:00,1,99,0.0,0.1548148148148148,0.0,0.6046,23.8665,6.0,0,21.108611576933555,,0.0,0.0,0.0,139.33333333333331,39.00786194501194,optimal
2021-02-13 16:30:00,1,99,0.0,0.0,0.0,0.224,27.4575,6.0,0,20.933388587041467,,0.0,0.0,0.0,0.0,38.96885408306693,optimal
2021-02-13 17:00:00,1,99,0.0,0.23222222222222222,0.0,0.23176666666666668,27.3735,6.0,0,20.733432215170875,,0.0,0.0,0.0,209.0,38.92988522898386,optimal
2021-02-13 17:30:00,1,99,0.0,2.7866666666666666,0.0,0.4865333333333334,30.4605,6.0,0,20.53019616989737,,0.0,0.0,0.0,2508.0,38.89095534375488,optimal
2021-02-13 18:00:00,1,99,0.0,0.0,0.0,0.5193,30.0195,6.0,0,20.35539692193677,,0.0,0.0,0.0,0.0,38.85206438841113,optimal
2021-02-13 18:30:00,1,99,0.0,0.0,0.0,0.357,26.9325,6.0,0,20.184042656601555,,0.0,0.0,0.0,0.0,38.81321232402272,optimal
2021-02-13 19:00:00,1,99,0.6960862813120642,0.0,0.0,0.3951,14.595,6.0,0,20.0,,2088.2588439361925,0.0,0.0,0.0,38.7743991116987,optimal
2021-02-13 19:30:00,1,99,0.698877292002705,0.0,0.0,0.3690333333333334,12.4845,6.0,0,20.0,,2096.631876008115,0.0,0.0,0.0,38.735624712587,optimal
2021-02-13 20:00:00,1,99,0.6704349693600298,0.0,0.0,0.343,12.1275,6.0,0,20.0,,2011.3049080800893,0.0,0.0,0.0,38.69688908787441,optimal
2021-02-13 20:30:00,1,99,0.0,0.0,0.0,0.9146,12.1275,6.0,0,20.0,,0.0,0.0,0.0,0.0,38.65819219878654,optimal
2021-02-13 21:00:00,1,99,0.0,0.0,0.0,0.41293333333333326,12.789,6.0,0,19.886552758630902,,0.0,0.0,0.0,0.0,38.61953400658775,optimal
2021-02-13 21:30:00,1,99,0.0,2.7092592592592597,0.0,0.4278333333333333,11.907,6.0,0,19.73169731244525,,0.0,0.0,0.0,2438.3333333333335,38.58091447258116,optimal
2021-02-13 22:00:00,1,99,0.0,0.0,0.0,0.5177,11.025,6.0,0,19.57153269100453,,0.0,0.0,0.0,0.0,38.54233355810858,optimal
2021-02-13 22:30:00,1,99,0.0,0.23222222222222222,0.0,0.1769,8.2005,6.0,0,19.414206578587635,,0.0,0.0,0.0,209.0,38.503791224550476,optimal
2021-02-13 23:00:00,1,99,0.0,0.0,0.0,0.073,9.5655,6.0,0,19.213707343481556,,0.0,0.0,0.0,0.0,38.465287433325926,optimal
2021-02-13 23:30:00,1,99,0.0,0.0,0.0,0.1082,7.056,6.0,0,18.981070050394514,,0.0,0.0,0.0,0.0,38.4268221458926,optimal
2021-02-07 00:00:00,2,99,1.3333333333333333,0.0,0.0,0.046,5.292,6.0,1,21.0,,4000.0,0.0,0.0,0.0,47.952,optimal
2021-02-07 00:30:00,2,99,0.0,0.0,0.0,0.0577,9.261,6.0,1,21.123077829677772,,0.0,0.0,0.0,0.0,47.904047999999996,optimal
2021-02-07 01:00:00,2,99,0.0,0.0,0.0,0.2398333333333333,10.3635,6.0,1,20.90397726653102,,0.0,0.0,0.0,0.0,47.856143952,optimal
2021-02-07 01:30:00,2,99,0.0,0.0,0.0,0.082,8.274,6.0,1,20.70189043414102,,0.0,0.0,0.0,0.0,47.80828780804799,optimal
2021-02-07 02:00:00,2,99,0.7418006218334758,0.0,0.0,0.1162,7.7175,6.0,1,20.48831218044254,,2225.4018655004274,0.0,0.0,0.0,47.76047952023995,optimal
2021-02-07 02:30:00,2,99,1.3333333333333333,0.0,0.0,0.2173333333333333,6.615,6.0,1,20.4690715171142,,4000.0,0.0,0.0,0.0,47.712719040719705,optimal
2021-02-07 03:00:00,2,99,1.3333333333333333,0.0,0.0,0.1162,6.174,6.0,1,20.608394863073396,,4000.0,0.0,0.0,0.0,47.66500632167899,optimal
2021-02-07 03:30:00,2,99,1.3333333333333333,0.0,0.0,0.16333333333333333,3.906,6.0,1,20.736064621965447,,4000.0,0.0,0.0,0.0,47.61734131535731,optimal
2021-02-07 04:00:00,2,99,1.3333333333333333,0.0,0.0,0.1585,2.3415,6.0,1,20.865481201307684,,4000.0,0.0,0.0,0.0,47.56972397404195,optimal
2021-02-07 04:30:00,2,99,1.3333333333333333,0.0,0.0,0.14503333333333332,2.205,6.0,1,20.992200868055235,,4000.0,0.0,0.0,0.0,47.522154250067906,optimal
2021-02-07 05:00:00,2,99,1.3333333333333333,0.0,1.6128201843120924,0.1651,0.882,6.0,1,21.116160404890007,,4000.0,0.0,0.0,0.0,48.240721683366075,optimal
2021-02-07 05:30:00,2,99,1.3333333333333333,0.0,0.0,0.08109999999999999,1.5435,6.0,1,21.24024809078671,,4000.0,0.0,0.0,0.0,48.192480961682705,optimal
2021-02-07 06:00:00,2,99,1.3333333333333333,0.0,0.0,0.1801333333333333,1.5435,6.0,1,21.355607989951856,,4000.0,0.0,0.0,0.0,48.144288480721016,optimal
2021-02-07 06:30:00,2,99,1.3333333333333333,0.0,0.0,0.07540000000000001,5.0715,6.0,1,21.477924313463134,,4000.0,0.0,0.0,0.0,48.096144192240295,optimal
2021-02-07 07:00:00,2,99,1.3333333333333333,0.0,0.0,0.124,5.376,6.0,1,21.589134387337126,,4000.0,0.0,0.0,0.0,48.048048048048045,optimal
2021-02-07 07:30:00,2,99,1.3333333333333333,0.3096296296296296,0.0,0.12359999999999999,5.0715,6.0,1,21.70242575826254,,4000.0,0.0,0.0,278.66666666666663,48.0,optimal
2021-02-07 08:00:00,2,99,1.3333333333333333,0.3096296296296296,0.0,0.1226,5.5125,6.0,1,21.85280003725503,,4000.0,0.0,0.0,278.66666666666663,47.890565097651354,optimal
2021-02-07 08:30:00,2,99,0.8423505751258049,0.23222222222222222,0.0,2.087333333333333,9.261,6.0,1,22.0,,2527.0517253774146,0.0,0.0,209.0,47.78123963020506,optimal
2021-02-07 09:00:00,2,99,0.0,0.0,0.0,2.0906666666666665,11.7075,6.0,1,22.0,,0.0,0.0,0.0,0.0,47.67202348822621,optimal
2021-02-07 09:30:00,2,99,0.0,0.6192592592592592,0.0,0.1318,12.348,6.0,1,21.803446664860477,,0.0,0.0,0.0,557.3333333333333,47.56291656238934,optimal
2021-02-07 10:00:00,2,99,0.0,0.0,0.0,0.32976666666666665,12.348,6.0,1,21.626358886621823,,0.0,0.0,0.0,0.0,47.453918743478305,optimal
2021-02-07 10:30:00,2,99,0.0,0.0,0.0,1.2427666666666668,12.1275,6.0,1,21.4723126624304,,0.0,0.0,0.0,0.0,47.34502992238618,optimal
2021-02-07 11:00:00,2,99,0.0,0.3096296296296296,0.0,0.1957333333333333,12.5265,6.0,1,21.371773346522616,,0.0,0.0,0.0,278.66666666666663,47.236249990115155,optimal
2021-02-07 11:30:00,2,99,0.8450078546085423,0.0774074074074074,0.0,1.4826,11.7495,6.0,1,21.19490980641996,,2535.0235638256268,0.0,0.0,69.66666666666666,47.1275788377764,optimal
2021-02-07 12:00:00,2,99,0.0,0.23222222222222222,0.0,0.9178,13.23,6.0,1,21.238779230209357,,0.0,0.0,0.0,209.0,47.01901635658998,optimal
2021-02-07 12:30:00,2,99,0.0,0.3096296296296296,0.0,0.14603333333333332,14.3325,6.0,1,21.09615074317658,,0.0,0.0,0.0,278.66666666666663,46.91056243788474,optimal
2021-02-07 13:00:00,2,99,0.0,0.1548148148148148,0.0,1.3689,14.994,6.0,1,20.9438746228582,,0.0,0.0,0.0,139.33333333333331,46.80221697309821,optimal
2021-02-07 13:30:00,2,99,0.0,0.1548148148148148,0.0,0.7942666666666667,14.8155,6.0,1,20.852152295669196,,0.0,0.0,0.0,139.33333333333331,46.69397985377647,optimal
2021-02-07 14:00:00,2,99,0.0,0.0774074074074074,0.0,0.2346,14.112,6.0,1,20.75999945956547,,0.0,0.0,0.0,69.66666666666666,46.58585097157405,optimal
2021-02-07 14:30:00,2,99,0.0,0.23222222222222222,0.0,0.10936666666666665,14.007,6.0,1,20.67953080431485,,0.0,0.0,0.0,209.0,46.47783021825383,optimal
2021-02-07 15:00:00,2,99,0.0,0.387037037037037,0.0,0.21013333333333334,13.23,6.0,1,20.586172227434577,,0.0,0.0,0.0,348.3333333333333,46.36991748568693,optimal
2021-02-07 15:30:00,2,99,1.3333333333333333,0.0,0.0,0.14556666666666665,11.382,6.0,1,20.513446280202977,,4000.0,0.0,0.0,0.0,46.262112665852605,optimal
2021-02-07 16:00:00,2,99,1.3333333333333333,0.6192592592592592,0.0,2.2475666666666667,11.7495,6.0,1,20.777433126318222,,4000.0,0.0,0.0,557.3333333333333,46.15441565083811,optimal
2021-02-07 16:30:00,2,99,0.0,0.23222222222222222,0.0,0.4016,24.3285,6.0,1,21.05470730729428,,0.0,0.0,0.0,209.0,46.04682633283863,optimal
2021-02-07 17:00:00,2,99,0.0,0.23222222222222222,0.0,0.4031,28.917,6.0,1,20.95918215353468,,0.0,0.0,0.0,209.0,45.93934460415714,optimal
2021-02-07 17:30:00,2,99,0.0,0.0,0.0,1.5747,31.3635,6.0,1,20.829478292034366,,0.0,0.0,0.0,0.0,45.83197035720434,optimal
2021-02-07 18:00:00,2,99,0.0,0.0774074074074074,0.0,0.2844,33.306,6.0,1,20.756972347384007,,0.0,0.0,0.0,69.66666666666666,45.72470348449849,optimal
2021-02-07 18:30:00,2,99,0.0,0.0,0.0,0.18976666666666667,31.3425,6.0,1,20.5869158721965,,0.0,0.0,0.0,0.0,45.61754387866535,optimal
2021-02-07 19:00:00,2,99,0.0,0.0,0.0,0.29956666666666665,28.2555,6.0,1,20.429308382295552,,0.0,0.0,0.0,0.0,45.510491432438045,optimal
2021-02-07 19:30:00,2,99,0.0,0.0,0.0,0.0953,15.6975,6.0,1,20.229858648970662,,0.0,0.0,0.0,0.0,45.40354603865696,optimal
2021-02-07 20:00:00,2,99,0.8787549563880523,0.0,0.0,0.1262,12.5475,6.0,1,20.0,,2636.264869164157,0.0,0.0,0.0,45.29670759026966,optimal
2021-02-07 20:30:00,2,99,0.0,0.0,0.0,0.14873333333333333,12.0855,6.0,1,20.0,,0.0,0.0,0.0,0.0,45.18997598033075,optimal
2021-02-07 21:00:00,2,99,0.0,0.23222222222222222,0.0,0.24686666666666668,11.907,6.0,1,19.77634195354768,,0.0,0.0,0.0,209.0,45.14478600435042,optimal
2021-02-07 21:30:00,2,99,0.0,0.0,0.0,0.3209666666666666,12.5685,6.0,1,19.566947959231644,,0.0,0.0,0.0,0.0,45.09964121834607,optimal
2021-02-07 22:00:00,2,99,0.0,0.0,0.0,2.2588666666666666,13.146,6.0,1,19.37935925754861,,0.0,0.0,0.0,0.0,45.05454157712773,optimal
2021-02-07 22:30:00,2,99,0.0,0.0,0.0,2.3919,10.584,6.0,1,19.235406307825027,,0.0,0.0,0.0,0.0,45.0094870355506,optimal
2021-02-07 23:00:00,2,99,0.0,0.387037037037037,0.0,0.24163333333333334,6.678,6.0,1,19.097036287390083,,0.0,0.0,0.0,348.3333333333333,44.96447754851505,optimal
2021-02-07 23:30:00,2,99,0.0,0.0,0.0,0.3906,7.938,6.0,1,18.927672080872657,,0.0,0.0,0.0,0.0,44.91951307096653,optimal
2021-02-08 00:00:00,2,99,0.0,0.0,0.0,0.13773333333333332,11.2455,6.0,2,18.927672080872657,,0.0,0.0,0.0,0.0,44.874593557895565,optimal
2021-02-08 00:30:00,2,99,0.0,0.0,0.0,0.13766666666666666,11.025,6.0,2,18.724873108871577,,0.0,0.0,0.0,0.0,44.82971896433767,optimal
2021-02-08 01:00:00,2,99,1.3333333333333333,0.0,0.0,0.10326666666666667,5.9745,6.0,2,18.5251908818249,,4000.0,0.0,0.0,0.0,44.784889245373336,optimal
2021-02-08 01:30:00,2,99,1.3333333333333333,0.0,0.0,0.1967333333333333,7.938,6.0,2,18.665457615351126,,4000.0,0.0,0.0,0.0,44.740104356127965,optimal
2021-02-08 02:00:00,2,99,1.3333333333333333,0.0,0.0,0.1226,8.6835,6.0,2,18.81125286869689,,4000.0,0.0,0.0,0.0,44.695364251771835,optimal
2021-02-08 02:30:00,2,99,1.3333333333333333,0.0,0.0,0.14446666666666666,7.665,6.0,2,18.948246302013853,,4000.0,0.0,0.0,0.0,44.65066888752006,optimal
2021-02-08 03:00:00,2,99,1.3333333333333333,0.0,0.0,0.10526666666666668,6.7725,6.0,2,19.085991963581016,,4000.0,0.0,0.0,0.0,44.60601821863254,optimal
2021-02-08 03:30:00,2,99,1.3333333333333333,0.0,0.0,0.13566666666666666,5.5755,6.0,2,19.219284535748432,,4000.0,0.0,0.0,0.0,44.56141220041391,optimal
2021-02-08 04:00:00,2,99,1.3333333333333333,0.0,3.344047218580006,0.18366666666666662,5.0925,6.0,2,19.352828574471346,,4000.0,0.0,0.0,0.0,46.10527321703899,optimal
2021-02-08 04:30:00,2,99,1.3333333333333333,0.0,5.0,0.10713333333333334,4.1895,6.0,2,19.488118336828006,,4000.0,0.0,0.0,0.0,48.434167943821954,optimal
2021-02-08 05:00:00,2,99,1.3333333333333333,0.0,0.0,0.2122,7.056,6.0,2,19.613898939542523,,4000.0,0.0,0.0,0.0,48.38573377587813,optimal
2021-02-08 05:30:00,2,99,1.3333333333333333,0.0,0.0,0.06459999999999999,5.271,6.0,2,19.745742595708755,,4000.0,0.0,0.0,0.0,48.33734804210225,optimal
2021-02-08 06:00:00,2,99,1.3333333333333333,0.46444444444444444,0.0,0.10966666666666669,7.938,6.0,2,19.862711404546292,,4000.0,0.0,0.0,418.0,48.289010694060146,optimal
2021-02-08 06:30:00,2,99,1.3333333333333333,0.3096296296296296,0.0,0.1984,7.938,6.0,2,19.987201524812086,,4000.0,0.0,0.0,278.66666666666663,48.240721683366075,optimal
2021-02-08 07:00:00,2,99,1.3333333333333333,0.3096296296296296,0.0,0.1421,11.907,6.0,2,20.12644562033674,,4000.0,0.0,0.0,278.66666666666663,48.192480961682705,optimal
2021-02-08 07:30:00,2,99,1.3333333333333333,0.0,0.0,0.198,11.025,6.0,2,20.277649357184053,,4000.0,0.0,0.0,0.0,48.144288480721016,optimal
2021-02-08 08:00:00,2,99,1.3333333333333333,0.0,0.0,0.19506666666666664,11.2875,6.0,2,20.438396562239223,,4000.0,0.0,0.0,0.0,48.096144192240295,optimal
2021-02-08 08:30:00,2,99,0.0,0.5418518518518518,0.0,0.3936,12.936,6.0,2,20.620025150349434,,0.0,0.0,0.0,487.6666666666667,48.048048048048045,optimal
2021-02-08 09:00:00,2,99,0.0,0.5418518518518518,0.0,1.9745,13.0095,6.0,2,20.47854810269038,,0.0,0.0,0.0,487.6666666666667,48.0,optimal
2021-02-08 09:30:00,2,99,0.0,0.0,0.0,0.4024,13.671,6.0,2,20.394769859650577,,0.0,0.0,0.0,0.0,47.864414702065574,optimal
2021-02-08 10:00:00,2,99,0.48755256479270775,0.0,0.0,0.2437333333333333,13.188,6.0,2,20.214282632844906,,1462.6576943781233,0.0,0.0,0.0,47.72896498942908,optimal
2021-02-08 10:30:00,2,99,0.0,2.5544444444444445,0.0,0.076,13.8495,6.0,2,20.174808104368214,,0.0,0.0,0.0,2299.0,47.593650726505224,optimal
2021-02-08 11:00:00,2,99,0.5653691011154799,0.0,0.0,0.07166666666666667,13.23,6.0,2,20.0,,1696.1073033464397,0.0,0.0,0.0,47.458471777844295,optimal
2021-02-08 11:30:00,2,99,0.6950794062906963,0.1548148148148148,0.0,0.3211333333333333,13.3665,6.0,2,20.0,,2085.238218872089,0.0,0.0,139.33333333333331,47.323428008132026,optimal
2021-02-08 12:00:00,2,99,1.3333333333333333,0.0,0.0,1.2516333333333334,13.0515,6.0,2,20.057323582845722,,4000.0,0.0,0.0,0.0,47.18851928218947,optimal
2021-02-08 12:30:00,2,99,1.3333333333333333,0.0,0.0,0.5419333333333333,13.5345,6.0,2,20.292335718558636,,4000.0,0.0,0.0,0.0,47.053745464972856,optimal
2021-02-08 13:00:00,2,99,0.0,0.0,0.0,0.21993333333333331,14.154,6.0,2,20.490757428133087,,0.0,0.0,0.0,0.0,46.91910642157346,optimal
2021-02-08 13:30:00,2,99,0.0,0.0,0.0,0.24446666666666667,14.112,6.0,2,20.33682116947946,,0.0,0.0,0.0,0.0,46.78460201721746,optimal
2021-02-08 14:00:00,2,99,1.3333333333333333,0.0,0.0,0.27163333333333334,14.2485,6.0,2,20.18660093518788,,4000.0,0.0,0.0,0.0,46.650232117265816,optimal
2021-02-08 14:30:00,2,99,1.3333333333333333,0.0,0.0,0.20086666666666667,12.789,6.0,2,20.378074363446935,,4000.0,0.0,0.0,0.0,46.515996587214126,optimal
2021-02-08 15:00:00,2,99,1.3333333333333333,0.0,0.0,0.13846666666666668,13.0095,6.0,2,20.570482377939513,,4000.0,0.0,0.0,0.0,46.381895292692484,optimal
2021-02-08 15:30:00,2,99,1.3333333333333333,0.0,0.0,0.08233333333333333,12.1275,6.0,2,20.73238886743468,,4000.0,0.0,0.0,0.0,46.24792809946537,optimal
2021-02-08 16:00:00,2,99,1.3333333333333333,0.0,0.0,0.18513333333333332,12.348,6.0,2,20.888093731934816,,4000.0,0.0,0.0,0.0,46.114094873431476,optimal
2021-02-08 16:30:00,2,99,1.3333333333333333,0.0,0.0,0.15806666666666666,12.348,6.0,2,21.02640059768304,,4000.0,0.0,0.0,0.0,45.98039548062362,optimal
2021-02-08 17:00:00,2,99,0.0,0.0,0.0,0.10940000000000001,25.389,6.0,2,21.158731664157994,,0.0,0.0,0.0,0.0,45.84682978720857,optimal
2021-02-08 17:30:00,2,99,0.0,0.46444444444444444,0.0,0.1413,29.1375,6.0,2,20.91654220822408,,0.0,0.0,0.0,418.0,45.80098295742136,optimal
2021-02-08 18:00:00,2,99,0.0,0.0,0.0,0.22406666666666664,30.597,6.0,2,20.705182605820426,,0.0,0.0,0.0,0.0,45.75518197446394,optimal
2021-02-08 18:30:00,2,99,0.0,0.0774074074074074,0.0,0.14626666666666668,33.684,6.0,2,20.506009410295928,,0.0,0.0,0.0,69.66666666666666,45.709426792489474,optimal
2021-02-08 19:00:00,2,99,0.0,0.0,0.0,0.2395,32.445,6.0,2,20.32648262457681,,0.0,0.0,0.0,0.0,45.66371736569698,optimal
2021-02-08 19:30:00,2,99,0.0,0.3096296296296296,0.0,0.3903333333333333,28.917,6.0,2,20.152352975077584,,0.0,0.0,0.0,278.66666666666663,45.61805364833128,optimal
2021-02-08 20:00:00,2,99,0.5304179949459675,0.0,0.0,0.6548666666666667,15.876,6.0,2,20.0,,1591.2539848379026,0.0,0.0,0.0,45.57243559468295,optimal
2021-02-08 20:30:00,2,99,0.0,0.1548148148148148,0.0,0.6535333333333333,12.348,6.0,2,20.0,,0.0,0.0,0.0,139.33333333333331,45.526863159088265,optimal
2021-02-08 21:00:00,2,99,0.0,0.0,0.0,0.342,12.1275,6.0,2,19.85183701731691,,0.0,0.0,0.0,0.0,45.481336295929175,optimal
2021-02-08 21:30:00,2,99,0.0,0.0,0.0,0.588,12.348,6.0,2,19.71164161362103,,0.0,0.0,0.0,0.0,45.43585495963325,optimal
2021-02-08 22:00:00,2,99,0.0,0.0,0.0,0.1022,12.1275,6.0,2,19.559329063402462,,0.0,0.0,0.0,0.0,45.39041910467361,optimal
2021-02-08 22:30:00,2,99,0.0,0.0,0.0,0.1587333333333333,12.1275,6.0,2,19.33623018938235,,0.0,0.0,0.0,0.0,45.34502868556894,optimal
2021-02-08 23:00:00,2,99,0.0,0.0,0.0,0.18059999999999998,11.2665,6.0,2,19.120146534150003,,0.0,0.0,0.0,0.0,45.299683656883374,optimal
2021-02-08 23:30:00,2,99,0.0,0.0,0.0,0.063,10.143,6.0,2,18.908039183621618,,0.0,0.0,0.0,0.0,45.25438397322649,optimal
2021-02-09 00:00:00,2,99,1.3333333333333333,0.0,0.0,0.1827333333333333,11.2455,6.0,-1,18.908039183621618,,4000.0,0.0,0.0,0.0,45.20912958925326,optimal
2021-02-09 00:30:00,2,99,1.3333333333333333,0.0,0.0,0.15133333333333335,12.1275,6.0,-1,19.0387328366897,,4000.0,0.0,0.0,0.0,45.163920459664006,optimal
2021-02-09 01:00:00,2,99,1.3333333333333333,0.0,0.0,0.05,11.823,6.0,-1,19.165726886772852,,4000.0,0.0,0.0,0.0,45.11875653920434,optimal
2021-02-09 01:30:00,2,99,1.3333333333333333,0.0,0.0,0.1827333333333333,11.7705,6.0,-1,19.28311832782265,,4000.0,0.0,0.0,0.0,45.07363778266514,optimal
2021-02-09 02:00:00,2,99,1.3333333333333333,0.0,0.0,0.15133333333333335,11.13,6.0,-1,19.40903365882276,,4000.0,0.0,0.0,0.0,45.02856414488247,optimal
2021-02-09 02:30:00,2,99,1.3333333333333333,0.0,0.0,0.11033333333333331,11.6865,6.0,-1,19.529399334764555,,4000.0,0.0,0.0,0.0,44.98353558073759,optimal
2021-02-09 03:00:00,2,99,1.3333333333333333,0.0,3.27148174501103,0.12240000000000001,10.7205,6.0,-1,19.645380184310838,,4000.0,0.0,0.0,0.0,46.49250587403708,optimal
2021-02-09 03:30:00,2,99,1.3333333333333333,0.0,0.0,0.05,11.424,6.0,-1,19.761547138682268,,4000.0,0.0,0.0,0.0,46.44601336816304,optimal
2021-02-09 04:00:00,2,99,1.3333333333333333,0.0,5.0,0.1827333333333333,10.689,6.0,-1,19.871348125551233,,4000.0,0.0,0.0,0.0,48.774567354794875,optimal
2021-02-09 04:30:00,2,99,1.3333333333333333,0.0,0.0,0.15133333333333335,11.361,6.0,-1,19.992317601686814,,4000.0,0.0,0.0,0.0,48.72579278744007,optimal
2021-02-09 05:00:00,2,99,1.3333333333333333,0.0774074074074074,0.0,0.17153333333333334,11.571,6.0,-1,20.107800430499406,,4000.0,0.0,0.0,69.66666666666666,48.67706699465263,optimal
2021-02-09 05:30:00,2,99,0.7567676762643063,0.23222222222222222,0.0,0.18973333333333328,14.3745,6.0,-1,20.236309665448058,,2270.3030287929187,0.0,0.0,209.0,48.62838992765797,optimal
2021-02-09 06:00:00,2,99,1.3333333333333333,0.0,0.0,0.15633333333333335,13.23,6.0,-1,20.215818274257686,,4000.0,0.0,0.0,0.0,48.579761537730306,optimal
2021-02-09 06:30:00,2,99,1.3333333333333333,1.006296296296296,0.0,0.8770666666666668,13.9755,6.0,-1,20.32717986512184,,4000.0,0.0,0.0,905.6666666666665,48.53118177619257,optimal
2021-02-09 07:00:00,2,99,0.0,0.774074074074074,0.0,1.0835666666666666,14.994,6.0,-1,20.495879389182814,,0.0,0.0,0.0,696.6666666666666,48.48265059441637,optimal
2021-02-09 07:30:00,2,99,1.3333333333333333,1.1611111111111108,0.0,0.243,13.671,6.0,-1,20.34665957262949,,4000.0,0.0,0.0,1044.9999999999998,48.434167943821954,optimal
2021-02-09 08:00:00,2,99,0.0,0.774074074074074,0.0,1.6533333333333333,15.981,6.0,-1,20.497212915401423,,0.0,0.0,0.0,696.6666666666666,48.38573377587813,optimal
2021-02-09 08:30:00,2,99,0.0,0.0774074074074074,0.0,0.2536333333333333,15.6345,6.0,-1,20.342558026277985,,0.0,0.0,0.0,69.66666666666666,48.33734804210225,optimal
2021-02-09 09:00:00,2,99,0.0,0.0,0.0,0.5390333333333333,16.5375,6.0,-1,20.143189422618335,,0.0,0.0,0.0,0.0,48.289010694060146,optimal
2021-02-09 09:30:00,2,99,1.083308564837728,0.0,0.0,0.22440000000000002,14.7735,6.0,-1,20.0,,3249.9256945131838,0.0,0.0,0.0,48.240721683366075,optimal
2021-02-09 10:00:00,2,99,0.0,1.5883999999999998,0.0,0.22713333333333333,15.2145,6.0,-1,20.116964690895614,,0.0,0.0,0.0,1429.56,48.192480961682705,optimal
2021-02-09 10:30:00,2,99,0.34096685406487687,1.5078962962962967,0.0,0.3728333333333333,14.553,6.0,-1,20.0,,1022.9005621946307,0.0,0.0,1357.106666666667,48.144288480721016,optimal
2021-02-09 11:00:00,2,99,1.3333333333333333,0.0,0.0,0.10529999999999999,14.3325,6.0,-1,20.0,,4000.0,0.0,0.0,0.0,48.096144192240295,optimal
2021-02-09 11:30:00,2,99,0.3349868587272688,0.387037037037037,0.0,0.2501333333333333,14.595,6.0,-1,20.279713968012732,,1004.9605761818063,0.0,0.0,348.3333333333333,48.048048048048045,optimal
2021-02-09 12:00:00,2,99,0.0,0.0,0.0,0.3584,14.994,6.0,-1,20.306113078533265,,0.0,0.0,0.0,0.0,48.0,optimal
2021-02-09 12:30:00,2,99,1.3333333333333333,0.0,0.0,0.09486666666666665,14.3325,6.0,-1,20.259615812563393,,4000.0,0.0,0.0,0.0,47.8277751609276,optimal
2021-02-09 13:00:00,2,99,1.3333333333333333,0.0,0.0,0.15653333333333333,13.8915,6.0,-1,20.493065029482448,,4000.0,0.0,0.0,0.0,47.65572254669428,optimal
2021-02-09 13:30:00,2,99,1.3333333333333333,0.0,0.0,0.16133333333333336,13.8915,6.0,-1,20.698405442116048,,4000.0,0.0,0.0,0.0,47.48384198507519,optimal
2021-02-09 14:00:00,2,99,1.3333333333333333,0.0,0.0,0.16256666666666666,13.4715,6.0,-1,20.900901343026444,,4000.0,0.0,0.0,0.0,47.31213330401771,optimal
2021-02-09 14:30:00,2,99,1.3333333333333333,0.0,0.0,0.09016666666666669,13.23,6.0,-1,21.09466464926579,,4000.0,0.0,0.0,0.0,47.1405963316413,optimal
2021-02-09 15:00:00,2,99,1.3333333333333333,0.0,0.0,0.16133333333333336,13.8915,6.0,-1,21.279162523482896,,4000.0,0.0,0.0,0.0,46.969230896237256,optimal
2021-02-09 15:30:00,2,99,0.0,0.0,0.0,0.06,26.9325,6.0,-1,21.444575290965744,,0.0,0.0,0.0,0.0,46.79803682626862,optimal
2021-02-09 16:00:00,2,99,0.0,0.0,0.0,0.1056,30.303,6.0,-1,21.258927075830197,,0.0,0.0,0.0,0.0,46.62701395036996,optimal
2021-02-09 16:30:00,2,99,0.0,0.0,0.0,0.24846666666666667,32.886,6.0,-1,21.04910495049954,,0.0,0.0,0.0,0.0,46.45616209734719,optimal
2021-02-09 17:00:00,2,99,0.0,0.0,0.0,0.06,34.9965,6.0,-1,20.852837427797628,,0.0,0.0,0.0,0.0,46.28548109617744,optimal
2021-02-09 17:30:00,2,99,0.0,0.0,0.0,0.35660000000000003,33.327,6.0,-1,20.611011598517873,,0.0,0.0,0.0,0.0,46.11497077600887,optimal
2021-02-09 18:00:00,2,99,0.0,0.0,0.0,0.17866666666666667,31.122,6.0,-1,20.40690835916378,,0.0,0.0,0.0,0.0,45.94463096616046,optimal
2021-02-09 18:30:00,2,99,0.0,0.23222222222222222,0.0,0.1714,17.9025,6.0,-1,20.19829436316069,,0.0,0.0,0.0,209.0,45.7744614961219,optimal
2021-02-09 19:00:00,2,99,0.7588851637149636,1.2586444444444445,0.0,0.058,15.6555,6.0,-1,20.0,,2276.6554911448907,0.0,0.0,1132.78,45.72868703462578,optimal
2021-02-09 19:30:00,2,99,0.6301184970483102,1.8376518518518514,0.0,0.3503,14.553,6.0,-1,20.0,,1890.3554911449307,0.0,0.0,1653.8866666666663,45.68295834759115,optimal
2021-02-09 20:00:00,2,99,0.587762941492748,0.3096296296296296,0.0,0.28603333333333336,14.3325,6.0,-1,20.0,,1763.2888244782441,0.0,0.0,278.66666666666663,45.63727538924356,optimal
2021-02-09 20:30:00,2,99,0.0,0.0,0.0,0.14780000000000001,13.335,6.0,-1,20.0,,0.0,0.0,0.0,0.0,45.591638113854316,optimal
2021-02-09 21:00:00,2,99,0.0,0.23222222222222222,0.0,0.2971333333333333,12.1275,6.0,-1,19.824020423377828,,0.0,0.0,0.0,209.0,45.54604647574046,optimal
2021-02-09 21:30:00,2,99,0.0,0.23222222222222222,0.0,0.41706666666666664,12.2955,6.0,-1,19.655772886602627,,0.0,0.0,0.0,209.0,45.50050042926472,optimal
2021-02-09 22:00:00,2,99,0.0,5.495925925925925,0.0,0.21246666666666666,11.6865,6.0,-1,19.510782418940607,,0.0,0.0,0.0,4946.333333333333,45.454999928835456,optimal
2021-02-09 22:30:00,2,99,0.0,0.0,0.0,0.3377333333333333,11.466,6.0,-1,19.378043624442004,,0.0,0.0,0.0,0.0,45.40954492890662,optimal
2021-02-09 23:00:00,2,99,0.0,0.0,0.0,0.06,10.8045,6.0,-1,19.20466024892296,,0.0,0.0,0.0,0.0,45.36413538397771,optimal
2021-02-09 23:30:00,2,99,0.0,0.0,0.0,0.2117333333333333,10.584,6.0,-1,18.981223735243802,,0.0,0.0,0.0,0.0,45.318771248593734,optimal
2021-02-10 00:00:00,2,99,1.3333333333333333,0.0,0.0,0.059,11.907,6.0,2,18.981223735243802,,4000.0,0.0,0.0,0.0,45.27345247734514,optimal
2021-02-10 00:30:00,2,99,1.3333333333333333,0.0,0.0,0.059,11.7075,6.0,2,19.09796910879933,,4000.0,0.0,0.0,0.0,45.22817902486779,optimal
2021-02-10 01:00:00,2,99,1.3333333333333333,0.0,0.0,0.07146666666666666,10.8045,6.0,2,19.211953253911197,,4000.0,0.0,0.0,0.0,45.182950845842925,optimal
2021-02-10 01:30:00,2,99,1.3333333333333333,0.0,0.0,0.18366666666666662,11.508,6.0,2,19.324272048543573,,4000.0,0.0,0.0,0.0,45.13776789499708,optimal
2021-02-10 02:00:00,2,99,1.3333333333333333,0.0,0.0,0.059,11.508,6.0,2,19.443432318712823,,4000.0,0.0,0.0,0.0,45.09263012710208,optimal
2021-02-10 02:30:00,2,99,1.3333333333333333,0.0,0.0,0.12756666666666666,11.508,6.0,2,19.549193583006925,,4000.0,0.0,0.0,0.0,45.04753749697498,optimal
2021-02-10 03:00:00,2,99,1.3333333333333333,0.0,0.0,0.12756666666666666,11.844,6.0,2,19.65944135837125,,4000.0,0.0,0.0,0.0,45.002489959478005,optimal
2021-02-10 03:30:00,2,99,1.3333333333333333,0.0,0.0,0.059,11.508,6.0,2,19.768284631816147,,4000.0,0.0,0.0,0.0,44.957487469518526,optimal
2021-02-10 04:00:00,2,99,1.3333333333333333,0.0,0.0,0.19613333333333333,11.508,6.0,2,19.869907438932525,,4000.0,0.0,0.0,0.0,44.91252998204901,optimal
2021-02-10 04:30:00,2,99,1.3333333333333333,0.0,5.0,0.059,10.4475,6.0,2,19.981903336075003,,4000.0,0.0,0.0,0.0,47.24261745206696,optimal
2021-02-10 05:00:00,2,99,1.3333333333333333,0.0,0.0,0.059,10.8675,6.0,2,20.07953079661278,,4000.0,0.0,0.0,0.0,47.195374834614896,optimal
2021-02-10 05:30:00,2,99,1.3333333333333333,0.0,2.0970716230331434,0.1978,10.542,6.0,2,20.174640581426576,,4000.0,0.0,0.0,0.0,48.144288480721016,optimal
2021-02-10 06:00:00,2,99,1.3333333333333333,0.0,0.0,0.069,11.025,6.0,2,20.27893247858748,,4000.0,0.0,0.0,0.0,48.096144192240295,optimal
2021-02-10 06:30:00,2,99,1.3333333333333333,0.0,0.0,0.16873333333333332,11.025,6.0,2,20.368954084278357,,4000.0,0.0,0.0,0.0,48.048048048048045,optimal
2021-02-10 07:00:00,2,99,1.3333333333333333,6.5455703703703705,0.0,0.28956666666666664,14.553,6.0,2,20.468862370385885,,4000.0,0.0,0.0,5891.013333333333,48.0,optimal
2021-02-10 07:30:00,2,99,1.3333333333333333,1.1177629629629633,0.0,0.9391333333333333,13.0935,6.0,2,20.58826771575258,,4000.0,0.0,0.0,1005.9866666666669,47.7966261990203,optimal
2021-02-10 08:00:00,2,99,1.3333333333333333,2.012592592592592,0.0,0.3198666666666667,15.6345,6.0,2,20.692910443269486,,4000.0,0.0,0.0,1811.333333333333,47.59345577184158,optimal
2021-02-10 08:30:00,2,99,0.0,0.1548148148148148,0.0,1.051,18.102,6.0,2,20.811327605615876,,0.0,0.0,0.0,139.33333333333331,47.39048851509005,optimal
2021-02-10 09:00:00,2,99,0.0,0.0,0.0,0.10133333333333332,17.199,6.0,2,20.59875537884968,,0.0,0.0,0.0,0.0,47.18772422559526,optimal
2021-02-10 09:30:00,2,99,0.0,0.0,0.0,0.5660666666666667,18.2805,6.0,2,20.391788147146528,,0.0,0.0,0.0,0.0,46.98516270038997,optimal
2021-02-10 10:00:00,2,99,0.2851741711934151,0.0,0.0,1.0758333333333332,17.4615,6.0,2,20.219563306902284,,855.5225135802452,0.0,0.0,0.0,46.78280373670989,optimal
2021-02-10 10:30:00,2,99,0.0,0.0,0.0,0.069,18.3225,6.0,2,20.19671413936164,,0.0,0.0,0.0,0.0,46.58064713199348,optimal
2021-02-10 11:00:00,2,99,0.6691727538425933,0.0,0.0,0.069,17.094,6.0,2,20.0,,2007.51826152778,0.0,0.0,0.0,46.37869268388179,optimal
2021-02-10 11:30:00,2,99,0.4918150764852742,0.3096296296296296,0.0,0.2881,17.094,6.0,2,20.0,,1475.4452294558228,0.0,0.0,278.66666666666663,46.17694019021821,optimal
2021-02-10 12:00:00,2,99,0.7644871296518433,2.052844444444444,0.0,0.2808,17.094,6.0,2,20.0,,2293.46138895553,0.0,0.0,1847.5599999999997,45.97538944904829,optimal
2021-02-10 12:30:00,2,99,0.0,1.1208592592592592,0.0,0.2551333333333333,17.3565,6.0,2,20.10091857857632,,0.0,0.0,0.0,1008.7733333333334,45.77404025861955,optimal
2021-02-10 13:00:00,2,99,0.3406045875146715,0.0,0.0,0.5897333333333333,17.115,6.0,2,20.0,,1021.8137625440145,0.0,0.0,0.0,45.57289241738123,optimal
2021-02-10 13:30:00,2,99,0.480911455022267,0.0,0.0,0.13886666666666667,17.241,6.0,2,20.0,,1442.734365066801,0.0,0.0,0.0,45.371945723984155,optimal
2021-02-10 14:00:00,2,99,1.3333333333333333,0.0,0.0,0.1418,17.094,6.0,2,20.0,,4000.0,0.0,0.0,0.0,45.17119997728047,optimal
2021-02-10 14:30:00,2,99,1.3333333333333333,0.0,0.0,0.07456666666666666,16.5165,6.0,2,20.22712038499178,,4000.0,0.0,0.0,0.0,44.970654976323495,optimal
2021-02-10 15:00:00,2,99,1.3333333333333333,0.0,0.0,0.1999,17.8185,6.0,2,20.431559901495206,,4000.0,0.0,0.0,0.0,44.770310520367474,optimal
2021-02-10 15:30:00,2,99,1.3333333333333333,0.0,0.0,0.069,17.094,6.0,2,20.614038774842633,,4000.0,0.0,0.0,0.0,44.57016640886741,optimal
2021-02-10 16:00:00,2,99,1.3333333333333333,0.0,0.0,0.069,16.8945,6.0,2,20.78050769375676,,4000.0,0.0,0.0,0.0,44.370222441478845,optimal
2021-02-10 16:30:00,2,99,1.3333333333333333,0.0,0.0,0.08146666666666667,18.123,6.0,2,20.912550497344746,,4000.0,0.0,0.0,0.0,44.17047841805767,optimal
2021-02-10 17:00:00,2,99,0.0,0.0774074074074074,0.0,0.22603333333333334,31.647,6.0,2,21.041423941761117,,0.0,0.0,0.0,69.66666666666666,43.97093413865991,optimal
2021-02-10 17:30:00,2,99,0.0,0.0,0.0,0.2072,34.9965,6.0,2,20.820675558831752,,0.0,0.0,0.0,0.0,43.771589403541554,optimal
2021-02-10 18:00:00,2,99,0.0,0.1548148148148148,0.0,1.0483333333333333,34.9965,6.0,2,20.614451345169435,,0.0,0.0,0.0,139.33333333333331,43.57244401315832,optimal
2021-02-10 18:30:00,2,99,0.0,0.1548148148148148,0.0,0.7635666666666667,34.9965,6.0,2,20.475152628877712,,0.0,0.0,0.0,139.33333333333331,43.52887156914516,optimal
2021-02-10 19:00:00,2,99,0.0,0.23222222222222222,0.0,0.3468333333333333,34.9965,6.0,2,20.323390823924555,,0.0,0.0,0.0,209.0,43.485342697576016,optimal
2021-02-10 19:30:00,2,99,0.0,0.5411284961346732,0.0,0.5322666666666667,34.9965,6.0,2,20.13689626028817,,0.0,487.0156465212058,0.0,0.0,43.44185735487844,optimal
2021-02-10 20:00:00,2,99,0.0,2.512471115884327,0.0,0.4599666666666666,27.741,6.0,2,20.0,,0.0,2261.2240042958942,0.0,0.0,43.39841549752356,optimal
2021-02-10 20:30:00,2,99,0.0,0.387037037037037,0.0,0.3484333333333333,19.026,6.0,2,20.0,,0.0,0.0,0.0,348.3333333333333,43.35501708202604,optimal
2021-02-10 21:00:00,2,99,0.0,0.1548148148148148,0.0,0.4819,18.7215,6.0,2,19.808372357017323,,0.0,0.0,0.0,139.33333333333331,43.31166206494401,optimal
2021-02-10 21:30:00,2,99,0.0,0.0,0.0,0.3572333333333333,17.4195,6.0,2,19.632145241810115,,0.0,0.0,0.0,0.0,43.268350402879065,optimal
2021-02-10 22:00:00,2,99,0.0,0.0,0.0,0.25843333333333335,16.758,6.0,2,19.432084473113246,,0.0,0.0,0.0,0.0,43.22508205247619,optimal
2021-02-10 22:30:00,2,99,0.0,0.0,0.0,0.16433333333333333,14.217,6.0,2,19.19913455085541,,0.0,0.0,0.0,0.0,43.181856970423716,optimal
2021-02-10 23:00:00,2,99,0.0,0.0,0.0,0.1562666666666667,13.3665,6.0,2,18.93844874376228,,0.0,0.0,0.0,0.0,43.138675113453296,optimal
2021-02-10 23:30:00,2,99,0.0,0.0,0.0,0.11486666666666666,12.789,6.0,2,18.66805213041573,,0.0,0.0,0.0,0.0,43.09553643833984,optimal
2021-02-11 00:00:00,2,99,1.3333333333333333,0.0,0.0,0.045,11.6865,6.0,-2,18.66805213041573,,4000.0,0.0,0.0,0.0,43.052440901901505,optimal
2021-02-11 00:30:00,2,99,1.3333333333333333,0.0,0.0,0.12676666666666667,11.2245,6.0,-2,18.735236404044098,,4000.0,0.0,0.0,0.0,43.0093884609996,optimal
2021-02-11 01:00:00,2,99,1.3333333333333333,0.0,0.0,0.2494333333333333,11.025,6.0,-2,18.809795686277415,,4000.0,0.0,0.0,0.0,42.9663790725386,optimal
2021-02-11 01:30:00,2,99,1.3333333333333333,0.0,2.4938302799742327,0.045,10.7835,6.0,-2,18.89511591748973,,4000.0,0.0,0.0,0.0,44.10798207645382,optimal
2021-02-11 02:00:00,2,99,1.3333333333333333,0.0,0.0,0.3053666666666667,11.025,6.0,-2,18.961955411908114,,4000.0,0.0,0.0,0.0,44.06387409437736,optimal
2021-02-11 02:30:00,2,99,1.3333333333333333,0.0,5.0,0.07083333333333333,10.584,6.0,-2,19.050096179047127,,4000.0,0.0,0.0,0.0,46.394810220282984,optimal
2021-02-11 03:00:00,2,99,1.3333333333333333,0.0,0.0,0.10633333333333331,11.025,6.0,-2,19.11588532879378,,4000.0,0.0,0.0,0.0,46.3484154100627,optimal
2021-02-11 03:30:00,2,99,1.3333333333333333,0.0,5.0,0.2698666666666667,10.4265,6.0,-2,19.18258285325987,,4000.0,0.0,0.0,0.0,48.67706699465263,optimal
2021-02-11 04:00:00,2,99,1.3333333333333333,0.0,0.0,0.06953333333333334,12.789,6.0,-2,19.265529465341803,,4000.0,0.0,0.0,0.0,48.62838992765797,optimal
2021-02-11 04:30:00,2,99,1.3333333333333333,0.0,0.0,0.23976666666666668,12.684,6.0,-2,19.333559295494545,,4000.0,0.0,0.0,0.0,48.579761537730306,optimal
2021-02-11 05:00:00,2,99,1.3333333333333333,0.0,0.0,0.1119,16.254,6.0,-2,19.41520642051482,,4000.0,0.0,0.0,0.0,48.53118177619257,optimal
2021-02-11 05:30:00,2,99,1.3333333333333333,0.0,0.0,0.14313333333333333,17.64,6.0,-2,19.48493412328259,,4000.0,0.0,0.0,0.0,48.48265059441637,optimal
2021-02-11 06:00:00,2,99,1.3333333333333333,0.0,0.0,0.06953333333333334,19.1625,6.0,-2,19.559615831022064,,4000.0,0.0,0.0,0.0,48.434167943821954,optimal
2021-02-11 06:30:00,2,99,0.0,0.0,0.0,0.0818,26.46,6.0,-2,19.63026889863863,,0.0,0.0,0.0,0.0,48.38573377587813,optimal
2021-02-11 07:00:00,2,99,0.0,0.0,0.0,0.30306666666666665,20.79,6.0,-2,19.363918478787674,,0.0,0.0,0.0,0.0,48.33734804210225,optimal
2021-02-11 07:30:00,2,99,0.0,14.806742154154755,0.0,0.08313333333333334,29.106,6.0,-2,19.122234750749218,,0.0,13326.06793873928,0.0,0.0,48.289010694060146,optimal
2021-02-11 08:00:00,2,99,1.3333333333333333,0.0,0.0,0.19156666666666664,19.1835,6.0,-2,20.0,,4000.0,0.0,0.0,0.0,48.240721683366075,optimal
2021-02-11 08:30:00,2,99,0.7008945567454969,0.0,0.0,0.15783333333333335,19.6665,6.0,-2,20.083323985214058,,2102.683670236491,0.0,0.0,0.0,48.192480961682705,optimal
2021-02-11 09:00:00,2,99,0.9198198480760084,0.0,0.0,0.17433333333333334,19.404,6.0,-2,20.0,,2759.459544228025,0.0,0.0,0.0,48.144288480721016,optimal
2021-02-11 09:30:00,2,99,0.8129015050137018,0.3096296296296296,0.0,0.17736666666666667,19.047,6.0,-2,20.0,,2438.7045150411054,0.0,0.0,278.66666666666663,48.096144192240295,optimal
2021-02-11 10:00:00,2,99,1.1605031128182706,5.65074074074074,0.0,0.42223333333333335,18.858,6.0,-2,20.0,,3481.509338454812,0.0,0.0,5085.666666666666,48.048048048048045,optimal
2021-02-11 10:30:00,2,99,0.0,1.7029629629629628,0.0,0.1293,19.2675,6.0,-2,20.166353798626798,,0.0,0.0,0.0,1532.6666666666665,48.0,optimal
2021-02-11 11:00:00,2,99,0.3405987267623332,0.0,0.0,3.3025,18.963,6.0,-2,20.0,,1021.7961802869997,0.0,0.0,0.0,47.673698476777055,optimal
2021-02-11 11:30:00,2,99,0.8882987125711994,0.0,0.0,0.29646666666666666,18.438,6.0,-2,20.0,,2664.8961377135984,0.0,0.0,0.0,47.347723255077334,optimal
2021-02-11 12:00:00,2,99,0.0,0.0774074074074074,0.0,0.6666666666666666,18.7425,6.0,-2,20.078389032399752,,0.0,0.0,0.0,69.66666666666666,47.02207400859931,optimal
2021-02-11 12:30:00,2,99,1.3333333333333333,0.0,0.0,0.3922,15.2145,6.0,-2,20.0,,4000.0,0.0,0.0,0.0,46.696750411367766,optimal
2021-02-11 13:00:00,2,99,0.6089525795093865,0.0774074074074074,0.0,2.0562,17.7765,6.0,-2,20.245937282056115,,1826.8577385281596,0.0,0.0,69.66666666666666,46.37175213773345,optimal
2021-02-11 13:30:00,2,99,1.3333333333333333,0.23222222222222222,0.0,4.310833333333333,16.758,6.0,-2,20.3343145417112,,4000.0,0.0,0.0,209.0,46.04707886237278,optimal
2021-02-11 14:00:00,2,99,1.3333333333333333,0.0,0.0,1.9901333333333329,16.422,6.0,-2,20.65650121035501,,4000.0,0.0,0.0,0.0,45.72273026028746,optimal
2021-02-11 14:30:00,2,99,1.3333333333333333,0.0774074074074074,0.0,0.23426666666666668,16.758,6.0,-2,20.934997238726353,,4000.0,0.0,0.0,69.66666666666666,45.39870600680423,optimal
2021-02-11 15:00:00,2,99,0.0,0.0,0.0,0.09793333333333333,29.358,6.0,-2,21.158609782381234,,0.0,0.0,0.0,0.0,45.07500577757448,optimal
2021-02-11 15:30:00,2,99,0.0,0.23222222222222222,0.0,0.28446666666666665,34.9965,6.0,-2,20.99340784410692,,0.0,0.0,0.0,209.0,44.75162924857396,optimal
2021-02-11 16:00:00,2,99,0.0,3.8935925925925923,0.0,0.29256666666666664,34.65,6.0,-2,20.841060176325126,,0.0,0.0,0.0,3504.233333333333,44.42857609610245,optimal
2021-02-11 16:30:00,2,99,0.0,1.6023333333333332,0.0,1.4333,34.9965,6.0,-2,20.643858467375015,,0.0,0.0,0.0,1442.1,44.1058459967834,optimal
2021-02-11 17:00:00,2,99,0.0,0.0,0.0,0.30296666666666666,34.9965,6.0,-2,20.46994877619751,,0.0,0.0,0.0,0.0,43.783438627563676,optimal
2021-02-11 17:30:00,2,99,0.0,0.0,0.0,0.33443333333333336,30.4815,6.0,-2,20.23429660433343,,0.0,0.0,0.0,0.0,43.46135366571317,optimal
2021-02-11 18:00:00,2,99,0.0,3.15400315351799,0.0,0.4553666666666667,21.4305,6.0,-2,20.0,,0.0,2768.936171499525,0.0,69.66666666666666,43.13959078882451,optimal
2021-02-11 18:30:00,2,99,0.7888200924814377,0.0,0.0,2.449133333333333,14.3325,6.0,-2,20.0,,2366.460277444313,0.0,0.0,0.0,42.818149674812744,optimal
2021-02-11 19:00:00,2,99,1.3333333333333333,0.0,0.0,3.0564333333333336,13.692,6.0,-2,20.0,,4000.0,0.0,0.0,0.0,42.497030001914986,optimal
2021-02-11 19:30:00,2,99,0.4175298187337398,0.0,0.0,1.1180666666666665,14.007,6.0,-2,20.140673575085117,,1252.5894562012193,0.0,0.0,0.0,42.176231448690125,optimal
2021-02-11 20:00:00,2,99,1.0859220766244626,0.0,0.0,0.409,12.873,6.0,-2,20.0,,3257.7662298733876,0.0,0.0,0.0,41.85575369401849,optimal
2021-02-11 20:30:00,2,99,0.0,0.0,0.0,0.7565333333333333,12.684,6.0,-2,20.0,,0.0,0.0,0.0,0.0,41.53559641710153,optimal
2021-02-11 21:00:00,2,99,0.0,0.0,0.0,0.4799666666666666,12.306,6.0,-2,19.74616965632797,,0.0,0.0,0.0,0.0,41.21575929746149,optimal
2021-02-11 21:30:00,2,99,0.0,0.0,0.0,0.4931666666666667,10.6365,6.0,-2,19.474143957521825,,0.0,0.0,0.0,0.0,40.89624201494109,optimal
2021-02-11 22:00:00,2,99,0.0,0.0,0.0,0.1442,11.2455,6.0,-2,19.209946129889282,,0.0,0.0,0.0,0.0,40.85534577292615,optimal
2021-02-11 22:30:00,2,99,0.0,0.0,0.0,0.0734,11.2455,6.0,-2,18.915827226828448,,0.0,0.0,0.0,0.0,40.814490427153224,optimal
2021-02-11 23:00:00,2,99,0.0,0.0,0.0,0.29306666666666664,11.025,6.0,-2,18.611787674718936,,0.0,0.0,0.0,0.0,40.77367593672607,optimal
2021-02-11 23:30:00,2,99,0.0,0.0,0.0,0.21259999999999998,12.0855,6.0,-2,18.32266763041902,,0.0,0.0,0.0,0.0,40.732902260789345,optimal
2021-02-12 00:00:00,2,99,1.3333333333333333,0.0,0.0,0.061,10.689,6.0,2,18.32266763041902,,4000.0,0.0,0.0,0.0,40.69216935852855,optimal
2021-02-12 00:30:00,2,99,1.3333333333333333,0.0,0.0,0.061,8.1585,6.0,2,18.340620971709473,,4000.0,0.0,0.0,0.0,40.65147718917002,optimal
2021-02-12 01:00:00,2,99,1.3333333333333333,0.0,0.0,0.07313333333333334,10.3635,6.0,2,18.358345596345835,,4000.0,0.0,0.0,0.0,40.61082571198085,optimal
2021-02-12 01:30:00,2,99,1.3333333333333333,0.0,0.0,0.2843333333333333,10.8045,6.0,2,18.376876758352562,,4000.0,0.0,0.0,0.0,40.57021488626887,optimal
2021-02-12 02:00:00,2,99,1.3333333333333333,0.0,0.0,0.061,11.025,6.0,2,18.4144153205533,,4000.0,0.0,0.0,0.0,40.529644671382606,optimal
2021-02-12 02:30:00,2,99,1.3333333333333333,0.0,0.0,0.29646666666666666,10.3635,6.0,2,18.433747742523494,,4000.0,0.0,0.0,0.0,40.489115026711225,optimal
2021-02-12 03:00:00,2,99,1.3333333333333333,0.0,0.0,0.061,10.8045,6.0,2,18.476689938308027,,4000.0,0.0,0.0,0.0,40.448625911684516,optimal
2021-02-12 03:30:00,2,99,1.3333333333333333,0.0,0.0,0.2549666666666667,10.059,6.0,2,18.502872714664,,4000.0,0.0,0.0,0.0,40.40817728577283,optimal
2021-02-12 04:00:00,2,99,1.3333333333333333,0.0,0.0,0.1025,10.584,6.0,2,18.55414285200178,,4000.0,0.0,0.0,0.0,40.36776910848706,optimal
2021-02-12 04:30:00,2,99,1.3333333333333333,0.0,0.0,0.1579,9.4185,6.0,2,18.600705165700766,,4000.0,0.0,0.0,0.0,40.327401339378575,optimal
2021-02-12 05:00:00,2,99,1.3333333333333333,0.0,0.0,0.06609999999999999,10.3635,6.0,2,18.66030554877522,,4000.0,0.0,0.0,0.0,40.2870739380392,optimal
2021-02-12 05:30:00,2,99,1.3333333333333333,0.0,0.0,0.19446666666666668,9.8385,6.0,2,18.720253686455433,,4000.0,0.0,0.0,0.0,40.24678686410116,optimal
2021-02-12 06:00:00,2,99,1.3333333333333333,0.0,0.0,0.061,11.067,6.0,2,18.800551537334645,,4000.0,0.0,0.0,0.0,40.20654007723706,optimal
2021-02-12 06:30:00,2,99,1.3333333333333333,0.0,0.0,0.1338,10.8465,6.0,2,18.87866229309073,,4000.0,0.0,0.0,0.0,40.16633353715982,optimal
2021-02-12 07:00:00,2,99,1.3333333333333333,0.0,0.0,0.18796666666666667,13.671,6.0,2,18.963245948677407,,4000.0,0.0,0.0,0.0,40.126167203622664,optimal
2021-02-12 07:30:00,2,99,1.3333333333333333,11.470450166510853,0.0,0.10203333333333332,12.348,6.0,2,19.0526346628369,,4000.0,10323.405149859767,0.0,0.0,40.08604103641904,optimal
2021-02-12 08:00:00,2,99,1.3333333333333333,0.0,0.0,0.071,14.3325,6.0,2,20.0,,4000.0,0.0,0.0,0.0,40.04595499538262,optimal
2021-02-12 08:30:00,2,99,1.3333333333333333,0.0,0.0,0.20446666666666666,15.393,6.0,2,20.043439088393896,,4000.0,0.0,0.0,0.0,40.00590904038724,optimal
2021-02-12 09:00:00,2,99,1.3333333333333333,0.0,0.0,0.15769999999999998,13.587,6.0,2,20.095132626836982,,4000.0,0.0,0.0,0.0,39.96590313134685,optimal
2021-02-12 09:30:00,2,99,0.3230915321871966,0.0,0.0,0.15303333333333333,16.1385,6.0,2,20.163116014599836,,969.2745965615898,0.0,0.0,0.0,39.9259372282155,optimal
2021-02-12 10:00:00,2,99,0.6984683860642814,0.0,0.0,0.19383333333333327,14.595,6.0,2,20.0,,2095.4051581928443,0.0,0.0,0.0,39.886011290987284,optimal
2021-02-12 10:30:00,2,99,0.704148787746151,0.0,0.0,0.1169,14.637,6.0,2,20.0,,2112.446363238453,0.0,0.0,0.0,39.846125279696295,optimal
2021-02-12 11:00:00,2,99,0.5476395446840586,0.0,0.0,0.19233333333333327,13.9125,6.0,2,20.0,,1642.9186340521758,0.0,0.0,0.0,39.8062791544166,optimal
2021-02-12 11:30:00,2,99,0.5475440393387394,0.0,0.0,0.17980000000000002,13.3665,6.0,2,20.0,,1642.632118016218,0.0,0.0,0.0,39.76647287526218,optimal
2021-02-12 12:00:00,2,99,1.0492092800771209,0.0,0.0,0.061,13.0095,6.0,2,20.0,,3147.6278402313624,0.0,0.0,0.0,39.72670640238692,optimal
2021-02-12 12:30:00,2,99,0.0,0.0,0.0,0.17513333333333334,13.8915,6.0,2,20.12955614544148,,0.0,0.0,0.0,0.0,39.68697969598453,optimal
2021-02-12 13:00:00,2,99,0.49879679451611597,0.0,0.0,0.1823333333333333,13.188,6.0,2,20.0,,1496.390383548348,0.0,0.0,0.0,39.64729271628855,optimal
2021-02-12 13:30:00,2,99,0.5119322496512045,0.0,0.0,0.1579,12.5685,6.0,2,20.0,,1535.7967489536136,0.0,0.0,0.0,39.60764542357226,optimal
2021-02-12 14:00:00,2,99,0.5799072009973886,0.0,0.0,0.06609999999999999,12.285,6.0,2,20.0,,1739.7216029921658,0.0,0.0,0.0,39.568037778148685,optimal
2021-02-12 14:30:00,2,99,1.3333333333333333,0.0,0.0,0.13913333333333333,11.487,6.0,2,20.0,,4000.0,0.0,0.0,0.0,39.52846974037054,optimal
2021-02-12 15:00:00,2,99,1.1019008821989216,0.0,0.0,0.2885,11.802,6.0,2,20.19679741408447,,3305.702646596765,0.0,0.0,0.0,39.48894127063017,optimal
2021-02-12 15:30:00,2,99,1.3333333333333333,0.3096296296296296,0.0,0.224,11.2245,6.0,2,20.350245574643743,,4000.0,0.0,0.0,278.66666666666663,39.44945232935954,optimal
2021-02-12 16:00:00,2,99,1.3333333333333333,0.0,0.0,2.7101333333333333,11.025,6.0,2,20.562338204429814,,4000.0,0.0,0.0,0.0,39.41000287703018,optimal
2021-02-12 16:30:00,2,99,1.3333333333333333,0.8514814814814814,0.0,0.9125666666666669,11.907,6.0,2,20.790913843945702,,4000.0,0.0,0.0,766.3333333333333,39.370592874153154,optimal
2021-02-12 17:00:00,2,99,0.0,0.46444444444444444,0.0,2.3445666666666667,25.83,6.0,2,21.013270727959323,,0.0,0.0,0.0,418.0,39.331222281279004,optimal
2021-02-12 17:30:00,2,99,0.0,0.0774074074074074,0.0,3.318333333333333,28.035,6.0,2,20.87418719228236,,0.0,0.0,0.0,69.66666666666666,39.29189105899773,optimal
2021-02-12 18:00:00,2,99,0.0,0.3096296296296296,0.0,0.5129,28.119,6.0,2,20.77117589431985,,0.0,0.0,0.0,278.66666666666663,39.252599167938726,optimal
2021-02-12 18:30:00,2,99,0.0,0.0774074074074074,0.0,2.0071666666666665,30.156,6.0,2,20.584874131281804,,0.0,0.0,0.0,69.66666666666666,39.21334656877079,optimal
2021-02-12 19:00:00,2,99,0.0,0.1548148148148148,0.0,2.7785666666666664,29.1585,6.0,2,20.433969885053195,,0.0,0.0,0.0,139.33333333333331,39.174133222202016,optimal
2021-02-12 19:30:00,2,99,0.0,0.1548148148148148,0.0,1.1483333333333332,26.712,6.0,2,20.30766384828921,,0.0,0.0,0.0,139.33333333333331,39.13495908897981,optimal
2021-02-12 20:00:00,2,99,0.0,0.3096296296296296,0.0,3.2184,15.435,6.0,2,20.141414649548384,,0.0,0.0,0.0,278.66666666666663,39.09582412989083,optimal
2021-02-12 20:30:00,2,99,0.0,0.0,0.0,0.9744333333333332,13.566,6.0,2,20.0,,0.0,0.0,0.0,0.0,39.05672830576094,optimal
2021-02-12 21:00:00,2,99,0.0,0.0,0.0,2.6423666666666668,12.789,6.0,2,19.835461028349922,,0.0,0.0,0.0,0.0,39.01767157745518,optimal
2021-02-12 21:30:00,2,99,0.0,0.0774074074074074,0.0,2.817133333333333,12.1275,6.0,2,19.708732676152295,,0.0,0.0,0.0,69.66666666666666,38.97865390587773,optimal
2021-02-12 22:00:00,2,99,0.0,0.0,0.0,0.163,13.671,6.0,2,19.611928714548498,,0.0,0.0,0.0,0.0,38.93967525197185,optimal
2021-02-12 22:30:00,2,99,0.0,0.0,0.0,0.0792,10.668,6.0,2,19.38017867729037,,0.0,0.0,0.0,0.0,38.900735576719875,optimal
2021-02-12 23:00:00,2,99,0.0,0.0,0.0,0.21706666666666663,11.7285,6.0,2,19.144251065816174,,0.0,0.0,0.0,0.0,38.86183484114316,optimal
2021-02-12 23:30:00,2,99,0.0,0.0,0.0,0.1222,11.025,6.0,2,18.923059163298245,,0.0,0.0,0.0,0.0,38.822973006302014,optimal
2021-02-13 00:00:00,2,99,1.3333333333333333,0.0,5.0,0.062,7.056,6.0,1,18.923059163298245,,4000.0,0.0,0.0,0.0,41.15915003329571,optimal
2021-02-13 00:30:00,2,99,1.3333333333333333,0.0,0.0,0.062,9.3975,6.0,1,19.017461554214723,,4000.0,0.0,0.0,0.0,41.117990883262415,optimal
2021-02-13 01:00:00,2,99,0.15991289185389476,0.0,0.0,0.2796666666666667,10.059,6.0,1,19.111298280716994,,479.73867556168426,0.0,0.0,0.0,41.07687289237915,optimal
2021-02-13 01:30:00,2,99,1.3333333333333333,0.0,0.0,0.17533333333333334,9.261,6.0,1,18.92358191834933,,4000.0,0.0,0.0,0.0,41.03579601948677,optimal
2021-02-13 02:00:00,2,99,1.3333333333333333,0.0,3.4734976117776517,0.16803333333333334,8.1585,6.0,1,19.029531314102467,,4000.0,0.0,0.0,0.0,42.64467158906166,optimal
2021-02-13 02:30:00,2,99,1.3333333333333333,0.0,0.0,0.17363333333333333,9.4815,6.0,1,19.134146836500417,,4000.0,0.0,0.0,0.0,42.60202691747259,optimal
2021-02-13 03:00:00,2,99,1.3333333333333333,0.0,0.0,0.22019999999999998,8.379,6.0,1,19.237906073833514,,4000.0,0.0,0.0,0.0,42.55942489055512,optimal
2021-02-13 03:30:00,2,99,1.3333333333333333,0.0,0.0,0.2348,9.5235,6.0,1,19.34430550126966,,4000.0,0.0,0.0,0.0,42.51686546566456,optimal
2021-02-13 04:00:00,2,99,1.3333333333333333,0.0,5.0,0.10266666666666668,8.1375,6.0,1,19.449954689318606,,4000.0,0.0,0.0,0.0,44.849348600198894,optimal
2021-02-13 04:30:00,2,99,1.3333333333333333,0.0,0.0,0.13419999999999999,10.0905,6.0,1,19.54237868481399,,4000.0,0.0,0.0,0.0,44.804499251598685,optimal
2021-02-13 05:00:00,2,99,1.3333333333333333,0.0,5.0,0.28013333333333335,7.539,6.0,1,19.635034244455007,,4000.0,0.0,0.0,0.0,47.13469475234708,optimal
2021-02-13 05:30:00,2,99,1.3333333333333333,0.0,5.0,0.062,7.938,6.0,1,19.737651912371945,,4000.0,0.0,0.0,0.0,49.46256005759473,optimal
2021-02-13 06:00:00,2,99,1.3333333333333333,0.0,0.0,0.24756666666666663,8.274,6.0,1,19.819128895416895,,4000.0,0.0,0.0,0.0,49.41309749753713,optimal
2021-02-13 06:30:00,2,99,1.3333333333333333,0.0,0.0,0.2074333333333333,9.261,6.0,1,19.914082518787016,,4000.0,0.0,0.0,0.0,49.363684400039595,optimal
2021-02-13 07:00:00,2,99,1.3333333333333333,0.0,0.0,0.102,9.9225,6.0,1,20.00377484093676,,4000.0,0.0,0.0,0.0,49.314320715639546,optimal
2021-02-13 07:30:00,2,99,1.3333333333333333,0.0,0.0,0.14533333333333334,9.702,6.0,1,20.08268860793809,,4000.0,0.0,0.0,0.0,49.26500639492391,optimal
2021-02-13 08:00:00,2,99,1.3333333333333333,0.0,0.0,0.1029,10.584,6.0,1,20.162852899240033,,4000.0,0.0,0.0,0.0,49.215741388528976,optimal
2021-02-13 08:30:00,2,99,1.3333333333333333,0.0,0.0,0.2892333333333333,10.143,6.0,1,20.239534631212585,,4000.0,0.0,0.0,0.0,49.16652564714044,optimal
2021-02-13 09:00:00,2,99,0.0,0.0,0.0,0.1242,13.0095,6.0,1,20.330907779534428,,0.0,0.0,0.0,0.0,49.1173591214933,optimal
2021-02-13 09:30:00,2,99,1.3333333333333333,0.0,0.0,0.32880000000000004,11.025,6.0,1,20.085291573834166,,4000.0,0.0,0.0,0.0,49.0682417623718,optimal
2021-02-13 10:00:00,2,99,0.0,0.0,0.0,0.14653333333333332,12.789,6.0,1,20.204523323366285,,0.0,0.0,0.0,0.0,49.01917352060943,optimal
2021-02-13 10:30:00,2,99,1.3333333333333333,0.0,0.0,0.18586666666666668,12.1275,6.0,1,20.0,,4000.0,0.0,0.0,0.0,48.97015434708881,optimal
2021-02-13 11:00:00,2,99,1.3333333333333333,0.0,0.0,0.08826666666666666,12.1695,6.0,1,20.141915601115596,,4000.0,0.0,0.0,0.0,48.92118419274172,optimal
2021-02-13 11:30:00,2,99,1.3333333333333333,0.0,0.0,0.2022,12.306,6.0,1,20.310547260063395,,4000.0,0.0,0.0,0.0,48.87226300854897,optimal
2021-02-13 12:00:00,2,99,1.1545580257652552,0.0,0.0,0.20683333333333329,13.23,6.0,1,20.487361399324413,,3463.6740772957655,0.0,0.0,0.0,48.823390745540415,optimal
2021-02-13 12:30:00,2,99,0.0,0.0,0.0,0.21363333333333331,13.671,6.0,1,20.63187009667238,,0.0,0.0,0.0,0.0,48.774567354794875,optimal
2021-02-13 13:00:00,2,99,0.0,0.0,0.0,0.15319999999999998,13.9335,6.0,1,20.481662229153272,,0.0,0.0,0.0,0.0,48.72579278744007,optimal
2021-02-13 13:30:00,2,99,1.3333333333333333,0.0,0.0,0.06966666666666667,13.293,6.0,1,20.33529034204084,,4000.0,0.0,0.0,0.0,48.67706699465263,optimal
2021-02-13 14:00:00,2,99,1.3333333333333333,0.0,0.0,0.3112333333333333,12.1065,6.0,1,20.52548033462143,,4000.0,0.0,0.0,0.0,48.62838992765797,optimal
2021-02-13 14:30:00,2,99,1.3333333333333333,0.0,0.0,0.14376666666666668,11.571,6.0,1,20.70894513394468,,4000.0,0.0,0.0,0.0,48.579761537730306,optimal
2021-02-13 15:00:00,2,99,1.3333333333333333,0.0,0.0,0.1442,11.025,6.0,1,20.87709806831333,,4000.0,0.0,0.0,0.0,48.53118177619257,optimal
2021-02-13 15:30:00,2,99,1.3333333333333333,0.0,0.0,0.21646666666666667,10.8465,6.0,1,21.021170458724292,,4000.0,0.0,0.0,0.0,48.48265059441637,optimal
2021-02-13 16:00:00,2,99,1.3333333333333333,0.0,0.0,0.24506666666666663,11.2455,6.0,1,21.16819706920614,,4000.0,0.0,0.0,0.0,48.434167943821954,optimal
2021-02-13 16:30:00,2,99,0.0,0.0,0.0,0.07013333333333334,23.8665,6.0,1,21.28983529139315,,0.0,0.0,0.0,0.0,48.38573377587813,optimal
2021-02-13 17:00:00,2,99,0.0,0.0,0.0,0.22726666666666667,27.4575,6.0,1,21.055105142771687,,0.0,0.0,0.0,0.0,48.33734804210225,optimal
2021-02-13 17:30:00,2,99,0.0,0.0,0.0,0.23433333333333328,27.3735,6.0,1,20.81425128185482,,0.0,0.0,0.0,0.0,48.289010694060146,optimal
2021-02-13 18:00:00,2,99,0.0,0.23222222222222222,0.0,0.144,30.4605,6.0,1,20.593104634845133,,0.0,0.0,0.0,209.0,48.240721683366075,optimal
2021-02-13 18:30:00,2,99,0.0,0.1548148148148148,0.0,0.4122,30.0195,6.0,1,20.367913365290775,,0.0,0.0,0.0,139.33333333333331,48.192480961682705,optimal
2021-02-13 19:00:00,2,99,0.0,0.0774074074074074,0.0,0.4424333333333333,26.9325,6.0,1,20.180668948946842,,0.0,0.0,0.0,69.66666666666666,48.144288480721016,optimal
2021-02-13 19:30:00,2,99,0.6950439586693845,0.1548148148148148,0.0,0.40066666666666667,14.595,6.0,1,20.0,,2085.1318760081535,0.0,0.0,139.33333333333331,48.096144192240295,optimal
2021-02-13 20:00:00,2,99,0.6697238582489072,0.0,0.0,0.40703333333333336,12.4845,6.0,1,20.0,,2009.1715747467217,0.0,0.0,0.0,48.048048048048045,optimal
2021-02-13 20:30:00,2,99,0.0,0.0,0.0,0.30019999999999997,12.1275,6.0,1,20.0,,0.0,0.0,0.0,0.0,48.0,optimal
2021-02-13 21:00:00,2,99,0.0,0.387037037037037,0.0,0.37806666666666666,12.1275,6.0,1,19.822485266591293,,0.0,0.0,0.0,348.3333333333333,46.900468121280596,optimal
2021-02-13 21:30:00,2,99,0.0,0.0,0.0,0.4073,12.789,6.0,1,19.637078745852097,,0.0,0.0,0.0,0.0,45.802035774439915,optimal
2021-02-13 22:00:00,2,99,0.0,0.3096296296296296,0.0,0.3301,11.907,6.0,1,19.449134579120035,,0.0,0.0,0.0,278.66666666666663,45.75623373866547,optimal
2021-02-13 22:30:00,2,99,0.0,0.0,0.0,1.0914000000000001,11.025,6.0,1,19.27158084004408,,0.0,0.0,0.0,0.0,45.71047750492681,optimal
2021-02-13 23:00:00,2,99,0.0,0.0,0.0,0.24803333333333333,8.2005,6.0,1,19.106730135646963,,0.0,0.0,0.0,0.0,45.66476702742188,optimal
2021-02-13 23:30:00,2,99,0.0,0.0774074074074074,0.0,0.5514666666666667,9.5655,6.0,1,18.94101212345073,,0.0,0.0,0.0,69.66666666666666,45.619102260394456,optimal
2021-02-07 00:00:00,3,99,0.0,0.0,0.0,0.061,8.274,6.0,-2,21.0,,0.0,0.0,0.0,0.0,47.952,optimal
2021-02-07 00:30:00,3,99,1.3333333333333333,0.0,0.0,0.12940000000000002,7.7175,6.0,-2,20.783988078316995,,4000.0,0.0,0.0,0.0,47.904047999999996,optimal
2021-02-07 01:00:00,3,99,1.3333333333333333,0.0,0.0,0.171,6.615,6.0,-2,20.915605730509142,,4000.0,0.0,0.0,0.0,47.856143952,optimal
2021-02-07 01:30:00,3,99,1.3333333333333333,0.0,0.0,0.14466666666666667,6.174,6.0,-2,21.04781214122745,,4000.0,0.0,0.0,0.0,47.80828780804799,optimal
2021-02-07 02:00:00,3,99,1.3333333333333333,0.0,0.0,0.13873333333333332,3.906,6.0,-2,21.175003038032546,,4000.0,0.0,0.0,0.0,47.76047952023995,optimal
2021-02-07 02:30:00,3,99,1.3333333333333333,0.0,0.0,0.171,2.3415,6.0,-2,21.29968703401585,,4000.0,0.0,0.0,0.0,47.712719040719705,optimal
2021-02-07 03:00:00,3,99,1.3333333333333333,0.0,0.0,0.12940000000000002,2.205,6.0,-2,21.424452538927515,,4000.0,0.0,0.0,0.0,47.66500632167899,optimal
2021-02-07 03:30:00,3,99,1.3333333333333333,0.0,1.6176683379385726,0.14633333333333334,0.882,6.0,-2,21.542815190488618,,4000.0,0.0,0.0,0.0,48.38573377587813,optimal
2021-02-07 04:00:00,3,99,1.3333333333333333,0.0,0.0,0.2094,1.5435,6.0,-2,21.660473724105422,,4000.0,0.0,0.0,0.0,48.33734804210225,optimal
2021-02-07 04:30:00,3,99,1.3333333333333333,0.0,0.0,0.1038,1.5435,6.0,-2,21.781362271864502,,4000.0,0.0,0.0,0.0,48.289010694060146,optimal
2021-02-07 05:00:00,3,99,1.3333333333333333,0.0,0.0,0.2019333333333333,5.0715,6.0,-2,21.891725995723174,,4000.0,0.0,0.0,0.0,48.240721683366075,optimal
2021-02-07 05:30:00,3,99,1.3333333333333333,0.0,0.0,0.171,5.376,6.0,-2,22.009033218029067,,4000.0,0.0,0.0,0.0,48.192480961682705,optimal
2021-02-07 06:00:00,3,99,1.3333333333333333,0.0,0.0,0.2147333333333333,5.0715,6.0,-2,22.12221410405249,,4000.0,0.0,0.0,0.0,48.144288480721016,optimal
2021-02-07 06:30:00,3,99,1.3333333333333333,0.0,0.0,0.106,5.5125,6.0,-2,22.23767408457874,,4000.0,0.0,0.0,0.0,48.096144192240295,optimal
2021-02-07 07:00:00,3,99,0.3248190780374605,0.0,0.0,0.2038,9.261,6.0,-2,22.341774829910086,,974.4572341123817,0.0,0.0,0.0,48.048048048048045,optimal
2021-02-07 07:30:00,3,99,0.0,0.0774074074074074,0.0,0.20466666666666664,11.7075,6.0,-2,22.194726214579852,,0.0,0.0,0.0,69.66666666666666,48.0,optimal
2021-02-07 08:00:00,3,99,0.0,0.0774074074074074,0.0,0.3231,12.348,6.0,-2,22.0,,0.0,0.0,0.0,69.66666666666666,47.490129271052425,optimal
2021-02-07 08:30:00,3,99,0.0,0.0,0.0,0.13353333333333334,12.348,6.0,-2,21.80017988410236,,0.0,0.0,0.0,0.0,46.9807684128338,optimal
2021-02-07 09:00:00,3,99,1.3333333333333333,0.0,0.0,0.1916,12.1275,6.0,-2,21.552474999804257,,4000.0,0.0,0.0,0.0,46.471916915473386,optimal
2021-02-07 09:30:00,3,99,0.7158941853666261,0.0,0.0,0.1472,12.5265,6.0,-2,21.662811026046725,,2147.682556099878,0.0,0.0,0.0,45.96357426961034,optimal
2021-02-07 10:00:00,3,99,1.3333333333333333,0.0,0.0,0.16293333333333335,11.7495,6.0,-2,21.61100000852512,,4000.0,0.0,0.0,0.0,45.45573996639315,optimal
2021-02-07 10:30:00,3,99,0.0,0.0,0.0,0.1844,13.23,6.0,-2,21.731989630535818,,0.0,0.0,0.0,0.0,44.94841349747919,optimal
2021-02-07 11:00:00,3,99,0.0,0.0,0.0,0.06526666666666667,14.3325,6.0,-2,21.511658439660586,,0.0,0.0,0.0,0.0,44.441594355034134,optimal
2021-02-07 11:30:00,3,99,0.0,0.0,0.0,0.3204666666666666,14.994,6.0,-2,21.29958656195666,,0.0,0.0,0.0,0.0,43.935282031731525,optimal
2021-02-07 12:00:00,3,99,0.0,0.0,0.0,0.06526666666666667,14.8155,6.0,-2,21.11192955392071,,0.0,0.0,0.0,0.0,43.42947602075222,optimal
2021-02-07 12:30:00,3,99,0.0,0.0,0.0,0.15346666666666667,14.112,6.0,-2,20.916522378351715,,0.0,0.0,0.0,0.0,42.92417581578389,optimal
2021-02-07 13:00:00,3,99,0.0,0.0,0.0,0.183,14.007,6.0,-2,20.731108912963297,,0.0,0.0,0.0,0.0,42.41938091102053,optimal
2021-02-07 13:30:00,3,99,1.3333333333333333,0.0,0.0,0.1913333333333333,13.23,6.0,-2,20.53998986890193,,4000.0,0.0,0.0,0.0,41.91509080116194,optimal
2021-02-07 14:00:00,3,99,1.3333333333333333,0.0,0.0,0.14733333333333334,11.382,6.0,-2,20.692983549693576,,4000.0,0.0,0.0,0.0,41.4113049814132,optimal
2021-02-07 14:30:00,3,99,1.3333333333333333,0.0,0.0,0.6312333333333333,11.7495,6.0,-2,20.849899358163853,,4000.0,0.0,0.0,0.0,40.90802294748421,optimal
2021-02-07 15:00:00,3,99,0.0,0.23222222222222222,0.0,0.42419999999999997,24.3285,6.0,-2,21.056437676479547,,0.0,0.0,0.0,209.0,40.405244195589155,optimal
2021-02-07 15:30:00,3,99,0.0,0.0,0.0,0.5485333333333333,28.917,6.0,-2,20.915431523384058,,0.0,0.0,0.0,0.0,39.90296822244599,optimal
2021-02-07 16:00:00,3,99,0.0,0.0,0.0,0.07053333333333334,31.3635,6.0,-2,20.788911034358318,,0.0,0.0,0.0,0.0,39.40119452527597,optimal
2021-02-07 16:30:00,3,99,0.0,0.774074074074074,0.0,0.6141,33.306,6.0,-2,20.577200341292965,,0.0,0.0,0.0,696.6666666666666,38.89992260180312,optimal
2021-02-07 17:00:00,3,99,0.0,0.23222222222222222,0.0,2.1779333333333333,31.3425,6.0,-2,20.417703890705845,,0.0,0.0,0.0,209.0,38.86102267920132,optimal
2021-02-07 17:30:00,3,99,0.0,2.7866666666666666,0.0,0.2967666666666667,28.2555,6.0,-2,20.33857980088098,,0.0,0.0,0.0,2508.0,38.82216165652212,optimal
2021-02-07 18:00:00,3,99,0.0,0.0,0.0,0.43223333333333336,15.6975,6.0,-2,20.16112419035505,,0.0,0.0,0.0,0.0,38.7833394948656,optimal
2021-02-07 18:30:00,3,99,0.49983935062226814,0.23222222222222222,0.0,0.7791666666666667,12.5475,6.0,-2,20.0,,1499.5180518668044,0.0,0.0,209.0,38.74455615537074,optimal
2021-02-07 19:00:00,3,99,0.581532734165834,0.1548148148148148,0.0,0.37226666666666663,12.0855,6.0,-2,20.0,,1744.598202497502,0.0,0.0,139.33333333333331,38.705811599215366,optimal
2021-02-07 19:30:00,3,99,1.1199875078467343,0.1548148148148148,0.0,0.6607333333333334,11.907,6.0,-2,20.0,,3359.962523540203,0.0,0.0,139.33333333333331,38.66710578761615,optimal
2021-02-07 20:00:00,3,99,0.0,0.5418518518518518,0.0,0.3771666666666667,12.5685,6.0,-2,20.154496331142568,,0.0,0.0,0.0,487.6666666666667,38.628438681828534,optimal
2021-02-07 20:30:00,3,99,0.0,0.6192592592592592,0.0,0.4243,13.146,6.0,-2,20.0,,0.0,0.0,0.0,557.3333333333333,38.58981024314671,optimal
2021-02-07 21:00:00,3,99,0.0,0.9288888888888889,0.0,0.27853333333333335,10.584,6.0,-2,19.843982931199058,,0.0,0.0,0.0,836.0,38.55122043290356,optimal
2021-02-07 21:30:00,3,99,0.0,0.0,0.0,0.26143333333333335,6.678,6.0,-2,19.683934697257296,,0.0,0.0,0.0,0.0,38.51266921247066,optimal
2021-02-07 22:00:00,3,99,0.0,2.7092592592592597,0.0,0.5107333333333334,7.938,6.0,-2,19.518557211351492,,0.0,0.0,0.0,2438.3333333333335,38.47415654325819,optimal
2021-02-07 22:30:00,3,99,0.0,0.0,0.0,0.43846666666666656,5.292,6.0,-2,19.375113725451115,,0.0,0.0,0.0,0.0,38.43568238671493,optimal
2021-02-07 23:00:00,3,99,0.0,0.0,0.0,0.3161333333333333,9.261,6.0,-2,19.221075521690075,,0.0,0.0,0.0,0.0,38.39724670432822,optimal
2021-02-07 23:30:00,3,99,0.0,0.0,0.0,0.12966666666666665,10.3635,6.0,-2,19.050082903219167,,0.0,0.0,0.0,0.0,38.35884945762389,optimal
2021-02-08 00:00:00,3,99,0.0,0.0,0.0,0.06066666666666666,11.2455,6.0,2,19.050082903219167,,0.0,0.0,0.0,0.0,38.32049060816627,optimal
2021-02-08 00:30:00,3,99,0.0,0.0,0.0,0.1663,11.025,6.0,2,18.831070351011178,,0.0,0.0,0.0,0.0,38.2821701175581,optimal
2021-02-08 01:00:00,3,99,1.3333333333333333,0.0,1.82904076329925,0.197,5.9745,6.0,2,18.642681392353342,,4000.0,0.0,0.0,0.0,39.11268231000768,optimal
2021-02-08 01:30:00,3,99,1.3333333333333333,0.0774074074074074,0.0,0.38146666666666657,7.938,6.0,2,18.798609758246094,,4000.0,0.0,0.0,69.66666666666666,39.073569627697665,optimal
2021-02-08 02:00:00,3,99,1.3333333333333333,0.0,0.0,0.09373333333333332,8.6835,6.0,2,18.975888249697572,,4000.0,0.0,0.0,0.0,39.03449605806997,optimal
2021-02-08 02:30:00,3,99,1.3333333333333333,0.0,0.0,0.094,7.665,6.0,2,19.13211745188542,,4000.0,0.0,0.0,0.0,38.99546156201189,optimal
2021-02-08 03:00:00,3,99,1.3333333333333333,0.0,0.0,1.1145,6.7725,6.0,2,19.29377162504446,,4000.0,0.0,0.0,0.0,38.95646610044988,optimal
2021-02-08 03:30:00,3,99,1.3333333333333333,0.6966666666666667,5.0,0.23206666666666664,5.5755,6.0,2,19.47646330376437,,4000.0,0.0,0.0,627.0,41.29250963434943,optimal
2021-02-08 04:00:00,3,99,1.3333333333333333,0.0774074074074074,5.0,0.2576333333333333,5.0925,6.0,2,19.647604881433033,,4000.0,0.0,0.0,69.66666666666666,43.626217124715076,optimal
2021-02-08 04:30:00,3,99,1.3333333333333333,0.5418518518518518,5.0,1.4166333333333334,4.1895,6.0,2,19.812772646243314,,4000.0,0.0,0.0,487.6666666666667,45.95759090759036,optimal
2021-02-08 05:00:00,3,99,1.3333333333333333,5.495925925925925,0.0,0.34983333333333333,7.056,6.0,2,20.012385381708214,,4000.0,0.0,0.0,4946.333333333333,45.91163331668277,optimal
2021-02-08 05:30:00,3,99,1.3333333333333333,0.3096296296296296,5.0,0.3517333333333333,5.271,6.0,2,20.173466488624353,,4000.0,0.0,0.0,278.66666666666663,48.240721683366075,optimal
2021-02-08 06:00:00,3,99,1.3333333333333333,0.0,0.0,0.207,7.938,6.0,2,20.32588286499068,,4000.0,0.0,0.0,0.0,48.192480961682705,optimal
2021-02-08 06:30:00,3,99,1.3333333333333333,0.774074074074074,0.0,0.42193333333333327,7.938,6.0,2,20.462589415649692,,4000.0,0.0,0.0,696.6666666666666,48.144288480721016,optimal
2021-02-08 07:00:00,3,99,1.3333333333333333,0.23222222222222222,0.0,0.207,11.907,6.0,2,20.62956092500784,,4000.0,0.0,0.0,209.0,48.096144192240295,optimal
2021-02-08 07:30:00,3,99,1.3333333333333333,1.315925925925926,0.0,0.3435,11.025,6.0,2,20.784826102735977,,4000.0,0.0,0.0,1184.3333333333333,48.048048048048045,optimal
2021-02-08 08:00:00,3,99,1.3333333333333333,0.774074074074074,0.0,0.32226666666666665,11.2875,6.0,2,20.957424823579732,,4000.0,0.0,0.0,696.6666666666666,48.0,optimal
2021-02-08 08:30:00,3,99,0.0,0.0,0.0,0.12366666666666669,12.936,6.0,2,21.138116284824704,,0.0,0.0,0.0,0.0,47.90150303452008,optimal
2021-02-08 09:00:00,3,99,0.0,0.0,0.0,0.15173333333333333,13.0095,6.0,2,20.90461285452876,,0.0,0.0,0.0,0.0,47.80310456600565,optimal
2021-02-08 09:30:00,3,99,0.0,0.0,0.0,0.1076,13.671,6.0,2,20.67370670918887,,0.0,0.0,0.0,0.0,47.70480449595973,optimal
2021-02-08 10:00:00,3,99,0.0,0.0,0.0,0.19743333333333332,13.188,6.0,2,20.44389812302627,,0.0,0.0,0.0,0.0,47.606602725983855,optimal
2021-02-08 10:30:00,3,99,0.0,0.0,0.0,0.12290000000000001,13.8495,6.0,2,20.25269185586599,,0.0,0.0,0.0,0.0,47.508499157777955,optimal
2021-02-08 11:00:00,3,99,0.4035395068323091,0.0,0.0,0.2052,13.23,6.0,2,20.055669017179113,,1210.6185204969272,0.0,0.0,0.0,47.41049369314026,optimal
2021-02-08 11:30:00,3,99,0.639378090424835,0.0,0.0,0.12866666666666665,13.3665,6.0,2,20.0,,1918.1342712745047,0.0,0.0,0.0,47.3125862339672,optimal
2021-02-08 12:00:00,3,99,1.3333333333333333,0.0,0.0,0.09406666666666666,13.0515,6.0,2,20.0,,4000.0,0.0,0.0,0.0,47.21477668225332,optimal
2021-02-08 12:30:00,3,99,1.3333333333333333,0.0774074074074074,0.0,0.14730000000000001,13.5345,6.0,2,20.185049963804147,,4000.0,0.0,0.0,69.66666666666666,47.117064940091154,optimal
2021-02-08 13:00:00,3,99,0.0,0.0,0.0,0.5412666666666667,14.154,6.0,2,20.379555921340025,,0.0,0.0,0.0,0.0,47.01945090967115,optimal
2021-02-08 13:30:00,3,99,0.0,0.1548148148148148,0.0,1.6775,14.112,6.0,2,20.26418581731472,,0.0,0.0,0.0,139.33333333333331,46.92193449328156,optimal
2021-02-08 14:00:00,3,99,0.8419989769952338,0.3096296296296296,0.0,0.2879333333333333,14.2485,6.0,2,20.214877615983102,,2525.9969309857015,0.0,0.0,278.66666666666663,46.82451559330836,optimal
2021-02-08 14:30:00,3,99,1.3333333333333333,0.0774074074074074,0.0,0.15716666666666665,12.789,6.0,2,20.31475435959949,,4000.0,0.0,0.0,69.66666666666666,46.72719411223514,optimal
2021-02-08 15:00:00,3,99,1.3333333333333333,0.0,0.0,0.09406666666666666,13.0095,6.0,2,20.528159233208818,,4000.0,0.0,0.0,0.0,46.62996995264299,optimal
2021-02-08 15:30:00,3,99,1.3333333333333333,0.0,0.0,0.2052,12.1275,6.0,2,20.686827213764555,,4000.0,0.0,0.0,0.0,46.53284301721043,optimal
2021-02-08 16:00:00,3,99,1.3333333333333333,0.0,0.0,0.15173333333333333,12.348,6.0,2,20.853566374575088,,4000.0,0.0,0.0,0.0,46.435813208713306,optimal
2021-02-08 16:30:00,3,99,1.3333333333333333,0.0,0.0,0.1747,12.348,6.0,2,20.98947132982176,,4000.0,0.0,0.0,0.0,46.33888043002468,optimal
2021-02-08 17:00:00,3,99,0.0,0.0,0.0,0.17613333333333334,25.389,6.0,2,21.1236880705799,,0.0,0.0,0.0,0.0,46.24204458411474,optimal
2021-02-08 17:30:00,3,99,0.0,0.0774074074074074,0.0,0.3148666666666667,29.1375,6.0,2,20.89400414851869,,0.0,0.0,0.0,69.66666666666666,46.14530557405071,optimal
2021-02-08 18:00:00,3,99,0.0,0.0774074074074074,0.0,0.3182,30.597,6.0,2,20.696831394395304,,0.0,0.0,0.0,69.66666666666666,46.048663302996744,optimal
2021-02-08 18:30:00,3,99,0.0,0.3096296296296296,0.0,0.30626666666666663,33.684,6.0,2,20.51096946932334,,0.0,0.0,0.0,278.66666666666663,45.95211767421383,optimal
2021-02-08 19:00:00,3,99,0.0,0.0774074074074074,0.0,0.32330000000000003,32.445,6.0,2,20.335293312489707,,0.0,0.0,0.0,69.66666666666666,45.855668591059704,optimal
2021-02-08 19:30:00,3,99,0.0,0.3096296296296296,0.0,0.5812333333333334,28.917,6.0,2,20.160867072721057,,0.0,0.0,0.0,278.66666666666663,45.75931595698873,optimal
2021-02-08 20:00:00,3,99,0.5188068838348566,0.23222222222222222,0.0,0.7032,15.876,6.0,2,20.0,,1556.4206515045698,0.0,0.0,209.0,45.66305967555183,optimal
2021-02-08 20:30:00,3,99,0.0,0.0,0.0,0.5005666666666667,12.348,6.0,2,20.0,,0.0,0.0,0.0,0.0,45.56689965039636,optimal
2021-02-08 21:00:00,3,99,0.0,2.5544444444444445,0.0,0.6477999999999999,12.1275,6.0,2,19.848592519269395,,0.0,0.0,0.0,2299.0,45.47083578526605,optimal
2021-02-08 21:30:00,3,99,0.0,0.0,0.0,0.507,12.348,6.0,2,19.70778614593859,,0.0,0.0,0.0,0.0,45.374867984000865,optimal
2021-02-08 22:00:00,3,99,0.0,0.0,0.0,0.5087,12.1275,6.0,2,19.562136496945502,,0.0,0.0,0.0,0.0,45.27899615053695,optimal
2021-02-08 22:30:00,3,99,0.0,0.0,0.0,0.4630666666666667,12.1275,6.0,2,19.39993545949604,,0.0,0.0,0.0,0.0,45.23371715438641,optimal
2021-02-08 23:00:00,3,99,0.0,0.0,0.0,0.3826666666666667,11.2665,6.0,2,19.24934824154871,,0.0,0.0,0.0,0.0,45.18848343723202,optimal
2021-02-08 23:30:00,3,99,0.0,0.1548148148148148,0.0,0.40193333333333325,10.143,6.0,2,19.09345135913191,,0.0,0.0,0.0,139.33333333333331,45.14329495379479,optimal
2021-02-09 00:00:00,3,99,1.3333333333333333,0.0,0.0,0.10293333333333334,10.8045,6.0,1,19.09345135913191,,4000.0,0.0,0.0,0.0,45.098151658841,optimal
2021-02-09 00:30:00,3,99,1.3333333333333333,0.0,5.0,0.142,10.584,6.0,1,19.2141680254696,,4000.0,0.0,0.0,0.0,47.428053507182156,optimal
2021-02-09 01:00:00,3,99,1.3333333333333333,0.0,0.0,0.21819999999999998,11.2455,6.0,1,19.337931647360513,,4000.0,0.0,0.0,0.0,47.38062545367497,optimal
2021-02-09 01:30:00,3,99,1.2450944897168048,0.0,0.0,0.17026666666666668,12.1275,6.0,1,19.46746576920363,,3735.2834691504145,0.0,0.0,0.0,47.3332448282213,optimal
2021-02-09 02:00:00,3,99,1.3333333333333333,0.0,0.0,0.1046,11.823,6.0,1,19.56747455479532,,4000.0,0.0,0.0,0.0,47.28591158339307,optimal
2021-02-09 02:30:00,3,99,1.3333333333333333,0.0,0.0,0.23746666666666666,11.7705,6.0,1,19.681871085518534,,4000.0,0.0,0.0,0.0,47.23862567180968,optimal
2021-02-09 03:00:00,3,99,1.3333333333333333,0.0,0.0,0.10840000000000001,11.13,6.0,1,19.80675192978546,,4000.0,0.0,0.0,0.0,47.19138704613787,optimal
2021-02-09 03:30:00,3,99,1.3333333333333333,0.0,0.0,0.204,11.6865,6.0,1,19.919697451268267,,4000.0,0.0,0.0,0.0,47.14419565909173,optimal
2021-02-09 04:00:00,3,99,1.3333333333333333,0.0,0.0,0.18446666666666667,10.7205,6.0,1,20.040611987151234,,4000.0,0.0,0.0,0.0,47.097051463432635,optimal
2021-02-09 04:30:00,3,99,1.3333333333333333,0.0,0.0,0.062,11.424,6.0,1,20.159598127811805,,4000.0,0.0,0.0,0.0,47.0499544119692,optimal
2021-02-09 05:00:00,3,99,1.3333333333333333,0.0,2.7075920768482313,0.062,10.689,6.0,1,20.26537466350038,,4000.0,0.0,0.0,0.0,48.289010694060146,optimal
2021-02-09 05:30:00,3,99,1.3333333333333333,0.0,0.0,0.17026666666666668,11.361,6.0,1,20.36852970829362,,4000.0,0.0,0.0,0.0,48.240721683366075,optimal
2021-02-09 06:00:00,3,99,1.3333333333333333,0.0,0.0,0.15430000000000002,11.571,6.0,1,20.47958226083256,,4000.0,0.0,0.0,0.0,48.192480961682705,optimal
2021-02-09 06:30:00,3,99,0.0,0.0,0.0,0.2388333333333333,14.3745,6.0,1,20.587861567238026,,0.0,0.0,0.0,0.0,48.144288480721016,optimal
2021-02-09 07:00:00,3,99,1.3333333333333333,5.341111111111111,0.0,0.07,13.23,6.0,1,20.360587805702483,,4000.0,0.0,0.0,4807.0,48.096144192240295,optimal
2021-02-09 07:30:00,3,99,1.3333333333333333,0.6966666666666667,0.0,0.19069999999999998,13.9755,6.0,1,20.509469626750615,,4000.0,0.0,0.0,627.0,48.048048048048045,optimal
2021-02-09 08:00:00,3,99,0.0,0.774074074074074,0.0,0.22043333333333331,14.994,6.0,1,20.654616433131295,,0.0,0.0,0.0,696.6666666666666,48.0,optimal
2021-02-09 08:30:00,3,99,1.3333333333333333,0.0774074074074074,0.0,0.12986666666666669,13.671,6.0,1,20.48304862692341,,4000.0,0.0,0.0,69.66666666666666,47.4871837331216,optimal
2021-02-09 09:00:00,3,99,0.0,0.0,0.0,0.1714,15.981,6.0,1,20.6442048145036,,0.0,0.0,0.0,0.0,46.97488028251007,optimal
2021-02-09 09:30:00,3,99,0.0,0.0,0.0,0.16746666666666668,15.6345,6.0,1,20.413888946322054,,0.0,0.0,0.0,0.0,46.46308913534916,optimal
2021-02-09 10:00:00,3,99,0.0,0.0,0.0,0.1416,16.5375,6.0,1,20.189994379232346,,0.0,0.0,0.0,0.0,45.951809779335406,optimal
2021-02-09 10:30:00,3,99,1.3333333333333333,0.0,0.0,0.072,14.7735,6.0,1,20.0,,4000.0,0.0,0.0,0.0,45.44104170267767,optimal
2021-02-09 11:00:00,3,99,0.04060684622055977,0.0,0.0,0.0862,15.2145,6.0,1,20.150021117568276,,121.8205386616793,0.0,0.0,0.0,44.93078439409659,optimal
2021-02-09 11:30:00,3,99,0.5396791390165343,0.0,0.0,0.32226666666666665,14.553,6.0,1,20.0,,1619.037417049603,0.0,0.0,0.0,44.42103734282409,optimal
2021-02-09 12:00:00,3,99,1.3333333333333333,0.0,0.0,0.072,14.3325,6.0,1,20.0,,4000.0,0.0,0.0,0.0,43.91180003860287,optimal
2021-02-09 12:30:00,3,99,0.3602278016393216,0.0,0.0,0.072,14.595,6.0,1,20.201100000887905,,1080.683404917965,0.0,0.0,0.0,43.40307197168587,optimal
2021-02-09 13:00:00,3,99,0.0,0.0,0.0,0.28676666666666667,14.994,6.0,1,20.150616925562694,,0.0,0.0,0.0,0.0,42.89485263283578,optimal
2021-02-09 13:30:00,3,99,1.3333333333333333,0.0,0.0,0.1217,14.3325,6.0,1,20.031094160380185,,4000.0,0.0,0.0,0.0,42.38714151332454,optimal
2021-02-09 14:00:00,3,99,1.3333333333333333,0.0,0.0,0.1802666666666667,13.8915,6.0,1,20.238744678059234,,4000.0,0.0,0.0,0.0,41.87993810493282,optimal
2021-02-09 14:30:00,3,99,1.3333333333333333,0.0,0.0,0.2282,13.8915,6.0,1,20.442475025278945,,4000.0,0.0,0.0,0.0,41.373241899949484,optimal
2021-02-09 15:00:00,3,99,1.3333333333333333,0.0,0.0,0.072,13.4715,6.0,1,20.647051285210708,,4000.0,0.0,0.0,0.0,40.867052391171136,optimal
2021-02-09 15:30:00,3,99,1.3333333333333333,0.0,0.0,0.2796666666666667,13.23,6.0,1,20.81294161374493,,4000.0,0.0,0.0,0.0,40.361369071901564,optimal
2021-02-09 16:00:00,3,99,1.3333333333333333,0.0,0.0,0.1288,13.8915,6.0,1,20.994387482939644,,4000.0,0.0,0.0,0.0,39.85619143595126,optimal
2021-02-09 16:30:00,3,99,0.0,0.0,0.0,0.1829333333333333,26.9325,6.0,1,21.130266873985445,,0.0,0.0,0.0,0.0,39.35151897763691,optimal
2021-02-09 17:00:00,3,99,0.0,0.1548148148148148,0.0,0.8303333333333334,30.303,6.0,1,20.927415141578713,,0.0,0.0,0.0,139.33333333333331,39.31216745865927,optimal
2021-02-09 17:30:00,3,99,0.0,0.8514814814814814,0.0,0.6247999999999999,32.886,6.0,1,20.77896506890599,,0.0,0.0,0.0,766.3333333333333,39.27285529120061,optimal
2021-02-09 18:00:00,3,99,0.0,0.1548148148148148,0.0,1.3349000000000002,34.9965,6.0,1,20.617275043008817,,0.0,0.0,0.0,139.33333333333331,39.233582435909405,optimal
2021-02-09 18:30:00,3,99,0.0,2.3222222222222215,0.0,0.44646666666666657,33.327,6.0,1,20.51201150298262,,0.0,0.0,0.0,2089.9999999999995,39.19434885347349,optimal
2021-02-09 19:00:00,3,99,0.0,0.6192592592592592,0.0,0.19793333333333332,31.122,6.0,1,20.359846899617324,,0.0,0.0,0.0,557.3333333333333,39.15515450462002,optimal
2021-02-09 19:30:00,3,99,0.0,0.0,0.0,0.34763333333333335,17.9025,6.0,1,20.170568259394837,,0.0,0.0,0.0,0.0,39.1159993501154,optimal
2021-02-09 20:00:00,3,99,0.6791851637149723,1.5109925925925927,0.0,0.31393333333333334,15.6555,6.0,1,20.0,,2037.555491144917,0.0,0.0,1359.8933333333334,39.076883350765286,optimal
2021-02-09 20:30:00,3,99,0.0,0.42419259259259273,0.0,0.6088333333333333,14.553,6.0,1,20.0,,0.0,0.0,0.0,381.7733333333335,39.03780646741452,optimal
2021-02-09 21:00:00,3,99,0.0,0.0,0.0,0.5417333333333334,14.3325,6.0,1,19.873723070478057,,0.0,0.0,0.0,0.0,38.99876866094711,optimal
2021-02-09 21:30:00,3,99,0.0,0.0774074074074074,0.0,0.37923333333333337,13.335,6.0,1,19.768674442421656,,0.0,0.0,0.0,69.66666666666666,38.95976989228616,optimal
2021-02-09 22:00:00,3,99,0.0,1.315925925925926,0.0,0.5344666666666666,12.1275,6.0,1,19.618357372317263,,0.0,0.0,0.0,1184.3333333333333,38.920810122393874,optimal
2021-02-09 22:30:00,3,99,0.0,0.3096296296296296,0.0,0.5766,12.2955,6.0,1,19.466729538527527,,0.0,0.0,0.0,278.66666666666663,38.88188931227148,optimal
2021-02-09 23:00:00,3,99,0.0,0.0,0.0,0.6326,11.6865,6.0,1,19.318453106745746,,0.0,0.0,0.0,0.0,38.84300742295921,optimal
2021-02-09 23:30:00,3,99,0.0,0.0,0.0,0.3718666666666667,11.466,6.0,1,19.16122775890602,,0.0,0.0,0.0,0.0,38.80416441553625,optimal
2021-02-10 00:00:00,3,99,1.3333333333333333,0.0,0.0,0.0855,11.508,6.0,-1,19.16122775890602,,4000.0,0.0,0.0,0.0,38.76536025112071,optimal
2021-02-10 00:30:00,3,99,1.3333333333333333,0.0,0.0,0.1705,11.508,6.0,-1,19.277412827484955,,4000.0,0.0,0.0,0.0,38.72659489086959,optimal
2021-02-10 01:00:00,3,99,1.3333333333333333,0.0,0.0,0.08933333333333333,11.508,6.0,-1,19.397678805884873,,4000.0,0.0,0.0,0.0,38.687868295978724,optimal
2021-02-10 01:30:00,3,99,1.3333333333333333,0.0,0.0,0.18666666666666662,11.844,6.0,-1,19.50905527124433,,4000.0,0.0,0.0,0.0,38.649180427682744,optimal
2021-02-10 02:00:00,3,99,1.3333333333333333,0.0,0.0,0.089,11.508,6.0,-1,19.62604867748206,,4000.0,0.0,0.0,0.0,38.61053124725506,optimal
2021-02-10 02:30:00,3,99,1.3333333333333333,0.0,0.0,0.14296666666666666,11.508,6.0,-1,19.731967923365698,,4000.0,0.0,0.0,0.0,38.5719207160078,optimal
2021-02-10 03:00:00,3,99,1.3333333333333333,0.0,5.0,0.1082,10.4475,6.0,-1,19.841129456047504,,4000.0,0.0,0.0,0.0,40.90834879529179,optimal
2021-02-10 03:30:00,3,99,1.3333333333333333,0.0,5.0,0.0785,10.8675,6.0,-1,19.9459422730237,,4000.0,0.0,0.0,0.0,43.2424404464965,optimal
2021-02-10 04:00:00,3,99,1.3333333333333333,0.0,5.0,0.054,10.542,6.0,-1,20.046892861926374,,4000.0,0.0,0.0,0.0,45.574198006050004,optimal
2021-02-10 04:30:00,3,99,1.3333333333333333,0.0,0.7046747325152656,0.117,11.025,6.0,-1,20.144472857175494,,4000.0,0.0,0.0,0.0,45.8633443059887,optimal
2021-02-10 05:00:00,3,99,1.3333333333333333,0.0,5.0,0.10633333333333331,11.025,6.0,-1,20.244896009802503,,4000.0,0.0,0.0,0.0,48.192480961682705,optimal
2021-02-10 05:30:00,3,99,1.3333333333333333,0.0,0.0,0.10633333333333331,14.553,6.0,-1,20.341858319074994,,4000.0,0.0,0.0,0.0,48.144288480721016,optimal
2021-02-10 06:00:00,3,99,1.3333333333333333,0.0,0.0,0.117,13.0935,6.0,-1,20.43631142632038,,4000.0,0.0,0.0,0.0,48.096144192240295,optimal
2021-02-10 06:30:00,3,99,1.3333333333333333,0.387037037037037,0.0,0.15666666666666665,15.6345,6.0,-1,20.52919484942805,,4000.0,0.0,0.0,348.3333333333333,48.048048048048045,optimal
2021-02-10 07:00:00,3,99,0.0,0.0,0.0,0.0555,18.102,6.0,-1,20.64084519225066,,0.0,0.0,0.0,0.0,48.0,optimal
2021-02-10 07:30:00,3,99,0.8428321443714204,0.0,0.0,0.1645,17.199,6.0,-1,20.403912957232365,,2528.4964331142614,0.0,0.0,0.0,47.81640196891454,optimal
2021-02-10 08:00:00,3,99,0.0,0.0,0.0,0.10633333333333331,18.2805,6.0,-1,20.39503029507691,,0.0,0.0,0.0,0.0,47.63298753586017,optimal
2021-02-10 08:30:00,3,99,1.3333333333333333,0.0,0.0,0.15886666666666668,17.4615,6.0,-1,20.13738929037972,,4000.0,0.0,0.0,0.0,47.449756517238846,optimal
2021-02-10 09:00:00,3,99,0.0,0.0,0.0,0.1168,18.3225,6.0,-1,20.230380061000965,,0.0,0.0,0.0,0.0,47.26670872963615,optimal
2021-02-10 09:30:00,3,99,0.9020230031984028,0.0,0.0,0.054,17.094,6.0,-1,20.0,,2706.069009595208,0.0,0.0,0.0,47.083843989821055,optimal
2021-02-10 10:00:00,3,99,0.749277364952272,0.0,0.0,0.117,17.094,6.0,-1,20.0,,2247.832094856816,0.0,0.0,0.0,46.90116211474577,optimal
2021-02-10 10:30:00,3,99,1.3333333333333333,0.0,0.0,0.11166666666666669,17.094,6.0,-1,20.0,,4000.0,0.0,0.0,0.0,46.71866292154557,optimal
2021-02-10 11:00:00,3,99,0.0521653754045046,0.0,0.0,0.17933333333333334,17.3565,6.0,-1,20.15008305929971,,156.4961262135138,0.0,0.0,0.0,46.536346227538566,optimal
2021-02-10 11:30:00,3,99,0.6661150764852765,0.0,0.0,0.064,17.115,6.0,-1,20.0,,1998.3452294558292,0.0,0.0,0.0,46.35421185022557,optimal
2021-02-10 12:00:00,3,99,0.5278918029697839,0.0,0.0,0.13193333333333335,17.241,6.0,-1,20.0,,1583.6754089093515,0.0,0.0,0.0,46.17225960728988,optimal
2021-02-10 12:30:00,3,99,1.3333333333333333,0.0,0.0,0.1274,17.094,6.0,-1,20.0,,4000.0,0.0,0.0,0.0,45.990489316597134,optimal
2021-02-10 13:00:00,3,99,1.3333333333333333,0.0,0.0,0.08023333333333334,16.5165,6.0,-1,20.20559946724713,,4000.0,0.0,0.0,0.0,45.80890079619508,optimal
2021-02-10 13:30:00,3,99,0.0,0.0,0.0,0.22176666666666667,17.8185,6.0,-1,20.39993767645954,,0.0,0.0,0.0,0.0,45.62749386431343,optimal
2021-02-10 14:00:00,3,99,1.3333333333333333,0.0,0.0,0.064,17.094,6.0,-1,20.265604354390682,,4000.0,0.0,0.0,0.0,45.446268339363655,optimal
2021-02-10 14:30:00,3,99,1.3333333333333333,0.0,0.0,0.32773333333333327,16.8945,6.0,-1,20.45840489634271,,4000.0,0.0,0.0,0.0,45.265224039938836,optimal
2021-02-10 15:00:00,3,99,1.3333333333333333,0.0,0.0,0.16513333333333333,18.123,6.0,-1,20.690734874955567,,4000.0,0.0,0.0,0.0,45.08436078481344,optimal
2021-02-10 15:30:00,3,99,0.0,0.1548148148148148,0.0,0.23513333333333333,31.647,6.0,-1,20.885462322433703,,0.0,0.0,0.0,139.33333333333331,44.90367839294317,optimal
2021-02-10 16:00:00,3,99,0.0,0.387037037037037,0.0,1.0412666666666668,34.9965,6.0,-1,20.75181741234417,,0.0,0.0,0.0,348.3333333333333,44.72317668346477,optimal
2021-02-10 16:30:00,3,99,0.0,0.23222222222222222,0.0,1.491766666666667,34.9965,6.0,-1,20.65570414709937,,0.0,0.0,0.0,209.0,44.54285547569585,optimal
2021-02-10 17:00:00,3,99,0.0,0.0,0.0,0.26789999999999997,34.9965,6.0,-1,20.57787904580357,,0.0,0.0,0.0,0.0,44.3627145891347,optimal
2021-02-10 17:30:00,3,99,0.0,0.0,0.0,0.23033333333333328,34.9965,6.0,-1,20.396068047807102,,0.0,0.0,0.0,0.0,44.31835187454556,optimal
2021-02-10 18:00:00,3,99,0.0,0.3096296296296296,0.0,1.0569666666666666,34.9965,6.0,-1,20.235554099636587,,0.0,0.0,0.0,278.66666666666663,44.27403352267102,optimal
2021-02-10 18:30:00,3,99,0.0,0.9245087998528848,0.0,2.7392,27.741,6.0,-1,20.074725337251557,,0.0,832.0579198675964,0.0,0.0,44.22975948914835,optimal
2021-02-10 19:00:00,3,99,0.6940818368676164,0.0,0.0,2.0216,19.026,6.0,-1,20.0,,2082.245510602849,0.0,0.0,0.0,44.1855297296592,optimal
2021-02-10 19:30:00,3,99,0.69504158581645,0.0,0.0,0.40376666666666666,18.7215,6.0,-1,20.0,,2085.12475744935,0.0,0.0,0.0,44.14134419992954,optimal
2021-02-10 20:00:00,3,99,0.7242968903208408,0.3096296296296296,0.0,0.36576666666666663,17.4195,6.0,-1,20.0,,2172.8906709625226,0.0,0.0,278.66666666666663,44.09720285572961,optimal
2021-02-10 20:30:00,3,99,0.0,0.0,0.0,0.37126666666666663,16.758,6.0,-1,20.0,,0.0,0.0,0.0,0.0,44.05310565287388,optimal
2021-02-10 21:00:00,3,99,0.0,0.2740222222222222,0.0,0.4831666666666667,14.217,6.0,-1,19.812147205707216,,0.0,0.0,0.0,246.62,44.00905254722101,optimal
2021-02-10 21:30:00,3,99,0.0,0.035607407407407414,0.0,0.5612666666666667,13.3665,6.0,-1,19.63331667497955,,0.0,0.0,0.0,32.046666666666674,43.965043494673786,optimal
2021-02-10 22:00:00,3,99,0.0,0.5418518518518518,0.0,0.3486666666666667,12.789,6.0,-1,19.440186590951146,,0.0,0.0,0.0,487.6666666666667,43.92107845117911,optimal
2021-02-10 22:30:00,3,99,0.0,0.0,0.0,0.34936666666666666,11.907,6.0,-1,19.209708630255037,,0.0,0.0,0.0,0.0,43.877157372727936,optimal
2021-02-10 23:00:00,3,99,0.0,0.0,0.0,0.064,11.7075,6.0,-1,18.973355146682316,,0.0,0.0,0.0,0.0,43.83328021535521,optimal
2021-02-10 23:30:00,3,99,0.0,0.0,0.0,0.22966666666666663,10.8045,6.0,-1,18.69459545275408,,0.0,0.0,0.0,0.0,43.78944693513986,optimal
2021-02-11 00:00:00,3,99,1.3333333333333333,0.0,0.0,0.068,12.0855,6.0,-1,18.69459545275408,,4000.0,0.0,0.0,0.0,43.745657488204714,optimal
2021-02-11 00:30:00,3,99,1.3333333333333333,0.0,0.0,0.08293333333333333,11.6865,6.0,-1,18.763466552814787,,4000.0,0.0,0.0,0.0,43.70191183071651,optimal
2021-02-11 01:00:00,3,99,1.3333333333333333,0.0,0.0,0.24713333333333332,11.2245,6.0,-1,18.83400479226699,,4000.0,0.0,0.0,0.0,43.658209918885795,optimal
2021-02-11 01:30:00,3,99,1.3333333333333333,0.0,0.0,0.068,11.025,6.0,-1,18.918888987002834,,4000.0,0.0,0.0,0.0,43.61455170896691,optimal
2021-02-11 02:00:00,3,99,1.3333333333333333,0.0,0.7196819058937889,0.10906666666666666,10.7835,6.0,-1,18.987450599499102,,4000.0,0.0,0.0,0.0,43.91278606255748,optimal
2021-02-11 02:30:00,3,99,1.3333333333333333,0.0,0.0,0.20946666666666666,11.025,6.0,-1,19.058632845913838,,4000.0,0.0,0.0,0.0,43.86887327649492,optimal
2021-02-11 03:00:00,3,99,1.3333333333333333,0.0,5.0,0.07953333333333333,10.584,6.0,-1,19.13617664777426,,4000.0,0.0,0.0,0.0,46.200004403218415,optimal
2021-02-11 03:30:00,3,99,1.3333333333333333,0.0,0.0,0.11703333333333332,11.025,6.0,-1,19.200403513151635,,4000.0,0.0,0.0,0.0,46.15380439881519,optimal
2021-02-11 04:00:00,3,99,1.3333333333333333,0.0,5.0,0.22169999999999998,10.4265,6.0,-1,19.26945026226005,,4000.0,0.0,0.0,0.0,48.48265059441637,optimal
2021-02-11 04:30:00,3,99,1.3333333333333333,0.0,0.0,0.068,12.789,6.0,-1,19.3504450048928,,4000.0,0.0,0.0,0.0,48.434167943821954,optimal
2021-02-11 05:00:00,3,99,1.3333333333333333,0.0,0.0,0.1026,12.684,6.0,-1,19.417330659039543,,4000.0,0.0,0.0,0.0,48.38573377587813,optimal
2021-02-11 05:30:00,3,99,1.3333333333333333,0.0,0.0,0.16026666666666667,16.254,6.0,-1,19.486308094641775,,4000.0,0.0,0.0,0.0,48.33734804210225,optimal
2021-02-11 06:00:00,3,99,1.3333333333333333,0.0,0.0,0.14286666666666667,17.64,6.0,-1,19.56249812030255,,4000.0,0.0,0.0,0.0,48.289010694060146,optimal
2021-02-11 06:30:00,3,99,1.3333333333333333,0.0,0.0,0.16126666666666667,19.1625,6.0,-1,19.63876965177037,,4000.0,0.0,0.0,0.0,48.240721683366075,optimal
2021-02-11 07:00:00,3,99,0.0,0.0,0.0,0.1026,26.46,6.0,-1,19.71938714463831,,0.0,0.0,0.0,0.0,48.192480961682705,optimal
2021-02-11 07:30:00,3,99,0.0,10.431444842663804,0.0,0.1352,20.79,6.0,-1,19.45692407105486,,0.0,9388.300358397424,0.0,0.0,48.144288480721016,optimal
2021-02-11 08:00:00,3,99,0.0,3.3741562935734506,0.0,0.16603333333333334,29.106,6.0,-1,20.0,,0.0,3036.7406642161054,0.0,0.0,48.096144192240295,optimal
2021-02-11 08:30:00,3,99,1.3333333333333333,0.23222222222222222,0.0,0.12656666666666666,19.1835,6.0,-1,20.0,,4000.0,0.0,0.0,209.0,48.048048048048045,optimal
2021-02-11 09:00:00,3,99,0.5766315207927455,1.7029629629629628,0.0,0.13986666666666667,19.6665,6.0,-1,20.081934902033304,,1729.8945623782365,0.0,0.0,1532.6666666666665,48.0,optimal
2021-02-11 09:30:00,3,99,0.8004903939025902,0.0,0.0,0.17980000000000002,19.404,6.0,-1,20.0,,2401.4711817077705,0.0,0.0,0.0,47.66486963664233,optimal
2021-02-11 10:00:00,3,99,0.5067160452892171,0.0,0.0,0.3391,19.047,6.0,-1,20.0,,1520.1481358676513,0.0,0.0,0.0,47.33007440364802,optimal
2021-02-11 10:30:00,3,99,1.173629391413674,0.3096296296296296,0.0,0.088,18.858,6.0,-1,20.0,,3520.888174241022,0.0,0.0,278.66666666666663,46.995613965886704,optimal
2021-02-11 11:00:00,3,99,0.0,0.0,0.0,0.088,19.2675,6.0,-1,20.14380742803481,,0.0,0.0,0.0,0.0,46.66148798856315,optimal
2021-02-11 11:30:00,3,99,0.4767683688047175,0.0,0.0,0.25606666666666666,18.963,6.0,-1,20.0,,1430.3051064141525,0.0,0.0,0.0,46.32769613721692,optimal
2021-02-11 12:00:00,3,99,0.5433800927937854,0.46444444444444444,0.0,0.26866666666666666,18.438,6.0,-1,20.0,,1630.140278381356,0.0,0.0,418.0,45.99423807772203,optimal
2021-02-11 12:30:00,3,99,0.0,0.0,0.0,0.38556666666666667,18.7425,6.0,-1,20.048647600604937,,0.0,0.0,0.0,0.0,45.66111347628664,optimal
2021-02-11 13:00:00,3,99,1.3333333333333333,0.0,0.0,0.2515,15.2145,6.0,-1,20.0,,4000.0,0.0,0.0,0.0,45.32832199945268,optimal
2021-02-11 13:30:00,3,99,0.0,0.3096296296296296,0.0,0.3983,17.7765,6.0,-1,20.255711667572807,,0.0,0.0,0.0,278.66666666666663,44.99586331409556,optimal
2021-02-11 14:00:00,3,99,1.3333333333333333,0.0,0.0,0.42960000000000004,16.758,6.0,-1,20.17745716027964,,4000.0,0.0,0.0,0.0,44.6637370874238,optimal
2021-02-11 14:30:00,3,99,1.3333333333333333,0.0,0.0,0.7110666666666667,16.422,6.0,-1,20.47017969595799,,4000.0,0.0,0.0,0.0,44.3319429869787,optimal
2021-02-11 15:00:00,3,99,1.3333333333333333,0.23222222222222222,0.0,1.7287666666666668,16.758,6.0,-1,20.76514799280404,,4000.0,0.0,0.0,209.0,44.000480680634055,optimal
2021-02-11 15:30:00,3,99,0.0,0.1548148148148148,0.0,0.3619,29.358,6.0,-1,21.057557248091683,,0.0,0.0,0.0,139.33333333333331,43.66934983659575,optimal
2021-02-11 16:00:00,3,99,0.0,0.0,0.0,0.47,34.9965,6.0,-1,20.936979134213427,,0.0,0.0,0.0,0.0,43.33855012340148,optimal
2021-02-11 16:30:00,3,99,0.0,0.6192592592592592,0.0,0.387,34.65,6.0,-1,20.79732455595942,,0.0,0.0,0.0,557.3333333333333,43.00808120992041,optimal
2021-02-11 17:00:00,3,99,0.0,0.23222222222222222,0.0,0.36769999999999997,34.9965,6.0,-1,20.628706584942922,,0.0,0.0,0.0,209.0,42.677942765352824,optimal
2021-02-11 17:30:00,3,99,0.0,0.3096296296296296,0.0,0.5358999999999999,34.9965,6.0,-1,20.414441084276465,,0.0,0.0,0.0,278.66666666666663,42.63526482258747,optimal
2021-02-11 18:00:00,3,99,0.0,0.3096296296296296,0.0,0.1522,30.4815,6.0,-1,20.239220457164,,0.0,0.0,0.0,278.66666666666663,42.59262955776489,optimal
2021-02-11 18:30:00,3,99,0.0,3.2236549126444833,0.0,0.2996333333333333,21.4305,6.0,-1,20.000451374383637,,0.0,2901.289421380035,0.0,0.0,42.55003692820712,optimal
2021-02-11 19:00:00,3,99,0.9675103500185802,0.0,0.0,0.26696666666666663,14.3325,6.0,-1,20.0,,2902.5310500557407,0.0,0.0,0.0,42.507486891278916,optimal
2021-02-11 19:30:00,3,99,1.3333333333333333,0.0,0.0,0.36506666666666665,13.692,6.0,-1,20.0,,4000.0,0.0,0.0,0.0,42.464979404387634,optimal
2021-02-11 20:00:00,3,99,0.6206697036648531,0.1548148148148148,0.0,0.7065333333333333,14.007,6.0,-1,20.077656779429145,,1862.009110994559,0.0,0.0,139.33333333333331,42.42251442498325,optimal
2021-02-11 20:30:00,3,99,0.0,0.0,0.0,0.3984,12.873,6.0,-1,20.0,,0.0,0.0,0.0,0.0,42.380091910558264,optimal
2021-02-11 21:00:00,3,99,0.0,0.0,0.0,0.5854666666666667,12.684,6.0,-1,19.748591685464838,,0.0,0.0,0.0,0.0,42.337711818647705,optimal
2021-02-11 21:30:00,3,99,0.0,0.0,0.0,0.2726,12.306,6.0,-1,19.514984134732885,,0.0,0.0,0.0,0.0,42.29537410682906,optimal
2021-02-11 22:00:00,3,99,0.0,0.0,0.0,0.8668666666666667,10.6365,6.0,-1,19.28051869893338,,0.0,0.0,0.0,0.0,42.25307873272223,optimal
2021-02-11 22:30:00,3,99,0.0,0.0,0.0,0.2742333333333333,11.2455,6.0,-1,19.101777987650113,,0.0,0.0,0.0,0.0,42.21082565398951,optimal
2021-02-11 23:00:00,3,99,0.0,0.0,0.0,0.6216666666666666,11.2455,6.0,-1,18.86978593498874,,0.0,0.0,0.0,0.0,42.16861482833552,optimal
2021-02-11 23:30:00,3,99,0.0,0.0,0.0,0.12990000000000002,11.025,6.0,-1,18.653352559496874,,0.0,0.0,0.0,0.0,42.12644621350719,optimal
2021-02-12 00:00:00,3,99,1.3333333333333333,0.0,0.0,0.052,11.025,6.0,-2,18.653352559496874,,4000.0,0.0,0.0,0.0,42.08431976729368,optimal
2021-02-12 00:30:00,3,99,1.3333333333333333,0.0,0.0,0.1138,10.3635,6.0,-2,18.680621334508295,,4000.0,0.0,0.0,0.0,42.04223544752639,optimal
2021-02-12 01:00:00,3,99,1.3333333333333333,0.0,0.0,0.17093333333333333,10.8045,6.0,-2,18.71280084769394,,4000.0,0.0,0.0,0.0,42.00019321207886,optimal
2021-02-12 01:30:00,3,99,1.3333333333333333,0.0,4.1149327235593685,0.11586666666666666,10.059,6.0,-2,18.749431484730817,,4000.0,0.0,0.0,0.0,43.91278606255748,optimal
2021-02-12 02:00:00,3,99,1.3333333333333333,0.0,0.0,0.052,10.584,6.0,-2,18.782184179297566,,4000.0,0.0,0.0,0.0,43.86887327649492,optimal
2021-02-12 02:30:00,3,99,1.3333333333333333,0.0,5.0,0.173,9.4185,6.0,-2,18.81035960413718,,4000.0,0.0,0.0,0.0,46.200004403218415,optimal
2021-02-12 03:00:00,3,99,1.3333333333333333,0.0,0.0,0.052,10.3635,6.0,-2,18.85229298098326,,4000.0,0.0,0.0,0.0,46.15380439881519,optimal
2021-02-12 03:30:00,3,99,1.3333333333333333,0.0,5.0,0.14766666666666667,9.8385,6.0,-2,18.8872189565951,,4000.0,0.0,0.0,0.0,48.48265059441637,optimal
2021-02-12 04:00:00,3,99,1.3333333333333333,0.0,0.0,0.14780000000000001,11.067,6.0,-2,18.938104948250782,,4000.0,0.0,0.0,0.0,48.434167943821954,optimal
2021-02-12 04:30:00,3,99,1.3333333333333333,0.0,0.0,0.052,10.8465,6.0,-2,18.997838894420738,,4000.0,0.0,0.0,0.0,48.38573377587813,optimal
2021-02-12 05:00:00,3,99,1.3333333333333333,0.0,0.0,0.1633,13.671,6.0,-2,19.05766364469666,,4000.0,0.0,0.0,0.0,48.33734804210225,optimal
2021-02-12 05:30:00,3,99,1.3333333333333333,0.0,0.0,0.1235,12.348,6.0,-2,19.135113646674235,,4000.0,0.0,0.0,0.0,48.289010694060146,optimal
2021-02-12 06:00:00,3,99,1.3333333333333333,0.0,0.0,0.12179999999999999,14.3325,6.0,-2,19.2183822738439,,4000.0,0.0,0.0,0.0,48.240721683366075,optimal
2021-02-12 06:30:00,3,99,1.3333333333333333,0.774074074074074,0.0,0.40536666666666665,15.393,6.0,-2,19.309956397831463,,4000.0,0.0,0.0,696.6666666666666,48.192480961682705,optimal
2021-02-12 07:00:00,3,99,1.3333333333333333,0.5418518518518518,0.0,3.232266666666667,13.587,6.0,-2,19.417840500835645,,4000.0,0.0,0.0,487.6666666666667,48.144288480721016,optimal
2021-02-12 07:30:00,3,99,1.3333333333333333,4.039708462470624,0.0,0.22236666666666668,16.1385,6.0,-2,19.57833818203513,,4000.0,3635.737616223562,0.0,0.0,48.096144192240295,optimal
2021-02-12 08:00:00,3,99,0.9852834608042227,0.1548148148148148,0.0,0.0843,14.595,6.0,-2,20.0,,2955.8503824126683,0.0,0.0,139.33333333333331,48.048048048048045,optimal
2021-02-12 08:30:00,3,99,1.0365765932966233,0.5418518518518518,0.0,0.063,14.637,6.0,-2,20.0,,3109.72977988987,0.0,0.0,487.6666666666667,48.0,optimal
2021-02-12 09:00:00,3,99,0.8235548898828443,1.8577777777777778,0.0,0.5034666666666666,13.9125,6.0,-2,20.0,,2470.664669648533,0.0,0.0,1672.0,47.88890576549093,optimal
2021-02-12 09:30:00,3,99,0.7781748769108668,0.1548148148148148,0.0,0.3201,13.3665,6.0,-2,20.0,,2334.5246307326006,0.0,0.0,139.33333333333331,47.77792262521638,optimal
2021-02-12 10:00:00,3,99,0.945819390543542,0.23222222222222222,0.0,1.3354000000000001,13.0095,6.0,-2,20.0,,2837.458171630626,0.0,0.0,209.0,47.667050468082095,optimal
2021-02-12 10:30:00,3,99,0.0,0.0,0.0,0.9395333333333332,13.8915,6.0,-2,20.120661266953505,,0.0,0.0,0.0,0.0,47.556289183104944,optimal
2021-02-12 11:00:00,3,99,0.36830621135072117,0.0,0.0,0.5342666666666667,13.188,6.0,-2,20.0,,1104.9186340521635,0.0,0.0,0.0,47.44563865941277,optimal
2021-02-12 11:30:00,3,99,0.398659594894292,0.0,0.0,2.271266666666667,12.5685,6.0,-2,20.0,,1195.9787846828758,0.0,0.0,0.0,47.335098786244295,optimal
2021-02-12 12:00:00,3,99,0.21459486773209369,0.387037037037037,0.0,1.9037,12.285,6.0,-2,20.0,,643.7846031962811,0.0,0.0,348.3333333333333,47.22466945294899,optimal
2021-02-12 12:30:00,3,99,1.3333333333333333,0.0,0.0,4.1889666666666665,11.487,6.0,-2,20.0,,4000.0,0.0,0.0,0.0,47.11435054898697,optimal
2021-02-12 13:00:00,3,99,0.1953837173710082,0.23222222222222222,0.0,3.4719333333333333,11.802,6.0,-2,20.298995972766765,,586.1511521130246,0.0,0.0,209.0,47.004141963928916,optimal
2021-02-12 13:30:00,3,99,1.3333333333333333,0.3096296296296296,0.0,0.2104333333333333,11.2245,6.0,-2,20.309052102092547,,4000.0,0.0,0.0,278.66666666666663,46.89404358745592,optimal
2021-02-12 14:00:00,3,99,1.3333333333333333,0.0,0.0,0.2845666666666667,11.025,6.0,-2,20.545936941503715,,4000.0,0.0,0.0,0.0,46.784055309359395,optimal
2021-02-12 14:30:00,3,99,1.3333333333333333,0.0,0.0,0.1889,11.907,6.0,-2,20.777567024462456,,4000.0,0.0,0.0,0.0,46.67417701954097,optimal
2021-02-12 15:00:00,3,99,0.0,0.0,0.0,0.11309999999999999,25.83,6.0,-2,20.99682135430625,,0.0,0.0,0.0,0.0,46.564408608012364,optimal
2021-02-12 15:30:00,3,99,0.0,0.1548148148148148,0.0,0.5008333333333334,28.035,6.0,-2,20.858756145166797,,0.0,0.0,0.0,139.33333333333331,46.454749964895285,optimal
2021-02-12 16:00:00,3,99,0.0,6.424814814814816,0.0,0.2092,28.119,6.0,-2,20.74764633357249,,0.0,0.0,0.0,5782.333333333334,46.345200980421325,optimal
2021-02-12 16:30:00,3,99,0.0,0.1548148148148148,0.0,2.4316666666666666,30.156,6.0,-2,20.5861737855087,,0.0,0.0,0.0,139.33333333333331,46.23576154493184,optimal
2021-02-12 17:00:00,3,99,0.0,0.1548148148148148,0.0,1.8323,29.1585,6.0,-2,20.467083194290822,,0.0,0.0,0.0,139.33333333333331,46.12643154887784,optimal
2021-02-12 17:30:00,3,99,0.0,0.23222222222222222,0.0,0.9447666666666668,26.712,6.0,-2,20.32929128942288,,0.0,0.0,0.0,209.0,46.017210882819896,optimal
2021-02-12 18:00:00,3,99,0.0,0.5418518518518518,0.0,2.9511666666666665,15.435,6.0,-2,20.15456133532435,,0.0,0.0,0.0,487.6666666666667,45.90809943742801,optimal
2021-02-12 18:30:00,3,99,0.6463685537445145,0.46444444444444444,0.0,1.7564000000000002,13.566,6.0,-2,20.0,,1939.1056612335435,0.0,0.0,418.0,45.799097103481515,optimal
2021-02-12 19:00:00,3,99,0.6504056709806522,6.502222222222222,0.0,2.5342333333333333,12.789,6.0,-2,20.0,,1951.2170129419565,0.0,0.0,5852.0,45.690203771868966,optimal
2021-02-12 19:30:00,3,99,1.3333333333333333,0.0,0.0,0.42573333333333335,12.1275,6.0,-2,20.01769653907094,,4000.0,0.0,0.0,0.0,45.58141933358803,optimal
2021-02-12 20:00:00,3,99,0.0,0.0,0.0,0.9721000000000001,13.671,6.0,-2,20.166777686222325,,0.0,0.0,0.0,0.0,45.47274367974538,optimal
2021-02-12 20:30:00,3,99,0.0,0.0,0.0,2.0228333333333333,10.668,6.0,-2,20.0,,0.0,0.0,0.0,0.0,45.364176701556566,optimal
2021-02-12 21:00:00,3,99,0.0,0.1548148148148148,0.0,0.5877,11.7285,6.0,-2,19.83824891434704,,0.0,0.0,0.0,139.33333333333331,45.255718290345946,optimal
2021-02-12 21:30:00,3,99,0.0,0.0,0.0,0.21159999999999998,11.025,6.0,-2,19.639958044416815,,0.0,0.0,0.0,0.0,45.14736833754653,optimal
2021-02-12 22:00:00,3,99,0.0,0.23222222222222222,0.0,0.7250666666666667,10.689,6.0,-2,19.421805685152954,,0.0,0.0,0.0,209.0,45.03912673469992,optimal
2021-02-12 22:30:00,3,99,0.0,0.0,0.0,1.2208333333333332,8.1585,6.0,-2,19.228972651727187,,0.0,0.0,0.0,0.0,44.99408760796522,optimal
2021-02-12 23:00:00,3,99,0.0,0.0,0.0,0.15130000000000002,10.3635,6.0,-2,19.025073692073562,,0.0,0.0,0.0,0.0,44.94909352035725,optimal
2021-02-12 23:30:00,3,99,0.0,0.0,0.0,0.05733333333333333,10.8045,6.0,-2,18.798953595525152,,0.0,0.0,0.0,0.0,44.90414442683689,optimal
2021-02-13 00:00:00,3,99,0.0,0.0,0.0,0.04,9.5655,6.0,2,18.798953595525152,,0.0,0.0,0.0,0.0,44.859240282410056,optimal
2021-02-13 00:30:00,3,99,1.3333333333333333,0.0,5.0,0.16333333333333333,7.056,6.0,2,18.567095249773093,,4000.0,0.0,0.0,0.0,47.18938104212764,optimal
2021-02-13 01:00:00,3,99,0.7319490131822496,0.0,0.0,0.11736666666666666,9.3975,6.0,2,18.689653171287265,,2195.847039546749,0.0,0.0,0.0,47.14219166108551,optimal
2021-02-13 01:30:00,3,99,0.0,0.0,0.0,0.14203333333333334,10.059,6.0,2,18.65387302977423,,0.0,0.0,0.0,0.0,47.095049469424424,optimal
2021-02-13 02:00:00,3,99,1.3333333333333333,0.0,0.0,0.13866666666666666,9.261,6.0,2,18.43445516507734,,4000.0,0.0,0.0,0.0,47.047954419955,optimal
2021-02-13 02:30:00,3,99,1.3333333333333333,0.0,0.0,0.1455,8.1585,6.0,2,18.558515067165963,,4000.0,0.0,0.0,0.0,47.000906465535046,optimal
2021-02-13 03:00:00,3,99,1.3333333333333333,0.0,0.0,0.14473333333333332,9.4815,6.0,2,18.681575908135336,,4000.0,0.0,0.0,0.0,46.95390555906951,optimal
2021-02-13 03:30:00,3,99,1.3333333333333333,0.0,0.0,0.17113333333333333,8.379,6.0,2,18.80300378479833,,4000.0,0.0,0.0,0.0,46.90695165351044,optimal
2021-02-13 04:00:00,3,99,1.3333333333333333,0.0,0.0,0.13143333333333335,9.5235,6.0,2,18.92449394638362,,4000.0,0.0,0.0,0.0,46.86004470185693,optimal
2021-02-13 04:30:00,3,99,1.3333333333333333,0.0,0.0,0.16333333333333333,8.1375,6.0,2,19.040421613723222,,4000.0,0.0,0.0,0.0,46.81318465715507,optimal
2021-02-13 05:00:00,3,99,1.3333333333333333,0.0,0.0,0.12440000000000001,10.0905,6.0,2,19.156312617195496,,4000.0,0.0,0.0,0.0,46.766371472497916,optimal
2021-02-13 05:30:00,3,99,1.3333333333333333,0.0,3.100791285594309,0.12883333333333336,7.539,6.0,2,19.266140712034648,,4000.0,0.0,0.0,0.0,48.192480961682705,optimal
2021-02-13 06:00:00,3,99,1.3333333333333333,0.0,0.0,0.14483333333333334,7.938,6.0,2,19.373672902385536,,4000.0,0.0,0.0,0.0,48.144288480721016,optimal
2021-02-13 06:30:00,3,99,1.3333333333333333,0.0,0.0,0.2642,8.274,6.0,2,19.479922563524497,,4000.0,0.0,0.0,0.0,48.096144192240295,optimal
2021-02-13 07:00:00,3,99,1.3333333333333333,0.23222222222222222,0.0,0.2085,9.261,6.0,2,19.611065070538825,,4000.0,0.0,0.0,209.0,48.048048048048045,optimal
2021-02-13 07:30:00,3,99,1.3333333333333333,0.6192592592592592,0.0,0.29683333333333334,9.9225,6.0,2,19.799778484746888,,4000.0,0.0,0.0,557.3333333333333,48.0,optimal
2021-02-13 08:00:00,3,99,1.3333333333333333,0.23222222222222222,0.0,0.33363333333333334,9.702,6.0,2,20.0,,4000.0,0.0,0.0,209.0,47.67873391494377,optimal
2021-02-13 08:30:00,3,99,1.3333333333333333,0.46444444444444444,0.0,1.7281333333333335,10.584,6.0,2,20.155742323187514,,4000.0,0.0,0.0,418.0,47.3577890959726,optimal
2021-02-13 09:00:00,3,99,1.3333333333333333,0.0,0.0,0.32413333333333333,10.143,6.0,2,20.343476460777357,,4000.0,0.0,0.0,0.0,47.037165221820395,optimal
2021-02-13 09:30:00,3,99,0.0,2.150377777777778,0.0,0.5571,13.0095,6.0,2,20.474785115251404,,0.0,0.0,0.0,1935.34,46.71686197154234,optimal
2021-02-13 10:00:00,3,99,1.3333333333333333,0.48147407407407405,0.0,1.485,11.025,6.0,2,20.26612525513542,,4000.0,0.0,0.0,433.32666666666665,46.396879024514575,optimal
2021-02-13 10:30:00,3,99,0.0,0.46444444444444444,0.0,1.6559000000000001,12.789,6.0,2,20.469028326795463,,0.0,0.0,0.0,418.0,46.077216060433834,optimal
2021-02-13 11:00:00,3,99,0.0,0.0,0.0,0.1133,12.1275,6.0,2,20.338017453085182,,0.0,0.0,0.0,0.0,45.75787275931717,optimal
2021-02-13 11:30:00,3,99,1.3304076497633506,0.0,0.0,0.17333333333333334,12.1695,6.0,2,20.16516605613251,,3991.2229492900515,0.0,0.0,0.0,45.43884880150163,optimal
2021-02-13 12:00:00,3,99,1.3333333333333333,0.0,0.0,0.08516666666666667,12.306,6.0,2,20.33984667617638,,4000.0,0.0,0.0,0.0,45.1201438676439,optimal
2021-02-13 12:30:00,3,99,0.0,0.0,0.0,0.2929,13.23,6.0,2,20.520732323988824,,0.0,0.0,0.0,0.0,44.80175763872003,optimal
2021-02-13 13:00:00,3,99,0.0,0.0,0.0,0.1,13.671,6.0,2,20.377930139062357,,0.0,0.0,0.0,0.0,44.483689796025075,optimal
2021-02-13 13:30:00,3,99,0.0,0.0,0.0,0.2,13.9335,6.0,2,20.232590465105485,,0.0,0.0,0.0,0.0,44.16594002117282,optimal
2021-02-13 14:00:00,3,99,0.0,0.3096296296296296,0.0,0.4076,13.293,6.0,2,20.113745758243237,,0.0,0.0,0.0,278.66666666666663,43.84850799609542,optimal
2021-02-13 14:30:00,3,99,1.3333333333333333,0.1548148148148148,0.0,0.4481,12.1065,6.0,2,20.0,,4000.0,0.0,0.0,139.33333333333331,43.5313934030431,optimal
2021-02-13 15:00:00,3,99,1.3333333333333333,0.0,0.0,2.0043333333333333,11.571,6.0,2,20.276016945442098,,4000.0,0.0,0.0,0.0,43.214595924583826,optimal
2021-02-13 15:30:00,3,99,1.3333333333333333,0.0,0.0,0.5196666666666666,11.025,6.0,2,20.55971336568085,,4000.0,0.0,0.0,0.0,42.898115243603016,optimal
2021-02-13 16:00:00,3,99,1.3333333333333333,0.3096296296296296,0.0,0.34576666666666667,10.8465,6.0,2,20.797863358850616,,4000.0,0.0,0.0,278.66666666666663,42.581951043303185,optimal
2021-02-13 16:30:00,3,99,1.3333333333333333,0.0774074074074074,0.0,0.5854,11.2455,6.0,2,20.985706089954544,,4000.0,0.0,0.0,69.66666666666666,42.266103007203654,optimal
2021-02-13 17:00:00,3,99,0.0,0.5418518518518518,0.0,0.5635666666666668,23.8665,6.0,2,21.2021089899665,,0.0,0.0,0.0,487.6666666666667,41.950570819140225,optimal
2021-02-13 17:30:00,3,99,0.0,0.0,0.0,0.5650666666666667,27.4575,6.0,2,21.039709224597875,,0.0,0.0,0.0,0.0,41.63535416326486,optimal
2021-02-13 18:00:00,3,99,0.0,0.1548148148148148,0.0,0.3586666666666667,27.3735,6.0,2,20.879097036150327,,0.0,0.0,0.0,139.33333333333331,41.32045272404537,optimal
2021-02-13 18:30:00,3,99,0.0,0.0,0.0,0.5170666666666667,30.4605,6.0,2,20.70192475738768,,0.0,0.0,0.0,0.0,41.005866186265095,optimal
2021-02-13 19:00:00,3,99,0.0,0.23222222222222222,0.0,0.3105333333333334,30.0195,6.0,2,20.584248876726868,,0.0,0.0,0.0,209.0,40.6915942350226,optimal
2021-02-13 19:30:00,3,99,0.0,0.0,0.0,0.22333333333333327,26.9325,6.0,2,20.449204704364757,,0.0,0.0,0.0,0.0,40.37763655573135,optimal
2021-02-13 20:00:00,3,99,0.04605576819105358,0.0,0.0,0.1977,14.595,6.0,2,20.23760970682399,,138.16730457316075,0.0,0.0,0.0,40.06399283411939,optimal
2021-02-13 20:30:00,3,99,0.0,0.0,0.0,0.18036666666666668,12.4845,6.0,2,20.0,,0.0,0.0,0.0,0.0,39.75066275622904,optimal
2021-02-13 21:00:00,3,99,0.0,0.0,0.0,0.08516666666666667,12.1275,6.0,2,19.752186863528618,,0.0,0.0,0.0,0.0,39.437646008416586,optimal
2021-02-13 21:30:00,3,99,0.0,0.0,0.0,0.16956666666666667,12.1275,6.0,2,19.49943084265509,,0.0,0.0,0.0,0.0,39.12494227735194,optimal
2021-02-13 22:00:00,3,99,0.0,0.0,0.0,0.17333333333333334,12.789,6.0,2,19.2564388372377,,0.0,0.0,0.0,0.0,38.81255125001836,optimal
2021-02-13 22:30:00,3,99,0.0,0.0,0.0,0.1766,11.907,6.0,2,19.016225933412766,,0.0,0.0,0.0,0.0,38.50047261371211,optimal
2021-02-13 23:00:00,3,99,0.0,0.0,0.0,0.3061333333333333,11.025,6.0,2,18.77998813565984,,0.0,0.0,0.0,0.0,38.4619721410984,optimal
2021-02-13 23:30:00,3,99,0.0,0.0774074074074074,0.0,0.33003333333333335,8.2005,6.0,2,18.606348033526878,,0.0,0.0,0.0,69.66666666666666,38.4235101689573,optimal
2021-02-07 00:00:00,4,99,1.3333333333333333,0.0,0.0,0.060333333333333336,5.292,6.0,1,21.0,,4000.0,0.0,0.0,0.0,47.952,optimal
2021-02-07 00:30:00,4,99,0.0,0.0,0.0,0.061,9.261,6.0,1,21.128931539441815,,0.0,0.0,0.0,0.0,47.904047999999996,optimal
2021-02-07 01:00:00,4,99,0.0,0.0,0.0,0.1506333333333333,10.3635,6.0,1,20.91010524320117,,0.0,0.0,0.0,0.0,47.856143952,optimal
2021-02-07 01:30:00,4,99,0.0,0.0,0.0,0.16343333333333335,8.274,6.0,1,20.700419007048097,,0.0,0.0,0.0,0.0,47.80828780804799,optimal
2021-02-07 02:00:00,4,99,1.0575403107528112,0.0,0.0,0.061,7.7175,6.0,1,20.49385615654008,,3172.620932258433,0.0,0.0,0.0,47.76047952023995,optimal
2021-02-07 02:30:00,4,99,1.3333333333333333,0.0,0.0,0.08716666666666667,6.615,6.0,1,20.550508582113032,,4000.0,0.0,0.0,0.0,47.712719040719705,optimal
2021-02-07 03:00:00,4,99,1.3333333333333333,0.0,0.0,0.1459,6.174,6.0,1,20.677787557393962,,4000.0,0.0,0.0,0.0,47.66500632167899,optimal
2021-02-07 03:30:00,4,99,1.3333333333333333,0.0,0.0,0.142,3.906,6.0,1,20.80716831903235,,4000.0,0.0,0.0,0.0,47.61734131535731,optimal
2021-02-07 04:00:00,4,99,1.3333333333333333,0.0,0.0,0.13426666666666667,2.3415,6.0,1,20.933932035167185,,4000.0,0.0,0.0,0.0,47.56972397404195,optimal
2021-02-07 04:30:00,4,99,1.3333333333333333,0.0,0.0,0.061,2.205,6.0,1,21.05778589419424,,4000.0,0.0,0.0,0.0,47.522154250067906,optimal
2021-02-07 05:00:00,4,99,1.3333333333333333,0.0,1.9181088001269289,0.1636,0.882,6.0,1,21.173828169428756,,4000.0,0.0,0.0,0.0,48.38573377587813,optimal
2021-02-07 05:30:00,4,99,1.3333333333333333,0.0,0.0,0.0772,1.5435,6.0,1,21.29712163854411,,4000.0,0.0,0.0,0.0,48.33734804210225,optimal
2021-02-07 06:00:00,4,99,1.3333333333333333,0.0,0.0,0.13426666666666667,1.5435,6.0,1,21.411493239677558,,4000.0,0.0,0.0,0.0,48.289010694060146,optimal
2021-02-07 06:30:00,4,99,1.3333333333333333,0.0,0.0,0.1636,5.0715,6.0,1,21.529263206071285,,4000.0,0.0,0.0,0.0,48.240721683366075,optimal
2021-02-07 07:00:00,4,99,1.3333333333333333,0.0,0.0,0.0772,5.376,6.0,1,21.647391634120854,,4000.0,0.0,0.0,0.0,48.192480961682705,optimal
2021-02-07 07:30:00,4,99,1.3333333333333333,0.0,0.0,0.10959999999999999,5.0715,6.0,1,21.75602701907253,,4000.0,0.0,0.0,0.0,48.144288480721016,optimal
2021-02-07 08:00:00,4,99,1.3333333333333333,0.0,0.0,0.26253333333333334,5.5125,6.0,1,21.864124206534527,,4000.0,0.0,0.0,0.0,48.096144192240295,optimal
2021-02-07 08:30:00,4,99,0.7390727973480234,2.7092592592592597,0.0,0.1368,9.261,6.0,1,22.0,,2217.2183920440702,0.0,0.0,2438.3333333333335,48.048048048048045,optimal
2021-02-07 09:00:00,4,99,0.7319899940582522,2.941481481481482,0.0,0.07276666666666666,11.7075,6.0,1,22.0,,2195.9699821747563,0.0,0.0,2647.3333333333335,48.0,optimal
2021-02-07 09:30:00,4,99,0.0,0.0,0.0,0.7778333333333334,12.348,6.0,1,22.0,,0.0,0.0,0.0,0.0,47.325887558574706,optimal
2021-02-07 10:00:00,4,99,0.0,0.0,0.0,1.1332,12.348,6.0,1,21.80969117634595,,0.0,0.0,0.0,0.0,46.65244922959084,optimal
2021-02-07 10:30:00,4,99,1.3333333333333333,0.0,0.0,0.143,12.1275,6.0,1,21.60173264803245,,4000.0,0.0,0.0,0.0,45.97968433893596,optimal
2021-02-07 11:00:00,4,99,1.0303185556401853,0.0,0.0,0.22806666666666664,12.5265,6.0,1,21.714220883063174,,3090.9556669205554,0.0,0.0,0.0,45.30759221317173,optimal
2021-02-07 11:30:00,4,99,1.3333333333333333,0.0,0.0,0.3302,11.7495,6.0,1,21.769955029717217,,4000.0,0.0,0.0,0.0,44.63617217953327,optimal
2021-02-07 12:00:00,4,99,0.0,0.0,0.0,0.13293333333333335,13.23,6.0,1,21.907160613238325,,0.0,0.0,0.0,0.0,43.96542356592845,optimal
2021-02-07 12:30:00,4,99,0.0,0.0,0.0,0.13903333333333334,14.3325,6.0,1,21.702771776405985,,0.0,0.0,0.0,0.0,43.295345700937226,optimal
2021-02-07 13:00:00,4,99,0.0,0.0,0.0,0.152,14.994,6.0,1,21.505365122578876,,0.0,0.0,0.0,0.0,42.62593791381099,optimal
2021-02-07 13:30:00,4,99,0.0,0.0,0.0,0.18206666666666663,14.8155,6.0,1,21.300996135797963,,0.0,0.0,0.0,0.0,41.95719953447189,optimal
2021-02-07 14:00:00,4,99,0.0,0.0,0.0,0.071,14.112,6.0,1,21.102425845534913,,0.0,0.0,0.0,0.0,41.289129893512126,optimal
2021-02-07 14:30:00,4,99,0.0,0.0,0.0,0.18980000000000002,14.007,6.0,1,20.901870636316346,,0.0,0.0,0.0,0.0,40.62172832219332,optimal
2021-02-07 15:00:00,4,99,1.3333333333333333,0.0,0.0,0.14426666666666668,13.23,6.0,1,20.714615235362857,,4000.0,0.0,0.0,0.0,39.954994152445835,optimal
2021-02-07 15:30:00,4,99,1.3333333333333333,0.0,0.0,0.152,11.382,6.0,1,20.877090001052682,,4000.0,0.0,0.0,0.0,39.2889267168681,optimal
2021-02-07 16:00:00,4,99,1.3333333333333333,0.0,0.0,0.18206666666666663,11.7495,6.0,1,21.036241968501816,,4000.0,0.0,0.0,0.0,38.623525348725934,optimal
2021-02-07 16:30:00,4,99,0.0,0.0,0.0,0.071,24.3285,6.0,1,21.170538307403795,,0.0,0.0,0.0,0.0,37.95878938195192,optimal
2021-02-07 17:00:00,4,99,0.0,0.0,0.0,0.18980000000000002,28.917,6.0,1,20.95397890560265,,0.0,0.0,0.0,0.0,37.29471815114467,optimal
2021-02-07 17:30:00,4,99,0.0,0.1548148148148148,0.0,0.30136666666666667,31.3635,6.0,1,20.72480274001157,,0.0,0.0,0.0,139.33333333333331,37.25742343299353,optimal
2021-02-07 18:00:00,4,99,0.0,0.0,0.0,0.5230666666666667,33.306,6.0,1,20.53601725569957,,0.0,0.0,0.0,0.0,37.220166009560536,optimal
2021-02-07 18:30:00,4,99,0.0,0.5418518518518518,0.0,0.3455,31.3425,6.0,1,20.38730671406129,,0.0,0.0,0.0,487.6666666666667,37.182945843550975,optimal
2021-02-07 19:00:00,4,99,0.0,0.0774074074074074,0.0,0.3894333333333333,28.2555,6.0,1,20.223126921318073,,0.0,0.0,0.0,69.66666666666666,37.14576289770742,optimal
2021-02-07 19:30:00,4,99,0.0,0.23222222222222222,0.0,0.8256333333333333,15.6975,6.0,1,20.069837967706036,,0.0,0.0,0.0,209.0,37.10861713480971,optimal
2021-02-07 20:00:00,4,99,0.29268828972139266,0.1548148148148148,0.0,0.4455,12.5475,6.0,1,20.0,,878.064869164178,0.0,0.0,139.33333333333331,37.0715085176749,optimal
2021-02-07 20:30:00,4,99,0.0,0.0,0.0,0.5983666666666667,12.0855,6.0,1,20.0,,0.0,0.0,0.0,0.0,37.03443700915722,optimal
2021-02-07 21:00:00,4,99,0.0,0.774074074074074,0.0,0.5154333333333333,11.907,6.0,1,19.938235032259367,,0.0,0.0,0.0,696.6666666666666,36.99740257214807,optimal
2021-02-07 21:30:00,4,99,0.0,0.0774074074074074,0.0,0.4875,12.5685,6.0,1,19.85487387918501,,0.0,0.0,0.0,69.66666666666666,36.96040516957592,optimal
2021-02-07 22:00:00,4,99,0.0,0.0774074074074074,0.0,0.3946,13.146,6.0,1,19.733995241702818,,0.0,0.0,0.0,69.66666666666666,36.92344476440635,optimal
2021-02-07 22:30:00,4,99,0.0,0.0,0.0,0.19569999999999999,10.584,6.0,1,19.58992007653255,,0.0,0.0,0.0,0.0,36.88652131964194,optimal
2021-02-07 23:00:00,4,99,0.0,0.0,0.0,0.1736,6.678,6.0,1,19.412348227470865,,0.0,0.0,0.0,0.0,36.8496347983223,optimal
2021-02-07 23:30:00,4,99,0.0,0.0,0.0,0.14426666666666668,7.938,6.0,1,19.21138036168823,,0.0,0.0,0.0,0.0,36.81278516352398,optimal
2021-02-08 00:00:00,4,99,1.3333333333333333,0.0,4.919389329783653,0.058,5.9745,6.0,0,19.21138036168823,,4000.0,0.0,0.0,0.0,39.11268231000768,optimal
2021-02-08 00:30:00,4,99,1.3333333333333333,0.0,0.0,0.058,7.938,6.0,0,19.33919009134201,,4000.0,0.0,0.0,0.0,39.073569627697665,optimal
2021-02-08 01:00:00,4,99,1.3333333333333333,0.0,0.0,0.16106666666666666,8.6835,6.0,0,19.465371588498336,,4000.0,0.0,0.0,0.0,39.03449605806997,optimal
2021-02-08 01:30:00,4,99,1.3333333333333333,0.0,0.0,0.2026,7.665,6.0,0,19.59871481627809,,4000.0,0.0,0.0,0.0,38.99546156201189,optimal
2021-02-08 02:00:00,4,99,1.3333333333333333,0.0,0.0,0.11259999999999999,6.7725,6.0,0,19.73325612258308,,4000.0,0.0,0.0,0.0,38.95646610044988,optimal
2021-02-08 02:30:00,4,99,1.3333333333333333,0.0,5.0,0.08546666666666666,5.5755,6.0,0,19.85778899510358,,4000.0,0.0,0.0,0.0,41.29250963434943,optimal
2021-02-08 03:00:00,4,99,1.3333333333333333,0.0,5.0,0.2572,5.0925,6.0,0,19.979063770685016,,4000.0,0.0,0.0,0.0,43.626217124715076,optimal
2021-02-08 03:30:00,4,99,1.3333333333333333,0.0,5.0,0.058,4.1895,6.0,0,20.11404212662649,,4000.0,0.0,0.0,0.0,45.95759090759036,optimal
2021-02-08 04:00:00,4,99,1.3333333333333333,0.0,0.0,0.22286666666666669,7.056,6.0,0,20.2297154183975,,4000.0,0.0,0.0,0.0,45.91163331668277,optimal
2021-02-08 04:30:00,4,99,1.3333333333333333,0.0,5.0,0.1198,5.271,6.0,0,20.357305463765226,,4000.0,0.0,0.0,0.0,48.240721683366075,optimal
2021-02-08 05:00:00,4,99,1.3333333333333333,0.0,0.0,0.15380000000000002,7.938,6.0,0,20.473226904707552,,4000.0,0.0,0.0,0.0,48.192480961682705,optimal
2021-02-08 05:30:00,4,99,1.3333333333333333,0.0,0.0,0.19753333333333334,7.938,6.0,0,20.589290435384346,,4000.0,0.0,0.0,0.0,48.144288480721016,optimal
2021-02-08 06:00:00,4,99,1.3333333333333333,0.0,0.0,0.0722,11.907,6.0,0,20.70622197600776,,4000.0,0.0,0.0,0.0,48.096144192240295,optimal
2021-02-08 06:30:00,4,99,1.3333333333333333,0.0,0.0,0.2818,11.025,6.0,0,20.81024971285704,,4000.0,0.0,0.0,0.0,48.048048048048045,optimal
2021-02-08 07:00:00,4,99,1.3333333333333333,2.012592592592592,0.0,0.05666666666666666,11.2875,6.0,0,20.930885993597037,,4000.0,0.0,0.0,1811.333333333333,48.0,optimal
2021-02-08 07:30:00,4,99,0.0,0.6966666666666667,0.0,0.1514,12.936,6.0,0,21.044118685010563,,0.0,0.0,0.0,627.0,47.91262924838135,optimal
2021-02-08 08:00:00,4,99,0.0,0.0774074074074074,0.0,0.1872666666666667,13.0095,6.0,0,20.818952385351455,,0.0,0.0,0.0,69.66666666666666,47.82534586751432,optimal
2021-02-08 08:30:00,4,99,0.0,0.387037037037037,0.0,0.056,13.671,6.0,0,20.65603620452873,,0.0,0.0,0.0,348.3333333333333,47.73814977002816,optimal
2021-02-08 09:00:00,4,99,0.0,0.0,0.0,0.20706666666666662,13.188,6.0,0,20.484851697796763,,0.0,0.0,0.0,0.0,47.651040868639484,optimal
2021-02-08 09:30:00,4,99,0.0,0.23222222222222222,0.0,0.1316,13.8495,6.0,0,20.342626218426155,,0.0,0.0,0.0,209.0,47.5640190761522,optimal
2021-02-08 10:00:00,4,99,0.0,0.0774074074074074,0.0,0.07840000000000001,13.23,6.0,0,20.161414721310894,,0.0,0.0,0.0,69.66666666666666,47.477084305457396,optimal
2021-02-08 10:30:00,4,99,0.4667326108722958,0.0774074074074074,0.0,0.4206333333333333,13.3665,6.0,0,20.005307711711417,,1400.1978326168874,0.0,0.0,69.66666666666666,47.39023646953329,optimal
2021-02-08 11:00:00,4,99,1.3333333333333333,0.0,0.0,0.2238,13.0515,6.0,0,20.0,,4000.0,0.0,0.0,0.0,47.30347548144511,optimal
2021-02-08 11:30:00,4,99,1.3333333333333333,0.0,0.0,0.2736,13.5345,6.0,0,20.22518285804517,,4000.0,0.0,0.0,0.0,47.21680125434502,optimal
2021-02-08 12:00:00,4,99,0.0,0.23222222222222222,0.0,0.1174,14.154,6.0,0,20.45207216867427,,0.0,0.0,0.0,209.0,47.13021370147203,optimal
2021-02-08 12:30:00,4,99,0.0,0.0,0.0,0.5215,14.112,6.0,0,20.32670912860423,,0.0,0.0,0.0,0.0,47.04371273615191,optimal
2021-02-08 13:00:00,4,99,0.16752489714575672,0.774074074074074,0.0,1.8339333333333327,14.2485,6.0,0,20.222586493842613,,502.57469143727013,0.0,0.0,696.6666666666666,46.95729827179711,optimal
2021-02-08 13:30:00,4,99,1.3333333333333333,0.387037037037037,0.0,0.21206666666666663,12.789,6.0,0,20.232081728790572,,4000.0,0.0,0.0,348.3333333333333,46.87097022190666,optimal
2021-02-08 14:00:00,4,99,1.3333333333333333,0.0,0.0,0.26526666666666665,13.0095,6.0,0,20.44409064320142,,4000.0,0.0,0.0,0.0,46.7847285000661,optimal
2021-02-08 14:30:00,4,99,1.3333333333333333,0.0,0.0,0.068,12.1275,6.0,0,20.643184045981414,,4000.0,0.0,0.0,0.0,46.69857301994739,optimal
2021-02-08 15:00:00,4,99,1.3333333333333333,0.0,0.0,0.2718666666666667,12.348,6.0,0,20.821046134160497,,4000.0,0.0,0.0,0.0,46.612503695308796,optimal
2021-02-08 15:30:00,4,99,1.3333333333333333,0.0,0.0,0.21203333333333332,12.348,6.0,0,20.99747200838368,,4000.0,0.0,0.0,0.0,46.52652043999484,optimal
2021-02-08 16:00:00,4,99,0.0,0.0,0.0,0.121,25.389,6.0,0,21.18173432781417,,0.0,0.0,0.0,0.0,46.440623167936195,optimal
2021-02-08 16:30:00,4,99,0.0,0.387037037037037,0.0,0.24646666666666667,29.1375,6.0,0,20.996073505855215,,0.0,0.0,0.0,348.3333333333333,46.35481179314961,optimal
2021-02-08 17:00:00,4,99,0.0,0.5418518518518518,0.0,0.066,30.597,6.0,0,20.835297147808067,,0.0,0.0,0.0,487.6666666666667,46.26908622973781,optimal
2021-02-08 17:30:00,4,99,0.0,0.1548148148148148,0.0,0.2685,33.684,6.0,0,20.626936231297645,,0.0,0.0,0.0,139.33333333333331,46.183446391889426,optimal
2021-02-08 18:00:00,4,99,0.0,0.0,0.0,0.207,32.445,6.0,0,20.434680267074224,,0.0,0.0,0.0,0.0,46.09789219387889,optimal
2021-02-08 18:30:00,4,99,0.0,0.0,0.0,0.13019999999999998,28.917,6.0,0,20.241655940045607,,0.0,0.0,0.0,0.0,46.012423550066366,optimal
2021-02-08 19:00:00,4,99,0.8981005184295923,0.0,0.0,0.23246666666666665,15.876,6.0,0,20.0,,2694.301555288777,0.0,0.0,0.0,45.92704037489765,optimal
2021-02-08 19:30:00,4,99,0.9604092566877771,0.0,0.0,0.068,12.348,6.0,0,20.0,,2881.2277700633313,0.0,0.0,0.0,45.841742582904104,optimal
2021-02-08 20:00:00,4,99,0.9175402171681999,0.0,0.0,0.21906666666666663,12.1275,6.0,0,20.0,,2752.6206515045997,0.0,0.0,0.0,45.756530088702554,optimal
2021-02-08 20:30:00,4,99,0.0,0.0,0.0,0.1142,12.348,6.0,0,20.0,,0.0,0.0,0.0,0.0,45.671402806995204,optimal
2021-02-08 21:00:00,4,99,0.0,0.0,0.0,0.17293333333333333,12.1275,6.0,0,19.755602482571973,,0.0,0.0,0.0,0.0,45.58636065256956,optimal
2021-02-08 21:30:00,4,99,0.0,0.0,0.0,0.14353333333333332,12.1275,6.0,0,19.518041725478803,,0.0,0.0,0.0,0.0,45.50140354029834,optimal
2021-02-08 22:00:00,4,99,0.0,0.23222222222222222,0.0,0.1429,11.2665,6.0,0,19.282916860076412,,0.0,0.0,0.0,209.0,45.41653138513939,optimal
2021-02-08 22:30:00,4,99,0.0,0.23222222222222222,0.0,0.3597333333333333,10.143,6.0,0,19.067448848739815,,0.0,0.0,0.0,209.0,45.37111485375426,optimal
2021-02-08 23:00:00,4,99,0.0,0.0,0.0,0.13286666666666666,11.2455,6.0,0,18.905351319642502,,0.0,0.0,0.0,0.0,45.325743738900506,optimal
2021-02-08 23:30:00,4,99,0.0,0.0,0.0,0.1598,11.025,6.0,0,18.692055191526205,,0.0,0.0,0.0,0.0,45.280417995161606,optimal
2021-02-09 00:00:00,4,99,1.3333333333333333,0.0,0.0,0.062,11.466,6.0,2,18.692055191526205,,4000.0,0.0,0.0,0.0,45.23513757716645,optimal
2021-02-09 00:30:00,4,99,1.3333333333333333,0.0,0.0,0.1151,10.8045,6.0,2,18.81522802033218,,4000.0,0.0,0.0,0.0,45.18990243958928,optimal
2021-02-09 01:00:00,4,99,1.3333333333333333,0.0,5.0,0.1387,10.584,6.0,2,18.941986570439106,,4000.0,0.0,0.0,0.0,47.519712537149694,optimal
2021-02-09 01:30:00,4,99,1.3333333333333333,0.0,0.0,0.07379999999999999,11.2455,6.0,2,19.06977521331062,,4000.0,0.0,0.0,0.0,47.47219282461254,optimal
2021-02-09 02:00:00,4,99,1.3333333333333333,0.0,0.0,0.18,12.1275,6.0,2,19.18914005587035,,4000.0,0.0,0.0,0.0,47.42472063178793,optimal
2021-02-09 02:30:00,4,99,1.3333333333333333,0.0,0.0,0.062,11.823,6.0,2,19.314746112870225,,4000.0,0.0,0.0,0.0,47.37729591115614,optimal
2021-02-09 03:00:00,4,99,1.3333333333333333,0.0,0.0,0.1741,11.7705,6.0,2,19.429349193333543,,4000.0,0.0,0.0,0.0,47.329918615244985,optimal
2021-02-09 03:30:00,4,99,1.3333333333333333,0.0,0.0,0.07970000000000001,11.13,6.0,2,19.552667065891388,,4000.0,0.0,0.0,0.0,47.28258869662974,optimal
2021-02-09 04:00:00,4,99,1.3333333333333333,0.0,0.0,0.062,11.6865,6.0,2,19.667656046002907,,4000.0,0.0,0.0,0.0,47.235306107933106,optimal
2021-02-09 04:30:00,4,99,1.3333333333333333,0.0,0.0,0.1741,10.7205,6.0,2,19.78094810501354,,4000.0,0.0,0.0,0.0,47.18807080182517,optimal
2021-02-09 05:00:00,4,99,1.3333333333333333,0.0,0.0,0.07970000000000001,11.424,6.0,2,19.901060732357024,,4000.0,0.0,0.0,0.0,47.140882731023346,optimal
2021-02-09 05:30:00,4,99,1.3333333333333333,0.0,2.110320724100991,0.062,10.689,6.0,2,20.010337399788042,,4000.0,0.0,0.0,0.0,48.096144192240295,optimal
2021-02-09 06:00:00,4,99,1.3333333333333333,0.0,0.0,0.40353333333333335,11.361,6.0,2,20.11671596779615,,4000.0,0.0,0.0,0.0,48.048048048048045,optimal
2021-02-09 06:30:00,4,99,1.3333333333333333,0.0774074074074074,0.0,0.0996,11.571,6.0,2,20.25309524385891,,4000.0,0.0,0.0,69.66666666666666,48.0,optimal
2021-02-09 07:00:00,4,99,1.3333333333333333,0.0,0.0,0.073,14.3745,6.0,2,20.38551759685504,,4000.0,0.0,0.0,0.0,47.75877797324067,optimal
2021-02-09 07:30:00,4,99,1.3333333333333333,0.0,0.0,0.15583333333333335,13.23,6.0,2,20.487487542903754,,4000.0,0.0,0.0,0.0,47.517797168508096,optimal
2021-02-09 08:00:00,4,99,1.3333333333333333,0.0,0.0,0.10796666666666668,13.9755,6.0,2,20.578475456532725,,4000.0,0.0,0.0,0.0,47.27705734458026,optimal
2021-02-09 08:30:00,4,99,0.25971038688702675,0.0,0.0,0.062,14.994,6.0,2,20.66334500050787,,779.1311606610802,0.0,0.0,0.0,47.03655826047635,optimal
2021-02-09 09:00:00,4,99,1.3333333333333333,0.0,0.0,0.1617333333333333,13.671,6.0,2,20.47148919295162,,4000.0,0.0,0.0,0.0,46.79629967545654,optimal
2021-02-09 09:30:00,4,99,0.0,0.0,0.0,0.10740000000000001,15.981,6.0,2,20.58325465920907,,0.0,0.0,0.0,0.0,46.55628134902175,optimal
2021-02-09 10:00:00,4,99,0.0,0.0,0.0,0.072,15.6345,6.0,2,20.352066280486326,,0.0,0.0,0.0,0.0,46.3165030409134,optimal
2021-02-09 10:30:00,4,99,0.0,0.0,0.0,0.26776666666666665,16.5375,6.0,2,20.154059884647843,,0.0,0.0,0.0,0.0,46.07696451111316,optimal
2021-02-09 11:00:00,4,99,1.0186644594209069,0.0,0.0,0.19233333333333327,14.7735,6.0,2,20.0,,3055.993378262721,0.0,0.0,0.0,45.837665519842716,optimal
2021-02-09 11:30:00,4,99,0.0,0.46444444444444444,0.0,0.27953333333333336,15.2145,6.0,2,20.13022542595612,,0.0,0.0,0.0,418.0,45.598605827563546,optimal
2021-02-09 12:00:00,4,99,0.4020417802392362,0.23222222222222222,0.0,0.2558,14.553,6.0,2,20.0,,1206.1253407177085,0.0,0.0,209.0,45.35978519497665,optimal
2021-02-09 12:30:00,4,99,1.0055108956243064,0.387037037037037,0.0,0.2893,14.3325,6.0,2,20.0,,3016.5326868729194,0.0,0.0,348.3333333333333,45.12120338302235,optimal
2021-02-09 13:00:00,4,99,0.0,0.0,0.0,0.44989999999999997,14.595,6.0,2,20.162816583400396,,0.0,0.0,0.0,0.0,44.88286015288,optimal
2021-02-09 13:30:00,4,99,0.0,0.0,0.0,0.35103333333333336,14.994,6.0,2,20.088842147168915,,0.0,0.0,0.0,0.0,44.64475526596779,optimal
2021-02-09 14:00:00,4,99,1.189251592849014,0.0,0.0,0.16613333333333333,14.3325,6.0,2,20.0,,3567.7547785470415,0.0,0.0,0.0,44.40688848394249,optimal
2021-02-09 14:30:00,4,99,1.3333333333333333,0.0,0.0,0.18466666666666662,13.8915,6.0,2,20.181245927176242,,4000.0,0.0,0.0,0.0,44.16925956869922,optimal
2021-02-09 15:00:00,4,99,1.3333333333333333,0.0,0.0,0.062,13.8915,6.0,2,20.385874420971827,,4000.0,0.0,0.0,0.0,43.93186828237119,optimal
2021-02-09 15:30:00,4,99,1.3333333333333333,0.0,0.0,0.1918,13.4715,6.0,2,20.555066488183275,,4000.0,0.0,0.0,0.0,43.69471438732949,optimal
2021-02-09 16:00:00,4,99,1.3333333333333333,0.0,0.0,0.062,13.23,6.0,2,20.73314690466356,,4000.0,0.0,0.0,0.0,43.45779764618283,optimal
2021-02-09 16:30:00,4,99,1.3333333333333333,0.23222222222222222,0.0,0.36083333333333334,13.8915,6.0,2,20.867496132196823,,4000.0,0.0,0.0,209.0,43.22111782177732,optimal
2021-02-09 17:00:00,4,99,0.0,1.006296296296296,0.0,0.47953333333333337,26.9325,6.0,2,21.03962879999797,,0.0,0.0,0.0,905.6666666666665,43.17789670395554,optimal
2021-02-09 17:30:00,4,99,0.0,0.0,0.0,1.3882333333333332,30.303,6.0,2,20.867182335783465,,0.0,0.0,0.0,0.0,43.13471880725158,optimal
2021-02-09 18:00:00,4,99,0.0,0.5418518518518518,0.0,0.6303,32.886,6.0,2,20.78632891070239,,0.0,0.0,0.0,487.6666666666667,43.09158408844433,optimal
2021-02-09 18:30:00,4,99,0.0,0.1548148148148148,0.0,0.20363333333333333,34.9965,6.0,2,20.64063287079675,,0.0,0.0,0.0,139.33333333333331,43.048492504355885,optimal
2021-02-09 19:00:00,4,99,0.0,0.1548148148148148,0.0,0.45280000000000004,33.327,6.0,2,20.456689329201314,,0.0,0.0,0.0,139.33333333333331,43.00544401185153,optimal
2021-02-09 19:30:00,4,99,0.0,0.23222222222222222,0.0,0.5502,31.122,6.0,2,20.300967399429116,,0.0,0.0,0.0,209.0,42.962438567839676,optimal
2021-02-09 20:00:00,4,99,0.0,0.0,0.0,0.37310000000000004,17.9025,6.0,2,20.155374568040383,,0.0,0.0,0.0,0.0,42.919476129271835,optimal
2021-02-09 20:30:00,4,99,0.0,0.0,0.0,0.4791,15.6555,6.0,2,20.0,,0.0,0.0,0.0,0.0,42.876556653142565,optimal
2021-02-09 21:00:00,4,99,0.0,0.1548148148148148,0.0,0.36810000000000004,14.553,6.0,2,19.848793754186417,,0.0,0.0,0.0,139.33333333333331,42.833680096489424,optimal
2021-02-09 21:30:00,4,99,0.0,0.0774074074074074,0.0,0.2956333333333333,14.3325,6.0,2,19.697445742606547,,0.0,0.0,0.0,69.66666666666666,42.79084641639293,optimal
2021-02-09 22:00:00,4,99,0.0,0.3096296296296296,0.0,0.13616666666666666,13.335,6.0,2,19.52379594670579,,0.0,0.0,0.0,278.66666666666663,42.748055569976536,optimal
2021-02-09 22:30:00,4,99,0.0,0.0774074074074074,0.0,0.3538,12.1275,6.0,2,19.348366887544678,,0.0,0.0,0.0,69.66666666666666,42.70530751440656,optimal
2021-02-09 23:00:00,4,99,0.0,0.0,0.0,0.224,12.2955,6.0,2,19.193348123164935,,0.0,0.0,0.0,0.0,42.66260220689215,optimal
2021-02-09 23:30:00,4,99,0.0,2.3222222222222215,0.0,0.19466666666666663,11.6865,6.0,2,19.008484871176393,,0.0,0.0,0.0,2089.9999999999995,42.619939604685264,optimal
2021-02-10 00:00:00,4,99,1.3333333333333333,0.46444444444444444,0.0,0.1572333333333333,11.7075,6.0,1,19.008484871176393,,4000.0,0.0,0.0,418.0,42.57731966508058,optimal
2021-02-10 00:30:00,4,99,1.3333333333333333,0.0,0.0,0.3058,10.8045,6.0,1,19.14466474674634,,4000.0,0.0,0.0,0.0,42.5347423454155,optimal
2021-02-10 01:00:00,4,99,1.3333333333333333,0.0,0.0,0.19393333333333332,11.508,6.0,1,19.29741907633876,,4000.0,0.0,0.0,0.0,42.492207603070085,optimal
2021-02-10 01:30:00,4,99,1.3333333333333333,0.0,0.0,0.048,11.508,6.0,1,19.41900935100217,,4000.0,0.0,0.0,0.0,42.44971539546702,optimal
2021-02-10 02:00:00,4,99,1.3333333333333333,0.0,0.0,0.1348,11.508,6.0,1,19.525360231136272,,4000.0,0.0,0.0,0.0,42.407265680071546,optimal
2021-02-10 02:30:00,4,99,1.3333333333333333,0.0,0.0,0.048,11.844,6.0,1,19.636467507109632,,4000.0,0.0,0.0,0.0,42.36485841439148,optimal
2021-02-10 03:00:00,4,99,1.3333333333333333,0.0,0.0,0.19393333333333332,11.508,6.0,1,19.73877412795489,,4000.0,0.0,0.0,0.0,42.32249355597708,optimal
2021-02-10 03:30:00,4,99,1.3333333333333333,0.0,0.0,0.1348,11.508,6.0,1,19.852193857697518,,4000.0,0.0,0.0,0.0,42.280171062421104,optimal
2021-02-10 04:00:00,4,99,1.3333333333333333,0.0,5.0,0.07453333333333333,10.4475,6.0,1,19.959137435543436,,4000.0,0.0,0.0,0.0,44.61289089135868,optimal
2021-02-10 04:30:00,4,99,1.3333333333333333,0.0,3.133710665215269,0.186,10.8675,6.0,1,20.05959093706283,,4000.0,0.0,0.0,0.0,46.056790566444576,optimal
2021-02-10 05:00:00,4,99,1.3333333333333333,0.0,5.0,0.1162,10.542,6.0,1,20.16697467786894,,4000.0,0.0,0.0,0.0,48.38573377587813,optimal
2021-02-10 05:30:00,4,99,1.3333333333333333,0.0,0.0,0.19393333333333332,11.025,6.0,1,20.26577766002971,,4000.0,0.0,0.0,0.0,48.33734804210225,optimal
2021-02-10 06:00:00,4,99,1.3333333333333333,0.0,0.0,0.1348,11.025,6.0,1,20.368661775386144,,4000.0,0.0,0.0,0.0,48.289010694060146,optimal
2021-02-10 06:30:00,4,99,1.3333333333333333,0.0,0.0,0.05766666666666666,14.553,6.0,1,20.46393000699278,,4000.0,0.0,0.0,0.0,48.240721683366075,optimal
2021-02-10 07:00:00,4,99,1.3333333333333333,0.0,0.0,0.058,13.0935,6.0,1,20.553147265731102,,4000.0,0.0,0.0,0.0,48.192480961682705,optimal
2021-02-10 07:30:00,4,99,1.3333333333333333,0.0,0.0,0.1448,15.6345,6.0,1,20.643775841588774,,4000.0,0.0,0.0,0.0,48.144288480721016,optimal
2021-02-10 08:00:00,4,99,0.0,0.0,0.0,0.13456666666666667,18.102,6.0,1,20.73999808281065,,0.0,0.0,0.0,0.0,48.096144192240295,optimal
2021-02-10 08:30:00,4,99,0.0,0.1548148148148148,0.0,0.12436666666666665,17.199,6.0,1,20.494638625964665,,0.0,0.0,0.0,139.33333333333331,48.048048048048045,optimal
2021-02-10 09:00:00,4,99,0.0,0.0,0.0,0.9915,18.2805,6.0,1,20.264238217866353,,0.0,0.0,0.0,0.0,48.0,optimal
2021-02-10 09:30:00,4,99,0.0,2.012592592592592,0.0,5.0963666666666665,17.4615,6.0,1,20.131774816993037,,0.0,0.0,0.0,1811.333333333333,47.79996542311564,optimal
2021-02-10 10:00:00,4,99,0.0,0.0,0.0,0.5214333333333333,18.3225,6.0,1,20.132725503542517,,0.0,0.0,0.0,0.0,47.60013088080816,optimal
2021-02-10 10:30:00,4,99,0.5606637473636228,0.5836518518518518,0.0,0.2354,17.094,6.0,1,20.007749498293613,,1681.9912420908681,0.0,0.0,525.2866666666666,47.40049617304299,optimal
2021-02-10 11:00:00,4,99,0.4148016427314845,5.144496296296295,0.0,1.5440666666666667,17.094,6.0,1,20.0,,1244.4049281944535,0.0,0.0,4630.046666666666,47.20106109998559,optimal
2021-02-10 11:30:00,4,99,0.7104693331043772,0.0,0.0,2.9201333333333332,17.094,6.0,1,20.0,,2131.4079993131318,0.0,0.0,0.0,47.00182546200124,optimal
2021-02-10 12:00:00,4,99,0.0,0.0,0.0,0.2039333333333333,17.3565,6.0,1,20.130728549305225,,0.0,0.0,0.0,0.0,46.80278905965488,optimal
2021-02-10 12:30:00,4,99,0.5274140251920064,0.0,0.0,0.1386,17.115,6.0,1,20.0,,1582.2420755760193,0.0,0.0,0.0,46.60395169371086,optimal
2021-02-10 13:00:00,4,99,0.38224903195911114,0.387037037037037,0.0,0.4815,17.241,6.0,1,20.0,,1146.7470958773335,0.0,0.0,348.3333333333333,46.40531316513279,optimal
2021-02-10 13:30:00,4,99,0.40456701057781874,0.1548148148148148,0.0,0.37460000000000004,17.094,6.0,1,20.0,,1213.7010317334561,0.0,0.0,139.33333333333331,46.2068732750833,optimal
2021-02-10 14:00:00,4,99,1.3333333333333333,0.387037037037037,0.0,1.3487333333333331,16.5165,6.0,1,20.0,,4000.0,0.0,0.0,348.3333333333333,46.00863182492385,optimal
2021-02-10 14:30:00,4,99,0.0,0.0,0.0,1.5369333333333335,17.8185,6.0,1,20.30060429522838,,0.0,0.0,0.0,0.0,45.81058861621457,optimal
2021-02-10 15:00:00,4,99,1.3333333333333333,0.3096296296296296,0.0,2.6288666666666667,17.094,6.0,1,20.247758284250793,,4000.0,0.0,0.0,278.66666666666663,45.61274345071399,optimal
2021-02-10 15:30:00,4,99,1.3333333333333333,1.433585185185185,0.0,3.5702,16.8945,6.0,1,20.53408724467522,,4000.0,0.0,0.0,1290.2266666666667,45.41509613037892,optimal
2021-02-10 16:00:00,4,99,0.5542282496896502,4.4493777777777765,0.0,2.344133333333333,18.123,6.0,1,20.84312330756919,,1662.6847490689509,0.0,0.0,4004.4399999999996,45.21764645736418,optimal
2021-02-10 16:30:00,4,99,0.0,0.1548148148148148,0.0,0.206,31.647,6.0,1,20.89217525100087,,0.0,0.0,0.0,139.33333333333331,45.020394234022454,optimal
2021-02-10 17:00:00,4,99,0.0,0.387037037037037,0.0,1.159,34.9965,6.0,1,20.799895097433886,,0.0,0.0,0.0,348.3333333333333,44.82333926290407,optimal
2021-02-10 17:30:00,4,99,0.0,0.1548148148148148,0.0,3.745766666666667,34.9965,6.0,1,20.708060848169524,,0.0,0.0,0.0,139.33333333333331,44.626481346756805,optimal
2021-02-10 18:00:00,4,99,0.0,0.1548148148148148,0.0,0.9887,34.9965,6.0,1,20.652815423440437,,0.0,0.0,0.0,139.33333333333331,44.42982028852569,optimal
2021-02-10 18:30:00,4,99,0.0,0.0,0.0,1.4884333333333335,34.9965,6.0,1,20.545132616351648,,0.0,0.0,0.0,0.0,44.2333558913528,optimal
2021-02-10 19:00:00,4,99,0.0,0.387037037037037,0.0,0.3323333333333333,34.9965,6.0,1,20.380425026583175,,0.0,0.0,0.0,348.3333333333333,44.03708795857709,optimal
2021-02-10 19:30:00,4,99,0.0,0.0,0.0,1.5977000000000001,27.741,6.0,1,20.177730115603858,,0.0,0.0,0.0,0.0,43.84101629373415,optimal
2021-02-10 20:00:00,4,99,0.9068635569875122,0.0,0.0,1.1092666666666668,19.026,6.0,1,20.0,,2720.5906709625365,0.0,0.0,0.0,43.645140700556055,optimal
2021-02-10 20:30:00,4,99,0.0,0.0,0.0,2.305333333333333,18.7215,6.0,1,20.0,,0.0,0.0,0.0,0.0,43.44946098297114,optimal
2021-02-10 21:00:00,4,99,0.0,0.23222222222222222,0.0,0.4785,17.4195,6.0,1,19.80582270339432,,0.0,0.0,0.0,209.0,43.25397694510381,optimal
2021-02-10 21:30:00,4,99,0.0,0.0,0.0,1.8418666666666663,16.758,6.0,1,19.61924227243668,,0.0,0.0,0.0,0.0,43.058688391274345,optimal
2021-02-10 22:00:00,4,99,0.0,0.0,0.0,1.3430666666666666,14.217,6.0,1,19.451548658724665,,0.0,0.0,0.0,0.0,42.86359512599871,optimal
2021-02-10 22:30:00,4,99,0.0,0.0774074074074074,0.0,0.4706666666666667,13.3665,6.0,1,19.247115629921172,,0.0,0.0,0.0,69.66666666666666,42.668696953988345,optimal
2021-02-10 23:00:00,4,99,0.0,0.0,0.0,1.8958333333333333,12.789,6.0,1,19.064038197205754,,0.0,0.0,0.0,0.0,42.626028257034356,optimal
2021-02-10 23:30:00,4,99,0.0,0.387037037037037,0.0,0.8945666666666667,11.907,6.0,1,18.90242717434584,,0.0,0.0,0.0,348.3333333333333,42.583402228777324,optimal
2021-02-11 00:00:00,4,99,1.3333333333333333,0.0,0.0,0.1575,11.025,6.0,0,18.90242717434584,,4000.0,0.0,0.0,0.0,42.540818826548545,optimal
2021-02-11 00:30:00,4,99,1.3333333333333333,2.1674074074074072,0.0,0.43546666666666656,12.0855,6.0,0,18.998622503007027,,4000.0,0.0,0.0,1950.6666666666667,42.498278007722,optimal
2021-02-11 01:00:00,4,99,1.3333333333333333,0.0774074074074074,0.0,0.3434333333333333,11.6865,6.0,0,19.137010742713397,,4000.0,0.0,0.0,69.66666666666666,42.45577972971428,optimal
2021-02-11 01:30:00,4,99,1.3333333333333333,0.0,0.0,0.23286666666666667,11.2245,6.0,0,19.250973253906423,,4000.0,0.0,0.0,0.0,42.413323949984566,optimal
2021-02-11 02:00:00,4,99,1.3333333333333333,0.0,0.0,0.2762,11.025,6.0,0,19.343770210331684,,4000.0,0.0,0.0,0.0,42.37091062603458,optimal
2021-02-11 02:30:00,4,99,1.3333333333333333,0.0,2.416633759710294,0.055,10.7835,6.0,0,19.42469288376796,,4000.0,0.0,0.0,0.0,43.47644075127093,optimal
2021-02-11 03:00:00,4,99,1.3333333333333333,0.0,0.0,0.22393333333333332,11.025,6.0,0,19.484490334618574,,4000.0,0.0,0.0,0.0,43.43296431051965,optimal
2021-02-11 03:30:00,4,99,1.3333333333333333,0.0,5.0,0.1803333333333333,10.584,6.0,0,19.556625398524247,,4000.0,0.0,0.0,0.0,45.764531346209125,optimal
2021-02-11 04:00:00,4,99,1.3333333333333333,0.0,0.0,0.067,11.025,6.0,0,19.62731675500772,,4000.0,0.0,0.0,0.0,45.71876681486292,optimal
2021-02-11 04:30:00,4,99,1.3333333333333333,0.0,5.0,0.28926666666666667,10.4265,6.0,0,19.69064967562933,,4000.0,0.0,0.0,0.0,48.048048048048045,optimal
2021-02-11 05:00:00,4,99,1.3333333333333333,0.23222222222222222,0.0,0.4174,12.789,6.0,0,19.772086879032884,,4000.0,0.0,0.0,209.0,48.0,optimal
2021-02-11 05:30:00,4,99,1.3333333333333333,0.0,0.0,0.5102666666666666,12.684,6.0,0,19.873343290033255,,4000.0,0.0,0.0,0.0,47.69972136023242,optimal
2021-02-11 06:00:00,4,99,1.3333333333333333,0.0774074074074074,0.0,1.2639666666666667,16.254,6.0,0,19.985587156117532,,4000.0,0.0,0.0,69.66666666666666,47.3997429991046,optimal
2021-02-11 06:30:00,4,99,1.3333333333333333,0.1548148148148148,0.0,0.23413333333333333,17.64,6.0,0,20.100502310761556,,4000.0,0.0,0.0,139.33333333333331,47.10006461633792,optimal
2021-02-11 07:00:00,4,99,1.3333333333333333,0.6966666666666667,0.0,0.1194,19.1625,6.0,0,20.194826499378937,,4000.0,0.0,0.0,627.0,46.800685911954,optimal
2021-02-11 07:30:00,4,99,0.0,0.0,0.0,0.35819999999999996,26.46,6.0,0,20.26293741740263,,0.0,0.0,0.0,0.0,46.50160658627446,optimal
2021-02-11 08:00:00,4,99,0.0,3.6724727228257743,0.0,0.065,20.79,6.0,0,20.000848756571198,,0.0,3305.225450543197,0.0,0.0,46.202826339920605,optimal
2021-02-11 08:30:00,4,99,0.0,3.4686669025822168,0.0,0.2807333333333333,29.106,6.0,0,20.0,,0.0,3121.800212323995,0.0,0.0,45.9043448738131,optimal
2021-02-11 09:00:00,4,99,1.3333333333333333,0.0,0.0,0.15553333333333333,19.1835,6.0,0,20.0,,4000.0,0.0,0.0,0.0,45.60616188917171,optimal
2021-02-11 09:30:00,4,99,0.6160514635613377,0.0,0.0,0.09113333333333334,19.6665,6.0,0,20.084309341538955,,1848.154390684013,0.0,0.0,0.0,45.30827708751495,optimal
2021-02-11 10:00:00,4,99,0.6628160452892177,0.0,0.0,0.2546,19.404,6.0,0,20.0,,1988.448135867653,0.0,0.0,0.0,45.010690170659856,optimal
2021-02-11 10:30:00,4,99,0.745184331655306,0.0,0.0,0.09733333333333331,19.047,6.0,0,20.0,,2235.552994965918,0.0,0.0,0.0,44.71340084072161,optimal
2021-02-11 11:00:00,4,99,0.7663413946172994,0.23222222222222222,0.0,0.31039999999999995,18.858,6.0,0,20.0,,2299.024183851898,0.0,0.0,209.0,44.41640880011331,optimal
2021-02-11 11:30:00,4,99,0.0,0.387037037037037,0.0,2.040966666666667,19.2675,6.0,0,20.06573750128549,,0.0,0.0,0.0,348.3333333333333,44.11971375154562,optimal
2021-02-11 12:00:00,4,99,0.3604357165569191,0.5418518518518518,0.0,0.35996666666666666,18.963,6.0,0,20.0,,1081.3071496707573,0.0,0.0,487.6666666666667,43.82331539802649,optimal
2021-02-11 12:30:00,4,99,0.6438925975866359,0.8514814814814814,0.0,0.3445666666666667,18.438,6.0,0,20.0,,1931.6777927599073,0.0,0.0,766.3333333333333,43.52721344286088,optimal
2021-02-11 13:00:00,4,99,0.0,0.0,0.0,1.2650666666666666,18.7425,6.0,0,20.078920885062416,,0.0,0.0,0.0,0.0,43.23140758965043,optimal
2021-02-11 13:30:00,4,99,1.3333333333333333,0.0774074074074074,0.0,0.6881,15.2145,6.0,0,20.0,,4000.0,0.0,0.0,69.66666666666666,42.9358975422932,optimal
2021-02-11 14:00:00,4,99,1.3333333333333333,0.3096296296296296,0.0,0.46623333333333333,17.7765,6.0,0,20.27580257215788,,4000.0,0.0,0.0,278.66666666666663,42.64068300498332,optimal
2021-02-11 14:30:00,4,99,1.3333333333333333,0.0,0.0,0.24659999999999999,16.758,6.0,0,20.54337809621391,,4000.0,0.0,0.0,0.0,42.34576368221076,optimal
2021-02-11 15:00:00,4,99,1.3333333333333333,0.0,0.0,0.30846666666666667,16.422,6.0,0,20.791633844167773,,4000.0,0.0,0.0,0.0,42.051139278760964,optimal
2021-02-11 15:30:00,4,99,1.3333333333333333,0.0,0.0,1.1039666666666668,16.758,6.0,0,21.015253864306143,,4000.0,0.0,0.0,0.0,41.75680949971462,optimal
2021-02-11 16:00:00,4,99,0.0,0.0,0.0,0.20513333333333333,29.358,6.0,0,21.229766949997156,,0.0,0.0,0.0,0.0,41.46277405044732,optimal
2021-02-11 16:30:00,4,99,0.0,0.0,0.0,0.2067333333333333,34.9965,6.0,0,21.046668496355633,,0.0,0.0,0.0,0.0,41.1690326366293,optimal
2021-02-11 17:00:00,4,99,0.0,0.0,0.0,0.3749333333333333,34.65,6.0,0,20.860242569028898,,0.0,0.0,0.0,0.0,40.875584964225084,optimal
2021-02-11 17:30:00,4,99,0.0,0.1548148148148148,0.0,0.2967666666666667,34.9965,6.0,0,20.644547564319105,,0.0,0.0,0.0,139.33333333333331,40.582430739493276,optimal
2021-02-11 18:00:00,4,99,0.0,0.0774074074074074,0.0,0.2918,34.9965,6.0,0,20.417294100934654,,0.0,0.0,0.0,69.66666666666666,40.541848308753785,optimal
2021-02-11 18:30:00,4,99,0.0,0.5264414846770421,0.0,0.7031666666666666,30.4815,6.0,0,20.19225488670924,,0.0,195.13066954267126,0.0,278.66666666666663,40.50130646044503,optimal
2021-02-11 19:00:00,4,99,0.0,3.542293759321206,0.0,0.11093333333333334,21.4305,6.0,0,20.0,,0.0,3188.0643833890854,0.0,0.0,40.46080515398459,optimal
2021-02-11 19:30:00,4,99,0.9766717688770815,0.0,0.0,0.34346666666666664,14.3325,6.0,0,20.0,,2930.0153066312446,0.0,0.0,0.0,40.420344348830604,optimal
2021-02-11 20:00:00,4,99,1.0074554099577893,0.0,0.0,0.2455,13.692,6.0,0,20.0,,3022.366229873368,0.0,0.0,0.0,40.37992400448177,optimal
2021-02-11 20:30:00,4,99,0.0,0.0,0.0,0.3589333333333333,14.007,6.0,0,20.0,,0.0,0.0,0.0,0.0,40.33954408047729,optimal
2021-02-11 21:00:00,4,99,0.0,0.46444444444444444,0.0,0.5019333333333332,12.873,6.0,0,19.752607602628544,,0.0,0.0,0.0,418.0,40.299204536396815,optimal
2021-02-11 21:30:00,4,99,0.0,0.0,0.0,0.7874333333333333,12.684,6.0,0,19.51333908591531,,0.0,0.0,0.0,0.0,40.25890533186042,optimal
2021-02-11 22:00:00,4,99,0.0,0.2740222222222222,0.0,0.6883333333333334,12.306,6.0,0,19.314731562927584,,0.0,0.0,0.0,246.62,40.21864642652856,optimal
2021-02-11 22:30:00,4,99,0.0,0.42264444444444443,0.0,0.6093999999999999,10.6365,6.0,0,19.111320524876803,,0.0,0.0,0.0,380.38,40.17842778010203,optimal
2021-02-11 23:00:00,4,99,0.0,0.0,0.0,0.48836666666666667,11.2455,6.0,0,18.897616028129097,,0.0,0.0,0.0,0.0,40.13824935232192,optimal
2021-02-11 23:30:00,4,99,0.0,0.0,0.0,0.1426,11.2455,6.0,0,18.65821305212537,,0.0,0.0,0.0,0.0,40.0981111029696,optimal
2021-02-12 00:00:00,4,99,1.3333333333333333,0.0,0.0,0.1404,10.689,6.0,2,18.65821305212537,,4000.0,0.0,0.0,0.0,40.058012991866626,optimal
2021-02-12 00:30:00,4,99,1.3333333333333333,0.0,5.0,0.128,8.1585,6.0,2,18.693000801350372,,4000.0,0.0,0.0,0.0,42.39295497887476,optimal
2021-02-12 01:00:00,4,99,1.3333333333333333,0.0,0.0,0.066,10.3635,6.0,2,18.726290342837203,,4000.0,0.0,0.0,0.0,42.35056202389589,optimal
2021-02-12 01:30:00,4,99,1.3333333333333333,0.0,0.0,0.2024,10.8045,6.0,2,18.753880646667056,,4000.0,0.0,0.0,0.0,42.30821146187199,optimal
2021-02-12 02:00:00,4,99,1.3333333333333333,0.0,0.0,0.066,11.025,6.0,2,18.79399873401343,,4000.0,0.0,0.0,0.0,42.26590325041012,optimal
2021-02-12 02:30:00,4,99,1.3333333333333333,0.0,0.0,0.066,10.3635,6.0,2,18.823274367256086,,4000.0,0.0,0.0,0.0,42.22363734715971,optimal
2021-02-12 03:00:00,4,99,1.3333333333333333,0.0,0.0,0.2017333333333333,10.8045,6.0,2,18.855998894514883,,4000.0,0.0,0.0,0.0,42.18141370981255,optimal
2021-02-12 03:30:00,4,99,1.3333333333333333,0.0,2.916836770236333,0.066,10.059,6.0,2,18.90553178573629,,4000.0,0.0,0.0,0.0,43.52472976196499,optimal
2021-02-12 04:00:00,4,99,1.3333333333333333,0.0,0.0,0.0846,10.584,6.0,2,18.9499478978187,,4000.0,0.0,0.0,0.0,43.48120503220302,optimal
2021-02-12 04:30:00,4,99,1.3333333333333333,0.0,5.0,0.18380000000000002,9.4185,6.0,2,19.004298366759738,,4000.0,0.0,0.0,0.0,45.812723827170814,optimal
2021-02-12 05:00:00,4,99,1.3333333333333333,0.0,0.0,0.066,10.3635,6.0,2,19.075314322840462,,4000.0,0.0,0.0,0.0,45.76691110334364,optimal
2021-02-12 05:30:00,4,99,1.3333333333333333,0.0,5.0,0.1714,9.8385,6.0,2,19.144320447035085,,4000.0,0.0,0.0,0.0,48.096144192240295,optimal
2021-02-12 06:00:00,4,99,1.3333333333333333,0.774074074074074,0.0,0.09566666666666669,11.067,6.0,2,19.231606817490153,,4000.0,0.0,0.0,696.6666666666666,48.048048048048045,optimal
2021-02-12 06:30:00,4,99,1.3333333333333333,0.0774074074074074,0.0,0.09126666666666668,10.8465,6.0,2,19.33996383521611,,4000.0,0.0,0.0,69.66666666666666,48.0,optimal
2021-02-12 07:00:00,4,99,1.3333333333333333,0.0,0.0,0.17353333333333334,13.671,6.0,2,19.452094173064044,,4000.0,0.0,0.0,0.0,47.88759750960684,optimal
2021-02-12 07:30:00,4,99,1.3333333333333333,5.264336865133188,0.0,0.11320000000000001,12.348,6.0,2,19.53337770556504,,4000.0,4737.903178619869,0.0,0.0,47.77530742170408,optimal
2021-02-12 08:00:00,4,99,1.3333333333333333,0.0,0.0,0.076,14.3325,6.0,2,20.0,,4000.0,0.0,0.0,0.0,47.66312962388922,optimal
2021-02-12 08:30:00,4,99,1.3333333333333333,0.0,0.0,0.1566,15.393,6.0,2,20.043924061441206,,4000.0,0.0,0.0,0.0,47.55106400387217,optimal
2021-02-12 09:00:00,4,99,1.3333333333333333,0.0,0.0,0.1318,13.587,6.0,2,20.09159834050445,,4000.0,0.0,0.0,0.0,47.439110449475145,optimal
2021-02-12 09:30:00,4,99,0.370324846068975,0.0,0.0,0.076,16.1385,6.0,2,20.157482661953324,,1110.974538206925,0.0,0.0,0.0,47.327268848632514,optimal
2021-02-12 10:00:00,4,99,0.6920461638420599,0.0,0.0,0.2124,14.595,6.0,2,20.0,,2076.1384915261797,0.0,0.0,0.0,47.215539089390724,optimal
2021-02-12 10:30:00,4,99,0.7175487877461486,0.0,0.0,0.06766666666666667,14.637,6.0,2,20.0,,2152.6463632384457,0.0,0.0,0.0,47.103921059908174,optimal
2021-02-12 11:00:00,4,99,0.5551839891285041,0.0,0.0,0.159,13.9125,6.0,2,20.0,,1665.5519673855122,0.0,0.0,0.0,46.99241464845511,optimal
2021-02-12 11:30:00,4,99,0.569221817116507,0.0,0.0,0.11773333333333331,13.3665,6.0,2,20.0,,1707.665451349521,0.0,0.0,0.0,46.881019743413496,optimal
2021-02-12 12:00:00,4,99,1.083920128553625,0.0,0.0,0.076,13.0095,6.0,2,20.0,,3251.7603856608753,0.0,0.0,0.0,46.76973623327692,optimal
2021-02-12 12:30:00,4,99,0.0,0.0,0.0,0.076,13.8915,6.0,2,20.13890102688902,,0.0,0.0,0.0,0.0,46.65856400665049,optimal
2021-02-12 13:00:00,4,99,0.49807457229389235,0.0,0.0,0.1938,13.188,6.0,2,20.0,,1494.223716881677,0.0,0.0,0.0,46.54750295225068,optimal
2021-02-12 13:30:00,4,99,1.3333333333333333,0.0,0.0,0.09459999999999999,12.5685,6.0,2,20.0,,4000.0,0.0,0.0,0.0,46.436552958905274,optimal
2021-02-12 14:00:00,4,99,1.3333333333333333,0.0,0.0,0.0884,12.285,6.0,2,20.20348475730189,,4000.0,0.0,0.0,0.0,46.32571391555321,optimal
2021-02-12 14:30:00,4,99,1.3333333333333333,0.0,0.0,0.2,11.487,6.0,2,20.39430978736479,,4000.0,0.0,0.0,0.0,46.2149857112445,optimal
2021-02-12 15:00:00,4,99,1.3333333333333333,0.0,0.0,0.076,11.802,6.0,2,20.590925112709563,,4000.0,0.0,0.0,0.0,46.1043682351401,optimal
2021-02-12 15:30:00,4,99,1.3333333333333333,0.0,0.0,0.076,11.2245,6.0,2,20.76031650581725,,4000.0,0.0,0.0,0.0,45.9938613765118,optimal
2021-02-12 16:00:00,4,99,1.3333333333333333,0.0,0.0,0.2124,11.025,6.0,2,20.92563901115658,,4000.0,0.0,0.0,0.0,45.88346502474214,optimal
2021-02-12 16:30:00,4,99,1.3333333333333333,0.0,0.0,0.076,11.907,6.0,2,21.06614719140086,,4000.0,0.0,0.0,0.0,45.773179069324236,optimal
2021-02-12 17:00:00,4,99,0.0,0.0774074074074074,0.0,0.48760000000000003,25.83,6.0,2,21.18943819620472,,0.0,0.0,0.0,69.66666666666666,45.66300339986176,optimal
2021-02-12 17:30:00,4,99,0.0,0.1548148148148148,0.0,0.30876666666666663,28.035,6.0,2,20.998277266764507,,0.0,0.0,0.0,139.33333333333331,45.6173403964619,optimal
2021-02-12 18:00:00,4,99,0.0,0.3096296296296296,0.0,0.5748333333333334,28.119,6.0,2,20.8097411097444,,0.0,0.0,0.0,278.66666666666663,45.57172305606544,optimal
2021-02-12 18:30:00,4,99,0.0,0.0,0.0,0.49739999999999995,30.156,6.0,2,20.65275488555146,,0.0,0.0,0.0,0.0,45.52615133300937,optimal
2021-02-12 19:00:00,4,99,0.0,0.387037037037037,0.0,0.3953666666666667,29.1585,6.0,2,20.483385037528855,,0.0,0.0,0.0,348.3333333333333,45.480625181676366,optimal
2021-02-12 19:30:00,4,99,0.0,0.0,0.0,0.4124,26.712,6.0,2,20.297818787326992,,0.0,0.0,0.0,0.0,45.43514455649469,optimal
2021-02-12 20:00:00,4,99,0.2462531343098094,0.0,0.0,0.6811666666666666,15.435,6.0,2,20.112622239346784,,738.7594029294282,0.0,0.0,0.0,45.3897094119382,optimal
2021-02-12 20:30:00,4,99,0.0,0.0,0.0,0.43260000000000004,13.566,6.0,2,20.0,,0.0,0.0,0.0,0.0,45.34431970252626,optimal
2021-02-12 21:00:00,4,99,0.0,0.0,0.0,0.4898666666666667,12.789,6.0,2,19.80870526385671,,0.0,0.0,0.0,0.0,45.298975382823734,optimal
2021-02-12 21:30:00,4,99,0.0,2.1674074074074072,0.0,0.39613333333333334,12.1275,6.0,2,19.633713824734723,,0.0,0.0,0.0,1950.6666666666667,45.25367640744091,optimal
2021-02-12 22:00:00,4,99,0.0,0.0,0.0,1.9467,13.671,6.0,2,19.459699255222763,,0.0,0.0,0.0,0.0,45.20842273103347,optimal
2021-02-12 22:30:00,4,99,0.0,0.0,0.0,0.35106666666666664,10.668,6.0,2,19.31993357647094,,0.0,0.0,0.0,0.0,45.163214308302436,optimal
2021-02-12 23:00:00,4,99,0.0,0.0774074074074074,0.0,0.48810000000000003,11.7285,6.0,2,19.139478984625825,,0.0,0.0,0.0,69.66666666666666,45.11805109399413,optimal
2021-02-12 23:30:00,4,99,0.0,0.1548148148148148,0.0,0.8762666666666666,11.025,6.0,2,18.97584128900672,,0.0,0.0,0.0,139.33333333333331,45.07293304290014,optimal
2021-02-13 00:00:00,4,99,1.147796440893004,0.0,0.0,0.049,9.5655,6.0,2,18.97584128900672,,3443.3893226790115,0.0,0.0,0.0,45.02786010985724,optimal
2021-02-13 00:30:00,4,99,1.3333333333333333,0.0,5.0,0.1182,7.056,6.0,2,19.035562681984576,,4000.0,0.0,0.0,0.0,47.35783224974738,optimal
2021-02-13 01:00:00,4,99,1.3333333333333333,0.0,0.0,0.10666666666666669,9.3975,6.0,2,19.14840607331642,,4000.0,0.0,0.0,0.0,47.31047441749764,optimal
2021-02-13 01:30:00,4,99,0.0,0.0,0.0,0.049,10.059,6.0,2,19.259467580551437,,0.0,0.0,0.0,0.0,47.26316394308014,optimal
2021-02-13 02:00:00,4,99,1.3333333333333333,0.0,0.0,0.049,9.261,6.0,2,19.024512779008926,,4000.0,0.0,0.0,0.0,47.21590077913706,optimal
2021-02-13 02:30:00,4,99,1.3333333333333333,0.0,0.0,0.07783333333333332,8.1585,6.0,2,19.133520123182045,,4000.0,0.0,0.0,0.0,47.16868487835792,optimal
2021-02-13 03:00:00,4,99,1.3333333333333333,0.0,0.0,0.14703333333333332,9.4815,6.0,2,19.243591994146705,,4000.0,0.0,0.0,0.0,47.121516193479565,optimal
2021-02-13 03:30:00,4,99,1.3333333333333333,0.0,0.0,0.049,8.379,6.0,2,19.358149347086993,,4000.0,0.0,0.0,0.0,47.07439467728609,optimal
2021-02-13 04:00:00,4,99,1.3333333333333333,0.0,0.0,0.049,9.5235,6.0,2,19.46226935186076,,4000.0,0.0,0.0,0.0,47.0273202826088,optimal
2021-02-13 04:30:00,4,99,1.3333333333333333,0.0,0.0,0.14126666666666668,8.1375,6.0,2,19.564425944295255,,4000.0,0.0,0.0,0.0,46.98029296232619,optimal
2021-02-13 05:00:00,4,99,1.3333333333333333,0.0,0.0,0.0836,10.0905,6.0,2,19.671857486061285,,4000.0,0.0,0.0,0.0,46.933312669363865,optimal
2021-02-13 05:30:00,4,99,1.3333333333333333,0.0,2.749687589448872,0.054766666666666665,7.539,6.0,2,19.771740000509315,,4000.0,0.0,0.0,0.0,48.192480961682705,optimal
2021-02-13 06:00:00,4,99,1.3333333333333333,0.0,0.0,0.1701,7.938,6.0,2,19.866622884732724,,4000.0,0.0,0.0,0.0,48.144288480721016,optimal
2021-02-13 06:30:00,4,99,1.3333333333333333,0.0,0.0,0.049,8.274,6.0,2,19.96883596270562,,4000.0,0.0,0.0,0.0,48.096144192240295,optimal
2021-02-13 07:00:00,4,99,1.3333333333333333,0.23222222222222222,0.0,0.17553333333333332,9.261,6.0,2,20.058806371459273,,4000.0,0.0,0.0,209.0,48.048048048048045,optimal
2021-02-13 07:30:00,4,99,1.3333333333333333,0.0,0.0,0.048,9.9225,6.0,2,20.160907531789967,,4000.0,0.0,0.0,0.0,48.0,optimal
2021-02-13 08:00:00,4,99,1.3333333333333333,0.1548148148148148,0.0,0.3091333333333333,9.702,6.0,2,20.257835009108792,,4000.0,0.0,0.0,139.33333333333331,47.735015846582904,optimal
2021-02-13 08:30:00,4,99,1.3333333333333333,0.0,0.0,0.1182,10.584,6.0,2,20.373675759175075,,4000.0,0.0,0.0,0.0,47.470296677319226,optimal
2021-02-13 09:00:00,4,99,1.3333333333333333,0.0,0.0,0.049,10.143,6.0,2,20.449800476199542,,4000.0,0.0,0.0,0.0,47.205842227224814,optimal
2021-02-13 09:30:00,4,99,0.0,0.0774074074074074,0.0,0.38913333333333333,13.0095,6.0,2,20.537559124291835,,0.0,0.0,0.0,69.66666666666666,46.94165223158049,optimal
2021-02-13 10:00:00,4,99,1.3333333333333333,0.0,0.0,0.0978,11.025,6.0,2,20.336298718677597,,4000.0,0.0,0.0,0.0,46.677726425931816,optimal
2021-02-13 10:30:00,4,99,0.0,0.0,0.0,0.3604666666666666,12.789,6.0,2,20.487884798831715,,0.0,0.0,0.0,0.0,46.41406454608879,optimal
2021-02-13 11:00:00,4,99,1.3333333333333333,0.3096296296296296,0.0,0.2455,12.1275,6.0,2,20.317513111100173,,4000.0,0.0,0.0,278.66666666666663,46.1506663281256,optimal
2021-02-13 11:30:00,4,99,1.3333333333333333,0.1548148148148148,0.0,0.6319333333333332,12.1695,6.0,2,20.512506974248968,,4000.0,0.0,0.0,139.33333333333331,45.887531508380384,optimal
2021-02-13 12:00:00,4,99,1.3333333333333333,0.0,0.0,0.049,12.306,6.0,2,20.73181103502984,,4000.0,0.0,0.0,0.0,45.62465982345491,optimal
2021-02-13 12:30:00,4,99,0.0,0.0,0.0,0.17586666666666667,13.23,6.0,2,20.905570504554962,,0.0,0.0,0.0,0.0,45.362051010214365,optimal
2021-02-13 13:00:00,4,99,0.0,0.0,0.0,0.049,13.671,6.0,2,20.748852547461855,,0.0,0.0,0.0,0.0,45.099704805787056,optimal
2021-02-13 13:30:00,4,99,0.0,0.0,0.0,0.049,13.9335,6.0,2,20.591223628309024,,0.0,0.0,0.0,0.0,44.837620947564176,optimal
2021-02-13 14:00:00,4,99,1.3333333333333333,0.0,0.0,0.17586666666666667,13.293,6.0,2,20.436876773671823,,4000.0,0.0,0.0,0.0,44.57579917319952,optimal
2021-02-13 14:30:00,4,99,1.3333333333333333,0.0,0.0,0.052333333333333336,12.1065,6.0,2,20.610114595203054,,4000.0,0.0,0.0,0.0,44.314239220609224,optimal
2021-02-13 15:00:00,4,99,1.3333333333333333,0.0,0.0,0.059,11.571,6.0,2,20.77162520782371,,4000.0,0.0,0.0,0.0,44.05294082797152,optimal
2021-02-13 15:30:00,4,99,1.3333333333333333,0.0,0.0,0.059,11.025,6.0,2,20.909868773988606,,4000.0,0.0,0.0,0.0,43.79190373372645,optimal
2021-02-13 16:00:00,4,99,1.3333333333333333,0.0,0.0,0.059,10.8465,6.0,2,21.045077235409984,,4000.0,0.0,0.0,0.0,43.53112767657563,optimal
2021-02-13 16:30:00,4,99,1.3333333333333333,0.0,0.0,0.07053333333333334,11.2455,6.0,2,21.15216071640144,,4000.0,0.0,0.0,0.0,43.27061239548196,optimal
2021-02-13 17:00:00,4,99,0.0,0.0,0.0,0.17433333333333334,23.8665,6.0,2,21.25886129750608,,0.0,0.0,0.0,0.0,43.010357629669386,optimal
2021-02-13 17:30:00,4,99,0.0,0.0,0.0,0.5336666666666666,27.4575,6.0,2,21.01021878580827,,0.0,0.0,0.0,0.0,42.96734727203972,optimal
2021-02-13 18:00:00,4,99,0.0,0.23222222222222222,0.0,1.0476333333333334,27.3735,6.0,2,20.799062957040668,,0.0,0.0,0.0,209.0,42.92437992476768,optimal
2021-02-13 18:30:00,4,99,0.0,0.23222222222222222,0.0,0.2582,30.4605,6.0,2,20.636103808475095,,0.0,0.0,0.0,209.0,42.88145554484291,optimal
2021-02-13 19:00:00,4,99,0.0,0.0774074074074074,0.0,0.3584,30.0195,6.0,2,20.41186903089073,,0.0,0.0,0.0,69.66666666666666,42.83857408929806,optimal
2021-02-13 19:30:00,4,99,0.0,0.23222222222222222,0.0,0.3885,26.9325,6.0,2,20.20101680625138,,0.0,0.0,0.0,209.0,42.79573551520877,optimal
2021-02-13 20:00:00,4,99,0.863490524915574,0.0,0.0,0.2284,14.595,6.0,2,20.0,,2590.471574746722,0.0,0.0,0.0,42.75293977969356,optimal
2021-02-13 20:30:00,4,99,0.0,0.0,0.0,0.43546666666666656,12.4845,6.0,2,20.0,,0.0,0.0,0.0,0.0,42.71018683991387,optimal
2021-02-13 21:00:00,4,99,0.0,0.0,0.0,0.6309,12.1275,6.0,2,19.79562456640948,,0.0,0.0,0.0,0.0,42.667476653073955,optimal
2021-02-13 21:30:00,4,99,0.0,0.0,0.0,0.11090000000000001,12.1275,6.0,2,19.59301045276073,,0.0,0.0,0.0,0.0,42.62480917642088,optimal
2021-02-13 22:00:00,4,99,0.0,0.0,0.0,0.059,12.789,6.0,2,19.343928345405576,,0.0,0.0,0.0,0.0,42.58218436724446,optimal
2021-02-13 22:30:00,4,99,0.0,0.0,0.0,0.13973333333333332,11.907,6.0,2,19.09296663803235,,0.0,0.0,0.0,0.0,42.53960218287721,optimal
2021-02-13 23:00:00,4,99,0.0,0.0,0.0,0.10513333333333334,11.025,6.0,2,18.852708066835422,,0.0,0.0,0.0,0.0,42.49706258069433,optimal
2021-02-13 23:30:00,4,99,0.0,0.0,0.0,0.05733333333333333,8.2005,6.0,2,18.613203374240168,,0.0,0.0,0.0,0.0,42.45456551811364,optimal
2021-02-07 00:00:00,5,99,0.0,0.0,0.0,0.063,10.3635,6.0,-1,21.0,,0.0,0.0,0.0,0.0,47.952,optimal
2021-02-07 00:30:00,5,99,0.0,0.0,0.0,0.10663333333333334,8.274,6.0,-1,20.78403061981237,,0.0,0.0,0.0,0.0,47.904047999999996,optimal
2021-02-07 01:00:00,5,99,1.3333333333333333,0.0,0.0,0.1936,7.7175,6.0,-1,20.57325108644548,,4000.0,0.0,0.0,0.0,47.856143952,optimal
2021-02-07 01:30:00,5,99,1.3333333333333333,0.0,0.0,0.1001,6.615,6.0,-1,20.71161417645289,,4000.0,0.0,0.0,0.0,47.80828780804799,optimal
2021-02-07 02:00:00,5,99,1.3333333333333333,0.0,0.0,0.1814333333333333,6.174,6.0,-1,20.839622354581333,,4000.0,0.0,0.0,0.0,47.76047952023995,optimal
2021-02-07 02:30:00,5,99,1.3333333333333333,0.0,0.0,0.1559,3.906,6.0,-1,20.972282880150793,,4000.0,0.0,0.0,0.0,47.712719040719705,optimal
2021-02-07 03:00:00,5,99,1.3333333333333333,0.0,0.0,0.07546666666666667,2.3415,6.0,-1,21.099806973777927,,4000.0,0.0,0.0,0.0,47.66500632167899,optimal
2021-02-07 03:30:00,5,99,1.3333333333333333,0.0,0.0,0.196,2.205,6.0,-1,21.21758901486288,,4000.0,0.0,0.0,0.0,47.61734131535731,optimal
2021-02-07 04:00:00,5,99,1.3333333333333333,0.0,2.126394870922872,0.1372,0.882,6.0,-1,21.34277990761212,,4000.0,0.0,0.0,0.0,48.579761537730306,optimal
2021-02-07 04:30:00,5,99,1.3333333333333333,0.0,0.0,0.20013333333333333,1.5435,6.0,-1,21.4614451004376,,4000.0,0.0,0.0,0.0,48.53118177619257,optimal
2021-02-07 05:00:00,5,99,1.3333333333333333,0.0,0.0,0.0683,1.5435,6.0,-1,21.58395311384277,,4000.0,0.0,0.0,0.0,48.48265059441637,optimal
2021-02-07 05:30:00,5,99,1.3333333333333333,0.0,0.0,0.13190000000000002,5.0715,6.0,-1,21.693683661701765,,4000.0,0.0,0.0,0.0,48.434167943821954,optimal
2021-02-07 06:00:00,5,99,1.3333333333333333,0.0,0.0,0.20013333333333333,5.376,6.0,-1,21.807427575075053,,4000.0,0.0,0.0,0.0,48.38573377587813,optimal
2021-02-07 06:30:00,5,99,1.3333333333333333,0.0,0.0,0.14686666666666667,5.0715,6.0,-1,21.925527943535812,,4000.0,0.0,0.0,0.0,48.33734804210225,optimal
2021-02-07 07:00:00,5,99,1.3333333333333333,0.0,0.0,0.1565,5.5125,6.0,-1,22.036132240546998,,4000.0,0.0,0.0,0.0,48.289010694060146,optimal
2021-02-07 07:30:00,5,99,0.3561450263461768,0.0,0.0,0.11193333333333334,9.261,6.0,-1,22.146332620276898,,1068.4350790385304,0.0,0.0,0.0,48.240721683366075,optimal
2021-02-07 08:00:00,5,99,0.1396047152226073,0.46444444444444444,0.0,0.12990000000000002,11.7075,6.0,-1,22.0,,418.814145667822,0.0,0.0,418.0,48.192480961682705,optimal
2021-02-07 08:30:00,5,99,0.0,0.0,0.0,0.246,12.348,6.0,-1,21.814256650428895,,0.0,0.0,0.0,0.0,48.144288480721016,optimal
2021-02-07 09:00:00,5,99,0.0,0.0,0.0,0.34956666666666664,12.348,6.0,-1,21.60125362522745,,0.0,0.0,0.0,0.0,48.096144192240295,optimal
2021-02-07 09:30:00,5,99,1.3333333333333333,0.0,0.0,0.36036666666666667,12.1275,6.0,-1,21.407970689319033,,4000.0,0.0,0.0,0.0,48.048048048048045,optimal
2021-02-07 10:00:00,5,99,0.0,0.0,0.0,0.3796333333333333,12.5265,6.0,-1,21.56127843530516,,0.0,0.0,0.0,0.0,48.0,optimal
2021-02-07 10:30:00,5,99,1.3333333333333333,0.0,0.0,0.2139,11.7495,6.0,-1,21.39911000590314,,4000.0,0.0,0.0,0.0,47.54409547050932,optimal
2021-02-07 11:00:00,5,99,0.0,0.0,0.0,0.12153333333333331,13.23,6.0,-1,21.536340835783545,,0.0,0.0,0.0,0.0,47.08864684554813,optimal
2021-02-07 11:30:00,5,99,0.0,0.0,0.0,0.21386666666666668,14.3325,6.0,-1,21.32787684248185,,0.0,0.0,0.0,0.0,46.63365366921191,optimal
2021-02-07 12:00:00,5,99,0.0,0.0,0.0,0.0736,14.994,6.0,-1,21.130661959017537,,0.0,0.0,0.0,0.0,46.17911548605202,optimal
2021-02-07 12:30:00,5,99,0.0,0.0,0.0,0.20013333333333333,14.8155,6.0,-1,20.935597542345203,,0.0,0.0,0.0,0.0,45.725031841075285,optimal
2021-02-07 13:00:00,5,99,0.0,0.0,0.0,0.1372,14.112,6.0,-1,20.75378398392095,,0.0,0.0,0.0,0.0,45.27140227974353,optimal
2021-02-07 13:30:00,5,99,0.0,0.0,0.0,0.1565,14.007,6.0,-1,20.558351645251115,,0.0,0.0,0.0,0.0,44.81822634797311,optimal
2021-02-07 14:00:00,5,99,1.3333333333333333,0.0,0.0,0.15433333333333335,13.23,6.0,-1,20.367688094438833,,4000.0,0.0,0.0,0.0,44.36550359213446,optimal
2021-02-07 14:30:00,5,99,1.3333333333333333,0.0,0.0,0.32130000000000003,11.382,6.0,-1,20.524536397455375,,4000.0,0.0,0.0,0.0,43.91323355905165,optimal
2021-02-07 15:00:00,5,99,1.3333333333333333,0.0,0.0,0.3016666666666667,11.7495,6.0,-1,20.70136232022406,,4000.0,0.0,0.0,0.0,43.461415796001916,optimal
2021-02-07 15:30:00,5,99,0.0,0.0,0.0,0.5580333333333333,24.3285,6.0,-1,20.90799666379337,,0.0,0.0,0.0,0.0,43.010049850715234,optimal
2021-02-07 16:00:00,5,99,0.0,0.0,0.0,2.997133333333333,28.917,6.0,-1,20.783770002888442,,0.0,0.0,0.0,0.0,42.55913527137384,optimal
2021-02-07 16:30:00,5,99,0.0,0.3096296296296296,0.0,0.33476666666666666,31.3635,6.0,-1,20.750030501583517,,0.0,0.0,0.0,278.66666666666663,42.108671606611786,optimal
2021-02-07 17:00:00,5,99,0.0,0.5418518518518518,0.0,0.2598666666666667,33.306,6.0,-1,20.605913262555532,,0.0,0.0,0.0,487.6666666666667,41.658658405514494,optimal
2021-02-07 17:30:00,5,99,0.0,0.1548148148148148,0.0,0.2873,31.3425,6.0,-1,20.43549677003809,,0.0,0.0,0.0,139.33333333333331,41.61699974710898,optimal
2021-02-07 18:00:00,5,99,0.0,0.1548148148148148,0.0,0.436,28.2555,6.0,-1,20.279356314095132,,0.0,0.0,0.0,139.33333333333331,41.57538274736187,optimal
2021-02-07 18:30:00,5,99,0.0,0.23222222222222222,0.0,0.3706666666666667,15.6975,6.0,-1,20.140174777439107,,0.0,0.0,0.0,209.0,41.53380736461451,optimal
2021-02-07 19:00:00,5,99,0.5995882897213825,0.1548148148148148,0.0,0.2286,12.5475,6.0,-1,20.0,,1798.7648691641473,0.0,0.0,139.33333333333331,41.492273557249895,optimal
2021-02-07 19:30:00,5,99,0.5580705119436119,0.0,0.0,1.2051666666666667,12.0855,6.0,-1,20.0,,1674.2115358308356,0.0,0.0,0.0,41.45078128369264,optimal
2021-02-07 20:00:00,5,99,0.5659338452769391,0.0,0.0,0.9367000000000001,11.907,6.0,-1,20.0,,1697.8015358308173,0.0,0.0,0.0,41.40933050240895,optimal
2021-02-07 20:30:00,5,99,0.0,0.0,0.0,1.1125999999999998,12.5685,6.0,-1,20.0,,0.0,0.0,0.0,0.0,41.36792117190654,optimal
2021-02-07 21:00:00,5,99,0.0,0.0,0.0,0.44326666666666664,13.146,6.0,-1,19.87686665629652,,0.0,0.0,0.0,0.0,41.326553250734634,optimal
2021-02-07 21:30:00,5,99,0.0,0.0,0.0,0.44006666666666666,10.584,6.0,-1,19.74258237237945,,0.0,0.0,0.0,0.0,41.2852266974839,optimal
2021-02-07 22:00:00,5,99,0.0,0.1548148148148148,0.0,1.2315666666666667,6.678,6.0,-1,19.613763799558544,,0.0,0.0,0.0,139.33333333333331,41.24394147078642,optimal
2021-02-07 22:30:00,5,99,0.0,0.0,0.0,0.9408,7.938,6.0,-1,19.56836524601156,,0.0,0.0,0.0,0.0,41.20269752931563,optimal
2021-02-07 23:00:00,5,99,0.0,0.0,0.0,0.33936666666666665,5.292,6.0,-1,19.47050147495883,,0.0,0.0,0.0,0.0,41.161494831786314,optimal
2021-02-07 23:30:00,5,99,0.0,0.0,0.0,0.3492333333333333,9.261,6.0,-1,19.287587598334753,,0.0,0.0,0.0,0.0,41.12033333695453,optimal
2021-02-08 00:00:00,5,99,0.0,0.0,0.0,0.13873333333333332,11.025,6.0,1,19.287587598334753,,0.0,0.0,0.0,0.0,41.079213003617575,optimal
2021-02-08 00:30:00,5,99,1.3333333333333333,0.0,0.0,0.08333333333333333,5.9745,6.0,1,19.096102656214207,,4000.0,0.0,0.0,0.0,41.038133790613955,optimal
2021-02-08 01:00:00,5,99,1.3333333333333333,0.0,0.0,0.18993333333333332,7.938,6.0,1,19.24272371621548,,4000.0,0.0,0.0,0.0,40.99709565682334,optimal
2021-02-08 01:30:00,5,99,1.3333333333333333,0.0,0.0,0.1598,8.6835,6.0,1,19.38123180518909,,4000.0,0.0,0.0,0.0,40.95609856116652,optimal
2021-02-08 02:00:00,5,99,1.3333333333333333,0.0,0.0,0.1584,7.665,6.0,1,19.51477456058316,,4000.0,0.0,0.0,0.0,40.91514246260535,optimal
2021-02-08 02:30:00,5,99,1.3333333333333333,0.0,0.0,0.2135,6.7725,6.0,1,19.645859956216583,,4000.0,0.0,0.0,0.0,40.874227320142744,optimal
2021-02-08 03:00:00,5,99,1.3333333333333333,0.0,1.1708849976788454,0.06883333333333333,5.5755,6.0,1,19.780600436959727,,4000.0,0.0,0.0,0.0,41.38952346672004,optimal
2021-02-08 03:30:00,5,99,1.3333333333333333,0.0,5.0,0.2592,5.0925,6.0,1,19.901952693389614,,4000.0,0.0,0.0,0.0,43.723133943253316,optimal
2021-02-08 04:00:00,5,99,1.3333333333333333,0.0,5.0,0.09686666666666666,4.1895,6.0,1,20.037318972490393,,4000.0,0.0,0.0,0.0,46.05441080931006,optimal
2021-02-08 04:30:00,5,99,1.3333333333333333,0.0,0.0,0.053,7.056,6.0,1,20.156511971731483,,4000.0,0.0,0.0,0.0,46.00835639850075,optimal
2021-02-08 05:00:00,5,99,1.3333333333333333,0.0,5.0,0.23456666666666665,5.271,6.0,1,20.269180253798424,,4000.0,0.0,0.0,0.0,48.33734804210225,optimal
2021-02-08 05:30:00,5,99,1.3333333333333333,0.0,0.0,0.1215,7.938,6.0,1,20.39458748256465,,4000.0,0.0,0.0,0.0,48.289010694060146,optimal
2021-02-08 06:00:00,5,99,1.3333333333333333,0.0,0.0,0.11566666666666668,7.938,6.0,1,20.50814006017232,,4000.0,0.0,0.0,0.0,48.240721683366075,optimal
2021-02-08 06:30:00,5,99,1.3333333333333333,0.0,0.0,0.1564,11.907,6.0,1,20.61911274170007,,4000.0,0.0,0.0,0.0,48.192480961682705,optimal
2021-02-08 07:00:00,5,99,1.3333333333333333,0.46444444444444444,0.0,1.2424000000000002,11.025,6.0,1,20.735085255023122,,4000.0,0.0,0.0,418.0,48.144288480721016,optimal
2021-02-08 07:30:00,5,99,1.3333333333333333,0.0,0.0,2.0927333333333333,11.2875,6.0,1,20.895187100848844,,4000.0,0.0,0.0,0.0,48.096144192240295,optimal
2021-02-08 08:00:00,5,99,0.0,0.46444444444444444,0.0,0.4463666666666667,12.936,6.0,1,21.122385472427037,,0.0,0.0,0.0,418.0,48.048048048048045,optimal
2021-02-08 08:30:00,5,99,0.0,0.0774074074074074,0.0,0.3552666666666667,13.0095,6.0,1,20.929175793362568,,0.0,0.0,0.0,69.66666666666666,48.0,optimal
2021-02-08 09:00:00,5,99,0.0,0.1548148148148148,0.0,0.40936666666666666,13.671,6.0,1,20.751244437039333,,0.0,0.0,0.0,139.33333333333331,47.46246939834046,optimal
2021-02-08 09:30:00,5,99,0.0,0.0,0.0,0.2531333333333333,13.188,6.0,1,20.5927833870316,,0.0,0.0,0.0,0.0,46.92547632728258,optimal
2021-02-08 10:00:00,5,99,0.0,0.1548148148148148,0.0,0.32816666666666666,13.8495,6.0,1,20.4242841866656,,0.0,0.0,0.0,139.33333333333331,46.38902024929576,optimal
2021-02-08 10:30:00,5,99,0.0,2.150377777777778,0.0,0.2987333333333333,13.23,6.0,1,20.28926985773848,,0.0,0.0,0.0,1935.34,45.85310062738693,optimal
2021-02-08 11:00:00,5,99,0.07521795566963992,0.0,0.0,0.14633333333333334,13.3665,6.0,1,20.145618713919944,,225.65386700891975,0.0,0.0,0.0,45.3177169251,optimal
2021-02-08 11:30:00,5,99,1.3333333333333333,0.0,0.0,0.16706666666666667,13.0515,6.0,1,20.0,,4000.0,0.0,0.0,0.0,44.782868606515365,optimal
2021-02-08 12:00:00,5,99,1.3333333333333333,0.0,0.0,0.18156666666666663,13.5345,6.0,1,20.180407057697455,,4000.0,0.0,0.0,0.0,44.24855513624931,optimal
2021-02-08 12:30:00,5,99,0.0,0.0,0.0,0.16943333333333332,14.154,6.0,1,20.370611995150043,,0.0,0.0,0.0,0.0,43.71477597945352,optimal
2021-02-08 13:00:00,5,99,0.0,0.0,0.0,0.18556666666666663,14.112,6.0,1,20.219577413522504,,0.0,0.0,0.0,0.0,43.18153060181453,optimal
2021-02-08 13:30:00,5,99,0.2892458447998823,0.0,0.0,0.1905,14.2485,6.0,1,20.07108112339676,,867.737534399647,0.0,0.0,0.0,42.64881846955318,optimal
2021-02-08 14:00:00,5,99,1.3333333333333333,0.0,0.0,0.063,12.789,6.0,1,20.0,,4000.0,0.0,0.0,0.0,42.11663904942409,optimal
2021-02-08 14:30:00,5,99,1.3333333333333333,3.4229555555555558,0.0,0.25706666666666667,13.0095,6.0,1,20.187413819664112,,4000.0,0.0,0.0,3080.6600000000003,41.584991808715124,optimal
2021-02-08 15:00:00,5,99,1.3333333333333333,0.23222222222222222,0.0,0.318,12.1275,6.0,1,20.39177721368536,,4000.0,0.0,0.0,209.0,41.05387621524687,optimal
2021-02-08 15:30:00,5,99,1.3333333333333333,0.1548148148148148,0.0,0.48573333333333335,12.348,6.0,1,20.589843201263797,,4000.0,0.0,0.0,139.33333333333331,41.01282233903163,optimal
2021-02-08 16:00:00,5,99,1.3333333333333333,0.23222222222222222,0.0,0.24513333333333331,12.348,6.0,1,20.815075906919816,,4000.0,0.0,0.0,209.0,40.971809516692595,optimal
2021-02-08 16:30:00,5,99,0.0,0.6966666666666667,0.0,0.3979333333333333,25.389,6.0,1,20.995745563903622,,0.0,0.0,0.0,627.0,40.930837707175904,optimal
2021-02-08 17:00:00,5,99,0.0,0.1548148148148148,0.0,0.2942666666666667,29.1375,6.0,1,20.84380499811463,,0.0,0.0,0.0,139.33333333333331,40.88990686946873,optimal
2021-02-08 17:30:00,5,99,0.0,0.23222222222222222,0.0,0.6547333333333334,30.597,6.0,1,20.6629706512132,,0.0,0.0,0.0,209.0,40.849016962599265,optimal
2021-02-08 18:00:00,5,99,0.0,0.0,0.0,1.915,33.684,6.0,1,20.492151450432573,,0.0,0.0,0.0,0.0,40.80816794563667,optimal
2021-02-08 18:30:00,5,99,0.0,0.387037037037037,0.0,1.6670666666666667,32.445,6.0,1,20.330800811362156,,0.0,0.0,0.0,348.3333333333333,40.767359777691034,optimal
2021-02-08 19:00:00,5,99,0.0,0.1548148148148148,0.0,0.7154666666666667,28.917,6.0,1,20.18753645640417,,0.0,0.0,0.0,139.33333333333331,40.726592417913345,optimal
2021-02-08 19:30:00,5,99,0.550545297983094,0.0,0.0,0.44356666666666666,15.876,6.0,1,20.02172263018868,,1651.6358939492823,0.0,0.0,0.0,40.68586582549543,optimal
2021-02-08 20:00:00,5,99,0.7074957727237561,0.1548148148148148,0.0,0.3203666666666667,12.348,6.0,1,20.0,,2122.4873181712683,0.0,0.0,139.33333333333331,40.64517995966994,optimal
2021-02-08 20:30:00,5,99,0.0,0.0,0.0,0.13546666666666668,12.1275,6.0,1,20.0,,0.0,0.0,0.0,0.0,40.60453477971027,optimal
2021-02-08 21:00:00,5,99,0.0,0.0,0.0,0.24746666666666667,12.348,6.0,1,19.805781594420438,,0.0,0.0,0.0,0.0,40.56393024493056,optimal
2021-02-08 21:30:00,5,99,0.0,0.2740222222222222,0.0,0.11496666666666669,12.1275,6.0,1,19.63255946039727,,0.0,0.0,0.0,246.62,40.52336631468563,optimal
2021-02-08 22:00:00,5,99,0.0,0.035607407407407414,0.0,0.26803333333333335,12.1275,6.0,1,19.44727223103786,,0.0,0.0,0.0,32.046666666666674,40.482842948370944,optimal
2021-02-08 22:30:00,5,99,0.0,0.5418518518518518,0.0,0.17953333333333332,11.2665,6.0,1,19.278715380454713,,0.0,0.0,0.0,487.6666666666667,40.44236010542257,optimal
2021-02-08 23:00:00,5,99,0.0,0.0,0.0,0.2462,10.143,6.0,1,19.12272116578304,,0.0,0.0,0.0,0.0,40.40191774531715,optimal
2021-02-08 23:30:00,5,99,0.0,0.0,0.0,0.22136666666666668,11.2455,6.0,1,18.950025490240662,,0.0,0.0,0.0,0.0,40.361515827571836,optimal
2021-02-09 00:00:00,5,99,1.3333333333333333,0.0,0.0,0.066,12.1275,6.0,-2,18.950025490240662,,4000.0,0.0,0.0,0.0,40.321154311744266,optimal
2021-02-09 00:30:00,5,99,1.3333333333333333,0.0,0.0,0.066,11.823,6.0,-2,19.070311795581446,,4000.0,0.0,0.0,0.0,40.280833157432525,optimal
2021-02-09 01:00:00,5,99,1.3333333333333333,0.0,0.0,0.1374,11.7705,6.0,-2,19.189702688289778,,4000.0,0.0,0.0,0.0,40.24055232427509,optimal
2021-02-09 01:30:00,5,99,1.3333333333333333,0.0,5.0,0.066,11.13,6.0,-2,19.31428450101803,,4000.0,0.0,0.0,0.0,42.575311771950815,optimal
2021-02-09 02:00:00,5,99,1.3333333333333333,0.0,0.0,0.066,11.6865,6.0,-2,19.429930327418393,,4000.0,0.0,0.0,0.0,42.53273646017887,optimal
2021-02-09 02:30:00,5,99,1.3333333333333333,0.0,5.0,0.066,10.7205,6.0,-2,19.54282893305992,,4000.0,0.0,0.0,0.0,44.865203723718686,optimal
2021-02-09 03:00:00,5,99,1.3333333333333333,0.0,0.2803021032791189,0.066,11.424,6.0,-2,19.65492624169513,,4000.0,0.0,0.0,0.0,44.95348201905255,optimal
2021-02-09 03:30:00,5,99,1.3333333333333333,0.0,5.0,0.09773333333333332,10.689,6.0,-2,19.766232461450027,,4000.0,0.0,0.0,0.0,47.2835285370335,optimal
2021-02-09 04:00:00,5,99,1.3333333333333333,0.0,5.0,0.10566666666666669,11.361,6.0,-2,19.88009461248553,,4000.0,0.0,0.0,0.0,49.61124500849646,optimal
2021-02-09 04:30:00,5,99,1.3333333333333333,0.0,0.0,0.066,11.571,6.0,-2,19.99445515832615,,4000.0,0.0,0.0,0.0,49.561633763487954,optimal
2021-02-09 05:00:00,5,99,1.3333333333333333,0.387037037037037,0.0,0.1418,14.3745,6.0,-2,20.10270989861078,,4000.0,0.0,0.0,348.3333333333333,49.51207212972446,optimal
2021-02-09 05:30:00,5,99,1.3333333333333333,0.0,0.0,0.066,13.23,6.0,-2,20.223002573307916,,4000.0,0.0,0.0,0.0,49.46256005759473,optimal
2021-02-09 06:00:00,5,99,1.3333333333333333,0.0,0.0,0.13443333333333335,13.9755,6.0,-2,20.32707178265153,,4000.0,0.0,0.0,0.0,49.41309749753713,optimal
2021-02-09 06:30:00,5,99,1.3333333333333333,0.0,0.0,0.07996666666666667,14.994,6.0,-2,20.435552631615796,,4000.0,0.0,0.0,0.0,49.363684400039595,optimal
2021-02-09 07:00:00,5,99,1.3333333333333333,0.0,0.0,0.1474,13.671,6.0,-2,20.53661457943765,,4000.0,0.0,0.0,0.0,49.314320715639546,optimal
2021-02-09 07:30:00,5,99,0.0,0.0,0.0,0.076,15.981,6.0,-2,20.641489502724138,,0.0,0.0,0.0,0.0,49.26500639492391,optimal
2021-02-09 08:00:00,5,99,0.19188761082779546,0.0774074074074074,0.0,0.086,15.6345,6.0,-2,20.397347532643806,,575.6628324833864,0.0,0.0,69.66666666666666,49.215741388528976,optimal
2021-02-09 08:30:00,5,99,0.0,0.1548148148148148,0.0,0.09943333333333333,16.5375,6.0,-2,20.213880908817465,,0.0,0.0,0.0,139.33333333333331,49.16652564714044,optimal
2021-02-09 09:00:00,5,99,1.3333333333333333,0.3096296296296296,0.0,1.3787333333333331,14.7735,6.0,-2,20.0,,4000.0,0.0,0.0,278.66666666666663,49.1173591214933,optimal
2021-02-09 09:30:00,5,99,0.07597321383840948,0.0,0.0,0.37726666666666664,15.2145,6.0,-2,20.172588706542943,,227.91964151522845,0.0,0.0,0.0,49.0682417623718,optimal
2021-02-09 10:00:00,5,99,0.5465554919026027,1.3933333333333333,0.0,0.2947333333333333,14.553,6.0,-2,20.0,,1639.6664757078079,0.0,0.0,1254.0,49.01917352060943,optimal
2021-02-09 10:30:00,5,99,1.3333333333333333,0.0,0.0,0.3172,14.3325,6.0,-2,20.0,,4000.0,0.0,0.0,0.0,48.97015434708881,optimal
2021-02-09 11:00:00,5,99,0.12060889075896135,0.0774074074074074,0.0,0.4242666666666666,14.595,6.0,-2,20.200457180048826,,361.82667227688404,0.0,0.0,69.66666666666666,48.92118419274172,optimal
2021-02-09 11:30:00,5,99,0.0,0.6192592592592592,0.0,0.2906333333333333,14.994,6.0,-2,20.116188282179525,,0.0,0.0,0.0,557.3333333333333,48.87226300854897,optimal
2021-02-09 12:00:00,5,99,0.0,0.3096296296296296,0.0,2.5890666666666666,14.3325,6.0,-2,20.0,,0.0,0.0,0.0,278.66666666666663,48.823390745540415,optimal
2021-02-09 12:30:00,5,99,0.19534670657591266,0.0,0.0,1.4727999999999999,13.8915,6.0,-2,20.007900352117407,,586.040119727738,0.0,0.0,0.0,48.774567354794875,optimal
2021-02-09 13:00:00,5,99,0.3980880654990276,0.23222222222222222,0.0,0.8964333333333333,13.8915,6.0,-2,20.0,,1194.2641964970828,0.0,0.0,209.0,48.72579278744007,optimal
2021-02-09 13:30:00,5,99,1.3333333333333333,0.0,0.0,0.2537,13.4715,6.0,-2,20.037615545634186,,4000.0,0.0,0.0,0.0,48.67706699465263,optimal
2021-02-09 14:00:00,5,99,1.3333333333333333,0.6192592592592592,0.0,0.338,13.23,6.0,-2,20.296550421722372,,4000.0,0.0,0.0,557.3333333333333,48.62838992765797,optimal
2021-02-09 14:30:00,5,99,1.3333333333333333,0.387037037037037,0.0,0.3324,13.8915,6.0,-2,20.551603798412913,,4000.0,0.0,0.0,348.3333333333333,48.579761537730306,optimal
2021-02-09 15:00:00,5,99,0.0,0.1548148148148148,0.0,0.2833,26.9325,6.0,-2,20.801667703765183,,0.0,0.0,0.0,139.33333333333331,48.53118177619257,optimal
2021-02-09 15:30:00,5,99,0.0,0.0,0.0,0.46286666666666665,30.303,6.0,-2,20.693552449549433,,0.0,0.0,0.0,0.0,48.48265059441637,optimal
2021-02-09 16:00:00,5,99,0.0,0.0,0.0,2.9620333333333333,32.886,6.0,-2,20.6057795286321,,0.0,0.0,0.0,0.0,48.434167943821954,optimal
2021-02-09 16:30:00,5,99,0.0,0.0,0.0,2.6861666666666664,34.9965,6.0,-2,20.573538310032216,,0.0,0.0,0.0,0.0,48.38573377587813,optimal
2021-02-09 17:00:00,5,99,0.0,0.23222222222222222,0.0,0.6272666666666666,33.327,6.0,-2,20.468255141041567,,0.0,0.0,0.0,209.0,48.33734804210225,optimal
2021-02-09 17:30:00,5,99,0.0,0.1548148148148148,0.0,0.5441666666666666,31.122,6.0,-2,20.316686791574135,,0.0,0.0,0.0,139.33333333333331,48.289010694060146,optimal
2021-02-09 18:00:00,5,99,0.0,0.0,0.0,0.5902333333333334,17.9025,6.0,-2,20.16550596780418,,0.0,0.0,0.0,0.0,48.240721683366075,optimal
2021-02-09 18:30:00,5,99,0.7021784468380671,0.0,0.0,0.47126666666666667,15.6555,6.0,-2,20.0,,2106.5353405142014,0.0,0.0,0.0,48.192480961682705,optimal
2021-02-09 19:00:00,5,99,0.6633296081594118,6.811851851851851,0.0,0.4123,14.553,6.0,-2,20.0,,1989.9888244782353,0.0,0.0,6130.666666666666,48.144288480721016,optimal
2021-02-09 19:30:00,5,99,0.6955429414927494,0.0,0.0,0.3915,14.3325,6.0,-2,20.0,,2086.628824478248,0.0,0.0,0.0,48.096144192240295,optimal
2021-02-09 20:00:00,5,99,0.3783184970483048,0.0774074074074074,0.0,1.9255,13.335,6.0,-2,20.0,,1134.9554911449143,0.0,0.0,69.66666666666666,48.048048048048045,optimal
2021-02-09 20:30:00,5,99,0.0,0.46444444444444444,0.0,0.3741666666666667,12.1275,6.0,-2,20.0,,0.0,0.0,0.0,418.0,48.0,optimal
2021-02-09 21:00:00,5,99,0.0,0.0,0.0,0.4265,12.2955,6.0,-2,19.828090226435677,,0.0,0.0,0.0,0.0,45.91451501220622,optimal
2021-02-09 21:30:00,5,99,0.0,0.0,0.0,0.5541333333333334,11.6865,6.0,-2,19.651483906392677,,0.0,0.0,0.0,0.0,43.83111550940024,optimal
2021-02-09 22:00:00,5,99,0.0,0.1548148148148148,0.0,0.4845,11.466,6.0,-2,19.479795149815505,,0.0,0.0,0.0,139.33333333333331,41.74979940609707,optimal
2021-02-09 22:30:00,5,99,0.0,0.0,0.0,0.5189666666666667,10.8045,6.0,-2,19.304197761339292,,0.0,0.0,0.0,0.0,39.670564618897195,optimal
2021-02-09 23:00:00,5,99,0.0,0.3096296296296296,0.0,0.33763333333333334,10.584,6.0,-2,19.13141764958791,,0.0,0.0,0.0,278.66666666666663,39.6308940542783,optimal
2021-02-09 23:30:00,5,99,0.0,0.0,0.0,0.1444,11.2455,6.0,-2,18.965463202015304,,0.0,0.0,0.0,0.0,39.591263160224024,optimal
2021-02-10 00:00:00,5,99,1.3333333333333333,0.0,0.0,0.063,11.508,6.0,-2,18.965463202015304,,4000.0,0.0,0.0,0.0,39.5516718970638,optimal
2021-02-10 00:30:00,5,99,1.3333333333333333,0.0,0.0,0.063,11.508,6.0,-2,19.082681622509376,,4000.0,0.0,0.0,0.0,39.51212022516673,optimal
2021-02-10 01:00:00,5,99,1.3333333333333333,0.0,0.0,0.132,11.844,6.0,-2,19.197132788176667,,4000.0,0.0,0.0,0.0,39.472608104941564,optimal
2021-02-10 01:30:00,5,99,1.3333333333333333,0.0,0.0,0.063,11.508,6.0,-2,19.3147226788319,,4000.0,0.0,0.0,0.0,39.43313549683662,optimal
2021-02-10 02:00:00,5,99,1.3333333333333333,0.0,0.0,0.1205,11.508,6.0,-2,19.423669855952735,,4000.0,0.0,0.0,0.0,39.393702361339784,optimal
2021-02-10 02:30:00,5,99,1.3333333333333333,0.0,5.0,0.0745,10.4475,6.0,-2,19.53484742174913,,4000.0,0.0,0.0,0.0,41.72930865897845,optimal
2021-02-10 03:00:00,5,99,1.3333333333333333,0.0,5.0,0.063,10.8675,6.0,-2,19.64069482298284,,4000.0,0.0,0.0,0.0,44.06257935031947,optimal
2021-02-10 03:30:00,5,99,1.3333333333333333,0.0,5.0,0.063,10.542,6.0,-2,19.744215326485033,,4000.0,0.0,0.0,0.0,46.39351677096915,optimal
2021-02-10 04:00:00,5,99,1.3333333333333333,0.0,0.0,0.063,11.025,6.0,-2,19.84641703017119,,4000.0,0.0,0.0,0.0,46.34712325419818,optimal
2021-02-10 04:30:00,5,99,1.3333333333333333,0.0,4.185756974981401,0.132,11.025,6.0,-2,19.94731673489617,,4000.0,0.0,0.0,0.0,48.289010694060146,optimal
2021-02-10 05:00:00,5,99,1.3333333333333333,0.0,0.0,0.063,14.553,6.0,-2,20.051527803493116,,4000.0,0.0,0.0,0.0,48.240721683366075,optimal
2021-02-10 05:30:00,5,99,1.3333333333333333,0.0,0.0,0.132,13.0935,6.0,-2,20.147266598106015,,4000.0,0.0,0.0,0.0,48.192480961682705,optimal
2021-02-10 06:00:00,5,99,1.3333333333333333,0.0,0.0,0.063,15.6345,6.0,-2,20.24638250402328,,4000.0,0.0,0.0,0.0,48.144288480721016,optimal
2021-02-10 06:30:00,5,99,0.0,0.0,0.0,0.071,18.102,6.0,-2,20.337091045799266,,0.0,0.0,0.0,0.0,48.096144192240295,optimal
2021-02-10 07:00:00,5,99,1.3333333333333333,0.0,0.0,0.073,17.199,6.0,-2,20.088859943463305,,4000.0,0.0,0.0,0.0,48.048048048048045,optimal
2021-02-10 07:30:00,5,99,0.03696029415121041,0.6966666666666667,0.0,2.1258000000000004,18.2805,6.0,-2,20.18667104584737,,110.88088245363124,0.0,0.0,627.0,48.0,optimal
2021-02-10 08:00:00,5,99,1.3333333333333333,0.6966666666666667,0.0,2.586,17.4615,6.0,-2,20.0,,4000.0,0.0,0.0,627.0,47.91428471939919,optimal
2021-02-10 08:30:00,5,99,0.22306017800279485,0.1548148148148148,0.0,0.5868,18.3225,6.0,-2,20.156243616708753,,669.1805340083846,0.0,0.0,139.33333333333331,47.82865515407899,optimal
2021-02-10 09:00:00,5,99,0.6958383579130298,0.387037037037037,0.0,0.2981666666666667,17.094,6.0,-2,20.0,,2087.5150737390895,0.0,0.0,348.3333333333333,47.7431112183241,optimal
2021-02-10 09:30:00,5,99,0.8330785587539606,0.0,0.0,0.16,17.094,6.0,-2,20.0,,2499.235676261882,0.0,0.0,0.0,47.65765282650497,optimal
2021-02-10 10:00:00,5,99,1.3333333333333333,0.0,0.0,0.11133333333333331,17.094,6.0,-2,20.0,,4000.0,0.0,0.0,0.0,47.572279893077656,optimal
2021-02-10 10:30:00,5,99,0.17810893506671985,0.0,0.0,0.10366666666666668,17.3565,6.0,-2,20.14774671882187,,534.3268052001596,0.0,0.0,0.0,47.486992332583775,optimal
2021-02-10 11:00:00,5,99,0.6681060871759303,0.0,0.0,0.073,17.115,6.0,-2,20.0,,2004.318261527791,0.0,0.0,0.0,47.40179005965038,optimal
2021-02-10 11:30:00,5,99,0.3471150764852833,0.387037037037037,0.0,0.692,17.241,6.0,-2,20.0,,1041.34522945585,0.0,0.0,348.3333333333333,47.31667298898992,optimal
2021-02-10 12:00:00,5,99,1.2569428748890072,0.0774074074074074,0.0,1.0508,17.094,6.0,-2,20.0,,3770.828624667022,0.0,0.0,69.66666666666666,47.23164103540012,optimal
2021-02-10 12:30:00,5,99,1.3333333333333333,0.0,0.0,0.31326666666666664,16.5165,6.0,-2,20.29325439979671,,4000.0,0.0,0.0,0.0,47.146694113763914,optimal
2021-02-10 13:00:00,5,99,0.0,0.1548148148148148,0.0,0.3384,17.8185,6.0,-2,20.53662710668346,,0.0,0.0,0.0,139.33333333333331,47.06183213904934,optimal
2021-02-10 13:30:00,5,99,1.3333333333333333,0.0,0.0,0.23266666666666663,17.094,6.0,-2,20.43265883057707,,4000.0,0.0,0.0,0.0,46.977055026309486,optimal
2021-02-10 14:00:00,5,99,1.3333333333333333,0.0,0.0,0.073,16.8945,6.0,-2,20.643507257404657,,4000.0,0.0,0.0,0.0,46.89236269068237,optimal
2021-02-10 14:30:00,5,99,1.3333333333333333,0.0,0.0,0.142,18.123,6.0,-2,20.83225925092026,,4000.0,0.0,0.0,0.0,46.80775504739088,optimal
2021-02-10 15:00:00,5,99,0.0,0.0,0.0,0.16366666666666665,31.647,6.0,-2,21.024477364117217,,0.0,0.0,0.0,0.0,46.72323201174268,optimal
2021-02-10 15:30:00,5,99,0.0,0.0,0.0,1.3407,34.9965,6.0,-2,20.868568898220378,,0.0,0.0,0.0,0.0,46.63879349913013,optimal
2021-02-10 16:00:00,5,99,0.0,0.46444444444444444,0.0,0.3402333333333333,34.9965,6.0,-2,20.77006775494294,,0.0,0.0,0.0,418.0,46.554439425030196,optimal
2021-02-10 16:30:00,5,99,0.0,0.1548148148148148,0.0,0.42,34.9965,6.0,-2,20.62565577181683,,0.0,0.0,0.0,139.33333333333331,46.47016970500436,optimal
2021-02-10 17:00:00,5,99,0.0,0.0,0.0,0.354,34.9965,6.0,-2,20.49492315869247,,0.0,0.0,0.0,0.0,46.38598425469855,optimal
2021-02-10 17:30:00,5,99,0.0,0.0774074074074074,0.0,0.29756666666666665,34.9965,6.0,-2,20.34281925659707,,0.0,0.0,0.0,69.66666666666666,46.301882989843044,optimal
2021-02-10 18:00:00,5,99,0.0,0.0,0.0,0.22716666666666663,27.741,6.0,-2,20.18839211370063,,0.0,0.0,0.0,0.0,46.21786582625239,optimal
2021-02-10 18:30:00,5,99,0.7485333496606008,0.23222222222222222,0.0,0.15736666666666668,19.026,6.0,-2,20.0,,2245.6000489818025,0.0,0.0,209.0,46.133932679825335,optimal
2021-02-10 19:00:00,5,99,0.6252418368676275,0.0,0.0,0.37889999999999996,18.7215,6.0,-2,20.0,,1875.7255106028824,0.0,0.0,0.0,46.050083466544706,optimal
2021-02-10 19:30:00,5,99,0.7105304747053414,0.0,0.0,0.20946666666666666,17.4195,6.0,-2,20.0,,2131.591424116024,0.0,0.0,0.0,45.96631810247735,optimal
2021-02-10 20:00:00,5,99,0.7875080014319541,0.0,0.0,0.288,16.758,6.0,-2,20.0,,2362.524004295862,0.0,0.0,0.0,45.882636503774066,optimal
2021-02-10 20:30:00,5,99,0.0,0.0,0.0,0.219,14.217,6.0,-2,20.0,,0.0,0.0,0.0,0.0,45.83675386727029,optimal
2021-02-10 21:00:00,5,99,0.0,0.0,0.0,0.09423333333333332,13.3665,6.0,-2,19.80911825123629,,0.0,0.0,0.0,0.0,45.79091711340302,optimal
2021-02-10 21:30:00,5,99,0.0,0.0,0.0,0.4167666666666667,12.789,6.0,-2,19.601905752872337,,0.0,0.0,0.0,0.0,45.74512619628962,optimal
2021-02-10 22:00:00,5,99,0.0,0.0,0.0,1.2374666666666667,11.907,6.0,-2,19.412817380400238,,0.0,0.0,0.0,0.0,45.69938107009333,optimal
2021-02-10 22:30:00,5,99,0.0,0.0,0.0,1.1809,11.7075,6.0,-2,19.192006662615178,,0.0,0.0,0.0,0.0,45.65368168902324,optimal
2021-02-10 23:00:00,5,99,0.0,0.0774074074074074,0.0,1.2196666666666667,10.8045,6.0,-2,18.96750301512817,,0.0,0.0,0.0,69.66666666666666,45.60802800733421,optimal
2021-02-10 23:30:00,5,99,0.0,0.0,0.0,0.11316666666666668,11.508,6.0,-2,18.746338797571152,,0.0,0.0,0.0,0.0,45.562419979326876,optimal
2021-02-11 00:00:00,5,99,1.3333333333333333,0.0,0.0,0.31010000000000004,11.025,6.0,0,18.746338797571152,,4000.0,0.0,0.0,0.0,45.51685755934755,optimal
2021-02-11 00:30:00,5,99,1.3333333333333333,0.0,0.0,0.153,12.0855,6.0,0,18.843802245331855,,4000.0,0.0,0.0,0.0,45.4713407017882,optimal
2021-02-11 01:00:00,5,99,1.3333333333333333,0.0,0.0,0.071,11.6865,6.0,0,18.91885595064681,,4000.0,0.0,0.0,0.0,45.42586936108641,optimal
2021-02-11 01:30:00,5,99,1.3333333333333333,0.0,0.0,0.29943333333333333,11.2245,6.0,0,18.986881961168088,,4000.0,0.0,0.0,0.0,45.38044349172532,optimal
2021-02-11 02:00:00,5,99,1.3333333333333333,0.0,0.0,0.07776666666666666,11.025,6.0,0,19.07347714527913,,4000.0,0.0,0.0,0.0,45.3350630482336,optimal
2021-02-11 02:30:00,5,99,1.3333333333333333,0.0,0.0,0.14423333333333332,10.7835,6.0,0,19.14010908678864,,4000.0,0.0,0.0,0.0,45.289727985185365,optimal
2021-02-11 03:00:00,5,99,1.3333333333333333,0.0,0.0,0.23296666666666666,11.025,6.0,0,19.210273402882734,,4000.0,0.0,0.0,0.0,45.24443825720018,optimal
2021-02-11 03:30:00,5,99,1.3333333333333333,0.0,1.6984901524700329,0.071,10.584,6.0,0,19.28581960745723,,4000.0,0.0,0.0,0.0,46.005976641366246,optimal
2021-02-11 04:00:00,5,99,1.3333333333333333,0.0,0.0,0.21986666666666668,11.025,6.0,0,19.349807658365187,,4000.0,0.0,0.0,0.0,45.95997066472487,optimal
2021-02-11 04:30:00,5,99,1.3333333333333333,0.0,5.0,0.15733333333333335,10.4265,6.0,0,19.42883143037242,,4000.0,0.0,0.0,0.0,48.289010694060146,optimal
2021-02-11 05:00:00,5,99,1.3333333333333333,0.0,0.0,0.071,12.789,6.0,0,19.50152795573811,,4000.0,0.0,0.0,0.0,48.240721683366075,optimal
2021-02-11 05:30:00,5,99,1.3333333333333333,0.0,0.0,0.15896666666666667,12.684,6.0,0,19.565952865262947,,4000.0,0.0,0.0,0.0,48.192480961682705,optimal
2021-02-11 06:00:00,5,99,1.3333333333333333,0.0,0.0,0.21823333333333328,16.254,6.0,0,19.640226376388117,,4000.0,0.0,0.0,0.0,48.144288480721016,optimal
2021-02-11 06:30:00,5,99,1.3333333333333333,0.0,0.0,0.071,17.64,6.0,0,19.72178114098442,,4000.0,0.0,0.0,0.0,48.096144192240295,optimal
2021-02-11 07:00:00,5,99,1.3333333333333333,0.0,0.0,0.225,19.1625,6.0,0,19.792954761906604,,4000.0,0.0,0.0,0.0,48.048048048048045,optimal
2021-02-11 07:30:00,5,99,0.0,4.790887768756581,0.0,0.2302,26.46,6.0,0,19.879509322686314,,0.0,4311.798991880923,0.0,0.0,48.0,optimal
2021-02-11 08:00:00,5,99,0.0,6.986245182462356,0.0,0.7141333333333333,20.79,6.0,0,20.0,,0.0,2416.9406642161207,0.0,3870.68,47.88028565508015,optimal
2021-02-11 08:30:00,5,99,0.0,3.6057780136933664,0.0,0.15733333333333335,29.106,6.0,0,20.0,,0.0,3245.20021232403,0.0,0.0,47.76069102450522,optimal
2021-02-11 09:00:00,5,99,1.3333333333333333,0.0,0.0,0.21986666666666668,19.1835,6.0,0,20.0,,4000.0,0.0,0.0,0.0,47.641215988560866,optimal
2021-02-11 09:30:00,5,99,0.5995357662473716,0.0,0.0,0.07716666666666668,19.6665,6.0,0,20.089783013944285,,1798.6072987421148,0.0,0.0,0.0,47.521860427652456,optimal
2021-02-11 10:00:00,5,99,0.6612049341781013,0.0,0.0,0.25943333333333335,19.404,6.0,0,20.0,,1983.614802534304,0.0,0.0,0.0,47.40262422230496,optimal
2021-02-11 10:30:00,5,99,0.7404287760997619,0.0,0.0,0.11159999999999999,19.047,6.0,0,20.0,,2221.2863282992857,0.0,0.0,0.0,47.2835072531628,optimal
2021-02-11 11:00:00,5,99,1.233874519004072,0.0,0.0,0.09806666666666666,18.858,6.0,0,20.0,,3701.6235570122158,0.0,0.0,0.0,47.16450940098979,optimal
2021-02-11 11:30:00,5,99,0.0,0.0,0.0,0.27913333333333334,19.2675,6.0,0,20.14592192732073,,0.0,0.0,0.0,0.0,47.04563054666895,optimal
2021-02-11 12:00:00,5,99,0.5095579387791438,0.0,0.0,0.071,18.963,6.0,0,20.0,,1528.6738163374312,0.0,0.0,0.0,46.926870571202436,optimal
2021-02-11 12:30:00,5,99,0.41064259354823124,2.665911111111112,0.0,0.8966000000000001,18.438,6.0,0,20.0,,1231.9277806446937,0.0,0.0,2399.3200000000006,46.80822935571138,optimal
2021-02-11 13:00:00,5,99,0.0,0.23222222222222222,0.0,0.4278333333333333,18.7425,6.0,0,20.07179688521558,,0.0,0.0,0.0,209.0,46.689706781435824,optimal
2021-02-11 13:30:00,5,99,1.3333333333333333,0.0,0.0,0.3298666666666667,15.2145,6.0,0,20.0,,4000.0,0.0,0.0,0.0,46.57130272973454,optimal
2021-02-11 14:00:00,5,99,1.2015367250391131,0.0,0.0,0.2571,17.7765,6.0,0,20.27202545458823,,3604.6101751173396,0.0,0.0,0.0,46.45301708208496,optimal
2021-02-11 14:30:00,5,99,1.3333333333333333,0.1548148148148148,0.0,0.48073333333333335,16.758,6.0,0,20.517071773329082,,4000.0,0.0,0.0,139.33333333333331,46.33484972008303,optimal
2021-02-11 15:00:00,5,99,1.3333333333333333,0.0,0.0,0.207,16.422,6.0,0,20.814582534360518,,4000.0,0.0,0.0,0.0,46.2168005254431,optimal
2021-02-11 15:30:00,5,99,1.3333333333333333,0.0,0.0,0.21986666666666668,16.758,6.0,0,21.04102707314138,,4000.0,0.0,0.0,0.0,46.09886937999781,optimal
2021-02-11 16:00:00,5,99,0.0,0.0,0.0,0.11416666666666668,29.358,6.0,0,21.2135066913693,,0.0,0.0,0.0,0.0,45.981056165697964,optimal
2021-02-11 16:30:00,5,99,0.0,0.0,0.0,0.29586666666666667,34.9965,6.0,0,20.99071713488398,,0.0,0.0,0.0,0.0,45.863360764612416,optimal
2021-02-11 17:00:00,5,99,0.0,0.387037037037037,0.0,1.6781666666666668,34.65,6.0,0,20.792238715409038,,0.0,0.0,0.0,348.3333333333333,45.745783058927955,optimal
2021-02-11 17:30:00,5,99,0.0,0.5418518518518518,0.0,2.1229,34.9965,6.0,0,20.61190325770263,,0.0,0.0,0.0,487.6666666666667,45.62832293094918,optimal
2021-02-11 18:00:00,5,99,0.0,0.0,0.0,1.3417666666666668,34.9965,6.0,0,20.45404868660195,,0.0,0.0,0.0,0.0,45.51098026309838,optimal
2021-02-11 18:30:00,5,99,0.0,0.6192592592592592,0.0,0.3939666666666666,30.4815,6.0,0,20.256311190947056,,0.0,0.0,0.0,557.3333333333333,45.39375493791544,optimal
2021-02-11 19:00:00,5,99,0.0,3.7771233889508182,0.0,0.4341666666666667,21.4305,6.0,0,20.0,,0.0,3120.7443833890698,0.0,278.66666666666663,45.27664683805768,optimal
2021-02-11 19:30:00,5,99,1.0792828799881864,0.0,0.0,0.33103333333333335,14.3325,6.0,0,20.0,,3237.848639964559,0.0,0.0,0.0,45.15965584629978,optimal
2021-02-11 20:00:00,5,99,1.122810965513358,0.0,0.0,0.27996666666666664,13.692,6.0,0,20.0,,3368.432896540074,0.0,0.0,0.0,45.04278184553363,optimal
2021-02-11 20:30:00,5,99,0.0,0.0,0.0,0.5501666666666666,14.007,6.0,0,20.0,,0.0,0.0,0.0,0.0,44.926024718768254,optimal
2021-02-11 21:00:00,5,99,0.0,0.0,0.0,0.738,12.873,6.0,0,19.738597270150645,,0.0,0.0,0.0,0.0,44.881098694049484,optimal
2021-02-11 21:30:00,5,99,0.0,0.1548148148148148,0.0,1.2872000000000001,12.684,6.0,0,19.5236339381958,,0.0,0.0,0.0,139.33333333333331,44.836217595355436,optimal
2021-02-11 22:00:00,5,99,0.0,0.0,0.0,0.4785,12.306,6.0,0,19.37263533001493,,0.0,0.0,0.0,0.0,44.79138137776008,optimal
2021-02-11 22:30:00,5,99,0.0,0.0,0.0,0.09233333333333331,10.6365,6.0,0,19.148245383220075,,0.0,0.0,0.0,0.0,44.74658999638232,optimal
2021-02-11 23:00:00,5,99,0.0,0.23222222222222222,0.0,0.2740666666666667,11.2455,6.0,0,18.876415411474234,,0.0,0.0,0.0,209.0,44.70184340638594,optimal
2021-02-11 23:30:00,5,99,0.0,0.0,0.0,0.12513333333333335,11.2455,6.0,0,18.598430791121363,,0.0,0.0,0.0,0.0,44.657141562979554,optimal
2021-02-12 00:00:00,5,99,1.3333333333333333,4.644444444444443,0.0,0.13516666666666666,11.025,6.0,-2,18.598430791121363,,4000.0,0.0,0.0,4179.999999999999,44.612484421416575,optimal
2021-02-12 00:30:00,5,99,1.3333333333333333,0.3096296296296296,0.0,0.38706666666666667,10.3635,6.0,-2,18.63832504139725,,4000.0,0.0,0.0,278.66666666666663,44.56787193699516,optimal
2021-02-12 01:00:00,5,99,1.3333333333333333,0.0,0.0,0.2338,10.8045,6.0,-2,18.703468516134038,,4000.0,0.0,0.0,0.0,44.52330406505816,optimal
2021-02-12 01:30:00,5,99,1.3333333333333333,0.0,0.0,0.2507333333333333,10.059,6.0,-2,18.764185920937518,,4000.0,0.0,0.0,0.0,44.478780760993104,optimal
2021-02-12 02:00:00,5,99,1.3333333333333333,0.0,0.0,0.2093333333333333,10.584,6.0,-2,18.821540998719406,,4000.0,0.0,0.0,0.0,44.434301980232114,optimal
2021-02-12 02:30:00,5,99,1.3333333333333333,0.0,5.0,0.062,9.4185,6.0,-2,18.861750597858613,,4000.0,0.0,0.0,0.0,46.76486767825188,optimal
2021-02-12 03:00:00,5,99,1.3333333333333333,0.0,0.0,0.22406666666666664,10.3635,6.0,-2,18.892734237079104,,4000.0,0.0,0.0,0.0,46.71810281057363,optimal
2021-02-12 03:30:00,5,99,1.3333333333333333,0.0,3.3038673170589945,0.062,9.8385,6.0,-2,18.940934127869546,,4000.0,0.0,0.0,0.0,48.240721683366075,optimal
2021-02-12 04:00:00,5,99,1.3333333333333333,0.0,0.0,0.15776666666666667,11.067,6.0,-2,18.983648511726546,,4000.0,0.0,0.0,0.0,48.192480961682705,optimal
2021-02-12 04:30:00,5,99,1.3333333333333333,0.0,0.0,0.12830000000000003,10.8465,6.0,-2,19.04288450240155,,4000.0,0.0,0.0,0.0,48.144288480721016,optimal
2021-02-12 05:00:00,5,99,1.3333333333333333,0.0,0.0,0.062,13.671,6.0,-2,19.107776396284375,,4000.0,0.0,0.0,0.0,48.096144192240295,optimal
2021-02-12 05:30:00,5,99,1.3333333333333333,0.0,0.0,0.22406666666666664,12.348,6.0,-2,19.175118249816826,,4000.0,0.0,0.0,0.0,48.048048048048045,optimal
2021-02-12 06:00:00,5,99,1.3333333333333333,0.1548148148148148,0.0,0.23196666666666668,14.3325,6.0,-2,19.265582921067836,,4000.0,0.0,0.0,139.33333333333331,48.0,optimal
2021-02-12 06:30:00,5,99,1.3333333333333333,0.1548148148148148,0.0,0.3502333333333333,15.393,6.0,-2,19.376360216393596,,4000.0,0.0,0.0,139.33333333333331,47.860803839935144,optimal
2021-02-12 07:00:00,5,99,1.3333333333333333,2.0899999999999994,0.0,0.2618333333333333,13.587,6.0,-2,19.499504577869406,,4000.0,0.0,0.0,1880.9999999999998,47.72174687603035,optimal
2021-02-12 07:30:00,5,99,1.3333333333333333,3.962860840024557,0.0,0.2471,16.1385,6.0,-2,19.616849222169392,,4000.0,3287.908089355435,0.0,278.66666666666663,47.58282896908947,optimal
2021-02-12 08:00:00,5,99,0.962250127470886,0.0,0.0,0.3649666666666666,14.595,6.0,-2,20.0,,2886.750382412658,0.0,0.0,0.0,47.444049980055524,optimal
2021-02-12 08:30:00,5,99,1.1259099266299537,0.0,0.0,0.11633333333333332,14.637,6.0,-2,20.0,,3377.729779889861,0.0,0.0,0.0,47.30540977001061,optimal
2021-02-12 09:00:00,5,99,1.0401215565495028,0.0,0.0,0.22406666666666664,13.9125,6.0,-2,20.0,,3120.3646696485084,0.0,0.0,0.0,47.16690820017575,optimal
2021-02-12 09:30:00,5,99,0.8678615435775426,0.46444444444444444,0.0,0.2322,13.3665,6.0,-2,20.0,,2603.584630732628,0.0,0.0,418.0,47.02854513191072,optimal
2021-02-12 10:00:00,5,99,1.3172627620134831,0.0,0.0,1.5221,13.0095,6.0,-2,20.0,,3951.7882860404493,0.0,0.0,0.0,46.890320426713956,optimal
2021-02-12 10:30:00,5,99,0.0,0.0,0.0,0.29606666666666664,13.8915,6.0,-2,20.17157578918641,,0.0,0.0,0.0,0.0,46.75223394622239,optimal
2021-02-12 11:00:00,5,99,0.5858906557951644,0.0,0.0,0.1399,13.188,6.0,-2,20.0,,1757.6719673854932,0.0,0.0,0.0,46.614285552211314,optimal
2021-02-12 11:30:00,5,99,1.3333333333333333,0.0,0.0,0.2887333333333333,12.5685,6.0,-2,20.0,,4000.0,0.0,0.0,0.0,46.47647510659425,optimal
2021-02-12 12:00:00,5,99,1.3333333333333333,0.0,0.0,0.22913333333333333,12.285,6.0,-2,20.202477768705336,,4000.0,0.0,0.0,0.0,46.3388024714228,optimal
2021-02-12 12:30:00,5,99,1.3333333333333333,0.0,0.0,0.062,11.487,6.0,-2,20.406562226477483,,4000.0,0.0,0.0,0.0,46.201267508886524,optimal
2021-02-12 13:00:00,5,99,1.3333333333333333,0.0,0.0,0.062,11.802,6.0,-2,20.60333257186287,,4000.0,0.0,0.0,0.0,46.063870081312785,optimal
2021-02-12 13:30:00,5,99,1.3333333333333333,0.0,0.0,0.22406666666666664,11.2245,6.0,-2,20.797571858514818,,4000.0,0.0,0.0,0.0,45.92661005116662,optimal
2021-02-12 14:00:00,5,99,1.3333333333333333,0.0,0.0,0.062,11.025,6.0,-2,21.0018517994484,,4000.0,0.0,0.0,0.0,45.7894872810506,optimal
2021-02-12 14:30:00,5,99,1.3333333333333333,0.0,0.0,0.062,11.907,6.0,-2,21.1802002807391,,4000.0,0.0,0.0,0.0,45.652501633704695,optimal
2021-02-12 15:00:00,5,99,0.0,0.0,0.0,0.1062,25.83,6.0,-2,21.355002740579927,,0.0,0.0,0.0,0.0,45.51565297200614,optimal
2021-02-12 15:30:00,5,99,0.0,0.0,0.0,0.17986666666666667,28.035,6.0,-2,21.176838149279376,,0.0,0.0,0.0,0.0,45.378941158969276,optimal
2021-02-12 16:00:00,5,99,0.0,0.0,0.0,0.062,28.119,6.0,-2,21.005300141207158,,0.0,0.0,0.0,0.0,45.24236605774545,optimal
2021-02-12 16:30:00,5,99,0.0,0.0,0.0,0.0841,30.156,6.0,-2,20.79160547527772,,0.0,0.0,0.0,0.0,45.105927531622854,optimal
2021-02-12 17:00:00,5,99,0.0,0.0,0.0,0.2288,29.1585,6.0,-2,20.578691656339082,,0.0,0.0,0.0,0.0,44.96962544402638,optimal
2021-02-12 17:30:00,5,99,0.0,0.23222222222222222,0.0,0.15819999999999998,26.712,6.0,-2,20.352681920108594,,0.0,0.0,0.0,209.0,44.8334596585175,optimal
2021-02-12 18:00:00,5,99,0.315348675459921,0.0,0.0,0.32430000000000003,15.435,6.0,-2,20.135187925862297,,946.046026379763,0.0,0.0,0.0,44.697430038794124,optimal
2021-02-12 18:30:00,5,99,0.8989574426334057,0.1548148148148148,0.0,0.071,13.566,6.0,-2,20.0,,2696.872327900217,0.0,0.0,139.33333333333331,44.561536448690475,optimal
2021-02-12 19:00:00,5,99,1.3333333333333333,0.0,0.0,0.20196666666666666,12.789,6.0,-2,20.0,,4000.0,0.0,0.0,0.0,44.42577875217693,optimal
2021-02-12 19:30:00,5,99,1.3333333333333333,0.0,0.0,0.0871,12.1275,6.0,-2,20.096904519853524,,4000.0,0.0,0.0,0.0,44.2901568133599,optimal
2021-02-12 20:00:00,5,99,0.1800564119200628,0.3096296296296296,0.0,0.06953333333333334,13.671,6.0,-2,20.187653349684684,,540.1692357601884,0.0,0.0,278.66666666666663,44.154670496481685,optimal
2021-02-12 20:30:00,5,99,0.0,0.0,0.0,0.46176666666666666,10.668,6.0,-2,20.0,,0.0,0.0,0.0,0.0,44.01931966592035,optimal
2021-02-12 21:00:00,5,99,0.0,0.0,0.0,0.09,11.7285,6.0,-2,19.805148794843088,,0.0,0.0,0.0,0.0,43.884104186189575,optimal
2021-02-12 21:30:00,5,99,0.0,0.0,0.0,0.2592,11.025,6.0,-2,19.585361091142186,,0.0,0.0,0.0,0.0,43.74902392193853,optimal
2021-02-12 22:00:00,5,99,0.0,1.470740740740741,0.0,0.1829,10.689,6.0,-2,19.386687758214645,,0.0,0.0,0.0,1323.6666666666667,43.614078737951736,optimal
2021-02-12 22:30:00,5,99,0.0,0.0,0.0,0.12093333333333334,8.1585,6.0,-2,19.17380278116888,,0.0,0.0,0.0,0.0,43.47926849914893,optimal
2021-02-12 23:00:00,5,99,0.0,0.0,0.0,0.30046666666666666,10.3635,6.0,-2,18.936057291827474,,0.0,0.0,0.0,0.0,43.34459307058493,optimal
2021-02-12 23:30:00,5,99,0.0,0.0,0.0,0.3232,10.8045,6.0,-2,18.72429028068486,,0.0,0.0,0.0,0.0,43.30124847751434,optimal
2021-02-13 00:00:00,5,99,0.2522554485966441,0.0,0.0,0.05633333333333333,10.059,6.0,-1,18.72429028068486,,756.7663457899323,0.0,0.0,0.0,43.25794722903683,optimal
2021-02-13 00:30:00,5,99,1.3333333333333333,0.0774074074074074,0.0,0.09166666666666669,9.261,6.0,-1,18.56718690347375,,4000.0,0.0,0.0,69.66666666666666,43.21468928180779,optimal
2021-02-13 01:00:00,5,99,1.3333333333333333,0.0,0.0,0.1988,8.1585,6.0,-1,18.6871883315429,,4000.0,0.0,0.0,0.0,43.17147459252598,optimal
2021-02-13 01:30:00,5,99,1.3333333333333333,0.0,0.0,0.058,9.4815,6.0,-1,18.81187091206914,,4000.0,0.0,0.0,0.0,43.128303117933456,optimal
2021-02-13 02:00:00,5,99,1.3333333333333333,0.0,0.0,0.14759999999999998,8.379,6.0,-1,18.92362238850134,,4000.0,0.0,0.0,0.0,43.085174814815524,optimal
2021-02-13 02:30:00,5,99,1.3333333333333333,0.0,0.0,0.1092,9.5235,6.0,-1,19.042210617755565,,4000.0,0.0,0.0,0.0,43.04208964000071,optimal
2021-02-13 03:00:00,5,99,1.3333333333333333,0.0,1.9286800757776004,0.1028,8.1375,6.0,-1,19.156020905003846,,4000.0,0.0,0.0,0.0,43.91517058635506,optimal
2021-02-13 03:30:00,5,99,1.3333333333333333,0.0,0.0,0.154,10.0905,6.0,-1,19.267836774559264,,4000.0,0.0,0.0,0.0,43.8712554157687,optimal
2021-02-13 04:00:00,5,99,1.3333333333333333,0.0,5.0,0.058,7.539,6.0,-1,19.381947439405867,,4000.0,0.0,0.0,0.0,46.20238416035293,optimal
2021-02-13 04:30:00,5,99,1.3333333333333333,0.0,5.0,0.1988,7.938,6.0,-1,19.48579944875168,,4000.0,0.0,0.0,0.0,48.53118177619257,optimal
2021-02-13 05:00:00,5,99,1.3333333333333333,0.0,0.0,0.058,8.274,6.0,-1,19.599034169810743,,4000.0,0.0,0.0,0.0,48.48265059441637,optimal
2021-02-13 05:30:00,5,99,1.3333333333333333,0.0,0.0,0.058,9.261,6.0,-1,19.697572701297382,,4000.0,0.0,0.0,0.0,48.434167943821954,optimal
2021-02-13 06:00:00,5,99,1.3333333333333333,0.0,0.0,1.2181333333333335,9.9225,6.0,-1,19.793581950468504,,4000.0,0.0,0.0,0.0,48.38573377587813,optimal
2021-02-13 06:30:00,5,99,1.3333333333333333,1.0837037037037036,0.0,0.193,9.702,6.0,-1,19.923059286537697,,4000.0,0.0,0.0,975.3333333333334,48.33734804210225,optimal
2021-02-13 07:00:00,5,99,1.3333333333333333,0.0,0.0,0.16013333333333332,10.584,6.0,-1,20.05422581500508,,4000.0,0.0,0.0,0.0,48.289010694060146,optimal
2021-02-13 07:30:00,5,99,1.3333333333333333,0.0774074074074074,0.0,0.4219,10.143,6.0,-1,20.183852954866598,,4000.0,0.0,0.0,69.66666666666666,48.240721683366075,optimal
2021-02-13 08:00:00,5,99,0.0,0.0,0.0,0.08686666666666666,13.0095,6.0,-1,20.311171881454445,,0.0,0.0,0.0,0.0,48.192480961682705,optimal
2021-02-13 08:30:00,5,99,1.3333333333333333,0.46444444444444444,0.0,0.7235,11.025,6.0,-1,20.057835877183233,,4000.0,0.0,0.0,418.0,48.144288480721016,optimal
2021-02-13 09:00:00,5,99,0.0,0.0,0.0,1.3214000000000001,12.789,6.0,-1,20.181149674798235,,0.0,0.0,0.0,0.0,48.096144192240295,optimal
2021-02-13 09:30:00,5,99,1.3333333333333333,4.876666666666668,0.0,0.8131,12.1275,6.0,-1,20.0,,4000.0,0.0,0.0,4389.000000000001,48.048048048048045,optimal
2021-02-13 10:00:00,5,99,1.3333333333333333,0.23222222222222222,0.0,0.244,12.1695,6.0,-1,20.15289659899561,,4000.0,0.0,0.0,209.0,48.0,optimal
2021-02-13 10:30:00,5,99,1.3333333333333333,0.0,0.0,0.2088,12.306,6.0,-1,20.329374631943708,,4000.0,0.0,0.0,0.0,47.65686770053933,optimal
2021-02-13 11:00:00,5,99,0.13526078611986342,0.0,0.0,0.068,13.23,6.0,-1,20.46874477380559,,405.7823583595902,0.0,0.0,0.0,47.31407853337812,optimal
2021-02-13 11:30:00,5,99,0.0,0.0,0.0,0.068,13.671,6.0,-1,20.32489889285805,,0.0,0.0,0.0,0.0,46.97163215538408,optimal
2021-02-13 12:00:00,5,99,0.0,0.0,0.0,0.13040000000000002,13.9335,6.0,-1,20.148997335542646,,0.0,0.0,0.0,0.0,46.62952822376803,optimal
2021-02-13 12:30:00,5,99,0.18232585804154972,0.3096296296296296,0.0,1.5910333333333333,13.293,6.0,-1,20.0,,546.9775741246491,0.0,0.0,278.66666666666663,46.28776639608359,optimal
2021-02-13 13:00:00,5,99,1.3333333333333333,2.012592592592592,0.0,0.7414666666666667,12.1065,6.0,-1,20.0,,4000.0,0.0,0.0,1811.333333333333,45.94634633022684,optimal
2021-02-13 13:30:00,5,99,1.3333333333333333,0.5418518518518518,0.0,0.2942666666666667,11.571,6.0,-1,20.257687188347713,,4000.0,0.0,0.0,487.6666666666667,45.605267684435944,optimal
2021-02-13 14:00:00,5,99,1.3333333333333333,0.0,0.0,0.3689333333333333,11.025,6.0,-1,20.494546864313044,,4000.0,0.0,0.0,0.0,45.26453011729084,optimal
2021-02-13 14:30:00,5,99,1.3333333333333333,0.0,0.0,0.20363333333333333,10.8465,6.0,-1,20.704909092309993,,4000.0,0.0,0.0,0.0,44.92413328771288,optimal
2021-02-13 15:00:00,5,99,1.3333333333333333,0.3096296296296296,0.0,0.08946666666666667,11.2455,6.0,-1,20.898425633595195,,4000.0,0.0,0.0,278.66666666666663,44.58407685496449,optimal
2021-02-13 15:30:00,5,99,0.0,0.0,0.0,0.2754,23.8665,6.0,-1,21.061613898907442,,0.0,0.0,0.0,0.0,44.24436047864886,optimal
2021-02-13 16:00:00,5,99,0.0,0.0,0.0,1.4705,27.4575,6.0,-1,20.905547476114283,,0.0,0.0,0.0,0.0,43.90498381870954,optimal
2021-02-13 16:30:00,5,99,0.0,0.5418518518518518,0.0,0.8680666666666668,27.3735,6.0,-1,20.777994629966123,,0.0,0.0,0.0,487.6666666666667,43.56594653543016,optimal
2021-02-13 17:00:00,5,99,0.0,0.0774074074074074,0.0,0.41256666666666664,30.4605,6.0,-1,20.631894133858687,,0.0,0.0,0.0,69.66666666666666,43.52238058889473,optimal
2021-02-13 17:30:00,5,99,0.0,0.3096296296296296,0.0,1.5563333333333333,30.0195,6.0,-1,20.43957735568105,,0.0,0.0,0.0,278.66666666666663,43.47885820830583,optimal
2021-02-13 18:00:00,5,99,0.0,0.1548148148148148,0.0,0.2931333333333333,26.9325,6.0,-1,20.28085043080005,,0.0,0.0,0.0,139.33333333333331,43.43537935009753,optimal
2021-02-13 18:30:00,5,99,0.4319141188694425,0.0774074074074074,0.0,0.3048,14.595,6.0,-1,20.085924932813107,,1295.7423566083273,0.0,0.0,69.66666666666666,43.39194397074743,optimal
2021-02-13 19:00:00,5,99,0.762564059089842,0.46444444444444444,0.0,0.24913333333333332,12.4845,6.0,-1,20.0,,2287.6921772695264,0.0,0.0,418.0,43.34855202677668,optimal
2021-02-13 19:30:00,5,99,0.7057661808916027,0.1548148148148148,0.0,0.4614333333333333,12.1275,6.0,-1,20.0,,2117.2985426748082,0.0,0.0,139.33333333333331,43.3052034747499,optimal
2021-02-13 20:00:00,5,99,0.7600905249155835,0.0,0.0,0.33986666666666665,12.1275,6.0,-1,20.0,,2280.2715747467505,0.0,0.0,0.0,43.26189827127515,optimal
2021-02-13 20:30:00,5,99,0.0,0.0,0.0,0.45156666666666667,12.789,6.0,-1,20.0,,0.0,0.0,0.0,0.0,43.218636373003875,optimal
2021-02-13 21:00:00,5,99,0.0,0.0,0.0,0.17496666666666666,11.907,6.0,-1,19.816328094160216,,0.0,0.0,0.0,0.0,43.17541773663087,optimal
2021-02-13 21:30:00,5,99,0.0,0.0,0.0,0.2554666666666667,11.025,6.0,-1,19.60312398886921,,0.0,0.0,0.0,0.0,43.132242318894235,optimal
2021-02-13 22:00:00,5,99,0.0,0.0,0.0,0.2079333333333333,8.2005,6.0,-1,19.402194801240064,,0.0,0.0,0.0,0.0,43.08911007657534,optimal
2021-02-13 22:30:00,5,99,0.0,0.0,0.0,0.3388,9.5655,6.0,-1,19.197399897052897,,0.0,0.0,0.0,0.0,43.046020966498766,optimal
2021-02-13 23:00:00,5,99,0.0,0.0,0.0,0.0872,7.056,6.0,-1,19.008017821115978,,0.0,0.0,0.0,0.0,43.002974945532266,optimal
2021-02-13 23:30:00,5,99,0.0,0.0,0.0,0.068,9.3975,6.0,-1,18.77920908888648,,0.0,0.0,0.0,0.0,42.959971970586736,optimal
2021-02-07 00:00:00,6,99,1.3333333333333333,0.0,0.0,0.061,5.292,6.0,1,21.0,,4000.0,0.0,0.0,0.0,47.952,optimal
2021-02-07 00:30:00,6,99,0.0,0.0,0.0,0.145,9.261,6.0,1,21.124183908557605,,0.0,0.0,0.0,0.0,47.904047999999996,optimal
2021-02-07 01:00:00,6,99,0.0,0.0,0.0,0.13119999999999998,10.3635,6.0,1,20.912326833626622,,0.0,0.0,0.0,0.0,47.856143952,optimal
2021-02-07 01:30:00,6,99,0.0,0.0,0.0,0.1264,8.274,6.0,1,20.70072061702008,,0.0,0.0,0.0,0.0,47.80828780804799,optimal
2021-02-07 02:00:00,6,99,0.467846117542551,0.0,0.0,0.14980000000000002,7.7175,6.0,1,20.490764785018975,,1403.538352627653,0.0,0.0,0.0,47.76047952023995,optimal
2021-02-07 02:30:00,6,99,1.3333333333333333,0.0,0.0,0.061,6.615,6.0,1,20.40425489356514,,4000.0,0.0,0.0,0.0,47.712719040719705,optimal
2021-02-07 03:00:00,6,99,1.3333333333333333,0.0,0.0,0.1918,6.174,6.0,1,20.53093249759005,,4000.0,0.0,0.0,0.0,47.66500632167899,optimal
2021-02-07 03:30:00,6,99,1.3333333333333333,0.0,0.0,0.0844,3.906,6.0,1,20.665851196677483,,4000.0,0.0,0.0,0.0,47.61734131535731,optimal
2021-02-07 04:00:00,6,99,1.3333333333333333,0.0,0.0,0.0649,2.3415,6.0,1,20.789276210144592,,4000.0,0.0,0.0,0.0,47.56972397404195,optimal
2021-02-07 04:30:00,6,99,1.3333333333333333,0.0,0.0,0.21463333333333331,2.205,6.0,1,20.908832756726984,,4000.0,0.0,0.0,0.0,47.522154250067906,optimal
2021-02-07 05:00:00,6,99,1.3333333333333333,0.0,1.9181088001269289,0.06766666666666667,0.882,6.0,1,21.039322362113236,,4000.0,0.0,0.0,0.0,48.38573377587813,optimal
2021-02-07 05:30:00,6,99,1.3333333333333333,0.0,0.0,0.091,1.5435,6.0,1,21.15536162120508,,4000.0,0.0,0.0,0.0,48.33734804210225,optimal
2021-02-07 06:00:00,6,99,1.3333333333333333,0.0,0.0,0.115,1.5435,6.0,1,21.272475087473012,,4000.0,0.0,0.0,0.0,48.289010694060146,optimal
2021-02-07 06:30:00,6,99,1.3333333333333333,0.23222222222222222,0.0,0.1316,5.0715,6.0,1,21.390138578106416,,4000.0,0.0,0.0,209.0,48.240721683366075,optimal
2021-02-07 07:00:00,6,99,1.3333333333333333,0.6192592592592592,0.0,1.7212333333333332,5.376,6.0,1,21.520202264475895,,4000.0,0.0,0.0,557.3333333333333,48.192480961682705,optimal
2021-02-07 07:30:00,6,99,1.3333333333333333,0.6966666666666667,0.0,0.2578333333333333,5.0715,6.0,1,21.691381937987657,,4000.0,0.0,0.0,627.0,48.144288480721016,optimal
2021-02-07 08:00:00,6,99,1.3333333333333333,0.1548148148148148,0.0,0.8185,5.5125,6.0,1,21.841355214725976,,4000.0,0.0,0.0,139.33333333333331,48.096144192240295,optimal
2021-02-07 08:30:00,6,99,0.6700883529035814,0.387037037037037,0.0,1.5309666666666666,9.261,6.0,1,22.0,,2010.2650587107441,0.0,0.0,348.3333333333333,48.048048048048045,optimal
2021-02-07 09:00:00,6,99,0.0,0.1548148148148148,0.0,2.773966666666667,11.7075,6.0,1,22.0,,0.0,0.0,0.0,139.33333333333331,48.0,optimal
2021-02-07 09:30:00,6,99,0.0,5.728148148148147,0.0,3.4121666666666663,12.348,6.0,1,21.906348869981024,,0.0,0.0,0.0,5155.333333333332,47.80366615561092,optimal
2021-02-07 10:00:00,6,99,0.0,0.0,0.0,4.4168,12.348,6.0,1,21.769928414720145,,0.0,0.0,0.0,0.0,47.60752864506623,optimal
2021-02-07 10:30:00,6,99,0.0,0.23222222222222222,0.0,2.3749333333333333,12.1275,6.0,1,21.651585562126346,,0.0,0.0,0.0,209.0,47.41158727203209,optimal
2021-02-07 11:00:00,6,99,0.0,0.23222222222222222,0.0,0.089,12.5265,6.0,1,21.512391688817925,,0.0,0.0,0.0,209.0,47.21584184037098,optimal
2021-02-07 11:30:00,6,99,1.3333333333333333,0.1548148148148148,0.0,0.4296666666666667,11.7495,6.0,1,21.331292022917914,,4000.0,0.0,0.0,139.33333333333331,47.02029215414153,optimal
2021-02-07 12:00:00,6,99,0.0,0.1548148148148148,0.0,0.12293333333333334,13.23,6.0,1,21.509280818083084,,0.0,0.0,0.0,139.33333333333331,46.824938017598306,optimal
2021-02-07 12:30:00,6,99,0.0,0.1548148148148148,0.0,0.2084,14.3325,6.0,1,21.325238274111435,,0.0,0.0,0.0,139.33333333333331,46.62977923519163,optimal
2021-02-07 13:00:00,6,99,0.0,0.0,0.0,0.6120666666666668,14.994,6.0,1,21.15081210038169,,0.0,0.0,0.0,0.0,46.43481561156736,optimal
2021-02-07 13:30:00,6,99,0.0,0.1548148148148148,0.0,1.6686666666666667,14.8155,6.0,1,20.98707823986182,,0.0,0.0,0.0,139.33333333333331,46.24004695156671,optimal
2021-02-07 14:00:00,6,99,0.0,0.0,0.0,0.39953333333333335,14.112,6.0,1,20.845544440848737,,0.0,0.0,0.0,0.0,46.045473060226065,optimal
2021-02-07 14:30:00,6,99,0.0,0.0,0.0,0.3728,14.007,6.0,1,20.695153845488214,,0.0,0.0,0.0,0.0,45.85109374277676,optimal
2021-02-07 15:00:00,6,99,0.742325930575857,0.0,0.0,0.1872666666666667,13.23,6.0,1,20.54389805946874,,2226.977791727571,0.0,0.0,0.0,45.65690880464491,optimal
2021-02-07 15:30:00,6,99,1.3333333333333333,0.1548148148148148,0.0,2.4691,11.382,6.0,1,20.575381264398263,,4000.0,0.0,0.0,139.33333333333331,45.46291805145118,optimal
2021-02-07 16:00:00,6,99,1.3333333333333333,0.0,0.0,2.6944333333333335,11.7495,6.0,1,20.82972195022822,,4000.0,0.0,0.0,0.0,45.269121289010656,optimal
2021-02-07 16:30:00,6,99,0.0,0.0,0.0,0.7946,24.3285,6.0,1,21.0346050363417,,0.0,0.0,0.0,0.0,45.223852167721645,optimal
2021-02-07 17:00:00,6,99,0.0,0.3096296296296296,0.0,0.168,28.917,6.0,1,20.890111494840955,,0.0,0.0,0.0,278.66666666666663,45.17862831555392,optimal
2021-02-07 17:30:00,6,99,0.0,0.0,0.0,0.07156666666666667,31.3635,6.0,1,20.71350778772925,,0.0,0.0,0.0,0.0,45.13344968723837,optimal
2021-02-07 18:00:00,6,99,0.0,0.23222222222222222,0.0,0.16966666666666666,33.306,6.0,1,20.526559347017372,,0.0,0.0,0.0,209.0,45.08831623755113,optimal
2021-02-07 18:30:00,6,99,0.0,0.6966666666666667,0.0,0.3310666666666667,31.3425,6.0,1,20.360062160985247,,0.0,0.0,0.0,627.0,45.04322792131358,optimal
2021-02-07 19:00:00,6,99,0.0,0.0,0.0,1.4314,28.2555,6.0,1,20.216396955230103,,0.0,0.0,0.0,0.0,44.99818469339227,optimal
2021-02-07 19:30:00,6,99,0.0,0.0,0.0,0.45563333333333333,15.6975,6.0,1,20.155829262280488,,0.0,0.0,0.0,0.0,44.95318650869888,optimal
2021-02-07 20:00:00,6,99,0.6447882897213931,0.0,0.0,0.3261,12.5475,6.0,1,20.0,,1934.3648691641793,0.0,0.0,0.0,44.90823332219018,optimal
2021-02-07 20:30:00,6,99,0.0,0.0,0.0,0.3967,12.0855,6.0,1,20.0,,0.0,0.0,0.0,0.0,44.86332508886799,optimal
2021-02-07 21:00:00,6,99,0.0,0.0,0.0,0.3942333333333333,11.907,6.0,1,19.853412962674565,,0.0,0.0,0.0,0.0,44.81846176377912,optimal
2021-02-07 21:30:00,6,99,0.0,0.0,0.0,0.2773333333333333,12.5685,6.0,1,19.717688938058206,,0.0,0.0,0.0,0.0,44.77364330201534,optimal
2021-02-07 22:00:00,6,99,0.0,0.0,0.0,0.39253333333333335,13.146,6.0,1,19.581459123570426,,0.0,0.0,0.0,0.0,44.72886965871332,optimal
2021-02-07 22:30:00,6,99,0.0,0.0,0.0,0.2676,10.584,6.0,1,19.464945681326796,,0.0,0.0,0.0,0.0,44.68414078905461,optimal
2021-02-07 23:00:00,6,99,0.0,0.0,0.0,0.18586666666666668,6.678,6.0,1,19.329448431011382,,0.0,0.0,0.0,0.0,44.63945664826556,optimal
2021-02-07 23:30:00,6,99,0.0,0.0,0.0,0.09023333333333332,7.938,6.0,1,19.14301097711151,,0.0,0.0,0.0,0.0,44.594817191617295,optimal
2021-02-08 00:00:00,6,99,1.3333333333333333,0.0,0.0,0.11,5.9745,6.0,0,19.14301097711151,,4000.0,0.0,0.0,0.0,44.55022237442568,optimal
2021-02-08 00:30:00,6,99,1.3333333333333333,0.0,0.0,0.0682,7.938,6.0,0,19.27602242300847,,4000.0,0.0,0.0,0.0,44.505672152051254,optimal
2021-02-08 01:00:00,6,99,1.3333333333333333,0.0,0.0,0.14026666666666668,8.6835,6.0,0,19.403527651139832,,4000.0,0.0,0.0,0.0,44.461166479899205,optimal
2021-02-08 01:30:00,6,99,1.3333333333333333,0.0,0.0,0.15680000000000002,7.665,6.0,0,19.5349445925705,,4000.0,0.0,0.0,0.0,44.41670531341931,optimal
2021-02-08 02:00:00,6,99,1.3333333333333333,0.0,0.0,0.054,6.7725,6.0,0,19.66571232666144,,4000.0,0.0,0.0,0.0,44.37228860810589,optimal
2021-02-08 02:30:00,6,99,1.3333333333333333,0.0,0.0,0.15933333333333335,5.5755,6.0,0,19.786026219057902,,4000.0,0.0,0.0,0.0,44.32791631949778,optimal
2021-02-08 03:00:00,6,99,1.3333333333333333,0.0,3.8351259239172912,0.12073333333333332,5.0925,6.0,0,19.91440642240287,,4000.0,0.0,0.0,0.0,46.10527321703899,optimal
2021-02-08 03:30:00,6,99,1.3333333333333333,0.0,5.0,0.08013333333333333,4.1895,6.0,0,20.038503897430285,,4000.0,0.0,0.0,0.0,48.434167943821954,optimal
2021-02-08 04:00:00,6,99,1.3333333333333333,0.0,0.0,0.09506666666666666,7.056,6.0,0,20.15692908764163,,4000.0,0.0,0.0,0.0,48.38573377587813,optimal
2021-02-08 04:30:00,6,99,1.3333333333333333,0.0,0.0,0.057,5.271,6.0,0,20.274479197215808,,4000.0,0.0,0.0,0.0,48.33734804210225,optimal
2021-02-08 05:00:00,6,99,1.3333333333333333,0.0,0.0,0.061,7.938,6.0,0,20.385763751588605,,4000.0,0.0,0.0,0.0,48.289010694060146,optimal
2021-02-08 05:30:00,6,99,1.3333333333333333,0.0,0.0,0.14503333333333332,7.938,6.0,0,20.4943566456428,,4000.0,0.0,0.0,0.0,48.240721683366075,optimal
2021-02-08 06:00:00,6,99,1.3333333333333333,0.0,0.0,0.13503333333333334,11.907,6.0,0,20.608674533227642,,4000.0,0.0,0.0,0.0,48.192480961682705,optimal
2021-02-08 06:30:00,6,99,1.3333333333333333,0.0,0.0,0.054,11.025,6.0,0,20.72004826260195,,4000.0,0.0,0.0,0.0,48.144288480721016,optimal
2021-02-08 07:00:00,6,99,1.3333333333333333,0.0,0.0,0.1448,11.2875,6.0,0,20.822471612436132,,4000.0,0.0,0.0,0.0,48.096144192240295,optimal
2021-02-08 07:30:00,6,99,0.0,0.0,0.0,0.13526666666666667,12.936,6.0,0,20.930678700033265,,0.0,0.0,0.0,0.0,48.048048048048045,optimal
2021-02-08 08:00:00,6,99,0.0,0.6192592592592592,0.0,0.10046666666666668,13.0095,6.0,0,20.69763814587158,,0.0,0.0,0.0,557.3333333333333,48.0,optimal
2021-02-08 08:30:00,6,99,0.0,2.7866666666666666,0.0,0.0844,13.671,6.0,0,20.470895350328664,,0.0,0.0,0.0,2508.0,47.921773577081545,optimal
2021-02-08 09:00:00,6,99,0.4778649406974482,0.0,0.0,0.27726666666666666,13.188,6.0,0,20.250996962904207,,1433.5948220923447,0.0,0.0,0.0,47.84362538058601,optimal
2021-02-08 09:30:00,6,99,0.0,0.23222222222222222,0.0,0.11766666666666668,13.8495,6.0,0,20.192394730932577,,0.0,0.0,0.0,209.0,47.76555533228697,optimal
2021-02-08 10:00:00,6,99,0.5959198838377292,0.0,0.0,0.23683333333333328,13.23,6.0,0,20.0,,1787.7596515131877,0.0,0.0,0.0,47.68756335403623,optimal
2021-02-08 10:30:00,6,99,0.5127441776514696,0.0,0.0,0.539,13.3665,6.0,0,20.0,,1538.2325329544087,0.0,0.0,0.0,47.60964936776374,optimal
2021-02-08 11:00:00,6,99,1.3333333333333333,0.0,0.0,1.894233333333333,13.0515,6.0,0,20.0,,4000.0,0.0,0.0,0.0,47.53181329547752,optimal
2021-02-08 11:30:00,6,99,1.3333333333333333,0.0,0.0,0.1814333333333333,13.5345,6.0,0,20.248335641489817,,4000.0,0.0,0.0,0.0,47.45405505926359,optimal
2021-02-08 12:00:00,6,99,0.0,0.0,0.0,0.4263,14.154,6.0,0,20.439546817397417,,0.0,0.0,0.0,0.0,47.37637458128587,optimal
2021-02-08 12:30:00,6,99,0.0,0.3096296296296296,0.0,0.2883,14.112,6.0,0,20.31888337247049,,0.0,0.0,0.0,278.66666666666663,47.29877178378614,optimal
2021-02-08 13:00:00,6,99,0.10378178145422408,0.0,0.0,0.2334333333333333,14.2485,6.0,0,20.189420052500367,,311.3453443626722,0.0,0.0,0.0,47.2212465890839,optimal
2021-02-08 13:30:00,6,99,1.3333333333333333,0.0,0.0,0.1584,12.789,6.0,0,20.075706325618043,,4000.0,0.0,0.0,0.0,47.14379891957636,optimal
2021-02-08 14:00:00,6,99,1.3333333333333333,0.0,0.0,0.439,13.0095,6.0,0,20.28258026649824,,4000.0,0.0,0.0,0.0,47.06642869773833,optimal
2021-02-08 14:30:00,6,99,1.3333333333333333,0.0,0.0,0.20296666666666666,12.1275,6.0,0,20.51381941291769,,4000.0,0.0,0.0,0.0,46.98913584612214,optimal
2021-02-08 15:00:00,6,99,1.3333333333333333,0.3096296296296296,0.0,0.09243333333333334,12.348,6.0,0,20.725700784174794,,4000.0,0.0,0.0,278.66666666666663,46.91192028735756,optimal
2021-02-08 15:30:00,6,99,1.3333333333333333,0.23222222222222222,0.0,0.1492666666666667,12.348,6.0,0,20.917340298896363,,4000.0,0.0,0.0,209.0,46.83478194415175,optimal
2021-02-08 16:00:00,6,99,0.0,0.1548148148148148,0.0,0.25053333333333333,25.389,6.0,0,21.11122251078561,,0.0,0.0,0.0,139.33333333333331,46.75772073928915,optimal
2021-02-08 16:30:00,6,99,0.0,0.0,0.0,0.30619999999999997,29.1375,6.0,0,20.944576979197784,,0.0,0.0,0.0,0.0,46.68073659563141,optimal
2021-02-08 17:00:00,6,99,0.0,0.1548148148148148,0.0,0.2555,30.597,6.0,0,20.77800169843318,,0.0,0.0,0.0,139.33333333333331,46.60382943611732,optimal
2021-02-08 17:30:00,6,99,0.0,0.0,0.0,0.2889,33.684,6.0,0,20.581326550609983,,0.0,0.0,0.0,0.0,46.526999183762754,optimal
2021-02-08 18:00:00,6,99,0.0,0.23222222222222222,0.0,0.20283333333333328,32.445,6.0,0,20.397575693612147,,0.0,0.0,0.0,209.0,46.45024576166054,optimal
2021-02-08 18:30:00,6,99,0.0,0.0,0.0,0.22076666666666667,28.917,6.0,0,20.197290016567027,,0.0,0.0,0.0,0.0,46.373569092980425,optimal
2021-02-08 19:00:00,6,99,0.7646227406518131,0.387037037037037,0.0,0.28896666666666665,15.876,6.0,0,20.0,,2293.8682219554394,0.0,0.0,348.3333333333333,46.296969100968994,optimal
2021-02-08 19:30:00,6,99,0.7795270344655673,0.23222222222222222,0.0,0.4662,12.348,6.0,0,20.0,,2338.5811033967016,0.0,0.0,209.0,46.22044570894957,optimal
2021-02-08 20:00:00,6,99,0.3121402171681996,0.0,0.0,2.5901666666666667,12.1275,6.0,0,20.0,,936.4206515045989,0.0,0.0,0.0,46.14399884032217,optimal
2021-02-08 20:30:00,6,99,0.0,0.0,0.0,0.4900333333333334,12.348,6.0,0,20.0,,0.0,0.0,0.0,0.0,46.067628418563395,optimal
2021-02-08 21:00:00,6,99,0.0,0.0,0.0,0.13119999999999998,12.1275,6.0,0,19.771019520497042,,0.0,0.0,0.0,0.0,45.99133436722638,optimal
2021-02-08 21:30:00,6,99,0.0,0.0,0.0,0.16886666666666666,12.1275,6.0,0,19.529617969891294,,0.0,0.0,0.0,0.0,45.915116609940696,optimal
2021-02-08 22:00:00,6,99,0.0,0.0,0.0,0.064,11.2665,6.0,0,19.296407473358766,,0.0,0.0,0.0,0.0,45.8389750704123,optimal
2021-02-08 22:30:00,6,99,0.0,0.0,0.0,0.1641,10.143,6.0,0,19.059156518654984,,0.0,0.0,0.0,0.0,45.76290967242344,optimal
2021-02-08 23:00:00,6,99,0.0,0.0,0.0,0.6922333333333334,11.2455,6.0,0,18.832807855517576,,0.0,0.0,0.0,0.0,45.717146762751014,optimal
2021-02-08 23:30:00,6,99,0.0,0.23222222222222222,0.0,0.08776666666666666,11.025,6.0,0,18.632712236242227,,0.0,0.0,0.0,209.0,45.67142961598827,optimal
2021-02-09 00:00:00,6,99,1.3333333333333333,0.0,0.0,0.062,10.8045,6.0,1,18.632712236242227,,4000.0,0.0,0.0,0.0,45.62575818637228,optimal
2021-02-09 00:30:00,6,99,1.3333333333333333,0.0,5.0,0.062,10.584,6.0,1,18.75674316442328,,4000.0,0.0,0.0,0.0,47.955132428185905,optimal
2021-02-09 01:00:00,6,99,1.3333333333333333,0.0,0.0,0.062,11.2455,6.0,1,18.879830975336127,,4000.0,0.0,0.0,0.0,47.90717729575772,optimal
2021-02-09 01:30:00,6,99,1.3333333333333333,0.0,0.0,0.062,12.1275,6.0,1,19.0019876838265,,4000.0,0.0,0.0,0.0,47.859270118461964,optimal
2021-02-09 02:00:00,6,99,1.3333333333333333,0.0,0.0,0.062,11.823,6.0,1,19.121314226152904,,4000.0,0.0,0.0,0.0,47.8114108483435,optimal
2021-02-09 02:30:00,6,99,1.3333333333333333,0.0,0.0,0.06766666666666667,11.7705,6.0,1,19.237846657227077,,4000.0,0.0,0.0,0.0,47.76359943749515,optimal
2021-02-09 03:00:00,6,99,1.3333333333333333,0.0,0.0,0.066,11.13,6.0,1,19.353531498163136,,4000.0,0.0,0.0,0.0,47.71583583805766,optimal
2021-02-09 03:30:00,6,99,1.3333333333333333,0.0,0.0,0.062,11.6865,6.0,1,19.4683795468386,,4000.0,0.0,0.0,0.0,47.6681200022196,optimal
2021-02-09 04:00:00,6,99,1.3333333333333333,0.0,0.0,0.062,10.7205,6.0,1,19.58303843874609,,4000.0,0.0,0.0,0.0,47.62045188221738,optimal
2021-02-09 04:30:00,6,99,1.3333333333333333,0.1548148148148148,0.0,0.19853333333333334,11.424,6.0,1,19.69751058364891,,4000.0,0.0,0.0,139.33333333333331,47.572831430335164,optimal
2021-02-09 05:00:00,6,99,1.3333333333333333,0.23222222222222222,0.9994555812529957,0.06,10.689,6.0,1,19.824837663819018,,4000.0,0.0,0.0,209.0,48.0,optimal
2021-02-09 05:30:00,6,99,1.3333333333333333,0.0774074074074074,0.0,0.06,11.361,6.0,1,19.983625221524537,,4000.0,0.0,0.0,69.66666666666666,47.84799038865817,optimal
2021-02-09 06:00:00,6,99,1.3333333333333333,0.6192592592592592,0.0,0.06,11.571,6.0,1,20.156498950833797,,4000.0,0.0,0.0,557.3333333333333,47.69613278692768,optimal
2021-02-09 06:30:00,6,99,1.3333333333333333,0.0,0.0,0.06,14.3745,6.0,1,20.33516815579565,,4000.0,0.0,0.0,0.0,47.54442704279892,optimal
2021-02-09 07:00:00,6,99,1.3333333333333333,0.0,0.0,0.8025666666666668,13.23,6.0,1,20.493411313024616,,4000.0,0.0,0.0,0.0,47.39287300441429,optimal
2021-02-09 07:30:00,6,99,1.3333333333333333,0.0,0.0,0.8018,13.9755,6.0,1,20.69808366431217,,4000.0,0.0,0.0,0.0,47.24147052006805,optimal
2021-02-09 08:00:00,6,99,0.08979979499702404,0.1548148148148148,0.0,0.11033333333333331,14.994,6.0,1,20.807518197841148,,269.3993849910721,0.0,0.0,139.33333333333331,47.09021943820615,optimal
2021-02-09 08:30:00,6,99,1.3333333333333333,0.0,0.0,0.06766666666666667,13.671,6.0,1,20.58372123530337,,4000.0,0.0,0.0,0.0,46.939119607426115,optimal
2021-02-09 09:00:00,6,99,0.0,0.0,0.0,0.071,15.981,6.0,1,20.66702304825626,,0.0,0.0,0.0,0.0,46.78817087647686,optimal
2021-02-09 09:30:00,6,99,0.0,0.0,0.0,0.062,15.6345,6.0,1,20.428035812516598,,0.0,0.0,0.0,0.0,46.63737309425856,optimal
2021-02-09 10:00:00,6,99,0.0,0.0,0.0,0.062,16.5375,6.0,1,20.195915006549708,,0.0,0.0,0.0,0.0,46.48672610982247,optimal
2021-02-09 10:30:00,6,99,1.3333333333333333,0.0,0.0,0.062,14.7735,6.0,1,20.0,,4000.0,0.0,0.0,0.0,46.33622977237082,optimal
2021-02-09 11:00:00,6,99,0.044744001404947484,0.0,0.0,0.07,15.2145,6.0,1,20.150097692259955,,134.23200421484245,0.0,0.0,0.0,46.18588393125662,optimal
2021-02-09 11:30:00,6,99,1.0703601913389675,0.0,0.0,0.065,14.553,6.0,1,20.0,,3211.0805740169026,0.0,0.0,0.0,46.03568843598353,optimal
2021-02-09 12:00:00,6,99,1.3333333333333333,0.0,0.0,0.062,14.3325,6.0,1,20.114238931413162,,4000.0,0.0,0.0,0.0,45.885643136205715,optimal
2021-02-09 12:30:00,6,99,1.3333333333333333,0.0,0.0,0.062,14.595,6.0,1,20.313960159726893,,4000.0,0.0,0.0,0.0,45.73574788172768,optimal
2021-02-09 13:00:00,6,99,1.3333333333333333,0.0,0.0,0.062,14.994,6.0,1,20.510500063580068,,4000.0,0.0,0.0,0.0,45.586002522504124,optimal
2021-02-09 13:30:00,6,99,1.3333333333333333,0.0,0.0,0.062,14.3325,6.0,1,20.708528113306162,,4000.0,0.0,0.0,0.0,45.43640690863979,optimal
2021-02-09 14:00:00,6,99,1.3333333333333333,0.0,0.0,0.062,13.8915,6.0,1,20.90339640882623,,4000.0,0.0,0.0,0.0,45.28696089038932,optimal
2021-02-09 14:30:00,6,99,1.3333333333333333,0.0,0.0,0.062,13.8915,6.0,1,21.08952434589217,,4000.0,0.0,0.0,0.0,45.1376643181571,optimal
2021-02-09 15:00:00,6,99,1.3333333333333333,0.0,0.0,0.062,13.4715,6.0,1,21.272644130278888,,4000.0,0.0,0.0,0.0,44.988517042497115,optimal
2021-02-09 15:30:00,6,99,1.3333333333333333,0.0,0.0,0.062,13.23,6.0,1,21.4306412912694,,4000.0,0.0,0.0,0.0,44.83951891411279,optimal
2021-02-09 16:00:00,6,99,1.3333333333333333,0.0,0.0,0.062,13.8915,6.0,1,21.586625646875472,,4000.0,0.0,0.0,0.0,44.69066978385685,optimal
2021-02-09 16:30:00,6,99,0.0,0.0,0.0,0.06766666666666667,26.9325,6.0,1,21.71020407857941,,0.0,0.0,0.0,0.0,44.54196950273116,optimal
2021-02-09 17:00:00,6,99,0.0,0.0,0.0,0.072,30.303,6.0,1,21.490602269045713,,0.0,0.0,0.0,0.0,44.3934179218866,optimal
2021-02-09 17:30:00,6,99,0.0,0.0,0.0,0.07033333333333333,32.886,6.0,1,21.241774727820687,,0.0,0.0,0.0,0.0,44.24501489262288,optimal
2021-02-09 18:00:00,6,99,0.0,0.0,0.0,0.062,34.9965,6.0,1,20.994843175577056,,0.0,0.0,0.0,0.0,44.09676026638843,optimal
2021-02-09 18:30:00,6,99,0.0,0.0,0.0,0.06233333333333334,33.327,6.0,1,20.740525574677775,,0.0,0.0,0.0,0.0,43.94865389478021,optimal
2021-02-09 19:00:00,6,99,0.0,0.0,0.0,0.072,31.122,6.0,1,20.49008482891835,,0.0,0.0,0.0,0.0,43.8006956295436,optimal
2021-02-09 19:30:00,6,99,0.0,0.0,0.0,0.07,17.9025,6.0,1,20.243471549089183,,0.0,0.0,0.0,0.0,43.652885322572224,optimal
2021-02-09 20:00:00,6,99,0.8168518303816401,0.0,0.0,0.1974,15.6555,6.0,1,20.0,,2450.5554911449203,0.0,0.0,0.0,43.50522282590782,optimal
2021-02-09 20:30:00,6,99,0.0,5.108888888888889,0.0,0.5936333333333333,14.553,6.0,1,20.0,,0.0,0.0,0.0,4598.0,43.357707991740085,optimal
2021-02-09 21:00:00,6,99,0.0,0.0,0.0,0.28196666666666664,14.3325,6.0,1,19.85398381662256,,0.0,0.0,0.0,0.0,43.21034067240652,optimal
2021-02-09 21:30:00,6,99,0.0,0.23222222222222222,0.0,0.3138,13.335,6.0,1,19.667274425558684,,0.0,0.0,0.0,209.0,43.16713033173411,optimal
2021-02-09 22:00:00,6,99,0.0,0.0,0.0,1.6556666666666668,12.1275,6.0,1,19.495001632149023,,0.0,0.0,0.0,0.0,43.123963201402375,optimal
2021-02-09 22:30:00,6,99,0.0,0.0,0.0,0.072,12.2955,6.0,1,19.386180477102275,,0.0,0.0,0.0,0.0,43.08083923820097,optimal
2021-02-09 23:00:00,6,99,0.0,0.0,0.0,0.072,11.6865,6.0,1,19.160917606145347,,0.0,0.0,0.0,0.0,43.03775839896277,optimal
2021-02-09 23:30:00,6,99,0.0,0.0,0.0,0.072,11.466,6.0,1,18.939161447494666,,0.0,0.0,0.0,0.0,42.99472064056381,optimal
2021-02-10 00:00:00,6,99,1.3333333333333333,0.0,0.0,0.1348,11.508,6.0,-2,18.939161447494666,,4000.0,0.0,0.0,0.0,42.95172591992325,optimal
2021-02-10 00:30:00,6,99,1.3333333333333333,0.0,0.0,0.058,11.508,6.0,-2,19.05584709277663,,4000.0,0.0,0.0,0.0,42.90877419400333,optimal
2021-02-10 01:00:00,6,99,1.3333333333333333,0.0,0.0,0.223,11.844,6.0,-2,19.16323789683339,,4000.0,0.0,0.0,0.0,42.865865419809325,optimal
2021-02-10 01:30:00,6,99,1.3333333333333333,0.0,0.0,0.1348,11.508,6.0,-2,19.282025338492115,,4000.0,0.0,0.0,0.0,42.82299955438952,optimal
2021-02-10 02:00:00,6,99,1.3333333333333333,0.0,0.0,0.208,11.508,6.0,-2,19.39052121698873,,4000.0,0.0,0.0,0.0,42.78017655483513,optimal
2021-02-10 02:30:00,6,99,1.3333333333333333,0.0,5.0,0.073,10.4475,6.0,-2,19.50258903643618,,4000.0,0.0,0.0,0.0,45.112396378280295,optimal
2021-02-10 03:00:00,6,99,1.3333333333333333,0.0,1.9812050875762865,0.1348,10.8675,6.0,-2,19.601742963754127,,4000.0,0.0,0.0,0.0,46.00835639850075,optimal
2021-02-10 03:30:00,6,99,1.3333333333333333,0.0,5.0,0.2155,10.542,6.0,-2,19.704891848097336,,4000.0,0.0,0.0,0.0,48.33734804210225,optimal
2021-02-10 04:00:00,6,99,1.3333333333333333,0.0,0.0,0.10816666666666669,11.025,6.0,-2,19.813592864222127,,4000.0,0.0,0.0,0.0,48.289010694060146,optimal
2021-02-10 04:30:00,6,99,1.3333333333333333,0.0,0.0,0.09213333333333334,11.025,6.0,-2,19.911776842364365,,4000.0,0.0,0.0,0.0,48.240721683366075,optimal
2021-02-10 05:00:00,6,99,1.3333333333333333,0.0,0.0,0.223,14.553,6.0,-2,20.006071891072864,,4000.0,0.0,0.0,0.0,48.192480961682705,optimal
2021-02-10 05:30:00,6,99,1.3333333333333333,0.0,0.0,0.1348,13.0935,6.0,-2,20.109026244719853,,4000.0,0.0,0.0,0.0,48.144288480721016,optimal
2021-02-10 06:00:00,6,99,1.3333333333333333,0.0,0.0,0.058,15.6345,6.0,-2,20.201890740884775,,4000.0,0.0,0.0,0.0,48.096144192240295,optimal
2021-02-10 06:30:00,6,99,0.0,0.387037037037037,0.0,0.061666666666666654,18.102,6.0,-2,20.285763865436888,,0.0,0.0,0.0,348.3333333333333,48.048048048048045,optimal
2021-02-10 07:00:00,6,99,1.3333333333333333,0.0,0.0,0.06733333333333333,17.199,6.0,-2,20.050438596563406,,4000.0,0.0,0.0,0.0,48.0,optimal
2021-02-10 07:30:00,6,99,0.3799372495176596,0.0,0.0,0.2317,18.2805,6.0,-2,20.147548005959948,,1139.8117485529788,0.0,0.0,0.0,47.92278866053025,optimal
2021-02-10 08:00:00,6,99,1.3333333333333333,0.0,0.0,0.1411,17.4615,6.0,-2,20.0,,4000.0,0.0,0.0,0.0,47.845654532399976,optimal
2021-02-10 08:30:00,6,99,0.645364115140822,0.0,0.0,0.058,18.3225,6.0,-2,20.09042625115925,,1936.0923454224662,0.0,0.0,0.0,47.76859753839783,optimal
2021-02-10 09:00:00,6,99,0.8844050245796922,0.0,0.0,0.1348,17.094,6.0,-2,20.0,,2653.2150737390766,0.0,0.0,0.0,47.69161760138968,optimal
2021-02-10 09:30:00,6,99,0.8700230031984033,0.0,0.0,0.153,17.094,6.0,-2,20.0,,2610.06900959521,0.0,0.0,0.0,47.614714644318546,optimal
2021-02-10 10:00:00,6,99,1.3333333333333333,0.0,0.0,0.21480000000000002,17.094,6.0,-2,20.0,,4000.0,0.0,0.0,0.0,47.53788859020448,optimal
2021-02-10 10:30:00,6,99,0.12686692078425116,0.0,0.0,0.08733333333333333,17.3565,6.0,-2,20.157145553200767,,380.60076235275346,0.0,0.0,0.0,47.46113936214453,optimal
2021-02-10 11:00:00,6,99,0.5819283093981427,0.3096296296296296,0.0,0.22153333333333333,17.115,6.0,-2,20.0,,1745.784928194428,0.0,0.0,278.66666666666663,47.38446688331264,optimal
2021-02-10 11:30:00,6,99,0.6484706320408433,0.0,0.0,0.10493333333333334,17.241,6.0,-2,20.0,,1945.4118961225297,0.0,0.0,0.0,47.30787107695958,optimal
2021-02-10 12:00:00,6,99,1.3333333333333333,0.0,0.0,0.058,17.094,6.0,-2,20.0,,4000.0,0.0,0.0,0.0,47.23135186641287,optimal
2021-02-10 12:30:00,6,99,1.3333333333333333,0.0,0.0,0.223,16.5165,6.0,-2,20.199864873670144,,4000.0,0.0,0.0,0.0,47.15490917507671,optimal
2021-02-10 13:00:00,6,99,0.396180945373647,0.0,0.0,0.13053333333333333,17.8185,6.0,-2,20.41122226155871,,1188.542836120941,0.0,0.0,0.0,47.078542926431886,optimal
2021-02-10 13:30:00,6,99,1.3333333333333333,0.0,0.0,0.19726666666666667,17.094,6.0,-2,20.368183594994672,,4000.0,0.0,0.0,0.0,47.002253044035704,optimal
2021-02-10 14:00:00,6,99,1.3333333333333333,0.0,0.0,0.088,16.8945,6.0,-2,20.573126175842074,,4000.0,0.0,0.0,0.0,46.92603945152192,optimal
2021-02-10 14:30:00,6,99,1.3333333333333333,0.0,0.0,0.1348,18.123,6.0,-2,20.76507203014256,,4000.0,0.0,0.0,0.0,46.849902072600656,optimal
2021-02-10 15:00:00,6,99,0.0,0.0,0.0,0.24409999999999998,31.647,6.0,-2,20.958554473528977,,0.0,0.0,0.0,0.0,46.77384083105831,optimal
2021-02-10 15:30:00,6,99,0.0,0.0,0.0,0.20776666666666668,34.9965,6.0,-2,20.806103552542712,,0.0,0.0,0.0,0.0,46.697855650757504,optimal
2021-02-10 16:00:00,6,99,0.0,0.3096296296296296,0.0,0.10996666666666668,34.9965,6.0,-2,20.664887596111832,,0.0,0.0,0.0,278.66666666666663,46.621946455637,optimal
2021-02-10 16:30:00,6,99,0.0,0.23222222222222222,0.0,0.109,34.9965,6.0,-2,20.494472718857185,,0.0,0.0,0.0,209.0,46.575324509181364,optimal
2021-02-10 17:00:00,6,99,0.0,0.0,0.0,0.22093333333333331,34.9965,6.0,-2,20.33952339470682,,0.0,0.0,0.0,0.0,46.52874918467218,optimal
2021-02-10 17:30:00,6,99,0.0,0.1548148148148148,0.0,0.4038,34.9965,6.0,-2,20.16294974272115,,0.0,0.0,0.0,139.33333333333331,46.482220435487505,optimal
2021-02-10 18:00:00,6,99,0.0,2.3070088007711735,0.0,0.2518666666666667,27.741,6.0,-2,20.0,,0.0,1936.9745873607226,0.0,139.33333333333331,46.43573821505202,optimal
2021-02-10 18:30:00,6,99,0.6317444607717138,0.23222222222222222,0.0,0.24566666666666662,19.026,6.0,-2,20.0,,1895.2333823151414,0.0,0.0,209.0,46.38930247683697,optimal
2021-02-10 19:00:00,6,99,0.5976640590898479,0.0,0.0,0.4268,18.7215,6.0,-2,20.0,,1792.9921772695436,0.0,0.0,0.0,46.34291317436013,optimal
2021-02-10 19:30:00,6,99,0.7287526969275728,0.3096296296296296,0.0,0.18030000000000002,17.4195,6.0,-2,20.0,,2186.2580907827187,0.0,0.0,278.66666666666663,46.29657026118577,optimal
2021-02-10 20:00:00,6,99,0.6528524458764038,0.0,0.0,0.32543333333333335,16.758,6.0,-2,20.0,,1958.5573376292111,0.0,0.0,0.0,46.25027369092459,optimal
2021-02-10 20:30:00,6,99,0.0,2.3222222222222215,0.0,0.35026666666666667,14.217,6.0,-2,20.0,,0.0,0.0,0.0,2089.9999999999995,46.204023417233664,optimal
2021-02-10 21:00:00,6,99,0.0,0.5418518518518518,0.0,1.8386333333333327,13.3665,6.0,-2,19.84057002959932,,0.0,0.0,0.0,487.6666666666667,46.15781939381643,optimal
2021-02-10 21:30:00,6,99,0.0,0.1548148148148148,0.0,0.4361666666666667,12.789,6.0,-2,19.694221142299185,,0.0,0.0,0.0,139.33333333333331,46.11166157442261,optimal
2021-02-10 22:00:00,6,99,0.0,0.0,0.0,0.14,11.907,6.0,-2,19.49062704904911,,0.0,0.0,0.0,0.0,46.06554991284819,optimal
2021-02-10 22:30:00,6,99,0.0,0.0,0.0,0.2522,11.7075,6.0,-2,19.213383012671763,,0.0,0.0,0.0,0.0,46.019484362935344,optimal
2021-02-10 23:00:00,6,99,0.0,0.0,0.0,0.2007,10.8045,6.0,-2,18.94362281305568,,0.0,0.0,0.0,0.0,45.97346487857241,optimal
2021-02-10 23:30:00,6,99,0.0,0.0,0.0,0.3055333333333334,11.508,6.0,-2,18.668010494814773,,0.0,0.0,0.0,0.0,45.927491413693836,optimal
2021-02-11 00:00:00,6,99,1.3333333333333333,0.0,0.0,0.057,11.6865,6.0,-2,18.668010494814773,,4000.0,0.0,0.0,0.0,45.881563922280144,optimal
2021-02-11 00:30:00,6,99,1.3333333333333333,0.0,0.0,0.057,11.2245,6.0,-2,18.736343919235235,,4000.0,0.0,0.0,0.0,45.835682358357865,optimal
2021-02-11 01:00:00,6,99,1.3333333333333333,0.0,0.0,0.057,11.025,6.0,-2,18.805080760105927,,4000.0,0.0,0.0,0.0,45.789846675999506,optimal
2021-02-11 01:30:00,6,99,1.3333333333333333,0.0,0.0,0.057,10.7835,6.0,-2,18.874215878101577,,4000.0,0.0,0.0,0.0,45.744056829323505,optimal
2021-02-11 02:00:00,6,99,1.3333333333333333,0.0,0.0,0.13726666666666668,11.025,6.0,-2,18.94247024901998,,4000.0,0.0,0.0,0.0,45.698312772494184,optimal
2021-02-11 02:30:00,6,99,1.3333333333333333,0.0,1.254775438788203,0.057,10.584,6.0,-2,19.016684421199656,,4000.0,0.0,0.0,0.0,46.24863279314608,optimal
2021-02-11 03:00:00,6,99,1.3333333333333333,0.0,0.0,0.06273333333333332,11.025,6.0,-2,19.08184986326614,,4000.0,0.0,0.0,0.0,46.20238416035293,optimal
2021-02-11 03:30:00,6,99,1.3333333333333333,0.0,5.0,0.13153333333333334,10.4265,6.0,-2,19.145398988753378,,4000.0,0.0,0.0,0.0,48.53118177619257,optimal
2021-02-11 04:00:00,6,99,1.3333333333333333,0.0,0.0,0.057,12.789,6.0,-2,19.217177115571925,,4000.0,0.0,0.0,0.0,48.48265059441637,optimal
2021-02-11 04:30:00,6,99,1.3333333333333333,0.0,0.0,0.13726666666666668,12.684,6.0,-2,19.284884181655478,,4000.0,0.0,0.0,0.0,48.434167943821954,optimal
2021-02-11 05:00:00,6,99,1.3333333333333333,0.0,0.0,0.05633333333333333,16.254,6.0,-2,19.358558021392163,,4000.0,0.0,0.0,0.0,48.38573377587813,optimal
2021-02-11 05:30:00,6,99,1.3333333333333333,0.0,0.0,0.08566666666666667,17.64,6.0,-2,19.428959182943707,,4000.0,0.0,0.0,0.0,48.33734804210225,optimal
2021-02-11 06:00:00,6,99,1.3333333333333333,0.0,0.0,0.10859999999999999,19.1625,6.0,-2,19.49959217224852,,4000.0,0.0,0.0,0.0,48.289010694060146,optimal
2021-02-11 06:30:00,6,99,0.0,0.0,0.0,0.057,26.46,6.0,-2,19.574461444800757,,0.0,0.0,0.0,0.0,48.240721683366075,optimal
2021-02-11 07:00:00,6,99,0.0,0.0,0.0,0.16996666666666665,20.79,6.0,-2,19.30683955051832,,0.0,0.0,0.0,0.0,48.192480961682705,optimal
2021-02-11 07:30:00,6,99,0.0,15.670978307037362,0.0,0.057,29.106,6.0,-2,19.057210186828197,,0.0,14103.880476333627,0.0,0.0,48.144288480721016,optimal
2021-02-11 08:00:00,6,99,1.3333333333333333,0.6192592592592592,0.0,0.37796666666666656,19.1835,6.0,-2,20.0,,4000.0,0.0,0.0,557.3333333333333,48.096144192240295,optimal
2021-02-11 08:30:00,6,99,0.3754096701097374,0.3096296296296296,0.0,1.1216333333333335,19.6665,6.0,-2,20.120893797832416,,1126.2290103292123,0.0,0.0,278.66666666666663,48.048048048048045,optimal
2021-02-11 09:00:00,6,99,0.7419754036315643,0.5418518518518518,0.0,0.3323666666666667,19.404,6.0,-2,20.0,,2225.9262108946928,0.0,0.0,487.6666666666667,48.0,optimal
2021-02-11 09:30:00,6,99,0.9501903939025852,0.0,0.0,0.067,19.047,6.0,-2,20.0,,2850.571181707756,0.0,0.0,0.0,47.709837876212006,optimal
2021-02-11 10:00:00,6,99,1.3333333333333333,0.0,0.0,0.067,18.858,6.0,-2,20.0,,4000.0,0.0,0.0,0.0,47.4199659145478,optimal
2021-02-11 10:30:00,6,99,0.12830134621523936,0.0,0.0,0.14726666666666668,19.2675,6.0,-2,20.15518727959619,,384.90403864571806,0.0,0.0,0.0,47.13038382484526,optimal
2021-02-11 11:00:00,6,99,0.6725453934289993,0.0,0.0,0.067,18.963,6.0,-2,20.0,,2017.636180286998,0.0,0.0,0.0,46.841091317232426,optimal
2021-02-11 11:30:00,6,99,1.1525965715079074,0.0,0.0,0.067,18.438,6.0,-2,20.0,,3457.789714523722,0.0,0.0,0.0,46.5520881021272,optimal
2021-02-11 12:00:00,6,99,0.0,0.0,0.0,0.067,18.7425,6.0,-2,20.132087197461633,,0.0,0.0,0.0,0.0,46.263373890237084,optimal
2021-02-11 12:30:00,6,99,1.3333333333333333,0.0,0.0,0.14153333333333334,15.2145,6.0,-2,20.0,,4000.0,0.0,0.0,0.0,45.97494839255886,optimal
2021-02-11 13:00:00,6,99,1.3333333333333333,0.0,0.0,0.07273333333333333,17.7765,6.0,-2,20.224549687059692,,4000.0,0.0,0.0,0.0,45.686811320378304,optimal
2021-02-11 13:30:00,6,99,1.3333333333333333,0.0,0.0,0.067,16.758,6.0,-2,20.436101419396508,,4000.0,0.0,0.0,0.0,45.39896238526993,optimal
2021-02-11 14:00:00,6,99,1.3333333333333333,0.0,0.0,0.1358,16.422,6.0,-2,20.64574422890248,,4000.0,0.0,0.0,0.0,45.11140129909667,optimal
2021-02-11 14:30:00,6,99,1.3333333333333333,0.0,0.0,0.07846666666666667,16.758,6.0,-2,20.86248906284025,,4000.0,0.0,0.0,0.0,44.82412777400958,optimal
2021-02-11 15:00:00,6,99,0.0,0.0,0.0,0.067,29.358,6.0,-2,21.067135757515985,,0.0,0.0,0.0,0.0,44.537141522447584,optimal
2021-02-11 15:30:00,6,99,0.0,0.0,0.0,0.067,34.9965,6.0,-2,20.900594876873093,,0.0,0.0,0.0,0.0,44.250442257137145,optimal
2021-02-11 16:00:00,6,99,0.0,0.0,0.0,0.14153333333333334,34.65,6.0,-2,20.721525215343213,,0.0,0.0,0.0,0.0,43.964029691092016,optimal
2021-02-11 16:30:00,6,99,0.0,0.0,0.0,0.07273333333333333,34.9965,6.0,-2,20.50733169643761,,0.0,0.0,0.0,0.0,43.677903537612934,optimal
2021-02-11 17:00:00,6,99,0.0,0.1548148148148148,0.0,0.33563333333333334,34.9965,6.0,-2,20.278547633706044,,0.0,0.0,0.0,139.33333333333331,43.39206351028733,optimal
2021-02-11 17:30:00,6,99,0.0,2.152750038990668,0.0,0.3494333333333333,30.4815,6.0,-2,20.039670126280747,,0.0,1867.8083684249348,0.0,69.66666666666666,43.34867144677704,optimal
2021-02-11 18:00:00,6,99,0.0,2.8059142646290978,0.0,0.344,21.4305,6.0,-2,20.0,,0.0,2525.3228381661884,0.0,0.0,43.30532277533026,optimal
2021-02-11 18:30:00,6,99,0.8788089813703297,0.0774074074074074,0.0,0.339,14.3325,6.0,-2,20.0,,2636.426944110989,0.0,0.0,69.66666666666666,43.26201745255493,optimal
2021-02-11 19:00:00,6,99,1.3333333333333333,0.23222222222222222,0.0,0.4543666666666667,13.692,6.0,-2,20.0,,4000.0,0.0,0.0,209.0,43.21875543510237,optimal
2021-02-11 19:30:00,6,99,0.49701824803082567,0.0,0.0,0.3594333333333333,14.007,6.0,-2,20.12138526108063,,1491.054744092477,0.0,0.0,0.0,43.175536679667275,optimal
2021-02-11 20:00:00,6,99,0.7990442988466779,0.0,0.0,0.9013,12.873,6.0,-2,20.0,,2397.132896540034,0.0,0.0,0.0,43.132361142987605,optimal
2021-02-11 20:30:00,6,99,0.0,0.0,0.0,0.8128333333333334,12.684,6.0,-2,20.0,,0.0,0.0,0.0,0.0,43.08922878184462,optimal
2021-02-11 21:00:00,6,99,0.0,0.3096296296296296,0.0,0.2509333333333333,12.306,6.0,-2,19.773980449906563,,0.0,0.0,0.0,278.66666666666663,43.04613955306277,optimal
2021-02-11 21:30:00,6,99,0.0,0.23222222222222222,0.0,0.1707,10.6365,6.0,-2,19.508446800054664,,0.0,0.0,0.0,209.0,43.00309341350971,optimal
2021-02-11 22:00:00,6,99,0.0,0.0,0.0,0.07273333333333333,11.2455,6.0,-2,19.232583852559667,,0.0,0.0,0.0,0.0,42.9600903200962,optimal
2021-02-11 22:30:00,6,99,0.0,0.0,0.0,0.067,11.2455,6.0,-2,18.932223582898523,,0.0,0.0,0.0,0.0,42.917130229776106,optimal
2021-02-11 23:00:00,6,99,0.0,0.0,0.0,0.14726666666666668,11.025,6.0,-2,18.627558242698864,,0.0,0.0,0.0,0.0,42.87421309954633,optimal
2021-02-11 23:30:00,6,99,0.0,0.0,0.0,0.06366666666666666,12.0855,6.0,-2,18.325959813626913,,0.0,0.0,0.0,0.0,42.83133888644679,optimal
2021-02-12 00:00:00,6,99,1.3333333333333333,0.0,0.0,0.051,10.8045,6.0,-1,18.325959813626913,,4000.0,0.0,0.0,0.0,42.78850754756034,optimal
2021-02-12 00:30:00,6,99,1.3333333333333333,0.0,0.0,0.051,11.025,6.0,-1,18.35734835987371,,4000.0,0.0,0.0,0.0,42.74571904001278,optimal
2021-02-12 01:00:00,6,99,1.3333333333333333,0.0,0.0,0.051,10.3635,6.0,-1,18.388337031625937,,4000.0,0.0,0.0,0.0,42.70297332097277,optimal
2021-02-12 01:30:00,6,99,1.3333333333333333,0.0,0.0,0.051,10.8045,6.0,-1,18.41893092308611,,4000.0,0.0,0.0,0.0,42.660270347651796,optimal
2021-02-12 02:00:00,6,99,1.3333333333333333,0.0,2.6242082489656284,0.051,10.059,6.0,-1,18.45040901390851,,4000.0,0.0,0.0,0.0,43.864108995562816,optimal
2021-02-12 02:30:00,6,99,1.3333333333333333,0.0,0.0,0.06346666666666667,10.584,6.0,-1,18.482760039832275,,4000.0,0.0,0.0,0.0,43.82024488656725,optimal
2021-02-12 03:00:00,6,99,1.3333333333333333,0.0,5.0,0.17566666666666667,9.4185,6.0,-1,18.519581482081144,,4000.0,0.0,0.0,0.0,46.15142464168068,optimal
2021-02-12 03:30:00,6,99,1.3333333333333333,0.0,0.0,0.051,10.3635,6.0,-1,18.56930200004883,,4000.0,0.0,0.0,0.0,46.10527321703899,optimal
2021-02-12 04:00:00,6,99,1.3333333333333333,0.0,5.0,0.18813333333333332,9.8385,6.0,-1,18.616699742902124,,4000.0,0.0,0.0,0.0,48.434167943821954,optimal
2021-02-12 04:30:00,6,99,1.3333333333333333,0.0,0.0,0.051,11.067,6.0,-1,18.684079028622754,,4000.0,0.0,0.0,0.0,48.38573377587813,optimal
2021-02-12 05:00:00,6,99,1.3333333333333333,0.0,0.0,0.15073333333333333,10.8465,6.0,-1,18.747849874010747,,4000.0,0.0,0.0,0.0,48.33734804210225,optimal
2021-02-12 05:30:00,6,99,1.3333333333333333,0.0,0.0,0.0884,13.671,6.0,-1,18.82821157321484,,4000.0,0.0,0.0,0.0,48.289010694060146,optimal
2021-02-12 06:00:00,6,99,1.3333333333333333,0.0,0.0,0.05333333333333334,12.348,6.0,-1,18.912437600642328,,4000.0,0.0,0.0,0.0,48.240721683366075,optimal
2021-02-12 06:30:00,6,99,1.3333333333333333,0.0,0.0,0.19813333333333333,14.3325,6.0,-1,19.002600129239823,,4000.0,0.0,0.0,0.0,48.192480961682705,optimal
2021-02-12 07:00:00,6,99,1.3333333333333333,0.6192592592592592,0.0,0.292,15.393,6.0,-1,19.104555696471024,,4000.0,0.0,0.0,557.3333333333333,48.144288480721016,optimal
2021-02-12 07:30:00,6,99,1.3333333333333333,8.50821134961068,0.0,0.41193333333333326,13.587,6.0,-1,19.22966012132902,,4000.0,7448.390214649612,0.0,209.0,48.096144192240295,optimal
2021-02-12 08:00:00,6,99,0.8169612385819957,0.46444444444444444,0.0,0.2361,16.1385,6.0,-1,20.0,,2450.883715745987,0.0,0.0,418.0,48.048048048048045,optimal
2021-02-12 08:30:00,6,99,0.8024765932966258,1.7803703703703702,0.0,0.37656666666666666,14.595,6.0,-1,20.0,,2407.4297798898774,0.0,0.0,1602.3333333333333,48.0,optimal
2021-02-12 09:00:00,6,99,0.7398993343272818,0.3096296296296296,0.0,0.5074,14.637,6.0,-1,20.0,,2219.6980029818455,0.0,0.0,278.66666666666663,47.79787258941421,optimal
2021-02-12 09:30:00,6,99,0.7317193213553081,0.0,0.0,0.226,13.9125,6.0,-1,20.0,,2195.1579640659243,0.0,0.0,0.0,47.59594730623901,optimal
2021-02-12 10:00:00,6,99,0.4840906082865099,0.0,0.0,0.3569,13.3665,6.0,-1,20.0,,1452.2718248595297,0.0,0.0,0.0,47.39422394834698,optimal
2021-02-12 10:30:00,6,99,0.9755302777679654,0.0,0.0,0.2482666666666667,13.0095,6.0,-1,20.0,,2926.5908333038965,0.0,0.0,0.0,47.19270231381285,optimal
2021-02-12 11:00:00,6,99,0.0,0.0,0.0,0.283,13.8915,6.0,-1,20.11170640611063,,0.0,0.0,0.0,0.0,46.99138220091325,optimal
2021-02-12 11:30:00,6,99,0.4463440393387368,0.1548148148148148,0.0,0.3413333333333333,13.188,6.0,-1,20.0,,1339.0321180162102,0.0,0.0,139.33333333333331,46.79026340812655,optimal
2021-02-12 12:00:00,6,99,1.3333333333333333,0.387037037037037,0.0,0.1281,12.5685,6.0,-1,20.0,,4000.0,0.0,0.0,348.3333333333333,46.589345734132635,optimal
2021-02-12 12:30:00,6,99,1.3333333333333333,0.0,0.0,0.06653333333333333,12.285,6.0,-1,20.21947798964183,,4000.0,0.0,0.0,0.0,46.388628977812715,optimal
2021-02-12 13:00:00,6,99,1.3333333333333333,0.0,0.0,0.1899,11.487,6.0,-1,20.432806521576033,,4000.0,0.0,0.0,0.0,46.18811293824911,optimal
2021-02-12 13:30:00,6,99,1.3333333333333333,0.0,0.0,0.1196,11.802,6.0,-1,20.65774655224202,,4000.0,0.0,0.0,0.0,45.98779741472508,optimal
2021-02-12 14:00:00,6,99,1.3333333333333333,0.0,0.0,0.2713333333333333,11.2245,6.0,-1,20.874789176160345,,4000.0,0.0,0.0,0.0,45.78768220672457,optimal
2021-02-12 14:30:00,6,99,1.3333333333333333,0.23222222222222222,0.0,0.1355,11.025,6.0,-1,21.10999224978344,,4000.0,0.0,0.0,209.0,45.58776711393206,optimal
2021-02-12 15:00:00,6,99,1.3333333333333333,0.0,0.0,0.07,11.907,6.0,-1,21.331568709795484,,4000.0,0.0,0.0,0.0,45.388051936232344,optimal
2021-02-12 15:30:00,6,99,0.0,0.0,0.0,0.061,25.83,6.0,-1,21.50505570284046,,0.0,0.0,0.0,0.0,45.18853647371032,optimal
2021-02-12 16:00:00,6,99,0.0,0.0,0.0,0.19813333333333333,28.035,6.0,-1,21.319256867793,,0.0,0.0,0.0,0.0,44.989220526650826,optimal
2021-02-12 16:30:00,6,99,0.0,0.0,0.0,0.061,28.119,6.0,-1,21.11317921338629,,0.0,0.0,0.0,0.0,44.79010389553839,optimal
2021-02-12 17:00:00,6,99,0.0,0.0,0.0,0.061,30.156,6.0,-1,20.89423732079735,,0.0,0.0,0.0,0.0,44.591186381057064,optimal
2021-02-12 17:30:00,6,99,0.0,0.0,0.0,0.14203333333333334,29.1585,6.0,-1,20.644505304912563,,0.0,0.0,0.0,0.0,44.39246778409022,optimal
2021-02-12 18:00:00,6,99,0.0,0.0,0.0,0.1171,26.712,6.0,-1,20.403575358918225,,0.0,0.0,0.0,0.0,44.19394790572034,optimal
2021-02-12 18:30:00,6,99,0.22626508936349923,0.0,0.0,0.3873333333333333,15.435,6.0,-1,20.14909383978115,,678.7952680904978,0.0,0.0,0.0,43.99562654722884,optimal
2021-02-12 19:00:00,6,99,0.8444307257565042,0.0,0.0,0.197,13.566,6.0,-1,20.0,,2533.2921772695126,0.0,0.0,0.0,43.79750351009582,optimal
2021-02-12 19:30:00,6,99,0.7945550697804938,0.0,0.0,0.2526,12.789,6.0,-1,20.0,,2383.6652093414814,0.0,0.0,0.0,43.59957859599994,optimal
2021-02-12 20:00:00,6,99,0.7945683026933621,0.1548148148148148,0.0,0.2622,12.1275,6.0,-1,20.0,,2383.704908080086,0.0,0.0,139.33333333333331,43.40185160681815,optimal
2021-02-12 20:30:00,6,99,0.0,0.0,0.0,0.12956666666666666,13.671,6.0,-1,20.0,,0.0,0.0,0.0,0.0,43.204322344625545,optimal
2021-02-12 21:00:00,6,99,0.0,0.0,0.0,0.12956666666666666,10.668,6.0,-1,19.74598775527043,,0.0,0.0,0.0,0.0,43.00699061169513,optimal
2021-02-12 21:30:00,6,99,0.0,0.0,0.0,0.061,11.7285,6.0,-1,19.493300574895986,,0.0,0.0,0.0,0.0,42.80985621049765,optimal
2021-02-12 22:00:00,6,99,0.0,0.0,0.0,0.19813333333333333,11.025,6.0,-1,19.238635621847227,,0.0,0.0,0.0,0.0,42.61291894370137,optimal
2021-02-12 22:30:00,6,99,0.0,0.0,0.0,0.061,10.689,6.0,-1,18.99951966316465,,0.0,0.0,0.0,0.0,42.416178614171876,optimal
2021-02-12 23:00:00,6,99,0.0,0.0,0.0,0.11086666666666666,8.1585,6.0,-1,18.751782208940714,,0.0,0.0,0.0,0.0,42.219635024971915,optimal
2021-02-12 23:30:00,6,99,0.0,0.23222222222222222,0.0,1.2772333333333332,10.3635,6.0,-1,18.51144361201945,,0.0,0.0,0.0,209.0,42.177415389946944,optimal
2021-02-13 00:00:00,6,99,1.3333333333333333,0.0,5.0,0.054,7.056,6.0,1,18.51144361201945,,4000.0,0.0,0.0,0.0,44.510237974557,optimal
2021-02-13 00:30:00,6,99,1.3333333333333333,0.0,0.0,0.0654,9.3975,6.0,1,18.62493278328559,,4000.0,0.0,0.0,0.0,44.465727736582444,optimal
2021-02-13 01:00:00,6,99,0.0,0.0,0.0,0.168,10.059,6.0,1,18.7385830801272,,0.0,0.0,0.0,0.0,44.421262008845865,optimal
2021-02-13 01:30:00,6,99,1.3333333333333333,0.0,0.0,0.054,9.261,6.0,1,18.519820055615607,,4000.0,0.0,0.0,0.0,44.37684074683702,optimal
2021-02-13 02:00:00,6,99,1.3333333333333333,0.0,0.0,0.1281,8.1585,6.0,1,18.635113440673354,,4000.0,0.0,0.0,0.0,44.33246390609018,optimal
2021-02-13 02:30:00,6,99,1.3333333333333333,0.0,0.0,0.10529999999999999,9.4815,6.0,1,18.755879670039093,,4000.0,0.0,0.0,0.0,44.288131442184095,optimal
2021-02-13 03:00:00,6,99,1.3333333333333333,0.0,0.0,0.054,8.379,6.0,1,18.873167505414653,,4000.0,0.0,0.0,0.0,44.24384331074191,optimal
2021-02-13 03:30:00,6,99,1.3333333333333333,0.0,0.0,0.111,9.5235,6.0,1,18.98459639457587,,4000.0,0.0,0.0,0.0,44.19959946743116,optimal
2021-02-13 04:00:00,6,99,1.3333333333333333,0.0,0.0,0.12240000000000001,8.1375,6.0,1,19.098818490312745,,4000.0,0.0,0.0,0.0,44.15539986796373,optimal
2021-02-13 04:30:00,6,99,1.3333333333333333,0.0,0.0,0.054,10.0905,6.0,1,19.211918424181857,,4000.0,0.0,0.0,0.0,44.11124446809577,optimal
2021-02-13 05:00:00,6,99,1.3333333333333333,0.0,5.0,0.06066666666666666,7.539,6.0,1,19.31648389413119,,4000.0,0.0,0.0,0.0,46.44213322362767,optimal
2021-02-13 05:30:00,6,99,1.3333333333333333,0.0774074074074074,3.782715518481409,0.06333333333333334,7.938,6.0,1,19.418443301561407,,4000.0,0.0,0.0,69.66666666666666,48.192480961682705,optimal
2021-02-13 06:00:00,6,99,1.3333333333333333,2.7092592592592597,0.0,0.15286666666666668,8.274,6.0,1,19.51984347719631,,4000.0,0.0,0.0,2438.3333333333335,48.144288480721016,optimal
2021-02-13 06:30:00,6,99,1.3333333333333333,0.9288888888888889,0.0,0.09620000000000001,9.261,6.0,1,19.640867558579362,,4000.0,0.0,0.0,836.0,48.096144192240295,optimal
2021-02-13 07:00:00,6,99,1.3333333333333333,0.5418518518518518,0.0,0.062,9.9225,6.0,1,19.760966434143935,,4000.0,0.0,0.0,487.6666666666667,48.048048048048045,optimal
2021-02-13 07:30:00,6,99,1.3333333333333333,2.631851851851852,0.0,2.5049,9.702,6.0,1,19.87119548772582,,4000.0,0.0,0.0,2368.6666666666665,48.0,optimal
2021-02-13 08:00:00,6,99,1.3333333333333333,0.0774074074074074,0.0,3.5272666666666668,10.584,6.0,1,20.02794186720433,,4000.0,0.0,0.0,69.66666666666666,47.41329830427,optimal
2021-02-13 08:30:00,6,99,1.3333333333333333,1.5883999999999998,0.0,0.27126666666666666,10.143,6.0,1,20.173825022029416,,4000.0,0.0,0.0,1429.56,46.82718331023573,optimal
2021-02-13 09:00:00,6,99,0.0,0.0,0.0,0.14780000000000001,13.0095,6.0,1,20.286063814171087,,0.0,0.0,0.0,0.0,46.2416544311955,optimal
2021-02-13 09:30:00,6,99,1.3333333333333333,3.752711111111111,0.0,2.4572,11.025,6.0,1,20.037495895286984,,4000.0,0.0,0.0,3377.44,45.65671108103431,optimal
2021-02-13 10:00:00,6,99,0.0,0.387037037037037,0.0,2.3486666666666665,12.789,6.0,1,20.17838436828627,,0.0,0.0,0.0,348.3333333333333,45.072352674223275,optimal
2021-02-13 10:30:00,6,99,1.3333333333333333,0.0,0.0,0.10959999999999999,12.1275,6.0,1,20.017307578915627,,4000.0,0.0,0.0,0.0,44.48857862581905,optimal
2021-02-13 11:00:00,6,99,1.3333333333333333,0.0,0.0,0.1438,12.1695,6.0,1,20.152374725089235,,4000.0,0.0,0.0,0.0,43.90538835146324,optimal
2021-02-13 11:30:00,6,99,1.3333333333333333,0.0,0.0,0.064,12.306,6.0,1,20.32497697624478,,4000.0,0.0,0.0,0.0,43.32278126738178,optimal
2021-02-13 12:00:00,6,99,0.0,0.0,0.0,0.0925,13.23,6.0,1,20.48922771293103,,0.0,0.0,0.0,0.0,42.740756790384395,optimal
2021-02-13 12:30:00,6,99,0.0,0.0,0.0,0.16090000000000002,13.671,6.0,1,20.328663957092672,,0.0,0.0,0.0,0.0,42.15931433786401,optimal
2021-02-13 13:00:00,6,99,0.0,0.0,0.0,0.064,13.9335,6.0,1,20.177239330699898,,0.0,0.0,0.0,0.0,41.57845332779615,optimal
2021-02-13 13:30:00,6,99,0.7100323634809796,0.0,0.0,0.0925,13.293,6.0,1,20.027385961465452,,2130.0970904429387,0.0,0.0,0.0,40.998173178738355,optimal
2021-02-13 14:00:00,6,99,1.3333333333333333,0.0,0.0,0.16090000000000002,12.1065,6.0,1,20.064375496394355,,4000.0,0.0,0.0,0.0,40.41847330982962,optimal
2021-02-13 14:30:00,6,99,1.3333333333333333,0.1548148148148148,0.0,0.3013,11.571,6.0,1,20.240302626972262,,4000.0,0.0,0.0,139.33333333333331,39.8393531407898,optimal
2021-02-13 15:00:00,6,99,1.3333333333333333,0.0,0.0,0.3434,11.025,6.0,1,20.428675249877724,,4000.0,0.0,0.0,0.0,39.26081209191901,optimal
2021-02-13 15:30:00,6,99,1.3333333333333333,1.6255555555555554,0.0,0.218,10.8465,6.0,1,20.614958091285644,,4000.0,0.0,0.0,1463.0,38.68284958409709,optimal
2021-02-13 16:00:00,6,99,1.3333333333333333,0.1548148148148148,0.0,0.3204666666666666,11.2455,6.0,1,20.792959644538715,,4000.0,0.0,0.0,139.33333333333331,38.105465038782995,optimal
2021-02-13 16:30:00,6,99,0.0,0.46444444444444444,0.0,0.422,23.8665,6.0,1,20.962591856213457,,0.0,0.0,0.0,418.0,37.528657878014215,optimal
2021-02-13 17:00:00,6,99,0.0,0.0774074074074074,0.0,0.5861333333333333,27.4575,6.0,1,20.82082039953151,,0.0,0.0,0.0,69.66666666666666,36.952427524406204,optimal
2021-02-13 17:30:00,6,99,0.0,0.3096296296296296,0.0,2.466133333333333,27.3735,6.0,1,20.6522910112865,,0.0,0.0,0.0,278.66666666666663,36.3767734011518,optimal
2021-02-13 18:00:00,6,99,0.0,0.0,0.0,0.5552,30.4605,6.0,1,20.48138448317556,,0.0,0.0,0.0,0.0,35.80169493202065,optimal
2021-02-13 18:30:00,6,99,0.0,0.387037037037037,0.0,0.2656,30.0195,6.0,1,20.318104239892232,,0.0,0.0,0.0,348.3333333333333,35.76589323708863,optimal
2021-02-13 19:00:00,6,99,0.0,0.0,0.0,0.3452,26.9325,6.0,1,20.155555836861257,,0.0,0.0,0.0,0.0,35.73012734385154,optimal
2021-02-13 19:30:00,6,99,0.6884106253360478,0.0,0.0,0.1812,14.595,6.0,1,20.0,,2065.2318760081434,0.0,0.0,0.0,35.69439721650769,optimal
2021-02-13 20:00:00,6,99,0.6764238582489059,0.0774074074074074,0.0,2.3234,12.4845,6.0,1,20.0,,2029.271574746718,0.0,0.0,69.66666666666666,35.65870281929118,optimal
2021-02-13 20:30:00,6,99,0.0,0.0,0.0,0.43660000000000004,12.1275,6.0,1,20.0,,0.0,0.0,0.0,0.0,35.62304411647189,optimal
2021-02-13 21:00:00,6,99,0.0,0.0,0.0,2.409333333333333,12.1275,6.0,1,19.816912330696745,,0.0,0.0,0.0,0.0,35.58742107235542,optimal
2021-02-13 21:30:00,6,99,0.0,0.0,0.0,2.3386,12.789,6.0,1,19.640184368958707,,0.0,0.0,0.0,0.0,35.55183365128306,optimal
2021-02-13 22:00:00,6,99,0.0,0.0,0.0,0.15519999999999998,11.907,6.0,1,19.464015829446605,,0.0,0.0,0.0,0.0,35.51628181763178,optimal
2021-02-13 22:30:00,6,99,0.0,0.0,0.0,0.064,11.025,6.0,1,19.234071259701345,,0.0,0.0,0.0,0.0,35.48076553581414,optimal
2021-02-13 23:00:00,6,99,0.0,0.0,0.0,0.1894,8.2005,6.0,1,18.99993347602342,,0.0,0.0,0.0,0.0,35.44528477027833,optimal
2021-02-13 23:30:00,6,99,0.0,0.0,0.0,0.05966666666666666,9.5655,6.0,1,18.780084873674216,,0.0,0.0,0.0,0.0,35.40983948550805,optimal
2021-02-07 00:00:00,7,99,0.0,0.0,0.0,0.061,8.274,6.0,-2,21.0,,0.0,0.0,0.0,0.0,47.952,optimal
2021-02-07 00:30:00,7,99,1.3333333333333333,0.0,0.0,0.10023333333333331,7.7175,6.0,-2,20.783988078316995,,4000.0,0.0,0.0,0.0,47.904047999999996,optimal
2021-02-07 01:00:00,7,99,1.3333333333333333,0.0,0.0,0.08596666666666666,6.615,6.0,-2,20.913124143278747,,4000.0,0.0,0.0,0.0,47.856143952,optimal
2021-02-07 01:30:00,7,99,1.3333333333333333,0.0,0.0,0.22836666666666666,6.174,6.0,-2,21.038127277872256,,4000.0,0.0,0.0,0.0,47.80828780804799,optimal
2021-02-07 02:00:00,7,99,1.3333333333333333,0.0,0.0,0.07883333333333332,3.906,6.0,-2,21.173016777304916,,4000.0,0.0,0.0,0.0,47.76047952023995,optimal
2021-02-07 02:30:00,7,99,1.3333333333333333,0.0,0.0,0.1536,2.3415,6.0,-2,21.29282813309582,,4000.0,0.0,0.0,0.0,47.712719040719705,optimal
2021-02-07 03:00:00,7,99,1.3333333333333333,0.0,0.0,0.1536,2.205,6.0,-2,21.416200572960555,,4000.0,0.0,0.0,0.0,47.66500632167899,optimal
2021-02-07 03:30:00,7,99,1.3333333333333333,0.0,1.4140407972691318,0.061,0.882,6.0,-2,21.53672735884723,,4000.0,0.0,0.0,0.0,48.289010694060146,optimal
2021-02-07 04:00:00,7,99,1.3333333333333333,0.0,0.0,1.0463333333333333,1.5435,6.0,-2,21.647203033205283,,4000.0,0.0,0.0,0.0,48.240721683366075,optimal
2021-02-07 04:30:00,7,99,1.3333333333333333,0.0,0.0,0.061,1.5435,6.0,-2,21.771009958018762,,4000.0,0.0,0.0,0.0,48.192480961682705,optimal
2021-02-07 05:00:00,7,99,1.3333333333333333,0.0,0.0,0.061,5.0715,6.0,-2,21.877864013211465,,4000.0,0.0,0.0,0.0,48.144288480721016,optimal
2021-02-07 05:30:00,7,99,1.3333333333333333,0.0,0.0,0.19626666666666667,5.376,6.0,-2,21.98335680079472,,4000.0,0.0,0.0,0.0,48.096144192240295,optimal
2021-02-07 06:00:00,7,99,1.3333333333333333,0.0,0.0,0.11093333333333334,5.0715,6.0,-2,22.09901455519165,,4000.0,0.0,0.0,0.0,48.048048048048045,optimal
2021-02-07 06:30:00,7,99,1.3333333333333333,0.23222222222222222,0.0,0.13873333333333332,5.5125,6.0,-2,22.20593847201115,,4000.0,0.0,0.0,209.0,48.0,optimal
2021-02-07 07:00:00,7,99,0.28184049852319215,0.387037037037037,0.0,0.33426666666666666,9.261,6.0,-2,22.326816316810913,,845.5214955695765,0.0,0.0,348.3333333333333,47.60741999629835,optimal
2021-02-07 07:30:00,7,99,0.0,0.5418518518518518,0.0,0.26253333333333334,11.7075,6.0,-2,22.199132930884964,,0.0,0.0,0.0,487.6666666666667,47.2152325726004,optimal
2021-02-07 08:00:00,7,99,0.0,2.1674074074074072,0.0,0.2143333333333333,12.348,6.0,-2,22.0,,0.0,0.0,0.0,1950.6666666666667,46.82343733632615,optimal
2021-02-07 08:30:00,7,99,0.0,0.0,0.0,0.1688,12.348,6.0,-2,21.80114699409729,,0.0,0.0,0.0,0.0,46.43203389528817,optimal
2021-02-07 09:00:00,7,99,0.0,0.0,0.0,0.1584,12.1275,6.0,-2,21.555579552864476,,0.0,0.0,0.0,0.0,46.041021857691234,optimal
2021-02-07 09:30:00,7,99,0.0,0.0,0.0,0.071,12.5265,6.0,-2,21.321868480415887,,0.0,0.0,0.0,0.0,45.65040083213189,optimal
2021-02-07 10:00:00,7,99,1.3333333333333333,0.0,0.0,0.192,11.7495,6.0,-2,21.08433549277385,,4000.0,0.0,0.0,0.0,45.26017042759811,optimal
2021-02-07 10:30:00,7,99,0.0,0.0,0.0,0.11023333333333332,13.23,6.0,-2,21.21365680824674,,0.0,0.0,0.0,0.0,44.870330253468865,optimal
2021-02-07 11:00:00,7,99,0.0,0.387037037037037,0.0,2.0481333333333334,14.3325,6.0,-2,20.992767768449966,,0.0,0.0,0.0,348.3333333333333,44.48087991951375,optimal
2021-02-07 11:30:00,7,99,0.0,0.23222222222222222,0.0,2.9126666666666665,14.994,6.0,-2,20.844839418614303,,0.0,0.0,0.0,209.0,44.091819035892584,optimal
2021-02-07 12:00:00,7,99,0.0,0.387037037037037,0.0,1.1491666666666667,14.8155,6.0,-2,20.721728304616747,,0.0,0.0,0.0,348.3333333333333,43.70314721315504,optimal
2021-02-07 12:30:00,7,99,0.0,0.3096296296296296,0.0,0.37746666666666656,14.112,6.0,-2,20.576122327056087,,0.0,0.0,0.0,278.66666666666663,43.31486406224023,optimal
2021-02-07 13:00:00,7,99,0.0,0.0,0.0,0.25989999999999996,14.007,6.0,-2,20.438267548614693,,0.0,0.0,0.0,0.0,42.92696919447634,optimal
2021-02-07 13:30:00,7,99,0.7660372053132763,0.23222222222222222,0.0,0.5397000000000001,13.23,6.0,-2,20.279628700714152,,2298.111615939829,0.0,0.0,209.0,42.539462221580216,optimal
2021-02-07 14:00:00,7,99,1.3333333333333333,0.387037037037037,0.0,0.38189999999999996,11.382,6.0,-2,20.36660894876871,,4000.0,0.0,0.0,348.3333333333333,42.15234275565698,optimal
2021-02-07 14:30:00,7,99,1.3333333333333333,3.0188888888888883,0.0,0.23263333333333333,11.7495,6.0,-2,20.597867566682737,,4000.0,0.0,0.0,2716.9999999999995,41.765610409199674,optimal
2021-02-07 15:00:00,7,99,0.0,0.1548148148148148,0.0,0.2705,24.3285,6.0,-2,20.80993657443449,,0.0,0.0,0.0,139.33333333333331,41.37926479508882,optimal
2021-02-07 15:30:00,7,99,0.0,0.23222222222222222,0.0,0.4512,28.917,6.0,-2,20.68334705536464,,0.0,0.0,0.0,209.0,41.33788553029373,optimal
2021-02-07 16:00:00,7,99,0.0,0.5418518518518518,0.0,1.3698333333333332,31.3635,6.0,-2,20.576000025268247,,0.0,0.0,0.0,487.6666666666667,41.296547644763436,optimal
2021-02-07 16:30:00,7,99,0.0,0.0774074074074074,0.0,2.9554666666666667,33.306,6.0,-2,20.45321914338026,,0.0,0.0,0.0,69.66666666666666,41.25525109711867,optimal
2021-02-07 17:00:00,7,99,0.0,0.0774074074074074,0.0,1.9978333333333333,31.3425,6.0,-2,20.382174721359142,,0.0,0.0,0.0,69.66666666666666,41.213995846021554,optimal
2021-02-07 17:30:00,7,99,0.0,0.0,0.0,0.39316666666666666,28.2555,6.0,-2,20.273321482590287,,0.0,0.0,0.0,0.0,41.17278185017553,optimal
2021-02-07 18:00:00,7,99,0.0,0.774074074074074,0.0,0.3516666666666667,15.6975,6.0,-2,20.13847297909963,,0.0,0.0,0.0,696.6666666666666,41.13160906832535,optimal
2021-02-07 18:30:00,7,99,0.630394906177822,0.5418518518518518,0.0,0.239,12.5475,6.0,-2,20.0,,1891.184718533466,0.0,0.0,487.6666666666667,41.09047745925703,optimal
2021-02-07 19:00:00,7,99,0.6307660674991652,2.631851851851852,0.0,0.24666666666666662,12.0855,6.0,-2,20.0,,1892.2982024974954,0.0,0.0,2368.6666666666665,41.049386981797774,optimal
2021-02-07 19:30:00,7,99,1.078546080189619,0.5418518518518518,0.0,0.35136666666666666,11.907,6.0,-2,20.0,,3235.6382405688573,0.0,0.0,487.6666666666667,41.00833759481598,optimal
2021-02-07 20:00:00,7,99,0.0,0.6192592592592592,0.0,0.41986666666666667,12.5685,6.0,-2,20.129044240879665,,0.0,0.0,0.0,557.3333333333333,40.96732925722116,optimal
2021-02-07 20:30:00,7,99,0.0,0.3096296296296296,0.0,0.32563333333333333,13.146,6.0,-2,20.0,,0.0,0.0,0.0,278.66666666666663,40.92636192796394,optimal
2021-02-07 21:00:00,7,99,0.0,0.387037037037037,0.0,0.7471333333333333,10.584,6.0,-2,19.865483402963214,,0.0,0.0,0.0,348.3333333333333,40.88543556603597,optimal
2021-02-07 21:30:00,7,99,0.0,0.0774074074074074,0.0,0.34936666666666666,6.678,6.0,-2,19.752810574609605,,0.0,0.0,0.0,69.66666666666666,40.84455013046993,optimal
2021-02-07 22:00:00,7,99,0.0,0.0,0.0,0.48786666666666667,7.938,6.0,-2,19.599683949697358,,0.0,0.0,0.0,0.0,40.80370558033946,optimal
2021-02-07 22:30:00,7,99,0.0,0.23222222222222222,0.0,0.5718666666666666,5.292,6.0,-2,19.474475410737035,,0.0,0.0,0.0,209.0,40.76290187475912,optimal
2021-02-07 23:00:00,7,99,0.0,0.23222222222222222,0.0,0.28996666666666665,9.261,6.0,-2,19.37076571403387,,0.0,0.0,0.0,209.0,40.722138972884366,optimal
2021-02-07 23:30:00,7,99,0.0,0.0,0.0,0.1612333333333333,10.3635,6.0,-2,19.22374552652304,,0.0,0.0,0.0,0.0,40.681416833911484,optimal
2021-02-08 00:00:00,7,99,0.0,0.23222222222222222,0.0,0.2937333333333333,11.2455,6.0,2,19.22374552652304,,0.0,0.0,0.0,209.0,40.64073541707757,optimal
2021-02-08 00:30:00,7,99,0.0,0.0,0.0,0.11906666666666667,11.025,6.0,2,19.048516463521683,,0.0,0.0,0.0,0.0,40.600094681660494,optimal
2021-02-08 01:00:00,7,99,1.3333333333333333,0.0,0.0,0.21906666666666663,5.9745,6.0,2,18.84317117869503,,4000.0,0.0,0.0,0.0,40.559494586978836,optimal
2021-02-08 01:30:00,7,99,1.3333333333333333,0.0,0.0,0.1088,7.938,6.0,2,18.989282152943314,,4000.0,0.0,0.0,0.0,40.51893509239186,optimal
2021-02-08 02:00:00,7,99,1.3333333333333333,0.0,0.0,0.22026666666666667,8.6835,6.0,2,19.12351295296926,,4000.0,0.0,0.0,0.0,40.47841615729946,optimal
2021-02-08 02:30:00,7,99,1.3333333333333333,0.0,0.0,0.16466666666666666,7.665,6.0,2,19.264880661444277,,4000.0,0.0,0.0,0.0,40.437937741142164,optimal
2021-02-08 03:00:00,7,99,1.3333333333333333,0.0,0.0,0.062,6.7725,6.0,2,19.400353776391903,,4000.0,0.0,0.0,0.0,40.397499803401026,optimal
2021-02-08 03:30:00,7,99,1.3333333333333333,0.0,1.8673119217010177,0.23213333333333333,5.5755,6.0,2,19.526002819242038,,4000.0,0.0,0.0,0.0,41.244075466405604,optimal
2021-02-08 04:00:00,7,99,1.3333333333333333,0.0,5.0,0.15280000000000002,5.0925,6.0,2,19.66388963332448,,4000.0,0.0,0.0,0.0,43.577831390939195,optimal
2021-02-08 04:30:00,7,99,1.3333333333333333,0.0,5.0,0.14,4.1895,6.0,2,19.792632945415814,,4000.0,0.0,0.0,0.0,45.909253559548254,optimal
2021-02-08 05:00:00,7,99,1.3333333333333333,0.0,0.0,0.1522,7.056,6.0,2,19.917373119001912,,4000.0,0.0,0.0,0.0,45.8633443059887,optimal
2021-02-08 05:30:00,7,99,1.3333333333333333,0.0,5.0,0.15473333333333333,5.271,6.0,2,20.040288226848656,,4000.0,0.0,0.0,0.0,48.192480961682705,optimal
2021-02-08 06:00:00,7,99,1.3333333333333333,0.0,0.0,0.0828,7.938,6.0,2,20.161216025651452,,4000.0,0.0,0.0,0.0,48.144288480721016,optimal
2021-02-08 06:30:00,7,99,1.3333333333333333,0.0,0.0,0.1452,7.938,6.0,2,20.273845986029148,,4000.0,0.0,0.0,0.0,48.096144192240295,optimal
2021-02-08 07:00:00,7,99,1.3333333333333333,0.0,0.0,0.22593333333333332,11.907,6.0,2,20.389713300081628,,4000.0,0.0,0.0,0.0,48.048048048048045,optimal
2021-02-08 07:30:00,7,99,1.3333333333333333,5.108888888888889,0.0,0.16233333333333333,11.025,6.0,2,20.50974099942568,,4000.0,0.0,0.0,4598.0,48.0,optimal
2021-02-08 08:00:00,7,99,1.3333333333333333,0.23222222222222222,0.0,0.6542,11.2875,6.0,2,20.625633771445475,,4000.0,0.0,0.0,209.0,47.90298622412221,optimal
2021-02-08 08:30:00,7,99,0.0,0.0,0.0,0.5480666666666667,12.936,6.0,2,20.787738500036802,,0.0,0.0,0.0,0.0,47.8060694620203,optimal
2021-02-08 09:00:00,7,99,0.0,0.0774074074074074,0.0,0.4845,13.0095,6.0,2,20.601444403310328,,0.0,0.0,0.0,69.66666666666666,47.70924961668049,optimal
2021-02-08 09:30:00,7,99,0.0,0.0,0.0,0.5600666666666667,13.671,6.0,2,20.417282300855177,,0.0,0.0,0.0,0.0,47.61252659118602,optimal
2021-02-08 10:00:00,7,99,0.12411040305611755,0.23222222222222222,0.0,0.3688666666666667,13.188,6.0,2,20.246946258032132,,372.33120916835264,0.0,0.0,209.0,47.51590028871704,optimal
2021-02-08 10:30:00,7,99,0.0,0.0,0.0,0.6522,13.8495,6.0,2,20.130634651549634,,0.0,0.0,0.0,0.0,47.41937061255054,optimal
2021-02-08 11:00:00,7,99,0.43691354555993483,0.0,0.0,0.5605333333333333,13.23,6.0,2,20.0,,1310.7406366798045,0.0,0.0,0.0,47.322937466060196,optimal
2021-02-08 11:30:00,7,99,0.38558031264706466,0.387037037037037,0.0,1.0864,13.3665,6.0,2,20.0,,1156.740937941194,0.0,0.0,348.3333333333333,47.226600752716344,optimal
2021-02-08 12:00:00,7,99,0.8214415230202916,0.23222222222222222,0.0,3.667766666666667,13.0515,6.0,2,20.0,,2464.3245690608746,0.0,0.0,209.0,47.13036037608584,optimal
2021-02-08 12:30:00,7,99,0.0,0.0,0.0,2.3428,13.5345,6.0,2,20.201646073510528,,0.0,0.0,0.0,0.0,47.03421623983196,optimal
2021-02-08 13:00:00,7,99,0.0,0.1548148148148148,0.0,1.7909000000000002,14.154,6.0,2,20.125425475157993,,0.0,0.0,0.0,139.33333333333331,46.938168247714344,optimal
2021-02-08 13:30:00,7,99,0.0,0.0,0.0,0.29619999999999996,14.112,6.0,2,20.106280634657356,,0.0,0.0,0.0,0.0,46.84221630358884,optimal
2021-02-08 14:00:00,7,99,0.0,0.0,0.0,1.4443666666666666,14.2485,6.0,2,20.0,,0.0,0.0,0.0,0.0,46.746360311407464,optimal
2021-02-08 14:30:00,7,99,1.3333333333333333,2.3222222222222215,0.0,0.6532666666666667,12.789,6.0,2,20.00009794331439,,4000.0,0.0,0.0,2089.9999999999995,46.650600175218266,optimal
2021-02-08 15:00:00,7,99,1.3333333333333333,0.0774074074074074,0.0,1.2510999999999999,13.0095,6.0,2,20.271088142717645,,4000.0,0.0,0.0,69.66666666666666,46.55493579916526,optimal
2021-02-08 15:30:00,7,99,1.3333333333333333,0.46444444444444444,0.0,0.5725666666666667,12.1275,6.0,2,20.508716939366206,,4000.0,0.0,0.0,418.0,46.4593670874883,optimal
2021-02-08 16:00:00,7,99,1.3333333333333333,0.0,0.0,0.7114666666666667,12.348,6.0,2,20.732992778555342,,4000.0,0.0,0.0,0.0,46.36389394452303,optimal
2021-02-08 16:30:00,7,99,1.3333333333333333,0.6192592592592592,0.0,1.5677999999999999,12.348,6.0,2,20.939672901377513,,4000.0,0.0,0.0,557.3333333333333,46.268516274700715,optimal
2021-02-08 17:00:00,7,99,0.0,0.1548148148148148,0.0,0.5047333333333334,25.389,6.0,2,21.180183794239763,,0.0,0.0,0.0,139.33333333333331,46.173233982548226,optimal
2021-02-08 17:30:00,7,99,0.0,0.3096296296296296,0.0,0.18763333333333332,29.1375,6.0,2,21.01026564283837,,0.0,0.0,0.0,278.66666666666663,46.078046972687886,optimal
2021-02-08 18:00:00,7,99,0.0,0.1548148148148148,0.0,0.3458,30.597,6.0,2,20.798398386537436,,0.0,0.0,0.0,139.33333333333331,45.98295514983741,optimal
2021-02-08 18:30:00,7,99,0.0,0.5418518518518518,0.0,0.4176666666666667,33.684,6.0,2,20.60171041734981,,0.0,0.0,0.0,487.6666666666667,45.88795841880978,optimal
2021-02-08 19:00:00,7,99,0.0,0.387037037037037,0.0,0.5010666666666667,32.445,6.0,2,20.425635504509504,,0.0,0.0,0.0,348.3333333333333,45.79305668451318,optimal
2021-02-08 19:30:00,7,99,0.0,0.0774074074074074,0.0,0.27066666666666667,28.917,6.0,2,20.258855931314205,,0.0,0.0,0.0,69.66666666666666,45.69824985195088,optimal
2021-02-08 20:00:00,7,99,0.5029261321743641,0.1548148148148148,0.0,0.16466666666666666,15.876,6.0,2,20.079241226867904,,1508.7783965230922,0.0,0.0,139.33333333333331,45.603537826221135,optimal
2021-02-08 20:30:00,7,99,0.0,0.0,0.0,0.1536,12.348,6.0,2,20.0,,0.0,0.0,0.0,0.0,45.50892051251712,optimal
2021-02-08 21:00:00,7,99,0.0,0.0,0.0,0.27246666666666663,12.1275,6.0,2,19.783762116412667,,0.0,0.0,0.0,0.0,45.414397816126815,optimal
2021-02-08 21:30:00,7,99,0.0,0.1548148148148148,0.0,0.25660000000000005,12.348,6.0,2,19.584535527662144,,0.0,0.0,0.0,139.33333333333331,45.3199696424329,optimal
2021-02-08 22:00:00,7,99,0.0,0.0,0.0,0.3387333333333333,12.1275,6.0,2,19.387903103060623,,0.0,0.0,0.0,0.0,45.27464967279047,optimal
2021-02-08 22:30:00,7,99,0.0,0.0,0.0,0.39986666666666665,12.1275,6.0,2,19.21223808124517,,0.0,0.0,0.0,0.0,45.229375023117676,optimal
2021-02-08 23:00:00,7,99,0.0,0.0,0.0,0.09340000000000001,11.2665,6.0,2,19.026477894284856,,0.0,0.0,0.0,0.0,45.18414564809456,optimal
2021-02-08 23:30:00,7,99,0.0,0.0,0.0,0.16993333333333333,10.143,6.0,2,18.8081871404227,,0.0,0.0,0.0,0.0,45.13896150244646,optimal
2021-02-09 00:00:00,7,99,1.3333333333333333,0.0,5.0,0.058,10.584,6.0,0,18.8081871404227,,4000.0,0.0,0.0,0.0,47.46882254094402,optimal
2021-02-09 00:30:00,7,99,1.3333333333333333,0.0,0.0,0.058,11.2455,6.0,0,18.929667798383086,,4000.0,0.0,0.0,0.0,47.421353718403076,optimal
2021-02-09 01:00:00,7,99,1.3333333333333333,0.0,0.0,0.058,12.1275,6.0,0,19.050237828251653,,4000.0,0.0,0.0,0.0,47.37393236468467,optimal
2021-02-09 01:30:00,7,99,1.3333333333333333,0.0,0.0,0.058,11.823,6.0,0,19.169908830978155,,4000.0,0.0,0.0,0.0,47.326558432319985,optimal
2021-02-09 02:00:00,7,99,1.3333333333333333,0.0,0.0,0.058,11.7705,6.0,0,19.286781334197954,,4000.0,0.0,0.0,0.0,47.27923187388767,optimal
2021-02-09 02:30:00,7,99,1.3333333333333333,0.0,0.0,0.058,11.13,6.0,0,19.40089098940529,,4000.0,0.0,0.0,0.0,47.23195264201378,optimal
2021-02-09 03:00:00,7,99,1.3333333333333333,0.0,0.0,0.058,11.6865,6.0,0,19.51418391943613,,4000.0,0.0,0.0,0.0,47.184720689371765,optimal
2021-02-09 03:30:00,7,99,1.3333333333333333,0.0,0.0,0.058,10.7205,6.0,0,19.626670528963718,,4000.0,0.0,0.0,0.0,47.13753596868239,optimal
2021-02-09 04:00:00,7,99,1.3333333333333333,0.0,0.0,0.058,11.424,6.0,0,19.738998065285603,,4000.0,0.0,0.0,0.0,47.09039843271371,optimal
2021-02-09 04:30:00,7,99,1.3333333333333333,0.0,3.5420731645454326,0.058,10.689,6.0,0,19.851168554915443,,4000.0,0.0,0.0,0.0,48.72579278744007,optimal
2021-02-09 05:00:00,7,99,1.3333333333333333,0.0,0.0,0.058,11.361,6.0,0,19.96063609785138,,4000.0,0.0,0.0,0.0,48.67706699465263,optimal
2021-02-09 05:30:00,7,99,1.3333333333333333,0.0,0.0,0.058,11.571,6.0,0,20.067435128292264,,4000.0,0.0,0.0,0.0,48.62838992765797,optimal
2021-02-09 06:00:00,7,99,1.3333333333333333,0.0,0.0,0.058,14.3745,6.0,0,20.172873592111717,,4000.0,0.0,0.0,0.0,48.579761537730306,optimal
2021-02-09 06:30:00,7,99,1.3333333333333333,0.0,0.0,0.058,13.23,6.0,0,20.27696882225297,,4000.0,0.0,0.0,0.0,48.53118177619257,optimal
2021-02-09 07:00:00,7,99,1.3333333333333333,0.0,0.0,0.058,13.9755,6.0,0,20.379100955671476,,4000.0,0.0,0.0,0.0,48.48265059441637,optimal
2021-02-09 07:30:00,7,99,1.3107861579095168,0.0,0.0,0.05866666666666666,14.994,6.0,0,20.479295001244786,,3932.3584737285505,0.0,0.0,0.0,48.434167943821954,optimal
2021-02-09 08:00:00,7,99,1.3333333333333333,0.0,0.0,0.068,13.671,6.0,0,20.571183530720585,,4000.0,0.0,0.0,0.0,48.38573377587813,optimal
2021-02-09 08:30:00,7,99,0.0,0.0,0.0,0.068,15.981,6.0,0,20.666713277662044,,0.0,0.0,0.0,0.0,48.33734804210225,optimal
2021-02-09 09:00:00,7,99,0.0,0.0,0.0,0.068,15.6345,6.0,0,20.422604985556823,,0.0,0.0,0.0,0.0,48.289010694060146,optimal
2021-02-09 09:30:00,7,99,0.0,0.3096296296296296,0.0,0.066,16.5375,6.0,0,20.200710649962137,,0.0,0.0,0.0,278.66666666666663,48.240721683366075,optimal
2021-02-09 10:00:00,7,99,1.2901332329317263,0.23222222222222222,0.0,0.06533333333333333,14.7735,6.0,0,20.0,,3870.399698795179,0.0,0.0,209.0,48.192480961682705,optimal
2021-02-09 10:30:00,7,99,0.0,0.1548148148148148,0.0,0.057466666666666666,15.2145,6.0,0,20.16228728718881,,0.0,0.0,0.0,139.33333333333331,48.144288480721016,optimal
2021-02-09 11:00:00,7,99,0.4941635332507415,0.3096296296296296,0.0,0.0761,14.553,6.0,0,20.0,,1482.4905997522246,0.0,0.0,278.66666666666663,48.096144192240295,optimal
2021-02-09 11:30:00,7,99,1.2859786651281508,0.5418518518518518,0.0,0.1484,14.3325,6.0,0,20.0,,3857.935995384453,0.0,0.0,487.6666666666667,48.048048048048045,optimal
2021-02-09 12:00:00,7,99,0.0,0.0,0.0,0.18380000000000002,14.595,6.0,0,20.214499770936886,,0.0,0.0,0.0,0.0,48.0,optimal
2021-02-09 12:30:00,7,99,0.0,0.0,0.0,0.09426666666666668,14.994,6.0,0,20.11405568770687,,0.0,0.0,0.0,0.0,44.591019385827714,optimal
2021-02-09 13:00:00,7,99,0.4513200063850086,0.0,0.0,0.07516666666666667,14.3325,6.0,0,20.0,,1353.9600191550257,0.0,0.0,0.0,41.1854477522696,optimal
2021-02-09 13:30:00,7,99,0.7746017891695456,0.0,0.0,0.12883333333333336,13.8915,6.0,0,20.0,,2323.8053675086367,0.0,0.0,0.0,37.78328169034505,optimal
2021-02-09 14:00:00,7,99,1.3333333333333333,0.0,0.0,0.3312,13.8915,6.0,0,20.0856807412216,,4000.0,0.0,0.0,0.0,34.38451779448242,optimal
2021-02-09 14:30:00,7,99,1.3333333333333333,0.0,0.0,0.2355,13.4715,6.0,0,20.33921739320023,,4000.0,0.0,0.0,0.0,34.350133276687934,optimal
2021-02-09 15:00:00,7,99,1.3333333333333333,0.23222222222222222,0.0,0.21603333333333333,13.23,6.0,0,20.58696993554879,,4000.0,0.0,0.0,209.0,34.315783143411245,optimal
2021-02-09 15:30:00,7,99,1.3333333333333333,0.0,0.0,0.23266666666666663,13.8915,6.0,0,20.82861781869968,,4000.0,0.0,0.0,0.0,34.28146736026783,optimal
2021-02-09 16:00:00,7,99,0.0,0.0,0.0,0.22346666666666667,26.9325,6.0,0,21.070233198867996,,0.0,0.0,0.0,0.0,34.24718589290757,optimal
2021-02-09 16:30:00,7,99,0.0,0.23222222222222222,0.0,0.26780000000000004,30.303,6.0,0,20.933309033783562,,0.0,0.0,0.0,209.0,34.21293870701466,optimal
2021-02-09 17:00:00,7,99,0.0,0.0,0.0,0.1803333333333333,32.886,6.0,0,20.78681547131996,,0.0,0.0,0.0,0.0,34.17872576830764,optimal
2021-02-09 17:30:00,7,99,0.0,0.0,0.0,1.37,34.9965,6.0,0,20.617428065706974,,0.0,0.0,0.0,0.0,34.14454704253934,optimal
2021-02-09 18:00:00,7,99,0.0,0.3096296296296296,0.0,0.6543666666666667,33.327,6.0,0,20.47573824211714,,0.0,0.0,0.0,278.66666666666663,34.1104024954968,optimal
2021-02-09 18:30:00,7,99,0.0,0.387037037037037,0.0,0.5578,31.122,6.0,0,20.340768743083583,,0.0,0.0,0.0,348.3333333333333,34.0762920930013,optimal
2021-02-09 19:00:00,7,99,0.0,0.23222222222222222,0.0,0.21619999999999998,17.9025,6.0,0,20.182412386725982,,0.0,0.0,0.0,209.0,34.042215800908295,optimal
2021-02-09 19:30:00,7,99,0.7703851637149665,0.0,0.0,0.066,15.6555,6.0,0,20.0,,2311.1554911448993,0.0,0.0,0.0,34.008173585107386,optimal
2021-02-09 20:00:00,7,99,0.7129407192705272,0.23222222222222222,0.0,0.15733333333333335,14.553,6.0,0,20.0,,2138.8221578115817,0.0,0.0,209.0,33.97416541152228,optimal
2021-02-09 20:30:00,7,99,0.0,0.0774074074074074,0.0,0.36219999999999997,14.3325,6.0,0,20.0,,0.0,0.0,0.0,69.66666666666666,33.94019124611076,optimal
2021-02-09 21:00:00,7,99,0.0,0.0,0.0,0.41156666666666664,13.335,6.0,0,19.853436449382027,,0.0,0.0,0.0,0.0,33.90625105486465,optimal
2021-02-09 21:30:00,7,99,0.0,0.0774074074074074,0.0,0.17933333333333334,12.1275,6.0,0,19.720117936005316,,0.0,0.0,0.0,69.66666666666666,33.87234480380978,optimal
2021-02-09 22:00:00,7,99,0.0,0.0,0.0,0.068,12.2955,6.0,0,19.540382319847335,,0.0,0.0,0.0,0.0,33.83847245900597,optimal
2021-02-09 22:30:00,7,99,0.0,0.0,0.0,0.068,11.6865,6.0,0,19.312203211735532,,0.0,0.0,0.0,0.0,33.80463398654697,optimal
2021-02-09 23:00:00,7,99,0.0,0.0,0.0,0.068,11.466,6.0,0,19.0875679673434,,0.0,0.0,0.0,0.0,33.77082935256042,optimal
2021-02-09 23:30:00,7,99,0.0,0.0,0.0,0.068,10.8045,6.0,0,18.8664314396067,,0.0,0.0,0.0,0.0,33.73705852320786,optimal
2021-02-10 00:00:00,7,99,1.3333333333333333,0.0,0.0,0.055,11.7075,6.0,1,18.8664314396067,,4000.0,0.0,0.0,0.0,33.70332146468465,optimal
2021-02-10 00:30:00,7,99,1.3333333333333333,0.0,5.0,0.08133333333333333,10.8045,6.0,1,18.984400977639428,,4000.0,0.0,0.0,0.0,36.044618143219964,optimal
2021-02-10 01:00:00,7,99,1.3333333333333333,0.0,0.0,0.16493333333333335,11.508,6.0,1,19.10183421073745,,4000.0,0.0,0.0,0.0,36.00857352507674,optimal
2021-02-10 01:30:00,7,99,1.3333333333333333,0.0,0.0,0.1298,11.508,6.0,1,19.223610390430007,,4000.0,0.0,0.0,0.0,35.97256495155167,optimal
2021-02-10 02:00:00,7,99,1.3333333333333333,0.0,0.0,0.11293333333333334,11.508,6.0,1,19.339572002631304,,4000.0,0.0,0.0,0.0,35.93659238660012,optimal
2021-02-10 02:30:00,7,99,1.3333333333333333,0.0,0.0,0.20813333333333334,11.844,6.0,1,19.45134730467536,,4000.0,0.0,0.0,0.0,35.90065579421352,optimal
2021-02-10 03:00:00,7,99,1.3333333333333333,0.0,0.0,0.055,11.508,6.0,1,19.569798545588526,,4000.0,0.0,0.0,0.0,35.864755138419305,optimal
2021-02-10 03:30:00,7,99,1.3333333333333333,0.0,1.3602844232578766,0.17086666666666667,11.508,6.0,1,19.673711734519735,,4000.0,0.0,0.0,0.0,36.47502548432838,optimal
2021-02-10 04:00:00,7,99,1.3333333333333333,0.0,5.0,0.1502,10.4475,6.0,1,19.786159403546495,,4000.0,0.0,0.0,0.0,38.81355045884405,optimal
2021-02-10 04:30:00,7,99,1.3333333333333333,0.0,5.0,0.11293333333333334,10.8675,6.0,1,19.89541616329186,,4000.0,0.0,0.0,0.0,41.1497369083852,optimal
2021-02-10 05:00:00,7,99,1.3333333333333333,0.0,5.0,0.11293333333333334,10.542,6.0,1,19.998836336359837,,4000.0,0.0,0.0,0.0,43.48358717147681,optimal
2021-02-10 05:30:00,7,99,1.3333333333333333,0.0,5.0,0.1502,11.025,6.0,1,20.099665037422323,,4000.0,0.0,0.0,0.0,45.81510358430533,optimal
2021-02-10 06:00:00,7,99,1.3333333333333333,0.0,5.0,0.055,11.025,6.0,1,20.20110604000151,,4000.0,0.0,0.0,0.0,48.144288480721016,optimal
2021-02-10 06:30:00,7,99,1.3333333333333333,0.0,0.0,0.20486666666666667,14.553,6.0,1,20.291880883504543,,4000.0,0.0,0.0,0.0,48.096144192240295,optimal
2021-02-10 07:00:00,7,99,1.3333333333333333,0.0,0.0,0.1162,13.0935,6.0,1,20.39679830548507,,4000.0,0.0,0.0,0.0,48.048048048048045,optimal
2021-02-10 07:30:00,7,99,1.3333333333333333,0.387037037037037,0.0,0.1172,15.6345,6.0,1,20.495383007120065,,4000.0,0.0,0.0,348.3333333333333,48.0,optimal
2021-02-10 08:00:00,7,99,0.0,0.0774074074074074,0.0,0.2117333333333333,18.102,6.0,1,20.6047805400491,,0.0,0.0,0.0,69.66666666666666,47.6832883725644,optimal
2021-02-10 08:30:00,7,99,0.08635613407614567,0.387037037037037,0.0,0.15406666666666666,17.199,6.0,1,20.381861395810734,,259.06840222843704,0.0,0.0,348.3333333333333,47.36689345675623,optimal
2021-02-10 09:00:00,7,99,0.0,0.23222222222222222,0.0,0.13826666666666668,18.2805,6.0,1,20.185859011915817,,0.0,0.0,0.0,209.0,47.050814935863876,optimal
2021-02-10 09:30:00,7,99,1.1381116957823285,0.0,0.0,0.41969999999999996,17.4615,6.0,1,20.0,,3414.335087346986,0.0,0.0,0.0,46.73505249349241,optimal
2021-02-10 10:00:00,7,99,0.0,0.0,0.0,0.3288666666666667,18.3225,6.0,1,20.141592227010563,,0.0,0.0,0.0,0.0,46.419605813563315,optimal
2021-02-10 10:30:00,7,99,0.622457515582966,0.0,0.0,0.22833333333333328,17.094,6.0,1,20.0,,1867.372546748898,0.0,0.0,0.0,46.104474580314154,optimal
2021-02-10 11:00:00,7,99,0.6610394205092623,0.0,0.0,0.08220000000000001,17.094,6.0,1,20.0,,1983.118261527787,0.0,0.0,0.0,45.78965847829824,optimal
2021-02-10 11:30:00,7,99,1.182602407478334,0.0,0.0,0.1656,17.094,6.0,1,20.0,,3547.807222435001,0.0,0.0,0.0,45.475157192384344,optimal
2021-02-10 12:00:00,7,99,0.0,0.0,0.0,0.06706666666666666,17.3565,6.0,1,20.14149828817606,,0.0,0.0,0.0,0.0,45.16097040775636,optimal
2021-02-10 12:30:00,7,99,0.5218473585253466,0.0,0.0,0.1434,17.115,6.0,1,20.0,,1565.54207557604,0.0,0.0,0.0,44.847097809913,optimal
2021-02-10 13:00:00,7,99,0.6321934729742704,0.0,0.0,0.055,17.241,6.0,1,20.0,,1896.5804189228113,0.0,0.0,0.0,44.53353908466749,optimal
2021-02-10 13:30:00,7,99,1.3333333333333333,0.0,0.0,0.2397333333333333,17.094,6.0,1,20.016015454084734,,4000.0,0.0,0.0,0.0,44.22029391814722,optimal
2021-02-10 14:00:00,7,99,1.3333333333333333,0.3096296296296296,0.0,0.2516,16.5165,6.0,1,20.229057673201098,,4000.0,0.0,0.0,278.66666666666663,43.907361996793476,optimal
2021-02-10 14:30:00,7,99,1.3333333333333333,0.0,0.0,0.27113333333333334,17.8185,6.0,1,20.457505618403616,,4000.0,0.0,0.0,0.0,43.59474300736108,optimal
2021-02-10 15:00:00,7,99,1.3333333333333333,0.0,0.0,0.22393333333333332,17.094,6.0,1,20.702013921049094,,4000.0,0.0,0.0,0.0,43.28243663691812,optimal
2021-02-10 15:30:00,7,99,1.3333333333333333,0.0,0.0,0.06366666666666666,16.8945,6.0,1,20.884045101843846,,4000.0,0.0,0.0,0.0,42.970442572845606,optimal
2021-02-10 16:00:00,7,99,1.3333333333333333,0.0,0.0,0.055,18.123,6.0,1,21.046836041837693,,4000.0,0.0,0.0,0.0,42.65876050283716,optimal
2021-02-10 16:30:00,7,99,0.0,0.0,0.0,0.2064,31.647,6.0,1,21.175247722130702,,0.0,0.0,0.0,0.0,42.34739011489872,optimal
2021-02-10 17:00:00,7,99,0.0,0.0,0.0,0.11466666666666668,34.9965,6.0,1,20.972025202449945,,0.0,0.0,0.0,0.0,42.036331097348224,optimal
2021-02-10 17:30:00,7,99,0.0,0.0,0.0,0.05733333333333333,34.9965,6.0,1,20.729628112950497,,0.0,0.0,0.0,0.0,41.725583138815274,optimal
2021-02-10 18:00:00,7,99,0.0,0.0,0.0,0.15586666666666668,34.9965,6.0,1,20.485879398745812,,0.0,0.0,0.0,0.0,41.41514592824086,optimal
2021-02-10 18:30:00,7,99,0.0,0.0,0.0,0.17086666666666667,34.9965,6.0,1,20.24306172083915,,0.0,0.0,0.0,0.0,41.10501915487702,optimal
2021-02-10 19:00:00,7,99,0.0,3.3290283451142906,0.0,0.055,34.9965,6.0,1,20.0,,0.0,2996.1255106028616,0.0,0.0,40.79520250828654,optimal
2021-02-10 19:30:00,7,99,0.0,3.136101582351164,0.0,0.2660666666666667,27.741,6.0,1,20.0,,0.0,2822.491424116048,0.0,0.0,40.48569567834266,optimal
2021-02-10 20:00:00,7,99,1.023663556987514,0.0,0.0,0.05533333333333334,19.026,6.0,1,20.0,,3070.9906709625425,0.0,0.0,0.0,40.176498355228716,optimal
2021-02-10 20:30:00,7,99,0.0,0.0,0.0,0.11733333333333332,18.7215,6.0,1,20.0,,0.0,0.0,0.0,0.0,39.86761022943789,optimal
2021-02-10 21:00:00,7,99,0.0,0.0,0.0,0.2134,17.4195,6.0,1,19.74255499146782,,0.0,0.0,0.0,0.0,39.55903099177285,optimal
2021-02-10 21:30:00,7,99,0.0,0.0,0.0,0.055,16.758,6.0,1,19.496748837569243,,0.0,0.0,0.0,0.0,39.250760333345475,optimal
2021-02-10 22:00:00,7,99,0.0,0.0,0.0,0.055,14.217,6.0,1,19.22212470622531,,0.0,0.0,0.0,0.0,38.94279794557653,optimal
2021-02-10 22:30:00,7,99,0.0,0.0,0.0,0.2744,13.3665,6.0,1,18.932526869896193,,0.0,0.0,0.0,0.0,38.635143520195356,optimal
2021-02-10 23:00:00,7,99,0.0,0.0,0.0,0.055,12.789,6.0,1,18.66139167359033,,0.0,0.0,0.0,0.0,38.32779674923956,optimal
2021-02-10 23:30:00,7,99,0.0,0.0,0.0,0.38606666666666667,11.907,6.0,1,18.37256754594265,,0.0,0.0,0.0,0.0,38.289468952490324,optimal
2021-02-11 00:00:00,7,99,1.3333333333333333,4.644444444444443,0.0,0.13516666666666666,12.0855,6.0,-1,18.37256754594265,,4000.0,0.0,0.0,4179.999999999999,38.25117948353783,optimal
2021-02-11 00:30:00,7,99,1.3333333333333333,0.3096296296296296,0.0,0.38706666666666667,11.6865,6.0,-1,18.45610559299952,,4000.0,0.0,0.0,278.66666666666663,38.212928304054294,optimal
2021-02-11 01:00:00,7,99,1.3333333333333333,0.0,0.0,0.2338,11.2245,6.0,-1,18.565610814565094,,4000.0,0.0,0.0,0.0,38.17471537575024,optimal
2021-02-11 01:30:00,7,99,1.3333333333333333,0.0,0.0,0.2507333333333333,11.025,6.0,-1,18.671398769918014,,4000.0,0.0,0.0,0.0,38.136540660374486,optimal
2021-02-11 02:00:00,7,99,1.3333333333333333,0.0,5.0,0.2093333333333333,10.7835,6.0,-1,18.77197627146378,,4000.0,0.0,0.0,0.0,40.47340411971411,optimal
2021-02-11 02:30:00,7,99,1.3333333333333333,0.0,1.610828507016651,0.062,11.025,6.0,-1,18.853583711798947,,4000.0,0.0,0.0,0.0,41.198074256427304,optimal
2021-02-11 03:00:00,7,99,1.3333333333333333,0.0,5.0,0.22406666666666664,10.584,6.0,-1,18.920342002875362,,4000.0,0.0,0.0,0.0,43.531876182170876,optimal
2021-02-11 03:30:00,7,99,1.3333333333333333,0.0,5.0,0.062,11.025,6.0,-1,18.99876499282193,,4000.0,0.0,0.0,0.0,45.8633443059887,optimal
2021-02-11 04:00:00,7,99,1.3333333333333333,0.0,5.0,0.15776666666666667,10.4265,6.0,-1,19.065584671985583,,4000.0,0.0,0.0,0.0,48.192480961682705,optimal
2021-02-11 04:30:00,7,99,1.3333333333333333,0.0,0.0,0.12830000000000003,12.789,6.0,-1,19.142886091901293,,4000.0,0.0,0.0,0.0,48.144288480721016,optimal
2021-02-11 05:00:00,7,99,1.3333333333333333,0.0,0.0,0.062,12.684,6.0,-1,19.216695617980292,,4000.0,0.0,0.0,0.0,48.096144192240295,optimal
2021-02-11 05:30:00,7,99,1.3333333333333333,0.0,0.0,0.22406666666666664,16.254,6.0,-1,19.283923845056787,,4000.0,0.0,0.0,0.0,48.048048048048045,optimal
2021-02-11 06:00:00,7,99,1.3333333333333333,0.1548148148148148,0.0,0.23196666666666668,17.64,6.0,-1,19.36726961047492,,4000.0,0.0,0.0,139.33333333333331,48.0,optimal
2021-02-11 06:30:00,7,99,1.3333333333333333,0.1548148148148148,0.0,0.3502333333333333,19.1625,6.0,-1,19.464011964371988,,4000.0,0.0,0.0,139.33333333333331,47.82768370915105,optimal
2021-02-11 07:00:00,7,99,0.0,2.0899999999999994,0.0,0.2618333333333333,26.46,6.0,-1,19.57521110812853,,0.0,0.0,0.0,1880.9999999999998,47.655539734592956,optimal
2021-02-11 07:30:00,7,99,0.0,11.904878401508274,0.0,0.2471,20.79,6.0,-1,19.34234167335035,,0.0,10435.723894690782,0.0,278.66666666666663,47.48356790400942,optimal
2021-02-11 08:00:00,7,99,0.0,3.0078599972771567,0.0,0.3649666666666666,29.106,6.0,-1,20.0,,0.0,2707.073997549441,0.0,0.0,47.311768045256464,optimal
2021-02-11 08:30:00,7,99,1.3333333333333333,0.0,0.0,0.11633333333333332,19.1835,6.0,-1,20.0,,4000.0,0.0,0.0,0.0,47.140139986362264,optimal
2021-02-11 09:00:00,7,99,0.7140460664305782,0.0,0.0,0.22406666666666664,19.6665,6.0,-1,20.068868990752804,,2142.1381992917345,0.0,0.0,0.0,46.96868355552696,optimal
2021-02-11 09:30:00,7,99,0.8356103939025784,0.46444444444444444,0.0,0.2322,19.404,6.0,-1,20.0,,2506.831181707735,0.0,0.0,418.0,46.797398581122486,optimal
2021-02-11 10:00:00,7,99,0.6299093786225555,0.0,0.0,1.5221,19.047,6.0,-1,20.0,,1889.7281358676664,0.0,0.0,0.0,46.62628489169242,optimal
2021-02-11 10:30:00,7,99,1.3333333333333333,0.0,0.0,0.29606666666666664,18.858,6.0,-1,20.0,,4000.0,0.0,0.0,0.0,46.45534231595178,optimal
2021-02-11 11:00:00,7,99,0.04238102388178639,0.0,0.0,0.1399,19.2675,6.0,-1,20.16207291622147,,127.14307164535917,0.0,0.0,0.0,46.284570682786885,optimal
2021-02-11 11:30:00,7,99,0.5885017021380531,0.0,0.0,0.2887333333333333,18.963,6.0,-1,20.0,,1765.5051064141594,0.0,0.0,0.0,46.113969821255154,optimal
2021-02-11 12:00:00,7,99,0.9783749113026133,0.0,0.0,0.22913333333333333,18.438,6.0,-1,20.0,,2935.12473390784,0.0,0.0,0.0,45.94353956058495,optimal
2021-02-11 12:30:00,7,99,0.0,0.0,0.0,0.062,18.7425,6.0,-1,20.12419089830736,,0.0,0.0,0.0,0.0,45.773279730175425,optimal
2021-02-11 13:00:00,7,99,1.3333333333333333,0.0,0.0,0.062,15.2145,6.0,-1,20.0,,4000.0,0.0,0.0,0.0,45.6031901595963,optimal
2021-02-11 13:30:00,7,99,1.3333333333333333,0.0,0.0,0.22406666666666664,17.7765,6.0,-1,20.21343960166531,,4000.0,0.0,0.0,0.0,45.43327067858776,optimal
2021-02-11 14:00:00,7,99,1.3333333333333333,0.0,0.0,0.062,16.758,6.0,-1,20.43922315583081,,4000.0,0.0,0.0,0.0,45.26352111706023,optimal
2021-02-11 14:30:00,7,99,1.3333333333333333,0.0,0.0,0.062,16.422,6.0,-1,20.65226028288915,,4000.0,0.0,0.0,0.0,45.093941305094226,optimal
2021-02-11 15:00:00,7,99,1.3333333333333333,0.0,0.0,0.1062,16.758,6.0,-1,20.858124596500232,,4000.0,0.0,0.0,0.0,44.924531072940184,optimal
2021-02-11 15:30:00,7,99,0.0,0.0,0.0,0.17986666666666667,29.358,6.0,-1,21.03785407244327,,0.0,0.0,0.0,0.0,44.7552902510183,optimal
2021-02-11 16:00:00,7,99,0.0,0.0,0.0,0.062,34.9965,6.0,-1,20.866579272375063,,0.0,0.0,0.0,0.0,44.58621866991834,optimal
2021-02-11 16:30:00,7,99,0.0,0.0,0.0,0.0841,34.65,6.0,-1,20.643711344844764,,0.0,0.0,0.0,0.0,44.41731616039947,optimal
2021-02-11 17:00:00,7,99,0.0,0.0,0.0,0.2288,34.9965,6.0,-1,20.414097425007242,,0.0,0.0,0.0,0.0,44.24858255339013,optimal
2021-02-11 17:30:00,7,99,0.0,1.455171870561761,0.0,0.15819999999999998,34.9965,6.0,-1,20.158005140124722,,0.0,1100.654683505585,0.0,209.0,44.08001767998779,optimal
2021-02-11 18:00:00,7,99,0.0,3.3264846349994603,0.0,0.32430000000000003,30.4815,6.0,-1,20.0,,0.0,2993.8361714995144,0.0,0.0,43.91162137145886,optimal
2021-02-11 18:30:00,7,99,0.0,3.816807715678838,0.0,0.071,21.4305,6.0,-1,20.0,,0.0,3295.7936107776204,0.0,139.33333333333331,43.743393459238455,optimal
2021-02-11 19:00:00,7,99,1.1932547944630305,0.0,0.0,0.20196666666666666,14.3325,6.0,-1,20.0,,3579.7643833890916,0.0,0.0,0.0,43.57533377493027,optimal
2021-02-11 19:30:00,7,99,1.3333333333333333,0.0,0.0,0.0871,13.692,6.0,-1,20.0,,4000.0,0.0,0.0,0.0,43.407442150306395,optimal
2021-02-11 20:00:00,7,99,1.1305432347574458,0.3096296296296296,0.0,0.06953333333333334,14.007,6.0,-1,20.0219160760849,,3391.629704272337,0.0,0.0,278.66666666666663,43.239718417307145,optimal
2021-02-11 20:30:00,7,99,0.0,0.0,0.0,0.46176666666666666,12.873,6.0,-1,20.0,,0.0,0.0,0.0,0.0,43.072162408040896,optimal
2021-02-11 21:00:00,7,99,0.0,0.0,0.0,0.09,12.684,6.0,-1,19.72934874905542,,0.0,0.0,0.0,0.0,42.90477395478391,optimal
2021-02-11 21:30:00,7,99,0.0,0.0,0.0,0.2592,12.306,6.0,-1,19.437911530388416,,0.0,0.0,0.0,0.0,42.737552889980186,optimal
2021-02-11 22:00:00,7,99,0.0,1.470740740740741,0.0,0.1829,10.6365,6.0,-1,19.17232331278913,,0.0,0.0,0.0,1323.6666666666667,42.57049904624126,optimal
2021-02-11 22:30:00,7,99,0.0,0.0,0.0,0.12093333333333334,11.2455,6.0,-1,18.89719776452679,,0.0,0.0,0.0,0.0,42.40361225634607,optimal
2021-02-11 23:00:00,7,99,0.0,0.0,0.0,0.30046666666666666,11.2455,6.0,-1,18.590360915847043,,0.0,0.0,0.0,0.0,42.23689235324078,optimal
2021-02-11 23:30:00,7,99,0.0,0.0,0.0,0.3232,11.025,6.0,-1,18.30273903288353,,0.0,0.0,0.0,0.0,42.194655460887546,optimal
2021-02-12 00:00:00,7,99,1.3333333333333333,0.0,5.0,0.074,8.1585,6.0,1,18.30273903288353,,4000.0,0.0,0.0,0.0,44.52746080542666,optimal
2021-02-12 00:30:00,7,99,1.3333333333333333,0.0,0.0,0.07,10.3635,6.0,1,18.3355550041248,,4000.0,0.0,0.0,0.0,44.48293334462123,optimal
2021-02-12 01:00:00,7,99,1.3333333333333333,0.0,0.0,0.064,10.8045,6.0,1,18.36795291618579,,4000.0,0.0,0.0,0.0,44.43845041127661,optimal
2021-02-12 01:30:00,7,99,1.3333333333333333,0.0,0.0,0.064,11.025,6.0,1,18.39993809493289,,4000.0,0.0,0.0,0.0,44.394011960865335,optimal
2021-02-12 02:00:00,7,99,1.3333333333333333,0.0,0.0,0.074,10.3635,6.0,1,18.432789748732965,,4000.0,0.0,0.0,0.0,44.349617948904466,optimal
2021-02-12 02:30:00,7,99,1.3333333333333333,0.0,0.0,0.074,10.8045,6.0,1,18.46649683912405,,4000.0,0.0,0.0,0.0,44.30526833095556,optimal
2021-02-12 03:00:00,7,99,1.3333333333333333,0.0,0.0,0.06433333333333333,10.059,6.0,1,18.503596368967457,,4000.0,0.0,0.0,0.0,44.260963062624604,optimal
2021-02-12 03:30:00,7,99,1.3333333333333333,0.0,0.0,0.064,10.584,6.0,1,18.544045120268922,,4000.0,0.0,0.0,0.0,44.21670209956198,optimal
2021-02-12 04:00:00,7,99,1.3333333333333333,0.0,5.0,0.064,9.4185,6.0,1,18.592896227007476,,4000.0,0.0,0.0,0.0,46.54748539746242,optimal
2021-02-12 04:30:00,7,99,1.3333333333333333,0.0,0.0,0.064,10.3635,6.0,1,18.65004264734667,,4000.0,0.0,0.0,0.0,46.500937912064956,optimal
2021-02-12 05:00:00,7,99,1.3333333333333333,0.0,4.0658880036320815,0.064,9.8385,6.0,1,18.715378703109906,,4000.0,0.0,0.0,0.0,48.38573377587813,optimal
2021-02-12 05:30:00,7,99,1.3333333333333333,0.0,0.0,0.34826666666666667,11.067,6.0,1,18.788800062408086,,4000.0,0.0,0.0,0.0,48.33734804210225,optimal
2021-02-12 06:00:00,7,99,1.3333333333333333,0.0,0.0,0.064,10.8465,6.0,1,18.889511863558692,,4000.0,0.0,0.0,0.0,48.289010694060146,optimal
2021-02-12 06:30:00,7,99,1.3333333333333333,0.0,0.0,0.064,13.671,6.0,1,18.981098058440924,,4000.0,0.0,0.0,0.0,48.240721683366075,optimal
2021-02-12 07:00:00,7,99,1.3333333333333333,0.0,0.0,0.064,12.348,6.0,1,19.072791441022847,,4000.0,0.0,0.0,0.0,48.192480961682705,optimal
2021-02-12 07:30:00,7,99,1.3333333333333333,9.875915426946992,0.0,0.064,14.3325,6.0,1,19.164590645786394,,4000.0,8888.323884252293,0.0,0.0,48.144288480721016,optimal
2021-02-12 08:00:00,7,99,1.1172696994673919,0.0,0.0,1.7218333333333333,15.393,6.0,1,20.0,,3351.809098402175,0.0,0.0,0.0,48.096144192240295,optimal
2021-02-12 08:30:00,7,99,1.3333333333333333,0.3096296296296296,0.0,0.22633333333333328,13.587,6.0,1,20.099709782059918,,4000.0,0.0,0.0,278.66666666666663,48.048048048048045,optimal
2021-02-12 09:00:00,7,99,0.0,0.0,0.0,0.4417,16.1385,6.0,1,20.20629103036349,,0.0,0.0,0.0,0.0,48.0,optimal
2021-02-12 09:30:00,7,99,0.8003859880219869,0.23222222222222222,0.0,0.245,14.595,6.0,1,20.0,,2401.1579640659606,0.0,0.0,209.0,47.23280240475455,optimal
2021-02-12 10:00:00,7,99,0.5204128305087221,0.0,0.0,0.5296333333333333,14.637,6.0,1,20.0,,1561.2384915261662,0.0,0.0,0.0,46.46637200710435,optimal
2021-02-12 10:30:00,7,99,0.5622376766350337,0.3096296296296296,0.0,0.3849333333333333,13.9125,6.0,1,20.0,,1686.7130299051007,0.0,0.0,278.66666666666663,45.7007080398518,optimal
2021-02-12 11:00:00,7,99,0.550406211350716,0.0774074074074074,0.0,0.12433333333333331,13.3665,6.0,1,20.0,,1651.2186340521482,0.0,0.0,69.66666666666666,44.9358097365665,optimal
2021-02-12 11:30:00,7,99,1.043476777531951,0.0,0.0,0.074,13.0095,6.0,1,20.0,,3130.4303325958526,0.0,0.0,0.0,44.171676331584486,optimal
2021-02-12 12:00:00,7,99,0.0,0.1548148148148148,0.0,0.26589999999999997,13.8915,6.0,1,20.11719032345935,,0.0,0.0,0.0,139.33333333333331,43.40830706000745,optimal
2021-02-12 12:30:00,7,99,0.060566029053430746,0.1548148148148148,0.0,2.0881999999999996,13.188,6.0,1,20.0,,181.69808716029223,0.0,0.0,139.33333333333331,42.645701157702,optimal
2021-02-12 13:00:00,7,99,0.3642079056272277,0.3096296296296296,0.0,0.43839999999999996,12.5685,6.0,1,20.0,,1092.623716881683,0.0,0.0,278.66666666666663,41.88385786129885,optimal
2021-02-12 13:30:00,7,99,0.3492455829845363,0.0,0.0,0.601,12.285,6.0,1,20.0,,1047.7367489536089,0.0,0.0,0.0,41.1227764081921,optimal
2021-02-12 14:00:00,7,99,1.3333333333333333,0.0774074074074074,0.0,1.9146333333333327,11.487,6.0,1,20.0,,4000.0,0.0,0.0,69.66666666666666,40.36245603653846,optimal
2021-02-12 14:30:00,7,99,0.292971702934841,0.0,0.0,1.1815333333333333,11.802,6.0,1,20.322213403756866,,878.915108804523,0.0,0.0,0.0,39.602895985256474,optimal
2021-02-12 15:00:00,7,99,1.3333333333333333,0.0774074074074074,0.0,1.127,11.2245,6.0,1,20.34162185699672,,4000.0,0.0,0.0,69.66666666666666,38.84409549402577,optimal
2021-02-12 15:30:00,7,99,1.3333333333333333,0.0,0.0,0.7081666666666666,11.025,6.0,1,20.626308778920727,,4000.0,0.0,0.0,0.0,38.0860538032863,optimal
2021-02-12 16:00:00,7,99,1.3333333333333333,0.0,0.0,1.7887666666666668,11.907,6.0,1,20.88946013414224,,4000.0,0.0,0.0,0.0,37.32877015423757,optimal
2021-02-12 16:30:00,7,99,0.0,0.0,0.0,0.2926333333333333,25.83,6.0,1,21.12699443928565,,0.0,0.0,0.0,0.0,36.57224378883788,optimal
2021-02-12 17:00:00,7,99,0.0,0.0774074074074074,0.0,0.23783333333333329,28.035,6.0,1,20.963733531009716,,0.0,0.0,0.0,69.66666666666666,35.816473949803594,optimal
2021-02-12 17:30:00,7,99,0.0,0.0774074074074074,0.0,0.17716666666666667,28.119,6.0,1,20.768985630182385,,0.0,0.0,0.0,69.66666666666666,35.061459880608346,optimal
2021-02-12 18:00:00,7,99,0.0,1.315925925925926,0.0,0.8963666666666666,30.156,6.0,1,20.579320584407593,,0.0,0.0,0.0,1184.3333333333333,35.02639842072774,optimal
2021-02-12 18:30:00,7,99,0.0,0.0,0.0,2.3794,29.1585,6.0,1,20.429927246216216,,0.0,0.0,0.0,0.0,34.99137202230701,optimal
2021-02-12 19:00:00,7,99,0.0,0.0,0.0,0.1537666666666667,26.712,6.0,1,20.37575387317671,,0.0,0.0,0.0,0.0,34.95638065028471,optimal
2021-02-12 19:30:00,7,99,0.0,0.0,0.0,0.10113333333333334,15.435,6.0,1,20.189692636971884,,0.0,0.0,0.0,0.0,34.92142426963442,optimal
2021-02-12 20:00:00,7,99,0.6927238582489129,0.5418518518518518,0.0,0.1194,13.566,6.0,1,20.0,,2078.1715747467388,0.0,0.0,487.6666666666667,34.88650284536479,optimal
2021-02-12 20:30:00,7,99,0.0,0.0774074074074074,0.0,0.3353,12.789,6.0,1,20.0,,0.0,0.0,0.0,69.66666666666666,34.85161634251942,optimal
2021-02-12 21:00:00,7,99,0.0,6.424814814814816,0.0,0.46603333333333335,12.1275,6.0,1,19.83996759076032,,0.0,0.0,0.0,5782.333333333334,34.8167647261769,optimal
2021-02-12 21:30:00,7,99,0.0,0.3096296296296296,0.0,1.9004666666666667,13.671,6.0,1,19.67498069878535,,0.0,0.0,0.0,278.66666666666663,34.78194796145072,optimal
2021-02-12 22:00:00,7,99,0.0,0.0,0.0,0.367,10.668,6.0,1,19.584470073118137,,0.0,0.0,0.0,0.0,34.74716601348927,optimal
2021-02-12 22:30:00,7,99,0.0,0.3096296296296296,0.0,0.3659333333333333,11.7285,6.0,1,19.425818638514908,,0.0,0.0,0.0,278.66666666666663,34.71241884747578,optimal
2021-02-12 23:00:00,7,99,0.0,0.0,0.0,0.3256,11.025,6.0,1,19.260109989303377,,0.0,0.0,0.0,0.0,34.677706428628305,optimal
2021-02-12 23:30:00,7,99,0.0,0.0,0.0,0.40836666666666666,10.689,6.0,1,19.094731315400917,,0.0,0.0,0.0,0.0,34.64302872219967,optimal
2021-02-13 00:00:00,7,99,1.3333333333333333,0.0,0.0,0.151,9.261,6.0,-2,19.094731315400917,,4000.0,0.0,0.0,0.0,34.60838569347747,optimal
2021-02-13 00:30:00,7,99,1.3333333333333333,0.0,5.0,0.293,8.1585,6.0,-2,19.22411093869833,,4000.0,0.0,0.0,0.0,36.948777307784,optimal
2021-02-13 01:00:00,7,99,1.3333333333333333,0.3096296296296296,0.0,1.4879,9.4815,6.0,-2,19.362292209941327,,4000.0,0.0,0.0,278.66666666666663,36.911828530476214,optimal
2021-02-13 01:30:00,7,99,1.3333333333333333,0.0,4.352088934282287,0.3207333333333333,8.379,6.0,-2,19.52895784191461,,4000.0,0.0,0.0,0.0,38.94215894572982,optimal
2021-02-13 02:00:00,7,99,1.3333333333333333,0.0,0.0,0.15369999999999998,9.5235,6.0,-2,19.654982586535592,,4000.0,0.0,0.0,0.0,38.90321678678409,optimal
2021-02-13 02:30:00,7,99,1.3333333333333333,0.0,5.0,0.3466666666666667,8.1375,6.0,-2,19.777279855876603,,4000.0,0.0,0.0,0.0,41.2393135699973,optimal
2021-02-13 03:00:00,7,99,1.3333333333333333,0.0,0.0,0.128,10.0905,6.0,-2,19.912338586071883,,4000.0,0.0,0.0,0.0,41.198074256427304,optimal
2021-02-13 03:30:00,7,99,1.3333333333333333,0.0,5.0,0.06,7.539,6.0,-2,20.018620344041427,,4000.0,0.0,0.0,0.0,43.531876182170876,optimal
2021-02-13 04:00:00,7,99,1.3333333333333333,0.0,5.0,0.06,7.938,6.0,-2,20.115168597850474,,4000.0,0.0,0.0,0.0,45.8633443059887,optimal
2021-02-13 04:30:00,7,99,1.3333333333333333,0.0,5.0,0.06,8.274,6.0,-2,20.20984989966812,,4000.0,0.0,0.0,0.0,48.192480961682705,optimal
2021-02-13 05:00:00,7,99,1.3333333333333333,0.0,0.0,0.06,9.261,6.0,-2,20.3020510583611,,4000.0,0.0,0.0,0.0,48.144288480721016,optimal
2021-02-13 05:30:00,7,99,1.3333333333333333,0.0,0.0,0.1456,9.9225,6.0,-2,20.391803669721412,,4000.0,0.0,0.0,0.0,48.096144192240295,optimal
2021-02-13 06:00:00,7,99,1.3333333333333333,0.0,0.0,0.13133333333333333,9.702,6.0,-2,20.486422031035108,,4000.0,0.0,0.0,0.0,48.048048048048045,optimal
2021-02-13 06:30:00,7,99,1.3333333333333333,2.012592592592592,0.0,0.09340000000000001,10.584,6.0,-2,20.57734720038678,,4000.0,0.0,0.0,1811.333333333333,48.0,optimal
2021-02-13 07:00:00,7,99,1.3333333333333333,0.0774074074074074,0.0,0.26426666666666665,10.143,6.0,-2,20.666255837275173,,4000.0,0.0,0.0,69.66666666666666,47.72488054529892,optimal
2021-02-13 07:30:00,7,99,0.0,0.1548148148148148,0.0,0.11366666666666668,13.0095,6.0,-2,20.771704706709407,,0.0,0.0,0.0,139.33333333333331,47.45003621005255,optimal
2021-02-13 08:00:00,7,99,1.3333333333333333,0.3096296296296296,0.0,0.068,11.025,6.0,-2,20.524523541023502,,4000.0,0.0,0.0,278.66666666666663,47.175466719141426,optimal
2021-02-13 08:30:00,7,99,0.0,0.0,0.0,0.33003333333333335,12.789,6.0,-2,20.61746295402465,,0.0,0.0,0.0,0.0,46.90117179772121,optimal
2021-02-13 09:00:00,7,99,0.2994107085406758,0.0,0.0,0.1536,12.1275,6.0,-2,20.38875496920868,,898.2321256220274,0.0,0.0,0.0,46.627151171222415,optimal
2021-02-13 09:30:00,7,99,1.3333333333333333,0.23222222222222222,0.0,0.068,12.1695,6.0,-2,20.251543340720456,,4000.0,0.0,0.0,209.0,46.35340456535012,optimal
2021-02-13 10:00:00,7,99,1.3333333333333333,0.1548148148148148,0.0,0.22793333333333332,12.306,6.0,-2,20.37231569389002,,4000.0,0.0,0.0,139.33333333333331,46.07993170608369,optimal
2021-02-13 10:30:00,7,99,0.0,0.0,0.0,1.5757333333333332,13.23,6.0,-2,20.535357390468178,,0.0,0.0,0.0,0.0,45.806732319676534,optimal
2021-02-13 11:00:00,7,99,0.0,0.0,0.0,2.568366666666667,13.671,6.0,-2,20.45038281254625,,0.0,0.0,0.0,0.0,45.53380613265578,optimal
2021-02-13 11:30:00,7,99,0.0,0.0,0.0,2.8051999999999997,13.9335,6.0,-2,20.364493223020972,,0.0,0.0,0.0,0.0,45.261152871822055,optimal
2021-02-13 12:00:00,7,99,0.0,0.0,0.0,0.5888,13.293,6.0,-2,20.281621821436385,,0.0,0.0,0.0,0.0,44.98877226424916,optimal
2021-02-13 12:30:00,7,99,1.3333333333333333,0.0774074074074074,0.0,0.0728,12.1065,6.0,-2,20.161184187886015,,4000.0,0.0,0.0,69.66666666666666,44.716664037283834,optimal
2021-02-13 13:00:00,7,99,1.3333333333333333,0.3096296296296296,0.0,0.4193,11.571,6.0,-2,20.369139632186382,,4000.0,0.0,0.0,278.66666666666663,44.44482791854548,optimal
2021-02-13 13:30:00,7,99,1.3333333333333333,0.0,0.0,0.1028,11.025,6.0,-2,20.609505222931126,,4000.0,0.0,0.0,0.0,44.173263635925856,optimal
2021-02-13 14:00:00,7,99,1.3333333333333333,0.0,0.0,0.08426666666666667,10.8465,6.0,-2,20.81063192931088,,4000.0,0.0,0.0,0.0,43.901970917588855,optimal
2021-02-13 14:30:00,7,99,1.3333333333333333,0.0,0.0,0.21266666666666662,11.2455,6.0,-2,20.970370272580357,,4000.0,0.0,0.0,0.0,43.63094949197019,optimal
2021-02-13 15:00:00,7,99,0.0,0.0,0.0,0.07,23.8665,6.0,-2,21.140272235030174,,0.0,0.0,0.0,0.0,43.36019908777715,optimal
2021-02-13 15:30:00,7,99,0.0,0.23222222222222222,0.0,0.2557333333333333,27.4575,6.0,-2,20.934329779686692,,0.0,0.0,0.0,209.0,43.08971943398829,optimal
2021-02-13 16:00:00,7,99,0.0,0.1548148148148148,0.0,0.3803,27.3735,6.0,-2,20.76217345079924,,0.0,0.0,0.0,139.33333333333331,42.81951025985323,optimal
2021-02-13 16:30:00,7,99,0.0,0.0,0.0,0.3703333333333333,30.4605,6.0,-2,20.579526030511484,,0.0,0.0,0.0,0.0,42.5495712948923,optimal
2021-02-13 17:00:00,7,99,0.0,0.6966666666666667,0.0,0.23246666666666665,30.0195,6.0,-2,20.40188839798113,,0.0,0.0,0.0,627.0,42.279902268896336,optimal
2021-02-13 17:30:00,7,99,0.0,0.387037037037037,0.0,0.07429999999999999,26.9325,6.0,-2,20.199333767809875,,0.0,0.0,0.0,348.3333333333333,42.23762236662744,optimal
2021-02-13 18:00:00,7,99,0.7141508261769745,0.774074074074074,0.0,0.2459333333333333,14.595,6.0,-2,20.0,,2142.452478530923,0.0,0.0,696.6666666666666,42.195384744260814,optimal
2021-02-13 18:30:00,7,99,0.7443018870778523,0.0,0.0,0.1167,12.4845,6.0,-2,20.0,,2232.9056612335567,0.0,0.0,0.0,42.15318935951655,optimal
2021-02-13 19:00:00,7,99,0.6233196146454028,0.46444444444444444,0.0,0.2686,12.1275,6.0,-2,20.0,,1869.9588439362085,0.0,0.0,418.0,42.111036170157035,optimal
2021-02-13 19:30:00,7,99,1.2500520281150314,0.23222222222222222,0.0,0.27293333333333336,12.1275,6.0,-2,20.0,,3750.1560843450943,0.0,0.0,209.0,42.06892513398688,optimal
2021-02-13 20:00:00,7,99,0.0,0.23222222222222222,0.0,0.5812999999999999,12.789,6.0,-2,20.151512177457423,,0.0,0.0,0.0,209.0,42.02685620885289,optimal
2021-02-13 20:30:00,7,99,0.0,0.0,0.0,0.4591,11.907,6.0,-2,20.0,,0.0,0.0,0.0,0.0,41.98482935264404,optimal
2021-02-13 21:00:00,7,99,0.0,0.0,0.0,0.4529333333333333,11.025,6.0,-2,19.843288057831245,,0.0,0.0,0.0,0.0,41.9428445232914,optimal
2021-02-13 21:30:00,7,99,0.0,0.0,0.0,0.224,8.2005,6.0,-2,19.666068096942176,,0.0,0.0,0.0,0.0,41.90090167876811,optimal
2021-02-13 22:00:00,7,99,0.0,0.0,0.0,0.3206,9.5655,6.0,-2,19.461517949534596,,0.0,0.0,0.0,0.0,41.85900077708934,optimal
2021-02-13 22:30:00,7,99,0.0,0.0,0.0,0.09853333333333332,7.056,6.0,-2,19.26721243317078,,0.0,0.0,0.0,0.0,41.817141776312255,optimal
2021-02-13 23:00:00,7,99,0.0,0.0,0.0,0.08426666666666667,9.3975,6.0,-2,19.035428988996006,,0.0,0.0,0.0,0.0,41.77532463453594,optimal
2021-02-13 23:30:00,7,99,0.0,0.0,0.0,0.264,10.059,6.0,-2,18.806021475324645,,0.0,0.0,0.0,0.0,41.733549309901406,optimal
2021-02-07 00:00:00,8,99,0.0,0.0,0.0,0.04,7.938,6.0,2,21.0,,0.0,0.0,0.0,0.0,47.952,optimal
2021-02-07 00:30:00,8,99,1.3333333333333333,0.0,0.0,0.0836,5.292,6.0,2,20.782303435100015,,4000.0,0.0,0.0,0.0,47.904047999999996,optimal
2021-02-07 01:00:00,8,99,0.0,0.0,0.0,0.09813333333333334,9.261,6.0,2,20.910147847422575,,0.0,0.0,0.0,0.0,47.856143952,optimal
2021-02-07 01:30:00,8,99,0.0,0.0,0.0,0.18866666666666662,10.3635,6.0,2,20.695994211498164,,0.0,0.0,0.0,0.0,47.80828780804799,optimal
2021-02-07 02:00:00,8,99,0.0,0.0,0.0,0.14,8.274,6.0,2,20.491634658155274,,0.0,0.0,0.0,0.0,47.76047952023995,optimal
2021-02-07 02:30:00,8,99,1.3333333333333333,0.0,0.0,0.16213333333333332,7.7175,6.0,2,20.285100863331333,,4000.0,0.0,0.0,0.0,47.712719040719705,optimal
2021-02-07 03:00:00,8,99,1.3333333333333333,0.0,0.0,0.2016,6.615,6.0,2,20.422139389379986,,4000.0,0.0,0.0,0.0,47.66500632167899,optimal
2021-02-07 03:30:00,8,99,1.3333333333333333,0.0,0.0,0.2084,6.174,6.0,2,20.55951610433308,,4000.0,0.0,0.0,0.0,47.61734131535731,optimal
2021-02-07 04:00:00,8,99,1.3333333333333333,0.0,0.0,0.04,3.906,6.0,2,20.695084297308533,,4000.0,0.0,0.0,0.0,47.56972397404195,optimal
2021-02-07 04:30:00,8,99,1.3333333333333333,0.0,0.0,0.3177333333333333,2.3415,6.0,2,20.813960467997862,,4000.0,0.0,0.0,0.0,47.522154250067906,optimal
2021-02-07 05:00:00,8,99,1.3333333333333333,0.0,0.0,0.11266666666666668,2.205,6.0,2,20.954952597928134,,4000.0,0.0,0.0,0.0,47.47463209581784,optimal
2021-02-07 05:30:00,8,99,1.3333333333333333,0.0,1.611207364127776,0.04,0.882,6.0,2,21.076700872822116,,4000.0,0.0,0.0,0.0,48.192480961682705,optimal
2021-02-07 06:00:00,8,99,1.3333333333333333,0.0,0.0,0.2583333333333333,1.5435,6.0,2,21.190715437814426,,4000.0,0.0,0.0,0.0,48.144288480721016,optimal
2021-02-07 06:30:00,8,99,1.3333333333333333,0.0,0.0,0.17206666666666667,1.5435,6.0,2,21.32185396683951,,4000.0,0.0,0.0,0.0,48.096144192240295,optimal
2021-02-07 07:00:00,8,99,1.3333333333333333,0.0,0.0,0.14166666666666666,5.0715,6.0,2,21.44334505493864,,4000.0,0.0,0.0,0.0,48.048048048048045,optimal
2021-02-07 07:30:00,8,99,1.3333333333333333,0.6192592592592592,0.0,0.2477333333333333,5.376,6.0,2,21.561885684804977,,4000.0,0.0,0.0,557.3333333333333,48.0,optimal
2021-02-07 08:00:00,8,99,1.3333333333333333,0.0,0.0,1.4968333333333332,5.0715,6.0,2,21.705578944774636,,4000.0,0.0,0.0,0.0,47.58914042196767,optimal
2021-02-07 08:30:00,8,99,1.3333333333333333,0.0,0.0,0.05,5.5125,6.0,2,21.831025466558696,,4000.0,0.0,0.0,0.0,47.17869170351337,optimal
2021-02-07 09:00:00,8,99,1.2396281395573643,0.0,0.0,0.23333333333333328,9.261,6.0,2,21.91540359173444,,3718.8844186720926,0.0,0.0,0.0,46.76865343377753,optimal
2021-02-07 09:30:00,8,99,0.9553500442684891,0.0,0.0,0.09706666666666666,11.7075,6.0,2,22.0,,2866.0501328054675,0.0,0.0,0.0,46.35902520231142,optimal
2021-02-07 10:00:00,8,99,0.0,0.0,0.0,0.19906666666666664,12.348,6.0,2,22.0,,0.0,0.0,0.0,0.0,45.94980659907678,optimal
2021-02-07 10:30:00,8,99,0.0,0.0,0.0,0.8811666666666667,12.348,6.0,2,21.778027593981765,,0.0,0.0,0.0,0.0,45.540997214445376,optimal
2021-02-07 11:00:00,8,99,1.3333333333333333,0.0,0.0,0.19666666666666663,12.1275,6.0,2,21.56985675237553,,4000.0,0.0,0.0,0.0,45.1325966391986,optimal
2021-02-07 11:30:00,8,99,1.3333333333333333,0.0,0.0,0.21803333333333333,12.5265,6.0,2,21.707806594756,,4000.0,0.0,0.0,0.0,44.724604464527076,optimal
2021-02-07 12:00:00,8,99,1.3333333333333333,0.0,0.0,0.17903333333333332,11.7495,6.0,2,21.845816964540006,,4000.0,0.0,0.0,0.0,44.31702028203022,optimal
2021-02-07 12:30:00,8,99,0.0,0.0,0.0,2.071766666666667,13.23,6.0,2,21.99032326869498,,0.0,0.0,0.0,0.0,43.90984368371586,optimal
2021-02-07 13:00:00,8,99,0.0,0.0774074074074074,0.0,2.1648666666666667,14.3325,6.0,2,21.83686862935423,,0.0,0.0,0.0,69.66666666666666,43.50307426199982,optimal
2021-02-07 13:30:00,8,99,0.0,0.0,0.0,0.19526666666666667,14.994,6.0,2,21.66833919673809,,0.0,0.0,0.0,0.0,43.096711609705494,optimal
2021-02-07 14:00:00,8,99,0.0,0.0,0.0,1.7722,14.8155,6.0,2,21.48666051252325,,0.0,0.0,0.0,0.0,42.69075532006346,optimal
2021-02-07 14:30:00,8,99,0.0,0.0,0.0,1.3074666666666668,14.112,6.0,2,21.317634372765013,,0.0,0.0,0.0,0.0,42.285204986711065,optimal
2021-02-07 15:00:00,8,99,0.0,0.0,0.0,0.05,14.007,6.0,2,21.164484281257785,,0.0,0.0,0.0,0.0,41.880060203692025,optimal
2021-02-07 15:30:00,8,99,1.3333333333333333,0.0,0.0,0.15173333333333333,13.23,6.0,2,20.972875485711242,,4000.0,0.0,0.0,0.0,41.475320565456,optimal
2021-02-07 16:00:00,8,99,1.3333333333333333,0.0,0.0,0.14493333333333333,11.382,6.0,2,21.130784504846382,,4000.0,0.0,0.0,0.0,41.07098566685822,optimal
2021-02-07 16:30:00,8,99,1.3333333333333333,0.0,0.0,0.2037333333333333,11.7495,6.0,2,21.260717003719535,,4000.0,0.0,0.0,0.0,40.667055103159036,optimal
2021-02-07 17:00:00,8,99,0.0,0.0,0.0,0.23333333333333328,24.3285,6.0,2,21.39463408210051,,0.0,0.0,0.0,0.0,40.26352847002355,optimal
2021-02-07 17:30:00,8,99,0.0,0.0,0.0,0.07706666666666666,28.917,6.0,2,21.1635481345465,,0.0,0.0,0.0,0.0,39.8604053635212,optimal
2021-02-07 18:00:00,8,99,0.0,0.0,0.0,0.19,31.3635,6.0,2,20.923384422222536,,0.0,0.0,0.0,0.0,39.457685380125355,optimal
2021-02-07 18:30:00,8,99,0.0,0.0,0.0,0.20286666666666667,33.306,6.0,2,20.691542074508412,,0.0,0.0,0.0,0.0,39.0553681167129,optimal
2021-02-07 19:00:00,8,99,0.0,0.0,0.0,0.20086666666666667,31.3425,6.0,2,20.46438499284874,,0.0,0.0,0.0,0.0,38.65345317056386,optimal
2021-02-07 19:30:00,8,99,0.0,0.0,0.0,2.0704000000000002,28.2555,6.0,2,20.240588588817666,,0.0,0.0,0.0,0.0,38.25194013936097,optimal
2021-02-07 20:00:00,8,99,0.1304374872135794,0.3096296296296296,0.0,0.8822666666666666,15.6975,6.0,2,20.104314996158763,,391.3124616407382,0.0,0.0,278.66666666666663,38.21368819922161,optimal
2021-02-07 20:30:00,8,99,0.0,0.0,0.0,0.219,12.5475,6.0,2,20.0,,0.0,0.0,0.0,0.0,38.17547451102239,optimal
2021-02-07 21:00:00,8,99,0.0,0.0,0.0,1.8473,12.0855,6.0,2,19.823483602626137,,0.0,0.0,0.0,0.0,38.137299036511365,optimal
2021-02-07 21:30:00,8,99,0.0,0.0,0.0,0.7803333333333333,11.907,6.0,2,19.66202038503445,,0.0,0.0,0.0,0.0,38.09916173747485,optimal
2021-02-07 22:00:00,8,99,0.0,0.1548148148148148,0.0,2.1357,12.5685,6.0,2,19.52572550505652,,0.0,0.0,0.0,139.33333333333331,38.061062575737374,optimal
2021-02-07 22:30:00,8,99,0.0,0.0,0.0,1.5239666666666667,13.146,6.0,2,19.39246446978729,,0.0,0.0,0.0,0.0,38.02300151316164,optimal
2021-02-07 23:00:00,8,99,0.0,0.387037037037037,0.0,1.198,10.584,6.0,2,19.25021185420374,,0.0,0.0,0.0,348.3333333333333,37.98497851164848,optimal
2021-02-07 23:30:00,8,99,0.0,0.0,0.0,0.2536333333333333,6.678,6.0,2,19.11636398004719,,0.0,0.0,0.0,0.0,37.946993533136826,optimal
2021-02-08 00:00:00,8,99,1.3333333333333333,0.0,0.0,0.16,7.938,6.0,-1,19.11636398004719,,4000.0,0.0,0.0,0.0,37.909046539603686,optimal
2021-02-08 00:30:00,8,99,1.3333333333333333,0.0,0.0,0.06,8.6835,6.0,-1,19.254096669480308,,4000.0,0.0,0.0,0.0,37.87113749306408,optimal
2021-02-08 01:00:00,8,99,1.3333333333333333,0.0,0.0,0.06416666666666668,7.665,6.0,-1,19.381566413759547,,4000.0,0.0,0.0,0.0,37.83326635557102,optimal
2021-02-08 01:30:00,8,99,1.3333333333333333,0.0,2.9561583247539747,0.13083333333333333,6.7725,6.0,-1,19.507766769247684,,4000.0,0.0,0.0,0.0,39.19960829347358,optimal
2021-02-08 02:00:00,8,99,1.3333333333333333,0.0,5.0,0.17666666666666667,5.5755,6.0,-1,19.63739461907525,,4000.0,0.0,0.0,0.0,41.5354086851801,optimal
2021-02-08 02:30:00,8,99,1.3333333333333333,0.0,5.0,0.11833333333333332,5.0925,6.0,-1,19.7686337363587,,4000.0,0.0,0.0,0.0,43.86887327649492,optimal
2021-02-08 03:00:00,8,99,1.3333333333333333,0.0,5.0,0.155,4.1895,6.0,-1,19.8938747331629,,4000.0,0.0,0.0,0.0,46.200004403218415,optimal
2021-02-08 03:30:00,8,99,1.3333333333333333,0.0,0.0,0.065,7.056,6.0,-1,20.02127690668651,,4000.0,0.0,0.0,0.0,46.15380439881519,optimal
2021-02-08 04:00:00,8,99,1.3333333333333333,0.0,5.0,0.105,5.271,6.0,-1,20.13876159543264,,4000.0,0.0,0.0,0.0,48.48265059441637,optimal
2021-02-08 04:30:00,8,99,1.3333333333333333,0.0,0.0,0.115,7.938,6.0,-1,20.257515932031602,,4000.0,0.0,0.0,0.0,48.434167943821954,optimal
2021-02-08 05:00:00,8,99,1.3333333333333333,0.0,0.0,0.06,7.938,6.0,-1,20.374334276902758,,4000.0,0.0,0.0,0.0,48.38573377587813,optimal
2021-02-08 05:30:00,8,99,1.3333333333333333,0.1548148148148148,0.0,0.15966666666666665,11.907,6.0,-1,20.48371089922032,,4000.0,0.0,0.0,139.33333333333331,48.33734804210225,optimal
2021-02-08 06:00:00,8,99,1.3333333333333333,0.0774074074074074,0.0,0.11316666666666668,11.025,6.0,-1,20.601891043324034,,4000.0,0.0,0.0,69.66666666666666,48.289010694060146,optimal
2021-02-08 06:30:00,8,99,1.3333333333333333,0.0,0.0,0.07983333333333333,11.2875,6.0,-1,20.718637680817334,,4000.0,0.0,0.0,0.0,48.240721683366075,optimal
2021-02-08 07:00:00,8,99,0.0,0.1548148148148148,0.0,0.226,12.936,6.0,-1,20.834380308318018,,0.0,0.0,0.0,139.33333333333331,48.192480961682705,optimal
2021-02-08 07:30:00,8,99,0.0,0.3096296296296296,0.0,0.08733333333333333,13.0095,6.0,-1,20.63229683933631,,0.0,0.0,0.0,278.66666666666663,48.144288480721016,optimal
2021-02-08 08:00:00,8,99,0.0,1.9351851851851851,0.0,0.084,13.671,6.0,-1,20.423883001968928,,0.0,0.0,0.0,1741.6666666666667,48.096144192240295,optimal
2021-02-08 08:30:00,8,99,0.5144122732361566,0.23222222222222222,0.0,1.7441,13.188,6.0,-1,20.218441253202897,,1543.2368197084697,0.0,0.0,209.0,48.048048048048045,optimal
2021-02-08 09:00:00,8,99,0.0,1.5883999999999998,0.0,0.3063333333333333,13.8495,6.0,-1,20.181920266309042,,0.0,0.0,0.0,1429.56,48.0,optimal
2021-02-08 09:30:00,8,99,0.7264396523452027,4.836414814814814,0.0,0.24546666666666667,13.23,6.0,-1,20.0,,2179.318957035608,0.0,0.0,4352.773333333333,47.21625243820961,optimal
2021-02-08 10:00:00,8,99,0.5882309949488307,0.23222222222222222,0.0,0.32976666666666665,13.3665,6.0,-1,20.0,,1764.6929848464922,0.0,0.0,209.0,46.43328862398101,optimal
2021-02-08 10:30:00,8,99,1.3333333333333333,0.0,0.0,0.5738666666666666,13.0515,6.0,-1,20.0,,4000.0,0.0,0.0,0.0,45.651107773566636,optimal
2021-02-08 11:00:00,8,99,1.3333333333333333,0.0,0.0,0.07,13.5345,6.0,-1,20.192444179911213,,4000.0,0.0,0.0,0.0,44.86970910400268,optimal
2021-02-08 11:30:00,8,99,0.0,0.0,0.0,0.16833333333333333,14.154,6.0,-1,20.361028579336647,,0.0,0.0,0.0,0.0,44.089091833108284,optimal
2021-02-08 12:00:00,8,99,0.0,0.0,0.0,0.14666666666666667,14.112,6.0,-1,20.19677377863122,,0.0,0.0,0.0,0.0,43.309255179484786,optimal
2021-02-08 12:30:00,8,99,0.4119730310891935,0.0,0.0,0.145,14.2485,6.0,-1,20.043630510464503,,1235.9190932675804,0.0,0.0,0.0,42.53019836251491,optimal
2021-02-08 13:00:00,8,99,1.3333333333333333,0.0,0.0,0.15466666666666665,12.789,6.0,-1,20.0,,4000.0,0.0,0.0,0.0,41.751920602362006,optimal
2021-02-08 13:30:00,8,99,1.2574279376999213,0.0,0.0,0.3197,13.0095,6.0,-1,20.196334639941917,,3772.283813099764,0.0,0.0,0.0,40.97442111996925,optimal
2021-02-08 14:00:00,8,99,1.3333333333333333,0.0774074074074074,0.0,0.3090333333333334,12.1275,6.0,-1,20.39444691284524,,4000.0,0.0,0.0,69.66666666666666,40.19769913705889,optimal
2021-02-08 14:30:00,8,99,1.3333333333333333,6.192592592592591,0.0,0.6475333333333333,12.348,6.0,-1,20.610778115797515,,4000.0,0.0,0.0,5573.333333333332,39.42175387613144,optimal
2021-02-08 15:00:00,8,99,1.3333333333333333,1.315925925925926,0.0,1.1615666666666666,12.348,6.0,-1,20.869947110948942,,4000.0,0.0,0.0,1184.3333333333333,38.646584560464916,optimal
2021-02-08 15:30:00,8,99,0.0,0.0,0.0,0.9556333333333332,25.389,6.0,-1,21.09372320451561,,0.0,0.0,0.0,0.0,37.87219041411406,optimal
2021-02-08 16:00:00,8,99,0.0,0.8514814814814814,0.0,0.6277,29.1375,6.0,-1,20.970165043185556,,0.0,0.0,0.0,766.3333333333333,37.834318223699945,optimal
2021-02-08 16:30:00,8,99,0.0,0.3096296296296296,0.0,0.39466666666666667,30.597,6.0,-1,20.8448063658088,,0.0,0.0,0.0,278.66666666666663,37.796483905476244,optimal
2021-02-08 17:00:00,8,99,0.0,0.0,0.0,0.5529,33.684,6.0,-1,20.6936360995465,,0.0,0.0,0.0,0.0,37.75868742157077,optimal
2021-02-08 17:30:00,8,99,0.0,0.0,0.0,0.23326666666666668,32.445,6.0,-1,20.533530649648853,,0.0,0.0,0.0,0.0,37.7209287341492,optimal
2021-02-08 18:00:00,8,99,0.0,0.387037037037037,0.0,0.282,28.917,6.0,-1,20.359007595661925,,0.0,0.0,0.0,348.3333333333333,37.68320780541505,optimal
2021-02-08 18:30:00,8,99,0.0,0.1548148148148148,0.0,0.3374,15.876,6.0,-1,20.171521929698155,,0.0,0.0,0.0,139.33333333333331,37.645524597609636,optimal
2021-02-08 19:00:00,8,99,0.7433671850962619,0.23222222222222222,0.0,0.15480000000000002,12.348,6.0,-1,20.0,,2230.1015552887857,0.0,0.0,209.0,37.60787907301203,optimal
2021-02-08 19:30:00,8,99,1.3333333333333333,0.1548148148148148,0.0,0.2598666666666667,12.1275,6.0,-1,20.0,,4000.0,0.0,0.0,139.33333333333331,37.570271193939014,optimal
2021-02-08 20:00:00,8,99,0.10159199810211826,0.0,0.0,0.4403666666666667,12.348,6.0,-1,20.153793651331327,,304.7759943063548,0.0,0.0,0.0,37.53270092274507,optimal
2021-02-08 20:30:00,8,99,0.0,2.012592592592592,0.0,0.34,12.1275,6.0,-1,20.0,,0.0,0.0,0.0,1811.333333333333,37.495168221822325,optimal
2021-02-08 21:00:00,8,99,0.0,0.0,0.0,0.4346666666666667,12.1275,6.0,-1,19.810974492956277,,0.0,0.0,0.0,0.0,37.4576730536005,optimal
2021-02-08 21:30:00,8,99,0.0,0.0,0.0,0.3763333333333333,11.2665,6.0,-1,19.632890359405092,,0.0,0.0,0.0,0.0,37.4202153805469,optimal
2021-02-08 22:00:00,8,99,0.0,0.0,0.0,0.155,10.143,6.0,-1,19.44427216961804,,0.0,0.0,0.0,0.0,37.38279516516635,optimal
2021-02-08 22:30:00,8,99,0.0,0.0,0.0,0.135,11.2455,6.0,-1,19.22730161119172,,0.0,0.0,0.0,0.0,37.345412370001185,optimal
2021-02-08 23:00:00,8,99,0.0,0.0,0.0,0.145,11.025,6.0,-1,19.010756514962694,,0.0,0.0,0.0,0.0,37.30806695763118,optimal
2021-02-08 23:30:00,8,99,0.0,0.0,0.0,0.0795,5.9745,6.0,-1,18.797183950476505,,0.0,0.0,0.0,0.0,37.270758890673555,optimal
2021-02-09 00:00:00,8,99,1.3333333333333333,0.0,0.0,0.058,11.466,6.0,2,18.797183950476505,,4000.0,0.0,0.0,0.0,37.233488131782885,optimal
2021-02-09 00:30:00,8,99,1.3333333333333333,0.0,5.0,0.15363333333333332,10.8045,6.0,2,18.918677159127515,,4000.0,0.0,0.0,0.0,39.5712546436511,optimal
2021-02-09 01:00:00,8,99,1.3333333333333333,0.0,5.0,0.06303333333333333,10.584,6.0,2,19.04739634981315,,4000.0,0.0,0.0,0.0,41.90668338900745,optimal
2021-02-09 01:30:00,8,99,1.3333333333333333,0.0,0.0,0.058,11.2455,6.0,2,19.167404178131488,,4000.0,0.0,0.0,0.0,41.86477670561844,optimal
2021-02-09 02:00:00,8,99,1.2877488777954482,0.0,0.0,0.15866666666666665,12.1275,6.0,2,19.28418096489884,,3863.2466333863445,0.0,0.0,0.0,41.82291192891282,optimal
2021-02-09 02:30:00,8,99,1.3333333333333333,0.0,0.0,0.058,11.823,6.0,2,19.395125758675793,,4000.0,0.0,0.0,0.0,41.78108901698391,optimal
2021-02-09 03:00:00,8,99,1.3333333333333333,0.0,0.0,0.058,11.7705,6.0,2,19.508364510397524,,4000.0,0.0,0.0,0.0,41.73930792796693,optimal
2021-02-09 03:30:00,8,99,1.3333333333333333,0.0,4.0502825763032115,0.15866666666666665,11.13,6.0,2,19.62079763182075,,4000.0,0.0,0.0,0.0,43.621452843782976,optimal
2021-02-09 04:00:00,8,99,1.3333333333333333,0.0,0.0,0.058,11.6865,6.0,2,19.741637382519656,,4000.0,0.0,0.0,0.0,43.577831390939195,optimal
2021-02-09 04:30:00,8,99,1.3333333333333333,0.0,5.0,0.05966666666666666,10.7205,6.0,2,19.853646624072244,,4000.0,0.0,0.0,0.0,45.909253559548254,optimal
2021-02-09 05:00:00,8,99,1.3333333333333333,0.0,0.0,0.14216666666666666,11.424,6.0,2,19.96295497315137,,4000.0,0.0,0.0,0.0,45.8633443059887,optimal
2021-02-09 05:30:00,8,99,1.3333333333333333,0.0,5.0,0.08316666666666667,10.689,6.0,2,20.076020603588248,,4000.0,0.0,0.0,0.0,48.192480961682705,optimal
2021-02-09 06:00:00,8,99,1.3333333333333333,0.0,0.0,0.11336666666666666,11.361,6.0,2,20.183363323496412,,4000.0,0.0,0.0,0.0,48.144288480721016,optimal
2021-02-09 06:30:00,8,99,1.3333333333333333,0.0,0.0,0.1033,11.571,6.0,2,20.291908056770122,,4000.0,0.0,0.0,0.0,48.096144192240295,optimal
2021-02-09 07:00:00,8,99,0.0,0.3096296296296296,0.0,0.10933333333333331,14.3745,6.0,2,20.397576506753435,,0.0,0.0,0.0,278.66666666666663,48.048048048048045,optimal
2021-02-09 07:30:00,8,99,1.3333333333333333,6.6570370370370355,0.0,0.21130000000000002,13.23,6.0,2,20.17565772064844,,4000.0,0.0,0.0,5991.333333333332,48.0,optimal
2021-02-09 08:00:00,8,99,1.3333333333333333,0.0,0.0,3.1307,13.9755,6.0,2,20.31128786096907,,4000.0,0.0,0.0,0.0,47.668663340874396,optimal
2021-02-09 08:30:00,8,99,0.0,0.387037037037037,0.0,2.182366666666667,14.994,6.0,2,20.47243822715392,,0.0,0.0,0.0,348.3333333333333,47.33765801840792,optimal
2021-02-09 09:00:00,8,99,1.3333333333333333,0.0,0.0,1.2087,13.671,6.0,2,20.281917091380482,,4000.0,0.0,0.0,0.0,47.00698370126391,optimal
2021-02-09 09:30:00,8,99,0.0,0.0,0.0,0.2603666666666667,15.981,6.0,2,20.45069877057626,,0.0,0.0,0.0,0.0,46.676640058437044,optimal
2021-02-09 10:00:00,8,99,0.0,0.3096296296296296,0.0,1.5947,15.6345,6.0,2,20.269268141737566,,0.0,0.0,0.0,278.66666666666663,46.346626759253006,optimal
2021-02-09 10:30:00,8,99,0.0,0.0,0.0,0.3166666666666667,16.5375,6.0,2,20.148394927311678,,0.0,0.0,0.0,0.0,46.01694347336815,optimal
2021-02-09 11:00:00,8,99,0.959497979680779,0.0,0.0,0.216,14.7735,6.0,2,20.0,,2878.493939042337,0.0,0.0,0.0,45.68758987076918,optimal
2021-02-09 11:30:00,8,99,0.0,0.1548148148148148,0.0,0.31006666666666666,15.2145,6.0,2,20.11932067035364,,0.0,0.0,0.0,139.33333333333331,45.35856562177281,optimal
2021-02-09 12:00:00,8,99,0.3595851135725763,0.3096296296296296,0.0,1.5427,14.553,6.0,2,20.0,,1078.7553407177288,0.0,0.0,278.66666666666663,45.029870397025434,optimal
2021-02-09 12:30:00,8,99,1.2711700790858749,0.0,0.0,0.8055666666666668,14.3325,6.0,2,20.0,,3813.510237257625,0.0,0.0,0.0,44.70150386750281,optimal
2021-02-09 13:00:00,8,99,0.0,0.0,0.0,0.1415,14.595,6.0,2,20.218757023352328,,0.0,0.0,0.0,0.0,44.373465704509705,optimal
2021-02-09 13:30:00,8,99,0.0,0.0,0.0,0.06636666666666666,14.994,6.0,2,20.111137144068508,,0.0,0.0,0.0,0.0,44.04575557967959,optimal
2021-02-09 14:00:00,8,99,0.577394031056625,0.0,0.0,2.1656,14.3325,6.0,2,20.0,,1732.1820931698753,0.0,0.0,0.0,43.71837316497431,optimal
2021-02-09 14:30:00,8,99,1.3333333333333333,0.0,0.0,0.2660666666666667,13.8915,6.0,2,20.06522908499054,,4000.0,0.0,0.0,0.0,43.391318132683736,optimal
2021-02-09 15:00:00,8,99,1.3333333333333333,0.3096296296296296,0.0,0.0704,13.8915,6.0,2,20.308846397497252,,4000.0,0.0,0.0,278.66666666666663,43.06459015542545,optimal
2021-02-09 15:30:00,8,99,1.3333333333333333,0.0,0.0,0.27963333333333334,13.4715,6.0,2,20.526246495552083,,4000.0,0.0,0.0,0.0,42.73818890614442,optimal
2021-02-09 16:00:00,8,99,1.3333333333333333,0.0,0.0,1.1018666666666665,13.23,6.0,2,20.765670207804646,,4000.0,0.0,0.0,0.0,42.41211405811268,optimal
2021-02-09 16:30:00,8,99,1.3333333333333333,0.6966666666666667,0.0,2.7702,13.8915,6.0,2,20.96495791702388,,4000.0,0.0,0.0,627.0,42.086365284928966,optimal
2021-02-09 17:00:00,8,99,0.0,0.1548148148148148,0.0,0.17673333333333333,26.9325,6.0,2,21.18649547115441,,0.0,0.0,0.0,139.33333333333331,42.044278919644036,optimal
2021-02-09 17:30:00,8,99,0.0,0.1548148148148148,0.0,0.24963333333333332,30.303,6.0,2,20.995507404480716,,0.0,0.0,0.0,139.33333333333331,42.00223464072439,optimal
2021-02-09 18:00:00,8,99,0.0,0.0774074074074074,0.0,2.3834666666666666,32.886,6.0,2,20.81356453940354,,0.0,0.0,0.0,69.66666666666666,41.96023240608366,optimal
2021-02-09 18:30:00,8,99,0.0,0.387037037037037,0.0,0.24996666666666667,34.9965,6.0,2,20.65586345971746,,0.0,0.0,0.0,348.3333333333333,41.91827217367758,optimal
2021-02-09 19:00:00,8,99,0.0,0.0774074074074074,0.0,0.37326666666666664,33.327,6.0,2,20.487140089806633,,0.0,0.0,0.0,69.66666666666666,41.876353901503904,optimal
2021-02-09 19:30:00,8,99,0.0,1.7803703703703702,0.0,0.39339999999999997,31.122,6.0,2,20.329013765582392,,0.0,0.0,0.0,1602.3333333333333,41.8344775476024,optimal
2021-02-09 20:00:00,8,99,0.0,0.0,0.0,0.2922,17.9025,6.0,2,20.16830457461751,,0.0,0.0,0.0,0.0,41.792643070054794,optimal
2021-02-09 20:30:00,8,99,0.0,0.0,0.0,2.644,15.6555,6.0,2,20.0,,0.0,0.0,0.0,0.0,41.75085042698474,optimal
2021-02-09 21:00:00,8,99,0.0,0.23222222222222222,0.0,1.0162666666666669,14.553,6.0,2,19.88999377441038,,0.0,0.0,0.0,209.0,41.709099576557755,optimal
2021-02-09 21:30:00,8,99,0.0,0.0,0.0,3.0564333333333336,14.3325,6.0,2,19.735358817539005,,0.0,0.0,0.0,0.0,41.6673904769812,optimal
2021-02-09 22:00:00,8,99,0.0,0.0,0.0,2.0339333333333327,13.335,6.0,2,19.615568817693806,,0.0,0.0,0.0,0.0,41.625723086504216,optimal
2021-02-09 22:30:00,8,99,0.0,0.0,0.0,0.5822666666666666,12.1275,6.0,2,19.475223912863502,,0.0,0.0,0.0,0.0,41.58409736341771,optimal
2021-02-09 23:00:00,8,99,0.0,0.0,0.0,0.068,12.2955,6.0,2,19.274899504433005,,0.0,0.0,0.0,0.0,41.54251326605429,optimal
2021-02-09 23:30:00,8,99,0.0,0.0,0.0,0.16866666666666666,11.6865,6.0,2,19.05124884143893,,0.0,0.0,0.0,0.0,41.50097075278824,optimal
2021-02-10 00:00:00,8,99,1.3333333333333333,0.0,0.1769752664535561,0.058333333333333334,10.8045,6.0,0,19.05124884143893,,4000.0,0.0,0.0,0.0,41.543533033600895,optimal
2021-02-10 00:30:00,8,99,1.3333333333333333,0.3096296296296296,0.0,0.3666666666666667,11.508,6.0,0,19.189016672228604,,4000.0,0.0,0.0,278.66666666666663,41.501989500567284,optimal
2021-02-10 01:00:00,8,99,1.3333333333333333,0.23222222222222222,0.0,0.609,11.508,6.0,0,19.37711100241061,,4000.0,0.0,0.0,209.0,41.46048751106672,optimal
2021-02-10 01:30:00,8,99,1.3333333333333333,0.0774074074074074,0.0,0.5909,11.508,6.0,0,19.60874486933781,,4000.0,0.0,0.0,69.66666666666666,41.41902702355565,optimal
2021-02-10 02:00:00,8,99,1.3333333333333333,0.0,0.0,0.068,11.844,6.0,0,19.80866357114524,,4000.0,0.0,0.0,0.0,41.377607996532085,optimal
2021-02-10 02:30:00,8,99,1.3333333333333333,0.0,0.0,0.068,11.508,6.0,0,19.90978898722111,,4000.0,0.0,0.0,0.0,41.336230388535554,optimal
2021-02-10 03:00:00,8,99,1.3333333333333333,0.0,0.0,0.2132,11.508,6.0,0,20.00962611570558,,4000.0,0.0,0.0,0.0,41.29489415814702,optimal
2021-02-10 03:30:00,8,99,1.3333333333333333,0.0,5.0,0.068,10.4475,6.0,0,20.120545419000752,,4000.0,0.0,0.0,0.0,43.62859926398887,optimal
2021-02-10 04:00:00,8,99,1.3333333333333333,0.0,5.0,0.2,10.8675,6.0,0,20.21769761518624,,4000.0,0.0,0.0,0.0,45.95997066472487,optimal
2021-02-10 04:30:00,8,99,1.3333333333333333,0.0,5.0,0.08120000000000001,10.542,6.0,0,20.324843095408852,,4000.0,0.0,0.0,0.0,48.289010694060146,optimal
2021-02-10 05:00:00,8,99,1.3333333333333333,0.0,0.0,0.068,11.025,6.0,0,20.41924178576059,,4000.0,0.0,0.0,0.0,48.240721683366075,optimal
2021-02-10 05:30:00,8,99,1.3333333333333333,0.0,0.0,0.167,11.025,6.0,0,20.510040837839433,,4000.0,0.0,0.0,0.0,48.192480961682705,optimal
2021-02-10 06:00:00,8,99,1.3333333333333333,0.0,0.0,0.1142,14.553,6.0,0,20.60683242081261,,4000.0,0.0,0.0,0.0,48.144288480721016,optimal
2021-02-10 06:30:00,8,99,1.3333333333333333,1.6255555555555554,0.0,0.2083,13.0935,6.0,0,20.69662459481502,,4000.0,0.0,0.0,1463.0,48.096144192240295,optimal
2021-02-10 07:00:00,8,99,1.3333333333333333,0.387037037037037,0.0,0.362,15.6345,6.0,0,20.799599083822148,,4000.0,0.0,0.0,348.3333333333333,48.048048048048045,optimal
2021-02-10 07:30:00,8,99,0.0,0.0774074074074074,0.0,0.5522999999999999,18.102,6.0,0,20.954771505028972,,0.0,0.0,0.0,69.66666666666666,48.0,optimal
2021-02-10 08:00:00,8,99,0.0,0.23222222222222222,0.0,0.1102,17.199,6.0,0,20.810330935625462,,0.0,0.0,0.0,209.0,47.86218606726602,optimal
2021-02-10 08:30:00,8,99,0.0,0.0,0.0,0.2132,18.2805,6.0,0,20.569707967143398,,0.0,0.0,0.0,0.0,47.724509948464785,optimal
2021-02-10 09:00:00,8,99,0.5085252712337586,0.0,0.0,0.068,17.4615,6.0,0,20.320801428017504,,1525.5758137012758,0.0,0.0,0.0,47.586971505782344,optimal
2021-02-10 09:30:00,8,99,0.0,0.0,0.0,0.23076666666666668,18.3225,6.0,0,20.214237282675974,,0.0,0.0,0.0,0.0,47.44957060154259,optimal
2021-02-10 10:00:00,8,99,0.30391069828559986,1.8577777777777778,0.0,1.2589000000000001,17.094,6.0,0,20.0,,911.7320948567994,0.0,0.0,1672.0,47.31230709820707,optimal
2021-02-10 10:30:00,8,99,0.5887019600274112,0.0774074074074074,0.0,0.3462,17.094,6.0,0,20.0,,1766.1058800822334,0.0,0.0,69.66666666666666,47.17518085837489,optimal
2021-02-10 11:00:00,8,99,1.047454765112627,0.387037037037037,0.0,0.1665,17.094,6.0,0,20.0,,3142.364295337881,0.0,0.0,348.3333333333333,47.03819174478254,optimal
2021-02-10 11:30:00,8,99,0.0,5.495925925925925,0.0,1.9586,17.3565,6.0,0,20.117460985433528,,0.0,0.0,0.0,4946.333333333333,46.90133962030378,optimal
2021-02-10 12:00:00,8,99,0.2874806918586731,0.46444444444444444,0.0,2.5363,17.115,6.0,0,20.0,,862.4420755760192,0.0,0.0,418.0,46.7646243479495,optimal
2021-02-10 12:30:00,8,99,0.5145984696364625,0.0,0.0,0.6037333333333333,17.241,6.0,0,20.0,,1543.7954089093873,0.0,0.0,0.0,46.628045790867574,optimal
2021-02-10 13:00:00,8,99,1.3333333333333333,0.0,0.0,0.1406,17.094,6.0,0,20.0,,4000.0,0.0,0.0,0.0,46.49160381234273,optimal
2021-02-10 13:30:00,8,99,1.3333333333333333,0.0,0.0,0.1406,16.5165,6.0,0,20.20141295695966,,4000.0,0.0,0.0,0.0,46.355298275796414,optimal
2021-02-10 14:00:00,8,99,1.305383284949575,0.0,0.0,0.23246666666666665,17.8185,6.0,0,20.4028079135492,,3916.149854848725,0.0,0.0,0.0,46.21912904478664,optimal
2021-02-10 14:30:00,8,99,1.3333333333333333,0.0,0.0,0.2132,17.094,6.0,0,20.620617720473135,,4000.0,0.0,0.0,0.0,46.08309598300788,optimal
2021-02-10 15:00:00,8,99,1.3333333333333333,0.0,0.0,0.068,16.8945,6.0,0,20.82176011661001,,4000.0,0.0,0.0,0.0,45.9471989542909,optimal
2021-02-10 15:30:00,8,99,1.3333333333333333,0.0,0.0,0.18680000000000002,18.123,6.0,0,20.988147686061865,,4000.0,0.0,0.0,0.0,45.811437822602635,optimal
2021-02-10 16:00:00,8,99,0.0,0.0,0.0,0.09440000000000001,31.647,6.0,0,21.1599755190945,,0.0,0.0,0.0,0.0,45.67581245204606,optimal
2021-02-10 16:30:00,8,99,0.0,0.387037037037037,0.0,0.2713666666666667,34.9965,6.0,0,20.949115335524134,,0.0,0.0,0.0,348.3333333333333,45.54032270686004,optimal
2021-02-10 17:00:00,8,99,0.0,0.3096296296296296,0.0,0.3008,34.9965,6.0,0,20.761788491658642,,0.0,0.0,0.0,278.66666666666663,45.4049684514192,optimal
2021-02-10 17:30:00,8,99,0.0,0.5418518518518518,0.0,0.26339999999999997,34.9965,6.0,0,20.55972177298025,,0.0,0.0,0.0,487.6666666666667,45.269749550233804,optimal
2021-02-10 18:00:00,8,99,0.0,0.0,0.0,0.48706666666666665,34.9965,6.0,0,20.3615696118687,,0.0,0.0,0.0,0.0,45.22447980068357,optimal
2021-02-10 18:30:00,8,99,0.0,0.8932814814814815,0.0,0.2333,34.9965,6.0,0,20.183697449362537,,0.0,0.0,0.0,803.9533333333334,45.17925532088289,optimal
2021-02-10 19:00:00,8,99,0.0,2.3233024191883596,0.0,0.24913333333333332,27.741,6.0,0,20.0,,0.0,2058.9255106028572,0.0,32.046666666666674,45.134076065562006,optimal
2021-02-10 19:30:00,8,99,0.7343193635942327,0.774074074074074,0.0,0.29369999999999996,19.026,6.0,0,20.0,,2202.958090782698,0.0,0.0,696.6666666666666,45.08894198949644,optimal
2021-02-10 20:00:00,8,99,0.7126302236541828,0.0774074074074074,0.0,0.5102333333333333,18.7215,6.0,0,20.0,,2137.8906709625485,0.0,0.0,69.66666666666666,45.04385304750694,optimal
2021-02-10 20:30:00,8,99,0.0,0.23222222222222222,0.0,0.4613,17.4195,6.0,0,20.0,,0.0,0.0,0.0,209.0,44.99880919445943,optimal
2021-02-10 21:00:00,8,99,0.0,0.0,0.0,0.6068333333333333,16.758,6.0,0,19.817116052367393,,0.0,0.0,0.0,0.0,44.95381038526497,optimal
2021-02-10 21:30:00,8,99,0.0,2.012592592592592,0.0,0.5378666666666667,14.217,6.0,0,19.646475271103714,,0.0,0.0,0.0,1811.333333333333,44.90885657487971,optimal
2021-02-10 22:00:00,8,99,0.0,0.0,0.0,0.068,13.3665,6.0,0,19.45565346812503,,0.0,0.0,0.0,0.0,44.86394771830483,optimal
2021-02-10 22:30:00,8,99,0.0,0.0,0.0,0.134,12.789,6.0,0,19.177629782737156,,0.0,0.0,0.0,0.0,44.81908377058652,optimal
2021-02-10 23:00:00,8,99,0.0,0.0,0.0,0.1472,11.907,6.0,0,18.905578582577117,,0.0,0.0,0.0,0.0,44.77426468681594,optimal
2021-02-10 23:30:00,8,99,0.0,0.0,0.0,0.068,11.7075,6.0,0,18.634931399236546,,0.0,0.0,0.0,0.0,44.729490422129125,optimal
2021-02-11 00:00:00,8,99,1.3333333333333333,0.0,0.0,0.13773333333333332,11.6865,6.0,-2,18.634931399236546,,4000.0,0.0,0.0,0.0,44.684760931707,optimal
2021-02-11 00:30:00,8,99,1.3333333333333333,0.0,0.0,0.13766666666666666,11.2245,6.0,-2,18.709948343030373,,4000.0,0.0,0.0,0.0,44.64007617077529,optimal
2021-02-11 01:00:00,8,99,1.3333333333333333,0.0,0.0,0.10326666666666667,11.025,6.0,-2,18.785816745298096,,4000.0,0.0,0.0,0.0,44.595436094604516,optimal
2021-02-11 01:30:00,8,99,1.3333333333333333,0.0,0.0,0.1967333333333333,10.7835,6.0,-2,18.85906571725742,,4000.0,0.0,0.0,0.0,44.55084065850991,optimal
2021-02-11 02:00:00,8,99,1.3333333333333333,0.0,0.0,0.1226,11.025,6.0,-2,18.93933395721859,,4000.0,0.0,0.0,0.0,44.5062898178514,optimal
2021-02-11 02:30:00,8,99,1.3333333333333333,0.0,3.7617879265527088,0.14446666666666666,10.584,6.0,-2,19.012272133941593,,4000.0,0.0,0.0,0.0,46.24863279314608,optimal
2021-02-11 03:00:00,8,99,1.3333333333333333,0.0,0.0,0.10526666666666668,11.025,6.0,-2,19.08486764555591,,4000.0,0.0,0.0,0.0,46.20238416035293,optimal
2021-02-11 03:30:00,8,99,1.3333333333333333,0.0,5.0,0.13566666666666666,10.4265,6.0,-2,19.151929122809364,,4000.0,0.0,0.0,0.0,48.53118177619257,optimal
2021-02-11 04:00:00,8,99,1.3333333333333333,0.0,0.0,0.18366666666666662,12.789,6.0,-2,19.223907668931478,,4000.0,0.0,0.0,0.0,48.48265059441637,optimal
2021-02-11 04:30:00,8,99,1.3333333333333333,0.0,0.0,0.10713333333333334,12.684,6.0,-2,19.30223810354354,,4000.0,0.0,0.0,0.0,48.434167943821954,optimal
2021-02-11 05:00:00,8,99,1.3333333333333333,0.0,0.0,0.2122,16.254,6.0,-2,19.373058962417637,,4000.0,0.0,0.0,0.0,48.38573377587813,optimal
2021-02-11 05:30:00,8,99,1.3333333333333333,0.0,0.0,0.06459999999999999,17.64,6.0,-2,19.451916984941487,,4000.0,0.0,0.0,0.0,48.33734804210225,optimal
2021-02-11 06:00:00,8,99,1.3333333333333333,0.46444444444444444,0.0,0.10966666666666669,19.1625,6.0,-2,19.520397021849668,,4000.0,0.0,0.0,418.0,48.289010694060146,optimal
2021-02-11 06:30:00,8,99,0.0,0.3096296296296296,0.0,0.1984,26.46,6.0,-2,19.600837944113618,,0.0,0.0,0.0,278.66666666666663,48.240721683366075,optimal
2021-02-11 07:00:00,8,99,0.0,0.3096296296296296,0.0,0.1421,20.79,6.0,-2,19.36008389457056,,0.0,0.0,0.0,278.66666666666663,48.192480961682705,optimal
2021-02-11 07:30:00,8,99,0.0,13.928128217099406,0.0,0.198,29.106,6.0,-2,19.139952325094985,,0.0,12535.315395389465,0.0,0.0,48.144288480721016,optimal
2021-02-11 08:00:00,8,99,1.3333333333333333,0.0,0.0,0.19506666666666664,19.1835,6.0,-2,20.0,,4000.0,0.0,0.0,0.0,48.096144192240295,optimal
2021-02-11 08:30:00,8,99,0.1238700167066713,0.5418518518518518,0.0,0.3936,19.6665,6.0,-2,20.145834458522824,,371.6100501200139,0.0,0.0,487.6666666666667,48.048048048048045,optimal
2021-02-11 09:00:00,8,99,0.4494198480760117,0.5418518518518518,0.0,1.9745,19.404,6.0,-2,20.0,,1348.259544228035,0.0,0.0,487.6666666666667,48.0,optimal
2021-02-11 09:30:00,8,99,0.7576170605692505,0.0,0.0,0.4024,19.047,6.0,-2,20.0,,2272.8511817077515,0.0,0.0,0.0,47.547447329106234,optimal
2021-02-11 10:00:00,8,99,1.2489256286846855,0.0,0.0,0.2437333333333333,18.858,6.0,-2,20.0,,3746.776886054057,0.0,0.0,0.0,47.09534721088336,optimal
2021-02-11 10:30:00,8,99,0.0,2.5544444444444445,0.0,0.076,19.2675,6.0,-2,20.169031151688312,,0.0,0.0,0.0,2299.0,46.64369919277871,optimal
2021-02-11 11:00:00,8,99,0.5732565045401203,0.0,0.0,0.07166666666666667,18.963,6.0,-2,20.0,,1719.769513620361,0.0,0.0,0.0,46.19250282269217,optimal
2021-02-11 11:30:00,8,99,0.7533986554502825,0.1548148148148148,0.0,0.3211333333333333,18.438,6.0,-2,20.0,,2260.1959663508474,0.0,0.0,139.33333333333331,45.741757648975714,optimal
2021-02-11 12:00:00,8,99,0.0,0.0,0.0,1.2516333333333334,18.7425,6.0,-2,20.078476936910143,,0.0,0.0,0.0,0.0,45.29146322043297,optimal
2021-02-11 12:30:00,8,99,1.3333333333333333,0.0,0.0,0.5419333333333333,15.2145,6.0,-2,20.0,,4000.0,0.0,0.0,0.0,44.84161908631878,optimal
2021-02-11 13:00:00,8,99,1.3333333333333333,0.0,0.0,0.21993333333333331,17.7765,6.0,-2,20.234991071685325,,4000.0,0.0,0.0,0.0,44.392224796338695,optimal
2021-02-11 13:30:00,8,99,1.3333333333333333,0.0,0.0,0.24446666666666667,16.758,6.0,-2,20.453965155545394,,4000.0,0.0,0.0,0.0,43.94327990064859,optimal
2021-02-11 14:00:00,8,99,1.3333333333333333,0.0,0.0,0.27163333333333334,16.422,6.0,-2,20.671904571156208,,4000.0,0.0,0.0,0.0,43.49478394985418,optimal
2021-02-11 14:30:00,8,99,1.3333333333333333,0.0,0.0,0.20086666666666667,16.758,6.0,-2,20.888499347362536,,4000.0,0.0,0.0,0.0,43.04673649501056,optimal
2021-02-11 15:00:00,8,99,0.0,0.0,0.0,0.13846666666666668,29.358,6.0,-2,21.103160775603712,,0.0,0.0,0.0,0.0,42.59913708762179,optimal
2021-02-11 15:30:00,8,99,0.0,0.0,0.0,0.08233333333333333,34.9965,6.0,-2,20.942173485463815,,0.0,0.0,0.0,0.0,42.15198527964041,optimal
2021-02-11 16:00:00,8,99,0.0,0.0,0.0,0.18513333333333332,34.65,6.0,-2,20.763810672570187,,0.0,0.0,0.0,0.0,41.705280623467004,optimal
2021-02-11 16:30:00,8,99,0.0,0.0,0.0,0.15806666666666666,34.9965,6.0,-2,20.552720009938884,,0.0,0.0,0.0,0.0,41.25902267194977,optimal
2021-02-11 17:00:00,8,99,0.0,0.0,0.0,0.10940000000000001,34.9965,6.0,-2,20.330550071447504,,0.0,0.0,0.0,0.0,40.813210978384056,optimal
2021-02-11 17:30:00,8,99,0.0,2.85102931679077,0.0,0.1413,30.4815,6.0,-2,20.059895229065283,,0.0,2147.9263851116934,0.0,418.0,40.77239776740567,optimal
2021-02-11 18:00:00,8,99,0.0,3.1325438942587143,0.0,0.22406666666666664,21.4305,6.0,-2,20.0,,0.0,2819.289504832843,0.0,0.0,40.731625369638266,optimal
2021-02-11 18:30:00,8,99,0.917653425814767,0.0774074074074074,0.0,0.14626666666666668,14.3325,6.0,-2,20.0,,2752.960277444301,0.0,0.0,69.66666666666666,40.69089374426863,optimal
2021-02-11 19:00:00,8,99,1.3333333333333333,0.0,0.0,0.2395,13.692,6.0,-2,20.0,,4000.0,0.0,0.0,0.0,40.65020285052436,optimal
2021-02-11 19:30:00,8,99,0.5281384284572807,0.3096296296296296,0.0,0.3903333333333333,14.007,6.0,-2,20.097746370148794,,1584.4152853718417,0.0,0.0,278.66666666666663,40.60955264767384,optimal
2021-02-11 20:00:00,8,99,0.8797887432911301,0.0,0.0,0.6548666666666667,12.873,6.0,-2,20.0,,2639.3662298733902,0.0,0.0,0.0,40.568943095026164,optimal
2021-02-11 20:30:00,8,99,0.0,0.1548148148148148,0.0,0.6535333333333333,12.684,6.0,-2,20.0,,0.0,0.0,0.0,139.33333333333331,40.52837415193114,optimal
2021-02-11 21:00:00,8,99,0.0,0.0,0.0,0.342,12.306,6.0,-2,19.765208393559572,,0.0,0.0,0.0,0.0,40.48784577777921,optimal
2021-02-11 21:30:00,8,99,0.0,0.0,0.0,0.588,10.6365,6.0,-2,19.542035872460115,,0.0,0.0,0.0,0.0,40.447357932001424,optimal
2021-02-11 22:00:00,8,99,0.0,0.0,0.0,0.1022,11.2455,6.0,-2,19.31035119281378,,0.0,0.0,0.0,0.0,40.40691057406942,optimal
2021-02-11 22:30:00,8,99,0.0,0.0,0.0,0.1587333333333333,11.2455,6.0,-2,19.01143925158479,,0.0,0.0,0.0,0.0,40.36650366349535,optimal
2021-02-11 23:00:00,8,99,0.0,0.0,0.0,0.18059999999999998,11.025,6.0,-2,18.713501623056597,,0.0,0.0,0.0,0.0,40.32613715983186,optimal
2021-02-11 23:30:00,8,99,0.0,0.0,0.0,0.063,12.0855,6.0,-2,18.413576351289596,,0.0,0.0,0.0,0.0,40.28581102267203,optimal
2021-02-12 00:00:00,8,99,1.3333333333333333,0.0,5.0,0.061,8.1585,6.0,1,18.413576351289596,,4000.0,0.0,0.0,0.0,42.62052521164936,optimal
2021-02-12 00:30:00,8,99,1.3333333333333333,0.0,0.0,0.061,10.3635,6.0,1,18.44479312754613,,4000.0,0.0,0.0,0.0,42.57790468643771,optimal
2021-02-12 01:00:00,8,99,1.3333333333333333,0.0,0.0,0.119,10.8045,6.0,1,18.475612217572483,,4000.0,0.0,0.0,0.0,42.53532678175127,optimal
2021-02-12 01:30:00,8,99,1.3333333333333333,0.0,0.0,0.1306,11.025,6.0,1,18.510973501157647,,4000.0,0.0,0.0,0.0,42.49279145496952,optimal
2021-02-12 02:00:00,8,99,1.3333333333333333,0.0,0.0,0.061,10.3635,6.0,1,18.54814521258918,,4000.0,0.0,0.0,0.0,42.45029866351455,optimal
2021-02-12 02:30:00,8,99,1.3333333333333333,0.0,0.0,0.1886,10.8045,6.0,1,18.580195549065788,,4000.0,0.0,0.0,0.0,42.407848364851034,optimal
2021-02-12 03:00:00,8,99,1.3333333333333333,0.0,2.9504427949710457,0.069,10.059,6.0,1,18.626516020837517,,4000.0,0.0,0.0,0.0,43.76690084409742,optimal
2021-02-12 03:30:00,8,99,1.3333333333333333,0.0,0.0,0.16906666666666667,10.584,6.0,1,18.665211654224876,,4000.0,0.0,0.0,0.0,43.723133943253316,optimal
2021-02-12 04:00:00,8,99,1.3333333333333333,0.0,5.0,0.0842,9.4185,6.0,1,18.721214641136086,,4000.0,0.0,0.0,0.0,46.05441080931006,optimal
2021-02-12 04:30:00,8,99,1.3333333333333333,0.0,0.0,0.11320000000000001,10.3635,6.0,1,18.778513091396064,,4000.0,0.0,0.0,0.0,46.00835639850075,optimal
2021-02-12 05:00:00,8,99,1.3333333333333333,0.0,5.0,0.1364,9.8385,6.0,1,18.846466647026315,,4000.0,0.0,0.0,0.0,48.33734804210225,optimal
2021-02-12 05:30:00,8,99,1.3333333333333333,0.0,0.0,0.061,11.067,6.0,1,18.924446085928363,,4000.0,0.0,0.0,0.0,48.289010694060146,optimal
2021-02-12 06:00:00,8,99,1.3333333333333333,0.0,0.0,0.061,10.8465,6.0,1,19.00520845078802,,4000.0,0.0,0.0,0.0,48.240721683366075,optimal
2021-02-12 06:30:00,8,99,1.3333333333333333,0.0,0.0,0.1886,13.671,6.0,1,19.095133546013372,,4000.0,0.0,0.0,0.0,48.192480961682705,optimal
2021-02-12 07:00:00,8,99,1.3333333333333333,0.0,0.0,0.060333333333333336,12.348,6.0,1,19.19604358014382,,4000.0,0.0,0.0,0.0,48.144288480721016,optimal
2021-02-12 07:30:00,8,99,1.3333333333333333,8.20581966580449,0.0,0.0938,14.3325,6.0,1,19.288836447971885,,4000.0,7176.237699224042,0.0,209.0,48.096144192240295,optimal
2021-02-12 08:00:00,8,99,1.3333333333333333,2.631851851851852,0.0,0.16013333333333332,15.393,6.0,1,20.0,,4000.0,0.0,0.0,2368.6666666666665,48.048048048048045,optimal
2021-02-12 08:30:00,8,99,1.3333333333333333,0.3096296296296296,0.0,0.069,13.587,6.0,1,20.09172084954849,,4000.0,0.0,0.0,278.66666666666663,48.0,optimal
2021-02-12 09:00:00,8,99,0.24926184234867615,0.0774074074074074,0.0,0.17646666666666666,16.1385,6.0,1,20.172581185191117,,747.7855270460285,0.0,0.0,69.66666666666666,47.57233413059269,optimal
2021-02-12 09:30:00,8,99,0.8652748769108645,0.0,0.0,0.112,14.595,6.0,1,20.0,,2595.8246307325935,0.0,0.0,0.0,47.14509592705478,optimal
2021-02-12 10:00:00,8,99,0.5664017193976183,0.5418518518518518,0.0,0.3115333333333334,14.637,6.0,1,20.0,,1699.205158192855,0.0,0.0,487.6666666666667,46.718284961720414,optimal
2021-02-12 10:30:00,8,99,0.6131487877461431,1.9351851851851851,0.0,0.1974,13.9125,6.0,1,20.0,,1839.4463632384295,0.0,0.0,1741.6666666666667,46.29190080735138,optimal
2021-02-12 11:00:00,8,99,0.4417506557951601,0.387037037037037,0.0,0.233,13.3665,6.0,1,20.0,,1325.2519673854802,0.0,0.0,348.3333333333333,45.86594303713672,optimal
2021-02-12 11:30:00,8,99,0.6064989149573392,0.0,0.0,0.45913333333333334,13.0095,6.0,1,20.0,,1819.4967448720176,0.0,0.0,0.0,45.44041122469227,optimal
2021-02-12 12:00:00,8,99,0.0,6.502222222222223,0.0,0.2904,13.8915,6.0,1,20.073198425054386,,0.0,0.0,0.0,5852.000000000001,45.01530494406027,optimal
2021-02-12 12:30:00,8,99,0.2819571401645462,0.3096296296296296,0.0,0.3447333333333333,13.188,6.0,1,20.0,,845.8714204936387,0.0,0.0,278.66666666666663,44.5906237697089,optimal
2021-02-12 13:00:00,8,99,0.17312568340500914,0.0774074074074074,0.0,0.8777,12.5685,6.0,1,20.0,,519.3770502150275,0.0,0.0,69.66666666666666,44.16636727653188,optimal
2021-02-12 13:30:00,8,99,1.092296601521156,0.23222222222222222,0.0,1.6466333333333334,12.285,6.0,1,20.0,,3276.889804563468,0.0,0.0,209.0,43.742535039848036,optimal
2021-02-12 14:00:00,8,99,1.3333333333333333,0.0,0.0,0.3472333333333333,11.487,6.0,1,20.264499738614802,,4000.0,0.0,0.0,0.0,43.31912663540088,optimal
2021-02-12 14:30:00,8,99,1.3333333333333333,0.0774074074074074,0.0,0.32713333333333333,11.802,6.0,1,20.49646218545642,,4000.0,0.0,0.0,69.66666666666666,42.89614163935816,optimal
2021-02-12 15:00:00,8,99,1.3333333333333333,0.0,0.0,0.24580000000000002,11.2245,6.0,1,20.722485427432513,,4000.0,0.0,0.0,0.0,42.47357962831149,optimal
2021-02-12 15:30:00,8,99,1.3333333333333333,0.3096296296296296,0.0,0.3390666666666667,11.025,6.0,1,20.929236883610212,,4000.0,0.0,0.0,278.66666666666663,42.051440179275865,optimal
2021-02-12 16:00:00,8,99,1.3333333333333333,0.1548148148148148,0.0,0.2016,11.907,6.0,1,21.147268939646246,,4000.0,0.0,0.0,139.33333333333331,41.629722869689274,optimal
2021-02-12 16:30:00,8,99,0.0,0.23222222222222222,0.0,0.1987,25.83,6.0,1,21.31349049974193,,0.0,0.0,0.0,209.0,41.20842727741228,optimal
2021-02-12 17:00:00,8,99,0.0,0.0774074074074074,0.0,0.4066,28.035,6.0,1,21.136787263254526,,0.0,0.0,0.0,69.66666666666666,40.787552980727554,optimal
2021-02-12 17:30:00,8,99,0.0,0.0,0.0,0.3176666666666667,28.119,6.0,1,20.94715358266553,,0.0,0.0,0.0,0.0,40.36709955833952,optimal
2021-02-12 18:00:00,8,99,0.0,0.0774074074074074,0.0,0.418,30.156,6.0,1,20.75207069497962,,0.0,0.0,0.0,69.66666666666666,40.32673245878118,optimal
2021-02-12 18:30:00,8,99,0.0,0.3096296296296296,0.0,0.5618666666666666,29.1585,6.0,1,20.54971552664583,,0.0,0.0,0.0,278.66666666666663,40.2864057263224,optimal
2021-02-12 19:00:00,8,99,0.0,0.0,0.0,0.6596000000000001,26.712,6.0,1,20.36685958070376,,0.0,0.0,0.0,0.0,40.24611932059608,optimal
2021-02-12 19:30:00,8,99,0.0,0.0,0.0,0.38206666666666667,15.435,6.0,1,20.192553842604145,,0.0,0.0,0.0,0.0,40.20587320127548,optimal
2021-02-12 20:00:00,8,99,0.7330349693600274,0.0,0.0,0.41523333333333334,13.566,6.0,1,20.0,,2199.104908080082,0.0,0.0,0.0,40.16566732807421,optimal
2021-02-12 20:30:00,8,99,0.0,0.0,0.0,0.4969333333333333,12.789,6.0,1,20.0,,0.0,0.0,0.0,0.0,40.12550166074613,optimal
2021-02-12 21:00:00,8,99,0.0,0.1548148148148148,0.0,0.5090666666666667,12.1275,6.0,1,19.81797930984916,,0.0,0.0,0.0,139.33333333333331,40.085376159085385,optimal
2021-02-12 21:30:00,8,99,0.0,0.0,0.0,0.664,13.671,6.0,1,19.63459114898525,,0.0,0.0,0.0,0.0,40.0452907829263,optimal
2021-02-12 22:00:00,8,99,0.0,2.39962962962963,0.0,0.4036,10.668,6.0,1,19.469921128461515,,0.0,0.0,0.0,2159.6666666666665,40.005245492143374,optimal
2021-02-12 22:30:00,8,99,0.0,0.46444444444444444,0.0,0.257,11.7285,6.0,1,19.291208666076944,,0.0,0.0,0.0,418.0,39.96524024665123,optimal
2021-02-12 23:00:00,8,99,0.0,0.0,0.0,0.1986,11.025,6.0,1,19.086020533054995,,0.0,0.0,0.0,0.0,39.925275006404576,optimal
2021-02-12 23:30:00,8,99,0.0,0.0,0.0,0.066,10.689,6.0,1,18.863276053961886,,0.0,0.0,0.0,0.0,39.88534973139817,optimal
2021-02-13 00:00:00,8,99,1.3333333333333333,0.0,5.0,0.04,7.056,6.0,1,18.863276053961886,,4000.0,0.0,0.0,0.0,42.22046438166677,optimal
2021-02-13 00:30:00,8,99,0.0,0.0,0.0,0.16333333333333333,9.3975,6.0,1,18.97093023505167,,0.0,0.0,0.0,0.0,42.17824391728511,optimal
2021-02-13 01:00:00,8,99,0.0,0.0,0.0,0.11736666666666666,10.059,6.0,1,18.748011536334175,,0.0,0.0,0.0,0.0,42.136065673367824,optimal
2021-02-13 01:30:00,8,99,1.3333333333333333,0.0,0.0,0.14203333333333334,9.261,6.0,1,18.524658704857387,,4000.0,0.0,0.0,0.0,42.093929607694456,optimal
2021-02-13 02:00:00,8,99,1.3333333333333333,0.0,0.0,0.13866666666666666,8.1585,6.0,1,18.647218929530034,,4000.0,0.0,0.0,0.0,42.05183567808676,optimal
2021-02-13 02:30:00,8,99,1.3333333333333333,0.0,0.0,0.1455,9.4815,6.0,1,18.768568326898077,,4000.0,0.0,0.0,0.0,42.00978384240867,optimal
2021-02-13 03:00:00,8,99,1.3333333333333333,0.0,0.0,0.14473333333333332,8.379,6.0,1,18.888953193631224,,4000.0,0.0,0.0,0.0,41.96777405856626,optimal
2021-02-13 03:30:00,8,99,1.3333333333333333,0.0,0.0,0.17113333333333333,9.5235,6.0,1,19.00773918664112,,4000.0,0.0,0.0,0.0,41.92580628450769,optimal
2021-02-13 04:00:00,8,99,1.3333333333333333,0.0,3.5612024328031566,0.13143333333333335,8.1375,6.0,1,19.126621120859344,,4000.0,0.0,0.0,0.0,43.57545163380468,optimal
2021-02-13 04:30:00,8,99,1.3333333333333333,0.0,0.0,0.16333333333333333,10.0905,6.0,1,19.239973788353534,,4000.0,0.0,0.0,0.0,43.531876182170876,optimal
2021-02-13 05:00:00,8,99,1.3333333333333333,0.0,5.0,0.12440000000000001,7.539,6.0,1,19.35332259619992,,4000.0,0.0,0.0,0.0,45.8633443059887,optimal
2021-02-13 05:30:00,8,99,1.3333333333333333,0.0,5.0,0.12883333333333336,7.938,6.0,1,19.460640881723247,,4000.0,0.0,0.0,0.0,48.192480961682705,optimal
2021-02-13 06:00:00,8,99,1.3333333333333333,0.0,0.0,0.14483333333333334,8.274,6.0,1,19.565695236482856,,4000.0,0.0,0.0,0.0,48.144288480721016,optimal
2021-02-13 06:30:00,8,99,1.3333333333333333,0.0,0.0,0.2642,9.261,6.0,1,19.669498628425707,,4000.0,0.0,0.0,0.0,48.096144192240295,optimal
2021-02-13 07:00:00,8,99,1.3333333333333333,0.23222222222222222,0.0,0.2085,9.9225,6.0,1,19.7982260304989,,4000.0,0.0,0.0,209.0,48.048048048048045,optimal
2021-02-13 07:30:00,8,99,1.3333333333333333,0.6192592592592592,0.0,0.29683333333333334,9.702,6.0,1,19.984555107003658,,4000.0,0.0,0.0,557.3333333333333,48.0,optimal
2021-02-13 08:00:00,8,99,1.3333333333333333,0.23222222222222222,0.0,0.33363333333333334,10.584,6.0,1,20.18242265983197,,4000.0,0.0,0.0,209.0,47.600727167552435,optimal
2021-02-13 08:30:00,8,99,1.3333333333333333,0.46444444444444444,0.0,1.7281333333333335,10.143,6.0,1,20.335841008907224,,4000.0,0.0,0.0,418.0,47.201853607937316,optimal
2021-02-13 09:00:00,8,99,0.0,0.0,0.0,0.32413333333333333,13.0095,6.0,1,20.521280778661126,,0.0,0.0,0.0,0.0,46.803378921881816,optimal
2021-02-13 09:30:00,8,99,1.3333333333333333,2.150377777777778,0.0,0.5571,11.025,6.0,1,20.30999233138047,,4000.0,0.0,0.0,1935.34,46.40530271051237,optimal
2021-02-13 10:00:00,8,99,0.0,0.48147407407407405,0.0,1.485,12.789,6.0,1,20.443763812536172,,0.0,0.0,0.0,433.32666666666665,46.0076245753543,optimal
2021-02-13 10:30:00,8,99,0.1888406305941508,0.46444444444444444,0.0,1.6559000000000001,12.1275,6.0,1,20.304071894147764,,566.5218917824524,0.0,0.0,418.0,45.61034411833138,optimal
2021-02-13 11:00:00,8,99,1.3333333333333333,0.0,0.0,0.1133,12.1695,6.0,1,20.223363860369368,,4000.0,0.0,0.0,0.0,45.21346094176549,optimal
2021-02-13 11:30:00,8,99,1.3333333333333333,0.0,0.0,0.17333333333333334,12.306,6.0,1,20.39230505628749,,4000.0,0.0,0.0,0.0,44.81697464837616,optimal
2021-02-13 12:00:00,8,99,0.0,0.0,0.0,0.08516666666666667,13.23,6.0,1,20.564838815969747,,0.0,0.0,0.0,0.0,44.42088484128022,optimal
2021-02-13 12:30:00,8,99,0.0,0.0,0.0,0.2929,13.671,6.0,1,20.402526212605412,,0.0,0.0,0.0,0.0,44.02519112399138,optimal
2021-02-13 13:00:00,8,99,0.0,0.0,0.0,0.1,13.9335,6.0,1,20.2612299148479,,0.0,0.0,0.0,0.0,43.62989310041982,optimal
2021-02-13 13:30:00,8,99,0.0,0.0,0.0,0.2,13.293,6.0,1,20.11737694380512,,0.0,0.0,0.0,0.0,43.234990374871835,optimal
2021-02-13 14:00:00,8,99,0.7896664205428436,0.3096296296296296,0.0,0.4076,12.1065,6.0,1,20.0,,2368.999261628531,0.0,0.0,278.66666666666663,42.8404825520494,optimal
2021-02-13 14:30:00,8,99,1.3333333333333333,0.1548148148148148,0.0,0.4481,11.571,6.0,1,20.089264848520493,,4000.0,0.0,0.0,139.33333333333331,42.44636923704979,optimal
2021-02-13 15:00:00,8,99,1.3333333333333333,0.0,0.0,2.0043333333333333,11.025,6.0,1,20.364144604112997,,4000.0,0.0,0.0,0.0,42.052650035365176,optimal
2021-02-13 15:30:00,8,99,1.3333333333333333,0.0,0.0,0.5196666666666666,10.8465,6.0,1,20.64671832173622,,4000.0,0.0,0.0,0.0,41.65932455288225,optimal
2021-02-13 16:00:00,8,99,1.3333333333333333,0.3096296296296296,0.0,0.34576666666666667,11.2455,6.0,1,20.883759914964347,,4000.0,0.0,0.0,278.66666666666663,41.2663923958818,optimal
2021-02-13 16:30:00,8,99,0.0,0.0774074074074074,0.0,0.5854,23.8665,6.0,1,21.070508366591568,,0.0,0.0,0.0,69.66666666666666,40.873853171038355,optimal
2021-02-13 17:00:00,8,99,0.0,0.5418518518518518,0.0,0.5635666666666668,27.4575,6.0,1,20.94549896467821,,0.0,0.0,0.0,487.6666666666667,40.48170648541976,optimal
2021-02-13 17:30:00,8,99,0.0,0.0,0.0,0.5650666666666667,27.3735,6.0,1,20.78636828362327,,0.0,0.0,0.0,0.0,40.08995194648677,optimal
2021-02-13 18:00:00,8,99,0.0,0.1548148148148148,0.0,0.3586666666666667,30.4605,6.0,1,20.62898353297837,,0.0,0.0,0.0,139.33333333333331,39.69858916209272,optimal
2021-02-13 18:30:00,8,99,0.0,0.0,0.0,0.5170666666666667,30.0195,6.0,1,20.45499757606321,,0.0,0.0,0.0,0.0,39.30761774048307,optimal
2021-02-13 19:00:00,8,99,0.0,0.23222222222222222,0.0,0.3105333333333334,26.9325,6.0,1,20.34046742509158,,0.0,0.0,0.0,209.0,38.91703729029502,optimal
2021-02-13 19:30:00,8,99,0.0,0.0,0.0,0.22333333333333327,14.595,6.0,1,20.20852890738428,,0.0,0.0,0.0,0.0,38.52684742055716,optimal
2021-02-13 20:00:00,8,99,0.965090524915577,0.0,0.0,0.1977,12.4845,6.0,1,20.0,,2895.271574746731,0.0,0.0,0.0,38.13704774068904,optimal
2021-02-13 20:30:00,8,99,0.0,0.0,0.0,0.18036666666666668,12.1275,6.0,1,20.0,,0.0,0.0,0.0,0.0,37.74763786050079,optimal
2021-02-13 21:00:00,8,99,0.0,0.0,0.0,0.08516666666666667,12.1275,6.0,1,19.752186863528618,,0.0,0.0,0.0,0.0,37.35861739019273,optimal
2021-02-13 21:30:00,8,99,0.0,0.0,0.0,0.16956666666666667,12.789,6.0,1,19.49943084265509,,0.0,0.0,0.0,0.0,36.969985940354974,optimal
2021-02-13 22:00:00,8,99,0.0,0.0,0.0,0.17333333333333334,11.907,6.0,1,19.2564388372377,,0.0,0.0,0.0,0.0,36.58174312196706,optimal
2021-02-13 22:30:00,8,99,0.0,0.0,0.0,0.1766,11.025,6.0,1,19.016225933412766,,0.0,0.0,0.0,0.0,36.19388854639753,optimal
2021-02-13 23:00:00,8,99,0.0,0.0,0.0,0.3061333333333333,8.2005,6.0,1,18.77998813565984,,0.0,0.0,0.0,0.0,36.15769465785113,optimal
2021-02-13 23:30:00,8,99,0.0,0.0774074074074074,0.0,0.33003333333333335,9.5655,6.0,1,18.606348033526878,,0.0,0.0,0.0,69.66666666666666,36.12153696319328,optimal
2021-02-07 00:00:00,9,99,0.0,0.0,0.0,0.06,10.3635,6.0,-1,21.0,,0.0,0.0,0.0,0.0,47.952,optimal
2021-02-07 00:30:00,9,99,0.0,0.0,0.0,0.06,8.274,6.0,-1,20.783843437232708,,0.0,0.0,0.0,0.0,47.904047999999996,optimal
2021-02-07 01:00:00,9,99,1.3333333333333333,0.0,0.0,0.2008,7.7175,6.0,-1,20.569166651402607,,4000.0,0.0,0.0,0.0,47.856143952,optimal
2021-02-07 01:30:00,9,99,1.3333333333333333,0.0,0.0,0.06,6.615,6.0,-1,20.708262439010568,,4000.0,0.0,0.0,0.0,47.80828780804799,optimal
2021-02-07 02:00:00,9,99,1.3333333333333333,0.0,0.0,0.06,6.174,6.0,-1,20.832969555073138,,4000.0,0.0,0.0,0.0,47.76047952023995,optimal
2021-02-07 02:30:00,9,99,1.3333333333333333,0.0,0.0,0.0856,3.906,6.0,-1,20.95545098922025,,4000.0,0.0,0.0,0.0,47.712719040719705,optimal
2021-02-07 03:00:00,9,99,1.3333333333333333,0.0,0.0,0.1752,2.3415,6.0,-1,21.077276244923123,,4000.0,0.0,0.0,0.0,47.66500632167899,optimal
2021-02-07 03:30:00,9,99,1.3333333333333333,0.0,0.0,0.06,2.205,6.0,-1,21.203898992977752,,4000.0,0.0,0.0,0.0,47.61734131535731,optimal
2021-02-07 04:00:00,9,99,1.3333333333333333,0.0,1.616050669600632,0.2008,0.882,6.0,-1,21.318470094381325,,4000.0,0.0,0.0,0.0,48.33734804210225,optimal
2021-02-07 04:30:00,9,99,1.3333333333333333,0.0,0.0,0.06,1.5435,6.0,-1,21.44292432676211,,4000.0,0.0,0.0,0.0,48.289010694060146,optimal
2021-02-07 05:00:00,9,99,1.3333333333333333,0.0,0.0,0.07479999999999999,1.5435,6.0,-1,21.55381338891616,,4000.0,0.0,0.0,0.0,48.240721683366075,optimal
2021-02-07 05:30:00,9,99,1.3333333333333333,0.0,0.0,0.196,5.0715,6.0,-1,21.664378841757166,,4000.0,0.0,0.0,0.0,48.192480961682705,optimal
2021-02-07 06:00:00,9,99,1.3333333333333333,1.470740740740741,0.0,0.10586666666666666,5.376,6.0,-1,21.783337306160565,,4000.0,0.0,0.0,1323.6666666666667,48.144288480721016,optimal
2021-02-07 06:30:00,9,99,1.3333333333333333,2.0899999999999994,0.0,0.14959999999999998,5.0715,6.0,-1,21.90522163090857,,4000.0,0.0,0.0,1880.9999999999998,48.096144192240295,optimal
2021-02-07 07:00:00,9,99,1.3333333333333333,3.096296296296296,0.0,0.3201333333333333,5.5125,6.0,-1,22.030565745287163,,4000.0,0.0,0.0,2786.6666666666665,48.048048048048045,optimal
2021-02-07 07:30:00,9,99,0.040935654378681026,0.46444444444444444,0.0,0.35733333333333334,9.261,6.0,-1,22.18026733341911,,122.8069631360431,0.0,0.0,418.0,48.0,optimal
2021-02-07 08:00:00,9,99,0.8843884031138177,0.46444444444444444,0.0,0.10016666666666668,11.7075,6.0,-1,22.0,,2653.165209341453,0.0,0.0,418.0,47.58901828709302,optimal
2021-02-07 08:30:00,9,99,0.0,0.0,0.0,0.4058,12.348,6.0,-1,22.0,,0.0,0.0,0.0,0.0,47.17844755589895,optimal
2021-02-07 09:00:00,9,99,0.24207597469305075,0.1548148148148148,0.0,0.26280000000000003,12.348,6.0,-1,21.796791892226548,,726.2279240791523,0.0,0.0,139.33333333333331,46.76828739543607,optimal
2021-02-07 09:30:00,9,99,1.3333333333333333,0.0,0.0,0.06933333333333333,12.1275,6.0,-1,21.66181774084158,,4000.0,0.0,0.0,0.0,46.35853739513365,optimal
2021-02-07 10:00:00,9,99,1.3333333333333333,0.0,0.0,0.1404,12.5265,6.0,-1,21.770493054225565,,4000.0,0.0,0.0,0.0,45.94919714483154,optimal
2021-02-07 10:30:00,9,99,1.3333333333333333,0.0,0.0,0.1404,11.7495,6.0,-1,21.88662322263053,,4000.0,0.0,0.0,0.0,45.54026623477973,optimal
2021-02-07 11:00:00,9,99,0.0,0.0,0.0,0.07,13.23,6.0,-1,22.0,,0.0,0.0,0.0,0.0,45.13174425563797,optimal
2021-02-07 11:30:00,9,99,0.0,0.0,0.0,0.21080000000000002,14.3325,6.0,-1,21.78119923143715,,0.0,0.0,0.0,0.0,44.723630798475355,optimal
2021-02-07 12:00:00,9,99,0.0,0.0,0.0,0.07,14.994,6.0,-1,21.577165561128343,,0.0,0.0,0.0,0.0,44.3159254547699,optimal
2021-02-07 12:30:00,9,99,0.0,0.0,0.0,0.07,14.8155,6.0,-1,21.37532384797527,,0.0,0.0,0.0,0.0,43.908627816408156,optimal
2021-02-07 13:00:00,9,99,0.0,0.0,0.0,0.0828,14.112,6.0,-1,21.17605349803209,,0.0,0.0,0.0,0.0,43.50173747568477,optimal
2021-02-07 13:30:00,9,99,0.11735673691999524,0.0,0.0,0.198,14.007,6.0,-1,20.969830377199827,,352.07021075998574,0.0,0.0,0.0,43.095254025302104,optimal
2021-02-07 14:00:00,9,99,1.3333333333333333,0.0,0.0,0.07,13.23,6.0,-1,20.806628158733442,,4000.0,0.0,0.0,0.0,42.68917705836982,optimal
2021-02-07 14:30:00,9,99,1.3333333333333333,0.0,0.0,0.07,11.382,6.0,-1,20.949926487531947,,4000.0,0.0,0.0,0.0,42.28350616840447,optimal
2021-02-07 15:00:00,9,99,1.3333333333333333,0.0,0.0,0.07,11.7495,6.0,-1,21.092036241944765,,4000.0,0.0,0.0,0.0,41.87824094932909,optimal
2021-02-07 15:30:00,9,99,0.0,0.0,0.0,0.17880000000000001,24.3285,6.0,-1,21.243222363606684,,0.0,0.0,0.0,0.0,41.47338099547278,optimal
2021-02-07 16:00:00,9,99,0.0,0.0,0.0,0.102,28.917,6.0,-1,21.059496589987905,,0.0,0.0,0.0,0.0,41.06892590157033,optimal
2021-02-07 16:30:00,9,99,0.0,0.0,0.0,0.07,31.3635,6.0,-1,20.846190744390057,,0.0,0.0,0.0,0.0,40.66487526276178,optimal
2021-02-07 17:00:00,9,99,0.0,0.0,0.0,0.21080000000000002,33.306,6.0,-1,20.633516628827916,,0.0,0.0,0.0,0.0,40.26122867459204,optimal
2021-02-07 17:30:00,9,99,0.0,0.0,0.0,0.0792,31.3425,6.0,-1,20.41004807865486,,0.0,0.0,0.0,0.0,39.857985733010466,optimal
2021-02-07 18:00:00,9,99,0.0,0.387037037037037,0.0,0.139,28.2555,6.0,-1,20.191727025295304,,0.0,0.0,0.0,348.3333333333333,39.45514603437048,optimal
2021-02-07 18:30:00,9,99,0.7279282395111594,0.0,0.0,0.2542,15.6975,6.0,-1,20.0,,2183.784718533478,0.0,0.0,0.0,39.05270917542913,optimal
2021-02-07 19:00:00,9,99,0.7483771786102829,0.1548148148148148,0.0,0.2114333333333333,12.5475,6.0,-1,20.0,,2245.1315358308484,0.0,0.0,139.33333333333331,38.65067475334672,optimal
2021-02-07 19:30:00,9,99,0.7051438452769426,0.46444444444444444,0.0,0.3068,12.0855,6.0,-1,20.0,,2115.431535830828,0.0,0.0,418.0,38.24904236568639,optimal
2021-02-07 20:00:00,9,99,0.6820994008324911,0.23222222222222222,0.0,0.3452,11.907,6.0,-1,20.0,,2046.2982024974733,0.0,0.0,209.0,38.21079332332071,optimal
2021-02-07 20:30:00,9,99,0.0,0.0,0.0,0.24716666666666662,12.5685,6.0,-1,20.0,,0.0,0.0,0.0,0.0,38.172582529997385,optimal
2021-02-07 21:00:00,9,99,0.0,0.0,0.0,0.25843333333333335,13.146,6.0,-1,19.818146063006015,,0.0,0.0,0.0,0.0,38.13440994746739,optimal
2021-02-07 21:30:00,9,99,0.0,0.0,0.0,0.4039,10.584,6.0,-1,19.641169311311764,,0.0,0.0,0.0,0.0,38.09627553751992,optimal
2021-02-07 22:00:00,9,99,0.0,0.1548148148148148,0.0,0.3502,6.678,6.0,-1,19.48680467915236,,0.0,0.0,0.0,139.33333333333331,38.0581792619824,optimal
2021-02-07 22:30:00,9,99,0.0,0.0,0.0,0.465,7.938,6.0,-1,19.345980698606226,,0.0,0.0,0.0,0.0,38.02012108272042,optimal
2021-02-07 23:00:00,9,99,0.0,0.0,0.0,0.3402,5.292,6.0,-1,19.208181612918537,,0.0,0.0,0.0,0.0,37.9821009616377,optimal
2021-02-07 23:30:00,9,99,0.0,0.0,0.0,0.15319999999999998,9.261,6.0,-1,19.059551408731828,,0.0,0.0,0.0,0.0,37.94411886067606,optimal
2021-02-08 00:00:00,9,99,0.0,0.0,0.0,0.06066666666666666,11.2455,6.0,2,19.059551408731828,,0.0,0.0,0.0,0.0,37.906174741815384,optimal
2021-02-08 00:30:00,9,99,0.0,0.0,0.0,0.16753333333333334,11.025,6.0,2,18.848920859341042,,0.0,0.0,0.0,0.0,37.86826856707357,optimal
2021-02-08 01:00:00,9,99,1.3333333333333333,0.0,3.8335924323737616,0.09126666666666668,5.9745,6.0,2,18.649498954243903,,4000.0,0.0,0.0,0.0,39.65135670388403,optimal
2021-02-08 01:30:00,9,99,1.3333333333333333,0.0,0.0,0.1358,7.938,6.0,2,18.78631874714968,,4000.0,0.0,0.0,0.0,39.61170534718014,optimal
2021-02-08 02:00:00,9,99,1.3333333333333333,0.0,0.0,0.22313333333333332,8.6835,6.0,2,18.924547577839387,,4000.0,0.0,0.0,0.0,39.57209364183296,optimal
2021-02-08 02:30:00,9,99,1.3333333333333333,0.0,0.0,0.069,7.665,6.0,2,19.067809047875638,,4000.0,0.0,0.0,0.0,39.53252154819112,optimal
2021-02-08 03:00:00,9,99,1.3333333333333333,0.0,0.0,0.27586666666666665,6.7725,6.0,2,19.19676828811327,,4000.0,0.0,0.0,0.0,39.492989026642924,optimal
2021-02-08 03:30:00,9,99,1.3333333333333333,0.0,5.0,0.08306666666666666,5.5755,6.0,2,19.342322461521846,,4000.0,0.0,0.0,0.0,41.82849603761628,optimal
2021-02-08 04:00:00,9,99,1.3333333333333333,0.0,5.0,0.15806666666666666,5.0925,6.0,2,19.46898137123723,,4000.0,0.0,0.0,0.0,44.161667541578666,optimal
2021-02-08 04:30:00,9,99,1.3333333333333333,0.0,5.0,0.13053333333333333,4.1895,6.0,2,19.59977095846183,,4000.0,0.0,0.0,0.0,46.49250587403708,optimal
2021-02-08 05:00:00,9,99,1.3333333333333333,0.0,0.0,0.13933333333333334,7.056,6.0,2,19.725277782588172,,4000.0,0.0,0.0,0.0,46.44601336816304,optimal
2021-02-08 05:30:00,9,99,1.3333333333333333,0.0,5.0,0.14136666666666667,5.271,6.0,2,19.84866049205936,,4000.0,0.0,0.0,0.0,48.774567354794875,optimal
2021-02-08 06:00:00,9,99,1.3333333333333333,0.0,0.0,0.1191,7.938,6.0,2,19.970007393978687,,4000.0,0.0,0.0,0.0,48.72579278744007,optimal
2021-02-08 06:30:00,9,99,1.3333333333333333,0.0,0.0,0.16746666666666668,7.938,6.0,2,20.087276906848196,,4000.0,0.0,0.0,0.0,48.67706699465263,optimal
2021-02-08 07:00:00,9,99,1.3333333333333333,0.0,0.0,0.1803333333333333,11.907,6.0,2,20.206530669827032,,4000.0,0.0,0.0,0.0,48.62838992765797,optimal
2021-02-08 07:30:00,9,99,1.3333333333333333,0.0,0.0,0.1575,11.025,6.0,2,20.32472295838214,,4000.0,0.0,0.0,0.0,48.579761537730306,optimal
2021-02-08 08:00:00,9,99,1.3333333333333333,7.895555555555555,0.0,0.1331,11.2875,6.0,2,20.440740757924704,,4000.0,0.0,0.0,7106.0,48.53118177619257,optimal
2021-02-08 08:30:00,9,99,0.0,0.2740222222222222,0.0,0.3464,12.936,6.0,2,20.582109408016443,,0.0,0.0,0.0,246.62,48.48265059441637,optimal
2021-02-08 09:00:00,9,99,0.0,0.19042222222222224,0.0,0.3234666666666666,13.0095,6.0,2,20.41225807372441,,0.0,0.0,0.0,171.38000000000002,48.434167943821954,optimal
2021-02-08 09:30:00,9,99,0.0,0.774074074074074,0.0,1.570266666666667,13.671,6.0,2,20.253067284224905,,0.0,0.0,0.0,696.6666666666666,48.38573377587813,optimal
2021-02-08 10:00:00,9,99,0.11349922224154226,2.7866666666666666,0.0,1.8175666666666663,13.188,6.0,2,20.16279614800885,,340.49766672462675,0.0,0.0,2508.0,48.33734804210225,optimal
2021-02-08 10:30:00,9,99,0.0,0.46444444444444444,0.0,0.3110333333333334,13.8495,6.0,2,20.130327273032915,,0.0,0.0,0.0,418.0,48.289010694060146,optimal
2021-02-08 11:00:00,9,99,0.3475579900043745,0.3096296296296296,0.0,0.565,13.23,6.0,2,20.0,,1042.6739700131234,0.0,0.0,278.66666666666663,48.240721683366075,optimal
2021-02-08 11:30:00,9,99,0.32978920153595087,0.0,0.0,0.6033333333333334,13.3665,6.0,2,20.0,,989.3676046078527,0.0,0.0,0.0,48.192480961682705,optimal
2021-02-08 12:00:00,9,99,1.3333333333333333,0.387037037037037,0.0,0.61,13.0515,6.0,2,20.0,,4000.0,0.0,0.0,348.3333333333333,48.144288480721016,optimal
2021-02-08 12:30:00,9,99,0.2088044578967759,0.0,0.0,0.4968,13.5345,6.0,2,20.267583300937602,,626.4133736903277,0.0,0.0,0.0,48.096144192240295,optimal
2021-02-08 13:00:00,9,99,0.0,0.23222222222222222,0.0,0.45766666666666667,14.154,6.0,2,20.24121287549253,,0.0,0.0,0.0,209.0,48.048048048048045,optimal
2021-02-08 13:30:00,9,99,0.0,0.23222222222222222,0.0,1.2614333333333334,14.112,6.0,2,20.167265778494343,,0.0,0.0,0.0,209.0,48.0,optimal
2021-02-08 14:00:00,9,99,0.0,5.108888888888889,0.0,0.4849666666666666,14.2485,6.0,2,20.099261883361166,,0.0,0.0,0.0,4598.0,47.551795686584335,optimal
2021-02-08 14:30:00,9,99,1.3333333333333333,0.0,0.0,0.4078,12.789,6.0,2,20.01607527647646,,4000.0,0.0,0.0,0.0,47.104039577482084,optimal
2021-02-08 15:00:00,9,99,1.3333333333333333,0.0,0.0,0.6317666666666667,13.0095,6.0,2,20.259212796691916,,4000.0,0.0,0.0,0.0,46.65673122448894,optimal
2021-02-08 15:30:00,9,99,1.3333333333333333,0.23222222222222222,0.0,0.5124666666666667,12.1275,6.0,2,20.496021231598224,,4000.0,0.0,0.0,209.0,46.209870179848785,optimal
2021-02-08 16:00:00,9,99,1.3333333333333333,0.9288888888888889,0.0,0.8840333333333333,12.348,6.0,2,20.720412862985814,,4000.0,0.0,0.0,836.0,45.76345599625327,optimal
2021-02-08 16:30:00,9,99,1.3333333333333333,0.0,0.0,0.4589,12.348,6.0,2,20.97495219035425,,4000.0,0.0,0.0,0.0,45.317488226841355,optimal
2021-02-08 17:00:00,9,99,0.0,0.46444444444444444,0.0,0.38853333333333334,25.389,6.0,2,21.20000982439137,,0.0,0.0,0.0,418.0,44.87196642519885,optimal
2021-02-08 17:30:00,9,99,0.0,0.23222222222222222,0.0,0.2488333333333333,29.1375,6.0,2,21.032754609692848,,0.0,0.0,0.0,209.0,44.42689014535799,optimal
2021-02-08 18:00:00,9,99,0.0,0.0,0.0,0.24869999999999998,30.597,6.0,2,20.861392476988435,,0.0,0.0,0.0,0.0,43.982258941796964,optimal
2021-02-08 18:30:00,9,99,0.0,0.23222222222222222,0.0,0.25046666666666667,33.684,6.0,2,20.665510062890725,,0.0,0.0,0.0,209.0,43.538072369439504,optimal
2021-02-08 19:00:00,9,99,0.0,0.0,0.0,0.16746666666666668,32.445,6.0,2,20.480250207952714,,0.0,0.0,0.0,0.0,43.094329983654404,optimal
2021-02-08 19:30:00,9,99,0.0,0.0,0.0,0.17476666666666668,28.917,6.0,2,20.239234805541596,,0.0,0.0,0.0,0.0,42.65103134025509,optimal
2021-02-08 20:00:00,9,99,0.9624957727237503,0.0,0.0,0.0857,15.876,6.0,2,20.0,,2887.487318171251,0.0,0.0,0.0,42.20817599549917,optimal
2021-02-08 20:30:00,9,99,0.0,0.0,0.0,0.16746666666666668,12.348,6.0,2,20.0,,0.0,0.0,0.0,0.0,41.76576350608801,optimal
2021-02-08 21:00:00,9,99,0.0,0.0,0.0,0.1358,12.1275,6.0,2,19.760006945393467,,0.0,0.0,0.0,0.0,41.32379342916626,optimal
2021-02-08 21:30:00,9,99,0.0,0.0,0.0,0.195,12.348,6.0,2,19.519103038087906,,0.0,0.0,0.0,0.0,40.88226532232143,optimal
2021-02-08 22:00:00,9,99,0.0,0.0,0.0,0.11013333333333333,12.1275,6.0,2,19.288215965527957,,0.0,0.0,0.0,0.0,40.841383056999106,optimal
2021-02-08 22:30:00,9,99,0.0,0.0,0.0,0.069,12.1275,6.0,2,19.05946989385416,,0.0,0.0,0.0,0.0,40.80054167394211,optimal
2021-02-08 23:00:00,9,99,0.0,0.0,0.0,0.26766666666666666,11.2665,6.0,2,18.83213878407861,,0.0,0.0,0.0,0.0,40.75974113226816,optimal
2021-02-08 23:30:00,9,99,0.0,0.0,0.0,0.09126666666666668,10.143,6.0,2,18.623969938759206,,0.0,0.0,0.0,0.0,40.71898139113589,optimal
2021-02-09 00:00:00,9,99,1.3333333333333333,0.0,0.0,0.045,12.1275,6.0,-2,18.623969938759206,,4000.0,0.0,0.0,0.0,40.678262409744754,optimal
2021-02-09 00:30:00,9,99,1.3333333333333333,0.0,0.0,0.045,11.823,6.0,-2,18.746657320327653,,4000.0,0.0,0.0,0.0,40.63758414733501,optimal
2021-02-09 01:00:00,9,99,1.3333333333333333,0.0,0.0,0.045,11.7705,6.0,-2,18.86841870074466,,4000.0,0.0,0.0,0.0,40.59694656318768,optimal
2021-02-09 01:30:00,9,99,1.3333333333333333,0.0,5.0,0.17333333333333334,11.13,6.0,-2,18.989265876805128,,4000.0,0.0,0.0,0.0,42.93134961662449,optimal
2021-02-09 02:00:00,9,99,1.3333333333333333,0.0,0.0,0.045,11.6865,6.0,-2,19.11821855330834,,4000.0,0.0,0.0,0.0,42.888418267007864,optimal
2021-02-09 02:30:00,9,99,1.3333333333333333,0.0,5.0,0.17333333333333334,10.7205,6.0,-2,19.233335502575596,,4000.0,0.0,0.0,0.0,45.22052984874086,optimal
2021-02-09 03:00:00,9,99,1.3333333333333333,0.0,0.0,0.045,11.424,6.0,-2,19.358541878053906,,4000.0,0.0,0.0,0.0,45.17530931889212,optimal
2021-02-09 03:30:00,9,99,1.3333333333333333,0.0,5.0,0.10916666666666669,10.689,6.0,-2,19.471871177835315,,4000.0,0.0,0.0,0.0,47.505134009573226,optimal
2021-02-09 04:00:00,9,99,1.3333333333333333,0.0,2.2601113697451063,0.10916666666666669,11.361,6.0,-2,19.590490160862462,,4000.0,0.0,0.0,0.0,48.53118177619257,optimal
2021-02-09 04:30:00,9,99,1.3333333333333333,0.0,0.0,0.045,11.571,6.0,-2,19.708871947290284,,4000.0,0.0,0.0,0.0,48.48265059441637,optimal
2021-02-09 05:00:00,9,99,1.3333333333333333,0.0,0.0,0.17333333333333334,14.3745,6.0,-2,19.81901216628007,,4000.0,0.0,0.0,0.0,48.434167943821954,optimal
2021-02-09 05:30:00,9,99,1.3333333333333333,0.0,0.0,0.045,13.23,6.0,-2,19.937394287029612,,4000.0,0.0,0.0,0.0,48.38573377587813,optimal
2021-02-09 06:00:00,9,99,1.3333333333333333,0.387037037037037,0.0,0.16673333333333332,13.9755,6.0,-2,20.043349294524525,,4000.0,0.0,0.0,348.3333333333333,48.33734804210225,optimal
2021-02-09 06:30:00,9,99,1.3333333333333333,0.0774074074074074,0.0,0.3095333333333334,14.994,6.0,-2,20.182398918589183,,4000.0,0.0,0.0,69.66666666666666,48.289010694060146,optimal
2021-02-09 07:00:00,9,99,1.3333333333333333,0.8514814814814814,0.0,0.354,13.671,6.0,-2,20.335052763167948,,4000.0,0.0,0.0,766.3333333333333,48.240721683366075,optimal
2021-02-09 07:30:00,9,99,0.0,0.1548148148148148,0.0,0.2585,15.981,6.0,-2,20.492425018992588,,0.0,0.0,0.0,139.33333333333331,48.192480961682705,optimal
2021-02-09 08:00:00,9,99,0.4416781411132567,0.1548148148148148,0.0,0.2118333333333333,15.6345,6.0,-2,20.28858851845101,,1325.03442333977,0.0,0.0,139.33333333333331,48.144288480721016,optimal
2021-02-09 08:30:00,9,99,0.0,0.0774074074074074,0.0,0.19166666666666662,16.5375,6.0,-2,20.201100282454075,,0.0,0.0,0.0,69.66666666666666,48.096144192240295,optimal
2021-02-09 09:00:00,9,99,1.1958808777009557,0.3096296296296296,0.0,0.41243333333333326,14.7735,6.0,-2,20.0,,3587.6426331028674,0.0,0.0,278.66666666666663,48.048048048048045,optimal
2021-02-09 09:30:00,9,99,0.0,0.0,0.0,0.3948333333333333,15.2145,6.0,-2,20.14847641099483,,0.0,0.0,0.0,0.0,48.0,optimal
2021-02-09 10:00:00,9,99,0.7634666030137143,0.0,0.0,0.045,14.553,6.0,-2,20.0,,2290.399809041143,0.0,0.0,0.0,47.73937394531716,optimal
2021-02-09 10:30:00,9,99,1.3333333333333333,0.0,0.0,0.08,14.3325,6.0,-2,20.0,,4000.0,0.0,0.0,0.0,47.47900851668901,optimal
2021-02-09 11:00:00,9,99,0.6500537113511635,0.0,0.0,0.13833333333333334,14.595,6.0,-2,20.151620677794497,,1950.1611340534907,0.0,0.0,0.0,47.21890345348948,optimal
2021-02-09 11:30:00,9,99,0.0,0.0,0.0,0.045,14.994,6.0,-2,20.162494424818778,,0.0,0.0,0.0,0.0,46.959058495353155,optimal
2021-02-09 12:00:00,9,99,1.0531696081610242,0.0,0.0,0.045,14.3325,6.0,-2,20.0,,3159.508824483072,0.0,0.0,0.0,46.699473382174965,optimal
2021-02-09 12:30:00,9,99,1.3333333333333333,0.0,0.0,0.045,13.8915,6.0,-2,20.128210153520268,,4000.0,0.0,0.0,0.0,46.44014785410995,optimal
2021-02-09 13:00:00,9,99,1.3333333333333333,0.0,0.0,0.17333333333333334,13.8915,6.0,-2,20.325661501084536,,4000.0,0.0,0.0,0.0,46.181081651573,optimal
2021-02-09 13:30:00,9,99,1.3333333333333333,0.0,0.0,0.045,13.4715,6.0,-2,20.535508366995128,,4000.0,0.0,0.0,0.0,45.92227451523859,optimal
2021-02-09 14:00:00,9,99,1.3333333333333333,0.0,0.0,0.0625,13.23,6.0,-2,20.731125929035873,,4000.0,0.0,0.0,0.0,45.66372618604051,optimal
2021-02-09 14:30:00,9,99,1.3333333333333333,0.0,0.0,0.15583333333333335,13.8915,6.0,-2,20.91948253967727,,4000.0,0.0,0.0,0.0,45.405436405171635,optimal
2021-02-09 15:00:00,9,99,0.0,0.0,0.0,0.045,26.9325,6.0,-2,21.11274368458192,,0.0,0.0,0.0,0.0,45.14740491408363,optimal
2021-02-09 15:30:00,9,99,0.0,0.0,0.0,0.4685666666666667,30.303,6.0,-2,20.930991015691273,,0.0,0.0,0.0,0.0,44.88963145448671,optimal
2021-02-09 16:00:00,9,99,0.0,0.0,0.0,0.2129333333333333,32.886,6.0,-2,20.79924847407933,,0.0,0.0,0.0,0.0,44.63211576834939,optimal
2021-02-09 16:30:00,9,99,0.0,0.5418518518518518,0.0,0.2324,34.9965,6.0,-2,20.631451205272242,,0.0,0.0,0.0,487.6666666666667,44.3748575978982,optimal
2021-02-09 17:00:00,9,99,0.0,0.3096296296296296,0.0,0.41356666666666664,33.327,6.0,-2,20.467427478291857,,0.0,0.0,0.0,278.66666666666663,44.3304827403003,optimal
2021-02-09 17:30:00,9,99,0.0,0.6192592592592592,0.0,0.2266,31.122,6.0,-2,20.320926438587538,,0.0,0.0,0.0,557.3333333333333,44.28615225756,optimal
2021-02-09 18:00:00,9,99,0.0,0.1548148148148148,0.0,0.424,17.9025,6.0,-2,20.15892576938926,,0.0,0.0,0.0,139.33333333333331,44.241866105302435,optimal
2021-02-09 18:30:00,9,99,0.5924251135047401,0.0,0.0,0.4274333333333333,15.6555,6.0,-2,20.0,,1777.2753405142205,0.0,0.0,0.0,44.19762423919713,optimal
2021-02-09 19:00:00,9,99,0.5907629414927507,0.0,0.0,0.30610000000000004,14.553,6.0,-2,20.0,,1772.2888244782519,0.0,0.0,0.0,44.15342661495794,optimal
2021-02-09 19:30:00,9,99,0.5400518303816413,0.0774074074074074,0.0,0.3967,14.3325,6.0,-2,20.0,,1620.1554911449236,0.0,0.0,69.66666666666666,44.10927318834298,optimal
2021-02-09 20:00:00,9,99,0.503707385937199,0.0774074074074074,0.0,0.6151333333333333,13.335,6.0,-2,20.0,,1511.1221578115972,0.0,0.0,69.66666666666666,44.06516391515464,optimal
2021-02-09 20:30:00,9,99,0.0,0.3096296296296296,0.0,0.6171666666666666,12.1275,6.0,-2,20.0,,0.0,0.0,0.0,278.66666666666663,44.021098751239485,optimal
2021-02-09 21:00:00,9,99,0.0,0.0,0.0,0.5387000000000001,12.2955,6.0,-2,19.871068481166457,,0.0,0.0,0.0,0.0,43.97707765248825,optimal
2021-02-09 21:30:00,9,99,0.0,0.1548148148148148,0.0,0.5093666666666666,11.6865,6.0,-2,19.71810373376922,,0.0,0.0,0.0,139.33333333333331,43.93310057483576,optimal
2021-02-09 22:00:00,9,99,0.0,0.3096296296296296,0.0,0.4688333333333333,11.466,6.0,-2,19.564213629142557,,0.0,0.0,0.0,278.66666666666663,43.88916747426093,optimal
2021-02-09 22:30:00,9,99,0.0,0.1548148148148148,0.0,0.5631333333333334,10.8045,6.0,-2,19.417455970703994,,0.0,0.0,0.0,139.33333333333331,43.84527830678667,optimal
2021-02-09 23:00:00,9,99,0.0,0.3096296296296296,0.0,0.18830000000000002,10.584,6.0,-2,19.290749019836504,,0.0,0.0,0.0,278.66666666666663,43.80143302847988,optimal
2021-02-09 23:30:00,9,99,0.0,0.0,0.0,0.052,11.2455,6.0,-2,19.090044687570714,,0.0,0.0,0.0,0.0,43.7576315954514,optimal
2021-02-10 00:00:00,9,99,1.3333333333333333,0.0,0.0,0.06606666666666666,10.8045,6.0,0,19.090044687570714,,4000.0,0.0,0.0,0.0,43.713873963855946,optimal
2021-02-10 00:30:00,9,99,1.3333333333333333,0.0,0.0,0.1142,11.508,6.0,0,19.198580080365215,,4000.0,0.0,0.0,0.0,43.67016008989209,optimal
2021-02-10 01:00:00,9,99,1.3333333333333333,0.0,0.0,0.055,11.508,6.0,0,19.308866134715828,,4000.0,0.0,0.0,0.0,43.6264899298022,optimal
2021-02-10 01:30:00,9,99,1.3333333333333333,0.0,0.0,0.055,11.508,6.0,0,19.411436336089576,,4000.0,0.0,0.0,0.0,43.5828634398724,optimal
2021-02-10 02:00:00,9,99,1.3333333333333333,0.0,0.0,0.055,11.844,6.0,0,19.5114258936752,,4000.0,0.0,0.0,0.0,43.539280576432525,optimal
2021-02-10 02:30:00,9,99,1.3333333333333333,0.0,0.0,0.055,11.508,6.0,0,19.608867683593253,,4000.0,0.0,0.0,0.0,43.49574129585609,optimal
2021-02-10 03:00:00,9,99,1.3333333333333333,0.0,0.0,0.055,11.508,6.0,0,19.70506811348821,,4000.0,0.0,0.0,0.0,43.452245554560236,optimal
2021-02-10 03:30:00,9,99,1.3333333333333333,0.0,5.0,0.055,10.4475,6.0,0,19.80004299767042,,4000.0,0.0,0.0,0.0,45.783793309005674,optimal
2021-02-10 04:00:00,9,99,1.3333333333333333,0.0,0.8753576486705883,0.1142,10.8675,6.0,0,19.893807948983778,,4000.0,0.0,0.0,0.0,46.15380439881519,optimal
2021-02-10 04:30:00,9,99,1.3333333333333333,0.0,5.0,0.0624,10.542,6.0,0,19.99141529442507,,4000.0,0.0,0.0,0.0,48.48265059441637,optimal
2021-02-10 05:00:00,9,99,1.3333333333333333,0.0,0.0,0.1142,11.025,6.0,0,20.082097921477544,,4000.0,0.0,0.0,0.0,48.434167943821954,optimal
2021-02-10 05:30:00,9,99,1.3333333333333333,0.0,0.0,0.06873333333333334,11.025,6.0,0,20.174758645457675,,4000.0,0.0,0.0,0.0,48.38573377587813,optimal
2021-02-10 06:00:00,9,99,1.3333333333333333,0.0774074074074074,0.0,0.2076,14.553,6.0,0,20.26055766855037,,4000.0,0.0,0.0,69.66666666666666,48.33734804210225,optimal
2021-02-10 06:30:00,9,99,1.3333333333333333,0.23222222222222222,0.0,0.179,13.0935,6.0,0,20.360200850178042,,4000.0,0.0,0.0,209.0,48.289010694060146,optimal
2021-02-10 07:00:00,9,99,1.3333333333333333,0.23222222222222222,0.0,0.21636666666666668,15.6345,6.0,0,20.460833245675417,,4000.0,0.0,0.0,209.0,48.240721683366075,optimal
2021-02-10 07:30:00,9,99,0.0,0.5418518518518518,0.0,0.2132333333333333,18.102,6.0,0,20.569949408833356,,0.0,0.0,0.0,487.6666666666667,48.192480961682705,optimal
2021-02-10 08:00:00,9,99,0.5691250142251532,0.46444444444444444,0.0,0.4582333333333333,17.199,6.0,0,20.339463236949523,,1707.3750426754593,0.0,0.0,418.0,48.144288480721016,optimal
2021-02-10 08:30:00,9,99,0.0,0.46444444444444444,0.0,0.189,18.2805,6.0,0,20.272257969947116,,0.0,0.0,0.0,418.0,48.096144192240295,optimal
2021-02-10 09:00:00,9,99,1.3333333333333333,2.631851851851852,0.0,0.2317333333333333,17.4615,6.0,0,20.04999975961628,,4000.0,0.0,0.0,2368.6666666666665,48.048048048048045,optimal
2021-02-10 09:30:00,9,99,0.0,0.0,0.0,1.0729000000000002,18.3225,6.0,0,20.196986166147,,0.0,0.0,0.0,0.0,48.0,optimal
2021-02-10 10:00:00,9,99,0.7146906982856084,0.0,0.0,0.7102,17.094,6.0,0,20.0,,2144.072094856825,0.0,0.0,0.0,47.893152638146894,optimal
2021-02-10 10:30:00,9,99,0.7498575155829771,0.0,0.0,0.15919999999999998,17.094,6.0,0,20.0,,2249.572546748931,0.0,0.0,0.0,47.786412123655644,optimal
2021-02-10 11:00:00,9,99,1.3041313377760473,0.0,0.0,0.205,17.094,6.0,0,20.0,,3912.394013328142,0.0,0.0,0.0,47.679778349678884,optimal
2021-02-10 11:30:00,9,99,0.0,0.0,0.0,0.2581,17.3565,6.0,0,20.167170698788752,,0.0,0.0,0.0,0.0,47.5732512094761,optimal
2021-02-10 12:00:00,9,99,0.5515806918586822,0.0,0.0,0.065,17.115,6.0,0,20.0,,1654.7420755760463,0.0,0.0,0.0,47.466830596413516,optimal
2021-02-10 12:30:00,9,99,0.6395925388027495,0.0,0.0,0.065,17.241,6.0,0,20.0,,1918.7776164082484,0.0,0.0,0.0,47.360516403964,optimal
2021-02-10 13:00:00,9,99,1.3333333333333333,0.0,0.0,0.1316,17.094,6.0,0,20.022464933480002,,4000.0,0.0,0.0,0.0,47.25430852570693,optimal
2021-02-10 13:30:00,9,99,1.3333333333333333,0.0,0.0,0.065,16.5165,6.0,0,20.2227578850317,,4000.0,0.0,0.0,0.0,47.14820685532812,optimal
2021-02-10 14:00:00,9,99,1.3333333333333333,0.0,0.0,0.1316,17.8185,6.0,0,20.417380577341696,,4000.0,0.0,0.0,0.0,47.04221128661969,optimal
2021-02-10 14:30:00,9,99,1.3333333333333333,0.0,0.0,0.065,17.094,6.0,0,20.61410127533522,,4000.0,0.0,0.0,0.0,46.93632171347996,optimal
2021-02-10 15:00:00,9,99,1.3333333333333333,0.23222222222222222,0.0,0.1447,16.8945,6.0,0,20.802649322124985,,4000.0,0.0,0.0,209.0,46.83053802991338,optimal
2021-02-10 15:30:00,9,99,1.3333333333333333,0.0,0.0,0.1279,18.123,6.0,0,20.987195995363567,,4000.0,0.0,0.0,0.0,46.72486013003036,optimal
2021-02-10 16:00:00,9,99,0.0,0.0,0.0,0.065,31.647,6.0,0,21.153956497915015,,0.0,0.0,0.0,0.0,46.61928790804723,optimal
2021-02-10 16:30:00,9,99,0.0,0.0,0.0,0.065,34.9965,6.0,0,20.94060348736515,,0.0,0.0,0.0,0.0,46.51382125828608,optimal
2021-02-10 17:00:00,9,99,0.0,0.0,0.0,0.09459999999999999,34.9965,6.0,0,20.72742058753984,,0.0,0.0,0.0,0.0,46.40846007517469,optimal
2021-02-10 17:30:00,9,99,0.0,0.0,0.0,0.102,34.9965,6.0,0,20.485513411071935,,0.0,0.0,0.0,0.0,46.303204253246406,optimal
2021-02-10 18:00:00,9,99,0.0,0.0,0.0,0.065,34.9965,6.0,0,20.247954601230084,,0.0,0.0,0.0,0.0,46.19805368714005,optimal
2021-02-10 18:30:00,9,99,0.0,3.263370424794597,0.0,0.065,34.9965,6.0,0,20.0,,0.0,2937.0333823151373,0.0,0.0,46.09300827159981,optimal
2021-02-10 19:00:00,9,99,0.0,3.2805839006698356,0.0,0.10940000000000001,27.741,6.0,0,20.0,,0.0,2952.525510602852,0.0,0.0,45.988067901475105,optimal
2021-02-10 19:30:00,9,99,1.0040526969275634,0.0,0.0,0.0872,19.026,6.0,0,20.0,,3012.1580907826906,0.0,0.0,0.0,45.883232471720525,optimal
2021-02-10 20:00:00,9,99,1.0103635569875098,0.0,0.0,0.1057,18.7215,6.0,0,20.0,,3031.090670962529,0.0,0.0,0.0,45.7785018773957,optimal
2021-02-10 20:30:00,9,99,0.0,0.0,0.0,0.09090000000000001,17.4195,6.0,0,20.0,,0.0,0.0,0.0,0.0,45.6738760136652,optimal
2021-02-10 21:00:00,9,99,0.0,0.0,0.0,0.1178,16.758,6.0,0,19.740209537022633,,0.0,0.0,0.0,0.0,45.56935477579843,optimal
2021-02-10 21:30:00,9,99,0.0,0.0,0.0,0.3172333333333333,14.217,6.0,0,19.493945453902153,,0.0,0.0,0.0,0.0,45.52378542102263,optimal
2021-02-10 22:00:00,9,99,0.0,0.0,0.0,0.3883333333333333,13.3665,6.0,0,19.272922451154813,,0.0,0.0,0.0,0.0,45.478261635601605,optimal
2021-02-10 22:30:00,9,99,0.0,0.0,0.0,0.315,12.789,6.0,0,19.04375571974106,,0.0,0.0,0.0,0.0,45.432783373966004,optimal
2021-02-10 23:00:00,9,99,0.0,0.0,0.0,0.3048666666666667,11.907,6.0,0,18.810699047423142,,0.0,0.0,0.0,0.0,45.387350590592035,optimal
2021-02-10 23:30:00,9,99,0.0,0.0,0.0,0.2916,11.7075,6.0,0,18.583909849418664,,0.0,0.0,0.0,0.0,45.34196324000144,optimal
2021-02-11 00:00:00,9,99,1.3333333333333333,0.1548148148148148,0.0,0.07096666666666666,11.6865,6.0,-2,18.583909849418664,,4000.0,0.0,0.0,139.33333333333331,45.29662127676144,optimal
2021-02-11 00:30:00,9,99,1.3333333333333333,0.0,0.0,0.403,11.2245,6.0,-2,18.670370977851956,,4000.0,0.0,0.0,0.0,45.25132465548468,optimal
2021-02-11 01:00:00,9,99,1.3333333333333333,0.0,0.0,0.17113333333333333,11.025,6.0,-2,18.796684455575992,,4000.0,0.0,0.0,0.0,45.2060733308292,optimal
2021-02-11 01:30:00,9,99,1.3333333333333333,0.0,0.0,0.1346,10.7835,6.0,-2,18.90833473701524,,4000.0,0.0,0.0,0.0,45.16086725749837,optimal
2021-02-11 02:00:00,9,99,1.3333333333333333,0.0,0.0,0.24226666666666669,11.025,6.0,-2,18.982697332600484,,4000.0,0.0,0.0,0.0,45.11570639024087,optimal
2021-02-11 02:30:00,9,99,1.3333333333333333,0.0,2.1732690022186545,0.051,10.584,6.0,-2,19.065273187644245,,4000.0,0.0,0.0,0.0,46.10289345990448,optimal
2021-02-11 03:00:00,9,99,1.3333333333333333,0.0,0.0,0.30356666666666665,11.025,6.0,-2,19.129249576912784,,4000.0,0.0,0.0,0.0,46.056790566444576,optimal
2021-02-11 03:30:00,9,99,1.3333333333333333,0.0,5.0,0.0733,10.4265,6.0,-2,19.21262611576274,,4000.0,0.0,0.0,0.0,48.38573377587813,optimal
2021-02-11 04:00:00,9,99,1.3333333333333333,0.0,0.0,0.1402,12.789,6.0,-2,19.27853357810663,,4000.0,0.0,0.0,0.0,48.33734804210225,optimal
2021-02-11 04:30:00,9,99,1.3333333333333333,0.0,0.0,0.23666666666666664,12.684,6.0,-2,19.352478340058767,,4000.0,0.0,0.0,0.0,48.289010694060146,optimal
2021-02-11 05:00:00,9,99,1.3333333333333333,0.0,0.0,0.09559999999999999,16.254,6.0,-2,19.433688754965978,,4000.0,0.0,0.0,0.0,48.240721683366075,optimal
2021-02-11 05:30:00,9,99,1.3333333333333333,0.0,0.0,0.28126666666666666,17.64,6.0,-2,19.501862215612707,,4000.0,0.0,0.0,0.0,48.192480961682705,optimal
2021-02-11 06:00:00,9,99,1.3333333333333333,0.0,0.0,0.051,19.1625,6.0,-2,19.588149131376564,,4000.0,0.0,0.0,0.0,48.144288480721016,optimal
2021-02-11 06:30:00,9,99,0.0,0.0774074074074074,0.0,0.2720666666666667,26.46,6.0,-2,19.656929893877496,,0.0,0.0,0.0,69.66666666666666,48.096144192240295,optimal
2021-02-11 07:00:00,9,99,0.0,0.387037037037037,0.0,1.6943333333333332,20.79,6.0,-2,19.418322885333563,,0.0,0.0,0.0,348.3333333333333,48.048048048048045,optimal
2021-02-11 07:30:00,9,99,0.0,12.281418409459748,0.0,0.3395,29.106,6.0,-2,19.31139819345212,,0.0,10635.276568513773,0.0,418.0,48.0,optimal
2021-02-11 08:00:00,9,99,1.3333333333333333,0.387037037037037,0.0,0.5288666666666667,19.1835,6.0,-2,20.0,,4000.0,0.0,0.0,348.3333333333333,47.48785050876935,optimal
2021-02-11 08:30:00,9,99,0.6108735859801895,0.0,0.0,0.051,19.6665,6.0,-2,20.130099777432264,,1832.6207579405684,0.0,0.0,0.0,46.97621316702993,optimal
2021-02-11 09:00:00,9,99,0.9784087369649016,0.0,0.0,0.2201,19.404,6.0,-2,20.0,,2935.2262108947048,0.0,0.0,0.0,46.465087462632255,optimal
2021-02-11 09:30:00,9,99,0.917168171680369,0.0,0.0,0.1567666666666667,19.047,6.0,-2,20.0,,2751.504515041107,0.0,0.0,0.0,45.95447288393897,optimal
2021-02-11 10:00:00,9,99,1.3333333333333333,0.0,0.0,0.1625,18.858,6.0,-2,20.0,,4000.0,0.0,0.0,0.0,45.44436891982438,optimal
2021-02-11 10:30:00,9,99,0.10545749064840237,0.0,0.0,0.10303333333333332,19.2675,6.0,-2,20.16410397702747,,316.3724719452071,0.0,0.0,0.0,44.9347750596739,optimal
2021-02-11 11:00:00,9,99,0.6481787267623376,0.0,0.0,0.1308,18.963,6.0,-2,20.0,,1944.5361802870125,0.0,0.0,0.0,44.42569079338358,optimal
2021-02-11 11:30:00,9,99,0.8599344124967198,6.115185185185184,0.0,0.38576666666666665,18.438,6.0,-2,20.0,,2579.8032374901595,0.0,0.0,5503.666666666666,43.91711561135955,optimal
2021-02-11 12:00:00,9,99,0.0,0.1548148148148148,0.0,0.18130000000000002,18.7425,6.0,-2,20.10101036761242,,0.0,0.0,0.0,139.33333333333331,43.40904900451754,optimal
2021-02-11 12:30:00,9,99,1.3333333333333333,0.23222222222222222,0.0,0.14573333333333333,15.2145,6.0,-2,20.0,,4000.0,0.0,0.0,209.0,43.365639955513025,optimal
2021-02-11 13:00:00,9,99,0.0,0.23222222222222222,0.0,0.13666666666666666,17.7765,6.0,-2,20.264825138784108,,0.0,0.0,0.0,209.0,43.322274315557515,optimal
2021-02-11 13:30:00,9,99,1.3333333333333333,0.0,0.0,1.6313666666666666,16.758,6.0,-2,20.176695536985058,,4000.0,0.0,0.0,0.0,43.27895204124196,optimal
2021-02-11 14:00:00,9,99,1.3333333333333333,0.0,0.0,0.19233333333333327,16.422,6.0,-2,20.456142779771675,,4000.0,0.0,0.0,0.0,43.235673089200716,optimal
2021-02-11 14:30:00,9,99,1.3333333333333333,0.0,0.0,0.36436666666666667,16.758,6.0,-2,20.69582789550321,,4000.0,0.0,0.0,0.0,43.19243741611152,optimal
2021-02-11 15:00:00,9,99,0.0,0.0774074074074074,0.0,0.1865,29.358,6.0,-2,20.94098835057169,,0.0,0.0,0.0,69.66666666666666,43.14924497869541,optimal
2021-02-11 15:30:00,9,99,0.0,0.0,0.0,0.7248666666666667,34.9965,6.0,-2,20.817115576599353,,0.0,0.0,0.0,0.0,43.106095733716714,optimal
2021-02-11 16:00:00,9,99,0.0,0.387037037037037,0.0,0.5635666666666668,34.65,6.0,-2,20.72559002059158,,0.0,0.0,0.0,348.3333333333333,43.062989637982994,optimal
2021-02-11 16:30:00,9,99,0.0,0.0,0.0,0.49610000000000004,34.9965,6.0,-2,20.582922202109028,,0.0,0.0,0.0,0.0,43.01992664834501,optimal
2021-02-11 17:00:00,9,99,0.0,0.23222222222222222,0.0,0.4965,34.9965,6.0,-2,20.433975634088082,,0.0,0.0,0.0,209.0,42.976906721696665,optimal
2021-02-11 17:30:00,9,99,0.0,0.1548148148148148,0.0,0.5032666666666666,30.4815,6.0,-2,20.240807067427887,,0.0,0.0,0.0,139.33333333333331,42.93392981497497,optimal
2021-02-11 18:00:00,9,99,0.0,2.2977546246215605,0.0,0.5024666666666666,21.4305,6.0,-2,20.04524011453046,,0.0,1789.3124954927378,0.0,278.66666666666663,42.89099588515999,optimal
2021-02-11 18:30:00,9,99,0.44491564803699823,0.3096296296296296,0.0,2.5088666666666666,14.3325,6.0,-2,20.0,,1334.7469441109947,0.0,0.0,278.66666666666663,42.84810488927483,optimal
2021-02-11 19:00:00,9,99,1.3333333333333333,0.0,0.0,0.34403333333333336,13.692,6.0,-2,20.0,,4000.0,0.0,0.0,0.0,42.805256784385556,optimal
2021-02-11 19:30:00,9,99,0.6091469135224958,0.0,0.0,0.43073333333333336,14.007,6.0,-2,20.094799662568928,,1827.4407405674876,0.0,0.0,0.0,42.76245152760117,optimal
2021-02-11 20:00:00,9,99,0.9956665210689083,0.0,0.0,0.45630000000000004,12.873,6.0,-2,20.0,,2986.999563206725,0.0,0.0,0.0,42.71968907607357,optimal
2021-02-11 20:30:00,9,99,0.0,0.0,0.0,0.23336666666666667,12.684,6.0,-2,20.0,,0.0,0.0,0.0,0.0,42.6769693869975,optimal
2021-02-11 21:00:00,9,99,0.0,0.0,0.0,0.5667333333333333,12.306,6.0,-2,19.705304295867645,,0.0,0.0,0.0,0.0,42.6342924176105,optimal
2021-02-11 21:30:00,9,99,0.0,0.0,0.0,0.32789999999999997,10.6365,6.0,-2,19.43689622232739,,0.0,0.0,0.0,0.0,42.59165812519289,optimal
2021-02-11 22:00:00,9,99,0.0,0.0,0.0,0.29133333333333333,11.2455,6.0,-2,19.16485179585151,,0.0,0.0,0.0,0.0,42.5490664670677,optimal
2021-02-11 22:30:00,9,99,0.0,0.0,0.0,0.061,11.2455,6.0,-2,18.88389398264927,,0.0,0.0,0.0,0.0,42.506517400600636,optimal
2021-02-11 23:00:00,9,99,0.0,0.0,0.0,0.1502,11.025,6.0,-2,18.579274281522768,,0.0,0.0,0.0,0.0,42.46401088320003,optimal
2021-02-11 23:30:00,9,99,0.0,0.0,0.0,0.13533333333333333,12.0855,6.0,-2,18.278480984822266,,0.0,0.0,0.0,0.0,42.42154687231683,optimal
2021-02-12 00:00:00,9,99,1.3333333333333333,0.0774074074074074,0.0,0.9082,10.8045,6.0,-1,18.278480984822266,,4000.0,0.0,0.0,69.66666666666666,42.37912532544451,optimal
2021-02-12 00:30:00,9,99,1.3333333333333333,0.0,0.0,0.16473333333333331,11.025,6.0,-1,18.3325534238758,,4000.0,0.0,0.0,0.0,42.336746200119066,optimal
2021-02-12 01:00:00,9,99,1.3333333333333333,0.0,0.0,0.108,10.3635,6.0,-1,18.390903017463586,,4000.0,0.0,0.0,0.0,42.294409453918945,optimal
2021-02-12 01:30:00,9,99,1.3333333333333333,0.0,0.0,0.5830333333333333,10.8045,6.0,-1,18.442164911189263,,4000.0,0.0,0.0,0.0,42.25211504446503,optimal
2021-02-12 02:00:00,9,99,1.3333333333333333,0.0,3.5851013329198325,0.06966666666666667,10.059,6.0,-1,18.549655110848825,,4000.0,0.0,0.0,0.0,43.91278606255748,optimal
2021-02-12 02:30:00,9,99,1.3333333333333333,0.0,0.0,0.059,10.584,6.0,-1,18.592324421915528,,4000.0,0.0,0.0,0.0,43.86887327649492,optimal
2021-02-12 03:00:00,9,99,1.3333333333333333,0.0,5.0,0.16493333333333335,9.4185,6.0,-1,18.62743809736995,,4000.0,0.0,0.0,0.0,46.200004403218415,optimal
2021-02-12 03:30:00,9,99,1.3333333333333333,0.0,0.0,0.059,10.3635,6.0,-1,18.67493941790216,,4000.0,0.0,0.0,0.0,46.15380439881519,optimal
2021-02-12 04:00:00,9,99,1.3333333333333333,0.0,5.0,0.06656666666666666,9.8385,6.0,-1,18.7217401228203,,4000.0,0.0,0.0,0.0,48.48265059441637,optimal
2021-02-12 04:30:00,9,99,1.3333333333333333,0.0,0.0,0.15736666666666668,11.067,6.0,-1,18.777506057070294,,4000.0,0.0,0.0,0.0,48.434167943821954,optimal
2021-02-12 05:00:00,9,99,1.3333333333333333,0.0,0.0,0.059,10.8465,6.0,-1,18.849204749012372,,4000.0,0.0,0.0,0.0,48.38573377587813,optimal
2021-02-12 05:30:00,9,99,1.3333333333333333,0.0,0.0,0.16493333333333335,13.671,6.0,-1,18.920538357472825,,4000.0,0.0,0.0,0.0,48.33734804210225,optimal
2021-02-12 06:00:00,9,99,1.3333333333333333,0.0,0.0,0.059,12.348,6.0,-1,19.010167938794854,,4000.0,0.0,0.0,0.0,48.289010694060146,optimal
2021-02-12 06:30:00,9,99,1.3333333333333333,0.0,0.0,0.059,14.3325,6.0,-1,19.099834161726672,,4000.0,0.0,0.0,0.0,48.240721683366075,optimal
2021-02-12 07:00:00,9,99,1.3333333333333333,0.0,0.0,0.16526666666666667,15.393,6.0,-1,19.189632031847555,,4000.0,0.0,0.0,0.0,48.192480961682705,optimal
2021-02-12 07:30:00,9,99,1.3333333333333333,8.282438504732793,0.0,0.069,13.587,6.0,-1,19.288572996858477,,4000.0,7454.194654259514,0.0,0.0,48.144288480721016,optimal
2021-02-12 08:00:00,9,99,1.072105683026443,0.0,0.0,0.17493333333333333,16.1385,6.0,-1,20.0,,3216.317049079329,0.0,0.0,0.0,48.096144192240295,optimal
2021-02-12 08:30:00,9,99,1.1173988155188523,0.0,0.0,0.067,14.595,6.0,-1,20.0,,3352.196446556557,0.0,0.0,0.0,48.048048048048045,optimal
2021-02-12 09:00:00,9,99,0.9279771121050657,0.46444444444444444,0.0,0.1468,14.637,6.0,-1,20.0,,2783.9313363151973,0.0,0.0,418.0,48.0,optimal
2021-02-12 09:30:00,9,99,0.8919304324664202,1.8577777777777778,0.0,0.18903333333333333,13.9125,6.0,-1,20.0,,2675.7912973992607,0.0,0.0,1672.0,47.932672611387616,optimal
2021-02-12 10:00:00,9,99,0.7371572749531784,0.0,0.0,0.0719,13.3665,6.0,-1,20.0,,2211.4718248595354,0.0,0.0,0.0,47.865412550163846,optimal
2021-02-12 10:30:00,9,99,1.2798913620290289,0.0,0.0,0.069,13.0095,6.0,-1,20.0,,3839.674086087087,0.0,0.0,0.0,47.7982197490013,optimal
2021-02-12 11:00:00,9,99,0.0,0.0,0.0,0.1696,13.8915,6.0,-1,20.1429843247091,,0.0,0.0,0.0,0.0,47.73109414063992,optimal
2021-02-12 11:30:00,9,99,0.5858551504498383,0.0,0.0,0.059,13.188,6.0,-1,20.0,,1757.5654513495147,0.0,0.0,0.0,47.6640356578869,optimal
2021-02-12 12:00:00,9,99,1.153831910395534,0.0,0.0,0.1311,12.5685,6.0,-1,20.0,,3461.495731186602,0.0,0.0,0.0,47.59704423361663,optimal
2021-02-12 12:30:00,9,99,1.3333333333333333,0.0,0.0,0.10683333333333331,12.285,6.0,-1,20.161987049584283,,4000.0,0.0,0.0,0.0,47.53011980077063,optimal
2021-02-12 13:00:00,9,99,1.3333333333333333,0.0,0.0,0.069,11.487,6.0,-1,20.36578981496467,,4000.0,0.0,0.0,0.0,47.46326229235748,optimal
2021-02-12 13:30:00,9,99,1.3333333333333333,0.0,0.0,0.069,11.802,6.0,-1,20.56375295892224,,4000.0,0.0,0.0,0.0,47.396471641452735,optimal
2021-02-12 14:00:00,9,99,1.3333333333333333,0.0,0.0,0.17026666666666668,11.2245,6.0,-1,20.757920200366357,,4000.0,0.0,0.0,0.0,47.3297477811989,optimal
2021-02-12 14:30:00,9,99,1.3333333333333333,0.0,0.0,0.059,11.025,6.0,-1,20.949087054460797,,4000.0,0.0,0.0,0.0,47.26309064480532,optimal
2021-02-12 15:00:00,9,99,1.3333333333333333,0.0,0.0,0.11073333333333332,11.907,6.0,-1,21.127531462579444,,4000.0,0.0,0.0,0.0,47.19650016554813,optimal
2021-02-12 15:30:00,9,99,0.0,0.0,0.0,0.26339999999999997,25.83,6.0,-1,21.293396485558638,,0.0,0.0,0.0,0.0,47.1299762767702,optimal
2021-02-12 16:00:00,9,99,0.0,0.0,0.0,0.2312,28.035,6.0,-1,21.1439075373974,,0.0,0.0,0.0,0.0,47.06351891188105,optimal
2021-02-12 16:30:00,9,99,0.0,0.3096296296296296,0.0,0.3163,28.119,6.0,-1,20.969882498558334,,0.0,0.0,0.0,278.66666666666663,46.99712800435678,optimal
2021-02-12 17:00:00,9,99,0.0,0.3096296296296296,0.0,0.18186666666666668,30.156,6.0,-1,20.801062076621648,,0.0,0.0,0.0,278.66666666666663,46.93080348774004,optimal
2021-02-12 17:30:00,9,99,0.0,0.0,0.0,0.3611333333333333,29.1585,6.0,-1,20.591096531194236,,0.0,0.0,0.0,0.0,46.86454529563992,optimal
2021-02-12 18:00:00,9,99,0.0,0.0774074074074074,0.0,0.43646666666666656,26.712,6.0,-1,20.399971069222364,,0.0,0.0,0.0,69.66666666666666,46.7983533617319,optimal
2021-02-12 18:30:00,9,99,0.0,0.23222222222222222,0.0,0.08940000000000001,15.435,6.0,-1,20.211310291000586,,0.0,0.0,0.0,209.0,46.732227619757786,optimal
2021-02-12 19:00:00,9,99,0.8099418368676246,0.1548148148148148,0.0,0.071,13.566,6.0,-1,20.0,,2429.8255106028737,0.0,0.0,139.33333333333331,46.66616800352565,optimal
2021-02-12 19:30:00,9,99,0.6376061808916004,0.0,0.0,1.6421333333333334,12.789,6.0,-1,20.0,,1912.8185426748012,0.0,0.0,0.0,46.60017444690974,optimal
2021-02-12 20:00:00,9,99,0.8465905249155806,0.0,0.0,0.092,12.1275,6.0,-1,20.0,,2539.771574746742,0.0,0.0,0.0,46.55357427246283,optimal
2021-02-12 20:30:00,9,99,0.0,4.79925925925926,0.0,0.1189,13.671,6.0,-1,20.0,,0.0,0.0,0.0,4319.333333333333,46.50702069819037,optimal
2021-02-12 21:00:00,9,99,0.0,0.0,0.0,0.4588666666666667,10.668,6.0,-1,19.794303549621333,,0.0,0.0,0.0,0.0,46.46051367749217,optimal
2021-02-12 21:30:00,9,99,0.0,0.0,0.0,0.334,11.7285,6.0,-1,19.613766659810565,,0.0,0.0,0.0,0.0,46.41405316381468,optimal
2021-02-12 22:00:00,9,99,0.0,1.9351851851851851,0.0,0.36173333333333335,11.025,6.0,-1,19.42349500208965,,0.0,0.0,0.0,1741.6666666666667,46.36763911065086,optimal
2021-02-12 22:30:00,9,99,0.0,0.0,0.0,0.38273333333333337,10.689,6.0,-1,19.240481713535694,,0.0,0.0,0.0,0.0,46.321271471540214,optimal
2021-02-12 23:00:00,9,99,0.0,0.0,0.0,0.069,8.1585,6.0,-1,19.052267242629036,,0.0,0.0,0.0,0.0,46.27495020006867,optimal
2021-02-12 23:30:00,9,99,0.0,0.0,0.0,0.17393333333333333,10.3635,6.0,-1,18.818900483197968,,0.0,0.0,0.0,0.0,46.2286752498686,optimal
2021-02-13 00:00:00,9,99,1.246118672010395,0.0,0.0,0.061,10.059,6.0,-1,18.818900483197968,,3738.3560160311845,0.0,0.0,0.0,46.18244657461873,optimal
2021-02-13 00:30:00,9,99,1.3333333333333333,0.0,0.0,0.061,9.261,6.0,-1,18.90681544314443,,4000.0,0.0,0.0,0.0,46.13626412804411,optimal
2021-02-13 01:00:00,9,99,1.3333333333333333,0.0,0.0,0.12279999999999999,8.1585,6.0,-1,19.016508837995694,,4000.0,0.0,0.0,0.0,46.09012786391607,optimal
2021-02-13 01:30:00,9,99,1.3333333333333333,0.0,0.0,0.061,9.4815,6.0,-1,19.13069989746345,,4000.0,0.0,0.0,0.0,46.044037736052154,optimal
2021-02-13 02:00:00,9,99,1.3333333333333333,0.0,0.0,0.061,8.379,6.0,-1,19.2388150658761,,4000.0,0.0,0.0,0.0,45.9979936983161,optimal
2021-02-13 02:30:00,9,99,1.3333333333333333,0.0,0.0,0.12279999999999999,9.5235,6.0,-1,19.346189875897718,,4000.0,0.0,0.0,0.0,45.95199570461779,optimal
2021-02-13 03:00:00,9,99,1.3333333333333333,0.0,0.0,0.061,8.1375,6.0,-1,19.457454912980673,,4000.0,0.0,0.0,0.0,45.90604370891317,optimal
2021-02-13 03:30:00,9,99,1.3333333333333333,0.0,0.0,0.12279999999999999,10.0905,6.0,-1,19.56204435990623,,4000.0,0.0,0.0,0.0,45.860137665204256,optimal
2021-02-13 04:00:00,9,99,1.3333333333333333,0.0,5.0,0.061,7.539,6.0,-1,19.66992254286134,,4000.0,0.0,0.0,0.0,48.189277527539055,optimal
2021-02-13 04:30:00,9,99,1.3333333333333333,0.0,0.4131785096647066,0.12279999999999999,7.938,6.0,-1,19.770531307324358,,4000.0,0.0,0.0,0.0,48.33734804210225,optimal
2021-02-13 05:00:00,9,99,1.3333333333333333,0.0,0.0,0.061,8.274,6.0,-1,19.873842544560382,,4000.0,0.0,0.0,0.0,48.289010694060146,optimal
2021-02-13 05:30:00,9,99,1.3333333333333333,0.0,0.0,0.061,9.261,6.0,-1,19.96930556875057,,4000.0,0.0,0.0,0.0,48.240721683366075,optimal
2021-02-13 06:00:00,9,99,1.3333333333333333,0.0,0.0,0.13113333333333332,9.9225,6.0,-1,20.0622784910612,,4000.0,0.0,0.0,0.0,48.192480961682705,optimal
2021-02-13 06:30:00,9,99,1.3333333333333333,0.0,0.0,0.067,9.702,6.0,-1,20.158051162982602,,4000.0,0.0,0.0,0.0,48.144288480721016,optimal
2021-02-13 07:00:00,9,99,1.3333333333333333,0.0,0.0,2.041666666666667,10.584,6.0,-1,20.246708634612023,,4000.0,0.0,0.0,0.0,48.096144192240295,optimal
2021-02-13 07:30:00,9,99,1.3333333333333333,0.0774074074074074,0.0,1.2253,10.143,6.0,-1,20.371233587368586,,4000.0,0.0,0.0,69.66666666666666,48.048048048048045,optimal
2021-02-13 08:00:00,9,99,0.0,0.7384666666666667,0.0,0.069,13.0095,6.0,-1,20.5141374578715,,0.0,0.0,0.0,664.62,48.0,optimal
2021-02-13 08:30:00,9,99,1.3333333333333333,0.0,0.0,0.07629999999999999,11.025,6.0,-1,20.29574871625278,,4000.0,0.0,0.0,0.0,47.87651121445711,optimal
2021-02-13 09:00:00,9,99,0.0,0.0,0.0,0.1215,12.789,6.0,-1,20.368952367538018,,0.0,0.0,0.0,0.0,47.75314591769977,optimal
2021-02-13 09:30:00,9,99,1.3333333333333333,0.0,0.0,0.061,12.1275,6.0,-1,20.122888361971963,,4000.0,0.0,0.0,0.0,47.62990398623918,optimal
2021-02-13 10:00:00,9,99,1.3333333333333333,0.0,0.0,0.061,12.1695,6.0,-1,20.21909415453979,,4000.0,0.0,0.0,0.0,47.50678529671005,optimal
2021-02-13 10:30:00,9,99,1.3333333333333333,0.0,0.0,0.1022,12.306,6.0,-1,20.347677969609432,,4000.0,0.0,0.0,0.0,47.38378972587045,optimal
2021-02-13 11:00:00,9,99,1.3333333333333333,0.0,0.0,0.08159999999999999,13.23,6.0,-1,20.478766085111616,,4000.0,0.0,0.0,0.0,47.26091715060169,optimal
2021-02-13 11:30:00,9,99,0.0,0.0,0.0,0.12279999999999999,13.671,6.0,-1,20.642777448577426,,0.0,0.0,0.0,0.0,47.1381674479082,optimal
2021-02-13 12:00:00,9,99,0.0,0.34523703703703695,0.0,0.060333333333333336,13.9335,6.0,-1,20.468509820073383,,0.0,0.0,0.0,310.71333333333325,47.01554049491741,optimal
2021-02-13 12:30:00,9,99,1.3333333333333333,0.0,0.0,0.12279999999999999,13.293,6.0,-1,20.311465842349747,,4000.0,0.0,0.0,0.0,46.893036168879604,optimal
2021-02-13 13:00:00,9,99,1.3333333333333333,0.0,0.0,0.061,12.1065,6.0,-1,20.49820995068447,,4000.0,0.0,0.0,0.0,46.770654347167834,optimal
2021-02-13 13:30:00,9,99,1.3333333333333333,0.0,0.0,0.06443333333333334,11.571,6.0,-1,20.685203627375543,,4000.0,0.0,0.0,0.0,46.648394907277776,optimal
2021-02-13 14:00:00,9,99,1.3333333333333333,0.0,0.0,0.11936666666666666,11.025,6.0,-1,20.87138116608674,,4000.0,0.0,0.0,0.0,46.52625772682761,optimal
2021-02-13 14:30:00,9,99,1.3333333333333333,0.0,0.0,0.08993333333333334,10.8465,6.0,-1,21.0343530031067,,4000.0,0.0,0.0,0.0,46.4042426835579,optimal
2021-02-13 15:00:00,9,99,1.3333333333333333,0.0,0.0,0.11220000000000001,11.2455,6.0,-1,21.193309309238035,,4000.0,0.0,0.0,0.0,46.28234965533145,optimal
2021-02-13 15:30:00,9,99,0.0,0.0,0.0,0.08473333333333334,23.8665,6.0,-1,21.330783819119638,,0.0,0.0,0.0,0.0,46.160578520133235,optimal
2021-02-13 16:00:00,9,99,0.0,0.0,0.0,0.1114,27.4575,6.0,-1,21.122564112481005,,0.0,0.0,0.0,0.0,46.03892915607022,optimal
2021-02-13 16:30:00,9,99,0.0,0.0,0.0,0.061,27.3735,6.0,-1,20.893515712441925,,0.0,0.0,0.0,0.0,45.91740144137126,optimal
2021-02-13 17:00:00,9,99,0.0,0.0,0.0,0.06833333333333333,30.4605,6.0,-1,20.66329561953968,,0.0,0.0,0.0,0.0,45.795995254387,optimal
2021-02-13 17:30:00,9,99,0.0,0.23222222222222222,0.0,0.2864333333333333,30.0195,6.0,-1,20.413524984523917,,0.0,0.0,0.0,209.0,45.67471047358973,optimal
2021-02-13 18:00:00,9,99,0.0,0.0,0.0,0.2329,26.9325,6.0,-1,20.199349545176364,,0.0,0.0,0.0,0.0,45.629035763116136,optimal
2021-02-13 18:30:00,9,99,0.6847352204111884,0.6966666666666667,0.0,0.213,14.595,6.0,-1,20.0,,2054.205661233565,0.0,0.0,627.0,45.58340672735302,optimal
2021-02-13 19:00:00,9,99,0.613008503534286,0.0,0.0,2.391266666666667,12.4845,6.0,-1,20.0,,1839.0255106028583,0.0,0.0,0.0,45.53782332062567,optimal
2021-02-13 19:30:00,9,99,0.6444217364471532,0.23222222222222222,0.0,0.5907333333333333,12.1275,6.0,-1,20.0,,1933.2652093414597,0.0,0.0,209.0,45.49228549730504,optimal
2021-02-13 20:00:00,9,99,0.47007719158224925,0.23222222222222222,0.0,1.4125666666666665,12.1275,6.0,-1,20.0,,1410.2315747467478,0.0,0.0,209.0,45.44679321180774,optimal
2021-02-13 20:30:00,9,99,0.0,0.6966666666666667,0.0,0.8568666666666667,12.789,6.0,-1,20.0,,0.0,0.0,0.0,627.0,45.40134641859593,optimal
2021-02-13 21:00:00,9,99,0.0,0.0774074074074074,0.0,0.42033333333333334,11.907,6.0,-1,19.865156655335408,,0.0,0.0,0.0,69.66666666666666,45.355945072177335,optimal
2021-02-13 21:30:00,9,99,0.0,0.0,0.0,4.170533333333334,11.025,6.0,-1,19.720902859960272,,0.0,0.0,0.0,0.0,45.31058912710516,optimal
2021-02-13 22:00:00,9,99,0.0,0.0,0.0,2.520266666666667,8.2005,6.0,-1,19.61213655475565,,0.0,0.0,0.0,0.0,45.265278537978055,optimal
2021-02-13 22:30:00,9,99,0.0,1.8980296296296297,0.0,2.1144000000000003,9.5655,6.0,-1,19.498291852674555,,0.0,0.0,0.0,1708.2266666666667,45.22001325944008,optimal
2021-02-13 23:00:00,9,99,0.0,0.9660444444444445,0.0,1.0743666666666665,7.056,6.0,-1,19.381470311138226,,0.0,0.0,0.0,869.44,45.17479324618064,optimal
2021-02-13 23:30:00,9,99,0.0,0.0,0.0,0.2206,9.3975,6.0,-1,19.22298291231066,,0.0,0.0,0.0,0.0,45.12961845293446,optimal
2021-02-07 00:00:00,10,99,0.0,0.0,0.0,0.27403333333333335,9.261,6.0,0,21.0,,0.0,0.0,0.0,0.0,47.952,optimal
2021-02-07 00:30:00,10,99,0.0,0.0774074074074074,0.0,0.22646666666666668,10.3635,6.0,0,20.81394579936234,,0.0,0.0,0.0,69.66666666666666,47.904047999999996,optimal
2021-02-07 01:00:00,10,99,0.0,0.0,0.0,0.27913333333333334,8.274,6.0,0,20.62532364571244,,0.0,0.0,0.0,0.0,47.856143952,optimal
2021-02-07 01:30:00,10,99,0.9911421993701455,0.0,0.0,0.23583333333333328,7.7175,6.0,0,20.44472221654986,,2973.4265981104363,0.0,0.0,0.0,47.80828780804799,optimal
2021-02-07 02:00:00,10,99,1.3333333333333333,0.0,0.0,3.0166666666666666,6.615,6.0,0,20.520874162384096,,4000.0,0.0,0.0,0.0,47.76047952023995,optimal
2021-02-07 02:30:00,10,99,1.3333333333333333,0.0,0.0,0.074,6.174,6.0,0,20.71074559154735,,4000.0,0.0,0.0,0.0,47.712719040719705,optimal
2021-02-07 03:00:00,10,99,1.3333333333333333,0.0,0.0,0.08086666666666666,3.906,6.0,0,20.833816446722174,,4000.0,0.0,0.0,0.0,47.66500632167899,optimal
2021-02-07 03:30:00,10,99,1.3333333333333333,0.0,0.0,0.16326666666666667,2.3415,6.0,0,20.954629726494677,,4000.0,0.0,0.0,0.0,47.61734131535731,optimal
2021-02-07 04:00:00,10,99,1.3333333333333333,0.0,0.0,0.074,2.205,6.0,0,21.08027776833107,,4000.0,0.0,0.0,0.0,47.56972397404195,optimal
2021-02-07 04:30:00,10,99,1.3333333333333333,0.0,1.61443461893103,0.17013333333333333,0.882,6.0,0,21.196093066349967,,4000.0,0.0,0.0,0.0,48.289010694060146,optimal
2021-02-07 05:00:00,10,99,1.3333333333333333,0.0,0.0,0.074,1.5435,6.0,0,21.31861224648651,,4000.0,0.0,0.0,0.0,48.240721683366075,optimal
2021-02-07 05:30:00,10,99,1.3333333333333333,0.0,0.0,0.074,1.5435,6.0,0,21.431391281588272,,4000.0,0.0,0.0,0.0,48.192480961682705,optimal
2021-02-07 06:00:00,10,99,1.3333333333333333,0.0,0.0,0.074,5.0715,6.0,0,21.542733567778335,,4000.0,0.0,0.0,0.0,48.144288480721016,optimal
2021-02-07 06:30:00,10,99,1.3333333333333333,0.0,0.0,0.17013333333333333,5.376,6.0,0,21.652657408524476,,4000.0,0.0,0.0,0.0,48.096144192240295,optimal
2021-02-07 07:00:00,10,99,1.3333333333333333,0.0,0.0,0.074,5.0715,6.0,0,21.76872321045409,,4000.0,0.0,0.0,0.0,48.048048048048045,optimal
2021-02-07 07:30:00,10,99,1.3333333333333333,0.8514814814814814,0.0,1.7985333333333333,5.5125,6.0,0,21.87449410500845,,4000.0,0.0,0.0,766.3333333333333,48.0,optimal
2021-02-07 08:00:00,10,99,0.77604395866937,0.0774074074074074,0.0,1.8753666666666664,9.261,6.0,0,22.0,,2328.13187600811,0.0,0.0,69.66666666666666,47.932139570606246,optimal
2021-02-07 08:30:00,10,99,0.4598327487912154,0.0774074074074074,0.0,0.11833333333333332,11.7075,6.0,0,22.0,,1379.4982463736462,0.0,0.0,69.66666666666666,47.86434700164189,optimal
2021-02-07 09:00:00,10,99,0.0,0.0,0.0,0.16326666666666667,12.348,6.0,0,21.871435050813417,,0.0,0.0,0.0,0.0,47.796622225246495,optimal
2021-02-07 09:30:00,10,99,0.0,0.0,0.0,0.08086666666666666,12.348,6.0,0,21.63402061541038,,0.0,0.0,0.0,0.0,47.72896517362749,optimal
2021-02-07 10:00:00,10,99,1.3333333333333333,5.960370370370371,0.0,0.21646666666666667,12.1275,6.0,0,21.39325685877297,,4000.0,0.0,0.0,5364.333333333334,47.661375779060116,optimal
2021-02-07 10:30:00,10,99,0.0,0.1548148148148148,0.0,1.7215666666666667,12.5265,6.0,0,21.54624188996601,,0.0,0.0,0.0,139.33333333333331,47.593853973887306,optimal
2021-02-07 11:00:00,10,99,1.3333333333333333,0.0,0.0,0.3728,11.7495,6.0,0,21.383750008614047,,4000.0,0.0,0.0,0.0,47.52639969051967,optimal
2021-02-07 11:30:00,10,99,0.0,0.0,0.0,1.0693,13.23,6.0,0,21.558974637414874,,0.0,0.0,0.0,0.0,47.4590128614354,optimal
2021-02-07 12:00:00,10,99,0.0,0.3096296296296296,0.0,2.7827333333333333,14.3325,6.0,0,21.390411535012,,0.0,0.0,0.0,278.66666666666663,47.39169341918021,optimal
2021-02-07 12:30:00,10,99,0.0,0.46444444444444444,0.0,2.212266666666667,14.994,6.0,0,21.250414612106667,,0.0,0.0,0.0,418.0,47.324441296367276,optimal
2021-02-07 13:00:00,10,99,0.0,0.0,0.0,2.7893000000000003,14.8155,6.0,0,21.12875265829162,,0.0,0.0,0.0,0.0,47.257256425677156,optimal
2021-02-07 13:30:00,10,99,0.0,0.1548148148148148,0.0,3.5999333333333334,14.112,6.0,0,21.013396671566017,,0.0,0.0,0.0,139.33333333333331,47.19013873985773,optimal
2021-02-07 14:00:00,10,99,0.0,1.6255555555555554,0.0,0.5864,14.007,6.0,0,20.89629751628925,,0.0,0.0,0.0,1463.0,47.12308817172412,optimal
2021-02-07 14:30:00,10,99,1.3333333333333333,0.0,0.0,0.074,13.23,6.0,0,20.80093015279879,,4000.0,0.0,0.0,0.0,47.056104654158645,optimal
2021-02-07 15:00:00,10,99,1.3333333333333333,0.0,0.0,0.074,11.382,6.0,0,20.945244345305216,,4000.0,0.0,0.0,0.0,46.98918812011073,optimal
2021-02-07 15:30:00,10,99,1.3333333333333333,0.0,0.0,0.17013333333333333,11.7495,6.0,0,21.098606821613945,,4000.0,0.0,0.0,0.0,46.92233850259687,optimal
2021-02-07 16:00:00,10,99,0.0,0.0,0.0,1.5860999999999998,24.3285,6.0,0,21.25628392210726,,0.0,0.0,0.0,0.0,46.85555573470052,optimal
2021-02-07 16:30:00,10,99,0.0,0.0,0.0,0.8303333333333334,28.917,6.0,0,21.085073876238642,,0.0,0.0,0.0,0.0,46.78883974957207,optimal
2021-02-07 17:00:00,10,99,0.0,0.0,0.0,1.9317666666666669,31.3635,6.0,0,20.915029624841726,,0.0,0.0,0.0,0.0,46.72219048042874,optimal
2021-02-07 17:30:00,10,99,0.0,0.0,0.0,2.2058,33.306,6.0,0,20.855461740616384,,0.0,0.0,0.0,0.0,46.65560786055456,optimal
2021-02-07 18:00:00,10,99,0.0,0.0,0.0,0.17013333333333333,31.3425,6.0,0,20.683541666456577,,0.0,0.0,0.0,0.0,46.58909182330025,optimal
2021-02-07 18:30:00,10,99,0.0,0.0,0.0,0.074,28.2555,6.0,0,20.452868790072376,,0.0,0.0,0.0,0.0,46.5226423020832,optimal
2021-02-07 19:00:00,10,99,0.0,0.0,0.0,0.18080000000000002,15.6975,6.0,0,20.217592235266082,,0.0,0.0,0.0,0.0,46.45625923038736,optimal
2021-02-07 19:30:00,10,99,0.5572094008324997,0.0,0.0,1.3615666666666666,12.5475,6.0,0,20.0,,1671.628202497499,0.0,0.0,0.0,46.38994254176322,optimal
2021-02-07 20:00:00,10,99,0.4998427341658375,0.0,0.0,2.713966666666667,12.0855,6.0,0,20.0,,1499.5282024975124,0.0,0.0,0.0,46.343552599221454,optimal
2021-02-07 20:30:00,10,99,0.0,2.012592592592592,0.0,2.426,11.907,6.0,0,20.0,,0.0,0.0,0.0,1811.333333333333,46.297209046622235,optimal
2021-02-07 21:00:00,10,99,0.0,0.0,0.0,1.9982,12.5685,6.0,0,19.86015437164217,,0.0,0.0,0.0,0.0,46.250911837575615,optimal
2021-02-07 21:30:00,10,99,0.0,0.0,0.0,2.5211,13.146,6.0,0,19.709064126902796,,0.0,0.0,0.0,0.0,46.20466092573804,optimal
2021-02-07 22:00:00,10,99,0.0,0.3096296296296296,0.0,0.4029,10.584,6.0,0,19.60210609969867,,0.0,0.0,0.0,278.66666666666663,46.1584562648123,optimal
2021-02-07 22:30:00,10,99,0.0,0.1548148148148148,0.0,0.4853,6.678,6.0,0,19.4393961546208,,0.0,0.0,0.0,139.33333333333331,46.11229780854749,optimal
2021-02-07 23:00:00,10,99,0.0,0.0,0.0,0.1696,7.938,6.0,0,19.28093944689983,,0.0,0.0,0.0,0.0,46.06618551073894,optimal
2021-02-07 23:30:00,10,99,0.0,0.0,0.0,1.6156,5.292,6.0,0,19.074602493761567,,0.0,0.0,0.0,0.0,46.0201193252282,optimal
2021-02-08 00:00:00,10,99,0.0,0.0,0.0,0.075,11.2455,6.0,2,19.074602493761567,,0.0,0.0,0.0,0.0,45.974099205902974,optimal
2021-02-08 00:30:00,10,99,0.0,0.0,0.0,0.2723333333333333,11.025,6.0,2,18.865175562068867,,0.0,0.0,0.0,0.0,45.928125106697074,optimal
2021-02-08 01:00:00,10,99,1.3333333333333333,0.0,0.0,0.045,5.9745,6.0,2,18.675206335680087,,4000.0,0.0,0.0,0.0,45.882196981590376,optimal
2021-02-08 01:30:00,10,99,1.3333333333333333,0.0,0.0,0.21459999999999999,7.938,6.0,2,18.808646986041776,,4000.0,0.0,0.0,0.0,45.83631478460879,optimal
2021-02-08 02:00:00,10,99,1.3333333333333333,0.0,0.0,0.13273333333333331,8.6835,6.0,2,18.954180768829584,,4000.0,0.0,0.0,0.0,45.79047846982418,optimal
2021-02-08 02:30:00,10,99,1.3333333333333333,0.0,0.0,0.057,7.665,6.0,2,19.090258087465166,,4000.0,0.0,0.0,0.0,45.744687991354354,optimal
2021-02-08 03:00:00,10,99,1.3333333333333333,0.0,0.0,0.29033333333333333,6.7725,6.0,2,19.218795205299305,,4000.0,0.0,0.0,0.0,45.698943303363,optimal
2021-02-08 03:30:00,10,99,1.3333333333333333,0.0,0.0,0.045,5.5755,6.0,2,19.36618449708958,,4000.0,0.0,0.0,0.0,45.65324436005964,optimal
2021-02-08 04:00:00,10,99,1.3333333333333333,0.0,1.047751792293519,0.15753333333333333,5.0925,6.0,2,19.49018545357522,,4000.0,0.0,0.0,0.0,46.10527321703899,optimal
2021-02-08 04:30:00,10,99,1.3333333333333333,0.0,5.0,0.18980000000000002,4.1895,6.0,2,19.62154439682759,,4000.0,0.0,0.0,0.0,48.434167943821954,optimal
2021-02-08 05:00:00,10,99,1.3333333333333333,0.0,0.0,0.045,7.056,6.0,2,19.752701286515837,,4000.0,0.0,0.0,0.0,48.38573377587813,optimal
2021-02-08 05:30:00,10,99,1.3333333333333333,0.0,0.0,0.24180000000000001,5.271,6.0,2,19.868593335138765,,4000.0,0.0,0.0,0.0,48.33734804210225,optimal
2021-02-08 06:00:00,10,99,1.3333333333333333,0.0,0.0,0.10553333333333331,7.938,6.0,2,19.999116334009553,,4000.0,0.0,0.0,0.0,48.289010694060146,optimal
2021-02-08 06:30:00,10,99,1.3333333333333333,0.0,0.0,0.14526666666666668,7.938,6.0,2,20.115745583965115,,4000.0,0.0,0.0,0.0,48.240721683366075,optimal
2021-02-08 07:00:00,10,99,1.3333333333333333,0.0,0.0,0.07006666666666667,11.907,6.0,2,20.233632690841432,,4000.0,0.0,0.0,0.0,48.192480961682705,optimal
2021-02-08 07:30:00,10,99,1.3333333333333333,0.0,0.0,0.2524666666666667,11.025,6.0,2,20.342982758428263,,4000.0,0.0,0.0,0.0,48.144288480721016,optimal
2021-02-08 08:00:00,10,99,1.3333333333333333,0.0,0.0,0.09286666666666667,11.2875,6.0,2,20.46773284831038,,4000.0,0.0,0.0,0.0,48.096144192240295,optimal
2021-02-08 08:30:00,10,99,0.0,6.270000000000001,0.0,0.20786666666666667,12.936,6.0,2,20.59505076276148,,0.0,0.0,0.0,5643.000000000001,48.048048048048045,optimal
2021-02-08 09:00:00,10,99,0.0,0.46444444444444444,0.0,0.17146666666666666,13.0095,6.0,2,20.40694024600125,,0.0,0.0,0.0,418.0,48.0,optimal
2021-02-08 09:30:00,10,99,0.0,0.1548148148148148,0.0,0.2292,13.671,6.0,2,20.24444224435326,,0.0,0.0,0.0,139.33333333333331,47.78480814833751,optimal
2021-02-08 10:00:00,10,99,0.8039493928700963,0.0,0.0,0.3183333333333333,13.188,6.0,2,20.085074482181483,,2411.848178610289,0.0,0.0,0.0,47.56983148852669,optimal
2021-02-08 10:30:00,10,99,0.0,0.0,0.0,0.32366666666666666,13.8495,6.0,2,20.151145703973686,,0.0,0.0,0.0,0.0,47.35506980537568,optimal
2021-02-08 11:00:00,10,99,0.4542024344488138,0.0,0.0,0.3083333333333333,13.23,6.0,2,20.0,,1362.6073033464413,0.0,0.0,0.0,47.14052288390781,optimal
2021-02-08 11:30:00,10,99,0.41890697931373416,0.46444444444444444,0.0,0.5891666666666666,13.3665,6.0,2,20.0,,1256.7209379412025,0.0,0.0,418.0,46.92619050936142,optimal
2021-02-08 12:00:00,10,99,1.3333333333333333,0.0774074074074074,0.0,1.5788333333333333,13.0515,6.0,2,20.0,,4000.0,0.0,0.0,69.66666666666666,46.71207246718957,optimal
2021-02-08 12:30:00,10,99,0.8058740402922282,0.0,0.0,1.0519,13.5345,6.0,2,20.266899800911858,,2417.6221208766847,0.0,0.0,0.0,46.4981685430599,optimal
2021-02-08 13:00:00,10,99,0.0,0.0,0.0,1.2949000000000002,14.154,6.0,2,20.372022110529986,,0.0,0.0,0.0,0.0,46.28447852285435,optimal
2021-02-08 13:30:00,10,99,0.0,0.0,0.0,0.2878,14.112,6.0,2,20.268863801397536,,0.0,0.0,0.0,0.0,46.071002192669006,optimal
2021-02-08 14:00:00,10,99,0.0,0.0,0.0,0.14153333333333334,14.2485,6.0,2,20.14148738118633,,0.0,0.0,0.0,0.0,45.85773933881385,optimal
2021-02-08 14:30:00,10,99,1.3333333333333333,0.23222222222222222,0.0,0.4403,12.789,6.0,2,20.0,,4000.0,0.0,0.0,209.0,45.64468974781255,optimal
2021-02-08 15:00:00,10,99,0.927531401447196,0.0,0.0,1.5529000000000002,13.0095,6.0,2,20.25141668707908,,2782.594204341588,0.0,0.0,0.0,45.43185320640225,optimal
2021-02-08 15:30:00,10,99,1.3333333333333333,0.3096296296296296,0.0,0.4898666666666667,12.1275,6.0,2,20.46720067693395,,4000.0,0.0,0.0,278.66666666666663,45.21922950153336,optimal
2021-02-08 16:00:00,10,99,1.3333333333333333,0.0,0.0,0.5057333333333334,12.348,6.0,2,20.705952783758125,,4000.0,0.0,0.0,0.0,45.00681842036934,optimal
2021-02-08 16:30:00,10,99,1.3333333333333333,0.0,0.0,0.22669999999999998,12.348,6.0,2,20.920951076972212,,4000.0,0.0,0.0,0.0,44.794619750286486,optimal
2021-02-08 17:00:00,10,99,0.0,0.0,0.0,0.6002000000000001,25.389,6.0,2,21.107263528266,,0.0,0.0,0.0,0.0,44.582633278873715,optimal
2021-02-08 17:30:00,10,99,0.0,0.0,0.0,1.6958666666666666,29.1375,6.0,2,20.96143960713103,,0.0,0.0,0.0,0.0,44.370858793932356,optimal
2021-02-08 18:00:00,10,99,0.0,0.0,0.0,0.49326666666666663,30.597,6.0,2,20.83213439536049,,0.0,0.0,0.0,0.0,44.15929608347594,optimal
2021-02-08 18:30:00,10,99,0.0,2.0899999999999994,0.0,1.5372333333333332,33.684,6.0,2,20.642944679249286,,0.0,0.0,0.0,1880.9999999999998,43.94794493572997,optimal
2021-02-08 19:00:00,10,99,0.0,0.23222222222222222,0.0,0.3646666666666667,32.445,6.0,2,20.491335605650374,,0.0,0.0,0.0,209.0,43.736805139131754,optimal
2021-02-08 19:30:00,10,99,0.0,0.1548148148148148,0.0,0.49673333333333336,28.917,6.0,2,20.32218755195344,,0.0,0.0,0.0,139.33333333333331,43.69306833399262,optimal
2021-02-08 20:00:00,10,99,0.0,0.0,0.0,0.27986666666666665,15.876,6.0,2,20.166442937523808,,0.0,0.0,0.0,0.0,43.64937526565863,optimal
2021-02-08 20:30:00,10,99,0.0,0.1548148148148148,0.0,0.27266666666666667,12.348,6.0,2,20.0,,0.0,0.0,0.0,139.33333333333331,43.60572589039297,optimal
2021-02-08 21:00:00,10,99,0.0,0.46444444444444444,0.0,0.3788333333333333,12.1275,6.0,2,19.83955386955137,,0.0,0.0,0.0,418.0,43.56212016450257,optimal
2021-02-08 21:30:00,10,99,0.0,0.0,0.0,0.4,12.348,6.0,2,19.67791804790568,,0.0,0.0,0.0,0.0,43.51855804433807,optimal
2021-02-08 22:00:00,10,99,0.0,0.0,0.0,0.5199333333333332,12.1275,6.0,2,19.530867833045335,,0.0,0.0,0.0,0.0,43.47503948629373,optimal
2021-02-08 22:30:00,10,99,0.0,0.0,0.0,1.018433333333333,12.1275,6.0,2,19.389801569356035,,0.0,0.0,0.0,0.0,43.431564446807435,optimal
2021-02-08 23:00:00,10,99,0.0,0.0,0.0,0.23016666666666663,11.2665,6.0,2,19.236469915929735,,0.0,0.0,0.0,0.0,43.38813288236063,optimal
2021-02-08 23:30:00,10,99,0.0,0.0,0.0,0.24819999999999998,10.143,6.0,2,19.0820473750448,,0.0,0.0,0.0,0.0,43.34474474947827,optimal
2021-02-09 00:00:00,10,99,1.3333333333333333,0.0,0.0,0.08593333333333333,11.466,6.0,2,19.0820473750448,,4000.0,0.0,0.0,0.0,43.30140000472879,optimal
2021-02-09 00:30:00,10,99,1.3333333333333333,0.0,0.0,0.065,10.8045,6.0,2,19.204074959450978,,4000.0,0.0,0.0,0.0,43.25809860472406,optimal
2021-02-09 01:00:00,10,99,1.3333333333333333,0.0,5.0,0.065,10.584,6.0,2,19.321617134781576,,4000.0,0.0,0.0,0.0,45.58984050611934,optimal
2021-02-09 01:30:00,10,99,1.3333333333333333,0.0,0.0,0.12940000000000002,11.2455,6.0,2,19.438298856333578,,4000.0,0.0,0.0,0.0,45.54425066561322,optimal
2021-02-09 02:00:00,10,99,1.3333333333333333,0.0,0.0,0.11866666666666668,12.1275,6.0,2,19.557699504941557,,4000.0,0.0,0.0,0.0,45.498706414947605,optimal
2021-02-09 02:30:00,10,99,1.3333333333333333,0.0,0.0,0.065,11.823,6.0,2,19.67339187411928,,4000.0,0.0,0.0,0.0,45.45320770853266,optimal
2021-02-09 03:00:00,10,99,1.3333333333333333,0.0,0.0,0.18306666666666663,11.7705,6.0,2,19.783681234626425,,4000.0,0.0,0.0,0.0,45.407754500824126,optimal
2021-02-09 03:30:00,10,99,1.3333333333333333,0.0,0.0,0.065,11.13,6.0,2,19.9032480037234,,4000.0,0.0,0.0,0.0,45.362346746323304,optimal
2021-02-09 04:00:00,10,99,1.3333333333333333,0.0,0.0,0.07036666666666666,11.6865,6.0,2,20.01252003678846,,4000.0,0.0,0.0,0.0,45.31698439957698,optimal
2021-02-09 04:30:00,10,99,1.3333333333333333,0.0,1.1390661305124559,0.1777,10.7205,6.0,2,20.12213056080628,,4000.0,0.0,0.0,0.0,45.812723827170814,optimal
2021-02-09 05:00:00,10,99,1.3333333333333333,0.0,0.0,0.065,11.424,6.0,2,20.238202991828917,,4000.0,0.0,0.0,0.0,45.76691110334364,optimal
2021-02-09 05:30:00,10,99,1.3333333333333333,0.0,5.0,0.10793333333333334,10.689,6.0,2,20.34193391430339,,4000.0,0.0,0.0,0.0,48.096144192240295,optimal
2021-02-09 06:00:00,10,99,1.3333333333333333,0.0,0.0,0.14013333333333333,11.361,6.0,2,20.447996252731734,,4000.0,0.0,0.0,0.0,48.048048048048045,optimal
2021-02-09 06:30:00,10,99,1.3333333333333333,0.3096296296296296,0.0,1.1457,11.571,6.0,2,20.555447081931476,,4000.0,0.0,0.0,278.66666666666663,48.0,optimal
2021-02-09 07:00:00,10,99,0.6269168090979012,0.5418518518518518,0.0,0.175,14.3745,6.0,2,20.67196590059946,,1880.7504272937033,0.0,0.0,487.6666666666667,47.696740571727155,optimal
2021-02-09 07:30:00,10,99,1.3333333333333333,0.0,0.0,0.075,13.23,6.0,2,20.592725562377787,,4000.0,0.0,0.0,0.0,47.39378440288258,optimal
2021-02-09 08:00:00,10,99,1.3333333333333333,0.0,0.0,0.17903333333333332,13.9755,6.0,2,20.675098200180322,,4000.0,0.0,0.0,0.0,47.09113119020685,optimal
2021-02-09 08:30:00,10,99,0.0,0.0,0.0,0.07036666666666666,14.994,6.0,2,20.76506699288748,,0.0,0.0,0.0,0.0,46.7887806307438,optimal
2021-02-09 09:00:00,10,99,1.3333333333333333,0.0,0.0,0.08109999999999999,13.671,6.0,2,20.506336349335992,,4000.0,0.0,0.0,0.0,46.486732421840216,optimal
2021-02-09 09:30:00,10,99,0.0,0.0,0.0,0.16696666666666668,15.981,6.0,2,20.61125113091898,,0.0,0.0,0.0,0.0,46.18498626114553,optimal
2021-02-09 10:00:00,10,99,0.0,0.0,0.0,0.065,15.6345,6.0,2,20.385625031104027,,0.0,0.0,0.0,0.0,45.88354184661154,optimal
2021-02-09 10:30:00,10,99,0.0,0.0,0.0,0.12403333333333331,16.5375,6.0,2,20.18744636241708,,0.0,0.0,0.0,0.0,45.582398876492086,optimal
2021-02-09 11:00:00,10,99,1.2280013795590596,0.0,0.0,0.1303666666666667,14.7735,6.0,2,20.0,,3684.004138677179,0.0,0.0,0.0,45.28155704934275,optimal
2021-02-09 11:30:00,10,99,0.0,0.0,0.0,0.09646666666666669,15.2145,6.0,2,20.159015589456658,,0.0,0.0,0.0,0.0,44.981016064020565,optimal
2021-02-09 12:00:00,10,99,0.5123751135725705,0.0,0.0,0.1676,14.553,6.0,2,20.0,,1537.1253407177117,0.0,0.0,0.0,44.6807756196837,optimal
2021-02-09 12:30:00,10,99,1.3333333333333333,0.0,0.0,0.065,14.3325,6.0,2,20.0,,4000.0,0.0,0.0,0.0,44.380835415791175,optimal
2021-02-09 13:00:00,10,99,1.3333333333333333,0.0,0.0,0.17233333333333334,14.595,6.0,2,20.200692749788264,,4000.0,0.0,0.0,0.0,44.08119515210254,optimal
2021-02-09 13:30:00,10,99,0.5193024971609206,0.0,0.0,0.07906666666666666,14.994,6.0,2,20.411952981262008,,1557.9074914827618,0.0,0.0,0.0,43.78185452867759,optimal
2021-02-09 14:00:00,10,99,1.3333333333333333,0.0,0.0,0.075,14.3325,6.0,2,20.403885335868466,,4000.0,0.0,0.0,0.0,43.48281324587607,optimal
2021-02-09 14:30:00,10,99,1.3333333333333333,0.0,0.0,0.19006666666666663,13.8915,6.0,2,20.59652994537687,,4000.0,0.0,0.0,0.0,43.18407100435736,optimal
2021-02-09 15:00:00,10,99,1.3333333333333333,0.0,0.0,0.065,13.8915,6.0,2,20.79612884814335,,4000.0,0.0,0.0,0.0,42.88562750508016,optimal
2021-02-09 15:30:00,10,99,1.3333333333333333,0.0,0.0,0.069,13.4715,6.0,2,20.960349726618798,,4000.0,0.0,0.0,0.0,42.587482449302236,optimal
2021-02-09 16:00:00,10,99,1.3333333333333333,0.0,0.0,0.1555,13.23,6.0,2,21.12247851263917,,4000.0,0.0,0.0,0.0,42.28963553858009,optimal
2021-02-09 16:30:00,10,99,1.3333333333333333,0.23222222222222222,0.0,0.2162333333333333,13.8915,6.0,2,21.258972278520567,,4000.0,0.0,0.0,209.0,41.99208647476867,optimal
2021-02-09 17:00:00,10,99,0.0,0.0,0.0,0.227,26.9325,6.0,2,21.408258814828134,,0.0,0.0,0.0,0.0,41.694834960021055,optimal
2021-02-09 17:30:00,10,99,0.0,0.3096296296296296,0.0,0.5193666666666666,30.303,6.0,2,21.193617277125746,,0.0,0.0,0.0,278.66666666666663,41.39788069678819,optimal
2021-02-09 18:00:00,10,99,0.0,0.3096296296296296,0.0,0.3106333333333333,32.886,6.0,2,21.012203368342213,,0.0,0.0,0.0,278.66666666666663,41.101223387818564,optimal
2021-02-09 18:30:00,10,99,0.0,0.0,0.0,1.0755,34.9965,6.0,2,20.798456229074883,,0.0,0.0,0.0,0.0,40.8048627361579,optimal
2021-02-09 19:00:00,10,99,0.0,0.0,0.0,0.7707,33.327,6.0,2,20.61679992172835,,0.0,0.0,0.0,0.0,40.5087984451489,optimal
2021-02-09 19:30:00,10,99,0.0,0.0,0.0,0.2583333333333333,31.122,6.0,2,20.395853931907713,,0.0,0.0,0.0,0.0,40.21303021843091,optimal
2021-02-09 20:00:00,10,99,0.0,0.0774074074074074,0.0,0.41886666666666666,17.9025,6.0,2,20.1806370603397,,0.0,0.0,0.0,69.66666666666666,40.17281718821248,optimal
2021-02-09 20:30:00,10,99,0.0,0.0,0.0,0.36110000000000003,15.6555,6.0,2,20.0,,0.0,0.0,0.0,0.0,40.13264437102426,optimal
2021-02-09 21:00:00,10,99,0.0,0.0,0.0,0.537,14.553,6.0,2,19.818019236429805,,0.0,0.0,0.0,0.0,40.092511726653235,optimal
2021-02-09 21:30:00,10,99,0.0,0.0,0.0,0.3610333333333334,14.3325,6.0,2,19.653177732834962,,0.0,0.0,0.0,0.0,40.05241921492658,optimal
2021-02-09 22:00:00,10,99,0.0,0.0,0.0,0.4624333333333333,13.335,6.0,2,19.475077665144102,,0.0,0.0,0.0,0.0,40.01236679571166,optimal
2021-02-09 22:30:00,10,99,0.0,0.0,0.0,0.5396,12.1275,6.0,2,19.302319752778388,,0.0,0.0,0.0,0.0,39.97235442891594,optimal
2021-02-09 23:00:00,10,99,0.0,0.0,0.0,0.065,12.2955,6.0,2,19.142056585066367,,0.0,0.0,0.0,0.0,39.93238207448702,optimal
2021-02-09 23:30:00,10,99,0.0,0.0,0.0,0.16696666666666668,11.6865,6.0,2,18.920693855842977,,0.0,0.0,0.0,0.0,39.892449692412534,optimal
2021-02-10 00:00:00,10,99,1.3333333333333333,0.0,0.0,0.062,11.907,6.0,2,18.920693855842977,,4000.0,0.0,0.0,0.0,39.852557242720124,optimal
2021-02-10 00:30:00,10,99,1.3333333333333333,0.0,0.0,0.1625,11.7075,6.0,2,19.038337974494738,,4000.0,0.0,0.0,0.0,39.81270468547741,optimal
2021-02-10 01:00:00,10,99,1.3333333333333333,0.0,4.448610584717241,0.10890000000000001,10.8045,6.0,2,19.161760255707573,,4000.0,0.0,0.0,0.0,41.885982008532615,optimal
2021-02-10 01:30:00,10,99,1.3333333333333333,0.0,0.0,0.0955,11.508,6.0,2,19.277775799683774,,4000.0,0.0,0.0,0.0,41.84409602652408,optimal
2021-02-10 02:00:00,10,99,1.3333333333333333,0.0,0.0,0.1759,11.508,6.0,2,19.389899300806654,,4000.0,0.0,0.0,0.0,41.802251930497555,optimal
2021-02-10 02:30:00,10,99,1.3333333333333333,0.0,0.0,0.062,11.508,6.0,2,19.506161126302697,,4000.0,0.0,0.0,0.0,41.760449678567056,optimal
2021-02-10 03:00:00,10,99,1.3333333333333333,0.0,0.0,0.1625,11.844,6.0,2,19.611250881219487,,4000.0,0.0,0.0,0.0,41.71868922888848,optimal
2021-02-10 03:30:00,10,99,1.3333333333333333,0.0,0.0,0.10890000000000001,11.508,6.0,2,19.72355268540738,,4000.0,0.0,0.0,0.0,41.67697053965959,optimal
2021-02-10 04:00:00,10,99,1.3333333333333333,0.0,0.0,0.12229999999999999,11.508,6.0,2,19.829863372063926,,4000.0,0.0,0.0,0.0,41.63529356911993,optimal
2021-02-10 04:30:00,10,99,1.3333333333333333,0.0,5.0,0.14909999999999998,10.4475,6.0,2,19.935959825432526,,4000.0,0.0,0.0,0.0,43.96865827555081,optimal
2021-02-10 05:00:00,10,99,1.3333333333333333,0.0,5.0,0.062,10.8675,6.0,2,20.041710936465666,,4000.0,0.0,0.0,0.0,46.299689617275256,optimal
2021-02-10 05:30:00,10,99,1.3333333333333333,0.0,5.0,0.1759,10.542,6.0,2,20.137430152006072,,4000.0,0.0,0.0,0.0,48.62838992765797,optimal
2021-02-10 06:00:00,10,99,1.3333333333333333,0.0,0.0,0.0955,11.025,6.0,2,20.24034695456347,,4000.0,0.0,0.0,0.0,48.579761537730306,optimal
2021-02-10 06:30:00,10,99,1.3333333333333333,0.0,0.0,0.12229999999999999,11.025,6.0,2,20.33383802534894,,4000.0,0.0,0.0,0.0,48.53118177619257,optimal
2021-02-10 07:00:00,10,99,1.3333333333333333,0.0,0.0,0.1557666666666667,14.553,6.0,2,20.43096619116252,,4000.0,0.0,0.0,0.0,48.48265059441637,optimal
2021-02-10 07:30:00,10,99,1.3333333333333333,0.387037037037037,0.0,0.1753,13.0935,6.0,2,20.531685117219396,,4000.0,0.0,0.0,348.3333333333333,48.434167943821954,optimal
2021-02-10 08:00:00,10,99,1.3333333333333333,0.1548148148148148,0.0,0.2107333333333333,15.6345,6.0,2,20.63993497760443,,4000.0,0.0,0.0,139.33333333333331,48.38573377587813,optimal
2021-02-10 08:30:00,10,99,0.0,0.46444444444444444,0.0,0.1522,18.102,6.0,2,20.766622096055602,,0.0,0.0,0.0,418.0,48.33734804210225,optimal
2021-02-10 09:00:00,10,99,0.0,0.8514814814814814,0.0,1.9851333333333328,17.199,6.0,2,20.543022867254503,,0.0,0.0,0.0,766.3333333333333,48.289010694060146,optimal
2021-02-10 09:30:00,10,99,0.0,0.5418518518518518,0.0,0.4557333333333333,18.2805,6.0,2,20.428192985844728,,0.0,0.0,0.0,487.6666666666667,48.240721683366075,optimal
2021-02-10 10:00:00,10,99,0.0,0.46444444444444444,0.0,0.4063,17.4615,6.0,2,20.286551149357727,,0.0,0.0,0.0,418.0,48.192480961682705,optimal
2021-02-10 10:30:00,10,99,0.0,0.0,0.0,0.6848,18.3225,6.0,2,20.15028981874969,,0.0,0.0,0.0,0.0,48.144288480721016,optimal
2021-02-10 11:00:00,10,99,0.14263665976857223,0.0,0.0,2.1193,17.094,6.0,2,20.037448035194917,,427.9099793057167,0.0,0.0,0.0,48.096144192240295,optimal
2021-02-10 11:30:00,10,99,0.2762728542630557,0.0774074074074074,0.0,2.7458,17.094,6.0,2,20.0,,828.8185627891671,0.0,0.0,69.66666666666666,48.048048048048045,optimal
2021-02-10 12:00:00,10,99,0.3642326442957097,0.1548148148148148,0.0,2.7178,17.094,6.0,2,20.0,,1092.6979328871291,0.0,0.0,139.33333333333331,48.0,optimal
2021-02-10 12:30:00,10,99,0.0,0.0774074074074074,0.0,1.609733333333333,17.3565,6.0,2,20.043369851235834,,0.0,0.0,0.0,69.66666666666666,47.566512813451645,optimal
2021-02-10 13:00:00,10,99,0.3911934764035578,0.0774074074074074,0.0,0.5443333333333333,17.115,6.0,2,20.0,,1173.5804292106734,0.0,0.0,69.66666666666666,47.13345911408984,optimal
2021-02-10 13:30:00,10,99,0.27571589946671937,0.1548148148148148,0.0,0.7139666666666667,17.241,6.0,2,20.0,,827.147698400158,0.0,0.0,139.33333333333331,46.70083846842739,optimal
2021-02-10 14:00:00,10,99,0.6144419205947621,0.0,0.0,2.7074333333333334,17.094,6.0,2,20.0,,1843.3257617842864,0.0,0.0,0.0,46.268650443410614,optimal
2021-02-10 14:30:00,10,99,1.3333333333333333,0.23222222222222222,0.0,0.40013333333333334,16.5165,6.0,2,20.168942260582238,,4000.0,0.0,0.0,209.0,45.83689460641885,optimal
2021-02-10 15:00:00,10,99,0.0,0.0,0.0,0.3049,17.8185,6.0,2,20.420915746321196,,0.0,0.0,0.0,0.0,45.40557052526408,optimal
2021-02-10 15:30:00,10,99,1.3333333333333333,0.0,0.0,0.37810000000000005,17.094,6.0,2,20.32306945683034,,4000.0,0.0,0.0,0.0,44.97467776819047,optimal
2021-02-10 16:00:00,10,99,1.3333333333333333,0.1548148148148148,0.0,1.6575,16.8945,6.0,2,20.570222598224905,,4000.0,0.0,0.0,139.33333333333331,44.544215903873926,optimal
2021-02-10 16:30:00,10,99,1.3333333333333333,0.0,0.0,2.9111,18.123,6.0,2,20.79160078838761,,4000.0,0.0,0.0,0.0,44.1141845014217,optimal
2021-02-10 17:00:00,10,99,0.0,0.0774074074074074,0.0,2.7904666666666667,31.647,6.0,2,21.02495981865973,,0.0,0.0,0.0,69.66666666666666,43.68458313037192,optimal
2021-02-10 17:30:00,10,99,0.0,0.0,0.0,0.31426666666666664,34.9965,6.0,2,20.921033091515245,,0.0,0.0,0.0,0.0,43.255411360693195,optimal
2021-02-10 18:00:00,10,99,0.0,0.0,0.0,0.3556,34.9965,6.0,2,20.740393908996193,,0.0,0.0,0.0,0.0,43.212155949332505,optimal
2021-02-10 18:30:00,10,99,0.0,0.0,0.0,0.5572999999999999,34.9965,6.0,2,20.565565322458298,,0.0,0.0,0.0,0.0,43.16894379338317,optimal
2021-02-10 19:00:00,10,99,0.0,0.0,0.0,2.1773000000000002,34.9965,6.0,2,20.419469121118745,,0.0,0.0,0.0,0.0,43.12577484958979,optimal
2021-02-10 19:30:00,10,99,0.0,2.012592592592592,0.0,0.5941000000000001,34.9965,6.0,2,20.336304517260686,,0.0,0.0,0.0,1811.333333333333,43.082649074740196,optimal
2021-02-10 20:00:00,10,99,0.0,0.23222222222222222,0.0,0.5627000000000001,27.741,6.0,2,20.16893098156828,,0.0,0.0,0.0,209.0,43.039566425665456,optimal
2021-02-10 20:30:00,10,99,0.0,0.0774074074074074,0.0,0.36173333333333335,19.026,6.0,2,20.0,,0.0,0.0,0.0,69.66666666666666,42.99652685923979,optimal
2021-02-10 21:00:00,10,99,0.0,0.23222222222222222,0.0,0.5059,18.7215,6.0,2,19.818026440368488,,0.0,0.0,0.0,209.0,42.95353033238055,optimal
2021-02-10 21:30:00,10,99,0.0,0.0,0.0,0.5303,17.4195,6.0,2,19.650893660931313,,0.0,0.0,0.0,0.0,42.91057680204817,optimal
2021-02-10 22:00:00,10,99,0.0,0.0,0.0,0.2593333333333333,16.758,6.0,2,19.471152933349998,,0.0,0.0,0.0,0.0,42.86766622524612,optimal
2021-02-10 22:30:00,10,99,0.0,0.0,0.0,0.1189,14.217,6.0,2,19.242674144966657,,0.0,0.0,0.0,0.0,42.82479855902087,optimal
2021-02-10 23:00:00,10,99,0.0,0.0,0.0,0.1725,13.3665,6.0,2,18.968279834691284,,0.0,0.0,0.0,0.0,42.78197376046185,optimal
2021-02-10 23:30:00,10,99,0.0,0.0,0.0,0.072,12.789,6.0,2,18.698756744121436,,0.0,0.0,0.0,0.0,42.73919178670139,optimal
2021-02-11 00:00:00,10,99,1.3333333333333333,0.0,0.0,0.2602,11.2455,6.0,2,18.698756744121436,,4000.0,0.0,0.0,0.0,42.69645259491469,optimal
2021-02-11 00:30:00,10,99,1.3333333333333333,0.0,0.0,0.3948,11.2455,6.0,2,18.792308456809135,,4000.0,0.0,0.0,0.0,42.65375614231977,optimal
2021-02-11 01:00:00,10,99,1.3333333333333333,0.0,0.0,3.7421333333333333,11.025,6.0,2,18.899088773987323,,4000.0,0.0,0.0,0.0,42.61110238617745,optimal
2021-02-11 01:30:00,10,99,1.3333333333333333,0.1548148148148148,0.0,0.2084333333333333,12.0855,6.0,2,19.104396168457615,,4000.0,0.0,0.0,139.33333333333331,42.568491283791275,optimal
2021-02-11 02:00:00,10,99,1.3333333333333333,0.0,0.0,0.0922,11.6865,6.0,2,19.21202425586664,,4000.0,0.0,0.0,0.0,42.52592279250749,optimal
2021-02-11 02:30:00,10,99,1.3333333333333333,0.0,0.0,0.20936666666666667,11.2245,6.0,2,19.299089328265133,,4000.0,0.0,0.0,0.0,42.48339686971498,optimal
2021-02-11 03:00:00,10,99,1.3333333333333333,0.0,0.0,0.13363333333333333,11.025,6.0,2,19.373561325629474,,4000.0,0.0,0.0,0.0,42.44091347284527,optimal
2021-02-11 03:30:00,10,99,1.3333333333333333,0.0,2.8809016520526445,0.16906666666666667,10.7835,6.0,2,19.43936701787388,,4000.0,0.0,0.0,0.0,43.76690084409742,optimal
2021-02-11 04:00:00,10,99,1.3333333333333333,0.0,0.0,0.17393333333333333,11.025,6.0,2,19.510534028117934,,4000.0,0.0,0.0,0.0,43.723133943253316,optimal
2021-02-11 04:30:00,10,99,1.3333333333333333,0.0,5.0,0.0692,10.584,6.0,2,19.584393352414793,,4000.0,0.0,0.0,0.0,46.05441080931006,optimal
2021-02-11 05:00:00,10,99,1.3333333333333333,0.0,0.0,0.2738,11.025,6.0,2,19.648400720359835,,4000.0,0.0,0.0,0.0,46.00835639850075,optimal
2021-02-11 05:30:00,10,99,1.3333333333333333,0.0,5.0,0.062,10.4265,6.0,2,19.729000646126085,,4000.0,0.0,0.0,0.0,48.33734804210225,optimal
2021-02-11 06:00:00,10,99,1.3333333333333333,0.0,0.0,0.1268,12.789,6.0,2,19.79373806728766,,4000.0,0.0,0.0,0.0,48.289010694060146,optimal
2021-02-11 06:30:00,10,99,1.3333333333333333,0.0,0.0,0.1636,12.684,6.0,2,19.86634901952062,,4000.0,0.0,0.0,0.0,48.240721683366075,optimal
2021-02-11 07:00:00,10,99,1.3333333333333333,0.0,0.0,0.11913333333333334,16.254,6.0,2,19.943670210281145,,4000.0,0.0,0.0,0.0,48.192480961682705,optimal
2021-02-11 07:30:00,10,99,1.3333333333333333,0.0,0.0,0.17186666666666667,17.64,6.0,2,20.01923772036478,,4000.0,0.0,0.0,0.0,48.144288480721016,optimal
2021-02-11 08:00:00,10,99,1.3333333333333333,0.0,0.0,0.144,19.1625,6.0,2,20.09896622277694,,4000.0,0.0,0.0,0.0,48.096144192240295,optimal
2021-02-11 08:30:00,10,99,0.0,0.21016198433355127,0.0,0.9451333333333332,26.46,6.0,2,20.17693693559479,,0.0,119.47911923352949,0.0,69.66666666666666,48.048048048048045,optimal
2021-02-11 09:00:00,10,99,0.0,2.4798291232163066,0.0,2.0845,20.79,6.0,2,20.0,,0.0,1813.846210894676,0.0,418.0,48.0,optimal
2021-02-11 09:30:00,10,99,0.0,2.371664275971588,0.0,2.300766666666667,29.106,6.0,2,20.0,,0.0,2064.8311817077624,0.0,69.66666666666666,47.574933894279425,optimal
2021-02-11 10:00:00,10,99,0.8966595927352138,6.811851851851851,0.0,2.5569,19.1835,6.0,2,20.0,,2689.9787782056414,0.0,0.0,6130.666666666666,47.15029285466457,optimal
2021-02-11 10:30:00,10,99,0.0,0.0,0.0,0.5581333333333334,19.6665,6.0,2,20.127302076251752,,0.0,0.0,0.0,0.0,46.72607645608933,optimal
2021-02-11 11:00:00,10,99,0.416886504540116,0.23222222222222222,0.0,2.5064333333333333,19.404,6.0,2,20.0,,1250.659513620348,0.0,0.0,209.0,46.30228427391267,optimal
2021-02-11 11:30:00,10,99,0.4077794799158294,0.0,0.0,1.2464000000000002,19.047,6.0,2,20.0,,1223.3384397474883,0.0,0.0,0.0,45.87891588391818,optimal
2021-02-11 12:00:00,10,99,0.5271586365824945,0.0,0.0,0.5697000000000001,18.858,6.0,2,20.0,,1581.4759097474837,0.0,0.0,0.0,45.45597086231369,optimal
2021-02-11 12:30:00,10,99,0.0,0.3096296296296296,0.0,2.313266666666667,19.2675,6.0,2,20.059371089063443,,0.0,0.0,0.0,278.66666666666663,45.033448785730805,optimal
2021-02-11 13:00:00,10,99,0.3173772784860701,0.0,0.0,1.9163333333333332,18.963,6.0,2,20.0,,952.1318354582104,0.0,0.0,0.0,44.6113492312245,optimal
2021-02-11 13:30:00,10,99,0.8951096207262654,0.0,0.0,0.2304,18.438,6.0,2,20.0,,2685.3288621787965,0.0,0.0,0.0,44.189671776272704,optimal
2021-02-11 14:00:00,10,99,0.0,0.0,0.0,0.1326,18.7425,6.0,2,20.117185375391053,,0.0,0.0,0.0,0.0,43.76841599877586,optimal
2021-02-11 14:30:00,10,99,1.3333333333333333,0.0,0.0,0.09359999999999999,15.2145,6.0,2,20.0,,4000.0,0.0,0.0,0.0,43.34758147705651,optimal
2021-02-11 15:00:00,10,99,1.3333333333333333,0.0,0.0,0.5933999999999999,17.7765,6.0,2,20.21686240827167,,4000.0,0.0,0.0,0.0,42.92716778985888,optimal
2021-02-11 15:30:00,10,99,1.3333333333333333,0.0,0.0,0.439,16.758,6.0,2,20.464719229688114,,4000.0,0.0,0.0,0.0,42.50717451634845,optimal
2021-02-11 16:00:00,10,99,1.3333333333333333,0.0,0.0,0.2859333333333333,16.422,6.0,2,20.688905831181277,,4000.0,0.0,0.0,0.0,42.08760123611153,optimal
2021-02-11 16:30:00,10,99,1.3333333333333333,0.0774074074074074,0.0,2.4574000000000003,16.758,6.0,2,20.84529503159865,,4000.0,0.0,0.0,69.66666666666666,42.04551363487542,optimal
2021-02-11 17:00:00,10,99,0.0,6.579629629629631,0.0,1.6924333333333335,29.358,6.0,2,21.140967343112557,,0.0,0.0,0.0,5921.666666666668,42.003468121240545,optimal
2021-02-11 17:30:00,10,99,0.0,0.5418518518518518,0.0,3.417333333333333,34.9965,6.0,2,20.932767610139717,,0.0,0.0,0.0,487.6666666666667,41.96146465311931,optimal
2021-02-11 18:00:00,10,99,0.0,0.387037037037037,0.0,0.4183,34.65,6.0,2,20.75061590731574,,0.0,0.0,0.0,348.3333333333333,41.91950318846619,optimal
2021-02-11 18:30:00,10,99,0.0,0.0,0.0,1.646766666666667,34.9965,6.0,2,20.505959245663337,,0.0,0.0,0.0,0.0,41.87758368527772,optimal
2021-02-11 19:00:00,10,99,0.0,1.433585185185185,0.0,1.1390333333333333,34.9965,6.0,2,20.275993729123265,,0.0,0.0,0.0,1290.2266666666667,41.83570610159244,optimal
2021-02-11 19:30:00,10,99,0.0,1.2483079735824578,0.0,2.7020333333333335,30.4815,6.0,2,20.054747974479447,,0.0,602.3705095575456,0.0,521.1066666666667,41.79387039549085,optimal
2021-02-11 20:00:00,10,99,0.0,2.6866661813407933,0.0,1.1118666666666666,21.4305,6.0,2,20.0,,0.0,2417.999563206714,0.0,0.0,41.75207652509536,optimal
2021-02-11 20:30:00,10,99,0.0,0.0,0.0,0.3989333333333333,14.3325,6.0,2,20.0,,0.0,0.0,0.0,0.0,41.71032444857027,optimal
2021-02-11 21:00:00,10,99,0.0,0.387037037037037,0.0,0.43260000000000004,13.692,6.0,2,19.756799357973144,,0.0,0.0,0.0,348.3333333333333,41.668614124121696,optimal
2021-02-11 21:30:00,10,99,0.0,0.1548148148148148,0.0,0.44126666666666664,14.007,6.0,2,19.510852311497814,,0.0,0.0,0.0,139.33333333333331,41.626945509997576,optimal
2021-02-11 22:00:00,10,99,0.0,0.0,0.0,0.4996333333333333,12.873,6.0,2,19.274641425870197,,0.0,0.0,0.0,0.0,41.58531856448758,optimal
2021-02-11 22:30:00,10,99,0.0,0.5418518518518518,0.0,0.2897,12.684,6.0,2,19.05556683971772,,0.0,0.0,0.0,487.6666666666667,41.54373324592309,optimal
2021-02-11 23:00:00,10,99,0.0,0.6192592592592592,0.0,1.5740666666666665,12.306,6.0,2,18.813922338149496,,0.0,0.0,0.0,557.3333333333333,41.50218951267717,optimal
2021-02-11 23:30:00,10,99,0.0,0.0,0.0,0.7949333333333333,10.6365,6.0,2,18.58014716094609,,0.0,0.0,0.0,0.0,41.46068732316449,optimal
2021-02-12 00:00:00,10,99,1.3333333333333333,0.0,0.0,0.058,11.025,6.0,-2,18.58014716094609,,4000.0,0.0,0.0,0.0,41.419226635841326,optimal
2021-02-12 00:30:00,10,99,1.3333333333333333,0.0,0.0,0.08626666666666667,10.3635,6.0,-2,18.608986658818782,,4000.0,0.0,0.0,0.0,41.37780740920549,optimal
2021-02-12 01:00:00,10,99,1.3333333333333333,0.0,0.0,0.29460000000000003,10.8045,6.0,-2,18.639863768346284,,4000.0,0.0,0.0,0.0,41.33642960179628,optimal
2021-02-12 01:30:00,10,99,1.3333333333333333,0.0,5.0,0.06313333333333333,10.059,6.0,-2,18.68807314190335,,4000.0,0.0,0.0,0.0,43.670093172194484,optimal
2021-02-12 02:00:00,10,99,1.3333333333333333,0.0,0.0,0.1873333333333333,10.584,6.0,-2,18.717248426066497,,4000.0,0.0,0.0,0.0,43.62642307902229,optimal
2021-02-12 02:30:00,10,99,1.3333333333333333,0.0,5.0,0.17813333333333334,9.4185,6.0,-2,18.757893289396442,,4000.0,0.0,0.0,0.0,45.95779665594326,optimal
2021-02-12 03:00:00,10,99,1.3333333333333333,0.0,0.20319481939669448,0.16333333333333333,10.3635,6.0,-2,18.80105944488115,,4000.0,0.0,0.0,0.0,46.00835639850075,optimal
2021-02-12 03:30:00,10,99,1.3333333333333333,0.0,5.0,0.07213333333333334,9.8385,6.0,-2,18.846238307762174,,4000.0,0.0,0.0,0.0,48.33734804210225,optimal
2021-02-12 04:00:00,10,99,1.3333333333333333,0.0,0.0,0.22906666666666664,11.067,6.0,-2,18.891999698050302,,4000.0,0.0,0.0,0.0,48.289010694060146,optimal
2021-02-12 04:30:00,10,99,1.3333333333333333,0.0,0.0,0.15693333333333334,10.8465,6.0,-2,18.959448120741964,,4000.0,0.0,0.0,0.0,48.240721683366075,optimal
2021-02-12 05:00:00,10,99,1.3333333333333333,0.0,0.0,0.15206666666666666,13.671,6.0,-2,19.028817616729473,,4000.0,0.0,0.0,0.0,48.192480961682705,optimal
2021-02-12 05:30:00,10,99,1.3333333333333333,0.0,0.0,0.135,12.348,6.0,-2,19.105806961671085,,4000.0,0.0,0.0,0.0,48.144288480721016,optimal
2021-02-12 06:00:00,10,99,1.3333333333333333,0.0,0.0,0.15693333333333334,14.3325,6.0,-2,19.19055502033657,,4000.0,0.0,0.0,0.0,48.096144192240295,optimal
2021-02-12 06:30:00,10,99,1.3333333333333333,0.23222222222222222,0.0,0.17286666666666667,15.393,6.0,-2,19.286281187204843,,4000.0,0.0,0.0,209.0,48.048048048048045,optimal
2021-02-12 07:00:00,10,99,1.3333333333333333,2.631851851851852,0.0,1.2738,13.587,6.0,-2,19.387699966772686,,4000.0,0.0,0.0,2368.6666666666665,48.0,optimal
2021-02-12 07:30:00,10,99,1.3333333333333333,4.418518848177904,0.0,1.7290666666666665,16.1385,6.0,-2,19.529942209016184,,4000.0,3558.666963360113,0.0,418.0,47.7218697963255,optimal
2021-02-12 08:00:00,10,99,0.9924012385820057,0.6192592592592592,0.0,0.3457333333333333,14.595,6.0,-2,20.0,,2977.203715746017,0.0,0.0,557.3333333333333,47.444017722854674,optimal
2021-02-12 08:30:00,10,99,1.1156321488521819,0.0,0.0,0.242,14.637,6.0,-2,20.0,,3346.896446556546,0.0,0.0,0.0,47.16644350145732,optimal
2021-02-12 09:00:00,10,99,1.0733326676606183,0.0,0.0,0.12293333333333334,13.9125,6.0,-2,20.0,,3219.998002981855,0.0,0.0,0.0,46.889146854281364,optimal
2021-02-12 09:30:00,10,99,0.9595970991330981,0.0,0.0,0.13473333333333332,13.3665,6.0,-2,20.0,,2878.7912973992943,0.0,0.0,0.0,46.61212750375258,optimal
2021-02-12 10:00:00,10,99,1.2776295802327855,0.0,0.0,0.18206666666666663,13.0095,6.0,-2,20.0,,3832.8887406983563,0.0,0.0,0.0,46.335385172574334,optimal
2021-02-12 10:30:00,10,99,0.0,0.0,0.0,0.3756333333333333,13.8915,6.0,-2,20.14695678088471,,0.0,0.0,0.0,0.0,46.05891958372726,optimal
2021-02-12 11:00:00,10,99,0.5045839891285028,0.387037037037037,0.0,0.173,13.188,6.0,-2,20.0,,1513.7519673855084,0.0,0.0,348.3333333333333,45.78273046046903,optimal
2021-02-12 11:30:00,10,99,1.3313430455494988,0.1548148148148148,0.0,0.4001,12.5685,6.0,-2,20.0,,3994.029136648496,0.0,0.0,139.33333333333331,45.50681752633407,optimal
2021-02-12 12:00:00,10,99,1.3333333333333333,0.0,0.0,0.08013333333333333,12.285,6.0,-2,20.23269038165646,,4000.0,0.0,0.0,0.0,45.23118050513324,optimal
2021-02-12 12:30:00,10,99,1.3333333333333333,0.0,0.0,0.066,11.487,6.0,-2,20.451115542560554,,4000.0,0.0,0.0,0.0,44.955819120953606,optimal
2021-02-12 13:00:00,10,99,1.3333333333333333,0.6966666666666667,0.0,0.42183333333333334,11.802,6.0,-2,20.665398436355794,,4000.0,0.0,0.0,627.0,44.68073309815816,optimal
2021-02-12 13:30:00,10,99,1.3333333333333333,0.3096296296296296,0.0,0.17333333333333334,11.2245,6.0,-2,20.907202534456776,,4000.0,0.0,0.0,278.66666666666663,44.4059221613855,optimal
2021-02-12 14:00:00,10,99,1.3333333333333333,0.0,0.0,0.0832,11.025,6.0,-2,21.12095660513016,,4000.0,0.0,0.0,0.0,44.13138603554961,optimal
2021-02-12 14:30:00,10,99,1.3333333333333333,0.0,0.0,0.21306666666666663,11.907,6.0,-2,21.29971913422293,,4000.0,0.0,0.0,0.0,43.85712444583956,optimal
2021-02-12 15:00:00,10,99,0.0,0.0,0.0,0.10166666666666668,25.83,6.0,-2,21.485979811501977,,0.0,0.0,0.0,0.0,43.58313711771922,optimal
2021-02-12 15:30:00,10,99,0.0,0.0,0.0,0.1098,28.035,6.0,-2,21.30588855227686,,0.0,0.0,0.0,0.0,43.309423776927,optimal
2021-02-12 16:00:00,10,99,0.0,0.0,0.0,0.2696,28.119,6.0,-2,21.126872649078585,,0.0,0.0,0.0,0.0,43.035984149475574,optimal
2021-02-12 16:30:00,10,99,0.0,0.0,0.0,0.1022,30.156,6.0,-2,20.929420063127555,,0.0,0.0,0.0,0.0,42.7628179616516,optimal
2021-02-12 17:00:00,10,99,0.0,0.0,0.0,0.17406666666666668,29.1585,6.0,-2,20.71641818138434,,0.0,0.0,0.0,0.0,42.48992494001545,optimal
2021-02-12 17:30:00,10,99,0.0,0.0,0.0,0.23953333333333332,26.712,6.0,-2,20.47866513449205,,0.0,0.0,0.0,0.0,42.217304811400936,optimal
2021-02-12 18:00:00,10,99,0.0,0.46444444444444444,0.0,0.11553333333333332,15.435,6.0,-2,20.248237092816773,,0.0,0.0,0.0,418.0,41.944957302915036,optimal
2021-02-12 18:30:00,10,99,0.7933463315222983,0.0,0.0,0.4356666666666667,13.566,6.0,-2,20.0,,2380.038994566895,0.0,0.0,0.0,41.67288214193762,optimal
2021-02-12 19:00:00,10,99,0.955248173083969,0.0,0.0,0.47756666666666664,12.789,6.0,-2,20.0,,2865.744519251907,0.0,0.0,0.0,41.40107905612118,optimal
2021-02-12 19:30:00,10,99,1.3333333333333333,0.0,0.0,0.37846666666666656,12.1275,6.0,-2,20.05503613183368,,4000.0,0.0,0.0,0.0,41.12954777339056,optimal
2021-02-12 20:00:00,10,99,0.0,0.0,0.0,0.3564,13.671,6.0,-2,20.204645570403542,,0.0,0.0,0.0,0.0,40.85828802194268,optimal
2021-02-12 20:30:00,10,99,0.0,0.1548148148148148,0.0,0.6003333333333334,10.668,6.0,-2,20.0,,0.0,0.0,0.0,139.33333333333331,40.587299530246234,optimal
2021-02-12 21:00:00,10,99,0.0,0.0,0.0,1.0021666666666667,11.7285,6.0,-2,19.813447222541534,,0.0,0.0,0.0,0.0,40.54671223071599,optimal
2021-02-12 21:30:00,10,99,0.0,0.0,0.0,1.5861666666666667,11.025,6.0,-2,19.639319941719872,,0.0,0.0,0.0,0.0,40.506165518485275,optimal
2021-02-12 22:00:00,10,99,0.0,0.23222222222222222,0.0,3.2565666666666666,10.689,6.0,-2,19.481967508463033,,0.0,0.0,0.0,209.0,40.46565935296679,optimal
2021-02-12 22:30:00,10,99,0.0,0.0,0.0,0.33516666666666667,8.1585,6.0,-2,19.37849078318795,,0.0,0.0,0.0,0.0,40.42519369361382,optimal
2021-02-12 23:00:00,10,99,0.0,0.0,0.0,0.15280000000000002,10.3635,6.0,-2,19.178610798202637,,0.0,0.0,0.0,0.0,40.384768499920206,optimal
2021-02-12 23:30:00,10,99,0.0,0.0,0.0,0.22386666666666669,10.8045,6.0,-2,18.95078996412655,,0.0,0.0,0.0,0.0,40.34438373142029,optimal
2021-02-13 00:00:00,10,99,1.3333333333333333,0.0,5.0,0.22419999999999998,7.056,6.0,1,18.95078996412655,,4000.0,0.0,0.0,0.0,42.679039347688864,optimal
2021-02-13 00:30:00,10,99,1.0339794032812848,0.0,0.0,0.22390000000000002,9.3975,6.0,1,19.08820587879756,,3101.938209843854,0.0,0.0,0.0,42.636360308341175,optimal
2021-02-13 01:00:00,10,99,0.0,0.1548148148148148,0.0,0.1225,10.059,6.0,1,19.191209926543927,,0.0,0.0,0.0,139.33333333333331,42.59372394803283,optimal
2021-02-13 01:30:00,10,99,1.3333333333333333,0.0,0.0,0.2614666666666666,9.261,6.0,1,19.038870742298215,,4000.0,0.0,0.0,0.0,42.5511302240848,optimal
2021-02-13 02:00:00,10,99,1.3333333333333333,0.0,0.0,0.13813333333333333,8.1585,6.0,1,19.200751237339865,,4000.0,0.0,0.0,0.0,42.50857909386072,optimal
2021-02-13 02:30:00,10,99,1.3333333333333333,0.0,0.0,0.19669999999999999,9.4815,6.0,1,19.315063088437135,,4000.0,0.0,0.0,0.0,42.466070514766855,optimal
2021-02-13 03:00:00,10,99,1.3333333333333333,0.0,0.0,0.14483333333333334,8.379,6.0,1,19.432901690466615,,4000.0,0.0,0.0,0.0,42.423604444252085,optimal
2021-02-13 03:30:00,10,99,1.3333333333333333,0.0,0.0,0.056,9.5235,6.0,1,19.544826116093276,,4000.0,0.0,0.0,0.0,42.38118083980783,optimal
2021-02-13 04:00:00,10,99,1.3333333333333333,0.0,2.6034778417613924,0.18330000000000002,8.1375,6.0,1,19.64712949925508,,4000.0,0.0,0.0,0.0,43.57545163380468,optimal
2021-02-13 04:30:00,10,99,1.3333333333333333,0.0,0.0,0.1582333333333333,10.0905,6.0,1,19.758323677658286,,4000.0,0.0,0.0,0.0,43.531876182170876,optimal
2021-02-13 05:00:00,10,99,1.3333333333333333,0.0,5.0,0.056,7.539,6.0,1,19.864694600119577,,4000.0,0.0,0.0,0.0,45.8633443059887,optimal
2021-02-13 05:30:00,10,99,1.3333333333333333,0.0,5.0,0.11693333333333333,7.938,6.0,1,19.959738141738164,,4000.0,0.0,0.0,0.0,48.192480961682705,optimal
2021-02-13 06:00:00,10,99,1.3333333333333333,0.0,0.0,0.1987333333333333,8.274,6.0,1,20.05685737378142,,4000.0,0.0,0.0,0.0,48.144288480721016,optimal
2021-02-13 06:30:00,10,99,1.3333333333333333,0.0,0.0,0.0979,9.261,6.0,1,20.158878969273953,,4000.0,0.0,0.0,0.0,48.096144192240295,optimal
2021-02-13 07:00:00,10,99,1.3333333333333333,2.0899999999999994,0.0,1.2621,9.9225,6.0,1,20.250554849533167,,4000.0,0.0,0.0,1880.9999999999998,48.048048048048045,optimal
2021-02-13 07:30:00,10,99,1.3333333333333333,0.6966666666666667,0.0,1.0920666666666665,9.702,6.0,1,20.381782422347793,,4000.0,0.0,0.0,627.0,48.0,optimal
2021-02-13 08:00:00,10,99,1.3333333333333333,0.0774074074074074,0.0,0.572,10.584,6.0,1,20.566920682837626,,4000.0,0.0,0.0,69.66666666666666,47.85010019373586,optimal
2021-02-13 08:30:00,10,99,1.3333333333333333,0.1548148148148148,0.0,1.1193333333333333,10.143,6.0,1,20.69854607214093,,4000.0,0.0,0.0,139.33333333333331,47.70035028727799,optimal
2021-02-13 09:00:00,10,99,0.0,0.23222222222222222,0.0,0.14993333333333334,13.0095,6.0,1,20.81667033968583,,0.0,0.0,0.0,209.0,47.55075013072658,optimal
2021-02-13 09:30:00,10,99,1.3333333333333333,0.0774074074074074,0.0,0.4116,11.025,6.0,1,20.594522854631403,,4000.0,0.0,0.0,69.66666666666666,47.401299574331716,optimal
2021-02-13 10:00:00,10,99,0.0,0.0,0.0,1.3820666666666666,12.789,6.0,1,20.743708295423684,,0.0,0.0,0.0,0.0,47.25199846849325,optimal
2021-02-13 10:30:00,10,99,1.3333333333333333,0.0,0.0,0.2223333333333333,12.1275,6.0,1,20.62192259298712,,4000.0,0.0,0.0,0.0,47.102846663760616,optimal
2021-02-13 11:00:00,10,99,1.3333333333333333,0.6192592592592592,0.0,3.3618,12.1695,6.0,1,20.771045800912717,,4000.0,0.0,0.0,557.3333333333333,46.95384401083272,optimal
2021-02-13 11:30:00,10,99,1.3333333333333333,0.0,0.0,3.2181333333333333,12.306,6.0,1,21.022561350266827,,4000.0,0.0,0.0,0.0,46.80499036055775,optimal
2021-02-13 12:00:00,10,99,0.0,0.0,0.0,1.2506333333333335,13.23,6.0,1,21.261051290352114,,0.0,0.0,0.0,0.0,46.65628556393306,optimal
2021-02-13 12:30:00,10,99,0.0,0.6192592592592592,0.0,0.4043,13.671,6.0,1,21.20843923999639,,0.0,0.0,0.0,557.3333333333333,46.50772947210499,optimal
2021-02-13 13:00:00,10,99,0.0,0.0,0.0,0.066,13.9335,6.0,1,21.090492300058663,,0.0,0.0,0.0,0.0,46.35932193636875,optimal
2021-02-13 13:30:00,10,99,0.0,0.0,0.0,0.0727,13.293,6.0,1,20.92907260782302,,0.0,0.0,0.0,0.0,46.21106280816824,optimal
2021-02-13 14:00:00,10,99,1.3333333333333333,0.0,0.0,0.28883333333333333,12.1065,6.0,1,20.771553328708013,,4000.0,0.0,0.0,0.0,46.06295193909594,optimal
2021-02-13 14:30:00,10,99,1.3333333333333333,0.0,0.0,0.066,11.571,6.0,1,20.94925421584901,,4000.0,0.0,0.0,0.0,45.914989180892704,optimal
2021-02-13 15:00:00,10,99,1.3333333333333333,0.0,0.0,0.11040000000000001,11.025,6.0,1,21.10700590582658,,4000.0,0.0,0.0,0.0,45.767174385447674,optimal
2021-02-13 15:30:00,10,99,1.3333333333333333,0.0,0.0,0.2511333333333333,10.8465,6.0,1,21.24531612094612,,4000.0,0.0,0.0,0.0,45.61950740479809,optimal
2021-02-13 16:00:00,10,99,1.3333333333333333,0.0,0.0,0.066,11.2455,6.0,1,21.392564395146678,,4000.0,0.0,0.0,0.0,45.471988091129155,optimal
2021-02-13 16:30:00,10,99,0.0,0.0,0.0,0.21513333333333332,23.8665,6.0,1,21.495782609991636,,0.0,0.0,0.0,0.0,45.32461629677389,optimal
2021-02-13 17:00:00,10,99,0.0,0.0,0.0,0.1464,27.4575,6.0,1,21.27004262302362,,0.0,0.0,0.0,0.0,45.17739187421298,optimal
2021-02-13 17:30:00,10,99,0.0,0.0,0.0,0.066,27.3735,6.0,1,21.018846982052214,,0.0,0.0,0.0,0.0,45.03031467607463,optimal
2021-02-13 18:00:00,10,99,0.0,0.0,0.0,0.066,30.4605,6.0,1,20.762736826020383,,0.0,0.0,0.0,0.0,44.88338455513442,optimal
2021-02-13 18:30:00,10,99,0.0,0.0,0.0,0.29553333333333337,30.0195,6.0,1,20.499357552187927,,0.0,0.0,0.0,0.0,44.73660136431515,optimal
2021-02-13 19:00:00,10,99,0.0,0.0,0.0,0.066,26.9325,6.0,1,20.25822600683824,,0.0,0.0,0.0,0.0,44.5899649566867,optimal
2021-02-13 19:30:00,10,99,0.8283661808915957,0.0,0.0,0.28286666666666666,14.595,6.0,1,20.0,,2485.098542674787,0.0,0.0,0.0,44.44347518546588,optimal
2021-02-13 20:00:00,10,99,0.7735683026933581,0.0,0.0,0.3935666666666667,12.4845,6.0,1,20.0,,2320.7049080800743,0.0,0.0,0.0,44.297131904016275,optimal
2021-02-13 20:30:00,10,99,0.0,0.0,0.0,0.2194,12.1275,6.0,1,20.0,,0.0,0.0,0.0,0.0,44.15093496584812,optimal
2021-02-13 21:00:00,10,99,0.0,0.0774074074074074,0.0,0.9159333333333332,12.1275,6.0,1,19.78940216368549,,0.0,0.0,0.0,69.66666666666666,44.00488422461814,optimal
2021-02-13 21:30:00,10,99,0.0,0.0,0.0,0.4605,12.789,6.0,1,19.63714115793616,,0.0,0.0,0.0,0.0,43.96087934039352,optimal
2021-02-13 22:00:00,10,99,0.0,1.6255555555555554,0.0,0.2774,11.907,6.0,1,19.473305879585823,,0.0,0.0,0.0,1463.0,43.91691846105312,optimal
2021-02-13 22:30:00,10,99,0.0,0.23222222222222222,0.0,1.2094333333333334,11.025,6.0,1,19.276538769597053,,0.0,0.0,0.0,209.0,43.87300154259207,optimal
2021-02-13 23:00:00,10,99,0.0,0.0,0.0,0.066,8.2005,6.0,1,19.10443340565037,,0.0,0.0,0.0,0.0,43.82912854104948,optimal
2021-02-13 23:30:00,10,99,0.0,0.0,0.0,0.066,9.5655,6.0,1,18.872652185434337,,0.0,0.0,0.0,0.0,43.78529941250843,optimal
