time,run,dwelling_id,hp_elec_kw,boiler_gas_kw,ev_charge_kw,appliance_kw,tariff_elec_price,tariff_gas_price,tariff_offset_steps,Tin_C,T_tank_C,Q_hp_space_w,Q_bo_space_w,Q_hp_hw_w,Q_bo_hw_w,ev_soc_kwh,solve_status
2021-02-07 00:00:00,1,61,0.0,0.0,0.0,0.063,7.938,6.0,2,21.0,,0.0,0.0,0.0,0.0,47.952,optimal
2021-02-07 00:30:00,1,61,0.0,0.0,0.0,0.063,5.292,6.0,2,20.926406538910435,,0.0,0.0,0.0,0.0,47.904047999999996,optimal
2021-02-07 01:00:00,1,61,0.0,0.0,0.0,0.063,9.261,6.0,2,20.852702937212914,,0.0,0.0,0.0,0.0,47.856143952,optimal
2021-02-07 01:30:00,1,61,0.0,0.0,0.0,0.177,10.3635,6.0,2,20.778889654299466,,0.0,0.0,0.0,0.0,47.80828780804799,optimal
2021-02-07 02:00:00,1,61,0.0,0.0,0.0,0.07440000000000001,8.274,6.0,2,20.707867458706772,,0.0,0.0,0.0,0.0,47.76047952023995,optimal
2021-02-07 02:30:00,1,61,0.0,0.0,0.0,0.063,7.7175,6.0,2,20.634510359072383,,0.0,0.0,0.0,0.0,47.712719040719705,optimal
2021-02-07 03:00:00,1,61,0.0,0.0,0.0,0.10859999999999999,6.615,6.0,2,20.560772956668057,,0.0,0.0,0.0,0.0,47.66500632167899,optimal
2021-02-07 03:30:00,1,61,0.0,0.0,0.0,0.1428,6.174,6.0,2,20.488002719260745,,0.0,0.0,0.0,0.0,47.61734131535731,optimal
2021-02-07 04:00:00,1,61,2.0,0.0,0.0,0.063,3.906,6.0,2,20.41613498451826,,7000.0,0.0,0.0,0.0,47.56972397404195,optimal
2021-02-07 04:30:00,1,61,2.0,0.0,0.0,0.1656,2.3415,6.0,2,20.507757922886142,,7000.0,0.0,0.0,0.0,47.522154250067906,optimal
2021-02-07 05:00:00,1,61,2.0,0.0,0.0,0.0858,2.205,6.0,2,20.60142129244724,,7000.0,0.0,0.0,0.0,47.47463209581784,optimal
2021-02-07 05:30:00,1,61,2.0,0.0,1.8144278533434257,0.1257,0.882,6.0,2,20.692809761719182,,7000.0,0.0,0.0,0.0,48.289010694060146,optimal
2021-02-07 06:00:00,1,61,2.0,0.0,0.0,0.1257,1.5435,6.0,2,20.784759170452087,,7000.0,0.0,0.0,0.0,48.240721683366075,optimal
2021-02-07 06:30:00,1,61,2.0,0.0,0.0,0.063,1.5435,6.0,2,20.876325061912492,,7000.0,0.0,0.0,0.0,48.192480961682705,optimal
2021-02-07 07:00:00,1,61,2.0,0.0,0.0,0.2553,5.0715,6.0,2,20.965820018060203,,7000.0,0.0,0.0,0.0,48.144288480721016,optimal
2021-02-07 07:30:00,1,61,1.0507918733293866,0.0,0.0,0.5463,5.376,6.0,2,21.063070843159817,,3677.771556652853,0.0,0.0,0.0,48.096144192240295,optimal
2021-02-07 08:00:00,1,61,2.0,0.0,0.0,0.08923333333333333,5.0715,6.0,2,21.090586484888536,,7000.0,0.0,0.0,0.0,48.048048048048045,optimal
2021-02-07 08:30:00,1,61,0.0,0.0,0.0,0.44476666666666664,5.5125,6.0,2,21.184399881351727,,0.0,0.0,0.0,0.0,48.0,optimal
2021-02-07 09:00:00,1,61,0.0,0.0,0.0,0.07033333333333333,9.261,6.0,2,21.120441234353482,,0.0,0.0,0.0,0.0,47.84956635308404,optimal
2021-02-07 09:30:00,1,61,0.0,0.0,0.0,0.13419999999999999,11.7075,6.0,2,21.050826566681078,,0.0,0.0,0.0,0.0,47.699283139815,optimal
2021-02-07 10:00:00,1,61,0.0,0.0,0.0,1.8703333333333332,12.348,6.0,2,20.986398567456018,,0.0,0.0,0.0,0.0,47.54915020975923,optimal
2021-02-07 10:30:00,1,61,0.0,0.0,0.0,0.2068,12.348,6.0,2,20.94380420400285,,0.0,0.0,0.0,0.0,47.39916741263352,optimal
2021-02-07 11:00:00,1,61,0.0,0.0,0.0,0.135,12.1275,6.0,2,20.889261391976557,,0.0,0.0,0.0,0.0,47.24933459830493,optimal
2021-02-07 11:30:00,1,61,0.0,0.0,0.0,0.284,12.5265,6.0,2,20.852265565981813,,0.0,0.0,0.0,0.0,47.099651616790666,optimal
2021-02-07 12:00:00,1,61,0.0,0.0,0.0,0.2171,11.7495,6.0,2,20.818496435907072,,0.0,0.0,0.0,0.0,46.95011831825792,optimal
2021-02-07 12:30:00,1,61,0.0,0.0,0.0,0.07440000000000001,13.23,6.0,2,20.794662228024666,,0.0,0.0,0.0,0.0,46.80073455302371,optimal
2021-02-07 13:00:00,1,61,0.0,0.0,0.0,0.177,14.3325,6.0,2,20.77046888745964,,0.0,0.0,0.0,0.0,46.65150017155473,optimal
2021-02-07 13:30:00,1,61,0.0,0.0,0.0,0.07033333333333333,14.994,6.0,2,20.73738989842172,,0.0,0.0,0.0,0.0,46.50241502446722,optimal
2021-02-07 14:00:00,1,61,0.0,0.0,0.0,0.073,14.8155,6.0,2,20.701965665414907,,0.0,0.0,0.0,0.0,46.35347896252679,optimal
2021-02-07 14:30:00,1,61,0.0,0.0,0.0,0.073,14.112,6.0,2,20.671532698466677,,0.0,0.0,0.0,0.0,46.20469183664831,optimal
2021-02-07 15:00:00,1,61,0.0,0.0,0.0,0.11696666666666668,14.007,6.0,2,20.6414352141771,,0.0,0.0,0.0,0.0,46.056053497895704,optimal
2021-02-07 15:30:00,1,61,0.0,0.0,0.0,0.1371,13.23,6.0,2,20.623935715566326,,0.0,0.0,0.0,0.0,45.907563797481856,optimal
2021-02-07 16:00:00,1,61,0.0,0.0,0.0,0.063,11.382,6.0,2,20.606421915328113,,0.0,0.0,0.0,0.0,45.759222586768416,optimal
2021-02-07 16:30:00,1,61,0.0,0.0,0.0,0.1957333333333333,11.7495,6.0,2,20.561291834714037,,0.0,0.0,0.0,0.0,45.611029717265694,optimal
2021-02-07 17:00:00,1,61,0.0,0.0,0.0,0.073,24.3285,6.0,2,20.519519477213276,,0.0,0.0,0.0,0.0,45.462985040632475,optimal
2021-02-07 17:30:00,1,61,0.0,0.0,0.0,0.1072,28.917,6.0,2,20.447002633169095,,0.0,0.0,0.0,0.0,45.31508840867589,optimal
2021-02-07 18:00:00,1,61,0.0,0.0,0.0,0.16419999999999998,31.3635,6.0,2,20.376012878841852,,0.0,0.0,0.0,0.0,45.16733967335126,optimal
2021-02-07 18:30:00,1,61,0.0,0.0,0.0,0.073,33.306,6.0,2,20.301021089300722,,0.0,0.0,0.0,0.0,45.019738686761954,optimal
2021-02-07 19:00:00,1,61,0.0,0.0,0.0,0.1699,31.3425,6.0,2,20.22439722500565,,0.0,0.0,0.0,0.0,44.87228530115924,optimal
2021-02-07 19:30:00,1,61,0.0,0.0,0.0,0.0925,28.2555,6.0,2,20.150589502354727,,0.0,0.0,0.0,0.0,44.72497936894212,optimal
2021-02-07 20:00:00,1,61,0.0,0.0,0.0,0.063,15.6975,6.0,2,20.075474570888574,,0.0,0.0,0.0,0.0,44.577820742657224,optimal
2021-02-07 20:30:00,1,61,0.0,0.0,0.0,0.063,12.5475,6.0,2,20.0,,0.0,0.0,0.0,0.0,44.43080927499861,optimal
2021-02-07 21:00:00,1,61,0.0,0.0,0.0,0.18873333333333328,12.0855,6.0,2,19.924423134536518,,0.0,0.0,0.0,0.0,44.283944818807655,optimal
2021-02-07 21:30:00,1,61,0.0,0.0,0.0,0.073,11.907,6.0,2,19.851705340551447,,0.0,0.0,0.0,0.0,44.13722722707289,optimal
2021-02-07 22:00:00,1,61,0.0,0.0,0.0,0.1699,12.5685,6.0,2,19.77632991016322,,0.0,0.0,0.0,0.0,43.99065635292986,optimal
2021-02-07 22:30:00,1,61,0.0,0.0,0.0,0.1015,13.146,6.0,2,19.703556866269846,,0.0,0.0,0.0,0.0,43.844232049660974,optimal
2021-02-07 23:00:00,1,61,0.0,0.0,0.0,0.5512333333333334,10.584,6.0,2,19.6294722979579,,0.0,0.0,0.0,0.0,43.800387817611316,optimal
2021-02-07 23:30:00,1,61,0.0,0.0,0.0,0.14709999999999998,6.678,6.0,2,19.56129906368123,,0.0,0.0,0.0,0.0,43.756587429793704,optimal
2021-02-08 00:00:00,1,61,2.0,0.0,5.0,0.048,7.056,6.0,-8,19.56129906368123,,7000.0,0.0,0.0,0.0,46.087830842363914,optimal
2021-02-08 00:30:00,1,61,2.0,0.0,5.0,0.048,5.271,6.0,-8,19.652395973515166,,7000.0,0.0,0.0,0.0,48.41674301152155,optimal
2021-02-08 01:00:00,1,61,2.0,0.0,0.0,0.14433333333333334,7.938,6.0,-8,19.7431129218151,,7000.0,0.0,0.0,0.0,48.368326268510025,optimal
2021-02-08 01:30:00,1,61,2.0,0.0,1.5753343581690311,0.07633333333333332,7.938,6.0,-8,19.83572611189344,,7000.0,0.0,0.0,0.0,49.0682417623718,optimal
2021-02-08 02:00:00,1,61,2.0,0.0,0.0,0.048,11.907,6.0,-8,19.926138855047615,,7000.0,0.0,0.0,0.0,49.01917352060943,optimal
2021-02-08 02:30:00,1,61,2.0,0.0,0.0,0.08766666666666667,11.025,6.0,-8,20.015296936873945,,7000.0,0.0,0.0,0.0,48.97015434708881,optimal
2021-02-08 03:00:00,1,61,2.0,0.0,0.0,0.133,11.2875,6.0,-8,20.105228299542517,,7000.0,0.0,0.0,0.0,48.92118419274172,optimal
2021-02-08 03:30:00,1,61,2.0,0.0,0.0,0.048,12.936,6.0,-8,20.19606351881887,,7000.0,0.0,0.0,0.0,48.87226300854897,optimal
2021-02-08 04:00:00,1,61,2.0,0.0,0.0,0.17266666666666666,13.0095,6.0,-8,20.284304303749355,,7000.0,0.0,0.0,0.0,48.823390745540415,optimal
2021-02-08 04:30:00,1,61,0.0,0.0,0.0,0.048,13.671,6.0,-8,20.374912115897434,,0.0,0.0,0.0,0.0,48.774567354794875,optimal
2021-02-08 05:00:00,1,61,0.3759405500400989,0.0,0.0,0.11033333333333331,13.188,6.0,-8,20.29649758877609,,1315.7919251403462,0.0,0.0,0.0,48.72579278744007,optimal
2021-02-08 05:30:00,1,61,0.0,0.0,0.0,0.11033333333333331,13.8495,6.0,-8,20.25053326363131,,0.0,0.0,0.0,0.0,48.67706699465263,optimal
2021-02-08 06:00:00,1,61,2.0,0.0,0.0,0.07066666666666667,13.23,6.0,-8,20.173483683712796,,7000.0,0.0,0.0,0.0,48.62838992765797,optimal
2021-02-08 06:30:00,1,61,0.0,0.0,0.0,0.15,13.3665,6.0,-8,20.260894016705937,,0.0,0.0,0.0,0.0,48.579761537730306,optimal
2021-02-08 07:00:00,1,61,2.0,0.0,0.0,0.048,13.0515,6.0,-8,20.18432073416182,,7000.0,0.0,0.0,0.0,48.53118177619257,optimal
2021-02-08 07:30:00,1,61,0.0,0.0,0.0,0.047666666666666656,13.5345,6.0,-8,20.270733565936347,,0.0,0.0,0.0,0.0,48.48265059441637,optimal
2021-02-08 08:00:00,1,61,0.0,0.0,0.0,0.18366666666666662,14.154,6.0,-8,20.192407351855703,,0.0,0.0,0.0,0.0,48.434167943821954,optimal
2021-02-08 08:30:00,1,61,0.0,0.0,0.0,0.08433333333333333,14.112,6.0,-8,20.122485430301342,,0.0,0.0,0.0,0.0,48.38573377587813,optimal
2021-02-08 09:00:00,1,61,0.0,0.0,0.0,0.14933333333333335,14.2485,6.0,-8,20.050092599917132,,0.0,0.0,0.0,0.0,48.33734804210225,optimal
2021-02-08 09:30:00,1,61,0.8076044321112981,0.0,0.0,0.13473333333333332,12.789,6.0,-8,20.0,,2826.6155123895433,0.0,0.0,0.0,48.289010694060146,optimal
2021-02-08 10:00:00,1,61,0.0,0.0,0.0,1.5341,13.0095,6.0,-8,20.016615296515774,,0.0,0.0,0.0,0.0,48.240721683366075,optimal
2021-02-08 10:30:00,1,61,0.2777704826876876,0.0,0.0,0.24466666666666662,12.1275,6.0,-8,20.0,,972.1966894069066,0.0,0.0,0.0,48.192480961682705,optimal
2021-02-08 11:00:00,1,61,0.0,0.0,0.0,0.15280000000000002,12.348,6.0,-8,20.0,,0.0,0.0,0.0,0.0,48.144288480721016,optimal
2021-02-08 11:30:00,1,61,0.0,0.0,0.0,0.16606666666666667,12.348,6.0,-8,20.006846229861306,,0.0,0.0,0.0,0.0,48.096144192240295,optimal
2021-02-08 12:00:00,1,61,0.0,0.0,0.0,0.1921,25.389,6.0,-8,20.01375421085536,,0.0,0.0,0.0,0.0,48.048048048048045,optimal
2021-02-08 12:30:00,1,61,0.0,0.0,0.0,0.1252,29.1375,6.0,-8,20.029556150298706,,0.0,0.0,0.0,0.0,48.0,optimal
2021-02-08 13:00:00,1,61,0.0,0.0,0.0,0.126,30.597,6.0,-8,20.046739023991183,,0.0,0.0,0.0,0.0,47.05507150724256,optimal
2021-02-08 13:30:00,1,61,0.0,0.0,0.0,0.058,33.684,6.0,-8,20.05684844689685,,0.0,0.0,0.0,0.0,46.111087942977875,optimal
2021-02-08 14:00:00,1,61,0.0,0.0,0.0,0.08633333333333333,32.445,6.0,-8,20.065727186706752,,0.0,0.0,0.0,0.0,45.16804836227746,optimal
2021-02-08 14:30:00,1,61,0.0,0.0,0.0,0.15433333333333335,28.917,6.0,-8,20.076368066601773,,0.0,0.0,0.0,0.0,44.22595182115774,optimal
2021-02-08 15:00:00,1,61,0.0,0.0,0.0,0.058,15.876,6.0,-8,20.08794453293525,,0.0,0.0,0.0,0.0,43.28479737657915,optimal
2021-02-08 15:30:00,1,61,0.0,0.0,0.0,0.18266666666666662,12.348,6.0,-8,20.074110698230964,,0.0,0.0,0.0,0.0,42.34458408644513,optimal
2021-02-08 16:00:00,1,61,0.20756075170870375,0.0,0.0,0.058,12.1275,6.0,-8,20.063486735826494,,726.4626309804631,0.0,0.0,0.0,41.40531100960125,optimal
2021-02-08 16:30:00,1,61,0.0,0.0,0.0,0.058,12.348,6.0,-8,20.040585030984307,,0.0,0.0,0.0,0.0,40.46697720583421,optimal
2021-02-08 17:00:00,1,61,0.8174701157894936,0.0,0.0,0.143,12.1275,6.0,-8,20.0,,2861.1454052632275,0.0,0.0,0.0,39.52958173587094,optimal
2021-02-08 17:30:00,1,61,0.7673737013659376,0.0,0.0,0.10666666666666669,12.1275,6.0,-8,20.0,,2685.807954780782,0.0,0.0,0.0,39.49005215413507,optimal
2021-02-08 18:00:00,1,61,0.920018641322948,0.0,0.0,0.07966666666666668,11.2665,6.0,-8,20.0,,3220.065244630318,0.0,0.0,0.0,39.450562101980935,optimal
2021-02-08 18:30:00,1,61,2.0,0.0,0.0,0.058,10.143,6.0,-8,20.0,,7000.0,0.0,0.0,0.0,39.41111153987895,optimal
2021-02-08 19:00:00,1,61,0.0,0.0,0.0,0.18266666666666662,11.2455,6.0,-8,20.086973078135173,,0.0,0.0,0.0,0.0,39.371700428339075,optimal
2021-02-08 19:30:00,1,61,0.8146430972400233,0.0,0.0,0.058,11.025,6.0,-8,20.01145186917892,,2851.2508403400816,0.0,0.0,0.0,39.332328727910735,optimal
2021-02-08 20:00:00,1,61,0.939103179280338,0.0,0.0,0.11086666666666666,5.9745,6.0,-8,20.0,,3286.8611274811833,0.0,0.0,0.0,39.292996399182826,optimal
2021-02-08 20:30:00,1,61,0.0,0.0,0.0,0.3263333333333333,7.938,6.0,-8,20.0,,0.0,0.0,0.0,0.0,39.25370340278364,optimal
2021-02-08 21:00:00,1,61,0.0,0.0,0.0,0.4476666666666667,8.6835,6.0,-8,19.932854070688528,,0.0,0.0,0.0,0.0,39.21444969938086,optimal
2021-02-08 21:30:00,1,61,0.0,0.0,0.0,0.23146666666666668,7.665,6.0,-8,19.872623212814894,,0.0,0.0,0.0,0.0,39.17523524968148,optimal
2021-02-08 22:00:00,1,61,0.0,0.0,0.0,0.18166666666666662,6.7725,6.0,-8,19.80871919528237,,0.0,0.0,0.0,0.0,39.1360600144318,optimal
2021-02-08 22:30:00,1,61,0.0,0.0,0.0,0.2823333333333333,5.5755,6.0,-8,19.740387588898905,,0.0,0.0,0.0,0.0,39.09692395441736,optimal
2021-02-08 23:00:00,1,61,0.0,0.0,0.0,0.24380000000000002,5.0925,6.0,-8,19.67412371793195,,0.0,0.0,0.0,0.0,39.057827030462946,optimal
2021-02-08 23:30:00,1,61,0.0,0.0,0.0,0.16466666666666666,4.1895,6.0,-8,19.607237426709606,,0.0,0.0,0.0,0.0,39.018769203432484,optimal
2021-02-09 00:00:00,1,61,0.0,0.0,0.0,0.05966666666666666,16.5375,6.0,-19,19.607237426709606,,0.0,0.0,0.0,0.0,38.979750434229054,optimal
2021-02-09 00:30:00,1,61,2.0,0.0,0.0,0.12386666666666667,14.7735,6.0,-19,19.529374344293224,,7000.0,0.0,0.0,0.0,38.940770683794824,optimal
2021-02-09 01:00:00,1,61,1.1103005379385622,0.0,0.0,0.0925,15.2145,6.0,-19,19.618631651476477,,3886.051882784968,0.0,0.0,0.0,38.90182991311103,optimal
2021-02-09 01:30:00,1,61,2.0,0.0,0.0,0.1729,14.553,6.0,-19,19.6336864300308,,7000.0,0.0,0.0,0.0,38.86292808319792,optimal
2021-02-09 02:00:00,1,61,2.0,0.0,0.0,0.1142,14.3325,6.0,-19,19.72368612959895,,7000.0,0.0,0.0,0.0,38.824065155114724,optimal
2021-02-09 02:30:00,1,61,2.0,0.0,0.0,0.2064,14.595,6.0,-19,19.811507326223037,,7000.0,0.0,0.0,0.0,38.78524108995961,optimal
2021-02-09 03:00:00,1,61,2.0,0.0,0.0,0.059,14.994,6.0,-19,19.901347794582517,,7000.0,0.0,0.0,0.0,38.74645584886965,optimal
2021-02-09 03:30:00,1,61,2.0,0.0,0.0,0.07126666666666667,14.3325,6.0,-19,19.987541687519442,,7000.0,0.0,0.0,0.0,38.70770939302078,optimal
2021-02-09 04:00:00,1,61,2.0,0.0,0.0,0.16893333333333332,13.8915,6.0,-19,20.07408280517549,,7000.0,0.0,0.0,0.0,38.669001683627755,optimal
2021-02-09 04:30:00,1,61,2.0,0.0,0.0,0.1394,13.8915,6.0,-19,20.162986160403857,,7000.0,0.0,0.0,0.0,38.630332681944125,optimal
2021-02-09 05:00:00,1,61,2.0,0.0,0.0,0.1142,13.4715,6.0,-19,20.25040426757042,,7000.0,0.0,0.0,0.0,38.59170234926218,optimal
2021-02-09 05:30:00,1,61,2.0,0.0,0.0,0.2064,13.23,6.0,-19,20.336445640064518,,7000.0,0.0,0.0,0.0,38.55311064691291,optimal
2021-02-09 06:00:00,1,61,2.0,0.0,0.0,0.09033333333333332,13.8915,6.0,-19,20.42430515988675,,7000.0,0.0,0.0,0.0,38.514557536266,optimal
2021-02-09 06:30:00,1,61,0.0,0.0,0.0,0.09353333333333332,26.9325,6.0,-19,20.509041918770478,,0.0,0.0,0.0,0.0,38.47604297872973,optimal
2021-02-09 07:00:00,1,61,0.0,0.0,0.0,0.2147333333333333,30.303,6.0,-19,20.42778817824271,,0.0,0.0,0.0,0.0,38.437566935751,optimal
2021-02-09 07:30:00,1,61,0.0,0.0,0.0,0.1142,32.886,6.0,-19,20.349565918234678,,0.0,0.0,0.0,0.0,38.39912936881525,optimal
2021-02-09 08:00:00,1,61,0.0,0.0,0.0,0.059533333333333334,34.9965,6.0,-19,20.269075801732196,,0.0,0.0,0.0,0.0,38.36073023944644,optimal
2021-02-09 08:30:00,1,61,0.0,0.0,0.0,0.20856666666666662,33.327,6.0,-19,20.188075354967417,,0.0,0.0,0.0,0.0,38.32236950920699,optimal
2021-02-09 09:00:00,1,61,0.0,0.0,0.0,0.13083333333333333,31.122,6.0,-19,20.113019737568703,,0.0,0.0,0.0,0.0,38.28404713969778,optimal
2021-02-09 09:30:00,1,61,0.0,0.0,0.0,0.057,17.9025,6.0,-19,20.05662885274349,,0.0,0.0,0.0,0.0,38.245763092558086,optimal
2021-02-09 10:00:00,1,61,0.26874099416189207,0.0,0.0,0.15319999999999998,15.6555,6.0,-19,20.0,,940.5934795666222,0.0,0.0,0.0,38.207517329465524,optimal
2021-02-09 10:30:00,1,61,0.12816722647704165,0.0,0.0,1.7958333333333332,14.553,6.0,-19,20.0,,448.58529266964575,0.0,0.0,0.0,38.169309812136056,optimal
2021-02-09 11:00:00,1,61,0.0,0.0,0.0,1.5947333333333331,14.3325,6.0,-19,20.0,,0.0,0.0,0.0,0.0,38.13114050232392,optimal
2021-02-09 11:30:00,1,61,0.0,0.0,0.0,0.3185,13.335,6.0,-19,20.01491990999164,,0.0,0.0,0.0,0.0,38.0930093618216,optimal
2021-02-09 12:00:00,1,61,0.0,0.0,0.0,0.3497333333333333,12.1275,6.0,-19,20.022184589672317,,0.0,0.0,0.0,0.0,38.05491635245978,optimal
2021-02-09 12:30:00,1,61,0.0,0.0,0.0,0.2849,12.2955,6.0,-19,20.052004291097592,,0.0,0.0,0.0,0.0,38.01686143610732,optimal
2021-02-09 13:00:00,1,61,0.0,0.0,0.0,1.2353,11.6865,6.0,-19,20.079049119194355,,0.0,0.0,0.0,0.0,37.978844574671214,optimal
2021-02-09 13:30:00,1,61,0.0,0.0,0.0,3.168,11.466,6.0,-19,20.118826163765963,,0.0,0.0,0.0,0.0,37.94086573009654,optimal
2021-02-09 14:00:00,1,61,0.0,0.0,0.0,1.8468,10.8045,6.0,-19,20.177245349701963,,0.0,0.0,0.0,0.0,37.90292486436644,optimal
2021-02-09 14:30:00,1,61,1.6122857142857143,0.0,0.0,0.18613333333333332,10.584,6.0,-19,20.216599099220396,,0.0,0.0,5643.0,0.0,37.86502193950207,optimal
2021-02-09 15:00:00,1,61,0.0,0.0,0.0,0.12653333333333333,11.2455,6.0,-19,20.250371360178924,,0.0,0.0,0.0,0.0,37.82715691756257,optimal
2021-02-09 15:30:00,1,61,0.0,0.0,0.0,0.5483666666666667,12.1275,6.0,-19,20.25618821758588,,0.0,0.0,0.0,0.0,37.789329760645,optimal
2021-02-09 16:00:00,1,61,0.0,0.0,0.0,0.4112,11.823,6.0,-19,20.27251253292784,,0.0,0.0,0.0,0.0,37.75154043088436,optimal
2021-02-09 16:30:00,1,61,0.0,0.0,0.0,0.6889666666666667,11.7705,6.0,-19,20.252697213201856,,0.0,0.0,0.0,0.0,37.71378889045348,optimal
2021-02-09 17:00:00,1,61,0.0,0.0,0.0,0.9607666666666668,11.13,6.0,-19,20.23967904443952,,0.0,0.0,0.0,0.0,37.67607510156303,optimal
2021-02-09 17:30:00,1,61,0.0,0.0,0.0,0.21713333333333332,11.6865,6.0,-19,20.199479274556325,,0.0,0.0,0.0,0.0,37.638399026461464,optimal
2021-02-09 18:00:00,1,61,0.1467523622123846,0.0,0.0,0.6243,10.7205,6.0,-19,20.142645743481022,,513.6332677433461,0.0,0.0,0.0,37.600760627435,optimal
2021-02-09 18:30:00,1,61,0.0,0.0,0.0,0.2947333333333333,11.424,6.0,-19,20.09650954044911,,0.0,0.0,0.0,0.0,37.56315986680757,optimal
2021-02-09 19:00:00,1,61,2.0,0.0,0.0,0.28556666666666664,10.689,6.0,-19,20.03071045240273,,7000.0,0.0,0.0,0.0,37.52559670694076,optimal
2021-02-09 19:30:00,1,61,0.0,0.0,0.0,0.3410666666666667,11.361,6.0,-19,20.13026956865206,,0.0,0.0,0.0,0.0,37.48807111023382,optimal
2021-02-09 20:00:00,1,61,0.0,0.0,0.0,0.4566,11.571,6.0,-19,20.06423755795556,,0.0,0.0,0.0,0.0,37.450583039123586,optimal
2021-02-09 20:30:00,1,61,0.0,0.0,0.0,0.3255,14.3745,6.0,-19,20.0,,0.0,0.0,0.0,0.0,37.41313245608446,optimal
2021-02-09 21:00:00,1,61,0.0,0.0,0.0,0.5535666666666668,13.23,6.0,-19,19.933925023428625,,0.0,0.0,0.0,0.0,37.375719323628374,optimal
2021-02-09 21:30:00,1,61,0.0,0.0,0.0,0.38503333333333334,13.9755,6.0,-19,19.873057442241592,,0.0,0.0,0.0,0.0,37.33834360430475,optimal
2021-02-09 22:00:00,1,61,0.0,0.0,0.0,0.1025,14.994,6.0,-19,19.804560589171757,,0.0,0.0,0.0,0.0,37.30100526070044,optimal
2021-02-09 22:30:00,1,61,0.0,0.0,0.0,0.2381,13.671,6.0,-19,19.72666548036312,,0.0,0.0,0.0,0.0,37.26370425543974,optimal
2021-02-09 23:00:00,1,61,0.0,0.0,0.0,0.069,15.981,6.0,-19,19.652505598237607,,0.0,0.0,0.0,0.0,37.226440551184304,optimal
2021-02-09 23:30:00,1,61,0.0,0.0,0.0,0.067,15.6345,6.0,-19,19.57487080006866,,0.0,0.0,0.0,0.0,37.18921411063312,optimal
2021-02-10 00:00:00,1,61,2.0,0.0,5.0,0.063,14.553,6.0,-12,19.57487080006866,,7000.0,0.0,0.0,0.0,39.527024896522484,optimal
2021-02-10 00:30:00,1,61,2.0,0.0,5.0,0.15343333333333334,13.0935,6.0,-12,19.6616418085541,,5537.0,0.0,1463.0,0.0,41.86249787162596,optimal
2021-02-10 01:00:00,1,61,2.0,0.0,5.0,0.25943333333333335,15.6345,6.0,-12,19.71522481781884,,7000.0,0.0,0.0,0.0,44.195635373754335,optimal
2021-02-10 01:30:00,1,61,0.0,0.0,0.0,0.06646666666666667,18.102,6.0,-12,19.805214398820954,,0.0,0.0,0.0,0.0,44.15143973838058,optimal
2021-02-10 02:00:00,1,61,0.0,0.0,0.0,0.2909333333333333,17.199,6.0,-12,19.724571522519152,,0.0,0.0,0.0,0.0,44.1072882986422,optimal
2021-02-10 02:30:00,1,61,0.0,0.0,0.0,0.063,18.2805,6.0,-12,19.64914800567935,,0.0,0.0,0.0,0.0,44.06318101034356,optimal
2021-02-10 03:00:00,1,61,0.0,0.0,0.0,0.2407333333333333,17.4615,6.0,-12,19.568657125256664,,0.0,0.0,0.0,0.0,44.01911782933322,optimal
2021-02-10 03:30:00,1,61,0.0,0.0,0.0,0.1756,18.3225,6.0,-12,19.492698600841734,,0.0,0.0,0.0,0.0,43.97509871150388,optimal
2021-02-10 04:00:00,1,61,2.0,0.0,0.0,0.09286666666666667,17.094,6.0,-12,19.415518970911236,,7000.0,0.0,0.0,0.0,43.931123612792376,optimal
2021-02-10 04:30:00,1,61,2.0,0.0,0.0,0.34013333333333334,17.094,6.0,-12,19.50183404298781,,7000.0,0.0,0.0,0.0,43.88719248917958,optimal
2021-02-10 05:00:00,1,61,2.0,0.0,0.0,0.073,17.094,6.0,-12,19.59313174575557,,7000.0,0.0,0.0,0.0,43.8433052966904,optimal
2021-02-10 05:30:00,1,61,1.6523548524985532,0.0,0.0,0.2773333333333333,17.3565,6.0,-12,19.67732401279122,,5783.241983744936,0.0,0.0,0.0,43.79946199139371,optimal
2021-02-10 06:00:00,1,61,2.0,0.0,0.0,0.15233333333333335,17.115,6.0,-12,19.736842693406384,,7000.0,0.0,0.0,0.0,43.75566252940232,optimal
2021-02-10 06:30:00,1,61,2.0,0.0,0.0,0.063,17.241,6.0,-12,19.821631984240064,,7000.0,0.0,0.0,0.0,43.71190686687292,optimal
2021-02-10 07:00:00,1,61,2.0,0.0,4.316993378646041,0.2317333333333333,17.094,6.0,-12,19.904871186003877,,7000.0,0.0,0.0,0.0,45.71876681486292,optimal
2021-02-10 07:30:00,1,61,2.0,0.0,5.0,0.07233333333333333,16.5165,6.0,-12,19.992258819783828,,7000.0,0.0,0.0,0.0,48.048048048048045,optimal
2021-02-10 08:00:00,1,61,0.0,0.0,0.0,0.17673333333333333,17.8185,6.0,-12,20.074876783494275,,0.0,0.0,0.0,0.0,48.0,optimal
2021-02-10 08:30:00,1,61,0.9547571560318712,0.0,0.0,0.2409333333333333,17.094,6.0,-12,20.0,,3341.6500461115493,0.0,0.0,0.0,47.85322375096409,optimal
2021-02-10 09:00:00,1,61,2.0,0.0,0.0,0.0978,16.8945,6.0,-12,20.00029674402672,,7000.0,0.0,0.0,0.0,47.70659427817722,optimal
2021-02-10 09:30:00,1,61,0.0,0.0,0.0,0.15580000000000002,18.123,6.0,-12,20.10510666012675,,0.0,0.0,0.0,0.0,47.56011143486314,optimal
2021-02-10 10:00:00,1,61,0.0,0.0,0.0,0.17693333333333333,31.647,6.0,-12,20.04639940589425,,0.0,0.0,0.0,0.0,47.41377507439237,optimal
2021-02-10 10:30:00,1,61,0.0,0.0,0.0,0.19806666666666664,34.9965,6.0,-12,20.02262715801532,,0.0,0.0,0.0,0.0,47.26758505028207,optimal
2021-02-10 11:00:00,1,61,0.0,0.0,0.0,0.20266666666666663,34.9965,6.0,-12,20.0,,0.0,0.0,0.0,0.0,47.12154121619588,optimal
2021-02-10 11:30:00,1,61,0.0,0.0,0.0,0.15366666666666665,34.9965,6.0,-12,20.001376303047834,,0.0,0.0,0.0,0.0,46.97564342594378,optimal
2021-02-10 12:00:00,1,61,0.0,0.0,0.0,0.07673333333333333,34.9965,6.0,-12,20.00200697567015,,0.0,0.0,0.0,0.0,46.82989153348193,optimal
2021-02-10 12:30:00,1,61,0.0,0.0,0.0,0.17,34.9965,6.0,-12,20.0313419850596,,0.0,0.0,0.0,0.0,46.684285392912535,optimal
2021-02-10 13:00:00,1,61,0.0,0.0,0.0,0.1287333333333333,27.741,6.0,-12,20.06267814129339,,0.0,0.0,0.0,0.0,46.538824858483714,optimal
2021-02-10 13:30:00,1,61,0.0,0.0,0.0,0.22593333333333332,19.026,6.0,-12,20.087996414652903,,0.0,0.0,0.0,0.0,46.39350978458932,optimal
2021-02-10 14:00:00,1,61,0.0,0.0,0.0,0.20013333333333333,18.7215,6.0,-12,20.116259654124942,,0.0,0.0,0.0,0.0,46.248340025768826,optimal
2021-02-10 14:30:00,1,61,0.0,0.0,0.0,0.12546666666666667,17.4195,6.0,-12,20.140629412196855,,0.0,0.0,0.0,0.0,46.10331543670715,optimal
2021-02-10 15:00:00,1,61,0.0,0.0,0.0,0.24886666666666668,16.758,6.0,-12,20.163291911926876,,0.0,0.0,0.0,0.0,45.95843587223453,optimal
2021-02-10 15:30:00,1,61,0.0,0.0,0.0,0.13193333333333335,14.217,6.0,-12,20.16730274994019,,0.0,0.0,0.0,0.0,45.81370118732639,optimal
2021-02-10 16:00:00,1,61,0.0,0.0,0.0,0.073,13.3665,6.0,-12,20.16762293564087,,0.0,0.0,0.0,0.0,45.66911123710315,optimal
2021-02-10 16:30:00,1,61,0.0,0.0,0.0,0.16406666666666667,12.789,6.0,-12,20.133627843166714,,0.0,0.0,0.0,0.0,45.52466587683014,optimal
2021-02-10 17:00:00,1,61,0.0,0.0,0.0,0.14813333333333334,11.907,6.0,-12,20.10109061312587,,0.0,0.0,0.0,0.0,45.3803649619174,optimal
2021-02-10 17:30:00,1,61,0.37214378807070253,0.0,0.0,0.25953333333333334,11.7075,6.0,-12,20.033607787150878,,1302.503258247459,0.0,0.0,0.0,45.23620834791958,optimal
2021-02-10 18:00:00,1,61,2.0,0.0,0.0,0.2969,10.8045,6.0,-12,20.0,,6094.333333333333,0.0,905.6666666666666,0.0,45.190972139571656,optimal
2021-02-10 18:30:00,1,61,0.0,0.0,0.0,0.30219999999999997,11.508,6.0,-12,20.07497350597645,,0.0,0.0,0.0,0.0,45.145781167432084,optimal
2021-02-10 19:00:00,1,61,0.8184080120264671,0.0,0.0,0.1189,11.508,6.0,-12,20.004792455181878,,2864.4280420926348,0.0,0.0,0.0,45.10063538626465,optimal
2021-02-10 19:30:00,1,61,1.6664703636606193,0.0,0.0,0.35746666666666665,11.508,6.0,-12,20.0,,5832.646272812168,0.0,0.0,0.0,45.05553475087839,optimal
2021-02-10 20:00:00,1,61,0.0,0.0,0.0,0.32493333333333335,11.844,6.0,-12,20.07018266876957,,0.0,0.0,0.0,0.0,45.01047921612751,optimal
2021-02-10 20:30:00,1,61,0.0,0.0,0.0,1.9130999999999998,11.508,6.0,-12,20.0,,0.0,0.0,0.0,0.0,44.96546873691138,optimal
2021-02-10 21:00:00,1,61,0.0,0.0,0.0,1.0296666666666667,11.508,6.0,-12,19.93327448036075,,0.0,0.0,0.0,0.0,44.92050326817447,optimal
2021-02-10 21:30:00,1,61,1.552571428571428,0.0,0.0,1.8121333333333327,10.4475,6.0,-12,19.86528976255178,,0.0,0.0,5433.999999999998,0.0,44.8755827649063,optimal
2021-02-10 22:00:00,1,61,0.0,0.0,0.0,0.34846666666666665,10.8675,6.0,-12,19.79197871658187,,0.0,0.0,0.0,0.0,44.83070718214139,optimal
2021-02-10 22:30:00,1,61,0.0,0.0,0.0,0.35919999999999996,10.542,6.0,-12,19.71389718857521,,0.0,0.0,0.0,0.0,44.785876474959245,optimal
2021-02-10 23:00:00,1,61,0.0,0.0,0.0,0.10143333333333333,11.025,6.0,-12,19.635588150132612,,0.0,0.0,0.0,0.0,44.741090598484284,optimal
2021-02-10 23:30:00,1,61,0.0,0.0,0.0,0.32330000000000003,11.025,6.0,-12,19.539558451373818,,0.0,0.0,0.0,0.0,44.6963495078858,optimal
2021-02-11 00:00:00,1,61,0.0,0.0,0.0,0.05733333333333333,21.4305,6.0,10,19.539558451373818,,0.0,0.0,0.0,0.0,44.65165315837791,optimal
2021-02-11 00:30:00,1,61,0.0,0.0,0.0,0.06466666666666668,14.3325,6.0,10,19.44396224813815,,0.0,0.0,0.0,0.0,44.607001505219536,optimal
2021-02-11 01:00:00,1,61,0.0,0.0,0.0,0.066,13.692,6.0,10,19.349181868771392,,0.0,0.0,0.0,0.0,44.562394503714316,optimal
2021-02-11 01:30:00,1,61,0.0,0.0,0.0,0.066,14.007,6.0,10,19.255213910505113,,0.0,0.0,0.0,0.0,44.5178321092106,optimal
2021-02-11 02:00:00,1,61,1.4005469917858355,0.0,0.0,0.1855,12.873,6.0,10,19.161637888799962,,4901.914471250424,0.0,0.0,0.0,44.473314277101395,optimal
2021-02-11 02:30:00,1,61,2.0,0.0,0.0,0.1445,12.684,6.0,10,19.187017590636998,,7000.0,0.0,0.0,0.0,44.428840962824296,optimal
2021-02-11 03:00:00,1,61,2.0,0.0,0.0,0.09683333333333331,12.306,6.0,10,19.260446153503672,,7000.0,0.0,0.0,0.0,44.38441212186147,optimal
2021-02-11 03:30:00,1,61,2.0,0.0,0.0,0.16383333333333333,10.6365,6.0,10,19.33202584955899,,7000.0,0.0,0.0,0.0,44.34002770973961,optimal
2021-02-11 04:00:00,1,61,2.0,0.0,0.0,0.13533333333333333,11.2455,6.0,10,19.40593173060831,,7000.0,0.0,0.0,0.0,44.29568768202987,optimal
2021-02-11 04:30:00,1,61,2.0,0.0,0.0,0.066,11.2455,6.0,10,19.479899152350416,,7000.0,0.0,0.0,0.0,44.25139199434784,optimal
2021-02-11 05:00:00,1,61,2.0,0.0,0.0,0.186,11.025,6.0,10,19.551920963288254,,7000.0,0.0,0.0,0.0,44.20714060235349,optimal
2021-02-11 05:30:00,1,61,2.0,0.0,0.0,0.144,12.0855,6.0,10,19.626475808979546,,7000.0,0.0,0.0,0.0,44.16293346175114,optimal
2021-02-11 06:00:00,1,61,2.0,0.0,0.0,0.066,11.6865,6.0,10,19.700770727141066,,7000.0,0.0,0.0,0.0,44.11877052828939,optimal
2021-02-11 06:30:00,1,61,2.0,0.0,0.0,0.066,11.2245,6.0,10,19.77395677147408,,7000.0,0.0,0.0,0.0,44.074651757761096,optimal
2021-02-11 07:00:00,1,61,2.0,0.0,0.0,0.1215,11.025,6.0,10,19.847880299679492,,7000.0,0.0,0.0,0.0,44.030577106003335,optimal
2021-02-11 07:30:00,1,61,2.0,0.0,0.0,0.13383333333333333,10.7835,6.0,10,19.923848699346042,,7000.0,0.0,0.0,0.0,43.98654652889733,optimal
2021-02-11 08:00:00,1,61,2.0,0.0,0.0,0.6807333333333333,11.025,6.0,10,20.0,,4631.333333333334,0.0,2368.6666666666665,0.0,43.94255998236843,optimal
2021-02-11 08:30:00,1,61,2.0,0.0,3.826883442825988,0.45056666666666667,10.584,6.0,10,20.02374030920361,,7000.0,0.0,0.0,0.0,45.716387057728404,optimal
2021-02-11 09:00:00,1,61,2.0,0.0,0.0,0.13133333333333333,11.025,6.0,10,20.10545362643846,,7000.0,0.0,0.0,0.0,45.670670670670674,optimal
2021-02-11 09:30:00,1,61,2.0,0.0,5.0,0.2152,10.4265,6.0,10,20.210177233140428,,7000.0,0.0,0.0,0.0,48.0,optimal
2021-02-11 10:00:00,1,61,0.0,0.0,0.0,0.11533333333333332,12.789,6.0,10,20.323861585775216,,0.0,0.0,0.0,0.0,47.191462544765656,optimal
2021-02-11 10:30:00,1,61,1.1708413319387188,0.0,0.0,0.1544,12.684,6.0,10,20.307538391203522,,4097.944661785516,0.0,0.0,0.0,46.38373362698655,optimal
2021-02-11 11:00:00,1,61,0.0,0.0,0.0,1.6474333333333333,16.254,6.0,10,20.38763195676167,,0.0,0.0,0.0,0.0,45.576812438125216,optimal
2021-02-11 11:30:00,1,61,0.0,0.0,0.0,0.1525,17.64,6.0,10,20.41181418436944,,0.0,0.0,0.0,0.0,44.77069817045275,optimal
2021-02-11 12:00:00,1,61,0.0,0.0,0.0,0.24296666666666666,19.1625,6.0,10,20.430119227449275,,0.0,0.0,0.0,0.0,43.96539001704795,optimal
2021-02-11 12:30:00,1,61,0.0,0.0,0.0,0.26643333333333336,26.46,6.0,10,20.47094136043003,,0.0,0.0,0.0,0.0,43.16088717179656,optimal
2021-02-11 13:00:00,1,61,0.0,0.0,0.0,0.1891,20.79,6.0,10,20.5146355467539,,0.0,0.0,0.0,0.0,42.357188829390424,optimal
2021-02-11 13:30:00,1,61,0.0,0.0,0.0,0.1893333333333333,29.106,6.0,10,20.544964796455396,,0.0,0.0,0.0,0.0,41.55429418532669,optimal
2021-02-11 14:00:00,1,61,0.0,0.0,0.0,0.14066666666666666,19.1835,6.0,10,20.57791545500973,,0.0,0.0,0.0,0.0,40.75220243590702,optimal
2021-02-11 14:30:00,1,61,0.0,0.0,0.0,0.14616666666666667,19.6665,6.0,10,20.612848944601158,,0.0,0.0,0.0,0.0,39.95091277823678,optimal
2021-02-11 15:00:00,1,61,0.0,0.0,0.0,0.1838333333333333,19.404,6.0,10,20.646306757907023,,0.0,0.0,0.0,0.0,39.1504244102242,optimal
2021-02-11 15:30:00,1,61,0.0,0.0,0.0,0.066,19.047,6.0,10,20.65445359961863,,0.0,0.0,0.0,0.0,38.35073653057963,optimal
2021-02-11 16:00:00,1,61,0.0,0.0,0.0,0.09683333333333331,18.858,6.0,10,20.654987582019285,,0.0,0.0,0.0,0.0,37.55184833881471,optimal
2021-02-11 16:30:00,1,61,0.0,0.0,0.0,0.24916666666666662,19.2675,6.0,10,20.620075621053743,,0.0,0.0,0.0,0.0,37.51429649047589,optimal
2021-02-11 17:00:00,1,61,0.0,0.0,0.0,0.084,18.963,6.0,10,20.588965631913887,,0.0,0.0,0.0,0.0,37.476782193985414,optimal
2021-02-11 17:30:00,1,61,0.0,0.0,0.0,0.47213333333333335,18.438,6.0,10,20.51391542425395,,0.0,0.0,0.0,0.0,37.43930541179143,optimal
2021-02-11 18:00:00,1,61,0.0,0.0,0.0,0.085,18.7425,6.0,10,20.449944731962646,,0.0,0.0,0.0,0.0,37.401866106379636,optimal
2021-02-11 18:30:00,1,61,0.0,0.0,0.0,0.122,15.2145,6.0,10,20.363230624866446,,0.0,0.0,0.0,0.0,37.36446424027326,optimal
2021-02-11 19:00:00,1,61,0.0,0.0,0.0,0.27066666666666667,17.7765,6.0,10,20.27391531138774,,0.0,0.0,0.0,0.0,37.32709977603298,optimal
2021-02-11 19:30:00,1,61,0.0,0.0,0.0,0.36523333333333335,16.758,6.0,10,20.18365586668371,,0.0,0.0,0.0,0.0,37.289772676256945,optimal
2021-02-11 20:00:00,1,61,0.0,0.0,0.0,0.2215,16.422,6.0,10,20.09545397842355,,0.0,0.0,0.0,0.0,37.252482903580685,optimal
2021-02-11 20:30:00,1,61,0.0,0.0,0.0,0.3328333333333333,16.758,6.0,10,20.0,,0.0,0.0,0.0,0.0,37.2152304206771,optimal
2021-02-11 21:00:00,1,61,0.0,0.0,0.0,0.3197,29.358,6.0,10,19.90908800608479,,0.0,0.0,0.0,0.0,37.178015190256424,optimal
2021-02-11 21:30:00,1,61,0.0,0.0,0.0,0.14316666666666666,34.9965,6.0,10,19.818931056172545,,0.0,0.0,0.0,0.0,37.14083717506617,optimal
2021-02-11 22:00:00,1,61,0.0,0.0,0.0,0.16219999999999998,34.65,6.0,10,19.724071360046448,,0.0,0.0,0.0,0.0,37.1036963378911,optimal
2021-02-11 22:30:00,1,61,0.0,0.0,0.0,0.4039,34.9965,6.0,10,19.630158882484345,,0.0,0.0,0.0,0.0,37.06659264155321,optimal
2021-02-11 23:00:00,1,61,0.0,0.0,0.0,0.14066666666666666,34.9965,6.0,10,19.5363991338882,,0.0,0.0,0.0,0.0,37.029526048911656,optimal
2021-02-11 23:30:00,1,61,0.0,0.0,0.0,0.066,30.4815,6.0,10,19.430483351200166,,0.0,0.0,0.0,0.0,36.992496522862744,optimal
2021-02-12 00:00:00,1,61,2.0,0.0,0.0,0.055,14.3325,6.0,-14,19.430483351200166,,7000.0,0.0,0.0,0.0,36.95550402633988,optimal
2021-02-12 00:30:00,1,61,0.0,0.0,0.0,0.3479333333333333,15.393,6.0,-14,19.487266916813542,,0.0,0.0,0.0,0.0,36.91854852231354,optimal
2021-02-12 01:00:00,1,61,2.0,0.0,0.0,0.07783333333333332,13.587,6.0,-14,19.385446671861487,,7000.0,0.0,0.0,0.0,36.88162997379123,optimal
2021-02-12 01:30:00,1,61,0.0,0.0,0.0,0.25689999999999996,16.1385,6.0,-14,19.44295722332759,,0.0,0.0,0.0,0.0,36.844748343817436,optimal
2021-02-12 02:00:00,1,61,0.0,0.0,0.0,0.24109999999999998,14.595,6.0,-14,19.339589413145365,,0.0,0.0,0.0,0.0,36.80790359547362,optimal
2021-02-12 02:30:00,1,61,1.470755560962343,0.0,0.0,0.2403,14.637,6.0,-14,19.23669677297299,,5147.6444633682,0.0,0.0,0.0,36.771095691878145,optimal
2021-02-12 03:00:00,1,61,2.0,0.0,0.0,0.17373333333333332,13.9125,6.0,-14,19.25701165103295,,7000.0,0.0,0.0,0.0,36.73432459618627,optimal
2021-02-12 03:30:00,1,61,2.0,0.0,0.0,0.249,13.3665,6.0,-14,19.320659054157034,,7000.0,0.0,0.0,0.0,36.69759027159008,optimal
2021-02-12 04:00:00,1,61,2.0,0.0,0.0,0.1016,13.0095,6.0,-14,19.388737851562034,,7000.0,0.0,0.0,0.0,36.66089268131849,optimal
2021-02-12 04:30:00,1,61,2.0,0.0,0.0,0.409,13.8915,6.0,-14,19.45597196435994,,7000.0,0.0,0.0,0.0,36.62423178863717,optimal
2021-02-12 05:00:00,1,61,2.0,0.0,0.0,0.07766666666666668,13.188,6.0,-14,19.533103633663504,,7000.0,0.0,0.0,0.0,36.58760755684853,optimal
2021-02-12 05:30:00,1,61,2.0,0.0,0.0,0.13886666666666667,12.5685,6.0,-14,19.60500983326998,,7000.0,0.0,0.0,0.0,36.551019949291685,optimal
2021-02-12 06:00:00,1,61,2.0,0.0,0.0,0.2668666666666667,12.285,6.0,-14,19.68139793448822,,7000.0,0.0,0.0,0.0,36.51446892934239,optimal
2021-02-12 06:30:00,1,61,2.0,0.0,0.0,0.09633333333333331,11.487,6.0,-14,19.763692721115188,,7000.0,0.0,0.0,0.0,36.47795446041305,optimal
2021-02-12 07:00:00,1,61,2.0,0.0,0.0,0.21046666666666666,11.802,6.0,-14,19.841995376505974,,7000.0,0.0,0.0,0.0,36.441476505952636,optimal
2021-02-12 07:30:00,1,61,2.0,0.0,0.0,0.19246666666666667,11.2245,6.0,-14,19.923256596335268,,7000.0,0.0,0.0,0.0,36.40503502944669,optimal
2021-02-12 08:00:00,1,61,2.0,0.0,0.0,0.12153333333333331,11.025,6.0,-14,20.0,,6721.333333333333,0.0,278.66666666666663,0.0,36.36862999441724,optimal
2021-02-12 08:30:00,1,61,1.873697528087805,0.0,0.0,0.3218666666666667,11.907,6.0,-14,20.065484313558198,,6557.941348307318,0.0,0.0,0.0,36.33226136442282,optimal
2021-02-12 09:00:00,1,61,0.0,0.0,0.0,0.10066666666666668,25.83,6.0,-14,20.130513182017996,,0.0,0.0,0.0,0.0,36.2959291030584,optimal
2021-02-12 09:30:00,1,61,0.0,0.0,0.0,0.15309999999999999,28.035,6.0,-14,20.059902250934574,,0.0,0.0,0.0,0.0,36.25963317395534,optimal
2021-02-12 10:00:00,1,61,0.0,0.0,0.0,0.8873666666666666,28.119,6.0,-14,20.0,,0.0,0.0,0.0,0.0,36.22337354078139,optimal
2021-02-12 10:30:00,1,61,0.0,0.0,0.0,1.0373666666666665,30.156,6.0,-14,20.003848826142,,0.0,0.0,0.0,0.0,36.18715016724061,optimal
2021-02-12 11:00:00,1,61,0.0,0.0,0.0,0.30196666666666666,29.1585,6.0,-14,20.00737602324925,,0.0,0.0,0.0,0.0,36.150963017073366,optimal
2021-02-12 11:30:00,1,61,0.0,0.0,0.0,0.20776666666666668,26.712,6.0,-14,20.030749494368212,,0.0,0.0,0.0,0.0,36.114812054056294,optimal
2021-02-12 12:00:00,1,61,0.0,0.0,0.0,0.1212,15.435,6.0,-14,20.05193107080803,,0.0,0.0,0.0,0.0,36.078697242002235,optimal
2021-02-12 12:30:00,1,61,0.0,0.0,0.0,0.3198666666666667,13.566,6.0,-14,20.0825114068487,,0.0,0.0,0.0,0.0,36.04261854476023,optimal
2021-02-12 13:00:00,1,61,0.0,0.0,0.0,0.13653333333333334,12.789,6.0,-14,20.1180289339791,,0.0,0.0,0.0,0.0,36.00657592621547,optimal
2021-02-12 13:30:00,1,61,0.0,0.0,0.0,0.053,12.1275,6.0,-14,20.14928116598076,,0.0,0.0,0.0,0.0,35.97056935028925,optimal
2021-02-12 14:00:00,1,61,0.0,0.0,0.0,0.212,13.671,6.0,-14,20.180941447406916,,0.0,0.0,0.0,0.0,35.93459878093896,optimal
2021-02-12 14:30:00,1,61,0.0995238095238095,0.0,0.0,0.1832,10.668,6.0,-14,20.20945144795018,,0.0,0.0,348.33333333333326,0.0,35.89866418215802,optimal
2021-02-12 15:00:00,1,61,0.0,0.0,0.0,0.42906666666666665,11.7285,6.0,-14,20.245662863141774,,0.0,0.0,0.0,0.0,35.862765517975866,optimal
2021-02-12 15:30:00,1,61,0.0,0.0,0.0,1.6095666666666666,11.025,6.0,-14,20.281805174246394,,0.0,0.0,0.0,0.0,35.82690275245789,optimal
2021-02-12 16:00:00,1,61,0.0,0.0,0.0,0.38956666666666667,10.689,6.0,-14,20.318995353069464,,0.0,0.0,0.0,0.0,35.79107584970543,optimal
2021-02-12 16:30:00,1,61,2.0,0.0,0.0,0.6071666666666666,8.1585,6.0,-14,20.316300216302448,,5037.541147818938,0.0,1962.458852181062,0.0,35.75528477385572,optimal
2021-02-12 17:00:00,1,61,0.0,0.0,0.0,0.21963333333333332,10.3635,6.0,-14,20.424353423048203,,0.0,0.0,0.0,0.0,35.719529489081864,optimal
2021-02-12 17:30:00,1,61,0.0,0.0,0.0,1.6450666666666667,10.8045,6.0,-14,20.365653230718074,,0.0,0.0,0.0,0.0,35.683809959592786,optimal
2021-02-12 18:00:00,1,61,0.0,0.0,0.0,0.30243333333333333,11.025,6.0,-14,20.316791461188824,,0.0,0.0,0.0,0.0,35.64812614963319,optimal
2021-02-12 18:30:00,1,61,0.0,0.0,0.0,1.9437333333333329,10.3635,6.0,-14,20.250861113136207,,0.0,0.0,0.0,0.0,35.61247802348356,optimal
2021-02-12 19:00:00,1,61,0.0,0.0,0.0,0.3058333333333333,10.8045,6.0,-14,20.200705300324625,,0.0,0.0,0.0,0.0,35.57686554546008,optimal
2021-02-12 19:30:00,1,61,0.0,0.0,0.0,0.0959,10.059,6.0,-14,20.13166072934914,,0.0,0.0,0.0,0.0,35.54128867991462,optimal
2021-02-12 20:00:00,1,61,0.0,0.0,0.0,0.46893333333333326,10.584,6.0,-14,20.057576544572733,,0.0,0.0,0.0,0.0,35.505747391234706,optimal
2021-02-12 20:30:00,1,61,0.3748212803292204,0.0,0.0,0.436,9.4185,6.0,-14,20.0,,0.0,0.0,1311.8744811522715,0.0,35.47024164384347,optimal
2021-02-12 21:00:00,1,61,0.0,0.0,0.0,0.19,10.3635,6.0,-14,19.935521060839406,,0.0,0.0,0.0,0.0,35.43477140219963,optimal
2021-02-12 21:30:00,1,61,0.0,0.0,0.0,0.5464333333333333,9.8385,6.0,-14,19.867499376743993,,0.0,0.0,0.0,0.0,35.39933663079743,optimal
2021-02-12 22:00:00,1,61,0.0,0.0,0.0,0.2807,11.067,6.0,-14,19.809173110037303,,0.0,0.0,0.0,0.0,35.36393729416663,optimal
2021-02-12 22:30:00,1,61,0.0,0.0,0.0,0.30493333333333333,10.8465,6.0,-14,19.745535776219153,,0.0,0.0,0.0,0.0,35.32857335687247,optimal
2021-02-12 23:00:00,1,61,0.0,0.0,0.0,0.2377333333333333,13.671,6.0,-14,19.66891520217314,,0.0,0.0,0.0,0.0,35.2932447835156,optimal
2021-02-12 23:30:00,1,61,0.0,0.0,0.0,0.2531333333333333,12.348,6.0,-14,19.591027485949724,,0.0,0.0,0.0,0.0,35.25795153873208,optimal
2021-02-13 00:00:00,1,61,0.0,0.0,0.0,0.058,9.5655,6.0,2,19.591027485949724,,0.0,0.0,0.0,0.0,35.22269358719335,optimal
2021-02-13 00:30:00,1,61,2.0,0.0,5.0,0.058,7.056,6.0,2,19.50947342847702,,1357.0,0.0,5643.0,0.0,37.562470893606154,optimal
2021-02-13 01:00:00,1,61,2.0,0.0,0.0,0.058,9.3975,6.0,2,19.460509503089693,,7000.0,0.0,0.0,0.0,37.52490842271255,optimal
2021-02-13 01:30:00,1,61,0.0,0.0,0.0,0.058,10.059,6.0,2,19.545200624645798,,0.0,0.0,0.0,0.0,37.48738351428984,optimal
2021-02-13 02:00:00,1,61,2.0,0.0,0.0,0.058,9.261,6.0,2,19.464463353107494,,7000.0,0.0,0.0,0.0,37.44989613077555,optimal
2021-02-13 02:30:00,1,61,2.0,0.0,5.0,0.058,8.1585,6.0,2,19.549555079278495,,7000.0,0.0,0.0,0.0,39.787446234644776,optimal
2021-02-13 03:00:00,1,61,2.0,0.0,0.0,0.058,9.4815,6.0,2,19.634291891294165,,7000.0,0.0,0.0,0.0,39.74765878841013,optimal
2021-02-13 03:30:00,1,61,2.0,0.0,0.0,0.058,8.379,6.0,2,19.718675269487125,,7000.0,0.0,0.0,0.0,39.70791112962172,optimal
2021-02-13 04:00:00,1,61,2.0,0.0,0.0,0.058,9.5235,6.0,2,19.802498140033716,,7000.0,0.0,0.0,0.0,39.668203218492096,optimal
2021-02-13 04:30:00,1,61,2.0,0.0,5.0,0.058,8.1375,6.0,2,19.885762840788708,,7000.0,0.0,0.0,0.0,42.003535015273606,optimal
2021-02-13 05:00:00,1,61,0.0,0.0,0.0,0.058,10.0905,6.0,2,19.968263151873902,,0.0,0.0,0.0,0.0,41.96153148025833,optimal
2021-02-13 05:30:00,1,61,2.0,0.0,5.0,0.058,7.539,6.0,2,19.88471856370114,,7000.0,0.0,0.0,0.0,44.29456994877807,optimal
2021-02-13 06:00:00,1,61,2.0,0.0,5.0,0.058,7.938,6.0,2,19.96638903849645,,7000.0,0.0,0.0,0.0,46.62527537882929,optimal
2021-02-13 06:30:00,1,61,2.0,0.0,3.194724397452277,0.058,8.274,6.0,2,20.047301773074103,,7000.0,0.0,0.0,0.0,48.096144192240295,optimal
2021-02-13 07:00:00,1,61,2.0,0.0,0.0,0.05733333333333333,9.261,6.0,2,20.12766847591982,,7000.0,0.0,0.0,0.0,48.048048048048045,optimal
2021-02-13 07:30:00,1,61,2.0,0.0,0.0,0.06,9.9225,6.0,2,20.209077360943823,,7000.0,0.0,0.0,0.0,48.0,optimal
2021-02-13 08:00:00,1,61,2.0,0.0,0.0,0.058,9.702,6.0,2,20.290729145366292,,7000.0,0.0,0.0,0.0,44.664509247653285,optimal
2021-02-13 08:30:00,1,61,0.0,0.0,0.0,0.060333333333333336,10.584,6.0,2,20.368541081462812,,0.0,0.0,0.0,0.0,44.61984473840563,optimal
2021-02-13 09:00:00,1,61,2.0,0.0,0.0,0.24080000000000001,10.143,6.0,2,20.282307069461535,,7000.0,0.0,0.0,0.0,44.575224893667226,optimal
2021-02-13 09:30:00,1,61,0.0,0.0,0.0,0.06846666666666666,13.0095,6.0,2,20.387611384689613,,0.0,0.0,0.0,0.0,44.530649668773556,optimal
2021-02-13 10:00:00,1,61,0.0,0.0,0.0,0.1174,11.025,6.0,2,20.324984942561354,,0.0,0.0,0.0,0.0,44.486119019104784,optimal
2021-02-13 10:30:00,1,61,0.0,0.0,0.0,0.151,12.789,6.0,2,20.298642340241436,,0.0,0.0,0.0,0.0,44.44163290008568,optimal
2021-02-13 11:00:00,1,61,0.0,0.0,0.0,0.1006,12.1275,6.0,2,20.2731911433202,,0.0,0.0,0.0,0.0,44.39719126718559,optimal
2021-02-13 11:30:00,1,61,0.0,0.0,0.0,0.1803333333333333,12.1695,6.0,2,20.284599147080073,,0.0,0.0,0.0,0.0,44.3527940759184,optimal
2021-02-13 12:00:00,1,61,0.0,0.0,0.0,1.4983333333333333,12.306,6.0,2,20.296964626509062,,0.0,0.0,0.0,0.0,44.308441281842484,optimal
2021-02-13 12:30:00,1,61,0.0,0.0,0.0,0.4341333333333333,13.23,6.0,2,20.347119604634283,,0.0,0.0,0.0,0.0,44.26413284056064,optimal
2021-02-13 13:00:00,1,61,0.0,0.0,0.0,0.203,13.671,6.0,2,20.381766365866238,,0.0,0.0,0.0,0.0,44.21986870772008,optimal
2021-02-13 13:30:00,1,61,0.0,0.0,0.0,0.203,13.9335,6.0,2,20.418122798393544,,0.0,0.0,0.0,0.0,44.17564883901236,optimal
2021-02-13 14:00:00,1,61,0.0,0.0,0.0,0.203,13.293,6.0,2,20.454744685671955,,0.0,0.0,0.0,0.0,44.131473190173345,optimal
2021-02-13 14:30:00,1,61,0.0,0.0,0.0,0.203,12.1065,6.0,2,20.46465622085279,,0.0,0.0,0.0,0.0,44.087341716983175,optimal
2021-02-13 15:00:00,1,61,0.0,0.0,0.0,0.203,11.571,6.0,2,20.476811217169608,,0.0,0.0,0.0,0.0,44.043254375266194,optimal
2021-02-13 15:30:00,1,61,0.0,0.0,0.0,0.23146666666666668,11.025,6.0,2,20.465691858012704,,0.0,0.0,0.0,0.0,43.99921112089093,optimal
2021-02-13 16:00:00,1,61,1.332210139720872,0.0,0.0,0.331,10.8465,6.0,2,20.453775979002092,,4662.735489023053,0.0,0.0,0.0,43.955211909770036,optimal
2021-02-13 16:30:00,1,61,0.0,0.0,0.0,0.1338,11.2455,6.0,2,20.52785385071262,,0.0,0.0,0.0,0.0,43.91125669786027,optimal
2021-02-13 17:00:00,1,61,0.0,0.0,0.0,0.081,23.8665,6.0,2,20.487783155299468,,0.0,0.0,0.0,0.0,43.867345441162406,optimal
2021-02-13 17:30:00,1,61,0.0,0.0,0.0,0.37706666666666666,27.4575,6.0,2,20.42090089607023,,0.0,0.0,0.0,0.0,43.82347809572124,optimal
2021-02-13 18:00:00,1,61,0.0,0.0,0.0,0.16646666666666668,27.3735,6.0,2,20.358678138883207,,0.0,0.0,0.0,0.0,43.77965461762552,optimal
2021-02-13 18:30:00,1,61,0.0,0.0,0.0,0.22833333333333328,30.4605,6.0,2,20.28140069228073,,0.0,0.0,0.0,0.0,43.735874963007895,optimal
2021-02-13 19:00:00,1,61,0.0,0.0,0.0,0.21886666666666668,30.0195,6.0,2,20.208054285161612,,0.0,0.0,0.0,0.0,43.69213908804489,optimal
2021-02-13 19:30:00,1,61,0.0,0.0,0.0,0.6593333333333333,26.9325,6.0,2,20.131364992853783,,0.0,0.0,0.0,0.0,43.648446948956845,optimal
2021-02-13 20:00:00,1,61,0.0,0.0,0.0,0.4264,14.595,6.0,2,20.066977898122964,,0.0,0.0,0.0,0.0,43.60479850200789,optimal
2021-02-13 20:30:00,1,61,0.0,0.0,0.0,0.3983333333333333,12.4845,6.0,2,20.0,,0.0,0.0,0.0,0.0,43.56119370350588,optimal
2021-02-13 21:00:00,1,61,0.0,0.0,0.0,0.40093333333333325,12.1275,6.0,2,19.934567064872915,,0.0,0.0,0.0,0.0,43.517632509802375,optimal
2021-02-13 21:30:00,1,61,0.0,0.0,0.0,0.41233333333333333,12.1275,6.0,2,19.868059592207295,,0.0,0.0,0.0,0.0,43.47411487729257,optimal
2021-02-13 22:00:00,1,61,0.0,0.0,0.0,0.4401333333333333,12.789,6.0,2,19.80367678591875,,0.0,0.0,0.0,0.0,43.43064076241528,optimal
2021-02-13 22:30:00,1,61,0.0,0.0,0.0,0.5902000000000001,11.907,6.0,2,19.74046687996674,,0.0,0.0,0.0,0.0,43.38721012165286,optimal
2021-02-13 23:00:00,1,61,0.0,0.0,0.0,0.068,11.025,6.0,2,19.67916713613409,,0.0,0.0,0.0,0.0,43.34382291153121,optimal
2021-02-13 23:30:00,1,61,0.0,0.0,0.0,0.06566666666666666,8.2005,6.0,2,19.598079643665482,,0.0,0.0,0.0,0.0,43.30047908861968,optimal
2021-02-07 00:00:00,2,61,0.0,0.0,0.0,0.054,7.938,6.0,2,21.0,,0.0,0.0,0.0,0.0,47.952,optimal
2021-02-07 00:30:00,2,61,0.0,0.0,0.0,0.1232,5.292,6.0,2,20.926229449234192,,0.0,0.0,0.0,0.0,47.904047999999996,optimal
2021-02-07 01:00:00,2,61,0.0,0.0,0.0,0.11166666666666669,9.261,6.0,2,20.85398344390712,,0.0,0.0,0.0,0.0,47.856143952,optimal
2021-02-07 01:30:00,2,61,0.0,0.0,0.0,0.14686666666666667,10.3635,6.0,2,20.781349353219692,,0.0,0.0,0.0,0.0,47.80828780804799,optimal
2021-02-07 02:00:00,2,61,0.0,0.0,0.0,0.1751,8.274,6.0,2,20.70964080929145,,0.0,0.0,0.0,0.0,47.76047952023995,optimal
2021-02-07 02:30:00,2,61,0.0,0.0,0.0,0.05976666666666666,7.7175,6.0,2,20.638689455071617,,0.0,0.0,0.0,0.0,47.712719040719705,optimal
2021-02-07 03:00:00,2,61,0.0,0.0,0.0,0.20453333333333334,6.615,6.0,2,20.564893694434716,,0.0,0.0,0.0,0.0,47.66500632167899,optimal
2021-02-07 03:30:00,2,61,0.0,0.0,0.0,0.1232,6.174,6.0,2,20.494406861257204,,0.0,0.0,0.0,0.0,47.61734131535731,optimal
2021-02-07 04:00:00,2,61,2.0,0.0,0.0,0.14686666666666667,3.906,6.0,2,20.422085038678272,,7000.0,0.0,0.0,0.0,47.56972397404195,optimal
2021-02-07 04:30:00,2,61,2.0,0.0,0.0,0.18086666666666668,2.3415,6.0,2,20.515698833658675,,7000.0,0.0,0.0,0.0,47.522154250067906,optimal
2021-02-07 05:00:00,2,61,2.0,0.0,0.0,0.054,2.205,6.0,2,20.609724975811016,,7000.0,0.0,0.0,0.0,47.47463209581784,optimal
2021-02-07 05:30:00,2,61,2.0,0.0,2.426534892649042,0.18463333333333332,0.882,6.0,2,20.70036336846279,,7000.0,0.0,0.0,0.0,48.579761537730306,optimal
2021-02-07 06:00:00,2,61,2.0,0.0,0.0,0.1431,1.5435,6.0,2,20.79370822066475,,7000.0,0.0,0.0,0.0,48.53118177619257,optimal
2021-02-07 06:30:00,2,61,2.0,0.0,0.0,0.054,1.5435,6.0,2,20.88568305198206,,7000.0,0.0,0.0,0.0,48.48265059441637,optimal
2021-02-07 07:00:00,2,61,1.33813709822539,0.0,0.0,0.13363333333333333,5.0715,6.0,2,20.97496188665466,,4683.479843788865,0.0,0.0,0.0,48.434167943821954,optimal
2021-02-07 07:30:00,2,61,0.0,0.0,0.0,0.20876666666666668,5.376,6.0,2,21.01073233069693,,0.0,0.0,0.0,0.0,48.38573377587813,optimal
2021-02-07 08:00:00,2,61,2.0,0.0,0.0,0.064,5.0715,6.0,2,20.936789924405353,,7000.0,0.0,0.0,0.0,48.33734804210225,optimal
2021-02-07 08:30:00,2,61,0.0,0.0,0.0,0.25056666666666666,5.5125,6.0,2,21.02439575850283,,0.0,0.0,0.0,0.0,48.289010694060146,optimal
2021-02-07 09:00:00,2,61,0.0,0.0,0.0,0.09716666666666668,9.261,6.0,2,20.950549150473492,,0.0,0.0,0.0,0.0,48.240721683366075,optimal
2021-02-07 09:30:00,2,61,0.0,0.0,0.0,0.056,11.7075,6.0,2,20.884232540424932,,0.0,0.0,0.0,0.0,48.192480961682705,optimal
2021-02-07 10:00:00,2,61,0.0,0.0,0.0,0.246,12.348,6.0,2,20.817617952360425,,0.0,0.0,0.0,0.0,48.144288480721016,optimal
2021-02-07 10:30:00,2,61,0.0,0.0,0.0,0.3392333333333333,12.348,6.0,2,20.771495988549926,,0.0,0.0,0.0,0.0,48.096144192240295,optimal
2021-02-07 11:00:00,2,61,0.0,0.0,0.0,0.36210000000000003,12.1275,6.0,2,20.727858380139043,,0.0,0.0,0.0,0.0,48.048048048048045,optimal
2021-02-07 11:30:00,2,61,0.0,0.0,0.0,0.28203333333333336,12.5265,6.0,2,20.7027089375651,,0.0,0.0,0.0,0.0,48.0,optimal
2021-02-07 12:00:00,2,61,0.0,0.0,0.0,0.10136666666666666,11.7495,6.0,2,20.672633471365277,,0.0,0.0,0.0,0.0,46.26948571351736,optimal
2021-02-07 12:30:00,2,61,0.0,0.0,0.0,0.09436666666666665,13.23,6.0,2,20.649455977825532,,0.0,0.0,0.0,0.0,44.54070194132121,optimal
2021-02-07 13:00:00,2,61,0.0,0.0,0.0,0.23336666666666667,14.3325,6.0,2,20.626375156675838,,0.0,0.0,0.0,0.0,42.81364695289725,optimal
2021-02-07 13:30:00,2,61,0.0,0.0,0.0,0.05866666666666666,14.994,6.0,2,20.59526352200838,,0.0,0.0,0.0,0.0,41.088319019461714,optimal
2021-02-07 14:00:00,2,61,0.0,0.0,0.0,0.1684,14.8155,6.0,2,20.560255002704743,,0.0,0.0,0.0,0.0,39.36471641395961,optimal
2021-02-07 14:30:00,2,61,0.0,0.0,0.0,0.17466666666666666,14.112,6.0,2,20.532701103827915,,0.0,0.0,0.0,0.0,37.64283741106302,optimal
2021-02-07 15:00:00,2,61,0.0,0.0,0.0,0.054,14.007,6.0,2,20.505728836527716,,0.0,0.0,0.0,0.0,35.92268028716932,optimal
2021-02-07 15:30:00,2,61,0.0,0.0,0.0,1.2415999999999998,13.23,6.0,2,20.48740698067891,,0.0,0.0,0.0,0.0,35.88675760688215,optimal
2021-02-07 16:00:00,2,61,0.0,0.0,0.0,0.47236666666666666,11.382,6.0,2,20.48537720752294,,0.0,0.0,0.0,0.0,35.85087084927527,optimal
2021-02-07 16:30:00,2,61,0.0,0.0,0.0,0.46976666666666667,11.7495,6.0,2,20.455325299256376,,0.0,0.0,0.0,0.0,35.815019978425994,optimal
2021-02-07 17:00:00,2,61,0.0,0.0,0.0,0.38256666666666667,24.3285,6.0,2,20.424286588815924,,0.0,0.0,0.0,0.0,35.779204958447565,optimal
2021-02-07 17:30:00,2,61,0.0,0.0,0.0,0.1882666666666667,28.917,6.0,2,20.36406895767937,,0.0,0.0,0.0,0.0,35.74342575348912,optimal
2021-02-07 18:00:00,2,61,0.0,0.0,0.0,0.35933333333333334,31.3635,6.0,2,20.29971140633917,,0.0,0.0,0.0,0.0,35.70768232773563,optimal
2021-02-07 18:30:00,2,61,0.0,0.0,0.0,1.2064666666666668,33.306,6.0,2,20.234788818266658,,0.0,0.0,0.0,0.0,35.6719746454079,optimal
2021-02-07 19:00:00,2,61,0.0,0.0,0.0,0.3826,31.3425,6.0,2,20.178937643935626,,0.0,0.0,0.0,0.0,35.63630267076249,optimal
2021-02-07 19:30:00,2,61,0.0,0.0,0.0,0.48623333333333335,28.2555,6.0,2,20.120017974490633,,0.0,0.0,0.0,0.0,35.60066636809173,optimal
2021-02-07 20:00:00,2,61,0.0,0.0,0.0,0.3138666666666667,15.6975,6.0,2,20.06180842509311,,0.0,0.0,0.0,0.0,35.56506570172364,optimal
2021-02-07 20:30:00,2,61,0.0,0.0,0.0,0.2728666666666667,12.5475,6.0,2,20.0,,0.0,0.0,0.0,0.0,35.529500636021915,optimal
2021-02-07 21:00:00,2,61,0.0,0.0,0.0,0.36133333333333334,12.0855,6.0,2,19.93648963154309,,0.0,0.0,0.0,0.0,35.49397113538589,optimal
2021-02-07 21:30:00,2,61,0.0,0.0,0.0,0.36273333333333335,11.907,6.0,2,19.87525358840297,,0.0,0.0,0.0,0.0,35.4584771642505,optimal
2021-02-07 22:00:00,2,61,0.0,0.0,0.0,0.3312,12.5685,6.0,2,19.81297666189704,,0.0,0.0,0.0,0.0,35.423018687086255,optimal
2021-02-07 22:30:00,2,61,0.0,0.0,0.0,0.3454333333333333,13.146,6.0,2,19.74860931316785,,0.0,0.0,0.0,0.0,35.38759566839917,optimal
2021-02-07 23:00:00,2,61,0.0,0.0,0.0,0.14876666666666669,10.584,6.0,2,19.68698890645435,,0.0,0.0,0.0,0.0,35.352208072730775,optimal
2021-02-07 23:30:00,2,61,0.0,0.0,0.0,0.11043333333333334,6.678,6.0,2,19.617627359125727,,0.0,0.0,0.0,0.0,35.316855864658045,optimal
2021-02-08 00:00:00,2,61,2.0,0.0,0.0,0.06420000000000001,7.938,6.0,-1,19.617627359125727,,7000.0,0.0,0.0,0.0,35.28153900879339,optimal
2021-02-08 00:30:00,2,61,2.0,0.0,0.0,0.21913333333333332,8.6835,6.0,-1,19.709379496685507,,7000.0,0.0,0.0,0.0,35.246257469784595,optimal
2021-02-08 01:00:00,2,61,2.0,0.0,0.0,0.3197,7.665,6.0,-1,19.809759262510124,,7000.0,0.0,0.0,0.0,35.21101121231481,optimal
2021-02-08 01:30:00,2,61,2.0,0.0,5.0,0.25566666666666665,6.7725,6.0,-1,19.911103221988228,,7000.0,0.0,0.0,0.0,37.5508002011025,optimal
2021-02-08 02:00:00,2,61,2.0,0.0,5.0,0.055,5.5755,6.0,-1,20.00875346111884,,7000.0,0.0,0.0,0.0,39.888249400901394,optimal
2021-02-08 02:30:00,2,61,2.0,0.0,5.0,0.055,5.0925,6.0,-1,20.097744050434034,,7000.0,0.0,0.0,0.0,42.22336115150049,optimal
2021-02-08 03:00:00,2,61,2.0,0.0,5.0,0.055,4.1895,6.0,-1,20.18657201157496,,7000.0,0.0,0.0,0.0,44.55613779034899,optimal
2021-02-08 03:30:00,2,61,2.0,0.0,3.764437820456034,0.055,7.056,6.0,-1,20.275238022857167,,7000.0,0.0,0.0,0.0,46.299689617275256,optimal
2021-02-08 04:00:00,2,61,2.0,0.0,5.0,0.055,5.271,6.0,-1,20.36332566380325,,7000.0,0.0,0.0,0.0,48.62838992765797,optimal
2021-02-08 04:30:00,2,61,2.0,0.0,0.0,0.055,7.938,6.0,-1,20.45083734677253,,7000.0,0.0,0.0,0.0,48.579761537730306,optimal
2021-02-08 05:00:00,2,61,2.0,0.0,0.0,0.055,7.938,6.0,-1,20.537566926080622,,7000.0,0.0,0.0,0.0,48.53118177619257,optimal
2021-02-08 05:30:00,2,61,0.0,0.0,0.0,0.055,11.907,6.0,-1,20.623517663850325,,0.0,0.0,0.0,0.0,48.48265059441637,optimal
2021-02-08 06:00:00,2,61,2.0,0.0,0.0,0.055,11.025,6.0,-1,20.543617658753504,,7000.0,0.0,0.0,0.0,48.434167943821954,optimal
2021-02-08 06:30:00,2,61,2.0,0.0,0.0,0.055,11.2875,6.0,-1,20.62912606319772,,7000.0,0.0,0.0,0.0,48.38573377587813,optimal
2021-02-08 07:00:00,2,61,0.0,0.0,0.0,0.055,12.936,6.0,-1,20.714069267556482,,0.0,0.0,0.0,0.0,48.33734804210225,optimal
2021-02-08 07:30:00,2,61,0.0,0.0,0.0,0.055,13.0095,6.0,-1,20.633165931429907,,0.0,0.0,0.0,0.0,48.289010694060146,optimal
2021-02-08 08:00:00,2,61,0.0,0.0,0.0,0.32993333333333336,13.671,6.0,-1,20.553017135816575,,0.0,0.0,0.0,0.0,48.240721683366075,optimal
2021-02-08 08:30:00,2,61,0.0,0.0,0.0,0.144,13.188,6.0,-1,20.488651887566594,,0.0,0.0,0.0,0.0,48.192480961682705,optimal
2021-02-08 09:00:00,2,61,0.0,0.0,0.0,0.27763333333333334,13.8495,6.0,-1,20.414743597647004,,0.0,0.0,0.0,0.0,48.144288480721016,optimal
2021-02-08 09:30:00,2,61,0.0,0.0,0.0,0.2102,13.23,6.0,-1,20.362361877474353,,0.0,0.0,0.0,0.0,48.096144192240295,optimal
2021-02-08 10:00:00,2,61,0.0,0.0,0.0,0.4157,13.3665,6.0,-1,20.309129731852536,,0.0,0.0,0.0,0.0,48.048048048048045,optimal
2021-02-08 10:30:00,2,61,0.0,0.0,0.0,1.7247666666666668,13.0515,6.0,-1,20.29082638044922,,0.0,0.0,0.0,0.0,48.0,optimal
2021-02-08 11:00:00,2,61,0.0,0.0,0.0,0.065,13.5345,6.0,-1,20.292418533996166,,0.0,0.0,0.0,0.0,47.60283376309809,optimal
2021-02-08 11:30:00,2,61,0.0,0.0,0.0,0.065,14.154,6.0,-1,20.29079795875093,,0.0,0.0,0.0,0.0,47.20606469243308,optimal
2021-02-08 12:00:00,2,61,0.0,0.0,0.0,0.211,14.112,6.0,-1,20.289601238823362,,0.0,0.0,0.0,0.0,46.80969239083874,optimal
2021-02-08 12:30:00,2,61,0.0,0.0,0.0,0.222,14.2485,6.0,-1,20.30841416013216,,0.0,0.0,0.0,0.0,46.413716461545995,optimal
2021-02-08 13:00:00,2,61,0.0,0.0,0.0,0.109,12.789,6.0,-1,20.32969073697719,,0.0,0.0,0.0,0.0,46.01813650818254,optimal
2021-02-08 13:30:00,2,61,0.0,0.0,0.0,0.09553333333333332,13.0095,6.0,-1,20.34612464665524,,0.0,0.0,0.0,0.0,45.622952134772454,optimal
2021-02-08 14:00:00,2,61,0.35362067475620906,0.0,0.0,0.065,12.1275,6.0,-1,20.36436002953349,,1237.6723616467316,0.0,0.0,0.0,45.228162945735775,optimal
2021-02-08 14:30:00,2,61,0.0,0.0,0.0,0.065,12.348,6.0,-1,20.402487274503187,,0.0,0.0,0.0,0.0,44.833768545888134,optimal
2021-02-08 15:00:00,2,61,0.0,0.0,0.0,0.065,12.348,6.0,-1,20.410605981951612,,0.0,0.0,0.0,0.0,44.43976854044034,optimal
2021-02-08 15:30:00,2,61,0.0,0.0,0.0,0.065,25.389,6.0,-1,20.395603429043206,,0.0,0.0,0.0,0.0,44.04616253499799,optimal
2021-02-08 16:00:00,2,61,0.0,0.0,0.0,0.065,29.1375,6.0,-1,20.380871999159304,,0.0,0.0,0.0,0.0,43.652950135561085,optimal
2021-02-08 16:30:00,2,61,0.0,0.0,0.0,0.065,30.597,6.0,-1,20.339670378587478,,0.0,0.0,0.0,0.0,43.26013094852362,optimal
2021-02-08 17:00:00,2,61,0.0,0.0,0.0,0.065,33.684,6.0,-1,20.29801496436645,,0.0,0.0,0.0,0.0,42.867704580673184,optimal
2021-02-08 17:30:00,2,61,0.0,0.0,0.0,0.07553333333333333,32.445,6.0,-1,20.227384787524024,,0.0,0.0,0.0,0.0,42.475670639190604,optimal
2021-02-08 18:00:00,2,61,0.0,0.0,0.0,0.065,28.917,6.0,-1,20.160123580291913,,0.0,0.0,0.0,0.0,42.084028731649504,optimal
2021-02-08 18:30:00,2,61,0.0,0.0,0.0,0.065,15.876,6.0,-1,20.08045249851315,,0.0,0.0,0.0,0.0,41.692778466015945,optimal
2021-02-08 19:00:00,2,61,0.9669239913918835,0.0,0.0,0.065,12.348,6.0,-1,20.0,,3384.233969871592,0.0,0.0,0.0,41.30191945064802,optimal
2021-02-08 19:30:00,2,61,1.9606729320371892,0.0,0.0,0.065,12.1275,6.0,-1,20.0,,6862.355262130162,0.0,0.0,0.0,40.91145129429547,optimal
2021-02-08 20:00:00,2,61,0.0,0.0,0.0,0.065,12.348,6.0,-1,20.08149960586498,,0.0,0.0,0.0,0.0,40.52137360609927,optimal
2021-02-08 20:30:00,2,61,0.0,0.0,0.0,0.065,12.1275,6.0,-1,20.0,,0.0,0.0,0.0,0.0,40.13168599559126,optimal
2021-02-08 21:00:00,2,61,0.0,0.0,0.0,0.065,12.1275,6.0,-1,19.918423229737808,,0.0,0.0,0.0,0.0,39.742388072693764,optimal
2021-02-08 21:30:00,2,61,0.0,0.0,0.0,0.065,11.2665,6.0,-1,19.83676961692799,,0.0,0.0,0.0,0.0,39.35347944771916,optimal
2021-02-08 22:00:00,2,61,0.0,0.0,0.0,0.065,10.143,6.0,-1,19.756082221987043,,0.0,0.0,0.0,0.0,38.96495973136953,optimal
2021-02-08 22:30:00,2,61,0.0,0.0,0.0,0.12816666666666665,11.2455,6.0,-1,19.67635701485923,,0.0,0.0,0.0,0.0,38.925994771638166,optimal
2021-02-08 23:00:00,2,61,0.0,0.0,0.0,0.0986,11.025,6.0,-1,19.6016615679351,,0.0,0.0,0.0,0.0,38.88706877686653,optimal
2021-02-08 23:30:00,2,61,0.0,0.0,0.0,0.061,5.9745,6.0,-1,19.525435964375742,,0.0,0.0,0.0,0.0,38.84818170808966,optimal
2021-02-09 00:00:00,2,61,0.0,0.0,0.0,0.04866666666666666,17.9025,6.0,10,19.525435964375742,,0.0,0.0,0.0,0.0,38.80933352638157,optimal
2021-02-09 00:30:00,2,61,0.0,0.0,0.0,0.056,15.6555,6.0,10,19.447590588748422,,0.0,0.0,0.0,0.0,38.77052419285519,optimal
2021-02-09 01:00:00,2,61,0.0,0.0,0.0,0.11306666666666666,14.553,6.0,10,19.370278451022664,,0.0,0.0,0.0,0.0,38.731753668662336,optimal
2021-02-09 01:30:00,2,61,0.0,0.0,0.0,0.15586666666666668,14.3325,6.0,10,19.294844782754602,,0.0,0.0,0.0,0.0,38.69302191499367,optimal
2021-02-09 02:00:00,2,61,0.0,0.0,0.0,0.13363333333333333,13.335,6.0,10,19.220319241060874,,0.0,0.0,0.0,0.0,38.65432889307868,optimal
2021-02-09 02:30:00,2,61,2.0,0.0,0.0,0.2175,12.1275,6.0,10,19.145162473922863,,7000.0,0.0,0.0,0.0,38.615674564185596,optimal
2021-02-09 03:00:00,2,61,0.4111072444202626,0.0,0.0,0.06056666666666667,12.2955,6.0,10,19.23779168454855,,1438.875355470919,0.0,0.0,0.0,38.57705888962141,optimal
2021-02-09 03:30:00,2,61,2.0,0.0,0.0,0.13363333333333333,11.6865,6.0,10,19.19522855231905,,7000.0,0.0,0.0,0.0,38.53848183073179,optimal
2021-02-09 04:00:00,2,61,2.0,0.0,0.0,0.09166666666666669,11.466,6.0,10,19.286294327185143,,7000.0,0.0,0.0,0.0,38.499943348901056,optimal
2021-02-09 04:30:00,2,61,2.0,0.0,5.0,0.1818333333333333,10.8045,6.0,10,19.37640645122193,,7000.0,0.0,0.0,0.0,40.83644340555215,optimal
2021-02-09 05:00:00,2,61,2.0,0.0,5.0,0.13363333333333333,10.584,6.0,10,19.46785463670384,,7000.0,0.0,0.0,0.0,43.1706069621466,optimal
2021-02-09 05:30:00,2,61,2.0,0.0,0.0,0.2129333333333333,11.2455,6.0,10,19.557366203212155,,7000.0,0.0,0.0,0.0,43.12743635518445,optimal
2021-02-09 06:00:00,2,61,2.0,0.0,0.0,0.1382,12.1275,6.0,10,19.648376848766294,,7000.0,0.0,0.0,0.0,43.084308918829265,optimal
2021-02-09 06:30:00,2,61,2.0,0.0,0.0,0.056,11.823,6.0,10,19.73724329235065,,7000.0,0.0,0.0,0.0,43.04122460991044,optimal
2021-02-09 07:00:00,2,61,2.0,0.0,0.0,0.22293333333333332,11.7705,6.0,10,19.823589626752227,,7000.0,0.0,0.0,0.0,42.99818338530053,optimal
2021-02-09 07:30:00,2,61,2.0,0.0,1.8111482183577496,0.12819999999999998,11.13,6.0,10,19.913308888756863,,7000.0,0.0,0.0,0.0,43.81548060563516,optimal
2021-02-09 08:00:00,2,61,0.9566437415651138,0.0,0.0,0.054,11.6865,6.0,10,20.0,,3348.2530954778986,0.0,0.0,0.0,43.771665125029514,optimal
2021-02-09 08:30:00,2,61,2.0,0.0,5.0,0.1166,10.7205,6.0,10,20.0,,7000.0,0.0,0.0,0.0,46.10289345990448,optimal
2021-02-09 09:00:00,2,61,1.380084537052062,0.0,0.0,0.13506666666666667,11.424,6.0,10,20.089454145991315,,4830.295879682217,0.0,0.0,0.0,46.056790566444576,optimal
2021-02-09 09:30:00,2,61,2.0,0.0,5.0,0.3106666666666667,10.689,6.0,10,20.14932205077596,,7000.0,0.0,0.0,0.0,48.38573377587813,optimal
2021-02-09 10:00:00,2,61,2.0,0.0,0.0,0.30256666666666665,11.361,6.0,10,20.266717871717614,,7000.0,0.0,0.0,0.0,48.33734804210225,optimal
2021-02-09 10:30:00,2,61,0.0,0.0,0.0,0.1851,11.571,6.0,10,20.414668469335282,,0.0,0.0,0.0,0.0,48.289010694060146,optimal
2021-02-09 11:00:00,2,61,0.0,0.0,0.0,0.2329333333333333,14.3745,6.0,10,20.39371234953315,,0.0,0.0,0.0,0.0,48.240721683366075,optimal
2021-02-09 11:30:00,2,61,0.0,0.0,0.0,1.4843333333333333,13.23,6.0,10,20.404622451588068,,0.0,0.0,0.0,0.0,48.192480961682705,optimal
2021-02-09 12:00:00,2,61,0.0,0.0,0.0,0.3824333333333333,13.9755,6.0,10,20.422209505267414,,0.0,0.0,0.0,0.0,48.144288480721016,optimal
2021-02-09 12:30:00,2,61,0.0,0.0,0.0,0.4848,14.994,6.0,10,20.452745369142846,,0.0,0.0,0.0,0.0,48.096144192240295,optimal
2021-02-09 13:00:00,2,61,0.0,0.0,0.0,0.28786666666666666,13.671,6.0,10,20.48879101204021,,0.0,0.0,0.0,0.0,48.048048048048045,optimal
2021-02-09 13:30:00,2,61,0.0,0.0,0.0,0.5497666666666666,15.981,6.0,10,20.523554939888964,,0.0,0.0,0.0,0.0,48.0,optimal
2021-02-09 14:00:00,2,61,0.0,0.0,0.0,0.07883333333333332,15.6345,6.0,10,20.56314247847103,,0.0,0.0,0.0,0.0,47.83311800207085,optimal
2021-02-09 14:30:00,2,61,0.0,0.0,0.0,0.2295,16.5375,6.0,10,20.583525581847592,,0.0,0.0,0.0,0.0,47.66640288613963,optimal
2021-02-09 15:00:00,2,61,0.0,0.0,0.0,0.0988,14.7735,6.0,10,20.60717265497024,,0.0,0.0,0.0,0.0,47.49985448532434,optimal
2021-02-09 15:30:00,2,61,0.0,0.0,0.0,0.2024,15.2145,6.0,10,20.60353856966897,,0.0,0.0,0.0,0.0,47.33347263290987,optimal
2021-02-09 16:00:00,2,61,0.0,0.0,0.0,0.14873333333333333,14.553,6.0,10,20.602365840718644,,0.0,0.0,0.0,0.0,47.16725716234781,optimal
2021-02-09 16:30:00,2,61,0.0,0.0,0.0,0.14533333333333334,14.3325,6.0,10,20.5671295371705,,0.0,0.0,0.0,0.0,47.00120790725631,optimal
2021-02-09 17:00:00,2,61,0.0,0.0,0.0,0.2058,14.595,6.0,10,20.53154282620527,,0.0,0.0,0.0,0.0,46.8353247014199,optimal
2021-02-09 17:30:00,2,61,0.0,0.0,0.0,0.056,14.994,6.0,10,20.463957359576643,,0.0,0.0,0.0,0.0,46.66960737878933,optimal
2021-02-09 18:00:00,2,61,0.0,0.0,0.0,0.1416,14.3325,6.0,10,20.39269962210417,,0.0,0.0,0.0,0.0,46.50405577348139,optimal
2021-02-09 18:30:00,2,61,0.0,0.0,0.0,0.12733333333333333,13.8915,6.0,10,20.313360183715147,,0.0,0.0,0.0,0.0,46.33866971977876,optimal
2021-02-09 19:00:00,2,61,0.0,0.0,0.0,0.07426666666666666,13.8915,6.0,10,20.23422335098568,,0.0,0.0,0.0,0.0,46.173449052129826,optimal
2021-02-09 19:30:00,2,61,0.0,0.0,0.0,0.27686666666666665,13.4715,6.0,10,20.15437213493065,,0.0,0.0,0.0,0.0,46.00839360514855,optimal
2021-02-09 20:00:00,2,61,0.0,0.0,0.0,0.056,13.23,6.0,10,20.079637757529017,,0.0,0.0,0.0,0.0,45.84350321361425,optimal
2021-02-09 20:30:00,2,61,0.0,0.0,0.0,0.26703333333333334,13.8915,6.0,10,20.0,,0.0,0.0,0.0,0.0,45.79765971040064,optimal
2021-02-09 21:00:00,2,61,0.0,0.0,0.0,0.103,26.9325,6.0,10,19.931317476329102,,0.0,0.0,0.0,0.0,45.751862050690235,optimal
2021-02-09 21:30:00,2,61,0.0,0.0,0.0,0.11873333333333332,30.303,6.0,10,19.860646067725785,,0.0,0.0,0.0,0.0,45.70611018863954,optimal
2021-02-09 22:00:00,2,61,0.0,0.0,0.0,0.2921666666666667,32.886,6.0,10,19.792138016779877,,0.0,0.0,0.0,0.0,45.6604040784509,optimal
2021-02-09 22:30:00,2,61,0.0,0.0,0.0,0.19096666666666667,34.9965,6.0,10,19.727807844914445,,0.0,0.0,0.0,0.0,45.61474367437245,optimal
2021-02-09 23:00:00,2,61,0.0,0.0,0.0,0.056,33.327,6.0,10,19.652513759430683,,0.0,0.0,0.0,0.0,45.56912893069808,optimal
2021-02-09 23:30:00,2,61,0.0,0.0,0.0,0.196,31.122,6.0,10,19.574555443413125,,0.0,0.0,0.0,0.0,45.52355980176738,optimal
2021-02-10 00:00:00,2,61,2.0,0.0,1.9350604956881805,0.06,10.8675,6.0,-8,19.574555443413125,,7000.0,0.0,0.0,0.0,46.3971899774175,optimal
2021-02-10 00:30:00,2,61,2.0,0.0,5.0,0.06,10.542,6.0,-8,19.6612923493032,,7000.0,0.0,0.0,0.0,48.72579278744007,optimal
2021-02-10 01:00:00,2,61,2.0,0.0,0.0,0.06,11.025,6.0,-8,19.747250383096006,,7000.0,0.0,0.0,0.0,48.67706699465263,optimal
2021-02-10 01:30:00,2,61,2.0,0.0,0.0,0.06,11.025,6.0,-8,19.832432793435633,,7000.0,0.0,0.0,0.0,48.62838992765797,optimal
2021-02-10 02:00:00,2,61,2.0,0.0,0.0,0.06,14.553,6.0,-8,19.91684281541619,,7000.0,0.0,0.0,0.0,48.579761537730306,optimal
2021-02-10 02:30:00,2,61,2.0,0.0,0.0,0.06,13.0935,6.0,-8,20.00048367063835,,7000.0,0.0,0.0,0.0,48.53118177619257,optimal
2021-02-10 03:00:00,2,61,2.0,0.0,0.0,0.06,15.6345,6.0,-8,20.083775663229346,,7000.0,0.0,0.0,0.0,48.48265059441637,optimal
2021-02-10 03:30:00,2,61,0.0,0.0,0.0,0.06,18.102,6.0,-8,20.166720248281134,,0.0,0.0,0.0,0.0,48.434167943821954,optimal
2021-02-10 04:00:00,2,61,0.0,0.0,0.0,0.06,17.199,6.0,-8,20.08403517698991,,0.0,0.0,0.0,0.0,48.38573377587813,optimal
2021-02-10 04:30:00,2,61,0.0,0.0,0.0,0.06233333333333334,18.2805,6.0,-8,20.00169498179365,,0.0,0.0,0.0,0.0,48.33734804210225,optimal
2021-02-10 05:00:00,2,61,0.0,0.0,0.0,0.07,17.4615,6.0,-8,19.919281128264355,,0.0,0.0,0.0,0.0,48.289010694060146,optimal
2021-02-10 05:30:00,2,61,0.0,0.0,0.0,0.07,18.3225,6.0,-8,19.83679392362795,,0.0,0.0,0.0,0.0,48.240721683366075,optimal
2021-02-10 06:00:00,2,61,2.0,0.0,0.0,0.07,17.094,6.0,-8,19.75423367382895,,7000.0,0.0,0.0,0.0,48.192480961682705,optimal
2021-02-10 06:30:00,2,61,2.0,0.0,0.0,0.06766666666666667,17.094,6.0,-8,19.8368843813624,,7000.0,0.0,0.0,0.0,48.144288480721016,optimal
2021-02-10 07:00:00,2,61,2.0,0.0,0.0,0.06233333333333334,17.094,6.0,-8,19.920024548058194,,7000.0,0.0,0.0,0.0,48.096144192240295,optimal
2021-02-10 07:30:00,2,61,0.9506241374645884,0.0,0.0,0.07,17.3565,6.0,-8,20.00365213240193,,3327.1844811260594,0.0,0.0,0.0,48.048048048048045,optimal
2021-02-10 08:00:00,2,61,1.9848350709664868,0.0,0.0,0.07613333333333334,17.115,6.0,-8,20.0,,6946.922748382704,0.0,0.0,0.0,48.0,optimal
2021-02-10 08:30:00,2,61,0.0,0.0,0.0,0.07,17.241,6.0,-8,20.08318990647406,,0.0,0.0,0.0,0.0,47.644270597223304,optimal
2021-02-10 09:00:00,2,61,0.7421138183462432,0.0,0.0,0.07,17.094,6.0,-8,20.0,,2597.398364211851,0.0,0.0,0.0,47.288896923849386,optimal
2021-02-10 09:30:00,2,61,1.3829683440009648,0.0,0.0,0.06766666666666667,16.5165,6.0,-8,20.0,,4840.389204003377,0.0,0.0,0.0,46.93387862414884,optimal
2021-02-10 10:00:00,2,61,0.0,0.0,0.0,0.06233333333333334,17.8185,6.0,-8,20.053795594812037,,0.0,0.0,0.0,0.0,46.57921534274799,optimal
2021-02-10 10:30:00,2,61,0.0,0.0,0.0,0.07,17.094,6.0,-8,20.02742430388953,,0.0,0.0,0.0,0.0,46.22490672462855,optimal
2021-02-10 11:00:00,2,61,0.0,0.0,0.0,0.06266666666666666,16.8945,6.0,-8,20.001788650502643,,0.0,0.0,0.0,0.0,45.87095241512723,optimal
2021-02-10 11:30:00,2,61,0.0,0.0,0.0,0.06366666666666666,18.123,6.0,-8,20.000060391490244,,0.0,0.0,0.0,0.0,45.517352059935405,optimal
2021-02-10 12:00:00,2,61,0.0,0.0,0.0,0.071,31.647,6.0,-8,20.0,,0.0,0.0,0.0,0.0,45.16410530509877,optimal
2021-02-10 12:30:00,2,61,0.0,0.0,0.0,0.08763333333333334,34.9965,6.0,-8,20.03279308729718,,0.0,0.0,0.0,0.0,44.81121179701698,optimal
2021-02-10 13:00:00,2,61,0.0,0.0,0.0,1.5369000000000002,34.9965,6.0,-8,20.065467813277184,,0.0,0.0,0.0,0.0,44.45867118244327,optimal
2021-02-10 13:30:00,2,61,0.0,0.0,0.0,0.1472,34.9965,6.0,-8,20.099886777408205,,0.0,0.0,0.0,0.0,44.106483108484134,optimal
2021-02-10 14:00:00,2,61,0.0,0.0,0.0,0.152,34.9965,6.0,-8,20.129453387783617,,0.0,0.0,0.0,0.0,43.754647222598955,optimal
2021-02-10 14:30:00,2,61,0.0,0.0,0.0,0.15969999999999998,34.9965,6.0,-8,20.158429745255862,,0.0,0.0,0.0,0.0,43.40316317259966,optimal
2021-02-10 15:00:00,2,61,0.0,0.0,0.0,0.2233,27.741,6.0,-8,20.18518362193953,,0.0,0.0,0.0,0.0,43.05203060665037,optimal
2021-02-10 15:30:00,2,61,0.0,0.0,0.0,0.16066666666666665,19.026,6.0,-8,20.190794238862328,,0.0,0.0,0.0,0.0,42.70124917326702,optimal
2021-02-10 16:00:00,2,61,0.0,0.0,0.0,0.07,18.7215,6.0,-8,20.194862830278886,,0.0,0.0,0.0,0.0,42.35081852131706,optimal
2021-02-10 16:30:00,2,61,0.0,0.0,0.0,0.07,17.4195,6.0,-8,20.160718703368424,,0.0,0.0,0.0,0.0,42.00073830001905,optimal
2021-02-10 17:00:00,2,61,0.0,0.0,0.0,0.07,16.758,6.0,-8,20.125882798305692,,0.0,0.0,0.0,0.0,41.65100815894234,optimal
2021-02-10 17:30:00,2,61,0.15017330205712484,0.0,0.0,0.06766666666666667,14.217,6.0,-8,20.056487102168408,,525.6065571999369,0.0,0.0,0.0,41.3016277480067,optimal
2021-02-10 18:00:00,2,61,0.9706853079895943,0.0,0.0,0.06,13.3665,6.0,-8,20.0,,3397.39857796358,0.0,0.0,0.0,40.952596717482,optimal
2021-02-10 18:30:00,2,61,0.9908734315234781,0.0,0.0,0.06,12.789,6.0,-8,20.0,,3468.0570103321734,0.0,0.0,0.0,40.60391471798783,optimal
2021-02-10 19:00:00,2,61,0.9004615550573161,0.0,0.0,0.1918,11.907,6.0,-8,20.0,,3151.6154427006063,0.0,0.0,0.0,40.563310803269836,optimal
2021-02-10 19:30:00,2,61,0.9129457989326482,0.0,0.0,0.1876,11.7075,6.0,-8,20.0,,3195.3102962642683,0.0,0.0,0.0,40.522747492466564,optimal
2021-02-10 20:00:00,2,61,0.9216014713794132,0.0,0.0,0.22776666666666667,10.8045,6.0,-8,20.0,,3225.605149827946,0.0,0.0,0.0,40.4822247449741,optimal
2021-02-10 20:30:00,2,61,0.0,0.0,0.0,0.2442,11.508,6.0,-8,20.0,,0.0,0.0,0.0,0.0,40.44174252022912,optimal
2021-02-10 21:00:00,2,61,0.0,0.0,0.0,1.885,11.508,6.0,-8,19.924282024014186,,0.0,0.0,0.0,0.0,40.40130077770889,optimal
2021-02-10 21:30:00,2,61,0.0,0.0,0.0,0.288,11.508,6.0,-8,19.859242704568107,,0.0,0.0,0.0,0.0,40.36089947693118,optimal
2021-02-10 22:00:00,2,61,0.0,0.0,0.0,0.2962333333333333,11.844,6.0,-8,19.777990599930344,,0.0,0.0,0.0,0.0,40.32053857745425,optimal
2021-02-10 22:30:00,2,61,0.0,0.0,0.0,0.22619999999999998,11.508,6.0,-8,19.69259056824007,,0.0,0.0,0.0,0.0,40.2802180388768,optimal
2021-02-10 23:00:00,2,61,0.0,0.0,0.0,0.2003,11.508,6.0,-8,19.600224475512626,,0.0,0.0,0.0,0.0,40.239937820837916,optimal
2021-02-10 23:30:00,2,61,0.0,0.0,0.0,0.06766666666666667,10.4475,6.0,-8,19.504250820233835,,0.0,0.0,0.0,0.0,40.19969788301708,optimal
2021-02-11 00:00:00,2,61,1.5757605880391632,0.0,0.0,0.07,19.1625,6.0,-14,19.504250820233835,,5515.162058137071,0.0,0.0,0.0,40.15949818513406,optimal
2021-02-11 00:30:00,2,61,0.0,0.0,0.0,0.2114,26.46,6.0,-14,19.53916732388382,,0.0,0.0,0.0,0.0,40.11933868694893,optimal
2021-02-11 01:00:00,2,61,0.0,0.0,0.0,0.06133333333333334,20.79,6.0,-14,19.447611922166946,,0.0,0.0,0.0,0.0,40.07921934826198,optimal
2021-02-11 01:30:00,2,61,0.0,0.0,0.0,0.0687,29.106,6.0,-14,19.354280212873757,,0.0,0.0,0.0,0.0,40.039140128913715,optimal
2021-02-11 02:00:00,2,61,2.0,0.0,0.0,0.3100333333333334,19.1835,6.0,-14,19.260590861471787,,7000.0,0.0,0.0,0.0,39.999100988784804,optimal
2021-02-11 02:30:00,2,61,0.0,0.0,0.0,0.072,19.6665,6.0,-14,19.33825859334391,,0.0,0.0,0.0,0.0,39.95910188779602,optimal
2021-02-11 03:00:00,2,61,2.0,0.0,0.0,0.24403333333333332,19.404,6.0,-14,19.244060771395812,,7000.0,0.0,0.0,0.0,39.91914278590822,optimal
2021-02-11 03:30:00,2,61,2.0,0.0,0.0,0.1357,19.047,6.0,-14,19.319381256571205,,7000.0,0.0,0.0,0.0,39.879223643122316,optimal
2021-02-11 04:00:00,2,61,2.0,0.0,0.0,0.094,18.858,6.0,-14,19.392911714223615,,7000.0,0.0,0.0,0.0,39.8393444194792,optimal
2021-02-11 04:30:00,2,61,2.0,0.0,0.0,0.2840666666666667,19.2675,6.0,-14,19.466193600614464,,7000.0,0.0,0.0,0.0,39.79950507505972,optimal
2021-02-11 05:00:00,2,61,2.0,0.0,0.0,0.062,18.963,6.0,-14,19.54365767714363,,7000.0,0.0,0.0,0.0,39.75970556998466,optimal
2021-02-11 05:30:00,2,61,2.0,0.0,0.0,0.26916666666666667,18.438,6.0,-14,19.615555225589013,,7000.0,0.0,0.0,0.0,39.719945864414676,optimal
2021-02-11 06:00:00,2,61,2.0,0.0,0.0,0.1169,18.7425,6.0,-14,19.693087242561578,,7000.0,0.0,0.0,0.0,39.68022591855026,optimal
2021-02-11 06:30:00,2,61,2.0,0.0,5.0,0.17166666666666666,15.2145,6.0,-14,19.767554406915078,,7000.0,0.0,0.0,0.0,42.01554569263171,optimal
2021-02-11 07:00:00,2,61,2.0,0.0,0.0,0.20803333333333332,17.7765,6.0,-14,19.844038989157998,,7000.0,0.0,0.0,0.0,41.973530146939076,optimal
2021-02-11 07:30:00,2,61,2.0,0.0,3.064415477978143,0.14803333333333332,16.758,6.0,-14,19.922302751675236,,7000.0,0.0,0.0,0.0,43.38715396883175,optimal
2021-02-11 08:00:00,2,61,2.0,0.0,5.0,0.4765,16.422,6.0,-14,20.0,,7000.0,0.0,0.0,0.0,45.71876681486292,optimal
2021-02-11 08:30:00,2,61,1.3211774771423062,0.0,5.0,0.4557333333333333,16.758,6.0,-14,20.092609146283554,,4624.121169998071,0.0,0.0,0.0,48.048048048048045,optimal
2021-02-11 09:00:00,2,61,0.0,0.0,0.0,0.13466666666666666,29.358,6.0,-14,20.137203344074415,,0.0,0.0,0.0,0.0,48.0,optimal
2021-02-11 09:30:00,2,61,0.0,0.0,0.0,0.2457333333333333,34.9965,6.0,-14,20.088171197508053,,0.0,0.0,0.0,0.0,47.82229510129992,optimal
2021-02-11 10:00:00,2,61,0.0,0.0,0.0,0.069,34.65,6.0,-14,20.029942840015927,,0.0,0.0,0.0,0.0,47.64476790749855,optimal
2021-02-11 10:30:00,2,61,0.0,0.0,0.0,0.2624666666666666,34.9965,6.0,-14,20.013822383873375,,0.0,0.0,0.0,0.0,47.46741824089097,optimal
2021-02-11 11:00:00,2,61,0.0,0.0,0.0,0.1156,34.9965,6.0,-14,20.0,,0.0,0.0,0.0,0.0,47.29024592395,optimal
2021-02-11 11:30:00,2,61,0.0,0.0,0.0,0.07403333333333333,30.4815,6.0,-14,20.011283495684328,,0.0,0.0,0.0,0.0,47.11325077932597,optimal
2021-02-11 12:00:00,2,61,0.0,0.0,0.0,0.3040333333333334,21.4305,6.0,-14,20.024666677752577,,0.0,0.0,0.0,0.0,46.93643262984657,optimal
2021-02-11 12:30:00,2,61,0.5374285714285715,0.0,0.0,0.06266666666666666,14.3325,6.0,-14,20.07044090560456,,0.0,0.0,1881.0000000000002,0.0,46.759791298516646,optimal
2021-02-11 13:00:00,2,61,0.0,0.0,0.0,0.24116666666666664,13.692,6.0,-14,20.114161698725564,,0.0,0.0,0.0,0.0,46.58332660851805,optimal
2021-02-11 13:30:00,2,61,0.0,0.0,0.0,0.2037333333333333,14.007,6.0,-14,20.15219526554497,,0.0,0.0,0.0,0.0,46.40703838320945,optimal
2021-02-11 14:00:00,2,61,0.0,0.0,0.0,0.1736,12.873,6.0,-14,20.19059511979225,,0.0,0.0,0.0,0.0,46.23092644612617,optimal
2021-02-11 14:30:00,2,61,0.0,0.0,0.0,0.2670666666666667,12.684,6.0,-14,20.22792172731359,,0.0,0.0,0.0,0.0,46.054990620979964,optimal
2021-02-11 15:00:00,2,61,0.0,0.0,0.0,0.24026666666666668,12.306,6.0,-14,20.267091175799212,,0.0,0.0,0.0,0.0,45.87923073165891,optimal
2021-02-11 15:30:00,2,61,2.0,0.0,0.0,0.46236666666666665,10.6365,6.0,-14,20.281528721655235,,6164.0,0.0,836.0,0.0,45.703646602227174,optimal
2021-02-11 16:00:00,2,61,0.0,0.0,0.0,0.20896666666666666,11.2455,6.0,-14,20.442810758698727,,0.0,0.0,0.0,0.0,45.52823805692487,optimal
2021-02-11 16:30:00,2,61,0.0,0.0,0.0,0.17866666666666667,11.2455,6.0,-14,20.41692518141503,,0.0,0.0,0.0,0.0,45.35300492016787,optimal
2021-02-11 17:00:00,2,61,0.0,0.0,0.0,0.2496,11.025,6.0,-14,20.38316795494802,,0.0,0.0,0.0,0.0,45.17794701654763,optimal
2021-02-11 17:30:00,2,61,0.0,0.0,0.0,0.19173333333333328,12.0855,6.0,-14,20.31077692633324,,0.0,0.0,0.0,0.0,45.003064170831,optimal
2021-02-11 18:00:00,2,61,0.0,0.0,0.0,0.16013333333333332,11.6865,6.0,-14,20.23880532922723,,0.0,0.0,0.0,0.0,44.8283562079601,optimal
2021-02-11 18:30:00,2,61,0.0,0.0,0.0,0.9705333333333331,11.2245,6.0,-14,20.152211571047683,,0.0,0.0,0.0,0.0,44.653822953052064,optimal
2021-02-11 19:00:00,2,61,0.339878644369591,0.0,0.0,0.21886666666666668,11.025,6.0,-14,20.072274825028266,,1189.5752552935685,0.0,0.0,0.0,44.479464231398936,optimal
2021-02-11 19:30:00,2,61,2.0,0.0,0.0,0.1792,10.7835,6.0,-14,20.0,,7000.0,0.0,0.0,0.0,44.30527986846746,optimal
2021-02-11 20:00:00,2,61,0.33240482329272236,0.0,0.0,1.2546,11.025,6.0,-14,20.060948753268622,,1163.4168815245282,0.0,0.0,0.0,44.26097458859899,optimal
2021-02-11 20:30:00,2,61,0.0,0.0,0.0,0.255,10.584,6.0,-14,20.0,,0.0,0.0,0.0,0.0,44.216713614010395,optimal
2021-02-11 21:00:00,2,61,0.0,0.0,0.0,0.161,11.025,6.0,-14,19.900619184234245,,0.0,0.0,0.0,0.0,44.17249690039638,optimal
2021-02-11 21:30:00,2,61,0.0,0.0,0.0,0.4004,10.4265,6.0,-14,19.801235688662093,,0.0,0.0,0.0,0.0,44.12832440349599,optimal
2021-02-11 22:00:00,2,61,0.0,0.0,0.0,0.5164,12.789,6.0,-14,19.72346772355397,,0.0,0.0,0.0,0.0,44.08419607909249,optimal
2021-02-11 22:30:00,2,61,0.0,0.0,0.0,1.3398333333333332,12.684,6.0,-14,19.650443326618774,,0.0,0.0,0.0,0.0,44.0401118830134,optimal
2021-02-11 23:00:00,2,61,0.0,0.0,0.0,0.26373333333333326,16.254,6.0,-14,19.59156277103703,,0.0,0.0,0.0,0.0,43.99607177113039,optimal
2021-02-11 23:30:00,2,61,0.0,0.0,0.0,0.5377666666666666,17.64,6.0,-14,19.494516951208197,,0.0,0.0,0.0,0.0,43.952075699359256,optimal
2021-02-12 00:00:00,2,61,2.0,0.0,0.0,0.037,11.487,6.0,21,19.494516951208197,,7000.0,0.0,0.0,0.0,43.9081236236599,optimal
2021-02-12 00:30:00,2,61,2.0,0.0,0.0,0.037,11.802,6.0,21,19.548622654467923,,7000.0,0.0,0.0,0.0,43.86421550003624,optimal
2021-02-12 01:00:00,2,61,2.0,0.0,0.0,0.037,11.2245,6.0,21,19.602502685023204,,7000.0,0.0,0.0,0.0,43.8203512845362,optimal
2021-02-12 01:30:00,2,61,2.0,0.0,0.0,0.1468,11.025,6.0,21,19.656157984145782,,7000.0,0.0,0.0,0.0,43.776530933251664,optimal
2021-02-12 02:00:00,2,61,2.0,0.0,0.0,0.061399999999999996,11.907,6.0,21,19.71259917800532,,7000.0,0.0,0.0,0.0,43.73275440231841,optimal
2021-02-12 02:30:00,2,61,2.0,0.0,0.0,0.037,25.83,6.0,21,19.76720559277363,,7000.0,0.0,0.0,0.0,43.68902164791609,optimal
2021-02-12 03:00:00,2,61,0.0,0.0,0.0,0.1712,28.035,6.0,21,19.822259402534495,,0.0,0.0,0.0,0.0,43.64533262626818,optimal
2021-02-12 03:30:00,2,61,1.7840081051674281,0.0,0.0,0.037,28.119,6.0,21,19.716219899748438,,6244.028368085998,0.0,0.0,0.0,43.60168729364191,optimal
2021-02-12 04:00:00,2,61,0.0,0.0,0.0,0.037,30.156,6.0,21,19.757807358875056,,0.0,0.0,0.0,0.0,43.558085606348264,optimal
2021-02-12 04:30:00,2,61,0.0,0.0,0.0,0.037,29.1585,6.0,21,19.654707301846994,,0.0,0.0,0.0,0.0,43.514527520741915,optimal
2021-02-12 05:00:00,2,61,2.0,0.0,0.0,0.09190000000000001,26.712,6.0,21,19.554956942741523,,7000.0,0.0,0.0,0.0,43.47101299322117,optimal
2021-02-12 05:30:00,2,61,2.0,0.0,0.0,0.1163,15.435,6.0,21,19.625122304360534,,7000.0,0.0,0.0,0.0,43.42754198022795,optimal
2021-02-12 06:00:00,2,61,2.0,0.0,0.0,0.0633,13.566,6.0,21,19.698907908544857,,7000.0,0.0,0.0,0.0,43.38411443824772,optimal
2021-02-12 06:30:00,2,61,2.0,0.0,0.0,0.15856666666666666,12.789,6.0,21,19.774282194295395,,7000.0,0.0,0.0,0.0,43.340730323809474,optimal
2021-02-12 07:00:00,2,61,2.0,0.0,0.0,0.037,12.1275,6.0,21,19.85206371989295,,7000.0,0.0,0.0,0.0,43.29738959348566,optimal
2021-02-12 07:30:00,2,61,2.0,0.0,0.0,0.1102,13.671,6.0,21,19.92720129205357,,7000.0,0.0,0.0,0.0,43.25409220389218,optimal
2021-02-12 08:00:00,2,61,2.0,0.0,0.0,0.103,10.668,6.0,21,20.0,,7000.0,0.0,0.0,0.0,43.21083811168828,optimal
2021-02-12 08:30:00,2,61,0.34329588174318887,0.0,0.0,0.06363333333333333,11.7285,6.0,21,20.069522745241763,,1201.535586101161,0.0,0.0,0.0,43.16762727357659,optimal
2021-02-12 09:00:00,2,61,0.8569387200073241,0.0,0.0,0.1529,11.025,6.0,21,20.0,,2999.285520025634,0.0,0.0,0.0,43.124459646303016,optimal
2021-02-12 09:30:00,2,61,0.7790183262854251,0.0,0.0,0.037,10.689,6.0,21,20.0,,2726.564141998988,0.0,0.0,0.0,43.081335186656716,optimal
2021-02-12 10:00:00,2,61,2.0,0.0,5.0,0.1712,8.1585,6.0,21,20.0,,6373.0,0.0,627.0,0.0,45.41325385147006,optimal
2021-02-12 10:30:00,2,61,0.0,0.0,0.0,0.037333333333333336,10.3635,6.0,21,20.134810970582315,,0.0,0.0,0.0,0.0,45.36784059761859,optimal
2021-02-12 11:00:00,2,61,0.0,0.0,0.0,0.047,10.8045,6.0,21,20.117080308402958,,0.0,0.0,0.0,0.0,45.32247275702097,optimal
2021-02-12 11:30:00,2,61,0.0,0.0,0.0,0.04953333333333333,11.025,6.0,21,20.131754060311547,,0.0,0.0,0.0,0.0,45.277150284263946,optimal
2021-02-12 12:00:00,2,61,0.0,0.0,1.0200293131552036,0.159,10.3635,6.0,21,20.146863222448417,,0.0,0.0,0.0,0.0,45.716387057728404,optimal
2021-02-12 12:30:00,2,61,0.0,0.0,0.0,0.037,10.8045,6.0,21,20.176119650412797,,0.0,0.0,0.0,0.0,45.670670670670674,optimal
2021-02-12 13:00:00,2,61,0.0,0.0,5.0,0.1802,10.059,6.0,21,20.202581940245324,,0.0,0.0,0.0,0.0,48.0,optimal
2021-02-12 13:30:00,2,61,0.0,0.0,0.0,0.037,10.584,6.0,21,20.233030516695134,,0.0,0.0,0.0,0.0,46.33090654129406,optimal
2021-02-12 14:00:00,2,61,2.0,0.0,0.0,0.09506666666666666,9.4185,6.0,21,20.258333814076423,,7000.0,0.0,0.0,0.0,44.663482176046834,optimal
2021-02-12 14:30:00,2,61,0.0,0.0,0.0,0.1589,10.3635,6.0,21,20.444326805279886,,0.0,0.0,0.0,0.0,42.99772523516485,optimal
2021-02-12 15:00:00,2,61,1.6671187551020197,0.0,0.0,0.06666666666666667,9.8385,6.0,21,20.466548376621617,,5834.915642857069,0.0,0.0,0.0,41.33363405122375,optimal
2021-02-12 15:30:00,2,61,0.0,0.0,0.0,0.1019,11.067,6.0,21,20.611375826487212,,0.0,0.0,0.0,0.0,39.67120695846659,optimal
2021-02-12 16:00:00,2,61,0.0,0.0,0.0,0.11796666666666668,10.8465,6.0,21,20.611702136063947,,0.0,0.0,0.0,0.0,38.01044229280219,optimal
2021-02-12 16:30:00,2,61,0.0,0.0,0.0,0.037,13.671,6.0,21,20.577037066801914,,0.0,0.0,0.0,0.0,36.35133839180345,optimal
2021-02-12 17:00:00,2,61,0.0,0.0,0.0,0.15423333333333333,12.348,6.0,21,20.5393928680766,,0.0,0.0,0.0,0.0,34.69389359470571,optimal
2021-02-12 17:30:00,2,61,0.0,0.0,0.0,0.0653,14.3325,6.0,21,20.471302800247337,,0.0,0.0,0.0,0.0,33.03810624240507,optimal
2021-02-12 18:00:00,2,61,0.0,0.0,0.0,0.07659999999999999,15.393,6.0,21,20.400775110392125,,0.0,0.0,0.0,0.0,31.383974677456727,optimal
2021-02-12 18:30:00,2,61,0.0,0.0,0.0,0.1346,13.587,6.0,21,20.316295160667313,,0.0,0.0,0.0,0.0,29.731497244073335,optimal
2021-02-12 19:00:00,2,61,0.0,0.0,0.0,0.0582,16.1385,6.0,21,20.233399354787878,,0.0,0.0,0.0,0.0,29.701765746829263,optimal
2021-02-12 19:30:00,2,61,0.0,0.0,0.0,0.1834333333333333,14.595,6.0,21,20.151548242194593,,0.0,0.0,0.0,0.0,29.672063981082434,optimal
2021-02-12 20:00:00,2,61,0.0,0.0,0.0,0.08120000000000001,14.637,6.0,21,20.076549179459096,,0.0,0.0,0.0,0.0,29.642391917101353,optimal
2021-02-12 20:30:00,2,61,0.0,0.0,0.0,0.5081333333333333,13.9125,6.0,21,20.0,,0.0,0.0,0.0,0.0,29.612749525184253,optimal
2021-02-12 21:00:00,2,61,0.0,0.0,0.0,0.2702,13.3665,6.0,21,19.935617869862416,,0.0,0.0,0.0,0.0,29.583136775659067,optimal
2021-02-12 21:30:00,2,61,0.0,0.0,0.0,0.3751333333333333,13.0095,6.0,21,19.864961474663207,,0.0,0.0,0.0,0.0,29.553553638883407,optimal
2021-02-12 22:00:00,2,61,0.0,0.0,0.0,0.5506,13.8915,6.0,21,19.795963744172692,,0.0,0.0,0.0,0.0,29.524000085244523,optimal
2021-02-12 22:30:00,2,61,0.0,0.0,0.0,0.139,13.188,6.0,21,19.730940389654393,,0.0,0.0,0.0,0.0,29.494476085159278,optimal
2021-02-12 23:00:00,2,61,0.0,0.0,0.0,0.1782,12.5685,6.0,21,19.65399030802367,,0.0,0.0,0.0,0.0,29.46498160907412,optimal
2021-02-12 23:30:00,2,61,0.0,0.0,0.0,0.13433333333333333,12.285,6.0,21,19.574827619109403,,0.0,0.0,0.0,0.0,29.435516627465045,optimal
2021-02-13 00:00:00,2,61,2.0,0.0,0.0,0.054,11.571,6.0,20,19.574827619109403,,7000.0,0.0,0.0,0.0,29.40608111083758,optimal
2021-02-13 00:30:00,2,61,2.0,0.0,0.0,0.054,11.025,6.0,20,19.6585044074742,,6024.666666666667,0.0,975.3333333333334,0.0,29.37667502972674,optimal
2021-02-13 01:00:00,2,61,2.0,0.0,0.0,0.054,10.8465,6.0,20,19.719011202750167,,7000.0,0.0,0.0,0.0,29.347298354697013,optimal
2021-02-13 01:30:00,2,61,2.0,0.0,0.0,0.12240000000000001,11.2455,6.0,20,19.802503703170963,,7000.0,0.0,0.0,0.0,29.317951056342316,optimal
2021-02-13 02:00:00,2,61,0.33990013099877625,0.0,0.0,0.20213333333333333,23.8665,6.0,20,19.887471565571687,,1189.650458495717,0.0,0.0,0.0,29.288633105285975,optimal
2021-02-13 02:30:00,2,61,0.0,0.0,0.0,0.1034,27.4575,6.0,20,19.836982515899496,,0.0,0.0,0.0,0.0,29.25934447218069,optimal
2021-02-13 03:00:00,2,61,0.0,0.0,0.0,0.10666666666666669,27.3735,6.0,20,19.756282791539412,,0.0,0.0,0.0,0.0,29.23008512770851,optimal
2021-02-13 03:30:00,2,61,0.0,0.0,0.0,0.19506666666666664,30.4605,6.0,20,19.6759967948647,,0.0,0.0,0.0,0.0,29.200855042580802,optimal
2021-02-13 04:00:00,2,61,0.0,0.0,0.0,0.0958,30.0195,6.0,20,19.597924416843675,,0.0,0.0,0.0,0.0,29.17165418753822,optimal
2021-02-13 04:30:00,2,61,0.0,0.0,0.0,0.23633333333333328,26.9325,6.0,20,19.517625247330077,,0.0,0.0,0.0,0.0,29.14248253335068,optimal
2021-02-13 05:00:00,2,61,2.0,0.0,0.0,0.0882,14.595,6.0,20,19.440562173447866,,7000.0,0.0,0.0,0.0,29.113340050817328,optimal
2021-02-13 05:30:00,2,61,2.0,0.0,0.0,0.058,12.4845,6.0,20,19.52518941052714,,7000.0,0.0,0.0,0.0,29.08422671076651,optimal
2021-02-13 06:00:00,2,61,2.0,0.0,0.0,1.2370999999999999,12.1275,6.0,20,19.61002568399592,,7000.0,0.0,0.0,0.0,29.055142484055747,optimal
2021-02-13 06:30:00,2,61,2.0,0.0,0.0,0.316,12.1275,6.0,20,19.702625397212568,,7000.0,0.0,0.0,0.0,29.026087341571692,optimal
2021-02-13 07:00:00,2,61,2.0,0.0,0.0,1.8015,12.789,6.0,20,19.79683073103831,,7000.0,0.0,0.0,0.0,28.997061254230122,optimal
2021-02-13 07:30:00,2,61,2.0,0.0,0.0,0.9036666666666666,11.907,6.0,20,19.903729774770774,,7000.0,0.0,0.0,0.0,28.96806419297589,optimal
2021-02-13 08:00:00,2,61,0.8048754825946045,0.0,0.0,0.7549666666666667,11.025,6.0,20,20.0,,2608.0641890811157,0.0,209.0,0.0,28.939096128782914,optimal
2021-02-13 08:30:00,2,61,1.6264594554636316,0.0,0.0,1.3704,8.2005,6.0,20,20.0,,4647.608094122711,0.0,1045.0,0.0,28.91015703265413,optimal
2021-02-13 09:00:00,2,61,0.0,0.0,0.0,1.1864666666666668,9.5655,6.0,20,20.044905444819044,,0.0,0.0,0.0,0.0,28.881246875621475,optimal
2021-02-13 09:30:00,2,61,2.0,0.0,0.0,0.28326666666666667,7.056,6.0,20,20.0,,4422.333333333334,0.0,2577.6666666666665,0.0,28.852365628745854,optimal
2021-02-13 10:00:00,2,61,0.0,0.0,0.0,0.2902,9.3975,6.0,20,20.0528793948323,,0.0,0.0,0.0,0.0,28.823513263117107,optimal
2021-02-13 10:30:00,2,61,0.0,0.0,0.0,0.2986666666666667,10.059,6.0,20,20.033425967649098,,0.0,0.0,0.0,0.0,28.79468974985399,optimal
2021-02-13 11:00:00,2,61,0.0,0.0,0.0,0.106,9.261,6.0,20,20.011998628312355,,0.0,0.0,0.0,0.0,28.765895060104135,optimal
2021-02-13 11:30:00,2,61,0.0,0.0,0.0,0.25453333333333333,8.1585,6.0,20,20.022519734723023,,0.0,0.0,0.0,0.0,28.73712916504403,optimal
2021-02-13 12:00:00,2,61,0.0,0.0,0.0,0.11586666666666666,9.4815,6.0,20,20.037704370847173,,0.0,0.0,0.0,0.0,28.708392035878987,optimal
2021-02-13 12:30:00,2,61,0.0,0.0,0.0,1.0701666666666667,8.379,6.0,20,20.06544760305134,,0.0,0.0,0.0,0.0,28.67968364384311,optimal
2021-02-13 13:00:00,2,61,0.0,0.0,0.0,0.17973333333333333,9.5235,6.0,20,20.094878473303133,,0.0,0.0,0.0,0.0,28.651003960199265,optimal
2021-02-13 13:30:00,2,61,0.0,0.0,0.0,0.1044,8.1375,6.0,20,20.131360307875795,,0.0,0.0,0.0,0.0,28.622352956239066,optimal
2021-02-13 14:00:00,2,61,0.0,0.0,0.0,0.1997333333333333,10.0905,6.0,20,20.165336604551023,,0.0,0.0,0.0,0.0,28.593730603282825,optimal
2021-02-13 14:30:00,2,61,2.0,0.0,0.0,0.1524,7.539,6.0,20,20.172959892480506,,7000.0,0.0,0.0,0.0,28.565136872679542,optimal
2021-02-13 15:00:00,2,61,2.0,0.0,0.0,0.1248,7.938,6.0,20,20.34513454515069,,7000.0,0.0,0.0,0.0,28.536571735806863,optimal
2021-02-13 15:30:00,2,61,0.37561950283120144,0.0,0.0,0.2179333333333333,8.274,6.0,20,20.492112037781066,,1314.668259909205,0.0,0.0,0.0,28.508035164071057,optimal
2021-02-13 16:00:00,2,61,0.0,0.0,0.0,0.21466666666666662,9.261,6.0,20,20.5068273270645,,0.0,0.0,0.0,0.0,28.479527128906987,optimal
2021-02-13 16:30:00,2,61,0.0,0.0,0.0,0.5950333333333333,9.9225,6.0,20,20.465540165350426,,0.0,0.0,0.0,0.0,28.45104760177808,optimal
2021-02-13 17:00:00,2,61,0.0,0.0,0.0,1.6493,9.702,6.0,20,20.428869768062484,,0.0,0.0,0.0,0.0,28.4225965541763,optimal
2021-02-13 17:30:00,2,61,0.0,0.0,0.0,0.1938,10.584,6.0,20,20.385251429018073,,0.0,0.0,0.0,0.0,28.394173957622126,optimal
2021-02-13 18:00:00,2,61,0.0,0.0,0.0,0.36906666666666665,10.143,6.0,20,20.327600985725237,,0.0,0.0,0.0,0.0,28.365779783664504,optimal
2021-02-13 18:30:00,2,61,0.0,0.0,0.0,0.3006666666666667,13.0095,6.0,20,20.263053287905212,,0.0,0.0,0.0,0.0,28.337414003880838,optimal
2021-02-13 19:00:00,2,61,0.0,0.0,0.0,0.3,11.025,6.0,20,20.196127939870053,,0.0,0.0,0.0,0.0,28.309076589876955,optimal
2021-02-13 19:30:00,2,61,0.0,0.0,0.0,0.29653333333333337,12.789,6.0,20,20.133028274979967,,0.0,0.0,0.0,0.0,28.280767513287078,optimal
2021-02-13 20:00:00,2,61,0.0,0.0,0.0,0.7439,12.1275,6.0,20,20.065554456530364,,0.0,0.0,0.0,0.0,28.25248674577379,optimal
2021-02-13 20:30:00,2,61,0.0,0.0,0.0,1.0036,12.1695,6.0,20,20.0,,0.0,0.0,0.0,0.0,28.224234259028016,optimal
2021-02-13 21:00:00,2,61,0.0,0.0,0.0,0.3467333333333333,12.306,6.0,20,19.94019694244698,,0.0,0.0,0.0,0.0,28.196010024768988,optimal
2021-02-13 21:30:00,2,61,0.0,0.0,0.0,0.3451666666666667,13.23,6.0,20,19.87064916677129,,0.0,0.0,0.0,0.0,28.16781401474422,optimal
2021-02-13 22:00:00,2,61,0.0,0.0,0.0,0.08446666666666666,13.671,6.0,20,19.802071520721064,,0.0,0.0,0.0,0.0,28.139646200729477,optimal
2021-02-13 22:30:00,2,61,0.0,0.0,0.0,0.3029,13.9335,6.0,20,19.731323502992225,,0.0,0.0,0.0,0.0,28.11150655452875,optimal
2021-02-13 23:00:00,2,61,0.0,0.0,0.0,0.1,13.293,6.0,20,19.669887167335325,,0.0,0.0,0.0,0.0,28.08339504797422,optimal
2021-02-13 23:30:00,2,61,0.0,0.0,0.0,0.164,12.1065,6.0,20,19.600645933788655,,0.0,0.0,0.0,0.0,28.055311652926246,optimal
2021-02-07 00:00:00,3,61,0.0,0.0,0.0,0.06,10.3635,6.0,-1,21.0,,0.0,0.0,0.0,0.0,47.952,optimal
2021-02-07 00:30:00,3,61,0.0,0.0,0.0,0.08133333333333333,8.274,6.0,-1,20.92635223140972,,0.0,0.0,0.0,0.0,47.904047999999996,optimal
2021-02-07 01:00:00,3,61,0.0,0.0,0.0,0.124,7.7175,6.0,-1,20.853098270471637,,0.0,0.0,0.0,0.0,47.856143952,optimal
2021-02-07 01:30:00,3,61,0.0,0.0,0.0,0.138,6.615,6.0,-1,20.780740196375678,,0.0,0.0,0.0,0.0,47.80828780804799,optimal
2021-02-07 02:00:00,3,61,0.0,0.0,0.0,0.11120000000000001,6.174,6.0,-1,20.708805944299996,,0.0,0.0,0.0,0.0,47.76047952023995,optimal
2021-02-07 02:30:00,3,61,2.0,0.0,0.0,0.17213333333333333,3.906,6.0,-1,20.636330378661288,,7000.0,0.0,0.0,0.0,47.712719040719705,optimal
2021-02-07 03:00:00,3,61,2.0,0.0,0.0,0.06,2.3415,6.0,-1,20.730462462780764,,7000.0,0.0,0.0,0.0,47.66500632167899,optimal
2021-02-07 03:30:00,3,61,2.0,0.0,0.0,0.14106666666666667,2.205,6.0,-1,20.821137142386934,,7000.0,0.0,0.0,0.0,47.61734131535731,optimal
2021-02-07 04:00:00,3,61,2.0,0.0,2.4338290808381657,0.06426666666666667,0.882,6.0,-1,20.91313921621635,,7000.0,0.0,0.0,0.0,48.72579278744007,optimal
2021-02-07 04:30:00,3,61,2.0,0.0,0.0,0.124,1.5435,6.0,-1,21.00273560684268,,7000.0,0.0,0.0,0.0,48.67706699465263,optimal
2021-02-07 05:00:00,3,61,2.0,0.0,0.0,0.09,1.5435,6.0,-1,21.09336871542818,,7000.0,0.0,0.0,0.0,48.62838992765797,optimal
2021-02-07 05:30:00,3,61,1.5899822916420234,0.0,0.0,0.12933333333333336,5.0715,6.0,-1,21.182820990443666,,5564.938020747082,0.0,0.0,0.0,48.579761537730306,optimal
2021-02-07 06:00:00,3,61,0.0,0.0,0.0,0.06,5.376,6.0,-1,21.238944279093438,,0.0,0.0,0.0,0.0,48.53118177619257,optimal
2021-02-07 06:30:00,3,61,2.0,0.0,0.0,0.16066666666666665,5.0715,6.0,-1,21.161797307777103,,7000.0,0.0,0.0,0.0,48.48265059441637,optimal
2021-02-07 07:00:00,3,61,0.0,0.0,0.0,0.13466666666666666,5.5125,6.0,-1,21.252369105630876,,0.0,0.0,0.0,0.0,48.434167943821954,optimal
2021-02-07 07:30:00,3,61,0.0,0.0,0.0,0.15253333333333333,9.261,6.0,-1,21.17698430918798,,0.0,0.0,0.0,0.0,48.38573377587813,optimal
2021-02-07 08:00:00,3,61,0.0,0.0,0.0,1.6096,11.7075,6.0,-1,21.105724195366292,,0.0,0.0,0.0,0.0,48.33734804210225,optimal
2021-02-07 08:30:00,3,61,0.0,0.0,0.0,1.7054666666666667,12.348,6.0,-1,21.035190957714867,,0.0,0.0,0.0,0.0,48.289010694060146,optimal
2021-02-07 09:00:00,3,61,0.0,0.0,0.0,2.207266666666667,12.348,6.0,-1,20.96601652008131,,0.0,0.0,0.0,0.0,48.240721683366075,optimal
2021-02-07 09:30:00,3,61,0.0,0.0,0.0,0.059,12.1275,6.0,-1,20.914428916866086,,0.0,0.0,0.0,0.0,48.192480961682705,optimal
2021-02-07 10:00:00,3,61,0.0,0.0,0.0,1.8616666666666668,12.5265,6.0,-1,20.852793286001415,,0.0,0.0,0.0,0.0,48.144288480721016,optimal
2021-02-07 10:30:00,3,61,0.0,0.0,0.0,0.0689,11.7495,6.0,-1,20.809997926144117,,0.0,0.0,0.0,0.0,48.096144192240295,optimal
2021-02-07 11:00:00,3,61,0.0,0.0,0.0,0.25453333333333333,13.23,6.0,-1,20.761245939162137,,0.0,0.0,0.0,0.0,48.048048048048045,optimal
2021-02-07 11:30:00,3,61,0.0,0.0,0.0,0.15086666666666668,14.3325,6.0,-1,20.73493326656582,,0.0,0.0,0.0,0.0,48.0,optimal
2021-02-07 12:00:00,3,61,0.0,0.0,0.0,0.0728,14.994,6.0,-1,20.704063046264316,,0.0,0.0,0.0,0.0,47.65075318677387,optimal
2021-02-07 12:30:00,3,61,0.0,0.0,0.0,0.17153333333333334,14.8155,6.0,-1,20.680226340468433,,0.0,0.0,0.0,0.0,47.30185562036097,optimal
2021-02-07 13:00:00,3,61,0.0,0.0,0.0,0.099,14.112,6.0,-1,20.658820343814895,,0.0,0.0,0.0,0.0,46.95330695151448,optimal
2021-02-07 13:30:00,3,61,0.0,0.0,0.0,0.11186666666666666,14.007,6.0,-1,20.624381832082946,,0.0,0.0,0.0,0.0,46.60510683133683,optimal
2021-02-07 14:00:00,3,61,0.0,0.0,0.0,0.1821333333333333,13.23,6.0,-1,20.590583575848623,,0.0,0.0,0.0,0.0,46.25725491127937,optimal
2021-02-07 14:30:00,3,61,0.0,0.0,0.0,0.09559999999999999,11.382,6.0,-1,20.563208559025718,,0.0,0.0,0.0,0.0,45.90975084314196,optimal
2021-02-07 15:00:00,3,61,0.0,0.0,0.0,0.1297333333333333,11.7495,6.0,-1,20.534113048943688,,0.0,0.0,0.0,0.0,45.562594279072684,optimal
2021-02-07 15:30:00,3,61,0.0,0.0,0.0,0.13493333333333335,24.3285,6.0,-1,20.517206006754204,,0.0,0.0,0.0,0.0,45.21578487156748,optimal
2021-02-07 16:00:00,3,61,0.0,0.0,0.0,0.1684,28.917,6.0,-1,20.49986662138521,,0.0,0.0,0.0,0.0,44.869322273469784,optimal
2021-02-07 16:30:00,3,61,0.0,0.0,0.0,0.07,31.3635,6.0,-1,20.4574500876529,,0.0,0.0,0.0,0.0,44.523206137970185,optimal
2021-02-07 17:00:00,3,61,0.0,0.0,0.0,0.37639999999999996,33.306,6.0,-1,20.413095603000308,,0.0,0.0,0.0,0.0,44.47868293183222,optimal
2021-02-07 17:30:00,3,61,0.0,0.0,0.0,0.25166666666666665,31.3425,6.0,-1,20.3507688773551,,0.0,0.0,0.0,0.0,44.434204248900386,optimal
2021-02-07 18:00:00,3,61,0.0,0.0,0.0,2.538866666666667,28.2555,6.0,-1,20.288794939056785,,0.0,0.0,0.0,0.0,44.389770044651485,optimal
2021-02-07 18:30:00,3,61,0.0,0.0,0.0,2.9404666666666666,15.6975,6.0,-1,20.232152159541368,,0.0,0.0,0.0,0.0,44.34538027460683,optimal
2021-02-07 19:00:00,3,61,0.0,0.0,0.0,0.9067999999999999,12.5475,6.0,-1,20.177289045381176,,0.0,0.0,0.0,0.0,44.301034894332226,optimal
2021-02-07 19:30:00,3,61,0.0,0.0,0.0,1.9309666666666667,12.0855,6.0,-1,20.11728427787724,,0.0,0.0,0.0,0.0,44.256733859437894,optimal
2021-02-07 20:00:00,3,61,0.0,0.0,0.0,0.40886666666666666,11.907,6.0,-1,20.059092741965863,,0.0,0.0,0.0,0.0,44.21247712557846,optimal
2021-02-07 20:30:00,3,61,0.0,0.0,0.0,0.36839999999999995,12.5685,6.0,-1,20.0,,0.0,0.0,0.0,0.0,44.16826464845288,optimal
2021-02-07 21:00:00,3,61,0.0,0.0,0.0,0.2553333333333333,13.146,6.0,-1,19.943467751852282,,0.0,0.0,0.0,0.0,44.12409638380443,optimal
2021-02-07 21:30:00,3,61,0.0,0.0,0.0,0.5763333333333334,10.584,6.0,-1,19.881082609434927,,0.0,0.0,0.0,0.0,44.079972287420624,optimal
2021-02-07 22:00:00,3,61,0.0,0.0,0.0,0.5478999999999999,6.678,6.0,-1,19.82395270368993,,0.0,0.0,0.0,0.0,44.035892315133204,optimal
2021-02-07 22:30:00,3,61,0.0,0.0,0.0,2.8261333333333334,7.938,6.0,-1,19.756858043102515,,0.0,0.0,0.0,0.0,43.99185642281807,optimal
2021-02-07 23:00:00,3,61,0.0,0.0,0.0,2.042666666666667,5.292,6.0,-1,19.7022923277757,,0.0,0.0,0.0,0.0,43.947864566395246,optimal
2021-02-07 23:30:00,3,61,0.0,0.0,0.0,0.153,9.261,6.0,-1,19.64442720714652,,0.0,0.0,0.0,0.0,43.90391670182885,optimal
2021-02-08 00:00:00,3,61,2.0,0.0,0.0,0.064,7.665,6.0,-3,19.64442720714652,,7000.0,0.0,0.0,0.0,43.86001278512702,optimal
2021-02-08 00:30:00,3,61,2.0,0.0,0.0,0.14073333333333332,6.7725,6.0,-3,19.735489070679524,,7000.0,0.0,0.0,0.0,43.816152772341894,optimal
2021-02-08 01:00:00,3,61,2.0,0.0,0.0,0.06,5.5755,6.0,-3,19.828077390836835,,7000.0,0.0,0.0,0.0,43.77233661956955,optimal
2021-02-08 01:30:00,3,61,2.0,0.0,5.0,0.10036666666666666,5.0925,6.0,-3,19.91837325686628,,7000.0,0.0,0.0,0.0,46.10356428294998,optimal
2021-02-08 02:00:00,3,61,2.0,0.0,5.0,0.10036666666666666,4.1895,6.0,-3,20.009037090492033,,7000.0,0.0,0.0,0.0,48.43246071866703,optimal
2021-02-08 02:30:00,3,61,2.0,0.0,0.0,0.06,7.056,6.0,-3,20.099114220945303,,7000.0,0.0,0.0,0.0,48.384028257948366,optimal
2021-02-08 03:00:00,3,61,2.0,0.0,1.335810773470314,0.06,5.271,6.0,-3,20.188071055314275,,7000.0,0.0,0.0,0.0,48.97015434708881,optimal
2021-02-08 03:30:00,3,61,2.0,0.0,0.0,0.14073333333333332,7.938,6.0,-3,20.276865402299492,,7000.0,0.0,0.0,0.0,48.92118419274172,optimal
2021-02-08 04:00:00,3,61,2.0,0.0,0.0,0.06,7.938,6.0,-3,20.36698711564715,,7000.0,0.0,0.0,0.0,48.87226300854897,optimal
2021-02-08 04:30:00,3,61,0.6113004190724205,0.0,0.0,0.12366666666666669,11.907,6.0,-3,20.45461811500252,,2139.5514667534717,0.0,0.0,0.0,48.823390745540415,optimal
2021-02-08 05:00:00,3,61,2.0,0.0,0.0,0.09306666666666666,11.025,6.0,-3,20.428063434923875,,7000.0,0.0,0.0,0.0,48.774567354794875,optimal
2021-02-08 05:30:00,3,61,2.0,0.0,0.0,0.064,11.2875,6.0,-3,20.515150144626887,,7000.0,0.0,0.0,0.0,48.72579278744007,optimal
2021-02-08 06:00:00,3,61,0.0,0.0,0.0,0.13873333333333332,12.936,6.0,-3,20.601120422059314,,0.0,0.0,0.0,0.0,48.67706699465263,optimal
2021-02-08 06:30:00,3,61,0.0,0.0,0.0,0.058,13.0095,6.0,-3,20.52675877650302,,0.0,0.0,0.0,0.0,48.62838992765797,optimal
2021-02-08 07:00:00,3,61,0.0,0.0,0.0,0.06,13.671,6.0,-3,20.45007300735513,,0.0,0.0,0.0,0.0,48.579761537730306,optimal
2021-02-08 07:30:00,3,61,0.0,0.0,0.0,0.13296666666666668,13.188,6.0,-3,20.370405377128204,,0.0,0.0,0.0,0.0,48.53118177619257,optimal
2021-02-08 08:00:00,3,61,0.0,0.0,0.0,0.06376666666666667,13.8495,6.0,-3,20.29524851805849,,0.0,0.0,0.0,0.0,48.48265059441637,optimal
2021-02-08 08:30:00,3,61,0.0,0.0,0.0,0.1165,13.23,6.0,-3,20.219025356486625,,0.0,0.0,0.0,0.0,48.434167943821954,optimal
2021-02-08 09:00:00,3,61,0.0,0.0,0.0,0.2617333333333333,13.3665,6.0,-3,20.145712760112275,,0.0,0.0,0.0,0.0,48.38573377587813,optimal
2021-02-08 09:30:00,3,61,0.0,0.0,0.0,0.185,13.0515,6.0,-3,20.095723479981764,,0.0,0.0,0.0,0.0,48.33734804210225,optimal
2021-02-08 10:00:00,3,61,0.0,0.0,0.0,0.185,13.5345,6.0,-3,20.045905638144806,,0.0,0.0,0.0,0.0,48.289010694060146,optimal
2021-02-08 10:30:00,3,61,0.0,0.0,0.0,0.26573333333333327,14.154,6.0,-3,20.022438292859974,,0.0,0.0,0.0,0.0,48.240721683366075,optimal
2021-02-08 11:00:00,3,61,0.0,0.0,0.0,0.1616,14.112,6.0,-3,20.0,,0.0,0.0,0.0,0.0,48.192480961682705,optimal
2021-02-08 11:30:00,3,61,0.0,0.0,0.0,0.0836,14.2485,6.0,-3,20.007256448258005,,0.0,0.0,0.0,0.0,48.144288480721016,optimal
2021-02-08 12:00:00,3,61,0.0,0.0,0.0,0.14873333333333333,12.789,6.0,-3,20.012585754357374,,0.0,0.0,0.0,0.0,48.096144192240295,optimal
2021-02-08 12:30:00,3,61,0.0,0.0,0.0,0.068,13.0095,6.0,-3,20.030092943103632,,0.0,0.0,0.0,0.0,48.048048048048045,optimal
2021-02-08 13:00:00,3,61,1.079414650616495,0.0,0.0,0.1138,12.1275,6.0,-3,20.045132760435518,,3777.9512771577324,0.0,0.0,0.0,48.0,optimal
2021-02-08 13:30:00,3,61,0.0,0.0,0.0,0.12766666666666668,12.348,6.0,-3,20.146507945717126,,0.0,0.0,0.0,0.0,47.514971350027054,optimal
2021-02-08 14:00:00,3,61,0.0,0.0,0.0,0.07,12.348,6.0,-3,20.156686020050532,,0.0,0.0,0.0,0.0,47.03042772870408,optimal
2021-02-08 14:30:00,3,61,0.0,0.0,0.0,0.15073333333333333,25.389,6.0,-3,20.166590186709627,,0.0,0.0,0.0,0.0,46.54636865100243,optimal
2021-02-08 15:00:00,3,61,0.0,0.0,0.0,0.07,29.1375,6.0,-3,20.177733671525342,,0.0,0.0,0.0,0.0,46.06279363237849,optimal
2021-02-08 15:30:00,3,61,0.0,0.0,0.0,0.09786666666666666,30.597,6.0,-3,20.16383700777832,,0.0,0.0,0.0,0.0,45.57970218877316,optimal
2021-02-08 16:00:00,3,61,0.0,0.0,0.0,0.23433333333333328,33.684,6.0,-3,20.15216349859292,,0.0,0.0,0.0,0.0,45.09709383661144,optimal
2021-02-08 16:30:00,3,61,0.0,0.0,0.0,1.4122000000000001,32.445,6.0,-3,20.121322028482453,,0.0,0.0,0.0,0.0,44.61496809280189,optimal
2021-02-08 17:00:00,3,61,0.0,0.0,0.0,1.4492333333333332,28.917,6.0,-3,20.09978975603891,,0.0,0.0,0.0,0.0,44.13332447473614,optimal
2021-02-08 17:30:00,3,61,0.0,0.0,0.0,0.273,15.876,6.0,-3,20.05923780514174,,0.0,0.0,0.0,0.0,43.65216250028846,optimal
2021-02-08 18:00:00,3,61,0.8282129270372235,0.0,0.0,0.2939333333333333,12.348,6.0,-3,20.0,,2898.7452446302823,0.0,0.0,0.0,43.17148168781523,optimal
2021-02-08 18:30:00,3,61,1.7182675502641802,0.0,0.0,0.3695,12.1275,6.0,-3,20.0,,6013.936425924631,0.0,0.0,0.0,42.69128155615447,optimal
2021-02-08 19:00:00,3,61,0.0,0.0,0.0,0.2834,12.348,6.0,-3,20.07059038844178,,0.0,0.0,0.0,0.0,42.211561624625375,optimal
2021-02-08 19:30:00,3,61,0.8740373948599283,0.0,0.0,0.2299,12.1275,6.0,-3,20.0,,3059.130882009749,0.0,0.0,0.0,41.732321413027805,optimal
2021-02-08 20:00:00,3,61,0.9623127030898664,0.0,0.0,0.13343333333333335,12.1275,6.0,-3,20.0,,3368.0944608145323,0.0,0.0,0.0,41.25356044164183,optimal
2021-02-08 20:30:00,3,61,0.0,0.0,0.0,0.26276666666666665,11.2665,6.0,-3,20.0,,0.0,0.0,0.0,0.0,41.21230688120019,optimal
2021-02-08 21:00:00,3,61,0.0,0.0,0.0,0.40926666666666667,10.143,6.0,-3,19.92756420529285,,0.0,0.0,0.0,0.0,41.17109457431899,optimal
2021-02-08 21:30:00,3,61,0.0,0.0,0.0,0.5535666666666668,11.2455,6.0,-3,19.85902039047244,,0.0,0.0,0.0,0.0,41.129923479744676,optimal
2021-02-08 22:00:00,3,61,0.0,0.0,0.0,0.3467333333333333,11.025,6.0,-3,19.793462029957745,,0.0,0.0,0.0,0.0,41.08879355626493,optimal
2021-02-08 22:30:00,3,61,0.0,0.0,0.0,0.2885,5.9745,6.0,-3,19.72394262688291,,0.0,0.0,0.0,0.0,41.04770476270867,optimal
2021-02-08 23:00:00,3,61,0.0,0.0,0.0,0.13343333333333335,7.938,6.0,-3,19.654362179644224,,0.0,0.0,0.0,0.0,41.00665705794596,optimal
2021-02-08 23:30:00,3,61,0.0,0.0,0.0,0.06933333333333333,8.6835,6.0,-3,19.578259924399863,,0.0,0.0,0.0,0.0,40.96565040088801,optimal
2021-02-09 00:00:00,3,61,0.0,0.0,0.0,0.054,16.5375,6.0,-19,19.578259924399863,,0.0,0.0,0.0,0.0,40.924684750487124,optimal
2021-02-09 00:30:00,3,61,2.0,0.0,0.0,0.054,14.7735,6.0,-19,19.500371311843644,,7000.0,0.0,0.0,0.0,40.88376006573664,optimal
2021-02-09 01:00:00,3,61,1.926023543471183,0.0,0.0,0.054,15.2145,6.0,-19,19.588299815355093,,6741.082402149141,0.0,0.0,0.0,40.8428763056709,optimal
2021-02-09 01:30:00,3,61,2.0,0.0,0.0,0.1176,14.553,6.0,-19,19.669956569465697,,7000.0,0.0,0.0,0.0,40.80203342936523,optimal
2021-02-09 02:00:00,3,61,2.0,0.0,0.0,0.054,14.3325,6.0,-19,19.758470912185196,,7000.0,0.0,0.0,0.0,40.761231395935866,optimal
2021-02-09 02:30:00,3,61,2.0,0.0,0.0,0.054,14.595,6.0,-19,19.84469724873562,,7000.0,0.0,0.0,0.0,40.72047016453993,optimal
2021-02-09 03:00:00,3,61,2.0,0.0,0.0,0.054,14.994,6.0,-19,19.93077248669848,,7000.0,0.0,0.0,0.0,40.679749694375396,optimal
2021-02-09 03:30:00,3,61,2.0,0.0,0.0,0.1176,14.3325,6.0,-19,20.016697256299892,,7000.0,0.0,0.0,0.0,40.63906994468102,optimal
2021-02-09 04:00:00,3,61,2.0,0.0,0.0,0.054,13.8915,6.0,-19,20.10418245357372,,7000.0,0.0,0.0,0.0,40.59843087473634,optimal
2021-02-09 04:30:00,3,61,2.0,0.0,1.1444535870095545,0.06459999999999999,13.8915,6.0,-19,20.19021812913005,,7000.0,0.0,0.0,0.0,41.10144789769113,optimal
2021-02-09 05:00:00,3,61,2.0,0.0,5.0,0.107,13.4715,6.0,-19,20.275728144134955,,7000.0,0.0,0.0,0.0,43.435346449793435,optimal
2021-02-09 05:30:00,3,61,2.0,0.0,5.0,0.06813333333333334,13.23,6.0,-19,20.361465551324653,,7000.0,0.0,0.0,0.0,45.76691110334364,optimal
2021-02-09 06:00:00,3,61,2.0,0.0,5.0,0.10346666666666668,13.8915,6.0,-19,20.445927633193996,,7000.0,0.0,0.0,0.0,48.096144192240295,optimal
2021-02-09 06:30:00,3,61,0.0,0.0,0.0,0.08226666666666667,26.9325,6.0,-19,20.530871716270394,,0.0,0.0,0.0,0.0,48.048048048048045,optimal
2021-02-09 07:00:00,3,61,0.0,0.0,0.0,0.08733333333333333,30.303,6.0,-19,20.44946868171151,,0.0,0.0,0.0,0.0,48.0,optimal
2021-02-09 07:30:00,3,61,0.0,0.0,0.0,0.09286666666666667,32.886,6.0,-19,20.37249951354235,,0.0,0.0,0.0,0.0,47.7716656234496,optimal
2021-02-09 08:00:00,3,61,0.0,0.0,0.0,0.07873333333333334,34.9965,6.0,-19,20.289398281471627,,0.0,0.0,0.0,0.0,47.54355958127575,optimal
2021-02-09 08:30:00,3,61,0.0,0.0,0.0,0.054,33.327,6.0,-19,20.206249385436973,,0.0,0.0,0.0,0.0,47.315681645144075,optimal
2021-02-09 09:00:00,3,61,0.0,0.0,0.0,0.1176,31.122,6.0,-19,20.123488941638183,,0.0,0.0,0.0,0.0,47.08803158694853,optimal
2021-02-09 09:30:00,3,61,0.0,0.0,0.0,0.054,17.9025,6.0,-19,20.06174091283285,,0.0,0.0,0.0,0.0,46.86060917881119,optimal
2021-02-09 10:00:00,3,61,0.344866708447607,0.0,0.0,0.054,15.6555,6.0,-19,20.0,,1207.0334795666245,0.0,0.0,0.0,46.633414193081975,optimal
2021-02-09 10:30:00,3,61,0.3140777026675299,0.0,0.0,0.1176,14.553,6.0,-19,20.0,,1099.2719593363545,0.0,0.0,0.0,46.406446402338496,optimal
2021-02-09 11:00:00,3,61,0.0,0.0,0.0,0.05633333333333333,14.3325,6.0,-19,20.0,,0.0,0.0,0.0,0.0,46.17970557938576,optimal
2021-02-09 11:30:00,3,61,0.0,0.0,0.0,0.1276,13.335,6.0,-19,20.003177526445857,,0.0,0.0,0.0,0.0,45.95319149725598,optimal
2021-02-09 12:00:00,3,61,0.0,0.0,0.0,0.064,12.1275,6.0,-19,20.008052067993564,,0.0,0.0,0.0,0.0,45.726903929208326,optimal
2021-02-09 12:30:00,3,61,0.0,0.0,0.0,0.064,12.2955,6.0,-19,20.032292180304765,,0.0,0.0,0.0,0.0,45.50084264872872,optimal
2021-02-09 13:00:00,3,61,0.0,0.0,0.0,0.064,11.6865,6.0,-19,20.056222640104043,,0.0,0.0,0.0,0.0,45.275007429529595,optimal
2021-02-09 13:30:00,3,61,0.0,0.0,0.0,0.064,11.466,6.0,-19,20.08483623974179,,0.0,0.0,0.0,0.0,45.049398045549665,optimal
2021-02-09 14:00:00,3,61,0.0,0.0,0.0,0.1252666666666667,10.8045,6.0,-19,20.113121945228503,,0.0,0.0,0.0,0.0,44.82401427095372,optimal
2021-02-09 14:30:00,3,61,1.2456123392643965,0.0,0.0,0.054,10.584,6.0,-19,20.13652173653496,,4359.643187425388,0.0,0.0,0.0,44.59885588013237,optimal
2021-02-09 15:00:00,3,61,0.0,0.0,0.0,0.054,11.2455,6.0,-19,20.261053366566,,0.0,0.0,0.0,0.0,44.37392264770184,optimal
2021-02-09 15:30:00,3,61,0.0,0.0,0.0,0.054,12.1275,6.0,-19,20.258029428770183,,0.0,0.0,0.0,0.0,44.14921434850374,optimal
2021-02-09 16:00:00,3,61,0.0,0.0,0.0,0.07166666666666667,11.823,6.0,-19,20.255018103696855,,0.0,0.0,0.0,0.0,43.92473075760484,optimal
2021-02-09 16:30:00,3,61,0.0,0.0,0.0,0.10226666666666669,11.7705,6.0,-19,20.21963519232331,,0.0,0.0,0.0,0.0,43.70047165029684,optimal
2021-02-09 17:00:00,3,61,0.0,0.0,0.0,0.064,11.13,6.0,-19,20.184650196994347,,0.0,0.0,0.0,0.0,43.476436802096146,optimal
2021-02-09 17:30:00,3,61,0.0,0.0,0.0,0.10286666666666666,11.6865,6.0,-19,20.115151624063397,,0.0,0.0,0.0,0.0,43.25262598874365,optimal
2021-02-09 18:00:00,3,61,2.0,0.0,0.0,0.08873333333333333,10.7205,6.0,-19,20.046443548966806,,7000.0,0.0,0.0,0.0,43.02903898620451,optimal
2021-02-09 18:30:00,3,61,0.0,0.0,0.0,0.062,11.424,6.0,-19,20.13257193708002,,0.0,0.0,0.0,0.0,42.80567557066791,optimal
2021-02-09 19:00:00,3,61,2.0,0.0,0.0,0.20533333333333328,10.689,6.0,-19,20.057711281724334,,7000.0,0.0,0.0,0.0,42.58253551854684,optimal
2021-02-09 19:30:00,3,61,0.0,0.0,0.0,0.061666666666666654,11.361,6.0,-19,20.152857254199983,,0.0,0.0,0.0,0.0,42.359618606477895,optimal
2021-02-09 20:00:00,3,61,0.0,0.0,0.0,0.2246,11.571,6.0,-19,20.073091190781934,,0.0,0.0,0.0,0.0,42.31725898787142,optimal
2021-02-09 20:30:00,3,61,0.0,0.0,0.0,0.4458666666666667,14.3745,6.0,-19,20.0,,0.0,0.0,0.0,0.0,42.27494172888355,optimal
2021-02-09 21:00:00,3,61,0.0,0.0,0.0,0.33343333333333336,13.23,6.0,-19,19.934566481589236,,0.0,0.0,0.0,0.0,42.23266678715466,optimal
2021-02-09 21:30:00,3,61,0.0,0.0,0.0,0.2149333333333333,13.9755,6.0,-19,19.866077433501527,,0.0,0.0,0.0,0.0,42.190434120367506,optimal
2021-02-09 22:00:00,3,61,0.0,0.0,0.0,0.3612666666666666,14.994,6.0,-19,19.79574671037234,,0.0,0.0,0.0,0.0,42.14824368624714,optimal
2021-02-09 22:30:00,3,61,0.0,0.0,0.0,0.3517,13.671,6.0,-19,19.727324488911872,,0.0,0.0,0.0,0.0,42.10609544256089,optimal
2021-02-09 23:00:00,3,61,0.0,0.0,0.0,0.4191333333333333,15.981,6.0,-19,19.66045637861905,,0.0,0.0,0.0,0.0,42.06398934711833,optimal
2021-02-09 23:30:00,3,61,0.0,0.0,0.0,0.1192,15.6345,6.0,-19,19.59703902107961,,0.0,0.0,0.0,0.0,42.02192535777121,optimal
2021-02-10 00:00:00,3,61,2.0,0.0,0.0,0.057,17.094,6.0,-20,19.59703902107961,,7000.0,0.0,0.0,0.0,41.97990343241344,optimal
2021-02-10 00:30:00,3,61,2.0,0.0,0.0,0.1882666666666667,17.094,6.0,-20,19.683611313004235,,7000.0,0.0,0.0,0.0,41.937923528981024,optimal
2021-02-10 01:00:00,3,61,2.0,0.0,0.0,0.057,17.094,6.0,-20,19.77250488229667,,7000.0,0.0,0.0,0.0,41.89598560545204,optimal
2021-02-10 01:30:00,3,61,2.0,0.0,0.0,0.1286,17.3565,6.0,-20,19.857511121268967,,7000.0,0.0,0.0,0.0,41.85408961984659,optimal
2021-02-10 02:00:00,3,61,2.0,0.0,0.0,0.15533333333333335,17.115,6.0,-20,19.94343632279506,,7000.0,0.0,0.0,0.0,41.812235530226744,optimal
2021-02-10 02:30:00,3,61,2.0,0.0,0.0,0.1031,17.241,6.0,-20,20.03220338959674,,7000.0,0.0,0.0,0.0,41.77042329469651,optimal
2021-02-10 03:00:00,3,61,2.0,0.0,0.0,0.18230000000000002,17.094,6.0,-20,20.11907251893862,,7000.0,0.0,0.0,0.0,41.72865287140182,optimal
2021-02-10 03:30:00,3,61,2.0,0.0,0.0,0.057,16.5165,6.0,-20,20.204757624550517,,7000.0,0.0,0.0,0.0,41.68692421853042,optimal
2021-02-10 04:00:00,3,61,2.0,0.0,0.0,0.1882666666666667,17.8185,6.0,-20,20.287126762854292,,7000.0,0.0,0.0,0.0,41.64523729431189,optimal
2021-02-10 04:30:00,3,61,2.0,0.0,0.0,0.057,17.094,6.0,-20,20.372251805673706,,7000.0,0.0,0.0,0.0,41.60359205701758,optimal
2021-02-10 05:00:00,3,61,2.0,0.0,0.0,0.15843333333333334,16.8945,6.0,-20,20.453505236544796,,7000.0,0.0,0.0,0.0,41.561988464960564,optimal
2021-02-10 05:30:00,3,61,1.4806106289276328,0.0,0.0,0.08683333333333333,18.123,6.0,-20,20.536397706159626,,5182.137201246715,0.0,0.0,0.0,41.5204264764956,optimal
2021-02-10 06:00:00,3,61,0.0,0.0,0.0,0.057,31.647,6.0,-20,20.573913424625186,,0.0,0.0,0.0,0.0,41.478906050019106,optimal
2021-02-10 06:30:00,3,61,0.0,0.0,0.0,0.05966666666666666,34.9965,6.0,-20,20.487790747305414,,0.0,0.0,0.0,0.0,41.43742714396909,optimal
2021-02-10 07:00:00,3,61,0.0,0.0,0.0,0.067,34.9965,6.0,-20,20.40286147612407,,0.0,0.0,0.0,0.0,41.39598971682512,optimal
2021-02-10 07:30:00,3,61,0.0,0.0,0.0,0.2524,34.9965,6.0,-20,20.319120633432313,,0.0,0.0,0.0,0.0,41.354593727108295,optimal
2021-02-10 08:00:00,3,61,0.0,0.0,0.0,0.07216666666666667,34.9965,6.0,-20,20.243652480366617,,0.0,0.0,0.0,0.0,41.31323913338119,optimal
2021-02-10 08:30:00,3,61,0.0,0.0,0.0,0.15606666666666666,34.9965,6.0,-20,20.169297200812526,,0.0,0.0,0.0,0.0,41.27192589424781,optimal
2021-02-10 09:00:00,3,61,0.0,0.0,0.0,0.17113333333333333,27.741,6.0,-20,20.094169742226182,,0.0,0.0,0.0,0.0,41.23065396835356,optimal
2021-02-10 09:30:00,3,61,0.0,0.0,0.0,0.2572,19.026,6.0,-20,20.04408327830704,,0.0,0.0,0.0,0.0,41.1894233143852,optimal
2021-02-10 10:00:00,3,61,0.12095969930466816,0.0,0.0,0.3196666666666667,18.7215,6.0,-20,20.0,,423.35894756633854,0.0,0.0,0.0,41.14823389107082,optimal
2021-02-10 10:30:00,3,61,0.07328439107473318,0.0,0.0,0.4533666666666667,17.4195,6.0,-20,20.0,,256.4953687615661,0.0,0.0,0.0,41.107085657179745,optimal
2021-02-10 11:00:00,3,61,0.0,0.0,0.0,0.43006666666666665,16.758,6.0,-20,20.0,,0.0,0.0,0.0,0.0,41.065978571522564,optimal
2021-02-10 11:30:00,3,61,0.0,0.0,0.0,0.8658666666666667,14.217,6.0,-20,20.01757174423916,,0.0,0.0,0.0,0.0,41.02491259295104,optimal
2021-02-10 12:00:00,3,61,0.0,0.0,0.04447792565892877,1.2905666666666666,13.3665,6.0,-20,20.03471691396115,,0.0,0.0,0.0,0.0,41.00501469504607,optimal
2021-02-10 12:30:00,3,61,0.0,0.0,5.0,0.46826666666666666,12.789,6.0,-20,20.080505882040864,,0.0,0.0,0.0,0.0,43.339009680351026,optimal
2021-02-10 13:00:00,3,61,0.0,0.0,5.0,0.4988333333333333,11.907,6.0,-20,20.12098337722421,,0.0,0.0,0.0,0.0,45.670670670670674,optimal
2021-02-10 13:30:00,3,61,1.1544761904761909,0.0,5.0,0.46166666666666667,11.7075,6.0,-20,20.157216842944813,,0.0,0.0,4040.666666666668,0.0,48.0,optimal
2021-02-10 14:00:00,3,61,1.0081616550593098,0.0,0.0,0.10479999999999999,10.8045,6.0,-20,20.191372190037857,,0.0,0.0,3528.5657927075845,0.0,47.46759564454425,optimal
2021-02-10 14:30:00,3,61,0.0,0.0,0.0,0.19826666666666667,11.508,6.0,-20,20.212499042563504,,0.0,0.0,0.0,0.0,46.935723693443954,optimal
2021-02-10 15:00:00,3,61,0.0,0.0,0.0,0.067,11.508,6.0,-20,20.23645873231321,,0.0,0.0,0.0,0.0,46.40438361429476,optimal
2021-02-10 15:30:00,3,61,0.0,0.0,0.0,0.16843333333333332,11.508,6.0,-20,20.235826878001795,,0.0,0.0,0.0,0.0,45.87357487522471,optimal
2021-02-10 16:00:00,3,61,0.0,0.0,0.0,0.09683333333333331,11.844,6.0,-20,20.236758506689778,,0.0,0.0,0.0,0.0,45.34329694489374,optimal
2021-02-10 16:30:00,3,61,0.0,0.0,0.0,0.067,11.508,6.0,-20,20.203073222112362,,0.0,0.0,0.0,0.0,45.297953647948844,optimal
2021-02-10 17:00:00,3,61,0.0,0.0,0.0,0.11086666666666666,11.508,6.0,-20,20.169973226564913,,0.0,0.0,0.0,0.0,45.2526556943009,optimal
2021-02-10 17:30:00,3,61,2.0,0.0,0.0,0.293,10.4475,6.0,-20,20.1042156197769,,5303.5657927075845,0.0,1696.4342072924155,0.0,45.2074030386066,optimal
2021-02-10 18:00:00,3,61,0.0,0.0,0.0,0.213,10.8675,6.0,-20,20.17169589168775,,0.0,0.0,0.0,0.0,45.16219563556799,optimal
2021-02-10 18:30:00,3,61,2.0,0.0,0.0,0.2325,10.542,6.0,-20,20.099811776607453,,7000.0,0.0,0.0,0.0,45.11703343993242,optimal
2021-02-10 19:00:00,3,61,0.0,0.0,0.0,2.1408,11.025,6.0,-20,20.19120134308081,,0.0,0.0,0.0,0.0,45.07191640649249,optimal
2021-02-10 19:30:00,3,61,0.0,0.0,0.0,0.11903333333333331,11.025,6.0,-20,20.144025981645008,,0.0,0.0,0.0,0.0,45.026844490086,optimal
2021-02-10 20:00:00,3,61,0.0,0.0,0.0,0.35396666666666665,14.553,6.0,-20,20.06850820827091,,0.0,0.0,0.0,0.0,44.98181764559591,optimal
2021-02-10 20:30:00,3,61,0.0,0.0,0.0,0.3935666666666667,13.0935,6.0,-20,20.0,,0.0,0.0,0.0,0.0,44.93683582795031,optimal
2021-02-10 21:00:00,3,61,0.0,0.0,0.0,0.17256666666666667,15.6345,6.0,-20,19.93425083477577,,0.0,0.0,0.0,0.0,44.891898992122364,optimal
2021-02-10 21:30:00,3,61,0.0,0.0,0.0,0.067,18.102,6.0,-20,19.861872581856804,,0.0,0.0,0.0,0.0,44.847007093130244,optimal
2021-02-10 22:00:00,3,61,0.0,0.0,0.0,0.19826666666666667,17.199,6.0,-20,19.772254810714497,,0.0,0.0,0.0,0.0,44.80216008603711,optimal
2021-02-10 22:30:00,3,61,0.0,0.0,0.0,0.067,18.2805,6.0,-20,19.680062403071158,,0.0,0.0,0.0,0.0,44.75735792595108,optimal
2021-02-10 23:00:00,3,61,0.0,0.0,0.0,0.1386,17.4615,6.0,-20,19.584112323462772,,0.0,0.0,0.0,0.0,44.712600568025124,optimal
2021-02-10 23:30:00,3,61,0.0,0.0,0.0,0.12366666666666669,18.3225,6.0,-20,19.4892103239635,,0.0,0.0,0.0,0.0,44.6678879674571,optimal
2021-02-11 00:00:00,3,61,2.0,0.0,0.0,0.059,19.6665,6.0,-19,19.4892103239635,,7000.0,0.0,0.0,0.0,44.62322007948964,optimal
2021-02-11 00:30:00,3,61,2.0,0.0,0.0,0.059,19.404,6.0,-19,19.557195250058278,,7000.0,0.0,0.0,0.0,44.578596859410155,optimal
2021-02-11 01:00:00,3,61,2.0,0.0,0.0,0.059,19.047,6.0,-19,19.6253137097341,,7000.0,0.0,0.0,0.0,44.534018262550745,optimal
2021-02-11 01:30:00,3,61,2.0,0.0,0.0,0.059,18.858,6.0,-19,19.69356514602779,,7000.0,0.0,0.0,0.0,44.48948424428819,optimal
2021-02-11 02:00:00,3,61,2.0,0.0,0.0,0.059,19.2675,6.0,-19,19.76153190833551,,7000.0,0.0,0.0,0.0,44.444994760043905,optimal
2021-02-11 02:30:00,3,61,2.0,0.0,0.0,0.059,18.963,6.0,-19,19.829215184020963,,7000.0,0.0,0.0,0.0,44.40054976528386,optimal
2021-02-11 03:00:00,3,61,2.0,0.0,0.0,0.059,18.438,6.0,-19,19.896199059531682,,7000.0,0.0,0.0,0.0,44.35614921551858,optimal
2021-02-11 03:30:00,3,61,2.0,0.0,0.0,0.059,18.7425,6.0,-19,19.96248645203756,,7000.0,0.0,0.0,0.0,44.31179306630306,optimal
2021-02-11 04:00:00,3,61,2.0,0.0,5.0,0.059,15.2145,6.0,-19,20.029540102414163,,7000.0,0.0,0.0,0.0,46.642481273236754,optimal
2021-02-11 04:30:00,3,61,2.0,0.0,0.0,0.059,17.7765,6.0,-19,20.097356814630842,,7000.0,0.0,0.0,0.0,46.595838791963516,optimal
2021-02-11 05:00:00,3,61,2.0,0.0,0.0,0.059,16.758,6.0,-19,20.16489066607813,,7000.0,0.0,0.0,0.0,46.54924295317155,optimal
2021-02-11 05:30:00,3,61,2.0,0.0,3.964294875073156,0.059,16.422,6.0,-19,20.232142836556875,,7000.0,0.0,0.0,0.0,48.38573377587813,optimal
2021-02-11 06:00:00,3,61,2.0,0.0,0.0,0.06133333333333334,16.758,6.0,-19,20.300157240856365,,7000.0,0.0,0.0,0.0,48.33734804210225,optimal
2021-02-11 06:30:00,3,61,1.9377144355703892,0.0,0.0,0.069,29.358,6.0,-19,20.368930699730093,,6782.000524496362,0.0,0.0,0.0,48.289010694060146,optimal
2021-02-11 07:00:00,3,61,0.0,0.0,0.0,0.069,34.9965,6.0,-19,20.433312652987,,0.0,0.0,0.0,0.0,48.240721683366075,optimal
2021-02-11 07:30:00,3,61,0.0,0.0,0.0,0.069,34.65,6.0,-19,20.338332508003276,,0.0,0.0,0.0,0.0,48.192480961682705,optimal
2021-02-11 08:00:00,3,61,0.0,0.0,0.0,0.062,34.9965,6.0,-19,20.243957069352494,,0.0,0.0,0.0,0.0,48.144288480721016,optimal
2021-02-11 08:30:00,3,61,0.0,0.0,0.0,0.059,34.9965,6.0,-19,20.151253422143714,,0.0,0.0,0.0,0.0,48.096144192240295,optimal
2021-02-11 09:00:00,3,61,0.0,0.0,0.0,0.2471,30.4815,6.0,-19,20.058310794160075,,0.0,0.0,0.0,0.0,48.048048048048045,optimal
2021-02-11 09:30:00,3,61,0.5622225063224193,0.0,0.0,0.2471,21.4305,6.0,-19,20.0,,1967.7787721284678,0.0,0.0,0.0,48.0,optimal
2021-02-11 10:00:00,3,61,0.1944099974429077,0.0,0.0,0.064,14.3325,6.0,-19,20.0,,680.434991050177,0.0,0.0,0.0,47.693556706880045,optimal
2021-02-11 10:30:00,3,61,0.22469218274366895,0.0,0.0,0.059,13.692,6.0,-19,20.0,,786.4226396028413,0.0,0.0,0.0,47.38741985705321,optimal
2021-02-11 11:00:00,3,61,0.0,0.0,0.0,0.06133333333333334,14.007,6.0,-19,20.0,,0.0,0.0,0.0,0.0,47.081589144076204,optimal
2021-02-11 11:30:00,3,61,0.0,0.0,0.0,0.06733333333333333,12.873,6.0,-19,20.009947058927615,,0.0,0.0,0.0,0.0,46.776064261812174,optimal
2021-02-11 12:00:00,3,61,0.0,0.0,0.0,0.059,12.684,6.0,-19,20.02298084880192,,0.0,0.0,0.0,0.0,46.47084490443041,optimal
2021-02-11 12:30:00,3,61,0.0,0.0,0.0,0.059,12.306,6.0,-19,20.06297639168925,,0.0,0.0,0.0,0.0,46.16593076640602,optimal
2021-02-11 13:00:00,3,61,0.0,0.0,0.0,0.059,10.6365,6.0,-19,20.105516238545782,,0.0,0.0,0.0,0.0,45.86132154251966,optimal
2021-02-11 13:30:00,3,61,0.0,0.0,0.0,0.06766666666666667,11.2455,6.0,-19,20.13704141786194,,0.0,0.0,0.0,0.0,45.55701692785719,optimal
2021-02-11 14:00:00,3,61,0.0,0.0,0.0,0.06233333333333334,11.2455,6.0,-19,20.168852202891344,,0.0,0.0,0.0,0.0,45.25301661780938,optimal
2021-02-11 14:30:00,3,61,0.0,0.0,0.0,0.059,11.025,6.0,-19,20.20379968855681,,0.0,0.0,0.0,0.0,44.94932030807162,optimal
2021-02-11 15:00:00,3,61,0.0,0.0,0.0,0.059,12.0855,6.0,-19,20.23714157379708,,0.0,0.0,0.0,0.0,44.645927694643596,optimal
2021-02-11 15:30:00,3,61,0.0,0.0,0.0,0.059,11.6865,6.0,-19,20.244283587267017,,0.0,0.0,0.0,0.0,44.342838473829,optimal
2021-02-11 16:00:00,3,61,0.0,0.0,0.0,0.058333333333333334,11.2245,6.0,-19,20.246599208104126,,0.0,0.0,0.0,0.0,44.29849563535517,optimal
2021-02-11 16:30:00,3,61,0.0,0.0,0.0,0.0605,11.025,6.0,-19,20.21450431585979,,0.0,0.0,0.0,0.0,44.254197139719814,optimal
2021-02-11 17:00:00,3,61,2.0,0.0,0.0,0.059,10.7835,6.0,-19,20.180273044396287,,7000.0,0.0,0.0,0.0,44.20994294258009,optimal
2021-02-11 17:30:00,3,61,0.0,0.0,0.0,0.059,11.025,6.0,-19,20.265954006289,,0.0,0.0,0.0,0.0,44.16573299963751,optimal
2021-02-11 18:00:00,3,61,2.0,0.0,0.0,0.059,10.584,6.0,-19,20.184116966684552,,7000.0,0.0,0.0,0.0,44.121567266637875,optimal
2021-02-11 18:30:00,3,61,0.07915304811390285,0.0,0.0,0.059,11.025,6.0,-19,20.252123136966958,,277.03566839866,0.0,0.0,0.0,44.07744569937124,optimal
2021-02-11 19:00:00,3,61,2.0,0.0,0.0,0.06866666666666667,10.4265,6.0,-19,20.15755799698294,,7000.0,0.0,0.0,0.0,44.03336825367187,optimal
2021-02-11 19:30:00,3,61,0.0,0.0,0.0,0.069,12.789,6.0,-19,20.21858431227254,,0.0,0.0,0.0,0.0,43.989334885418195,optimal
2021-02-11 20:00:00,3,61,0.0,0.0,0.0,0.069,12.684,6.0,-19,20.11073562372777,,0.0,0.0,0.0,0.0,43.94534555053278,optimal
2021-02-11 20:30:00,3,61,0.0,0.0,0.0,0.069,16.254,6.0,-19,20.0,,0.0,0.0,0.0,0.0,43.901400204982245,optimal
2021-02-11 21:00:00,3,61,0.0,0.0,0.0,0.069,17.64,6.0,-19,19.890143346052945,,0.0,0.0,0.0,0.0,43.857498804777265,optimal
2021-02-11 21:30:00,3,61,0.0,0.0,0.0,0.069,19.1625,6.0,-19,19.781161995739126,,0.0,0.0,0.0,0.0,43.81364130597249,optimal
2021-02-11 22:00:00,3,61,0.0,0.0,0.0,0.069,26.46,6.0,-19,19.67409503811175,,0.0,0.0,0.0,0.0,43.769827664666515,optimal
2021-02-11 22:30:00,3,61,0.0,0.0,0.0,0.069,20.79,6.0,-19,19.56893448831619,,0.0,0.0,0.0,0.0,43.72605783700185,optimal
2021-02-11 23:00:00,3,61,0.0,0.0,0.0,0.069,29.106,6.0,-19,19.461709983146875,,0.0,0.0,0.0,0.0,43.68233177916485,optimal
2021-02-11 23:30:00,3,61,0.0,0.0,0.0,0.069,19.1835,6.0,-19,19.352430131278357,,0.0,0.0,0.0,0.0,43.63864944738568,optimal
2021-02-12 00:00:00,3,61,2.0,0.0,0.0,0.047,13.9125,6.0,-20,19.352430131278357,,7000.0,0.0,0.0,0.0,43.59501079793829,optimal
2021-02-12 00:30:00,3,61,2.0,0.0,0.0,0.14833333333333334,13.3665,6.0,-20,19.409331468501467,,6373.0,0.0,627.0,0.0,43.55141578714036,optimal
2021-02-12 01:00:00,3,61,2.0,0.0,0.0,0.047,13.0095,6.0,-20,19.45358345390216,,7000.0,0.0,0.0,0.0,43.507864371353214,optimal
2021-02-12 01:30:00,3,61,2.0,0.0,0.0,0.047,13.8915,6.0,-20,19.510062884699423,,7000.0,0.0,0.0,0.0,43.46435650698186,optimal
2021-02-12 02:00:00,3,61,2.0,0.0,0.0,0.2601333333333333,13.188,6.0,-20,19.566723838034225,,7000.0,0.0,0.0,0.0,43.42089215047488,optimal
2021-02-12 02:30:00,3,61,2.0,0.0,0.0,0.07233333333333333,12.5685,6.0,-20,19.628598051849593,,7000.0,0.0,0.0,0.0,43.377471258324405,optimal
2021-02-12 03:00:00,3,61,2.0,0.0,0.0,0.11556666666666666,12.285,6.0,-20,19.687031153214622,,7000.0,0.0,0.0,0.0,43.33409378706608,optimal
2021-02-12 03:30:00,3,61,2.0,0.0,1.3145492485811647,0.11556666666666666,11.487,6.0,-20,19.747492643963962,,7000.0,0.0,0.0,0.0,43.91517058635506,optimal
2021-02-12 04:00:00,3,61,2.0,0.0,0.0,0.1608,11.802,6.0,-20,19.8106216240219,,7000.0,0.0,0.0,0.0,43.8712554157687,optimal
2021-02-12 04:30:00,3,61,2.0,0.0,5.0,0.17166666666666666,11.2245,6.0,-20,19.87747501491224,,7000.0,0.0,0.0,0.0,46.20238416035293,optimal
2021-02-12 05:00:00,3,61,2.0,0.0,5.0,0.047,11.025,6.0,-20,19.94722581801793,,7000.0,0.0,0.0,0.0,48.53118177619257,optimal
2021-02-12 05:30:00,3,61,2.0,0.0,0.0,0.15766666666666665,11.907,6.0,-20,20.016661741133547,,7000.0,0.0,0.0,0.0,48.48265059441637,optimal
2021-02-12 06:00:00,3,61,2.0,0.0,0.0,0.1748,25.83,6.0,-20,20.09175787408244,,7000.0,0.0,0.0,0.0,48.434167943821954,optimal
2021-02-12 06:30:00,3,61,0.282472934579381,0.0,0.0,0.047,28.035,6.0,-20,20.170282103328805,,988.6552710278335,0.0,0.0,0.0,48.38573377587813,optimal
2021-02-12 07:00:00,3,61,2.0,0.0,0.0,0.07816666666666668,28.119,6.0,-20,20.10393868681997,,7000.0,0.0,0.0,0.0,48.33734804210225,optimal
2021-02-12 07:30:00,3,61,0.0,0.0,0.0,0.16816666666666666,30.156,6.0,-20,20.180964600220285,,0.0,0.0,0.0,0.0,48.289010694060146,optimal
2021-02-12 08:00:00,3,61,0.0,0.0,0.0,0.13113333333333332,29.1585,6.0,-20,20.09075675625948,,0.0,0.0,0.0,0.0,48.240721683366075,optimal
2021-02-12 08:30:00,3,61,1.0857929354957345,0.0,0.0,0.5733333333333334,26.712,6.0,-20,20.0,,3800.275274235071,0.0,0.0,0.0,48.192480961682705,optimal
2021-02-12 09:00:00,3,61,0.8117196723882978,0.0,0.0,0.791,15.435,6.0,-20,20.0,,2353.3521866923757,0.0,487.6666666666667,0.0,48.144288480721016,optimal
2021-02-12 09:30:00,3,61,0.6348945167616269,0.0,0.0,0.09466666666666669,13.566,6.0,-20,20.0,,2222.130808665694,0.0,0.0,0.0,48.096144192240295,optimal
2021-02-12 10:00:00,3,61,1.0699933518251779,0.0,0.0,0.9022,12.789,6.0,-20,20.0,,380.07673138812214,0.0,3364.9,0.0,48.048048048048045,optimal
2021-02-12 10:30:00,3,61,0.5171918949579827,0.0,0.0,0.7978666666666667,12.1275,6.0,-20,20.0,,228.73829901960565,0.0,1581.4333333333336,0.0,48.0,optimal
2021-02-12 11:00:00,3,61,0.0,0.0,0.0,0.07726666666666666,13.671,6.0,-20,20.0,,0.0,0.0,0.0,0.0,47.54593262955442,optimal
2021-02-12 11:30:00,3,61,0.15923809523809523,0.0,0.0,0.8511666666666666,10.668,6.0,-20,20.015860216006274,,0.0,0.0,557.3333333333334,0.0,47.09231932647929,optimal
2021-02-12 12:00:00,3,61,0.0,0.0,0.0,1.5231,11.7285,6.0,-20,20.03913861605194,,0.0,0.0,0.0,0.0,46.639159636707234,optimal
2021-02-12 12:30:00,3,61,0.0,0.0,0.0,5.887333333333333,11.025,6.0,-20,20.083067336025618,,0.0,0.0,0.0,0.0,46.18645310662495,optimal
2021-02-12 13:00:00,3,61,0.0,0.0,0.0,1.9517333333333329,10.689,6.0,-20,20.1483188918869,,0.0,0.0,0.0,0.0,45.73419928307275,optimal
2021-02-12 13:30:00,3,61,2.0,0.0,0.0,0.5133666666666666,8.1585,6.0,-20,20.197973875288298,,6164.0,0.0,835.9999999999999,0.0,45.282397713344096,optimal
2021-02-12 14:00:00,3,61,0.0,0.0,0.0,0.3781666666666667,10.3635,6.0,-20,20.382529257946917,,0.0,0.0,0.0,0.0,44.831047945185176,optimal
2021-02-12 14:30:00,3,61,0.0,0.0,0.0,1.538733333333333,10.8045,6.0,-20,20.410346884371,,0.0,0.0,0.0,0.0,44.38014952679441,optimal
2021-02-12 15:00:00,3,61,0.0,0.0,0.0,0.14793333333333333,11.025,6.0,-20,20.444414316767038,,0.0,0.0,0.0,0.0,43.92970200682204,optimal
2021-02-12 15:30:00,3,61,0.0,0.0,0.0,0.11273333333333332,10.3635,6.0,-20,20.4503773515859,,0.0,0.0,0.0,0.0,43.47970493436964,optimal
2021-02-12 16:00:00,3,61,0.0,0.0,0.0,0.11933333333333332,10.8045,6.0,-20,20.45161444713235,,0.0,0.0,0.0,0.0,43.030157858989696,optimal
2021-02-12 16:30:00,3,61,0.0,0.0,0.0,0.1318,10.059,6.0,-20,20.4174360721569,,0.0,0.0,0.0,0.0,42.58106033068513,optimal
2021-02-12 17:00:00,3,61,0.0,0.0,0.0,0.1532666666666667,10.584,6.0,-20,20.382443328307925,,0.0,0.0,0.0,0.0,42.132411899908874,optimal
2021-02-12 17:30:00,3,61,1.9138522681620487,0.0,0.0,0.1992,9.4185,6.0,-20,20.31476390045353,,6698.48293856717,0.0,0.0,0.0,41.68421211756339,optimal
2021-02-12 18:00:00,3,61,0.0,0.0,0.0,0.1026,10.3635,6.0,-20,20.40619853066895,,0.0,0.0,0.0,0.0,41.23646053500025,optimal
2021-02-12 18:30:00,3,61,0.0,0.0,0.0,0.11273333333333332,9.8385,6.0,-20,20.322128058887102,,0.0,0.0,0.0,0.0,40.78915670401967,optimal
2021-02-12 19:00:00,3,61,0.0,0.0,0.0,0.19413333333333332,11.067,6.0,-20,20.238438961497117,,0.0,0.0,0.0,0.0,40.34230017687007,optimal
2021-02-12 19:30:00,3,61,0.0,0.0,0.0,0.249,10.8465,6.0,-20,20.156812393258722,,0.0,0.0,0.0,0.0,39.895890506247625,optimal
2021-02-12 20:00:00,3,61,0.0,0.0,0.0,0.18166666666666662,13.671,6.0,-20,20.082103051791798,,0.0,0.0,0.0,0.0,39.449927245295804,optimal
2021-02-12 20:30:00,3,61,0.0,0.0,0.0,0.16573333333333332,12.348,6.0,-20,20.0,,0.0,0.0,0.0,0.0,39.004409947604934,optimal
2021-02-12 21:00:00,3,61,0.0,0.0,0.0,0.1431,14.3325,6.0,-20,19.91723753559887,,0.0,0.0,0.0,0.0,38.559338167211756,optimal
2021-02-12 21:30:00,3,61,0.0,0.0,0.0,0.11309999999999999,15.393,6.0,-20,19.833660208861,,0.0,0.0,0.0,0.0,38.11471145859897,optimal
2021-02-12 22:00:00,3,61,0.0,0.0,0.0,0.20366666666666663,13.587,6.0,-20,19.749931669056448,,0.0,0.0,0.0,0.0,38.07659674714037,optimal
2021-02-12 22:30:00,3,61,0.0,0.0,0.0,1.7347666666666668,16.1385,6.0,-20,19.670940221953106,,0.0,0.0,0.0,0.0,38.03852015039323,optimal
2021-02-12 23:00:00,3,61,0.0,0.0,0.0,0.5941000000000001,14.595,6.0,-20,19.60629083947602,,0.0,0.0,0.0,0.0,38.00048163024284,optimal
2021-02-12 23:30:00,3,61,0.0,0.0,0.0,0.8462333333333334,14.637,6.0,-20,19.536160808409917,,0.0,0.0,0.0,0.0,37.962481148612596,optimal
2021-02-13 00:00:00,3,61,2.0,0.0,5.0,0.13153333333333334,7.938,6.0,-10,19.536160808409917,,7000.0,0.0,0.0,0.0,40.299518667463985,optimal
2021-02-13 00:30:00,3,61,2.0,0.0,5.0,0.10859999999999999,8.274,6.0,-10,19.621855561353698,,6582.0,0.0,418.0,0.0,42.63421914879652,optimal
2021-02-13 01:00:00,3,61,2.0,0.0,5.0,0.057,9.261,6.0,-10,19.696990134091063,,7000.0,0.0,0.0,0.0,44.96658492964772,optimal
2021-02-13 01:30:00,3,61,2.0,0.0,3.828133472416518,0.16593333333333335,9.9225,6.0,-10,19.780671292523422,,7000.0,0.0,0.0,0.0,46.73998174411592,optimal
2021-02-13 02:00:00,3,61,2.0,0.0,5.0,0.0742,9.702,6.0,-10,19.866784097367695,,7000.0,0.0,0.0,0.0,49.0682417623718,optimal
2021-02-13 02:30:00,3,61,2.0,0.0,0.0,0.057,10.584,6.0,-10,19.950580273653816,,7000.0,0.0,0.0,0.0,49.01917352060943,optimal
2021-02-13 03:00:00,3,61,2.0,0.0,0.0,0.15446666666666667,10.143,6.0,-10,20.033620813813368,,7000.0,0.0,0.0,0.0,48.97015434708881,optimal
2021-02-13 03:30:00,3,61,0.0,0.0,0.0,0.08566666666666667,13.0095,6.0,-10,20.118616373957583,,0.0,0.0,0.0,0.0,48.92118419274172,optimal
2021-02-13 04:00:00,3,61,2.0,0.0,0.0,0.057,11.025,6.0,-10,20.036140672612525,,7000.0,0.0,0.0,0.0,48.87226300854897,optimal
2021-02-13 04:30:00,3,61,0.6881812199685912,0.0,0.0,0.057,12.789,6.0,-10,20.118407247837734,,2408.634269890069,0.0,0.0,0.0,48.823390745540415,optimal
2021-02-13 05:00:00,3,61,2.0,0.0,0.0,0.06846666666666666,12.1275,6.0,-10,20.091502467113447,,7000.0,0.0,0.0,0.0,48.774567354794875,optimal
2021-02-13 05:30:00,3,61,2.0,0.0,0.0,0.17166666666666666,12.1695,6.0,-10,20.17297468903923,,7000.0,0.0,0.0,0.0,48.72579278744007,optimal
2021-02-13 06:00:00,3,61,2.0,0.0,0.0,0.057,12.306,6.0,-10,20.25612675159716,,7000.0,0.0,0.0,0.0,48.67706699465263,optimal
2021-02-13 06:30:00,3,61,0.0,0.0,0.0,0.10859999999999999,13.23,6.0,-10,20.33580738991123,,0.0,0.0,0.0,0.0,48.62838992765797,optimal
2021-02-13 07:00:00,3,61,0.0,0.0,0.0,0.13153333333333334,13.671,6.0,-10,20.25088181466307,,0.0,0.0,0.0,0.0,48.579761537730306,optimal
2021-02-13 07:30:00,3,61,0.0,0.0,0.0,0.055,13.9335,6.0,-10,20.16664341345627,,0.0,0.0,0.0,0.0,48.53118177619257,optimal
2021-02-13 08:00:00,3,61,0.0,0.0,0.0,0.057,13.293,6.0,-10,20.08465243165795,,0.0,0.0,0.0,0.0,48.48265059441637,optimal
2021-02-13 08:30:00,3,61,1.0175329195338205,0.0,0.0,0.057,12.1065,6.0,-10,20.0,,3561.365218368372,0.0,0.0,0.0,48.434167943821954,optimal
2021-02-13 09:00:00,3,61,0.7460030014042964,0.0,0.0,0.18413333333333332,11.571,6.0,-10,20.0,,2611.0105049150375,0.0,0.0,0.0,48.38573377587813,optimal
2021-02-13 09:30:00,3,61,0.7694235194337389,0.0,0.0,0.067,11.025,6.0,-10,20.0,,2692.982318018086,0.0,0.0,0.0,48.33734804210225,optimal
2021-02-13 10:00:00,3,61,0.6967520487690851,0.0,0.0,0.153,10.8465,6.0,-10,20.0,,2368.9655040251314,0.0,69.66666666666666,0.0,48.289010694060146,optimal
2021-02-13 10:30:00,3,61,0.0,0.0,0.0,0.09746666666666669,11.2455,6.0,-10,20.028223988158214,,0.0,0.0,0.0,0.0,48.240721683366075,optimal
2021-02-13 11:00:00,3,61,0.0,0.0,0.0,0.109,23.8665,6.0,-10,20.0,,0.0,0.0,0.0,0.0,48.192480961682705,optimal
2021-02-13 11:30:00,3,61,0.0,0.0,0.0,0.3312,27.4575,6.0,-10,20.0117068873287,,0.0,0.0,0.0,0.0,48.144288480721016,optimal
2021-02-13 12:00:00,3,61,0.0,0.0,0.0,0.31139999999999995,27.3735,6.0,-10,20.028772846579226,,0.0,0.0,0.0,0.0,48.096144192240295,optimal
2021-02-13 12:30:00,3,61,0.0,0.0,0.0,1.8792333333333329,30.4605,6.0,-10,20.061150894631965,,0.0,0.0,0.0,0.0,48.048048048048045,optimal
2021-02-13 13:00:00,3,61,0.0,0.0,0.0,0.32626666666666665,30.0195,6.0,-10,20.103295284524258,,0.0,0.0,0.0,0.0,48.0,optimal
2021-02-13 13:30:00,3,61,0.0,0.0,0.0,0.139,26.9325,6.0,-10,20.141308272720256,,0.0,0.0,0.0,0.0,47.07693284103669,optimal
2021-02-13 14:00:00,3,61,0.0,0.0,0.0,0.2948,14.595,6.0,-10,20.1727425706071,,0.0,0.0,0.0,0.0,46.15478874923234,optimal
2021-02-13 14:30:00,3,61,0.0,0.0,0.0,0.2078333333333333,12.4845,6.0,-10,20.178593508028175,,0.0,0.0,0.0,0.0,45.23356680151979,optimal
2021-02-13 15:00:00,3,61,0.0,0.0,0.0,0.153,12.1275,6.0,-10,20.182260443246566,,0.0,0.0,0.0,0.0,44.31326607575496,optimal
2021-02-13 15:30:00,3,61,0.0,0.0,0.0,0.22219999999999998,12.1275,6.0,-10,20.16334200531659,,0.0,0.0,0.0,0.0,43.393885650715895,optimal
2021-02-13 16:00:00,3,61,0.0,0.0,0.0,0.40016666666666667,12.789,6.0,-10,20.146970760588808,,0.0,0.0,0.0,0.0,42.47542460610187,optimal
2021-02-13 16:30:00,3,61,0.0,0.0,0.0,0.5131333333333333,11.907,6.0,-10,20.112346119852283,,0.0,0.0,0.0,0.0,41.55788202253245,optimal
2021-02-13 17:00:00,3,61,0.0,0.0,0.0,0.067,11.025,6.0,-10,20.095991222224484,,0.0,0.0,0.0,0.0,40.64125698154661,optimal
2021-02-13 17:30:00,3,61,2.0,0.0,0.0,0.20426666666666668,8.2005,6.0,-10,20.023226638409355,,5676.333333333333,0.0,1323.6666666666667,0.0,40.60061572456507,optimal
2021-02-13 18:00:00,3,61,0.0,0.0,0.0,0.3071333333333333,9.5655,6.0,-10,20.09133387688827,,0.0,0.0,0.0,0.0,40.5600151088405,optimal
2021-02-13 18:30:00,3,61,2.0,0.0,0.0,0.4784,7.056,6.0,-10,20.019163507246972,,7000.0,0.0,0.0,0.0,40.519455093731665,optimal
2021-02-13 19:00:00,3,61,0.1254982283916852,0.0,0.0,0.7983,9.3975,6.0,-10,20.120269867905325,,439.24379937089816,0.0,0.0,0.0,40.478935638637935,optimal
2021-02-13 19:30:00,3,61,0.0,0.0,0.0,1.3619,10.059,6.0,-10,20.064667719407055,,0.0,0.0,0.0,0.0,40.4384567029993,optimal
2021-02-13 20:00:00,3,61,0.724961331109949,0.0,0.0,1.1325999999999998,9.261,6.0,-10,20.0,,2537.3646588848214,0.0,0.0,0.0,40.398018246296296,optimal
2021-02-13 20:30:00,3,61,0.09952380952380951,0.0,0.0,0.074,8.1585,6.0,-10,20.0,,0.0,0.0,348.3333333333333,0.0,40.35762022805,optimal
2021-02-13 21:00:00,3,61,0.0,0.0,0.0,0.1575,9.4815,6.0,-10,19.92944327024029,,0.0,0.0,0.0,0.0,40.31726260782195,optimal
2021-02-13 21:30:00,3,61,0.0,0.0,0.0,0.5871000000000001,8.379,6.0,-10,19.86119178140944,,0.0,0.0,0.0,0.0,40.27694534521413,optimal
2021-02-13 22:00:00,3,61,0.0,0.0,0.0,0.19590000000000002,9.5235,6.0,-10,19.801412830651415,,0.0,0.0,0.0,0.0,40.23666839986892,optimal
2021-02-13 22:30:00,3,61,0.0,0.0,0.0,0.1186,8.1375,6.0,-10,19.729989897131183,,0.0,0.0,0.0,0.0,40.19643173146905,optimal
2021-02-13 23:00:00,3,61,0.0,0.0,0.0,0.14153333333333334,10.0905,6.0,-10,19.649676642011652,,0.0,0.0,0.0,0.0,40.15623529973758,optimal
2021-02-13 23:30:00,3,61,0.0,0.0,0.0,0.067,7.539,6.0,-10,19.570448419096124,,0.0,0.0,0.0,0.0,40.11607906443784,optimal
2021-02-07 00:00:00,4,61,0.0,0.0,0.0,0.062,13.146,6.0,5,21.0,,0.0,0.0,0.0,0.0,47.952,optimal
2021-02-07 00:30:00,4,61,0.0,0.0,0.0,0.062,10.584,6.0,5,20.926364037388137,,0.0,0.0,0.0,0.0,47.904047999999996,optimal
2021-02-07 01:00:00,4,61,0.0,0.0,0.0,0.1248,6.678,6.0,5,20.852618111440453,,0.0,0.0,0.0,0.0,47.856143952,optimal
2021-02-07 01:30:00,4,61,0.0,0.0,0.0,0.10386666666666666,7.938,6.0,5,20.780245511698652,,0.0,0.0,0.0,0.0,47.80828780804799,optimal
2021-02-07 02:00:00,4,61,0.0,0.0,0.0,0.062,5.292,6.0,5,20.707471950204333,,0.0,0.0,0.0,0.0,47.76047952023995,optimal
2021-02-07 02:30:00,4,61,0.0,0.0,0.0,0.16666666666666666,9.261,6.0,5,20.633804822389752,,0.0,0.0,0.0,0.0,47.712719040719705,optimal
2021-02-07 03:00:00,4,61,0.0,0.0,0.0,0.062,10.3635,6.0,5,20.562499246043274,,0.0,0.0,0.0,0.0,47.66500632167899,optimal
2021-02-07 03:30:00,4,61,0.0,0.0,0.0,0.062,8.274,6.0,5,20.4886026015988,,0.0,0.0,0.0,0.0,47.61734131535731,optimal
2021-02-07 04:00:00,4,61,0.0,0.0,0.0,0.062,7.7175,6.0,5,20.414805629093774,,0.0,0.0,0.0,0.0,47.56972397404195,optimal
2021-02-07 04:30:00,4,61,0.0,0.0,0.0,0.16666666666666666,6.615,6.0,5,20.341107912800556,,0.0,0.0,0.0,0.0,47.522154250067906,optimal
2021-02-07 05:00:00,4,61,0.0,0.0,0.0,0.062,6.174,6.0,5,20.27018897152248,,0.0,0.0,0.0,0.0,47.47463209581784,optimal
2021-02-07 05:30:00,4,61,1.9296872932880367,0.0,0.0,0.06266666666666666,3.906,6.0,5,20.197094445470874,,6753.905526508129,0.0,0.0,0.0,47.42715746372202,optimal
2021-02-07 06:00:00,4,61,2.0,0.0,0.0,0.17076666666666668,2.3415,6.0,5,20.283777719478994,,7000.0,0.0,0.0,0.0,47.379730306258296,optimal
2021-02-07 06:30:00,4,61,2.0,0.0,0.0,0.6541666666666667,2.205,6.0,5,20.37883258632539,,7000.0,0.0,0.0,0.0,47.332350575952034,optimal
2021-02-07 07:00:00,4,61,2.0,0.0,3.8575597812994027,1.8045333333333333,0.882,6.0,5,20.482096936075543,,7000.0,0.0,0.0,0.0,49.1173591214933,optimal
2021-02-07 07:30:00,4,61,2.0,0.0,0.0,0.198,1.5435,6.0,5,20.601057565210912,,7000.0,0.0,0.0,0.0,49.0682417623718,optimal
2021-02-07 08:00:00,4,61,2.0,0.0,0.0,0.23136666666666666,1.5435,6.0,5,20.69943838644475,,7000.0,0.0,0.0,0.0,49.01917352060943,optimal
2021-02-07 08:30:00,4,61,0.0,0.0,0.0,0.8351666666666666,5.0715,6.0,5,20.79926326383116,,0.0,0.0,0.0,0.0,48.97015434708881,optimal
2021-02-07 09:00:00,4,61,0.0,0.0,0.0,0.31,5.376,6.0,5,20.74948830845883,,0.0,0.0,0.0,0.0,48.92118419274172,optimal
2021-02-07 09:30:00,4,61,0.0,0.0,0.0,1.0067000000000002,5.0715,6.0,5,20.699646152881357,,0.0,0.0,0.0,0.0,48.87226300854897,optimal
2021-02-07 10:00:00,4,61,0.0,0.0,0.0,1.9165666666666663,5.5125,6.0,5,20.655724382042525,,0.0,0.0,0.0,0.0,48.823390745540415,optimal
2021-02-07 10:30:00,4,61,0.0,0.0,0.0,0.9883333333333334,9.261,6.0,5,20.63527863932567,,0.0,0.0,0.0,0.0,48.774567354794875,optimal
2021-02-07 11:00:00,4,61,0.0,0.0,0.0,1.3596333333333335,11.7075,6.0,5,20.611466312907563,,0.0,0.0,0.0,0.0,48.72579278744007,optimal
2021-02-07 11:30:00,4,61,0.0,0.0,0.0,0.7382000000000001,12.348,6.0,5,20.61131839560763,,0.0,0.0,0.0,0.0,48.67706699465263,optimal
2021-02-07 12:00:00,4,61,0.0,0.0,0.0,0.283,12.348,6.0,5,20.602586417412713,,0.0,0.0,0.0,0.0,48.62838992765797,optimal
2021-02-07 12:30:00,4,61,0.0,0.0,0.0,0.49906666666666666,12.1275,6.0,5,20.59298108148243,,0.0,0.0,0.0,0.0,48.579761537730306,optimal
2021-02-07 13:00:00,4,61,0.0,0.0,0.0,1.3767,12.5265,6.0,5,20.584202559422273,,0.0,0.0,0.0,0.0,48.53118177619257,optimal
2021-02-07 13:30:00,4,61,0.0,0.0,0.0,1.4576333333333333,11.7495,6.0,5,20.56519794674316,,0.0,0.0,0.0,0.0,48.48265059441637,optimal
2021-02-07 14:00:00,4,61,0.0,0.0,0.0,0.29606666666666664,13.23,6.0,5,20.55163453780351,,0.0,0.0,0.0,0.0,48.434167943821954,optimal
2021-02-07 14:30:00,4,61,0.0,0.0,0.0,0.062,14.3325,6.0,5,20.534364970868314,,0.0,0.0,0.0,0.0,48.38573377587813,optimal
2021-02-07 15:00:00,4,61,0.0,0.0,0.0,0.16733333333333333,14.994,6.0,5,20.506780510485715,,0.0,0.0,0.0,0.0,48.33734804210225,optimal
2021-02-07 15:30:00,4,61,0.0,0.0,0.0,0.072,14.8155,6.0,5,20.49304364549026,,0.0,0.0,0.0,0.0,48.289010694060146,optimal
2021-02-07 16:00:00,4,61,0.0,0.0,0.0,0.464,14.112,6.0,5,20.476267047643525,,0.0,0.0,0.0,0.0,48.240721683366075,optimal
2021-02-07 16:30:00,4,61,0.0,0.0,0.0,0.2335,14.007,6.0,5,20.449310885895898,,0.0,0.0,0.0,0.0,48.192480961682705,optimal
2021-02-07 17:00:00,4,61,0.0,0.0,0.0,2.8523666666666667,13.23,6.0,5,20.420975644300828,,0.0,0.0,0.0,0.0,48.144288480721016,optimal
2021-02-07 17:30:00,4,61,0.0,0.0,0.0,2.9805333333333333,11.382,6.0,5,20.3805018166963,,0.0,0.0,0.0,0.0,48.096144192240295,optimal
2021-02-07 18:00:00,4,61,0.0,0.0,0.0,0.5701666666666666,11.7495,6.0,5,20.337804234306795,,0.0,0.0,0.0,0.0,48.048048048048045,optimal
2021-02-07 18:30:00,4,61,0.0,0.0,0.0,0.4398333333333333,24.3285,6.0,5,20.281625414790437,,0.0,0.0,0.0,0.0,48.0,optimal
2021-02-07 19:00:00,4,61,0.0,0.0,0.0,0.14526666666666668,28.917,6.0,5,20.22401609018954,,0.0,0.0,0.0,0.0,47.33645095722244,optimal
2021-02-07 19:30:00,4,61,0.0,0.0,0.0,0.1034,31.3635,6.0,5,20.149609426467787,,0.0,0.0,0.0,0.0,46.673565463487655,optimal
2021-02-07 20:00:00,4,61,0.0,0.0,0.0,0.11386666666666666,33.306,6.0,5,20.074524556011113,,0.0,0.0,0.0,0.0,46.01134285524661,optimal
2021-02-07 20:30:00,4,61,0.0,0.0,0.0,0.1348,31.3425,6.0,5,20.0,,0.0,0.0,0.0,0.0,45.34978246961381,optimal
2021-02-07 21:00:00,4,61,0.0,0.0,0.0,0.3695,28.2555,6.0,5,19.92586346390329,,0.0,0.0,0.0,0.0,44.68888364436663,optimal
2021-02-07 21:30:00,4,61,0.0,0.0,0.0,1.1609666666666667,15.6975,6.0,5,19.86399644011409,,0.0,0.0,0.0,0.0,44.028645717944705,optimal
2021-02-07 22:00:00,4,61,0.0,0.0,0.0,0.3993,12.5475,6.0,5,19.806555207684475,,0.0,0.0,0.0,0.0,43.3690680294492,optimal
2021-02-07 22:30:00,4,61,0.0,0.0,0.0,0.1662,12.0855,6.0,5,19.745011872401033,,0.0,0.0,0.0,0.0,42.710149918642195,optimal
2021-02-07 23:00:00,4,61,0.0,0.0,0.0,0.12040000000000001,11.907,6.0,5,19.67226320097334,,0.0,0.0,0.0,0.0,42.667439768723554,optimal
2021-02-07 23:30:00,4,61,0.0,0.0,0.0,0.42406666666666665,12.5685,6.0,5,19.6003500174118,,0.0,0.0,0.0,0.0,42.62477232895483,optimal
2021-02-08 00:00:00,4,61,0.0,0.0,0.0,0.065,12.348,6.0,7,19.6003500174118,,0.0,0.0,0.0,0.0,42.58214755662588,optimal
2021-02-08 00:30:00,4,61,0.0,0.0,0.0,0.1211,12.1275,6.0,7,19.526385224363672,,0.0,0.0,0.0,0.0,42.539565409069255,optimal
2021-02-08 01:00:00,4,61,0.0,0.0,0.0,0.3196333333333333,12.1275,6.0,7,19.454053566260225,,0.0,0.0,0.0,0.0,42.49702584366018,optimal
2021-02-08 01:30:00,4,61,0.0,0.0,0.0,0.065,11.2665,6.0,7,19.38671136107968,,0.0,0.0,0.0,0.0,42.454528817816524,optimal
2021-02-08 02:00:00,4,61,2.0,0.0,0.0,0.3213333333333333,10.143,6.0,7,19.31342909826222,,0.0,0.0,7000.0,0.0,42.41207428899871,optimal
2021-02-08 02:30:00,4,61,0.0,0.0,0.0,0.1194,11.2455,6.0,7,19.2462964764246,,0.0,0.0,0.0,0.0,42.36966221470971,optimal
2021-02-08 03:00:00,4,61,0.7199714956374598,0.0,0.0,0.2236,11.025,6.0,7,19.174884368875194,,672.233568064442,0.0,1847.6666666666667,0.0,42.327292552495,optimal
2021-02-08 03:30:00,4,61,2.0,0.0,0.0,0.21713333333333332,5.9745,6.0,7,19.1223117822182,,7000.0,0.0,0.0,0.0,42.28496525994251,optimal
2021-02-08 04:00:00,4,61,2.0,0.0,0.0,0.16256666666666666,7.938,6.0,7,19.219008182898353,,7000.0,0.0,0.0,0.0,42.242680294682565,optimal
2021-02-08 04:30:00,4,61,2.0,0.0,0.0,0.22056666666666663,8.6835,6.0,7,19.313804293034508,,7000.0,0.0,0.0,0.0,42.20043761438788,optimal
2021-02-08 05:00:00,4,61,2.0,0.0,0.0,0.1226,7.665,6.0,7,19.409157409954055,,7000.0,0.0,0.0,0.0,42.15823717677349,optimal
2021-02-08 05:30:00,4,61,2.0,0.0,0.0,0.3181333333333333,6.7725,6.0,7,19.50138253220356,,7000.0,0.0,0.0,0.0,42.11607893959672,optimal
2021-02-08 06:00:00,4,61,2.0,0.0,0.0,0.075,5.5755,6.0,7,19.597631363834708,,7000.0,0.0,0.0,0.0,42.07396286065712,optimal
2021-02-08 06:30:00,4,61,2.0,0.0,5.0,0.09526666666666668,5.0925,6.0,7,19.687293224152615,,7000.0,0.0,0.0,0.0,44.40688889779646,optimal
2021-02-08 07:00:00,4,61,2.0,0.0,5.0,0.31139999999999995,4.1895,6.0,7,19.777071474410505,,7000.0,0.0,0.0,0.0,46.73748200889867,optimal
2021-02-08 07:30:00,4,61,2.0,0.0,0.0,2.247266666666667,7.056,6.0,7,19.876186885358898,,7000.0,0.0,0.0,0.0,46.690744526889766,optimal
2021-02-08 08:00:00,4,61,2.0,0.0,3.4630671825205708,1.175733333333333,5.271,6.0,7,20.0,,7000.0,0.0,0.0,0.0,48.289010694060146,optimal
2021-02-08 08:30:00,4,61,2.0,0.0,0.0,0.19253333333333333,7.938,6.0,7,20.10649201207621,,7000.0,0.0,0.0,0.0,48.240721683366075,optimal
2021-02-08 09:00:00,4,61,2.0,0.0,0.0,0.1746,7.938,6.0,7,20.200972558636188,,7000.0,0.0,0.0,0.0,48.192480961682705,optimal
2021-02-08 09:30:00,4,61,0.0,0.0,0.0,0.554,11.907,6.0,7,20.31129757020683,,0.0,0.0,0.0,0.0,48.144288480721016,optimal
2021-02-08 10:00:00,4,61,2.0,0.0,0.0,0.10196666666666668,11.025,6.0,7,20.2717120410567,,7000.0,0.0,0.0,0.0,48.096144192240295,optimal
2021-02-08 10:30:00,4,61,0.5088664141187498,0.0,0.0,0.659,11.2875,6.0,7,20.412942317689033,,1781.0324494156243,0.0,0.0,0.0,48.048048048048045,optimal
2021-02-08 11:00:00,4,61,0.0,0.0,0.0,0.22813333333333333,12.936,6.0,7,20.44890626648289,,0.0,0.0,0.0,0.0,48.0,optimal
2021-02-08 11:30:00,4,61,0.0,0.0,0.0,0.0814,13.0095,6.0,7,20.455722016471725,,0.0,0.0,0.0,0.0,47.851664328317085,optimal
2021-02-08 12:00:00,4,61,0.0,0.0,0.0,0.2121333333333333,13.671,6.0,7,20.454196306700034,,0.0,0.0,0.0,0.0,47.70347699230585,optimal
2021-02-08 12:30:00,4,61,0.0,0.0,0.0,0.1736,13.188,6.0,7,20.466520463765278,,0.0,0.0,0.0,0.0,47.555437843630635,optimal
2021-02-08 13:00:00,4,61,0.0,0.0,0.0,0.15,13.8495,6.0,7,20.478717561793026,,0.0,0.0,0.0,0.0,47.407546734104095,optimal
2021-02-08 13:30:00,4,61,0.0,0.0,0.0,0.18719999999999998,13.23,6.0,7,20.48757537824753,,0.0,0.0,0.0,0.0,47.259803515687075,optimal
2021-02-08 14:00:00,4,61,0.0,0.0,0.0,0.15753333333333333,13.3665,6.0,7,20.497691709865023,,0.0,0.0,0.0,0.0,47.112208040488476,optimal
2021-02-08 14:30:00,4,61,0.0,0.0,0.0,0.075,13.0515,6.0,7,20.50819552612588,,0.0,0.0,0.0,0.0,46.964760160765074,optimal
2021-02-08 15:00:00,4,61,0.0,0.0,0.0,0.2991333333333333,13.5345,6.0,7,20.51608111394358,,0.0,0.0,0.0,0.0,46.8174597289214,optimal
2021-02-08 15:30:00,4,61,0.0,0.0,0.0,0.104,14.154,6.0,7,20.506138640328384,,0.0,0.0,0.0,0.0,46.670306597509565,optimal
2021-02-08 16:00:00,4,61,0.0,0.0,0.0,0.17473333333333332,14.112,6.0,7,20.49183870450797,,0.0,0.0,0.0,0.0,46.52330061922914,optimal
2021-02-08 16:30:00,4,61,0.0,0.0,0.0,0.2732,14.2485,6.0,7,20.452736930668586,,0.0,0.0,0.0,0.0,46.376441646927,optimal
2021-02-08 17:00:00,4,61,0.0,0.0,0.0,0.27813333333333334,12.789,6.0,7,20.415497595486794,,0.0,0.0,0.0,0.0,46.33006520528007,optimal
2021-02-08 17:30:00,4,61,0.0,0.0,0.0,1.2958333333333332,13.0095,6.0,7,20.361258378336576,,0.0,0.0,0.0,0.0,46.28373514007479,optimal
2021-02-08 18:00:00,4,61,0.0,0.0,0.0,0.097,12.1275,6.0,7,20.32748172205637,,0.0,0.0,0.0,0.0,46.23745140493472,optimal
2021-02-08 18:30:00,4,61,0.0,0.0,0.0,0.2013,12.348,6.0,7,20.257815109190215,,0.0,0.0,0.0,0.0,46.19121395352978,optimal
2021-02-08 19:00:00,4,61,0.0,0.0,0.0,0.33016666666666666,12.348,6.0,7,20.190666443245433,,0.0,0.0,0.0,0.0,46.145022739576255,optimal
2021-02-08 19:30:00,4,61,0.0,0.0,0.0,0.3123666666666667,25.389,6.0,7,20.128651658632027,,0.0,0.0,0.0,0.0,46.09887771683668,optimal
2021-02-08 20:00:00,4,61,0.0,0.0,0.0,0.26439999999999997,29.1375,6.0,7,20.065648109706643,,0.0,0.0,0.0,0.0,46.052778839119846,optimal
2021-02-08 20:30:00,4,61,0.0,0.0,0.0,0.45530000000000004,30.597,6.0,7,20.0,,0.0,0.0,0.0,0.0,46.00672606028073,optimal
2021-02-08 21:00:00,4,61,0.0,0.0,0.0,0.2888,33.684,6.0,7,19.940148591219277,,0.0,0.0,0.0,0.0,45.96071933422044,optimal
2021-02-08 21:30:00,4,61,0.0,0.0,0.0,0.342,32.445,6.0,7,19.875093293892736,,0.0,0.0,0.0,0.0,45.914758614886225,optimal
2021-02-08 22:00:00,4,61,0.0,0.0,0.0,0.32616666666666666,28.917,6.0,7,19.812272994418304,,0.0,0.0,0.0,0.0,45.86884385627134,optimal
2021-02-08 22:30:00,4,61,0.0,0.0,0.0,0.2644666666666666,15.876,6.0,7,19.75511705869017,,0.0,0.0,0.0,0.0,45.82297501241507,optimal
2021-02-08 23:00:00,4,61,0.0,0.0,0.0,0.1446,12.348,6.0,7,19.688172331364996,,0.0,0.0,0.0,0.0,45.77715203740266,optimal
2021-02-08 23:30:00,4,61,0.0,0.0,0.0,0.18603333333333333,12.1275,6.0,7,19.612147859475787,,0.0,0.0,0.0,0.0,45.731374885365256,optimal
2021-02-09 00:00:00,4,61,0.0,0.0,0.0,0.061,15.981,6.0,-17,19.612147859475787,,0.0,0.0,0.0,0.0,45.68564351047989,optimal
2021-02-09 00:30:00,4,61,0.0,0.0,0.0,0.15806666666666666,15.6345,6.0,-17,19.534283185408,,0.0,0.0,0.0,0.0,45.63995786696941,optimal
2021-02-09 01:00:00,4,61,0.0,0.0,0.0,0.14636666666666667,16.5375,6.0,-17,19.459243763677986,,0.0,0.0,0.0,0.0,45.59431790910244,optimal
2021-02-09 01:30:00,4,61,2.0,0.0,0.0,0.17556666666666668,14.7735,6.0,-17,19.384449616434143,,6164.0,0.0,836.0,0.0,45.548723591193344,optimal
2021-02-09 02:00:00,4,61,1.8684561740430057,0.0,0.0,0.10916666666666669,15.2145,6.0,-17,19.455783907650094,,6539.59660915052,0.0,0.0,0.0,45.50317486760215,optimal
2021-02-09 02:30:00,4,61,2.0,0.0,0.0,0.1989,14.553,6.0,-17,19.53370430744088,,7000.0,0.0,0.0,0.0,45.45767169273454,optimal
2021-02-09 03:00:00,4,61,2.0,0.0,0.0,0.15806666666666666,14.3325,6.0,-17,19.62449805695438,,7000.0,0.0,0.0,0.0,45.412214021041805,optimal
2021-02-09 03:30:00,4,61,2.0,0.0,0.0,0.1989,14.595,6.0,-17,19.714157502481218,,7000.0,0.0,0.0,0.0,45.366801807020764,optimal
2021-02-09 04:00:00,4,61,2.0,0.0,0.0,0.06756666666666666,14.994,6.0,-17,19.804824232947382,,7000.0,0.0,0.0,0.0,45.32143500521374,optimal
2021-02-09 04:30:00,4,61,2.0,0.0,0.0,0.19090000000000001,14.3325,6.0,-17,19.89242885510674,,7000.0,0.0,0.0,0.0,45.27611357020853,optimal
2021-02-09 05:00:00,4,61,2.0,0.0,0.0,0.17263333333333333,13.8915,6.0,-17,19.982163127301956,,7000.0,0.0,0.0,0.0,45.23083745663832,optimal
2021-02-09 05:30:00,4,61,2.0,0.0,0.0,0.1026,13.8915,6.0,-17,20.07067471376122,,7000.0,0.0,0.0,0.0,45.185606619181684,optimal
2021-02-09 06:00:00,4,61,2.0,0.0,1.1163150697014221,0.12353333333333331,13.4715,6.0,-17,20.157163497922433,,7000.0,0.0,0.0,0.0,45.670670670670674,optimal
2021-02-09 06:30:00,4,61,2.0,0.0,5.0,0.16876666666666668,13.23,6.0,-17,20.24556458523356,,7000.0,0.0,0.0,0.0,48.0,optimal
2021-02-09 07:00:00,4,61,2.0,0.0,0.0,0.22716666666666663,13.8915,6.0,-17,20.33450997514529,,7000.0,0.0,0.0,0.0,47.870987361466405,optimal
2021-02-09 07:30:00,4,61,0.0,0.0,0.0,0.071,26.9325,6.0,-17,20.42020295593048,,0.0,0.0,0.0,0.0,47.74210373557135,optimal
2021-02-09 08:00:00,4,61,0.0,0.0,0.0,0.06966666666666667,30.303,6.0,-17,20.33615032036927,,0.0,0.0,0.0,0.0,47.61334899330218,optimal
2021-02-09 08:30:00,4,61,0.0,0.0,0.0,0.1088,32.886,6.0,-17,20.252387704766257,,0.0,0.0,0.0,0.0,47.48472300577529,optimal
2021-02-09 09:00:00,4,61,0.0,0.0,0.0,0.2547333333333333,34.9965,6.0,-17,20.170728755134224,,0.0,0.0,0.0,0.0,47.35622564423592,optimal
2021-02-09 09:30:00,4,61,0.0,0.0,0.0,0.061,33.327,6.0,-17,20.11202167732047,,0.0,0.0,0.0,0.0,47.22785678005809,optimal
2021-02-09 10:00:00,4,61,0.0,0.0,0.0,0.1827333333333333,31.122,6.0,-17,20.05023632914624,,0.0,0.0,0.0,0.0,47.099616284744435,optimal
2021-02-09 10:30:00,4,61,0.0,0.0,0.0,0.19213333333333332,17.9025,6.0,-17,20.02453453633073,,0.0,0.0,0.0,0.0,46.971504029926095,optimal
2021-02-09 11:00:00,4,61,0.0,0.0,0.0,0.071,15.6555,6.0,-17,20.0,,0.0,0.0,0.0,0.0,46.843519887362575,optimal
2021-02-09 11:30:00,4,61,0.0,0.0,0.0,0.30296666666666666,14.553,6.0,-17,20.003342810143682,,0.0,0.0,0.0,0.0,46.71566372894162,optimal
2021-02-09 12:00:00,4,61,0.0,0.0,0.0,0.06756666666666666,14.3325,6.0,-17,20.01242824833343,,0.0,0.0,0.0,0.0,46.58793542667909,optimal
2021-02-09 12:30:00,4,61,0.0,0.0,0.0,0.12340000000000001,13.335,6.0,-17,20.036970443320758,,0.0,0.0,0.0,0.0,46.460334852718816,optimal
2021-02-09 13:00:00,4,61,0.09952380952380951,0.0,0.0,0.2523666666666667,12.1275,6.0,-17,20.06252006007799,,0.0,0.0,348.3333333333333,0.0,46.332861879332505,optimal
2021-02-09 13:30:00,4,61,0.0,0.0,0.0,0.09383333333333331,12.2955,6.0,-17,20.099262176255877,,0.0,0.0,0.0,0.0,46.205516378919576,optimal
2021-02-09 14:00:00,4,61,0.0,0.0,0.0,0.06233333333333334,11.6865,6.0,-17,20.128428254690814,,0.0,0.0,0.0,0.0,46.078298224007064,optimal
2021-02-09 14:30:00,4,61,0.0,0.0,0.0,0.27313333333333334,11.466,6.0,-17,20.150427767241595,,0.0,0.0,0.0,0.0,45.95120728724946,optimal
2021-02-09 15:00:00,4,61,0.17593741682790315,0.0,0.0,0.11040000000000001,10.8045,6.0,-17,20.17689973627267,,615.780958897661,0.0,0.0,0.0,45.824243441428614,optimal
2021-02-09 15:30:00,4,61,2.0,0.0,0.0,0.071,10.584,6.0,-17,20.18986218808885,,7000.0,0.0,0.0,0.0,45.69740655945359,optimal
2021-02-09 16:00:00,4,61,0.0,0.0,0.0,0.3112,11.2455,6.0,-17,20.352584167349445,,0.0,0.0,0.0,0.0,45.57069651436054,optimal
2021-02-09 16:30:00,4,61,0.0,0.0,0.0,0.061,12.1275,6.0,-17,20.322245525629793,,0.0,0.0,0.0,0.0,45.44411317931259,optimal
2021-02-09 17:00:00,4,61,0.0,0.0,0.0,0.25,11.823,6.0,-17,20.28591325455623,,0.0,0.0,0.0,0.0,45.31765642759968,optimal
2021-02-09 17:30:00,4,61,0.0,0.0,0.0,0.11486666666666666,11.7705,6.0,-17,20.22062026103858,,0.0,0.0,0.0,0.0,45.19132613263849,optimal
2021-02-09 18:00:00,4,61,0.0,0.0,0.0,0.10493333333333334,11.13,6.0,-17,20.15196026095537,,0.0,0.0,0.0,0.0,45.065122167972255,optimal
2021-02-09 18:30:00,4,61,0.0,0.0,0.0,0.2982666666666666,11.6865,6.0,-17,20.072747358995876,,0.0,0.0,0.0,0.0,44.93904440727069,optimal
2021-02-09 19:00:00,4,61,1.6421031551864065,0.0,0.0,0.1584,10.7205,6.0,-17,20.0,,5747.361043152422,0.0,0.0,0.0,44.81309272432983,optimal
2021-02-09 19:30:00,4,61,0.0,0.0,0.0,0.4367,11.424,6.0,-17,20.064450165278387,,0.0,0.0,0.0,0.0,44.6872669930719,optimal
2021-02-09 20:00:00,4,61,0.8529727867678026,0.0,0.0,0.35246666666666665,10.689,6.0,-17,20.0,,2776.404753687309,0.0,209.0,0.0,44.561567087545235,optimal
2021-02-09 20:30:00,4,61,0.0,0.0,0.0,0.30556666666666665,11.361,6.0,-17,20.0,,0.0,0.0,0.0,0.0,44.43599288192409,optimal
2021-02-09 21:00:00,4,61,0.0,0.0,0.0,0.4214,11.571,6.0,-17,19.93302934319945,,0.0,0.0,0.0,0.0,44.31054425050858,optimal
2021-02-09 21:30:00,4,61,0.0,0.0,0.0,0.18466666666666662,14.3745,6.0,-17,19.867513155297296,,0.0,0.0,0.0,0.0,44.18522106772448,optimal
2021-02-09 22:00:00,4,61,0.0,0.0,0.0,0.08726666666666666,13.23,6.0,-17,19.792188024416994,,0.0,0.0,0.0,0.0,44.06002320812316,optimal
2021-02-09 22:30:00,4,61,0.0,0.0,0.0,0.1792,13.9755,6.0,-17,19.712209213113688,,0.0,0.0,0.0,0.0,43.934950546381444,optimal
2021-02-09 23:00:00,4,61,0.0,0.0,0.0,0.15113333333333331,14.994,6.0,-17,19.634943264084157,,0.0,0.0,0.0,0.0,43.891015595835064,optimal
2021-02-09 23:30:00,4,61,0.0,0.0,0.0,0.2127333333333333,13.671,6.0,-17,19.559528831643387,,0.0,0.0,0.0,0.0,43.84712458023923,optimal
2021-02-10 00:00:00,4,61,0.0,0.0,0.0,0.15819999999999998,18.7215,6.0,8,19.559528831643387,,0.0,0.0,0.0,0.0,43.80327745565899,optimal
2021-02-10 00:30:00,4,61,0.0,0.0,0.0,0.14980000000000002,17.4195,6.0,8,19.489730766951418,,0.0,0.0,0.0,0.0,43.759474178203334,optimal
2021-02-10 01:00:00,4,61,0.0,0.0,0.0,0.09179999999999999,16.758,6.0,8,19.413250477859187,,0.0,0.0,0.0,0.0,43.71571470402513,optimal
2021-02-10 01:30:00,4,61,0.0,0.0,0.0,0.057,14.217,6.0,8,19.3353025955058,,0.0,0.0,0.0,0.0,43.671998989321104,optimal
2021-02-10 02:00:00,4,61,0.0,0.0,0.0,0.057,13.3665,6.0,8,19.256441038562027,,0.0,0.0,0.0,0.0,43.628326990331786,optimal
2021-02-10 02:30:00,4,61,0.5136749622107901,0.0,0.0,0.144,12.789,6.0,8,19.17749131402547,,1797.8623677377652,0.0,0.0,0.0,43.584698663341456,optimal
2021-02-10 03:00:00,4,61,2.0,0.0,0.0,0.09759999999999999,11.907,6.0,8,19.143376174465327,,7000.0,0.0,0.0,0.0,43.54111396467811,optimal
2021-02-10 03:30:00,4,61,2.0,0.0,0.0,0.07440000000000001,11.7075,6.0,8,19.231140382187334,,7000.0,0.0,0.0,0.0,43.49757285071343,optimal
2021-02-10 04:00:00,4,61,2.0,0.0,0.0,0.1672,10.8045,6.0,8,19.31799073154282,,7000.0,0.0,0.0,0.0,43.45407527786272,optimal
2021-02-10 04:30:00,4,61,2.0,0.0,0.0,0.057,11.508,6.0,8,19.406670021190706,,7000.0,0.0,0.0,0.0,43.410621202584856,optimal
2021-02-10 05:00:00,4,61,2.0,0.0,0.0,0.057,11.508,6.0,8,19.491960299494142,,7000.0,0.0,0.0,0.0,43.367210581382274,optimal
2021-02-10 05:30:00,4,61,2.0,0.0,0.0,0.1034,11.508,6.0,8,19.57647773952559,,7000.0,0.0,0.0,0.0,43.323843370800894,optimal
2021-02-10 06:00:00,4,61,2.0,0.0,0.0,0.1382,11.844,6.0,8,19.6613211595593,,7000.0,0.0,0.0,0.0,43.280519527430094,optimal
2021-02-10 06:30:00,4,61,2.0,0.0,0.0,0.057,11.508,6.0,8,19.7462153012466,,7000.0,0.0,0.0,0.0,43.237239007902666,optimal
2021-02-10 07:00:00,4,61,2.0,0.0,0.0,0.1846,11.508,6.0,8,19.829672253928152,,7000.0,0.0,0.0,0.0,43.194001768894765,optimal
2021-02-10 07:30:00,4,61,2.0,0.0,0.0,0.057,10.4475,6.0,8,19.916628188647884,,7000.0,0.0,0.0,0.0,43.15080776712587,optimal
2021-02-10 08:00:00,4,61,2.0,0.0,0.0,0.12079999999999999,10.8675,6.0,8,20.0,,3398.6450634746657,0.0,3601.3549365253343,0.0,43.10765695935874,optimal
2021-02-10 08:30:00,4,61,2.0,0.0,0.0,0.12079999999999999,10.542,6.0,8,20.0,,6700.021603192001,0.0,299.97839680799905,0.0,43.064549302399385,optimal
2021-02-10 09:00:00,4,61,1.9023529970299335,0.0,0.0,0.0628,11.025,6.0,8,20.078786152270684,,6658.235489604767,0.0,0.0,0.0,43.021484753096985,optimal
2021-02-10 09:30:00,4,61,2.0,0.0,0.0,0.17880000000000001,11.025,6.0,8,20.17640081195345,,7000.0,0.0,0.0,0.0,42.97846326834389,optimal
2021-02-10 10:00:00,4,61,0.0,0.0,0.0,0.057,14.553,6.0,8,20.285251232616975,,0.0,0.0,0.0,0.0,42.935484805075546,optimal
2021-02-10 10:30:00,4,61,0.0,0.0,0.0,1.9886333333333328,13.0935,6.0,8,20.25983656285751,,0.0,0.0,0.0,0.0,42.89254932027047,optimal
2021-02-10 11:00:00,4,61,0.0,0.0,0.0,0.2621,15.6345,6.0,8,20.245189409324393,,0.0,0.0,0.0,0.0,42.8496567709502,optimal
2021-02-10 11:30:00,4,61,0.0,0.0,0.0,0.084,18.102,6.0,8,20.250875404160414,,0.0,0.0,0.0,0.0,42.80680711417925,optimal
2021-02-10 12:00:00,4,61,0.0,0.0,0.0,1.9571666666666667,17.199,6.0,8,20.25257239971712,,0.0,0.0,0.0,0.0,42.76400030706507,optimal
2021-02-10 12:30:00,4,61,0.0,0.0,0.0,0.2770666666666667,18.2805,6.0,8,20.29153648945506,,0.0,0.0,0.0,0.0,42.721236306758,optimal
2021-02-10 13:00:00,4,61,0.0,0.0,0.0,1.2634333333333334,17.4615,6.0,8,20.327949318581183,,0.0,0.0,0.0,0.0,42.67851507045124,optimal
2021-02-10 13:30:00,4,61,0.0,0.0,0.0,0.9605,18.3225,6.0,8,20.363730307056443,,0.0,0.0,0.0,0.0,42.63583655538079,optimal
2021-02-10 14:00:00,4,61,0.0,0.0,0.0,0.06366666666666666,17.094,6.0,8,20.397212324709027,,0.0,0.0,0.0,0.0,42.59320071882541,optimal
2021-02-10 14:30:00,4,61,0.0,0.0,0.0,0.065,17.094,6.0,8,20.419294969104218,,0.0,0.0,0.0,0.0,42.55060751810658,optimal
2021-02-10 15:00:00,4,61,0.0,0.0,0.0,0.22640000000000002,17.094,6.0,8,20.441285507680956,,0.0,0.0,0.0,0.0,42.50805691058847,optimal
2021-02-10 15:30:00,4,61,0.0,0.0,0.0,1.7088666666666665,17.3565,6.0,8,20.45021298918515,,0.0,0.0,0.0,0.0,42.46554885367788,optimal
2021-02-10 16:00:00,4,61,0.0,0.0,0.0,0.5954666666666667,17.115,6.0,8,20.470652412064126,,0.0,0.0,0.0,0.0,42.4230833048242,optimal
2021-02-10 16:30:00,4,61,0.0,0.0,0.0,1.9981,17.241,6.0,8,20.455249005201328,,0.0,0.0,0.0,0.0,42.38066022151938,optimal
2021-02-10 17:00:00,4,61,0.0,0.0,0.0,0.30706666666666665,17.094,6.0,8,20.44169233045553,,0.0,0.0,0.0,0.0,42.33827956129786,optimal
2021-02-10 17:30:00,4,61,0.0,0.0,0.0,0.2807333333333333,16.5165,6.0,8,20.39207826306675,,0.0,0.0,0.0,0.0,42.29594128173656,optimal
2021-02-10 18:00:00,4,61,0.0,0.0,0.0,0.5331333333333333,17.8185,6.0,8,20.336324215650468,,0.0,0.0,0.0,0.0,42.253645340454824,optimal
2021-02-10 18:30:00,4,61,0.0,0.0,0.0,1.7450666666666665,17.094,6.0,8,20.26355305566878,,0.0,0.0,0.0,0.0,42.21139169511437,optimal
2021-02-10 19:00:00,4,61,0.0,0.0,0.0,0.1366,16.8945,6.0,8,20.201570268997877,,0.0,0.0,0.0,0.0,42.16918030341926,optimal
2021-02-10 19:30:00,4,61,0.0,0.0,0.0,0.42773333333333335,18.123,6.0,8,20.132081333745436,,0.0,0.0,0.0,0.0,42.12701112311584,optimal
2021-02-10 20:00:00,4,61,0.0,0.0,0.0,2.0422000000000002,31.647,6.0,8,20.061623208603255,,0.0,0.0,0.0,0.0,42.08488411199273,optimal
2021-02-10 20:30:00,4,61,0.0,0.0,0.0,0.44376666666666664,34.9965,6.0,8,20.0,,0.0,0.0,0.0,0.0,42.042799227880735,optimal
2021-02-10 21:00:00,4,61,0.0,0.0,0.0,2.3352,34.9965,6.0,8,19.928761133518766,,0.0,0.0,0.0,0.0,42.000756428652856,optimal
2021-02-10 21:30:00,4,61,0.0,0.0,0.0,0.9383333333333334,34.9965,6.0,8,19.86897198264183,,0.0,0.0,0.0,0.0,41.9587556722242,optimal
2021-02-10 22:00:00,4,61,0.0,0.0,0.0,0.096,34.9965,6.0,8,19.8014706480311,,0.0,0.0,0.0,0.0,41.916796916551974,optimal
2021-02-10 22:30:00,4,61,0.0,0.0,0.0,0.1656,34.9965,6.0,8,19.706751110973553,,0.0,0.0,0.0,0.0,41.87488011963542,optimal
2021-02-10 23:00:00,4,61,0.0,0.0,0.0,0.067,27.741,6.0,8,19.61302729756814,,0.0,0.0,0.0,0.0,41.833005239515785,optimal
2021-02-10 23:30:00,4,61,0.0,0.0,0.0,0.1076,19.026,6.0,8,19.516323523552497,,0.0,0.0,0.0,0.0,41.79117223427627,optimal
2021-02-11 00:00:00,4,61,2.0,0.0,0.0,0.06,10.4265,6.0,-9,19.516323523552497,,7000.0,0.0,0.0,0.0,41.74938106204199,optimal
2021-02-11 00:30:00,4,61,2.0,0.0,0.0,0.0846,12.789,6.0,-9,19.58619529432985,,6512.333333333333,0.0,487.6666666666667,0.0,41.70763168097995,optimal
2021-02-11 01:00:00,4,61,2.0,0.0,0.0,0.1092,12.684,6.0,-9,19.645258818591394,,7000.0,0.0,0.0,0.0,41.66592404929897,optimal
2021-02-11 01:30:00,4,61,2.0,0.0,0.0,0.06,16.254,6.0,-9,19.716588705660932,,7000.0,0.0,0.0,0.0,41.624258125249675,optimal
2021-02-11 02:00:00,4,61,2.0,0.0,0.0,0.0723,17.64,6.0,-9,19.786459370374416,,7000.0,0.0,0.0,0.0,41.58263386712443,optimal
2021-02-11 02:30:00,4,61,1.9953895646159274,0.0,0.0,0.1215,19.1625,6.0,-9,19.856329034434584,,6983.863476155746,0.0,0.0,0.0,41.541051233257306,optimal
2021-02-11 03:00:00,4,61,0.0,0.0,0.0,0.06,26.46,6.0,-9,19.926270872354074,,0.0,0.0,0.0,0.0,41.499510182024046,optimal
2021-02-11 03:30:00,4,61,0.0,0.0,0.0,0.0682,20.79,6.0,-9,19.82914907145953,,0.0,0.0,0.0,0.0,41.458010671842025,optimal
2021-02-11 04:00:00,4,61,0.0,0.0,0.0,0.1256,29.106,6.0,-9,19.733668719631773,,0.0,0.0,0.0,0.0,41.416552661170186,optimal
2021-02-11 04:30:00,4,61,2.0,0.0,0.0,0.06,19.1835,6.0,-9,19.640984678729158,,7000.0,0.0,0.0,0.0,41.37513610850902,optimal
2021-02-11 05:00:00,4,61,0.0,0.0,0.0,0.09146666666666668,19.6665,6.0,-9,19.71242197267859,,0.0,0.0,0.0,0.0,41.33376097240051,optimal
2021-02-11 05:30:00,4,61,2.0,0.0,0.0,0.101,19.404,6.0,-9,19.620358607193893,,7000.0,0.0,0.0,0.0,41.29242721142811,optimal
2021-02-11 06:00:00,4,61,2.0,0.0,0.0,0.06,19.047,6.0,-9,19.693892761794636,,7000.0,0.0,0.0,0.0,41.25113478421668,optimal
2021-02-11 06:30:00,4,61,2.0,0.0,0.0,0.0887,18.858,6.0,-9,19.767194858083776,,7000.0,0.0,0.0,0.0,41.20988364943246,optimal
2021-02-11 07:00:00,4,61,2.0,0.0,0.0,1.9147,19.2675,6.0,-9,19.841911617358377,,7000.0,0.0,0.0,0.0,41.16867376578303,optimal
2021-02-11 07:30:00,4,61,2.0,0.0,0.0,0.058,18.963,6.0,-9,19.923464583513727,,7000.0,0.0,0.0,0.0,41.12750509201725,optimal
2021-02-11 08:00:00,4,61,2.0,0.0,0.0,0.17623333333333333,18.438,6.0,-9,20.0,,6512.333333333333,0.0,487.6666666666667,0.0,41.08637758692524,optimal
2021-02-11 08:30:00,4,61,0.1575149360220193,0.0,0.0,0.18313333333333331,18.7425,6.0,-9,20.072407543083003,,551.3022760770675,0.0,0.0,0.0,41.04529120933831,optimal
2021-02-11 09:00:00,4,61,2.0,0.0,0.0,0.07666666666666667,15.2145,6.0,-9,20.0,,5475.905104271999,0.0,1524.0948957280007,0.0,41.00424591812897,optimal
2021-02-11 09:30:00,4,61,0.0,0.0,0.0,0.1148,17.7765,6.0,-9,20.06578118724258,,0.0,0.0,0.0,0.0,40.96324167221084,optimal
2021-02-11 10:00:00,4,61,0.0,0.0,0.0,0.0846,16.758,6.0,-9,20.010151446199465,,0.0,0.0,0.0,0.0,40.92227843053863,optimal
2021-02-11 10:30:00,4,61,0.3550079268213861,0.0,0.0,0.2891,16.422,6.0,-9,20.0,,328.2893062695191,0.0,914.238437605332,0.0,40.8813561521081,optimal
2021-02-11 11:00:00,4,61,0.0,0.0,0.0,0.07,16.758,6.0,-9,20.0,,0.0,0.0,0.0,0.0,40.84047479595599,optimal
2021-02-11 11:30:00,4,61,0.0,0.0,0.0,0.07,29.358,6.0,-9,20.015575362371226,,0.0,0.0,0.0,0.0,40.799634321160035,optimal
2021-02-11 12:00:00,4,61,0.0,0.0,0.0,0.0624,34.9965,6.0,-9,20.034245462871766,,0.0,0.0,0.0,0.0,40.758834686838874,optimal
2021-02-11 12:30:00,4,61,0.0,0.0,0.0,0.2566666666666667,34.65,6.0,-9,20.07825763927933,,0.0,0.0,0.0,0.0,40.71807585215203,optimal
2021-02-11 13:00:00,4,61,0.0,0.0,0.0,0.37656666666666666,34.9965,6.0,-9,20.129329288021168,,0.0,0.0,0.0,0.0,40.67735777629988,optimal
2021-02-11 13:30:00,4,61,0.0,0.0,0.0,1.5084000000000002,34.9965,6.0,-9,20.172897986402784,,0.0,0.0,0.0,0.0,40.636680418523575,optimal
2021-02-11 14:00:00,4,61,0.0,0.0,0.0,0.07,30.4815,6.0,-9,20.220560723451282,,0.0,0.0,0.0,0.0,40.59604373810505,optimal
2021-02-11 14:30:00,4,61,0.0,0.0,0.0,0.1438,21.4305,6.0,-9,20.25729246770829,,0.0,0.0,0.0,0.0,40.55544769436695,optimal
2021-02-11 15:00:00,4,61,0.0,0.0,0.0,0.07,14.3325,6.0,-9,20.29415373188376,,0.0,0.0,0.0,0.0,40.51489224667258,optimal
2021-02-11 15:30:00,4,61,0.0,0.0,0.0,0.1438,13.692,6.0,-9,20.303057882687188,,0.0,0.0,0.0,0.0,40.47437735442591,optimal
2021-02-11 16:00:00,4,61,0.0,0.0,0.0,0.07,14.007,6.0,-9,20.30887085346832,,0.0,0.0,0.0,0.0,40.43390297707148,optimal
2021-02-11 16:30:00,4,61,0.0,0.0,0.0,0.19753333333333334,12.873,6.0,-9,20.276745264685896,,0.0,0.0,0.0,0.0,40.39346907409441,optimal
2021-02-11 17:00:00,4,61,0.0,0.0,0.0,0.2936666666666667,12.684,6.0,-9,20.244672253116686,,0.0,0.0,0.0,0.0,40.353075605020315,optimal
2021-02-11 17:30:00,4,61,0.0398095238095238,0.0,0.0,0.2008,12.306,6.0,-9,20.175261794624493,,0.0,0.0,139.33333333333331,0.0,40.312722529415296,optimal
2021-02-11 18:00:00,4,61,2.0,0.0,0.0,0.3048,10.6365,6.0,-9,20.101169959106016,,6651.666666666667,0.0,348.3333333333333,0.0,40.27240980688588,optimal
2021-02-11 18:30:00,4,61,0.0,0.0,0.0,0.17959999999999998,11.2455,6.0,-9,20.172052512716274,,0.0,0.0,0.0,0.0,40.23213739707899,optimal
2021-02-11 19:00:00,4,61,0.1555058030693224,0.0,0.0,0.5316000000000001,11.2455,6.0,-9,20.07860284470983,,544.2703107426285,0.0,0.0,0.0,40.19190525968192,optimal
2021-02-11 19:30:00,4,61,2.0,0.0,0.0,0.3774333333333333,11.025,6.0,-9,20.006162985536285,,7000.0,0.0,0.0,0.0,40.151713354422235,optimal
2021-02-11 20:00:00,4,61,0.0,0.0,0.0,0.3669333333333333,12.0855,6.0,-9,20.087776403947974,,0.0,0.0,0.0,0.0,40.111561641067816,optimal
2021-02-11 20:30:00,4,61,0.0,0.0,0.0,0.38480000000000003,11.6865,6.0,-9,20.0,,0.0,0.0,0.0,0.0,40.07145007942675,optimal
2021-02-11 21:00:00,4,61,0.0,0.0,0.0,0.4002,11.2245,6.0,-9,19.913798591472847,,0.0,0.0,0.0,0.0,40.03137862934732,optimal
2021-02-11 21:30:00,4,61,0.0796190476190476,0.0,0.0,0.4605,11.025,6.0,-9,19.82326340698132,,0.0,0.0,278.66666666666663,0.0,39.99134725071797,optimal
2021-02-11 22:00:00,4,61,0.13933333333333334,0.0,0.0,0.3608,10.7835,6.0,-9,19.73609573176586,,0.0,0.0,487.6666666666667,0.0,39.95135590346725,optimal
2021-02-11 22:30:00,4,61,0.0,0.0,0.0,0.6567333333333334,11.025,6.0,-9,19.647106566208777,,0.0,0.0,0.0,0.0,39.911404547563784,optimal
2021-02-11 23:00:00,4,61,0.0,0.0,0.0,0.15633333333333335,10.584,6.0,-9,19.561619807987203,,0.0,0.0,0.0,0.0,39.87149314301622,optimal
2021-02-11 23:30:00,4,61,0.0,0.0,0.0,0.1151,11.025,6.0,-9,19.457339032104027,,0.0,0.0,0.0,0.0,39.8316216498732,optimal
2021-02-12 00:00:00,4,61,0.0,0.0,0.0,0.058,12.1275,6.0,7,19.457339032104027,,0.0,0.0,0.0,0.0,39.791790028223325,optimal
2021-02-12 00:30:00,4,61,0.0,0.0,0.0,0.2413333333333333,13.671,6.0,7,19.34876702625631,,0.0,0.0,0.0,0.0,39.7519982381951,optimal
2021-02-12 01:00:00,4,61,2.0,0.0,0.0,0.08506666666666667,10.668,6.0,7,19.244976728615335,,5049.333333333333,0.0,1950.6666666666667,0.0,39.712246239956905,optimal
2021-02-12 01:30:00,4,61,0.0,0.0,0.0,0.19240000000000002,11.7285,6.0,7,19.25715421502783,,0.0,0.0,0.0,0.0,39.67253399371695,optimal
2021-02-12 02:00:00,4,61,1.9405567350394013,0.0,0.0,0.0876,11.025,6.0,7,19.153007714934148,,6791.948572637904,0.0,0.0,0.0,39.63286145972323,optimal
2021-02-12 02:30:00,4,61,2.0,0.0,0.0,0.1812,10.689,6.0,7,19.20760936508126,,7000.0,0.0,0.0,0.0,39.59322859826351,optimal
2021-02-12 03:00:00,4,61,2.0,0.0,5.0,0.122,8.1585,6.0,7,19.270357142321977,,7000.0,0.0,0.0,0.0,41.928635369665244,optimal
2021-02-12 03:30:00,4,61,2.0,0.0,0.0,0.06,10.3635,6.0,7,19.332696661163205,,7000.0,0.0,0.0,0.0,41.88670673429558,optimal
2021-02-12 04:00:00,4,61,2.0,0.0,0.0,0.1988,10.8045,6.0,7,19.39618467089639,,7000.0,0.0,0.0,0.0,41.84482002756128,optimal
2021-02-12 04:30:00,4,61,2.0,0.0,0.0,0.058,11.025,6.0,7,19.465652109971646,,7000.0,0.0,0.0,0.0,41.80297520753372,optimal
2021-02-12 05:00:00,4,61,2.0,0.0,3.509532204760777,0.1276,10.3635,6.0,7,19.53442491138654,,7000.0,0.0,0.0,0.0,43.42820002958756,optimal
2021-02-12 05:30:00,4,61,2.0,0.0,0.0,0.1668,10.8045,6.0,7,19.60747392816424,,7000.0,0.0,0.0,0.0,43.38477182955796,optimal
2021-02-12 06:00:00,4,61,2.0,0.0,5.0,0.1596,10.059,6.0,7,19.684480616859105,,7000.0,0.0,0.0,0.0,45.716387057728404,optimal
2021-02-12 06:30:00,4,61,2.0,0.0,0.0,0.058,10.584,6.0,7,19.764332875384277,,7000.0,0.0,0.0,0.0,45.670670670670674,optimal
2021-02-12 07:00:00,4,61,2.0,0.0,5.0,0.2847333333333333,9.4185,6.0,7,19.84187019451176,,7000.0,0.0,0.0,0.0,48.0,optimal
2021-02-12 07:30:00,4,61,2.0,0.0,0.0,0.061,10.3635,6.0,7,19.928467451648988,,7000.0,0.0,0.0,0.0,47.24233755524112,optimal
2021-02-12 08:00:00,4,61,2.0,0.0,0.0,0.1276,9.8385,6.0,7,20.0,,7000.0,0.0,0.0,0.0,46.485432772927005,optimal
2021-02-12 08:30:00,4,61,0.32359539417310074,0.0,0.0,0.1092,11.067,6.0,7,20.070193324815804,,1132.5838796058524,0.0,0.0,0.0,45.7292848953952,optimal
2021-02-12 09:00:00,4,61,2.0,0.0,0.0,0.14759999999999998,10.8465,6.0,7,20.000284048021484,,7000.0,0.0,0.0,0.0,44.97389316574093,optimal
2021-02-12 09:30:00,4,61,0.0,0.0,0.0,0.08893333333333334,13.671,6.0,7,20.09459408314905,,0.0,0.0,0.0,0.0,44.21925682781632,optimal
2021-02-12 10:00:00,4,61,0.0,0.0,0.0,0.10333333333333332,12.348,6.0,7,20.031017933501353,,0.0,0.0,0.0,0.0,43.465375126229624,optimal
2021-02-12 10:30:00,4,61,0.0,0.0,0.0,0.2018,14.3325,6.0,7,20.013432316444838,,0.0,0.0,0.0,0.0,42.712247306344516,optimal
2021-02-12 11:00:00,4,61,0.0,0.0,0.0,0.058,15.393,6.0,7,20.0,,0.0,0.0,0.0,0.0,41.95987261427929,optimal
2021-02-12 11:30:00,4,61,0.0,0.0,0.0,0.058,13.587,6.0,7,20.015629605894546,,0.0,0.0,0.0,0.0,41.20825029690614,optimal
2021-02-12 12:00:00,4,61,0.0,0.0,0.0,0.058,16.1385,6.0,7,20.031402569315624,,0.0,0.0,0.0,0.0,40.457379601850356,optimal
2021-02-12 12:30:00,4,61,0.0,0.0,0.0,0.26839999999999997,14.595,6.0,7,20.05872743701565,,0.0,0.0,0.0,0.0,39.707259777489625,optimal
2021-02-12 13:00:00,4,61,0.0,0.0,0.0,0.06186666666666667,14.637,6.0,7,20.091114837494803,,0.0,0.0,0.0,0.0,38.95789007295326,optimal
2021-02-12 13:30:00,4,61,0.0,0.0,0.0,0.16213333333333332,13.9125,6.0,7,20.11798597172137,,0.0,0.0,0.0,0.0,38.209269738121435,optimal
2021-02-12 14:00:00,4,61,0.0,0.0,0.0,0.16040000000000001,13.3665,6.0,7,20.146695423773,,0.0,0.0,0.0,0.0,37.46139802362444,optimal
2021-02-12 14:30:00,4,61,0.0,0.0,0.0,0.06573333333333334,13.0095,6.0,7,20.16591371221359,,0.0,0.0,0.0,0.0,36.71427418084194,optimal
2021-02-12 15:00:00,4,61,0.0,0.0,0.0,0.20946666666666666,13.8915,6.0,7,20.18239948073827,,0.0,0.0,0.0,0.0,35.96789746190222,optimal
2021-02-12 15:30:00,4,61,0.0,0.0,0.0,0.12466666666666669,13.188,6.0,7,20.187888321994144,,0.0,0.0,0.0,0.0,35.22226711968144,optimal
2021-02-12 16:00:00,4,61,0.0,0.0,0.0,0.11213333333333333,12.5685,6.0,7,20.1907263316297,,0.0,0.0,0.0,0.0,34.477382407802885,optimal
2021-02-12 16:30:00,4,61,0.0,0.0,0.0,0.1988,12.285,6.0,7,20.157690417954583,,0.0,0.0,0.0,0.0,33.73324258063621,optimal
2021-02-12 17:00:00,4,61,0.9466971933356263,0.0,0.0,0.06466666666666668,11.487,6.0,7,20.12558737744293,,3313.440176674692,0.0,0.0,0.0,32.98984689329669,optimal
2021-02-12 17:30:00,4,61,0.0,0.0,0.0,0.21159999999999998,11.802,6.0,7,20.135190972979515,,0.0,0.0,0.0,0.0,32.24719460164452,optimal
2021-02-12 18:00:00,4,61,2.0,0.0,0.0,0.12613333333333335,11.2245,6.0,7,20.069491286925835,,7000.0,0.0,0.0,0.0,31.505284962284,optimal
2021-02-12 18:30:00,4,61,2.0,0.0,0.0,0.144,11.025,6.0,7,20.15285740432545,,7000.0,0.0,0.0,0.0,30.764117232562842,optimal
2021-02-12 19:00:00,4,61,0.0,0.0,0.0,0.18673333333333328,11.907,6.0,7,20.23612060660358,,0.0,0.0,0.0,0.0,30.0236906705714,optimal
2021-02-12 19:30:00,4,61,0.0,0.0,0.0,0.07566666666666667,25.83,6.0,7,20.15445097475961,,0.0,0.0,0.0,0.0,29.99366697990083,optimal
2021-02-12 20:00:00,4,61,0.0,0.0,0.0,0.2463333333333333,28.035,6.0,7,20.07308897552106,,0.0,0.0,0.0,0.0,29.96367331292093,optimal
2021-02-12 20:30:00,4,61,0.0,0.0,0.0,0.35496666666666665,28.119,6.0,7,20.0,,0.0,0.0,0.0,0.0,29.933709639608008,optimal
2021-02-12 21:00:00,4,61,0.0,0.0,0.0,0.2507333333333333,30.156,6.0,7,19.92861220227025,,0.0,0.0,0.0,0.0,29.9037759299684,optimal
2021-02-12 21:30:00,4,61,0.0,0.0,0.0,0.16103333333333333,29.1585,6.0,7,19.854458975207503,,0.0,0.0,0.0,0.0,29.87387215403843,optimal
2021-02-12 22:00:00,4,61,0.0,0.0,0.0,0.37953333333333333,26.712,6.0,7,19.78041746058616,,0.0,0.0,0.0,0.0,29.843998281884392,optimal
2021-02-12 22:30:00,4,61,0.0,0.0,0.0,0.4090666666666667,15.435,6.0,7,19.714535721477066,,0.0,0.0,0.0,0.0,29.81415428360251,optimal
2021-02-12 23:00:00,4,61,0.0,0.0,0.0,0.068,13.566,6.0,7,19.645438925222805,,0.0,0.0,0.0,0.0,29.784340129318906,optimal
2021-02-12 23:30:00,4,61,0.0,0.0,0.0,0.25906666666666667,12.789,6.0,7,19.56361069591942,,0.0,0.0,0.0,0.0,29.754555789189588,optimal
2021-02-13 00:00:00,4,61,2.0,0.0,5.0,0.1088,9.702,6.0,-14,19.56361069591942,,7000.0,0.0,0.0,0.0,32.0998012334004,optimal
2021-02-13 00:30:00,4,61,2.0,0.0,5.0,0.0834,10.584,6.0,-14,19.648654178005025,,5119.0,0.0,1881.0,0.0,34.442701432167,optimal
2021-02-13 01:00:00,4,61,2.0,0.0,5.0,0.058,10.143,6.0,-14,19.688537660636065,,7000.0,0.0,0.0,0.0,36.78325873073483,optimal
2021-02-13 01:30:00,4,61,0.0,0.0,0.0,0.2135,13.0095,6.0,-14,19.772277685950872,,0.0,0.0,0.0,0.0,36.74647547200409,optimal
2021-02-13 02:00:00,4,61,2.0,0.0,5.0,0.1129,11.025,6.0,-14,19.69426494444274,,7000.0,0.0,0.0,0.0,39.084728996532085,optimal
2021-02-13 02:30:00,4,61,1.0603495748515062,0.0,0.0,0.10456666666666667,12.789,6.0,-14,19.779694473881786,,3711.2235119802713,0.0,0.0,0.0,39.04564426753555,optimal
2021-02-13 03:00:00,4,61,2.0,0.0,0.0,0.2218333333333333,12.1275,6.0,-14,19.78691646542832,,7000.0,0.0,0.0,0.0,39.00659862326801,optimal
2021-02-13 03:30:00,4,61,2.0,0.0,0.0,0.058,12.1695,6.0,-14,19.874531678277275,,7000.0,0.0,0.0,0.0,38.967592024644745,optimal
2021-02-13 04:00:00,4,61,2.0,0.0,0.0,0.2374,12.306,6.0,-14,19.957704478033587,,7000.0,0.0,0.0,0.0,38.9286244326201,optimal
2021-02-13 04:30:00,4,61,0.0,0.0,0.0,0.089,13.23,6.0,-14,20.044557804473058,,0.0,0.0,0.0,0.0,38.889695808187476,optimal
2021-02-13 05:00:00,4,61,0.0,0.0,0.0,0.09553333333333332,13.671,6.0,-14,19.961844061009295,,0.0,0.0,0.0,0.0,38.85080611237929,optimal
2021-02-13 05:30:00,4,61,0.0,0.0,0.0,0.11033333333333331,13.9335,6.0,-14,19.87912590487683,,0.0,0.0,0.0,0.0,38.81195530626691,optimal
2021-02-13 06:00:00,4,61,0.0,0.0,0.0,0.14730000000000001,13.293,6.0,-14,19.79653558143898,,0.0,0.0,0.0,0.0,38.773143350960645,optimal
2021-02-13 06:30:00,4,61,2.0,0.0,0.472595375891558,0.11856666666666667,12.1065,6.0,-14,19.714745498280458,,7000.0,0.0,0.0,0.0,38.958853011158176,optimal
2021-02-13 07:00:00,4,61,2.0,0.0,5.0,0.3953,11.571,6.0,-14,19.803242067731574,,7000.0,0.0,0.0,0.0,41.29489415814702,optimal
2021-02-13 07:30:00,4,61,2.0,0.0,5.0,0.5205666666666667,11.025,6.0,-14,19.903314834828457,,7000.0,0.0,0.0,0.0,43.62859926398887,optimal
2021-02-13 08:00:00,4,61,2.0,0.0,5.0,1.6404,10.8465,6.0,-14,20.0,,3447.0,0.0,3553.0,0.0,45.95997066472487,optimal
2021-02-13 08:30:00,4,61,1.7142529252740073,0.0,5.0,1.6522999999999999,11.2455,6.0,-14,20.02163490748092,,5999.8852384590255,0.0,0.0,0.0,48.289010694060146,optimal
2021-02-13 09:00:00,4,61,0.0,0.0,0.0,1.5035,23.8665,6.0,-14,20.099977214998244,,0.0,0.0,0.0,0.0,48.240721683366075,optimal
2021-02-13 09:30:00,4,61,0.0,0.0,0.0,1.1068333333333333,27.4575,6.0,-14,20.05887483286255,,0.0,0.0,0.0,0.0,48.192480961682705,optimal
2021-02-13 10:00:00,4,61,0.0,0.0,0.0,0.5276666666666666,27.3735,6.0,-14,20.01990686367736,,0.0,0.0,0.0,0.0,48.144288480721016,optimal
2021-02-13 10:30:00,4,61,0.0,0.0,0.0,0.34563333333333335,30.4605,6.0,-14,20.011365729145545,,0.0,0.0,0.0,0.0,48.096144192240295,optimal
2021-02-13 11:00:00,4,61,0.0,0.0,0.0,1.757,30.0195,6.0,-14,20.0,,0.0,0.0,0.0,0.0,48.048048048048045,optimal
2021-02-13 11:30:00,4,61,0.0,0.0,0.0,0.9812000000000001,26.9325,6.0,-14,20.032848718650317,,0.0,0.0,0.0,0.0,48.0,optimal
2021-02-13 12:00:00,4,61,0.0,0.0,0.0,0.3067,14.595,6.0,-14,20.063482471409746,,0.0,0.0,0.0,0.0,47.692330591498695,optimal
2021-02-13 12:30:00,4,61,0.0,0.0,0.0,0.1754,12.4845,6.0,-14,20.090819099410393,,0.0,0.0,0.0,0.0,47.38496885240589,optimal
2021-02-13 13:00:00,4,61,0.0,0.0,0.0,0.3349,12.1275,6.0,-14,20.114689862853176,,0.0,0.0,0.0,0.0,47.07791447505218,optimal
2021-02-13 13:30:00,4,61,0.0,0.0,0.0,0.068,12.1275,6.0,-14,20.149297074809134,,0.0,0.0,0.0,0.0,46.771167152075826,optimal
2021-02-13 14:00:00,4,61,0.0,0.0,0.0,0.068,12.789,6.0,-14,20.18038165150336,,0.0,0.0,0.0,0.0,46.46472657642245,optimal
2021-02-13 14:30:00,4,61,0.0,0.0,0.0,0.068,11.907,6.0,-14,20.182874274147807,,0.0,0.0,0.0,0.0,46.15859244134472,optimal
2021-02-13 15:00:00,4,61,0.0,0.0,0.0,0.2357,11.025,6.0,-14,20.185773596127543,,0.0,0.0,0.0,0.0,45.852764440402076,optimal
2021-02-13 15:30:00,4,61,0.0,0.0,0.0,0.1107,8.2005,6.0,-14,20.16879321380874,,0.0,0.0,0.0,0.0,45.54724226746037,optimal
2021-02-13 16:00:00,4,61,0.0,0.0,0.0,0.1442,9.5655,6.0,-14,20.148515065411438,,0.0,0.0,0.0,0.0,45.242025616691606,optimal
2021-02-13 16:30:00,4,61,2.0,0.0,0.0,0.2022,7.056,6.0,-14,20.101598682301947,,5746.0,0.0,1253.9999999999998,0.0,44.93711418257361,optimal
2021-02-13 17:00:00,4,61,0.0,0.0,0.0,1.1473,9.3975,6.0,-14,20.191921782987837,,0.0,0.0,0.0,0.0,44.892177068391035,optimal
2021-02-13 17:30:00,4,61,0.0,0.0,0.0,0.2889333333333333,10.059,6.0,-14,20.144304033370567,,0.0,0.0,0.0,0.0,44.847284891322644,optimal
2021-02-13 18:00:00,4,61,0.0,0.0,0.0,0.6752333333333334,9.261,6.0,-14,20.084676381791763,,0.0,0.0,0.0,0.0,44.80243760643132,optimal
2021-02-13 18:30:00,4,61,2.0,0.0,0.0,1.1113333333333333,8.1585,6.0,-14,20.01706491480993,,7000.0,0.0,0.0,0.0,44.75763516882489,optimal
2021-02-13 19:00:00,4,61,0.0,0.0,0.0,0.7864,9.4815,6.0,-14,20.11362921746581,,0.0,0.0,0.0,0.0,44.71287753365606,optimal
2021-02-13 19:30:00,4,61,1.2623956159200973,0.0,0.0,0.5082333333333333,8.379,6.0,-14,20.047695482027365,,4418.384655720341,0.0,0.0,0.0,44.66816465612241,optimal
2021-02-13 20:00:00,4,61,0.0,0.0,0.0,0.068,9.5235,6.0,-14,20.084762619231608,,0.0,0.0,0.0,0.0,44.623496491466284,optimal
2021-02-13 20:30:00,4,61,0.0,0.0,0.0,0.068,8.1375,6.0,-14,20.0,,0.0,0.0,0.0,0.0,44.578872994974816,optimal
2021-02-13 21:00:00,4,61,0.0,0.0,0.0,0.1778,10.0905,6.0,-14,19.915590922231964,,0.0,0.0,0.0,0.0,44.53429412197984,optimal
2021-02-13 21:30:00,4,61,0.0,0.0,0.0,0.09240000000000001,7.539,6.0,-14,19.834126504180517,,0.0,0.0,0.0,0.0,44.48975982785786,optimal
2021-02-13 22:00:00,4,61,0.0,0.0,0.0,0.068,7.938,6.0,-14,19.750776861833288,,0.0,0.0,0.0,0.0,44.445270068030005,optimal
2021-02-13 22:30:00,4,61,0.0,0.0,0.0,0.19946666666666668,8.274,6.0,-14,19.666990187751498,,0.0,0.0,0.0,0.0,44.400824797961974,optimal
2021-02-13 23:00:00,4,61,0.0,0.0,0.0,0.14693333333333333,9.261,6.0,-14,19.586865717745543,,0.0,0.0,0.0,0.0,44.35642397316401,optimal
2021-02-13 23:30:00,4,61,0.0,0.0,0.0,0.09340000000000001,9.9225,6.0,-14,19.506043576852882,,0.0,0.0,0.0,0.0,44.31206754919085,optimal
2021-02-07 00:00:00,5,61,2.0,0.0,0.0,0.059,2.3415,6.0,-7,21.0,,7000.0,0.0,0.0,0.0,47.952,optimal
2021-02-07 00:30:00,5,61,2.0,0.0,0.0,0.1274,2.205,6.0,-7,21.091595788909732,,7000.0,0.0,0.0,0.0,47.904047999999996,optimal
2021-02-07 01:00:00,5,61,2.0,0.0,0.0,0.32866666666666666,0.882,6.0,-7,21.184007497364576,,7000.0,0.0,0.0,0.0,47.856143952,optimal
2021-02-07 01:30:00,5,61,2.0,0.0,0.0,0.059,1.5435,6.0,-7,21.28036896419483,,7000.0,0.0,0.0,0.0,47.80828780804799,optimal
2021-02-07 02:00:00,5,61,2.0,0.0,0.0,0.059,1.5435,6.0,-7,21.36975260556202,,7000.0,0.0,0.0,0.0,47.76047952023995,optimal
2021-02-07 02:30:00,5,61,2.0,0.0,0.0,0.2740666666666667,5.0715,6.0,-7,21.458554883386963,,7000.0,0.0,0.0,0.0,47.712719040719705,optimal
2021-02-07 03:00:00,5,61,0.33497450863967004,0.0,0.0,0.182,5.376,6.0,-7,21.551647819381078,,1172.410780238845,0.0,0.0,0.0,47.66500632167899,optimal
2021-02-07 03:30:00,5,61,2.0,0.0,0.0,0.17833333333333334,5.0715,6.0,-7,21.50416071328006,,7000.0,0.0,0.0,0.0,47.61734131535731,optimal
2021-02-07 04:00:00,5,61,0.0,0.0,0.0,0.09013333333333334,5.5125,6.0,-7,21.594177333918783,,0.0,0.0,0.0,0.0,47.56972397404195,optimal
2021-02-07 04:30:00,5,61,0.0,0.0,0.0,0.35996666666666666,9.261,6.0,-7,21.51624367846503,,0.0,0.0,0.0,0.0,47.522154250067906,optimal
2021-02-07 05:00:00,5,61,0.0,0.0,0.0,0.06496666666666667,11.7075,6.0,-7,21.445006374161164,,0.0,0.0,0.0,0.0,47.47463209581784,optimal
2021-02-07 05:30:00,5,61,0.0,0.0,0.0,0.27013333333333334,12.348,6.0,-7,21.367100670512666,,0.0,0.0,0.0,0.0,47.42715746372202,optimal
2021-02-07 06:00:00,5,61,0.0,0.0,0.0,0.1714,12.348,6.0,-7,21.294364294886385,,0.0,0.0,0.0,0.0,47.379730306258296,optimal
2021-02-07 06:30:00,5,61,0.0,0.0,0.0,0.16126666666666667,12.1275,6.0,-7,21.219379634278653,,0.0,0.0,0.0,0.0,47.332350575952034,optimal
2021-02-07 07:00:00,5,61,0.0,0.0,0.0,0.069,12.5265,6.0,-7,21.144244174548078,,0.0,0.0,0.0,0.0,47.285018225376085,optimal
2021-02-07 07:30:00,5,61,0.0,0.0,0.0,1.1638666666666666,11.7495,6.0,-7,21.067034957255103,,0.0,0.0,0.0,0.0,47.23773320715071,optimal
2021-02-07 08:00:00,5,61,0.0,0.0,0.0,0.29246666666666665,13.23,6.0,-7,21.002112814993733,,0.0,0.0,0.0,0.0,47.190495473943564,optimal
2021-02-07 08:30:00,5,61,0.0,0.0,0.0,0.22340000000000002,14.3325,6.0,-7,20.928270972613383,,0.0,0.0,0.0,0.0,47.14330497846962,optimal
2021-02-07 09:00:00,5,61,0.0,0.0,0.0,0.2941333333333333,14.994,6.0,-7,20.857768921137904,,0.0,0.0,0.0,0.0,47.09616167349115,optimal
2021-02-07 09:30:00,5,61,0.0,0.0,0.0,0.2021,14.8155,6.0,-7,20.799919305309082,,0.0,0.0,0.0,0.0,47.04906551181766,optimal
2021-02-07 10:00:00,5,61,0.0,0.0,0.0,0.2183333333333333,14.112,6.0,-7,20.73978604833882,,0.0,0.0,0.0,0.0,47.00201644630584,optimal
2021-02-07 10:30:00,5,61,0.0,0.0,0.0,0.19090000000000001,14.007,6.0,-7,20.69273728454638,,0.0,0.0,0.0,0.0,46.95501442985953,optimal
2021-02-07 11:00:00,5,61,0.0,0.0,0.0,0.1717,13.23,6.0,-7,20.645181958607292,,0.0,0.0,0.0,0.0,46.90805941542967,optimal
2021-02-07 11:30:00,5,61,0.0,0.0,0.0,0.1354,11.382,6.0,-7,20.615023738371384,,0.0,0.0,0.0,0.0,46.86115135601424,optimal
2021-02-07 12:00:00,5,61,0.0,0.0,0.0,0.0702,11.7495,6.0,-7,20.584744168373305,,0.0,0.0,0.0,0.0,46.81429020465823,optimal
2021-02-07 12:30:00,5,61,0.0,0.0,0.0,0.24013333333333334,24.3285,6.0,-7,20.56638017610566,,0.0,0.0,0.0,0.0,46.76747591445357,optimal
2021-02-07 13:00:00,5,61,0.0,0.0,0.0,0.3192333333333333,28.917,6.0,-7,20.55235709871247,,0.0,0.0,0.0,0.0,46.72070843853912,optimal
2021-02-07 13:30:00,5,61,0.0,0.0,0.0,0.3133666666666667,31.3635,6.0,-7,20.53025204820903,,0.0,0.0,0.0,0.0,46.67398773010058,optimal
2021-02-07 14:00:00,5,61,0.0,0.0,0.0,0.25956666666666667,33.306,6.0,-7,20.508025877998815,,0.0,0.0,0.0,0.0,46.627313742370475,optimal
2021-02-07 14:30:00,5,61,0.0,0.0,0.0,0.3436666666666667,31.3425,6.0,-7,20.489323930241397,,0.0,0.0,0.0,0.0,46.580686428628105,optimal
2021-02-07 15:00:00,5,61,0.0,0.0,0.0,0.5363,28.2555,6.0,-7,20.471068309776317,,0.0,0.0,0.0,0.0,46.53410574219948,optimal
2021-02-07 15:30:00,5,61,0.0,0.0,0.0,1.5112999999999999,15.6975,6.0,-7,20.469599629305407,,0.0,0.0,0.0,0.0,46.48757163645728,optimal
2021-02-07 16:00:00,5,61,0.0,0.0,0.0,0.325,12.5475,6.0,-7,20.47023231518818,,0.0,0.0,0.0,0.0,46.44108406482083,optimal
2021-02-07 16:30:00,5,61,0.0,0.0,0.0,0.069,12.0855,6.0,-7,20.43360389339499,,0.0,0.0,0.0,0.0,46.394642980756004,optimal
2021-02-07 17:00:00,5,61,0.0,0.0,0.0,1.7547666666666668,11.907,6.0,-7,20.39129213430346,,0.0,0.0,0.0,0.0,46.348248337775246,optimal
2021-02-07 17:30:00,5,61,0.0,0.0,0.0,0.36236666666666667,12.5685,6.0,-7,20.341098448030642,,0.0,0.0,0.0,0.0,46.301900089437474,optimal
2021-02-07 18:00:00,5,61,0.0,0.0,0.0,0.26739999999999997,13.146,6.0,-7,20.279659121665734,,0.0,0.0,0.0,0.0,46.255598189348035,optimal
2021-02-07 18:30:00,5,61,0.0,0.0,0.0,0.2566666666666667,10.584,6.0,-7,20.21148222723236,,0.0,0.0,0.0,0.0,46.20934259115869,optimal
2021-02-07 19:00:00,5,61,0.0,0.0,0.0,0.1374,6.678,6.0,-7,20.141551959695747,,0.0,0.0,0.0,0.0,46.163133248567526,optimal
2021-02-07 19:30:00,5,61,0.0,0.0,0.0,0.24916666666666662,7.938,6.0,-7,20.069305797079448,,0.0,0.0,0.0,0.0,46.116970115318956,optimal
2021-02-07 20:00:00,5,61,0.8480066516737518,0.0,0.0,0.2041,5.292,6.0,-7,20.0,,2968.0232808581313,0.0,0.0,0.0,46.070853145203635,optimal
2021-02-07 20:30:00,5,61,0.0,0.0,0.0,0.13019999999999998,9.261,6.0,-7,20.0,,0.0,0.0,0.0,0.0,46.02478229205843,optimal
2021-02-07 21:00:00,5,61,0.0,0.0,0.0,0.3002666666666666,10.3635,6.0,-7,19.927757142841248,,0.0,0.0,0.0,0.0,45.978757509766375,optimal
2021-02-07 21:30:00,5,61,0.0,0.0,0.0,0.1374,8.274,6.0,-7,19.859414118552014,,0.0,0.0,0.0,0.0,45.93277875225661,optimal
2021-02-07 22:00:00,5,61,0.0,0.0,0.0,0.069,7.7175,6.0,-7,19.78751054955582,,0.0,0.0,0.0,0.0,45.88684597350435,optimal
2021-02-07 22:30:00,5,61,0.0,0.0,0.0,0.2193333333333333,6.615,6.0,-7,19.714291829596352,,0.0,0.0,0.0,0.0,45.840959127530844,optimal
2021-02-07 23:00:00,5,61,0.0,0.0,0.0,0.2507666666666667,6.174,6.0,-7,19.644928166139664,,0.0,0.0,0.0,0.0,45.79511816840331,optimal
2021-02-07 23:30:00,5,61,0.0,0.0,0.0,0.17413333333333333,3.906,6.0,-7,19.576596018233317,,0.0,0.0,0.0,0.0,45.749323050234906,optimal
2021-02-08 00:00:00,5,61,0.0,0.0,0.0,0.054,11.2455,6.0,2,19.576596018233317,,0.0,0.0,0.0,0.0,45.70357372718467,optimal
2021-02-08 00:30:00,5,61,0.0,0.0,0.0,0.12413333333333335,11.025,6.0,2,19.502480015414562,,0.0,0.0,0.0,0.0,45.65787015345748,optimal
2021-02-08 01:00:00,5,61,2.0,0.0,0.0,0.18180000000000002,5.9745,6.0,2,19.431320834878182,,3238.0,0.0,3762.0,0.0,45.612212283304025,optimal
2021-02-08 01:30:00,5,61,2.0,0.0,0.0,0.14313333333333333,7.938,6.0,2,19.441132642255592,,7000.0,0.0,0.0,0.0,45.56660007102072,optimal
2021-02-08 02:00:00,5,61,2.0,0.0,0.0,0.1366,8.6835,6.0,2,19.53784041314507,,7000.0,0.0,0.0,0.0,45.5210334709497,optimal
2021-02-08 02:30:00,5,61,2.0,0.0,0.0,0.172,7.665,6.0,2,19.630703007888105,,7000.0,0.0,0.0,0.0,45.475512437478756,optimal
2021-02-08 03:00:00,5,61,2.0,0.0,0.0,0.054,6.7725,6.0,2,19.724222687750384,,7000.0,0.0,0.0,0.0,45.43003692504128,optimal
2021-02-08 03:30:00,5,61,2.0,0.0,0.0,0.2369,5.5755,6.0,2,19.814774637878305,,7000.0,0.0,0.0,0.0,45.38460688811624,optimal
2021-02-08 04:00:00,5,61,2.0,0.0,3.571574397750809,0.0717,5.0925,6.0,2,19.90905897839994,,7000.0,0.0,0.0,0.0,47.03572012015975,optimal
2021-02-08 04:30:00,5,61,2.0,0.0,5.0,0.1248,4.1895,6.0,2,19.998840819492255,,7000.0,0.0,0.0,0.0,49.363684400039595,optimal
2021-02-08 05:00:00,5,61,2.0,0.0,0.0,0.1012,7.056,6.0,2,20.089084883093275,,7000.0,0.0,0.0,0.0,49.314320715639546,optimal
2021-02-08 05:30:00,5,61,2.0,0.0,0.0,0.2074,5.271,6.0,2,20.177978204202528,,7000.0,0.0,0.0,0.0,49.26500639492391,optimal
2021-02-08 06:00:00,5,61,2.0,0.0,0.0,0.0599,7.938,6.0,2,20.26879979669114,,7000.0,0.0,0.0,0.0,49.215741388528976,optimal
2021-02-08 06:30:00,5,61,2.0,0.0,0.0,0.1779,7.938,6.0,2,20.355551264368646,,7000.0,0.0,0.0,0.0,49.16652564714044,optimal
2021-02-08 07:00:00,5,61,0.0,0.0,0.0,0.054,11.907,6.0,2,20.444518558100345,,0.0,0.0,0.0,0.0,49.1173591214933,optimal
2021-02-08 07:30:00,5,61,2.0,0.0,0.0,0.42033333333333334,11.025,6.0,2,20.364697005580826,,7000.0,0.0,0.0,0.0,49.0682417623718,optimal
2021-02-08 08:00:00,5,61,1.8531527707857918,0.0,0.0,1.6183666666666665,11.2875,6.0,2,20.458970931040167,,6486.034697750271,0.0,0.0,0.0,49.01917352060943,optimal
2021-02-08 08:30:00,5,61,0.0,0.0,0.0,0.216,12.936,6.0,2,20.56618875770481,,0.0,0.0,0.0,0.0,48.97015434708881,optimal
2021-02-08 09:00:00,5,61,0.0,0.0,0.0,0.4035666666666667,13.0095,6.0,2,20.495318620217173,,0.0,0.0,0.0,0.0,48.92118419274172,optimal
2021-02-08 09:30:00,5,61,0.0,0.0,0.0,0.2437,13.671,6.0,2,20.445291013826047,,0.0,0.0,0.0,0.0,48.87226300854897,optimal
2021-02-08 10:00:00,5,61,0.0,0.0,0.0,0.2968,13.188,6.0,2,20.395405097107105,,0.0,0.0,0.0,0.0,48.823390745540415,optimal
2021-02-08 10:30:00,5,61,0.0,0.0,0.0,0.32826666666666665,13.8495,6.0,2,20.37360858796596,,0.0,0.0,0.0,0.0,48.774567354794875,optimal
2021-02-08 11:00:00,5,61,0.0,0.0,0.0,0.3243333333333333,13.23,6.0,2,20.351555968329706,,0.0,0.0,0.0,0.0,48.72579278744007,optimal
2021-02-08 11:30:00,5,61,0.0,0.0,0.0,1.2190666666666665,13.3665,6.0,2,20.361719812304138,,0.0,0.0,0.0,0.0,48.67706699465263,optimal
2021-02-08 12:00:00,5,61,0.0,0.0,0.0,0.6361333333333333,13.0515,6.0,2,20.39110227494201,,0.0,0.0,0.0,0.0,48.62838992765797,optimal
2021-02-08 12:30:00,5,61,0.0,0.0,0.0,0.5025,13.5345,6.0,2,20.417874084201504,,0.0,0.0,0.0,0.0,48.579761537730306,optimal
2021-02-08 13:00:00,5,61,0.0,0.0,0.0,0.39913333333333334,14.154,6.0,2,20.440562758385052,,0.0,0.0,0.0,0.0,48.53118177619257,optimal
2021-02-08 13:30:00,5,61,0.0,0.0,0.0,0.2312,14.112,6.0,2,20.45943849602729,,0.0,0.0,0.0,0.0,48.48265059441637,optimal
2021-02-08 14:00:00,5,61,0.0,0.0,0.0,0.5668,14.2485,6.0,2,20.475427206390123,,0.0,0.0,0.0,0.0,48.434167943821954,optimal
2021-02-08 14:30:00,5,61,0.0,0.0,0.0,0.5412,12.789,6.0,2,20.499734563263647,,0.0,0.0,0.0,0.0,48.38573377587813,optimal
2021-02-08 15:00:00,5,61,0.0,0.0,0.0,0.3333,13.0095,6.0,2,20.52596100448285,,0.0,0.0,0.0,0.0,48.33734804210225,optimal
2021-02-08 15:30:00,5,61,0.0,0.0,0.0,0.2974,12.1275,6.0,2,20.526891555756144,,0.0,0.0,0.0,0.0,48.289010694060146,optimal
2021-02-08 16:00:00,5,61,0.0,0.0,0.0,0.2852,12.348,6.0,2,20.526713161854396,,0.0,0.0,0.0,0.0,48.240721683366075,optimal
2021-02-08 16:30:00,5,61,0.0,0.0,0.0,0.2782,12.348,6.0,2,20.502911296090332,,0.0,0.0,0.0,0.0,48.192480961682705,optimal
2021-02-08 17:00:00,5,61,0.0,0.0,0.0,0.4536,25.389,6.0,2,20.477335564616084,,0.0,0.0,0.0,0.0,48.144288480721016,optimal
2021-02-08 17:30:00,5,61,0.0,0.0,0.0,0.2377,29.1375,6.0,2,20.426199192315046,,0.0,0.0,0.0,0.0,48.096144192240295,optimal
2021-02-08 18:00:00,5,61,0.0,0.0,0.0,0.37939999999999996,30.597,6.0,2,20.370109121752673,,0.0,0.0,0.0,0.0,48.048048048048045,optimal
2021-02-08 18:30:00,5,61,0.0,0.0,0.0,0.279,33.684,6.0,2,20.305262575919134,,0.0,0.0,0.0,0.0,48.0,optimal
2021-02-08 19:00:00,5,61,0.0,0.0,0.0,0.064,32.445,6.0,2,20.23898090775887,,0.0,0.0,0.0,0.0,47.378837356665514,optimal
2021-02-08 19:30:00,5,61,0.0,0.0,0.0,0.182,28.917,6.0,2,20.158033240108953,,0.0,0.0,0.0,0.0,46.75829587597436,optimal
2021-02-08 20:00:00,5,61,0.0,0.0,0.0,0.1466,15.876,6.0,2,20.079583768874166,,0.0,0.0,0.0,0.0,46.1383749367639,optimal
2021-02-08 20:30:00,5,61,0.0,0.0,0.0,0.064,12.348,6.0,2,20.0,,0.0,0.0,0.0,0.0,45.51907391849265,optimal
2021-02-08 21:00:00,5,61,0.0,0.0,0.0,0.2115,12.1275,6.0,2,19.91838072821551,,0.0,0.0,0.0,0.0,44.900392201239676,optimal
2021-02-08 21:30:00,5,61,0.0,0.0,0.0,0.1171,12.348,6.0,2,19.840167554788305,,0.0,0.0,0.0,0.0,44.28232916570395,optimal
2021-02-08 22:00:00,5,61,0.0,0.0,0.0,0.15446666666666667,12.1275,6.0,2,19.760677280571194,,0.0,0.0,0.0,0.0,43.66488419320376,optimal
2021-02-08 22:30:00,5,61,0.0,0.0,0.0,0.17413333333333333,12.1275,6.0,2,19.6830265011453,,0.0,0.0,0.0,0.0,43.04805666567607,optimal
2021-02-08 23:00:00,5,61,0.0,0.0,0.0,0.10726666666666668,11.2665,6.0,2,19.605955420488705,,0.0,0.0,0.0,0.0,42.43184596567591,optimal
2021-02-08 23:30:00,5,61,0.0,0.0,0.0,0.21866666666666662,10.143,6.0,2,19.527418399370006,,0.0,0.0,0.0,0.0,41.816251476375754,optimal
2021-02-09 00:00:00,5,61,2.0,0.0,0.0,0.15406666666666666,11.7705,6.0,-4,19.527418399370006,,7000.0,0.0,0.0,0.0,41.77443522489938,optimal
2021-02-09 00:30:00,5,61,2.0,0.0,4.897787418464825,0.06866666666666667,11.13,6.0,-4,19.620145401895698,,6303.333333333333,0.0,696.6666666666666,0.0,44.05910981344527,optimal
2021-02-09 01:00:00,5,61,2.0,0.0,0.0,0.068,11.6865,6.0,-4,19.691457597843392,,7000.0,0.0,0.0,0.0,44.01505070363182,optimal
2021-02-09 01:30:00,5,61,2.0,0.0,5.0,0.068,10.7205,6.0,-4,19.779130564741894,,7000.0,0.0,0.0,0.0,46.34603565292819,optimal
2021-02-09 02:00:00,5,61,2.0,0.0,0.0,0.068,11.424,6.0,-4,19.866020755270448,,7000.0,0.0,0.0,0.0,46.299689617275256,optimal
2021-02-09 02:30:00,5,61,2.0,0.0,5.0,0.068,10.689,6.0,-4,19.952131434357696,,7000.0,0.0,0.0,0.0,48.62838992765797,optimal
2021-02-09 03:00:00,5,61,2.0,0.0,0.0,0.068,11.361,6.0,-4,20.03809149725999,,7000.0,0.0,0.0,0.0,48.579761537730306,optimal
2021-02-09 03:30:00,5,61,2.0,0.0,0.0,0.068,11.571,6.0,-4,20.123901572191368,,7000.0,0.0,0.0,0.0,48.53118177619257,optimal
2021-02-09 04:00:00,5,61,0.0,0.0,0.0,0.07733333333333332,14.3745,6.0,-4,20.209770832727465,,0.0,0.0,0.0,0.0,48.48265059441637,optimal
2021-02-09 04:30:00,5,61,2.0,0.0,0.0,0.06866666666666667,13.23,6.0,-4,20.130415334180885,,7000.0,0.0,0.0,0.0,48.434167943821954,optimal
2021-02-09 05:00:00,5,61,2.0,0.0,0.0,0.07733333333333332,13.9755,6.0,-4,20.216257426078634,,7000.0,0.0,0.0,0.0,48.38573377587813,optimal
2021-02-09 05:30:00,5,61,0.0,0.0,0.0,0.06866666666666667,14.994,6.0,-4,20.301324378112163,,0.0,0.0,0.0,0.0,48.33734804210225,optimal
2021-02-09 06:00:00,5,61,2.0,0.0,0.0,0.068,13.671,6.0,-4,20.220752821495665,,7000.0,0.0,0.0,0.0,48.289010694060146,optimal
2021-02-09 06:30:00,5,61,0.0,0.0,0.0,0.07733333333333332,15.981,6.0,-4,20.305801023416354,,0.0,0.0,0.0,0.0,48.240721683366075,optimal
2021-02-09 07:00:00,5,61,0.0,0.0,0.0,0.078,15.6345,6.0,-4,20.225002246911117,,0.0,0.0,0.0,0.0,48.192480961682705,optimal
2021-02-09 07:30:00,5,61,0.0,0.0,0.0,0.12033333333333332,16.5375,6.0,-4,20.14433193085956,,0.0,0.0,0.0,0.0,48.144288480721016,optimal
2021-02-09 08:00:00,5,61,0.9140626840107573,0.0,0.0,0.205,14.7735,6.0,-4,20.06558013715493,,3199.2193940376505,0.0,0.0,0.0,48.096144192240295,optimal
2021-02-09 08:30:00,5,61,0.0,0.0,0.0,0.205,15.2145,6.0,-4,20.069278914562556,,0.0,0.0,0.0,0.0,48.048048048048045,optimal
2021-02-09 09:00:00,5,61,0.6396580353917122,0.0,0.0,0.16266666666666665,14.553,6.0,-4,20.0,,2238.8031238709923,0.0,0.0,0.0,48.0,optimal
2021-02-09 09:30:00,5,61,1.3681165748386281,0.0,0.0,0.078,14.3325,6.0,-4,20.0,,4788.408011935198,0.0,0.0,0.0,47.227552524389374,optimal
2021-02-09 10:00:00,5,61,0.0,0.0,0.0,0.078,14.595,6.0,-4,20.0519132178875,,0.0,0.0,0.0,0.0,46.45587749625436,optimal
2021-02-09 10:30:00,5,61,0.0,0.0,0.0,0.12043333333333334,14.994,6.0,-4,20.02352919612763,,0.0,0.0,0.0,0.0,45.68497414314748,optimal
2021-02-09 11:00:00,5,61,0.0,0.0,0.0,0.09066666666666669,14.3325,6.0,-4,20.0,,0.0,0.0,0.0,0.0,44.914841693393704,optimal
2021-02-09 11:30:00,5,61,0.0,0.0,0.0,0.078,13.8915,6.0,-4,20.00528135179962,,0.0,0.0,0.0,0.0,44.14547937608969,optimal
2021-02-09 12:00:00,5,61,0.0,0.0,0.0,0.078,13.8915,6.0,-4,20.00897832651349,,0.0,0.0,0.0,0.0,43.376886421102974,optimal
2021-02-09 12:30:00,5,61,0.3246513819734051,0.0,0.0,0.06866666666666667,13.4715,6.0,-4,20.033547504029123,,1066.613170240251,0.0,69.66666666666666,0.0,42.60906205907125,optimal
2021-02-09 13:00:00,5,61,2.0,0.0,0.0,0.068,13.23,6.0,-4,20.082990480647705,,7000.0,0.0,0.0,0.0,41.84200552140155,optimal
2021-02-09 13:30:00,5,61,0.0,0.0,0.0,0.068,13.8915,6.0,-4,20.277109059120928,,0.0,0.0,0.0,0.0,41.075716040269526,optimal
2021-02-09 14:00:00,5,61,0.0,0.0,0.0,0.068,26.9325,6.0,-4,20.304925731029996,,0.0,0.0,0.0,0.0,40.310192848618634,optimal
2021-02-09 14:30:00,5,61,0.0,0.0,0.0,0.068,30.303,6.0,-4,20.32635672462439,,0.0,0.0,0.0,0.0,39.545435180159394,optimal
2021-02-09 15:00:00,5,61,0.0,0.0,0.0,0.068,32.886,6.0,-4,20.34748978242765,,0.0,0.0,0.0,0.0,38.78144226936861,optimal
2021-02-09 15:30:00,5,61,0.0,0.0,0.0,0.068,34.9965,6.0,-4,20.344438250421415,,0.0,0.0,0.0,0.0,38.01821335148862,optimal
2021-02-09 16:00:00,5,61,0.0,0.0,0.0,0.068,33.327,6.0,-4,20.341399446232007,,0.0,0.0,0.0,0.0,37.2557476625265,optimal
2021-02-09 16:30:00,5,61,0.0,0.0,0.0,0.07733333333333332,31.122,6.0,-4,20.30557202578596,,0.0,0.0,0.0,0.0,36.49404443925335,optimal
2021-02-09 17:00:00,5,61,0.0,0.0,0.0,0.078,17.9025,6.0,-4,20.26947694410077,,0.0,0.0,0.0,0.0,35.733102919203475,optimal
2021-02-09 17:30:00,5,61,0.0,0.0,0.0,0.09066666666666669,15.6555,6.0,-4,20.199957490822808,,0.0,0.0,0.0,0.0,35.69736981628427,optimal
2021-02-09 18:00:00,5,61,0.0,0.0,0.0,0.30739999999999995,14.553,6.0,-4,20.131798457695183,,0.0,0.0,0.0,0.0,35.66167244646799,optimal
2021-02-09 18:30:00,5,61,0.0,0.0,0.0,0.3408,14.3325,6.0,-4,20.065428134558108,,0.0,0.0,0.0,0.0,35.62601077402152,optimal
2021-02-09 19:00:00,5,61,0.7606204058154182,0.0,0.0,0.4446,13.335,6.0,-4,20.0,,2662.171420353964,0.0,0.0,0.0,35.5903847632475,optimal
2021-02-09 19:30:00,5,61,1.666058093710514,0.0,0.0,0.2744,12.1275,6.0,-4,20.0,,5831.203327986799,0.0,0.0,0.0,35.55479437848425,optimal
2021-02-09 20:00:00,5,61,0.0,0.0,0.0,0.132,12.2955,6.0,-4,20.072992395557574,,0.0,0.0,0.0,0.0,35.51923958410577,optimal
2021-02-09 20:30:00,5,61,0.0,0.0,0.0,0.078,11.6865,6.0,-4,20.0,,0.0,0.0,0.0,0.0,35.483720344521664,optimal
2021-02-09 21:00:00,5,61,0.0,0.0,0.0,0.078,11.466,6.0,-4,19.92277073502101,,0.0,0.0,0.0,0.0,35.44823662417714,optimal
2021-02-09 21:30:00,5,61,0.0,0.0,0.0,0.078,10.8045,6.0,-4,19.845446494225335,,0.0,0.0,0.0,0.0,35.412788387552965,optimal
2021-02-09 22:00:00,5,61,0.0,0.0,0.0,0.078,10.584,6.0,-4,19.76761057778954,,0.0,0.0,0.0,0.0,35.37737559916541,optimal
2021-02-09 22:30:00,5,61,0.0,0.0,0.0,0.078,11.2455,6.0,-4,19.68926511989207,,0.0,0.0,0.0,0.0,35.34199822356624,optimal
2021-02-09 23:00:00,5,61,0.0,0.0,0.0,0.078,12.1275,6.0,-4,19.611454985719124,,0.0,0.0,0.0,0.0,35.30665622534268,optimal
2021-02-09 23:30:00,5,61,0.0,0.0,0.0,0.078,11.823,6.0,-4,19.534177942457053,,0.0,0.0,0.0,0.0,35.27134956911733,optimal
2021-02-10 00:00:00,5,61,1.8185362205849274,0.0,0.0,0.062,12.789,6.0,3,19.534177942457053,,6364.876772047246,0.0,0.0,0.0,35.23607821954822,optimal
2021-02-10 00:30:00,5,61,2.0,0.0,0.0,0.062,11.907,6.0,3,19.60614578892429,,6233.666666666667,0.0,766.3333333333334,0.0,35.20084214132867,optimal
2021-02-10 01:00:00,5,61,2.0,0.0,0.0,0.062,11.7075,6.0,3,19.674298237100786,,7000.0,0.0,0.0,0.0,35.16564129918734,optimal
2021-02-10 01:30:00,5,61,2.0,0.0,5.0,0.062,10.8045,6.0,3,19.759843957788895,,7000.0,0.0,0.0,0.0,37.505475657888155,optimal
2021-02-10 02:00:00,5,61,2.0,0.0,0.0,0.062,11.508,6.0,3,19.844615774765135,,7000.0,0.0,0.0,0.0,37.46797018223027,optimal
2021-02-10 02:30:00,5,61,2.0,0.0,0.0,0.062,11.508,6.0,3,19.928616915950656,,7000.0,0.0,0.0,0.0,37.43050221204804,optimal
2021-02-10 03:00:00,5,61,2.0,0.0,0.0,0.062,11.508,6.0,3,20.0122676917668,,7000.0,0.0,0.0,0.0,37.39307170983599,optimal
2021-02-10 03:30:00,5,61,2.0,0.0,0.0,0.062,11.844,6.0,3,20.095569563573385,,7000.0,0.0,0.0,0.0,37.35567863812616,optimal
2021-02-10 04:00:00,5,61,2.0,0.0,2.8428640398662632,0.062,11.508,6.0,3,20.17852398663495,,7000.0,0.0,0.0,0.0,38.668683378424504,optimal
2021-02-10 04:30:00,5,61,2.0,0.0,5.0,0.062,11.508,6.0,3,20.26113241014619,,7000.0,0.0,0.0,0.0,41.00501469504607,optimal
2021-02-10 05:00:00,5,61,2.0,0.0,5.0,0.062,10.4475,6.0,3,20.342979181293533,,7000.0,0.0,0.0,0.0,43.339009680351026,optimal
2021-02-10 05:30:00,5,61,2.0,0.0,5.0,0.062,10.8675,6.0,3,20.424067476898237,,7000.0,0.0,0.0,0.0,45.670670670670674,optimal
2021-02-10 06:00:00,5,61,2.0,0.0,5.0,0.5803333333333334,10.542,6.0,3,20.504400460531187,,7000.0,0.0,0.0,0.0,48.0,optimal
2021-02-10 06:30:00,5,61,2.0,0.0,0.0,0.062,11.025,6.0,3,20.588587975346123,,7000.0,0.0,0.0,0.0,47.48920556318643,optimal
2021-02-10 07:00:00,5,61,2.0,0.0,0.0,0.062,11.025,6.0,3,20.666668442210344,,7000.0,0.0,0.0,0.0,46.978921920809675,optimal
2021-02-10 07:30:00,5,61,0.0,0.0,0.0,0.062,14.553,6.0,3,20.745257430526276,,0.0,0.0,0.0,0.0,46.4691485620753,optimal
2021-02-10 08:00:00,5,61,2.0,0.0,0.0,0.062,13.0935,6.0,3,20.658026381535514,,7000.0,0.0,0.0,0.0,45.959884976699655,optimal
2021-02-10 08:30:00,5,61,0.0,0.0,0.0,0.062,15.6345,6.0,3,20.736947391117152,,0.0,0.0,0.0,0.0,45.45113065490939,optimal
2021-02-10 09:00:00,5,61,0.0,0.0,0.0,0.062,18.102,6.0,3,20.65108971845413,,0.0,0.0,0.0,0.0,44.942885087440914,optimal
2021-02-10 09:30:00,5,61,0.0,0.0,0.0,0.062,17.199,6.0,3,20.587103421358016,,0.0,0.0,0.0,0.0,44.4351477655399,optimal
2021-02-10 10:00:00,5,61,0.0,0.0,0.0,0.062,18.2805,6.0,3,20.524218200451894,,0.0,0.0,0.0,0.0,43.927918180960795,optimal
2021-02-10 10:30:00,5,61,0.0,0.0,0.0,0.07166666666666667,17.4615,6.0,3,20.49594382572086,,0.0,0.0,0.0,0.0,43.421195825966265,optimal
2021-02-10 11:00:00,5,61,0.0,0.0,0.0,0.06533333333333333,18.3225,6.0,3,20.468413026211202,,0.0,0.0,0.0,0.0,42.914980193326734,optimal
2021-02-10 11:30:00,5,61,0.0,0.0,0.0,0.062,17.094,6.0,3,20.46479752565401,,0.0,0.0,0.0,0.0,42.40927077631984,optimal
2021-02-10 12:00:00,5,61,0.0,0.0,0.0,0.062,17.094,6.0,3,20.46161420116745,,0.0,0.0,0.0,0.0,41.90406706872996,optimal
2021-02-10 12:30:00,5,61,0.0,0.0,0.0,0.062,17.094,6.0,3,20.488810254976105,,0.0,0.0,0.0,0.0,41.39936856484766,optimal
2021-02-10 13:00:00,5,61,0.0,0.0,0.0,0.071,17.3565,6.0,3,20.51589287514204,,0.0,0.0,0.0,0.0,40.89517475946925,optimal
2021-02-10 13:30:00,5,61,0.0,0.0,0.0,0.06466666666666668,17.115,6.0,3,20.53787103399013,,0.0,0.0,0.0,0.0,40.39148514789621,optimal
2021-02-10 14:00:00,5,61,0.0,0.0,0.0,0.062,17.241,6.0,3,20.560591714752224,,0.0,0.0,0.0,0.0,39.88829922593475,optimal
2021-02-10 14:30:00,5,61,0.0,0.0,0.0,0.062,17.094,6.0,3,20.580129926911905,,0.0,0.0,0.0,0.0,39.38561648989525,optimal
2021-02-10 15:00:00,5,61,0.0,0.0,0.0,0.062,16.5165,6.0,3,20.59958664597728,,0.0,0.0,0.0,0.0,38.883436436591786,optimal
2021-02-10 15:30:00,5,61,0.0,0.0,0.0,0.062,17.8185,6.0,3,20.597570065557367,,0.0,0.0,0.0,0.0,38.38175856334163,optimal
2021-02-10 16:00:00,5,61,0.0,0.0,0.0,0.062,17.094,6.0,3,20.59472770428553,,0.0,0.0,0.0,0.0,37.88058236796472,optimal
2021-02-10 16:30:00,5,61,0.0,0.0,0.0,0.07166666666666667,16.8945,6.0,3,20.558974787017284,,0.0,0.0,0.0,0.0,37.37990734878319,optimal
2021-02-10 17:00:00,5,61,0.0,0.0,0.0,0.072,18.123,6.0,3,20.522536801796416,,0.0,0.0,0.0,0.0,36.87973300462084,optimal
2021-02-10 17:30:00,5,61,0.0,0.0,0.0,0.062,31.647,6.0,3,20.451545707712672,,0.0,0.0,0.0,0.0,36.380058834802654,optimal
2021-02-10 18:00:00,5,61,0.0,0.0,0.0,0.062,34.9965,6.0,3,20.381059262598832,,0.0,0.0,0.0,0.0,35.880884339154285,optimal
2021-02-10 18:30:00,5,61,0.0,0.0,0.0,0.06966666666666667,34.9965,6.0,3,20.299309681121937,,0.0,0.0,0.0,0.0,35.38220901800156,optimal
2021-02-10 19:00:00,5,61,0.0,0.0,0.0,1.0012666666666667,34.9965,6.0,3,20.217491994359214,,0.0,0.0,0.0,0.0,34.88403237216999,optimal
2021-02-10 19:30:00,5,61,0.0,0.0,0.0,0.39986666666666665,34.9965,6.0,3,20.14112334138242,,0.0,0.0,0.0,0.0,34.386353902984254,optimal
2021-02-10 20:00:00,5,61,0.0,0.0,0.0,1.226,34.9965,6.0,3,20.0699147361211,,0.0,0.0,0.0,0.0,33.889173112267706,optimal
2021-02-10 20:30:00,5,61,0.0,0.0,0.0,0.072,27.741,6.0,3,20.0,,0.0,0.0,0.0,0.0,33.392489502341874,optimal
2021-02-10 21:00:00,5,61,0.0,0.0,0.0,0.072,19.026,6.0,3,19.914870140607757,,0.0,0.0,0.0,0.0,32.89630257602597,optimal
2021-02-10 21:30:00,5,61,0.0,0.0,0.0,0.072,18.7215,6.0,3,19.829225671649795,,0.0,0.0,0.0,0.0,32.40061183663637,optimal
2021-02-10 22:00:00,5,61,0.0,0.0,0.0,0.6836666666666666,17.4195,6.0,3,19.7378905308409,,0.0,0.0,0.0,0.0,32.36821122479974,optimal
2021-02-10 22:30:00,5,61,0.0,0.0,0.0,1.1742666666666668,16.758,6.0,3,19.64584539054802,,0.0,0.0,0.0,0.0,32.33584301357494,optimal
2021-02-10 23:00:00,5,61,0.0,0.0,0.0,0.072,14.217,6.0,3,19.569837441586955,,0.0,0.0,0.0,0.0,32.30350717056136,optimal
2021-02-10 23:30:00,5,61,0.0,0.0,0.0,0.072,13.3665,6.0,3,19.473434231697198,,0.0,0.0,0.0,0.0,32.2712036633908,optimal
2021-02-11 00:00:00,5,61,2.0,0.0,0.0,0.062,11.025,6.0,0,19.473434231697198,,7000.0,0.0,0.0,0.0,32.23893245972741,optimal
2021-02-11 00:30:00,5,61,2.0,0.0,0.0,0.062,12.0855,6.0,0,19.543551005458884,,1775.0,0.0,5225.0,0.0,32.20669352726768,optimal
2021-02-11 01:00:00,5,61,2.0,0.0,0.0,0.11853333333333332,11.6865,6.0,0,19.490419946501884,,7000.0,0.0,0.0,0.0,32.17448683374042,optimal
2021-02-11 01:30:00,5,61,2.0,0.0,0.0,0.14576666666666668,11.2245,6.0,0,19.562634928086432,,7000.0,0.0,0.0,0.0,32.14231234690668,optimal
2021-02-11 02:00:00,5,61,2.0,0.0,0.0,0.1151,11.025,6.0,0,19.63519173618865,,7000.0,0.0,0.0,0.0,32.11017003455977,optimal
2021-02-11 02:30:00,5,61,2.0,0.0,0.0,0.1256,10.7835,6.0,0,19.706721812763334,,7000.0,0.0,0.0,0.0,32.078059864525216,optimal
2021-02-11 03:00:00,5,61,2.0,0.0,0.0,0.062,11.025,6.0,0,19.77778436985878,,7000.0,0.0,0.0,0.0,32.04598180466069,optimal
2021-02-11 03:30:00,5,61,2.0,0.0,0.0,0.1918,10.584,6.0,0,19.846631711478583,,7000.0,0.0,0.0,0.0,32.013935822856034,optimal
2021-02-11 04:00:00,5,61,2.0,0.0,0.0,0.062,11.025,6.0,0,19.919299465521526,,7000.0,0.0,0.0,0.0,31.981921887033177,optimal
2021-02-11 04:30:00,5,61,2.0,0.0,0.0,0.21409999999999998,10.4265,6.0,0,19.989642033207907,,7000.0,0.0,0.0,0.0,31.949939965146143,optimal
2021-02-11 05:00:00,5,61,2.0,0.0,0.0,0.1033,12.789,6.0,0,20.06328258351789,,7000.0,0.0,0.0,0.0,31.917990025181,optimal
2021-02-11 05:30:00,5,61,2.0,0.0,0.0,0.09233333333333331,12.684,6.0,0,20.13399977724783,,7000.0,0.0,0.0,0.0,31.886072035155816,optimal
2021-02-11 06:00:00,5,61,2.0,0.0,0.0,2.2796333333333334,16.254,6.0,0,20.208755472043592,,7000.0,0.0,0.0,0.0,31.85418596312066,optimal
2021-02-11 06:30:00,5,61,2.0,0.0,0.0,0.14283333333333334,17.64,6.0,0,20.29305251192242,,7000.0,0.0,0.0,0.0,31.82233177715754,optimal
2021-02-11 07:00:00,5,61,0.0,0.0,0.0,2.3966999999999996,19.1625,6.0,0,20.37161509164038,,0.0,0.0,0.0,0.0,31.790509445380383,optimal
2021-02-11 07:30:00,5,61,0.0,0.0,0.0,3.2195666666666667,26.46,6.0,0,20.296510672561546,,0.0,0.0,0.0,0.0,31.758718935935004,optimal
2021-02-11 08:00:00,5,61,0.0,0.0,0.0,0.6320666666666667,20.79,6.0,0,20.226676423484133,,0.0,0.0,0.0,0.0,31.726960216999068,optimal
2021-02-11 08:30:00,5,61,0.0,0.0,0.0,2.0609,29.106,6.0,0,20.146526290946415,,0.0,0.0,0.0,0.0,31.695233256782068,optimal
2021-02-11 09:00:00,5,61,0.331732558724855,0.0,0.0,2.567466666666667,19.1835,6.0,0,20.06812355249027,,1161.0639555369926,0.0,0.0,0.0,31.663538023525284,optimal
2021-02-11 09:30:00,5,61,0.0,0.0,0.0,2.880233333333333,19.6665,6.0,0,20.049378068554205,,0.0,0.0,0.0,0.0,31.631874485501758,optimal
2021-02-11 10:00:00,5,61,0.0,0.0,0.0,2.4675333333333334,19.404,6.0,0,20.003521101102123,,0.0,0.0,0.0,0.0,31.600242611016256,optimal
2021-02-11 10:30:00,5,61,0.13654932560082708,0.0,0.0,0.21,19.047,6.0,0,20.0,,477.9226396028948,0.0,0.0,0.0,31.56864236840524,optimal
2021-02-11 11:00:00,5,61,0.0,0.0,0.0,2.377466666666667,18.858,6.0,0,20.0,,0.0,0.0,0.0,0.0,31.537073726036834,optimal
2021-02-11 11:30:00,5,61,0.0,0.0,0.0,0.22019999999999998,19.2675,6.0,0,20.025593128589975,,0.0,0.0,0.0,0.0,31.5055366523108,optimal
2021-02-11 12:00:00,5,61,0.0,0.0,0.0,0.5248333333333334,18.963,6.0,0,20.048196124792074,,0.0,0.0,0.0,0.0,31.474031115658487,optimal
2021-02-11 12:30:00,5,61,0.0,0.0,0.0,1.262233333333333,18.438,6.0,0,20.10785757430198,,0.0,0.0,0.0,0.0,31.44255708454283,optimal
2021-02-11 13:00:00,5,61,0.0,0.0,0.0,1.3409666666666666,18.7425,6.0,0,20.167555960579037,,0.0,0.0,0.0,0.0,31.411114527458288,optimal
2021-02-11 13:30:00,5,61,0.15923809523809523,0.0,0.0,0.4078,15.2145,6.0,0,20.212235933862544,,0.0,0.0,557.3333333333334,0.0,31.37970341293083,optimal
2021-02-11 14:00:00,5,61,0.0,0.0,0.0,0.111,17.7765,6.0,0,20.25804901502823,,0.0,0.0,0.0,0.0,31.3483237095179,optimal
2021-02-11 14:30:00,5,61,0.0,0.0,0.0,0.9373666666666668,16.758,6.0,0,20.300589564495283,,0.0,0.0,0.0,0.0,31.31697538580838,optimal
2021-02-11 15:00:00,5,61,0.0,0.0,0.0,0.9243666666666668,16.422,6.0,0,20.363236307156203,,0.0,0.0,0.0,0.0,31.28565841042257,optimal
2021-02-11 15:30:00,5,61,0.0,0.0,0.0,0.198,16.758,6.0,0,20.398699112244934,,0.0,0.0,0.0,0.0,31.25437275201215,optimal
2021-02-11 16:00:00,5,61,0.0,0.0,0.0,0.2806,29.358,6.0,0,20.41153519241556,,0.0,0.0,0.0,0.0,31.223118379260136,optimal
2021-02-11 16:30:00,5,61,0.0,0.0,0.0,1.0685,34.9965,6.0,0,20.389250234845598,,0.0,0.0,0.0,0.0,31.191895260880877,optimal
2021-02-11 17:00:00,5,61,0.0,0.0,0.0,1.8270333333333333,34.65,6.0,0,20.374084402152413,,0.0,0.0,0.0,0.0,31.160703365619995,optimal
2021-02-11 17:30:00,5,61,0.0,0.0,0.0,0.42806666666666665,34.9965,6.0,0,20.326466753114687,,0.0,0.0,0.0,0.0,31.129542662254373,optimal
2021-02-11 18:00:00,5,61,0.0,0.0,0.0,1.595,34.9965,6.0,0,20.273189414077777,,0.0,0.0,0.0,0.0,31.09841311959212,optimal
2021-02-11 18:30:00,5,61,0.0,0.0,0.0,2.7270333333333334,30.4815,6.0,0,20.199501389211566,,0.0,0.0,0.0,0.0,31.067314706472526,optimal
2021-02-11 19:00:00,5,61,0.0,0.0,0.0,2.6873666666666667,21.4305,6.0,0,20.13955633071972,,0.0,0.0,0.0,0.0,31.036247391766054,optimal
2021-02-11 19:30:00,5,61,0.5392250699629293,0.0,0.0,0.3151666666666667,14.3325,6.0,0,20.056581504967692,,1678.2877448702527,0.0,209.0,0.0,31.005211144374286,optimal
2021-02-11 20:00:00,5,61,1.2067858173132684,0.0,0.0,0.17866666666666667,13.692,6.0,0,20.0,,4223.750360596439,0.0,0.0,0.0,30.97420593322991,optimal
2021-02-11 20:30:00,5,61,0.0,0.0,0.0,0.332,14.007,6.0,0,20.0,,0.0,0.0,0.0,0.0,30.94323172729668,optimal
2021-02-11 21:00:00,5,61,0.0,0.0,0.0,0.2660666666666667,12.873,6.0,0,19.90536518755755,,0.0,0.0,0.0,0.0,30.912288495569385,optimal
2021-02-11 21:30:00,5,61,0.0,0.0,0.0,0.32566666666666666,12.684,6.0,0,19.809383269142106,,0.0,0.0,0.0,0.0,30.881376207073817,optimal
2021-02-11 22:00:00,5,61,0.0,0.0,0.0,0.43089999999999995,12.306,6.0,0,19.717928100298952,,0.0,0.0,0.0,0.0,30.850494830866744,optimal
2021-02-11 22:30:00,5,61,0.0,0.0,0.0,0.29056666666666664,10.6365,6.0,0,19.633081477231187,,0.0,0.0,0.0,0.0,30.81964433603588,optimal
2021-02-11 23:00:00,5,61,0.0,0.0,0.0,0.26539999999999997,11.2455,6.0,0,19.53622424291755,,0.0,0.0,0.0,0.0,30.788824691699844,optimal
2021-02-11 23:30:00,5,61,0.0,0.0,0.0,0.06866666666666667,11.2455,6.0,0,19.433266193753344,,0.0,0.0,0.0,0.0,30.758035867008143,optimal
2021-02-12 00:00:00,5,61,0.0,0.0,0.0,0.065,28.119,6.0,14,19.433266193753344,,0.0,0.0,0.0,0.0,30.727277831141134,optimal
2021-02-12 00:30:00,5,61,0.0,0.0,0.0,0.1382,30.156,6.0,14,19.32494335007079,,0.0,0.0,0.0,0.0,30.696550553309994,optimal
2021-02-12 01:00:00,5,61,0.0,0.0,0.0,0.2299333333333333,29.1585,6.0,14,19.21865904009617,,0.0,0.0,0.0,0.0,30.665854002756685,optimal
2021-02-12 01:30:00,5,61,1.8058711234506803,0.0,0.0,0.1402,26.712,6.0,14,19.114936817281627,,5623.882265410714,0.0,696.6666666666665,0.0,30.63518814875393,optimal
2021-02-12 02:00:00,5,61,2.0,0.0,0.0,0.18,15.435,6.0,14,19.14273639732382,,7000.0,0.0,0.0,0.0,30.604552960605176,optimal
2021-02-12 02:30:00,5,61,2.0,0.0,0.0,0.12293333333333334,13.566,6.0,14,19.20426971083076,,7000.0,0.0,0.0,0.0,30.573948407644572,optimal
2021-02-12 03:00:00,5,61,2.0,0.0,0.0,0.10286666666666666,12.789,6.0,14,19.265450203592017,,7000.0,0.0,0.0,0.0,30.543374459236926,optimal
2021-02-12 03:30:00,5,61,2.0,0.0,0.0,0.2173333333333333,12.1275,6.0,14,19.327152989611463,,7000.0,0.0,0.0,0.0,30.512831084777687,optimal
2021-02-12 04:00:00,5,61,2.0,0.0,0.0,0.12293333333333334,13.671,6.0,14,19.39422086953912,,7000.0,0.0,0.0,0.0,30.48231825369291,optimal
2021-02-12 04:30:00,5,61,2.0,0.0,0.0,0.1402,10.668,6.0,14,19.461699715067784,,7000.0,0.0,0.0,0.0,30.451835935439217,optimal
2021-02-12 05:00:00,5,61,2.0,0.0,0.0,0.073,11.7285,6.0,14,19.532224480589466,,7000.0,0.0,0.0,0.0,30.42138409950378,optimal
2021-02-12 05:30:00,5,61,2.0,0.0,0.0,0.08726666666666666,11.025,6.0,14,19.603788038407718,,7000.0,0.0,0.0,0.0,30.390962715404275,optimal
2021-02-12 06:00:00,5,61,2.0,0.0,2.940826775799186,0.21566666666666662,10.689,6.0,14,19.678726739142135,,7000.0,0.0,0.0,0.0,31.757464471193483,optimal
2021-02-12 06:30:00,5,61,2.0,0.0,5.0,0.08793333333333334,8.1585,6.0,14,19.759721416547656,,7000.0,0.0,0.0,0.0,34.10070700672229,optimal
2021-02-12 07:00:00,5,61,2.0,0.0,5.0,0.12493333333333334,10.3635,6.0,14,19.837779330433886,,7000.0,0.0,0.0,0.0,36.441606299715566,optimal
2021-02-12 07:30:00,5,61,2.0,0.0,0.0,0.07946666666666667,10.8045,6.0,14,19.917534376940257,,7000.0,0.0,0.0,0.0,36.40516469341584,optimal
2021-02-12 08:00:00,5,61,0.9716798261097714,0.0,0.0,0.4803,11.025,6.0,14,20.0,,3400.8793913842,0.0,0.0,0.0,36.36875952872242,optimal
2021-02-12 08:30:00,5,61,1.811583600470481,0.0,5.0,1.2815,10.3635,6.0,14,20.0,,5852.875934980017,0.0,487.6666666666667,0.0,38.7073907691937,optimal
2021-02-12 09:00:00,5,61,0.0,0.0,0.0,0.6247666666666667,10.8045,6.0,14,20.058281172531263,,0.0,0.0,0.0,0.0,38.668683378424504,optimal
2021-02-12 09:30:00,5,61,0.6926021358092496,0.0,5.0,0.8511666666666666,10.059,6.0,14,20.0,,1936.440808665707,0.0,487.6666666666667,0.0,41.00501469504607,optimal
2021-02-12 10:00:00,5,61,0.0,0.0,5.0,2.8727,10.584,6.0,14,20.0,,0.0,0.0,0.0,0.0,43.339009680351026,optimal
2021-02-12 10:30:00,5,61,2.0,0.0,5.0,0.3323333333333333,9.4185,6.0,14,20.022116059132323,,6094.333333333333,0.0,905.6666666666666,0.0,45.670670670670674,optimal
2021-02-12 11:00:00,5,61,0.0,0.0,5.0,0.3338666666666667,10.3635,6.0,14,20.15657407150638,,0.0,0.0,0.0,0.0,48.0,optimal
2021-02-12 11:30:00,5,61,0.13633120161529544,0.0,0.0,0.2542,9.8385,6.0,14,20.17866867377511,,477.15920565353406,0.0,0.0,0.0,43.5145481370305,optimal
2021-02-12 12:00:00,5,61,0.0,0.0,0.0,0.2513,11.067,6.0,14,20.207649669838343,,0.0,0.0,0.0,0.0,39.03358172592397,optimal
2021-02-12 12:30:00,5,61,0.0,0.0,0.0,0.44053333333333333,10.8465,6.0,14,20.236499554503887,,0.0,0.0,0.0,0.0,38.99454814419805,optimal
2021-02-12 13:00:00,5,61,0.0,0.0,0.0,0.3909333333333333,13.671,6.0,14,20.27547541312235,,0.0,0.0,0.0,0.0,38.95555359605385,optimal
2021-02-12 13:30:00,5,61,0.0,0.0,0.0,0.3596666666666667,12.348,6.0,14,20.312613028387492,,0.0,0.0,0.0,0.0,38.9165980424578,optimal
2021-02-12 14:00:00,5,61,0.0,0.0,0.0,0.5751333333333333,14.3325,6.0,14,20.348487604924642,,0.0,0.0,0.0,0.0,38.877681444415344,optimal
2021-02-12 14:30:00,5,61,0.0,0.0,0.0,0.5511333333333334,15.393,6.0,14,20.380819679875685,,0.0,0.0,0.0,0.0,38.838803762970926,optimal
2021-02-12 15:00:00,5,61,0.0,0.0,0.0,0.5378999999999999,13.587,6.0,14,20.411513653069097,,0.0,0.0,0.0,0.0,38.799964959207955,optimal
2021-02-12 15:30:00,5,61,0.0,0.0,0.0,0.18066666666666664,16.1385,6.0,14,20.430215616589727,,0.0,0.0,0.0,0.0,38.761164994248745,optimal
2021-02-12 16:00:00,5,61,0.0,0.0,0.0,0.32893333333333336,14.595,6.0,14,20.4351431387926,,0.0,0.0,0.0,0.0,38.722403829254496,optimal
2021-02-12 16:30:00,5,61,0.0,0.0,0.0,0.6360666666666667,14.637,6.0,14,20.40921264682615,,0.0,0.0,0.0,0.0,38.68368142542524,optimal
2021-02-12 17:00:00,5,61,0.0,0.0,0.0,0.5200666666666667,13.9125,6.0,14,20.39427871607662,,0.0,0.0,0.0,0.0,38.64499774399982,optimal
2021-02-12 17:30:00,5,61,0.0,0.0,0.0,0.6278666666666667,13.3665,6.0,14,20.34694907987027,,0.0,0.0,0.0,0.0,38.606352746255816,optimal
2021-02-12 18:00:00,5,61,0.0,0.0,0.0,0.65,13.0095,6.0,14,20.2984820396469,,0.0,0.0,0.0,0.0,38.56774639350956,optimal
2021-02-12 18:30:00,5,61,0.0,0.0,0.0,0.9516666666666667,13.8915,6.0,14,20.23891041410038,,0.0,0.0,0.0,0.0,38.52917864711605,optimal
2021-02-12 19:00:00,5,61,0.0,0.0,0.0,1.8445666666666665,13.188,6.0,14,20.186888258168654,,0.0,0.0,0.0,0.0,38.49064946846893,optimal
2021-02-12 19:30:00,5,61,0.0,0.0,0.0,0.6759666666666667,12.5685,6.0,14,20.13190430981123,,0.0,0.0,0.0,0.0,38.45215881900046,optimal
2021-02-12 20:00:00,5,61,0.0,0.0,0.0,0.47326666666666667,12.285,6.0,14,20.069085160740503,,0.0,0.0,0.0,0.0,38.41370666018146,optimal
2021-02-12 20:30:00,5,61,0.0,0.0,0.0,0.8093666666666667,11.487,6.0,14,20.0,,0.0,0.0,0.0,0.0,38.37529295352128,optimal
2021-02-12 21:00:00,5,61,0.0,0.0,0.0,0.6274,11.802,6.0,14,19.938620995945403,,0.0,0.0,0.0,0.0,38.33691766056776,optimal
2021-02-12 21:30:00,5,61,0.0,0.0,0.0,0.5040333333333333,11.2245,6.0,14,19.87231635151637,,0.0,0.0,0.0,0.0,38.29858074290719,optimal
2021-02-12 22:00:00,5,61,0.0,0.0,0.0,0.37673333333333336,11.025,6.0,14,19.806908444178994,,0.0,0.0,0.0,0.0,38.26028216216429,optimal
2021-02-12 22:30:00,5,61,0.0,0.0,0.0,0.14723333333333333,11.907,6.0,14,19.736813241214342,,0.0,0.0,0.0,0.0,38.222021880002124,optimal
2021-02-12 23:00:00,5,61,0.0,0.0,0.0,0.19426666666666667,25.83,6.0,14,19.66031483861959,,0.0,0.0,0.0,0.0,38.18379985812212,optimal
2021-02-12 23:30:00,5,61,0.0,0.0,0.0,0.073,28.035,6.0,14,19.581436661108444,,0.0,0.0,0.0,0.0,38.145616058264,optimal
2021-02-13 00:00:00,5,61,2.0,0.0,5.0,0.061,10.8465,6.0,18,19.581436661108444,,7000.0,0.0,0.0,0.0,40.48247044220573,optimal
2021-02-13 00:30:00,5,61,2.0,0.0,0.0,0.1156,11.2455,6.0,18,19.66526061190638,,7000.0,0.0,0.0,0.0,40.441987971763524,optimal
2021-02-13 01:00:00,5,61,0.6844577765220673,0.0,0.0,0.061,23.8665,6.0,18,19.75023269721381,,2395.6022178272356,0.0,0.0,0.0,40.40154598379176,optimal
2021-02-13 01:30:00,5,61,0.0,0.0,0.0,0.15433333333333335,27.4575,6.0,18,19.725050860850196,,0.0,0.0,0.0,0.0,40.36114443780797,optimal
2021-02-13 02:00:00,5,61,0.0,0.0,0.0,0.07616666666666667,27.3735,6.0,18,19.645821531374327,,0.0,0.0,0.0,0.0,40.32078329337016,optimal
2021-02-13 02:30:00,5,61,0.0,0.0,0.0,0.1071,30.4605,6.0,18,19.565285544256593,,0.0,0.0,0.0,0.0,40.280462510076795,optimal
2021-02-13 03:00:00,5,61,0.0,0.0,0.0,0.14766666666666667,30.0195,6.0,18,19.485815866021827,,0.0,0.0,0.0,0.0,40.24018204756672,optimal
2021-02-13 03:30:00,5,61,0.0,0.0,0.0,0.08526666666666667,26.9325,6.0,18,19.407635510989543,,0.0,0.0,0.0,0.0,40.19994186551915,optimal
2021-02-13 04:00:00,5,61,2.0,0.0,0.0,0.18466666666666662,14.595,6.0,18,19.328099308974316,,7000.0,0.0,0.0,0.0,40.159741923653634,optimal
2021-02-13 04:30:00,5,61,2.0,0.0,0.0,0.061,12.4845,6.0,18,19.416317027601302,,7000.0,0.0,0.0,0.0,40.11958218172998,optimal
2021-02-13 05:00:00,5,61,2.0,0.0,0.0,0.1156,12.1275,6.0,18,19.50082968572593,,7000.0,0.0,0.0,0.0,40.07946259954825,optimal
2021-02-13 05:30:00,5,61,2.0,0.0,0.0,0.15433333333333335,12.1275,6.0,18,19.585861961843985,,7000.0,0.0,0.0,0.0,40.0393831369487,optimal
2021-02-13 06:00:00,5,61,2.0,0.0,0.0,0.10953333333333332,12.789,6.0,18,19.671037045601402,,7000.0,0.0,0.0,0.0,39.99934375381175,optimal
2021-02-13 06:30:00,5,61,2.0,0.0,0.0,0.08706666666666667,11.907,6.0,18,19.75438195589253,,7000.0,0.0,0.0,0.0,39.95934441005794,optimal
2021-02-13 07:00:00,5,61,2.0,0.0,2.285536061890944,0.13433333333333333,11.025,6.0,18,19.836640207981493,,7000.0,0.0,0.0,0.0,41.00501469504607,optimal
2021-02-13 07:30:00,5,61,2.0,0.0,5.0,0.061,8.2005,6.0,18,19.91946287473224,,7000.0,0.0,0.0,0.0,43.339009680351026,optimal
2021-02-13 08:00:00,5,61,1.1371326254517504,0.0,5.0,0.2076,9.5655,6.0,18,20.0,,3213.6308557477937,0.0,766.3333333333333,0.0,45.670670670670674,optimal
2021-02-13 08:30:00,5,61,2.0,0.0,5.0,0.060333333333333336,7.056,6.0,18,20.0,,7000.0,0.0,0.0,0.0,48.0,optimal
2021-02-13 09:00:00,5,61,0.49955980801271344,0.0,0.0,0.061,9.3975,6.0,18,20.082715080176648,,1748.4593280444972,0.0,0.0,0.0,39.88427348505145,optimal
2021-02-13 09:30:00,5,61,0.0,0.0,0.0,0.15233333333333335,10.059,6.0,18,20.057119818023693,,0.0,0.0,0.0,0.0,39.8443892115664,optimal
2021-02-13 10:00:00,5,61,0.0,0.0,0.0,1.5286,9.261,6.0,18,20.0,,0.0,0.0,0.0,0.0,39.804544822354835,optimal
2021-02-13 10:30:00,5,61,0.3227237625999664,0.0,0.0,0.18936666666666668,8.1585,6.0,18,20.003132376149917,,641.8665024332156,0.0,487.6666666666667,0.0,39.76474027753248,optimal
2021-02-13 11:00:00,5,61,0.0,0.0,0.0,0.38796666666666657,9.4815,6.0,18,20.0,,0.0,0.0,0.0,0.0,39.72497553725495,optimal
2021-02-13 11:30:00,5,61,0.0,0.0,0.0,0.13736666666666666,8.379,6.0,18,20.02097914536373,,0.0,0.0,0.0,0.0,39.685250561717694,optimal
2021-02-13 12:00:00,5,61,0.0,0.0,0.0,1.6049666666666667,9.5235,6.0,18,20.03668730907854,,0.0,0.0,0.0,0.0,39.64556531115598,optimal
2021-02-13 12:30:00,5,61,0.6535858021366846,0.0,0.0,0.5334666666666666,8.1375,6.0,18,20.080151059286965,,0.0,0.0,2287.550307478396,0.0,39.60591974584482,optimal
2021-02-13 13:00:00,5,61,0.0,0.0,0.0,0.48473333333333335,10.0905,6.0,18,20.121151773245376,,0.0,0.0,0.0,0.0,39.56631382609898,optimal
2021-02-13 13:30:00,5,61,2.0,0.0,0.0,0.42433333333333334,7.539,6.0,18,20.168289501129546,,3365.8836408117286,0.0,3634.1163591882714,0.0,39.52674751227288,optimal
2021-02-13 14:00:00,5,61,2.0,0.0,0.0,0.5072666666666666,7.938,6.0,18,20.293456282733462,,7000.0,0.0,0.0,0.0,39.48722076476061,optimal
2021-02-13 14:30:00,5,61,0.0,0.0,0.0,0.2143333333333333,8.274,6.0,18,20.478611612846947,,0.0,0.0,0.0,0.0,39.447733543995845,optimal
2021-02-13 15:00:00,5,61,0.0,0.0,0.0,0.16893333333333332,9.261,6.0,18,20.494585485098913,,0.0,0.0,0.0,0.0,39.40828581045185,optimal
2021-02-13 15:30:00,5,61,0.0,0.0,0.0,0.29433333333333334,9.9225,6.0,18,20.477813271853638,,0.0,0.0,0.0,0.0,39.3688775246414,optimal
2021-02-13 16:00:00,5,61,0.0,0.0,0.0,0.2344,9.702,6.0,18,20.469373674200682,,0.0,0.0,0.0,0.0,39.329508647116754,optimal
2021-02-13 16:30:00,5,61,0.0,0.0,0.0,0.3116666666666667,10.584,6.0,18,20.43827308942336,,0.0,0.0,0.0,0.0,39.29017913846964,optimal
2021-02-13 17:00:00,5,61,0.0,0.0,0.0,0.38503333333333334,10.143,6.0,18,20.407993267199814,,0.0,0.0,0.0,0.0,39.25088895933117,optimal
2021-02-13 17:30:00,5,61,0.0,0.0,0.0,0.7600666666666667,13.0095,6.0,18,20.358759243383712,,0.0,0.0,0.0,0.0,39.21163807037184,optimal
2021-02-13 18:00:00,5,61,0.0,0.0,0.0,2.519233333333333,11.025,6.0,18,20.31120101655918,,0.0,0.0,0.0,0.0,39.17242643230147,optimal
2021-02-13 18:30:00,5,61,0.0,0.0,0.0,1.0961333333333334,12.789,6.0,18,20.25916239016444,,0.0,0.0,0.0,0.0,39.13325400586917,optimal
2021-02-13 19:00:00,5,61,0.0,0.0,0.0,0.36333333333333334,12.1275,6.0,18,20.19738713997425,,0.0,0.0,0.0,0.0,39.0941207518633,optimal
2021-02-13 19:30:00,5,61,0.0,0.0,0.0,0.5022666666666666,12.1695,6.0,18,20.130256384371435,,0.0,0.0,0.0,0.0,39.05502663111144,optimal
2021-02-13 20:00:00,5,61,0.0,0.0,0.0,0.5157999999999999,12.306,6.0,18,20.064211631840845,,0.0,0.0,0.0,0.0,39.01597160448033,optimal
2021-02-13 20:30:00,5,61,0.0,0.0,0.0,0.5333333333333333,13.23,6.0,18,20.0,,0.0,0.0,0.0,0.0,38.97695563287585,optimal
2021-02-13 21:00:00,5,61,0.0,0.0,0.0,0.5493666666666667,13.671,6.0,18,19.938507113403013,,0.0,0.0,0.0,0.0,38.937978677242974,optimal
2021-02-13 21:30:00,5,61,0.0,0.0,0.0,0.4671,13.9335,6.0,18,19.875349327520027,,0.0,0.0,0.0,0.0,38.899040698565734,optimal
2021-02-13 22:00:00,5,61,0.0,0.0,0.0,0.11346666666666669,13.293,6.0,18,19.80692365750868,,0.0,0.0,0.0,0.0,38.86014165786717,optimal
2021-02-13 22:30:00,5,61,0.0,0.0,0.0,0.17646666666666666,12.1065,6.0,18,19.725943230383148,,0.0,0.0,0.0,0.0,38.821281516209304,optimal
2021-02-13 23:00:00,5,61,0.0,0.0,0.0,0.071,11.571,6.0,18,19.64699667061287,,0.0,0.0,0.0,0.0,38.7824602346931,optimal
2021-02-13 23:30:00,5,61,0.0,0.0,0.0,0.071,11.025,6.0,18,19.566097667358182,,0.0,0.0,0.0,0.0,38.743677774458405,optimal
2021-02-07 00:00:00,6,61,0.0,0.0,0.0,0.12836666666666668,11.907,6.0,7,21.0,,0.0,0.0,0.0,0.0,47.952,optimal
2021-02-07 00:30:00,6,61,0.0,0.0,0.0,0.07953333333333333,12.5685,6.0,7,20.92983420797727,,0.0,0.0,0.0,0.0,47.904047999999996,optimal
2021-02-07 01:00:00,6,61,0.0,0.0,0.0,0.047,13.146,6.0,7,20.856516138746116,,0.0,0.0,0.0,0.0,47.856143952,optimal
2021-02-07 01:30:00,6,61,0.0,0.0,0.0,0.0958,10.584,6.0,7,20.782318604596398,,0.0,0.0,0.0,0.0,47.80828780804799,optimal
2021-02-07 02:00:00,6,61,0.0,0.0,0.0,0.23126666666666668,6.678,6.0,7,20.70937426087836,,0.0,0.0,0.0,0.0,47.76047952023995,optimal
2021-02-07 02:30:00,6,61,0.0,0.0,0.0,0.047,7.938,6.0,7,20.639724250177434,,0.0,0.0,0.0,0.0,47.712719040719705,optimal
2021-02-07 03:00:00,6,61,0.0,0.0,0.0,0.2324,5.292,6.0,7,20.56559675431717,,0.0,0.0,0.0,0.0,47.66500632167899,optimal
2021-02-07 03:30:00,6,61,0.0,0.0,0.0,0.20133333333333328,9.261,6.0,7,20.495739002083145,,0.0,0.0,0.0,0.0,47.61734131535731,optimal
2021-02-07 04:00:00,6,61,0.0,0.0,0.0,0.047,10.3635,6.0,7,20.425230530939917,,0.0,0.0,0.0,0.0,47.56972397404195,optimal
2021-02-07 04:30:00,6,61,0.0,0.0,0.0,0.15366666666666665,8.274,6.0,7,20.35116348779759,,0.0,0.0,0.0,0.0,47.522154250067906,optimal
2021-02-07 05:00:00,6,61,0.0,0.0,0.0,0.1202,7.7175,6.0,7,20.27992398403145,,0.0,0.0,0.0,0.0,47.47463209581784,optimal
2021-02-07 05:30:00,6,61,0.0,0.0,0.0,0.12166666666666669,6.615,6.0,7,20.208191403871442,,0.0,0.0,0.0,0.0,47.42715746372202,optimal
2021-02-07 06:00:00,6,61,0.0,0.0,0.0,0.1156,6.174,6.0,7,20.136792648277986,,0.0,0.0,0.0,0.0,47.379730306258296,optimal
2021-02-07 06:30:00,6,61,2.0,0.0,0.0,0.11266666666666668,3.906,6.0,7,20.065548448140817,,7000.0,0.0,0.0,0.0,47.332350575952034,optimal
2021-02-07 07:00:00,6,61,2.0,0.0,0.0,0.3373333333333333,2.3415,6.0,7,20.159607292791527,,7000.0,0.0,0.0,0.0,47.285018225376085,optimal
2021-02-07 07:30:00,6,61,2.0,0.0,0.0,0.073,2.205,6.0,7,20.25837009345081,,7000.0,0.0,0.0,0.0,47.23773320715071,optimal
2021-02-07 08:00:00,6,61,2.0,0.0,2.312663621298067,0.12686666666666666,0.882,6.0,7,20.349720086164535,,7000.0,0.0,0.0,0.0,48.289010694060146,optimal
2021-02-07 08:30:00,6,61,2.0,0.0,0.0,0.3168666666666667,1.5435,6.0,7,20.441232996728612,,7000.0,0.0,0.0,0.0,48.240721683366075,optimal
2021-02-07 09:00:00,6,61,2.0,0.0,0.0,0.047,1.5435,6.0,7,20.536878054021045,,7000.0,0.0,0.0,0.0,48.192480961682705,optimal
2021-02-07 09:30:00,6,61,1.5411488940461822,0.0,0.0,0.12086666666666666,5.0715,6.0,7,20.63659616049359,,5394.021129161638,0.0,0.0,0.0,48.144288480721016,optimal
2021-02-07 10:00:00,6,61,0.0,0.0,0.0,0.31493333333333334,5.376,6.0,7,20.69991498621898,,0.0,0.0,0.0,0.0,48.096144192240295,optimal
2021-02-07 10:30:00,6,61,2.0,0.0,0.0,0.08220000000000001,5.0715,6.0,7,20.65375662302686,,7000.0,0.0,0.0,0.0,48.048048048048045,optimal
2021-02-07 11:00:00,6,61,0.0,0.0,0.0,0.16566666666666666,5.5125,6.0,7,20.77066453721078,,0.0,0.0,0.0,0.0,48.0,optimal
2021-02-07 11:30:00,6,61,0.0,0.0,0.0,0.24346666666666666,9.261,6.0,7,20.73868899896992,,0.0,0.0,0.0,0.0,47.522726058668475,optimal
2021-02-07 12:00:00,6,61,0.0,0.0,0.0,0.09426666666666668,11.7075,6.0,7,20.706251808096262,,0.0,0.0,0.0,0.0,47.045929391278285,optimal
2021-02-07 12:30:00,6,61,0.0,0.0,0.0,0.2867333333333333,12.348,6.0,7,20.682905759482747,,0.0,0.0,0.0,0.0,46.56960952055548,optimal
2021-02-07 13:00:00,6,61,0.0,0.0,0.0,0.13446666666666668,12.348,6.0,7,20.66406779983197,,0.0,0.0,0.0,0.0,46.093765969703405,optimal
2021-02-07 13:30:00,6,61,0.0,0.0,0.0,0.224,12.1275,6.0,7,20.630327565856167,,0.0,0.0,0.0,0.0,45.61839826240218,optimal
2021-02-07 14:00:00,6,61,0.0,0.0,0.0,0.22193333333333332,12.5265,6.0,7,20.5991608553499,,0.0,0.0,0.0,0.0,45.14350592280825,optimal
2021-02-07 14:30:00,6,61,0.0,0.0,0.0,0.04866666666666666,11.7495,6.0,7,20.5729188549036,,0.0,0.0,0.0,0.0,44.66908847555392,optimal
2021-02-07 15:00:00,6,61,0.0,0.0,0.0,0.19606666666666664,13.23,6.0,7,20.54286433844862,,0.0,0.0,0.0,0.0,44.195145445746846,optimal
2021-02-07 15:30:00,6,61,0.0,0.0,0.0,0.163,14.3325,6.0,7,20.52771609076832,,0.0,0.0,0.0,0.0,43.721676358969574,optimal
2021-02-07 16:00:00,6,61,0.0,0.0,0.0,0.1948666666666667,14.994,6.0,7,20.51122461316615,,0.0,0.0,0.0,0.0,43.24868074127908,optimal
2021-02-07 16:30:00,6,61,0.0,0.0,0.0,0.20686666666666667,14.8155,6.0,7,20.469614671480667,,0.0,0.0,0.0,0.0,42.77615811920628,optimal
2021-02-07 17:00:00,6,61,0.0,0.0,0.0,0.09986666666666666,14.112,6.0,7,20.428670174646324,,0.0,0.0,0.0,0.0,42.30410801975555,optimal
2021-02-07 17:30:00,6,61,0.0,0.0,0.0,0.29006666666666664,14.007,6.0,7,20.357412198300853,,0.0,0.0,0.0,0.0,42.2618039117358,optimal
2021-02-07 18:00:00,6,61,0.0,0.0,0.0,1.6882000000000001,13.23,6.0,7,20.296211783380855,,0.0,0.0,0.0,0.0,42.21954210782406,optimal
2021-02-07 18:30:00,6,61,0.0,0.0,0.0,0.9741333333333332,11.382,6.0,7,20.25206735986761,,0.0,0.0,0.0,0.0,42.17732256571624,optimal
2021-02-07 19:00:00,6,61,0.0,0.0,0.0,0.6363666666666666,11.7495,6.0,7,20.191916317859608,,0.0,0.0,0.0,0.0,42.135145243150525,optimal
2021-02-07 19:30:00,6,61,0.0,0.0,0.0,0.27363333333333334,24.3285,6.0,7,20.12747193931756,,0.0,0.0,0.0,0.0,42.093010097907374,optimal
2021-02-07 20:00:00,6,61,0.0,0.0,0.0,0.23906666666666662,28.917,6.0,7,20.064842624023694,,0.0,0.0,0.0,0.0,42.05091708780947,optimal
2021-02-07 20:30:00,6,61,0.0,0.0,0.0,0.7991333333333334,31.3635,6.0,7,20.0,,0.0,0.0,0.0,0.0,42.00886617072166,optimal
2021-02-07 21:00:00,6,61,0.0,0.0,0.0,0.37560000000000004,33.306,6.0,7,19.94852149767964,,0.0,0.0,0.0,0.0,41.96685730455094,optimal
2021-02-07 21:30:00,6,61,0.0,0.0,0.0,0.173,31.3425,6.0,7,19.88823799121165,,0.0,0.0,0.0,0.0,41.92489044724639,optimal
2021-02-07 22:00:00,6,61,0.0,0.0,0.0,0.3938666666666667,28.2555,6.0,7,19.820783899718293,,0.0,0.0,0.0,0.0,41.88296555679914,optimal
2021-02-07 22:30:00,6,61,0.0,0.0,0.0,0.9067999999999999,15.6975,6.0,7,19.762558514026942,,0.0,0.0,0.0,0.0,41.84108259124234,optimal
2021-02-07 23:00:00,6,61,0.0,0.0,0.0,0.9608,12.5475,6.0,7,19.705575084669277,,0.0,0.0,0.0,0.0,41.7992415086511,optimal
2021-02-07 23:30:00,6,61,0.0,0.0,0.0,1.2328,12.0855,6.0,7,19.649438519381732,,0.0,0.0,0.0,0.0,41.75744226714245,optimal
2021-02-08 00:00:00,6,61,2.0,0.0,0.0,0.05306666666666667,13.0095,6.0,20,19.649438519381732,,7000.0,0.0,0.0,0.0,41.71568482487531,optimal
2021-02-08 00:30:00,6,61,2.0,0.0,0.0,0.06186666666666667,12.1275,6.0,20,19.742322000631827,,7000.0,0.0,0.0,0.0,41.67396914005044,optimal
2021-02-08 01:00:00,6,61,2.0,0.0,0.0,0.2850666666666667,12.348,6.0,20,19.83759168649323,,7000.0,0.0,0.0,0.0,41.63229517091039,optimal
2021-02-08 01:30:00,6,61,2.0,0.0,0.0,0.13306666666666667,12.348,6.0,20,19.938525195659118,,7000.0,0.0,0.0,0.0,41.590662875739476,optimal
2021-02-08 02:00:00,6,61,0.0,0.0,0.0,0.17606666666666665,25.389,6.0,20,20.034819069914988,,0.0,0.0,0.0,0.0,41.549072212863734,optimal
2021-02-08 02:30:00,6,61,0.0,0.0,0.0,0.13286666666666666,29.1375,6.0,20,19.961275863708522,,0.0,0.0,0.0,0.0,41.50752314065087,optimal
2021-02-08 03:00:00,6,61,0.0,0.0,0.0,0.047,30.597,6.0,20,19.887227914693447,,0.0,0.0,0.0,0.0,41.466015617510216,optimal
2021-02-08 03:30:00,6,61,0.0,0.0,0.0,0.17606666666666665,33.684,6.0,20,19.811669884640132,,0.0,0.0,0.0,0.0,41.42454960189271,optimal
2021-02-08 04:00:00,6,61,0.0,0.0,0.0,0.047,32.445,6.0,20,19.73926597266041,,0.0,0.0,0.0,0.0,41.383125052290815,optimal
2021-02-08 04:30:00,6,61,0.0,0.0,0.0,0.13286666666666666,28.917,6.0,20,19.66390798993144,,0.0,0.0,0.0,0.0,41.34174192723852,optimal
2021-02-08 05:00:00,6,61,0.39736570669145155,0.0,0.0,0.17606666666666665,15.876,6.0,20,19.59047470636973,,1390.7799734200803,0.0,0.0,0.0,41.30040018531128,optimal
2021-02-08 05:30:00,6,61,2.0,0.0,0.0,0.047,12.348,6.0,20,19.55078968733694,,7000.0,0.0,0.0,0.0,41.25909978512597,optimal
2021-02-08 06:00:00,6,61,2.0,0.0,0.0,0.1206,12.1275,6.0,20,19.640458789503946,,7000.0,0.0,0.0,0.0,41.217840685340846,optimal
2021-02-08 06:30:00,6,61,2.0,0.0,0.0,0.1766,12.348,6.0,20,19.731283177506096,,7000.0,0.0,0.0,0.0,41.176622844655505,optimal
2021-02-08 07:00:00,6,61,2.0,0.0,0.0,0.058733333333333325,12.1275,6.0,20,19.82284246225255,,7000.0,0.0,0.0,0.0,41.13544622181085,optimal
2021-02-08 07:30:00,6,61,2.0,0.0,0.0,0.08993333333333334,12.1275,6.0,20,19.911028246290726,,7000.0,0.0,0.0,0.0,41.094310775589044,optimal
2021-02-08 08:00:00,6,61,0.8816585588520512,0.0,4.812196243236997,0.22566666666666663,11.2665,6.0,20,20.0,,3085.8049559821793,0.0,0.0,0.0,43.339009680351026,optimal
2021-02-08 08:30:00,6,61,2.0,0.0,5.0,0.08046666666666667,10.143,6.0,20,20.0,,7000.0,0.0,0.0,0.0,45.670670670670674,optimal
2021-02-08 09:00:00,6,61,0.0,0.0,5.0,0.13586666666666666,11.2455,6.0,20,20.09081151756385,,0.0,0.0,0.0,0.0,48.0,optimal
2021-02-08 09:30:00,6,61,0.3375203404717746,0.0,0.0,0.08806666666666667,11.025,6.0,20,20.032561155688345,,1181.3211916512112,0.0,0.0,0.0,47.797356864596715,optimal
2021-02-08 10:00:00,6,61,0.7459082463321719,0.0,0.0,0.135,5.9745,6.0,20,20.0,,2610.6788621626015,0.0,0.0,0.0,47.59491637232883,optimal
2021-02-08 10:30:00,6,61,0.0,0.0,0.0,0.13286666666666666,7.938,6.0,20,20.03122474493378,,0.0,0.0,0.0,0.0,47.39267832055322,optimal
2021-02-08 11:00:00,6,61,0.0,0.0,0.0,0.17606666666666665,8.6835,6.0,20,20.0,,0.0,0.0,0.0,0.0,47.190642506829384,optimal
2021-02-08 11:30:00,6,61,0.0,0.0,0.0,0.047,7.665,6.0,20,20.00245771156444,,0.0,0.0,0.0,0.0,46.988808728919274,optimal
2021-02-08 12:00:00,6,61,0.0,0.0,0.0,0.13286666666666666,6.7725,6.0,20,20.002274751515042,,0.0,0.0,0.0,0.0,46.78717678478707,optimal
2021-02-08 12:30:00,6,61,0.0,0.0,0.0,0.047,5.5755,6.0,20,20.01487666795114,,0.0,0.0,0.0,0.0,46.585746472599,optimal
2021-02-08 13:00:00,6,61,2.0,0.0,0.0,0.2502,5.0925,6.0,20,20.02623273420322,,7000.0,0.0,0.0,0.0,46.384517590723114,optimal
2021-02-08 13:30:00,6,61,2.0,0.0,0.0,0.07540000000000001,4.1895,6.0,20,20.2047345033823,,7000.0,0.0,0.0,0.0,46.18348993772911,optimal
2021-02-08 14:00:00,6,61,0.0,0.0,0.0,0.15793333333333334,7.056,6.0,20,20.378702768273605,,0.0,0.0,0.0,0.0,45.98266331238809,optimal
2021-02-08 14:30:00,6,61,1.948536506790408,0.0,0.0,0.15633333333333335,5.271,6.0,20,20.38985085086994,,6819.877773766428,0.0,0.0,0.0,45.78203751367242,optimal
2021-02-08 15:00:00,6,61,0.0,0.0,0.0,0.07046666666666666,7.938,6.0,20,20.56144560221989,,0.0,0.0,0.0,0.0,45.58161234075546,optimal
2021-02-08 15:30:00,6,61,0.0,0.0,0.0,0.23846666666666666,7.938,6.0,20,20.54617910160931,,0.0,0.0,0.0,0.0,45.381387593011425,optimal
2021-02-08 16:00:00,6,61,0.0,0.0,0.0,0.053,11.907,6.0,20,20.535151633686286,,0.0,0.0,0.0,0.0,45.18136307001513,optimal
2021-02-08 16:30:00,6,61,0.0,0.0,0.0,0.19506666666666664,11.025,6.0,20,20.493117623331326,,0.0,0.0,0.0,0.0,44.98153857154183,optimal
2021-02-08 17:00:00,6,61,0.0,0.0,0.0,0.09226666666666668,11.2875,6.0,20,20.457805029546574,,0.0,0.0,0.0,0.0,44.78191389756701,optimal
2021-02-08 17:30:00,6,61,0.0,0.0,0.0,0.35619999999999996,12.936,6.0,20,20.392370436608093,,0.0,0.0,0.0,0.0,44.58248884826616,optimal
2021-02-08 18:00:00,6,61,0.0,0.0,0.0,0.3651333333333333,13.0095,6.0,20,20.333692709275763,,0.0,0.0,0.0,0.0,44.38326322401461,optimal
2021-02-08 18:30:00,6,61,0.0,0.0,0.0,0.38663333333333333,13.671,6.0,20,20.2643118684628,,0.0,0.0,0.0,0.0,44.184236825387316,optimal
2021-02-08 19:00:00,6,61,0.0,0.0,0.0,0.1812666666666667,13.188,6.0,20,20.19489375596347,,0.0,0.0,0.0,0.0,43.985409453158645,optimal
2021-02-08 19:30:00,6,61,0.0,0.0,0.0,1.866266666666667,13.8495,6.0,20,20.116917759080895,,0.0,0.0,0.0,0.0,43.94142404370549,optimal
2021-02-08 20:00:00,6,61,0.0,0.0,0.0,0.7360666666666668,13.23,6.0,20,20.05896085856007,,0.0,0.0,0.0,0.0,43.89748261966178,optimal
2021-02-08 20:30:00,6,61,0.0,0.0,0.0,0.5667333333333333,13.3665,6.0,20,20.0,,0.0,0.0,0.0,0.0,43.85358513704212,optimal
2021-02-08 21:00:00,6,61,0.0,0.0,0.0,1.7150333333333334,13.0515,6.0,20,19.936168087536476,,0.0,0.0,0.0,0.0,43.809731551905074,optimal
2021-02-08 21:30:00,6,61,0.0,0.0,0.0,0.44639999999999996,13.5345,6.0,20,19.891124312601878,,0.0,0.0,0.0,0.0,43.76592182035317,optimal
2021-02-08 22:00:00,6,61,0.0,0.0,0.0,0.25993333333333335,14.154,6.0,20,19.826637831852686,,0.0,0.0,0.0,0.0,43.72215589853282,optimal
2021-02-08 22:30:00,6,61,0.0,0.0,0.0,0.22876666666666667,14.112,6.0,20,19.758686411260967,,0.0,0.0,0.0,0.0,43.67843374263428,optimal
2021-02-08 23:00:00,6,61,0.0,0.0,0.0,0.16633333333333333,14.2485,6.0,20,19.686252757651317,,0.0,0.0,0.0,0.0,43.63475530889165,optimal
2021-02-08 23:30:00,6,61,0.0,0.0,0.0,0.07746666666666667,12.789,6.0,20,19.61077779310328,,0.0,0.0,0.0,0.0,43.591120553582755,optimal
2021-02-09 00:00:00,6,61,0.0,0.0,0.0,0.053,14.994,6.0,-15,19.61077779310328,,0.0,0.0,0.0,0.0,43.54752943302917,optimal
2021-02-09 00:30:00,6,61,2.0,0.0,1.2686513021272032,0.053,13.671,6.0,-15,19.532758272220576,,7000.0,0.0,0.0,0.0,44.106591272106556,optimal
2021-02-09 01:00:00,6,61,0.0,0.0,0.0,0.053,15.981,6.0,-15,19.620556413418885,,0.0,0.0,0.0,0.0,44.06248468083445,optimal
2021-02-09 01:30:00,6,61,0.0,0.0,0.0,0.09726666666666668,15.6345,6.0,-15,19.54291320226927,,0.0,0.0,0.0,0.0,44.01842219615361,optimal
2021-02-09 02:00:00,6,61,0.0,0.0,0.0,0.1194,16.5375,6.0,-15,19.466221964478184,,0.0,0.0,0.0,0.0,43.974403773957455,optimal
2021-02-09 02:30:00,6,61,1.6570668178400139,0.0,0.0,0.053,14.7735,6.0,-15,19.38995611809195,,5799.733862440048,0.0,0.0,0.0,43.9304293701835,optimal
2021-02-09 03:00:00,6,61,0.0,0.0,0.0,0.14706666666666665,15.2145,6.0,-15,19.44959215312009,,0.0,0.0,0.0,0.0,43.88649894081331,optimal
2021-02-09 03:30:00,6,61,2.0,0.0,0.0,0.0696,14.553,6.0,-15,19.374466029108568,,7000.0,0.0,0.0,0.0,43.84261244187249,optimal
2021-02-09 04:00:00,6,61,2.0,0.0,0.0,0.09173333333333332,14.3325,6.0,-15,19.463524907329084,,7000.0,0.0,0.0,0.0,43.79876982943061,optimal
2021-02-09 04:30:00,6,61,2.0,0.0,0.0,0.12493333333333334,14.595,6.0,-15,19.553152031838152,,7000.0,0.0,0.0,0.0,43.754971059601175,optimal
2021-02-09 05:00:00,6,61,2.0,0.0,0.0,0.053,14.994,6.0,-15,19.64277214623159,,7000.0,0.0,0.0,0.0,43.71121608854157,optimal
2021-02-09 05:30:00,6,61,2.0,0.0,0.0,0.053,14.3325,6.0,-15,19.729902876019985,,7000.0,0.0,0.0,0.0,43.66750487245302,optimal
2021-02-09 06:00:00,6,61,2.0,0.0,0.0,0.16733333333333333,13.8915,6.0,-15,19.816670187051265,,7000.0,0.0,0.0,0.0,43.62383736758057,optimal
2021-02-09 06:30:00,6,61,2.0,0.0,0.0,0.059333333333333335,13.8915,6.0,-15,19.905688651686518,,7000.0,0.0,0.0,0.0,43.58021353021298,optimal
2021-02-09 07:00:00,6,61,2.0,0.0,5.0,0.0862,13.4715,6.0,-15,19.991514219360816,,7000.0,0.0,0.0,0.0,45.91163331668277,optimal
2021-02-09 07:30:00,6,61,2.0,0.0,5.0,0.13046666666666668,13.23,6.0,-15,20.077557181041463,,7000.0,0.0,0.0,0.0,48.240721683366075,optimal
2021-02-09 08:00:00,6,61,2.0,0.0,0.0,0.053,13.8915,6.0,-15,20.16386938766058,,7000.0,0.0,0.0,0.0,48.192480961682705,optimal
2021-02-09 08:30:00,6,61,0.0,0.0,0.0,0.136,26.9325,6.0,-15,20.24793188976825,,0.0,0.0,0.0,0.0,48.144288480721016,optimal
2021-02-09 09:00:00,6,61,0.0,0.0,0.0,0.08066666666666668,30.303,6.0,-15,20.16894550910868,,0.0,0.0,0.0,0.0,48.096144192240295,optimal
2021-02-09 09:30:00,6,61,0.0,0.0,0.0,0.053,32.886,6.0,-15,20.108147553244955,,0.0,0.0,0.0,0.0,48.048048048048045,optimal
2021-02-09 10:00:00,6,61,0.0,0.0,0.0,0.22316666666666662,34.9965,6.0,-15,20.04820120695333,,0.0,0.0,0.0,0.0,48.0,optimal
2021-02-09 10:30:00,6,61,0.0,0.0,0.0,0.053,33.327,6.0,-15,20.027567944899523,,0.0,0.0,0.0,0.0,47.63137078946804,optimal
2021-02-09 11:00:00,6,61,0.0,0.0,0.0,0.1708,31.122,6.0,-15,20.0,,0.0,0.0,0.0,0.0,47.26311020814662,optimal
2021-02-09 11:30:00,6,61,0.0,0.0,0.0,0.17366666666666666,17.9025,6.0,-15,20.007120723236863,,0.0,0.0,0.0,0.0,46.89521788740652,optimal
2021-02-09 12:00:00,6,61,0.0,0.0,0.0,0.8321666666666666,15.6555,6.0,-15,20.01680195358554,,0.0,0.0,0.0,0.0,46.52769345898716,optimal
2021-02-09 12:30:00,6,61,0.0,0.0,0.0,1.0935333333333332,14.553,6.0,-15,20.048196355810834,,0.0,0.0,0.0,0.0,46.16053655499622,optimal
2021-02-09 13:00:00,6,61,0.0,0.0,0.0,0.14759999999999998,14.3325,6.0,-15,20.08615681816494,,0.0,0.0,0.0,0.0,45.79374680790927,optimal
2021-02-09 13:30:00,6,61,0.0,0.0,0.0,2.020933333333333,13.335,6.0,-15,20.118994886002742,,0.0,0.0,0.0,0.0,45.42732385056941,optimal
2021-02-09 14:00:00,6,61,0.0,0.0,0.0,2.1941333333333333,12.1275,6.0,-15,20.16072097402898,,0.0,0.0,0.0,0.0,45.061267316186886,optimal
2021-02-09 14:30:00,6,61,0.0,0.0,0.0,2.6294666666666666,12.2955,6.0,-15,20.19700640405358,,0.0,0.0,0.0,0.0,44.695576838338745,optimal
2021-02-09 15:00:00,6,61,0.0,0.0,0.0,2.5099,11.6865,6.0,-15,20.231981166237148,,0.0,0.0,0.0,0.0,44.330252050968454,optimal
2021-02-09 15:30:00,6,61,0.0,0.0,0.0,0.0808,11.466,6.0,-15,20.24127500759766,,0.0,0.0,0.0,0.0,43.96529258838553,optimal
2021-02-09 16:00:00,6,61,0.29965025113926763,0.0,0.0,0.18353333333333333,10.8045,6.0,-15,20.23886089824138,,1048.7758789874367,0.0,0.0,0.0,43.92132729579714,optimal
2021-02-09 16:30:00,6,61,2.0,0.0,0.0,0.183,10.584,6.0,-15,20.232966880718926,,7000.0,0.0,0.0,0.0,43.87740596850134,optimal
2021-02-09 17:00:00,6,61,0.0,0.0,0.0,0.46803333333333336,11.2455,6.0,-15,20.374675943520195,,0.0,0.0,0.0,0.0,43.83352856253284,optimal
2021-02-09 17:30:00,6,61,0.0,0.0,0.0,0.4296666666666667,12.1275,6.0,-15,20.32113510304732,,0.0,0.0,0.0,0.0,43.78969503397031,optimal
2021-02-09 18:00:00,6,61,0.0,0.0,0.0,0.28613333333333335,11.823,6.0,-15,20.266406419912627,,0.0,0.0,0.0,0.0,43.74590533893634,optimal
2021-02-09 18:30:00,6,61,0.0,0.0,0.0,0.395,11.7705,6.0,-15,20.197997960617982,,0.0,0.0,0.0,0.0,43.7021594335974,optimal
2021-02-09 19:00:00,6,61,0.0,0.0,0.0,0.3002666666666666,11.13,6.0,-15,20.133518130881658,,0.0,0.0,0.0,0.0,43.6584572741638,optimal
2021-02-09 19:30:00,6,61,0.0,0.0,0.0,0.1956,11.6865,6.0,-15,20.068053424701297,,0.0,0.0,0.0,0.0,43.61479881688964,optimal
2021-02-09 20:00:00,6,61,0.8118680248630333,0.0,0.0,0.25780000000000003,10.7205,6.0,-15,20.0,,2841.538087020617,0.0,0.0,0.0,43.57118401807275,optimal
2021-02-09 20:30:00,6,61,0.0,0.0,0.0,0.42926666666666663,11.424,6.0,-15,20.0,,0.0,0.0,0.0,0.0,43.52761283405468,optimal
2021-02-09 21:00:00,6,61,0.0,0.0,0.0,0.7152333333333334,10.689,6.0,-15,19.938166517940946,,0.0,0.0,0.0,0.0,43.484085221220624,optimal
2021-02-09 21:30:00,6,61,0.0,0.0,0.0,1.3961,11.361,6.0,-15,19.876117648418802,,0.0,0.0,0.0,0.0,43.4406011359994,optimal
2021-02-09 22:00:00,6,61,0.0,0.0,0.0,0.2366,11.571,6.0,-15,19.808137254011655,,0.0,0.0,0.0,0.0,43.3971605348634,optimal
2021-02-09 22:30:00,6,61,0.0,0.0,0.0,0.3625,14.3745,6.0,-15,19.742163071257103,,0.0,0.0,0.0,0.0,43.35376337432854,optimal
2021-02-09 23:00:00,6,61,0.0,0.0,0.0,1.8523,13.23,6.0,-15,19.67703300930557,,0.0,0.0,0.0,0.0,43.31040961095421,optimal
2021-02-09 23:30:00,6,61,0.0,0.0,0.0,1.3538666666666666,13.9755,6.0,-15,19.614975900468725,,0.0,0.0,0.0,0.0,43.26709920134326,optimal
2021-02-10 00:00:00,6,61,0.0,0.0,0.0,0.061,34.9965,6.0,15,19.614975900468725,,0.0,0.0,0.0,0.0,43.22383210214191,optimal
2021-02-10 00:30:00,6,61,0.0,0.0,0.0,0.06,34.9965,6.0,15,19.536241626871806,,0.0,0.0,0.0,0.0,43.18060827003977,optimal
2021-02-10 01:00:00,6,61,0.0,0.0,0.0,0.06,34.9965,6.0,15,19.457418654788402,,0.0,0.0,0.0,0.0,43.13742766176973,optimal
2021-02-10 01:30:00,6,61,0.0,0.0,0.0,0.16766666666666666,34.9965,6.0,15,19.37850735417632,,0.0,0.0,0.0,0.0,43.09429023410796,optimal
2021-02-10 02:00:00,6,61,0.0,0.0,0.0,0.09166666666666669,34.9965,6.0,15,19.302050314135908,,0.0,0.0,0.0,0.0,43.05119594387385,optimal
2021-02-10 02:30:00,6,61,1.7982850817661025,0.0,0.0,0.06,27.741,6.0,15,19.223700568640503,,0.0,0.0,6293.997786181359,0.0,43.008144747929975,optimal
2021-02-10 03:00:00,6,61,2.0,0.0,0.0,0.06,19.026,6.0,15,19.144929904804794,,4028.3311195146907,0.0,2971.6688804853093,0.0,42.965136603182046,optimal
2021-02-10 03:30:00,6,61,2.0,0.0,0.0,0.19866666666666663,18.7215,6.0,15,19.161604570729043,,7000.0,0.0,0.0,0.0,42.92217146657887,optimal
2021-02-10 04:00:00,6,61,2.0,0.0,0.0,0.05866666666666666,17.4195,6.0,15,19.252335542716448,,7000.0,0.0,0.0,0.0,42.87924929511229,optimal
2021-02-10 04:30:00,6,61,2.0,0.0,0.0,0.12453333333333332,16.758,6.0,15,19.340381978364547,,7000.0,0.0,0.0,0.0,42.836370045817176,optimal
2021-02-10 05:00:00,6,61,2.0,0.0,0.0,0.146,14.217,6.0,15,19.432937880641433,,7000.0,0.0,0.0,0.0,42.79353367577136,optimal
2021-02-10 05:30:00,6,61,2.0,0.0,0.0,0.10986666666666665,13.3665,6.0,15,19.52504718057016,,7000.0,0.0,0.0,0.0,42.75074014209559,optimal
2021-02-10 06:00:00,6,61,2.0,0.0,0.0,0.198,12.789,6.0,15,19.616541734821908,,7000.0,0.0,0.0,0.0,42.70798940195349,optimal
2021-02-10 06:30:00,6,61,2.0,0.0,0.0,0.2668333333333333,11.907,6.0,15,19.705808262563515,,7000.0,0.0,0.0,0.0,42.665281412551536,optimal
2021-02-10 07:00:00,6,61,2.0,0.0,0.0,0.217,11.7075,6.0,15,19.79834883920715,,7000.0,0.0,0.0,0.0,42.62261613113898,optimal
2021-02-10 07:30:00,6,61,2.0,0.0,5.0,0.5005333333333334,10.8045,6.0,15,19.89422143176272,,7000.0,0.0,0.0,0.0,44.95499351500784,optimal
2021-02-10 08:00:00,6,61,0.9240966848022805,0.0,1.6013308403743947,0.5184,11.508,6.0,15,20.0,,2816.3383968079816,0.0,418.0,0.0,45.670670670670674,optimal
2021-02-10 08:30:00,6,61,0.8450692897020361,0.0,5.0,0.39916666666666667,11.508,6.0,15,20.0,,2957.7425139571264,0.0,0.0,0.0,48.0,optimal
2021-02-10 09:00:00,6,61,1.472206379596417,0.0,0.0,0.07,11.508,6.0,15,20.0,,5152.72232858746,0.0,0.0,0.0,47.38183583261638,optimal
2021-02-10 09:30:00,6,61,0.0,0.0,0.0,0.089,11.844,6.0,15,20.060317309574103,,0.0,0.0,0.0,0.0,46.76428982940015,optimal
2021-02-10 10:00:00,6,61,0.2822358897808561,0.0,0.0,0.1903333333333333,11.508,6.0,15,20.0,,987.8256142329964,0.0,0.0,0.0,46.147361372187135,optimal
2021-02-10 10:30:00,6,61,0.30904629583663806,0.0,0.0,0.07,11.508,6.0,15,20.0,,1081.6620354282334,0.0,0.0,0.0,45.53104984343133,optimal
2021-02-10 11:00:00,6,61,2.0,0.0,0.0,0.2846666666666667,10.4475,6.0,15,20.0,,0.0,0.0,7000.0,0.0,44.915354626204284,optimal
2021-02-10 11:30:00,6,61,2.0,0.0,0.0,0.3700333333333334,10.8675,6.0,15,20.005642983647444,,5082.666666666667,0.0,1917.3333333333333,0.0,44.30027510419446,optimal
2021-02-10 12:00:00,6,61,2.0,0.0,0.0,0.262,10.542,6.0,15,20.13560940064504,,7000.0,0.0,0.0,0.0,43.685810661706654,optimal
2021-02-10 12:30:00,6,61,0.0,0.0,0.0,0.12066666666666669,11.025,6.0,15,20.33643804436726,,0.0,0.0,0.0,0.0,43.07196068366133,optimal
2021-02-10 13:00:00,6,61,0.16539798190416474,0.0,0.0,0.07,11.025,6.0,15,20.36527462256211,,578.8929366645766,0.0,0.0,0.0,42.45872455559405,optimal
2021-02-10 13:30:00,6,61,0.0,0.0,0.0,0.5193333333333334,14.553,6.0,15,20.4014718796359,,0.0,0.0,0.0,0.0,42.41626583103846,optimal
2021-02-10 14:00:00,6,61,0.0,0.0,0.0,0.286,13.0935,6.0,15,20.440435092710704,,0.0,0.0,0.0,0.0,42.37384956520742,optimal
2021-02-10 14:30:00,6,61,0.0,0.0,0.0,0.286,15.6345,6.0,15,20.47198215398594,,0.0,0.0,0.0,0.0,42.33147571564221,optimal
2021-02-10 15:00:00,6,61,0.0,0.0,0.0,0.42533333333333334,18.102,6.0,15,20.506199585952704,,0.0,0.0,0.0,0.0,42.28914423992657,optimal
2021-02-10 15:30:00,6,61,0.0,0.0,0.0,0.23233333333333328,17.199,6.0,15,20.520794720599874,,0.0,0.0,0.0,0.0,42.24685509568665,optimal
2021-02-10 16:00:00,6,61,0.0,0.0,0.0,0.25516666666666665,18.2805,6.0,15,20.528924726985306,,0.0,0.0,0.0,0.0,42.204608240590964,optimal
2021-02-10 16:30:00,6,61,0.0,0.0,0.0,0.13666666666666666,17.4615,6.0,15,20.50605190796697,,0.0,0.0,0.0,0.0,42.162403632350376,optimal
2021-02-10 17:00:00,6,61,0.0,0.0,0.0,0.23926666666666668,18.3225,6.0,15,20.480112159682417,,0.0,0.0,0.0,0.0,42.12024122871802,optimal
2021-02-10 17:30:00,6,61,0.0,0.0,0.0,2.142266666666667,17.094,6.0,15,20.421927265712966,,0.0,0.0,0.0,0.0,42.07812098748931,optimal
2021-02-10 18:00:00,6,61,0.0,0.0,0.0,0.42826666666666663,17.094,6.0,15,20.389568432099114,,0.0,0.0,0.0,0.0,42.036042866501816,optimal
2021-02-10 18:30:00,6,61,0.0,0.0,0.0,0.17453333333333332,17.094,6.0,15,20.322482432000026,,0.0,0.0,0.0,0.0,41.99400682363532,optimal
2021-02-10 19:00:00,6,61,0.0,0.0,0.0,0.127,17.3565,6.0,15,20.246682015317838,,0.0,0.0,0.0,0.0,41.95201281681168,optimal
2021-02-10 19:30:00,6,61,0.0,0.0,0.0,0.15233333333333335,17.115,6.0,15,20.16540751466149,,0.0,0.0,0.0,0.0,41.91006080399487,optimal
2021-02-10 20:00:00,6,61,0.0,0.0,0.0,0.07,17.241,6.0,15,20.08402743633068,,0.0,0.0,0.0,0.0,41.868150743190874,optimal
2021-02-10 20:30:00,6,61,0.0,0.0,0.0,0.13333333333333333,17.094,6.0,15,20.0,,0.0,0.0,0.0,0.0,41.82628259244768,optimal
2021-02-10 21:00:00,6,61,0.0,0.0,0.0,0.146,16.5165,6.0,15,19.91760991466554,,0.0,0.0,0.0,0.0,41.78445630985524,optimal
2021-02-10 21:30:00,6,61,0.0,0.0,0.0,0.07,17.8185,6.0,15,19.835654011856203,,0.0,0.0,0.0,0.0,41.74267185354538,optimal
2021-02-10 22:00:00,6,61,0.0,0.0,0.0,0.184,17.094,6.0,15,19.746197543616148,,0.0,0.0,0.0,0.0,41.70092918169183,optimal
2021-02-10 22:30:00,6,61,0.0,0.0,0.0,0.09533333333333331,16.8945,6.0,15,19.653758066299197,,0.0,0.0,0.0,0.0,41.65922825251014,optimal
2021-02-10 23:00:00,6,61,0.0,0.0,0.0,0.07,18.123,6.0,15,19.558567816895895,,0.0,0.0,0.0,0.0,41.61756902425763,optimal
2021-02-10 23:30:00,6,61,0.0,0.0,0.0,0.2093333333333333,31.647,6.0,15,19.462133692698302,,0.0,0.0,0.0,0.0,41.575951455233366,optimal
2021-02-11 00:00:00,6,61,2.0,0.0,0.0,0.057,12.684,6.0,5,19.462133692698302,,7000.0,0.0,0.0,0.0,41.53437550377813,optimal
2021-02-11 00:30:00,6,61,2.0,0.0,0.0,0.19266666666666662,12.306,6.0,5,19.532179540767874,,3516.6666666666665,0.0,3483.3333333333335,0.0,41.49284112827435,optimal
2021-02-11 01:00:00,6,61,2.0,0.0,5.0,0.057,10.6365,6.0,5,19.523305365573602,,7000.0,0.0,0.0,0.0,43.826348287146075,optimal
2021-02-11 01:30:00,6,61,2.0,0.0,0.0,0.057,11.2455,6.0,5,19.593930260992128,,7000.0,0.0,0.0,0.0,43.78252193885893,optimal
2021-02-11 02:00:00,6,61,2.0,0.0,0.0,0.1495,11.2455,6.0,5,19.66426058282247,,7000.0,0.0,0.0,0.0,43.73873941692007,optimal
2021-02-11 02:30:00,6,61,2.0,0.0,0.0,0.10016666666666668,11.025,6.0,5,19.736481665726174,,7000.0,0.0,0.0,0.0,43.695000677503145,optimal
2021-02-11 03:00:00,6,61,2.0,0.0,0.0,0.057,12.0855,6.0,5,19.806819564907325,,7000.0,0.0,0.0,0.0,43.65130567682564,optimal
2021-02-11 03:30:00,6,61,2.0,0.0,0.0,0.057,11.6865,6.0,5,19.875427742116358,,7000.0,0.0,0.0,0.0,43.60765437114882,optimal
2021-02-11 04:00:00,6,61,2.0,0.0,0.0,0.131,11.2245,6.0,5,19.944792497296792,,7000.0,0.0,0.0,0.0,43.56404671677767,optimal
2021-02-11 04:30:00,6,61,2.0,0.0,0.0,0.11866666666666668,11.025,6.0,5,20.01665795959804,,7000.0,0.0,0.0,0.0,43.52048267006089,optimal
2021-02-11 05:00:00,6,61,2.0,0.0,0.10056331489298181,0.08166666666666667,10.7835,6.0,5,20.087932459822444,,7000.0,0.0,0.0,0.0,43.52472976196499,optimal
2021-02-11 05:30:00,6,61,2.0,0.0,0.0,0.168,11.025,6.0,5,20.158036034580444,,7000.0,0.0,0.0,0.0,43.48120503220302,optimal
2021-02-11 06:00:00,6,61,2.0,0.0,5.0,0.057,10.584,6.0,5,20.23092844900689,,7000.0,0.0,0.0,0.0,45.812723827170814,optimal
2021-02-11 06:30:00,6,61,2.0,0.0,0.0,0.05766666666666666,11.025,6.0,5,20.30193864481583,,7000.0,0.0,0.0,0.0,45.76691110334364,optimal
2021-02-11 07:00:00,6,61,2.0,0.0,5.0,0.3521,10.4265,6.0,5,20.373695399873547,,7000.0,0.0,0.0,0.0,48.096144192240295,optimal
2021-02-11 07:30:00,6,61,2.0,0.0,0.0,0.20963333333333334,12.789,6.0,5,20.45697603273598,,7000.0,0.0,0.0,0.0,48.048048048048045,optimal
2021-02-11 08:00:00,6,61,2.0,0.0,0.0,0.21206666666666663,12.684,6.0,5,20.537933747415043,,7000.0,0.0,0.0,0.0,48.0,optimal
2021-02-11 08:30:00,6,61,0.0,0.0,0.0,0.202,16.254,6.0,5,20.618594679492467,,0.0,0.0,0.0,0.0,47.68586561019081,optimal
2021-02-11 09:00:00,6,61,0.0,0.0,0.0,0.057,17.64,6.0,5,20.526870727529246,,0.0,0.0,0.0,0.0,47.37204535477143,optimal
2021-02-11 09:30:00,6,61,0.0,0.0,0.0,0.168,19.1625,6.0,5,20.455588249741435,,0.0,0.0,0.0,0.0,47.05853891960747,optimal
2021-02-11 10:00:00,6,61,0.0,0.0,0.0,0.08166666666666667,26.46,6.0,5,20.394106098901297,,0.0,0.0,0.0,0.0,46.745345990878675,optimal
2021-02-11 10:30:00,6,61,0.0,0.0,0.0,0.06933333333333333,20.79,6.0,5,20.376942906967326,,0.0,0.0,0.0,0.0,46.43246625507861,optimal
2021-02-11 11:00:00,6,61,0.0,0.0,0.0,0.181,29.106,6.0,5,20.3570575120975,,0.0,0.0,0.0,0.0,46.11989939901434,optimal
2021-02-11 11:30:00,6,61,0.0,0.0,0.0,0.067,19.1835,6.0,5,20.368392021961366,,0.0,0.0,0.0,0.0,45.80764510980614,optimal
2021-02-11 12:00:00,6,61,0.0,0.0,0.0,0.20233333333333328,19.6665,6.0,5,20.37989533442741,,0.0,0.0,0.0,0.0,45.495703074887146,optimal
2021-02-11 12:30:00,6,61,0.0,0.0,0.0,0.07659999999999999,19.404,6.0,5,20.42271925417541,,0.0,0.0,0.0,0.0,45.18407298200307,optimal
2021-02-11 13:00:00,6,61,0.0,0.0,0.0,0.10516666666666669,19.047,6.0,5,20.467436583881952,,0.0,0.0,0.0,0.0,44.87275451921188,optimal
2021-02-11 13:30:00,6,61,0.0,0.0,0.0,0.16866666666666666,18.858,6.0,5,20.502065984410837,,0.0,0.0,0.0,0.0,44.56174737488348,optimal
2021-02-11 14:00:00,6,61,0.0,0.0,0.0,0.067,19.2675,6.0,5,20.534939775979684,,0.0,0.0,0.0,0.0,44.25105123769941,optimal
2021-02-11 14:30:00,6,61,0.0,0.0,0.0,0.20266666666666663,18.963,6.0,5,20.568324907218823,,0.0,0.0,0.0,0.0,43.94066579665252,optimal
2021-02-11 15:00:00,6,61,0.0,0.0,0.0,0.06633333333333333,18.438,6.0,5,20.603314310026942,,0.0,0.0,0.0,0.0,43.630590741046674,optimal
2021-02-11 15:30:00,6,61,0.0,0.0,0.0,0.1865,18.7425,6.0,5,20.60889361385853,,0.0,0.0,0.0,0.0,43.32082576049644,optimal
2021-02-11 16:00:00,6,61,0.8152396144153512,0.0,0.0,0.06316666666666666,15.2145,6.0,5,20.612710791465908,,2853.3386504537293,0.0,0.0,0.0,43.011370544926756,optimal
2021-02-11 16:30:00,6,61,0.0,0.0,0.0,0.2272333333333333,17.7765,6.0,5,20.644801063996738,,0.0,0.0,0.0,0.0,42.96835917438183,optimal
2021-02-11 17:00:00,6,61,0.0,0.0,0.0,0.1322333333333333,16.758,6.0,5,20.61211849525215,,0.0,0.0,0.0,0.0,42.92539081520745,optimal
2021-02-11 17:30:00,6,61,0.0,0.0,0.0,0.1379,16.422,6.0,5,20.53879062567506,,0.0,0.0,0.0,0.0,42.882465424392244,optimal
2021-02-11 18:00:00,6,61,0.0,0.0,0.0,0.24113333333333334,16.758,6.0,5,20.464027834129872,,0.0,0.0,0.0,0.0,42.83958295896785,optimal
2021-02-11 18:30:00,6,61,0.0,0.0,0.0,0.4179666666666666,29.358,6.0,5,20.37412010618085,,0.0,0.0,0.0,0.0,42.796743376008884,optimal
2021-02-11 19:00:00,6,61,0.0,0.0,0.0,0.3226,34.9965,6.0,5,20.285552892277725,,0.0,0.0,0.0,0.0,42.753946632632875,optimal
2021-02-11 19:30:00,6,61,0.0,0.0,0.0,0.41536666666666666,34.65,6.0,5,20.193522336736088,,0.0,0.0,0.0,0.0,42.711192686000246,optimal
2021-02-11 20:00:00,6,61,0.0,0.0,0.0,0.32180000000000003,34.9965,6.0,5,20.100074433476482,,0.0,0.0,0.0,0.0,42.668481493314246,optimal
2021-02-11 20:30:00,6,61,0.0,0.0,0.0,0.3017666666666666,34.9965,6.0,5,20.0,,0.0,0.0,0.0,0.0,42.62581301182093,optimal
2021-02-11 21:00:00,6,61,0.0,0.0,0.0,0.3108,30.4815,6.0,5,19.90151486446342,,0.0,0.0,0.0,0.0,42.58318719880911,optimal
2021-02-11 21:30:00,6,61,0.0,0.0,0.0,0.4138,21.4305,6.0,5,19.8058528127681,,0.0,0.0,0.0,0.0,42.5406040116103,optimal
2021-02-11 22:00:00,6,61,0.0,0.0,0.0,0.11633333333333332,14.3325,6.0,5,19.715807835964778,,0.0,0.0,0.0,0.0,42.498063407598686,optimal
2021-02-11 22:30:00,6,61,0.0,0.0,0.0,0.067,13.692,6.0,5,19.613586146748748,,0.0,0.0,0.0,0.0,42.455565344191086,optimal
2021-02-11 23:00:00,6,61,0.0,0.0,0.0,0.20266666666666663,14.007,6.0,5,19.508123387753038,,0.0,0.0,0.0,0.0,42.413109778846895,optimal
2021-02-11 23:30:00,6,61,0.0,0.0,0.0,0.067,12.873,6.0,5,19.403801289362875,,0.0,0.0,0.0,0.0,42.370696669068046,optimal
2021-02-12 00:00:00,6,61,2.0,0.0,0.0,0.065,14.595,6.0,-18,19.403801289362875,,7000.0,0.0,0.0,0.0,42.32832597239898,optimal
2021-02-12 00:30:00,6,61,2.0,0.0,0.0,0.065,14.637,6.0,-18,19.460903929999343,,7000.0,0.0,0.0,0.0,42.28599764642658,optimal
2021-02-12 01:00:00,6,61,2.0,0.0,0.0,0.065,13.9125,6.0,-18,19.517768397826533,,7000.0,0.0,0.0,0.0,42.243711648780156,optimal
2021-02-12 01:30:00,6,61,2.0,0.0,0.0,0.065,13.3665,6.0,-18,19.574395686253617,,7000.0,0.0,0.0,0.0,42.201467937131376,optimal
2021-02-12 02:00:00,6,61,2.0,0.0,0.0,0.065,13.0095,6.0,-18,19.63120388051003,,7000.0,0.0,0.0,0.0,42.15926646919424,optimal
2021-02-12 02:30:00,6,61,2.0,0.0,0.0,0.065,13.8915,6.0,-18,19.688192226044862,,7000.0,0.0,0.0,0.0,42.11710720272505,optimal
2021-02-12 03:00:00,6,61,2.0,0.0,0.0,0.065,13.188,6.0,-18,19.74619416338187,,7000.0,0.0,0.0,0.0,42.074990095522324,optimal
2021-02-12 03:30:00,6,61,2.0,0.0,0.0,0.065,12.5685,6.0,-18,19.80520546487055,,7000.0,0.0,0.0,0.0,42.0329151054268,optimal
2021-02-12 04:00:00,6,61,2.0,0.0,0.0,0.065,12.285,6.0,-18,19.8668903043487,,7000.0,0.0,0.0,0.0,41.99088219032137,optimal
2021-02-12 04:30:00,6,61,2.0,0.0,3.5262022304200373,0.065,11.487,6.0,-18,19.931237530597276,,7000.0,0.0,0.0,0.0,43.62383736758057,optimal
2021-02-12 05:00:00,6,61,2.0,0.0,0.0,0.065,11.802,6.0,-18,19.99823603890852,,7000.0,0.0,0.0,0.0,43.58021353021298,optimal
2021-02-12 05:30:00,6,61,2.0,0.0,5.0,0.065,11.2245,6.0,-18,20.06787477089196,,7000.0,0.0,0.0,0.0,45.91163331668277,optimal
2021-02-12 06:00:00,6,61,2.0,0.0,5.0,0.065,11.025,6.0,-18,20.140559810244962,,7000.0,0.0,0.0,0.0,48.240721683366075,optimal
2021-02-12 06:30:00,6,61,2.0,0.0,0.0,0.065,11.907,6.0,-18,20.216278450942443,,7000.0,0.0,0.0,0.0,48.192480961682705,optimal
2021-02-12 07:00:00,6,61,2.0,0.0,0.0,0.065,25.83,6.0,-18,20.292098368209512,,7000.0,0.0,0.0,0.0,48.144288480721016,optimal
2021-02-12 07:30:00,6,61,0.0,0.0,0.0,0.06533333333333333,28.035,6.0,-18,20.368019139625687,,0.0,0.0,0.0,0.0,48.096144192240295,optimal
2021-02-12 08:00:00,6,61,0.0,0.0,0.0,0.075,28.119,6.0,-18,20.274585687068438,,0.0,0.0,0.0,0.0,48.048048048048045,optimal
2021-02-12 08:30:00,6,61,0.0,0.0,0.0,0.07366666666666667,30.156,6.0,-18,20.178857685311762,,0.0,0.0,0.0,0.0,48.0,optimal
2021-02-12 09:00:00,6,61,0.0,0.0,0.0,0.075,29.1585,6.0,-18,20.085197636683343,,0.0,0.0,0.0,0.0,47.69988776827048,optimal
2021-02-12 09:30:00,6,61,0.6276754802224362,0.0,0.0,0.075,26.712,6.0,-18,20.011921816394644,,2196.864180778527,0.0,0.0,0.0,47.40007564877269,optimal
2021-02-12 10:00:00,6,61,0.22024668515849505,0.0,0.0,0.075,15.435,6.0,-18,20.0,,770.8633980547327,0.0,0.0,0.0,47.1005633413944,optimal
2021-02-12 10:30:00,6,61,0.20005856162465424,0.0,0.0,0.075,13.566,6.0,-18,20.0,,700.2049656862898,0.0,0.0,0.0,46.801350546323484,optimal
2021-02-12 11:00:00,6,61,0.0,0.0,0.0,0.075,12.789,6.0,-18,20.0,,0.0,0.0,0.0,0.0,46.50243696404764,optimal
2021-02-12 11:30:00,6,61,0.0,0.0,0.0,0.075,12.1275,6.0,-18,20.015797250788054,,0.0,0.0,0.0,0.0,46.20382229535407,optimal
2021-02-12 12:00:00,6,61,0.0,0.0,0.0,0.075,13.671,6.0,-18,20.031737159862555,,0.0,0.0,0.0,0.0,45.9055062413292,optimal
2021-02-12 12:30:00,6,61,0.0,0.0,0.0,0.07466666666666667,10.668,6.0,-18,20.059228276892426,,0.0,0.0,0.0,0.0,45.60748850335835,optimal
2021-02-12 13:00:00,6,61,0.0,0.0,0.0,0.065,11.7285,6.0,-18,20.086813277564648,,0.0,0.0,0.0,0.0,45.30976878312547,optimal
2021-02-12 13:30:00,6,61,0.0,0.0,0.0,0.065,11.025,6.0,-18,20.113778698751155,,0.0,0.0,0.0,0.0,45.01234678261282,optimal
2021-02-12 14:00:00,6,61,0.0,0.0,0.0,0.065,10.689,6.0,-18,20.140214552290555,,0.0,0.0,0.0,0.0,44.71522220410069,optimal
2021-02-12 14:30:00,6,61,2.0,0.0,0.0,0.065,8.1585,6.0,-18,20.157209652698388,,2820.0,0.0,4180.0,0.0,44.41839475016707,optimal
2021-02-12 15:00:00,6,61,0.0,0.0,0.0,0.065,10.3635,6.0,-18,20.240302489531953,,0.0,0.0,0.0,0.0,44.12186412368738,optimal
2021-02-12 15:30:00,6,61,0.0,0.0,0.0,0.2957666666666667,10.8045,6.0,-18,20.2421410401739,,0.0,0.0,0.0,0.0,44.07774225956369,optimal
2021-02-12 16:00:00,6,61,0.0,0.0,0.0,0.06466666666666668,11.025,6.0,-18,20.254780761978427,,0.0,0.0,0.0,0.0,44.03366451730413,optimal
2021-02-12 16:30:00,6,61,0.0,0.0,0.0,0.074,10.3635,6.0,-18,20.225557038935143,,0.0,0.0,0.0,0.0,43.989630852786824,optimal
2021-02-12 17:00:00,6,61,0.0,0.0,0.0,0.09559999999999999,10.8045,6.0,-18,20.195665139193387,,0.0,0.0,0.0,0.0,43.94564122193404,optimal
2021-02-12 17:30:00,6,61,0.0,0.0,0.0,0.17033333333333334,10.059,6.0,-18,20.13346196090611,,0.0,0.0,0.0,0.0,43.90169558071211,optimal
2021-02-12 18:00:00,6,61,0.0,0.0,0.0,0.13273333333333331,10.584,6.0,-18,20.072582390359667,,0.0,0.0,0.0,0.0,43.85779388513139,optimal
2021-02-12 18:30:00,6,61,2.0,0.0,0.0,0.07666666666666667,9.4185,6.0,-18,20.000412312954268,,7000.0,0.0,0.0,0.0,43.81393609124626,optimal
2021-02-12 19:00:00,6,61,0.0,0.0,0.0,0.1863333333333333,10.3635,6.0,-18,20.089905817194232,,0.0,0.0,0.0,0.0,43.770122155155015,optimal
2021-02-12 19:30:00,6,61,1.3699926691664128,0.0,0.0,0.5549,9.8385,6.0,-18,20.021857016615133,,4794.974342082444,0.0,0.0,0.0,43.72635203299986,optimal
2021-02-12 20:00:00,6,61,0.0,0.0,0.0,0.2364,11.067,6.0,-18,20.07320357798132,,0.0,0.0,0.0,0.0,43.682625680966865,optimal
2021-02-12 20:30:00,6,61,0.0,0.0,0.0,0.304,10.8465,6.0,-18,20.0,,0.0,0.0,0.0,0.0,43.6389430552859,optimal
2021-02-12 21:00:00,6,61,0.0,0.0,0.0,0.33,13.671,6.0,-18,19.931629810353428,,0.0,0.0,0.0,0.0,43.595304112230615,optimal
2021-02-12 21:30:00,6,61,0.0,0.0,0.0,0.33,12.348,6.0,-18,19.868633239616106,,0.0,0.0,0.0,0.0,43.551708808118384,optimal
2021-02-12 22:00:00,6,61,0.0,0.0,0.0,0.192,14.3325,6.0,-18,19.804171792554225,,0.0,0.0,0.0,0.0,43.50815709931027,optimal
2021-02-12 22:30:00,6,61,0.0,0.0,0.0,0.22446666666666668,15.393,6.0,-18,19.735158412762775,,0.0,0.0,0.0,0.0,43.46464894221096,optimal
2021-02-12 23:00:00,6,61,0.0,0.0,0.0,0.4396333333333333,13.587,6.0,-18,19.664377857683228,,0.0,0.0,0.0,0.0,43.421184293268745,optimal
2021-02-12 23:30:00,6,61,0.0,0.0,0.0,0.19733333333333328,16.1385,6.0,-18,19.594467083058277,,0.0,0.0,0.0,0.0,43.37776310897548,optimal
2021-02-13 00:00:00,6,61,0.0,0.0,0.0,0.045,30.0195,6.0,12,19.594467083058277,,0.0,0.0,0.0,0.0,43.3343853458665,optimal
2021-02-13 00:30:00,6,61,0.0,0.0,0.0,0.045,26.9325,6.0,12,19.51056345663414,,0.0,0.0,0.0,0.0,43.291050960520636,optimal
2021-02-13 01:00:00,6,61,0.0,0.0,0.0,0.045,14.595,6.0,12,19.427218336831114,,0.0,0.0,0.0,0.0,43.247759909560116,optimal
2021-02-13 01:30:00,6,61,0.0,0.0,0.0,0.045,12.4845,6.0,12,19.344429394140615,,0.0,0.0,0.0,0.0,43.204512149650554,optimal
2021-02-13 02:00:00,6,61,1.1169999867349454,0.0,0.0,0.045,12.1275,6.0,12,19.26219430877036,,3909.499953572309,0.0,0.0,0.0,43.161307637500904,optimal
2021-02-13 02:30:00,6,61,2.0,0.0,0.0,0.045,12.1275,6.0,12,19.27282171474375,,7000.0,0.0,0.0,0.0,43.1181463298634,optimal
2021-02-13 03:00:00,6,61,0.0,0.0,0.0,0.045,12.789,6.0,12,19.356377547922474,,0.0,0.0,0.0,0.0,43.07502818353354,optimal
2021-02-13 03:30:00,6,61,2.0,0.0,0.0,0.045,11.907,6.0,12,19.274301175266924,,7000.0,0.0,0.0,0.0,43.03195315535001,optimal
2021-02-13 04:00:00,6,61,2.0,0.0,0.0,0.045,11.025,6.0,12,19.357642289693654,,7000.0,0.0,0.0,0.0,42.98892120219466,optimal
2021-02-13 04:30:00,6,61,2.0,0.0,1.412093372787225,0.045,8.2005,6.0,12,19.440427243714122,,7000.0,0.0,0.0,0.0,43.61667663306639,optimal
2021-02-13 05:00:00,6,61,2.0,0.0,0.0,0.045,9.5655,6.0,12,19.52244980906906,,7000.0,0.0,0.0,0.0,43.573059956433326,optimal
2021-02-13 05:30:00,6,61,2.0,0.0,5.0,0.045,7.056,6.0,12,19.60371316565082,,7000.0,0.0,0.0,0.0,45.90448689647688,optimal
2021-02-13 06:00:00,6,61,2.0,0.0,0.0,0.04633333333333334,9.3975,6.0,12,19.684220480088552,,7000.0,0.0,0.0,0.0,45.8585824095804,optimal
2021-02-13 06:30:00,6,61,2.0,0.0,0.0,0.055,10.059,6.0,12,19.763974905803522,,7000.0,0.0,0.0,0.0,45.812723827170814,optimal
2021-02-13 07:00:00,6,61,2.0,0.0,0.0,0.055,9.261,6.0,12,19.843188131046073,,7000.0,0.0,0.0,0.0,45.76691110334364,optimal
2021-02-13 07:30:00,6,61,2.0,0.0,5.0,0.055,8.1585,6.0,12,19.92186241314153,,7000.0,0.0,0.0,0.0,48.096144192240295,optimal
2021-02-13 08:00:00,6,61,1.0191516730707868,0.0,0.0,0.053666666666666654,9.4815,6.0,12,20.0,,3567.030855747754,0.0,0.0,0.0,48.048048048048045,optimal
2021-02-13 08:30:00,6,61,2.0,0.0,0.0,0.09373333333333332,8.379,6.0,12,20.0,,6336.4501042666625,0.0,663.5498957333375,0.0,48.0,optimal
2021-02-13 09:00:00,6,61,0.0,0.0,0.0,0.045,9.5235,6.0,12,20.067221310097796,,0.0,0.0,0.0,0.0,47.58062047052056,optimal
2021-02-13 09:30:00,6,61,2.0,0.0,0.0,0.045,8.1375,6.0,12,20.0,,4154.107684920609,0.0,2845.8923150793908,0.0,47.1616603205706,optimal
2021-02-13 10:00:00,6,61,0.0,0.0,0.0,0.045,10.0905,6.0,12,20.032188418516107,,0.0,0.0,0.0,0.0,46.74311913077059,optimal
2021-02-13 10:30:00,6,61,2.0,0.0,0.0,0.045,7.539,6.0,12,20.0,,2567.4422108127283,0.0,4432.557789187272,0.0,46.32499648216037,optimal
2021-02-13 11:00:00,6,61,2.0,0.0,0.0,0.045,7.938,6.0,12,20.028776720711505,,7000.0,0.0,0.0,0.0,45.90729195619877,optimal
2021-02-13 11:30:00,6,61,2.0,0.0,0.0,0.04633333333333334,8.274,6.0,12,20.200809189371295,,7000.0,0.0,0.0,0.0,45.49000513476313,optimal
2021-02-13 12:00:00,6,61,1.3567764903544843,0.0,0.0,0.055,9.261,6.0,12,20.37233266552986,,4748.717716240695,0.0,0.0,0.0,45.07313560014892,optimal
2021-02-13 12:30:00,6,61,0.0,0.0,0.0,0.055,9.9225,6.0,12,20.50587966602272,,0.0,0.0,0.0,0.0,44.656682935069334,optimal
2021-02-13 13:00:00,6,61,0.0,0.0,0.0,0.1125,9.702,6.0,12,20.52716022560556,,0.0,0.0,0.0,0.0,44.24064672265482,optimal
2021-02-13 13:30:00,6,61,0.0,0.0,0.0,0.172,10.584,6.0,12,20.56093311836029,,0.0,0.0,0.0,0.0,43.825026546452726,optimal
2021-02-13 14:00:00,6,61,0.0,0.0,0.0,0.3588,10.143,6.0,12,20.597919569136177,,0.0,0.0,0.0,0.0,43.409821990426835,optimal
2021-02-13 14:30:00,6,61,0.0,0.0,0.0,0.1768,13.0095,6.0,12,20.610963829771293,,0.0,0.0,0.0,0.0,42.995032638956964,optimal
2021-02-13 15:00:00,6,61,0.0,0.0,0.0,1.0937000000000001,11.025,6.0,12,20.62011118227297,,0.0,0.0,0.0,0.0,42.58065807683857,optimal
2021-02-13 15:30:00,6,61,0.0,0.0,0.0,0.661,12.789,6.0,12,20.60982595380791,,0.0,0.0,0.0,0.0,42.16669788928229,optimal
2021-02-13 16:00:00,6,61,0.0,0.0,0.0,0.1298,12.1275,6.0,12,20.596250924222243,,0.0,0.0,0.0,0.0,41.75315166191356,optimal
2021-02-13 16:30:00,6,61,0.0,0.0,0.0,1.0559333333333334,12.1695,6.0,12,20.555558870523928,,0.0,0.0,0.0,0.0,41.34001898077221,optimal
2021-02-13 17:00:00,6,61,0.0,0.0,0.0,0.9025666666666669,12.306,6.0,12,20.525286649613125,,0.0,0.0,0.0,0.0,40.927299432312,optimal
2021-02-13 17:30:00,6,61,0.0,0.0,0.0,0.055,13.23,6.0,12,20.460715886550968,,0.0,0.0,0.0,0.0,40.514992603400245,optimal
2021-02-13 18:00:00,6,61,0.0,0.0,0.0,0.42660000000000003,13.671,6.0,12,20.3856847487185,,0.0,0.0,0.0,0.0,40.474477610796846,optimal
2021-02-13 18:30:00,6,61,0.0,0.0,0.0,0.053,13.9335,6.0,12,20.31368054598992,,0.0,0.0,0.0,0.0,40.434003133186046,optimal
2021-02-13 19:00:00,6,61,0.0,0.0,0.0,0.053,13.293,6.0,12,20.233009660048424,,0.0,0.0,0.0,0.0,40.39356913005286,optimal
2021-02-13 19:30:00,6,61,0.0,0.0,0.0,0.16803333333333334,12.1065,6.0,12,20.152715413746193,,0.0,0.0,0.0,0.0,40.35317556092281,optimal
2021-02-13 20:00:00,6,61,0.0,0.0,0.0,0.172,11.571,6.0,12,20.076314442006012,,0.0,0.0,0.0,0.0,40.31282238536188,optimal
2021-02-13 20:30:00,6,61,0.0,0.0,0.0,1.5513333333333332,11.025,6.0,12,20.0,,0.0,0.0,0.0,0.0,40.27250956297652,optimal
2021-02-13 21:00:00,6,61,0.0,0.0,0.0,0.3588,10.8465,6.0,12,19.938291300117566,,0.0,0.0,0.0,0.0,40.23223705341355,optimal
2021-02-13 21:30:00,6,61,0.0,0.0,0.0,0.2781666666666667,11.2455,6.0,12,19.869466128025902,,0.0,0.0,0.0,0.0,40.19200481636013,optimal
2021-02-13 22:00:00,6,61,0.0,0.0,0.0,0.5004,23.8665,6.0,12,19.80045187278977,,0.0,0.0,0.0,0.0,40.15181281154377,optimal
2021-02-13 22:30:00,6,61,0.0,0.0,0.0,0.316,27.4575,6.0,12,19.735115387466013,,0.0,0.0,0.0,0.0,40.111660998732226,optimal
2021-02-13 23:00:00,6,61,0.0,0.0,0.0,0.055,27.3735,6.0,12,19.667637464628402,,0.0,0.0,0.0,0.0,40.071549337733494,optimal
2021-02-13 23:30:00,6,61,0.0,0.0,0.0,0.055,30.4605,6.0,12,19.586246243797476,,0.0,0.0,0.0,0.0,40.03147778839576,optimal
2021-02-07 00:00:00,7,61,2.0,0.0,0.0,0.058,1.5435,6.0,-10,21.0,,7000.0,0.0,0.0,0.0,47.952,optimal
2021-02-07 00:30:00,7,61,2.0,0.0,1.5249303740168032,0.2413333333333333,1.5435,6.0,-10,21.091569815757214,,7000.0,0.0,0.0,0.0,48.62838992765797,optimal
2021-02-07 01:00:00,7,61,2.0,0.0,0.0,0.08506666666666667,5.0715,6.0,-10,21.18666946029778,,7000.0,0.0,0.0,0.0,48.579761537730306,optimal
2021-02-07 01:30:00,7,61,2.0,0.0,0.0,0.19240000000000002,5.376,6.0,-10,21.277265590308033,,7000.0,0.0,0.0,0.0,48.53118177619257,optimal
2021-02-07 02:00:00,7,61,2.0,0.0,0.0,0.0876,5.0715,6.0,-10,21.369809649568197,,7000.0,0.0,0.0,0.0,48.48265059441637,optimal
2021-02-07 02:30:00,7,61,2.0,0.0,0.0,0.1812,5.5125,6.0,-10,21.459284630234613,,7000.0,0.0,0.0,0.0,48.434167943821954,optimal
2021-02-07 03:00:00,7,61,0.06476589325046016,0.0,0.0,0.122,9.261,6.0,-10,21.550179397563898,,226.68062637661052,0.0,0.0,0.0,48.38573377587813,optimal
2021-02-07 03:30:00,7,61,0.0,0.0,0.0,0.06,11.7075,6.0,-10,21.47894879801732,,0.0,0.0,0.0,0.0,48.33734804210225,optimal
2021-02-07 04:00:00,7,61,0.0,0.0,0.0,0.1988,12.348,6.0,-10,21.400943212042513,,0.0,0.0,0.0,0.0,48.289010694060146,optimal
2021-02-07 04:30:00,7,61,0.0,0.0,0.0,0.058,12.348,6.0,-10,21.326378999758425,,0.0,0.0,0.0,0.0,48.240721683366075,optimal
2021-02-07 05:00:00,7,61,0.0,0.0,0.0,0.1276,12.1275,6.0,-10,21.248801228272164,,0.0,0.0,0.0,0.0,48.192480961682705,optimal
2021-02-07 05:30:00,7,61,0.0,0.0,0.0,0.1668,12.5265,6.0,-10,21.17319042273506,,0.0,0.0,0.0,0.0,48.144288480721016,optimal
2021-02-07 06:00:00,7,61,0.0,0.0,0.0,0.1596,11.7495,6.0,-10,21.098820575523824,,0.0,0.0,0.0,0.0,48.096144192240295,optimal
2021-02-07 06:30:00,7,61,0.0,0.0,0.0,0.058,13.23,6.0,-10,21.024590915854343,,0.0,0.0,0.0,0.0,48.048048048048045,optimal
2021-02-07 07:00:00,7,61,0.0,0.0,0.0,0.2847333333333333,14.3325,6.0,-10,20.948063342303204,,0.0,0.0,0.0,0.0,48.0,optimal
2021-02-07 07:30:00,7,61,0.0,0.0,0.0,0.061,14.994,6.0,-10,20.8806126612651,,0.0,0.0,0.0,0.0,47.82826178676602,optimal
2021-02-07 08:00:00,7,61,0.0,0.0,0.0,0.1276,14.8155,6.0,-10,20.801868018901125,,0.0,0.0,0.0,0.0,47.656695311745274,optimal
2021-02-07 08:30:00,7,61,0.0,0.0,0.0,0.1092,14.112,6.0,-10,20.724469565512035,,0.0,0.0,0.0,0.0,47.48530040319955,optimal
2021-02-07 09:00:00,7,61,0.0,0.0,0.0,0.14759999999999998,14.007,6.0,-10,20.64675092996044,,0.0,0.0,0.0,0.0,47.31407688956237,optimal
2021-02-07 09:30:00,7,61,0.0,0.0,0.0,0.08893333333333334,13.23,6.0,-10,20.581107215780584,,0.0,0.0,0.0,0.0,47.14302459943883,optimal
2021-02-07 10:00:00,7,61,0.0,0.0,0.0,0.10333333333333332,11.382,6.0,-10,20.514560612064045,,0.0,0.0,0.0,0.0,46.97214336160542,optimal
2021-02-07 10:30:00,7,61,0.0,0.0,0.0,0.2018,11.7495,6.0,-10,20.46223107798073,,0.0,0.0,0.0,0.0,46.801433005009834,optimal
2021-02-07 11:00:00,7,61,0.0,0.0,0.0,0.058,24.3285,6.0,-10,20.41211428016599,,0.0,0.0,0.0,0.0,46.63089335877085,optimal
2021-02-07 11:30:00,7,61,0.0,0.0,0.0,0.058,28.917,6.0,-10,20.37664818235744,,0.0,0.0,0.0,0.0,46.4605242521781,optimal
2021-02-07 12:00:00,7,61,0.0,0.0,0.0,0.058,31.3635,6.0,-10,20.34133001221134,,0.0,0.0,0.0,0.0,46.29032551469194,optimal
2021-02-07 12:30:00,7,61,0.0,0.0,0.0,0.26839999999999997,33.306,6.0,-10,20.318637904733034,,0.0,0.0,0.0,0.0,46.120296975943276,optimal
2021-02-07 13:00:00,7,61,0.0,0.0,0.0,0.06186666666666667,31.3425,6.0,-10,20.301008400836636,,0.0,0.0,0.0,0.0,45.950438465733356,optimal
2021-02-07 13:30:00,7,61,0.0,0.0,0.0,0.16213333333333332,28.2555,6.0,-10,20.267166628047423,,0.0,0.0,0.0,0.0,45.78074981403365,optimal
2021-02-07 14:00:00,7,61,0.0,0.0,0.0,0.16040000000000001,15.6975,6.0,-10,20.236042048113504,,0.0,0.0,0.0,0.0,45.611230850985635,optimal
2021-02-07 14:30:00,7,61,0.0,0.0,0.0,0.06573333333333334,12.5475,6.0,-10,20.209849873166906,,0.0,0.0,0.0,0.0,45.44188140690067,optimal
2021-02-07 15:00:00,7,61,0.0,0.0,0.0,0.20946666666666666,12.0855,6.0,-10,20.18174022745989,,0.0,0.0,0.0,0.0,45.27270131225979,optimal
2021-02-07 15:30:00,7,61,0.0,0.0,0.0,0.12466666666666669,11.907,6.0,-10,20.168402808113726,,0.0,0.0,0.0,0.0,45.10369039771356,optimal
2021-02-07 16:00:00,7,61,0.0,0.0,0.0,0.11213333333333333,12.5685,6.0,-10,20.15249308072034,,0.0,0.0,0.0,0.0,44.93484849408186,optimal
2021-02-07 16:30:00,7,61,0.0,0.0,0.0,0.1988,13.146,6.0,-10,20.110414091903642,,0.0,0.0,0.0,0.0,44.766175432353805,optimal
2021-02-07 17:00:00,7,61,0.0,0.0,0.0,0.06466666666666668,10.584,6.0,-10,20.070765530424882,,0.0,0.0,0.0,0.0,44.59767104368748,optimal
2021-02-07 17:30:00,7,61,2.0,0.0,0.0,0.21159999999999998,6.678,6.0,-10,20.0,,7000.0,0.0,0.0,0.0,44.42933515940981,optimal
2021-02-07 18:00:00,7,61,1.1398262099564047,0.0,0.0,0.12613333333333335,7.938,6.0,-10,20.09862110053772,,3989.391734847416,0.0,0.0,0.0,44.261167611016425,optimal
2021-02-07 18:30:00,7,61,2.0,0.0,0.0,0.144,5.292,6.0,-10,20.118287093611713,,7000.0,0.0,0.0,0.0,44.09316823017143,optimal
2021-02-07 19:00:00,7,61,0.0,0.0,0.0,0.18673333333333328,9.261,6.0,-10,20.209619310571387,,0.0,0.0,0.0,0.0,43.92533684870728,optimal
2021-02-07 19:30:00,7,61,0.0,0.0,0.0,0.07566666666666667,10.3635,6.0,-10,20.136402133838146,,0.0,0.0,0.0,0.0,43.88141151185857,optimal
2021-02-07 20:00:00,7,61,0.0,0.0,0.0,0.2463333333333333,8.274,6.0,-10,20.063874430824956,,0.0,0.0,0.0,0.0,43.83753010034671,optimal
2021-02-07 20:30:00,7,61,0.0,0.0,0.0,0.35496666666666665,7.7175,6.0,-10,20.0,,0.0,0.0,0.0,0.0,43.793692570246364,optimal
2021-02-07 21:00:00,7,61,0.0,0.0,0.0,0.2507333333333333,6.615,6.0,-10,19.93799686145422,,0.0,0.0,0.0,0.0,43.74989887767612,optimal
2021-02-07 21:30:00,7,61,0.0,0.0,0.0,0.16103333333333333,6.174,6.0,-10,19.87339769852264,,0.0,0.0,0.0,0.0,43.70614897879844,optimal
2021-02-07 22:00:00,7,61,0.0,0.0,0.0,0.37953333333333333,3.906,6.0,-10,19.80866185043474,,0.0,0.0,0.0,0.0,43.66244282981964,optimal
2021-02-07 22:30:00,7,61,0.0,0.0,0.0,0.4090666666666667,2.3415,6.0,-10,19.75183841631771,,0.0,0.0,0.0,0.0,43.61878038698982,optimal
2021-02-07 23:00:00,7,61,0.0,0.0,0.0,0.068,2.205,6.0,-10,19.691762143231013,,0.0,0.0,0.0,0.0,43.575161606602826,optimal
2021-02-07 23:30:00,7,61,0.0,0.0,0.0,0.25906666666666667,0.882,6.0,-10,19.61891681285715,,0.0,0.0,0.0,0.0,43.53158644499622,optimal
2021-02-08 00:00:00,7,61,0.0,0.0,0.0,0.059,11.2455,6.0,2,19.61891681285715,,0.0,0.0,0.0,0.0,43.48805485855122,optimal
2021-02-08 00:30:00,7,61,0.0,0.0,0.0,0.06163333333333333,11.025,6.0,2,19.544758879866144,,0.0,0.0,0.0,0.0,43.44456680369267,optimal
2021-02-08 01:00:00,7,61,2.0,0.0,0.0,0.19466666666666663,5.9745,6.0,2,19.47184607717622,,7000.0,0.0,0.0,0.0,43.40112223688898,optimal
2021-02-08 01:30:00,7,61,2.0,0.0,0.0,0.1358,7.938,6.0,2,19.566788623591123,,7000.0,0.0,0.0,0.0,43.357721114652094,optimal
2021-02-08 02:00:00,7,61,2.0,0.0,0.0,0.13733333333333334,8.6835,6.0,2,19.659736663302997,,7000.0,0.0,0.0,0.0,43.31436339353744,optimal
2021-02-08 02:30:00,7,61,2.0,0.0,0.0,0.123,7.665,6.0,2,19.75202235903187,,7000.0,0.0,0.0,0.0,43.27104903014391,optimal
2021-02-08 03:00:00,7,61,2.0,0.0,0.0,0.1358,6.7725,6.0,2,19.843840468696353,,7000.0,0.0,0.0,0.0,43.22777798111376,optimal
2021-02-08 03:30:00,7,61,2.0,0.0,0.0,0.059,5.5755,6.0,2,19.935841484326716,,7000.0,0.0,0.0,0.0,43.184550203132645,optimal
2021-02-08 04:00:00,7,61,2.0,0.0,5.0,0.13533333333333333,5.0925,6.0,2,20.025436821167702,,7000.0,0.0,0.0,0.0,45.516365652929515,optimal
2021-02-08 04:30:00,7,61,2.0,0.0,5.0,0.19513333333333333,4.1895,6.0,2,20.1162522908647,,7000.0,0.0,0.0,0.0,47.845849287276586,optimal
2021-02-08 05:00:00,7,61,2.0,0.0,0.0,0.11066666666666669,7.056,6.0,2,20.207683871957993,,7000.0,0.0,0.0,0.0,47.79800343798931,optimal
2021-02-08 05:30:00,7,61,2.0,0.0,1.134326862123846,0.11163333333333333,5.271,6.0,2,20.29611006875464,,7000.0,0.0,0.0,0.0,48.289010694060146,optimal
2021-02-08 06:00:00,7,61,2.0,0.0,0.0,0.2359,7.938,6.0,2,20.384194227974795,,7000.0,0.0,0.0,0.0,48.240721683366075,optimal
2021-02-08 06:30:00,7,61,2.0,0.0,0.0,0.07606666666666666,7.938,6.0,2,20.474636622909326,,7000.0,0.0,0.0,0.0,48.192480961682705,optimal
2021-02-08 07:00:00,7,61,0.0,0.0,0.0,0.059,11.907,6.0,2,20.560719260516176,,0.0,0.0,0.0,0.0,48.144288480721016,optimal
2021-02-08 07:30:00,7,61,2.0,0.0,0.0,0.059,11.025,6.0,2,20.480547627710997,,7000.0,0.0,0.0,0.0,48.096144192240295,optimal
2021-02-08 08:00:00,7,61,2.0,0.0,0.0,0.39976666666666666,11.2875,6.0,2,20.566411181340662,,7000.0,0.0,0.0,0.0,48.048048048048045,optimal
2021-02-08 08:30:00,7,61,0.0,0.0,0.0,0.26003333333333334,12.936,6.0,2,20.662888237445046,,0.0,0.0,0.0,0.0,48.0,optimal
2021-02-08 09:00:00,7,61,0.0,0.0,0.0,0.059,13.0095,6.0,2,20.58933904993096,,0.0,0.0,0.0,0.0,47.29443626947077,optimal
2021-02-08 09:30:00,7,61,0.0,0.0,0.0,0.12066666666666669,13.671,6.0,2,20.525247965116463,,0.0,0.0,0.0,0.0,46.58957810267208,optimal
2021-02-08 10:00:00,7,61,0.0,0.0,0.0,0.133,13.188,6.0,2,20.463505916246767,,0.0,0.0,0.0,0.0,45.88542479404018,optimal
2021-02-08 10:30:00,7,61,0.0,0.0,0.0,0.08886666666666666,13.8495,6.0,2,20.431104575006295,,0.0,0.0,0.0,0.0,45.181975638716914,optimal
2021-02-08 11:00:00,7,61,0.0,0.0,0.0,0.24159999999999998,13.23,6.0,2,20.397170660145196,,0.0,0.0,0.0,0.0,44.47922993254897,optimal
2021-02-08 11:30:00,7,61,0.0,0.0,0.0,0.059,13.3665,6.0,2,20.399516797959105,,0.0,0.0,0.0,0.0,43.77718697208719,optimal
2021-02-08 12:00:00,7,61,0.0,0.0,0.0,0.059,13.0515,6.0,2,20.397958702773032,,0.0,0.0,0.0,0.0,43.07584605458588,optimal
2021-02-08 12:30:00,7,61,0.0,0.0,0.0,0.27913333333333334,13.5345,6.0,2,20.407163739678925,,0.0,0.0,0.0,0.0,42.37520647800207,optimal
2021-02-08 13:00:00,7,61,0.0,0.0,0.0,0.06133333333333334,14.154,6.0,2,20.422181328436544,,0.0,0.0,0.0,0.0,41.675267540994845,optimal
2021-02-08 13:30:00,7,61,0.0,0.0,0.0,0.15430000000000002,14.112,6.0,2,20.429388359887515,,0.0,0.0,0.0,0.0,40.976028542924624,optimal
2021-02-08 14:00:00,7,61,0.0,0.0,0.0,0.17616666666666667,14.2485,6.0,2,20.43923264655106,,0.0,0.0,0.0,0.0,40.277488783852476,optimal
2021-02-08 14:30:00,7,61,0.0,0.0,0.0,0.1358,12.789,6.0,2,20.450682355388583,,0.0,0.0,0.0,0.0,39.5796475645394,optimal
2021-02-08 15:00:00,7,61,0.0,0.0,0.0,0.19466666666666663,13.0095,6.0,2,20.460505528016288,,0.0,0.0,0.0,0.0,38.88250418644564,optimal
2021-02-08 15:30:00,7,61,1.0716821024004193,0.0,0.0,0.059,12.1275,6.0,2,20.448590288223894,,3750.8873584014677,0.0,0.0,0.0,38.186057951729964,optimal
2021-02-08 16:00:00,7,61,0.0,0.0,0.0,0.06666666666666667,12.348,6.0,2,20.522295729310365,,0.0,0.0,0.0,0.0,37.49030816324901,optimal
2021-02-08 16:30:00,7,61,0.0,0.0,0.0,0.1753,12.348,6.0,2,20.480596322699963,,0.0,0.0,0.0,0.0,36.795254124556536,optimal
2021-02-08 17:00:00,7,61,0.0,0.0,0.0,0.16383333333333333,25.389,6.0,2,20.440986632306224,,0.0,0.0,0.0,0.0,36.100895139902754,optimal
2021-02-08 17:30:00,7,61,0.0,0.0,0.0,0.1211,29.1375,6.0,2,20.372327533180457,,0.0,0.0,0.0,0.0,36.06479424476285,optimal
2021-02-08 18:00:00,7,61,0.0,0.0,0.0,0.11793333333333333,30.597,6.0,2,20.30291188676001,,0.0,0.0,0.0,0.0,36.028729450518085,optimal
2021-02-08 18:30:00,7,61,0.0,0.0,0.0,0.4841333333333333,33.684,6.0,2,20.229390389720074,,0.0,0.0,0.0,0.0,35.992700721067564,optimal
2021-02-08 19:00:00,7,61,0.0,0.0,0.0,0.15146666666666667,32.445,6.0,2,20.16391709715338,,0.0,0.0,0.0,0.0,35.9567080203465,optimal
2021-02-08 19:30:00,7,61,0.0,0.0,0.0,0.9690333333333332,28.917,6.0,2,20.09236918568205,,0.0,0.0,0.0,0.0,35.92075131232615,optimal
2021-02-08 20:00:00,7,61,0.0,0.0,0.0,1.6738333333333333,15.876,6.0,2,20.03882283520714,,0.0,0.0,0.0,0.0,35.88483056101383,optimal
2021-02-08 20:30:00,7,61,0.0,0.0,0.0,0.33863333333333334,12.348,6.0,2,20.0,,0.0,0.0,0.0,0.0,35.84894573045281,optimal
2021-02-08 21:00:00,7,61,0.0,0.0,0.0,0.3707,12.1275,6.0,2,19.93481858549698,,0.0,0.0,0.0,0.0,35.81309678472236,optimal
2021-02-08 21:30:00,7,61,0.0,0.0,0.0,0.3471,12.348,6.0,2,19.871449375300628,,0.0,0.0,0.0,0.0,35.77728368793764,optimal
2021-02-08 22:00:00,7,61,0.0,0.0,0.0,0.3796333333333333,12.1275,6.0,2,19.805677825620194,,0.0,0.0,0.0,0.0,35.741506404249705,optimal
2021-02-08 22:30:00,7,61,0.0,0.0,0.0,0.4861666666666667,12.1275,6.0,2,19.74107857493316,,0.0,0.0,0.0,0.0,35.705764897845455,optimal
2021-02-08 23:00:00,7,61,0.0,0.0,0.0,1.0487,11.2665,6.0,2,19.680068630547456,,0.0,0.0,0.0,0.0,35.67005913294761,optimal
2021-02-08 23:30:00,7,61,0.0,0.0,0.0,0.1358,10.143,6.0,2,19.61492119909688,,0.0,0.0,0.0,0.0,35.63438907381466,optimal
2021-02-09 00:00:00,7,61,2.0,0.0,0.0,0.27316666666666667,13.23,6.0,-13,19.61492119909688,,7000.0,0.0,0.0,0.0,35.59875468474085,optimal
2021-02-09 00:30:00,7,61,2.0,0.0,0.0,0.3312,13.9755,6.0,-13,19.709456318070565,,7000.0,0.0,0.0,0.0,35.563155930056105,optimal
2021-02-09 01:00:00,7,61,0.0,0.0,0.0,0.064,14.994,6.0,-13,19.807703229868363,,0.0,0.0,0.0,0.0,35.52759277412605,optimal
2021-02-09 01:30:00,7,61,2.0,0.0,0.0,0.19013333333333332,13.671,6.0,-13,19.729539168426236,,7000.0,0.0,0.0,0.0,35.492065181351926,optimal
2021-02-09 02:00:00,7,61,0.0,0.0,0.0,0.064,15.981,6.0,-13,19.819545982814155,,0.0,0.0,0.0,0.0,35.456573116170574,optimal
2021-02-09 02:30:00,7,61,0.0,0.0,0.0,0.15,15.6345,6.0,-13,19.740498333800033,,0.0,0.0,0.0,0.0,35.4211165430544,optimal
2021-02-09 03:00:00,7,61,0.0,0.0,0.0,0.10413333333333334,16.5375,6.0,-13,19.66401956560882,,0.0,0.0,0.0,0.0,35.38569542651135,optimal
2021-02-09 03:30:00,7,61,0.0,0.0,0.0,0.10986666666666665,14.7735,6.0,-13,19.586985333501335,,0.0,0.0,0.0,0.0,35.350309731084835,optimal
2021-02-09 04:00:00,7,61,0.0,0.0,0.0,0.14426666666666668,15.2145,6.0,-13,19.51082487924957,,0.0,0.0,0.0,0.0,35.31495942135375,optimal
2021-02-09 04:30:00,7,61,2.0,0.0,0.0,0.064,14.553,6.0,-13,19.436211434457213,,7000.0,0.0,0.0,0.0,35.27964446193239,optimal
2021-02-09 05:00:00,7,61,2.0,0.0,0.0,0.1418,14.3325,6.0,-13,19.524880548125967,,7000.0,0.0,0.0,0.0,35.24436481747046,optimal
2021-02-09 05:30:00,7,61,2.0,0.0,0.0,0.2367333333333333,14.595,6.0,-13,19.614387233166866,,7000.0,0.0,0.0,0.0,35.20912045265299,optimal
2021-02-09 06:00:00,7,61,1.317041624432463,0.0,0.0,0.06333333333333334,14.994,6.0,-13,19.707817965580684,,4609.64568551362,0.0,0.0,0.0,35.17391133220033,optimal
2021-02-09 06:30:00,7,61,2.0,0.0,0.0,0.064,14.3325,6.0,-13,19.739689371404687,,7000.0,0.0,0.0,0.0,35.13873742086813,optimal
2021-02-09 07:00:00,7,61,2.0,0.0,0.0,0.064,13.8915,6.0,-13,19.826467046902017,,7000.0,0.0,0.0,0.0,35.10359868344727,optimal
2021-02-09 07:30:00,7,61,2.0,0.0,0.0,0.14426666666666668,13.8915,6.0,-13,19.912674228235563,,7000.0,0.0,0.0,0.0,35.06849508476382,optimal
2021-02-09 08:00:00,7,61,1.921572881492311,0.0,0.0,0.10986666666666665,13.4715,6.0,-13,20.0,,6725.505085223088,0.0,0.0,0.0,35.03342658967905,optimal
2021-02-09 08:30:00,7,61,2.0,0.0,0.0,0.064,13.23,6.0,-13,20.079607365909514,,7000.0,0.0,0.0,0.0,34.998393163089375,optimal
2021-02-09 09:00:00,7,61,0.0,0.0,0.0,0.07546666666666667,13.8915,6.0,-13,20.164906696979628,,0.0,0.0,0.0,0.0,34.96339476992629,optimal
2021-02-09 09:30:00,7,61,0.0,0.0,0.0,0.18766666666666662,26.9325,6.0,-13,20.10400280466274,,0.0,0.0,0.0,0.0,34.928431375156364,optimal
2021-02-09 10:00:00,7,61,0.0,0.0,0.0,0.074,30.303,6.0,-13,20.047040981858764,,0.0,0.0,0.0,0.0,34.89350294378121,optimal
2021-02-09 10:30:00,7,61,0.0,0.0,0.0,0.09240000000000001,32.886,6.0,-13,20.020592211697814,,0.0,0.0,0.0,0.0,34.85860944083743,optimal
2021-02-09 11:00:00,7,61,0.0,0.0,0.0,0.3615333333333334,34.9965,6.0,-13,20.0,,0.0,0.0,0.0,0.0,34.82375083139659,optimal
2021-02-09 11:30:00,7,61,0.0,0.0,0.0,0.305,33.327,6.0,-13,20.016079099659066,,0.0,0.0,0.0,0.0,34.78892708056519,optimal
2021-02-09 12:00:00,7,61,0.0,0.0,0.0,0.4187666666666667,31.122,6.0,-13,20.029796814600083,,0.0,0.0,0.0,0.0,34.754138153484625,optimal
2021-02-09 12:30:00,7,61,0.0,0.0,0.0,0.35969999999999996,17.9025,6.0,-13,20.06744912149807,,0.0,0.0,0.0,0.0,34.71938401533114,optimal
2021-02-09 13:00:00,7,61,0.0,0.0,0.0,0.3638,15.6555,6.0,-13,20.10480745709759,,0.0,0.0,0.0,0.0,34.684664631315805,optimal
2021-02-09 13:30:00,7,61,0.0,0.0,0.0,0.3706666666666667,14.553,6.0,-13,20.14716599432555,,0.0,0.0,0.0,0.0,34.64997996668449,optimal
2021-02-09 14:00:00,7,61,0.0,0.0,0.0,1.8477333333333328,14.3325,6.0,-13,20.188397892378035,,0.0,0.0,0.0,0.0,34.6153299867178,optimal
2021-02-09 14:30:00,7,61,0.0,0.0,0.0,2.1351,13.335,6.0,-13,20.228803238496866,,0.0,0.0,0.0,0.0,34.58071465673108,optimal
2021-02-09 15:00:00,7,61,0.0,0.0,0.0,2.3788666666666667,12.1275,6.0,-13,20.26968374179464,,0.0,0.0,0.0,0.0,34.54613394207435,optimal
2021-02-09 15:30:00,7,61,0.0,0.0,0.0,0.6310333333333333,12.2955,6.0,-13,20.28994691094588,,0.0,0.0,0.0,0.0,34.511587808132276,optimal
2021-02-09 16:00:00,7,61,0.0,0.0,0.0,0.6069333333333333,11.6865,6.0,-13,20.302060505847752,,0.0,0.0,0.0,0.0,34.47707622032414,optimal
2021-02-09 16:30:00,7,61,0.0,0.0,0.0,0.23846666666666666,11.466,6.0,-13,20.281644036713068,,0.0,0.0,0.0,0.0,34.442599144103816,optimal
2021-02-09 17:00:00,7,61,0.36104583647543054,0.0,0.0,0.1893333333333333,10.8045,6.0,-13,20.257877390147986,,1263.6604276640069,0.0,0.0,0.0,34.40815654495971,optimal
2021-02-09 17:30:00,7,61,2.0,0.0,0.0,0.4904333333333333,10.584,6.0,-13,20.23043781518362,,7000.0,0.0,0.0,0.0,34.37374838841475,optimal
2021-02-09 18:00:00,7,61,0.0,0.0,0.0,0.15309999999999999,11.2455,6.0,-13,20.342835065926053,,0.0,0.0,0.0,0.0,34.339374640026335,optimal
2021-02-09 18:30:00,7,61,0.0,0.0,0.0,0.19813333333333333,12.1275,6.0,-13,20.26983799697323,,0.0,0.0,0.0,0.0,34.30503526538631,optimal
2021-02-09 19:00:00,7,61,0.0,0.0,0.0,0.11866666666666668,11.823,6.0,-13,20.19947351048884,,0.0,0.0,0.0,0.0,34.270730230120925,optimal
2021-02-09 19:30:00,7,61,0.0,0.0,0.0,0.40176666666666666,11.7705,6.0,-13,20.12592995534917,,0.0,0.0,0.0,0.0,34.236459499890806,optimal
2021-02-09 20:00:00,7,61,0.0,0.0,0.0,0.48386666666666667,11.13,6.0,-13,20.061658607418835,,0.0,0.0,0.0,0.0,34.20222304039091,optimal
2021-02-09 20:30:00,7,61,0.0,0.0,0.0,0.4386333333333333,11.6865,6.0,-13,20.0,,0.0,0.0,0.0,0.0,34.16802081735052,optimal
2021-02-09 21:00:00,7,61,0.0,0.0,0.0,0.31006666666666666,10.7205,6.0,-13,19.934875011158514,,0.0,0.0,0.0,0.0,34.133852796533176,optimal
2021-02-09 21:30:00,7,61,0.0,0.0,0.0,0.4985333333333334,11.424,6.0,-13,19.870514407456408,,0.0,0.0,0.0,0.0,34.09971894373664,optimal
2021-02-09 22:00:00,7,61,0.0,0.0,0.0,0.695,10.689,6.0,-13,19.808164908862754,,0.0,0.0,0.0,0.0,34.065619224792904,optimal
2021-02-09 22:30:00,7,61,0.0,0.0,0.0,0.074,11.361,6.0,-13,19.74770793800743,,0.0,0.0,0.0,0.0,34.031553605568114,optimal
2021-02-09 23:00:00,7,61,0.0,0.0,0.0,0.1256,11.571,6.0,-13,19.66958556652422,,0.0,0.0,0.0,0.0,33.99752205196255,optimal
2021-02-09 23:30:00,7,61,0.0,0.0,0.0,0.14853333333333332,14.3745,6.0,-13,19.593215965253652,,0.0,0.0,0.0,0.0,33.963524529910586,optimal
2021-02-10 00:00:00,7,61,0.0,0.0,0.0,0.06513333333333333,34.9965,6.0,13,19.593215965253652,,0.0,0.0,0.0,0.0,33.92956100538068,optimal
2021-02-10 00:30:00,7,61,0.0,0.0,0.0,0.13126666666666667,34.9965,6.0,13,19.51471254907877,,0.0,0.0,0.0,0.0,33.8956314443753,optimal
2021-02-10 01:00:00,7,61,0.0,0.0,0.0,0.0925,34.9965,6.0,13,19.43768100893226,,0.0,0.0,0.0,0.0,33.861735812930924,optimal
2021-02-10 01:30:00,7,61,0.0,0.0,0.0,0.19390000000000002,27.741,6.0,13,19.3596383114069,,0.0,0.0,0.0,0.0,33.82787407711799,optimal
2021-02-10 02:00:00,7,61,0.0,0.0,0.0,0.061,19.026,6.0,13,19.283898283281975,,0.0,0.0,0.0,0.0,33.79404620304087,optimal
2021-02-10 02:30:00,7,61,0.04618672862477309,0.0,0.0,0.151,18.7215,6.0,13,19.204919038730534,,161.65355018670581,0.0,0.0,0.0,33.76025215683783,optimal
2021-02-10 03:00:00,7,61,2.0,0.0,0.0,0.061,17.4195,6.0,13,19.132211246184024,,7000.0,0.0,0.0,0.0,33.72649190468099,optimal
2021-02-10 03:30:00,7,61,2.0,0.0,0.0,0.061,16.758,6.0,13,19.219148379968452,,7000.0,0.0,0.0,0.0,33.69276541277631,optimal
2021-02-10 04:00:00,7,61,2.0,0.0,0.0,0.1354,14.217,6.0,13,19.305722902476877,,7000.0,0.0,0.0,0.0,33.65907264736354,optimal
2021-02-10 04:30:00,7,61,2.0,0.0,0.0,0.061,13.3665,6.0,13,19.393693055734634,,7000.0,0.0,0.0,0.0,33.62541357471618,optimal
2021-02-10 05:00:00,7,61,2.0,0.0,0.0,0.22540000000000002,12.789,6.0,13,19.479122463481794,,7000.0,0.0,0.0,0.0,33.59178816114146,optimal
2021-02-10 05:30:00,7,61,2.0,0.0,0.0,0.061,11.907,6.0,13,19.567660258356916,,7000.0,0.0,0.0,0.0,33.55819637298032,optimal
2021-02-10 06:00:00,7,61,2.0,0.0,5.0,0.10113333333333334,11.7075,6.0,13,19.651529863996263,,7000.0,0.0,0.0,0.0,35.89963817660734,optimal
2021-02-10 06:30:00,7,61,2.0,0.0,5.0,0.1852666666666667,10.8045,6.0,13,19.735580183466165,,7000.0,0.0,0.0,0.0,38.23873853843073,optimal
2021-02-10 07:00:00,7,61,2.0,0.0,5.0,0.06066666666666666,11.508,6.0,13,19.822100677008347,,7000.0,0.0,0.0,0.0,40.5754997998923,optimal
2021-02-10 07:30:00,7,61,2.0,0.0,5.0,0.2603666666666667,11.508,6.0,13,19.906648290263792,,7000.0,0.0,0.0,0.0,42.909924300092406,optimal
2021-02-10 08:00:00,7,61,1.5896068478713619,0.0,5.0,0.42160000000000003,11.508,6.0,13,20.0,,5563.623967549766,0.0,0.0,0.0,45.242014375792316,optimal
2021-02-10 08:30:00,7,61,0.0,0.0,0.997680651061375,0.2591,11.844,6.0,13,20.068478112023957,,0.0,0.0,0.0,0.0,45.670670670670674,optimal
2021-02-10 09:00:00,7,61,0.5530347707271963,0.0,5.0,2.4449,11.508,6.0,13,20.0,,1935.621697545187,0.0,0.0,0.0,48.0,optimal
2021-02-10 09:30:00,7,61,0.7036578518174302,0.0,0.0,0.15926666666666667,11.508,6.0,13,20.0,,2462.802481361006,0.0,0.0,0.0,47.616856199413235,optimal
2021-02-10 10:00:00,7,61,2.0,0.0,0.0,0.14206666666666667,10.4475,6.0,13,20.0,,7000.0,0.0,0.0,0.0,47.23409554262706,optimal
2021-02-10 10:30:00,7,61,0.0,0.0,0.0,0.1205,10.8675,6.0,13,20.140917127703904,,0.0,0.0,0.0,0.0,46.85171764649767,optimal
2021-02-10 11:00:00,7,61,1.3340966222212318,0.0,0.0,0.1859,10.542,6.0,13,20.116000504149795,,4669.338177774312,0.0,0.0,0.0,46.46972212826441,optimal
2021-02-10 11:30:00,7,61,0.0,0.0,0.0,0.29860000000000003,11.025,6.0,13,20.22678470939197,,0.0,0.0,0.0,0.0,46.08810860554938,optimal
2021-02-10 12:00:00,7,61,0.0,0.0,0.0,0.7104333333333333,11.025,6.0,13,20.228605562101457,,0.0,0.0,0.0,0.0,45.706876696357064,optimal
2021-02-10 12:30:00,7,61,0.0,0.0,0.0,2.342033333333333,14.553,6.0,13,20.267854655586767,,0.0,0.0,0.0,0.0,45.32602601907394,optimal
2021-02-10 13:00:00,7,61,0.0,0.0,0.0,0.24406666666666663,13.0935,6.0,13,20.31068631575837,,0.0,0.0,0.0,0.0,44.9455561924681,optimal
2021-02-10 13:30:00,7,61,0.0,0.0,0.0,0.4151333333333333,15.6345,6.0,13,20.341042365264524,,0.0,0.0,0.0,0.0,44.56546683568887,optimal
2021-02-10 14:00:00,7,61,0.0,0.0,0.0,4.129166666666667,18.102,6.0,13,20.378078873441225,,0.0,0.0,0.0,0.0,44.18575756826642,optimal
2021-02-10 14:30:00,7,61,0.0,0.0,0.0,0.143,17.199,6.0,13,20.426627369623464,,0.0,0.0,0.0,0.0,43.80642801011139,optimal
2021-02-10 15:00:00,7,61,0.0,0.0,0.0,0.2433333333333333,18.2805,6.0,13,20.447028935902654,,0.0,0.0,0.0,0.0,43.42747778151451,optimal
2021-02-10 15:30:00,7,61,0.0,0.0,0.0,0.24246666666666666,17.4615,6.0,13,20.448099431239978,,0.0,0.0,0.0,0.0,43.048906503146235,optimal
2021-02-10 16:00:00,7,61,0.0,0.0,0.0,0.24653333333333333,18.3225,6.0,13,20.448087909088578,,0.0,0.0,0.0,0.0,42.670713796056326,optimal
2021-02-10 16:30:00,7,61,0.0,0.0,0.0,0.44696666666666657,17.094,6.0,13,20.414775917489653,,0.0,0.0,0.0,0.0,42.62804308226027,optimal
2021-02-10 17:00:00,7,61,0.0,0.0,0.0,0.2297,17.094,6.0,13,20.393823570455233,,0.0,0.0,0.0,0.0,42.58541503917801,optimal
2021-02-10 17:30:00,7,61,0.0,0.0,0.0,0.2994,17.094,6.0,13,20.339626166343294,,0.0,0.0,0.0,0.0,42.54282962413883,optimal
2021-02-10 18:00:00,7,61,0.0,0.0,0.0,2.4320333333333335,17.3565,6.0,13,20.289642852621856,,0.0,0.0,0.0,0.0,42.50028679451469,optimal
2021-02-10 18:30:00,7,61,0.0,0.0,0.0,0.4321666666666667,17.115,6.0,13,20.233182267617977,,0.0,0.0,0.0,0.0,42.45778650772018,optimal
2021-02-10 19:00:00,7,61,0.0,0.0,0.0,3.6054,17.241,6.0,13,20.170233788448602,,0.0,0.0,0.0,0.0,42.41532872121246,optimal
2021-02-10 19:30:00,7,61,0.0,0.0,0.0,1.975733333333333,17.094,6.0,13,20.11501620639295,,0.0,0.0,0.0,0.0,42.37291339249125,optimal
2021-02-10 20:00:00,7,61,0.0,0.0,0.0,2.5126,16.5165,6.0,13,20.05599259214027,,0.0,0.0,0.0,0.0,42.33054047909876,optimal
2021-02-10 20:30:00,7,61,0.0,0.0,0.0,2.9583000000000004,17.8185,6.0,13,20.0,,0.0,0.0,0.0,0.0,42.28820993861966,optimal
2021-02-10 21:00:00,7,61,0.0,0.0,0.0,0.36576666666666663,17.094,6.0,13,19.94795127919514,,0.0,0.0,0.0,0.0,42.24592172868104,optimal
2021-02-10 21:30:00,7,61,0.0,0.0,0.0,2.6601666666666666,16.8945,6.0,13,19.88559976197337,,0.0,0.0,0.0,0.0,42.20367580695236,optimal
2021-02-10 22:00:00,7,61,0.0,0.0,0.0,0.2752,18.123,6.0,13,19.821980534542085,,0.0,0.0,0.0,0.0,42.16147213114541,optimal
2021-02-10 22:30:00,7,61,0.0,0.0,0.0,0.31056666666666666,31.647,6.0,13,19.747797347607904,,0.0,0.0,0.0,0.0,42.11931065901426,optimal
2021-02-10 23:00:00,7,61,0.0,0.0,0.0,0.09240000000000001,34.9965,6.0,13,19.672014277027113,,0.0,0.0,0.0,0.0,42.07719134835525,optimal
2021-02-10 23:30:00,7,61,0.0,0.0,0.0,0.14733333333333334,34.9965,6.0,13,19.575654769621828,,0.0,0.0,0.0,0.0,42.035114157006895,optimal
2021-02-11 00:00:00,7,61,2.0,0.0,0.0,0.13293333333333335,16.758,6.0,19,19.575654769621828,,7000.0,0.0,0.0,0.0,41.993079042849885,optimal
2021-02-11 00:30:00,7,61,2.0,0.0,0.0,0.048,16.422,6.0,19,19.646972836536705,,7000.0,0.0,0.0,0.0,41.95108596380704,optimal
2021-02-11 01:00:00,7,61,2.0,0.0,0.0,0.06620000000000001,16.758,6.0,19,19.716405092436503,,7000.0,0.0,0.0,0.0,41.90913487784323,optimal
2021-02-11 01:30:00,7,61,2.0,0.0,0.0,0.16353333333333334,29.358,6.0,19,19.786394582777497,,7000.0,0.0,0.0,0.0,41.86722574296539,optimal
2021-02-11 02:00:00,7,61,0.0,0.0,0.0,0.0724,34.9965,6.0,19,19.858390380244263,,0.0,0.0,0.0,0.0,41.825358517222426,optimal
2021-02-11 02:30:00,7,61,0.0,0.0,0.0,0.13293333333333335,34.65,6.0,19,19.762650351986455,,0.0,0.0,0.0,0.0,41.783533158705204,optimal
2021-02-11 03:00:00,7,61,0.0,0.0,0.0,0.1212,34.9965,6.0,19,19.66832186601204,,0.0,0.0,0.0,0.0,41.7417496255465,optimal
2021-02-11 03:30:00,7,61,0.0,0.0,0.0,0.1026,34.9965,6.0,19,19.573692677421374,,0.0,0.0,0.0,0.0,41.70000787592095,optimal
2021-02-11 04:00:00,7,61,1.0373959875719778,0.0,0.0,0.08646666666666666,30.4815,6.0,19,19.48006174086908,,3630.8859565019225,0.0,0.0,0.0,41.65830786804503,optimal
2021-02-11 04:30:00,7,61,2.0,0.0,0.0,0.11306666666666666,21.4305,6.0,19,19.473215457981254,,7000.0,0.0,0.0,0.0,41.61664956017698,optimal
2021-02-11 05:00:00,7,61,2.0,0.0,0.0,0.13293333333333335,14.3325,6.0,19,19.546577184073183,,7000.0,0.0,0.0,0.0,41.575032910616805,optimal
2021-02-11 05:30:00,7,61,2.0,0.0,0.0,0.048,13.692,6.0,19,19.6201020122424,,7000.0,0.0,0.0,0.0,41.53345787770619,optimal
2021-02-11 06:00:00,7,61,2.0,0.0,0.0,0.048,14.007,6.0,19,19.692357469030007,,7000.0,0.0,0.0,0.0,41.491924419828486,optimal
2021-02-11 06:30:00,7,61,2.0,0.0,0.0,0.16140000000000002,12.873,6.0,19,19.765354291133114,,7000.0,0.0,0.0,0.0,41.450432495408656,optimal
2021-02-11 07:00:00,7,61,2.0,0.0,4.063216036711116,0.09206666666666666,12.684,6.0,19,19.841766982251695,,7000.0,0.0,0.0,0.0,43.339009680351026,optimal
2021-02-11 07:30:00,7,61,2.0,0.0,5.0,0.2295,12.306,6.0,19,19.918218952281034,,7000.0,0.0,0.0,0.0,45.670670670670674,optimal
2021-02-11 08:00:00,7,61,2.0,0.0,5.0,0.1474,10.6365,6.0,19,20.0,,7000.0,0.0,0.0,0.0,48.0,optimal
2021-02-11 08:30:00,7,61,0.12384289221527095,0.0,0.0,0.048,11.2455,6.0,19,20.082717310501245,,433.45012275344834,0.0,0.0,0.0,47.06132615371769,optimal
2021-02-11 09:00:00,7,61,0.7939175635186055,0.0,0.0,0.20613333333333334,11.2455,6.0,19,20.0,,2778.7114723151194,0.0,0.0,0.0,46.12359098128165,optimal
2021-02-11 09:30:00,7,61,1.1394354313755686,0.0,0.0,0.057,11.025,6.0,19,20.0,,3988.0240098144905,0.0,0.0,0.0,45.18679354401806,optimal
2021-02-11 10:00:00,7,61,0.0,0.0,0.0,0.2017333333333333,12.0855,6.0,19,20.03170248139344,,0.0,0.0,0.0,0.0,44.25093290419173,optimal
2021-02-11 10:30:00,7,61,0.0,0.0,0.0,0.05406666666666667,11.6865,6.0,19,20.018799292095807,,0.0,0.0,0.0,0.0,43.316008125005226,optimal
2021-02-11 11:00:00,7,61,0.0,0.0,0.0,0.06426666666666667,11.2245,6.0,19,20.0,,0.0,0.0,0.0,0.0,42.38201827059791,optimal
2021-02-11 11:30:00,7,61,0.0,0.0,0.0,0.18986666666666668,11.025,6.0,19,20.010035997298353,,0.0,0.0,0.0,0.0,41.448962406045,optimal
2021-02-11 12:00:00,7,61,0.42824701021738704,0.0,0.0,0.060200000000000004,10.7835,6.0,19,20.026124016363188,,453.86453576085455,0.0,1045.0,0.0,40.516839597356636,optimal
2021-02-11 12:30:00,7,61,0.0,0.0,0.0,0.11233333333333331,11.025,6.0,19,20.076815995464568,,0.0,0.0,0.0,0.0,39.585648911476966,optimal
2021-02-11 13:00:00,7,61,2.0,0.0,0.0,0.115,10.584,6.0,19,20.120443297798726,,7000.0,0.0,0.0,0.0,38.65538941628317,optimal
2021-02-11 13:30:00,7,61,0.0,0.0,0.0,0.10026666666666668,11.025,6.0,19,20.318327224033954,,0.0,0.0,0.0,0.0,38.61673402686689,optimal
2021-02-11 14:00:00,7,61,2.0,0.0,0.0,0.096,10.4265,6.0,19,20.3528000975671,,7000.0,0.0,0.0,0.0,38.57811729284002,optimal
2021-02-11 14:30:00,7,61,0.0,0.0,0.0,0.13293333333333335,12.789,6.0,19,20.556651930459815,,0.0,0.0,0.0,0.0,38.539539175547176,optimal
2021-02-11 15:00:00,7,61,0.0,0.0,0.0,0.1242,12.684,6.0,19,20.592215780354977,,0.0,0.0,0.0,0.0,38.50099963637163,optimal
2021-02-11 15:30:00,7,61,0.0,0.0,0.0,0.06466666666666668,16.254,6.0,19,20.60129344379476,,0.0,0.0,0.0,0.0,38.46249863673526,optimal
2021-02-11 16:00:00,7,61,0.0,0.0,0.0,0.35646666666666665,17.64,6.0,19,20.604667721072378,,0.0,0.0,0.0,0.0,38.42403613809853,optimal
2021-02-11 16:30:00,7,61,0.0,0.0,0.0,0.2945,19.1625,6.0,19,20.583808545441396,,0.0,0.0,0.0,0.0,38.38561210196043,optimal
2021-02-11 17:00:00,7,61,0.0,0.0,0.0,0.255,26.46,6.0,19,20.560750385566195,,0.0,0.0,0.0,0.0,38.34722648985847,optimal
2021-02-11 17:30:00,7,61,0.0,0.0,0.0,0.4535666666666667,20.79,6.0,19,20.494743182242566,,0.0,0.0,0.0,0.0,38.30887926336861,optimal
2021-02-11 18:00:00,7,61,0.0,0.0,0.0,0.4009666666666666,29.106,6.0,19,20.433446623589496,,0.0,0.0,0.0,0.0,38.27057038410524,optimal
2021-02-11 18:30:00,7,61,0.0,0.0,0.0,1.5272333333333332,19.1835,6.0,19,20.353644074527438,,0.0,0.0,0.0,0.0,38.232299813721134,optimal
2021-02-11 19:00:00,7,61,0.0,0.0,0.0,0.07016666666666667,19.6665,6.0,19,20.27392560698464,,0.0,0.0,0.0,0.0,38.19406751390741,optimal
2021-02-11 19:30:00,7,61,0.0,0.0,0.0,0.29083333333333333,19.404,6.0,19,20.179973524115603,,0.0,0.0,0.0,0.0,38.15587344639351,optimal
2021-02-11 20:00:00,7,61,0.0,0.0,0.0,0.413,19.047,6.0,19,20.091480039318835,,0.0,0.0,0.0,0.0,38.117717572947114,optimal
2021-02-11 20:30:00,7,61,0.0,0.0,0.0,1.6549666666666667,18.858,6.0,19,20.0,,0.0,0.0,0.0,0.0,38.07959985537417,optimal
2021-02-11 21:00:00,7,61,0.0,0.0,0.0,1.3481333333333334,19.2675,6.0,19,19.920464246886628,,0.0,0.0,0.0,0.0,38.0415202555188,optimal
2021-02-11 21:30:00,7,61,0.0,0.0,0.0,0.5117,18.963,6.0,19,19.835842815619664,,0.0,0.0,0.0,0.0,38.00347873526328,optimal
2021-02-11 22:00:00,7,61,0.0,0.0,0.0,0.1242,18.438,6.0,19,19.753249828672434,,0.0,0.0,0.0,0.0,37.965475256528016,optimal
2021-02-11 22:30:00,7,61,0.0,0.0,0.0,0.05506666666666667,18.7425,6.0,19,19.65117577759399,,0.0,0.0,0.0,0.0,37.92750978127149,optimal
2021-02-11 23:00:00,7,61,0.0,0.0,0.0,0.20006666666666664,15.2145,6.0,19,19.54543974811154,,0.0,0.0,0.0,0.0,37.88958227149022,optimal
2021-02-11 23:30:00,7,61,0.0,0.0,0.0,0.048,17.7765,6.0,19,19.441089509255406,,0.0,0.0,0.0,0.0,37.85169268921873,optimal
2021-02-12 00:00:00,7,61,2.0,0.0,0.0,0.1838333333333333,11.907,6.0,17,19.441089509255406,,7000.0,0.0,0.0,0.0,37.813840996529514,optimal
2021-02-12 00:30:00,7,61,2.0,0.0,0.0,0.08059999999999999,25.83,6.0,17,19.50350593849936,,6512.333333333333,0.0,487.6666666666667,0.0,37.77602715553299,optimal
2021-02-12 01:00:00,7,61,0.0,0.0,0.0,0.12493333333333334,28.035,6.0,17,19.549074631661487,,0.0,0.0,0.0,0.0,37.738251128377456,optimal
2021-02-12 01:30:00,7,61,1.8412253062900925,0.0,0.0,0.06286666666666667,28.119,6.0,17,19.44173112285191,,6444.288572015324,0.0,0.0,0.0,37.70051287724908,optimal
2021-02-12 02:00:00,7,61,0.0,0.0,0.0,0.054,30.156,6.0,17,19.485949183572366,,0.0,0.0,0.0,0.0,37.66281236437183,optimal
2021-02-12 02:30:00,7,61,0.0,0.0,0.0,0.054,29.1585,6.0,17,19.378028285581678,,0.0,0.0,0.0,0.0,37.62514955200746,optimal
2021-02-12 03:00:00,7,61,2.0,0.0,0.0,0.054,26.712,6.0,17,19.271808809191725,,7000.0,0.0,0.0,0.0,37.58752440245545,optimal
2021-02-12 03:30:00,7,61,2.0,0.0,0.0,0.1338,15.435,6.0,17,19.332567355668317,,7000.0,0.0,0.0,0.0,37.549936878052996,optimal
2021-02-12 04:00:00,7,61,2.0,0.0,0.0,0.054,13.566,6.0,17,19.397876386601276,,7000.0,0.0,0.0,0.0,37.512386941174945,optimal
2021-02-12 04:30:00,7,61,2.0,0.0,0.0,0.1338,12.789,6.0,17,19.46394845379316,,7000.0,0.0,0.0,0.0,37.47487455423377,optimal
2021-02-12 05:00:00,7,61,2.0,0.0,0.0,0.054,12.1275,6.0,17,19.534548842960987,,7000.0,0.0,0.0,0.0,37.43739967967954,optimal
2021-02-12 05:30:00,7,61,2.0,0.0,0.0,0.1338,13.671,6.0,17,19.605890198346113,,7000.0,0.0,0.0,0.0,37.399962279999855,optimal
2021-02-12 06:00:00,7,61,2.0,0.0,5.0,0.054,10.668,6.0,17,19.682154993682538,,7000.0,0.0,0.0,0.0,39.737562317719856,optimal
2021-02-12 06:30:00,7,61,2.0,0.0,2.751978820303033,0.054,11.7285,6.0,17,19.7595542251905,,7000.0,0.0,0.0,0.0,41.00501469504607,optimal
2021-02-12 07:00:00,7,61,2.0,0.0,5.0,0.11453333333333332,11.025,6.0,17,19.83704772359161,,7000.0,0.0,0.0,0.0,43.339009680351026,optimal
2021-02-12 07:30:00,7,61,2.0,0.0,5.0,0.28726666666666667,10.689,6.0,17,19.91684360073152,,7000.0,0.0,0.0,0.0,45.670670670670674,optimal
2021-02-12 08:00:00,7,61,2.0,0.0,5.0,0.118,8.1585,6.0,17,20.0,,7000.0,0.0,0.0,0.0,48.0,optimal
2021-02-12 08:30:00,7,61,1.934107846478275,0.0,0.0,0.10833333333333331,10.3635,6.0,17,20.07323218366013,,6769.377462673962,0.0,0.0,0.0,47.375775978515655,optimal
2021-02-12 09:00:00,7,61,0.0,0.0,0.0,0.08946666666666667,10.8045,6.0,17,20.136180070944278,,0.0,0.0,0.0,0.0,46.752176181052796,optimal
2021-02-12 09:30:00,7,61,0.0,0.0,0.0,0.09390000000000001,11.025,6.0,17,20.06329764520543,,0.0,0.0,0.0,0.0,46.1291999833874,optimal
2021-02-12 10:00:00,7,61,0.4153549055481678,0.0,0.0,0.09423333333333332,10.3635,6.0,17,20.0,,1453.7421694185873,0.0,0.0,0.0,45.50684676191967,optimal
2021-02-12 10:30:00,7,61,0.0,0.0,0.0,0.064,10.8045,6.0,17,20.016834823971845,,0.0,0.0,0.0,0.0,44.88511589367341,optimal
2021-02-12 11:00:00,7,61,0.5776729346035152,0.0,0.0,0.13646666666666668,10.059,6.0,17,20.0,,0.0,0.0,2021.855271112303,0.0,44.264006756295394,optimal
2021-02-12 11:30:00,7,61,0.0,0.0,0.0,0.0673,10.584,6.0,17,20.01745008776632,,0.0,0.0,0.0,0.0,43.64351872805476,optimal
2021-02-12 12:00:00,7,61,2.0,0.0,0.0,0.1205,9.4185,6.0,17,20.033465744773412,,5677.855271112303,0.0,1322.144728887697,0.0,43.02365118784236,optimal
2021-02-12 12:30:00,7,61,0.0,0.0,0.0,0.054,10.3635,6.0,17,20.196353723459765,,0.0,0.0,0.0,0.0,42.40440351517017,optimal
2021-02-12 13:00:00,7,61,2.0,0.0,0.0,0.13413333333333333,9.8385,6.0,17,20.22313538225215,,7000.0,0.0,0.0,0.0,41.78577509017066,optimal
2021-02-12 13:30:00,7,61,0.0,0.0,0.0,0.064,11.067,6.0,17,20.416468744247222,,0.0,0.0,0.0,0.0,41.16776529359615,optimal
2021-02-12 14:00:00,7,61,0.0,0.0,0.0,0.14013333333333333,10.8465,6.0,17,20.441410692647285,,0.0,0.0,0.0,0.0,40.55037350681821,optimal
2021-02-12 14:30:00,7,61,0.0,0.0,0.0,0.18893333333333331,13.671,6.0,17,20.45880235308904,,0.0,0.0,0.0,0.0,40.50982313331139,optimal
2021-02-12 15:00:00,7,61,0.0,0.0,0.0,0.2713,12.348,6.0,17,20.48145310207679,,0.0,0.0,0.0,0.0,40.46931331017808,optimal
2021-02-12 15:30:00,7,61,0.0,0.0,0.0,0.3656333333333333,14.3325,6.0,17,20.495736767989477,,0.0,0.0,0.0,0.0,40.428843996867904,optimal
2021-02-12 16:00:00,7,61,0.0,0.0,0.0,0.7292666666666666,15.393,6.0,17,20.50981138782536,,0.0,0.0,0.0,0.0,40.38841515287103,optimal
2021-02-12 16:30:00,7,61,0.0,0.0,0.0,1.1880333333333333,13.587,6.0,17,20.487978911837928,,0.0,0.0,0.0,0.0,40.348026737718165,optimal
2021-02-12 17:00:00,7,61,0.0,0.0,0.0,0.4501,16.1385,6.0,17,20.46862292392675,,0.0,0.0,0.0,0.0,40.30767871098045,optimal
2021-02-12 17:30:00,7,61,0.0,0.0,0.0,0.3307,14.595,6.0,17,20.41220947011041,,0.0,0.0,0.0,0.0,40.267371032269466,optimal
2021-02-12 18:00:00,7,61,0.0,0.0,0.0,0.2075,14.637,6.0,17,20.361667852061895,,0.0,0.0,0.0,0.0,40.227103661237194,optimal
2021-02-12 18:30:00,7,61,0.0,0.0,0.0,0.08863333333333334,13.9125,6.0,17,20.290617001546764,,0.0,0.0,0.0,0.0,40.18687655757596,optimal
2021-02-12 19:00:00,7,61,0.0,0.0,0.0,0.0792,13.3665,6.0,17,20.217063721614956,,0.0,0.0,0.0,0.0,40.14668968101838,optimal
2021-02-12 19:30:00,7,61,0.0,0.0,0.0,0.25793333333333335,13.0095,6.0,17,20.141882647418623,,0.0,0.0,0.0,0.0,40.10654299133736,optimal
2021-02-12 20:00:00,7,61,0.0,0.0,0.0,0.20826666666666668,13.8915,6.0,17,20.07063727323331,,0.0,0.0,0.0,0.0,40.066436448346025,optimal
2021-02-12 20:30:00,7,61,0.0,0.0,0.0,0.2958,13.188,6.0,17,20.0,,0.0,0.0,0.0,0.0,40.026370011897676,optimal
2021-02-12 21:00:00,7,61,0.0,0.0,0.0,0.16763333333333333,12.5685,6.0,17,19.933400707115858,,0.0,0.0,0.0,0.0,39.986343641885775,optimal
2021-02-12 21:30:00,7,61,0.0,0.0,0.0,0.147,12.285,6.0,17,19.862388361347303,,0.0,0.0,0.0,0.0,39.94635729824389,optimal
2021-02-12 22:00:00,7,61,0.0,0.0,0.0,0.197,11.487,6.0,17,19.787160723017774,,0.0,0.0,0.0,0.0,39.90641094094565,optimal
2021-02-12 22:30:00,7,61,0.0,0.0,0.0,0.32593333333333335,11.802,6.0,17,19.713445532169697,,0.0,0.0,0.0,0.0,39.866504530004704,optimal
2021-02-12 23:00:00,7,61,0.0,0.0,0.0,0.227,11.2245,6.0,17,19.643795253804566,,0.0,0.0,0.0,0.0,39.8266380254747,optimal
2021-02-12 23:30:00,7,61,0.0,0.0,0.0,0.2299333333333333,11.025,6.0,17,19.57284403804872,,0.0,0.0,0.0,0.0,39.78681138744923,optimal
2021-02-13 00:00:00,7,61,2.0,0.0,5.0,0.17363333333333333,7.938,6.0,-10,19.57284403804872,,7000.0,0.0,0.0,0.0,42.122024576061776,optimal
2021-02-13 00:30:00,7,61,2.0,0.0,5.0,0.15030000000000002,8.274,6.0,-10,19.659360960539487,,0.0,0.0,7000.0,0.0,44.454902551485716,optimal
2021-02-13 01:00:00,7,61,2.0,0.0,5.0,0.059,9.261,6.0,-10,19.57989092893442,,6894.0,0.0,106.0,0.0,46.78544764893423,optimal
2021-02-13 01:30:00,7,61,2.0,0.0,0.0,0.26493333333333335,9.9225,6.0,-10,19.661585970349016,,7000.0,0.0,0.0,0.0,46.738662201285294,optimal
2021-02-13 02:00:00,7,61,2.0,0.0,4.07677134436625,0.07933333333333333,9.702,6.0,-10,19.750514169426413,,7000.0,0.0,0.0,0.0,48.62838992765797,optimal
2021-02-13 02:30:00,7,61,2.0,0.0,0.0,0.19633333333333328,10.584,6.0,-10,19.834897621368615,,7000.0,0.0,0.0,0.0,48.579761537730306,optimal
2021-02-13 03:00:00,7,61,2.0,0.0,0.0,0.10726666666666668,10.143,6.0,-10,19.921691712288098,,7000.0,0.0,0.0,0.0,48.53118177619257,optimal
2021-02-13 03:30:00,7,61,0.0,0.0,0.0,0.08313333333333334,13.0095,6.0,-10,20.006020750269062,,0.0,0.0,0.0,0.0,48.48265059441637,optimal
2021-02-13 04:00:00,7,61,2.0,0.0,0.0,0.1676,11.025,6.0,-10,19.923935974202973,,7000.0,0.0,0.0,0.0,48.434167943821954,optimal
2021-02-13 04:30:00,7,61,1.6862170675812758,0.0,0.0,0.1412,12.789,6.0,-10,20.009263143556563,,5901.759736534465,0.0,0.0,0.0,48.38573377587813,optimal
2021-02-13 05:00:00,7,61,2.0,0.0,0.0,0.16190000000000002,12.1275,6.0,-10,20.06704985580269,,7000.0,0.0,0.0,0.0,48.33734804210225,optimal
2021-02-13 05:30:00,7,61,2.0,0.0,0.0,0.11763333333333334,12.1695,6.0,-10,20.1508034521989,,7000.0,0.0,0.0,0.0,48.289010694060146,optimal
2021-02-13 06:00:00,7,61,2.0,0.0,0.0,0.13993333333333333,12.306,6.0,-10,20.23275326779116,,7000.0,0.0,0.0,0.0,48.240721683366075,optimal
2021-02-13 06:30:00,7,61,0.0,0.0,0.0,0.15553333333333333,13.23,6.0,-10,20.31447072468393,,0.0,0.0,0.0,0.0,48.192480961682705,optimal
2021-02-13 07:00:00,7,61,0.0,0.0,0.0,1.0498666666666665,13.671,6.0,-10,20.230723442080432,,0.0,0.0,0.0,0.0,48.144288480721016,optimal
2021-02-13 07:30:00,7,61,0.0,0.0,0.0,0.1575,13.9335,6.0,-10,20.152394190382577,,0.0,0.0,0.0,0.0,48.096144192240295,optimal
2021-02-13 08:00:00,7,61,0.0,0.0,0.0,0.10923333333333332,13.293,6.0,-10,20.07809796129292,,0.0,0.0,0.0,0.0,48.048048048048045,optimal
2021-02-13 08:30:00,7,61,0.978151967152902,0.0,0.0,0.19583333333333328,12.1065,6.0,-10,20.0,,3423.531885035157,0.0,0.0,0.0,48.0,optimal
2021-02-13 09:00:00,7,61,0.7832887156900153,0.0,0.0,0.14743333333333333,11.571,6.0,-10,20.0,,2741.510504915054,0.0,0.0,0.0,47.48400914198906,optimal
2021-02-13 09:30:00,7,61,0.7721663765765933,0.0,0.0,0.1422,11.025,6.0,-10,20.0,,2702.5823180180764,0.0,0.0,0.0,46.96853427483614,optimal
2021-02-13 10:00:00,7,61,0.9460110068500099,0.0,0.0,0.11726666666666669,10.8465,6.0,-10,20.0,,2475.038523975035,0.0,836.0,0.0,46.45357488255036,optimal
2021-02-13 10:30:00,7,61,0.0,0.0,0.0,0.22666666666666663,11.2455,6.0,-10,20.02788255186282,,0.0,0.0,0.0,0.0,45.93913044965688,optimal
2021-02-13 11:00:00,7,61,0.0,0.0,0.0,0.07503333333333333,23.8665,6.0,-10,20.0,,0.0,0.0,0.0,0.0,45.42520046119629,optimal
2021-02-13 11:30:00,7,61,0.0,0.0,0.0,0.2689,27.4575,6.0,-10,20.007367796728136,,0.0,0.0,0.0,0.0,44.91178440272416,optimal
2021-02-13 12:00:00,7,61,0.0,0.0,0.0,0.06983333333333333,27.3735,6.0,-10,20.01949098201994,,0.0,0.0,0.0,0.0,44.86687261832144,optimal
2021-02-13 12:30:00,7,61,0.0,0.0,0.0,0.21406666666666663,30.4605,6.0,-10,20.045073342156506,,0.0,0.0,0.0,0.0,44.822005745703116,optimal
2021-02-13 13:00:00,7,61,0.0,0.0,0.0,0.3655333333333334,30.0195,6.0,-10,20.07552871239049,,0.0,0.0,0.0,0.0,44.777183739957415,optimal
2021-02-13 13:30:00,7,61,0.0,0.0,0.0,0.26723333333333327,26.9325,6.0,-10,20.116981290294895,,0.0,0.0,0.0,0.0,44.732406556217455,optimal
2021-02-13 14:00:00,7,61,0.0,0.0,0.0,0.1395,14.595,6.0,-10,20.156357011777107,,0.0,0.0,0.0,0.0,44.68767414966124,optimal
2021-02-13 14:30:00,7,61,0.0,0.0,0.0,0.24206666666666662,12.4845,6.0,-10,20.16409016322656,,0.0,0.0,0.0,0.0,44.64298647551158,optimal
2021-02-13 15:00:00,7,61,0.0,0.0,0.0,0.3357,12.1275,6.0,-10,20.17496052307861,,0.0,0.0,0.0,0.0,44.59834348903607,optimal
2021-02-13 15:30:00,7,61,0.0,0.0,0.0,0.2058,12.1275,6.0,-10,20.162764161387308,,0.0,0.0,0.0,0.0,44.55374514554703,optimal
2021-02-13 16:00:00,7,61,0.0,0.0,0.0,0.13813333333333333,12.789,6.0,-10,20.1447377674536,,0.0,0.0,0.0,0.0,44.509191400401484,optimal
2021-02-13 16:30:00,7,61,0.0,0.0,0.0,0.18966666666666662,11.907,6.0,-10,20.09767500386451,,0.0,0.0,0.0,0.0,44.46468220900108,optimal
2021-02-13 17:00:00,7,61,0.24494384135450042,0.0,0.0,0.08106666666666666,11.025,6.0,-10,20.052025340004867,,857.3034447407515,0.0,0.0,0.0,44.42021752679208,optimal
2021-02-13 17:30:00,7,61,2.0,0.0,0.0,0.12593333333333334,8.2005,6.0,-10,20.0,,7000.0,0.0,0.0,0.0,44.37579730926529,optimal
2021-02-13 18:00:00,7,61,0.0,0.0,0.0,0.16369999999999998,9.5655,6.0,-10,20.093875035318387,,0.0,0.0,0.0,0.0,44.33142151195602,optimal
2021-02-13 18:30:00,7,61,2.0,0.0,0.0,0.12736666666666666,7.056,6.0,-10,20.012566471161673,,7000.0,0.0,0.0,0.0,44.28709009044407,optimal
2021-02-13 19:00:00,7,61,0.826302575568105,0.0,0.0,0.13813333333333333,9.3975,6.0,-10,20.095814290490743,,2892.0590144883677,0.0,0.0,0.0,44.242803000353625,optimal
2021-02-13 19:30:00,7,61,0.0,0.0,0.0,0.1776,10.059,6.0,-10,20.081764035392347,,0.0,0.0,0.0,0.0,44.198560197353274,optimal
2021-02-13 20:00:00,7,61,1.014431807300454,0.0,0.0,0.09313333333333335,9.261,6.0,-10,20.0,,3550.511325551589,0.0,0.0,0.0,44.15436163715592,optimal
2021-02-13 20:30:00,7,61,0.0,0.0,0.0,0.069,8.1585,6.0,-10,20.0,,0.0,0.0,0.0,0.0,44.11020727551877,optimal
2021-02-13 21:00:00,7,61,0.0,0.0,0.0,0.2017333333333333,9.4815,6.0,-10,19.91559564462333,,0.0,0.0,0.0,0.0,44.06609706824325,optimal
2021-02-13 21:30:00,7,61,0.0,0.0,0.0,0.1422,8.379,6.0,-10,19.834677430143035,,0.0,0.0,0.0,0.0,44.022030971175006,optimal
2021-02-13 22:00:00,7,61,0.0,0.0,0.0,0.16553333333333334,9.5235,6.0,-10,19.75248247579064,,0.0,0.0,0.0,0.0,43.97800894020383,optimal
2021-02-13 22:30:00,7,61,0.0,0.0,0.0,0.1052,8.1375,6.0,-10,19.670972750952796,,0.0,0.0,0.0,0.0,43.93403093126363,optimal
2021-02-13 23:00:00,7,61,0.0,0.0,0.0,0.12933333333333336,10.0905,6.0,-10,19.588586959806946,,0.0,0.0,0.0,0.0,43.89009690033237,optimal
2021-02-13 23:30:00,7,61,0.0,0.0,0.0,0.1404,7.539,6.0,-10,19.50732317967741,,0.0,0.0,0.0,0.0,43.84620680343203,optimal
2021-02-07 00:00:00,8,61,0.0,0.0,0.0,0.13806666666666667,28.2555,6.0,11,21.0,,0.0,0.0,0.0,0.0,47.952,optimal
2021-02-07 00:30:00,8,61,0.0,0.0,0.0,0.17453333333333332,15.6975,6.0,11,20.92624046814738,,0.0,0.0,0.0,0.0,47.904047999999996,optimal
2021-02-07 01:00:00,8,61,0.0,0.0,0.0,0.056,12.5475,6.0,11,20.85323253772041,,0.0,0.0,0.0,0.0,47.856143952,optimal
2021-02-07 01:30:00,8,61,0.0,0.0,0.0,0.2540666666666666,12.0855,6.0,11,20.777313220510855,,0.0,0.0,0.0,0.0,47.80828780804799,optimal
2021-02-07 02:00:00,8,61,0.0,0.0,0.0,0.056,11.907,6.0,11,20.70617875331048,,0.0,0.0,0.0,0.0,47.76047952023995,optimal
2021-02-07 02:30:00,8,61,0.0,0.0,0.0,0.1346,12.5685,6.0,11,20.63045569553648,,0.0,0.0,0.0,0.0,47.712719040719705,optimal
2021-02-07 03:00:00,8,61,0.0,0.0,0.0,0.2540666666666666,13.146,6.0,11,20.556487279423365,,0.0,0.0,0.0,0.0,47.66500632167899,optimal
2021-02-07 03:30:00,8,61,0.0,0.0,0.0,0.09966666666666668,10.584,6.0,11,20.485231128400805,,0.0,0.0,0.0,0.0,47.61734131535731,optimal
2021-02-07 04:00:00,8,61,0.0,0.0,0.0,0.14583333333333334,6.678,6.0,11,20.410417949791285,,0.0,0.0,0.0,0.0,47.56972397404195,optimal
2021-02-07 04:30:00,8,61,0.0,0.0,0.0,0.19916666666666663,7.938,6.0,11,20.336798351288646,,0.0,0.0,0.0,0.0,47.522154250067906,optimal
2021-02-07 05:00:00,8,61,2.0,0.0,0.0,0.18513333333333332,5.292,6.0,11,20.26474512152427,,7000.0,0.0,0.0,0.0,47.47463209581784,optimal
2021-02-07 05:30:00,8,61,0.0,0.0,0.0,0.12746666666666667,9.261,6.0,11,20.357944766238727,,0.0,0.0,0.0,0.0,47.42715746372202,optimal
2021-02-07 06:00:00,8,61,0.0,0.0,0.0,0.13206666666666667,10.3635,6.0,11,20.28411035832624,,0.0,0.0,0.0,0.0,47.379730306258296,optimal
2021-02-07 06:30:00,8,61,0.0,0.0,0.0,0.184,8.274,6.0,11,20.210692525750435,,0.0,0.0,0.0,0.0,47.332350575952034,optimal
2021-02-07 07:00:00,8,61,0.0,0.0,0.0,0.07143333333333333,7.7175,6.0,11,20.138456943892926,,0.0,0.0,0.0,0.0,47.285018225376085,optimal
2021-02-07 07:30:00,8,61,0.07544440546238096,0.0,0.0,0.3006333333333333,6.615,6.0,11,20.06356173864843,,264.05541911833336,0.0,0.0,0.0,47.23773320715071,optimal
2021-02-07 08:00:00,8,61,0.9055108254143514,0.0,0.0,0.1026,6.174,6.0,11,20.0,,3169.2878889502294,0.0,0.0,0.0,47.190495473943564,optimal
2021-02-07 08:30:00,8,61,2.0,0.0,0.0,0.1453,3.906,6.0,11,20.0,,7000.0,0.0,0.0,0.0,47.14330497846962,optimal
2021-02-07 09:00:00,8,61,2.0,0.0,0.0,0.21569999999999998,2.3415,6.0,11,20.091250291578238,,7000.0,0.0,0.0,0.0,47.09616167349115,optimal
2021-02-07 09:30:00,8,61,2.0,0.0,0.0,0.09966666666666668,2.205,6.0,11,20.194720772399155,,7000.0,0.0,0.0,0.0,47.04906551181766,optimal
2021-02-07 10:00:00,8,61,2.0,0.0,2.6078004990741994,0.11233333333333331,0.882,6.0,11,20.295370127685988,,7000.0,0.0,0.0,0.0,48.240721683366075,optimal
2021-02-07 10:30:00,8,61,2.0,0.0,0.0,0.08773333333333333,1.5435,6.0,11,20.40960844674956,,7000.0,0.0,0.0,0.0,48.192480961682705,optimal
2021-02-07 11:00:00,8,61,2.0,0.0,0.0,0.2344,1.5435,6.0,11,20.522183436638812,,7000.0,0.0,0.0,0.0,48.144288480721016,optimal
2021-02-07 11:30:00,8,61,0.0,0.0,0.0,0.15826666666666667,5.0715,6.0,11,20.65565986791949,,0.0,0.0,0.0,0.0,48.096144192240295,optimal
2021-02-07 12:00:00,8,61,0.0,0.0,0.0,0.12459999999999999,5.376,6.0,11,20.621592667413296,,0.0,0.0,0.0,0.0,48.048048048048045,optimal
2021-02-07 12:30:00,8,61,0.9212525489827122,0.0,0.0,0.12603333333333333,5.0715,6.0,11,20.60050836183578,,3224.383921439493,0.0,0.0,0.0,48.0,optimal
2021-02-07 13:00:00,8,61,0.0,0.0,0.0,0.13206666666666667,5.5125,6.0,11,20.657993827584203,,0.0,0.0,0.0,0.0,46.91220985590688,optimal
2021-02-07 13:30:00,8,61,0.0,0.0,0.0,0.23476666666666668,9.261,6.0,11,20.624367866272216,,0.0,0.0,0.0,0.0,45.82550750195786,optimal
2021-02-07 14:00:00,8,61,0.0,0.0,0.0,0.08926666666666666,11.7075,6.0,11,20.59351565343618,,0.0,0.0,0.0,0.0,44.73989185036278,optimal
2021-02-07 14:30:00,8,61,0.0,0.0,0.0,0.19340000000000002,12.348,6.0,11,20.564058425487037,,0.0,0.0,0.0,0.0,43.6553618144193,optimal
2021-02-07 15:00:00,8,61,0.0,0.0,0.0,0.23183333333333328,12.348,6.0,11,20.537296954372703,,0.0,0.0,0.0,0.0,43.611706452604885,optimal
2021-02-07 15:30:00,8,61,0.0,0.0,0.0,0.2169,12.1275,6.0,11,20.52634967025555,,0.0,0.0,0.0,0.0,43.56809474615228,optimal
2021-02-07 16:00:00,8,61,0.0,0.0,0.0,0.1042,12.5265,6.0,11,20.51666177431023,,0.0,0.0,0.0,0.0,43.524526651406134,optimal
2021-02-07 16:30:00,8,61,0.0,0.0,0.0,0.3121333333333333,11.7495,6.0,11,20.480290685492555,,0.0,0.0,0.0,0.0,43.48100212475473,optimal
2021-02-07 17:00:00,8,61,0.0,0.0,0.0,0.5889666666666667,13.23,6.0,11,20.449016405540743,,0.0,0.0,0.0,0.0,43.437521122629974,optimal
2021-02-07 17:30:00,8,61,0.0,0.0,0.0,0.3263333333333333,14.3325,6.0,11,20.39874959855602,,0.0,0.0,0.0,0.0,43.39408360150735,optimal
2021-02-07 18:00:00,8,61,0.0,0.0,0.0,0.1457,14.994,6.0,11,20.342504496966807,,0.0,0.0,0.0,0.0,43.35068951790584,optimal
2021-02-07 18:30:00,8,61,0.0,0.0,0.0,0.17909999999999998,14.8155,6.0,11,20.27153427523723,,0.0,0.0,0.0,0.0,43.307338828387934,optimal
2021-02-07 19:00:00,8,61,0.0,0.0,0.0,0.1961,14.112,6.0,11,20.201707712384735,,0.0,0.0,0.0,0.0,43.26403148955955,optimal
2021-02-07 19:30:00,8,61,0.0,0.0,0.0,0.22833333333333328,14.007,6.0,11,20.13367172826288,,0.0,0.0,0.0,0.0,43.22076745806999,optimal
2021-02-07 20:00:00,8,61,0.0,0.0,0.0,0.14186666666666667,13.23,6.0,11,20.067718750595304,,0.0,0.0,0.0,0.0,43.177546690611926,optimal
2021-02-07 20:30:00,8,61,0.0,0.0,0.0,0.30146666666666666,11.382,6.0,11,20.0,,0.0,0.0,0.0,0.0,43.13436914392131,optimal
2021-02-07 21:00:00,8,61,0.0,0.0,0.0,0.20406666666666665,11.7495,6.0,11,19.93714132155166,,0.0,0.0,0.0,0.0,43.09123477477739,optimal
2021-02-07 21:30:00,8,61,0.0,0.0,0.0,0.33030000000000004,24.3285,6.0,11,19.873054958244836,,0.0,0.0,0.0,0.0,43.04814354000261,optimal
2021-02-07 22:00:00,8,61,0.0,0.0,0.0,0.21766666666666662,28.917,6.0,11,19.810007220495855,,0.0,0.0,0.0,0.0,43.00509539646261,optimal
2021-02-07 22:30:00,8,61,0.0,0.0,0.0,0.19019999999999998,31.3635,6.0,11,19.744578700216252,,0.0,0.0,0.0,0.0,42.96209030106615,optimal
2021-02-07 23:00:00,8,61,0.0,0.0,0.0,0.07473333333333333,33.306,6.0,11,19.674445679153603,,0.0,0.0,0.0,0.0,42.91912821076508,optimal
2021-02-07 23:30:00,8,61,0.0,0.0,0.0,0.08063333333333333,31.3425,6.0,11,19.601878786142137,,0.0,0.0,0.0,0.0,42.87620908255432,optimal
2021-02-08 00:00:00,8,61,2.0,0.0,0.0,0.063,13.23,6.0,-20,19.601878786142137,,7000.0,0.0,0.0,0.0,42.83333287347176,optimal
2021-02-08 00:30:00,8,61,2.0,0.0,0.0,0.13206666666666667,13.3665,6.0,-20,19.693141729378617,,7000.0,0.0,0.0,0.0,42.79049954059829,optimal
2021-02-08 01:00:00,8,61,2.0,0.0,0.0,0.13126666666666667,13.0515,6.0,-20,19.785654817714363,,7000.0,0.0,0.0,0.0,42.74770904105769,optimal
2021-02-08 01:30:00,8,61,2.0,0.0,0.0,0.213,13.5345,6.0,-20,19.87776314812727,,7000.0,0.0,0.0,0.0,42.70496133201663,optimal
2021-02-08 02:00:00,8,61,0.0,0.0,0.0,0.1994,14.154,6.0,-20,19.971208634368327,,0.0,0.0,0.0,0.0,42.66225637068462,optimal
2021-02-08 02:30:00,8,61,2.0,0.0,0.0,0.063,14.112,6.0,-20,19.898450994836576,,7000.0,0.0,0.0,0.0,42.619594114313934,optimal
2021-02-08 03:00:00,8,61,1.2643556576389388,0.0,0.0,0.23406666666666665,14.2485,6.0,-20,19.988268399379173,,4425.244801736286,0.0,0.0,0.0,42.57697452019962,optimal
2021-02-08 03:30:00,8,61,2.0,0.0,0.0,0.093,12.789,6.0,-20,20.021163937288016,,7000.0,0.0,0.0,0.0,42.53439754567942,optimal
2021-02-08 04:00:00,8,61,2.0,0.0,0.0,0.2399333333333333,13.0095,6.0,-20,20.111177869805644,,7000.0,0.0,0.0,0.0,42.49186314813374,optimal
2021-02-08 04:30:00,8,61,2.0,0.0,2.8876715812117784,0.16393333333333335,12.1275,6.0,-20,20.204077193385984,,7000.0,0.0,0.0,0.0,43.8210152860612,optimal
2021-02-08 05:00:00,8,61,2.0,0.0,0.0,0.08006666666666666,12.348,6.0,-20,20.294377432954345,,7000.0,0.0,0.0,0.0,43.77719427077513,optimal
2021-02-08 05:30:00,8,61,2.0,0.0,0.0,0.12273333333333332,12.348,6.0,-20,20.381903681791485,,7000.0,0.0,0.0,0.0,43.733417076504345,optimal
2021-02-08 06:00:00,8,61,0.0,0.0,0.0,0.20313333333333333,25.389,6.0,-20,20.46986375768716,,0.0,0.0,0.0,0.0,43.68968365942784,optimal
2021-02-08 06:30:00,8,61,0.0,0.0,0.0,0.2007333333333333,29.1375,6.0,-20,20.39386311117742,,0.0,0.0,0.0,0.0,43.645993975768405,optimal
2021-02-08 07:00:00,8,61,0.0,0.0,0.0,0.061666666666666654,30.597,6.0,-20,20.31791424361841,,0.0,0.0,0.0,0.0,43.60234798179264,optimal
2021-02-08 07:30:00,8,61,0.0,0.0,0.0,0.46,33.684,6.0,-20,20.23978167379543,,0.0,0.0,0.0,0.0,43.55874563381084,optimal
2021-02-08 08:00:00,8,61,0.0,0.0,0.0,0.071,32.445,6.0,-20,20.17489068354788,,0.0,0.0,0.0,0.0,43.51518688817703,optimal
2021-02-08 08:30:00,8,61,0.0,0.0,0.0,0.3025333333333334,28.917,6.0,-20,20.104172903298576,,0.0,0.0,0.0,0.0,43.47167170128885,optimal
2021-02-08 09:00:00,8,61,0.0,0.0,0.0,0.31339999999999996,15.876,6.0,-20,20.046355769350885,,0.0,0.0,0.0,0.0,43.42820002958756,optimal
2021-02-08 09:30:00,8,61,0.5629182975546159,0.0,0.0,0.43673333333333336,12.348,6.0,-20,20.0,,1970.2140414411556,0.0,0.0,0.0,43.38477182955796,optimal
2021-02-08 10:00:00,8,61,0.6406965525691809,0.0,5.0,0.157,12.1275,6.0,-20,20.0,,2242.437933992133,0.0,0.0,0.0,45.716387057728404,optimal
2021-02-08 10:30:00,8,61,0.0,0.0,0.0,0.20556666666666665,12.348,6.0,-20,20.02476590834593,,0.0,0.0,0.0,0.0,45.670670670670674,optimal
2021-02-08 11:00:00,8,61,0.0,0.0,5.0,0.14553333333333332,12.1275,6.0,-20,20.0,,0.0,0.0,0.0,0.0,48.0,optimal
2021-02-08 11:30:00,8,61,0.0,0.0,0.0,0.1866,12.1275,6.0,-20,20.004917290401146,,0.0,0.0,0.0,0.0,46.768966036348814,optimal
2021-02-08 12:00:00,8,61,0.0,0.0,0.0,0.11246666666666669,11.2665,6.0,-20,20.00775348560929,,0.0,0.0,0.0,0.0,45.539163106661285,optimal
2021-02-08 12:30:00,8,61,0.0,0.0,0.0,0.2818,10.143,6.0,-20,20.019584051435025,,0.0,0.0,0.0,0.0,44.31058997990344,optimal
2021-02-08 13:00:00,8,61,0.0,0.0,0.0,0.14206666666666667,11.2455,6.0,-20,20.03619775573263,,0.0,0.0,0.0,0.0,43.083245426272356,optimal
2021-02-08 13:30:00,8,61,0.0,0.0,0.0,0.20980000000000001,11.025,6.0,-20,20.046711621717037,,0.0,0.0,0.0,0.0,41.8571282171949,optimal
2021-02-08 14:00:00,8,61,0.0,0.0,0.0,0.1894,5.9745,6.0,-20,20.059198047297304,,0.0,0.0,0.0,0.0,40.63223712532652,optimal
2021-02-08 14:30:00,8,61,0.0,0.0,0.0,0.09766666666666668,7.938,6.0,-20,20.07228087608799,,0.0,0.0,0.0,0.0,39.408570924550006,optimal
2021-02-08 15:00:00,8,61,0.0,0.0,0.0,0.085,8.6835,6.0,-20,20.0825174894755,,0.0,0.0,0.0,0.0,38.18612838997427,optimal
2021-02-08 15:30:00,8,61,0.0,0.0,0.0,0.26206666666666667,7.665,6.0,-20,20.06932492401944,,0.0,0.0,0.0,0.0,36.964908297933114,optimal
2021-02-08 16:00:00,8,61,0.0,0.0,0.0,0.18146666666666667,6.7725,6.0,-20,20.060576822693065,,0.0,0.0,0.0,0.0,35.744909425984,optimal
2021-02-08 16:30:00,8,61,0.005244609269862076,0.0,0.0,0.35083333333333333,5.5755,6.0,-20,20.0247448496665,,18.356132444517268,0.0,0.0,0.0,34.52613055290683,optimal
2021-02-08 17:00:00,8,61,2.0,0.0,0.0,0.2713333333333333,5.0925,6.0,-20,20.0,,7000.0,0.0,0.0,0.0,33.30857045870274,optimal
2021-02-08 17:30:00,8,61,2.0,0.0,0.0,0.073,4.1895,6.0,-20,20.118674984128084,,7000.0,0.0,0.0,0.0,32.092227924592855,optimal
2021-02-08 18:00:00,8,61,0.0,0.0,0.0,0.2740666666666667,7.056,6.0,-20,20.21340053311453,,0.0,0.0,0.0,0.0,30.87710173301708,optimal
2021-02-08 18:30:00,8,61,1.6517708172424397,0.0,0.0,0.1608,5.271,6.0,-20,20.13709074329787,,5781.1978603485395,0.0,0.0,0.0,30.846224631284063,optimal
2021-02-08 19:00:00,8,61,0.0,0.0,0.0,0.2137333333333333,7.938,6.0,-20,20.197484187569103,,0.0,0.0,0.0,0.0,30.81537840665278,optimal
2021-02-08 19:30:00,8,61,0.0,0.0,0.0,0.5471333333333334,7.938,6.0,-20,20.126750192174534,,0.0,0.0,0.0,0.0,30.784563028246126,optimal
2021-02-08 20:00:00,8,61,0.0,0.0,0.0,0.24430000000000002,11.907,6.0,-20,20.06530509268766,,0.0,0.0,0.0,0.0,30.75377846521788,optimal
2021-02-08 20:30:00,8,61,0.0,0.0,0.0,1.5866,11.025,6.0,-20,20.0,,0.0,0.0,0.0,0.0,30.723024686752662,optimal
2021-02-08 21:00:00,8,61,0.0,0.0,0.0,1.0294333333333334,11.2875,6.0,-20,19.95296767999662,,0.0,0.0,0.0,0.0,30.69230166206591,optimal
2021-02-08 21:30:00,8,61,0.0,0.0,0.0,0.7474333333333333,12.936,6.0,-20,19.897889588856682,,0.0,0.0,0.0,0.0,30.661609360403844,optimal
2021-02-08 22:00:00,8,61,0.0,0.0,0.0,0.20446666666666666,13.0095,6.0,-20,19.853054669367854,,0.0,0.0,0.0,0.0,30.63094775104344,optimal
2021-02-08 22:30:00,8,61,0.0,0.0,0.0,0.3592333333333333,13.671,6.0,-20,19.77636494136047,,0.0,0.0,0.0,0.0,30.600316803292397,optimal
2021-02-08 23:00:00,8,61,0.0,0.0,0.0,0.19446666666666668,13.188,6.0,-20,19.701973159747062,,0.0,0.0,0.0,0.0,30.569716486489106,optimal
2021-02-08 23:30:00,8,61,0.0,0.0,0.0,0.09433333333333331,13.8495,6.0,-20,19.627066213544737,,0.0,0.0,0.0,0.0,30.539146770002617,optimal
2021-02-09 00:00:00,8,61,2.0,0.0,0.0,0.066,13.4715,6.0,19,19.627066213544737,,7000.0,0.0,0.0,0.0,30.508607623232614,optimal
2021-02-09 00:30:00,8,61,2.0,0.0,0.0,0.22440000000000002,13.23,6.0,19,19.712576558426605,,7000.0,0.0,0.0,0.0,30.47809901560938,optimal
2021-02-09 01:00:00,8,61,2.0,0.0,0.0,0.166,13.8915,6.0,19,19.801678925055512,,7000.0,0.0,0.0,0.0,30.44762091659377,optimal
2021-02-09 01:30:00,8,61,0.0,0.0,0.0,0.174,26.9325,6.0,19,19.889239259012477,,0.0,0.0,0.0,0.0,30.417173295677177,optimal
2021-02-09 02:00:00,8,61,0.0,0.0,0.0,0.1864,30.303,6.0,19,19.810922484214977,,0.0,0.0,0.0,0.0,30.3867561223815,optimal
2021-02-09 02:30:00,8,61,0.0,0.0,0.0,0.1608,32.886,6.0,19,19.732808057825075,,0.0,0.0,0.0,0.0,30.356369366259116,optimal
2021-02-09 03:00:00,8,61,0.0,0.0,0.0,0.1596,34.9965,6.0,19,19.654623525441693,,0.0,0.0,0.0,0.0,30.326012996892857,optimal
2021-02-09 03:30:00,8,61,0.0,0.0,0.0,0.066,33.327,6.0,19,19.576945311220815,,0.0,0.0,0.0,0.0,30.295686983895965,optimal
2021-02-09 04:00:00,8,61,0.0,0.0,0.0,0.32439999999999997,31.122,6.0,19,19.49779810650037,,0.0,0.0,0.0,0.0,30.26539129691207,optimal
2021-02-09 04:30:00,8,61,1.5843671464737294,0.0,0.0,0.066,17.9025,6.0,19,19.425499447185437,,5545.285012658053,0.0,0.0,0.0,30.23512590561516,optimal
2021-02-09 05:00:00,8,61,2.0,0.0,0.0,0.101,15.6555,6.0,19,19.477918947393224,,7000.0,0.0,0.0,0.0,30.204890779709544,optimal
2021-02-09 05:30:00,8,61,2.0,0.0,0.0,0.1382,14.553,6.0,19,19.56487779799136,,7000.0,0.0,0.0,0.0,30.174685888929833,optimal
2021-02-09 06:00:00,8,61,2.0,0.0,0.0,0.21719999999999998,14.3325,6.0,19,19.65235231152771,,7000.0,0.0,0.0,0.0,30.144511203040903,optimal
2021-02-09 06:30:00,8,61,2.0,0.0,0.0,0.071,13.335,6.0,19,19.741327316988563,,7000.0,0.0,0.0,0.0,30.114366691837862,optimal
2021-02-09 07:00:00,8,61,2.0,0.0,0.0,0.17286666666666667,12.1275,6.0,19,19.826270595222155,,7000.0,0.0,0.0,0.0,30.084252325146025,optimal
2021-02-09 07:30:00,8,61,2.0,0.0,0.0,0.22219999999999998,12.2955,6.0,19,19.912946112693007,,7000.0,0.0,0.0,0.0,30.05416807282088,optimal
2021-02-09 08:00:00,8,61,0.9906532653746611,0.0,0.0,0.081,11.6865,6.0,19,20.0,,3467.286428811314,0.0,0.0,0.0,30.02411390474806,optimal
2021-02-09 08:30:00,8,61,0.9198827190494493,0.0,0.0,0.30219999999999997,11.466,6.0,19,20.0,,3219.5895166730725,0.0,0.0,0.0,29.99408979084331,optimal
2021-02-09 09:00:00,8,61,0.7534008925346003,0.0,0.0,0.0732,10.8045,6.0,19,20.0,,2636.903123871101,0.0,0.0,0.0,29.964095701052468,optimal
2021-02-09 09:30:00,8,61,1.3362251735745756,0.0,0.0,0.238,10.584,6.0,19,20.0,,4676.7881075110145,0.0,0.0,0.0,29.934131605351414,optimal
2021-02-09 10:00:00,8,61,0.0,0.0,0.0,0.1524,11.2455,6.0,19,20.053308214553887,,0.0,0.0,0.0,0.0,29.904197473746063,optimal
2021-02-09 10:30:00,8,61,0.0,0.0,0.0,0.08706666666666667,12.1275,6.0,19,20.026927751845662,,0.0,0.0,0.0,0.0,29.874293276272315,optimal
2021-02-09 11:00:00,8,61,0.0,0.0,0.0,0.27566666666666667,11.823,6.0,19,20.0,,0.0,0.0,0.0,0.0,29.844418982996043,optimal
2021-02-09 11:30:00,8,61,0.0,0.0,0.0,0.101,11.7705,6.0,19,20.008414658471278,,0.0,0.0,0.0,0.0,29.814574564013046,optimal
2021-02-09 12:00:00,8,61,0.0,0.0,0.0,0.22440000000000002,11.13,6.0,19,20.01289428723474,,0.0,0.0,0.0,0.0,29.784759989449032,optimal
2021-02-09 12:30:00,8,61,0.0,0.0,0.0,0.166,11.6865,6.0,19,20.04115656985463,,0.0,0.0,0.0,0.0,29.754975229459582,optimal
2021-02-09 13:00:00,8,61,1.8369907396167107,0.0,0.0,0.1164,10.7205,6.0,19,20.067713485373577,,6429.467588658487,0.0,0.0,0.0,29.725220254230123,optimal
2021-02-09 13:30:00,8,61,0.0,0.0,0.0,0.244,11.424,6.0,19,20.249583743989866,,0.0,0.0,0.0,0.0,29.69549503397589,optimal
2021-02-09 14:00:00,8,61,2.0,0.0,0.0,0.096,10.689,6.0,19,20.281687455649628,,7000.0,0.0,0.0,0.0,29.665799538941915,optimal
2021-02-09 14:30:00,8,61,0.0,0.0,0.0,0.086,11.361,6.0,19,20.469176736140387,,0.0,0.0,0.0,0.0,29.636133739402972,optimal
2021-02-09 15:00:00,8,61,0.0,0.0,0.0,0.146,11.571,6.0,19,20.490155641032974,,0.0,0.0,0.0,0.0,29.60649760566357,optimal
2021-02-09 15:30:00,8,61,0.0,0.0,0.0,0.09593333333333334,14.3745,6.0,19,20.488367316491583,,0.0,0.0,0.0,0.0,29.576891108057907,optimal
2021-02-09 16:00:00,8,61,0.0,0.0,0.0,0.39303333333333335,13.23,6.0,19,20.48958753069306,,0.0,0.0,0.0,0.0,29.54731421694985,optimal
2021-02-09 16:30:00,8,61,0.0,0.0,0.0,0.35719999999999996,13.9755,6.0,19,20.470064870602805,,0.0,0.0,0.0,0.0,29.5177669027329,optimal
2021-02-09 17:00:00,8,61,0.0,0.0,0.0,0.392,14.994,6.0,19,20.452155945932144,,0.0,0.0,0.0,0.0,29.48824913583017,optimal
2021-02-09 17:30:00,8,61,0.0,0.0,0.0,0.41433333333333333,13.671,6.0,19,20.40186049323911,,0.0,0.0,0.0,0.0,29.45876088669434,optimal
2021-02-09 18:00:00,8,61,0.0,0.0,0.0,0.384,15.981,6.0,19,20.350380189872606,,0.0,0.0,0.0,0.0,29.429302125807645,optimal
2021-02-09 18:30:00,8,61,0.0,0.0,0.0,0.42119999999999996,15.6345,6.0,19,20.287629935321476,,0.0,0.0,0.0,0.0,29.399872823681836,optimal
2021-02-09 19:00:00,8,61,0.0,0.0,0.0,0.24653333333333333,16.5375,6.0,19,20.228040146479614,,0.0,0.0,0.0,0.0,29.370472950858154,optimal
2021-02-09 19:30:00,8,61,0.0,0.0,0.0,0.09726666666666668,14.7735,6.0,19,20.152493993964264,,0.0,0.0,0.0,0.0,29.341102477907295,optimal
2021-02-09 20:00:00,8,61,0.0,0.0,0.0,0.3028,15.2145,6.0,19,20.073541697005023,,0.0,0.0,0.0,0.0,29.311761375429388,optimal
2021-02-09 20:30:00,8,61,0.0,0.0,0.0,0.066,14.553,6.0,19,20.0,,0.0,0.0,0.0,0.0,29.28244961405396,optimal
2021-02-09 21:00:00,8,61,0.0,0.0,0.0,0.18819999999999998,14.3325,6.0,19,19.92075663510321,,0.0,0.0,0.0,0.0,29.253167164439905,optimal
2021-02-09 21:30:00,8,61,0.0,0.0,0.0,0.2122,14.595,6.0,19,19.844264852330447,,0.0,0.0,0.0,0.0,29.223913997275464,optimal
2021-02-09 22:00:00,8,61,0.0,0.0,0.0,0.0948,14.994,6.0,19,19.767682936991736,,0.0,0.0,0.0,0.0,29.19469008327819,optimal
2021-02-09 22:30:00,8,61,0.0,0.0,0.0,0.2356,14.3325,6.0,19,19.688003101725926,,0.0,0.0,0.0,0.0,29.16549539319491,optimal
2021-02-09 23:00:00,8,61,0.0,0.0,0.0,0.12933333333333336,13.8915,6.0,19,19.61218871934078,,0.0,0.0,0.0,0.0,29.136329897801716,optimal
2021-02-09 23:30:00,8,61,0.0,0.0,0.0,0.11453333333333332,13.8915,6.0,19,19.534311233197528,,0.0,0.0,0.0,0.0,29.107193567903913,optimal
2021-02-10 00:00:00,8,61,2.0,0.0,5.0,0.046,14.553,6.0,-12,19.534311233197528,,7000.0,0.0,0.0,0.0,31.45308637433601,optimal
2021-02-10 00:30:00,8,61,2.0,0.0,5.0,0.046,13.0935,6.0,-12,19.620847649537463,,7000.0,0.0,0.0,0.0,33.796633287961676,optimal
2021-02-10 01:00:00,8,61,2.0,0.0,5.0,0.0516,15.6345,6.0,-12,19.70660603001395,,7000.0,0.0,0.0,0.0,36.13783665467371,optimal
2021-02-10 01:30:00,8,61,0.0,0.0,0.0,0.1636,18.102,6.0,-12,19.791721846741442,,0.0,0.0,0.0,0.0,36.10169881801904,optimal
2021-02-10 02:00:00,8,61,0.0,0.0,0.0,0.04986666666666667,17.199,6.0,-12,19.713426394207733,,0.0,0.0,0.0,0.0,36.065597119201016,optimal
2021-02-10 02:30:00,8,61,0.0,0.0,0.0,0.11173333333333332,18.2805,6.0,-12,19.63235494632553,,0.0,0.0,0.0,0.0,36.02953152208181,optimal
2021-02-10 03:00:00,8,61,0.0,0.0,0.0,0.17906666666666665,17.4615,6.0,-12,19.553082437242878,,0.0,0.0,0.0,0.0,35.99350199055973,optimal
2021-02-10 03:30:00,8,61,0.0,0.0,0.0,0.11073333333333332,18.3225,6.0,-12,19.475730442356003,,0.0,0.0,0.0,0.0,35.95750848856917,optimal
2021-02-10 04:00:00,8,61,2.0,0.0,0.0,0.13713333333333333,17.094,6.0,-12,19.396969536016627,,7000.0,0.0,0.0,0.0,35.921550980080596,optimal
2021-02-10 04:30:00,8,61,2.0,0.0,0.0,0.15266666666666664,17.094,6.0,-12,19.484444191725593,,7000.0,0.0,0.0,0.0,35.88562942910052,optimal
2021-02-10 05:00:00,8,61,2.0,0.0,1.6695760250246545,0.046,17.094,6.0,-12,19.571621730392867,,7000.0,0.0,0.0,0.0,36.64279241155812,optimal
2021-02-10 05:30:00,8,61,1.9536412797388518,0.0,0.0,0.1742,17.3565,6.0,-12,19.65549995037256,,6837.744479085982,0.0,0.0,0.0,36.606149619146564,optimal
2021-02-10 06:00:00,8,61,2.0,0.0,5.0,0.056,17.115,6.0,-12,19.73768904444465,,7000.0,0.0,0.0,0.0,38.94454346952741,optimal
2021-02-10 06:30:00,8,61,2.0,0.0,0.0,0.056,17.241,6.0,-12,19.82004041243289,,7000.0,0.0,0.0,0.0,38.90559892605788,optimal
2021-02-10 07:00:00,8,61,2.0,0.0,5.0,0.24236666666666667,17.094,6.0,-12,19.90288248811664,,7000.0,0.0,0.0,0.0,41.24169332713181,optimal
2021-02-10 07:30:00,8,61,2.0,0.0,5.0,0.12240000000000001,16.5165,6.0,-12,19.992738782577145,,7000.0,0.0,0.0,0.0,43.57545163380468,optimal
2021-02-10 08:00:00,8,61,0.0,0.0,0.0,0.09413333333333335,17.8185,6.0,-12,20.081343523700077,,0.0,0.0,0.0,0.0,43.531876182170876,optimal
2021-02-10 08:30:00,8,61,0.9828902420830053,0.0,5.0,0.056,17.094,6.0,-12,20.0,,3440.1158472905186,0.0,0.0,0.0,45.8633443059887,optimal
2021-02-10 09:00:00,8,61,1.5236244797991674,0.0,5.0,0.18653333333333333,16.8945,6.0,-12,20.0,,5332.685679297086,0.0,0.0,0.0,48.192480961682705,optimal
2021-02-10 09:30:00,8,61,0.0,0.0,0.0,1.5270666666666666,18.123,6.0,-12,20.06929843259168,,0.0,0.0,0.0,0.0,48.144288480721016,optimal
2021-02-10 10:00:00,8,61,0.0,0.0,0.0,2.708,31.647,6.0,-12,20.020748697053882,,0.0,0.0,0.0,0.0,48.096144192240295,optimal
2021-02-10 10:30:00,8,61,0.0,0.0,0.0,1.4829,34.9965,6.0,-12,20.0120242964645,,0.0,0.0,0.0,0.0,48.048048048048045,optimal
2021-02-10 11:00:00,8,61,0.0,0.0,0.0,0.4239,34.9965,6.0,-12,20.0,,0.0,0.0,0.0,0.0,48.0,optimal
2021-02-10 11:30:00,8,61,0.0,0.0,0.0,0.062200000000000005,34.9965,6.0,-12,20.01052514925515,,0.0,0.0,0.0,0.0,47.862132735790176,optimal
2021-02-10 12:00:00,8,61,0.0,0.0,0.0,1.5795333333333332,34.9965,6.0,-12,20.009073654012756,,0.0,0.0,0.0,0.0,47.72440333884457,optimal
2021-02-10 12:30:00,8,61,0.0,0.0,0.0,2.6412,34.9965,6.0,-12,20.064843627202844,,0.0,0.0,0.0,0.0,47.5868116712959,optimal
2021-02-10 13:00:00,8,61,0.0,0.0,0.0,3.0827,27.741,6.0,-12,20.139949631430177,,0.0,0.0,0.0,0.0,47.44935759541478,optimal
2021-02-10 13:30:00,8,61,0.0,0.0,0.0,0.6697333333333334,19.026,6.0,-12,20.2180958085268,,0.0,0.0,0.0,0.0,47.31204097360955,optimal
2021-02-10 14:00:00,8,61,0.0,0.0,0.0,0.2327333333333333,18.7215,6.0,-12,20.260614022025003,,0.0,0.0,0.0,0.0,47.17486166842612,optimal
2021-02-10 14:30:00,8,61,0.0,0.0,0.0,0.14153333333333334,17.4195,6.0,-12,20.288856149674665,,0.0,0.0,0.0,0.0,47.03781954254787,optimal
2021-02-10 15:00:00,8,61,0.0,0.0,0.0,0.046,16.758,6.0,-12,20.312513098317144,,0.0,0.0,0.0,0.0,46.900914458795505,optimal
2021-02-10 15:30:00,8,61,0.0,0.0,0.0,0.15646666666666667,14.217,6.0,-12,20.311266513658797,,0.0,0.0,0.0,0.0,46.76414628012689,optimal
2021-02-10 16:00:00,8,61,0.0,0.0,0.0,0.13833333333333334,13.3665,6.0,-12,20.31399518267744,,0.0,0.0,0.0,0.0,46.62751486963694,optimal
2021-02-10 16:30:00,8,61,0.0,0.0,0.0,0.2157333333333333,12.789,6.0,-12,20.28440082177393,,0.0,0.0,0.0,0.0,46.491020090557484,optimal
2021-02-10 17:00:00,8,61,0.0,0.0,0.0,0.0546,11.907,6.0,-12,20.256521440859686,,0.0,0.0,0.0,0.0,46.354661806257106,optimal
2021-02-10 17:30:00,8,61,0.0,0.0,0.0,0.23813333333333334,11.7075,6.0,-12,20.19184632259085,,0.0,0.0,0.0,0.0,46.21843988024103,optimal
2021-02-10 18:00:00,8,61,2.0,0.0,0.0,0.0978,10.8045,6.0,-12,20.132353011412732,,7000.0,0.0,0.0,0.0,46.082354176150965,optimal
2021-02-10 18:30:00,8,61,0.0,0.0,0.0,0.40686666666666665,11.508,6.0,-12,20.224764428231286,,0.0,0.0,0.0,0.0,45.94640455776499,optimal
2021-02-10 19:00:00,8,61,0.0,0.0,0.0,0.056,11.508,6.0,-12,20.156376469925593,,0.0,0.0,0.0,0.0,45.8105908889974,optimal
2021-02-10 19:30:00,8,61,1.1528291436361056,0.0,0.0,0.1232,11.508,6.0,-12,20.071799887179615,,4034.9020027263696,0.0,0.0,0.0,45.674913033898584,optimal
2021-02-10 20:00:00,8,61,0.0,0.0,0.0,0.18159999999999998,11.844,6.0,-12,20.08339198544758,,0.0,0.0,0.0,0.0,45.53937085665486,optimal
2021-02-10 20:30:00,8,61,0.0,0.0,0.0,0.056,11.508,6.0,-12,20.0,,0.0,0.0,0.0,0.0,45.40396422158839,optimal
2021-02-10 21:00:00,8,61,0.0,0.0,0.0,0.056,11.508,6.0,-12,19.913781629397782,,0.0,0.0,0.0,0.0,45.268692993156975,optimal
2021-02-10 21:30:00,8,61,0.0,0.0,0.0,0.24880000000000002,10.4475,6.0,-12,19.827714324157476,,0.0,0.0,0.0,0.0,45.133557035954,optimal
2021-02-10 22:00:00,8,61,0.0,0.0,0.0,0.056,10.8675,6.0,-12,19.74051049597659,,0.0,0.0,0.0,0.0,44.99855621470822,optimal
2021-02-10 22:30:00,8,61,0.0,0.0,0.0,0.056,10.542,6.0,-12,19.643070114691866,,0.0,0.0,0.0,0.0,44.863690394283694,optimal
2021-02-10 23:00:00,8,61,0.0,0.0,0.0,0.2113333333333333,11.025,6.0,-12,19.544993413395197,,0.0,0.0,0.0,0.0,44.728959439679585,optimal
2021-02-10 23:30:00,8,61,0.0,0.0,0.0,0.4569,11.025,6.0,-12,19.449950770112963,,0.0,0.0,0.0,0.0,44.684230480239904,optimal
2021-02-11 00:00:00,8,61,2.0,0.0,0.0,0.3705,12.306,6.0,4,19.449950770112963,,7000.0,0.0,0.0,0.0,44.63954624975966,optimal
2021-02-11 00:30:00,8,61,2.0,0.0,0.0,0.0636,10.6365,6.0,4,19.531386681397034,,1217.666666666667,0.0,5782.333333333333,0.0,44.5949067035099,optimal
2021-02-11 01:00:00,8,61,2.0,0.0,0.0,0.1404,11.2455,6.0,4,19.475289538326763,,7000.0,0.0,0.0,0.0,44.55031179680639,optimal
2021-02-11 01:30:00,8,61,2.0,0.0,0.0,0.11320000000000001,11.2455,6.0,4,19.54810047139229,,7000.0,0.0,0.0,0.0,44.505761485009586,optimal
2021-02-11 02:00:00,8,61,2.0,0.0,0.0,0.052,11.025,6.0,4,19.619965467769003,,7000.0,0.0,0.0,0.0,44.46125572352457,optimal
2021-02-11 02:30:00,8,61,2.0,0.0,0.0,0.1676,12.0855,6.0,4,19.690085666388352,,7000.0,0.0,0.0,0.0,44.41679446780105,optimal
2021-02-11 03:00:00,8,61,2.0,0.0,0.0,0.086,11.6865,6.0,4,19.76222584273559,,7000.0,0.0,0.0,0.0,44.37237767333325,optimal
2021-02-11 03:30:00,8,61,2.0,0.0,0.0,0.0588,11.2245,6.0,4,19.8317212936778,,7000.0,0.0,0.0,0.0,44.32800529565991,optimal
2021-02-11 04:00:00,8,61,2.0,0.0,0.0,0.1948,11.025,6.0,4,19.90132737658264,,7000.0,0.0,0.0,0.0,44.28367729036425,optimal
2021-02-11 04:30:00,8,61,2.0,0.0,0.0,0.05866666666666666,10.7835,6.0,4,19.974897101363705,,7000.0,0.0,0.0,0.0,44.23939361307389,optimal
2021-02-11 05:00:00,8,61,2.0,0.0,0.0,0.128,11.025,6.0,4,20.04478818235652,,7000.0,0.0,0.0,0.0,44.19515421946081,optimal
2021-02-11 05:30:00,8,61,2.0,0.0,3.498452130377829,0.1336,10.584,6.0,4,20.115993363536106,,7000.0,0.0,0.0,0.0,45.812723827170814,optimal
2021-02-11 06:00:00,8,61,2.0,0.0,0.0,0.052,11.025,6.0,4,20.188265413301274,,7000.0,0.0,0.0,0.0,45.76691110334364,optimal
2021-02-11 06:30:00,8,61,2.0,0.0,5.0,0.051333333333333335,10.4265,6.0,4,20.259352023495772,,7000.0,0.0,0.0,0.0,48.096144192240295,optimal
2021-02-11 07:00:00,8,61,2.0,0.0,0.0,0.20959999999999998,12.789,6.0,4,20.33205851662052,,7000.0,0.0,0.0,0.0,48.048048048048045,optimal
2021-02-11 07:30:00,8,61,2.0,0.0,0.0,0.06066666666666666,12.684,6.0,4,20.413881229025304,,7000.0,0.0,0.0,0.0,48.0,optimal
2021-02-11 08:00:00,8,61,0.0,0.0,0.0,0.164,16.254,6.0,4,20.48843016736976,,0.0,0.0,0.0,0.0,47.76489626892144,optimal
2021-02-11 08:30:00,8,61,0.0,0.0,0.0,0.10959999999999999,17.64,6.0,4,20.396978302984014,,0.0,0.0,0.0,0.0,47.53002764157396,optimal
2021-02-11 09:00:00,8,61,0.0,0.0,0.0,0.062,19.1625,6.0,4,20.303997746236096,,0.0,0.0,0.0,0.0,47.29539388285383,optimal
2021-02-11 09:30:00,8,61,0.0,0.0,0.0,0.21159999999999998,26.46,6.0,4,20.233543331243126,,0.0,0.0,0.0,0.0,47.060994757892416,optimal
2021-02-11 10:00:00,8,61,0.0,0.0,0.0,0.062,20.79,6.0,4,20.173797210915065,,0.0,0.0,0.0,0.0,46.826830032055966,optimal
2021-02-11 10:30:00,8,61,0.0,0.0,0.0,0.164,29.106,6.0,4,20.156868958777718,,0.0,0.0,0.0,0.0,46.592899470945355,optimal
2021-02-11 11:00:00,8,61,0.0,0.0,0.0,0.10959999999999999,19.1835,6.0,4,20.139917157511274,,0.0,0.0,0.0,0.0,46.35920284039585,optimal
2021-02-11 11:30:00,8,61,0.0,0.0,0.0,0.062,19.6665,6.0,4,20.150267607417934,,0.0,0.0,0.0,0.0,46.125739906476895,optimal
2021-02-11 12:00:00,8,61,0.0,0.0,0.0,0.062,19.404,6.0,4,20.162579176598573,,0.0,0.0,0.0,0.0,45.89251043549186,optimal
2021-02-11 12:30:00,8,61,0.0,0.0,0.0,0.1708,19.047,6.0,4,20.2018555111456,,0.0,0.0,0.0,0.0,45.659514193977806,optimal
2021-02-11 13:00:00,8,61,0.0,0.0,0.0,0.1028,18.858,6.0,4,20.246248130354147,,0.0,0.0,0.0,0.0,45.42675094870527,optimal
2021-02-11 13:30:00,8,61,0.0,0.0,0.0,0.062,19.2675,6.0,4,20.27801274111902,,0.0,0.0,0.0,0.0,45.194220466678004,optimal
2021-02-11 14:00:00,8,61,0.0,0.0,0.0,0.15719999999999998,18.963,6.0,4,20.309098591099474,,0.0,0.0,0.0,0.0,44.96192251513277,optimal
2021-02-11 14:30:00,8,61,0.0,0.0,0.0,0.1164,18.438,6.0,4,20.34557202368126,,0.0,0.0,0.0,0.0,44.729856861539076,optimal
2021-02-11 15:00:00,8,61,0.0,0.0,0.0,0.062,18.7425,6.0,4,20.379470123336088,,0.0,0.0,0.0,0.0,44.49802327359898,optimal
2021-02-11 15:30:00,8,61,2.0,0.0,0.0,0.062,15.2145,6.0,4,20.385881540821032,,7000.0,0.0,0.0,0.0,44.266421519246826,optimal
2021-02-11 16:00:00,8,61,0.0,0.0,0.0,0.1776,17.7765,6.0,4,20.552753310786134,,0.0,0.0,0.0,0.0,44.03505136664902,optimal
2021-02-11 16:30:00,8,61,0.0,0.0,0.0,0.096,16.758,6.0,4,20.520203158234484,,0.0,0.0,0.0,0.0,43.803912584203815,optimal
2021-02-11 17:00:00,8,61,1.8639370652150542,0.0,0.0,0.062,16.422,6.0,4,20.4821081717042,,6523.77972825269,0.0,0.0,0.0,43.573004940541054,optimal
2021-02-11 17:30:00,8,61,0.0,0.0,0.0,0.062,16.758,6.0,4,20.555148749614965,,0.0,0.0,0.0,0.0,43.342328204521955,optimal
2021-02-11 18:00:00,8,61,0.0,0.0,0.0,0.1232,29.358,6.0,4,20.47196854105915,,0.0,0.0,0.0,0.0,43.11188214523887,optimal
2021-02-11 18:30:00,8,61,0.0,0.0,0.0,0.44226666666666664,34.9965,6.0,4,20.374798498625193,,0.0,0.0,0.0,0.0,43.06877026309363,optimal
2021-02-11 19:00:00,8,61,0.0,0.0,0.0,1.2557,34.65,6.0,4,20.282213635447828,,0.0,0.0,0.0,0.0,43.02570149283054,optimal
2021-02-11 19:30:00,8,61,0.0,0.0,0.0,0.32723333333333327,34.9965,6.0,4,20.192744895366904,,0.0,0.0,0.0,0.0,42.98267579133771,optimal
2021-02-11 20:00:00,8,61,0.0,0.0,0.0,0.2734,34.9965,6.0,4,20.09934745869754,,0.0,0.0,0.0,0.0,42.939693115546376,optimal
2021-02-11 20:30:00,8,61,0.0,0.0,0.0,0.19876666666666667,30.4815,6.0,4,20.0,,0.0,0.0,0.0,0.0,42.89675342243083,optimal
2021-02-11 21:00:00,8,61,0.0,0.0,0.0,2.1824,21.4305,6.0,4,19.898920697472768,,0.0,0.0,0.0,0.0,42.853856669008394,optimal
2021-02-11 21:30:00,8,61,0.0,0.0,0.0,2.7965999999999998,14.3325,6.0,4,19.807222894582228,,0.0,0.0,0.0,0.0,42.81100281233939,optimal
2021-02-11 22:00:00,8,61,0.0199047619047619,0.0,0.0,0.7162999999999999,13.692,6.0,4,19.731393684823097,,0.0,0.0,69.66666666666666,0.0,42.768191809527046,optimal
2021-02-11 22:30:00,8,61,0.0,0.0,0.0,0.111,14.007,6.0,4,19.645709971226815,,0.0,0.0,0.0,0.0,42.72542361771752,optimal
2021-02-11 23:00:00,8,61,0.0,0.0,0.0,0.21159999999999998,12.873,6.0,4,19.5454770745829,,0.0,0.0,0.0,0.0,42.6826981940998,optimal
2021-02-11 23:30:00,8,61,0.0,0.0,0.0,0.060333333333333336,12.684,6.0,4,19.441226637323485,,0.0,0.0,0.0,0.0,42.6400154959057,optimal
2021-02-12 00:00:00,8,61,0.0,0.0,0.0,0.066,29.1585,6.0,12,19.441226637323485,,0.0,0.0,0.0,0.0,42.597375480409795,optimal
2021-02-12 00:30:00,8,61,0.0,0.0,0.0,0.2119333333333333,26.712,6.0,12,19.332894202908935,,0.0,0.0,0.0,0.0,42.55477810492938,optimal
2021-02-12 01:00:00,8,61,0.0,0.0,0.0,0.066,15.435,6.0,12,19.228459390272814,,0.0,0.0,0.0,0.0,42.512223326824454,optimal
2021-02-12 01:30:00,8,61,1.6132856589511448,0.0,0.0,0.15223333333333333,13.566,6.0,12,19.121014399457856,,5646.499806329007,0.0,0.0,0.0,42.46971110349763,optimal
2021-02-12 02:00:00,8,61,2.0,0.0,0.0,0.1257,12.789,6.0,12,19.14979570075179,,7000.0,0.0,0.0,0.0,42.42724139239413,optimal
2021-02-12 02:30:00,8,61,2.0,0.0,0.0,0.066,12.1275,6.0,12,19.210206336587728,,7000.0,0.0,0.0,0.0,42.384814151001734,optimal
2021-02-12 03:00:00,8,61,2.0,0.0,0.0,0.066,13.671,6.0,12,19.270206656168238,,7000.0,0.0,0.0,0.0,42.342429336850735,optimal
2021-02-12 03:30:00,8,61,2.0,0.0,0.0,0.2119333333333333,10.668,6.0,12,19.331208004728747,,7000.0,0.0,0.0,0.0,42.30008690751389,optimal
2021-02-12 04:00:00,8,61,2.0,0.0,0.0,0.27176666666666666,11.7285,6.0,12,19.398320362439783,,7000.0,0.0,0.0,0.0,42.25778682060637,optimal
2021-02-12 04:30:00,8,61,2.0,0.0,0.0,0.13233333333333333,11.025,6.0,12,19.47129550106938,,7000.0,0.0,0.0,0.0,42.215529033785764,optimal
2021-02-12 05:00:00,8,61,2.0,0.0,0.0,0.1456,10.689,6.0,12,19.541783391215876,,7000.0,0.0,0.0,0.0,42.17331350475198,optimal
2021-02-12 05:30:00,8,61,2.0,0.0,5.0,0.066,8.1585,6.0,12,19.615210202924416,,7000.0,0.0,0.0,0.0,44.506140191247226,optimal
2021-02-12 06:00:00,8,61,2.0,0.0,2.8393844986127488,0.13896666666666666,10.3635,6.0,12,19.689788010311027,,7000.0,0.0,0.0,0.0,45.81034168789703,optimal
2021-02-12 06:30:00,8,61,2.0,0.0,0.0,0.13896666666666666,10.8045,6.0,12,19.769114410166576,,7000.0,0.0,0.0,0.0,45.764531346209125,optimal
2021-02-12 07:00:00,8,61,2.0,0.0,0.0,0.066,11.025,6.0,12,19.848527038773888,,7000.0,0.0,0.0,0.0,45.71876681486292,optimal
2021-02-12 07:30:00,8,61,2.0,0.0,5.0,0.066,10.3635,6.0,12,19.92630265069278,,7000.0,0.0,0.0,0.0,48.048048048048045,optimal
2021-02-12 08:00:00,8,61,1.1054988737287983,0.0,0.0,0.21993333333333331,10.8045,6.0,12,20.0,,3869.2460580507945,0.0,0.0,0.0,48.0,optimal
2021-02-12 08:30:00,8,61,2.0,0.0,0.0,0.07566666666666667,10.059,6.0,12,20.0,,7000.0,0.0,0.0,0.0,47.38490561515163,optimal
2021-02-12 09:00:00,8,61,0.06426275118367929,0.0,0.0,0.066,10.584,6.0,12,20.067888107977684,,224.91962914287748,0.0,0.0,0.0,46.77042632468811,optimal
2021-02-12 09:30:00,8,61,2.0,0.0,0.0,0.2119333333333333,9.4185,6.0,12,20.0,,2553.5308086657574,0.0,4446.469191334243,0.0,46.15656151351505,optimal
2021-02-12 10:00:00,8,61,0.9188632947157478,0.0,0.0,0.066,10.3635,6.0,12,20.0,,3203.8240561726934,0.0,12.197475332423734,0.0,45.54331056715317,optimal
2021-02-12 10:30:00,8,61,2.0,0.0,0.0,0.07466666666666667,9.8385,6.0,12,20.057451684425715,,7000.0,0.0,0.0,0.0,44.93067287173765,optimal
2021-02-12 11:00:00,8,61,0.0,0.0,0.0,0.08723333333333333,11.067,6.0,12,20.205967266563277,,0.0,0.0,0.0,0.0,44.318647814017545,optimal
2021-02-12 11:30:00,8,61,0.0,0.0,0.0,0.19136666666666668,10.8465,6.0,12,20.221380036528217,,0.0,0.0,0.0,0.0,44.27432916620353,optimal
2021-02-12 12:00:00,8,61,0.0,0.0,0.0,0.07479999999999999,13.671,6.0,12,20.24071025913541,,0.0,0.0,0.0,0.0,44.23005483703732,optimal
2021-02-12 12:30:00,8,61,0.0,0.0,0.0,0.4477,12.348,6.0,12,20.271957701342078,,0.0,0.0,0.0,0.0,44.185824782200285,optimal
2021-02-12 13:00:00,8,61,0.0,0.0,0.0,1.0778333333333332,14.3325,6.0,12,20.31126577525019,,0.0,0.0,0.0,0.0,44.14163895741809,optimal
2021-02-12 13:30:00,8,61,0.0,0.0,0.0,3.065,15.393,6.0,12,20.350447661149218,,0.0,0.0,0.0,0.0,44.09749731846067,optimal
2021-02-12 14:00:00,8,61,0.0,0.0,0.0,2.2590333333333334,13.587,6.0,12,20.40179082399189,,0.0,0.0,0.0,0.0,44.05339982114221,optimal
2021-02-12 14:30:00,8,61,0.0,0.0,0.0,0.5474666666666667,16.1385,6.0,12,20.441421768684002,,0.0,0.0,0.0,0.0,44.00934642132106,optimal
2021-02-12 15:00:00,8,61,0.0,0.0,0.0,0.21663333333333332,14.595,6.0,12,20.478268109834456,,0.0,0.0,0.0,0.0,43.96533707489974,optimal
2021-02-12 15:30:00,8,61,0.0,0.0,0.0,0.21363333333333331,14.637,6.0,12,20.487350753087416,,0.0,0.0,0.0,0.0,43.92137173782484,optimal
2021-02-12 16:00:00,8,61,0.0,0.0,0.0,0.07263333333333334,13.9125,6.0,12,20.492810503800047,,0.0,0.0,0.0,0.0,43.87745036608702,optimal
2021-02-12 16:30:00,8,61,0.0,0.0,0.0,0.3311,13.3665,6.0,12,20.459548812945,,0.0,0.0,0.0,0.0,43.83357291572093,optimal
2021-02-12 17:00:00,8,61,0.0,0.0,0.0,1.7030333333333334,13.0095,6.0,12,20.43203037774158,,0.0,0.0,0.0,0.0,43.789739342805206,optimal
2021-02-12 17:30:00,8,61,0.0,0.0,0.0,0.28726666666666667,13.8915,6.0,12,20.386273250248767,,0.0,0.0,0.0,0.0,43.7459496034624,optimal
2021-02-12 18:00:00,8,61,0.0,0.0,0.0,0.28526666666666667,13.188,6.0,12,20.328698768315107,,0.0,0.0,0.0,0.0,43.70220365385894,optimal
2021-02-12 18:30:00,8,61,0.0,0.0,0.0,0.45953333333333335,12.5685,6.0,12,20.256588304306163,,0.0,0.0,0.0,0.0,43.65850145020508,optimal
2021-02-12 19:00:00,8,61,0.0,0.0,0.0,0.38039999999999996,12.285,6.0,12,20.188392837961324,,0.0,0.0,0.0,0.0,43.61484294875488,optimal
2021-02-12 19:30:00,8,61,0.0,0.0,0.0,0.13026666666666667,11.487,6.0,12,20.12134839527329,,0.0,0.0,0.0,0.0,43.57122810580612,optimal
2021-02-12 20:00:00,8,61,0.0,0.0,0.0,1.376766666666667,11.802,6.0,12,20.04972430014049,,0.0,0.0,0.0,0.0,43.527656877700316,optimal
2021-02-12 20:30:00,8,61,0.0,0.0,0.0,1.0920999999999998,11.2245,6.0,12,20.0,,0.0,0.0,0.0,0.0,43.484129220822616,optimal
2021-02-12 21:00:00,8,61,0.0,0.0,0.0,0.17693333333333333,11.025,6.0,12,19.94275340321716,,0.0,0.0,0.0,0.0,43.440645091601795,optimal
2021-02-12 21:30:00,8,61,0.0,0.0,0.0,0.9178,11.907,6.0,12,19.870638722607982,,0.0,0.0,0.0,0.0,43.397204446510194,optimal
2021-02-12 22:00:00,8,61,0.0,0.0,0.0,0.076,25.83,6.0,12,19.806505145022783,,0.0,0.0,0.0,0.0,43.35380724206368,optimal
2021-02-12 22:30:00,8,61,0.0,0.0,0.0,0.22193333333333332,28.035,6.0,12,19.72417748230255,,0.0,0.0,0.0,0.0,43.31045343482162,optimal
2021-02-12 23:00:00,8,61,0.0,0.0,0.0,0.076,28.119,6.0,12,19.645638976507634,,0.0,0.0,0.0,0.0,43.2671429813868,optimal
2021-02-12 23:30:00,8,61,0.0,0.0,0.0,0.076,30.156,6.0,12,19.56398228008329,,0.0,0.0,0.0,0.0,43.22387583840541,optimal
2021-02-13 00:00:00,8,61,0.552271657791136,0.0,0.0,0.059,23.8665,6.0,16,19.56398228008329,,1932.9508022689758,0.0,0.0,0.0,43.180651962567005,optimal
2021-02-13 00:30:00,8,61,0.0,0.0,0.0,0.0757,27.4575,6.0,16,19.528141637648307,,0.0,0.0,0.0,0.0,43.13747131060444,optimal
2021-02-13 01:00:00,8,61,0.0,0.0,0.0,0.16476666666666667,27.3735,6.0,16,19.44741260184498,,0.0,0.0,0.0,0.0,43.09433383929384,optimal
2021-02-13 01:30:00,8,61,0.0,0.0,0.0,0.125,30.4605,6.0,16,19.369331869861952,,0.0,0.0,0.0,0.0,43.05123950545455,optimal
2021-02-13 02:00:00,8,61,0.0,0.0,0.0,0.17033333333333334,30.0195,6.0,16,19.290846388625642,,0.0,0.0,0.0,0.0,43.008188265949094,optimal
2021-02-13 02:30:00,8,61,0.0,0.0,0.0,0.07013333333333334,26.9325,6.0,16,19.21396722385528,,0.0,0.0,0.0,0.0,42.965180077683144,optimal
2021-02-13 03:00:00,8,61,2.0,0.0,0.0,0.09240000000000001,14.595,6.0,16,19.13504280090353,,6442.666666666667,0.0,557.3333333333334,0.0,42.92221489760546,optimal
2021-02-13 03:30:00,8,61,2.0,0.0,0.0,0.14806666666666665,12.4845,6.0,16,19.209097295325154,,7000.0,0.0,0.0,0.0,42.87929268270785,optimal
2021-02-13 04:00:00,8,61,2.0,0.0,0.0,0.059,12.1275,6.0,16,19.297108492995964,,7000.0,0.0,0.0,0.0,42.83641339002514,optimal
2021-02-13 04:30:00,8,61,2.0,0.0,0.0,0.059,12.1275,6.0,16,19.38244101324326,,7000.0,0.0,0.0,0.0,42.793576976635116,optimal
2021-02-13 05:00:00,8,61,2.0,0.0,0.0,0.24746666666666667,12.789,6.0,16,19.467000519029117,,7000.0,0.0,0.0,0.0,42.75078339965848,optimal
2021-02-13 05:30:00,8,61,2.0,0.0,0.0,0.059,11.907,6.0,16,19.55524030136333,,7000.0,0.0,0.0,0.0,42.70803261625882,optimal
2021-02-13 06:00:00,8,61,2.0,0.0,0.0,0.15363333333333332,11.025,6.0,16,19.638244876365615,,7000.0,0.0,0.0,0.0,42.66532458364256,optimal
2021-02-13 06:30:00,8,61,2.0,0.0,0.0,0.13816666666666666,8.2005,6.0,16,19.72272062485369,,7000.0,0.0,0.0,0.0,42.62265925905891,optimal
2021-02-13 07:00:00,8,61,2.0,0.0,0.0,0.5894666666666667,9.5655,6.0,16,19.806270282156948,,7000.0,0.0,0.0,0.0,42.580036599799854,optimal
2021-02-13 07:30:00,8,61,2.0,0.0,5.0,0.8495666666666667,7.056,6.0,16,19.90524489833158,,7000.0,0.0,0.0,0.0,44.91245656320005,optimal
2021-02-13 08:00:00,8,61,1.5219279898891898,0.0,0.0,1.3575,9.3975,6.0,16,20.0,,5326.747964612165,0.0,0.0,0.0,44.86754410663685,optimal
2021-02-13 08:30:00,8,61,0.0,0.0,0.0,0.4026666666666667,10.059,6.0,16,20.06592404297149,,0.0,0.0,0.0,0.0,44.82267656253021,optimal
2021-02-13 09:00:00,8,61,0.28834585854712336,0.0,0.0,2.3262666666666667,9.261,6.0,16,20.0,,869.8771715815984,0.0,139.33333333333331,0.0,44.77785388596768,optimal
2021-02-13 09:30:00,8,61,1.6883968690747748,0.0,0.0,0.4489333333333333,8.1585,6.0,16,20.0,,3471.055708428378,0.0,2438.3333333333335,0.0,44.73307603208171,optimal
2021-02-13 10:00:00,8,61,0.0,0.0,0.0,0.3023333333333333,9.4815,6.0,16,20.032714524952002,,0.0,0.0,0.0,0.0,44.68834295604963,optimal
2021-02-13 10:30:00,8,61,0.0,0.0,0.0,0.2584666666666666,8.379,6.0,16,20.01759441237872,,0.0,0.0,0.0,0.0,44.64365461309358,optimal
2021-02-13 11:00:00,8,61,0.0,0.0,0.0,0.45503333333333335,9.5235,6.0,16,20.0,,0.0,0.0,0.0,0.0,44.599010958480484,optimal
2021-02-13 11:30:00,8,61,0.0995238095238095,0.0,2.446263389908208,0.3098666666666667,8.1375,6.0,16,20.022033183116726,,0.0,0.0,348.33333333333326,0.0,45.716387057728404,optimal
2021-02-13 12:00:00,8,61,0.0,0.0,0.0,0.18886666666666668,10.0905,6.0,16,20.039952539098717,,0.0,0.0,0.0,0.0,45.670670670670674,optimal
2021-02-13 12:30:00,8,61,2.0,0.0,5.0,0.31243333333333334,7.539,6.0,16,20.06951395974267,,7000.0,0.0,0.0,0.0,48.0,optimal
2021-02-13 13:00:00,8,61,2.0,0.0,0.0,0.069,7.938,6.0,16,20.266319091771795,,7000.0,0.0,0.0,0.0,47.113203815123185,optimal
2021-02-13 13:30:00,8,61,1.92533541123249,0.0,0.0,0.19146666666666667,8.274,6.0,16,20.46174203589287,,6738.673939313715,0.0,0.0,0.0,46.22729442643125,optimal
2021-02-13 14:00:00,8,61,0.0,0.0,0.0,0.069,9.261,6.0,16,20.653488232748177,,0.0,0.0,0.0,0.0,45.34227094712801,optimal
2021-02-13 14:30:00,8,61,0.0,0.0,0.0,0.069,9.9225,6.0,16,20.653967406611493,,0.0,0.0,0.0,0.0,44.45813249130406,optimal
2021-02-13 15:00:00,8,61,0.0,0.0,0.0,0.21686666666666668,9.702,6.0,16,20.654861677823693,,0.0,0.0,0.0,0.0,43.57487817393594,optimal
2021-02-13 15:30:00,8,61,0.0,0.0,0.0,0.10959999999999999,10.584,6.0,16,20.635416303912667,,0.0,0.0,0.0,0.0,42.692507110885195,optimal
2021-02-13 16:00:00,8,61,0.0,0.0,0.0,0.1358,10.143,6.0,16,20.613102164004736,,0.0,0.0,0.0,0.0,41.8110184188975,optimal
2021-02-13 16:30:00,8,61,0.0,0.0,0.0,0.16133333333333336,13.0095,6.0,16,20.563985914138158,,0.0,0.0,0.0,0.0,40.93041121560179,optimal
2021-02-13 17:00:00,8,61,0.0,0.0,0.0,0.11503333333333332,11.025,6.0,16,20.515677418131755,,0.0,0.0,0.0,0.0,40.05068461950937,optimal
2021-02-13 17:30:00,8,61,0.0,0.0,0.0,0.24230000000000002,12.789,6.0,16,20.44223274884289,,0.0,0.0,0.0,0.0,40.01063393488986,optimal
2021-02-13 18:00:00,8,61,0.0,0.0,0.0,0.15646666666666667,12.1275,6.0,16,20.375538952996965,,0.0,0.0,0.0,0.0,39.97062330095497,optimal
2021-02-13 18:30:00,8,61,0.0,0.0,0.0,0.2388,12.1695,6.0,16,20.30200923403916,,0.0,0.0,0.0,0.0,39.93065267765402,optimal
2021-02-13 19:00:00,8,61,0.0,0.0,0.0,0.1358,12.306,6.0,16,20.230466613136002,,0.0,0.0,0.0,0.0,39.89072202497636,optimal
2021-02-13 19:30:00,8,61,0.0,0.0,0.0,0.135,13.23,6.0,16,20.149451003117996,,0.0,0.0,0.0,0.0,39.850831302951384,optimal
2021-02-13 20:00:00,8,61,0.0,0.0,0.0,0.5551,13.671,6.0,16,20.068337320410176,,0.0,0.0,0.0,0.0,39.810980471648435,optimal
2021-02-13 20:30:00,8,61,0.0,0.0,0.0,1.3235,13.9335,6.0,16,20.0,,0.0,0.0,0.0,0.0,39.771169491176785,optimal
2021-02-13 21:00:00,8,61,0.0,0.0,0.0,0.29603333333333337,13.293,6.0,16,19.951649528575913,,0.0,0.0,0.0,0.0,39.73139832168561,optimal
2021-02-13 21:30:00,8,61,0.0,0.0,0.0,0.29936666666666667,12.1065,6.0,16,19.881585680815224,,0.0,0.0,0.0,0.0,39.691666923363925,optimal
2021-02-13 22:00:00,8,61,0.0,0.0,0.0,0.2184333333333333,11.571,6.0,16,19.806363664136928,,0.0,0.0,0.0,0.0,39.651975256440565,optimal
2021-02-13 22:30:00,8,61,0.0,0.0,0.0,0.3574,11.025,6.0,16,19.72735244872528,,0.0,0.0,0.0,0.0,39.612323281184125,optimal
2021-02-13 23:00:00,8,61,0.0,0.0,0.0,0.35506666666666664,10.8465,6.0,16,19.65974791761582,,0.0,0.0,0.0,0.0,39.57271095790294,optimal
2021-02-13 23:30:00,8,61,0.0,0.0,0.0,0.313,11.2455,6.0,16,19.59261816895423,,0.0,0.0,0.0,0.0,39.533138246945036,optimal
2021-02-07 00:00:00,9,61,0.0,0.0,0.0,0.055,11.907,6.0,7,21.0,,0.0,0.0,0.0,0.0,47.952,optimal
2021-02-07 00:30:00,9,61,0.0,0.0,0.0,0.1362,12.5685,6.0,7,20.926262505973757,,0.0,0.0,0.0,0.0,47.904047999999996,optimal
2021-02-07 01:00:00,9,61,0.0,0.0,0.0,0.055,13.146,6.0,7,20.854332762989912,,0.0,0.0,0.0,0.0,47.856143952,optimal
2021-02-07 01:30:00,9,61,0.0,0.0,0.0,0.055,10.584,6.0,7,20.780368649202256,,0.0,0.0,0.0,0.0,47.80828780804799,optimal
2021-02-07 02:00:00,9,61,0.0,0.0,0.0,0.1362,6.678,6.0,7,20.706504488765948,,0.0,0.0,0.0,0.0,47.76047952023995,optimal
2021-02-07 02:30:00,9,61,0.0,0.0,0.0,0.055,7.938,6.0,7,20.63465715567439,,0.0,0.0,0.0,0.0,47.712719040719705,optimal
2021-02-07 03:00:00,9,61,0.0,0.0,0.0,0.1014,5.292,6.0,7,20.560775108050684,,0.0,0.0,0.0,0.0,47.66500632167899,optimal
2021-02-07 03:30:00,9,61,0.0,0.0,0.0,0.08979999999999999,9.261,6.0,7,20.48787971829883,,0.0,0.0,0.0,0.0,47.61734131535731,optimal
2021-02-07 04:00:00,9,61,0.0,0.0,0.0,0.05573333333333333,10.3635,6.0,7,20.41480592559426,,0.0,0.0,0.0,0.0,47.56972397404195,optimal
2021-02-07 04:30:00,9,61,0.0,0.0,0.0,0.1362,8.274,6.0,7,20.342080233620614,,0.0,0.0,0.0,0.0,47.522154250067906,optimal
2021-02-07 05:00:00,9,61,0.0,0.0,0.0,0.055,7.7175,6.0,7,20.270501611496933,,0.0,0.0,0.0,0.0,47.47463209581784,optimal
2021-02-07 05:30:00,9,61,0.0,0.0,0.0,0.0608,6.615,6.0,7,20.197304250022235,,0.0,0.0,0.0,0.0,47.42715746372202,optimal
2021-02-07 06:00:00,9,61,0.0,0.0,0.0,0.13040000000000002,6.174,6.0,7,20.124549141137432,,0.0,0.0,0.0,0.0,47.379730306258296,optimal
2021-02-07 06:30:00,9,61,2.0,0.0,0.0,0.3624666666666666,3.906,6.0,7,20.05374088307073,,7000.0,0.0,0.0,0.0,47.332350575952034,optimal
2021-02-07 07:00:00,9,61,2.0,0.0,0.0,0.19693333333333332,2.3415,6.0,7,20.160250763392355,,7000.0,0.0,0.0,0.0,47.285018225376085,optimal
2021-02-07 07:30:00,9,61,2.0,0.0,0.0,0.18780000000000002,2.205,6.0,7,20.259693265714187,,7000.0,0.0,0.0,0.0,47.23773320715071,optimal
2021-02-07 08:00:00,9,61,2.0,0.0,1.7042200548556552,0.45666666666666667,0.882,6.0,7,20.361658397713008,,7000.0,0.0,0.0,0.0,48.0,optimal
2021-02-07 08:30:00,9,61,2.0,0.0,0.0,0.065,1.5435,6.0,7,20.473269596826544,,7000.0,0.0,0.0,0.0,47.88565682612202,optimal
2021-02-07 09:00:00,9,61,2.0,0.0,0.0,0.1462,1.5435,6.0,7,20.560649859885206,,7000.0,0.0,0.0,0.0,47.77142799541792,optimal
2021-02-07 09:30:00,9,61,2.0,0.0,0.0,0.065,5.0715,6.0,7,20.660427015225757,,7000.0,0.0,0.0,0.0,47.65731339354453,optimal
2021-02-07 10:00:00,9,61,0.5802727658726758,0.0,0.0,0.065,5.376,6.0,7,20.758079261165737,,2030.9546805543653,0.0,0.0,0.0,47.54331290627301,optimal
2021-02-07 10:30:00,9,61,2.0,0.0,0.0,0.0882,5.0715,6.0,7,20.751752227250822,,7000.0,0.0,0.0,0.0,47.42942641948876,optimal
2021-02-07 11:00:00,9,61,0.0,0.0,0.0,0.123,5.5125,6.0,7,20.862911168154636,,0.0,0.0,0.0,0.0,47.3156538191913,optimal
2021-02-07 11:30:00,9,61,0.0,0.0,0.0,0.10733333333333331,9.261,6.0,7,20.826910696261102,,0.0,0.0,0.0,0.0,47.20199499149413,optimal
2021-02-07 12:00:00,9,61,0.0,0.0,0.0,0.154,11.7075,6.0,7,20.791856890893236,,0.0,0.0,0.0,0.0,47.08844982262466,optimal
2021-02-07 12:30:00,9,61,0.0,0.0,0.0,0.1462,12.348,6.0,7,20.772338612750545,,0.0,0.0,0.0,0.0,46.97501819892406,optimal
2021-02-07 13:00:00,9,61,0.0,0.0,0.0,0.065,12.348,6.0,7,20.75172586910793,,0.0,0.0,0.0,0.0,46.861700006847165,optimal
2021-02-07 13:30:00,9,61,0.0,0.0,0.0,0.065,12.1275,6.0,7,20.717872664801394,,0.0,0.0,0.0,0.0,46.74849513296234,optimal
2021-02-07 14:00:00,9,61,0.0,0.0,0.0,0.1462,12.5265,6.0,7,20.68436920882548,,0.0,0.0,0.0,0.0,46.635403463951405,optimal
2021-02-07 14:30:00,9,61,0.0,0.0,0.0,0.065,11.7495,6.0,7,20.65578289394556,,0.0,0.0,0.0,0.0,46.52242488660948,optimal
2021-02-07 15:00:00,9,61,0.0,0.0,0.0,0.065,13.23,6.0,7,20.625607068518256,,0.0,0.0,0.0,0.0,46.40955928784489,optimal
2021-02-07 15:30:00,9,61,0.0,0.0,0.0,0.1462,14.3325,6.0,7,20.60681826214199,,0.0,0.0,0.0,0.0,46.29680655467907,optimal
2021-02-07 16:00:00,9,61,0.0,0.0,0.0,0.065,14.994,6.0,7,20.58939947006794,,0.0,0.0,0.0,0.0,46.18416657424642,optimal
2021-02-07 16:30:00,9,61,0.0,0.0,0.0,0.065,14.8155,6.0,7,20.544196356449294,,0.0,0.0,0.0,0.0,46.071639233794194,optimal
2021-02-07 17:00:00,9,61,0.0,0.0,0.0,0.065,14.112,6.0,7,20.4993903311749,,0.0,0.0,0.0,0.0,45.959224420682425,optimal
2021-02-07 17:30:00,9,61,0.0,0.0,0.0,0.065,14.007,6.0,7,20.426813412049704,,0.0,0.0,0.0,0.0,45.846922022383765,optimal
2021-02-07 18:00:00,9,61,0.0,0.0,0.0,0.065,13.23,6.0,7,20.35495630428851,,0.0,0.0,0.0,0.0,45.734731926483406,optimal
2021-02-07 18:30:00,9,61,0.0,0.0,0.0,0.1928666666666667,11.382,6.0,7,20.277754897470153,,0.0,0.0,0.0,0.0,45.622654020678944,optimal
2021-02-07 19:00:00,9,61,0.0,0.0,0.0,0.21080000000000002,11.7495,6.0,7,20.206015793302498,,0.0,0.0,0.0,0.0,45.51068819278029,optimal
2021-02-07 19:30:00,9,61,0.0,0.0,0.0,0.1346,24.3285,6.0,7,20.142140369643126,,0.0,0.0,0.0,0.0,45.39883433070954,optimal
2021-02-07 20:00:00,9,61,0.0,0.0,0.0,0.18926666666666667,28.917,6.0,7,20.067887097657618,,0.0,0.0,0.0,0.0,45.35343549637883,optimal
2021-02-07 20:30:00,9,61,0.0,0.0,0.0,0.2052333333333333,31.3635,6.0,7,20.0,,0.0,0.0,0.0,0.0,45.30808206088245,optimal
2021-02-07 21:00:00,9,61,0.0,0.0,0.0,0.11456666666666666,33.306,6.0,7,19.934697484019512,,0.0,0.0,0.0,0.0,45.26277397882156,optimal
2021-02-07 21:30:00,9,61,0.0,0.0,0.0,0.1033,31.3425,6.0,7,19.869439141888318,,0.0,0.0,0.0,0.0,45.217511204842744,optimal
2021-02-07 22:00:00,9,61,0.0,0.0,0.0,0.2459333333333333,28.2555,6.0,7,19.805229823047938,,0.0,0.0,0.0,0.0,45.172293693637904,optimal
2021-02-07 22:30:00,9,61,0.0,0.0,0.0,0.065,15.6975,6.0,7,19.74454991698856,,0.0,0.0,0.0,0.0,45.127121399944265,optimal
2021-02-07 23:00:00,9,61,0.0,0.0,0.0,0.1404,12.5475,6.0,7,19.671460798984178,,0.0,0.0,0.0,0.0,45.08199427854432,optimal
2021-02-07 23:30:00,9,61,0.0,0.0,0.0,0.0708,12.0855,6.0,7,19.600456874286078,,0.0,0.0,0.0,0.0,45.036912284265775,optimal
2021-02-08 00:00:00,9,61,0.0,0.0,0.0,0.061,11.2665,6.0,4,19.600456874286078,,0.0,0.0,0.0,0.0,44.99187537198151,optimal
2021-02-08 00:30:00,9,61,2.0,0.0,0.0,0.15059999999999998,10.143,6.0,4,19.52639718771491,,4004.3333333333335,0.0,2995.6666666666665,0.0,44.94688349660952,optimal
2021-02-08 01:00:00,9,61,0.0,0.0,0.0,0.061,11.2455,6.0,4,19.54931217824847,,0.0,0.0,0.0,0.0,44.901936613112916,optimal
2021-02-08 01:30:00,9,61,0.0,0.0,0.0,0.2546,11.025,6.0,4,19.47546581414014,,0.0,0.0,0.0,0.0,44.8570346764998,optimal
2021-02-08 02:00:00,9,61,2.0,0.0,0.0,0.15746666666666667,5.9745,6.0,4,19.406290187096747,,7000.0,0.0,0.0,0.0,44.812177641823304,optimal
2021-02-08 02:30:00,9,61,2.0,0.0,0.0,0.14183333333333334,7.938,6.0,4,19.500184730572748,,7000.0,0.0,0.0,0.0,44.76736546418148,optimal
2021-02-08 03:00:00,9,61,2.0,0.0,0.0,0.27023333333333327,8.6835,6.0,4,19.593527058087798,,7000.0,0.0,0.0,0.0,44.7225980987173,optimal
2021-02-08 03:30:00,9,61,2.0,0.0,0.0,0.061,7.665,6.0,4,19.68972038176147,,7000.0,0.0,0.0,0.0,44.67787550061858,optimal
2021-02-08 04:00:00,9,61,2.0,0.0,0.0,0.30626666666666663,6.7725,6.0,4,19.780363530548296,,7000.0,0.0,0.0,0.0,44.633197625117965,optimal
2021-02-08 04:30:00,9,61,2.0,0.0,0.0,0.10579999999999999,5.5755,6.0,4,19.87621128838402,,7000.0,0.0,0.0,0.0,44.58856442749285,optimal
2021-02-08 05:00:00,9,61,2.0,0.0,5.0,0.1612333333333333,5.0925,6.0,4,19.966508762847088,,7000.0,0.0,0.0,0.0,46.918975863065356,optimal
2021-02-08 05:30:00,9,61,2.0,0.0,5.0,0.1612333333333333,4.1895,6.0,4,20.057321403698825,,7000.0,0.0,0.0,0.0,49.24705688720229,optimal
2021-02-08 06:00:00,9,61,2.0,0.0,0.0,0.1829333333333333,7.056,6.0,4,20.147546720709148,,7000.0,0.0,0.0,0.0,49.19780983031509,optimal
2021-02-08 06:30:00,9,61,2.0,0.0,0.3488604108521767,0.22713333333333333,5.271,6.0,4,20.237699543045352,,7000.0,0.0,0.0,0.0,49.314320715639546,optimal
2021-02-08 07:00:00,9,61,2.0,0.0,0.0,0.061,7.938,6.0,4,20.33213657911537,,7000.0,0.0,0.0,0.0,49.26500639492391,optimal
2021-02-08 07:30:00,9,61,2.0,0.0,0.0,0.16353333333333334,7.938,6.0,4,20.418223304035877,,7000.0,0.0,0.0,0.0,49.215741388528976,optimal
2021-02-08 08:00:00,9,61,0.0,0.0,0.0,0.26626666666666665,11.907,6.0,4,20.50678907330571,,0.0,0.0,0.0,0.0,49.16652564714044,optimal
2021-02-08 08:30:00,9,61,1.620269410044177,0.0,0.0,0.10406666666666667,11.025,6.0,4,20.43563222360756,,5670.94293515462,0.0,0.0,0.0,49.1173591214933,optimal
2021-02-08 09:00:00,9,61,0.0,0.0,0.0,0.1617333333333333,11.2875,6.0,4,20.494568942420205,,0.0,0.0,0.0,0.0,49.0682417623718,optimal
2021-02-08 09:30:00,9,61,0.0,0.0,0.0,0.2624666666666666,12.936,6.0,4,20.439970826866475,,0.0,0.0,0.0,0.0,49.01917352060943,optimal
2021-02-08 10:00:00,9,61,0.0,0.0,0.0,0.246,13.0095,6.0,4,20.388840712481162,,0.0,0.0,0.0,0.0,48.97015434708881,optimal
2021-02-08 10:30:00,9,61,0.0,0.0,0.0,0.411,13.671,6.0,4,20.365461247667373,,0.0,0.0,0.0,0.0,48.92118419274172,optimal
2021-02-08 11:00:00,9,61,0.0,0.0,0.0,0.2668666666666667,13.188,6.0,4,20.34308843090617,,0.0,0.0,0.0,0.0,48.87226300854897,optimal
2021-02-08 11:30:00,9,61,0.0,0.0,0.0,0.2798,13.8495,6.0,4,20.350378599555672,,0.0,0.0,0.0,0.0,48.823390745540415,optimal
2021-02-08 12:00:00,9,61,0.0,0.0,0.0,0.7090666666666667,13.23,6.0,4,20.3614618754754,,0.0,0.0,0.0,0.0,48.774567354794875,optimal
2021-02-08 12:30:00,9,61,0.0,0.0,0.0,0.48233333333333334,13.3665,6.0,4,20.391011612418755,,0.0,0.0,0.0,0.0,48.72579278744007,optimal
2021-02-08 13:00:00,9,61,0.0,0.0,0.0,0.28706666666666664,13.0515,6.0,4,20.414898321489115,,0.0,0.0,0.0,0.0,48.67706699465263,optimal
2021-02-08 13:30:00,9,61,0.0,0.0,0.0,0.4859333333333333,13.5345,6.0,4,20.431003593989118,,0.0,0.0,0.0,0.0,48.62838992765797,optimal
2021-02-08 14:00:00,9,61,0.0,0.0,0.0,0.4041,14.154,6.0,4,20.45290370525685,,0.0,0.0,0.0,0.0,48.579761537730306,optimal
2021-02-08 14:30:00,9,61,0.0,0.0,0.0,0.5070666666666667,14.112,6.0,4,20.474442765337276,,0.0,0.0,0.0,0.0,48.53118177619257,optimal
2021-02-08 15:00:00,9,61,0.0,0.0,0.0,0.9993666666666667,14.2485,6.0,4,20.497709865627943,,0.0,0.0,0.0,0.0,48.48265059441637,optimal
2021-02-08 15:30:00,9,61,0.0,0.0,0.0,0.8341333333333333,12.789,6.0,4,20.51110730468444,,0.0,0.0,0.0,0.0,48.434167943821954,optimal
2021-02-08 16:00:00,9,61,0.0,0.0,0.0,0.23376666666666668,13.0095,6.0,4,20.51892206723067,,0.0,0.0,0.0,0.0,48.38573377587813,optimal
2021-02-08 16:30:00,9,61,0.0,0.0,0.0,0.21180000000000002,12.1275,6.0,4,20.48575277779284,,0.0,0.0,0.0,0.0,48.33734804210225,optimal
2021-02-08 17:00:00,9,61,0.0,0.0,0.0,0.28853333333333336,12.348,6.0,4,20.451535329495567,,0.0,0.0,0.0,0.0,48.289010694060146,optimal
2021-02-08 17:30:00,9,61,0.0,0.0,0.0,0.49560000000000004,12.348,6.0,4,20.389253110307543,,0.0,0.0,0.0,0.0,48.240721683366075,optimal
2021-02-08 18:00:00,9,61,0.0,0.0,0.0,0.2786,25.389,6.0,4,20.332387616328017,,0.0,0.0,0.0,0.0,48.192480961682705,optimal
2021-02-08 18:30:00,9,61,0.0,0.0,0.0,0.32493333333333335,29.1375,6.0,4,20.257320163278003,,0.0,0.0,0.0,0.0,48.144288480721016,optimal
2021-02-08 19:00:00,9,61,0.0,0.0,0.0,0.4267666666666666,30.597,6.0,4,20.187040255060985,,0.0,0.0,0.0,0.0,48.096144192240295,optimal
2021-02-08 19:30:00,9,61,0.0,0.0,0.0,0.32413333333333333,33.684,6.0,4,20.122934408582687,,0.0,0.0,0.0,0.0,48.048048048048045,optimal
2021-02-08 20:00:00,9,61,0.0,0.0,0.0,0.7278333333333333,32.445,6.0,4,20.05777689659132,,0.0,0.0,0.0,0.0,48.0,optimal
2021-02-08 20:30:00,9,61,0.0,0.0,0.0,0.15830000000000002,28.917,6.0,4,20.0,,0.0,0.0,0.0,0.0,45.96558568584227,optimal
2021-02-08 21:00:00,9,61,0.0,0.0,0.0,0.2449333333333333,15.876,6.0,4,19.92059789096207,,0.0,0.0,0.0,0.0,43.93320578599871,optimal
2021-02-08 21:30:00,9,61,0.0,0.0,0.0,0.45766666666666667,12.348,6.0,4,19.843155451479234,,0.0,0.0,0.0,0.0,43.88927258021271,optimal
2021-02-08 22:00:00,9,61,0.0,0.0,0.0,0.7100666666666667,12.1275,6.0,4,19.774541762291488,,0.0,0.0,0.0,0.0,43.845383307632495,optimal
2021-02-08 22:30:00,9,61,0.0,0.0,0.0,0.5394666666666666,12.348,6.0,4,19.714531103383038,,0.0,0.0,0.0,0.0,43.80153792432486,optimal
2021-02-08 23:00:00,9,61,0.0,0.0,0.0,0.12919999999999998,12.1275,6.0,4,19.651195133484542,,0.0,0.0,0.0,0.0,43.75773638640054,optimal
2021-02-08 23:30:00,9,61,0.0,0.0,0.0,0.071,12.1275,6.0,4,19.574961267859976,,0.0,0.0,0.0,0.0,43.713978650014134,optimal
2021-02-09 00:00:00,9,61,2.0,0.0,5.0,0.09673333333333332,10.584,6.0,0,19.574961267859976,,7000.0,0.0,0.0,0.0,46.04526467136412,optimal
2021-02-09 00:30:00,9,61,2.0,0.0,0.0,0.15406666666666666,11.2455,6.0,0,19.664141795521324,,5815.666666666667,0.0,1184.3333333333333,0.0,45.99921940669276,optimal
2021-02-09 01:00:00,9,61,2.0,0.0,0.0,0.0658,12.1275,6.0,0,19.725769032857674,,7000.0,0.0,0.0,0.0,45.953220187286064,optimal
2021-02-09 01:30:00,9,61,2.0,0.0,0.0,0.2608666666666667,11.823,6.0,0,19.813228052275136,,7000.0,0.0,0.0,0.0,45.90726696709878,optimal
2021-02-09 02:00:00,9,61,2.0,0.0,0.0,0.057,11.7705,6.0,0,19.904511093401727,,7000.0,0.0,0.0,0.0,45.86135970013168,optimal
2021-02-09 02:30:00,9,61,2.0,0.0,0.0,0.1362,11.13,6.0,0,19.99018260975158,,7000.0,0.0,0.0,0.0,45.815498340431546,optimal
2021-02-09 03:00:00,9,61,2.0,0.0,0.0,0.13586666666666666,11.6865,6.0,0,20.077575408627663,,7000.0,0.0,0.0,0.0,45.769682842091115,optimal
2021-02-09 03:30:00,9,61,2.0,0.0,0.9000241735403405,0.17006666666666667,10.7205,6.0,0,20.164804372996628,,7000.0,0.0,0.0,0.0,46.15142464168068,optimal
2021-02-09 04:00:00,9,61,2.0,0.0,0.0,0.09340000000000001,11.424,6.0,0,20.252760332674686,,7000.0,0.0,0.0,0.0,46.10527321703899,optimal
2021-02-09 04:30:00,9,61,2.0,0.0,5.0,0.14993333333333334,10.689,6.0,0,20.338853959055374,,7000.0,0.0,0.0,0.0,48.434167943821954,optimal
2021-02-09 05:00:00,9,61,2.0,0.0,0.0,0.16713333333333333,11.361,6.0,0,20.425553482971587,,7000.0,0.0,0.0,0.0,48.38573377587813,optimal
2021-02-09 05:30:00,9,61,2.0,0.0,0.0,0.111,11.571,6.0,0,20.512069312021413,,7000.0,0.0,0.0,0.0,48.33734804210225,optimal
2021-02-09 06:00:00,9,61,0.0,0.0,0.0,0.16406666666666667,14.3745,6.0,0,20.596898869196764,,0.0,0.0,0.0,0.0,48.289010694060146,optimal
2021-02-09 06:30:00,9,61,0.6069215581146997,0.0,0.0,0.14586666666666667,13.23,6.0,0,20.517107796160705,,2124.2254534014487,0.0,0.0,0.0,48.240721683366075,optimal
2021-02-09 07:00:00,9,61,0.0,0.0,0.0,0.17833333333333334,13.9755,6.0,0,20.487176233233704,,0.0,0.0,0.0,0.0,48.192480961682705,optimal
2021-02-09 07:30:00,9,61,0.0,0.0,0.0,0.14833333333333334,14.994,6.0,0,20.40799869640562,,0.0,0.0,0.0,0.0,48.144288480721016,optimal
2021-02-09 08:00:00,9,61,0.0,0.0,0.0,0.06533333333333333,13.671,6.0,0,20.328025951219125,,0.0,0.0,0.0,0.0,48.096144192240295,optimal
2021-02-09 08:30:00,9,61,0.0,0.0,0.0,0.2174,15.981,6.0,0,20.246169650208717,,0.0,0.0,0.0,0.0,48.048048048048045,optimal
2021-02-09 09:00:00,9,61,0.0,0.0,0.0,0.14626666666666668,15.6345,6.0,0,20.171082657330427,,0.0,0.0,0.0,0.0,48.0,optimal
2021-02-09 09:30:00,9,61,0.0,0.0,0.0,0.1362,16.5375,6.0,0,20.11221275503321,,0.0,0.0,0.0,0.0,47.634799950460696,optimal
2021-02-09 10:00:00,9,61,0.0,0.0,0.0,0.08733333333333333,14.7735,6.0,0,20.05218570066556,,0.0,0.0,0.0,0.0,47.269965100970936,optimal
2021-02-09 10:30:00,9,61,0.0,0.0,0.0,0.19533333333333328,15.2145,6.0,0,20.02423815065765,,0.0,0.0,0.0,0.0,46.90549508633066,optimal
2021-02-09 11:00:00,9,61,0.0,0.0,0.0,0.10666666666666669,14.553,6.0,0,20.0,,0.0,0.0,0.0,0.0,46.54138954170503,optimal
2021-02-09 11:30:00,9,61,0.0,0.0,0.0,0.2256,14.3325,6.0,0,20.004270760047195,,0.0,0.0,0.0,0.0,46.17764810262402,optimal
2021-02-09 12:00:00,9,61,0.0,0.0,0.0,0.10540000000000001,14.595,6.0,0,20.011571986250182,,0.0,0.0,0.0,0.0,45.814270404982096,optimal
2021-02-09 12:30:00,9,61,0.0,0.0,0.0,0.1418,14.994,6.0,0,20.036994543335805,,0.0,0.0,0.0,0.0,45.45125608503781,optimal
2021-02-09 13:00:00,9,61,0.0,0.0,0.0,0.18486666666666668,14.3325,6.0,0,20.06296199120878,,0.0,0.0,0.0,0.0,45.08860477941347,optimal
2021-02-09 13:30:00,9,61,0.0,0.0,0.0,0.057,13.8915,6.0,0,20.094620970999433,,0.0,0.0,0.0,0.0,44.726316125094755,optimal
2021-02-09 14:00:00,9,61,0.0,0.0,0.0,0.16393333333333335,13.8915,6.0,0,20.122920172267722,,0.0,0.0,0.0,0.0,44.36438975943036,optimal
2021-02-09 14:30:00,9,61,2.0,0.0,0.0,0.1627333333333333,13.4715,6.0,0,20.14735658786147,,7000.0,0.0,0.0,0.0,44.00282532013163,optimal
2021-02-09 15:00:00,9,61,2.0,0.0,0.0,0.12586666666666665,13.23,6.0,0,20.336737895648653,,7000.0,0.0,0.0,0.0,43.64162244527219,optimal
2021-02-09 15:30:00,9,61,0.5300799631105998,0.0,0.0,0.2008,13.8915,6.0,0,20.500362362824724,,1855.2798708870994,0.0,0.0,0.0,43.28078077328762,optimal
2021-02-09 16:00:00,9,61,0.0,0.0,0.0,0.057,26.9325,6.0,0,20.543596771981232,,0.0,0.0,0.0,0.0,42.92029994297503,optimal
2021-02-09 16:30:00,9,61,0.0,0.0,0.0,0.26966666666666667,30.303,6.0,0,20.50664737356008,,0.0,0.0,0.0,0.0,42.56017959349275,optimal
2021-02-09 17:00:00,9,61,0.0,0.0,0.0,0.06266666666666666,32.886,6.0,0,20.47445646977766,,0.0,0.0,0.0,0.0,42.20041936435995,optimal
2021-02-09 17:30:00,9,61,0.0,0.0,0.0,0.1462,34.9965,6.0,0,20.403803434081002,,0.0,0.0,0.0,0.0,41.84101889545629,optimal
2021-02-09 18:00:00,9,61,0.0,0.0,0.0,0.137,33.327,6.0,0,20.334898060361876,,0.0,0.0,0.0,0.0,41.79917787656083,optimal
2021-02-09 18:30:00,9,61,0.0,0.0,0.0,0.4586,31.122,6.0,0,20.256911046055432,,0.0,0.0,0.0,0.0,41.75737869868427,optimal
2021-02-09 19:00:00,9,61,0.0,0.0,0.0,0.17653333333333332,17.9025,6.0,0,20.19103165459376,,0.0,0.0,0.0,0.0,41.71562131998559,optimal
2021-02-09 19:30:00,9,61,0.0,0.0,0.0,0.3121333333333333,15.6555,6.0,0,20.12010724523699,,0.0,0.0,0.0,0.0,41.6739056986656,optimal
2021-02-09 20:00:00,9,61,0.0,0.0,0.0,0.5701333333333334,14.553,6.0,0,20.056536272626143,,0.0,0.0,0.0,0.0,41.632231792966934,optimal
2021-02-09 20:30:00,9,61,0.0,0.0,0.0,0.23646666666666666,14.3325,6.0,0,20.0,,0.0,0.0,0.0,0.0,41.59059956117397,optimal
2021-02-09 21:00:00,9,61,0.0,0.0,0.0,0.3698333333333333,13.335,6.0,0,19.934790008113918,,0.0,0.0,0.0,0.0,41.54900896161279,optimal
2021-02-09 21:30:00,9,61,0.0,0.0,0.0,0.067,12.1275,6.0,0,19.871589893101778,,0.0,0.0,0.0,0.0,41.50745995265118,optimal
2021-02-09 22:00:00,9,61,0.0,0.0,0.0,0.067,12.2955,6.0,0,19.793366312513864,,0.0,0.0,0.0,0.0,41.465952492698534,optimal
2021-02-09 22:30:00,9,61,0.0,0.0,0.0,0.27526666666666666,11.6865,6.0,0,19.714634807395807,,0.0,0.0,0.0,0.0,41.424486540205834,optimal
2021-02-09 23:00:00,9,61,0.0,0.0,0.0,0.0714,11.466,6.0,0,19.641357819732605,,0.0,0.0,0.0,0.0,41.383062053665626,optimal
2021-02-09 23:30:00,9,61,0.0,0.0,0.0,0.16406666666666667,10.8045,6.0,0,19.56378132447626,,0.0,0.0,0.0,0.0,41.34167899161196,optimal
2021-02-10 00:00:00,9,61,2.0,0.0,5.0,0.058,10.4475,6.0,-7,19.56378132447626,,7000.0,0.0,0.0,0.0,43.67533731262034,optimal
2021-02-10 00:30:00,9,61,2.0,0.0,5.0,0.058,10.8675,6.0,-7,19.650515944867884,,1148.0,0.0,5852.0,0.0,46.00666197530772,optimal
2021-02-10 01:00:00,9,61,2.0,0.0,5.0,0.058,10.542,6.0,-7,19.598294531311907,,7000.0,0.0,0.0,0.0,48.33565531333242,optimal
2021-02-10 01:30:00,9,61,2.0,0.0,0.0,0.058,11.025,6.0,-7,19.684051006583402,,7000.0,0.0,0.0,0.0,48.287319658019086,optimal
2021-02-10 02:00:00,9,61,2.0,0.0,1.3331172003955922,0.058,11.025,6.0,-7,19.76903269909417,,7000.0,0.0,0.0,0.0,48.87226300854897,optimal
2021-02-10 02:30:00,9,61,2.0,0.0,0.0,0.058,14.553,6.0,-7,19.85324284043183,,7000.0,0.0,0.0,0.0,48.823390745540415,optimal
2021-02-10 03:00:00,9,61,2.0,0.0,0.0,0.058,13.0935,6.0,-7,19.93710174466892,,7000.0,0.0,0.0,0.0,48.774567354794875,optimal
2021-02-10 03:30:00,9,61,2.0,0.0,0.0,0.058,15.6345,6.0,-7,20.020610876801204,,7000.0,0.0,0.0,0.0,48.72579278744007,optimal
2021-02-10 04:00:00,9,61,0.0,0.0,0.0,0.058,18.102,6.0,-7,20.10377169571402,,0.0,0.0,0.0,0.0,48.67706699465263,optimal
2021-02-10 04:30:00,9,61,0.7169988268170359,0.0,0.0,0.058,17.199,6.0,-7,20.021301956381116,,2509.4958938596255,0.0,0.0,0.0,48.62838992765797,optimal
2021-02-10 05:00:00,9,61,0.0,0.0,0.0,0.058,18.2805,6.0,-7,19.998013207755378,,0.0,0.0,0.0,0.0,48.579761537730306,optimal
2021-02-10 05:30:00,9,61,0.0,0.0,0.0,0.058,17.4615,6.0,-7,19.91515039087959,,0.0,0.0,0.0,0.0,48.53118177619257,optimal
2021-02-10 06:00:00,9,61,0.0,0.0,0.0,0.058,18.3225,6.0,-7,19.832216095504695,,0.0,0.0,0.0,0.0,48.48265059441637,optimal
2021-02-10 06:30:00,9,61,2.0,0.0,0.0,0.058,17.094,6.0,-7,19.749210619764625,,7000.0,0.0,0.0,0.0,48.434167943821954,optimal
2021-02-10 07:00:00,9,61,2.0,0.0,0.0,0.065,17.094,6.0,-7,19.83266924626763,,7000.0,0.0,0.0,0.0,48.38573377587813,optimal
2021-02-10 07:30:00,9,61,2.0,0.0,0.0,0.068,17.094,6.0,-7,19.916613962135575,,7000.0,0.0,0.0,0.0,48.33734804210225,optimal
2021-02-10 08:00:00,9,61,0.9445233514689495,0.0,0.0,0.7894666666666666,17.3565,6.0,-7,20.0,,3305.831730141323,0.0,0.0,0.0,48.289010694060146,optimal
2021-02-10 08:30:00,9,61,1.4968273752161454,0.0,0.0,1.1541333333333335,17.115,6.0,-7,20.0,,5238.8958132565085,0.0,0.0,0.0,48.240721683366075,optimal
2021-02-10 09:00:00,9,61,0.0,0.0,0.0,1.0690333333333333,17.241,6.0,-7,20.049297829736254,,0.0,0.0,0.0,0.0,48.192480961682705,optimal
2021-02-10 09:30:00,9,61,0.5274673756269633,0.0,0.0,2.3724000000000003,17.094,6.0,-7,20.0,,1846.1358146943717,0.0,0.0,0.0,48.144288480721016,optimal
2021-02-10 10:00:00,9,61,0.44773332845871583,0.0,0.0,0.15230000000000002,16.5165,6.0,-7,20.0,,1427.7333162721723,0.0,139.33333333333331,0.0,48.096144192240295,optimal
2021-02-10 10:30:00,9,61,0.0,0.0,0.0,2.0164666666666666,17.8185,6.0,-7,20.014184671394656,,0.0,0.0,0.0,0.0,48.048048048048045,optimal
2021-02-10 11:00:00,9,61,0.0,0.0,0.0,0.3957,17.094,6.0,-7,20.0,,0.0,0.0,0.0,0.0,48.0,optimal
2021-02-10 11:30:00,9,61,0.0,0.0,0.0,0.1839,16.8945,6.0,-7,20.00588744610718,,0.0,0.0,0.0,0.0,47.515367795042486,optimal
2021-02-10 12:00:00,9,61,0.0,0.0,0.0,0.068,18.123,6.0,-7,20.005059288393195,,0.0,0.0,0.0,0.0,47.03122022228993,optimal
2021-02-10 12:30:00,9,61,0.0,0.0,0.0,0.068,31.647,6.0,-7,20.03405336050951,,0.0,0.0,0.0,0.0,46.54755679711013,optimal
2021-02-10 13:00:00,9,61,0.0,0.0,0.0,0.068,34.9965,6.0,-7,20.062926499521307,,0.0,0.0,0.0,0.0,46.06437703535551,optimal
2021-02-10 13:30:00,9,61,0.0,0.0,0.0,0.068,34.9965,6.0,-7,20.086687709033423,,0.0,0.0,0.0,0.0,45.581680453362644,optimal
2021-02-10 14:00:00,9,61,0.0,0.0,0.0,0.068,34.9965,6.0,-7,20.111184003427194,,0.0,0.0,0.0,0.0,45.09946656795177,optimal
2021-02-10 14:30:00,9,61,0.0,0.0,0.0,0.068,34.9965,6.0,-7,20.132490423205763,,0.0,0.0,0.0,0.0,44.617734896426306,optimal
2021-02-10 15:00:00,9,61,0.0,0.0,0.0,0.068,34.9965,6.0,-7,20.153707974767418,,0.0,0.0,0.0,0.0,44.13648495657237,optimal
2021-02-10 15:30:00,9,61,0.0,0.0,0.0,0.068,27.741,6.0,-7,20.153444882482518,,0.0,0.0,0.0,0.0,43.65571626665828,optimal
2021-02-10 16:00:00,9,61,0.0,0.0,0.0,0.068,19.026,6.0,-7,20.152348695617455,,0.0,0.0,0.0,0.0,43.17542834543411,optimal
2021-02-10 16:30:00,9,61,0.0,0.0,0.0,0.068,18.7215,6.0,-7,20.118334669533017,,0.0,0.0,0.0,0.0,42.695620712131166,optimal
2021-02-10 17:00:00,9,61,0.0,0.0,0.0,0.068,17.4195,6.0,-7,20.083628322651013,,0.0,0.0,0.0,0.0,42.216292886461524,optimal
2021-02-10 17:30:00,9,61,0.6583538272676471,0.0,0.0,0.068,16.758,6.0,-7,20.014361644312515,,2304.238395436765,0.0,0.0,0.0,41.73744438861755,optimal
2021-02-10 18:00:00,9,61,0.9399710222753394,0.0,0.0,0.12,14.217,6.0,-7,20.0,,3289.898577963688,0.0,0.0,0.0,41.69570694422893,optimal
2021-02-10 18:30:00,9,61,0.9450543839044259,0.0,0.0,0.3671666666666667,13.3665,6.0,-7,20.0,,3029.023676998824,0.0,278.66666666666663,0.0,41.6540112372847,optimal
2021-02-10 19:00:00,9,61,0.7637186979144539,0.0,0.0,3.0056333333333334,12.789,6.0,-7,20.0,,2673.0154427005887,0.0,0.0,0.0,41.612357226047415,optimal
2021-02-10 19:30:00,9,61,0.8265400846469114,0.0,0.0,1.2695,11.907,6.0,-7,20.0,,2892.89029626419,0.0,0.0,0.0,41.570744868821365,optimal
2021-02-10 20:00:00,9,61,0.8737309951889016,0.0,0.0,1.8291666666666668,11.7075,6.0,-7,20.0,,3058.0584831611554,0.0,0.0,0.0,41.529174123952544,optimal
2021-02-10 20:30:00,9,61,0.0,0.0,0.0,1.2469333333333334,10.8045,6.0,-7,20.0,,0.0,0.0,0.0,0.0,41.48764494982859,optimal
2021-02-10 21:00:00,9,61,0.0,0.0,0.0,0.068,11.508,6.0,-7,19.926364677313323,,0.0,0.0,0.0,0.0,41.44615730487877,optimal
2021-02-10 21:30:00,9,61,0.0,0.0,0.0,0.068,11.508,6.0,-7,19.842549415674885,,0.0,0.0,0.0,0.0,41.40471114757389,optimal
2021-02-10 22:00:00,9,61,0.0,0.0,0.0,0.068,11.508,6.0,-7,19.75303585263562,,0.0,0.0,0.0,0.0,41.36330643642632,optimal
2021-02-10 22:30:00,9,61,0.0,0.0,0.0,1.059233333333333,11.844,6.0,-7,19.65784775558067,,0.0,0.0,0.0,0.0,41.3219431299899,optimal
2021-02-10 23:00:00,9,61,0.0,0.0,0.0,0.068,11.508,6.0,-7,19.569376703413152,,0.0,0.0,0.0,0.0,41.28062118685991,optimal
2021-02-10 23:30:00,9,61,0.0,0.0,0.0,0.06466666666666668,11.508,6.0,-7,19.472869161437973,,0.0,0.0,0.0,0.0,41.239340565673054,optimal
2021-02-11 00:00:00,9,61,2.0,0.0,0.0,0.18916666666666662,19.047,6.0,-21,19.472869161437973,,7000.0,0.0,0.0,0.0,41.19810122510738,optimal
2021-02-11 00:30:00,9,61,2.0,0.0,0.0,0.11196666666666669,18.858,6.0,-21,19.545735936794966,,7000.0,0.0,0.0,0.0,41.15690312388227,optimal
2021-02-11 01:00:00,9,61,2.0,0.0,0.0,0.2042,19.2675,6.0,-21,19.617105548280804,,7000.0,0.0,0.0,0.0,41.11574622075839,optimal
2021-02-11 01:30:00,9,61,2.0,0.0,0.0,0.2133333333333333,18.963,6.0,-21,19.69079599740354,,7000.0,0.0,0.0,0.0,41.07463047453763,optimal
2021-02-11 02:00:00,9,61,2.0,0.0,0.0,0.1904,18.438,6.0,-21,19.764394742509733,,7000.0,0.0,0.0,0.0,41.03355584406309,optimal
2021-02-11 02:30:00,9,61,2.0,0.0,0.0,0.0906,18.7425,6.0,-21,19.837145009344045,,7000.0,0.0,0.0,0.0,40.99252228821902,optimal
2021-02-11 03:00:00,9,61,2.0,0.0,0.0,0.2044,15.2145,6.0,-21,19.90681826849618,,7000.0,0.0,0.0,0.0,40.9515297659308,optimal
2021-02-11 03:30:00,9,61,2.0,0.0,0.0,0.22693333333333332,17.7765,6.0,-21,19.978470868020384,,7000.0,0.0,0.0,0.0,40.910578236164866,optimal
2021-02-11 04:00:00,9,61,2.0,0.0,0.0,0.09716666666666668,16.758,6.0,-21,20.05139940344735,,7000.0,0.0,0.0,0.0,40.8696676579287,optimal
2021-02-11 04:30:00,9,61,2.0,0.0,0.0,0.17916666666666667,16.422,6.0,-21,20.12200245187436,,7000.0,0.0,0.0,0.0,40.82879799027077,optimal
2021-02-11 05:00:00,9,61,2.0,0.0,0.0,0.2042,16.758,6.0,-21,20.19424719829636,,7000.0,0.0,0.0,0.0,40.7879691922805,optimal
2021-02-11 05:30:00,9,61,2.0,0.0,0.0,0.08363333333333334,29.358,6.0,-21,20.266781700783064,,7000.0,0.0,0.0,0.0,40.74718122308822,optimal
2021-02-11 06:00:00,9,61,0.0,0.0,0.0,0.24203333333333332,34.9965,6.0,-21,20.337209589768158,,0.0,0.0,0.0,0.0,40.70643404186513,optimal
2021-02-11 06:30:00,9,61,0.25252712719578285,0.0,0.0,0.1328,34.65,6.0,-21,20.24676419639313,,883.84494518524,0.0,0.0,0.0,40.665727607823264,optimal
2021-02-11 07:00:00,9,61,0.0,0.0,0.0,0.087,34.9965,6.0,-21,20.17587146990794,,0.0,0.0,0.0,0.0,40.62506188021544,optimal
2021-02-11 07:30:00,9,61,0.0,0.0,0.0,0.3576666666666667,34.9965,6.0,-21,20.084366437717676,,0.0,0.0,0.0,0.0,40.58443681833523,optimal
2021-02-11 08:00:00,9,61,1.0843821221748808,0.0,0.0,0.063,30.4815,6.0,-21,20.0,,3795.3374276120826,0.0,0.0,0.0,40.54385238151689,optimal
2021-02-11 08:30:00,9,61,1.05160981135722,0.0,0.0,0.2042,21.4305,6.0,-21,20.0,,3680.6343397502696,0.0,0.0,0.0,40.503308529135374,optimal
2021-02-11 09:00:00,9,61,0.7869556587566923,0.0,0.0,0.1453,14.3325,6.0,-21,20.0,,2754.344805648423,0.0,0.0,0.0,40.46280522060624,optimal
2021-02-11 09:30:00,9,61,0.8295619213246328,0.0,0.0,0.2768333333333333,13.692,6.0,-21,20.0,,2903.4667246362146,0.0,0.0,0.0,40.422342415385636,optimal
2021-02-11 10:00:00,9,61,0.0,0.0,0.0,0.086,14.007,6.0,-21,20.013508903104164,,0.0,0.0,0.0,0.0,40.38192007297025,optimal
2021-02-11 10:30:00,9,61,0.10906837321988351,0.0,0.0,0.4961666666666667,12.873,6.0,-21,20.0,,381.7393062695923,0.0,0.0,0.0,40.341538152897286,optimal
2021-02-11 11:00:00,9,61,0.0398095238095238,0.0,0.0,0.9856,12.684,6.0,-21,20.0,,0.0,0.0,139.33333333333331,0.0,40.30119661474439,optimal
2021-02-11 11:30:00,9,61,0.0,0.0,0.0,0.2567,12.306,6.0,-21,20.023022494849634,,0.0,0.0,0.0,0.0,40.26089541812965,optimal
2021-02-11 12:00:00,9,61,0.15923809523809523,0.0,0.0,0.07479999999999999,10.6365,6.0,-21,20.046038403392686,,0.0,0.0,557.3333333333334,0.0,40.22063452271152,optimal
2021-02-11 12:30:00,9,61,0.0,0.0,0.0,0.1766,11.2455,6.0,-21,20.093020574134965,,0.0,0.0,0.0,0.0,40.18041388818881,optimal
2021-02-11 13:00:00,9,61,0.0,0.0,0.0,0.32106666666666667,11.2455,6.0,-21,20.146287950344565,,0.0,0.0,0.0,0.0,40.14023347430062,optimal
2021-02-11 13:30:00,9,61,0.0,0.0,0.0,0.07983333333333333,11.025,6.0,-21,20.190883870822834,,0.0,0.0,0.0,0.0,40.10009324082632,optimal
2021-02-11 14:00:00,9,61,0.0,0.0,0.0,0.2777333333333333,12.0855,6.0,-21,20.226488836207032,,0.0,0.0,0.0,0.0,40.059993147585494,optimal
2021-02-11 14:30:00,9,61,0.0,0.0,0.0,0.15693333333333334,11.6865,6.0,-21,20.268336964612647,,0.0,0.0,0.0,0.0,40.01993315443791,optimal
2021-02-11 15:00:00,9,61,0.0,0.0,0.0,0.10246666666666668,11.2245,6.0,-21,20.305619679382595,,0.0,0.0,0.0,0.0,39.97991322128347,optimal
2021-02-11 15:30:00,9,61,0.0,0.0,0.0,0.283,11.025,6.0,-21,20.32046085017358,,0.0,0.0,0.0,0.0,39.93993330806219,optimal
2021-02-11 16:00:00,9,61,0.0,0.0,0.0,0.7180333333333333,10.7835,6.0,-21,20.33546184334941,,0.0,0.0,0.0,0.0,39.899993374754125,optimal
2021-02-11 16:30:00,9,61,0.0,0.0,0.0,1.1104666666666667,11.025,6.0,-21,20.312564818026956,,0.0,0.0,0.0,0.0,39.86009338137937,optimal
2021-02-11 17:00:00,9,61,1.8847518968483779,0.0,0.0,2.1421666666666663,10.584,6.0,-21,20.295438000788607,,5272.964972302655,0.0,1323.6666666666667,0.0,39.82023328799799,optimal
2021-02-11 17:30:00,9,61,0.0,0.0,0.0,0.37626666666666664,11.025,6.0,-21,20.367040133523467,,0.0,0.0,0.0,0.0,39.780413054709996,optimal
2021-02-11 18:00:00,9,61,2.0,0.0,0.0,0.22469999999999998,10.4265,6.0,-21,20.29465205278359,,7000.0,0.0,0.0,0.0,39.74063264165529,optimal
2021-02-11 18:30:00,9,61,0.0,0.0,0.0,0.40803333333333336,12.789,6.0,-21,20.36660789921966,,0.0,0.0,0.0,0.0,39.700892009013636,optimal
2021-02-11 19:00:00,9,61,0.0,0.0,0.0,0.5642999999999999,12.684,6.0,-21,20.272976715557178,,0.0,0.0,0.0,0.0,39.66119111700462,optimal
2021-02-11 19:30:00,9,61,0.0,0.0,0.0,0.3807,16.254,6.0,-21,20.183575938535807,,0.0,0.0,0.0,0.0,39.621529925887614,optimal
2021-02-11 20:00:00,9,61,0.0,0.0,0.0,0.5970333333333333,17.64,6.0,-21,20.09184439610628,,0.0,0.0,0.0,0.0,39.581908395961726,optimal
2021-02-11 20:30:00,9,61,0.0,0.0,0.0,0.2509333333333333,19.1625,6.0,-21,20.0,,0.0,0.0,0.0,0.0,39.54232648756577,optimal
2021-02-11 21:00:00,9,61,0.0,0.0,0.0,0.4335,26.46,6.0,-21,19.899760496070773,,0.0,0.0,0.0,0.0,39.5027841610782,optimal
2021-02-11 21:30:00,9,61,0.0,0.0,0.0,0.3783666666666667,20.79,6.0,-21,19.80564604842591,,0.0,0.0,0.0,0.0,39.463281376917124,optimal
2021-02-11 22:00:00,9,61,0.0,0.0,0.0,0.40086666666666665,29.106,6.0,-21,19.711512343104946,,0.0,0.0,0.0,0.0,39.423818095540206,optimal
2021-02-11 22:30:00,9,61,0.0,0.0,0.0,0.3644,19.1835,6.0,-21,19.620077196662276,,0.0,0.0,0.0,0.0,39.38439427744466,optimal
2021-02-11 23:00:00,9,61,0.0,0.0,0.0,0.077,19.6665,6.0,-21,19.527268558708816,,0.0,0.0,0.0,0.0,39.345009883167215,optimal
2021-02-11 23:30:00,9,61,0.0,0.0,0.0,0.3823333333333333,19.404,6.0,-21,19.42191898004914,,0.0,0.0,0.0,0.0,39.305664873284044,optimal
2021-02-12 00:00:00,9,61,2.0,0.0,0.0,0.05266666666666666,10.3635,6.0,0,19.42191898004914,,7000.0,0.0,0.0,0.0,39.26635920841076,optimal
2021-02-12 00:30:00,9,61,2.0,0.0,0.0,0.06,10.8045,6.0,0,19.478591873176548,,6094.333333333333,0.0,905.6666666666666,0.0,39.22709284920235,optimal
2021-02-12 01:00:00,9,61,2.0,0.0,0.0,0.11466666666666668,11.025,6.0,0,19.513643823716336,,7000.0,0.0,0.0,0.0,39.18786575635315,optimal
2021-02-12 01:30:00,9,61,2.0,0.0,0.0,0.15566666666666665,10.3635,6.0,0,19.57122492319657,,7000.0,0.0,0.0,0.0,39.148677890596794,optimal
2021-02-12 02:00:00,9,61,2.0,0.0,0.0,0.07366666666666667,10.8045,6.0,0,19.62995104042886,,7000.0,0.0,0.0,0.0,39.1095292127062,optimal
2021-02-12 02:30:00,9,61,2.0,0.0,5.0,0.19666666666666663,10.059,6.0,0,19.686913128899995,,7000.0,0.0,0.0,0.0,41.44541968349349,optimal
2021-02-12 03:00:00,9,61,2.0,0.0,0.0,0.06,10.584,6.0,0,19.747793189380836,,7000.0,0.0,0.0,0.0,41.40397426381,optimal
2021-02-12 03:30:00,9,61,2.0,0.0,5.0,0.1625,9.4185,6.0,0,19.806443642044133,,7000.0,0.0,0.0,0.0,43.73757028954619,optimal
2021-02-12 04:00:00,9,61,2.0,0.0,4.364375545446311,0.10783333333333331,10.3635,6.0,0,19.8701893633581,,7000.0,0.0,0.0,0.0,45.76691110334364,optimal
2021-02-12 04:30:00,9,61,2.0,0.0,5.0,0.06,9.8385,6.0,0,19.93529808861404,,7000.0,0.0,0.0,0.0,48.096144192240295,optimal
2021-02-12 05:00:00,9,61,2.0,0.0,0.0,0.06,11.067,6.0,0,20.001925481149208,,7000.0,0.0,0.0,0.0,48.048048048048045,optimal
2021-02-12 05:30:00,9,61,2.0,0.0,0.0,0.209,10.8465,6.0,0,20.071194645265493,,7000.0,0.0,0.0,0.0,48.0,optimal
2021-02-12 06:00:00,9,61,2.0,0.0,0.0,0.06,13.671,6.0,0,20.147911352827098,,7000.0,0.0,0.0,0.0,47.86041734909608,optimal
2021-02-12 06:30:00,9,61,2.0,0.0,0.0,0.1625,12.348,6.0,0,20.22126174681079,,7000.0,0.0,0.0,0.0,47.720974280843066,optimal
2021-02-12 07:00:00,9,61,0.04934477021521245,0.0,0.0,0.10583333333333332,14.3325,6.0,0,20.297143520800844,,172.70669575324357,0.0,0.0,0.0,47.58167065565831,optimal
2021-02-12 07:30:00,9,61,0.0,0.0,0.0,0.32430000000000003,15.393,6.0,0,20.216735401219626,,0.0,0.0,0.0,0.0,47.44250633409873,optimal
2021-02-12 08:00:00,9,61,2.0,0.0,0.0,1.1436333333333335,13.587,6.0,0,20.131250843397066,,7000.0,0.0,0.0,0.0,47.303481176860714,optimal
2021-02-12 08:30:00,9,61,0.0,0.0,0.0,0.058,16.1385,6.0,0,20.21524626335539,,0.0,0.0,0.0,0.0,47.16459504477994,optimal
2021-02-12 09:00:00,9,61,0.0,0.0,0.0,0.21309999999999998,14.595,6.0,0,20.121239247260213,,0.0,0.0,0.0,0.0,47.02584779883124,optimal
2021-02-12 09:30:00,9,61,0.0,0.0,0.0,0.2103333333333333,14.637,6.0,0,20.05881076129583,,0.0,0.0,0.0,0.0,46.8872393001285,optimal
2021-02-12 10:00:00,9,61,0.20053239944418857,0.0,0.0,0.06,13.9125,6.0,0,20.0,,701.86339805466,0.0,0.0,0.0,46.748769409924456,optimal
2021-02-12 10:30:00,9,61,0.1588680854341435,0.0,0.0,0.13516666666666666,13.3665,6.0,0,20.0,,556.0382990195022,0.0,0.0,0.0,46.61043798961062,optimal
2021-02-12 11:00:00,9,61,0.05971428571428571,0.0,0.0,0.13516666666666666,13.0095,6.0,0,20.0,,0.0,0.0,209.0,0.0,46.47224490071709,optimal
2021-02-12 11:30:00,9,61,0.0,0.0,0.0,0.5843666666666667,13.8915,6.0,0,20.019201307898054,,0.0,0.0,0.0,0.0,46.33419000491245,optimal
2021-02-12 12:00:00,9,61,0.0,0.0,0.0,0.7680666666666667,13.188,6.0,0,20.041440305099066,,0.0,0.0,0.0,0.0,46.19627316400362,optimal
2021-02-12 12:30:00,9,61,0.0,0.0,0.0,0.19756666666666664,12.5685,6.0,0,20.07755504343535,,0.0,0.0,0.0,0.0,46.0584942399357,optimal
2021-02-12 13:00:00,9,61,0.0,0.0,0.0,0.11,12.285,6.0,0,20.111428600400817,,0.0,0.0,0.0,0.0,45.920853094791845,optimal
2021-02-12 13:30:00,9,61,0.8291218015639731,0.0,0.0,0.25253333333333333,11.487,6.0,0,20.142651693431024,,742.2596388072393,0.0,2159.6666666666665,0.0,45.78334959079314,optimal
2021-02-12 14:00:00,9,61,0.0,0.0,0.0,0.08009999999999999,11.802,6.0,0,20.194156188482275,,0.0,0.0,0.0,0.0,45.64598359029843,optimal
2021-02-12 14:30:00,9,61,2.0,0.0,0.0,0.30676666666666663,11.2245,6.0,0,20.21451767913699,,7000.0,0.0,0.0,0.0,45.508754955804214,optimal
2021-02-12 15:00:00,9,61,2.0,0.0,0.0,0.1887666666666667,11.025,6.0,0,20.407074999144285,,7000.0,0.0,0.0,0.0,45.37166354994449,optimal
2021-02-12 15:30:00,9,61,0.0,0.0,0.0,0.058,11.907,6.0,0,20.58330454361823,,0.0,0.0,0.0,0.0,45.234709235490634,optimal
2021-02-12 16:00:00,9,61,0.0,0.0,0.0,0.2083333333333333,25.83,6.0,0,20.588249950485483,,0.0,0.0,0.0,0.0,45.09789187535122,optimal
2021-02-12 16:30:00,9,61,0.0,0.0,0.0,0.05866666666666666,28.035,6.0,0,20.562149947062995,,0.0,0.0,0.0,0.0,44.961211332571956,optimal
2021-02-12 17:00:00,9,61,0.0,0.0,0.0,0.11396666666666669,28.119,6.0,0,20.530106419920877,,0.0,0.0,0.0,0.0,44.82466747033547,optimal
2021-02-12 17:30:00,9,61,0.0,0.0,0.0,0.16666666666666666,30.156,6.0,0,20.46533636042652,,0.0,0.0,0.0,0.0,44.68826015196122,optimal
2021-02-12 18:00:00,9,61,0.0,0.0,0.0,0.06366666666666666,29.1585,6.0,0,20.403119779068682,,0.0,0.0,0.0,0.0,44.551989240905336,optimal
2021-02-12 18:30:00,9,61,0.0,0.0,0.0,0.14896666666666666,26.712,6.0,0,20.320612667134153,,0.0,0.0,0.0,0.0,44.41585460076051,optimal
2021-02-12 19:00:00,9,61,0.0,0.0,0.0,0.14883333333333335,15.435,6.0,0,20.246964184970537,,0.0,0.0,0.0,0.0,44.27985609525584,optimal
2021-02-12 19:30:00,9,61,0.0,0.0,0.0,0.06,13.566,6.0,0,20.164222991941887,,0.0,0.0,0.0,0.0,44.14399358825666,optimal
2021-02-12 20:00:00,9,61,0.0,0.0,0.0,0.22743333333333332,12.789,6.0,0,20.079312284294037,,0.0,0.0,0.0,0.0,44.00826694376449,optimal
2021-02-12 20:30:00,9,61,0.0,0.0,0.0,0.16933333333333334,12.1275,6.0,0,20.0,,0.0,0.0,0.0,0.0,43.87267602591681,optimal
2021-02-12 21:00:00,9,61,0.0,0.0,0.0,0.101,13.671,6.0,0,19.91731309386073,,0.0,0.0,0.0,0.0,43.737220698986974,optimal
2021-02-12 21:30:00,9,61,0.0796190476190476,0.0,0.0,0.06,10.668,6.0,0,19.83273194380703,,0.0,0.0,278.66666666666663,0.0,43.60190082738407,optimal
2021-02-12 22:00:00,9,61,0.0,0.0,0.0,1.3777666666666668,11.7285,6.0,0,19.747744036068013,,0.0,0.0,0.0,0.0,43.55829892655669,optimal
2021-02-12 22:30:00,9,61,0.0,0.0,0.0,0.1748,11.025,6.0,0,19.67934490737193,,0.0,0.0,0.0,0.0,43.51474062763013,optimal
2021-02-12 23:00:00,9,61,0.0,0.0,0.0,0.074,10.689,6.0,0,19.602057508625396,,0.0,0.0,0.0,0.0,43.471225887002504,optimal
2021-02-12 23:30:00,9,61,0.0,0.0,0.0,0.0915,8.1585,6.0,0,19.523889049766286,,0.0,0.0,0.0,0.0,43.4277546611155,optimal
2021-02-13 00:00:00,9,61,2.0,0.0,0.0,0.061,10.0905,6.0,-8,19.523889049766286,,7000.0,0.0,0.0,0.0,43.38432690645438,optimal
2021-02-13 00:30:00,9,61,2.0,0.0,5.0,0.061,7.539,6.0,-8,19.605922401040768,,4283.0,0.0,2717.0,0.0,45.71594257954793,optimal
2021-02-13 01:00:00,9,61,2.0,0.0,5.0,0.0984,7.938,6.0,-8,19.623668455786476,,7000.0,0.0,0.0,0.0,48.04522663696838,optimal
2021-02-13 01:30:00,9,61,2.0,0.0,1.431338072255199,0.16540000000000002,8.274,6.0,-8,19.706585814335078,,7000.0,0.0,0.0,0.0,48.67706699465263,optimal
2021-02-13 02:00:00,9,61,2.0,0.0,0.0,0.06633333333333333,9.261,6.0,-8,19.79083768788569,,7000.0,0.0,0.0,0.0,48.62838992765797,optimal
2021-02-13 02:30:00,9,61,2.0,0.0,0.0,0.17943333333333333,9.9225,6.0,-8,19.872591799092806,,7000.0,0.0,0.0,0.0,48.579761537730306,optimal
2021-02-13 03:00:00,9,61,2.0,0.0,0.0,0.07970000000000001,9.702,6.0,-8,19.95680135995607,,7000.0,0.0,0.0,0.0,48.53118177619257,optimal
2021-02-13 03:30:00,9,61,2.0,0.0,0.0,0.14203333333333334,10.584,6.0,-8,20.038304786978486,,7000.0,0.0,0.0,0.0,48.48265059441637,optimal
2021-02-13 04:00:00,9,61,2.0,0.0,0.0,0.1171,10.143,6.0,-8,20.120731530490506,,7000.0,0.0,0.0,0.0,48.434167943821954,optimal
2021-02-13 04:30:00,9,61,0.0,0.0,0.0,0.08593333333333333,13.0095,6.0,-8,20.20201720261008,,0.0,0.0,0.0,0.0,48.38573377587813,optimal
2021-02-13 05:00:00,9,61,2.0,0.0,0.0,0.1732,11.025,6.0,-8,20.11652713569385,,7000.0,0.0,0.0,0.0,48.33734804210225,optimal
2021-02-13 05:30:00,9,61,0.0,0.0,0.0,0.061,12.789,6.0,-8,20.198320783025252,,0.0,0.0,0.0,0.0,48.289010694060146,optimal
2021-02-13 06:00:00,9,61,2.0,0.0,0.0,0.1607333333333333,12.1275,6.0,-8,20.1114232170081,,7000.0,0.0,0.0,0.0,48.240721683366075,optimal
2021-02-13 06:30:00,9,61,2.0,0.0,0.0,0.0984,12.1695,6.0,-8,20.19210959825569,,7000.0,0.0,0.0,0.0,48.192480961682705,optimal
2021-02-13 07:00:00,9,61,1.4081442606421828,0.0,0.0,0.09216666666666669,12.306,6.0,-8,20.27077907990607,,4928.50491224764,0.0,0.0,0.0,48.144288480721016,optimal
2021-02-13 07:30:00,9,61,0.0,0.0,0.0,1.0319,13.23,6.0,-8,20.299852652553852,,0.0,0.0,0.0,0.0,48.096144192240295,optimal
2021-02-13 08:00:00,9,61,0.0,0.0,0.0,0.0882,13.671,6.0,-8,20.219519917468535,,0.0,0.0,0.0,0.0,48.048048048048045,optimal
2021-02-13 08:30:00,9,61,0.0,0.0,0.0,1.5244333333333333,13.9335,6.0,-8,20.140073517438083,,0.0,0.0,0.0,0.0,48.0,optimal
2021-02-13 09:00:00,9,61,0.0,0.0,0.0,0.2452,13.293,6.0,-8,20.063859111022328,,0.0,0.0,0.0,0.0,47.46155706870796,optimal
2021-02-13 09:30:00,9,61,0.7811397099099188,0.0,0.0,0.17373333333333332,12.1065,6.0,-8,20.0,,2733.988984684716,0.0,0.0,0.0,46.923652580347216,optimal
2021-02-13 10:00:00,9,61,0.3780626882630969,0.0,0.0,0.1666,11.571,6.0,-8,20.0,,1323.2194089208392,0.0,0.0,0.0,46.38628599647483,optimal
2021-02-13 10:30:00,9,61,0.33506107758325276,0.0,0.0,0.31743333333333335,11.025,6.0,-8,20.0,,1172.7137715413846,0.0,0.0,0.0,45.84945677918632,optimal
2021-02-13 11:00:00,9,61,1.4230718789903947,0.0,0.0,0.061,10.8465,6.0,-8,20.0,,3866.0849097997143,0.0,1114.6666666666667,0.0,45.313164391115095,optimal
2021-02-13 11:30:00,9,61,0.0,0.0,0.0,0.061,11.2455,6.0,-8,20.098513529118087,,0.0,0.0,0.0,0.0,44.77740829543194,optimal
2021-02-13 12:00:00,9,61,0.0,0.0,0.0,0.19813333333333333,23.8665,6.0,-8,20.105538880263868,,0.0,0.0,0.0,0.0,44.24218795584447,optimal
2021-02-13 12:30:00,9,61,0.0,0.0,0.0,0.061,27.4575,6.0,-8,20.131669037232353,,0.0,0.0,0.0,0.0,43.70750283659659,optimal
2021-02-13 13:00:00,9,61,0.0,0.0,0.0,0.12956666666666666,27.3735,6.0,-8,20.154869315987582,,0.0,0.0,0.0,0.0,43.173352402467955,optimal
2021-02-13 13:30:00,9,61,0.0,0.0,0.0,0.12956666666666666,30.4605,6.0,-8,20.187139631885557,,0.0,0.0,0.0,0.0,42.63973611877345,optimal
2021-02-13 14:00:00,9,61,0.0,0.0,0.0,0.0719,30.0195,6.0,-8,20.219692445562167,,0.0,0.0,0.0,0.0,42.10665345136264,optimal
2021-02-13 14:30:00,9,61,0.0,0.0,0.0,0.2019,26.9325,6.0,-8,20.222175369255925,,0.0,0.0,0.0,0.0,41.57410386661924,optimal
2021-02-13 15:00:00,9,61,0.0,0.0,0.0,0.06633333333333333,14.595,6.0,-8,20.228008656690676,,0.0,0.0,0.0,0.0,41.04208683146058,optimal
2021-02-13 15:30:00,9,61,0.0,0.0,0.0,0.17943333333333333,12.4845,6.0,-8,20.20689947206525,,0.0,0.0,0.0,0.0,40.51060181333708,optimal
2021-02-13 16:00:00,9,61,0.0,0.0,0.0,0.16203333333333333,12.1275,6.0,-8,20.18825767978732,,0.0,0.0,0.0,0.0,40.470091211523744,optimal
2021-02-13 16:30:00,9,61,0.0,0.0,0.0,1.0563666666666665,12.1275,6.0,-8,20.146365439949143,,0.0,0.0,0.0,0.0,40.42962112031222,optimal
2021-02-13 17:00:00,9,61,0.0,0.0,0.0,0.8346,12.789,6.0,-8,20.111564817586924,,0.0,0.0,0.0,0.0,40.38919149919191,optimal
2021-02-13 17:30:00,9,61,0.0,0.0,0.0,0.4985,11.907,6.0,-8,20.054547417359544,,0.0,0.0,0.0,0.0,40.348802307692715,optimal
2021-02-13 18:00:00,9,61,0.78655166703098,0.0,0.0,0.9279333333333332,11.025,6.0,-8,20.0,,2752.93083460843,0.0,0.0,0.0,40.308453505385025,optimal
2021-02-13 18:30:00,9,61,1.8418388097044045,0.0,0.0,1.0062,8.2005,6.0,-8,20.0,,6028.435833965415,0.0,418.0,0.0,40.26814505187964,optimal
2021-02-13 19:00:00,9,61,0.0,0.0,0.0,0.14743333333333333,9.5655,6.0,-8,20.072294759538316,,0.0,0.0,0.0,0.0,40.22787690682776,optimal
2021-02-13 19:30:00,9,61,1.4873902272149069,0.0,0.0,1.1785999999999999,7.056,6.0,-8,20.0,,4927.199128585507,0.0,278.66666666666663,0.0,40.187649029920934,optimal
2021-02-13 20:00:00,9,61,0.0,0.0,0.0,0.22219999999999998,9.3975,6.0,-8,20.067410226024766,,0.0,0.0,0.0,0.0,40.14746138089101,optimal
2021-02-13 20:30:00,9,61,0.0,0.0,0.0,0.44876666666666665,10.059,6.0,-8,20.0,,0.0,0.0,0.0,0.0,40.10731391951012,optimal
2021-02-13 21:00:00,9,61,0.0,0.0,0.0,0.31889999999999996,9.261,6.0,-8,19.948055001680796,,0.0,0.0,0.0,0.0,40.067206605590606,optimal
2021-02-13 21:30:00,9,61,0.0,0.0,0.0,0.14633333333333334,8.1585,6.0,-8,19.893508183272385,,0.0,0.0,0.0,0.0,40.027139398985014,optimal
2021-02-13 22:00:00,9,61,0.0,0.0,0.0,0.15826666666666667,9.4815,6.0,-8,19.825917407875135,,0.0,0.0,0.0,0.0,39.98711225958603,optimal
2021-02-13 22:30:00,9,61,0.0,0.0,0.0,0.12086666666666666,8.379,6.0,-8,19.745868350335886,,0.0,0.0,0.0,0.0,39.94712514732644,optimal
2021-02-13 23:00:00,9,61,0.0,0.0,0.0,0.11463333333333334,9.5235,6.0,-8,19.665478634980975,,0.0,0.0,0.0,0.0,39.90717802217911,optimal
2021-02-13 23:30:00,9,61,0.0,0.0,0.0,0.1645,8.1375,6.0,-8,19.58548558866834,,0.0,0.0,0.0,0.0,39.867270844156934,optimal
2021-02-07 00:00:00,10,61,0.0,0.0,0.0,0.056,11.7075,6.0,-17,21.0,,0.0,0.0,0.0,0.0,47.952,optimal
2021-02-07 00:30:00,10,61,0.0,0.0,0.0,0.056,12.348,6.0,-17,20.926269589560807,,0.0,0.0,0.0,0.0,47.904047999999996,optimal
2021-02-07 01:00:00,10,61,0.0,0.0,0.0,0.15213333333333331,12.348,6.0,-17,20.852429609723867,,0.0,0.0,0.0,0.0,47.856143952,optimal
2021-02-07 01:30:00,10,61,0.0,0.0,0.0,0.11093333333333334,12.1275,6.0,-17,20.780750413615532,,0.0,0.0,0.0,0.0,47.80828780804799,optimal
2021-02-07 02:00:00,10,61,0.0,0.0,0.0,0.056,12.5265,6.0,-17,20.708188827937644,,0.0,0.0,0.0,0.0,47.76047952023995,optimal
2021-02-07 02:30:00,10,61,1.3726753519950785,0.0,0.0,0.20706666666666662,11.7495,6.0,-17,20.634424262227647,,4804.363731982775,0.0,0.0,0.0,47.712719040719705,optimal
2021-02-07 03:00:00,10,61,0.0,0.0,0.0,0.056,13.23,6.0,-17,20.67755767823891,,0.0,0.0,0.0,0.0,47.66500632167899,optimal
2021-02-07 03:30:00,10,61,0.0,0.0,0.0,0.09033333333333332,14.3325,6.0,-17,20.60308668189049,,0.0,0.0,0.0,0.0,47.61734131535731,optimal
2021-02-07 04:00:00,10,61,0.0,0.0,0.0,0.17273333333333332,14.994,6.0,-17,20.529528430264698,,0.0,0.0,0.0,0.0,47.56972397404195,optimal
2021-02-07 04:30:00,10,61,0.0,0.0,0.0,0.056,14.8155,6.0,-17,20.458014064398554,,0.0,0.0,0.0,0.0,47.522154250067906,optimal
2021-02-07 05:00:00,10,61,0.0,0.0,0.0,0.20706666666666662,14.112,6.0,-17,20.384041679638358,,0.0,0.0,0.0,0.0,47.47463209581784,optimal
2021-02-07 05:30:00,10,61,0.0,0.0,0.0,0.056,14.007,6.0,-17,20.313944810321416,,0.0,0.0,0.0,0.0,47.42715746372202,optimal
2021-02-07 06:00:00,10,61,0.0,0.0,0.0,0.056,13.23,6.0,-17,20.240573332604956,,0.0,0.0,0.0,0.0,47.379730306258296,optimal
2021-02-07 06:30:00,10,61,2.0,0.0,1.506731520202143,0.1308666666666667,11.382,6.0,-17,20.16750788436058,,7000.0,0.0,0.0,0.0,48.048048048048045,optimal
2021-02-07 07:00:00,10,61,2.0,0.0,0.0,1.577766666666667,11.7495,6.0,-17,20.26271559077367,,7000.0,0.0,0.0,0.0,48.0,optimal
2021-02-07 07:30:00,10,61,0.0,0.0,0.0,0.06133333333333334,24.3285,6.0,-17,20.373588011505287,,0.0,0.0,0.0,0.0,47.91552483744183,optimal
2021-02-07 08:00:00,10,61,0.0,0.0,0.0,0.21606666666666663,28.917,6.0,-17,20.296941620120798,,0.0,0.0,0.0,0.0,47.83113415004622,optimal
2021-02-07 08:30:00,10,61,0.0,0.0,0.0,0.9248333333333334,31.3635,6.0,-17,20.22355625340767,,0.0,0.0,0.0,0.0,47.746827853338004,optimal
2021-02-07 09:00:00,10,61,0.0,0.0,0.0,0.803,33.306,6.0,-17,20.170340163553178,,0.0,0.0,0.0,0.0,47.6626058629265,optimal
2021-02-07 09:30:00,10,61,0.0,0.0,0.0,0.22733333333333328,31.3425,6.0,-17,20.129398241923536,,0.0,0.0,0.0,0.0,47.5784680945054,optimal
2021-02-07 10:00:00,10,61,0.0,0.0,0.0,0.17603333333333332,28.2555,6.0,-17,20.078234653825838,,0.0,0.0,0.0,0.0,47.49441446385273,optimal
2021-02-07 10:30:00,10,61,0.0,0.0,0.0,0.682,15.6975,6.0,-17,20.03849994067089,,0.0,0.0,0.0,0.0,47.4104448868307,optimal
2021-02-07 11:00:00,10,61,0.2615965849120665,0.0,0.0,1.2718666666666665,12.5475,6.0,-17,20.0,,915.5880471922326,0.0,0.0,0.0,47.326559279385705,optimal
2021-02-07 11:30:00,10,61,0.3500784896739679,0.0,0.0,0.1686,12.0855,6.0,-17,20.0,,1225.2747138588875,0.0,0.0,0.0,47.24275755754815,optimal
2021-02-07 12:00:00,10,61,0.5975388556417782,0.0,0.0,0.28346666666666664,11.907,6.0,-17,20.0,,2091.385994746224,0.0,0.0,0.0,47.159039637432436,optimal
2021-02-07 12:30:00,10,61,0.0,0.0,0.0,0.21366666666666662,12.5685,6.0,-17,20.035170738537563,,0.0,0.0,0.0,0.0,47.07540543523683,optimal
2021-02-07 13:00:00,10,61,0.0,0.0,0.0,1.5787666666666669,13.146,6.0,-17,20.01876244577212,,0.0,0.0,0.0,0.0,46.991854867243426,optimal
2021-02-07 13:30:00,10,61,0.3038027666755175,0.0,0.0,0.2275,10.584,6.0,-17,20.0,,1063.3096833643112,0.0,0.0,0.0,46.90838784981801,optimal
2021-02-07 14:00:00,10,61,0.5375590661403,0.0,0.0,0.13423333333333332,6.678,6.0,-17,20.0,,1881.45673149105,0.0,0.0,0.0,46.825004299410026,optimal
2021-02-07 14:30:00,10,61,0.0,0.0,0.0,0.1257,7.938,6.0,-17,20.021864909460877,,0.0,0.0,0.0,0.0,46.74170413255245,optimal
2021-02-07 15:00:00,10,61,2.0,0.0,0.0,0.4733,5.292,6.0,-17,20.0,,7000.0,0.0,0.0,0.0,46.65848726586173,optimal
2021-02-07 15:30:00,10,61,0.0,0.0,0.0,0.13333333333333333,9.261,6.0,-17,20.17024327116876,,0.0,0.0,0.0,0.0,46.5753536160377,optimal
2021-02-07 16:00:00,10,61,0.0,0.0,0.0,0.1956,10.3635,6.0,-17,20.168976299427516,,0.0,0.0,0.0,0.0,46.4923030998635,optimal
2021-02-07 16:30:00,10,61,0.0,0.0,0.0,0.1992,8.274,6.0,-17,20.14224559345198,,0.0,0.0,0.0,0.0,46.40933563420547,optimal
2021-02-07 17:00:00,10,61,0.0,0.0,0.0,0.0676,7.7175,6.0,-17,20.115734970870093,,0.0,0.0,0.0,0.0,46.32645113601309,optimal
2021-02-07 17:30:00,10,61,0.09914352639768391,0.0,0.0,0.16146666666666668,6.615,6.0,-17,20.05598338704548,,347.0023423918937,0.0,0.0,0.0,46.24364952231891,optimal
2021-02-07 18:00:00,10,61,0.9004727301762817,0.0,0.0,0.12093333333333334,6.174,6.0,-17,20.0,,3151.6545556169863,0.0,0.0,0.0,46.160930710238425,optimal
2021-02-07 18:30:00,10,61,0.9136444528298041,0.0,0.0,0.066,3.906,6.0,-17,20.0,,3197.755584904314,0.0,0.0,0.0,46.07829461697002,optimal
2021-02-07 19:00:00,10,61,0.8679590326261433,0.0,0.0,0.21706666666666663,2.3415,6.0,-17,20.0,,3037.8566141915016,0.0,0.0,0.0,45.99574115979488,optimal
2021-02-07 19:30:00,10,61,0.9111209373880631,0.0,0.0,0.066,2.205,6.0,-17,20.0,,3188.923280858221,0.0,0.0,0.0,45.91327025607692,optimal
2021-02-07 20:00:00,10,61,0.8816923659594932,0.0,0.0,0.169,0.882,6.0,-17,20.0,,3085.923280858226,0.0,0.0,0.0,45.83088182326267,optimal
2021-02-07 20:30:00,10,61,0.0,0.0,0.0,0.11406666666666666,1.5435,6.0,-17,20.0,,0.0,0.0,0.0,0.0,45.74857577888124,optimal
2021-02-07 21:00:00,10,61,0.0,0.0,0.0,0.066,1.5435,6.0,-17,19.925421133245298,,0.0,0.0,0.0,0.0,45.66635204054419,optimal
2021-02-07 21:30:00,10,61,0.0,0.0,0.0,0.16213333333333332,5.0715,6.0,-17,19.849601287911483,,0.0,0.0,0.0,0.0,45.58421052594548,optimal
2021-02-07 22:00:00,10,61,0.0,0.0,0.0,0.12093333333333334,5.376,6.0,-17,19.776367580209083,,0.0,0.0,0.0,0.0,45.502151152861366,optimal
2021-02-07 22:30:00,10,61,0.0,0.0,0.0,0.066,5.0715,6.0,-17,19.702466514724108,,0.0,0.0,0.0,0.0,45.42017383915034,optimal
2021-02-07 23:00:00,10,61,0.0,0.0,0.0,0.066,5.5125,6.0,-17,19.6275766041051,,0.0,0.0,0.0,0.0,45.33827850275302,optimal
2021-02-07 23:30:00,10,61,0.0,0.0,0.0,0.22286666666666669,9.261,6.0,-17,19.552999056280527,,0.0,0.0,0.0,0.0,45.292940224250266,optimal
2021-02-08 00:00:00,10,61,2.0,0.0,0.0,0.056,7.665,6.0,-3,19.552999056280527,,7000.0,0.0,0.0,0.0,45.247647284026016,optimal
2021-02-08 00:30:00,10,61,2.0,0.0,0.0,0.056,6.7725,6.0,-3,19.64231954802128,,5328.0,0.0,1672.0,0.0,45.20239963674199,optimal
2021-02-08 01:00:00,10,61,2.0,0.0,0.0,0.056,5.5755,6.0,-3,19.69178829577246,,7000.0,0.0,0.0,0.0,45.157197237105244,optimal
2021-02-08 01:30:00,10,61,2.0,0.0,0.0,0.056,5.0925,6.0,-3,19.7805299031972,,7000.0,0.0,0.0,0.0,45.11204003986814,optimal
2021-02-08 02:00:00,10,61,2.0,0.0,0.0,0.056,4.1895,6.0,-3,19.868692824977348,,7000.0,0.0,0.0,0.0,45.06692799982827,optimal
2021-02-08 02:30:00,10,61,2.0,0.0,0.0,0.056,7.056,6.0,-3,19.95627947478738,,7000.0,0.0,0.0,0.0,45.02186107182845,optimal
2021-02-08 03:00:00,10,61,2.0,0.0,0.0,0.05533333333333334,5.271,6.0,-3,20.043709352198153,,7000.0,0.0,0.0,0.0,44.976839210756616,optimal
2021-02-08 03:30:00,10,61,2.0,0.0,0.0,0.056,7.938,6.0,-3,20.13382441657318,,7000.0,0.0,0.0,0.0,44.93186237154586,optimal
2021-02-08 04:00:00,10,61,2.0,0.0,0.0,0.056,7.938,6.0,-3,20.222497165571873,,7000.0,0.0,0.0,0.0,44.88693050917431,optimal
2021-02-08 04:30:00,10,61,1.933973602879159,0.0,0.0,0.056,11.907,6.0,-3,20.310591516131698,,6768.907610077056,0.0,0.0,0.0,44.84204357866514,optimal
2021-02-08 05:00:00,10,61,2.0,0.0,0.0,0.056,11.025,6.0,-3,20.392444789212178,,7000.0,0.0,0.0,0.0,44.79720153508647,optimal
2021-02-08 05:30:00,10,61,2.0,0.0,0.0,0.056,11.2875,6.0,-3,20.47899610316588,,7000.0,0.0,0.0,0.0,44.75240433355138,optimal
2021-02-08 06:00:00,10,61,0.0,0.0,0.0,0.056,12.936,6.0,-3,20.56497786710065,,0.0,0.0,0.0,0.0,44.70765192921783,optimal
2021-02-08 06:30:00,10,61,0.0,0.0,0.0,0.05533333333333334,13.0095,6.0,-3,20.485108758760017,,0.0,0.0,0.0,0.0,44.66294427728862,optimal
2021-02-08 07:00:00,10,61,0.0,0.0,0.0,0.05446666666666667,13.671,6.0,-3,20.406505477844906,,0.0,0.0,0.0,0.0,44.618281333011325,optimal
2021-02-08 07:30:00,10,61,0.0,0.0,0.0,0.2612333333333333,13.188,6.0,-3,20.334565160363468,,0.0,0.0,0.0,0.0,44.57366305167832,optimal
2021-02-08 08:00:00,10,61,0.0,0.0,0.0,0.07753333333333333,13.8495,6.0,-3,20.271167788565744,,0.0,0.0,0.0,0.0,44.52908938862664,optimal
2021-02-08 08:30:00,10,61,0.0,0.0,0.0,0.09466666666666669,13.23,6.0,-3,20.206131667542664,,0.0,0.0,0.0,0.0,44.48456029923801,optimal
2021-02-08 09:00:00,10,61,0.0,0.0,0.0,0.107,13.3665,6.0,-3,20.139473179224353,,0.0,0.0,0.0,0.0,44.44007573893877,optimal
2021-02-08 09:30:00,10,61,0.0,0.0,0.0,0.08983333333333333,13.0515,6.0,-3,20.089030601410176,,0.0,0.0,0.0,0.0,44.39563566319983,optimal
2021-02-08 10:00:00,10,61,0.0,0.0,0.0,0.078,13.5345,6.0,-3,20.045535622991114,,0.0,0.0,0.0,0.0,44.35124002753663,optimal
2021-02-08 10:30:00,10,61,0.0,0.0,0.0,0.07706666666666666,14.154,6.0,-3,20.02316305462589,,0.0,0.0,0.0,0.0,44.306888787509095,optimal
2021-02-08 11:00:00,10,61,0.0,0.0,0.0,0.0727,14.112,6.0,-3,20.0,,0.0,0.0,0.0,0.0,44.262581898721585,optimal
2021-02-08 11:30:00,10,61,0.0,0.0,0.0,0.093,14.2485,6.0,-3,20.007599608697305,,0.0,0.0,0.0,0.0,44.218319316822864,optimal
2021-02-08 12:00:00,10,61,0.0,0.0,0.0,0.0978,12.789,6.0,-3,20.013261986210125,,0.0,0.0,0.0,0.0,44.17410099750604,optimal
2021-02-08 12:30:00,10,61,0.0,0.0,0.0,0.07186666666666666,13.0095,6.0,-3,20.02871604950234,,0.0,0.0,0.0,0.0,44.12992689650853,optimal
2021-02-08 13:00:00,10,61,0.0,0.0,0.0,0.0722,12.1275,6.0,-3,20.041494074880724,,0.0,0.0,0.0,0.0,44.08579696961202,optimal
2021-02-08 13:30:00,10,61,0.0,0.0,0.0,0.198,12.348,6.0,-3,20.051495508494856,,0.0,0.0,0.0,0.0,44.04171117264241,optimal
2021-02-08 14:00:00,10,61,0.0,0.0,0.0,0.14513333333333334,12.348,6.0,-3,20.067156678435882,,0.0,0.0,0.0,0.0,43.99766946146977,optimal
2021-02-08 14:30:00,10,61,0.0,0.0,0.0,0.1732,25.389,6.0,-3,20.082697373543137,,0.0,0.0,0.0,0.0,43.9536717920083,optimal
2021-02-08 15:00:00,10,61,0.0,0.0,0.0,0.5331666666666667,29.1375,6.0,-3,20.10371977060875,,0.0,0.0,0.0,0.0,43.90971812021629,optimal
2021-02-08 15:30:00,10,61,0.0,0.0,0.0,1.9248666666666663,30.597,6.0,-3,20.114288736651112,,0.0,0.0,0.0,0.0,43.86580840209607,optimal
2021-02-08 16:00:00,10,61,0.0,0.0,0.0,1.4473666666666665,33.684,6.0,-3,20.13996302716287,,0.0,0.0,0.0,0.0,43.821942593693976,optimal
2021-02-08 16:30:00,10,61,0.0,0.0,0.0,0.2648666666666667,32.445,6.0,-3,20.134470295276504,,0.0,0.0,0.0,0.0,43.77812065110028,optimal
2021-02-08 17:00:00,10,61,0.0,0.0,0.0,0.443,28.917,6.0,-3,20.116975763714095,,0.0,0.0,0.0,0.0,43.73434253044918,optimal
2021-02-08 17:30:00,10,61,0.0,0.0,0.0,1.4455333333333333,15.876,6.0,-3,20.073503584200328,,0.0,0.0,0.0,0.0,43.690608187918734,optimal
2021-02-08 18:00:00,10,61,0.22377444719645992,0.0,0.0,0.101,12.348,6.0,-3,20.0446923041884,,783.2105651876097,0.0,0.0,0.0,43.64691757973082,optimal
2021-02-08 18:30:00,10,61,1.6352620205347432,0.0,0.0,0.5241333333333333,12.1275,6.0,-3,20.0,,5723.417071871601,0.0,0.0,0.0,43.60327066215109,optimal
2021-02-08 19:00:00,10,61,0.0,0.0,0.0,0.07266666666666667,12.348,6.0,-3,20.07840627623146,,0.0,0.0,0.0,0.0,43.55966739148894,optimal
2021-02-08 19:30:00,10,61,0.6039707281932436,0.0,0.0,0.9067000000000001,12.1275,6.0,-3,20.0,,2113.897548676353,0.0,0.0,0.0,43.516107724097445,optimal
2021-02-08 20:00:00,10,61,0.5310746078517926,0.0,0.0,0.813,12.1275,6.0,-3,20.0,,1858.7611274812743,0.0,0.0,0.0,43.47259161637335,optimal
2021-02-08 20:30:00,10,61,0.0,0.0,0.0,0.086,11.2665,6.0,-3,20.0,,0.0,0.0,0.0,0.0,43.42911902475698,optimal
2021-02-08 21:00:00,10,61,0.5175238095238094,0.0,0.0,0.20013333333333333,10.143,6.0,-3,19.938606730438124,,0.0,0.0,1811.333333333333,0.0,43.38568990573222,optimal
2021-02-08 21:30:00,10,61,0.0,0.0,0.0,0.1735,11.2455,6.0,-3,19.880235325542866,,0.0,0.0,0.0,0.0,43.34230421582649,optimal
2021-02-08 22:00:00,10,61,0.0,0.0,0.0,0.066,11.025,6.0,-3,19.816775732658186,,0.0,0.0,0.0,0.0,43.29896191161066,optimal
2021-02-08 22:30:00,10,61,0.0,0.0,0.0,0.066,5.9745,6.0,-3,19.73877605732967,,0.0,0.0,0.0,0.0,43.25566294969905,optimal
2021-02-08 23:00:00,10,61,0.0,0.0,0.0,0.066,7.938,6.0,-3,19.660893167516807,,0.0,0.0,0.0,0.0,43.212407286749354,optimal
2021-02-08 23:30:00,10,61,0.0,0.0,0.0,0.066,8.6835,6.0,-3,19.583126576111926,,0.0,0.0,0.0,0.0,43.1691948794626,optimal
2021-02-09 00:00:00,10,61,0.0,0.0,0.0,0.06333333333333334,17.9025,6.0,10,19.583126576111926,,0.0,0.0,0.0,0.0,43.12602568458314,optimal
2021-02-09 00:30:00,10,61,0.0,0.0,0.0,0.071,15.6555,6.0,10,19.50543017255934,,0.0,0.0,0.0,0.0,43.082899658898555,optimal
2021-02-09 01:00:00,10,61,0.0,0.0,0.0,0.18480000000000002,14.553,6.0,10,19.4282663855518,,0.0,0.0,0.0,0.0,43.039816759239656,optimal
2021-02-09 01:30:00,10,61,0.0,0.0,0.0,0.18980000000000002,14.3325,6.0,10,19.354320034254727,,0.0,0.0,0.0,0.0,42.996776942480416,optimal
2021-02-09 02:00:00,10,61,0.0,0.0,0.0,0.10529999999999999,13.335,6.0,10,19.280914343053396,,0.0,0.0,0.0,0.0,42.953780165537935,optimal
2021-02-09 02:30:00,10,61,1.4294750012408584,0.0,0.0,0.8741333333333333,12.1275,6.0,10,19.207791260677354,,4863.829171009671,0.0,139.33333333333331,0.0,42.910826385372395,optimal
2021-02-09 03:00:00,10,61,0.0,0.0,0.0,0.0927,12.2955,6.0,10,19.268786730902804,,0.0,0.0,0.0,0.0,42.86791555898702,optimal
2021-02-09 03:30:00,10,61,2.0,0.0,0.0,0.09446666666666668,11.6865,6.0,10,19.19291380562025,,7000.0,0.0,0.0,0.0,42.825047643428036,optimal
2021-02-09 04:00:00,10,61,2.0,0.0,0.0,0.1766,11.466,6.0,10,19.283099851494043,,7000.0,0.0,0.0,0.0,42.78222259578461,optimal
2021-02-09 04:30:00,10,61,2.0,0.0,5.0,0.17226666666666668,10.8045,6.0,10,19.375266159695542,,7000.0,0.0,0.0,0.0,45.11444037318883,optimal
2021-02-09 05:00:00,10,61,2.0,0.0,5.0,0.071,10.584,6.0,10,19.46652863150228,,7000.0,0.0,0.0,0.0,47.44432593281564,optimal
2021-02-09 05:30:00,10,61,2.0,0.0,0.0,0.2765,11.2455,6.0,10,19.554602251097077,,7000.0,0.0,0.0,0.0,47.39688160688282,optimal
2021-02-09 06:00:00,10,61,2.0,0.0,0.0,0.09583333333333331,12.1275,6.0,10,19.64716077630849,,7000.0,0.0,0.0,0.0,47.349484725275936,optimal
2021-02-09 06:30:00,10,61,2.0,0.0,0.0,0.14726666666666668,11.823,6.0,10,19.73506735011277,,7000.0,0.0,0.0,0.0,47.30213524055066,optimal
2021-02-09 07:00:00,10,61,2.0,0.0,0.0,0.22506666666666664,11.7705,6.0,10,19.823613162810407,,7000.0,0.0,0.0,0.0,47.25483310531011,optimal
2021-02-09 07:30:00,10,61,2.0,0.0,1.6682562690425287,0.14573333333333333,11.13,6.0,10,19.913418116756915,,7000.0,0.0,0.0,0.0,48.0,optimal
2021-02-09 08:00:00,10,61,0.9637865987080078,0.0,0.0,0.1838333333333333,11.6865,6.0,10,20.0,,3373.2530954780273,0.0,0.0,0.0,46.80596854910455,optimal
2021-02-09 08:30:00,10,61,2.0,0.0,0.0,0.1885,10.7205,6.0,10,20.0,,5948.062046783114,0.0,1051.937953216886,0.0,45.61313112965999,optimal
2021-02-09 09:00:00,10,61,0.0,0.0,0.0,0.1238,11.424,6.0,10,20.061532110887317,,0.0,0.0,0.0,0.0,44.42148654763487,optimal
2021-02-09 09:30:00,10,61,2.0,0.0,0.0,0.24853333333333333,10.689,6.0,10,20.0,,6937.271286550219,0.0,62.72871344978068,0.0,43.23103361019179,optimal
2021-02-09 10:00:00,10,61,1.8961310405268235,0.0,0.0,0.071,11.361,6.0,10,20.106723573189512,,6636.458641843882,0.0,0.0,0.0,42.04177112568614,optimal
2021-02-09 10:30:00,10,61,0.0,0.0,0.0,0.13553333333333334,11.571,6.0,10,20.234690293641183,,0.0,0.0,0.0,0.0,40.853697903664994,optimal
2021-02-09 11:00:00,10,61,0.0,0.0,0.0,0.1717,14.3745,6.0,10,20.207989993286116,,0.0,0.0,0.0,0.0,39.66681275486587,optimal
2021-02-09 11:30:00,10,61,0.0,0.0,0.0,0.1361,13.23,6.0,10,20.21289023352952,,0.0,0.0,0.0,0.0,38.48111449121555,optimal
2021-02-09 12:00:00,10,61,0.0,0.0,0.0,0.34646666666666665,13.9755,6.0,10,20.217137997387287,,0.0,0.0,0.0,0.0,37.29660192582888,optimal
2021-02-09 12:30:00,10,61,0.0,0.0,0.0,1.745766666666667,14.994,6.0,10,20.24877240940022,,0.0,0.0,0.0,0.0,36.1132738730076,optimal
2021-02-09 13:00:00,10,61,0.0,0.0,0.0,0.5187,13.671,6.0,10,20.28744726786839,,0.0,0.0,0.0,0.0,34.93112914823914,optimal
2021-02-09 13:30:00,10,61,0.0,0.0,0.0,0.4739,15.981,6.0,10,20.328864570945534,,0.0,0.0,0.0,0.0,33.75016656819544,optimal
2021-02-09 14:00:00,10,61,0.0,0.0,0.0,0.3748333333333333,15.6345,6.0,10,20.371838645558192,,0.0,0.0,0.0,0.0,32.57038495073179,optimal
2021-02-09 14:30:00,10,61,0.0,0.0,0.0,1.7261333333333335,16.5375,6.0,10,20.40742375023328,,0.0,0.0,0.0,0.0,31.39178311488561,optimal
2021-02-09 15:00:00,10,61,0.0,0.0,0.0,2.9026666666666667,14.7735,6.0,10,20.44939923567563,,0.0,0.0,0.0,0.0,30.21435988087527,optimal
2021-02-09 15:30:00,10,61,0.0,0.0,0.0,1.6825666666666665,15.2145,6.0,10,20.476858242229785,,0.0,0.0,0.0,0.0,29.038114070098942,optimal
2021-02-09 16:00:00,10,61,0.0,0.0,0.0,0.20006666666666664,14.553,6.0,10,20.497570119701706,,0.0,0.0,0.0,0.0,27.86304450513339,optimal
2021-02-09 16:30:00,10,61,0.0,0.0,0.0,0.15133333333333335,14.3325,6.0,10,20.464018413262067,,0.0,0.0,0.0,0.0,27.83518146062826,optimal
2021-02-09 17:00:00,10,61,0.0,0.0,0.0,0.39903333333333335,14.595,6.0,10,20.43035326323939,,0.0,0.0,0.0,0.0,27.807346279167632,optimal
2021-02-09 17:30:00,10,61,0.0,0.0,0.0,0.5193666666666666,14.994,6.0,10,20.372026235505512,,0.0,0.0,0.0,0.0,27.779538932888464,optimal
2021-02-09 18:00:00,10,61,0.0,0.0,0.0,0.21309999999999998,14.3325,6.0,10,20.31877826481632,,0.0,0.0,0.0,0.0,27.751759393955574,optimal
2021-02-09 18:30:00,10,61,0.0,0.0,0.0,0.439,13.8915,6.0,10,20.2484961664965,,0.0,0.0,0.0,0.0,27.72400763456162,optimal
2021-02-09 19:00:00,10,61,0.0,0.0,0.0,0.7474,13.8915,6.0,10,20.182604649244162,,0.0,0.0,0.0,0.0,27.69628362692706,optimal
2021-02-09 19:30:00,10,61,0.0,0.0,0.0,0.4889,13.4715,6.0,10,20.125123831806444,,0.0,0.0,0.0,0.0,27.668587343300132,optimal
2021-02-09 20:00:00,10,61,0.0,0.0,0.0,0.5023666666666666,13.23,6.0,10,20.062235571529104,,0.0,0.0,0.0,0.0,27.640918755956832,optimal
2021-02-09 20:30:00,10,61,0.0,0.0,0.0,0.20966666666666664,13.8915,6.0,10,20.0,,0.0,0.0,0.0,0.0,27.613277837200876,optimal
2021-02-09 21:00:00,10,61,0.0,0.0,0.0,0.2011,26.9325,6.0,10,19.930645322624606,,0.0,0.0,0.0,0.0,27.585664559363675,optimal
2021-02-09 21:30:00,10,61,0.0,0.0,0.0,0.3970666666666667,30.303,6.0,10,19.861032959082895,,0.0,0.0,0.0,0.0,27.55807889480431,optimal
2021-02-09 22:00:00,10,61,0.0,0.0,0.0,0.17443333333333333,32.886,6.0,10,19.794079322384007,,0.0,0.0,0.0,0.0,27.530520815909508,optimal
2021-02-09 22:30:00,10,61,0.0,0.0,0.0,0.1979,34.9965,6.0,10,19.71794530684303,,0.0,0.0,0.0,0.0,27.5029902950936,optimal
2021-02-09 23:00:00,10,61,0.0,0.0,0.0,0.071,33.327,6.0,10,19.642891485110102,,0.0,0.0,0.0,0.0,27.475487304798506,optimal
2021-02-09 23:30:00,10,61,0.0,0.0,0.0,0.06866666666666667,31.122,6.0,10,19.565362900498087,,0.0,0.0,0.0,0.0,27.448011817493708,optimal
2021-02-10 00:00:00,10,61,2.0,0.0,5.0,0.057,17.8185,6.0,20,19.565362900498087,,7000.0,0.0,0.0,0.0,29.795563805676213,optimal
2021-02-10 00:30:00,10,61,2.0,0.0,5.0,0.057,17.094,6.0,20,19.65211453615679,,7000.0,0.0,0.0,0.0,32.14076824187053,optimal
2021-02-10 01:00:00,10,61,2.0,0.0,5.0,0.057,16.8945,6.0,20,19.73808723828096,,7000.0,0.0,0.0,0.0,34.48362747362866,optimal
2021-02-10 01:30:00,10,61,2.0,0.0,5.0,0.1392,18.123,6.0,20,19.823284255770925,,7000.0,0.0,0.0,0.0,36.82414384615503,optimal
2021-02-10 02:00:00,10,61,0.8101234992219094,0.0,0.0,0.057,31.647,6.0,20,19.90964972682761,,2835.4322472766826,0.0,0.0,0.0,36.78731970230888,optimal
2021-02-10 02:30:00,10,61,0.0,0.0,0.0,0.1373,34.9965,6.0,20,19.894963378172307,,0.0,0.0,0.0,0.0,36.75053238260657,optimal
2021-02-10 03:00:00,10,61,0.0,0.0,0.0,0.0689,34.9965,6.0,20,19.81522125677606,,0.0,0.0,0.0,0.0,36.71378185022397,optimal
2021-02-10 03:30:00,10,61,0.0,0.0,0.0,0.11636666666666666,34.9965,6.0,20,19.734086489570334,,0.0,0.0,0.0,0.0,36.67706806837374,optimal
2021-02-10 04:00:00,10,61,0.0,0.0,0.0,0.07983333333333333,34.9965,6.0,20,19.654584067438222,,0.0,0.0,0.0,0.0,36.64039100030537,optimal
2021-02-10 04:30:00,10,61,0.0,0.0,0.0,0.057,34.9965,6.0,20,19.57455062321028,,0.0,0.0,0.0,0.0,36.60375060930507,optimal
2021-02-10 05:00:00,10,61,2.0,0.0,0.0,0.057,27.741,6.0,20,19.49389475960311,,7000.0,0.0,0.0,0.0,36.567146858695764,optimal
2021-02-10 05:30:00,10,61,2.0,0.0,0.0,0.057,19.026,6.0,20,19.57844191021045,,7000.0,0.0,0.0,0.0,36.53057971183707,optimal
2021-02-10 06:00:00,10,61,2.0,0.0,4.578177360630042,0.0844,18.7215,6.0,20,19.66221932210143,,7000.0,0.0,0.0,0.0,38.668683378424504,optimal
2021-02-10 06:30:00,10,61,2.0,0.0,5.0,0.1118,17.4195,6.0,20,19.745877173442366,,7000.0,0.0,0.0,0.0,41.00501469504607,optimal
2021-02-10 07:00:00,10,61,2.0,0.0,5.0,0.0844,16.758,6.0,20,19.830667250806684,,7000.0,0.0,0.0,0.0,43.339009680351026,optimal
2021-02-10 07:30:00,10,61,2.0,0.0,5.0,0.1118,14.217,6.0,20,19.91529089649093,,7000.0,0.0,0.0,0.0,45.670670670670674,optimal
2021-02-10 08:00:00,10,61,1.0388128752784758,0.0,5.0,0.05633333333333333,13.3665,6.0,20,20.0,,3496.5117301413316,0.0,139.33333333333331,0.0,48.0,optimal
2021-02-10 08:30:00,10,61,0.992280718273463,0.0,0.0,0.09353333333333332,12.789,6.0,20,20.0,,3472.9825139571203,0.0,0.0,0.0,47.14452369487437,optimal
2021-02-10 09:00:00,10,61,0.729351913584354,0.0,0.0,0.10266666666666668,11.907,6.0,20,20.0,,2552.731697545239,0.0,0.0,0.0,46.28990286605387,optimal
2021-02-10 09:30:00,10,61,0.732305470865059,0.0,0.0,0.057,11.7075,6.0,20,20.0,,2563.069148027707,0.0,0.0,0.0,45.43613665806219,optimal
2021-02-10 10:00:00,10,61,0.6955625104303087,0.0,0.0,0.0745,10.8045,6.0,20,20.0,,1180.4687865060805,0.0,1254.0,0.0,45.39070052140413,optimal
2021-02-10 10:30:00,10,61,0.0,0.0,0.0,0.4608333333333333,11.508,6.0,20,20.00908296504481,,0.0,0.0,0.0,0.0,45.345309820882726,optimal
2021-02-10 11:00:00,10,61,0.0,0.0,0.0,1.4121333333333335,11.508,6.0,20,20.0,,0.0,0.0,0.0,0.0,45.299964511061845,optimal
2021-02-10 11:30:00,10,61,0.0,0.0,0.0,0.3765333333333334,11.508,6.0,20,20.02598177231719,,0.0,0.0,0.0,0.0,45.254664546550785,optimal
2021-02-10 12:00:00,10,61,0.0,0.0,0.0,0.063,11.844,6.0,20,20.036915605896358,,0.0,0.0,0.0,0.0,45.20940988200424,optimal
2021-02-10 12:30:00,10,61,0.0,0.0,0.0,0.1392,11.508,6.0,20,20.06968852078007,,0.0,0.0,0.0,0.0,45.16420047212223,optimal
2021-02-10 13:00:00,10,61,0.0,0.0,0.0,0.06533333333333333,11.508,6.0,20,20.10236094615908,,0.0,0.0,0.0,0.0,45.11903627165011,optimal
2021-02-10 13:30:00,10,61,2.0,0.0,0.0,0.09670000000000001,10.4475,6.0,20,20.12887375285475,,4840.333333333334,0.0,2159.6666666666665,0.0,45.07391723537846,optimal
2021-02-10 14:00:00,10,61,0.0,0.0,0.0,0.3561,10.8675,6.0,20,20.272624155685868,,0.0,0.0,0.0,0.0,45.02884331814308,optimal
2021-02-10 14:30:00,10,61,1.5428601317905595,0.0,0.0,0.1356,10.542,6.0,20,20.306707372782473,,5400.010461266958,0.0,0.0,0.0,44.98381447482494,optimal
2021-02-10 15:00:00,10,61,0.0,0.0,0.0,0.43323333333333336,11.025,6.0,20,20.464197454227417,,0.0,0.0,0.0,0.0,44.93883066035011,optimal
2021-02-10 15:30:00,10,61,0.0,0.0,0.0,0.27616666666666667,11.025,6.0,20,20.480361670589033,,0.0,0.0,0.0,0.0,44.893891829689764,optimal
2021-02-10 16:00:00,10,61,0.0,0.0,0.0,0.23656666666666665,14.553,6.0,20,20.493390583612825,,0.0,0.0,0.0,0.0,44.84899793786008,optimal
2021-02-10 16:30:00,10,61,0.0,0.0,0.0,0.3232,13.0935,6.0,20,20.47195361478484,,0.0,0.0,0.0,0.0,44.804148939922214,optimal
2021-02-10 17:00:00,10,61,0.0,0.0,0.0,0.3496,15.6345,6.0,20,20.451770225374364,,0.0,0.0,0.0,0.0,44.75934479098229,optimal
2021-02-10 17:30:00,10,61,0.0,0.0,0.0,0.3278666666666667,18.102,6.0,20,20.399320828999382,,0.0,0.0,0.0,0.0,44.71458544619131,optimal
2021-02-10 18:00:00,10,61,0.0,0.0,0.0,0.41960000000000003,17.199,6.0,20,20.344471606623483,,0.0,0.0,0.0,0.0,44.669870860745114,optimal
2021-02-10 18:30:00,10,61,0.0,0.0,0.0,0.37246666666666656,18.2805,6.0,20,20.27974537393962,,0.0,0.0,0.0,0.0,44.62520098988437,optimal
2021-02-10 19:00:00,10,61,0.0,0.0,0.0,0.3138,17.4615,6.0,20,20.21259282071739,,0.0,0.0,0.0,0.0,44.580575788894485,optimal
2021-02-10 19:30:00,10,61,0.0,0.0,0.0,0.16773333333333332,18.3225,6.0,20,20.143312132915185,,0.0,0.0,0.0,0.0,44.53599521310559,optimal
2021-02-10 20:00:00,10,61,0.0,0.0,0.0,0.25606666666666666,17.094,6.0,20,20.07005700124418,,0.0,0.0,0.0,0.0,44.49145921789249,optimal
2021-02-10 20:30:00,10,61,0.0,0.0,0.0,1.2753333333333332,17.094,6.0,20,20.0,,0.0,0.0,0.0,0.0,44.446967758674596,optimal
2021-02-10 21:00:00,10,61,0.0,0.0,0.0,0.5567666666666666,17.094,6.0,20,19.94355410318077,,0.0,0.0,0.0,0.0,44.40252079091592,optimal
2021-02-10 21:30:00,10,61,0.0,0.0,0.0,0.14183333333333334,17.3565,6.0,20,19.876319713816454,,0.0,0.0,0.0,0.0,44.358118270125004,optimal
2021-02-10 22:00:00,10,61,0.0,0.0,0.0,0.067,17.115,6.0,20,19.79106892617594,,0.0,0.0,0.0,0.0,44.31376015185488,optimal
2021-02-10 22:30:00,10,61,0.0,0.0,0.0,0.067,17.241,6.0,20,19.6957458066632,,0.0,0.0,0.0,0.0,44.26944639170303,optimal
2021-02-10 23:00:00,10,61,0.0,0.0,0.0,0.067,17.094,6.0,20,19.599777536125124,,0.0,0.0,0.0,0.0,44.225176945311325,optimal
2021-02-10 23:30:00,10,61,0.0,0.0,0.0,0.1492,16.5165,6.0,20,19.503166805460594,,0.0,0.0,0.0,0.0,44.180951768366015,optimal
2021-02-11 00:00:00,10,61,0.0,0.0,0.0,0.062,29.106,6.0,-17,19.503166805460594,,0.0,0.0,0.0,0.0,44.13677081659765,optimal
2021-02-11 00:30:00,10,61,2.0,0.0,0.0,0.15113333333333331,19.1835,6.0,-17,19.40786406205216,,4492.0,0.0,2508.0,0.0,44.09263404578105,optimal
2021-02-11 01:00:00,10,61,2.0,0.0,0.0,0.062,19.6665,6.0,-17,19.42154544101356,,7000.0,0.0,0.0,0.0,44.048541411735265,optimal
2021-02-11 01:30:00,10,61,2.0,0.0,0.0,0.1002,19.404,6.0,-17,19.492701026775865,,7000.0,0.0,0.0,0.0,44.00449287032353,optimal
2021-02-11 02:00:00,10,61,2.0,0.0,0.0,0.11293333333333334,19.047,6.0,-17,19.564461802212985,,7000.0,0.0,0.0,0.0,43.96048837745321,optimal
2021-02-11 02:30:00,10,61,2.0,0.0,0.0,0.062,18.858,6.0,-17,19.636223925269213,,7000.0,0.0,0.0,0.0,43.91652788907576,optimal
2021-02-11 03:00:00,10,61,2.0,0.0,0.0,0.15113333333333331,19.2675,6.0,-17,19.706066999774958,,7000.0,0.0,0.0,0.0,43.872611361186685,optimal
2021-02-11 03:30:00,10,61,2.0,0.0,0.0,0.062,18.963,6.0,-17,19.777306278091253,,7000.0,0.0,0.0,0.0,43.8287387498255,optimal
2021-02-11 04:00:00,10,61,2.0,0.0,0.0,0.062,18.438,6.0,-17,19.847186547743433,,7000.0,0.0,0.0,0.0,43.784910011075674,optimal
2021-02-11 04:30:00,10,61,2.0,0.0,0.0,0.15113333333333331,18.7425,6.0,-17,19.917818089520782,,7000.0,0.0,0.0,0.0,43.7411251010646,optimal
2021-02-11 05:00:00,10,61,2.0,0.0,5.0,0.06566666666666666,15.2145,6.0,-17,19.99025964240725,,7000.0,0.0,0.0,0.0,46.07238397596353,optimal
2021-02-11 05:30:00,10,61,2.0,0.0,0.0,0.12563333333333335,17.7765,6.0,-17,20.060294432081566,,7000.0,0.0,0.0,0.0,46.02631159198757,optimal
2021-02-11 06:00:00,10,61,2.0,0.0,0.0,0.09383333333333331,16.758,6.0,-17,20.13243281451077,,7000.0,0.0,0.0,0.0,45.980285280395584,optimal
2021-02-11 06:30:00,10,61,2.0,0.0,4.652596811801752,0.062,16.422,6.0,-17,20.20471173273389,,7000.0,0.0,0.0,0.0,48.144288480721016,optimal
2021-02-11 07:00:00,10,61,2.0,0.0,0.0,0.2789333333333333,16.758,6.0,-17,20.276980271123307,,7000.0,0.0,0.0,0.0,48.096144192240295,optimal
2021-02-11 07:30:00,10,61,0.5109059837533859,0.0,0.0,0.2613666666666667,29.358,6.0,-17,20.359024684601632,,1788.1709431368506,0.0,0.0,0.0,48.048048048048045,optimal
2021-02-11 08:00:00,10,61,0.0,0.0,0.0,0.15926666666666667,34.9965,6.0,-17,20.320014147183656,,0.0,0.0,0.0,0.0,48.0,optimal
2021-02-11 08:30:00,10,61,0.0,0.0,0.0,0.09746666666666669,34.65,6.0,-17,20.238892121086174,,0.0,0.0,0.0,0.0,47.86446140629027,optimal
2021-02-11 09:00:00,10,61,0.0,0.0,0.0,0.072,34.9965,6.0,-17,20.146256109331077,,0.0,0.0,0.0,0.0,47.729058351174245,optimal
2021-02-11 09:30:00,10,61,0.0,0.0,0.0,0.072,34.9965,6.0,-17,20.07666741355889,,0.0,0.0,0.0,0.0,47.59379069911334,optimal
2021-02-11 10:00:00,10,61,0.0,0.0,0.0,0.1484,30.4815,6.0,-17,20.014251052829568,,0.0,0.0,0.0,0.0,47.4586583147045,optimal
2021-02-11 10:30:00,10,61,0.22019694464845563,0.0,0.0,0.08473333333333334,21.4305,6.0,-17,20.0,,770.6893062695947,0.0,0.0,0.0,47.32366106268007,optimal
2021-02-11 11:00:00,10,61,0.0,0.0,0.0,0.072,14.3325,6.0,-17,20.0,,0.0,0.0,0.0,0.0,47.18879880790766,optimal
2021-02-11 11:30:00,10,61,0.0,0.0,0.0,0.16113333333333332,13.692,6.0,-17,20.010017894798114,,0.0,0.0,0.0,0.0,47.05407141539002,optimal
2021-02-11 12:00:00,10,61,0.0,0.0,0.0,0.072,14.007,6.0,-17,20.025226837508352,,0.0,0.0,0.0,0.0,46.9194787502649,optimal
2021-02-11 12:30:00,10,61,0.0,0.0,0.0,0.16113333333333332,12.873,6.0,-17,20.065283848337938,,0.0,0.0,0.0,0.0,46.78502067780491,optimal
2021-02-11 13:00:00,10,61,0.0,0.0,0.0,0.072,12.684,6.0,-17,20.10998951917541,,0.0,0.0,0.0,0.0,46.650697063417375,optimal
2021-02-11 13:30:00,10,61,0.0,0.0,0.0,0.09746666666666669,12.306,6.0,-17,20.141566876489115,,0.0,0.0,0.0,0.0,46.516507772644225,optimal
2021-02-11 14:00:00,10,61,0.05971428571428571,0.0,0.0,0.13566666666666666,10.6365,6.0,-17,20.174030939717742,,0.0,0.0,209.0,0.0,46.38245267116185,optimal
2021-02-11 14:30:00,10,61,0.0,0.0,0.0,0.072,11.2455,6.0,-17,20.210530955536427,,0.0,0.0,0.0,0.0,46.24853162478096,optimal
2021-02-11 15:00:00,10,61,0.0,0.0,0.0,0.16113333333333332,11.2455,6.0,-17,20.243915600804314,,0.0,0.0,0.0,0.0,46.114744499446445,optimal
2021-02-11 15:30:00,10,61,0.0,0.0,0.0,0.072,11.025,6.0,-17,20.253204808370512,,0.0,0.0,0.0,0.0,45.981091161237266,optimal
2021-02-11 16:00:00,10,61,0.0,0.0,0.0,0.10383333333333332,12.0855,6.0,-17,20.25555405502498,,0.0,0.0,0.0,0.0,45.8475714763663,optimal
2021-02-11 16:30:00,10,61,0.0,0.0,0.0,0.1293,11.6865,6.0,-17,20.22247339887615,,0.0,0.0,0.0,0.0,45.7141853111802,optimal
2021-02-11 17:00:00,10,61,0.0,0.0,0.0,0.082,11.2245,6.0,-17,20.186378174969303,,0.0,0.0,0.0,0.0,45.58093253215929,optimal
2021-02-11 17:30:00,10,61,0.0,0.0,0.0,0.082,11.025,6.0,-17,20.10835558784679,,0.0,0.0,0.0,0.0,45.447813005917396,optimal
2021-02-11 18:00:00,10,61,2.0,0.0,0.0,0.16113333333333332,10.7835,6.0,-17,20.028828721862837,,7000.0,0.0,0.0,0.0,45.31482659920175,optimal
2021-02-11 18:30:00,10,61,0.008974764855065542,0.0,0.0,0.072,11.025,6.0,-17,20.099658041436033,,31.411676992729397,0.0,0.0,0.0,45.18197317889282,optimal
2021-02-11 19:00:00,10,61,2.0,0.0,0.0,0.072,10.584,6.0,-17,20.0,,7000.0,0.0,0.0,0.0,45.049252612004196,optimal
2021-02-11 19:30:00,10,61,0.47759774822367135,0.0,0.0,0.14293333333333333,11.025,6.0,-17,20.06175431920605,,1671.5921187828499,0.0,0.0,0.0,45.00420335939219,optimal
2021-02-11 20:00:00,10,61,1.1970143887418145,0.0,0.0,0.24769999999999998,10.4265,6.0,-17,20.0,,4189.550360596351,0.0,0.0,0.0,44.9591991560328,optimal
2021-02-11 20:30:00,10,61,0.0,0.0,0.0,0.6402,12.789,6.0,-17,20.0,,0.0,0.0,0.0,0.0,44.91423995687677,optimal
2021-02-11 21:00:00,10,61,0.0,0.0,0.0,1.2562,12.684,6.0,-17,19.91313037309449,,0.0,0.0,0.0,0.0,44.869325716919896,optimal
2021-02-11 21:30:00,10,61,0.0,0.0,0.0,0.6855333333333333,16.254,6.0,-17,19.827561366454056,,0.0,0.0,0.0,0.0,44.82445639120298,optimal
2021-02-11 22:00:00,10,61,0.0,0.0,0.0,0.2204,17.64,6.0,-17,19.725492990818623,,0.0,0.0,0.0,0.0,44.779631934811775,optimal
2021-02-11 22:30:00,10,61,0.0,0.0,0.0,0.1676,19.1625,6.0,-17,19.624316268161678,,0.0,0.0,0.0,0.0,44.734852302876966,optimal
2021-02-11 23:00:00,10,61,0.0,0.0,0.0,0.33203333333333335,26.46,6.0,-17,19.519366468683035,,0.0,0.0,0.0,0.0,44.69011745057409,optimal
2021-02-11 23:30:00,10,61,0.0,0.0,0.0,0.067,20.79,6.0,-17,19.414812043288457,,0.0,0.0,0.0,0.0,44.64542733312352,optimal
2021-02-12 00:00:00,10,61,2.0,0.0,0.0,0.056,12.285,6.0,22,19.414812043288457,,7000.0,0.0,0.0,0.0,44.6007819057904,optimal
2021-02-12 00:30:00,10,61,2.0,0.0,0.0,0.1699,11.487,6.0,22,19.47168458525143,,7000.0,0.0,0.0,0.0,44.556181123884606,optimal
2021-02-12 01:00:00,10,61,2.0,0.0,0.0,0.1779,11.802,6.0,22,19.53100931602061,,7000.0,0.0,0.0,0.0,44.51162494276072,optimal
2021-02-12 01:30:00,10,61,2.0,0.0,0.0,0.0716,11.2245,6.0,22,19.59027550138692,,7000.0,0.0,0.0,0.0,44.467113317817955,optimal
2021-02-12 02:00:00,10,61,2.0,0.0,0.0,0.2464,11.025,6.0,22,19.647201634838655,,7000.0,0.0,0.0,0.0,44.42264620450014,optimal
2021-02-12 02:30:00,10,61,2.0,0.0,0.0,0.117,11.907,6.0,22,19.70843479770349,,7000.0,0.0,0.0,0.0,44.37822355829564,optimal
2021-02-12 03:00:00,10,61,2.0,0.0,0.0,0.1861,25.83,6.0,22,19.767608460194634,,7000.0,0.0,0.0,0.0,44.33384533473734,optimal
2021-02-12 03:30:00,10,61,0.056111330041285504,0.0,0.0,0.1773,28.035,6.0,22,19.829418185836246,,196.38965514449927,0.0,0.0,0.0,44.2895114894026,optimal
2021-02-12 04:00:00,10,61,2.0,0.0,0.0,0.12359999999999999,28.119,6.0,22,19.73303543836599,,7000.0,0.0,0.0,0.0,44.2452219779132,optimal
2021-02-12 04:30:00,10,61,0.0,0.0,0.0,0.213,30.156,6.0,22,19.79935296287642,,0.0,0.0,0.0,0.0,44.20097675593529,optimal
2021-02-12 05:00:00,10,61,0.0,0.0,0.0,0.0828,29.1585,6.0,22,19.705140762529183,,0.0,0.0,0.0,0.0,44.15677577917935,optimal
2021-02-12 05:30:00,10,61,2.0,0.0,0.0,0.1475,26.712,6.0,22,19.611166912433486,,7000.0,0.0,0.0,0.0,44.11261900340017,optimal
2021-02-12 06:00:00,10,61,2.0,0.0,0.0,0.2159,15.435,6.0,22,19.687733182617038,,7000.0,0.0,0.0,0.0,44.06850638439677,optimal
2021-02-12 06:30:00,10,61,2.0,0.0,0.0,0.056,13.566,6.0,22,19.768931923535263,,7000.0,0.0,0.0,0.0,44.02443787801237,optimal
2021-02-12 07:00:00,10,61,2.0,0.0,0.0,0.082,12.789,6.0,22,19.84643353184875,,7000.0,0.0,0.0,0.0,43.980413440134356,optimal
2021-02-12 07:30:00,10,61,2.0,0.0,0.0,0.14066666666666666,12.1275,6.0,22,19.924642890923508,,7000.0,0.0,0.0,0.0,43.936433026694225,optimal
2021-02-12 08:00:00,10,61,1.104603635633563,0.0,0.0,0.21006666666666662,13.671,6.0,22,20.0,,3866.1127247174695,0.0,0.0,0.0,43.89249659366753,optimal
2021-02-12 08:30:00,10,61,2.0,0.0,0.0,0.16,10.668,6.0,22,20.0,,6791.0,0.0,209.0,0.0,43.84860409707386,optimal
2021-02-12 09:00:00,10,61,0.027294858470500567,0.0,0.0,0.061266666666666664,11.7285,6.0,22,20.067203361229545,,95.53200464675199,0.0,0.0,0.0,43.80475549297679,optimal
2021-02-12 09:30:00,10,61,0.45965642152352243,0.0,0.0,1.5555999999999999,11.025,6.0,22,20.0,,1399.7974753323285,0.0,209.0,0.0,43.76095073748381,optimal
2021-02-12 10:00:00,10,61,0.1648752565870599,0.0,0.0,0.1396,10.689,6.0,22,20.0,,507.39673138804295,0.0,69.66666666666666,0.0,43.717189786746324,optimal
2021-02-12 10:30:00,10,61,2.0,0.0,5.0,0.068,8.1585,6.0,22,20.0,,2262.666666666667,0.0,4737.333333333333,0.0,46.04847259695958,optimal
2021-02-12 11:00:00,10,61,0.0,0.0,4.306576681443017,0.14606666666666665,10.3635,6.0,22,20.04140738438214,,0.0,0.0,0.0,0.0,48.048048048048045,optimal
2021-02-12 11:30:00,10,61,0.0,0.0,0.0,0.1678,10.8045,6.0,22,20.063586605857914,,0.0,0.0,0.0,0.0,48.0,optimal
2021-02-12 12:00:00,10,61,0.0,0.0,0.0,0.12656666666666666,11.025,6.0,22,20.086198266899547,,0.0,0.0,0.0,0.0,47.29501898023597,optimal
2021-02-12 12:30:00,10,61,0.0,0.0,0.0,0.1987,10.3635,6.0,22,20.114786859628456,,0.0,0.0,0.0,0.0,46.59074294149171,optimal
2021-02-12 13:00:00,10,61,0.0,0.0,0.0,0.056,10.8045,6.0,22,20.1452781567576,,0.0,0.0,0.0,0.0,45.8871711787862,optimal
2021-02-12 13:30:00,10,61,0.0,0.0,0.0,0.1565,10.059,6.0,22,20.171815550029496,,0.0,0.0,0.0,0.0,45.18430298784339,optimal
2021-02-12 14:00:00,10,61,0.0,0.0,0.0,0.2119,10.584,6.0,22,20.2001981626031,,0.0,0.0,0.0,0.0,45.139118684855546,optimal
2021-02-12 14:30:00,10,61,2.0,0.0,0.0,0.8405333333333334,9.4185,6.0,22,20.221463189396363,,7000.0,0.0,0.0,0.0,45.09397956617069,optimal
2021-02-12 15:00:00,10,61,0.0,0.0,0.0,0.7248666666666667,10.3635,6.0,22,20.42618239327326,,0.0,0.0,0.0,0.0,45.04888558660452,optimal
2021-02-12 15:30:00,10,61,0.363383018040432,0.0,0.0,0.0959,9.8385,6.0,22,20.450670281647486,,1271.840563141512,0.0,0.0,0.0,45.00383670101792,optimal
2021-02-12 16:00:00,10,61,0.0,0.0,0.0,0.36519999999999997,11.067,6.0,22,20.49140834281973,,0.0,0.0,0.0,0.0,44.958832864316896,optimal
2021-02-12 16:30:00,10,61,0.0,0.0,0.0,0.428,10.8465,6.0,22,20.473906397920093,,0.0,0.0,0.0,0.0,44.91387403145258,optimal
2021-02-12 17:00:00,10,61,0.0,0.0,0.0,0.4486,13.671,6.0,22,20.455458349277198,,0.0,0.0,0.0,0.0,44.86896015742113,optimal
2021-02-12 17:30:00,10,61,0.0,0.0,0.0,0.30976666666666663,12.348,6.0,22,20.403407727187915,,0.0,0.0,0.0,0.0,44.824091197263705,optimal
2021-02-12 18:00:00,10,61,0.0,0.0,0.0,0.2954333333333333,14.3325,6.0,22,20.345721480302867,,0.0,0.0,0.0,0.0,44.77926710606644,optimal
2021-02-12 18:30:00,10,61,0.0,0.0,0.0,0.41193333333333326,15.393,6.0,22,20.272685262411976,,0.0,0.0,0.0,0.0,44.734487838960376,optimal
2021-02-12 19:00:00,10,61,0.0,0.0,0.0,0.26193333333333335,13.587,6.0,22,20.202196835840525,,0.0,0.0,0.0,0.0,44.68975335112142,optimal
2021-02-12 19:30:00,10,61,0.0,0.0,0.0,0.41063333333333335,16.1385,6.0,22,20.127307593871187,,0.0,0.0,0.0,0.0,44.645063597770296,optimal
2021-02-12 20:00:00,10,61,0.0,0.0,0.0,1.7312333333333332,14.595,6.0,22,20.05727921046549,,0.0,0.0,0.0,0.0,44.600418534172526,optimal
2021-02-12 20:30:00,10,61,0.0,0.0,0.0,0.2292,14.637,6.0,22,20.0,,0.0,0.0,0.0,0.0,44.55581811563835,optimal
2021-02-12 21:00:00,10,61,0.0,0.0,0.0,0.46753333333333336,13.9125,6.0,22,19.92990771163512,,0.0,0.0,0.0,0.0,44.51126229752271,optimal
2021-02-12 21:30:00,10,61,0.0,0.0,0.0,0.1885,13.3665,6.0,22,19.86063911731509,,0.0,0.0,0.0,0.0,44.46675103522519,optimal
2021-02-12 22:00:00,10,61,0.0,0.0,0.0,0.5284333333333333,13.0095,6.0,22,19.784635645110207,,0.0,0.0,0.0,0.0,44.42228428418996,optimal
2021-02-12 22:30:00,10,61,0.0,0.0,0.0,0.09720000000000001,13.8915,6.0,22,19.716080754045304,,0.0,0.0,0.0,0.0,44.377861999905775,optimal
2021-02-12 23:00:00,10,61,0.0,0.0,0.0,0.2282,13.188,6.0,22,19.63467804520858,,0.0,0.0,0.0,0.0,44.33348413790587,optimal
2021-02-12 23:30:00,10,61,0.0,0.0,0.0,0.15519999999999998,12.5685,6.0,22,19.556708030129826,,0.0,0.0,0.0,0.0,44.28915065376796,optimal
2021-02-13 00:00:00,10,61,0.0,0.0,0.0,0.059,30.4605,6.0,13,19.556708030129826,,0.0,0.0,0.0,0.0,44.244861503114194,optimal
2021-02-13 00:30:00,10,61,0.0,0.0,0.0,0.059,30.0195,6.0,13,19.47533961924442,,0.0,0.0,0.0,0.0,44.20061664161108,optimal
2021-02-13 01:00:00,10,61,0.0,0.0,0.0,0.1274,26.9325,6.0,13,19.394519140698435,,0.0,0.0,0.0,0.0,44.15641602496947,optimal
2021-02-13 01:30:00,10,61,0.0,0.0,0.0,0.059,14.595,6.0,13,19.315859366935534,,0.0,0.0,0.0,0.0,44.1122596089445,optimal
2021-02-13 02:00:00,10,61,1.0840544873046616,0.0,0.0,0.078,12.4845,6.0,13,19.23612117004861,,3236.857372232982,0.0,557.3333333333334,0.0,44.068147349335554,optimal
2021-02-13 02:30:00,10,61,2.0,0.0,0.0,0.10840000000000001,12.1275,6.0,13,19.233801269669858,,7000.0,0.0,0.0,0.0,44.02407920198622,optimal
2021-02-13 03:00:00,10,61,2.0,0.0,0.0,0.059,12.1275,6.0,13,19.321064010270558,,7000.0,0.0,0.0,0.0,43.98005512278423,optimal
2021-02-13 03:30:00,10,61,0.0,0.0,0.0,0.059,12.789,6.0,13,19.406796350834846,,0.0,0.0,0.0,0.0,43.93607506766144,optimal
2021-02-13 04:00:00,10,61,2.0,0.0,0.0,0.059,11.907,6.0,13,19.326678859458543,,7000.0,0.0,0.0,0.0,43.89213899259378,optimal
2021-02-13 04:30:00,10,61,2.0,0.0,0.0,0.1274,11.025,6.0,13,19.41197068474977,,7000.0,0.0,0.0,0.0,43.84824685360118,optimal
2021-02-13 05:00:00,10,61,2.0,0.0,4.329612509698124,0.059,8.2005,6.0,13,19.498104723163916,,7000.0,0.0,0.0,0.0,45.860964548854184,optimal
2021-02-13 05:30:00,10,61,2.0,0.0,0.0,0.078,9.5655,6.0,13,19.581847346169376,,7000.0,0.0,0.0,0.0,45.81510358430533,optimal
2021-02-13 06:00:00,10,61,2.0,0.0,5.0,0.10840000000000001,7.056,6.0,13,19.665272213290432,,7000.0,0.0,0.0,0.0,48.144288480721016,optimal
2021-02-13 06:30:00,10,61,2.0,0.0,0.0,0.05866666666666666,9.3975,6.0,13,19.748649826181953,,7000.0,0.0,0.0,0.0,48.096144192240295,optimal
2021-02-13 07:00:00,10,61,2.0,0.0,0.0,0.1036,10.059,6.0,13,19.830792676207263,,7000.0,0.0,0.0,0.0,48.048048048048045,optimal
2021-02-13 07:30:00,10,61,2.0,0.0,0.0,0.08146666666666667,9.261,6.0,13,19.917471953370907,,7000.0,0.0,0.0,0.0,48.0,optimal
2021-02-13 08:00:00,10,61,2.0,0.0,0.0,0.11353333333333332,8.1585,6.0,13,20.0,,7000.0,0.0,0.0,0.0,47.81699621366903,optimal
2021-02-13 08:30:00,10,61,0.06850043474601303,0.0,0.0,0.0842,9.4815,6.0,13,20.080323213253017,,239.7515216110456,0.0,0.0,0.0,47.63417543112439,optimal
2021-02-13 09:00:00,10,61,1.6818045497597716,0.0,0.0,0.069,8.379,6.0,13,20.0,,5604.145623068443,0.0,282.1703010907577,0.0,47.45153746936229,optimal
2021-02-13 09:30:00,10,61,0.0,0.0,0.0,0.069,9.5235,6.0,13,20.06577823148673,,0.0,0.0,0.0,0.0,47.26908214556196,optimal
2021-02-13 10:00:00,10,61,2.0,0.0,0.0,0.1277333333333333,8.1375,6.0,13,20.0,,6864.170301090758,0.0,135.82969890924232,0.0,47.08680927708543,optimal
2021-02-13 10:30:00,10,61,0.0,0.0,0.0,0.059,10.0905,6.0,13,20.132031708444178,,0.0,0.0,0.0,0.0,46.90471868147738,optimal
2021-02-13 11:00:00,10,61,2.0,0.0,0.0,0.06133333333333334,7.539,6.0,13,20.10002971525669,,7000.0,0.0,0.0,0.0,46.72281017646493,optimal
2021-02-13 11:30:00,10,61,2.0,0.0,0.0,0.069,7.938,6.0,13,20.27215931023129,,7000.0,0.0,0.0,0.0,46.5410835799575,optimal
2021-02-13 12:00:00,10,61,2.0,0.0,0.0,0.069,8.274,6.0,13,20.443779507594734,,7000.0,0.0,0.0,0.0,46.35953871004657,optimal
2021-02-13 12:30:00,10,61,0.0,0.0,0.0,0.05966666666666666,9.261,6.0,13,20.63058000597384,,0.0,0.0,0.0,0.0,46.17817538500555,optimal
2021-02-13 13:00:00,10,61,0.0,0.0,0.0,0.0818,9.9225,6.0,13,20.651734765151083,,0.0,0.0,0.0,0.0,45.996993423289574,optimal
2021-02-13 13:30:00,10,61,0.0,0.0,0.0,0.11159999999999999,9.702,6.0,13,20.680887452692975,,0.0,0.0,0.0,0.0,45.81599264353532,optimal
2021-02-13 14:00:00,10,61,0.0,0.0,0.0,0.1146,10.584,6.0,13,20.710873994131312,,0.0,0.0,0.0,0.0,45.635172864560815,optimal
2021-02-13 14:30:00,10,61,0.0,0.0,0.0,0.08913333333333334,10.143,6.0,13,20.712273161380605,,0.0,0.0,0.0,0.0,45.45453390536528,optimal
2021-02-13 15:00:00,10,61,0.0,0.0,0.0,0.1008,13.0095,6.0,13,20.713545236107734,,0.0,0.0,0.0,0.0,45.27407558512895,optimal
2021-02-13 15:30:00,10,61,0.0,0.0,0.0,0.0896,11.025,6.0,13,20.69143329573796,,0.0,0.0,0.0,0.0,45.09379772321285,optimal
2021-02-13 16:00:00,10,61,0.0,0.0,0.0,0.088,12.789,6.0,13,20.66863758567138,,0.0,0.0,0.0,0.0,44.91370013915867,optimal
2021-02-13 16:30:00,10,61,0.0,0.0,0.0,0.1184,12.1275,6.0,13,20.61824369011491,,0.0,0.0,0.0,0.0,44.73378265268854,optimal
2021-02-13 17:00:00,10,61,0.0,0.0,0.0,0.069,12.1695,6.0,13,20.56877778895048,,0.0,0.0,0.0,0.0,44.55404508370488,optimal
2021-02-13 17:30:00,10,61,0.0,0.0,0.0,0.1374,12.306,6.0,13,20.494107344927606,,0.0,0.0,0.0,0.0,44.3744872522902,optimal
2021-02-13 18:00:00,10,61,0.0,0.0,0.0,0.069,13.23,6.0,13,20.420946310196452,,0.0,0.0,0.0,0.0,44.19510897870694,optimal
2021-02-13 18:30:00,10,61,0.0,0.0,0.0,0.10186666666666666,13.671,6.0,13,20.3360752717726,,0.0,0.0,0.0,0.0,44.015910083397266,optimal
2021-02-13 19:00:00,10,61,0.0,0.0,0.0,0.0932,13.9335,6.0,13,20.2521572079662,,0.0,0.0,0.0,0.0,43.8368903869829,optimal
2021-02-13 19:30:00,10,61,0.0,0.0,0.0,0.059,13.293,6.0,13,20.16838061503491,,0.0,0.0,0.0,0.0,43.65804971026495,optimal
2021-02-13 20:00:00,10,61,0.0,0.0,0.0,0.1008,12.1065,6.0,13,20.083728826003888,,0.0,0.0,0.0,0.0,43.47938787422371,optimal
2021-02-13 20:30:00,10,61,0.0,0.0,0.0,0.0856,11.571,6.0,13,20.0,,0.0,0.0,0.0,0.0,43.30090470001852,optimal
2021-02-13 21:00:00,10,61,0.0,0.0,0.0,0.11220000000000001,11.025,6.0,13,19.916261501806005,,0.0,0.0,0.0,0.0,43.12260000898753,optimal
2021-02-13 21:30:00,10,61,0.0,0.0,0.0,0.0742,10.8465,6.0,13,19.833500351559806,,0.0,0.0,0.0,0.0,42.94447362264758,optimal
2021-02-13 22:00:00,10,61,0.0,0.0,0.0,0.2152666666666667,11.2455,6.0,13,19.749978592389326,,0.0,0.0,0.0,0.0,42.90152914902493,optimal
2021-02-13 22:30:00,10,61,0.0,0.0,0.0,0.29419999999999996,23.8665,6.0,13,19.676798590605358,,0.0,0.0,0.0,0.0,42.858627619875904,optimal
2021-02-13 23:00:00,10,61,0.0,0.0,0.0,0.14646666666666666,27.4575,6.0,13,19.608162141603014,,0.0,0.0,0.0,0.0,42.815768992256025,optimal
2021-02-13 23:30:00,10,61,0.0,0.0,0.0,0.059,27.3735,6.0,13,19.53229626229588,,0.0,0.0,0.0,0.0,42.77295322326377,optimal
