time,run,dwelling_id,hp_elec_kw,boiler_gas_kw,ev_charge_kw,appliance_kw,tariff_elec_price,tariff_gas_price,tariff_offset_steps,Tin_C,T_tank_C,Q_hp_space_w,Q_bo_space_w,Q_hp_hw_w,Q_bo_hw_w,ev_soc_kwh,solve_status
2021-02-07 00:00:00,1,90,0.0,0.0,0.0,0.056,6.678,6.0,3,21.0,,0.0,0.0,0.0,0.0,47.952,optimal
2021-02-07 00:30:00,1,90,0.0,0.0,0.0,0.1512,7.938,6.0,3,20.77186504560745,,0.0,0.0,0.0,0.0,47.904047999999996,optimal
2021-02-07 01:00:00,1,90,0.0,0.0,0.0,0.1529,5.292,6.0,3,20.5544013025656,,0.0,0.0,0.0,0.0,47.856143952,optimal
2021-02-07 01:30:00,1,90,0.0,0.0,0.0,0.10529999999999999,9.261,6.0,3,20.33877602755629,,0.0,0.0,0.0,0.0,47.80828780804799,optimal
2021-02-07 02:00:00,1,90,0.0,0.0,0.0,0.1631,10.3635,6.0,3,20.12110154676112,,0.0,0.0,0.0,0.0,47.76047952023995,optimal
2021-02-07 02:30:00,1,90,0.0,0.0,0.0,0.12229999999999999,8.274,6.0,3,19.91119197661636,,0.0,0.0,0.0,0.0,47.712719040719705,optimal
2021-02-07 03:00:00,1,90,0.0,0.0,0.0,0.1512,7.7175,6.0,3,19.699067308268077,,0.0,0.0,0.0,0.0,47.66500632167899,optimal
2021-02-07 03:30:00,1,90,0.0,0.0,0.0,0.158,6.615,6.0,3,19.491229826344256,,0.0,0.0,0.0,0.0,47.61734131535731,optimal
2021-02-07 04:00:00,1,90,0.0,0.0,0.0,0.06620000000000001,6.174,6.0,3,19.286281930082612,,0.0,0.0,0.0,0.0,47.56972397404195,optimal
2021-02-07 04:30:00,1,90,2.8,0.0,0.0,0.1036,3.906,6.0,3,19.07502875626505,,7000.0,0.0,0.0,0.0,47.522154250067906,optimal
2021-02-07 05:00:00,1,90,2.8,0.0,0.0,0.21580000000000002,2.3415,6.0,3,19.520114366306114,,7000.0,0.0,0.0,0.0,47.47463209581784,optimal
2021-02-07 05:30:00,1,90,2.8,0.0,0.0,0.05666666666666666,2.205,6.0,3,19.969247850721885,,7000.0,0.0,0.0,0.0,47.42715746372202,optimal
2021-02-07 06:00:00,1,90,2.8,0.0,1.5082397599621051,0.1901,0.882,6.0,3,20.397120204804608,,7000.0,0.0,0.0,0.0,48.096144192240295,optimal
2021-02-07 06:30:00,1,90,2.8,0.0,0.0,0.7395,1.5435,6.0,3,20.830391452351975,,7000.0,0.0,0.0,0.0,48.048048048048045,optimal
2021-02-07 07:00:00,1,90,2.8,0.0,0.0,0.3599,1.5435,6.0,3,21.262456255062624,,7000.0,0.0,0.0,0.0,48.0,optimal
2021-02-07 07:30:00,1,90,1.1030821732704938,0.0,0.0,1.7199,5.0715,6.0,3,21.707702405139464,,2757.7054331762342,0.0,0.0,0.0,47.50018552959345,optimal
2021-02-07 08:00:00,1,90,0.0,0.0,0.0,0.38146666666666657,5.376,6.0,3,21.813397119987368,,0.0,0.0,0.0,0.0,47.00087087365731,optimal
2021-02-07 08:30:00,1,90,2.8,0.0,0.0,0.2382,5.0715,6.0,3,21.613705291192872,,7000.0,0.0,0.0,0.0,46.502055532377106,optimal
2021-02-07 09:00:00,1,90,1.1615502324119285,0.0,0.0,0.255,5.5125,6.0,3,22.0,,2903.875581029821,0.0,0.0,0.0,46.00373900643818,optimal
2021-02-07 09:30:00,1,90,1.1510038117191443,0.0,0.0,0.2849,9.261,6.0,3,22.0,,2877.509529297861,0.0,0.0,0.0,45.5059207970252,optimal
2021-02-07 10:00:00,1,90,0.0,0.0,0.0,0.056,11.7075,6.0,3,22.0,,0.0,0.0,0.0,0.0,45.008600405821625,optimal
2021-02-07 10:30:00,1,90,0.0,0.0,0.0,0.056,12.348,6.0,3,21.734812440025507,,0.0,0.0,0.0,0.0,44.511777335009256,optimal
2021-02-07 11:00:00,1,90,0.0,0.0,0.0,0.10546666666666668,12.348,6.0,3,21.471988352009248,,0.0,0.0,0.0,0.0,44.0154510872677,optimal
2021-02-07 11:30:00,1,90,0.261539755676423,0.0,0.0,0.2246,12.1275,6.0,3,21.232100889606606,,653.8493891910575,0.0,0.0,0.0,43.519621165773884,optimal
2021-02-07 12:00:00,1,90,0.0,0.0,0.0,0.056,12.5265,6.0,3,21.068024351799703,,0.0,0.0,0.0,0.0,43.02428707420157,optimal
2021-02-07 12:30:00,1,90,2.8,0.0,0.0,0.19653333333333334,11.7495,6.0,3,20.841671726951272,,7000.0,0.0,0.0,0.0,42.52944831672082,optimal
2021-02-07 13:00:00,1,90,0.0,0.0,0.0,0.29996666666666666,13.23,6.0,3,21.28599720639359,,0.0,0.0,0.0,0.0,42.03510439799755,optimal
2021-02-07 13:30:00,1,90,0.0,0.0,0.0,0.2469,14.3325,6.0,3,21.071866702156278,,0.0,0.0,0.0,0.0,41.54125482319301,optimal
2021-02-07 14:00:00,1,90,0.0,0.0,0.0,0.056,14.994,6.0,3,20.852507867203972,,0.0,0.0,0.0,0.0,41.04789909796327,optimal
2021-02-07 14:30:00,1,90,0.0,0.0,0.0,0.175,14.8155,6.0,3,20.624403575622882,,0.0,0.0,0.0,0.0,40.55503672845876,optimal
2021-02-07 15:00:00,1,90,0.0,0.0,0.0,0.1444,14.112,6.0,3,20.411325698178388,,0.0,0.0,0.0,0.0,40.06266722132376,optimal
2021-02-07 15:30:00,1,90,0.0,0.0,0.0,0.05666666666666666,14.007,6.0,3,20.20939464116302,,0.0,0.0,0.0,0.0,39.57079008369589,optimal
2021-02-07 16:00:00,1,90,0.9164916566362481,0.0,0.0,0.2734,13.23,6.0,3,20.0,,2291.22914159062,0.0,0.0,0.0,39.07940482320565,optimal
2021-02-07 16:30:00,1,90,2.8,0.0,0.0,0.4493333333333333,11.382,6.0,3,20.0,,7000.0,0.0,0.0,0.0,38.5885109479759,optimal
2021-02-07 17:00:00,1,90,2.492905266050407,0.0,0.0,1.3115,11.7495,6.0,3,20.435316100853264,,6232.263165126018,0.0,0.0,0.0,38.09810796662138,optimal
2021-02-07 17:30:00,1,90,0.0,0.0,0.0,0.8675,24.3285,6.0,3,20.83467741663601,,0.0,0.0,0.0,0.0,37.60819538824821,optimal
2021-02-07 18:00:00,1,90,0.0,0.0,0.0,0.233,28.917,6.0,3,20.67951173551891,,0.0,0.0,0.0,0.0,37.11877272245342,optimal
2021-02-07 18:30:00,1,90,0.0,0.0,0.0,0.5211,31.3635,6.0,3,20.50898140991178,,0.0,0.0,0.0,0.0,36.629839479324424,optimal
2021-02-07 19:00:00,1,90,0.0,0.0,0.0,1.4729,33.306,6.0,3,20.36638773393273,,0.0,0.0,0.0,0.0,36.14139516943855,optimal
2021-02-07 19:30:00,1,90,0.0,0.0,0.0,2.1328,31.3425,6.0,3,20.25467181338353,,0.0,0.0,0.0,0.0,35.65343930386257,optimal
2021-02-07 20:00:00,1,90,0.0,0.0,0.0,0.4313,28.2555,6.0,3,20.13919989615097,,0.0,0.0,0.0,0.0,35.16597139415216,optimal
2021-02-07 20:30:00,1,90,0.0,0.0,0.0,0.18553333333333333,15.6975,6.0,3,20.0,,0.0,0.0,0.0,0.0,34.67899095235146,optimal
2021-02-07 21:00:00,1,90,0.0,0.0,0.0,0.3257,12.5475,6.0,3,19.872238122382146,,0.0,0.0,0.0,0.0,34.192497490992565,optimal
2021-02-07 21:30:00,1,90,0.0,0.0,0.0,0.158,12.0855,6.0,3,19.745414993214464,,0.0,0.0,0.0,0.0,33.70649052309503,optimal
2021-02-07 22:00:00,1,90,0.0,0.0,0.0,0.29756666666666665,11.907,6.0,3,19.59247859742236,,0.0,0.0,0.0,0.0,33.220969562165386,optimal
2021-02-07 22:30:00,1,90,0.0,0.0,0.0,0.2852,12.5685,6.0,3,19.450091714847105,,0.0,0.0,0.0,0.0,32.735934122196674,optimal
2021-02-07 23:00:00,1,90,0.0,0.0,0.0,0.35733333333333334,13.146,6.0,3,19.311902034811695,,0.0,0.0,0.0,0.0,32.70319818807448,optimal
2021-02-07 23:30:00,1,90,0.0,0.0,0.0,0.5717000000000001,10.584,6.0,3,19.172885932738918,,0.0,0.0,0.0,0.0,32.67049498988641,optimal
2021-02-08 00:00:00,1,90,2.8,0.0,3.7641263004083143,0.08333333333333333,7.665,6.0,-3,19.172885932738918,,7000.0,0.0,0.0,0.0,34.42578448759046,optimal
2021-02-08 00:30:00,1,90,2.8,0.0,5.0,0.20036666666666667,6.7725,6.0,-3,19.601924341696417,,0.0,0.0,7000.0,0.0,36.766358703102874,optimal
2021-02-08 01:00:00,1,90,2.8,0.0,5.0,0.06016666666666666,5.5755,6.0,-3,19.385844737991917,,1320.666666666667,0.0,5679.333333333333,0.0,39.10459234439977,optimal
2021-02-08 01:30:00,1,90,2.8,0.0,5.0,0.06753333333333333,5.0925,6.0,-3,19.28244524613401,,7000.0,0.0,0.0,0.0,41.44048775205536,optimal
2021-02-08 02:00:00,1,90,2.8,0.0,5.0,0.22866666666666663,4.1895,6.0,-3,19.70773391983693,,7000.0,0.0,0.0,0.0,43.7740472643033,optimal
2021-02-08 02:30:00,1,90,2.8,0.0,5.0,0.067,7.056,6.0,-3,20.140314589680088,,7000.0,0.0,0.0,0.0,46.10527321703899,optimal
2021-02-08 03:00:00,1,90,2.8,0.0,5.0,0.17753333333333332,5.271,6.0,-3,20.55235117240301,,7000.0,0.0,0.0,0.0,48.434167943821954,optimal
2021-02-08 03:30:00,1,90,2.8,0.0,0.0,0.057,7.938,6.0,-3,20.969964273646674,,7000.0,0.0,0.0,0.0,48.38573377587813,optimal
2021-02-08 04:00:00,1,90,2.8,0.0,0.0,0.18773333333333328,7.938,6.0,-3,21.370130387652015,,7000.0,0.0,0.0,0.0,48.33734804210225,optimal
2021-02-08 04:30:00,1,90,0.0,0.0,0.0,0.10613333333333334,11.907,6.0,-3,21.775992225008224,,0.0,0.0,0.0,0.0,48.289010694060146,optimal
2021-02-08 05:00:00,1,90,2.8,0.0,0.0,0.1115,11.025,6.0,-3,21.51654692812484,,7000.0,0.0,0.0,0.0,48.240721683366075,optimal
2021-02-08 05:30:00,1,90,2.8,0.0,0.0,0.1602333333333333,11.2875,6.0,-3,21.91031330139987,,7000.0,0.0,0.0,0.0,48.192480961682705,optimal
2021-02-08 06:00:00,1,90,0.0,0.0,0.0,0.11396666666666669,12.936,6.0,-3,22.302316393710033,,0.0,0.0,0.0,0.0,48.144288480721016,optimal
2021-02-08 06:30:00,1,90,0.0,0.0,0.0,0.07283333333333333,13.0095,6.0,-3,22.03385604056633,,0.0,0.0,0.0,0.0,48.096144192240295,optimal
2021-02-08 07:00:00,1,90,0.0,0.0,0.0,0.08296666666666667,13.671,6.0,-3,21.764702768062563,,0.0,0.0,0.0,0.0,48.048048048048045,optimal
2021-02-08 07:30:00,1,90,0.0,0.0,0.0,1.0091666666666665,13.188,6.0,-3,21.506736977546574,,0.0,0.0,0.0,0.0,48.0,optimal
2021-02-08 08:00:00,1,90,0.0,0.0,0.0,0.5743666666666667,13.8495,6.0,-3,21.29760265094293,,0.0,0.0,0.0,0.0,47.79120781177277,optimal
2021-02-08 08:30:00,1,90,0.0,0.0,0.0,1.1065666666666667,13.23,6.0,-3,21.08968444973991,,0.0,0.0,0.0,0.0,47.582624415733775,optimal
2021-02-08 09:00:00,1,90,0.0,0.0,0.0,0.8651,13.3665,6.0,-3,20.900617838389778,,0.0,0.0,0.0,0.0,47.37424960309082,optimal
2021-02-08 09:30:00,1,90,1.205897869346051,0.0,0.0,1.7258,13.0515,6.0,-3,20.71265741849337,,3014.7446733651273,0.0,0.0,0.0,47.1660831652605,optimal
2021-02-08 10:00:00,1,90,0.0,0.0,0.0,0.251,13.5345,6.0,-3,20.7937555298893,,0.0,0.0,0.0,0.0,46.95812489386802,optimal
2021-02-08 10:30:00,1,90,0.0,0.0,0.0,0.21769999999999998,14.154,6.0,-3,20.591137605587083,,0.0,0.0,0.0,0.0,46.75037458074692,optimal
2021-02-08 11:00:00,1,90,0.0,0.0,0.0,0.18956666666666663,14.112,6.0,-3,20.362472335200085,,0.0,0.0,0.0,0.0,46.54283201793895,optimal
2021-02-08 11:30:00,1,90,0.0,0.0,0.0,1.5409333333333335,14.2485,6.0,-3,20.161238615135183,,0.0,0.0,0.0,0.0,46.33549699769378,optimal
2021-02-08 12:00:00,1,90,0.9827345499077512,0.0,0.0,2.6980333333333335,12.789,6.0,-3,20.0,,2456.836374769378,0.0,0.0,0.0,46.12836931246886,optimal
2021-02-08 12:30:00,1,90,0.0,0.0,0.0,1.4547,13.0095,6.0,-3,20.11663409396394,,0.0,0.0,0.0,0.0,45.921448754929166,optimal
2021-02-08 13:00:00,1,90,2.8,0.0,0.0,0.332,12.1275,6.0,-3,20.0,,7000.0,0.0,0.0,0.0,45.71473511794701,optimal
2021-02-08 13:30:00,1,90,1.452234676772207,0.0,0.0,0.2561333333333333,12.348,6.0,-3,20.535621535037645,,3630.5866919305176,0.0,0.0,0.0,45.508228194601834,optimal
2021-02-08 14:00:00,1,90,2.8,0.0,0.0,0.33053333333333335,12.348,6.0,-3,20.737240014087973,,7000.0,0.0,0.0,0.0,45.30192777818001,optimal
2021-02-08 14:30:00,1,90,0.0,0.0,0.0,0.4113,25.389,6.0,-3,21.253215047329416,,0.0,0.0,0.0,0.0,45.0958336621746,optimal
2021-02-08 15:00:00,1,90,0.0,0.0,0.0,0.2995,29.1375,6.0,-3,21.122427319908155,,0.0,0.0,0.0,0.0,44.8899456402852,optimal
2021-02-08 15:30:00,1,90,0.0,0.0,0.0,0.48636666666666667,30.597,6.0,-3,20.952033317757003,,0.0,0.0,0.0,0.0,44.684263506417686,optimal
2021-02-08 16:00:00,1,90,0.0,0.0,0.0,0.4567,33.684,6.0,-3,20.810866895231054,,0.0,0.0,0.0,0.0,44.47878705468404,optimal
2021-02-08 16:30:00,1,90,0.0,0.0,0.0,0.39676666666666666,32.445,6.0,-3,20.648595680393083,,0.0,0.0,0.0,0.0,44.27351607940213,optimal
2021-02-08 17:00:00,1,90,0.0,0.0,0.0,0.11133333333333331,28.917,6.0,-3,20.488799250377358,,0.0,0.0,0.0,0.0,44.0684503750955,optimal
2021-02-08 17:30:00,1,90,0.0,0.0,0.0,0.3546,15.876,6.0,-3,20.225357128014195,,0.0,0.0,0.0,0.0,43.86358973649318,optimal
2021-02-08 18:00:00,1,90,0.9719174035188222,0.0,0.0,0.2988,12.348,6.0,-3,20.0,,2429.7935087970554,0.0,0.0,0.0,43.65893395852946,optimal
2021-02-08 18:30:00,1,90,1.81703339338353,0.0,0.0,0.254,12.1275,6.0,-3,20.0,,4542.583483458825,0.0,0.0,0.0,43.4544828363437,optimal
2021-02-08 19:00:00,1,90,0.0,0.0,0.0,1.3288666666666666,12.348,6.0,-3,20.201732928928568,,0.0,0.0,0.0,0.0,43.25023616528013,optimal
2021-02-08 19:30:00,1,90,1.033186490878282,0.0,0.0,0.13956666666666667,12.1275,6.0,-3,20.0,,2582.966227195705,0.0,0.0,0.0,43.046193740887624,optimal
2021-02-08 20:00:00,1,90,1.0243804196232957,0.0,0.0,0.1525,12.1275,6.0,-3,20.0,,2560.9510490582393,0.0,0.0,0.0,42.84235535891951,optimal
2021-02-08 20:30:00,1,90,0.0,0.0,0.0,0.2506333333333333,11.2665,6.0,-3,20.0,,0.0,0.0,0.0,0.0,42.638720815333365,optimal
2021-02-08 21:00:00,1,90,0.40518133333333334,0.0,0.0,0.2368,10.143,6.0,-3,19.79316729877977,,0.0,0.0,1012.9533333333334,0.0,42.59608209451803,optimal
2021-02-08 21:30:00,1,90,0.0,0.0,0.0,0.4090666666666667,11.2455,6.0,-3,19.59321909329741,,0.0,0.0,0.0,0.0,42.55348601242351,optimal
2021-02-08 22:00:00,1,90,0.0,0.0,0.0,0.48023333333333335,11.025,6.0,-3,19.41346009664782,,0.0,0.0,0.0,0.0,42.51093252641109,optimal
2021-02-08 22:30:00,1,90,2.8,0.0,0.0,0.4084,5.9745,6.0,-3,19.245254970512313,,0.0,0.0,7000.0,0.0,42.46842159388468,optimal
2021-02-08 23:00:00,1,90,0.6404186666666667,0.0,0.0,0.4373,7.938,6.0,-3,19.0756404155419,,0.0,0.0,1601.0466666666669,0.0,42.42595317229079,optimal
2021-02-08 23:30:00,1,90,0.0,0.0,0.0,0.4801333333333333,8.6835,6.0,-3,18.912267625053847,,0.0,0.0,0.0,0.0,42.3835272191185,optimal
2021-02-09 00:00:00,1,90,0.0,0.0,0.0,0.2797,11.823,6.0,-3,18.912267625053847,,0.0,0.0,0.0,0.0,42.34114369189938,optimal
2021-02-09 00:30:00,1,90,1.7834666666666668,0.0,0.0,0.4899,11.7705,6.0,-3,18.71924031643805,,0.0,0.0,4458.666666666667,0.0,42.29880254820748,optimal
2021-02-09 01:00:00,1,90,2.8,0.0,3.4869101408383445,1.1197666666666668,11.13,6.0,-3,18.555346663481007,,7000.0,0.0,0.0,0.0,43.91278606255748,optimal
2021-02-09 01:30:00,1,90,2.8,0.0,0.0,0.37223333333333336,11.6865,6.0,-3,19.030832125458193,,7000.0,0.0,0.0,0.0,43.86887327649492,optimal
2021-02-09 02:00:00,1,90,2.8,0.0,5.0,0.16419999999999998,10.7205,6.0,-3,19.49376311619853,,7000.0,0.0,0.0,0.0,46.200004403218415,optimal
2021-02-09 02:30:00,1,90,2.8,0.0,0.0,0.106,11.424,6.0,-3,19.933328231283436,,7000.0,0.0,0.0,0.0,46.15380439881519,optimal
2021-02-09 03:00:00,1,90,2.8,0.0,5.0,0.10663333333333334,10.689,6.0,-3,20.361542099050162,,7000.0,0.0,0.0,0.0,48.48265059441637,optimal
2021-02-09 03:30:00,1,90,2.8,0.0,0.0,1.459733333333333,11.361,6.0,-3,20.798127441067024,,7000.0,0.0,0.0,0.0,48.434167943821954,optimal
2021-02-09 04:00:00,1,90,2.8,0.0,0.0,0.07156666666666667,11.571,6.0,-3,21.265016421184995,,7000.0,0.0,0.0,0.0,48.38573377587813,optimal
2021-02-09 04:30:00,1,90,0.0,0.0,0.0,0.2537,14.3745,6.0,-3,21.680402590276962,,0.0,0.0,0.0,0.0,48.33734804210225,optimal
2021-02-09 05:00:00,1,90,0.20168567040195257,0.0,0.0,0.11573333333333333,13.23,6.0,-3,21.455775922088577,,504.2141760048814,0.0,0.0,0.0,48.289010694060146,optimal
2021-02-09 05:30:00,1,90,0.0,0.0,0.0,0.06423333333333334,13.9755,6.0,-3,21.248180286896364,,0.0,0.0,0.0,0.0,48.240721683366075,optimal
2021-02-09 06:00:00,1,90,0.0,0.0,0.0,0.061,14.994,6.0,-3,20.982929300384203,,0.0,0.0,0.0,0.0,48.192480961682705,optimal
2021-02-09 06:30:00,1,90,2.8,0.0,0.0,0.1192,13.671,6.0,-3,20.72117330803955,,7000.0,0.0,0.0,0.0,48.144288480721016,optimal
2021-02-09 07:00:00,1,90,0.0,0.0,0.0,0.05966666666666666,15.981,6.0,-3,21.117694259375593,,0.0,0.0,0.0,0.0,48.096144192240295,optimal
2021-02-09 07:30:00,1,90,0.0,0.0,0.0,0.10383333333333332,15.6345,6.0,-3,20.863626646195915,,0.0,0.0,0.0,0.0,48.048048048048045,optimal
2021-02-09 08:00:00,1,90,0.0,0.0,0.0,0.1338,16.5375,6.0,-3,20.642754781741512,,0.0,0.0,0.0,0.0,48.0,optimal
2021-02-09 08:30:00,1,90,0.0,0.0,0.0,0.2142,14.7735,6.0,-3,20.427575057555497,,0.0,0.0,0.0,0.0,47.825048940131,optimal
2021-02-09 09:00:00,1,90,0.0,0.0,0.0,0.2919,15.2145,6.0,-3,20.1956091038559,,0.0,0.0,0.0,0.0,47.650272831321864,optimal
2021-02-09 09:30:00,1,90,0.9016723496580996,0.0,0.0,0.24346666666666666,14.553,6.0,-3,20.0,,2254.180874145249,0.0,0.0,0.0,47.475671498621544,optimal
2021-02-09 10:00:00,1,90,2.0279882804705878,0.0,0.0,0.4938,14.3325,6.0,-3,20.0,,5069.970701176469,0.0,0.0,0.0,47.30124476725392,optimal
2021-02-09 10:30:00,1,90,0.0,0.0,0.0,0.22290000000000001,14.595,6.0,-3,20.320545851941432,,0.0,0.0,0.0,0.0,47.126992462617665,optimal
2021-02-09 11:00:00,1,90,0.0,0.0,0.0,0.24309999999999998,14.994,6.0,-3,20.148446993169653,,0.0,0.0,0.0,0.0,46.95291441028605,optimal
2021-02-09 11:30:00,1,90,0.24204735013151957,0.0,0.0,2.0022,14.3325,6.0,-3,20.0,,605.118375328799,0.0,0.0,0.0,46.779010436006764,optimal
2021-02-09 12:00:00,1,90,0.5029243296163066,0.0,0.0,1.2703,13.8915,6.0,-3,20.0,,1257.3108240407664,0.0,0.0,0.0,46.60528036570176,optimal
2021-02-09 12:30:00,1,90,0.5041934169757571,0.0,0.0,0.39563333333333334,13.8915,6.0,-3,20.0,,1260.483542439393,0.0,0.0,0.0,46.431724025467055,optimal
2021-02-09 13:00:00,1,90,2.8,0.0,0.0,0.5587666666666666,13.4715,6.0,-3,20.0,,7000.0,0.0,0.0,0.0,46.25834124157259,optimal
2021-02-09 13:30:00,1,90,2.8,0.0,0.0,0.2228,13.23,6.0,-3,20.550997122487413,,7000.0,0.0,0.0,0.0,46.08513184046201,optimal
2021-02-09 14:00:00,1,90,1.1747555837738524,0.0,0.0,0.164,13.8915,6.0,-3,21.05978473292961,,2936.8889594346306,0.0,0.0,0.0,45.91209564875255,optimal
2021-02-09 14:30:00,1,90,0.0,0.0,0.0,1.6318,26.9325,6.0,-3,21.179939205148262,,0.0,0.0,0.0,0.0,45.739232493234795,optimal
2021-02-09 15:00:00,1,90,0.0,0.0,0.0,0.4039666666666666,30.303,6.0,-3,21.058816431410634,,0.0,0.0,0.0,0.0,45.56654220087256,optimal
2021-02-09 15:30:00,1,90,0.0,0.0,0.0,0.6371333333333333,32.886,6.0,-3,20.91903459411775,,0.0,0.0,0.0,0.0,45.39402459880269,optimal
2021-02-09 16:00:00,1,90,0.0,0.0,0.0,0.5311,34.9965,6.0,-3,20.82633953732046,,0.0,0.0,0.0,0.0,45.22167951433489,optimal
2021-02-09 16:30:00,1,90,0.0,0.0,0.0,0.6467999999999999,33.327,6.0,-3,20.710206315941228,,0.0,0.0,0.0,0.0,45.04950677495155,optimal
2021-02-09 17:00:00,1,90,0.0,0.0,0.0,0.6030333333333333,31.122,6.0,-3,20.570330245111904,,0.0,0.0,0.0,0.0,44.8775062083076,optimal
2021-02-09 17:30:00,1,90,0.0,0.0,0.0,0.3736666666666667,17.9025,6.0,-3,20.3883785133441,,0.0,0.0,0.0,0.0,44.70567764223029,optimal
2021-02-09 18:00:00,1,90,0.0,0.0,0.0,0.41063333333333335,15.6555,6.0,-3,20.19416674241098,,0.0,0.0,0.0,0.0,44.534020904719064,optimal
2021-02-09 18:30:00,1,90,0.5769053000549136,0.0,0.0,1.7562666666666669,14.553,6.0,-3,20.0,,1442.2632501372839,0.0,0.0,0.0,44.36253582394534,optimal
2021-02-09 19:00:00,1,90,1.1426628793621234,0.0,0.0,0.12596666666666667,14.3325,6.0,-3,20.0,,2856.6571984053085,0.0,0.0,0.0,44.1912222282524,optimal
2021-02-09 19:30:00,1,90,0.8901188793621361,0.0,0.0,0.6969333333333333,13.335,6.0,-3,20.0,,2225.29719840534,0.0,0.0,0.0,44.02007994615515,optimal
2021-02-09 20:00:00,1,90,0.9325028793621359,0.0,0.0,0.28986666666666666,12.1275,6.0,-3,20.0,,2331.2571984053398,0.0,0.0,0.0,43.84910880633999,optimal
2021-02-09 20:30:00,1,90,0.0,0.0,0.0,0.3663666666666667,12.2955,6.0,-3,20.0,,0.0,0.0,0.0,0.0,43.67830863766465,optimal
2021-02-09 21:00:00,1,90,0.0,0.0,0.0,0.396,11.6865,6.0,-3,19.77957570086199,,0.0,0.0,0.0,0.0,43.50767926915798,optimal
2021-02-09 21:30:00,1,90,0.0,0.0,0.0,0.43373333333333336,11.466,6.0,-3,19.57427357780601,,0.0,0.0,0.0,0.0,43.33722053001983,optimal
2021-02-09 22:00:00,1,90,0.05573333333333333,0.0,0.0,1.2014,10.8045,6.0,-3,19.36645412874609,,0.0,0.0,139.33333333333331,0.0,43.16693224962081,optimal
2021-02-09 22:30:00,1,90,0.0836,0.0,0.0,1.2356666666666667,10.584,6.0,-3,19.215054010616022,,0.0,0.0,209.0,0.0,43.12376531737119,optimal
2021-02-09 23:00:00,1,90,0.0,0.0,0.0,0.071,11.2455,6.0,-3,19.107763458852006,,0.0,0.0,0.0,0.0,43.08064155205382,optimal
2021-02-09 23:30:00,1,90,0.0,0.0,0.0,0.071,12.1275,6.0,-3,18.87426776092686,,0.0,0.0,0.0,0.0,43.03756091050177,optimal
2021-02-10 00:00:00,1,90,0.0,0.0,0.0,0.059,12.789,6.0,3,18.87426776092686,,0.0,0.0,0.0,0.0,42.99452334959127,optimal
2021-02-10 00:30:00,1,90,0.0,0.0,0.0,0.059,11.907,6.0,3,18.63981124870141,,0.0,0.0,0.0,0.0,42.95152882624168,optimal
2021-02-10 01:00:00,1,90,1.4873593261708875,0.0,0.0,0.16966666666666666,11.7075,6.0,3,18.40727851449106,,0.0,0.0,3718.3983154272187,0.0,42.908577297415434,optimal
2021-02-10 01:30:00,1,90,2.8,0.0,0.0,0.07006666666666667,10.8045,6.0,3,18.186915760431077,,0.0,0.0,7000.0,0.0,42.865668720118016,optimal
2021-02-10 02:00:00,1,90,2.8,0.0,0.0,0.09773333333333332,11.508,6.0,3,17.959028779130456,,0.0,0.0,7000.0,0.0,42.8228030513979,optimal
2021-02-10 02:30:00,1,90,2.8,0.0,0.0,0.142,11.508,6.0,3,17.73554001205081,,6814.064982093885,0.0,185.9350179061148,0.0,42.7799802483465,optimal
2021-02-10 03:00:00,1,90,2.8,0.0,0.0,0.059,11.508,6.0,3,18.151941303706348,,7000.0,0.0,0.0,0.0,42.73720026809815,optimal
2021-02-10 03:30:00,1,90,2.8,0.0,0.0,0.1807333333333333,11.844,6.0,3,18.57194076592854,,7000.0,0.0,0.0,0.0,42.69446306783005,optimal
2021-02-10 04:00:00,1,90,2.8,0.0,0.0,0.059,11.508,6.0,3,18.997232056217786,,7000.0,0.0,0.0,0.0,42.65176860476222,optimal
2021-02-10 04:30:00,1,90,2.8,0.0,0.0,0.13646666666666668,11.508,6.0,3,19.40513726031048,,7000.0,0.0,0.0,0.0,42.609116836157455,optimal
2021-02-10 05:00:00,1,90,2.8,0.0,5.0,0.10326666666666667,10.4475,6.0,3,19.812967063085246,,7000.0,0.0,0.0,0.0,44.941507719321294,optimal
2021-02-10 05:30:00,1,90,2.8,0.0,2.035322303972069,0.059,10.8675,6.0,3,20.210448816187178,,7000.0,0.0,0.0,0.0,45.8633443059887,optimal
2021-02-10 06:00:00,1,90,2.8,0.0,5.0,0.14753333333333332,10.542,6.0,3,20.596703204810066,,7000.0,0.0,0.0,0.0,48.192480961682705,optimal
2021-02-10 06:30:00,1,90,2.8,0.0,0.0,0.10153333333333332,11.025,6.0,3,20.984219340552734,,7000.0,0.0,0.0,0.0,48.144288480721016,optimal
2021-02-10 07:00:00,1,90,2.8,0.0,0.0,0.061799999999999994,11.025,6.0,3,21.363915667761965,,7000.0,0.0,0.0,0.0,48.096144192240295,optimal
2021-02-10 07:30:00,1,90,0.0,0.0,0.0,0.19406666666666664,14.553,6.0,3,21.76681189819943,,0.0,0.0,0.0,0.0,48.048048048048045,optimal
2021-02-10 08:00:00,1,90,2.8,0.0,0.0,0.36760000000000004,13.0935,6.0,3,21.54887166861681,,7000.0,0.0,0.0,0.0,48.0,optimal
2021-02-10 08:30:00,1,90,0.0,0.0,0.0,0.15553333333333333,15.6345,6.0,3,22.0,,0.0,0.0,0.0,0.0,47.33409315676591,optimal
2021-02-10 09:00:00,1,90,0.0,0.0,0.0,0.30910000000000004,18.102,6.0,3,21.763500577134465,,0.0,0.0,0.0,0.0,46.66885222037506,optimal
2021-02-10 09:30:00,1,90,0.0,0.0,0.0,1.9074333333333326,17.199,6.0,3,21.56418603488932,,0.0,0.0,0.0,0.0,46.00427652492059,optimal
2021-02-10 10:00:00,1,90,0.0,0.0,0.0,0.7806000000000001,18.2805,6.0,3,21.37030816065123,,0.0,0.0,0.0,0.0,45.340365405161585,optimal
2021-02-10 10:30:00,1,90,0.0,0.0,0.0,0.19306666666666664,17.4615,6.0,3,21.18354337498714,,0.0,0.0,0.0,0.0,44.677118196522336,optimal
2021-02-10 11:00:00,1,90,0.0,0.0,0.0,2.1864666666666666,18.3225,6.0,3,20.999860324118924,,0.0,0.0,0.0,0.0,44.01453423509172,optimal
2021-02-10 11:30:00,1,90,0.0,0.0,0.0,2.633333333333333,17.094,6.0,3,20.858454231924703,,0.0,0.0,0.0,0.0,43.352612857622546,optimal
2021-02-10 12:00:00,1,90,0.0,0.0,0.0,1.7262666666666668,17.094,6.0,3,20.711687459591445,,0.0,0.0,0.0,0.0,42.69135340153083,optimal
2021-02-10 12:30:00,1,90,0.0,0.0,0.0,1.0513333333333332,17.094,6.0,3,20.590780792461054,,0.0,0.0,0.0,0.0,42.030755204895215,optimal
2021-02-10 13:00:00,1,90,0.0,0.0,0.0,0.11320000000000001,17.3565,6.0,3,20.455879352626376,,0.0,0.0,0.0,0.0,41.37081760645623,optimal
2021-02-10 13:30:00,1,90,0.0,0.0,0.0,0.09540000000000001,17.115,6.0,3,20.303153954905483,,0.0,0.0,0.0,0.0,40.711539945615684,optimal
2021-02-10 14:00:00,1,90,0.0,0.0,0.0,0.3302,17.241,6.0,3,20.14834556548814,,0.0,0.0,0.0,0.0,40.05292156243598,optimal
2021-02-10 14:30:00,1,90,0.1967080146624159,0.0,0.0,2.5221,17.094,6.0,3,20.021518222868313,,491.7700366560397,0.0,0.0,0.0,39.39496179763945,optimal
2021-02-10 15:00:00,1,90,2.8,0.0,0.0,2.676633333333333,16.5165,6.0,3,20.0,,7000.0,0.0,0.0,0.0,38.737659992607725,optimal
2021-02-10 15:30:00,1,90,0.0,0.0,0.0,0.2248,17.8185,6.0,3,20.563863897970258,,0.0,0.0,0.0,0.0,38.08101548938103,optimal
2021-02-10 16:00:00,1,90,1.9339496684563877,0.0,0.0,0.2245,17.094,6.0,3,20.457629433722857,,4834.874171140969,0.0,0.0,0.0,37.42502763065756,optimal
2021-02-10 16:30:00,1,90,2.8,0.0,0.0,0.5429333333333333,16.8945,6.0,3,20.77590135642499,,7000.0,0.0,0.0,0.0,36.76969575979281,optimal
2021-02-10 17:00:00,1,90,0.0,0.0,0.0,2.6615333333333333,18.123,6.0,3,21.318612370318725,,0.0,0.0,0.0,0.0,36.11501922079893,optimal
2021-02-10 17:30:00,1,90,0.0,0.0,0.0,0.2588333333333333,31.647,6.0,3,21.16258468702215,,0.0,0.0,0.0,0.0,35.46099735834404,optimal
2021-02-10 18:00:00,1,90,0.0,0.0,0.0,2.185766666666667,34.9965,6.0,3,20.970665787298852,,0.0,0.0,0.0,0.0,34.80762951775161,optimal
2021-02-10 18:30:00,1,90,0.0,0.0,0.0,2.4275666666666664,34.9965,6.0,3,20.785185074932937,,0.0,0.0,0.0,0.0,34.15491504499977,optimal
2021-02-10 19:00:00,1,90,0.0,0.0,0.0,0.9027000000000001,34.9965,6.0,3,20.60223207686855,,0.0,0.0,0.0,0.0,33.50285328672068,optimal
2021-02-10 19:30:00,1,90,0.0,0.0,0.0,0.23683333333333328,34.9965,6.0,3,20.39925259754724,,0.0,0.0,0.0,0.0,33.46935043343396,optimal
2021-02-10 20:00:00,1,90,0.0,0.0,0.0,0.2278,34.9965,6.0,3,20.20115961993944,,0.0,0.0,0.0,0.0,33.435881083000524,optimal
2021-02-10 20:30:00,1,90,0.0,0.0,0.0,2.9939,27.741,6.0,3,20.0,,0.0,0.0,0.0,0.0,33.40244520191752,optimal
2021-02-10 21:00:00,1,90,0.0,0.0,0.0,1.839,19.026,6.0,3,19.821824460213875,,0.0,0.0,0.0,0.0,33.36904275671561,optimal
2021-02-10 21:30:00,1,90,0.0,0.0,0.0,1.4639333333333333,18.7215,6.0,3,19.626559987600732,,0.0,0.0,0.0,0.0,33.33567371395889,optimal
2021-02-10 22:00:00,1,90,0.0,0.0,0.0,1.358266666666667,17.4195,6.0,3,19.401343162339636,,0.0,0.0,0.0,0.0,33.30233804024493,optimal
2021-02-10 22:30:00,1,90,0.0,0.0,0.0,0.3242333333333333,16.758,6.0,3,19.170084811456956,,0.0,0.0,0.0,0.0,33.26903570220469,optimal
2021-02-10 23:00:00,1,90,0.0,0.0,0.0,0.17413333333333333,14.217,6.0,3,18.92157787998436,,0.0,0.0,0.0,0.0,33.235766666502485,optimal
2021-02-10 23:30:00,1,90,0.0,0.0,0.0,0.08226666666666667,13.3665,6.0,3,18.626882798070955,,0.0,0.0,0.0,0.0,33.202530899835985,optimal
2021-02-11 00:00:00,1,90,2.8,0.0,2.9535291363436196,0.05966666666666666,11.2245,6.0,-3,18.626882798070955,,7000.0,0.0,0.0,0.0,34.57225470869937,optimal
2021-02-11 00:30:00,1,90,2.8,0.0,5.0,0.07033333333333333,11.025,6.0,-3,18.986962327540848,,102.99999999999909,0.0,6897.000000000001,0.0,36.91268245399066,optimal
2021-02-11 01:00:00,1,90,2.8,0.0,5.0,0.1903333333333333,10.7835,6.0,-3,18.704276291205062,,7000.0,0.0,0.0,0.0,39.25076977153667,optimal
2021-02-11 01:30:00,1,90,2.8,0.0,5.0,0.057,11.025,6.0,-3,19.07848803564107,,7000.0,0.0,0.0,0.0,41.58651900176513,optimal
2021-02-11 02:00:00,1,90,2.8,0.0,5.0,0.20366666666666663,10.584,6.0,-3,19.43496764557929,,7000.0,0.0,0.0,0.0,43.919932482763365,optimal
2021-02-11 02:30:00,1,90,2.8,0.0,5.0,0.057,11.025,6.0,-3,19.79996259657286,,7000.0,0.0,0.0,0.0,46.25101255028059,optimal
2021-02-11 03:00:00,1,90,2.8,0.0,5.0,0.137,10.4265,6.0,-3,20.144688705887525,,7000.0,0.0,0.0,0.0,48.579761537730306,optimal
2021-02-11 03:30:00,1,90,2.8,0.0,0.0,0.12366666666666669,12.789,6.0,-3,20.49047854997384,,7000.0,0.0,0.0,0.0,48.53118177619257,optimal
2021-02-11 04:00:00,1,90,2.8,0.0,0.0,0.06366666666666666,12.684,6.0,-3,20.833660052868545,,7000.0,0.0,0.0,0.0,48.48265059441637,optimal
2021-02-11 04:30:00,1,90,2.8,0.0,0.0,0.197,16.254,6.0,-3,21.16993823962262,,7000.0,0.0,0.0,0.0,48.434167943821954,optimal
2021-02-11 05:00:00,1,90,2.595235988120305,0.0,0.0,0.057,17.64,6.0,-3,21.513783007068653,,6488.089970300762,0.0,0.0,0.0,48.38573377587813,optimal
2021-02-11 05:30:00,1,90,0.0,0.0,0.0,0.197,19.1625,6.0,-3,21.792188117360134,,0.0,0.0,0.0,0.0,48.33734804210225,optimal
2021-02-11 06:00:00,1,90,0.0,0.0,0.0,0.06366666666666666,26.46,6.0,-3,21.480862615623078,,0.0,0.0,0.0,0.0,48.289010694060146,optimal
2021-02-11 06:30:00,1,90,0.0,0.0,0.0,0.057,20.79,6.0,-3,21.16519046705785,,0.0,0.0,0.0,0.0,48.240721683366075,optimal
2021-02-11 07:00:00,1,90,0.0,0.0,0.0,0.097,29.106,6.0,-3,20.85699294798383,,0.0,0.0,0.0,0.0,48.192480961682705,optimal
2021-02-11 07:30:00,1,90,0.0,0.0,0.0,0.16366666666666665,19.1835,6.0,-3,20.560495407429432,,0.0,0.0,0.0,0.0,48.144288480721016,optimal
2021-02-11 08:00:00,1,90,0.0,0.0,0.0,0.060200000000000004,19.6665,6.0,-3,20.275144479575093,,0.0,0.0,0.0,0.0,48.096144192240295,optimal
2021-02-11 08:30:00,1,90,1.0596069795871472,0.0,0.0,0.06736666666666666,19.404,6.0,-3,20.0,,2649.017448967868,0.0,0.0,0.0,48.048048048048045,optimal
2021-02-11 09:00:00,1,90,0.5810221924453474,0.0,0.0,1.6787999999999998,19.047,6.0,-3,20.0,,1452.5554811133684,0.0,0.0,0.0,48.0,optimal
2021-02-11 09:30:00,1,90,1.3725405723040178,0.0,0.0,0.4540666666666667,18.858,6.0,-3,20.0,,3431.3514307600444,0.0,0.0,0.0,47.555043195929336,optimal
2021-02-11 10:00:00,1,90,0.0,0.0,0.0,0.303,19.2675,6.0,-3,20.133712774979298,,0.0,0.0,0.0,0.0,47.11053134866275,optimal
2021-02-11 10:30:00,1,90,0.6653041305442305,0.0,0.0,0.1994,18.963,6.0,-3,20.0,,1663.2603263605765,0.0,0.0,0.0,46.66646401324342,optimal
2021-02-11 11:00:00,1,90,1.4170465655945514,0.0,0.0,0.19116666666666662,18.438,6.0,-3,20.0,,3542.616413986378,0.0,0.0,0.0,46.222840745159516,optimal
2021-02-11 11:30:00,1,90,0.0,0.0,0.0,0.15286666666666668,18.7425,6.0,-3,20.173667367394096,,0.0,0.0,0.0,0.0,45.779661100343695,optimal
2021-02-11 12:00:00,1,90,2.8,0.0,0.0,0.14933333333333335,15.2145,6.0,-3,20.0,,7000.0,0.0,0.0,0.0,45.33692463517269,optimal
2021-02-11 12:30:00,1,90,0.0,0.0,0.0,0.07013333333333334,17.7765,6.0,-3,20.510789073108615,,0.0,0.0,0.0,0.0,44.89463090646686,optimal
2021-02-11 13:00:00,1,90,0.469335483153059,0.0,0.0,0.21166666666666664,16.758,6.0,-3,20.366373237404044,,1173.3387078826474,0.0,0.0,0.0,44.45277947148973,optimal
2021-02-11 13:30:00,1,90,2.8,0.0,0.0,0.07379999999999999,16.422,6.0,-3,20.347530401811422,,7000.0,0.0,0.0,0.0,44.01136988794757,optimal
2021-02-11 14:00:00,1,90,2.8,0.0,0.0,0.12933333333333336,16.758,6.0,-3,20.86748057571798,,7000.0,0.0,0.0,0.0,43.570401713988964,optimal
2021-02-11 14:30:00,1,90,0.0,0.0,0.0,0.16033333333333336,29.358,6.0,-3,21.38271749425999,,0.0,0.0,0.0,0.0,43.12987450820432,optimal
2021-02-11 15:00:00,1,90,0.0,0.0,0.0,0.067,34.9965,6.0,-3,21.21781344684862,,0.0,0.0,0.0,0.0,42.68978782962545,optimal
2021-02-11 15:30:00,1,90,0.0,0.0,0.0,0.1562333333333333,34.65,6.0,-3,21.018840960518894,,0.0,0.0,0.0,0.0,42.25014123772517,optimal
2021-02-11 16:00:00,1,90,0.0,0.0,0.0,1.7814333333333334,34.9965,6.0,-3,20.8443044713776,,0.0,0.0,0.0,0.0,41.81093429241678,optimal
2021-02-11 16:30:00,1,90,0.0,0.0,0.0,0.2996666666666667,34.9965,6.0,-3,20.695112450137685,,0.0,0.0,0.0,0.0,41.372166554053706,optimal
2021-02-11 17:00:00,1,90,0.0,0.0,0.0,0.31489999999999996,30.4815,6.0,-3,20.486345006416222,,0.0,0.0,0.0,0.0,40.93383758342899,optimal
2021-02-11 17:30:00,1,90,0.0,0.0,0.0,0.35033333333333333,21.4305,6.0,-3,20.23832354260878,,0.0,0.0,0.0,0.0,40.495946941774896,optimal
2021-02-11 18:00:00,1,90,1.3603702175559242,0.0,0.0,0.42876666666666663,14.3325,6.0,-3,20.0,,2704.2588772231443,0.0,696.6666666666666,0.0,40.05849419076246,optimal
2021-02-11 18:30:00,1,90,1.9723694485792715,0.0,0.0,0.8586666666666666,13.692,6.0,-3,20.0,,4443.256954781512,0.0,487.6666666666667,0.0,40.0184356965717,optimal
2021-02-11 19:00:00,1,90,0.0,0.0,0.0,1.2140666666666666,14.007,6.0,-3,20.194331436169406,,0.0,0.0,0.0,0.0,39.978417260875126,optimal
2021-02-11 19:30:00,1,90,1.5811999021413936,0.0,0.0,0.5302,12.873,6.0,-3,20.0,,2579.868130487739,0.0,1373.1316248657445,0.0,39.93843884361425,optimal
2021-02-11 20:00:00,1,90,2.8,0.0,0.0,0.22626666666666667,12.684,6.0,-3,20.0,,2939.131624865743,0.0,4060.8683751342564,0.0,39.89850040477064,optimal
2021-02-11 20:30:00,1,90,0.0,0.0,0.0,0.3688,12.306,6.0,-3,20.0,,0.0,0.0,0.0,0.0,39.85860190436587,optimal
2021-02-11 21:00:00,1,90,0.11146666666666667,0.0,0.0,0.39216666666666666,10.6365,6.0,-3,19.731977688114892,,0.0,0.0,278.6666666666667,0.0,39.818743302461506,optimal
2021-02-11 21:30:00,1,90,0.0,0.0,0.0,0.32593333333333335,11.2455,6.0,-3,19.465309525835192,,0.0,0.0,0.0,0.0,39.778924559159044,optimal
2021-02-11 22:00:00,1,90,0.0,0.0,0.0,0.4176666666666667,11.2455,6.0,-3,19.193718781617154,,0.0,0.0,0.0,0.0,39.739145634599886,optimal
2021-02-11 22:30:00,1,90,0.0,0.0,0.0,0.3377,11.025,6.0,-3,18.931136135027955,,0.0,0.0,0.0,0.0,39.69940648896529,optimal
2021-02-11 23:00:00,1,90,0.0,0.0,0.0,0.17566666666666667,12.0855,6.0,-3,18.65393479981043,,0.0,0.0,0.0,0.0,39.659707082476324,optimal
2021-02-11 23:30:00,1,90,0.0,0.0,0.0,0.067,11.6865,6.0,-3,18.347170189766327,,0.0,0.0,0.0,0.0,39.620047375393845,optimal
2021-02-12 00:00:00,1,90,0.0,0.0,0.0,0.06,10.689,6.0,2,18.347170189766327,,0.0,0.0,0.0,0.0,39.58042732801845,optimal
2021-02-12 00:30:00,1,90,2.8,0.0,5.0,0.06,8.1585,6.0,2,18.01582685425177,,0.0,0.0,7000.0,0.0,41.91584690069043,optimal
2021-02-12 01:00:00,1,90,2.8,0.0,0.0,0.1146,10.3635,6.0,2,17.68922431569648,,66.66666666666697,0.0,6933.333333333333,0.0,41.87393105378974,optimal
2021-02-12 01:30:00,1,90,2.8,0.0,0.0,0.1972,10.8045,6.0,2,17.378552520640717,,7000.0,0.0,0.0,0.0,41.83205712273595,optimal
2021-02-12 02:00:00,1,90,2.4162502617923356,0.0,0.0,0.1338,11.025,6.0,2,17.725079897353996,,6040.625654480839,0.0,0.0,0.0,41.790225065613214,optimal
2021-02-12 02:30:00,1,90,2.8,0.0,0.0,0.0756,10.3635,6.0,2,17.973130869687957,,7000.0,0.0,0.0,0.0,41.7484348405476,optimal
2021-02-12 03:00:00,1,90,2.8,0.0,0.0,0.2008,10.8045,6.0,2,18.305585534748005,,7000.0,0.0,0.0,0.0,41.70668640570705,optimal
2021-02-12 03:30:00,1,90,2.8,0.0,3.9152632477129594,0.13019999999999998,10.059,6.0,2,18.649198772177936,,7000.0,0.0,0.0,0.0,43.52472976196499,optimal
2021-02-12 04:00:00,1,90,2.8,0.0,0.0,0.06,10.584,6.0,2,18.991356980300065,,7000.0,0.0,0.0,0.0,43.48120503220302,optimal
2021-02-12 04:30:00,1,90,2.8,0.0,5.0,0.2543,9.4185,6.0,2,19.33211811134863,,7000.0,0.0,0.0,0.0,45.812723827170814,optimal
2021-02-12 05:00:00,1,90,2.8,0.0,0.0,0.0767,10.3635,6.0,2,19.696056981300142,,7000.0,0.0,0.0,0.0,45.76691110334364,optimal
2021-02-12 05:30:00,1,90,2.8,0.0,5.0,0.13019999999999998,9.8385,6.0,2,20.048316674080937,,7000.0,0.0,0.0,0.0,48.096144192240295,optimal
2021-02-12 06:00:00,1,90,2.8,0.0,0.0,0.124,11.067,6.0,2,20.411949215694126,,7000.0,0.0,0.0,0.0,48.048048048048045,optimal
2021-02-12 06:30:00,1,90,2.8,0.0,0.0,0.13546666666666668,10.8465,6.0,2,20.78124964301213,,7000.0,0.0,0.0,0.0,48.0,optimal
2021-02-12 07:00:00,1,90,0.0,0.0,0.0,0.08723333333333333,13.671,6.0,2,21.153350138113467,,0.0,0.0,0.0,0.0,47.79700689310728,optimal
2021-02-12 07:30:00,1,90,2.8,0.0,0.0,2.5823666666666667,12.348,6.0,2,20.88329288676319,,7000.0,0.0,0.0,0.0,47.59421677932146,optimal
2021-02-12 08:00:00,1,90,0.0,0.0,0.0,2.2299333333333333,14.3325,6.0,2,21.309127094324197,,0.0,0.0,0.0,0.0,47.391629455649415,optimal
2021-02-12 08:30:00,1,90,0.0,0.0,0.0,0.7872,15.393,6.0,2,21.05147298122917,,0.0,0.0,0.0,0.0,47.18924471930105,optimal
2021-02-12 09:00:00,1,90,0.0,0.0,0.0,0.4909,13.587,6.0,2,20.774494269976294,,0.0,0.0,0.0,0.0,46.987062367689035,optimal
2021-02-12 09:30:00,1,90,0.0,0.0,0.0,0.3126666666666667,16.1385,6.0,2,20.51740332099918,,0.0,0.0,0.0,0.0,46.785082198428626,optimal
2021-02-12 10:00:00,1,90,0.0,0.0,0.0,0.7957333333333334,14.595,6.0,2,20.286490825242062,,0.0,0.0,0.0,0.0,46.58330400933748,optimal
2021-02-12 10:30:00,1,90,0.0,0.0,0.0,2.6755999999999998,14.637,6.0,2,20.131820858921987,,0.0,0.0,0.0,0.0,46.381727598435425,optimal
2021-02-12 11:00:00,1,90,0.468238013478817,0.0,0.0,2.2695333333333334,13.9125,6.0,2,20.0,,1170.5950336970425,0.0,0.0,0.0,46.18035276394427,optimal
2021-02-12 11:30:00,1,90,0.5795049261193667,0.0,0.0,1.2390999999999999,13.3665,6.0,2,20.0,,1448.7623152984168,0.0,0.0,0.0,45.979179304287605,optimal
2021-02-12 12:00:00,1,90,1.001599629515441,0.0,0.0,0.6901,13.0095,6.0,2,20.0,,2503.9990737886023,0.0,0.0,0.0,45.7782070180906,optimal
2021-02-12 12:30:00,1,90,0.0,0.0,0.0,2.2690333333333332,13.8915,6.0,2,20.1034818891928,,0.0,0.0,0.0,0.0,45.57743570417979,optimal
2021-02-12 13:00:00,1,90,0.5042603882707984,0.0,0.0,0.3125,13.188,6.0,2,20.0,,1260.6509706769962,0.0,0.0,0.0,45.37686516158289,optimal
2021-02-12 13:30:00,1,90,0.504465229656369,0.0,0.0,0.32739999999999997,12.5685,6.0,2,20.0,,1261.1630741409224,0.0,0.0,0.0,45.17649518952859,optimal
2021-02-12 14:00:00,1,90,0.444181134183793,0.0,0.0,0.5581,12.285,6.0,2,20.0,,1110.4528354594825,0.0,0.0,0.0,44.97632558744634,optimal
2021-02-12 14:30:00,1,90,0.8740224454434763,0.0,0.0,2.5499333333333336,11.487,6.0,2,20.0,,2185.056113608691,0.0,0.0,0.0,44.77635615496617,optimal
2021-02-12 15:00:00,1,90,0.0,0.0,0.0,0.5135,11.802,6.0,2,20.11031796806938,,0.0,0.0,0.0,0.0,44.576586691918486,optimal
2021-02-12 15:30:00,1,90,2.8,0.0,0.0,0.38646666666666657,11.2245,6.0,2,20.0,,7000.0,0.0,0.0,0.0,44.37701699833385,optimal
2021-02-12 16:00:00,1,90,2.8,0.0,0.0,2.7401,11.025,6.0,2,20.538760410523277,,7000.0,0.0,0.0,0.0,44.1776468744428,optimal
2021-02-12 16:30:00,1,90,1.064742291177215,0.0,0.0,0.4308,11.907,6.0,2,21.088732964777773,,2661.8557279430374,0.0,0.0,0.0,43.97847612067564,optimal
2021-02-12 17:00:00,1,90,0.0,0.0,0.0,0.8895333333333333,25.83,6.0,2,21.199072656896995,,0.0,0.0,0.0,0.0,43.77950453766224,optimal
2021-02-12 17:30:00,1,90,0.0,0.0,0.0,2.3005,28.035,6.0,2,21.05401950340077,,0.0,0.0,0.0,0.0,43.58073192623186,optimal
2021-02-12 18:00:00,1,90,0.0,0.0,0.0,0.37156666666666666,28.119,6.0,2,20.896609745712894,,0.0,0.0,0.0,0.0,43.38215808741291,optimal
2021-02-12 18:30:00,1,90,0.0,0.0,0.0,2.6620333333333335,30.156,6.0,2,20.713576674843626,,0.0,0.0,0.0,0.0,43.18378282243278,optimal
2021-02-12 19:00:00,1,90,0.0,0.0,0.0,2.829133333333333,29.1585,6.0,2,20.56999563181766,,0.0,0.0,0.0,0.0,42.98560593271763,optimal
2021-02-12 19:30:00,1,90,0.0,0.0,0.0,0.49319999999999997,26.712,6.0,2,20.426159862913472,,0.0,0.0,0.0,0.0,42.787627219892194,optimal
2021-02-12 20:00:00,1,90,0.0,0.0,0.0,0.5279333333333333,15.435,6.0,2,20.220068031744905,,0.0,0.0,0.0,0.0,42.58984648577958,optimal
2021-02-12 20:30:00,1,90,0.0,0.0,0.0,0.4548666666666667,13.566,6.0,2,20.0,,0.0,0.0,0.0,0.0,42.39226353240108,optimal
2021-02-12 21:00:00,1,90,0.0,0.0,0.0,1.8422,12.789,6.0,2,19.796620489158457,,0.0,0.0,0.0,0.0,42.194878161975964,optimal
2021-02-12 21:30:00,1,90,0.0,0.0,0.0,1.4194666666666667,12.1275,6.0,2,19.61152204587595,,0.0,0.0,0.0,0.0,41.99769017692127,optimal
2021-02-12 22:00:00,1,90,0.0,0.0,0.0,0.36219999999999997,13.671,6.0,2,19.44589853077486,,0.0,0.0,0.0,0.0,41.80069937985163,optimal
2021-02-12 22:30:00,1,90,0.11146666666666667,0.0,0.0,0.8023666666666667,10.668,6.0,2,19.24660307157247,,0.0,0.0,278.6666666666667,0.0,41.60390557357906,optimal
2021-02-12 23:00:00,1,90,0.0,0.0,0.0,0.5226000000000001,11.7285,6.0,2,19.09037207094575,,0.0,0.0,0.0,0.0,41.56230166800548,optimal
2021-02-12 23:30:00,1,90,0.0,0.0,0.0,2.4188666666666667,11.025,6.0,2,18.91788059011753,,0.0,0.0,0.0,0.0,41.52073936633747,optimal
2021-02-13 00:00:00,1,90,2.8,0.0,5.0,0.2573666666666667,7.056,6.0,1,18.91788059011753,,6860.666666666667,0.0,139.33333333333331,0.0,43.85421862697113,optimal
2021-02-13 00:30:00,1,90,0.0,0.0,0.0,0.2582,9.3975,6.0,1,19.349618992590447,,0.0,0.0,0.0,0.0,43.810364408344164,optimal
2021-02-13 01:00:00,1,90,0.0,0.0,0.0,0.071,10.059,6.0,1,19.130813795444755,,0.0,0.0,0.0,0.0,43.76655404393582,optimal
2021-02-13 01:30:00,1,90,0.5028,0.0,0.0,0.0917,9.261,6.0,1,18.884148404113457,,0.0,0.0,1257.0,0.0,43.722787489891886,optimal
2021-02-13 02:00:00,1,90,2.8,0.0,0.0,0.39230000000000004,8.1585,6.0,1,18.643649326462846,,0.0,0.0,7000.0,0.0,43.679064702401995,optimal
2021-02-13 02:30:00,1,90,0.0,0.0,0.0,0.071,9.4815,6.0,1,18.43521282014004,,0.0,0.0,0.0,0.0,43.63538563769959,optimal
2021-02-13 03:00:00,1,90,2.8,0.0,0.0,0.37089999999999995,8.379,6.0,1,18.199930735126514,,0.0,0.0,7000.0,0.0,43.59175025206189,optimal
2021-02-13 03:30:00,1,90,0.0,0.0,0.0,0.11309999999999999,9.5235,6.0,1,17.995856202870772,,0.0,0.0,0.0,0.0,43.54815850180983,optimal
2021-02-13 04:00:00,1,90,2.8,0.0,0.14913955894033543,0.0818,8.1375,6.0,1,17.77005330636048,,7000.0,0.0,0.0,0.0,43.57545163380468,optimal
2021-02-13 04:30:00,1,90,0.0,0.0,0.0,0.2922,10.0905,6.0,1,18.193704221390245,,0.0,0.0,0.0,0.0,43.531876182170876,optimal
2021-02-13 05:00:00,1,90,2.8,0.0,5.0,0.181,7.539,6.0,1,17.979551109835068,,7000.0,0.0,0.0,0.0,45.8633443059887,optimal
2021-02-13 05:30:00,1,90,2.8,0.0,5.0,0.089,7.938,6.0,1,18.406552229262953,,7000.0,0.0,0.0,0.0,48.192480961682705,optimal
2021-02-13 06:00:00,1,90,2.8,0.0,0.0,0.14626666666666668,8.274,6.0,1,18.817472308302808,,7000.0,0.0,0.0,0.0,48.144288480721016,optimal
2021-02-13 06:30:00,1,90,2.8,0.0,0.0,0.23246666666666665,9.261,6.0,1,19.236013184616056,,7000.0,0.0,0.0,0.0,48.096144192240295,optimal
2021-02-13 07:00:00,1,90,2.8,0.0,0.0,0.2911666666666667,9.9225,6.0,1,19.667580775227542,,7000.0,0.0,0.0,0.0,48.048048048048045,optimal
2021-02-13 07:30:00,1,90,2.8,0.0,0.0,0.3122,9.702,6.0,1,20.119090565044722,,7000.0,0.0,0.0,0.0,48.0,optimal
2021-02-13 08:00:00,1,90,0.19613886762290283,0.0,0.0,1.3117999999999999,10.584,6.0,1,20.605865863428964,,490.3471690572571,0.0,0.0,0.0,47.76237479800466,optimal
2021-02-13 08:30:00,1,90,2.8,0.0,0.0,1.2208333333333332,10.143,6.0,1,20.471280211860684,,7000.0,0.0,0.0,0.0,47.52498722121131,optimal
2021-02-13 09:00:00,1,90,0.0,0.0,0.0,1.6162333333333332,13.0095,6.0,1,20.96169749883127,,0.0,0.0,0.0,0.0,47.28783703199476,optimal
2021-02-13 09:30:00,1,90,2.8,0.0,0.0,0.2958,11.025,6.0,1,20.89632169566126,,7000.0,0.0,0.0,0.0,47.05092399296743,optimal
2021-02-13 10:00:00,1,90,0.0,0.0,0.0,0.7564,12.789,6.0,1,21.27203779008111,,0.0,0.0,0.0,0.0,46.814247866979116,optimal
2021-02-13 10:30:00,1,90,0.0,0.0,0.0,2.608,12.1275,6.0,1,21.033042959967812,,0.0,0.0,0.0,0.0,46.5778084171168,optimal
2021-02-13 11:00:00,1,90,0.0,0.0,0.0,2.2826999999999997,12.1695,6.0,1,20.8277490664259,,0.0,0.0,0.0,0.0,46.34160540670434,optimal
2021-02-13 11:30:00,1,90,0.0,0.0,0.0,0.1698,12.306,6.0,1,20.662458619492572,,0.0,0.0,0.0,0.0,46.105638599302296,optimal
2021-02-13 12:00:00,1,90,0.0,0.0,0.0,0.4104,13.23,6.0,1,20.458760597284645,,0.0,0.0,0.0,0.0,45.869907758707654,optimal
2021-02-13 12:30:00,1,90,0.0,0.0,0.0,0.09163333333333334,13.671,6.0,1,20.325524952715668,,0.0,0.0,0.0,0.0,45.63441264895361,optimal
2021-02-13 13:00:00,1,90,0.0,0.0,0.0,0.26,13.9335,6.0,1,20.175441000744584,,0.0,0.0,0.0,0.0,45.399153034309315,optimal
2021-02-13 13:30:00,1,90,0.0,0.0,0.0,0.42856666666666665,13.293,6.0,1,20.07959353903458,,0.0,0.0,0.0,0.0,45.16412867927966,optimal
2021-02-13 14:00:00,1,90,0.15117407095154986,0.0,0.0,1.4861,12.1065,6.0,1,20.0,,377.93517737887464,0.0,0.0,0.0,44.92933934860504,optimal
2021-02-13 14:30:00,1,90,0.4665825628993117,0.0,0.0,0.3489,11.571,6.0,1,20.0,,1166.4564072482792,0.0,0.0,0.0,44.694784807261094,optimal
2021-02-13 15:00:00,1,90,0.9774461436287711,0.0,0.0,0.44539999999999996,11.025,6.0,1,20.0,,2443.6153590719277,0.0,0.0,0.0,44.46046482045849,optimal
2021-02-13 15:30:00,1,90,2.8,0.0,0.0,1.1581,10.8465,6.0,1,20.100225019918977,,7000.0,0.0,0.0,0.0,44.22637915364269,optimal
2021-02-13 16:00:00,1,90,2.8,0.0,0.0,0.36719999999999997,11.2455,6.0,1,20.634554538094346,,7000.0,0.0,0.0,0.0,43.99252757249371,optimal
2021-02-13 16:30:00,1,90,0.0,0.0,0.0,0.4749,23.8665,6.0,1,21.09439499133492,,0.0,0.0,0.0,0.0,43.758909842925874,optimal
2021-02-13 17:00:00,1,90,0.0,0.0,0.0,0.2924,27.4575,6.0,1,20.9324053185618,,0.0,0.0,0.0,0.0,43.525525731087605,optimal
2021-02-13 17:30:00,1,90,0.0,0.0,0.0,0.4909,27.3735,6.0,1,20.74905435007338,,0.0,0.0,0.0,0.0,43.29237500336118,optimal
2021-02-13 18:00:00,1,90,0.0,0.0,0.0,0.2807333333333333,30.4605,6.0,1,20.643082446221925,,0.0,0.0,0.0,0.0,43.05945742636248,optimal
2021-02-13 18:30:00,1,90,0.0,0.0,0.0,0.2546,30.0195,6.0,1,20.49780908779463,,0.0,0.0,0.0,0.0,42.82677276694078,optimal
2021-02-13 19:00:00,1,90,0.0,0.0,0.0,0.3822,26.9325,6.0,1,20.329028416853724,,0.0,0.0,0.0,0.0,42.59432079217849,optimal
2021-02-13 19:30:00,1,90,0.0,0.0,0.0,0.392,14.595,6.0,1,20.166295004070033,,0.0,0.0,0.0,0.0,42.362101269390976,optimal
2021-02-13 20:00:00,1,90,0.688979150707821,0.0,0.0,0.36419999999999997,12.4845,6.0,1,20.0,,1722.4478767695525,0.0,0.0,0.0,42.130113966126245,optimal
2021-02-13 20:30:00,1,90,0.0,0.0,0.0,1.220233333333333,12.1275,6.0,1,20.0,,0.0,0.0,0.0,0.0,42.08798385216012,optimal
2021-02-13 21:00:00,1,90,0.0,0.0,0.0,1.541,12.1275,6.0,1,19.885701578258633,,0.0,0.0,0.0,0.0,42.04589586830796,optimal
2021-02-13 21:30:00,1,90,0.0,0.0,0.0,0.6662,12.789,6.0,1,19.755299626767016,,0.0,0.0,0.0,0.0,42.00384997243965,optimal
2021-02-13 22:00:00,1,90,0.0,0.0,0.0,0.4705666666666667,11.907,6.0,1,19.606508164570286,,0.0,0.0,0.0,0.0,41.961846122467215,optimal
2021-02-13 22:30:00,1,90,0.0,0.0,0.0,0.36383333333333334,11.025,6.0,1,19.400911579119708,,0.0,0.0,0.0,0.0,41.919884276344746,optimal
2021-02-13 23:00:00,1,90,0.0,0.0,0.0,0.2174,8.2005,6.0,1,19.199773495141617,,0.0,0.0,0.0,0.0,41.8779643920684,optimal
2021-02-13 23:30:00,1,90,0.0,0.0,0.0,0.21769999999999998,9.5655,6.0,1,18.9671432495236,,0.0,0.0,0.0,0.0,41.83608642767633,optimal
2021-02-07 00:00:00,2,90,0.0,0.0,0.0,0.05966666666666666,10.3635,6.0,-1,21.0,,0.0,0.0,0.0,0.0,47.952,optimal
2021-02-07 00:30:00,2,90,0.0,0.0,0.0,0.0834,8.274,6.0,-1,20.77226423560942,,0.0,0.0,0.0,0.0,47.904047999999996,optimal
2021-02-07 01:00:00,2,90,0.0,0.0,0.0,0.31439999999999996,7.7175,6.0,-1,20.554191354286345,,0.0,0.0,0.0,0.0,47.856143952,optimal
2021-02-07 01:30:00,2,90,0.0,0.0,0.0,0.069,6.615,6.0,-1,20.377070804142097,,0.0,0.0,0.0,0.0,47.80828780804799,optimal
2021-02-07 02:00:00,2,90,0.0,0.0,0.0,0.2186,6.174,6.0,-1,20.154670839232736,,0.0,0.0,0.0,0.0,47.76047952023995,optimal
2021-02-07 02:30:00,2,90,2.8,0.0,0.0,0.069,3.906,6.0,-1,19.948625638662755,,4979.666666666667,0.0,2020.3333333333333,0.0,47.712719040719705,optimal
2021-02-07 03:00:00,2,90,2.8,0.0,0.0,0.12340000000000001,2.3415,6.0,-1,20.192496392082788,,7000.0,0.0,0.0,0.0,47.66500632167899,optimal
2021-02-07 03:30:00,2,90,2.8,0.0,0.0,0.16419999999999998,2.205,6.0,-1,20.62405473735143,,7000.0,0.0,0.0,0.0,47.61734131535731,optimal
2021-02-07 04:00:00,2,90,2.8,0.0,1.5142878316172559,0.069,0.882,6.0,-1,21.052510701356905,,7000.0,0.0,0.0,0.0,48.289010694060146,optimal
2021-02-07 04:30:00,2,90,2.8,0.0,0.0,0.2186,1.5435,6.0,-1,21.46528312812752,,7000.0,0.0,0.0,0.0,48.240721683366075,optimal
2021-02-07 05:00:00,2,90,2.8,0.0,0.0,0.069,1.5435,6.0,-1,21.886037784776196,,7000.0,0.0,0.0,0.0,48.192480961682705,optimal
2021-02-07 05:30:00,2,90,0.9936669329763703,0.0,0.0,0.1574,5.0715,6.0,-1,22.286884265740767,,2484.1673324409257,0.0,0.0,0.0,48.144288480721016,optimal
2021-02-07 06:00:00,2,90,0.0,0.0,0.0,0.13019999999999998,5.376,6.0,-1,22.27097531315308,,0.0,0.0,0.0,0.0,48.096144192240295,optimal
2021-02-07 06:30:00,2,90,2.8,0.0,0.0,0.069,5.0715,6.0,-1,22.02215148737194,,7000.0,0.0,0.0,0.0,48.048048048048045,optimal
2021-02-07 07:00:00,2,90,0.0,0.0,0.0,0.38430000000000003,5.5125,6.0,-1,22.420335089139094,,0.0,0.0,0.0,0.0,48.0,optimal
2021-02-07 07:30:00,2,90,0.0,0.0,0.0,0.33266666666666667,9.261,6.0,-1,22.202468764886692,,0.0,0.0,0.0,0.0,47.8750567950973,optimal
2021-02-07 08:00:00,2,90,0.0,0.0,0.0,0.2548333333333333,11.7075,6.0,-1,22.0,,0.0,0.0,0.0,0.0,47.750238533399504,optimal
2021-02-07 08:30:00,2,90,0.0,0.0,0.0,0.137,12.348,6.0,-1,21.769441244129922,,0.0,0.0,0.0,0.0,47.62554508996341,optimal
2021-02-07 09:00:00,2,90,0.0,0.0,0.0,0.069,12.348,6.0,-1,21.490793514062617,,0.0,0.0,0.0,0.0,47.50097633997075,optimal
2021-02-07 09:30:00,2,90,0.0,0.0,0.0,0.1778,12.1275,6.0,-1,21.21932795980426,,0.0,0.0,0.0,0.0,47.37653215872808,optimal
2021-02-07 10:00:00,2,90,0.0,0.0,0.0,0.1098,12.5265,6.0,-1,20.96256230850225,,0.0,0.0,0.0,0.0,47.252212421666655,optimal
2021-02-07 10:30:00,2,90,2.8,0.0,0.0,0.069,11.7495,6.0,-1,20.71640506152147,,7000.0,0.0,0.0,0.0,47.12801700434229,optimal
2021-02-07 11:00:00,2,90,0.0,0.0,0.0,1.2575,13.23,6.0,-1,21.11839553040767,,0.0,0.0,0.0,0.0,47.00394578243525,optimal
2021-02-07 11:30:00,2,90,0.0,0.0,0.0,1.5996,14.3325,6.0,-1,20.943055800130356,,0.0,0.0,0.0,0.0,46.87999863175012,optimal
2021-02-07 12:00:00,2,90,0.0,0.0,0.0,0.7691333333333333,14.994,6.0,-1,20.764608286625965,,0.0,0.0,0.0,0.0,46.75617542821567,optimal
2021-02-07 12:30:00,2,90,0.0,0.0,0.0,0.23666666666666664,14.8155,6.0,-1,20.588813180544236,,0.0,0.0,0.0,0.0,46.63247604788476,optimal
2021-02-07 13:00:00,2,90,0.0,0.0,0.0,0.2523666666666667,14.112,6.0,-1,20.401728769880574,,0.0,0.0,0.0,0.0,46.50890036693418,optimal
2021-02-07 13:30:00,2,90,0.0,0.0,0.0,0.32780000000000004,14.007,6.0,-1,20.208674046397782,,0.0,0.0,0.0,0.0,46.38544826166454,optimal
2021-02-07 14:00:00,2,90,1.1040538275758718,0.0,0.0,0.3034,13.23,6.0,-1,20.02865270740757,,2760.1345689396794,0.0,0.0,0.0,46.26211960850018,optimal
2021-02-07 14:30:00,2,90,2.8,0.0,0.0,0.0888,11.382,6.0,-1,20.127686910378642,,7000.0,0.0,0.0,0.0,46.13891428398898,optimal
2021-02-07 15:00:00,2,90,2.8,0.0,0.0,0.21986666666666668,11.7495,6.0,-1,20.644126083531937,,7000.0,0.0,0.0,0.0,46.0158321648023,optimal
2021-02-07 15:30:00,2,90,0.0,0.0,0.0,0.0782,24.3285,6.0,-1,21.136775160994706,,0.0,0.0,0.0,0.0,45.892873127734795,optimal
2021-02-07 16:00:00,2,90,0.0,0.0,0.0,0.1859333333333333,28.917,6.0,-1,20.996672894036568,,0.0,0.0,0.0,0.0,45.770037049704364,optimal
2021-02-07 16:30:00,2,90,0.0,0.0,0.0,0.6876333333333333,31.3635,6.0,-1,20.855223098052875,,0.0,0.0,0.0,0.0,45.64732380775196,optimal
2021-02-07 17:00:00,2,90,0.0,0.0,0.0,1.1281333333333334,33.306,6.0,-1,20.765099212951718,,0.0,0.0,0.0,0.0,45.52473327904151,optimal
2021-02-07 17:30:00,2,90,0.0,0.0,0.0,0.069,31.3425,6.0,-1,20.6685189685676,,0.0,0.0,0.0,0.0,45.40226534085977,optimal
2021-02-07 18:00:00,2,90,0.0,0.0,0.0,0.27496666666666664,28.2555,6.0,-1,20.404201296433417,,0.0,0.0,0.0,0.0,45.27991987061621,optimal
2021-02-07 18:30:00,2,90,0.0,0.0,0.0,0.9750666666666669,15.6975,6.0,-1,20.18109218235095,,0.0,0.0,0.0,0.0,45.1576967458429,optimal
2021-02-07 19:00:00,2,90,0.8382113068920238,0.0,0.0,1.0130333333333332,12.5475,6.0,-1,20.0,,2095.5282672300596,0.0,0.0,0.0,45.035595844194354,optimal
2021-02-07 19:30:00,2,90,0.7177526402253662,0.0,0.0,0.43460000000000004,12.0855,6.0,-1,20.0,,1794.3816005634155,0.0,0.0,0.0,44.91361704344746,optimal
2021-02-07 20:00:00,2,90,0.7715206402253583,0.0,0.0,0.3666666666666667,11.907,6.0,-1,20.0,,1928.8016005633958,0.0,0.0,0.0,44.79176022150131,optimal
2021-02-07 20:30:00,2,90,0.0,0.0,0.0,0.3958333333333333,12.5685,6.0,-1,20.0,,0.0,0.0,0.0,0.0,44.670025256377116,optimal
2021-02-07 21:00:00,2,90,0.0,0.0,0.0,0.30396666666666666,13.146,6.0,-1,19.790375083714352,,0.0,0.0,0.0,0.0,44.54841202621804,optimal
2021-02-07 21:30:00,2,90,0.0,0.0,0.0,0.14706666666666665,10.584,6.0,-1,19.573064259572597,,0.0,0.0,0.0,0.0,44.426920409289124,optimal
2021-02-07 22:00:00,2,90,0.0,0.0,0.0,0.38713333333333333,6.678,6.0,-1,19.38190429531929,,0.0,0.0,0.0,0.0,44.30555028397714,optimal
2021-02-07 22:30:00,2,90,0.0,0.0,0.0,0.3128666666666667,7.938,6.0,-1,19.219600053120264,,0.0,0.0,0.0,0.0,44.18430152879046,optimal
2021-02-07 23:00:00,2,90,0.0,0.0,0.0,0.34586666666666666,5.292,6.0,-1,19.057287873328278,,0.0,0.0,0.0,0.0,44.140117227261676,optimal
2021-02-07 23:30:00,2,90,0.0,0.0,0.0,0.37626666666666664,9.261,6.0,-1,18.911210879748136,,0.0,0.0,0.0,0.0,44.09597711003441,optimal
2021-02-08 00:00:00,2,90,2.8,0.0,0.0,0.053,8.6835,6.0,-2,18.911210879748136,,7000.0,0.0,0.0,0.0,44.05188113292438,optimal
2021-02-08 00:30:00,2,90,2.8,0.0,0.0,0.0713,7.665,6.0,-2,19.341065891879182,,0.0,0.0,7000.0,0.0,44.007829251791456,optimal
2021-02-08 01:00:00,2,90,2.8,0.0,0.0,0.1689,6.7725,6.0,-2,19.116625309981846,,763.3333333333358,0.0,6236.666666666664,0.0,43.96382142253967,optimal
2021-02-08 01:30:00,2,90,2.8,0.0,0.0,0.053,5.5755,6.0,-2,18.975320627213687,,7000.0,0.0,0.0,0.0,43.91985760111713,optimal
2021-02-08 02:00:00,2,90,2.8,0.0,4.7955087479982845,0.15669999999999998,5.0925,6.0,-2,19.403542978941385,,7000.0,0.0,0.0,0.0,46.15380439881519,optimal
2021-02-08 02:30:00,2,90,2.8,0.0,5.0,0.0835,4.1895,6.0,-2,19.83454999437721,,7000.0,0.0,0.0,0.0,48.48265059441637,optimal
2021-02-08 03:00:00,2,90,2.8,0.0,0.0,0.053,7.056,6.0,-2,20.25331012091507,,7000.0,0.0,0.0,0.0,48.434167943821954,optimal
2021-02-08 03:30:00,2,90,2.8,0.0,0.0,0.07740000000000001,5.271,6.0,-2,20.663962634249277,,7000.0,0.0,0.0,0.0,48.38573377587813,optimal
2021-02-08 04:00:00,2,90,2.8,0.0,0.0,0.1628,7.938,6.0,-2,21.070289390857546,,7000.0,0.0,0.0,0.0,48.33734804210225,optimal
2021-02-08 04:30:00,2,90,2.8,0.0,0.0,0.053,7.938,6.0,-2,21.478015210773233,,7000.0,0.0,0.0,0.0,48.289010694060146,optimal
2021-02-08 05:00:00,2,90,0.0,0.0,0.0,0.06520000000000001,11.907,6.0,-2,21.86828331665478,,0.0,0.0,0.0,0.0,48.240721683366075,optimal
2021-02-08 05:30:00,2,90,2.8,0.0,0.0,0.175,11.025,6.0,-2,21.602825156744192,,7000.0,0.0,0.0,0.0,48.192480961682705,optimal
2021-02-08 06:00:00,2,90,2.5906849078446803,0.0,0.0,0.053,11.2875,6.0,-2,22.00048719044216,,6476.712269611701,0.0,0.0,0.0,48.144288480721016,optimal
2021-02-08 06:30:00,2,90,0.0,0.0,0.0,0.10790000000000001,12.936,6.0,-2,22.33183894982093,,0.0,0.0,0.0,0.0,48.096144192240295,optimal
2021-02-08 07:00:00,2,90,0.0,0.0,0.0,0.1323,13.0095,6.0,-2,22.061566203022522,,0.0,0.0,0.0,0.0,48.048048048048045,optimal
2021-02-08 07:30:00,2,90,0.0,0.0,0.0,2.016866666666666,13.671,6.0,-2,21.796710247655096,,0.0,0.0,0.0,0.0,48.0,optimal
2021-02-08 08:00:00,2,90,0.0,0.0,0.0,0.16056666666666666,13.188,6.0,-2,21.554089977862397,,0.0,0.0,0.0,0.0,47.851126981331774,optimal
2021-02-08 08:30:00,2,90,0.0,0.0,0.0,0.18863333333333332,13.8495,6.0,-2,21.3158221877644,,0.0,0.0,0.0,0.0,47.702402835682214,optimal
2021-02-08 09:00:00,2,90,0.0,0.0,0.0,0.5813333333333334,13.23,6.0,-2,21.10414199671255,,0.0,0.0,0.0,0.0,47.55382741417831,optimal
2021-02-08 09:30:00,2,90,0.0,0.0,0.0,1.6490666666666667,13.3665,6.0,-2,20.907173125309967,,0.0,0.0,0.0,0.0,47.40540056809591,optimal
2021-02-08 10:00:00,2,90,0.0,0.0,0.0,2.8284333333333334,13.0515,6.0,-2,20.723731088857765,,0.0,0.0,0.0,0.0,47.25712214885959,optimal
2021-02-08 10:30:00,2,90,0.0,0.0,0.0,0.8463999999999999,13.5345,6.0,-2,20.6283707747767,,0.0,0.0,0.0,0.0,47.108992008042506,optimal
2021-02-08 11:00:00,2,90,0.0,0.0,0.0,0.8295333333333333,14.154,6.0,-2,20.515787628550292,,0.0,0.0,0.0,0.0,46.96100999736624,optimal
2021-02-08 11:30:00,2,90,0.0,0.0,0.0,0.9352999999999999,14.112,6.0,-2,20.358091385489267,,0.0,0.0,0.0,0.0,46.81317596870065,optimal
2021-02-08 12:00:00,2,90,0.0,0.0,0.0,0.133,14.2485,6.0,-2,20.175660501658324,,0.0,0.0,0.0,0.0,46.66548977406372,optimal
2021-02-08 12:30:00,2,90,1.0648439449656921,0.0,0.0,0.36669999999999997,12.789,6.0,-2,20.0,,2662.10986241423,0.0,0.0,0.0,46.517951265621434,optimal
2021-02-08 13:00:00,2,90,0.0,0.0,0.0,0.4504333333333333,13.0095,6.0,-2,20.117093722066166,,0.0,0.0,0.0,0.0,46.37056029568759,optimal
2021-02-08 13:30:00,2,90,2.8,0.0,0.0,0.4924666666666666,12.1275,6.0,-2,20.0,,7000.0,0.0,0.0,0.0,46.22331671672368,optimal
2021-02-08 14:00:00,2,90,0.44227143374216543,0.0,0.0,0.6858,12.348,6.0,-2,20.544800934210514,,1105.6785843554135,0.0,0.0,0.0,46.07622038133873,optimal
2021-02-08 14:30:00,2,90,2.8,0.0,0.0,0.17823333333333333,12.348,6.0,-2,20.5657095778934,,7000.0,0.0,0.0,0.0,45.92927114228917,optimal
2021-02-08 15:00:00,2,90,0.0,0.0,0.0,1.4932999999999998,25.389,6.0,-2,21.09082745096842,,0.0,0.0,0.0,0.0,45.78246885247865,optimal
2021-02-08 15:30:00,2,90,0.0,0.0,0.0,0.8272666666666667,29.1375,6.0,-2,20.94135009555603,,0.0,0.0,0.0,0.0,45.63581336495795,optimal
2021-02-08 16:00:00,2,90,0.0,0.0,0.0,0.2905,30.597,6.0,-2,20.803820310280063,,0.0,0.0,0.0,0.0,45.48930453292476,optimal
2021-02-08 16:30:00,2,90,0.0,0.0,0.0,0.06633333333333333,33.684,6.0,-2,20.652787008234824,,0.0,0.0,0.0,0.0,45.34294220972362,optimal
2021-02-08 17:00:00,2,90,0.0,0.0,0.0,0.7862333333333333,32.445,6.0,-2,20.470715221719285,,0.0,0.0,0.0,0.0,45.19672624884567,optimal
2021-02-08 17:30:00,2,90,0.0,0.0,0.0,5.1437333333333335,28.917,6.0,-2,20.287230590241233,,0.0,0.0,0.0,0.0,45.0506565039286,optimal
2021-02-08 18:00:00,2,90,0.0,0.0,0.0,2.453766666666667,15.876,6.0,-2,20.160219396283722,,0.0,0.0,0.0,0.0,44.904732828756444,optimal
2021-02-08 18:30:00,2,90,0.7892216494927171,0.0,0.0,0.2572,12.348,6.0,-2,20.0,,1973.0541237317927,0.0,0.0,0.0,44.758955077259465,optimal
2021-02-08 19:00:00,2,90,1.434835034874203,0.0,0.0,1.0920333333333334,12.1275,6.0,-2,20.0,,3587.0875871855073,0.0,0.0,0.0,44.613323103513984,optimal
2021-02-08 19:30:00,2,90,0.0,0.0,0.0,2.5625,12.348,6.0,-2,20.157105667287475,,0.0,0.0,0.0,0.0,44.46783676174225,optimal
2021-02-08 20:00:00,2,90,0.7699750862899544,0.0,0.0,1.7569333333333335,12.1275,6.0,-2,20.0,,1924.937715724886,0.0,0.0,0.0,44.322495906312284,optimal
2021-02-08 20:30:00,2,90,0.0,0.0,0.0,1.3154333333333335,12.1275,6.0,-2,20.0,,0.0,0.0,0.0,0.0,44.177300391737745,optimal
2021-02-08 21:00:00,2,90,0.0,0.0,0.0,0.9124,11.2665,6.0,-2,19.82265660918895,,0.0,0.0,0.0,0.0,44.03225007267778,optimal
2021-02-08 21:30:00,2,90,0.0,0.0,0.0,2.1639666666666666,10.143,6.0,-2,19.64146678227408,,0.0,0.0,0.0,0.0,43.98821782260511,optimal
2021-02-08 22:00:00,2,90,0.0,0.0,0.0,0.5077,11.2455,6.0,-2,19.515792524197572,,0.0,0.0,0.0,0.0,43.9442296047825,optimal
2021-02-08 22:30:00,2,90,0.0,0.0,0.0,0.318,11.025,6.0,-2,19.354515518825355,,0.0,0.0,0.0,0.0,43.90028537517772,optimal
2021-02-08 23:00:00,2,90,0.1672,0.0,0.0,0.3004,5.9745,6.0,-2,19.162168236774935,,0.0,0.0,418.0,0.0,43.85638508980254,optimal
2021-02-08 23:30:00,2,90,0.0,0.0,0.0,0.062,7.938,6.0,-2,18.969542949250197,,0.0,0.0,0.0,0.0,43.81252870471273,optimal
2021-02-09 00:00:00,2,90,2.8,0.0,5.0,0.13493333333333335,10.584,6.0,0,18.969542949250197,,7000.0,0.0,0.0,0.0,46.14371617600802,optimal
2021-02-09 00:30:00,2,90,2.8,0.0,0.0,0.17413333333333333,11.2455,6.0,0,19.399769381676926,,0.0,0.0,7000.0,0.0,46.097572459832016,optimal
2021-02-09 01:00:00,2,90,0.0,0.0,0.0,0.24563333333333331,12.1275,6.0,0,19.181067512974522,,0.0,0.0,0.0,0.0,46.05147488737218,optimal
2021-02-09 01:30:00,2,90,0.09408594914488991,0.0,0.0,0.21669999999999998,11.823,6.0,0,18.974896429789368,,0.0,0.0,235.21487286222478,0.0,46.00542341248481,optimal
2021-02-09 02:00:00,2,90,2.8,0.0,0.0,0.33626666666666666,11.7705,6.0,0,18.76787403807737,,0.0,0.0,7000.0,0.0,45.95941798907232,optimal
2021-02-09 02:30:00,2,90,2.8,0.0,0.0,0.3408,11.13,6.0,0,18.57128576763333,,683.5482061955581,0.0,6316.451793804442,0.0,45.91345857108325,optimal
2021-02-09 03:00:00,2,90,2.8,0.0,0.0,0.2966666666666667,11.6865,6.0,0,18.437109088175834,,7000.0,0.0,0.0,0.0,45.86754511251216,optimal
2021-02-09 03:30:00,2,90,2.8,0.0,0.0,0.4388,10.7205,6.0,0,18.890472380411307,,7000.0,0.0,0.0,0.0,45.82167756739965,optimal
2021-02-09 04:00:00,2,90,2.8,0.0,0.0,0.44846666666666657,11.424,6.0,0,19.354004739371177,,7000.0,0.0,0.0,0.0,45.77585588983224,optimal
2021-02-09 04:30:00,2,90,2.8,0.0,4.98118770167975,0.1495,10.689,6.0,0,19.81177564319052,,7000.0,0.0,0.0,0.0,48.096144192240295,optimal
2021-02-09 05:00:00,2,90,2.8,0.0,0.0,0.12940000000000002,11.361,6.0,0,20.232369496712334,,7000.0,0.0,0.0,0.0,48.048048048048045,optimal
2021-02-09 05:30:00,2,90,2.8,0.0,0.0,0.22566666666666663,11.571,6.0,0,20.638282955645998,,7000.0,0.0,0.0,0.0,48.0,optimal
2021-02-09 06:00:00,2,90,0.0,0.0,0.0,0.14453333333333332,14.3745,6.0,0,21.06212965696292,,0.0,0.0,0.0,0.0,47.83288986977474,optimal
2021-02-09 06:30:00,2,90,2.8,0.0,0.0,0.21,13.23,6.0,0,20.826917654561097,,7000.0,0.0,0.0,0.0,47.665946849679706,optimal
2021-02-09 07:00:00,2,90,0.0,0.0,0.0,1.4908333333333332,13.9755,6.0,0,21.257153380097616,,0.0,0.0,0.0,0.0,47.49917077260477,optimal
2021-02-09 07:30:00,2,90,0.0,0.0,0.0,0.7181333333333333,14.994,6.0,0,21.08319605970409,,0.0,0.0,0.0,0.0,47.33256147160691,optimal
2021-02-09 08:00:00,2,90,2.8,0.0,0.0,0.19236666666666669,13.671,6.0,0,20.874041789712383,,7000.0,0.0,0.0,0.0,47.16611877991004,optimal
2021-02-09 08:30:00,2,90,0.0,0.0,0.0,0.165,15.981,6.0,0,21.23979991542509,,0.0,0.0,0.0,0.0,46.99984253090487,optimal
2021-02-09 09:00:00,2,90,0.0,0.0,0.0,0.1804,15.6345,6.0,0,20.950086244628533,,0.0,0.0,0.0,0.0,46.83373255814871,optimal
2021-02-09 09:30:00,2,90,0.0,0.0,0.0,0.1827333333333333,16.5375,6.0,0,20.68524266680914,,0.0,0.0,0.0,0.0,46.6677886953653,optimal
2021-02-09 10:00:00,2,90,0.0,0.0,0.0,0.2388,14.7735,6.0,0,20.42869737740709,,0.0,0.0,0.0,0.0,46.50201077644468,optimal
2021-02-09 10:30:00,2,90,0.0,0.0,0.0,0.16033333333333336,15.2145,6.0,0,20.214671312645837,,0.0,0.0,0.0,0.0,46.336398635442976,optimal
2021-02-09 11:00:00,2,90,0.7469857708242987,0.0,0.0,0.2388,14.553,6.0,0,20.0,,1867.4644270607469,0.0,0.0,0.0,46.17095210658228,optimal
2021-02-09 11:30:00,2,90,2.168496936467731,0.0,0.0,0.17846666666666666,14.3325,6.0,0,20.0,,5421.242341169328,0.0,0.0,0.0,46.00567102425043,optimal
2021-02-09 12:00:00,2,90,0.0,0.0,0.0,0.11086666666666666,14.595,6.0,0,20.32502891346323,,0.0,0.0,0.0,0.0,45.84055522300092,optimal
2021-02-09 12:30:00,2,90,0.0,0.0,0.0,0.2394,14.994,6.0,0,20.155694561654396,,0.0,0.0,0.0,0.0,45.67560453755266,optimal
2021-02-09 13:00:00,2,90,0.6612755089757713,0.0,0.0,0.1973,14.3325,6.0,0,20.0,,1653.188772439428,0.0,0.0,0.0,45.51081880278985,optimal
2021-02-09 13:30:00,2,90,0.6611045963352117,0.0,0.0,0.2054333333333333,13.8915,6.0,0,20.0,,1652.7614908380292,0.0,0.0,0.0,45.3461978537618,optimal
2021-02-09 14:00:00,2,90,0.7125169399644634,0.0,0.0,0.145,13.8915,6.0,0,20.0,,1781.2923499111585,0.0,0.0,0.0,45.18174152568278,optimal
2021-02-09 14:30:00,2,90,2.8,0.0,0.0,0.09633333333333331,13.4715,6.0,0,20.0,,7000.0,0.0,0.0,0.0,45.01744965393184,optimal
2021-02-09 15:00:00,2,90,2.8,0.0,0.0,0.29533333333333334,13.23,6.0,0,20.47924476547842,,7000.0,0.0,0.0,0.0,44.85332207405265,optimal
2021-02-09 15:30:00,2,90,2.798478636828223,0.0,0.0,0.15180000000000002,13.8915,6.0,0,20.94729538855068,,6996.196592070558,0.0,0.0,0.0,44.689358621753335,optimal
2021-02-09 16:00:00,2,90,0.0,0.0,0.0,0.292,26.9325,6.0,0,21.394971243675876,,0.0,0.0,0.0,0.0,44.525559132906324,optimal
2021-02-09 16:30:00,2,90,0.0,0.0,0.0,0.4736,30.303,6.0,0,21.17922884291372,,0.0,0.0,0.0,0.0,44.36192344354816,optimal
2021-02-09 17:00:00,2,90,0.0,0.0,0.0,0.7596,32.886,6.0,0,20.989211453217024,,0.0,0.0,0.0,0.0,44.19845138987935,optimal
2021-02-09 17:30:00,2,90,0.0,0.0,0.0,0.4451333333333333,34.9965,6.0,0,20.813177783920587,,0.0,0.0,0.0,0.0,44.03514280826421,optimal
2021-02-09 18:00:00,2,90,0.0,0.0,0.0,0.6281666666666667,33.327,6.0,0,20.6181734658214,,0.0,0.0,0.0,0.0,43.87199753523069,optimal
2021-02-09 18:30:00,2,90,0.0,0.0,0.0,1.2740666666666667,31.122,6.0,0,20.431537332487544,,0.0,0.0,0.0,0.0,43.7090154074702,optimal
2021-02-09 19:00:00,2,90,0.0,0.0,0.0,1.242233333333333,17.9025,6.0,0,20.256948438303958,,0.0,0.0,0.0,0.0,43.546196261837466,optimal
2021-02-09 19:30:00,2,90,0.0,0.0,0.0,2.0431,15.6555,6.0,0,20.111459616990988,,0.0,0.0,0.0,0.0,43.38353993535037,optimal
2021-02-09 20:00:00,2,90,0.689636212695462,0.0,0.0,0.5987333333333333,14.553,6.0,0,20.0,,1724.0905317386553,0.0,0.0,0.0,43.22104626518976,optimal
2021-02-09 20:30:00,2,90,0.0,0.0,0.0,0.4286333333333333,14.3325,6.0,0,20.0,,0.0,0.0,0.0,0.0,43.058715088699316,optimal
2021-02-09 21:00:00,2,90,0.0,0.0,0.0,0.5606666666666666,13.335,6.0,0,19.814868429330836,,0.0,0.0,0.0,0.0,43.01565637361062,optimal
2021-02-09 21:30:00,2,90,0.0,0.0,0.0,0.34906666666666664,12.1275,6.0,0,19.649104124720687,,0.0,0.0,0.0,0.0,42.972640717237006,optimal
2021-02-09 22:00:00,2,90,0.0,0.0,0.0,0.34813333333333335,12.2955,6.0,0,19.474154448188983,,0.0,0.0,0.0,0.0,42.92966807651977,optimal
2021-02-09 22:30:00,2,90,0.05573333333333333,0.0,0.0,0.273,11.6865,6.0,0,19.289036803667113,,0.0,0.0,139.33333333333331,0.0,42.88673840844325,optimal
2021-02-09 23:00:00,2,90,0.0,0.0,0.0,0.075,11.466,6.0,0,19.089885920059388,,0.0,0.0,0.0,0.0,42.84385167003481,optimal
2021-02-09 23:30:00,2,90,0.0,0.0,0.0,1.3258666666666665,10.8045,6.0,0,18.85701735007067,,0.0,0.0,0.0,0.0,42.80100781836477,optimal
2021-02-10 00:00:00,2,90,2.8,0.0,0.0,0.06933333333333333,11.844,6.0,-4,18.85701735007067,,7000.0,0.0,0.0,0.0,42.75820681054641,optimal
2021-02-10 00:30:00,2,90,2.8,0.0,0.0,0.07466666666666667,11.508,6.0,-4,19.265345737289042,,0.0,0.0,7000.0,0.0,42.715448603735865,optimal
2021-02-10 01:00:00,2,90,2.8,0.0,0.0,0.077,11.508,6.0,-4,19.016556870083267,,5709.666666666667,0.0,1290.3333333333333,0.0,42.67273315513213,optimal
2021-02-10 01:30:00,2,90,2.8,0.0,5.0,0.077,10.4475,6.0,-4,19.29995308918421,,7000.0,0.0,0.0,0.0,45.005060421977,optimal
2021-02-10 02:00:00,2,90,2.8,0.0,2.6154290501008712,0.077,10.8675,6.0,-4,19.69765169419359,,7000.0,0.0,0.0,0.0,46.20238416035293,optimal
2021-02-10 02:30:00,2,90,2.8,0.0,5.0,0.077,10.542,6.0,-4,20.088229322921382,,7000.0,0.0,0.0,0.0,48.53118177619257,optimal
2021-02-10 03:00:00,2,90,2.8,0.0,0.0,0.077,11.025,6.0,-4,20.473218641771886,,7000.0,0.0,0.0,0.0,48.48265059441637,optimal
2021-02-10 03:30:00,2,90,2.8,0.0,0.0,0.077,11.025,6.0,-4,20.852699607212106,,7000.0,0.0,0.0,0.0,48.434167943821954,optimal
2021-02-10 04:00:00,2,90,2.8,0.0,0.0,0.077,14.553,6.0,-4,21.226751031707234,,7000.0,0.0,0.0,0.0,48.38573377587813,optimal
2021-02-10 04:30:00,2,90,2.8,0.0,0.0,0.077,13.0935,6.0,-4,21.595450600088817,,7000.0,0.0,0.0,0.0,48.33734804210225,optimal
2021-02-10 05:00:00,2,90,0.0,0.0,0.0,0.077,15.6345,6.0,-4,21.95744410484868,,0.0,0.0,0.0,0.0,48.289010694060146,optimal
2021-02-10 05:30:00,2,90,0.0,0.0,0.0,0.077,18.102,6.0,-4,21.662983305804865,,0.0,0.0,0.0,0.0,48.240721683366075,optimal
2021-02-10 06:00:00,2,90,0.0,0.0,0.0,0.077,17.199,6.0,-4,21.371304814615147,,0.0,0.0,0.0,0.0,48.192480961682705,optimal
2021-02-10 06:30:00,2,90,0.0,0.0,0.0,0.077,18.2805,6.0,-4,21.082368822551835,,0.0,0.0,0.0,0.0,48.144288480721016,optimal
2021-02-10 07:00:00,2,90,0.0,0.0,0.0,0.2690666666666667,17.4615,6.0,-4,20.800428432982986,,0.0,0.0,0.0,0.0,48.096144192240295,optimal
2021-02-10 07:30:00,2,90,0.0,0.0,0.0,0.1769,18.3225,6.0,-4,20.545618464423427,,0.0,0.0,0.0,0.0,48.048048048048045,optimal
2021-02-10 08:00:00,2,90,0.0,0.0,0.0,0.4606,17.094,6.0,-4,20.307067491423734,,0.0,0.0,0.0,0.0,48.0,optimal
2021-02-10 08:30:00,2,90,0.3706767129874665,0.0,0.0,1.1661333333333335,17.094,6.0,-4,20.10410426535526,,926.6917824686664,0.0,0.0,0.0,47.58879181245909,optimal
2021-02-10 09:00:00,2,90,2.2352568849953265,0.0,0.0,0.07666666666666667,17.094,6.0,-4,20.0,,5588.142212488316,0.0,0.0,0.0,47.17799483310573,optimal
2021-02-10 09:30:00,2,90,0.0,0.0,0.0,0.077,17.3565,6.0,-4,20.26382025909563,,0.0,0.0,0.0,0.0,46.76760865073172,optimal
2021-02-10 10:00:00,2,90,0.9745634706694811,0.0,0.0,0.077,17.115,6.0,-4,20.0,,2436.4086766737028,0.0,0.0,0.0,46.35763285454008,optimal
2021-02-10 10:30:00,2,90,0.965316208591137,0.0,0.0,0.077,17.241,6.0,-4,20.0,,2413.2905214778425,0.0,0.0,0.0,45.948067034144636,optimal
2021-02-10 11:00:00,2,90,0.863705515677306,0.0,0.0,0.077,17.094,6.0,-4,20.0,,2159.263789193265,0.0,0.0,0.0,45.538910779569584,optimal
2021-02-10 11:30:00,2,90,2.8,0.0,0.0,0.077,16.5165,6.0,-4,20.0,,7000.0,0.0,0.0,0.0,45.13016368124911,optimal
2021-02-10 12:00:00,2,90,0.0,0.0,0.0,0.077,17.8185,6.0,-4,20.45081996631301,,0.0,0.0,0.0,0.0,44.72182533002695,optimal
2021-02-10 12:30:00,2,90,2.8,0.0,0.0,0.077,17.094,6.0,-4,20.274478665661075,,7000.0,0.0,0.0,0.0,44.31389531715602,optimal
2021-02-10 13:00:00,2,90,2.8,0.0,0.0,0.077,16.8945,6.0,-4,20.750504611807308,,7000.0,0.0,0.0,0.0,43.90637323429796,optimal
2021-02-10 13:30:00,2,90,1.9963323056827236,0.0,0.0,0.077,18.123,6.0,-4,21.215102605397256,,4990.830764206808,0.0,0.0,0.0,43.49925867352275,optimal
2021-02-10 14:00:00,2,90,0.0,0.0,0.0,0.077,31.647,6.0,-4,21.48939378829025,,0.0,0.0,0.0,0.0,43.09255122730833,optimal
2021-02-10 14:30:00,2,90,0.0,0.0,0.0,0.077,34.9965,6.0,-4,21.295671137663216,,0.0,0.0,0.0,0.0,42.68625048854011,optimal
2021-02-10 15:00:00,2,90,0.0,0.0,0.0,0.077,34.9965,6.0,-4,21.10472023360415,,0.0,0.0,0.0,0.0,42.28035605051066,optimal
2021-02-10 15:30:00,2,90,0.0,0.0,0.0,0.077,34.9965,6.0,-4,20.89671399910035,,0.0,0.0,0.0,0.0,41.874867506919244,optimal
2021-02-10 16:00:00,2,90,0.0,0.0,0.0,0.077,34.9965,6.0,-4,20.68882231626583,,0.0,0.0,0.0,0.0,41.46978445187142,optimal
2021-02-10 16:30:00,2,90,0.0,0.0,0.0,0.077,34.9965,6.0,-4,20.451362417026438,,0.0,0.0,0.0,0.0,41.065106479878644,optimal
2021-02-10 17:00:00,2,90,0.0,0.0,0.0,0.076,27.741,6.0,-4,20.214438486848053,,0.0,0.0,0.0,0.0,40.66083318585786,optimal
2021-02-10 17:30:00,2,90,0.6397369541977064,0.0,0.0,1.0429666666666666,19.026,6.0,-4,20.0,,1599.342385494266,0.0,0.0,0.0,40.256964165131095,optimal
2021-02-10 18:00:00,2,90,0.5586560701854988,0.0,0.0,1.3253,18.7215,6.0,-4,20.0,,1396.640175463747,0.0,0.0,0.0,40.21670720096596,optimal
2021-02-10 18:30:00,2,90,0.7637847690610986,0.0,0.0,0.6538333333333334,17.4195,6.0,-4,20.0,,1909.4619226527466,0.0,0.0,0.0,40.176490493764994,optimal
2021-02-10 19:00:00,2,90,0.6446494679367,0.0,0.0,2.4324,16.758,6.0,-4,20.0,,1611.6236698417497,0.0,0.0,0.0,40.13631400327123,optimal
2021-02-10 19:30:00,2,90,0.5773335714006096,0.0,0.0,2.377,14.217,6.0,-4,20.0,,1443.333928501524,0.0,0.0,0.0,40.09617768926796,optimal
2021-02-10 20:00:00,2,90,0.9668470081978678,0.0,0.0,0.5125666666666667,13.3665,6.0,-4,20.0,,1999.1175204946696,0.0,418.0,0.0,40.05608151157869,optimal
2021-02-10 20:30:00,2,90,0.0,0.0,0.0,0.3966,12.789,6.0,-4,20.0,,0.0,0.0,0.0,0.0,40.01602543006711,optimal
2021-02-10 21:00:00,2,90,0.027866666666666665,0.0,0.0,0.9063333333333333,11.907,6.0,-4,19.8074799233601,,0.0,0.0,69.66666666666666,0.0,39.97600940463704,optimal
2021-02-10 21:30:00,2,90,0.0,0.0,0.0,1.1382,11.7075,6.0,-4,19.62920307054418,,0.0,0.0,0.0,0.0,39.9360333952324,optimal
2021-02-10 22:00:00,2,90,0.0,0.0,0.0,0.14666666666666667,10.8045,6.0,-4,19.42430495251197,,0.0,0.0,0.0,0.0,39.896097361837164,optimal
2021-02-10 22:30:00,2,90,0.0,0.0,0.0,0.077,11.508,6.0,-4,19.1383437487223,,0.0,0.0,0.0,0.0,39.856201264475324,optimal
2021-02-10 23:00:00,2,90,0.0,0.0,0.0,0.077,11.508,6.0,-4,18.834856158454105,,0.0,0.0,0.0,0.0,39.816345063210846,optimal
2021-02-10 23:30:00,2,90,0.0,0.0,0.0,0.077,11.508,6.0,-4,18.532133858379268,,0.0,0.0,0.0,0.0,39.77652871814764,optimal
2021-02-11 00:00:00,2,90,2.8,0.0,0.0,0.065,11.025,6.0,0,18.532133858379268,,7000.0,0.0,0.0,0.0,39.73675218942949,optimal
2021-02-11 00:30:00,2,90,2.8,0.0,0.0,0.065,12.0855,6.0,0,18.894135330317898,,0.0,0.0,7000.0,0.0,39.69701543724006,optimal
2021-02-11 01:00:00,2,90,2.8,0.0,0.0,0.065,11.6865,6.0,0,18.60254394614005,,0.0,0.0,7000.0,0.0,39.65731842180282,optimal
2021-02-11 01:30:00,2,90,2.8,0.0,0.0,0.18966666666666662,11.2245,6.0,0,18.316555376458236,,5743.0,0.0,1257.0,0.0,39.61766110338102,optimal
2021-02-11 02:00:00,2,90,2.8,0.0,0.0,0.065,11.025,6.0,0,18.579382831839087,,7000.0,0.0,0.0,0.0,39.57804344227764,optimal
2021-02-11 02:30:00,2,90,2.8,0.0,5.0,0.116,10.7835,6.0,0,18.943569836198407,,7000.0,0.0,0.0,0.0,41.91346539883536,optimal
2021-02-11 03:00:00,2,90,2.8,0.0,0.0,0.13866666666666666,11.025,6.0,0,19.305849920930577,,7000.0,0.0,0.0,0.0,41.87155193343653,optimal
2021-02-11 03:30:00,2,90,2.8,0.0,5.0,0.065,10.584,6.0,0,19.663620048157846,,7000.0,0.0,0.0,0.0,44.20468038150309,optimal
2021-02-11 04:00:00,2,90,2.8,0.0,3.686647611707755,0.15,11.025,6.0,0,20.01300938458559,,7000.0,0.0,0.0,0.0,45.91163331668277,optimal
2021-02-11 04:30:00,2,90,2.8,0.0,5.0,0.10466666666666669,10.4265,6.0,0,20.368867642585933,,7000.0,0.0,0.0,0.0,48.240721683366075,optimal
2021-02-11 05:00:00,2,90,2.8,0.0,0.0,0.07633333333333332,12.789,6.0,0,20.71542583406367,,7000.0,0.0,0.0,0.0,48.192480961682705,optimal
2021-02-11 05:30:00,2,90,2.8,0.0,0.0,0.17833333333333334,12.684,6.0,0,21.054395215619763,,7000.0,0.0,0.0,0.0,48.144288480721016,optimal
2021-02-11 06:00:00,2,90,2.8,0.0,0.0,0.11513333333333334,16.254,6.0,0,21.40156079849735,,7000.0,0.0,0.0,0.0,48.096144192240295,optimal
2021-02-11 06:30:00,2,90,0.8856105981990459,0.0,0.0,0.9181333333333332,17.64,6.0,0,21.746482073897567,,2214.0264954976146,0.0,0.0,0.0,48.048048048048045,optimal
2021-02-11 07:00:00,2,90,0.0,0.0,0.0,1.4404000000000001,19.1625,6.0,0,21.717167097787968,,0.0,0.0,0.0,0.0,48.0,optimal
2021-02-11 07:30:00,2,90,0.0,0.0,0.0,0.073,26.46,6.0,0,21.524498171516385,,0.0,0.0,0.0,0.0,47.714498680193415,optimal
2021-02-11 08:00:00,2,90,0.0,0.0,0.0,0.187,20.79,6.0,0,21.212892940863103,,0.0,0.0,0.0,0.0,47.42928286170664,optimal
2021-02-11 08:30:00,2,90,0.0,0.0,0.0,0.08633333333333333,29.106,6.0,0,20.903830299053258,,0.0,0.0,0.0,0.0,47.14435225903835,optimal
2021-02-11 09:00:00,2,90,0.0,0.0,0.0,0.14866666666666667,19.1835,6.0,0,20.57364910423289,,0.0,0.0,0.0,0.0,46.85970658697273,optimal
2021-02-11 09:30:00,2,90,0.0,0.0,0.0,0.126,19.6665,6.0,0,20.27392856686237,,0.0,0.0,0.0,0.0,46.57534556057917,optimal
2021-02-11 10:00:00,2,90,0.9257684155641582,0.0,0.0,0.075,19.404,6.0,0,20.0,,2314.4210389103955,0.0,0.0,0.0,46.29126889521201,optimal
2021-02-11 10:30:00,2,90,0.9151574638775591,0.0,0.0,0.194,19.047,6.0,0,20.0,,2287.893659693898,0.0,0.0,0.0,46.00747630651022,optimal
2021-02-11 11:00:00,2,90,1.704288600138468,0.0,0.0,0.08066666666666668,18.858,6.0,0,20.0,,4260.721500346171,0.0,0.0,0.0,45.723967510397124,optimal
2021-02-11 11:30:00,2,90,0.0,0.0,0.0,0.10333333333333332,19.2675,6.0,0,20.192733030300015,,0.0,0.0,0.0,0.0,45.44074222308014,optimal
2021-02-11 12:00:00,2,90,0.6112436091203256,0.0,0.0,0.17,18.963,6.0,0,20.0,,1528.109022800814,0.0,0.0,0.0,45.15780016105048,optimal
2021-02-11 12:30:00,2,90,1.122803551300866,0.0,0.0,0.1072,18.438,6.0,0,20.0,,2807.0088782521652,0.0,0.0,0.0,44.87514104108285,optimal
2021-02-11 13:00:00,2,90,0.0,0.0,0.0,0.238,18.7425,6.0,0,20.12674547401634,,0.0,0.0,0.0,0.0,44.59276458023518,optimal
2021-02-11 13:30:00,2,90,2.8,0.0,0.0,0.27026666666666666,15.2145,6.0,0,20.0,,7000.0,0.0,0.0,0.0,44.31067049584836,optimal
2021-02-11 14:00:00,2,90,0.0,0.0,0.0,0.223,17.7765,6.0,0,20.52933841829976,,0.0,0.0,0.0,0.0,44.028858505545934,optimal
2021-02-11 14:30:00,2,90,1.6755104539078995,0.0,0.0,0.2683333333333333,16.758,6.0,0,20.410037901226094,,4188.776134769749,0.0,0.0,0.0,43.7473283272338,optimal
2021-02-11 15:00:00,2,90,2.8,0.0,0.0,0.3474333333333333,16.422,6.0,0,20.68648201977553,,7000.0,0.0,0.0,0.0,43.466079679099984,optimal
2021-02-11 15:30:00,2,90,2.8,0.0,0.0,0.36360000000000003,16.758,6.0,0,21.190556406065706,,7000.0,0.0,0.0,0.0,43.1851122796143,optimal
2021-02-11 16:00:00,2,90,0.0,0.0,0.0,0.37096666666666656,29.358,6.0,0,21.67231071877755,,0.0,0.0,0.0,0.0,42.9044258475281,optimal
2021-02-11 16:30:00,2,90,0.0,0.0,0.0,0.6468333333333334,34.9965,6.0,0,21.463537283149,,0.0,0.0,0.0,0.0,42.62402010187399,optimal
2021-02-11 17:00:00,2,90,0.0,0.0,0.0,0.5107666666666667,34.65,6.0,0,21.266368280459872,,0.0,0.0,0.0,0.0,42.34389476196553,optimal
2021-02-11 17:30:00,2,90,0.0,0.0,0.0,1.4289333333333334,34.9965,6.0,0,21.00311156058337,,0.0,0.0,0.0,0.0,42.06404954739698,optimal
2021-02-11 18:00:00,2,90,0.0,0.0,0.0,0.6628,34.9965,6.0,0,20.79307264840691,,0.0,0.0,0.0,0.0,42.021985497849585,optimal
2021-02-11 18:30:00,2,90,0.0,0.0,0.0,0.2858,30.4815,6.0,0,20.541990054032553,,0.0,0.0,0.0,0.0,41.97996351235174,optimal
2021-02-11 19:00:00,2,90,0.0,0.0,0.0,0.3447,21.4305,6.0,0,20.274526518116808,,0.0,0.0,0.0,0.0,41.937983548839384,optimal
2021-02-11 19:30:00,2,90,1.1058005855284196,0.0,0.0,0.5940666666666667,14.3325,6.0,0,20.0,,2694.8347971543826,0.0,69.66666666666666,0.0,41.89604556529054,optimal
2021-02-11 20:00:00,2,90,1.150772649946283,0.0,0.0,0.4891333333333333,13.692,6.0,0,20.0,,2876.9316248657074,0.0,0.0,0.0,41.854149519725254,optimal
2021-02-11 20:30:00,2,90,0.0,0.0,0.0,0.3766333333333333,14.007,6.0,0,20.0,,0.0,0.0,0.0,0.0,41.81229537020553,optimal
2021-02-11 21:00:00,2,90,0.0,0.0,0.0,0.38003333333333333,12.873,6.0,0,19.720101011932215,,0.0,0.0,0.0,0.0,41.770483074835326,optimal
2021-02-11 21:30:00,2,90,0.1393333333333333,0.0,0.0,0.2561666666666667,12.684,6.0,0,19.443960328889677,,0.0,0.0,348.3333333333333,0.0,41.72871259176049,optimal
2021-02-11 22:00:00,2,90,0.0,0.0,0.0,0.3678333333333333,12.306,6.0,0,19.153272554097555,,0.0,0.0,0.0,0.0,41.68698387916873,optimal
2021-02-11 22:30:00,2,90,1.0867999999999998,0.0,0.0,0.4015666666666667,10.6365,6.0,0,18.873329810262636,,0.0,0.0,2716.9999999999995,0.0,41.64529689528956,optimal
2021-02-11 23:00:00,2,90,0.0,0.0,0.0,0.4722,11.2455,6.0,0,18.590933667377083,,0.0,0.0,0.0,0.0,41.60365159839427,optimal
2021-02-11 23:30:00,2,90,0.0,0.0,0.0,0.3123666666666667,11.2455,6.0,0,18.30637297688786,,0.0,0.0,0.0,0.0,41.56204794679588,optimal
2021-02-12 00:00:00,2,90,2.8,0.0,0.0,0.055,10.3635,6.0,0,18.30637297688786,,7000.0,0.0,0.0,0.0,41.52048589884908,optimal
2021-02-12 00:30:00,2,90,2.8,0.0,0.0,0.1216,10.8045,6.0,0,18.624965524447664,,0.0,0.0,7000.0,0.0,41.47896541295023,optimal
2021-02-12 01:00:00,2,90,2.8,0.0,0.0,0.055,11.025,6.0,0,18.295338324910176,,3619.6666666666665,0.0,3380.3333333333335,0.0,41.43748644753728,optimal
2021-02-12 01:30:00,2,90,2.8,0.0,0.0,0.1216,10.3635,6.0,0,18.300275900668677,,7000.0,0.0,0.0,0.0,41.39604896108975,optimal
2021-02-12 02:00:00,2,90,2.8,0.0,0.0,0.13306666666666667,10.8045,6.0,0,18.6265692681532,,7000.0,0.0,0.0,0.0,41.35465291212866,optimal
2021-02-12 02:30:00,2,90,2.8,0.0,5.0,0.063,10.059,6.0,0,18.950503710397058,,7000.0,0.0,0.0,0.0,43.68829825921653,optimal
2021-02-12 03:00:00,2,90,2.8,0.0,0.0,0.1270333333333333,10.584,6.0,0,19.26703406303721,,7000.0,0.0,0.0,0.0,43.64460996095731,optimal
2021-02-12 03:30:00,2,90,2.8,0.0,5.0,0.12563333333333335,9.4185,6.0,0,19.59001510871605,,7000.0,0.0,0.0,0.0,45.975965350996354,optimal
2021-02-12 04:00:00,2,90,2.8,0.0,0.0631184822726769,0.055,10.3635,6.0,0,19.918260500518755,,7000.0,0.0,0.0,0.0,45.95997066472487,optimal
2021-02-12 04:30:00,2,90,2.8,0.0,5.0,0.19766666666666663,9.8385,6.0,0,20.245267648708285,,7000.0,0.0,0.0,0.0,48.289010694060146,optimal
2021-02-12 05:00:00,2,90,2.8,0.0,0.0,0.053666666666666654,11.067,6.0,0,20.590855950632466,,7000.0,0.0,0.0,0.0,48.240721683366075,optimal
2021-02-12 05:30:00,2,90,2.8,0.0,0.0,0.0876,10.8465,6.0,0,20.945581275154606,,7000.0,0.0,0.0,0.0,48.192480961682705,optimal
2021-02-12 06:00:00,2,90,0.0,0.0,0.0,0.09846666666666669,13.671,6.0,0,21.292393310239937,,0.0,0.0,0.0,0.0,48.144288480721016,optimal
2021-02-12 06:30:00,2,90,2.8,0.0,0.0,0.08393333333333333,12.348,6.0,0,20.996854088382644,,7000.0,0.0,0.0,0.0,48.096144192240295,optimal
2021-02-12 07:00:00,2,90,0.0,0.0,0.0,0.09,14.3325,6.0,0,21.357802404954175,,0.0,0.0,0.0,0.0,48.048048048048045,optimal
2021-02-12 07:30:00,2,90,0.0,0.0,0.0,0.13106666666666666,15.393,6.0,0,21.081255030190437,,0.0,0.0,0.0,0.0,48.0,optimal
2021-02-12 08:00:00,2,90,0.953938664728939,0.0,0.0,0.2231,13.587,6.0,0,20.813373436277846,,2384.8466618223474,0.0,0.0,0.0,47.79382505642451,optimal
2021-02-12 08:30:00,2,90,0.0,0.0,0.0,0.09016666666666669,16.1385,6.0,0,20.764462836407503,,0.0,0.0,0.0,0.0,47.5878562877926,optimal
2021-02-12 09:00:00,2,90,0.0,0.0,0.0,0.1144,14.595,6.0,0,20.475187306180416,,0.0,0.0,0.0,0.0,47.38209348792932,optimal
2021-02-12 09:30:00,2,90,0.0,0.0,0.0,0.078,14.637,6.0,0,20.223325699712802,,0.0,0.0,0.0,0.0,47.176536450865896,optimal
2021-02-12 10:00:00,2,90,0.24390200177131913,0.0,0.0,1.3647,13.9125,6.0,0,20.0,,609.7550044282979,0.0,0.0,0.0,46.971184970839545,optimal
2021-02-12 10:30:00,2,90,0.40364530289572836,0.0,0.0,1.2402666666666669,13.3665,6.0,0,20.0,,1009.1132572393209,0.0,0.0,0.0,46.76603884229322,optimal
2021-02-12 11:00:00,2,90,0.616098889793937,0.0,0.0,1.1488666666666665,13.0095,6.0,0,20.0,,1540.2472244848425,0.0,0.0,0.0,46.56109785987544,optimal
2021-02-12 11:30:00,2,90,0.0,0.0,0.0,1.7051333333333334,13.8915,6.0,0,20.079179385547704,,0.0,0.0,0.0,0.0,46.35636181844007,optimal
2021-02-12 12:00:00,2,90,0.2672406112716839,0.0,0.0,0.9397666666666668,13.188,6.0,0,20.0,,668.1015281792098,0.0,0.0,0.0,46.15183051304614,optimal
2021-02-12 12:30:00,2,90,0.0,0.0,0.0,3.305766666666667,12.5685,6.0,0,20.0,,0.0,0.0,0.0,0.0,45.94750373895761,optimal
2021-02-12 13:00:00,2,90,0.5018221112744324,0.0,0.0,0.14106666666666667,12.285,6.0,0,20.044438003403233,,1254.555278186081,0.0,0.0,0.0,45.74338129164316,optimal
2021-02-12 13:30:00,2,90,1.5011337770131008,0.0,0.0,0.065,11.487,6.0,0,20.0,,3752.8344425327523,0.0,0.0,0.0,45.53946296677603,optimal
2021-02-12 14:00:00,2,90,0.0,0.0,0.0,0.0798,11.802,6.0,0,20.179632842874998,,0.0,0.0,0.0,0.0,45.33574856023376,optimal
2021-02-12 14:30:00,2,90,2.8,0.0,0.0,0.1928666666666667,11.2245,6.0,0,20.0,,7000.0,0.0,0.0,0.0,45.13223786809804,optimal
2021-02-12 15:00:00,2,90,2.8,0.0,0.0,0.065,11.025,6.0,0,20.48184724874315,,7000.0,0.0,0.0,0.0,44.92893068665445,optimal
2021-02-12 15:30:00,2,90,2.8,0.0,0.0,0.48360000000000003,11.907,6.0,0,20.930637228736604,,7000.0,0.0,0.0,0.0,44.72582681239231,optimal
2021-02-12 16:00:00,2,90,0.0,0.0,0.0,0.6652333333333333,25.83,6.0,0,21.427401232083312,,0.0,0.0,0.0,0.0,44.522926042004435,optimal
2021-02-12 16:30:00,2,90,0.0,0.0,0.0,1.2414333333333334,28.035,6.0,0,21.250794611092697,,0.0,0.0,0.0,0.0,44.32022817238694,optimal
2021-02-12 17:00:00,2,90,0.0,0.0,0.0,0.3893333333333333,28.119,6.0,0,21.10880201679032,,0.0,0.0,0.0,0.0,44.11773300063906,optimal
2021-02-12 17:30:00,2,90,0.0,0.0,0.0,2.242833333333333,30.156,6.0,0,20.891576481070434,,0.0,0.0,0.0,0.0,43.915440324062935,optimal
2021-02-12 18:00:00,2,90,0.0,0.0,0.0,0.6460666666666667,29.1585,6.0,0,20.778254865817402,,0.0,0.0,0.0,0.0,43.71334994016338,optimal
2021-02-12 18:30:00,2,90,0.0,0.0,0.0,0.9708666666666668,26.712,6.0,0,20.58297913052953,,0.0,0.0,0.0,0.0,43.51146164664773,optimal
2021-02-12 19:00:00,2,90,0.0,0.0,0.0,0.11586666666666666,15.435,6.0,0,20.34540844523772,,0.0,0.0,0.0,0.0,43.3097752414256,optimal
2021-02-12 19:30:00,2,90,0.8120550009912779,0.0,0.0,0.3881,13.566,6.0,0,20.058667013566144,,2030.1375024781948,0.0,0.0,0.0,43.108290522608684,optimal
2021-02-12 20:00:00,2,90,0.9619658173744889,0.0,0.0,0.3005,12.789,6.0,0,20.0,,2404.914543436222,0.0,0.0,0.0,42.907007288510584,optimal
2021-02-12 20:30:00,2,90,0.0,0.0,0.0,0.2205,12.1275,6.0,0,20.0,,0.0,0.0,0.0,0.0,42.70592533764658,optimal
2021-02-12 21:00:00,2,90,0.0,0.0,0.0,0.2907,13.671,6.0,0,19.786974944692222,,0.0,0.0,0.0,0.0,42.66321941230893,optimal
2021-02-12 21:30:00,2,90,0.9474666666666666,0.0,0.0,0.3526666666666667,10.668,6.0,0,19.593539301985512,,0.0,0.0,2368.6666666666665,0.0,42.62055619289662,optimal
2021-02-12 22:00:00,2,90,0.0,0.0,0.0,0.3973333333333333,11.7285,6.0,0,19.424326002938123,,0.0,0.0,0.0,0.0,42.57793563670373,optimal
2021-02-12 22:30:00,2,90,0.0,0.0,0.0,0.2584666666666666,11.025,6.0,0,19.2536197995479,,0.0,0.0,0.0,0.0,42.53535770106702,optimal
2021-02-12 23:00:00,2,90,0.0,0.0,0.0,0.27176666666666666,10.689,6.0,0,19.07676880102194,,0.0,0.0,0.0,0.0,42.49282234336595,optimal
2021-02-12 23:30:00,2,90,0.0,0.0,0.0,0.1477,8.1585,6.0,0,18.889352245036733,,0.0,0.0,0.0,0.0,42.45032952102259,optimal
2021-02-13 00:00:00,2,90,0.0,0.0,0.0,0.17943333333333333,9.5655,6.0,2,18.889352245036733,,0.0,0.0,0.0,0.0,42.407879191501564,optimal
2021-02-13 00:30:00,2,90,2.8,0.0,5.0,0.061,7.056,6.0,2,18.663711064760054,,0.0,0.0,7000.0,0.0,44.74047131231006,optimal
2021-02-13 01:00:00,2,90,0.0,0.0,0.0,0.061,9.3975,6.0,2,18.423078483801568,,0.0,0.0,0.0,0.0,44.695730840997754,optimal
2021-02-13 01:30:00,2,90,0.0,0.0,0.0,0.061,10.059,6.0,2,18.186604218126327,,0.0,0.0,0.0,0.0,44.651035110156755,optimal
2021-02-13 02:00:00,2,90,0.0,0.0,0.0,0.061,9.261,6.0,2,17.954228771355993,,0.0,0.0,0.0,0.0,44.6063840750466,optimal
2021-02-13 02:30:00,2,90,2.8,0.0,0.0,0.061,8.1585,6.0,2,17.725893498375004,,1111.666666666667,0.0,5888.333333333333,0.0,44.56177769097155,optimal
2021-02-13 03:00:00,2,90,0.0,0.0,0.0,0.061,9.4815,6.0,2,17.604026648976898,,0.0,0.0,0.0,0.0,44.51721591328058,optimal
2021-02-13 03:30:00,2,90,2.8,0.0,0.0,0.061,8.379,6.0,2,17.380702000864297,,7000.0,0.0,0.0,0.0,44.4726986973673,optimal
2021-02-13 04:00:00,2,90,1.1927237856553994,0.0,0.0,0.061,9.5235,6.0,2,17.80970143786332,,2981.8094641384982,0.0,0.0,0.0,44.42822599866993,optimal
2021-02-13 04:30:00,2,90,2.8,0.0,0.0,0.061,8.1375,6.0,2,17.85881918968668,,7000.0,0.0,0.0,0.0,44.38379777267126,optimal
2021-02-13 05:00:00,2,90,0.0,0.0,0.0,0.061,10.0905,6.0,2,18.278831646295085,,0.0,0.0,0.0,0.0,44.339413974898584,optimal
2021-02-13 05:30:00,2,90,2.8,0.0,5.0,0.061,7.539,6.0,2,18.041559675053183,,7000.0,0.0,0.0,0.0,46.67007456092369,optimal
2021-02-13 06:00:00,2,90,2.8,0.0,3.1005046439526938,0.48673333333333335,7.938,6.0,2,18.456095954129914,,7000.0,0.0,0.0,0.0,48.096144192240295,optimal
2021-02-13 06:30:00,2,90,2.8,0.0,0.0,1.1947333333333332,8.274,6.0,2,18.935075035127177,,7000.0,0.0,0.0,0.0,48.048048048048045,optimal
2021-02-13 07:00:00,2,90,2.8,0.0,0.0,0.2135,9.261,6.0,2,19.390877565158295,,7000.0,0.0,0.0,0.0,48.0,optimal
2021-02-13 07:30:00,2,90,2.8,0.0,0.0,0.2117,9.9225,6.0,2,19.82587318503122,,7000.0,0.0,0.0,0.0,47.859101265608544,optimal
2021-02-13 08:00:00,2,90,2.8,0.0,0.0,0.3214666666666666,9.702,6.0,2,20.273164968501963,,7000.0,0.0,0.0,0.0,47.71834342995148,optimal
2021-02-13 08:30:00,2,90,2.8,0.0,0.0,0.4797,10.584,6.0,2,20.7117377796207,,7000.0,0.0,0.0,0.0,47.57772635213008,optimal
2021-02-13 09:00:00,2,90,2.8,0.0,0.0,0.35486666666666666,10.143,6.0,2,21.165289136284983,,7000.0,0.0,0.0,0.0,47.43724989138649,optimal
2021-02-13 09:30:00,2,90,0.0,0.0,0.0,0.071,13.0095,6.0,2,21.591640118362594,,0.0,0.0,0.0,0.0,47.29691390710365,optimal
2021-02-13 10:00:00,2,90,2.8,0.0,0.0,0.071,11.025,6.0,2,21.293859255155287,,7000.0,0.0,0.0,0.0,47.15671825880509,optimal
2021-02-13 10:30:00,2,90,0.0,0.0,0.0,0.071,12.789,6.0,2,21.684100834576782,,0.0,0.0,0.0,0.0,47.016662806154834,optimal
2021-02-13 11:00:00,2,90,0.0,0.0,0.0,0.071,12.1275,6.0,2,21.41963011341472,,0.0,0.0,0.0,0.0,46.87674740895722,optimal
2021-02-13 11:30:00,2,90,0.0,0.0,0.0,0.071,12.1695,6.0,2,21.19527613398755,,0.0,0.0,0.0,0.0,46.73697192715681,optimal
2021-02-13 12:00:00,2,90,0.0,0.0,0.0,0.071,12.306,6.0,2,20.974847558731895,,0.0,0.0,0.0,0.0,46.597336220838194,optimal
2021-02-13 12:30:00,2,90,0.0,0.0,0.0,0.071,13.23,6.0,2,20.77279899793916,,0.0,0.0,0.0,0.0,46.4578401502259,optimal
2021-02-13 13:00:00,2,90,0.0,0.0,0.0,0.071,13.671,6.0,2,20.575072090081836,,0.0,0.0,0.0,0.0,46.31848357568422,optimal
2021-02-13 13:30:00,2,90,0.0,0.0,0.0,0.071,13.9335,6.0,2,20.388200808242384,,0.0,0.0,0.0,0.0,46.17926635771708,optimal
2021-02-13 14:00:00,2,90,0.0,0.0,0.0,0.071,13.293,6.0,2,20.205434025739052,,0.0,0.0,0.0,0.0,46.04018835696791,optimal
2021-02-13 14:30:00,2,90,1.268380138494494,0.0,0.0,0.071,12.1065,6.0,2,20.0,,3170.9503462362345,0.0,0.0,0.0,45.90124943421949,optimal
2021-02-13 15:00:00,2,90,2.8,0.0,0.0,0.071,11.571,6.0,2,20.09331087391144,,7000.0,0.0,0.0,0.0,45.76244945039382,optimal
2021-02-13 15:30:00,2,90,2.8,0.0,0.0,0.071,11.025,6.0,2,20.519761093701682,,7000.0,0.0,0.0,0.0,45.62378826655197,optimal
2021-02-13 16:00:00,2,90,2.8,0.0,0.0,0.071,10.8465,6.0,2,20.938678964614855,,7000.0,0.0,0.0,0.0,45.48526574389396,optimal
2021-02-13 16:30:00,2,90,2.8,0.0,0.0,0.2658666666666667,11.2455,6.0,2,21.325108193489907,,7000.0,0.0,0.0,0.0,45.346881743758615,optimal
2021-02-13 17:00:00,2,90,0.0,0.0,0.0,0.331,23.8665,6.0,2,21.747938889685596,,0.0,0.0,0.0,0.0,45.2086361276234,optimal
2021-02-13 17:30:00,2,90,0.0,0.0,0.0,0.1847333333333333,27.4575,6.0,2,21.524997784452502,,0.0,0.0,0.0,0.0,45.07052875710432,optimal
2021-02-13 18:00:00,2,90,0.0,0.0,0.0,0.1724,27.3735,6.0,2,21.290738356312875,,0.0,0.0,0.0,0.0,44.932559493955765,optimal
2021-02-13 18:30:00,2,90,0.0,0.0,0.0,0.2426333333333333,30.4605,6.0,2,21.066247375985526,,0.0,0.0,0.0,0.0,44.79472820007035,optimal
2021-02-13 19:00:00,2,90,0.0,0.0,0.0,0.071,30.0195,6.0,2,20.861947308096866,,0.0,0.0,0.0,0.0,44.65703473747883,optimal
2021-02-13 19:30:00,2,90,0.0,0.0,0.0,0.071,26.9325,6.0,2,20.563677996005925,,0.0,0.0,0.0,0.0,44.5194789683499,optimal
2021-02-13 20:00:00,2,90,0.0,0.0,0.0,0.1803333333333333,14.595,6.0,2,20.268245483244044,,0.0,0.0,0.0,0.0,44.474959489381554,optimal
2021-02-13 20:30:00,2,90,0.0,0.0,0.0,0.4624,12.4845,6.0,2,20.0,,0.0,0.0,0.0,0.0,44.43048452989217,optimal
2021-02-13 21:00:00,2,90,0.0,0.0,0.0,0.29986666666666667,12.1275,6.0,2,19.781743837156153,,0.0,0.0,0.0,0.0,44.38605404536228,optimal
2021-02-13 21:30:00,2,90,0.0,0.0,0.0,0.47693333333333326,12.1275,6.0,2,19.560139850245168,,0.0,0.0,0.0,0.0,44.34166799131692,optimal
2021-02-13 22:00:00,2,90,0.0,0.0,0.0,0.481,12.789,6.0,2,19.349046113750266,,0.0,0.0,0.0,0.0,44.2973263233256,optimal
2021-02-13 22:30:00,2,90,0.0,0.0,0.0,0.31710000000000005,11.907,6.0,2,19.152270109584432,,0.0,0.0,0.0,0.0,44.253028997002275,optimal
2021-02-13 23:00:00,2,90,0.0,0.0,0.0,0.071,11.025,6.0,2,18.927114485015423,,0.0,0.0,0.0,0.0,44.20877596800527,optimal
2021-02-13 23:30:00,2,90,0.0,0.0,0.0,0.071,8.2005,6.0,2,18.661464958834788,,0.0,0.0,0.0,0.0,44.16456719203727,optimal
2021-02-07 00:00:00,3,90,0.0,0.0,0.0,0.059,8.274,6.0,-2,21.0,,0.0,0.0,0.0,0.0,47.952,optimal
2021-02-07 00:30:00,3,90,0.0,0.0,0.0,0.15366666666666665,7.7175,6.0,-2,20.772227101655748,,0.0,0.0,0.0,0.0,47.904047999999996,optimal
2021-02-07 01:00:00,3,90,0.0,0.0,0.0,0.059,6.615,6.0,-2,20.5550707224954,,0.0,0.0,0.0,0.0,47.856143952,optimal
2021-02-07 01:30:00,3,90,0.0,0.0,0.0,0.0732,6.174,6.0,-2,20.330802225325314,,0.0,0.0,0.0,0.0,47.80828780804799,optimal
2021-02-07 02:00:00,3,90,2.8,0.0,0.0,0.13946666666666666,3.906,6.0,-2,20.110345383778295,,7000.0,0.0,0.0,0.0,47.76047952023995,optimal
2021-02-07 02:30:00,3,90,2.8,0.0,0.0,0.059,2.3415,6.0,-2,20.548323453640982,,7000.0,0.0,0.0,0.0,47.712719040719705,optimal
2021-02-07 03:00:00,3,90,2.8,0.0,0.0,0.15366666666666665,2.205,6.0,-2,20.9711341226762,,7000.0,0.0,0.0,0.0,47.66500632167899,optimal
2021-02-07 03:30:00,3,90,2.8,0.0,1.7196350072939925,0.059,0.882,6.0,-2,21.39525288586486,,7000.0,0.0,0.0,0.0,48.434167943821954,optimal
2021-02-07 04:00:00,3,90,2.8,0.0,0.0,0.13,1.5435,6.0,-2,21.803799679595173,,7000.0,0.0,0.0,0.0,48.38573377587813,optimal
2021-02-07 04:30:00,3,90,2.8,0.0,0.0,0.08266666666666667,1.5435,6.0,-2,22.21237695043494,,7000.0,0.0,0.0,0.0,48.33734804210225,optimal
2021-02-07 05:00:00,3,90,1.1188196184437162,0.0,0.0,0.059,5.0715,6.0,-2,22.610714191448984,,2797.049046109291,0.0,0.0,0.0,48.289010694060146,optimal
2021-02-07 05:30:00,3,90,0.0,0.0,0.0,0.11106666666666666,5.376,6.0,-2,22.610974542265087,,0.0,0.0,0.0,0.0,48.240721683366075,optimal
2021-02-07 06:00:00,3,90,2.8,0.0,0.0,0.1016,5.0715,6.0,-2,22.35640104676171,,7000.0,0.0,0.0,0.0,48.192480961682705,optimal
2021-02-07 06:30:00,3,90,0.0,0.0,0.0,0.059,5.5125,6.0,-2,22.75443529240761,,0.0,0.0,0.0,0.0,48.144288480721016,optimal
2021-02-07 07:00:00,3,90,0.0,0.0,0.0,0.15366666666666665,9.261,6.0,-2,22.492260194588603,,0.0,0.0,0.0,0.0,48.096144192240295,optimal
2021-02-07 07:30:00,3,90,0.0,0.0,0.0,0.0868,11.7075,6.0,-2,22.241909226452158,,0.0,0.0,0.0,0.0,48.048048048048045,optimal
2021-02-07 08:00:00,3,90,0.0,0.0,0.0,0.5323333333333333,12.348,6.0,-2,22.0,,0.0,0.0,0.0,0.0,48.0,optimal
2021-02-07 08:30:00,3,90,0.0,0.0,0.0,1.6161666666666668,12.348,6.0,-2,21.815982466065165,,0.0,0.0,0.0,0.0,47.88696188419006,optimal
2021-02-07 09:00:00,3,90,0.0,0.0,0.0,0.059,12.1275,6.0,-2,21.593237769786374,,0.0,0.0,0.0,0.0,47.77403680649593,optimal
2021-02-07 09:30:00,3,90,0.0,0.0,0.0,0.059,12.5265,6.0,-2,21.32026932879174,,0.0,0.0,0.0,0.0,47.66122465387949,optimal
2021-02-07 10:00:00,3,90,2.8,0.0,0.0,0.059,11.7495,6.0,-2,21.051921858370203,,7000.0,0.0,0.0,0.0,47.548525313415674,optimal
2021-02-07 10:30:00,3,90,0.0,0.0,0.0,0.9508,13.23,6.0,-2,21.450505464098363,,0.0,0.0,0.0,0.0,47.435938672292316,optimal
2021-02-07 11:00:00,3,90,0.0,0.0,0.0,1.6123666666666665,14.3325,6.0,-2,21.228781021119683,,0.0,0.0,0.0,0.0,47.32346461781008,optimal
2021-02-07 11:30:00,3,90,0.0,0.0,0.0,0.2127333333333333,14.994,6.0,-2,21.06586141692533,,0.0,0.0,0.0,0.0,47.21110303738233,optimal
2021-02-07 12:00:00,3,90,0.0,0.0,0.0,1.4172333333333331,14.8155,6.0,-2,20.859062724364108,,0.0,0.0,0.0,0.0,47.098853818535005,optimal
2021-02-07 12:30:00,3,90,0.0,0.0,0.0,0.8082,14.112,6.0,-2,20.737411019349384,,0.0,0.0,0.0,0.0,46.98671684890653,optimal
2021-02-07 13:00:00,3,90,0.0,0.0,0.0,0.3496666666666667,14.007,6.0,-2,20.581052289193547,,0.0,0.0,0.0,0.0,46.874692016247685,optimal
2021-02-07 13:30:00,3,90,0.9875265448223829,0.0,0.0,0.227,13.23,6.0,-2,20.393777695242477,,2468.816362055957,0.0,0.0,0.0,46.7627792084215,optimal
2021-02-07 14:00:00,3,90,2.8,0.0,0.0,1.4243666666666666,11.382,6.0,-2,20.426031488043556,,7000.0,0.0,0.0,0.0,46.65097831340314,optimal
2021-02-07 14:30:00,3,90,2.8,0.0,0.0,0.1872666666666667,11.7495,6.0,-2,20.905320873602253,,7000.0,0.0,0.0,0.0,46.539289219279794,optimal
2021-02-07 15:00:00,3,90,0.0,0.0,0.0,1.3089666666666666,24.3285,6.0,-2,21.363074497839087,,0.0,0.0,0.0,0.0,46.42771181425057,optimal
2021-02-07 15:30:00,3,90,0.0,0.0,0.0,0.3194666666666666,28.917,6.0,-2,21.200446217629754,,0.0,0.0,0.0,0.0,46.31624598662638,optimal
2021-02-07 16:00:00,3,90,0.0,0.0,0.0,0.1028,31.3635,6.0,-2,21.033093225154047,,0.0,0.0,0.0,0.0,46.20489162482981,optimal
2021-02-07 16:30:00,3,90,0.0,0.0,0.0,0.16466666666666666,33.306,6.0,-2,20.84416026064066,,0.0,0.0,0.0,0.0,46.09364861739504,optimal
2021-02-07 17:00:00,3,90,0.0,0.0,0.0,0.9173333333333333,31.3425,6.0,-2,20.64260403521786,,0.0,0.0,0.0,0.0,45.982516852967706,optimal
2021-02-07 17:30:00,3,90,0.0,0.0,0.0,0.6522666666666667,28.2555,6.0,-2,20.42700133854554,,0.0,0.0,0.0,0.0,45.8714962203048,optimal
2021-02-07 18:00:00,3,90,0.0,0.0,0.0,0.7013666666666667,15.6975,6.0,-2,20.198094878219226,,0.0,0.0,0.0,0.0,45.76058660827455,optimal
2021-02-07 18:30:00,3,90,0.875420394251473,0.0,0.0,1.1640666666666666,12.5475,6.0,-2,20.0,,2188.5509856286826,0.0,0.0,0.0,45.649787905856336,optimal
2021-02-07 19:00:00,3,90,1.1096459735586883,0.0,0.0,0.069,12.0855,6.0,-2,20.0,,2774.114933896721,0.0,0.0,0.0,45.539100002140536,optimal
2021-02-07 19:30:00,3,90,1.927216252691677,0.0,0.0,0.069,11.907,6.0,-2,20.0,,4818.040631729193,0.0,0.0,0.0,45.42852278632846,optimal
2021-02-07 20:00:00,3,90,0.0,0.0,0.0,0.43069999999999997,12.5685,6.0,-2,20.189747605429453,,0.0,0.0,0.0,0.0,45.318056147732186,optimal
2021-02-07 20:30:00,3,90,0.0,0.0,0.0,0.34463333333333335,13.146,6.0,-2,20.0,,0.0,0.0,0.0,0.0,45.20769997577451,optimal
2021-02-07 21:00:00,3,90,0.0,0.0,0.0,0.2209,10.584,6.0,-2,19.81249949331197,,0.0,0.0,0.0,0.0,45.09745415998879,optimal
2021-02-07 21:30:00,3,90,0.0,0.0,0.0,0.18816666666666662,6.678,6.0,-2,19.618093216386114,,0.0,0.0,0.0,0.0,45.05235670582881,optimal
2021-02-07 22:00:00,3,90,0.0,0.0,0.0,1.1432,7.938,6.0,-2,19.445511996463658,,0.0,0.0,0.0,0.0,45.007304349122975,optimal
2021-02-07 22:30:00,3,90,0.0,0.0,0.0,1.0205333333333333,5.292,6.0,-2,19.301062692052653,,0.0,0.0,0.0,0.0,44.962297044773855,optimal
2021-02-07 23:00:00,3,90,0.0,0.0,0.0,0.102,9.261,6.0,-2,19.15542658737185,,0.0,0.0,0.0,0.0,44.91733474772908,optimal
2021-02-07 23:30:00,3,90,0.0,0.0,0.0,0.1738,10.3635,6.0,-2,18.945733693489803,,0.0,0.0,0.0,0.0,44.87241741298135,optimal
2021-02-08 00:00:00,3,90,2.8,0.0,0.0,0.062,5.9745,6.0,0,18.945733693489803,,7000.0,0.0,0.0,0.0,44.82754499556837,optimal
2021-02-08 00:30:00,3,90,2.8,0.0,0.0,0.062,7.938,6.0,0,19.375930273774006,,799.666666666667,0.0,6200.333333333333,0.0,44.7827174505728,optimal
2021-02-08 01:00:00,3,90,1.8715084259815944,0.0,0.0,0.062,8.6835,6.0,0,19.22436445693973,,4678.771064953986,0.0,0.0,0.0,44.73793473312222,optimal
2021-02-08 01:30:00,3,90,2.8,0.0,0.0,0.182,7.665,6.0,0,19.435083422307326,,7000.0,0.0,0.0,0.0,44.6931967983891,optimal
2021-02-08 02:00:00,3,90,2.8,0.0,0.0,0.074,6.7725,6.0,0,19.868703276112363,,7000.0,0.0,0.0,0.0,44.64850360159071,optimal
2021-02-08 02:30:00,3,90,2.8,0.0,0.0,0.14,5.5755,6.0,0,20.285377422219195,,7000.0,0.0,0.0,0.0,44.60385509798912,optimal
2021-02-08 03:00:00,3,90,2.8,0.0,3.0507476960202577,0.116,5.0925,6.0,0,20.702932367254014,,7000.0,0.0,0.0,0.0,46.00835639850075,optimal
2021-02-08 03:30:00,3,90,2.8,0.0,5.0,0.062,4.1895,6.0,0,21.11300036933838,,7000.0,0.0,0.0,0.0,48.33734804210225,optimal
2021-02-08 04:00:00,3,90,2.8,0.0,0.0,0.062,7.056,6.0,0,21.511472722852115,,7000.0,0.0,0.0,0.0,48.289010694060146,optimal
2021-02-08 04:30:00,3,90,2.8,0.0,0.0,0.14,5.271,6.0,0,21.90352841985893,,7000.0,0.0,0.0,0.0,48.240721683366075,optimal
2021-02-08 05:00:00,3,90,2.8,0.0,0.0,0.116,7.938,6.0,0,22.29578499919667,,7000.0,0.0,0.0,0.0,48.192480961682705,optimal
2021-02-08 05:30:00,3,90,2.8,0.0,0.0,0.062,7.938,6.0,0,22.678770428493145,,7000.0,0.0,0.0,0.0,48.144288480721016,optimal
2021-02-08 06:00:00,3,90,0.0,0.0,0.0,0.194,11.907,6.0,0,23.050547701481424,,0.0,0.0,0.0,0.0,48.096144192240295,optimal
2021-02-08 06:30:00,3,90,0.0,0.0,0.0,0.062,11.025,6.0,0,22.77870028151648,,0.0,0.0,0.0,0.0,48.048048048048045,optimal
2021-02-08 07:00:00,3,90,0.0,0.0,0.0,0.12846666666666667,11.2875,6.0,0,22.49777280721882,,0.0,0.0,0.0,0.0,48.0,optimal
2021-02-08 07:30:00,3,90,0.0,0.0,0.0,0.1811333333333333,12.936,6.0,0,22.233994174705067,,0.0,0.0,0.0,0.0,47.891705862060086,optimal
2021-02-08 08:00:00,3,90,0.0,0.0,0.0,0.4066666666666667,13.0095,6.0,0,22.0,,0.0,0.0,0.0,0.0,47.783520018258116,optimal
2021-02-08 08:30:00,3,90,0.0,0.0,0.0,0.8586666666666666,13.671,6.0,0,21.792686072863805,,0.0,0.0,0.0,0.0,47.67544236029995,optimal
2021-02-08 09:00:00,3,90,0.0,0.0,0.0,0.072,13.188,6.0,0,21.560839537358206,,0.0,0.0,0.0,0.0,47.56747277999973,optimal
2021-02-08 09:30:00,3,90,0.0,0.0,0.0,0.204,13.8495,6.0,0,21.282248376226775,,0.0,0.0,0.0,0.0,47.45961116927982,optimal
2021-02-08 10:00:00,3,90,0.0,0.0,0.0,0.072,13.23,6.0,0,21.022043620022558,,0.0,0.0,0.0,0.0,47.351857420170624,optimal
2021-02-08 10:30:00,3,90,0.0,0.0,0.0,0.144,13.3665,6.0,0,20.78150722569863,,0.0,0.0,0.0,0.0,47.244211424810544,optimal
2021-02-08 11:00:00,3,90,1.8172357736809812,0.0,0.0,0.132,13.0515,6.0,0,20.548950320418854,,4543.089434202453,0.0,0.0,0.0,47.13667307544582,optimal
2021-02-08 11:30:00,3,90,0.0,0.0,0.0,0.072,13.5345,6.0,0,20.768888286412885,,0.0,0.0,0.0,0.0,47.029242264430465,optimal
2021-02-08 12:00:00,3,90,0.0,0.0,0.0,0.138,14.154,6.0,0,20.559782928478228,,0.0,0.0,0.0,0.0,46.92191888422612,optimal
2021-02-08 12:30:00,3,90,0.0,0.0,0.0,0.138,14.112,6.0,0,20.370791212509964,,0.0,0.0,0.0,0.0,46.81470282740199,optimal
2021-02-08 13:00:00,3,90,0.0,0.0,0.0,0.072,14.2485,6.0,0,20.187365115483086,,0.0,0.0,0.0,0.0,46.70759398663467,optimal
2021-02-08 13:30:00,3,90,1.5286672705775213,0.0,0.0,0.198,12.789,6.0,0,20.0,,3821.6681764438035,0.0,0.0,0.0,46.600592254708125,optimal
2021-02-08 14:00:00,3,90,0.0,0.0,0.0,0.078,13.0095,6.0,0,20.183227767468807,,0.0,0.0,0.0,0.0,46.49369752451351,optimal
2021-02-08 14:30:00,3,90,2.8,0.0,0.0,0.072,12.1275,6.0,0,20.0,,7000.0,0.0,0.0,0.0,46.386909689049084,optimal
2021-02-08 15:00:00,3,90,1.824432288309276,0.0,0.0,0.072,12.348,6.0,0,20.466534829012005,,4561.0807207731905,0.0,0.0,0.0,46.28022864142012,optimal
2021-02-08 15:30:00,3,90,2.8,0.0,0.0,1.5363333333333333,12.348,6.0,0,20.677054816645022,,7000.0,0.0,0.0,0.0,46.17365427483879,optimal
2021-02-08 16:00:00,3,90,0.0,0.0,0.0,1.4139666666666666,25.389,6.0,0,21.230888706154328,,0.0,0.0,0.0,0.0,46.06718648262404,optimal
2021-02-08 16:30:00,3,90,0.0,0.0,0.0,0.7424666666666667,29.1375,6.0,0,21.122933864159123,,0.0,0.0,0.0,0.0,45.9608251582015,optimal
2021-02-08 17:00:00,3,90,0.0,0.0,0.0,1.5488,30.597,6.0,0,20.978325330277595,,0.0,0.0,0.0,0.0,45.854570195103385,optimal
2021-02-08 17:30:00,3,90,0.0,0.0,0.0,0.1586,33.684,6.0,0,20.851833885158566,,0.0,0.0,0.0,0.0,45.74842148696837,optimal
2021-02-08 18:00:00,3,90,0.0,0.0,0.0,0.196,32.445,6.0,0,20.646273494854647,,0.0,0.0,0.0,0.0,45.642378927541486,optimal
2021-02-08 18:30:00,3,90,0.0,0.0,0.0,0.13833333333333334,28.917,6.0,0,20.43186534058593,,0.0,0.0,0.0,0.0,45.536442410674034,optimal
2021-02-08 19:00:00,3,90,0.0,0.0,0.0,0.07,15.876,6.0,0,20.216350983627866,,0.0,0.0,0.0,0.0,45.43061183032345,optimal
2021-02-08 19:30:00,3,90,0.6888398242116168,0.0,0.0,0.5979,12.348,6.0,0,20.0,,1722.099560529042,0.0,0.0,0.0,45.32488708055321,optimal
2021-02-08 20:00:00,3,90,0.8139670862899618,0.0,0.0,0.34886666666666666,12.1275,6.0,0,20.0,,2034.9177157249044,0.0,0.0,0.0,45.219268055532744,optimal
2021-02-08 20:30:00,3,90,0.0,0.0,0.0,0.38926666666666665,12.348,6.0,0,20.0,,0.0,0.0,0.0,0.0,45.1137546495373,optimal
2021-02-08 21:00:00,3,90,0.0,0.0,0.0,0.24813333333333332,12.1275,6.0,0,19.80938864754204,,0.0,0.0,0.0,0.0,45.00834675694785,optimal
2021-02-08 21:30:00,3,90,0.0,0.0,0.0,0.3028333333333333,12.1275,6.0,0,19.62305993372838,,0.0,0.0,0.0,0.0,44.9633384101909,optimal
2021-02-08 22:00:00,3,90,0.0,0.0,0.0,0.3964,11.2665,6.0,0,19.465262659619317,,0.0,0.0,0.0,0.0,44.91837507178071,optimal
2021-02-08 22:30:00,3,90,0.0,0.0,0.0,0.16146666666666668,10.143,6.0,0,19.30921730674296,,0.0,0.0,0.0,0.0,44.87345669670893,optimal
2021-02-08 23:00:00,3,90,0.0,0.0,0.0,0.204,11.2455,6.0,0,19.099211103671724,,0.0,0.0,0.0,0.0,44.82858324001222,optimal
2021-02-08 23:30:00,3,90,0.0,0.0,0.0,0.06833333333333333,11.025,6.0,0,18.878175527313303,,0.0,0.0,0.0,0.0,44.78375465677221,optimal
2021-02-09 00:00:00,3,90,0.0,0.0,0.0,0.06,11.2455,6.0,-1,18.878175527313303,,0.0,0.0,0.0,0.0,44.73897090211544,optimal
2021-02-09 00:30:00,3,90,0.0,0.0,0.0,0.06,12.1275,6.0,-1,18.646543232172025,,0.0,0.0,0.0,0.0,44.694231931213324,optimal
2021-02-09 01:00:00,3,90,1.6029333333333333,0.0,0.0,0.06,11.823,6.0,-1,18.418940477948972,,0.0,0.0,4007.3333333333335,0.0,44.649537699282114,optimal
2021-02-09 01:30:00,3,90,2.8,0.0,0.0,0.06,11.7705,6.0,-1,18.195309610744744,,0.0,0.0,7000.0,0.0,44.60488816158283,optimal
2021-02-09 02:00:00,3,90,2.8,0.0,0.0,0.06,11.13,6.0,-1,17.973447630300843,,7000.0,0.0,0.0,0.0,44.56028327342125,optimal
2021-02-09 02:30:00,3,90,2.8,0.0,0.0,0.06,11.6865,6.0,-1,18.403173416979794,,7000.0,0.0,0.0,0.0,44.51572299014783,optimal
2021-02-09 03:00:00,3,90,2.8,0.0,3.129228716700374,0.06,10.7205,6.0,-1,18.82746615985828,,7000.0,0.0,0.0,0.0,45.95759090759036,optimal
2021-02-09 03:30:00,3,90,2.8,0.0,0.0,0.06,11.424,6.0,-1,19.246403593886026,,7000.0,0.0,0.0,0.0,45.91163331668277,optimal
2021-02-09 04:00:00,3,90,2.8,0.0,5.0,0.06,10.689,6.0,-1,19.660777732216008,,7000.0,0.0,0.0,0.0,48.240721683366075,optimal
2021-02-09 04:30:00,3,90,2.8,0.0,0.0,0.06,11.361,6.0,-1,20.070653865608747,,7000.0,0.0,0.0,0.0,48.192480961682705,optimal
2021-02-09 05:00:00,3,90,2.8,0.0,0.0,0.06,11.571,6.0,-1,20.473234788977006,,7000.0,0.0,0.0,0.0,48.144288480721016,optimal
2021-02-09 05:30:00,3,90,0.0,0.0,0.0,0.06,14.3745,6.0,-1,20.86862488078805,,0.0,0.0,0.0,0.0,48.096144192240295,optimal
2021-02-09 06:00:00,3,90,2.8,0.0,0.0,0.06,13.23,6.0,-1,20.608513617666702,,7000.0,0.0,0.0,0.0,48.048048048048045,optimal
2021-02-09 06:30:00,3,90,0.0,0.0,0.0,0.066,13.9755,6.0,-1,21.001968165916235,,0.0,0.0,0.0,0.0,48.0,optimal
2021-02-09 07:00:00,3,90,0.0,0.0,0.0,0.068,14.994,6.0,-1,20.751209362258923,,0.0,0.0,0.0,0.0,47.829330529232216,optimal
2021-02-09 07:30:00,3,90,2.8,0.0,0.0,0.195,13.671,6.0,-1,20.494039488681082,,7000.0,0.0,0.0,0.0,47.6588317279352,optimal
2021-02-09 08:00:00,3,90,0.0,0.0,0.0,0.195,15.981,6.0,-1,20.926653523772885,,0.0,0.0,0.0,0.0,47.48850342543948,optimal
2021-02-09 08:30:00,3,90,0.0,0.0,0.0,0.11166666666666669,15.6345,6.0,-1,20.728590562358235,,0.0,0.0,0.0,0.0,47.31834545124626,optimal
2021-02-09 09:00:00,3,90,0.0,0.0,0.0,0.07,16.5375,6.0,-1,20.45950679392527,,0.0,0.0,0.0,0.0,47.14835763502723,optimal
2021-02-09 09:30:00,3,90,0.9105448438869526,0.0,0.0,0.07,14.7735,6.0,-1,20.191535480050874,,2276.3621097173814,0.0,0.0,0.0,46.978539806624426,optimal
2021-02-09 10:00:00,3,90,0.0,0.0,0.0,1.1398666666666666,15.2145,6.0,-1,20.143016403718125,,0.0,0.0,0.0,0.0,46.80889179605002,optimal
2021-02-09 10:30:00,3,90,0.6411415372525017,0.0,0.0,0.6442,14.553,6.0,-1,20.0,,1602.853843131254,0.0,0.0,0.0,46.63941343348619,optimal
2021-02-09 11:00:00,3,90,1.3406833486242578,0.0,0.0,0.224,14.3325,6.0,-1,20.0,,3351.7083715606445,0.0,0.0,0.0,46.47010454928492,optimal
2021-02-09 11:30:00,3,90,0.0,0.0,0.0,0.27103333333333335,14.595,6.0,-1,20.210284375737185,,0.0,0.0,0.0,0.0,46.30096497396785,optimal
2021-02-09 12:00:00,3,90,0.0,0.0,0.0,0.202,14.994,6.0,-1,20.108565104557055,,0.0,0.0,0.0,0.0,46.1319945382261,optimal
2021-02-09 12:30:00,3,90,0.5764467503090902,0.0,0.0,0.20096666666666668,14.3325,6.0,-1,20.0,,1441.1168757727257,0.0,0.0,0.0,45.96319307292009,optimal
2021-02-09 13:00:00,3,90,0.7117555089757669,0.0,0.0,0.07,13.8915,6.0,-1,20.0,,1779.3887724394174,0.0,0.0,0.0,45.79456040907939,optimal
2021-02-09 13:30:00,3,90,0.7148379296685483,0.0,0.0,0.07,13.8915,6.0,-1,20.0,,1787.0948241713709,0.0,0.0,0.0,45.62609637790253,optimal
2021-02-09 14:00:00,3,90,2.8,0.0,0.0,0.07,13.4715,6.0,-1,20.0,,7000.0,0.0,0.0,0.0,45.457800810756844,optimal
2021-02-09 14:30:00,3,90,2.8,0.0,0.0,0.232,13.23,6.0,-1,20.477617622320977,,7000.0,0.0,0.0,0.0,45.2896735391783,optimal
2021-02-09 15:00:00,3,90,2.313016670087407,0.0,0.0,0.549,13.8915,6.0,-1,20.977455245653328,,5782.541675218517,0.0,0.0,0.0,45.12171439487134,optimal
2021-02-09 15:30:00,3,90,0.0,0.0,0.0,0.3,26.9325,6.0,-1,21.37391689397216,,0.0,0.0,0.0,0.0,44.953923209708684,optimal
2021-02-09 16:00:00,3,90,0.0,0.0,0.0,0.3,30.303,6.0,-1,21.213272247537834,,0.0,0.0,0.0,0.0,44.78629981573119,optimal
2021-02-09 16:30:00,3,90,0.0,0.0,0.0,0.2615,32.886,6.0,-1,21.027036205130266,,0.0,0.0,0.0,0.0,44.618844045147675,optimal
2021-02-09 17:00:00,3,90,0.0,0.0,0.0,0.3418333333333333,34.9965,6.0,-1,20.86581521432527,,0.0,0.0,0.0,0.0,44.451555730334746,optimal
2021-02-09 17:30:00,3,90,0.0,0.0,0.0,0.2635,33.327,6.0,-1,20.66710055527166,,0.0,0.0,0.0,0.0,44.28443470383663,optimal
2021-02-09 18:00:00,3,90,0.0,0.0,0.0,0.20213333333333333,31.122,6.0,-1,20.463293655761262,,0.0,0.0,0.0,0.0,44.117480798365015,optimal
2021-02-09 18:30:00,3,90,0.0,0.0,0.0,0.34403333333333336,17.9025,6.0,-1,20.26934246496575,,0.0,0.0,0.0,0.0,43.95069384679887,optimal
2021-02-09 19:00:00,3,90,0.0,0.0,0.0,0.4655666666666667,15.6555,6.0,-1,20.130470026205625,,0.0,0.0,0.0,0.0,43.78407368218429,optimal
2021-02-09 19:30:00,3,90,0.6222895460287996,0.0,0.0,0.38906666666666667,14.553,6.0,-1,20.0,,1555.723865071999,0.0,0.0,0.0,43.61762013773433,optimal
2021-02-09 20:00:00,3,90,0.7097962126954663,0.0,0.0,0.38523333333333337,14.3325,6.0,-1,20.0,,1774.4905317386658,0.0,0.0,0.0,43.45133304682881,optimal
2021-02-09 20:30:00,3,90,0.0,0.0,0.0,0.43123333333333336,13.335,6.0,-1,20.0,,0.0,0.0,0.0,0.0,43.28521224301419,optimal
2021-02-09 21:00:00,3,90,0.0,0.0,0.0,0.4094,12.1275,6.0,-1,19.84366271590713,,0.0,0.0,0.0,0.0,43.1192575600034,optimal
2021-02-09 21:30:00,3,90,0.0,0.0,0.0,0.3967,12.2955,6.0,-1,19.66339099824706,,0.0,0.0,0.0,0.0,42.953468831675615,optimal
2021-02-09 22:00:00,3,90,0.19506666666666667,0.0,0.0,1.3186333333333335,11.6865,6.0,-1,19.491189057183202,,0.0,0.0,487.6666666666667,0.0,42.787845892076156,optimal
2021-02-09 22:30:00,3,90,0.0,0.0,0.0,0.4152666666666667,11.466,6.0,-1,19.332306359854915,,0.0,0.0,0.0,0.0,42.74505804618408,optimal
2021-02-09 23:00:00,3,90,0.1393333333333333,0.0,0.0,0.4111,10.8045,6.0,-1,19.157004564701225,,0.0,0.0,348.3333333333333,0.0,42.70231298813789,optimal
2021-02-09 23:30:00,3,90,0.0,0.0,0.0,0.2337333333333333,10.584,6.0,-1,18.988902772003858,,0.0,0.0,0.0,0.0,42.65961067514975,optimal
2021-02-10 00:00:00,3,90,0.0,0.0,0.0,0.06,11.907,6.0,2,18.988902772003858,,0.0,0.0,0.0,0.0,42.6169510644746,optimal
2021-02-10 00:30:00,3,90,0.0,0.0,0.0,0.19946666666666668,11.7075,6.0,2,18.75272253260819,,0.0,0.0,0.0,0.0,42.574334113410124,optimal
2021-02-10 01:00:00,3,90,2.8,0.0,0.0,0.1288,10.8045,6.0,2,18.53143810583258,,0.0,0.0,7000.0,0.0,42.53175977929671,optimal
2021-02-10 01:30:00,3,90,2.1045333333333334,0.0,0.0,0.06,11.508,6.0,2,18.305328661581886,,0.0,0.0,5261.333333333333,0.0,42.48922801951742,optimal
2021-02-10 02:00:00,3,90,2.8,0.0,0.0,0.26826666666666665,11.508,6.0,2,18.074636527065458,,7000.0,0.0,0.0,0.0,42.4467387914979,optimal
2021-02-10 02:30:00,3,90,2.8,0.0,0.0,0.06,11.508,6.0,2,18.514992911702915,,7000.0,0.0,0.0,0.0,42.4042920527064,optimal
2021-02-10 03:00:00,3,90,1.4517283757354107,0.0,0.0,0.097,11.844,6.0,2,18.9297143496827,,3629.320939338527,0.0,0.0,0.0,42.361887760653694,optimal
2021-02-10 03:30:00,3,90,2.8,0.0,0.0,0.17883333333333334,11.508,6.0,2,19.02902032330077,,7000.0,0.0,0.0,0.0,42.31952587289304,optimal
2021-02-10 04:00:00,3,90,2.8,0.0,0.0,0.11243333333333334,11.508,6.0,2,19.44741903429955,,7000.0,0.0,0.0,0.0,42.27720634702015,optimal
2021-02-10 04:30:00,3,90,2.8,0.0,5.0,0.1997,10.4475,6.0,2,19.8536671403969,,7000.0,0.0,0.0,0.0,44.609929140673124,optimal
2021-02-10 05:00:00,3,90,2.8,0.0,2.6311249953113247,0.12856666666666666,10.8675,6.0,2,20.2607733364819,,7000.0,0.0,0.0,0.0,45.81510358430533,optimal
2021-02-10 05:30:00,3,90,2.8,0.0,5.0,0.1525,10.542,6.0,2,20.654020299513405,,7000.0,0.0,0.0,0.0,48.144288480721016,optimal
2021-02-10 06:00:00,3,90,2.8,0.0,0.0,0.11526666666666668,11.025,6.0,2,21.04243182773184,,7000.0,0.0,0.0,0.0,48.096144192240295,optimal
2021-02-10 06:30:00,3,90,2.8,0.0,0.0,0.26463333333333333,11.025,6.0,2,21.4203987051964,,7000.0,0.0,0.0,0.0,48.048048048048045,optimal
2021-02-10 07:00:00,3,90,0.0,0.0,0.0,1.8037999999999998,14.553,6.0,2,21.81409536087537,,0.0,0.0,0.0,0.0,48.0,optimal
2021-02-10 07:30:00,3,90,2.8,0.0,0.0,0.7786000000000001,13.0935,6.0,2,21.584980473328272,,7000.0,0.0,0.0,0.0,47.76723276988466,optimal
2021-02-10 08:00:00,3,90,0.0,0.0,0.0,0.8933333333333334,15.6345,6.0,2,22.0,,0.0,0.0,0.0,0.0,47.53469830699943,optimal
2021-02-10 08:30:00,3,90,0.0,0.0,0.0,1.1215333333333333,18.102,6.0,2,21.76509199539887,,0.0,0.0,0.0,0.0,47.30239637857709,optimal
2021-02-10 09:00:00,3,90,0.0,0.0,0.0,1.7121,17.199,6.0,2,21.521840158972374,,0.0,0.0,0.0,0.0,47.070326752083176,optimal
2021-02-10 09:30:00,3,90,0.0,0.0,0.0,0.6339333333333332,18.2805,6.0,2,21.36653166840009,,0.0,0.0,0.0,0.0,46.83848919521575,optimal
2021-02-10 10:00:00,3,90,0.0,0.0,0.0,0.5139333333333332,17.4615,6.0,2,21.15575190648219,,0.0,0.0,0.0,0.0,46.60688347590519,optimal
2021-02-10 10:30:00,3,90,0.0,0.0,0.0,1.0211666666666666,18.3225,6.0,2,20.98259618554511,,0.0,0.0,0.0,0.0,46.37550936231395,optimal
2021-02-10 11:00:00,3,90,0.0,0.0,0.0,0.863,17.094,6.0,2,20.822329513934765,,0.0,0.0,0.0,0.0,46.144366622836294,optimal
2021-02-10 11:30:00,3,90,0.0,0.0,0.0,0.8982,17.094,6.0,2,20.67325506524384,,0.0,0.0,0.0,0.0,45.91345502609812,optimal
2021-02-10 12:00:00,3,90,0.0,0.0,0.0,0.7738666666666667,17.094,6.0,2,20.5378200054718,,0.0,0.0,0.0,0.0,45.68277434095668,optimal
2021-02-10 12:30:00,3,90,0.0,0.0,0.0,0.7613,17.3565,6.0,2,20.422971739657157,,0.0,0.0,0.0,0.0,45.45232433650039,optimal
2021-02-10 13:00:00,3,90,0.0,0.0,0.0,0.3929666666666666,17.115,6.0,2,20.306532952359316,,0.0,0.0,0.0,0.0,45.22210478204855,optimal
2021-02-10 13:30:00,3,90,0.0,0.0,0.0,0.07,17.241,6.0,2,20.18773103866173,,0.0,0.0,0.0,0.0,44.99211544715116,optimal
2021-02-10 14:00:00,3,90,0.6223924491075261,0.0,0.0,0.24126666666666668,17.094,6.0,2,20.01282288485179,,1555.981122768815,0.0,0.0,0.0,44.762356101588665,optimal
2021-02-10 14:30:00,3,90,2.8,0.0,0.0,0.107,16.5165,6.0,2,20.0,,7000.0,0.0,0.0,0.0,44.53282651537174,optimal
2021-02-10 15:00:00,3,90,0.0,0.0,0.0,0.13736666666666666,17.8185,6.0,2,20.480290814016552,,0.0,0.0,0.0,0.0,44.303526458741025,optimal
2021-02-10 15:30:00,3,90,2.527765508210947,0.0,0.0,0.24063333333333334,17.094,6.0,2,20.286897196423368,,6319.413770527368,0.0,0.0,0.0,44.074455702166944,optimal
2021-02-10 16:00:00,3,90,2.8,0.0,0.0,0.2925,16.8945,6.0,2,20.70412771443173,,7000.0,0.0,0.0,0.0,43.84561401634944,optimal
2021-02-10 16:30:00,3,90,0.0,0.0,0.0,1.1069666666666667,18.123,6.0,2,21.192540783716662,,0.0,0.0,0.0,0.0,43.61700117221775,optimal
2021-02-10 17:00:00,3,90,0.0,0.0,0.0,0.9379333333333332,31.647,6.0,2,21.046212141620334,,0.0,0.0,0.0,0.0,43.57338417104553,optimal
2021-02-10 17:30:00,3,90,0.0,0.0,0.0,2.1436333333333333,34.9965,6.0,2,20.89088838858842,,0.0,0.0,0.0,0.0,43.529810786874485,optimal
2021-02-10 18:00:00,3,90,0.0,0.0,0.0,1.7578666666666665,34.9965,6.0,2,20.760453486288732,,0.0,0.0,0.0,0.0,43.48628097608761,optimal
2021-02-10 18:30:00,3,90,0.0,0.0,0.0,0.5291,34.9965,6.0,2,20.62971021486109,,0.0,0.0,0.0,0.0,43.44279469511152,optimal
2021-02-10 19:00:00,3,90,0.0,0.0,0.0,1.2988,34.9965,6.0,2,20.469152884940165,,0.0,0.0,0.0,0.0,43.39935190041641,optimal
2021-02-10 19:30:00,3,90,0.0,0.0,0.0,0.5306666666666666,34.9965,6.0,2,20.303486249273103,,0.0,0.0,0.0,0.0,43.355952548515994,optimal
2021-02-10 20:00:00,3,90,0.0,0.0,0.0,1.0342,27.741,6.0,2,20.15238254031334,,0.0,0.0,0.0,0.0,43.31259659596748,optimal
2021-02-10 20:30:00,3,90,0.0,0.0,0.0,0.24866666666666662,19.026,6.0,2,20.0,,0.0,0.0,0.0,0.0,43.26928399937151,optimal
2021-02-10 21:00:00,3,90,0.0,0.0,0.0,0.33866666666666667,18.7215,6.0,2,19.817060483407406,,0.0,0.0,0.0,0.0,43.22601471537214,optimal
2021-02-10 21:30:00,3,90,0.0,0.0,0.0,0.3857333333333334,17.4195,6.0,2,19.629184203479173,,0.0,0.0,0.0,0.0,43.182788700656765,optimal
2021-02-10 22:00:00,3,90,0.0,0.0,0.0,0.5193666666666666,16.758,6.0,2,19.428689823399555,,0.0,0.0,0.0,0.0,43.13960591195611,optimal
2021-02-10 22:30:00,3,90,0.0,0.0,0.0,0.8146,14.217,6.0,2,19.20821783123485,,0.0,0.0,0.0,0.0,43.09646630604416,optimal
2021-02-10 23:00:00,3,90,0.0,0.0,0.0,0.24386666666666668,13.3665,6.0,2,18.97705024970831,,0.0,0.0,0.0,0.0,43.05336983973811,optimal
2021-02-10 23:30:00,3,90,0.0,0.0,0.0,0.07383333333333333,12.789,6.0,2,18.695656909671946,,0.0,0.0,0.0,0.0,43.01031646989837,optimal
2021-02-11 00:00:00,3,90,2.8,0.0,0.0,0.049,12.0855,6.0,-1,18.695656909671946,,7000.0,0.0,0.0,0.0,42.967306153428474,optimal
2021-02-11 00:30:00,3,90,2.8,0.0,0.0,0.049,11.6865,6.0,-1,19.05400975325671,,0.0,0.0,7000.0,0.0,42.924338847275045,optimal
2021-02-11 01:00:00,3,90,2.8,0.0,0.0,0.049,11.2245,6.0,-1,18.758821944600413,,0.0,0.0,7000.0,0.0,42.88141450842777,optimal
2021-02-11 01:30:00,3,90,2.8,0.0,0.0,0.11066666666666669,11.025,6.0,-1,18.469288407392515,,100.0,0.0,6900.0,0.0,42.83853309391934,optimal
2021-02-11 02:00:00,3,90,2.8,0.0,2.351771582593831,0.123,10.7835,6.0,-1,18.198905766836116,,7000.0,0.0,0.0,0.0,43.91278606255748,optimal
2021-02-11 02:30:00,3,90,2.8,0.0,0.0,0.049,11.025,6.0,-1,18.574097373704557,,7000.0,0.0,0.0,0.0,43.86887327649492,optimal
2021-02-11 03:00:00,3,90,2.8,0.0,5.0,0.14766666666666667,10.584,6.0,-1,18.935620248679214,,7000.0,0.0,0.0,0.0,46.200004403218415,optimal
2021-02-11 03:30:00,3,90,2.8,0.0,0.0,0.086,11.025,6.0,-1,19.299699451358723,,7000.0,0.0,0.0,0.0,46.15380439881519,optimal
2021-02-11 04:00:00,3,90,2.8,0.0,5.0,0.049,10.4265,6.0,-1,19.65642161280611,,7000.0,0.0,0.0,0.0,48.48265059441637,optimal
2021-02-11 04:30:00,3,90,2.8,0.0,0.0,0.13533333333333333,12.789,6.0,-1,20.0081819233008,,7000.0,0.0,0.0,0.0,48.434167943821954,optimal
2021-02-11 05:00:00,3,90,2.8,0.0,0.0,0.09833333333333331,12.684,6.0,-1,20.36292405967091,,7000.0,0.0,0.0,0.0,48.38573377587813,optimal
2021-02-11 05:30:00,3,90,2.8,0.0,0.0,0.049,16.254,6.0,-1,20.70915572280768,,7000.0,0.0,0.0,0.0,48.33734804210225,optimal
2021-02-11 06:00:00,3,90,2.8,0.0,0.0,0.049,17.64,6.0,-1,21.049430667460058,,7000.0,0.0,0.0,0.0,48.289010694060146,optimal
2021-02-11 06:30:00,3,90,0.0,0.0,0.0,0.19266666666666662,19.1625,6.0,-1,21.388413975501003,,0.0,0.0,0.0,0.0,48.240721683366075,optimal
2021-02-11 07:00:00,3,90,0.0,0.0,0.0,0.058,26.46,6.0,-1,21.088874537451293,,0.0,0.0,0.0,0.0,48.192480961682705,optimal
2021-02-11 07:30:00,3,90,0.0,0.0,0.0,1.3414333333333335,20.79,6.0,-1,20.816724075028677,,0.0,0.0,0.0,0.0,48.144288480721016,optimal
2021-02-11 08:00:00,3,90,0.0,0.0,0.0,0.5678333333333334,29.106,6.0,-1,20.58949178640915,,0.0,0.0,0.0,0.0,48.096144192240295,optimal
2021-02-11 08:30:00,3,90,0.2752421083566824,0.0,0.0,1.2588666666666666,19.1835,6.0,-1,20.376389398481866,,688.1052708917059,0.0,0.0,0.0,48.048048048048045,optimal
2021-02-11 09:00:00,3,90,0.0,0.0,0.0,0.27146666666666663,19.6665,6.0,-1,20.22215645843486,,0.0,0.0,0.0,0.0,48.0,optimal
2021-02-11 09:30:00,3,90,0.897598309583496,0.0,0.0,0.22516666666666663,19.404,6.0,-1,20.0,,2243.99577395874,0.0,0.0,0.0,47.92570132764952,optimal
2021-02-11 10:00:00,3,90,0.6744697488974938,0.0,0.0,0.30293333333333333,19.047,6.0,-1,20.0,,1686.1743722437345,0.0,0.0,0.0,47.85147695397139,optimal
2021-02-11 10:30:00,3,90,1.4505512776947247,0.0,0.0,0.1991,18.858,6.0,-1,20.0,,3626.3781942368114,0.0,0.0,0.0,47.77732680466694,optimal
2021-02-11 11:00:00,3,90,0.0,0.0,0.0,0.1353,19.2675,6.0,-1,20.157109227755058,,0.0,0.0,0.0,0.0,47.70325080551179,optimal
2021-02-11 11:30:00,3,90,0.635351968732231,0.0,0.0,0.2337,18.963,6.0,-1,20.0,,1588.3799218305774,0.0,0.0,0.0,47.6292488823558,optimal
2021-02-11 12:00:00,3,90,1.0749230720787322,0.0,0.0,0.060333333333333336,18.438,6.0,-1,20.0,,2687.3076801968305,0.0,0.0,0.0,47.555320961122966,optimal
2021-02-11 12:30:00,3,90,0.0,0.0,0.0,0.20566666666666664,18.7425,6.0,-1,20.101013512835053,,0.0,0.0,0.0,0.0,47.481466967811365,optimal
2021-02-11 13:00:00,3,90,2.8,0.0,0.0,0.2351,15.2145,6.0,-1,20.0,,6233.666666666667,0.0,766.3333333333334,0.0,47.40768682849308,optimal
2021-02-11 13:30:00,3,90,0.0,0.0,0.0,0.16490000000000002,17.7765,6.0,-1,20.495780578541392,,0.0,0.0,0.0,0.0,47.333980469314106,optimal
2021-02-11 14:00:00,3,90,0.9864859031400092,0.0,0.0,0.2335,16.758,6.0,-1,20.407487564020933,,2466.214757850023,0.0,0.0,0.0,47.26034781649432,optimal
2021-02-11 14:30:00,3,90,2.8,0.0,0.0,0.1978,16.422,6.0,-1,20.54785189988632,,7000.0,0.0,0.0,0.0,47.18678879632734,optimal
2021-02-11 15:00:00,3,90,2.8,0.0,0.0,0.236,16.758,6.0,-1,21.12455657211205,,7000.0,0.0,0.0,0.0,47.11330333518054,optimal
2021-02-11 15:30:00,3,90,0.0,0.0,0.0,0.10033333333333332,29.358,6.0,-1,21.619837962792655,,0.0,0.0,0.0,0.0,47.03989135949488,optimal
2021-02-11 16:00:00,3,90,0.0,0.0,0.0,0.2385,34.9965,6.0,-1,21.41156345595712,,0.0,0.0,0.0,0.0,46.96655279578491,optimal
2021-02-11 16:30:00,3,90,0.0,0.0,0.0,1.7284666666666666,34.65,6.0,-1,21.232446430861067,,0.0,0.0,0.0,0.0,46.89328757063864,optimal
2021-02-11 17:00:00,3,90,0.0,0.0,0.0,0.131,34.9965,6.0,-1,21.063255011729808,,0.0,0.0,0.0,0.0,46.82009561071752,optimal
2021-02-11 17:30:00,3,90,0.0,0.0,0.0,0.28236666666666665,34.9965,6.0,-1,20.74378714334046,,0.0,0.0,0.0,0.0,46.746976842756325,optimal
2021-02-11 18:00:00,3,90,0.0,0.0,0.0,0.43139999999999995,30.4815,6.0,-1,20.477768859208265,,0.0,0.0,0.0,0.0,46.67393119356309,optimal
2021-02-11 18:30:00,3,90,0.0,0.0,0.0,1.0003666666666668,21.4305,6.0,-1,20.218974311287383,,0.0,0.0,0.0,0.0,46.600958590019054,optimal
2021-02-11 19:00:00,3,90,1.0909351877772238,0.0,0.0,0.6922333333333334,14.3325,6.0,-1,20.0,,2518.3379694430596,0.0,209.0,0.0,46.52805895907856,optimal
2021-02-11 19:30:00,3,90,2.438964167581537,0.0,0.0,0.24880000000000002,13.692,6.0,-1,20.0,,5888.410418953842,0.0,209.0,0.0,46.455232227769,optimal
2021-02-11 20:00:00,3,90,0.0,0.0,0.0,0.2966666666666667,14.007,6.0,-1,20.272366003546338,,0.0,0.0,0.0,0.0,46.40877699554123,optimal
2021-02-11 20:30:00,3,90,1.8113333333333335,0.0,0.0,0.40093333333333325,12.873,6.0,-1,20.0,,0.0,0.0,4528.333333333334,0.0,46.36236821854569,optimal
2021-02-11 21:00:00,3,90,0.0,0.0,0.0,0.3226,12.684,6.0,-1,19.740685600250913,,0.0,0.0,0.0,0.0,46.316005850327144,optimal
2021-02-11 21:30:00,3,90,0.0836,0.0,0.0,0.6523,12.306,6.0,-1,19.48317014625846,,0.0,0.0,209.0,0.0,46.269689844476815,optimal
2021-02-11 22:00:00,3,90,0.1393333333333333,0.0,0.0,0.1965,10.6365,6.0,-1,19.261872450141144,,0.0,0.0,348.3333333333333,0.0,46.223420154632336,optimal
2021-02-11 22:30:00,3,90,0.0,0.0,0.0,0.1911,11.2455,6.0,-1,18.991222088769625,,0.0,0.0,0.0,0.0,46.177196734477704,optimal
2021-02-11 23:00:00,3,90,0.0,0.0,0.0,0.16066666666666665,11.2455,6.0,-1,18.718260784875998,,0.0,0.0,0.0,0.0,46.13101953774323,optimal
2021-02-11 23:30:00,3,90,0.0,0.0,0.0,0.08883333333333333,11.025,6.0,-1,18.406621044896376,,0.0,0.0,0.0,0.0,46.08488851820548,optimal
2021-02-12 00:00:00,3,90,2.8,0.0,0.0,0.058,10.8045,6.0,-1,18.406621044896376,,7000.0,0.0,0.0,0.0,46.03880362968727,optimal
2021-02-12 00:30:00,3,90,2.8,0.0,0.0,0.058,11.025,6.0,-1,18.723974215563388,,0.0,0.0,7000.0,0.0,45.99276482605759,optimal
2021-02-12 01:00:00,3,90,2.8,0.0,0.0,0.079,10.3635,6.0,-1,18.386942568613883,,0.0,0.0,7000.0,0.0,45.94677206123153,optimal
2021-02-12 01:30:00,3,90,2.8,0.0,0.0,0.058,10.8045,6.0,-1,18.05863217102931,,7000.0,0.0,0.0,0.0,45.9008252891703,optimal
2021-02-12 02:00:00,3,90,2.8,0.0,0.0,0.058,10.059,6.0,-1,18.382395080669088,,7000.0,0.0,0.0,0.0,45.854924463881126,optimal
2021-02-12 02:30:00,3,90,2.8,0.0,0.0,0.058,10.584,6.0,-1,18.70295643347064,,7000.0,0.0,0.0,0.0,45.809069539417244,optimal
2021-02-12 03:00:00,3,90,2.8,0.0,5.0,0.058,9.4185,6.0,-1,19.023223598375854,,7000.0,0.0,0.0,0.0,48.13826046987783,optimal
2021-02-12 03:30:00,3,90,2.8,0.0,0.0,0.058,10.3635,6.0,-1,19.34320078456879,,7000.0,0.0,0.0,0.0,48.09012220940795,optimal
2021-02-12 04:00:00,3,90,2.8,0.0,0.6217177997972775,0.058,9.8385,6.0,-1,19.66861526436943,,7000.0,0.0,0.0,0.0,48.33734804210225,optimal
2021-02-12 04:30:00,3,90,2.8,0.0,0.0,0.058,11.067,6.0,-1,19.999389242022616,,7000.0,0.0,0.0,0.0,48.289010694060146,optimal
2021-02-12 05:00:00,3,90,2.8,0.0,0.0,0.058,10.8465,6.0,-1,20.335446034859956,,7000.0,0.0,0.0,0.0,48.240721683366075,optimal
2021-02-12 05:30:00,3,90,0.0,0.0,0.0,0.058,13.671,6.0,-1,20.67671005737398,,0.0,0.0,0.0,0.0,48.192480961682705,optimal
2021-02-12 06:00:00,3,90,2.8,0.0,0.0,0.186,12.348,6.0,-1,20.374693397104835,,7000.0,0.0,0.0,0.0,48.144288480721016,optimal
2021-02-12 06:30:00,3,90,0.0,0.0,0.0,0.0932,14.3325,6.0,-1,20.756561369022798,,0.0,0.0,0.0,0.0,48.096144192240295,optimal
2021-02-12 07:00:00,3,90,0.0,0.0,0.0,0.077,15.393,6.0,-1,20.500708603092338,,0.0,0.0,0.0,0.0,48.048048048048045,optimal
2021-02-12 07:30:00,3,90,2.8,0.0,0.0,0.9415,13.587,6.0,-1,20.25740195155514,,7000.0,0.0,0.0,0.0,48.0,optimal
2021-02-12 08:00:00,3,90,0.0,0.0,0.0,0.5582,16.1385,6.0,-1,20.671696748215556,,0.0,0.0,0.0,0.0,47.91681455247777,optimal
2021-02-12 08:30:00,3,90,0.0,0.0,0.0,0.98,14.595,6.0,-1,20.4287292460366,,0.0,0.0,0.0,0.0,47.83371229040306,optimal
2021-02-12 09:00:00,3,90,0.3968196345052302,0.0,0.0,0.10876666666666668,14.637,6.0,-1,20.18292305695479,,992.0490862630755,0.0,0.0,0.0,47.75069313059042,optimal
2021-02-12 09:30:00,3,90,1.0256413832058748,0.0,0.0,0.1142,13.9125,6.0,-1,20.0,,2564.1034580146875,0.0,0.0,0.0,47.6677569899376,optimal
2021-02-12 10:00:00,3,90,0.6669233351046653,0.0,0.0,0.4031,13.3665,6.0,-1,20.0,,1667.3083377616633,0.0,0.0,0.0,47.58490378542543,optimal
2021-02-12 10:30:00,3,90,0.8765903214559819,0.0,0.0,1.4558,13.0095,6.0,-1,20.0,,2191.475803639955,0.0,0.0,0.0,47.50213343411777,optimal
2021-02-12 11:00:00,3,90,0.0,0.0,0.0,1.5388,13.8915,6.0,-1,20.07903428669205,,0.0,0.0,0.0,0.0,47.41944585316143,optimal
2021-02-12 11:30:00,3,90,0.4267715927860332,0.0,0.0,0.8675,13.188,6.0,-1,20.0,,1066.928981965083,0.0,0.0,0.0,47.33684095978604,optimal
2021-02-12 12:00:00,3,90,0.5986686112716814,0.0,0.0,0.22746666666666668,12.5685,6.0,-1,20.0,,1496.6715281792035,0.0,0.0,0.0,47.25431867130402,optimal
2021-02-12 12:30:00,3,90,0.5641595239122378,0.0,0.0,0.26443333333333335,12.285,6.0,-1,20.0,,1410.3988097805945,0.0,0.0,0.0,47.17187890511048,optimal
2021-02-12 13:00:00,3,90,2.8,0.0,0.0,0.32293333333333335,11.487,6.0,-1,20.0,,2956.3333333333335,0.0,4043.6666666666665,0.0,47.08952157868314,optimal
2021-02-12 13:30:00,3,90,0.07543465867100849,0.0,0.0,0.068,11.802,6.0,-1,20.153251427240953,,188.58664667752123,0.0,0.0,0.0,47.007246609582225,optimal
2021-02-12 14:00:00,3,90,2.8,0.0,0.0,0.068,11.2245,6.0,-1,20.0,,7000.0,0.0,0.0,0.0,46.92505391545041,optimal
2021-02-12 14:30:00,3,90,2.8,0.0,0.0,0.068,11.025,6.0,-1,20.471602495649563,,7000.0,0.0,0.0,0.0,46.84294341401273,optimal
2021-02-12 15:00:00,3,90,2.8,0.0,0.0,0.11366666666666668,11.907,6.0,-1,20.935026612310224,,7000.0,0.0,0.0,0.0,46.760915023076485,optimal
2021-02-12 15:30:00,3,90,0.0,0.0,0.0,0.14793333333333333,25.83,6.0,-1,21.3863159110912,,0.0,0.0,0.0,0.0,46.678968660531176,optimal
2021-02-12 16:00:00,3,90,0.0,0.0,0.0,0.4574,28.035,6.0,-1,21.21326542498416,,0.0,0.0,0.0,0.0,46.597104244348415,optimal
2021-02-12 16:30:00,3,90,0.0,0.0,0.0,0.4921333333333333,28.119,6.0,-1,21.05847371744933,,0.0,0.0,0.0,0.0,46.515321692581836,optimal
2021-02-12 17:00:00,3,90,0.0,0.0,0.0,0.21786666666666668,30.156,6.0,-1,20.902093327877783,,0.0,0.0,0.0,0.0,46.43362092336702,optimal
2021-02-12 17:30:00,3,90,0.0,0.0,0.0,0.2524666666666667,29.1585,6.0,-1,20.70663678250441,,0.0,0.0,0.0,0.0,46.352001854921426,optimal
2021-02-12 18:00:00,3,90,0.0,0.0,0.0,0.37606666666666666,26.712,6.0,-1,20.50204329119598,,0.0,0.0,0.0,0.0,46.270464405544274,optimal
2021-02-12 18:30:00,3,90,0.0,0.0,0.0,0.4022,15.435,6.0,-1,20.327932672970665,,0.0,0.0,0.0,0.0,46.1890084936165,optimal
2021-02-12 19:00:00,3,90,0.08365212156047575,0.0,0.0,0.6209333333333332,13.566,6.0,-1,20.14757068270599,,209.13030390118936,0.0,0.0,0.0,46.10763403760065,optimal
2021-02-12 19:30:00,3,90,0.8326009759889311,0.0,0.0,0.3465,12.789,6.0,-1,20.0,,2081.502439972328,0.0,0.0,0.0,46.02634095604081,optimal
2021-02-12 20:00:00,3,90,0.7966458173744919,0.0,0.0,0.3796333333333333,12.1275,6.0,-1,20.0,,1991.6145434362297,0.0,0.0,0.0,45.98031461508477,optimal
2021-02-12 20:30:00,3,90,0.0,0.0,0.0,1.1650333333333334,13.671,6.0,-1,20.0,,0.0,0.0,0.0,0.0,45.934334300469686,optimal
2021-02-12 21:00:00,3,90,0.0,0.0,0.0,0.5225333333333333,10.668,6.0,-1,19.80367934430184,,0.0,0.0,0.0,0.0,45.88839996616922,optimal
2021-02-12 21:30:00,3,90,0.0,0.0,0.0,0.068,11.7285,6.0,-1,19.624056805214686,,0.0,0.0,0.0,0.0,45.84251156620305,optimal
2021-02-12 22:00:00,3,90,0.0,0.0,0.0,0.068,11.025,6.0,-1,19.36786309405012,,0.0,0.0,0.0,0.0,45.79666905463685,optimal
2021-02-12 22:30:00,3,90,0.0,0.0,0.0,0.068,10.689,6.0,-1,19.11605034383828,,0.0,0.0,0.0,0.0,45.75087238558221,optimal
2021-02-12 23:00:00,3,90,0.0,0.0,0.0,0.068,8.1585,6.0,-1,18.86784048220923,,0.0,0.0,0.0,0.0,45.70512151319663,optimal
2021-02-12 23:30:00,3,90,0.0,0.0,0.0,0.068,10.3635,6.0,-1,18.62318195972344,,0.0,0.0,0.0,0.0,45.659416391683436,optimal
2021-02-13 00:00:00,3,90,2.8,0.0,0.0,0.06833333333333333,8.1585,6.0,-3,18.62318195972344,,7000.0,0.0,0.0,0.0,45.61375697529175,optimal
2021-02-13 00:30:00,3,90,0.363004751451549,0.0,0.0,0.27203333333333335,9.4815,6.0,-3,19.030785080107503,,0.0,0.0,907.5118786288725,0.0,45.56814321831646,optimal
2021-02-13 01:00:00,3,90,2.8,0.0,0.0,0.2712,8.379,6.0,-3,18.806824979615705,,0.0,0.0,7000.0,0.0,45.52257507509814,optimal
2021-02-13 01:30:00,3,90,0.0,0.0,0.0,0.36526666666666663,9.5235,6.0,-3,18.59518620476931,,0.0,0.0,0.0,0.0,45.47705250002304,optimal
2021-02-13 02:00:00,3,90,2.8,0.0,0.0,0.25216666666666665,8.1375,6.0,-3,18.389692236387617,,2437.1785452955387,0.0,4562.821454704461,0.0,45.43157544752302,optimal
2021-02-13 02:30:00,3,90,0.0,0.0,0.0,2.1315666666666666,10.0905,6.0,-3,18.402173543120533,,0.0,0.0,0.0,0.0,45.38614387207549,optimal
2021-02-13 03:00:00,3,90,2.8,0.0,5.0,0.8237333333333333,7.539,6.0,-3,18.209339470633974,,7000.0,0.0,0.0,0.0,47.71575772820342,optimal
2021-02-13 03:30:00,3,90,2.8,0.0,1.6128967859931347,0.3373333333333333,7.938,6.0,-3,18.64648785358662,,7000.0,0.0,0.0,0.0,48.434167943821954,optimal
2021-02-13 04:00:00,3,90,2.8,0.0,0.0,2.7653000000000003,8.274,6.0,-3,19.09139755968464,,7000.0,0.0,0.0,0.0,48.38573377587813,optimal
2021-02-13 04:30:00,3,90,2.8,0.0,0.0,0.19426666666666667,9.261,6.0,-3,19.5580328570932,,7000.0,0.0,0.0,0.0,48.33734804210225,optimal
2021-02-13 05:00:00,3,90,2.8,0.0,0.0,0.18906666666666663,9.9225,6.0,-3,19.957638544244947,,7000.0,0.0,0.0,0.0,48.289010694060146,optimal
2021-02-13 05:30:00,3,90,2.8,0.0,0.0,0.22373333333333328,9.702,6.0,-3,20.3414437577437,,7000.0,0.0,0.0,0.0,48.240721683366075,optimal
2021-02-13 06:00:00,3,90,2.8,0.0,0.0,0.18380000000000002,10.584,6.0,-3,20.726251783557405,,7000.0,0.0,0.0,0.0,48.192480961682705,optimal
2021-02-13 06:30:00,3,90,2.8,0.0,0.0,2.713966666666667,10.143,6.0,-3,21.097983788686435,,7000.0,0.0,0.0,0.0,48.144288480721016,optimal
2021-02-13 07:00:00,3,90,0.0,0.0,0.0,1.2236333333333334,13.0095,6.0,-3,21.508350784860752,,0.0,0.0,0.0,0.0,48.096144192240295,optimal
2021-02-13 07:30:00,3,90,2.8,0.0,0.0,3.0888,11.025,6.0,-3,21.238850582493527,,7000.0,0.0,0.0,0.0,48.048048048048045,optimal
2021-02-13 08:00:00,3,90,0.0,0.0,0.0,0.7038333333333334,12.789,6.0,-3,21.72763588864792,,0.0,0.0,0.0,0.0,48.0,optimal
2021-02-13 08:30:00,3,90,0.0,0.0,0.0,0.5179666666666667,12.1275,6.0,-3,21.496501135080617,,0.0,0.0,0.0,0.0,47.88918845528156,optimal
2021-02-13 09:00:00,3,90,0.0,0.0,0.0,1.9441,12.1695,6.0,-3,21.25105081958047,,0.0,0.0,0.0,0.0,47.77848772210785,optimal
2021-02-13 09:30:00,3,90,0.0,0.0,0.0,1.2422666666666669,12.306,6.0,-3,21.045677340533,,0.0,0.0,0.0,0.0,47.667897689667306,optimal
2021-02-13 10:00:00,3,90,0.0,0.0,0.0,0.724,13.23,6.0,-3,20.80995452546671,,0.0,0.0,0.0,0.0,47.5574182472592,optimal
2021-02-13 10:30:00,3,90,0.0,0.0,0.0,1.383733333333333,13.671,6.0,-3,20.604310325858695,,0.0,0.0,0.0,0.0,47.447049284293506,optimal
2021-02-13 11:00:00,3,90,0.0,0.0,0.0,0.071,13.9335,6.0,-3,20.382368976122976,,0.0,0.0,0.0,0.0,47.336790690290776,optimal
2021-02-13 11:30:00,3,90,0.0,0.0,0.0,1.0341,13.293,6.0,-3,20.172744528448266,,0.0,0.0,0.0,0.0,47.22664235488205,optimal
2021-02-13 12:00:00,3,90,0.7680205757610272,0.0,0.0,0.17833333333333334,12.1065,6.0,-3,20.0,,1920.0514394025681,0.0,0.0,0.0,47.11660416780874,optimal
2021-02-13 12:30:00,3,90,1.5624120930476346,0.0,0.0,0.08173333333333334,11.571,6.0,-3,20.0,,3906.0302326190867,0.0,0.0,0.0,47.00667601892249,optimal
2021-02-13 13:00:00,3,90,2.8,0.0,0.0,0.14426666666666668,11.025,6.0,-3,20.17683104227919,,7000.0,0.0,0.0,0.0,46.89685779818513,optimal
2021-02-13 13:30:00,3,90,2.8,0.0,0.0,0.15653333333333333,10.8465,6.0,-3,20.65219220695741,,7000.0,0.0,0.0,0.0,46.78714939566851,optimal
2021-02-13 14:00:00,3,90,2.8,0.0,0.0,0.5338666666666667,11.2455,6.0,-3,21.127870459914547,,7000.0,0.0,0.0,0.0,46.6775507015544,optimal
2021-02-13 14:30:00,3,90,0.0,0.0,0.0,0.8692000000000001,23.8665,6.0,-3,21.61583563886418,,0.0,0.0,0.0,0.0,46.568061606134414,optimal
2021-02-13 15:00:00,3,90,0.0,0.0,0.0,2.140766666666667,27.4575,6.0,-3,21.430728387916215,,0.0,0.0,0.0,0.0,46.45868199980984,optimal
2021-02-13 15:30:00,3,90,0.0,0.0,0.0,0.14426666666666668,27.3735,6.0,-3,21.254357685119864,,0.0,0.0,0.0,0.0,46.349411773091596,optimal
2021-02-13 16:00:00,3,90,0.0,0.0,0.0,0.13003333333333333,30.4605,6.0,-3,21.01961120014931,,0.0,0.0,0.0,0.0,46.24025081660007,optimal
2021-02-13 16:30:00,3,90,0.0,0.0,0.0,0.13003333333333333,30.0195,6.0,-3,20.760407227651253,,0.0,0.0,0.0,0.0,46.13119902106503,optimal
2021-02-13 17:00:00,3,90,0.0,0.0,0.0,0.1532666666666667,26.9325,6.0,-3,20.5049118959283,,0.0,0.0,0.0,0.0,46.02225627732553,optimal
2021-02-13 17:30:00,3,90,0.0,0.0,0.0,0.13266666666666665,14.595,6.0,-3,20.241901082937755,,0.0,0.0,0.0,0.0,45.91342247632977,optimal
2021-02-13 18:00:00,3,90,0.9106206265511207,0.0,0.0,2.6864666666666666,12.4845,6.0,-3,20.0,,2276.551566377802,0.0,0.0,0.0,45.804697509135,optimal
2021-02-13 18:30:00,3,90,1.0336923805772384,0.0,0.0,0.3223333333333333,12.1275,6.0,-3,20.0,,2584.2309514430963,0.0,0.0,0.0,45.696081266907434,optimal
2021-02-13 19:00:00,3,90,2.288086871891835,0.0,0.0,0.071,12.1275,6.0,-3,20.0,,5720.217179729588,0.0,0.0,0.0,45.58757364092209,optimal
2021-02-13 19:30:00,3,90,0.0,0.0,0.0,0.38813333333333333,12.789,6.0,-3,20.244987562344328,,0.0,0.0,0.0,0.0,45.47917452256273,optimal
2021-02-13 20:00:00,3,90,1.0254324840411586,0.0,0.0,0.3965,11.907,6.0,-3,20.0,,2563.5812101028964,0.0,0.0,0.0,45.37088380332173,optimal
2021-02-13 20:30:00,3,90,0.0,0.0,0.0,0.2294,11.025,6.0,-3,20.0,,0.0,0.0,0.0,0.0,45.262701374799974,optimal
2021-02-13 21:00:00,3,90,0.05573333333333333,0.0,0.0,0.22566666666666663,8.2005,6.0,-3,19.74266035091665,,0.0,0.0,139.33333333333331,0.0,45.154627128706736,optimal
2021-02-13 21:30:00,3,90,0.0,0.0,0.0,0.1671,9.5655,6.0,-3,19.49020333272825,,0.0,0.0,0.0,0.0,45.109472501578026,optimal
2021-02-13 22:00:00,3,90,0.05573333333333333,0.0,0.0,0.2551,7.056,6.0,-3,19.246881534982244,,0.0,0.0,139.33333333333331,0.0,45.064363029076446,optimal
2021-02-13 22:30:00,3,90,0.0,0.0,0.0,0.8059666666666667,9.3975,6.0,-3,19.023128862514454,,0.0,0.0,0.0,0.0,45.01929866604737,optimal
2021-02-13 23:00:00,3,90,0.0,0.0,0.0,1.1905666666666666,10.059,6.0,-3,18.8072421868064,,0.0,0.0,0.0,0.0,44.97427936738132,optimal
2021-02-13 23:30:00,3,90,0.0,0.0,0.0,0.36206666666666665,9.261,6.0,-3,18.61759486372058,,0.0,0.0,0.0,0.0,44.92930508801394,optimal
2021-02-07 00:00:00,4,90,0.0836,0.0,0.0,0.379,9.261,6.0,0,21.0,,0.0,0.0,209.0,0.0,47.952,optimal
2021-02-07 00:30:00,4,90,0.0,0.0,0.0,0.235,10.3635,6.0,0,20.816580514820497,,0.0,0.0,0.0,0.0,47.904047999999996,optimal
2021-02-07 01:00:00,4,90,0.0,0.0,0.0,0.052,8.274,6.0,0,20.63120128808584,,0.0,0.0,0.0,0.0,47.856143952,optimal
2021-02-07 01:30:00,4,90,0.0,0.0,0.0,0.065,7.7175,6.0,0,20.405221535645875,,0.0,0.0,0.0,0.0,47.80828780804799,optimal
2021-02-07 02:00:00,4,90,0.0,0.0,0.0,0.182,6.615,6.0,0,20.18296652128049,,0.0,0.0,0.0,0.0,47.76047952023995,optimal
2021-02-07 02:30:00,4,90,0.0,0.0,0.0,0.052,6.174,6.0,0,19.974037780105625,,0.0,0.0,0.0,0.0,47.712719040719705,optimal
2021-02-07 03:00:00,4,90,2.8,0.0,0.0,0.169,3.906,6.0,0,19.75459903554546,,6442.666666666669,0.0,557.3333333333312,0.0,47.66500632167899,optimal
2021-02-07 03:30:00,4,90,2.8,0.0,0.0,0.078,2.3415,6.0,0,20.145835092913114,,7000.0,0.0,0.0,0.0,47.61734131535731,optimal
2021-02-07 04:00:00,4,90,2.8,0.0,0.0,0.05733333333333333,2.205,6.0,0,20.5740500303016,,7000.0,0.0,0.0,0.0,47.56972397404195,optimal
2021-02-07 04:30:00,4,90,2.8,0.0,1.5127735437856342,0.19833333333333328,0.882,6.0,0,20.993009053003096,,7000.0,0.0,0.0,0.0,48.240721683366075,optimal
2021-02-07 05:00:00,4,90,2.8,0.0,0.0,0.052,1.5435,6.0,0,21.419249078717836,,7000.0,0.0,0.0,0.0,48.192480961682705,optimal
2021-02-07 05:30:00,4,90,2.8,0.0,0.0,0.052,1.5435,6.0,0,21.826115155374453,,7000.0,0.0,0.0,0.0,48.144288480721016,optimal
2021-02-07 06:00:00,4,90,0.11201587544027601,0.0,0.0,0.052,5.0715,6.0,0,22.227159870161675,,280.03968860069,0.0,0.0,0.0,48.096144192240295,optimal
2021-02-07 06:30:00,4,90,0.0,0.0,0.0,0.157,5.376,6.0,0,21.99861977681125,,0.0,0.0,0.0,0.0,48.048048048048045,optimal
2021-02-07 07:00:00,4,90,2.8,0.0,0.0,0.12686666666666666,5.0715,6.0,0,21.765674089100436,,7000.0,0.0,0.0,0.0,48.0,optimal
2021-02-07 07:30:00,4,90,0.0,0.0,0.0,0.2827,5.5125,6.0,0,22.201027773733422,,0.0,0.0,0.0,0.0,47.830910242320854,optimal
2021-02-07 08:00:00,4,90,0.9861876426555886,0.0,0.0,0.177,9.261,6.0,0,22.0,,2465.4691066389714,0.0,0.0,0.0,47.66198957439939,optimal
2021-02-07 08:30:00,4,90,0.0,0.0,0.0,0.5899666666666668,11.7075,6.0,0,22.0,,0.0,0.0,0.0,0.0,47.49323782714585,optimal
2021-02-07 09:00:00,4,90,0.0,0.0,0.0,0.8533666666666667,12.348,6.0,0,21.795279725081336,,0.0,0.0,0.0,0.0,47.324654831639556,optimal
2021-02-07 09:30:00,4,90,0.0,0.0,0.0,0.14,12.348,6.0,0,21.628315825643877,,0.0,0.0,0.0,0.0,47.15624041912877,optimal
2021-02-07 10:00:00,4,90,0.0,0.0,0.0,0.1335,12.1275,6.0,0,21.39701166075307,,0.0,0.0,0.0,0.0,46.9879944210305,optimal
2021-02-07 10:30:00,4,90,0.0,0.0,0.0,0.357,12.5265,6.0,0,21.17551527815869,,0.0,0.0,0.0,0.0,46.819916668930325,optimal
2021-02-07 11:00:00,4,90,1.9541332535093758,0.0,0.0,1.6594333333333333,11.7495,6.0,0,20.97594882983681,,4885.33313377344,0.0,0.0,0.0,46.65200699458225,optimal
2021-02-07 11:30:00,4,90,0.0,0.0,0.0,0.2576,13.23,6.0,0,21.25698172320532,,0.0,0.0,0.0,0.0,46.48426522990852,optimal
2021-02-07 12:00:00,4,90,0.0,0.0,0.0,0.23603333333333334,14.3325,6.0,0,21.041385162185065,,0.0,0.0,0.0,0.0,46.31669120699947,optimal
2021-02-07 12:30:00,4,90,0.0,0.0,0.0,0.178,14.994,6.0,0,20.847222011573564,,0.0,0.0,0.0,0.0,46.14928475811333,optimal
2021-02-07 13:00:00,4,90,0.0,0.0,0.0,0.3851,14.8155,6.0,0,20.644946140406724,,0.0,0.0,0.0,0.0,45.98204571567607,optimal
2021-02-07 13:30:00,4,90,0.0,0.0,0.0,1.4669333333333334,14.112,6.0,0,20.46416435143359,,0.0,0.0,0.0,0.0,45.81497391228125,optimal
2021-02-07 14:00:00,4,90,0.0,0.0,0.0,0.5504666666666667,14.007,6.0,0,20.308168392976153,,0.0,0.0,0.0,0.0,45.64806918068983,optimal
2021-02-07 14:30:00,4,90,0.0,0.0,0.0,1.7589000000000001,13.23,6.0,0,20.15922881644795,,0.0,0.0,0.0,0.0,45.481331353829994,optimal
2021-02-07 15:00:00,4,90,2.8,0.0,0.0,0.49076666666666663,11.382,6.0,0,20.043537816034238,,7000.0,0.0,0.0,0.0,45.31476026479702,optimal
2021-02-07 15:30:00,4,90,2.8,0.0,0.0,1.1776,11.7495,6.0,0,20.541785760891454,,7000.0,0.0,0.0,0.0,45.148355746853085,optimal
2021-02-07 16:00:00,4,90,0.0,0.0,0.0,2.9212,24.3285,6.0,0,21.060658338955,,0.0,0.0,0.0,0.0,44.98211763342709,optimal
2021-02-07 16:30:00,4,90,0.0,0.0,0.0,2.036933333333333,28.917,6.0,0,20.948726183216674,,0.0,0.0,0.0,0.0,44.81604575811452,optimal
2021-02-07 17:00:00,4,90,0.0,0.0,0.0,0.43676666666666664,31.3635,6.0,0,20.81305155084813,,0.0,0.0,0.0,0.0,44.650139954677265,optimal
2021-02-07 17:30:00,4,90,0.0,0.0,0.0,0.24053333333333332,33.306,6.0,0,20.64959765457654,,0.0,0.0,0.0,0.0,44.484400057043445,optimal
2021-02-07 18:00:00,4,90,0.0,0.0,0.0,0.29896666666666666,31.3425,6.0,0,20.489550531227597,,0.0,0.0,0.0,0.0,44.31882589930726,optimal
2021-02-07 18:30:00,4,90,0.0,0.0,0.0,0.4914666666666666,28.2555,6.0,0,20.315682205190324,,0.0,0.0,0.0,0.0,44.1534173157288,optimal
2021-02-07 19:00:00,4,90,0.0,0.0,0.0,0.5148666666666667,15.6975,6.0,0,20.156243776262322,,0.0,0.0,0.0,0.0,43.98817414073393,optimal
2021-02-07 19:30:00,4,90,0.6029393068920242,0.0,0.0,1.0608666666666666,12.5475,6.0,0,20.0,,1507.3482672300606,0.0,0.0,0.0,43.82309620891405,optimal
2021-02-07 20:00:00,4,90,0.8776993068920265,0.0,0.0,0.22236666666666668,12.0855,6.0,0,20.0,,2194.248267230066,0.0,0.0,0.0,43.658183355026,optimal
2021-02-07 20:30:00,4,90,0.0,0.0,0.0,0.313,11.907,6.0,0,20.0,,0.0,0.0,0.0,0.0,43.493435413991826,optimal
2021-02-07 21:00:00,4,90,0.0,0.0,0.0,0.3182,12.5685,6.0,0,19.81229773216369,,0.0,0.0,0.0,0.0,43.32885222089869,optimal
2021-02-07 21:30:00,4,90,0.0,0.0,0.0,0.10013333333333334,13.146,6.0,0,19.638556292719866,,0.0,0.0,0.0,0.0,43.285523368677794,optimal
2021-02-07 22:00:00,4,90,0.0,0.0,0.0,0.44523333333333337,10.584,6.0,0,19.45801103509259,,0.0,0.0,0.0,0.0,43.24223784530911,optimal
2021-02-07 22:30:00,4,90,0.0,0.0,0.0,0.088,6.678,6.0,0,19.313596417065305,,0.0,0.0,0.0,0.0,43.1989956074638,optimal
2021-02-07 23:00:00,4,90,0.0,0.0,0.0,0.3854333333333333,7.938,6.0,0,19.13698888896465,,0.0,0.0,0.0,0.0,43.15579661185634,optimal
2021-02-07 23:30:00,4,90,0.0,0.0,0.0,0.3414,5.292,6.0,0,18.976279545356075,,0.0,0.0,0.0,0.0,43.11264081524448,optimal
2021-02-08 00:00:00,4,90,2.8,0.0,0.0,0.049,6.7725,6.0,-4,18.976279545356075,,7000.0,0.0,0.0,0.0,43.06952817442924,optimal
2021-02-08 00:30:00,4,90,2.8,0.0,0.0,0.27013333333333334,5.5755,6.0,-4,19.41480578900702,,0.0,0.0,7000.0,0.0,43.02645864625481,optimal
2021-02-08 01:00:00,4,90,2.8,0.0,5.0,0.049,5.0925,6.0,-4,19.207954490029465,,0.0,0.0,7000.0,0.0,45.35843218760856,optimal
2021-02-08 01:30:00,4,90,2.8,0.0,5.0,0.1198,4.1895,6.0,-4,18.98353389241685,,4976.666666666667,0.0,2023.3333333333333,0.0,47.68807375542095,optimal
2021-02-08 02:00:00,4,90,2.8,0.0,0.0,0.1925,7.056,6.0,-4,19.230189854695023,,7000.0,0.0,0.0,0.0,47.64038568166553,optimal
2021-02-08 02:30:00,4,90,2.8,0.0,1.7714161007117768,0.05583333333333334,5.271,6.0,-4,19.667186332040142,,7000.0,0.0,0.0,0.0,48.434167943821954,optimal
2021-02-08 03:00:00,4,90,2.8,0.0,0.0,0.049,7.938,6.0,-4,20.085958303764627,,7000.0,0.0,0.0,0.0,48.38573377587813,optimal
2021-02-08 03:30:00,4,90,2.8,0.0,0.0,0.049,7.938,6.0,-4,20.49881958506571,,7000.0,0.0,0.0,0.0,48.33734804210225,optimal
2021-02-08 04:00:00,4,90,0.0,0.0,0.0,0.10303333333333332,11.907,6.0,-4,20.905058335838007,,0.0,0.0,0.0,0.0,48.289010694060146,optimal
2021-02-08 04:30:00,4,90,2.8,0.0,0.0,0.2161,11.025,6.0,-4,20.659941298965897,,7000.0,0.0,0.0,0.0,48.240721683366075,optimal
2021-02-08 05:00:00,4,90,2.8,0.0,0.0,0.049,11.2875,6.0,-4,21.077241289012896,,7000.0,0.0,0.0,0.0,48.192480961682705,optimal
2021-02-08 05:30:00,4,90,0.0,0.0,0.0,0.27013333333333334,12.936,6.0,-4,21.471627140770444,,0.0,0.0,0.0,0.0,48.144288480721016,optimal
2021-02-08 06:00:00,4,90,0.0,0.0,0.0,0.05066666666666666,13.0095,6.0,-4,21.239833417193452,,0.0,0.0,0.0,0.0,48.096144192240295,optimal
2021-02-08 06:30:00,4,90,0.0,0.0,0.0,0.1885,13.671,6.0,-4,20.996678396801208,,0.0,0.0,0.0,0.0,48.048048048048045,optimal
2021-02-08 07:00:00,4,90,0.0,0.0,0.0,0.4526,13.188,6.0,-4,20.813628014893737,,0.0,0.0,0.0,0.0,48.0,optimal
2021-02-08 07:30:00,4,90,0.0,0.0,0.0,2.761133333333333,13.8495,6.0,-4,20.647565723238877,,0.0,0.0,0.0,0.0,47.79575297560971,optimal
2021-02-08 08:00:00,4,90,0.0,0.0,0.0,1.1509,13.23,6.0,-4,20.583605013043105,,0.0,0.0,0.0,0.0,47.59171019824381,optimal
2021-02-08 08:30:00,4,90,0.0,0.0,0.0,0.059,13.3665,6.0,-4,20.37297467672024,,0.0,0.0,0.0,0.0,47.38787146365528,optimal
2021-02-08 09:00:00,4,90,2.8,0.0,0.0,0.1298,13.0515,6.0,-4,20.095299339372783,,7000.0,0.0,0.0,0.0,47.184236567801335,optimal
2021-02-08 09:30:00,4,90,1.713007510235771,0.0,0.0,0.059,13.5345,6.0,-4,20.493072561926404,,4282.518775589428,0.0,0.0,0.0,46.980805306843244,optimal
2021-02-08 10:00:00,4,90,0.0,0.0,0.0,0.28013333333333335,14.154,6.0,-4,20.628450928157417,,0.0,0.0,0.0,0.0,46.77757747714611,optimal
2021-02-08 10:30:00,4,90,0.0,0.0,0.0,0.059,14.112,6.0,-4,20.41305368631868,,0.0,0.0,0.0,0.0,46.57455287527868,optimal
2021-02-08 11:00:00,4,90,0.0,0.0,0.0,0.1801333333333333,14.2485,6.0,-4,20.178063248297892,,0.0,0.0,0.0,0.0,46.37173129801311,optimal
2021-02-08 11:30:00,4,90,1.3673932929300041,0.0,0.0,0.17833333333333334,12.789,6.0,-4,20.0,,3418.4832323250102,0.0,0.0,0.0,46.169112542324804,optimal
2021-02-08 12:00:00,4,90,0.0,0.0,0.0,0.10333333333333332,13.0095,6.0,-4,20.142954083717623,,0.0,0.0,0.0,0.0,45.96669640539219,optimal
2021-02-08 12:30:00,4,90,2.8,0.0,0.0,0.24080000000000001,12.1275,6.0,-4,20.0,,7000.0,0.0,0.0,0.0,45.76448268459651,optimal
2021-02-08 13:00:00,4,90,1.6637026402752149,0.0,0.0,0.169,12.348,6.0,-4,20.5159931636226,,4159.256600688037,0.0,0.0,0.0,45.56247117752162,optimal
2021-02-08 13:30:00,4,90,2.8,0.0,0.0,0.22526666666666667,12.348,6.0,-4,20.73570357878368,,7000.0,0.0,0.0,0.0,45.360661681953815,optimal
2021-02-08 14:00:00,4,90,0.0,0.0,0.0,0.11386666666666666,25.389,6.0,-4,21.20618207474148,,0.0,0.0,0.0,0.0,45.15905399588157,optimal
2021-02-08 14:30:00,4,90,0.0,0.0,0.0,0.059,29.1375,6.0,-4,21.01183342065619,,0.0,0.0,0.0,0.0,44.9576479174954,optimal
2021-02-08 15:00:00,4,90,0.0,0.0,0.0,0.15466666666666665,30.597,6.0,-4,20.81302575797105,,0.0,0.0,0.0,0.0,44.75644324518762,optimal
2021-02-08 15:30:00,4,90,0.0,0.0,0.0,0.2554,33.684,6.0,-4,20.603020839528323,,0.0,0.0,0.0,0.0,44.555439777552145,optimal
2021-02-08 16:00:00,4,90,0.0,0.0,0.0,0.2216,32.445,6.0,-4,20.434476496556854,,0.0,0.0,0.0,0.0,44.3546373133843,optimal
2021-02-08 16:30:00,4,90,0.0,0.0,0.0,0.15993333333333334,28.917,6.0,-4,20.27160275339727,,0.0,0.0,0.0,0.0,44.15403565168063,optimal
2021-02-08 17:00:00,4,90,0.0,0.0,0.0,0.4351333333333333,15.876,6.0,-4,20.13070464710124,,0.0,0.0,0.0,0.0,43.95363459163866,optimal
2021-02-08 17:30:00,4,90,0.5956556817468381,0.0,0.0,0.2925,12.348,6.0,-4,20.0,,1489.1392043670953,0.0,0.0,0.0,43.75343393265673,optimal
2021-02-08 18:00:00,4,90,1.4481929705416967,0.0,0.0,0.14483333333333334,12.1275,6.0,-4,20.0,,3620.482426354242,0.0,0.0,0.0,43.55343347433379,optimal
2021-02-08 18:30:00,4,90,0.0,0.0,0.0,0.2586333333333333,12.348,6.0,-4,20.162868491966936,,0.0,0.0,0.0,0.0,43.35363301646916,optimal
2021-02-08 19:00:00,4,90,0.7579525621332619,0.0,0.0,0.08086666666666666,12.1275,6.0,-4,20.0,,1894.8814053331548,0.0,0.0,0.0,43.154032359062406,optimal
2021-02-08 19:30:00,4,90,0.5560531575449374,0.0,0.0,0.29496666666666665,12.1275,6.0,-4,20.0,,1390.1328938623435,0.0,0.0,0.0,42.954631302313054,optimal
2021-02-08 20:00:00,4,90,0.5560070862899554,0.0,0.0,0.7104,11.2665,6.0,-4,20.0,,1390.0177157248886,0.0,0.0,0.0,42.75542964662045,optimal
2021-02-08 20:30:00,4,90,0.1393333333333333,0.0,0.0,1.5695333333333332,10.143,6.0,-4,20.0,,0.0,0.0,348.3333333333333,0.0,42.55642719258354,optimal
2021-02-08 21:00:00,4,90,0.0,0.0,0.0,1.6569666666666667,11.2455,6.0,-4,19.85656733568198,,0.0,0.0,0.0,0.0,42.357623741000666,optimal
2021-02-08 21:30:00,4,90,0.0,0.0,0.0,0.5486,11.025,6.0,-4,19.73468726948964,,0.0,0.0,0.0,0.0,42.15901909286938,optimal
2021-02-08 22:00:00,4,90,0.05573333333333333,0.0,0.0,0.3332,5.9745,6.0,-4,19.587834845700893,,0.0,0.0,139.33333333333331,0.0,42.11686007377651,optimal
2021-02-08 22:30:00,4,90,0.0,0.0,0.0,0.4588333333333333,7.938,6.0,-4,19.420715131099264,,0.0,0.0,0.0,0.0,42.07474321370273,optimal
2021-02-08 23:00:00,4,90,0.0,0.0,0.0,0.059,8.6835,6.0,-4,19.264477268948507,,0.0,0.0,0.0,0.0,42.03266847048903,optimal
2021-02-08 23:30:00,4,90,0.0,0.0,0.0,0.09306666666666666,7.665,6.0,-4,19.027801707524606,,0.0,0.0,0.0,0.0,41.99063580201854,optimal
2021-02-09 00:00:00,4,90,0.0,0.0,0.0,0.1859333333333333,11.2455,6.0,-1,19.027801707524606,,0.0,0.0,0.0,0.0,41.94864516621652,optimal
2021-02-09 00:30:00,4,90,0.0,0.0,0.0,0.062,12.1275,6.0,-1,18.805617477706914,,0.0,0.0,0.0,0.0,41.90669652105031,optimal
2021-02-09 01:00:00,4,90,1.3719040125896094,0.0,0.0,0.14433333333333334,11.823,6.0,-1,18.57582227105308,,0.0,0.0,3429.7600314740234,0.0,41.864789824529254,optimal
2021-02-09 01:30:00,4,90,2.8,0.0,0.0,0.23753333333333332,11.7705,6.0,-1,18.357673726071482,,0.0,0.0,7000.0,0.0,41.822925034704724,optimal
2021-02-09 02:00:00,4,90,2.8,0.0,4.282902096768722,0.11313333333333334,11.13,6.0,-1,18.14986783903977,,5865.093364807358,0.0,1134.9066351926422,0.0,43.81548060563516,optimal
2021-02-09 02:30:00,4,90,2.8,0.0,0.0,0.20186666666666667,11.6865,6.0,-1,18.476541021615134,,7000.0,0.0,0.0,0.0,43.771665125029514,optimal
2021-02-09 03:00:00,4,90,2.8,0.0,5.0,0.11196666666666669,10.7205,6.0,-1,18.912852092060014,,7000.0,0.0,0.0,0.0,46.10289345990448,optimal
2021-02-09 03:30:00,4,90,2.8,0.0,0.0,0.2089,11.424,6.0,-1,19.335290041638324,,7000.0,0.0,0.0,0.0,46.056790566444576,optimal
2021-02-09 04:00:00,4,90,2.8,0.0,5.0,0.11993333333333334,10.689,6.0,-1,19.762113405586188,,7000.0,0.0,0.0,0.0,48.38573377587813,optimal
2021-02-09 04:30:00,4,90,2.8,0.0,0.0,0.27493333333333336,11.361,6.0,-1,20.176001433266116,,7000.0,0.0,0.0,0.0,48.33734804210225,optimal
2021-02-09 05:00:00,4,90,2.8,0.0,0.0,0.0828,11.571,6.0,-1,20.596926256554575,,7000.0,0.0,0.0,0.0,48.289010694060146,optimal
2021-02-09 05:30:00,4,90,0.0,0.0,0.0,0.1842333333333333,14.3745,6.0,-1,20.99256111153346,,0.0,0.0,0.0,0.0,48.240721683366075,optimal
2021-02-09 06:00:00,4,90,2.8,0.0,0.0,0.2314333333333333,13.23,6.0,-1,20.742107661307365,,7000.0,0.0,0.0,0.0,48.192480961682705,optimal
2021-02-09 06:30:00,4,90,0.0,0.0,0.0,0.062,13.9755,6.0,-1,21.149463646848943,,0.0,0.0,0.0,0.0,48.144288480721016,optimal
2021-02-09 07:00:00,4,90,0.0,0.0,0.0,0.2912666666666667,14.994,6.0,-1,20.88470235744716,,0.0,0.0,0.0,0.0,48.096144192240295,optimal
2021-02-09 07:30:00,4,90,2.8,0.0,0.0,0.07553333333333333,13.671,6.0,-1,20.644297775872126,,7000.0,0.0,0.0,0.0,48.048048048048045,optimal
2021-02-09 08:00:00,4,90,0.0,0.0,0.0,0.23246666666666665,15.981,6.0,-1,21.038782237568466,,0.0,0.0,0.0,0.0,48.0,optimal
2021-02-09 08:30:00,4,90,0.0,0.0,0.0,0.1008,15.6345,6.0,-1,20.81032067342436,,0.0,0.0,0.0,0.0,47.8339150698947,optimal
2021-02-09 09:00:00,4,90,0.0,0.0,0.0,0.5792,16.5375,6.0,-1,20.572640192584117,,0.0,0.0,0.0,0.0,47.66799622471951,optimal
2021-02-09 09:30:00,4,90,0.0,0.0,0.0,1.2161666666666668,14.7735,6.0,-1,20.369235890044852,,0.0,0.0,0.0,0.0,47.502243298389494,optimal
2021-02-09 10:00:00,4,90,0.0,0.0,0.0,0.24566666666666662,15.2145,6.0,-1,20.180212811958192,,0.0,0.0,0.0,0.0,47.33665612498581,optimal
2021-02-09 10:30:00,4,90,0.7979282039191664,0.0,0.0,0.24846666666666667,14.553,6.0,-1,20.0,,1994.820509797916,0.0,0.0,0.0,47.17123453875553,optimal
2021-02-09 11:00:00,4,90,1.1678833119310537,0.0,0.0,1.6335333333333333,14.3325,6.0,-1,20.0,,2919.708279827634,0.0,0.0,0.0,47.00597837411147,optimal
2021-02-09 11:30:00,4,90,0.0,0.0,0.0,0.9732999999999999,14.595,6.0,-1,20.198331566433453,,0.0,0.0,0.0,0.0,46.840887465632065,optimal
2021-02-09 12:00:00,4,90,0.0,0.0,0.0,1.6041666666666667,14.994,6.0,-1,20.0924008883262,,0.0,0.0,0.0,0.0,46.67596164806113,optimal
2021-02-09 12:30:00,4,90,0.37932675030908003,0.0,0.0,0.6437333333333334,14.3325,6.0,-1,20.0,,948.3168757727,0.0,0.0,0.0,46.51120075630777,optimal
2021-02-09 13:00:00,4,90,0.40918484230909746,0.0,0.0,0.39239999999999997,13.8915,6.0,-1,20.0,,1022.9621057727437,0.0,0.0,0.0,46.34660462544617,optimal
2021-02-09 13:30:00,4,90,0.3617632630018791,0.0,0.0,0.5139333333333332,13.8915,6.0,-1,20.0,,904.4081575046978,0.0,0.0,0.0,46.18217309071542,optimal
2021-02-09 14:00:00,4,90,2.8,0.0,0.0,0.4594333333333333,13.4715,6.0,-1,20.0,,7000.0,0.0,0.0,0.0,46.01790598751941,optimal
2021-02-09 14:30:00,4,90,2.8,0.0,0.0,0.20786666666666667,13.23,6.0,-1,20.54843083417452,,7000.0,0.0,0.0,0.0,45.8538031514266,optimal
2021-02-09 15:00:00,4,90,0.8364303044859259,0.0,0.0,0.408,13.8915,6.0,-1,21.0830988244211,,2091.075761214815,0.0,0.0,0.0,45.689864418169876,optimal
2021-02-09 15:30:00,4,90,0.0,0.0,0.0,0.36476666666666663,26.9325,6.0,-1,21.175661040788363,,0.0,0.0,0.0,0.0,45.526089623646406,optimal
2021-02-09 16:00:00,4,90,0.0,0.0,0.0,0.37273333333333336,30.303,6.0,-1,21.05748730766793,,0.0,0.0,0.0,0.0,45.36247860391746,optimal
2021-02-09 16:30:00,4,90,0.0,0.0,0.0,0.24506666666666663,32.886,6.0,-1,20.897010754975,,0.0,0.0,0.0,0.0,45.19903119520824,optimal
2021-02-09 17:00:00,4,90,0.0,0.0,0.0,0.22180000000000002,34.9965,6.0,-1,20.724619220155354,,0.0,0.0,0.0,0.0,45.035747233907735,optimal
2021-02-09 17:30:00,4,90,0.0,0.0,0.0,0.37826666666666664,33.327,6.0,-1,20.55515633235916,,0.0,0.0,0.0,0.0,44.87262655656853,optimal
2021-02-09 18:00:00,4,90,0.0,0.0,0.0,1.297233333333333,31.122,6.0,-1,20.39947685879626,,0.0,0.0,0.0,0.0,44.70966899990666,optimal
2021-02-09 18:30:00,4,90,0.0,0.0,0.0,1.9458333333333333,17.9025,6.0,-1,20.22264895508061,,0.0,0.0,0.0,0.0,44.54687440080146,optimal
2021-02-09 19:00:00,4,90,0.0,0.0,0.0,1.6793,15.6555,6.0,-1,20.139657836029514,,0.0,0.0,0.0,0.0,44.38424259629536,optimal
2021-02-09 19:30:00,4,90,0.7197562126954561,0.0,0.0,0.5967333333333333,14.553,6.0,-1,20.0,,1799.3905317386402,0.0,0.0,0.0,44.22177342359377,optimal
2021-02-09 20:00:00,4,90,0.6192095460287971,0.0,0.0,0.7880666666666667,14.3325,6.0,-1,20.0,,1548.0238650719925,0.0,0.0,0.0,44.059466720064876,optimal
2021-02-09 20:30:00,4,90,0.0,0.0,0.0,0.6394,13.335,6.0,-1,20.0,,0.0,0.0,0.0,0.0,43.897322323239514,optimal
2021-02-09 21:00:00,4,90,0.0,0.0,0.0,0.44303333333333333,12.1275,6.0,-1,19.847753639803297,,0.0,0.0,0.0,0.0,43.853425000916275,optimal
2021-02-09 21:30:00,4,90,0.0,0.0,0.0,0.6111333333333333,12.2955,6.0,-1,19.669391489532543,,0.0,0.0,0.0,0.0,43.809571575915356,optimal
2021-02-09 22:00:00,4,90,0.0,0.0,0.0,0.4084666666666666,11.6865,6.0,-1,19.51187991365428,,0.0,0.0,0.0,0.0,43.76576200433944,optimal
2021-02-09 22:30:00,4,90,0.0,0.0,0.0,0.13440000000000002,11.466,6.0,-1,19.311412241877974,,0.0,0.0,0.0,0.0,43.7219962423351,optimal
2021-02-09 23:00:00,4,90,0.0,0.0,0.0,0.296,10.8045,6.0,-1,19.08017311742129,,0.0,0.0,0.0,0.0,43.67827424609277,optimal
2021-02-09 23:30:00,4,90,0.0,0.0,0.0,0.10779999999999999,10.584,6.0,-1,18.867960025755384,,0.0,0.0,0.0,0.0,43.63459597184668,optimal
2021-02-10 00:00:00,4,90,2.8,0.0,0.0,0.058333333333333334,11.844,6.0,-4,18.867960025755384,,7000.0,0.0,0.0,0.0,43.59096137587483,optimal
2021-02-10 00:30:00,4,90,2.8,0.0,0.0,0.058,11.508,6.0,-4,19.27554698749634,,0.0,0.0,7000.0,0.0,43.54737041449896,optimal
2021-02-10 01:00:00,4,90,2.8,0.0,0.0,0.12133333333333332,11.508,6.0,-4,19.02602730298683,,1529.666666666667,0.0,5470.333333333333,0.0,43.503823044084456,optimal
2021-02-10 01:30:00,4,90,2.8,0.0,5.0,0.08333333333333333,10.4475,6.0,-4,18.926532887973043,,7000.0,0.0,0.0,0.0,45.83531922104037,optimal
2021-02-10 02:00:00,4,90,2.8,0.0,0.9716392599184593,0.058,10.8675,6.0,-4,19.33134127496971,,7000.0,0.0,0.0,0.0,46.25101255028059,optimal
2021-02-10 02:30:00,4,90,2.8,0.0,5.0,0.14666666666666667,10.542,6.0,-4,19.726575143220472,,7000.0,0.0,0.0,0.0,48.579761537730306,optimal
2021-02-10 03:00:00,4,90,2.8,0.0,0.0,0.058,11.025,6.0,-4,20.124385440741552,,7000.0,0.0,0.0,0.0,48.53118177619257,optimal
2021-02-10 03:30:00,4,90,2.8,0.0,0.0,0.10866666666666669,11.025,6.0,-4,20.508272585015455,,7000.0,0.0,0.0,0.0,48.48265059441637,optimal
2021-02-10 04:00:00,4,90,2.8,0.0,0.0,0.096,14.553,6.0,-4,20.89137077971349,,7000.0,0.0,0.0,0.0,48.434167943821954,optimal
2021-02-10 04:30:00,4,90,2.8,0.0,0.0,0.058,13.0935,6.0,-4,21.267811770310338,,7000.0,0.0,0.0,0.0,48.38573377587813,optimal
2021-02-10 05:00:00,4,90,0.3619496972713389,0.0,0.0,0.14666666666666667,15.6345,6.0,-4,21.63390820890085,,904.8742431783472,0.0,0.0,0.0,48.33734804210225,optimal
2021-02-10 05:30:00,4,90,0.0,0.0,0.0,0.05733333333333333,18.102,6.0,-4,21.435726894989454,,0.0,0.0,0.0,0.0,48.289010694060146,optimal
2021-02-10 06:00:00,4,90,0.0,0.0,0.0,0.07986666666666666,17.199,6.0,-4,21.14953107669987,,0.0,0.0,0.0,0.0,48.240721683366075,optimal
2021-02-10 06:30:00,4,90,0.0,0.0,0.0,0.2813333333333333,18.2805,6.0,-4,20.882796237547502,,0.0,0.0,0.0,0.0,48.192480961682705,optimal
2021-02-10 07:00:00,4,90,0.0,0.0,0.0,0.20666666666666664,17.4615,6.0,-4,20.65568335694659,,0.0,0.0,0.0,0.0,48.144288480721016,optimal
2021-02-10 07:30:00,4,90,0.0,0.0,0.0,0.221,18.3225,6.0,-4,20.43330756932077,,0.0,0.0,0.0,0.0,48.096144192240295,optimal
2021-02-10 08:00:00,4,90,0.0,0.0,0.0,0.2821666666666667,17.094,6.0,-4,20.21698152796648,,0.0,0.0,0.0,0.0,48.048048048048045,optimal
2021-02-10 08:30:00,4,90,0.8154741828853532,0.0,0.0,0.42569999999999997,17.094,6.0,-4,20.0,,2038.685457213383,0.0,0.0,0.0,48.0,optimal
2021-02-10 09:00:00,4,90,1.1660134453429467,0.0,0.0,0.3071666666666667,17.094,6.0,-4,20.0,,2915.0336133573664,0.0,0.0,0.0,47.802263385694474,optimal
2021-02-10 09:30:00,4,90,0.0,0.0,0.0,1.7913,17.3565,6.0,-4,20.088144914967604,,0.0,0.0,0.0,0.0,47.60472450800325,optimal
2021-02-10 10:00:00,4,90,0.6978701373361589,0.0,0.0,0.3793333333333333,17.115,6.0,-4,20.0,,1744.6753433403971,0.0,0.0,0.0,47.40738316918972,optimal
2021-02-10 10:30:00,4,90,0.7307028752578049,0.0,0.0,0.3398333333333333,17.241,6.0,-4,20.0,,1826.7571881445122,0.0,0.0,0.0,47.21023917171501,optimal
2021-02-10 11:00:00,4,90,0.6893721823439735,0.0,0.0,0.20713333333333334,17.094,6.0,-4,20.0,,1723.4304558599338,0.0,0.0,0.0,47.013292318237774,optimal
2021-02-10 11:30:00,4,90,2.8,0.0,0.0,0.142,16.5165,6.0,-4,20.0,,7000.0,0.0,0.0,0.0,46.81654241161401,optimal
2021-02-10 12:00:00,4,90,0.0,0.0,0.0,0.07866666666666668,17.8185,6.0,-4,20.484584013689034,,0.0,0.0,0.0,0.0,46.61998925489687,optimal
2021-02-10 12:30:00,4,90,2.8,0.0,0.0,0.13326666666666667,17.094,6.0,-4,20.34653675463813,,7000.0,0.0,0.0,0.0,46.42363265133645,optimal
2021-02-10 13:00:00,4,90,2.8,0.0,0.0,0.068,16.8945,6.0,-4,20.857641382903207,,7000.0,0.0,0.0,0.0,46.22747240437959,optimal
2021-02-10 13:30:00,4,90,1.7143817084186672,0.0,0.0,0.11233333333333331,18.123,6.0,-4,21.320121624329353,,4285.954271046668,0.0,0.0,0.0,46.03150831766968,optimal
2021-02-10 14:00:00,4,90,0.0,0.0,0.0,0.11233333333333331,31.647,6.0,-4,21.531003907712773,,0.0,0.0,0.0,0.0,45.83574019504649,optimal
2021-02-10 14:30:00,4,90,0.0,0.0,0.0,0.068,34.9965,6.0,-4,21.340216727564478,,0.0,0.0,0.0,0.0,45.64016784054592,optimal
2021-02-10 15:00:00,4,90,0.0,0.0,0.0,0.15666666666666665,34.9965,6.0,-4,21.148043613969705,,0.0,0.0,0.0,0.0,45.44479105839985,optimal
2021-02-10 15:30:00,4,90,0.0,0.0,0.0,0.068,34.9965,6.0,-4,20.94706401680061,,0.0,0.0,0.0,0.0,45.249609653035925,optimal
2021-02-10 16:00:00,4,90,0.0,0.0,0.0,0.11866666666666668,34.9965,6.0,-4,20.737867075789556,,0.0,0.0,0.0,0.0,45.05462342907737,optimal
2021-02-10 16:30:00,4,90,0.0,0.0,0.0,0.106,34.9965,6.0,-4,20.50382422788928,,0.0,0.0,0.0,0.0,44.85983219134277,optimal
2021-02-10 17:00:00,4,90,0.0,0.0,0.0,0.068,27.741,6.0,-4,20.26909255000122,,0.0,0.0,0.0,0.0,44.6652357448459,optimal
2021-02-10 17:30:00,4,90,0.9705742875310273,0.0,0.0,0.3708333333333333,19.026,6.0,-4,20.0,,2426.435718827568,0.0,0.0,0.0,44.47083389479553,optimal
2021-02-10 18:00:00,4,90,1.1481174035188346,0.0,0.0,0.15666666666666665,18.7215,6.0,-4,20.0,,2870.2935087970864,0.0,0.0,0.0,44.27662644659521,optimal
2021-02-10 18:30:00,4,90,1.0044567690610942,0.0,0.0,0.32746666666666663,17.4195,6.0,-4,20.0,,2511.1419226527355,0.0,0.0,0.0,44.08261320584309,optimal
2021-02-10 19:00:00,4,90,0.9354628012700259,0.0,0.0,0.37903333333333333,16.758,6.0,-4,20.0,,2338.657003175065,0.0,0.0,0.0,43.88879397833172,optimal
2021-02-10 19:30:00,4,90,1.228048238067274,0.0,0.0,0.11866666666666668,14.217,6.0,-4,20.0,,3070.1205951681845,0.0,0.0,0.0,43.69516857004786,optimal
2021-02-10 20:00:00,4,90,1.2637270081978675,0.0,0.0,0.068,13.3665,6.0,-4,20.0,,3159.3175204946688,0.0,0.0,0.0,43.50173678717229,optimal
2021-02-10 20:30:00,4,90,0.027866666666666665,0.0,0.0,0.3096333333333333,12.789,6.0,-4,20.0,,0.0,0.0,69.66666666666666,0.0,43.308498436079596,optimal
2021-02-10 21:00:00,4,90,0.0,0.0,0.0,0.2533333333333333,11.907,6.0,-4,19.753669729993614,,0.0,0.0,0.0,0.0,43.115453323337995,optimal
2021-02-10 21:30:00,4,90,0.0,0.0,0.0,0.4305,11.7075,6.0,-4,19.519141121654503,,0.0,0.0,0.0,0.0,42.92260125570913,optimal
2021-02-10 22:00:00,4,90,0.027866666666666665,0.0,0.0,0.4402,10.8045,6.0,-4,19.273135363649654,,0.0,0.0,69.66666666666666,0.0,42.87967865445342,optimal
2021-02-10 22:30:00,4,90,0.0,0.0,0.0,0.3374,11.508,6.0,-4,19.042243665867186,,0.0,0.0,0.0,0.0,42.83679897579897,optimal
2021-02-10 23:00:00,4,90,0.0,0.0,0.0,0.22933333333333328,11.508,6.0,-4,18.784236910645348,,0.0,0.0,0.0,0.0,42.79396217682317,optimal
2021-02-10 23:30:00,4,90,0.0,0.0,0.0,0.125,11.508,6.0,-4,18.502913189776265,,0.0,0.0,0.0,0.0,42.75116821464635,optimal
2021-02-11 00:00:00,4,90,2.8,0.0,0.0,0.057,11.2455,6.0,2,18.502913189776265,,7000.0,0.0,0.0,0.0,42.708417046431705,optimal
2021-02-11 00:30:00,4,90,2.8,0.0,0.0,0.08366666666666667,11.2455,6.0,2,18.85685692051702,,0.0,0.0,7000.0,0.0,42.66570862938527,optimal
2021-02-11 01:00:00,4,90,2.8,0.0,0.0,0.177,11.025,6.0,2,18.55979868066995,,3062.3333333333335,0.0,3937.6666666666665,0.0,42.623042920755886,optimal
2021-02-11 01:30:00,4,90,2.8,0.0,0.0,0.057,12.0855,6.0,2,18.56137742355098,,7000.0,0.0,0.0,0.0,42.580419877835126,optimal
2021-02-11 02:00:00,4,90,2.8,0.0,0.0,0.057,11.6865,6.0,2,18.91734622091668,,7000.0,0.0,0.0,0.0,42.53783945795729,optimal
2021-02-11 02:30:00,4,90,2.8,0.0,0.0,0.057,11.2245,6.0,2,19.26822188493318,,7000.0,0.0,0.0,0.0,42.49530161849933,optimal
2021-02-11 03:00:00,4,90,2.8,0.0,0.0,0.057,11.025,6.0,2,19.61264650633656,,7000.0,0.0,0.0,0.0,42.45280631688083,optimal
2021-02-11 03:30:00,4,90,2.8,0.0,2.549682806776909,0.20366666666666663,10.7835,6.0,2,19.950712385408515,,7000.0,0.0,0.0,0.0,43.621452843782976,optimal
2021-02-11 04:00:00,4,90,2.8,0.0,0.0,0.057,11.025,6.0,2,20.30113401776907,,7000.0,0.0,0.0,0.0,43.577831390939195,optimal
2021-02-11 04:30:00,4,90,2.8,0.0,5.0,0.057,10.584,6.0,2,20.63650305364159,,7000.0,0.0,0.0,0.0,45.909253559548254,optimal
2021-02-11 05:00:00,4,90,2.8,0.0,0.0,0.17033333333333334,11.025,6.0,2,20.967073693605446,,7000.0,0.0,0.0,0.0,45.8633443059887,optimal
2021-02-11 05:30:00,4,90,2.8,0.0,5.0,0.09033333333333332,10.4265,6.0,2,21.303435879063585,,7000.0,0.0,0.0,0.0,48.192480961682705,optimal
2021-02-11 06:00:00,4,90,2.8,0.0,0.0,0.059333333333333335,12.789,6.0,2,21.631135620184807,,7000.0,0.0,0.0,0.0,48.144288480721016,optimal
2021-02-11 06:30:00,4,90,2.8,0.0,0.0,0.06566666666666666,12.684,6.0,2,21.954629152158,,7000.0,0.0,0.0,0.0,48.096144192240295,optimal
2021-02-11 07:00:00,4,90,1.3157041057770409,0.0,0.0,0.1764,16.254,6.0,2,22.282378213635976,,3289.2602644426024,0.0,0.0,0.0,48.048048048048045,optimal
2021-02-11 07:30:00,4,90,0.0,0.0,0.0,0.14333333333333334,17.64,6.0,2,22.284773575511483,,0.0,0.0,0.0,0.0,48.0,optimal
2021-02-11 08:00:00,4,90,0.0,0.0,0.0,0.2673333333333333,19.1625,6.0,2,22.0,,0.0,0.0,0.0,0.0,47.41029516235719,optimal
2021-02-11 08:30:00,4,90,0.0,0.0,0.0,0.1718,26.46,6.0,2,21.733331049757,,0.0,0.0,0.0,0.0,46.82118002955202,optimal
2021-02-11 09:00:00,4,90,0.0,0.0,0.0,0.21366666666666662,20.79,6.0,2,21.43910695496069,,0.0,0.0,0.0,0.0,46.23265401187965,optimal
2021-02-11 09:30:00,4,90,0.0,0.0,0.0,0.119,29.106,6.0,2,21.13310286437398,,0.0,0.0,0.0,0.0,45.64471652022496,optimal
2021-02-11 10:00:00,4,90,0.0,0.0,0.0,0.385,19.1835,6.0,2,20.85084544583479,,0.0,0.0,0.0,0.0,45.05736696606193,optimal
2021-02-11 10:30:00,4,90,0.0,0.0,0.0,0.07366666666666667,19.6665,6.0,2,20.67994995759127,,0.0,0.0,0.0,0.0,44.47060476145305,optimal
2021-02-11 11:00:00,4,90,0.0,0.0,0.0,0.14033333333333334,19.404,6.0,2,20.446718874319927,,0.0,0.0,0.0,0.0,43.88442931904879,optimal
2021-02-11 11:30:00,4,90,0.0,0.0,0.0,0.14033333333333334,19.047,6.0,2,20.243120882060595,,0.0,0.0,0.0,0.0,43.29884005208693,optimal
2021-02-11 12:00:00,4,90,0.8854304139424218,0.0,0.0,0.067,18.858,6.0,2,20.053166787165445,,2213.576034856055,0.0,0.0,0.0,42.71383637439203,optimal
2021-02-11 12:30:00,4,90,0.0,0.0,0.0,0.5557333333333333,19.2675,6.0,2,20.097446510333207,,0.0,0.0,0.0,0.0,42.12941770037483,optimal
2021-02-11 13:00:00,4,90,0.4579510870835684,0.0,0.0,0.3401666666666667,18.963,6.0,2,20.0,,1144.877717708921,0.0,0.0,0.0,41.545583445031646,optimal
2021-02-11 13:30:00,4,90,0.7295269651974837,0.0,0.0,0.3412,18.438,6.0,2,20.0,,1823.8174129937092,0.0,0.0,0.0,40.962333023943806,optimal
2021-02-11 14:00:00,4,90,0.0,0.0,0.0,0.5114666666666666,18.7425,6.0,2,20.071704284278677,,0.0,0.0,0.0,0.0,40.379665853277054,optimal
2021-02-11 14:30:00,4,90,2.8,0.0,0.0,0.5213,15.2145,6.0,2,20.0,,7000.0,0.0,0.0,0.0,39.79758134978096,optimal
2021-02-11 15:00:00,4,90,0.0,0.0,0.0,0.23853333333333332,17.7765,6.0,2,20.584391601930225,,0.0,0.0,0.0,0.0,39.21607893078837,optimal
2021-02-11 15:30:00,4,90,2.5057015525412054,0.0,0.0,0.4138,16.758,6.0,2,20.468146474590476,,6264.253881353014,0.0,0.0,0.0,38.635158014214774,optimal
2021-02-11 16:00:00,4,90,2.8,0.0,0.0,0.29603333333333337,16.422,6.0,2,20.924045570916007,,7000.0,0.0,0.0,0.0,38.05481801855775,optimal
2021-02-11 16:30:00,4,90,2.8,0.0,0.0,0.47643333333333326,16.758,6.0,2,21.372505059049743,,7000.0,0.0,0.0,0.0,37.47505836289638,optimal
2021-02-11 17:00:00,4,90,0.0,0.0,0.0,0.3224666666666666,29.358,6.0,2,21.817397276571633,,0.0,0.0,0.0,0.0,36.89587846689067,optimal
2021-02-11 17:30:00,4,90,0.0,0.0,0.0,0.228,34.9965,6.0,2,21.55718011076751,,0.0,0.0,0.0,0.0,36.31727775078097,optimal
2021-02-11 18:00:00,4,90,0.0,0.0,0.0,0.3552,34.65,6.0,2,21.32783213513399,,0.0,0.0,0.0,0.0,35.73925563538737,optimal
2021-02-11 18:30:00,4,90,0.0,0.0,0.0,1.3253333333333333,34.9965,6.0,2,21.090993721366594,,0.0,0.0,0.0,0.0,35.16181154210918,optimal
2021-02-11 19:00:00,4,90,0.0,0.0,0.0,1.4463333333333332,34.9965,6.0,2,20.8446526269153,,0.0,0.0,0.0,0.0,34.584944892924256,optimal
2021-02-11 19:30:00,4,90,0.0,0.0,0.0,0.35486666666666666,30.4815,6.0,2,20.583276006837004,,0.0,0.0,0.0,0.0,34.00865511038852,optimal
2021-02-11 20:00:00,4,90,0.0,0.0,0.0,0.2225,21.4305,6.0,2,20.299105650711642,,0.0,0.0,0.0,0.0,33.432941617635315,optimal
2021-02-11 20:30:00,4,90,0.0,0.0,0.0,0.4280333333333334,14.3325,6.0,2,20.0,,0.0,0.0,0.0,0.0,32.85780383837487,optimal
2021-02-11 21:00:00,4,90,0.0,0.0,0.0,0.5323333333333333,13.692,6.0,2,19.69300931713177,,0.0,0.0,0.0,0.0,32.824946034536495,optimal
2021-02-11 21:30:00,4,90,0.0,0.0,0.0,0.6098,14.007,6.0,2,19.44704078220855,,0.0,0.0,0.0,0.0,32.79212108850196,optimal
2021-02-11 22:00:00,4,90,0.22293333333333332,0.0,0.0,0.4716,12.873,6.0,2,19.220015324900555,,0.0,0.0,557.3333333333333,0.0,32.75932896741345,optimal
2021-02-11 22:30:00,4,90,0.0,0.0,0.0,0.4498333333333333,12.684,6.0,2,18.984470573706627,,0.0,0.0,0.0,0.0,32.72656963844604,optimal
2021-02-11 23:00:00,4,90,0.7802666666666667,0.0,0.0,0.3671333333333333,12.306,6.0,2,18.74757938681643,,0.0,0.0,1950.6666666666667,0.0,32.69384306880759,optimal
2021-02-11 23:30:00,4,90,0.0,0.0,0.0,0.4266666666666667,10.6365,6.0,2,18.50214466377705,,0.0,0.0,0.0,0.0,32.66114922573878,optimal
2021-02-12 00:00:00,4,90,2.8,0.0,5.0,0.057,10.3635,6.0,0,18.50214466377705,,7000.0,0.0,0.0,0.0,35.003488076513044,optimal
2021-02-12 00:30:00,4,90,2.8,0.0,0.0,0.136,10.8045,6.0,0,18.817834029178034,,0.0,0.0,7000.0,0.0,34.96848458843653,optimal
2021-02-12 01:00:00,4,90,2.1193819788792085,0.0,0.0,0.064,11.025,6.0,0,18.485846494030376,,5298.454947198021,0.0,0.0,0.0,34.93351610384809,optimal
2021-02-12 01:30:00,4,90,2.8,0.0,5.0,0.104,10.3635,6.0,0,18.643806312618572,,7000.0,0.0,0.0,0.0,37.273582587744244,optimal
2021-02-12 02:00:00,4,90,2.8,0.0,0.0,0.096,10.8045,6.0,0,18.96261298649747,,7000.0,0.0,0.0,0.0,37.2363090051565,optimal
2021-02-12 02:30:00,4,90,2.8,0.0,5.0,0.084,10.059,6.0,0,19.277546337336354,,7000.0,0.0,0.0,0.0,39.57407269615134,optimal
2021-02-12 03:00:00,4,90,2.8,0.0,3.808164600602625,0.116,10.584,6.0,0,19.591152006042513,,7000.0,0.0,0.0,0.0,41.343376808741425,optimal
2021-02-12 03:30:00,4,90,2.8,0.0,5.0,0.064,9.4185,6.0,0,19.907533723741402,,7000.0,0.0,0.0,0.0,43.677033431932685,optimal
2021-02-12 04:00:00,4,90,2.8,0.0,5.0,0.064,10.3635,6.0,0,20.22457676434499,,7000.0,0.0,0.0,0.0,46.00835639850075,optimal
2021-02-12 04:30:00,4,90,2.8,0.0,5.0,0.064,9.8385,6.0,0,20.5470990797492,,7000.0,0.0,0.0,0.0,48.33734804210225,optimal
2021-02-12 05:00:00,4,90,2.8,0.0,0.0,0.064,11.067,6.0,0,20.875022273539997,,7000.0,0.0,0.0,0.0,48.289010694060146,optimal
2021-02-12 05:30:00,4,90,2.8,0.0,0.0,0.064,10.8465,6.0,0,21.208269070984247,,7000.0,0.0,0.0,0.0,48.240721683366075,optimal
2021-02-12 06:00:00,4,90,0.0,0.0,0.0,0.124,13.671,6.0,0,21.5481940838209,,0.0,0.0,0.0,0.0,48.192480961682705,optimal
2021-02-12 06:30:00,4,90,2.8,0.0,0.0,0.076,12.348,6.0,0,21.250427665219053,,7000.0,0.0,0.0,0.0,48.144288480721016,optimal
2021-02-12 07:00:00,4,90,0.0,0.0,0.0,0.064,14.3325,6.0,0,21.60374052713742,,0.0,0.0,0.0,0.0,48.096144192240295,optimal
2021-02-12 07:30:00,4,90,0.0,0.0,0.0,0.06333333333333334,15.393,6.0,0,21.302470829296585,,0.0,0.0,0.0,0.0,48.048048048048045,optimal
2021-02-12 08:00:00,4,90,0.0,0.0,0.0,0.134,13.587,6.0,0,20.99668840295149,,0.0,0.0,0.0,0.0,48.0,optimal
2021-02-12 08:30:00,4,90,0.0,0.0,0.0,0.40363333333333334,16.1385,6.0,0,20.70768519107772,,0.0,0.0,0.0,0.0,47.659415663284406,optimal
2021-02-12 09:00:00,4,90,0.0,0.0,0.0,0.9650666666666669,14.595,6.0,0,20.440963954396242,,0.0,0.0,0.0,0.0,47.31917191090553,optimal
2021-02-12 09:30:00,4,90,0.0,0.0,0.0,2.021533333333333,14.637,6.0,0,20.190280225030154,,0.0,0.0,0.0,0.0,46.97926840227903,optimal
2021-02-12 10:00:00,4,90,0.6328006684379881,0.0,0.0,1.2106,13.9125,6.0,0,20.0,,1582.00167109497,0.0,0.0,0.0,46.63970479716116,optimal
2021-02-12 10:30:00,4,90,0.8320293028957292,0.0,0.0,0.10503333333333331,13.3665,6.0,0,20.0,,2080.073257239323,0.0,0.0,0.0,46.30048075564841,optimal
2021-02-12 11:00:00,4,90,1.3771729581032102,0.0,0.0,0.094,13.0095,6.0,0,20.0,,3442.9323952580257,0.0,0.0,0.0,45.96159593817717,optimal
2021-02-12 11:30:00,4,90,0.0,0.0,0.0,1.0011,13.8915,6.0,0,20.15822010486535,,0.0,0.0,0.0,0.0,45.623050005523396,optimal
2021-02-12 12:00:00,4,90,0.683009944605027,0.0,0.0,0.11933333333333332,13.188,6.0,0,20.0,,1707.5248615125672,0.0,0.0,0.0,45.28484261880228,optimal
2021-02-12 12:30:00,4,90,0.7216608572455743,0.0,0.0,0.064,12.5685,6.0,0,20.0,,1804.1521431139356,0.0,0.0,0.0,44.94697343946788,optimal
2021-02-12 13:00:00,4,90,0.7086203882707947,0.0,0.0,0.096,12.285,6.0,0,20.0,,1771.5509706769867,0.0,0.0,0.0,44.609442129312825,optimal
2021-02-12 13:30:00,4,90,1.4920260955504754,0.0,0.0,0.104,11.487,6.0,0,20.0,,3730.0652388761887,0.0,0.0,0.0,44.27224835046792,optimal
2021-02-12 14:00:00,4,90,0.0,0.0,0.0,0.064,11.802,6.0,0,20.18113034348526,,0.0,0.0,0.0,0.0,43.93539176540186,optimal
2021-02-12 14:30:00,4,90,2.8,0.0,0.0,0.124,11.2245,6.0,0,20.0,,7000.0,0.0,0.0,0.0,43.598872036920866,optimal
2021-02-12 15:00:00,4,90,2.8,0.0,0.0,0.076,11.025,6.0,0,20.475444736230916,,7000.0,0.0,0.0,0.0,43.26268882816835,optimal
2021-02-12 15:30:00,4,90,2.8,0.0,0.0,0.08,11.907,6.0,0,20.92533822238423,,7000.0,0.0,0.0,0.0,42.92684180262459,optimal
2021-02-12 16:00:00,4,90,0.0,0.0,0.0,0.12,25.83,6.0,0,21.367019887013775,,0.0,0.0,0.0,0.0,42.59133062410637,optimal
2021-02-12 16:30:00,4,90,0.0,0.0,0.0,0.6157333333333334,28.035,6.0,0,21.12178563818693,,0.0,0.0,0.0,0.0,42.25615495676667,optimal
2021-02-12 17:00:00,4,90,0.0,0.0,0.0,1.3904,28.119,6.0,0,20.930674694283653,,0.0,0.0,0.0,0.0,41.92131446509431,optimal
2021-02-12 17:30:00,4,90,0.0,0.0,0.0,1.121233333333333,30.156,6.0,0,20.744906553098502,,0.0,0.0,0.0,0.0,41.58680881391363,optimal
2021-02-12 18:00:00,4,90,0.0,0.0,0.0,1.3510666666666666,29.1585,6.0,0,20.57648293973627,,0.0,0.0,0.0,0.0,41.252637668384125,optimal
2021-02-12 18:30:00,4,90,0.0,0.0,0.0,1.1565333333333334,26.712,6.0,0,20.39461076363678,,0.0,0.0,0.0,0.0,40.91880069400015,optimal
2021-02-12 19:00:00,4,90,0.0,0.0,0.0,0.1176,15.435,6.0,0,20.218662469029603,,0.0,0.0,0.0,0.0,40.585297556590554,optimal
2021-02-12 19:30:00,4,90,0.6158231580136955,0.0,0.0,0.146,13.566,6.0,0,20.04448341683094,,1539.5578950342385,0.0,0.0,0.0,40.25212792231837,optimal
2021-02-12 20:00:00,4,90,0.8077924840411604,0.0,0.0,0.2672,12.789,6.0,0,20.0,,2019.4812101029013,0.0,0.0,0.0,39.919291457680465,optimal
2021-02-12 20:30:00,4,90,0.0,0.0,0.0,0.0876,12.1275,6.0,0,20.0,,0.0,0.0,0.0,0.0,39.87937216622279,optimal
2021-02-12 21:00:00,4,90,0.0,0.0,0.0,0.184,13.671,6.0,0,19.800500987317154,,0.0,0.0,0.0,0.0,39.83949279405656,optimal
2021-02-12 21:30:00,4,90,2.8,0.0,0.0,0.1794,10.668,6.0,0,19.60498726843531,,0.0,0.0,7000.0,0.0,39.7996533012625,optimal
2021-02-12 22:00:00,4,90,0.0,0.0,0.0,0.14833333333333334,11.7285,6.0,0,19.42480728805505,,0.0,0.0,0.0,0.0,39.759853647961236,optimal
2021-02-12 22:30:00,4,90,0.781466666666666,0.0,0.0,0.5051,11.025,6.0,0,19.244711686235195,,0.0,0.0,1953.6666666666652,0.0,39.72009379431328,optimal
2021-02-12 23:00:00,4,90,0.05573333333333333,0.0,0.0,0.2522,10.689,6.0,0,19.09589554727049,,0.0,0.0,139.33333333333331,0.0,39.68037370051896,optimal
2021-02-12 23:30:00,4,90,0.0,0.0,0.0,0.15413333333333332,8.1585,6.0,0,18.918807073237918,,0.0,0.0,0.0,0.0,39.64069332681844,optimal
2021-02-13 00:00:00,4,90,2.8,0.0,0.0,0.105,8.2005,6.0,3,18.918807073237918,,6721.333333333333,0.0,278.66666666666663,0.0,39.601052633491626,optimal
2021-02-13 00:30:00,4,90,0.0,0.0,0.0,0.3095333333333334,9.5655,6.0,3,19.330417994862337,,0.0,0.0,0.0,0.0,39.56145158085813,optimal
2021-02-13 01:00:00,4,90,2.8,0.0,5.0,0.08220000000000001,7.056,6.0,3,19.126635890513192,,0.0,0.0,7000.0,0.0,41.896890129277274,optimal
2021-02-13 01:30:00,4,90,0.0,0.0,0.0,0.16119999999999998,9.3975,6.0,3,18.881961241436098,,0.0,0.0,0.0,0.0,41.854993239147994,optimal
2021-02-13 02:00:00,4,90,0.0,0.0,0.0,0.07213333333333334,10.059,6.0,3,18.6488366966286,,0.0,0.0,0.0,0.0,41.813138245908846,optimal
2021-02-13 02:30:00,4,90,1.4224,0.0,0.0,0.1536,9.261,6.0,3,18.411494549877396,,0.0,0.0,3556.0,0.0,41.77132510766294,optimal
2021-02-13 03:00:00,4,90,2.8,0.0,0.0,0.14333333333333334,8.1585,6.0,3,18.185111197651707,,0.0,0.0,7000.0,0.0,41.72955378255528,optimal
2021-02-13 03:30:00,4,90,0.0,0.0,0.0,0.1278,9.4815,6.0,3,17.96101379024378,,0.0,0.0,0.0,0.0,41.687824228772726,optimal
2021-02-13 04:00:00,4,90,2.8,0.0,0.0,0.1267333333333333,8.379,6.0,3,17.73796529998312,,7000.0,0.0,0.0,0.0,41.64613640454395,optimal
2021-02-13 04:30:00,4,90,0.0936113927252071,0.0,0.0,0.1034,9.5235,6.0,3,18.167137919743993,,234.02848181301778,0.0,0.0,0.0,41.60449026813941,optimal
2021-02-13 05:00:00,4,90,2.8,0.0,3.830539567478297,0.061,8.1375,6.0,3,17.958454909501516,,7000.0,0.0,0.0,0.0,43.38239207242345,optimal
2021-02-13 05:30:00,4,90,0.0,0.0,0.0,0.061,10.0905,6.0,3,18.37550889810835,,0.0,0.0,0.0,0.0,43.339009680351026,optimal
2021-02-13 06:00:00,4,90,2.8,0.0,5.0,0.2359333333333333,7.539,6.0,3,18.135320788058202,,7000.0,0.0,0.0,0.0,45.670670670670674,optimal
2021-02-13 06:30:00,4,90,2.8,0.0,5.0,0.8937,7.938,6.0,3,18.56322256762113,,7000.0,0.0,0.0,0.0,48.0,optimal
2021-02-13 07:00:00,4,90,2.8,0.0,0.0,3.720533333333333,8.274,6.0,3,19.021282559231825,,7000.0,0.0,0.0,0.0,47.90287731765313,optimal
2021-02-13 07:30:00,4,90,2.8,0.0,0.0,0.2581,9.261,6.0,3,19.56631125455558,,7000.0,0.0,0.0,0.0,47.805851757988606,optimal
2021-02-13 08:00:00,4,90,2.8,0.0,0.0,1.6954666666666667,9.9225,6.0,3,20.0,,7000.0,0.0,0.0,0.0,47.70892322388375,optimal
2021-02-13 08:30:00,4,90,2.8,0.0,0.0,1.1041666666666667,9.702,6.0,3,20.515740304751798,,7000.0,0.0,0.0,0.0,47.612091618312995,optimal
2021-02-13 09:00:00,4,90,0.0,0.0,0.0,0.8524333333333333,10.584,6.0,3,20.944463652457472,,0.0,0.0,0.0,0.0,47.515356844347814,optimal
2021-02-13 09:30:00,4,90,2.8,0.0,0.0,1.1233333333333333,10.143,6.0,3,20.730116276773717,,7000.0,0.0,0.0,0.0,47.418718805156594,optimal
2021-02-13 10:00:00,4,90,0.0,0.0,0.0,0.4333,13.0095,6.0,3,21.15780094491302,,0.0,0.0,0.0,0.0,47.32217740400457,optimal
2021-02-13 10:30:00,4,90,2.2249181288216704,0.0,0.0,0.23146666666666668,11.025,6.0,3,20.97891852503567,,5562.295322054176,0.0,0.0,0.0,47.225732544253695,optimal
2021-02-13 11:00:00,4,90,0.0,0.0,0.0,0.4231333333333333,12.789,6.0,3,21.28460983922321,,0.0,0.0,0.0,0.0,47.12938412936257,optimal
2021-02-13 11:30:00,4,90,0.0,0.0,0.0,0.38206666666666667,12.1275,6.0,3,21.116468260789,,0.0,0.0,0.0,0.0,47.03313206288634,optimal
2021-02-13 12:00:00,4,90,0.0,0.0,0.0,1.8032333333333328,12.1695,6.0,3,20.94108991278566,,0.0,0.0,0.0,0.0,46.93697624847658,optimal
2021-02-13 12:30:00,4,90,0.0,0.0,0.0,0.40686666666666665,12.306,6.0,3,20.805442068884318,,0.0,0.0,0.0,0.0,46.84091658988124,optimal
2021-02-13 13:00:00,4,90,0.0,0.0,0.0,0.38589999999999997,13.23,6.0,3,20.64699691313177,,0.0,0.0,0.0,0.0,46.74495299094449,optimal
2021-02-13 13:30:00,4,90,0.0,0.0,0.0,0.2848,13.671,6.0,3,20.496527570006002,,0.0,0.0,0.0,0.0,46.64908535560668,optimal
2021-02-13 14:00:00,4,90,0.0,0.0,0.0,0.3867,13.9335,6.0,3,20.33762720354135,,0.0,0.0,0.0,0.0,46.553313587904206,optimal
2021-02-13 14:30:00,4,90,0.0,0.0,0.0,0.22596666666666668,13.293,6.0,3,20.16655751880987,,0.0,0.0,0.0,0.0,46.45763759196943,optimal
2021-02-13 15:00:00,4,90,0.7584574132595947,0.0,0.0,0.32796666666666663,12.1065,6.0,3,20.0,,1896.1435331489868,0.0,0.0,0.0,46.36205727203059,optimal
2021-02-13 15:30:00,4,90,0.689608921311824,0.0,0.0,0.4098,11.571,6.0,3,20.0,,1724.02230327956,0.0,0.0,0.0,46.26657253241169,optimal
2021-02-13 16:00:00,4,90,1.1432386511124626,0.0,0.0,0.4078333333333333,11.025,6.0,3,20.0,,2858.0966277811563,0.0,0.0,0.0,46.171183277532414,optimal
2021-02-13 16:30:00,4,90,2.8,0.0,0.0,0.25626666666666664,10.8465,6.0,3,20.07149618025603,,7000.0,0.0,0.0,0.0,46.075889411908015,optimal
2021-02-13 17:00:00,4,90,2.8,0.0,0.0,0.3615333333333334,11.2455,6.0,3,20.52357060583846,,7000.0,0.0,0.0,0.0,45.98069084014924,optimal
2021-02-13 17:30:00,4,90,0.0,0.0,0.0,1.1073,23.8665,6.0,3,20.987069285376315,,0.0,0.0,0.0,0.0,45.88558746696222,optimal
2021-02-13 18:00:00,4,90,0.0,0.0,0.0,2.3534,27.4575,6.0,3,20.831648591927703,,0.0,0.0,0.0,0.0,45.79057919714839,optimal
2021-02-13 18:30:00,4,90,0.0,0.0,0.0,1.1991333333333334,27.3735,6.0,3,20.66929559440941,,0.0,0.0,0.0,0.0,45.744788617951244,optimal
2021-02-13 19:00:00,4,90,0.0,0.0,0.0,0.5493666666666667,30.4605,6.0,3,20.502974149459384,,0.0,0.0,0.0,0.0,45.69904382933329,optimal
2021-02-13 19:30:00,4,90,0.0,0.0,0.0,0.7953666666666667,30.0195,6.0,3,20.331696025516887,,0.0,0.0,0.0,0.0,45.65334478550396,optimal
2021-02-13 20:00:00,4,90,0.0,0.0,0.0,2.0965,26.9325,6.0,3,20.158074018011458,,0.0,0.0,0.0,0.0,45.607691440718455,optimal
2021-02-13 20:30:00,4,90,0.0,0.0,0.0,0.9886666666666666,14.595,6.0,3,20.0,,0.0,0.0,0.0,0.0,45.56208374927773,optimal
2021-02-13 21:00:00,4,90,0.0,0.0,0.0,0.28946666666666665,12.4845,6.0,3,19.83380254570779,,0.0,0.0,0.0,0.0,45.51652166552846,optimal
2021-02-13 21:30:00,4,90,0.0,0.0,0.0,0.7835666666666667,12.1275,6.0,3,19.6439025992861,,0.0,0.0,0.0,0.0,45.47100514386293,optimal
2021-02-13 22:00:00,4,90,0.0,0.0,0.0,1.0418,12.1275,6.0,3,19.470647470224247,,0.0,0.0,0.0,0.0,45.42553413871907,optimal
2021-02-13 22:30:00,4,90,0.0,0.0,0.0,0.4656,12.789,6.0,3,19.28566694326211,,0.0,0.0,0.0,0.0,45.38010860458035,optimal
2021-02-13 23:00:00,4,90,0.0,0.0,0.0,0.5329333333333333,11.907,6.0,3,19.093558130745294,,0.0,0.0,0.0,0.0,45.33472849597577,optimal
2021-02-13 23:30:00,4,90,0.0,0.0,0.0,0.5347666666666666,11.025,6.0,3,18.918182564175364,,0.0,0.0,0.0,0.0,45.289393767479794,optimal
2021-02-07 00:00:00,5,90,0.0,0.0,0.0,0.058,10.3635,6.0,-1,21.0,,0.0,0.0,0.0,0.0,47.952,optimal
2021-02-07 00:30:00,5,90,0.0,0.0,0.0,0.2255,8.274,6.0,-1,20.796426061465162,,0.0,0.0,0.0,0.0,47.904047999999996,optimal
2021-02-07 01:00:00,5,90,0.0,0.0,0.0,0.37506666666666666,7.7175,6.0,-1,20.62591027760368,,0.0,0.0,0.0,0.0,47.856143952,optimal
2021-02-07 01:30:00,5,90,0.0,0.0,0.0,0.457,6.615,6.0,-1,20.45782998278711,,0.0,0.0,0.0,0.0,47.80828780804799,optimal
2021-02-07 02:00:00,5,90,0.0,0.0,0.0,0.3558,6.174,6.0,-1,20.310309395662152,,0.0,0.0,0.0,0.0,47.76047952023995,optimal
2021-02-07 02:30:00,5,90,2.8,0.0,0.0,1.1968666666666665,3.906,6.0,-1,20.163602349138674,,0.0,0.0,7000.0,0.0,47.712719040719705,optimal
2021-02-07 03:00:00,5,90,2.8,0.0,0.0,0.3282,2.3415,6.0,-1,20.01937200163161,,5570.333333333333,0.0,1429.6666666666667,0.0,47.66500632167899,optimal
2021-02-07 03:30:00,5,90,2.8,0.0,0.0,0.2119333333333333,2.205,6.0,-1,20.383468670263674,,7000.0,0.0,0.0,0.0,47.61734131535731,optimal
2021-02-07 04:00:00,5,90,2.8,0.0,1.2096094877454198,0.197,0.882,6.0,-1,20.85972030678558,,7000.0,0.0,0.0,0.0,48.144288480721016,optimal
2021-02-07 04:30:00,5,90,2.8,0.0,0.0,0.19733333333333328,1.5435,6.0,-1,21.33274378535541,,4283.0,0.0,2717.0,0.0,48.096144192240295,optimal
2021-02-07 05:00:00,5,90,2.8,0.0,0.0,0.207,1.5435,6.0,-1,21.556694097924655,,7000.0,0.0,0.0,0.0,48.048048048048045,optimal
2021-02-07 05:30:00,5,90,1.7563597553818895,0.0,0.0,0.3859333333333333,5.0715,6.0,-1,22.01601963567909,,3972.899388454724,0.0,418.0,0.0,48.0,optimal
2021-02-07 06:00:00,5,90,0.0,0.0,0.0,0.3658333333333333,5.376,6.0,-1,22.203992612713048,,0.0,0.0,0.0,0.0,47.68077875254655,optimal
2021-02-07 06:30:00,5,90,2.8,0.0,0.0,0.11753333333333332,5.0715,6.0,-1,21.996778939458846,,7000.0,0.0,0.0,0.0,47.36187672634056,optimal
2021-02-07 07:00:00,5,90,0.0,0.0,0.0,0.2137,5.5125,6.0,-1,22.422128235641203,,0.0,0.0,0.0,0.0,47.04329360216077,optimal
2021-02-07 07:30:00,5,90,0.0,0.0,0.0,1.4784666666666666,9.261,6.0,-1,22.195844600761635,,0.0,0.0,0.0,0.0,46.72502906110517,optimal
2021-02-07 08:00:00,5,90,0.0,0.0,0.0,0.172,11.7075,6.0,-1,22.0,,0.0,0.0,0.0,0.0,46.407082784590614,optimal
2021-02-07 08:30:00,5,90,0.0,0.0,0.0,0.16633333333333333,12.348,6.0,-1,21.75037295891949,,0.0,0.0,0.0,0.0,46.08945445435258,optimal
2021-02-07 09:00:00,5,90,0.0,0.0,0.0,0.14959999999999998,12.348,6.0,-1,21.511105677532885,,0.0,0.0,0.0,0.0,45.77214375244478,optimal
2021-02-07 09:30:00,5,90,0.0,0.0,0.0,0.1731,12.1275,6.0,-1,21.27433773078014,,0.0,0.0,0.0,0.0,45.455150361238886,optimal
2021-02-07 10:00:00,5,90,0.0,0.0,0.0,0.0724,12.5265,6.0,-1,21.04153602813553,,0.0,0.0,0.0,0.0,45.1384739634242,optimal
2021-02-07 10:30:00,5,90,2.8,0.0,0.0,3.4493,11.7495,6.0,-1,20.835994831023342,,7000.0,0.0,0.0,0.0,44.82211424200732,optimal
2021-02-07 11:00:00,5,90,0.0,0.0,0.0,1.4949333333333334,13.23,6.0,-1,21.382198292346235,,0.0,0.0,0.0,0.0,44.50607088031187,optimal
2021-02-07 11:30:00,5,90,0.0,0.0,0.0,0.6706,14.3325,6.0,-1,21.19628242018142,,0.0,0.0,0.0,0.0,44.19034356197811,optimal
2021-02-07 12:00:00,5,90,0.0,0.0,0.0,0.2894,14.994,6.0,-1,21.010679730822062,,0.0,0.0,0.0,0.0,43.874931970962685,optimal
2021-02-07 12:30:00,5,90,0.0,0.0,0.0,0.30856666666666666,14.8155,6.0,-1,20.835109459791006,,0.0,0.0,0.0,0.0,43.559835791538276,optimal
2021-02-07 13:00:00,5,90,0.0,0.0,0.0,0.054666666666666655,14.112,6.0,-1,20.648340121064592,,0.0,0.0,0.0,0.0,43.24505470829329,optimal
2021-02-07 13:30:00,5,90,0.0,0.0,0.0,0.056,14.007,6.0,-1,20.441885486935313,,0.0,0.0,0.0,0.0,42.93058840613155,optimal
2021-02-07 14:00:00,5,90,2.3520495931085343,0.0,0.0,0.056,13.23,6.0,-1,20.213910958000536,,5880.123982771336,0.0,0.0,0.0,42.61643657027197,optimal
2021-02-07 14:30:00,5,90,2.8,0.0,0.0,0.056,11.382,6.0,-1,20.540081538468673,,7000.0,0.0,0.0,0.0,42.302598886248255,optimal
2021-02-07 15:00:00,5,90,2.8,0.0,0.0,0.056,11.7495,6.0,-1,20.96626428354031,,7000.0,0.0,0.0,0.0,41.98907503990856,optimal
2021-02-07 15:30:00,5,90,0.0,0.0,0.0,0.056,24.3285,6.0,-1,21.397288177992124,,0.0,0.0,0.0,0.0,41.67586471741521,optimal
2021-02-07 16:00:00,5,90,0.0,0.0,0.0,0.056,28.917,6.0,-1,21.170154704630736,,0.0,0.0,0.0,0.0,41.36296760524435,optimal
2021-02-07 16:30:00,5,90,0.0,0.0,0.0,0.054666666666666655,31.3635,6.0,-1,20.92070972927802,,0.0,0.0,0.0,0.0,41.05038339018566,optimal
2021-02-07 17:00:00,5,90,0.0,0.0,0.0,0.294,33.306,6.0,-1,20.690217066959427,,0.0,0.0,0.0,0.0,40.738111759342026,optimal
2021-02-07 17:30:00,5,90,0.0,0.0,0.0,0.3909666666666666,31.3425,6.0,-1,20.51054411597578,,0.0,0.0,0.0,0.0,40.42615240012924,optimal
2021-02-07 18:00:00,5,90,0.0,0.0,0.0,0.4329333333333333,28.2555,6.0,-1,20.34177958737251,,0.0,0.0,0.0,0.0,40.11450500027566,optimal
2021-02-07 18:30:00,5,90,0.0,0.0,0.0,0.373,15.6975,6.0,-1,20.164777274234783,,0.0,0.0,0.0,0.0,39.80316924782194,optimal
2021-02-07 19:00:00,5,90,0.7306726402253692,0.0,0.0,0.3823333333333333,12.5475,6.0,-1,20.0,,1826.681600563423,0.0,0.0,0.0,39.492144831120676,optimal
2021-02-07 19:30:00,5,90,0.6399926402253697,0.0,0.0,0.5739,12.0855,6.0,-1,20.0,,1599.9816005634243,0.0,0.0,0.0,39.18143143883611,optimal
2021-02-07 20:00:00,5,90,0.6139659735586881,0.0,0.0,0.5473,11.907,6.0,-1,20.0,,1534.9149338967204,0.0,0.0,0.0,38.871028759943826,optimal
2021-02-07 20:30:00,5,90,0.0,0.0,0.0,0.3903333333333333,12.5685,6.0,-1,20.0,,0.0,0.0,0.0,0.0,38.832157731183884,optimal
2021-02-07 21:00:00,5,90,0.0,0.0,0.0,0.4934666666666666,13.146,6.0,-1,19.846009173105344,,0.0,0.0,0.0,0.0,38.7933255734527,optimal
2021-02-07 21:30:00,5,90,0.0,0.0,0.0,0.3286,10.584,6.0,-1,19.72332113552772,,0.0,0.0,0.0,0.0,38.75453224787925,optimal
2021-02-07 22:00:00,5,90,0.0,0.0,0.0,0.347,6.678,6.0,-1,19.57533022064263,,0.0,0.0,0.0,0.0,38.71577771563137,optimal
2021-02-07 22:30:00,5,90,0.0,0.0,0.0,0.5282666666666667,7.938,6.0,-1,19.399631977622022,,0.0,0.0,0.0,0.0,38.67706193791574,optimal
2021-02-07 23:00:00,5,90,0.0,0.0,0.0,0.1352,5.292,6.0,-1,19.264348980113112,,0.0,0.0,0.0,0.0,38.63838487597782,optimal
2021-02-07 23:30:00,5,90,0.0,0.0,0.0,0.26443333333333335,9.261,6.0,-1,19.094864059897503,,0.0,0.0,0.0,0.0,38.59974649110184,optimal
2021-02-08 00:00:00,5,90,2.8,0.0,1.344129576553368,0.11259999999999999,6.7725,6.0,-4,19.094864059897503,,7000.0,0.0,0.0,0.0,39.19960829347358,optimal
2021-02-08 00:30:00,5,90,2.8,0.0,5.0,0.055,5.5755,6.0,-4,19.527698624519292,,0.0,0.0,7000.0,0.0,41.5354086851801,optimal
2021-02-08 01:00:00,5,90,2.8,0.0,5.0,0.19326666666666667,5.0925,6.0,-4,19.29914879653733,,2296.0,0.0,4704.0,0.0,43.86887327649492,optimal
2021-02-08 01:30:00,5,90,2.8,0.0,5.0,0.13566666666666666,4.1895,6.0,-4,19.29985387976569,,7000.0,0.0,0.0,0.0,46.200004403218415,optimal
2021-02-08 02:00:00,5,90,2.8,0.0,0.0,0.11259999999999999,7.056,6.0,-4,19.731181490229176,,7000.0,0.0,0.0,0.0,46.15380439881519,optimal
2021-02-08 02:30:00,5,90,2.8,0.0,5.0,0.2163333333333333,5.271,6.0,-4,20.15348096613596,,7000.0,0.0,0.0,0.0,48.48265059441637,optimal
2021-02-08 03:00:00,5,90,2.8,0.0,0.0,0.09340000000000001,7.938,6.0,-4,20.580083724459463,,7000.0,0.0,0.0,0.0,48.434167943821954,optimal
2021-02-08 03:30:00,5,90,2.8,0.0,0.0,0.0742,7.938,6.0,-4,20.989885620912062,,7000.0,0.0,0.0,0.0,48.38573377587813,optimal
2021-02-08 04:00:00,5,90,0.0,0.0,0.0,0.27073333333333327,11.907,6.0,-4,21.391326330151866,,0.0,0.0,0.0,0.0,48.33734804210225,optimal
2021-02-08 04:30:00,5,90,2.8,0.0,0.0,0.0582,11.025,6.0,-4,21.154708872201763,,7000.0,0.0,0.0,0.0,48.289010694060146,optimal
2021-02-08 05:00:00,5,90,2.8,0.0,0.0,0.143,11.2875,6.0,-4,21.550159792535275,,7000.0,0.0,0.0,0.0,48.240721683366075,optimal
2021-02-08 05:30:00,5,90,0.0,0.0,0.0,0.17313333333333333,12.936,6.0,-4,21.9463942942073,,0.0,0.0,0.0,0.0,48.192480961682705,optimal
2021-02-08 06:00:00,5,90,0.0,0.0,0.0,0.0678,13.0095,6.0,-4,21.689197393382344,,0.0,0.0,0.0,0.0,48.144288480721016,optimal
2021-02-08 06:30:00,5,90,0.0,0.0,0.0,0.071,13.671,6.0,-4,21.42518641831531,,0.0,0.0,0.0,0.0,48.096144192240295,optimal
2021-02-08 07:00:00,5,90,0.0,0.0,0.0,0.10493333333333334,13.188,6.0,-4,21.164534542904477,,0.0,0.0,0.0,0.0,48.048048048048045,optimal
2021-02-08 07:30:00,5,90,0.0,0.0,0.0,0.23906666666666662,13.8495,6.0,-4,20.909273207201185,,0.0,0.0,0.0,0.0,48.0,optimal
2021-02-08 08:00:00,5,90,0.0,0.0,0.0,1.1017666666666668,13.23,6.0,-4,20.69491058093757,,0.0,0.0,0.0,0.0,47.69894436866413,optimal
2021-02-08 08:30:00,5,90,0.0,0.0,0.0,0.11346666666666669,13.3665,6.0,-4,20.51945991294843,,0.0,0.0,0.0,0.0,47.3981897929596,optimal
2021-02-08 09:00:00,5,90,2.8,0.0,0.0,0.21166666666666664,13.0515,6.0,-4,20.267347299400708,,7000.0,0.0,0.0,0.0,47.09773597183077,optimal
2021-02-08 09:30:00,5,90,1.0366802133271484,0.0,0.0,0.13726666666666668,13.5345,6.0,-4,20.670147573363714,,2591.7005333178713,0.0,0.0,0.0,46.79758260452307,optimal
2021-02-08 10:00:00,5,90,0.0,0.0,0.0,0.10166666666666668,14.154,6.0,-4,20.65317994364309,,0.0,0.0,0.0,0.0,46.49772939058268,optimal
2021-02-08 10:30:00,5,90,0.0,0.0,0.0,0.2472666666666667,14.112,6.0,-4,20.420749549597964,,0.0,0.0,0.0,0.0,46.19817602985623,optimal
2021-02-08 11:00:00,5,90,0.0,0.0,0.0,0.065,14.2485,6.0,-4,20.203015312973715,,0.0,0.0,0.0,0.0,45.898922222490505,optimal
2021-02-08 11:30:00,5,90,1.5950639710772962,0.0,0.0,0.22633333333333328,12.789,6.0,-4,20.0,,3987.6599276932407,0.0,0.0,0.0,45.599967668932145,optimal
2021-02-08 12:00:00,5,90,0.0,0.0,0.0,0.1066,13.0095,6.0,-4,20.18649148091494,,0.0,0.0,0.0,0.0,45.30131206992734,optimal
2021-02-08 12:30:00,5,90,2.2553045633595215,0.0,0.0,0.2844333333333333,12.1275,6.0,-4,20.0,,5638.261408398804,0.0,0.0,0.0,45.00295512652155,optimal
2021-02-08 13:00:00,5,90,0.0,0.0,0.0,0.16353333333333334,12.348,6.0,-4,20.369372353895205,,0.0,0.0,0.0,0.0,44.70489654005916,optimal
2021-02-08 13:30:00,5,90,2.8,0.0,0.0,0.1303,12.348,6.0,-4,20.25410425052042,,7000.0,0.0,0.0,0.0,44.40713601218323,optimal
2021-02-08 14:00:00,5,90,0.0,0.0,0.0,0.1768,25.389,6.0,-4,20.81604286238398,,0.0,0.0,0.0,0.0,44.10967324483518,optimal
2021-02-08 14:30:00,5,90,0.0,0.0,0.0,0.4171,29.1375,6.0,-4,20.715042344901697,,0.0,0.0,0.0,0.0,43.81250794025448,optimal
2021-02-08 15:00:00,5,90,0.0,0.0,0.0,0.33553333333333335,30.597,6.0,-4,20.615410970129037,,0.0,0.0,0.0,0.0,43.515639800978356,optimal
2021-02-08 15:30:00,5,90,0.0,0.0,0.0,0.259,33.684,6.0,-4,20.456909910479187,,0.0,0.0,0.0,0.0,43.21906852984151,optimal
2021-02-08 16:00:00,5,90,0.0,0.0,0.0,0.3883333333333333,32.445,6.0,-4,20.32097401561164,,0.0,0.0,0.0,0.0,42.922793829975795,optimal
2021-02-08 16:30:00,5,90,0.0,0.0,0.0,0.7698666666666667,28.917,6.0,-4,20.17458710915949,,0.0,0.0,0.0,0.0,42.62681540480995,optimal
2021-02-08 17:00:00,5,90,0.0,0.0,0.0,1.0501666666666667,15.876,6.0,-4,20.076317434161645,,0.0,0.0,0.0,0.0,42.331132958069276,optimal
2021-02-08 17:30:00,5,90,0.5810290150801718,0.0,0.0,0.5714,12.348,6.0,-4,20.0,,1452.5725377004294,0.0,0.0,0.0,42.03574619377534,optimal
2021-02-08 18:00:00,5,90,1.315855724771409,0.0,0.0,0.3831,12.1275,6.0,-4,20.0,,3289.6393119285226,0.0,0.0,0.0,41.740654816245694,optimal
2021-02-08 18:30:00,5,90,0.0,0.0,0.0,0.5993666666666667,12.348,6.0,-4,20.146367730525554,,0.0,0.0,0.0,0.0,41.44585853009358,optimal
2021-02-08 19:00:00,5,90,0.722979228799931,0.0,0.0,0.3659,12.1275,6.0,-4,20.0,,1807.4480719998278,0.0,0.0,0.0,41.151357040227616,optimal
2021-02-08 19:30:00,5,90,0.7209198242116055,0.0,0.0,0.2559,12.1275,6.0,-4,20.0,,1802.2995605290137,0.0,0.0,0.0,40.85715005185152,optimal
2021-02-08 20:00:00,5,90,0.6776470862899662,0.0,0.0,0.2884,11.2665,6.0,-4,20.0,,1694.1177157249156,0.0,0.0,0.0,40.81629290179967,optimal
2021-02-08 20:30:00,5,90,0.19506666666666667,0.0,0.0,0.4251333333333333,10.143,6.0,-4,20.0,,0.0,0.0,487.6666666666667,0.0,40.77547660889787,optimal
2021-02-08 21:00:00,5,90,0.0,0.0,0.0,0.1212,11.2455,6.0,-4,19.88933495530115,,0.0,0.0,0.0,0.0,40.73470113228897,optimal
2021-02-08 21:30:00,5,90,0.0,0.0,0.0,0.5185333333333333,11.025,6.0,-4,19.72867309958475,,0.0,0.0,0.0,0.0,40.69396643115668,optimal
2021-02-08 22:00:00,5,90,0.027866666666666665,0.0,0.0,0.267,5.9745,6.0,-4,19.58774913409771,,0.0,0.0,69.66666666666666,0.0,40.653272464725525,optimal
2021-02-08 22:30:00,5,90,0.0,0.0,0.0,0.3723666666666667,7.938,6.0,-4,19.439593718182977,,0.0,0.0,0.0,0.0,40.6126191922608,optimal
2021-02-08 23:00:00,5,90,0.0,0.0,0.0,0.3986,8.6835,6.0,-4,19.278036764924455,,0.0,0.0,0.0,0.0,40.57200657306854,optimal
2021-02-08 23:30:00,5,90,0.0,0.0,0.0,0.152,7.665,6.0,-4,19.108323952045456,,0.0,0.0,0.0,0.0,40.53143456649547,optimal
2021-02-09 00:00:00,5,90,0.0,0.0,0.0,0.058,11.7705,6.0,-4,19.108323952045456,,0.0,0.0,0.0,0.0,40.490903131928974,optimal
2021-02-09 00:30:00,5,90,2.8,0.0,5.0,0.18706666666666663,11.13,6.0,-4,18.873296618966876,,0.0,0.0,7000.0,0.0,42.82541222879704,optimal
2021-02-09 01:00:00,5,90,2.8,0.0,0.0,0.1345,11.6865,6.0,-4,18.654329291410253,,5013.0,0.0,1987.0,0.0,42.78258681656825,optimal
2021-02-09 01:30:00,5,90,2.8,0.0,5.0,0.15976666666666667,10.7205,6.0,-4,18.899711550821593,,7000.0,0.0,0.0,0.0,45.11480422975168,optimal
2021-02-09 02:00:00,5,90,2.8,0.0,0.0,0.1108,11.424,6.0,-4,19.326960689978346,,7000.0,0.0,0.0,0.0,45.06968942552192,optimal
2021-02-09 02:30:00,5,90,2.8,0.0,5.0,0.08146666666666667,10.689,6.0,-4,19.74212023464416,,7000.0,0.0,0.0,0.0,47.3996197360964,optimal
2021-02-09 03:00:00,5,90,2.8,0.0,2.379853638012794,0.21459999999999999,11.361,6.0,-4,20.149331989906756,,7000.0,0.0,0.0,0.0,48.48265059441637,optimal
2021-02-09 03:30:00,5,90,2.8,0.0,0.0,0.109,11.571,6.0,-4,20.563792245397117,,7000.0,0.0,0.0,0.0,48.434167943821954,optimal
2021-02-09 04:00:00,5,90,0.0,0.0,0.0,0.18706666666666663,14.3745,6.0,-4,20.963949900033064,,0.0,0.0,0.0,0.0,48.38573377587813,optimal
2021-02-09 04:30:00,5,90,2.8,0.0,0.0,0.058,13.23,6.0,-4,20.71721607715948,,7000.0,0.0,0.0,0.0,48.33734804210225,optimal
2021-02-09 05:00:00,5,90,0.0,0.0,0.0,0.27146666666666663,13.9755,6.0,-4,21.110443993913385,,0.0,0.0,0.0,0.0,48.289010694060146,optimal
2021-02-09 05:30:00,5,90,0.0,0.0,0.0,0.0756,14.994,6.0,-4,20.866587864157452,,0.0,0.0,0.0,0.0,48.240721683366075,optimal
2021-02-09 06:00:00,5,90,2.8,0.0,0.0,0.058,13.671,6.0,-4,20.60803752186872,,7000.0,0.0,0.0,0.0,48.192480961682705,optimal
2021-02-09 06:30:00,5,90,0.0,0.0,0.0,0.28906666666666664,15.981,6.0,-4,21.001396763633114,,0.0,0.0,0.0,0.0,48.144288480721016,optimal
2021-02-09 07:00:00,5,90,0.0,0.0,0.0,0.058,15.6345,6.0,-4,20.76001936429616,,0.0,0.0,0.0,0.0,48.096144192240295,optimal
2021-02-09 07:30:00,5,90,0.0,0.0,0.0,0.17106666666666667,16.5375,6.0,-4,20.499929108883364,,0.0,0.0,0.0,0.0,48.048048048048045,optimal
2021-02-09 08:00:00,5,90,0.7497012506072636,0.0,0.0,0.19066666666666662,14.7735,6.0,-4,20.254575457644087,,1874.2531265181588,0.0,0.0,0.0,48.0,optimal
2021-02-09 08:30:00,5,90,0.0,0.0,0.0,0.06883333333333333,15.2145,6.0,-4,20.217670868365904,,0.0,0.0,0.0,0.0,47.391302813796514,optimal
2021-02-09 09:00:00,5,90,0.7681802071481418,0.0,0.0,0.3639666666666666,14.553,6.0,-4,20.0,,1920.4505178703544,0.0,0.0,0.0,46.78321432477923,optimal
2021-02-09 09:30:00,5,90,1.8962754823337165,0.0,0.0,0.4201333333333333,14.3325,6.0,-4,20.0,,4740.688705834291,0.0,0.0,0.0,46.17573392425097,optimal
2021-02-09 10:00:00,5,90,0.0,0.0,0.0,0.4418,14.595,6.0,-4,20.276670343381355,,0.0,0.0,0.0,0.0,45.568861004123235,optimal
2021-02-09 10:30:00,5,90,0.0,0.0,0.0,0.3718,14.994,6.0,-4,20.14518351703252,,0.0,0.0,0.0,0.0,44.96259495691563,optimal
2021-02-09 11:00:00,5,90,0.47154577082429555,0.0,0.0,0.44439999999999996,14.3325,6.0,-4,20.0,,1178.864427060739,0.0,0.0,0.0,44.35693517575523,optimal
2021-02-09 11:30:00,5,90,0.42003668346484335,0.0,0.0,0.5650666666666667,13.8915,6.0,-4,20.0,,1050.0917086621084,0.0,0.0,0.0,43.75188105437599,optimal
2021-02-09 12:00:00,5,90,0.3682976629496372,0.0,0.0,0.4564,13.8915,6.0,-4,20.0,,920.744157374093,0.0,0.0,0.0,43.14743198711813,optimal
2021-02-09 12:30:00,5,90,2.6794917856619573,0.0,0.0,0.5951000000000001,13.4715,6.0,-4,20.0,,6698.729464154893,0.0,0.0,0.0,42.54358736892753,optimal
2021-02-09 13:00:00,5,90,2.8,0.0,0.0,0.28733333333333333,13.23,6.0,-4,20.558393713491313,,7000.0,0.0,0.0,0.0,41.94034659535512,optimal
2021-02-09 13:30:00,5,90,0.0,0.0,0.0,0.2521,13.8915,6.0,-4,21.103828149586597,,0.0,0.0,0.0,0.0,41.337709062556286,optimal
2021-02-09 14:00:00,5,90,0.0,0.0,0.0,0.14736666666666667,26.9325,6.0,-4,20.996750726799334,,0.0,0.0,0.0,0.0,40.73567416729025,optimal
2021-02-09 14:30:00,5,90,0.0,0.0,0.0,0.5197333333333334,30.303,6.0,-4,20.875132764011394,,0.0,0.0,0.0,0.0,40.13424130691948,optimal
2021-02-09 15:00:00,5,90,0.0,0.0,0.0,0.4141666666666667,32.886,6.0,-4,20.784450896995622,,0.0,0.0,0.0,0.0,39.53340987940907,optimal
2021-02-09 15:30:00,5,90,0.0,0.0,0.0,0.3596333333333333,34.9965,6.0,-4,20.663937141059506,,0.0,0.0,0.0,0.0,38.933179283326176,optimal
2021-02-09 16:00:00,5,90,0.0,0.0,0.0,0.5699666666666667,33.327,6.0,-4,20.548625886513513,,0.0,0.0,0.0,0.0,38.333548917839366,optimal
2021-02-09 16:30:00,5,90,0.0,0.0,0.0,0.48243333333333327,31.122,6.0,-4,20.43735735372831,,0.0,0.0,0.0,0.0,37.73451818271804,optimal
2021-02-09 17:00:00,5,90,0.0,0.0,0.0,1.0496666666666667,17.9025,6.0,-4,20.306664982885444,,0.0,0.0,0.0,0.0,37.13608647833184,optimal
2021-02-09 17:30:00,5,90,0.0,0.0,0.0,1.4989000000000001,15.6555,6.0,-4,20.14998133115351,,0.0,0.0,0.0,0.0,36.53825320565002,optimal
2021-02-09 18:00:00,5,90,0.6414703874143659,0.0,0.0,0.7964,14.553,6.0,-4,20.0,,1603.6759685359148,0.0,0.0,0.0,35.94101776624089,optimal
2021-02-09 18:30:00,5,90,0.6833053000549127,0.0,0.0,0.35286666666666666,14.3325,6.0,-4,20.0,,1708.2632501372818,0.0,0.0,0.0,35.344379562271165,optimal
2021-02-09 19:00:00,5,90,0.6298495460287878,0.0,0.0,0.30519999999999997,13.335,6.0,-4,20.0,,1574.6238650719695,0.0,0.0,0.0,34.74833799650541,optimal
2021-02-09 19:30:00,5,90,0.5479028793621333,0.0,0.0,0.4111,12.1275,6.0,-4,20.0,,1369.7571984053334,0.0,0.0,0.0,34.71358965850891,optimal
2021-02-09 20:00:00,5,90,0.5494362126954584,0.0,0.0,0.4786,12.2955,6.0,-4,20.0,,1373.590531738646,0.0,0.0,0.0,34.6788760688504,optimal
2021-02-09 20:30:00,5,90,0.0836,0.0,0.0,0.3311,11.6865,6.0,-4,20.0,,0.0,0.0,209.0,0.0,34.64419719278155,optimal
2021-02-09 21:00:00,5,90,2.368666666666667,0.0,0.0,0.3989,11.466,6.0,-4,19.865147802602365,,0.0,0.0,5921.666666666667,0.0,34.609552995588764,optimal
2021-02-09 21:30:00,5,90,0.0,0.0,0.0,0.40243333333333325,10.8045,6.0,-4,19.74355596584595,,0.0,0.0,0.0,0.0,34.574943442593174,optimal
2021-02-09 22:00:00,5,90,0.027866666666666665,0.0,0.0,0.36823333333333336,10.584,6.0,-4,19.584991923439674,,0.0,0.0,69.66666666666666,0.0,34.54036849915058,optimal
2021-02-09 22:30:00,5,90,0.0,0.0,0.0,0.2092,11.2455,6.0,-4,19.40156550896987,,0.0,0.0,0.0,0.0,34.50582813065143,optimal
2021-02-09 23:00:00,5,90,0.0,0.0,0.0,0.3359,12.1275,6.0,-4,19.21325374417559,,0.0,0.0,0.0,0.0,34.471322302520775,optimal
2021-02-09 23:30:00,5,90,0.0,0.0,0.0,0.17466666666666666,11.823,6.0,-4,19.035766111201315,,0.0,0.0,0.0,0.0,34.43685098021825,optimal
2021-02-10 00:00:00,5,90,2.8,0.0,0.0,0.067,11.508,6.0,-3,19.035766111201315,,7000.0,0.0,0.0,0.0,34.40241412923803,optimal
2021-02-10 00:30:00,5,90,2.8,0.0,0.0,0.12266666666666669,11.844,6.0,-3,19.449028770546906,,5119.0,0.0,1881.0,0.0,34.36801171510879,optimal
2021-02-10 01:00:00,5,90,2.8,0.0,0.0,0.135,11.508,6.0,-3,19.686050166819925,,7000.0,0.0,0.0,0.0,34.33364370339368,optimal
2021-02-10 01:30:00,5,90,2.8,0.0,4.7844889330028195,0.061,11.508,6.0,-3,20.09401690624114,,7000.0,0.0,0.0,0.0,36.571942302866624,optimal
2021-02-10 02:00:00,5,90,2.8,0.0,5.0,0.19666666666666663,10.4475,6.0,-3,20.48784597345171,,7000.0,0.0,0.0,0.0,38.91037036056375,optimal
2021-02-10 02:30:00,5,90,2.8,0.0,5.0,0.061,10.8675,6.0,-3,20.887204028273114,,7000.0,0.0,0.0,0.0,41.24645999020319,optimal
2021-02-10 03:00:00,5,90,2.8,0.0,5.0,0.061,10.542,6.0,-3,21.26825354527601,,7000.0,0.0,0.0,0.0,43.58021353021298,optimal
2021-02-10 03:30:00,5,90,2.8,0.0,5.0,0.061,11.025,6.0,-3,21.643851078798594,,7000.0,0.0,0.0,0.0,45.91163331668277,optimal
2021-02-10 04:00:00,5,90,2.8,0.0,5.0,0.19666666666666663,11.025,6.0,-3,22.0140746347759,,7000.0,0.0,0.0,0.0,48.240721683366075,optimal
2021-02-10 04:30:00,5,90,0.7039475497495347,0.0,0.0,0.061,14.553,6.0,-3,22.391595702335987,,1759.8688743738367,0.0,0.0,0.0,48.192480961682705,optimal
2021-02-10 05:00:00,5,90,2.8,0.0,0.0,0.07333333333333333,13.0935,6.0,-3,22.263222924535253,,7000.0,0.0,0.0,0.0,48.144288480721016,optimal
2021-02-10 05:30:00,5,90,0.0,0.0,0.0,0.1883333333333333,15.6345,6.0,-3,22.622868028706684,,0.0,0.0,0.0,0.0,48.096144192240295,optimal
2021-02-10 06:00:00,5,90,0.0,0.0,0.0,0.07033333333333333,18.102,6.0,-3,22.336397101684007,,0.0,0.0,0.0,0.0,48.048048048048045,optimal
2021-02-10 06:30:00,5,90,0.0,0.0,0.0,0.2109333333333333,17.199,6.0,-3,22.046064778103457,,0.0,0.0,0.0,0.0,48.0,optimal
2021-02-10 07:00:00,5,90,0.0,0.0,0.0,0.07,18.2805,6.0,-3,21.804888883886328,,0.0,0.0,0.0,0.0,47.71095888796311,optimal
2021-02-10 07:30:00,5,90,0.0,0.0,0.0,0.13666666666666666,17.4615,6.0,-3,21.55771534419232,,0.0,0.0,0.0,0.0,47.42220681703826,optimal
2021-02-10 08:00:00,5,90,0.0,0.0,0.0,0.12966666666666665,18.3225,6.0,-3,21.32369854283117,,0.0,0.0,0.0,0.0,47.13374349818433,optimal
2021-02-10 08:30:00,5,90,0.0,0.0,0.0,0.104,17.094,6.0,-3,21.0457831331283,,0.0,0.0,0.0,0.0,46.845568642649255,optimal
2021-02-10 09:00:00,5,90,0.0,0.0,0.0,0.15966666666666665,17.094,6.0,-3,20.749052272544127,,0.0,0.0,0.0,0.0,46.55768196196971,optimal
2021-02-10 09:30:00,5,90,0.0,0.0,0.0,0.061,17.094,6.0,-3,20.48428119854488,,0.0,0.0,0.0,0.0,46.27008316797085,optimal
2021-02-10 10:00:00,5,90,0.0,0.0,0.0,0.20066666666666663,17.3565,6.0,-3,20.217000271450065,,0.0,0.0,0.0,0.0,45.982771972765995,optimal
2021-02-10 10:30:00,5,90,0.9666362085911426,0.0,0.0,0.067,17.115,6.0,-3,20.0,,2416.5905214778563,0.0,0.0,0.0,45.69574808875634,optimal
2021-02-10 11:00:00,5,90,0.8428255156773045,0.0,0.0,0.1165,17.241,6.0,-3,20.0,,2107.063789193261,0.0,0.0,0.0,45.409011228630696,optimal
2021-02-10 11:30:00,5,90,0.8267940076250819,0.0,0.0,0.14516666666666667,17.094,6.0,-3,20.0,,2066.985019062705,0.0,0.0,0.0,45.12256110536518,optimal
2021-02-10 12:00:00,5,90,2.8,0.0,0.0,0.07933333333333333,16.5165,6.0,-3,20.0,,7000.0,0.0,0.0,0.0,44.836397432222924,optimal
2021-02-10 12:30:00,5,90,0.0,0.0,0.0,0.1883333333333333,17.8185,6.0,-3,20.48079174275824,,0.0,0.0,0.0,0.0,44.550519922753814,optimal
2021-02-10 13:00:00,5,90,2.8,0.0,0.0,0.07,17.094,6.0,-3,20.315164892269166,,7000.0,0.0,0.0,0.0,44.264928290794174,optimal
2021-02-10 13:30:00,5,90,2.8,0.0,0.0,0.2035,16.8945,6.0,-3,20.79051270201485,,7000.0,0.0,0.0,0.0,43.97962225046649,optimal
2021-02-10 14:00:00,5,90,1.7132881446751904,0.0,0.0,0.07316666666666667,18.123,6.0,-3,21.284031062970623,,4283.220361687976,0.0,0.0,0.0,43.694601516179134,optimal
2021-02-10 14:30:00,5,90,0.0,0.0,0.0,0.12883333333333336,31.647,6.0,-3,21.491145095729898,,0.0,0.0,0.0,0.0,43.409865802626065,optimal
2021-02-10 15:00:00,5,90,0.0,0.0,0.0,0.13283333333333333,34.9965,6.0,-3,21.30338833225727,,0.0,0.0,0.0,0.0,43.12541482478655,optimal
2021-02-10 15:30:00,5,90,0.0,0.0,0.0,0.071,34.9965,6.0,-3,21.09853053718839,,0.0,0.0,0.0,0.0,42.84124829792488,optimal
2021-02-10 16:00:00,5,90,0.0,0.0,0.0,0.20666666666666664,34.9965,6.0,-3,20.8874449468771,,0.0,0.0,0.0,0.0,42.55736593759006,optimal
2021-02-10 16:30:00,5,90,0.0,0.0,0.0,0.06973333333333333,34.9965,6.0,-3,20.659431437264157,,0.0,0.0,0.0,0.0,42.273767459615584,optimal
2021-02-10 17:00:00,5,90,0.0,0.0,0.0,0.06766666666666667,34.9965,6.0,-3,20.439189829383213,,0.0,0.0,0.0,0.0,41.99045258011908,optimal
2021-02-10 17:30:00,5,90,0.0,0.0,0.0,0.0902,27.741,6.0,-3,20.197711117611895,,0.0,0.0,0.0,0.0,41.70742101550208,optimal
2021-02-10 18:00:00,5,90,1.1626507368521555,0.0,0.0,0.11033333333333331,19.026,6.0,-3,20.0,,2906.6268421303885,0.0,0.0,0.0,41.42467248244969,optimal
2021-02-10 18:30:00,5,90,1.1725101023944322,0.0,0.0,0.15633333333333335,18.7215,6.0,-3,20.0,,2931.2752559860805,0.0,0.0,0.0,41.14220669793035,optimal
2021-02-10 19:00:00,5,90,1.2317028012700226,0.0,0.0,0.071,17.4195,6.0,-3,20.0,,3079.257003175056,0.0,0.0,0.0,40.86002337919553,optimal
2021-02-10 19:30:00,5,90,1.0295549047339396,0.0,0.0,0.2312333333333333,16.758,6.0,-3,20.0,,2573.8872618348487,0.0,0.0,0.0,40.57812224377945,optimal
2021-02-10 20:00:00,5,90,0.9532336748645254,0.0,0.0,0.32623333333333326,14.217,6.0,-3,20.0,,2383.0841871613134,0.0,0.0,0.0,40.29650300949878,optimal
2021-02-10 20:30:00,5,90,0.0,0.0,0.0,0.4991333333333333,13.3665,6.0,-3,20.0,,0.0,0.0,0.0,0.0,40.01516539445239,optimal
2021-02-10 21:00:00,5,90,0.0,0.0,0.0,0.48136666666666666,12.789,6.0,-3,19.797073132843593,,0.0,0.0,0.0,0.0,39.73410911702105,optimal
2021-02-10 21:30:00,5,90,0.0836,0.0,0.0,0.2378,11.907,6.0,-3,19.590844677850587,,0.0,0.0,209.0,0.0,39.45333389586714,optimal
2021-02-10 22:00:00,5,90,0.027866666666666665,0.0,0.0,0.22226666666666667,11.7075,6.0,-3,19.34022028908432,,0.0,0.0,69.66666666666666,0.0,39.172839449934386,optimal
2021-02-10 22:30:00,5,90,0.0836,0.0,0.0,0.4682,10.8045,6.0,-3,19.07229311705009,,0.0,0.0,209.0,0.0,38.892625498447565,optimal
2021-02-10 23:00:00,5,90,0.0,0.0,0.0,0.4273,11.508,6.0,-3,18.835994445418823,,0.0,0.0,0.0,0.0,38.61269176091223,optimal
2021-02-10 23:30:00,5,90,0.0,0.0,0.0,0.3288333333333333,11.508,6.0,-3,18.591958450714923,,0.0,0.0,0.0,0.0,38.57407906915132,optimal
2021-02-11 00:00:00,5,90,2.8,0.0,0.0,0.055,11.2455,6.0,1,18.591958450714923,,7000.0,0.0,0.0,0.0,38.53550499008217,optimal
2021-02-11 00:30:00,5,90,2.8,0.0,0.0,0.055,11.025,6.0,1,18.95228701686801,,0.0,0.0,7000.0,0.0,38.49696948509209,optimal
2021-02-11 01:00:00,5,90,2.8,0.0,0.0,0.19356666666666664,12.0855,6.0,1,18.65904666252007,,4664.666666666666,0.0,2335.3333333333335,0.0,38.45847251560699,optimal
2021-02-11 01:30:00,5,90,2.8,0.0,0.0,0.11356666666666666,11.6865,6.0,1,18.817340326003755,,7000.0,0.0,0.0,0.0,38.420014043091385,optimal
2021-02-11 02:00:00,5,90,2.8,0.0,0.0,0.13723333333333332,11.2245,6.0,1,19.182742762865136,,7000.0,0.0,0.0,0.0,38.381594029048294,optimal
2021-02-11 02:30:00,5,90,2.8,0.0,0.0,0.1699,11.025,6.0,1,19.5451141839298,,7000.0,0.0,0.0,0.0,38.34321243501925,optimal
2021-02-11 03:00:00,5,90,2.8,0.0,5.0,0.1105,10.7835,6.0,1,19.903902689508612,,7000.0,0.0,0.0,0.0,40.67986922258423,optimal
2021-02-11 03:30:00,5,90,2.8,0.0,1.1765997959277061,0.16696666666666668,11.025,6.0,1,20.250612544933077,,7000.0,0.0,0.0,0.0,41.198074256427304,optimal
2021-02-11 04:00:00,5,90,2.8,0.0,5.0,0.08466666666666667,10.584,6.0,1,20.6011807707357,,7000.0,0.0,0.0,0.0,43.531876182170876,optimal
2021-02-11 04:30:00,5,90,2.8,0.0,5.0,0.11433333333333331,11.025,6.0,1,20.942669774664417,,7000.0,0.0,0.0,0.0,45.8633443059887,optimal
2021-02-11 05:00:00,5,90,2.8,0.0,5.0,0.1928,10.4265,6.0,1,21.282026920918092,,7000.0,0.0,0.0,0.0,48.192480961682705,optimal
2021-02-11 05:30:00,5,90,2.8,0.0,0.0,0.055,12.789,6.0,1,21.623813054055827,,7000.0,0.0,0.0,0.0,48.144288480721016,optimal
2021-02-11 06:00:00,5,90,2.8,0.0,0.0,0.2521333333333333,12.684,6.0,1,21.951493281746906,,7000.0,0.0,0.0,0.0,48.096144192240295,optimal
2021-02-11 06:30:00,5,90,1.4088965110871599,0.0,0.0,0.055,16.254,6.0,1,22.296362925791573,,3522.2412777178993,0.0,0.0,0.0,48.048048048048045,optimal
2021-02-11 07:00:00,5,90,0.0,0.0,0.0,0.08009999999999999,17.64,6.0,1,22.29871701479161,,0.0,0.0,0.0,0.0,48.0,optimal
2021-02-11 07:30:00,5,90,0.0,0.0,0.0,0.36186666666666667,19.1625,6.0,1,21.990089048921735,,0.0,0.0,0.0,0.0,47.8765502850485,optimal
2021-02-11 08:00:00,5,90,0.0,0.0,0.0,1.0546666666666666,26.46,6.0,1,21.722429623063892,,0.0,0.0,0.0,0.0,47.75322401981196,optimal
2021-02-11 08:30:00,5,90,0.0,0.0,0.0,1.8345666666666665,20.79,6.0,1,21.52687337932634,,0.0,0.0,0.0,0.0,47.63002108084065,optimal
2021-02-11 09:00:00,5,90,0.0,0.0,0.0,0.1601,29.106,6.0,1,21.30512171599019,,0.0,0.0,0.0,0.0,47.50694134480831,optimal
2021-02-11 09:30:00,5,90,0.0,0.0,0.0,0.24480000000000002,19.1835,6.0,1,21.027022239109083,,0.0,0.0,0.0,0.0,47.38398468851201,optimal
2021-02-11 10:00:00,5,90,0.0,0.0,0.0,0.5497333333333333,19.6665,6.0,1,20.783224696742263,,0.0,0.0,0.0,0.0,47.261150988872,optimal
2021-02-11 10:30:00,5,90,0.0,0.0,0.0,0.2374,19.404,6.0,1,20.62856805166815,,0.0,0.0,0.0,0.0,47.13844012293163,optimal
2021-02-11 11:00:00,5,90,0.0,0.0,0.0,0.3398,19.047,6.0,1,20.43053553436551,,0.0,0.0,0.0,0.0,47.0158519678572,optimal
2021-02-11 11:30:00,5,90,0.0,0.0,0.0,0.2618333333333333,18.858,6.0,1,20.260493719157772,,0.0,0.0,0.0,0.0,46.89338640093785,optimal
2021-02-11 12:00:00,5,90,0.0,0.0,0.0,0.6361333333333333,19.2675,6.0,1,20.095291491347563,,0.0,0.0,0.0,0.0,46.771043299585415,optimal
2021-02-11 12:30:00,5,90,0.4965054734474805,0.0,0.0,0.34426666666666667,18.963,6.0,1,20.0,,1241.2636836187014,0.0,0.0,0.0,46.64882254133433,optimal
2021-02-11 13:00:00,5,90,1.2831325071721285,0.0,0.0,0.112,18.438,6.0,1,20.0,,3207.8312679303212,0.0,0.0,0.0,46.5267240038415,optimal
2021-02-11 13:30:00,5,90,0.0,0.0,0.0,0.0983,18.7425,6.0,1,20.152183007971516,,0.0,0.0,0.0,0.0,46.404747564886165,optimal
2021-02-11 14:00:00,5,90,2.8,0.0,0.0,0.1517,15.2145,6.0,1,20.0,,7000.0,0.0,0.0,0.0,46.28289310236978,optimal
2021-02-11 14:30:00,5,90,0.8145264576675647,0.0,0.0,0.14213333333333333,17.7765,6.0,1,20.508865072844763,,2036.316144168912,0.0,0.0,0.0,46.161160494315915,optimal
2021-02-11 15:00:00,5,90,2.8,0.0,0.0,0.065,16.758,6.0,1,20.54375053253462,,7000.0,0.0,0.0,0.0,46.039549618870105,optimal
2021-02-11 15:30:00,5,90,2.8,0.0,0.0,0.41123333333333334,16.422,6.0,1,21.004015944300757,,7000.0,0.0,0.0,0.0,45.91806035429974,optimal
2021-02-11 16:00:00,5,90,2.8,0.0,0.0,2.2836333333333334,16.758,6.0,1,21.488417580725468,,7000.0,0.0,0.0,0.0,45.79669257899394,optimal
2021-02-11 16:30:00,5,90,0.0,0.0,0.0,0.065,29.358,6.0,1,22.0,,0.0,0.0,0.0,0.0,45.67544617146345,optimal
2021-02-11 17:00:00,5,90,0.0,0.0,0.0,0.1316,34.9965,6.0,1,21.71477894882177,,0.0,0.0,0.0,0.0,45.55432101034049,optimal
2021-02-11 17:30:00,5,90,0.0,0.0,0.0,0.8044333333333333,34.65,6.0,1,21.39132720661259,,0.0,0.0,0.0,0.0,45.43331697437865,optimal
2021-02-11 18:00:00,5,90,0.0,0.0,0.0,0.2042333333333333,34.9965,6.0,1,21.1252232472216,,0.0,0.0,0.0,0.0,45.31243394245277,optimal
2021-02-11 18:30:00,5,90,0.0,0.0,0.0,0.1306,34.9965,6.0,1,20.809480717159968,,0.0,0.0,0.0,0.0,45.19167179355882,optimal
2021-02-11 19:00:00,5,90,0.0,0.0,0.0,0.33693333333333336,30.4815,6.0,1,20.486363354746132,,0.0,0.0,0.0,0.0,45.07103040681376,optimal
2021-02-11 19:30:00,5,90,0.6315280770222285,0.0,0.0,0.30206666666666665,21.4305,6.0,1,20.176292044822954,,1578.820192555571,0.0,0.0,0.0,44.95050966145545,optimal
2021-02-11 20:00:00,5,90,1.2960126499462838,0.0,0.0,0.5063,14.3325,6.0,1,20.0,,3240.0316248657095,0.0,0.0,0.0,44.8301094368425,optimal
2021-02-11 20:30:00,5,90,0.05573333333333333,0.0,0.0,0.5655333333333333,13.692,6.0,1,20.0,,0.0,0.0,139.33333333333331,0.0,44.70982961245416,optimal
2021-02-11 21:00:00,5,90,0.0,0.0,0.0,0.4679,14.007,6.0,1,19.705956070079424,,0.0,0.0,0.0,0.0,44.66511978284171,optimal
2021-02-11 21:30:00,5,90,0.2508,0.0,0.0,1.874766666666667,12.873,6.0,1,19.443206512700495,,0.0,0.0,627.0,0.0,44.620454663058865,optimal
2021-02-11 22:00:00,5,90,0.0,0.0,0.0,0.4045666666666667,12.684,6.0,1,19.244461433571864,,0.0,0.0,0.0,0.0,44.575834208395804,optimal
2021-02-11 22:30:00,5,90,0.0,0.0,0.0,0.19553333333333334,12.306,6.0,1,18.991971129343806,,0.0,0.0,0.0,0.0,44.53125837418741,optimal
2021-02-11 23:00:00,5,90,0.0,0.0,0.0,0.065,10.6365,6.0,1,18.675942289038783,,0.0,0.0,0.0,0.0,44.486727115813224,optimal
2021-02-11 23:30:00,5,90,0.0,0.0,0.0,0.1316,11.2455,6.0,1,18.34373239690808,,0.0,0.0,0.0,0.0,44.442240388697414,optimal
2021-02-12 00:00:00,5,90,2.8,0.0,0.0,0.06,11.025,6.0,-2,18.34373239690808,,7000.0,0.0,0.0,0.0,44.397798148308716,optimal
2021-02-12 00:30:00,5,90,2.8,0.0,0.0,0.08286666666666666,10.3635,6.0,-2,18.662319571884108,,0.0,0.0,7000.0,0.0,44.353400350160406,optimal
2021-02-12 01:00:00,5,90,2.8,0.0,0.0,0.13346666666666668,10.8045,6.0,-2,18.328627097697968,,5082.666666666667,0.0,1917.3333333333333,0.0,44.309046949810245,optimal
2021-02-12 01:30:00,5,90,2.8,0.0,0.0,0.10246666666666668,10.059,6.0,-2,18.483558258847555,,7000.0,0.0,0.0,0.0,44.26473790286043,optimal
2021-02-12 02:00:00,5,90,2.8,0.0,0.0,0.07633333333333332,10.584,6.0,-2,18.805518001103056,,7000.0,0.0,0.0,0.0,44.220473164957575,optimal
2021-02-12 02:30:00,5,90,2.8,0.0,5.0,0.0698,9.4185,6.0,-2,19.12187590092056,,7000.0,0.0,0.0,0.0,46.55125269179262,optimal
2021-02-12 03:00:00,5,90,2.8,0.0,0.0,0.109,10.3635,6.0,-2,19.43739323379834,,7000.0,0.0,0.0,0.0,46.50470143910083,optimal
2021-02-12 03:30:00,5,90,2.8,0.0,3.8543451713650856,0.06,9.8385,6.0,-2,19.756327675110246,,7000.0,0.0,0.0,0.0,48.289010694060146,optimal
2021-02-12 04:00:00,5,90,2.8,0.0,0.0,0.11226666666666668,11.067,6.0,-2,20.07616542009904,,7000.0,0.0,0.0,0.0,48.240721683366075,optimal
2021-02-12 04:30:00,5,90,2.8,0.0,0.0,0.06653333333333333,10.8465,6.0,-2,20.406294623740013,,7000.0,0.0,0.0,0.0,48.192480961682705,optimal
2021-02-12 05:00:00,5,90,0.0,0.0,0.0,0.06,13.671,6.0,-2,20.73747021916503,,0.0,0.0,0.0,0.0,48.144288480721016,optimal
2021-02-12 05:30:00,5,90,2.8,0.0,0.0,0.1188,12.348,6.0,-2,20.42347217300539,,7000.0,0.0,0.0,0.0,48.096144192240295,optimal
2021-02-12 06:00:00,5,90,0.0,0.0,0.0,0.17033333333333334,14.3325,6.0,-2,20.78071587789366,,0.0,0.0,0.0,0.0,48.048048048048045,optimal
2021-02-12 06:30:00,5,90,0.0,0.0,0.0,1.3022,15.393,6.0,-2,20.511550451430885,,0.0,0.0,0.0,0.0,48.0,optimal
2021-02-12 07:00:00,5,90,2.535655561114455,0.0,0.0,4.4432,13.587,6.0,-2,20.29926831518021,,6339.138902786138,0.0,0.0,0.0,47.55169110970457,optimal
2021-02-12 07:30:00,5,90,0.0,0.0,0.0,2.292733333333333,16.1385,6.0,-2,20.78679052704153,,0.0,0.0,0.0,0.0,47.10383052829944,optimal
2021-02-12 08:00:00,5,90,0.0,0.0,0.0,0.20466666666666664,14.595,6.0,-2,20.577705273322774,,0.0,0.0,0.0,0.0,46.65641780747571,optimal
2021-02-12 08:30:00,5,90,0.0,0.0,0.0,1.6176,14.637,6.0,-2,20.288798682149174,,0.0,0.0,0.0,0.0,46.20945249937281,optimal
2021-02-12 09:00:00,5,90,1.1584385603550054,0.0,0.0,0.4806,13.9125,6.0,-2,20.0,,2896.0964008875135,0.0,0.0,0.0,45.762934156578005,optimal
2021-02-12 09:30:00,5,90,0.9843453832058827,0.0,0.0,1.7094,13.3665,6.0,-2,20.0,,2460.863458014707,0.0,0.0,0.0,45.316862332126,optimal
2021-02-12 10:00:00,5,90,1.5514473798203503,0.0,0.0,0.3499333333333333,13.0095,6.0,-2,20.0,,3878.6184495508755,0.0,0.0,0.0,44.871236579498444,optimal
2021-02-12 10:30:00,5,90,0.0,0.0,0.0,0.09513333333333333,13.8915,6.0,-2,20.185461519146443,,0.0,0.0,0.0,0.0,44.42605645262352,optimal
2021-02-12 11:00:00,5,90,0.6074193468121546,0.0,0.0,1.745,13.188,6.0,-2,20.0,,1518.5483670303863,0.0,0.0,0.0,43.98132150587547,optimal
2021-02-12 11:30:00,5,90,0.5896542594527026,0.0,0.0,1.6362,12.5685,6.0,-2,20.0,,1474.1356486317566,0.0,0.0,0.0,43.53703129407417,optimal
2021-02-12 12:00:00,5,90,0.5999352779383531,0.0,0.0,1.6612,12.285,6.0,-2,20.0,,1499.8381948458828,0.0,0.0,0.0,43.09318537248467,optimal
2021-02-12 12:30:00,5,90,1.3439488608739925,0.0,0.0,0.42236666666666667,11.487,6.0,-2,20.0,,3359.8721521849816,0.0,0.0,0.0,42.64978329681676,optimal
2021-02-12 13:00:00,5,90,0.0,0.0,0.0,1.8944,11.802,6.0,-2,20.170410189838616,,0.0,0.0,0.0,0.0,42.20682462322451,optimal
2021-02-12 13:30:00,5,90,2.8,0.0,0.0,0.18086666666666668,11.2245,6.0,-2,20.04415337660607,,7000.0,0.0,0.0,0.0,41.764308908305864,optimal
2021-02-12 14:00:00,5,90,2.8,0.0,0.0,0.204,11.025,6.0,-2,20.549939359759513,,7000.0,0.0,0.0,0.0,41.32223570910213,optimal
2021-02-12 14:30:00,5,90,2.8,0.0,0.0,0.11246666666666669,11.907,6.0,-2,21.042507943443944,,7000.0,0.0,0.0,0.0,40.8806045830976,optimal
2021-02-12 15:00:00,5,90,0.0,0.0,0.0,0.0994,25.83,6.0,-2,21.50204024800739,,0.0,0.0,0.0,0.0,40.43941508821908,optimal
2021-02-12 15:30:00,5,90,0.0,0.0,0.0,0.12166666666666669,28.035,6.0,-2,21.28964781721534,,0.0,0.0,0.0,0.0,39.99866678283543,optimal
2021-02-12 16:00:00,5,90,0.0,0.0,0.0,0.8847666666666667,28.119,6.0,-2,21.093304927459034,,0.0,0.0,0.0,0.0,39.558359225757165,optimal
2021-02-12 16:30:00,5,90,0.0,0.0,0.0,0.8838333333333334,30.156,6.0,-2,20.941718044381414,,0.0,0.0,0.0,0.0,39.11849197623598,optimal
2021-02-12 17:00:00,5,90,0.0,0.0,0.0,2.0412,29.1585,6.0,-2,20.775712642802056,,0.0,0.0,0.0,0.0,38.67906459396431,optimal
2021-02-12 17:30:00,5,90,0.0,0.0,0.0,1.3583333333333332,26.712,6.0,-2,20.53889053681981,,0.0,0.0,0.0,0.0,38.24007663907492,optimal
2021-02-12 18:00:00,5,90,0.0,0.0,0.0,0.07,15.435,6.0,-2,20.288692208045372,,0.0,0.0,0.0,0.0,37.801527672140416,optimal
2021-02-12 18:30:00,5,90,1.2121937139105812,0.0,0.0,0.11246666666666669,13.566,6.0,-2,20.0,,3030.484284776453,0.0,0.0,0.0,37.36341725417285,optimal
2021-02-12 19:00:00,5,90,1.2257294679366928,0.0,0.0,0.08633333333333333,12.789,6.0,-2,20.0,,3064.323669841732,0.0,0.0,0.0,36.925744946623254,optimal
2021-02-12 19:30:00,5,90,2.5010860005566604,0.0,0.0,0.07,12.1275,6.0,-2,20.0,,6252.715001391652,0.0,0.0,0.0,36.488510311381205,optimal
2021-02-12 20:00:00,5,90,0.0,0.0,0.0,0.07,13.671,6.0,-2,20.293046856034554,,0.0,0.0,0.0,0.0,36.0517129107744,optimal
2021-02-12 20:30:00,5,90,0.19506666666666667,0.0,0.0,0.1288,10.668,6.0,-2,20.0,,0.0,0.0,487.6666666666667,0.0,35.615352307568195,optimal
2021-02-12 21:00:00,5,90,0.0,0.0,0.0,0.07,11.7285,6.0,-2,19.714458522163604,,0.0,0.0,0.0,0.0,35.1794280649652,optimal
2021-02-12 21:30:00,5,90,0.0,0.0,0.0,0.5172666666666667,11.025,6.0,-2,19.425397654632643,,0.0,0.0,0.0,0.0,34.74393974660481,optimal
2021-02-12 22:00:00,5,90,0.0,0.0,0.0,0.1913,10.689,6.0,-2,19.21668752183728,,0.0,0.0,0.0,0.0,34.709195806858204,optimal
2021-02-12 22:30:00,5,90,0.05573333333333333,0.0,0.0,0.20446666666666666,8.1585,6.0,-2,19.0162309678741,,0.0,0.0,139.33333333333331,0.0,34.67448661105134,optimal
2021-02-12 23:00:00,5,90,0.0,0.0,0.0,1.8590666666666664,10.3635,6.0,-2,18.84745226693461,,0.0,0.0,0.0,0.0,34.63981212444029,optimal
2021-02-12 23:30:00,5,90,0.0,0.0,0.0,0.0912,10.8045,6.0,-2,18.659716591173677,,0.0,0.0,0.0,0.0,34.60517231231585,optimal
2021-02-13 00:00:00,5,90,0.0,0.0,0.0,0.2772333333333333,9.5655,6.0,2,18.659716591173677,,0.0,0.0,0.0,0.0,34.57056714000353,optimal
2021-02-13 00:30:00,5,90,2.8,0.0,5.0,0.2922333333333333,7.056,6.0,2,18.44713031814616,,1217.666666666667,0.0,5782.333333333333,0.0,36.91099657286353,optimal
2021-02-13 01:00:00,5,90,0.0,0.0,0.0,0.063,9.3975,6.0,2,18.367774797670464,,0.0,0.0,0.0,0.0,36.87408557629067,optimal
2021-02-13 01:30:00,5,90,0.0,0.0,0.0,0.07659999999999999,10.059,6.0,2,18.12441436161859,,0.0,0.0,0.0,0.0,36.837211490714374,optimal
2021-02-13 02:00:00,5,90,0.0,0.0,0.0,0.11059999999999999,9.261,6.0,2,17.88651382490282,,0.0,0.0,0.0,0.0,36.80037427922366,optimal
2021-02-13 02:30:00,5,90,2.8,0.0,5.0,0.063,8.1585,6.0,2,17.65588889996683,,7000.0,0.0,0.0,0.0,39.13857390494444,optimal
2021-02-13 03:00:00,5,90,0.0,0.0,0.0,0.1242,9.4815,6.0,2,18.0739889610376,,0.0,0.0,0.0,0.0,39.099435331039494,optimal
2021-02-13 03:30:00,5,90,2.8,0.0,0.0,0.0698,8.379,6.0,2,17.841944232198806,,7000.0,0.0,0.0,0.0,39.060335895708455,optimal
2021-02-13 04:00:00,5,90,0.6140675400599409,0.0,0.0,0.1174,9.5235,6.0,2,18.257298136016548,,1535.1688501498522,0.0,0.0,0.0,39.02127555981275,optimal
2021-02-13 04:30:00,5,90,2.8,0.0,5.0,0.0664,8.1375,6.0,2,18.163085818971073,,7000.0,0.0,0.0,0.0,41.35725428425294,optimal
2021-02-13 05:00:00,5,90,0.0,0.0,0.0,0.12079999999999999,10.0905,6.0,2,18.57138308062964,,0.0,0.0,0.0,0.0,41.31589702996869,optimal
2021-02-13 05:30:00,5,90,2.8,0.0,5.0,0.154,7.539,6.0,2,18.32761375090197,,7000.0,0.0,0.0,0.0,43.64958113293872,optimal
2021-02-13 06:00:00,5,90,2.8,0.0,5.0,0.3674333333333333,7.938,6.0,2,18.741569476187447,,7000.0,0.0,0.0,0.0,45.98093155180578,optimal
2021-02-13 06:30:00,5,90,2.8,0.0,4.347472378412677,1.5708666666666666,8.274,6.0,2,19.187493383871512,,7000.0,0.0,0.0,0.0,48.0,optimal
2021-02-13 07:00:00,5,90,2.8,0.0,0.0,0.5751000000000001,9.261,6.0,2,19.66980742375058,,7000.0,0.0,0.0,0.0,47.92032831183754,optimal
2021-02-13 07:30:00,5,90,2.8,0.0,0.0,0.2563333333333333,9.9225,6.0,2,20.119215137190118,,7000.0,0.0,0.0,0.0,47.840736295363236,optimal
2021-02-13 08:00:00,5,90,2.8,0.0,0.0,0.13419999999999999,9.702,6.0,2,20.506893603350807,,7000.0,0.0,0.0,0.0,47.76122387090541,optimal
2021-02-13 08:30:00,5,90,2.8,0.0,0.0,0.16466666666666666,10.584,6.0,2,20.857463044565176,,7000.0,0.0,0.0,0.0,47.68179095887204,optimal
2021-02-13 09:00:00,5,90,2.8,0.0,0.0,0.073,10.143,6.0,2,21.211975733518788,,7000.0,0.0,0.0,0.0,47.60243747975071,optimal
2021-02-13 09:30:00,5,90,0.0,0.0,0.0,0.13419999999999999,13.0095,6.0,2,21.56601495809098,,0.0,0.0,0.0,0.0,47.5231633541085,optimal
2021-02-13 10:00:00,5,90,2.8,0.0,0.0,0.07640000000000001,11.025,6.0,2,21.274402915028276,,7000.0,0.0,0.0,0.0,47.44396850259193,optimal
2021-02-13 10:30:00,5,90,0.0,0.0,0.0,0.1308,12.789,6.0,2,21.665359195992128,,0.0,0.0,0.0,0.0,47.364852845926876,optimal
2021-02-13 11:00:00,5,90,0.0,0.0,0.0,0.073,12.1275,6.0,2,21.406643168259038,,0.0,0.0,0.0,0.0,47.28581630491849,optimal
2021-02-13 11:30:00,5,90,0.0,0.0,0.0,0.1274,12.1695,6.0,2,21.1825956889043,,0.0,0.0,0.0,0.0,47.20685880045111,optimal
2021-02-13 12:00:00,5,90,0.0,0.0,0.0,0.0798,12.306,6.0,2,20.967519446076114,,0.0,0.0,0.0,0.0,47.1279802534882,optimal
2021-02-13 12:30:00,5,90,0.0,0.0,0.0,0.073,13.23,6.0,2,20.766327697077042,,0.0,0.0,0.0,0.0,47.04918058507225,optimal
2021-02-13 13:00:00,5,90,0.0,0.0,0.0,0.073,13.671,6.0,2,20.56881406470199,,0.0,0.0,0.0,0.0,46.97045971632472,optimal
2021-02-13 13:30:00,5,90,0.0,0.0,0.0,0.107,13.9335,6.0,2,20.38215300684007,,0.0,0.0,0.0,0.0,46.89181756844593,optimal
2021-02-13 14:00:00,5,90,0.0,0.0,0.0,0.1002,13.293,6.0,2,20.202749826531978,,0.0,0.0,0.0,0.0,46.813254062715025,optimal
2021-02-13 14:30:00,5,90,0.8658092295659806,0.0,0.0,0.073,12.1065,6.0,2,20.0,,2164.5230739149515,0.0,0.0,0.0,46.73476912048985,optimal
2021-02-13 15:00:00,5,90,0.9385907465929183,0.0,0.0,0.1172,11.571,6.0,2,20.0,,2346.476866482296,0.0,0.0,0.0,46.6563626632069,optimal
2021-02-13 15:30:00,5,90,2.7397804726340342,0.0,0.0,0.22766666666666663,11.025,6.0,2,20.0,,6849.451181585086,0.0,0.0,0.0,46.57803461238123,optimal
2021-02-13 16:00:00,5,90,2.8,0.0,0.0,0.211,10.8465,6.0,2,20.437811994703917,,7000.0,0.0,0.0,0.0,46.49978488960639,optimal
2021-02-13 16:30:00,5,90,2.8,0.0,0.0,1.4624000000000001,11.2455,6.0,2,20.88001897207095,,7000.0,0.0,0.0,0.0,46.42161341655432,optimal
2021-02-13 17:00:00,5,90,0.0,0.0,0.0,0.27646666666666664,23.8665,6.0,2,21.399894702139537,,0.0,0.0,0.0,0.0,46.343520114975306,optimal
2021-02-13 17:30:00,5,90,0.0,0.0,0.0,1.619,27.4575,6.0,2,21.22587828613106,,0.0,0.0,0.0,0.0,46.26550490669787,optimal
2021-02-13 18:00:00,5,90,0.0,0.0,0.0,0.3712,27.3735,6.0,2,21.06644878214392,,0.0,0.0,0.0,0.0,46.18756771362871,optimal
2021-02-13 18:30:00,5,90,0.0,0.0,0.0,0.3659666666666666,30.4605,6.0,2,20.84467486918382,,0.0,0.0,0.0,0.0,46.10970845775262,optimal
2021-02-13 19:00:00,5,90,0.0,0.0,0.0,1.1359000000000001,30.0195,6.0,2,20.618207283880583,,0.0,0.0,0.0,0.0,46.0319270611324,optimal
2021-02-13 19:30:00,5,90,0.0,0.0,0.0,0.6048666666666667,26.9325,6.0,2,20.407111673148695,,0.0,0.0,0.0,0.0,45.95422344590881,optimal
2021-02-13 20:00:00,5,90,0.0,0.0,0.0,0.4244666666666666,14.595,6.0,2,20.198129804775274,,0.0,0.0,0.0,0.0,45.87659753430044,optimal
2021-02-13 20:30:00,5,90,0.0,0.0,0.0,0.5746666666666667,12.4845,6.0,2,20.0,,0.0,0.0,0.0,0.0,45.830720936766134,optimal
2021-02-13 21:00:00,5,90,0.0,0.0,0.0,0.35783333333333334,12.1275,6.0,2,19.8132736583196,,0.0,0.0,0.0,0.0,45.78489021582937,optimal
2021-02-13 21:30:00,5,90,0.0,0.0,0.0,1.5446,12.1275,6.0,2,19.612072358251332,,0.0,0.0,0.0,0.0,45.739105325613544,optimal
2021-02-13 22:00:00,5,90,0.0,0.0,0.0,0.073,12.789,6.0,2,19.44663012420037,,0.0,0.0,0.0,0.0,45.69336622028793,optimal
2021-02-13 22:30:00,5,90,0.0,0.0,0.0,0.073,11.907,6.0,2,19.195631763115898,,0.0,0.0,0.0,0.0,45.647672854067636,optimal
2021-02-13 23:00:00,5,90,0.0,0.0,0.0,0.13419999999999999,11.025,6.0,2,18.948940028910634,,0.0,0.0,0.0,0.0,45.60202518121357,optimal
2021-02-13 23:30:00,5,90,0.0,0.0,0.0,0.073,8.2005,6.0,2,18.712174798104115,,0.0,0.0,0.0,0.0,45.55642315603236,optimal
2021-02-07 00:00:00,6,90,0.0,0.0,0.0,0.16490000000000002,6.678,6.0,3,21.0,,0.0,0.0,0.0,0.0,47.952,optimal
2021-02-07 00:30:00,6,90,0.0,0.0,0.0,0.2815666666666667,7.938,6.0,3,20.800201346755124,,0.0,0.0,0.0,0.0,47.904047999999996,optimal
2021-02-07 01:00:00,6,90,0.0,0.0,0.0,0.5015666666666667,5.292,6.0,3,20.623306396726306,,0.0,0.0,0.0,0.0,47.856143952,optimal
2021-02-07 01:30:00,6,90,0.0,0.0,0.0,0.6488333333333334,9.261,6.0,3,20.45902317054769,,0.0,0.0,0.0,0.0,47.80828780804799,optimal
2021-02-07 02:00:00,6,90,0.0,0.0,0.0,2.0453,10.3635,6.0,3,20.295223315409558,,0.0,0.0,0.0,0.0,47.76047952023995,optimal
2021-02-07 02:30:00,6,90,0.0,0.0,0.0,0.204,8.274,6.0,3,20.127550910457487,,0.0,0.0,0.0,0.0,47.712719040719705,optimal
2021-02-07 03:00:00,6,90,0.0,0.0,0.0,0.064,7.7175,6.0,3,19.920100899743918,,0.0,0.0,0.0,0.0,47.66500632167899,optimal
2021-02-07 03:30:00,6,90,0.0,0.0,0.0,0.26426666666666665,6.615,6.0,3,19.701191379411146,,0.0,0.0,0.0,0.0,47.61734131535731,optimal
2021-02-07 04:00:00,6,90,0.0,0.0,0.0,0.15753333333333333,6.174,6.0,3,19.503290316937267,,0.0,0.0,0.0,0.0,47.56972397404195,optimal
2021-02-07 04:30:00,6,90,2.8,0.0,0.0,0.07233333333333333,3.906,6.0,3,19.29744209308243,,5537.0,0.0,1463.0,0.0,47.522154250067906,optimal
2021-02-07 05:00:00,6,90,2.8,0.0,0.0,0.3021333333333333,2.3415,6.0,3,19.60003742851512,,7000.0,0.0,0.0,0.0,47.47463209581784,optimal
2021-02-07 05:30:00,6,90,2.8,0.0,0.0,0.118,2.205,6.0,3,20.056227803839214,,7000.0,0.0,0.0,0.0,47.42715746372202,optimal
2021-02-07 06:00:00,6,90,2.8,0.0,1.5082397599621051,0.12166666666666669,0.882,6.0,3,20.488797098005545,,7000.0,0.0,0.0,0.0,48.096144192240295,optimal
2021-02-07 06:30:00,6,90,2.8,0.0,0.0,0.33080000000000004,1.5435,6.0,3,20.915362943359437,,7000.0,0.0,0.0,0.0,48.048048048048045,optimal
2021-02-07 07:00:00,6,90,2.8,0.0,0.0,0.8280666666666667,1.5435,6.0,3,21.355700953218843,,7000.0,0.0,0.0,0.0,48.0,optimal
2021-02-07 07:30:00,6,90,0.0,0.0,0.0,1.5893333333333333,5.0715,6.0,3,21.81633965600194,,0.0,0.0,0.0,0.0,47.78171642991575,optimal
2021-02-07 08:00:00,6,90,0.0,0.0,0.0,0.5317333333333334,5.376,6.0,3,21.624453815812274,,0.0,0.0,0.0,0.0,47.56365114340158,optimal
2021-02-07 08:30:00,6,90,2.738199505737373,0.0,0.0,1.5404333333333333,5.0715,6.0,3,21.449485786139775,,6845.498764343433,0.0,0.0,0.0,47.34580392217393,optimal
2021-02-07 09:00:00,6,90,0.822595565745263,0.0,0.0,0.5284666666666668,5.5125,6.0,3,22.0,,2056.4889143631576,0.0,0.0,0.0,47.1281745481675,optimal
2021-02-07 09:30:00,6,90,0.7176171450524875,0.0,0.0,1.9770333333333332,9.261,6.0,3,22.0,,1794.042862631219,0.0,0.0,0.0,46.91076280353508,optimal
2021-02-07 10:00:00,6,90,0.0,0.0,0.0,2.364333333333333,11.7075,6.0,3,22.0,,0.0,0.0,0.0,0.0,46.69356847064729,optimal
2021-02-07 10:30:00,6,90,0.0,0.0,0.0,0.3950666666666667,12.348,6.0,3,21.81746643190651,,0.0,0.0,0.0,0.0,46.4765913320924,optimal
2021-02-07 11:00:00,6,90,0.0,0.0,0.0,2.3011666666666666,12.348,6.0,3,21.60174564526948,,0.0,0.0,0.0,0.0,46.25983117067605,optimal
2021-02-07 11:30:00,6,90,0.0,0.0,0.0,0.21980000000000002,12.1275,6.0,3,21.4350159401886,,0.0,0.0,0.0,0.0,46.04328776942113,optimal
2021-02-07 12:00:00,6,90,0.0,0.0,0.0,0.24,12.5265,6.0,3,21.195505222760328,,0.0,0.0,0.0,0.0,45.826960911567454,optimal
2021-02-07 12:30:00,6,90,2.427245318402171,0.0,0.0,0.2621,11.7495,6.0,3,20.98366756565105,,6068.113296005427,0.0,0.0,0.0,45.610850380571634,optimal
2021-02-07 13:00:00,6,90,0.0,0.0,0.0,0.484,13.23,6.0,3,21.349342905763375,,0.0,0.0,0.0,0.0,45.39495596010681,optimal
2021-02-07 13:30:00,6,90,0.0,0.0,0.0,2.9184666666666668,14.3325,6.0,3,21.158155654591784,,0.0,0.0,0.0,0.0,45.179277434062456,optimal
2021-02-07 14:00:00,6,90,0.0,0.0,0.0,0.4062,14.994,6.0,3,20.995780207508282,,0.0,0.0,0.0,0.0,44.96381458654414,optimal
2021-02-07 14:30:00,6,90,0.0,0.0,0.0,0.2805666666666667,14.8155,6.0,3,20.843904377073073,,0.0,0.0,0.0,0.0,44.74856720187334,optimal
2021-02-07 15:00:00,6,90,0.0,0.0,0.0,0.4234,14.112,6.0,3,20.68368702085083,,0.0,0.0,0.0,0.0,44.53353506458722,optimal
2021-02-07 15:30:00,6,90,0.0,0.0,0.0,0.4187666666666667,14.007,6.0,3,20.56465968692269,,0.0,0.0,0.0,0.0,44.31871795943838,optimal
2021-02-07 16:00:00,6,90,0.0,0.0,0.0,0.4791,13.23,6.0,3,20.455156574087464,,0.0,0.0,0.0,0.0,44.10411567139469,optimal
2021-02-07 16:30:00,6,90,2.8,0.0,0.0,0.5991000000000001,11.382,6.0,3,20.336295893339386,,7000.0,0.0,0.0,0.0,43.88972798563904,optimal
2021-02-07 17:00:00,6,90,2.8,0.0,0.0,0.4358,11.7495,6.0,3,20.851933020273528,,7000.0,0.0,0.0,0.0,43.675554687569154,optimal
2021-02-07 17:30:00,6,90,0.0,0.0,0.0,0.5594333333333332,24.3285,6.0,3,21.29487666925237,,0.0,0.0,0.0,0.0,43.461595562797335,optimal
2021-02-07 18:00:00,6,90,0.0,0.0,0.0,0.6138666666666667,28.917,6.0,3,21.07963137174336,,0.0,0.0,0.0,0.0,43.24785039715029,optimal
2021-02-07 18:30:00,6,90,0.0,0.0,0.0,0.4588666666666667,31.3635,6.0,3,20.877133027084874,,0.0,0.0,0.0,0.0,43.034318976668885,optimal
2021-02-07 19:00:00,6,90,0.0,0.0,0.0,1.0526333333333335,33.306,6.0,3,20.672814682940988,,0.0,0.0,0.0,0.0,42.82100108760797,optimal
2021-02-07 19:30:00,6,90,0.0,0.0,0.0,0.1706,31.3425,6.0,3,20.453266386728348,,0.0,0.0,0.0,0.0,42.60789651643611,optimal
2021-02-07 20:00:00,6,90,0.0,0.0,0.0,1.7476333333333334,28.2555,6.0,3,20.198780642129474,,0.0,0.0,0.0,0.0,42.39500504983542,optimal
2021-02-07 20:30:00,6,90,0.0,0.0,0.0,1.3020333333333334,15.6975,6.0,3,20.0,,0.0,0.0,0.0,0.0,42.182326474701334,optimal
2021-02-07 21:00:00,6,90,0.0,0.0,0.0,2.214733333333333,12.5475,6.0,3,19.83126482735037,,0.0,0.0,0.0,0.0,41.96986057814238,optimal
2021-02-07 21:30:00,6,90,0.0,0.0,0.0,2.9936333333333334,12.0855,6.0,3,19.670769388378446,,0.0,0.0,0.0,0.0,41.75760714747999,optimal
2021-02-07 22:00:00,6,90,0.0,0.0,0.0,1.6210333333333333,11.907,6.0,3,19.547975655524773,,0.0,0.0,0.0,0.0,41.715849540332506,optimal
2021-02-07 22:30:00,6,90,0.0,0.0,0.0,0.471,12.5685,6.0,3,19.41107427851613,,0.0,0.0,0.0,0.0,41.674133690792175,optimal
2021-02-07 23:00:00,6,90,0.0,0.0,0.0,0.4026666666666667,13.146,6.0,3,19.277128397385933,,0.0,0.0,0.0,0.0,41.632459557101384,optimal
2021-02-07 23:30:00,6,90,0.0,0.0,0.0,0.12593333333333334,10.584,6.0,3,19.114621295782886,,0.0,0.0,0.0,0.0,41.590827097544285,optimal
2021-02-08 00:00:00,6,90,2.8,0.0,0.0,0.054,8.6835,6.0,-2,19.114621295782886,,7000.0,0.0,0.0,0.0,41.54923627044674,optimal
2021-02-08 00:30:00,6,90,2.8,0.0,0.0,0.17866666666666667,7.665,6.0,-2,19.54177018739987,,0.0,0.0,7000.0,0.0,41.50768703417629,optimal
2021-02-08 01:00:00,6,90,2.8,0.0,0.0,0.054,6.7725,6.0,-2,19.324536740822833,,0.0,0.0,7000.0,0.0,41.466179347142116,optimal
2021-02-08 01:30:00,6,90,2.8,0.0,0.13056515871677507,0.07913333333333333,5.5755,6.0,-2,19.09883801321654,,3165.3333333333335,0.0,3834.6666666666665,0.0,41.48673161818544,optimal
2021-02-08 02:00:00,6,90,2.8,0.0,5.0,0.2267333333333333,5.0925,6.0,-2,19.171839752819064,,7000.0,0.0,0.0,0.0,43.82024488656725,optimal
2021-02-08 02:30:00,6,90,2.8,0.0,5.0,0.054,4.1895,6.0,-2,19.612774871869693,,7000.0,0.0,0.0,0.0,46.15142464168068,optimal
2021-02-08 03:00:00,6,90,2.8,0.0,0.0,0.0906,7.056,6.0,-2,20.032080887146073,,7000.0,0.0,0.0,0.0,46.10527321703899,optimal
2021-02-08 03:30:00,6,90,2.8,0.0,5.0,0.2039333333333333,5.271,6.0,-2,20.449500699475756,,7000.0,0.0,0.0,0.0,48.434167943821954,optimal
2021-02-08 04:00:00,6,90,2.8,0.0,0.0,0.06533333333333333,7.938,6.0,-2,20.870754045561767,,7000.0,0.0,0.0,0.0,48.38573377587813,optimal
2021-02-08 04:30:00,6,90,2.8,0.0,0.0,0.12766666666666668,7.938,6.0,-2,21.27239787411671,,7000.0,0.0,0.0,0.0,48.33734804210225,optimal
2021-02-08 05:00:00,6,90,0.0,0.0,0.0,0.12533333333333332,11.907,6.0,-2,21.672650986667996,,0.0,0.0,0.0,0.0,48.289010694060146,optimal
2021-02-08 05:30:00,6,90,2.8,0.0,0.0,0.14653333333333332,11.025,6.0,-2,21.4156857695481,,7000.0,0.0,0.0,0.0,48.240721683366075,optimal
2021-02-08 06:00:00,6,90,2.8,0.0,0.0,0.139,11.2875,6.0,-2,21.81349405990027,,7000.0,0.0,0.0,0.0,48.192480961682705,optimal
2021-02-08 06:30:00,6,90,0.0,0.0,0.0,0.1272,12.936,6.0,-2,22.204195838906514,,0.0,0.0,0.0,0.0,48.144288480721016,optimal
2021-02-08 07:00:00,6,90,0.0,0.0,0.0,0.18886666666666668,13.0095,6.0,-2,21.937652500408365,,0.0,0.0,0.0,0.0,48.096144192240295,optimal
2021-02-08 07:30:00,6,90,0.0,0.0,0.0,0.12266666666666669,13.671,6.0,-2,21.695002436563986,,0.0,0.0,0.0,0.0,48.048048048048045,optimal
2021-02-08 08:00:00,6,90,0.0,0.0,0.0,0.6017,13.188,6.0,-2,21.454683417889683,,0.0,0.0,0.0,0.0,48.0,optimal
2021-02-08 08:30:00,6,90,0.0,0.0,0.0,1.8449666666666666,13.8495,6.0,-2,21.239864850774744,,0.0,0.0,0.0,0.0,47.832852123993675,optimal
2021-02-08 09:00:00,6,90,0.0,0.0,0.0,0.47956666666666664,13.23,6.0,-2,21.066942291499046,,0.0,0.0,0.0,0.0,47.665871395863356,optimal
2021-02-08 09:30:00,6,90,0.0,0.0,0.0,0.48819999999999997,13.3665,6.0,-2,20.892408510025252,,0.0,0.0,0.0,0.0,47.49905764846117,optimal
2021-02-08 10:00:00,6,90,1.1574968617764003,0.0,0.0,0.26243333333333335,13.0515,6.0,-2,20.727246485817087,,2893.742154441001,0.0,0.0,0.0,47.332410714806386,optimal
2021-02-08 10:30:00,6,90,0.0,0.0,0.0,0.23353333333333334,13.5345,6.0,-2,20.813564073293577,,0.0,0.0,0.0,0.0,47.165930428085254,optimal
2021-02-08 11:00:00,6,90,0.0,0.0,0.0,0.09233333333333331,14.154,6.0,-2,20.5889717232717,,0.0,0.0,0.0,0.0,46.999616621650844,optimal
2021-02-08 11:30:00,6,90,0.0,0.0,0.0,0.115,14.112,6.0,-2,20.383008840716474,,0.0,0.0,0.0,0.0,46.83346912902287,optimal
2021-02-08 12:00:00,6,90,0.0,0.0,0.0,0.13766666666666666,14.2485,6.0,-2,20.18352787383719,,0.0,0.0,0.0,0.0,46.66748778388753,optimal
2021-02-08 12:30:00,6,90,1.2490014018509767,0.0,0.0,1.9577333333333329,12.789,6.0,-2,20.0,,3122.5035046274415,0.0,0.0,0.0,46.50167242009732,optimal
2021-02-08 13:00:00,6,90,0.0,0.0,0.0,0.7756000000000001,13.0095,6.0,-2,20.150186601904398,,0.0,0.0,0.0,0.0,46.3360228716709,optimal
2021-02-08 13:30:00,6,90,2.8,0.0,0.0,1.9521,12.1275,6.0,-2,20.0,,7000.0,0.0,0.0,0.0,46.170538972792905,optimal
2021-02-08 14:00:00,6,90,0.13117014469443466,0.0,0.0,0.2668666666666667,12.348,6.0,-2,20.50213897263551,,327.9253617360867,0.0,0.0,0.0,46.005220557813786,optimal
2021-02-08 14:30:00,6,90,2.8,0.0,0.0,1.4989000000000001,12.348,6.0,-2,20.403376198632138,,7000.0,0.0,0.0,0.0,45.840067461249646,optimal
2021-02-08 15:00:00,6,90,0.0,0.0,0.0,2.5359000000000003,25.389,6.0,-2,21.008277205605005,,0.0,0.0,0.0,0.0,45.67507951778207,optimal
2021-02-08 15:30:00,6,90,0.0,0.0,0.0,0.3144666666666666,29.1375,6.0,-2,20.92287690676779,,0.0,0.0,0.0,0.0,45.510256562257965,optimal
2021-02-08 16:00:00,6,90,0.0,0.0,0.0,0.7525,30.597,6.0,-2,20.78848064915792,,0.0,0.0,0.0,0.0,45.34559842968938,optimal
2021-02-08 16:30:00,6,90,0.0,0.0,0.0,2.070766666666667,33.684,6.0,-2,20.652656872793383,,0.0,0.0,0.0,0.0,45.18110495525337,optimal
2021-02-08 17:00:00,6,90,0.0,0.0,0.0,0.4686666666666667,32.445,6.0,-2,20.509236895561184,,0.0,0.0,0.0,0.0,45.01677597429179,optimal
2021-02-08 17:30:00,6,90,0.0,0.0,0.0,0.4058333333333333,28.917,6.0,-2,20.339899960016268,,0.0,0.0,0.0,0.0,44.852611322311176,optimal
2021-02-08 18:00:00,6,90,0.0,0.0,0.0,0.6471333333333333,15.876,6.0,-2,20.16376944594847,,0.0,0.0,0.0,0.0,44.807758710988864,optimal
2021-02-08 18:30:00,6,90,0.7660483161593813,0.0,0.0,0.30419999999999997,12.348,6.0,-2,20.0,,1915.1207903984534,0.0,0.0,0.0,44.762950952277876,optimal
2021-02-08 19:00:00,6,90,1.1713848978299415,0.0,0.0,2.662833333333333,12.1275,6.0,-2,20.0,,2928.4622445748537,0.0,0.0,0.0,44.7181880013256,optimal
2021-02-08 19:30:00,6,90,0.0,0.0,0.0,2.7689333333333335,12.348,6.0,-2,20.136178331715126,,0.0,0.0,0.0,0.0,44.673469813324274,optimal
2021-02-08 20:00:00,6,90,0.804983086289956,0.0,0.0,1.3237333333333332,12.1275,6.0,-2,20.0,,2012.4577157248898,0.0,0.0,0.0,44.62879634351095,optimal
2021-02-08 20:30:00,6,90,0.0,0.0,0.0,1.4385,12.1275,6.0,-2,20.0,,0.0,0.0,0.0,0.0,44.58416754716744,optimal
2021-02-08 21:00:00,6,90,0.0,0.0,0.0,2.365133333333333,11.2665,6.0,-2,19.836942041166466,,0.0,0.0,0.0,0.0,44.539583379620275,optimal
2021-02-08 21:30:00,6,90,0.0,0.0,0.0,0.4555,10.143,6.0,-2,19.676395441518483,,0.0,0.0,0.0,0.0,44.49504379624066,optimal
2021-02-08 22:00:00,6,90,0.0,0.0,0.0,0.21653333333333333,11.2455,6.0,-2,19.509334472288334,,0.0,0.0,0.0,0.0,44.45054875244442,optimal
2021-02-08 22:30:00,6,90,0.0,0.0,0.0,0.10933333333333331,11.025,6.0,-2,19.285136642600676,,0.0,0.0,0.0,0.0,44.406098203691975,optimal
2021-02-08 23:00:00,6,90,0.0,0.0,0.0,0.14853333333333332,5.9745,6.0,-2,19.05347930249992,,0.0,0.0,0.0,0.0,44.36169210548828,optimal
2021-02-08 23:30:00,6,90,0.0,0.0,0.0,0.17733333333333334,7.938,6.0,-2,18.82806020827567,,0.0,0.0,0.0,0.0,44.31733041338279,optimal
2021-02-09 00:00:00,6,90,0.0,0.0,0.0,0.068,11.823,6.0,-3,18.82806020827567,,0.0,0.0,0.0,0.0,44.273013082969406,optimal
2021-02-09 00:30:00,6,90,2.8,0.0,0.0,0.18736666666666668,11.7705,6.0,-3,18.597924766544207,,0.0,0.0,7000.0,0.0,44.228740069886435,optimal
2021-02-09 01:00:00,6,90,2.8,0.0,0.0,0.22269999999999998,11.13,6.0,-3,18.382878839714053,,3132.0,0.0,3868.0,0.0,44.18451132981655,optimal
2021-02-09 01:30:00,6,90,2.8,0.0,0.0,0.09706666666666666,11.6865,6.0,-3,18.465664162379635,,7000.0,0.0,0.0,0.0,44.140326818486734,optimal
2021-02-09 02:00:00,6,90,2.8,0.0,3.9187461387833884,0.22653333333333334,10.7205,6.0,-3,18.892637504498882,,7000.0,0.0,0.0,0.0,45.95759090759036,optimal
2021-02-09 02:30:00,6,90,2.8,0.0,0.0,0.17213333333333333,11.424,6.0,-3,19.323780586398165,,7000.0,0.0,0.0,0.0,45.91163331668277,optimal
2021-02-09 03:00:00,6,90,2.8,0.0,5.0,0.18,10.689,6.0,-3,19.74525564236678,,7000.0,0.0,0.0,0.0,48.240721683366075,optimal
2021-02-09 03:30:00,6,90,2.8,0.0,0.0,0.14166666666666666,11.361,6.0,-3,20.16223884038215,,7000.0,0.0,0.0,0.0,48.192480961682705,optimal
2021-02-09 04:00:00,6,90,2.8,0.0,0.0,0.26839999999999997,11.571,6.0,-3,20.57112803297399,,7000.0,0.0,0.0,0.0,48.144288480721016,optimal
2021-02-09 04:30:00,6,90,0.0,0.0,0.0,0.068,14.3745,6.0,-3,20.987362972502954,,0.0,0.0,0.0,0.0,48.096144192240295,optimal
2021-02-09 05:00:00,6,90,0.7757455180459268,0.0,0.0,0.22036666666666668,13.23,6.0,-3,20.72776342138267,,1939.363795114817,0.0,0.0,0.0,48.048048048048045,optimal
2021-02-09 05:30:00,6,90,0.0,0.0,0.0,0.44953333333333334,13.9755,6.0,-3,20.664632945214475,,0.0,0.0,0.0,0.0,48.0,optimal
2021-02-09 06:00:00,6,90,0.0,0.0,0.0,0.7926,14.994,6.0,-3,20.454037282488272,,0.0,0.0,0.0,0.0,47.71128750910715,optimal
2021-02-09 06:30:00,6,90,2.8,0.0,0.0,0.9516,13.671,6.0,-3,20.243057644292566,,7000.0,0.0,0.0,0.0,47.422863730705195,optimal
2021-02-09 07:00:00,6,90,0.0,0.0,0.0,0.3927333333333333,15.981,6.0,-3,20.681136535125628,,0.0,0.0,0.0,0.0,47.13472837608165,optimal
2021-02-09 07:30:00,6,90,0.0,0.0,0.0,0.33813333333333334,15.6345,6.0,-3,20.473295996340106,,0.0,0.0,0.0,0.0,46.84688115681272,optimal
2021-02-09 08:00:00,6,90,0.0,0.0,0.0,2.028933333333333,16.5375,6.0,-3,20.280205728843892,,0.0,0.0,0.0,0.0,46.559321784763064,optimal
2021-02-09 08:30:00,6,90,0.0,0.0,0.0,2.1008666666666667,14.7735,6.0,-3,20.212907930816836,,0.0,0.0,0.0,0.0,46.272049972085455,optimal
2021-02-09 09:00:00,6,90,0.0,0.0,0.0,1.2502,15.2145,6.0,-3,20.15428185430979,,0.0,0.0,0.0,0.0,45.98506543122052,optimal
2021-02-09 09:30:00,6,90,0.7468190163247704,0.0,0.0,0.2367,14.553,6.0,-3,20.0,,1867.0475408119262,0.0,0.0,0.0,45.698367874896455,optimal
2021-02-09 10:00:00,6,90,1.4537841167728824,0.0,0.0,0.3836666666666667,14.3325,6.0,-3,20.0,,3634.4602919322065,0.0,0.0,0.0,45.41195701612871,optimal
2021-02-09 10:30:00,6,90,0.0,0.0,0.0,0.4744,14.595,6.0,-3,20.19330848784038,,0.0,0.0,0.0,0.0,45.125832568219735,optimal
2021-02-09 11:00:00,6,90,0.0,0.0,0.0,0.7309666666666667,14.994,6.0,-3,20.064527310123687,,0.0,0.0,0.0,0.0,44.83999424475867,optimal
2021-02-09 11:30:00,6,90,0.19767668346485043,0.0,0.0,0.9718666666666668,14.3325,6.0,-3,20.0,,494.1917086621261,0.0,0.0,0.0,44.554441759621064,optimal
2021-02-09 12:00:00,6,90,0.35184432961630285,0.0,0.0,0.5808666666666666,13.8915,6.0,-3,20.0,,879.610824040757,0.0,0.0,0.0,44.269174826968595,optimal
2021-02-09 12:30:00,6,90,0.24594008364242315,0.0,0.0,1.0305,13.8915,6.0,-3,20.0,,614.8502091060578,0.0,0.0,0.0,43.98419316124878,optimal
2021-02-09 13:00:00,6,90,1.0457667938676627,0.0,0.0,0.5028666666666667,13.4715,6.0,-3,20.0,,2614.416984669157,0.0,0.0,0.0,43.699496477194685,optimal
2021-02-09 13:30:00,6,90,2.8,0.0,0.0,0.37260000000000004,13.23,6.0,-3,20.168608097927144,,7000.0,0.0,0.0,0.0,43.41508448982464,optimal
2021-02-09 14:00:00,6,90,0.0,0.0,0.0,0.6742,13.8915,6.0,-3,20.75096929050265,,0.0,0.0,0.0,0.0,43.130956914441974,optimal
2021-02-09 14:30:00,6,90,0.0,0.0,0.0,0.7460666666666668,26.9325,6.0,-3,20.689868540299713,,0.0,0.0,0.0,0.0,42.84711346663469,optimal
2021-02-09 15:00:00,6,90,0.0,0.0,0.0,2.2885,30.303,6.0,-3,20.63371070853515,,0.0,0.0,0.0,0.0,42.56355386227521,optimal
2021-02-09 15:30:00,6,90,0.0,0.0,0.0,1.0959666666666668,32.886,6.0,-3,20.645266851254327,,0.0,0.0,0.0,0.0,42.28027781752009,optimal
2021-02-09 16:00:00,6,90,0.0,0.0,0.0,0.4058333333333333,34.9965,6.0,-3,20.6018491730766,,0.0,0.0,0.0,0.0,41.99728504880972,optimal
2021-02-09 16:30:00,6,90,0.0,0.0,0.0,0.5378,33.327,6.0,-3,20.453393817648976,,0.0,0.0,0.0,0.0,41.71457527286807,optimal
2021-02-09 17:00:00,6,90,0.0,0.0,0.0,0.8315666666666667,31.122,6.0,-3,20.351953264872133,,0.0,0.0,0.0,0.0,41.43214820670235,optimal
2021-02-09 17:30:00,6,90,0.0,0.0,0.0,2.1198333333333332,17.9025,6.0,-3,20.238218136487824,,0.0,0.0,0.0,0.0,41.1500035676028,optimal
2021-02-09 18:00:00,6,90,0.0,0.0,0.0,0.6221666666666666,15.6555,6.0,-3,20.1694030425918,,0.0,0.0,0.0,0.0,40.868141073142354,optimal
2021-02-09 18:30:00,6,90,0.6913319667215824,0.0,0.0,0.603,14.553,6.0,-3,20.0,,1728.329916803956,0.0,0.0,0.0,40.58656044117637,optimal
2021-02-09 19:00:00,6,90,0.7149962126954645,0.0,0.0,0.4279666666666666,14.3325,6.0,-3,20.0,,1787.4905317386615,0.0,0.0,0.0,40.30526138984234,optimal
2021-02-09 19:30:00,6,90,0.5935162126954548,0.0,0.0,0.6073333333333334,13.335,6.0,-3,20.0,,1483.7905317386374,0.0,0.0,0.0,40.02424363755966,optimal
2021-02-09 20:00:00,6,90,0.6905562126954571,0.0,0.0,0.5842333333333334,12.1275,6.0,-3,20.0,,1726.3905317386427,0.0,0.0,0.0,39.74350690302925,optimal
2021-02-09 20:30:00,6,90,0.0,0.0,0.0,0.4628,12.2955,6.0,-3,20.0,,0.0,0.0,0.0,0.0,39.463050905233374,optimal
2021-02-09 21:00:00,6,90,0.8081333333333334,0.0,0.0,0.7955666666666668,11.6865,6.0,-3,19.818640620124658,,0.0,0.0,2020.3333333333333,0.0,39.42358785432814,optimal
2021-02-09 21:30:00,6,90,0.1393333333333333,0.0,0.0,0.672,11.466,6.0,-3,19.6753954552692,,0.0,0.0,348.3333333333333,0.0,39.38416426647381,optimal
2021-02-09 22:00:00,6,90,0.0,0.0,0.0,0.43106666666666665,10.8045,6.0,-3,19.524933883896786,,0.0,0.0,0.0,0.0,39.34478010220734,optimal
2021-02-09 22:30:00,6,90,0.0836,0.0,0.0,1.8940333333333332,10.584,6.0,-3,19.340503881673797,,0.0,0.0,208.99999999999997,0.0,39.30543532210513,optimal
2021-02-09 23:00:00,6,90,0.0,0.0,0.0,0.9652000000000001,11.2455,6.0,-3,19.25130426828128,,0.0,0.0,0.0,0.0,39.26612988678303,optimal
2021-02-09 23:30:00,6,90,0.0,0.0,0.0,0.12279999999999999,12.1275,6.0,-3,19.094839615991113,,0.0,0.0,0.0,0.0,39.22686375689624,optimal
2021-02-10 00:00:00,6,90,1.3497308437247713,0.0,0.0,0.065,11.7075,6.0,1,19.094839615991113,,3374.327109311928,0.0,0.0,0.0,39.18763689313935,optimal
2021-02-10 00:30:00,6,90,2.8,0.0,4.939701020141561,0.08793333333333334,10.8045,6.0,1,19.170111130764365,,0.0,0.0,7000.0,0.0,41.49480724081345,optimal
2021-02-10 01:00:00,6,90,2.8,0.0,0.0,0.12173333333333332,11.508,6.0,1,18.932274705597553,,0.0,0.0,7000.0,0.0,41.453312433572634,optimal
2021-02-10 01:30:00,6,90,2.8,0.0,0.0,0.055,11.508,6.0,1,18.699950521175985,,100.0,0.0,6900.0,0.0,41.41185912113906,optimal
2021-02-10 02:00:00,6,90,2.8,0.0,0.0,0.2163333333333333,11.508,6.0,1,18.472607912978887,,7000.0,0.0,0.0,0.0,41.37044726201792,optimal
2021-02-10 02:30:00,6,90,2.8,0.0,0.0,0.055,11.844,6.0,1,18.902625360572777,,7000.0,0.0,0.0,0.0,41.329076814755894,optimal
2021-02-10 03:00:00,6,90,2.8,0.0,0.0,0.0693,11.508,6.0,1,19.311512839603434,,7000.0,0.0,0.0,0.0,41.28774773794113,optimal
2021-02-10 03:30:00,6,90,2.8,0.0,0.0,0.20203333333333334,11.508,6.0,1,19.715877573770587,,7000.0,0.0,0.0,0.0,41.24645999020319,optimal
2021-02-10 04:00:00,6,90,2.8,0.0,5.0,0.055,10.4475,6.0,1,20.126779018424166,,7000.0,0.0,0.0,0.0,43.58021353021298,optimal
2021-02-10 04:30:00,6,90,2.8,0.0,5.0,0.14556666666666665,10.8675,6.0,1,20.518151541465727,,7000.0,0.0,0.0,0.0,45.91163331668277,optimal
2021-02-10 05:00:00,6,90,2.8,0.0,5.0,0.1257666666666667,10.542,6.0,1,20.91090134660493,,7000.0,0.0,0.0,0.0,48.240721683366075,optimal
2021-02-10 05:30:00,6,90,2.8,0.0,0.0,0.11696666666666668,11.025,6.0,1,21.29476285123615,,7000.0,0.0,0.0,0.0,48.192480961682705,optimal
2021-02-10 06:00:00,6,90,2.8,0.0,0.0,0.15436666666666668,11.025,6.0,1,21.670884411186037,,7000.0,0.0,0.0,0.0,48.144288480721016,optimal
2021-02-10 06:30:00,6,90,0.0,0.0,0.0,0.11220000000000001,14.553,6.0,1,22.0436657397492,,0.0,0.0,0.0,0.0,48.096144192240295,optimal
2021-02-10 07:00:00,6,90,2.8,0.0,0.0,0.15913333333333332,13.0935,6.0,1,21.760216219296524,,7000.0,0.0,0.0,0.0,48.048048048048045,optimal
2021-02-10 07:30:00,6,90,0.0,0.0,0.0,0.055,15.6345,6.0,1,22.137885041773245,,0.0,0.0,0.0,0.0,48.0,optimal
2021-02-10 08:00:00,6,90,0.0,0.0,0.0,0.22843333333333332,18.102,6.0,1,21.851811108129564,,0.0,0.0,0.0,0.0,47.88708758559354,optimal
2021-02-10 08:30:00,6,90,0.0,0.0,0.0,0.0712,17.199,6.0,1,21.594849157960077,,0.0,0.0,0.0,0.0,47.77428808360149,optimal
2021-02-10 09:00:00,6,90,0.0,0.0,0.0,0.17666666666666667,18.2805,6.0,1,21.345347491669365,,0.0,0.0,0.0,0.0,47.66160138111143,optimal
2021-02-10 09:30:00,6,90,0.0,0.0,0.0,0.15986666666666668,17.4615,6.0,1,21.13124245106987,,0.0,0.0,0.0,0.0,47.549027365323866,optimal
2021-02-10 10:00:00,6,90,0.0,0.0,0.0,0.2596,18.3225,6.0,1,20.91281337483548,,0.0,0.0,0.0,0.0,47.43656592355209,optimal
2021-02-10 10:30:00,6,90,0.0,0.0,0.0,1.3414333333333335,17.094,6.0,1,20.73183556645763,,0.0,0.0,0.0,0.0,47.324216943222076,optimal
2021-02-10 11:00:00,6,90,0.0,0.0,0.0,3.267233333333333,17.094,6.0,1,20.560171013285693,,0.0,0.0,0.0,0.0,47.211980311872395,optimal
2021-02-10 11:30:00,6,90,0.0,0.0,0.0,0.7087,17.094,6.0,1,20.44275302547766,,0.0,0.0,0.0,0.0,47.099855917154066,optimal
2021-02-10 12:00:00,6,90,0.0,0.0,0.0,0.4819,17.3565,6.0,1,20.30328446447323,,0.0,0.0,0.0,0.0,46.987843646830456,optimal
2021-02-10 12:30:00,6,90,0.0,0.0,0.0,0.5943666666666667,17.115,6.0,1,20.213781377808207,,0.0,0.0,0.0,0.0,46.875943388777166,optimal
2021-02-10 13:00:00,6,90,0.0,0.0,0.0,1.4618,17.241,6.0,1,20.097421249662894,,0.0,0.0,0.0,0.0,46.76415503098193,optimal
2021-02-10 13:30:00,6,90,0.4644525066711875,0.0,0.0,0.7983333333333333,17.094,6.0,1,20.0,,1161.1312666779688,0.0,0.0,0.0,46.65247846154449,optimal
2021-02-10 14:00:00,6,90,2.8,0.0,0.0,1.2315999999999998,16.5165,6.0,1,20.0,,7000.0,0.0,0.0,0.0,46.54091356867649,optimal
2021-02-10 14:30:00,6,90,0.0,0.0,0.0,0.6239666666666667,17.8185,6.0,1,20.559770471757854,,0.0,0.0,0.0,0.0,46.42946024070135,optimal
2021-02-10 15:00:00,6,90,2.7983049436788243,0.0,0.0,0.35736666666666667,17.094,6.0,1,20.452173327772336,,6995.7623591970605,0.0,0.0,0.0,46.31811836605419,optimal
2021-02-10 15:30:00,6,90,2.8,0.0,0.0,0.4533666666666667,16.8945,6.0,1,20.98288213851391,,7000.0,0.0,0.0,0.0,46.206887833281684,optimal
2021-02-10 16:00:00,6,90,0.0,0.0,0.0,0.488,18.123,6.0,1,21.50350970371281,,0.0,0.0,0.0,0.0,46.09576853104195,optimal
2021-02-10 16:30:00,6,90,0.0,0.0,0.0,0.7124666666666667,31.647,6.0,1,21.32350774690072,,0.0,0.0,0.0,0.0,45.98476034810445,optimal
2021-02-10 17:00:00,6,90,0.0,0.0,0.0,0.2281,34.9965,6.0,1,21.18348772127995,,0.0,0.0,0.0,0.0,45.87386317334989,optimal
2021-02-10 17:30:00,6,90,0.0,0.0,0.0,0.3288666666666667,34.9965,6.0,1,20.97767815609182,,0.0,0.0,0.0,0.0,45.763076895770084,optimal
2021-02-10 18:00:00,6,90,0.0,0.0,0.0,0.4638,34.9965,6.0,1,20.772598796204665,,0.0,0.0,0.0,0.0,45.65240140446786,optimal
2021-02-10 18:30:00,6,90,0.0,0.0,0.0,0.3942,34.9965,6.0,1,20.58161820084498,,0.0,0.0,0.0,0.0,45.541836588656935,optimal
2021-02-10 19:00:00,6,90,0.0,0.0,0.0,0.42036666666666667,34.9965,6.0,1,20.408183928969898,,0.0,0.0,0.0,0.0,45.43138233766182,optimal
2021-02-10 19:30:00,6,90,0.0,0.0,0.0,0.3992,27.741,6.0,1,20.20823614930065,,0.0,0.0,0.0,0.0,45.321038540917705,optimal
2021-02-10 20:00:00,6,90,0.7209776748645278,0.0,0.0,1.4813666666666665,19.026,6.0,1,20.0,,1802.4441871613194,0.0,0.0,0.0,45.21080508797033,optimal
2021-02-10 20:30:00,6,90,0.0,0.0,0.0,1.1100333333333332,18.7215,6.0,1,20.0,,0.0,0.0,0.0,0.0,45.16559428288236,optimal
2021-02-10 21:00:00,6,90,0.0,0.0,0.0,0.7260666666666667,17.4195,6.0,1,19.842668057859434,,0.0,0.0,0.0,0.0,45.120428688599475,optimal
2021-02-10 21:30:00,6,90,0.0,0.0,0.0,0.3432333333333333,16.758,6.0,1,19.683331078099652,,0.0,0.0,0.0,0.0,45.07530825991088,optimal
2021-02-10 22:00:00,6,90,0.0,0.0,0.0,0.6211666666666666,14.217,6.0,1,19.45839403064058,,0.0,0.0,0.0,0.0,45.030232951650966,optimal
2021-02-10 22:30:00,6,90,0.0,0.0,0.0,0.38703333333333334,13.3665,6.0,1,19.22226778306998,,0.0,0.0,0.0,0.0,44.98520271869931,optimal
2021-02-10 23:00:00,6,90,0.4458666666666669,0.0,0.0,0.6248666666666667,12.789,6.0,1,18.98493732126255,,0.0,0.0,1114.6666666666672,0.0,44.94021751598061,optimal
2021-02-10 23:30:00,6,90,0.11146666666666666,0.0,0.0,0.465,11.907,6.0,1,18.764531960788254,,0.0,0.0,278.66666666666663,0.0,44.895277298464634,optimal
2021-02-11 00:00:00,6,90,2.8,0.0,0.0,0.06236666666666667,11.6865,6.0,-2,18.764531960788254,,7000.0,0.0,0.0,0.0,44.85038202116617,optimal
2021-02-11 00:30:00,6,90,2.8,0.0,0.0,0.06963333333333334,11.2245,6.0,-2,19.13380078548988,,0.0,0.0,7000.0,0.0,44.805531639145,optimal
2021-02-11 01:00:00,6,90,2.8,0.0,0.0,0.17036666666666667,11.025,6.0,-2,18.868462720867527,,4734.333333333334,0.0,2265.6666666666665,0.0,44.76072610750586,optimal
2021-02-11 01:30:00,6,90,2.8,0.0,0.0,0.09316666666666669,10.7835,6.0,-2,19.02792529131594,,7000.0,0.0,0.0,0.0,44.715965381398355,optimal
2021-02-11 02:00:00,6,90,2.8,0.0,0.0,0.0996,11.025,6.0,-2,19.388272351389695,,7000.0,0.0,0.0,0.0,44.671249416016956,optimal
2021-02-11 02:30:00,6,90,2.8,0.0,3.3124762876157603,0.16393333333333335,10.584,6.0,-2,19.744060872525186,,7000.0,0.0,0.0,0.0,46.200004403218415,optimal
2021-02-11 03:00:00,6,90,2.8,0.0,0.0,0.061,11.025,6.0,-2,20.09930043637807,,7000.0,0.0,0.0,0.0,46.15380439881519,optimal
2021-02-11 03:30:00,6,90,2.8,0.0,5.0,0.1832333333333333,10.4265,6.0,-2,20.438470715696905,,7000.0,0.0,0.0,0.0,48.48265059441637,optimal
2021-02-11 04:00:00,6,90,2.8,0.0,0.0,0.0803,12.789,6.0,-2,20.787712681087097,,7000.0,0.0,0.0,0.0,48.434167943821954,optimal
2021-02-11 04:30:00,6,90,2.8,0.0,0.0,0.11246666666666669,12.684,6.0,-2,21.125978907373025,,7000.0,0.0,0.0,0.0,48.38573377587813,optimal
2021-02-11 05:00:00,6,90,2.8,0.0,0.0,0.15106666666666665,16.254,6.0,-2,21.462391474079386,,7000.0,0.0,0.0,0.0,48.33734804210225,optimal
2021-02-11 05:30:00,6,90,1.1338455316617997,0.0,0.0,0.069,17.64,6.0,-2,21.79757414076717,,2834.613829154499,0.0,0.0,0.0,48.289010694060146,optimal
2021-02-11 06:00:00,6,90,0.0,0.0,0.0,0.21553333333333333,19.1625,6.0,-2,21.73648355887988,,0.0,0.0,0.0,0.0,48.240721683366075,optimal
2021-02-11 06:30:00,6,90,0.0,0.0,0.0,0.06433333333333333,26.46,6.0,-2,21.434133535151826,,0.0,0.0,0.0,0.0,48.192480961682705,optimal
2021-02-11 07:00:00,6,90,0.0,0.0,0.0,0.14463333333333334,20.79,6.0,-2,21.129301300689654,,0.0,0.0,0.0,0.0,48.144288480721016,optimal
2021-02-11 07:30:00,6,90,0.0,0.0,0.0,0.12123333333333332,29.106,6.0,-2,20.833116139148398,,0.0,0.0,0.0,0.0,48.096144192240295,optimal
2021-02-11 08:00:00,6,90,0.0,0.0,0.0,0.0778,19.1835,6.0,-2,20.539495177549963,,0.0,0.0,0.0,0.0,48.048048048048045,optimal
2021-02-11 08:30:00,6,90,0.0,0.0,0.0,0.2149333333333333,19.6665,6.0,-2,20.257006653781406,,0.0,0.0,0.0,0.0,48.0,optimal
2021-02-11 09:00:00,6,90,1.0360355257786777,0.0,0.0,0.08,19.404,6.0,-2,20.0,,2590.0888144466944,0.0,0.0,0.0,47.654416684741186,optimal
2021-02-11 09:30:00,6,90,0.8409023095834907,0.0,0.0,0.0935,19.047,6.0,-2,20.0,,2102.255773958727,0.0,0.0,0.0,47.30917895279763,optimal
2021-02-11 10:00:00,6,90,1.1668173589088606,0.0,0.0,0.25253333333333333,18.858,6.0,-2,20.0,,2917.043397272151,0.0,0.0,0.0,46.964286458586024,optimal
2021-02-11 10:30:00,6,90,0.0,0.0,0.0,0.11026666666666668,19.2675,6.0,-2,20.15525913593745,,0.0,0.0,0.0,0.0,46.61973885686862,optimal
2021-02-11 11:00:00,6,90,0.4730002791239809,0.0,0.0,1.4595666666666667,18.963,6.0,-2,20.0,,1182.5006978099523,0.0,0.0,0.0,46.27553580275294,optimal
2021-02-11 11:30:00,6,90,0.6900610490341978,0.0,0.0,1.2512999999999999,18.438,6.0,-2,20.0,,1725.1526225854946,0.0,0.0,0.0,45.93167695169137,optimal
2021-02-11 12:00:00,6,90,0.0,0.0,0.0,2.349266666666667,18.7425,6.0,-2,20.067113992443268,,0.0,0.0,0.0,0.0,45.58816195948087,optimal
2021-02-11 12:30:00,6,90,2.8,0.0,0.0,1.5312666666666668,15.2145,6.0,-2,20.0,,7000.0,0.0,0.0,0.0,45.24499048226258,optimal
2021-02-11 13:00:00,6,90,0.0,0.0,0.0,0.6059333333333333,17.7765,6.0,-2,20.562068464295496,,0.0,0.0,0.0,0.0,44.90216217652151,optimal
2021-02-11 13:30:00,6,90,0.7341481577465636,0.0,0.0,2.3574333333333333,16.758,6.0,-2,20.42763510796269,,1835.370394366409,0.0,0.0,0.0,44.559676699086175,optimal
2021-02-11 14:00:00,6,90,2.8,0.0,0.0,2.6665,16.422,6.0,-2,20.485011140119568,,7000.0,0.0,0.0,0.0,44.217533707128275,optimal
2021-02-11 14:30:00,6,90,2.8,0.0,0.0,0.4132,16.758,6.0,-2,21.03465389696766,,7000.0,0.0,0.0,0.0,43.87573285816234,optimal
2021-02-11 15:00:00,6,90,0.0,0.0,0.0,0.21480000000000002,29.358,6.0,-2,21.5400285986918,,0.0,0.0,0.0,0.0,43.53427381004536,optimal
2021-02-11 15:30:00,6,90,0.0,0.0,0.0,0.07553333333333333,34.9965,6.0,-2,21.360777942849225,,0.0,0.0,0.0,0.0,43.193156220976505,optimal
2021-02-11 16:00:00,6,90,0.0,0.0,0.0,0.16363333333333333,34.65,6.0,-2,21.170599424191025,,0.0,0.0,0.0,0.0,42.85237974949671,optimal
2021-02-11 16:30:00,6,90,0.0,0.0,0.0,0.22,34.9965,6.0,-2,20.967373578172282,,0.0,0.0,0.0,0.0,42.5119440544884,optimal
2021-02-11 17:00:00,6,90,0.0,0.0,0.0,0.0723,34.9965,6.0,-2,20.76812717185764,,0.0,0.0,0.0,0.0,42.1718487951751,optimal
2021-02-11 17:30:00,6,90,0.0,0.0,0.0,0.20903333333333332,30.4815,6.0,-2,20.519104153436043,,0.0,0.0,0.0,0.0,41.83209363112111,optimal
2021-02-11 18:00:00,6,90,0.0,0.0,0.0,0.1487,21.4305,6.0,-2,20.27590731801289,,0.0,0.0,0.0,0.0,41.49267822223118,optimal
2021-02-11 18:30:00,6,90,1.4423740359999022,0.0,0.0,0.24719999999999998,14.3325,6.0,-2,20.0,,3118.268423333089,0.0,487.6666666666667,0.0,41.15360222875013,optimal
2021-02-11 19:00:00,6,90,2.8,0.0,0.0,0.22273333333333328,13.692,6.0,-2,20.0,,6582.0,0.0,418.0,0.0,40.814865311262565,optimal
2021-02-11 19:30:00,6,90,0.0625683750482685,0.0,0.0,0.1799,14.007,6.0,-2,20.308728165937964,,156.42093762067122,0.0,0.0,0.0,40.47646713069249,optimal
2021-02-11 20:00:00,6,90,1.3121726499462905,0.0,0.0,0.17,12.873,6.0,-2,20.0,,3280.431624865726,0.0,0.0,0.0,40.138407348302984,optimal
2021-02-11 20:30:00,6,90,0.0,0.0,0.0,0.3145333333333334,12.684,6.0,-2,20.0,,0.0,0.0,0.0,0.0,39.80068562569587,optimal
2021-02-11 21:00:00,6,90,0.027866666666666665,0.0,0.0,0.2733333333333333,12.306,6.0,-2,19.718055549984133,,0.0,0.0,69.66666666666666,0.0,39.463301624811365,optimal
2021-02-11 21:30:00,6,90,0.836,0.0,0.0,0.3475666666666667,10.6365,6.0,-2,19.4254968860388,,0.0,0.0,2090.0,0.0,39.42383832318655,optimal
2021-02-11 22:00:00,6,90,0.0,0.0,0.0,0.37546666666666656,11.2455,6.0,-2,19.14758742503677,,0.0,0.0,0.0,0.0,39.38441448486336,optimal
2021-02-11 22:30:00,6,90,0.0,0.0,0.0,0.24556666666666663,11.2455,6.0,-2,18.887830964356294,,0.0,0.0,0.0,0.0,39.3450300703785,optimal
2021-02-11 23:00:00,6,90,0.0,0.0,0.0,0.09446666666666668,11.025,6.0,-2,18.594019076719796,,0.0,0.0,0.0,0.0,39.30568504030812,optimal
2021-02-11 23:30:00,6,90,0.0,0.0,0.0,0.15743333333333334,12.0855,6.0,-2,18.289860119680554,,0.0,0.0,0.0,0.0,39.26637935526781,optimal
2021-02-12 00:00:00,6,90,0.0,0.0,0.0,0.06,11.7285,6.0,4,18.289860119680554,,0.0,0.0,0.0,0.0,39.22711297591254,optimal
2021-02-12 00:30:00,6,90,0.0,0.0,0.0,0.08286666666666666,11.025,6.0,4,17.959373899621866,,0.0,0.0,0.0,0.0,39.187885862936625,optimal
2021-02-12 01:00:00,6,90,1.0177333333333334,0.0,0.0,0.13346666666666668,10.689,6.0,4,17.63573903743029,,0.0,0.0,2544.3333333333335,0.0,39.14869797707369,optimal
2021-02-12 01:30:00,6,90,2.8,0.0,5.0,0.10246666666666668,8.1585,6.0,4,17.32873513686687,,0.0,0.0,7000.0,0.0,41.48454927909661,optimal
2021-02-12 02:00:00,6,90,2.8,0.0,0.0,0.07633333333333332,10.3635,6.0,4,17.017373677832566,,7000.0,0.0,0.0,0.0,41.443064729817515,optimal
2021-02-12 02:30:00,6,90,2.8,0.0,0.0,0.0698,10.8045,6.0,4,17.359316004019558,,7000.0,0.0,0.0,0.0,41.401621665087696,optimal
2021-02-12 03:00:00,6,90,0.2778651174609687,0.0,0.0,0.109,11.025,6.0,4,17.700051706196295,,694.6627936524217,0.0,0.0,0.0,41.36022004342261,optimal
2021-02-12 03:30:00,6,90,2.8,0.0,0.0,0.06,10.3635,6.0,4,17.458488447948106,,7000.0,0.0,0.0,0.0,41.318859823379185,optimal
2021-02-12 04:00:00,6,90,2.8,0.0,0.0,0.11226666666666668,10.8045,6.0,4,17.811203236333892,,7000.0,0.0,0.0,0.0,41.27754096355581,optimal
2021-02-12 04:30:00,6,90,2.8,0.0,4.614603383148012,0.06653333333333333,10.059,6.0,4,18.173739084934162,,7000.0,0.0,0.0,0.0,43.42820002958756,optimal
2021-02-12 05:00:00,6,90,2.8,0.0,0.0,0.06,10.584,6.0,4,18.536857657251506,,7000.0,0.0,0.0,0.0,43.38477182955796,optimal
2021-02-12 05:30:00,6,90,2.8,0.0,5.0,0.1188,9.4185,6.0,4,18.904189743246455,,7000.0,0.0,0.0,0.0,45.716387057728404,optimal
2021-02-12 06:00:00,6,90,2.8,0.0,0.0,0.17033333333333334,10.3635,6.0,4,19.2831710500457,,7000.0,0.0,0.0,0.0,45.670670670670674,optimal
2021-02-12 06:30:00,6,90,2.8,0.0,5.0,1.3022,9.8385,6.0,4,19.685276397306055,,7000.0,0.0,0.0,0.0,48.0,optimal
2021-02-12 07:00:00,6,90,2.8,0.0,0.0,4.4432,11.067,6.0,4,20.134660621163338,,7000.0,0.0,0.0,0.0,47.65316874955925,optimal
2021-02-12 07:30:00,6,90,2.8,0.0,0.0,2.292733333333333,10.8465,6.0,4,20.685888971790344,,7000.0,0.0,0.0,0.0,47.30668433036894,optimal
2021-02-12 08:00:00,6,90,0.0,0.0,0.0,0.20466666666666664,13.671,6.0,4,21.128091587446796,,0.0,0.0,0.0,0.0,46.960546395597824,optimal
2021-02-12 08:30:00,6,90,2.8,0.0,0.0,1.6176,12.348,6.0,4,20.831310174344544,,7000.0,0.0,0.0,0.0,46.61475459876148,optimal
2021-02-12 09:00:00,6,90,0.0,0.0,0.0,0.4806,14.3325,6.0,4,21.184593530965444,,0.0,0.0,0.0,0.0,46.269308593721966,optimal
2021-02-12 09:30:00,6,90,0.0,0.0,0.0,1.7094,15.393,6.0,4,20.898785819743534,,0.0,0.0,0.0,0.0,45.924208034687496,optimal
2021-02-12 10:00:00,6,90,0.0,0.0,0.0,0.3499333333333333,13.587,6.0,4,20.65747219033575,,0.0,0.0,0.0,0.0,45.57945257621206,optimal
2021-02-12 10:30:00,6,90,0.0,0.0,0.0,0.09513333333333333,16.1385,6.0,4,20.473455628814424,,0.0,0.0,0.0,0.0,45.2350418731951,optimal
2021-02-12 11:00:00,6,90,0.0,0.0,0.0,1.745,14.595,6.0,4,20.283873545126433,,0.0,0.0,0.0,0.0,44.890975580881154,optimal
2021-02-12 11:30:00,6,90,0.0,0.0,0.0,1.6362,14.637,6.0,4,20.138837675058852,,0.0,0.0,0.0,0.0,44.54725335485952,optimal
2021-02-12 12:00:00,6,90,0.5999352779383531,0.0,0.0,1.6612,13.9125,6.0,4,20.0,,1499.8381948458828,0.0,0.0,0.0,44.203874851063915,optimal
2021-02-12 12:30:00,6,90,0.6096981905789075,0.0,0.0,0.42236666666666667,13.3665,6.0,4,20.0,,1524.2454764472689,0.0,0.0,0.0,43.8608397257721,optimal
2021-02-12 13:00:00,6,90,1.1604559783860273,0.0,0.0,1.8944,13.0095,6.0,4,20.0,,2901.139945965068,0.0,0.0,0.0,43.51814763560558,optimal
2021-02-12 13:30:00,6,90,0.0,0.0,0.0,0.18086666666666668,13.8915,6.0,4,20.145508373984846,,0.0,0.0,0.0,0.0,43.17579823752923,optimal
2021-02-12 14:00:00,6,90,0.6437544675171233,0.0,0.0,0.204,13.188,6.0,4,20.0,,1609.3861687928083,0.0,0.0,0.0,42.83379118885095,optimal
2021-02-12 14:30:00,6,90,0.7557326422360144,0.0,0.0,0.11246666666666669,12.5685,6.0,4,20.0,,1889.331605590036,0.0,0.0,0.0,42.492126147221356,optimal
2021-02-12 15:00:00,6,90,0.8225422087895361,0.0,0.0,0.0994,12.285,6.0,4,20.0,,2056.35552197384,0.0,0.0,0.0,42.15080277063338,optimal
2021-02-12 15:30:00,6,90,2.1897177439282194,0.0,0.0,0.12166666666666669,11.487,6.0,4,20.0,,5474.294359820549,0.0,0.0,0.0,41.809820717422,optimal
2021-02-12 16:00:00,6,90,0.0,0.0,0.0,0.8847666666666667,11.802,6.0,4,20.330314626973863,,0.0,0.0,0.0,0.0,41.469179646263825,optimal
2021-02-12 16:30:00,6,90,2.8,0.0,0.0,0.8838333333333334,11.2245,6.0,4,20.18964446292689,,7000.0,0.0,0.0,0.0,41.12887921617681,optimal
2021-02-12 17:00:00,6,90,2.8,0.0,0.0,2.0412,11.025,6.0,4,20.68424377530931,,7000.0,0.0,0.0,0.0,40.78891908651989,optimal
2021-02-12 17:30:00,6,90,2.8,0.0,0.0,1.3583333333333332,11.907,6.0,4,21.09857457761312,,7000.0,0.0,0.0,0.0,40.44929891699262,optimal
2021-02-12 18:00:00,6,90,0.0,0.0,0.0,0.07,25.83,6.0,4,21.490212586073667,,0.0,0.0,0.0,0.0,40.11001836763488,optimal
2021-02-12 18:30:00,6,90,0.0,0.0,0.0,0.11246666666666669,28.035,6.0,4,21.18432925467038,,0.0,0.0,0.0,0.0,39.771077098826495,optimal
2021-02-12 19:00:00,6,90,0.0,0.0,0.0,0.08633333333333333,28.119,6.0,4,20.886049441027126,,0.0,0.0,0.0,0.0,39.43247477128692,optimal
2021-02-12 19:30:00,6,90,0.0,0.0,0.0,0.07,30.156,6.0,4,20.58889588241393,,0.0,0.0,0.0,0.0,39.09421104607488,optimal
2021-02-12 20:00:00,6,90,0.0,0.0,0.0,0.07,29.1585,6.0,4,20.293046856034554,,0.0,0.0,0.0,0.0,38.756285584588056,optimal
2021-02-12 20:30:00,6,90,0.0,0.0,0.0,0.1288,26.712,6.0,4,20.0,,0.0,0.0,0.0,0.0,38.41869804856272,optimal
2021-02-12 21:00:00,6,90,0.0,0.0,0.0,0.07,15.435,6.0,4,19.714458522163604,,0.0,0.0,0.0,0.0,38.08144810007341,optimal
2021-02-12 21:30:00,6,90,0.0,0.0,0.0,0.5172666666666667,13.566,6.0,4,19.425397654632643,,0.0,0.0,0.0,0.0,37.74453540153259,optimal
2021-02-12 22:00:00,6,90,0.0,0.0,0.0,0.1913,12.789,6.0,4,19.21668752183728,,0.0,0.0,0.0,0.0,37.70679086613106,optimal
2021-02-12 22:30:00,6,90,0.0,0.0,0.0,0.20446666666666666,12.1275,6.0,4,19.0162309678741,,0.0,0.0,0.0,0.0,37.66908407526493,optimal
2021-02-12 23:00:00,6,90,0.0,0.0,0.0,1.8590666666666664,13.671,6.0,4,18.84745226693461,,0.0,0.0,0.0,0.0,37.631414991189665,optimal
2021-02-12 23:30:00,6,90,0.0,0.0,0.0,0.0912,10.668,6.0,4,18.659716591173677,,0.0,0.0,0.0,0.0,37.593783576198476,optimal
2021-02-13 00:00:00,6,90,0.1393333333333333,0.0,0.0,0.547,10.059,6.0,-1,18.659716591173677,,0.0,0.0,348.3333333333333,0.0,37.55618979262228,optimal
2021-02-13 00:30:00,6,90,0.690613007156442,0.0,0.0,0.5034666666666666,9.261,6.0,-1,18.443437346453507,,0.0,0.0,1726.532517891105,0.0,37.51863360282965,optimal
2021-02-13 01:00:00,6,90,2.8,0.0,5.0,0.057,8.1585,6.0,-1,18.2634657537036,,0.0,0.0,7000.0,0.0,39.85611496922682,optimal
2021-02-13 01:30:00,6,90,0.0,0.0,0.0,0.057,9.4815,6.0,-1,18.028978124759483,,0.0,0.0,0.0,0.0,39.8162588542576,optimal
2021-02-13 02:00:00,6,90,2.8,0.0,0.0,0.1362,8.379,6.0,-1,17.79856089030256,,6460.865851224438,0.0,539.1341487755617,0.0,39.77644259540334,optimal
2021-02-13 02:30:00,6,90,0.0,0.0,0.0,0.123,9.5235,6.0,-1,18.17930206773207,,0.0,0.0,0.0,0.0,39.736666152807935,optimal
2021-02-13 03:00:00,6,90,2.8,0.0,5.0,0.057,8.1375,6.0,-1,17.953576519876968,,7000.0,0.0,0.0,0.0,42.07192948665513,optimal
2021-02-13 03:30:00,6,90,0.0,0.0,0.0,0.1296,10.0905,6.0,-1,18.374797696811175,,0.0,0.0,0.0,0.0,42.02985755716848,optimal
2021-02-13 04:00:00,6,90,2.8,0.0,5.0,0.1296,7.539,6.0,-1,18.146172354767675,,7000.0,0.0,0.0,0.0,44.36282769961131,optimal
2021-02-13 04:30:00,6,90,2.8,0.0,5.0,0.057,7.938,6.0,-1,18.569946939148952,,7000.0,0.0,0.0,0.0,46.6934648719117,optimal
2021-02-13 05:00:00,6,90,2.8,0.0,3.152667523539447,0.1032,8.274,6.0,-1,18.979487644540527,,7000.0,0.0,0.0,0.0,48.144288480721016,optimal
2021-02-13 05:30:00,6,90,2.8,0.0,0.0,0.432,9.261,6.0,-1,19.386026910796268,,7000.0,0.0,0.0,0.0,48.096144192240295,optimal
2021-02-13 06:00:00,6,90,2.8,0.0,0.0,0.6804,9.9225,6.0,-1,19.825157253580677,,7000.0,0.0,0.0,0.0,48.048048048048045,optimal
2021-02-13 06:30:00,6,90,2.8,0.0,0.0,0.3679333333333333,9.702,6.0,-1,20.249201185665815,,7000.0,0.0,0.0,0.0,48.0,optimal
2021-02-13 07:00:00,6,90,2.8,0.0,0.0,0.4948666666666667,10.584,6.0,-1,20.670425090303727,,7000.0,0.0,0.0,0.0,47.72069904668234,optimal
2021-02-13 07:30:00,6,90,2.8,0.0,0.0,0.24,10.143,6.0,-1,21.100694932903195,,7000.0,0.0,0.0,0.0,47.441677394318,optimal
2021-02-13 08:00:00,6,90,0.0,0.0,0.0,0.7060333333333333,13.0095,6.0,-1,21.499244362615624,,0.0,0.0,0.0,0.0,47.162934763606025,optimal
2021-02-13 08:30:00,6,90,2.8,0.0,0.0,0.207,11.025,6.0,-1,21.250525129008302,,7000.0,0.0,0.0,0.0,46.88447087552476,optimal
2021-02-13 09:00:00,6,90,0.0,0.0,0.0,0.9797666666666668,12.789,6.0,-1,21.632200147564266,,0.0,0.0,0.0,0.0,46.60628545133158,optimal
2021-02-13 09:30:00,6,90,0.0,0.0,0.0,0.7855666666666667,12.1275,6.0,-1,21.39179853845746,,0.0,0.0,0.0,0.0,46.32837821256259,optimal
2021-02-13 10:00:00,6,90,0.0,0.0,0.0,0.15280000000000002,12.1695,6.0,-1,21.147467959318615,,0.0,0.0,0.0,0.0,46.05074888103237,optimal
2021-02-13 10:30:00,6,90,0.0,0.0,0.0,0.1264,12.306,6.0,-1,20.897628049530258,,0.0,0.0,0.0,0.0,45.77339717883368,optimal
2021-02-13 11:00:00,6,90,0.0,0.0,0.0,0.244,13.23,6.0,-1,20.64962735077959,,0.0,0.0,0.0,0.0,45.49632282833719,optimal
2021-02-13 11:30:00,6,90,0.0,0.0,0.0,0.22046666666666667,13.671,6.0,-1,20.466430815744822,,0.0,0.0,0.0,0.0,45.2195255521912,optimal
2021-02-13 12:00:00,6,90,0.0,0.0,0.0,1.2681333333333333,13.9335,6.0,-1,20.284027136226438,,0.0,0.0,0.0,0.0,44.94300507332135,optimal
2021-02-13 12:30:00,6,90,0.0,0.0,0.0,0.6674,13.293,6.0,-1,20.1520785020528,,0.0,0.0,0.0,0.0,44.666761114930374,optimal
2021-02-13 13:00:00,6,90,0.6793780424764134,0.0,0.0,0.14906666666666665,12.1065,6.0,-1,20.0,,1698.4451061910333,0.0,0.0,0.0,44.390793400497785,optimal
2021-02-13 13:30:00,6,90,0.6393998677575241,0.0,0.0,0.2336,11.571,6.0,-1,20.0,,1598.4996693938103,0.0,0.0,0.0,44.11510165377963,optimal
2021-02-13 14:00:00,6,90,1.9173239434122418,0.0,0.0,0.3588,11.025,6.0,-1,20.0,,4793.309858530604,0.0,0.0,0.0,43.839685598808195,optimal
2021-02-13 14:30:00,6,90,2.8,0.0,0.0,0.4532333333333333,10.8465,6.0,-1,20.282930526041024,,7000.0,0.0,0.0,0.0,43.56454495989173,optimal
2021-02-13 15:00:00,6,90,2.8,0.0,0.0,0.8043333333333333,11.2455,6.0,-1,20.749746537017565,,7000.0,0.0,0.0,0.0,43.28967946161418,optimal
2021-02-13 15:30:00,6,90,0.0,0.0,0.0,0.7350666666666668,23.8665,6.0,-1,21.23858298631234,,0.0,0.0,0.0,0.0,43.015088828834905,optimal
2021-02-13 16:00:00,6,90,0.0,0.0,0.0,0.5359333333333333,27.4575,6.0,-1,21.065851554371594,,0.0,0.0,0.0,0.0,42.74077278668841,optimal
2021-02-13 16:30:00,6,90,0.0,0.0,0.0,0.9744333333333332,27.3735,6.0,-1,20.860543497929093,,0.0,0.0,0.0,0.0,42.46673106058407,optimal
2021-02-13 17:00:00,6,90,0.0,0.0,0.0,0.6297333333333334,30.4605,6.0,-1,20.696009354116573,,0.0,0.0,0.0,0.0,42.192963376205824,optimal
2021-02-13 17:30:00,6,90,0.0,0.0,0.0,0.4563666666666667,30.0195,6.0,-1,20.477268204416546,,0.0,0.0,0.0,0.0,41.91946945951196,optimal
2021-02-13 18:00:00,6,90,0.0,0.0,0.0,0.4688,26.9325,6.0,-1,20.289544784007568,,0.0,0.0,0.0,0.0,41.64624903673479,optimal
2021-02-13 18:30:00,6,90,0.0,0.0,0.0,2.351033333333333,14.595,6.0,-1,20.098935905084847,,0.0,0.0,0.0,0.0,41.37330183438039,optimal
2021-02-13 19:00:00,6,90,0.6048814679366915,0.0,0.0,1.1999000000000002,12.4845,6.0,-1,20.0,,1512.2036698417287,0.0,0.0,0.0,41.10062757922835,optimal
2021-02-13 19:30:00,6,90,0.6023476426555953,0.0,0.0,0.6951333333333334,12.1275,6.0,-1,20.0,,1505.8691066389881,0.0,0.0,0.0,40.82822599833147,optimal
2021-02-13 20:00:00,6,90,0.5610391507078328,0.0,0.0,1.1779666666666666,12.1275,6.0,-1,20.0,,1402.5978767695822,0.0,0.0,0.0,40.55609681901548,optimal
2021-02-13 20:30:00,6,90,0.0,0.0,0.0,0.6945,12.789,6.0,-1,20.0,,0.0,0.0,0.0,0.0,40.284239768878805,optimal
2021-02-13 21:00:00,6,90,0.0,0.0,0.0,0.7530333333333333,11.907,6.0,-1,19.843745780702623,,0.0,0.0,0.0,0.0,40.01265457579227,optimal
2021-02-13 21:30:00,6,90,0.0,0.0,0.0,0.5854666666666667,11.025,6.0,-1,19.646801294741014,,0.0,0.0,0.0,0.0,39.97264192121648,optimal
2021-02-13 22:00:00,6,90,0.2786666666666666,0.0,0.0,1.2671666666666668,8.2005,6.0,-1,19.437176854272536,,0.0,0.0,696.6666666666665,0.0,39.93266927929526,optimal
2021-02-13 22:30:00,6,90,0.0,0.0,0.0,1.4687999999999999,9.5655,6.0,-1,19.270967094599563,,0.0,0.0,0.0,0.0,39.892736610015966,optimal
2021-02-13 23:00:00,6,90,1.3097333333333334,0.0,0.0,0.44006666666666666,7.056,6.0,-1,19.109980764434958,,0.0,0.0,3274.3333333333335,0.0,39.85284387340595,optimal
2021-02-13 23:30:00,6,90,0.0,0.0,0.0,0.9275666666666669,9.3975,6.0,-1,18.95174272729486,,0.0,0.0,0.0,0.0,39.81299102953255,optimal
2021-02-07 00:00:00,7,90,0.0,0.0,0.0,0.15286666666666668,10.584,6.0,4,21.0,,0.0,0.0,0.0,0.0,47.952,optimal
2021-02-07 00:30:00,7,90,0.0,0.0,0.0,0.216,6.678,6.0,4,20.783382760237966,,0.0,0.0,0.0,0.0,47.904047999999996,optimal
2021-02-07 01:00:00,7,90,0.0,0.0,0.0,0.26689999999999997,7.938,6.0,4,20.59552327680215,,0.0,0.0,0.0,0.0,47.856143952,optimal
2021-02-07 01:30:00,7,90,0.0,0.0,0.0,0.0588,5.292,6.0,4,20.434626849450748,,0.0,0.0,0.0,0.0,47.80828780804799,optimal
2021-02-07 02:00:00,7,90,0.0,0.0,0.0,0.14473333333333332,9.261,6.0,4,20.243589238017808,,0.0,0.0,0.0,0.0,47.76047952023995,optimal
2021-02-07 02:30:00,7,90,0.0,0.0,0.0,0.09336666666666665,10.3635,6.0,4,20.05691519378009,,0.0,0.0,0.0,0.0,47.712719040719705,optimal
2021-02-07 03:00:00,7,90,0.0,0.0,0.0,0.042,8.274,6.0,4,19.86841461948655,,0.0,0.0,0.0,0.0,47.66500632167899,optimal
2021-02-07 03:30:00,7,90,0.0,0.0,0.0,0.042,7.7175,6.0,4,19.66753047198282,,0.0,0.0,0.0,0.0,47.61734131535731,optimal
2021-02-07 04:00:00,7,90,0.0,0.0,0.0,0.20016666666666663,6.615,6.0,4,19.470661843635803,,0.0,0.0,0.0,0.0,47.56972397404195,optimal
2021-02-07 04:30:00,7,90,0.0,0.0,0.0,0.164,6.174,6.0,4,19.282191883126693,,0.0,0.0,0.0,0.0,47.522154250067906,optimal
2021-02-07 05:00:00,7,90,2.8,0.0,0.0,0.17266666666666666,3.906,6.0,4,19.095258078649525,,7000.0,0.0,0.0,0.0,47.47463209581784,optimal
2021-02-07 05:30:00,7,90,2.8,0.0,0.0,0.17959999999999998,2.3415,6.0,4,19.56706920271803,,7000.0,0.0,0.0,0.0,47.42715746372202,optimal
2021-02-07 06:00:00,7,90,2.8,0.0,0.0,0.216,2.205,6.0,4,20.018879111153687,,7000.0,0.0,0.0,0.0,47.379730306258296,optimal
2021-02-07 06:30:00,7,90,2.8,0.0,1.9123602261348382,0.34163333333333334,0.882,6.0,4,20.466916821627283,,7000.0,0.0,0.0,0.0,48.240721683366075,optimal
2021-02-07 07:00:00,7,90,2.8,0.0,0.0,0.0688,1.5435,6.0,4,20.93007503670879,,7000.0,0.0,0.0,0.0,48.192480961682705,optimal
2021-02-07 07:30:00,7,90,2.8,0.0,0.0,0.2481,1.5435,6.0,4,21.366039889636177,,7000.0,0.0,0.0,0.0,48.144288480721016,optimal
2021-02-07 08:00:00,7,90,0.41694101602475087,0.0,0.0,0.09759999999999999,5.0715,6.0,4,21.812153807096887,,1042.352540061877,0.0,0.0,0.0,48.096144192240295,optimal
2021-02-07 08:30:00,7,90,0.0,0.0,0.0,0.3862,5.376,6.0,4,21.674798513692878,,0.0,0.0,0.0,0.0,48.048048048048045,optimal
2021-02-07 09:00:00,7,90,2.8,0.0,0.0,0.1318,5.0715,6.0,4,21.508049599263767,,7000.0,0.0,0.0,0.0,48.0,optimal
2021-02-07 09:30:00,7,90,0.6594731450524761,0.0,0.0,0.3803666666666667,5.5125,6.0,4,22.0,,1648.6828626311901,0.0,0.0,0.0,47.76433792856261,optimal
2021-02-07 10:00:00,7,90,0.32630297505075734,0.0,0.0,2.5459333333333336,9.261,6.0,4,22.0,,815.7574376268933,0.0,0.0,0.0,47.52891151919666,optimal
2021-02-07 10:30:00,7,90,0.0,0.0,0.0,0.3321,11.7075,6.0,4,22.0,,0.0,0.0,0.0,0.0,47.29372053624008,optimal
2021-02-07 11:00:00,7,90,0.0,0.0,0.0,0.23826666666666668,12.348,6.0,4,21.823366512420506,,0.0,0.0,0.0,0.0,47.058764744266455,optimal
2021-02-07 11:30:00,7,90,0.0,0.0,0.0,0.054,12.348,6.0,4,21.65120320285785,,0.0,0.0,0.0,0.0,46.8240439080848,optimal
2021-02-07 12:00:00,7,90,0.0,0.0,0.0,0.054,12.1275,6.0,4,21.403961288683117,,0.0,0.0,0.0,0.0,46.589557792739335,optimal
2021-02-07 12:30:00,7,90,0.0,0.0,0.0,0.054,12.5265,6.0,4,21.17179952575803,,0.0,0.0,0.0,0.0,46.355306163509205,optimal
2021-02-07 13:00:00,7,90,2.8,0.0,0.0,0.054,11.7495,6.0,4,20.942959488854754,,7000.0,0.0,0.0,0.0,46.121288785908305,optimal
2021-02-07 13:30:00,7,90,0.0,0.0,0.0,0.054,13.23,6.0,4,21.356684550265783,,0.0,0.0,0.0,0.0,45.88750542568501,optimal
2021-02-07 14:00:00,7,90,0.0,0.0,0.0,0.054,14.3325,6.0,4,21.11536131393237,,0.0,0.0,0.0,0.0,45.653955848821944,optimal
2021-02-07 14:30:00,7,90,0.0,0.0,0.0,0.19,14.994,6.0,4,20.88249354884899,,0.0,0.0,0.0,0.0,45.42063982153574,optimal
2021-02-07 15:00:00,7,90,0.0,0.0,0.0,0.054,14.8155,6.0,4,20.681461576882068,,0.0,0.0,0.0,0.0,45.18755711027681,optimal
2021-02-07 15:30:00,7,90,0.0,0.0,0.0,0.054,14.112,6.0,4,20.466456246961563,,0.0,0.0,0.0,0.0,44.95470748172915,optimal
2021-02-07 16:00:00,7,90,0.0,0.0,0.0,0.054,14.007,6.0,4,20.25238100084656,,0.0,0.0,0.0,0.0,44.722090702810036,optimal
2021-02-07 16:30:00,7,90,2.0760047382646336,0.0,0.0,0.054,13.23,6.0,4,20.01580741812674,,5190.011845661584,0.0,0.0,0.0,44.489706540669836,optimal
2021-02-07 17:00:00,7,90,2.8,0.0,0.0,0.054,11.382,6.0,4,20.26514822390247,,7000.0,0.0,0.0,0.0,44.25755476269178,optimal
2021-02-07 17:30:00,7,90,2.8,0.0,0.0,0.054,11.7495,6.0,4,20.653613504761484,,7000.0,0.0,0.0,0.0,44.0256351364917,optimal
2021-02-07 18:00:00,7,90,0.0,0.0,0.0,0.11566666666666668,24.3285,6.0,4,21.037951479651824,,0.0,0.0,0.0,0.0,43.79394742991782,optimal
2021-02-07 18:30:00,7,90,0.0,0.0,0.0,0.308,28.917,6.0,4,20.77465344170114,,0.0,0.0,0.0,0.0,43.562491411050516,optimal
2021-02-07 19:00:00,7,90,0.0,0.0,0.0,0.46423333333333333,31.3635,6.0,4,20.554147874254326,,0.0,0.0,0.0,0.0,43.33126684820208,optimal
2021-02-07 19:30:00,7,90,0.0,0.0,0.0,0.4147,33.306,6.0,4,20.372130776948243,,0.0,0.0,0.0,0.0,43.10027350991649,optimal
2021-02-07 20:00:00,7,90,0.0,0.0,0.0,0.2726,31.3425,6.0,4,20.184963138070877,,0.0,0.0,0.0,0.0,42.86951116496919,optimal
2021-02-07 20:30:00,7,90,0.0,0.0,0.0,0.09040000000000001,28.2555,6.0,4,20.0,,0.0,0.0,0.0,0.0,42.826641653804224,optimal
2021-02-07 21:00:00,7,90,0.0,0.0,0.0,0.106,15.6975,6.0,4,19.826507658435407,,0.0,0.0,0.0,0.0,42.78381501215042,optimal
2021-02-07 21:30:00,7,90,0.0,0.0,0.0,0.25656666666666667,12.5475,6.0,4,19.647128970868476,,0.0,0.0,0.0,0.0,42.74103119713827,optimal
2021-02-07 22:00:00,7,90,0.0,0.0,0.0,0.2145,12.0855,6.0,4,19.471437006796783,,0.0,0.0,0.0,0.0,42.69829016594113,optimal
2021-02-07 22:30:00,7,90,0.0,0.0,0.0,0.13666666666666666,11.907,6.0,4,19.285147429542246,,0.0,0.0,0.0,0.0,42.65559187577519,optimal
2021-02-07 23:00:00,7,90,0.0,0.0,0.0,0.054,12.5685,6.0,4,19.08945161842659,,0.0,0.0,0.0,0.0,42.61293628389941,optimal
2021-02-07 23:30:00,7,90,0.0,0.0,0.0,0.054,13.146,6.0,4,18.87191121822765,,0.0,0.0,0.0,0.0,42.570323347615506,optimal
2021-02-08 00:00:00,7,90,2.8,0.0,0.0,0.056,7.938,6.0,-1,18.87191121822765,,7000.0,0.0,0.0,0.0,42.52775302426789,optimal
2021-02-08 00:30:00,7,90,2.8,0.0,0.0,0.1152,8.6835,6.0,-1,19.302792696806826,,0.0,0.0,7000.0,0.0,42.48522527124362,optimal
2021-02-08 01:00:00,7,90,2.8,0.0,0.0,0.15953333333333333,7.665,6.0,-1,19.083160841635284,,0.0,0.0,7000.0,0.0,42.44274004597238,optimal
2021-02-08 01:30:00,7,90,2.8,0.0,0.0,0.0745,6.7725,6.0,-1,18.870787116831426,,866.333333333333,0.0,6133.666666666667,0.0,42.40029730592641,optimal
2021-02-08 02:00:00,7,90,2.8,0.0,0.0,0.1041,5.5755,6.0,-1,18.733268499180625,,7000.0,0.0,0.0,0.0,42.35789700862048,optimal
2021-02-08 02:30:00,7,90,2.8,0.0,5.0,0.1632333333333333,5.0925,6.0,-1,19.16916822830902,,7000.0,0.0,0.0,0.0,44.69053911161186,optimal
2021-02-08 03:00:00,7,90,2.8,0.0,5.0,0.1115,4.1895,6.0,-1,19.605036214202446,,7000.0,0.0,0.0,0.0,47.02084857250025,optimal
2021-02-08 03:30:00,7,90,2.8,0.0,0.0,0.13683333333333333,7.056,6.0,-1,20.030580616877675,,7000.0,0.0,0.0,0.0,46.97382772392775,optimal
2021-02-08 04:00:00,7,90,2.8,0.0,3.071326062472224,0.1379,5.271,6.0,-1,20.45167283841946,,7000.0,0.0,0.0,0.0,48.38573377587813,optimal
2021-02-08 04:30:00,7,90,2.8,0.0,0.0,0.056,7.938,6.0,-1,20.866123786592993,,7000.0,0.0,0.0,0.0,48.33734804210225,optimal
2021-02-08 05:00:00,7,90,2.8,0.0,0.0,0.1189,7.938,6.0,-1,21.265610892154406,,7000.0,0.0,0.0,0.0,48.289010694060146,optimal
2021-02-08 05:30:00,7,90,0.0,0.0,0.0,0.15583333333333335,11.907,6.0,-1,21.663790746125898,,0.0,0.0,0.0,0.0,48.240721683366075,optimal
2021-02-08 06:00:00,7,90,2.8,0.0,0.0,0.0819,11.025,6.0,-1,21.40914264108486,,7000.0,0.0,0.0,0.0,48.192480961682705,optimal
2021-02-08 06:30:00,7,90,1.2630321530608128,0.0,0.0,0.10103333333333332,11.2875,6.0,-1,21.80040319873862,,3157.580382652032,0.0,0.0,0.0,48.144288480721016,optimal
2021-02-08 07:00:00,7,90,0.0,0.0,0.0,0.16213333333333332,12.936,6.0,-1,21.830013661019787,,0.0,0.0,0.0,0.0,48.096144192240295,optimal
2021-02-08 07:30:00,7,90,0.0,0.0,0.0,1.049233333333333,13.0095,6.0,-1,21.57049761002919,,0.0,0.0,0.0,0.0,48.048048048048045,optimal
2021-02-08 08:00:00,7,90,0.0,0.0,0.0,2.333333333333333,13.671,6.0,-1,21.36099316423611,,0.0,0.0,0.0,0.0,48.0,optimal
2021-02-08 08:30:00,7,90,0.0,0.0,0.0,0.7953666666666667,13.188,6.0,-1,21.165594693013354,,0.0,0.0,0.0,0.0,47.78659741438405,optimal
2021-02-08 09:00:00,7,90,0.0,0.0,0.0,1.0912666666666668,13.8495,6.0,-1,20.962691720004038,,0.0,0.0,0.0,0.0,47.57340823135371,optimal
2021-02-08 09:30:00,7,90,0.0,0.0,0.0,2.4213666666666667,13.23,6.0,-1,20.776083264658077,,0.0,0.0,0.0,0.0,47.36043223750641,optimal
2021-02-08 10:00:00,7,90,0.0,0.0,0.0,0.29686666666666667,13.3665,6.0,-1,20.686763766728177,,0.0,0.0,0.0,0.0,47.147669219652954,optimal
2021-02-08 10:30:00,7,90,0.0,0.0,0.0,0.42056666666666664,13.0515,6.0,-1,20.562290195490753,,0.0,0.0,0.0,0.0,46.93511896481735,optimal
2021-02-08 11:00:00,7,90,0.0,0.0,0.0,0.2362,13.5345,6.0,-1,20.445639433786067,,0.0,0.0,0.0,0.0,46.72278126023658,optimal
2021-02-08 11:30:00,7,90,0.0,0.0,0.0,0.2774,14.154,6.0,-1,20.338399381558464,,0.0,0.0,0.0,0.0,46.51065589336039,optimal
2021-02-08 12:00:00,7,90,0.0,0.0,0.0,0.358,14.112,6.0,-1,20.228743151504744,,0.0,0.0,0.0,0.0,46.298742651851086,optimal
2021-02-08 12:30:00,7,90,0.0,0.0,0.0,0.25680000000000003,14.2485,6.0,-1,20.114609171755095,,0.0,0.0,0.0,0.0,46.087041323583286,optimal
2021-02-08 13:00:00,7,90,1.0362455377415625,0.0,0.0,0.4363333333333333,12.789,6.0,-1,20.0,,2590.613844353906,0.0,0.0,0.0,45.875551696643754,optimal
2021-02-08 13:30:00,7,90,0.0,0.0,0.0,0.40836666666666666,13.0095,6.0,-1,20.12083036877107,,0.0,0.0,0.0,0.0,45.66427355933116,optimal
2021-02-08 14:00:00,7,90,2.8,0.0,0.0,0.3576666666666667,12.1275,6.0,-1,20.0,,6790.999999999999,0.0,209.00000000000102,0.0,45.453206700155874,optimal
2021-02-08 14:30:00,7,90,2.4814218673553214,0.0,0.0,0.289,12.348,6.0,-1,20.510580477998328,,6203.554668388303,0.0,0.0,0.0,45.242350907839764,optimal
2021-02-08 15:00:00,7,90,2.8,0.0,0.0,0.38146666666666657,12.348,6.0,-1,20.95522454519483,,7000.0,0.0,0.0,0.0,45.03170597131597,optimal
2021-02-08 15:30:00,7,90,0.0,0.0,0.0,0.07476666666666666,25.389,6.0,-1,21.45895440875701,,0.0,0.0,0.0,0.0,44.8212716797287,optimal
2021-02-08 16:00:00,7,90,0.0,0.0,0.0,0.1258,29.1375,6.0,-1,21.249406379650992,,0.0,0.0,0.0,0.0,44.61104782243302,optimal
2021-02-08 16:30:00,7,90,0.0,0.0,0.0,0.1371,30.597,6.0,-1,21.037902830488044,,0.0,0.0,0.0,0.0,44.401034188994636,optimal
2021-02-08 17:00:00,7,90,0.0,0.0,0.0,0.109,33.684,6.0,-1,20.84194407952665,,0.0,0.0,0.0,0.0,44.19123056918969,optimal
2021-02-08 17:30:00,7,90,0.0,0.0,0.0,0.24136666666666667,32.445,6.0,-1,20.616072818433324,,0.0,0.0,0.0,0.0,43.98163675300455,optimal
2021-02-08 18:00:00,7,90,0.0,0.0,0.0,0.07813333333333335,28.917,6.0,-1,20.40400492612755,,0.0,0.0,0.0,0.0,43.7722525306356,optimal
2021-02-08 18:30:00,7,90,0.0,0.0,0.0,0.11486666666666666,15.876,6.0,-1,20.192827922415017,,0.0,0.0,0.0,0.0,43.56307769248901,optimal
2021-02-08 19:00:00,7,90,0.7082005621332599,0.0,0.0,0.3777,12.348,6.0,-1,20.0,,1770.5014053331497,0.0,0.0,0.0,43.35411202918057,optimal
2021-02-08 19:30:00,7,90,1.535611007762147,0.0,0.0,0.4778,12.1275,6.0,-1,20.0,,3106.0275194053684,0.0,732.999999999999,0.0,43.14535533153544,optimal
2021-02-08 20:00:00,7,90,0.0,0.0,0.0,0.3729333333333333,12.348,6.0,-1,20.15340914716927,,0.0,0.0,0.0,0.0,42.93680739058796,optimal
2021-02-08 20:30:00,7,90,2.8,0.0,0.0,0.8548333333333333,12.1275,6.0,-1,20.0,,0.0,0.0,7000.0,0.0,42.89387058319737,optimal
2021-02-08 21:00:00,7,90,0.0,0.0,0.0,0.8672333333333333,12.1275,6.0,-1,19.908678650667984,,0.0,0.0,0.0,0.0,42.85097671261417,optimal
2021-02-08 21:30:00,7,90,0.0,0.0,0.0,0.195,11.2665,6.0,-1,19.81637285893831,,0.0,0.0,0.0,0.0,42.808125735901555,optimal
2021-02-08 22:00:00,7,90,0.0836,0.0,0.0,0.3446666666666667,10.143,6.0,-1,19.65386326246241,,0.0,0.0,209.0,0.0,42.76531761016565,optimal
2021-02-08 22:30:00,7,90,0.0,0.0,0.0,0.3962,11.2455,6.0,-1,19.499197994207996,,0.0,0.0,0.0,0.0,42.722552292555484,optimal
2021-02-08 23:00:00,7,90,0.0,0.0,0.0,0.334,11.025,6.0,-1,19.329369489343886,,0.0,0.0,0.0,0.0,42.67982974026293,optimal
2021-02-08 23:30:00,7,90,1.8949333333333331,0.0,0.0,0.4458666666666667,5.9745,6.0,-1,19.14898269607976,,0.0,0.0,4737.333333333333,0.0,42.637149910522666,optimal
2021-02-09 00:00:00,7,90,0.0,0.0,0.0,0.056,12.2955,6.0,4,19.14898269607976,,0.0,0.0,0.0,0.0,42.59451276061214,optimal
2021-02-09 00:30:00,7,90,0.0,0.0,0.0,0.15680000000000002,11.6865,6.0,4,18.91303941989869,,0.0,0.0,0.0,0.0,42.551918247851525,optimal
2021-02-09 01:00:00,7,90,0.0,0.0,0.0,0.11359999999999999,11.466,6.0,4,18.690545121651866,,0.0,0.0,0.0,0.0,42.50936632960367,optimal
2021-02-09 01:30:00,7,90,2.8,0.0,0.0,0.14513333333333334,10.8045,6.0,4,18.467939152617987,,0.0,0.0,7000.0,0.0,42.46685696327407,optimal
2021-02-09 02:00:00,7,90,2.8,0.0,5.0,0.2,10.584,6.0,4,18.25001479964557,,3550.0,0.0,3450.0,0.0,44.799390106310796,optimal
2021-02-09 02:30:00,7,90,0.0,0.0,0.0,0.15953333333333333,11.2455,6.0,4,18.368435065203176,,0.0,0.0,0.0,0.0,44.75459071620448,optimal
2021-02-09 03:00:00,7,90,0.0,0.0,0.0,0.15680000000000002,12.1275,6.0,4,18.152555829560704,,0.0,0.0,0.0,0.0,44.70983612548828,optimal
2021-02-09 03:30:00,7,90,0.0,0.0,0.0,0.11359999999999999,11.823,6.0,4,17.940226994396006,,0.0,0.0,0.0,0.0,44.66512628936279,optimal
2021-02-09 04:00:00,7,90,0.0,0.0,0.0,0.1883333333333333,11.7705,6.0,4,17.728356433366198,,0.0,0.0,0.0,0.0,44.62046116307343,optimal
2021-02-09 04:30:00,7,90,2.8,0.0,0.0,0.1712,11.13,6.0,4,17.527885916913643,,7000.0,0.0,0.0,0.0,44.57584070191036,optimal
2021-02-09 05:00:00,7,90,2.8,0.0,0.0,0.06236666666666667,11.6865,6.0,4,17.97710653160014,,7000.0,0.0,0.0,0.0,44.53126486120845,optimal
2021-02-09 05:30:00,7,90,2.8,0.0,2.690100526025031,0.2971666666666667,10.7205,6.0,4,18.40836547306734,,7000.0,0.0,0.0,0.0,45.764531346209125,optimal
2021-02-09 06:00:00,7,90,2.8,0.0,0.0,0.056,11.424,6.0,4,18.855251675034413,,7000.0,0.0,0.0,0.0,45.71876681486292,optimal
2021-02-09 06:30:00,7,90,2.8,0.0,5.0,0.2603333333333333,10.689,6.0,4,19.273355235279073,,7000.0,0.0,0.0,0.0,48.048048048048045,optimal
2021-02-09 07:00:00,7,90,2.8,0.0,0.0,0.6364666666666667,11.361,6.0,4,19.713571018529226,,7000.0,0.0,0.0,0.0,48.0,optimal
2021-02-09 07:30:00,7,90,2.8,0.0,0.0,0.9187000000000001,11.571,6.0,4,20.163119873583348,,7000.0,0.0,0.0,0.0,47.865856334143935,optimal
2021-02-09 08:00:00,7,90,0.0,0.0,0.0,0.5327000000000001,14.3745,6.0,4,20.63228563352905,,0.0,0.0,0.0,0.0,47.73184681195373,optimal
2021-02-09 08:30:00,7,90,2.1695117121960528,0.0,0.0,0.0747,13.23,6.0,4,20.436980018301742,,5423.779280490132,0.0,0.0,0.0,47.59797129928571,optimal
2021-02-09 09:00:00,7,90,0.0,0.0,0.0,0.0732,13.9755,6.0,4,20.699396626771257,,0.0,0.0,0.0,0.0,47.464229662130364,optimal
2021-02-09 09:30:00,7,90,0.0,0.0,0.0,0.24903333333333333,14.994,6.0,4,20.466875359121758,,0.0,0.0,0.0,0.0,47.33062176661217,optimal
2021-02-09 10:00:00,7,90,2.8,0.0,0.0,0.1458,13.671,6.0,4,20.254119201085686,,7000.0,0.0,0.0,0.0,47.19714747898949,optimal
2021-02-09 10:30:00,7,90,0.0,0.0,0.0,0.2379,15.981,6.0,4,20.725057334978107,,0.0,0.0,0.0,0.0,47.06380666565444,optimal
2021-02-09 11:00:00,7,90,0.0,0.0,0.0,1.2266333333333335,15.6345,6.0,4,20.524494335702432,,0.0,0.0,0.0,0.0,46.93059919313272,optimal
2021-02-09 11:30:00,7,90,0.0,0.0,0.0,1.6037666666666668,16.5375,6.0,4,20.417283966297028,,0.0,0.0,0.0,0.0,46.797524928083526,optimal
2021-02-09 12:00:00,7,90,0.0,0.0,0.0,0.855,14.7735,6.0,4,20.308324224824396,,0.0,0.0,0.0,0.0,46.66458373729938,optimal
2021-02-09 12:30:00,7,90,0.0,0.0,0.0,0.26343333333333335,15.2145,6.0,4,20.158818278860288,,0.0,0.0,0.0,0.0,46.53177548770602,optimal
2021-02-09 13:00:00,7,90,0.7059875089757609,0.0,0.0,0.1616,14.553,6.0,4,20.0,,1764.968772439402,0.0,0.0,0.0,46.39910004636225,optimal
2021-02-09 13:30:00,7,90,2.0827954518722565,0.0,0.0,0.44863333333333333,14.3325,6.0,4,20.0,,5206.988629680641,0.0,0.0,0.0,46.26655728045982,optimal
2021-02-09 14:00:00,7,90,0.0,0.0,0.0,0.1042,14.595,6.0,4,20.339700214224983,,0.0,0.0,0.0,0.0,46.1341470573233,optimal
2021-02-09 14:30:00,7,90,0.0,0.0,0.0,0.174,14.994,6.0,4,20.165723250331915,,0.0,0.0,0.0,0.0,46.00186924440991,optimal
2021-02-09 15:00:00,7,90,0.789513830570192,0.0,0.0,0.20553333333333332,14.3325,6.0,4,20.0,,1973.78457642548,0.0,0.0,0.0,45.86972370930944,optimal
2021-02-09 15:30:00,7,90,0.7836471639035146,0.0,0.0,0.0732,13.8915,6.0,4,20.0,,1959.1179097587865,0.0,0.0,0.0,45.73771031974407,optimal
2021-02-09 16:00:00,7,90,0.8150036095988621,0.0,0.0,0.2363,13.8915,6.0,4,20.0,,2037.5090239971553,0.0,0.0,0.0,45.60582894356826,optimal
2021-02-09 16:30:00,7,90,2.8,0.0,0.0,0.13603333333333334,13.4715,6.0,4,20.0,,7000.0,0.0,0.0,0.0,45.47407944876863,optimal
2021-02-09 17:00:00,7,90,2.8,0.0,0.0,0.1596,13.23,6.0,4,20.43875117374685,,7000.0,0.0,0.0,0.0,45.3424617034638,optimal
2021-02-09 17:30:00,7,90,2.421114584062444,0.0,0.0,0.5501666666666666,13.8915,6.0,4,20.830944745567557,,6052.78646015611,0.0,0.0,0.0,45.21097557590427,optimal
2021-02-09 18:00:00,7,90,0.0,0.0,0.0,0.7957666666666666,26.9325,6.0,4,21.184534082972107,,0.0,0.0,0.0,0.0,45.0796209344723,optimal
2021-02-09 18:30:00,7,90,0.0,0.0,0.0,1.3650666666666667,30.303,6.0,4,20.97219988429367,,0.0,0.0,0.0,0.0,44.948397647681766,optimal
2021-02-09 19:00:00,7,90,0.0,0.0,0.0,0.15513333333333332,32.886,6.0,4,20.804256655267444,,0.0,0.0,0.0,0.0,44.81730558417802,optimal
2021-02-09 19:30:00,7,90,0.0,0.0,0.0,0.0948,34.9965,6.0,4,20.530296883060725,,0.0,0.0,0.0,0.0,44.686344612737784,optimal
2021-02-09 20:00:00,7,90,0.0,0.0,0.0,0.27836666666666665,33.327,6.0,4,20.254655836771988,,0.0,0.0,0.0,0.0,44.555514602268985,optimal
2021-02-09 20:30:00,7,90,0.0,0.0,0.0,0.17113333333333333,31.122,6.0,4,20.0,,0.0,0.0,0.0,0.0,44.424815421810656,optimal
2021-02-09 21:00:00,7,90,0.0,0.0,0.0,0.2075,17.9025,6.0,4,19.746885443646306,,0.0,0.0,0.0,0.0,44.38039060638884,optimal
2021-02-09 21:30:00,7,90,0.0,0.0,0.0,0.4816333333333333,15.6555,6.0,4,19.524820892023442,,0.0,0.0,0.0,0.0,44.33601021578245,optimal
2021-02-09 22:00:00,7,90,0.0,0.0,0.0,0.2874,14.553,6.0,4,19.3430343589207,,0.0,0.0,0.0,0.0,44.29167420556667,optimal
2021-02-09 22:30:00,7,90,0.0,0.0,0.0,0.23586666666666667,14.3325,6.0,4,19.131830888398696,,0.0,0.0,0.0,0.0,44.247382531361104,optimal
2021-02-09 23:00:00,7,90,0.0,0.0,0.0,0.07759999999999999,13.335,6.0,4,18.90398431551292,,0.0,0.0,0.0,0.0,44.203135148829745,optimal
2021-02-09 23:30:00,7,90,0.0,0.0,0.0,0.2357,12.1275,6.0,4,18.665358560564442,,0.0,0.0,0.0,0.0,44.15893201368092,optimal
2021-02-10 00:00:00,7,90,2.8,0.0,0.0,0.062,11.508,6.0,-1,18.665358560564442,,7000.0,0.0,0.0,0.0,44.11477308166724,optimal
2021-02-10 00:30:00,7,90,2.8,0.0,0.0,0.17473333333333332,11.508,6.0,-1,19.076039258507752,,0.0,0.0,7000.0,0.0,44.07065830858557,optimal
2021-02-10 01:00:00,7,90,2.8,0.0,0.0,0.13786666666666667,11.508,6.0,-1,18.840034631558918,,0.0,0.0,7000.0,0.0,44.02658765027699,optimal
2021-02-10 01:30:00,7,90,2.8,0.0,0.0,0.09326666666666668,11.844,6.0,-1,18.60255342002395,,100.0,0.0,6900.0,0.0,43.98256106262671,optimal
2021-02-10 02:00:00,7,90,2.8,0.0,0.0,0.17473333333333332,11.508,6.0,-1,18.372182315905803,,7000.0,0.0,0.0,0.0,43.93857850156408,optimal
2021-02-10 02:30:00,7,90,2.8,0.0,0.0,0.16913333333333333,11.508,6.0,-1,18.79180018596824,,7000.0,0.0,0.0,0.0,43.89463992306251,optimal
2021-02-10 03:00:00,7,90,2.8,0.0,5.0,0.13319999999999999,10.4475,6.0,-1,19.204894368593063,,7000.0,0.0,0.0,0.0,46.22574528313945,optimal
2021-02-10 03:30:00,7,90,2.8,0.0,0.0,0.2017333333333333,10.8675,6.0,-1,19.608742211963424,,7000.0,0.0,0.0,0.0,46.179519537856315,optimal
2021-02-10 04:00:00,7,90,2.8,0.0,4.741881594862471,0.07093333333333333,10.542,6.0,-1,20.013174161830378,,7000.0,0.0,0.0,0.0,48.38573377587813,optimal
2021-02-10 04:30:00,7,90,2.8,0.0,0.0,0.19253333333333333,11.025,6.0,-1,20.399676773997008,,7000.0,0.0,0.0,0.0,48.33734804210225,optimal
2021-02-10 05:00:00,7,90,2.8,0.0,0.0,0.15133333333333335,11.025,6.0,-1,20.79050732191871,,7000.0,0.0,0.0,0.0,48.289010694060146,optimal
2021-02-10 05:30:00,7,90,2.8,0.0,0.0,0.2849333333333333,14.553,6.0,-1,21.17049036317553,,7000.0,0.0,0.0,0.0,48.240721683366075,optimal
2021-02-10 06:00:00,7,90,2.8,0.0,0.0,0.15953333333333333,13.0935,6.0,-1,21.557958172136768,,6930.333333333333,0.0,69.66666666666667,0.0,48.192480961682705,optimal
2021-02-10 06:30:00,7,90,0.055733333333333336,0.0,0.0,0.12593333333333334,15.6345,6.0,-1,21.924984137887776,,0.0,0.0,139.33333333333334,0.0,48.144288480721016,optimal
2021-02-10 07:00:00,7,90,0.0,0.0,0.0,1.6260333333333332,18.102,6.0,-1,21.65998876875032,,0.0,0.0,0.0,0.0,48.096144192240295,optimal
2021-02-10 07:30:00,7,90,0.0,0.0,0.0,0.30319999999999997,17.199,6.0,-1,21.424028335937933,,0.0,0.0,0.0,0.0,48.048048048048045,optimal
2021-02-10 08:00:00,7,90,0.0,0.0,0.0,0.18813333333333332,18.2805,6.0,-1,21.173824594757665,,0.0,0.0,0.0,0.0,48.0,optimal
2021-02-10 08:30:00,7,90,0.0,0.0,0.0,0.5437000000000001,17.4615,6.0,-1,20.91729451088304,,0.0,0.0,0.0,0.0,47.8362469008196,optimal
2021-02-10 09:00:00,7,90,0.0,0.0,0.0,0.19269999999999998,18.3225,6.0,-1,20.670860612630737,,0.0,0.0,0.0,0.0,47.672657554738386,optimal
2021-02-10 09:30:00,7,90,0.0,0.0,0.0,0.072,17.094,6.0,-1,20.400206064055997,,0.0,0.0,0.0,0.0,47.50923179800325,optimal
2021-02-10 10:00:00,7,90,0.3189994568256607,0.0,0.0,0.29186666666666666,17.094,6.0,-1,20.134044516480916,,797.4986420641518,0.0,0.0,0.0,47.34596946702485,optimal
2021-02-10 10:30:00,7,90,1.8086912016269694,0.0,0.0,0.072,17.094,6.0,-1,20.0,,4521.728004067423,0.0,0.0,0.0,47.18287039837743,optimal
2021-02-10 11:00:00,7,90,0.0,0.0,0.0,0.16133333333333336,17.3565,6.0,-1,20.195346642982027,,0.0,0.0,0.0,0.0,47.019934428798656,optimal
2021-02-10 11:30:00,7,90,0.8473540076250814,0.0,0.0,0.10166666666666668,17.115,6.0,-1,20.0,,2118.3850190627036,0.0,0.0,0.0,46.857161395189465,optimal
2021-02-10 12:00:00,7,90,0.6862005274162123,0.0,0.0,0.19073333333333328,17.241,6.0,-1,20.0,,1715.5013185405305,0.0,0.0,0.0,46.69455113461388,optimal
2021-02-10 12:30:00,7,90,0.7051071940828819,0.0,0.0,0.14346666666666666,17.094,6.0,-1,20.0,,1762.767985207205,0.0,0.0,0.0,46.53210348429887,optimal
2021-02-10 13:00:00,7,90,2.8,0.0,0.0,0.072,16.5165,6.0,-1,20.0,,7000.0,0.0,0.0,0.0,46.36981828163418,optimal
2021-02-10 13:30:00,7,90,0.0,0.0,0.0,0.17913333333333334,17.8185,6.0,-1,20.47494616326569,,0.0,0.0,0.0,0.0,46.20769536417215,optimal
2021-02-10 14:00:00,7,90,1.9197237129268938,0.0,0.0,0.1847333333333333,17.094,6.0,-1,20.306059970843343,,4799.309282317235,0.0,0.0,0.0,46.045734569627584,optimal
2021-02-10 14:30:00,7,90,2.8,0.0,0.0,0.1256,16.8945,6.0,-1,20.584887234544308,,7000.0,0.0,0.0,0.0,45.883935735877564,optimal
2021-02-10 15:00:00,7,90,0.0,0.0,0.0,0.10773333333333332,18.123,6.0,-1,21.058536322918943,,0.0,0.0,0.0,0.0,45.72229870096129,optimal
2021-02-10 15:30:00,7,90,0.0,0.0,0.0,0.3608,31.647,6.0,-1,20.854118272308188,,0.0,0.0,0.0,0.0,45.560823303079935,optimal
2021-02-10 16:00:00,7,90,0.0,0.0,0.0,0.42286666666666667,34.9965,6.0,-1,20.693507231744384,,0.0,0.0,0.0,0.0,45.39950938059646,optimal
2021-02-10 16:30:00,7,90,0.0,0.0,0.0,2.9181,34.9965,6.0,-1,20.55038100085778,,0.0,0.0,0.0,0.0,45.23835677203547,optimal
2021-02-10 17:00:00,7,90,0.0,0.0,0.0,0.2918,34.9965,6.0,-1,20.592407870967754,,0.0,0.0,0.0,0.0,45.07736531608304,optimal
2021-02-10 17:30:00,7,90,0.0,0.0,0.0,0.298,34.9965,6.0,-1,20.38361501080015,,0.0,0.0,0.0,0.0,44.91653485158656,optimal
2021-02-10 18:00:00,7,90,0.0,0.0,0.0,1.5290333333333332,34.9965,6.0,-1,20.181130475040494,,0.0,0.0,0.0,0.0,44.75586521755458,optimal
2021-02-10 18:30:00,7,90,0.0,0.0,0.0,1.3282333333333332,27.741,6.0,-1,20.097361580295672,,0.0,0.0,0.0,0.0,44.59535625315663,optimal
2021-02-10 19:00:00,7,90,0.692356134603358,0.0,0.0,0.5918,19.026,6.0,-1,20.0,,1730.890336508395,0.0,0.0,0.0,44.43500779772308,optimal
2021-02-10 19:30:00,7,90,0.7183949047339491,0.0,0.0,0.5303,18.7215,6.0,-1,20.0,,1795.9872618348725,0.0,0.0,0.0,44.27481969074496,optimal
2021-02-10 20:00:00,7,90,0.8502603415311902,0.0,0.0,0.45003333333333334,17.4195,6.0,-1,20.0,,2125.6508538279754,0.0,0.0,0.0,44.114791771873826,optimal
2021-02-10 20:30:00,7,90,0.0,0.0,0.0,0.6606666666666666,16.758,6.0,-1,20.0,,0.0,0.0,0.0,0.0,44.07067698010195,optimal
2021-02-10 21:00:00,7,90,0.0836,0.0,0.0,1.6841333333333335,14.217,6.0,-1,19.814420259301347,,0.0,0.0,209.0,0.0,44.026606303121845,optimal
2021-02-10 21:30:00,7,90,0.2508,0.0,0.0,0.1636,13.3665,6.0,-1,19.686004126758498,,0.0,0.0,627.0,0.0,43.982579696818725,optimal
2021-02-10 22:00:00,7,90,0.11146666666666666,0.0,0.0,1.5771666666666668,12.789,6.0,-1,19.455413561136975,,0.0,0.0,278.66666666666663,0.0,43.93859711712191,optimal
2021-02-10 22:30:00,7,90,0.11146666666666666,0.0,0.0,1.5508,11.907,6.0,-1,19.260095611893806,,0.0,0.0,278.66666666666663,0.0,43.89465852000479,optimal
2021-02-10 23:00:00,7,90,0.19506666666666667,0.0,0.0,0.47956666666666664,11.7075,6.0,-1,19.058786007544555,,0.0,0.0,487.6666666666667,0.0,43.850763861484786,optimal
2021-02-10 23:30:00,7,90,0.0,0.0,0.0,0.557,10.8045,6.0,-1,18.82859446060732,,0.0,0.0,0.0,0.0,43.8069130976233,optimal
2021-02-11 00:00:00,7,90,2.8,0.0,0.0,0.059,11.025,6.0,-4,18.82859446060732,,7000.0,0.0,0.0,0.0,43.763106184525675,optimal
2021-02-11 00:30:00,7,90,2.8,0.0,0.3047703520456187,0.13153333333333334,10.7835,6.0,-4,19.185722953838603,,0.0,0.0,7000.0,0.0,43.864108995562816,optimal
2021-02-11 01:00:00,7,90,2.8,0.0,0.0,0.06326666666666667,11.025,6.0,-4,18.896061936198233,,772.691482012342,0.0,6227.308517987658,0.0,43.82024488656725,optimal
2021-02-11 01:30:00,7,90,2.8,0.0,5.0,0.213,10.584,6.0,-4,18.677371309885007,,7000.0,0.0,0.0,0.0,46.15142464168068,optimal
2021-02-11 02:00:00,7,90,2.8,0.0,0.0,0.059,11.025,6.0,-4,19.053821608826205,,7000.0,0.0,0.0,0.0,46.10527321703899,optimal
2021-02-11 02:30:00,7,90,2.8,0.0,5.0,0.122,10.4265,6.0,-4,19.41058915685429,,7000.0,0.0,0.0,0.0,48.434167943821954,optimal
2021-02-11 03:00:00,7,90,2.8,0.0,0.0,0.2268,12.789,6.0,-4,19.766669960025,,7000.0,0.0,0.0,0.0,48.38573377587813,optimal
2021-02-11 03:30:00,7,90,2.8,0.0,0.0,0.059,12.684,6.0,-4,20.125954342310866,,7000.0,0.0,0.0,0.0,48.33734804210225,optimal
2021-02-11 04:00:00,7,90,2.8,0.0,0.0,0.215,16.254,6.0,-4,20.46809741102855,,7000.0,0.0,0.0,0.0,48.289010694060146,optimal
2021-02-11 04:30:00,7,90,2.8,0.0,0.0,0.069,17.64,6.0,-4,20.823218686537217,,7000.0,0.0,0.0,0.0,48.240721683366075,optimal
2021-02-11 05:00:00,7,90,0.0,0.0,0.0,0.2,19.1625,6.0,-4,21.158962382713412,,0.0,0.0,0.0,0.0,48.192480961682705,optimal
2021-02-11 05:30:00,7,90,0.0,0.0,0.0,0.11413333333333334,26.46,6.0,-4,20.852405172753578,,0.0,0.0,0.0,0.0,48.144288480721016,optimal
2021-02-11 06:00:00,7,90,0.0,0.0,0.0,0.16466666666666666,20.79,6.0,-4,20.546582333736236,,0.0,0.0,0.0,0.0,48.096144192240295,optimal
2021-02-11 06:30:00,7,90,0.0,0.0,0.0,0.18686666666666668,29.106,6.0,-4,20.253403357551274,,0.0,0.0,0.0,0.0,48.048048048048045,optimal
2021-02-11 07:00:00,7,90,2.450953330169917,0.0,0.0,0.12093333333333334,19.1835,6.0,-4,19.969407172324182,,6127.383325424793,0.0,0.0,0.0,48.0,optimal
2021-02-11 07:30:00,7,90,0.0,0.0,0.0,0.33813333333333334,19.6665,6.0,-4,20.269009753652746,,0.0,0.0,0.0,0.0,47.913371083782046,optimal
2021-02-11 08:00:00,7,90,1.1947863841754764,0.0,0.0,0.17173333333333332,19.404,6.0,-4,20.0,,2986.965960438691,0.0,0.0,0.0,47.826828796480314,optimal
2021-02-11 08:30:00,7,90,1.1721403129204924,0.0,0.0,0.24113333333333334,19.047,6.0,-4,20.0,,2930.3507823012305,0.0,0.0,0.0,47.74037305146588,optimal
2021-02-11 09:00:00,7,90,1.9439001339084352,0.0,0.0,0.2359,18.858,6.0,-4,20.0,,4859.750334771088,0.0,0.0,0.0,47.65400376219646,optimal
2021-02-11 09:30:00,7,90,0.0,0.0,0.0,0.8779666666666667,19.2675,6.0,-4,20.200529061059566,,0.0,0.0,0.0,0.0,47.56772084221631,optimal
2021-02-11 10:00:00,7,90,0.5584937488974921,0.0,0.0,1.0436666666666667,18.963,6.0,-4,20.0,,1396.2343722437306,0.0,0.0,0.0,47.48152420515614,optimal
2021-02-11 10:30:00,7,90,1.6919557234526899,0.0,0.0,0.1247,18.438,6.0,-4,20.0,,4229.889308631725,0.0,0.0,0.0,47.395413764733036,optimal
2021-02-11 11:00:00,7,90,0.0,0.0,0.0,0.067,18.7425,6.0,-4,20.191137339106493,,0.0,0.0,0.0,0.0,47.30938943475035,optimal
2021-02-11 11:30:00,7,90,2.8,0.0,0.0,0.35636666666666666,15.2145,6.0,-4,20.0,,3785.975184654325,0.0,3214.024815345675,0.0,47.22345112909765,optimal
2021-02-11 12:00:00,7,90,0.0,0.0,0.0,1.4431333333333334,17.7765,6.0,-4,20.207655723653275,,0.0,0.0,0.0,0.0,47.137598761750596,optimal
2021-02-11 12:30:00,7,90,0.0,0.0,0.0,0.2032,16.758,6.0,-4,20.11297468123149,,0.0,0.0,0.0,0.0,47.05183224677089,optimal
2021-02-11 13:00:00,7,90,2.8,0.0,0.0,0.4895,16.422,6.0,-4,20.0,,7000.0,0.0,0.0,0.0,46.96615149830617,optimal
2021-02-11 13:30:00,7,90,1.2247334836379988,0.0,0.0,0.9301,16.758,6.0,-4,20.561832598634993,,3061.833709094997,0.0,0.0,0.0,46.88055643058991,optimal
2021-02-11 14:00:00,7,90,0.0,0.0,0.0,1.1558,29.358,6.0,-4,20.792361223409966,,0.0,0.0,0.0,0.0,46.79504695794137,optimal
2021-02-11 14:30:00,7,90,0.0,0.0,0.0,0.224,34.9965,6.0,-4,20.760616007506943,,0.0,0.0,0.0,0.0,46.70962299476548,optimal
2021-02-11 15:00:00,7,90,0.0,0.0,0.0,0.2364333333333333,34.65,6.0,-4,20.64814933515757,,0.0,0.0,0.0,0.0,46.62428445555276,optimal
2021-02-11 15:30:00,7,90,0.0,0.0,0.0,0.4205,34.9965,6.0,-4,20.521018413329767,,0.0,0.0,0.0,0.0,46.539031254879255,optimal
2021-02-11 16:00:00,7,90,0.0,0.0,0.0,0.6255333333333333,34.9965,6.0,-4,20.39061546653641,,0.0,0.0,0.0,0.0,46.45386330740642,optimal
2021-02-11 16:30:00,7,90,0.0,0.0,0.0,1.4874666666666667,30.4815,6.0,-4,20.22799361230467,,0.0,0.0,0.0,0.0,46.368780527881064,optimal
2021-02-11 17:00:00,7,90,0.0,0.0,0.0,2.844866666666667,21.4305,6.0,-4,20.09348969770229,,0.0,0.0,0.0,0.0,46.283782831135234,optimal
2021-02-11 17:30:00,7,90,1.1200770394862534,0.0,0.0,0.5026,14.3325,6.0,-4,20.0,,2382.1925987156337,0.0,418.0,0.0,46.19887013208615,optimal
2021-02-11 18:00:00,7,90,2.168677319581382,0.0,0.0,1.7446666666666668,13.692,6.0,-4,20.0,,5143.026632286788,0.0,278.66666666666663,0.0,46.11404234573611,optimal
2021-02-11 18:30:00,7,90,0.0,0.0,0.0,0.2405,14.007,6.0,-4,20.27004316333589,,0.0,0.0,0.0,0.0,46.02929938717242,optimal
2021-02-11 19:00:00,7,90,1.2171485211105553,0.0,0.0,0.3507,12.873,6.0,-4,20.0,,2903.537969443055,0.0,139.33333333333331,0.0,45.9446411715673,optimal
2021-02-11 19:30:00,7,90,1.7427659188617606,0.0,0.0,0.7064666666666667,12.684,6.0,-4,20.0,,2754.581463821068,0.0,1602.3333333333333,0.0,45.86006761417778,optimal
2021-02-11 20:00:00,7,90,1.2015459832796274,0.0,0.0,0.6394666666666667,12.306,6.0,-4,20.0,,2864.5316248657346,0.0,139.33333333333331,0.0,45.77557863034565,optimal
2021-02-11 20:30:00,7,90,0.1393333333333333,0.0,0.0,0.47586666666666666,10.6365,6.0,-4,20.0,,0.0,0.0,348.33333333333326,0.0,45.7298030517153,optimal
2021-02-11 21:00:00,7,90,0.0,0.0,0.0,0.6320666666666667,11.2455,6.0,-4,19.73414692990855,,0.0,0.0,0.0,0.0,45.68407324866359,optimal
2021-02-11 21:30:00,7,90,0.0,0.0,0.0,0.48,11.2455,6.0,-4,19.480385818891353,,0.0,0.0,0.0,0.0,45.63838917541492,optimal
2021-02-11 22:00:00,7,90,0.0,0.0,0.0,0.49056666666666665,11.025,6.0,-4,19.214523893044497,,0.0,0.0,0.0,0.0,45.592750786239506,optimal
2021-02-11 22:30:00,7,90,0.0,0.0,0.0,0.3390666666666667,12.0855,6.0,-4,18.954864941388276,,0.0,0.0,0.0,0.0,45.547158035453265,optimal
2021-02-11 23:00:00,7,90,0.0,0.0,0.0,0.069,11.6865,6.0,-4,18.673425033820248,,0.0,0.0,0.0,0.0,45.50161087741781,optimal
2021-02-11 23:30:00,7,90,0.0,0.0,0.0,0.16,11.2245,6.0,-4,18.341436827863266,,0.0,0.0,0.0,0.0,45.456109266540395,optimal
2021-02-12 00:00:00,7,90,0.0,0.0,0.0,0.040666666666666657,10.689,6.0,2,18.341436827863266,,0.0,0.0,0.0,0.0,45.410653157273856,optimal
2021-02-12 00:30:00,7,90,2.8,0.0,5.0,0.038,8.1585,6.0,2,18.00029789251563,,0.0,0.0,7000.0,0.0,47.74024250411658,optimal
2021-02-12 01:00:00,7,90,2.8,0.0,0.0,0.1738,10.3635,6.0,2,17.664039907692835,,6336.666666666667,0.0,663.3333333333334,0.0,47.69250226161246,optimal
2021-02-12 01:30:00,7,90,2.8,0.0,0.0,0.04446666666666667,10.8045,6.0,2,17.9334637310446,,7000.0,0.0,0.0,0.0,47.64480975935085,optimal
2021-02-12 02:00:00,7,90,1.3767565503859982,0.0,0.0,0.038,11.025,6.0,2,18.250037298945166,,3441.8913759649954,0.0,0.0,0.0,47.5971649495915,optimal
2021-02-12 02:30:00,7,90,2.8,0.0,0.0,0.16086666666666669,10.3635,6.0,2,18.23259523947081,,7000.0,0.0,0.0,0.0,47.54956778464191,optimal
2021-02-12 03:00:00,7,90,2.8,0.0,0.0,0.0574,10.8045,6.0,2,18.561417994940925,,7000.0,0.0,0.0,0.0,47.502018216857266,optimal
2021-02-12 03:30:00,7,90,2.8,0.0,0.0,0.038,10.059,6.0,2,18.880223043931778,,7000.0,0.0,0.0,0.0,47.454516198640405,optimal
2021-02-12 04:00:00,7,90,2.8,0.0,0.0,0.07033333333333333,10.584,6.0,2,19.20268116049176,,7000.0,0.0,0.0,0.0,47.407061682441764,optimal
2021-02-12 04:30:00,7,90,2.8,0.0,1.9565391016859444,0.14793333333333333,9.4185,6.0,2,19.533542735238232,,7000.0,0.0,0.0,0.0,48.289010694060146,optimal
2021-02-12 05:00:00,7,90,2.8,0.0,0.0,0.038,10.3635,6.0,2,19.87688985885875,,7000.0,0.0,0.0,0.0,48.240721683366075,optimal
2021-02-12 05:30:00,7,90,2.8,0.0,0.0,0.038,9.8385,6.0,2,20.215134255232478,,7000.0,0.0,0.0,0.0,48.192480961682705,optimal
2021-02-12 06:00:00,7,90,2.8,0.0,0.0,0.15306666666666666,11.067,6.0,2,20.55998536231067,,7000.0,0.0,0.0,0.0,48.144288480721016,optimal
2021-02-12 06:30:00,7,90,2.8,0.0,0.0,0.0692,10.8465,6.0,2,20.955141961905944,,7000.0,0.0,0.0,0.0,48.096144192240295,optimal
2021-02-12 07:00:00,7,90,0.0,0.0,0.0,0.5351333333333333,13.671,6.0,2,21.33449900736895,,0.0,0.0,0.0,0.0,48.048048048048045,optimal
2021-02-12 07:30:00,7,90,2.8,0.0,0.0,1.9533666666666663,12.348,6.0,2,21.090518562738463,,7000.0,0.0,0.0,0.0,48.0,optimal
2021-02-12 08:00:00,7,90,0.0,0.0,0.0,0.6312000000000001,14.3325,6.0,2,21.56051421618717,,0.0,0.0,0.0,0.0,47.551093056785774,optimal
2021-02-12 08:30:00,7,90,0.0,0.0,0.0,1.0558333333333332,15.393,6.0,2,21.319893691179786,,0.0,0.0,0.0,0.0,47.10263502051476,optimal
2021-02-12 09:00:00,7,90,0.0,0.0,0.0,0.12040000000000001,13.587,6.0,2,21.03787101828967,,0.0,0.0,0.0,0.0,46.65462544228002,optimal
2021-02-12 09:30:00,7,90,0.0,0.0,0.0,0.09973333333333333,16.1385,6.0,2,20.7304828813099,,0.0,0.0,0.0,0.0,46.20706387362352,optimal
2021-02-12 10:00:00,7,90,0.0,0.0,0.0,0.13853333333333334,14.595,6.0,2,20.438236849245904,,0.0,0.0,0.0,0.0,45.75994986653567,optimal
2021-02-12 10:30:00,7,90,0.0,0.0,0.0,0.048,14.637,6.0,2,20.218890002370923,,0.0,0.0,0.0,0.0,45.31328297345491,optimal
2021-02-12 11:00:00,7,90,0.7258726801454953,0.0,0.0,0.19026666666666667,13.9125,6.0,2,20.0,,1814.6817003637384,0.0,0.0,0.0,44.867062747267234,optimal
2021-02-12 11:30:00,7,90,0.779696926119368,0.0,0.0,0.048,13.3665,6.0,2,20.0,,1949.2423152984202,0.0,0.0,0.0,44.421288741305744,optimal
2021-02-12 12:00:00,7,90,1.1175359336002564,0.0,0.0,0.15056666666666665,13.0095,6.0,2,20.0,,2793.839834000641,0.0,0.0,0.0,43.975960509350216,optimal
2021-02-12 12:30:00,7,90,0.0,0.0,0.0,0.0848,13.8915,6.0,2,20.131040923484473,,0.0,0.0,0.0,0.0,43.53107760562664,optimal
2021-02-12 13:00:00,7,90,0.21800705493746622,0.0,0.0,1.4385333333333332,13.188,6.0,2,20.0,,545.0176373436656,0.0,0.0,0.0,43.08663958480679,optimal
2021-02-12 13:30:00,7,90,0.5191052296563725,0.0,0.0,0.25553333333333333,12.5685,6.0,2,20.0,,1297.7630741409314,0.0,0.0,0.0,42.64264600200776,optimal
2021-02-12 14:00:00,7,90,0.7263411341837822,0.0,0.0,0.046666666666666655,12.285,6.0,2,20.0,,1815.8528354594555,0.0,0.0,0.0,42.199096412791526,optimal
2021-02-12 14:30:00,7,90,1.580597540443984,0.0,0.0,0.19026666666666667,11.487,6.0,2,20.0,,3951.4938511099604,0.0,0.0,0.0,41.75599037316451,optimal
2021-02-12 15:00:00,7,90,0.0,0.0,0.0,0.048,11.802,6.0,2,20.19858887930366,,0.0,0.0,0.0,0.0,41.31332743957712,optimal
2021-02-12 15:30:00,7,90,2.8,0.0,0.0,0.048,11.2245,6.0,2,20.0,,7000.0,0.0,0.0,0.0,40.871107168923324,optimal
2021-02-12 16:00:00,7,90,2.8,0.0,0.0,0.061399999999999996,11.025,6.0,2,20.451950510327176,,7000.0,0.0,0.0,0.0,40.429329118540174,optimal
2021-02-12 16:30:00,7,90,1.6568700498124675,0.0,0.0,0.1802,11.907,6.0,2,20.913059585416462,,4142.175124531169,0.0,0.0,0.0,39.98799284620741,optimal
2021-02-12 17:00:00,7,90,0.0,0.0,0.0,0.10723333333333332,25.83,6.0,2,21.15017592844037,,0.0,0.0,0.0,0.0,39.54709791014698,optimal
2021-02-12 17:30:00,7,90,0.0,0.0,0.0,0.27626666666666666,28.035,6.0,2,20.999629674292308,,0.0,0.0,0.0,0.0,39.10664386902261,optimal
2021-02-12 18:00:00,7,90,0.0,0.0,0.0,0.2322,28.119,6.0,2,20.843218443983364,,0.0,0.0,0.0,0.0,38.66663028193936,optimal
2021-02-12 18:30:00,7,90,0.0,0.0,0.0,0.20126666666666668,30.156,6.0,2,20.680976864643107,,0.0,0.0,0.0,0.0,38.2270567084432,optimal
2021-02-12 19:00:00,7,90,0.0,0.0,0.0,0.44256666666666666,29.1585,6.0,2,20.477163711682792,,0.0,0.0,0.0,0.0,37.78792270852053,optimal
2021-02-12 19:30:00,7,90,0.0,0.0,0.0,1.9199666666666666,26.712,6.0,2,20.30025217492769,,0.0,0.0,0.0,0.0,37.34922784259779,optimal
2021-02-12 20:00:00,7,90,0.0,0.0,0.0,0.32626666666666665,15.435,6.0,2,20.203874932902693,,0.0,0.0,0.0,0.0,36.91097167154097,optimal
2021-02-12 20:30:00,7,90,0.0,0.0,0.0,0.1884,13.566,6.0,2,20.0,,0.0,0.0,0.0,0.0,36.47315375665521,optimal
2021-02-12 21:00:00,7,90,0.0,0.0,0.0,0.27566666666666667,12.789,6.0,2,19.803406719191965,,0.0,0.0,0.0,0.0,36.03577365968433,optimal
2021-02-12 21:30:00,7,90,0.0,0.0,0.0,0.45716666666666667,12.1275,6.0,2,19.634318651134727,,0.0,0.0,0.0,0.0,35.59883094281042,optimal
2021-02-12 22:00:00,7,90,0.0,0.0,0.0,0.3868333333333333,13.671,6.0,2,19.47641094314026,,0.0,0.0,0.0,0.0,35.16232516865339,optimal
2021-02-12 22:30:00,7,90,0.05573333333333333,0.0,0.0,0.13826666666666668,10.668,6.0,2,19.345150834262455,,0.0,0.0,139.33333333333331,0.0,34.72625590027051,optimal
2021-02-12 23:00:00,7,90,0.0,0.0,0.0,0.30133333333333334,11.7285,6.0,2,19.180872136910068,,0.0,0.0,0.0,0.0,34.69152964437024,optimal
2021-02-12 23:30:00,7,90,0.0,0.0,0.0,0.077,11.025,6.0,2,19.013658508277707,,0.0,0.0,0.0,0.0,34.65683811472587,optimal
2021-02-13 00:00:00,7,90,0.0,0.0,0.0,0.3452,9.5655,6.0,2,19.013658508277707,,0.0,0.0,0.0,0.0,34.622181276611144,optimal
2021-02-13 00:30:00,7,90,2.8,0.0,5.0,0.2064,7.056,6.0,2,18.79955748918721,,0.0,0.0,7000.0,0.0,36.962559095334534,optimal
2021-02-13 01:00:00,7,90,0.0,0.0,0.0,0.3783,9.3975,6.0,2,18.598537232270964,,0.0,0.0,0.0,0.0,36.9255965362392,optimal
2021-02-13 01:30:00,7,90,0.0,0.0,0.0,2.4373666666666667,10.059,6.0,2,18.426814504524533,,0.0,0.0,0.0,0.0,36.888670939702955,optimal
2021-02-13 02:00:00,7,90,0.36923935826639664,0.0,0.0,0.0834,9.261,6.0,2,18.28006796288228,,0.0,0.0,923.0983956659917,0.0,36.85178226876325,optimal
2021-02-13 02:30:00,7,90,2.8,0.0,5.0,0.057,8.1585,6.0,2,18.070771391110604,,0.0,0.0,7000.0,0.0,39.18993048649449,optimal
2021-02-13 03:00:00,7,90,0.0,0.0,0.0,0.1194,9.4815,6.0,2,17.84029519074638,,0.0,0.0,0.0,0.0,39.150740556007996,optimal
2021-02-13 03:30:00,7,90,2.8,0.0,0.0,0.057,8.379,6.0,2,17.618909496470597,,5582.085062332659,0.0,1417.9149376673413,0.0,39.111589815451985,optimal
2021-02-13 04:00:00,7,90,0.0,0.0,0.0,0.057,9.5235,6.0,2,17.912395279339155,,0.0,0.0,0.0,0.0,39.07247822563653,optimal
2021-02-13 04:30:00,7,90,2.8,0.0,5.0,0.1194,8.1375,6.0,2,17.682754313197314,,7000.0,0.0,0.0,0.0,41.408405747410896,optimal
2021-02-13 05:00:00,7,90,0.0,0.0,0.0,0.057,10.0905,6.0,2,18.110605311188035,,0.0,0.0,0.0,0.0,41.366997341663485,optimal
2021-02-13 05:30:00,7,90,2.8,0.0,5.0,0.1194,7.539,6.0,2,17.875266832207412,,7000.0,0.0,0.0,0.0,43.70063034432182,optimal
2021-02-13 06:00:00,7,90,2.8,0.0,5.0,0.057,7.938,6.0,2,18.297501836281402,,7000.0,0.0,0.0,0.0,46.031929713977505,optimal
2021-02-13 06:30:00,7,90,2.8,0.0,4.240215191024151,0.11046666666666669,8.274,6.0,2,18.70647190520437,,7000.0,0.0,0.0,0.0,48.0,optimal
2021-02-13 07:00:00,7,90,2.8,0.0,0.0,1.767,9.261,6.0,2,19.130703694086403,,7000.0,0.0,0.0,0.0,47.87970273369692,optimal
2021-02-13 07:30:00,7,90,2.8,0.0,0.0,0.4812666666666667,9.9225,6.0,2,19.573058483720313,,7000.0,0.0,0.0,0.0,47.75952576466014,optimal
2021-02-13 08:00:00,7,90,2.8,0.0,0.0,0.12240000000000001,9.702,6.0,2,20.0,,7000.0,0.0,0.0,0.0,47.6394689725924,optimal
2021-02-13 08:30:00,7,90,0.0,0.0,0.0,0.3024,10.584,6.0,2,20.43067879487441,,0.0,0.0,0.0,0.0,47.519532237316724,optimal
2021-02-13 09:00:00,7,90,2.8,0.0,0.0,3.8137,10.143,6.0,2,20.20951584663119,,7000.0,0.0,0.0,0.0,47.399715438776326,optimal
2021-02-13 09:30:00,7,90,0.0,0.0,0.0,2.503433333333333,13.0095,6.0,2,20.81250265825166,,0.0,0.0,0.0,0.0,47.280018457034465,optimal
2021-02-13 10:00:00,7,90,2.507729041338858,0.0,0.0,0.3478,11.025,6.0,2,20.66663229437574,,6269.322603347145,0.0,0.0,0.0,47.160441172274346,optimal
2021-02-13 10:30:00,7,90,0.0,0.0,0.0,0.0692,12.789,6.0,2,21.088409092210288,,0.0,0.0,0.0,0.0,47.04098346479899,optimal
2021-02-13 11:00:00,7,90,0.0,0.0,0.0,0.065,12.1275,6.0,2,20.885974536100772,,0.0,0.0,0.0,0.0,46.92164521503111,optimal
2021-02-13 11:30:00,7,90,0.0,0.0,0.0,0.3377,12.1695,6.0,2,20.69756135461186,,0.0,0.0,0.0,0.0,46.802426303513,optimal
2021-02-13 12:00:00,7,90,0.0,0.0,0.0,0.065,12.306,6.0,2,20.533388396757505,,0.0,0.0,0.0,0.0,46.683326610906406,optimal
2021-02-13 12:30:00,7,90,0.0,0.0,0.0,1.8049333333333326,13.23,6.0,2,20.378262127410906,,0.0,0.0,0.0,0.0,46.56434601799242,optimal
2021-02-13 13:00:00,7,90,0.0,0.0,0.0,0.7595,13.671,6.0,2,20.27942601077061,,0.0,0.0,0.0,0.0,46.445484405671344,optimal
2021-02-13 13:30:00,7,90,0.0,0.0,0.0,0.12196666666666668,13.9335,6.0,2,20.197505055629787,,0.0,0.0,0.0,0.0,46.32674165496259,optimal
2021-02-13 14:00:00,7,90,0.0,0.0,0.0,0.33466666666666667,13.293,6.0,2,20.11363127344283,,0.0,0.0,0.0,0.0,46.20811764700454,optimal
2021-02-13 14:30:00,7,90,0.5516452295659899,0.0,0.0,2.124766666666667,12.1065,6.0,2,20.0,,1379.1130739149746,0.0,0.0,0.0,46.089612263054455,optimal
2021-02-13 15:00:00,7,90,0.3220720799262482,0.0,0.0,2.5158,11.571,6.0,2,20.0,,805.1801998156204,0.0,0.0,0.0,45.97122538448832,optimal
2021-02-13 15:30:00,7,90,1.66389075290792,0.0,0.0,1.197733333333333,11.025,6.0,2,20.0,,4159.726882269801,0.0,0.0,0.0,45.85295689280075,optimal
2021-02-13 16:00:00,7,90,2.8,0.0,0.0,2.2615333333333334,10.8465,6.0,2,20.280844516709365,,7000.0,0.0,0.0,0.0,45.734806669604865,optimal
2021-02-13 16:30:00,7,90,2.8,0.0,0.0,0.15263333333333332,11.2455,6.0,2,20.75601951234771,,7000.0,0.0,0.0,0.0,45.616774596632176,optimal
2021-02-13 17:00:00,7,90,0.0,0.0,0.0,1.3698666666666666,23.8665,6.0,2,21.20752769673644,,0.0,0.0,0.0,0.0,45.49886055573246,optimal
2021-02-13 17:30:00,7,90,0.0,0.0,0.0,1.1909333333333334,27.4575,6.0,2,21.063501386002034,,0.0,0.0,0.0,0.0,45.38106442887365,optimal
2021-02-13 18:00:00,7,90,0.0,0.0,0.0,0.30693333333333334,27.3735,6.0,2,20.90801170437376,,0.0,0.0,0.0,0.0,45.263386098141694,optimal
2021-02-13 18:30:00,7,90,0.0,0.0,0.0,0.2233,30.4605,6.0,2,20.705066422103496,,0.0,0.0,0.0,0.0,45.14582544574047,optimal
2021-02-13 19:00:00,7,90,0.0,0.0,0.0,1.9993333333333332,30.0195,6.0,2,20.508273501182153,,0.0,0.0,0.0,0.0,45.028382353991645,optimal
2021-02-13 19:30:00,7,90,0.0,0.0,0.0,2.530866666666667,26.9325,6.0,2,20.31463175613678,,0.0,0.0,0.0,0.0,44.91105670533457,optimal
2021-02-13 20:00:00,7,90,0.0,0.0,0.0,1.4667333333333332,14.595,6.0,2,20.141010673531586,,0.0,0.0,0.0,0.0,44.79384838232615,optimal
2021-02-13 20:30:00,7,90,0.0,0.0,0.0,0.21259999999999998,12.4845,6.0,2,20.0,,0.0,0.0,0.0,0.0,44.74905453394383,optimal
2021-02-13 21:00:00,7,90,0.0,0.0,0.0,0.4918666666666667,12.1275,6.0,2,19.847529730581773,,0.0,0.0,0.0,0.0,44.70430547940988,optimal
2021-02-13 21:30:00,7,90,0.0,0.0,0.0,0.22703333333333334,12.1275,6.0,2,19.727003840433028,,0.0,0.0,0.0,0.0,44.659601173930476,optimal
2021-02-13 22:00:00,7,90,0.0,0.0,0.0,1.8827,12.789,6.0,2,19.57298895934752,,0.0,0.0,0.0,0.0,44.61494157275654,optimal
2021-02-13 22:30:00,7,90,0.0,0.0,0.0,0.189,11.907,6.0,2,19.47087412095766,,0.0,0.0,0.0,0.0,44.57032663118379,optimal
2021-02-13 23:00:00,7,90,0.0,0.0,0.0,0.15080000000000002,11.025,6.0,2,19.253850499905663,,0.0,0.0,0.0,0.0,44.52575630455261,optimal
2021-02-13 23:30:00,7,90,0.0,0.0,0.0,0.15793333333333334,8.2005,6.0,2,19.00800294298922,,0.0,0.0,0.0,0.0,44.48123054824806,optimal
2021-02-07 00:00:00,8,90,0.0,0.0,0.0,0.07333333333333333,10.584,6.0,4,21.0,,0.0,0.0,0.0,0.0,47.952,optimal
2021-02-07 00:30:00,8,90,0.0,0.0,0.0,0.21953333333333333,6.678,6.0,4,20.773594868949324,,0.0,0.0,0.0,0.0,47.904047999999996,optimal
2021-02-07 01:00:00,8,90,0.0,0.0,0.0,0.07659999999999999,7.938,6.0,4,20.562570778361557,,0.0,0.0,0.0,0.0,47.856143952,optimal
2021-02-07 01:30:00,8,90,0.0,0.0,0.0,0.2757,5.292,6.0,4,20.339865999744372,,0.0,0.0,0.0,0.0,47.80828780804799,optimal
2021-02-07 02:00:00,8,90,0.0,0.0,0.0,0.0881,9.261,6.0,4,20.13811567344957,,0.0,0.0,0.0,0.0,47.76047952023995,optimal
2021-02-07 02:30:00,8,90,0.0,0.0,0.0,0.2589666666666666,10.3635,6.0,4,19.921120737476038,,0.0,0.0,0.0,0.0,47.712719040719705,optimal
2021-02-07 03:00:00,8,90,0.0,0.0,0.0,0.13143333333333335,8.274,6.0,4,19.721662129840333,,0.0,0.0,0.0,0.0,47.66500632167899,optimal
2021-02-07 03:30:00,8,90,0.0,0.0,0.0,0.05,7.7175,6.0,4,19.511787014677438,,0.0,0.0,0.0,0.0,47.61734131535731,optimal
2021-02-07 04:00:00,8,90,0.0,0.0,0.0,0.17809999999999998,6.615,6.0,4,19.296639507961938,,0.0,0.0,0.0,0.0,47.56972397404195,optimal
2021-02-07 04:30:00,8,90,0.0,0.0,0.0,0.21230000000000002,6.174,6.0,4,19.095747048793687,,0.0,0.0,0.0,0.0,47.522154250067906,optimal
2021-02-07 05:00:00,8,90,2.8,0.0,0.0,0.11206666666666666,3.906,6.0,4,18.90090387347922,,7000.0,0.0,0.0,0.0,47.47463209581784,optimal
2021-02-07 05:30:00,8,90,2.8,0.0,0.0,0.26666666666666666,2.3415,6.0,4,19.34938751634973,,7000.0,0.0,0.0,0.0,47.42715746372202,optimal
2021-02-07 06:00:00,8,90,2.8,0.0,0.0,0.08826666666666666,2.205,6.0,4,19.805806614281494,,7000.0,0.0,0.0,0.0,47.379730306258296,optimal
2021-02-07 06:30:00,8,90,2.8,0.0,1.6079865606068655,0.1851,0.882,6.0,4,20.239133611872205,,7000.0,0.0,0.0,0.0,48.096144192240295,optimal
2021-02-07 07:00:00,8,90,2.8,0.0,0.0,0.17023333333333332,1.5435,6.0,4,20.674534770671382,,7000.0,0.0,0.0,0.0,48.048048048048045,optimal
2021-02-07 07:30:00,8,90,2.8,0.0,0.0,0.06533333333333333,1.5435,6.0,4,21.10161075741503,,7000.0,0.0,0.0,0.0,48.0,optimal
2021-02-07 08:00:00,8,90,1.6355258364460061,0.0,0.0,0.5322333333333333,5.0715,6.0,4,21.54516435914944,,4088.8145911150154,0.0,0.0,0.0,47.72109823539138,optimal
2021-02-07 08:30:00,8,90,0.0,0.0,0.0,1.0128333333333335,5.376,6.0,4,21.746316995564978,,0.0,0.0,0.0,0.0,47.44247537254737,optimal
2021-02-07 09:00:00,8,90,2.8,0.0,0.0,1.5652666666666668,5.0715,6.0,4,21.577050785664103,,7000.0,0.0,0.0,0.0,47.164131132566204,optimal
2021-02-07 09:30:00,8,90,1.195819811719146,0.0,0.0,0.132,5.5125,6.0,4,22.0,,2989.5495292978653,0.0,0.0,0.0,46.88606523682502,optimal
2021-02-07 10:00:00,8,90,1.0395829750507437,0.0,0.0,0.3403333333333333,9.261,6.0,4,22.0,,2598.9574376268592,0.0,0.0,0.0,46.608277406979575,optimal
2021-02-07 10:30:00,8,90,0.0,0.0,0.0,0.2531333333333333,11.7075,6.0,4,22.0,,0.0,0.0,0.0,0.0,46.330767364963975,optimal
2021-02-07 11:00:00,8,90,0.0,0.0,0.0,0.33273333333333327,12.348,6.0,4,21.743774833918966,,0.0,0.0,0.0,0.0,46.053534832990394,optimal
2021-02-07 11:30:00,8,90,0.0,0.0,0.0,0.12263333333333334,12.348,6.0,4,21.512486232327937,,0.0,0.0,0.0,0.0,45.776579533548784,optimal
2021-02-07 12:00:00,8,90,0.0,0.0,0.0,0.16376666666666667,12.1275,6.0,4,21.27360990502868,,0.0,0.0,0.0,0.0,45.499901189406614,optimal
2021-02-07 12:30:00,8,90,0.0,0.0,0.0,0.23536666666666667,12.5265,6.0,4,21.053512644000808,,0.0,0.0,0.0,0.0,45.22349952360859,optimal
2021-02-07 13:00:00,8,90,2.8,0.0,0.0,0.2901333333333333,11.7495,6.0,4,20.863387584948708,,7000.0,0.0,0.0,0.0,44.94737425947636,optimal
2021-02-07 13:30:00,8,90,0.0,0.0,0.0,0.38713333333333333,13.23,6.0,4,21.324040405288265,,0.0,0.0,0.0,0.0,44.671525120608266,optimal
2021-02-07 14:00:00,8,90,0.0,0.0,0.0,0.13486666666666666,14.3325,6.0,4,21.14274400231991,,0.0,0.0,0.0,0.0,44.39595183087904,optimal
2021-02-07 14:30:00,8,90,0.0,0.0,0.0,0.15753333333333333,14.994,6.0,4,20.93785788607894,,0.0,0.0,0.0,0.0,44.120654114439546,optimal
2021-02-07 15:00:00,8,90,0.0,0.0,0.0,0.2359333333333333,14.8155,6.0,4,20.717865984948823,,0.0,0.0,0.0,0.0,43.84563169571649,optimal
2021-02-07 15:30:00,8,90,0.0,0.0,0.0,0.14786666666666667,14.112,6.0,4,20.51923883114955,,0.0,0.0,0.0,0.0,43.57088429941216,optimal
2021-02-07 16:00:00,8,90,0.0,0.0,0.0,0.0866,14.007,6.0,4,20.31313176654983,,0.0,0.0,0.0,0.0,43.296411650504126,optimal
2021-02-07 16:30:00,8,90,2.125068924624659,0.0,0.0,0.11823333333333332,13.23,6.0,4,20.07872467422682,,5312.672311561647,0.0,0.0,0.0,43.02221347424501,optimal
2021-02-07 17:00:00,8,90,2.8,0.0,0.0,0.3168333333333333,11.382,6.0,4,20.344524819651276,,7000.0,0.0,0.0,0.0,42.748289496162144,optimal
2021-02-07 17:30:00,8,90,2.8,0.0,0.0,0.43019999999999997,11.7495,6.0,4,20.77848226321399,,7000.0,0.0,0.0,0.0,42.47463944205737,optimal
2021-02-07 18:00:00,8,90,0.0,0.0,0.0,0.3585,24.3285,6.0,4,21.227902606907584,,0.0,0.0,0.0,0.0,42.201263038006694,optimal
2021-02-07 18:30:00,8,90,0.0,0.0,0.0,0.0798,28.917,6.0,4,20.986234280246798,,0.0,0.0,0.0,0.0,41.92816001036007,optimal
2021-02-07 19:00:00,8,90,0.0,0.0,0.0,0.23656666666666665,31.3635,6.0,4,20.72419663923944,,0.0,0.0,0.0,0.0,41.65533008574109,optimal
2021-02-07 19:30:00,8,90,0.0,0.0,0.0,0.33963333333333334,33.306,6.0,4,20.48903700855034,,0.0,0.0,0.0,0.0,41.382772991046735,optimal
2021-02-07 20:00:00,8,90,0.0,0.0,0.0,0.09523333333333332,31.3425,6.0,4,20.258764488901175,,0.0,0.0,0.0,0.0,41.11048845344707,optimal
2021-02-07 20:30:00,8,90,0.0,0.0,0.0,0.19413333333333332,28.2555,6.0,4,20.0,,0.0,0.0,0.0,0.0,40.838476200385,optimal
2021-02-07 21:00:00,8,90,0.0,0.0,0.0,0.31693333333333334,15.6975,6.0,4,19.752688453032135,,0.0,0.0,0.0,0.0,40.566735959576,optimal
2021-02-07 21:30:00,8,90,0.0,0.0,0.0,0.25453333333333333,12.5475,6.0,4,19.545992521411033,,0.0,0.0,0.0,0.0,40.29526745900781,optimal
2021-02-07 22:00:00,8,90,0.0,0.0,0.0,0.2539,12.0855,6.0,4,19.355399375176486,,0.0,0.0,0.0,0.0,40.2549721915488,optimal
2021-02-07 22:30:00,8,90,0.0,0.0,0.0,0.15606666666666666,11.907,6.0,4,19.18092308395548,,0.0,0.0,0.0,0.0,40.214717219357254,optimal
2021-02-07 23:00:00,8,90,0.0,0.0,0.0,0.2693333333333333,12.5685,6.0,4,19.01281438074994,,0.0,0.0,0.0,0.0,40.1745025021379,optimal
2021-02-07 23:30:00,8,90,0.0,0.0,0.0,0.14356666666666668,13.146,6.0,4,18.8468200620232,,0.0,0.0,0.0,0.0,40.13432799963576,optimal
2021-02-08 00:00:00,8,90,2.8,0.0,0.0,0.22119999999999998,7.665,6.0,-3,18.8468200620232,,6651.666666666667,0.0,348.3333333333333,0.0,40.09419367163612,optimal
2021-02-08 00:30:00,8,90,2.8,0.0,0.0,0.3732,6.7725,6.0,-3,19.27690319850179,,0.0,0.0,7000.0,0.0,40.054099477964485,optimal
2021-02-08 01:00:00,8,90,2.8,0.0,3.20287011935492,0.32466666666666666,5.5755,6.0,-3,19.095735012786495,,7000.0,0.0,0.0,0.0,41.5354086851801,optimal
2021-02-08 01:30:00,8,90,2.8,0.0,5.0,0.13736666666666666,5.0925,6.0,-3,19.552842721682538,,7000.0,0.0,0.0,0.0,43.86887327649492,optimal
2021-02-08 02:00:00,8,90,2.8,0.0,5.0,0.06,4.1895,6.0,-3,19.980819837432577,,7000.0,0.0,0.0,0.0,46.200004403218415,optimal
2021-02-08 02:30:00,8,90,2.8,0.0,0.0,0.38,7.056,6.0,-3,20.394775822651383,,7000.0,0.0,0.0,0.0,46.15380439881519,optimal
2021-02-08 03:00:00,8,90,2.8,0.0,5.0,0.06,5.271,6.0,-3,20.833231558304913,,7000.0,0.0,0.0,0.0,48.48265059441637,optimal
2021-02-08 03:30:00,8,90,2.8,0.0,0.0,0.2624666666666666,7.938,6.0,-3,21.236422180783315,,7000.0,0.0,0.0,0.0,48.434167943821954,optimal
2021-02-08 04:00:00,8,90,2.8,0.0,0.0,0.17753333333333332,7.938,6.0,-3,21.65192460821665,,7000.0,0.0,0.0,0.0,48.38573377587813,optimal
2021-02-08 04:30:00,8,90,0.0,0.0,0.0,0.1266,11.907,6.0,-3,22.05288193994542,,0.0,0.0,0.0,0.0,48.33734804210225,optimal
2021-02-08 05:00:00,8,90,2.8,0.0,0.0,0.31339999999999996,11.025,6.0,-3,21.79209909079883,,7000.0,0.0,0.0,0.0,48.289010694060146,optimal
2021-02-08 05:30:00,8,90,2.8,0.0,0.0,0.08220000000000001,11.2875,6.0,-3,22.20080243747196,,7000.0,0.0,0.0,0.0,48.240721683366075,optimal
2021-02-08 06:00:00,8,90,0.0,0.0,0.0,0.2814,12.936,6.0,-3,22.581479319326043,,0.0,0.0,0.0,0.0,48.192480961682705,optimal
2021-02-08 06:30:00,8,90,0.0,0.0,0.0,0.23166666666666663,13.0095,6.0,-3,22.324642678545256,,0.0,0.0,0.0,0.0,48.144288480721016,optimal
2021-02-08 07:00:00,8,90,0.0,0.0,0.0,0.4774,13.671,6.0,-3,22.072015593231207,,0.0,0.0,0.0,0.0,48.096144192240295,optimal
2021-02-08 07:30:00,8,90,0.0,0.0,0.0,0.3292,13.188,6.0,-3,21.85353711724377,,0.0,0.0,0.0,0.0,48.048048048048045,optimal
2021-02-08 08:00:00,8,90,0.0,0.0,0.0,0.24366666666666664,13.8495,6.0,-3,21.647047112198564,,0.0,0.0,0.0,0.0,48.0,optimal
2021-02-08 08:30:00,8,90,0.0,0.0,0.0,0.4253,13.23,6.0,-3,21.43030711441568,,0.0,0.0,0.0,0.0,47.53602122495665,optimal
2021-02-08 09:00:00,8,90,0.0,0.0,0.0,0.1107,13.3665,6.0,-3,21.19697059944337,,0.0,0.0,0.0,0.0,47.07250642868834,optimal
2021-02-08 09:30:00,8,90,0.7107029812383509,0.0,0.0,0.29156666666666664,13.0515,6.0,-3,20.927363985144556,,1776.757453095877,0.0,0.0,0.0,46.6094551472163,optimal
2021-02-08 10:00:00,8,90,0.0,0.0,0.0,0.10183333333333332,13.5345,6.0,-3,20.845496830311475,,0.0,0.0,0.0,0.0,46.14686691702573,optimal
2021-02-08 10:30:00,8,90,0.0,0.0,0.0,0.12936666666666669,14.154,6.0,-3,20.610441677441464,,0.0,0.0,0.0,0.0,45.684741275065356,optimal
2021-02-08 11:00:00,8,90,0.0,0.0,0.0,0.22296666666666667,14.112,6.0,-3,20.379159531213254,,0.0,0.0,0.0,0.0,45.22307775874694,optimal
2021-02-08 11:30:00,8,90,0.0,0.0,0.0,0.20356666666666665,14.2485,6.0,-3,20.188400199579352,,0.0,0.0,0.0,0.0,44.76187590594484,optimal
2021-02-08 12:00:00,8,90,1.5161138665041283,0.0,0.0,0.2189333333333333,12.789,6.0,-3,20.0,,3790.2846662603206,0.0,0.0,0.0,44.30113525499554,optimal
2021-02-08 12:30:00,8,90,0.0,0.0,0.0,0.1585,13.0095,6.0,-3,20.178587295311782,,0.0,0.0,0.0,0.0,43.8408553446972,optimal
2021-02-08 13:00:00,8,90,2.8,0.0,0.0,0.13776666666666668,12.1275,6.0,-3,20.0,,7000.0,0.0,0.0,0.0,43.38103571430915,optimal
2021-02-08 13:30:00,8,90,1.6956520627454124,0.0,0.0,0.2655666666666667,12.348,6.0,-3,20.471450968596745,,4239.130156863531,0.0,0.0,0.0,42.92167590355149,optimal
2021-02-08 14:00:00,8,90,2.8,0.0,0.0,0.0885,12.348,6.0,-3,20.693146553981006,,7000.0,0.0,0.0,0.0,42.46277545260459,optimal
2021-02-08 14:30:00,8,90,0.0,0.0,0.0,0.4723,25.389,6.0,-3,21.15362759152267,,0.0,0.0,0.0,0.0,42.004333902108634,optimal
2021-02-08 15:00:00,8,90,0.0,0.0,0.0,0.26880000000000004,29.1375,6.0,-3,21.009250247070227,,0.0,0.0,0.0,0.0,41.54635079316318,optimal
2021-02-08 15:30:00,8,90,0.0,0.0,0.0,0.4080666666666667,30.597,6.0,-3,20.83250104424155,,0.0,0.0,0.0,0.0,41.08882566732667,optimal
2021-02-08 16:00:00,8,90,0.0,0.0,0.0,0.4662,33.684,6.0,-3,20.688678532530144,,0.0,0.0,0.0,0.0,41.047736841659344,optimal
2021-02-08 16:30:00,8,90,0.0,0.0,0.0,0.373,32.445,6.0,-3,20.538522127441137,,0.0,0.0,0.0,0.0,41.00668910481768,optimal
2021-02-08 17:00:00,8,90,0.0,0.0,0.0,0.3962,28.917,6.0,-3,20.379220629578377,,0.0,0.0,0.0,0.0,40.96568241571286,optimal
2021-02-08 17:30:00,8,90,0.0,0.0,0.0,0.3688666666666667,15.876,6.0,-3,20.191150070048955,,0.0,0.0,0.0,0.0,40.92471673329715,optimal
2021-02-08 18:00:00,8,90,0.9133174035188267,0.0,0.0,0.2856666666666667,12.348,6.0,-3,20.0,,2283.293508797067,0.0,0.0,0.0,40.88379201656385,optimal
2021-02-08 18:30:00,8,90,1.7594953041125523,0.0,0.0,0.3989666666666666,12.1275,6.0,-3,20.0,,4398.7382602813805,0.0,0.0,0.0,40.84290822454729,optimal
2021-02-08 19:00:00,8,90,0.0,0.0,0.0,0.29956666666666665,12.348,6.0,-3,20.2085118661775,,0.0,0.0,0.0,0.0,40.80206531632274,optimal
2021-02-08 19:30:00,8,90,0.8746531575449422,0.0,0.0,0.44989999999999997,12.1275,6.0,-3,20.0,,2186.6328938623556,0.0,0.0,0.0,40.76126325100642,optimal
2021-02-08 20:00:00,8,90,0.9252870862899688,0.0,0.0,0.3005,12.1275,6.0,-3,20.0,,2313.217715724922,0.0,0.0,0.0,40.72050198775541,optimal
2021-02-08 20:30:00,8,90,0.0,0.0,0.0,0.3663666666666667,11.2665,6.0,-3,20.0,,0.0,0.0,0.0,0.0,40.679781485767656,optimal
2021-02-08 21:00:00,8,90,0.09813333333333292,0.0,0.0,0.47643333333333326,10.143,6.0,-3,19.798137059579503,,0.0,0.0,245.3333333333323,0.0,40.639101704281885,optimal
2021-02-08 21:30:00,8,90,0.0,0.0,0.0,0.4941666666666667,11.2455,6.0,-3,19.596772260790456,,0.0,0.0,0.0,0.0,40.598462602577605,optimal
2021-02-08 22:00:00,8,90,0.0,0.0,0.0,0.41793333333333327,11.025,6.0,-3,19.407861512955446,,0.0,0.0,0.0,0.0,40.55786413997503,optimal
2021-02-08 22:30:00,8,90,0.8638666666666666,0.0,0.0,0.44296666666666656,5.9745,6.0,-3,19.219136429483328,,0.0,0.0,2159.6666666666665,0.0,40.517306275835054,optimal
2021-02-08 23:00:00,8,90,0.0,0.0,0.0,0.4023333333333333,7.938,6.0,-3,19.02008938677981,,0.0,0.0,0.0,0.0,40.476788969559216,optimal
2021-02-08 23:30:00,8,90,0.0,0.0,0.0,0.7839666666666667,8.6835,6.0,-3,18.82984970877842,,0.0,0.0,0.0,0.0,40.43631218058966,optimal
2021-02-09 00:00:00,8,90,0.3817110953468329,0.0,2.343750599104863,0.06073333333333333,11.2455,6.0,-1,18.82984970877842,,675.6110717004157,0.0,278.66666666666663,0.0,41.50915740298388,optimal
2021-02-09 00:30:00,8,90,0.0,0.0,0.0,0.17,12.1275,6.0,-1,18.68711539598448,,0.0,0.0,0.0,0.0,41.46764824558089,optimal
2021-02-09 01:00:00,8,90,2.8,0.0,0.0,0.148,11.823,6.0,-1,18.493265577680873,,0.0,0.0,7000.0,0.0,41.4261805973353,optimal
2021-02-09 01:30:00,8,90,2.8,0.0,0.0,0.059,11.7705,6.0,-1,18.27656436471819,,0.0,0.0,7000.0,0.0,41.38475441673797,optimal
2021-02-09 02:00:00,8,90,2.8,0.0,5.0,0.059,11.13,6.0,-1,18.053270585658705,,1981.0,0.0,5019.0,0.0,43.71836966232123,optimal
2021-02-09 02:30:00,8,90,2.8,0.0,0.0,0.18953333333333333,11.6865,6.0,-1,18.015646775926225,,7000.0,0.0,0.0,0.0,43.67465129265891,optimal
2021-02-09 03:00:00,8,90,2.8,0.0,5.0,0.059,10.7205,6.0,-1,18.45733300145235,,7000.0,0.0,0.0,0.0,46.005976641366246,optimal
2021-02-09 03:30:00,8,90,2.8,0.0,0.0,0.0768,11.424,6.0,-1,18.881297008629055,,7000.0,0.0,0.0,0.0,45.95997066472487,optimal
2021-02-09 04:00:00,8,90,2.8,0.0,5.0,0.17173333333333332,10.689,6.0,-1,19.30227826180087,,7000.0,0.0,0.0,0.0,48.289010694060146,optimal
2021-02-09 04:30:00,8,90,2.8,0.0,0.0,0.059,11.361,6.0,-1,19.727480101706963,,7000.0,0.0,0.0,0.0,48.240721683366075,optimal
2021-02-09 05:00:00,8,90,2.8,0.0,0.0,0.15393333333333334,11.571,6.0,-1,20.134701868373025,,7000.0,0.0,0.0,0.0,48.192480961682705,optimal
2021-02-09 05:30:00,8,90,0.0,0.0,0.0,0.09459999999999999,14.3745,6.0,-1,20.54347952818992,,0.0,0.0,0.0,0.0,48.144288480721016,optimal
2021-02-09 06:00:00,8,90,2.8,0.0,0.0,0.09459999999999999,13.23,6.0,-1,20.291056083188465,,7000.0,0.0,0.0,0.0,48.096144192240295,optimal
2021-02-09 06:30:00,8,90,0.0,0.0,0.0,0.15393333333333334,13.9755,6.0,-1,20.692088453729223,,0.0,0.0,0.0,0.0,48.048048048048045,optimal
2021-02-09 07:00:00,8,90,0.0,0.0,0.0,0.10133333333333332,14.994,6.0,-1,20.442331553402532,,0.0,0.0,0.0,0.0,48.0,optimal
2021-02-09 07:30:00,8,90,2.8,0.0,0.0,0.2133333333333333,13.671,6.0,-1,20.211406525603483,,7000.0,0.0,0.0,0.0,47.94116112733886,optimal
2021-02-09 08:00:00,8,90,0.0,0.0,0.0,0.21680000000000002,15.981,6.0,-1,20.629352000824206,,0.0,0.0,0.0,0.0,47.88238109355038,optimal
2021-02-09 08:30:00,8,90,0.0,0.0,0.0,0.199,15.6345,6.0,-1,20.393565932507276,,0.0,0.0,0.0,0.0,47.82365983979569,optimal
2021-02-09 09:00:00,8,90,0.0,0.0,0.0,0.3479333333333333,16.5375,6.0,-1,20.178187238265565,,0.0,0.0,0.0,0.0,47.764997307294756,optimal
2021-02-09 09:30:00,8,90,0.7526024634854906,0.0,0.0,1.4756666666666667,14.7735,6.0,-1,20.0,,1881.5061587137266,0.0,0.0,0.0,47.70639343732632,optimal
2021-02-09 10:00:00,8,90,0.0,0.0,0.0,1.9612,15.2145,6.0,-1,20.043869305661634,,0.0,0.0,0.0,0.0,47.64784817122786,optimal
2021-02-09 10:30:00,8,90,0.5339202039191634,0.0,0.0,0.7335666666666667,14.553,6.0,-1,20.0,,1334.8005097979085,0.0,0.0,0.0,47.58936145039549,optimal
2021-02-09 11:00:00,8,90,1.2573636132407204,0.0,0.0,1.7278666666666667,14.3325,6.0,-1,20.0,,3143.409033101801,0.0,0.0,0.0,47.53093321628395,optimal
2021-02-09 11:30:00,8,90,0.0,0.0,0.0,0.46736666666666665,14.595,6.0,-1,20.196749111037928,,0.0,0.0,0.0,0.0,47.47256341040652,optimal
2021-02-09 12:00:00,8,90,0.0,0.0,0.0,2.6879333333333335,14.994,6.0,-1,20.073614633290955,,0.0,0.0,0.0,0.0,47.414251974334974,optimal
2021-02-09 12:30:00,8,90,0.3279454169757522,0.0,0.0,2.4949333333333334,14.3325,6.0,-1,20.0,,819.8635424393806,0.0,0.0,0.0,47.355998849699496,optimal
2021-02-09 13:00:00,8,90,0.3786728423091046,0.0,0.0,2.0754,13.8915,6.0,-1,20.0,,946.6821057727615,0.0,0.0,0.0,47.297803978188654,optimal
2021-02-09 13:30:00,8,90,0.34222459633521646,0.0,0.0,2.6813000000000002,13.8915,6.0,-1,20.0,,855.5614908380412,0.0,0.0,0.0,47.239667301549325,optimal
2021-02-09 14:00:00,8,90,2.8,0.0,0.0,0.9215,13.4715,6.0,-1,20.0,,7000.0,0.0,0.0,0.0,47.18158876158664,optimal
2021-02-09 14:30:00,8,90,2.8,0.0,0.0,0.3356,13.23,6.0,-1,20.565953728012985,,7000.0,0.0,0.0,0.0,47.12356830016391,optimal
2021-02-09 15:00:00,8,90,0.10899380779498931,0.0,0.0,0.28413333333333335,13.8915,6.0,-1,21.138065061524856,,272.4845194874733,0.0,0.0,0.0,47.065605859202606,optimal
2021-02-09 15:30:00,8,90,0.0,0.0,0.0,1.2776666666666667,26.9325,6.0,-1,21.045565018379612,,0.0,0.0,0.0,0.0,47.00770138068226,optimal
2021-02-09 16:00:00,8,90,0.0,0.0,0.0,0.29046666666666665,30.303,6.0,-1,20.993729595780138,,0.0,0.0,0.0,0.0,46.94985480664044,optimal
2021-02-09 16:30:00,8,90,0.0,0.0,0.0,0.18203333333333332,32.886,6.0,-1,20.910206329844236,,0.0,0.0,0.0,0.0,46.89206607917266,optimal
2021-02-09 17:00:00,8,90,0.0,0.0,0.0,0.507,34.9965,6.0,-1,20.779757560204352,,0.0,0.0,0.0,0.0,46.834335140432344,optimal
2021-02-09 17:30:00,8,90,0.0,0.0,0.0,0.2898,33.327,6.0,-1,20.619710174072218,,0.0,0.0,0.0,0.0,46.77666193263077,optimal
2021-02-09 18:00:00,8,90,0.0,0.0,0.0,0.27396666666666664,31.122,6.0,-1,20.439624183107806,,0.0,0.0,0.0,0.0,46.719046398037,optimal
2021-02-09 18:30:00,8,90,0.0,0.0,0.0,1.5378666666666665,17.9025,6.0,-1,20.255636152484442,,0.0,0.0,0.0,0.0,46.66148847897782,optimal
2021-02-09 19:00:00,8,90,0.0,0.0,0.0,1.512733333333333,15.6555,6.0,-1,20.121541532001046,,0.0,0.0,0.0,0.0,46.60398811783771,optimal
2021-02-09 19:30:00,8,90,0.5672042126954573,0.0,0.0,0.4162,14.553,6.0,-1,20.0,,1418.010531738643,0.0,0.0,0.0,46.54654525705873,optimal
2021-02-09 20:00:00,8,90,0.6534495460287932,0.0,0.0,0.12919999999999998,14.3325,6.0,-1,20.0,,1633.6238650719831,0.0,0.0,0.0,46.49999871180167,optimal
2021-02-09 20:30:00,8,90,0.0,0.0,0.0,0.2628666666666667,13.335,6.0,-1,20.0,,0.0,0.0,0.0,0.0,46.45349871308987,optimal
2021-02-09 21:00:00,8,90,0.0,0.0,0.0,2.247333333333333,12.1275,6.0,-1,19.87205162348917,,0.0,0.0,0.0,0.0,46.40704521437678,optimal
2021-02-09 21:30:00,8,90,0.0,0.0,0.0,3.9736666666666665,12.2955,6.0,-1,19.761012263897783,,0.0,0.0,0.0,0.0,46.3606381691624,optimal
2021-02-09 22:00:00,8,90,0.0,0.0,0.0,2.1006666666666667,11.6865,6.0,-1,19.670490895422063,,0.0,0.0,0.0,0.0,46.31427753099324,optimal
2021-02-09 22:30:00,8,90,0.05573333333333333,0.0,0.0,2.712,11.466,6.0,-1,19.518800656422517,,0.0,0.0,139.33333333333331,0.0,46.26796325346224,optimal
2021-02-09 23:00:00,8,90,0.0,0.0,0.0,1.2314,10.8045,6.0,-1,19.36811470906609,,0.0,0.0,0.0,0.0,46.22169529020878,optimal
2021-02-09 23:30:00,8,90,0.0,0.0,0.0,0.1758,10.584,6.0,-1,19.153978896535357,,0.0,0.0,0.0,0.0,46.17547359491857,optimal
2021-02-10 00:00:00,8,90,0.0,0.0,0.0,0.063,12.789,6.0,3,19.153978896535357,,0.0,0.0,0.0,0.0,46.12929812132365,optimal
2021-02-10 00:30:00,8,90,0.0,0.0,0.0,0.063,11.907,6.0,3,18.892358027371436,,0.0,0.0,0.0,0.0,46.08316882320233,optimal
2021-02-10 01:00:00,8,90,0.0,0.0,0.0,0.063,11.7075,6.0,3,18.63304959863701,,0.0,0.0,0.0,0.0,46.037085654379126,optimal
2021-02-10 01:30:00,8,90,2.8,0.0,0.0,0.063,10.8045,6.0,3,18.376020524377477,,0.0,0.0,7000.0,0.0,45.99104856872475,optimal
2021-02-10 02:00:00,8,90,1.259400210899271,0.0,0.0,0.063,11.508,6.0,3,18.121238192025725,,2763.833860581511,0.0,384.6666666666667,0.0,45.94505752015603,optimal
2021-02-10 02:30:00,8,90,2.8,0.0,0.0,0.063,11.508,6.0,3,18.125250651967043,,7000.0,0.0,0.0,0.0,45.89911246263587,optimal
2021-02-10 03:00:00,8,90,2.8,0.0,0.0,0.063,11.508,6.0,3,18.522469695317657,,7000.0,0.0,0.0,0.0,45.853213350173235,optimal
2021-02-10 03:30:00,8,90,2.8,0.0,0.0,0.063,11.844,6.0,3,18.91400540470305,,7000.0,0.0,0.0,0.0,45.807360136823064,optimal
2021-02-10 04:00:00,8,90,2.8,0.0,0.0,0.063,11.508,6.0,3,19.299939096176672,,7000.0,0.0,0.0,0.0,45.761552776686244,optimal
2021-02-10 04:30:00,8,90,2.8,0.0,0.0,0.063,11.508,6.0,3,19.68035092233746,,7000.0,0.0,0.0,0.0,45.715791223909555,optimal
2021-02-10 05:00:00,8,90,2.8,0.0,5.0,0.063,10.4475,6.0,3,20.053889108136286,,7000.0,0.0,0.0,0.0,48.04507543268564,optimal
2021-02-10 05:30:00,8,90,2.8,0.0,0.0,0.6896666666666667,10.8675,6.0,3,20.420652000302468,,7000.0,0.0,0.0,0.0,47.99703035725296,optimal
2021-02-10 06:00:00,8,90,2.8,0.0,0.41106348173750457,0.3853333333333333,10.542,6.0,3,20.79061417011583,,7000.0,0.0,0.0,0.0,48.144288480721016,optimal
2021-02-10 06:30:00,8,90,2.8,0.0,0.0,0.081,11.025,6.0,3,21.171828139321367,,7000.0,0.0,0.0,0.0,48.096144192240295,optimal
2021-02-10 07:00:00,8,90,2.8,0.0,0.0,0.0705,11.025,6.0,3,21.54750646794756,,7000.0,0.0,0.0,0.0,48.048048048048045,optimal
2021-02-10 07:30:00,8,90,0.0,0.0,0.0,0.17866666666666667,14.553,6.0,3,21.94019749534673,,0.0,0.0,0.0,0.0,48.0,optimal
2021-02-10 08:00:00,8,90,2.8,0.0,0.0,0.063,13.0935,6.0,3,21.661952743001578,,7000.0,0.0,0.0,0.0,47.373517856486615,optimal
2021-02-10 08:30:00,8,90,0.0,0.0,0.0,0.063,15.6345,6.0,3,22.0,,0.0,0.0,0.0,0.0,46.747662195116746,optimal
2021-02-10 09:00:00,8,90,0.0,0.0,0.0,0.063,18.102,6.0,3,21.686227914039723,,0.0,0.0,0.0,0.0,46.122432389408246,optimal
2021-02-10 09:30:00,8,90,0.0,0.0,0.0,0.06533333333333333,17.199,6.0,3,21.398934619394225,,0.0,0.0,0.0,0.0,45.49782781350545,optimal
2021-02-10 10:00:00,8,90,0.0,0.0,0.0,0.073,18.2805,6.0,3,21.118613423843282,,0.0,0.0,0.0,0.0,44.87384784217856,optimal
2021-02-10 10:30:00,8,90,0.0,0.0,0.0,0.065,17.4615,6.0,3,20.876164862312656,,0.0,0.0,0.0,0.0,44.250491850823,optimal
2021-02-10 11:00:00,8,90,0.0,0.0,0.0,0.063,18.3225,6.0,3,20.63933137960739,,0.0,0.0,0.0,0.0,43.627759215458795,optimal
2021-02-10 11:30:00,8,90,0.0,0.0,0.0,0.063,17.094,6.0,3,20.429469007265553,,0.0,0.0,0.0,0.0,43.00564931272995,optimal
2021-02-10 12:00:00,8,90,0.0,0.0,0.0,0.07133333333333333,17.094,6.0,3,20.224040086377652,,0.0,0.0,0.0,0.0,42.384161519903834,optimal
2021-02-10 12:30:00,8,90,1.2042853695060038,0.0,0.0,0.06433333333333333,17.094,6.0,3,20.050683571121176,,3010.71342376501,0.0,0.0,0.0,41.763295214870546,optimal
2021-02-10 13:00:00,8,90,0.0,0.0,0.0,0.19876666666666667,17.3565,6.0,3,20.159306639662347,,0.0,0.0,0.0,0.0,41.14304977614229,optimal
2021-02-10 13:30:00,8,90,0.19467117333785264,0.0,0.0,1.1954,17.115,6.0,3,20.0,,486.67793334463164,0.0,0.0,0.0,40.52342458285276,optimal
2021-02-10 14:00:00,8,90,0.7439988916824661,0.0,0.0,0.063,17.241,6.0,3,20.0,,1859.9972292061655,0.0,0.0,0.0,39.90441901475653,optimal
2021-02-10 14:30:00,8,90,0.7439988916824661,0.0,0.0,0.07266666666666667,17.094,6.0,3,20.0,,1859.9972292061655,0.0,0.0,0.0,39.28603245222839,optimal
2021-02-10 15:00:00,8,90,2.8,0.0,0.0,0.108,16.5165,6.0,3,20.0,,7000.0,0.0,0.0,0.0,38.668264276262775,optimal
2021-02-10 15:30:00,8,90,0.0,0.0,0.0,0.06906666666666667,17.8185,6.0,3,20.468431493731583,,0.0,0.0,0.0,0.0,38.05111386847313,optimal
2021-02-10 16:00:00,8,90,2.8,0.0,0.0,0.1364,17.094,6.0,3,20.300051019275987,,7000.0,0.0,0.0,0.0,37.43458061109127,optimal
2021-02-10 16:30:00,8,90,2.8,0.0,0.0,0.203,16.8945,6.0,3,20.75899365937444,,7000.0,0.0,0.0,0.0,36.818663886966796,optimal
2021-02-10 17:00:00,8,90,1.0453754507213593,0.0,0.0,0.203,18.123,6.0,3,21.221498969224385,,2613.4386268033986,0.0,0.0,0.0,36.203363079566444,optimal
2021-02-10 17:30:00,8,90,0.0,0.0,0.0,0.197,31.647,6.0,3,21.255650277749563,,0.0,0.0,0.0,0.0,35.588677572973495,optimal
2021-02-10 18:00:00,8,90,0.0,0.0,0.0,0.42506666666666665,34.9965,6.0,3,21.053258671789948,,0.0,0.0,0.0,0.0,34.97460675188714,optimal
2021-02-10 18:30:00,8,90,0.0,0.0,0.0,1.4628666666666665,34.9965,6.0,3,20.90050912889783,,0.0,0.0,0.0,0.0,34.361150001621866,optimal
2021-02-10 19:00:00,8,90,0.0,0.0,0.0,0.2505,34.9965,6.0,3,20.757881079797443,,0.0,0.0,0.0,0.0,33.74830670810686,optimal
2021-02-10 19:30:00,8,90,0.0,0.0,0.0,0.137,34.9965,6.0,3,20.565211955472936,,0.0,0.0,0.0,0.0,33.13607625788537,optimal
2021-02-10 20:00:00,8,90,0.0,0.0,0.0,0.073,34.9965,6.0,3,20.297222557409924,,0.0,0.0,0.0,0.0,32.524458038114105,optimal
2021-02-10 20:30:00,8,90,0.0,0.0,0.0,0.073,27.741,6.0,3,20.0,,0.0,0.0,0.0,0.0,31.913451436562607,optimal
2021-02-10 21:00:00,8,90,0.0,0.0,0.0,0.4342,19.026,6.0,3,19.70631465557373,,0.0,0.0,0.0,0.0,31.303055841612657,optimal
2021-02-10 21:30:00,8,90,0.0,0.0,0.0,0.3353666666666667,18.7215,6.0,3,19.494703738319437,,0.0,0.0,0.0,0.0,31.271752785771046,optimal
2021-02-10 22:00:00,8,90,0.0,0.0,0.0,0.4,17.4195,6.0,3,19.304844485601073,,0.0,0.0,0.0,0.0,31.240481032985276,optimal
2021-02-10 22:30:00,8,90,0.0,0.0,0.0,0.384,16.758,6.0,3,19.107875857388787,,0.0,0.0,0.0,0.0,31.20924055195229,optimal
2021-02-10 23:00:00,8,90,0.0,0.0,0.0,0.296,14.217,6.0,3,18.925450749878653,,0.0,0.0,0.0,0.0,31.17803131140034,optimal
2021-02-10 23:30:00,8,90,0.0,0.0,0.0,1.388266666666667,13.3665,6.0,3,18.737308742180257,,0.0,0.0,0.0,0.0,31.146853280088937,optimal
2021-02-11 00:00:00,8,90,2.8,0.0,5.0,0.547,11.2245,6.0,-3,18.737308742180257,,6651.666666666667,0.0,348.3333333333333,0.0,33.49070642680885,optimal
2021-02-11 00:30:00,8,90,2.8,0.0,5.0,0.5034666666666666,11.025,6.0,-3,19.08877947986858,,0.0,0.0,7000.0,0.0,35.83221572038204,optimal
2021-02-11 01:00:00,8,90,2.8,0.0,5.0,0.057,10.7835,6.0,-3,18.851643297380015,,6058.0,0.0,942.0,0.0,38.171383504661655,optimal
2021-02-11 01:30:00,8,90,2.8,0.0,5.0,0.057,11.025,6.0,-3,19.12391809747296,,7000.0,0.0,0.0,0.0,40.508212121156994,optimal
2021-02-11 02:00:00,8,90,2.8,0.0,5.0,0.1362,10.584,6.0,-3,19.479747702790874,,7000.0,0.0,0.0,0.0,42.84270390903584,optimal
2021-02-11 02:30:00,8,90,2.8,0.0,5.0,0.123,11.025,6.0,-3,19.83783868911974,,7000.0,0.0,0.0,0.0,45.1748612051268,optimal
2021-02-11 03:00:00,8,90,2.8,0.0,5.0,0.057,10.4265,6.0,-3,20.188149976915128,,7000.0,0.0,0.0,0.0,47.504686343921676,optimal
2021-02-11 03:30:00,8,90,2.8,0.0,0.0,0.1296,12.789,6.0,-3,20.5258911947284,,7000.0,0.0,0.0,0.0,47.457181657577756,optimal
2021-02-11 04:00:00,8,90,2.8,0.0,1.7494678051492716,0.1296,12.684,6.0,-3,20.869116840599805,,7000.0,0.0,0.0,0.0,48.240721683366075,optimal
2021-02-11 04:30:00,8,90,2.8,0.0,0.0,0.057,16.254,6.0,-3,21.211008631792087,,7000.0,0.0,0.0,0.0,48.192480961682705,optimal
2021-02-11 05:00:00,8,90,1.5197553866047278,0.0,0.0,0.1032,17.64,6.0,-3,21.541268888150924,,3799.38846651182,0.0,0.0,0.0,48.144288480721016,optimal
2021-02-11 05:30:00,8,90,0.0,0.0,0.0,0.432,19.1625,6.0,-3,21.573964414674194,,0.0,0.0,0.0,0.0,48.096144192240295,optimal
2021-02-11 06:00:00,8,90,0.0,0.0,0.0,0.6804,26.46,6.0,-3,21.29689184702505,,0.0,0.0,0.0,0.0,48.048048048048045,optimal
2021-02-11 06:30:00,8,90,0.0,0.0,0.0,0.3679333333333333,20.79,6.0,-3,21.019987895634994,,0.0,0.0,0.0,0.0,48.0,optimal
2021-02-11 07:00:00,8,90,0.0,0.0,0.0,0.4948666666666667,29.106,6.0,-3,20.75458528733319,,0.0,0.0,0.0,0.0,47.8147147510924,optimal
2021-02-11 07:30:00,8,90,0.0,0.0,0.0,0.24,19.1835,6.0,-3,20.51234508010276,,0.0,0.0,0.0,0.0,47.62961478743372,optimal
2021-02-11 08:00:00,8,90,0.0,0.0,0.0,0.7060333333333333,19.6665,6.0,-3,20.24943738576559,,0.0,0.0,0.0,0.0,47.44469992373869,optimal
2021-02-11 08:30:00,8,90,1.1708469795871612,0.0,0.0,0.207,19.404,6.0,-3,20.0,,2927.1174489679033,0.0,0.0,0.0,47.25996997490736,optimal
2021-02-11 09:00:00,8,90,1.0215315257786712,0.0,0.0,0.9797666666666668,19.047,6.0,-3,20.0,,2553.8288144466783,0.0,0.0,0.0,47.07542475602485,optimal
2021-02-11 09:30:00,8,90,1.8738366231189363,0.0,0.0,0.7855666666666667,18.858,6.0,-3,20.0,,4684.591557797341,0.0,0.0,0.0,46.89106408236123,optimal
2021-02-11 10:00:00,8,90,0.0,0.0,0.0,0.15280000000000002,19.2675,6.0,-3,20.21047145405879,,0.0,0.0,0.0,0.0,46.70688776937128,optimal
2021-02-11 10:30:00,8,90,0.9414374638775566,0.0,0.0,0.1264,18.963,6.0,-3,20.0,,2353.5936596938914,0.0,0.0,0.0,46.52289563269431,optimal
2021-02-11 11:00:00,8,90,1.469890624778391,0.0,0.0,0.244,18.438,6.0,-3,20.0,,3674.726561945977,0.0,0.0,0.0,46.33908748815402,optimal
2021-02-11 11:30:00,8,90,0.0,0.0,0.0,0.22046666666666667,18.7425,6.0,-3,20.167677364953043,,0.0,0.0,0.0,0.0,46.15546315175827,optimal
2021-02-11 12:00:00,8,90,2.8,0.0,0.0,1.2681333333333333,15.2145,6.0,-3,20.0,,7000.0,0.0,0.0,0.0,45.97202243969892,optimal
2021-02-11 12:30:00,8,90,0.0,0.0,0.0,0.6674,17.7765,6.0,-3,20.550011811674384,,0.0,0.0,0.0,0.0,45.788765168351624,optimal
2021-02-11 13:00:00,8,90,0.0,0.0,0.0,0.14906666666666665,16.758,6.0,-3,20.42816150143862,,0.0,0.0,0.0,0.0,45.605691154275675,optimal
2021-02-11 13:30:00,8,90,2.8,0.0,0.0,0.2336,16.422,6.0,-3,20.289023695233393,,7000.0,0.0,0.0,0.0,45.4228002142138,optimal
2021-02-11 14:00:00,8,90,2.4029233332313678,0.0,0.0,0.3588,16.758,6.0,-3,20.810999258405296,,6007.308333078419,0.0,0.0,0.0,45.240092165091994,optimal
2021-02-11 14:30:00,8,90,0.0,0.0,0.0,0.4532333333333333,29.358,6.0,-3,21.249042110230363,,0.0,0.0,0.0,0.0,45.057566824019304,optimal
2021-02-11 15:00:00,8,90,0.0,0.0,0.0,0.8043333333333333,34.9965,6.0,-3,21.099767018739026,,0.0,0.0,0.0,0.0,44.87522400828769,optimal
2021-02-11 15:30:00,8,90,0.0,0.0,0.0,0.7350666666666668,34.65,6.0,-3,20.974558974913805,,0.0,0.0,0.0,0.0,44.693063535371806,optimal
2021-02-11 16:00:00,8,90,0.0,0.0,0.0,0.5359333333333333,34.9965,6.0,-3,20.831389671244935,,0.0,0.0,0.0,0.0,44.51108522292884,optimal
2021-02-11 16:30:00,8,90,0.0,0.0,0.0,0.9744333333333332,34.9965,6.0,-3,20.63624009110796,,0.0,0.0,0.0,0.0,44.32928888879832,optimal
2021-02-11 17:00:00,8,90,0.0,0.0,0.0,0.6297333333333334,30.4815,6.0,-3,20.468842050508062,,0.0,0.0,0.0,0.0,44.147674351001925,optimal
2021-02-11 17:30:00,8,90,0.0,0.0,0.0,0.4563666666666667,21.4305,6.0,-3,20.221209339617616,,0.0,0.0,0.0,0.0,43.96624142774333,optimal
2021-02-11 18:00:00,8,90,1.2515062175559282,0.0,0.0,0.4688,14.3325,6.0,-3,20.0,,2501.76554388982,0.0,627.0,0.0,43.784989937407985,optimal
2021-02-11 18:30:00,8,90,1.7199846909335077,0.0,0.0,2.351033333333333,13.692,6.0,-3,20.0,,3951.628394000436,0.0,348.3333333333333,0.0,43.60391969856298,optimal
2021-02-11 19:00:00,8,90,0.0,0.0,0.0,1.1999000000000002,14.007,6.0,-3,20.212097381564533,,0.0,0.0,0.0,0.0,43.423030529956826,optimal
2021-02-11 19:30:00,8,90,1.0528805855284267,0.0,0.0,0.6951333333333334,12.873,6.0,-3,20.0,,2353.5347971544,0.0,278.66666666666663,0.0,43.24232225051927,optimal
2021-02-11 20:00:00,8,90,0.9432593166129521,0.0,0.0,1.1779666666666666,12.684,6.0,-3,20.0,,2358.1482915323804,0.0,0.0,0.0,43.06179467936116,optimal
2021-02-11 20:30:00,8,90,0.0,0.0,0.0,0.6945,12.306,6.0,-3,20.0,,0.0,0.0,0.0,0.0,42.8814476357742,optimal
2021-02-11 21:00:00,8,90,1.6162666666666667,0.0,0.0,0.7530333333333333,10.6365,6.0,-3,19.75646814946063,,0.0,0.0,4040.6666666666665,0.0,42.701280939230834,optimal
2021-02-11 21:30:00,8,90,0.0,0.0,0.0,0.5854666666666667,11.2455,6.0,-3,19.474925564722504,,0.0,0.0,0.0,0.0,42.6585796582916,optimal
2021-02-11 22:00:00,8,90,0.0,0.0,0.0,1.2671666666666668,11.2455,6.0,-3,19.18763656222597,,0.0,0.0,0.0,0.0,42.615921078633306,optimal
2021-02-11 22:30:00,8,90,0.0,0.0,0.0,1.4687999999999999,11.025,6.0,-3,18.95059657355806,,0.0,0.0,0.0,0.0,42.57330515755467,optimal
2021-02-11 23:00:00,8,90,0.0,0.0,0.0,0.44006666666666666,12.0855,6.0,-3,18.710493364283717,,0.0,0.0,0.0,0.0,42.53073185239712,optimal
2021-02-11 23:30:00,8,90,0.0,0.0,0.0,0.9275666666666669,11.6865,6.0,-3,18.464970361721203,,0.0,0.0,0.0,0.0,42.48820112054472,optimal
2021-02-12 00:00:00,8,90,2.8,0.0,0.0,0.058333333333333334,10.3635,6.0,0,18.464970361721203,,7000.0,0.0,0.0,0.0,42.445712919424174,optimal
2021-02-12 00:30:00,8,90,2.8,0.0,0.0,0.058,10.8045,6.0,0,18.773876221040087,,0.0,0.0,7000.0,0.0,42.40326720650475,optimal
2021-02-12 01:00:00,8,90,2.8,0.0,0.0,0.12133333333333332,11.025,6.0,0,18.428518125254723,,1460.0,0.0,5540.0,0.0,42.36086393929825,optimal
2021-02-12 01:30:00,8,90,2.8,0.0,0.0,0.08333333333333333,10.3635,6.0,0,18.22951982049988,,7000.0,0.0,0.0,0.0,42.31850307535895,optimal
2021-02-12 02:00:00,8,90,2.8,0.0,0.0,0.058,10.8045,6.0,0,18.545577058956223,,7000.0,0.0,0.0,0.0,42.27618457228359,optimal
2021-02-12 02:30:00,8,90,2.8,0.0,3.3296257219449457,0.14666666666666667,10.059,6.0,0,18.85619117477535,,7000.0,0.0,0.0,0.0,43.81548060563516,optimal
2021-02-12 03:00:00,8,90,2.8,0.0,0.0,0.058,10.584,6.0,0,19.17488478558957,,7000.0,0.0,0.0,0.0,43.771665125029514,optimal
2021-02-12 03:30:00,8,90,2.8,0.0,5.0,0.10866666666666669,9.4185,6.0,0,19.485079572071378,,7000.0,0.0,0.0,0.0,46.10289345990448,optimal
2021-02-12 04:00:00,8,90,2.8,0.0,0.0,0.096,10.3635,6.0,0,19.805555250993404,,7000.0,0.0,0.0,0.0,46.056790566444576,optimal
2021-02-12 04:30:00,8,90,2.8,0.0,5.0,0.058,9.8385,6.0,0,20.13028518265174,,7000.0,0.0,0.0,0.0,48.38573377587813,optimal
2021-02-12 05:00:00,8,90,2.8,0.0,0.0,0.14666666666666667,11.067,6.0,0,20.45685668094747,,7000.0,0.0,0.0,0.0,48.33734804210225,optimal
2021-02-12 05:30:00,8,90,2.8,0.0,0.0,0.05733333333333333,10.8465,6.0,0,20.797002482427377,,7000.0,0.0,0.0,0.0,48.289010694060146,optimal
2021-02-12 06:00:00,8,90,0.0,0.0,0.0,0.07986666666666666,13.671,6.0,0,21.138312421428,,0.0,0.0,0.0,0.0,48.240721683366075,optimal
2021-02-12 06:30:00,8,90,2.8,0.0,0.0,0.2813333333333333,12.348,6.0,0,20.853137945725344,,7000.0,0.0,0.0,0.0,48.192480961682705,optimal
2021-02-12 07:00:00,8,90,0.0,0.0,0.0,0.20666666666666664,14.3325,6.0,0,21.25626266777622,,0.0,0.0,0.0,0.0,48.144288480721016,optimal
2021-02-12 07:30:00,8,90,0.0,0.0,0.0,0.221,15.393,6.0,0,21.00383219384136,,0.0,0.0,0.0,0.0,48.096144192240295,optimal
2021-02-12 08:00:00,8,90,0.5426975223611665,0.0,0.0,0.2821666666666667,13.587,6.0,0,20.745719845730996,,1356.7438059029164,0.0,0.0,0.0,48.048048048048045,optimal
2021-02-12 08:30:00,8,90,0.0,0.0,0.0,0.42569999999999997,16.1385,6.0,0,20.60167118874425,,0.0,0.0,0.0,0.0,48.0,optimal
2021-02-12 09:00:00,8,90,0.0,0.0,0.0,0.3071666666666667,14.595,6.0,0,20.352623144439246,,0.0,0.0,0.0,0.0,47.83862756566201,optimal
2021-02-12 09:30:00,8,90,0.0,0.0,0.0,1.7913,14.637,6.0,0,20.112491818067713,,0.0,0.0,0.0,0.0,47.67741650375836,optimal
2021-02-12 10:00:00,8,90,0.6666086684379888,0.0,0.0,0.3793333333333333,13.9125,6.0,0,20.0,,1666.5216710949721,0.0,0.0,0.0,47.51636665291661,optimal
2021-02-12 10:30:00,8,90,0.684029302895728,0.0,0.0,0.3398333333333333,13.3665,6.0,0,20.0,,1710.0732572393201,0.0,0.0,0.0,47.355477851925706,optimal
2021-02-12 11:00:00,8,90,1.2297092407120136,0.0,0.0,0.20713333333333334,13.0095,6.0,0,20.0,,3074.273101780034,0.0,0.0,0.0,47.19474993973579,optimal
2021-02-12 11:30:00,8,90,0.0,0.0,0.0,0.142,13.8915,6.0,0,20.14674020867762,,0.0,0.0,0.0,0.0,47.03418275545807,optimal
2021-02-12 12:00:00,8,90,0.553063277938356,0.0,0.0,0.07866666666666668,13.188,6.0,0,20.0,,1382.65819484589,0.0,0.0,0.0,46.87377613836462,optimal
2021-02-12 12:30:00,8,90,0.5614741905789048,0.0,0.0,0.13326666666666667,12.5685,6.0,0,20.0,,1403.6854764472619,0.0,0.0,0.0,46.71352992788827,optimal
2021-02-12 13:00:00,8,90,0.7193403882708089,0.0,0.0,0.068,12.285,6.0,0,20.0,,1798.3509706770224,0.0,0.0,0.0,46.55344396362239,optimal
2021-02-12 13:30:00,8,90,2.8,0.0,0.0,0.11233333333333331,11.487,6.0,0,20.0,,7000.0,0.0,0.0,0.0,46.39351808532078,optimal
2021-02-12 14:00:00,8,90,0.5780466859335509,0.0,0.0,0.11233333333333331,11.802,6.0,0,20.485579384204026,,1445.1167148338773,0.0,0.0,0.0,46.233752132897465,optimal
2021-02-12 14:30:00,8,90,2.8,0.0,0.0,0.068,11.2245,6.0,0,20.438848706286752,,7000.0,0.0,0.0,0.0,46.074145946426576,optimal
2021-02-12 15:00:00,8,90,2.8,0.0,0.0,0.15666666666666665,11.025,6.0,0,20.90292712765836,,7000.0,0.0,0.0,0.0,45.91469936614216,optimal
2021-02-12 15:30:00,8,90,2.8,0.0,0.0,0.068,11.907,6.0,0,21.354304360178766,,7000.0,0.0,0.0,0.0,45.755412232438026,optimal
2021-02-12 16:00:00,8,90,0.0,0.0,0.0,0.11866666666666668,25.83,6.0,0,21.788845842749385,,0.0,0.0,0.0,0.0,45.5962843858676,optimal
2021-02-12 16:30:00,8,90,0.0,0.0,0.0,0.106,28.035,6.0,0,21.53756381098503,,0.0,0.0,0.0,0.0,45.43731566714374,optimal
2021-02-12 17:00:00,8,90,0.0,0.0,0.0,0.068,28.119,6.0,0,21.284408823332573,,0.0,0.0,0.0,0.0,45.27850591713861,optimal
2021-02-12 17:30:00,8,90,0.0,0.0,0.0,0.3708333333333333,30.156,6.0,0,20.997374731529288,,0.0,0.0,0.0,0.0,45.11985497688348,optimal
2021-02-12 18:00:00,8,90,0.0,0.0,0.0,0.15666666666666665,29.1585,6.0,0,20.75228584368371,,0.0,0.0,0.0,0.0,44.96136268756861,optimal
2021-02-12 18:30:00,8,90,0.0,0.0,0.0,0.32746666666666663,26.712,6.0,0,20.465043450639897,,0.0,0.0,0.0,0.0,44.803028890543054,optimal
2021-02-12 19:00:00,8,90,0.0,0.0,0.0,0.37903333333333333,15.435,6.0,0,20.22026039556285,,0.0,0.0,0.0,0.0,44.64485342731452,optimal
2021-02-12 19:30:00,8,90,1.2188009759889296,0.0,0.0,0.11866666666666668,13.566,6.0,0,20.0,,3047.0024399723243,0.0,0.0,0.0,44.48683613954922,optimal
2021-02-12 20:00:00,8,90,1.2452324840411642,0.0,0.0,0.068,12.789,6.0,0,20.0,,3113.08121010291,0.0,0.0,0.0,44.32897686907168,optimal
2021-02-12 20:30:00,8,90,0.0,0.0,0.0,0.3096333333333333,12.1275,6.0,0,20.0,,0.0,0.0,0.0,0.0,44.17127545786462,optimal
2021-02-12 21:00:00,8,90,0.0,0.0,0.0,0.2533333333333333,13.671,6.0,0,19.756531291673678,,0.0,0.0,0.0,0.0,44.013731748068764,optimal
2021-02-12 21:30:00,8,90,0.027866666666666665,0.0,0.0,0.4305,10.668,6.0,0,19.52339252149836,,0.0,0.0,69.66666666666666,0.0,43.85634558198271,optimal
2021-02-12 22:00:00,8,90,0.0,0.0,0.0,0.4402,11.7285,6.0,0,19.30021842871963,,0.0,0.0,0.0,0.0,43.81248923640072,optimal
2021-02-12 22:30:00,8,90,0.0,0.0,0.0,0.3374,11.025,6.0,0,19.11329343767226,,0.0,0.0,0.0,0.0,43.76867674716432,optimal
2021-02-12 23:00:00,8,90,0.0,0.0,0.0,0.22933333333333328,10.689,6.0,0,18.90220127406964,,0.0,0.0,0.0,0.0,43.72490807041716,optimal
2021-02-12 23:30:00,8,90,0.0,0.0,0.0,0.125,8.1585,6.0,0,18.67069785193179,,0.0,0.0,0.0,0.0,43.68118316234674,optimal
2021-02-13 00:00:00,8,90,0.0,0.0,0.0,0.054,9.5655,6.0,2,18.67069785193179,,0.0,0.0,0.0,0.0,43.63750197918439,optimal
2021-02-13 00:30:00,8,90,2.8,0.0,5.0,0.07426666666666666,7.056,6.0,2,18.428674338659192,,0.0,0.0,7000.0,0.0,45.96886447720521,optimal
2021-02-13 01:00:00,8,90,0.0,0.0,0.0,0.2404,9.3975,6.0,2,18.192710495515588,,0.0,0.0,0.0,0.0,45.922895612728006,optimal
2021-02-13 01:30:00,8,90,0.0,0.0,0.0,0.0708,10.059,6.0,2,17.97626113700743,,0.0,0.0,0.0,0.0,45.87697271711528,optimal
2021-02-13 02:00:00,8,90,0.0,0.0,0.0,0.07426666666666666,9.261,6.0,2,17.747879288512383,,0.0,0.0,0.0,0.0,45.83109574439816,optimal
2021-02-13 02:30:00,8,90,2.8,0.0,0.0,0.2572,8.1585,6.0,2,17.523802301766217,,6318.553333333333,0.0,681.4466666666667,0.0,45.785264648653765,optimal
2021-02-13 03:00:00,8,90,0.0,0.0,0.0,0.054,9.4815,6.0,2,17.906496127306863,,0.0,0.0,0.0,0.0,45.73947938400511,optimal
2021-02-13 03:30:00,8,90,2.8,0.0,0.0,0.14786666666666667,8.379,6.0,2,17.678268227569458,,7000.0,0.0,0.0,0.0,45.693739904621104,optimal
2021-02-13 04:00:00,8,90,0.18474300910325342,0.0,0.0,0.18359999999999999,9.5235,6.0,2,18.111148668856767,,461.85752275813354,0.0,0.0,0.0,45.64804616471648,optimal
2021-02-13 04:30:00,8,90,2.8,0.0,0.0,0.054,8.1375,6.0,2,17.933469749548447,,7000.0,0.0,0.0,0.0,45.60239811855177,optimal
2021-02-13 05:00:00,8,90,0.0,0.0,0.0,0.20546666666666666,10.0905,6.0,2,18.351838543967464,,0.0,0.0,0.0,0.0,45.556795720433215,optimal
2021-02-13 05:30:00,8,90,2.8,0.0,5.0,0.126,7.539,6.0,2,18.127007818196873,,7000.0,0.0,0.0,0.0,47.88623892471278,optimal
2021-02-13 06:00:00,8,90,2.8,0.0,0.6440753577535929,0.138,7.938,6.0,2,18.546430056992342,,7000.0,0.0,0.0,0.0,48.144288480721016,optimal
2021-02-13 06:30:00,8,90,2.8,0.0,0.0,0.19346666666666668,8.274,6.0,2,18.95953452052641,,7000.0,0.0,0.0,0.0,48.096144192240295,optimal
2021-02-13 07:00:00,8,90,2.8,0.0,0.0,0.054,9.261,6.0,2,19.37116221570271,,7000.0,0.0,0.0,0.0,48.048048048048045,optimal
2021-02-13 07:30:00,8,90,2.8,0.0,0.0,1.8796666666666668,9.9225,6.0,2,19.763237658417264,,7000.0,0.0,0.0,0.0,48.0,optimal
2021-02-13 08:00:00,8,90,2.8,0.0,0.0,3.602133333333333,9.702,6.0,2,20.22149201494303,,7000.0,0.0,0.0,0.0,47.81011413501828,optimal
2021-02-13 08:30:00,8,90,2.8,0.0,0.0,0.18,10.584,6.0,2,20.683633488598925,,7000.0,0.0,0.0,0.0,47.62041815590155,optimal
2021-02-13 09:00:00,8,90,2.8,0.0,0.0,0.11986666666666666,10.143,6.0,2,21.06277751190653,,7000.0,0.0,0.0,0.0,47.43091187276393,optimal
2021-02-13 09:30:00,8,90,0.0,0.0,0.0,0.0996,13.0095,6.0,2,21.42436989878715,,0.0,0.0,0.0,0.0,47.241595095909446,optimal
2021-02-13 10:00:00,8,90,2.8,0.0,0.0,0.0708,11.025,6.0,2,21.13264000026927,,7000.0,0.0,0.0,0.0,47.05246763583182,optimal
2021-02-13 10:30:00,8,90,0.0,0.0,0.0,0.2606666666666667,12.789,6.0,2,21.52617232367242,,0.0,0.0,0.0,0.0,46.86352930321427,optimal
2021-02-13 11:00:00,8,90,0.0,0.0,0.0,0.06066666666666666,12.1275,6.0,2,21.282571513167145,,0.0,0.0,0.0,0.0,46.67477990892934,optimal
2021-02-13 11:30:00,8,90,0.0,0.0,0.0,0.13993333333333333,12.1695,6.0,2,21.059602965650022,,0.0,0.0,0.0,0.0,46.486219264038695,optimal
2021-02-13 12:00:00,8,90,0.0,0.0,0.0,1.1272,12.306,6.0,2,20.84799154651356,,0.0,0.0,0.0,0.0,46.29784717979294,optimal
2021-02-13 12:30:00,8,90,0.0,0.0,0.0,0.054,13.23,6.0,2,20.686265927195656,,0.0,0.0,0.0,0.0,46.10966346763143,optimal
2021-02-13 13:00:00,8,90,0.0,0.0,0.0,0.16546666666666668,13.671,6.0,2,20.489201541652914,,0.0,0.0,0.0,0.0,45.92166793918208,optimal
2021-02-13 13:30:00,8,90,0.0,0.0,0.0,1.2275999999999998,13.9335,6.0,2,20.313331297975562,,0.0,0.0,0.0,0.0,45.73386040626118,optimal
2021-02-13 14:00:00,8,90,0.0,0.0,0.0,0.1164,13.293,6.0,2,20.172074609628673,,0.0,0.0,0.0,0.0,45.546240680873204,optimal
2021-02-13 14:30:00,8,90,0.7257958962326525,0.0,0.0,0.1436,12.1065,6.0,2,20.0,,1814.4897405816312,0.0,0.0,0.0,45.35880857521062,optimal
2021-02-13 15:00:00,8,90,0.8570397108332111,0.0,0.0,3.089,11.571,6.0,2,20.0,,2142.5992770830276,0.0,0.0,0.0,45.17156390165369,optimal
2021-02-13 15:30:00,8,90,2.8,0.0,0.0,0.2817333333333333,11.025,6.0,2,20.051978475439853,,7000.0,0.0,0.0,0.0,44.98450647277032,optimal
2021-02-13 16:00:00,8,90,2.8,0.0,0.0,0.45466666666666666,10.8465,6.0,2,20.517768228300934,,7000.0,0.0,0.0,0.0,44.79763610131583,optimal
2021-02-13 16:30:00,8,90,2.8,0.0,0.0,0.2524333333333333,11.2455,6.0,2,20.973446512463212,,7000.0,0.0,0.0,0.0,44.6109526002328,optimal
2021-02-13 17:00:00,8,90,0.0,0.0,0.0,1.9333333333333333,23.8665,6.0,2,21.43075841747137,,0.0,0.0,0.0,0.0,44.42445578265085,optimal
2021-02-13 17:30:00,8,90,0.0,0.0,0.0,0.5707333333333333,27.4575,6.0,2,21.2313309199893,,0.0,0.0,0.0,0.0,44.23814546188648,optimal
2021-02-13 18:00:00,8,90,0.0,0.0,0.0,1.6686666666666667,27.3735,6.0,2,21.01531604456013,,0.0,0.0,0.0,0.0,44.052021451442876,optimal
2021-02-13 18:30:00,8,90,0.0,0.0,0.0,0.5614666666666667,30.4605,6.0,2,20.792333479933014,,0.0,0.0,0.0,0.0,43.86608356500972,optimal
2021-02-13 19:00:00,8,90,0.0,0.0,0.0,0.5973999999999999,30.0195,6.0,2,20.58590277963491,,0.0,0.0,0.0,0.0,43.68033161646299,optimal
2021-02-13 19:30:00,8,90,0.0,0.0,0.0,1.9842,26.9325,6.0,2,20.39521773547269,,0.0,0.0,0.0,0.0,43.49476541986481,optimal
2021-02-13 20:00:00,8,90,0.0,0.0,0.0,0.2672,14.595,6.0,2,20.211412666582444,,0.0,0.0,0.0,0.0,43.30938478946323,optimal
2021-02-13 20:30:00,8,90,0.0,0.0,0.0,1.4306666666666668,12.4845,6.0,2,20.0,,0.0,0.0,0.0,0.0,43.12418953969205,optimal
2021-02-13 21:00:00,8,90,0.0,0.0,0.0,2.5515333333333334,12.1275,6.0,2,19.809745932720784,,0.0,0.0,0.0,0.0,42.93917948517064,optimal
2021-02-13 21:30:00,8,90,0.0,0.0,0.0,0.9516,12.1275,6.0,2,19.628350370027835,,0.0,0.0,0.0,0.0,42.75435444070375,optimal
2021-02-13 22:00:00,8,90,0.0,0.0,0.0,0.2324,12.789,6.0,2,19.460850718379497,,0.0,0.0,0.0,0.0,42.71160008626305,optimal
2021-02-13 22:30:00,8,90,0.0,0.0,0.0,2.0841333333333334,11.907,6.0,2,19.29417195930732,,0.0,0.0,0.0,0.0,42.66888848617678,optimal
2021-02-13 23:00:00,8,90,0.0,0.0,0.0,0.7113333333333334,11.025,6.0,2,19.16100301196538,,0.0,0.0,0.0,0.0,42.62621959769061,optimal
2021-02-13 23:30:00,8,90,0.8008879999999999,0.0,0.0,2.095466666666667,8.2005,6.0,2,18.99579954856275,,0.0,0.0,2002.2199999999998,0.0,42.583593378092914,optimal
2021-02-07 00:00:00,9,90,0.055733333333333336,0.0,0.0,0.0697,10.3635,6.0,-1,21.0,,0.0,0.0,139.33333333333334,0.0,47.952,optimal
2021-02-07 00:30:00,9,90,0.0,0.0,0.0,0.2816666666666667,8.274,6.0,-1,20.818907575917258,,0.0,0.0,0.0,0.0,47.904047999999996,optimal
2021-02-07 01:00:00,9,90,0.0,0.0,0.0,0.045,7.7175,6.0,-1,20.64908512558814,,0.0,0.0,0.0,0.0,47.856143952,optimal
2021-02-07 01:30:00,9,90,0.0,0.0,0.0,0.045,6.615,6.0,-1,20.42213466601955,,0.0,0.0,0.0,0.0,47.80828780804799,optimal
2021-02-07 02:00:00,9,90,0.0,0.0,0.0,0.09433333333333331,6.174,6.0,-1,20.197715979722815,,0.0,0.0,0.0,0.0,47.76047952023995,optimal
2021-02-07 02:30:00,9,90,2.8,0.0,0.0,0.09433333333333331,3.906,6.0,-1,19.980372696857234,,6721.333333333336,0.0,278.6666666666646,0.0,47.712719040719705,optimal
2021-02-07 03:00:00,9,90,2.8,0.0,0.0,0.045,2.3415,6.0,-1,20.38868254073069,,7000.0,0.0,0.0,0.0,47.66500632167899,optimal
2021-02-07 03:30:00,9,90,2.8,0.0,0.0,0.045,2.205,6.0,-1,20.811009718188465,,7000.0,0.0,0.0,0.0,47.61734131535731,optimal
2021-02-07 04:00:00,9,90,2.8,0.0,1.5142878316172559,0.045,0.882,6.0,-1,21.22657892888891,,7000.0,0.0,0.0,0.0,48.289010694060146,optimal
2021-02-07 04:30:00,9,90,2.8,0.0,0.0,0.14366666666666666,1.5435,6.0,-1,21.63548686452556,,7000.0,0.0,0.0,0.0,48.240721683366075,optimal
2021-02-07 05:00:00,9,90,2.8,0.0,0.0,0.045,1.5435,6.0,-1,22.04770393233811,,7000.0,0.0,0.0,0.0,48.192480961682705,optimal
2021-02-07 05:30:00,9,90,0.3731426765690397,0.0,0.0,0.10913333333333335,5.0715,6.0,-1,22.444863368752692,,932.8566914225994,0.0,0.0,0.0,48.144288480721016,optimal
2021-02-07 06:00:00,9,90,0.0,0.0,0.0,0.07953333333333333,5.376,6.0,-1,22.27905158826747,,0.0,0.0,0.0,0.0,48.096144192240295,optimal
2021-02-07 06:30:00,9,90,2.8,0.0,0.0,0.091,5.0715,6.0,-1,22.026262655492104,,7000.0,0.0,0.0,0.0,48.048048048048045,optimal
2021-02-07 07:00:00,9,90,0.0,0.0,0.0,0.18703333333333333,5.5125,6.0,-1,22.42960475594437,,0.0,0.0,0.0,0.0,48.0,optimal
2021-02-07 07:30:00,9,90,0.0,0.0,0.0,0.2786666666666667,9.261,6.0,-1,22.227486757262337,,0.0,0.0,0.0,0.0,47.436444253117,optimal
2021-02-07 08:00:00,9,90,0.0,0.0,0.0,0.18,11.7075,6.0,-1,22.0,,0.0,0.0,0.0,0.0,46.87345206198089,optimal
2021-02-07 08:30:00,9,90,0.0,0.0,0.0,0.18,12.348,6.0,-1,21.763490528054028,,0.0,0.0,0.0,0.0,46.311022863035916,optimal
2021-02-07 09:00:00,9,90,0.0,0.0,0.0,0.4585666666666667,12.348,6.0,-1,21.557639315477577,,0.0,0.0,0.0,0.0,45.74915609328988,optimal
2021-02-07 09:30:00,9,90,0.0,0.0,0.0,0.22340000000000002,12.1275,6.0,-1,21.384590898821916,,0.0,0.0,0.0,0.0,45.1878511903136,optimal
2021-02-07 10:00:00,9,90,0.0,0.0,0.0,0.5275666666666667,12.5265,6.0,-1,21.158677018612135,,0.0,0.0,0.0,0.0,44.62710759224029,optimal
2021-02-07 10:30:00,9,90,2.8,0.0,0.0,0.7402666666666666,11.7495,6.0,-1,20.97647755414026,,7000.0,0.0,0.0,0.0,44.066924737765056,optimal
2021-02-07 11:00:00,9,90,0.0,0.0,0.0,1.2855,13.23,6.0,-1,21.440688192763687,,0.0,0.0,0.0,0.0,43.5073020661443,optimal
2021-02-07 11:30:00,9,90,0.0,0.0,0.0,0.45266666666666666,14.3325,6.0,-1,21.275614260463904,,0.0,0.0,0.0,0.0,42.94823901719516,optimal
2021-02-07 12:00:00,9,90,0.0,0.0,0.0,0.4358,14.994,6.0,-1,21.10127120117014,,0.0,0.0,0.0,0.0,42.38973503129497,optimal
2021-02-07 12:30:00,9,90,0.0,0.0,0.0,0.4024,14.8155,6.0,-1,20.953096932942334,,0.0,0.0,0.0,0.0,41.83178954938068,optimal
2021-02-07 13:00:00,9,90,0.0,0.0,0.0,0.3621333333333333,14.112,6.0,-1,20.81446826669008,,0.0,0.0,0.0,0.0,41.2744020129483,optimal
2021-02-07 13:30:00,9,90,0.0,0.0,0.0,1.509,14.007,6.0,-1,20.668024839547943,,0.0,0.0,0.0,0.0,40.71757186405236,optimal
2021-02-07 14:00:00,9,90,2.022727579427706,0.0,0.0,0.5065333333333334,13.23,6.0,-1,20.514721167988284,,5056.818948569266,0.0,0.0,0.0,40.161298545305314,optimal
2021-02-07 14:30:00,9,90,2.8,0.0,0.0,0.15419999999999998,11.382,6.0,-1,20.859300947920033,,7000.0,0.0,0.0,0.0,39.60558149987701,optimal
2021-02-07 15:00:00,9,90,2.8,0.0,0.0,0.13393333333333335,11.7495,6.0,-1,21.316797045578884,,7000.0,0.0,0.0,0.0,39.05042017149414,optimal
2021-02-07 15:30:00,9,90,0.0,0.0,0.0,0.07473333333333333,24.3285,6.0,-1,21.749901264080858,,0.0,0.0,0.0,0.0,38.49581400443965,optimal
2021-02-07 16:00:00,9,90,0.0,0.0,0.0,0.09446666666666668,28.917,6.0,-1,21.519322524748286,,0.0,0.0,0.0,0.0,37.941762443552214,optimal
2021-02-07 16:30:00,9,90,0.0,0.0,0.0,0.1142,31.3635,6.0,-1,21.268313519344265,,0.0,0.0,0.0,0.0,37.38826493422567,optimal
2021-02-07 17:00:00,9,90,0.0,0.0,0.0,0.07966666666666668,33.306,6.0,-1,21.023443234830804,,0.0,0.0,0.0,0.0,36.83532092240844,optimal
2021-02-07 17:30:00,9,90,0.0,0.0,0.0,0.14606666666666665,31.3425,6.0,-1,20.753532564315506,,0.0,0.0,0.0,0.0,36.28292985460304,optimal
2021-02-07 18:00:00,9,90,0.0,0.0,0.0,0.055,28.2555,6.0,-1,20.523244844968694,,0.0,0.0,0.0,0.0,35.731091177865444,optimal
2021-02-07 18:30:00,9,90,0.0,0.0,0.0,0.13886666666666667,15.6975,6.0,-1,20.255456116219733,,0.0,0.0,0.0,0.0,35.17980433980458,optimal
2021-02-07 19:00:00,9,90,1.1094859735587026,0.0,0.0,0.0698,12.5475,6.0,-1,20.0,,2773.7149338967565,0.0,0.0,0.0,34.62906878858178,optimal
2021-02-07 19:30:00,9,90,1.1154059735586983,0.0,0.0,0.055,12.0855,6.0,-1,20.0,,2788.514933896746,0.0,0.0,0.0,34.078883972910205,optimal
2021-02-07 20:00:00,9,90,1.0759393068920295,0.0,0.0,0.15366666666666665,11.907,6.0,-1,20.0,,2689.8482672300734,0.0,0.0,0.0,33.5292493420543,optimal
2021-02-07 20:30:00,9,90,0.0,0.0,0.0,0.1883333333333333,12.5685,6.0,-1,20.0,,0.0,0.0,0.0,0.0,32.98016434582925,optimal
2021-02-07 21:00:00,9,90,0.0,0.0,0.0,0.3221333333333333,13.146,6.0,-1,19.77823042416601,,0.0,0.0,0.0,0.0,32.43162843460043,optimal
2021-02-07 21:30:00,9,90,0.0,0.0,0.0,0.4528333333333333,10.584,6.0,-1,19.593734108763616,,0.0,0.0,0.0,0.0,31.88364105928283,optimal
2021-02-07 22:00:00,9,90,0.0,0.0,0.0,0.3626333333333333,6.678,6.0,-1,19.42907674083486,,0.0,0.0,0.0,0.0,31.851757418223546,optimal
2021-02-07 22:30:00,9,90,0.0,0.0,0.0,0.24,7.938,6.0,-1,19.279676213382917,,0.0,0.0,0.0,0.0,31.819905660805322,optimal
2021-02-07 23:00:00,9,90,0.0,0.0,0.0,0.31593333333333334,5.292,6.0,-1,19.13709834720758,,0.0,0.0,0.0,0.0,31.788085755144518,optimal
2021-02-07 23:30:00,9,90,0.0,0.0,0.0,0.2894333333333333,9.261,6.0,-1,19.01305721674228,,0.0,0.0,0.0,0.0,31.756297669389372,optimal
2021-02-08 00:00:00,9,90,0.0,0.0,0.0,0.05,11.2665,6.0,4,19.01305721674228,,0.0,0.0,0.0,0.0,31.724541371719983,optimal
2021-02-08 00:30:00,9,90,0.0,0.0,0.0,0.05,10.143,6.0,4,18.791332337089422,,0.0,0.0,0.0,0.0,31.692816830348264,optimal
2021-02-08 01:00:00,9,90,0.0,0.0,0.0,0.19333333333333327,11.2455,6.0,4,18.572779854532225,,0.0,0.0,0.0,0.0,31.661124013517917,optimal
2021-02-08 01:30:00,9,90,0.0,0.0,0.0,0.06433333333333333,11.025,6.0,4,18.370660712419912,,0.0,0.0,0.0,0.0,31.6294628895044,optimal
2021-02-08 02:00:00,9,90,2.8,0.0,5.0,0.12166666666666669,5.9745,6.0,4,18.15874236178783,,0.0,0.0,7000.0,0.0,33.9728334266149,optimal
2021-02-08 02:30:00,9,90,2.8,0.0,0.17718910829872034,0.136,7.938,6.0,4,17.954463241252704,,0.0,0.0,7000.0,0.0,34.023025419630166,optimal
2021-02-08 03:00:00,9,90,2.8,0.0,0.0,0.05,8.6835,6.0,4,17.7551529309943,,100.0,0.0,6900.0,0.0,33.98900239421053,optimal
2021-02-08 03:30:00,9,90,2.8,0.0,5.0,0.15033333333333335,7.665,6.0,4,17.56070939326581,,7000.0,0.0,0.0,0.0,36.33001339181632,optimal
2021-02-08 04:00:00,9,90,2.8,0.0,5.0,0.10733333333333331,6.7725,6.0,4,18.018207660216575,,7000.0,0.0,0.0,0.0,38.668683378424504,optimal
2021-02-08 04:30:00,9,90,2.8,0.0,5.0,0.05,5.5755,6.0,4,18.4644528391806,,7000.0,0.0,0.0,0.0,41.00501469504607,optimal
2021-02-08 05:00:00,9,90,2.8,0.0,5.0,0.05,5.0925,6.0,4,18.89755991342479,,7000.0,0.0,0.0,0.0,43.339009680351026,optimal
2021-02-08 05:30:00,9,90,2.8,0.0,5.0,0.2005,4.1895,6.0,4,19.323039393793835,,7000.0,0.0,0.0,0.0,45.670670670670674,optimal
2021-02-08 06:00:00,9,90,2.8,0.0,5.0,0.07616666666666667,7.056,6.0,4,19.755687454928463,,6651.666666666667,0.0,348.3333333333333,0.0,48.0,optimal
2021-02-08 06:30:00,9,90,2.8,0.0,0.0,0.26866666666666666,5.271,6.0,4,20.15914022438813,,3377.3333333333335,0.0,3622.6666666666665,0.0,47.5284576086604,optimal
2021-02-08 07:00:00,9,90,2.8,0.0,0.0,1.8736666666666668,7.938,6.0,4,20.2601846016937,,7000.0,0.0,0.0,0.0,47.057386759712145,optimal
2021-02-08 07:30:00,9,90,2.8,0.0,0.0,0.5085333333333334,7.938,6.0,4,20.736912032591032,,7000.0,0.0,0.0,0.0,46.58678698161284,optimal
2021-02-08 08:00:00,9,90,0.0,0.0,0.0,0.5009,11.907,6.0,4,21.216494914000748,,0.0,0.0,0.0,0.0,46.11665780329163,optimal
2021-02-08 08:30:00,9,90,2.8,0.0,0.0,0.426,11.025,6.0,4,21.040028900015784,,7000.0,0.0,0.0,0.0,45.64699875414875,optimal
2021-02-08 09:00:00,9,90,1.3748735560885381,0.0,0.0,1.6419333333333335,11.2875,6.0,4,21.470758576736582,,3437.1838902213453,0.0,0.0,0.0,45.177809364055,optimal
2021-02-08 09:30:00,9,90,0.0,0.0,0.0,0.16783333333333333,12.936,6.0,4,21.549852852739114,,0.0,0.0,0.0,0.0,44.70908916335135,optimal
2021-02-08 10:00:00,9,90,0.0,0.0,0.0,0.7792666666666667,13.0095,6.0,4,21.27711444531801,,0.0,0.0,0.0,0.0,44.24083768284841,optimal
2021-02-08 10:30:00,9,90,0.0,0.0,0.0,1.7987666666666668,13.671,6.0,4,21.072682919499744,,0.0,0.0,0.0,0.0,43.773054453825964,optimal
2021-02-08 11:00:00,9,90,0.0,0.0,0.0,2.113933333333333,13.188,6.0,4,20.89985694116442,,0.0,0.0,0.0,0.0,43.305739008032546,optimal
2021-02-08 11:30:00,9,90,0.0,0.0,0.0,3.3613666666666666,13.8495,6.0,4,20.781508470420054,,0.0,0.0,0.0,0.0,42.83889087768492,optimal
2021-02-08 12:00:00,9,90,0.0,0.0,0.0,2.5193000000000003,13.23,6.0,4,20.709576088748573,,0.0,0.0,0.0,0.0,42.37250959546764,optimal
2021-02-08 12:30:00,9,90,0.0,0.0,0.0,2.2491999999999996,13.3665,6.0,4,20.6638911440803,,0.0,0.0,0.0,0.0,41.90659469453258,optimal
2021-02-08 13:00:00,9,90,0.0,0.0,0.0,0.3653333333333333,13.0515,6.0,4,20.56555073750563,,0.0,0.0,0.0,0.0,41.44114570849845,optimal
2021-02-08 13:30:00,9,90,0.0,0.0,0.0,0.8489333333333333,13.5345,6.0,4,20.444659759919094,,0.0,0.0,0.0,0.0,40.97616217145036,optimal
2021-02-08 14:00:00,9,90,0.0,0.0,0.0,1.4164666666666668,14.154,6.0,4,20.332651590378035,,0.0,0.0,0.0,0.0,40.51164361793931,optimal
2021-02-08 14:30:00,9,90,0.0,0.0,0.0,2.035933333333333,14.112,6.0,4,20.230331031673614,,0.0,0.0,0.0,0.0,40.04758958298178,optimal
2021-02-08 15:00:00,9,90,0.0,0.0,0.0,0.7793,14.2485,6.0,4,20.11826512436569,,0.0,0.0,0.0,0.0,39.5839996020592,optimal
2021-02-08 15:30:00,9,90,0.9708428746185503,0.0,0.0,0.4624666666666666,12.789,6.0,4,20.0,,2427.107186546376,0.0,0.0,0.0,39.12087321111755,optimal
2021-02-08 16:00:00,9,90,0.0,0.0,0.0,2.6851,13.0095,6.0,4,20.105936726446938,,0.0,0.0,0.0,0.0,38.658209946566835,optimal
2021-02-08 16:30:00,9,90,2.8,0.0,0.0,1.2694333333333334,12.1275,6.0,4,20.0,,7000.0,0.0,0.0,0.0,38.19600934528067,optimal
2021-02-08 17:00:00,9,90,0.001163092594573319,0.0,0.0,2.0109333333333326,12.348,6.0,4,20.559024285886675,,2.9077314864332977,0.0,0.0,0.0,37.7342709445958,optimal
2021-02-08 17:30:00,9,90,2.8,0.0,0.0,1.5152333333333332,12.348,6.0,4,20.38612259421143,,7000.0,0.0,0.0,0.0,37.27299428231161,optimal
2021-02-08 18:00:00,9,90,0.0,0.0,0.0,3.053266666666667,25.389,6.0,4,20.892700077079258,,0.0,0.0,0.0,0.0,36.8121788966897,optimal
2021-02-08 18:30:00,9,90,0.0,0.0,0.0,0.5596666666666666,29.1375,6.0,4,20.729179099701746,,0.0,0.0,0.0,0.0,36.35182432645342,optimal
2021-02-08 19:00:00,9,90,0.0,0.0,0.0,0.5987666666666667,30.597,6.0,4,20.513904042837748,,0.0,0.0,0.0,0.0,35.89193011078737,optimal
2021-02-08 19:30:00,9,90,0.0,0.0,0.0,1.0080333333333331,33.684,6.0,4,20.31209355329764,,0.0,0.0,0.0,0.0,35.43249578933699,optimal
2021-02-08 20:00:00,9,90,0.0,0.0,0.0,3.246633333333333,32.445,6.0,4,20.128400573036462,,0.0,0.0,0.0,0.0,34.97352090220806,optimal
2021-02-08 20:30:00,9,90,0.0,0.0,0.0,4.302233333333334,28.917,6.0,4,20.0,,0.0,0.0,0.0,0.0,34.51500498996626,optimal
2021-02-08 21:00:00,9,90,0.0,0.0,0.0,1.2221333333333335,15.876,6.0,4,19.841737272383945,,0.0,0.0,0.0,0.0,34.480489984976295,optimal
2021-02-08 21:30:00,9,90,0.0,0.0,0.0,0.3866,12.348,6.0,4,19.652783596191494,,0.0,0.0,0.0,0.0,34.446009494991316,optimal
2021-02-08 22:00:00,9,90,0.0,0.0,0.0,0.9827,12.1275,6.0,4,19.48122066875838,,0.0,0.0,0.0,0.0,34.41156348549632,optimal
2021-02-08 22:30:00,9,90,0.0,0.0,0.0,0.48733333333333334,12.348,6.0,4,19.354533469332765,,0.0,0.0,0.0,0.0,34.377151922010825,optimal
2021-02-08 23:00:00,9,90,0.0,0.0,0.0,2.125,12.1275,6.0,4,19.183986655751372,,0.0,0.0,0.0,0.0,34.342774770088816,optimal
2021-02-08 23:30:00,9,90,0.0,0.0,0.0,2.2413000000000003,12.1275,6.0,4,19.02290703222253,,0.0,0.0,0.0,0.0,34.30843199531873,optimal
2021-02-09 00:00:00,9,90,2.8,0.0,5.0,0.14326666666666668,10.584,6.0,0,19.02290703222253,,7000.0,0.0,0.0,0.0,36.64912356332341,optimal
2021-02-09 00:30:00,9,90,2.8,0.0,5.0,0.1237,11.2455,6.0,0,19.446054074954297,,0.0,0.0,7000.0,0.0,38.987474439760085,optimal
2021-02-09 01:00:00,9,90,0.0,0.0,0.0,0.25989999999999996,12.1275,6.0,0,19.212820442032218,,0.0,0.0,0.0,0.0,38.94848696532033,optimal
2021-02-09 01:30:00,9,90,0.0,0.0,0.0,0.11866666666666668,11.823,6.0,0,18.996314317849137,,0.0,0.0,0.0,0.0,38.90953847835501,optimal
2021-02-09 02:00:00,9,90,2.8,0.0,0.0,0.14176666666666668,11.7705,6.0,0,18.76836376082607,,0.0,0.0,7000.0,0.0,38.87062893987665,optimal
2021-02-09 02:30:00,9,90,2.8,0.0,5.0,0.14176666666666668,11.13,6.0,0,18.544388381682147,,5534.0,0.0,1466.0,0.0,41.20675831093678,optimal
2021-02-09 03:00:00,9,90,2.8,0.0,0.0,0.06,11.6865,6.0,0,18.83808123881789,,7000.0,0.0,0.0,0.0,41.16555155262584,optimal
2021-02-09 03:30:00,9,90,2.8,0.0,5.0,0.17733333333333334,10.7205,6.0,0,19.256792526422384,,7000.0,0.0,0.0,0.0,43.49938600107322,optimal
2021-02-09 04:00:00,9,90,2.8,0.0,0.0,0.06,11.424,6.0,0,19.681836380399186,,7000.0,0.0,0.0,0.0,43.455886615072146,optimal
2021-02-09 04:30:00,9,90,2.8,0.0,5.0,0.22353333333333333,10.689,6.0,0,20.09133694278121,,7000.0,0.0,0.0,0.0,45.787430728457075,optimal
2021-02-09 05:00:00,9,90,2.8,0.0,4.855588948040921,0.148,11.361,6.0,0,20.508729266796276,,7000.0,0.0,0.0,0.0,48.048048048048045,optimal
2021-02-09 05:30:00,9,90,2.8,0.0,0.0,0.1363,11.571,6.0,0,20.911706712319855,,7000.0,0.0,0.0,0.0,48.0,optimal
2021-02-09 06:00:00,9,90,0.0,0.0,0.0,0.17693333333333333,14.3745,6.0,0,21.323038619646905,,0.0,0.0,0.0,0.0,47.52350886361555,optimal
2021-02-09 06:30:00,9,90,1.0574604988880087,0.0,0.0,0.1273,13.23,6.0,0,21.091498711058442,,2643.651247220022,0.0,0.0,0.0,47.04749421836748,optimal
2021-02-09 07:00:00,9,90,0.0,0.0,0.0,1.3817000000000002,13.9755,6.0,0,21.11769292142661,,0.0,0.0,0.0,0.0,46.57195558776466,optimal
2021-02-09 07:30:00,9,90,0.0,0.0,0.0,0.2598666666666667,14.994,6.0,0,20.948765746918994,,0.0,0.0,0.0,0.0,46.096892495792446,optimal
2021-02-09 08:00:00,9,90,2.8,0.0,0.0,0.39926666666666666,13.671,6.0,0,20.73583543709643,,7000.0,0.0,0.0,0.0,45.622304466912205,optimal
2021-02-09 08:30:00,9,90,0.0,0.0,0.0,0.30143333333333333,15.981,6.0,0,21.161592795434164,,0.0,0.0,0.0,0.0,45.14819102606084,optimal
2021-02-09 09:00:00,9,90,0.0,0.0,0.0,0.327,15.6345,6.0,0,20.890577929693407,,0.0,0.0,0.0,0.0,44.67455169865033,optimal
2021-02-09 09:30:00,9,90,0.0,0.0,0.0,0.10566666666666669,16.5375,6.0,0,20.67696108809418,,0.0,0.0,0.0,0.0,44.201386010567234,optimal
2021-02-09 10:00:00,9,90,0.0,0.0,0.0,0.29883333333333334,14.7735,6.0,0,20.42664591980878,,0.0,0.0,0.0,0.0,43.72869348817221,optimal
2021-02-09 10:30:00,9,90,0.0,0.0,0.0,0.12203333333333331,15.2145,6.0,0,20.218250244921936,,0.0,0.0,0.0,0.0,43.25647365829959,optimal
2021-02-09 11:00:00,9,90,0.7525857708242922,0.0,0.0,0.2245,14.553,6.0,0,20.0,,1881.4644270607305,0.0,0.0,0.0,42.78472604825684,optimal
2021-02-09 11:30:00,9,90,2.1996824550373946,0.0,0.0,0.19636666666666666,14.3325,6.0,0,20.0,,5499.206137593486,0.0,0.0,0.0,42.31345018582414,optimal
2021-02-09 12:00:00,9,90,0.0,0.0,0.0,0.1873333333333333,14.595,6.0,0,20.33395626836651,,0.0,0.0,0.0,0.0,41.84264559925386,optimal
2021-02-09 12:30:00,9,90,0.0,0.0,0.0,0.07,14.994,6.0,0,20.171620810283034,,0.0,0.0,0.0,0.0,41.37231181727016,optimal
2021-02-09 13:00:00,9,90,0.6933021756424261,0.0,0.0,0.11693333333333333,14.3325,6.0,0,20.0,,1733.2554391060653,0.0,0.0,0.0,40.90244836906844,optimal
2021-02-09 13:30:00,9,90,0.6215845963352089,0.0,0.0,0.30393333333333333,13.8915,6.0,0,20.0,,1553.9614908380222,0.0,0.0,0.0,40.43305478431492,optimal
2021-02-09 14:00:00,9,90,0.6148902732977904,0.0,0.0,0.21996666666666667,13.8915,6.0,0,20.0,,1537.2256832444762,0.0,0.0,0.0,39.96413059314615,optimal
2021-02-09 14:30:00,9,90,2.8,0.0,0.0,0.33046666666666663,13.4715,6.0,0,20.0,,7000.0,0.0,0.0,0.0,39.49567532616855,optimal
2021-02-09 15:00:00,9,90,2.8,0.0,0.0,0.30443333333333333,13.23,6.0,0,20.537183016694748,,7000.0,0.0,0.0,0.0,39.027688514457935,optimal
2021-02-09 15:30:00,9,90,0.5994038931204754,0.0,0.0,0.29433333333333334,13.8915,6.0,0,21.03449864532436,,1498.5097328011884,0.0,0.0,0.0,38.560169689559025,optimal
2021-02-09 16:00:00,9,90,0.0,0.0,0.0,0.4497,26.9325,6.0,0,21.057474086678464,,0.0,0.0,0.0,0.0,38.09311838348501,optimal
2021-02-09 16:30:00,9,90,0.0,0.0,0.0,1.7533333333333332,30.303,6.0,0,20.91942663116664,,0.0,0.0,0.0,0.0,38.05502526510153,optimal
2021-02-09 17:00:00,9,90,0.0,0.0,0.0,3.385733333333333,32.886,6.0,0,20.822136528688755,,0.0,0.0,0.0,0.0,38.016970239836425,optimal
2021-02-09 17:30:00,9,90,0.0,0.0,0.0,1.7392999999999998,34.9965,6.0,0,20.7570946774101,,0.0,0.0,0.0,0.0,37.97895326959659,optimal
2021-02-09 18:00:00,9,90,0.0,0.0,0.0,0.5751000000000001,33.327,6.0,0,20.64677405470322,,0.0,0.0,0.0,0.0,37.940974316326994,optimal
2021-02-09 18:30:00,9,90,0.0,0.0,0.0,0.2149333333333333,31.122,6.0,0,20.503401333637612,,0.0,0.0,0.0,0.0,37.903033342010666,optimal
2021-02-09 19:00:00,9,90,0.0,0.0,0.0,0.4597,17.9025,6.0,0,20.31367022620329,,0.0,0.0,0.0,0.0,37.865130308668654,optimal
2021-02-09 19:30:00,9,90,0.0,0.0,0.0,0.2643333333333333,15.6555,6.0,0,20.163763514616182,,0.0,0.0,0.0,0.0,37.82726517835999,optimal
2021-02-09 20:00:00,9,90,0.6772628793621335,0.0,0.0,0.33176666666666665,14.553,6.0,0,20.0,,1693.1571984053337,0.0,0.0,0.0,37.78943791318163,optimal
2021-02-09 20:30:00,9,90,0.0,0.0,0.0,0.6051666666666666,14.3325,6.0,0,20.0,,0.0,0.0,0.0,0.0,37.751648475268446,optimal
2021-02-09 21:00:00,9,90,0.0,0.0,0.0,0.2604666666666666,13.335,6.0,0,19.86739131230337,,0.0,0.0,0.0,0.0,37.713896826793174,optimal
2021-02-09 21:30:00,9,90,0.0,0.0,0.0,0.6291333333333333,12.1275,6.0,0,19.682416850876024,,0.0,0.0,0.0,0.0,37.67618292996638,optimal
2021-02-09 22:00:00,9,90,0.0,0.0,0.0,0.27013333333333334,12.2955,6.0,0,19.540245854451918,,0.0,0.0,0.0,0.0,37.638506747036416,optimal
2021-02-09 22:30:00,9,90,0.0,0.0,0.0,1.1580666666666666,11.6865,6.0,0,19.36294310532272,,0.0,0.0,0.0,0.0,37.60086824028938,optimal
2021-02-09 23:00:00,9,90,0.0,0.0,0.0,0.5261,11.466,6.0,0,19.195796071814122,,0.0,0.0,0.0,0.0,37.56326737204909,optimal
2021-02-09 23:30:00,9,90,0.0,0.0,0.0,0.08173333333333334,10.8045,6.0,0,19.053030906863043,,0.0,0.0,0.0,0.0,37.52570410467704,optimal
2021-02-10 00:00:00,9,90,2.8,0.0,0.0,0.074,11.508,6.0,-1,19.053030906863043,,7000.0,0.0,0.0,0.0,37.488178400572366,optimal
2021-02-10 00:30:00,9,90,2.8,0.0,0.0,0.114,11.508,6.0,-1,19.46714199645355,,0.0,0.0,7000.0,0.0,37.450690222171794,optimal
2021-02-10 01:00:00,9,90,2.8,0.0,0.0,0.07740000000000001,11.508,6.0,-1,19.22776648918951,,4246.666666666666,0.0,2753.3333333333335,0.0,37.41323953194962,optimal
2021-02-10 01:30:00,9,90,2.8,0.0,0.0,0.13313333333333333,11.844,6.0,-1,19.381226191366398,,7000.0,0.0,0.0,0.0,37.37582629241767,optimal
2021-02-10 02:00:00,9,90,2.8,0.0,0.0,0.126,11.508,6.0,-1,19.791838819339382,,7000.0,0.0,0.0,0.0,37.33845046612525,optimal
2021-02-10 02:30:00,9,90,2.8,0.0,0.0,0.22053333333333333,11.508,6.0,-1,20.194483477490728,,7000.0,0.0,0.0,0.0,37.30111201565913,optimal
2021-02-10 03:00:00,9,90,2.8,0.0,5.0,0.1996,10.4475,6.0,-1,20.600143164070914,,7000.0,0.0,0.0,0.0,39.63881090364347,optimal
2021-02-10 03:30:00,9,90,2.8,0.0,5.0,0.066,10.8675,6.0,-1,20.99805540600429,,7000.0,0.0,0.0,0.0,41.97417209273982,optimal
2021-02-10 04:00:00,9,90,2.8,0.0,5.0,0.126,10.542,6.0,-1,21.377871655293575,,7000.0,0.0,0.0,0.0,44.30719792064708,optimal
2021-02-10 04:30:00,9,90,2.8,0.0,3.2678165506924244,0.1844,11.025,6.0,-1,21.75782365951146,,7000.0,0.0,0.0,0.0,45.81510358430533,optimal
2021-02-10 05:00:00,9,90,2.8,0.0,5.0,0.17573333333333332,11.025,6.0,-1,22.136330159647713,,7000.0,0.0,0.0,0.0,48.144288480721016,optimal
2021-02-10 05:30:00,9,90,0.0,0.0,0.0,0.17486666666666667,14.553,6.0,-1,22.50718571146549,,0.0,0.0,0.0,0.0,48.096144192240295,optimal
2021-02-10 06:00:00,9,90,2.8,0.0,0.0,1.0580999999999998,13.0935,6.0,-1,22.24028707751982,,7000.0,0.0,0.0,0.0,48.048048048048045,optimal
2021-02-10 06:30:00,9,90,0.0,0.0,0.0,0.15153333333333333,15.6345,6.0,-1,22.65632943784398,,0.0,0.0,0.0,0.0,48.0,optimal
2021-02-10 07:00:00,9,90,0.0,0.0,0.0,1.0879,18.102,6.0,-1,22.417320809204444,,0.0,0.0,0.0,0.0,47.838719605122925,optimal
2021-02-10 07:30:00,9,90,0.0,0.0,0.0,0.1362,17.199,6.0,-1,22.203530819933317,,0.0,0.0,0.0,0.0,47.67760049064073,optimal
2021-02-10 08:00:00,9,90,0.0,0.0,0.0,0.21780000000000002,18.2805,6.0,-1,21.978302348990923,,0.0,0.0,0.0,0.0,47.51664249527301,optimal
2021-02-10 08:30:00,9,90,0.0,0.0,0.0,0.068,17.4615,6.0,-1,21.74862813358081,,0.0,0.0,0.0,0.0,47.355845457900664,optimal
2021-02-10 09:00:00,9,90,0.0,0.0,0.0,0.3801333333333333,18.3225,6.0,-1,21.438016304166847,,0.0,0.0,0.0,0.0,47.19520921756569,optimal
2021-02-10 09:30:00,9,90,0.0,0.0,0.0,0.068,17.094,6.0,-1,21.18281491157102,,0.0,0.0,0.0,0.0,47.034733613471055,optimal
2021-02-10 10:00:00,9,90,0.0,0.0,0.0,0.1,17.094,6.0,-1,20.905149591435503,,0.0,0.0,0.0,0.0,46.87441848498051,optimal
2021-02-10 10:30:00,9,90,0.0,0.0,0.0,0.34813333333333335,17.094,6.0,-1,20.66828962185746,,0.0,0.0,0.0,0.0,46.714263671618454,optimal
2021-02-10 11:00:00,9,90,0.0,0.0,0.0,0.068,17.3565,6.0,-1,20.460000199862932,,0.0,0.0,0.0,0.0,46.554269013069764,optimal
2021-02-10 11:30:00,9,90,0.0,0.0,0.0,0.17186666666666667,17.115,6.0,-1,20.252267339725442,,0.0,0.0,0.0,0.0,46.39443434917962,optimal
2021-02-10 12:00:00,9,90,0.3482204779272741,0.0,0.0,0.315,17.241,6.0,-1,20.058579912359377,,870.5511948181854,0.0,0.0,0.0,46.234759519953364,optimal
2021-02-10 12:30:00,9,90,0.5734138607495511,0.0,0.0,0.252,17.094,6.0,-1,20.0,,1433.534651873878,0.0,0.0,0.0,46.07524436555634,optimal
2021-02-10 13:00:00,9,90,2.8,0.0,0.0,0.32413333333333333,16.5165,6.0,-1,20.0,,7000.0,0.0,0.0,0.0,45.91588872631371,optimal
2021-02-10 13:30:00,9,90,0.0,0.0,0.0,0.076,17.8185,6.0,-1,20.498417916482367,,0.0,0.0,0.0,0.0,45.756692442710325,optimal
2021-02-10 14:00:00,9,90,2.8,0.0,0.0,0.132,17.094,6.0,-1,20.319686508076074,,7000.0,0.0,0.0,0.0,45.59765535539054,optimal
2021-02-10 14:30:00,9,90,2.8,0.0,0.0,0.3081333333333333,16.8945,6.0,-1,20.797789165310316,,7000.0,0.0,0.0,0.0,45.43877730515808,optimal
2021-02-10 15:00:00,9,90,0.1959923982083531,0.0,0.0,0.14,18.123,6.0,-1,21.285402538929286,,489.98099552088274,0.0,0.0,0.0,45.280058132975846,optimal
2021-02-10 15:30:00,9,90,0.0,0.0,0.0,0.10956666666666666,31.647,6.0,-1,21.126286315618387,,0.0,0.0,0.0,0.0,45.1214976799658,optimal
2021-02-10 16:00:00,9,90,0.0,0.0,0.0,0.9188999999999999,34.9965,6.0,-1,20.932519591344878,,0.0,0.0,0.0,0.0,44.96309578740876,optimal
2021-02-10 16:30:00,9,90,0.0,0.0,0.0,0.6418333333333334,34.9965,6.0,-1,20.81569315833375,,0.0,0.0,0.0,0.0,44.80485229674428,optimal
2021-02-10 17:00:00,9,90,0.0,0.0,0.0,1.9586666666666668,34.9965,6.0,-1,20.649424834461115,,0.0,0.0,0.0,0.0,44.646767049570464,optimal
2021-02-10 17:30:00,9,90,0.0,0.0,0.0,0.30960000000000004,34.9965,6.0,-1,20.513437344154635,,0.0,0.0,0.0,0.0,44.48883988764382,optimal
2021-02-10 18:00:00,9,90,0.0,0.0,0.0,0.4526,34.9965,6.0,-1,20.333470681412614,,0.0,0.0,0.0,0.0,44.331070652879106,optimal
2021-02-10 18:30:00,9,90,0.0,0.0,0.0,0.283,27.741,6.0,-1,20.185050444122943,,0.0,0.0,0.0,0.0,44.17345918734915,optimal
2021-02-10 19:00:00,9,90,0.7372494679366975,0.0,0.0,0.266,19.026,6.0,-1,20.0,,1843.1236698417438,0.0,0.0,0.0,44.01600533328473,optimal
2021-02-10 19:30:00,9,90,0.7911175714006035,0.0,0.0,0.39276666666666665,18.7215,6.0,-1,20.0,,1977.7939285015086,0.0,0.0,0.0,43.858708933074375,optimal
2021-02-10 20:00:00,9,90,0.38517234153119106,0.0,0.0,2.3537,17.4195,6.0,-1,20.0,,962.9308538279777,0.0,0.0,0.0,43.70156982926423,optimal
2021-02-10 20:30:00,9,90,0.0,0.0,0.0,0.1491333333333333,16.758,6.0,-1,20.0,,0.0,0.0,0.0,0.0,43.65786825943496,optimal
2021-02-10 21:00:00,9,90,0.0,0.0,0.0,0.3460666666666667,14.217,6.0,-1,19.773257890555453,,0.0,0.0,0.0,0.0,43.614210391175526,optimal
2021-02-10 21:30:00,9,90,0.0,0.0,0.0,0.33613333333333334,13.3665,6.0,-1,19.591711486117937,,0.0,0.0,0.0,0.0,43.57059618078435,optimal
2021-02-10 22:00:00,9,90,0.0,0.0,0.0,0.187,12.789,6.0,-1,19.38462663388973,,0.0,0.0,0.0,0.0,43.527025584603564,optimal
2021-02-10 22:30:00,9,90,0.0,0.0,0.0,0.15853333333333333,11.907,6.0,-1,19.105282879832906,,0.0,0.0,0.0,0.0,43.48349855901896,optimal
2021-02-10 23:00:00,9,90,0.0,0.0,0.0,0.068,11.7075,6.0,-1,18.817774838296423,,0.0,0.0,0.0,0.0,43.44001506045994,optimal
2021-02-10 23:30:00,9,90,0.0,0.0,0.0,0.252,10.8045,6.0,-1,18.522398803117344,,0.0,0.0,0.0,0.0,43.39657504539948,optimal
2021-02-11 00:00:00,9,90,2.8,0.0,0.0,0.09893333333333333,11.025,6.0,-4,18.522398803117344,,7000.0,0.0,0.0,0.0,43.35317847035408,optimal
2021-02-11 00:30:00,9,90,2.8,0.0,1.269391096155286,0.21913333333333332,10.7835,6.0,-4,18.920593536880542,,2382.273699508206,0.0,4617.726300491794,0.0,43.91278606255748,optimal
2021-02-11 01:00:00,9,90,2.8,0.0,0.0,0.062,11.025,6.0,-4,18.9206580363047,,7000.0,0.0,0.0,0.0,43.86887327649492,optimal
2021-02-11 01:30:00,9,90,2.8,0.0,5.0,0.16343333333333335,10.584,6.0,-4,19.279795037635218,,7000.0,0.0,0.0,0.0,46.200004403218415,optimal
2021-02-11 02:00:00,9,90,2.8,0.0,0.0,0.19616666666666663,11.025,6.0,-4,19.64321012731316,,7000.0,0.0,0.0,0.0,46.15380439881519,optimal
2021-02-11 02:30:00,9,90,2.8,0.0,5.0,0.1226,10.4265,6.0,-4,20.004464338727,,7000.0,0.0,0.0,0.0,48.48265059441637,optimal
2021-02-11 03:00:00,9,90,2.8,0.0,0.0,0.22766666666666663,12.789,6.0,-4,20.352289460280634,,7000.0,0.0,0.0,0.0,48.434167943821954,optimal
2021-02-11 03:30:00,9,90,2.8,0.0,0.0,0.08816666666666667,12.684,6.0,-4,20.70346103762933,,7000.0,0.0,0.0,0.0,48.38573377587813,optimal
2021-02-11 04:00:00,9,90,2.8,0.0,0.0,0.22826666666666667,16.254,6.0,-4,21.040234605090745,,7000.0,0.0,0.0,0.0,48.33734804210225,optimal
2021-02-11 04:30:00,9,90,2.8,0.0,0.0,0.1145,17.64,6.0,-4,21.38877280024824,,7000.0,0.0,0.0,0.0,48.289010694060146,optimal
2021-02-11 05:00:00,9,90,0.0,0.0,0.0,0.1226,19.1625,6.0,-4,21.72176266236575,,0.0,0.0,0.0,0.0,48.240721683366075,optimal
2021-02-11 05:30:00,9,90,0.0,0.0,0.0,0.237,26.46,6.0,-4,21.400895942643317,,0.0,0.0,0.0,0.0,48.192480961682705,optimal
2021-02-11 06:00:00,9,90,0.0,0.0,0.0,0.062,20.79,6.0,-4,21.098817385318902,,0.0,0.0,0.0,0.0,48.144288480721016,optimal
2021-02-11 06:30:00,9,90,0.0,0.0,0.0,0.1698,29.106,6.0,-4,20.788391757483232,,0.0,0.0,0.0,0.0,48.096144192240295,optimal
2021-02-11 07:00:00,9,90,0.0,0.0,0.0,0.5029333333333332,19.1835,6.0,-4,20.495992192667806,,0.0,0.0,0.0,0.0,48.048048048048045,optimal
2021-02-11 07:30:00,9,90,0.0,0.0,0.0,0.15556666666666666,19.6665,6.0,-4,20.25236143974033,,0.0,0.0,0.0,0.0,48.0,optimal
2021-02-11 08:00:00,9,90,0.9312997175088087,0.0,0.0,0.3972,19.404,6.0,-4,20.0,,2328.2492937720217,0.0,0.0,0.0,47.748999043425385,optimal
2021-02-11 08:30:00,9,90,0.8629203129204829,0.0,0.0,0.9751666666666666,19.047,6.0,-4,20.0,,2157.300782301207,0.0,0.0,0.0,47.498249087807345,optimal
2021-02-11 09:00:00,9,90,2.139640390088127,0.0,0.0,0.2708333333333333,18.858,6.0,-4,20.0,,5349.100975220318,0.0,0.0,0.0,47.24774988214492,optimal
2021-02-11 09:30:00,9,90,0.0,0.0,0.0,0.248,19.2675,6.0,-4,20.252202564297882,,0.0,0.0,0.0,0.0,46.997501175688164,optimal
2021-02-11 10:00:00,9,90,0.6319017488975041,0.0,0.0,1.4738666666666667,18.963,6.0,-4,20.0,,1579.7543722437601,0.0,0.0,0.0,46.74750271793786,optimal
2021-02-11 10:30:00,9,90,1.5834377353785107,0.0,0.0,1.0380333333333334,18.438,6.0,-4,20.0,,3958.5943384462767,0.0,0.0,0.0,46.497754258645315,optimal
2021-02-11 11:00:00,9,90,0.0,0.0,0.0,0.20913333333333334,18.7425,6.0,-4,20.178755489196902,,0.0,0.0,0.0,0.0,46.24825554781206,optimal
2021-02-11 11:30:00,9,90,2.8,0.0,0.0,0.1265,15.2145,6.0,-4,20.0,,5487.059633825127,0.0,1512.9403661748725,0.0,45.999006335689636,optimal
2021-02-11 12:00:00,9,90,0.0,0.0,0.0,0.40273333333333333,17.7765,6.0,-4,20.336252256055207,,0.0,0.0,0.0,0.0,45.75000637277933,optimal
2021-02-11 12:30:00,9,90,0.0,0.0,0.0,1.2815999999999999,16.758,6.0,-4,20.21863052881213,,0.0,0.0,0.0,0.0,45.50125540983194,optimal
2021-02-11 13:00:00,9,90,2.8,0.0,0.0,0.8017000000000001,16.422,6.0,-4,20.108207836287225,,7000.0,0.0,0.0,0.0,45.2527531978475,optimal
2021-02-11 13:30:00,9,90,2.0851395129681367,0.0,0.0,0.2221,16.758,6.0,-4,20.664848139279556,,5212.848782420342,0.0,0.0,0.0,45.004499488075034,optimal
2021-02-11 14:00:00,9,90,0.0,0.0,0.0,0.43376666666666663,29.358,6.0,-4,21.01574073876411,,0.0,0.0,0.0,0.0,44.75649403201235,optimal
2021-02-11 14:30:00,9,90,0.0,0.0,0.0,1.4446666666666668,34.9965,6.0,-4,20.914294397226445,,0.0,0.0,0.0,0.0,44.50873658140572,optimal
2021-02-11 15:00:00,9,90,0.0,0.0,0.0,0.19636666666666666,34.65,6.0,-4,20.905704538181915,,0.0,0.0,0.0,0.0,44.2612268882497,optimal
2021-02-11 15:30:00,9,90,0.0,0.0,0.0,0.1904,34.9965,6.0,-4,20.76934322877509,,0.0,0.0,0.0,0.0,44.01396470478684,optimal
2021-02-11 16:00:00,9,90,0.0,0.0,0.0,0.2911666666666667,34.9965,6.0,-4,20.622424453773718,,0.0,0.0,0.0,0.0,43.766949783507435,optimal
2021-02-11 16:30:00,9,90,0.0,0.0,0.0,0.2869333333333333,30.4815,6.0,-4,20.43667805117938,,0.0,0.0,0.0,0.0,43.52018187714931,optimal
2021-02-11 17:00:00,9,90,0.0,0.0,0.0,0.35106666666666664,21.4305,6.0,-4,20.233987904853397,,0.0,0.0,0.0,0.0,43.27366073869755,optimal
2021-02-11 17:30:00,9,90,0.9800663728195895,0.0,0.0,0.2444,14.3325,6.0,-4,20.0,,2380.4992653823074,0.0,69.66666666666666,0.0,43.02738612138424,optimal
2021-02-11 18:00:00,9,90,1.7016239937681883,0.0,0.0,0.23103333333333334,13.692,6.0,-4,20.0,,4045.0599844204708,0.0,208.99999999999997,0.0,42.78135777868824,optimal
2021-02-11 18:30:00,9,90,0.0,0.0,0.0,0.6775666666666668,14.007,6.0,-4,20.17167903520016,,0.0,0.0,0.0,0.0,42.53557546433494,optimal
2021-02-11 19:00:00,9,90,0.8448418544438983,0.0,0.0,0.2562333333333333,12.873,6.0,-4,20.0,,2112.1046361097456,0.0,0.0,0.0,42.29003893229599,optimal
2021-02-11 19:30:00,9,90,1.0294405855284223,0.0,0.0,0.31793333333333335,12.684,6.0,-4,20.0,,2294.9347971543893,0.0,278.66666666666663,0.0,42.044747936789086,optimal
2021-02-11 20:00:00,9,90,1.1190926499462956,0.0,0.0,0.3501,12.306,6.0,-4,20.0,,2449.398291532406,0.0,348.3333333333333,0.0,41.79970223227768,optimal
2021-02-11 20:30:00,9,90,1.3097333333333334,0.0,0.0,0.3557333333333333,10.6365,6.0,-4,20.0,,0.0,0.0,3274.3333333333335,0.0,41.554901573470794,optimal
2021-02-11 21:00:00,9,90,0.0,0.0,0.0,0.4449333333333333,11.2455,6.0,-4,19.781610311693306,,0.0,0.0,0.0,0.0,41.31034571532271,optimal
2021-02-11 21:30:00,9,90,0.0,0.0,0.0,0.772,11.2455,6.0,-4,19.57593317386677,,0.0,0.0,0.0,0.0,41.066034413032774,optimal
2021-02-11 22:00:00,9,90,0.0,0.0,0.0,1.2330666666666665,11.025,6.0,-4,19.347845837538685,,0.0,0.0,0.0,0.0,41.02496837861974,optimal
2021-02-11 22:30:00,9,90,0.0,0.0,0.0,0.7706666666666666,12.0855,6.0,-4,19.13012525684298,,0.0,0.0,0.0,0.0,40.98394341024112,optimal
2021-02-11 23:00:00,9,90,0.0,0.0,0.0,0.2766,11.6865,6.0,-4,18.901111872625528,,0.0,0.0,0.0,0.0,40.94295946683088,optimal
2021-02-11 23:30:00,9,90,0.0,0.0,0.0,0.10233333333333332,11.2245,6.0,-4,18.633140313072275,,0.0,0.0,0.0,0.0,40.902016507364046,optimal
2021-02-12 00:00:00,9,90,2.8,0.0,0.0,0.1953,10.8045,6.0,-4,18.633140313072275,,7000.0,0.0,0.0,0.0,40.86111449085668,optimal
2021-02-12 00:30:00,9,90,2.8,0.0,5.0,0.16706666666666667,10.059,6.0,-4,18.971850639262627,,3168.3333333333335,0.0,3831.6666666666665,0.0,43.19525337636582,optimal
2021-02-12 01:00:00,9,90,2.8,0.0,0.0,0.10043333333333333,10.584,6.0,-4,18.956417322285596,,7000.0,0.0,0.0,0.0,43.15205812298945,optimal
2021-02-12 01:30:00,9,90,2.8,0.0,5.0,0.17173333333333332,9.4185,6.0,-4,19.28315592913317,,7000.0,0.0,0.0,0.0,45.48390606486646,optimal
2021-02-12 02:00:00,9,90,2.8,0.0,1.6083410558975613,0.1672,10.3635,6.0,-4,19.59141619894318,,7000.0,0.0,0.0,0.0,46.20238416035293,optimal
2021-02-12 02:30:00,9,90,2.8,0.0,5.0,0.07859999999999999,9.8385,6.0,-4,19.8962758692404,,7000.0,0.0,0.0,0.0,48.53118177619257,optimal
2021-02-12 03:00:00,9,90,2.8,0.0,0.0,0.2603333333333333,11.067,6.0,-4,20.19284083756783,,7000.0,0.0,0.0,0.0,48.48265059441637,optimal
2021-02-12 03:30:00,9,90,2.8,0.0,0.0,0.056,10.8465,6.0,-4,20.506326146621806,,7000.0,0.0,0.0,0.0,48.434167943821954,optimal
2021-02-12 04:00:00,9,90,0.0,0.0,0.0,0.1125,13.671,6.0,-4,20.80637237248377,,0.0,0.0,0.0,0.0,48.38573377587813,optimal
2021-02-12 04:30:00,9,90,2.8,0.0,0.0,0.22643333333333332,12.348,6.0,-4,20.467542042015847,,7000.0,0.0,0.0,0.0,48.33734804210225,optimal
2021-02-12 05:00:00,9,90,0.0,0.0,0.0,0.056,14.3325,6.0,-4,20.80399627393625,,0.0,0.0,0.0,0.0,48.289010694060146,optimal
2021-02-12 05:30:00,9,90,0.0,0.0,0.0,0.232,15.393,6.0,-4,20.47998570103541,,0.0,0.0,0.0,0.0,48.240721683366075,optimal
2021-02-12 06:00:00,9,90,2.8,0.0,0.0,0.10693333333333334,13.587,6.0,-4,20.188396195667142,,7000.0,0.0,0.0,0.0,48.192480961682705,optimal
2021-02-12 06:30:00,9,90,0.0,0.0,0.0,0.09743333333333334,16.1385,6.0,-4,20.55065858353417,,0.0,0.0,0.0,0.0,48.144288480721016,optimal
2021-02-12 07:00:00,9,90,0.0,0.0,0.0,0.2552,14.595,6.0,-4,20.258442450749904,,0.0,0.0,0.0,0.0,48.096144192240295,optimal
2021-02-12 07:30:00,9,90,1.1106347864785482,0.0,0.0,0.0594,14.637,6.0,-4,20.007174122659826,,2776.5869661963707,0.0,0.0,0.0,48.048048048048045,optimal
2021-02-12 08:00:00,9,90,0.9967644808022735,0.0,0.0,0.42110000000000003,13.9125,6.0,-4,20.0,,2491.9112020056837,0.0,0.0,0.0,48.0,optimal
2021-02-12 08:30:00,9,90,1.1031741635734031,0.0,0.0,0.5206333333333333,13.3665,6.0,-4,20.0,,2757.935408933508,0.0,0.0,0.0,47.6771090422351,optimal
2021-02-12 09:00:00,9,90,2.209081497463201,0.0,0.0,0.08706666666666667,13.0095,6.0,-4,20.0,,5522.703743658003,0.0,0.0,0.0,47.35454097542797,optimal
2021-02-12 09:30:00,9,90,0.0,0.0,0.0,0.18519999999999998,13.8915,6.0,-4,20.236376244863454,,0.0,0.0,0.0,0.0,47.03229547668765,optimal
2021-02-12 10:00:00,9,90,0.7934086684379862,0.0,0.0,0.1227,13.188,6.0,-4,20.0,,1983.5216710949655,0.0,0.0,0.0,46.710372223446065,optimal
2021-02-12 10:30:00,9,90,0.7806826362290569,0.0,0.0,0.2531333333333333,12.5685,6.0,-4,20.0,,1951.7065905726424,0.0,0.0,0.0,46.388770893457725,optimal
2021-02-12 11:00:00,9,90,0.6510060134788258,0.0,0.0,0.21723333333333328,12.285,6.0,-4,20.0,,1627.5150336970646,0.0,0.0,0.0,46.06749116479937,optimal
2021-02-12 11:30:00,9,90,1.9892984454502824,0.0,0.0,0.4229333333333333,11.487,6.0,-4,20.0,,2674.2461136257066,0.0,2299.0,0.0,45.74653271586968,optimal
2021-02-12 12:00:00,9,90,0.0,0.0,0.0,0.28326666666666667,11.802,6.0,-4,20.123359346714782,,0.0,0.0,0.0,0.0,45.42589522538891,optimal
2021-02-12 12:30:00,9,90,2.8,0.0,0.0,0.2083333333333333,11.2245,6.0,-4,20.0,,7000.0,0.0,0.0,0.0,45.105578372398625,optimal
2021-02-12 13:00:00,9,90,2.8,0.0,0.0,0.2885,11.025,6.0,-4,20.520374913575065,,7000.0,0.0,0.0,0.0,44.78558183626133,optimal
2021-02-12 13:30:00,9,90,2.2437610061335294,0.0,0.0,0.10356666666666667,11.907,6.0,-4,21.039224282547913,,5609.402515333823,0.0,0.0,0.0,44.465905296660175,optimal
2021-02-12 14:00:00,9,90,0.0,0.0,0.0,0.22516666666666663,25.83,6.0,-4,21.40750396163566,,0.0,0.0,0.0,0.0,44.14654843359862,optimal
2021-02-12 14:30:00,9,90,0.0,0.0,0.0,0.21613333333333332,28.035,6.0,-4,21.277230736554166,,0.0,0.0,0.0,0.0,43.82751092740012,optimal
2021-02-12 15:00:00,9,90,0.0,0.0,0.0,0.24956666666666663,28.119,6.0,-4,21.1517198550757,,0.0,0.0,0.0,0.0,43.50879245870782,optimal
2021-02-12 15:30:00,9,90,0.0,0.0,0.0,0.2919,30.156,6.0,-4,21.0115614809787,,0.0,0.0,0.0,0.0,43.19039270848422,optimal
2021-02-12 16:00:00,9,90,0.0,0.0,0.0,0.19373333333333329,29.1585,6.0,-4,20.844569171086235,,0.0,0.0,0.0,0.0,42.87231135801084,optimal
2021-02-12 16:30:00,9,90,0.0,0.0,0.0,0.1883333333333333,26.712,6.0,-4,20.636622422807616,,0.0,0.0,0.0,0.0,42.554548088887934,optimal
2021-02-12 17:00:00,9,90,0.0,0.0,0.0,0.3038,15.435,6.0,-4,20.426096039815903,,0.0,0.0,0.0,0.0,42.23710258303415,optimal
2021-02-12 17:30:00,9,90,0.0,0.0,0.0,0.3026333333333333,13.566,6.0,-4,20.194207483388467,,0.0,0.0,0.0,0.0,41.91997452268622,optimal
2021-02-12 18:00:00,9,90,0.9117912932177918,0.0,0.0,0.15436666666666668,12.789,6.0,-4,20.0,,2279.4782330444796,0.0,0.0,0.0,41.60316359039864,optimal
2021-02-12 18:30:00,9,90,1.8582344658619998,0.0,0.0,0.18996666666666667,12.1275,6.0,-4,20.0,,4645.586164654999,0.0,0.0,0.0,41.28666946904334,optimal
2021-02-12 19:00:00,9,90,0.0,0.0,0.0,0.08213333333333334,13.671,6.0,-4,20.22846682448366,,0.0,0.0,0.0,0.0,40.9704918418094,optimal
2021-02-12 19:30:00,9,90,2.8,0.0,0.0,0.4664666666666666,10.668,6.0,-4,20.0,,3576.6603435508787,0.0,3423.3396564491213,0.0,40.65463039220269,optimal
2021-02-12 20:00:00,9,90,0.0,0.0,0.0,0.24456666666666663,11.7285,6.0,-4,20.162707793484724,,0.0,0.0,0.0,0.0,40.33908480404559,optimal
2021-02-12 20:30:00,9,90,0.7206641374203515,0.0,0.0,0.2847,11.025,6.0,-4,20.0,,0.0,0.0,1801.6603435508787,0.0,40.02385476147665,optimal
2021-02-12 21:00:00,9,90,0.0836,0.0,0.0,0.3916,10.689,6.0,-4,19.816716147087146,,0.0,0.0,209.0,0.0,39.708939948950274,optimal
2021-02-12 21:30:00,9,90,2.09,0.0,0.0,0.44703333333333334,8.1585,6.0,-4,19.605380353256283,,0.0,0.0,5225.0,0.0,39.394340051236426,optimal
2021-02-12 22:00:00,9,90,0.0,0.0,0.0,0.5281666666666667,10.3635,6.0,-4,19.409397345902537,,0.0,0.0,0.0,0.0,39.08005475342029,optimal
2021-02-12 22:30:00,9,90,0.0,0.0,0.0,1.1808333333333332,10.8045,6.0,-4,19.24088831090215,,0.0,0.0,0.0,0.0,38.766083740901976,optimal
2021-02-12 23:00:00,9,90,0.0,0.0,0.0,0.1638,11.025,6.0,-4,19.05649963255765,,0.0,0.0,0.0,0.0,38.45242669939618,optimal
2021-02-12 23:30:00,9,90,0.0,0.0,0.0,0.21096666666666666,10.3635,6.0,-4,18.845762078408317,,0.0,0.0,0.0,0.0,38.413974272696784,optimal
2021-02-13 00:00:00,9,90,2.49329344459575,0.0,0.0,0.04633333333333334,9.4815,6.0,-4,18.845762078408317,,6233.233611489374,0.0,0.0,0.0,38.375560298424084,optimal
2021-02-13 00:30:00,9,90,2.8,0.0,1.7855082118481391,0.047,8.379,6.0,-4,19.182813409970294,,0.0,0.0,7000.0,0.0,39.185301138753516,optimal
2021-02-13 01:00:00,9,90,2.8,0.0,0.0,0.047,9.5235,6.0,-4,18.933351805365273,,0.0,0.0,7000.0,0.0,39.146115837614765,optimal
2021-02-13 01:30:00,9,90,2.8,0.0,5.0,0.19293333333333332,8.1375,6.0,-4,18.688174840022196,,518.0,0.0,6482.0,0.0,41.48196972177715,optimal
2021-02-13 02:00:00,9,90,0.0,0.0,0.0,0.047,10.0905,6.0,-4,18.508857384246237,,0.0,0.0,0.0,0.0,41.44048775205536,optimal
2021-02-13 02:30:00,9,90,2.8,0.0,5.0,0.047,7.539,6.0,-4,18.27118478458757,,7000.0,0.0,0.0,0.0,43.7740472643033,optimal
2021-02-13 03:00:00,9,90,2.8,0.0,5.0,0.17303333333333334,7.938,6.0,-4,18.686756948202206,,7000.0,0.0,0.0,0.0,46.10527321703899,optimal
2021-02-13 03:30:00,9,90,2.8,0.0,5.0,0.0669,8.274,6.0,-4,19.10808347482607,,7000.0,0.0,0.0,0.0,48.434167943821954,optimal
2021-02-13 04:00:00,9,90,2.8,0.0,0.0,0.047,9.261,6.0,-4,19.51281347610544,,7000.0,0.0,0.0,0.0,48.38573377587813,optimal
2021-02-13 04:30:00,9,90,2.8,0.0,0.0,0.047,9.9225,6.0,-4,19.90918987345745,,7000.0,0.0,0.0,0.0,48.33734804210225,optimal
2021-02-13 05:00:00,9,90,2.8,0.0,0.0,0.19293333333333332,9.702,6.0,-4,20.29846421242171,,7000.0,0.0,0.0,0.0,48.289010694060146,optimal
2021-02-13 05:30:00,9,90,2.8,0.0,0.0,0.047,10.584,6.0,-4,20.69428581198677,,7000.0,0.0,0.0,0.0,48.240721683366075,optimal
2021-02-13 06:00:00,9,90,2.8,0.0,0.0,0.06559999999999999,10.143,6.0,-4,21.069465587006608,,7000.0,0.0,0.0,0.0,48.192480961682705,optimal
2021-02-13 06:30:00,9,90,0.0,0.0,0.0,0.1853333333333333,13.0095,6.0,-4,21.4390781903132,,0.0,0.0,0.0,0.0,48.144288480721016,optimal
2021-02-13 07:00:00,9,90,2.8,0.0,0.0,0.047,11.025,6.0,-4,21.163927352804954,,7000.0,0.0,0.0,0.0,48.096144192240295,optimal
2021-02-13 07:30:00,9,90,0.0,0.0,0.0,0.19293333333333332,12.789,6.0,-4,21.52952602496187,,0.0,0.0,0.0,0.0,48.048048048048045,optimal
2021-02-13 08:00:00,9,90,0.0,0.0,0.0,0.045,12.1275,6.0,-4,21.252881905788666,,0.0,0.0,0.0,0.0,48.0,optimal
2021-02-13 08:30:00,9,90,0.0,0.0,0.0,0.14753333333333332,12.1695,6.0,-4,20.980541111628543,,0.0,0.0,0.0,0.0,47.902922681321485,optimal
2021-02-13 09:00:00,9,90,0.0,0.0,0.0,1.223266666666667,12.306,6.0,-4,20.733895109988005,,0.0,0.0,0.0,0.0,47.80594243996165,optimal
2021-02-13 09:30:00,9,90,0.0,0.0,0.0,0.38689999999999997,13.23,6.0,-4,20.60007670860595,,0.0,0.0,0.0,0.0,47.70905917884317,optimal
2021-02-13 10:00:00,9,90,0.0,0.0,0.0,2.5780666666666665,13.671,6.0,-4,20.394365223516402,,0.0,0.0,0.0,0.0,47.612272800985814,optimal
2021-02-13 10:30:00,9,90,0.0,0.0,0.0,0.35760000000000003,13.9335,6.0,-4,20.24619581737688,,0.0,0.0,0.0,0.0,47.51558320950632,optimal
2021-02-13 11:00:00,9,90,0.0,0.0,0.0,0.4009666666666666,13.293,6.0,-4,20.09503360710243,,0.0,0.0,0.0,0.0,47.418990307618294,optimal
2021-02-13 11:30:00,9,90,0.4576259342501492,0.0,0.0,0.31606666666666666,12.1065,6.0,-4,20.0,,1144.064835625373,0.0,0.0,0.0,47.32249399863216,optimal
2021-02-13 12:00:00,9,90,0.41415390909436395,0.0,0.0,0.2399,11.571,6.0,-4,20.0,,1035.3847727359098,0.0,0.0,0.0,47.22609418595501,optimal
2021-02-13 12:30:00,9,90,1.0311263508256363,0.0,0.0,0.22,11.025,6.0,-4,20.0,,2577.8158770640907,0.0,0.0,0.0,47.12979077309055,optimal
2021-02-13 13:00:00,9,90,2.8,0.0,0.0,0.16976666666666668,10.8465,6.0,-4,20.127215652981327,,7000.0,0.0,0.0,0.0,47.03358366363894,optimal
2021-02-13 13:30:00,9,90,2.8,0.0,0.0,0.09016666666666669,11.2455,6.0,-4,20.605663278178323,,7000.0,0.0,0.0,0.0,46.93747276129679,optimal
2021-02-13 14:00:00,9,90,0.0,0.0,0.0,0.057,23.8665,6.0,-4,21.071306490483767,,0.0,0.0,0.0,0.0,46.841457969856975,optimal
2021-02-13 14:30:00,9,90,0.0,0.0,0.0,0.1366,27.4575,6.0,-4,20.852081920668923,,0.0,0.0,0.0,0.0,46.74553919320861,optimal
2021-02-13 15:00:00,9,90,0.0,0.0,0.0,0.26773333333333327,27.3735,6.0,-4,20.644814411616345,,0.0,0.0,0.0,0.0,46.64971633533688,optimal
2021-02-13 15:30:00,9,90,0.0,0.0,0.0,0.189,30.4605,6.0,-4,20.46492302708331,,0.0,0.0,0.0,0.0,46.55398930032303,optimal
2021-02-13 16:00:00,9,90,0.0,0.0,0.0,2.9610333333333334,30.0195,6.0,-4,20.296600070666347,,0.0,0.0,0.0,0.0,46.4583579923442,optimal
2021-02-13 16:30:00,9,90,0.0,0.0,0.0,2.227266666666667,26.9325,6.0,-4,20.230513503953294,,0.0,0.0,0.0,0.0,46.36282231567334,optimal
2021-02-13 17:00:00,9,90,0.0,0.0,0.0,4.8073999999999995,14.595,6.0,-4,20.06874994372075,,0.0,0.0,0.0,0.0,46.267382174679156,optimal
2021-02-13 17:30:00,9,90,0.7762924611133584,0.0,0.0,2.7331666666666665,12.4845,6.0,-4,20.0,,1940.731152783396,0.0,0.0,0.0,46.17203747382597,optimal
2021-02-13 18:00:00,9,90,0.7812979598844619,0.0,0.0,2.709233333333333,12.1275,6.0,-4,20.0,,1953.2448997111549,0.0,0.0,0.0,46.07678811767363,optimal
2021-02-13 18:30:00,9,90,1.5101510297456984,0.0,0.0,0.3689333333333333,12.1275,6.0,-4,20.0,,3775.3775743642464,0.0,0.0,0.0,45.98163401087744,optimal
2021-02-13 19:00:00,9,90,0.0,0.0,0.0,0.3408,12.789,6.0,-4,20.186885282381088,,0.0,0.0,0.0,0.0,45.88657505818805,optimal
2021-02-13 19:30:00,9,90,0.7845929759889336,0.0,0.0,3.112033333333333,11.907,6.0,-4,20.0,,1961.482439972334,0.0,0.0,0.0,45.791611164451346,optimal
2021-02-13 20:00:00,9,90,0.6753738173744914,0.0,0.0,2.8775666666666666,11.025,6.0,-4,20.0,,1688.4345434362285,0.0,0.0,0.0,45.69674223460838,optimal
2021-02-13 20:30:00,9,90,0.8917333333333334,0.0,0.0,0.5356000000000001,8.2005,6.0,-4,20.0,,0.0,0.0,2229.3333333333335,0.0,45.601968173695255,optimal
2021-02-13 21:00:00,9,90,0.0,0.0,0.0,1.4759,9.5655,6.0,-4,19.813047760101426,,0.0,0.0,0.0,0.0,45.55636620552156,optimal
2021-02-13 21:30:00,9,90,0.3344,0.0,0.0,1.7958,7.056,6.0,-4,19.65093751067568,,0.0,0.0,836.0,0.0,45.51080983931604,optimal
2021-02-13 22:00:00,9,90,0.0,0.0,0.0,1.1668666666666665,9.3975,6.0,-4,19.488843836698962,,0.0,0.0,0.0,0.0,45.465299029476725,optimal
2021-02-13 22:30:00,9,90,0.0,0.0,0.0,0.20436666666666667,10.059,6.0,-4,19.31446030876611,,0.0,0.0,0.0,0.0,45.41983373044725,optimal
2021-02-13 23:00:00,9,90,0.0,0.0,0.0,0.087,9.261,6.0,-4,19.10045134510108,,0.0,0.0,0.0,0.0,45.3744138967168,optimal
2021-02-13 23:30:00,9,90,0.0,0.0,0.0,0.30526666666666663,8.1585,6.0,-4,18.882932232696064,,0.0,0.0,0.0,0.0,45.329039482820086,optimal
2021-02-07 00:00:00,10,90,0.0,0.0,0.0,0.056,7.7175,6.0,-3,21.0,,0.0,0.0,0.0,0.0,47.952,optimal
2021-02-07 00:30:00,10,90,0.0,0.0,0.0,0.15680000000000002,6.615,6.0,-3,20.771911463049538,,0.0,0.0,0.0,0.0,47.904047999999996,optimal
2021-02-07 01:00:00,10,90,0.0,0.0,0.0,0.11359999999999999,6.174,6.0,-3,20.555013348669316,,0.0,0.0,0.0,0.0,47.856143952,optimal
2021-02-07 01:30:00,10,90,2.8,0.0,0.0,0.14513333333333334,3.906,6.0,-3,20.33577732311546,,7000.0,0.0,0.0,0.0,47.80828780804799,optimal
2021-02-07 02:00:00,10,90,2.8,0.0,0.0,0.2,2.3415,6.0,-3,20.77173427679283,,7000.0,0.0,0.0,0.0,47.76047952023995,optimal
2021-02-07 02:30:00,10,90,2.8,0.0,0.0,0.15953333333333333,2.205,6.0,-3,21.20583179213148,,7000.0,0.0,0.0,0.0,47.712719040719705,optimal
2021-02-07 03:00:00,10,90,2.8,0.0,1.5173209562087209,0.15680000000000002,0.882,6.0,-3,21.628530824240453,,7000.0,0.0,0.0,0.0,48.38573377587813,optimal
2021-02-07 03:30:00,10,90,2.8,0.0,0.0,0.11359999999999999,1.5435,6.0,-3,22.043497430063546,,7000.0,0.0,0.0,0.0,48.33734804210225,optimal
2021-02-07 04:00:00,10,90,2.8,0.0,0.0,0.1883333333333333,1.5435,6.0,-3,22.447800915781425,,7000.0,0.0,0.0,0.0,48.289010694060146,optimal
2021-02-07 04:30:00,10,90,0.6018040148839193,0.0,0.0,0.1712,5.0715,6.0,-3,22.852542174614392,,1504.5100372097982,0.0,0.0,0.0,48.240721683366075,optimal
2021-02-07 05:00:00,10,90,0.0,0.0,0.0,0.06236666666666667,5.376,6.0,-3,22.73972872784431,,0.0,0.0,0.0,0.0,48.192480961682705,optimal
2021-02-07 05:30:00,10,90,2.8,0.0,0.0,0.2971666666666667,5.0715,6.0,-3,22.47875484930972,,7000.0,0.0,0.0,0.0,48.144288480721016,optimal
2021-02-07 06:00:00,10,90,0.0,0.0,0.0,0.056,5.5125,6.0,-3,22.89315675508738,,0.0,0.0,0.0,0.0,48.096144192240295,optimal
2021-02-07 06:30:00,10,90,0.0,0.0,0.0,0.2603333333333333,9.261,6.0,-3,22.62939660897315,,0.0,0.0,0.0,0.0,48.048048048048045,optimal
2021-02-07 07:00:00,10,90,0.0,0.0,0.0,0.6364666666666667,11.7075,6.0,-3,22.397504661130135,,0.0,0.0,0.0,0.0,48.0,optimal
2021-02-07 07:30:00,10,90,0.0,0.0,0.0,0.9187000000000001,12.348,6.0,-3,22.184562173731944,,0.0,0.0,0.0,0.0,47.761379485231316,optimal
2021-02-07 08:00:00,10,90,0.0,0.0,0.0,0.5327000000000001,12.348,6.0,-3,22.0,,0.0,0.0,0.0,0.0,47.522997590977404,optimal
2021-02-07 08:30:00,10,90,0.0,0.0,0.0,0.0747,12.1275,6.0,-3,21.809118873628172,,0.0,0.0,0.0,0.0,47.28485407861775,optimal
2021-02-07 09:00:00,10,90,0.0,0.0,0.0,0.0732,12.5265,6.0,-3,21.56951918321569,,0.0,0.0,0.0,0.0,47.04694870977045,optimal
2021-02-07 09:30:00,10,90,2.8,0.0,0.0,0.24903333333333333,11.7495,6.0,-3,21.335893132553114,,7000.0,0.0,0.0,0.0,46.809281246291995,optimal
2021-02-07 10:00:00,10,90,0.0,0.0,0.0,0.1458,13.23,6.0,-3,21.768315235682934,,0.0,0.0,0.0,0.0,46.57185145027702,optimal
2021-02-07 10:30:00,10,90,0.0,0.0,0.0,0.2379,14.3325,6.0,-3,21.55511590670079,,0.0,0.0,0.0,0.0,46.33465908405807,optimal
2021-02-07 11:00:00,10,90,0.0,0.0,0.0,1.2266333333333335,14.994,6.0,-3,21.32504040860411,,0.0,0.0,0.0,0.0,46.097703910205325,optimal
2021-02-07 11:30:00,10,90,0.0,0.0,0.0,1.6037666666666668,14.8155,6.0,-3,21.173178776272717,,0.0,0.0,0.0,0.0,45.86098569152644,optimal
2021-02-07 12:00:00,10,90,0.0,0.0,0.0,0.855,14.112,6.0,-3,21.019491243168865,,0.0,0.0,0.0,0.0,45.62450419106623,optimal
2021-02-07 12:30:00,10,90,0.0,0.0,0.0,0.26343333333333335,14.007,6.0,-3,20.817596894392025,,0.0,0.0,0.0,0.0,45.38825917210648,optimal
2021-02-07 13:00:00,10,90,1.2020491508533024,0.0,0.0,0.1616,13.23,6.0,-3,20.607855166368864,,3005.122877133256,0.0,0.0,0.0,45.15225039816569,optimal
2021-02-07 13:30:00,10,90,2.8,0.0,0.0,0.44863333333333333,11.382,6.0,-3,20.658334918384856,,7000.0,0.0,0.0,0.0,44.91647763299884,optimal
2021-02-07 14:00:00,10,90,2.8,0.0,0.0,0.1042,11.7495,6.0,-3,21.100547851067972,,7000.0,0.0,0.0,0.0,44.68094064059716,optimal
2021-02-07 14:30:00,10,90,0.0,0.0,0.0,0.174,24.3285,6.0,-3,21.522331550195254,,0.0,0.0,0.0,0.0,44.44563918518788,optimal
2021-02-07 15:00:00,10,90,0.0,0.0,0.0,0.20553333333333332,28.917,6.0,-3,21.2954315250494,,0.0,0.0,0.0,0.0,44.21057303123401,optimal
2021-02-07 15:30:00,10,90,0.0,0.0,0.0,0.0732,31.3635,6.0,-3,21.085644225777347,,0.0,0.0,0.0,0.0,43.975741943434095,optimal
2021-02-07 16:00:00,10,90,0.0,0.0,0.0,0.2363,33.306,6.0,-3,20.87807393002935,,0.0,0.0,0.0,0.0,43.74114568672198,optimal
2021-02-07 16:30:00,10,90,0.0,0.0,0.0,0.13603333333333334,31.3425,6.0,-3,20.670975505819314,,0.0,0.0,0.0,0.0,43.50678402626657,optimal
2021-02-07 17:00:00,10,90,0.0,0.0,0.0,0.1596,28.2555,6.0,-3,20.447045276191545,,0.0,0.0,0.0,0.0,43.27265672747163,optimal
2021-02-07 17:30:00,10,90,0.0,0.0,0.0,0.5501666666666666,15.6975,6.0,-3,20.192802198972863,,0.0,0.0,0.0,0.0,43.03876355597547,optimal
2021-02-07 18:00:00,10,90,0.7863814816109249,0.0,0.0,0.7957666666666666,12.5475,6.0,-3,20.0,,1965.9537040273121,0.0,0.0,0.0,42.80510427765081,optimal
2021-02-07 18:30:00,10,90,1.0615506779301045,0.0,0.0,1.3650666666666667,12.0855,6.0,-3,20.0,,2653.876694825261,0.0,0.0,0.0,42.57167865860448,optimal
2021-02-07 19:00:00,10,90,2.8,0.0,0.0,0.15513333333333332,11.907,6.0,-3,20.105216183795715,,7000.0,0.0,0.0,0.0,42.3384864651772,optimal
2021-02-07 19:30:00,10,90,0.0,0.0,0.0,0.0948,12.5685,6.0,-3,20.503979365534562,,0.0,0.0,0.0,0.0,42.10552746394334,optimal
2021-02-07 20:00:00,10,90,0.0,0.0,0.0,0.27836666666666665,13.146,6.0,-3,20.241591892804454,,0.0,0.0,0.0,0.0,41.87280142171071,optimal
2021-02-07 20:30:00,10,90,0.0,0.0,0.0,0.17113333333333333,10.584,6.0,-3,20.0,,0.0,0.0,0.0,0.0,41.64030810552032,optimal
2021-02-07 21:00:00,10,90,0.0,0.0,0.0,0.2075,6.678,6.0,-3,19.7597624712066,,0.0,0.0,0.0,0.0,41.5986677974148,optimal
2021-02-07 21:30:00,10,90,0.0,0.0,0.0,0.4816333333333333,7.938,6.0,-3,19.550390705100927,,0.0,0.0,0.0,0.0,41.55706912961738,optimal
2021-02-07 22:00:00,10,90,0.0,0.0,0.0,0.2874,5.292,6.0,-3,19.383976913252198,,0.0,0.0,0.0,0.0,41.515512060487765,optimal
2021-02-07 22:30:00,10,90,0.0,0.0,0.0,0.23586666666666667,9.261,6.0,-3,19.190787795427823,,0.0,0.0,0.0,0.0,41.47399654842728,optimal
2021-02-07 23:00:00,10,90,0.0,0.0,0.0,0.07759999999999999,10.3635,6.0,-3,18.979982438912806,,0.0,0.0,0.0,0.0,41.432522551878854,optimal
2021-02-07 23:30:00,10,90,0.0,0.0,0.0,0.2357,8.274,6.0,-3,18.757438687456332,,0.0,0.0,0.0,0.0,41.391090029326975,optimal
2021-02-08 00:00:00,10,90,0.0,0.0,0.0,0.061,10.143,6.0,3,18.757438687456332,,0.0,0.0,0.0,0.0,41.349698939297646,optimal
2021-02-08 00:30:00,10,90,0.0,0.0,0.0,0.15633333333333335,11.2455,6.0,3,18.540578002238405,,0.0,0.0,0.0,0.0,41.308349240358346,optimal
2021-02-08 01:00:00,10,90,0.0,0.0,0.0,0.061,11.025,6.0,3,18.33567037711257,,0.0,0.0,0.0,0.0,41.267040891117986,optimal
2021-02-08 01:30:00,10,90,2.8,0.0,0.0,0.3008,5.9745,6.0,3,18.12484427206837,,0.0,0.0,7000.0,0.0,41.225773850226865,optimal
2021-02-08 02:00:00,10,90,2.8,0.0,0.0,0.061,7.938,6.0,3,17.93858104134712,,0.0,0.0,7000.0,0.0,41.184548076376636,optimal
2021-02-08 02:30:00,10,90,2.8,0.0,0.0,0.11353333333333332,8.6835,6.0,3,17.732005633596835,,2190.0,0.0,4810.0,0.0,41.143363528300256,optimal
2021-02-08 03:00:00,10,90,2.8,0.0,0.0,0.15293333333333334,7.665,6.0,3,17.737286579889183,,7000.0,0.0,0.0,0.0,41.10222016477196,optimal
2021-02-08 03:30:00,10,90,2.8,0.0,0.0,0.16290000000000002,6.7725,6.0,3,18.193400845173112,,7000.0,0.0,0.0,0.0,41.06111794460718,optimal
2021-02-08 04:00:00,10,90,2.8,0.0,0.4716181889326932,0.1989,5.5755,6.0,3,18.64319897886634,,7000.0,0.0,0.0,0.0,41.244075466405604,optimal
2021-02-08 04:30:00,10,90,2.8,0.0,5.0,0.15633333333333335,5.0925,6.0,3,19.089188152454305,,7000.0,0.0,0.0,0.0,43.577831390939195,optimal
2021-02-08 05:00:00,10,90,2.8,0.0,5.0,0.13323333333333331,4.1895,6.0,3,19.523413745988016,,7000.0,0.0,0.0,0.0,45.909253559548254,optimal
2021-02-08 05:30:00,10,90,2.8,0.0,0.0,0.14753333333333332,7.056,6.0,3,19.947851256262357,,7000.0,0.0,0.0,0.0,45.8633443059887,optimal
2021-02-08 06:00:00,10,90,2.8,0.0,5.0,0.14536666666666667,5.271,6.0,3,20.36682814438553,,7000.0,0.0,0.0,0.0,48.192480961682705,optimal
2021-02-08 06:30:00,10,90,2.8,0.0,0.0,0.16923333333333332,7.938,6.0,3,20.778584409186266,,6721.333333333333,0.0,278.6666666666667,0.0,48.144288480721016,optimal
2021-02-08 07:00:00,10,90,2.8,0.0,0.0,0.19183333333333327,7.938,6.0,3,21.163162981286895,,6930.333333333333,0.0,69.66666666666667,0.0,48.096144192240295,optimal
2021-02-08 07:30:00,10,90,0.0,0.0,0.0,0.20346666666666666,11.907,6.0,3,21.572040369570452,,0.0,0.0,0.0,0.0,48.048048048048045,optimal
2021-02-08 08:00:00,10,90,2.8,0.0,0.0,0.13566666666666666,11.025,6.0,3,21.346134063304845,,6164.0,0.0,836.0,0.0,48.0,optimal
2021-02-08 08:30:00,10,90,0.7894799733832267,0.0,0.0,1.1233666666666666,11.2875,6.0,3,21.69535671004797,,1973.6999334580669,0.0,0.0,0.0,47.75251018993951,optimal
2021-02-08 09:00:00,10,90,0.0,0.0,0.0,1.2904666666666667,12.936,6.0,3,21.678316521185142,,0.0,0.0,0.0,0.0,47.50526786968908,optimal
2021-02-08 09:30:00,10,90,0.0,0.0,0.0,0.4326333333333333,13.0095,6.0,3,21.47751118273518,,0.0,0.0,0.0,0.0,47.2582727917589,optimal
2021-02-08 10:00:00,10,90,0.0,0.0,0.0,0.46593333333333325,13.671,6.0,3,21.270360253332345,,0.0,0.0,0.0,0.0,47.01152470890665,optimal
2021-02-08 10:30:00,10,90,0.0,0.0,0.0,0.325,13.188,6.0,3,21.106659812903438,,0.0,0.0,0.0,0.0,46.76502337413725,optimal
2021-02-08 11:00:00,10,90,0.0,0.0,0.0,0.5233333333333333,13.8495,6.0,3,20.91639419313842,,0.0,0.0,0.0,0.0,46.518768540702624,optimal
2021-02-08 11:30:00,10,90,0.0,0.0,0.0,0.5199333333333332,13.23,6.0,3,20.76504953663214,,0.0,0.0,0.0,0.0,46.27275996210143,optimal
2021-02-08 12:00:00,10,90,0.0,0.0,0.0,0.8514666666666667,13.3665,6.0,3,20.61791378154918,,0.0,0.0,0.0,0.0,46.02699739207884,optimal
2021-02-08 12:30:00,10,90,0.0,0.0,0.0,1.2851,13.0515,6.0,3,20.471602669587114,,0.0,0.0,0.0,0.0,45.78148058462627,optimal
2021-02-08 13:00:00,10,90,0.0,0.0,0.0,0.4182666666666667,13.5345,6.0,3,20.346061242631468,,0.0,0.0,0.0,0.0,45.53620929398115,optimal
2021-02-08 13:30:00,10,90,0.0,0.0,0.0,0.40376666666666666,14.154,6.0,3,20.213209537523635,,0.0,0.0,0.0,0.0,45.29118327462668,optimal
2021-02-08 14:00:00,10,90,0.0,0.0,0.0,1.4865333333333333,14.112,6.0,3,20.08461839773919,,0.0,0.0,0.0,0.0,45.04640228129156,optimal
2021-02-08 14:30:00,10,90,0.0,0.0,0.0,1.5077,14.2485,6.0,3,20.02613946576271,,0.0,0.0,0.0,0.0,44.80186606894978,optimal
2021-02-08 15:00:00,10,90,1.3032540635720675,0.0,0.0,0.3538,12.789,6.0,3,20.0,,3258.135158930169,0.0,0.0,0.0,44.557574392820335,optimal
2021-02-08 15:30:00,10,90,0.0,0.0,0.0,0.27296666666666664,13.0095,6.0,3,20.160583230973753,,0.0,0.0,0.0,0.0,44.313527008367025,optimal
2021-02-08 16:00:00,10,90,2.8,0.0,0.0,0.3338666666666667,12.1275,6.0,3,20.0,,7000.0,0.0,0.0,0.0,44.06972367129816,optimal
2021-02-08 16:30:00,10,90,1.9595019484032465,0.0,0.0,0.6135,12.348,6.0,3,20.479617486992087,,4898.754871008116,0.0,0.0,0.0,43.82616413756637,optimal
2021-02-08 17:00:00,10,90,2.8,0.0,0.0,0.447,12.348,6.0,3,20.776599443181723,,7000.0,0.0,0.0,0.0,43.58284816336832,optimal
2021-02-08 17:30:00,10,90,0.0,0.0,0.0,0.3313333333333333,25.389,6.0,3,21.216398025302958,,0.0,0.0,0.0,0.0,43.33977550514446,optimal
2021-02-08 18:00:00,10,90,0.0,0.0,0.0,0.565,29.1375,6.0,3,20.992055250057483,,0.0,0.0,0.0,0.0,43.09694591957882,optimal
2021-02-08 18:30:00,10,90,0.0,0.0,0.0,0.3095333333333334,30.597,6.0,3,20.774823778837018,,0.0,0.0,0.0,0.0,42.85435916359875,optimal
2021-02-08 19:00:00,10,90,0.0,0.0,0.0,0.42036666666666667,33.684,6.0,3,20.556803767259282,,0.0,0.0,0.0,0.0,42.61201499437466,optimal
2021-02-08 19:30:00,10,90,0.0,0.0,0.0,0.30346666666666666,32.445,6.0,3,20.355049125646275,,0.0,0.0,0.0,0.0,42.369913169319794,optimal
2021-02-08 20:00:00,10,90,0.0,0.0,0.0,0.4333,28.917,6.0,3,20.16860077285703,,0.0,0.0,0.0,0.0,42.128053446089986,optimal
2021-02-08 20:30:00,10,90,0.0,0.0,0.0,0.582,15.876,6.0,3,20.0,,0.0,0.0,0.0,0.0,41.8864355825834,optimal
2021-02-08 21:00:00,10,90,0.0,0.0,0.0,0.29819999999999997,12.348,6.0,3,19.81966546922069,,0.0,0.0,0.0,0.0,41.64505933694033,optimal
2021-02-08 21:30:00,10,90,0.0,0.0,0.0,0.3348,12.1275,6.0,3,19.60735686284052,,0.0,0.0,0.0,0.0,41.40392446754289,optimal
2021-02-08 22:00:00,10,90,0.0,0.0,0.0,0.45613333333333334,12.348,6.0,3,19.409540342969272,,0.0,0.0,0.0,0.0,41.16303073301486,optimal
2021-02-08 22:30:00,10,90,0.0,0.0,0.0,0.9199666666666668,12.1275,6.0,3,19.236115184000848,,0.0,0.0,0.0,0.0,40.92237789222135,optimal
2021-02-08 23:00:00,10,90,0.0,0.0,0.0,0.4321666666666667,12.1275,6.0,3,19.119825787979423,,0.0,0.0,0.0,0.0,40.881455514329126,optimal
2021-02-08 23:30:00,10,90,0.0,0.0,0.0,0.294,11.2665,6.0,3,18.961298059815018,,0.0,0.0,0.0,0.0,40.840574058814795,optimal
2021-02-09 00:00:00,10,90,0.0,0.0,0.0,0.049,11.6865,6.0,3,18.961298059815018,,0.0,0.0,0.0,0.0,40.79973348475598,optimal
2021-02-09 00:30:00,10,90,0.0,0.0,0.0,0.0928,11.466,6.0,3,18.727418145725313,,0.0,0.0,0.0,0.0,40.75893375127123,optimal
2021-02-09 01:00:00,10,90,2.8,0.0,1.76268138432466,0.1623666666666667,10.8045,6.0,3,18.501666098982156,,939.0,0.0,6061.0,0.0,41.555448475074165,optimal
2021-02-09 01:30:00,10,90,2.8,0.0,5.0,0.0793,10.584,6.0,3,18.373489629376945,,7000.0,0.0,0.0,0.0,43.888893026599085,optimal
2021-02-09 02:00:00,10,90,0.0,0.0,0.0,0.06846666666666666,11.2455,6.0,3,18.800677051932052,,0.0,0.0,0.0,0.0,43.84500413357248,optimal
2021-02-09 02:30:00,10,90,0.0,0.0,0.0,0.08793333333333334,12.1275,6.0,3,18.569471677353526,,0.0,0.0,0.0,0.0,43.8011591294389,optimal
2021-02-09 03:00:00,10,90,0.0,0.0,0.0,0.1732,11.823,6.0,3,18.34409692114097,,0.0,0.0,0.0,0.0,43.75735797030946,optimal
2021-02-09 03:30:00,10,90,0.0,0.0,0.0,0.09036666666666666,11.7705,6.0,3,18.13057789530295,,0.0,0.0,0.0,0.0,43.71360061233915,optimal
2021-02-09 04:00:00,10,90,2.8,0.0,0.0,0.05143333333333333,11.13,6.0,3,17.913854816710288,,7000.0,0.0,0.0,0.0,43.6698870117268,optimal
2021-02-09 04:30:00,10,90,2.8,0.0,0.0,0.049,11.6865,6.0,3,18.34789316900675,,7000.0,0.0,0.0,0.0,43.626217124715076,optimal
2021-02-09 05:00:00,10,90,2.8,0.0,5.0,0.09876666666666668,10.7205,6.0,3,18.77406470466196,,7000.0,0.0,0.0,0.0,45.95759090759036,optimal
2021-02-09 05:30:00,10,90,2.8,0.0,0.0,0.1623666666666667,11.424,6.0,3,19.1973279615353,,7000.0,0.0,0.0,0.0,45.91163331668277,optimal
2021-02-09 06:00:00,10,90,2.8,0.0,5.0,0.049,10.689,6.0,3,19.620439547460204,,7000.0,0.0,0.0,0.0,48.240721683366075,optimal
2021-02-09 06:30:00,10,90,2.8,0.0,0.0,0.21913333333333332,11.361,6.0,3,20.02697295251194,,7000.0,0.0,0.0,0.0,48.192480961682705,optimal
2021-02-09 07:00:00,10,90,2.8,0.0,0.0,0.054299999999999994,11.571,6.0,3,20.442118829181634,,7000.0,0.0,0.0,0.0,48.144288480721016,optimal
2021-02-09 07:30:00,10,90,0.0,0.0,0.0,0.2548333333333333,14.3745,6.0,3,20.856773724079247,,0.0,0.0,0.0,0.0,48.096144192240295,optimal
2021-02-09 08:00:00,10,90,0.41162360992368424,0.0,0.0,1.4168,13.23,6.0,3,20.6577758792538,,1029.0590248092105,0.0,0.0,0.0,48.048048048048045,optimal
2021-02-09 08:30:00,10,90,0.0,0.0,0.0,3.950633333333333,13.9755,6.0,3,20.585816611701024,,0.0,0.0,0.0,0.0,48.0,optimal
2021-02-09 09:00:00,10,90,0.0,0.0,0.0,1.3906666666666667,14.994,6.0,3,20.53225563076129,,0.0,0.0,0.0,0.0,47.60107192372649,optimal
2021-02-09 09:30:00,10,90,2.8,0.0,0.0,0.6010666666666667,13.671,6.0,3,20.456219314211694,,7000.0,0.0,0.0,0.0,47.202542775529245,optimal
2021-02-09 10:00:00,10,90,0.0,0.0,0.0,0.31943333333333335,15.981,6.0,3,20.97621344473657,,0.0,0.0,0.0,0.0,46.804412156480204,optimal
2021-02-09 10:30:00,10,90,0.0,0.0,0.0,0.0968,15.6345,6.0,3,20.750689741558915,,0.0,0.0,0.0,0.0,46.40667966805021,optimal
2021-02-09 11:00:00,10,90,0.0,0.0,0.0,0.1664,16.5375,6.0,3,20.519708727812965,,0.0,0.0,0.0,0.0,46.009344912108645,optimal
2021-02-09 11:30:00,10,90,0.0,0.0,0.0,0.11473333333333333,14.7735,6.0,3,20.332250729920567,,0.0,0.0,0.0,0.0,45.612407490923026,optimal
2021-02-09 12:00:00,10,90,0.0,0.0,0.0,0.2616,15.2145,6.0,3,20.1433937665492,,0.0,0.0,0.0,0.0,45.21586700715859,optimal
2021-02-09 12:30:00,10,90,0.0,0.0,0.0,3.5974,14.553,6.0,3,20.0,,0.0,0.0,0.0,0.0,44.81972306387792,optimal
2021-02-09 13:00:00,10,90,0.938366939498128,0.0,0.0,1.4487333333333332,14.3325,6.0,3,20.001308333555365,,2345.91734874532,0.0,0.0,0.0,44.42397526454053,optimal
2021-02-09 13:30:00,10,90,0.0,0.0,0.0,1.6867333333333332,14.595,6.0,3,20.131278743526654,,0.0,0.0,0.0,0.0,44.028623213002476,optimal
2021-02-09 14:00:00,10,90,0.0,0.0,0.0,1.4349333333333334,14.994,6.0,3,20.056168423979436,,0.0,0.0,0.0,0.0,43.63366651351596,optimal
2021-02-09 14:30:00,10,90,0.31311536065724443,0.0,0.0,2.6549,14.3325,6.0,3,20.0,,782.7884016431111,0.0,0.0,0.0,43.239104770728936,optimal
2021-02-09 15:00:00,10,90,0.3295178305701885,0.0,0.0,2.4914333333333336,13.8915,6.0,3,20.0,,823.7945764254713,0.0,0.0,0.0,42.8449375896847,optimal
2021-02-09 15:30:00,10,90,0.11199116390351899,0.0,0.0,1.2838,13.8915,6.0,3,20.0,,279.97790975879747,0.0,0.0,0.0,42.4511645758215,optimal
2021-02-09 16:00:00,10,90,1.6998177406846557,0.0,0.0,6.094566666666666,13.4715,6.0,3,20.0,,4249.544351711639,0.0,0.0,0.0,42.057785334972166,optimal
2021-02-09 16:30:00,10,90,2.8,0.0,0.0,0.4448666666666667,13.23,6.0,3,20.445614127650867,,7000.0,0.0,0.0,0.0,41.66479947336368,optimal
2021-02-09 17:00:00,10,90,0.0,0.0,0.0,1.4078666666666666,13.8915,6.0,3,20.995877464762014,,0.0,0.0,0.0,0.0,41.2722065976168,optimal
2021-02-09 17:30:00,10,90,0.0,0.0,0.0,2.7431666666666663,26.9325,6.0,3,20.856810580810905,,0.0,0.0,0.0,0.0,40.88000631474567,optimal
2021-02-09 18:00:00,10,90,0.0,0.0,0.0,2.1465,30.303,6.0,3,20.74340490158264,,0.0,0.0,0.0,0.0,40.488198232157416,optimal
2021-02-09 18:30:00,10,90,0.0,0.0,0.0,0.3183,32.886,6.0,3,20.59551364248674,,0.0,0.0,0.0,0.0,40.09678195765175,optimal
2021-02-09 19:00:00,10,90,0.0,0.0,0.0,0.4930333333333334,34.9965,6.0,3,20.444900390838477,,0.0,0.0,0.0,0.0,40.0566851756941,optimal
2021-02-09 19:30:00,10,90,0.0,0.0,0.0,2.242766666666667,33.327,6.0,3,20.30612408717063,,0.0,0.0,0.0,0.0,40.01662849051841,optimal
2021-02-09 20:00:00,10,90,0.0,0.0,0.0,0.42926666666666663,31.122,6.0,3,20.163487246159782,,0.0,0.0,0.0,0.0,39.97661186202789,optimal
2021-02-09 20:30:00,10,90,0.0,0.0,0.0,2.842633333333333,17.9025,6.0,3,20.0,,0.0,0.0,0.0,0.0,39.93663525016586,optimal
2021-02-09 21:00:00,10,90,0.0,0.0,0.0,0.2248666666666667,15.6555,6.0,3,19.896708568727203,,0.0,0.0,0.0,0.0,39.89669861491569,optimal
2021-02-09 21:30:00,10,90,0.0,0.0,0.0,1.2946,14.553,6.0,3,19.72813941712156,,0.0,0.0,0.0,0.0,39.856801916300775,optimal
2021-02-09 22:00:00,10,90,0.0,0.0,0.0,1.9197666666666668,14.3325,6.0,3,19.612284312082213,,0.0,0.0,0.0,0.0,39.816945114384474,optimal
2021-02-09 22:30:00,10,90,0.0,0.0,0.0,0.45066666666666666,13.335,6.0,3,19.507980172194916,,0.0,0.0,0.0,0.0,39.77712816927009,optimal
2021-02-09 23:00:00,10,90,0.0,0.0,0.0,2.272833333333333,12.1275,6.0,3,19.373135043183783,,0.0,0.0,0.0,0.0,39.73735104110082,optimal
2021-02-09 23:30:00,10,90,0.0,0.0,0.0,1.0415999999999999,12.2955,6.0,3,19.256495316698803,,0.0,0.0,0.0,0.0,39.69761369005972,optimal
2021-02-10 00:00:00,10,90,0.05573333333333333,0.0,0.0,0.19686666666666666,12.789,6.0,3,19.256495316698803,,0.0,0.0,139.33333333333331,0.0,39.65791607636966,optimal
2021-02-10 00:30:00,10,90,0.0,0.0,0.0,0.3852,11.907,6.0,3,19.048025519096143,,0.0,0.0,0.0,0.0,39.61825816029329,optimal
2021-02-10 01:00:00,10,90,0.0,0.0,0.0,0.45613333333333334,11.7075,6.0,3,18.87869653117902,,0.0,0.0,0.0,0.0,39.57863990213299,optimal
2021-02-10 01:30:00,10,90,2.8,0.0,4.0148819191324945,0.2059,10.8045,6.0,3,18.717232365063015,,0.0,0.0,7000.0,0.0,41.44613017381879,optimal
2021-02-10 02:00:00,10,90,0.126,0.0,0.0,0.30596666666666666,11.508,6.0,3,18.526485562589414,,0.0,0.0,315.0,0.0,41.40468404364497,optimal
2021-02-10 02:30:00,10,90,2.8,0.0,0.0,0.373,11.508,6.0,3,18.352636503016818,,7000.0,0.0,0.0,0.0,41.363279359601314,optimal
2021-02-10 03:00:00,10,90,2.8,0.0,0.0,0.1444,11.508,6.0,3,18.840482977052094,,7000.0,0.0,0.0,0.0,41.321916080241714,optimal
2021-02-10 03:30:00,10,90,0.31386452862855224,0.0,0.0,0.07026666666666667,11.844,6.0,3,19.258447614184316,,784.6613215713807,0.0,0.0,0.0,41.28059416416147,optimal
2021-02-10 04:00:00,10,90,2.8,0.0,0.0,0.061,11.508,6.0,3,19.086549687609224,,7000.0,0.0,0.0,0.0,41.2393135699973,optimal
2021-02-10 04:30:00,10,90,2.8,0.0,0.0,0.15366666666666665,11.508,6.0,3,19.493251220052542,,7000.0,0.0,0.0,0.0,41.198074256427304,optimal
2021-02-10 05:00:00,10,90,2.8,0.0,5.0,0.061,10.4475,6.0,3,19.901305663320798,,7000.0,0.0,0.0,0.0,43.531876182170876,optimal
2021-02-10 05:30:00,10,90,2.8,0.0,5.0,0.061,10.8675,6.0,3,20.293488261690545,,7000.0,0.0,0.0,0.0,45.8633443059887,optimal
2021-02-10 06:00:00,10,90,2.8,0.0,5.0,0.06933333333333333,10.542,6.0,3,20.678628805744847,,7000.0,0.0,0.0,0.0,48.192480961682705,optimal
2021-02-10 06:30:00,10,90,2.8,0.0,0.0,0.16366666666666665,11.025,6.0,3,21.056828051847585,,7000.0,0.0,0.0,0.0,48.144288480721016,optimal
2021-02-10 07:00:00,10,90,2.8,0.0,0.0,0.071,11.025,6.0,3,21.44108035654729,,7000.0,0.0,0.0,0.0,48.096144192240295,optimal
2021-02-10 07:30:00,10,90,0.0,0.0,0.0,0.276,14.553,6.0,3,21.81409371530675,,0.0,0.0,0.0,0.0,48.048048048048045,optimal
2021-02-10 08:00:00,10,90,2.8,0.0,0.0,1.2912000000000001,13.0935,6.0,3,21.555254725725376,,7000.0,0.0,0.0,0.0,48.0,optimal
2021-02-10 08:30:00,10,90,0.0,0.0,0.0,0.411,15.6345,6.0,3,22.0,,0.0,0.0,0.0,0.0,47.63018054936433,optimal
2021-02-10 09:00:00,10,90,0.0,0.0,0.0,0.3781666666666667,18.102,6.0,3,21.78288450095111,,0.0,0.0,0.0,0.0,47.260730918179306,optimal
2021-02-10 09:30:00,10,90,0.0,0.0,0.0,0.3535,17.199,6.0,3,21.576036023791264,,0.0,0.0,0.0,0.0,46.89165073662546,optimal
2021-02-10 10:00:00,10,90,0.0,0.0,0.0,0.33276666666666666,18.2805,6.0,3,21.370521637288586,,0.0,0.0,0.0,0.0,46.52293963525317,optimal
2021-02-10 10:30:00,10,90,0.0,0.0,0.0,0.6738333333333334,17.4615,6.0,3,21.18180055127854,,0.0,0.0,0.0,0.0,46.15459724498225,optimal
2021-02-10 11:00:00,10,90,0.0,0.0,0.0,0.5226000000000001,18.3225,6.0,3,21.032698674785713,,0.0,0.0,0.0,0.0,45.7866231971016,optimal
2021-02-10 11:30:00,10,90,0.0,0.0,0.0,0.4296666666666667,17.094,6.0,3,20.898553098567582,,0.0,0.0,0.0,0.0,45.41901712326883,optimal
2021-02-10 12:00:00,10,90,0.0,0.0,0.0,1.9335,17.094,6.0,3,20.767701931461257,,0.0,0.0,0.0,0.0,45.0517786555099,optimal
2021-02-10 12:30:00,10,90,0.0,0.0,0.0,1.7775333333333334,17.094,6.0,3,20.74104095946904,,0.0,0.0,0.0,0.0,44.68490742621872,optimal
2021-02-10 13:00:00,10,90,0.0,0.0,0.0,2.0892,17.3565,6.0,3,20.699502487092907,,0.0,0.0,0.0,0.0,44.31840306815684,optimal
2021-02-10 13:30:00,10,90,0.0,0.0,0.0,0.38546666666666657,17.115,6.0,3,20.612705875840756,,0.0,0.0,0.0,0.0,43.95226521445302,optimal
2021-02-10 14:00:00,10,90,0.0,0.0,0.0,0.17543333333333333,17.241,6.0,3,20.468532484054883,,0.0,0.0,0.0,0.0,43.586493498602906,optimal
2021-02-10 14:30:00,10,90,0.0,0.0,0.0,0.1784,17.094,6.0,3,20.29334613146908,,0.0,0.0,0.0,0.0,43.22108755446864,optimal
2021-02-10 15:00:00,10,90,2.8,0.0,0.0,0.38303333333333334,16.5165,6.0,3,20.118312637886863,,7000.0,0.0,0.0,0.0,42.8560470162785,optimal
2021-02-10 15:30:00,10,90,0.0,0.0,0.0,0.3724333333333333,17.8185,6.0,3,20.610952888649486,,0.0,0.0,0.0,0.0,42.49137151862656,optimal
2021-02-10 16:00:00,10,90,2.8,0.0,0.0,0.40023333333333333,17.094,6.0,3,20.48885070810166,,7000.0,0.0,0.0,0.0,42.12706069647226,optimal
2021-02-10 16:30:00,10,90,2.8,0.0,0.0,0.08953333333333333,16.8945,6.0,3,20.980134112707916,,7000.0,0.0,0.0,0.0,41.763114185140125,optimal
2021-02-10 17:00:00,10,90,1.132186997589863,0.0,0.0,0.2348,18.123,6.0,3,21.38679159055023,,2830.4674939746574,0.0,0.0,0.0,41.39953162031932,optimal
2021-02-10 17:30:00,10,90,0.0,0.0,0.0,0.08953333333333333,31.647,6.0,3,21.38611315030634,,0.0,0.0,0.0,0.0,41.036312638063336,optimal
2021-02-10 18:00:00,10,90,0.0,0.0,0.0,0.29786666666666667,34.9965,6.0,3,21.103641516641737,,0.0,0.0,0.0,0.0,40.67345687478961,optimal
2021-02-10 18:30:00,10,90,0.0,0.0,0.0,0.2214,34.9965,6.0,3,20.86167779956293,,0.0,0.0,0.0,0.0,40.632783417914816,optimal
2021-02-10 19:00:00,10,90,0.0,0.0,0.0,0.33866666666666667,34.9965,6.0,3,20.647494298148224,,0.0,0.0,0.0,0.0,40.5921506344969,optimal
2021-02-10 19:30:00,10,90,0.0,0.0,0.0,0.24366666666666664,34.9965,6.0,3,20.427446271873812,,0.0,0.0,0.0,0.0,40.55155848386241,optimal
2021-02-10 20:00:00,10,90,0.0,0.0,0.0,0.29496666666666665,34.9965,6.0,3,20.205388410970937,,0.0,0.0,0.0,0.0,40.511006925378545,optimal
2021-02-10 20:30:00,10,90,0.0,0.0,0.0,0.15156666666666666,27.741,6.0,3,20.0,,0.0,0.0,0.0,0.0,40.47049591845317,optimal
2021-02-10 21:00:00,10,90,0.0,0.0,0.0,0.28553333333333336,19.026,6.0,3,19.785880340307706,,0.0,0.0,0.0,0.0,40.43002542253471,optimal
2021-02-10 21:30:00,10,90,0.0,0.0,0.0,0.2365,18.7215,6.0,3,19.59562181042151,,0.0,0.0,0.0,0.0,40.389595397112174,optimal
2021-02-10 22:00:00,10,90,0.0,0.0,0.0,0.26326666666666665,17.4195,6.0,3,19.379339868426857,,0.0,0.0,0.0,0.0,40.349205801715065,optimal
2021-02-10 22:30:00,10,90,0.0,0.0,0.0,0.3991,16.758,6.0,3,19.139962906129192,,0.0,0.0,0.0,0.0,40.30885659591335,optimal
2021-02-10 23:00:00,10,90,0.0,0.0,0.0,0.27726666666666666,14.217,6.0,3,18.911753618321054,,0.0,0.0,0.0,0.0,40.268547739317434,optimal
2021-02-10 23:30:00,10,90,0.0,0.0,0.0,0.39813333333333334,13.3665,6.0,3,18.672219241418162,,0.0,0.0,0.0,0.0,40.22827919157812,optimal
2021-02-11 00:00:00,10,90,2.8,0.0,0.0,0.258,11.025,6.0,0,18.672219241418162,,7000.0,0.0,0.0,0.0,40.18805091238654,optimal
2021-02-11 00:30:00,10,90,2.8,0.0,0.0,0.1438,12.0855,6.0,0,19.042056896259595,,0.0,0.0,7000.0,0.0,40.14786286147415,optimal
2021-02-11 01:00:00,10,90,2.8,0.0,0.0,0.16233333333333333,11.6865,6.0,0,18.757892504751613,,0.0,0.0,7000.0,0.0,40.10771499861268,optimal
2021-02-11 01:30:00,10,90,2.8,0.0,0.0,0.2452,11.2245,6.0,0,18.48400875478293,,1145.0,0.0,5855.0,0.0,40.067607283614066,optimal
2021-02-11 02:00:00,10,90,2.8,0.0,0.0,0.16633333333333333,11.025,6.0,0,18.333865666043035,,7000.0,0.0,0.0,0.0,40.027539676330456,optimal
2021-02-11 02:30:00,10,90,2.8,0.0,5.0,0.21396666666666667,10.7835,6.0,0,18.708234122149772,,7000.0,0.0,0.0,0.0,42.362512136654125,optimal
2021-02-11 03:00:00,10,90,2.8,0.0,0.0,0.117,11.025,6.0,0,19.075094387674916,,7000.0,0.0,0.0,0.0,42.32014962451747,optimal
2021-02-11 03:30:00,10,90,2.8,0.0,5.0,0.0932,10.584,6.0,0,19.42542821925591,,7000.0,0.0,0.0,0.0,44.652829474892954,optimal
2021-02-11 04:00:00,10,90,2.8,0.0,2.947746848595135,0.1,11.025,6.0,0,19.772117023355104,,7000.0,0.0,0.0,0.0,46.00835639850075,optimal
2021-02-11 04:30:00,10,90,2.8,0.0,5.0,0.0762,10.4265,6.0,0,20.11805369978321,,7000.0,0.0,0.0,0.0,48.33734804210225,optimal
2021-02-11 05:00:00,10,90,2.8,0.0,0.0,0.117,12.789,6.0,0,20.456831310282872,,7000.0,0.0,0.0,0.0,48.289010694060146,optimal
2021-02-11 05:30:00,10,90,2.8,0.0,0.0,0.30939999999999995,12.684,6.0,0,20.794549418915697,,7000.0,0.0,0.0,0.0,48.240721683366075,optimal
2021-02-11 06:00:00,10,90,2.8,0.0,0.0,0.22490000000000002,16.254,6.0,0,21.159921256590412,,7000.0,0.0,0.0,0.0,48.192480961682705,optimal
2021-02-11 06:30:00,10,90,0.3771409894734412,0.0,0.0,1.5333333333333332,17.64,6.0,0,21.515550268712584,,942.852473683603,0.0,0.0,0.0,48.144288480721016,optimal
2021-02-11 07:00:00,10,90,0.0,0.0,0.0,2.0428666666666664,19.1625,6.0,0,21.422419735448422,,0.0,0.0,0.0,0.0,48.096144192240295,optimal
2021-02-11 07:30:00,10,90,0.0,0.0,0.0,1.0475,26.46,6.0,0,21.21500894846698,,0.0,0.0,0.0,0.0,48.048048048048045,optimal
2021-02-11 08:00:00,10,90,0.0,0.0,0.0,0.5196000000000001,20.79,6.0,0,20.98453665337223,,0.0,0.0,0.0,0.0,48.0,optimal
2021-02-11 08:30:00,10,90,0.0,0.0,0.0,0.2778333333333333,29.106,6.0,0,20.79233405385266,,0.0,0.0,0.0,0.0,47.72560188938079,optimal
2021-02-11 09:00:00,10,90,0.0,0.0,0.0,0.136,19.1835,6.0,0,20.555510457763432,,0.0,0.0,0.0,0.0,47.4514781768722,optimal
2021-02-11 09:30:00,10,90,0.0,0.0,0.0,0.0932,19.6665,6.0,0,20.277017750511213,,0.0,0.0,0.0,0.0,47.17762858807612,optimal
2021-02-11 10:00:00,10,90,0.8036884155641558,0.0,0.0,0.2332,19.404,6.0,0,20.0,,2009.2210389103893,0.0,0.0,0.0,46.90405284886884,optimal
2021-02-11 10:30:00,10,90,0.8468774638775644,0.0,0.0,0.21769999999999998,19.047,6.0,0,20.0,,2117.193659693911,0.0,0.0,0.0,46.63075068540076,optimal
2021-02-11 11:00:00,10,90,1.2442762337570306,0.0,0.0,1.6735666666666666,18.858,6.0,0,20.0,,3110.690584392576,0.0,0.0,0.0,46.35772182409615,optimal
2021-02-11 11:30:00,10,90,0.0,0.0,0.0,0.2069333333333333,19.2675,6.0,0,20.169130913763425,,0.0,0.0,0.0,0.0,46.08496599165285,optimal
2021-02-11 12:00:00,10,90,0.6050036091203276,0.0,0.0,0.1856,18.963,6.0,0,20.0,,1512.5090228008191,0.0,0.0,0.0,45.81248291504199,optimal
2021-02-11 12:30:00,10,90,1.2784375407494104,0.0,0.0,0.1156,18.438,6.0,0,20.0,,3196.093851873526,0.0,0.0,0.0,45.54027232150774,optimal
2021-02-11 13:00:00,10,90,0.0,0.0,0.0,0.08979999999999999,18.7425,6.0,0,20.154548126855932,,0.0,0.0,0.0,0.0,45.268333938567025,optimal
2021-02-11 13:30:00,10,90,2.8,0.0,0.0,0.1034,15.2145,6.0,0,20.0,,7000.0,0.0,0.0,0.0,44.99666749400925,optimal
2021-02-11 14:00:00,10,90,0.0,0.0,0.0,0.1462,17.7765,6.0,0,20.500200642652,,0.0,0.0,0.0,0.0,44.72527271589603,optimal
2021-02-11 14:30:00,10,90,1.949509066789034,0.0,0.0,0.191,16.758,6.0,0,20.35599166688539,,4873.772666972585,0.0,0.0,0.0,44.45414933256093,optimal
2021-02-11 15:00:00,10,90,2.8,0.0,0.0,0.21480000000000002,16.422,6.0,0,20.67455121508918,,7000.0,0.0,0.0,0.0,44.183297072609165,optimal
2021-02-11 15:30:00,10,90,2.8,0.0,0.0,0.2028,16.758,6.0,0,21.1640077079971,,7000.0,0.0,0.0,0.0,43.91271566491735,optimal
2021-02-11 16:00:00,10,90,0.0,0.0,0.0,0.186,29.358,6.0,0,21.62571819987474,,0.0,0.0,0.0,0.0,43.642404838633226,optimal
2021-02-11 16:30:00,10,90,0.0,0.0,0.0,0.1034,34.9965,6.0,0,21.389627872491747,,0.0,0.0,0.0,0.0,43.37236432317538,optimal
2021-02-11 17:00:00,10,90,0.0,0.0,0.0,0.1574,34.65,6.0,0,21.116593366458282,,0.0,0.0,0.0,0.0,43.102593848233,optimal
2021-02-11 17:30:00,10,90,0.0,0.0,0.0,0.19733333333333328,34.9965,6.0,0,20.87692136110378,,0.0,0.0,0.0,0.0,42.83309314376556,optimal
2021-02-11 18:00:00,10,90,0.0,0.0,0.0,1.5611333333333335,34.9965,6.0,0,20.62272540296628,,0.0,0.0,0.0,0.0,42.56386194000259,optimal
2021-02-11 18:30:00,10,90,0.0,0.0,0.0,2.9114,30.4815,6.0,0,20.372854993319667,,0.0,0.0,0.0,0.0,42.521298078062586,optimal
2021-02-11 19:00:00,10,90,0.0,0.0,0.0,0.4661,21.4305,6.0,0,20.222939662712548,,0.0,0.0,0.0,0.0,42.47877677998452,optimal
2021-02-11 19:30:00,10,90,0.9494072521950943,0.0,0.0,1.6640666666666666,14.3325,6.0,0,20.0,,2373.5181304877356,0.0,0.0,0.0,42.436298003204534,optimal
2021-02-11 20:00:00,10,90,1.2450873166129575,0.0,0.0,0.6339,13.692,6.0,0,20.0,,2485.718291532394,0.0,627.0,0.0,42.39386170520133,optimal
2021-02-11 20:30:00,10,90,0.0,0.0,0.0,0.5493333333333333,14.007,6.0,0,20.0,,0.0,0.0,0.0,0.0,42.35146784349613,optimal
2021-02-11 21:00:00,10,90,0.0,0.0,0.0,0.4389333333333333,12.873,6.0,0,19.774632841798386,,0.0,0.0,0.0,0.0,42.309116375652636,optimal
2021-02-11 21:30:00,10,90,0.05573333333333333,0.0,0.0,0.5991000000000001,12.684,6.0,0,19.5584816429662,,0.0,0.0,139.33333333333331,0.0,42.26680725927698,optimal
2021-02-11 22:00:00,10,90,0.0,0.0,0.0,0.18159999999999998,12.306,6.0,0,19.34784073374392,,0.0,0.0,0.0,0.0,42.224540452017706,optimal
2021-02-11 22:30:00,10,90,0.0,0.0,0.0,0.09659999999999999,10.6365,6.0,0,19.053240563987284,,0.0,0.0,0.0,0.0,42.18231591156569,optimal
2021-02-11 23:00:00,10,90,0.0,0.0,0.0,0.066,11.2455,6.0,0,18.727039225948094,,0.0,0.0,0.0,0.0,42.14013359565412,optimal
2021-02-11 23:30:00,10,90,0.0,0.0,0.0,0.08506666666666667,11.2455,6.0,0,18.394079681657416,,0.0,0.0,0.0,0.0,42.09799346205847,optimal
2021-02-12 00:00:00,10,90,2.8,0.0,0.0,0.18080000000000002,11.025,6.0,-2,18.394079681657416,,7000.0,0.0,0.0,0.0,42.05589546859641,optimal
2021-02-12 00:30:00,10,90,2.8,0.0,0.0,0.21380000000000002,10.3635,6.0,-2,18.746734822927912,,1287.333333333333,0.0,5712.666666666667,0.0,42.01383957312782,optimal
2021-02-12 01:00:00,10,90,2.8,0.0,0.0,0.061,10.8045,6.0,-2,18.56165767658467,,7000.0,0.0,0.0,0.0,41.97182573355469,optimal
2021-02-12 01:30:00,10,90,2.8,0.0,3.56126091781442,0.09733333333333331,10.059,6.0,-2,18.886527897684726,,7000.0,0.0,0.0,0.0,43.621452843782976,optimal
2021-02-12 02:00:00,10,90,2.8,0.0,0.0,0.19926666666666668,10.584,6.0,-2,19.20220834119747,,7000.0,0.0,0.0,0.0,43.577831390939195,optimal
2021-02-12 02:30:00,10,90,2.8,0.0,5.0,0.057,9.4185,6.0,-2,19.524265839442748,,7000.0,0.0,0.0,0.0,45.909253559548254,optimal
2021-02-12 03:00:00,10,90,2.8,0.0,0.0,0.057,10.3635,6.0,-2,19.832800433706762,,7000.0,0.0,0.0,0.0,45.8633443059887,optimal
2021-02-12 03:30:00,10,90,2.8,0.0,5.0,0.1956,9.8385,6.0,-2,20.141212916631275,,7000.0,0.0,0.0,0.0,48.192480961682705,optimal
2021-02-12 04:00:00,10,90,2.8,0.0,0.0,0.101,11.067,6.0,-2,20.46809507366932,,7000.0,0.0,0.0,0.0,48.144288480721016,optimal
2021-02-12 04:30:00,10,90,2.8,0.0,0.0,0.057,10.8465,6.0,-2,20.79153354927184,,7000.0,0.0,0.0,0.0,48.096144192240295,optimal
2021-02-12 05:00:00,10,90,0.0,0.0,0.0,0.13803333333333334,13.671,6.0,-2,21.116275060112482,,0.0,0.0,0.0,0.0,48.048048048048045,optimal
2021-02-12 05:30:00,10,90,2.8,0.0,0.0,0.16383333333333333,12.348,6.0,-2,20.806880219862677,,7000.0,0.0,0.0,0.0,48.0,optimal
2021-02-12 06:00:00,10,90,0.0,0.0,0.0,0.2946333333333333,14.3325,6.0,-2,21.174497488591342,,0.0,0.0,0.0,0.0,47.833047149954254,optimal
2021-02-12 06:30:00,10,90,0.0,0.0,0.0,0.2911666666666667,15.393,6.0,-2,20.920189663725655,,0.0,0.0,0.0,0.0,47.66626125275855,optimal
2021-02-12 07:00:00,10,90,0.577995355205516,0.0,0.0,0.3952,13.587,6.0,-2,20.680315152650437,,1444.9883880137902,0.0,0.0,0.0,47.49964214146005,optimal
2021-02-12 07:30:00,10,90,0.0,0.0,0.0,0.2723333333333333,16.1385,6.0,-2,20.596796575958567,,0.0,0.0,0.0,0.0,47.333189649272846,optimal
2021-02-12 08:00:00,10,90,0.0,0.0,0.0,0.48610000000000003,14.595,6.0,-2,20.383678147612383,,0.0,0.0,0.0,0.0,47.16690360957783,optimal
2021-02-12 08:30:00,10,90,0.0,0.0,0.0,1.4161333333333335,14.637,6.0,-2,20.140991290677704,,0.0,0.0,0.0,0.0,47.000783855922506,optimal
2021-02-12 09:00:00,10,90,0.987961227021677,0.0,0.0,0.44380000000000003,13.9125,6.0,-2,20.0,,2469.9030675541926,0.0,0.0,0.0,46.83483022202084,optimal
2021-02-12 09:30:00,10,90,0.9230413832058759,0.0,0.0,0.38330000000000003,13.3665,6.0,-2,20.0,,2307.6034580146897,0.0,0.0,0.0,46.66904254175308,optimal
2021-02-12 10:00:00,10,90,1.3181958777690808,0.0,0.0,0.30419999999999997,13.0095,6.0,-2,20.0,,3295.4896944227016,0.0,0.0,0.0,46.503420649165584,optimal
2021-02-12 10:30:00,10,90,0.0,0.0,0.0,1.0887,13.8915,6.0,-2,20.14599845379818,,0.0,0.0,0.0,0.0,46.33796437847067,optimal
2021-02-12 11:00:00,10,90,0.7163793468121564,0.0,0.0,0.8,13.188,6.0,-2,20.0,,1790.948367030391,0.0,0.0,0.0,46.172673564046455,optimal
2021-02-12 11:30:00,10,90,0.7428569261193727,0.0,0.0,0.1973,12.5685,6.0,-2,20.0,,1857.1423152984319,0.0,0.0,0.0,46.00754804043667,optimal
2021-02-12 12:00:00,10,90,0.6660152779383592,0.0,0.0,0.2869,12.285,6.0,-2,20.0,,1665.038194845898,0.0,0.0,0.0,45.84258764235049,optimal
2021-02-12 12:30:00,10,90,2.148914658082039,0.0,0.0,0.2427,11.487,6.0,-2,20.0,,5372.2866452050985,0.0,0.0,0.0,45.677792204662396,optimal
2021-02-12 13:00:00,10,90,0.0,0.0,0.0,0.18359999999999999,11.802,6.0,-2,20.33482520967421,,0.0,0.0,0.0,0.0,45.51316156241199,optimal
2021-02-12 13:30:00,10,90,2.8,0.0,0.0,0.078,11.2245,6.0,-2,20.173742335353783,,7000.0,0.0,0.0,0.0,45.34869555080383,optimal
2021-02-12 14:00:00,10,90,2.8,0.0,0.0,0.122,11.025,6.0,-2,20.653574248581712,,7000.0,0.0,0.0,0.0,45.18439400520728,optimal
2021-02-12 14:30:00,10,90,2.8,0.0,0.0,0.067,11.907,6.0,-2,21.12095001471388,,7000.0,0.0,0.0,0.0,45.02025676115633,optimal
2021-02-12 15:00:00,10,90,0.0,0.0,0.0,0.2496,25.83,6.0,-2,21.57510195846338,,0.0,0.0,0.0,0.0,44.85628365434943,optimal
2021-02-12 15:30:00,10,90,0.0,0.0,0.0,0.09926666666666668,28.035,6.0,-2,21.375570840366787,,0.0,0.0,0.0,0.0,44.69247452064934,optimal
2021-02-12 16:00:00,10,90,0.0,0.0,0.0,0.2473333333333333,28.119,6.0,-2,21.179719120311514,,0.0,0.0,0.0,0.0,44.528829196082945,optimal
2021-02-12 16:30:00,10,90,0.0,0.0,0.0,0.067,30.156,6.0,-2,20.999450753259932,,0.0,0.0,0.0,0.0,44.36534751684112,optimal
2021-02-12 17:00:00,10,90,0.0,0.0,0.0,0.067,29.1585,6.0,-2,20.75030015574478,,0.0,0.0,0.0,0.0,44.20202931927853,optimal
2021-02-12 17:30:00,10,90,0.0,0.0,0.0,0.21036666666666667,26.712,6.0,-2,20.47074088563077,,0.0,0.0,0.0,0.0,44.038874439913506,optimal
2021-02-12 18:00:00,10,90,0.0,0.0,0.0,0.24963333333333332,15.435,6.0,-2,20.225806600657183,,0.0,0.0,0.0,0.0,43.87588271542785,optimal
2021-02-12 18:30:00,10,90,0.8942603805772402,0.0,0.0,0.23386666666666667,13.566,6.0,-2,20.0,,2235.6509514431004,0.0,0.0,0.0,43.71305398266668,optimal
2021-02-12 19:00:00,10,90,0.8239961346033549,0.0,0.0,0.35906666666666665,12.789,6.0,-2,20.0,,2059.9903365083874,0.0,0.0,0.0,43.55038807863827,optimal
2021-02-12 19:30:00,10,90,1.7420900868266593,0.0,0.0,0.4023333333333333,12.1275,6.0,-2,20.0,,4355.225217066649,0.0,0.0,0.0,43.38788484051389,optimal
2021-02-12 20:00:00,10,90,0.0,0.0,0.0,0.33366666666666667,13.671,6.0,-2,20.213305733391643,,0.0,0.0,0.0,0.0,43.225544105627634,optimal
2021-02-12 20:30:00,10,90,1.0310666666666666,0.0,0.0,0.466,10.668,6.0,-2,20.0,,0.0,0.0,2577.6666666666665,0.0,43.063365711476266,optimal
2021-02-12 21:00:00,10,90,0.0,0.0,0.0,0.3549333333333333,11.7285,6.0,-2,19.81543193118933,,0.0,0.0,0.0,0.0,42.901349495719046,optimal
2021-02-12 21:30:00,10,90,0.0,0.0,0.0,0.6793666666666667,11.025,6.0,-2,19.63296449918028,,0.0,0.0,0.0,0.0,42.858448146223324,optimal
2021-02-12 22:00:00,10,90,0.0,0.0,0.0,0.27293333333333336,10.689,6.0,-2,19.514834252530388,,0.0,0.0,0.0,0.0,42.8155896980771,optimal
2021-02-12 22:30:00,10,90,0.05573333333333333,0.0,0.0,0.35206666666666664,8.1585,6.0,-2,19.370863020476232,,0.0,0.0,139.33333333333331,0.0,42.77277410837902,optimal
2021-02-12 23:00:00,10,90,0.0,0.0,0.0,0.491,10.3635,6.0,-2,19.210743685941758,,0.0,0.0,0.0,0.0,42.73000133427064,optimal
2021-02-12 23:30:00,10,90,0.0,0.0,0.0,0.21486666666666668,10.8045,6.0,-2,19.058347386689935,,0.0,0.0,0.0,0.0,42.68727133293637,optimal
2021-02-13 00:00:00,10,90,0.0,0.0,0.0,0.066,9.3975,6.0,0,19.058347386689935,,0.0,0.0,0.0,0.0,42.64458406160343,optimal
2021-02-13 00:30:00,10,90,0.0,0.0,0.0,0.066,10.059,6.0,0,18.811780074896678,,0.0,0.0,0.0,0.0,42.601939477541826,optimal
2021-02-13 01:00:00,10,90,0.0,0.0,0.0,0.2144,9.261,6.0,0,18.56945599137836,,0.0,0.0,0.0,0.0,42.559337538064284,optimal
2021-02-13 01:30:00,10,90,2.8,0.0,0.0,0.07306666666666667,8.1585,6.0,0,18.345091121650032,,590.666666666667,0.0,6409.333333333333,0.0,42.51677820052622,optimal
2021-02-13 02:00:00,10,90,0.0,0.0,0.0,0.172,9.4815,6.0,0,18.166365619867477,,0.0,0.0,0.0,0.0,42.47426142232569,optimal
2021-02-13 02:30:00,10,90,2.8,0.0,0.0,0.2027333333333333,8.379,6.0,0,17.945262671693577,,7000.0,0.0,0.0,0.0,42.43178716090336,optimal
2021-02-13 03:00:00,10,90,0.0,0.0,0.0,0.1296,9.5235,6.0,0,18.380020536834714,,0.0,0.0,0.0,0.0,42.38935537374246,optimal
2021-02-13 03:30:00,10,90,2.8,0.0,2.6881502088670572,0.18903333333333333,8.1375,6.0,0,18.15192445595585,,7000.0,0.0,0.0,0.0,43.62383736758057,optimal
2021-02-13 04:00:00,10,90,0.0,0.0,0.0,0.1221,10.0905,6.0,0,18.58173821555082,,0.0,0.0,0.0,0.0,43.58021353021298,optimal
2021-02-13 04:30:00,10,90,2.8,0.0,5.0,0.066,7.539,6.0,0,18.34862895430255,,7000.0,0.0,0.0,0.0,45.91163331668277,optimal
2021-02-13 05:00:00,10,90,2.8,0.0,5.0,0.24016666666666664,7.938,6.0,0,18.762060347113447,,7000.0,0.0,0.0,0.0,48.240721683366075,optimal
2021-02-13 05:30:00,10,90,2.8,0.0,0.0,0.13456666666666667,8.274,6.0,0,19.184314404257194,,7000.0,0.0,0.0,0.0,48.192480961682705,optimal
2021-02-13 06:00:00,10,90,2.8,0.0,0.0,0.066,9.261,6.0,0,19.589292786645693,,7000.0,0.0,0.0,0.0,48.144288480721016,optimal
2021-02-13 06:30:00,10,90,2.8,0.0,0.0,0.1626,9.9225,6.0,0,19.98068065653411,,7000.0,0.0,0.0,0.0,48.096144192240295,optimal
2021-02-13 07:00:00,10,90,2.8,0.0,0.0,0.16786666666666666,9.702,6.0,0,20.37385462424265,,7000.0,0.0,0.0,0.0,48.048048048048045,optimal
2021-02-13 07:30:00,10,90,0.0,0.0,0.0,1.0714333333333335,10.584,6.0,0,20.76111478420043,,0.0,0.0,0.0,0.0,48.0,optimal
2021-02-13 08:00:00,10,90,2.8,0.0,0.0,0.4262666666666666,10.143,6.0,0,20.509969777586488,,7000.0,0.0,0.0,0.0,47.671426039537465,optimal
2021-02-13 08:30:00,10,90,0.0,0.0,0.0,0.3257333333333333,13.0095,6.0,0,20.932847619722526,,0.0,0.0,0.0,0.0,47.3431806530354,optimal
2021-02-13 09:00:00,10,90,1.8285090724179476,0.0,0.0,0.195,11.025,6.0,0,20.703213663553267,,4571.272681044869,0.0,0.0,0.0,47.01526351191983,optimal
2021-02-13 09:30:00,10,90,0.0,0.0,0.0,1.4536333333333333,12.789,6.0,0,20.912181388261267,,0.0,0.0,0.0,0.0,46.68767428794538,optimal
2021-02-13 10:00:00,10,90,0.0,0.0,0.0,2.1251666666666664,12.1275,6.0,0,20.813440888586335,,0.0,0.0,0.0,0.0,46.3604126531949,optimal
2021-02-13 10:30:00,10,90,0.0,0.0,0.0,0.5165,12.1695,6.0,0,20.69746893727559,,0.0,0.0,0.0,0.0,46.03347828007917,optimal
2021-02-13 11:00:00,10,90,0.0,0.0,0.0,0.45339999999999997,12.306,6.0,0,20.528577367129135,,0.0,0.0,0.0,0.0,45.70687084133656,optimal
2021-02-13 11:30:00,10,90,0.0,0.0,0.0,0.8229,13.23,6.0,0,20.39254742218312,,0.0,0.0,0.0,0.0,45.38059001003269,optimal
2021-02-13 12:00:00,10,90,0.0,0.0,0.0,0.8307666666666667,13.671,6.0,0,20.309367553131157,,0.0,0.0,0.0,0.0,45.054635459560124,optimal
2021-02-13 12:30:00,10,90,0.0,0.0,0.0,0.5251666666666667,13.9335,6.0,0,20.23691876204341,,0.0,0.0,0.0,0.0,44.729006863638034,optimal
2021-02-13 13:00:00,10,90,0.0,0.0,0.0,0.46726666666666666,13.293,6.0,0,20.121631436140984,,0.0,0.0,0.0,0.0,44.40370389631186,optimal
2021-02-13 13:30:00,10,90,0.47929320109084755,0.0,0.0,0.549,12.1065,6.0,0,20.0,,1198.233002727119,0.0,0.0,0.0,44.07872623195301,optimal
2021-02-13 14:00:00,10,90,1.4351949543063847,0.0,0.0,0.42560000000000003,11.571,6.0,0,20.0,,3587.987385765962,0.0,0.0,0.0,43.75407354525853,optimal
2021-02-13 14:30:00,10,90,2.8,0.0,0.0,0.4473666666666667,11.025,6.0,0,20.192333970810047,,7000.0,0.0,0.0,0.0,43.42974551125074,optimal
2021-02-13 15:00:00,10,90,2.8,0.0,0.0,0.22686666666666666,10.8465,6.0,0,20.73722840539722,,7000.0,0.0,0.0,0.0,43.10574180527695,optimal
2021-02-13 15:30:00,10,90,2.8,0.0,0.0,0.076,11.2455,6.0,0,21.1688983065151,,7000.0,0.0,0.0,0.0,42.78206210300914,optimal
2021-02-13 16:00:00,10,90,0.0,0.0,0.0,0.3547666666666667,23.8665,6.0,0,21.578955487029045,,0.0,0.0,0.0,0.0,42.4587060804436,optimal
2021-02-13 16:30:00,10,90,0.0,0.0,0.0,0.5163,27.4575,6.0,0,21.34540426365564,,0.0,0.0,0.0,0.0,42.13567341390062,optimal
2021-02-13 17:00:00,10,90,0.0,0.0,0.0,0.2509333333333333,27.3735,6.0,0,21.151740645843198,,0.0,0.0,0.0,0.0,41.812963780024184,optimal
2021-02-13 17:30:00,10,90,0.0,0.0,0.0,0.3116666666666667,30.4605,6.0,0,20.907647423883333,,0.0,0.0,0.0,0.0,41.490576855781626,optimal
2021-02-13 18:00:00,10,90,0.0,0.0,0.0,0.30546666666666666,30.0195,6.0,0,20.643125062194542,,0.0,0.0,0.0,0.0,41.168512318463314,optimal
2021-02-13 18:30:00,10,90,0.0,0.0,0.0,0.47903333333333337,26.9325,6.0,0,20.393643936534765,,0.0,0.0,0.0,0.0,40.84676984568232,optimal
2021-02-13 19:00:00,10,90,0.0,0.0,0.0,0.2859,14.595,6.0,0,20.20037534553056,,0.0,0.0,0.0,0.0,40.525349115374105,optimal
2021-02-13 19:30:00,10,90,0.7674943093222538,0.0,0.0,0.27213333333333334,12.4845,6.0,0,20.0,,1918.7357733056344,0.0,0.0,0.0,40.204249805796195,optimal
2021-02-13 20:00:00,10,90,0.7815391507078223,0.0,0.0,0.5094333333333333,12.1275,6.0,0,20.0,,1953.8478767695556,0.0,0.0,0.0,39.883471595527865,optimal
2021-02-13 20:30:00,10,90,0.0,0.0,0.0,0.9017999999999999,12.1275,6.0,0,20.0,,0.0,0.0,0.0,0.0,39.5630141634698,optimal
2021-02-13 21:00:00,10,90,0.0,0.0,0.0,0.5466,12.789,6.0,0,19.859038161723873,,0.0,0.0,0.0,0.0,39.2428771888438,optimal
2021-02-13 21:30:00,10,90,0.0,0.0,0.0,0.4219666666666666,11.907,6.0,0,19.6793757982205,,0.0,0.0,0.0,0.0,38.923060351192426,optimal
2021-02-13 22:00:00,10,90,0.0,0.0,0.0,0.84,11.025,6.0,0,19.49789854654965,,0.0,0.0,0.0,0.0,38.6035633303787,optimal
2021-02-13 22:30:00,10,90,0.0,0.0,0.0,0.9364,8.2005,6.0,0,19.355355942976818,,0.0,0.0,0.0,0.0,38.28438580658579,optimal
2021-02-13 23:00:00,10,90,0.0,0.0,0.0,0.559,9.5655,6.0,0,19.217595097056055,,0.0,0.0,0.0,0.0,37.96552746031667,optimal
2021-02-13 23:30:00,10,90,0.0,0.0,0.0,0.39080000000000004,7.056,6.0,0,19.0401230057391,,0.0,0.0,0.0,0.0,37.92756193285636,optimal
