time,run,dwelling_id,hp_elec_kw,boiler_gas_kw,ev_charge_kw,appliance_kw,tariff_elec_price,tariff_gas_price,tariff_offset_steps,Tin_C,T_tank_C,Q_hp_space_w,Q_bo_space_w,Q_hp_hw_w,Q_bo_hw_w,ev_soc_kwh,solve_status
2021-02-07 00:00:00,1,22,0.027866666666666668,0.0,0.0,0.1376,9.261,6.0,0,21.0,,0.0,0.0,69.66666666666667,0.0,47.952,optimal
2021-02-07 00:30:00,1,22,0.0,0.0,0.0,0.061,10.3635,6.0,0,20.949135456924374,,0.0,0.0,0.0,0.0,47.904047999999996,optimal
2021-02-07 01:00:00,1,22,0.0,0.0,0.0,0.1422,8.274,6.0,0,20.895030229334086,,0.0,0.0,0.0,0.0,47.856143952,optimal
2021-02-07 01:30:00,1,22,0.0,0.0,0.0,0.0958,7.7175,6.0,0,20.842886448066377,,0.0,0.0,0.0,0.0,47.80828780804799,optimal
2021-02-07 02:00:00,1,22,0.0,0.0,0.0,0.0842,6.615,6.0,0,20.789543934278086,,0.0,0.0,0.0,0.0,47.76047952023995,optimal
2021-02-07 02:30:00,1,22,0.0,0.0,0.0,0.15380000000000002,6.174,6.0,0,20.735910816773906,,0.0,0.0,0.0,0.0,47.712719040719705,optimal
2021-02-07 03:00:00,1,22,0.0,0.0,0.0,0.3685333333333334,3.906,6.0,0,20.683936201343577,,0.0,0.0,0.0,0.0,47.66500632167899,optimal
2021-02-07 03:30:00,1,22,1.614558256115182,0.0,0.0,0.061,2.3415,6.0,0,20.638771724041426,,4036.3956402879544,0.0,0.0,0.0,47.61734131535731,optimal
2021-02-07 04:00:00,1,22,2.8,0.0,0.0,0.06866666666666667,2.205,6.0,0,20.689097354724954,,7000.0,0.0,0.0,0.0,47.56972397404195,optimal
2021-02-07 04:30:00,1,22,2.8,0.0,2.022097567049412,0.10393333333333334,0.882,6.0,0,20.816105371922866,,7000.0,0.0,0.0,0.0,48.48265059441637,optimal
2021-02-07 05:00:00,1,22,2.8,0.0,0.0,0.1364,1.5435,6.0,0,20.943757470013697,,7000.0,0.0,0.0,0.0,48.434167943821954,optimal
2021-02-07 05:30:00,1,22,2.8,0.0,0.0,0.06866666666666667,1.5435,6.0,0,21.07190085688543,,7000.0,0.0,0.0,0.0,48.38573377587813,optimal
2021-02-07 06:00:00,1,22,0.0,0.0,0.0,0.14453333333333332,5.0715,6.0,0,21.197670482214328,,0.0,0.0,0.0,0.0,48.33734804210225,optimal
2021-02-07 06:30:00,1,22,0.0,0.0,0.0,0.0958,5.376,6.0,0,21.14325361835699,,0.0,0.0,0.0,0.0,48.289010694060146,optimal
2021-02-07 07:00:00,1,22,0.0,0.0,0.0,0.11506666666666666,5.0715,6.0,0,21.087645375535086,,0.0,0.0,0.0,0.0,48.240721683366075,optimal
2021-02-07 07:30:00,1,22,0.0,0.0,0.0,0.13293333333333335,5.5125,6.0,0,21.032356692653728,,0.0,0.0,0.0,0.0,48.192480961682705,optimal
2021-02-07 08:00:00,1,22,0.0,0.0,0.0,1.5171,9.261,6.0,0,20.977364446974477,,0.0,0.0,0.0,0.0,48.144288480721016,optimal
2021-02-07 08:30:00,1,22,0.0,0.0,0.0,1.5674666666666668,11.7075,6.0,0,20.93760773950811,,0.0,0.0,0.0,0.0,48.096144192240295,optimal
2021-02-07 09:00:00,1,22,0.0,0.0,0.0,0.0858,12.348,6.0,0,20.898165216786303,,0.0,0.0,0.0,0.0,48.048048048048045,optimal
2021-02-07 09:30:00,1,22,0.0,0.0,0.0,0.207,12.348,6.0,0,20.856168372735475,,0.0,0.0,0.0,0.0,48.0,optimal
2021-02-07 10:00:00,1,22,0.0,0.0,0.0,0.08333333333333333,12.1275,6.0,0,20.81446567932936,,0.0,0.0,0.0,0.0,47.90415585074801,optimal
2021-02-07 10:30:00,1,22,0.0,0.0,0.0,0.1696,12.5265,6.0,0,20.773569086923082,,0.0,0.0,0.0,0.0,47.80840754564528,optimal
2021-02-07 11:00:00,1,22,0.0,0.0,0.0,0.0884,11.7495,6.0,0,20.727525234736902,,0.0,0.0,0.0,0.0,47.71275498884765,optimal
2021-02-07 11:30:00,1,22,0.0,0.0,0.0,0.071,13.23,6.0,0,20.68845952638732,,0.0,0.0,0.0,0.0,47.61719808460681,optimal
2021-02-07 12:00:00,1,22,0.0,0.0,0.0,0.071,14.3325,6.0,0,20.64906807248724,,0.0,0.0,0.0,0.0,47.52173673727022,optimal
2021-02-07 12:30:00,1,22,0.0,0.0,0.0,0.187,14.994,6.0,0,20.616160747981215,,0.0,0.0,0.0,0.0,47.42637085128096,optimal
2021-02-07 13:00:00,1,22,0.0,0.0,0.0,0.071,14.8155,6.0,0,20.58637405005558,,0.0,0.0,0.0,0.0,47.33110033117769,optimal
2021-02-07 13:30:00,1,22,0.0,0.0,0.0,0.08259999999999999,14.112,6.0,0,20.547857708315497,,0.0,0.0,0.0,0.0,47.23592508159452,optimal
2021-02-07 14:00:00,1,22,0.0,0.0,0.0,0.1754,14.007,6.0,0,20.509929139097604,,0.0,0.0,0.0,0.0,47.14084500726094,optimal
2021-02-07 14:30:00,1,22,0.0,0.0,0.0,0.071,13.23,6.0,0,20.47705741794757,,0.0,0.0,0.0,0.0,47.04586001300169,optimal
2021-02-07 15:00:00,1,22,0.0,0.0,0.0,0.1696,11.382,6.0,0,20.44174103919173,,0.0,0.0,0.0,0.0,46.95097000373671,optimal
2021-02-07 15:30:00,1,22,0.0,0.0,0.0,0.0884,11.7495,6.0,0,20.414892924185732,,0.0,0.0,0.0,0.0,46.856174884480986,optimal
2021-02-07 16:00:00,1,22,0.0,0.0,0.0,0.071,24.3285,6.0,0,20.385536486966963,,0.0,0.0,0.0,0.0,46.76147456034452,optimal
2021-02-07 16:30:00,1,22,0.0,0.0,0.0,0.071,28.917,6.0,0,20.34244262398151,,0.0,0.0,0.0,0.0,46.66686893653219,optimal
2021-02-07 17:00:00,1,22,0.0,0.0,0.0,0.1754,31.3635,6.0,0,20.299649925124193,,0.0,0.0,0.0,0.0,46.57235791834367,optimal
2021-02-07 17:30:00,1,22,0.0,0.0,0.0,0.08259999999999999,33.306,6.0,0,20.245522198272162,,0.0,0.0,0.0,0.0,46.47794141117334,optimal
2021-02-07 18:00:00,1,22,0.0,0.0,0.0,0.08326666666666667,31.3425,6.0,0,20.189481748133147,,0.0,0.0,0.0,0.0,46.38361932051018,optimal
2021-02-07 18:30:00,1,22,0.0,0.0,0.0,0.1956,28.2555,6.0,0,20.136133356650276,,0.0,0.0,0.0,0.0,46.28939155193768,optimal
2021-02-07 19:00:00,1,22,0.0,0.0,0.0,0.8453999999999999,15.6975,6.0,0,20.09187598522992,,0.0,0.0,0.0,0.0,46.19525801113376,optimal
2021-02-07 19:30:00,1,22,0.0,0.0,0.0,1.5175666666666665,12.5475,6.0,0,20.059975889044857,,0.0,0.0,0.0,0.0,46.10121860387064,optimal
2021-02-07 20:00:00,1,22,0.0,0.0,0.0,0.38406666666666667,12.0855,6.0,0,20.039670252727625,,0.0,0.0,0.0,0.0,46.00727323601478,optimal
2021-02-07 20:30:00,1,22,0.0,0.0,0.0,0.09906666666666666,11.907,6.0,0,20.0,,0.0,0.0,0.0,0.0,45.91342181352678,optimal
2021-02-07 21:00:00,1,22,0.0,0.0,0.0,0.1118,12.5685,6.0,0,19.95023892010736,,0.0,0.0,0.0,0.0,45.81966424246127,optimal
2021-02-07 21:30:00,1,22,0.0,0.0,0.0,0.1257333333333333,13.146,6.0,0,19.90297609841456,,0.0,0.0,0.0,0.0,45.72600042896683,optimal
2021-02-07 22:00:00,1,22,0.0,0.0,0.0,0.31510000000000005,10.584,6.0,0,19.85522349837346,,0.0,0.0,0.0,0.0,45.63243027928588,optimal
2021-02-07 22:30:00,1,22,0.0,0.0,0.0,0.14709999999999998,6.678,6.0,0,19.81213017830493,,0.0,0.0,0.0,0.0,45.53895369975461,optimal
2021-02-07 23:00:00,1,22,0.0,0.0,0.0,0.111,7.938,6.0,0,19.764369187078955,,0.0,0.0,0.0,0.0,45.49341474605485,optimal
2021-02-07 23:30:00,1,22,0.0,0.0,0.0,0.4911666666666667,5.292,6.0,0,19.71874356912914,,0.0,0.0,0.0,0.0,45.4479213313088,optimal
2021-02-08 00:00:00,1,22,0.0,0.0,0.0,0.063,25.389,6.0,16,19.71874356912914,,0.0,0.0,0.0,0.0,45.40247340997749,optimal
2021-02-08 00:30:00,1,22,0.0,0.0,0.0,0.20786666666666667,29.1375,6.0,16,19.659815245221388,,0.0,0.0,0.0,0.0,45.35707093656751,optimal
2021-02-08 01:00:00,1,22,0.0,0.0,0.0,0.13213333333333332,30.597,6.0,16,19.60484180515863,,0.0,0.0,0.0,0.0,45.31171386563094,optimal
2021-02-08 01:30:00,1,22,0.0,0.0,0.0,0.063,33.684,6.0,16,19.548078335863647,,0.0,0.0,0.0,0.0,45.26640215176531,optimal
2021-02-08 02:00:00,1,22,0.0,0.0,0.0,0.1462,32.445,6.0,16,19.4895403710903,,0.0,0.0,0.0,0.0,45.221135749613545,optimal
2021-02-08 02:30:00,1,22,0.0,0.0,0.0,0.1206,28.917,6.0,16,19.433191914188086,,0.0,0.0,0.0,0.0,45.17591461386393,optimal
2021-02-08 03:00:00,1,22,0.0,0.0,0.0,0.1362,15.876,6.0,16,19.376522304789646,,0.0,0.0,0.0,0.0,45.13073869925007,optimal
2021-02-08 03:30:00,1,22,0.0,0.0,0.0,0.34586666666666666,12.348,6.0,16,19.320603131680656,,0.0,0.0,0.0,0.0,45.08560796055082,optimal
2021-02-08 04:00:00,1,22,1.8269779383728004,0.0,0.0,1.1255,12.1275,6.0,16,19.274221993144554,,0.0,0.0,4567.444845932001,0.0,45.040522352590266,optimal
2021-02-08 04:30:00,1,22,0.0,0.0,0.0,0.11,12.348,6.0,16,19.228614130645994,,0.0,0.0,0.0,0.0,44.99548183023767,optimal
2021-02-08 05:00:00,1,22,2.8,0.0,0.0,2.0364666666666666,12.1275,6.0,16,19.18348484886617,,6063.778179265334,0.0,936.2218207346659,0.0,44.95048634840744,optimal
2021-02-08 05:30:00,1,22,2.8,0.0,0.0,0.21356666666666663,12.1275,6.0,16,19.30274819707122,,7000.0,0.0,0.0,0.0,44.90553586205903,optimal
2021-02-08 06:00:00,1,22,2.8,0.0,0.0,0.32076666666666664,11.2665,6.0,16,19.445711623073255,,7000.0,0.0,0.0,0.0,44.860630326196976,optimal
2021-02-08 06:30:00,1,22,2.8,0.0,1.99237791803066,0.11963333333333334,10.143,6.0,16,19.58945654729889,,7000.0,0.0,0.0,0.0,45.76214920693534,optimal
2021-02-08 07:00:00,1,22,2.8,0.0,0.0,0.2908,11.2455,6.0,16,19.72273187298597,,7000.0,0.0,0.0,0.0,45.716387057728404,optimal
2021-02-08 07:30:00,1,22,2.8,0.0,0.0,0.2877,11.025,6.0,16,19.86291766861933,,7000.0,0.0,0.0,0.0,45.670670670670674,optimal
2021-02-08 08:00:00,1,22,2.8,0.0,5.0,0.22740000000000002,5.9745,6.0,16,20.0,,6512.333333333333,0.0,487.6666666666667,0.0,48.0,optimal
2021-02-08 08:30:00,1,22,0.0,0.0,0.0,0.1306,7.938,6.0,16,20.12575423823831,,0.0,0.0,0.0,0.0,47.89653637284812,optimal
2021-02-08 09:00:00,1,22,0.0,0.0,0.0,0.073,8.6835,6.0,16,20.065893498213093,,0.0,0.0,0.0,0.0,47.79317620932339,optimal
2021-02-08 09:30:00,1,22,0.5294654990236877,0.0,0.0,0.22193333333333332,7.665,6.0,16,20.013487208169774,,1323.6637475592192,0.0,0.0,0.0,47.689919405962186,optimal
2021-02-08 10:00:00,1,22,0.8157064325852454,0.0,0.0,0.13806666666666667,6.7725,6.0,16,20.0,,1354.0497651867297,0.0,685.2163162763841,0.0,47.586765859404345,optimal
2021-02-08 10:30:00,1,22,2.8,0.0,0.0,0.137,5.5755,6.0,16,20.0,,1373.7915679017208,0.0,5626.208432098279,0.0,47.48371546639306,optimal
2021-02-08 11:00:00,1,22,2.8,0.0,0.0,0.223,5.0925,6.0,16,20.0,,656.431835316427,0.0,6343.568164683573,0.0,47.380768123774786,optimal
2021-02-08 11:30:00,1,22,2.8000000000000003,0.0,0.0,0.073,4.1895,6.0,16,20.0,,6836.326246391571,0.0,163.67375360843016,0.0,47.27792372849913,optimal
2021-02-08 12:00:00,1,22,0.0,0.0,0.0,0.2856666666666667,7.056,6.0,16,20.157005605100675,,0.0,0.0,0.0,0.0,47.17518217761875,optimal
2021-02-08 12:30:00,1,22,2.8,0.0,0.0,0.071,5.271,6.0,16,20.149529600051576,,7000.0,0.0,0.0,0.0,47.07254336828925,optimal
2021-02-08 13:00:00,1,22,0.0,0.0,0.0,0.071,7.938,6.0,16,20.321109922697957,,0.0,0.0,0.0,0.0,46.970007197769085,optimal
2021-02-08 13:30:00,1,22,0.0,0.0,0.0,0.6019,7.938,6.0,16,20.310722983607857,,0.0,0.0,0.0,0.0,46.867573563419434,optimal
2021-02-08 14:00:00,1,22,0.0,0.0,0.0,1.246733333333333,11.907,6.0,16,20.30717292416604,,0.0,0.0,0.0,0.0,46.765242362704136,optimal
2021-02-08 14:30:00,1,22,0.0,0.0,0.0,0.2745666666666667,11.025,6.0,16,20.30190750749497,,0.0,0.0,0.0,0.0,46.66301349318955,optimal
2021-02-08 15:00:00,1,22,0.0,0.0,0.0,0.5262333333333333,11.2875,6.0,16,20.29243248479045,,0.0,0.0,0.0,0.0,46.560886852544485,optimal
2021-02-08 15:30:00,1,22,0.0,0.0,0.0,0.676,12.936,6.0,16,20.289761472671188,,0.0,0.0,0.0,0.0,46.45886233854006,optimal
2021-02-08 16:00:00,1,22,0.0,0.0,0.0,0.42286666666666667,13.0095,6.0,16,20.29587427664546,,0.0,0.0,0.0,0.0,46.35693984904964,optimal
2021-02-08 16:30:00,1,22,0.0,0.0,0.0,0.5206000000000001,13.671,6.0,16,20.277049912530245,,0.0,0.0,0.0,0.0,46.25511928204871,optimal
2021-02-08 17:00:00,1,22,0.0,0.0,0.0,0.9934,13.188,6.0,16,20.261890237498996,,0.0,0.0,0.0,0.0,46.15340053561478,optimal
2021-02-08 17:30:00,1,22,0.0,0.0,0.0,1.7628,13.8495,6.0,16,20.233043179450387,,0.0,0.0,0.0,0.0,46.05178350792728,optimal
2021-02-08 18:00:00,1,22,0.0,0.0,0.0,1.0984,13.23,6.0,16,20.213608245829743,,0.0,0.0,0.0,0.0,45.950268097267475,optimal
2021-02-08 18:30:00,1,22,0.0,0.0,0.0,0.24113333333333334,13.3665,6.0,16,20.182769426618393,,0.0,0.0,0.0,0.0,45.84885420201833,optimal
2021-02-08 19:00:00,1,22,0.0,0.0,0.0,0.4262666666666666,13.0515,6.0,16,20.139671196568653,,0.0,0.0,0.0,0.0,45.74754172066443,optimal
2021-02-08 19:30:00,1,22,0.0,0.0,0.0,0.24080000000000001,13.5345,6.0,16,20.09589887040738,,0.0,0.0,0.0,0.0,45.646330551791884,optimal
2021-02-08 20:00:00,1,22,0.0,0.0,0.0,0.32030000000000003,14.154,6.0,16,20.0491939970757,,0.0,0.0,0.0,0.0,45.545220594088214,optimal
2021-02-08 20:30:00,1,22,0.0,0.0,0.0,0.44996666666666657,14.112,6.0,16,20.0,,0.0,0.0,0.0,0.0,45.44421174634225,optimal
2021-02-08 21:00:00,1,22,0.0,0.0,0.0,0.31389999999999996,14.2485,6.0,16,19.954038646126925,,0.0,0.0,0.0,0.0,45.398767534595905,optimal
2021-02-08 21:30:00,1,22,0.0,0.0,0.0,1.5976333333333335,12.789,6.0,16,19.905792555438207,,0.0,0.0,0.0,0.0,45.35336876706131,optimal
2021-02-08 22:00:00,1,22,0.0,0.0,0.0,0.36419999999999997,13.0095,6.0,16,19.87301725636771,,0.0,0.0,0.0,0.0,45.30801539829425,optimal
2021-02-08 22:30:00,1,22,0.0,0.0,0.0,0.45263333333333333,12.1275,6.0,16,19.83386921551564,,0.0,0.0,0.0,0.0,45.26270738289596,optimal
2021-02-08 23:00:00,1,22,0.0,0.0,0.0,0.13,12.348,6.0,16,19.80194519269075,,0.0,0.0,0.0,0.0,45.217444675513065,optimal
2021-02-08 23:30:00,1,22,0.0,0.0,0.0,0.073,12.348,6.0,16,19.750492717434316,,0.0,0.0,0.0,0.0,45.17222723083755,optimal
2021-02-09 00:00:00,1,22,0.0,0.0,0.0,0.06266666666666666,34.9965,6.0,13,19.750492717434316,,0.0,0.0,0.0,0.0,45.12705500360671,optimal
2021-02-09 00:30:00,1,22,0.0,0.0,0.0,0.06733333333333333,33.327,6.0,13,19.69284012478982,,0.0,0.0,0.0,0.0,45.08192794860311,optimal
2021-02-09 01:00:00,1,22,0.0,0.0,0.0,0.07,31.122,6.0,13,19.635535794621134,,0.0,0.0,0.0,0.0,45.03684602065451,optimal
2021-02-09 01:30:00,1,22,0.0,0.0,0.0,0.07,17.9025,6.0,13,19.57857860027864,,0.0,0.0,0.0,0.0,44.99180917463385,optimal
2021-02-09 02:00:00,1,22,0.0,0.0,0.0,0.07,15.6555,6.0,13,19.521482159925476,,0.0,0.0,0.0,0.0,44.94681736545922,optimal
2021-02-09 02:30:00,1,22,0.0,0.0,0.0,0.07,14.553,6.0,13,19.464246924030686,,0.0,0.0,0.0,0.0,44.90187054809376,optimal
2021-02-09 03:00:00,1,22,0.0,0.0,0.0,0.06933333333333333,14.3325,6.0,13,19.407358600438045,,0.0,0.0,0.0,0.0,44.856968677545666,optimal
2021-02-09 03:30:00,1,22,0.05573333333333333,0.0,0.0,0.06866666666666667,13.335,6.0,13,19.351760160169945,,0.0,0.0,139.33333333333331,0.0,44.81211170886812,optimal
2021-02-09 04:00:00,1,22,1.877418536474918,0.0,0.0,0.07,12.1275,6.0,13,19.297479262224996,,2394.5463411872956,0.0,2299.0,0.0,44.76729959715926,optimal
2021-02-09 04:30:00,1,22,0.0,0.0,0.0,0.07,12.2955,6.0,13,19.304159624001457,,0.0,0.0,0.0,0.0,44.7225322975621,optimal
2021-02-09 05:00:00,1,22,2.8,0.0,0.0,0.07,11.6865,6.0,13,19.2482744510824,,7000.0,0.0,0.0,0.0,44.677809765264534,optimal
2021-02-09 05:30:00,1,22,2.8,0.0,0.0,0.07,11.466,6.0,13,19.374136099756814,,7000.0,0.0,0.0,0.0,44.63313195549927,optimal
2021-02-09 06:00:00,1,22,2.8,0.0,2.27825652026716,0.07,10.8045,6.0,13,19.49959057858702,,7000.0,0.0,0.0,0.0,45.670670670670674,optimal
2021-02-09 06:30:00,1,22,2.8,0.0,5.0,0.16036666666666669,10.584,6.0,13,19.624639204791432,,7000.0,0.0,0.0,0.0,48.0,optimal
2021-02-09 07:00:00,1,22,2.8,0.0,0.0,1.0367,11.2455,6.0,13,19.752154762925414,,7000.0,0.0,0.0,0.0,47.593716761315214,optimal
2021-02-09 07:30:00,1,22,2.8,0.0,0.0,0.07,12.1275,6.0,13,19.881198257738554,,7000.0,0.0,0.0,0.0,47.18783980586912,optimal
2021-02-09 08:00:00,1,22,0.9792714432950854,0.0,0.0,0.07,11.823,6.0,13,20.0,,2448.1786082377134,0.0,0.0,0.0,46.78236872737846,optimal
2021-02-09 08:30:00,1,22,0.9718013888757007,0.0,0.0,0.07,11.7705,6.0,13,20.0,,2429.5034721892516,0.0,0.0,0.0,46.3773031199663,optimal
2021-02-09 09:00:00,1,22,2.8,0.0,0.0,0.07,11.13,6.0,13,20.0,,6303.333333333333,0.0,696.6666666666666,0.0,45.97264257816155,optimal
2021-02-09 09:30:00,1,22,0.0,0.0,0.0,0.07,11.6865,6.0,13,20.11058793742598,,0.0,0.0,0.0,0.0,45.5683866968986,optimal
2021-02-09 10:00:00,1,22,2.8,0.0,0.0,0.07,10.7205,6.0,13,20.05800143787148,,7000.0,0.0,0.0,0.0,45.164535071516916,optimal
2021-02-09 10:30:00,1,22,0.0,0.0,0.0,0.07,11.424,6.0,13,20.204609281179863,,0.0,0.0,0.0,0.0,44.76108729776062,optimal
2021-02-09 11:00:00,1,22,2.8,0.0,0.0,0.07,10.689,6.0,13,20.169662068546316,,7000.0,0.0,0.0,0.0,44.358042971778076,optimal
2021-02-09 11:30:00,1,22,1.9387731291435466,0.0,0.0,0.07,11.361,6.0,13,20.332600662433343,,4846.9328228588665,0.0,0.0,0.0,43.95540169012151,optimal
2021-02-09 12:00:00,1,22,0.0,0.0,0.0,0.07,11.571,6.0,13,20.43922812344964,,0.0,0.0,0.0,0.0,43.55316304974661,optimal
2021-02-09 12:30:00,1,22,0.0,0.0,0.0,0.07,14.3745,6.0,13,20.43026257841801,,0.0,0.0,0.0,0.0,43.15132664801208,optimal
2021-02-09 13:00:00,1,22,0.0,0.0,0.0,0.12766666666666668,13.23,6.0,13,20.42116428450844,,0.0,0.0,0.0,0.0,42.74989208267928,optimal
2021-02-09 13:30:00,1,22,0.0,0.0,0.0,0.08473333333333334,13.9755,6.0,13,20.41979445302623,,0.0,0.0,0.0,0.0,42.348858951911815,optimal
2021-02-09 14:00:00,1,22,0.0,0.0,0.0,1.9952,14.994,6.0,13,20.41715171093349,,0.0,0.0,0.0,0.0,41.94822685427512,optimal
2021-02-09 14:30:00,1,22,0.0,0.0,0.0,0.6347999999999999,13.671,6.0,13,20.441747197049015,,0.0,0.0,0.0,0.0,41.54799538873606,optimal
2021-02-09 15:00:00,1,22,0.0,0.0,0.0,0.07,15.981,6.0,13,20.446063025301797,,0.0,0.0,0.0,0.0,41.148164154662545,optimal
2021-02-09 15:30:00,1,22,0.0,0.0,0.0,0.07,15.6345,6.0,13,20.42339145985357,,0.0,0.0,0.0,0.0,40.7487327518231,optimal
2021-02-09 16:00:00,1,22,0.0,0.0,0.0,0.07,16.5375,6.0,13,20.40079323825447,,0.0,0.0,0.0,0.0,40.34970078038649,optimal
2021-02-09 16:30:00,1,22,0.0,0.0,0.0,0.07,14.7735,6.0,13,20.361559094479666,,0.0,0.0,0.0,0.0,39.95106784092132,optimal
2021-02-09 17:00:00,1,22,0.0,0.0,0.0,0.07,15.2145,6.0,13,20.322128369582074,,0.0,0.0,0.0,0.0,39.55283353439561,optimal
2021-02-09 17:30:00,1,22,0.0,0.0,0.0,0.20616666666666664,14.553,6.0,13,20.26561105088229,,0.0,0.0,0.0,0.0,39.15499746217643,optimal
2021-02-09 18:00:00,1,22,0.0,0.0,0.0,0.07,14.3325,6.0,13,20.213929041159407,,0.0,0.0,0.0,0.0,38.75755922602947,optimal
2021-02-09 18:30:00,1,22,0.0,0.0,0.0,0.6506666666666666,14.595,6.0,13,20.152029385304782,,0.0,0.0,0.0,0.0,38.36051842811866,optimal
2021-02-09 19:00:00,1,22,0.0,0.0,0.0,1.3508,14.994,6.0,13,20.102797857723655,,0.0,0.0,0.0,0.0,38.32215790969054,optimal
2021-02-09 19:30:00,1,22,0.0,0.0,0.0,0.3561333333333333,14.3325,6.0,13,20.07636855012791,,0.0,0.0,0.0,0.0,38.28383575178085,optimal
2021-02-09 20:00:00,1,22,0.0,0.0,0.0,0.25316666666666665,13.8915,6.0,13,20.043316830051516,,0.0,0.0,0.0,0.0,38.245551916029065,optimal
2021-02-09 20:30:00,1,22,0.0,0.0,0.0,0.3031333333333333,13.8915,6.0,13,20.0,,0.0,0.0,0.0,0.0,38.20730636411304,optimal
2021-02-09 21:00:00,1,22,0.0,0.0,0.0,0.26193333333333335,13.4715,6.0,13,19.964611203705825,,0.0,0.0,0.0,0.0,38.16909905774892,optimal
2021-02-09 21:30:00,1,22,0.0,0.0,0.0,0.35026666666666667,13.23,6.0,13,19.922321583732476,,0.0,0.0,0.0,0.0,38.130929958691176,optimal
2021-02-09 22:00:00,1,22,0.0,0.0,0.0,0.3494,13.8915,6.0,13,19.877374598732338,,0.0,0.0,0.0,0.0,38.092799028732486,optimal
2021-02-09 22:30:00,1,22,0.0,0.0,0.0,0.29910000000000003,26.9325,6.0,13,19.83491246104648,,0.0,0.0,0.0,0.0,38.054706229703754,optimal
2021-02-09 23:00:00,1,22,0.0,0.0,0.0,0.205,30.303,6.0,13,19.79611959707374,,0.0,0.0,0.0,0.0,38.01665152347405,optimal
2021-02-09 23:30:00,1,22,0.0,0.0,0.0,0.2348,32.886,6.0,13,19.753777846323032,,0.0,0.0,0.0,0.0,37.97863487195058,optimal
2021-02-10 00:00:00,1,22,0.0,0.0,0.0,0.06066666666666666,11.7075,6.0,1,19.753777846323032,,0.0,0.0,0.0,0.0,37.940656237078635,optimal
2021-02-10 00:30:00,1,22,2.8,0.0,5.0,0.16753333333333334,10.8045,6.0,1,19.695420842722243,,0.0,0.0,7000.0,0.0,40.27771558084156,optimal
2021-02-10 01:00:00,1,22,2.8,0.0,0.0,0.09126666666666668,11.508,6.0,1,19.639532740357982,,0.0,0.0,7000.0,0.0,40.237437865260716,optimal
2021-02-10 01:30:00,1,22,2.8,0.0,0.0,0.1358,11.508,6.0,1,19.581476896577247,,2329.333333333333,0.0,4670.666666666667,0.0,40.19720042739546,optimal
2021-02-10 02:00:00,1,22,2.8,0.0,0.0,0.22313333333333332,11.508,6.0,1,19.584968433225836,,7000.0,0.0,0.0,0.0,40.157003226968065,optimal
2021-02-10 02:30:00,1,22,1.1115629822318838,0.0,0.0,0.069,11.844,6.0,1,19.711758084467476,,2778.9074555797097,0.0,0.0,0.0,40.1168462237411,optimal
2021-02-10 03:00:00,1,22,2.8,0.0,0.0,0.27586666666666665,11.508,6.0,1,19.7244507346795,,7000.0,0.0,0.0,0.0,40.07672937751736,optimal
2021-02-10 03:30:00,1,22,2.8,0.0,0.0,0.08306666666666666,11.508,6.0,1,19.85215938696515,,7000.0,0.0,0.0,0.0,40.03665264813984,optimal
2021-02-10 04:00:00,1,22,2.8,0.0,5.0,0.15806666666666666,10.4475,6.0,1,19.974445136744777,,7000.0,0.0,0.0,0.0,42.3716159954917,optimal
2021-02-10 04:30:00,1,22,2.8,0.0,5.0,0.13053333333333333,10.8675,6.0,1,20.098284101377132,,7000.0,0.0,0.0,0.0,44.70424437949621,optimal
2021-02-10 05:00:00,1,22,2.8,0.0,5.0,0.13933333333333334,10.542,6.0,1,20.220683501605645,,7000.0,0.0,0.0,0.0,47.034540135116714,optimal
2021-02-10 05:30:00,1,22,2.8,0.0,0.0,0.14136666666666667,11.025,6.0,1,20.342592087810043,,7000.0,0.0,0.0,0.0,46.9875055949816,optimal
2021-02-10 06:00:00,1,22,2.8,0.0,3.7584730485336073,0.1191,11.025,6.0,1,20.463835621251466,,7000.0,0.0,0.0,0.0,48.72579278744007,optimal
2021-02-10 06:30:00,1,22,0.0,0.0,0.0,0.16746666666666668,14.553,6.0,1,20.58378483688384,,0.0,0.0,0.0,0.0,48.67706699465263,optimal
2021-02-10 07:00:00,1,22,0.0,0.0,0.0,0.1803333333333333,13.0935,6.0,1,20.523360255937792,,0.0,0.0,0.0,0.0,48.62838992765797,optimal
2021-02-10 07:30:00,1,22,0.0,0.0,0.0,0.1575,15.6345,6.0,1,20.464112494134298,,0.0,0.0,0.0,0.0,48.579761537730306,optimal
2021-02-10 08:00:00,1,22,0.0,0.0,0.0,0.1331,18.102,6.0,1,20.404301343042246,,0.0,0.0,0.0,0.0,48.53118177619257,optimal
2021-02-10 08:30:00,1,22,0.0,0.0,0.0,0.3464,17.199,6.0,1,20.35258862626254,,0.0,0.0,0.0,0.0,48.48265059441637,optimal
2021-02-10 09:00:00,1,22,0.0,0.0,0.0,0.3234666666666666,18.2805,6.0,1,20.311520045133765,,0.0,0.0,0.0,0.0,48.434167943821954,optimal
2021-02-10 09:30:00,1,22,0.0,0.0,0.0,1.570266666666667,17.4615,6.0,1,20.279700408668678,,0.0,0.0,0.0,0.0,48.38573377587813,optimal
2021-02-10 10:00:00,1,22,0.0,0.0,0.0,1.8175666666666663,18.3225,6.0,1,20.268475736857905,,0.0,0.0,0.0,0.0,48.33734804210225,optimal
2021-02-10 10:30:00,1,22,0.0,0.0,0.0,0.3110333333333334,17.094,6.0,1,20.274899862664395,,0.0,0.0,0.0,0.0,48.289010694060146,optimal
2021-02-10 11:00:00,1,22,0.0,0.0,0.0,0.565,17.094,6.0,1,20.261207490689998,,0.0,0.0,0.0,0.0,48.240721683366075,optimal
2021-02-10 11:30:00,1,22,0.0,0.0,0.0,0.6033333333333334,17.094,6.0,1,20.263244370422644,,0.0,0.0,0.0,0.0,48.192480961682705,optimal
2021-02-10 12:00:00,1,22,0.0,0.0,0.0,0.61,17.3565,6.0,1,20.26659422836032,,0.0,0.0,0.0,0.0,48.144288480721016,optimal
2021-02-10 12:30:00,1,22,0.0,0.0,0.0,0.4968,17.115,6.0,1,20.28568605305868,,0.0,0.0,0.0,0.0,48.096144192240295,optimal
2021-02-10 13:00:00,1,22,0.0,0.0,0.0,0.45766666666666667,17.241,6.0,1,20.302866038160193,,0.0,0.0,0.0,0.0,48.048048048048045,optimal
2021-02-10 13:30:00,1,22,0.0,0.0,0.0,1.2614333333333334,17.094,6.0,1,20.31932382734902,,0.0,0.0,0.0,0.0,48.0,optimal
2021-02-10 14:00:00,1,22,0.0,0.0,0.0,0.4849666666666666,16.5165,6.0,1,20.337513668433765,,0.0,0.0,0.0,0.0,47.73740270963517,optimal
2021-02-10 14:30:00,1,22,0.0,0.0,0.0,0.4078,17.8185,6.0,1,20.348801486368032,,0.0,0.0,0.0,0.0,47.475068016560705,optimal
2021-02-10 15:00:00,1,22,0.0,0.0,0.0,0.6317666666666667,17.094,6.0,1,20.35603476108993,,0.0,0.0,0.0,0.0,47.21299565817932,optimal
2021-02-10 15:30:00,1,22,0.0,0.0,0.0,0.5124666666666667,16.8945,6.0,1,20.35830562458083,,0.0,0.0,0.0,0.0,46.95118537215631,optimal
2021-02-10 16:00:00,1,22,0.0,0.0,0.0,0.8840333333333333,18.123,6.0,1,20.35685685817246,,0.0,0.0,0.0,0.0,46.68963689641932,optimal
2021-02-10 16:30:00,1,22,0.0,0.0,0.0,0.4589,31.647,6.0,1,20.35587877483613,,0.0,0.0,0.0,0.0,46.42834996915808,optimal
2021-02-10 17:00:00,1,22,0.0,0.0,0.0,0.38853333333333334,34.9965,6.0,1,20.34682708941971,,0.0,0.0,0.0,0.0,46.167324328824094,optimal
2021-02-10 17:30:00,1,22,0.0,0.0,0.0,0.2488333333333333,34.9965,6.0,1,20.31356623546946,,0.0,0.0,0.0,0.0,45.90655971413044,optimal
2021-02-10 18:00:00,1,22,0.0,0.0,0.0,0.24869999999999998,34.9965,6.0,1,20.27944788630373,,0.0,0.0,0.0,0.0,45.646055864051476,optimal
2021-02-10 18:30:00,1,22,0.0,0.0,0.0,0.25046666666666667,34.9965,6.0,1,20.23485656140078,,0.0,0.0,0.0,0.0,45.38581251782259,optimal
2021-02-10 19:00:00,1,22,0.0,0.0,0.0,0.16746666666666668,34.9965,6.0,1,20.19140294595342,,0.0,0.0,0.0,0.0,45.12582941493994,optimal
2021-02-10 19:30:00,1,22,0.0,0.0,0.0,0.17476666666666668,27.741,6.0,1,20.128852912336328,,0.0,0.0,0.0,0.0,44.86610629516017,optimal
2021-02-10 20:00:00,1,22,0.0,0.0,0.0,0.0857,19.026,6.0,1,20.065886151842374,,0.0,0.0,0.0,0.0,44.60664289850018,optimal
2021-02-10 20:30:00,1,22,0.0,0.0,0.0,0.16746666666666668,18.7215,6.0,1,20.0,,0.0,0.0,0.0,0.0,44.347438965236854,optimal
2021-02-10 21:00:00,1,22,0.0,0.0,0.0,0.1358,17.4195,6.0,1,19.936289883798814,,0.0,0.0,0.0,0.0,44.088494235906786,optimal
2021-02-10 21:30:00,1,22,0.0,0.0,0.0,0.195,16.758,6.0,1,19.871801287017107,,0.0,0.0,0.0,0.0,43.82980845130605,optimal
2021-02-10 22:00:00,1,22,0.0,0.0,0.0,0.11013333333333333,14.217,6.0,1,19.80436874505413,,0.0,0.0,0.0,0.0,43.785978642854744,optimal
2021-02-10 22:30:00,1,22,0.0,0.0,0.0,0.069,13.3665,6.0,1,19.731635485501062,,0.0,0.0,0.0,0.0,43.74219266421189,optimal
2021-02-10 23:00:00,1,22,0.0,0.0,0.0,0.26766666666666666,12.789,6.0,1,19.658065450848778,,0.0,0.0,0.0,0.0,43.69845047154768,optimal
2021-02-10 23:30:00,1,22,0.0,0.0,0.0,0.09126666666666668,11.907,6.0,1,19.589086853120435,,0.0,0.0,0.0,0.0,43.654752021076135,optimal
2021-02-11 00:00:00,1,22,2.8,0.0,5.0,0.073,10.4265,6.0,-9,19.589086853120435,,7000.0,0.0,0.0,0.0,45.98609726905506,optimal
2021-02-11 00:30:00,1,22,2.8,0.0,1.683938047010363,0.12966666666666665,12.789,6.0,-9,19.700156932427888,,7000.0,0.0,0.0,0.0,46.73998174411592,optimal
2021-02-11 01:00:00,1,22,2.8,0.0,5.0,0.07286666666666666,12.684,6.0,-9,19.812801354837855,,7000.0,0.0,0.0,0.0,49.0682417623718,optimal
2021-02-11 01:30:00,1,22,2.8,0.0,0.0,0.10753333333333331,16.254,6.0,-9,19.92168306544103,,7000.0,0.0,0.0,0.0,49.01917352060943,optimal
2021-02-11 02:00:00,1,22,2.8,0.0,0.0,0.059,17.64,6.0,-9,20.031113323571255,,7000.0,0.0,0.0,0.0,48.97015434708881,optimal
2021-02-11 02:30:00,1,22,0.0,0.0,0.0,0.059,19.1625,6.0,-9,20.138928467592603,,0.0,0.0,0.0,0.0,48.92118419274172,optimal
2021-02-11 03:00:00,1,22,0.0,0.0,0.0,0.059,26.46,6.0,-9,20.064181781730284,,0.0,0.0,0.0,0.0,48.87226300854897,optimal
2021-02-11 03:30:00,1,22,0.0,0.0,0.0,0.111,20.79,6.0,-9,19.98935339990981,,0.0,0.0,0.0,0.0,48.823390745540415,optimal
2021-02-11 04:00:00,1,22,0.0,0.0,0.0,0.0694,29.106,6.0,-9,19.916927036438206,,0.0,0.0,0.0,0.0,48.774567354794875,optimal
2021-02-11 04:30:00,1,22,0.0,0.0,0.0,0.059,19.1835,6.0,-9,19.844462797710758,,0.0,0.0,0.0,0.0,48.72579278744007,optimal
2021-02-11 05:00:00,1,22,0.0,0.0,0.0,0.07633333333333332,19.6665,6.0,-9,19.77196274918075,,0.0,0.0,0.0,0.0,48.67706699465263,optimal
2021-02-11 05:30:00,1,22,0.0,0.0,0.0,0.10406666666666667,19.404,6.0,-9,19.700147635712465,,0.0,0.0,0.0,0.0,48.62838992765797,optimal
2021-02-11 06:00:00,1,22,2.8,0.0,0.0,0.0902,19.047,6.0,-9,19.630094242102228,,7000.0,0.0,0.0,0.0,48.579761537730306,optimal
2021-02-11 06:30:00,1,22,2.8,0.0,0.0,0.0902,18.858,6.0,-9,19.742605461212957,,7000.0,0.0,0.0,0.0,48.53118177619257,optimal
2021-02-11 07:00:00,1,22,1.5562042483412486,0.0,0.0,0.059,19.2675,6.0,-9,19.85556146462522,,3890.5106208531215,0.0,0.0,0.0,48.48265059441637,optimal
2021-02-11 07:30:00,1,22,2.8,0.0,0.0,0.05966666666666666,18.963,6.0,-9,19.88735245160497,,7000.0,0.0,0.0,0.0,48.434167943821954,optimal
2021-02-11 08:00:00,1,22,2.132217902454792,0.0,0.0,0.06833333333333333,18.438,6.0,-9,20.0,,5330.54475613698,0.0,0.0,0.0,48.38573377587813,optimal
2021-02-11 08:30:00,1,22,0.0,0.0,0.0,0.059,18.7425,6.0,-9,20.06961024821972,,0.0,0.0,0.0,0.0,48.33734804210225,optimal
2021-02-11 09:00:00,1,22,2.4307610335904006,0.0,0.0,0.11033333333333331,15.2145,6.0,-9,20.0,,5380.235917309335,0.0,696.6666666666666,0.0,48.289010694060146,optimal
2021-02-11 09:30:00,1,22,0.0,0.0,0.0,0.0674,17.7765,6.0,-9,20.08457487836439,,0.0,0.0,0.0,0.0,48.240721683366075,optimal
2021-02-11 10:00:00,1,22,0.0,0.0,0.0,0.4048333333333333,16.758,6.0,-9,20.036980009655547,,0.0,0.0,0.0,0.0,48.192480961682705,optimal
2021-02-11 10:30:00,1,22,0.0,0.0,0.0,0.19733333333333328,16.422,6.0,-9,20.02419127687737,,0.0,0.0,0.0,0.0,48.144288480721016,optimal
2021-02-11 11:00:00,1,22,0.0,0.0,0.0,0.32076666666666664,16.758,6.0,-9,20.00442643074853,,0.0,0.0,0.0,0.0,48.096144192240295,optimal
2021-02-11 11:30:00,1,22,0.0,0.0,0.0,1.5993333333333333,29.358,6.0,-9,20.0,,0.0,0.0,0.0,0.0,48.048048048048045,optimal
2021-02-11 12:00:00,1,22,0.0,0.0,0.0,0.2768,34.9965,6.0,-9,20.00343691653206,,0.0,0.0,0.0,0.0,48.0,optimal
2021-02-11 12:30:00,1,22,0.0,0.0,0.0,0.18053333333333332,34.65,6.0,-9,20.011576607916872,,0.0,0.0,0.0,0.0,47.662989188722506,optimal
2021-02-11 13:00:00,1,22,0.0,0.0,0.0,0.19233333333333327,34.9965,6.0,-9,20.01450747299139,,0.0,0.0,0.0,0.0,47.32631538825629,optimal
2021-02-11 13:30:00,1,22,0.0,0.0,0.0,0.21956666666666663,34.9965,6.0,-9,20.012691412220093,,0.0,0.0,0.0,0.0,46.989978261590544,optimal
2021-02-11 14:00:00,1,22,0.0,0.0,0.0,0.3985666666666667,30.4815,6.0,-9,20.01149038558538,,0.0,0.0,0.0,0.0,46.65397747205146,optimal
2021-02-11 14:30:00,1,22,0.0,0.0,0.0,1.5428666666666666,21.4305,6.0,-9,20.021829901735906,,0.0,0.0,0.0,0.0,46.31831268330191,optimal
2021-02-11 15:00:00,1,22,0.0,0.0,0.0,0.258,14.3325,6.0,-9,20.039227876996584,,0.0,0.0,0.0,0.0,45.982983559341115,optimal
2021-02-11 15:30:00,1,22,0.17855394490731072,0.0,0.0,0.2369333333333333,13.692,6.0,-9,20.034184183217437,,28.38486226827677,0.0,418.0,0.0,45.64798976450428,optimal
2021-02-11 16:00:00,1,22,0.0,0.0,0.0,0.203,14.007,6.0,-9,20.024721528997386,,0.0,0.0,0.0,0.0,45.313330963462285,optimal
2021-02-11 16:30:00,1,22,0.5214313818088347,0.0,0.0,0.3442,12.873,6.0,-9,20.0,,885.578454522087,0.0,418.0,0.0,44.97900682122133,optimal
2021-02-11 17:00:00,1,22,0.4460033892386881,0.0,0.0,1.7755999999999998,12.684,6.0,-9,20.0,,1045.3418064300536,0.0,69.66666666666666,0.0,44.64501700312262,optimal
2021-02-11 17:30:00,1,22,0.893496219163389,0.0,0.0,0.34036666666666665,12.306,6.0,-9,20.0,,2094.407214575139,0.0,139.33333333333331,0.0,44.311361174842006,optimal
2021-02-11 18:00:00,1,22,2.8,0.0,0.0,0.22876666666666667,10.6365,6.0,-9,20.0,,7000.0,0.0,0.0,0.0,43.97803900238967,optimal
2021-02-11 18:30:00,1,22,0.0,0.0,0.0,1.5634000000000001,11.2455,6.0,-9,20.116641743176725,,0.0,0.0,0.0,0.0,43.64505015210979,optimal
2021-02-11 19:00:00,1,22,0.17626340441434224,0.0,0.0,0.2717,11.2455,6.0,-9,20.059454919693987,,440.6585110358556,0.0,0.0,0.0,43.31239429068019,optimal
2021-02-11 19:30:00,1,22,2.0373142776221527,0.0,0.0,1.5041333333333335,11.025,6.0,-9,20.0,,4953.952360722048,0.0,139.33333333333331,0.0,42.980071085112016,optimal
2021-02-11 20:00:00,1,22,0.0,0.0,0.0,0.22173333333333328,12.0855,6.0,-9,20.069969930119036,,0.0,0.0,0.0,0.0,42.64808020274941,optimal
2021-02-11 20:30:00,1,22,0.0,0.0,0.0,0.25,11.6865,6.0,-9,20.0,,0.0,0.0,0.0,0.0,42.31642131126917,optimal
2021-02-11 21:00:00,1,22,0.0,0.0,0.0,0.23733333333333329,11.2245,6.0,-9,19.92975969742101,,0.0,0.0,0.0,0.0,41.985094078680405,optimal
2021-02-11 21:30:00,1,22,0.0836,0.0,0.0,0.4754666666666666,11.025,6.0,-9,19.862168791029855,,0.0,0.0,209.0,0.0,41.65409817332423,optimal
2021-02-11 22:00:00,1,22,0.0,0.0,0.0,0.334,10.7835,6.0,-9,19.800428589692707,,0.0,0.0,0.0,0.0,41.32343326387341,optimal
2021-02-11 22:30:00,1,22,0.0,0.0,0.0,0.2685,11.025,6.0,-9,19.73760974950431,,0.0,0.0,0.0,0.0,40.99309901933204,optimal
2021-02-11 23:00:00,1,22,0.0,0.0,0.0,0.167,10.584,6.0,-9,19.666457435615445,,0.0,0.0,0.0,0.0,40.66309510903522,optimal
2021-02-11 23:30:00,1,22,0.0,0.0,0.0,0.12833333333333335,11.025,6.0,-9,19.58801892098518,,0.0,0.0,0.0,0.0,40.622432013926186,optimal
2021-02-12 00:00:00,1,22,0.722162645507907,0.0,0.0,0.09566666666666669,13.587,6.0,-16,19.58801892098518,,1805.4066137697675,0.0,0.0,0.0,40.58180958191226,optimal
2021-02-12 00:30:00,1,22,0.0,0.0,0.0,0.167,16.1385,6.0,-16,19.55437257557909,,0.0,0.0,0.0,0.0,40.541227772330345,optimal
2021-02-12 01:00:00,1,22,0.0,0.0,0.0,0.047,14.595,6.0,-16,19.475871813013548,,0.0,0.0,0.0,0.0,40.500686544558015,optimal
2021-02-12 01:30:00,1,22,0.0,0.0,0.0,0.1745,14.637,6.0,-16,19.394506898711494,,0.0,0.0,0.0,0.0,40.46018585801345,optimal
2021-02-12 02:00:00,1,22,0.0,0.0,0.0,0.0845,13.9125,6.0,-16,19.317041698556896,,0.0,0.0,0.0,0.0,40.41972567215544,optimal
2021-02-12 02:30:00,1,22,2.8,0.0,0.0,0.092,13.3665,6.0,-16,19.237812029029815,,312.0,0.0,6688.0,0.0,40.37930594648328,optimal
2021-02-12 03:00:00,1,22,2.8,0.0,0.0,0.167,13.0095,6.0,-16,19.16811114790451,,7000.0,0.0,0.0,0.0,40.3389266405368,optimal
2021-02-12 03:30:00,1,22,2.8,0.0,0.0,0.047,13.8915,6.0,-16,19.27533754656132,,7000.0,0.0,0.0,0.0,40.29858771389626,optimal
2021-02-12 04:00:00,1,22,2.8,0.0,0.0,0.212,13.188,6.0,-16,19.381363496395533,,7000.0,0.0,0.0,0.0,40.25828912618236,optimal
2021-02-12 04:30:00,1,22,2.8,0.0,1.6568081220840052,0.047,12.5685,6.0,-16,19.493598383452934,,7000.0,0.0,0.0,0.0,41.00501469504607,optimal
2021-02-12 05:00:00,1,22,2.8,0.0,5.0,0.1895,12.285,6.0,-16,19.603447329060785,,7000.0,0.0,0.0,0.0,43.339009680351026,optimal
2021-02-12 05:30:00,1,22,2.8,0.0,5.0,0.0695,11.487,6.0,-16,19.71890819933936,,7000.0,0.0,0.0,0.0,45.670670670670674,optimal
2021-02-12 06:00:00,1,22,2.8,0.0,5.0,0.04633333333333334,11.802,6.0,-16,19.833465487682812,,7000.0,0.0,0.0,0.0,48.0,optimal
2021-02-12 06:30:00,1,22,2.8,0.0,0.0,1.022066666666667,11.2245,6.0,-16,19.950443766609247,,7000.0,0.0,0.0,0.0,46.56653760156773,optimal
2021-02-12 07:00:00,1,22,2.8,0.0,0.0,0.084,11.025,6.0,-16,20.075751188028665,,7000.0,0.0,0.0,0.0,45.13450866553389,optimal
2021-02-12 07:30:00,1,22,2.8,0.0,0.0,0.05686666666666667,11.907,6.0,-16,20.19726982971301,,7000.0,0.0,0.0,0.0,43.70391175843609,optimal
2021-02-12 08:00:00,1,22,0.0,0.0,0.0,1.303,25.83,6.0,-16,20.316225214837296,,0.0,0.0,0.0,0.0,42.27474544824539,optimal
2021-02-12 08:30:00,1,22,0.0,0.0,0.0,0.222,28.035,6.0,-16,20.262852598694437,,0.0,0.0,0.0,0.0,40.84700830436488,optimal
2021-02-12 09:00:00,1,22,0.0,0.0,0.0,0.057,28.119,6.0,-16,20.190407862380795,,0.0,0.0,0.0,0.0,39.42069889762824,optimal
2021-02-12 09:30:00,1,22,0.0,0.0,0.0,0.057,30.156,6.0,-16,20.12615809240141,,0.0,0.0,0.0,0.0,37.995815800298345,optimal
2021-02-12 10:00:00,1,22,0.0,0.0,0.0,0.1845,29.1585,6.0,-16,20.069233303747282,,0.0,0.0,0.0,0.0,36.57235758606578,optimal
2021-02-12 10:30:00,1,22,0.0,0.0,0.0,0.0945,26.712,6.0,-16,20.041448015174087,,0.0,0.0,0.0,0.0,35.15032283004744,optimal
2021-02-12 11:00:00,1,22,0.0,0.0,0.0,0.057,15.435,6.0,-16,20.012708057453338,,0.0,0.0,0.0,0.0,33.72971010878513,optimal
2021-02-12 11:30:00,1,22,0.0,0.0,0.0,0.4125,13.566,6.0,-16,20.0,,0.0,0.0,0.0,0.0,32.31051800024407,optimal
2021-02-12 12:00:00,1,22,0.0,0.0,0.0,0.48123333333333335,12.789,6.0,-16,20.00112352986934,,0.0,0.0,0.0,0.0,30.892745083811562,optimal
2021-02-12 12:30:00,1,22,0.0,0.0,0.0,0.4399333333333333,12.1275,6.0,-16,20.008761296867394,,0.0,0.0,0.0,0.0,30.86185233872775,optimal
2021-02-12 13:00:00,1,22,0.0,0.0,0.0,0.5115,13.671,6.0,-16,20.01951372649627,,0.0,0.0,0.0,0.0,30.830990486389023,optimal
2021-02-12 13:30:00,1,22,0.8081333333333334,0.0,0.0,0.07740000000000001,10.668,6.0,-16,20.03794104000298,,0.0,0.0,2020.3333333333333,0.0,30.800159495902633,optimal
2021-02-12 14:00:00,1,22,0.0,0.0,0.0,0.08173333333333334,11.7285,6.0,-16,20.044185800157244,,0.0,0.0,0.0,0.0,30.76935933640673,optimal
2021-02-12 14:30:00,1,22,0.0,0.0,0.0,0.3578,11.025,6.0,-16,20.04654241705579,,0.0,0.0,0.0,0.0,30.738589977070323,optimal
2021-02-12 15:00:00,1,22,0.0,0.0,0.0,0.5192,10.689,6.0,-16,20.055481438908135,,0.0,0.0,0.0,0.0,30.707851387093253,optimal
2021-02-12 15:30:00,1,22,2.8,0.0,0.0,2.8578666666666668,8.1585,6.0,-16,20.05879959925959,,4840.333333333334,0.0,2159.6666666666665,0.0,30.67714353570616,optimal
2021-02-12 16:00:00,1,22,0.0,0.0,0.0,0.21503333333333333,10.3635,6.0,-16,20.23018070453728,,0.0,0.0,0.0,0.0,30.646466392170456,optimal
2021-02-12 16:30:00,1,22,0.0,0.0,0.0,0.24969999999999998,10.8045,6.0,-16,20.21070974821382,,0.0,0.0,0.0,0.0,30.615819925778286,optimal
2021-02-12 17:00:00,1,22,0.0,0.0,0.0,0.13,11.025,6.0,-16,20.191241058051013,,0.0,0.0,0.0,0.0,30.585204105852508,optimal
2021-02-12 17:30:00,1,22,0.0,0.0,0.0,0.21673333333333328,10.3635,6.0,-16,20.15324495069526,,0.0,0.0,0.0,0.0,30.554618901746654,optimal
2021-02-12 18:00:00,1,22,0.0,0.0,0.0,0.1724,10.8045,6.0,-16,20.11705943567598,,0.0,0.0,0.0,0.0,30.524064282844908,optimal
2021-02-12 18:30:00,1,22,0.2668154672847879,0.0,0.0,0.2145,10.059,6.0,-16,20.070379851075828,,667.0386682119697,0.0,0.0,0.0,30.493540218562064,optimal
2021-02-12 19:00:00,1,22,0.0,0.0,0.0,0.364,10.584,6.0,-16,20.04090334255729,,0.0,0.0,0.0,0.0,30.463046678343503,optimal
2021-02-12 19:30:00,1,22,2.172967941867246,0.0,0.0,0.09813333333333334,9.4185,6.0,-16,20.0,,3551.4198546681146,0.0,1881.0,0.0,30.43258363166516,optimal
2021-02-12 20:00:00,1,22,0.0,0.0,0.0,0.503,10.3635,6.0,-16,20.043368563418063,,0.0,0.0,0.0,0.0,30.402151048033495,optimal
2021-02-12 20:30:00,1,22,0.0,0.0,0.0,1.116266666666667,9.8385,6.0,-16,20.0,,0.0,0.0,0.0,0.0,30.371748896985462,optimal
2021-02-12 21:00:00,1,22,0.0,0.0,0.0,0.08213333333333334,11.067,6.0,-16,19.964384892646066,,0.0,0.0,0.0,0.0,30.341377148088476,optimal
2021-02-12 21:30:00,1,22,0.0,0.0,0.0,0.9678,10.8465,6.0,-16,19.91867644853761,,0.0,0.0,0.0,0.0,30.31103577094039,optimal
2021-02-12 22:00:00,1,22,0.0,0.0,0.0,1.0667666666666669,13.671,6.0,-16,19.886602681035246,,0.0,0.0,0.0,0.0,30.28072473516945,optimal
2021-02-12 22:30:00,1,22,0.0,0.0,0.0,0.2884,12.348,6.0,-16,19.86103878137642,,0.0,0.0,0.0,0.0,30.25044401043428,optimal
2021-02-12 23:00:00,1,22,0.0,0.0,0.0,0.38439999999999996,14.3325,6.0,-16,19.819771476252626,,0.0,0.0,0.0,0.0,30.220193566423845,optimal
2021-02-12 23:30:00,1,22,0.0,0.0,0.0,0.3412,15.393,6.0,-16,19.779469168310882,,0.0,0.0,0.0,0.0,30.18997337285742,optimal
2021-02-13 00:00:00,1,22,0.0,0.0,0.0,0.062,13.0095,6.0,-17,19.779469168310882,,0.0,0.0,0.0,0.0,30.159783399484564,optimal
2021-02-13 00:30:00,1,22,2.8,0.0,5.0,0.062,11.025,6.0,-17,19.718881439541853,,520.9999999999991,0.0,6479.000000000001,0.0,32.504623616085084,optimal
2021-02-13 01:00:00,1,22,0.1937364338260884,0.0,0.0,0.062,12.789,6.0,-17,19.672189246883537,,484.341084565221,0.0,0.0,0.0,32.472118992469,optimal
2021-02-13 01:30:00,1,22,2.8,0.0,5.0,0.166,12.1275,6.0,-17,19.624857305860857,,7000.0,0.0,0.0,0.0,34.81464687347653,optimal
2021-02-13 02:00:00,1,22,2.8,0.0,3.647110434676626,0.101,12.1695,6.0,-17,19.74984690887449,,7000.0,0.0,0.0,0.0,36.51220968307445,optimal
2021-02-13 02:30:00,1,22,2.8,0.0,0.0,0.062,12.306,6.0,-17,19.872904941847306,,7000.0,0.0,0.0,0.0,36.47569747339138,optimal
2021-02-13 03:00:00,1,22,0.0,0.0,0.0,0.1335,13.23,6.0,-17,19.994551490281975,,0.0,0.0,0.0,0.0,36.43922177591798,optimal
2021-02-13 03:30:00,1,22,0.0,0.0,0.0,0.1335,13.671,6.0,-17,19.935772840998958,,0.0,0.0,0.0,0.0,36.40278255414206,optimal
2021-02-13 04:00:00,1,22,0.0,0.0,0.0,0.062,13.9335,6.0,-17,19.877022591163257,,0.0,0.0,0.0,0.0,36.36637977158791,optimal
2021-02-13 04:30:00,1,22,0.0,0.0,0.0,0.114,13.293,6.0,-17,19.81644277721536,,0.0,0.0,0.0,0.0,36.33001339181632,optimal
2021-02-13 05:00:00,1,22,2.8,0.0,5.0,0.153,12.1065,6.0,-17,19.757086616052252,,7000.0,0.0,0.0,0.0,38.668683378424504,optimal
2021-02-13 05:30:00,1,22,2.8,0.0,5.0,0.062,11.571,6.0,-17,19.880501889889764,,7000.0,0.0,0.0,0.0,41.00501469504607,optimal
2021-02-13 06:00:00,1,22,2.8,0.0,5.0,0.06133333333333334,11.025,6.0,-17,20.000829838198147,,7000.0,0.0,0.0,0.0,43.339009680351026,optimal
2021-02-13 06:30:00,1,22,2.8,0.0,5.0,0.062,10.8465,6.0,-17,20.121656743384545,,7000.0,0.0,0.0,0.0,45.670670670670674,optimal
2021-02-13 07:00:00,1,22,2.8,0.0,5.0,1.2827666666666668,11.2455,6.0,-17,20.240719282710614,,7000.0,0.0,0.0,0.0,48.0,optimal
2021-02-13 07:30:00,1,22,0.0,0.0,0.0,1.1401,23.8665,6.0,-17,20.369537897593705,,0.0,0.0,0.0,0.0,46.913004109060935,optimal
2021-02-13 08:00:00,1,22,0.0,0.0,0.0,0.1565,27.4575,6.0,-17,20.310602431709775,,0.0,0.0,0.0,0.0,45.827095214012814,optimal
2021-02-13 08:30:00,1,22,0.0,0.0,0.0,0.1305,27.3735,6.0,-17,20.245054103435432,,0.0,0.0,0.0,0.0,44.742272227859736,optimal
2021-02-13 09:00:00,1,22,0.0,0.0,0.0,0.072,30.4605,6.0,-17,20.179203991102693,,0.0,0.0,0.0,0.0,43.658534064692816,optimal
2021-02-13 09:30:00,1,22,0.0,0.0,0.0,0.215,30.0195,6.0,-17,20.122016057269516,,0.0,0.0,0.0,0.0,42.57587963968906,optimal
2021-02-13 10:00:00,1,22,0.0,0.0,0.0,0.07133333333333333,26.9325,6.0,-17,20.06953763786083,,0.0,0.0,0.0,0.0,41.49430786911031,optimal
2021-02-13 10:30:00,1,22,0.0,0.0,0.0,0.1415,14.595,6.0,-17,20.032286943267476,,0.0,0.0,0.0,0.0,40.41381767030214,optimal
2021-02-13 11:00:00,1,22,0.21510760402522947,0.0,0.0,0.14216666666666666,12.4845,6.0,-17,20.0,,537.7690100630737,0.0,0.0,0.0,39.33440796169277,optimal
2021-02-13 11:30:00,1,22,0.29475091921877244,0.0,0.0,0.1045,12.1275,6.0,-17,20.0,,667.2106313802644,0.0,69.66666666666666,0.0,38.256077662792016,optimal
2021-02-13 12:00:00,1,22,0.17827028174484008,0.0,0.0,0.1818333333333333,12.1275,6.0,-17,20.0,,445.6757043621002,0.0,0.0,0.0,37.17882569419016,optimal
2021-02-13 12:30:00,1,22,0.0,0.0,0.0,0.07466666666666667,12.789,6.0,-17,20.005687083735317,,0.0,0.0,0.0,0.0,36.102650977556905,optimal
2021-02-13 13:00:00,1,22,0.0836,0.0,0.0,0.2278,11.907,6.0,-17,20.0,,0.0,0.0,209.0,0.0,35.02755243564029,optimal
2021-02-13 13:30:00,1,22,0.027866666666666665,0.0,0.0,0.26973333333333327,11.025,6.0,-17,20.00486555596472,,0.0,0.0,69.66666666666666,0.0,34.992524883204645,optimal
2021-02-13 14:00:00,1,22,0.0836,0.0,0.0,0.37423333333333336,8.2005,6.0,-17,20.015602098826577,,0.0,0.0,209.0,0.0,34.95753235832144,optimal
2021-02-13 14:30:00,1,22,0.0,0.0,0.0,0.5073,9.5655,6.0,-17,20.01456226380371,,0.0,0.0,0.0,0.0,34.92257482596312,optimal
2021-02-13 15:00:00,1,22,2.8,0.0,0.0,0.27476666666666666,7.056,6.0,-17,20.01759016004639,,5188.666666666667,0.0,1811.3333333333333,0.0,34.887652251137155,optimal
2021-02-13 15:30:00,1,22,0.0,0.0,0.0,0.3670333333333334,9.3975,6.0,-17,20.137368067718654,,0.0,0.0,0.0,0.0,34.85276459888602,optimal
2021-02-13 16:00:00,1,22,0.0,0.0,0.0,0.5401,10.059,6.0,-17,20.12371624973496,,0.0,0.0,0.0,0.0,34.81791183428713,optimal
2021-02-13 16:30:00,1,22,0.0,0.0,0.0,0.3605333333333334,9.261,6.0,-17,20.104799291365232,,0.0,0.0,0.0,0.0,34.78309392245284,optimal
2021-02-13 17:00:00,1,22,1.503125054669607,0.0,0.0,0.39513333333333334,8.1585,6.0,-17,20.07865062623048,,3757.812636674018,0.0,0.0,0.0,34.74831082853039,optimal
2021-02-13 17:30:00,1,22,0.0,0.0,0.0,0.26613333333333333,9.4815,6.0,-17,20.134563777284928,,0.0,0.0,0.0,0.0,34.71356251770186,optimal
2021-02-13 18:00:00,1,22,0.0,0.0,0.0,0.4378333333333333,8.379,6.0,-17,20.0855650198726,,0.0,0.0,0.0,0.0,34.67884895518416,optimal
2021-02-13 18:30:00,1,22,0.0,0.0,0.0,0.46053333333333335,9.5235,6.0,-17,20.042674482291922,,0.0,0.0,0.0,0.0,34.64417010622898,optimal
2021-02-13 19:00:00,1,22,1.0753335329528462,0.0,0.0,0.6901,8.1375,6.0,-17,20.0,,2688.3338323821154,0.0,0.0,0.0,34.60952593612275,optimal
2021-02-13 19:30:00,1,22,0.0,0.0,0.0,0.37226666666666663,10.0905,6.0,-17,20.037859841396013,,0.0,0.0,0.0,0.0,34.574916410186624,optimal
2021-02-13 20:00:00,1,22,0.820227437310664,0.0,0.0,0.40903333333333336,7.539,6.0,-17,20.0,,1493.2352599433268,0.0,557.3333333333334,0.0,34.54034149377644,optimal
2021-02-13 20:30:00,1,22,0.0,0.0,0.0,0.5244666666666667,7.938,6.0,-17,20.0,,0.0,0.0,0.0,0.0,34.505801152282665,optimal
2021-02-13 21:00:00,1,22,0.0,0.0,0.0,0.6557000000000001,8.274,6.0,-17,19.967173219455763,,0.0,0.0,0.0,0.0,34.47129535113038,optimal
2021-02-13 21:30:00,1,22,0.0,0.0,0.0,0.5039,9.261,6.0,-17,19.93539066579903,,0.0,0.0,0.0,0.0,34.43682405577925,optimal
2021-02-13 22:00:00,1,22,0.0,0.0,0.0,0.8246,9.9225,6.0,-17,19.894592417210614,,0.0,0.0,0.0,0.0,34.402387231723466,optimal
2021-02-13 22:30:00,1,22,0.0,0.0,0.0,0.432,9.702,6.0,-17,19.862103602554114,,0.0,0.0,0.0,0.0,34.367984844491744,optimal
2021-02-13 23:00:00,1,22,0.0,0.0,0.0,0.22503333333333334,10.584,6.0,-17,19.8187500044878,,0.0,0.0,0.0,0.0,34.33361685964725,optimal
2021-02-13 23:30:00,1,22,0.0,0.0,0.0,0.176,10.143,6.0,-17,19.76548834487305,,0.0,0.0,0.0,0.0,34.2992832427876,optimal
2021-02-07 00:00:00,2,22,2.8,0.0,0.0,0.065,1.5435,6.0,-10,21.0,,7000.0,0.0,0.0,0.0,47.952,optimal
2021-02-07 00:30:00,2,22,2.8,0.0,1.729989026189646,0.1325,1.5435,6.0,-10,21.128047201040058,,7000.0,0.0,0.0,0.0,48.72579278744007,optimal
2021-02-07 01:00:00,2,22,0.0,0.0,0.0,0.0875,5.0715,6.0,-10,21.25711059076541,,0.0,0.0,0.0,0.0,48.67706699465263,optimal
2021-02-07 01:30:00,2,22,0.0,0.0,0.0,0.184,5.376,6.0,-10,21.20237412140907,,0.0,0.0,0.0,0.0,48.62838992765797,optimal
2021-02-07 02:00:00,2,22,2.2431142393181434,0.0,0.0,0.1,5.0715,6.0,-10,21.1501604519801,,5607.785598295359,0.0,0.0,0.0,48.579761537730306,optimal
2021-02-07 02:30:00,2,22,0.0,0.0,0.0,0.065,5.5125,6.0,-10,21.24148520069356,,0.0,0.0,0.0,0.0,48.53118177619257,optimal
2021-02-07 03:00:00,2,22,0.0,0.0,0.0,0.309,9.261,6.0,-10,21.185567623682054,,0.0,0.0,0.0,0.0,48.48265059441637,optimal
2021-02-07 03:30:00,2,22,0.0,0.0,0.0,0.065,11.7075,6.0,-10,21.135847586965205,,0.0,0.0,0.0,0.0,48.434167943821954,optimal
2021-02-07 04:00:00,2,22,0.0,0.0,0.0,0.2438333333333333,12.348,6.0,-10,21.07978649502205,,0.0,0.0,0.0,0.0,48.38573377587813,optimal
2021-02-07 04:30:00,2,22,0.0,0.0,0.0,0.14016666666666666,12.348,6.0,-10,21.028357210008068,,0.0,0.0,0.0,0.0,48.33734804210225,optimal
2021-02-07 05:00:00,2,22,0.0,0.0,0.0,0.065,12.1275,6.0,-10,20.97421005340815,,0.0,0.0,0.0,0.0,48.289010694060146,optimal
2021-02-07 05:30:00,2,22,0.0,0.0,0.0,0.3103333333333333,12.5265,6.0,-10,20.918510115459288,,0.0,0.0,0.0,0.0,48.240721683366075,optimal
2021-02-07 06:00:00,2,22,0.0,0.0,0.0,0.075,11.7495,6.0,-10,20.869330519617908,,0.0,0.0,0.0,0.0,48.192480961682705,optimal
2021-02-07 06:30:00,2,22,0.0,0.0,0.0,0.2435,13.23,6.0,-10,20.81396987313618,,0.0,0.0,0.0,0.0,48.144288480721016,optimal
2021-02-07 07:00:00,2,22,0.0,0.0,0.0,0.1485,14.3325,6.0,-10,20.763004909626904,,0.0,0.0,0.0,0.0,48.096144192240295,optimal
2021-02-07 07:30:00,2,22,0.0,0.0,0.0,1.8005333333333333,14.994,6.0,-10,20.716844951572728,,0.0,0.0,0.0,0.0,48.048048048048045,optimal
2021-02-07 08:00:00,2,22,0.0,0.0,0.0,1.9627666666666668,14.8155,6.0,-10,20.696728937295337,,0.0,0.0,0.0,0.0,48.0,optimal
2021-02-07 08:30:00,2,22,0.0,0.0,0.0,0.32613333333333333,14.112,6.0,-10,20.67713510169937,,0.0,0.0,0.0,0.0,47.77044384649148,optimal
2021-02-07 09:00:00,2,22,0.0,0.0,0.0,0.229,14.007,6.0,-10,20.622926675944406,,0.0,0.0,0.0,0.0,47.54111724913648,optimal
2021-02-07 09:30:00,2,22,0.0,0.0,0.0,0.165,13.23,6.0,-10,20.572012068104172,,0.0,0.0,0.0,0.0,47.31201997837882,optimal
2021-02-07 10:00:00,2,22,0.0,0.0,0.0,0.138,11.382,6.0,-10,20.51976093492188,,0.0,0.0,0.0,0.0,47.083151804891926,optimal
2021-02-07 10:30:00,2,22,0.0,0.0,0.0,0.1975,11.7495,6.0,-10,20.47404057160731,,0.0,0.0,0.0,0.0,46.85451249957852,optimal
2021-02-07 11:00:00,2,22,0.0,0.0,0.0,0.1405,24.3285,6.0,-10,20.42969067152515,,0.0,0.0,0.0,0.0,46.626101833570424,optimal
2021-02-07 11:30:00,2,22,0.0,0.0,0.0,0.222,28.917,6.0,-10,20.392942253353777,,0.0,0.0,0.0,0.0,46.39791957822834,optimal
2021-02-07 12:00:00,2,22,0.0,0.0,0.0,0.075,31.3635,6.0,-10,20.35843043235837,,0.0,0.0,0.0,0.0,46.1699655051416,optimal
2021-02-07 12:30:00,2,22,0.0,0.0,0.0,0.224,33.306,6.0,-10,20.32656727460847,,0.0,0.0,0.0,0.0,45.94223938612794,optimal
2021-02-07 13:00:00,2,22,0.0,0.0,0.0,0.17,31.3425,6.0,-10,20.29867884473754,,0.0,0.0,0.0,0.0,45.71474099323329,optimal
2021-02-07 13:30:00,2,22,0.0,0.0,0.0,0.4289333333333333,28.2555,6.0,-10,20.26366565164477,,0.0,0.0,0.0,0.0,45.48747009873154,optimal
2021-02-07 14:00:00,2,22,0.0,0.0,0.0,0.7705333333333333,15.6975,6.0,-10,20.229377701145033,,0.0,0.0,0.0,0.0,45.26042647512429,optimal
2021-02-07 14:30:00,2,22,0.0,0.0,0.0,1.1023,12.5475,6.0,-10,20.203979965881018,,0.0,0.0,0.0,0.0,45.03360989514065,optimal
2021-02-07 15:00:00,2,22,0.0,0.0,0.0,0.8543333333333334,12.0855,6.0,-10,20.18299540134352,,0.0,0.0,0.0,0.0,44.80702013173699,optimal
2021-02-07 15:30:00,2,22,0.0,0.0,0.0,0.1633666666666667,11.907,6.0,-10,20.175887863309537,,0.0,0.0,0.0,0.0,44.58065695809674,optimal
2021-02-07 16:00:00,2,22,0.0,0.0,0.0,0.4166666666666667,12.5685,6.0,-10,20.15404336898924,,0.0,0.0,0.0,0.0,44.354520147630126,optimal
2021-02-07 16:30:00,2,22,0.0,0.0,0.0,1.4994666666666667,13.146,6.0,-10,20.128488536293187,,0.0,0.0,0.0,0.0,44.12860947397398,optimal
2021-02-07 17:00:00,2,22,0.0,0.0,0.0,0.2767333333333333,10.584,6.0,-10,20.10783865751749,,0.0,0.0,0.0,0.0,43.90292471099149,optimal
2021-02-07 17:30:00,2,22,0.0,0.0,0.0,1.0763666666666665,6.678,6.0,-10,20.067629308747833,,0.0,0.0,0.0,0.0,43.677465632771984,optimal
2021-02-07 18:00:00,2,22,0.0,0.0,0.0,1.9936333333333327,7.938,6.0,-10,20.035184465441613,,0.0,0.0,0.0,0.0,43.4522320136307,optimal
2021-02-07 18:30:00,2,22,2.295716291518379,0.0,0.0,1.5743666666666665,5.292,6.0,-10,20.0,,5739.290728795948,0.0,0.0,0.0,43.227223628108554,optimal
2021-02-07 19:00:00,2,22,0.0,0.0,0.0,0.4945,9.261,6.0,-10,20.11697660118195,,0.0,0.0,0.0,0.0,43.00244025097193,optimal
2021-02-07 19:30:00,2,22,0.0,0.0,0.0,0.2415,10.3635,6.0,-10,20.081574913615366,,0.0,0.0,0.0,0.0,42.77788165721244,optimal
2021-02-07 20:00:00,2,22,0.0,0.0,0.0,1.5053666666666665,8.274,6.0,-10,20.035176034245186,,0.0,0.0,0.0,0.0,42.55354762204671,optimal
2021-02-07 20:30:00,2,22,0.0,0.0,0.0,1.2104333333333335,7.7175,6.0,-10,20.0,,0.0,0.0,0.0,0.0,42.32943792091614,optimal
2021-02-07 21:00:00,2,22,0.0,0.0,0.0,0.36669999999999997,6.615,6.0,-10,19.975292904433083,,0.0,0.0,0.0,0.0,42.28710848299522,optimal
2021-02-07 21:30:00,2,22,0.0,0.0,0.0,1.6738333333333333,6.174,6.0,-10,19.945172238371192,,0.0,0.0,0.0,0.0,42.24482137451223,optimal
2021-02-07 22:00:00,2,22,0.0,0.0,0.0,1.0238333333333334,3.906,6.0,-10,19.921591368562346,,0.0,0.0,0.0,0.0,42.20257655313772,optimal
2021-02-07 22:30:00,2,22,0.0,0.0,0.0,2.2470666666666665,2.3415,6.0,-10,19.893826238418185,,0.0,0.0,0.0,0.0,42.16037397658458,optimal
2021-02-07 23:00:00,2,22,0.0,0.0,0.0,0.9790666666666669,2.205,6.0,-10,19.86496968749186,,0.0,0.0,0.0,0.0,42.118213602607995,optimal
2021-02-07 23:30:00,2,22,0.0,0.0,0.0,0.2525,0.882,6.0,-10,19.819110605136437,,0.0,0.0,0.0,0.0,42.07609538900539,optimal
2021-02-08 00:00:00,2,22,0.0,0.0,0.0,0.045,12.348,6.0,17,19.819110605136437,,0.0,0.0,0.0,0.0,42.03401929361638,optimal
2021-02-08 00:30:00,2,22,0.0,0.0,0.0,0.045,25.389,6.0,17,19.763776008240008,,0.0,0.0,0.0,0.0,41.991985274322765,optimal
2021-02-08 01:00:00,2,22,0.0,0.0,0.0,0.045,29.1375,6.0,17,19.708620422022648,,0.0,0.0,0.0,0.0,41.94999328904844,optimal
2021-02-08 01:30:00,2,22,0.0,0.0,0.0,0.159,30.597,6.0,17,19.65364326737427,,0.0,0.0,0.0,0.0,41.90804329575939,optimal
2021-02-08 02:00:00,2,22,0.0,0.0,0.0,0.045,33.684,6.0,17,19.6016444151235,,0.0,0.0,0.0,0.0,41.86613525246363,optimal
2021-02-08 02:30:00,2,22,0.0,0.0,0.0,0.045,32.445,6.0,17,19.54668982826819,,0.0,0.0,0.0,0.0,41.824269117211166,optimal
2021-02-08 03:00:00,2,22,0.0,0.0,0.0,0.15330000000000002,28.917,6.0,17,19.492074775681097,,0.0,0.0,0.0,0.0,41.78244484809395,optimal
2021-02-08 03:30:00,2,22,0.0,0.0,0.0,0.0507,15.876,6.0,17,19.440612249907677,,0.0,0.0,0.0,0.0,41.74066240324586,optimal
2021-02-08 04:00:00,2,22,0.0,0.0,0.0,0.1248,12.348,6.0,17,19.386488474582908,,0.0,0.0,0.0,0.0,41.698921740842614,optimal
2021-02-08 04:30:00,2,22,2.1115892475439035,0.0,0.0,0.0792,12.1275,6.0,17,19.334303470570145,,5278.973118859759,0.0,0.0,0.0,41.65722281910177,optimal
2021-02-08 05:00:00,2,22,0.0,0.0,0.0,0.1191,12.348,6.0,17,19.417948897445296,,0.0,0.0,0.0,0.0,41.615565596282664,optimal
2021-02-08 05:30:00,2,22,2.8,0.0,0.0,0.0849,12.1275,6.0,17,19.364866995285688,,7000.0,0.0,0.0,0.0,41.57395003068638,optimal
2021-02-08 06:00:00,2,22,2.8,0.0,0.0,0.0564,12.1275,6.0,17,19.49279593861482,,7000.0,0.0,0.0,0.0,41.532376080655695,optimal
2021-02-08 06:30:00,2,22,2.8,0.0,0.0,0.15593333333333334,11.2665,6.0,17,19.619408721083484,,7000.0,0.0,0.0,0.0,41.49084370457504,optimal
2021-02-08 07:00:00,2,22,2.8,0.0,4.160979009354325,0.04633333333333334,10.143,6.0,17,19.747819911609284,,7000.0,0.0,0.0,0.0,43.42581789031377,optimal
2021-02-08 07:30:00,2,22,2.8,0.0,0.0,0.1191,11.2455,6.0,17,19.87298795052052,,7000.0,0.0,0.0,0.0,43.38239207242345,optimal
2021-02-08 08:00:00,2,22,0.7739044501122915,0.0,0.0,0.08983333333333333,11.025,6.0,17,20.0,,1934.7611252807285,0.0,0.0,0.0,43.339009680351026,optimal
2021-02-08 08:30:00,2,22,2.5870958333805083,0.0,5.0,0.35969999999999996,5.9745,6.0,17,20.0,,6467.739583451271,0.0,0.0,0.0,45.670670670670674,optimal
2021-02-08 09:00:00,2,22,0.0,0.0,5.0,0.1772,7.938,6.0,17,20.128139316554726,,0.0,0.0,0.0,0.0,48.0,optimal
2021-02-08 09:30:00,2,22,0.0,0.0,0.0,0.20753333333333332,8.6835,6.0,17,20.091678251546462,,0.0,0.0,0.0,0.0,47.46173522525048,optimal
2021-02-08 10:00:00,2,22,0.0,0.0,0.0,0.1517666666666667,7.665,6.0,17,20.049790327885017,,0.0,0.0,0.0,0.0,46.92400871527571,optimal
2021-02-08 10:30:00,2,22,0.0,0.0,0.0,0.5184,6.7725,6.0,17,20.02143508210635,,0.0,0.0,0.0,0.0,46.38681993181092,optimal
2021-02-08 11:00:00,2,22,1.418980383066612,0.0,0.0,0.159,5.5755,6.0,17,20.0,,3547.4509576665296,0.0,0.0,0.0,45.85016833712959,optimal
2021-02-08 11:30:00,2,22,2.8,0.0,0.0,0.053,5.0925,6.0,17,20.073738514634517,,7000.0,0.0,0.0,0.0,45.314053394042936,optimal
2021-02-08 12:00:00,2,22,2.8,0.0,0.0,0.055,4.1895,6.0,17,20.234311577445723,,7000.0,0.0,0.0,0.0,44.77847456589937,optimal
2021-02-08 12:30:00,2,22,0.0,0.0,0.0,0.169,7.056,6.0,17,20.39995565928698,,0.0,0.0,0.0,0.0,44.24343131658395,optimal
2021-02-08 13:00:00,2,22,2.8,0.0,0.0,0.055,5.271,6.0,17,20.386783549899054,,7000.0,0.0,0.0,0.0,43.70892311051785,optimal
2021-02-08 13:30:00,2,22,0.0,0.0,0.0,0.055,7.938,6.0,17,20.551412200706395,,0.0,0.0,0.0,0.0,43.17494941265782,optimal
2021-02-08 14:00:00,2,22,0.0,0.0,0.0,0.055,7.938,6.0,17,20.533942238366457,,0.0,0.0,0.0,0.0,42.64150968849564,optimal
2021-02-08 14:30:00,2,22,0.0,0.0,0.0,0.169,11.907,6.0,17,20.517215538026843,,0.0,0.0,0.0,0.0,42.108603404057625,optimal
2021-02-08 15:00:00,2,22,0.0,0.0,0.0,0.055,11.025,6.0,17,20.50301989172494,,0.0,0.0,0.0,0.0,41.576230025904046,optimal
2021-02-08 15:30:00,2,22,0.0,0.0,0.0,0.1462,11.2875,6.0,17,20.473980657035018,,0.0,0.0,0.0,0.0,41.04438902112862,optimal
2021-02-08 16:00:00,2,22,0.0,0.0,0.0,0.6038,12.936,6.0,17,20.447566879730573,,0.0,0.0,0.0,0.0,40.51307985735797,optimal
2021-02-08 16:30:00,2,22,0.0,0.0,0.0,0.4070666666666667,13.0095,6.0,17,20.42110698692398,,0.0,0.0,0.0,0.0,39.9823020027511,optimal
2021-02-08 17:00:00,2,22,0.0,0.0,0.0,0.2602,13.671,6.0,17,20.39209853965387,,0.0,0.0,0.0,0.0,39.45205492599883,optimal
2021-02-08 17:30:00,2,22,0.0,0.0,0.0,0.10033333333333332,13.188,6.0,17,20.346196885115635,,0.0,0.0,0.0,0.0,38.92233809632331,optimal
2021-02-08 18:00:00,2,22,0.0,0.0,0.0,0.060700000000000004,13.8495,6.0,17,20.291944282260012,,0.0,0.0,0.0,0.0,38.39315098347747,optimal
2021-02-08 18:30:00,2,22,0.0,0.0,0.0,0.2613333333333333,13.23,6.0,17,20.228921766444184,,0.0,0.0,0.0,0.0,37.86449305774447,optimal
2021-02-08 19:00:00,2,22,0.0,0.0,0.0,0.27016666666666667,13.3665,6.0,17,20.17545030667246,,0.0,0.0,0.0,0.0,37.3363637899372,optimal
2021-02-08 19:30:00,2,22,0.0,0.0,0.0,0.1006,13.0515,6.0,17,20.122894763538962,,0.0,0.0,0.0,0.0,36.80876265139774,optimal
2021-02-08 20:00:00,2,22,0.0,0.0,0.0,0.12340000000000001,13.5345,6.0,17,20.061294150279092,,0.0,0.0,0.0,0.0,36.281689113996826,optimal
2021-02-08 20:30:00,2,22,0.0,0.0,0.0,0.0835,14.154,6.0,17,20.0,,0.0,0.0,0.0,0.0,35.75514265013331,optimal
2021-02-08 21:00:00,2,22,0.0,0.0,0.0,1.1080666666666665,14.112,6.0,17,19.93754386366481,,0.0,0.0,0.0,0.0,35.71938750748318,optimal
2021-02-08 21:30:00,2,22,0.0,0.0,0.0,0.31093333333333334,14.2485,6.0,17,19.90636127071505,,0.0,0.0,0.0,0.0,35.68366811997569,optimal
2021-02-08 22:00:00,2,22,0.0,0.0,0.0,0.4693,12.789,6.0,17,19.856039327049906,,0.0,0.0,0.0,0.0,35.64798445185572,optimal
2021-02-08 22:30:00,2,22,0.0,0.0,0.0,0.35796666666666666,13.0095,6.0,17,19.811913933645677,,0.0,0.0,0.0,0.0,35.612336467403864,optimal
2021-02-08 23:00:00,2,22,0.0,0.0,0.0,0.34236666666666665,12.1275,6.0,17,19.764010485139643,,0.0,0.0,0.0,0.0,35.57672413093646,optimal
2021-02-08 23:30:00,2,22,0.0,0.0,0.0,0.5183,12.348,6.0,17,19.716525529223258,,0.0,0.0,0.0,0.0,35.54114740680553,optimal
2021-02-09 00:00:00,2,22,0.0,0.0,0.0,0.061,13.335,6.0,6,19.716525529223258,,0.0,0.0,0.0,0.0,35.505606259398725,optimal
2021-02-09 00:30:00,2,22,0.0,0.0,0.0,0.10813333333333335,12.1275,6.0,6,19.659037389293317,,0.0,0.0,0.0,0.0,35.470100653139326,optimal
2021-02-09 01:00:00,2,22,0.0,0.0,0.0,0.14853333333333332,12.2955,6.0,6,19.603121702698388,,0.0,0.0,0.0,0.0,35.43463055248618,optimal
2021-02-09 01:30:00,2,22,0.0,0.0,0.0,0.061,11.6865,6.0,6,19.54859842204886,,0.0,0.0,0.0,0.0,35.399195921933696,optimal
2021-02-09 02:00:00,2,22,1.0320850873737302,0.0,0.0,0.1418,11.466,6.0,6,19.4916535361982,,0.0,0.0,2580.2127184343253,0.0,35.36379672601176,optimal
2021-02-09 02:30:00,2,22,2.8,0.0,5.0,0.11486666666666666,10.8045,6.0,6,19.436668889444043,,5330.546051767659,0.0,1669.4539482323407,0.0,37.70343292928575,optimal
2021-02-09 03:00:00,2,22,2.8,0.0,5.0,0.061,10.584,6.0,6,19.519834110583407,,7000.0,0.0,0.0,0.0,40.04072949635647,optimal
2021-02-09 03:30:00,2,22,2.8,0.0,2.6643570216697,0.061,11.2455,6.0,6,19.644871814630562,,7000.0,0.0,0.0,0.0,41.266258352153216,optimal
2021-02-09 04:00:00,2,22,0.0,0.0,0.0,0.13506666666666667,12.1275,6.0,6,19.769828520230902,,0.0,0.0,0.0,0.0,41.22499209380106,optimal
2021-02-09 04:30:00,2,22,0.0,0.0,0.0,0.1216,11.823,6.0,6,19.71473951827797,,0.0,0.0,0.0,0.0,41.183767101707254,optimal
2021-02-09 05:00:00,2,22,0.0,0.0,0.0,0.061,11.7705,6.0,6,19.659155305781013,,0.0,0.0,0.0,0.0,41.14258333460554,optimal
2021-02-09 05:30:00,2,22,2.8,0.0,5.0,0.19566666666666663,11.13,6.0,6,19.601852761901878,,7000.0,0.0,0.0,0.0,43.47644075127093,optimal
2021-02-09 06:00:00,2,22,2.8,0.0,0.0,0.064,11.6865,6.0,6,19.730124338992525,,7000.0,0.0,0.0,0.0,43.43296431051965,optimal
2021-02-09 06:30:00,2,22,2.8,0.0,5.0,0.20566666666666664,10.7205,6.0,6,19.854481741768858,,7000.0,0.0,0.0,0.0,45.764531346209125,optimal
2021-02-09 07:00:00,2,22,2.8,0.0,0.0,0.061666666666666654,11.424,6.0,6,19.981774296290787,,7000.0,0.0,0.0,0.0,45.71876681486292,optimal
2021-02-09 07:30:00,2,22,2.8,0.0,5.0,1.0482,10.689,6.0,6,20.104994090750058,,7000.0,0.0,0.0,0.0,48.048048048048045,optimal
2021-02-09 08:00:00,2,22,2.8,0.0,0.0,0.3172333333333333,11.361,6.0,6,20.23600617842325,,7000.0,0.0,0.0,0.0,48.0,optimal
2021-02-09 08:30:00,2,22,2.8,0.0,0.0,1.6563666666666665,11.571,6.0,6,20.376908338304663,,7000.0,0.0,0.0,0.0,47.75322668074367,optimal
2021-02-09 09:00:00,2,22,0.0,0.0,0.0,0.19193333333333332,14.3745,6.0,6,20.509678719997762,,0.0,0.0,0.0,0.0,47.5067001348066,optimal
2021-02-09 09:30:00,2,22,0.0,0.0,0.0,0.071,13.23,6.0,6,20.458209435259057,,0.0,0.0,0.0,0.0,47.26042011541547,optimal
2021-02-09 10:00:00,2,22,0.0,0.0,0.0,0.17646666666666666,13.9755,6.0,6,20.40455292655176,,0.0,0.0,0.0,0.0,47.01438637604373,optimal
2021-02-09 10:30:00,2,22,0.0,0.0,0.0,0.08120000000000001,14.994,6.0,6,20.37117901357169,,0.0,0.0,0.0,0.0,46.768598670411365,optimal
2021-02-09 11:00:00,2,22,0.0,0.0,0.0,0.10813333333333335,13.671,6.0,6,20.336272386138372,,0.0,0.0,0.0,0.0,46.52305675248463,optimal
2021-02-09 11:30:00,2,22,0.0,0.0,0.0,0.14853333333333332,15.981,6.0,6,20.318061739915496,,0.0,0.0,0.0,0.0,46.27776037647582,optimal
2021-02-09 12:00:00,2,22,0.0,0.0,0.0,0.061,15.6345,6.0,6,20.301121521612334,,0.0,0.0,0.0,0.0,46.03270929684302,optimal
2021-02-09 12:30:00,2,22,0.0,0.0,0.0,0.16873333333333332,16.5375,6.0,6,20.292657326430074,,0.0,0.0,0.0,0.0,45.787903268289845,optimal
2021-02-09 13:00:00,2,22,0.0,0.0,0.0,0.08793333333333334,14.7735,6.0,6,20.286858127041416,,0.0,0.0,0.0,0.0,45.54334204576523,optimal
2021-02-09 13:30:00,2,22,0.0,0.0,0.0,0.08793333333333334,15.2145,6.0,6,20.281359088822896,,0.0,0.0,0.0,0.0,45.299025384463135,optimal
2021-02-09 14:00:00,2,22,0.0,0.0,0.0,0.16873333333333332,14.553,6.0,6,20.275716087372786,,0.0,0.0,0.0,0.0,45.054953039822344,optimal
2021-02-09 14:30:00,2,22,0.0,0.0,0.0,0.064,14.3325,6.0,6,20.268941575424705,,0.0,0.0,0.0,0.0,44.811124767526195,optimal
2021-02-09 15:00:00,2,22,0.0,0.0,0.0,0.8453333333333334,14.595,6.0,6,20.25922785990983,,0.0,0.0,0.0,0.0,44.56754032350234,optimal
2021-02-09 15:30:00,2,22,0.0,0.0,0.0,0.5557000000000001,14.994,6.0,6,20.24941877271481,,0.0,0.0,0.0,0.0,44.32419946392251,optimal
2021-02-09 16:00:00,2,22,0.0,0.0,0.0,2.313266666666667,14.3325,6.0,6,20.25403191225712,,0.0,0.0,0.0,0.0,44.08110194520226,optimal
2021-02-09 16:30:00,2,22,0.0,0.0,0.0,0.3843333333333333,13.8915,6.0,6,20.244499599971327,,0.0,0.0,0.0,0.0,43.838247524000735,optimal
2021-02-09 17:00:00,2,22,0.0,0.0,0.0,0.48453333333333337,13.8915,6.0,6,20.226973762905583,,0.0,0.0,0.0,0.0,43.794409276476735,optimal
2021-02-09 17:30:00,2,22,0.0,0.0,0.0,0.30219999999999997,13.4715,6.0,6,20.201290535888162,,0.0,0.0,0.0,0.0,43.750614867200255,optimal
2021-02-09 18:00:00,2,22,0.0,0.0,0.0,0.40263333333333334,13.23,6.0,6,20.170260990626286,,0.0,0.0,0.0,0.0,43.706864252333055,optimal
2021-02-09 18:30:00,2,22,0.0,0.0,0.0,1.4512,13.8915,6.0,6,20.136381072458594,,0.0,0.0,0.0,0.0,43.66315738808072,optimal
2021-02-09 19:00:00,2,22,0.0,0.0,0.0,1.0343,26.9325,6.0,6,20.102177298913116,,0.0,0.0,0.0,0.0,43.61949423069264,optimal
2021-02-09 19:30:00,2,22,0.0,0.0,0.0,0.2934,30.303,6.0,6,20.066963521692546,,0.0,0.0,0.0,0.0,43.57587473646195,optimal
2021-02-09 20:00:00,2,22,0.0,0.0,0.0,0.3554,32.886,6.0,6,20.033566322396553,,0.0,0.0,0.0,0.0,43.53229886172549,optimal
2021-02-09 20:30:00,2,22,0.0,0.0,0.0,0.3536666666666667,34.9965,6.0,6,20.0,,0.0,0.0,0.0,0.0,43.48876656286376,optimal
2021-02-09 21:00:00,2,22,0.0,0.0,0.0,0.406,33.327,6.0,6,19.963876716438033,,0.0,0.0,0.0,0.0,43.44527779630089,optimal
2021-02-09 21:30:00,2,22,0.0,0.0,0.0,0.3516666666666667,31.122,6.0,6,19.9268815919212,,0.0,0.0,0.0,0.0,43.40183251850459,optimal
2021-02-09 22:00:00,2,22,0.0,0.0,0.0,1.6441333333333334,17.9025,6.0,6,19.883703238616157,,0.0,0.0,0.0,0.0,43.358430685986086,optimal
2021-02-09 22:30:00,2,22,0.0,0.0,0.0,1.292733333333333,15.6555,6.0,6,19.841815406189237,,0.0,0.0,0.0,0.0,43.3150722553001,optimal
2021-02-09 23:00:00,2,22,0.0,0.0,0.0,0.23366666666666663,14.553,6.0,6,19.807545976734833,,0.0,0.0,0.0,0.0,43.271757183044805,optimal
2021-02-09 23:30:00,2,22,0.0,0.0,0.0,0.33326666666666666,14.3325,6.0,6,19.762680571178514,,0.0,0.0,0.0,0.0,43.22848542586176,optimal
2021-02-10 00:00:00,2,22,0.0,0.0,0.0,0.062,12.789,6.0,3,19.762680571178514,,0.0,0.0,0.0,0.0,43.1852569404359,optimal
2021-02-10 00:30:00,2,22,0.0,0.0,0.0,0.17666666666666667,11.907,6.0,3,19.706315472865704,,0.0,0.0,0.0,0.0,43.142071683495466,optimal
2021-02-10 01:00:00,2,22,0.0,0.0,0.0,0.05,11.7075,6.0,3,19.650874566071263,,0.0,0.0,0.0,0.0,43.09892961181197,optimal
2021-02-10 01:30:00,2,22,2.8,0.0,0.0,0.12279999999999999,10.8045,6.0,3,19.59199817353192,,2471.666666666667,0.0,4528.333333333333,0.0,43.05583068220016,optimal
2021-02-10 02:00:00,2,22,2.5636113928116844,0.0,0.0,0.19306666666666664,11.508,6.0,3,19.599104723771596,,6409.028482029211,0.0,0.0,0.0,43.01277485151796,optimal
2021-02-10 02:30:00,2,22,2.8,0.0,0.0,0.05,11.508,6.0,3,19.709999875683422,,7000.0,0.0,0.0,0.0,42.96976207666644,optimal
2021-02-10 03:00:00,2,22,2.8,0.0,0.0,0.2658666666666667,11.508,6.0,3,19.83217473316672,,7000.0,0.0,0.0,0.0,42.926792314589775,optimal
2021-02-10 03:30:00,2,22,0.0,0.0,0.0,0.05,11.844,6.0,3,19.959563474615777,,0.0,0.0,0.0,0.0,42.88386552227519,optimal
2021-02-10 04:00:00,2,22,2.8,0.0,0.0,0.0664,11.508,6.0,3,19.89904144350561,,7000.0,0.0,0.0,0.0,42.84098165675291,optimal
2021-02-10 04:30:00,2,22,2.8,0.0,0.0,0.1988,11.508,6.0,3,20.021030881584032,,7000.0,0.0,0.0,0.0,42.79814067509616,optimal
2021-02-10 05:00:00,2,22,2.8,0.0,5.0,0.10066666666666668,10.4475,6.0,3,20.145742481405343,,7000.0,0.0,0.0,0.0,45.13034253442106,optimal
2021-02-10 05:30:00,2,22,2.8,0.0,1.536613457723565,0.12653333333333333,10.8675,6.0,3,20.2671772079084,,7000.0,0.0,0.0,0.0,45.81510358430533,optimal
2021-02-10 06:00:00,2,22,2.8,0.0,5.0,0.1893333333333333,10.542,6.0,3,20.388567705174395,,7000.0,0.0,0.0,0.0,48.144288480721016,optimal
2021-02-10 06:30:00,2,22,2.8,0.0,0.0,0.08826666666666666,11.025,6.0,3,20.510873800123264,,7000.0,0.0,0.0,0.0,48.096144192240295,optimal
2021-02-10 07:00:00,2,22,2.8,0.0,0.0,0.20026666666666668,11.025,6.0,3,20.63080510099098,,7000.0,0.0,0.0,0.0,48.048048048048045,optimal
2021-02-10 07:30:00,2,22,0.0,0.0,0.0,0.24509999999999998,14.553,6.0,3,20.764159034352502,,0.0,0.0,0.0,0.0,48.0,optimal
2021-02-10 08:00:00,2,22,0.0,0.0,0.0,0.13653333333333334,13.0935,6.0,3,20.711311929493917,,0.0,0.0,0.0,0.0,47.83450243768849,optimal
2021-02-10 08:30:00,2,22,0.0,0.0,0.0,0.19933333333333328,15.6345,6.0,3,20.646020991804065,,0.0,0.0,0.0,0.0,47.6691703729393,optimal
2021-02-10 09:00:00,2,22,0.0,0.0,0.0,0.13653333333333334,18.102,6.0,3,20.583220094895047,,0.0,0.0,0.0,0.0,47.50400364025485,optimal
2021-02-10 09:30:00,2,22,0.0,0.0,0.0,0.06,17.199,6.0,3,20.530171518293848,,0.0,0.0,0.0,0.0,47.33900207430309,optimal
2021-02-10 10:00:00,2,22,0.0,0.0,0.0,0.16793333333333332,18.2805,6.0,3,20.47595290981432,,0.0,0.0,0.0,0.0,47.17416550991728,optimal
2021-02-10 10:30:00,2,22,0.0,0.0,0.0,0.16793333333333332,17.4615,6.0,3,20.44243354542201,,0.0,0.0,0.0,0.0,47.00949378209586,optimal
2021-02-10 11:00:00,2,22,0.0,0.0,0.0,0.06,18.3225,6.0,3,20.409507876979156,,0.0,0.0,0.0,0.0,46.844986726002254,optimal
2021-02-10 11:30:00,2,22,0.0,0.0,0.0,0.098,17.094,6.0,3,20.386174712486575,,0.0,0.0,0.0,0.0,46.68064417696475,optimal
2021-02-10 12:00:00,2,22,0.0,0.0,0.0,0.23786666666666667,17.094,6.0,3,20.36422793837942,,0.0,0.0,0.0,0.0,46.516465970476276,optimal
2021-02-10 12:30:00,2,22,0.0,0.0,0.0,0.06,17.094,6.0,3,20.36156606514844,,0.0,0.0,0.0,0.0,46.35245194219429,optimal
2021-02-10 13:00:00,2,22,0.0,0.0,0.0,0.254,17.3565,6.0,3,20.354291076747128,,0.0,0.0,0.0,0.0,46.188601927940596,optimal
2021-02-10 13:30:00,2,22,0.0,0.0,0.0,0.08186666666666666,17.115,6.0,3,20.349537883632745,,0.0,0.0,0.0,0.0,46.02491576370115,optimal
2021-02-10 14:00:00,2,22,0.0,0.0,0.0,0.058,17.241,6.0,3,20.340974328858128,,0.0,0.0,0.0,0.0,45.861393285625944,optimal
2021-02-10 14:30:00,2,22,0.0,0.0,0.0,0.2319,17.094,6.0,3,20.335300578910257,,0.0,0.0,0.0,0.0,45.69803433002881,optimal
2021-02-10 15:00:00,2,22,0.0,0.0,0.0,0.1026,16.5165,6.0,3,20.33879769208365,,0.0,0.0,0.0,0.0,45.534838733387275,optimal
2021-02-10 15:30:00,2,22,0.0,0.0,0.0,0.27343333333333336,17.8185,6.0,3,20.33266039211515,,0.0,0.0,0.0,0.0,45.37180633234238,optimal
2021-02-10 16:00:00,2,22,0.0,0.0,0.0,0.0885,17.094,6.0,3,20.331684352834493,,0.0,0.0,0.0,0.0,45.208936963698534,optimal
2021-02-10 16:30:00,2,22,0.0,0.0,0.0,0.105,16.8945,6.0,3,20.300270970655152,,0.0,0.0,0.0,0.0,45.04623046442333,optimal
2021-02-10 17:00:00,2,22,0.0,0.0,0.0,0.28046666666666664,18.123,6.0,3,20.27716848894594,,0.0,0.0,0.0,0.0,44.8836866716474,optimal
2021-02-10 17:30:00,2,22,0.0,0.0,0.0,0.1482,31.647,6.0,3,20.241266925272175,,0.0,0.0,0.0,0.0,44.72130542266425,optimal
2021-02-10 18:00:00,2,22,0.0,0.0,0.0,0.32180000000000003,34.9965,6.0,3,20.203306410751928,,0.0,0.0,0.0,0.0,44.55908655493008,optimal
2021-02-10 18:30:00,2,22,0.0,0.0,0.0,0.22956666666666664,34.9965,6.0,3,20.16562895869839,,0.0,0.0,0.0,0.0,44.39702990606364,optimal
2021-02-10 19:00:00,2,22,0.0,0.0,0.0,0.30010000000000003,34.9965,6.0,3,20.11889142900567,,0.0,0.0,0.0,0.0,44.35263287615758,optimal
2021-02-10 19:30:00,2,22,0.0,0.0,0.0,0.43596666666666656,34.9965,6.0,3,20.074909573468933,,0.0,0.0,0.0,0.0,44.30828024328142,optimal
2021-02-10 20:00:00,2,22,0.0,0.0,0.0,0.5248666666666667,34.9965,6.0,3,20.036532961522038,,0.0,0.0,0.0,0.0,44.263971963038145,optimal
2021-02-10 20:30:00,2,22,0.0,0.0,0.0,0.10206666666666667,27.741,6.0,3,20.0,,0.0,0.0,0.0,0.0,44.219707991075104,optimal
2021-02-10 21:00:00,2,22,0.0,0.0,0.0,0.24719999999999998,19.026,6.0,3,19.94793168022148,,0.0,0.0,0.0,0.0,44.17548828308403,optimal
2021-02-10 21:30:00,2,22,0.0,0.0,0.0,0.09826666666666668,18.7215,6.0,3,19.893192810842493,,0.0,0.0,0.0,0.0,44.13131279480095,optimal
2021-02-10 22:00:00,2,22,0.0,0.0,0.0,0.14233333333333334,17.4195,6.0,3,19.827571457382838,,0.0,0.0,0.0,0.0,44.087181482006145,optimal
2021-02-10 22:30:00,2,22,0.0,0.0,0.0,0.19353333333333333,16.758,6.0,3,19.758616595423188,,0.0,0.0,0.0,0.0,44.04309430052414,optimal
2021-02-10 23:00:00,2,22,0.0,0.0,0.0,0.06,14.217,6.0,3,19.690406433814243,,0.0,0.0,0.0,0.0,43.99905120622361,optimal
2021-02-10 23:30:00,2,22,0.0,0.0,0.0,0.2157333333333333,13.3665,6.0,3,19.61813841194648,,0.0,0.0,0.0,0.0,43.95505215501739,optimal
2021-02-11 00:00:00,2,22,0.0,0.0,0.0,0.062,13.692,6.0,8,19.61813841194648,,0.0,0.0,0.0,0.0,43.91109710286237,optimal
2021-02-11 00:30:00,2,22,0.0,0.0,0.0,0.13566666666666666,14.007,6.0,8,19.547013633776377,,0.0,0.0,0.0,0.0,43.86718600575951,optimal
2021-02-11 01:00:00,2,22,0.0,0.0,0.0,0.075,12.873,6.0,8,19.47835662516713,,0.0,0.0,0.0,0.0,43.823318819753744,optimal
2021-02-11 01:30:00,2,22,0.0,0.0,0.0,0.062,12.684,6.0,8,19.408668855935595,,0.0,0.0,0.0,0.0,43.77949550093399,optimal
2021-02-11 02:00:00,2,22,0.5864,0.0,0.0,0.26553333333333334,12.306,6.0,8,19.338868735888816,,0.0,0.0,1466.0,0.0,43.735716005433055,optimal
2021-02-11 02:30:00,2,22,2.8,0.0,0.28177341321091826,0.07933333333333333,10.6365,6.0,8,19.274583078124607,,0.0,0.0,7000.0,0.0,43.8258226607028,optimal
2021-02-11 03:00:00,2,22,2.8,0.0,0.0,0.22556666666666664,11.2455,6.0,8,19.205343620711936,,0.0,0.0,7000.0,0.0,43.78199683804209,optimal
2021-02-11 03:30:00,2,22,2.8,0.0,0.0,0.1193,11.2455,6.0,8,19.139804410146738,,7000.0,0.0,0.0,0.0,43.73821484120405,optimal
2021-02-11 04:00:00,2,22,2.8,0.0,0.0,0.1169,11.025,6.0,8,19.25441426678389,,7000.0,0.0,0.0,0.0,43.69447662636284,optimal
2021-02-11 04:30:00,2,22,2.8,0.0,0.0,0.1413,12.0855,6.0,8,19.3693997563801,,7000.0,0.0,0.0,0.0,43.65078214973648,optimal
2021-02-11 05:00:00,2,22,2.8,0.0,0.0,0.10276666666666669,11.6865,6.0,8,19.48464727609997,,7000.0,0.0,0.0,0.0,43.60713136758673,optimal
2021-02-11 05:30:00,2,22,2.8,0.0,0.0,0.2444333333333333,11.2245,6.0,8,19.598520704720993,,7000.0,0.0,0.0,0.0,43.563524236219145,optimal
2021-02-11 06:00:00,2,22,2.8,0.0,0.0,0.09906666666666666,11.025,6.0,8,19.716454978715795,,7000.0,0.0,0.0,0.0,43.51996071198292,optimal
2021-02-11 06:30:00,2,22,2.8,0.0,0.0,0.9769666666666668,10.7835,6.0,8,19.83981325849695,,7000.0,0.0,0.0,0.0,43.47644075127093,optimal
2021-02-11 07:00:00,2,22,2.8,0.0,0.0,0.8972666666666667,11.025,6.0,8,19.977718032867184,,7000.0,0.0,0.0,0.0,43.43296431051965,optimal
2021-02-11 07:30:00,2,22,2.8,0.0,5.0,0.22776666666666667,10.584,6.0,8,20.11847143877462,,7000.0,0.0,0.0,0.0,45.764531346209125,optimal
2021-02-11 08:00:00,2,22,2.8,0.0,0.0,0.3846333333333333,11.025,6.0,8,20.253075448391005,,7000.0,0.0,0.0,0.0,45.71876681486292,optimal
2021-02-11 08:30:00,2,22,2.8,0.0,5.0,0.2347,10.4265,6.0,8,20.39358572973081,,7000.0,0.0,0.0,0.0,48.048048048048045,optimal
2021-02-11 09:00:00,2,22,0.03762096927348808,0.0,0.0,0.64,12.789,6.0,8,20.531086983201934,,94.0524231837202,0.0,0.0,0.0,48.0,optimal
2021-02-11 09:30:00,2,22,2.8,0.0,0.0,1.4305999999999999,12.684,6.0,8,20.499176399729507,,7000.0,0.0,0.0,0.0,47.74765051463634,optimal
2021-02-11 10:00:00,2,22,0.0,0.0,0.0,0.49623333333333336,16.254,6.0,8,20.654166676343323,,0.0,0.0,0.0,0.0,47.495553378758046,optimal
2021-02-11 10:30:00,2,22,0.0,0.0,0.0,0.308,17.64,6.0,8,20.643086658041884,,0.0,0.0,0.0,0.0,47.24370834001563,optimal
2021-02-11 11:00:00,2,22,0.0,0.0,0.0,0.2404,19.1625,6.0,8,20.617308378354643,,0.0,0.0,0.0,0.0,46.99211514631196,optimal
2021-02-11 11:30:00,2,22,0.0,0.0,0.0,0.37156666666666666,26.46,6.0,8,20.600220763622822,,0.0,0.0,0.0,0.0,46.74077354580199,optimal
2021-02-11 12:00:00,2,22,0.0,0.0,0.0,0.36519999999999997,20.79,6.0,8,20.59311082332563,,0.0,0.0,0.0,0.0,46.489683286892536,optimal
2021-02-11 12:30:00,2,22,0.0,0.0,0.0,0.072,29.106,6.0,8,20.59990241175918,,0.0,0.0,0.0,0.0,46.238844118241985,optimal
2021-02-11 13:00:00,2,22,0.0,0.0,0.0,0.1757,19.1835,6.0,8,20.59985183634144,,0.0,0.0,0.0,0.0,45.988255788760085,optimal
2021-02-11 13:30:00,2,22,0.0,0.0,0.0,0.18916666666666662,19.6665,6.0,8,20.59769722100534,,0.0,0.0,0.0,0.0,45.73791804760767,optimal
2021-02-11 14:00:00,2,22,0.0,0.0,0.0,0.072,19.404,6.0,8,20.59622300268571,,0.0,0.0,0.0,0.0,45.48783064419641,optimal
2021-02-11 14:30:00,2,22,0.0,0.0,0.0,0.2842,19.047,6.0,8,20.593485534088543,,0.0,0.0,0.0,0.0,45.23799332818855,optimal
2021-02-11 15:00:00,2,22,0.0,0.0,0.0,0.08066666666666668,18.858,6.0,8,20.595138502107748,,0.0,0.0,0.0,0.0,44.98840584949671,optimal
2021-02-11 15:30:00,2,22,0.0,0.0,0.0,0.11533333333333332,19.2675,6.0,8,20.577833425720783,,0.0,0.0,0.0,0.0,44.739067958283556,optimal
2021-02-11 16:00:00,2,22,0.0,0.0,0.0,0.24953333333333333,18.963,6.0,8,20.557764800834505,,0.0,0.0,0.0,0.0,44.489979404961616,optimal
2021-02-11 16:30:00,2,22,0.0,0.0,0.0,0.08933333333333333,18.438,6.0,8,20.521545314417775,,0.0,0.0,0.0,0.0,44.241139940192994,optimal
2021-02-11 17:00:00,2,22,0.0,0.0,0.0,0.2337,18.7425,6.0,8,20.478368775235484,,0.0,0.0,0.0,0.0,43.992549314889146,optimal
2021-02-11 17:30:00,2,22,0.0,0.0,0.0,0.36056666666666665,15.2145,6.0,8,20.420307059045225,,0.0,0.0,0.0,0.0,43.7442072802106,optimal
2021-02-11 18:00:00,2,22,0.0,0.0,0.0,0.184,17.7765,6.0,8,20.370735339947107,,0.0,0.0,0.0,0.0,43.49611358756673,optimal
2021-02-11 18:30:00,2,22,0.0,0.0,0.0,0.13266666666666665,16.758,6.0,8,20.305092841473698,,0.0,0.0,0.0,0.0,43.24826798861551,optimal
2021-02-11 19:00:00,2,22,0.0,0.0,0.0,0.2322,16.422,6.0,8,20.228471493564005,,0.0,0.0,0.0,0.0,43.000670235263236,optimal
2021-02-11 19:30:00,2,22,0.0,0.0,0.0,0.2099333333333333,16.758,6.0,8,20.15193451614705,,0.0,0.0,0.0,0.0,42.95766956502797,optimal
2021-02-11 20:00:00,2,22,0.0,0.0,0.0,0.17456666666666668,29.358,6.0,8,20.07566590888013,,0.0,0.0,0.0,0.0,42.91471189546294,optimal
2021-02-11 20:30:00,2,22,0.0,0.0,0.0,0.2332,34.9965,6.0,8,20.0,,0.0,0.0,0.0,0.0,42.87179718356748,optimal
2021-02-11 21:00:00,2,22,0.0,0.0,0.0,0.49760000000000004,34.65,6.0,8,19.932519221519115,,0.0,0.0,0.0,0.0,42.828925386383915,optimal
2021-02-11 21:30:00,2,22,0.0,0.0,0.0,0.5854,34.9965,6.0,8,19.87096504961399,,0.0,0.0,0.0,0.0,42.786096460997534,optimal
2021-02-11 22:00:00,2,22,0.0,0.0,0.0,0.12716666666666668,34.9965,6.0,8,19.814161802957692,,0.0,0.0,0.0,0.0,42.74331036453653,optimal
2021-02-11 22:30:00,2,22,0.0,0.0,0.0,0.2806666666666667,30.4815,6.0,8,19.738979416607943,,0.0,0.0,0.0,0.0,42.700567054172,optimal
2021-02-11 23:00:00,2,22,0.0,0.0,0.0,0.0842,21.4305,6.0,8,19.66326244126425,,0.0,0.0,0.0,0.0,42.65786648711783,optimal
2021-02-11 23:30:00,2,22,0.0,0.0,0.0,0.1045,14.3325,6.0,8,19.580744346498502,,0.0,0.0,0.0,0.0,42.61520862063071,optimal
2021-02-12 00:00:00,2,22,1.8063639098041535,0.0,0.0,0.05766666666666666,10.689,6.0,2,19.580744346498502,,4515.909774510384,0.0,0.0,0.0,42.57259341201008,optimal
2021-02-12 00:30:00,2,22,2.8,0.0,5.0,0.06633333333333333,8.1585,6.0,2,19.61661901005102,,0.0,0.0,7000.0,0.0,44.90502081859807,optimal
2021-02-12 01:00:00,2,22,2.8,0.0,0.0,0.13166666666666665,10.3635,6.0,2,19.535035226675692,,0.0,0.0,7000.0,0.0,44.86011579777947,optimal
2021-02-12 01:30:00,2,22,1.0601333333333334,0.0,0.0,0.1446,10.8045,6.0,2,19.45539568449646,,0.0,0.0,2650.3333333333335,0.0,44.81525568198169,optimal
2021-02-12 02:00:00,2,22,0.0,0.0,0.0,0.09286666666666667,11.025,6.0,2,19.37667334938402,,0.0,0.0,0.0,0.0,44.77044042629971,optimal
2021-02-12 02:30:00,2,22,2.8,0.0,0.0,0.1834,10.3635,6.0,2,19.297184941266302,,7000.0,0.0,0.0,0.0,44.72566998587341,optimal
2021-02-12 03:00:00,2,22,2.8,0.0,0.0,0.067,10.8045,6.0,2,19.403166174144243,,7000.0,0.0,0.0,0.0,44.68094431588754,optimal
2021-02-12 03:30:00,2,22,2.8,0.0,0.0,0.20926666666666668,10.059,6.0,2,19.506750506021902,,7000.0,0.0,0.0,0.0,44.63626337157165,optimal
2021-02-12 04:00:00,2,22,2.8,0.0,0.0,0.067,10.584,6.0,2,19.615960965980044,,7000.0,0.0,0.0,0.0,44.59162710820008,optimal
2021-02-12 04:30:00,2,22,2.8,0.0,5.0,0.07346666666666667,9.4185,6.0,2,19.723385976608938,,7000.0,0.0,0.0,0.0,46.92203548109188,optimal
2021-02-12 05:00:00,2,22,2.8,0.0,0.0,0.2028,10.3635,6.0,2,19.832896033504678,,7000.0,0.0,0.0,0.0,46.87511344561079,optimal
2021-02-12 05:30:00,2,22,2.8,0.0,3.4829731836867204,0.067,9.8385,6.0,2,19.947676985840914,,7000.0,0.0,0.0,0.0,48.48265059441637,optimal
2021-02-12 06:00:00,2,22,2.8,0.0,0.0,0.15753333333333333,11.067,6.0,2,20.06114600515041,,7000.0,0.0,0.0,0.0,48.434167943821954,optimal
2021-02-12 06:30:00,2,22,2.8,0.0,0.0,4.023933333333333,10.8465,6.0,2,20.17918843059997,,7000.0,0.0,0.0,0.0,48.38573377587813,optimal
2021-02-12 07:00:00,2,22,0.0,0.0,0.0,2.611333333333333,13.671,6.0,2,20.314880906476137,,0.0,0.0,0.0,0.0,48.33734804210225,optimal
2021-02-12 07:30:00,2,22,0.0,0.0,0.0,1.6345333333333334,12.348,6.0,2,20.26720230240784,,0.0,0.0,0.0,0.0,48.289010694060146,optimal
2021-02-12 08:00:00,2,22,0.0,0.0,0.0,1.025,14.3325,6.0,2,20.212282205086503,,0.0,0.0,0.0,0.0,48.240721683366075,optimal
2021-02-12 08:30:00,2,22,0.0,0.0,0.0,0.29710000000000003,15.393,6.0,2,20.152087198261313,,0.0,0.0,0.0,0.0,48.192480961682705,optimal
2021-02-12 09:00:00,2,22,0.0,0.0,0.0,0.21346666666666667,13.587,6.0,2,20.093936997533838,,0.0,0.0,0.0,0.0,48.144288480721016,optimal
2021-02-12 09:30:00,2,22,0.0,0.0,0.0,0.2944,16.1385,6.0,2,20.048547718416188,,0.0,0.0,0.0,0.0,48.096144192240295,optimal
2021-02-12 10:00:00,2,22,0.0,0.0,0.0,0.3943666666666667,14.595,6.0,2,20.013367284021694,,0.0,0.0,0.0,0.0,48.048048048048045,optimal
2021-02-12 10:30:00,2,22,0.0,0.0,0.0,0.5036,14.637,6.0,2,20.0087760822755,,0.0,0.0,0.0,0.0,48.0,optimal
2021-02-12 11:00:00,2,22,0.0,0.0,0.0,1.9334666666666667,13.9125,6.0,2,20.0,,0.0,0.0,0.0,0.0,47.64180573429258,optimal
2021-02-12 11:30:00,2,22,0.0,0.0,0.0,0.188,13.3665,6.0,2,20.009890647616647,,0.0,0.0,0.0,0.0,47.28396966285087,optimal
2021-02-12 12:00:00,2,22,0.0,0.0,0.0,1.2881666666666667,13.0095,6.0,2,20.008399349252258,,0.0,0.0,0.0,0.0,46.926491427480606,optimal
2021-02-12 12:30:00,2,22,0.0,0.0,0.0,1.6878666666666666,13.8915,6.0,2,20.0435954809613,,0.0,0.0,0.0,0.0,46.56937067034571,optimal
2021-02-12 13:00:00,2,22,0.0,0.0,0.0,0.4723333333333333,13.188,6.0,2,20.080974194292008,,0.0,0.0,0.0,0.0,46.21260703396795,optimal
2021-02-12 13:30:00,2,22,0.0,0.0,0.0,0.275,12.5685,6.0,2,20.097169327786084,,0.0,0.0,0.0,0.0,45.85620016122657,optimal
2021-02-12 14:00:00,2,22,0.0,0.0,0.0,0.178,12.285,6.0,2,20.11369238907065,,0.0,0.0,0.0,0.0,45.500149695357926,optimal
2021-02-12 14:30:00,2,22,0.0,0.0,0.0,1.107233333333333,11.487,6.0,2,20.124001381900232,,0.0,0.0,0.0,0.0,45.14445527995515,optimal
2021-02-12 15:00:00,2,22,0.0,0.0,0.0,1.1890999999999998,11.802,6.0,2,20.138423324060664,,0.0,0.0,0.0,0.0,44.789116558967784,optimal
2021-02-12 15:30:00,2,22,0.8526945904131759,0.0,0.0,0.11873333333333332,11.2245,6.0,2,20.142259791464703,,2131.7364760329397,0.0,0.0,0.0,44.4341331767014,optimal
2021-02-12 16:00:00,2,22,2.8,0.0,0.0,0.15619999999999998,11.025,6.0,2,20.178797495003668,,7000.0,0.0,0.0,0.0,44.079504777817284,optimal
2021-02-12 16:30:00,2,22,0.0,0.0,0.0,0.3020333333333334,11.907,6.0,2,20.328025027458974,,0.0,0.0,0.0,0.0,43.72523100733205,optimal
2021-02-12 17:00:00,2,22,0.0,0.0,0.0,0.2397333333333333,25.83,6.0,2,20.30039714017805,,0.0,0.0,0.0,0.0,43.3713115106173,optimal
2021-02-12 17:30:00,2,22,0.0,0.0,0.0,0.27853333333333335,28.035,6.0,2,20.255365631385725,,0.0,0.0,0.0,0.0,43.327940199106685,optimal
2021-02-12 18:00:00,2,22,0.0,0.0,0.0,0.19090000000000001,28.119,6.0,2,20.21721707483385,,0.0,0.0,0.0,0.0,43.28461225890758,optimal
2021-02-12 18:30:00,2,22,0.0,0.0,0.0,0.4046,30.156,6.0,2,20.168505445019846,,0.0,0.0,0.0,0.0,43.24132764664867,optimal
2021-02-12 19:00:00,2,22,0.0,0.0,0.0,0.44676666666666665,29.1585,6.0,2,20.124161752005232,,0.0,0.0,0.0,0.0,43.19808631900202,optimal
2021-02-12 19:30:00,2,22,0.0,0.0,0.0,0.7512000000000001,26.712,6.0,2,20.084189534526445,,0.0,0.0,0.0,0.0,43.15488823268302,optimal
2021-02-12 20:00:00,2,22,0.0,0.0,0.0,1.650766666666667,15.435,6.0,2,20.03981316041289,,0.0,0.0,0.0,0.0,43.111733344450336,optimal
2021-02-12 20:30:00,2,22,0.0,0.0,0.0,0.21966666666666662,13.566,6.0,2,20.0,,0.0,0.0,0.0,0.0,43.06862161110588,optimal
2021-02-12 21:00:00,2,22,0.0,0.0,0.0,2.1914000000000002,12.789,6.0,2,19.95464340880069,,0.0,0.0,0.0,0.0,43.02555298949478,optimal
2021-02-12 21:30:00,2,22,0.0,0.0,0.0,0.3798666666666667,12.1275,6.0,2,19.916342532707247,,0.0,0.0,0.0,0.0,42.98252743650528,optimal
2021-02-12 22:00:00,2,22,0.0,0.0,0.0,0.8664,13.671,6.0,2,19.876482435571198,,0.0,0.0,0.0,0.0,42.93954490906877,optimal
2021-02-12 22:30:00,2,22,0.0,0.0,0.0,1.2384000000000002,10.668,6.0,2,19.83076188350071,,0.0,0.0,0.0,0.0,42.896605364159704,optimal
2021-02-12 23:00:00,2,22,0.0,0.0,0.0,0.2028,11.7285,6.0,2,19.780600080509522,,0.0,0.0,0.0,0.0,42.85370875879554,optimal
2021-02-12 23:30:00,2,22,0.0,0.0,0.0,0.067,11.025,6.0,2,19.723365854316775,,0.0,0.0,0.0,0.0,42.81085505003674,optimal
2021-02-13 00:00:00,2,22,0.0,0.0,0.0,0.042,13.0095,6.0,-17,19.723365854316775,,0.0,0.0,0.0,0.0,42.76804419498671,optimal
2021-02-13 00:30:00,2,22,2.8,0.0,5.0,0.1176,11.025,6.0,-17,19.662439938684297,,0.0,0.0,7000.0,0.0,45.10027615079172,optimal
2021-02-13 01:00:00,2,22,2.122152658073999,0.0,0.0,0.1736,12.789,6.0,-17,19.603837281905317,,601.3816451849982,0.0,4704.0,0.0,45.05517587464093,optimal
2021-02-13 01:30:00,2,22,2.8,0.0,0.0,0.042,12.1275,6.0,-17,19.56266751000011,,7000.0,0.0,0.0,0.0,45.010120698766286,optimal
2021-02-13 02:00:00,2,22,2.8,0.0,0.0,0.18059999999999998,12.1695,6.0,-17,19.684636257462035,,7000.0,0.0,0.0,0.0,44.96511057806752,optimal
2021-02-13 02:30:00,2,22,2.8,0.0,0.0,0.11059999999999999,12.306,6.0,-17,19.809973594594393,,7000.0,0.0,0.0,0.0,44.92014546748945,optimal
2021-02-13 03:00:00,2,22,0.0,0.0,0.0,0.042,13.23,6.0,-17,19.933086562704677,,0.0,0.0,0.0,0.0,44.87522532202196,optimal
2021-02-13 03:30:00,2,22,0.0,0.0,0.0,0.042,13.671,6.0,-17,19.872129200008214,,0.0,0.0,0.0,0.0,44.83035009669994,optimal
2021-02-13 04:00:00,2,22,0.0,0.0,0.0,0.11059999999999999,13.9335,6.0,-17,19.81120728502524,,0.0,0.0,0.0,0.0,44.785519746603235,optimal
2021-02-13 04:30:00,2,22,0.0,0.0,0.0,0.13019999999999998,13.293,6.0,-17,19.752103220529754,,0.0,0.0,0.0,0.0,44.74073422685663,optimal
2021-02-13 05:00:00,2,22,2.8,0.0,0.0,0.161,12.1065,6.0,-17,19.693376145974796,,7000.0,0.0,0.0,0.0,44.695993492629775,optimal
2021-02-13 05:30:00,2,22,2.8,0.0,2.1460487821758534,0.042,11.571,6.0,-17,19.817205400689325,,7000.0,0.0,0.0,0.0,45.670670670670674,optimal
2021-02-13 06:00:00,2,22,2.8,0.0,5.0,0.0655,11.025,6.0,-17,19.93721843247959,,7000.0,0.0,0.0,0.0,48.0,optimal
2021-02-13 06:30:00,2,22,2.8,0.0,0.0,0.1544,10.8465,6.0,-17,20.0607594676197,,7000.0,0.0,0.0,0.0,47.61327432217601,optimal
2021-02-13 07:00:00,2,22,2.8,0.0,0.0,1.0223333333333333,11.2455,6.0,-17,20.183710504651696,,7000.0,0.0,0.0,0.0,47.22693537002985,optimal
2021-02-13 07:30:00,2,22,0.0,0.0,0.0,0.14546666666666666,23.8665,6.0,-17,20.309668022549086,,0.0,0.0,0.0,0.0,46.840982756835835,optimal
2021-02-13 08:00:00,2,22,0.0,0.0,0.0,0.16440000000000002,27.4575,6.0,-17,20.248467872240578,,0.0,0.0,0.0,0.0,46.455416096255014,optimal
2021-02-13 08:30:00,2,22,0.0,0.0,0.0,0.24980000000000002,27.3735,6.0,-17,20.190588417574283,,0.0,0.0,0.0,0.0,46.07023500233477,optimal
2021-02-13 09:00:00,2,22,0.0,0.0,0.0,0.30469999999999997,30.4605,6.0,-17,20.1374770088716,,0.0,0.0,0.0,0.0,45.68543908950845,optimal
2021-02-13 09:30:00,2,22,0.0,0.0,0.0,0.4407,30.0195,6.0,-17,20.09236467922836,,0.0,0.0,0.0,0.0,45.30102797259495,optimal
2021-02-13 10:00:00,2,22,0.0,0.0,0.0,0.2571666666666667,26.9325,6.0,-17,20.04966650233626,,0.0,0.0,0.0,0.0,44.91700126679837,optimal
2021-02-13 10:30:00,2,22,0.0,0.0,0.0,0.5345,14.595,6.0,-17,20.020790711534552,,0.0,0.0,0.0,0.0,44.53335858770759,optimal
2021-02-13 11:00:00,2,22,0.14001427069189026,0.0,0.0,0.2349,12.4845,6.0,-17,20.0,,350.03567672972565,0.0,0.0,0.0,44.150099551295895,optimal
2021-02-13 11:30:00,2,22,0.257990919218767,0.0,0.0,0.2544,12.1275,6.0,-17,20.0,,366.31063138025075,0.0,278.66666666666663,0.0,43.76722377392061,optimal
2021-02-13 12:00:00,2,22,0.0,0.0,0.0,0.4004,12.1275,6.0,-17,20.0,,0.0,0.0,0.0,0.0,43.384730872322706,optimal
2021-02-13 12:30:00,2,22,0.0,0.0,0.0,0.3321,12.789,6.0,-17,20.004472519712184,,0.0,0.0,0.0,0.0,43.00262046362639,optimal
2021-02-13 13:00:00,2,22,0.027866666666666665,0.0,0.0,0.6281666666666667,11.907,6.0,-17,20.00689037862488,,0.0,0.0,69.66666666666666,0.0,42.62089216533878,optimal
2021-02-13 13:30:00,2,22,0.0,0.0,0.0,0.21966666666666662,11.025,6.0,-17,20.01989649971305,,0.0,0.0,0.0,0.0,42.239545595349455,optimal
2021-02-13 14:00:00,2,22,0.0836,0.0,0.0,0.29960000000000003,8.2005,6.0,-17,20.02405544839743,,0.0,0.0,209.0,0.0,41.85858037193012,optimal
2021-02-13 14:30:00,2,22,0.0,0.0,0.0,0.3114666666666666,9.5655,6.0,-17,20.016756384343115,,0.0,0.0,0.0,0.0,41.4779961137342,optimal
2021-02-13 15:00:00,2,22,2.8,0.0,0.0,1.2235999999999998,7.056,6.0,-17,20.01272852989964,,5467.333333333333,0.0,1532.6666666666667,0.0,41.09779243979648,optimal
2021-02-13 15:30:00,2,22,0.0,0.0,0.0,0.312,9.3975,6.0,-17,20.1418375944933,,0.0,0.0,0.0,0.0,40.71796896953269,optimal
2021-02-13 16:00:00,2,22,0.0,0.0,0.0,0.10093333333333333,10.059,6.0,-17,20.122626284911735,,0.0,0.0,0.0,0.0,40.33852532273917,optimal
2021-02-13 16:30:00,2,22,0.0,0.0,0.0,0.1938,9.261,6.0,-17,20.087134054537614,,0.0,0.0,0.0,0.0,39.95946111959245,optimal
2021-02-13 17:00:00,2,22,1.755283170066293,0.0,0.0,0.6871,8.1585,6.0,-17,20.0536318381171,,4388.207925165732,0.0,0.0,0.0,39.580775980648866,optimal
2021-02-13 17:30:00,2,22,0.0,0.0,0.0,0.05706666666666667,9.4815,6.0,-17,20.134944827362734,,0.0,0.0,0.0,0.0,39.20246952684423,optimal
2021-02-13 18:00:00,2,22,0.0,0.0,0.0,0.2827333333333333,8.379,6.0,-17,20.086315545427446,,0.0,0.0,0.0,0.0,38.824541379493404,optimal
2021-02-13 18:30:00,2,22,0.0,0.0,0.0,0.5279666666666667,9.5235,6.0,-17,20.040723685599524,,0.0,0.0,0.0,0.0,38.446991160289926,optimal
2021-02-13 19:00:00,2,22,1.5184111787745167,0.0,0.0,0.064,8.1375,6.0,-17,20.0,,3796.0279469362918,0.0,0.0,0.0,38.06981849130565,optimal
2021-02-13 19:30:00,2,22,0.0,0.0,0.0,0.29103333333333337,10.0905,6.0,-17,20.04584463908262,,0.0,0.0,0.0,0.0,38.03174867281434,optimal
2021-02-13 20:00:00,2,22,0.7640407706439949,0.0,0.0,0.1775,7.539,6.0,-17,20.0,,1910.1019266099872,0.0,0.0,0.0,37.99371692414152,optimal
2021-02-13 20:30:00,2,22,0.0,0.0,0.0,0.3973666666666667,7.938,6.0,-17,20.0,,0.0,0.0,0.0,0.0,37.95572320721738,optimal
2021-02-13 21:00:00,2,22,0.0,0.0,0.0,0.5301,8.274,6.0,-17,19.957812837494615,,0.0,0.0,0.0,0.0,37.91776748401016,optimal
2021-02-13 21:30:00,2,22,0.0,0.0,0.0,0.341,9.261,6.0,-17,19.921070728963155,,0.0,0.0,0.0,0.0,37.87984971652615,optimal
2021-02-13 22:00:00,2,22,0.0,0.0,0.0,0.6215,9.9225,6.0,-17,19.87785896677897,,0.0,0.0,0.0,0.0,37.84196986680963,optimal
2021-02-13 22:30:00,2,22,0.0,0.0,0.0,0.28613333333333335,9.702,6.0,-17,19.84279901352191,,0.0,0.0,0.0,0.0,37.804127896942816,optimal
2021-02-13 23:00:00,2,22,0.0,0.0,0.0,0.3067,10.584,6.0,-17,19.799797157913527,,0.0,0.0,0.0,0.0,37.766323769045876,optimal
2021-02-13 23:30:00,2,22,0.0,0.0,0.0,0.4101,10.143,6.0,-17,19.75963915772061,,0.0,0.0,0.0,0.0,37.72855744527683,optimal
2021-02-07 00:00:00,3,22,0.0836,0.0,0.0,0.06336666666666667,10.584,6.0,4,21.0,,0.0,0.0,209.0,0.0,47.952,optimal
2021-02-07 00:30:00,3,22,0.0,0.0,0.0,0.1666,6.678,6.0,4,20.947059317795954,,0.0,0.0,0.0,0.0,47.904047999999996,optimal
2021-02-07 01:00:00,3,22,0.0,0.0,0.0,0.11053333333333332,7.938,6.0,4,20.895756708643226,,0.0,0.0,0.0,0.0,47.856143952,optimal
2021-02-07 01:30:00,3,22,0.0,0.0,0.0,0.09336666666666665,5.292,6.0,4,20.842839711997254,,0.0,0.0,0.0,0.0,47.80828780804799,optimal
2021-02-07 02:00:00,3,22,0.0,0.0,0.0,0.1837666666666667,9.261,6.0,4,20.789486089574503,,0.0,0.0,0.0,0.0,47.76047952023995,optimal
2021-02-07 02:30:00,3,22,0.0,0.0,0.0,0.06,10.3635,6.0,4,20.738492289749658,,0.0,0.0,0.0,0.0,47.712719040719705,optimal
2021-02-07 03:00:00,3,22,0.0,0.0,0.0,0.21713333333333332,8.274,6.0,4,20.684123971763217,,0.0,0.0,0.0,0.0,47.66500632167899,optimal
2021-02-07 03:30:00,3,22,0.0,0.0,0.0,0.06,7.7175,6.0,4,20.63369101960383,,0.0,0.0,0.0,0.0,47.61734131535731,optimal
2021-02-07 04:00:00,3,22,0.0,0.0,0.0,0.19806666666666664,6.615,6.0,4,20.579176481065,,0.0,0.0,0.0,0.0,47.56972397404195,optimal
2021-02-07 04:30:00,3,22,0.0,0.0,0.0,0.07906666666666666,6.174,6.0,4,20.528264101879827,,0.0,0.0,0.0,0.0,47.522154250067906,optimal
2021-02-07 05:00:00,3,22,0.0,0.0,0.0,0.1115,3.906,6.0,4,20.474424305132885,,0.0,0.0,0.0,0.0,47.47463209581784,optimal
2021-02-07 05:30:00,3,22,0.0,0.0,0.0,0.1275,2.3415,6.0,4,20.421601438147057,,0.0,0.0,0.0,0.0,47.42715746372202,optimal
2021-02-07 06:00:00,3,22,0.0,0.0,0.0,0.19913333333333333,2.205,6.0,4,20.369365203756217,,0.0,0.0,0.0,0.0,47.379730306258296,optimal
2021-02-07 06:30:00,3,22,2.8,0.0,3.2419209107304052,1.2270999999999999,0.882,6.0,4,20.32444708155126,,7000.0,0.0,0.0,0.0,48.87226300854897,optimal
2021-02-07 07:00:00,3,22,1.689188702266517,0.0,0.0,1.9190666666666665,1.5435,6.0,4,20.46568451402492,,4222.971755666293,0.0,0.0,0.0,48.823390745540415,optimal
2021-02-07 07:30:00,3,22,2.8,0.0,0.0,2.074866666666667,1.5435,6.0,4,20.54432013778586,,7000.0,0.0,0.0,0.0,48.774567354794875,optimal
2021-02-07 08:00:00,3,22,0.0,0.0,0.0,0.6306,5.0715,6.0,4,20.68928861202215,,0.0,0.0,0.0,0.0,48.72579278744007,optimal
2021-02-07 08:30:00,3,22,0.0,0.0,0.0,1.5679333333333334,5.376,6.0,4,20.648575227165235,,0.0,0.0,0.0,0.0,48.67706699465263,optimal
2021-02-07 09:00:00,3,22,0.0,0.0,0.0,0.4185,5.0715,6.0,4,20.613660059968353,,0.0,0.0,0.0,0.0,48.62838992765797,optimal
2021-02-07 09:30:00,3,22,0.0,0.0,0.0,1.9458,5.5125,6.0,4,20.581544697974888,,0.0,0.0,0.0,0.0,48.579761537730306,optimal
2021-02-07 10:00:00,3,22,0.0,0.0,0.0,2.5184,9.261,6.0,4,20.55008007014364,,0.0,0.0,0.0,0.0,48.53118177619257,optimal
2021-02-07 10:30:00,3,22,0.0,0.0,0.0,1.8168666666666664,11.7075,6.0,4,20.53350590879836,,0.0,0.0,0.0,0.0,48.48265059441637,optimal
2021-02-07 11:00:00,3,22,0.0,0.0,0.0,0.47413333333333335,12.348,6.0,4,20.512415865278168,,0.0,0.0,0.0,0.0,48.434167943821954,optimal
2021-02-07 11:30:00,3,22,0.0,0.0,0.0,1.0693666666666666,12.348,6.0,4,20.490350279924456,,0.0,0.0,0.0,0.0,48.38573377587813,optimal
2021-02-07 12:00:00,3,22,0.0,0.0,0.0,1.0751666666666668,12.1275,6.0,4,20.47317095388961,,0.0,0.0,0.0,0.0,48.33734804210225,optimal
2021-02-07 12:30:00,3,22,0.0,0.0,0.0,1.9602333333333328,12.5265,6.0,4,20.459343651576933,,0.0,0.0,0.0,0.0,48.289010694060146,optimal
2021-02-07 13:00:00,3,22,0.0,0.0,0.0,0.37326666666666664,11.7495,6.0,4,20.4448764838348,,0.0,0.0,0.0,0.0,48.240721683366075,optimal
2021-02-07 13:30:00,3,22,0.0,0.0,0.0,0.2924333333333333,13.23,6.0,4,20.42236338736696,,0.0,0.0,0.0,0.0,48.192480961682705,optimal
2021-02-07 14:00:00,3,22,0.0,0.0,0.0,1.9818666666666664,14.3325,6.0,4,20.396083218637262,,0.0,0.0,0.0,0.0,48.144288480721016,optimal
2021-02-07 14:30:00,3,22,0.0,0.0,0.0,0.8379666666666667,14.994,6.0,4,20.38257174830173,,0.0,0.0,0.0,0.0,48.096144192240295,optimal
2021-02-07 15:00:00,3,22,0.0,0.0,0.0,2.0799333333333334,14.8155,6.0,4,20.36727127924679,,0.0,0.0,0.0,0.0,48.048048048048045,optimal
2021-02-07 15:30:00,3,22,0.0,0.0,0.0,1.0718333333333332,14.112,6.0,4,20.362410011655523,,0.0,0.0,0.0,0.0,48.0,optimal
2021-02-07 16:00:00,3,22,0.0,0.0,0.0,0.6168333333333333,14.007,6.0,4,20.35342773598379,,0.0,0.0,0.0,0.0,44.919812381325066,optimal
2021-02-07 16:30:00,3,22,0.0,0.0,0.0,0.14626666666666668,13.23,6.0,4,20.335560156135088,,0.0,0.0,0.0,0.0,41.84270495026881,optimal
2021-02-07 17:00:00,3,22,0.0,0.0,0.0,0.28796666666666665,11.382,6.0,4,20.294797436483886,,0.0,0.0,0.0,0.0,38.76867462664361,optimal
2021-02-07 17:30:00,3,22,0.0,0.0,0.0,1.693733333333333,11.7495,6.0,4,20.248928468246152,,0.0,0.0,0.0,0.0,35.69771833334203,optimal
2021-02-07 18:00:00,3,22,0.0,0.0,0.0,0.8997666666666666,24.3285,6.0,4,20.214428656632833,,0.0,0.0,0.0,0.0,32.629832996333754,optimal
2021-02-07 18:30:00,3,22,0.0,0.0,0.0,0.1318,28.917,6.0,4,20.169123353392962,,0.0,0.0,0.0,0.0,29.565015544662486,optimal
2021-02-07 19:00:00,3,22,0.0,0.0,0.0,0.9746,31.3635,6.0,4,20.11205817095798,,0.0,0.0,0.0,0.0,26.503262910442892,optimal
2021-02-07 19:30:00,3,22,0.0,0.0,0.0,1.2384333333333335,33.306,6.0,4,20.059967140163675,,0.0,0.0,0.0,0.0,26.47675964753245,optimal
2021-02-07 20:00:00,3,22,0.0,0.0,0.0,2.1981666666666664,31.3425,6.0,4,20.028433837569775,,0.0,0.0,0.0,0.0,26.450282887884917,optimal
2021-02-07 20:30:00,3,22,0.0,0.0,0.0,0.4201666666666667,28.2555,6.0,4,20.0,,0.0,0.0,0.0,0.0,26.42383260499703,optimal
2021-02-07 21:00:00,3,22,0.0,0.0,0.0,1.9504000000000001,15.6975,6.0,4,19.96854307037893,,0.0,0.0,0.0,0.0,26.397408772392033,optimal
2021-02-07 21:30:00,3,22,0.0,0.0,0.0,0.6781333333333334,12.5475,6.0,4,19.943391116113105,,0.0,0.0,0.0,0.0,26.37101136361964,optimal
2021-02-07 22:00:00,3,22,0.0,0.0,0.0,2.017333333333333,12.0855,6.0,4,19.908080322270948,,0.0,0.0,0.0,0.0,26.34464035225602,optimal
2021-02-07 22:30:00,3,22,0.0,0.0,0.0,0.31706666666666666,11.907,6.0,4,19.880562444208877,,0.0,0.0,0.0,0.0,26.318295711903765,optimal
2021-02-07 23:00:00,3,22,0.0,0.0,0.0,0.35760000000000003,12.5685,6.0,4,19.841613051370363,,0.0,0.0,0.0,0.0,26.291977416191862,optimal
2021-02-07 23:30:00,3,22,0.0,0.0,0.0,0.1071,13.146,6.0,4,19.803262574903737,,0.0,0.0,0.0,0.0,26.26568543877567,optimal
2021-02-08 00:00:00,3,22,2.8,0.0,5.0,0.19766666666666663,5.0925,6.0,-6,19.803262574903737,,7000.0,0.0,0.0,0.0,28.614419753336893,optimal
2021-02-08 00:30:00,3,22,2.8,0.0,5.0,0.08006666666666666,4.1895,6.0,-6,19.933794132382413,,0.0,0.0,7000.0,0.0,30.960805333583558,optimal
2021-02-08 01:00:00,3,22,2.8,0.0,5.0,0.0866,7.056,6.0,-6,19.878958132731327,,5222.0,0.0,1778.0,0.0,33.30484452824997,optimal
2021-02-08 01:30:00,3,22,2.8,0.0,5.0,0.19113333333333332,5.271,6.0,-6,19.960158887934277,,7000.0,0.0,0.0,0.0,35.64653968372172,optimal
2021-02-08 02:00:00,3,22,2.8,0.0,5.0,0.067,7.938,6.0,-6,20.0898513600916,,7000.0,0.0,0.0,0.0,37.985893144037995,optimal
2021-02-08 02:30:00,3,22,2.8,0.0,5.0,0.11273333333333332,7.938,6.0,-6,20.215737008755532,,7000.0,0.0,0.0,0.0,40.322907250893955,optimal
2021-02-08 03:00:00,3,22,1.1009885748149177,0.0,5.0,0.165,11.907,6.0,-6,20.342565507844167,,2752.471437037294,0.0,0.0,0.0,42.65758434364306,optimal
2021-02-08 03:30:00,3,22,2.8,0.0,5.0,0.067,11.025,6.0,-6,20.360134856746722,,7000.0,0.0,0.0,0.0,44.989926759299415,optimal
2021-02-08 04:00:00,3,22,2.8,0.0,5.0,0.2107333333333333,11.2875,6.0,-6,20.48530787532865,,7000.0,0.0,0.0,0.0,47.319936832540115,optimal
2021-02-08 04:30:00,3,22,0.0,0.0,0.0,0.067,12.936,6.0,-6,20.613648997346733,,0.0,0.0,0.0,0.0,47.27261689570758,optimal
2021-02-08 05:00:00,3,22,0.0,0.0,0.0,0.165,13.0095,6.0,-6,20.555627088268277,,0.0,0.0,0.0,0.0,47.22534427881187,optimal
2021-02-08 05:30:00,3,22,0.0,0.0,0.0,0.11273333333333332,13.671,6.0,-6,20.500015831093204,,0.0,0.0,0.0,0.0,47.17811893453305,optimal
2021-02-08 06:00:00,3,22,0.0,0.0,0.0,0.11926666666666667,13.188,6.0,-6,20.443064618132578,,0.0,0.0,0.0,0.0,47.13094081559852,optimal
2021-02-08 06:30:00,3,22,0.0,0.0,0.0,0.15846666666666667,13.8495,6.0,-6,20.386305656321785,,0.0,0.0,0.0,0.0,47.08380987478292,optimal
2021-02-08 07:00:00,3,22,0.0,0.0,0.0,0.067,13.23,6.0,-6,20.33058714155009,,0.0,0.0,0.0,0.0,47.03672606490814,optimal
2021-02-08 07:30:00,3,22,0.0,0.0,0.0,0.2107333333333333,13.3665,6.0,-6,20.27251043657781,,0.0,0.0,0.0,0.0,46.98968933884323,optimal
2021-02-08 08:00:00,3,22,0.0,0.0,0.0,0.067,13.0515,6.0,-6,20.21867991751918,,0.0,0.0,0.0,0.0,46.942699649504384,optimal
2021-02-08 08:30:00,3,22,0.0,0.0,0.0,0.067,13.5345,6.0,-6,20.16179387065954,,0.0,0.0,0.0,0.0,46.89575694985488,optimal
2021-02-08 09:00:00,3,22,0.0,0.0,0.0,0.21569999999999998,14.154,6.0,-6,20.104768347622933,,0.0,0.0,0.0,0.0,46.84886119290503,optimal
2021-02-08 09:30:00,3,22,0.0,0.0,0.0,0.16290000000000002,14.112,6.0,-6,20.064541555310306,,0.0,0.0,0.0,0.0,46.80201233171212,optimal
2021-02-08 10:00:00,3,22,0.0,0.0,0.0,0.3308333333333333,14.2485,6.0,-6,20.03205936152849,,0.0,0.0,0.0,0.0,46.75521031938041,optimal
2021-02-08 10:30:00,3,22,0.0,0.0,2.7190418756609946,1.7747,12.789,6.0,-6,20.01945248041263,,0.0,0.0,0.0,0.0,48.0,optimal
2021-02-08 11:00:00,3,22,0.0,0.0,0.0,1.5722,13.0095,6.0,-6,20.012273904503477,,0.0,0.0,0.0,0.0,45.95135454367022,optimal
2021-02-08 11:30:00,3,22,0.35865659620262186,0.0,0.0,0.31553333333333333,12.1275,6.0,-6,20.0,,896.6414905065546,0.0,0.0,0.0,43.904757732796774,optimal
2021-02-08 12:00:00,3,22,0.0,0.0,0.0,0.40073333333333333,12.348,6.0,-6,20.006215245444576,,0.0,0.0,0.0,0.0,41.8602075187342,optimal
2021-02-08 12:30:00,3,22,0.0,0.0,0.0,0.6347666666666667,12.348,6.0,-6,20.0,,0.0,0.0,0.0,0.0,39.81770185488569,optimal
2021-02-08 13:00:00,3,22,0.0,0.0,0.0,2.2934,25.389,6.0,-6,20.000854557899665,,0.0,0.0,0.0,0.0,37.777238696701026,optimal
2021-02-08 13:30:00,3,22,0.0,0.0,0.0,2.8470999999999997,29.1375,6.0,-6,20.01218017327229,,0.0,0.0,0.0,0.0,35.73881600167455,optimal
2021-02-08 14:00:00,3,22,0.0,0.0,0.0,2.0065999999999997,30.597,6.0,-6,20.03099807953429,,0.0,0.0,0.0,0.0,33.7024317293431,optimal
2021-02-08 14:30:00,3,22,0.0,0.0,0.0,0.5474666666666667,33.684,6.0,-6,20.067395344953272,,0.0,0.0,0.0,0.0,31.668083841283973,optimal
2021-02-08 15:00:00,3,22,0.0,0.0,0.0,1.6321333333333334,32.445,6.0,-6,20.08146281259528,,0.0,0.0,0.0,0.0,31.636415757442688,optimal
2021-02-08 15:30:00,3,22,0.0,0.0,0.0,0.4338333333333333,28.917,6.0,-6,20.10289404994238,,0.0,0.0,0.0,0.0,31.604779341685244,optimal
2021-02-08 16:00:00,3,22,0.0,0.0,0.0,0.2142333333333333,15.876,6.0,-6,20.105320173815496,,0.0,0.0,0.0,0.0,31.57317456234356,optimal
2021-02-08 16:30:00,3,22,0.0,0.0,0.0,0.5858666666666666,12.348,6.0,-6,20.09128359679385,,0.0,0.0,0.0,0.0,31.541601387781217,optimal
2021-02-08 17:00:00,3,22,0.0,0.0,0.0,0.6283,12.1275,6.0,-6,20.08742657409747,,0.0,0.0,0.0,0.0,31.510059786393434,optimal
2021-02-08 17:30:00,3,22,0.0,0.0,0.0,0.21566666666666662,12.348,6.0,-6,20.06788414153103,,0.0,0.0,0.0,0.0,31.478549726607042,optimal
2021-02-08 18:00:00,3,22,0.10138410043677963,0.0,0.0,0.7098666666666666,12.1275,6.0,-6,20.025845425905835,,253.4602510919491,0.0,0.0,0.0,31.447071176880435,optimal
2021-02-08 18:30:00,3,22,0.4734437230419351,0.0,0.0,0.5512666666666667,12.1275,6.0,-6,20.0,,1183.6093076048378,0.0,0.0,0.0,31.415624105703554,optimal
2021-02-08 19:00:00,3,22,0.6573857049021327,0.0,0.0,0.47773333333333334,11.2665,6.0,-6,20.0,,1225.4642622553317,0.0,418.0,0.0,31.38420848159785,optimal
2021-02-08 19:30:00,3,22,1.3116802443343605,0.0,0.0,0.5257666666666666,10.143,6.0,-6,20.0,,2721.8672775025675,0.0,557.3333333333333,0.0,31.35282427311625,optimal
2021-02-08 20:00:00,3,22,0.0,0.0,0.0,0.3644333333333333,11.2455,6.0,-6,20.036197954611787,,0.0,0.0,0.0,0.0,31.321471448843134,optimal
2021-02-08 20:30:00,3,22,0.0,0.0,0.0,0.41286666666666666,11.025,6.0,-6,20.0,,0.0,0.0,0.0,0.0,31.29014997739429,optimal
2021-02-08 21:00:00,3,22,0.8081333333333334,0.0,0.0,0.3197333333333333,5.9745,6.0,-6,19.971517364362875,,0.0,0.0,2020.3333333333333,0.0,31.258859827416895,optimal
2021-02-08 21:30:00,3,22,0.0,0.0,0.0,0.7493333333333334,7.938,6.0,-6,19.947528163064923,,0.0,0.0,0.0,0.0,31.227600967589478,optimal
2021-02-08 22:00:00,3,22,0.0,0.0,0.0,0.6590666666666667,8.6835,6.0,-6,19.927851349934144,,0.0,0.0,0.0,0.0,31.196373366621888,optimal
2021-02-08 22:30:00,3,22,0.0,0.0,0.0,0.646,7.665,6.0,-6,19.901539680766653,,0.0,0.0,0.0,0.0,31.165176993255265,optimal
2021-02-08 23:00:00,3,22,0.0,0.0,0.0,0.21216666666666664,6.7725,6.0,-6,19.87102681669797,,0.0,0.0,0.0,0.0,31.13401181626201,optimal
2021-02-08 23:30:00,3,22,0.0836,0.0,0.0,0.28386666666666666,5.5755,6.0,-6,19.820261172139265,,0.0,0.0,209.0,0.0,31.102877804445747,optimal
2021-02-09 00:00:00,3,22,2.8,0.0,5.0,0.06,11.361,6.0,-10,19.820261172139265,,7000.0,0.0,0.0,0.0,33.4467749266413,optimal
2021-02-09 00:30:00,3,22,2.8,0.0,5.0,0.06,11.571,6.0,-10,19.944300992733716,,5746.0,0.0,1254.0,0.0,35.78832815171466,optimal
2021-02-09 01:00:00,3,22,0.0,0.0,5.0,0.06,14.3745,6.0,-10,20.035517079047164,,0.0,0.0,0.0,0.0,38.12753982356294,optimal
2021-02-09 01:30:00,3,22,2.8,0.0,5.0,0.20666666666666664,13.23,6.0,-10,19.97729450433991,,7000.0,0.0,0.0,0.0,40.46441228373938,optimal
2021-02-09 02:00:00,3,22,2.8,0.0,5.0,0.06,13.9755,6.0,-10,20.10463733170087,,7000.0,0.0,0.0,0.0,42.79894787145564,optimal
2021-02-09 02:30:00,3,22,0.0,0.0,0.0,0.18666666666666662,14.994,6.0,-10,20.22743367278701,,0.0,0.0,0.0,0.0,42.756148923584185,optimal
2021-02-09 03:00:00,3,22,2.8,0.0,5.0,0.08,13.671,6.0,-10,20.171396312221642,,7000.0,0.0,0.0,0.0,45.0883927746606,optimal
2021-02-09 03:30:00,3,22,0.0,0.0,0.0,0.12666666666666668,15.981,6.0,-10,20.294819874350626,,0.0,0.0,0.0,0.0,45.04330438188594,optimal
2021-02-09 04:00:00,3,22,0.0,0.0,0.0,0.14,15.6345,6.0,-10,20.237490721124743,,0.0,0.0,0.0,0.0,44.998261077504054,optimal
2021-02-09 04:30:00,3,22,0.0,0.0,0.0,0.06,16.5375,6.0,-10,20.181016993231502,,0.0,0.0,0.0,0.0,44.95326281642655,optimal
2021-02-09 05:00:00,3,22,0.0,0.0,0.0,0.19333333333333327,14.7735,6.0,-10,20.1223237177348,,0.0,0.0,0.0,0.0,44.908309553610124,optimal
2021-02-09 05:30:00,3,22,0.0,0.0,0.0,0.07333333333333333,15.2145,6.0,-10,20.066961375136124,,0.0,0.0,0.0,0.0,44.86340124405651,optimal
2021-02-09 06:00:00,3,22,0.0,0.0,1.9965752853288241,0.06066666666666666,14.553,6.0,-10,20.008660026649956,,0.0,0.0,0.0,0.0,45.76691110334364,optimal
2021-02-09 06:30:00,3,22,2.8,0.0,5.0,0.06966666666666667,14.3325,6.0,-10,19.950200830200536,,7000.0,0.0,0.0,0.0,48.096144192240295,optimal
2021-02-09 07:00:00,3,22,0.09029402353892996,0.0,0.0,0.3788,14.595,6.0,-10,20.07365853540628,,225.7350588473249,0.0,0.0,0.0,48.048048048048045,optimal
2021-02-09 07:30:00,3,22,0.0,0.0,0.0,0.15046666666666667,14.994,6.0,-10,20.04219068749075,,0.0,0.0,0.0,0.0,48.0,optimal
2021-02-09 08:00:00,3,22,0.7431781099617263,0.0,0.0,0.0732,14.3325,6.0,-10,20.0,,1857.9452749043155,0.0,0.0,0.0,47.54941458495007,optimal
2021-02-09 08:30:00,3,22,0.5652547222090335,0.0,0.0,1.2174666666666667,13.8915,6.0,-10,20.0,,716.4701388559171,0.0,696.6666666666666,0.0,47.099279755315195,optimal
2021-02-09 09:00:00,3,22,0.32104052512755665,0.0,0.0,0.6802,13.8915,6.0,-10,20.0,,802.6013128188915,0.0,0.0,0.0,46.64959506050995,optimal
2021-02-09 09:30:00,3,22,0.512620416288863,0.0,0.0,0.068,13.4715,6.0,-10,20.0,,1281.5510407221575,0.0,0.0,0.0,46.20036005039952,optimal
2021-02-09 10:00:00,3,22,1.295324893680169,0.0,0.0,0.21466666666666662,13.23,6.0,-10,20.0,,1078.6455675337563,0.0,2159.6666666666665,0.0,45.75157427529919,optimal
2021-02-09 10:30:00,3,22,0.0,0.0,0.0,0.0704,13.8915,6.0,-10,20.018757692138,,0.0,0.0,0.0,0.0,45.303237285973964,optimal
2021-02-09 11:00:00,3,22,0.0,0.0,0.0,1.5524333333333333,26.9325,6.0,-10,20.0,,0.0,0.0,0.0,0.0,44.855348633638066,optimal
2021-02-09 11:30:00,3,22,0.0,0.0,0.0,0.4053333333333333,30.303,6.0,-10,20.003930148971712,,0.0,0.0,0.0,0.0,44.4079078699545,optimal
2021-02-09 12:00:00,3,22,0.0,0.0,0.0,0.30160000000000003,32.886,6.0,-10,20.004875120082545,,0.0,0.0,0.0,0.0,43.96091454703462,optimal
2021-02-09 12:30:00,3,22,0.0,0.0,0.0,1.8245333333333333,34.9965,6.0,-10,20.013748019067823,,0.0,0.0,0.0,0.0,43.51436821743766,optimal
2021-02-09 13:00:00,3,22,0.0,0.0,0.0,0.31176666666666664,33.327,6.0,-10,20.0533762802144,,0.0,0.0,0.0,0.0,43.06826843417029,optimal
2021-02-09 13:30:00,3,22,0.0,0.0,0.0,0.07,31.122,6.0,-10,20.051380487331254,,0.0,0.0,0.0,0.0,42.622614750686196,optimal
2021-02-09 14:00:00,3,22,0.0,0.0,0.0,0.09,17.9025,6.0,-10,20.04575565433681,,0.0,0.0,0.0,0.0,42.177406720885585,optimal
2021-02-09 14:30:00,3,22,0.0,0.0,0.0,0.19666666666666663,15.6555,6.0,-10,20.037419411530095,,0.0,0.0,0.0,0.0,41.73264389911477,optimal
2021-02-09 15:00:00,3,22,0.0,0.0,0.0,0.07,14.553,6.0,-10,20.03172003408284,,0.0,0.0,0.0,0.0,41.288325840165726,optimal
2021-02-09 15:30:00,3,22,0.0,0.0,0.0,0.9766333333333332,14.3325,6.0,-10,20.0104174752491,,0.0,0.0,0.0,0.0,41.24703751432556,optimal
2021-02-09 16:00:00,3,22,0.14024160702112876,0.0,0.0,0.4901333333333333,13.335,6.0,-10,20.001756642450516,,350.60401755282186,0.0,0.0,0.0,41.20579047681124,optimal
2021-02-09 16:30:00,3,22,0.6267914722047853,0.0,0.0,1.9299333333333326,12.1275,6.0,-10,20.0,,1148.9786805119631,0.0,418.0,0.0,41.16458468633443,optimal
2021-02-09 17:00:00,3,22,0.0,0.0,0.0,0.41919999999999996,12.2955,6.0,-10,20.02812165716532,,0.0,0.0,0.0,0.0,41.123420101648094,optimal
2021-02-09 17:30:00,3,22,0.45004586321720746,0.0,0.0,0.5724666666666667,11.6865,6.0,-10,20.0,,916.1146580430186,0.0,209.0,0.0,41.082296681546445,optimal
2021-02-09 18:00:00,3,22,1.1810456686225874,0.0,0.0,0.6588333333333334,11.466,6.0,-10,20.0,,1071.614171556469,0.0,1880.9999999999998,0.0,41.0412143848649,optimal
2021-02-09 18:30:00,3,22,1.0185904546601567,0.0,0.0,0.6392,10.8045,6.0,-10,20.0,,860.1757928736183,0.0,1686.3003437767732,0.0,41.00017317048004,optimal
2021-02-09 19:00:00,3,22,2.8,0.0,0.0,0.7957000000000001,10.584,6.0,-10,20.0,,2694.9670104434385,0.0,4305.032989556561,0.0,40.95917299730956,optimal
2021-02-09 19:30:00,3,22,0.0,0.0,0.0,0.5105666666666666,11.2455,6.0,-10,20.051188468616257,,0.0,0.0,0.0,0.0,40.91821382431225,optimal
2021-02-09 20:00:00,3,22,0.0,0.0,0.0,0.594,12.1275,6.0,-10,20.025234812959276,,0.0,0.0,0.0,0.0,40.877295610487934,optimal
2021-02-09 20:30:00,3,22,0.0,0.0,0.0,0.5356000000000001,11.823,6.0,-10,20.0,,0.0,0.0,0.0,0.0,40.83641831487745,optimal
2021-02-09 21:00:00,3,22,0.0,0.0,0.0,0.3653,11.7705,6.0,-10,19.971348045650288,,0.0,0.0,0.0,0.0,40.795581896562574,optimal
2021-02-09 21:30:00,3,22,0.0,0.0,0.0,0.09,11.13,6.0,-10,19.928963009641674,,0.0,0.0,0.0,0.0,40.75478631466601,optimal
2021-02-09 22:00:00,3,22,0.0,0.0,0.0,0.19666666666666663,11.6865,6.0,-10,19.87192833389847,,0.0,0.0,0.0,0.0,40.71403152835135,optimal
2021-02-09 22:30:00,3,22,0.0,0.0,0.0,0.07,10.7205,6.0,-10,19.81720280698062,,0.0,0.0,0.0,0.0,40.673317496822996,optimal
2021-02-09 23:00:00,3,22,0.0,0.0,0.0,0.16333333333333333,11.424,6.0,-10,19.759524738853873,,0.0,0.0,0.0,0.0,40.63264417932617,optimal
2021-02-09 23:30:00,3,22,0.0,0.0,0.0,0.12333333333333331,10.689,6.0,-10,19.70462020942637,,0.0,0.0,0.0,0.0,40.592011535146845,optimal
2021-02-10 00:00:00,3,22,2.8,0.0,0.0,0.06366666666666666,11.508,6.0,-3,19.70462020942637,,5258.333333333333,0.0,1741.6666666666667,0.0,40.5514195236117,optimal
2021-02-10 00:30:00,3,22,2.8,0.0,0.0,0.5893999999999999,11.844,6.0,-3,19.790909217816406,,2471.666666666667,0.0,4528.333333333333,0.0,40.51086810408809,optimal
2021-02-10 01:00:00,3,22,2.8,0.0,0.0,0.2554333333333333,11.508,6.0,-3,19.8153230487174,,7000.0,0.0,0.0,0.0,40.470357235984004,optimal
2021-02-10 01:30:00,3,22,2.8,0.0,0.0,0.075,11.508,6.0,-3,19.944163395933327,,7000.0,0.0,0.0,0.0,40.42988687874802,optimal
2021-02-10 02:00:00,3,22,2.8,0.0,5.0,0.22093333333333331,10.4475,6.0,-3,20.066262808756484,,7000.0,0.0,0.0,0.0,42.764456991869274,optimal
2021-02-10 02:30:00,3,22,2.8,0.0,5.0,0.075,10.8675,6.0,-3,20.191435680650027,,7000.0,0.0,0.0,0.0,45.096692534877405,optimal
2021-02-10 03:00:00,3,22,2.8,0.0,5.0,0.1745,10.542,6.0,-3,20.31241164718468,,7000.0,0.0,0.0,0.0,47.42659584234253,optimal
2021-02-10 03:30:00,3,22,2.8,0.0,0.0,0.12143333333333334,11.025,6.0,-3,20.43558167917277,,7000.0,0.0,0.0,0.0,47.37916924650018,optimal
2021-02-10 04:00:00,3,22,2.8,0.0,2.116964136523291,0.1148,11.025,6.0,-3,20.556974352946703,,7000.0,0.0,0.0,0.0,48.33734804210225,optimal
2021-02-10 04:30:00,3,22,2.8,0.0,0.0,0.1811333333333333,14.553,6.0,-3,20.67780195228481,,7000.0,0.0,0.0,0.0,48.289010694060146,optimal
2021-02-10 05:00:00,3,22,2.8,0.0,0.0,0.075,13.0935,6.0,-3,20.7996387812222,,7000.0,0.0,0.0,0.0,48.240721683366075,optimal
2021-02-10 05:30:00,3,22,0.0,0.0,0.0,0.22093333333333331,15.6345,6.0,-3,20.91800016313938,,0.0,0.0,0.0,0.0,48.192480961682705,optimal
2021-02-10 06:00:00,3,22,0.0,0.0,0.0,0.25566666666666665,18.102,6.0,-3,20.857557561220446,,0.0,0.0,0.0,0.0,48.144288480721016,optimal
2021-02-10 06:30:00,3,22,0.0,0.0,0.0,1.1654,17.199,6.0,-3,20.799474544724845,,0.0,0.0,0.0,0.0,48.096144192240295,optimal
2021-02-10 07:00:00,3,22,0.0,0.0,0.0,0.5307333333333334,18.2805,6.0,-3,20.748827992759132,,0.0,0.0,0.0,0.0,48.048048048048045,optimal
2021-02-10 07:30:00,3,22,0.0,0.0,0.0,0.5175333333333333,17.4615,6.0,-3,20.707272774950866,,0.0,0.0,0.0,0.0,48.0,optimal
2021-02-10 08:00:00,3,22,0.0,0.0,0.0,1.5275333333333334,18.3225,6.0,-3,20.66629237875207,,0.0,0.0,0.0,0.0,47.94170413172212,optimal
2021-02-10 08:30:00,3,22,0.0,0.0,0.0,0.4043,17.094,6.0,-3,20.61905835083418,,0.0,0.0,0.0,0.0,47.88346655931252,optimal
2021-02-10 09:00:00,3,22,0.0,0.0,0.0,0.7966333333333333,17.094,6.0,-3,20.568994663790853,,0.0,0.0,0.0,0.0,47.825287224475325,optimal
2021-02-10 09:30:00,3,22,0.0,0.0,0.0,1.0873333333333333,17.094,6.0,-3,20.536998789612046,,0.0,0.0,0.0,0.0,47.76716606897297,optimal
2021-02-10 10:00:00,3,22,0.0,0.0,0.0,0.36006666666666665,17.3565,6.0,-3,20.509696107966676,,0.0,0.0,0.0,0.0,47.70910303462612,optimal
2021-02-10 10:30:00,3,22,0.0,0.0,0.0,0.2009,17.115,6.0,-3,20.48456788664122,,0.0,0.0,0.0,0.0,47.65109806331361,optimal
2021-02-10 11:00:00,3,22,0.0,0.0,0.0,0.20103333333333334,17.241,6.0,-3,20.456073070749916,,0.0,0.0,0.0,0.0,47.59315109697242,optimal
2021-02-10 11:30:00,3,22,0.0,0.0,0.0,0.075,17.094,6.0,-3,20.436222725123617,,0.0,0.0,0.0,0.0,47.535262077597565,optimal
2021-02-10 12:00:00,3,22,0.0,0.0,0.0,0.1745,16.5165,6.0,-3,20.413485224639764,,0.0,0.0,0.0,0.0,47.47743094724209,optimal
2021-02-10 12:30:00,3,22,0.0,0.0,0.0,0.12143333333333334,17.8185,6.0,-3,20.408986286756182,,0.0,0.0,0.0,0.0,47.41965764801697,optimal
2021-02-10 13:00:00,3,22,0.0,0.0,0.0,0.075,17.094,6.0,-3,20.403123007293146,,0.0,0.0,0.0,0.0,47.36194212209108,optimal
2021-02-10 13:30:00,3,22,0.0,0.0,0.0,0.075,16.8945,6.0,-3,20.393529483676026,,0.0,0.0,0.0,0.0,47.304284311691106,optimal
2021-02-10 14:00:00,3,22,0.0,0.0,0.0,0.22093333333333331,18.123,6.0,-3,20.384614007448704,,0.0,0.0,0.0,0.0,47.246684159101534,optimal
2021-02-10 14:30:00,3,22,0.0,0.0,0.0,0.075,31.647,6.0,-3,20.3781685301808,,0.0,0.0,0.0,0.0,47.189141606664556,optimal
2021-02-10 15:00:00,3,22,0.0,0.0,0.0,0.16786666666666666,34.9965,6.0,-3,20.367951940663254,,0.0,0.0,0.0,0.0,47.13165659678001,optimal
2021-02-10 15:30:00,3,22,0.0,0.0,0.0,0.12806666666666666,34.9965,6.0,-3,20.349284277588957,,0.0,0.0,0.0,0.0,47.07422907190535,optimal
2021-02-10 16:00:00,3,22,0.0,0.0,0.0,0.075,34.9965,6.0,-3,20.32899582179653,,0.0,0.0,0.0,0.0,47.01685897455557,optimal
2021-02-10 16:30:00,3,22,0.0,0.0,0.0,0.1612333333333333,34.9965,6.0,-3,20.290401303671082,,0.0,0.0,0.0,0.0,46.95954624730313,optimal
2021-02-10 17:00:00,3,22,0.0,0.0,0.0,0.33746666666666664,34.9965,6.0,-3,20.253525335159352,,0.0,0.0,0.0,0.0,46.90229083277795,optimal
2021-02-10 17:30:00,3,22,0.0,0.0,0.0,0.5069666666666666,27.741,6.0,-3,20.20586531269348,,0.0,0.0,0.0,0.0,46.845092673667295,optimal
2021-02-10 18:00:00,3,22,0.0,0.0,0.0,0.5141,19.026,6.0,-3,20.173633648141642,,0.0,0.0,0.0,0.0,46.787951712715746,optimal
2021-02-10 18:30:00,3,22,0.0,0.0,0.0,0.2744,18.7215,6.0,-3,20.13786502159433,,0.0,0.0,0.0,0.0,46.73086789272515,optimal
2021-02-10 19:00:00,3,22,0.0,0.0,0.0,0.5127666666666667,17.4195,6.0,-3,20.088018652467262,,0.0,0.0,0.0,0.0,46.673841156554545,optimal
2021-02-10 19:30:00,3,22,0.08902520918959703,0.0,0.0,0.2599666666666666,16.758,6.0,-3,20.046034386335762,,222.56302297399256,0.0,0.0,0.0,46.61687144712011,optimal
2021-02-10 20:00:00,3,22,0.7599142128160247,0.0,0.0,0.2868,14.217,6.0,-3,20.0,,1899.7855320400618,0.0,0.0,0.0,46.57025457567299,optimal
2021-02-10 20:30:00,3,22,0.0,0.0,0.0,0.5622333333333334,13.3665,6.0,-3,20.0,,0.0,0.0,0.0,0.0,46.52368432109732,optimal
2021-02-10 21:00:00,3,22,0.0,0.0,0.0,0.324,12.789,6.0,-3,19.956910960298394,,0.0,0.0,0.0,0.0,46.477160636776226,optimal
2021-02-10 21:30:00,3,22,0.0836,0.0,0.0,0.34646666666666665,11.907,6.0,-3,19.909525159145375,,0.0,0.0,209.0,0.0,46.43068347613945,optimal
2021-02-10 22:00:00,3,22,0.0,0.0,0.0,0.7917333333333334,11.7075,6.0,-3,19.86123960918608,,0.0,0.0,0.0,0.0,46.38425279266331,optimal
2021-02-10 22:30:00,3,22,0.0,0.0,0.0,0.5648666666666666,10.8045,6.0,-3,19.816225089949345,,0.0,0.0,0.0,0.0,46.33786853987065,optimal
2021-02-10 23:00:00,3,22,0.0,0.0,0.0,0.075,11.508,6.0,-3,19.767987118863235,,0.0,0.0,0.0,0.0,46.291530671330776,optimal
2021-02-10 23:30:00,3,22,0.0,0.0,0.0,0.16056666666666666,11.508,6.0,-3,19.695826701138813,,0.0,0.0,0.0,0.0,46.24523914065944,optimal
2021-02-11 00:00:00,3,22,2.8,0.0,0.0,0.042,17.64,6.0,-13,19.695826701138813,,7000.0,0.0,0.0,0.0,46.19899390151878,optimal
2021-02-11 00:30:00,3,22,0.0,0.0,0.0,0.042,19.1625,6.0,-13,19.805859424376926,,0.0,0.0,0.0,0.0,46.15279490761726,optimal
2021-02-11 01:00:00,3,22,0.0,0.0,0.0,0.048799999999999996,26.46,6.0,-13,19.733970155508064,,0.0,0.0,0.0,0.0,46.10664211270964,optimal
2021-02-11 01:30:00,3,22,0.0,0.0,0.0,0.2029333333333333,20.79,6.0,-13,19.662813651236636,,0.0,0.0,0.0,0.0,46.06053547059693,optimal
2021-02-11 02:00:00,3,22,0.0,0.0,0.0,0.10546666666666668,29.106,6.0,-13,19.595892376793262,,0.0,0.0,0.0,0.0,46.01447493512634,optimal
2021-02-11 02:30:00,3,22,0.0,0.0,0.0,0.22333333333333327,19.1835,6.0,-13,19.52665500136419,,0.0,0.0,0.0,0.0,45.96846046019121,optimal
2021-02-11 03:00:00,3,22,0.0,0.0,0.0,0.09186666666666667,19.6665,6.0,-13,19.460380780357525,,0.0,0.0,0.0,0.0,45.922491999731015,optimal
2021-02-11 03:30:00,3,22,0.0,0.0,0.0,0.16440000000000002,19.404,6.0,-13,19.390581395762275,,0.0,0.0,0.0,0.0,45.87656950773128,optimal
2021-02-11 04:00:00,3,22,1.7665002437915325,0.0,0.0,0.08733333333333333,19.047,6.0,-13,19.32370130305169,,4416.250609478831,0.0,0.0,0.0,45.83069293822355,optimal
2021-02-11 04:30:00,3,22,2.8,0.0,0.0,0.15306666666666666,18.858,6.0,-13,19.370596643597054,,7000.0,0.0,0.0,0.0,45.784862245285325,optimal
2021-02-11 05:00:00,3,22,0.0,0.0,0.0,0.14533333333333334,19.2675,6.0,-13,19.4861850152934,,0.0,0.0,0.0,0.0,45.73907738304004,optimal
2021-02-11 05:30:00,3,22,2.8,0.0,0.0,0.051,18.963,6.0,-13,19.419274325889173,,7000.0,0.0,0.0,0.0,45.693338305657,optimal
2021-02-11 06:00:00,3,22,2.8,0.0,0.0,0.10546666666666668,18.438,6.0,-13,19.532628006504783,,7000.0,0.0,0.0,0.0,45.64764496735135,optimal
2021-02-11 06:30:00,3,22,2.8,0.0,0.0,0.2097333333333333,18.7425,6.0,-13,19.648072877799308,,7000.0,0.0,0.0,0.0,45.601997322383994,optimal
2021-02-11 07:00:00,3,22,2.8,0.0,0.0,0.11453333333333332,15.2145,6.0,-13,19.766662330798457,,7000.0,0.0,0.0,0.0,45.55639532506161,optimal
2021-02-11 07:30:00,3,22,2.8,0.0,0.0,0.13266666666666665,17.7765,6.0,-13,19.883203206969696,,7000.0,0.0,0.0,0.0,45.51083892973654,optimal
2021-02-11 08:00:00,3,22,1.0060406162098954,0.0,0.0,0.11966666666666669,16.758,6.0,-13,20.0,,2515.1015405247385,0.0,0.0,0.0,45.46532809080681,optimal
2021-02-11 08:30:00,3,22,2.8,0.0,0.0,0.042,16.422,6.0,-13,20.0,,4422.333333333334,0.0,2577.6666666666665,0.0,45.419862762716,optimal
2021-02-11 09:00:00,3,22,0.9950148539852522,0.0,0.0,0.26639999999999997,16.758,6.0,-13,20.047305743562085,,2487.5371349631305,0.0,0.0,0.0,45.37444289995329,optimal
2021-02-11 09:30:00,3,22,0.0,0.0,0.0,1.3711333333333335,29.358,6.0,-13,20.06169841319139,,0.0,0.0,0.0,0.0,45.32906845705333,optimal
2021-02-11 10:00:00,3,22,0.0,0.0,0.0,0.22566666666666663,34.9965,6.0,-13,20.048699318921326,,0.0,0.0,0.0,0.0,45.28373938859628,optimal
2021-02-11 10:30:00,3,22,0.0,0.0,0.0,0.1972,34.65,6.0,-13,20.02968323243144,,0.0,0.0,0.0,0.0,45.23845564920769,optimal
2021-02-11 11:00:00,3,22,0.0,0.0,0.0,0.1328,34.9965,6.0,-13,20.009684950482168,,0.0,0.0,0.0,0.0,45.19321719355848,optimal
2021-02-11 11:30:00,3,22,0.0,0.0,0.0,0.2512,34.9965,6.0,-13,20.001994173602757,,0.0,0.0,0.0,0.0,45.148023976364925,optimal
2021-02-11 12:00:00,3,22,0.0,0.0,0.0,1.758,30.4815,6.0,-13,20.0,,0.0,0.0,0.0,0.0,45.10287595238856,optimal
2021-02-11 12:30:00,3,22,0.0,0.0,0.0,2.340533333333333,21.4305,6.0,-13,20.02338709011566,,0.0,0.0,0.0,0.0,45.05777307643617,optimal
2021-02-11 13:00:00,3,22,0.0836,0.0,0.0,1.1823666666666666,14.3325,6.0,-13,20.04748650838925,,0.0,0.0,209.0,0.0,45.012715303359734,optimal
2021-02-11 13:30:00,3,22,0.0,0.0,0.0,0.1216,13.692,6.0,-13,20.072209536101543,,0.0,0.0,0.0,0.0,44.967702588056376,optimal
2021-02-11 14:00:00,3,22,0.0,0.0,0.0,0.41233333333333333,14.007,6.0,-13,20.095252044420516,,0.0,0.0,0.0,0.0,44.92273488546832,optimal
2021-02-11 14:30:00,3,22,0.0,0.0,1.6691758317638292,0.5514,12.873,6.0,-13,20.118660018761606,,0.0,0.0,0.0,0.0,45.670670670670674,optimal
2021-02-11 15:00:00,3,22,0.0,0.0,5.0,0.3412,12.684,6.0,-13,20.149316127446124,,0.0,0.0,0.0,0.0,48.0,optimal
2021-02-11 15:30:00,3,22,0.19506666666666667,0.0,0.0,0.5596,12.306,6.0,-13,20.16068564074165,,0.0,0.0,487.6666666666667,0.0,46.23040138875672,optimal
2021-02-11 16:00:00,3,22,2.8000000000000003,0.0,0.0,0.31,10.6365,6.0,-13,20.169902147756414,,4606.159863850387,0.0,2393.8401361496135,0.0,44.46257237612468,optimal
2021-02-11 16:30:00,3,22,0.0,0.0,0.0,0.1424,11.2455,6.0,-13,20.270422427501288,,0.0,0.0,0.0,0.0,42.69651119250528,optimal
2021-02-11 17:00:00,3,22,0.0,0.0,0.0,0.24106666666666662,11.2455,6.0,-13,20.241667087474017,,0.0,0.0,0.0,0.0,40.932216070069494,optimal
2021-02-11 17:30:00,3,22,0.0,0.0,0.0,0.2007333333333333,11.025,6.0,-13,20.19276921488416,,0.0,0.0,0.0,0.0,40.891283853999425,optimal
2021-02-11 18:00:00,3,22,0.0,0.0,0.0,0.3691333333333333,12.0855,6.0,-13,20.14491060075804,,0.0,0.0,0.0,0.0,40.850392570145424,optimal
2021-02-11 18:30:00,3,22,0.0,0.0,0.0,0.264,11.6865,6.0,-13,20.10201855225534,,0.0,0.0,0.0,0.0,40.80954217757528,optimal
2021-02-11 19:00:00,3,22,0.0,0.0,0.0,0.40686666666666665,11.2245,6.0,-13,20.049683344591394,,0.0,0.0,0.0,0.0,40.768732635397704,optimal
2021-02-11 19:30:00,3,22,0.8462293964071189,0.0,0.0,0.27546666666666664,11.025,6.0,-13,20.0,,2115.573491017797,0.0,0.0,0.0,40.727963902762305,optimal
2021-02-11 20:00:00,3,22,2.6106402988504573,0.0,0.0,0.41186666666666666,10.7835,6.0,-13,20.0,,2232.4408832757567,0.0,4294.1598638503865,0.0,40.687235938859544,optimal
2021-02-11 20:30:00,3,22,0.0,0.0,0.0,0.42586666666666667,11.025,6.0,-13,20.0,,0.0,0.0,0.0,0.0,40.64654870292068,optimal
2021-02-11 21:00:00,3,22,0.2508,0.0,0.0,0.37906666666666666,10.584,6.0,-13,19.948031800488682,,0.0,0.0,627.0,0.0,40.60590215421776,optimal
2021-02-11 21:30:00,3,22,0.0,0.0,0.0,0.3694666666666666,11.025,6.0,-13,19.900358450627206,,0.0,0.0,0.0,0.0,40.56529625206354,optimal
2021-02-11 22:00:00,3,22,0.0,0.0,0.0,0.1404,10.4265,6.0,-13,19.849079635099084,,0.0,0.0,0.0,0.0,40.52473095581148,optimal
2021-02-11 22:30:00,3,22,0.0,0.0,0.0,0.12226666666666668,12.789,6.0,-13,19.773524445312596,,0.0,0.0,0.0,0.0,40.48420622485567,optimal
2021-02-11 23:00:00,3,22,0.0,0.0,0.0,0.12453333333333332,12.684,6.0,-13,19.69580146517426,,0.0,0.0,0.0,0.0,40.443722018630815,optimal
2021-02-11 23:30:00,3,22,0.0,0.0,0.0,0.2016,16.254,6.0,-13,19.616447785688848,,0.0,0.0,0.0,0.0,40.403278296612186,optimal
2021-02-12 00:00:00,3,22,0.0,0.0,0.0,0.044,13.671,6.0,6,19.616447785688848,,0.0,0.0,0.0,0.0,40.36287501831557,optimal
2021-02-12 00:30:00,3,22,2.8,0.0,0.0,0.15280000000000002,10.668,6.0,6,19.53455794244573,,0.0,0.0,7000.0,0.0,40.32251214329725,optimal
2021-02-12 01:00:00,3,22,0.0,0.0,0.0,0.09666666666666669,11.7285,6.0,6,19.455760100735684,,0.0,0.0,0.0,0.0,40.282189631153955,optimal
2021-02-12 01:30:00,3,22,0.0,0.0,0.0,0.106,11.025,6.0,6,19.37575859383536,,0.0,0.0,0.0,0.0,40.2419074415228,optimal
2021-02-12 02:00:00,3,22,0.0,0.0,0.0,0.19440000000000002,10.689,6.0,6,19.29658192178925,,0.0,0.0,0.0,0.0,40.20166553408127,optimal
2021-02-12 02:30:00,3,22,2.8,0.0,5.0,0.202,8.1585,6.0,6,19.22028190182031,,5988.333333333334,0.0,1011.6666666666656,0.0,42.53646386854719,optimal
2021-02-12 03:00:00,3,22,2.8,0.0,0.0,0.044,10.3635,6.0,6,19.300998881690823,,7000.0,0.0,0.0,0.0,42.493927404678644,optimal
2021-02-12 03:30:00,3,22,0.0,0.0,0.0,0.33173333333333327,10.8045,6.0,6,19.404607116986515,,0.0,0.0,0.0,0.0,42.451433477273966,optimal
2021-02-12 04:00:00,3,22,0.0,0.0,0.0,0.06466666666666668,11.025,6.0,6,19.33573170515622,,0.0,0.0,0.0,0.0,42.40898204379669,optimal
2021-02-12 04:30:00,3,22,2.8,0.0,0.0,0.13613333333333333,10.3635,6.0,6,19.26240413169908,,7000.0,0.0,0.0,0.0,42.366573061752895,optimal
2021-02-12 05:00:00,3,22,2.8,0.0,0.0,0.26026666666666665,10.8045,6.0,6,19.37532485967728,,7000.0,0.0,0.0,0.0,42.32420648869114,optimal
2021-02-12 05:30:00,3,22,2.8,0.0,2.5148599348810308,0.06466666666666668,10.059,6.0,6,19.493370331433432,,7000.0,0.0,0.0,0.0,43.47644075127093,optimal
2021-02-12 06:00:00,3,22,2.8,0.0,0.0,0.106,10.584,6.0,6,19.608539452931407,,7000.0,0.0,0.0,0.0,43.43296431051965,optimal
2021-02-12 06:30:00,3,22,2.8,0.0,5.0,0.16733333333333333,9.4185,6.0,6,19.726998057045304,,7000.0,0.0,0.0,0.0,45.764531346209125,optimal
2021-02-12 07:00:00,3,22,2.8,0.0,0.0,0.23506666666666665,10.3635,6.0,6,19.846990645276655,,7000.0,0.0,0.0,0.0,45.71876681486292,optimal
2021-02-12 07:30:00,3,22,2.8,0.0,5.0,0.0668,9.8385,6.0,6,19.97244020292606,,7000.0,0.0,0.0,0.0,48.048048048048045,optimal
2021-02-12 08:00:00,3,22,0.2085376193575846,0.0,0.0,0.6533666666666667,11.067,6.0,6,20.09357544299431,,521.3440483939615,0.0,0.0,0.0,48.0,optimal
2021-02-12 08:30:00,3,22,2.8,0.0,0.0,1.2090666666666665,10.8465,6.0,6,20.0596649416933,,7000.0,0.0,0.0,0.0,47.88238266303913,optimal
2021-02-12 09:00:00,3,22,0.0,0.0,0.0,0.13893333333333333,13.671,6.0,6,20.201416710415245,,0.0,0.0,0.0,0.0,47.76488294341522,optimal
2021-02-12 09:30:00,3,22,0.0,0.0,0.0,0.1948,12.348,6.0,6,20.139268095137904,,0.0,0.0,0.0,0.0,47.64750072351094,optimal
2021-02-12 10:00:00,3,22,0.0,0.0,0.0,0.11466666666666668,14.3325,6.0,6,20.085889315549316,,0.0,0.0,0.0,0.0,47.530235885826556,optimal
2021-02-12 10:30:00,3,22,0.0,0.0,0.0,0.16093333333333334,15.393,6.0,6,20.05624337440971,,0.0,0.0,0.0,0.0,47.41308831297986,optimal
2021-02-12 11:00:00,3,22,0.0,0.0,0.0,0.12440000000000001,13.587,6.0,6,20.02918956640394,,0.0,0.0,0.0,0.0,47.29605788770601,optimal
2021-02-12 11:30:00,3,22,0.0,0.0,0.0,0.2713333333333333,16.1385,6.0,6,20.01818732195071,,0.0,0.0,0.0,0.0,47.17914449285744,optimal
2021-02-12 12:00:00,3,22,0.0,0.0,0.0,0.07466666666666667,14.595,6.0,6,20.011200371317603,,0.0,0.0,0.0,0.0,47.062348011403714,optimal
2021-02-12 12:30:00,3,22,0.0,0.0,0.0,0.2836666666666667,14.637,6.0,6,20.005099383101943,,0.0,0.0,0.0,0.0,46.945668326431445,optimal
2021-02-12 13:00:00,3,22,0.0,0.0,0.0,0.13273333333333331,13.9125,6.0,6,20.004610586736714,,0.0,0.0,0.0,0.0,46.82910532114415,optimal
2021-02-12 13:30:00,3,22,0.0,0.0,0.0,0.3893333333333333,13.3665,6.0,6,20.0,,0.0,0.0,0.0,0.0,46.712658878862136,optimal
2021-02-12 14:00:00,3,22,0.0,0.0,0.0,0.5523333333333333,13.0095,6.0,6,20.00732198864452,,0.0,0.0,0.0,0.0,46.59632888302241,optimal
2021-02-12 14:30:00,3,22,0.0,0.0,0.0,0.3047333333333333,13.8915,6.0,6,20.015402658264016,,0.0,0.0,0.0,0.0,46.48011521717852,optimal
2021-02-12 15:00:00,3,22,0.0,0.0,0.0,0.6023999999999999,13.188,6.0,6,20.02763587963131,,0.0,0.0,0.0,0.0,46.364017765000476,optimal
2021-02-12 15:30:00,3,22,0.0,0.0,0.0,0.522,12.5685,6.0,6,20.044102751297938,,0.0,0.0,0.0,0.0,46.24803641027461,optimal
2021-02-12 16:00:00,3,22,0.0,0.0,0.0,0.2346,12.285,6.0,6,20.04969630264526,,0.0,0.0,0.0,0.0,46.132171036903465,optimal
2021-02-12 16:30:00,3,22,0.06081718991206036,0.0,0.0,0.4999333333333333,11.487,6.0,6,20.029356186441166,,152.0429747801509,0.0,0.0,0.0,46.016421528905695,optimal
2021-02-12 17:00:00,3,22,0.0,0.0,0.0,0.3654,11.802,6.0,6,20.026032054537453,,0.0,0.0,0.0,0.0,45.97040510737679,optimal
2021-02-12 17:30:00,3,22,0.3864466696317429,0.0,0.0,0.2818333333333333,11.2245,6.0,6,20.0,,966.1166740793573,0.0,0.0,0.0,45.924434702269416,optimal
2021-02-12 18:00:00,3,22,2.5486812413606383,0.0,0.0,0.33903333333333335,11.025,6.0,6,20.0,,6371.703103401596,0.0,0.0,0.0,45.878510267567144,optimal
2021-02-12 18:30:00,3,22,0.0,0.0,0.0,0.2916333333333333,11.907,6.0,6,20.131349833541336,,0.0,0.0,0.0,0.0,45.83263175729957,optimal
2021-02-12 19:00:00,3,22,0.0,0.0,0.0,0.6564666666666666,25.83,6.0,6,20.09417170236014,,0.0,0.0,0.0,0.0,45.786799125542274,optimal
2021-02-12 19:30:00,3,22,0.0,0.0,0.0,0.34153333333333336,28.035,6.0,6,20.066831291886448,,0.0,0.0,0.0,0.0,45.74101232641673,optimal
2021-02-12 20:00:00,3,22,0.0,0.0,0.0,0.3396666666666667,28.119,6.0,6,20.032029611952993,,0.0,0.0,0.0,0.0,45.69527131409031,optimal
2021-02-12 20:30:00,3,22,0.0,0.0,0.0,1.5761666666666667,30.156,6.0,6,20.0,,0.0,0.0,0.0,0.0,45.649576042776225,optimal
2021-02-12 21:00:00,3,22,0.0,0.0,0.0,0.4764,29.1585,6.0,6,19.99357296627507,,0.0,0.0,0.0,0.0,45.60392646673345,optimal
2021-02-12 21:30:00,3,22,0.0,0.0,0.0,0.2859,26.712,6.0,6,19.957212762352345,,0.0,0.0,0.0,0.0,45.558322540266715,optimal
2021-02-12 22:00:00,3,22,0.0,0.0,0.0,0.10063333333333334,15.435,6.0,6,19.9174889512172,,0.0,0.0,0.0,0.0,45.51276421772645,optimal
2021-02-12 22:30:00,3,22,0.0,0.0,0.0,0.2332,13.566,6.0,6,19.874429737149946,,0.0,0.0,0.0,0.0,45.46725145350872,optimal
2021-02-12 23:00:00,3,22,0.0,0.0,0.0,0.2678666666666667,12.789,6.0,6,19.8280547871387,,0.0,0.0,0.0,0.0,45.421784202055214,optimal
2021-02-12 23:30:00,3,22,0.0,0.0,0.0,0.054,12.1275,6.0,6,19.77238892978008,,0.0,0.0,0.0,0.0,45.37636241785316,optimal
2021-02-13 00:00:00,3,22,0.0,0.0,0.0,0.06,12.1275,6.0,8,19.77238892978008,,0.0,0.0,0.0,0.0,45.330986055435304,optimal
2021-02-13 00:30:00,3,22,0.0,0.0,0.0,0.09259999999999999,12.1275,6.0,8,19.71173056280982,,0.0,0.0,0.0,0.0,45.28565506937987,optimal
2021-02-13 01:00:00,3,22,0.0,0.0,0.0,0.16906666666666667,12.789,6.0,8,19.652277267724056,,0.0,0.0,0.0,0.0,45.24036941431049,optimal
2021-02-13 01:30:00,3,22,0.0,0.0,0.0,0.11356666666666666,11.907,6.0,8,19.595164987134414,,0.0,0.0,0.0,0.0,45.195129044896184,optimal
2021-02-13 02:00:00,3,22,0.0,0.0,0.0,0.1415,11.025,6.0,8,19.536957096903702,,0.0,0.0,0.0,0.0,45.149933915851285,optimal
2021-02-13 02:30:00,3,22,2.8,0.0,0.0,0.24919999999999998,8.2005,6.0,8,19.479825091430516,,0.0,0.0,7000.0,0.0,45.104783981935434,optimal
2021-02-13 03:00:00,3,22,0.0,0.0,0.0,0.06,9.5655,6.0,8,19.42567641178615,,0.0,0.0,0.0,0.0,45.0596791979535,optimal
2021-02-13 03:30:00,3,22,2.8,0.0,5.0,0.27246666666666663,7.056,6.0,8,19.366786692002115,,3759.0,0.0,3241.0,0.0,47.389619518755545,optimal
2021-02-13 04:00:00,3,22,0.0,0.0,0.0,0.1454,9.3975,6.0,8,19.411121192110087,,0.0,0.0,0.0,0.0,47.34222989923679,optimal
2021-02-13 04:30:00,3,22,0.0,0.0,0.0,0.07629999999999999,10.059,6.0,8,19.354174105765715,,0.0,0.0,0.0,0.0,47.294887669337555,optimal
2021-02-13 05:00:00,3,22,2.8,0.0,0.0,0.2511,9.261,6.0,8,19.295292231151574,,7000.0,0.0,0.0,0.0,47.24759278166822,optimal
2021-02-13 05:30:00,3,22,2.8,0.0,1.987249035440994,0.15819999999999998,8.1585,6.0,8,19.422596315900904,,7000.0,0.0,0.0,0.0,48.144288480721016,optimal
2021-02-13 06:00:00,3,22,2.478764505271091,0.0,0.0,0.07659999999999999,9.4815,6.0,8,19.546603880662197,,6196.911263177728,0.0,0.0,0.0,48.096144192240295,optimal
2021-02-13 06:30:00,3,22,2.8,0.0,0.0,0.19846666666666668,8.379,6.0,8,19.64689882154172,,7000.0,0.0,0.0,0.0,48.048048048048045,optimal
2021-02-13 07:00:00,3,22,2.8,0.0,0.0,0.40136666666666665,9.5235,6.0,8,19.77370399456789,,7000.0,0.0,0.0,0.0,48.0,optimal
2021-02-13 07:30:00,3,22,2.8,0.0,0.0,0.2064,8.1375,6.0,8,19.91407000936952,,7000.0,0.0,0.0,0.0,47.707123534704856,optimal
2021-02-13 08:00:00,3,22,0.0,0.0,0.0,0.21736666666666668,10.0905,6.0,8,20.04776672192971,,0.0,0.0,0.0,0.0,47.414539945875006,optimal
2021-02-13 08:30:00,3,22,2.8,0.0,0.0,0.1603,7.539,6.0,8,20.0,,7000.0,0.0,0.0,0.0,47.12224894063399,optimal
2021-02-13 09:00:00,3,22,2.8,0.0,0.0,0.2243666666666667,7.938,6.0,8,20.11759092698315,,7000.0,0.0,0.0,0.0,46.83025022639821,optimal
2021-02-13 09:30:00,3,22,2.8,0.0,0.0,0.14859999999999998,8.274,6.0,8,20.24640940483854,,7000.0,0.0,0.0,0.0,46.53854351087667,optimal
2021-02-13 10:00:00,3,22,2.8,0.0,0.0,0.17776666666666668,9.261,6.0,8,20.373651174364934,,7000.0,0.0,0.0,0.0,46.24712850207065,optimal
2021-02-13 10:30:00,3,22,0.0,0.0,0.0,0.0777,9.9225,6.0,8,20.518869574097305,,0.0,0.0,0.0,0.0,45.956004908273435,optimal
2021-02-13 11:00:00,3,22,0.8878959478996865,0.0,0.0,0.09290000000000001,9.702,6.0,8,20.479437490734067,,2219.7398697492163,0.0,0.0,0.0,45.665172438070016,optimal
2021-02-13 11:30:00,3,22,0.0,0.0,0.0,0.33363333333333334,10.584,6.0,8,20.51787024181507,,0.0,0.0,0.0,0.0,45.3746308003368,optimal
2021-02-13 12:00:00,3,22,0.0,0.0,0.0,0.10676666666666668,10.143,6.0,8,20.507429281505054,,0.0,0.0,0.0,0.0,45.08437970424132,optimal
2021-02-13 12:30:00,3,22,0.0,0.0,0.0,0.42336666666666667,13.0095,6.0,8,20.50656441547764,,0.0,0.0,0.0,0.0,44.79441885924194,optimal
2021-02-13 13:00:00,3,22,0.0,0.0,0.0,0.2602,11.025,6.0,8,20.509514667752793,,0.0,0.0,0.0,0.0,44.504747975087554,optimal
2021-02-13 13:30:00,3,22,0.0,0.0,0.0,0.126,12.789,6.0,8,20.51015272015142,,0.0,0.0,0.0,0.0,44.21536676181732,optimal
2021-02-13 14:00:00,3,22,0.0,0.0,0.0,0.28733333333333333,12.1275,6.0,8,20.509184878135542,,0.0,0.0,0.0,0.0,43.92627492976036,optimal
2021-02-13 14:30:00,3,22,0.0,0.0,0.0,0.22169999999999998,12.1695,6.0,8,20.501121036471655,,0.0,0.0,0.0,0.0,43.63747218953546,optimal
2021-02-13 15:00:00,3,22,0.0,0.0,0.0,0.073,12.306,6.0,8,20.492606473741475,,0.0,0.0,0.0,0.0,43.34895825205078,optimal
2021-02-13 15:30:00,3,22,0.0,0.0,0.0,0.30306666666666665,13.23,6.0,8,20.471563598389263,,0.0,0.0,0.0,0.0,43.06073282850358,optimal
2021-02-13 16:00:00,3,22,0.0,0.0,0.0,0.1128,13.671,6.0,8,20.457724495333025,,0.0,0.0,0.0,0.0,42.77279563037994,optimal
2021-02-13 16:30:00,3,22,0.0,0.0,0.0,0.1603,13.9335,6.0,8,20.411555694863292,,0.0,0.0,0.0,0.0,42.48514636945442,optimal
2021-02-13 17:00:00,3,22,0.0,0.0,0.0,0.09493333333333334,13.293,6.0,8,20.36677050360203,,0.0,0.0,0.0,0.0,42.19778475778982,optimal
2021-02-13 17:30:00,3,22,0.0,0.0,0.0,0.16256666666666666,12.1065,6.0,8,20.308081541577565,,0.0,0.0,0.0,0.0,41.91071050773689,optimal
2021-02-13 18:00:00,3,22,0.0,0.0,0.0,0.25453333333333333,11.571,6.0,8,20.252558065633405,,0.0,0.0,0.0,0.0,41.62392333193401,optimal
2021-02-13 18:30:00,3,22,0.0,0.0,0.0,0.4339333333333333,11.025,6.0,8,20.20243202852366,,0.0,0.0,0.0,0.0,41.33742294330693,optimal
2021-02-13 19:00:00,3,22,0.0,0.0,0.0,0.3228666666666667,10.8465,6.0,8,20.160241979749888,,0.0,0.0,0.0,0.0,41.05120905506848,optimal
2021-02-13 19:30:00,3,22,0.0,0.0,0.0,0.15259999999999999,11.2455,6.0,8,20.108029669988106,,0.0,0.0,0.0,0.0,40.76528138071827,optimal
2021-02-13 20:00:00,3,22,0.0,0.0,0.0,0.5135666666666667,23.8665,6.0,8,20.045036950789733,,0.0,0.0,0.0,0.0,40.47963963404241,optimal
2021-02-13 20:30:00,3,22,0.0,0.0,0.0,0.2752333333333333,27.4575,6.0,8,20.0,,0.0,0.0,0.0,0.0,40.19428352911322,optimal
2021-02-13 21:00:00,3,22,0.0,0.0,0.0,0.3058,27.3735,6.0,8,19.952406387582386,,0.0,0.0,0.0,0.0,39.90921278028897,optimal
2021-02-13 21:30:00,3,22,0.0,0.0,0.0,0.3522,30.4605,6.0,8,19.907696818619403,,0.0,0.0,0.0,0.0,39.86930356750868,optimal
2021-02-13 22:00:00,3,22,0.0,0.0,0.0,0.30393333333333333,30.0195,6.0,8,19.863054150443173,,0.0,0.0,0.0,0.0,39.829434263941174,optimal
2021-02-13 22:30:00,3,22,0.0,0.0,0.0,0.17866666666666667,26.9325,6.0,8,19.82052658925346,,0.0,0.0,0.0,0.0,39.78960482967723,optimal
2021-02-13 23:00:00,3,22,0.0,0.0,0.0,0.12940000000000002,14.595,6.0,8,19.76302137145838,,0.0,0.0,0.0,0.0,39.74981522484755,optimal
2021-02-13 23:30:00,3,22,0.0,0.0,0.0,0.2161,12.4845,6.0,8,19.704583783498023,,0.0,0.0,0.0,0.0,39.71006540962271,optimal
2021-02-07 00:00:00,4,22,0.0,0.0,0.0,0.049,12.348,6.0,-18,21.0,,0.0,0.0,0.0,0.0,47.952,optimal
2021-02-07 00:30:00,4,22,0.0,0.0,0.0,0.049,12.348,6.0,-18,20.945780894202482,,0.0,0.0,0.0,0.0,47.904047999999996,optimal
2021-02-07 01:00:00,4,22,0.0,0.0,0.0,0.049,12.1275,6.0,-18,20.891413684516632,,0.0,0.0,0.0,0.0,47.856143952,optimal
2021-02-07 01:30:00,4,22,0.0,0.0,0.0,0.24359999999999998,12.5265,6.0,-18,20.83689885006725,,0.0,0.0,0.0,0.0,47.80828780804799,optimal
2021-02-07 02:00:00,4,22,0.0,0.0,0.0,0.05446666666666667,11.7495,6.0,-18,20.7874551504644,,0.0,0.0,0.0,0.0,47.76047952023995,optimal
2021-02-07 02:30:00,4,22,0.0,0.0,0.0,0.1003,13.23,6.0,-18,20.733095169171698,,0.0,0.0,0.0,0.0,47.712719040719705,optimal
2021-02-07 03:00:00,4,22,0.0,0.0,0.0,0.1868333333333333,14.3325,6.0,-18,20.679778483119414,,0.0,0.0,0.0,0.0,47.66500632167899,optimal
2021-02-07 03:30:00,4,22,0.0,0.0,0.0,0.05993333333333333,14.994,6.0,-18,20.62855927491476,,0.0,0.0,0.0,0.0,47.61734131535731,optimal
2021-02-07 04:00:00,4,22,0.0,0.0,0.0,0.20533333333333328,14.8155,6.0,-18,20.574046613481176,,0.0,0.0,0.0,0.0,47.56972397404195,optimal
2021-02-07 04:30:00,4,22,0.0,0.0,0.0,0.09273333333333332,14.112,6.0,-18,20.523326656270818,,0.0,0.0,0.0,0.0,47.522154250067906,optimal
2021-02-07 05:00:00,4,22,0.0,0.0,0.0,0.054700000000000006,14.007,6.0,-18,20.469844958006302,,0.0,0.0,0.0,0.0,47.47463209581784,optimal
2021-02-07 05:30:00,4,22,0.0,0.0,0.0,0.24336666666666668,13.23,6.0,-18,20.415548009707614,,0.0,0.0,0.0,0.0,47.42715746372202,optimal
2021-02-07 06:00:00,4,22,2.8,0.0,1.5082397599621051,0.049,11.382,6.0,-18,20.366329071289954,,7000.0,0.0,0.0,0.0,48.096144192240295,optimal
2021-02-07 06:30:00,4,22,0.0,0.0,0.0,0.1562666666666667,11.7495,6.0,-18,20.494108428585932,,0.0,0.0,0.0,0.0,48.048048048048045,optimal
2021-02-07 07:00:00,4,22,0.0,0.0,0.0,1.2831,24.3285,6.0,-18,20.44215839569683,,0.0,0.0,0.0,0.0,48.0,optimal
2021-02-07 07:30:00,4,22,0.0,0.0,0.0,0.057,28.917,6.0,-18,20.398642999290942,,0.0,0.0,0.0,0.0,47.49851312508221,optimal
2021-02-07 08:00:00,4,22,0.0,0.0,0.0,0.2297333333333333,31.3635,6.0,-18,20.345235737195985,,0.0,0.0,0.0,0.0,46.99752773703934,optimal
2021-02-07 08:30:00,4,22,0.0,0.0,0.0,0.42633333333333334,33.306,6.0,-18,20.295540081347752,,0.0,0.0,0.0,0.0,46.497043334384514,optimal
2021-02-07 09:00:00,4,22,0.0,0.0,0.0,0.06233333333333334,31.3425,6.0,-18,20.25083067876784,,0.0,0.0,0.0,0.0,45.997059416132345,optimal
2021-02-07 09:30:00,4,22,0.0,0.0,0.0,0.1388,28.2555,6.0,-18,20.20337092292645,,0.0,0.0,0.0,0.0,45.49757548179843,optimal
2021-02-07 10:00:00,4,22,0.0,0.0,0.0,0.17926666666666669,15.6975,6.0,-18,20.151670555335777,,0.0,0.0,0.0,0.0,44.998591031398846,optimal
2021-02-07 10:30:00,4,22,0.0,0.0,0.0,0.1388,12.5475,6.0,-18,20.108252244521182,,0.0,0.0,0.0,0.0,44.50010556544966,optimal
2021-02-07 11:00:00,4,22,0.0,0.0,0.0,0.10273333333333332,12.0855,6.0,-18,20.06359939386631,,0.0,0.0,0.0,0.0,44.002118584966425,optimal
2021-02-07 11:30:00,4,22,1.011094016587266,0.0,0.0,0.13553333333333334,11.907,6.0,-18,20.027092941510837,,2527.7350414681646,0.0,0.0,0.0,43.504629591463676,optimal
2021-02-07 12:00:00,4,22,0.0,0.0,0.0,0.1388,12.5685,6.0,-18,20.057238093924674,,0.0,0.0,0.0,0.0,43.00763808695443,optimal
2021-02-07 12:30:00,4,22,0.0,0.0,0.0,0.17926666666666669,13.146,6.0,-18,20.02804608064934,,0.0,0.0,0.0,0.0,42.51114357394969,optimal
2021-02-07 13:00:00,4,22,0.5359973336249972,0.0,0.0,0.1388,10.584,6.0,-18,20.0,,1339.9933340624932,0.0,0.0,0.0,42.015145555457956,optimal
2021-02-07 13:30:00,4,22,1.0386381453728417,0.0,0.0,0.08633333333333333,6.678,6.0,-18,20.0,,2596.5953634321045,0.0,0.0,0.0,41.51964353498471,optimal
2021-02-07 14:00:00,4,22,0.0,0.0,0.0,0.16903333333333334,7.938,6.0,-18,20.031450270371113,,0.0,0.0,0.0,0.0,41.02463701653194,optimal
2021-02-07 14:30:00,4,22,2.8,0.0,0.0,0.1217,5.292,6.0,-18,20.0,,7000.0,0.0,0.0,0.0,40.53012550459762,optimal
2021-02-07 15:00:00,4,22,0.0,0.0,0.0,0.17926666666666669,9.261,6.0,-18,20.14947284198862,,0.0,0.0,0.0,0.0,40.03610850417524,optimal
2021-02-07 15:30:00,4,22,0.0,0.0,0.0,0.059,10.3635,6.0,-18,20.123860388925774,,0.0,0.0,0.0,0.0,39.54258552075328,optimal
2021-02-07 16:00:00,4,22,0.0,0.0,0.0,0.2361,8.274,6.0,-18,20.094720499373917,,0.0,0.0,0.0,0.0,39.049556060314735,optimal
2021-02-07 16:30:00,4,22,0.0,0.0,0.0,0.7164666666666667,7.7175,6.0,-18,20.061641132638936,,0.0,0.0,0.0,0.0,38.55701962933664,optimal
2021-02-07 17:00:00,4,22,0.019248481169845524,0.0,0.0,0.2585,6.615,6.0,-18,20.042580515302063,,48.12120292461381,0.0,0.0,0.0,38.06497573478951,optimal
2021-02-07 17:30:00,4,22,0.7526306137977873,0.0,0.0,0.133,6.174,6.0,-18,20.0,,1881.5765344944682,0.0,0.0,0.0,37.573423884136936,optimal
2021-02-07 18:00:00,4,22,0.8537400087731534,0.0,0.0,0.17926666666666669,3.906,6.0,-18,20.0,,2134.3500219328835,0.0,0.0,0.0,37.08236358533501,optimal
2021-02-07 18:30:00,4,22,0.7453166573000434,0.0,0.0,0.24409999999999998,2.3415,6.0,-18,20.0,,1863.2916432501086,0.0,0.0,0.0,37.045281221749676,optimal
2021-02-07 19:00:00,4,22,0.6293213058269346,0.0,0.0,1.2786666666666668,2.205,6.0,-18,20.0,,1573.3032645673366,0.0,0.0,0.0,37.008235940527925,optimal
2021-02-07 19:30:00,4,22,1.1012761704942924,0.0,0.0,0.32973333333333327,0.882,6.0,-18,20.0,,2753.1904262357307,0.0,0.0,0.0,36.9712277045874,optimal
2021-02-07 20:00:00,4,22,0.0,0.0,0.0,1.7384333333333335,1.5435,6.0,-18,20.028545150289727,,0.0,0.0,0.0,0.0,36.93425647688281,optimal
2021-02-07 20:30:00,4,22,0.0,0.0,0.0,0.4732,1.5435,6.0,-18,20.0,,0.0,0.0,0.0,0.0,36.897322220405925,optimal
2021-02-07 21:00:00,4,22,0.0,0.0,0.0,0.5440666666666667,5.0715,6.0,-18,19.96051048202808,,0.0,0.0,0.0,0.0,36.86042489818552,optimal
2021-02-07 21:30:00,4,22,0.0,0.0,0.0,0.3496,5.376,6.0,-18,19.922162530241334,,0.0,0.0,0.0,0.0,36.823564473287334,optimal
2021-02-07 22:00:00,4,22,0.0,0.0,0.0,0.2766,5.0715,6.0,-18,19.878265415105353,,0.0,0.0,0.0,0.0,36.786740908814046,optimal
2021-02-07 22:30:00,4,22,0.0,0.0,0.0,0.22080000000000002,5.5125,6.0,-18,19.831589683463253,,0.0,0.0,0.0,0.0,36.74995416790523,optimal
2021-02-07 23:00:00,4,22,0.0,0.0,0.0,0.059,9.261,6.0,-18,19.781796135763344,,0.0,0.0,0.0,0.0,36.71320421373733,optimal
2021-02-07 23:30:00,4,22,0.0,0.0,0.0,0.05666666666666666,11.7075,6.0,-18,19.72795942642649,,0.0,0.0,0.0,0.0,36.67649100952359,optimal
2021-02-08 00:00:00,4,22,0.0,0.0,0.0,0.057,12.348,6.0,17,19.72795942642649,,0.0,0.0,0.0,0.0,36.639814518514065,optimal
2021-02-08 00:30:00,4,22,0.0,0.0,0.0,0.19233333333333327,25.389,6.0,17,19.673192543263667,,0.0,0.0,0.0,0.0,36.60317470399555,optimal
2021-02-08 01:00:00,4,22,0.0,0.0,0.0,0.09593333333333334,29.1375,6.0,17,19.62211936521525,,0.0,0.0,0.0,0.0,36.56657152929155,optimal
2021-02-08 01:30:00,4,22,0.0,0.0,0.0,0.07646666666666667,30.597,6.0,17,19.568706533156835,,0.0,0.0,0.0,0.0,36.53000495776226,optimal
2021-02-08 02:00:00,4,22,0.0,0.0,0.0,0.21180000000000002,33.684,6.0,17,19.514798915673822,,0.0,0.0,0.0,0.0,36.4934749528045,optimal
2021-02-08 02:30:00,4,22,0.0,0.0,0.0,0.057,32.445,6.0,17,19.464420470586138,,0.0,0.0,0.0,0.0,36.45698147785169,optimal
2021-02-08 03:00:00,4,22,0.0,0.0,0.0,0.057,28.917,6.0,17,19.410344398518667,,0.0,0.0,0.0,0.0,36.42052449637384,optimal
2021-02-08 03:30:00,4,22,0.0,0.0,0.0,0.17773333333333333,15.876,6.0,17,19.356605018672347,,0.0,0.0,0.0,0.0,36.384103971877465,optimal
2021-02-08 04:00:00,4,22,0.0,0.0,0.0,0.11053333333333332,12.348,6.0,17,19.30601489735976,,0.0,0.0,0.0,0.0,36.34771986790559,optimal
2021-02-08 04:30:00,4,22,2.8,0.0,0.11580552326364568,0.057,12.1275,6.0,17,19.253680545582057,,7000.0,0.0,0.0,0.0,36.36637977158791,optimal
2021-02-08 05:00:00,4,22,0.4483181342871032,0.0,0.0,0.1242,12.348,6.0,17,19.38169050640492,,1120.795335717758,0.0,0.0,0.0,36.33001339181632,optimal
2021-02-08 05:30:00,4,22,2.8,0.0,5.0,0.06186666666666667,12.1275,6.0,17,19.357942437347816,,7000.0,0.0,0.0,0.0,38.668683378424504,optimal
2021-02-08 06:00:00,4,22,2.8,0.0,5.0,0.22266666666666662,12.1275,6.0,17,19.485256302514156,,7000.0,0.0,0.0,0.0,41.00501469504607,optimal
2021-02-08 06:30:00,4,22,2.8,0.0,5.0,0.06073333333333333,11.2665,6.0,17,19.616174809362636,,7000.0,0.0,0.0,0.0,43.339009680351026,optimal
2021-02-08 07:00:00,4,22,2.8,0.0,5.0,0.1242,10.143,6.0,17,19.742300322930763,,7000.0,0.0,0.0,0.0,45.670670670670674,optimal
2021-02-08 07:30:00,4,22,2.8,0.0,5.0,0.17586666666666667,11.2455,6.0,17,19.86950519188216,,7000.0,0.0,0.0,0.0,48.0,optimal
2021-02-08 08:00:00,4,22,0.8181217834456741,0.0,0.0,0.5131666666666667,11.025,6.0,17,20.0,,2045.3044586141853,0.0,0.0,0.0,47.83987586950068,optimal
2021-02-08 08:30:00,4,22,2.8,0.0,0.0,0.1242,5.9745,6.0,17,20.0,,7000.0,0.0,0.0,0.0,47.67991186313186,optimal
2021-02-08 09:00:00,4,22,0.0,0.0,0.0,0.16406666666666667,7.938,6.0,17,20.122510972232686,,0.0,0.0,0.0,0.0,47.52010782076941,optimal
2021-02-08 09:30:00,4,22,0.0,0.0,0.0,0.057,8.6835,6.0,17,20.072529470812327,,0.0,0.0,0.0,0.0,47.36046358244933,optimal
2021-02-08 10:00:00,4,22,0.24737481385394353,0.0,0.0,0.08133333333333333,7.665,6.0,17,20.020412877569104,,618.4370346348588,0.0,0.0,0.0,47.20097898836756,optimal
2021-02-08 10:30:00,4,22,0.5223032938273675,0.0,0.0,0.1957333333333333,6.7725,6.0,17,20.0,,1305.7582345684189,0.0,0.0,0.0,47.04165387887988,optimal
2021-02-08 11:00:00,4,22,0.45874144495029323,0.0,0.0,0.0682,5.5755,6.0,17,20.0,,801.9318353163281,0.0,344.9217770594048,0.0,46.88248809450168,optimal
2021-02-08 11:30:00,4,22,2.8,0.0,0.0,0.22640000000000002,5.0925,6.0,17,20.0,,5533.588443726072,0.0,1466.411556273928,0.0,46.72348147590786,optimal
2021-02-08 12:00:00,4,22,2.8,0.0,0.0,0.06186666666666667,4.1895,6.0,17,20.127382612735286,,7000.0,0.0,0.0,0.0,46.564633863932634,optimal
2021-02-08 12:30:00,4,22,0.0,0.0,0.0,0.057,7.056,6.0,17,20.29377190691117,,0.0,0.0,0.0,0.0,46.40594509956939,optimal
2021-02-08 13:00:00,4,22,2.8,0.0,0.0,1.1607,5.271,6.0,17,20.278253941508517,,7000.0,0.0,0.0,0.0,46.2474150239705,optimal
2021-02-08 13:30:00,4,22,0.0,0.0,0.0,0.44503333333333334,7.938,6.0,17,20.46476023192013,,0.0,0.0,0.0,0.0,46.08904347844721,optimal
2021-02-08 14:00:00,4,22,0.0,0.0,0.0,0.3193666666666667,7.938,6.0,17,20.46476591081788,,0.0,0.0,0.0,0.0,45.930830304469445,optimal
2021-02-08 14:30:00,4,22,0.0,0.0,0.0,0.2125,11.907,6.0,17,20.465435104418273,,0.0,0.0,0.0,0.0,45.77277534366566,optimal
2021-02-08 15:00:00,4,22,0.0,0.0,0.0,0.3728666666666667,11.025,6.0,17,20.461520721962952,,0.0,0.0,0.0,0.0,45.614878437822675,optimal
2021-02-08 15:30:00,4,22,0.0,0.0,0.0,0.059,11.2875,6.0,17,20.453178784606987,,0.0,0.0,0.0,0.0,45.45713942888553,optimal
2021-02-08 16:00:00,4,22,0.0,0.0,0.0,0.13093333333333335,12.936,6.0,17,20.430943872231143,,0.0,0.0,0.0,0.0,45.29955815895733,optimal
2021-02-08 16:30:00,4,22,0.0,0.0,0.0,0.265,13.0095,6.0,17,20.392462889086918,,0.0,0.0,0.0,0.0,45.142134470299055,optimal
2021-02-08 17:00:00,4,22,0.0,0.0,0.0,0.07683333333333332,13.671,6.0,17,20.35721735131903,,0.0,0.0,0.0,0.0,44.98486820532944,optimal
2021-02-08 17:30:00,4,22,0.0,0.0,0.0,0.4625666666666667,13.188,6.0,17,20.302363511478006,,0.0,0.0,0.0,0.0,44.82775920662479,optimal
2021-02-08 18:00:00,4,22,0.0,0.0,0.0,0.2916666666666667,13.8495,6.0,17,20.262268600100324,,0.0,0.0,0.0,0.0,44.67080731691885,optimal
2021-02-08 18:30:00,4,22,0.0,0.0,0.0,2.264866666666667,13.23,6.0,17,20.209773538347555,,0.0,0.0,0.0,0.0,44.51401237910261,optimal
2021-02-08 19:00:00,4,22,0.0,0.0,0.0,0.189,13.3665,6.0,17,20.170182518701264,,0.0,0.0,0.0,0.0,44.35737423622419,optimal
2021-02-08 19:30:00,4,22,0.0,0.0,0.0,0.067,13.0515,6.0,17,20.11117221426524,,0.0,0.0,0.0,0.0,44.20089273148864,optimal
2021-02-08 20:00:00,4,22,0.0,0.0,0.0,1.0330333333333332,13.5345,6.0,17,20.048697478042275,,0.0,0.0,0.0,0.0,44.04456770825784,optimal
2021-02-08 20:30:00,4,22,0.0,0.0,0.0,0.1989333333333333,14.154,6.0,17,20.0,,0.0,0.0,0.0,0.0,43.888399010050264,optimal
2021-02-08 21:00:00,4,22,0.0,0.0,0.0,0.226,14.112,6.0,17,19.946125585185218,,0.0,0.0,0.0,0.0,43.732386480540896,optimal
2021-02-08 21:30:00,4,22,0.0,0.0,0.0,0.1477,14.2485,6.0,17,19.89580903335129,,0.0,0.0,0.0,0.0,43.688654094060354,optimal
2021-02-08 22:00:00,4,22,0.0,0.0,0.0,0.11486666666666666,12.789,6.0,17,19.846723430011963,,0.0,0.0,0.0,0.0,43.64496543996629,optimal
2021-02-08 22:30:00,4,22,0.0,0.0,0.0,0.19273333333333328,13.0095,6.0,17,19.793098028555413,,0.0,0.0,0.0,0.0,43.601320474526325,optimal
2021-02-08 23:00:00,4,22,0.0,0.0,0.0,0.10433333333333332,12.1275,6.0,17,19.738961206535866,,0.0,0.0,0.0,0.0,43.557719154051796,optimal
2021-02-08 23:30:00,4,22,0.0,0.0,0.0,0.13093333333333335,12.348,6.0,17,19.68254076238598,,0.0,0.0,0.0,0.0,43.514161434897744,optimal
2021-02-09 00:00:00,4,22,2.8,0.0,5.0,0.046,10.584,6.0,0,19.68254076238598,,7000.0,0.0,0.0,0.0,45.845647273462845,optimal
2021-02-09 00:30:00,4,22,2.8,0.0,0.0,0.046,11.2455,6.0,0,19.80663375490235,,799.666666666667,0.0,6200.333333333333,0.0,45.799801626189385,optimal
2021-02-09 01:00:00,4,22,0.0,0.0,0.0,0.15919999999999998,12.1275,6.0,0,19.769376230665898,,0.0,0.0,0.0,0.0,45.7540018245632,optimal
2021-02-09 01:30:00,4,22,0.7436231775178729,0.0,0.0,0.14593333333333333,11.823,6.0,0,19.714563689194698,,1859.0579437946824,0.0,0.0,0.0,45.708247822738635,optimal
2021-02-09 02:00:00,4,22,2.8,0.0,0.0,0.06963333333333334,11.7705,6.0,0,19.707566409108196,,7000.0,0.0,0.0,0.0,45.6625395749159,optimal
2021-02-09 02:30:00,4,22,2.8,0.0,0.0,0.2355,11.13,6.0,0,19.831869030013895,,7000.0,0.0,0.0,0.0,45.616877035340984,optimal
2021-02-09 03:00:00,4,22,2.8,0.0,0.0,0.046,11.6865,6.0,0,19.960241193420426,,7000.0,0.0,0.0,0.0,45.57126015830564,optimal
2021-02-09 03:30:00,4,22,2.8,0.0,1.0111320909871773,0.13886666666666667,10.7205,6.0,0,20.083435808691355,,7000.0,0.0,0.0,0.0,46.005976641366246,optimal
2021-02-09 04:00:00,4,22,2.8,0.0,0.0,0.09906666666666666,11.424,6.0,0,20.208968455855892,,7000.0,0.0,0.0,0.0,45.95997066472487,optimal
2021-02-09 04:30:00,4,22,2.8,0.0,5.0,0.046,10.689,6.0,0,20.333384331472185,,7000.0,0.0,0.0,0.0,48.289010694060146,optimal
2021-02-09 05:00:00,4,22,2.8,0.0,0.0,0.24586666666666668,11.361,6.0,0,20.45569531260881,,7000.0,0.0,0.0,0.0,48.240721683366075,optimal
2021-02-09 05:30:00,4,22,2.8,0.0,0.0,0.05926666666666667,11.571,6.0,0,20.582480483945073,,7000.0,0.0,0.0,0.0,48.192480961682705,optimal
2021-02-09 06:00:00,4,22,0.0,0.0,0.0,0.046,14.3745,6.0,0,20.70400684245071,,0.0,0.0,0.0,0.0,48.144288480721016,optimal
2021-02-09 06:30:00,4,22,0.0,0.0,0.0,0.045666666666666654,13.23,6.0,0,20.642905796397418,,0.0,0.0,0.0,0.0,48.096144192240295,optimal
2021-02-09 07:00:00,4,22,0.0,0.0,0.0,0.1615,13.9755,6.0,0,20.582647905963803,,0.0,0.0,0.0,0.0,48.048048048048045,optimal
2021-02-09 07:30:00,4,22,0.0,0.0,0.0,0.3521333333333333,14.994,6.0,0,20.532109251253758,,0.0,0.0,0.0,0.0,48.0,optimal
2021-02-09 08:00:00,4,22,0.0,0.0,0.0,0.9118999999999999,13.671,6.0,0,20.487146169537112,,0.0,0.0,0.0,0.0,47.73071185339677,optimal
2021-02-09 08:30:00,4,22,0.0,0.0,0.0,0.18203333333333332,15.981,6.0,0,20.452401056665074,,0.0,0.0,0.0,0.0,47.461692994940144,optimal
2021-02-09 09:00:00,4,22,0.0,0.0,0.0,0.056,15.6345,6.0,0,20.390719860115823,,0.0,0.0,0.0,0.0,47.19294315534197,optimal
2021-02-09 09:30:00,4,22,0.0,0.0,0.0,0.32430000000000003,16.5375,6.0,0,20.335892820561853,,0.0,0.0,0.0,0.0,46.9244620655834,optimal
2021-02-09 10:00:00,4,22,0.0,0.0,0.0,0.26106666666666667,14.7735,6.0,0,20.29054940495006,,0.0,0.0,0.0,0.0,46.65624945691459,optimal
2021-02-09 10:30:00,4,22,0.0,0.0,0.0,0.098,15.2145,6.0,0,20.265655707224553,,0.0,0.0,0.0,0.0,46.38830506085444,optimal
2021-02-09 11:00:00,4,22,0.0,0.0,0.0,0.2795,14.553,6.0,0,20.23991296252049,,0.0,0.0,0.0,0.0,46.12062860919036,optimal
2021-02-09 11:30:00,4,22,0.0,0.0,0.0,0.055,14.3325,6.0,0,20.23392174630765,,0.0,0.0,0.0,0.0,45.853219833977946,optimal
2021-02-09 12:00:00,4,22,0.0,0.0,0.0,0.0686,14.595,6.0,0,20.22112624066618,,0.0,0.0,0.0,0.0,45.58607846754074,optimal
2021-02-09 12:30:00,4,22,0.0,0.0,0.0,0.18866666666666662,14.994,6.0,0,20.217801537468038,,0.0,0.0,0.0,0.0,45.319204242469965,optimal
2021-02-09 13:00:00,4,22,0.0,0.0,0.0,0.11946666666666668,14.3325,6.0,0,20.21247402823538,,0.0,0.0,0.0,0.0,45.05259689162427,optimal
2021-02-09 13:30:00,4,22,0.0,0.0,0.0,0.19903333333333334,13.8915,6.0,0,20.207746571172233,,0.0,0.0,0.0,0.0,44.78625614812942,optimal
2021-02-09 14:00:00,4,22,0.0,0.0,0.0,0.12916666666666665,13.8915,6.0,0,20.20494013248899,,0.0,0.0,0.0,0.0,44.52018174537806,optimal
2021-02-09 14:30:00,4,22,0.0,0.0,0.0,1.0715999999999999,13.4715,6.0,0,20.200369385595103,,0.0,0.0,0.0,0.0,44.254373417029456,optimal
2021-02-09 15:00:00,4,22,0.0,0.0,0.0,0.8396,13.23,6.0,0,20.219422555965295,,0.0,0.0,0.0,0.0,43.988830897009194,optimal
2021-02-09 15:30:00,4,22,0.0,0.0,0.0,0.3478333333333333,13.8915,6.0,0,20.22374245205989,,0.0,0.0,0.0,0.0,43.72355391950896,optimal
2021-02-09 16:00:00,4,22,0.0,0.0,0.0,0.217,26.9325,6.0,0,20.221200318632864,,0.0,0.0,0.0,0.0,43.458542218986224,optimal
2021-02-09 16:30:00,4,22,0.0,0.0,0.0,0.28513333333333335,30.303,6.0,0,20.192563218957655,,0.0,0.0,0.0,0.0,43.19379553016401,optimal
2021-02-09 17:00:00,4,22,0.0,0.0,0.0,1.6645333333333332,32.886,6.0,0,20.17230122955653,,0.0,0.0,0.0,0.0,42.92931358803062,optimal
2021-02-09 17:30:00,4,22,0.0,0.0,0.0,0.6339666666666667,34.9965,6.0,0,20.166763051084256,,0.0,0.0,0.0,0.0,42.665096127839355,optimal
2021-02-09 18:00:00,4,22,0.0,0.0,0.0,1.7544333333333333,33.327,6.0,0,20.14148533892722,,0.0,0.0,0.0,0.0,42.622431031711514,optimal
2021-02-09 18:30:00,4,22,0.0,0.0,0.0,0.23516666666666663,31.122,6.0,0,20.135738948960167,,0.0,0.0,0.0,0.0,42.579808600679804,optimal
2021-02-09 19:00:00,4,22,0.0,0.0,0.0,0.23653333333333332,17.9025,6.0,0,20.10388033639753,,0.0,0.0,0.0,0.0,42.53722879207913,optimal
2021-02-09 19:30:00,4,22,0.0,0.0,0.0,0.32439999999999997,15.6555,6.0,0,20.07029528392126,,0.0,0.0,0.0,0.0,42.49469156328705,optimal
2021-02-09 20:00:00,4,22,0.0,0.0,0.0,0.5109333333333332,14.553,6.0,0,20.03282510654862,,0.0,0.0,0.0,0.0,42.452196871723764,optimal
2021-02-09 20:30:00,4,22,0.0,0.0,0.0,0.24663333333333332,14.3325,6.0,0,20.0,,0.0,0.0,0.0,0.0,42.40974467485204,optimal
2021-02-09 21:00:00,4,22,0.0,0.0,0.0,0.5766333333333333,13.335,6.0,0,19.965395060990442,,0.0,0.0,0.0,0.0,42.36733493017719,optimal
2021-02-09 21:30:00,4,22,0.0,0.0,0.0,0.106,12.1275,6.0,0,19.9473687015305,,0.0,0.0,0.0,0.0,42.32496759524702,optimal
2021-02-09 22:00:00,4,22,0.0,0.0,0.0,0.08276666666666667,12.2955,6.0,0,19.908369892666197,,0.0,0.0,0.0,0.0,42.28264262765177,optimal
2021-02-09 22:30:00,4,22,0.1672,0.0,0.0,0.2631,11.6865,6.0,0,19.863040164015537,,0.0,0.0,418.0,0.0,42.240359985024114,optimal
2021-02-09 23:00:00,4,22,0.027866666666666665,0.0,0.0,0.42310000000000003,11.466,6.0,0,19.824908115348244,,0.0,0.0,69.66666666666666,0.0,42.19811962503909,optimal
2021-02-09 23:30:00,4,22,0.0,0.0,0.0,0.08923333333333333,10.8045,6.0,0,19.78747432813575,,0.0,0.0,0.0,0.0,42.15592150541405,optimal
2021-02-10 00:00:00,4,22,0.0,0.0,0.0,0.048,17.4195,6.0,7,19.78747432813575,,0.0,0.0,0.0,0.0,42.11376558390864,optimal
2021-02-10 00:30:00,4,22,0.0,0.0,0.0,0.10556666666666667,16.758,6.0,7,19.72871988959713,,0.0,0.0,0.0,0.0,42.07165181832473,optimal
2021-02-10 01:00:00,4,22,0.0,0.0,0.0,0.09509999999999999,14.217,6.0,7,19.67132784413425,,0.0,0.0,0.0,0.0,42.029580166506406,optimal
2021-02-10 01:30:00,4,22,0.0,0.0,0.0,0.048,13.3665,6.0,7,19.61352599126684,,0.0,0.0,0.0,0.0,41.9875505863399,optimal
2021-02-10 02:00:00,4,22,0.0,0.0,0.0,0.048,12.789,6.0,7,19.55436376817605,,0.0,0.0,0.0,0.0,41.94556303575356,optimal
2021-02-10 02:30:00,4,22,0.0,0.0,0.0,0.11603333333333332,11.907,6.0,7,19.49506943247242,,0.0,0.0,0.0,0.0,41.903617472717805,optimal
2021-02-10 03:00:00,4,22,2.8,0.0,0.0,0.08463333333333334,11.7075,6.0,7,19.437734710494503,,0.0,0.0,7000.0,0.0,41.861713855245085,optimal
2021-02-10 03:30:00,4,22,2.8,0.0,0.0,0.048,10.8045,6.0,7,19.379769565229548,,0.0,0.0,7000.0,0.0,41.81985214138984,optimal
2021-02-10 04:00:00,4,22,2.8,0.0,0.0,0.048,11.508,6.0,7,19.321040052052584,,3513.6666666666665,0.0,3486.3333333333335,0.0,41.77803228924845,optimal
2021-02-10 04:30:00,4,22,2.8,0.0,0.0,0.048,11.508,6.0,7,19.353800417801892,,7000.0,0.0,0.0,0.0,41.7362542569592,optimal
2021-02-10 05:00:00,4,22,2.8,0.0,0.0,0.1108,11.508,6.0,7,19.476720946114483,,7000.0,0.0,0.0,0.0,41.69451800270224,optimal
2021-02-10 05:30:00,4,22,0.8980857460318881,0.0,0.0,0.08986666666666666,11.844,6.0,7,19.60055212236942,,2245.21436507972,0.0,0.0,0.0,41.65282348469954,optimal
2021-02-10 06:00:00,4,22,2.8,0.0,0.0,0.048,11.508,6.0,7,19.59956586222397,,7000.0,0.0,0.0,0.0,41.61117066121484,optimal
2021-02-10 06:30:00,4,22,2.8,0.0,0.0,0.09476666666666668,11.508,6.0,7,19.720720807189107,,7000.0,0.0,0.0,0.0,41.56955949055363,optimal
2021-02-10 07:00:00,4,22,2.8,0.0,5.0,0.07293333333333334,10.4475,6.0,7,19.8456759342137,,7000.0,0.0,0.0,0.0,43.902989931063075,optimal
2021-02-10 07:30:00,4,22,2.8,0.0,4.117929775101728,0.34836666666666666,10.8675,6.0,7,19.968886043038488,,7000.0,0.0,0.0,0.0,45.81510358430533,optimal
2021-02-10 08:00:00,4,22,2.8,0.0,5.0,0.06566666666666666,10.542,6.0,7,20.100627685323484,,7000.0,0.0,0.0,0.0,48.144288480721016,optimal
2021-02-10 08:30:00,4,22,2.8,0.0,0.0,0.12756666666666666,11.025,6.0,7,20.228421083813128,,7000.0,0.0,0.0,0.0,48.096144192240295,optimal
2021-02-10 09:00:00,4,22,2.8,0.0,0.0,0.802,11.025,6.0,7,20.359991456292914,,7000.0,0.0,0.0,0.0,48.048048048048045,optimal
2021-02-10 09:30:00,4,22,0.0,0.0,0.0,2.806966666666667,14.553,6.0,7,20.507044377974125,,0.0,0.0,0.0,0.0,48.0,optimal
2021-02-10 10:00:00,4,22,0.0,0.0,0.0,2.224766666666667,13.0935,6.0,7,20.481227716982158,,0.0,0.0,0.0,0.0,47.75884147418837,optimal
2021-02-10 10:30:00,4,22,0.0,0.0,0.0,0.058,15.6345,6.0,7,20.45780451968871,,0.0,0.0,0.0,0.0,47.517924106902555,optimal
2021-02-10 11:00:00,4,22,0.0,0.0,0.0,0.11033333333333331,18.102,6.0,7,20.42194141232535,,0.0,0.0,0.0,0.0,47.277247656984024,optimal
2021-02-10 11:30:00,4,22,0.0,0.0,0.0,0.11033333333333331,17.199,6.0,7,20.39984471592601,,0.0,0.0,0.0,0.0,47.03681188351541,optimal
2021-02-10 12:00:00,4,22,0.0,0.0,0.0,0.08416666666666667,18.2805,6.0,7,20.3781430095286,,0.0,0.0,0.0,0.0,46.79661654582027,optimal
2021-02-10 12:30:00,4,22,0.0,0.0,0.0,0.1365,17.4615,6.0,7,20.37141116464125,,0.0,0.0,0.0,0.0,46.556661403462826,optimal
2021-02-10 13:00:00,4,22,0.0,0.0,0.0,0.058,18.3225,6.0,7,20.366060938482672,,0.0,0.0,0.0,0.0,46.316946216247736,optimal
2021-02-10 13:30:00,4,22,0.0,0.0,0.0,0.09263333333333335,17.094,6.0,7,20.356145581110923,,0.0,0.0,0.0,0.0,46.07747074421986,optimal
2021-02-10 14:00:00,4,22,0.0,0.0,0.0,0.1575,17.094,6.0,7,20.35142970031151,,0.0,0.0,0.0,0.0,45.83823474766401,optimal
2021-02-10 14:30:00,4,22,0.0,0.0,0.0,0.06863333333333334,17.094,6.0,7,20.35253345666139,,0.0,0.0,0.0,0.0,45.59923798710472,optimal
2021-02-10 15:00:00,4,22,0.0,0.0,0.0,0.16543333333333335,17.3565,6.0,7,20.35336860325682,,0.0,0.0,0.0,0.0,45.36048022330599,optimal
2021-02-10 15:30:00,4,22,0.0,0.0,0.0,0.08979999999999999,17.115,6.0,7,20.34826597519957,,0.0,0.0,0.0,0.0,45.12196121727106,optimal
2021-02-10 16:00:00,4,22,0.0,0.0,0.0,0.8666666666666666,17.241,6.0,7,20.338514816211784,,0.0,0.0,0.0,0.0,44.88368073024216,optimal
2021-02-10 16:30:00,4,22,0.0,0.0,0.0,1.487,17.094,6.0,7,20.32605907705668,,0.0,0.0,0.0,0.0,44.64563852370029,optimal
2021-02-10 17:00:00,4,22,0.0,0.0,0.0,0.27366666666666667,16.5165,6.0,7,20.32249714469277,,0.0,0.0,0.0,0.0,44.600992885176595,optimal
2021-02-10 17:30:00,4,22,0.0,0.0,0.0,0.3238666666666667,17.8185,6.0,7,20.285002485269917,,0.0,0.0,0.0,0.0,44.556391892291416,optimal
2021-02-10 18:00:00,4,22,0.0,0.0,0.0,0.3975,17.094,6.0,7,20.245281147086192,,0.0,0.0,0.0,0.0,44.51183550039912,optimal
2021-02-10 18:30:00,4,22,0.0,0.0,0.0,0.22,16.8945,6.0,7,20.202240745490624,,0.0,0.0,0.0,0.0,44.46732366489872,optimal
2021-02-10 19:00:00,4,22,0.0,0.0,0.0,0.21013333333333334,18.123,6.0,7,20.152220762732142,,0.0,0.0,0.0,0.0,44.422856341233825,optimal
2021-02-10 19:30:00,4,22,0.0,0.0,0.0,0.32230000000000003,31.647,6.0,7,20.101587392257954,,0.0,0.0,0.0,0.0,44.37843348489259,optimal
2021-02-10 20:00:00,4,22,0.0,0.0,0.0,0.2469,34.9965,6.0,7,20.0521019701357,,0.0,0.0,0.0,0.0,44.334055051407695,optimal
2021-02-10 20:30:00,4,22,0.0,0.0,0.0,0.40003333333333335,34.9965,6.0,7,20.0,,0.0,0.0,0.0,0.0,44.28972099635629,optimal
2021-02-10 21:00:00,4,22,0.0,0.0,0.0,0.2134,34.9965,6.0,7,19.951762620298666,,0.0,0.0,0.0,0.0,44.245431275359934,optimal
2021-02-10 21:30:00,4,22,0.0,0.0,0.0,0.4386666666666667,34.9965,6.0,7,19.902277492730544,,0.0,0.0,0.0,0.0,44.20118584408458,optimal
2021-02-10 22:00:00,4,22,0.0,0.0,0.0,0.058,34.9965,6.0,7,19.854846884418986,,0.0,0.0,0.0,0.0,44.15698465824049,optimal
2021-02-10 22:30:00,4,22,0.0,0.0,0.0,0.058,27.741,6.0,7,19.7835812679493,,0.0,0.0,0.0,0.0,44.112827673582245,optimal
2021-02-10 23:00:00,4,22,0.0,0.0,0.0,0.12603333333333333,19.026,6.0,7,19.71173743522499,,0.0,0.0,0.0,0.0,44.068714845908666,optimal
2021-02-10 23:30:00,4,22,0.0,0.0,0.0,0.08996666666666667,18.7215,6.0,7,19.64108504986813,,0.0,0.0,0.0,0.0,44.02464613106276,optimal
2021-02-11 00:00:00,4,22,0.0,0.0,0.0,0.068,29.106,6.0,-17,19.64108504986813,,0.0,0.0,0.0,0.0,43.980621484931696,optimal
2021-02-11 00:30:00,4,22,0.0,0.0,0.0,0.16026666666666667,19.1835,6.0,-17,19.570041943289528,,0.0,0.0,0.0,0.0,43.93664086344676,optimal
2021-02-11 01:00:00,4,22,0.0,0.0,0.0,0.1026,19.6665,6.0,-17,19.501949648539835,,0.0,0.0,0.0,0.0,43.89270422258331,optimal
2021-02-11 01:30:00,4,22,0.0,0.0,0.0,0.09683333333333331,19.404,6.0,-17,19.432902718943403,,0.0,0.0,0.0,0.0,43.848811518360726,optimal
2021-02-11 02:00:00,4,22,2.420609252964777,0.0,0.0,0.16603333333333334,19.047,6.0,-17,19.363929317897952,,1732.1897990786088,0.0,4319.333333333333,0.0,43.80496270684237,optimal
2021-02-11 02:30:00,4,22,2.8,0.0,0.0,0.068,18.858,6.0,-17,19.34198675759332,,7000.0,0.0,0.0,0.0,43.761157744135524,optimal
2021-02-11 03:00:00,4,22,0.0,0.0,0.0,0.1948666666666667,19.2675,6.0,-17,19.454124293145764,,0.0,0.0,0.0,0.0,43.71739658639139,optimal
2021-02-11 03:30:00,4,22,2.8,0.0,0.0,0.068,18.963,6.0,-17,19.38698254692205,,7000.0,0.0,0.0,0.0,43.67367918980499,optimal
2021-02-11 04:00:00,4,22,2.8,0.0,5.0,0.13143333333333335,18.438,6.0,-17,19.499459777278684,,7000.0,0.0,0.0,0.0,46.005005510615185,optimal
2021-02-11 04:30:00,4,22,2.8,0.0,4.296841041885117,1.0617,18.7425,6.0,-17,19.61403016754178,,7000.0,0.0,0.0,0.0,48.0,optimal
2021-02-11 05:00:00,4,22,2.8,0.0,0.0,2.6691,15.2145,6.0,-17,19.731407959104697,,7000.0,0.0,0.0,0.0,47.727752928098994,optimal
2021-02-11 05:30:00,4,22,2.8,0.0,0.0,1.6187,17.7765,6.0,-17,19.863051079099236,,7000.0,0.0,0.0,0.0,47.45577810326989,optimal
2021-02-11 06:00:00,4,22,2.8,0.0,0.0,0.3421,16.758,6.0,-17,19.999263667995894,,7000.0,0.0,0.0,0.0,47.18407525326562,optimal
2021-02-11 06:30:00,4,22,2.8,0.0,0.0,2.2998000000000003,16.422,6.0,-17,20.125231371303922,,7000.0,0.0,0.0,0.0,46.91264410611135,optimal
2021-02-11 07:00:00,4,22,2.8,0.0,0.0,0.6214333333333333,16.758,6.0,-17,20.253792528369775,,7000.0,0.0,0.0,0.0,46.64148439010424,optimal
2021-02-11 07:30:00,4,22,0.0,0.0,0.0,0.078,29.358,6.0,-17,20.385286937757524,,0.0,0.0,0.0,0.0,46.37059583381313,optimal
2021-02-11 08:00:00,4,22,0.0,0.0,0.0,0.0953,34.9965,6.0,-17,20.312485286661357,,0.0,0.0,0.0,0.0,46.09997816607831,optimal
2021-02-11 08:30:00,4,22,0.0,0.0,0.0,0.18756666666666663,34.65,6.0,-17,20.24107529276559,,0.0,0.0,0.0,0.0,45.82963111601123,optimal
2021-02-11 09:00:00,4,22,0.0,0.0,0.0,0.078,34.9965,6.0,-17,20.171808532880764,,0.0,0.0,0.0,0.0,45.55955441299421,optimal
2021-02-11 09:30:00,4,22,0.0,0.0,0.0,0.1472,34.9965,6.0,-17,20.111602123716594,,0.0,0.0,0.0,0.0,45.28974778668021,optimal
2021-02-11 10:00:00,4,22,0.0,0.0,0.0,0.13566666666666666,30.4815,6.0,-17,20.05872644096435,,0.0,0.0,0.0,0.0,45.02021096699252,optimal
2021-02-11 10:30:00,4,22,0.0,0.0,0.0,0.078,21.4305,6.0,-17,20.03103816320057,,0.0,0.0,0.0,0.0,44.75094368412452,optimal
2021-02-11 11:00:00,4,22,0.23060252094419473,0.0,0.0,0.1587333333333333,14.3325,6.0,-17,20.0,,576.5063023604869,0.0,0.0,0.0,44.481945668539396,optimal
2021-02-11 11:30:00,4,22,0.2070922488474704,0.0,0.0,0.12413333333333335,13.692,6.0,-17,20.0,,517.730622118676,0.0,0.0,0.0,44.213216650969855,optimal
2021-02-11 12:00:00,4,22,0.0,0.0,0.0,0.08376666666666667,14.007,6.0,-17,20.0,,0.0,0.0,0.0,0.0,43.944756362417884,optimal
2021-02-11 12:30:00,4,22,0.0,0.0,0.0,0.1991,12.873,6.0,-17,20.000093103582575,,0.0,0.0,0.0,0.0,43.67656453415446,optimal
2021-02-11 13:00:00,4,22,0.0,0.0,0.0,0.078,12.684,6.0,-17,20.005285540876777,,0.0,0.0,0.0,0.0,43.4086408977193,optimal
2021-02-11 13:30:00,4,22,0.05573333333333333,0.0,0.0,0.5512333333333334,12.306,6.0,-17,20.002515724281277,,0.0,0.0,139.33333333333331,0.0,43.14098518492058,optimal
2021-02-11 14:00:00,4,22,0.8638666666666666,0.0,0.0,2.2685999999999997,10.6365,6.0,-17,20.016649376932527,,0.0,0.0,2159.6666666666665,0.0,42.87359712783466,optimal
2021-02-11 14:30:00,4,22,0.0,0.0,0.0,2.1414333333333335,11.2455,6.0,-17,20.035195689191514,,0.0,0.0,0.0,0.0,42.606476458805815,optimal
2021-02-11 15:00:00,4,22,0.0,0.0,0.0,2.020733333333333,11.2455,6.0,-17,20.06545851938989,,0.0,0.0,0.0,0.0,42.56386998234701,optimal
2021-02-11 15:30:00,4,22,0.0,0.0,0.0,3.277133333333333,11.025,6.0,-17,20.074951807867375,,0.0,0.0,0.0,0.0,42.52130611236466,optimal
2021-02-11 16:00:00,4,22,0.0,0.0,0.0,1.7094,12.0855,6.0,-17,20.0868817760604,,0.0,0.0,0.0,0.0,42.4787848062523,optimal
2021-02-11 16:30:00,4,22,0.0,0.0,0.0,0.6704333333333333,11.6865,6.0,-17,20.102166269930972,,0.0,0.0,0.0,0.0,42.43630602144605,optimal
2021-02-11 17:00:00,4,22,0.0,0.0,0.0,3.2629333333333332,11.2245,6.0,-17,20.08954110294861,,0.0,0.0,0.0,0.0,42.39386971542461,optimal
2021-02-11 17:30:00,4,22,0.0,0.0,0.0,2.2162333333333333,11.025,6.0,-17,20.059288462218802,,0.0,0.0,0.0,0.0,42.35147584570918,optimal
2021-02-11 18:00:00,4,22,0.9154046993585437,0.0,0.0,3.265766666666667,10.7835,6.0,-17,20.028050701001,,2288.5117483963595,0.0,0.0,0.0,42.309124369863476,optimal
2021-02-11 18:30:00,4,22,0.0,0.0,0.0,2.5350333333333332,11.025,6.0,-17,20.047706676486943,,0.0,0.0,0.0,0.0,42.26681524549361,optimal
2021-02-11 19:00:00,4,22,2.113844195008907,0.0,0.0,0.2892,10.584,6.0,-17,20.0,,4587.943820855601,0.0,696.6666666666666,0.0,42.22454843024812,optimal
2021-02-11 19:30:00,4,22,0.0,0.0,0.0,0.4648333333333333,11.025,6.0,-17,20.058346812514614,,0.0,0.0,0.0,0.0,42.18232388181787,optimal
2021-02-11 20:00:00,4,22,1.893829686643628,0.0,0.0,0.5012666666666666,10.4265,6.0,-17,20.0,,2435.574216609069,0.0,2299.0,0.0,42.140141557936055,optimal
2021-02-11 20:30:00,4,22,0.0,0.0,0.0,0.3701333333333333,12.789,6.0,-17,20.0,,0.0,0.0,0.0,0.0,42.09800141637812,optimal
2021-02-11 21:00:00,4,22,0.0,0.0,0.0,2.4055999999999997,12.684,6.0,-17,19.934817958793555,,0.0,0.0,0.0,0.0,42.05590341496174,optimal
2021-02-11 21:30:00,4,22,0.0,0.0,0.0,0.3645333333333334,16.254,6.0,-17,19.879601696710473,,0.0,0.0,0.0,0.0,42.01384751154678,optimal
2021-02-11 22:00:00,4,22,0.0,0.0,0.0,0.5848333333333333,17.64,6.0,-17,19.826170112027775,,0.0,0.0,0.0,0.0,41.97183366403523,optimal
2021-02-11 22:30:00,4,22,0.0,0.0,0.0,0.5999333333333333,19.1625,6.0,-17,19.77277822079186,,0.0,0.0,0.0,0.0,41.929861830371195,optimal
2021-02-11 23:00:00,4,22,0.0,0.0,0.0,0.36773333333333336,26.46,6.0,-17,19.717199674207713,,0.0,0.0,0.0,0.0,41.887931968540826,optimal
2021-02-11 23:30:00,4,22,0.0,0.0,0.0,0.31853333333333333,20.79,6.0,-17,19.653811632035243,,0.0,0.0,0.0,0.0,41.84604403657229,optimal
2021-02-12 00:00:00,4,22,2.8,0.0,0.0,2.1786,10.8045,6.0,-4,19.653811632035243,,7000.0,0.0,0.0,0.0,41.80419799253571,optimal
2021-02-12 00:30:00,4,22,2.8,0.0,4.732405532961156,0.057,10.059,6.0,-4,19.764292011712623,,6233.666666666667,0.0,766.3333333333334,0.0,44.01028642269972,optimal
2021-02-12 01:00:00,4,22,2.8,0.0,0.0,0.057,10.584,6.0,-4,19.844238640750568,,7000.0,0.0,0.0,0.0,43.96627613627702,optimal
2021-02-12 01:30:00,4,22,2.8,0.0,5.0,0.057,9.4185,6.0,-4,19.943839211187473,,7000.0,0.0,0.0,0.0,46.29730986014074,optimal
2021-02-12 02:00:00,4,22,2.8,0.0,0.0,0.057,10.3635,6.0,-4,20.043441073802533,,7000.0,0.0,0.0,0.0,46.25101255028059,optimal
2021-02-12 02:30:00,4,22,2.8,0.0,5.0,0.057,9.8385,6.0,-4,20.143044224415476,,7000.0,0.0,0.0,0.0,48.579761537730306,optimal
2021-02-12 03:00:00,4,22,2.8,0.0,0.0,0.057,11.067,6.0,-4,20.243295670635582,,7000.0,0.0,0.0,0.0,48.53118177619257,optimal
2021-02-12 03:30:00,4,22,2.8,0.0,0.0,0.057,10.8465,6.0,-4,20.34419331518839,,7000.0,0.0,0.0,0.0,48.48265059441637,optimal
2021-02-12 04:00:00,4,22,0.0,0.0,0.0,0.06233333333333334,13.671,6.0,-4,20.44702909113631,,0.0,0.0,0.0,0.0,48.434167943821954,optimal
2021-02-12 04:30:00,4,22,2.8,0.0,0.0,0.059333333333333335,12.348,6.0,-4,20.36990719285359,,7000.0,0.0,0.0,0.0,48.38573377587813,optimal
2021-02-12 05:00:00,4,22,0.0,0.0,0.0,0.057,14.3325,6.0,-4,20.477188865325438,,0.0,0.0,0.0,0.0,48.33734804210225,optimal
2021-02-12 05:30:00,4,22,0.0,0.0,0.0,0.057,15.393,6.0,-4,20.404498480829616,,0.0,0.0,0.0,0.0,48.289010694060146,optimal
2021-02-12 06:00:00,4,22,0.0,0.0,0.0,0.057,13.587,6.0,-4,20.33463130111178,,0.0,0.0,0.0,0.0,48.240721683366075,optimal
2021-02-12 06:30:00,4,22,0.0,0.0,0.0,0.055,16.1385,6.0,-4,20.267578192938245,,0.0,0.0,0.0,0.0,48.192480961682705,optimal
2021-02-12 07:00:00,4,22,0.0,0.0,0.0,0.0675,14.595,6.0,-4,20.20719951946062,,0.0,0.0,0.0,0.0,48.144288480721016,optimal
2021-02-12 07:30:00,4,22,0.0,0.0,0.0,0.18,14.637,6.0,-4,20.150876132692364,,0.0,0.0,0.0,0.0,48.096144192240295,optimal
2021-02-12 08:00:00,4,22,0.0,0.0,0.0,1.9674333333333327,13.9125,6.0,-4,20.09553481507254,,0.0,0.0,0.0,0.0,48.048048048048045,optimal
2021-02-12 08:30:00,4,22,0.1662181553570011,0.0,0.0,0.5865,13.3665,6.0,-4,20.04813838286188,,415.5453883925028,0.0,0.0,0.0,48.0,optimal
2021-02-12 09:00:00,4,22,2.0509730758366014,0.0,0.0,0.9968333333333333,13.0095,6.0,-4,20.0,,5127.432689591503,0.0,0.0,0.0,47.89781036445463,optimal
2021-02-12 09:30:00,4,22,0.0,0.0,0.0,0.057,13.8915,6.0,-4,20.087237240939945,,0.0,0.0,0.0,0.0,47.795722918544804,optimal
2021-02-12 10:00:00,4,22,0.0,0.0,0.0,0.057,13.188,6.0,-4,20.030706000991565,,0.0,0.0,0.0,0.0,47.69373756008089,optimal
2021-02-12 10:30:00,4,22,0.4512375960224235,0.0,0.0,0.057,12.5685,6.0,-4,20.0,,1128.0939900560588,0.0,0.0,0.0,47.59185418697544,optimal
2021-02-12 11:00:00,4,22,0.1908744457320783,0.0,0.0,0.057,12.285,6.0,-4,20.0,,477.1861143301957,0.0,0.0,0.0,47.49007269724309,optimal
2021-02-12 11:30:00,4,22,1.7016914610815588,0.0,0.0,0.057,11.487,6.0,-4,20.0,,4254.228652703897,0.0,0.0,0.0,47.38839298900048,optimal
2021-02-12 12:00:00,4,22,0.0,0.0,0.0,0.057,11.802,6.0,-4,20.09830525486685,,0.0,0.0,0.0,0.0,47.28681496046611,optimal
2021-02-12 12:30:00,4,22,2.8,0.0,0.0,0.06233333333333334,11.2245,6.0,-4,20.09172326487559,,7000.0,0.0,0.0,0.0,47.185338509960275,optimal
2021-02-12 13:00:00,4,22,2.8,0.0,0.0,0.061666666666666654,11.025,6.0,-4,20.267213856610077,,7000.0,0.0,0.0,0.0,47.08396353590494,optimal
2021-02-12 13:30:00,4,22,0.0,0.0,0.0,0.057,11.907,6.0,-4,20.441935239135894,,0.0,0.0,0.0,0.0,46.98268993682367,optimal
2021-02-12 14:00:00,4,22,0.0,0.0,0.0,0.057,25.83,6.0,-4,20.433878346157027,,0.0,0.0,0.0,0.0,46.88151761134147,optimal
2021-02-12 14:30:00,4,22,0.0,0.0,0.0,0.061666666666666654,28.035,6.0,-4,20.42098351486953,,0.0,0.0,0.0,0.0,46.78044645818476,optimal
2021-02-12 15:00:00,4,22,0.0,0.0,0.0,1.4125666666666665,28.119,6.0,-4,20.407806893232486,,0.0,0.0,0.0,0.0,46.679476376181206,optimal
2021-02-12 15:30:00,4,22,0.0,0.0,0.0,0.057,30.156,6.0,-4,20.3950167039644,,0.0,0.0,0.0,0.0,46.57860726425965,optimal
2021-02-12 16:00:00,4,22,0.0,0.0,0.0,0.057,29.1585,6.0,-4,20.37403214653721,,0.0,0.0,0.0,0.0,46.47783902145002,optimal
2021-02-12 16:30:00,4,22,0.0,0.0,0.0,0.06633333333333333,26.712,6.0,-4,20.33483146853718,,0.0,0.0,0.0,0.0,46.377171546883204,optimal
2021-02-12 17:00:00,4,22,0.0,0.0,0.0,0.061666666666666654,15.435,6.0,-4,20.294787089374566,,0.0,0.0,0.0,0.0,46.27660473979095,optimal
2021-02-12 17:30:00,4,22,0.0,0.0,0.0,0.057,13.566,6.0,-4,20.23755594947467,,0.0,0.0,0.0,0.0,46.17613849950579,optimal
2021-02-12 18:00:00,4,22,0.0,0.0,0.0,0.05766666666666666,12.789,6.0,-4,20.180186449794114,,0.0,0.0,0.0,0.0,46.075772725460915,optimal
2021-02-12 18:30:00,4,22,0.0,0.0,0.0,0.067,12.1275,6.0,-4,20.115414242824865,,0.0,0.0,0.0,0.0,45.975507317190086,optimal
2021-02-12 19:00:00,4,22,0.0,0.0,0.0,1.5883,13.671,6.0,-4,20.05068982481495,,0.0,0.0,0.0,0.0,45.87534217432753,optimal
2021-02-12 19:30:00,4,22,1.7699584679722762,0.0,0.0,0.2971333333333333,10.668,6.0,-4,20.0,,3728.229503264023,0.0,696.6666666666666,0.0,45.8294668321532,optimal
2021-02-12 20:00:00,4,22,0.0,0.0,0.0,0.298,11.7285,6.0,-4,20.04772983228182,,0.0,0.0,0.0,0.0,45.78363736532105,optimal
2021-02-12 20:30:00,4,22,0.0,0.0,0.0,0.3192,11.025,6.0,-4,20.0,,0.0,0.0,0.0,0.0,45.73785372795573,optimal
2021-02-12 21:00:00,4,22,0.0,0.0,0.0,0.5905,10.689,6.0,-4,19.95030612290186,,0.0,0.0,0.0,0.0,45.692115874227774,optimal
2021-02-12 21:30:00,4,22,1.1982666666666666,0.0,0.0,0.3959,8.1585,6.0,-4,19.910316445673683,,0.0,0.0,2995.6666666666665,0.0,45.64642375835355,optimal
2021-02-12 22:00:00,4,22,0.0,0.0,0.0,0.3126666666666667,10.3635,6.0,-4,19.869131593001434,,0.0,0.0,0.0,0.0,45.60077733459519,optimal
2021-02-12 22:30:00,4,22,0.0,0.0,0.0,0.23446666666666666,10.8045,6.0,-4,19.825548897428195,,0.0,0.0,0.0,0.0,45.555176557260594,optimal
2021-02-12 23:00:00,4,22,0.0,0.0,0.0,2.2151,11.025,6.0,-4,19.77718231872823,,0.0,0.0,0.0,0.0,45.50962138070334,optimal
2021-02-12 23:30:00,4,22,0.0,0.0,0.0,0.6267999999999999,10.3635,6.0,-4,19.73687219097614,,0.0,0.0,0.0,0.0,45.464111759322634,optimal
2021-02-13 00:00:00,4,22,2.8,0.0,5.0,0.075,8.274,6.0,-11,19.73687219097614,,7000.0,0.0,0.0,0.0,47.79364764756331,optimal
2021-02-13 00:30:00,4,22,2.8,0.0,2.268498411841425,0.2723333333333333,9.261,6.0,-11,19.858621013804093,,5001.4898068611255,0.0,1998.5101931388745,0.0,48.823390745540415,optimal
2021-02-13 01:00:00,4,22,2.8,0.0,0.0,0.045,9.9225,6.0,-11,19.933335550299134,,7000.0,0.0,0.0,0.0,48.774567354794875,optimal
2021-02-13 01:30:00,4,22,2.8,0.0,0.0,0.21459999999999999,9.702,6.0,-11,20.05399278189852,,7000.0,0.0,0.0,0.0,48.72579278744007,optimal
2021-02-13 02:00:00,4,22,2.8,0.0,0.0,0.13273333333333331,10.584,6.0,-11,20.178828356800135,,7000.0,0.0,0.0,0.0,48.67706699465263,optimal
2021-02-13 02:30:00,4,22,2.8,0.0,0.0,0.057,10.143,6.0,-11,20.301294592784078,,7000.0,0.0,0.0,0.0,48.62838992765797,optimal
2021-02-13 03:00:00,4,22,0.0,0.0,0.0,0.29033333333333333,13.0095,6.0,-11,20.42139677173611,,0.0,0.0,0.0,0.0,48.579761537730306,optimal
2021-02-13 03:30:00,4,22,2.8,0.0,0.0,0.045,11.025,6.0,-11,20.36528386193291,,7000.0,0.0,0.0,0.0,48.53118177619257,optimal
2021-02-13 04:00:00,4,22,0.0,0.0,0.0,0.15753333333333333,12.789,6.0,-11,20.48470546825498,,0.0,0.0,0.0,0.0,48.48265059441637,optimal
2021-02-13 04:30:00,4,22,0.0,0.0,0.0,0.18980000000000002,12.1275,6.0,-11,20.424613540869302,,0.0,0.0,0.0,0.0,48.434167943821954,optimal
2021-02-13 05:00:00,4,22,0.0,0.0,0.0,0.045,12.1695,6.0,-11,20.365230932664232,,0.0,0.0,0.0,0.0,48.38573377587813,optimal
2021-02-13 05:30:00,4,22,0.0,0.0,0.0,0.24180000000000001,12.306,6.0,-11,20.30195440983899,,0.0,0.0,0.0,0.0,48.33734804210225,optimal
2021-02-13 06:00:00,4,22,0.0,0.0,0.0,0.10553333333333331,13.23,6.0,-11,20.243672778776702,,0.0,0.0,0.0,0.0,48.289010694060146,optimal
2021-02-13 06:30:00,4,22,0.0,0.0,0.0,0.14526666666666668,13.671,6.0,-11,20.18171540337373,,0.0,0.0,0.0,0.0,48.240721683366075,optimal
2021-02-13 07:00:00,4,22,0.0,0.0,0.0,0.07006666666666667,13.9335,6.0,-11,20.12082915043425,,0.0,0.0,0.0,0.0,48.192480961682705,optimal
2021-02-13 07:30:00,4,22,0.0,0.0,0.0,0.2524666666666667,13.293,6.0,-11,20.058024101866675,,0.0,0.0,0.0,0.0,48.144288480721016,optimal
2021-02-13 08:00:00,4,22,0.8724334779088989,0.0,0.0,0.09286666666666667,12.1065,6.0,-11,20.0,,2181.0836947722473,0.0,0.0,0.0,48.096144192240295,optimal
2021-02-13 08:30:00,4,22,2.197046049180264,0.0,0.0,0.20786666666666667,11.571,6.0,-11,20.0,,1848.1253160895335,0.0,3644.489806861127,0.0,48.048048048048045,optimal
2021-02-13 09:00:00,4,22,0.7155709345058118,0.0,0.0,0.17146666666666666,11.025,6.0,-11,20.0,,1370.9273362645295,0.0,418.0,0.0,48.0,optimal
2021-02-13 09:30:00,4,22,1.6955625226393427,0.0,0.0,0.2292,10.8465,6.0,-11,20.0,,3124.2396399316895,0.0,1114.6666666666667,0.0,47.536466038034455,optimal
2021-02-13 10:00:00,4,22,0.0,0.0,0.0,0.3183333333333333,11.2455,6.0,-11,20.046107374065528,,0.0,0.0,0.0,0.0,47.07339561003088,optimal
2021-02-13 10:30:00,4,22,0.0,0.0,0.0,0.32366666666666666,23.8665,6.0,-11,20.02540040985721,,0.0,0.0,0.0,0.0,46.61078825245531,optimal
2021-02-13 11:00:00,4,22,0.0,0.0,0.0,0.3083333333333333,27.4575,6.0,-11,20.002095103772856,,0.0,0.0,0.0,0.0,46.148643502237306,optimal
2021-02-13 11:30:00,4,22,0.0,0.0,0.0,0.5891666666666666,27.3735,6.0,-11,20.0,,0.0,0.0,0.0,0.0,45.68696089676953,optimal
2021-02-13 12:00:00,4,22,0.0,0.0,0.0,1.5788333333333333,30.4605,6.0,-11,20.000435738953072,,0.0,0.0,0.0,0.0,45.22573997390722,optimal
2021-02-13 12:30:00,4,22,0.0,0.0,0.0,1.0519,30.0195,6.0,-11,20.01593455172875,,0.0,0.0,0.0,0.0,44.764980271967765,optimal
2021-02-13 13:00:00,4,22,0.0,0.0,0.0,1.2949000000000002,26.9325,6.0,-11,20.023677260576015,,0.0,0.0,0.0,0.0,44.30468132973025,optimal
2021-02-13 13:30:00,4,22,0.0,0.0,0.0,0.2878,14.595,6.0,-11,20.03520288792498,,0.0,0.0,0.0,0.0,43.84484268643498,optimal
2021-02-13 14:00:00,4,22,0.0,0.0,0.0,0.14153333333333334,12.4845,6.0,-11,20.03882814692115,,0.0,0.0,0.0,0.0,43.385463881783004,optimal
2021-02-13 14:30:00,4,22,0.0,0.0,0.0,0.4403,12.1275,6.0,-11,20.022657917556657,,0.0,0.0,0.0,0.0,42.92654445593568,optimal
2021-02-13 15:00:00,4,22,0.0,0.0,0.0,1.5529000000000002,12.1275,6.0,-11,20.022952068223425,,0.0,0.0,0.0,0.0,42.468083949514195,optimal
2021-02-13 15:30:00,4,22,0.0,0.0,0.0,0.4898666666666667,12.789,6.0,-11,20.039893073722304,,0.0,0.0,0.0,0.0,42.010081903599136,optimal
2021-02-13 16:00:00,4,22,0.0,0.0,0.0,0.5057333333333334,11.907,6.0,-11,20.032481861242704,,0.0,0.0,0.0,0.0,41.552537859729995,optimal
2021-02-13 16:30:00,4,22,0.2418966967069642,0.0,0.0,0.22669999999999998,11.025,6.0,-11,20.01202123490022,,604.7417417674105,0.0,0.0,0.0,41.09545135990472,optimal
2021-02-13 17:00:00,4,22,1.2632282374190542,0.0,0.0,0.6002000000000001,8.2005,6.0,-11,20.0,,1980.3084009094387,0.0,1177.7621926381971,0.0,40.63882194657927,optimal
2021-02-13 17:30:00,4,22,0.0,0.0,0.0,1.6958666666666666,9.5655,6.0,-11,20.023300041305085,,0.0,0.0,0.0,0.0,40.18264916266715,optimal
2021-02-13 18:00:00,4,22,2.8000000000000003,0.0,0.0,0.49326666666666663,7.056,6.0,-11,20.0,,5948.428859304865,0.0,1051.571140695136,0.0,39.72693255153894,optimal
2021-02-13 18:30:00,4,22,0.0,0.0,0.0,1.5372333333333332,9.3975,6.0,-11,20.110543552506172,,0.0,0.0,0.0,0.0,39.271671657021855,optimal
2021-02-13 19:00:00,4,22,0.0,0.0,0.0,0.3646666666666667,10.059,6.0,-11,20.07654893168532,,0.0,0.0,0.0,0.0,38.81686602339929,optimal
2021-02-13 19:30:00,4,22,0.0,0.0,0.0,0.49673333333333336,9.261,6.0,-11,20.036361768568533,,0.0,0.0,0.0,0.0,38.7780491573759,optimal
2021-02-13 20:00:00,4,22,0.8364941039773406,0.0,0.0,0.27986666666666665,8.1585,6.0,-11,20.0,,1533.9019266100183,0.0,557.3333333333334,0.0,38.73927110821852,optimal
2021-02-13 20:30:00,4,22,0.0,0.0,0.0,0.27266666666666667,9.4815,6.0,-11,20.0,,0.0,0.0,0.0,0.0,38.7005318371103,optimal
2021-02-13 21:00:00,4,22,0.0,0.0,0.0,0.3788333333333333,8.379,6.0,-11,19.961715667245418,,0.0,0.0,0.0,0.0,38.66183130527319,optimal
2021-02-13 21:30:00,4,22,0.0,0.0,0.0,0.4,9.5235,6.0,-11,19.92295668337511,,0.0,0.0,0.0,0.0,38.62316947396791,optimal
2021-02-13 22:00:00,4,22,0.0,0.0,0.0,0.5199333333333332,8.1375,6.0,-11,19.887403298593664,,0.0,0.0,0.0,0.0,38.58454630449395,optimal
2021-02-13 22:30:00,4,22,0.0,0.0,0.0,1.018433333333333,10.0905,6.0,-11,19.852474956846397,,0.0,0.0,0.0,0.0,38.545961758189456,optimal
2021-02-13 23:00:00,4,22,0.0,0.0,0.0,0.23016666666666663,7.539,6.0,-11,19.813721226695314,,0.0,0.0,0.0,0.0,38.50741579643127,optimal
2021-02-13 23:30:00,4,22,0.0,0.0,0.0,0.24819999999999998,7.938,6.0,-11,19.774519439906797,,0.0,0.0,0.0,0.0,38.468908380634836,optimal
2021-02-07 00:00:00,5,22,0.0,0.0,0.0,0.057,6.678,6.0,3,21.0,,0.0,0.0,0.0,0.0,47.952,optimal
2021-02-07 00:30:00,5,22,0.0,0.0,0.0,0.12179999999999999,7.938,6.0,3,20.94597057900395,,0.0,0.0,0.0,0.0,47.904047999999996,optimal
2021-02-07 01:00:00,5,22,0.0,0.0,0.0,0.057,5.292,6.0,3,20.893476217893863,,0.0,0.0,0.0,0.0,47.856143952,optimal
2021-02-07 01:30:00,5,22,0.0,0.0,0.0,0.12179999999999999,9.261,6.0,3,20.839144395829035,,0.0,0.0,0.0,0.0,47.80828780804799,optimal
2021-02-07 02:00:00,5,22,0.0,0.0,0.0,0.057,10.3635,6.0,3,20.786510364879437,,0.0,0.0,0.0,0.0,47.76047952023995,optimal
2021-02-07 02:30:00,5,22,0.0,0.0,0.0,0.12179999999999999,8.274,6.0,3,20.73220107775926,,0.0,0.0,0.0,0.0,47.712719040719705,optimal
2021-02-07 03:00:00,5,22,0.0,0.0,0.0,0.057,7.7175,6.0,3,20.679427755908435,,0.0,0.0,0.0,0.0,47.66500632167899,optimal
2021-02-07 03:30:00,5,22,0.0,0.0,0.0,0.111,6.615,6.0,3,20.62481787555729,,0.0,0.0,0.0,0.0,47.61734131535731,optimal
2021-02-07 04:00:00,5,22,0.0,0.0,0.0,0.0678,6.174,6.0,3,20.571626056287005,,0.0,0.0,0.0,0.0,47.56972397404195,optimal
2021-02-07 04:30:00,5,22,0.0,0.0,0.0,0.10740000000000001,3.906,6.0,3,20.517322044462798,,0.0,0.0,0.0,0.0,47.522154250067906,optimal
2021-02-07 05:00:00,5,22,0.0,0.0,0.0,0.0714,2.3415,6.0,3,20.4642226844017,,0.0,0.0,0.0,0.0,47.47463209581784,optimal
2021-02-07 05:30:00,5,22,0.985547683735082,0.0,0.0,0.11833333333333332,2.205,6.0,3,20.410359671999235,,1140.2025426710381,0.0,1323.6666666666667,0.0,47.42715746372202,optimal
2021-02-07 06:00:00,5,22,2.8,0.0,2.01603733861885,0.07046666666666666,0.882,6.0,3,20.387327157706622,,7000.0,0.0,0.0,0.0,48.33734804210225,optimal
2021-02-07 06:30:00,5,22,2.8,0.0,0.0,0.057,1.5435,6.0,3,20.515508899327447,,7000.0,0.0,0.0,0.0,48.289010694060146,optimal
2021-02-07 07:00:00,5,22,2.8,0.0,0.0,0.1146,1.5435,6.0,3,20.64283358295346,,7000.0,0.0,0.0,0.0,48.240721683366075,optimal
2021-02-07 07:30:00,5,22,0.0,0.0,0.0,0.06646666666666667,5.0715,6.0,3,20.771081301823298,,0.0,0.0,0.0,0.0,48.192480961682705,optimal
2021-02-07 08:00:00,5,22,0.0,0.0,0.0,0.3430666666666667,5.376,6.0,3,20.717237446643416,,0.0,0.0,0.0,0.0,48.144288480721016,optimal
2021-02-07 08:30:00,5,22,0.0,0.0,0.0,0.13003333333333333,5.0715,6.0,3,20.674931324710403,,0.0,0.0,0.0,0.0,48.096144192240295,optimal
2021-02-07 09:00:00,5,22,0.0,0.0,0.0,0.068,5.5125,6.0,3,20.630040867019954,,0.0,0.0,0.0,0.0,48.048048048048045,optimal
2021-02-07 09:30:00,5,22,0.0,0.0,0.0,1.3528666666666667,9.261,6.0,3,20.59181299219187,,0.0,0.0,0.0,0.0,48.0,optimal
2021-02-07 10:00:00,5,22,0.0,0.0,0.0,0.4595,11.7075,6.0,3,20.562905426040107,,0.0,0.0,0.0,0.0,47.794863244370724,optimal
2021-02-07 10:30:00,5,22,0.0,0.0,0.0,0.12933333333333336,12.348,6.0,3,20.51731312521602,,0.0,0.0,0.0,0.0,47.58993162549708,optimal
2021-02-07 11:00:00,5,22,0.0,0.0,0.0,0.2174,12.348,6.0,3,20.469827255380583,,0.0,0.0,0.0,0.0,47.38520493824231,optimal
2021-02-07 11:30:00,5,22,0.0,0.0,0.0,0.28463333333333335,12.1275,6.0,3,20.43324053593863,,0.0,0.0,0.0,0.0,47.18068297767479,optimal
2021-02-07 12:00:00,5,22,0.0,0.0,0.0,0.3826333333333333,12.5265,6.0,3,20.398376788849045,,0.0,0.0,0.0,0.0,46.97636553906784,optimal
2021-02-07 12:30:00,5,22,0.0,0.0,0.0,0.3209666666666666,11.7495,6.0,3,20.379162575234048,,0.0,0.0,0.0,0.0,46.7722524178995,optimal
2021-02-07 13:00:00,5,22,0.0,0.0,0.0,0.5018333333333334,13.23,6.0,3,20.35884989226581,,0.0,0.0,0.0,0.0,46.568343409852325,optimal
2021-02-07 13:30:00,5,22,0.0,0.0,0.0,0.087,14.3325,6.0,3,20.337663993209237,,0.0,0.0,0.0,0.0,46.3646383108132,optimal
2021-02-07 14:00:00,5,22,0.0,0.0,0.0,0.12016666666666669,14.994,6.0,3,20.305929264388283,,0.0,0.0,0.0,0.0,46.16113691687311,optimal
2021-02-07 14:30:00,5,22,0.0,0.0,0.0,0.09066666666666669,14.8155,6.0,3,20.277681820581144,,0.0,0.0,0.0,0.0,45.957839024326965,optimal
2021-02-07 15:00:00,5,22,0.0,0.0,0.0,1.0216333333333332,14.112,6.0,3,20.25124136818084,,0.0,0.0,0.0,0.0,45.754744429673366,optimal
2021-02-07 15:30:00,5,22,0.0,0.0,0.0,0.7636333333333333,14.007,6.0,3,20.23708024009777,,0.0,0.0,0.0,0.0,45.55185292961442,optimal
2021-02-07 16:00:00,5,22,0.0,0.0,0.0,1.4500666666666666,13.23,6.0,3,20.223729679446123,,0.0,0.0,0.0,0.0,45.34916432105553,optimal
2021-02-07 16:30:00,5,22,0.0,0.0,0.0,1.3231333333333335,11.382,6.0,3,20.215404046958593,,0.0,0.0,0.0,0.0,45.146678401105206,optimal
2021-02-07 17:00:00,5,22,0.0,0.0,0.0,0.4143,11.7495,6.0,3,20.20292046110858,,0.0,0.0,0.0,0.0,44.94439496707483,optimal
2021-02-07 17:30:00,5,22,0.0,0.0,0.0,0.3755,24.3285,6.0,3,20.16351460232654,,0.0,0.0,0.0,0.0,44.74231381647848,optimal
2021-02-07 18:00:00,5,22,0.0,0.0,0.0,0.3417,28.917,6.0,3,20.124474155010077,,0.0,0.0,0.0,0.0,44.54043474703273,optimal
2021-02-07 18:30:00,5,22,0.0,0.0,0.0,0.15496666666666667,31.3635,6.0,3,20.082350777513593,,0.0,0.0,0.0,0.0,44.49589431228569,optimal
2021-02-07 19:00:00,5,22,0.0,0.0,0.0,2.2156666666666665,33.306,6.0,3,20.03952763054337,,0.0,0.0,0.0,0.0,44.45139841797341,optimal
2021-02-07 19:30:00,5,22,0.0,0.0,0.0,1.606,31.3425,6.0,3,20.03164329540509,,0.0,0.0,0.0,0.0,44.40694701955543,optimal
2021-02-07 20:00:00,5,22,0.0,0.0,0.0,2.4671999999999996,28.2555,6.0,3,20.012391945410457,,0.0,0.0,0.0,0.0,44.36254007253588,optimal
2021-02-07 20:30:00,5,22,0.0,0.0,0.0,0.28813333333333335,15.6975,6.0,3,20.0,,0.0,0.0,0.0,0.0,44.318177532463345,optimal
2021-02-07 21:00:00,5,22,0.0,0.0,0.0,0.2318,12.5475,6.0,3,19.962751187879242,,0.0,0.0,0.0,0.0,44.273859354930885,optimal
2021-02-07 21:30:00,5,22,0.0,0.0,0.0,1.6295666666666666,12.0855,6.0,3,19.925550552758228,,0.0,0.0,0.0,0.0,44.229585495575954,optimal
2021-02-07 22:00:00,5,22,0.0,0.0,0.0,0.1072,11.907,6.0,3,19.905007314007847,,0.0,0.0,0.0,0.0,44.185355910080375,optimal
2021-02-07 22:30:00,5,22,0.0,0.0,0.0,0.2113333333333333,12.5685,6.0,3,19.867570807083535,,0.0,0.0,0.0,0.0,44.141170554170294,optimal
2021-02-07 23:00:00,5,22,0.0,0.0,0.0,0.2653333333333333,13.146,6.0,3,19.830596668877906,,0.0,0.0,0.0,0.0,44.097029383616125,optimal
2021-02-07 23:30:00,5,22,0.0,0.0,0.0,0.067,10.584,6.0,3,19.795992377584685,,0.0,0.0,0.0,0.0,44.05293235423251,optimal
2021-02-08 00:00:00,5,22,0.0,0.0,0.0,0.063,11.2665,6.0,4,19.795992377584685,,0.0,0.0,0.0,0.0,44.00887942187828,optimal
2021-02-08 00:30:00,5,22,0.0,0.0,0.0,0.063,10.143,6.0,4,19.74116130913535,,0.0,0.0,0.0,0.0,43.964870542456396,optimal
2021-02-08 01:00:00,5,22,0.0,0.0,0.0,0.063,11.2455,6.0,4,19.686507622420912,,0.0,0.0,0.0,0.0,43.92090567191394,optimal
2021-02-08 01:30:00,5,22,0.0,0.0,0.0,0.063,11.025,6.0,4,19.63203074360101,,0.0,0.0,0.0,0.0,43.87698476624203,optimal
2021-02-08 02:00:00,5,22,2.8,0.0,0.0,0.063,5.9745,6.0,4,19.577568347747693,,0.0,0.0,7000.0,0.0,43.83310778147579,optimal
2021-02-08 02:30:00,5,22,2.8,0.0,0.0,0.063,7.938,6.0,4,19.523120388007705,,0.0,0.0,7000.0,0.0,43.789274673694315,optimal
2021-02-08 03:00:00,5,22,2.6391842015067515,0.0,0.0,0.063,8.6835,6.0,4,19.46901032356739,,3320.6271704335445,0.0,3277.3333333333335,0.0,43.74548539902062,optimal
2021-02-08 03:30:00,5,22,2.8,0.0,0.0,0.063,7.665,6.0,4,19.501520966189666,,7000.0,0.0,0.0,0.0,43.7017399136216,optimal
2021-02-08 04:00:00,5,22,2.8,0.0,0.0,0.063,6.7725,6.0,4,19.62937031280728,,7000.0,0.0,0.0,0.0,43.65803817370798,optimal
2021-02-08 04:30:00,5,22,2.8,0.0,0.0,0.063,5.5755,6.0,4,19.75664430631679,,7000.0,0.0,0.0,0.0,43.61438013553427,optimal
2021-02-08 05:00:00,5,22,2.8,0.0,5.0,0.063,5.0925,6.0,4,19.883183055075374,,7000.0,0.0,0.0,0.0,45.94576575539873,optimal
2021-02-08 05:30:00,5,22,2.8,0.0,5.0,0.063,4.1895,6.0,4,20.008988937643085,,7000.0,0.0,0.0,0.0,48.27481998964333,optimal
2021-02-08 06:00:00,5,22,2.8,0.0,0.0,0.063,7.056,6.0,4,20.13422607782921,,7000.0,0.0,0.0,0.0,48.22654516965369,optimal
2021-02-08 06:30:00,5,22,2.8,0.0,0.4366634766191468,0.07233333333333333,5.271,6.0,4,20.25889631554885,,7000.0,0.0,0.0,0.0,48.38573377587813,optimal
2021-02-08 07:00:00,5,22,2.8,0.0,0.0,0.06366666666666666,7.938,6.0,4,20.383001484764854,,7000.0,0.0,0.0,0.0,48.33734804210225,optimal
2021-02-08 07:30:00,5,22,2.8,0.0,0.0,0.24823333333333328,7.938,6.0,4,20.506543413507107,,7000.0,0.0,0.0,0.0,48.289010694060146,optimal
2021-02-08 08:00:00,5,22,0.0,0.0,0.0,0.1034,11.907,6.0,4,20.64027901236315,,0.0,0.0,0.0,0.0,48.240721683366075,optimal
2021-02-08 08:30:00,5,22,0.0,0.0,0.0,0.0724,11.025,6.0,4,20.59521605894297,,0.0,0.0,0.0,0.0,48.192480961682705,optimal
2021-02-08 09:00:00,5,22,0.0,0.0,0.0,0.9047333333333333,11.2875,6.0,4,20.5479486118308,,0.0,0.0,0.0,0.0,48.144288480721016,optimal
2021-02-08 09:30:00,5,22,0.0,0.0,0.0,1.0018,12.936,6.0,4,20.52952024935991,,0.0,0.0,0.0,0.0,48.096144192240295,optimal
2021-02-08 10:00:00,5,22,0.0,0.0,0.0,0.212,13.0095,6.0,4,20.51213981704588,,0.0,0.0,0.0,0.0,48.048048048048045,optimal
2021-02-08 10:30:00,5,22,0.0,0.0,0.0,0.21246666666666666,13.671,6.0,4,20.494639142917652,,0.0,0.0,0.0,0.0,48.0,optimal
2021-02-08 11:00:00,5,22,0.0,0.0,0.0,0.224,13.188,6.0,4,20.474771402902935,,0.0,0.0,0.0,0.0,47.85468102872097,optimal
2021-02-08 11:30:00,5,22,0.0,0.0,0.0,0.217,13.8495,6.0,4,20.471484191998556,,0.0,0.0,0.0,0.0,47.709507376413214,optimal
2021-02-08 12:00:00,5,22,0.0,0.0,0.0,0.38789999999999997,13.23,6.0,4,20.465939628490233,,0.0,0.0,0.0,0.0,47.56447889775777,optimal
2021-02-08 12:30:00,5,22,0.0,0.0,0.0,0.293,13.3665,6.0,4,20.468270174384685,,0.0,0.0,0.0,0.0,47.41959544758099,optimal
2021-02-08 13:00:00,5,22,0.0,0.0,0.0,0.39303333333333335,13.0515,6.0,4,20.469770351925735,,0.0,0.0,0.0,0.0,47.27485688085438,optimal
2021-02-08 13:30:00,5,22,0.0,0.0,0.0,0.32896666666666663,13.5345,6.0,4,20.47094617327634,,0.0,0.0,0.0,0.0,47.130263052694495,optimal
2021-02-08 14:00:00,5,22,0.0,0.0,0.0,0.2013,14.154,6.0,4,20.468455717410837,,0.0,0.0,0.0,0.0,46.98581381836277,optimal
2021-02-08 14:30:00,5,22,0.0,0.0,0.0,0.15833333333333335,14.112,6.0,4,20.467768723987078,,0.0,0.0,0.0,0.0,46.84150903326538,optimal
2021-02-08 15:00:00,5,22,0.0,0.0,0.0,0.073,14.2485,6.0,4,20.462034999131777,,0.0,0.0,0.0,0.0,46.69734855295309,optimal
2021-02-08 15:30:00,5,22,0.0,0.0,0.0,0.073,12.789,6.0,4,20.433557092602356,,0.0,0.0,0.0,0.0,46.553332233121104,optimal
2021-02-08 16:00:00,5,22,0.0,0.0,0.0,0.073,13.0095,6.0,4,20.405333066721347,,0.0,0.0,0.0,0.0,46.40945992960895,optimal
2021-02-08 16:30:00,5,22,0.0,0.0,0.0,0.073,12.1275,6.0,4,20.363740609338528,,0.0,0.0,0.0,0.0,46.265731498400314,optimal
2021-02-08 17:00:00,5,22,0.0,0.0,0.0,0.28946666666666665,12.348,6.0,4,20.321797447172283,,0.0,0.0,0.0,0.0,46.12214679562288,optimal
2021-02-08 17:30:00,5,22,0.0,0.0,0.0,0.47506666666666664,12.348,6.0,4,20.279482114232692,,0.0,0.0,0.0,0.0,45.97870567754823,optimal
2021-02-08 18:00:00,5,22,0.0,0.0,0.0,0.3683333333333333,25.389,6.0,4,20.24633127989817,,0.0,0.0,0.0,0.0,45.83540800059165,optimal
2021-02-08 18:30:00,5,22,0.0,0.0,0.0,0.317,29.1375,6.0,4,20.210223535354164,,0.0,0.0,0.0,0.0,45.69225362131203,optimal
2021-02-08 19:00:00,5,22,0.0,0.0,0.0,0.217,30.597,6.0,4,20.172209947724625,,0.0,0.0,0.0,0.0,45.549242396411685,optimal
2021-02-08 19:30:00,5,22,0.0,0.0,0.0,0.073,33.684,6.0,4,20.12501070741013,,0.0,0.0,0.0,0.0,45.40637418273624,optimal
2021-02-08 20:00:00,5,22,0.0,0.0,0.0,0.073,32.445,6.0,4,20.062647108163308,,0.0,0.0,0.0,0.0,45.263648837274474,optimal
2021-02-08 20:30:00,5,22,0.0,0.0,0.0,0.073,28.917,6.0,4,20.0,,0.0,0.0,0.0,0.0,45.121066217158166,optimal
2021-02-08 21:00:00,5,22,0.0,0.0,0.0,0.073,15.876,6.0,4,19.937232053032258,,0.0,0.0,0.0,0.0,44.97862617966198,optimal
2021-02-08 21:30:00,5,22,0.0,0.0,0.0,0.073,12.348,6.0,4,19.874343658180727,,0.0,0.0,0.0,0.0,44.836328582203286,optimal
2021-02-08 22:00:00,5,22,0.0,0.0,0.0,0.073,12.1275,6.0,4,19.81214396982144,,0.0,0.0,0.0,0.0,44.69417328234205,optimal
2021-02-08 22:30:00,5,22,0.0,0.0,0.0,0.073,12.348,6.0,4,19.75063075994835,,0.0,0.0,0.0,0.0,44.552160137780675,optimal
2021-02-08 23:00:00,5,22,0.0,0.0,0.0,0.21806666666666663,12.1275,6.0,4,19.689154795987097,,0.0,0.0,0.0,0.0,44.50760797764289,optimal
2021-02-08 23:30:00,5,22,0.0,0.0,0.0,0.297,12.1275,6.0,4,19.634586185048907,,0.0,0.0,0.0,0.0,44.46310036966525,optimal
2021-02-09 00:00:00,5,22,2.8,0.0,4.160364107341905,0.05913333333333333,10.7205,6.0,-7,19.634586185048907,,5537.0,0.0,1463.0,0.0,46.394810220282984,optimal
2021-02-09 00:30:00,5,22,2.8,0.0,0.0,0.06566666666666666,11.424,6.0,-7,19.72188995033275,,3238.0,0.0,3762.0,0.0,46.3484154100627,optimal
2021-02-09 01:00:00,5,22,2.8,0.0,5.0,0.1182,10.689,6.0,-7,19.74854799353875,,7000.0,0.0,0.0,0.0,48.67706699465263,optimal
2021-02-09 01:30:00,5,22,2.8,0.0,0.0,0.09259999999999999,11.361,6.0,-7,19.874364574687306,,7000.0,0.0,0.0,0.0,48.62838992765797,optimal
2021-02-09 02:00:00,5,22,2.8,0.0,0.0,0.067,11.571,6.0,-7,19.998785429883615,,7000.0,0.0,0.0,0.0,48.579761537730306,optimal
2021-02-09 02:30:00,5,22,0.0,0.0,0.0,0.10540000000000001,14.3745,6.0,-7,20.121815074383314,,0.0,0.0,0.0,0.0,48.53118177619257,optimal
2021-02-09 03:00:00,5,22,2.8,0.0,0.0,0.10540000000000001,13.23,6.0,-7,20.06371672205066,,7000.0,0.0,0.0,0.0,48.48265059441637,optimal
2021-02-09 03:30:00,5,22,2.118816631133673,0.0,0.0,0.1267333333333333,13.9755,6.0,-7,20.187857609909223,,5297.041577834183,0.0,0.0,0.0,48.434167943821954,optimal
2021-02-09 04:00:00,5,22,0.0,0.0,0.0,0.08406666666666666,14.994,6.0,-7,20.268224685351836,,0.0,0.0,0.0,0.0,48.38573377587813,optimal
2021-02-09 04:30:00,5,22,2.8,0.0,0.0,0.067,13.671,6.0,-7,20.20990712401369,,7000.0,0.0,0.0,0.0,48.33734804210225,optimal
2021-02-09 05:00:00,5,22,0.0,0.0,0.0,0.13953333333333334,15.981,6.0,-7,20.332900789178037,,0.0,0.0,0.0,0.0,48.289010694060146,optimal
2021-02-09 05:30:00,5,22,0.0,0.0,0.0,0.07126666666666667,15.6345,6.0,-7,20.275168243094765,,0.0,0.0,0.0,0.0,48.240721683366075,optimal
2021-02-09 06:00:00,5,22,0.0,0.0,0.0,0.11393333333333333,16.5375,6.0,-7,20.215848609154392,,0.0,0.0,0.0,0.0,48.192480961682705,optimal
2021-02-09 06:30:00,5,22,0.0,0.0,0.0,0.10353333333333331,14.7735,6.0,-7,20.15782953774943,,0.0,0.0,0.0,0.0,48.144288480721016,optimal
2021-02-09 07:00:00,5,22,0.0,0.0,0.0,0.179,15.2145,6.0,-7,20.10107325735509,,0.0,0.0,0.0,0.0,48.096144192240295,optimal
2021-02-09 07:30:00,5,22,0.0,0.0,0.0,0.1995,14.553,6.0,-7,20.047314027044592,,0.0,0.0,0.0,0.0,48.048048048048045,optimal
2021-02-09 08:00:00,5,22,2.301820049637115,0.0,0.0,0.21509999999999999,14.3325,6.0,-7,20.0,,5754.550124092788,0.0,0.0,0.0,48.0,optimal
2021-02-09 08:30:00,5,22,0.0,0.0,0.0,0.22246666666666667,14.595,6.0,-7,20.10531503328818,,0.0,0.0,0.0,0.0,47.705108432202955,optimal
2021-02-09 09:00:00,5,22,0.0,0.0,0.0,0.067,14.994,6.0,-7,20.053452732546706,,0.0,0.0,0.0,0.0,47.41051175597371,optimal
2021-02-09 09:30:00,5,22,0.7745270829555114,0.0,0.0,0.1438,14.3325,6.0,-7,20.0,,1936.3177073887787,0.0,0.0,0.0,47.116209676420695,optimal
2021-02-09 10:00:00,5,22,0.5414764222527284,0.0,0.0,0.067,13.8915,6.0,-7,20.0,,1353.691055631821,0.0,0.0,0.0,46.822201898947235,optimal
2021-02-09 10:30:00,5,22,0.5290263315538267,0.0,0.0,0.067,13.8915,6.0,-7,20.0,,1322.5658288845668,0.0,0.0,0.0,46.528488129251244,optimal
2021-02-09 11:00:00,5,22,0.2845207823749103,0.0,0.0,0.067,13.4715,6.0,-7,20.0,,711.3019559372758,0.0,0.0,0.0,46.235068073324946,optimal
2021-02-09 11:30:00,5,22,2.4683386442068174,0.0,0.0,0.1267333333333333,13.23,6.0,-7,20.0,,4359.51327718371,0.0,1811.3333333333333,0.0,45.94194143745458,optimal
2021-02-09 12:00:00,5,22,0.0,0.0,0.0,0.08406666666666666,13.8915,6.0,-7,20.096509800295696,,0.0,0.0,0.0,0.0,45.64910792822008,optimal
2021-02-09 12:30:00,5,22,0.0,0.0,0.0,0.07126666666666667,26.9325,6.0,-7,20.089015882149436,,0.0,0.0,0.0,0.0,45.35656725249482,optimal
2021-02-09 13:00:00,5,22,0.0,0.0,0.0,0.13953333333333334,30.303,6.0,-7,20.08105185631756,,0.0,0.0,0.0,0.0,45.06431911744528,optimal
2021-02-09 13:30:00,5,22,0.0,0.0,0.0,0.13353333333333334,32.886,6.0,-7,20.077268375965666,,0.0,0.0,0.0,0.0,44.77236323053079,optimal
2021-02-09 14:00:00,5,22,0.0,0.0,0.0,0.26946666666666663,34.9965,6.0,-7,20.074452703884795,,0.0,0.0,0.0,0.0,44.727590867300265,optimal
2021-02-09 14:30:00,5,22,0.0,0.0,0.0,0.226,33.327,6.0,-7,20.077749436498436,,0.0,0.0,0.0,0.0,44.68286327643296,optimal
2021-02-09 15:00:00,5,22,0.0,0.0,0.0,0.4657,31.122,6.0,-7,20.078895485808523,,0.0,0.0,0.0,0.0,44.638180413156526,optimal
2021-02-09 15:30:00,5,22,0.0,0.0,0.0,0.2914333333333333,17.9025,6.0,-7,20.076460760196554,,0.0,0.0,0.0,0.0,44.59354223274337,optimal
2021-02-09 16:00:00,5,22,0.0,0.0,0.0,0.5384,15.6555,6.0,-7,20.068828405782934,,0.0,0.0,0.0,0.0,44.54894869051062,optimal
2021-02-09 16:30:00,5,22,0.0,0.0,0.0,0.4186666666666667,14.553,6.0,-7,20.053963040461046,,0.0,0.0,0.0,0.0,44.50439974182011,optimal
2021-02-09 17:00:00,5,22,0.0,0.0,0.0,0.3386,14.3325,6.0,-7,20.037585410740775,,0.0,0.0,0.0,0.0,44.45989534207829,optimal
2021-02-09 17:30:00,5,22,0.5024165298839057,0.0,0.0,0.39813333333333334,13.335,6.0,-7,20.0,,1256.0413247097642,0.0,0.0,0.0,44.41543544673621,optimal
2021-02-09 18:00:00,5,22,0.98528541013329,0.0,0.0,0.4686666666666667,12.1275,6.0,-7,20.0,,2254.213525333225,0.0,208.99999999999997,0.0,44.371020011289474,optimal
2021-02-09 18:30:00,5,22,0.0,0.0,0.0,0.4459333333333333,12.2955,6.0,-7,20.029211789091104,,0.0,0.0,0.0,0.0,44.326648991278184,optimal
2021-02-09 19:00:00,5,22,1.0233082990096722,0.0,0.0,1.8974666666666666,11.6865,6.0,-7,20.0,,328.93741419084733,0.0,2229.333333333333,0.0,44.2823223422869,optimal
2021-02-09 19:30:00,5,22,0.49209496567632605,0.0,0.0,0.5518333333333334,11.466,6.0,-7,20.0,,1160.5707475241484,0.0,69.66666666666666,0.0,44.23804001994462,optimal
2021-02-09 20:00:00,5,22,0.5076202990096476,0.0,0.0,0.38,10.8045,6.0,-7,20.0,,1269.0507475241188,0.0,0.0,0.0,44.19380197992468,optimal
2021-02-09 20:30:00,5,22,0.2786666666666666,0.0,0.0,0.3852,10.584,6.0,-7,20.0,,0.0,0.0,696.6666666666666,0.0,44.14960817794476,optimal
2021-02-09 21:00:00,5,22,0.0,0.0,0.0,0.32716666666666666,11.2455,6.0,-7,19.96255325353097,,0.0,0.0,0.0,0.0,44.10545856976681,optimal
2021-02-09 21:30:00,5,22,0.0,0.0,0.0,1.0963333333333332,12.1275,6.0,-7,19.925059182779254,,0.0,0.0,0.0,0.0,44.06135311119704,optimal
2021-02-09 22:00:00,5,22,0.0,0.0,0.0,0.8199333333333333,11.823,6.0,-7,19.9057783486539,,0.0,0.0,0.0,0.0,44.01729175808585,optimal
2021-02-09 22:30:00,5,22,0.0,0.0,0.0,0.19963333333333333,11.7705,6.0,-7,19.873395412770414,,0.0,0.0,0.0,0.0,43.97327446632776,optimal
2021-02-09 23:00:00,5,22,0.0,0.0,0.0,0.067,11.13,6.0,-7,19.81993815115884,,0.0,0.0,0.0,0.0,43.929301191861434,optimal
2021-02-09 23:30:00,5,22,0.0,0.0,0.0,0.067,11.6865,6.0,-7,19.76230385325523,,0.0,0.0,0.0,0.0,43.885371890669575,optimal
2021-02-10 00:00:00,5,22,2.8,0.0,0.0,1.234,16.8945,6.0,18,19.76230385325523,,7000.0,0.0,0.0,0.0,43.84148651877891,optimal
2021-02-10 00:30:00,5,22,1.1221647903167877,0.0,0.0,0.07753333333333333,18.123,6.0,18,19.89750170189735,,2735.745309125303,0.0,69.66666666666666,0.0,43.79764503226013,optimal
2021-02-10 01:00:00,5,22,0.0,0.0,0.0,0.066,31.647,6.0,18,19.911246614517644,,0.0,0.0,0.0,0.0,43.753847387227864,optimal
2021-02-10 01:30:00,5,22,0.0,0.0,0.0,0.066,34.9965,6.0,18,19.851704595762616,,0.0,0.0,0.0,0.0,43.710093539840635,optimal
2021-02-10 02:00:00,5,22,0.0,0.0,0.0,0.066,34.9965,6.0,18,19.79203169305608,,0.0,0.0,0.0,0.0,43.66638344630079,optimal
2021-02-10 02:30:00,5,22,0.0,0.0,0.0,0.10126666666666669,34.9965,6.0,18,19.732228329815342,,0.0,0.0,0.0,0.0,43.62271706285449,optimal
2021-02-10 03:00:00,5,22,0.0,0.0,0.0,0.1216,34.9965,6.0,18,19.677085987427898,,0.0,0.0,0.0,0.0,43.57909434579164,optimal
2021-02-10 03:30:00,5,22,0.0,0.0,0.0,0.066,34.9965,6.0,18,19.626989744195296,,0.0,0.0,0.0,0.0,43.535515251445844,optimal
2021-02-10 04:00:00,5,22,0.0,0.0,0.0,0.066,27.741,6.0,18,19.567720301376816,,0.0,0.0,0.0,0.0,43.491979736194395,optimal
2021-02-10 04:30:00,5,22,0.0,0.0,0.0,0.066,19.026,6.0,18,19.508642598695644,,0.0,0.0,0.0,0.0,43.4484877564582,optimal
2021-02-10 05:00:00,5,22,0.0,0.0,0.0,0.066,18.7215,6.0,18,19.44943250997314,,0.0,0.0,0.0,0.0,43.40503926870174,optimal
2021-02-10 05:30:00,5,22,2.8,0.0,0.0,0.066,17.4195,6.0,18,19.39009046348593,,7000.0,0.0,0.0,0.0,43.361634229433044,optimal
2021-02-10 06:00:00,5,22,2.8,0.0,0.0,0.066,16.758,6.0,18,19.512506421781737,,7000.0,0.0,0.0,0.0,43.31827259520361,optimal
2021-02-10 06:30:00,5,22,2.8,0.0,0.0,0.066,14.217,6.0,18,19.63420285135657,,7000.0,0.0,0.0,0.0,43.27495432260841,optimal
2021-02-10 07:00:00,5,22,2.8,0.0,0.0,0.066,13.3665,6.0,18,19.756152597592255,,7000.0,0.0,0.0,0.0,43.2316793682858,optimal
2021-02-10 07:30:00,5,22,2.8,0.0,0.0,0.066,12.789,6.0,18,19.878354840994476,,7000.0,0.0,0.0,0.0,43.18844768891752,optimal
2021-02-10 08:00:00,5,22,0.9303557395159705,0.0,0.0,0.066,11.907,6.0,18,20.0,,2325.8893487899263,0.0,0.0,0.0,43.1452592412286,optimal
2021-02-10 08:30:00,5,22,0.9203956669568273,0.0,0.0,0.066,11.7075,6.0,18,20.0,,2300.9891673920683,0.0,0.0,0.0,43.10211398198737,optimal
2021-02-10 09:00:00,5,22,2.8,0.0,5.0,0.066,10.8045,6.0,18,20.0,,4561.666666666666,0.0,2438.3333333333335,0.0,45.434011868005385,optimal
2021-02-10 09:30:00,5,22,0.0,0.0,0.0,0.066,11.508,6.0,18,20.069922904773104,,0.0,0.0,0.0,0.0,45.38857785613738,optimal
2021-02-10 10:00:00,5,22,0.0,0.0,0.7906895506982593,0.208,11.508,6.0,18,20.021735269205358,,0.0,0.0,0.0,0.0,45.71876681486292,optimal
2021-02-10 10:30:00,5,22,0.199361484536424,0.0,5.0,0.3466,11.508,6.0,18,20.00166231847748,,498.40371134106,0.0,0.0,0.0,48.048048048048045,optimal
2021-02-10 11:00:00,5,22,0.0,0.0,0.0,1.6903333333333332,11.844,6.0,18,20.0,,0.0,0.0,0.0,0.0,48.0,optimal
2021-02-10 11:30:00,5,22,0.0,0.0,0.0,1.6941,11.508,6.0,18,20.023487733769173,,0.0,0.0,0.0,0.0,47.55827649603273,optimal
2021-02-10 12:00:00,5,22,0.0,0.0,0.0,0.28953333333333336,11.508,6.0,18,20.023460593830222,,0.0,0.0,0.0,0.0,47.11699471556943,optimal
2021-02-10 12:30:00,5,22,2.8,0.0,0.0,0.3318,10.4475,6.0,18,20.03136457572131,,103.0,0.0,6897.0,0.0,46.676154216886594,optimal
2021-02-10 13:00:00,5,22,2.8,0.0,0.0,0.36939999999999995,10.8675,6.0,18,20.04190030726747,,7000.0,0.0,0.0,0.0,46.23575455870244,optimal
2021-02-10 13:30:00,5,22,2.8,0.0,0.0,0.2035,10.542,6.0,18,20.224627750534758,,7000.0,0.0,0.0,0.0,45.79579530017647,optimal
2021-02-10 14:00:00,5,22,0.0,0.0,0.0,0.066,11.025,6.0,18,20.39868089351296,,0.0,0.0,0.0,0.0,45.35627600090903,optimal
2021-02-10 14:30:00,5,22,0.1930095383132981,0.0,0.0,0.066,11.025,6.0,18,20.388216055756605,,482.52384578324524,0.0,0.0,0.0,44.91719622094085,optimal
2021-02-10 15:00:00,5,22,0.0,0.0,0.0,0.066,14.553,6.0,18,20.390323077831244,,0.0,0.0,0.0,0.0,44.47855552075264,optimal
2021-02-10 15:30:00,5,22,0.0,0.0,0.0,0.066,13.0935,6.0,18,20.368988085435628,,0.0,0.0,0.0,0.0,44.04035346126462,optimal
2021-02-10 16:00:00,5,22,0.0,0.0,0.0,0.26026666666666665,15.6345,6.0,18,20.347075101220593,,0.0,0.0,0.0,0.0,43.602589603836094,optimal
2021-02-10 16:30:00,5,22,0.0,0.0,0.0,0.3038666666666667,18.102,6.0,18,20.31725499786944,,0.0,0.0,0.0,0.0,43.16526351026499,optimal
2021-02-10 17:00:00,5,22,0.0,0.0,0.0,1.8755,17.199,6.0,18,20.292183401004543,,0.0,0.0,0.0,0.0,42.72837474278746,optimal
2021-02-10 17:30:00,5,22,0.0,0.0,0.0,0.512,18.2805,6.0,18,20.261253587618437,,0.0,0.0,0.0,0.0,42.29192286407741,optimal
2021-02-10 18:00:00,5,22,0.0,0.0,0.0,0.406,17.4615,6.0,18,20.227912503682166,,0.0,0.0,0.0,0.0,41.85590743724606,optimal
2021-02-10 18:30:00,5,22,0.0,0.0,0.0,0.4003,18.3225,6.0,18,20.186761910418223,,0.0,0.0,0.0,0.0,41.42032802584155,optimal
2021-02-10 19:00:00,5,22,0.0,0.0,0.0,0.5636,17.094,6.0,18,20.142355223971748,,0.0,0.0,0.0,0.0,40.98518419384844,optimal
2021-02-10 19:30:00,5,22,0.0,0.0,0.0,0.208,17.094,6.0,18,20.100224451385923,,0.0,0.0,0.0,0.0,40.550475505687324,optimal
2021-02-10 20:00:00,5,22,0.0,0.0,0.0,0.2698333333333333,17.094,6.0,18,20.048490606637436,,0.0,0.0,0.0,0.0,40.509925030181634,optimal
2021-02-10 20:30:00,5,22,0.0,0.0,0.0,0.334,17.3565,6.0,18,20.0,,0.0,0.0,0.0,0.0,40.469415105151455,optimal
2021-02-10 21:00:00,5,22,0.0,0.0,0.0,0.27476666666666666,17.115,6.0,18,19.958664895106512,,0.0,0.0,0.0,0.0,40.428945690046305,optimal
2021-02-10 21:30:00,5,22,0.0,0.0,0.0,0.2847333333333333,17.241,6.0,18,19.91359727522429,,0.0,0.0,0.0,0.0,40.38851674435626,optimal
2021-02-10 22:00:00,5,22,0.0,0.0,0.0,0.347,17.094,6.0,18,19.858249899152696,,0.0,0.0,0.0,0.0,40.3481282276119,optimal
2021-02-10 22:30:00,5,22,0.0,0.0,0.0,0.3133333333333333,16.5165,6.0,18,19.803577189913483,,0.0,0.0,0.0,0.0,40.30778009938429,optimal
2021-02-10 23:00:00,5,22,0.0,0.0,0.0,0.24163333333333334,17.8185,6.0,18,19.749476520885676,,0.0,0.0,0.0,0.0,40.267472319284906,optimal
2021-02-10 23:30:00,5,22,0.0,0.0,0.0,0.216,17.094,6.0,18,19.692601872451366,,0.0,0.0,0.0,0.0,40.22720484696562,optimal
2021-02-11 00:00:00,5,22,0.0,0.0,0.0,0.06,19.1835,6.0,-18,19.692601872451366,,0.0,0.0,0.0,0.0,40.186977642118656,optimal
2021-02-11 00:30:00,5,22,0.0,0.0,0.0,0.06,19.6665,6.0,-18,19.621202421116916,,0.0,0.0,0.0,0.0,40.14679066447653,optimal
2021-02-11 01:00:00,5,22,0.0,0.0,0.0,0.06,19.404,6.0,-18,19.550357457099558,,0.0,0.0,0.0,0.0,40.106643873812054,optimal
2021-02-11 01:30:00,5,22,0.5561530245656993,0.0,0.0,0.06,19.047,6.0,-18,19.48006518660017,,0.0,0.0,1390.3825614142484,0.0,40.06653722993824,optimal
2021-02-11 02:00:00,5,22,2.8000000000000003,0.0,0.0,0.06,18.858,6.0,-18,19.41000031573467,,5116.049228080916,0.0,1883.9507719190851,0.0,40.0264706927083,optimal
2021-02-11 02:30:00,5,22,0.0,0.0,0.0,0.06,19.2675,6.0,-18,19.47309865435068,,0.0,0.0,0.0,0.0,39.98644422201559,optimal
2021-02-11 03:00:00,5,22,2.8,0.0,0.0,0.06,18.963,6.0,-18,19.402732814739185,,7000.0,0.0,0.0,0.0,39.946457777793576,optimal
2021-02-11 03:30:00,5,22,2.8,0.0,0.0,0.06,18.438,6.0,-18,19.514160642530538,,7000.0,0.0,0.0,0.0,39.90651132001578,optimal
2021-02-11 04:00:00,5,22,2.8,0.0,0.0,0.06,18.7425,6.0,-18,19.626036759458138,,7000.0,0.0,0.0,0.0,39.86660480869577,optimal
2021-02-11 04:30:00,5,22,2.8,0.0,5.0,0.06,15.2145,6.0,-18,19.738359715280236,,7000.0,0.0,0.0,0.0,42.201738203887075,optimal
2021-02-11 05:00:00,5,22,2.8,0.0,0.0,0.06,17.7765,6.0,-18,19.85031929972666,,7000.0,0.0,0.0,0.0,42.15953646568319,optimal
2021-02-11 05:30:00,5,22,2.8,0.0,2.673214820240521,0.06,16.758,6.0,-18,19.961916688325196,,7000.0,0.0,0.0,0.0,43.38715396883175,optimal
2021-02-11 06:00:00,5,22,2.8,0.0,5.0,0.06,16.422,6.0,-18,20.073961817520786,,7000.0,0.0,0.0,0.0,45.71876681486292,optimal
2021-02-11 06:30:00,5,22,2.8,0.0,5.0,0.06,16.758,6.0,-18,20.186453238846234,,7000.0,0.0,0.0,0.0,48.048048048048045,optimal
2021-02-11 07:00:00,5,22,0.0,0.0,0.0,0.2361,29.358,6.0,-18,20.299389508520218,,0.0,0.0,0.0,0.0,48.0,optimal
2021-02-11 07:30:00,5,22,0.0,0.0,0.0,0.068,34.9965,6.0,-18,20.244912862521797,,0.0,0.0,0.0,0.0,47.679718163693245,optimal
2021-02-11 08:00:00,5,22,0.0,0.0,0.0,1.5714333333333335,34.65,6.0,-18,20.180279178417397,,0.0,0.0,0.0,0.0,47.3597566092228,optimal
2021-02-11 08:30:00,5,22,0.0,0.0,0.0,0.1757,34.9965,6.0,-18,20.14742872100554,,0.0,0.0,0.0,0.0,47.04011501630682,optimal
2021-02-11 09:00:00,5,22,0.0,0.0,0.0,0.3888333333333333,34.9965,6.0,-18,20.083732434246897,,0.0,0.0,0.0,0.0,46.72079306498376,optimal
2021-02-11 09:30:00,5,22,0.0,0.0,0.0,1.2511333333333334,30.4815,6.0,-18,20.03526003657668,,0.0,0.0,0.0,0.0,46.40179043561202,optimal
2021-02-11 10:00:00,5,22,0.0,0.0,0.0,0.3897,21.4305,6.0,-18,20.01030235325893,,0.0,0.0,0.0,0.0,46.08310680886966,optimal
2021-02-11 10:30:00,5,22,0.21880649066953634,0.0,0.0,0.3736666666666667,14.3325,6.0,-18,20.0,,477.3495600071742,0.0,69.66666666666666,0.0,45.76474186575403,optimal
2021-02-11 11:00:00,5,22,0.11146666666666666,0.0,0.0,0.3193666666666667,13.692,6.0,-18,20.0,,0.0,0.0,278.66666666666663,0.0,45.44669528758153,optimal
2021-02-11 11:30:00,5,22,0.0,0.0,0.0,0.216,14.007,6.0,-18,20.000281331948027,,0.0,0.0,0.0,0.0,45.12896675598719,optimal
2021-02-11 12:00:00,5,22,0.05573333333333333,0.0,0.0,1.0298,12.873,6.0,-18,20.002120175003476,,0.0,0.0,139.33333333333331,0.0,44.81155595292445,optimal
2021-02-11 12:30:00,5,22,0.0836,0.0,0.0,1.0710666666666666,12.684,6.0,-18,20.026610105623796,,0.0,0.0,209.0,0.0,44.49446256066477,optimal
2021-02-11 13:00:00,5,22,0.0,0.0,0.0,0.2925,12.306,6.0,-18,20.046168488761438,,0.0,0.0,0.0,0.0,44.177686261797355,optimal
2021-02-11 13:30:00,5,22,0.9196,0.0,0.0,0.4218,10.6365,6.0,-18,20.05561151604954,,0.0,0.0,2299.0,0.0,43.861226739228805,optimal
2021-02-11 14:00:00,5,22,0.0,0.0,0.0,0.6504666666666667,11.2455,6.0,-18,20.072395806597136,,0.0,0.0,0.0,0.0,43.54508367618282,optimal
2021-02-11 14:30:00,5,22,0.0,0.0,0.0,1.2935666666666665,11.2455,6.0,-18,20.093257300303005,,0.0,0.0,0.0,0.0,43.22925675619988,optimal
2021-02-11 15:00:00,5,22,0.0,0.0,0.0,0.13853333333333334,11.025,6.0,-18,20.127166009498012,,0.0,0.0,0.0,0.0,42.91374566313693,optimal
2021-02-11 15:30:00,5,22,0.0,0.0,0.0,0.13553333333333334,12.0855,6.0,-18,20.12712215476356,,0.0,0.0,0.0,0.0,42.59855008116704,optimal
2021-02-11 16:00:00,5,22,0.0,0.0,0.0,0.21309999999999998,11.6865,6.0,-18,20.125043633886666,,0.0,0.0,0.0,0.0,42.28366969477912,optimal
2021-02-11 16:30:00,5,22,0.0,0.0,0.0,0.22513333333333332,11.2245,6.0,-18,20.107328571400586,,0.0,0.0,0.0,0.0,41.969104188777585,optimal
2021-02-11 17:00:00,5,22,0.0,0.0,0.0,0.3851,11.025,6.0,-18,20.08278454576816,,0.0,0.0,0.0,0.0,41.65485324828205,optimal
2021-02-11 17:30:00,5,22,1.0297916624725,0.0,0.0,0.207,10.7835,6.0,-18,20.037069246886023,,2574.4791561812503,0.0,0.0,0.0,41.34091655872702,optimal
2021-02-11 18:00:00,5,22,0.0,0.0,0.0,0.21646666666666667,11.025,6.0,-18,20.051258279454668,,0.0,0.0,0.0,0.0,41.02729380586154,optimal
2021-02-11 18:30:00,5,22,1.729356639361964,0.0,0.0,0.16026666666666667,10.584,6.0,-18,20.0,,4184.058265071577,0.0,139.33333333333331,0.0,40.713984675748925,optimal
2021-02-11 19:00:00,5,22,0.0,0.0,0.0,0.18616666666666662,11.025,6.0,-18,20.057604708799808,,0.0,0.0,0.0,0.0,40.400988854766425,optimal
2021-02-11 19:30:00,5,22,2.286418581345211,0.0,0.0,0.08746666666666666,10.4265,6.0,-18,20.0,,5228.3797866963605,0.0,487.6666666666667,0.0,40.08830602960491,optimal
2021-02-11 20:00:00,5,22,0.0,0.0,0.0,0.07759999999999999,12.789,6.0,-18,20.070404405997074,,0.0,0.0,0.0,0.0,39.77593588726855,optimal
2021-02-11 20:30:00,5,22,0.0,0.0,0.0,0.08293333333333333,12.684,6.0,-18,20.0,,0.0,0.0,0.0,0.0,39.46387811507453,optimal
2021-02-11 21:00:00,5,22,0.0,0.0,0.0,0.10640000000000001,16.254,6.0,-18,19.93106410523386,,0.0,0.0,0.0,0.0,39.152132400652704,optimal
2021-02-11 21:30:00,5,22,0.0,0.0,0.0,0.13543333333333335,17.64,6.0,-18,19.861874414077374,,0.0,0.0,0.0,0.0,38.8406984319453,optimal
2021-02-11 22:00:00,5,22,0.0,0.0,0.0,0.207,19.1625,6.0,-18,19.7926125603285,,0.0,0.0,0.0,0.0,38.5295758972066,optimal
2021-02-11 22:30:00,5,22,0.0,0.0,0.0,0.44523333333333337,26.46,6.0,-18,19.726029640129124,,0.0,0.0,0.0,0.0,38.49104632130939,optimal
2021-02-11 23:00:00,5,22,0.0,0.0,0.0,0.068,20.79,6.0,-18,19.665197610325045,,0.0,0.0,0.0,0.0,38.45255527498808,optimal
2021-02-11 23:30:00,5,22,0.0,0.0,0.0,0.1772,29.106,6.0,-18,19.592057889072674,,0.0,0.0,0.0,0.0,38.41410271971309,optimal
2021-02-12 00:00:00,5,22,2.8,0.0,0.0,0.059,10.8045,6.0,-4,19.592057889072674,,7000.0,0.0,0.0,0.0,38.37568861699338,optimal
2021-02-12 00:30:00,5,22,2.8,0.0,5.0,0.059,10.059,6.0,-4,19.692495066465202,,0.0,0.0,7000.0,0.0,40.712312928376384,optimal
2021-02-12 01:00:00,5,22,2.8,0.0,1.9261439711939494,0.059,10.584,6.0,-4,19.610717788018537,,6754.666666666667,0.0,245.33333333333334,0.0,41.58651900176513,optimal
2021-02-12 01:30:00,5,22,2.8,0.0,5.0,0.059,9.4185,6.0,-4,19.704719804384837,,7000.0,0.0,0.0,0.0,43.919932482763365,optimal
2021-02-12 02:00:00,5,22,2.8,0.0,5.0,0.059,10.3635,6.0,-4,19.805116019735795,,7000.0,0.0,0.0,0.0,46.25101255028059,optimal
2021-02-12 02:30:00,5,22,2.8,0.0,5.0,0.059,9.8385,6.0,-4,19.905510953306763,,7000.0,0.0,0.0,0.0,48.579761537730306,optimal
2021-02-12 03:00:00,5,22,2.8,0.0,0.0,0.059,11.067,6.0,-4,20.006551621020403,,7000.0,0.0,0.0,0.0,48.53118177619257,optimal
2021-02-12 03:30:00,5,22,2.8,0.0,0.0,0.059,10.8465,6.0,-4,20.10823593388875,,7000.0,0.0,0.0,0.0,48.48265059441637,optimal
2021-02-12 04:00:00,5,22,0.0,0.0,0.0,0.059,13.671,6.0,-4,20.211855833233887,,0.0,0.0,0.0,0.0,48.434167943821954,optimal
2021-02-12 04:30:00,5,22,2.8,0.0,0.0,0.059,12.348,6.0,-4,20.13551552166302,,7000.0,0.0,0.0,0.0,48.38573377587813,optimal
2021-02-12 05:00:00,5,22,0.0,0.0,0.0,0.059,14.3325,6.0,-4,20.243576252367692,,0.0,0.0,0.0,0.0,48.33734804210225,optimal
2021-02-12 05:30:00,5,22,0.0,0.0,0.0,0.059,15.393,6.0,-4,20.17166240580544,,0.0,0.0,0.0,0.0,48.289010694060146,optimal
2021-02-12 06:00:00,5,22,2.787559092975143,0.0,0.0,0.13413333333333333,13.587,6.0,-4,20.102569251875234,,6968.8977324378575,0.0,0.0,0.0,48.240721683366075,optimal
2021-02-12 06:30:00,5,22,0.0,0.0,0.0,0.2849,16.1385,6.0,-4,20.2205671707046,,0.0,0.0,0.0,0.0,48.192480961682705,optimal
2021-02-12 07:00:00,5,22,0.0,0.0,0.0,0.067,14.595,6.0,-4,20.164723425548726,,0.0,0.0,0.0,0.0,48.144288480721016,optimal
2021-02-12 07:30:00,5,22,0.0,0.0,0.0,0.067,14.637,6.0,-4,20.10487281037212,,0.0,0.0,0.0,0.0,48.096144192240295,optimal
2021-02-12 08:00:00,5,22,0.0,0.0,0.0,0.255,13.9125,6.0,-4,20.049042836693246,,0.0,0.0,0.0,0.0,48.048048048048045,optimal
2021-02-12 08:30:00,5,22,0.7605211241237869,0.0,0.0,0.3611666666666667,13.3665,6.0,-4,20.0,,1901.302810309467,0.0,0.0,0.0,48.0,optimal
2021-02-12 09:00:00,5,22,0.832023784884534,0.0,0.0,0.192,13.0095,6.0,-4,20.0,,2080.059462211335,0.0,0.0,0.0,47.63414327115282,optimal
2021-02-12 09:30:00,5,22,0.0,0.0,0.0,4.407033333333334,13.8915,6.0,-4,20.01050333205749,,0.0,0.0,0.0,0.0,47.268652399034494,optimal
2021-02-12 10:00:00,5,22,0.0,0.0,0.0,2.8285,13.188,6.0,-4,20.00856597919844,,0.0,0.0,0.0,0.0,46.903527017788285,optimal
2021-02-12 10:30:00,5,22,0.3082642626890448,0.0,0.0,0.6139666666666667,12.5685,6.0,-4,20.0,,770.6606567226119,0.0,0.0,0.0,46.53876676192332,optimal
2021-02-12 11:00:00,5,22,0.0,0.0,0.0,0.2768,12.285,6.0,-4,20.0,,0.0,0.0,0.0,0.0,46.17437126631422,optimal
2021-02-12 11:30:00,5,22,0.11146666666666666,0.0,0.0,2.666866666666667,11.487,6.0,-4,20.00066035998053,,0.0,0.0,278.66666666666663,0.0,45.81034016620073,optimal
2021-02-12 12:00:00,5,22,0.0,0.0,0.0,2.859,11.802,6.0,-4,20.012461267711426,,0.0,0.0,0.0,0.0,45.44667309718736,optimal
2021-02-12 12:30:00,5,22,1.1300555749132541,0.0,0.0,0.5064,11.2245,6.0,-4,20.03153837356302,,1501.4722706164682,0.0,1323.6666666666667,0.0,45.08336969524299,optimal
2021-02-12 13:00:00,5,22,2.8,0.0,0.0,0.30146666666666666,11.025,6.0,-4,20.080380979537136,,7000.0,0.0,0.0,0.0,44.720429596700576,optimal
2021-02-12 13:30:00,5,22,0.0,0.0,0.0,0.2347333333333333,11.907,6.0,-4,20.270342822056865,,0.0,0.0,0.0,0.0,44.3578524382567,optimal
2021-02-12 14:00:00,5,22,0.0,0.0,0.0,0.322,25.83,6.0,-4,20.27480763981555,,0.0,0.0,0.0,0.0,43.995637856971264,optimal
2021-02-12 14:30:00,5,22,0.0,0.0,0.0,0.332,28.035,6.0,-4,20.27628046512104,,0.0,0.0,0.0,0.0,43.633785490267115,optimal
2021-02-12 15:00:00,5,22,0.0,0.0,0.0,0.337,28.119,6.0,-4,20.279356513502478,,0.0,0.0,0.0,0.0,43.272294975929675,optimal
2021-02-12 15:30:00,5,22,0.0,0.0,0.0,1.2666,30.156,6.0,-4,20.275249787540364,,0.0,0.0,0.0,0.0,42.91116595210657,optimal
2021-02-12 16:00:00,5,22,0.0,0.0,0.0,0.4056666666666667,29.1585,6.0,-4,20.275897207676255,,0.0,0.0,0.0,0.0,42.55039805730729,optimal
2021-02-12 16:30:00,5,22,0.0,0.0,0.0,0.15566666666666665,26.712,6.0,-4,20.25595996247188,,0.0,0.0,0.0,0.0,42.18999093040281,optimal
2021-02-12 17:00:00,5,22,0.0,0.0,0.0,0.067,15.435,6.0,-4,20.232258433633866,,0.0,0.0,0.0,0.0,41.82994421062523,optimal
2021-02-12 17:30:00,5,22,0.0,0.0,0.0,0.067,13.566,6.0,-4,20.186449563545057,,0.0,0.0,0.0,0.0,41.47025753756743,optimal
2021-02-12 18:00:00,5,22,0.0,0.0,0.0,0.067,12.789,6.0,-4,20.144059865641037,,0.0,0.0,0.0,0.0,41.11093055118268,optimal
2021-02-12 18:30:00,5,22,0.0,0.0,0.0,0.09183333333333331,12.1275,6.0,-4,20.094756007108078,,0.0,0.0,0.0,0.0,40.75196289178432,optimal
2021-02-12 19:00:00,5,22,0.0,0.0,0.0,0.2935,13.671,6.0,-4,20.044172339063653,,0.0,0.0,0.0,0.0,40.393354200045366,optimal
2021-02-12 19:30:00,5,22,2.8,0.0,0.0,0.32666666666666666,10.668,6.0,-4,20.0,,3652.3714200339946,0.0,3347.628579966006,0.0,40.03510411699814,optimal
2021-02-12 20:00:00,5,22,0.0,0.0,0.0,0.2263,11.7285,6.0,-4,20.046995568047933,,0.0,0.0,0.0,0.0,39.995069012881146,optimal
2021-02-12 20:30:00,5,22,0.0,0.0,0.0,0.19066666666666662,11.025,6.0,-4,20.0,,0.0,0.0,0.0,0.0,39.955073943868264,optimal
2021-02-12 21:00:00,5,22,0.05428190134693082,0.0,0.0,0.1819333333333333,10.689,6.0,-4,19.951360735752413,,0.0,0.0,135.70475336732704,0.0,39.9151188699244,optimal
2021-02-12 21:30:00,5,22,0.0,0.0,0.0,0.112,8.1585,6.0,-4,19.911555599309747,,0.0,0.0,0.0,0.0,39.87520375105447,optimal
2021-02-12 22:00:00,5,22,0.0,0.0,0.0,0.19906666666666664,10.3635,6.0,-4,19.864559264871204,,0.0,0.0,0.0,0.0,39.83532854730342,optimal
2021-02-12 22:30:00,5,22,0.0,0.0,0.0,0.11083333333333331,10.8045,6.0,-4,19.819853252239863,,0.0,0.0,0.0,0.0,39.795493218756114,optimal
2021-02-12 23:00:00,5,22,0.0,0.0,0.0,0.069,11.025,6.0,-4,19.77535509445884,,0.0,0.0,0.0,0.0,39.75569772553736,optimal
2021-02-12 23:30:00,5,22,0.0,0.0,0.0,0.069,10.3635,6.0,-4,19.714661147551812,,0.0,0.0,0.0,0.0,39.71594202781182,optimal
2021-02-13 00:00:00,5,22,2.8,0.0,4.3777738969994795,0.10909999999999999,8.1585,6.0,-3,19.714661147551812,,7000.0,0.0,0.0,0.0,41.75566868685876,optimal
2021-02-13 00:30:00,5,22,2.8,0.0,0.0,0.13269999999999998,9.4815,6.0,-3,19.837388673669377,,0.0,0.0,7000.0,0.0,41.713913018171894,optimal
2021-02-13 01:00:00,5,22,2.8,0.0,0.0,0.24113333333333334,8.379,6.0,-3,19.778604613878528,,6476.0,0.0,524.0,0.0,41.672199105153716,optimal
2021-02-13 01:30:00,5,22,2.8,0.0,0.0,0.056,9.5235,6.0,-3,19.89126383714942,,7000.0,0.0,0.0,0.0,41.63052690604856,optimal
2021-02-13 02:00:00,5,22,2.8,0.0,5.0,0.32130000000000003,8.1375,6.0,-3,20.012525539950715,,7000.0,0.0,0.0,0.0,43.963896379142504,optimal
2021-02-13 02:30:00,5,22,0.0,0.0,0.0,0.10563333333333334,10.0905,6.0,-3,20.140450320348933,,0.0,0.0,0.0,0.0,43.919932482763365,optimal
2021-02-13 03:00:00,5,22,2.8,0.0,5.0,0.12090000000000001,7.539,6.0,-3,20.080467790914245,,7000.0,0.0,0.0,0.0,46.25101255028059,optimal
2021-02-13 03:30:00,5,22,2.8,0.0,5.0,0.2147,7.938,6.0,-3,20.202965536566488,,7000.0,0.0,0.0,0.0,48.579761537730306,optimal
2021-02-13 04:00:00,5,22,2.8,0.0,0.0,0.10833333333333331,8.274,6.0,-3,20.327342561632655,,7000.0,0.0,0.0,0.0,48.53118177619257,optimal
2021-02-13 04:30:00,5,22,2.8,0.0,0.0,0.2248,9.261,6.0,-3,20.448391611954055,,7000.0,0.0,0.0,0.0,48.48265059441637,optimal
2021-02-13 05:00:00,5,22,0.8872208685563084,0.0,0.0,0.14980000000000002,9.9225,6.0,-3,20.571751850999327,,2218.052171390771,0.0,0.0,0.0,48.434167943821954,optimal
2021-02-13 05:30:00,5,22,2.8,0.0,0.0,0.09140000000000001,9.702,6.0,-3,20.56818550862639,,7000.0,0.0,0.0,0.0,48.38573377587813,optimal
2021-02-13 06:00:00,5,22,0.0,0.0,0.0,0.1638,10.584,6.0,-3,20.687044900721183,,0.0,0.0,0.0,0.0,48.33734804210225,optimal
2021-02-13 06:30:00,5,22,0.0,0.0,0.0,0.1364,10.143,6.0,-3,20.62518799162259,,0.0,0.0,0.0,0.0,48.289010694060146,optimal
2021-02-13 07:00:00,5,22,0.0,0.0,0.0,0.2422333333333333,13.0095,6.0,-3,20.562657472712065,,0.0,0.0,0.0,0.0,48.240721683366075,optimal
2021-02-13 07:30:00,5,22,0.0,0.0,0.0,0.2039,11.025,6.0,-3,20.507046553006546,,0.0,0.0,0.0,0.0,48.192480961682705,optimal
2021-02-13 08:00:00,5,22,0.0,0.0,0.0,0.37360000000000004,12.789,6.0,-3,20.455215260554024,,0.0,0.0,0.0,0.0,48.144288480721016,optimal
2021-02-13 08:30:00,5,22,0.0,0.0,0.0,0.9362999999999999,12.1275,6.0,-3,20.407785613385705,,0.0,0.0,0.0,0.0,48.096144192240295,optimal
2021-02-13 09:00:00,5,22,0.0,0.0,0.0,0.772,12.1695,6.0,-3,20.36896393386356,,0.0,0.0,0.0,0.0,48.048048048048045,optimal
2021-02-13 09:30:00,5,22,0.0,0.0,0.0,0.156,12.306,6.0,-3,20.3398111031334,,0.0,0.0,0.0,0.0,48.0,optimal
2021-02-13 10:00:00,5,22,0.0,0.0,0.0,0.19090000000000001,13.23,6.0,-3,20.298456120589098,,0.0,0.0,0.0,0.0,45.59626416348364,optimal
2021-02-13 10:30:00,5,22,0.0,0.0,0.0,0.2352,13.671,6.0,-3,20.27000799886281,,0.0,0.0,0.0,0.0,43.194932062803794,optimal
2021-02-13 11:00:00,5,22,0.0,0.0,0.0,0.47093333333333326,13.9335,6.0,-3,20.241154528397743,,0.0,0.0,0.0,0.0,40.79600129422463,optimal
2021-02-13 11:30:00,5,22,0.0,0.0,0.0,0.4336333333333333,13.293,6.0,-3,20.240782270652097,,0.0,0.0,0.0,0.0,38.399469456414046,optimal
2021-02-13 12:00:00,5,22,0.0,0.0,0.0,0.4185,12.1065,6.0,-3,20.240599820486207,,0.0,0.0,0.0,0.0,38.36106998695763,optimal
2021-02-13 12:30:00,5,22,0.0,0.0,0.0,0.4131,11.571,6.0,-3,20.249624215147946,,0.0,0.0,0.0,0.0,38.322708916970676,optimal
2021-02-13 13:00:00,5,22,0.0,0.0,0.0,0.23913333333333334,11.025,6.0,-3,20.26075575362166,,0.0,0.0,0.0,0.0,38.284386208053704,optimal
2021-02-13 13:30:00,5,22,0.0,0.0,0.0,0.2791,10.8465,6.0,-3,20.26929467283888,,0.0,0.0,0.0,0.0,38.24610182184565,optimal
2021-02-13 14:00:00,5,22,0.0,0.0,0.0,0.2005,11.2455,6.0,-3,20.280107739273095,,0.0,0.0,0.0,0.0,38.2078557200238,optimal
2021-02-13 14:30:00,5,22,0.0,0.0,0.0,0.41603333333333337,23.8665,6.0,-3,20.276465207246304,,0.0,0.0,0.0,0.0,38.169647864303776,optimal
2021-02-13 15:00:00,5,22,0.0,0.0,0.0,1.6501666666666668,27.4575,6.0,-3,20.27976315347938,,0.0,0.0,0.0,0.0,38.131478216439476,optimal
2021-02-13 15:30:00,5,22,0.0,0.0,0.0,1.1904333333333335,27.3735,6.0,-3,20.27932245162041,,0.0,0.0,0.0,0.0,38.09334673822303,optimal
2021-02-13 16:00:00,5,22,0.0,0.0,0.0,1.4067333333333332,30.4605,6.0,-3,20.28458333130644,,0.0,0.0,0.0,0.0,38.05525339148481,optimal
2021-02-13 16:30:00,5,22,0.0,0.0,0.0,1.5601666666666667,30.0195,6.0,-3,20.27436256106986,,0.0,0.0,0.0,0.0,38.01719813809333,optimal
2021-02-13 17:00:00,5,22,0.0,0.0,0.0,0.6277,26.9325,6.0,-3,20.26169180362289,,0.0,0.0,0.0,0.0,37.979180939955235,optimal
2021-02-13 17:30:00,5,22,0.0,0.0,0.0,0.39603333333333335,14.595,6.0,-3,20.231317734420152,,0.0,0.0,0.0,0.0,37.94120175901528,optimal
2021-02-13 18:00:00,5,22,0.0,0.0,0.0,0.3514,12.4845,6.0,-3,20.19788492872242,,0.0,0.0,0.0,0.0,37.90326055725626,optimal
2021-02-13 18:30:00,5,22,0.0,0.0,0.0,0.44676666666666665,12.1275,6.0,-3,20.153764888977214,,0.0,0.0,0.0,0.0,37.865357296699,optimal
2021-02-13 19:00:00,5,22,0.0,0.0,0.0,0.4203,12.1275,6.0,-3,20.11171842301507,,0.0,0.0,0.0,0.0,37.8274919394023,optimal
2021-02-13 19:30:00,5,22,0.0,0.0,0.0,0.3247,12.789,6.0,-3,20.07218488513539,,0.0,0.0,0.0,0.0,37.7896644474629,optimal
2021-02-13 20:00:00,5,22,0.0,0.0,0.0,0.3699333333333333,11.907,6.0,-3,20.03336258394682,,0.0,0.0,0.0,0.0,37.75187478301543,optimal
2021-02-13 20:30:00,5,22,0.0,0.0,0.0,0.6423,11.025,6.0,-3,20.0,,0.0,0.0,0.0,0.0,37.71412290823242,optimal
2021-02-13 21:00:00,5,22,0.2508,0.0,0.0,0.5342,8.2005,6.0,-3,19.972215890296678,,0.0,0.0,627.0,0.0,37.676408785324185,optimal
2021-02-13 21:30:00,5,22,0.0,0.0,0.0,0.6735333333333333,9.5655,6.0,-3,19.94387379062098,,0.0,0.0,0.0,0.0,37.63873237653886,optimal
2021-02-13 22:00:00,5,22,0.0,0.0,0.0,0.11320000000000001,7.056,6.0,-3,19.914106116251553,,0.0,0.0,0.0,0.0,37.601093644162326,optimal
2021-02-13 22:30:00,5,22,0.0,0.0,0.0,0.26293333333333335,9.3975,6.0,-3,19.85446908948913,,0.0,0.0,0.0,0.0,37.56349255051816,optimal
2021-02-13 23:00:00,5,22,0.0,0.0,0.0,0.184,10.059,6.0,-3,19.799077448745486,,0.0,0.0,0.0,0.0,37.525929057967645,optimal
2021-02-13 23:30:00,5,22,0.0,0.0,0.0,0.10436666666666666,9.261,6.0,-3,19.741975735115435,,0.0,0.0,0.0,0.0,37.488403128909674,optimal
2021-02-07 00:00:00,6,22,0.0,0.0,0.0,0.057,28.917,6.0,15,21.0,,0.0,0.0,0.0,0.0,47.952,optimal
2021-02-07 00:30:00,6,22,0.0,0.0,0.0,0.12179999999999999,31.3635,6.0,15,20.94597057900395,,0.0,0.0,0.0,0.0,47.904047999999996,optimal
2021-02-07 01:00:00,6,22,0.0,0.0,0.0,0.057,33.306,6.0,15,20.893476217893863,,0.0,0.0,0.0,0.0,47.856143952,optimal
2021-02-07 01:30:00,6,22,0.0,0.0,0.0,0.12179999999999999,31.3425,6.0,15,20.839144395829035,,0.0,0.0,0.0,0.0,47.80828780804799,optimal
2021-02-07 02:00:00,6,22,0.0,0.0,0.0,0.057,28.2555,6.0,15,20.786510364879437,,0.0,0.0,0.0,0.0,47.76047952023995,optimal
2021-02-07 02:30:00,6,22,0.0,0.0,0.0,0.12179999999999999,15.6975,6.0,15,20.73220107775926,,0.0,0.0,0.0,0.0,47.712719040719705,optimal
2021-02-07 03:00:00,6,22,0.0,0.0,0.0,0.057,12.5475,6.0,15,20.679427755908435,,0.0,0.0,0.0,0.0,47.66500632167899,optimal
2021-02-07 03:30:00,6,22,0.0,0.0,0.0,0.111,12.0855,6.0,15,20.62481787555729,,0.0,0.0,0.0,0.0,47.61734131535731,optimal
2021-02-07 04:00:00,6,22,0.0,0.0,0.0,0.0678,11.907,6.0,15,20.571626056287005,,0.0,0.0,0.0,0.0,47.56972397404195,optimal
2021-02-07 04:30:00,6,22,0.0,0.0,0.0,0.10740000000000001,12.5685,6.0,15,20.517322044462798,,0.0,0.0,0.0,0.0,47.522154250067906,optimal
2021-02-07 05:00:00,6,22,0.0,0.0,0.0,0.0714,13.146,6.0,15,20.4642226844017,,0.0,0.0,0.0,0.0,47.47463209581784,optimal
2021-02-07 05:30:00,6,22,0.0,0.0,0.0,0.11833333333333332,10.584,6.0,15,20.410359671999235,,0.0,0.0,0.0,0.0,47.42715746372202,optimal
2021-02-07 06:00:00,6,22,0.0,0.0,0.0,0.07046666666666666,6.678,6.0,15,20.357699884700782,,0.0,0.0,0.0,0.0,47.379730306258296,optimal
2021-02-07 06:30:00,6,22,0.0,0.0,0.0,0.057,7.938,6.0,15,20.30408793663766,,0.0,0.0,0.0,0.0,47.332350575952034,optimal
2021-02-07 07:00:00,6,22,0.7046872020525744,0.0,2.0120072799789424,0.1146,5.292,6.0,15,20.2502070438699,,1761.718005131436,0.0,0.0,0.0,48.240721683366075,optimal
2021-02-07 07:30:00,6,22,0.0,0.0,0.0,0.06646666666666667,9.261,6.0,15,20.24361226418518,,0.0,0.0,0.0,0.0,48.192480961682705,optimal
2021-02-07 08:00:00,6,22,0.0,0.0,0.0,0.3430666666666667,10.3635,6.0,15,20.191474802399515,,0.0,0.0,0.0,0.0,48.144288480721016,optimal
2021-02-07 08:30:00,6,22,0.0,0.0,0.0,0.13003333333333333,8.274,6.0,15,20.150869553577618,,0.0,0.0,0.0,0.0,48.096144192240295,optimal
2021-02-07 09:00:00,6,22,0.0,0.0,0.0,0.068,7.7175,6.0,15,20.10767446657362,,0.0,0.0,0.0,0.0,48.048048048048045,optimal
2021-02-07 09:30:00,6,22,0.0,0.0,0.0,1.3528666666666667,6.615,6.0,15,20.07113647780799,,0.0,0.0,0.0,0.0,48.0,optimal
2021-02-07 10:00:00,6,22,0.0,0.0,0.0,0.4595,6.174,6.0,15,20.04391333083777,,0.0,0.0,0.0,0.0,47.830296427085706,optimal
2021-02-07 10:30:00,6,22,0.7052331378022952,0.0,0.0,0.12933333333333336,3.906,6.0,15,20.0,,1763.082844505738,0.0,0.0,0.0,47.66076255774433,optimal
2021-02-07 11:00:00,6,22,0.5398168803170078,0.0,0.0,0.2174,2.3415,6.0,15,20.0,,1349.5422007925195,0.0,0.0,0.0,47.49139822227229,optimal
2021-02-07 11:30:00,6,22,0.5151155469837052,0.0,0.0,0.28463333333333335,2.205,6.0,15,20.0,,1287.7888674592632,0.0,0.0,0.0,47.322203251135726,optimal
2021-02-07 12:00:00,6,22,2.8,0.0,0.0,0.3826333333333333,0.882,6.0,15,20.0,,5676.333333333333,0.0,1323.6666666666667,0.0,47.1531774749703,optimal
2021-02-07 12:30:00,6,22,1.020705811013491,0.0,0.0,0.3209666666666666,1.5435,6.0,15,20.129569649357972,,2551.7645275337277,0.0,0.0,0.0,46.98432072458104,optimal
2021-02-07 13:00:00,6,22,2.8,0.0,0.0,0.5018333333333334,1.5435,6.0,15,20.1763700234893,,7000.0,0.0,0.0,0.0,46.815632830942164,optimal
2021-02-07 13:30:00,6,22,0.0,0.0,0.0,0.087,5.0715,6.0,15,20.337663993209237,,0.0,0.0,0.0,0.0,46.64711362519693,optimal
2021-02-07 14:00:00,6,22,0.0,0.0,0.0,0.12016666666666669,5.376,6.0,15,20.305929264388283,,0.0,0.0,0.0,0.0,46.47876293865744,optimal
2021-02-07 14:30:00,6,22,0.0,0.0,0.0,0.09066666666666669,5.0715,6.0,15,20.277681820581144,,0.0,0.0,0.0,0.0,46.31058060280449,optimal
2021-02-07 15:00:00,6,22,0.0,0.0,0.0,1.0216333333333332,5.5125,6.0,15,20.25124136818084,,0.0,0.0,0.0,0.0,46.14256644928739,optimal
2021-02-07 15:30:00,6,22,0.0,0.0,0.0,0.7636333333333333,9.261,6.0,15,20.23708024009777,,0.0,0.0,0.0,0.0,45.97472030992381,optimal
2021-02-07 16:00:00,6,22,0.0,0.0,0.0,1.4500666666666666,11.7075,6.0,15,20.223729679446123,,0.0,0.0,0.0,0.0,45.8070420166996,optimal
2021-02-07 16:30:00,6,22,0.0,0.0,0.0,1.3231333333333335,12.348,6.0,15,20.215404046958593,,0.0,0.0,0.0,0.0,45.63953140176861,optimal
2021-02-07 17:00:00,6,22,0.0,0.0,0.0,0.4143,12.348,6.0,15,20.20292046110858,,0.0,0.0,0.0,0.0,45.47218829745255,optimal
2021-02-07 17:30:00,6,22,0.0,0.0,0.0,0.3755,12.1275,6.0,15,20.16351460232654,,0.0,0.0,0.0,0.0,45.3050125362408,optimal
2021-02-07 18:00:00,6,22,0.0,0.0,0.0,0.3417,12.5265,6.0,15,20.124474155010077,,0.0,0.0,0.0,0.0,45.13800395079027,optimal
2021-02-07 18:30:00,6,22,0.0,0.0,0.0,0.15496666666666667,11.7495,6.0,15,20.082350777513593,,0.0,0.0,0.0,0.0,45.09286594683948,optimal
2021-02-07 19:00:00,6,22,0.0,0.0,0.0,2.2156666666666665,13.23,6.0,15,20.03952763054337,,0.0,0.0,0.0,0.0,45.04777308089264,optimal
2021-02-07 19:30:00,6,22,0.0,0.0,0.0,1.606,14.3325,6.0,15,20.03164329540509,,0.0,0.0,0.0,0.0,45.002725307811744,optimal
2021-02-07 20:00:00,6,22,0.0,0.0,0.0,2.4671999999999996,14.994,6.0,15,20.012391945410457,,0.0,0.0,0.0,0.0,44.95772258250393,optimal
2021-02-07 20:30:00,6,22,0.0,0.0,0.0,0.28813333333333335,14.8155,6.0,15,20.0,,0.0,0.0,0.0,0.0,44.91276485992143,optimal
2021-02-07 21:00:00,6,22,0.0,0.0,0.0,0.2318,14.112,6.0,15,19.962751187879242,,0.0,0.0,0.0,0.0,44.86785209506151,optimal
2021-02-07 21:30:00,6,22,0.0,0.0,0.0,1.6295666666666666,14.007,6.0,15,19.925550552758228,,0.0,0.0,0.0,0.0,44.82298424296645,optimal
2021-02-07 22:00:00,6,22,0.0,0.0,0.0,0.1072,13.23,6.0,15,19.905007314007847,,0.0,0.0,0.0,0.0,44.77816125872348,optimal
2021-02-07 22:30:00,6,22,0.0,0.0,0.0,0.2113333333333333,11.382,6.0,15,19.867570807083535,,0.0,0.0,0.0,0.0,44.73338309746475,optimal
2021-02-07 23:00:00,6,22,0.0,0.0,0.0,0.2653333333333333,11.7495,6.0,15,19.830596668877906,,0.0,0.0,0.0,0.0,44.68864971436729,optimal
2021-02-07 23:30:00,6,22,0.0,0.0,0.0,0.067,24.3285,6.0,15,19.795992377584685,,0.0,0.0,0.0,0.0,44.64396106465292,optimal
2021-02-08 00:00:00,6,22,0.0,0.0,0.0,0.06,29.1375,6.0,15,19.795992377584685,,0.0,0.0,0.0,0.0,44.59931710358827,optimal
2021-02-08 00:30:00,6,22,0.0,0.0,0.0,0.14536666666666667,30.597,6.0,15,19.741083356477212,,0.0,0.0,0.0,0.0,44.55471778648468,optimal
2021-02-08 01:00:00,6,22,0.0,0.0,0.0,0.1737,33.684,6.0,15,19.688570155480438,,0.0,0.0,0.0,0.0,44.5101630686982,optimal
2021-02-08 01:30:00,6,22,0.0,0.0,0.0,0.09283333333333331,32.445,6.0,15,19.63696305732996,,0.0,0.0,0.0,0.0,44.4656529056295,optimal
2021-02-08 02:00:00,6,22,0.0,0.0,0.0,0.40513333333333335,28.917,6.0,15,19.58325990102947,,0.0,0.0,0.0,0.0,44.42118725272387,optimal
2021-02-08 02:30:00,6,22,0.05573333333333333,0.0,0.0,0.06709999999999999,15.876,6.0,15,19.542533983987383,,0.0,0.0,139.33333333333331,0.0,44.376766065471145,optimal
2021-02-08 03:00:00,6,22,0.0,0.0,0.0,1.9204666666666668,12.348,6.0,15,19.4946692177457,,0.0,0.0,0.0,0.0,44.332389299405676,optimal
2021-02-08 03:30:00,6,22,0.027866666666666665,0.0,0.0,0.09616666666666669,12.1275,6.0,15,19.453258262560343,,0.0,0.0,69.66666666666666,0.0,44.28805691010627,optimal
2021-02-08 04:00:00,6,22,0.0,0.0,0.0,0.16803333333333334,12.348,6.0,15,19.4001494020875,,0.0,0.0,0.0,0.0,44.243768853196165,optimal
2021-02-08 04:30:00,6,22,0.0,0.0,0.0,0.16303333333333334,12.1275,6.0,15,19.34874477006488,,0.0,0.0,0.0,0.0,44.199525084342966,optimal
2021-02-08 05:00:00,6,22,1.7043482674517867,0.0,0.0,0.06,12.1275,6.0,15,19.297260881823686,,4260.870668629467,0.0,0.0,0.0,44.15532555925862,optimal
2021-02-08 05:30:00,6,22,2.8,0.0,0.0,0.20446666666666666,11.2665,6.0,15,19.353710167007733,,7000.0,0.0,0.0,0.0,44.11117023369936,optimal
2021-02-08 06:00:00,6,22,2.8,0.0,0.0,0.06333333333333334,10.143,6.0,15,19.484743073501335,,7000.0,0.0,0.0,0.0,44.06705906346566,optimal
2021-02-08 06:30:00,6,22,2.8,0.0,0.0,0.07,11.2455,6.0,15,19.611436474323494,,7000.0,0.0,0.0,0.0,44.0229920044022,optimal
2021-02-08 07:00:00,6,22,2.8,0.0,0.0,0.24046666666666666,11.025,6.0,15,19.737558261590255,,7000.0,0.0,0.0,0.0,43.9789690123978,optimal
2021-02-08 07:30:00,6,22,2.8,0.0,5.0,0.41036666666666666,5.9745,6.0,15,19.867652326052674,,7000.0,0.0,0.0,0.0,46.3099900433854,optimal
2021-02-08 08:00:00,6,22,1.5922793833308202,0.0,3.655410414016812,1.7426666666666668,7.938,6.0,15,20.0,,3353.69845832705,0.0,627.0,0.0,48.0,optimal
2021-02-08 08:30:00,6,22,0.0,0.0,0.0,1.7957333333333332,8.6835,6.0,15,20.045135818974472,,0.0,0.0,0.0,0.0,47.86004063413783,optimal
2021-02-08 09:00:00,6,22,0.7879520778039706,0.0,0.0,0.10246666666666668,7.665,6.0,15,20.0,,1969.8801945099265,0.0,0.0,0.0,47.720221227641524,optimal
2021-02-08 09:30:00,6,22,2.1002682973869367,0.0,0.0,0.13443333333333335,6.7725,6.0,15,20.0,,1807.23839179487,0.0,3443.4323516724726,0.0,47.580541640551715,optimal
2021-02-08 10:00:00,6,22,2.8,0.0,0.0,2.0098,5.5755,6.0,15,20.0,,835.889765186694,0.0,6164.110234813306,0.0,47.441001733049,optimal
2021-02-08 10:30:00,6,22,2.8,0.0,0.0,0.35856666666666664,5.0925,6.0,15,20.0,,6296.875919819113,0.0,703.1240801808872,0.0,47.301601365453784,optimal
2021-02-08 11:00:00,6,22,2.8,0.0,0.0,0.3248666666666667,4.1895,6.0,15,20.1359639268095,,7000.0,0.0,0.0,0.0,47.16234039822616,optimal
2021-02-08 11:30:00,6,22,0.0,0.0,0.0,0.349,7.056,6.0,15,20.30914876280996,,0.0,0.0,0.0,0.0,47.02321869196577,optimal
2021-02-08 12:00:00,6,22,2.8,0.0,0.0,1.2101,5.271,6.0,15,20.301899051809993,,7000.0,0.0,0.0,0.0,46.88423610741164,optimal
2021-02-08 12:30:00,6,22,0.0,0.0,0.0,1.1032,7.938,6.0,15,20.48241966998439,,0.0,0.0,0.0,0.0,46.74539250544206,optimal
2021-02-08 13:00:00,6,22,0.0,0.0,0.0,0.31306666666666666,7.938,6.0,15,20.48204036671244,,0.0,0.0,0.0,0.0,46.60668774707445,optimal
2021-02-08 13:30:00,6,22,0.0,0.0,0.0,0.1316,11.907,6.0,15,20.47918012090218,,0.0,0.0,0.0,0.0,46.468121693465214,optimal
2021-02-08 14:00:00,6,22,0.0,0.0,0.0,0.2079333333333333,11.025,6.0,15,20.46633776509052,,0.0,0.0,0.0,0.0,46.32969420590958,optimal
2021-02-08 14:30:00,6,22,0.0,0.0,0.0,0.07,11.2875,6.0,15,20.453764646157218,,0.0,0.0,0.0,0.0,46.19140514584151,optimal
2021-02-08 15:00:00,6,22,0.0,0.0,0.0,0.21446666666666667,12.936,6.0,15,20.437162853178865,,0.0,0.0,0.0,0.0,46.0532543748335,optimal
2021-02-08 15:30:00,6,22,0.0,0.0,0.0,0.12459999999999999,13.0095,6.0,15,20.41244131040763,,0.0,0.0,0.0,0.0,45.9152417545965,optimal
2021-02-08 16:00:00,6,22,0.0,0.0,0.0,0.1685,13.671,6.0,15,20.385626381045302,,0.0,0.0,0.0,0.0,45.777367146979735,optimal
2021-02-08 16:30:00,6,22,0.0,0.0,0.0,0.17056666666666667,13.188,6.0,15,20.346579168901716,,0.0,0.0,0.0,0.0,45.639630413970586,optimal
2021-02-08 17:00:00,6,22,0.0,0.0,0.0,0.12096666666666668,13.8495,6.0,15,20.30722671867655,,0.0,0.0,0.0,0.0,45.50203141769445,optimal
2021-02-08 17:30:00,6,22,0.0,0.0,0.0,0.3086666666666667,13.23,6.0,15,20.25297113636115,,0.0,0.0,0.0,0.0,45.45652938627675,optimal
2021-02-08 18:00:00,6,22,0.0,0.0,0.0,1.1709333333333334,13.3665,6.0,15,20.212033887497796,,0.0,0.0,0.0,0.0,45.41107285689047,optimal
2021-02-08 18:30:00,6,22,0.0,0.0,0.0,3.015333333333333,13.0515,6.0,15,20.165620889629043,,0.0,0.0,0.0,0.0,45.36566178403358,optimal
2021-02-08 19:00:00,6,22,0.0,0.0,0.0,1.9210333333333334,13.5345,6.0,15,20.125055125125552,,0.0,0.0,0.0,0.0,45.320296122249545,optimal
2021-02-08 19:30:00,6,22,0.0,0.0,0.0,2.5375666666666667,14.154,6.0,15,20.087105162187157,,0.0,0.0,0.0,0.0,45.274975826127296,optimal
2021-02-08 20:00:00,6,22,0.0,0.0,0.0,0.5872333333333334,14.112,6.0,15,20.047506232079865,,0.0,0.0,0.0,0.0,45.22970085030117,optimal
2021-02-08 20:30:00,6,22,0.0,0.0,0.0,0.29919999999999997,14.2485,6.0,15,20.0,,0.0,0.0,0.0,0.0,45.18447114945087,optimal
2021-02-08 21:00:00,6,22,0.0,0.0,0.0,0.49310000000000004,12.789,6.0,15,19.95222148305165,,0.0,0.0,0.0,0.0,45.13928667830142,optimal
2021-02-08 21:30:00,6,22,0.0,0.0,0.0,0.23246666666666665,13.0095,6.0,15,19.909502917610624,,0.0,0.0,0.0,0.0,45.09414739162312,optimal
2021-02-08 22:00:00,6,22,0.0,0.0,0.0,1.626766666666667,12.1275,6.0,15,19.85971734528041,,0.0,0.0,0.0,0.0,45.049053244231494,optimal
2021-02-08 22:30:00,6,22,0.0,0.0,0.0,0.07,12.348,6.0,15,19.818658403740532,,0.0,0.0,0.0,0.0,45.00400419098726,optimal
2021-02-08 23:00:00,6,22,0.0,0.0,0.0,0.1443,12.348,6.0,15,19.75906708811587,,0.0,0.0,0.0,0.0,44.959000186796274,optimal
2021-02-08 23:30:00,6,22,0.0,0.0,0.0,0.1931,25.389,6.0,15,19.701437428461894,,0.0,0.0,0.0,0.0,44.91404118660948,optimal
2021-02-09 00:00:00,6,22,2.8,0.0,5.0,0.052,13.23,6.0,-13,19.701437428461894,,7000.0,0.0,0.0,0.0,47.24412714542287,optimal
2021-02-09 00:30:00,6,22,2.8,0.0,0.0,0.1899,13.9755,6.0,-13,19.825622596045207,,3255.841853345833,0.0,3744.158146654167,0.0,47.19688301827745,optimal
2021-02-09 01:00:00,6,22,0.0,0.0,0.0,0.11676666666666669,14.994,6.0,-13,19.855861967421546,,0.0,0.0,0.0,0.0,47.14968613525917,optimal
2021-02-09 01:30:00,6,22,2.8,0.0,2.3961794405098367,0.07826666666666666,13.671,6.0,-13,19.799664444035376,,7000.0,0.0,0.0,0.0,48.240721683366075,optimal
2021-02-09 02:00:00,6,22,0.0,0.0,0.0,0.1702,15.981,6.0,-13,19.924214360268724,,0.0,0.0,0.0,0.0,48.192480961682705,optimal
2021-02-09 02:30:00,6,22,0.0,0.0,0.0,0.052,15.6345,6.0,-13,19.868537124546574,,0.0,0.0,0.0,0.0,48.144288480721016,optimal
2021-02-09 03:00:00,6,22,0.0,0.0,0.0,0.2385,16.5375,6.0,-13,19.810130426173618,,0.0,0.0,0.0,0.0,48.096144192240295,optimal
2021-02-09 03:30:00,6,22,0.0,0.0,0.0,0.06816666666666667,14.7735,6.0,-13,19.756920486767182,,0.0,0.0,0.0,0.0,48.048048048048045,optimal
2021-02-09 04:00:00,6,22,0.0,0.0,0.0,0.22343333333333332,15.2145,6.0,-13,19.699780211834774,,0.0,0.0,0.0,0.0,48.0,optimal
2021-02-09 04:30:00,6,22,0.0,0.0,0.0,0.45380000000000004,14.553,6.0,-13,19.647728446680176,,0.0,0.0,0.0,0.0,47.87711839100086,optimal
2021-02-09 05:00:00,6,22,2.8,0.0,0.0,0.321,14.3325,6.0,-13,19.60079376427476,,7000.0,0.0,0.0,0.0,47.75435966361073,optimal
2021-02-09 05:30:00,6,22,0.16254795429810467,0.0,0.0,0.3758,14.595,6.0,-13,19.733856792776074,,406.36988574526174,0.0,0.0,0.0,47.63172369494798,optimal
2021-02-09 06:00:00,6,22,0.0,0.0,0.0,0.1102,14.994,6.0,-13,19.69630146266133,,0.0,0.0,0.0,0.0,47.509210362253896,optimal
2021-02-09 06:30:00,6,22,2.8,0.0,0.0,0.13736666666666666,14.3325,6.0,-13,19.635760642451974,,7000.0,0.0,0.0,0.0,47.3868195428925,optimal
2021-02-09 07:00:00,6,22,2.8,0.0,0.0,0.1763,13.8915,6.0,-13,19.757849362699694,,7000.0,0.0,0.0,0.0,47.264551114350475,optimal
2021-02-09 07:30:00,6,22,2.8,0.0,0.0,0.10796666666666668,13.8915,6.0,-13,19.880211128543653,,7000.0,0.0,0.0,0.0,47.14240495423699,optimal
2021-02-09 08:00:00,6,22,2.8,0.0,0.0,0.1535,13.4715,6.0,-13,20.0,,2357.7786082376015,0.0,4642.2213917623985,0.0,47.020380940283616,optimal
2021-02-09 08:30:00,6,22,2.8,0.0,0.0,0.47883333333333333,13.23,6.0,-13,20.0,,1592.7034721893172,0.0,5407.296527810683,0.0,46.8984789503442,optimal
2021-02-09 09:00:00,6,22,2.8,0.0,0.0,0.24066666666666664,13.8915,6.0,-13,20.0,,4561.342732893915,0.0,2438.657267106085,0.0,46.77669886239472,optimal
2021-02-09 09:30:00,6,22,0.0,0.0,0.0,0.4374333333333333,26.9325,6.0,-13,20.082533886142812,,0.0,0.0,0.0,0.0,46.65504055453319,optimal
2021-02-09 10:00:00,6,22,0.0,0.0,0.0,0.238,30.303,6.0,-13,20.051691659245634,,0.0,0.0,0.0,0.0,46.53350390497952,optimal
2021-02-09 10:30:00,6,22,0.0,0.0,0.0,0.3639333333333333,32.886,6.0,-13,20.02740611366873,,0.0,0.0,0.0,0.0,46.4120887920754,optimal
2021-02-09 11:00:00,6,22,0.0,0.0,0.0,0.5078666666666667,34.9965,6.0,-13,20.001940420259775,,0.0,0.0,0.0,0.0,46.29079509428419,optimal
2021-02-09 11:30:00,6,22,0.0,0.0,0.0,0.6143,33.327,6.0,-13,20.0,,0.0,0.0,0.0,0.0,46.16962269019077,optimal
2021-02-09 12:00:00,6,22,0.0,0.0,0.0,1.6829666666666667,31.122,6.0,-13,20.00029266258618,,0.0,0.0,0.0,0.0,46.04857145850144,optimal
2021-02-09 12:30:00,6,22,0.0,0.0,0.0,0.30010000000000003,17.9025,6.0,-13,20.010887895760767,,0.0,0.0,0.0,0.0,45.92764127804381,optimal
2021-02-09 13:00:00,6,22,0.0,0.0,0.0,0.30843333333333334,15.6555,6.0,-13,20.01152361597039,,0.0,0.0,0.0,0.0,45.80683202776663,optimal
2021-02-09 13:30:00,6,22,0.0,0.0,0.0,0.3739333333333333,14.553,6.0,-13,20.01532535355129,,0.0,0.0,0.0,0.0,45.68614358673973,optimal
2021-02-09 14:00:00,6,22,0.0,0.0,0.0,0.5169,14.3325,6.0,-13,20.017151293571484,,0.0,0.0,0.0,0.0,45.565575834153854,optimal
2021-02-09 14:30:00,6,22,0.0,0.0,0.0,0.6733333333333333,13.335,6.0,-13,20.023342687562035,,0.0,0.0,0.0,0.0,45.445128649320566,optimal
2021-02-09 15:00:00,6,22,0.07487804764579414,0.0,0.0,0.12766666666666668,12.1275,6.0,-13,20.03598000730754,,187.19511911448535,0.0,0.0,0.0,45.32480191167211,optimal
2021-02-09 15:30:00,6,22,0.0,0.0,0.0,0.08170000000000001,12.2955,6.0,-13,20.020995028505727,,0.0,0.0,0.0,0.0,45.2045955007613,optimal
2021-02-09 16:00:00,6,22,0.5140624735917139,0.0,0.0,0.24496666666666667,11.6865,6.0,-13,20.0,,1285.1561839792848,0.0,0.0,0.0,45.0845092962614,optimal
2021-02-09 16:30:00,6,22,0.5922291765379234,0.0,0.0,0.062,11.466,6.0,-13,20.0,,1480.5729413448084,0.0,0.0,0.0,44.96454317796601,optimal
2021-02-09 17:00:00,6,22,2.8,0.0,0.0,0.26466666666666666,10.8045,6.0,-13,20.0,,6860.666666666667,0.0,139.33333333333331,0.0,44.8446970257889,optimal
2021-02-09 17:30:00,6,22,2.8,0.0,0.0,0.062,10.584,6.0,-13,20.127849516249746,,7000.0,0.0,0.0,0.0,44.72497071976398,optimal
2021-02-09 18:00:00,6,22,0.0,0.0,0.0,0.1202,11.2455,6.0,-13,20.25331625867124,,0.0,0.0,0.0,0.0,44.60536414004508,optimal
2021-02-09 18:30:00,6,22,0.0,0.0,0.0,0.20646666666666666,12.1275,6.0,-13,20.19259099223975,,0.0,0.0,0.0,0.0,44.4858771669059,optimal
2021-02-09 19:00:00,6,22,0.0,0.0,0.0,0.1202,11.823,6.0,-13,20.13446550055649,,0.0,0.0,0.0,0.0,44.36650968073986,optimal
2021-02-09 19:30:00,6,22,0.0,0.0,0.0,0.3477,11.7705,6.0,-13,20.07444822921347,,0.0,0.0,0.0,0.0,44.24726156205998,optimal
2021-02-09 20:00:00,6,22,0.33051304135118287,0.0,0.0,0.4839666666666666,11.13,6.0,-13,20.024722584927947,,826.2826033779572,0.0,0.0,0.0,44.128132691498784,optimal
2021-02-09 20:30:00,6,22,0.0,0.0,0.0,0.25739999999999996,11.6865,6.0,-13,20.0,,0.0,0.0,0.0,0.0,44.00912294980815,optimal
2021-02-09 21:00:00,6,22,0.0,0.0,0.0,0.26996666666666663,10.7205,6.0,-13,19.949776812862066,,0.0,0.0,0.0,0.0,43.96511382685834,optimal
2021-02-09 21:30:00,6,22,0.0,0.0,0.0,0.4033333333333333,11.424,6.0,-13,19.9026388899448,,0.0,0.0,0.0,0.0,43.921148713031485,optimal
2021-02-09 22:00:00,6,22,0.2508,0.0,0.0,0.2727,10.689,6.0,-13,19.86095856772683,,0.0,0.0,627.0,0.0,43.87722756431845,optimal
2021-02-09 22:30:00,6,22,0.0,0.0,0.0,0.26666666666666666,11.361,6.0,-13,19.8150996986749,,0.0,0.0,0.0,0.0,43.83335033675414,optimal
2021-02-09 23:00:00,6,22,0.0,0.0,0.0,0.3955,11.571,6.0,-13,19.767873224277267,,0.0,0.0,0.0,0.0,43.78951698641738,optimal
2021-02-09 23:30:00,6,22,0.0,0.0,0.0,0.32613333333333333,14.3745,6.0,-13,19.72462505818153,,0.0,0.0,0.0,0.0,43.74572746943097,optimal
2021-02-10 00:00:00,6,22,0.0,0.0,0.0,0.07266666666666667,18.7215,6.0,8,19.72462505818153,,0.0,0.0,0.0,0.0,43.70198174196154,optimal
2021-02-10 00:30:00,6,22,0.0,0.0,0.0,0.07133333333333333,17.4195,6.0,8,19.66654945194643,,0.0,0.0,0.0,0.0,43.65827976021958,optimal
2021-02-10 01:00:00,6,22,0.0,0.0,0.0,0.09673333333333332,16.758,6.0,8,19.608338217828987,,0.0,0.0,0.0,0.0,43.614621480459355,optimal
2021-02-10 01:30:00,6,22,0.0,0.0,0.0,0.2008,14.217,6.0,8,19.5507643920496,,0.0,0.0,0.0,0.0,43.5710068589789,optimal
2021-02-10 02:00:00,6,22,0.0,0.0,0.0,0.06766666666666667,13.3665,6.0,8,19.495757406195313,,0.0,0.0,0.0,0.0,43.52743585211992,optimal
2021-02-10 02:30:00,6,22,0.0,0.0,0.0,0.10673333333333332,12.789,6.0,8,19.43712817673809,,0.0,0.0,0.0,0.0,43.4839084162678,optimal
2021-02-10 03:00:00,6,22,0.0,0.0,0.0,0.20113333333333333,11.907,6.0,8,19.379461213746477,,0.0,0.0,0.0,0.0,43.44042450785153,optimal
2021-02-10 03:30:00,6,22,0.5088020273215431,0.0,0.0,0.067,11.7075,6.0,8,19.32468489787234,,0.0,0.0,1272.0050683038578,0.0,43.39698408334368,optimal
2021-02-10 04:00:00,6,22,2.8,0.0,5.0,0.07443333333333334,10.8045,6.0,8,19.266609098052317,,0.0,0.0,7000.0,0.0,45.72858709926034,optimal
2021-02-10 04:30:00,6,22,2.8,0.0,0.0,0.22676666666666667,11.508,6.0,8,19.208914326228278,,7000.0,0.0,0.0,0.0,45.682858512161076,optimal
2021-02-10 05:00:00,6,22,2.8,0.0,0.0,0.067,11.508,6.0,8,19.33736356323186,,7000.0,0.0,0.0,0.0,45.63717565364892,optimal
2021-02-10 05:30:00,6,22,2.8,0.0,0.0,0.11159999999999999,11.508,6.0,8,19.46048927106342,,7000.0,0.0,0.0,0.0,45.59153847799527,optimal
2021-02-10 06:00:00,6,22,1.2664951416398247,0.0,0.0,0.1859333333333333,11.844,6.0,8,19.584052050276796,,3166.2378540995614,0.0,0.0,0.0,45.54594693951728,optimal
2021-02-10 06:30:00,6,22,2.8,0.0,0.35846248019560945,0.067,11.508,6.0,8,19.609205767728614,,7000.0,0.0,0.0,0.0,45.670670670670674,optimal
2021-02-10 07:00:00,6,22,2.8,0.0,5.0,0.22853333333333334,11.508,6.0,8,19.731452050022515,,7000.0,0.0,0.0,0.0,48.0,optimal
2021-02-10 07:30:00,6,22,2.8,0.0,0.0,1.304266666666667,10.4475,6.0,8,19.863499936933962,,7000.0,0.0,0.0,0.0,47.7359295335545,optimal
2021-02-10 08:00:00,6,22,2.8,0.0,0.0,0.7098666666666666,10.8675,6.0,8,20.0,,1939.9626821232962,0.0,5060.037317876704,0.0,47.472123137575444,optimal
2021-02-10 08:30:00,6,22,2.8000000000000003,0.0,0.0,0.8483333333333334,10.542,6.0,8,20.0,,5075.042386180562,0.0,1924.9576138194388,0.0,47.20858054799237,optimal
2021-02-10 09:00:00,6,22,2.8,0.0,0.0,0.09673333333333332,11.025,6.0,8,20.086443778371013,,7000.0,0.0,0.0,0.0,46.94530150099887,optimal
2021-02-10 09:30:00,6,22,2.8,0.0,0.0,0.11903333333333331,11.025,6.0,8,20.216068138306277,,7000.0,0.0,0.0,0.0,46.682285733052375,optimal
2021-02-10 10:00:00,6,22,0.0,0.0,0.0,0.1785,14.553,6.0,8,20.346499615673046,,0.0,0.0,0.0,0.0,46.41953298087382,optimal
2021-02-10 10:30:00,6,22,0.0,0.0,0.0,0.067,13.0935,6.0,8,20.31388407907126,,0.0,0.0,0.0,0.0,46.15704298144745,optimal
2021-02-10 11:00:00,6,22,0.0,0.0,0.0,0.1933666666666667,15.6345,6.0,8,20.278962074022,,0.0,0.0,0.0,0.0,45.8948154720205,optimal
2021-02-10 11:30:00,6,22,0.0,0.0,0.0,0.14683333333333334,18.102,6.0,8,20.259727133790097,,0.0,0.0,0.0,0.0,45.63285019010298,optimal
2021-02-10 12:00:00,6,22,0.0,0.0,0.0,0.067,17.199,6.0,8,20.240942020018217,,0.0,0.0,0.0,0.0,45.371146873467374,optimal
2021-02-10 12:30:00,6,22,0.0,0.0,0.0,0.067,18.2805,6.0,8,20.234449619217894,,0.0,0.0,0.0,0.0,45.10970526014841,optimal
2021-02-10 13:00:00,6,22,0.0,0.0,0.0,2.399633333333333,17.4615,6.0,8,20.227978221716434,,0.0,0.0,0.0,0.0,44.84852508844276,optimal
2021-02-10 13:30:00,6,22,0.0,0.0,0.0,2.6549666666666667,18.3225,6.0,8,20.23632677606416,,0.0,0.0,0.0,0.0,44.58760609690882,optimal
2021-02-10 14:00:00,6,22,0.0,0.0,0.0,0.5959666666666666,17.094,6.0,8,20.24669778905701,,0.0,0.0,0.0,0.0,44.32694802436641,optimal
2021-02-10 14:30:00,6,22,0.0,0.0,0.0,0.22130000000000002,17.094,6.0,8,20.24964501883663,,0.0,0.0,0.0,0.0,44.28262107634204,optimal
2021-02-10 15:00:00,6,22,0.0,0.0,0.0,0.36410000000000003,17.094,6.0,8,20.251777896266134,,0.0,0.0,0.0,0.0,44.2383384552657,optimal
2021-02-10 15:30:00,6,22,0.0,0.0,0.0,1.6078333333333332,17.3565,6.0,8,20.25032297108309,,0.0,0.0,0.0,0.0,44.19410011681043,optimal
2021-02-10 16:00:00,6,22,0.0,0.0,0.0,0.436,17.115,6.0,8,20.259454907911564,,0.0,0.0,0.0,0.0,44.14990601669362,optimal
2021-02-10 16:30:00,6,22,0.0,0.0,0.0,0.4532333333333333,17.241,6.0,8,20.247573152288204,,0.0,0.0,0.0,0.0,44.10575611067693,optimal
2021-02-10 17:00:00,6,22,0.0,0.0,0.0,0.2965,17.094,6.0,8,20.239789951022516,,0.0,0.0,0.0,0.0,44.061650354566254,optimal
2021-02-10 17:30:00,6,22,0.0,0.0,0.0,0.30693333333333334,16.5165,6.0,8,20.209703317726486,,0.0,0.0,0.0,0.0,44.01758870421169,optimal
2021-02-10 18:00:00,6,22,0.0,0.0,0.0,0.48886666666666667,17.8185,6.0,8,20.182374585168343,,0.0,0.0,0.0,0.0,43.973571115507475,optimal
2021-02-10 18:30:00,6,22,0.0,0.0,0.0,0.381,17.094,6.0,8,20.153023499862496,,0.0,0.0,0.0,0.0,43.92959754439197,optimal
2021-02-10 19:00:00,6,22,0.0,0.0,0.0,0.4330333333333334,16.8945,6.0,8,20.11366815768668,,0.0,0.0,0.0,0.0,43.885667946847576,optimal
2021-02-10 19:30:00,6,22,0.0,0.0,0.0,0.48569999999999997,18.123,6.0,8,20.07326823463907,,0.0,0.0,0.0,0.0,43.84178227890073,optimal
2021-02-10 20:00:00,6,22,0.0,0.0,0.0,0.3782,31.647,6.0,8,20.04513471495546,,0.0,0.0,0.0,0.0,43.79794049662183,optimal
2021-02-10 20:30:00,6,22,0.0,0.0,0.0,0.6316,34.9965,6.0,8,20.0,,0.0,0.0,0.0,0.0,43.7541425561252,optimal
2021-02-10 21:00:00,6,22,0.0,0.0,0.0,0.9690333333333332,34.9965,6.0,8,19.967022286199608,,0.0,0.0,0.0,0.0,43.71038841356908,optimal
2021-02-10 21:30:00,6,22,0.0,0.0,0.0,1.9972999999999999,34.9965,6.0,8,19.94090477121862,,0.0,0.0,0.0,0.0,43.666678025155505,optimal
2021-02-10 22:00:00,6,22,0.0,0.0,0.0,0.5560333333333333,34.9965,6.0,8,19.923911840220953,,0.0,0.0,0.0,0.0,43.62301134713035,optimal
2021-02-10 22:30:00,6,22,0.0,0.0,0.0,0.45339999999999997,34.9965,6.0,8,19.875862292714306,,0.0,0.0,0.0,0.0,43.57938833578322,optimal
2021-02-10 23:00:00,6,22,0.0,0.0,0.0,0.3571333333333333,27.741,6.0,8,19.82559950429955,,0.0,0.0,0.0,0.0,43.535808947447435,optimal
2021-02-10 23:30:00,6,22,0.0,0.0,0.0,0.3588,19.026,6.0,8,19.770261977121844,,0.0,0.0,0.0,0.0,43.49227313849999,optimal
2021-02-11 00:00:00,6,22,2.8,0.0,0.0,0.059,11.025,6.0,-6,19.770261977121844,,7000.0,0.0,0.0,0.0,43.44878086536149,optimal
2021-02-11 00:30:00,6,22,2.8,0.0,5.0,0.18166666666666662,10.584,6.0,-6,19.88050602327659,,6164.0,0.0,836.0,0.0,45.78033208449613,optimal
2021-02-11 01:00:00,6,22,2.8,0.0,1.189763926028679,0.07126666666666667,11.025,6.0,-6,19.97218151951481,,7000.0,0.0,0.0,0.0,46.299689617275256,optimal
2021-02-11 01:30:00,6,22,2.8,0.0,5.0,0.059,10.4265,6.0,-6,20.082738095594618,,7000.0,0.0,0.0,0.0,48.62838992765797,optimal
2021-02-11 02:00:00,6,22,2.8,0.0,0.0,0.18780000000000002,12.789,6.0,-6,20.192618274883497,,7000.0,0.0,0.0,0.0,48.579761537730306,optimal
2021-02-11 02:30:00,6,22,2.8,0.0,0.0,0.06513333333333333,12.684,6.0,-6,20.305489752778694,,7000.0,0.0,0.0,0.0,48.53118177619257,optimal
2021-02-11 03:00:00,6,22,2.8,0.0,0.0,0.059,16.254,6.0,-6,20.414485181331777,,7000.0,0.0,0.0,0.0,48.48265059441637,optimal
2021-02-11 03:30:00,6,22,2.8,0.0,0.0,0.19393333333333332,17.64,6.0,-6,20.522645127488946,,7000.0,0.0,0.0,0.0,48.434167943821954,optimal
2021-02-11 04:00:00,6,22,0.0,0.0,0.0,0.059,19.1625,6.0,-6,20.634770071906804,,0.0,0.0,0.0,0.0,48.38573377587813,optimal
2021-02-11 04:30:00,6,22,0.0,0.0,0.0,0.12033333333333332,26.46,6.0,-6,20.56194537725606,,0.0,0.0,0.0,0.0,48.33734804210225,optimal
2021-02-11 05:00:00,6,22,0.0,0.0,0.0,0.1326,20.79,6.0,-6,20.49094997356905,,0.0,0.0,0.0,0.0,48.289010694060146,optimal
2021-02-11 05:30:00,6,22,0.0,0.0,0.0,0.059,29.106,6.0,-6,20.42050298395091,,0.0,0.0,0.0,0.0,48.240721683366075,optimal
2021-02-11 06:00:00,6,22,0.0,0.0,0.0,0.06713333333333334,19.1835,6.0,-6,20.349180220665822,,0.0,0.0,0.0,0.0,48.192480961682705,optimal
2021-02-11 06:30:00,6,22,0.0,0.0,0.0,0.1978,19.6665,6.0,-6,20.279056325318354,,0.0,0.0,0.0,0.0,48.144288480721016,optimal
2021-02-11 07:00:00,6,22,0.0,0.0,0.0,0.05966666666666666,19.404,6.0,-6,20.2131554471985,,0.0,0.0,0.0,0.0,48.096144192240295,optimal
2021-02-11 07:30:00,6,22,0.0,0.0,0.0,0.31810000000000005,19.047,6.0,-6,20.14492975956357,,0.0,0.0,0.0,0.0,48.048048048048045,optimal
2021-02-11 08:00:00,6,22,0.0,0.0,0.0,1.4895,18.858,6.0,-6,20.094351320485682,,0.0,0.0,0.0,0.0,48.0,optimal
2021-02-11 08:30:00,6,22,0.0,0.0,0.0,1.251766666666667,19.2675,6.0,-6,20.05201380188273,,0.0,0.0,0.0,0.0,47.41568691682349,optimal
2021-02-11 09:00:00,6,22,0.5804751034297957,0.0,0.0,0.3839333333333333,18.963,6.0,-6,20.00075492869933,,1451.1877585744892,0.0,0.0,0.0,46.83195814673016,optimal
2021-02-11 09:30:00,6,22,1.2896004744863463,0.0,0.0,0.063,18.438,6.0,-6,20.0,,3224.0011862158653,0.0,0.0,0.0,46.24881310540692,optimal
2021-02-11 10:00:00,6,22,0.0,0.0,0.0,0.069,18.7425,6.0,-6,20.02927591485291,,0.0,0.0,0.0,0.0,45.666251209125,optimal
2021-02-11 10:30:00,6,22,1.574461019634822,0.0,0.0,0.12646666666666667,15.2145,6.0,-6,20.0,,3587.819215753722,0.0,348.3333333333333,0.0,45.084271874739365,optimal
2021-02-11 11:00:00,6,22,0.0,0.0,0.0,0.12646666666666667,17.7765,6.0,-6,20.063857509390964,,0.0,0.0,0.0,0.0,44.50287451968811,optimal
2021-02-11 11:30:00,6,22,0.0,0.0,0.0,0.060333333333333336,16.758,6.0,-6,20.048141648419247,,0.0,0.0,0.0,0.0,43.92205856199192,optimal
2021-02-11 12:00:00,6,22,0.0,0.0,0.0,0.069,16.422,6.0,-6,20.033149854675766,,0.0,0.0,0.0,0.0,43.34182342025342,optimal
2021-02-11 12:30:00,6,22,0.0,0.0,0.0,0.061666666666666654,16.758,6.0,-6,20.03280138623725,,0.0,0.0,0.0,0.0,42.762168513656654,optimal
2021-02-11 13:00:00,6,22,0.0,0.0,0.0,0.19393333333333332,29.358,6.0,-6,20.03455683338675,,0.0,0.0,0.0,0.0,42.18309326196649,optimal
2021-02-11 13:30:00,6,22,0.0,0.0,0.0,0.059,34.9965,6.0,-6,20.035013971813832,,0.0,0.0,0.0,0.0,41.60459708552801,optimal
2021-02-11 14:00:00,6,22,0.0,0.0,0.0,0.06633333333333333,34.65,6.0,-6,20.032286999924263,,0.0,0.0,0.0,0.0,41.02667940526597,optimal
2021-02-11 14:30:00,6,22,0.0,0.0,0.0,0.19593333333333332,34.9965,6.0,-6,20.031345314859344,,0.0,0.0,0.0,0.0,40.4493396426842,optimal
2021-02-11 15:00:00,6,22,0.0,0.0,0.0,0.1895,34.9965,6.0,-6,20.03278054292795,,0.0,0.0,0.0,0.0,39.87257721986501,optimal
2021-02-11 15:30:00,6,22,0.0,0.0,0.0,0.071,30.4815,6.0,-6,20.028755500678308,,0.0,0.0,0.0,0.0,39.29639155946863,optimal
2021-02-11 16:00:00,6,22,0.0,0.0,0.0,0.1356,21.4305,6.0,-6,20.01991883264154,,0.0,0.0,0.0,0.0,39.25709516790916,optimal
2021-02-11 16:30:00,6,22,0.2513913818088497,0.0,0.0,0.48033333333333333,14.3325,6.0,-6,20.0,,558.8117878554576,0.0,69.66666666666666,0.0,39.21783807274125,optimal
2021-02-11 17:00:00,6,22,1.091915631144378,0.0,0.0,0.5035666666666667,13.692,6.0,-6,20.0,,2520.789077860945,0.0,209.0,0.0,39.17862023466851,optimal
2021-02-11 17:30:00,6,22,0.0,0.0,0.0,0.8757666666666667,14.007,6.0,-6,20.029023002936206,,0.0,0.0,0.0,0.0,39.13944161443384,optimal
2021-02-11 18:00:00,6,22,0.54230182275134,0.0,0.0,1.3709666666666667,12.873,6.0,-6,20.0,,1007.4212235450165,0.0,348.3333333333333,0.0,39.10030217281941,optimal
2021-02-11 18:30:00,6,22,0.7833121311276652,0.0,0.0,0.4599333333333333,12.684,6.0,-6,20.0,,1958.280327819163,0.0,0.0,0.0,39.06120187064659,optimal
2021-02-11 19:00:00,6,22,0.8602024395039741,0.0,0.0,0.31260000000000004,12.306,6.0,-6,20.0,,2150.5060987599354,0.0,0.0,0.0,39.02214066877595,optimal
2021-02-11 19:30:00,6,22,1.9324308136053805,0.0,0.0,0.364,10.6365,6.0,-6,20.0,,4482.743700680118,0.0,348.3333333333333,0.0,38.98311852810717,optimal
2021-02-11 20:00:00,6,22,0.0,0.0,0.0,0.5666,11.2455,6.0,-6,20.057263248589898,,0.0,0.0,0.0,0.0,38.94413540957906,optimal
2021-02-11 20:30:00,6,22,0.0,0.0,0.0,0.44046666666666656,11.2455,6.0,-6,20.0,,0.0,0.0,0.0,0.0,38.90519127416948,optimal
2021-02-11 21:00:00,6,22,0.0,0.0,0.0,0.4720666666666667,11.025,6.0,-6,19.94282629520632,,0.0,0.0,0.0,0.0,38.866286082895314,optimal
2021-02-11 21:30:00,6,22,0.0,0.0,0.0,0.35503333333333337,12.0855,6.0,-6,19.886644363082517,,0.0,0.0,0.0,0.0,38.82741979681242,optimal
2021-02-11 22:00:00,6,22,0.0,0.0,0.0,1.2666,11.6865,6.0,-6,19.826180318711486,,0.0,0.0,0.0,0.0,38.78859237701561,optimal
2021-02-11 22:30:00,6,22,0.0,0.0,0.0,0.44053333333333333,11.2245,6.0,-6,19.7716596399665,,0.0,0.0,0.0,0.0,38.749803784638594,optimal
2021-02-11 23:00:00,6,22,0.0,0.0,0.0,0.2014,11.025,6.0,-6,19.71623715281088,,0.0,0.0,0.0,0.0,38.711053980853954,optimal
2021-02-11 23:30:00,6,22,0.0,0.0,0.0,0.10579999999999999,10.7835,6.0,-6,19.64764238846621,,0.0,0.0,0.0,0.0,38.6723429268731,optimal
2021-02-12 00:00:00,6,22,2.8,0.0,0.0,0.19766666666666663,11.025,6.0,-2,19.64764238846621,,7000.0,0.0,0.0,0.0,38.63367058394623,optimal
2021-02-12 00:30:00,6,22,2.8,0.0,1.757106915873647,0.08006666666666666,10.3635,6.0,-2,19.75150289181767,,3656.0,0.0,3344.0,0.0,39.42966269840226,optimal
2021-02-12 01:00:00,6,22,2.8,0.0,0.0,0.0866,10.8045,6.0,-2,19.76508042652135,,7000.0,0.0,0.0,0.0,39.39023303570385,optimal
2021-02-12 01:30:00,6,22,2.8,0.0,5.0,0.19113333333333332,10.059,6.0,-2,19.865675030272513,,7000.0,0.0,0.0,0.0,41.72584280266815,optimal
2021-02-12 02:00:00,6,22,2.8,0.0,0.0,0.067,10.584,6.0,-2,19.968983927511335,,7000.0,0.0,0.0,0.0,41.68411695986547,optimal
2021-02-12 02:30:00,6,22,2.8,0.0,5.0,0.11273333333333332,9.4185,6.0,-2,20.06905661250712,,7000.0,0.0,0.0,0.0,44.017432842905606,optimal
2021-02-12 03:00:00,6,22,2.8,0.0,5.0,0.165,10.3635,6.0,-2,20.17096441910498,,7000.0,0.0,0.0,0.0,46.3484154100627,optimal
2021-02-12 03:30:00,6,22,2.8,0.0,5.0,0.067,9.8385,6.0,-2,20.274871174145098,,7000.0,0.0,0.0,0.0,48.67706699465263,optimal
2021-02-12 04:00:00,6,22,2.8,0.0,0.0,0.2107333333333333,11.067,6.0,-2,20.378159872431528,,7000.0,0.0,0.0,0.0,48.62838992765797,optimal
2021-02-12 04:30:00,6,22,2.8,0.0,0.0,0.067,10.8465,6.0,-2,20.48711376537894,,7000.0,0.0,0.0,0.0,48.579761537730306,optimal
2021-02-12 05:00:00,6,22,0.0,0.0,0.0,0.165,13.671,6.0,-2,20.59424492881807,,0.0,0.0,0.0,0.0,48.53118177619257,optimal
2021-02-12 05:30:00,6,22,0.7118515990357476,0.0,0.0,0.11273333333333332,12.348,6.0,-2,20.523950975694305,,1779.6289975893687,0.0,0.0,0.0,48.48265059441637,optimal
2021-02-12 06:00:00,6,22,0.0,0.0,0.0,0.11926666666666667,14.3325,6.0,-2,20.50135663650653,,0.0,0.0,0.0,0.0,48.434167943821954,optimal
2021-02-12 06:30:00,6,22,0.0,0.0,0.0,0.15846666666666667,15.393,6.0,-2,20.435350931719626,,0.0,0.0,0.0,0.0,48.38573377587813,optimal
2021-02-12 07:00:00,6,22,0.0,0.0,0.0,0.067,13.587,6.0,-2,20.370900846561824,,0.0,0.0,0.0,0.0,48.33734804210225,optimal
2021-02-12 07:30:00,6,22,0.0,0.0,0.0,0.2107333333333333,16.1385,6.0,-2,20.304606077179773,,0.0,0.0,0.0,0.0,48.289010694060146,optimal
2021-02-12 08:00:00,6,22,0.0,0.0,0.0,0.067,14.595,6.0,-2,20.239349020753465,,0.0,0.0,0.0,0.0,48.240721683366075,optimal
2021-02-12 08:30:00,6,22,0.0,0.0,0.0,0.067,14.637,6.0,-2,20.168201582922677,,0.0,0.0,0.0,0.0,48.192480961682705,optimal
2021-02-12 09:00:00,6,22,0.0,0.0,0.0,0.21569999999999998,13.9125,6.0,-2,20.096637299466412,,0.0,0.0,0.0,0.0,48.144288480721016,optimal
2021-02-12 09:30:00,6,22,0.0,0.0,0.0,0.16290000000000002,13.3665,6.0,-2,20.045409292024907,,0.0,0.0,0.0,0.0,48.096144192240295,optimal
2021-02-12 10:00:00,6,22,0.0,0.0,0.0,0.3308333333333333,13.0095,6.0,-2,20.008593343397212,,0.0,0.0,0.0,0.0,48.048048048048045,optimal
2021-02-12 10:30:00,6,22,0.0,0.0,0.0,1.7747,13.8915,6.0,-2,20.002475855280174,,0.0,0.0,0.0,0.0,48.0,optimal
2021-02-12 11:00:00,6,22,0.0,0.0,0.0,1.5722,13.188,6.0,-2,20.003544961185487,,0.0,0.0,0.0,0.0,46.73688347529167,optimal
2021-02-12 11:30:00,6,22,0.13153109425898246,0.0,0.0,0.31553333333333333,12.5685,6.0,-2,20.0,,328.8277356474561,0.0,0.0,0.0,45.47503006710805,optimal
2021-02-12 12:00:00,6,22,0.0,0.0,0.0,0.40073333333333333,12.285,6.0,-2,20.0,,0.0,0.0,0.0,0.0,44.21443851233261,optimal
2021-02-12 12:30:00,6,22,0.4046666666666666,0.0,0.0,0.6347666666666667,11.487,6.0,-2,20.002726919658027,,0.0,0.0,1011.6666666666666,0.0,42.95510754911195,optimal
2021-02-12 13:00:00,6,22,0.0,0.0,0.0,2.2934,11.802,6.0,-2,20.012009455397646,,0.0,0.0,0.0,0.0,41.69703591685451,optimal
2021-02-12 13:30:00,6,22,2.8,0.0,0.0,2.8470999999999997,11.2245,6.0,-2,20.032703483795665,,0.0,0.0,7000.0,0.0,40.44022235622933,optimal
2021-02-12 14:00:00,6,22,2.39669104478787,0.0,0.0,2.0065999999999997,11.025,6.0,-2,20.06021248393927,,3971.394278636342,0.0,2020.3333333333333,0.0,39.18466560916477,optimal
2021-02-12 14:30:00,6,22,0.0,0.0,0.0,0.5474666666666667,11.907,6.0,-2,20.20291555874272,,0.0,0.0,0.0,0.0,37.930364418847276,optimal
2021-02-12 15:00:00,6,22,0.0,0.0,0.0,1.6321333333333334,25.83,6.0,-2,20.21991310298192,,0.0,0.0,0.0,0.0,37.89243405442843,optimal
2021-02-12 15:30:00,6,22,0.0,0.0,0.0,0.4338333333333333,28.035,6.0,-2,20.248785567965946,,0.0,0.0,0.0,0.0,37.854541620374,optimal
2021-02-12 16:00:00,6,22,0.0,0.0,0.0,0.2142333333333333,28.119,6.0,-2,20.257981834890415,,0.0,0.0,0.0,0.0,37.816687078753624,optimal
2021-02-12 16:30:00,6,22,0.0,0.0,0.0,0.5858666666666666,30.156,6.0,-2,20.2458692301444,,0.0,0.0,0.0,0.0,37.77887039167487,optimal
2021-02-12 17:00:00,6,22,0.0,0.0,0.0,0.6283,29.1585,6.0,-2,20.243444696728037,,0.0,0.0,0.0,0.0,37.741091521283195,optimal
2021-02-12 17:30:00,6,22,0.0,0.0,0.0,0.21566666666666662,26.712,6.0,-2,20.223028661644904,,0.0,0.0,0.0,0.0,37.70335042976191,optimal
2021-02-12 18:00:00,6,22,0.0,0.0,0.0,0.7098666666666666,15.435,6.0,-2,20.18044267554661,,0.0,0.0,0.0,0.0,37.66564707933215,optimal
2021-02-12 18:30:00,6,22,0.0,0.0,0.0,0.5512666666666667,13.566,6.0,-2,20.145246610451014,,0.0,0.0,0.0,0.0,37.627981432252824,optimal
2021-02-12 19:00:00,6,22,0.0,0.0,0.0,0.47773333333333334,12.789,6.0,-2,20.111433518101514,,0.0,0.0,0.0,0.0,37.59035345082057,optimal
2021-02-12 19:30:00,6,22,0.0,0.0,0.0,0.5257666666666666,12.1275,6.0,-2,20.0763187388849,,0.0,0.0,0.0,0.0,37.55276309736975,optimal
2021-02-12 20:00:00,6,22,0.0,0.0,0.0,0.3644333333333333,13.671,6.0,-2,20.038794401374062,,0.0,0.0,0.0,0.0,37.51521033427238,optimal
2021-02-12 20:30:00,6,22,0.11146666666666666,0.0,0.0,0.41286666666666666,10.668,6.0,-2,20.0,,0.0,0.0,278.66666666666663,0.0,37.47769512393811,optimal
2021-02-12 21:00:00,6,22,0.0,0.0,0.0,0.3197333333333333,11.7285,6.0,-2,19.968767564314746,,0.0,0.0,0.0,0.0,37.44021742881417,optimal
2021-02-12 21:30:00,6,22,0.0,0.0,0.0,0.7493333333333334,11.025,6.0,-2,19.941875705789723,,0.0,0.0,0.0,0.0,37.402777211385356,optimal
2021-02-12 22:00:00,6,22,0.0,0.0,0.0,0.6590666666666667,10.689,6.0,-2,19.918982119810895,,0.0,0.0,0.0,0.0,37.36537443417397,optimal
2021-02-12 22:30:00,6,22,0.8917333333333334,0.0,0.0,0.646,8.1585,6.0,-2,19.88914057835691,,0.0,0.0,2229.3333333333335,0.0,37.3280090597398,optimal
2021-02-12 23:00:00,6,22,0.0,0.0,0.0,0.21216666666666664,10.3635,6.0,-2,19.855271014290423,,0.0,0.0,0.0,0.0,37.29068105068006,optimal
2021-02-12 23:30:00,6,22,0.0,0.0,0.0,0.28386666666666666,10.8045,6.0,-2,19.801321281800057,,0.0,0.0,0.0,0.0,37.25339036962938,optimal
2021-02-13 00:00:00,6,22,2.8,0.0,0.0,0.063,9.5235,6.0,-6,19.801321281800057,,7000.0,0.0,0.0,0.0,37.21613697925975,optimal
2021-02-13 00:30:00,6,22,2.8,0.0,5.0,0.063,8.1375,6.0,-6,19.920367122963988,,0.0,0.0,7000.0,0.0,39.55392084228049,optimal
2021-02-13 01:00:00,6,22,2.8,0.0,0.0,0.19196666666666667,10.0905,6.0,-6,19.857300061109754,,0.0,0.0,7000.0,0.0,39.51436692143821,optimal
2021-02-13 01:30:00,6,22,2.8,0.0,5.0,0.1033,7.539,6.0,-6,19.797949876017334,,1354.0,0.0,5646.0,0.0,41.84985255451677,optimal
2021-02-13 02:00:00,6,22,2.8,0.0,5.0,0.063,7.938,6.0,-6,19.771832144133786,,7000.0,0.0,0.0,0.0,44.18300270196225,optimal
2021-02-13 02:30:00,6,22,2.8,0.0,5.0,0.15966666666666665,8.274,6.0,-6,19.891620396170424,,7000.0,0.0,0.0,0.0,46.51381969926029,optimal
2021-02-13 03:00:00,6,22,2.8,0.0,4.549650627572517,0.11946666666666668,9.261,6.0,-6,20.013532934031925,,7000.0,0.0,0.0,0.0,48.62838992765797,optimal
2021-02-13 03:30:00,6,22,2.8,0.0,0.0,0.10813333333333335,9.9225,6.0,-6,20.134006512036162,,7000.0,0.0,0.0,0.0,48.579761537730306,optimal
2021-02-13 04:00:00,6,22,2.8,0.0,0.0,0.13066666666666665,9.702,6.0,-6,20.25363411015841,,7000.0,0.0,0.0,0.0,48.53118177619257,optimal
2021-02-13 04:30:00,6,22,1.085135958636888,0.0,0.0,0.1356,10.584,6.0,-6,20.373298464089714,,2712.83989659222,0.0,0.0,0.0,48.48265059441637,optimal
2021-02-13 05:00:00,6,22,2.8,0.0,0.0,0.063,10.143,6.0,-6,20.380981871075758,,7000.0,0.0,0.0,0.0,48.434167943821954,optimal
2021-02-13 05:30:00,6,22,0.0,0.0,0.0,0.1275333333333333,13.0095,6.0,-6,20.49782897021487,,0.0,0.0,0.0,0.0,48.38573377587813,optimal
2021-02-13 06:00:00,6,22,0.0,0.0,0.0,0.1139,11.025,6.0,-6,20.433761868854322,,0.0,0.0,0.0,0.0,48.33734804210225,optimal
2021-02-13 06:30:00,6,22,0.0,0.0,0.0,0.2961666666666667,12.789,6.0,-6,20.37049749767633,,0.0,0.0,0.0,0.0,48.289010694060146,optimal
2021-02-13 07:00:00,6,22,0.0,0.0,0.0,1.4025999999999998,12.1275,6.0,-6,20.312482408943115,,0.0,0.0,0.0,0.0,48.240721683366075,optimal
2021-02-13 07:30:00,6,22,0.0,0.0,0.0,0.2871,12.1695,6.0,-6,20.268102744236096,,0.0,0.0,0.0,0.0,48.192480961682705,optimal
2021-02-13 08:00:00,6,22,0.0,0.0,0.0,0.2531333333333333,12.306,6.0,-6,20.22211743483752,,0.0,0.0,0.0,0.0,48.144288480721016,optimal
2021-02-13 08:30:00,6,22,0.0,0.0,0.0,0.6495333333333333,13.23,6.0,-6,20.176660532749132,,0.0,0.0,0.0,0.0,48.096144192240295,optimal
2021-02-13 09:00:00,6,22,0.0,0.0,0.0,0.48219999999999996,13.671,6.0,-6,20.137914777786502,,0.0,0.0,0.0,0.0,48.048048048048045,optimal
2021-02-13 09:30:00,6,22,0.0,0.0,0.0,2.644766666666667,13.9335,6.0,-6,20.104920071853652,,0.0,0.0,0.0,0.0,48.0,optimal
2021-02-13 10:00:00,6,22,0.0,0.0,0.0,0.10683333333333331,13.293,6.0,-6,20.090498013666288,,0.0,0.0,0.0,0.0,46.30176312380122,optimal
2021-02-13 10:30:00,6,22,0.0,0.0,0.0,0.1923,12.1065,6.0,-6,20.052800141420107,,0.0,0.0,0.0,0.0,44.60522448447865,optimal
2021-02-13 11:00:00,6,22,0.0,0.0,0.0,0.10363333333333334,11.571,6.0,-6,20.017606761570615,,0.0,0.0,0.0,0.0,42.910382383795394,optimal
2021-02-13 11:30:00,6,22,0.11624425255211145,0.0,0.0,0.7108666666666666,11.025,6.0,-6,20.0,,290.6106313802786,0.0,0.0,0.0,41.217235125212824,optimal
2021-02-13 12:00:00,6,22,0.0,0.0,0.0,1.8464666666666667,10.8465,6.0,-6,20.0,,0.0,0.0,0.0,0.0,41.176017890087614,optimal
2021-02-13 12:30:00,6,22,0.0,0.0,0.0,0.5594666666666667,11.2455,6.0,-6,20.019646437689172,,0.0,0.0,0.0,0.0,41.134841872197526,optimal
2021-02-13 13:00:00,6,22,0.0,0.0,0.0,0.5271,23.8665,6.0,-6,20.027608744375534,,0.0,0.0,0.0,0.0,41.09370703032533,optimal
2021-02-13 13:30:00,6,22,0.0,0.0,0.0,0.37846666666666656,27.4575,6.0,-6,20.042159381616518,,0.0,0.0,0.0,0.0,41.052613323295,optimal
2021-02-13 14:00:00,6,22,0.0,0.0,0.0,1.7572999999999999,27.3735,6.0,-6,20.064802505766654,,0.0,0.0,0.0,0.0,41.011560709971704,optimal
2021-02-13 14:30:00,6,22,0.0,0.0,0.0,4.467,30.4605,6.0,-6,20.084285384103335,,0.0,0.0,0.0,0.0,40.970549149261736,optimal
2021-02-13 15:00:00,6,22,0.0,0.0,0.0,3.1946666666666665,30.0195,6.0,-6,20.1225925593067,,0.0,0.0,0.0,0.0,40.92957860011247,optimal
2021-02-13 15:30:00,6,22,0.0,0.0,0.0,0.47273333333333334,26.9325,6.0,-6,20.145853308107863,,0.0,0.0,0.0,0.0,40.88864902151236,optimal
2021-02-13 16:00:00,6,22,0.0,0.0,0.0,0.5902333333333334,14.595,6.0,-6,20.157134481007855,,0.0,0.0,0.0,0.0,40.847760372490846,optimal
2021-02-13 16:30:00,6,22,0.0,0.0,0.0,0.6212000000000001,12.4845,6.0,-6,20.154288919959264,,0.0,0.0,0.0,0.0,40.80691261211835,optimal
2021-02-13 17:00:00,6,22,0.0,0.0,0.0,0.5294,12.1275,6.0,-6,20.151406659013972,,0.0,0.0,0.0,0.0,40.766105699506234,optimal
2021-02-13 17:30:00,6,22,0.0,0.0,0.0,0.7646000000000001,12.1275,6.0,-6,20.13240719744894,,0.0,0.0,0.0,0.0,40.72533959380673,optimal
2021-02-13 18:00:00,6,22,0.0,0.0,0.0,0.38106666666666666,12.789,6.0,-6,20.1114099485182,,0.0,0.0,0.0,0.0,40.684614254212924,optimal
2021-02-13 18:30:00,6,22,0.0,0.0,0.0,0.5982000000000001,11.907,6.0,-6,20.072415717339894,,0.0,0.0,0.0,0.0,40.64392963995871,optimal
2021-02-13 19:00:00,6,22,0.04536642684027273,0.0,0.0,0.41433333333333333,11.025,6.0,-6,20.037214223506673,,113.41606710068183,0.0,0.0,0.0,40.60328571031876,optimal
2021-02-13 19:30:00,6,22,0.940556109699645,0.0,0.0,1.4618,8.2005,6.0,-6,20.0,,2072.7236075824458,0.0,278.66666666666663,0.0,40.56268242460844,optimal
2021-02-13 20:00:00,6,22,0.0,0.0,0.0,1.6332,9.5655,6.0,-6,20.027602302755774,,0.0,0.0,0.0,0.0,40.52211974218383,optimal
2021-02-13 20:30:00,6,22,0.3065333333333334,0.0,0.0,0.417,7.056,6.0,-6,20.0,,0.0,0.0,766.3333333333334,0.0,40.48159762244165,optimal
2021-02-13 21:00:00,6,22,0.0,0.0,0.0,0.17893333333333333,9.3975,6.0,-6,19.959671575320897,,0.0,0.0,0.0,0.0,40.44111602481921,optimal
2021-02-13 21:30:00,6,22,0.0,0.0,0.0,0.4957,10.059,6.0,-6,19.91348338676255,,0.0,0.0,0.0,0.0,40.40067490879439,optimal
2021-02-13 22:00:00,6,22,0.0,0.0,0.0,0.3115333333333334,9.261,6.0,-6,19.878358207209946,,0.0,0.0,0.0,0.0,40.3602742338856,optimal
2021-02-13 22:30:00,6,22,0.0,0.0,0.0,0.15516666666666665,8.1585,6.0,-6,19.840227036431326,,0.0,0.0,0.0,0.0,40.319913959651714,optimal
2021-02-13 23:00:00,6,22,0.0,0.0,0.0,0.1359,9.4815,6.0,-6,19.78206044948393,,0.0,0.0,0.0,0.0,40.279594045692065,optimal
2021-02-13 23:30:00,6,22,0.0,0.0,0.0,0.1457,8.379,6.0,-6,19.723743158520794,,0.0,0.0,0.0,0.0,40.23931445164637,optimal
2021-02-07 00:00:00,7,22,0.0,0.0,0.0,0.15533333333333335,6.174,6.0,-5,,,,,,,,infeasible
2021-02-07 00:30:00,7,22,0.0,0.0,0.0,0.17413333333333333,3.906,6.0,-5,,,,,,,,infeasible
2021-02-07 01:00:00,7,22,0.0,0.0,0.0,0.07086666666666666,2.3415,6.0,-5,,,,,,,,infeasible
2021-02-07 01:30:00,7,22,0.0,0.0,0.0,0.3932333333333333,2.205,6.0,-5,,,,,,,,infeasible
2021-02-07 02:00:00,7,22,0.0,0.0,0.0,0.12303333333333331,0.882,6.0,-5,,,,,,,,infeasible
2021-02-07 02:30:00,7,22,0.0,0.0,0.0,0.16643333333333335,1.5435,6.0,-5,,,,,,,,infeasible
2021-02-07 03:00:00,7,22,0.0,0.0,0.0,0.3461666666666667,1.5435,6.0,-5,,,,,,,,infeasible
2021-02-07 03:30:00,7,22,0.0,0.0,0.0,0.1501333333333333,5.0715,6.0,-5,,,,,,,,infeasible
2021-02-07 04:00:00,7,22,0.0,0.0,0.0,0.19406666666666664,5.376,6.0,-5,,,,,,,,infeasible
2021-02-07 04:30:00,7,22,0.0,0.0,0.0,0.14813333333333334,5.0715,6.0,-5,,,,,,,,infeasible
2021-02-07 05:00:00,7,22,0.0,0.0,0.0,0.22386666666666669,5.5125,6.0,-5,,,,,,,,infeasible
2021-02-07 05:30:00,7,22,0.0,0.0,0.0,0.1812,9.261,6.0,-5,,,,,,,,infeasible
2021-02-07 06:00:00,7,22,0.0,0.0,0.0,0.2347333333333333,11.7075,6.0,-5,,,,,,,,infeasible
2021-02-07 06:30:00,7,22,0.0,0.0,0.0,0.12426666666666668,12.348,6.0,-5,,,,,,,,infeasible
2021-02-07 07:00:00,7,22,0.0,0.0,0.0,0.458,12.348,6.0,-5,,,,,,,,infeasible
2021-02-07 07:30:00,7,22,0.0,0.0,0.0,0.5981000000000001,12.1275,6.0,-5,,,,,,,,infeasible
2021-02-07 08:00:00,7,22,0.0,0.0,0.0,0.6251333333333333,12.5265,6.0,-5,,,,,,,,infeasible
2021-02-07 08:30:00,7,22,0.0,0.0,0.0,0.3462,11.7495,6.0,-5,,,,,,,,infeasible
2021-02-07 09:00:00,7,22,0.0,0.0,0.0,0.3665333333333334,13.23,6.0,-5,,,,,,,,infeasible
2021-02-07 09:30:00,7,22,0.0,0.0,0.0,0.3929666666666666,14.3325,6.0,-5,,,,,,,,infeasible
2021-02-07 10:00:00,7,22,0.0,0.0,0.0,1.9285999999999999,14.994,6.0,-5,,,,,,,,infeasible
2021-02-07 10:30:00,7,22,0.0,0.0,0.0,0.503,14.8155,6.0,-5,,,,,,,,infeasible
2021-02-07 11:00:00,7,22,0.0,0.0,0.0,1.6112,14.112,6.0,-5,,,,,,,,infeasible
2021-02-07 11:30:00,7,22,0.0,0.0,0.0,2.2229,14.007,6.0,-5,,,,,,,,infeasible
2021-02-07 12:00:00,7,22,0.0,0.0,0.0,0.38110000000000005,13.23,6.0,-5,,,,,,,,infeasible
2021-02-07 12:30:00,7,22,0.0,0.0,0.0,0.6049333333333333,11.382,6.0,-5,,,,,,,,infeasible
2021-02-07 13:00:00,7,22,0.0,0.0,0.0,0.7742,11.7495,6.0,-5,,,,,,,,infeasible
2021-02-07 13:30:00,7,22,0.0,0.0,0.0,0.9933,24.3285,6.0,-5,,,,,,,,infeasible
2021-02-07 14:00:00,7,22,0.0,0.0,0.0,1.7828666666666666,28.917,6.0,-5,,,,,,,,infeasible
2021-02-07 14:30:00,7,22,0.0,0.0,0.0,0.4445,31.3635,6.0,-5,,,,,,,,infeasible
2021-02-07 15:00:00,7,22,0.0,0.0,0.0,0.3746333333333333,33.306,6.0,-5,,,,,,,,infeasible
2021-02-07 15:30:00,7,22,0.0,0.0,0.0,0.25726666666666664,31.3425,6.0,-5,,,,,,,,infeasible
2021-02-07 16:00:00,7,22,0.0,0.0,0.0,0.5336333333333333,28.2555,6.0,-5,,,,,,,,infeasible
2021-02-07 16:30:00,7,22,0.0,0.0,0.0,0.6643666666666667,15.6975,6.0,-5,,,,,,,,infeasible
2021-02-07 17:00:00,7,22,0.0,0.0,0.0,0.8269666666666667,12.5475,6.0,-5,,,,,,,,infeasible
2021-02-07 17:30:00,7,22,0.0,0.0,0.0,0.6229666666666667,12.0855,6.0,-5,,,,,,,,infeasible
2021-02-07 18:00:00,7,22,0.0,0.0,0.0,0.6563666666666667,11.907,6.0,-5,,,,,,,,infeasible
2021-02-07 18:30:00,7,22,0.0,0.0,0.0,0.5516666666666666,12.5685,6.0,-5,,,,,,,,infeasible
2021-02-07 19:00:00,7,22,0.0,0.0,0.0,1.3567333333333331,13.146,6.0,-5,,,,,,,,infeasible
2021-02-07 19:30:00,7,22,0.0,0.0,0.0,1.0663666666666665,10.584,6.0,-5,,,,,,,,infeasible
2021-02-07 20:00:00,7,22,0.0,0.0,0.0,0.38326666666666664,6.678,6.0,-5,,,,,,,,infeasible
2021-02-07 20:30:00,7,22,0.0,0.0,0.0,0.4366666666666667,7.938,6.0,-5,,,,,,,,infeasible
2021-02-07 21:00:00,7,22,0.0,0.0,0.0,0.29233333333333333,5.292,6.0,-5,,,,,,,,infeasible
2021-02-07 21:30:00,7,22,0.0,0.0,0.0,0.6614333333333333,9.261,6.0,-5,,,,,,,,infeasible
2021-02-07 22:00:00,7,22,0.0,0.0,0.0,0.3375666666666667,10.3635,6.0,-5,,,,,,,,infeasible
2021-02-07 22:30:00,7,22,0.0,0.0,0.0,0.25103333333333333,8.274,6.0,-5,,,,,,,,infeasible
2021-02-07 23:00:00,7,22,0.0,0.0,0.0,0.14266666666666666,7.7175,6.0,-5,,,,,,,,infeasible
2021-02-07 23:30:00,7,22,0.0,0.0,0.0,0.22893333333333332,6.615,6.0,-5,,,,,,,,infeasible
2021-02-08 00:00:00,7,22,0.0,0.0,0.0,0.19323333333333328,10.143,6.0,3,,,,,,,,infeasible
2021-02-08 00:30:00,7,22,0.0,0.0,0.0,0.09029999999999999,11.2455,6.0,3,,,,,,,,infeasible
2021-02-08 01:00:00,7,22,0.0,0.0,0.0,0.071,11.025,6.0,3,,,,,,,,infeasible
2021-02-08 01:30:00,7,22,0.0,0.0,0.0,0.10959999999999999,5.9745,6.0,3,,,,,,,,infeasible
2021-02-08 02:00:00,7,22,0.0,0.0,0.0,0.1883333333333333,7.938,6.0,3,,,,,,,,infeasible
2021-02-08 02:30:00,7,22,0.0,0.0,0.0,0.12140000000000001,8.6835,6.0,3,,,,,,,,infeasible
2021-02-08 03:00:00,7,22,0.0,0.0,0.0,0.071,7.665,6.0,3,,,,,,,,infeasible
2021-02-08 03:30:00,7,22,0.0,0.0,0.0,0.24853333333333333,6.7725,6.0,3,,,,,,,,infeasible
2021-02-08 04:00:00,7,22,0.0,0.0,0.0,0.0998,5.5755,6.0,3,,,,,,,,infeasible
2021-02-08 04:30:00,7,22,0.0,0.0,0.0,0.071,5.0925,6.0,3,,,,,,,,infeasible
2021-02-08 05:00:00,7,22,0.0,0.0,0.0,0.21253333333333332,4.1895,6.0,3,,,,,,,,infeasible
2021-02-08 05:30:00,7,22,0.0,0.0,0.0,0.071,7.056,6.0,3,,,,,,,,infeasible
2021-02-08 06:00:00,7,22,0.0,0.0,0.0,0.13503333333333334,5.271,6.0,3,,,,,,,,infeasible
2021-02-08 06:30:00,7,22,0.0,0.0,0.0,0.21330000000000002,7.938,6.0,3,,,,,,,,infeasible
2021-02-08 07:00:00,7,22,0.0,0.0,0.0,0.071,7.938,6.0,3,,,,,,,,infeasible
2021-02-08 07:30:00,7,22,0.0,0.0,0.0,0.2516,11.907,6.0,3,,,,,,,,infeasible
2021-02-08 08:00:00,7,22,0.0,0.0,0.0,0.3031666666666667,11.025,6.0,3,,,,,,,,infeasible
2021-02-08 08:30:00,7,22,0.0,0.0,0.0,0.15646666666666667,11.2875,6.0,3,,,,,,,,infeasible
2021-02-08 09:00:00,7,22,0.0,0.0,0.0,0.19793333333333332,12.936,6.0,3,,,,,,,,infeasible
2021-02-08 09:30:00,7,22,0.0,0.0,0.0,0.2041,13.0095,6.0,3,,,,,,,,infeasible
2021-02-08 10:00:00,7,22,0.0,0.0,0.0,0.07766666666666668,13.671,6.0,3,,,,,,,,infeasible
2021-02-08 10:30:00,7,22,0.0,0.0,0.0,1.4506333333333334,13.188,6.0,3,,,,,,,,infeasible
2021-02-08 11:00:00,7,22,0.0,0.0,0.0,0.17643333333333333,13.8495,6.0,3,,,,,,,,infeasible
2021-02-08 11:30:00,7,22,0.0,0.0,0.0,0.24459999999999998,13.23,6.0,3,,,,,,,,infeasible
2021-02-08 12:00:00,7,22,0.0,0.0,0.0,1.9676666666666667,13.3665,6.0,3,,,,,,,,infeasible
2021-02-08 12:30:00,7,22,0.0,0.0,0.0,0.46366666666666667,13.0515,6.0,3,,,,,,,,infeasible
2021-02-08 13:00:00,7,22,0.0,0.0,0.0,0.5049,13.5345,6.0,3,,,,,,,,infeasible
2021-02-08 13:30:00,7,22,0.0,0.0,0.0,0.7247666666666667,14.154,6.0,3,,,,,,,,infeasible
2021-02-08 14:00:00,7,22,0.0,0.0,0.0,0.40803333333333336,14.112,6.0,3,,,,,,,,infeasible
2021-02-08 14:30:00,7,22,0.0,0.0,0.0,0.5002333333333333,14.2485,6.0,3,,,,,,,,infeasible
2021-02-08 15:00:00,7,22,0.0,0.0,0.0,1.4290999999999998,12.789,6.0,3,,,,,,,,infeasible
2021-02-08 15:30:00,7,22,0.0,0.0,0.0,0.8695666666666667,13.0095,6.0,3,,,,,,,,infeasible
2021-02-08 16:00:00,7,22,0.0,0.0,0.0,0.5129,12.1275,6.0,3,,,,,,,,infeasible
2021-02-08 16:30:00,7,22,0.0,0.0,0.0,0.6373666666666666,12.348,6.0,3,,,,,,,,infeasible
2021-02-08 17:00:00,7,22,0.0,0.0,0.0,0.4674666666666666,12.348,6.0,3,,,,,,,,infeasible
2021-02-08 17:30:00,7,22,0.0,0.0,0.0,0.5042333333333333,25.389,6.0,3,,,,,,,,infeasible
2021-02-08 18:00:00,7,22,0.0,0.0,0.0,0.39726666666666666,29.1375,6.0,3,,,,,,,,infeasible
2021-02-08 18:30:00,7,22,0.0,0.0,0.0,0.3552,30.597,6.0,3,,,,,,,,infeasible
2021-02-08 19:00:00,7,22,0.0,0.0,0.0,0.46063333333333334,33.684,6.0,3,,,,,,,,infeasible
2021-02-08 19:30:00,7,22,0.0,0.0,0.0,0.5580666666666667,32.445,6.0,3,,,,,,,,infeasible
2021-02-08 20:00:00,7,22,0.0,0.0,0.0,0.4782666666666667,28.917,6.0,3,,,,,,,,infeasible
2021-02-08 20:30:00,7,22,0.0,0.0,0.0,0.8729333333333332,15.876,6.0,3,,,,,,,,infeasible
2021-02-08 21:00:00,7,22,0.0,0.0,0.0,0.4051666666666667,12.348,6.0,3,,,,,,,,infeasible
2021-02-08 21:30:00,7,22,0.0,0.0,0.0,0.5965666666666667,12.1275,6.0,3,,,,,,,,infeasible
2021-02-08 22:00:00,7,22,0.0,0.0,0.0,0.1422,12.348,6.0,3,,,,,,,,infeasible
2021-02-08 22:30:00,7,22,0.0,0.0,0.0,0.09386666666666665,12.1275,6.0,3,,,,,,,,infeasible
2021-02-08 23:00:00,7,22,0.0,0.0,0.0,0.24566666666666662,12.1275,6.0,3,,,,,,,,infeasible
2021-02-08 23:30:00,7,22,0.0,0.0,0.0,0.10479999999999999,11.2665,6.0,3,,,,,,,,infeasible
2021-02-09 00:00:00,7,22,0.0,0.0,0.0,0.11,13.23,6.0,18,,,,,,,,infeasible
2021-02-09 00:30:00,7,22,0.0,0.0,0.0,0.0682,13.8915,6.0,18,,,,,,,,infeasible
2021-02-09 01:00:00,7,22,0.0,0.0,0.0,0.14026666666666668,26.9325,6.0,18,,,,,,,,infeasible
2021-02-09 01:30:00,7,22,0.0,0.0,0.0,0.15680000000000002,30.303,6.0,18,,,,,,,,infeasible
2021-02-09 02:00:00,7,22,0.0,0.0,0.0,0.054,32.886,6.0,18,,,,,,,,infeasible
2021-02-09 02:30:00,7,22,0.0,0.0,0.0,0.15933333333333335,34.9965,6.0,18,,,,,,,,infeasible
2021-02-09 03:00:00,7,22,0.0,0.0,0.0,0.12073333333333332,33.327,6.0,18,,,,,,,,infeasible
2021-02-09 03:30:00,7,22,0.0,0.0,0.0,0.08013333333333333,31.122,6.0,18,,,,,,,,infeasible
2021-02-09 04:00:00,7,22,0.0,0.0,0.0,0.09506666666666666,17.9025,6.0,18,,,,,,,,infeasible
2021-02-09 04:30:00,7,22,0.0,0.0,0.0,0.057,15.6555,6.0,18,,,,,,,,infeasible
2021-02-09 05:00:00,7,22,0.0,0.0,0.0,0.061,14.553,6.0,18,,,,,,,,infeasible
2021-02-09 05:30:00,7,22,0.0,0.0,0.0,0.14503333333333332,14.3325,6.0,18,,,,,,,,infeasible
2021-02-09 06:00:00,7,22,0.0,0.0,0.0,0.13503333333333334,13.335,6.0,18,,,,,,,,infeasible
2021-02-09 06:30:00,7,22,0.0,0.0,0.0,0.054,12.1275,6.0,18,,,,,,,,infeasible
2021-02-09 07:00:00,7,22,0.0,0.0,0.0,0.1448,12.2955,6.0,18,,,,,,,,infeasible
2021-02-09 07:30:00,7,22,0.0,0.0,0.0,0.13526666666666667,11.6865,6.0,18,,,,,,,,infeasible
2021-02-09 08:00:00,7,22,0.0,0.0,0.0,0.10046666666666668,11.466,6.0,18,,,,,,,,infeasible
2021-02-09 08:30:00,7,22,0.0,0.0,0.0,0.0844,10.8045,6.0,18,,,,,,,,infeasible
2021-02-09 09:00:00,7,22,0.0,0.0,0.0,0.27726666666666666,10.584,6.0,18,,,,,,,,infeasible
2021-02-09 09:30:00,7,22,0.0,0.0,0.0,0.11766666666666668,11.2455,6.0,18,,,,,,,,infeasible
2021-02-09 10:00:00,7,22,0.0,0.0,0.0,0.23683333333333328,12.1275,6.0,18,,,,,,,,infeasible
2021-02-09 10:30:00,7,22,0.0,0.0,0.0,0.539,11.823,6.0,18,,,,,,,,infeasible
2021-02-09 11:00:00,7,22,0.0,0.0,0.0,1.894233333333333,11.7705,6.0,18,,,,,,,,infeasible
2021-02-09 11:30:00,7,22,0.0,0.0,0.0,0.1814333333333333,11.13,6.0,18,,,,,,,,infeasible
2021-02-09 12:00:00,7,22,0.0,0.0,0.0,0.4263,11.6865,6.0,18,,,,,,,,infeasible
2021-02-09 12:30:00,7,22,0.0,0.0,0.0,0.2883,10.7205,6.0,18,,,,,,,,infeasible
2021-02-09 13:00:00,7,22,0.0,0.0,0.0,0.2334333333333333,11.424,6.0,18,,,,,,,,infeasible
2021-02-09 13:30:00,7,22,0.0,0.0,0.0,0.1584,10.689,6.0,18,,,,,,,,infeasible
2021-02-09 14:00:00,7,22,0.0,0.0,0.0,0.439,11.361,6.0,18,,,,,,,,infeasible
2021-02-09 14:30:00,7,22,0.0,0.0,0.0,0.20296666666666666,11.571,6.0,18,,,,,,,,infeasible
2021-02-09 15:00:00,7,22,0.0,0.0,0.0,0.09243333333333334,14.3745,6.0,18,,,,,,,,infeasible
2021-02-09 15:30:00,7,22,0.0,0.0,0.0,0.1492666666666667,13.23,6.0,18,,,,,,,,infeasible
2021-02-09 16:00:00,7,22,0.0,0.0,0.0,0.25053333333333333,13.9755,6.0,18,,,,,,,,infeasible
2021-02-09 16:30:00,7,22,0.0,0.0,0.0,0.30619999999999997,14.994,6.0,18,,,,,,,,infeasible
2021-02-09 17:00:00,7,22,0.0,0.0,0.0,0.2555,13.671,6.0,18,,,,,,,,infeasible
2021-02-09 17:30:00,7,22,0.0,0.0,0.0,0.2889,15.981,6.0,18,,,,,,,,infeasible
2021-02-09 18:00:00,7,22,0.0,0.0,0.0,0.20283333333333328,15.6345,6.0,18,,,,,,,,infeasible
2021-02-09 18:30:00,7,22,0.0,0.0,0.0,0.22076666666666667,16.5375,6.0,18,,,,,,,,infeasible
2021-02-09 19:00:00,7,22,0.0,0.0,0.0,0.28896666666666665,14.7735,6.0,18,,,,,,,,infeasible
2021-02-09 19:30:00,7,22,0.0,0.0,0.0,0.4662,15.2145,6.0,18,,,,,,,,infeasible
2021-02-09 20:00:00,7,22,0.0,0.0,0.0,2.5901666666666667,14.553,6.0,18,,,,,,,,infeasible
2021-02-09 20:30:00,7,22,0.0,0.0,0.0,0.4900333333333334,14.3325,6.0,18,,,,,,,,infeasible
2021-02-09 21:00:00,7,22,0.0,0.0,0.0,0.13119999999999998,14.595,6.0,18,,,,,,,,infeasible
2021-02-09 21:30:00,7,22,0.0,0.0,0.0,0.16886666666666666,14.994,6.0,18,,,,,,,,infeasible
2021-02-09 22:00:00,7,22,0.0,0.0,0.0,0.064,14.3325,6.0,18,,,,,,,,infeasible
2021-02-09 22:30:00,7,22,0.0,0.0,0.0,0.1641,13.8915,6.0,18,,,,,,,,infeasible
2021-02-09 23:00:00,7,22,0.0,0.0,0.0,0.6922333333333334,13.8915,6.0,18,,,,,,,,infeasible
2021-02-09 23:30:00,7,22,0.0,0.0,0.0,0.08776666666666666,13.4715,6.0,18,,,,,,,,infeasible
2021-02-10 00:00:00,7,22,0.0,0.0,0.0,0.11993333333333334,34.9965,6.0,12,,,,,,,,infeasible
2021-02-10 00:30:00,7,22,0.0,0.0,0.0,0.3511666666666667,34.9965,6.0,12,,,,,,,,infeasible
2021-02-10 01:00:00,7,22,0.0,0.0,0.0,0.27963333333333334,27.741,6.0,12,,,,,,,,infeasible
2021-02-10 01:30:00,7,22,0.0,0.0,0.0,0.3795,19.026,6.0,12,,,,,,,,infeasible
2021-02-10 02:00:00,7,22,0.0,0.0,0.0,0.12593333333333334,18.7215,6.0,12,,,,,,,,infeasible
2021-02-10 02:30:00,7,22,0.0,0.0,0.0,0.2836666666666667,17.4195,6.0,12,,,,,,,,infeasible
2021-02-10 03:00:00,7,22,0.0,0.0,0.0,0.5719666666666667,16.758,6.0,12,,,,,,,,infeasible
2021-02-10 03:30:00,7,22,0.0,0.0,0.0,0.36910000000000004,14.217,6.0,12,,,,,,,,infeasible
2021-02-10 04:00:00,7,22,0.0,0.0,0.0,0.4505,13.3665,6.0,12,,,,,,,,infeasible
2021-02-10 04:30:00,7,22,0.0,0.0,0.0,0.44889999999999997,12.789,6.0,12,,,,,,,,infeasible
2021-02-10 05:00:00,7,22,0.0,0.0,0.0,0.36156666666666665,11.907,6.0,12,,,,,,,,infeasible
2021-02-10 05:30:00,7,22,0.0,0.0,0.0,0.41026666666666667,11.7075,6.0,12,,,,,,,,infeasible
2021-02-10 06:00:00,7,22,0.0,0.0,0.0,1.6940666666666666,10.8045,6.0,12,,,,,,,,infeasible
2021-02-10 06:30:00,7,22,0.0,0.0,0.0,3.000333333333333,11.508,6.0,12,,,,,,,,infeasible
2021-02-10 07:00:00,7,22,0.0,0.0,0.0,1.7613333333333332,11.508,6.0,12,,,,,,,,infeasible
2021-02-10 07:30:00,7,22,0.0,0.0,0.0,0.7138666666666666,11.508,6.0,12,,,,,,,,infeasible
2021-02-10 08:00:00,7,22,0.0,0.0,0.0,2.0559333333333334,11.844,6.0,12,,,,,,,,infeasible
2021-02-10 08:30:00,7,22,0.0,0.0,0.0,2.176,11.508,6.0,12,,,,,,,,infeasible
2021-02-10 09:00:00,7,22,0.0,0.0,0.0,3.131333333333333,11.508,6.0,12,,,,,,,,infeasible
2021-02-10 09:30:00,7,22,0.0,0.0,0.0,1.0159333333333331,10.4475,6.0,12,,,,,,,,infeasible
2021-02-10 10:00:00,7,22,0.0,0.0,0.0,0.3464,10.8675,6.0,12,,,,,,,,infeasible
2021-02-10 10:30:00,7,22,0.0,0.0,0.0,0.21536666666666668,10.542,6.0,12,,,,,,,,infeasible
2021-02-10 11:00:00,7,22,0.0,0.0,0.0,0.3836,11.025,6.0,12,,,,,,,,infeasible
2021-02-10 11:30:00,7,22,0.0,0.0,0.0,0.44896666666666657,11.025,6.0,12,,,,,,,,infeasible
2021-02-10 12:00:00,7,22,0.0,0.0,0.0,1.3481333333333334,14.553,6.0,12,,,,,,,,infeasible
2021-02-10 12:30:00,7,22,0.0,0.0,0.0,0.8700666666666668,13.0935,6.0,12,,,,,,,,infeasible
2021-02-10 13:00:00,7,22,0.0,0.0,0.0,1.3730333333333333,15.6345,6.0,12,,,,,,,,infeasible
2021-02-10 13:30:00,7,22,0.0,0.0,0.0,3.2751666666666663,18.102,6.0,12,,,,,,,,infeasible
2021-02-10 14:00:00,7,22,0.0,0.0,0.0,2.893,17.199,6.0,12,,,,,,,,infeasible
2021-02-10 14:30:00,7,22,0.0,0.0,0.0,0.5982666666666666,18.2805,6.0,12,,,,,,,,infeasible
2021-02-10 15:00:00,7,22,0.0,0.0,0.0,0.5473333333333333,17.4615,6.0,12,,,,,,,,infeasible
2021-02-10 15:30:00,7,22,0.0,0.0,0.0,0.33896666666666664,18.3225,6.0,12,,,,,,,,infeasible
2021-02-10 16:00:00,7,22,0.0,0.0,0.0,1.1099333333333334,17.094,6.0,12,,,,,,,,infeasible
2021-02-10 16:30:00,7,22,0.0,0.0,0.0,3.0549333333333335,17.094,6.0,12,,,,,,,,infeasible
2021-02-10 17:00:00,7,22,0.0,0.0,0.0,2.2556333333333334,17.094,6.0,12,,,,,,,,infeasible
2021-02-10 17:30:00,7,22,0.0,0.0,0.0,0.2377333333333333,17.3565,6.0,12,,,,,,,,infeasible
2021-02-10 18:00:00,7,22,0.0,0.0,0.0,0.19169999999999998,17.115,6.0,12,,,,,,,,infeasible
2021-02-10 18:30:00,7,22,0.0,0.0,0.0,0.2363,17.241,6.0,12,,,,,,,,infeasible
2021-02-10 19:00:00,7,22,0.0,0.0,0.0,0.1764,17.094,6.0,12,,,,,,,,infeasible
2021-02-10 19:30:00,7,22,0.0,0.0,0.0,0.2529,16.5165,6.0,12,,,,,,,,infeasible
2021-02-10 20:00:00,7,22,0.0,0.0,0.0,0.15636666666666668,17.8185,6.0,12,,,,,,,,infeasible
2021-02-10 20:30:00,7,22,0.0,0.0,0.0,0.23253333333333334,17.094,6.0,12,,,,,,,,infeasible
2021-02-10 21:00:00,7,22,0.0,0.0,0.0,0.20806666666666662,16.8945,6.0,12,,,,,,,,infeasible
2021-02-10 21:30:00,7,22,0.0,0.0,0.0,0.22513333333333332,18.123,6.0,12,,,,,,,,infeasible
2021-02-10 22:00:00,7,22,0.0,0.0,0.0,0.38526666666666665,31.647,6.0,12,,,,,,,,infeasible
2021-02-10 22:30:00,7,22,0.0,0.0,0.0,0.47286666666666666,34.9965,6.0,12,,,,,,,,infeasible
2021-02-10 23:00:00,7,22,0.0,0.0,0.0,0.479,34.9965,6.0,12,,,,,,,,infeasible
2021-02-10 23:30:00,7,22,0.0,0.0,0.0,0.5314666666666666,34.9965,6.0,12,,,,,,,,infeasible
2021-02-11 00:00:00,7,22,0.0,0.0,0.0,0.055,10.4265,6.0,-9,,,,,,,,infeasible
2021-02-11 00:30:00,7,22,0.0,0.0,0.0,0.055,12.789,6.0,-9,,,,,,,,infeasible
2021-02-11 01:00:00,7,22,0.0,0.0,0.0,0.055,12.684,6.0,-9,,,,,,,,infeasible
2021-02-11 01:30:00,7,22,0.0,0.0,0.0,0.055,16.254,6.0,-9,,,,,,,,infeasible
2021-02-11 02:00:00,7,22,0.0,0.0,0.0,0.055,17.64,6.0,-9,,,,,,,,infeasible
2021-02-11 02:30:00,7,22,0.0,0.0,0.0,0.055,19.1625,6.0,-9,,,,,,,,infeasible
2021-02-11 03:00:00,7,22,0.0,0.0,0.0,0.055,26.46,6.0,-9,,,,,,,,infeasible
2021-02-11 03:30:00,7,22,0.0,0.0,0.0,0.055,20.79,6.0,-9,,,,,,,,infeasible
2021-02-11 04:00:00,7,22,0.0,0.0,0.0,0.055,29.106,6.0,-9,,,,,,,,infeasible
2021-02-11 04:30:00,7,22,0.0,0.0,0.0,0.055,19.1835,6.0,-9,,,,,,,,infeasible
2021-02-11 05:00:00,7,22,0.0,0.0,0.0,0.055,19.6665,6.0,-9,,,,,,,,infeasible
2021-02-11 05:30:00,7,22,0.0,0.0,0.0,0.055,19.404,6.0,-9,,,,,,,,infeasible
2021-02-11 06:00:00,7,22,0.0,0.0,0.0,0.055,19.047,6.0,-9,,,,,,,,infeasible
2021-02-11 06:30:00,7,22,0.0,0.0,0.0,0.058,18.858,6.0,-9,,,,,,,,infeasible
2021-02-11 07:00:00,7,22,0.0,0.0,0.0,0.06766666666666667,19.2675,6.0,-9,,,,,,,,infeasible
2021-02-11 07:30:00,7,22,0.0,0.0,0.0,1.8103,18.963,6.0,-9,,,,,,,,infeasible
2021-02-11 08:00:00,7,22,0.0,0.0,0.0,0.5845333333333333,18.438,6.0,-9,,,,,,,,infeasible
2021-02-11 08:30:00,7,22,0.0,0.0,0.0,0.17416666666666666,18.7425,6.0,-9,,,,,,,,infeasible
2021-02-11 09:00:00,7,22,0.0,0.0,0.0,0.065,15.2145,6.0,-9,,,,,,,,infeasible
2021-02-11 09:30:00,7,22,0.0,0.0,0.0,0.065,17.7765,6.0,-9,,,,,,,,infeasible
2021-02-11 10:00:00,7,22,0.0,0.0,0.0,0.065,16.758,6.0,-9,,,,,,,,infeasible
2021-02-11 10:30:00,7,22,0.0,0.0,0.0,0.065,16.422,6.0,-9,,,,,,,,infeasible
2021-02-11 11:00:00,7,22,0.0,0.0,0.0,0.065,16.758,6.0,-9,,,,,,,,infeasible
2021-02-11 11:30:00,7,22,0.0,0.0,0.0,0.065,29.358,6.0,-9,,,,,,,,infeasible
2021-02-11 12:00:00,7,22,0.0,0.0,0.0,0.065,34.9965,6.0,-9,,,,,,,,infeasible
2021-02-11 12:30:00,7,22,0.0,0.0,0.0,0.065,34.65,6.0,-9,,,,,,,,infeasible
2021-02-11 13:00:00,7,22,0.0,0.0,0.0,0.065,34.9965,6.0,-9,,,,,,,,infeasible
2021-02-11 13:30:00,7,22,0.0,0.0,0.0,0.065,34.9965,6.0,-9,,,,,,,,infeasible
2021-02-11 14:00:00,7,22,0.0,0.0,0.0,0.065,30.4815,6.0,-9,,,,,,,,infeasible
2021-02-11 14:30:00,7,22,0.0,0.0,0.0,0.065,21.4305,6.0,-9,,,,,,,,infeasible
2021-02-11 15:00:00,7,22,0.0,0.0,0.0,0.065,14.3325,6.0,-9,,,,,,,,infeasible
2021-02-11 15:30:00,7,22,0.0,0.0,0.0,0.065,13.692,6.0,-9,,,,,,,,infeasible
2021-02-11 16:00:00,7,22,0.0,0.0,0.0,0.065,14.007,6.0,-9,,,,,,,,infeasible
2021-02-11 16:30:00,7,22,0.0,0.0,0.0,0.065,12.873,6.0,-9,,,,,,,,infeasible
2021-02-11 17:00:00,7,22,0.0,0.0,0.0,0.17013333333333333,12.684,6.0,-9,,,,,,,,infeasible
2021-02-11 17:30:00,7,22,0.0,0.0,0.0,0.26966666666666667,12.306,6.0,-9,,,,,,,,infeasible
2021-02-11 18:00:00,7,22,0.0,0.0,0.0,0.34236666666666665,10.6365,6.0,-9,,,,,,,,infeasible
2021-02-11 18:30:00,7,22,0.0,0.0,0.0,0.065,11.2455,6.0,-9,,,,,,,,infeasible
2021-02-11 19:00:00,7,22,0.0,0.0,0.0,0.065,11.2455,6.0,-9,,,,,,,,infeasible
2021-02-11 19:30:00,7,22,0.0,0.0,0.0,0.065,11.025,6.0,-9,,,,,,,,infeasible
2021-02-11 20:00:00,7,22,0.0,0.0,0.0,0.065,12.0855,6.0,-9,,,,,,,,infeasible
2021-02-11 20:30:00,7,22,0.0,0.0,0.0,0.065,11.6865,6.0,-9,,,,,,,,infeasible
2021-02-11 21:00:00,7,22,0.0,0.0,0.0,0.065,11.2245,6.0,-9,,,,,,,,infeasible
2021-02-11 21:30:00,7,22,0.0,0.0,0.0,0.065,11.025,6.0,-9,,,,,,,,infeasible
2021-02-11 22:00:00,7,22,0.0,0.0,0.0,0.065,10.7835,6.0,-9,,,,,,,,infeasible
2021-02-11 22:30:00,7,22,0.0,0.0,0.0,0.065,11.025,6.0,-9,,,,,,,,infeasible
2021-02-11 23:00:00,7,22,0.0,0.0,0.0,0.065,10.584,6.0,-9,,,,,,,,infeasible
2021-02-11 23:30:00,7,22,0.0,0.0,0.0,0.06466666666666668,11.025,6.0,-9,,,,,,,,infeasible
2021-02-12 00:00:00,7,22,0.0,0.0,0.0,0.16383333333333333,10.584,6.0,-6,,,,,,,,infeasible
2021-02-12 00:30:00,7,22,0.0,0.0,0.0,0.1502,9.4185,6.0,-6,,,,,,,,infeasible
2021-02-12 01:00:00,7,22,0.0,0.0,0.0,0.19393333333333332,10.3635,6.0,-6,,,,,,,,infeasible
2021-02-12 01:30:00,7,22,0.0,0.0,0.0,0.2877,9.8385,6.0,-6,,,,,,,,infeasible
2021-02-12 02:00:00,7,22,0.0,0.0,0.0,0.2007333333333333,11.067,6.0,-6,,,,,,,,infeasible
2021-02-12 02:30:00,7,22,0.0,0.0,0.0,0.275,10.8465,6.0,-6,,,,,,,,infeasible
2021-02-12 03:00:00,7,22,0.0,0.0,0.0,0.121,13.671,6.0,-6,,,,,,,,infeasible
2021-02-12 03:30:00,7,22,0.0,0.0,0.0,0.121,12.348,6.0,-6,,,,,,,,infeasible
2021-02-12 04:00:00,7,22,0.0,0.0,0.0,0.062,14.3325,6.0,-6,,,,,,,,infeasible
2021-02-12 04:30:00,7,22,0.0,0.0,0.0,0.41373333333333334,15.393,6.0,-6,,,,,,,,infeasible
2021-02-12 05:00:00,7,22,0.0,0.0,0.0,0.26103333333333334,13.587,6.0,-6,,,,,,,,infeasible
2021-02-12 05:30:00,7,22,0.0,0.0,0.0,0.2543,16.1385,6.0,-6,,,,,,,,infeasible
2021-02-12 06:00:00,7,22,0.0,0.0,0.0,0.22666666666666663,14.595,6.0,-6,,,,,,,,infeasible
2021-02-12 06:30:00,7,22,0.0,0.0,0.0,0.0679,14.637,6.0,-6,,,,,,,,infeasible
2021-02-12 07:00:00,7,22,0.0,0.0,0.0,0.12416666666666669,13.9125,6.0,-6,,,,,,,,infeasible
2021-02-12 07:30:00,7,22,0.0,0.0,0.0,0.2839,13.3665,6.0,-6,,,,,,,,infeasible
2021-02-12 08:00:00,7,22,0.0,0.0,0.0,0.2544333333333333,13.0095,6.0,-6,,,,,,,,infeasible
2021-02-12 08:30:00,7,22,0.0,0.0,0.0,1.9882333333333329,13.8915,6.0,-6,,,,,,,,infeasible
2021-02-12 09:00:00,7,22,0.0,0.0,0.0,0.2632,13.188,6.0,-6,,,,,,,,infeasible
2021-02-12 09:30:00,7,22,0.0,0.0,0.0,0.15816666666666665,12.5685,6.0,-6,,,,,,,,infeasible
2021-02-12 10:00:00,7,22,0.0,0.0,0.0,0.15816666666666665,12.285,6.0,-6,,,,,,,,infeasible
2021-02-12 10:30:00,7,22,0.0,0.0,0.0,1.601233333333333,11.487,6.0,-6,,,,,,,,infeasible
2021-02-12 11:00:00,7,22,0.0,0.0,0.0,1.5747666666666669,11.802,6.0,-6,,,,,,,,infeasible
2021-02-12 11:30:00,7,22,0.0,0.0,0.0,1.4769666666666668,11.2245,6.0,-6,,,,,,,,infeasible
2021-02-12 12:00:00,7,22,0.0,0.0,0.0,2.980933333333333,11.025,6.0,-6,,,,,,,,infeasible
2021-02-12 12:30:00,7,22,0.0,0.0,0.0,2.6262,11.907,6.0,-6,,,,,,,,infeasible
2021-02-12 13:00:00,7,22,0.0,0.0,0.0,0.4868,25.83,6.0,-6,,,,,,,,infeasible
2021-02-12 13:30:00,7,22,0.0,0.0,0.0,0.737,28.035,6.0,-6,,,,,,,,infeasible
2021-02-12 14:00:00,7,22,0.0,0.0,0.0,2.3750999999999998,28.119,6.0,-6,,,,,,,,infeasible
2021-02-12 14:30:00,7,22,0.0,0.0,0.0,0.7859666666666667,30.156,6.0,-6,,,,,,,,infeasible
2021-02-12 15:00:00,7,22,0.0,0.0,0.0,0.21569999999999998,29.1585,6.0,-6,,,,,,,,infeasible
2021-02-12 15:30:00,7,22,0.0,0.0,0.0,0.29183333333333333,26.712,6.0,-6,,,,,,,,infeasible
2021-02-12 16:00:00,7,22,0.0,0.0,0.0,0.133,15.435,6.0,-6,,,,,,,,infeasible
2021-02-12 16:30:00,7,22,0.0,0.0,0.0,0.2022,13.566,6.0,-6,,,,,,,,infeasible
2021-02-12 17:00:00,7,22,0.0,0.0,0.0,0.3717,12.789,6.0,-6,,,,,,,,infeasible
2021-02-12 17:30:00,7,22,0.0,0.0,0.0,0.5363,12.1275,6.0,-6,,,,,,,,infeasible
2021-02-12 18:00:00,7,22,0.0,0.0,0.0,0.6293,13.671,6.0,-6,,,,,,,,infeasible
2021-02-12 18:30:00,7,22,0.0,0.0,0.0,1.5086666666666668,10.668,6.0,-6,,,,,,,,infeasible
2021-02-12 19:00:00,7,22,0.0,0.0,0.0,1.2275333333333334,11.7285,6.0,-6,,,,,,,,infeasible
2021-02-12 19:30:00,7,22,0.0,0.0,0.0,0.206,11.025,6.0,-6,,,,,,,,infeasible
2021-02-12 20:00:00,7,22,0.0,0.0,0.0,0.355,10.689,6.0,-6,,,,,,,,infeasible
2021-02-12 20:30:00,7,22,0.0,0.0,0.0,2.364233333333333,8.1585,6.0,-6,,,,,,,,infeasible
2021-02-12 21:00:00,7,22,0.0,0.0,0.0,1.6592,10.3635,6.0,-6,,,,,,,,infeasible
2021-02-12 21:30:00,7,22,0.0,0.0,0.0,0.8460333333333333,10.8045,6.0,-6,,,,,,,,infeasible
2021-02-12 22:00:00,7,22,0.0,0.0,0.0,0.2828333333333333,11.025,6.0,-6,,,,,,,,infeasible
2021-02-12 22:30:00,7,22,0.0,0.0,0.0,0.20166666666666663,10.3635,6.0,-6,,,,,,,,infeasible
2021-02-12 23:00:00,7,22,0.0,0.0,0.0,0.3348666666666667,10.8045,6.0,-6,,,,,,,,infeasible
2021-02-12 23:30:00,7,22,0.0,0.0,0.0,0.11413333333333334,10.059,6.0,-6,,,,,,,,infeasible
2021-02-13 00:00:00,7,22,0.0,0.0,0.0,0.066,10.584,6.0,-15,,,,,,,,infeasible
2021-02-13 00:30:00,7,22,0.0,0.0,0.0,0.07746666666666667,10.143,6.0,-15,,,,,,,,infeasible
2021-02-13 01:00:00,7,22,0.0,0.0,0.0,0.18066666666666664,13.0095,6.0,-15,,,,,,,,infeasible
2021-02-13 01:30:00,7,22,0.0,0.0,0.0,0.224,11.025,6.0,-15,,,,,,,,infeasible
2021-02-13 02:00:00,7,22,0.0,0.0,0.0,0.1864,12.789,6.0,-15,,,,,,,,infeasible
2021-02-13 02:30:00,7,22,0.0,0.0,0.0,0.07173333333333333,12.1275,6.0,-15,,,,,,,,infeasible
2021-02-13 03:00:00,7,22,0.0,0.0,0.0,0.22956666666666664,12.1695,6.0,-15,,,,,,,,infeasible
2021-02-13 03:30:00,7,22,0.0,0.0,0.0,0.16656666666666667,12.306,6.0,-15,,,,,,,,infeasible
2021-02-13 04:00:00,7,22,0.0,0.0,0.0,0.12613333333333335,13.23,6.0,-15,,,,,,,,infeasible
2021-02-13 04:30:00,7,22,0.0,0.0,0.0,0.24509999999999998,13.671,6.0,-15,,,,,,,,infeasible
2021-02-13 05:00:00,7,22,0.0,0.0,0.0,0.13090000000000002,13.9335,6.0,-15,,,,,,,,infeasible
2021-02-13 05:30:00,7,22,0.0,0.0,0.0,0.07,13.293,6.0,-15,,,,,,,,infeasible
2021-02-13 06:00:00,7,22,0.0,0.0,0.0,0.17923333333333333,12.1065,6.0,-15,,,,,,,,infeasible
2021-02-13 06:30:00,7,22,0.0,0.0,0.0,0.23756666666666665,11.571,6.0,-15,,,,,,,,infeasible
2021-02-13 07:00:00,7,22,0.0,0.0,0.0,0.16933333333333334,11.025,6.0,-15,,,,,,,,infeasible
2021-02-13 07:30:00,7,22,0.0,0.0,0.0,0.36160000000000003,10.8465,6.0,-15,,,,,,,,infeasible
2021-02-13 08:00:00,7,22,0.0,0.0,0.0,0.2405,11.2455,6.0,-15,,,,,,,,infeasible
2021-02-13 08:30:00,7,22,0.0,0.0,0.0,0.6252333333333333,23.8665,6.0,-15,,,,,,,,infeasible
2021-02-13 09:00:00,7,22,0.0,0.0,0.0,0.3145333333333334,27.4575,6.0,-15,,,,,,,,infeasible
2021-02-13 09:30:00,7,22,0.0,0.0,0.0,0.258,27.3735,6.0,-15,,,,,,,,infeasible
2021-02-13 10:00:00,7,22,0.0,0.0,0.0,0.3252,30.4605,6.0,-15,,,,,,,,infeasible
2021-02-13 10:30:00,7,22,0.0,0.0,0.0,2.7491333333333334,30.0195,6.0,-15,,,,,,,,infeasible
2021-02-13 11:00:00,7,22,0.0,0.0,0.0,2.8260666666666667,26.9325,6.0,-15,,,,,,,,infeasible
2021-02-13 11:30:00,7,22,0.0,0.0,0.0,0.6210333333333333,14.595,6.0,-15,,,,,,,,infeasible
2021-02-13 12:00:00,7,22,0.0,0.0,0.0,1.6511,12.4845,6.0,-15,,,,,,,,infeasible
2021-02-13 12:30:00,7,22,0.0,0.0,0.0,0.45353333333333334,12.1275,6.0,-15,,,,,,,,infeasible
2021-02-13 13:00:00,7,22,0.0,0.0,0.0,0.24866666666666662,12.1275,6.0,-15,,,,,,,,infeasible
2021-02-13 13:30:00,7,22,0.0,0.0,0.0,0.34546666666666664,12.789,6.0,-15,,,,,,,,infeasible
2021-02-13 14:00:00,7,22,0.0,0.0,0.0,0.37489999999999996,11.907,6.0,-15,,,,,,,,infeasible
2021-02-13 14:30:00,7,22,0.0,0.0,0.0,0.32443333333333335,11.025,6.0,-15,,,,,,,,infeasible
2021-02-13 15:00:00,7,22,0.0,0.0,0.0,0.4881666666666667,8.2005,6.0,-15,,,,,,,,infeasible
2021-02-13 15:30:00,7,22,0.0,0.0,0.0,0.31660000000000005,9.5655,6.0,-15,,,,,,,,infeasible
2021-02-13 16:00:00,7,22,0.0,0.0,0.0,0.46823333333333333,7.056,6.0,-15,,,,,,,,infeasible
2021-02-13 16:30:00,7,22,0.0,0.0,0.0,0.3575,9.3975,6.0,-15,,,,,,,,infeasible
2021-02-13 17:00:00,7,22,0.0,0.0,0.0,0.9312999999999999,10.059,6.0,-15,,,,,,,,infeasible
2021-02-13 17:30:00,7,22,0.0,0.0,0.0,1.6522999999999999,9.261,6.0,-15,,,,,,,,infeasible
2021-02-13 18:00:00,7,22,0.0,0.0,0.0,0.5913999999999999,8.1585,6.0,-15,,,,,,,,infeasible
2021-02-13 18:30:00,7,22,0.0,0.0,0.0,0.3981,9.4815,6.0,-15,,,,,,,,infeasible
2021-02-13 19:00:00,7,22,0.0,0.0,0.0,0.5403333333333333,8.379,6.0,-15,,,,,,,,infeasible
2021-02-13 19:30:00,7,22,0.0,0.0,0.0,0.3506,9.5235,6.0,-15,,,,,,,,infeasible
2021-02-13 20:00:00,7,22,0.0,0.0,0.0,1.9084,8.1375,6.0,-15,,,,,,,,infeasible
2021-02-13 20:30:00,7,22,0.0,0.0,0.0,1.0637333333333332,10.0905,6.0,-15,,,,,,,,infeasible
2021-02-13 21:00:00,7,22,0.0,0.0,0.0,0.3731333333333333,7.539,6.0,-15,,,,,,,,infeasible
2021-02-13 21:30:00,7,22,0.0,0.0,0.0,0.6998,7.938,6.0,-15,,,,,,,,infeasible
2021-02-13 22:00:00,7,22,0.0,0.0,0.0,0.08933333333333333,8.274,6.0,-15,,,,,,,,infeasible
2021-02-13 22:30:00,7,22,0.0,0.0,0.0,0.3049,9.261,6.0,-15,,,,,,,,infeasible
2021-02-13 23:00:00,7,22,0.0,0.0,0.0,0.1312333333333333,9.9225,6.0,-15,,,,,,,,infeasible
2021-02-13 23:30:00,7,22,0.0,0.0,0.0,0.2025,9.702,6.0,-15,,,,,,,,infeasible
2021-02-07 00:00:00,8,22,0.0,0.0,0.0,0.23263333333333333,9.261,6.0,0,21.0,,0.0,0.0,0.0,0.0,47.952,optimal
2021-02-07 00:30:00,8,22,0.0,0.0,0.0,0.1165,10.3635,6.0,0,20.95058364408446,,0.0,0.0,0.0,0.0,47.904047999999996,optimal
2021-02-07 01:00:00,8,22,0.0,0.0,0.0,0.16266666666666665,8.274,6.0,0,20.897986013091327,,0.0,0.0,0.0,0.0,47.856143952,optimal
2021-02-07 01:30:00,8,22,0.0,0.0,0.0,0.11866666666666668,7.7175,6.0,0,20.846434637438087,,0.0,0.0,0.0,0.0,47.80828780804799,optimal
2021-02-07 02:00:00,8,22,0.0,0.0,0.0,0.15316666666666665,6.615,6.0,0,20.79374497492373,,0.0,0.0,0.0,0.0,47.76047952023995,optimal
2021-02-07 02:30:00,8,22,0.0,0.0,0.0,0.19596666666666668,6.174,6.0,0,20.741960469194566,,0.0,0.0,0.0,0.0,47.712719040719705,optimal
2021-02-07 03:00:00,8,22,0.0,0.0,0.0,0.06,3.906,6.0,0,20.691132108091946,,0.0,0.0,0.0,0.0,47.66500632167899,optimal
2021-02-07 03:30:00,8,22,0.0,0.0,0.0,0.2818,2.3415,6.0,0,20.636611686147294,,0.0,0.0,0.0,0.0,47.61734131535731,optimal
2021-02-07 04:00:00,8,22,0.0,0.0,0.0,0.06733333333333333,2.205,6.0,0,20.58786918789217,,0.0,0.0,0.0,0.0,47.56972397404195,optimal
2021-02-07 04:30:00,8,22,2.8,0.0,3.4618345201527156,0.16266666666666665,0.882,6.0,0,20.5335498726286,,7000.0,0.0,0.0,0.0,49.16652564714044,optimal
2021-02-07 05:00:00,8,22,1.2377576322664485,0.0,0.0,0.11866666666666668,1.5435,6.0,0,20.663772981452325,,3094.394080666121,0.0,0.0,0.0,49.1173591214933,optimal
2021-02-07 05:30:00,8,22,2.8,0.0,0.0,0.06,1.5435,6.0,0,20.690947384180866,,7000.0,0.0,0.0,0.0,49.0682417623718,optimal
2021-02-07 06:00:00,8,22,0.0,0.0,0.0,2.4174333333333333,5.0715,6.0,0,20.817993589597503,,0.0,0.0,0.0,0.0,49.01917352060943,optimal
2021-02-07 06:30:00,8,22,0.0,0.0,0.0,0.1227,5.376,6.0,0,20.780584006675483,,0.0,0.0,0.0,0.0,48.97015434708881,optimal
2021-02-07 07:00:00,8,22,0.0,0.0,0.0,0.15990000000000001,5.0715,6.0,0,20.730140197498102,,0.0,0.0,0.0,0.0,48.92118419274172,optimal
2021-02-07 07:30:00,8,22,0.0,0.0,0.0,0.15533333333333335,5.5125,6.0,0,20.677442393827402,,0.0,0.0,0.0,0.0,48.87226300854897,optimal
2021-02-07 08:00:00,8,22,0.0,0.0,0.0,0.1313666666666667,9.261,6.0,0,20.62431115055391,,0.0,0.0,0.0,0.0,48.823390745540415,optimal
2021-02-07 08:30:00,8,22,0.0,0.0,0.0,0.1371,11.7075,6.0,0,20.570053225082184,,0.0,0.0,0.0,0.0,48.774567354794875,optimal
2021-02-07 09:00:00,8,22,0.0,0.0,0.0,0.5685666666666667,12.348,6.0,0,20.516148601383286,,0.0,0.0,0.0,0.0,48.72579278744007,optimal
2021-02-07 09:30:00,8,22,0.0,0.0,0.0,0.33273333333333327,12.348,6.0,0,20.482138303771283,,0.0,0.0,0.0,0.0,48.67706699465263,optimal
2021-02-07 10:00:00,8,22,0.0,0.0,0.0,0.37060000000000004,12.1275,6.0,0,20.443787585478724,,0.0,0.0,0.0,0.0,48.62838992765797,optimal
2021-02-07 10:30:00,8,22,0.0,0.0,0.0,0.4129,12.5265,6.0,0,20.413469595586996,,0.0,0.0,0.0,0.0,48.579761537730306,optimal
2021-02-07 11:00:00,8,22,0.0,0.0,0.0,0.198,11.7495,6.0,0,20.385571373822515,,0.0,0.0,0.0,0.0,48.53118177619257,optimal
2021-02-07 11:30:00,8,22,0.0,0.0,0.0,2.0215666666666663,13.23,6.0,0,20.36295039104701,,0.0,0.0,0.0,0.0,48.48265059441637,optimal
2021-02-07 12:00:00,8,22,0.0,0.0,0.0,0.30046666666666666,14.3325,6.0,0,20.373656326303966,,0.0,0.0,0.0,0.0,48.434167943821954,optimal
2021-02-07 12:30:00,8,22,0.0,0.0,0.0,0.2384,14.994,6.0,0,20.358473418467824,,0.0,0.0,0.0,0.0,48.38573377587813,optimal
2021-02-07 13:00:00,8,22,0.0,0.0,0.0,0.6663666666666667,14.8155,6.0,0,20.341012308316742,,0.0,0.0,0.0,0.0,48.33734804210225,optimal
2021-02-07 13:30:00,8,22,0.0,0.0,0.0,0.2006,14.112,6.0,0,20.326469382225934,,0.0,0.0,0.0,0.0,48.289010694060146,optimal
2021-02-07 14:00:00,8,22,0.0,0.0,0.0,0.5223666666666666,14.007,6.0,0,20.300032673055004,,0.0,0.0,0.0,0.0,48.240721683366075,optimal
2021-02-07 14:30:00,8,22,0.0,0.0,0.0,0.6512,13.23,6.0,0,20.283678053955676,,0.0,0.0,0.0,0.0,48.192480961682705,optimal
2021-02-07 15:00:00,8,22,0.0,0.0,0.0,1.447266666666667,11.382,6.0,0,20.26639860132225,,0.0,0.0,0.0,0.0,48.144288480721016,optimal
2021-02-07 15:30:00,8,22,0.0,0.0,0.0,0.2393333333333333,11.7495,6.0,0,20.26267722869224,,0.0,0.0,0.0,0.0,48.096144192240295,optimal
2021-02-07 16:00:00,8,22,0.0,0.0,0.0,0.4199,24.3285,6.0,0,20.25026209521875,,0.0,0.0,0.0,0.0,48.048048048048045,optimal
2021-02-07 16:30:00,8,22,0.0,0.0,0.0,0.2245,28.917,6.0,0,20.22627187668904,,0.0,0.0,0.0,0.0,48.0,optimal
2021-02-07 17:00:00,8,22,0.0,0.0,0.0,1.7122666666666668,31.3635,6.0,0,20.196928870406104,,0.0,0.0,0.0,0.0,47.31444451155219,optimal
2021-02-07 17:30:00,8,22,0.0,0.0,0.0,0.3428,33.306,6.0,0,20.193363200240594,,0.0,0.0,0.0,0.0,46.62957457859283,optimal
2021-02-07 18:00:00,8,22,0.0,0.0,0.0,0.3176666666666667,31.3425,6.0,0,20.158166264750967,,0.0,0.0,0.0,0.0,45.945389515566426,optimal
2021-02-07 18:30:00,8,22,0.0,0.0,0.0,0.452,28.2555,6.0,0,20.119109162903847,,0.0,0.0,0.0,0.0,45.26188863760305,optimal
2021-02-07 19:00:00,8,22,0.0,0.0,0.0,0.7162666666666666,15.6975,6.0,0,20.08694275616923,,0.0,0.0,0.0,0.0,44.57907126051764,optimal
2021-02-07 19:30:00,8,22,0.0,0.0,0.0,0.8390666666666667,12.5475,6.0,0,20.0624658540751,,0.0,0.0,0.0,0.0,43.89693670080931,optimal
2021-02-07 20:00:00,8,22,0.0,0.0,0.0,0.3666333333333333,12.0855,6.0,0,20.03813915973342,,0.0,0.0,0.0,0.0,43.21548427566069,optimal
2021-02-07 20:30:00,8,22,0.0,0.0,0.0,1.5143333333333333,11.907,6.0,0,20.0,,0.0,0.0,0.0,0.0,42.53471330293722,optimal
2021-02-07 21:00:00,8,22,0.0,0.0,0.0,0.517,12.5685,6.0,0,19.969027069771908,,0.0,0.0,0.0,0.0,41.854623101186476,optimal
2021-02-07 21:30:00,8,22,0.0,0.0,0.0,0.4572333333333333,13.146,6.0,0,19.934874868112164,,0.0,0.0,0.0,0.0,41.17521298963748,optimal
2021-02-07 22:00:00,8,22,0.0,0.0,0.0,0.23133333333333328,10.584,6.0,0,19.898858350162836,,0.0,0.0,0.0,0.0,40.496482288200035,optimal
2021-02-07 22:30:00,8,22,0.0,0.0,0.0,0.07,6.678,6.0,0,19.844786717016994,,0.0,0.0,0.0,0.0,39.81843031746403,optimal
2021-02-07 23:00:00,8,22,0.0,0.0,0.0,0.1378,7.938,6.0,0,19.786697888061564,,0.0,0.0,0.0,0.0,39.14105639869875,optimal
2021-02-07 23:30:00,8,22,0.0,0.0,0.0,0.48423333333333335,5.292,6.0,0,19.730558709962015,,0.0,0.0,0.0,0.0,39.10191534230005,optimal
2021-02-08 00:00:00,8,22,2.8,0.0,5.0,0.065,12.936,6.0,-15,19.730558709962015,,7000.0,0.0,0.0,0.0,41.43781342695775,optimal
2021-02-08 00:30:00,8,22,0.33550901752593193,0.0,4.93520783732084,0.201,13.0095,6.0,-15,19.857860040000013,,838.7725438148299,0.0,0.0,0.0,43.74059933625819,optimal
2021-02-08 01:00:00,8,22,0.0,0.0,0.0,0.07859999999999999,13.671,6.0,-15,19.82818871070685,,0.0,0.0,0.0,0.0,43.696858736921925,optimal
2021-02-08 01:30:00,8,22,0.0,0.0,0.0,0.1823333333333333,13.188,6.0,-15,19.77363805167096,,0.0,0.0,0.0,0.0,43.653161878184996,optimal
2021-02-08 02:00:00,8,22,0.0,0.0,0.0,0.21459999999999999,13.8495,6.0,-15,19.7217975439753,,0.0,0.0,0.0,0.0,43.60950871630681,optimal
2021-02-08 02:30:00,8,22,0.0,0.0,0.0,0.065,13.23,6.0,-15,19.67080141457571,,0.0,0.0,0.0,0.0,43.565899207590505,optimal
2021-02-08 03:00:00,8,22,0.0,0.0,0.0,0.133,13.3665,6.0,-15,19.61624477438222,,0.0,0.0,0.0,0.0,43.522333308382905,optimal
2021-02-08 03:30:00,8,22,2.8,0.0,5.0,0.20526666666666668,13.0515,6.0,-15,19.56379330799388,,7000.0,0.0,0.0,0.0,45.853810975074516,optimal
2021-02-08 04:00:00,8,22,0.0,0.0,0.0,0.12366666666666669,13.5345,6.0,-15,19.695117100820706,,0.0,0.0,0.0,0.0,45.80795716409944,optimal
2021-02-08 04:30:00,8,22,0.0,0.0,0.0,0.065,14.154,6.0,-15,19.64184445254343,,0.0,0.0,0.0,0.0,45.76214920693534,optimal
2021-02-08 05:00:00,8,22,0.0,0.0,0.0,0.21459999999999999,14.112,6.0,-15,19.586896230995087,,0.0,0.0,0.0,0.0,45.716387057728404,optimal
2021-02-08 05:30:00,8,22,0.0,0.0,0.0,0.065,14.2485,6.0,-15,19.53568950350997,,0.0,0.0,0.0,0.0,45.670670670670674,optimal
2021-02-08 06:00:00,8,22,2.8,0.0,5.0,0.13373333333333332,12.789,6.0,-15,19.480599440640145,,7000.0,0.0,0.0,0.0,48.0,optimal
2021-02-08 06:30:00,8,22,2.8,0.0,0.0,0.4908666666666667,13.0095,6.0,-15,19.61027537649302,,7000.0,0.0,0.0,0.0,47.78543839029334,optimal
2021-02-08 07:00:00,8,22,2.8,0.0,0.0,0.065,12.1275,6.0,-15,19.748580589743455,,7000.0,0.0,0.0,0.0,47.5710913421964,optimal
2021-02-08 07:30:00,8,22,2.8,0.0,0.0,0.2144,12.348,6.0,-15,19.872023414071275,,7000.0,0.0,0.0,0.0,47.35695864114754,optimal
2021-02-08 08:00:00,8,22,2.3598643587841845,0.0,0.0,0.38603333333333334,12.348,6.0,-15,20.0,,5899.660896960461,0.0,0.0,0.0,47.14304007279974,optimal
2021-02-08 08:30:00,8,22,0.0,0.0,0.0,0.3641333333333333,25.389,6.0,-15,20.108014661746612,,0.0,0.0,0.0,0.0,46.92933542302029,optimal
2021-02-08 09:00:00,8,22,0.0,0.0,0.0,2.0046,29.1375,6.0,-15,20.06196700957911,,0.0,0.0,0.0,0.0,46.71584447789061,optimal
2021-02-08 09:30:00,8,22,0.0,0.0,0.0,2.7710666666666666,30.597,6.0,-15,20.036418758367464,,0.0,0.0,0.0,0.0,46.50256702370607,optimal
2021-02-08 10:00:00,8,22,0.0,0.0,0.0,1.1383333333333332,33.684,6.0,-15,20.0234625269886,,0.0,0.0,0.0,0.0,46.28950284697571,optimal
2021-02-08 10:30:00,8,22,0.0,0.0,0.0,0.3892,32.445,6.0,-15,20.019414769273467,,0.0,0.0,0.0,0.0,46.07665173442208,optimal
2021-02-08 11:00:00,8,22,0.0,0.0,0.0,0.5914666666666667,28.917,6.0,-15,20.0,,0.0,0.0,0.0,0.0,45.864013472981,optimal
2021-02-08 11:30:00,8,22,0.0,0.0,0.0,0.48106666666666664,15.876,6.0,-15,20.002537831017534,,0.0,0.0,0.0,0.0,45.651587849801366,optimal
2021-02-08 12:00:00,8,22,0.0,0.0,0.0,0.3916,12.348,6.0,-15,20.00089222337507,,0.0,0.0,0.0,0.0,45.43937465224491,optimal
2021-02-08 12:30:00,8,22,0.0,0.0,0.0,0.2088333333333333,12.1275,6.0,-15,20.00419628079114,,0.0,0.0,0.0,0.0,45.227373667886006,optimal
2021-02-08 13:00:00,8,22,0.0,0.0,0.0,0.37826666666666664,12.348,6.0,-15,20.004011233266137,,0.0,0.0,0.0,0.0,45.01558468451147,optimal
2021-02-08 13:30:00,8,22,0.015417177619620094,0.0,0.0,0.1688,12.1275,6.0,-15,20.00863656625851,,38.542944049050234,0.0,0.0,0.0,44.8040074901203,optimal
2021-02-08 14:00:00,8,22,0.1719262837123694,0.0,0.0,0.2047333333333333,12.1275,6.0,-15,20.0,,429.81570928092356,0.0,0.0,0.0,44.59264187292352,optimal
2021-02-08 14:30:00,8,22,0.19048967146502563,0.0,0.0,0.177,11.2665,6.0,-15,20.0,,476.22417866256404,0.0,0.0,0.0,44.38148762134394,optimal
2021-02-08 15:00:00,8,22,1.298074169136995,0.0,0.0,0.19233333333333327,10.143,6.0,-15,20.0,,3245.1854228424877,0.0,0.0,0.0,44.170544524015945,optimal
2021-02-08 15:30:00,8,22,0.0,0.0,0.0,0.2246,11.2455,6.0,-15,20.060420409988907,,0.0,0.0,0.0,0.0,43.959812369785276,optimal
2021-02-08 16:00:00,8,22,0.0,0.0,0.0,0.19233333333333327,11.025,6.0,-15,20.037321923528925,,0.0,0.0,0.0,0.0,43.749290947708836,optimal
2021-02-08 16:30:00,8,22,2.8,0.0,0.0,0.075,5.9745,6.0,-15,20.0,,7000.0,0.0,0.0,0.0,43.53898004705447,optimal
2021-02-08 17:00:00,8,22,0.0,0.0,0.0,1.2074,7.938,6.0,-15,20.1411542768419,,0.0,0.0,0.0,0.0,43.328879457300765,optimal
2021-02-08 17:30:00,8,22,0.0,0.0,0.0,0.2945,8.6835,6.0,-15,20.099126248953045,,0.0,0.0,0.0,0.0,43.11898896813681,optimal
2021-02-08 18:00:00,8,22,0.0,0.0,0.0,0.4876666666666667,7.665,6.0,-15,20.064274170666106,,0.0,0.0,0.0,0.0,42.90930836946202,optimal
2021-02-08 18:30:00,8,22,0.3272752203105839,0.0,0.0,0.21453333333333333,6.7725,6.0,-15,20.02591964711506,,818.1880507764598,0.0,0.0,0.0,42.6998374513859,optimal
2021-02-08 19:00:00,8,22,0.6743937049021503,0.0,0.0,0.3698,5.5755,6.0,-15,20.0,,1685.9842622553758,0.0,0.0,0.0,42.49057600422786,optimal
2021-02-08 19:30:00,8,22,0.6234637593214842,0.0,0.0,0.4773,5.0925,6.0,-15,20.0,,1558.6593983037105,0.0,0.0,0.0,42.28152381851698,optimal
2021-02-08 20:00:00,8,22,0.644693813740835,0.0,0.0,0.4814666666666666,4.1895,6.0,-15,20.0,,1472.4012010187535,0.0,139.3333333333341,0.0,42.07268068499181,optimal
2021-02-08 20:30:00,8,22,0.0,0.0,0.0,0.6237333333333334,7.056,6.0,-15,20.0,,0.0,0.0,0.0,0.0,41.864046394600166,optimal
2021-02-08 21:00:00,8,22,0.0,0.0,0.0,0.44630000000000003,5.271,6.0,-15,19.9650420968935,,0.0,0.0,0.0,0.0,41.65562073849891,optimal
2021-02-08 21:30:00,8,22,0.0,0.0,0.0,0.6254,7.938,6.0,-15,19.929956062135233,,0.0,0.0,0.0,0.0,41.44740350805376,optimal
2021-02-08 22:00:00,8,22,0.0,0.0,0.0,0.48233333333333334,7.938,6.0,-15,19.89938114889521,,0.0,0.0,0.0,0.0,41.239394494839054,optimal
2021-02-08 22:30:00,8,22,0.0,0.0,0.0,0.524,11.907,6.0,-15,19.861437502720374,,0.0,0.0,0.0,0.0,41.198155100344216,optimal
2021-02-08 23:00:00,8,22,0.0,0.0,0.0,0.5007666666666667,11.025,6.0,-15,19.825860992245577,,0.0,0.0,0.0,0.0,41.15695694524387,optimal
2021-02-08 23:30:00,8,22,0.0,0.0,0.0,0.075,11.2875,6.0,-15,19.789105775108606,,0.0,0.0,0.0,0.0,41.115799988298626,optimal
2021-02-09 00:00:00,8,22,0.0,0.0,0.0,0.062,32.886,6.0,14,19.789105775108606,,0.0,0.0,0.0,0.0,41.07468418831033,optimal
2021-02-09 00:30:00,8,22,0.0,0.0,0.0,0.1124,34.9965,6.0,14,19.73135944801225,,0.0,0.0,0.0,0.0,41.03360950412202,optimal
2021-02-09 01:00:00,8,22,0.0,0.0,0.0,0.062,33.327,6.0,14,19.675271291284897,,0.0,0.0,0.0,0.0,40.9925758946179,optimal
2021-02-09 01:30:00,8,22,0.0,0.0,0.0,0.1124,31.122,6.0,14,19.618216731334314,,0.0,0.0,0.0,0.0,40.95158331872328,optimal
2021-02-09 02:00:00,8,22,0.0,0.0,0.0,0.062,17.9025,6.0,14,19.562332845013266,,0.0,0.0,0.0,0.0,40.91063173540456,optimal
2021-02-09 02:30:00,8,22,0.0,0.0,0.0,0.062,15.6555,6.0,14,19.50499663581018,,0.0,0.0,0.0,0.0,40.86972110366915,optimal
2021-02-09 03:00:00,8,22,0.0,0.0,0.0,0.062,14.553,6.0,14,19.448007665563836,,0.0,0.0,0.0,0.0,40.82885138256548,optimal
2021-02-09 03:30:00,8,22,0.0,0.0,0.0,0.1124,14.3325,6.0,14,19.391364810935766,,0.0,0.0,0.0,0.0,40.78802253118292,optimal
2021-02-09 04:00:00,8,22,0.0,0.0,0.0,0.062,13.335,6.0,14,19.3365383098223,,0.0,0.0,0.0,0.0,40.74723450865174,optimal
2021-02-09 04:30:00,8,22,2.8,0.0,0.0,0.062,12.1275,6.0,14,19.280903076899413,,6373.0,0.0,627.0,0.0,40.706487274143086,optimal
2021-02-09 05:00:00,8,22,0.5401003237426366,0.0,0.0,0.1124,12.2955,6.0,14,19.39072175144845,,1350.2508093565916,0.0,0.0,0.0,40.66578078686894,optimal
2021-02-09 05:30:00,8,22,2.8,0.0,0.0,0.062,11.6865,6.0,14,19.370659038029956,,7000.0,0.0,0.0,0.0,40.625115006082076,optimal
2021-02-09 06:00:00,8,22,2.8,0.0,0.0,0.1124,11.466,6.0,14,19.496155946422828,,7000.0,0.0,0.0,0.0,40.584489891076,optimal
2021-02-09 06:30:00,8,22,2.8,0.0,5.0,0.062,10.8045,6.0,14,19.622556469584506,,7000.0,0.0,0.0,0.0,42.91890540118492,optimal
2021-02-09 07:00:00,8,22,2.8,0.0,5.0,0.062,10.584,6.0,14,19.747076722010537,,7000.0,0.0,0.0,0.0,45.250986495783735,optimal
2021-02-09 07:30:00,8,22,2.8,0.0,0.0,0.11246666666666669,11.2455,6.0,14,19.87103239114419,,7000.0,0.0,0.0,0.0,45.205735509287955,optimal
2021-02-09 08:00:00,8,22,0.5997167766284133,0.0,0.0,1.5797999999999999,12.1275,6.0,14,20.0,,1290.2919415710332,0.0,209.0,0.0,45.16052977377867,optimal
2021-02-09 08:30:00,8,22,0.8005187222090342,0.0,0.0,0.6501666666666667,11.823,6.0,14,20.0,,1443.9634721892523,0.0,557.3333333333333,0.0,45.11536924400489,optimal
2021-02-09 09:00:00,8,22,0.6029738584608525,0.0,0.0,1.526,11.7705,6.0,14,20.0,,1228.7679794854648,0.0,278.66666666666663,0.0,45.07025387476089,optimal
2021-02-09 09:30:00,8,22,1.999171375825344,0.0,1.556521526995805,0.16666666666666666,11.13,6.0,14,20.0,,1739.9442025305855,0.0,3257.9842370327747,0.0,45.764531346209125,optimal
2021-02-09 10:00:00,8,22,0.0,0.0,0.0,2.2965,11.6865,6.0,14,20.007486742058813,,0.0,0.0,0.0,0.0,45.71876681486292,optimal
2021-02-09 10:30:00,8,22,2.8,0.0,5.0,0.2533333333333333,10.7205,6.0,14,20.0,,5172.317570366108,0.0,1827.6824296338918,0.0,48.048048048048045,optimal
2021-02-09 11:00:00,8,22,0.0,0.0,0.0,0.24973333333333328,11.424,6.0,14,20.116332608010016,,0.0,0.0,0.0,0.0,48.0,optimal
2021-02-09 11:30:00,8,22,2.8,0.0,0.0,1.0226333333333333,10.689,6.0,14,20.108071216365143,,7000.0,0.0,0.0,0.0,47.456260999617555,optimal
2021-02-09 12:00:00,8,22,0.0,0.0,0.0,2.5046,11.361,6.0,14,20.290609702486183,,0.0,0.0,0.0,0.0,46.913065738235495,optimal
2021-02-09 12:30:00,8,22,0.0,0.0,0.0,0.20076666666666668,11.571,6.0,14,20.313081159940754,,0.0,0.0,0.0,0.0,46.370413672114815,optimal
2021-02-09 13:00:00,8,22,0.0,0.0,0.0,0.2336,14.3745,6.0,14,20.310285490697503,,0.0,0.0,0.0,0.0,45.82830425806026,optimal
2021-02-09 13:30:00,8,22,0.0,0.0,0.0,0.4772666666666667,13.23,6.0,14,20.31200616623926,,0.0,0.0,0.0,0.0,45.286736953419755,optimal
2021-02-09 14:00:00,8,22,0.0,0.0,0.0,0.2318,13.9755,6.0,14,20.320150852666263,,0.0,0.0,0.0,0.0,44.74571121608389,optimal
2021-02-09 14:30:00,8,22,0.0,0.0,0.0,0.2617,14.994,6.0,14,20.320503842359166,,0.0,0.0,0.0,0.0,44.70096550486781,optimal
2021-02-09 15:00:00,8,22,0.0,0.0,0.0,0.5699,13.671,6.0,14,20.32852125018337,,0.0,0.0,0.0,0.0,44.656264539362944,optimal
2021-02-09 15:30:00,8,22,0.0,0.0,0.0,0.11120000000000001,15.981,6.0,14,20.335365178348123,,0.0,0.0,0.0,0.0,44.61160827482358,optimal
2021-02-09 16:00:00,8,22,0.0,0.0,0.0,0.5587000000000001,15.6345,6.0,14,20.318466838271387,,0.0,0.0,0.0,0.0,44.56699666654876,optimal
2021-02-09 16:30:00,8,22,0.0,0.0,0.0,0.3768,16.5375,6.0,14,20.3011672657885,,0.0,0.0,0.0,0.0,44.522429669882214,optimal
2021-02-09 17:00:00,8,22,0.0,0.0,0.0,0.4059,14.7735,6.0,14,20.282277555786763,,0.0,0.0,0.0,0.0,44.47790724021233,optimal
2021-02-09 17:30:00,8,22,0.0,0.0,0.0,1.3357333333333332,15.2145,6.0,14,20.244514991723513,,0.0,0.0,0.0,0.0,44.43342933297212,optimal
2021-02-09 18:00:00,8,22,0.0,0.0,0.0,0.2552,14.553,6.0,14,20.209914310018817,,0.0,0.0,0.0,0.0,44.38899590363915,optimal
2021-02-09 18:30:00,8,22,0.0,0.0,0.0,0.27646666666666664,14.3325,6.0,14,20.165159037892735,,0.0,0.0,0.0,0.0,44.34460690773551,optimal
2021-02-09 19:00:00,8,22,0.0,0.0,0.0,0.3156333333333333,14.595,6.0,14,20.121175422178077,,0.0,0.0,0.0,0.0,44.300262300827775,optimal
2021-02-09 19:30:00,8,22,0.0,0.0,0.0,0.3435,14.994,6.0,14,20.08178584361358,,0.0,0.0,0.0,0.0,44.255962038526945,optimal
2021-02-09 20:00:00,8,22,0.0,0.0,0.0,0.2484333333333333,14.3325,6.0,14,20.040983694586444,,0.0,0.0,0.0,0.0,44.21170607648842,optimal
2021-02-09 20:30:00,8,22,0.0,0.0,0.0,0.362,13.8915,6.0,14,20.0,,0.0,0.0,0.0,0.0,44.16749437041193,optimal
2021-02-09 21:00:00,8,22,0.0,0.0,0.0,0.4244,13.8915,6.0,14,19.9586642820305,,0.0,0.0,0.0,0.0,44.12332687604152,optimal
2021-02-09 21:30:00,8,22,0.0,0.0,0.0,0.38839999999999997,13.4715,6.0,14,19.917603033040717,,0.0,0.0,0.0,0.0,44.07920354916548,optimal
2021-02-09 22:00:00,8,22,0.0,0.0,0.0,0.36806666666666665,13.23,6.0,14,19.88163067167195,,0.0,0.0,0.0,0.0,44.03512434561631,optimal
2021-02-09 22:30:00,8,22,0.0,0.0,0.0,0.567,13.8915,6.0,14,19.84287137485145,,0.0,0.0,0.0,0.0,43.99108922127069,optimal
2021-02-09 23:00:00,8,22,0.0,0.0,0.0,0.2596666666666667,26.9325,6.0,14,19.803108670019807,,0.0,0.0,0.0,0.0,43.94709813204942,optimal
2021-02-09 23:30:00,8,22,0.0,0.0,0.0,0.4929666666666666,30.303,6.0,14,19.75546691425062,,0.0,0.0,0.0,0.0,43.90315103391737,optimal
2021-02-10 00:00:00,8,22,0.0,0.0,0.0,0.064,16.758,6.0,6,19.75546691425062,,0.0,0.0,0.0,0.0,43.85924788288345,optimal
2021-02-10 00:30:00,8,22,0.0,0.0,0.0,0.1807,14.217,6.0,6,19.697252556466093,,0.0,0.0,0.0,0.0,43.815388635000566,optimal
2021-02-10 01:00:00,8,22,0.0,0.0,0.0,0.1343,13.3665,6.0,6,19.641935378070244,,0.0,0.0,0.0,0.0,43.77157324636556,optimal
2021-02-10 01:30:00,8,22,0.0,0.0,0.0,0.10690000000000001,12.789,6.0,6,19.585267980336365,,0.0,0.0,0.0,0.0,43.727801673119195,optimal
2021-02-10 02:00:00,8,22,0.0,0.0,0.0,0.2081,11.907,6.0,6,19.527748431471725,,0.0,0.0,0.0,0.0,43.684073871446074,optimal
2021-02-10 02:30:00,8,22,0.0,0.0,0.0,0.064,11.7075,6.0,6,19.472721058847615,,0.0,0.0,0.0,0.0,43.64038979757463,optimal
2021-02-10 03:00:00,8,22,2.8,0.0,5.0,0.2104,10.8045,6.0,6,19.414127377001375,,0.0,0.0,7000.0,0.0,45.971749407777054,optimal
2021-02-10 03:30:00,8,22,1.6586666666666667,0.0,0.0,0.1046,11.508,6.0,6,19.359527338883073,,0.0,0.0,4146.666666666667,0.0,45.92577765836928,optimal
2021-02-10 04:00:00,8,22,1.4814875034168236,0.0,0.0,0.064,11.508,6.0,6,19.30235480469259,,3703.718758542059,0.0,0.0,0.0,45.87985188071091,optimal
2021-02-10 04:30:00,8,22,2.8,0.0,4.661212672037592,0.08906666666666667,11.508,6.0,6,19.340550508451702,,7000.0,0.0,0.0,0.0,48.048048048048045,optimal
2021-02-10 05:00:00,8,22,0.0,0.0,0.0,0.16666666666666666,11.844,6.0,6,19.469032083056764,,0.0,0.0,0.0,0.0,48.0,optimal
2021-02-10 05:30:00,8,22,2.8,0.0,0.0,0.3462,11.508,6.0,6,19.423875510563686,,7000.0,0.0,0.0,0.0,47.66607117335949,optimal
2021-02-10 06:00:00,8,22,2.8,0.0,0.0,0.519,11.508,6.0,6,19.560257823880804,,7000.0,0.0,0.0,0.0,47.33247627554562,optimal
2021-02-10 06:30:00,8,22,2.8,0.0,0.0,0.22913333333333333,10.4475,6.0,6,19.700467704201124,,7000.0,0.0,0.0,0.0,46.999214972629574,optimal
2021-02-10 07:00:00,8,22,2.8,0.0,0.0,0.37406666666666666,10.8675,6.0,6,19.83570967696964,,7000.0,0.0,0.0,0.0,46.66628693101644,optimal
2021-02-10 07:30:00,8,22,2.8,0.0,0.0,1.6941,10.542,6.0,6,19.975269424081244,,7000.0,0.0,0.0,0.0,46.333691817444915,optimal
2021-02-10 08:00:00,8,22,2.8,0.0,0.0,0.528,11.025,6.0,6,20.117435725487013,,7000.0,0.0,0.0,0.0,46.00142929898696,optimal
2021-02-10 08:30:00,8,22,2.8,0.0,0.0,0.408,11.025,6.0,6,20.254861665961755,,7000.0,0.0,0.0,0.0,45.669499043047466,optimal
2021-02-10 09:00:00,8,22,0.0,0.0,0.0,0.20713333333333334,14.553,6.0,6,20.387932231896134,,0.0,0.0,0.0,0.0,45.33790071736391,optimal
2021-02-10 09:30:00,8,22,0.0,0.0,0.0,0.42510000000000003,13.0935,6.0,6,20.335577438700568,,0.0,0.0,0.0,0.0,45.00663399000604,optimal
2021-02-10 10:00:00,8,22,0.0,0.0,0.0,0.38916666666666666,15.6345,6.0,6,20.29027887856148,,0.0,0.0,0.0,0.0,44.67569852937552,optimal
2021-02-10 10:30:00,8,22,0.0,0.0,0.0,0.38256666666666667,18.102,6.0,6,20.268745599384243,,0.0,0.0,0.0,0.0,44.34509400420564,optimal
2021-02-10 11:00:00,8,22,0.0,0.0,0.0,0.16490000000000002,17.199,6.0,6,20.245274487685908,,0.0,0.0,0.0,0.0,44.01482008356093,optimal
2021-02-10 11:30:00,8,22,0.0,0.0,0.0,0.0773,18.2805,6.0,6,20.225187978802936,,0.0,0.0,0.0,0.0,43.68487643683686,optimal
2021-02-10 12:00:00,8,22,0.0,0.0,0.0,0.2016,17.4615,6.0,6,20.203213739229263,,0.0,0.0,0.0,0.0,43.35526273375952,optimal
2021-02-10 12:30:00,8,22,0.0,0.0,0.0,0.074,18.3225,6.0,6,20.200120001702494,,0.0,0.0,0.0,0.0,43.02597864438525,optimal
2021-02-10 13:00:00,8,22,0.0,0.0,0.0,0.4266666666666667,17.094,6.0,6,20.19372068620596,,0.0,0.0,0.0,0.0,42.69702383910035,optimal
2021-02-10 13:30:00,8,22,0.0,0.0,0.0,0.103,17.094,6.0,6,20.19650961611702,,0.0,0.0,0.0,0.0,42.36839798862074,optimal
2021-02-10 14:00:00,8,22,0.0,0.0,0.0,0.107,17.094,6.0,6,20.188979856279943,,0.0,0.0,0.0,0.0,42.04010076399162,optimal
2021-02-10 14:30:00,8,22,0.0,0.0,0.0,2.4188,17.3565,6.0,6,20.180227585657576,,0.0,0.0,0.0,0.0,41.71213183658712,optimal
2021-02-10 15:00:00,8,22,0.0,0.0,0.0,0.305,17.115,6.0,6,20.21863553853785,,0.0,0.0,0.0,0.0,41.67041970475053,optimal
2021-02-10 15:30:00,8,22,0.0,0.0,0.0,1.8084666666666667,17.241,6.0,6,20.219316505454508,,0.0,0.0,0.0,0.0,41.62874928504578,optimal
2021-02-10 16:00:00,8,22,0.0,0.0,0.0,0.36106666666666665,17.094,6.0,6,20.230425676804806,,0.0,0.0,0.0,0.0,41.58712053576073,optimal
2021-02-10 16:30:00,8,22,0.0,0.0,0.0,0.41136666666666666,16.5165,6.0,6,20.216319693628414,,0.0,0.0,0.0,0.0,41.54553341522497,optimal
2021-02-10 17:00:00,8,22,0.0,0.0,0.0,0.5327999999999999,17.8185,6.0,6,20.20217133953504,,0.0,0.0,0.0,0.0,41.50398788180975,optimal
2021-02-10 17:30:00,8,22,0.0,0.0,0.0,0.49110000000000004,17.094,6.0,6,20.172849947162128,,0.0,0.0,0.0,0.0,41.46248389392794,optimal
2021-02-10 18:00:00,8,22,0.0,0.0,0.0,0.6696,16.8945,6.0,6,20.141243734280554,,0.0,0.0,0.0,0.0,41.42102141003401,optimal
2021-02-10 18:30:00,8,22,0.0,0.0,0.0,0.8861666666666667,18.123,6.0,6,20.11119421467897,,0.0,0.0,0.0,0.0,41.37960038862398,optimal
2021-02-10 19:00:00,8,22,0.0,0.0,0.0,2.1900333333333335,31.647,6.0,6,20.07964386812382,,0.0,0.0,0.0,0.0,41.338220788235354,optimal
2021-02-10 19:30:00,8,22,0.0,0.0,0.0,0.5777,34.9965,6.0,6,20.07109720419096,,0.0,0.0,0.0,0.0,41.29688256744712,optimal
2021-02-10 20:00:00,8,22,0.0,0.0,0.0,0.6260333333333333,34.9965,6.0,6,20.035376386734697,,0.0,0.0,0.0,0.0,41.25558568487968,optimal
2021-02-10 20:30:00,8,22,0.0,0.0,0.0,0.7383333333333334,34.9965,6.0,6,20.0,,0.0,0.0,0.0,0.0,41.2143300991948,optimal
2021-02-10 21:00:00,8,22,0.0,0.0,0.0,0.9785666666666668,34.9965,6.0,6,19.9671106325455,,0.0,0.0,0.0,0.0,41.1731157690956,optimal
2021-02-10 21:30:00,8,22,0.0,0.0,0.0,0.4569,34.9965,6.0,6,19.94116259532549,,0.0,0.0,0.0,0.0,41.131942653326504,optimal
2021-02-10 22:00:00,8,22,0.0,0.0,0.0,0.37089999999999995,27.741,6.0,6,19.895813117783447,,0.0,0.0,0.0,0.0,41.090810710673175,optimal
2021-02-10 22:30:00,8,22,0.0,0.0,0.0,1.3569,19.026,6.0,6,19.84725077126809,,0.0,0.0,0.0,0.0,41.049719899962504,optimal
2021-02-10 23:00:00,8,22,0.0,0.0,0.0,0.7875,18.7215,6.0,6,19.825238775210796,,0.0,0.0,0.0,0.0,41.008670180062545,optimal
2021-02-10 23:30:00,8,22,0.0,0.0,0.0,0.5263333333333333,17.4195,6.0,6,19.784229247438148,,0.0,0.0,0.0,0.0,40.96766150988248,optimal
2021-02-11 00:00:00,8,22,2.8,0.0,5.0,0.0935,16.254,6.0,-12,19.784229247438148,,7000.0,0.0,0.0,0.0,43.3016938483726,optimal
2021-02-11 00:30:00,8,22,2.8,0.0,5.0,0.15146666666666667,17.64,6.0,-12,19.89531676895381,,4840.333333333334,0.0,2159.6666666666665,0.0,45.63339215452423,optimal
2021-02-11 01:00:00,8,22,0.0,0.0,0.0,0.1169,19.1625,6.0,-12,19.951757387814613,,0.0,0.0,0.0,0.0,45.58775876236971,optimal
2021-02-11 01:30:00,8,22,0.0,0.0,0.0,0.056,26.46,6.0,-12,19.88166845278501,,0.0,0.0,0.0,0.0,45.542171003607336,optimal
2021-02-11 02:00:00,8,22,0.0,0.0,0.0,0.13483333333333333,20.79,6.0,-12,19.810223820626867,,0.0,0.0,0.0,0.0,45.496628832603726,optimal
2021-02-11 02:30:00,8,22,0.0,0.0,0.0,0.17103333333333334,29.106,6.0,-12,19.741058738688178,,0.0,0.0,0.0,0.0,45.451132203771124,optimal
2021-02-11 03:00:00,8,22,0.0,0.0,0.7504592323536635,0.101,19.1835,6.0,-12,19.672734532715534,,0.0,0.0,0.0,0.0,45.76214920693534,optimal
2021-02-11 03:30:00,8,22,0.0,0.0,0.0,0.12366666666666669,19.6665,6.0,-12,19.60248809218692,,0.0,0.0,0.0,0.0,45.716387057728404,optimal
2021-02-11 04:00:00,8,22,0.0,0.0,0.0,0.1372,19.404,6.0,-12,19.533866643388848,,0.0,0.0,0.0,0.0,45.670670670670674,optimal
2021-02-11 04:30:00,8,22,0.8738680880776334,0.0,5.0,0.0621,19.047,6.0,-12,19.466627606840383,,2184.6702201940834,0.0,0.0,0.0,48.0,optimal
2021-02-11 05:00:00,8,22,2.8,0.0,0.0,0.1961,18.858,6.0,-12,19.455263516640105,,7000.0,0.0,0.0,0.0,47.75318517359881,optimal
2021-02-11 05:30:00,8,22,0.0,0.0,0.0,0.08929999999999999,19.2675,6.0,-12,19.573665777419894,,0.0,0.0,0.0,0.0,47.50661716202402,optimal
2021-02-11 06:00:00,8,22,2.8,0.0,0.0,0.1887666666666667,18.963,6.0,-12,19.50969391515906,,7000.0,0.0,0.0,0.0,47.26029571846081,optimal
2021-02-11 06:30:00,8,22,2.8,0.0,0.0,0.10636666666666666,18.438,6.0,-12,19.630680059346894,,7000.0,0.0,0.0,0.0,47.01422059634116,optimal
2021-02-11 07:00:00,8,22,2.8,0.0,0.0,0.33586666666666665,18.7425,6.0,-12,19.753116876745302,,7000.0,0.0,0.0,0.0,46.76839154934363,optimal
2021-02-11 07:30:00,8,22,2.8,0.0,0.0,0.1843333333333333,15.2145,6.0,-12,19.883131083973943,,7000.0,0.0,0.0,0.0,46.5228083313931,optimal
2021-02-11 08:00:00,8,22,1.0858006162099152,0.0,0.0,0.0885,17.7765,6.0,-12,20.0,,2714.501540524788,0.0,0.0,0.0,46.277470696660515,optimal
2021-02-11 08:30:00,8,22,1.0337240039626072,0.0,0.0,0.23736666666666667,16.758,6.0,-12,20.0,,2584.3100099065177,0.0,0.0,0.0,46.03237839956267,optimal
2021-02-11 09:00:00,8,22,2.8,0.0,0.0,0.064,16.422,6.0,-12,20.0,,5815.666666666667,0.0,1184.3333333333333,0.0,45.78753119476191,optimal
2021-02-11 09:30:00,8,22,0.14582062908317436,0.0,0.0,0.1848333333333333,16.758,6.0,-12,20.095013538287184,,364.5515727079359,0.0,0.0,0.0,45.54292883716596,optimal
2021-02-11 10:00:00,8,22,0.0,0.0,0.0,0.29056666666666664,29.358,6.0,-12,20.056503236415043,,0.0,0.0,0.0,0.0,45.298571081927605,optimal
2021-02-11 10:30:00,8,22,0.0,0.0,0.0,0.2378,34.9965,6.0,-12,20.036708361430563,,0.0,0.0,0.0,0.0,45.054457684444486,optimal
2021-02-11 11:00:00,8,22,0.0,0.0,0.0,0.291,34.65,6.0,-12,20.013665388061497,,0.0,0.0,0.0,0.0,44.81058840035885,optimal
2021-02-11 11:30:00,8,22,0.0,0.0,0.0,0.24303333333333332,34.9965,6.0,-12,20.005939214575353,,0.0,0.0,0.0,0.0,44.5669629855573,optimal
2021-02-11 12:00:00,8,22,0.0,0.0,0.0,0.34856666666666664,34.9965,6.0,-12,20.0,,0.0,0.0,0.0,0.0,44.32358119617056,optimal
2021-02-11 12:30:00,8,22,0.0,0.0,0.0,2.173233333333333,30.4815,6.0,-12,20.017168200277496,,0.0,0.0,0.0,0.0,44.0804427885732,optimal
2021-02-11 13:00:00,8,22,0.0,0.0,0.0,0.40726666666666667,21.4305,6.0,-12,20.067872018644934,,0.0,0.0,0.0,0.0,43.837547519383435,optimal
2021-02-11 13:30:00,8,22,0.0,0.0,0.0,0.6568666666666667,14.3325,6.0,-12,20.090437021914937,,0.0,0.0,0.0,0.0,43.594895145462864,optimal
2021-02-11 14:00:00,8,22,0.22293333333333334,0.0,0.0,0.22190000000000001,13.692,6.0,-12,20.120752443812318,,0.0,0.0,557.3333333333334,0.0,43.352485423916214,optimal
2021-02-11 14:30:00,8,22,0.0,0.0,0.0,0.31710000000000005,14.007,6.0,-12,20.14248335793065,,0.0,0.0,0.0,0.0,43.11031811209111,optimal
2021-02-11 15:00:00,8,22,0.0,0.0,0.0,0.314,12.873,6.0,-12,20.16603712993066,,0.0,0.0,0.0,0.0,42.868392967577826,optimal
2021-02-11 15:30:00,8,22,0.1393333333333333,0.0,0.0,1.6576,12.684,6.0,-12,20.179759554653806,,0.0,0.0,348.3333333333333,0.0,42.62670974820906,optimal
2021-02-11 16:00:00,8,22,0.11146666666666666,0.0,0.0,2.1879666666666666,12.306,6.0,-12,20.20313465355975,,0.0,0.0,278.66666666666663,0.0,42.38526821205966,optimal
2021-02-11 16:30:00,8,22,2.8,0.0,0.0,0.845,10.6365,6.0,-12,20.204371552114157,,3725.6666666666665,0.0,3274.3333333333335,0.0,42.14406811744641,optimal
2021-02-11 17:00:00,8,22,0.0,0.0,0.0,2.2544,11.2455,6.0,-12,20.291561265094444,,0.0,0.0,0.0,0.0,41.903109222927775,optimal
2021-02-11 17:30:00,8,22,0.0,0.0,0.0,0.1402,11.2455,6.0,-12,20.2812494766128,,0.0,0.0,0.0,0.0,41.662391287303656,optimal
2021-02-11 18:00:00,8,22,0.0,0.0,0.0,0.27203333333333335,11.025,6.0,-12,20.2273906937887,,0.0,0.0,0.0,0.0,41.42191406961516,optimal
2021-02-11 18:30:00,8,22,0.0,0.0,0.0,0.7826666666666666,12.0855,6.0,-12,20.17114096760521,,0.0,0.0,0.0,0.0,41.18167732914436,optimal
2021-02-11 19:00:00,8,22,0.0,0.0,0.0,1.3703333333333332,11.6865,6.0,-12,20.118920805850248,,0.0,0.0,0.0,0.0,40.941680825414025,optimal
2021-02-11 19:30:00,8,22,0.0,0.0,0.0,1.107,11.2245,6.0,-12,20.06293836350404,,0.0,0.0,0.0,0.0,40.70192431818742,optimal
2021-02-11 20:00:00,8,22,1.0721378781942401,0.0,0.0,0.191,11.025,6.0,-12,20.002711030100173,,2680.3446954856004,0.0,0.0,0.0,40.46240756746805,optimal
2021-02-11 20:30:00,8,22,0.0,0.0,0.0,0.23416666666666663,10.7835,6.0,-12,20.0,,0.0,0.0,0.0,0.0,40.22313033349939,optimal
2021-02-11 21:00:00,8,22,0.0,0.0,0.0,0.18519999999999998,11.025,6.0,-12,19.92705560632425,,0.0,0.0,0.0,0.0,40.18290720316589,optimal
2021-02-11 21:30:00,8,22,0.836,0.0,0.0,0.1271,10.584,6.0,-12,19.85910533805247,,0.0,0.0,2090.0,0.0,40.14272429596272,optimal
2021-02-11 22:00:00,8,22,0.0,0.0,0.0,0.23296666666666666,11.025,6.0,-12,19.796951331162063,,0.0,0.0,0.0,0.0,40.10258157166676,optimal
2021-02-11 22:30:00,8,22,0.40518133333333334,0.0,0.0,0.4341666666666667,10.4265,6.0,-12,19.7406467240798,,0.0,0.0,1012.9533333333334,0.0,40.062478990095094,optimal
2021-02-11 23:00:00,8,22,0.0,0.0,0.0,0.33226666666666665,12.789,6.0,-12,19.68833700269985,,0.0,0.0,0.0,0.0,40.022416511105,optimal
2021-02-11 23:30:00,8,22,0.0,0.0,0.0,1.5032333333333332,12.684,6.0,-12,19.63309830711744,,0.0,0.0,0.0,0.0,39.98239409459389,optimal
2021-02-12 00:00:00,8,22,0.0,0.0,0.0,0.078,28.035,6.0,15,19.63309830711744,,0.0,0.0,0.0,0.0,39.9424117004993,optimal
2021-02-12 00:30:00,8,22,0.0,0.0,0.0,0.071,28.119,6.0,15,19.552058849291523,,0.0,0.0,0.0,0.0,39.9024692887988,optimal
2021-02-12 01:00:00,8,22,0.0,0.0,0.0,0.18086666666666668,30.156,6.0,15,19.471099669347634,,0.0,0.0,0.0,0.0,39.86256681951,optimal
2021-02-12 01:30:00,8,22,0.0,0.0,0.0,0.043,29.1585,6.0,15,19.393257196686914,,0.0,0.0,0.0,0.0,39.82270425269049,optimal
2021-02-12 02:00:00,8,22,0.0,0.0,0.0,0.11193333333333334,26.712,6.0,15,19.312407697184852,,0.0,0.0,0.0,0.0,39.7828815484378,optimal
2021-02-12 02:30:00,8,22,0.0,0.0,0.0,0.13293333333333335,15.435,6.0,15,19.233934435318023,,0.0,0.0,0.0,0.0,39.74309866688936,optimal
2021-02-12 03:00:00,8,22,0.3622666666666666,0.0,0.0,0.085,13.566,6.0,15,19.157231225344866,,0.0,0.0,905.6666666666666,0.0,39.70335556822247,optimal
2021-02-12 03:30:00,8,22,2.8,0.0,0.0,0.18086666666666668,12.789,6.0,15,19.08050116218739,,7000.0,0.0,0.0,0.0,39.66365221265425,optimal
2021-02-12 04:00:00,8,22,2.8,0.0,0.0,0.0465,12.1275,6.0,15,19.190664422672633,,7000.0,0.0,0.0,0.0,39.623988560441596,optimal
2021-02-12 04:30:00,8,22,0.618986525900867,0.0,0.0,0.22156666666666663,13.671,6.0,15,19.299244426795926,,1547.4663147521676,0.0,0.0,0.0,39.58436457188115,optimal
2021-02-12 05:00:00,8,22,2.8,0.0,5.0,0.061799999999999994,10.668,6.0,15,19.272606848649836,,7000.0,0.0,0.0,0.0,41.91978020730927,optimal
2021-02-12 05:30:00,8,22,2.8,0.0,0.0,0.0675,11.7285,6.0,15,19.385848405189034,,7000.0,0.0,0.0,0.0,41.877860427101965,optimal
2021-02-12 06:00:00,8,22,2.8,0.0,3.164267607739287,0.21936666666666668,11.025,6.0,15,19.501459775779733,,7000.0,0.0,0.0,0.0,43.339009680351026,optimal
2021-02-12 06:30:00,8,22,2.8,0.0,5.0,0.04866666666666666,10.689,6.0,15,19.62323132066658,,7000.0,0.0,0.0,0.0,45.670670670670674,optimal
2021-02-12 07:00:00,8,22,2.8,0.0,5.0,0.2418333333333333,8.1585,6.0,15,19.749435498542272,,7000.0,0.0,0.0,0.0,48.0,optimal
2021-02-12 07:30:00,8,22,2.8,0.0,0.0,0.09746666666666669,10.3635,6.0,15,19.884787963645817,,7000.0,0.0,0.0,0.0,47.838498613278816,optimal
2021-02-12 08:00:00,8,22,2.2518714975277967,0.0,0.0,0.106,10.8045,6.0,15,20.0,,5629.6787438194915,0.0,0.0,0.0,47.67715872794435,optimal
2021-02-12 08:30:00,8,22,0.0,0.0,0.0,0.18086666666666668,11.025,6.0,15,20.072609681998628,,0.0,0.0,0.0,0.0,47.51598018249523,optimal
2021-02-12 09:00:00,8,22,1.840028783777334,0.0,0.0,0.050333333333333334,10.3635,6.0,15,20.0,,4580.66450269815,0.0,19.40745674518558,0.0,47.35496281559155,optimal
2021-02-12 09:30:00,8,22,0.0,0.0,0.0,0.099,10.8045,6.0,15,20.055315847772505,,0.0,0.0,0.0,0.0,47.19410646605478,optimal
2021-02-12 10:00:00,8,22,2.8,0.0,0.0,0.18786666666666668,10.059,6.0,15,20.0,,2128.021342414971,0.0,4871.9786575850285,0.0,47.03341097286754,optimal
2021-02-12 10:30:00,8,22,0.0,0.0,0.0,0.106,10.584,6.0,15,20.028109563686847,,0.0,0.0,0.0,0.0,46.872876175173495,optimal
2021-02-12 11:00:00,8,22,2.8,0.0,0.0,0.137,9.4185,6.0,15,20.0,,396.38611433021407,0.0,6603.613885669786,0.0,46.71250191227714,optimal
2021-02-12 11:30:00,8,22,2.4583523102224483,0.0,0.0,0.10436666666666666,10.3635,6.0,15,20.0,,6145.88077555612,0.0,0.0,0.0,46.55228802364368,optimal
2021-02-12 12:00:00,8,22,2.8,0.0,0.0,0.0885,9.8385,6.0,15,20.148709931850206,,7000.0,0.0,0.0,0.0,46.39223434889886,optimal
2021-02-12 12:30:00,8,22,0.0,0.0,0.0,0.32363333333333333,11.067,6.0,15,20.3246937057036,,0.0,0.0,0.0,0.0,46.23234072782878,optimal
2021-02-12 13:00:00,8,22,0.0,0.0,0.0,0.2749,10.8465,6.0,15,20.328309815339615,,0.0,0.0,0.0,0.0,46.07260700037977,optimal
2021-02-12 13:30:00,8,22,0.0,0.0,0.0,0.21380000000000002,13.671,6.0,15,20.330229907050622,,0.0,0.0,0.0,0.0,45.9130330066582,optimal
2021-02-12 14:00:00,8,22,0.0,0.0,0.0,0.20136666666666667,12.348,6.0,15,20.328916111677888,,0.0,0.0,0.0,0.0,45.753618586930365,optimal
2021-02-12 14:30:00,8,22,0.0,0.0,0.0,0.053,14.3325,6.0,15,20.31987303971859,,0.0,0.0,0.0,0.0,45.594363581622254,optimal
2021-02-12 15:00:00,8,22,0.0,0.0,0.0,0.21206666666666663,15.393,6.0,15,20.306680524726254,,0.0,0.0,0.0,0.0,45.43526783131945,optimal
2021-02-12 15:30:00,8,22,0.0,0.0,0.0,0.5347999999999999,13.587,6.0,15,20.292803683838184,,0.0,0.0,0.0,0.0,45.276331176766945,optimal
2021-02-12 16:00:00,8,22,0.0,0.0,0.0,0.3495,16.1385,6.0,15,20.294104724643812,,0.0,0.0,0.0,0.0,45.117553458869,optimal
2021-02-12 16:30:00,8,22,0.0,0.0,0.0,0.2642,14.595,6.0,15,20.27900660240303,,0.0,0.0,0.0,0.0,44.95893451868895,optimal
2021-02-12 17:00:00,8,22,0.0,0.0,0.0,0.3932,14.637,6.0,15,20.255296343016937,,0.0,0.0,0.0,0.0,44.80047419744908,optimal
2021-02-12 17:30:00,8,22,0.0,0.0,0.0,0.48606666666666665,13.9125,6.0,15,20.22346694205653,,0.0,0.0,0.0,0.0,44.64217233653044,optimal
2021-02-12 18:00:00,8,22,0.0,0.0,0.0,0.4187666666666667,13.3665,6.0,15,20.192773381445946,,0.0,0.0,0.0,0.0,44.59753016419391,optimal
2021-02-12 18:30:00,8,22,0.0,0.0,0.0,0.3225,13.0095,6.0,15,20.15266884921966,,0.0,0.0,0.0,0.0,44.552932634029716,optimal
2021-02-12 19:00:00,8,22,0.0,0.0,0.0,0.2876,13.8915,6.0,15,20.1140151373584,,0.0,0.0,0.0,0.0,44.50837970139569,optimal
2021-02-12 19:30:00,8,22,0.0,0.0,0.0,0.2582333333333333,13.188,6.0,15,20.075855663802926,,0.0,0.0,0.0,0.0,44.46387132169429,optimal
2021-02-12 20:00:00,8,22,0.0,0.0,0.0,0.3579,12.5685,6.0,15,20.03640825985187,,0.0,0.0,0.0,0.0,44.419407450372596,optimal
2021-02-12 20:30:00,8,22,0.0,0.0,0.0,0.30293333333333333,12.285,6.0,15,20.0,,0.0,0.0,0.0,0.0,44.374988042922226,optimal
2021-02-12 21:00:00,8,22,0.0,0.0,0.0,0.4436666666666667,11.487,6.0,15,19.963827098070055,,0.0,0.0,0.0,0.0,44.3306130548793,optimal
2021-02-12 21:30:00,8,22,0.0,0.0,0.0,0.3123666666666667,11.802,6.0,15,19.93263610954594,,0.0,0.0,0.0,0.0,44.28628244182442,optimal
2021-02-12 22:00:00,8,22,0.0,0.0,0.0,0.4539666666666666,11.2245,6.0,15,19.895255896978302,,0.0,0.0,0.0,0.0,44.241996159382595,optimal
2021-02-12 22:30:00,8,22,0.0,0.0,0.0,0.21259999999999998,11.025,6.0,15,19.864548750229346,,0.0,0.0,0.0,0.0,44.19775416322321,optimal
2021-02-12 23:00:00,8,22,0.0,0.0,0.0,0.053,11.907,6.0,15,19.81335191361249,,0.0,0.0,0.0,0.0,44.15355640905999,optimal
2021-02-12 23:30:00,8,22,0.0,0.0,0.0,0.24986666666666668,25.83,6.0,15,19.75217126568693,,0.0,0.0,0.0,0.0,44.10940285265093,optimal
2021-02-13 00:00:00,8,22,0.0,0.0,0.0,0.051,14.595,6.0,10,19.75217126568693,,0.0,0.0,0.0,0.0,44.06529344979828,optimal
2021-02-13 00:30:00,8,22,0.0,0.0,0.0,0.051,12.4845,6.0,10,19.691326257122444,,0.0,0.0,0.0,0.0,44.021228156348485,optimal
2021-02-13 01:00:00,8,22,0.0,0.0,0.0,0.051,12.1275,6.0,10,19.630839838687237,,0.0,0.0,0.0,0.0,43.97720692819214,optimal
2021-02-13 01:30:00,8,22,0.0,0.0,0.0,0.051,12.1275,6.0,10,19.570710850321124,,0.0,0.0,0.0,0.0,43.93322972126395,optimal
2021-02-13 02:00:00,8,22,0.0,0.0,0.0,0.051,12.789,6.0,10,19.51093813571679,,0.0,0.0,0.0,0.0,43.88929649154269,optimal
2021-02-13 02:30:00,8,22,0.0,0.0,0.0,0.051,11.907,6.0,10,19.45152054230763,,0.0,0.0,0.0,0.0,43.845407195051145,optimal
2021-02-13 03:00:00,8,22,0.0,0.0,0.0,0.051,11.025,6.0,10,19.39229516831167,,0.0,0.0,0.0,0.0,43.801561787856095,optimal
2021-02-13 03:30:00,8,22,2.8,0.0,4.427798574286223,0.051,8.2005,6.0,10,19.333261391887785,,0.0,0.0,7000.0,0.0,45.860964548854184,optimal
2021-02-13 04:00:00,8,22,1.801733271913389,0.0,0.0,0.051,9.5655,6.0,10,19.27425684026254,,3492.6665131168056,0.0,1011.6666666666666,0.0,45.81510358430533,optimal
2021-02-13 04:30:00,8,22,2.8,0.0,5.0,0.051,7.056,6.0,10,19.306035631788294,,7000.0,0.0,0.0,0.0,48.144288480721016,optimal
2021-02-13 05:00:00,8,22,2.8,0.0,0.0,0.051,9.3975,6.0,10,19.42852343392458,,7000.0,0.0,0.0,0.0,48.096144192240295,optimal
2021-02-13 05:30:00,8,22,0.0,0.0,0.0,0.051,10.059,6.0,10,19.550291474920837,,0.0,0.0,0.0,0.0,48.048048048048045,optimal
2021-02-13 06:00:00,8,22,2.8,0.0,0.0,0.4244666666666666,9.261,6.0,10,19.48945254759017,,7000.0,0.0,0.0,0.0,48.0,optimal
2021-02-13 06:30:00,8,22,2.8,0.0,0.0,1.5814333333333335,8.1585,6.0,10,19.623134719255514,,7000.0,0.0,0.0,0.0,47.72201873139536,optimal
2021-02-13 07:00:00,8,22,2.8,0.0,0.0,0.061,9.4815,6.0,10,19.769879107845515,,7000.0,0.0,0.0,0.0,47.44431544405932,optimal
2021-02-13 07:30:00,8,22,2.8,0.0,0.0,0.061,8.379,6.0,10,19.885206976617763,,7000.0,0.0,0.0,0.0,47.16688986001062,optimal
2021-02-13 08:00:00,8,22,1.032700144575564,0.0,0.0,0.061,9.5235,6.0,10,20.0,,2581.7503614389097,0.0,0.0,0.0,46.88974170154597,optimal
2021-02-13 08:30:00,8,22,2.8,0.0,0.0,0.061,8.1375,6.0,10,20.0,,4774.499797611035,0.0,2225.5002023889647,0.0,46.612870691239785,optimal
2021-02-13 09:00:00,8,22,0.0,0.0,0.0,0.061,10.0905,6.0,10,20.0571386353378,,0.0,0.0,0.0,0.0,46.336276551943904,optimal
2021-02-13 09:30:00,8,22,2.8,0.0,0.0,0.36436666666666667,7.539,6.0,10,20.0,,5463.500202388965,0.0,1536.4997976110353,0.0,46.059959006787324,optimal
2021-02-13 10:00:00,8,22,2.8,0.0,0.0,0.2729,7.938,6.0,10,20.096755136182562,,7000.0,0.0,0.0,0.0,45.783917779175894,optimal
2021-02-13 10:30:00,8,22,1.225977357009438,0.0,0.0,0.4273,8.274,6.0,10,20.249523869485227,,3064.943392523595,0.0,0.0,0.0,45.50815259279208,optimal
2021-02-13 11:00:00,8,22,0.0,0.0,0.0,0.204,9.261,6.0,10,20.303229029029144,,0.0,0.0,0.0,0.0,45.232663171594645,optimal
2021-02-13 11:30:00,8,22,0.0,0.0,0.0,0.43856666666666666,9.9225,6.0,10,20.29436872291823,,0.0,0.0,0.0,0.0,44.95744923981841,optimal
2021-02-13 12:00:00,8,22,0.0,0.0,0.0,0.217,9.702,6.0,10,20.29127418070148,,0.0,0.0,0.0,0.0,44.68251052197395,optimal
2021-02-13 12:30:00,8,22,0.0,0.0,0.0,0.24746666666666667,10.584,6.0,10,20.299082279939338,,0.0,0.0,0.0,0.0,44.40784674284734,optimal
2021-02-13 13:00:00,8,22,0.0,0.0,0.0,1.1517,10.143,6.0,10,20.311288935222525,,0.0,0.0,0.0,0.0,44.13345762749985,optimal
2021-02-13 13:30:00,8,22,0.0,0.0,0.0,1.1738,13.0095,6.0,10,20.342431403185934,,0.0,0.0,0.0,0.0,43.85934290126771,optimal
2021-02-13 14:00:00,8,22,0.0,0.0,0.0,0.16626666666666667,11.025,6.0,10,20.36795035318756,,0.0,0.0,0.0,0.0,43.5855022897618,optimal
2021-02-13 14:30:00,8,22,0.0,0.0,0.0,0.215,12.789,6.0,10,20.357937274813246,,0.0,0.0,0.0,0.0,43.3119355188674,optimal
2021-02-13 15:00:00,8,22,0.0,0.0,0.0,0.153,12.1275,6.0,10,20.349368834017056,,0.0,0.0,0.0,0.0,43.038642314743896,optimal
2021-02-13 15:30:00,8,22,0.0,0.0,0.0,0.2805666666666667,12.1695,6.0,10,20.322872734110497,,0.0,0.0,0.0,0.0,42.765622403824516,optimal
2021-02-13 16:00:00,8,22,0.0,0.0,0.0,0.33076666666666665,12.306,6.0,10,20.313506696992476,,0.0,0.0,0.0,0.0,42.49287551281605,optimal
2021-02-13 16:30:00,8,22,0.0,0.0,0.0,1.1772,13.23,6.0,10,20.289324580082052,,0.0,0.0,0.0,0.0,42.220401368698596,optimal
2021-02-13 17:00:00,8,22,0.0,0.0,0.0,2.4114666666666666,13.671,6.0,10,20.27099577311484,,0.0,0.0,0.0,0.0,41.94819969872526,optimal
2021-02-13 17:30:00,8,22,0.0,0.0,0.0,3.2818,13.9335,6.0,10,20.24681101454552,,0.0,0.0,0.0,0.0,41.6762702304219,optimal
2021-02-13 18:00:00,8,22,0.0,0.0,0.0,1.5198333333333331,13.293,6.0,10,20.240156273999297,,0.0,0.0,0.0,0.0,41.404612691586834,optimal
2021-02-13 18:30:00,8,22,0.0,0.0,0.0,0.2354333333333333,12.1065,6.0,10,20.233289043369005,,0.0,0.0,0.0,0.0,41.13322681029061,optimal
2021-02-13 19:00:00,8,22,0.0,0.0,0.0,0.15733333333333335,11.571,6.0,10,20.18557886217278,,0.0,0.0,0.0,0.0,40.86211231487568,optimal
2021-02-13 19:30:00,8,22,0.0,0.0,0.0,0.061,11.025,6.0,10,20.126927979903645,,0.0,0.0,0.0,0.0,40.591268933956165,optimal
2021-02-13 20:00:00,8,22,0.0,0.0,0.0,0.15733333333333335,10.8465,6.0,10,20.061475780111227,,0.0,0.0,0.0,0.0,40.32069639641757,optimal
2021-02-13 20:30:00,8,22,0.0,0.0,0.0,0.3038666666666667,11.2455,6.0,10,20.0,,0.0,0.0,0.0,0.0,40.05039443141651,optimal
2021-02-13 21:00:00,8,22,0.0,0.0,0.0,0.2672,23.8665,6.0,10,19.95199323849425,,0.0,0.0,0.0,0.0,39.78036276838045,optimal
2021-02-13 21:30:00,8,22,0.0,0.0,0.0,0.3715,27.4575,6.0,10,19.900889423562948,,0.0,0.0,0.0,0.0,39.51060113700743,optimal
2021-02-13 22:00:00,8,22,0.0,0.0,0.0,0.2266,27.3735,6.0,10,19.855331613531593,,0.0,0.0,0.0,0.0,39.24110926726578,optimal
2021-02-13 22:30:00,8,22,0.0,0.0,0.0,0.11463333333333334,30.4605,6.0,10,19.804054164319037,,0.0,0.0,0.0,0.0,39.20186815799851,optimal
2021-02-13 23:00:00,8,22,0.0,0.0,0.0,0.061,30.0195,6.0,10,19.74703270768957,,0.0,0.0,0.0,0.0,39.162666289840516,optimal
2021-02-13 23:30:00,8,22,0.0,0.0,0.0,0.058,26.9325,6.0,10,19.686851334438796,,0.0,0.0,0.0,0.0,39.123503623550675,optimal
2021-02-07 00:00:00,9,22,2.8,0.0,0.0,0.053,2.205,6.0,-8,21.0,,7000.0,0.0,0.0,0.0,47.952,optimal
2021-02-07 00:30:00,9,22,2.8,0.0,0.0,0.053,0.882,6.0,-8,21.12338823050531,,7000.0,0.0,0.0,0.0,47.904047999999996,optimal
2021-02-07 01:00:00,9,22,2.8,0.0,0.0,0.1154,1.5435,6.0,-8,21.2460537869318,,7000.0,0.0,0.0,0.0,47.856143952,optimal
2021-02-07 01:30:00,9,22,2.8,0.0,0.0,0.053,1.5435,6.0,-8,21.369620422461953,,7000.0,0.0,0.0,0.0,47.80828780804799,optimal
2021-02-07 02:00:00,9,22,0.0,0.0,0.0,0.1154,5.0715,6.0,-8,21.491004144417253,,0.0,0.0,0.0,0.0,47.76047952023995,optimal
2021-02-07 02:30:00,9,22,0.0,0.0,0.0,0.053,5.376,6.0,-8,21.43156530957364,,0.0,0.0,0.0,0.0,47.712719040719705,optimal
2021-02-07 03:00:00,9,22,0.5399798171644205,0.0,0.0,0.053,5.0715,6.0,-8,21.370373841683215,,1349.9495429110511,0.0,0.0,0.0,47.66500632167899,optimal
2021-02-07 03:30:00,9,22,0.0,0.0,0.0,0.1154,5.5125,6.0,-8,21.344134210980638,,0.0,0.0,0.0,0.0,47.61734131535731,optimal
2021-02-07 04:00:00,9,22,0.0,0.0,0.0,0.06686666666666666,9.261,6.0,-8,21.284361744299378,,0.0,0.0,0.0,0.0,47.56972397404195,optimal
2021-02-07 04:30:00,9,22,0.0,0.0,0.0,0.10153333333333332,11.7075,6.0,-8,21.223359791342684,,0.0,0.0,0.0,0.0,47.522154250067906,optimal
2021-02-07 05:00:00,9,22,0.0,0.0,0.0,0.07379999999999999,12.348,6.0,-8,21.163455969567433,,0.0,0.0,0.0,0.0,47.47463209581784,optimal
2021-02-07 05:30:00,9,22,0.0,0.0,0.0,0.09459999999999999,12.348,6.0,-8,21.103025311165315,,0.0,0.0,0.0,0.0,47.42715746372202,optimal
2021-02-07 06:00:00,9,22,0.0,0.0,0.0,0.05666666666666666,12.1275,6.0,-8,21.04333062126438,,0.0,0.0,0.0,0.0,47.379730306258296,optimal
2021-02-07 06:30:00,9,22,0.0,0.0,0.0,0.063,12.5265,6.0,-8,20.982748103673927,,0.0,0.0,0.0,0.0,47.332350575952034,optimal
2021-02-07 07:00:00,9,22,0.0,0.0,0.0,0.06973333333333333,11.7495,6.0,-8,20.92219982115098,,0.0,0.0,0.0,0.0,47.285018225376085,optimal
2021-02-07 07:30:00,9,22,0.0,0.0,0.0,0.105,13.23,6.0,-8,20.86195589882462,,0.0,0.0,0.0,0.0,47.23773320715071,optimal
2021-02-07 08:00:00,9,22,0.0,0.0,0.0,0.053,14.3325,6.0,-8,20.802502553828322,,0.0,0.0,0.0,0.0,47.190495473943564,optimal
2021-02-07 08:30:00,9,22,0.0,0.0,0.0,0.07379999999999999,14.994,6.0,-8,20.741405105663954,,0.0,0.0,0.0,0.0,47.14330497846962,optimal
2021-02-07 09:00:00,9,22,0.0,0.0,0.0,0.09459999999999999,14.8155,6.0,-8,20.680884030160914,,0.0,0.0,0.0,0.0,47.09616167349115,optimal
2021-02-07 09:30:00,9,22,0.0,0.0,0.0,0.07379999999999999,14.112,6.0,-8,20.62656767893,,0.0,0.0,0.0,0.0,47.04906551181766,optimal
2021-02-07 10:00:00,9,22,0.0,0.0,0.0,0.09459999999999999,14.007,6.0,-8,20.572048325474395,,0.0,0.0,0.0,0.0,47.00201644630584,optimal
2021-02-07 10:30:00,9,22,0.0,0.0,0.0,0.05993333333333333,13.23,6.0,-8,20.52530912539899,,0.0,0.0,0.0,0.0,46.95501442985953,optimal
2021-02-07 11:00:00,9,22,0.0,0.0,0.0,0.10846666666666668,11.382,6.0,-8,20.477496837228,,0.0,0.0,0.0,0.0,46.90805941542967,optimal
2021-02-07 11:30:00,9,22,0.0,0.0,0.0,0.053,11.7495,6.0,-8,20.440039433282315,,0.0,0.0,0.0,0.0,46.86115135601424,optimal
2021-02-07 12:00:00,9,22,0.0,0.0,0.0,0.1052,24.3285,6.0,-8,20.401261948208973,,0.0,0.0,0.0,0.0,46.81429020465823,optimal
2021-02-07 12:30:00,9,22,0.0,0.0,0.0,0.07686666666666667,28.917,6.0,-8,20.37022770708493,,0.0,0.0,0.0,0.0,46.76747591445357,optimal
2021-02-07 13:00:00,9,22,0.0,0.0,0.0,0.063,31.3635,6.0,-8,20.3383930772864,,0.0,0.0,0.0,0.0,46.72070843853912,optimal
2021-02-07 13:30:00,9,22,0.0,0.0,0.0,0.063,33.306,6.0,-8,20.300489283792913,,0.0,0.0,0.0,0.0,46.67398773010058,optimal
2021-02-07 14:00:00,9,22,0.0,0.0,0.0,0.063,31.3425,6.0,-8,20.26286986424717,,0.0,0.0,0.0,0.0,46.627313742370475,optimal
2021-02-07 14:30:00,9,22,0.0,0.0,0.0,0.115,28.2555,6.0,-8,20.22789495709347,,0.0,0.0,0.0,0.0,46.580686428628105,optimal
2021-02-07 15:00:00,9,22,0.0,0.0,0.0,0.0734,15.6975,6.0,-8,20.19454612817548,,0.0,0.0,0.0,0.0,46.53410574219948,optimal
2021-02-07 15:30:00,9,22,0.0,0.0,0.0,0.09766666666666668,12.5475,6.0,-8,20.166016210310755,,0.0,0.0,0.0,0.0,46.48757163645728,optimal
2021-02-07 16:00:00,9,22,0.0,0.0,0.0,0.28833333333333333,12.0855,6.0,-8,20.140686080977684,,0.0,0.0,0.0,0.0,46.44108406482083,optimal
2021-02-07 16:30:00,9,22,0.0,0.0,0.0,0.224,11.907,6.0,-8,20.119512092249913,,0.0,0.0,0.0,0.0,46.394642980756004,optimal
2021-02-07 17:00:00,9,22,0.0,0.0,0.0,0.7946666666666666,12.5685,6.0,-8,20.105444646154872,,0.0,0.0,0.0,0.0,46.348248337775246,optimal
2021-02-07 17:30:00,9,22,0.0,0.0,0.0,1.6476,13.146,6.0,-8,20.088721343415482,,0.0,0.0,0.0,0.0,46.301900089437474,optimal
2021-02-07 18:00:00,9,22,0.0,0.0,0.0,0.16419999999999998,10.584,6.0,-8,20.086880038690783,,0.0,0.0,0.0,0.0,46.255598189348035,optimal
2021-02-07 18:30:00,9,22,0.0,0.0,0.0,0.2538666666666667,6.678,6.0,-8,20.05516976352971,,0.0,0.0,0.0,0.0,46.20934259115869,optimal
2021-02-07 19:00:00,9,22,0.0,0.0,0.0,0.4972,7.938,6.0,-8,20.024757997851207,,0.0,0.0,0.0,0.0,46.163133248567526,optimal
2021-02-07 19:30:00,9,22,0.9666345901589429,0.0,0.0,0.24969999999999998,5.292,6.0,-8,20.0,,2416.5864753973574,0.0,0.0,0.0,46.116970115318956,optimal
2021-02-07 20:00:00,9,22,0.0,0.0,0.0,0.16219999999999998,9.261,6.0,-8,20.034698110779345,,0.0,0.0,0.0,0.0,46.070853145203635,optimal
2021-02-07 20:30:00,9,22,0.0,0.0,0.0,0.099,10.3635,6.0,-8,20.0,,0.0,0.0,0.0,0.0,46.02478229205843,optimal
2021-02-07 21:00:00,9,22,0.0,0.0,0.0,0.18569999999999998,8.274,6.0,-8,19.96055378906038,,0.0,0.0,0.0,0.0,45.978757509766375,optimal
2021-02-07 21:30:00,9,22,0.0,0.0,0.0,0.2592,7.7175,6.0,-8,19.92196491007325,,0.0,0.0,0.0,0.0,45.93277875225661,optimal
2021-02-07 22:00:00,9,22,0.0,0.0,0.0,0.18166666666666662,6.615,6.0,-8,19.881151028809207,,0.0,0.0,0.0,0.0,45.88684597350435,optimal
2021-02-07 22:30:00,9,22,0.0,0.0,0.0,0.18296666666666667,6.174,6.0,-8,19.840787056471257,,0.0,0.0,0.0,0.0,45.840959127530844,optimal
2021-02-07 23:00:00,9,22,0.0,0.0,0.0,0.2597,3.906,6.0,-8,19.800810907732316,,0.0,0.0,0.0,0.0,45.79511816840331,optimal
2021-02-07 23:30:00,9,22,0.0,0.0,0.0,0.12916666666666665,2.3415,6.0,-8,19.759174637613743,,0.0,0.0,0.0,0.0,45.749323050234906,optimal
2021-02-08 00:00:00,9,22,2.8,0.0,0.0,0.063,11.907,6.0,-12,19.759174637613743,,7000.0,0.0,0.0,0.0,45.70357372718467,optimal
2021-02-08 00:30:00,9,22,2.8,0.0,5.0,0.10663333333333334,11.025,6.0,-12,19.88633142500212,,7000.0,0.0,0.0,0.0,48.03287015345748,optimal
2021-02-08 01:00:00,9,22,2.8,0.0,1.8682646847262157,0.1936,11.2875,6.0,-12,20.014210630801873,,7000.0,0.0,0.0,0.0,48.87226300854897,optimal
2021-02-08 01:30:00,9,22,2.8,0.0,0.0,0.1001,12.936,6.0,-12,20.14393590078669,,7000.0,0.0,0.0,0.0,48.823390745540415,optimal
2021-02-08 02:00:00,9,22,0.2762749048163176,0.0,0.0,0.1814333333333333,13.0095,6.0,-12,20.270650224428874,,690.6872620407939,0.0,0.0,0.0,48.774567354794875,optimal
2021-02-08 02:30:00,9,22,0.0,0.0,0.0,0.1559,13.671,6.0,-12,20.23496368368824,,0.0,0.0,0.0,0.0,48.72579278744007,optimal
2021-02-08 03:00:00,9,22,0.0,0.0,0.0,0.07546666666666667,13.188,6.0,-12,20.180943910877808,,0.0,0.0,0.0,0.0,48.67706699465263,optimal
2021-02-08 03:30:00,9,22,0.0,0.0,0.0,0.196,13.8495,6.0,-12,20.125170650778365,,0.0,0.0,0.0,0.0,48.62838992765797,optimal
2021-02-08 04:00:00,9,22,0.0,0.0,0.0,0.1372,13.23,6.0,-12,20.07233149692965,,0.0,0.0,0.0,0.0,48.579761537730306,optimal
2021-02-08 04:30:00,9,22,0.0,0.0,0.0,0.20013333333333333,13.3665,6.0,-12,20.01819019097279,,0.0,0.0,0.0,0.0,48.53118177619257,optimal
2021-02-08 05:00:00,9,22,2.8,0.0,0.0,0.0683,13.0515,6.0,-12,19.96553580298015,,7000.0,0.0,0.0,0.0,48.48265059441637,optimal
2021-02-08 05:30:00,9,22,0.0,0.0,0.0,0.13190000000000002,13.5345,6.0,-12,20.09119219854665,,0.0,0.0,0.0,0.0,48.434167943821954,optimal
2021-02-08 06:00:00,9,22,0.0,0.0,0.0,0.20013333333333333,14.154,6.0,-12,20.03604339602679,,0.0,0.0,0.0,0.0,48.38573377587813,optimal
2021-02-08 06:30:00,9,22,0.0,0.0,0.0,0.14686666666666667,14.112,6.0,-12,19.98268424008857,,0.0,0.0,0.0,0.0,48.33734804210225,optimal
2021-02-08 07:00:00,9,22,0.0,0.0,0.0,0.1565,14.2485,6.0,-12,19.92770067767798,,0.0,0.0,0.0,0.0,48.289010694060146,optimal
2021-02-08 07:30:00,9,22,2.8,0.0,0.0,0.11193333333333334,12.789,6.0,-12,19.87323473281925,,7000.0,0.0,0.0,0.0,48.240721683366075,optimal
2021-02-08 08:00:00,9,22,0.772331116778983,0.0,0.0,0.12990000000000002,13.0095,6.0,-12,20.0,,1930.8277919474576,0.0,0.0,0.0,48.192480961682705,optimal
2021-02-08 08:30:00,9,22,2.8,0.0,0.0,0.246,12.1275,6.0,-12,20.0,,7000.0,0.0,0.0,0.0,48.144288480721016,optimal
2021-02-08 09:00:00,9,22,0.0,0.0,0.0,0.34956666666666664,12.348,6.0,-12,20.133424344372077,,0.0,0.0,0.0,0.0,48.096144192240295,optimal
2021-02-08 09:30:00,9,22,1.0043120966689045,0.0,0.0,0.36036666666666667,12.348,6.0,-12,20.09554303414114,,2510.7802416722616,0.0,0.0,0.0,48.048048048048045,optimal
2021-02-08 10:00:00,9,22,0.0,0.0,0.0,0.3796333333333333,25.389,6.0,-12,20.124475076304265,,0.0,0.0,0.0,0.0,48.0,optimal
2021-02-08 10:30:00,9,22,0.0,0.0,0.0,0.2139,29.1375,6.0,-12,20.107061828987955,,0.0,0.0,0.0,0.0,47.870297835351174,optimal
2021-02-08 11:00:00,9,22,0.0,0.0,0.0,0.12153333333333331,30.597,6.0,-12,20.076476994536275,,0.0,0.0,0.0,0.0,47.740725372867,optimal
2021-02-08 11:30:00,9,22,0.0,0.0,0.0,0.21386666666666668,33.684,6.0,-12,20.056531855309814,,0.0,0.0,0.0,0.0,47.611282482845304,optimal
2021-02-08 12:00:00,9,22,0.0,0.0,0.0,0.0736,32.445,6.0,-12,20.039599151828472,,0.0,0.0,0.0,0.0,47.48196903571363,optimal
2021-02-08 12:30:00,9,22,0.0,0.0,0.0,0.20013333333333333,28.917,6.0,-12,20.024666989144407,,0.0,0.0,0.0,0.0,47.35278490202909,optimal
2021-02-08 13:00:00,9,22,0.0,0.0,0.0,0.1372,15.876,6.0,-12,20.013718014554016,,0.0,0.0,0.0,0.0,47.22372995247824,optimal
2021-02-08 13:30:00,9,22,0.19779135111996676,0.0,0.0,0.1565,12.348,6.0,-12,20.0,,494.4783777999169,0.0,0.0,0.0,47.094804057876935,optimal
2021-02-08 14:00:00,9,22,0.28363171694625056,0.0,0.0,0.15433333333333335,12.1275,6.0,-12,20.0,,709.0792923656263,0.0,0.0,0.0,46.96600708917023,optimal
2021-02-08 14:30:00,9,22,0.0,0.0,0.0,0.32130000000000003,12.348,6.0,-12,20.006206683744654,,0.0,0.0,0.0,0.0,46.83733891743224,optimal
2021-02-08 15:00:00,9,22,0.17929820641739846,0.0,0.0,0.3016666666666667,12.1275,6.0,-12,20.0,,448.24551604349614,0.0,0.0,0.0,46.70879941386598,optimal
2021-02-08 15:30:00,9,22,0.11092285494431087,0.0,0.0,0.5580333333333333,12.1275,6.0,-12,20.0,,277.3071373607772,0.0,0.0,0.0,46.580388449803294,optimal
2021-02-08 16:00:00,9,22,0.0,0.0,0.0,2.997133333333333,11.2665,6.0,-12,20.0,,0.0,0.0,0.0,0.0,46.452105896704666,optimal
2021-02-08 16:30:00,9,22,1.1695472905646527,0.0,0.0,0.33476666666666666,10.143,6.0,-12,20.014238908056182,,2923.868226411632,0.0,0.0,0.0,46.323951626159136,optimal
2021-02-08 17:00:00,9,22,0.0,0.0,0.0,0.2598666666666667,11.2455,6.0,-12,20.069885930322325,,0.0,0.0,0.0,0.0,46.195925509884155,optimal
2021-02-08 17:30:00,9,22,0.0,0.0,0.0,0.2873,11.025,6.0,-12,20.03355380720691,,0.0,0.0,0.0,0.0,46.14972958437427,optimal
2021-02-08 18:00:00,9,22,2.7461494240994417,0.0,0.0,0.436,5.9745,6.0,-12,20.0,,6865.373560248604,0.0,0.0,0.0,46.1035798547899,optimal
2021-02-08 18:30:00,9,22,0.0,0.0,0.0,0.3706666666666667,7.938,6.0,-12,20.145476269389068,,0.0,0.0,0.0,0.0,46.05747627493511,optimal
2021-02-08 19:00:00,9,22,0.0,0.0,0.0,0.2286,8.6835,6.0,-12,20.111212925938034,,0.0,0.0,0.0,0.0,46.01141879866018,optimal
2021-02-08 19:30:00,9,22,0.0,0.0,0.0,1.2051666666666667,7.665,6.0,-12,20.072551949001358,,0.0,0.0,0.0,0.0,45.96540737986152,optimal
2021-02-08 20:00:00,9,22,0.0,0.0,0.0,0.9367000000000001,6.7725,6.0,-12,20.036767204907196,,0.0,0.0,0.0,0.0,45.91944197248166,optimal
2021-02-08 20:30:00,9,22,0.0,0.0,0.0,1.1125999999999998,5.5755,6.0,-12,20.0,,0.0,0.0,0.0,0.0,45.87352253050918,optimal
2021-02-08 21:00:00,9,22,0.0,0.0,0.0,0.44326666666666664,5.0925,6.0,-12,19.969928602575948,,0.0,0.0,0.0,0.0,45.82764900797867,optimal
2021-02-08 21:30:00,9,22,0.0,0.0,0.0,0.44006666666666666,4.1895,6.0,-12,19.93613549820016,,0.0,0.0,0.0,0.0,45.781821358970696,optimal
2021-02-08 22:00:00,9,22,0.0,0.0,0.0,1.2315666666666667,7.056,6.0,-12,19.904083745554075,,0.0,0.0,0.0,0.0,45.736039537611724,optimal
2021-02-08 22:30:00,9,22,0.0,0.0,0.0,0.9408,5.271,6.0,-12,19.897596106573975,,0.0,0.0,0.0,0.0,45.690303498074115,optimal
2021-02-08 23:00:00,9,22,0.0,0.0,0.0,0.33936666666666665,7.938,6.0,-12,19.874768274042125,,0.0,0.0,0.0,0.0,45.64461319457604,optimal
2021-02-08 23:30:00,9,22,0.0,0.0,0.0,0.3492333333333333,7.938,6.0,-12,19.825497610372626,,0.0,0.0,0.0,0.0,45.59896858138146,optimal
2021-02-09 00:00:00,9,22,0.0,0.0,0.0,0.064,14.3745,6.0,-12,19.825497610372626,,0.0,0.0,0.0,0.0,45.55336961280008,optimal
2021-02-09 00:30:00,9,22,2.8,0.0,5.0,0.18206666666666663,13.23,6.0,-12,19.76552103651088,,7000.0,0.0,0.0,0.0,47.882816243187285,optimal
2021-02-09 01:00:00,9,22,2.8,0.0,0.0,0.064,13.9755,6.0,-12,19.890857649165657,,7000.0,0.0,0.0,0.0,47.8349334269441,optimal
2021-02-09 01:30:00,9,22,0.0,0.0,0.0,0.09620000000000001,14.994,6.0,-12,20.012882673274593,,0.0,0.0,0.0,0.0,47.787098493517156,optimal
2021-02-09 02:00:00,9,22,2.8,0.0,1.6670955393030191,0.14986666666666668,13.671,6.0,-12,19.953136589565116,,7000.0,0.0,0.0,0.0,48.53118177619257,optimal
2021-02-09 02:30:00,9,22,0.0,0.0,0.0,0.064,15.981,6.0,-12,20.07654430416289,,0.0,0.0,0.0,0.0,48.48265059441637,optimal
2021-02-09 03:00:00,9,22,0.0,0.0,0.0,0.12303333333333331,15.6345,6.0,-12,20.01559382652106,,0.0,0.0,0.0,0.0,48.434167943821954,optimal
2021-02-09 03:30:00,9,22,0.0,0.0,0.0,0.12303333333333331,16.5375,6.0,-12,19.956536215291212,,0.0,0.0,0.0,0.0,48.38573377587813,optimal
2021-02-09 04:00:00,9,22,0.0,0.0,0.0,0.064,14.7735,6.0,-12,19.897993164799033,,0.0,0.0,0.0,0.0,48.33734804210225,optimal
2021-02-09 04:30:00,9,22,0.0,0.0,0.0,0.06936666666666666,15.2145,6.0,-12,19.838429075326196,,0.0,0.0,0.0,0.0,48.289010694060146,optimal
2021-02-09 05:00:00,9,22,0.0,0.0,0.0,0.1767,14.553,6.0,-12,19.778873621945937,,0.0,0.0,0.0,0.0,48.240721683366075,optimal
2021-02-09 05:30:00,9,22,2.8,0.0,0.0,0.064,14.3325,6.0,-12,19.72197630095605,,7000.0,0.0,0.0,0.0,48.192480961682705,optimal
2021-02-09 06:00:00,9,22,0.2877704673077816,0.0,0.0,0.064,14.595,6.0,-12,19.84422416028219,,719.426168269454,0.0,0.0,0.0,48.144288480721016,optimal
2021-02-09 06:30:00,9,22,0.0,0.0,0.0,0.06933333333333333,14.994,6.0,-12,19.80288073231254,,0.0,0.0,0.0,0.0,48.096144192240295,optimal
2021-02-09 07:00:00,9,22,2.8,0.0,0.0,0.17223333333333332,14.3325,6.0,-12,19.749207690406354,,7000.0,0.0,0.0,0.0,48.048048048048045,optimal
2021-02-09 07:30:00,9,22,2.8,0.0,0.0,0.9269,13.8915,6.0,-12,19.87653268196982,,7000.0,0.0,0.0,0.0,48.0,optimal
2021-02-09 08:00:00,9,22,0.9669781099617089,0.0,0.0,0.10083333333333332,13.8915,6.0,-12,20.0,,2417.445274904272,0.0,0.0,0.0,47.69807812045327,optimal
2021-02-09 08:30:00,9,22,1.891644327955658,0.0,0.0,0.16523333333333332,13.4715,6.0,-12,20.0,,4729.110819889145,0.0,0.0,0.0,47.39645816278608,optimal
2021-02-09 09:00:00,9,22,2.8,0.0,0.0,0.074,13.23,6.0,-12,20.062225467213004,,7000.0,0.0,0.0,0.0,47.095139825076565,optimal
2021-02-09 09:30:00,9,22,0.0,0.0,0.0,0.10083333333333332,13.8915,6.0,-12,20.190815779545343,,0.0,0.0,0.0,0.0,46.79412280570476,optimal
2021-02-09 10:00:00,9,22,0.0,0.0,0.0,0.16523333333333332,26.9325,6.0,-12,20.138768319873357,,0.0,0.0,0.0,0.0,46.49340680335232,optimal
2021-02-09 10:30:00,9,22,0.0,0.0,0.0,0.074,30.303,6.0,-12,20.105697307309963,,0.0,0.0,0.0,0.0,46.19299151700224,optimal
2021-02-09 11:00:00,9,22,0.0,0.0,0.0,0.14376666666666668,32.886,6.0,-12,20.07117141919142,,0.0,0.0,0.0,0.0,45.89287664593851,optimal
2021-02-09 11:30:00,9,22,0.0,0.0,0.0,0.12229999999999999,34.9965,6.0,-12,20.054453271299305,,0.0,0.0,0.0,0.0,45.59306188974584,optimal
2021-02-09 12:00:00,9,22,0.0,0.0,0.0,0.074,33.327,6.0,-12,20.037393165967984,,0.0,0.0,0.0,0.0,45.29354694830936,optimal
2021-02-09 12:30:00,9,22,0.0,0.0,0.0,0.19206666666666664,31.122,6.0,-12,20.02982891913949,,0.0,0.0,0.0,0.0,44.994331521814324,optimal
2021-02-09 13:00:00,9,22,0.0,0.0,0.0,0.074,17.9025,6.0,-12,20.02519526031893,,0.0,0.0,0.0,0.0,44.69541531074578,optimal
2021-02-09 13:30:00,9,22,0.0,0.0,0.0,0.074,15.6555,6.0,-12,20.019889646833935,,0.0,0.0,0.0,0.0,44.3967980158883,optimal
2021-02-09 14:00:00,9,22,0.0,0.0,0.0,0.19206666666666664,14.553,6.0,-12,20.014439444376947,,0.0,0.0,0.0,0.0,44.09847933832568,optimal
2021-02-09 14:30:00,9,22,0.0,0.0,0.0,0.074,14.3325,6.0,-12,20.008825452948102,,0.0,0.0,0.0,0.0,43.80045897944063,optimal
2021-02-09 15:00:00,9,22,0.29088437503554987,0.0,0.0,0.15986666666666668,13.335,6.0,-12,20.0,,727.2109375888747,0.0,0.0,0.0,43.502736640914456,optimal
2021-02-09 15:30:00,9,22,0.8966905546911108,0.0,0.0,0.1062,12.1275,6.0,-12,20.0,,2241.726386727777,0.0,0.0,0.0,43.20531202472681,optimal
2021-02-09 16:00:00,9,22,0.0,0.0,0.0,0.074,12.2955,6.0,-12,20.03795901524405,,0.0,0.0,0.0,0.0,42.90818483315535,optimal
2021-02-09 16:30:00,9,22,0.5423491765379301,0.0,0.0,0.18669999999999998,11.6865,6.0,-12,20.0,,1355.8729413448254,0.0,0.0,0.0,42.61135476877547,optimal
2021-02-09 17:00:00,9,22,0.7547671602709978,0.0,0.0,0.9091,11.466,6.0,-12,20.0,,1886.9179006774946,0.0,0.0,0.0,42.314821534459966,optimal
2021-02-09 17:30:00,9,22,2.4441564730677183,0.0,0.0,0.11773333333333331,10.8045,6.0,-12,20.0,,6110.391182669296,0.0,0.0,0.0,42.018584833378775,optimal
2021-02-09 18:00:00,9,22,2.8,0.0,0.0,0.2142666666666667,10.584,6.0,-12,20.107763916271512,,7000.0,0.0,0.0,0.0,41.722644368998665,optimal
2021-02-09 18:30:00,9,22,0.0,0.0,0.0,0.15066666666666667,11.2455,6.0,-12,20.236956999171262,,0.0,0.0,0.0,0.0,41.42699984508294,optimal
2021-02-09 19:00:00,9,22,0.0,0.0,0.0,0.074,12.1275,6.0,-12,20.180439317229485,,0.0,0.0,0.0,0.0,41.13165096569112,optimal
2021-02-09 19:30:00,9,22,0.0,0.0,0.0,0.1062,11.823,6.0,-12,20.11907284694725,,0.0,0.0,0.0,0.0,40.8365974351787,optimal
2021-02-09 20:00:00,9,22,0.0,0.0,0.0,0.15986666666666668,11.7705,6.0,-12,20.058741592673666,,0.0,0.0,0.0,0.0,40.54183895819679,optimal
2021-02-09 20:30:00,9,22,0.0,0.0,0.0,0.36973333333333336,11.13,6.0,-12,20.0,,0.0,0.0,0.0,0.0,40.24737523969186,optimal
2021-02-09 21:00:00,9,22,0.0,0.0,0.0,0.35933333333333334,11.6865,6.0,-12,19.950686433768475,,0.0,0.0,0.0,0.0,40.20712786445217,optimal
2021-02-09 21:30:00,9,22,0.0,0.0,0.0,1.0113666666666667,10.7205,6.0,-12,19.90564422695924,,0.0,0.0,0.0,0.0,40.16692073658771,optimal
2021-02-09 22:00:00,9,22,0.0,0.0,0.0,1.0052999999999999,11.424,6.0,-12,19.866867186519645,,0.0,0.0,0.0,0.0,40.126753815851124,optimal
2021-02-09 22:30:00,9,22,0.0,0.0,0.0,0.24259999999999998,10.689,6.0,-12,19.813779274772724,,0.0,0.0,0.0,0.0,40.08662706203528,optimal
2021-02-09 23:00:00,9,22,0.0,0.0,0.0,0.18516666666666662,11.361,6.0,-12,19.759069286139635,,0.0,0.0,0.0,0.0,40.04654043497324,optimal
2021-02-09 23:30:00,9,22,0.0,0.0,0.0,0.225,11.571,6.0,-12,19.70283774360567,,0.0,0.0,0.0,0.0,40.006493894538266,optimal
2021-02-10 00:00:00,9,22,0.0,0.0,0.0,0.062,18.7215,6.0,8,19.70283774360567,,0.0,0.0,0.0,0.0,39.96648740064373,optimal
2021-02-10 00:30:00,9,22,0.0,0.0,0.0,0.1151,17.4195,6.0,8,19.64472348689467,,0.0,0.0,0.0,0.0,39.92652091324309,optimal
2021-02-10 01:00:00,9,22,0.0,0.0,0.0,0.1387,16.758,6.0,8,19.58785348938694,,0.0,0.0,0.0,0.0,39.88659439232985,optimal
2021-02-10 01:30:00,9,22,0.0,0.0,0.0,0.07379999999999999,14.217,6.0,8,19.531457191359006,,0.0,0.0,0.0,0.0,39.84670779793752,optimal
2021-02-10 02:00:00,9,22,0.0,0.0,0.0,0.18,13.3665,6.0,8,19.47323345695007,,0.0,0.0,0.0,0.0,39.806861090139584,optimal
2021-02-10 02:30:00,9,22,0.0,0.0,0.0,0.062,12.789,6.0,8,19.417634097960256,,0.0,0.0,0.0,0.0,39.76705422904944,optimal
2021-02-10 03:00:00,9,22,0.0,0.0,0.0,0.1741,11.907,6.0,8,19.359148468283692,,0.0,0.0,0.0,0.0,39.72728717482039,optimal
2021-02-10 03:30:00,9,22,0.0,0.0,0.0,0.07970000000000001,11.7075,6.0,8,19.303764874055215,,0.0,0.0,0.0,0.0,39.68755988764557,optimal
2021-02-10 04:00:00,9,22,2.8,0.0,5.0,0.062,10.8045,6.0,8,19.246107538705637,,6458.957914380316,0.0,541.0420856196843,0.0,42.02287232775792,optimal
2021-02-10 04:30:00,9,22,2.0306930379563792,0.0,0.0,0.1741,11.508,6.0,8,19.356007786958052,,5076.732594890948,0.0,0.0,0.0,41.98084945543017,optimal
2021-02-10 05:00:00,9,22,2.8,0.0,3.04400678649101,0.07970000000000001,11.508,6.0,8,19.432225780607336,,7000.0,0.0,0.0,0.0,43.38477182955796,optimal
2021-02-10 05:30:00,9,22,2.8,0.0,5.0,0.062,11.508,6.0,8,19.555395390541808,,7000.0,0.0,0.0,0.0,45.716387057728404,optimal
2021-02-10 06:00:00,9,22,0.0,0.0,0.0,0.40353333333333335,11.844,6.0,8,19.677383112964865,,0.0,0.0,0.0,0.0,45.670670670670674,optimal
2021-02-10 06:30:00,9,22,2.8,0.0,5.0,0.0996,11.508,6.0,8,19.626339207360633,,7000.0,0.0,0.0,0.0,48.0,optimal
2021-02-10 07:00:00,9,22,2.8,0.0,0.0,0.073,11.508,6.0,8,19.75751367274865,,7000.0,0.0,0.0,0.0,47.713501845759346,optimal
2021-02-10 07:30:00,9,22,2.8,0.0,0.0,0.15583333333333335,10.4475,6.0,8,19.880320409866727,,7000.0,0.0,0.0,0.0,47.42729018967294,optimal
2021-02-10 08:00:00,9,22,2.8,0.0,0.0,0.10796666666666668,10.8675,6.0,8,20.0,,3361.042085619684,0.0,3638.9579143803167,0.0,47.14136474524261,optimal
2021-02-10 08:30:00,9,22,2.8,0.0,0.0,0.062,10.542,6.0,8,20.023711970509158,,7000.0,0.0,0.0,0.0,46.855725226256716,optimal
2021-02-10 09:00:00,9,22,2.8,0.0,0.0,0.1617333333333333,11.025,6.0,8,20.141476575673277,,7000.0,0.0,0.0,0.0,46.570371346789806,optimal
2021-02-10 09:30:00,9,22,2.8,0.0,0.0,0.10740000000000001,11.025,6.0,8,20.272494080400747,,7000.0,0.0,0.0,0.0,46.285302821202364,optimal
2021-02-10 10:00:00,9,22,0.0,0.0,0.0,0.072,14.553,6.0,8,20.40220167861873,,0.0,0.0,0.0,0.0,46.00051936414051,optimal
2021-02-10 10:30:00,9,22,0.0,0.0,0.0,0.26776666666666665,13.0935,6.0,8,20.366399568381365,,0.0,0.0,0.0,0.0,45.716020690535714,optimal
2021-02-10 11:00:00,9,22,0.0,0.0,0.0,0.19233333333333327,15.6345,6.0,8,20.342876713240468,,0.0,0.0,0.0,0.0,45.43180651560453,optimal
2021-02-10 11:30:00,9,22,0.0,0.0,0.0,0.27953333333333336,18.102,6.0,8,20.329180116292196,,0.0,0.0,0.0,0.0,45.147876554848274,optimal
2021-02-10 12:00:00,9,22,0.0,0.0,0.0,0.2558,17.199,6.0,8,20.316029759502598,,0.0,0.0,0.0,0.0,44.86423052405277,optimal
2021-02-10 12:30:00,9,22,0.0,0.0,0.0,0.2893,18.2805,6.0,8,20.320374116587285,,0.0,0.0,0.0,0.0,44.580868139288064,optimal
2021-02-10 13:00:00,9,22,0.0,0.0,0.0,0.44989999999999997,17.4615,6.0,8,20.32758087250632,,0.0,0.0,0.0,0.0,44.29778911690813,optimal
2021-02-10 13:30:00,9,22,0.0,0.0,0.0,0.35103333333333336,18.3225,6.0,8,20.337702573864885,,0.0,0.0,0.0,0.0,44.014993173550565,optimal
2021-02-10 14:00:00,9,22,0.0,0.0,0.0,0.16613333333333333,17.094,6.0,8,20.343804690243605,,0.0,0.0,0.0,0.0,43.732480026136365,optimal
2021-02-10 14:30:00,9,22,0.0,0.0,0.0,0.18466666666666662,17.094,6.0,8,20.33988091556199,,0.0,0.0,0.0,0.0,43.450249391869576,optimal
2021-02-10 15:00:00,9,22,0.0,0.0,0.0,0.062,17.094,6.0,8,20.3327789723827,,0.0,0.0,0.0,0.0,43.16830098823706,optimal
2021-02-10 15:30:00,9,22,0.0,0.0,0.0,0.1918,17.3565,6.0,8,20.311736673855876,,0.0,0.0,0.0,0.0,42.88663453300817,optimal
2021-02-10 16:00:00,9,22,0.0,0.0,0.0,0.062,17.115,6.0,8,20.293488188303186,,0.0,0.0,0.0,0.0,42.60524974423451,optimal
2021-02-10 16:30:00,9,22,0.0,0.0,0.0,0.36083333333333334,17.241,6.0,8,20.254933185226587,,0.0,0.0,0.0,0.0,42.32414634024963,optimal
2021-02-10 17:00:00,9,22,0.0,0.0,0.0,0.47953333333333337,17.094,6.0,8,20.22830666986505,,0.0,0.0,0.0,0.0,42.28182219390938,optimal
2021-02-10 17:30:00,9,22,0.0,0.0,0.0,1.3882333333333332,16.5165,6.0,8,20.193017900892148,,0.0,0.0,0.0,0.0,42.23954037171547,optimal
2021-02-10 18:00:00,9,22,0.0,0.0,0.0,0.6303,17.8185,6.0,8,20.185695562560785,,0.0,0.0,0.0,0.0,42.19730083134375,optimal
2021-02-10 18:30:00,9,22,0.0,0.0,0.0,0.20363333333333333,17.094,6.0,8,20.155664206978187,,0.0,0.0,0.0,0.0,42.155103530512406,optimal
2021-02-10 19:00:00,9,22,0.0,0.0,0.0,0.45280000000000004,16.8945,6.0,8,20.111993870667533,,0.0,0.0,0.0,0.0,42.112948426981895,optimal
2021-02-10 19:30:00,9,22,0.0,0.0,0.0,0.5502,18.123,6.0,8,20.074879438663356,,0.0,0.0,0.0,0.0,42.07083547855491,optimal
2021-02-10 20:00:00,9,22,0.0,0.0,0.0,0.37310000000000004,31.647,6.0,8,20.03956386524724,,0.0,0.0,0.0,0.0,42.02876464307636,optimal
2021-02-10 20:30:00,9,22,0.0,0.0,0.0,0.4791,34.9965,6.0,8,20.0,,0.0,0.0,0.0,0.0,41.98673587843328,optimal
2021-02-10 21:00:00,9,22,0.0,0.0,0.0,0.36810000000000004,34.9965,6.0,8,19.9614599309711,,0.0,0.0,0.0,0.0,41.94474914255485,optimal
2021-02-10 21:30:00,9,22,0.0,0.0,0.0,0.2956333333333333,34.9965,6.0,8,19.922640269009868,,0.0,0.0,0.0,0.0,41.902804393412296,optimal
2021-02-10 22:00:00,9,22,0.0,0.0,0.0,0.13616666666666666,34.9965,6.0,8,19.872633710326024,,0.0,0.0,0.0,0.0,41.86090158901889,optimal
2021-02-10 22:30:00,9,22,0.0,0.0,0.0,0.3538,34.9965,6.0,8,19.81765722483889,,0.0,0.0,0.0,0.0,41.81904068742987,optimal
2021-02-10 23:00:00,9,22,0.0,0.0,0.0,0.224,27.741,6.0,8,19.767406040554054,,0.0,0.0,0.0,0.0,41.77722164674244,optimal
2021-02-10 23:30:00,9,22,0.0,0.0,0.0,0.19466666666666663,19.026,6.0,8,19.706596543536502,,0.0,0.0,0.0,0.0,41.7354444250957,optimal
2021-02-11 00:00:00,9,22,0.0,0.0,0.0,0.059,26.46,6.0,-15,19.706596543536502,,0.0,0.0,0.0,0.0,41.69370898067061,optimal
2021-02-11 00:30:00,9,22,0.0,0.0,0.0,0.112,20.79,6.0,-15,19.63512843281964,,0.0,0.0,0.0,0.0,41.65201527168993,optimal
2021-02-11 01:00:00,9,22,0.0,0.0,0.0,0.0696,29.106,6.0,-15,19.565592195164133,,0.0,0.0,0.0,0.0,41.610363256418246,optimal
2021-02-11 01:30:00,9,22,0.0,0.0,0.0,0.2069333333333333,19.1835,6.0,-15,19.49550268631807,,0.0,0.0,0.0,0.0,41.56875289316183,optimal
2021-02-11 02:00:00,9,22,0.0,0.0,0.0,0.09786666666666666,19.6665,6.0,-15,19.429208420621453,,0.0,0.0,0.0,0.0,41.527184140268666,optimal
2021-02-11 02:30:00,9,22,0.0,0.0,0.0,0.18366666666666662,19.404,6.0,-15,19.360294608584123,,0.0,0.0,0.0,0.0,41.485656956128395,optimal
2021-02-11 03:00:00,9,22,0.43032393429557,0.0,0.0,0.12113333333333334,19.047,6.0,-15,19.293509676921136,,0.0,0.0,1075.809835738925,0.0,41.44417129917227,optimal
2021-02-11 03:30:00,9,22,2.8000000000000003,0.0,0.0,0.1374,18.858,6.0,-15,19.22499241270451,,5358.809835738926,0.0,1641.1901642610746,0.0,41.4027271278731,optimal
2021-02-11 04:00:00,9,22,0.0,0.0,0.0,0.1674,19.2675,6.0,-15,19.297172737612122,,0.0,0.0,0.0,0.0,41.361324400745225,optimal
2021-02-11 04:30:00,9,22,2.8,0.0,0.0,0.059,18.963,6.0,-15,19.23146335583518,,7000.0,0.0,0.0,0.0,41.31996307634448,optimal
2021-02-11 05:00:00,9,22,2.8,0.0,0.0,0.2352,18.438,6.0,-15,19.3450393940531,,7000.0,0.0,0.0,0.0,41.27864311326813,optimal
2021-02-11 05:30:00,9,22,2.8,0.0,0.0,0.0696,18.7425,6.0,-15,19.462826426554678,,7000.0,0.0,0.0,0.0,41.237364470154866,optimal
2021-02-11 06:00:00,9,22,2.8,0.0,5.0,0.1318,15.2145,6.0,-15,19.576738189061587,,7000.0,0.0,0.0,0.0,43.57112710568471,optimal
2021-02-11 06:30:00,9,22,2.8,0.0,4.511820404403474,0.16573333333333332,17.7765,6.0,-15,19.692706423475084,,7000.0,0.0,0.0,0.0,45.670670670670674,optimal
2021-02-11 07:00:00,9,22,2.8,0.0,5.0,0.9549333333333332,16.758,6.0,-15,19.8132206943292,,7000.0,0.0,0.0,0.0,48.0,optimal
2021-02-11 07:30:00,9,22,2.8,0.0,0.0,2.8221999999999996,16.422,6.0,-15,19.939399206893317,,7000.0,0.0,0.0,0.0,47.654378413864364,optimal
2021-02-11 08:00:00,9,22,2.8,0.0,0.0,1.8852666666666669,16.758,6.0,-15,20.072996622200844,,7000.0,0.0,0.0,0.0,47.309102449314864,optimal
2021-02-11 08:30:00,9,22,0.0,0.0,0.0,0.067,29.358,6.0,-15,20.2007604307454,,0.0,0.0,0.0,0.0,46.96417176072992,optimal
2021-02-11 09:00:00,9,22,0.0,0.0,0.0,0.39113333333333333,34.9965,6.0,-15,20.137078179460712,,0.0,0.0,0.0,0.0,46.61958600283356,optimal
2021-02-11 09:30:00,9,22,0.0,0.0,0.0,0.35786666666666667,34.65,6.0,-15,20.097194650868172,,0.0,0.0,0.0,0.0,46.27534483069509,optimal
2021-02-11 10:00:00,9,22,0.0,0.0,0.0,0.312,34.9965,6.0,-15,20.057577686552744,,0.0,0.0,0.0,0.0,45.93144789972876,optimal
2021-02-11 10:30:00,9,22,0.0,0.0,0.0,0.2936,34.9965,6.0,-15,20.039571380655346,,0.0,0.0,0.0,0.0,45.5878948656934,optimal
2021-02-11 11:00:00,9,22,0.0,0.0,0.0,0.11286666666666666,30.4815,6.0,-15,20.019074260156163,,0.0,0.0,0.0,0.0,45.244685384692076,optimal
2021-02-11 11:30:00,9,22,0.0,0.0,0.0,0.1453,21.4305,6.0,-15,20.008240198825447,,0.0,0.0,0.0,0.0,44.90181911317175,optimal
2021-02-11 12:00:00,9,22,0.0836,0.0,0.0,0.20626666666666668,14.3325,6.0,-15,20.0,,0.0,0.0,209.0,0.0,44.55929570792294,optimal
2021-02-11 12:30:00,9,22,0.0,0.0,0.0,0.1376,13.692,6.0,-15,20.00749773996509,,0.0,0.0,0.0,0.0,44.21711482607939,optimal
2021-02-11 13:00:00,9,22,0.0,0.0,0.0,0.0782,14.007,6.0,-15,20.0151165347121,,0.0,0.0,0.0,0.0,43.87527612511767,optimal
2021-02-11 13:30:00,9,22,0.0,0.0,0.0,0.20726666666666668,12.873,6.0,-15,20.017650340651954,,0.0,0.0,0.0,0.0,43.53377926285692,optimal
2021-02-11 14:00:00,9,22,0.0836,0.0,0.0,0.12346666666666668,12.684,6.0,-15,20.02846968169276,,0.0,0.0,209.0,0.0,43.192623897458425,optimal
2021-02-11 14:30:00,9,22,0.11146666666666666,0.0,0.0,0.1436,12.306,6.0,-15,20.045132528537657,,0.0,0.0,278.66666666666663,0.0,42.85180968742533,optimal
2021-02-11 15:00:00,9,22,2.8,0.0,0.0,0.30469999999999997,10.6365,6.0,-15,20.059027626664285,,4910.0,0.0,2090.0,0.0,42.51133629160227,optimal
2021-02-11 15:30:00,9,22,0.0,0.0,0.0,0.2771,11.2455,6.0,-15,20.193234271732397,,0.0,0.0,0.0,0.0,42.17120336917503,optimal
2021-02-11 16:00:00,9,22,0.0,0.0,0.0,0.3663333333333333,11.2455,6.0,-15,20.196320607675975,,0.0,0.0,0.0,0.0,41.83141057967023,optimal
2021-02-11 16:30:00,9,22,0.0,0.0,0.0,0.1472,11.025,6.0,-15,20.184108811059303,,0.0,0.0,0.0,0.0,41.491957582954925,optimal
2021-02-11 17:00:00,9,22,0.0,0.0,0.0,0.162,12.0855,6.0,-15,20.158619153610733,,0.0,0.0,0.0,0.0,41.152844039236335,optimal
2021-02-11 17:30:00,9,22,0.0,0.0,0.0,0.11713333333333334,11.6865,6.0,-15,20.110533016161828,,0.0,0.0,0.0,0.0,40.81406960906146,optimal
2021-02-11 18:00:00,9,22,0.0,0.0,0.0,0.289,11.2245,6.0,-15,20.060820994819927,,0.0,0.0,0.0,0.0,40.475633953316766,optimal
2021-02-11 18:30:00,9,22,0.9425397458960717,0.0,0.0,0.27196666666666663,11.025,6.0,-15,20.002398245057677,,2356.349364740179,0.0,0.0,0.0,40.13753673322782,optimal
2021-02-11 19:00:00,9,22,1.7862867407810687,0.0,0.0,0.43923333333333336,10.7835,6.0,-15,20.0,,4465.716851952672,0.0,0.0,0.0,39.79977761035896,optimal
2021-02-11 19:30:00,9,22,0.0,0.0,0.0,0.41406666666666664,11.025,6.0,-15,20.060218534597208,,0.0,0.0,0.0,0.0,39.46235624661296,optimal
2021-02-11 20:00:00,9,22,1.1322963533103194,0.0,0.0,0.3572666666666667,10.584,6.0,-15,20.0,,2621.7408832757983,0.0,209.0,0.0,39.12527230423071,optimal
2021-02-11 20:30:00,9,22,0.0,0.0,0.0,0.14323333333333332,11.025,6.0,-15,20.0,,0.0,0.0,0.0,0.0,38.788525445790846,optimal
2021-02-11 21:00:00,9,22,0.0,0.0,0.0,0.27093333333333336,10.4265,6.0,-15,19.927807416404963,,0.0,0.0,0.0,0.0,38.452115334209424,optimal
2021-02-11 21:30:00,9,22,0.0,0.0,0.0,0.337,12.789,6.0,-15,19.856562515387918,,0.0,0.0,0.0,0.0,38.11604163273958,optimal
2021-02-11 22:00:00,9,22,0.0,0.0,0.0,0.33313333333333334,12.684,6.0,-15,19.794486025930233,,0.0,0.0,0.0,0.0,38.07792559110684,optimal
2021-02-11 22:30:00,9,22,0.0,0.0,0.0,0.24459999999999998,16.254,6.0,-15,19.73519254762045,,0.0,0.0,0.0,0.0,38.03984766551574,optimal
2021-02-11 23:00:00,9,22,0.0,0.0,0.0,0.069,17.64,6.0,-15,19.66075412064533,,0.0,0.0,0.0,0.0,38.00180781785022,optimal
2021-02-11 23:30:00,9,22,0.0,0.0,0.0,0.1326,19.1625,6.0,-15,19.580052642113287,,0.0,0.0,0.0,0.0,37.96380601003237,optimal
2021-02-12 00:00:00,9,22,0.0,0.0,0.0,0.15193333333333334,30.156,6.0,13,19.580052642113287,,0.0,0.0,0.0,0.0,37.92584220402234,optimal
2021-02-12 00:30:00,9,22,0.0,0.0,0.0,0.07246666666666667,29.1585,6.0,13,19.498905026708343,,0.0,0.0,0.0,0.0,37.88791636181831,optimal
2021-02-12 01:00:00,9,22,0.0,0.0,0.0,0.23063333333333333,26.712,6.0,13,19.415955049317194,,0.0,0.0,0.0,0.0,37.850028445456495,optimal
2021-02-12 01:30:00,9,22,0.0,0.0,0.0,0.10596666666666668,15.435,6.0,13,19.337383257352204,,0.0,0.0,0.0,0.0,37.81217841701104,optimal
2021-02-12 02:00:00,9,22,0.0,0.0,0.0,0.19713333333333333,13.566,6.0,13,19.256149789632577,,0.0,0.0,0.0,0.0,37.77436623859403,optimal
2021-02-12 02:30:00,9,22,0.0,0.0,0.0,0.15193333333333334,12.789,6.0,13,19.17787151751884,,0.0,0.0,0.0,0.0,37.73659187235543,optimal
2021-02-12 03:00:00,9,22,2.193395891435594,0.0,0.0,0.1535,12.1275,6.0,13,19.099642511172522,,5135.156395255652,0.0,348.3333333333333,0.0,37.69885528048308,optimal
2021-02-12 03:30:00,9,22,0.0,0.0,0.0,0.10363333333333334,13.671,6.0,13,19.1561108368647,,0.0,0.0,0.0,0.0,37.6611564252026,optimal
2021-02-12 04:00:00,9,22,2.8,0.0,2.5570082982202424,0.15193333333333334,10.668,6.0,13,19.07993224868569,,7000.0,0.0,0.0,0.0,38.838074210432005,optimal
2021-02-12 04:30:00,9,22,2.8,0.0,0.0,0.19090000000000001,11.7285,6.0,13,19.189409217393564,,7000.0,0.0,0.0,0.0,38.799236136221566,optimal
2021-02-12 05:00:00,9,22,2.8,0.0,0.0,0.06623333333333334,11.025,6.0,13,19.30180908129291,,7000.0,0.0,0.0,0.0,38.76043690008534,optimal
2021-02-12 05:30:00,9,22,2.8,0.0,5.0,0.2205,10.689,6.0,13,19.412870500214545,,7000.0,0.0,0.0,0.0,41.09667646318525,optimal
2021-02-12 06:00:00,9,22,2.8,0.0,5.0,0.12856666666666666,8.1585,6.0,13,19.53016917492039,,7000.0,0.0,0.0,0.0,43.43057978672206,optimal
2021-02-12 06:30:00,9,22,2.8,0.0,5.0,0.06,10.3635,6.0,13,19.647287612709498,,7000.0,0.0,0.0,0.0,45.76214920693534,optimal
2021-02-12 07:00:00,9,22,2.8,0.0,0.0,0.19713333333333333,10.8045,6.0,13,19.76256902003563,,7000.0,0.0,0.0,0.0,45.716387057728404,optimal
2021-02-12 07:30:00,9,22,2.8,0.0,0.0,0.06756666666666666,11.025,6.0,13,19.881364293726868,,7000.0,0.0,0.0,0.0,45.670670670670674,optimal
2021-02-12 08:00:00,9,22,2.262710231961085,0.0,5.0,0.26953333333333335,10.3635,6.0,13,20.0,,5238.775579902713,0.0,418.0,0.0,48.0,optimal
2021-02-12 08:30:00,9,22,0.0,0.0,0.0,0.17843333333333333,10.8045,6.0,13,20.0726913634637,,0.0,0.0,0.0,0.0,47.62977185457305,optimal
2021-02-12 09:00:00,9,22,2.8,0.0,0.0,0.15193333333333334,10.059,6.0,13,20.0,,6024.666666666667,0.0,975.3333333333334,0.0,47.25991393729153,optimal
2021-02-12 09:30:00,9,22,0.0,0.0,0.0,0.1988,10.584,6.0,13,20.095649475463055,,0.0,0.0,0.0,0.0,46.89042587792729,optimal
2021-02-12 10:00:00,9,22,2.8,0.0,0.0,0.06766666666666667,9.4185,6.0,13,20.042734875138333,,7000.0,0.0,0.0,0.0,46.52130730662242,optimal
2021-02-12 10:30:00,9,22,2.1204450931637466,0.0,0.0,0.1804333333333333,10.3635,6.0,13,20.195575399072048,,5301.112732909367,0.0,0.0,0.0,46.15255785388885,optimal
2021-02-12 11:00:00,9,22,2.8,0.0,0.0,0.17843333333333333,9.8385,6.0,13,20.308248242903954,,7000.0,0.0,0.0,0.0,45.784177150608016,optimal
2021-02-12 11:30:00,9,22,0.0,0.0,0.0,0.0787,11.067,6.0,13,20.479899217460673,,0.0,0.0,0.0,0.0,45.41616482803046,optimal
2021-02-12 12:00:00,9,22,0.0,0.0,0.0,0.16026666666666667,10.8465,6.0,13,20.466675615482515,,0.0,0.0,0.0,0.0,45.04852051777548,optimal
2021-02-12 12:30:00,9,22,0.0,0.0,0.0,0.19190000000000002,13.671,6.0,13,20.46137129266666,,0.0,0.0,0.0,0.0,44.68124385183076,optimal
2021-02-12 13:00:00,9,22,0.0,0.0,0.0,0.06623333333333334,12.348,6.0,13,20.457258401006587,,0.0,0.0,0.0,0.0,44.314334462551976,optimal
2021-02-12 13:30:00,9,22,0.0,0.0,0.0,0.20803333333333332,14.3325,6.0,13,20.449717961965735,,0.0,0.0,0.0,0.0,43.94779198266247,optimal
2021-02-12 14:00:00,9,22,0.0,0.0,0.0,0.1437,15.393,6.0,13,20.44556297310916,,0.0,0.0,0.0,0.0,43.581616045252865,optimal
2021-02-12 14:30:00,9,22,0.0,0.0,0.0,0.11563333333333334,13.587,6.0,13,20.434816480355945,,0.0,0.0,0.0,0.0,43.215806283780665,optimal
2021-02-12 15:00:00,9,22,0.0,0.0,0.0,0.19946666666666668,16.1385,6.0,13,20.422870067291953,,0.0,0.0,0.0,0.0,42.850362332069935,optimal
2021-02-12 15:30:00,9,22,0.0,0.0,0.0,0.10363333333333334,14.595,6.0,13,20.405985144969282,,0.0,0.0,0.0,0.0,42.48528382431092,optimal
2021-02-12 16:00:00,9,22,0.0,0.0,0.0,0.15793333333333334,14.637,6.0,13,20.386179433175286,,0.0,0.0,0.0,0.0,42.12057039505966,optimal
2021-02-12 16:30:00,9,22,0.0,0.0,0.0,0.20213333333333333,13.9125,6.0,13,20.349408824969444,,0.0,0.0,0.0,0.0,41.756221679237655,optimal
2021-02-12 17:00:00,9,22,0.0,0.0,0.0,0.06,13.3665,6.0,13,20.31296114089811,,0.0,0.0,0.0,0.0,41.39223731213147,optimal
2021-02-12 17:30:00,9,22,0.0,0.0,0.0,0.06,13.0095,6.0,13,20.255751757951522,,0.0,0.0,0.0,0.0,41.02861692939239,optimal
2021-02-12 18:00:00,9,22,0.0,0.0,0.0,3.5660666666666665,13.8915,6.0,13,20.198403944839246,,0.0,0.0,0.0,0.0,40.66536016703605,optimal
2021-02-12 18:30:00,9,22,0.0,0.0,0.0,1.5565333333333333,13.188,6.0,13,20.164991188993287,,0.0,0.0,0.0,0.0,40.30246666144207,optimal
2021-02-12 19:00:00,9,22,0.0,0.0,0.0,0.5849666666666667,12.5685,6.0,13,20.13967342363324,,0.0,0.0,0.0,0.0,39.939936049353676,optimal
2021-02-12 19:30:00,9,22,0.0,0.0,0.0,2.004033333333333,12.285,6.0,13,20.095636463089278,,0.0,0.0,0.0,0.0,39.57776796787738,optimal
2021-02-12 20:00:00,9,22,0.0,0.0,0.0,1.8971333333333327,11.487,6.0,13,20.049521610802852,,0.0,0.0,0.0,0.0,39.21596205448255,optimal
2021-02-12 20:30:00,9,22,0.0,0.0,0.0,3.1088666666666667,11.802,6.0,13,20.0,,0.0,0.0,0.0,0.0,39.17674609242807,optimal
2021-02-12 21:00:00,9,22,0.0,0.0,0.0,1.6825999999999999,11.2245,6.0,13,19.96342243716025,,0.0,0.0,0.0,0.0,39.13756934633564,optimal
2021-02-12 21:30:00,9,22,0.0,0.0,0.0,2.1121,11.025,6.0,13,19.926247032961736,,0.0,0.0,0.0,0.0,39.0984317769893,optimal
2021-02-12 22:00:00,9,22,0.0,0.0,0.0,1.4394333333333333,11.907,6.0,13,19.894042758557934,,0.0,0.0,0.0,0.0,39.05933334521231,optimal
2021-02-12 22:30:00,9,22,0.0,0.0,0.0,2.770966666666667,25.83,6.0,13,19.858987872549648,,0.0,0.0,0.0,0.0,39.020274011867095,optimal
2021-02-12 23:00:00,9,22,0.0,0.0,0.0,1.7743,28.035,6.0,13,19.834971889270076,,0.0,0.0,0.0,0.0,38.981253737855226,optimal
2021-02-12 23:30:00,9,22,0.0,0.0,0.0,0.3254666666666666,28.119,6.0,13,19.801635626645297,,0.0,0.0,0.0,0.0,38.942272484117375,optimal
2021-02-13 00:00:00,9,22,2.8,0.0,0.0,0.053,9.4815,6.0,-4,19.801635626645297,,7000.0,0.0,0.0,0.0,38.90333021163326,optimal
2021-02-13 00:30:00,9,22,2.8,0.0,1.2931684010552664,0.053,8.379,6.0,-4,19.922621472072798,,0.0,0.0,7000.0,0.0,39.47868187192287,optimal
2021-02-13 01:00:00,9,22,2.8,0.0,0.0,0.053,9.5235,6.0,-4,19.86148813845411,,3968.0000000000023,0.0,3031.9999999999977,0.0,39.43920319005095,optimal
2021-02-13 01:30:00,9,22,2.8,0.0,5.0,0.1894,8.1375,6.0,-4,19.903819710211124,,7000.0,0.0,0.0,0.0,41.77476398686089,optimal
2021-02-13 02:00:00,9,22,1.5701402166464495,0.0,0.0,0.053,10.0905,6.0,-4,20.02850449046706,,3925.350541616124,0.0,0.0,0.0,41.732989222874025,optimal
2021-02-13 02:30:00,9,22,2.8,0.0,5.0,0.053,7.539,6.0,-4,20.069511047496317,,7000.0,0.0,0.0,0.0,44.066256233651146,optimal
2021-02-13 03:00:00,9,22,2.8,0.0,5.0,0.1832,7.938,6.0,-4,20.19027731194085,,7000.0,0.0,0.0,0.0,46.3971899774175,optimal
2021-02-13 03:30:00,9,22,2.8,0.0,5.0,0.0592,8.274,6.0,-4,20.31403603577238,,7000.0,0.0,0.0,0.0,48.72579278744007,optimal
2021-02-13 04:00:00,9,22,2.8,0.0,0.0,0.1274,9.261,6.0,-4,20.434010596698315,,7000.0,0.0,0.0,0.0,48.67706699465263,optimal
2021-02-13 04:30:00,9,22,2.8,0.0,0.0,0.115,9.9225,6.0,-4,20.55520740367321,,7000.0,0.0,0.0,0.0,48.62838992765797,optimal
2021-02-13 05:00:00,9,22,2.8,0.0,0.0,0.06186666666666667,9.702,6.0,-4,20.675366421633136,,7000.0,0.0,0.0,0.0,48.579761537730306,optimal
2021-02-13 05:30:00,9,22,0.0,0.0,0.0,0.19319999999999998,10.584,6.0,-4,20.793363292765587,,0.0,0.0,0.0,0.0,48.53118177619257,optimal
2021-02-13 06:00:00,9,22,2.8,0.0,0.0,0.060333333333333336,10.143,6.0,-4,20.731987438730723,,7000.0,0.0,0.0,0.0,48.48265059441637,optimal
2021-02-13 06:30:00,9,22,0.0,0.0,0.0,0.053,13.0095,6.0,-4,20.848993023602823,,0.0,0.0,0.0,0.0,48.434167943821954,optimal
2021-02-13 07:00:00,9,22,0.0,0.0,0.0,0.1894,11.025,6.0,-4,20.78356879991798,,0.0,0.0,0.0,0.0,48.38573377587813,optimal
2021-02-13 07:30:00,9,22,0.0,0.0,0.0,0.3698666666666667,12.789,6.0,-4,20.721738722028295,,0.0,0.0,0.0,0.0,48.33734804210225,optimal
2021-02-13 08:00:00,9,22,0.0,0.0,0.0,1.2752666666666668,12.1275,6.0,-4,20.666577395010282,,0.0,0.0,0.0,0.0,48.289010694060146,optimal
2021-02-13 08:30:00,9,22,0.0,0.0,0.0,0.2246,12.1695,6.0,-4,20.63273520508771,,0.0,0.0,0.0,0.0,48.240721683366075,optimal
2021-02-13 09:00:00,9,22,0.0,0.0,0.0,0.6293,12.306,6.0,-4,20.585168456115856,,0.0,0.0,0.0,0.0,48.192480961682705,optimal
2021-02-13 09:30:00,9,22,0.0,0.0,0.0,1.5778666666666665,13.23,6.0,-4,20.54708577615166,,0.0,0.0,0.0,0.0,48.144288480721016,optimal
2021-02-13 10:00:00,9,22,0.0,0.0,0.0,0.24880000000000002,13.671,6.0,-4,20.516560516876886,,0.0,0.0,0.0,0.0,48.096144192240295,optimal
2021-02-13 10:30:00,9,22,0.0,0.0,0.0,0.2781,13.9335,6.0,-4,20.48976791398754,,0.0,0.0,0.0,0.0,48.048048048048045,optimal
2021-02-13 11:00:00,9,22,0.0,0.0,0.0,0.5764333333333332,13.293,6.0,-4,20.46282167720223,,0.0,0.0,0.0,0.0,48.0,optimal
2021-02-13 11:30:00,9,22,0.0,0.0,0.0,2.24,12.1065,6.0,-4,20.46373690908947,,0.0,0.0,0.0,0.0,47.93267497216334,optimal
2021-02-13 12:00:00,9,22,0.0,0.0,0.0,2.562,11.571,6.0,-4,20.455124535791377,,0.0,0.0,0.0,0.0,47.865417269354516,optimal
2021-02-13 12:30:00,9,22,0.0,0.0,0.0,0.6159,11.025,6.0,-4,20.45636643532113,,0.0,0.0,0.0,0.0,47.7982268242485,optimal
2021-02-13 13:00:00,9,22,0.0,0.0,0.0,0.063,10.8465,6.0,-4,20.45064964327259,,0.0,0.0,0.0,0.0,47.731103569587596,optimal
2021-02-13 13:30:00,9,22,0.0,0.0,0.0,0.07540000000000001,11.2455,6.0,-4,20.44319851582831,,0.0,0.0,0.0,0.0,47.66404743818135,optimal
2021-02-13 14:00:00,9,22,0.0,0.0,0.0,0.187,23.8665,6.0,-4,20.436417203428352,,0.0,0.0,0.0,0.0,47.59705836290651,optimal
2021-02-13 14:30:00,9,22,0.0,0.0,0.0,0.063,27.4575,6.0,-4,20.41816996364617,,0.0,0.0,0.0,0.0,47.53013627670695,optimal
2021-02-13 15:00:00,9,22,0.0,0.0,0.0,0.17153333333333334,27.3735,6.0,-4,20.397083217444045,,0.0,0.0,0.0,0.0,47.463281112593585,optimal
2021-02-13 15:30:00,9,22,0.0,0.0,0.0,0.4351333333333333,30.4605,6.0,-4,20.36890055589492,,0.0,0.0,0.0,0.0,47.396492803644335,optimal
2021-02-13 16:00:00,9,22,0.0,0.0,0.0,0.20456666666666665,30.0195,6.0,-4,20.352677356760164,,0.0,0.0,0.0,0.0,47.329771283004035,optimal
2021-02-13 16:30:00,9,22,0.0,0.0,0.0,0.3418,26.9325,6.0,-4,20.316721527192474,,0.0,0.0,0.0,0.0,47.263116483884374,optimal
2021-02-13 17:00:00,9,22,0.0,0.0,0.0,0.2533333333333333,14.595,6.0,-4,20.28590303417528,,0.0,0.0,0.0,0.0,47.196528339563834,optimal
2021-02-13 17:30:00,9,22,0.0,0.0,0.0,0.12486666666666665,12.4845,6.0,-4,20.243241175214095,,0.0,0.0,0.0,0.0,47.130006783387614,optimal
2021-02-13 18:00:00,9,22,0.0,0.0,0.0,0.23406666666666665,12.1275,6.0,-4,20.197007214064776,,0.0,0.0,0.0,0.0,47.063551748767566,optimal
2021-02-13 18:30:00,9,22,0.0,0.0,0.0,0.12333333333333331,12.1275,6.0,-4,20.14739694980134,,0.0,0.0,0.0,0.0,46.99716316918214,optimal
2021-02-13 19:00:00,9,22,0.0,0.0,0.0,0.27543333333333336,12.789,6.0,-4,20.094178815069974,,0.0,0.0,0.0,0.0,46.9308409781763,optimal
2021-02-13 19:30:00,9,22,0.0,0.0,0.0,0.3944666666666666,11.907,6.0,-4,20.04537888094136,,0.0,0.0,0.0,0.0,46.864585109361464,optimal
2021-02-13 20:00:00,9,22,0.6754007706439842,0.0,0.0,0.5328333333333334,11.025,6.0,-4,20.0,,1688.5019266099605,0.0,0.0,0.0,46.798395496415445,optimal
2021-02-13 20:30:00,9,22,0.0,0.0,0.0,0.3105333333333334,8.2005,6.0,-4,20.0,,0.0,0.0,0.0,0.0,46.73227207308237,optimal
2021-02-13 21:00:00,9,22,0.0,0.0,0.0,0.2163333333333333,9.5655,6.0,-4,19.949564580122914,,0.0,0.0,0.0,0.0,46.68553980100929,optimal
2021-02-13 21:30:00,9,22,0.11146666666666666,0.0,0.0,0.3739333333333333,7.056,6.0,-4,19.90003720275432,,0.0,0.0,278.66666666666663,0.0,46.63885426120828,optimal
2021-02-13 22:00:00,9,22,0.0,0.0,0.0,0.063,9.3975,6.0,-4,19.854724669088334,,0.0,0.0,0.0,0.0,46.59221540694707,optimal
2021-02-13 22:30:00,9,22,0.0,0.0,0.0,0.08159999999999999,10.059,6.0,-4,19.79397273856908,,0.0,0.0,0.0,0.0,46.54562319154012,optimal
2021-02-13 23:00:00,9,22,0.0,0.0,0.0,0.18080000000000002,9.261,6.0,-4,19.73406240354661,,0.0,0.0,0.0,0.0,46.49907756834858,optimal
2021-02-13 23:30:00,9,22,0.0,0.0,0.0,0.063,8.1585,6.0,-4,19.67708526949192,,0.0,0.0,0.0,0.0,46.45257849078023,optimal
2021-02-07 00:00:00,10,22,2.8,0.0,1.42397879506943,0.057,9.261,6.0,-16,21.0,,7000.0,0.0,0.0,0.0,48.62838992765797,optimal
2021-02-07 00:30:00,10,22,0.0,0.0,0.0,0.1248,11.7075,6.0,-16,21.127909484677346,,0.0,0.0,0.0,0.0,48.579761537730306,optimal
2021-02-07 01:00:00,10,22,0.0,0.0,0.0,0.057,12.348,6.0,-16,21.074953863169775,,0.0,0.0,0.0,0.0,48.53118177619257,optimal
2021-02-07 01:30:00,10,22,0.0,0.0,0.0,0.1022,12.348,6.0,-16,21.02008432025387,,0.0,0.0,0.0,0.0,48.48265059441637,optimal
2021-02-07 02:00:00,10,22,0.0,0.0,0.0,0.07959999999999999,12.1275,6.0,-16,20.96640501731197,,0.0,0.0,0.0,0.0,48.434167943821954,optimal
2021-02-07 02:30:00,10,22,0.0,0.0,0.0,0.057,12.5265,6.0,-16,20.91215037377375,,0.0,0.0,0.0,0.0,48.38573377587813,optimal
2021-02-07 03:00:00,10,22,0.0,0.0,0.0,0.057,11.7495,6.0,-16,20.8571604979559,,0.0,0.0,0.0,0.0,48.33734804210225,optimal
2021-02-07 03:30:00,10,22,0.0,0.0,0.0,0.1248,13.23,6.0,-16,20.80202501173612,,0.0,0.0,0.0,0.0,48.289010694060146,optimal
2021-02-07 04:00:00,10,22,0.0,0.0,0.0,0.057,14.3325,6.0,-16,20.74866786919057,,0.0,0.0,0.0,0.0,48.240721683366075,optimal
2021-02-07 04:30:00,10,22,0.0,0.0,0.0,0.0683,14.994,6.0,-16,20.693559857124896,,0.0,0.0,0.0,0.0,48.192480961682705,optimal
2021-02-07 05:00:00,10,22,0.0,0.0,0.0,1.3551,14.8155,6.0,-16,20.63892374440201,,0.0,0.0,0.0,0.0,48.144288480721016,optimal
2021-02-07 05:30:00,10,22,0.0,0.0,0.0,1.3113333333333332,14.112,6.0,-16,20.5903383753537,,0.0,0.0,0.0,0.0,48.096144192240295,optimal
2021-02-07 06:00:00,10,22,0.0,0.0,0.0,0.1022,14.007,6.0,-16,20.547249247004945,,0.0,0.0,0.0,0.0,48.048048048048045,optimal
2021-02-07 06:30:00,10,22,0.0,0.0,0.0,0.39376666666666665,13.23,6.0,-16,20.493967322757555,,0.0,0.0,0.0,0.0,48.0,optimal
2021-02-07 07:00:00,10,22,2.035624173715755,0.0,0.0,1.423,11.382,6.0,-16,20.444375207964352,,5089.060434289388,0.0,0.0,0.0,47.87226679214703,optimal
2021-02-07 07:30:00,10,22,0.0,0.0,0.0,1.1735333333333333,11.7495,6.0,-16,20.533123501180967,,0.0,0.0,0.0,0.0,47.744661317501915,optimal
2021-02-07 08:00:00,10,22,0.0,0.0,0.0,0.31026666666666664,24.3285,6.0,-16,20.488389695005463,,0.0,0.0,0.0,0.0,47.617183448331446,optimal
2021-02-07 08:30:00,10,22,0.0,0.0,0.0,0.3187333333333333,28.917,6.0,-16,20.443048401947745,,0.0,0.0,0.0,0.0,47.48983305703015,optimal
2021-02-07 09:00:00,10,22,0.0,0.0,0.0,0.09833333333333331,31.3635,6.0,-16,20.40088289983857,,0.0,0.0,0.0,0.0,47.36261001612015,optimal
2021-02-07 09:30:00,10,22,0.0,0.0,0.0,0.13146666666666668,33.306,6.0,-16,20.352263858804342,,0.0,0.0,0.0,0.0,47.23551419825106,optimal
2021-02-07 10:00:00,10,22,0.0,0.0,0.0,0.06466666666666668,31.3425,6.0,-16,20.300009057985005,,0.0,0.0,0.0,0.0,47.10854547619984,optimal
2021-02-07 10:30:00,10,22,0.0,0.0,0.0,0.1248,28.2555,6.0,-16,20.25322488274773,,0.0,0.0,0.0,0.0,46.98170372287068,optimal
2021-02-07 11:00:00,10,22,0.0,0.0,0.0,0.057,15.6975,6.0,-16,20.208030281257923,,0.0,0.0,0.0,0.0,46.85498881129484,optimal
2021-02-07 11:30:00,10,22,0.0,0.0,0.0,0.057,12.5475,6.0,-16,20.170159264768394,,0.0,0.0,0.0,0.0,46.72840061463057,optimal
2021-02-07 12:00:00,10,22,0.0,0.0,0.0,0.11220000000000001,12.0855,6.0,-16,20.132410763247055,,0.0,0.0,0.0,0.0,46.60193900616297,optimal
2021-02-07 12:30:00,10,22,0.0,0.0,0.0,0.08093333333333334,11.907,6.0,-16,20.102315562788046,,0.0,0.0,0.0,0.0,46.47560385930384,optimal
2021-02-07 13:00:00,10,22,0.0,0.0,0.0,0.09090000000000001,12.5685,6.0,-16,20.071730478716553,,0.0,0.0,0.0,0.0,46.349395047591564,optimal
2021-02-07 13:30:00,10,22,0.0,0.0,0.0,0.09090000000000001,13.146,6.0,-16,20.035726124783814,,0.0,0.0,0.0,0.0,46.223312444691004,optimal
2021-02-07 14:00:00,10,22,0.500311261679856,0.0,0.0,0.1135,10.584,6.0,-16,20.0,,1250.7781541996399,0.0,0.0,0.0,46.09735592439335,optimal
2021-02-07 14:30:00,10,22,0.9485608323674147,0.0,0.0,0.0683,6.678,6.0,-16,20.0,,2371.4020809185367,0.0,0.0,0.0,45.971525360615985,optimal
2021-02-07 15:00:00,10,22,0.0,0.0,0.0,0.057,7.938,6.0,-16,20.02810580418185,,0.0,0.0,0.0,0.0,45.845820627402404,optimal
2021-02-07 15:30:00,10,22,2.8,0.0,0.0,0.2646,5.292,6.0,-16,20.0,,7000.0,0.0,0.0,0.0,45.72024159892203,optimal
2021-02-07 16:00:00,10,22,0.0,0.0,0.0,1.685,9.261,6.0,-16,20.15610907820249,,0.0,0.0,0.0,0.0,45.59478814947014,optimal
2021-02-07 16:30:00,10,22,0.0,0.0,0.0,2.5231,10.3635,6.0,-16,20.12656678040656,,0.0,0.0,0.0,0.0,45.4694601534677,optimal
2021-02-07 17:00:00,10,22,0.0,0.0,0.0,1.0832,8.274,6.0,-16,20.1006763850472,,0.0,0.0,0.0,0.0,45.34425748546126,optimal
2021-02-07 17:30:00,10,22,0.0,0.0,0.0,0.4824666666666666,7.7175,6.0,-16,20.06018341963389,,0.0,0.0,0.0,0.0,45.219180020122835,optimal
2021-02-07 18:00:00,10,22,0.3026975935542747,0.0,0.0,1.0393666666666665,6.615,6.0,-16,20.024073944434253,,756.7439838856868,0.0,0.0,0.0,45.09422763224974,optimal
2021-02-07 18:30:00,10,22,0.6417513239667149,0.0,0.0,2.5819666666666667,6.174,6.0,-16,20.0,,1604.3783099167872,0.0,0.0,0.0,44.969400196764525,optimal
2021-02-07 19:00:00,10,22,0.8054399724935913,0.0,0.0,0.5463666666666667,3.906,6.0,-16,20.0,,2013.5999312339782,0.0,0.0,0.0,44.844697588714794,optimal
2021-02-07 19:30:00,10,22,0.7507599724935601,0.0,0.0,0.2094,2.3415,6.0,-16,20.0,,1876.8999312339004,0.0,0.0,0.0,44.72011968327311,optimal
2021-02-07 20:00:00,10,22,0.7273999724935617,0.0,0.0,0.24013333333333334,2.205,6.0,-16,20.0,,1818.4999312339041,0.0,0.0,0.0,44.59566635573687,optimal
2021-02-07 20:30:00,10,22,0.0,0.0,0.0,0.067,0.882,6.0,-16,20.0,,0.0,0.0,0.0,0.0,44.47133748152816,optimal
2021-02-07 21:00:00,10,22,0.0,0.0,0.0,0.198,1.5435,6.0,-16,19.941654600165016,,0.0,0.0,0.0,0.0,44.34713293619367,optimal
2021-02-07 21:30:00,10,22,0.0,0.0,0.0,0.42119999999999996,1.5435,6.0,-16,19.890646640598767,,0.0,0.0,0.0,0.0,44.30278580325747,optimal
2021-02-07 22:00:00,10,22,0.0,0.0,0.0,1.8239666666666667,5.0715,6.0,-16,19.852623442486276,,0.0,0.0,0.0,0.0,44.25848301745421,optimal
2021-02-07 22:30:00,10,22,0.0,0.0,0.0,0.7163333333333334,5.376,6.0,-16,19.818100334037183,,0.0,0.0,0.0,0.0,44.21422453443676,optimal
2021-02-07 23:00:00,10,22,0.0,0.0,0.0,0.07453333333333333,5.0715,6.0,-16,19.779174584829782,,0.0,0.0,0.0,0.0,44.170010309902324,optimal
2021-02-07 23:30:00,10,22,0.0,0.0,0.0,0.12726666666666667,5.5125,6.0,-16,19.725781158968843,,0.0,0.0,0.0,0.0,44.12584029959242,optimal
2021-02-08 00:00:00,10,22,2.8,0.0,5.0,0.3724333333333333,7.938,6.0,-11,19.725781158968843,,7000.0,0.0,0.0,0.0,46.456714459292826,optimal
2021-02-08 00:30:00,10,22,2.8,0.0,0.0,0.061,11.907,6.0,-11,19.861923051707535,,7000.0,0.0,0.0,0.0,46.41025774483353,optimal
2021-02-08 01:00:00,10,22,2.8,0.0,4.9725164217923785,0.061,11.025,6.0,-11,19.98872665455097,,7000.0,0.0,0.0,0.0,48.72579278744007,optimal
2021-02-08 01:30:00,10,22,2.8,0.0,0.0,0.19446666666666668,11.2875,6.0,-11,20.11512004027299,,7000.0,0.0,0.0,0.0,48.67706699465263,optimal
2021-02-08 02:00:00,10,22,2.8,0.0,0.0,0.061,12.936,6.0,-11,20.24441081015265,,7000.0,0.0,0.0,0.0,48.62838992765797,optimal
2021-02-08 02:30:00,10,22,0.8617338914999361,0.0,0.0,0.19446666666666668,13.0095,6.0,-11,20.369653536688567,,2154.33472874984,0.0,0.0,0.0,48.579761537730306,optimal
2021-02-08 03:00:00,10,22,0.0,0.0,0.0,0.061,13.671,6.0,-11,20.372210046272514,,0.0,0.0,0.0,0.0,48.53118177619257,optimal
2021-02-08 03:30:00,10,22,0.0,0.0,0.0,0.12166666666666669,13.188,6.0,-11,20.315473304986188,,0.0,0.0,0.0,0.0,48.48265059441637,optimal
2021-02-08 04:00:00,10,22,0.0,0.0,0.0,0.1338,13.8495,6.0,-11,20.260334733430273,,0.0,0.0,0.0,0.0,48.434167943821954,optimal
2021-02-08 04:30:00,10,22,0.0,0.0,0.0,0.06466666666666668,13.23,6.0,-11,20.205528060651037,,0.0,0.0,0.0,0.0,48.38573377587813,optimal
2021-02-08 05:00:00,10,22,0.0,0.0,0.0,0.17386666666666667,13.3665,6.0,-11,20.14868353362642,,0.0,0.0,0.0,0.0,48.33734804210225,optimal
2021-02-08 05:30:00,10,22,2.8,0.0,0.0,0.08526666666666667,13.0515,6.0,-11,20.094536872861976,,7000.0,0.0,0.0,0.0,48.289010694060146,optimal
2021-02-08 06:00:00,10,22,0.0,0.0,0.0,0.061,13.5345,6.0,-11,20.220086236079865,,0.0,0.0,0.0,0.0,48.240721683366075,optimal
2021-02-08 06:30:00,10,22,0.0,0.0,0.0,0.19446666666666668,14.154,6.0,-11,20.162547600724523,,0.0,0.0,0.0,0.0,48.192480961682705,optimal
2021-02-08 07:00:00,10,22,0.0,0.0,0.0,0.071,14.112,6.0,-11,20.10850138044495,,0.0,0.0,0.0,0.0,48.144288480721016,optimal
2021-02-08 07:30:00,10,22,0.0,0.0,0.0,0.19233333333333327,14.2485,6.0,-11,20.0538480932237,,0.0,0.0,0.0,0.0,48.096144192240295,optimal
2021-02-08 08:00:00,10,22,1.7570171927160056,0.0,0.0,0.08313333333333334,12.789,6.0,-11,20.0,,4392.542981790014,0.0,0.0,0.0,48.048048048048045,optimal
2021-02-08 08:30:00,10,22,0.0,0.0,0.0,0.07706666666666666,13.0095,6.0,-11,20.05813055801075,,0.0,0.0,0.0,0.0,48.0,optimal
2021-02-08 09:00:00,10,22,2.8,0.0,0.0,0.1984,12.1275,6.0,-11,20.0,,7000.0,0.0,0.0,0.0,47.86633858109582,optimal
2021-02-08 09:30:00,10,22,0.0,0.0,0.0,0.071,12.348,6.0,-11,20.132947040804172,,0.0,0.0,0.0,0.0,47.73281082361054,optimal
2021-02-08 10:00:00,10,22,0.3776311250002565,0.0,0.0,0.1438,12.348,6.0,-11,20.0807493237299,,944.0778125006411,0.0,0.0,0.0,47.59941659388275,optimal
2021-02-08 10:30:00,10,22,0.0,0.0,0.0,0.13166666666666665,25.389,6.0,-11,20.06997647468036,,0.0,0.0,0.0,0.0,47.46615575838469,optimal
2021-02-08 11:00:00,10,22,0.0,0.0,0.0,0.09826666666666668,29.1375,6.0,-11,20.033906817413293,,0.0,0.0,0.0,0.0,47.33302818372212,optimal
2021-02-08 11:30:00,10,22,0.0,0.0,0.0,0.29719999999999996,30.597,6.0,-11,20.01476459123248,,0.0,0.0,0.0,0.0,47.20003373663422,optimal
2021-02-08 12:00:00,10,22,0.0,0.0,0.0,0.6145333333333333,33.684,6.0,-11,20.003758023668738,,0.0,0.0,0.0,0.0,47.0671722839934,optimal
2021-02-08 12:30:00,10,22,0.0,0.0,0.0,1.3764666666666667,32.445,6.0,-11,20.0,,0.0,0.0,0.0,0.0,46.934443692805225,optimal
2021-02-08 13:00:00,10,22,0.0,0.0,0.0,2.2993333333333332,28.917,6.0,-11,20.007981509591076,,0.0,0.0,0.0,0.0,46.80184783020824,optimal
2021-02-08 13:30:00,10,22,0.0,0.0,0.0,0.5285,15.876,6.0,-11,20.049963463448602,,0.0,0.0,0.0,0.0,46.66938456347385,optimal
2021-02-08 14:00:00,10,22,0.0,0.0,0.0,0.6223,12.348,6.0,-11,20.05795364015783,,0.0,0.0,0.0,0.0,46.537053760006195,optimal
2021-02-08 14:30:00,10,22,0.0,0.0,0.0,0.5661666666666666,12.1275,6.0,-11,20.0681066016986,,0.0,0.0,0.0,0.0,46.40485528734201,optimal
2021-02-08 15:00:00,10,22,0.0,0.0,0.0,0.45006666666666667,12.348,6.0,-11,20.076776578299327,,0.0,0.0,0.0,0.0,46.272789013150486,optimal
2021-02-08 15:30:00,10,22,0.0,0.0,0.0,0.5115,12.1275,6.0,-11,20.07352843993266,,0.0,0.0,0.0,0.0,46.140854805233154,optimal
2021-02-08 16:00:00,10,22,0.0,0.0,0.0,0.8056333333333333,12.1275,6.0,-11,20.072927126254438,,0.0,0.0,0.0,0.0,46.00905253152374,optimal
2021-02-08 16:30:00,10,22,0.0,0.0,0.0,0.3288333333333333,11.2665,6.0,-11,20.066902340606145,,0.0,0.0,0.0,0.0,45.87738206008804,optimal
2021-02-08 17:00:00,10,22,0.8718859147078153,0.0,0.0,0.42069999999999996,10.143,6.0,-11,20.049943610814783,,2179.7147867695385,0.0,0.0,0.0,45.74584325912377,optimal
2021-02-08 17:30:00,10,22,0.0,0.0,0.0,0.24666666666666662,11.2455,6.0,-11,20.074837175934693,,0.0,0.0,0.0,0.0,45.61443599696046,optimal
2021-02-08 18:00:00,10,22,0.0,0.0,0.0,0.3646333333333333,11.025,6.0,-11,20.037847220316046,,0.0,0.0,0.0,0.0,45.48316014205932,optimal
2021-02-08 18:30:00,10,22,2.293846712969779,0.0,0.0,0.4934666666666666,5.9745,6.0,-11,20.0,,5734.6167824244485,0.0,0.0,0.0,45.352015563013076,optimal
2021-02-08 19:00:00,10,22,0.0,0.0,0.0,0.269,7.938,6.0,-11,20.117822172441162,,0.0,0.0,0.0,0.0,45.221002128545884,optimal
2021-02-08 19:30:00,10,22,0.0,0.0,0.0,0.34053333333333335,8.6835,6.0,-11,20.075916038718546,,0.0,0.0,0.0,0.0,45.09011970751316,optimal
2021-02-08 20:00:00,10,22,0.0,0.0,0.0,0.41293333333333326,7.665,6.0,-11,20.03701737611777,,0.0,0.0,0.0,0.0,44.95936816890147,optimal
2021-02-08 20:30:00,10,22,0.0,0.0,0.0,0.33146666666666663,6.7725,6.0,-11,20.0,,0.0,0.0,0.0,0.0,44.828747381828386,optimal
2021-02-08 21:00:00,10,22,0.6966666666666662,0.0,0.0,0.335,5.5755,6.0,-11,19.959613993465123,,0.0,0.0,1741.6666666666654,0.0,44.69825721554238,optimal
2021-02-08 21:30:00,10,22,0.0,0.0,0.0,0.4376333333333333,5.0925,6.0,-11,19.922096939334857,,0.0,0.0,0.0,0.0,44.56789753942265,optimal
2021-02-08 22:00:00,10,22,0.1393333333333333,0.0,0.0,0.6015666666666667,4.1895,6.0,-11,19.883640452862654,,0.0,0.0,348.3333333333333,0.0,44.52332964188323,optimal
2021-02-08 22:30:00,10,22,0.0,0.0,0.0,0.071,7.056,6.0,-11,19.85234858662934,,0.0,0.0,0.0,0.0,44.478806312241346,optimal
2021-02-08 23:00:00,10,22,0.0,0.0,0.0,0.20446666666666666,5.271,6.0,-11,19.794867333614363,,0.0,0.0,0.0,0.0,44.434327505929105,optimal
2021-02-08 23:30:00,10,22,0.0,0.0,0.0,0.071,7.938,6.0,-11,19.740878310039903,,0.0,0.0,0.0,0.0,44.38989317842317,optimal
2021-02-09 00:00:00,10,22,0.0,0.0,0.0,0.2738,12.2955,6.0,4,19.740878310039903,,0.0,0.0,0.0,0.0,44.345503285244746,optimal
2021-02-09 00:30:00,10,22,0.0,0.0,0.0,0.058,11.6865,6.0,4,19.691711219414877,,0.0,0.0,0.0,0.0,44.3011577819595,optimal
2021-02-09 01:00:00,10,22,2.8,0.0,0.0,0.058,11.466,6.0,4,19.634335187085348,,730.0,0.0,6270.0,0.0,44.256856624177544,optimal
2021-02-09 01:30:00,10,22,2.8,0.0,0.0,0.058,10.8045,6.0,4,19.59627500268976,,7000.0,0.0,0.0,0.0,44.212599767553364,optimal
2021-02-09 02:00:00,10,22,2.8,0.0,5.0,0.058,10.584,6.0,4,19.7209354948532,,7000.0,0.0,0.0,0.0,46.54338716778581,optimal
2021-02-09 02:30:00,10,22,2.8,0.0,0.0,0.058,11.2455,6.0,4,19.844869197096447,,7000.0,0.0,0.0,0.0,46.49684378061802,optimal
2021-02-09 03:00:00,10,22,0.0,0.0,0.0,0.058,12.1275,6.0,4,19.96856371945971,,0.0,0.0,0.0,0.0,46.450346936837406,optimal
2021-02-09 03:30:00,10,22,0.0,0.0,0.0,0.058,11.823,6.0,4,19.91013030004741,,0.0,0.0,0.0,0.0,46.40389658990057,optimal
2021-02-09 04:00:00,10,22,1.4670422620097083,0.0,0.0,0.058,11.7705,6.0,4,19.852209422075493,,3667.605655024271,0.0,0.0,0.0,46.35749269331067,optimal
2021-02-09 04:30:00,10,22,2.8,0.0,0.0,0.058,11.13,6.0,4,19.89009929737991,,7000.0,0.0,0.0,0.0,46.31113520061736,optimal
2021-02-09 05:00:00,10,22,2.8,0.0,0.0,0.058,11.6865,6.0,4,20.014132756537624,,7000.0,0.0,0.0,0.0,46.26482406541674,optimal
2021-02-09 05:30:00,10,22,2.8,0.0,0.0,0.058,10.7205,6.0,4,20.13744145426384,,7000.0,0.0,0.0,0.0,46.21855924135132,optimal
2021-02-09 06:00:00,10,22,2.8,0.0,0.0,0.058,11.424,6.0,4,20.260351241092476,,7000.0,0.0,0.0,0.0,46.17234068210997,optimal
2021-02-09 06:30:00,10,22,2.8,0.0,4.2486739774592985,0.058,10.689,6.0,4,20.382863407523775,,7000.0,0.0,0.0,0.0,48.144288480721016,optimal
2021-02-09 07:00:00,10,22,2.8,0.0,0.0,0.1527,11.361,6.0,4,20.504817486939128,,7000.0,0.0,0.0,0.0,48.096144192240295,optimal
2021-02-09 07:30:00,10,22,2.8,0.0,0.0,0.21346666666666667,11.571,6.0,4,20.63285944967823,,7000.0,0.0,0.0,0.0,48.048048048048045,optimal
2021-02-09 08:00:00,10,22,0.0,0.0,0.0,0.217,14.3745,6.0,4,20.76337446661538,,0.0,0.0,0.0,0.0,48.0,optimal
2021-02-09 08:30:00,10,22,0.0,0.0,0.0,0.058,13.23,6.0,4,20.711039145705307,,0.0,0.0,0.0,0.0,47.798015991634124,optimal
2021-02-09 09:00:00,10,22,0.0,0.0,0.0,0.22073333333333328,13.9755,6.0,4,20.64553478676201,,0.0,0.0,0.0,0.0,47.59623396727662,optimal
2021-02-09 09:30:00,10,22,0.0,0.0,0.0,0.239,14.994,6.0,4,20.598479851828188,,0.0,0.0,0.0,0.0,47.39465372494347,optimal
2021-02-09 10:00:00,10,22,0.0,0.0,0.0,0.24766666666666662,13.671,6.0,4,20.55299112405427,,0.0,0.0,0.0,0.0,47.19327506285265,optimal
2021-02-09 10:30:00,10,22,0.0,0.0,0.0,1.1249,15.981,6.0,4,20.524708021400187,,0.0,0.0,0.0,0.0,46.99209777942392,optimal
2021-02-09 11:00:00,10,22,0.0,0.0,0.0,0.6587999999999999,15.6345,6.0,4,20.501281884667524,,0.0,0.0,0.0,0.0,46.791121673278624,optimal
2021-02-09 11:30:00,10,22,0.0,0.0,0.0,0.13,16.5375,6.0,4,20.48430504283144,,0.0,0.0,0.0,0.0,46.59034654323947,optimal
2021-02-09 12:00:00,10,22,0.0,0.0,0.0,0.1536,14.7735,6.0,4,20.464796783980727,,0.0,0.0,0.0,0.0,46.389772188330355,optimal
2021-02-09 12:30:00,10,22,0.0,0.0,0.0,0.2312333333333333,15.2145,6.0,4,20.45616998686512,,0.0,0.0,0.0,0.0,46.18939840777615,optimal
2021-02-09 13:00:00,10,22,0.0,0.0,0.0,0.067,14.553,6.0,4,20.447800667345984,,0.0,0.0,0.0,0.0,45.9892250010025,optimal
2021-02-09 13:30:00,10,22,0.0,0.0,0.0,0.205,14.3325,6.0,4,20.440951207794402,,0.0,0.0,0.0,0.0,45.789251767635626,optimal
2021-02-09 14:00:00,10,22,0.0,0.0,0.0,0.3146666666666667,14.595,6.0,4,20.441601514201334,,0.0,0.0,0.0,0.0,45.589478507502115,optimal
2021-02-09 14:30:00,10,22,0.0,0.0,0.0,0.239,14.994,6.0,4,20.44337894015654,,0.0,0.0,0.0,0.0,45.38990502062874,optimal
2021-02-09 15:00:00,10,22,0.0,0.0,0.0,0.16723333333333332,14.3325,6.0,4,20.443731919784664,,0.0,0.0,0.0,0.0,45.190531107242236,optimal
2021-02-09 15:30:00,10,22,0.0,0.0,0.0,0.22,13.8915,6.0,4,20.42892725582169,,0.0,0.0,0.0,0.0,44.99135656776912,optimal
2021-02-09 16:00:00,10,22,0.0,0.0,0.0,0.058,13.8915,6.0,4,20.415366626050446,,0.0,0.0,0.0,0.0,44.79238120283547,optimal
2021-02-09 16:30:00,10,22,0.0,0.0,0.0,0.058,13.4715,6.0,4,20.376009982271842,,0.0,0.0,0.0,0.0,44.593604813266765,optimal
2021-02-09 17:00:00,10,22,0.0,0.0,0.0,0.06066666666666666,13.23,6.0,4,20.336457153665172,,0.0,0.0,0.0,0.0,44.395027200087625,optimal
2021-02-09 17:30:00,10,22,0.0,0.0,0.0,0.060333333333333336,13.8915,6.0,4,20.279818126268992,,0.0,0.0,0.0,0.0,44.19664816452166,optimal
2021-02-09 18:00:00,10,22,0.0,0.0,0.0,0.1779,26.9325,6.0,4,20.22303882357334,,0.0,0.0,0.0,0.0,43.998467507991265,optimal
2021-02-09 18:30:00,10,22,0.0,0.0,0.0,0.3803,30.303,6.0,4,20.16661835154468,,0.0,0.0,0.0,0.0,43.954469040483275,optimal
2021-02-09 19:00:00,10,22,0.0,0.0,0.0,0.43073333333333336,32.886,6.0,4,20.12102245782549,,0.0,0.0,0.0,0.0,43.91051457144279,optimal
2021-02-09 19:30:00,10,22,0.0,0.0,0.0,1.8133333333333332,34.9965,6.0,4,20.077788056097774,,0.0,0.0,0.0,0.0,43.866604056871346,optimal
2021-02-09 20:00:00,10,22,0.0,0.0,0.0,0.3993,33.327,6.0,4,20.04149203136375,,0.0,0.0,0.0,0.0,43.82273745281447,optimal
2021-02-09 20:30:00,10,22,0.0,0.0,0.0,0.44780000000000003,31.122,6.0,4,20.0,,0.0,0.0,0.0,0.0,43.77891471536166,optimal
2021-02-09 21:00:00,10,22,0.0,0.0,0.0,0.4811333333333333,17.9025,6.0,4,19.957712220232438,,0.0,0.0,0.0,0.0,43.7351358006463,optimal
2021-02-09 21:30:00,10,22,0.0,0.0,0.0,0.5360666666666667,15.6555,6.0,4,19.91568189495758,,0.0,0.0,0.0,0.0,43.69140066484565,optimal
2021-02-09 22:00:00,10,22,0.0,0.0,0.0,0.4102,14.553,6.0,4,19.871991159846484,,0.0,0.0,0.0,0.0,43.647709264180804,optimal
2021-02-09 22:30:00,10,22,0.0,0.0,0.0,1.2351666666666667,14.3325,6.0,4,19.826323528558692,,0.0,0.0,0.0,0.0,43.604061554916626,optimal
2021-02-09 23:00:00,10,22,0.0,0.0,0.0,0.1957333333333333,13.335,6.0,4,19.779774271074686,,0.0,0.0,0.0,0.0,43.56045749336171,optimal
2021-02-09 23:30:00,10,22,0.0,0.0,0.0,0.068,12.1275,6.0,4,19.727499662908453,,0.0,0.0,0.0,0.0,43.51689703586835,optimal
2021-02-10 00:00:00,10,22,2.8,0.0,5.0,0.07216666666666667,13.0935,6.0,-13,19.727499662908453,,5606.666666666667,0.0,1393.3333333333333,0.0,45.848380138832475,optimal
2021-02-10 00:30:00,10,22,2.8,0.0,5.0,0.17553333333333332,15.6345,6.0,-13,19.818623940100768,,0.0,0.0,7000.0,0.0,48.17753175869364,optimal
2021-02-10 01:00:00,10,22,0.0,0.0,0.0,0.10533333333333332,18.102,6.0,-13,19.7626109689064,,0.0,0.0,0.0,0.0,48.12935422693494,optimal
2021-02-10 01:30:00,10,22,0.0,0.0,0.0,0.074,17.199,6.0,-13,19.704501683786546,,0.0,0.0,0.0,0.0,48.081224872708006,optimal
2021-02-10 02:00:00,10,22,0.0,0.0,0.0,0.074,18.2805,6.0,-13,19.645442707530297,,0.0,0.0,0.0,0.0,48.033143647835296,optimal
2021-02-10 02:30:00,10,22,0.0,0.0,0.0,0.21186666666666668,17.4615,6.0,-13,19.586251284651624,,0.0,0.0,0.0,0.0,47.98511050418746,optimal
2021-02-10 03:00:00,10,22,0.0,0.0,0.0,0.074,18.3225,6.0,-13,19.53083370722295,,0.0,0.0,0.0,0.0,47.937125393683274,optimal
2021-02-10 03:30:00,10,22,0.9635723564989285,0.0,0.0,0.12413333333333335,17.094,6.0,-13,19.472013051208467,,0.0,0.0,2408.930891247321,0.0,47.889188268289594,optimal
2021-02-10 04:00:00,10,22,1.505918608711349,0.0,0.0,0.1617333333333333,17.094,6.0,-13,19.414685359011116,,3764.796521778372,0.0,0.0,0.0,47.8412990800213,optimal
2021-02-10 04:30:00,10,22,2.8,0.0,0.0,0.074,17.094,6.0,-13,19.456345430663266,,7000.0,0.0,0.0,0.0,47.79345778094128,optimal
2021-02-10 05:00:00,10,22,0.0,0.0,0.0,0.21186666666666668,17.3565,6.0,-13,19.57933177837789,,0.0,0.0,0.0,0.0,47.74566432316034,optimal
2021-02-10 05:30:00,10,22,2.8,0.0,0.0,0.074,17.115,6.0,-13,19.52328957418341,,7000.0,0.0,0.0,0.0,47.69791865883718,optimal
2021-02-10 06:00:00,10,22,2.8,0.0,0.0,0.18680000000000002,17.241,6.0,-13,19.645412341876032,,7000.0,0.0,0.0,0.0,47.65022074017835,optimal
2021-02-10 06:30:00,10,22,2.8,0.0,0.0,0.09906666666666666,17.094,6.0,-13,19.769747549282563,,7000.0,0.0,0.0,0.0,47.60257051943817,optimal
2021-02-10 07:00:00,10,22,2.8,0.0,1.5453531476661386,1.0511666666666668,16.5165,6.0,-13,19.89204785456806,,7000.0,0.0,0.0,0.0,48.289010694060146,optimal
2021-02-10 07:30:00,10,22,0.0,0.0,0.0,1.1233333333333333,17.8185,6.0,-13,20.037356502273497,,0.0,0.0,0.0,0.0,48.240721683366075,optimal
2021-02-10 08:00:00,10,22,2.8,0.0,0.0,0.072,17.094,6.0,-13,20.0,,3032.9308912473225,0.0,3967.069108752678,0.0,48.192480961682705,optimal
2021-02-10 08:30:00,10,22,2.8,0.0,0.0,0.10986666666666665,16.8945,6.0,-13,20.024249552973284,,7000.0,0.0,0.0,0.0,48.144288480721016,optimal
2021-02-10 09:00:00,10,22,0.0,0.0,0.0,0.34613333333333335,18.123,6.0,-13,20.15507208768662,,0.0,0.0,0.0,0.0,48.096144192240295,optimal
2021-02-10 09:30:00,10,22,0.0,0.0,0.0,0.10333333333333332,31.647,6.0,-13,20.123820065561418,,0.0,0.0,0.0,0.0,48.048048048048045,optimal
2021-02-10 10:00:00,10,22,0.0,0.0,0.0,0.13716666666666666,34.9965,6.0,-13,20.083451681526835,,0.0,0.0,0.0,0.0,48.0,optimal
2021-02-10 10:30:00,10,22,0.0,0.0,0.0,0.15353333333333333,34.9965,6.0,-13,20.063440649046317,,0.0,0.0,0.0,0.0,47.881584967693236,optimal
2021-02-10 11:00:00,10,22,0.0,0.0,0.0,0.074,34.9965,6.0,-13,20.035483638669696,,0.0,0.0,0.0,0.0,47.76328835041878,optimal
2021-02-10 11:30:00,10,22,0.0,0.0,0.0,0.2248666666666667,34.9965,6.0,-13,20.01367487366514,,0.0,0.0,0.0,0.0,47.645110029761604,optimal
2021-02-10 12:00:00,10,22,0.0,0.0,0.0,0.14186666666666667,34.9965,6.0,-13,20.0,,0.0,0.0,0.0,0.0,47.52704988742508,optimal
2021-02-10 12:30:00,10,22,0.0,0.0,0.0,1.6670666666666667,27.741,6.0,-13,20.003611931015797,,0.0,0.0,0.0,0.0,47.40910780523089,optimal
2021-02-10 13:00:00,10,22,0.0,0.0,0.0,0.7503666666666666,19.026,6.0,-13,20.030334667907265,,0.0,0.0,0.0,0.0,47.2912836651189,optimal
2021-02-10 13:30:00,10,22,0.0,0.0,0.0,0.15686666666666668,18.7215,6.0,-13,20.044814981853154,,0.0,0.0,0.0,0.0,47.17357734914702,optimal
2021-02-10 14:00:00,10,22,0.0,0.0,0.0,0.3078,17.4195,6.0,-13,20.050159175905353,,0.0,0.0,0.0,0.0,47.055988739491106,optimal
2021-02-10 14:30:00,10,22,0.0,0.0,0.0,0.3753333333333333,16.758,6.0,-13,20.056427948585807,,0.0,0.0,0.0,0.0,46.93851771844485,optimal
2021-02-10 15:00:00,10,22,0.0,0.0,0.0,0.24856666666666663,14.217,6.0,-13,20.065189981572175,,0.0,0.0,0.0,0.0,46.82116416841964,optimal
2021-02-10 15:30:00,10,22,0.1393333333333333,0.0,0.0,1.6567333333333332,13.3665,6.0,-13,20.061399864067663,,0.0,0.0,348.3333333333333,0.0,46.70392797194446,optimal
2021-02-10 16:00:00,10,22,0.11146666666666666,0.0,0.0,0.24513333333333331,12.789,6.0,-13,20.068539532717455,,0.0,0.0,278.66666666666663,0.0,46.58680901166575,optimal
2021-02-10 16:30:00,10,22,0.0,0.0,0.0,0.4378,11.907,6.0,-13,20.049230338797816,,0.0,0.0,0.0,0.0,46.46980717034732,optimal
2021-02-10 17:00:00,10,22,0.098648,0.0,0.0,1.3104666666666667,11.7075,6.0,-13,20.04070469545994,,0.0,0.0,246.62,0.0,46.352922330870214,optimal
2021-02-10 17:30:00,10,22,2.8,0.0,0.0,1.228233333333333,10.8045,6.0,-13,20.03491554958899,,5365.62,0.0,1634.38,0.0,46.306569408539346,optimal
2021-02-10 18:00:00,10,22,0.0,0.0,0.0,1.1681,11.508,6.0,-13,20.14971845040698,,0.0,0.0,0.0,0.0,46.26026283913081,optimal
2021-02-10 18:30:00,10,22,0.0,0.0,0.0,0.5387000000000001,11.508,6.0,-13,20.114507552534732,,0.0,0.0,0.0,0.0,46.214002576291676,optimal
2021-02-10 19:00:00,10,22,0.14369844690584235,0.0,0.0,0.517,11.508,6.0,-13,20.081247119189108,,359.2461172646059,0.0,0.0,0.0,46.167788573715384,optimal
2021-02-10 19:30:00,10,22,0.0,0.0,0.0,0.3041666666666667,11.844,6.0,-13,20.051370871664748,,0.0,0.0,0.0,0.0,46.121620785141666,optimal
2021-02-10 20:00:00,10,22,0.7469275461493767,0.0,0.0,0.30639999999999995,11.508,6.0,-13,20.0,,1867.318865373442,0.0,0.0,0.0,46.07549916435652,optimal
2021-02-10 20:30:00,10,22,0.0,0.0,0.0,0.33666666666666667,11.508,6.0,-13,20.0,,0.0,0.0,0.0,0.0,46.02942366519216,optimal
2021-02-10 21:00:00,10,22,0.5852,0.0,0.0,0.3058666666666667,10.4475,6.0,-13,19.955088600379245,,0.0,0.0,1463.0,0.0,45.98339424152697,optimal
2021-02-10 21:30:00,10,22,0.0,0.0,0.0,0.4686666666666667,10.8675,6.0,-13,19.911291918520302,,0.0,0.0,0.0,0.0,45.93741084728545,optimal
2021-02-10 22:00:00,10,22,0.0,0.0,0.0,0.5581333333333334,10.542,6.0,-13,19.868293638478008,,0.0,0.0,0.0,0.0,45.89147343643816,optimal
2021-02-10 22:30:00,10,22,0.0,0.0,0.0,0.5013333333333333,11.025,6.0,-13,19.822472441756556,,0.0,0.0,0.0,0.0,45.84558196300172,optimal
2021-02-10 23:00:00,10,22,0.0,0.0,0.0,0.5329333333333333,11.025,6.0,-13,19.773601898682795,,0.0,0.0,0.0,0.0,45.79973638103872,optimal
2021-02-10 23:30:00,10,22,0.0,0.0,0.0,0.35096666666666665,14.553,6.0,-13,19.723167777732478,,0.0,0.0,0.0,0.0,45.75393664465768,optimal
2021-02-11 00:00:00,10,22,0.0,0.0,0.0,0.06,20.79,6.0,-16,19.723167777732478,,0.0,0.0,0.0,0.0,45.70818270801302,optimal
2021-02-11 00:30:00,10,22,0.0,0.0,0.0,0.18906666666666663,29.106,6.0,-16,19.65169023127022,,0.0,0.0,0.0,0.0,45.66247452530501,optimal
2021-02-11 01:00:00,10,22,0.0,0.0,0.0,0.14866666666666667,19.1835,6.0,-16,19.58412112134864,,0.0,0.0,0.0,0.0,45.6168120507797,optimal
2021-02-11 01:30:00,10,22,0.0,0.0,0.0,0.11746666666666668,19.6665,6.0,-16,19.51604434490122,,0.0,0.0,0.0,0.0,45.57119523872892,optimal
2021-02-11 02:00:00,10,22,0.0,0.0,0.0,0.1502666666666667,19.404,6.0,-16,19.447377093189342,,0.0,0.0,0.0,0.0,45.52562404349019,optimal
2021-02-11 02:30:00,10,22,0.0,0.0,0.0,0.13933333333333334,19.047,6.0,-16,19.379784266475536,,0.0,0.0,0.0,0.0,45.4800984194467,optimal
2021-02-11 03:00:00,10,22,2.2620588731273386,0.0,0.0,0.18906666666666663,18.858,6.0,-16,19.311802506516123,,5167.48051615168,0.0,487.6666666666667,0.0,45.43461832102725,optimal
2021-02-11 03:30:00,10,22,0.0,0.0,0.0,0.11133333333333331,19.2675,6.0,-16,19.379282394879784,,0.0,0.0,0.0,0.0,45.38918370270623,optimal
2021-02-11 04:00:00,10,22,2.8,0.0,0.0,0.19,18.963,6.0,-16,19.31105995919393,,7000.0,0.0,0.0,0.0,45.343794519003524,optimal
2021-02-11 04:30:00,10,22,2.8,0.0,0.0,0.10573333333333332,18.438,6.0,-16,19.427800619405602,,7000.0,0.0,0.0,0.0,45.29845072448452,optimal
2021-02-11 05:00:00,10,22,2.8,0.0,0.0,0.14866666666666667,18.7425,6.0,-16,19.54197401315474,,7000.0,0.0,0.0,0.0,45.25315227376003,optimal
2021-02-11 05:30:00,10,22,2.8,0.0,5.0,0.0952,15.2145,6.0,-16,19.656893638404572,,7000.0,0.0,0.0,0.0,47.58289912148627,optimal
2021-02-11 06:00:00,10,22,2.8,0.0,0.0,0.24253333333333332,17.7765,6.0,-16,19.77086096702412,,7000.0,0.0,0.0,0.0,47.535316222364784,optimal
2021-02-11 06:30:00,10,22,2.8,0.0,0.0,0.06466666666666668,16.758,6.0,-16,19.889096711000455,,7000.0,0.0,0.0,0.0,47.48778090614242,optimal
2021-02-11 07:00:00,10,22,2.8,0.0,1.685112753957493,0.17813333333333334,16.422,6.0,-16,20.003136993616362,,7000.0,0.0,0.0,0.0,48.240721683366075,optimal
2021-02-11 07:30:00,10,22,2.8,0.0,0.0,0.16426666666666667,16.758,6.0,-16,20.12056545668226,,7000.0,0.0,0.0,0.0,48.192480961682705,optimal
2021-02-11 08:00:00,10,22,0.0,0.0,0.0,0.06,29.358,6.0,-16,20.237415470191216,,0.0,0.0,0.0,0.0,48.144288480721016,optimal
2021-02-11 08:30:00,10,22,0.0,0.0,0.0,0.43860000000000005,34.9965,6.0,-16,20.16999525600637,,0.0,0.0,0.0,0.0,48.096144192240295,optimal
2021-02-11 09:00:00,10,22,0.0,0.0,0.0,0.30569999999999997,34.65,6.0,-16,20.11477858437298,,0.0,0.0,0.0,0.0,48.048048048048045,optimal
2021-02-11 09:30:00,10,22,0.0,0.0,0.0,2.138133333333333,34.9965,6.0,-16,20.072856151687095,,0.0,0.0,0.0,0.0,48.0,optimal
2021-02-11 10:00:00,10,22,0.0,0.0,0.0,0.18853333333333333,34.9965,6.0,-16,20.07124726210597,,0.0,0.0,0.0,0.0,47.76089908299676,optimal
2021-02-11 10:30:00,10,22,0.0,0.0,0.0,0.06,30.4815,6.0,-16,20.045190996335965,,0.0,0.0,0.0,0.0,47.52203726691052,optimal
2021-02-11 11:00:00,10,22,0.0,0.0,0.0,0.18906666666666663,21.4305,6.0,-16,20.013938150460916,,0.0,0.0,0.0,0.0,47.283414312640375,optimal
2021-02-11 11:30:00,10,22,0.19081224884746903,0.0,0.0,0.15333333333333335,14.3325,6.0,-16,20.0,,477.03062211867257,0.0,0.0,0.0,47.0450299813245,optimal
2021-02-11 12:00:00,10,22,0.0,0.0,0.0,0.0952,13.692,6.0,-16,20.0,,0.0,0.0,0.0,0.0,46.80688403433993,optimal
2021-02-11 12:30:00,10,22,0.0,0.0,0.0,0.22386666666666669,14.007,6.0,-16,20.00068900834701,,0.0,0.0,0.0,0.0,46.56897623330235,optimal
2021-02-11 13:00:00,10,22,0.0,0.0,0.0,0.08333333333333333,12.873,6.0,-16,20.006821878877044,,0.0,0.0,0.0,0.0,46.33130634006581,optimal
2021-02-11 13:30:00,10,22,0.0,0.0,0.0,0.067,12.684,6.0,-16,20.004484493163876,,0.0,0.0,0.0,0.0,46.0938741167225,optimal
2021-02-11 14:00:00,10,22,0.0,0.0,0.0,0.5372666666666667,12.306,6.0,-16,20.003127780403616,,0.0,0.0,0.0,0.0,45.85667932560254,optimal
2021-02-11 14:30:00,10,22,2.8,0.0,0.0,0.06,10.6365,6.0,-16,20.02254032298095,,5815.666666666667,0.0,1184.3333333333333,0.0,45.6197217292737,optimal
2021-02-11 15:00:00,10,22,0.0,0.0,0.0,0.13040000000000002,11.2455,6.0,-16,20.17162904741818,,0.0,0.0,0.0,0.0,45.383001090541185,optimal
2021-02-11 15:30:00,10,22,0.0,0.0,0.0,0.11866666666666668,11.2455,6.0,-16,20.157285149420108,,0.0,0.0,0.0,0.0,45.1465171724474,optimal
2021-02-11 16:00:00,10,22,0.32917590392511614,0.0,0.0,0.162,11.025,6.0,-16,20.13896245555707,,822.9397598127903,0.0,0.0,0.0,44.910269738271715,optimal
2021-02-11 16:30:00,10,22,0.0,0.0,0.0,0.20086666666666667,12.0855,6.0,-16,20.123280403260114,,0.0,0.0,0.0,0.0,44.6742585515302,optimal
2021-02-11 17:00:00,10,22,0.0,0.0,0.0,1.2030666666666665,11.6865,6.0,-16,20.085862426389237,,0.0,0.0,0.0,0.0,44.43848337597543,optimal
2021-02-11 17:30:00,10,22,0.0,0.0,0.0,1.6546666666666667,11.2245,6.0,-16,20.037758574940064,,0.0,0.0,0.0,0.0,44.20294397559621,optimal
2021-02-11 18:00:00,10,22,0.7912458227513869,0.0,0.0,0.7166,11.025,6.0,-16,20.0,,1978.1145568784673,0.0,0.0,0.0,43.967640114617375,optimal
2021-02-11 18:30:00,10,22,2.1014873977189747,0.0,0.0,0.297,10.7835,6.0,-16,20.0,,4766.051827630769,0.0,487.6666666666667,0.0,43.73257155749952,optimal
2021-02-11 19:00:00,10,22,0.0,0.0,0.0,0.16906666666666667,11.025,6.0,-16,20.077633177825664,,0.0,0.0,0.0,0.0,43.49773806893878,optimal
2021-02-11 19:30:00,10,22,2.5742599942648594,0.0,0.0,0.09933333333333332,10.584,6.0,-16,20.0,,6435.6499856621485,0.0,0.0,0.0,43.263139413866604,optimal
2021-02-11 20:00:00,10,22,0.0,0.0,0.0,0.07,11.025,6.0,-16,20.085425975004405,,0.0,0.0,0.0,0.0,43.0287753574495,optimal
2021-02-11 20:30:00,10,22,0.05573333333333333,0.0,0.0,0.19906666666666664,10.4265,6.0,-16,20.0,,0.0,0.0,139.33333333333331,0.0,42.79464566508881,optimal
2021-02-11 21:00:00,10,22,0.0,0.0,0.0,0.10266666666666668,12.789,6.0,-16,19.918527585523893,,0.0,0.0,0.0,0.0,42.56075010242048,optimal
2021-02-11 21:30:00,10,22,0.0,0.0,0.0,0.17173333333333332,12.684,6.0,-16,19.835137366245554,,0.0,0.0,0.0,0.0,42.32708843531482,optimal
2021-02-11 22:00:00,10,22,0.0,0.0,0.0,0.158,16.254,6.0,-16,19.754943833263145,,0.0,0.0,0.0,0.0,42.093660429876266,optimal
2021-02-11 22:30:00,10,22,0.0,0.0,0.0,0.20433333333333328,17.64,6.0,-16,19.675785151743646,,0.0,0.0,0.0,0.0,41.86046585244315,optimal
2021-02-11 23:00:00,10,22,0.0,0.0,0.0,0.31156666666666666,19.1625,6.0,-16,19.59959269316058,,0.0,0.0,0.0,0.0,41.818605386590704,optimal
2021-02-11 23:30:00,10,22,0.0,0.0,0.0,0.15966666666666665,26.46,6.0,-16,19.53672196671858,,0.0,0.0,0.0,0.0,41.776786781204116,optimal
2021-02-12 00:00:00,10,22,0.0,0.0,0.0,0.047,13.566,6.0,9,19.53672196671858,,0.0,0.0,0.0,0.0,41.73500999442291,optimal
2021-02-12 00:30:00,10,22,0.0,0.0,0.0,0.047,12.789,6.0,9,19.455188781227744,,0.0,0.0,0.0,0.0,41.693274984428484,optimal
2021-02-12 01:00:00,10,22,0.0,0.0,0.0,0.233,12.1275,6.0,9,19.373919360392655,,0.0,0.0,0.0,0.0,41.65158170944406,optimal
2021-02-12 01:30:00,10,22,0.0,0.0,0.0,0.045,13.671,6.0,9,19.300645754606467,,0.0,0.0,0.0,0.0,41.609930127734614,optimal
2021-02-12 02:00:00,10,22,2.8000000000000003,0.0,0.0,0.047,10.668,6.0,9,19.225301363854875,,6492.763863958867,0.0,507.23613604113416,0.0,41.56832019760688,optimal
2021-02-12 02:30:00,10,22,0.0,0.0,0.0,0.047,11.7285,6.0,9,19.314132054747294,,0.0,0.0,0.0,0.0,41.526751877409275,optimal
2021-02-12 03:00:00,10,22,0.0,0.0,0.0,0.047,11.025,6.0,9,19.234936490167893,,0.0,0.0,0.0,0.0,41.48522512553187,optimal
2021-02-12 03:30:00,10,22,2.8,0.0,0.0,0.047,10.689,6.0,9,19.156967645566997,,7000.0,0.0,0.0,0.0,41.443739900406335,optimal
2021-02-12 04:00:00,10,22,2.8,0.0,5.0,0.047,8.1585,6.0,9,19.263405111641884,,7000.0,0.0,0.0,0.0,43.77729616050593,optimal
2021-02-12 04:30:00,10,22,2.8,0.0,0.0,0.053,10.3635,6.0,9,19.37176278746307,,7000.0,0.0,0.0,0.0,43.73351886434542,optimal
2021-02-12 05:00:00,10,22,2.8,0.0,0.0,0.057,10.8045,6.0,9,19.482034461038964,,7000.0,0.0,0.0,0.0,43.68978534548108,optimal
2021-02-12 05:30:00,10,22,0.0,0.0,0.0,0.045666666666666654,11.025,6.0,9,19.594213940474134,,0.0,0.0,0.0,0.0,43.6460955601356,optimal
2021-02-12 06:00:00,10,22,2.8,0.0,0.0,0.045666666666666654,10.3635,6.0,9,19.52922350919617,,7000.0,0.0,0.0,0.0,43.602449464575464,optimal
2021-02-12 06:30:00,10,22,2.8,0.0,0.0,0.047,10.8045,6.0,9,19.650168151080948,,7000.0,0.0,0.0,0.0,43.55884701511089,optimal
2021-02-12 07:00:00,10,22,2.8,0.0,4.63389239922658,0.047,10.059,6.0,9,19.767303308225358,,7000.0,0.0,0.0,0.0,45.716387057728404,optimal
2021-02-12 07:30:00,10,22,2.8,0.0,0.0,0.052333333333333336,10.584,6.0,9,19.884383032127484,,7000.0,0.0,0.0,0.0,45.670670670670674,optimal
2021-02-12 08:00:00,10,22,2.8,0.0,5.0,0.10006666666666666,9.4185,6.0,9,20.0,,2331.1692955784283,0.0,4668.830704421572,0.0,48.0,optimal
2021-02-12 08:30:00,10,22,2.8,0.0,0.0,0.055,10.3635,6.0,9,20.0,,2368.602810309509,0.0,4631.397189690491,0.0,47.8172168824467,optimal
2021-02-12 09:00:00,10,22,2.8,0.0,0.0,0.1364,9.8385,6.0,9,20.0,,5451.79736348653,0.0,1548.20263651347,0.0,47.63461654801095,optimal
2021-02-12 09:30:00,10,22,0.0,0.0,0.0,0.2832333333333333,11.067,6.0,9,20.08701311857421,,0.0,0.0,0.0,0.0,47.452198813909646,optimal
2021-02-12 10:00:00,10,22,2.743016959076934,0.0,0.0,0.24259999999999998,10.8465,6.0,9,20.04185762877858,,6857.542397692336,0.0,0.0,0.0,47.26996349754244,optimal
2021-02-12 10:30:00,10,22,0.0,0.0,0.0,0.16636666666666666,13.671,6.0,9,20.20268184609831,,0.0,0.0,0.0,0.0,47.0879104164916,optimal
2021-02-12 11:00:00,10,22,0.0,0.0,0.0,0.1776,12.348,6.0,9,20.184072951246,,0.0,0.0,0.0,0.0,46.90603938852181,optimal
2021-02-12 11:30:00,10,22,0.0,0.0,0.0,0.178,14.3325,6.0,9,20.17826019396736,,0.0,0.0,0.0,0.0,46.72435023157999,optimal
2021-02-12 12:00:00,10,22,0.0,0.0,0.0,0.17930000000000001,15.393,6.0,9,20.17582925007234,,0.0,0.0,0.0,0.0,46.542842763795115,optimal
2021-02-12 12:30:00,10,22,0.0,0.0,0.0,0.177,13.587,6.0,9,20.188547858193754,,0.0,0.0,0.0,0.0,46.361516803478025,optimal
2021-02-12 13:00:00,10,22,0.0,0.0,0.0,0.1693,16.1385,6.0,9,20.197123063412846,,0.0,0.0,0.0,0.0,46.18037216912125,optimal
2021-02-12 13:30:00,10,22,0.0,0.0,0.0,0.166,14.595,6.0,9,20.204896521559657,,0.0,0.0,0.0,0.0,45.99940867939883,optimal
2021-02-12 14:00:00,10,22,0.0,0.0,0.0,0.0846,14.637,6.0,9,20.209631959517868,,0.0,0.0,0.0,0.0,45.818626153166136,optimal
2021-02-12 14:30:00,10,22,0.0,0.0,0.0,0.055,13.9125,6.0,9,20.204358790318135,,0.0,0.0,0.0,0.0,45.638024409459675,optimal
2021-02-12 15:00:00,10,22,0.0,0.0,0.0,0.5788,13.3665,6.0,9,20.200781691416747,,0.0,0.0,0.0,0.0,45.457603267496914,optimal
2021-02-12 15:30:00,10,22,0.0,0.0,0.0,1.2255999999999998,13.0095,6.0,9,20.19445719422694,,0.0,0.0,0.0,0.0,45.41214566422942,optimal
2021-02-12 16:00:00,10,22,0.0,0.0,0.0,0.9611000000000001,13.8915,6.0,9,20.198879222847516,,0.0,0.0,0.0,0.0,45.36673351856519,optimal
2021-02-12 16:30:00,10,22,0.0,0.0,0.0,0.178,13.188,6.0,9,20.18768017983018,,0.0,0.0,0.0,0.0,45.32136678504663,optimal
2021-02-12 17:00:00,10,22,0.0,0.0,0.0,0.9027000000000001,12.5685,6.0,9,20.163227730304538,,0.0,0.0,0.0,0.0,45.27604541826158,optimal
2021-02-12 17:30:00,10,22,0.0,0.0,0.0,1.2680666666666667,12.285,6.0,9,20.12605500269998,,0.0,0.0,0.0,0.0,45.23076937284332,optimal
2021-02-12 18:00:00,10,22,0.0,0.0,0.0,0.4915,11.487,6.0,9,20.093270436734304,,0.0,0.0,0.0,0.0,45.18553860347048,optimal
2021-02-12 18:30:00,10,22,0.0,0.0,0.0,0.1676,11.802,6.0,9,20.048694580058033,,0.0,0.0,0.0,0.0,45.14035306486701,optimal
2021-02-12 19:00:00,10,22,0.7647073647515371,0.0,0.0,0.178,11.2245,6.0,9,20.0,,1911.7684118788427,0.0,0.0,0.0,45.09521271180214,optimal
2021-02-12 19:30:00,10,22,1.4685914486381644,0.0,0.0,0.2026,11.025,6.0,9,20.0,,3671.478621595411,0.0,0.0,0.0,45.05011749909034,optimal
2021-02-12 20:00:00,10,22,0.0,0.0,0.0,0.23796666666666666,11.907,6.0,9,20.045714733159475,,0.0,0.0,0.0,0.0,45.00506738159125,optimal
2021-02-12 20:30:00,10,22,0.0,0.0,0.0,0.09029999999999999,25.83,6.0,9,20.0,,0.0,0.0,0.0,0.0,44.960062314209665,optimal
2021-02-12 21:00:00,10,22,0.0,0.0,0.0,0.11343333333333333,28.035,6.0,9,19.948520660574232,,0.0,0.0,0.0,0.0,44.915102251895455,optimal
2021-02-12 21:30:00,10,22,0.0,0.0,0.0,0.096,28.119,6.0,9,19.89897456669015,,0.0,0.0,0.0,0.0,44.870187149643556,optimal
2021-02-12 22:00:00,10,22,0.0,0.0,0.0,0.1749,30.156,6.0,9,19.852140192323343,,0.0,0.0,0.0,0.0,44.825316962493915,optimal
2021-02-12 22:30:00,10,22,0.0,0.0,0.0,0.19,29.1585,6.0,9,19.805859003818174,,0.0,0.0,0.0,0.0,44.78049164553142,optimal
2021-02-12 23:00:00,10,22,0.0,0.0,0.0,0.057,26.712,6.0,9,19.75538211006196,,0.0,0.0,0.0,0.0,44.73571115388589,optimal
2021-02-12 23:30:00,10,22,0.0,0.0,0.0,0.055,15.435,6.0,9,19.69449293474167,,0.0,0.0,0.0,0.0,44.690975442732004,optimal
2021-02-13 00:00:00,10,22,2.8,0.0,5.0,0.06,7.056,6.0,1,19.69449293474167,,7000.0,0.0,0.0,0.0,47.02128446728927,optimal
2021-02-13 00:30:00,10,22,2.8,0.0,0.0,0.06,9.3975,6.0,1,19.815978699980395,,0.0,0.0,7000.0,0.0,46.97426318282198,optimal
2021-02-13 01:00:00,10,22,0.0,0.0,0.0,0.2014,10.059,6.0,1,19.755343668902906,,0.0,0.0,0.0,0.0,46.92728891963915,optimal
2021-02-13 01:30:00,10,22,2.8,0.0,0.0,0.06673333333333334,9.261,6.0,1,19.698740717285425,,0.0,0.0,7000.0,0.0,46.88036163071951,optimal
2021-02-13 02:00:00,10,22,2.8,0.0,0.0,0.06,8.1585,6.0,1,19.63898342428345,,6927.333333333333,0.0,72.66666666666667,0.0,46.83348126908879,optimal
2021-02-13 02:30:00,10,22,2.393447407340746,0.0,0.0,0.20813333333333334,9.4815,6.0,1,19.7594075912247,,5983.618518351865,0.0,0.0,0.0,46.7866477878197,optimal
2021-02-13 03:00:00,10,22,2.8,0.0,0.0,0.06,8.379,6.0,1,19.858769615141885,,7000.0,0.0,0.0,0.0,46.739861140031884,optimal
2021-02-13 03:30:00,10,22,2.8,0.0,0.0,0.06,9.5235,6.0,1,19.980370947422912,,7000.0,0.0,0.0,0.0,46.69312127889185,optimal
2021-02-13 04:00:00,10,22,2.8,0.0,0.0,0.06,8.1375,6.0,1,20.101417139290096,,7000.0,0.0,0.0,0.0,46.64642815761296,optimal
2021-02-13 04:30:00,10,22,0.0,0.0,0.0,0.17606666666666665,10.0905,6.0,1,20.221909986655362,,0.0,0.0,0.0,0.0,46.599781729455344,optimal
2021-02-13 05:00:00,10,22,2.8,0.0,4.266483347377735,0.10206666666666667,7.539,6.0,1,20.162599357588,,7000.0,0.0,0.0,0.0,48.579761537730306,optimal
2021-02-13 05:30:00,10,22,2.8,0.0,0.0,0.06,7.938,6.0,1,20.283297027561556,,7000.0,0.0,0.0,0.0,48.53118177619257,optimal
2021-02-13 06:00:00,10,22,2.8,0.0,0.0,0.14753333333333332,8.274,6.0,1,20.402230965115102,,7000.0,0.0,0.0,0.0,48.48265059441637,optimal
2021-02-13 06:30:00,10,22,2.8,0.0,0.0,0.12226666666666668,9.261,6.0,1,20.522731123826155,,7000.0,0.0,0.0,0.0,48.434167943821954,optimal
2021-02-13 07:00:00,10,22,0.0,0.0,0.0,0.11613333333333334,9.9225,6.0,1,20.64197986284275,,0.0,0.0,0.0,0.0,48.38573377587813,optimal
2021-02-13 07:30:00,10,22,2.8,0.0,0.0,0.2499,9.702,6.0,1,20.578441615745678,,7000.0,0.0,0.0,0.0,48.33734804210225,optimal
2021-02-13 08:00:00,10,22,0.0,0.0,0.0,0.5385,10.584,6.0,1,20.70060112180725,,0.0,0.0,0.0,0.0,48.289010694060146,optimal
2021-02-13 08:30:00,10,22,0.0,0.0,0.0,1.2594666666666667,10.143,6.0,1,20.64608209364409,,0.0,0.0,0.0,0.0,48.240721683366075,optimal
2021-02-13 09:00:00,10,22,0.0,0.0,0.0,0.0906,13.0095,6.0,1,20.601513966036524,,0.0,0.0,0.0,0.0,48.192480961682705,optimal
2021-02-13 09:30:00,10,22,0.0,0.0,0.0,1.7410999999999999,11.025,6.0,1,20.552508688734473,,0.0,0.0,0.0,0.0,48.144288480721016,optimal
2021-02-13 10:00:00,10,22,0.0,0.0,0.0,0.4024,12.789,6.0,1,20.516597546294385,,0.0,0.0,0.0,0.0,48.096144192240295,optimal
2021-02-13 10:30:00,10,22,0.0,0.0,0.0,0.3664,12.1275,6.0,1,20.49357946454789,,0.0,0.0,0.0,0.0,48.048048048048045,optimal
2021-02-13 11:00:00,10,22,0.0,0.0,0.0,0.5447333333333334,12.1695,6.0,1,20.469731208231817,,0.0,0.0,0.0,0.0,48.0,optimal
2021-02-13 11:30:00,10,22,0.0,0.0,0.0,0.43289999999999995,12.306,6.0,1,20.46818953925161,,0.0,0.0,0.0,0.0,47.234860907056785,optimal
2021-02-13 12:00:00,10,22,0.0,0.0,0.0,0.3826333333333333,13.23,6.0,1,20.459590824389707,,0.0,0.0,0.0,0.0,46.47048695320652,optimal
2021-02-13 12:30:00,10,22,0.0,0.0,0.0,0.38273333333333337,13.671,6.0,1,20.463747562877582,,0.0,0.0,0.0,0.0,45.7068773733101,optimal
2021-02-13 13:00:00,10,22,0.0,0.0,0.0,0.19163333333333332,13.9335,6.0,1,20.468216958381653,,0.0,0.0,0.0,0.0,44.94403140299357,optimal
2021-02-13 13:30:00,10,22,0.0,0.0,0.0,0.3778333333333333,13.293,6.0,1,20.467842533998947,,0.0,0.0,0.0,0.0,44.18194827864737,optimal
2021-02-13 14:00:00,10,22,0.0,0.0,0.0,0.5145333333333333,12.1065,6.0,1,20.47276100953454,,0.0,0.0,0.0,0.0,43.42062723742551,optimal
2021-02-13 14:30:00,10,22,0.0,0.0,0.0,0.1306,11.571,6.0,1,20.46669799099459,,0.0,0.0,0.0,0.0,42.66006751724487,optimal
2021-02-13 15:00:00,10,22,0.0,0.0,0.0,0.15753333333333333,11.025,6.0,1,20.447182204355386,,0.0,0.0,0.0,0.0,41.90026835678441,optimal
2021-02-13 15:30:00,10,22,0.0,0.0,0.0,0.07966666666666668,10.8465,6.0,1,20.416402748277907,,0.0,0.0,0.0,0.0,41.14122899548441,optimal
2021-02-13 16:00:00,10,22,0.0,0.0,0.0,0.24713333333333332,11.2455,6.0,1,20.384649281865705,,0.0,0.0,0.0,0.0,40.38294867354571,optimal
2021-02-13 16:30:00,10,22,0.0,0.0,0.0,0.085,23.8665,6.0,1,20.346358842933732,,0.0,0.0,0.0,0.0,39.62542663192895,optimal
2021-02-13 17:00:00,10,22,0.0,0.0,0.0,0.37746666666666656,27.4575,6.0,1,20.304256532730896,,0.0,0.0,0.0,0.0,38.86866211235381,optimal
2021-02-13 17:30:00,10,22,0.0,0.0,0.0,1.8091333333333328,27.3735,6.0,1,20.25450275676023,,0.0,0.0,0.0,0.0,38.82979345024145,optimal
2021-02-13 18:00:00,10,22,0.0,0.0,0.0,0.19986666666666666,30.4605,6.0,1,20.232149451845327,,0.0,0.0,0.0,0.0,38.79096365679121,optimal
2021-02-13 18:30:00,10,22,0.0,0.0,0.0,0.41533333333333333,30.0195,6.0,1,20.180547707452995,,0.0,0.0,0.0,0.0,38.75217269313442,optimal
2021-02-13 19:00:00,10,22,0.0,0.0,0.0,1.8409333333333326,26.9325,6.0,1,20.130728638631773,,0.0,0.0,0.0,0.0,38.71342052044128,optimal
2021-02-13 19:30:00,10,22,0.0,0.0,0.0,0.35183333333333333,14.595,6.0,1,20.095281029454476,,0.0,0.0,0.0,0.0,38.67470709992084,optimal
2021-02-13 20:00:00,10,22,0.0,0.0,0.0,0.49319999999999997,12.4845,6.0,1,20.045442056098416,,0.0,0.0,0.0,0.0,38.636032392820916,optimal
2021-02-13 20:30:00,10,22,0.0,0.0,0.0,0.5687333333333333,12.1275,6.0,1,20.0,,0.0,0.0,0.0,0.0,38.59739636042809,optimal
2021-02-13 21:00:00,10,22,0.0,0.0,0.0,0.355,12.1275,6.0,1,19.956965405486585,,0.0,0.0,0.0,0.0,38.55879896406766,optimal
2021-02-13 21:30:00,10,22,0.0,0.0,0.0,0.3429333333333333,12.789,6.0,1,19.910285342253616,,0.0,0.0,0.0,0.0,38.520240165103594,optimal
2021-02-13 22:00:00,10,22,0.0,0.0,0.0,0.2847333333333333,11.907,6.0,1,19.863572019172928,,0.0,0.0,0.0,0.0,38.48171992493849,optimal
2021-02-13 22:30:00,10,22,0.0,0.0,0.0,0.26213333333333333,11.025,6.0,1,19.811066574686947,,0.0,0.0,0.0,0.0,38.44323820501355,optimal
2021-02-13 23:00:00,10,22,0.0,0.0,0.0,0.2112333333333333,8.2005,6.0,1,19.757712191648938,,0.0,0.0,0.0,0.0,38.40479496680854,optimal
2021-02-13 23:30:00,10,22,0.0,0.0,0.0,1.2812000000000001,9.5655,6.0,1,19.703473506236683,,0.0,0.0,0.0,0.0,38.36639017184173,optimal
