time,run,dwelling_id,hp_elec_kw,boiler_gas_kw,ev_charge_kw,appliance_kw,solve_status
2021-02-07 00:00:00,1,6,0.0,0.0,0.0,0.1395,optimal
2021-02-07 00:30:00,1,6,0.0,0.0,0.0,0.09016666666666669,optimal
2021-02-07 01:00:00,1,6,0.0,0.0,0.0,0.047,optimal
2021-02-07 01:30:00,1,6,0.0,0.0,0.0,0.18266666666666662,optimal
2021-02-07 02:00:00,1,6,0.0,0.0,0.0,0.071,optimal
2021-02-07 02:30:00,1,6,0.0,0.0,0.0,0.25466666666666665,optimal
2021-02-07 03:00:00,1,6,0.0,0.0,0.0,0.06620000000000001,optimal
2021-02-07 03:30:00,1,6,0.0,0.0,0.0,0.1238,optimal
2021-02-07 04:00:00,1,6,1.1428571428571428,0.0,0.0,0.084,optimal
2021-02-07 04:30:00,1,6,1.1428571428571428,0.0,0.0,0.14566666666666667,optimal
2021-02-07 05:00:00,1,6,1.1428571428571428,0.0,0.0,0.1382,optimal
2021-02-07 05:30:00,1,6,1.1428571428571428,0.0,0.0,0.0518,optimal
2021-02-07 06:00:00,1,6,1.1428571428571428,0.0,0.0,0.13473333333333332,optimal
2021-02-07 06:30:00,1,6,1.1428571428571428,0.0,0.0,0.12826666666666667,optimal
2021-02-07 07:00:00,1,6,1.1428571428571428,0.1548148148148148,1.5052247886819266,0.2769,optimal
2021-02-07 07:30:00,1,6,0.0,0.9288888888888889,0.0,0.10840000000000001,optimal
2021-02-07 08:00:00,1,6,0.16799062762465683,0.0,0.0,0.3377333333333333,optimal
2021-02-07 08:30:00,1,6,0.5744918755231821,0.0,0.0,0.26689999999999997,optimal
2021-02-07 09:00:00,1,6,0.5967539193896481,0.0,0.0,0.071,optimal
2021-02-07 09:30:00,1,6,0.5677909139197799,0.23222222222222222,0.0,0.29183333333333333,optimal
2021-02-07 10:00:00,1,6,0.5380301091265525,0.1548148148148148,0.0,0.07840000000000001,optimal
2021-02-07 10:30:00,1,6,0.5173561200662764,0.3096296296296296,0.0,0.09079999999999999,optimal
2021-02-07 11:00:00,1,6,0.41919836775372205,0.0,0.0,0.25830000000000003,optimal
2021-02-07 11:30:00,1,6,0.3463602725156282,0.1548148148148148,0.0,0.5084333333333333,optimal
2021-02-07 12:00:00,1,6,0.3442437029634026,0.0,0.0,0.3872333333333334,optimal
2021-02-07 12:30:00,1,6,0.23261894105864764,0.23222222222222222,0.0,1.6234333333333333,optimal
2021-02-07 13:00:00,1,6,0.9861456754532385,0.6192592592592592,0.0,1.0152,optimal
2021-02-07 13:30:00,1,6,1.1428571428571428,0.3096296296296296,0.0,0.8087333333333333,optimal
2021-02-07 14:00:00,1,6,1.1428571428571428,0.23222222222222222,0.0,0.3081333333333333,optimal
2021-02-07 14:30:00,1,6,1.1428571428571428,0.0,0.0,0.057,optimal
2021-02-07 15:00:00,1,6,1.1428571428571428,0.0,0.0,0.19266666666666662,optimal
2021-02-07 15:30:00,1,6,1.1428571428571428,0.0,0.0,0.153,optimal
2021-02-07 16:00:00,1,6,0.0,0.387037037037037,0.0,0.231,optimal
2021-02-07 16:30:00,1,6,0.0,0.0,0.0,0.36033333333333334,optimal
2021-02-07 17:00:00,1,6,0.0,0.23222222222222222,0.0,0.5071666666666667,optimal
2021-02-07 17:30:00,1,6,0.0,0.1548148148148148,0.0,0.9746666666666667,optimal
2021-02-07 18:00:00,1,6,0.0,0.0,0.0,1.582,optimal
2021-02-07 18:30:00,1,6,0.0,0.1548148148148148,0.0,1.1874,optimal
2021-02-07 19:00:00,1,6,0.0,0.23222222222222222,0.0,0.22219999999999998,optimal
2021-02-07 19:30:00,1,6,0.0,0.1548148148148148,0.0,0.35233333333333333,optimal
2021-02-07 20:00:00,1,6,0.0,0.0,0.0,0.6431,optimal
2021-02-07 20:30:00,1,6,0.0,0.0,0.0,3.0426666666666664,optimal
2021-02-07 21:00:00,1,6,0.0,0.0,0.0,3.127733333333333,optimal
2021-02-07 21:30:00,1,6,0.0,0.0,0.0,0.5206000000000001,optimal
2021-02-07 22:00:00,1,6,0.0,0.1548148148148148,0.0,1.5689333333333333,optimal
2021-02-07 22:30:00,1,6,0.0,0.0,0.0,0.368,optimal
2021-02-07 23:00:00,1,6,0.0,0.0,0.0,0.48683333333333334,optimal
2021-02-07 23:30:00,1,6,0.0,0.1548148148148148,0.0,0.4679,optimal
2021-02-08 00:00:00,1,6,0.0,0.0,0.0,0.06,optimal
2021-02-08 00:30:00,1,6,0.0,0.0,0.0,0.0706,optimal
2021-02-08 01:00:00,1,6,0.0,0.0,0.0,0.24156666666666662,optimal
2021-02-08 01:30:00,1,6,0.0,0.0,0.0,0.0803,optimal
2021-02-08 02:00:00,1,6,0.09614200034922883,0.0,0.0,0.19066666666666662,optimal
2021-02-08 02:30:00,1,6,1.1428571428571428,0.0,0.0,0.223,optimal
2021-02-08 03:00:00,1,6,1.1428571428571428,0.0,0.0,0.1024,optimal
2021-02-08 03:30:00,1,6,1.1428571428571428,0.0,0.0,0.21653333333333333,optimal
2021-02-08 04:00:00,1,6,1.1428571428571428,0.0,0.0,0.15473333333333333,optimal
2021-02-08 04:30:00,1,6,1.1428571428571428,0.0,0.0,0.06,optimal
2021-02-08 05:00:00,1,6,1.1428571428571428,0.23222222222222222,3.4211428971209563,0.2894,optimal
2021-02-08 05:30:00,1,6,1.1428571428571428,0.0,5.0,0.10946666666666668,optimal
2021-02-08 06:00:00,1,6,1.1428571428571428,0.0,5.0,0.1418,optimal
2021-02-08 06:30:00,1,6,1.1428571428571428,0.0,5.0,0.286,optimal
2021-02-08 07:00:00,1,6,1.1428571428571428,3.3285185185185178,5.0,2.2386666666666666,optimal
2021-02-08 07:30:00,1,6,1.1428571428571428,1.6658074074074074,0.0,1.6144,optimal
2021-02-08 08:00:00,1,6,0.6302578174887125,2.5916000000000006,0.0,0.24359999999999998,optimal
2021-02-08 08:30:00,1,6,0.6276600189046321,2.5544444444444445,0.0,0.2404333333333333,optimal
2021-02-08 09:00:00,1,6,0.3773014066745205,5.65074074074074,0.0,0.5701,optimal
2021-02-08 09:30:00,1,6,0.23810191407444659,0.46444444444444444,0.0,1.4696,optimal
2021-02-08 10:00:00,1,6,0.4182941644850742,0.6966666666666667,0.0,0.2771666666666667,optimal
2021-02-08 10:30:00,1,6,0.5300212761327727,0.0,0.0,0.1773,optimal
2021-02-08 11:00:00,1,6,0.38316931249408254,0.0,0.0,0.08353333333333333,optimal
2021-02-08 11:30:00,1,6,0.3440813967924447,0.0,0.0,0.20533333333333328,optimal
2021-02-08 12:00:00,1,6,0.3061555615570587,0.0,0.0,0.12653333333333333,optimal
2021-02-08 12:30:00,1,6,0.2556463968204514,0.0,0.0,0.2733,optimal
2021-02-08 13:00:00,1,6,1.1428571428571428,0.0,0.0,0.10383333333333332,optimal
2021-02-08 13:30:00,1,6,1.1428571428571428,0.0,0.0,0.1336,optimal
2021-02-08 14:00:00,1,6,1.1428571428571428,0.0,0.0,0.26526666666666665,optimal
2021-02-08 14:30:00,1,6,1.1428571428571428,0.1548148148148148,0.0,0.18956666666666663,optimal
2021-02-08 15:00:00,1,6,1.1428571428571428,0.0,0.0,0.12413333333333335,optimal
2021-02-08 15:30:00,1,6,1.1428571428571428,0.0,0.0,0.2459333333333333,optimal
2021-02-08 16:00:00,1,6,0.0,0.0,0.0,0.07,optimal
2021-02-08 16:30:00,1,6,0.0,0.0,0.0,0.2138333333333333,optimal
2021-02-08 17:00:00,1,6,0.0,0.0,0.0,0.2198333333333333,optimal
2021-02-08 17:30:00,1,6,0.0,0.0,0.0,0.1336,optimal
2021-02-08 18:00:00,1,6,0.0,0.387037037037037,0.0,0.34953333333333336,optimal
2021-02-08 18:30:00,1,6,0.0,2.3222222222222215,0.0,0.1705,optimal
2021-02-08 19:00:00,1,6,0.0,0.6192592592592592,0.0,0.21586666666666668,optimal
2021-02-08 19:30:00,1,6,0.37737854744057864,0.0774074074074074,0.0,0.5250666666666667,optimal
2021-02-08 20:00:00,1,6,0.5727479646507672,0.46444444444444444,0.0,0.21836666666666668,optimal
2021-02-08 20:30:00,1,6,0.0,0.0,0.0,0.3317,optimal
2021-02-08 21:00:00,1,6,0.0,0.0,0.0,0.3678666666666667,optimal
2021-02-08 21:30:00,1,6,0.0,0.0,0.0,0.30193333333333333,optimal
2021-02-08 22:00:00,1,6,0.0,0.1548148148148148,0.0,0.40413333333333334,optimal
2021-02-08 22:30:00,1,6,0.0,0.0,0.0,0.1512,optimal
2021-02-08 23:00:00,1,6,0.0,0.0,0.0,0.08766666666666667,optimal
2021-02-08 23:30:00,1,6,0.0,0.0,0.0,0.13333333333333333,optimal
2021-02-09 00:00:00,1,6,0.0,0.0,0.0,0.062,optimal
2021-02-09 00:30:00,1,6,0.0,0.0,0.0,0.11333333333333331,optimal
2021-02-09 01:00:00,1,6,0.0,0.0,0.0,0.249,optimal
2021-02-09 01:30:00,1,6,0.6186994151938859,0.0,0.0,0.062,optimal
2021-02-09 02:00:00,1,6,1.1428571428571428,0.0,0.0,0.2818333333333333,optimal
2021-02-09 02:30:00,1,6,1.1428571428571428,0.0,0.0,0.0805,optimal
2021-02-09 03:00:00,1,6,1.1428571428571428,0.0,0.0,0.062,optimal
2021-02-09 03:30:00,1,6,1.1428571428571428,0.0,0.0,0.30033333333333334,optimal
2021-02-09 04:00:00,1,6,1.1428571428571428,0.0,0.0,0.062,optimal
2021-02-09 04:30:00,1,6,1.1428571428571428,0.0,0.0,0.14216666666666666,optimal
2021-02-09 05:00:00,1,6,1.1428571428571428,0.0,0.0,0.22016666666666662,optimal
2021-02-09 05:30:00,1,6,1.1428571428571428,0.0,0.0,0.09283333333333331,optimal
2021-02-09 06:00:00,1,6,1.1428571428571428,0.0,0.0,0.2585,optimal
2021-02-09 06:30:00,1,6,1.1428571428571428,0.0,0.2675735773697559,1.0872,optimal
2021-02-09 07:00:00,1,6,1.1428571428571428,0.6192592592592592,5.0,0.36956666666666665,optimal
2021-02-09 07:30:00,1,6,1.1428571428571428,5.341111111111111,0.0,0.20766666666666664,optimal
2021-02-09 08:00:00,1,6,0.5744300111843887,0.0,0.0,0.3689333333333333,optimal
2021-02-09 08:30:00,1,6,0.7203600423938408,0.0,0.0,0.26126666666666665,optimal
2021-02-09 09:00:00,1,6,0.7237462178876054,0.0,0.0,0.10283333333333332,optimal
2021-02-09 09:30:00,1,6,0.6876443755446056,0.0,0.0,0.18416666666666662,optimal
2021-02-09 10:00:00,1,6,0.5072609706259467,0.0,0.0,0.16733333333333333,optimal
2021-02-09 10:30:00,1,6,0.5237792766099622,0.0,0.0,0.072,optimal
2021-02-09 11:00:00,1,6,0.2842527652748844,0.0,0.0,0.3103333333333333,optimal
2021-02-09 11:30:00,1,6,0.3502040455193069,0.0,0.0,0.072,optimal
2021-02-09 12:00:00,1,6,0.23575567717242046,0.0,0.0,0.072,optimal
2021-02-09 12:30:00,1,6,0.20856630168990403,0.0,0.0,0.17466666666666666,optimal
2021-02-09 13:00:00,1,6,0.12624039362459388,0.0,0.0,0.2188333333333333,optimal
2021-02-09 13:30:00,1,6,0.09302244671350932,0.0,0.0,0.12833333333333335,optimal
2021-02-09 14:00:00,1,6,0.06689157880964586,0.0774074074074074,0.0,0.44889999999999997,optimal
2021-02-09 14:30:00,1,6,1.1428571428571428,0.1548148148148148,0.0,0.2058,optimal
2021-02-09 15:00:00,1,6,1.1428571428571428,0.23222222222222222,0.0,0.31039999999999995,optimal
2021-02-09 15:30:00,1,6,1.1428571428571428,0.0,0.0,2.475033333333333,optimal
2021-02-09 16:00:00,1,6,0.0,0.46444444444444444,0.0,1.2651,optimal
2021-02-09 16:30:00,1,6,0.0,0.23222222222222222,0.0,0.4151,optimal
2021-02-09 17:00:00,1,6,0.0,0.1548148148148148,0.0,1.9003333333333332,optimal
2021-02-09 17:30:00,1,6,0.0,0.23222222222222222,0.0,0.40373333333333333,optimal
2021-02-09 18:00:00,1,6,0.0,0.3096296296296296,0.0,0.33253333333333335,optimal
2021-02-09 18:30:00,1,6,0.0,0.1548148148148148,0.0,0.5153333333333334,optimal
2021-02-09 19:00:00,1,6,0.0,0.387037037037037,0.0,0.48483333333333334,optimal
2021-02-09 19:30:00,1,6,0.0,0.5418518518518518,0.0,0.47383333333333333,optimal
2021-02-09 20:00:00,1,6,0.0,0.6966666666666667,0.0,0.503,optimal
2021-02-09 20:30:00,1,6,0.0,0.0,0.0,1.2470333333333332,optimal
2021-02-09 21:00:00,1,6,0.0,0.0,0.0,0.4914666666666666,optimal
2021-02-09 21:30:00,1,6,0.0,0.0,0.0,0.1766,optimal
2021-02-09 22:00:00,1,6,0.0,0.0,0.0,0.17466666666666666,optimal
2021-02-09 22:30:00,1,6,0.0,0.0,0.0,0.19533333333333328,optimal
2021-02-09 23:00:00,1,6,0.0,0.0,0.0,0.08433333333333333,optimal
2021-02-09 23:30:00,1,6,0.0,0.0,0.0,0.07933333333333333,optimal
2021-02-10 00:00:00,1,6,0.0,0.0,0.0,0.065,optimal
2021-02-10 00:30:00,1,6,0.0,0.0,0.0,0.065,optimal
2021-02-10 01:00:00,1,6,0.8038191892789645,0.0,0.0,0.065,optimal
2021-02-10 01:30:00,1,6,1.1428571428571428,0.0,0.0,0.065,optimal
2021-02-10 02:00:00,1,6,1.1428571428571428,0.0,0.0,0.065,optimal
2021-02-10 02:30:00,1,6,1.1428571428571428,0.0,0.0,0.065,optimal
2021-02-10 03:00:00,1,6,1.1428571428571428,0.0,0.0,0.065,optimal
2021-02-10 03:30:00,1,6,1.1428571428571428,0.0,0.0,0.065,optimal
2021-02-10 04:00:00,1,6,1.1428571428571428,0.0,0.0,0.065,optimal
2021-02-10 04:30:00,1,6,1.1428571428571428,0.0,0.0,0.065,optimal
2021-02-10 05:00:00,1,6,1.1428571428571428,0.0,0.0,0.065,optimal
2021-02-10 05:30:00,1,6,1.1428571428571428,0.0,0.0,0.065,optimal
2021-02-10 06:00:00,1,6,1.1428571428571428,0.0,0.0,0.065,optimal
2021-02-10 06:30:00,1,6,1.1428571428571428,0.0,2.774537655665992,0.065,optimal
2021-02-10 07:00:00,1,6,1.1428571428571428,0.0,5.0,0.07266666666666667,optimal
2021-02-10 07:30:00,1,6,1.1428571428571428,0.0,0.0,0.075,optimal
2021-02-10 08:00:00,1,6,0.69207396247991,0.0,0.0,0.26026666666666665,optimal
2021-02-10 08:30:00,1,6,0.6893419406004486,0.5418518518518518,0.0,0.1795,optimal
2021-02-10 09:00:00,1,6,0.2055550320344523,0.0,0.0,2.546733333333333,optimal
2021-02-10 09:30:00,1,6,0.44643253396450755,5.805555555555555,0.0,0.5368333333333334,optimal
2021-02-10 10:00:00,1,6,0.30160039195431965,0.0774074074074074,0.0,0.2798,optimal
2021-02-10 10:30:00,1,6,0.3352085184018707,0.0,0.0,0.2916,optimal
2021-02-10 11:00:00,1,6,0.169308729966718,0.1548148148148148,0.0,0.3370666666666667,optimal
2021-02-10 11:30:00,1,6,0.0849122428365066,0.0,0.0,0.3393,optimal
2021-02-10 12:00:00,1,6,0.012024179257151116,0.0,0.0,0.25780000000000003,optimal
2021-02-10 12:30:00,1,6,0.0,0.0,0.0,0.23576666666666668,optimal
2021-02-10 13:00:00,1,6,0.0,0.387037037037037,0.0,0.9282,optimal
2021-02-10 13:30:00,1,6,0.20096084287054303,0.0774074074074074,0.0,1.9667000000000001,optimal
2021-02-10 14:00:00,1,6,1.1428571428571428,0.5418518518518518,0.0,0.454,optimal
2021-02-10 14:30:00,1,6,1.1428571428571428,0.0,0.0,0.075,optimal
2021-02-10 15:00:00,1,6,1.1428571428571428,0.0,0.0,0.075,optimal
2021-02-10 15:30:00,1,6,1.1428571428571428,0.1548148148148148,0.0,1.0204,optimal
2021-02-10 16:00:00,1,6,0.0,0.0,0.0,1.6624666666666668,optimal
2021-02-10 16:30:00,1,6,0.0,0.23222222222222222,0.0,0.7617333333333334,optimal
2021-02-10 17:00:00,1,6,0.0,0.23222222222222222,0.0,1.4562,optimal
2021-02-10 17:30:00,1,6,0.0,0.0,0.0,0.41573333333333334,optimal
2021-02-10 18:00:00,1,6,0.0,0.23222222222222222,0.0,1.8887,optimal
2021-02-10 18:30:00,1,6,0.0,0.46444444444444444,0.0,0.6727333333333333,optimal
2021-02-10 19:00:00,1,6,0.0,0.46444444444444444,0.0,0.17096666666666666,optimal
2021-02-10 19:30:00,1,6,0.0,0.0,0.0,0.1608,optimal
2021-02-10 20:00:00,1,6,0.0,0.46444444444444444,0.0,0.31706666666666666,optimal
2021-02-10 20:30:00,1,6,0.0,0.0,0.0,0.343,optimal
2021-02-10 21:00:00,1,6,0.0,0.0774074074074074,0.0,1.3065,optimal
2021-02-10 21:30:00,1,6,0.0,0.0,0.0,1.0405333333333333,optimal
2021-02-10 22:00:00,1,6,0.0,0.0,0.0,0.35903333333333337,optimal
2021-02-10 22:30:00,1,6,0.0,0.1548148148148148,0.0,1.4381333333333335,optimal
2021-02-10 23:00:00,1,6,0.0,0.0,0.0,0.16533333333333333,optimal
2021-02-10 23:30:00,1,6,0.0,0.0,0.0,0.075,optimal
2021-02-11 00:00:00,1,6,0.06728411659114088,0.0,0.0,0.056,optimal
2021-02-11 00:30:00,1,6,1.1428571428571428,0.0,0.0,0.06433333333333333,optimal
2021-02-11 01:00:00,1,6,1.1428571428571428,0.0,0.0,0.169,optimal
2021-02-11 01:30:00,1,6,1.1428571428571428,0.0,0.0,0.17713333333333334,optimal
2021-02-11 02:00:00,1,6,1.1428571428571428,0.0,0.0,0.056,optimal
2021-02-11 02:30:00,1,6,1.1428571428571428,0.0,0.0,0.174,optimal
2021-02-11 03:00:00,1,6,1.1428571428571428,0.0,0.0,0.13323333333333331,optimal
2021-02-11 03:30:00,1,6,1.1428571428571428,0.0,0.0,0.13843333333333332,optimal
2021-02-11 04:00:00,1,6,1.1428571428571428,0.0,0.0,0.199,optimal
2021-02-11 04:30:00,1,6,1.1428571428571428,0.0,0.0,0.09626666666666668,optimal
2021-02-11 05:00:00,1,6,1.1428571428571428,0.0,2.82849465505595,0.06433333333333333,optimal
2021-02-11 05:30:00,1,6,1.1428571428571428,0.0,5.0,0.12846666666666667,optimal
2021-02-11 06:00:00,1,6,1.1428571428571428,0.0,5.0,0.17036666666666667,optimal
2021-02-11 06:30:00,1,6,1.1428571428571428,0.46444444444444444,5.0,0.34626666666666667,optimal
2021-02-11 07:00:00,1,6,1.1428571428571428,0.1548148148148148,5.0,0.1502,optimal
2021-02-11 07:30:00,1,6,1.1428571428571428,0.774074074074074,0.0,0.16833333333333333,optimal
2021-02-11 08:00:00,1,6,0.7473436126206494,0.5418518518518518,0.0,0.1873333333333333,optimal
2021-02-11 08:30:00,1,6,0.6990897718873968,0.1548148148148148,0.0,0.45403333333333334,optimal
2021-02-11 09:00:00,1,6,0.8279811646779757,0.0,0.0,0.07103333333333334,optimal
2021-02-11 09:30:00,1,6,0.7437924603628943,0.0,0.0,0.11806666666666667,optimal
2021-02-11 10:00:00,1,6,0.42395548983606823,0.0,0.0,0.2444,optimal
2021-02-11 10:30:00,1,6,0.4905877459506367,0.0,0.0,0.10123333333333331,optimal
2021-02-11 11:00:00,1,6,0.327430052987779,0.0,0.0,0.17273333333333332,optimal
2021-02-11 11:30:00,1,6,0.29904211379694606,0.0,0.0,0.15953333333333333,optimal
2021-02-11 12:00:00,1,6,0.1365517890823341,0.0,0.0,0.16163333333333332,optimal
2021-02-11 12:30:00,1,6,0.09891843225978937,0.0,0.0,0.1958,optimal
2021-02-11 13:00:00,1,6,1.1428571428571428,0.46444444444444444,0.0,0.18366666666666662,optimal
2021-02-11 13:30:00,1,6,1.1428571428571428,0.1548148148148148,0.0,0.4567333333333333,optimal
2021-02-11 14:00:00,1,6,1.1428571428571428,0.0,0.0,0.2401,optimal
2021-02-11 14:30:00,1,6,1.1428571428571428,0.0,0.0,0.2698666666666667,optimal
2021-02-11 15:00:00,1,6,1.1428571428571428,0.0774074074074074,0.0,0.2524,optimal
2021-02-11 15:30:00,1,6,1.1428571428571428,0.0,0.0,0.3167333333333333,optimal
2021-02-11 16:00:00,1,6,0.0,0.0,0.0,0.3979,optimal
2021-02-11 16:30:00,1,6,0.0,0.0,0.0,0.3078666666666667,optimal
2021-02-11 17:00:00,1,6,0.0,0.6192592592592592,0.0,0.28946666666666665,optimal
2021-02-11 17:30:00,1,6,0.0,6.347407407407408,0.0,0.3416666666666667,optimal
2021-02-11 18:00:00,1,6,0.0,0.0,0.0,1.5776666666666668,optimal
2021-02-11 18:30:00,1,6,0.0,0.5418518518518518,0.0,0.2697,optimal
2021-02-11 19:00:00,1,6,0.0,0.0,0.0,0.30260000000000004,optimal
2021-02-11 19:30:00,1,6,0.0,0.1548148148148148,0.0,0.20816666666666664,optimal
2021-02-11 20:00:00,1,6,0.19866235423579146,0.0,0.0,0.44310000000000005,optimal
2021-02-11 20:30:00,1,6,0.0,0.23222222222222222,0.0,0.4877666666666666,optimal
2021-02-11 21:00:00,1,6,0.0,0.1548148148148148,0.0,0.3696333333333333,optimal
2021-02-11 21:30:00,1,6,0.0,2.1674074074074072,0.0,0.292,optimal
2021-02-11 22:00:00,1,6,0.0,0.0,0.0,0.45863333333333334,optimal
2021-02-11 22:30:00,1,6,0.0,0.0,0.0,0.4173,optimal
2021-02-11 23:00:00,1,6,0.0,0.0,0.0,0.066,optimal
2021-02-11 23:30:00,1,6,0.0,0.0,0.0,0.21923333333333328,optimal
2021-02-12 00:00:00,1,6,1.1428571428571428,0.0,0.0,0.051,optimal
2021-02-12 00:30:00,1,6,1.1428571428571428,0.0,0.0,0.051,optimal
2021-02-12 01:00:00,1,6,1.1428571428571428,0.0,0.0,0.19473333333333329,optimal
2021-02-12 01:30:00,1,6,1.1428571428571428,0.0,0.0,0.051,optimal
2021-02-12 02:00:00,1,6,1.1428571428571428,0.0,0.0,0.11633333333333332,optimal
2021-02-12 02:30:00,1,6,1.1428571428571428,0.0,0.0,0.12940000000000002,optimal
2021-02-12 03:00:00,1,6,1.1428571428571428,0.0,0.0,0.051,optimal
2021-02-12 03:30:00,1,6,1.1428571428571428,0.0,0.0,0.14246666666666666,optimal
2021-02-12 04:00:00,1,6,1.1428571428571428,0.0,0.0,0.10326666666666667,optimal
2021-02-12 04:30:00,1,6,1.1428571428571428,0.0,0.0,0.051,optimal
2021-02-12 05:00:00,1,6,1.1428571428571428,0.0,4.277495091518278,0.15553333333333333,optimal
2021-02-12 05:30:00,1,6,1.1428571428571428,0.0,5.0,0.0902,optimal
2021-02-12 06:00:00,1,6,1.1428571428571428,0.0,5.0,0.25953333333333334,optimal
2021-02-12 06:30:00,1,6,1.1428571428571428,3.0188888888888883,5.0,1.0468666666666666,optimal
2021-02-12 07:00:00,1,6,1.1428571428571428,0.6192592592592592,0.0,1.8525333333333334,optimal
2021-02-12 07:30:00,1,6,1.1428571428571428,7.914136364389927,0.0,0.3706666666666667,optimal
2021-02-12 08:00:00,1,6,0.8686843153259923,0.23222222222222222,0.0,0.12006666666666667,optimal
2021-02-12 08:30:00,1,6,0.8571458610149775,0.6192592592592592,0.0,0.06706666666666666,optimal
2021-02-12 09:00:00,1,6,0.7407598894218367,0.1548148148148148,0.0,0.07,optimal
2021-02-12 09:30:00,1,6,0.6548257439858546,0.0,0.0,0.06193333333333333,optimal
2021-02-12 10:00:00,1,6,0.32218502442625246,0.3096296296296296,0.0,0.9196333333333332,optimal
2021-02-12 10:30:00,1,6,0.3287038378101889,0.0,0.0,2.406433333333333,optimal
2021-02-12 11:00:00,1,6,0.07545088981818997,0.23222222222222222,0.0,2.857266666666667,optimal
2021-02-12 11:30:00,1,6,0.16061740815784478,0.1548148148148148,0.0,1.2829000000000002,optimal
2021-02-12 12:00:00,1,6,0.05704192004975603,0.0,0.0,0.47226666666666667,optimal
2021-02-12 12:30:00,1,6,0.027435105056080995,0.0,0.0,0.6134666666666667,optimal
2021-02-12 13:00:00,1,6,0.0,0.0774074074074074,0.0,3.7555666666666667,optimal
2021-02-12 13:30:00,1,6,0.0,0.387037037037037,0.0,1.9462666666666668,optimal
2021-02-12 14:00:00,1,6,0.8674713462950594,0.3096296296296296,0.0,1.9201333333333328,optimal
2021-02-12 14:30:00,1,6,1.1428571428571428,0.0774074074074074,0.0,1.1176,optimal
2021-02-12 15:00:00,1,6,1.1428571428571428,0.0774074074074074,0.0,2.4205,optimal
2021-02-12 15:30:00,1,6,1.1428571428571428,0.3096296296296296,0.0,2.0701666666666667,optimal
2021-02-12 16:00:00,1,6,0.0,0.46444444444444444,0.0,1.2066666666666668,optimal
2021-02-12 16:30:00,1,6,0.0,0.1548148148148148,0.0,3.258333333333333,optimal
2021-02-12 17:00:00,1,6,0.0,0.5418518518518518,0.0,2.211733333333333,optimal
2021-02-12 17:30:00,1,6,0.0,1.1611111111111108,0.0,0.22373333333333328,optimal
2021-02-12 18:00:00,1,6,0.0,2.2448148148148146,0.0,0.4903333333333333,optimal
2021-02-12 18:30:00,1,6,0.0,1.9351851851851851,0.0,1.9082999999999999,optimal
2021-02-12 19:00:00,1,6,0.0,0.0,0.0,3.3284333333333334,optimal
2021-02-12 19:30:00,1,6,0.0,3.950874074074074,0.0,2.3844000000000003,optimal
2021-02-12 20:00:00,1,6,0.0,1.2354222222222222,0.0,0.8526,optimal
2021-02-12 20:30:00,1,6,0.0,0.0,0.0,1.6359333333333335,optimal
2021-02-12 21:00:00,1,6,0.0,0.23222222222222222,0.0,2.1251666666666664,optimal
2021-02-12 21:30:00,1,6,0.0,0.0,0.0,0.7463666666666666,optimal
2021-02-12 22:00:00,1,6,0.0,0.0,0.0,0.06753333333333333,optimal
2021-02-12 22:30:00,1,6,0.0,0.0,0.0,0.06753333333333333,optimal
2021-02-12 23:00:00,1,6,0.0,0.0,0.0,0.1982,optimal
2021-02-12 23:30:00,1,6,0.0,0.0,0.0,0.058,optimal
2021-02-13 00:00:00,1,6,0.0,0.0,0.0,0.064,optimal
2021-02-13 00:30:00,1,6,0.19680032278110254,0.0,0.0,0.15546666666666667,optimal
2021-02-13 01:00:00,1,6,1.1428571428571428,0.0,0.0,0.064,optimal
2021-02-13 01:30:00,1,6,1.1428571428571428,0.0,0.0,0.064,optimal
2021-02-13 02:00:00,1,6,1.1428571428571428,0.0,0.0,0.07706666666666666,optimal
2021-02-13 02:30:00,1,6,1.1428571428571428,0.0,0.0,0.1424,optimal
2021-02-13 03:00:00,1,6,1.1428571428571428,0.0,0.0,0.06966666666666667,optimal
2021-02-13 03:30:00,1,6,1.1428571428571428,0.0,0.0,0.1072,optimal
2021-02-13 04:00:00,1,6,1.1428571428571428,0.0,0.0,0.11626666666666668,optimal
2021-02-13 04:30:00,1,6,1.1428571428571428,0.0,0.0,0.064,optimal
2021-02-13 05:00:00,1,6,1.1428571428571428,0.0,0.0,0.15546666666666667,optimal
2021-02-13 05:30:00,1,6,1.1428571428571428,0.0,1.930278768245773,0.064,optimal
2021-02-13 06:00:00,1,6,1.1428571428571428,0.0,5.0,0.11626666666666668,optimal
2021-02-13 06:30:00,1,6,1.1428571428571428,0.0,5.0,0.1032,optimal
2021-02-13 07:00:00,1,6,1.1428571428571428,0.0,5.0,0.064,optimal
2021-02-13 07:30:00,1,6,1.1428571428571428,0.0,0.0,0.1032,optimal
2021-02-13 08:00:00,1,6,0.8016673751660612,0.0,0.0,0.11626666666666668,optimal
2021-02-13 08:30:00,1,6,0.8144567506485767,0.0,0.0,0.064,optimal
2021-02-13 09:00:00,1,6,0.6816201807267062,0.0,0.0,0.15546666666666667,optimal
2021-02-13 09:30:00,1,6,0.6970337248059487,0.0,0.0,0.06966666666666667,optimal
2021-02-13 10:00:00,1,6,0.45231876225269363,1.8577777777777778,0.0,0.15683333333333335,optimal
2021-02-13 10:30:00,1,6,0.4226319472590156,0.0,0.0,0.2859,optimal
2021-02-13 11:00:00,1,6,0.17431228907562327,0.3096296296296296,0.0,0.2975,optimal
2021-02-13 11:30:00,1,6,0.0018730931295695716,0.387037037037037,0.0,0.38546666666666657,optimal
2021-02-13 12:00:00,1,6,0.005837447841670579,0.46444444444444444,0.0,0.3016666666666667,optimal
2021-02-13 12:30:00,1,6,0.07274953214004057,0.774074074074074,0.0,0.3282,optimal
2021-02-13 13:00:00,1,6,0.0,0.1548148148148148,0.0,1.7425,optimal
2021-02-13 13:30:00,1,6,0.0,0.0774074074074074,0.0,0.5471333333333334,optimal
2021-02-13 14:00:00,1,6,0.1346234671673911,0.0,0.0,0.5631333333333334,optimal
2021-02-13 14:30:00,1,6,1.1428571428571428,0.1548148148148148,0.0,0.8066333333333333,optimal
2021-02-13 15:00:00,1,6,1.1428571428571428,0.3096296296296296,0.0,0.7140666666666667,optimal
2021-02-13 15:30:00,1,6,1.1428571428571428,0.0,0.0,0.3601666666666667,optimal
2021-02-13 16:00:00,1,6,0.0,0.0,0.0,0.33126666666666665,optimal
2021-02-13 16:30:00,1,6,0.0,0.0,0.0,0.4131,optimal
2021-02-13 17:00:00,1,6,0.0,0.3096296296296296,0.0,0.3972,optimal
2021-02-13 17:30:00,1,6,0.0,0.1548148148148148,0.0,0.5128333333333334,optimal
2021-02-13 18:00:00,1,6,0.0,0.6192592592592592,0.0,0.2978,optimal
2021-02-13 18:30:00,1,6,0.0,0.387037037037037,0.0,0.3116333333333333,optimal
2021-02-13 19:00:00,1,6,0.0,0.387037037037037,0.0,0.35886666666666667,optimal
2021-02-13 19:30:00,1,6,0.0,0.1548148148148148,0.0,0.6548333333333334,optimal
2021-02-13 20:00:00,1,6,0.0,0.387037037037037,0.0,0.3470666666666667,optimal
2021-02-13 20:30:00,1,6,0.0,0.46444444444444444,0.0,0.6055666666666667,optimal
2021-02-13 21:00:00,1,6,0.0,0.23222222222222222,0.0,0.5177333333333334,optimal
2021-02-13 21:30:00,1,6,0.0,0.0,0.0,0.7157,optimal
2021-02-13 22:00:00,1,6,0.0,0.0,0.0,0.6305666666666667,optimal
2021-02-13 22:30:00,1,6,0.0,0.0,0.0,0.3686666666666667,optimal
2021-02-13 23:00:00,1,6,0.0,0.0,0.0,0.2796666666666667,optimal
2021-02-13 23:30:00,1,6,0.0,0.0,0.0,0.16513333333333333,optimal
2021-02-07 00:00:00,2,6,0.0,0.0,0.0,0.097,optimal
2021-02-07 00:30:00,2,6,0.0,0.0,0.0,0.1148,optimal
2021-02-07 01:00:00,2,6,0.0,0.0,0.0,0.32853333333333334,optimal
2021-02-07 01:30:00,2,6,0.0,0.0,0.0,0.0682,optimal
2021-02-07 02:00:00,2,6,0.0,0.0,0.0,0.19806666666666664,optimal
2021-02-07 02:30:00,2,6,0.0,0.0,0.0,0.22366666666666662,optimal
2021-02-07 03:00:00,2,6,0.0,0.0,0.0,0.061,optimal
2021-02-07 03:30:00,2,6,0.0,0.0,0.0,0.36073333333333335,optimal
2021-02-07 04:00:00,2,6,1.1428571428571428,0.0,0.0,0.061,optimal
2021-02-07 04:30:00,2,6,1.1428571428571428,0.0,0.0,0.195,optimal
2021-02-07 05:00:00,2,6,1.1428571428571428,0.0,0.0,0.2267333333333333,optimal
2021-02-07 05:30:00,2,6,1.1428571428571428,0.0,0.0,0.061,optimal
2021-02-07 06:00:00,2,6,1.1428571428571428,0.0,0.0,0.23913333333333334,optimal
2021-02-07 06:30:00,2,6,1.1428571428571428,0.0,0.0,0.18259999999999998,optimal
2021-02-07 07:00:00,2,6,1.1428571428571428,0.0,2.0120072799789424,0.063,optimal
2021-02-07 07:30:00,2,6,0.0,0.0,0.0,0.3105333333333334,optimal
2021-02-07 08:00:00,2,6,0.23164396979964438,0.0,0.0,0.1212,optimal
2021-02-07 08:30:00,2,6,0.7080156850469841,0.0774074074074074,0.0,0.06966666666666667,optimal
2021-02-07 09:00:00,2,6,0.6264205860563112,0.0,0.0,0.1338,optimal
2021-02-07 09:30:00,2,6,0.49966710439596496,1.1611111111111108,0.0,0.38626666666666665,optimal
2021-02-07 10:00:00,2,6,0.48735391865036115,0.1548148148148148,0.0,0.264,optimal
2021-02-07 10:30:00,2,6,0.4579275486377124,0.0774074074074074,0.0,0.4406666666666667,optimal
2021-02-07 11:00:00,2,6,0.20362503442039612,0.6192592592592592,0.0,1.9484666666666668,optimal
2021-02-07 11:30:00,2,6,0.0,0.774074074074074,0.0,1.7276333333333334,optimal
2021-02-07 12:00:00,2,6,0.20420281117635503,0.0774074074074074,0.0,0.4894,optimal
2021-02-07 12:30:00,2,6,0.28181322677293213,0.0774074074074074,0.0,0.5097333333333334,optimal
2021-02-07 13:00:00,2,6,0.7685503907574089,0.387037037037037,0.0,0.3951,optimal
2021-02-07 13:30:00,2,6,1.1428571428571428,0.1548148148148148,0.0,0.3526666666666667,optimal
2021-02-07 14:00:00,2,6,1.1428571428571428,0.23222222222222222,0.0,0.6291333333333333,optimal
2021-02-07 14:30:00,2,6,1.1428571428571428,0.0,0.0,0.3816666666666667,optimal
2021-02-07 15:00:00,2,6,1.1428571428571428,0.1548148148148148,0.0,0.4311333333333333,optimal
2021-02-07 15:30:00,2,6,1.1428571428571428,0.0,0.0,0.39180000000000004,optimal
2021-02-07 16:00:00,2,6,0.0,0.1548148148148148,0.0,0.2459333333333333,optimal
2021-02-07 16:30:00,2,6,0.0,0.0,0.0,0.6627333333333334,optimal
2021-02-07 17:00:00,2,6,0.0,0.46444444444444444,0.0,1.5090666666666666,optimal
2021-02-07 17:30:00,2,6,0.0,0.1548148148148148,0.0,0.31980000000000003,optimal
2021-02-07 18:00:00,2,6,0.0,2.012592592592592,0.0,0.4866666666666667,optimal
2021-02-07 18:30:00,2,6,0.0,2.012592592592592,0.0,0.4194,optimal
2021-02-07 19:00:00,2,6,0.0,0.0774074074074074,0.0,0.5034666666666666,optimal
2021-02-07 19:30:00,2,6,0.0,0.0,0.0,0.6484666666666667,optimal
2021-02-07 20:00:00,2,6,0.0,0.0774074074074074,0.0,0.37126666666666663,optimal
2021-02-07 20:30:00,2,6,0.0,0.0774074074074074,0.0,0.5129333333333332,optimal
2021-02-07 21:00:00,2,6,0.0,0.0,0.0,0.5583333333333333,optimal
2021-02-07 21:30:00,2,6,0.0,0.3096296296296296,0.0,0.3232,optimal
2021-02-07 22:00:00,2,6,0.0,0.0,0.0,0.6821333333333334,optimal
2021-02-07 22:30:00,2,6,0.0,0.0,0.0,0.21619999999999998,optimal
2021-02-07 23:00:00,2,6,0.0,0.0,0.0,0.1358,optimal
2021-02-07 23:30:00,2,6,0.0,0.0,0.0,0.2494,optimal
2021-02-08 00:00:00,2,6,0.0,0.0,0.0,0.0649,optimal
2021-02-08 00:30:00,2,6,0.0,0.0,0.0,0.1045,optimal
2021-02-08 01:00:00,2,6,0.0,0.0,0.0,0.0682,optimal
2021-02-08 01:30:00,2,6,0.17480527117564004,0.0,0.0,0.1012,optimal
2021-02-08 02:00:00,2,6,1.1428571428571428,0.0,0.0,0.055,optimal
2021-02-08 02:30:00,2,6,1.1428571428571428,0.0,0.0,0.055,optimal
2021-02-08 03:00:00,2,6,1.1428571428571428,0.0,0.0,0.12006666666666667,optimal
2021-02-08 03:30:00,2,6,1.1428571428571428,0.0,0.0,0.059333333333333335,optimal
2021-02-08 04:00:00,2,6,1.1428571428571428,0.0,0.0,0.055,optimal
2021-02-08 04:30:00,2,6,1.1428571428571428,0.0,0.0,0.1144,optimal
2021-02-08 05:00:00,2,6,1.1428571428571428,0.0774074074074074,4.357598700066355,0.9962333333333332,optimal
2021-02-08 05:30:00,2,6,1.1428571428571428,0.0,5.0,0.05433333333333334,optimal
2021-02-08 06:00:00,2,6,1.1428571428571428,0.0,5.0,0.07479999999999999,optimal
2021-02-08 06:30:00,2,6,1.1428571428571428,0.0,5.0,0.09393333333333334,optimal
2021-02-08 07:00:00,2,6,1.1428571428571428,0.23222222222222222,5.0,0.073,optimal
2021-02-08 07:30:00,2,6,1.1428571428571428,0.1548148148148148,0.0,0.13090000000000002,optimal
2021-02-08 08:00:00,2,6,0.7080006746315727,5.573333333333333,0.0,0.09533333333333331,optimal
2021-02-08 08:30:00,2,6,0.6808981141427248,1.470740740740741,0.0,0.07466666666666667,optimal
2021-02-08 09:00:00,2,6,0.5552766447697556,0.0,0.0,0.1222,optimal
2021-02-08 09:30:00,2,6,0.7088161997887379,0.0,0.0,0.0848,optimal
2021-02-08 10:00:00,2,6,0.5437608311517409,0.0,0.0,0.1046,optimal
2021-02-08 10:30:00,2,6,0.5615069904184868,0.0,0.0,0.065,optimal
2021-02-08 11:00:00,2,6,0.3878645505893209,0.0,0.0,0.065,optimal
2021-02-08 11:30:00,2,6,0.3218280634591101,0.0,0.0,0.2746,optimal
2021-02-08 12:00:00,2,6,0.24339175203324995,0.23222222222222222,0.0,0.4116666666666667,optimal
2021-02-08 12:30:00,2,6,0.11233973015379228,0.0,0.0,1.5138,optimal
2021-02-08 13:00:00,2,6,1.1428571428571428,0.0,0.0,0.32103333333333334,optimal
2021-02-08 13:30:00,2,6,1.1428571428571428,0.0,0.0,1.7719666666666667,optimal
2021-02-08 14:00:00,2,6,1.1428571428571428,0.0774074074074074,0.0,0.1995,optimal
2021-02-08 14:30:00,2,6,1.1428571428571428,0.387037037037037,0.0,1.7819,optimal
2021-02-08 15:00:00,2,6,1.1428571428571428,0.0,0.0,0.0795,optimal
2021-02-08 15:30:00,2,6,1.1428571428571428,0.0,0.0,1.525,optimal
2021-02-08 16:00:00,2,6,0.0,0.23222222222222222,0.0,0.10553333333333331,optimal
2021-02-08 16:30:00,2,6,0.0,0.6192592592592592,0.0,0.5425333333333333,optimal
2021-02-08 17:00:00,2,6,0.0,0.46444444444444444,0.0,0.28163333333333335,optimal
2021-02-08 17:30:00,2,6,0.0,0.0,0.0,0.0815,optimal
2021-02-08 18:00:00,2,6,0.0,0.0,0.0,0.10790000000000001,optimal
2021-02-08 18:30:00,2,6,0.0,0.0,0.0,0.11466666666666668,optimal
2021-02-08 19:00:00,2,6,0.0,0.387037037037037,0.0,0.23603333333333334,optimal
2021-02-08 19:30:00,2,6,0.0,0.0,0.0,0.3377,optimal
2021-02-08 20:00:00,2,6,0.19967273303917452,0.3096296296296296,0.0,0.3513,optimal
2021-02-08 20:30:00,2,6,0.0,0.23222222222222222,0.0,0.28933333333333333,optimal
2021-02-08 21:00:00,2,6,0.0,5.186296296296297,0.0,0.3418333333333333,optimal
2021-02-08 21:30:00,2,6,0.0,0.0,0.0,0.25196666666666667,optimal
2021-02-08 22:00:00,2,6,0.0,0.0,0.0,0.2522666666666667,optimal
2021-02-08 22:30:00,2,6,0.0,0.23222222222222222,0.0,0.2298,optimal
2021-02-08 23:00:00,2,6,0.0,0.0774074074074074,0.0,0.3017666666666666,optimal
2021-02-08 23:30:00,2,6,0.0,0.0774074074074074,0.0,0.9140666666666668,optimal
2021-02-09 00:00:00,2,6,0.0,0.0,0.0,0.10593333333333334,optimal
2021-02-09 00:30:00,2,6,0.0,0.0,0.0,0.22213333333333332,optimal
2021-02-09 01:00:00,2,6,0.0,0.0,0.0,0.2067333333333333,optimal
2021-02-09 01:30:00,2,6,0.3240111256225435,0.0,0.0,0.11493333333333333,optimal
2021-02-09 02:00:00,2,6,1.1428571428571428,0.0,0.0,0.16506666666666667,optimal
2021-02-09 02:30:00,2,6,1.1428571428571428,0.0,0.0,0.08120000000000001,optimal
2021-02-09 03:00:00,2,6,1.1428571428571428,0.0,0.0,0.1862666666666667,optimal
2021-02-09 03:30:00,2,6,1.1428571428571428,0.0,0.0,0.10106666666666667,optimal
2021-02-09 04:00:00,2,6,1.1428571428571428,0.0,0.0,0.2614666666666666,optimal
2021-02-09 04:30:00,2,6,1.1428571428571428,0.0,0.0,0.139,optimal
2021-02-09 05:00:00,2,6,1.1428571428571428,0.0,1.5828664688690783,0.06,optimal
2021-02-09 05:30:00,2,6,1.1428571428571428,0.0,5.0,0.15106666666666665,optimal
2021-02-09 06:00:00,2,6,1.1428571428571428,0.0,5.0,0.13119999999999998,optimal
2021-02-09 06:30:00,2,6,1.1428571428571428,0.5418518518518518,5.0,0.0655,optimal
2021-02-09 07:00:00,2,6,1.1428571428571428,3.6381481481481477,5.0,0.23653333333333332,optimal
2021-02-09 07:30:00,2,6,1.1428571428571428,2.3826,0.0,0.08979999999999999,optimal
2021-02-09 08:00:00,2,6,0.6348585826129558,0.3266592592592593,0.0,0.2814,optimal
2021-02-09 08:30:00,2,6,0.6207981376319366,0.23222222222222222,0.0,0.3658666666666667,optimal
2021-02-09 09:00:00,2,6,0.5969366940780768,0.0,0.0,0.20226666666666668,optimal
2021-02-09 09:30:00,2,6,0.5090158041160316,0.23222222222222222,0.0,0.5095666666666666,optimal
2021-02-09 10:00:00,2,6,0.41264192300690145,0.0774074074074074,0.0,0.3403,optimal
2021-02-09 10:30:00,2,6,0.3935507051813801,0.3096296296296296,0.0,0.36960000000000004,optimal
2021-02-09 11:00:00,2,6,0.2925003843225071,0.0,0.0,0.12326666666666668,optimal
2021-02-09 11:30:00,2,6,0.30025166456692554,0.23222222222222222,0.0,0.08863333333333334,optimal
2021-02-09 12:00:00,2,6,0.13161282002956798,0.5418518518518518,0.0,0.2795,optimal
2021-02-09 12:30:00,2,6,0.11064249216609533,0.0,0.0,0.3712,optimal
2021-02-09 13:00:00,2,6,1.1428571428571428,0.0,0.0,0.18353333333333333,optimal
2021-02-09 13:30:00,2,6,1.1428571428571428,0.387037037037037,0.0,0.5033333333333333,optimal
2021-02-09 14:00:00,2,6,1.1428571428571428,0.0,0.0,0.28686666666666666,optimal
2021-02-09 14:30:00,2,6,1.1428571428571428,0.0,0.0,0.1412,optimal
2021-02-09 15:00:00,2,6,1.1428571428571428,0.0,0.0,0.15536666666666668,optimal
2021-02-09 15:30:00,2,6,1.1428571428571428,0.0,0.0,0.22776666666666667,optimal
2021-02-09 16:00:00,2,6,0.0,0.0,0.0,0.122,optimal
2021-02-09 16:30:00,2,6,0.0,0.0,0.0,0.30006666666666665,optimal
2021-02-09 17:00:00,2,6,0.0,0.0,0.0,0.09466666666666669,optimal
2021-02-09 17:30:00,2,6,0.0,0.0,0.0,0.2780666666666667,optimal
2021-02-09 18:00:00,2,6,0.0,0.387037037037037,0.0,0.2878,optimal
2021-02-09 18:30:00,2,6,0.0,0.6192592592592592,0.0,0.2337,optimal
2021-02-09 19:00:00,2,6,0.0,0.0,0.0,0.21,optimal
2021-02-09 19:30:00,2,6,0.0,0.3096296296296296,0.0,0.34946666666666665,optimal
2021-02-09 20:00:00,2,6,0.439074477768913,0.0774074074074074,0.0,0.36133333333333334,optimal
2021-02-09 20:30:00,2,6,0.0,0.0,0.0,0.2849333333333333,optimal
2021-02-09 21:00:00,2,6,0.0,0.0,0.0,0.43923333333333336,optimal
2021-02-09 21:30:00,2,6,0.0,0.0,0.0,0.28276666666666667,optimal
2021-02-09 22:00:00,2,6,0.0,0.0,0.0,0.2454333333333333,optimal
2021-02-09 22:30:00,2,6,0.0,0.0,0.0,0.07,optimal
2021-02-09 23:00:00,2,6,0.0,0.0,0.0,0.37673333333333336,optimal
2021-02-09 23:30:00,2,6,0.0,0.0,0.0,0.067,optimal
2021-02-10 00:00:00,2,6,0.0,0.0,0.0,0.19763333333333333,optimal
2021-02-10 00:30:00,2,6,0.0,0.0,0.0,0.327,optimal
2021-02-10 01:00:00,2,6,0.07166670846885599,0.0,0.0,0.1625,optimal
2021-02-10 01:30:00,2,6,1.1428571428571428,0.0,0.0,0.10623333333333332,optimal
2021-02-10 02:00:00,2,6,1.1428571428571428,0.0,0.0,0.057,optimal
2021-02-10 02:30:00,2,6,1.1428571428571428,0.0,0.0,0.14843333333333333,optimal
2021-02-10 03:00:00,2,6,1.1428571428571428,0.0,0.0,0.12029999999999999,optimal
2021-02-10 03:30:00,2,6,1.1428571428571428,0.0,0.0,0.057,optimal
2021-02-10 04:00:00,2,6,1.1428571428571428,0.0,0.0,0.19063333333333332,optimal
2021-02-10 04:30:00,2,6,1.1428571428571428,0.0,4.081564958398937,0.07809999999999999,optimal
2021-02-10 05:00:00,2,6,1.1428571428571428,0.0,5.0,0.13436666666666666,optimal
2021-02-10 05:30:00,2,6,1.1428571428571428,0.0,5.0,0.22440000000000002,optimal
2021-02-10 06:00:00,2,6,1.1428571428571428,6.502222222222222,5.0,0.3486666666666667,optimal
2021-02-10 06:30:00,2,6,1.1428571428571428,0.1548148148148148,0.0,0.3609666666666666,optimal
2021-02-10 07:00:00,2,6,1.1428571428571428,0.0,0.0,0.313,optimal
2021-02-10 07:30:00,2,6,1.1428571428571428,0.0,0.0,0.067,optimal
2021-02-10 08:00:00,2,6,0.8283596767656212,0.0,0.0,0.18656666666666663,optimal
2021-02-10 08:30:00,2,6,0.8438981310766369,0.0,0.0,0.10216666666666668,optimal
2021-02-10 09:00:00,2,6,0.7109607463201658,0.0,0.0,0.14436666666666667,optimal
2021-02-10 09:30:00,2,6,0.7023849149168858,0.0,0.0,0.14436666666666667,optimal
2021-02-10 10:00:00,2,6,0.5339032490971739,0.0,0.0,0.067,optimal
2021-02-10 10:30:00,2,6,0.48326185173519876,0.0,0.0,0.22173333333333328,optimal
2021-02-10 11:00:00,2,6,0.3951811109190918,0.0,0.0,0.067,optimal
2021-02-10 11:30:00,2,6,0.35271224283650476,0.0,0.0,0.20063333333333333,optimal
2021-02-10 12:00:00,2,6,0.21792894116192174,0.0,0.0,0.0881,optimal
2021-02-10 12:30:00,2,6,0.2078813221143004,0.0,0.0,0.12326666666666668,optimal
2021-02-10 13:00:00,2,6,0.11029499755423136,0.0,0.0,1.247266666666667,optimal
2021-02-10 13:30:00,2,6,0.1552505947223924,0.0,0.0,1.2943666666666667,optimal
2021-02-10 14:00:00,2,6,0.6349989020085225,0.0,0.0,0.21703333333333333,optimal
2021-02-10 14:30:00,2,6,1.1428571428571428,0.0,0.0,2.1701333333333332,optimal
2021-02-10 15:00:00,2,6,1.1428571428571428,0.8514814814814814,0.0,0.7554,optimal
2021-02-10 15:30:00,2,6,1.1428571428571428,0.0774074074074074,0.0,0.9080333333333331,optimal
2021-02-10 16:00:00,2,6,0.0,0.0,0.0,0.1684,optimal
2021-02-10 16:30:00,2,6,0.0,0.387037037037037,0.0,2.3730333333333333,optimal
2021-02-10 17:00:00,2,6,0.0,0.0,0.0,3.1526666666666667,optimal
2021-02-10 17:30:00,2,6,0.0,0.23222222222222222,0.0,2.588833333333333,optimal
2021-02-10 18:00:00,2,6,0.0,0.1548148148148148,0.0,3.206933333333333,optimal
2021-02-10 18:30:00,2,6,0.0,3.251111111111111,0.0,2.750966666666667,optimal
2021-02-10 19:00:00,2,6,0.0,0.46444444444444444,0.0,2.5394,optimal
2021-02-10 19:30:00,2,6,0.0,0.0,0.0,1.9573,optimal
2021-02-10 20:00:00,2,6,0.0,0.0,0.0,1.6212,optimal
2021-02-10 20:30:00,2,6,0.0,0.0,0.0,2.4683,optimal
2021-02-10 21:00:00,2,6,0.0,0.0774074074074074,0.0,0.5462666666666667,optimal
2021-02-10 21:30:00,2,6,0.0,0.5418518518518518,0.0,0.48503333333333337,optimal
2021-02-10 22:00:00,2,6,0.0,0.0,0.0,1.0985,optimal
2021-02-10 22:30:00,2,6,0.0,0.0,0.0,1.7184333333333335,optimal
2021-02-10 23:00:00,2,6,0.0,0.0774074074074074,0.0,1.7718,optimal
2021-02-10 23:30:00,2,6,0.0,0.0,0.0,0.1407,optimal
2021-02-11 00:00:00,2,6,0.0,0.0,0.0,0.059,optimal
2021-02-11 00:30:00,2,6,1.1238230010945676,0.0,0.0,0.10859999999999999,optimal
2021-02-11 01:00:00,2,6,1.1428571428571428,0.0,0.0,0.2757,optimal
2021-02-11 01:30:00,2,6,1.1428571428571428,0.0,0.0,0.17716666666666667,optimal
2021-02-11 02:00:00,2,6,1.1428571428571428,0.0,0.0,0.1976,optimal
2021-02-11 02:30:00,2,6,1.1428571428571428,0.0,0.0,0.15680000000000002,optimal
2021-02-11 03:00:00,2,6,1.1428571428571428,0.0,0.0,0.1832666666666667,optimal
2021-02-11 03:30:00,2,6,1.1428571428571428,0.0,0.0,0.1168,optimal
2021-02-11 04:00:00,2,6,1.1428571428571428,0.0,0.0,0.13506666666666667,optimal
2021-02-11 04:30:00,2,6,1.1428571428571428,0.0,0.0,0.1286,optimal
2021-02-11 05:00:00,2,6,1.1428571428571428,0.0,0.0,0.1409,optimal
2021-02-11 05:30:00,2,6,1.1428571428571428,0.0,0.0,0.24506666666666663,optimal
2021-02-11 06:00:00,2,6,1.1428571428571428,0.0,1.4325068905498028,0.152,optimal
2021-02-11 06:30:00,2,6,1.1428571428571428,0.0,5.0,0.2231,optimal
2021-02-11 07:00:00,2,6,1.1428571428571428,0.1548148148148148,5.0,0.34353333333333336,optimal
2021-02-11 07:30:00,2,6,1.1428571428571428,0.46444444444444444,0.0,0.11126666666666668,optimal
2021-02-11 08:00:00,2,6,0.9162769459539807,0.0,0.0,0.16253333333333334,optimal
2021-02-11 08:30:00,2,6,0.9188326290302502,0.0,0.0,0.1761,optimal
2021-02-11 09:00:00,2,6,0.7827144980113009,0.0,0.0,0.2273,optimal
2021-02-11 09:30:00,2,6,0.7186400794105142,0.0,0.0,0.2039333333333333,optimal
2021-02-11 10:00:00,2,6,0.4346126326932094,0.0,0.0,0.1986,optimal
2021-02-11 10:30:00,2,6,0.4603782221411191,0.0,0.0,0.19846666666666668,optimal
2021-02-11 11:00:00,2,6,0.3342776720354065,0.0,0.0,0.14726666666666668,optimal
2021-02-11 11:30:00,2,6,0.29950878046361507,0.0,0.0,0.1544,optimal
2021-02-11 12:00:00,2,6,0.13104702717756825,0.0,0.0,0.1724,optimal
2021-02-11 12:30:00,2,6,0.10452795606931332,0.0,0.0,0.16766666666666666,optimal
2021-02-11 13:00:00,2,6,0.403897636890288,0.0,0.0,0.5398666666666667,optimal
2021-02-11 13:30:00,2,6,1.1428571428571428,0.0,0.0,2.1471999999999998,optimal
2021-02-11 14:00:00,2,6,1.1428571428571428,0.0,0.0,2.425333333333333,optimal
2021-02-11 14:30:00,2,6,1.1428571428571428,0.3096296296296296,0.0,1.6337000000000002,optimal
2021-02-11 15:00:00,2,6,1.1428571428571428,0.0774074074074074,0.0,0.5818,optimal
2021-02-11 15:30:00,2,6,1.1428571428571428,0.0,0.0,0.43006666666666665,optimal
2021-02-11 16:00:00,2,6,0.0,0.3096296296296296,0.0,1.9879333333333327,optimal
2021-02-11 16:30:00,2,6,0.0,0.0,0.0,1.2998666666666665,optimal
2021-02-11 17:00:00,2,6,0.0,0.0,0.0,0.3521666666666667,optimal
2021-02-11 17:30:00,2,6,0.0,0.0,0.0,0.44730000000000003,optimal
2021-02-11 18:00:00,2,6,0.0,0.774074074074074,0.0,0.2824,optimal
2021-02-11 18:30:00,2,6,0.0,0.0,0.0,0.5218666666666667,optimal
2021-02-11 19:00:00,2,6,0.0,0.1548148148148148,0.0,0.4249666666666666,optimal
2021-02-11 19:30:00,2,6,0.0,0.3096296296296296,0.0,0.4768,optimal
2021-02-11 20:00:00,2,6,0.0,0.1548148148148148,0.0,0.1645,optimal
2021-02-11 20:30:00,2,6,0.0,1.7029629629629628,0.0,0.11086666666666666,optimal
2021-02-11 21:00:00,2,6,0.0,0.0774074074074074,0.0,0.35503333333333337,optimal
2021-02-11 21:30:00,2,6,0.0,0.0,0.0,0.1895,optimal
2021-02-11 22:00:00,2,6,0.0,0.0,0.0,0.31806666666666666,optimal
2021-02-11 22:30:00,2,6,0.0,0.0,0.0,0.3214666666666666,optimal
2021-02-11 23:00:00,2,6,0.0,0.387037037037037,0.0,1.3768666666666665,optimal
2021-02-11 23:30:00,2,6,0.0,0.0,0.0,0.18546666666666667,optimal
2021-02-12 00:00:00,2,6,1.1428571428571428,0.0,0.0,0.063,optimal
2021-02-12 00:30:00,2,6,1.1428571428571428,0.0,0.0,0.063,optimal
2021-02-12 01:00:00,2,6,1.1428571428571428,0.0,0.0,0.063,optimal
2021-02-12 01:30:00,2,6,1.1428571428571428,0.0,0.0,0.063,optimal
2021-02-12 02:00:00,2,6,1.1428571428571428,0.0,0.0,0.063,optimal
2021-02-12 02:30:00,2,6,1.1428571428571428,0.0,0.0,0.063,optimal
2021-02-12 03:00:00,2,6,1.1428571428571428,0.0,0.0,0.063,optimal
2021-02-12 03:30:00,2,6,1.1428571428571428,0.0,0.0,0.063,optimal
2021-02-12 04:00:00,2,6,1.1428571428571428,0.0,0.0,0.063,optimal
2021-02-12 04:30:00,2,6,1.1428571428571428,0.0,0.0,0.063,optimal
2021-02-12 05:00:00,2,6,1.1428571428571428,0.0,0.0,0.063,optimal
2021-02-12 05:30:00,2,6,1.1428571428571428,0.0,0.0,0.063,optimal
2021-02-12 06:00:00,2,6,1.1428571428571428,0.0,1.8258790648895822,0.063,optimal
2021-02-12 06:30:00,2,6,1.1428571428571428,0.0,5.0,0.9323666666666668,optimal
2021-02-12 07:00:00,2,6,1.1428571428571428,0.23222222222222222,5.0,0.06866666666666667,optimal
2021-02-12 07:30:00,2,6,1.1428571428571428,6.531597853352319,0.0,0.08213333333333334,optimal
2021-02-12 08:00:00,2,6,0.7884176486593235,1.0419037037037038,0.0,0.075,optimal
2021-02-12 08:30:00,2,6,0.8212982419673636,4.876666666666668,0.0,0.15619999999999998,optimal
2021-02-12 09:00:00,2,6,0.5935598894218318,0.0,0.0,0.5235,optimal
2021-02-12 09:30:00,2,6,0.39127907731919265,0.1548148148148148,0.0,1.0254,optimal
2021-02-12 10:00:00,2,6,0.10897550061672902,0.0,0.0,1.1872333333333331,optimal
2021-02-12 10:30:00,2,6,0.20015907590543003,0.0,0.0,0.7161000000000001,optimal
2021-02-12 11:00:00,2,6,0.16493850886580907,0.0774074074074074,0.0,0.2696,optimal
2021-02-12 11:30:00,2,6,0.17937550339594016,0.0,0.0,0.2859,optimal
2021-02-12 12:00:00,2,6,0.0,0.3096296296296296,0.0,1.3682999999999998,optimal
2021-02-12 12:30:00,2,6,0.0,0.1548148148148148,0.0,0.45163333333333333,optimal
2021-02-12 13:00:00,2,6,1.1428571428571428,0.3096296296296296,0.0,0.16533333333333333,optimal
2021-02-12 13:30:00,2,6,1.1428571428571428,0.0,0.0,0.073,optimal
2021-02-12 14:00:00,2,6,1.1428571428571428,0.0,0.0,0.073,optimal
2021-02-12 14:30:00,2,6,1.1428571428571428,0.0,0.0,0.15653333333333333,optimal
2021-02-12 15:00:00,2,6,1.1428571428571428,0.0,0.0,0.17366666666666666,optimal
2021-02-12 15:30:00,2,6,1.1428571428571428,0.3096296296296296,0.0,0.07846666666666667,optimal
2021-02-12 16:00:00,2,6,0.0,0.5418518518518518,0.0,0.085,optimal
2021-02-12 16:30:00,2,6,0.0,0.46444444444444444,0.0,0.8575666666666667,optimal
2021-02-12 17:00:00,2,6,0.0,0.0,0.0,0.8727999999999999,optimal
2021-02-12 17:30:00,2,6,0.0,0.5418518518518518,0.0,0.214,optimal
2021-02-12 18:00:00,2,6,0.0,0.0,0.0,0.104,optimal
2021-02-12 18:30:00,2,6,0.0,0.1548148148148148,0.0,0.10443333333333334,optimal
2021-02-12 19:00:00,2,6,0.0,0.5418518518518518,0.0,0.9527,optimal
2021-02-12 19:30:00,2,6,0.0,0.0,0.0,0.073,optimal
2021-02-12 20:00:00,2,6,0.4314932423322265,0.0,0.0,0.077,optimal
2021-02-12 20:30:00,2,6,0.0,0.1548148148148148,0.0,0.15630000000000002,optimal
2021-02-12 21:00:00,2,6,0.0,0.0,0.0,0.251,optimal
2021-02-12 21:30:00,2,6,0.0,0.0,0.0,0.35796666666666666,optimal
2021-02-12 22:00:00,2,6,0.0,0.0,0.0,0.073,optimal
2021-02-12 22:30:00,2,6,0.0,0.0,0.0,0.073,optimal
2021-02-12 23:00:00,2,6,0.0,0.0,0.0,0.073,optimal
2021-02-12 23:30:00,2,6,0.0,0.0,0.0,0.07266666666666667,optimal
2021-02-13 00:00:00,2,6,0.0,0.0,0.0,0.053,optimal
2021-02-13 00:30:00,2,6,0.0,0.0,0.0,0.053,optimal
2021-02-13 01:00:00,2,6,0.938044019238671,0.0,0.0,0.053,optimal
2021-02-13 01:30:00,2,6,1.1428571428571428,0.0,0.0,0.1762,optimal
2021-02-13 02:00:00,2,6,1.1428571428571428,0.0,0.0,0.053,optimal
2021-02-13 02:30:00,2,6,1.1428571428571428,0.0,0.0,0.0978,optimal
2021-02-13 03:00:00,2,6,1.1428571428571428,0.0,0.0,0.13140000000000002,optimal
2021-02-13 03:30:00,2,6,1.1428571428571428,0.0,0.0,0.053,optimal
2021-02-13 04:00:00,2,6,1.1428571428571428,0.0,0.0,0.1762,optimal
2021-02-13 04:30:00,2,6,1.1428571428571428,0.0,2.4598944114951773,0.053,optimal
2021-02-13 05:00:00,2,6,1.1428571428571428,0.0,5.0,0.0922,optimal
2021-02-13 05:30:00,2,6,1.1428571428571428,0.0,5.0,0.137,optimal
2021-02-13 06:00:00,2,6,1.1428571428571428,0.0,5.0,0.053,optimal
2021-02-13 06:30:00,2,6,1.1428571428571428,0.0,5.0,0.1258,optimal
2021-02-13 07:00:00,2,6,1.1428571428571428,0.6610592592592593,5.0,1.4150666666666667,optimal
2021-02-13 07:30:00,2,6,1.1428571428571428,0.8096814814814816,0.0,2.2606666666666664,optimal
2021-02-13 08:00:00,2,6,0.7683721370708166,2.39962962962963,0.0,0.1618,optimal
2021-02-13 08:30:00,2,6,0.6327519887438077,2.7866666666666666,0.0,0.34613333333333335,optimal
2021-02-13 09:00:00,2,6,0.45613541882194675,0.1548148148148148,0.0,1.0394333333333334,optimal
2021-02-13 09:30:00,2,6,0.4696718200440449,0.23222222222222222,0.0,0.3899333333333333,optimal
2021-02-13 10:00:00,2,6,0.2759949527288802,0.0774074074074074,0.0,0.4554666666666666,optimal
2021-02-13 10:30:00,2,6,0.29086051868758744,2.2448148148148146,0.0,0.5146000000000001,optimal
2021-02-13 11:00:00,2,6,0.11289705098039067,0.0,0.0,0.8646,optimal
2021-02-13 11:30:00,2,6,0.06453975979623179,0.0,0.0,2.542,optimal
2021-02-13 12:00:00,2,6,0.01622411450833301,0.23222222222222222,0.0,2.1258666666666666,optimal
2021-02-13 12:30:00,2,6,0.0,0.0774074074074074,0.0,2.5400666666666667,optimal
2021-02-13 13:00:00,2,6,1.1428571428571428,0.23222222222222222,0.0,2.5684,optimal
2021-02-13 13:30:00,2,6,1.1428571428571428,0.0,0.0,0.6240666666666668,optimal
2021-02-13 14:00:00,2,6,1.1428571428571428,0.0774074074074074,0.0,0.38046666666666656,optimal
2021-02-13 14:30:00,2,6,1.1428571428571428,0.6192592592592592,0.0,0.1968,optimal
2021-02-13 15:00:00,2,6,1.1428571428571428,0.0,0.0,0.1003,optimal
2021-02-13 15:30:00,2,6,1.1428571428571428,0.0,0.0,0.15043333333333334,optimal
2021-02-13 16:00:00,2,6,0.0,0.0,0.0,0.2598333333333333,optimal
2021-02-13 16:30:00,2,6,0.0,0.5418518518518518,0.0,0.4058,optimal
2021-02-13 17:00:00,2,6,0.0,0.1548148148148148,0.0,0.2352,optimal
2021-02-13 17:30:00,2,6,0.0,0.1548148148148148,0.0,0.458,optimal
2021-02-13 18:00:00,2,6,0.0,0.0774074074074074,0.0,0.18506666666666663,optimal
2021-02-13 18:30:00,2,6,0.0,0.0,0.0,0.0742,optimal
2021-02-13 19:00:00,2,6,0.0,0.0,0.0,0.175,optimal
2021-02-13 19:30:00,2,6,0.0,0.0,0.0,0.063,optimal
2021-02-13 20:00:00,2,6,0.7748514262882569,0.0,0.0,0.1134,optimal
2021-02-13 20:30:00,2,6,0.0,0.0,0.0,0.1358,optimal
2021-02-13 21:00:00,2,6,0.0,0.0,0.0,0.063,optimal
2021-02-13 21:30:00,2,6,0.0,0.0,0.0,0.5876666666666667,optimal
2021-02-13 22:00:00,2,6,0.0,0.0,0.0,0.5163666666666666,optimal
2021-02-13 22:30:00,2,6,0.0,0.0,0.0,0.3965666666666667,optimal
2021-02-13 23:00:00,2,6,0.0,0.0,0.0,0.43206666666666665,optimal
2021-02-13 23:30:00,2,6,0.0,0.0,0.0,0.26926666666666665,optimal
2021-02-07 00:00:00,3,6,0.0,0.0,0.0,0.054,optimal
2021-02-07 00:30:00,3,6,0.0,0.0,0.0,0.17426666666666668,optimal
2021-02-07 01:00:00,3,6,0.0,0.0,0.0,0.16146666666666668,optimal
2021-02-07 01:30:00,3,6,0.0,0.0,0.0,0.2594666666666666,optimal
2021-02-07 02:00:00,3,6,0.0,0.0,0.0,0.0704,optimal
2021-02-07 02:30:00,3,6,0.0,0.0,0.0,0.2849333333333333,optimal
2021-02-07 03:00:00,3,6,0.0,0.0,0.0,0.1524,optimal
2021-02-07 03:30:00,3,6,0.0,0.0,0.0,0.054,optimal
2021-02-07 04:00:00,3,6,1.1428571428571428,0.0,0.0,0.356,optimal
2021-02-07 04:30:00,3,6,1.1428571428571428,0.0,0.0,0.08433333333333333,optimal
2021-02-07 05:00:00,3,6,1.1428571428571428,0.0,0.0,0.09133333333333331,optimal
2021-02-07 05:30:00,3,6,1.1428571428571428,0.0,0.0,0.31560000000000005,optimal
2021-02-07 06:00:00,3,6,1.1428571428571428,0.0,0.0,0.1144,optimal
2021-02-07 06:30:00,3,6,1.1428571428571428,0.0,0.0,0.18359999999999999,optimal
2021-02-07 07:00:00,3,6,1.1428571428571428,0.774074074074074,1.7076336144509696,0.27886666666666665,optimal
2021-02-07 07:30:00,3,6,0.0,2.1674074074074072,0.0,0.20153333333333334,optimal
2021-02-07 08:00:00,3,6,0.0,0.9288888888888889,0.0,0.2797333333333333,optimal
2021-02-07 08:30:00,3,6,0.0,0.6192592592592592,0.0,0.7218,optimal
2021-02-07 09:00:00,3,6,0.22438687873103183,0.23222222222222222,0.0,0.9702000000000001,optimal
2021-02-07 09:30:00,3,6,0.4163947234435838,0.23222222222222222,0.0,2.8369,optimal
2021-02-07 10:00:00,3,6,0.44065868055511864,0.23222222222222222,0.0,0.48083333333333333,optimal
2021-02-07 10:30:00,3,6,0.4643294533996087,0.0,0.0,0.39466666666666667,optimal
2021-02-07 11:00:00,3,6,0.3056555106108726,0.1548148148148148,0.0,0.5331666666666667,optimal
2021-02-07 11:30:00,3,6,0.3336612248965821,0.3096296296296296,0.0,0.3803333333333333,optimal
2021-02-07 12:00:00,3,6,0.2901198934395969,0.0,0.0,0.08940000000000001,optimal
2021-02-07 12:30:00,3,6,0.11236560772530707,0.3096296296296296,0.0,1.8011,optimal
2021-02-07 13:00:00,3,6,0.3188180903635298,0.387037037037037,0.0,0.2535666666666666,optimal
2021-02-07 13:30:00,3,6,0.7304280484007165,0.5418518518518518,0.0,0.34953333333333336,optimal
2021-02-07 14:00:00,3,6,1.1428571428571428,0.0774074074074074,0.0,0.3691666666666667,optimal
2021-02-07 14:30:00,3,6,1.1428571428571428,0.0774074074074074,0.0,0.5337000000000001,optimal
2021-02-07 15:00:00,3,6,1.1428571428571428,0.0,0.0,0.22906666666666664,optimal
2021-02-07 15:30:00,3,6,1.1428571428571428,0.0,0.0,0.321,optimal
2021-02-07 16:00:00,3,6,0.0,0.0,0.0,1.5023666666666666,optimal
2021-02-07 16:30:00,3,6,0.0,0.3096296296296296,0.0,0.7878,optimal
2021-02-07 17:00:00,3,6,0.0,0.0774074074074074,0.0,1.1060999999999999,optimal
2021-02-07 17:30:00,3,6,0.0,2.0899999999999994,0.0,0.3460666666666667,optimal
2021-02-07 18:00:00,3,6,0.0,2.012592592592592,0.0,1.5580333333333334,optimal
2021-02-07 18:30:00,3,6,0.0,0.0,0.0,0.6551,optimal
2021-02-07 19:00:00,3,6,0.0,2.2448148148148146,0.0,0.1015,optimal
2021-02-07 19:30:00,3,6,0.0,1.8577777777777778,0.0,0.32693333333333335,optimal
2021-02-07 20:00:00,3,6,0.0,0.0,0.0,0.3648666666666667,optimal
2021-02-07 20:30:00,3,6,0.0,0.0,0.0,0.2787,optimal
2021-02-07 21:00:00,3,6,0.0,0.0,0.0,0.5227333333333334,optimal
2021-02-07 21:30:00,3,6,0.0,0.3096296296296296,0.0,0.5387666666666666,optimal
2021-02-07 22:00:00,3,6,0.0,0.23222222222222222,0.0,0.3147,optimal
2021-02-07 22:30:00,3,6,0.0,0.0,0.0,0.3406666666666667,optimal
2021-02-07 23:00:00,3,6,0.0,0.0774074074074074,0.0,0.215,optimal
2021-02-07 23:30:00,3,6,0.0,0.0,0.0,0.4116,optimal
2021-02-08 00:00:00,3,6,0.0,0.0,0.0,0.6794,optimal
2021-02-08 00:30:00,3,6,0.0,0.0,0.0,0.046,optimal
2021-02-08 01:00:00,3,6,0.0,0.0,0.0,0.2007333333333333,optimal
2021-02-08 01:30:00,3,6,0.0,0.0,0.0,0.046,optimal
2021-02-08 02:00:00,3,6,0.003605025137454723,0.0,0.0,0.051,optimal
2021-02-08 02:30:00,3,6,1.1428571428571428,0.0,0.0,0.09623333333333332,optimal
2021-02-08 03:00:00,3,6,1.1428571428571428,0.0,0.0,0.1515,optimal
2021-02-08 03:30:00,3,6,1.1428571428571428,0.0,0.0,0.046,optimal
2021-02-08 04:00:00,3,6,1.1428571428571428,0.0,0.0,0.06006666666666667,optimal
2021-02-08 04:30:00,3,6,1.1428571428571428,0.0,0.0,0.18666666666666662,optimal
2021-02-08 05:00:00,3,6,1.1428571428571428,0.0,0.0,0.046,optimal
2021-02-08 05:30:00,3,6,1.1428571428571428,0.0,4.781934777103046,0.19913333333333333,optimal
2021-02-08 06:00:00,3,6,1.1428571428571428,5.495925925925925,5.0,1.3839000000000001,optimal
2021-02-08 06:30:00,3,6,1.1428571428571428,2.39962962962963,5.0,0.2772,optimal
2021-02-08 07:00:00,3,6,1.1428571428571428,1.3933333333333333,5.0,0.2213333333333333,optimal
2021-02-08 07:30:00,3,6,1.1428571428571428,0.5418518518518518,0.0,0.1894,optimal
2021-02-08 08:00:00,3,6,0.81208638891728,0.0,0.0,0.056,optimal
2021-02-08 08:30:00,3,6,0.7721647808093933,0.0,0.0,0.2107333333333333,optimal
2021-02-08 09:00:00,3,6,0.16384331143642775,0.0,0.0,2.724833333333333,optimal
2021-02-08 09:30:00,3,6,0.34414858074111904,0.0,0.0,1.3001666666666667,optimal
2021-02-08 10:00:00,3,6,0.30255130734222246,0.1548148148148148,0.0,0.38746666666666657,optimal
2021-02-08 10:30:00,3,6,0.29528794279943904,2.3826,0.0,0.37606666666666666,optimal
2021-02-08 11:00:00,3,6,0.10061693154169278,1.178140740740741,0.0,0.4876666666666667,optimal
2021-02-08 11:30:00,3,6,0.2217385396495861,0.6192592592592592,0.0,0.13340000000000002,optimal
2021-02-08 12:00:00,3,6,0.23626984727134953,0.0774074074074074,0.0,0.054,optimal
2021-02-08 12:30:00,3,6,0.2059797301537952,0.1548148148148148,0.0,0.13233333333333333,optimal
2021-02-08 13:00:00,3,6,0.27513599164922814,0.774074074074074,0.0,0.28196666666666664,optimal
2021-02-08 13:30:00,3,6,1.1428571428571428,0.0774074074074074,0.0,0.08986666666666666,optimal
2021-02-08 14:00:00,3,6,1.1428571428571428,0.0,0.0,2.284466666666667,optimal
2021-02-08 14:30:00,3,6,1.1428571428571428,0.1548148148148148,0.0,0.4562333333333333,optimal
2021-02-08 15:00:00,3,6,1.1428571428571428,0.387037037037037,0.0,0.08836666666666666,optimal
2021-02-08 15:30:00,3,6,1.1428571428571428,0.0,0.0,0.068,optimal
2021-02-08 16:00:00,3,6,0.0,0.6966666666666667,0.0,0.3233333333333333,optimal
2021-02-08 16:30:00,3,6,0.0,0.0774074074074074,0.0,0.154,optimal
2021-02-08 17:00:00,3,6,0.0,0.387037037037037,0.0,0.13773333333333332,optimal
2021-02-08 17:30:00,3,6,0.0,0.774074074074074,0.0,0.3037333333333333,optimal
2021-02-08 18:00:00,3,6,0.0,0.1548148148148148,0.0,0.3715333333333334,optimal
2021-02-08 18:30:00,3,6,0.0,0.0,0.0,0.188,optimal
2021-02-08 19:00:00,3,6,0.0,6.424814814814814,0.0,0.3461,optimal
2021-02-08 19:30:00,3,6,0.0,0.0,0.0,0.2925,optimal
2021-02-08 20:00:00,3,6,0.0,0.0,0.0,0.48660000000000003,optimal
2021-02-08 20:30:00,3,6,0.0,0.23222222222222222,0.0,0.48083333333333333,optimal
2021-02-08 21:00:00,3,6,0.0,0.0,0.0,0.445,optimal
2021-02-08 21:30:00,3,6,0.0,0.5418518518518518,0.0,0.3915,optimal
2021-02-08 22:00:00,3,6,0.0,0.1548148148148148,0.0,0.4322,optimal
2021-02-08 22:30:00,3,6,0.0,0.387037037037037,0.0,0.09046666666666668,optimal
2021-02-08 23:00:00,3,6,0.0,0.3096296296296296,0.0,0.10723333333333332,optimal
2021-02-08 23:30:00,3,6,0.0,0.0,0.0,0.193,optimal
2021-02-09 00:00:00,3,6,0.0,0.0,0.0,0.054,optimal
2021-02-09 00:30:00,3,6,0.0,0.0,0.0,0.15153333333333333,optimal
2021-02-09 01:00:00,3,6,0.0,0.0,0.0,0.054,optimal
2021-02-09 01:30:00,3,6,0.5326208103994776,0.0,0.0,0.054,optimal
2021-02-09 02:00:00,3,6,1.1428571428571428,0.0,0.0,0.15153333333333333,optimal
2021-02-09 02:30:00,3,6,1.1428571428571428,0.0,0.0,0.054,optimal
2021-02-09 03:00:00,3,6,1.1428571428571428,0.0,0.0,0.12426666666666668,optimal
2021-02-09 03:30:00,3,6,1.1428571428571428,0.0,0.0,0.15446666666666667,optimal
2021-02-09 04:00:00,3,6,1.1428571428571428,0.0,0.0,0.054,optimal
2021-02-09 04:30:00,3,6,1.1428571428571428,0.0,0.0,0.1167,optimal
2021-02-09 05:00:00,3,6,1.1428571428571428,0.0,0.0,0.08816666666666667,optimal
2021-02-09 05:30:00,3,6,1.1428571428571428,0.0,0.0,0.1272,optimal
2021-02-09 06:00:00,3,6,1.1428571428571428,0.0,0.0,0.15153333333333333,optimal
2021-02-09 06:30:00,3,6,1.1428571428571428,0.0,1.8098303793723858,0.0906,optimal
2021-02-09 07:00:00,3,6,1.1428571428571428,2.8640740740740736,5.0,0.18613333333333332,optimal
2021-02-09 07:30:00,3,6,1.1428571428571428,1.006296296296296,0.0,0.09673333333333332,optimal
2021-02-09 08:00:00,3,6,0.5993433445177199,0.0774074074074074,0.0,2.7511666666666663,optimal
2021-02-09 08:30:00,3,6,0.6007705185843079,0.774074074074074,0.0,0.5153333333333334,optimal
2021-02-09 09:00:00,3,6,0.6276985988399809,0.0,0.0,0.0792,optimal
2021-02-09 09:30:00,3,6,0.3967643755446017,0.23222222222222222,0.0,2.357466666666667,optimal
2021-02-09 10:00:00,3,6,0.30746478014975887,0.0,0.0,0.7317666666666667,optimal
2021-02-09 10:30:00,3,6,0.404941181371863,0.0,0.0,0.24613333333333332,optimal
2021-02-09 11:00:00,3,6,0.21780514622726946,0.0,0.0,0.3333,optimal
2021-02-09 11:30:00,3,6,0.1268040455192995,0.0,0.0,0.8356,optimal
2021-02-09 12:00:00,3,6,0.0,0.0,0.0,0.9938333333333333,optimal
2021-02-09 12:30:00,3,6,0.04170959453135697,0.23222222222222222,0.0,0.4729666666666666,optimal
2021-02-09 13:00:00,3,6,0.017315631719836945,0.0,0.0,1.9115,optimal
2021-02-09 13:30:00,3,6,0.9136763958523545,0.5418518518518518,0.0,1.9482333333333328,optimal
2021-02-09 14:00:00,3,6,1.1428571428571428,0.0,0.0,0.7865333333333333,optimal
2021-02-09 14:30:00,3,6,1.1428571428571428,0.0,0.0,2.0524666666666667,optimal
2021-02-09 15:00:00,3,6,1.1428571428571428,0.0774074074074074,0.0,0.2327333333333333,optimal
2021-02-09 15:30:00,3,6,1.1428571428571428,0.0,0.0,0.19540000000000002,optimal
2021-02-09 16:00:00,3,6,0.0,1.9351851851851851,0.0,0.2517666666666667,optimal
2021-02-09 16:30:00,3,6,0.0,0.6192592592592592,0.0,0.3070333333333334,optimal
2021-02-09 17:00:00,3,6,0.0,0.23222222222222222,0.0,0.1712,optimal
2021-02-09 17:30:00,3,6,0.0,2.2448148148148146,0.0,0.6137,optimal
2021-02-09 18:00:00,3,6,0.0,0.1548148148148148,0.0,1.7945333333333333,optimal
2021-02-09 18:30:00,3,6,0.0,0.0,0.0,0.1866,optimal
2021-02-09 19:00:00,3,6,0.0,0.0,0.0,0.5085,optimal
2021-02-09 19:30:00,3,6,0.0,0.1548148148148148,0.0,0.22333333333333327,optimal
2021-02-09 20:00:00,3,6,0.0,0.23222222222222222,0.0,0.21253333333333332,optimal
2021-02-09 20:30:00,3,6,0.0,0.0,0.0,0.36386666666666667,optimal
2021-02-09 21:00:00,3,6,0.0,1.8577777777777778,0.0,2.2529,optimal
2021-02-09 21:30:00,3,6,0.0,0.0,0.0,0.3265,optimal
2021-02-09 22:00:00,3,6,0.0,0.0,0.0,1.4525666666666666,optimal
2021-02-09 22:30:00,3,6,0.0,0.0774074074074074,0.0,2.9600666666666666,optimal
2021-02-09 23:00:00,3,6,0.0,2.39962962962963,0.0,0.35133333333333333,optimal
2021-02-09 23:30:00,3,6,0.0,0.0,0.0,0.31939999999999996,optimal
2021-02-10 00:00:00,3,6,0.0,0.0,0.0,0.09013333333333334,optimal
2021-02-10 00:30:00,3,6,0.0,0.0,0.0,0.107,optimal
2021-02-10 01:00:00,3,6,0.0,0.0,0.0,0.1128,optimal
2021-02-10 01:30:00,3,6,0.8220008989379827,0.0,0.0,0.09386666666666665,optimal
2021-02-10 02:00:00,3,6,1.1428571428571428,0.0,0.0,0.056,optimal
2021-02-10 02:30:00,3,6,1.1428571428571428,0.0,0.0,0.15066666666666667,optimal
2021-02-10 03:00:00,3,6,1.1428571428571428,0.0,0.0,0.056,optimal
2021-02-10 03:30:00,3,6,1.1428571428571428,0.0,0.0,0.056,optimal
2021-02-10 04:00:00,3,6,1.1428571428571428,0.0,0.0,0.13646666666666668,optimal
2021-02-10 04:30:00,3,6,1.1428571428571428,0.0,0.0,0.0702,optimal
2021-02-10 05:00:00,3,6,1.1428571428571428,0.0,0.0,0.08913333333333334,optimal
2021-02-10 05:30:00,3,6,1.1428571428571428,0.0,0.0,0.16853333333333334,optimal
2021-02-10 06:00:00,3,6,1.1428571428571428,0.9288888888888889,0.3706822626836464,0.218,optimal
2021-02-10 06:30:00,3,6,1.1428571428571428,3.2139555555555552,5.0,0.30246666666666666,optimal
2021-02-10 07:00:00,3,6,1.1428571428571428,1.4304888888888894,5.0,0.205,optimal
2021-02-10 07:30:00,3,6,1.1428571428571428,0.0774074074074074,0.0,0.24386666666666668,optimal
2021-02-10 08:00:00,3,6,0.8599882481941978,0.0,0.0,0.07546666666666667,optimal
2021-02-10 08:30:00,3,6,0.8541171786956818,0.0,0.0,0.066,optimal
2021-02-10 09:00:00,3,6,0.7156559844154042,0.0,0.0,0.1275333333333333,optimal
2021-02-10 09:30:00,3,6,0.715194438726416,0.0,0.0,0.09913333333333334,optimal
2021-02-10 10:00:00,3,6,0.5340746776686089,0.0,0.0,0.066,optimal
2021-02-10 10:30:00,3,6,0.5181761374494867,0.0,0.0,0.09913333333333334,optimal
2021-02-10 11:00:00,3,6,0.3777715871095726,0.0,0.0,0.1275333333333333,optimal
2021-02-10 11:30:00,3,6,0.3910646237888869,0.0,0.0,0.066,optimal
2021-02-10 12:00:00,3,6,0.19978608401906067,0.0,0.0,0.1512,optimal
2021-02-10 12:30:00,3,6,0.22142417925716093,0.0,0.0,0.07546666666666667,optimal
2021-02-10 13:00:00,3,6,0.8028075420303041,0.0,0.0,0.066,optimal
2021-02-10 13:30:00,3,6,1.1428571428571428,0.0,0.0,0.066,optimal
2021-02-10 14:00:00,3,6,1.1428571428571428,0.0,0.0,0.16066666666666665,optimal
2021-02-10 14:30:00,3,6,1.1428571428571428,0.0,0.0,0.066,optimal
2021-02-10 15:00:00,3,6,1.1428571428571428,0.0,0.0,0.08020000000000001,optimal
2021-02-10 15:30:00,3,6,1.1428571428571428,0.0,0.0,0.14646666666666666,optimal
2021-02-10 16:00:00,3,6,0.0,0.0,0.0,0.066,optimal
2021-02-10 16:30:00,3,6,0.0,0.0,0.0,0.16066666666666665,optimal
2021-02-10 17:00:00,3,6,0.0,0.387037037037037,0.0,1.3425,optimal
2021-02-10 17:30:00,3,6,0.0,0.1548148148148148,0.0,1.5104333333333333,optimal
2021-02-10 18:00:00,3,6,0.0,0.0774074074074074,0.0,0.6683666666666667,optimal
2021-02-10 18:30:00,3,6,0.0,0.0774074074074074,0.0,1.3481333333333334,optimal
2021-02-10 19:00:00,3,6,0.0,0.0,0.0,0.6988,optimal
2021-02-10 19:30:00,3,6,0.0,2.012592592592592,0.0,0.3771333333333333,optimal
2021-02-10 20:00:00,3,6,0.0,0.0,0.0,0.424,optimal
2021-02-10 20:30:00,3,6,0.0,1.026422222222222,0.0,0.41573333333333334,optimal
2021-02-10 21:00:00,3,6,0.0,1.4506148148148148,0.0,0.4202666666666667,optimal
2021-02-10 21:30:00,3,6,0.0,0.6192592592592592,0.0,0.3811333333333333,optimal
2021-02-10 22:00:00,3,6,0.0,0.0,0.0,0.4852666666666666,optimal
2021-02-10 22:30:00,3,6,0.0,0.7167925925925925,0.0,0.4206666666666667,optimal
2021-02-10 23:00:00,3,6,0.0,1.140985185185185,0.0,1.613,optimal
2021-02-10 23:30:00,3,6,0.0,0.0,0.0,0.1948,optimal
2021-02-11 00:00:00,3,6,0.36806857825162026,0.0,0.0,0.06133333333333334,optimal
2021-02-11 00:30:00,3,6,1.1428571428571428,0.0,0.0,0.09113333333333334,optimal
2021-02-11 01:00:00,3,6,1.1428571428571428,0.0,0.0,0.2550666666666666,optimal
2021-02-11 01:30:00,3,6,1.1428571428571428,0.0,0.0,0.061,optimal
2021-02-11 02:00:00,3,6,1.1428571428571428,0.0,0.0,0.14343333333333333,optimal
2021-02-11 02:30:00,3,6,1.1428571428571428,0.0,0.0,0.19743333333333332,optimal
2021-02-11 03:00:00,3,6,1.1428571428571428,0.0,0.0,0.10233333333333332,optimal
2021-02-11 03:30:00,3,6,1.1428571428571428,0.0,0.0,0.11376666666666668,optimal
2021-02-11 04:00:00,3,6,1.1428571428571428,0.0,0.12588586976834762,0.1857666666666667,optimal
2021-02-11 04:30:00,3,6,1.1428571428571428,0.0,5.0,0.061,optimal
2021-02-11 05:00:00,3,6,1.1428571428571428,0.0,5.0,0.061,optimal
2021-02-11 05:30:00,3,6,1.1428571428571428,0.0,5.0,0.1857666666666667,optimal
2021-02-11 06:00:00,3,6,1.1428571428571428,0.0,5.0,0.08070000000000001,optimal
2021-02-11 06:30:00,3,6,1.1428571428571428,0.3096296296296296,5.0,0.1354,optimal
2021-02-11 07:00:00,3,6,1.1428571428571428,1.6255555555555554,5.0,0.1616,optimal
2021-02-11 07:30:00,3,6,1.1428571428571428,1.006296296296296,0.0,0.25066666666666665,optimal
2021-02-11 08:00:00,3,6,0.679419803096842,0.23222222222222222,0.0,0.6656,optimal
2021-02-11 08:30:00,3,6,0.759775486173105,0.0,0.0,0.4606,optimal
2021-02-11 09:00:00,3,6,0.8285621170589231,0.0,0.0,0.071,optimal
2021-02-11 09:30:00,3,6,0.6952781746486009,0.0,0.0,0.28986666666666666,optimal
2021-02-11 10:00:00,3,6,0.4740697755503528,0.0,0.0,0.071,optimal
2021-02-11 10:30:00,3,6,0.4922925078553976,0.0,0.0,0.09726666666666668,optimal
2021-02-11 11:00:00,3,6,0.32329671965444734,0.0,0.0,0.18919999999999998,optimal
2021-02-11 11:30:00,3,6,0.3048325899874254,0.0,0.0,0.14126666666666668,optimal
2021-02-11 12:00:00,3,6,0.12431369384423079,0.0,0.0,0.20646666666666666,optimal
2021-02-11 12:30:00,3,6,0.1313946227359862,0.0,0.0,0.08413333333333334,optimal
2021-02-11 13:00:00,3,6,1.1428571428571428,0.0,0.0,0.1904,optimal
2021-02-11 13:30:00,3,6,1.1428571428571428,0.0,0.0,0.17046666666666666,optimal
2021-02-11 14:00:00,3,6,1.1428571428571428,0.0,0.0,0.07756666666666666,optimal
2021-02-11 14:30:00,3,6,1.1428571428571428,0.0,0.0,0.2089,optimal
2021-02-11 15:00:00,3,6,1.1428571428571428,0.0,0.0,0.071,optimal
2021-02-11 15:30:00,3,6,1.1428571428571428,0.0,0.0,0.21106666666666662,optimal
2021-02-11 16:00:00,3,6,0.0,0.0,0.0,0.2888,optimal
2021-02-11 16:30:00,3,6,0.0,0.1548148148148148,0.0,0.2004,optimal
2021-02-11 17:00:00,3,6,0.0,0.0,0.0,0.3455,optimal
2021-02-11 17:30:00,3,6,0.0,0.3096296296296296,0.0,0.3944333333333333,optimal
2021-02-11 18:00:00,3,6,0.0,0.1548148148148148,0.0,0.3090333333333334,optimal
2021-02-11 18:30:00,3,6,0.0,2.2448148148148146,0.0,0.29983333333333334,optimal
2021-02-11 19:00:00,3,6,0.0,0.0,0.0,0.25046666666666667,optimal
2021-02-11 19:30:00,3,6,0.12724192620153243,0.0,0.0,0.6370333333333333,optimal
2021-02-11 20:00:00,3,6,0.775425873289063,0.0774074074074074,0.0,0.4594666666666666,optimal
2021-02-11 20:30:00,3,6,0.0,0.387037037037037,0.0,0.39289999999999997,optimal
2021-02-11 21:00:00,3,6,0.0,0.6966666666666667,0.0,0.3156333333333333,optimal
2021-02-11 21:30:00,3,6,0.0,0.0,0.0,0.35006666666666664,optimal
2021-02-11 22:00:00,3,6,0.0,0.0774074074074074,0.0,1.9719,optimal
2021-02-11 22:30:00,3,6,0.0,0.23222222222222222,0.0,0.5521333333333334,optimal
2021-02-11 23:00:00,3,6,0.0,0.0,0.0,0.6190666666666668,optimal
2021-02-11 23:30:00,3,6,0.0,0.0774074074074074,0.0,0.5554,optimal
2021-02-12 00:00:00,3,6,1.1428571428571428,0.0,0.0,0.0649,optimal
2021-02-12 00:30:00,3,6,1.1428571428571428,0.0,0.0,0.1045,optimal
2021-02-12 01:00:00,3,6,1.1428571428571428,0.0,0.0,0.0682,optimal
2021-02-12 01:30:00,3,6,1.1428571428571428,0.0,0.0,0.1012,optimal
2021-02-12 02:00:00,3,6,1.1428571428571428,0.0,0.0,0.055,optimal
2021-02-12 02:30:00,3,6,1.1428571428571428,0.0,0.0,0.055,optimal
2021-02-12 03:00:00,3,6,1.1428571428571428,0.0,0.0,0.12006666666666667,optimal
2021-02-12 03:30:00,3,6,1.1428571428571428,0.0,0.0,0.059333333333333335,optimal
2021-02-12 04:00:00,3,6,1.1428571428571428,0.0,0.0,0.055,optimal
2021-02-12 04:30:00,3,6,1.1428571428571428,0.0,0.0,0.1144,optimal
2021-02-12 05:00:00,3,6,1.1428571428571428,0.0774074074074074,3.735740413799623,0.9962333333333332,optimal
2021-02-12 05:30:00,3,6,1.1428571428571428,0.0,5.0,0.05433333333333334,optimal
2021-02-12 06:00:00,3,6,1.1428571428571428,0.0,5.0,0.07479999999999999,optimal
2021-02-12 06:30:00,3,6,1.1428571428571428,0.0,5.0,0.09393333333333334,optimal
2021-02-12 07:00:00,3,6,1.1428571428571428,0.23222222222222222,5.0,0.073,optimal
2021-02-12 07:30:00,3,6,1.1428571428571428,3.0759048974352594,0.0,0.13090000000000002,optimal
2021-02-12 08:00:00,3,6,0.8970843153259911,5.573333333333333,0.0,0.09533333333333331,optimal
2021-02-12 08:30:00,3,6,0.8742696705387834,1.470740740740741,0.0,0.07466666666666667,optimal
2021-02-12 09:00:00,3,6,0.7122741751361206,0.0,0.0,0.1222,optimal
2021-02-12 09:30:00,3,6,0.7779114582715638,0.0,0.0,0.0848,optimal
2021-02-12 10:00:00,3,6,0.4804193101405441,0.0,0.0,0.1046,optimal
2021-02-12 10:30:00,3,6,0.4745819330482814,0.0,0.0,0.065,optimal
2021-02-12 11:00:00,3,6,0.29090993743723753,0.0,0.0,0.065,optimal
2021-02-12 11:30:00,3,6,0.22701740815784666,0.0,0.0,0.2746,optimal
2021-02-12 12:00:00,3,6,0.14491620576404635,0.23222222222222222,0.0,0.4116666666666667,optimal
2021-02-12 12:30:00,3,6,0.020296057437037086,0.0,0.0,1.5138,optimal
2021-02-12 13:00:00,3,6,1.1409410843207948,0.0,0.0,0.32103333333333334,optimal
2021-02-12 13:30:00,3,6,1.1428571428571428,0.0,0.0,1.7719666666666667,optimal
2021-02-12 14:00:00,3,6,1.1428571428571428,0.0774074074074074,0.0,0.1995,optimal
2021-02-12 14:30:00,3,6,1.1428571428571428,0.387037037037037,0.0,1.7819,optimal
2021-02-12 15:00:00,3,6,1.1428571428571428,0.0,0.0,0.0795,optimal
2021-02-12 15:30:00,3,6,1.1428571428571428,0.0,0.0,1.525,optimal
2021-02-12 16:00:00,3,6,0.0,0.23222222222222222,0.0,0.10553333333333331,optimal
2021-02-12 16:30:00,3,6,0.0,0.6192592592592592,0.0,0.5425333333333333,optimal
2021-02-12 17:00:00,3,6,0.0,0.46444444444444444,0.0,0.28163333333333335,optimal
2021-02-12 17:30:00,3,6,0.0,0.0,0.0,0.0815,optimal
2021-02-12 18:00:00,3,6,0.0,0.0,0.0,0.10790000000000001,optimal
2021-02-12 18:30:00,3,6,0.0,0.0,0.0,0.11466666666666668,optimal
2021-02-12 19:00:00,3,6,0.0,0.387037037037037,0.0,0.23603333333333334,optimal
2021-02-12 19:30:00,3,6,0.0,0.0,0.0,0.3377,optimal
2021-02-12 20:00:00,3,6,0.0,0.3096296296296296,0.0,0.3513,optimal
2021-02-12 20:30:00,3,6,0.0,0.23222222222222222,0.0,0.28933333333333333,optimal
2021-02-12 21:00:00,3,6,0.0,5.186296296296297,0.0,0.3418333333333333,optimal
2021-02-12 21:30:00,3,6,0.0,0.0,0.0,0.25196666666666667,optimal
2021-02-12 22:00:00,3,6,0.0,0.0,0.0,0.2522666666666667,optimal
2021-02-12 22:30:00,3,6,0.0,0.23222222222222222,0.0,0.2298,optimal
2021-02-12 23:00:00,3,6,0.0,0.0774074074074074,0.0,0.3017666666666666,optimal
2021-02-12 23:30:00,3,6,0.0,0.0774074074074074,0.0,0.9140666666666668,optimal
2021-02-13 00:00:00,3,6,0.0,2.4770370370370367,0.0,0.1806333333333333,optimal
2021-02-13 00:30:00,3,6,0.0,0.0,0.0,0.3458333333333333,optimal
2021-02-13 01:00:00,3,6,0.2223696245177949,0.0,0.0,0.10486666666666666,optimal
2021-02-13 01:30:00,3,6,1.1428571428571428,0.0,0.0,0.17993333333333333,optimal
2021-02-13 02:00:00,3,6,1.1428571428571428,0.0,0.0,0.16333333333333333,optimal
2021-02-13 02:30:00,3,6,1.1428571428571428,0.0,0.0,0.06266666666666666,optimal
2021-02-13 03:00:00,3,6,1.1428571428571428,0.0,0.0,0.13256666666666667,optimal
2021-02-13 03:30:00,3,6,1.1428571428571428,0.0,0.0,0.17646666666666666,optimal
2021-02-13 04:00:00,3,6,1.1428571428571428,0.0,0.0,0.09356666666666666,optimal
2021-02-13 04:30:00,3,6,1.1428571428571428,0.0,0.0,0.1697,optimal
2021-02-13 05:00:00,3,6,1.1428571428571428,0.0,0.0,0.18486666666666668,optimal
2021-02-13 05:30:00,3,6,1.1428571428571428,0.0,0.0,0.10516666666666669,optimal
2021-02-13 06:00:00,3,6,1.1428571428571428,0.0,0.0,0.15613333333333332,optimal
2021-02-13 06:30:00,3,6,1.1428571428571428,0.0,1.5966615513689937,0.14113333333333333,optimal
2021-02-13 07:00:00,3,6,1.1428571428571428,0.46444444444444444,5.0,0.22483333333333327,optimal
2021-02-13 07:30:00,3,6,1.1428571428571428,6.811851851851851,0.0,0.07863333333333335,optimal
2021-02-13 08:00:00,3,6,0.7218768989755817,0.1548148148148148,0.0,0.1586,optimal
2021-02-13 08:30:00,3,6,0.660371036362863,0.1548148148148148,0.0,0.24106666666666662,optimal
2021-02-13 09:00:00,3,6,0.6069820854886137,0.46444444444444444,0.0,0.2537,optimal
2021-02-13 09:30:00,3,6,0.6502051533773756,0.0,0.0,0.17133333333333334,optimal
2021-02-13 10:00:00,3,6,0.5332997146336405,0.0,0.0,0.064,optimal
2021-02-13 10:30:00,3,6,0.5270795663066339,0.0,0.0,0.10693333333333334,optimal
2021-02-13 11:00:00,3,6,0.0,0.0,0.0,1.9577666666666669,optimal
2021-02-13 11:30:00,3,6,0.0,0.0,0.0,1.6900333333333333,optimal
2021-02-13 12:00:00,3,6,0.0,0.23222222222222222,0.0,0.9829666666666668,optimal
2021-02-13 12:30:00,3,6,0.16788772439721408,0.46444444444444444,0.0,1.0591,optimal
2021-02-13 13:00:00,3,6,1.0422611085720948,0.1548148148148148,0.0,0.9080333333333331,optimal
2021-02-13 13:30:00,3,6,1.1428571428571428,0.0,0.0,0.2619666666666666,optimal
2021-02-13 14:00:00,3,6,1.1428571428571428,0.0,0.0,0.40523333333333333,optimal
2021-02-13 14:30:00,3,6,1.1428571428571428,0.0,0.0,0.3697,optimal
2021-02-13 15:00:00,3,6,1.1428571428571428,0.0,0.0,0.066,optimal
2021-02-13 15:30:00,3,6,1.1428571428571428,0.0,0.0,0.1646,optimal
2021-02-13 16:00:00,3,6,0.0,0.6966666666666667,0.0,0.25753333333333334,optimal
2021-02-13 16:30:00,3,6,0.0,0.1548148148148148,0.0,0.21066666666666664,optimal
2021-02-13 17:00:00,3,6,0.0,0.6966666666666667,0.0,1.3589666666666667,optimal
2021-02-13 17:30:00,3,6,0.0,0.0,0.0,0.5781000000000001,optimal
2021-02-13 18:00:00,3,6,0.0,6.347407407407409,0.0,0.20126666666666668,optimal
2021-02-13 18:30:00,3,6,0.0,0.23222222222222222,0.0,0.49576666666666663,optimal
2021-02-13 19:00:00,3,6,0.0,0.1548148148148148,0.0,1.2426666666666668,optimal
2021-02-13 19:30:00,3,6,0.0,0.1548148148148148,0.0,0.2432333333333333,optimal
2021-02-13 20:00:00,3,6,0.0,0.0774074074074074,0.0,0.5379666666666667,optimal
2021-02-13 20:30:00,3,6,0.0,0.6966666666666667,0.0,0.17366666666666666,optimal
2021-02-13 21:00:00,3,6,0.0,0.0,0.0,0.23966666666666664,optimal
2021-02-13 21:30:00,3,6,0.0,2.7866666666666666,0.0,0.43789999999999996,optimal
2021-02-13 22:00:00,3,6,0.0,0.23222222222222222,0.0,0.22719999999999999,optimal
2021-02-13 22:30:00,3,6,0.0,6.347407407407407,0.0,0.36206666666666665,optimal
2021-02-13 23:00:00,3,6,0.0,0.46444444444444444,0.0,0.3975,optimal
2021-02-13 23:30:00,3,6,0.0,0.0,0.0,0.15976666666666667,optimal
2021-02-07 00:00:00,4,6,0.0,0.0,0.0,0.06,optimal
2021-02-07 00:30:00,4,6,0.0,0.0,0.0,0.1597333333333333,optimal
2021-02-07 01:00:00,4,6,0.0,0.0,0.0,0.0974,optimal
2021-02-07 01:30:00,4,6,0.0,0.0,0.0,0.06,optimal
2021-02-07 02:00:00,4,6,0.0,0.0,0.0,0.19713333333333333,optimal
2021-02-07 02:30:00,4,6,0.0,0.0,0.0,0.06,optimal
2021-02-07 03:00:00,4,6,0.0,0.0,0.0,0.06,optimal
2021-02-07 03:30:00,4,6,0.0,0.0,0.0,0.17843333333333333,optimal
2021-02-07 04:00:00,4,6,1.1428571428571428,0.0,0.0,0.0787,optimal
2021-02-07 04:30:00,4,6,1.1428571428571428,0.0,0.0,0.07246666666666667,optimal
2021-02-07 05:00:00,4,6,1.1428571428571428,0.0,0.0,0.18466666666666662,optimal
2021-02-07 05:30:00,4,6,1.1428571428571428,0.0,0.0,0.06,optimal
2021-02-07 06:00:00,4,6,1.1428571428571428,0.0,0.0,0.19090000000000001,optimal
2021-02-07 06:30:00,4,6,1.1428571428571428,0.0,0.0,0.06623333333333334,optimal
2021-02-07 07:00:00,4,6,1.1428571428571428,0.0,2.419262565149199,0.08493333333333333,optimal
2021-02-07 07:30:00,4,6,0.0,0.0,0.0,0.17486666666666667,optimal
2021-02-07 08:00:00,4,6,0.5163784608966586,0.0,0.0,0.07,optimal
2021-02-07 08:30:00,4,6,0.708691875523181,0.0,0.0,0.14213333333333333,optimal
2021-02-07 09:00:00,4,6,0.6543729670086931,0.0,0.0,0.12233333333333331,optimal
2021-02-07 09:30:00,4,6,0.6275623424912025,0.0,0.0,0.059333333333333335,optimal
2021-02-07 10:00:00,4,6,0.37731201388845376,0.46444444444444444,0.0,0.21130000000000002,optimal
2021-02-07 10:30:00,4,6,0.40999231054246915,5.573333333333333,0.0,0.23736666666666667,optimal
2021-02-07 11:00:00,4,6,0.11018312965849206,0.0,0.0,2.3779666666666666,optimal
2021-02-07 11:30:00,4,6,0.15265170108706227,0.5418518518518518,0.0,1.9117333333333328,optimal
2021-02-07 12:00:00,4,6,0.11723322677292905,0.0,0.0,1.4192333333333331,optimal
2021-02-07 12:30:00,4,6,0.26104656010625865,0.0,0.0,0.8304666666666667,optimal
2021-02-07 13:00:00,4,6,1.1428571428571428,0.3096296296296296,0.0,0.8771,optimal
2021-02-07 13:30:00,4,6,1.1428571428571428,0.0,0.0,2.936866666666667,optimal
2021-02-07 14:00:00,4,6,1.1428571428571428,0.3096296296296296,0.0,2.4206333333333334,optimal
2021-02-07 14:30:00,4,6,1.1428571428571428,0.0,0.0,0.201,optimal
2021-02-07 15:00:00,4,6,1.1428571428571428,0.0,0.0,0.1884333333333333,optimal
2021-02-07 15:30:00,4,6,1.1428571428571428,0.0,0.0,0.0887,optimal
2021-02-07 16:00:00,4,6,0.0,0.0,0.0,0.07,optimal
2021-02-07 16:30:00,4,6,0.0,0.0,0.0,0.20713333333333334,optimal
2021-02-07 17:00:00,4,6,0.0,0.0774074074074074,0.0,0.187,optimal
2021-02-07 17:30:00,4,6,0.0,0.0774074074074074,0.0,0.2601,optimal
2021-02-07 18:00:00,4,6,0.0,0.0,0.0,0.199,optimal
2021-02-07 18:30:00,4,6,0.0,0.0,0.0,0.2538,optimal
2021-02-07 19:00:00,4,6,0.0,0.387037037037037,0.0,0.45513333333333333,optimal
2021-02-07 19:30:00,4,6,0.0,0.8716074074074074,0.0,0.5430333333333333,optimal
2021-02-07 20:00:00,4,6,0.0959110021305602,0.9861703703703705,0.0,0.3451666666666667,optimal
2021-02-07 20:30:00,4,6,0.0,0.0,0.0,0.2686,optimal
2021-02-07 21:00:00,4,6,0.0,0.0,0.0,0.30860000000000004,optimal
2021-02-07 21:30:00,4,6,0.0,0.0,0.0,0.2009,optimal
2021-02-07 22:00:00,4,6,0.0,0.0,0.0,0.07,optimal
2021-02-07 22:30:00,4,6,0.0,0.0,0.0,0.07,optimal
2021-02-07 23:00:00,4,6,0.0,0.0,0.0,0.19466666666666663,optimal
2021-02-07 23:30:00,4,6,0.0,0.0,0.0,0.08246666666666667,optimal
2021-02-08 00:00:00,4,6,0.0,0.0,0.0,0.064,optimal
2021-02-08 00:30:00,4,6,0.0,0.0,0.0,0.13766666666666666,optimal
2021-02-08 01:00:00,4,6,0.0,0.0,0.0,0.115,optimal
2021-02-08 01:30:00,4,6,0.5756491642161466,0.0,0.0,0.064,optimal
2021-02-08 02:00:00,4,6,1.1428571428571428,0.0,0.0,0.12633333333333333,optimal
2021-02-08 02:30:00,4,6,1.1428571428571428,0.0,0.0,0.12633333333333333,optimal
2021-02-08 03:00:00,4,6,1.1428571428571428,0.0,0.0,0.06966666666666667,optimal
2021-02-08 03:30:00,4,6,1.1428571428571428,0.0,0.0,0.183,optimal
2021-02-08 04:00:00,4,6,1.1428571428571428,0.0,0.0,0.064,optimal
2021-02-08 04:30:00,4,6,1.1428571428571428,0.0,0.0,0.064,optimal
2021-02-08 05:00:00,4,6,1.1428571428571428,0.0,0.0,0.18866666666666662,optimal
2021-02-08 05:30:00,4,6,1.1428571428571428,0.0,3.7356136476746156,0.064,optimal
2021-02-08 06:00:00,4,6,1.1428571428571428,0.0,5.0,0.074,optimal
2021-02-08 06:30:00,4,6,1.1428571428571428,0.6192592592592592,5.0,0.106,optimal
2021-02-08 07:00:00,4,6,1.1428571428571428,1.0837037037037036,5.0,0.16266666666666665,optimal
2021-02-08 07:30:00,4,6,1.1428571428571428,0.3096296296296296,0.0,0.072,optimal
2021-02-08 08:00:00,4,6,0.6199054365363371,0.3096296296296296,0.0,0.2002,optimal
2021-02-08 08:30:00,4,6,0.7474790665236821,0.0774074074074074,0.0,0.11233333333333331,optimal
2021-02-08 09:00:00,4,6,0.7087623590554811,0.0,0.0,0.098,optimal
2021-02-08 09:30:00,4,6,0.6861400093125416,0.0,0.0,0.16466666666666666,optimal
2021-02-08 10:00:00,4,6,0.552646545437456,0.0,0.0,0.074,optimal
2021-02-08 10:30:00,4,6,0.5283165142280003,0.0,0.0,0.18166666666666662,optimal
2021-02-08 11:00:00,4,6,0.380578836303597,0.0,0.0,0.081,optimal
2021-02-08 11:30:00,4,6,0.3617194920305324,0.0,0.0,0.132,optimal
2021-02-08 12:00:00,4,6,0.3045174663189632,0.0,0.0,0.12066666666666669,optimal
2021-02-08 12:30:00,4,6,0.3121321111061743,0.0,0.0,0.064,optimal
2021-02-08 13:00:00,4,6,1.1428571428571428,0.3096296296296296,0.0,0.16966666666666666,optimal
2021-02-08 13:30:00,4,6,1.1428571428571428,0.23222222222222222,0.0,0.088,optimal
2021-02-08 14:00:00,4,6,1.1428571428571428,0.0,0.0,0.074,optimal
2021-02-08 14:30:00,4,6,1.1428571428571428,0.0,0.0,0.091,optimal
2021-02-08 15:00:00,4,6,1.1428571428571428,0.0,0.0,0.18166666666666662,optimal
2021-02-08 15:30:00,4,6,1.1428571428571428,0.0,0.0,0.074,optimal
2021-02-08 16:00:00,4,6,0.0,0.0,0.0,0.19866666666666663,optimal
2021-02-08 16:30:00,4,6,0.0,0.0,0.0,0.08786666666666666,optimal
2021-02-08 17:00:00,4,6,0.0,0.0,0.0,0.12866666666666665,optimal
2021-02-08 17:30:00,4,6,0.0,0.0774074074074074,0.0,0.5493666666666667,optimal
2021-02-08 18:00:00,4,6,0.0,0.1548148148148148,0.0,0.3025333333333334,optimal
2021-02-08 18:30:00,4,6,0.0,0.7167925925925925,0.0,1.4309666666666667,optimal
2021-02-08 19:00:00,4,6,0.0,1.063577777777778,0.0,1.3504333333333334,optimal
2021-02-08 19:30:00,4,6,0.0,0.1548148148148148,0.0,0.32193333333333335,optimal
2021-02-08 20:00:00,4,6,0.23913001577596374,0.5418518518518518,0.0,0.4453333333333333,optimal
2021-02-08 20:30:00,4,6,0.0,0.1548148148148148,0.0,0.4061666666666667,optimal
2021-02-08 21:00:00,4,6,0.0,0.46444444444444444,0.0,0.5675666666666668,optimal
2021-02-08 21:30:00,4,6,0.0,0.3096296296296296,0.0,0.5919,optimal
2021-02-08 22:00:00,4,6,0.0,0.3096296296296296,0.0,0.356,optimal
2021-02-08 22:30:00,4,6,0.0,0.0,0.0,0.11933333333333332,optimal
2021-02-08 23:00:00,4,6,0.0,0.0,0.0,0.074,optimal
2021-02-08 23:30:00,4,6,0.0,0.0,0.0,0.16033333333333336,optimal
2021-02-09 00:00:00,4,6,0.0,0.0,0.0,0.054,optimal
2021-02-09 00:30:00,4,6,0.0,0.0,0.0,0.054,optimal
2021-02-09 01:00:00,4,6,0.0,0.0,0.0,0.1226,optimal
2021-02-09 01:30:00,4,6,0.6001372285695254,0.0,0.0,0.17973333333333333,optimal
2021-02-09 02:00:00,4,6,1.1428571428571428,0.0,0.0,0.1076,optimal
2021-02-09 02:30:00,4,6,1.1428571428571428,0.0,0.0,0.19473333333333329,optimal
2021-02-09 03:00:00,4,6,1.1428571428571428,0.0,0.0,0.054,optimal
2021-02-09 03:30:00,4,6,1.1428571428571428,0.0,0.0,0.17333333333333334,optimal
2021-02-09 04:00:00,4,6,1.1428571428571428,0.0,0.0,0.129,optimal
2021-02-09 04:30:00,4,6,1.1428571428571428,0.0,0.0,0.12993333333333335,optimal
2021-02-09 05:00:00,4,6,1.1428571428571428,0.0,0.0,0.07490000000000001,optimal
2021-02-09 05:30:00,4,6,1.1428571428571428,0.0,3.8634812251905113,0.1515,optimal
2021-02-09 06:00:00,4,6,1.1428571428571428,0.6192592592592592,5.0,0.14266666666666666,optimal
2021-02-09 06:30:00,4,6,1.1428571428571428,2.537414814814815,5.0,0.2362,optimal
2021-02-09 07:00:00,4,6,1.1428571428571428,5.899992592592592,5.0,0.13753333333333334,optimal
2021-02-09 07:30:00,4,6,1.1428571428571428,0.23222222222222222,0.0,0.14286666666666667,optimal
2021-02-09 08:00:00,4,6,0.5474204873748648,1.0837037037037036,0.0,0.18586666666666668,optimal
2021-02-09 08:30:00,4,6,0.6407314709652644,0.0,0.0,0.30676666666666663,optimal
2021-02-09 09:00:00,4,6,0.5492128845542703,2.2448148148148146,0.0,0.1605,optimal
2021-02-09 09:30:00,4,6,0.6149967564969874,0.0,0.0,0.15123333333333333,optimal
2021-02-09 10:00:00,4,6,0.533889542054519,0.0,0.0,0.07293333333333334,optimal
2021-02-09 10:30:00,4,6,0.47275070518138035,0.0,0.0,0.2494,optimal
2021-02-09 11:00:00,4,6,0.3517384795605954,0.0,0.0,0.07293333333333334,optimal
2021-02-09 11:30:00,4,6,0.3137183312335888,0.0,0.0,0.1985,optimal
2021-02-09 12:00:00,4,6,0.22060329622003694,0.0,0.0,0.12383333333333331,optimal
2021-02-09 12:30:00,4,6,0.13378534930894884,0.0,0.0,0.29453333333333337,optimal
2021-02-09 13:00:00,4,6,0.6351306512081047,0.387037037037037,0.0,1.2751333333333335,optimal
2021-02-09 13:30:00,4,6,1.1428571428571428,0.23222222222222222,0.0,0.2419,optimal
2021-02-09 14:00:00,4,6,1.1428571428571428,0.0,0.0,0.14473333333333332,optimal
2021-02-09 14:30:00,4,6,1.1428571428571428,0.0,0.0,0.07740000000000001,optimal
2021-02-09 15:00:00,4,6,1.1428571428571428,0.0,0.0,0.2449333333333333,optimal
2021-02-09 15:30:00,4,6,1.1428571428571428,0.0,0.0,0.064,optimal
2021-02-09 16:00:00,4,6,0.0,0.0,0.0,0.064,optimal
2021-02-09 16:30:00,4,6,0.0,0.0,0.0,0.3087,optimal
2021-02-09 17:00:00,4,6,0.0,0.0774074074074074,0.0,0.2155,optimal
2021-02-09 17:30:00,4,6,0.0,0.1548148148148148,0.0,1.0111333333333332,optimal
2021-02-09 18:00:00,4,6,0.0,0.0,0.0,1.0677333333333332,optimal
2021-02-09 18:30:00,4,6,0.0,0.0,0.0,0.1844,optimal
2021-02-09 19:00:00,4,6,0.0,0.0,0.0,1.2670666666666666,optimal
2021-02-09 19:30:00,4,6,0.0,0.0,0.0,1.2613666666666665,optimal
2021-02-09 20:00:00,4,6,0.0,0.387037037037037,0.0,0.5288666666666667,optimal
2021-02-09 20:30:00,4,6,0.0,0.0,0.0,0.5070666666666667,optimal
2021-02-09 21:00:00,4,6,0.0,0.23222222222222222,0.0,0.5081333333333333,optimal
2021-02-09 21:30:00,4,6,0.0,0.387037037037037,0.0,0.35176666666666667,optimal
2021-02-09 22:00:00,4,6,0.0,0.3096296296296296,0.0,0.0726,optimal
2021-02-09 22:30:00,4,6,0.0,0.0,0.0,0.34776666666666667,optimal
2021-02-09 23:00:00,4,6,0.0,0.0,0.0,0.3158666666666667,optimal
2021-02-09 23:30:00,4,6,0.0,0.0,0.0,1.8207333333333329,optimal
2021-02-10 00:00:00,4,6,0.0,0.0,0.0,0.078,optimal
2021-02-10 00:30:00,4,6,0.0,0.0,0.0,0.07233333333333333,optimal
2021-02-10 01:00:00,4,6,0.0,0.0,0.0,0.14593333333333333,optimal
2021-02-10 01:30:00,4,6,0.0042670103812484,0.0,0.0,0.2358,optimal
2021-02-10 02:00:00,4,6,1.1428571428571428,0.0,0.0,0.12409999999999999,optimal
2021-02-10 02:30:00,4,6,1.1428571428571428,0.0,0.0,0.1139,optimal
2021-02-10 03:00:00,4,6,1.1428571428571428,0.0,0.0,0.17253333333333334,optimal
2021-02-10 03:30:00,4,6,1.1428571428571428,0.0,0.0,0.1429,optimal
2021-02-10 04:00:00,4,6,1.1428571428571428,0.0,0.0,0.1343,optimal
2021-02-10 04:30:00,4,6,1.1428571428571428,0.0,0.04612906031430959,0.21506666666666663,optimal
2021-02-10 05:00:00,4,6,1.1428571428571428,0.387037037037037,5.0,0.07733333333333332,optimal
2021-02-10 05:30:00,4,6,1.1428571428571428,0.23222222222222222,5.0,0.5005,optimal
2021-02-10 06:00:00,4,6,1.1428571428571428,0.1548148148148148,5.0,2.0180333333333333,optimal
2021-02-10 06:30:00,4,6,1.1428571428571428,0.387037037037037,5.0,0.2811666666666667,optimal
2021-02-10 07:00:00,4,6,1.1428571428571428,0.1548148148148148,5.0,0.11653333333333332,optimal
2021-02-10 07:30:00,4,6,1.1428571428571428,0.0774074074074074,0.0,0.5611666666666666,optimal
2021-02-10 08:00:00,4,6,0.7062358672418108,1.8577777777777778,0.0,0.2007,optimal
2021-02-10 08:30:00,4,6,0.748983845362358,0.0774074074074074,0.0,0.24873333333333328,optimal
2021-02-10 09:00:00,4,6,0.17263693679635328,0.0,0.0,1.9710333333333332,optimal
2021-02-10 09:30:00,4,6,0.7215468196787906,0.0,0.0,0.068,optimal
2021-02-10 10:00:00,4,6,0.5104270586209821,0.0,0.0,0.13986666666666667,optimal
2021-02-10 10:30:00,4,6,0.4894237564970975,0.0,0.0,0.19419999999999998,optimal
2021-02-10 11:00:00,4,6,0.3776668252048029,0.0,0.0,0.129,optimal
2021-02-10 11:30:00,4,6,0.37488367140793927,0.0,0.0,0.1154,optimal
2021-02-10 12:00:00,4,6,0.13618608401906063,0.0,0.0,0.31589999999999996,optimal
2021-02-10 12:30:00,4,6,0.12494798878096047,0.0774074074074074,0.0,0.2277333333333333,optimal
2021-02-10 13:00:00,4,6,0.0,0.387037037037037,0.0,1.6778,optimal
2021-02-10 13:30:00,4,6,0.0,6.037777777777777,0.0,1.0691666666666668,optimal
2021-02-10 14:00:00,4,6,0.0,0.3096296296296296,0.0,1.3632,optimal
2021-02-10 14:30:00,4,6,1.0785552028168928,0.0,0.0,0.6777000000000001,optimal
2021-02-10 15:00:00,4,6,1.1428571428571428,0.0,0.0,0.7062666666666666,optimal
2021-02-10 15:30:00,4,6,1.1428571428571428,0.387037037037037,0.0,1.5141,optimal
2021-02-10 16:00:00,4,6,0.0,0.0,0.0,1.7179,optimal
2021-02-10 16:30:00,4,6,0.0,0.23222222222222222,0.0,0.4507,optimal
2021-02-10 17:00:00,4,6,0.0,0.23222222222222222,0.0,1.6178666666666666,optimal
2021-02-10 17:30:00,4,6,0.0,2.2448148148148146,0.0,0.42269999999999996,optimal
2021-02-10 18:00:00,4,6,0.0,1.8206222222222221,0.0,1.755266666666667,optimal
2021-02-10 18:30:00,4,6,0.0,4.526785185185185,0.0,0.9369333333333332,optimal
2021-02-10 19:00:00,4,6,0.0,0.3096296296296296,0.0,0.49973333333333336,optimal
2021-02-10 19:30:00,4,6,0.0,0.9288888888888889,0.0,0.7220666666666667,optimal
2021-02-10 20:00:00,4,6,0.0,0.0,0.0,0.43846666666666656,optimal
2021-02-10 20:30:00,4,6,0.0,0.0,0.0,0.5083,optimal
2021-02-10 21:00:00,4,6,0.0,0.0,0.0,0.4388,optimal
2021-02-10 21:30:00,4,6,0.0,0.0,0.0,0.3167333333333333,optimal
2021-02-10 22:00:00,4,6,0.0,0.1548148148148148,0.0,0.7372000000000001,optimal
2021-02-10 22:30:00,4,6,0.0,0.0,0.0,0.43506666666666666,optimal
2021-02-10 23:00:00,4,6,0.0,0.0,0.0,0.078,optimal
2021-02-10 23:30:00,4,6,0.0,0.0,0.0,0.2866,optimal
2021-02-11 00:00:00,4,6,0.035488444430668016,0.0,0.0,0.06266666666666666,optimal
2021-02-11 00:30:00,4,6,1.1428571428571428,0.0,0.0,0.0927,optimal
2021-02-11 01:00:00,4,6,1.1428571428571428,0.0,0.0,0.1726,optimal
2021-02-11 01:30:00,4,6,1.1428571428571428,0.0,0.0,0.0741,optimal
2021-02-11 02:00:00,4,6,1.1428571428571428,0.0,0.0,0.1254,optimal
2021-02-11 02:30:00,4,6,1.1428571428571428,0.0,0.0,0.06,optimal
2021-02-11 03:00:00,4,6,1.1428571428571428,0.0,0.0,0.2194,optimal
2021-02-11 03:30:00,4,6,1.1428571428571428,0.0,0.0,0.06,optimal
2021-02-11 04:00:00,4,6,1.1428571428571428,0.0,0.0,0.1254,optimal
2021-02-11 04:30:00,4,6,1.1428571428571428,0.0,0.0,0.09759999999999999,optimal
2021-02-11 05:00:00,4,6,1.1428571428571428,0.0,0.0,0.12373333333333332,optimal
2021-02-11 05:30:00,4,6,1.1428571428571428,0.0,0.0,0.1495,optimal
2021-02-11 06:00:00,4,6,1.1428571428571428,0.0,0.0,0.14156666666666667,optimal
2021-02-11 06:30:00,4,6,1.1428571428571428,0.0,3.7105078091541315,0.10590000000000001,optimal
2021-02-11 07:00:00,4,6,1.1428571428571428,0.46444444444444444,5.0,0.32863333333333333,optimal
2021-02-11 07:30:00,4,6,1.1428571428571428,0.8514814814814814,0.0,1.4335,optimal
2021-02-11 08:00:00,4,6,0.4648769459539888,0.387037037037037,0.0,0.6641333333333334,optimal
2021-02-11 08:30:00,4,6,0.5670231052207233,2.8640740740740736,0.0,0.4698,optimal
2021-02-11 09:00:00,4,6,0.48140021229702146,0.774074074074074,0.0,0.44360000000000005,optimal
2021-02-11 09:30:00,4,6,0.4261353175057526,6.192592592592592,0.0,0.4864,optimal
2021-02-11 10:00:00,4,6,0.20036501364558515,0.0,0.0,0.5448333333333334,optimal
2021-02-11 10:30:00,4,6,0.498511555474453,0.0,0.0,0.0747,optimal
2021-02-11 11:00:00,4,6,0.23140148155920678,0.0,0.0,0.41203333333333336,optimal
2021-02-11 11:30:00,4,6,0.2389849709397984,0.0774074074074074,0.0,0.27293333333333336,optimal
2021-02-11 12:00:00,4,6,0.14213274146328553,0.0,0.0,0.1433,optimal
2021-02-11 12:30:00,4,6,0.1106041465455062,0.0,0.0,0.1561,optimal
2021-02-11 13:00:00,4,6,1.1428571428571428,0.0,0.0,0.1245,optimal
2021-02-11 13:30:00,4,6,1.1428571428571428,0.0,0.0,0.164,optimal
2021-02-11 14:00:00,4,6,1.1428571428571428,0.0,0.0,0.1354,optimal
2021-02-11 14:30:00,4,6,1.1428571428571428,0.0,0.0,0.1405,optimal
2021-02-11 15:00:00,4,6,1.1428571428571428,0.0,0.0,0.1589,optimal
2021-02-11 15:30:00,4,6,1.1428571428571428,0.0,0.0,0.0888,optimal
2021-02-11 16:00:00,4,6,0.0,0.774074074074074,0.0,0.5945666666666667,optimal
2021-02-11 16:30:00,4,6,0.0,0.1548148148148148,0.0,2.6917,optimal
2021-02-11 17:00:00,4,6,0.0,0.3096296296296296,0.0,0.5962000000000001,optimal
2021-02-11 17:30:00,4,6,0.0,0.0,0.0,0.5369333333333333,optimal
2021-02-11 18:00:00,4,6,0.0,0.5418518518518518,0.0,0.3179666666666666,optimal
2021-02-11 18:30:00,4,6,0.0,0.0,0.0,0.30526666666666663,optimal
2021-02-11 19:00:00,4,6,0.0,0.0,0.0,0.1618666666666667,optimal
2021-02-11 19:30:00,4,6,0.0,0.0,0.0,0.07,optimal
2021-02-11 20:00:00,4,6,0.7130641643530601,0.0,0.0,0.15419999999999998,optimal
2021-02-11 20:30:00,4,6,0.0,0.0,0.0,0.1452,optimal
2021-02-11 21:00:00,4,6,0.0,0.0,0.0,0.10996666666666668,optimal
2021-02-11 21:30:00,4,6,0.0,0.0,0.0,0.3844333333333333,optimal
2021-02-11 22:00:00,4,6,0.0,0.0774074074074074,0.0,0.4921666666666667,optimal
2021-02-11 22:30:00,4,6,0.0,0.0,0.0,0.5650333333333333,optimal
2021-02-11 23:00:00,4,6,0.0,0.0,0.0,0.3092333333333333,optimal
2021-02-11 23:30:00,4,6,0.0,0.0774074074074074,0.0,0.4631,optimal
2021-02-12 00:00:00,4,6,1.1428571428571428,0.0,0.0,0.053666666666666654,optimal
2021-02-12 00:30:00,4,6,1.1428571428571428,0.0,0.0,0.055,optimal
2021-02-12 01:00:00,4,6,1.1428571428571428,0.0,0.0,0.129,optimal
2021-02-12 01:30:00,4,6,1.1428571428571428,0.0,0.0,0.14013333333333333,optimal
2021-02-12 02:00:00,4,6,1.1428571428571428,0.0,0.0,0.055,optimal
2021-02-12 02:30:00,4,6,1.1428571428571428,0.0,0.0,0.1585,optimal
2021-02-12 03:00:00,4,6,1.1428571428571428,0.0,0.0,0.1033,optimal
2021-02-12 03:30:00,4,6,1.1428571428571428,0.0,0.0,0.055,optimal
2021-02-12 04:00:00,4,6,1.1428571428571428,0.0,0.0,0.2068,optimal
2021-02-12 04:30:00,4,6,1.1428571428571428,0.0,0.0,0.055,optimal
2021-02-12 05:00:00,4,6,1.1428571428571428,0.0,0.0,0.2068,optimal
2021-02-12 05:30:00,4,6,1.1428571428571428,0.0,0.0,0.055,optimal
2021-02-12 06:00:00,4,6,1.1428571428571428,0.0,0.3832877276597539,0.055,optimal
2021-02-12 06:30:00,4,6,1.1428571428571428,0.0,5.0,0.055,optimal
2021-02-12 07:00:00,4,6,1.1428571428571428,1.548148148148148,5.0,0.20546666666666666,optimal
2021-02-12 07:30:00,4,6,1.1428571428571428,10.493948559701728,0.0,0.07626666666666666,optimal
2021-02-12 08:00:00,4,6,0.774617648659322,1.0837037037037036,0.0,0.201,optimal
2021-02-12 08:30:00,4,6,0.7684410991102105,0.0774074074074074,0.0,0.36083333333333334,optimal
2021-02-12 09:00:00,4,6,0.7343408418027854,0.387037037037037,0.0,0.06776666666666667,optimal
2021-02-12 09:30:00,4,6,0.6903209820810899,0.0,0.0,0.22046666666666667,optimal
2021-02-12 10:00:00,4,6,0.4917621672834024,0.0,0.0,0.065,optimal
2021-02-12 10:30:00,4,6,0.47461050447685393,0.0,0.0,0.065,optimal
2021-02-12 11:00:00,4,6,0.26728136600866287,0.0,0.0,0.14780000000000001,optimal
2021-02-12 11:30:00,4,6,0.2690802653006988,0.0,0.0,0.134,optimal
2021-02-12 12:00:00,4,6,0.22468953909737072,0.0,0.0,0.065,optimal
2021-02-12 12:30:00,4,6,0.16146939077037092,0.0,0.0,0.22976666666666667,optimal
2021-02-12 13:00:00,4,6,1.1428571428571428,0.387037037037037,0.0,0.3108,optimal
2021-02-12 13:30:00,4,6,1.1428571428571428,0.0,0.0,0.3139666666666666,optimal
2021-02-12 14:00:00,4,6,1.1428571428571428,0.0,0.0,0.1906,optimal
2021-02-12 14:30:00,4,6,1.1428571428571428,0.23222222222222222,0.0,0.33576666666666666,optimal
2021-02-12 15:00:00,4,6,1.1428571428571428,0.0774074074074074,0.0,0.3526666666666667,optimal
2021-02-12 15:30:00,4,6,1.1428571428571428,0.0774074074074074,0.0,1.1313,optimal
2021-02-12 16:00:00,4,6,0.0,0.23222222222222222,0.0,0.19543333333333332,optimal
2021-02-12 16:30:00,4,6,0.0,0.0,0.0,0.0857,optimal
2021-02-12 17:00:00,4,6,0.0,0.0,0.0,0.065,optimal
2021-02-12 17:30:00,4,6,0.0,0.0,0.0,0.14646666666666666,optimal
2021-02-12 18:00:00,4,6,0.0,0.0,0.0,0.134,optimal
2021-02-12 18:30:00,4,6,0.0,0.0,0.0,0.065,optimal
2021-02-12 19:00:00,4,6,0.0,0.0,0.0,0.15469999999999998,optimal
2021-02-12 19:30:00,4,6,0.3099658627614685,0.0,0.0,0.1739,optimal
2021-02-12 20:00:00,4,6,0.63954652835909,0.0,0.0,0.18669999999999998,optimal
2021-02-12 20:30:00,4,6,0.0,0.1548148148148148,0.0,0.45430000000000004,optimal
2021-02-12 21:00:00,4,6,0.0,2.86717037037037,0.0,0.2392,optimal
2021-02-12 21:30:00,4,6,0.0,3.2480148148148156,0.0,0.4158,optimal
2021-02-12 22:00:00,4,6,0.0,0.0,0.0,0.29933333333333334,optimal
2021-02-12 22:30:00,4,6,0.0,0.387037037037037,0.0,0.32239999999999996,optimal
2021-02-12 23:00:00,4,6,0.0,0.0,0.0,0.3383333333333333,optimal
2021-02-12 23:30:00,4,6,0.0,0.0,0.0,0.065,optimal
2021-02-13 00:00:00,4,6,0.0,0.6966666666666667,0.0,0.065,optimal
2021-02-13 00:30:00,4,6,0.0,0.0,0.0,0.202,optimal
2021-02-13 01:00:00,4,6,0.2966457402195909,0.0774074074074074,0.0,0.15653333333333333,optimal
2021-02-13 01:30:00,4,6,1.1428571428571428,0.0,0.0,0.0736,optimal
2021-02-13 02:00:00,4,6,1.1428571428571428,0.0,0.0,0.178,optimal
2021-02-13 02:30:00,4,6,1.1428571428571428,0.0,0.0,0.062,optimal
2021-02-13 03:00:00,4,6,1.1428571428571428,0.0,0.0,0.1896,optimal
2021-02-13 03:30:00,4,6,1.1428571428571428,0.0,0.0,0.062,optimal
2021-02-13 04:00:00,4,6,1.1428571428571428,0.0,0.0,0.12,optimal
2021-02-13 04:30:00,4,6,1.1428571428571428,0.0,0.0,0.1316,optimal
2021-02-13 05:00:00,4,6,1.1428571428571428,0.0,0.0,0.062,optimal
2021-02-13 05:30:00,4,6,1.1428571428571428,0.0,0.0,0.178,optimal
2021-02-13 06:00:00,4,6,1.1428571428571428,0.0,0.0,0.07759999999999999,optimal
2021-02-13 06:30:00,4,6,1.1428571428571428,0.0,4.163268979715126,0.1416,optimal
2021-02-13 07:00:00,4,6,1.1428571428571428,0.0,5.0,0.12266666666666669,optimal
2021-02-13 07:30:00,4,6,1.1428571428571428,0.0,0.0,0.07533333333333334,optimal
2021-02-13 08:00:00,4,6,0.734457851356532,0.46444444444444444,0.0,0.07759999999999999,optimal
2021-02-13 08:30:00,4,6,0.7170186554104775,0.23222222222222222,0.0,0.19453333333333334,optimal
2021-02-13 09:00:00,4,6,0.6883535140600436,0.0,0.0,0.07946666666666667,optimal
2021-02-13 09:30:00,4,6,0.6674622962345236,0.23222222222222222,0.0,0.1,optimal
2021-02-13 10:00:00,4,6,0.4740330479669796,0.0,0.0,0.172,optimal
2021-02-13 10:30:00,4,6,0.5018128996399637,0.0774074074074074,0.0,0.07859999999999999,optimal
2021-02-13 11:00:00,4,6,0.2456551462184842,0.0,0.0,0.2084,optimal
2021-02-13 11:30:00,4,6,0.291408331224803,0.1548148148148148,0.0,0.08026666666666667,optimal
2021-02-13 12:00:00,4,6,0.09605078117500832,0.0774074074074074,0.0,1.6309,optimal
2021-02-13 12:30:00,4,6,0.9448666912782965,1.470740740740741,0.0,0.17206666666666667,optimal
2021-02-13 13:00:00,4,6,1.1428571428571428,0.0,0.0,0.1714,optimal
2021-02-13 13:30:00,4,6,1.1428571428571428,0.0,0.0,0.29960000000000003,optimal
2021-02-13 14:00:00,4,6,1.1428571428571428,0.0,0.0,0.2152,optimal
2021-02-13 14:30:00,4,6,1.1428571428571428,0.1548148148148148,0.0,0.09259999999999999,optimal
2021-02-13 15:00:00,4,6,1.1428571428571428,0.23222222222222222,0.0,0.18930000000000002,optimal
2021-02-13 15:30:00,4,6,1.1428571428571428,0.0,0.0,0.07396666666666667,optimal
2021-02-13 16:00:00,4,6,0.0,0.0,0.0,0.1822,optimal
2021-02-13 16:30:00,4,6,0.0,0.0,0.0,0.08940000000000001,optimal
2021-02-13 17:00:00,4,6,0.0,0.0,0.0,0.072,optimal
2021-02-13 17:30:00,4,6,0.0,0.0,0.0,0.4360333333333334,optimal
2021-02-13 18:00:00,4,6,0.0,0.0,0.0,0.1184,optimal
2021-02-13 18:30:00,4,6,0.0,0.0,0.0,0.072,optimal
2021-02-13 19:00:00,4,6,0.0,0.0,0.0,0.1996,optimal
2021-02-13 19:30:00,4,6,0.7118681364669763,0.1548148148148148,0.0,0.5413333333333333,optimal
2021-02-13 20:00:00,4,6,0.5213465283590832,0.1548148148148148,0.0,0.9085,optimal
2021-02-13 20:30:00,4,6,0.0,0.0,0.0,0.1257666666666667,optimal
2021-02-13 21:00:00,4,6,0.0,0.0,0.0,0.13419999999999999,optimal
2021-02-13 21:30:00,4,6,0.0,0.0,0.0,0.1574,optimal
2021-02-13 22:00:00,4,6,0.0,0.0774074074074074,0.0,0.082,optimal
2021-02-13 22:30:00,4,6,0.0,0.0,0.0,0.45213333333333333,optimal
2021-02-13 23:00:00,4,6,0.0,0.0,0.0,0.072,optimal
2021-02-13 23:30:00,4,6,0.0,0.0,0.0,0.15319999999999998,optimal
2021-02-07 00:00:00,5,6,0.0,0.0,0.0,0.064,optimal
2021-02-07 00:30:00,5,6,0.0,0.0,0.0,0.1354,optimal
2021-02-07 01:00:00,5,6,0.0,0.0,0.0,0.064,optimal
2021-02-07 01:30:00,5,6,0.0,0.0,0.0,0.064,optimal
2021-02-07 02:00:00,5,6,0.0,0.0,0.0,0.1354,optimal
2021-02-07 02:30:00,5,6,0.0,0.0,0.0,0.064,optimal
2021-02-07 03:00:00,5,6,0.0,0.0,0.0,0.064,optimal
2021-02-07 03:30:00,5,6,0.0,0.0,0.0,0.064,optimal
2021-02-07 04:00:00,5,6,1.1428571428571428,0.0,0.0,0.064,optimal
2021-02-07 04:30:00,5,6,1.1428571428571428,0.0,0.0,0.1354,optimal
2021-02-07 05:00:00,5,6,1.1428571428571428,0.0,0.0,0.064,optimal
2021-02-07 05:30:00,5,6,1.1428571428571428,0.0,1.205984286901014,0.1643,optimal
2021-02-07 06:00:00,5,6,1.1428571428571428,0.0,0.0,0.2869,optimal
2021-02-07 06:30:00,5,6,1.1428571428571428,0.6192592592592592,0.0,0.22366666666666662,optimal
2021-02-07 07:00:00,5,6,1.1428571428571428,8.205185185185186,0.0,0.3517,optimal
2021-02-07 07:30:00,5,6,0.0,2.1674074074074077,0.0,0.9452333333333333,optimal
2021-02-07 08:00:00,5,6,0.0,0.1548148148148148,0.0,0.8850333333333333,optimal
2021-02-07 08:30:00,5,6,0.0,0.6966666666666667,0.0,0.4667,optimal
2021-02-07 09:00:00,5,6,0.20759330843982382,0.6192592592592592,0.0,0.2901,optimal
2021-02-07 09:30:00,5,6,0.5400766282054984,0.0,0.0,0.2775,optimal
2021-02-07 10:00:00,5,6,0.5198872519836913,0.0774074074074074,0.0,0.2365,optimal
2021-02-07 10:30:00,5,6,0.5033465962567586,0.5418518518518518,0.0,0.3444,optimal
2021-02-07 11:00:00,5,6,0.45594122489658123,0.0,0.0,0.1797,optimal
2021-02-07 11:30:00,5,6,0.4484269391823004,0.0,0.0,0.162,optimal
2021-02-07 12:00:00,5,6,0.39327608391578395,0.0,0.0,0.167,optimal
2021-02-07 12:30:00,5,6,0.4832284648681631,0.0,0.0,0.074,optimal
2021-02-07 13:00:00,5,6,1.1428571428571428,0.0,0.0,0.074,optimal
2021-02-07 13:30:00,5,6,1.1428571428571428,0.0,0.0,0.08986666666666666,optimal
2021-02-07 14:00:00,5,6,1.1428571428571428,0.0,0.0,0.12953333333333333,optimal
2021-02-07 14:30:00,5,6,1.1428571428571428,0.0,0.0,0.074,optimal
2021-02-07 15:00:00,5,6,1.1428571428571428,0.0,0.0,0.2074,optimal
2021-02-07 15:30:00,5,6,1.1428571428571428,0.0,0.0,1.1510333333333334,optimal
2021-02-07 16:00:00,5,6,0.0,0.0,0.0,0.1454,optimal
2021-02-07 16:30:00,5,6,0.0,0.0,0.0,0.074,optimal
2021-02-07 17:00:00,5,6,0.0,0.0,0.0,0.074,optimal
2021-02-07 17:30:00,5,6,0.0,0.6966666666666667,0.0,0.5491333333333334,optimal
2021-02-07 18:00:00,5,6,0.0,0.3096296296296296,0.0,0.2921666666666667,optimal
2021-02-07 18:30:00,5,6,0.0,0.46444444444444444,0.0,2.3735333333333335,optimal
2021-02-07 19:00:00,5,6,0.0,0.3096296296296296,0.0,1.0151666666666666,optimal
2021-02-07 19:30:00,5,6,0.49413195886166905,0.0,0.0,0.17743333333333333,optimal
2021-02-07 20:00:00,5,6,0.5132219067326266,0.0,0.0,0.3145333333333334,optimal
2021-02-07 20:30:00,5,6,0.0,0.0,0.0,0.6745666666666668,optimal
2021-02-07 21:00:00,5,6,0.0,0.23222222222222222,0.0,0.4368666666666667,optimal
2021-02-07 21:30:00,5,6,0.0,0.1548148148148148,0.0,0.33616666666666667,optimal
2021-02-07 22:00:00,5,6,0.0,0.0774074074074074,0.0,0.3484,optimal
2021-02-07 22:30:00,5,6,0.0,0.0774074074074074,0.0,0.2826,optimal
2021-02-07 23:00:00,5,6,0.0,0.0,0.0,0.38056666666666666,optimal
2021-02-07 23:30:00,5,6,0.0,0.0,0.0,0.5792,optimal
2021-02-08 00:00:00,5,6,0.0,0.23222222222222222,0.0,0.27853333333333335,optimal
2021-02-08 00:30:00,5,6,0.0,0.23222222222222222,0.0,0.1582333333333333,optimal
2021-02-08 01:00:00,5,6,0.0,0.0,0.0,0.38026666666666664,optimal
2021-02-08 01:30:00,5,6,0.0,0.0,0.0,0.19013333333333332,optimal
2021-02-08 02:00:00,5,6,0.0,0.23222222222222222,0.0,0.34013333333333334,optimal
2021-02-08 02:30:00,5,6,0.6673247506525406,0.0,0.0,0.32153333333333334,optimal
2021-02-08 03:00:00,5,6,1.1428571428571428,1.433585185185185,0.0,0.2103333333333333,optimal
2021-02-08 03:30:00,5,6,1.1428571428571428,0.8886370370370371,0.0,0.1784,optimal
2021-02-08 04:00:00,5,6,1.1428571428571428,0.0,0.0,0.14793333333333333,optimal
2021-02-08 04:30:00,5,6,1.1428571428571428,0.0,0.0,0.31406666666666666,optimal
2021-02-08 05:00:00,5,6,1.1428571428571428,0.0,2.301428008973687,0.12366666666666669,optimal
2021-02-08 05:30:00,5,6,1.1428571428571428,0.0,5.0,0.2783,optimal
2021-02-08 06:00:00,5,6,1.1428571428571428,0.1548148148148148,0.0,0.1462,optimal
2021-02-08 06:30:00,5,6,1.1428571428571428,2.4770370370370367,0.0,0.2777,optimal
2021-02-08 07:00:00,5,6,1.1428571428571428,3.7155555555555555,0.0,0.3831333333333333,optimal
2021-02-08 07:30:00,5,6,1.1428571428571428,0.9288888888888889,0.0,0.2762333333333333,optimal
2021-02-08 08:00:00,5,6,0.6452768651077653,0.23222222222222222,0.0,0.22,optimal
2021-02-08 08:30:00,5,6,0.7418981141427307,0.0,0.0,0.3161666666666667,optimal
2021-02-08 09:00:00,5,6,0.7180956923888129,0.0,0.0,0.07563333333333334,optimal
2021-02-08 09:30:00,5,6,0.683511437883975,0.0,0.0,0.17416666666666666,optimal
2021-02-08 10:00:00,5,6,0.4916370216279298,0.0,0.0,0.28783333333333333,optimal
2021-02-08 10:30:00,5,6,0.24183079994228654,0.1548148148148148,0.0,1.3524666666666667,optimal
2021-02-08 11:00:00,5,6,0.2787978839226499,0.0,0.0,0.3005333333333334,optimal
2021-02-08 11:30:00,5,6,0.32003377774482583,0.0,0.0,0.13119999999999998,optimal
2021-02-08 12:00:00,5,6,0.19936508536658726,0.0,0.0,0.3166666666666667,optimal
2021-02-08 12:30:00,5,6,0.24695115872522375,0.0,0.0,0.15543333333333334,optimal
2021-02-08 13:00:00,5,6,0.18295529957495893,0.0,0.0,0.3161333333333333,optimal
2021-02-08 13:30:00,5,6,0.45092199145098905,0.1548148148148148,0.0,0.2809333333333333,optimal
2021-02-08 14:00:00,5,6,1.1428571428571428,0.0774074074074074,0.0,0.5656,optimal
2021-02-08 14:30:00,5,6,1.1428571428571428,0.0,0.0,0.3711333333333333,optimal
2021-02-08 15:00:00,5,6,1.1428571428571428,0.1548148148148148,0.0,0.46873333333333334,optimal
2021-02-08 15:30:00,5,6,1.1428571428571428,0.5418518518518518,0.0,0.0994,optimal
2021-02-08 16:00:00,5,6,0.0,0.0,0.0,0.2548666666666667,optimal
2021-02-08 16:30:00,5,6,0.0,0.6192592592592592,0.0,0.33063333333333333,optimal
2021-02-08 17:00:00,5,6,0.0,0.1548148148148148,0.0,1.5751,optimal
2021-02-08 17:30:00,5,6,0.0,0.3096296296296296,0.0,0.42460000000000003,optimal
2021-02-08 18:00:00,5,6,0.0,0.46444444444444444,0.0,0.26573333333333327,optimal
2021-02-08 18:30:00,5,6,0.0,0.0,0.0,1.0355999999999999,optimal
2021-02-08 19:00:00,5,6,0.0,0.1548148148148148,0.0,1.1164,optimal
2021-02-08 19:30:00,5,6,0.0,0.46444444444444444,0.0,0.19333333333333327,optimal
2021-02-08 20:00:00,5,6,0.0,0.23222222222222222,0.0,0.3663666666666667,optimal
2021-02-08 20:30:00,5,6,0.0,0.0,0.0,0.34436666666666665,optimal
2021-02-08 21:00:00,5,6,0.0,0.23222222222222222,0.0,0.216,optimal
2021-02-08 21:30:00,5,6,0.0,0.0774074074074074,0.0,0.3355,optimal
2021-02-08 22:00:00,5,6,0.0,0.3096296296296296,0.0,0.4203,optimal
2021-02-08 22:30:00,5,6,0.0,0.0,0.0,0.34746666666666665,optimal
2021-02-08 23:00:00,5,6,0.0,0.0774074074074074,0.0,1.3911333333333333,optimal
2021-02-08 23:30:00,5,6,0.0,0.0,0.0,0.2964,optimal
2021-02-09 00:00:00,5,6,0.0,0.0,0.0,0.049,optimal
2021-02-09 00:30:00,5,6,0.0,0.0,0.0,0.049,optimal
2021-02-09 01:00:00,5,6,0.0,0.0,0.0,0.20376666666666668,optimal
2021-02-09 01:30:00,5,6,0.36615230521562264,0.0,0.0,0.14709999999999998,optimal
2021-02-09 02:00:00,5,6,1.1428571428571428,0.0,0.0,0.049,optimal
2021-02-09 02:30:00,5,6,1.1428571428571428,0.0,0.0,0.19053333333333333,optimal
2021-02-09 03:00:00,5,6,1.1428571428571428,0.0,0.0,0.16033333333333336,optimal
2021-02-09 03:30:00,5,6,1.1428571428571428,0.0,0.0,0.049,optimal
2021-02-09 04:00:00,5,6,1.1428571428571428,0.0,0.0,0.14623333333333333,optimal
2021-02-09 04:30:00,5,6,1.1428571428571428,0.0,0.0,0.20463333333333333,optimal
2021-02-09 05:00:00,5,6,1.1428571428571428,0.0,2.6802374041119195,0.12869999999999998,optimal
2021-02-09 05:30:00,5,6,1.1428571428571428,0.0,5.0,0.23216666666666663,optimal
2021-02-09 06:00:00,5,6,1.1428571428571428,3.251111111111111,5.0,0.047666666666666656,optimal
2021-02-09 06:30:00,5,6,1.1428571428571428,0.23222222222222222,5.0,0.20563333333333333,optimal
2021-02-09 07:00:00,5,6,1.1428571428571428,1.006296296296296,5.0,0.28203333333333336,optimal
2021-02-09 07:30:00,5,6,1.1428571428571428,2.227785185185185,0.0,0.08483333333333333,optimal
2021-02-09 08:00:00,5,6,0.7237728683272392,0.4040666666666667,0.0,0.12893333333333334,optimal
2021-02-09 08:30:00,5,6,0.5731028995366909,4.3348148148148145,0.0,2.115866666666667,optimal
2021-02-09 09:00:00,5,6,0.4613557416971235,2.7092592592592597,0.0,2.288133333333333,optimal
2021-02-09 09:30:00,5,6,0.4287967564969877,0.0,0.0,0.8774666666666667,optimal
2021-02-09 10:00:00,5,6,0.05980001824499311,0.0774074074074074,0.0,1.7463333333333333,optimal
2021-02-09 10:30:00,5,6,0.24298594327662096,0.387037037037037,0.0,1.2781666666666667,optimal
2021-02-09 11:00:00,5,6,0.0,0.46444444444444444,0.0,0.9091333333333332,optimal
2021-02-09 11:30:00,5,6,0.0,0.6966666666666667,0.0,1.7167000000000001,optimal
2021-02-09 12:00:00,5,6,0.0,0.1548148148148148,0.0,0.9435666666666669,optimal
2021-02-09 12:30:00,5,6,0.12788637621866134,0.0774074074074074,0.0,0.3068333333333333,optimal
2021-02-09 13:00:00,5,6,0.22906812823136233,0.0,0.0,0.29996666666666666,optimal
2021-02-09 13:30:00,5,6,1.1428571428571428,0.0,0.0,0.6571,optimal
2021-02-09 14:00:00,5,6,1.1428571428571428,0.1548148148148148,0.0,2.7013000000000003,optimal
2021-02-09 14:30:00,5,6,1.1428571428571428,0.1548148148148148,0.0,2.714,optimal
2021-02-09 15:00:00,5,6,1.1428571428571428,0.0,0.0,1.6365,optimal
2021-02-09 15:30:00,5,6,1.1428571428571428,0.46444444444444444,0.0,0.38256666666666667,optimal
2021-02-09 16:00:00,5,6,0.0,0.0,0.0,0.2805666666666667,optimal
2021-02-09 16:30:00,5,6,0.0,0.23222222222222222,0.0,0.3404333333333333,optimal
2021-02-09 17:00:00,5,6,0.0,0.0774074074074074,0.0,0.9853333333333334,optimal
2021-02-09 17:30:00,5,6,0.0,0.6192592592592592,0.0,0.7523333333333334,optimal
2021-02-09 18:00:00,5,6,0.0,0.0774074074074074,0.0,0.30160000000000003,optimal
2021-02-09 18:30:00,5,6,0.0,0.0774074074074074,0.0,0.0928,optimal
2021-02-09 19:00:00,5,6,0.0,0.46444444444444444,0.0,0.14336666666666667,optimal
2021-02-09 19:30:00,5,6,0.0,0.0,0.0,0.12696666666666667,optimal
2021-02-09 20:00:00,5,6,0.0,0.6966666666666667,0.0,0.24696666666666667,optimal
2021-02-09 20:30:00,5,6,0.0,0.23222222222222222,0.0,0.21096666666666666,optimal
2021-02-09 21:00:00,5,6,0.0,0.5418518518518518,0.0,0.13196666666666668,optimal
2021-02-09 21:30:00,5,6,0.0,0.0,0.0,0.23216666666666663,optimal
2021-02-09 22:00:00,5,6,0.0,2.3222222222222215,0.0,0.21556666666666663,optimal
2021-02-09 22:30:00,5,6,0.0,0.0,0.0,0.09986666666666666,optimal
2021-02-09 23:00:00,5,6,0.0,0.0,0.0,0.21913333333333332,optimal
2021-02-09 23:30:00,5,6,0.0,0.0,0.0,0.4335,optimal
2021-02-10 00:00:00,5,6,0.0,0.0,0.0,0.05866666666666666,optimal
2021-02-10 00:30:00,5,6,0.0,0.0,0.0,0.059,optimal
2021-02-10 01:00:00,5,6,0.42776854945804943,0.0,0.0,0.143,optimal
2021-02-10 01:30:00,5,6,1.1428571428571428,0.0,0.0,0.09820000000000001,optimal
2021-02-10 02:00:00,5,6,1.1428571428571428,0.0,0.0,0.0814,optimal
2021-02-10 02:30:00,5,6,1.1428571428571428,0.0,0.0,0.1598,optimal
2021-02-10 03:00:00,5,6,1.1428571428571428,0.0,0.0,0.059,optimal
2021-02-10 03:30:00,5,6,1.1428571428571428,0.0,0.0,0.059,optimal
2021-02-10 04:00:00,5,6,1.1428571428571428,0.0,0.0,0.059,optimal
2021-02-10 04:30:00,5,6,1.1428571428571428,0.0,0.0,0.10940000000000001,optimal
2021-02-10 05:00:00,5,6,1.1428571428571428,0.0,0.0,0.1318,optimal
2021-02-10 05:30:00,5,6,1.1428571428571428,0.0,0.0,0.059,optimal
2021-02-10 06:00:00,5,6,1.1428571428571428,0.0,0.0,0.09259999999999999,optimal
2021-02-10 06:30:00,5,6,1.1428571428571428,0.0,2.283340332654988,0.1552666666666667,optimal
2021-02-10 07:00:00,5,6,1.1428571428571428,5.341111111111111,5.0,0.11726666666666669,optimal
2021-02-10 07:30:00,5,6,1.1428571428571428,0.8514814814814814,0.0,0.176,optimal
2021-02-10 08:00:00,5,6,0.7326549148608671,1.8577777777777778,0.0,0.152,optimal
2021-02-10 08:30:00,5,6,0.8000790834575935,0.0,0.0,0.068,optimal
2021-02-10 09:00:00,5,6,0.6033131272725422,0.0,0.0,0.2089333333333333,optimal
2021-02-10 09:30:00,5,6,0.5416896768216568,0.0774074074074074,0.0,0.1231,optimal
2021-02-10 10:00:00,5,6,0.3914175348114596,0.0,0.0,0.16483333333333333,optimal
2021-02-10 10:30:00,5,6,0.39987137554472185,0.387037037037037,0.0,0.2474,optimal
2021-02-10 11:00:00,5,6,0.3178477775857555,0.3096296296296296,0.0,0.07146666666666666,optimal
2021-02-10 11:30:00,5,6,0.30845509997936493,0.5418518518518518,0.0,0.12133333333333332,optimal
2021-02-10 12:00:00,5,6,0.15150036973334732,0.1548148148148148,0.0,0.1744,optimal
2021-02-10 12:30:00,5,6,0.14898798878096772,0.0,0.0,0.23916666666666664,optimal
2021-02-10 13:00:00,5,6,0.0,0.23222222222222222,0.0,2.0118666666666662,optimal
2021-02-10 13:30:00,5,6,0.9190075073875245,0.3096296296296296,0.0,0.3216,optimal
2021-02-10 14:00:00,5,6,1.1428571428571428,0.23222222222222222,0.0,0.25739999999999996,optimal
2021-02-10 14:30:00,5,6,1.1428571428571428,0.0,0.0,0.4396666666666667,optimal
2021-02-10 15:00:00,5,6,1.1428571428571428,0.1548148148148148,0.0,1.3668,optimal
2021-02-10 15:30:00,5,6,1.1428571428571428,0.387037037037037,0.0,0.18159999999999998,optimal
2021-02-10 16:00:00,5,6,0.0,0.0,0.0,0.3714333333333333,optimal
2021-02-10 16:30:00,5,6,0.0,0.5418518518518518,0.0,0.20116666666666663,optimal
2021-02-10 17:00:00,5,6,0.0,0.0,0.0,0.1095,optimal
2021-02-10 17:30:00,5,6,0.0,0.23222222222222222,0.0,0.2255,optimal
2021-02-10 18:00:00,5,6,0.0,0.387037037037037,0.0,0.2424333333333333,optimal
2021-02-10 18:30:00,5,6,0.0,0.0,0.0,0.24180000000000001,optimal
2021-02-10 19:00:00,5,6,0.0,0.0,0.0,0.2345,optimal
2021-02-10 19:30:00,5,6,0.0,0.3096296296296296,0.0,1.0215,optimal
2021-02-10 20:00:00,5,6,0.0,0.1548148148148148,0.0,0.4604,optimal
2021-02-10 20:30:00,5,6,0.0,4.644444444444443,0.0,0.2289,optimal
2021-02-10 21:00:00,5,6,0.0,0.23222222222222222,0.0,0.243,optimal
2021-02-10 21:30:00,5,6,0.0,0.1548148148148148,0.0,0.2223333333333333,optimal
2021-02-10 22:00:00,5,6,0.0,0.0,0.0,1.0756666666666668,optimal
2021-02-10 22:30:00,5,6,0.0,1.8577777777777778,0.0,1.3781333333333334,optimal
2021-02-10 23:00:00,5,6,0.0,0.23222222222222222,0.0,0.5955666666666667,optimal
2021-02-10 23:30:00,5,6,0.0,0.23222222222222222,0.0,0.3058666666666667,optimal
2021-02-11 00:00:00,5,6,0.40938840411084076,0.0,0.0,0.054,optimal
2021-02-11 00:30:00,5,6,1.1428571428571428,0.0,0.0,0.056,optimal
2021-02-11 01:00:00,5,6,1.1428571428571428,0.0,0.0,0.06,optimal
2021-02-11 01:30:00,5,6,1.1428571428571428,0.0,0.0,0.24766666666666662,optimal
2021-02-11 02:00:00,5,6,1.1428571428571428,0.0,0.0,0.08333333333333333,optimal
2021-02-11 02:30:00,5,6,1.1428571428571428,0.0,0.0,0.17633333333333334,optimal
2021-02-11 03:00:00,5,6,1.1428571428571428,0.0,0.0,0.1864,optimal
2021-02-11 03:30:00,5,6,1.1428571428571428,0.0,0.0,0.06346666666666667,optimal
2021-02-11 04:00:00,5,6,1.1428571428571428,0.0,0.0,0.277,optimal
2021-02-11 04:30:00,5,6,1.1428571428571428,0.0,0.0,0.054,optimal
2021-02-11 05:00:00,5,6,1.1428571428571428,0.0,0.0,0.1115,optimal
2021-02-11 05:30:00,5,6,1.1428571428571428,0.0,1.706544256907705,0.1908333333333333,optimal
2021-02-11 06:00:00,5,6,1.1428571428571428,0.46444444444444444,5.0,0.08733333333333333,optimal
2021-02-11 06:30:00,5,6,1.1428571428571428,0.46444444444444444,0.0,0.133,optimal
2021-02-11 07:00:00,5,6,1.1428571428571428,0.3096296296296296,0.0,0.20483333333333328,optimal
2021-02-11 07:30:00,5,6,1.1428571428571428,3.096296296296296,0.0,0.06383333333333334,optimal
2021-02-11 08:00:00,5,6,0.7027912316682757,0.387037037037037,0.0,0.188,optimal
2021-02-11 08:30:00,5,6,0.6870231052207287,0.7167925925925925,0.0,0.22453333333333333,optimal
2021-02-11 09:00:00,5,6,0.5072764027732115,2.069874074074074,0.0,0.3068333333333333,optimal
2021-02-11 09:30:00,5,6,0.437640079410514,0.46444444444444444,0.0,0.4573666666666667,optimal
2021-02-11 10:00:00,5,6,0.25150691840749684,0.6192592592592592,0.0,1.2035,optimal
2021-02-11 10:30:00,5,6,0.30796869833159385,0.3096296296296296,0.0,0.3,optimal
2021-02-11 11:00:00,5,6,0.1689348148925405,6.347407407407409,0.0,0.37839999999999996,optimal
2021-02-11 11:30:00,5,6,0.161346875701708,0.0,0.0,0.24506666666666663,optimal
2021-02-11 12:00:00,5,6,0.0,0.3096296296296296,0.0,1.0912666666666668,optimal
2021-02-11 12:30:00,5,6,0.0,0.0774074074074074,0.0,0.9256,optimal
2021-02-11 13:00:00,5,6,1.1428571428571428,0.0,0.0,0.38053333333333333,optimal
2021-02-11 13:30:00,5,6,1.1428571428571428,0.0,0.0,1.2418666666666665,optimal
2021-02-11 14:00:00,5,6,1.1428571428571428,0.0,0.0,0.064,optimal
2021-02-11 14:30:00,5,6,1.1428571428571428,0.0,0.0,0.071,optimal
2021-02-11 15:00:00,5,6,1.1428571428571428,0.0,0.0,0.722,optimal
2021-02-11 15:30:00,5,6,1.1428571428571428,0.0,0.0,0.07843333333333334,optimal
2021-02-11 16:00:00,5,6,0.0,0.6966666666666667,0.0,0.3142333333333333,optimal
2021-02-11 16:30:00,5,6,0.0,0.46444444444444444,0.0,0.1895,optimal
2021-02-11 17:00:00,5,6,0.0,0.387037037037037,0.0,0.3532,optimal
2021-02-11 17:30:00,5,6,0.0,0.0774074074074074,0.0,0.6772,optimal
2021-02-11 18:00:00,5,6,0.0,0.0,0.0,0.2810666666666667,optimal
2021-02-11 18:30:00,5,6,0.0,0.387037037037037,0.0,0.8470333333333333,optimal
2021-02-11 19:00:00,5,6,0.0,0.0,0.0,0.6635,optimal
2021-02-11 19:30:00,5,6,0.0,0.0,0.0,1.4643333333333333,optimal
2021-02-11 20:00:00,5,6,0.022439315445611924,0.0,0.0,0.3956,optimal
2021-02-11 20:30:00,5,6,0.0,0.6192592592592592,0.0,0.6767666666666666,optimal
2021-02-11 21:00:00,5,6,0.0,1.6255555555555554,0.0,0.5702,optimal
2021-02-11 21:30:00,5,6,0.0,0.6966666666666667,0.0,2.6646666666666663,optimal
2021-02-11 22:00:00,5,6,0.0,0.0,0.0,2.8443,optimal
2021-02-11 22:30:00,5,6,0.0,0.0,0.0,0.8172666666666667,optimal
2021-02-11 23:00:00,5,6,0.0,0.6192592592592592,0.0,0.3793,optimal
2021-02-11 23:30:00,5,6,0.0,0.1548148148148148,0.0,0.29810000000000003,optimal
2021-02-12 00:00:00,5,6,1.1428571428571428,0.0,0.0,0.062,optimal
2021-02-12 00:30:00,5,6,1.1428571428571428,0.0,0.0,0.23333333333333328,optimal
2021-02-12 01:00:00,5,6,1.1428571428571428,0.0,0.0,0.1772,optimal
2021-02-12 01:30:00,5,6,1.1428571428571428,0.0,0.0,0.1943666666666667,optimal
2021-02-12 02:00:00,5,6,1.1428571428571428,0.0,0.0,0.21616666666666662,optimal
2021-02-12 02:30:00,5,6,1.1428571428571428,0.0,0.0,0.16356666666666667,optimal
2021-02-12 03:00:00,5,6,1.1428571428571428,0.0,0.0,0.15696666666666667,optimal
2021-02-12 03:30:00,5,6,1.1428571428571428,0.0,0.0,0.18316666666666662,optimal
2021-02-12 04:00:00,5,6,1.1428571428571428,0.0,0.0,0.22736666666666666,optimal
2021-02-12 04:30:00,5,6,1.1428571428571428,0.0,0.0,0.062,optimal
2021-02-12 05:00:00,5,6,1.1428571428571428,0.0,0.0,0.19913333333333333,optimal
2021-02-12 05:30:00,5,6,1.1428571428571428,0.0,0.6070300789780815,0.14906666666666665,optimal
2021-02-12 06:00:00,5,6,1.1428571428571428,0.0,5.0,0.135,optimal
2021-02-12 06:30:00,5,6,1.1428571428571428,0.3096296296296296,5.0,0.2576333333333333,optimal
2021-02-12 07:00:00,5,6,1.1428571428571428,1.315925925925926,5.0,0.08456666666666666,optimal
2021-02-12 07:30:00,5,6,1.1428571428571428,5.0327746778881535,0.0,1.1650333333333334,optimal
2021-02-12 08:00:00,5,6,0.596162410564092,0.0,0.0,1.241266666666667,optimal
2021-02-12 08:30:00,5,6,0.879260146729267,0.3096296296296296,0.0,0.2522666666666667,optimal
2021-02-12 09:00:00,5,6,0.8762456037075522,0.0,0.0,0.072,optimal
2021-02-12 09:30:00,5,6,0.7257590773191918,0.0,0.0,0.26853333333333335,optimal
2021-02-12 10:00:00,5,6,0.46436216728339524,0.0,0.0,0.162,optimal
2021-02-12 10:30:00,5,6,0.4238962187625698,0.0,0.0,0.24359999999999998,optimal
2021-02-12 11:00:00,5,6,0.28212898505628065,0.0,0.0,0.09693333333333334,optimal
2021-02-12 11:30:00,5,6,0.26139455101498293,0.0,0.0,0.162,optimal
2021-02-12 12:00:00,5,6,0.026460967668807348,0.0,0.0,0.5749,optimal
2021-02-12 12:30:00,5,6,0.08443129553226845,0.0,0.0,0.3065,optimal
2021-02-12 13:00:00,5,6,0.09471990356063352,0.0,0.0,0.3218666666666667,optimal
2021-02-12 13:30:00,5,6,1.005929369679145,0.0774074074074074,0.0,1.7034,optimal
2021-02-12 14:00:00,5,6,1.1428571428571428,0.0,0.0,0.45046666666666657,optimal
2021-02-12 14:30:00,5,6,1.1428571428571428,0.23222222222222222,0.0,0.488,optimal
2021-02-12 15:00:00,5,6,1.1428571428571428,0.0,0.0,0.43406666666666666,optimal
2021-02-12 15:30:00,5,6,1.1428571428571428,0.387037037037037,0.0,0.5276666666666666,optimal
2021-02-12 16:00:00,5,6,0.0,0.1548148148148148,0.0,0.3933666666666667,optimal
2021-02-12 16:30:00,5,6,0.0,0.1548148148148148,0.0,0.5786333333333333,optimal
2021-02-12 17:00:00,5,6,0.0,0.774074074074074,0.0,0.43106666666666665,optimal
2021-02-12 17:30:00,5,6,0.0,0.3096296296296296,0.0,1.6393333333333333,optimal
2021-02-12 18:00:00,5,6,0.0,0.46444444444444444,0.0,0.33513333333333334,optimal
2021-02-12 18:30:00,5,6,0.0,0.0,0.0,0.5615666666666668,optimal
2021-02-12 19:00:00,5,6,0.0,0.0,0.0,0.45366666666666666,optimal
2021-02-12 19:30:00,5,6,0.0,0.0,0.0,0.0907,optimal
2021-02-12 20:00:00,5,6,0.0,0.0,0.0,0.2084333333333333,optimal
2021-02-12 20:30:00,5,6,0.0,0.0,0.0,0.1671,optimal
2021-02-12 21:00:00,5,6,0.0,0.0,0.0,0.1173,optimal
2021-02-12 21:30:00,5,6,0.0,0.0,0.0,0.32313333333333333,optimal
2021-02-12 22:00:00,5,6,0.0,0.0,0.0,0.0984,optimal
2021-02-12 22:30:00,5,6,0.0,0.0,0.0,0.07859999999999999,optimal
2021-02-12 23:00:00,5,6,0.0,0.0,0.0,0.3519333333333333,optimal
2021-02-12 23:30:00,5,6,0.0,0.0,0.0,0.12863333333333332,optimal
2021-02-13 00:00:00,5,6,0.0,0.0,0.0,0.14436666666666667,optimal
2021-02-13 00:30:00,5,6,0.27592123527437257,0.0,0.0,0.23136666666666666,optimal
2021-02-13 01:00:00,5,6,1.1428571428571428,0.3096296296296296,0.0,0.2615,optimal
2021-02-13 01:30:00,5,6,1.1428571428571428,1.7803703703703702,0.0,0.06333333333333334,optimal
2021-02-13 02:00:00,5,6,1.1428571428571428,0.0,0.0,0.18630000000000002,optimal
2021-02-13 02:30:00,5,6,1.1428571428571428,0.0,0.0,0.054,optimal
2021-02-13 03:00:00,5,6,1.1428571428571428,0.0,0.0,0.0855,optimal
2021-02-13 03:30:00,5,6,1.1428571428571428,0.0,0.0,0.1611,optimal
2021-02-13 04:00:00,5,6,1.1428571428571428,0.0,0.0,0.054,optimal
2021-02-13 04:30:00,5,6,1.1428571428571428,0.0,0.0,0.054,optimal
2021-02-13 05:00:00,5,6,1.1428571428571428,0.0,0.0,1.0136666666666667,optimal
2021-02-13 05:30:00,5,6,1.1428571428571428,2.7866666666666666,3.887518513764136,0.14803333333333332,optimal
2021-02-13 06:00:00,5,6,1.1428571428571428,2.5544444444444445,5.0,0.07629999999999999,optimal
2021-02-13 06:30:00,5,6,1.1428571428571428,0.23222222222222222,5.0,0.19906666666666664,optimal
2021-02-13 07:00:00,5,6,1.1428571428571428,4.220251851851852,5.0,0.075,optimal
2021-02-13 07:30:00,5,6,1.1428571428571428,1.6627111111111115,0.0,0.2484,optimal
2021-02-13 08:00:00,5,6,0.7793435656422438,0.9490148148148149,0.0,0.11533333333333332,optimal
2021-02-13 08:30:00,5,6,0.8891996077914273,0.0,0.0,0.064,optimal
2021-02-13 09:00:00,5,6,0.7428963712028935,0.0,0.0,0.2026,optimal
2021-02-13 09:30:00,5,6,0.771776581948811,0.0,0.0,0.064,optimal
2021-02-13 10:00:00,5,6,0.545118762252688,0.0,0.0,0.1963,optimal
2021-02-13 10:30:00,5,6,0.5789748044018764,0.0,0.0,0.0703,optimal
2021-02-13 11:00:00,5,6,0.34791228907562044,0.0,0.0,0.1396,optimal
2021-02-13 11:30:00,5,6,0.3493683312248095,0.0,0.0,0.127,optimal
2021-02-13 12:00:00,5,6,0.27822792403214897,0.0,0.0,0.0703,optimal
2021-02-13 12:30:00,5,6,0.237940008330512,0.0,0.0,0.1963,optimal
2021-02-13 13:00:00,5,6,1.1428571428571428,0.0,0.0,0.064,optimal
2021-02-13 13:30:00,5,6,1.1428571428571428,0.0,0.0,0.064,optimal
2021-02-13 14:00:00,5,6,1.1428571428571428,0.0,0.0,0.064,optimal
2021-02-13 14:30:00,5,6,1.1428571428571428,0.0,0.0,0.2026,optimal
2021-02-13 15:00:00,5,6,1.1428571428571428,0.0,0.0,0.064,optimal
2021-02-13 15:30:00,5,6,1.1428571428571428,1.2958000000000003,0.0,0.20959999999999998,optimal
2021-02-13 16:00:00,5,6,0.0,0.0,0.0,0.4547,optimal
2021-02-13 16:30:00,5,6,0.0,0.23222222222222222,0.0,0.1753,optimal
2021-02-13 17:00:00,5,6,0.0,0.0,0.0,1.3211333333333335,optimal
2021-02-13 17:30:00,5,6,0.0,1.6255555555555554,0.0,1.2270333333333332,optimal
2021-02-13 18:00:00,5,6,0.0,0.3096296296296296,0.0,0.13513333333333333,optimal
2021-02-13 18:30:00,5,6,0.0,0.0,0.0,0.10113333333333334,optimal
2021-02-13 19:00:00,5,6,0.0,0.387037037037037,0.0,0.1726,optimal
2021-02-13 19:30:00,5,6,0.3012167558356827,0.3096296296296296,0.0,0.25780000000000003,optimal
2021-02-13 20:00:00,5,6,0.5829370045495568,0.0774074074074074,0.0,0.4293666666666667,optimal
2021-02-13 20:30:00,5,6,0.0,0.0,0.0,0.3546,optimal
2021-02-13 21:00:00,5,6,0.0,0.0,0.0,0.19986666666666666,optimal
2021-02-13 21:30:00,5,6,0.0,0.0,0.0,0.3105,optimal
2021-02-13 22:00:00,5,6,0.0,0.0,0.0,0.15309999999999999,optimal
2021-02-13 22:30:00,5,6,0.0,0.0,0.0,0.13219999999999998,optimal
2021-02-13 23:00:00,5,6,0.0,0.0,0.0,0.3206,optimal
2021-02-13 23:30:00,5,6,0.0,0.0,0.0,0.09566666666666669,optimal
2021-02-07 00:00:00,6,6,0.0,0.0,0.0,0.13,optimal
2021-02-07 00:30:00,6,6,0.0,0.3096296296296296,0.0,0.1772,optimal
2021-02-07 01:00:00,6,6,0.0,0.0,0.0,0.30406666666666665,optimal
2021-02-07 01:30:00,6,6,0.0,0.0,0.0,0.2556,optimal
2021-02-07 02:00:00,6,6,0.0,0.0,0.0,0.2806,optimal
2021-02-07 02:30:00,6,6,0.0,0.0,0.0,0.1474,optimal
2021-02-07 03:00:00,6,6,0.0,0.0,0.0,0.2205,optimal
2021-02-07 03:30:00,6,6,0.0,0.1548148148148148,0.0,0.09516666666666669,optimal
2021-02-07 04:00:00,6,6,1.1428571428571428,0.46444444444444444,0.0,0.16573333333333332,optimal
2021-02-07 04:30:00,6,6,1.1428571428571428,0.0774074074074074,0.0,0.6105333333333333,optimal
2021-02-07 05:00:00,6,6,1.1428571428571428,0.6192592592592592,0.0,0.217,optimal
2021-02-07 05:30:00,6,6,1.1428571428571428,0.3096296296296296,0.0,0.2843333333333333,optimal
2021-02-07 06:00:00,6,6,1.1428571428571428,0.0,0.0,0.33746666666666664,optimal
2021-02-07 06:30:00,6,6,1.1428571428571428,0.8514814814814814,0.0,0.179,optimal
2021-02-07 07:00:00,6,6,1.1428571428571428,0.387037037037037,1.6063785740462473,0.5928666666666667,optimal
2021-02-07 07:30:00,6,6,0.0,0.0,0.0,0.6876,optimal
2021-02-07 08:00:00,6,6,0.0,0.0,0.0,0.051,optimal
2021-02-07 08:30:00,6,6,0.3582847091222217,0.0,0.0,0.2516,optimal
2021-02-07 09:00:00,6,6,0.7040396336753609,0.0,0.0,0.1142,optimal
2021-02-07 09:30:00,6,6,0.7199528186816845,0.0,0.0,0.051,optimal
2021-02-07 10:00:00,6,6,0.598953918650361,0.0,0.0,0.20946666666666666,optimal
2021-02-07 10:30:00,6,6,0.6184227867329455,0.0,0.0,0.164,optimal
2021-02-07 11:00:00,6,6,0.5540555106108656,0.0,0.0,0.051,optimal
2021-02-07 11:30:00,6,6,0.4907221772775384,0.0,0.0,0.27266666666666667,optimal
2021-02-07 12:00:00,6,6,0.474247512487222,0.0,0.0,0.09313333333333335,optimal
2021-02-07 12:30:00,6,6,0.41179036963007604,0.0,0.0,0.5554,optimal
2021-02-07 13:00:00,6,6,0.26432025631263,0.0,0.0,2.0245,optimal
2021-02-07 13:30:00,6,6,1.1428571428571428,0.0,0.0,0.051,optimal
2021-02-07 14:00:00,6,6,1.1428571428571428,0.0,0.0,0.17793333333333333,optimal
2021-02-07 14:30:00,6,6,1.1428571428571428,0.0,0.0,0.18786666666666668,optimal
2021-02-07 15:00:00,6,6,1.1428571428571428,0.0,0.0,0.0783,optimal
2021-02-07 15:30:00,6,6,1.1428571428571428,0.0,0.0,0.3814333333333333,optimal
2021-02-07 16:00:00,6,6,0.0,0.0,0.0,0.5179333333333332,optimal
2021-02-07 16:30:00,6,6,0.0,0.23222222222222222,0.0,0.3198666666666667,optimal
2021-02-07 17:00:00,6,6,0.0,0.0,0.0,0.574,optimal
2021-02-07 17:30:00,6,6,0.0,0.5418518518518518,0.0,0.334,optimal
2021-02-07 18:00:00,6,6,0.0,0.1548148148148148,0.0,0.4152,optimal
2021-02-07 18:30:00,6,6,0.0,0.1548148148148148,0.0,0.38480000000000003,optimal
2021-02-07 19:00:00,6,6,0.0,0.387037037037037,0.0,0.4703333333333333,optimal
2021-02-07 19:30:00,6,6,0.0,0.0774074074074074,0.0,0.4891333333333333,optimal
2021-02-07 20:00:00,6,6,0.0,0.0774074074074074,0.0,0.29003333333333337,optimal
2021-02-07 20:30:00,6,6,0.0,0.0,0.0,0.5906333333333333,optimal
2021-02-07 21:00:00,6,6,0.0,0.0,0.0,0.3173666666666667,optimal
2021-02-07 21:30:00,6,6,0.0,0.23222222222222222,0.0,0.45180000000000003,optimal
2021-02-07 22:00:00,6,6,0.0,0.0,0.0,0.3172,optimal
2021-02-07 22:30:00,6,6,0.0,0.5062444444444444,0.0,0.29353333333333337,optimal
2021-02-07 23:00:00,6,6,0.0,0.0,0.0,0.17186666666666667,optimal
2021-02-07 23:30:00,6,6,0.0,0.0,0.0,0.20253333333333334,optimal
2021-02-08 00:00:00,6,6,0.0,0.0,0.0,0.06223333333333333,optimal
2021-02-08 00:30:00,6,6,0.0,0.0,0.0,0.058,optimal
2021-02-08 01:00:00,6,6,0.0,0.0,0.0,0.058,optimal
2021-02-08 01:30:00,6,6,0.0,0.0,0.0,0.058,optimal
2021-02-08 02:00:00,6,6,0.7783470241283683,0.0,0.0,0.058,optimal
2021-02-08 02:30:00,6,6,1.1428571428571428,0.0,0.0,0.058,optimal
2021-02-08 03:00:00,6,6,1.1428571428571428,0.0,0.0,0.058,optimal
2021-02-08 03:30:00,6,6,1.1428571428571428,0.0,0.0,0.058,optimal
2021-02-08 04:00:00,6,6,1.1428571428571428,0.0,0.0,0.058,optimal
2021-02-08 04:30:00,6,6,1.1428571428571428,0.0,0.0,0.058,optimal
2021-02-08 05:00:00,6,6,1.1428571428571428,0.0,0.6814794126233293,0.058,optimal
2021-02-08 05:30:00,6,6,1.1428571428571428,0.0,5.0,0.058,optimal
2021-02-08 06:00:00,6,6,1.1428571428571428,0.0,5.0,0.058,optimal
2021-02-08 06:30:00,6,6,1.1428571428571428,0.774074074074074,5.0,0.065,optimal
2021-02-08 07:00:00,6,6,1.1428571428571428,3.792962962962962,5.0,0.1992,optimal
2021-02-08 07:30:00,6,6,1.1428571428571428,0.0774074074074074,0.0,0.2919333333333333,optimal
2021-02-08 08:00:00,6,6,0.6222149603458519,0.774074074074074,0.0,0.8271000000000001,optimal
2021-02-08 08:30:00,6,6,0.8129171617617738,0.0,0.0,0.068,optimal
2021-02-08 09:00:00,6,6,0.7203909304840415,0.0,0.0,0.068,optimal
2021-02-08 09:30:00,6,6,0.713959056931593,0.0,0.0,0.068,optimal
2021-02-08 10:00:00,6,6,0.46979892638983356,0.0,0.0,0.101,optimal
2021-02-08 10:30:00,6,6,0.4054831808946779,0.1548148148148148,0.0,1.3007,optimal
2021-02-08 11:00:00,6,6,0.1457931220178842,0.0,0.0,0.7691333333333333,optimal
2021-02-08 11:30:00,6,6,0.24789092060196935,0.0,0.0,0.11090000000000001,optimal
2021-02-08 12:00:00,6,6,0.1995412758427767,0.0,0.0,0.8138333333333334,optimal
2021-02-08 12:30:00,6,6,0.22333211110616938,0.0,0.0,0.1465,optimal
2021-02-08 13:00:00,6,6,1.1428571428571428,0.23222222222222222,0.0,0.181,optimal
2021-02-08 13:30:00,6,6,1.1428571428571428,0.0,0.0,0.10566666666666669,optimal
2021-02-08 14:00:00,6,6,1.1428571428571428,0.0,0.0,0.068,optimal
2021-02-08 14:30:00,6,6,1.1428571428571428,0.0,0.0,0.18466666666666662,optimal
2021-02-08 15:00:00,6,6,1.1428571428571428,0.0,0.0,0.43060000000000004,optimal
2021-02-08 15:30:00,6,6,1.1428571428571428,0.46444444444444444,0.0,1.511,optimal
2021-02-08 16:00:00,6,6,0.0,0.6192592592592592,0.0,0.22640000000000002,optimal
2021-02-08 16:30:00,6,6,0.0,0.0,0.0,0.068,optimal
2021-02-08 17:00:00,6,6,0.0,0.0774074074074074,0.0,0.17466666666666666,optimal
2021-02-08 17:30:00,6,6,0.0,0.0774074074074074,0.0,1.2255,optimal
2021-02-08 18:00:00,6,6,0.0,0.6192592592592592,0.0,1.1549666666666667,optimal
2021-02-08 18:30:00,6,6,0.0,0.3096296296296296,0.0,1.3663333333333332,optimal
2021-02-08 19:00:00,6,6,0.0,0.0,0.0,0.068,optimal
2021-02-08 19:30:00,6,6,0.0,0.0,0.0,0.23063333333333333,optimal
2021-02-08 20:00:00,6,6,0.25064108498619886,0.0,0.0,0.10966666666666669,optimal
2021-02-08 20:30:00,6,6,0.0,0.0774074074074074,0.0,0.112,optimal
2021-02-08 21:00:00,6,6,0.0,0.0,0.0,0.08990000000000001,optimal
2021-02-08 21:30:00,6,6,0.0,0.6192592592592592,0.0,0.15786666666666668,optimal
2021-02-08 22:00:00,6,6,0.0,0.0,0.0,0.19216666666666662,optimal
2021-02-08 22:30:00,6,6,0.0,0.0,0.0,0.23,optimal
2021-02-08 23:00:00,6,6,0.0,0.0,0.0,0.2256,optimal
2021-02-08 23:30:00,6,6,0.0,0.0,0.0,0.063,optimal
2021-02-09 00:00:00,6,6,0.0,0.0,0.0,0.08933333333333333,optimal
2021-02-09 00:30:00,6,6,0.0,0.0,0.0,0.18976666666666667,optimal
2021-02-09 01:00:00,6,6,0.0,0.0,0.0,0.2211,optimal
2021-02-09 01:30:00,6,6,0.0,0.0,0.0,0.19166666666666662,optimal
2021-02-09 02:00:00,6,6,0.7616698029136472,0.0,0.0,0.1893333333333333,optimal
2021-02-09 02:30:00,6,6,1.1428571428571428,0.0,0.0,0.13019999999999998,optimal
2021-02-09 03:00:00,6,6,1.1428571428571428,0.0,0.0,0.27876666666666666,optimal
2021-02-09 03:30:00,6,6,1.1428571428571428,0.0,0.9947558935405709,0.1507666666666667,optimal
2021-02-09 04:00:00,6,6,1.1428571428571428,0.0,5.0,0.07453333333333333,optimal
2021-02-09 04:30:00,6,6,1.1428571428571428,0.0,5.0,0.344,optimal
2021-02-09 05:00:00,6,6,1.1428571428571428,0.0,5.0,0.074,optimal
2021-02-09 05:30:00,6,6,1.1428571428571428,0.0,5.0,0.12066666666666669,optimal
2021-02-09 06:00:00,6,6,1.1428571428571428,0.0,5.0,1.1135,optimal
2021-02-09 06:30:00,6,6,1.1428571428571428,0.46444444444444444,5.0,1.871,optimal
2021-02-09 07:00:00,6,6,1.1428571428571428,0.7167925925925925,0.0,2.624333333333333,optimal
2021-02-09 07:30:00,6,6,1.1428571428571428,1.8376518518518514,0.0,1.5175999999999998,optimal
2021-02-09 08:00:00,6,6,0.6565862016605795,2.8640740740740736,0.0,0.3659333333333333,optimal
2021-02-09 08:30:00,6,6,0.5599714709652629,0.1548148148148148,0.0,1.6279666666666668,optimal
2021-02-09 09:00:00,6,6,0.4691443131257005,0.0,0.0,0.7894333333333333,optimal
2021-02-09 09:30:00,6,6,0.5637491374493689,0.0,0.0,0.3955666666666667,optimal
2021-02-09 10:00:00,6,6,0.4878895420545255,0.0,0.0,0.23463333333333333,optimal
2021-02-09 10:30:00,6,6,0.523350705181386,0.0,0.0,0.073,optimal
2021-02-09 11:00:00,6,6,0.30129086051298426,0.0,0.0,0.2502,optimal
2021-02-09 11:30:00,6,6,0.289470712185974,0.0,0.0,0.23506666666666665,optimal
2021-02-09 12:00:00,6,6,0.008727105743854853,0.23222222222222222,0.0,0.5822666666666666,optimal
2021-02-09 12:30:00,6,6,0.021985349308953007,0.23222222222222222,0.0,0.545,optimal
2021-02-09 13:00:00,6,6,0.06600229838650241,0.0,0.0,0.4849666666666666,optimal
2021-02-09 13:30:00,6,6,0.4825090046126143,0.3096296296296296,0.0,0.5147999999999999,optimal
2021-02-09 14:00:00,6,6,1.1428571428571428,0.3096296296296296,0.0,0.48223333333333335,optimal
2021-02-09 14:30:00,6,6,1.1428571428571428,0.0,0.0,0.36310000000000003,optimal
2021-02-09 15:00:00,6,6,1.1428571428571428,0.0,0.0,0.2415,optimal
2021-02-09 15:30:00,6,6,1.1428571428571428,0.0,0.0,0.18953333333333333,optimal
2021-02-09 16:00:00,6,6,0.0,0.387037037037037,0.0,0.5644333333333332,optimal
2021-02-09 16:30:00,6,6,0.0,0.387037037037037,0.0,0.4132,optimal
2021-02-09 17:00:00,6,6,0.0,0.3096296296296296,0.0,0.5291,optimal
2021-02-09 17:30:00,6,6,0.0,0.387037037037037,0.0,0.41323333333333334,optimal
2021-02-09 18:00:00,6,6,0.0,0.5418518518518518,0.0,1.0415666666666665,optimal
2021-02-09 18:30:00,6,6,0.0,0.3096296296296296,0.0,1.2654333333333334,optimal
2021-02-09 19:00:00,6,6,0.0,2.1674074074074072,0.0,0.0872,optimal
2021-02-09 19:30:00,6,6,0.0,0.3096296296296296,0.0,0.4236666666666667,optimal
2021-02-09 20:00:00,6,6,0.0,0.0,0.0,0.9880666666666669,optimal
2021-02-09 20:30:00,6,6,0.0,0.0774074074074074,0.0,1.5456666666666667,optimal
2021-02-09 21:00:00,6,6,0.0,0.23222222222222222,0.0,0.16923333333333332,optimal
2021-02-09 21:30:00,6,6,0.0,0.0,0.0,0.7667333333333334,optimal
2021-02-09 22:00:00,6,6,0.0,2.8640740740740736,0.0,0.5349666666666667,optimal
2021-02-09 22:30:00,6,6,0.0,0.46444444444444444,0.0,0.5978333333333333,optimal
2021-02-09 23:00:00,6,6,0.0,0.0,0.0,0.09003333333333333,optimal
2021-02-09 23:30:00,6,6,0.0,0.0,0.0,0.1335,optimal
2021-02-10 00:00:00,6,6,0.0,0.0,0.0,0.033,optimal
2021-02-10 00:30:00,6,6,0.0,0.0,0.0,0.2842333333333333,optimal
2021-02-10 01:00:00,6,6,0.0,0.0,0.0,0.07833333333333332,optimal
2021-02-10 01:30:00,6,6,0.8057522364192813,0.0,0.0,0.125,optimal
2021-02-10 02:00:00,6,6,1.1428571428571428,0.0,0.0,0.033,optimal
2021-02-10 02:30:00,6,6,1.1428571428571428,0.0,0.0,0.033,optimal
2021-02-10 03:00:00,6,6,1.1428571428571428,0.0,0.0,0.1066,optimal
2021-02-10 03:30:00,6,6,1.1428571428571428,0.0,0.0,0.0514,optimal
2021-02-10 04:00:00,6,6,1.1428571428571428,0.0,0.0,0.046799999999999994,optimal
2021-02-10 04:30:00,6,6,1.1428571428571428,0.0,0.0,0.11120000000000001,optimal
2021-02-10 05:00:00,6,6,1.1428571428571428,0.0,0.0,0.033,optimal
2021-02-10 05:30:00,6,6,1.1428571428571428,0.387037037037037,3.316991081042183,0.20106666666666664,optimal
2021-02-10 06:00:00,6,6,1.1428571428571428,0.23222222222222222,5.0,0.2637,optimal
2021-02-10 06:30:00,6,6,1.1428571428571428,0.6192592592592592,0.0,1.0864,optimal
2021-02-10 07:00:00,6,6,1.1428571428571428,2.39962962962963,0.0,0.36669999999999997,optimal
2021-02-10 07:30:00,6,6,1.1428571428571428,0.46444444444444444,0.0,0.15533333333333335,optimal
2021-02-10 08:00:00,6,6,0.8538358672418193,0.0,0.0,0.09820000000000001,optimal
2021-02-10 08:30:00,6,6,0.8610314644099746,0.0,0.0,0.043,optimal
2021-02-10 09:00:00,6,6,0.7044007463201606,0.1548148148148148,0.0,0.5979333333333333,optimal
2021-02-10 09:30:00,6,6,0.6844811053930854,0.1548148148148148,0.0,0.3385666666666667,optimal
2021-02-10 10:00:00,6,6,0.5186461062400323,0.0,0.0,0.1212,optimal
2021-02-10 10:30:00,6,6,0.5332428041161527,0.0,0.0,0.0476,optimal
2021-02-10 11:00:00,6,6,0.3772953966333834,0.0,0.0,0.13040000000000002,optimal
2021-02-10 11:30:00,6,6,0.39797890950316805,0.0,0.0,0.043,optimal
2021-02-10 12:00:00,6,6,0.20475751259049227,0.0,0.0,0.135,optimal
2021-02-10 12:30:00,6,6,0.23104322687620615,0.0,0.0,0.043,optimal
2021-02-10 13:00:00,6,6,1.1428571428571428,0.0,0.0,0.135,optimal
2021-02-10 13:30:00,6,6,1.1428571428571428,0.0,0.0,0.043,optimal
2021-02-10 14:00:00,6,6,1.1428571428571428,0.0,0.0,0.09359999999999999,optimal
2021-02-10 14:30:00,6,6,1.1428571428571428,0.0,0.0,0.0844,optimal
2021-02-10 15:00:00,6,6,1.1428571428571428,0.23222222222222222,0.0,0.06106666666666667,optimal
2021-02-10 15:30:00,6,6,1.1428571428571428,0.46444444444444444,0.0,0.18359999999999999,optimal
2021-02-10 16:00:00,6,6,0.0,0.0,0.0,0.19,optimal
2021-02-10 16:30:00,6,6,0.0,0.23222222222222222,0.0,0.28446666666666665,optimal
2021-02-10 17:00:00,6,6,0.0,0.0,0.0,0.15813333333333332,optimal
2021-02-10 17:30:00,6,6,0.0,0.0,0.0,0.5302333333333333,optimal
2021-02-10 18:00:00,6,6,0.0,0.3096296296296296,0.0,0.1216,optimal
2021-02-10 18:30:00,6,6,0.0,2.5544444444444445,0.0,0.0466,optimal
2021-02-10 19:00:00,6,6,0.0,0.0,0.0,0.1406,optimal
2021-02-10 19:30:00,6,6,0.0,0.387037037037037,0.0,0.17186666666666667,optimal
2021-02-10 20:00:00,6,6,0.40444726252491264,0.23222222222222222,0.0,0.28946666666666665,optimal
2021-02-10 20:30:00,6,6,0.0,0.0,0.0,0.27193333333333336,optimal
2021-02-10 21:00:00,6,6,0.0,0.0774074074074074,0.0,0.228,optimal
2021-02-10 21:30:00,6,6,0.0,0.23222222222222222,0.0,0.2918,optimal
2021-02-10 22:00:00,6,6,0.0,0.0,0.0,0.4068333333333333,optimal
2021-02-10 22:30:00,6,6,0.0,0.3096296296296296,0.0,0.37673333333333336,optimal
2021-02-10 23:00:00,6,6,0.0,0.5418518518518518,0.0,0.32280000000000003,optimal
2021-02-10 23:30:00,6,6,0.0,0.0,0.0,0.41086666666666666,optimal
2021-02-11 00:00:00,6,6,0.6854084844697251,1.548148148148148,0.0,0.6194,optimal
2021-02-11 00:30:00,6,6,1.1428571428571428,0.0,0.0,0.052,optimal
2021-02-11 01:00:00,6,6,1.1428571428571428,0.0,0.0,0.26326666666666665,optimal
2021-02-11 01:30:00,6,6,1.1428571428571428,0.0,0.0,0.052,optimal
2021-02-11 02:00:00,6,6,1.1428571428571428,0.0,0.0,0.13216666666666665,optimal
2021-02-11 02:30:00,6,6,1.1428571428571428,0.0,0.0,0.1159,optimal
2021-02-11 03:00:00,6,6,1.1428571428571428,0.0,0.0,0.14386666666666667,optimal
2021-02-11 03:30:00,6,6,1.1428571428571428,0.0,0.0,0.163,optimal
2021-02-11 04:00:00,6,6,1.1428571428571428,0.0,0.0,0.1276,optimal
2021-02-11 04:30:00,6,6,1.1428571428571428,0.0,0.0,0.13833333333333334,optimal
2021-02-11 05:00:00,6,6,1.1428571428571428,0.0,0.0,0.17693333333333333,optimal
2021-02-11 05:30:00,6,6,1.1428571428571428,0.0,2.030613430072103,0.054666666666666655,optimal
2021-02-11 06:00:00,6,6,1.1428571428571428,0.0,5.0,0.062,optimal
2021-02-11 06:30:00,6,6,1.1428571428571428,0.0,5.0,0.27326666666666666,optimal
2021-02-11 07:00:00,6,6,1.1428571428571428,0.0,5.0,0.062,optimal
2021-02-11 07:30:00,6,6,1.1428571428571428,2.012592592592592,0.0,1.912,optimal
2021-02-11 08:00:00,6,6,0.770972184049224,0.387037037037037,0.0,0.2334,optimal
2021-02-11 08:30:00,6,6,0.722575486173109,0.0,0.0,2.443833333333333,optimal
2021-02-11 09:00:00,6,6,0.6357430694398761,0.0774074074074074,0.0,0.20916666666666664,optimal
2021-02-11 09:30:00,6,6,0.6104581746486077,0.0774074074074074,0.0,0.17653333333333332,optimal
2021-02-11 10:00:00,6,6,0.19486120412177954,0.0,0.0,2.3084000000000002,optimal
2021-02-11 10:30:00,6,6,0.27433060309349067,0.23222222222222222,0.0,0.1535,optimal
2021-02-11 11:00:00,6,6,0.1398205291782639,0.0774074074074074,0.0,2.3135,optimal
2021-02-11 11:30:00,6,6,0.12555449474933023,0.23222222222222222,0.0,0.9816,optimal
2021-02-11 12:00:00,6,6,0.0,0.46444444444444444,0.0,2.4855,optimal
2021-02-11 12:30:00,6,6,0.0,0.3096296296296296,0.0,0.1198,optimal
2021-02-11 13:00:00,6,6,1.0752641613538827,0.0,0.0,0.1148,optimal
2021-02-11 13:30:00,6,6,1.1428571428571428,0.0,0.0,2.4885333333333333,optimal
2021-02-11 14:00:00,6,6,1.1428571428571428,0.0,0.0,0.138,optimal
2021-02-11 14:30:00,6,6,1.1428571428571428,0.387037037037037,0.0,0.2508333333333333,optimal
2021-02-11 15:00:00,6,6,1.1428571428571428,0.0,0.0,1.678233333333333,optimal
2021-02-11 15:30:00,6,6,1.1428571428571428,0.1548148148148148,0.0,3.070533333333333,optimal
2021-02-11 16:00:00,6,6,0.0,0.0,0.0,2.2574666666666667,optimal
2021-02-11 16:30:00,6,6,0.0,0.0,0.0,0.062,optimal
2021-02-11 17:00:00,6,6,0.0,0.0,0.0,0.2301,optimal
2021-02-11 17:30:00,6,6,0.0,0.0,0.0,0.10516666666666669,optimal
2021-02-11 18:00:00,6,6,0.0,0.46444444444444444,0.0,2.976866666666667,optimal
2021-02-11 18:30:00,6,6,0.0,0.0,0.0,1.0291666666666668,optimal
2021-02-11 19:00:00,6,6,0.0,5.960370370370371,0.0,0.5228333333333334,optimal
2021-02-11 19:30:00,6,6,0.0,0.5418518518518518,0.0,2.3608000000000002,optimal
2021-02-11 20:00:00,6,6,0.015524084297151151,0.0,0.0,0.2073,optimal
2021-02-11 20:30:00,6,6,0.0,0.0,0.0,0.305,optimal
2021-02-11 21:00:00,6,6,0.0,0.774074074074074,0.0,2.632766666666667,optimal
2021-02-11 21:30:00,6,6,0.0,0.1548148148148148,0.0,1.6488666666666665,optimal
2021-02-11 22:00:00,6,6,0.0,0.0,0.0,3.125966666666667,optimal
2021-02-11 22:30:00,6,6,0.0,0.0,0.0,0.8033333333333333,optimal
2021-02-11 23:00:00,6,6,0.0,0.0,0.0,0.2586666666666667,optimal
2021-02-11 23:30:00,6,6,0.0,0.0,0.0,0.08220000000000001,optimal
2021-02-12 00:00:00,6,6,1.1428571428571428,0.0,0.0,0.17216666666666666,optimal
2021-02-12 00:30:00,6,6,1.1428571428571428,0.0,0.0,0.1107,optimal
2021-02-12 01:00:00,6,6,1.1428571428571428,0.0,0.0,0.06,optimal
2021-02-12 01:30:00,6,6,1.1428571428571428,0.0,0.0,0.15266666666666664,optimal
2021-02-12 02:00:00,6,6,1.1428571428571428,0.0,0.0,0.19933333333333328,optimal
2021-02-12 02:30:00,6,6,1.1428571428571428,0.0,0.0,0.13019999999999998,optimal
2021-02-12 03:00:00,6,6,1.1428571428571428,0.0,0.0,0.07853333333333333,optimal
2021-02-12 03:30:00,6,6,1.1428571428571428,0.0,0.0,0.3436666666666667,optimal
2021-02-12 04:00:00,6,6,1.1428571428571428,0.0,0.0,0.06,optimal
2021-02-12 04:30:00,6,6,1.1428571428571428,0.0,0.0,0.2568666666666667,optimal
2021-02-12 05:00:00,6,6,1.1428571428571428,0.0,0.0,0.16069999999999998,optimal
2021-02-12 05:30:00,6,6,1.1428571428571428,0.0,0.0,0.13483333333333333,optimal
2021-02-12 06:00:00,6,6,1.1428571428571428,0.387037037037037,1.8099718948680352,0.2693666666666667,optimal
2021-02-12 06:30:00,6,6,1.1428571428571428,0.5418518518518518,5.0,0.2378,optimal
2021-02-12 07:00:00,6,6,1.1428571428571428,1.006296296296296,5.0,0.23426666666666668,optimal
2021-02-12 07:30:00,6,6,1.1428571428571428,8.172015111374318,0.0,0.1287333333333333,optimal
2021-02-12 08:00:00,6,6,0.7682557438974157,0.0,0.0,0.20636666666666667,optimal
2021-02-12 08:30:00,6,6,0.792907765776885,0.46444444444444444,0.0,0.28746666666666665,optimal
2021-02-12 09:00:00,6,6,0.8640836989456463,0.0,0.0,0.11386666666666666,optimal
2021-02-12 09:30:00,6,6,0.7473114582715744,0.0,0.0,0.19240000000000002,optimal
2021-02-12 10:00:00,6,6,0.4552288339500596,0.0,0.0,0.19326666666666667,optimal
2021-02-12 10:30:00,6,6,0.4660581235244772,0.0,0.0,0.09533333333333331,optimal
2021-02-12 11:00:00,6,6,0.22430041362770775,0.0,0.0,0.2986333333333333,optimal
2021-02-12 11:30:00,6,6,0.2664612176816523,0.0,0.0,0.14356666666666668,optimal
2021-02-12 12:00:00,6,6,0.18228001528785429,0.0,0.0,0.2138333333333333,optimal
2021-02-12 12:30:00,6,6,0.17598367648465046,0.0,0.0,0.22836666666666666,optimal
2021-02-12 13:00:00,6,6,1.1035409147267816,0.0,0.0,0.12406666666666666,optimal
2021-02-12 13:30:00,6,6,1.1428571428571428,0.0,0.0,2.0482666666666667,optimal
2021-02-12 14:00:00,6,6,1.1428571428571428,0.1548148148148148,0.0,0.4952,optimal
2021-02-12 14:30:00,6,6,1.1428571428571428,0.1548148148148148,0.0,0.147,optimal
2021-02-12 15:00:00,6,6,1.1428571428571428,0.0,0.0,0.38939999999999997,optimal
2021-02-12 15:30:00,6,6,1.1428571428571428,0.0,0.0,0.08413333333333334,optimal
2021-02-12 16:00:00,6,6,0.0,0.0,0.0,0.4073,optimal
2021-02-12 16:30:00,6,6,0.0,0.0,0.0,0.4646666666666667,optimal
2021-02-12 17:00:00,6,6,0.0,0.0,0.0,0.345,optimal
2021-02-12 17:30:00,6,6,0.0,0.1548148148148148,0.0,0.5779666666666667,optimal
2021-02-12 18:00:00,6,6,0.0,0.1548148148148148,0.0,0.529,optimal
2021-02-12 18:30:00,6,6,0.0,0.1548148148148148,0.0,0.6654,optimal
2021-02-12 19:00:00,6,6,0.0,0.0,0.0,0.2742,optimal
2021-02-12 19:30:00,6,6,0.0,0.0,0.0,0.1129,optimal
2021-02-12 20:00:00,6,6,0.0,0.0,0.0,0.4263,optimal
2021-02-12 20:30:00,6,6,0.0,1.315925925925926,0.0,0.376,optimal
2021-02-12 21:00:00,6,6,0.0,0.0,0.0,0.37673333333333336,optimal
2021-02-12 21:30:00,6,6,0.0,0.0,0.0,0.5023333333333333,optimal
2021-02-12 22:00:00,6,6,0.0,2.4770370370370367,0.0,0.5706666666666667,optimal
2021-02-12 22:30:00,6,6,0.0,0.0,0.0,0.6567333333333334,optimal
2021-02-12 23:00:00,6,6,0.0,0.0,0.0,0.146,optimal
2021-02-12 23:30:00,6,6,0.0,0.0,0.0,0.24596666666666667,optimal
2021-02-13 00:00:00,6,6,0.0,0.0,0.0,0.056,optimal
2021-02-13 00:30:00,6,6,0.0,0.0,0.0,0.056,optimal
2021-02-13 01:00:00,6,6,0.4238793889333062,0.0,0.0,0.09079999999999999,optimal
2021-02-13 01:30:00,6,6,1.1428571428571428,0.0,0.0,0.1534,optimal
2021-02-13 02:00:00,6,6,1.1428571428571428,0.0,0.0,0.1434,optimal
2021-02-13 02:30:00,6,6,1.1428571428571428,0.0,0.0,0.16040000000000001,optimal
2021-02-13 03:00:00,6,6,1.1428571428571428,0.0,0.0,0.139,optimal
2021-02-13 03:30:00,6,6,1.1428571428571428,0.0,0.0,0.0882,optimal
2021-02-13 04:00:00,6,6,1.1428571428571428,0.0,0.0,0.21680000000000002,optimal
2021-02-13 04:30:00,6,6,1.1428571428571428,0.0,1.9797585462180074,0.1148,optimal
2021-02-13 05:00:00,6,6,1.1428571428571428,0.0,5.0,0.0882,optimal
2021-02-13 05:30:00,6,6,1.1428571428571428,0.0,5.0,0.1158,optimal
2021-02-13 06:00:00,6,6,1.1428571428571428,0.0,5.0,0.18359999999999999,optimal
2021-02-13 06:30:00,6,6,1.1428571428571428,0.0,5.0,0.056,optimal
2021-02-13 07:00:00,6,6,1.1428571428571428,0.1548148148148148,5.0,0.17,optimal
2021-02-13 07:30:00,6,6,1.1428571428571428,0.23222222222222222,0.0,0.3440666666666667,optimal
2021-02-13 08:00:00,6,6,0.6656102323089187,6.889259259259259,0.0,0.21,optimal
2021-02-13 08:30:00,6,6,0.8068281792200058,0.0774074074074074,0.0,0.2079333333333333,optimal
2021-02-13 09:00:00,6,6,0.7555249426314685,0.0,0.0,0.158,optimal
2021-02-13 09:30:00,6,6,0.6682622962345192,0.23222222222222222,0.0,0.2939,optimal
2021-02-13 10:00:00,6,6,0.5458997146336428,0.0,0.0,0.12616666666666668,optimal
2021-02-13 10:30:00,6,6,0.5552319472590117,0.0,0.0,0.153,optimal
2021-02-13 11:00:00,6,6,0.33225514621848684,0.0,0.0,0.194,optimal
2021-02-13 11:30:00,6,6,0.3653683312248016,0.0,0.0,0.0706,optimal
2021-02-13 12:00:00,6,6,0.2727707811750079,0.0,0.0,0.089,optimal
2021-02-13 12:30:00,6,6,0.17869238928289174,0.0,0.0,0.3542666666666667,optimal
2021-02-13 13:00:00,6,6,1.1428571428571428,0.0,0.0,0.066,optimal
2021-02-13 13:30:00,6,6,1.1428571428571428,0.0,0.0,0.066,optimal
2021-02-13 14:00:00,6,6,1.1428571428571428,0.0,0.0,0.07759999999999999,optimal
2021-02-13 14:30:00,6,6,1.1428571428571428,0.0,0.0,0.274,optimal
2021-02-13 15:00:00,6,6,1.1428571428571428,0.0,0.0,0.15766666666666665,optimal
2021-02-13 15:30:00,6,6,1.1428571428571428,0.0,0.0,0.158,optimal
2021-02-13 16:00:00,6,6,0.0,0.0,0.0,0.1008,optimal
2021-02-13 16:30:00,6,6,0.0,6.502222222222222,0.0,0.6191,optimal
2021-02-13 17:00:00,6,6,0.0,0.1548148148148148,0.0,0.3047333333333333,optimal
2021-02-13 17:30:00,6,6,0.0,0.23222222222222222,0.0,0.6209,optimal
2021-02-13 18:00:00,6,6,0.0,0.774074074074074,0.0,0.36060000000000003,optimal
2021-02-13 18:30:00,6,6,0.0,0.23222222222222222,0.0,0.5063333333333333,optimal
2021-02-13 19:00:00,6,6,0.0,0.0,0.0,0.316,optimal
2021-02-13 19:30:00,6,6,0.0,0.1548148148148148,0.0,0.3316,optimal
2021-02-13 20:00:00,6,6,0.27909335149494213,0.0,0.0,0.4162,optimal
2021-02-13 20:30:00,6,6,0.0,0.387037037037037,0.0,0.26239999999999997,optimal
2021-02-13 21:00:00,6,6,0.0,0.1548148148148148,0.0,0.12819999999999998,optimal
2021-02-13 21:30:00,6,6,0.0,0.0,0.0,0.1936,optimal
2021-02-13 22:00:00,6,6,0.0,0.0,0.0,0.066,optimal
2021-02-13 22:30:00,6,6,0.0,0.0,0.0,0.245,optimal
2021-02-13 23:00:00,6,6,0.0,0.3096296296296296,0.0,0.11893333333333334,optimal
2021-02-13 23:30:00,6,6,0.0,0.23222222222222222,0.0,0.21653333333333333,optimal
2021-02-07 00:00:00,7,6,0.0,0.0,0.0,0.058,optimal
2021-02-07 00:30:00,7,6,0.0,0.0,0.0,0.058,optimal
2021-02-07 01:00:00,7,6,0.0,0.0,0.0,0.20613333333333334,optimal
2021-02-07 01:30:00,7,6,0.0,0.0,0.0,0.10173333333333331,optimal
2021-02-07 02:00:00,7,6,0.0,0.0,0.0,0.12359999999999999,optimal
2021-02-07 02:30:00,7,6,0.0,0.0,0.0,0.20613333333333334,optimal
2021-02-07 03:00:00,7,6,0.0,0.0,0.0,0.058,optimal
2021-02-07 03:30:00,7,6,0.0,0.0,0.0,0.07146666666666666,optimal
2021-02-07 04:00:00,7,6,1.1428571428571428,0.0,0.0,0.19266666666666662,optimal
2021-02-07 04:30:00,7,6,1.1428571428571428,0.0,0.0,0.16733333333333333,optimal
2021-02-07 05:00:00,7,6,1.1428571428571428,0.0,0.0,0.11186666666666666,optimal
2021-02-07 05:30:00,7,6,1.1428571428571428,0.0,0.0,0.2616,optimal
2021-02-07 06:00:00,7,6,1.1428571428571428,0.0,0.0,0.058,optimal
2021-02-07 06:30:00,7,6,1.1428571428571428,0.0,1.4055777348378222,0.2868,optimal
2021-02-07 07:00:00,7,6,1.1428571428571428,0.0774074074074074,0.0,0.10479999999999999,optimal
2021-02-07 07:30:00,7,6,0.0,0.0,0.0,0.271,optimal
2021-02-07 08:00:00,7,6,0.0,0.387037037037037,0.0,0.11966666666666669,optimal
2021-02-07 08:30:00,7,6,0.6431245437060273,0.387037037037037,0.0,0.10313333333333334,optimal
2021-02-07 09:00:00,7,6,0.5927729670086876,0.5418518518518518,0.0,0.1846,optimal
2021-02-07 09:30:00,7,6,0.5537528186816896,0.0,0.0,0.2744,optimal
2021-02-07 10:00:00,7,6,0.46715391865036043,0.23222222222222222,0.0,0.27113333333333334,optimal
2021-02-07 10:30:00,7,6,0.5321846914948536,0.3096296296296296,0.0,0.07146666666666666,optimal
2021-02-07 11:00:00,7,6,0.36767455822991046,0.0,0.0,0.28146666666666664,optimal
2021-02-07 11:30:00,7,6,0.35301741537276843,0.0,0.0,0.33813333333333334,optimal
2021-02-07 12:00:00,7,6,0.3269237029634068,0.0,0.0,0.26106666666666667,optimal
2021-02-07 12:30:00,7,6,0.35362846486816485,0.23222222222222222,0.0,0.22826666666666667,optimal
2021-02-07 13:00:00,7,6,1.1428571428571428,0.0774074074074074,0.0,1.3547333333333331,optimal
2021-02-07 13:30:00,7,6,1.1428571428571428,0.0,0.0,1.4223333333333332,optimal
2021-02-07 14:00:00,7,6,1.1428571428571428,0.0,0.0,0.2834,optimal
2021-02-07 14:30:00,7,6,1.1428571428571428,0.0,0.0,0.19206666666666664,optimal
2021-02-07 15:00:00,7,6,1.1428571428571428,0.0,0.0,0.15553333333333333,optimal
2021-02-07 15:30:00,7,6,1.1428571428571428,0.0,0.0,0.2379333333333333,optimal
2021-02-07 16:00:00,7,6,0.0,0.0,0.0,0.3932,optimal
2021-02-07 16:30:00,7,6,0.0,0.0774074074074074,0.0,0.5183333333333334,optimal
2021-02-07 17:00:00,7,6,0.0,0.46444444444444444,0.0,0.3092,optimal
2021-02-07 17:30:00,7,6,0.0,0.23222222222222222,0.0,0.4381333333333333,optimal
2021-02-07 18:00:00,7,6,0.0,0.3096296296296296,0.0,0.45106666666666667,optimal
2021-02-07 18:30:00,7,6,0.0,0.1548148148148148,0.0,0.3206666666666667,optimal
2021-02-07 19:00:00,7,6,0.0,0.23222222222222222,0.0,0.41373333333333334,optimal
2021-02-07 19:30:00,7,6,0.0,0.1548148148148148,0.0,0.41786666666666666,optimal
2021-02-07 20:00:00,7,6,0.33861926411497095,0.1548148148148148,0.0,0.34546666666666664,optimal
2021-02-07 20:30:00,7,6,0.0,0.0,0.0,0.29519999999999996,optimal
2021-02-07 21:00:00,7,6,0.0,0.0,0.0,0.34746666666666665,optimal
2021-02-07 21:30:00,7,6,0.0,1.8577777777777778,0.0,0.26253333333333334,optimal
2021-02-07 22:00:00,7,6,0.0,0.3096296296296296,0.0,0.3065333333333334,optimal
2021-02-07 22:30:00,7,6,0.0,0.0,0.0,0.1821333333333333,optimal
2021-02-07 23:00:00,7,6,0.0,0.0,0.0,0.30526666666666663,optimal
2021-02-07 23:30:00,7,6,0.0,0.0,0.0,0.0862,optimal
2021-02-08 00:00:00,7,6,0.0,0.0,0.0,0.06333333333333334,optimal
2021-02-08 00:30:00,7,6,0.0,0.0,0.0,0.069,optimal
2021-02-08 01:00:00,7,6,0.0,0.0,0.0,0.069,optimal
2021-02-08 01:30:00,7,6,0.0,0.0,0.0,0.22373333333333328,optimal
2021-02-08 02:00:00,7,6,0.8244269942944876,0.0,0.0,0.069,optimal
2021-02-08 02:30:00,7,6,1.1428571428571428,0.0,0.0,0.1323,optimal
2021-02-08 03:00:00,7,6,1.1428571428571428,0.0,0.0,0.16043333333333334,optimal
2021-02-08 03:30:00,7,6,1.1428571428571428,0.0,0.0,0.069,optimal
2021-02-08 04:00:00,7,6,1.1428571428571428,0.0,0.0,0.14636666666666667,optimal
2021-02-08 04:30:00,7,6,1.1428571428571428,0.0,3.027090435408671,0.14636666666666667,optimal
2021-02-08 05:00:00,7,6,1.1428571428571428,0.0,5.0,0.06833333333333333,optimal
2021-02-08 05:30:00,7,6,1.1428571428571428,4.876666666666668,0.0,0.4049,optimal
2021-02-08 06:00:00,7,6,1.1428571428571428,2.5544444444444445,0.0,0.27543333333333336,optimal
2021-02-08 06:30:00,7,6,1.1428571428571428,0.774074074074074,0.0,0.081,optimal
2021-02-08 07:00:00,7,6,1.1428571428571428,0.1548148148148148,0.0,0.2914,optimal
2021-02-08 07:30:00,7,6,1.1428571428571428,0.5836518518518518,0.0,1.1516333333333335,optimal
2021-02-08 08:00:00,7,6,0.6089625793934708,2.8996814814814806,0.0,0.0792,optimal
2021-02-08 08:30:00,7,6,0.6146219236665332,2.3222222222222215,0.0,0.067,optimal
2021-02-08 09:00:00,7,6,0.6857433114364264,0.0,0.0,0.18856666666666663,optimal
2021-02-08 09:30:00,7,6,0.7034257235982622,0.0,0.0,0.10416666666666669,optimal
2021-02-08 10:00:00,7,6,0.5540751168660235,0.0,0.0,0.069,optimal
2021-02-08 10:30:00,7,6,0.5183069904184835,0.0,0.0,0.21669999999999998,optimal
2021-02-08 11:00:00,7,6,0.3848550267797912,0.0,0.0,0.07603333333333333,optimal
2021-02-08 11:30:00,7,6,0.38257663488767774,0.0,0.0,0.069,optimal
2021-02-08 12:00:00,7,6,0.2779269901284952,0.0,0.0,0.22373333333333328,optimal
2021-02-08 12:30:00,7,6,0.23101782539188526,0.0,0.0,0.1029,optimal
2021-02-08 13:00:00,7,6,0.18373815671782262,0.0,0.0,0.4014666666666666,optimal
2021-02-08 13:30:00,7,6,1.016207242957098,0.1548148148148148,0.0,0.3674333333333333,optimal
2021-02-08 14:00:00,7,6,1.1428571428571428,0.1548148148148148,0.0,0.09013333333333334,optimal
2021-02-08 14:30:00,7,6,1.1428571428571428,0.0,0.0,1.5653666666666666,optimal
2021-02-08 15:00:00,7,6,1.1428571428571428,0.0,0.0,0.28733333333333333,optimal
2021-02-08 15:30:00,7,6,1.1428571428571428,0.0,0.0,0.172,optimal
2021-02-08 16:00:00,7,6,0.0,0.5418518518518518,0.0,0.5774666666666667,optimal
2021-02-08 16:30:00,7,6,0.0,0.3096296296296296,0.0,0.5795,optimal
2021-02-08 17:00:00,7,6,0.0,1.006296296296296,0.0,0.5701,optimal
2021-02-08 17:30:00,7,6,0.0,0.23222222222222222,0.0,0.7329,optimal
2021-02-08 18:00:00,7,6,0.0,0.23222222222222222,0.0,1.5455333333333332,optimal
2021-02-08 18:30:00,7,6,0.0,0.387037037037037,0.0,1.932,optimal
2021-02-08 19:00:00,7,6,0.0,1.8577777777777778,0.0,0.34476666666666667,optimal
2021-02-08 19:30:00,7,6,0.0,6.192592592592591,0.0,0.26613333333333333,optimal
2021-02-08 20:00:00,7,6,0.0,0.0,0.0,1.0755666666666666,optimal
2021-02-08 20:30:00,7,6,0.0,0.0,0.0,0.4895333333333334,optimal
2021-02-08 21:00:00,7,6,0.0,0.0,0.0,0.3584333333333333,optimal
2021-02-08 21:30:00,7,6,0.0,2.8640740740740736,0.0,0.09016666666666669,optimal
2021-02-08 22:00:00,7,6,0.0,0.0774074074074074,0.0,0.2312333333333333,optimal
2021-02-08 22:30:00,7,6,0.0,0.8514814814814814,0.0,0.14303333333333332,optimal
2021-02-08 23:00:00,7,6,0.0,0.0,0.0,0.069,optimal
2021-02-08 23:30:00,7,6,0.0,0.0,0.0,0.2194,optimal
2021-02-09 00:00:00,7,6,0.0,0.0,0.0,0.12079999999999999,optimal
2021-02-09 00:30:00,7,6,0.0,0.0,0.0,0.056,optimal
2021-02-09 01:00:00,7,6,0.28569871166561567,0.0,0.0,0.10553333333333331,optimal
2021-02-09 01:30:00,7,6,1.1428571428571428,0.3096296296296296,0.0,0.08626666666666667,optimal
2021-02-09 02:00:00,7,6,1.1428571428571428,0.0,0.0,0.0632,optimal
2021-02-09 02:30:00,7,6,1.1428571428571428,0.0,0.0,0.11359999999999999,optimal
2021-02-09 03:00:00,7,6,1.1428571428571428,0.0,0.0,0.06133333333333334,optimal
2021-02-09 03:30:00,7,6,1.1428571428571428,0.0,0.0,0.059,optimal
2021-02-09 04:00:00,7,6,1.1428571428571428,0.0,0.0,0.1278,optimal
2021-02-09 04:30:00,7,6,1.1428571428571428,0.0,0.0,0.0636,optimal
2021-02-09 05:00:00,7,6,1.1428571428571428,0.0,0.0,0.1172,optimal
2021-02-09 05:30:00,7,6,1.1428571428571428,0.0,0.0,0.057,optimal
2021-02-09 06:00:00,7,6,1.1428571428571428,0.0,0.0,0.1308,optimal
2021-02-09 06:30:00,7,6,1.1428571428571428,0.0,2.7458516962267248,0.06793333333333333,optimal
2021-02-09 07:00:00,7,6,1.1428571428571428,0.0,5.0,0.1172,optimal
2021-02-09 07:30:00,7,6,1.1428571428571428,0.6192592592592592,0.0,0.1849,optimal
2021-02-09 08:00:00,7,6,0.7300014397558149,0.23222222222222222,0.0,0.12279999999999999,optimal
2021-02-09 08:30:00,7,6,0.8414743281081161,0.0,0.0,0.066,optimal
2021-02-09 09:00:00,7,6,0.7158414559828413,0.0,0.0,0.1308,optimal
2021-02-09 09:30:00,7,6,0.7214919945922249,0.0,0.0,0.063,optimal
2021-02-09 10:00:00,7,6,0.5188133515783327,0.0,0.0,0.1172,optimal
2021-02-09 10:30:00,7,6,0.524550705181385,0.0,0.0,0.0596,optimal
2021-02-09 11:00:00,7,6,0.3469480033701192,0.0,0.0,0.08120000000000001,optimal
2021-02-09 11:30:00,7,6,0.3406897598050198,0.0,0.0,0.09559999999999999,optimal
2021-02-09 12:00:00,7,6,0.23755567717241913,0.0,0.0,0.056,optimal
2021-02-09 12:30:00,7,6,0.22118534930895867,0.0,0.0,0.12079999999999999,optimal
2021-02-09 13:00:00,7,6,1.1428571428571428,0.0,0.0,0.056,optimal
2021-02-09 13:30:00,7,6,1.1428571428571428,0.0,0.0,0.06659999999999999,optimal
2021-02-09 14:00:00,7,6,1.1428571428571428,0.0,0.0,0.1272,optimal
2021-02-09 14:30:00,7,6,1.1428571428571428,0.0,0.0,0.066,optimal
2021-02-09 15:00:00,7,6,1.1428571428571428,0.0,0.0,0.066,optimal
2021-02-09 15:30:00,7,6,1.1428571428571428,0.0,0.0,0.066,optimal
2021-02-09 16:00:00,7,6,0.0,0.0,0.0,0.1092,optimal
2021-02-09 16:30:00,7,6,0.0,0.0,0.0,0.0876,optimal
2021-02-09 17:00:00,7,6,0.0,0.0,0.0,0.07906666666666666,optimal
2021-02-09 17:30:00,7,6,0.0,0.5418518518518518,0.0,0.11213333333333333,optimal
2021-02-09 18:00:00,7,6,0.0,0.387037037037037,0.0,0.2765666666666667,optimal
2021-02-09 18:30:00,7,6,0.0,2.0899999999999994,0.0,0.36656666666666665,optimal
2021-02-09 19:00:00,7,6,0.0,0.46444444444444444,0.0,1.2568,optimal
2021-02-09 19:30:00,7,6,0.3508394341599598,0.1548148148148148,0.0,0.064,optimal
2021-02-09 20:00:00,7,6,0.7256131480473452,0.3096296296296296,0.0,0.0676,optimal
2021-02-09 20:30:00,7,6,0.0,0.0,0.0,0.1378,optimal
2021-02-09 21:00:00,7,6,0.0,0.3096296296296296,0.0,0.121,optimal
2021-02-09 21:30:00,7,6,0.0,0.46444444444444444,0.0,0.3537666666666667,optimal
2021-02-09 22:00:00,7,6,0.0,0.0,0.0,1.1713,optimal
2021-02-09 22:30:00,7,6,0.0,0.0,0.0,0.4332,optimal
2021-02-09 23:00:00,7,6,0.0,0.0,0.0,0.18893333333333331,optimal
2021-02-09 23:30:00,7,6,0.0,0.0,0.0,0.095,optimal
2021-02-10 00:00:00,7,6,0.0,0.0,0.0,0.09103333333333331,optimal
2021-02-10 00:30:00,7,6,0.0,0.0,0.0,0.26276666666666665,optimal
2021-02-10 01:00:00,7,6,0.0,0.0,0.0,0.2799,optimal
2021-02-10 01:30:00,7,6,0.0,0.0,0.0,0.7842666666666667,optimal
2021-02-10 02:00:00,7,6,0.43200754762353155,0.0,0.0,0.3055333333333334,optimal
2021-02-10 02:30:00,7,6,1.1428571428571428,0.0,0.0,0.231,optimal
2021-02-10 03:00:00,7,6,1.1428571428571428,0.0,0.0,0.4529333333333333,optimal
2021-02-10 03:30:00,7,6,1.1428571428571428,0.1548148148148148,0.0,0.189,optimal
2021-02-10 04:00:00,7,6,1.1428571428571428,0.23222222222222222,0.0,0.4516,optimal
2021-02-10 04:30:00,7,6,1.1428571428571428,1.8577777777777778,0.0,0.3778666666666667,optimal
2021-02-10 05:00:00,7,6,1.1428571428571428,1.9351851851851851,3.4830496837278555,0.5267333333333334,optimal
2021-02-10 05:30:00,7,6,1.1428571428571428,0.1548148148148148,5.0,0.37176666666666663,optimal
2021-02-10 06:00:00,7,6,1.1428571428571428,0.46444444444444444,5.0,0.22493333333333332,optimal
2021-02-10 06:30:00,7,6,1.1428571428571428,0.8514814814814814,5.0,0.3846,optimal
2021-02-10 07:00:00,7,6,1.1428571428571428,1.1611111111111108,5.0,0.198,optimal
2021-02-10 07:30:00,7,6,1.1428571428571428,0.35142962962962954,0.0,1.6126666666666667,optimal
2021-02-10 08:00:00,7,6,0.8082834862894308,0.035607407407407414,0.0,0.104,optimal
2021-02-10 08:30:00,7,6,0.78951717869569,0.0,0.0,0.292,optimal
2021-02-10 09:00:00,7,6,0.733779793939213,0.0,0.0,0.064,optimal
2021-02-10 09:30:00,7,6,0.7218896768216492,0.0,0.0,0.0756,optimal
2021-02-10 10:00:00,7,6,0.4851318205257511,0.0,0.0,0.2372,optimal
2021-02-10 10:30:00,7,6,0.5158428041161537,0.0,0.0,0.1072,optimal
2021-02-10 11:00:00,7,6,0.3760096823476667,0.0,0.0,0.1336,optimal
2021-02-10 11:30:00,7,6,0.2985027190269815,2.2448148148148146,0.0,0.19119999999999998,optimal
2021-02-10 12:00:00,7,6,0.030959417352396136,0.46444444444444444,0.0,0.4796666666666667,optimal
2021-02-10 12:30:00,7,6,0.0,2.631851851851852,0.0,1.1912333333333331,optimal
2021-02-10 13:00:00,7,6,0.007365931052098594,0.3096296296296296,0.0,0.2804,optimal
2021-02-10 13:30:00,7,6,0.04570868996049238,0.0,0.0,0.44389999999999996,optimal
2021-02-10 14:00:00,7,6,0.908921140458816,0.0,0.0,0.32666666666666666,optimal
2021-02-10 14:30:00,7,6,1.1428571428571428,0.0774074074074074,0.0,0.5406666666666666,optimal
2021-02-10 15:00:00,7,6,1.1428571428571428,0.0,0.0,0.416,optimal
2021-02-10 15:30:00,7,6,1.1428571428571428,0.46444444444444444,0.0,0.4841333333333333,optimal
2021-02-10 16:00:00,7,6,0.0,0.1548148148148148,0.0,1.211266666666667,optimal
2021-02-10 16:30:00,7,6,0.0,0.0774074074074074,0.0,0.7745333333333333,optimal
2021-02-10 17:00:00,7,6,0.0,0.0774074074074074,0.0,1.52,optimal
2021-02-10 17:30:00,7,6,0.0,0.6192592592592592,0.0,1.9855,optimal
2021-02-10 18:00:00,7,6,0.0,0.1548148148148148,0.0,0.5668666666666666,optimal
2021-02-10 18:30:00,7,6,0.0,0.8514814814814814,0.0,0.27466666666666667,optimal
2021-02-10 19:00:00,7,6,0.0,0.1548148148148148,0.0,1.7749333333333335,optimal
2021-02-10 19:30:00,7,6,0.0,0.387037037037037,0.0,0.6093666666666667,optimal
2021-02-10 20:00:00,7,6,0.0,0.1548148148148148,0.0,0.21713333333333332,optimal
2021-02-10 20:30:00,7,6,0.0,5.960370370370371,0.0,0.4367,optimal
2021-02-10 21:00:00,7,6,0.0,0.5418518518518518,0.0,1.4598,optimal
2021-02-10 21:30:00,7,6,0.0,0.0,0.0,0.5810666666666667,optimal
2021-02-10 22:00:00,7,6,0.0,0.1548148148148148,0.0,0.4395333333333334,optimal
2021-02-10 22:30:00,7,6,0.0,0.0,0.0,0.064,optimal
2021-02-10 23:00:00,7,6,0.0,0.0,0.0,0.2704,optimal
2021-02-10 23:30:00,7,6,0.0,0.0,0.0,0.08326666666666667,optimal
2021-02-11 00:00:00,7,6,0.0,0.0774074074074074,0.0,0.062,optimal
2021-02-11 00:30:00,7,6,0.0,0.0,0.0,0.0719,optimal
2021-02-11 01:00:00,7,6,0.6791602004105957,0.0,0.0,0.0845,optimal
2021-02-11 01:30:00,7,6,1.1428571428571428,0.0,0.0,0.07546666666666667,optimal
2021-02-11 02:00:00,7,6,1.1428571428571428,0.0,0.0,0.20566666666666664,optimal
2021-02-11 02:30:00,7,6,1.1428571428571428,0.0,0.0,0.25403333333333333,optimal
2021-02-11 03:00:00,7,6,1.1428571428571428,0.387037037037037,0.0,0.295,optimal
2021-02-11 03:30:00,7,6,1.1428571428571428,0.0,0.0,0.30019999999999997,optimal
2021-02-11 04:00:00,7,6,1.1428571428571428,0.0,0.0,1.6118333333333332,optimal
2021-02-11 04:30:00,7,6,1.1428571428571428,0.1548148148148148,0.0,0.35006666666666664,optimal
2021-02-11 05:00:00,7,6,1.1428571428571428,0.5418518518518518,0.0,0.4378,optimal
2021-02-11 05:30:00,7,6,1.1428571428571428,0.0,0.0,0.59,optimal
2021-02-11 06:00:00,7,6,1.1428571428571428,1.7803703703703702,0.0,0.7090666666666667,optimal
2021-02-11 06:30:00,7,6,1.1428571428571428,0.23222222222222222,4.750391736004047,0.28813333333333335,optimal
2021-02-11 07:00:00,7,6,1.1428571428571428,0.46444444444444444,5.0,0.08146666666666667,optimal
2021-02-11 07:30:00,7,6,1.1428571428571428,1.006296296296296,0.0,0.0916,optimal
2021-02-11 08:00:00,7,6,0.647991231668273,0.0,0.0,0.2113333333333333,optimal
2021-02-11 08:30:00,7,6,0.7509373909350149,0.23222222222222222,0.0,0.0906,optimal
2021-02-11 09:00:00,7,6,0.5689840218208323,0.0,0.0,0.8477333333333333,optimal
2021-02-11 09:30:00,7,6,0.506341984172419,0.0,0.0,0.8859,optimal
2021-02-11 10:00:00,7,6,0.38779358507415645,0.0,0.0,0.07233333333333333,optimal
2021-02-11 10:30:00,7,6,0.4994258411887386,0.0,0.0,0.073,optimal
2021-02-11 11:00:00,7,6,0.3566967196544501,0.0,0.0,0.073,optimal
2021-02-11 11:30:00,7,6,0.32453735189218474,0.0,0.0,0.073,optimal
2021-02-11 12:00:00,7,6,0.16264702717757232,0.0,0.0,0.073,optimal
2021-02-11 12:30:00,7,6,0.4672171502147748,0.0,0.0,0.07266666666666667,optimal
2021-02-11 13:00:00,7,6,1.1428571428571428,0.0,0.0,0.073,optimal
2021-02-11 13:30:00,7,6,1.1428571428571428,0.0,0.0,0.13126666666666667,optimal
2021-02-11 14:00:00,7,6,1.1428571428571428,0.0774074074074074,0.0,0.12063333333333334,optimal
2021-02-11 14:30:00,7,6,1.1428571428571428,0.0774074074074074,0.0,0.259,optimal
2021-02-11 15:00:00,7,6,1.1428571428571428,0.0,0.0,0.073,optimal
2021-02-11 15:30:00,7,6,1.1428571428571428,0.0,0.0,0.13566666666666666,optimal
2021-02-11 16:00:00,7,6,0.0,0.387037037037037,0.0,0.3208666666666667,optimal
2021-02-11 16:30:00,7,6,0.0,0.387037037037037,0.0,1.3969333333333334,optimal
2021-02-11 17:00:00,7,6,0.0,0.0,0.0,0.073,optimal
2021-02-11 17:30:00,7,6,0.0,0.0,0.0,0.073,optimal
2021-02-11 18:00:00,7,6,0.0,0.23222222222222222,0.0,0.3972,optimal
2021-02-11 18:30:00,7,6,0.0,0.0,0.0,0.073,optimal
2021-02-11 19:00:00,7,6,0.0,0.0,0.0,0.073,optimal
2021-02-11 19:30:00,7,6,1.0291511191045493,0.0,0.0,0.1746,optimal
2021-02-11 20:00:00,7,6,0.8894734923366742,0.0,0.0,0.4442,optimal
2021-02-11 20:30:00,7,6,0.0,0.0,0.0,0.40623333333333334,optimal
2021-02-11 21:00:00,7,6,0.0,0.0,0.0,0.14846666666666666,optimal
2021-02-11 21:30:00,7,6,0.0,0.0,0.0,0.073,optimal
2021-02-11 22:00:00,7,6,0.0,0.0,0.0,0.073,optimal
2021-02-11 22:30:00,7,6,0.0,0.0,0.0,0.073,optimal
2021-02-11 23:00:00,7,6,0.0,0.0,0.0,0.073,optimal
2021-02-11 23:30:00,7,6,0.0,0.0,0.0,0.073,optimal
2021-02-12 00:00:00,7,6,1.1428571428571428,0.0,0.0,0.19953333333333334,optimal
2021-02-12 00:30:00,7,6,1.1428571428571428,0.0,0.0,0.08366666666666667,optimal
2021-02-12 01:00:00,7,6,1.1428571428571428,0.0,0.0,0.148,optimal
2021-02-12 01:30:00,7,6,1.1428571428571428,0.0,0.0,0.059,optimal
2021-02-12 02:00:00,7,6,1.1428571428571428,0.0,0.0,0.16166666666666665,optimal
2021-02-12 02:30:00,7,6,1.1428571428571428,0.0,0.0,0.059,optimal
2021-02-12 03:00:00,7,6,1.1428571428571428,0.0,0.0,0.11766666666666668,optimal
2021-02-12 03:30:00,7,6,1.1428571428571428,0.0,0.0,0.103,optimal
2021-02-12 04:00:00,7,6,1.1428571428571428,0.0,0.0,0.059,optimal
2021-02-12 04:30:00,7,6,1.1428571428571428,0.0,0.0,0.16166666666666665,optimal
2021-02-12 05:00:00,7,6,1.1428571428571428,0.0,0.0,0.059,optimal
2021-02-12 05:30:00,7,6,1.1428571428571428,0.0,4.625381689350503,0.07366666666666667,optimal
2021-02-12 06:00:00,7,6,1.1428571428571428,0.0,5.0,0.147,optimal
2021-02-12 06:30:00,7,6,1.1428571428571428,0.0,5.0,0.059,optimal
2021-02-12 07:00:00,7,6,1.1428571428571428,0.0,5.0,0.17166666666666666,optimal
2021-02-12 07:30:00,7,6,1.1428571428571428,8.953979528933635,0.0,0.059,optimal
2021-02-12 08:00:00,7,6,0.84133193437361,0.1548148148148148,0.0,0.1446,optimal
2021-02-12 08:30:00,7,6,0.8057649086340286,0.0774074074074074,0.0,0.14766666666666667,optimal
2021-02-12 09:00:00,7,6,0.6647598894218418,0.0,0.0,0.072,optimal
2021-02-12 09:30:00,7,6,0.5635590773191863,0.0,0.0,0.16466666666666666,optimal
2021-02-12 10:00:00,7,6,0.23662502442625455,0.0,0.0,0.4008,optimal
2021-02-12 10:30:00,7,6,0.10275717114352657,0.3096296296296296,0.0,1.2875999999999999,optimal
2021-02-12 11:00:00,7,6,0.08105660410389649,0.23222222222222222,0.0,0.45826666666666666,optimal
2021-02-12 11:30:00,7,6,0.15406121768165693,0.0,0.0,0.17276666666666668,optimal
2021-02-12 12:00:00,7,6,0.045889539097373436,0.0,0.0,0.226,optimal
2021-02-12 12:30:00,7,6,0.03698367648465509,0.6192592592592592,0.0,0.3016666666666667,optimal
2021-02-12 13:00:00,7,6,1.1428571428571428,0.1548148148148148,0.0,1.4137,optimal
2021-02-12 13:30:00,7,6,1.1428571428571428,0.0,0.0,0.49473333333333336,optimal
2021-02-12 14:00:00,7,6,1.1428571428571428,0.0,0.0,0.23366666666666663,optimal
2021-02-12 14:30:00,7,6,1.1428571428571428,0.0,0.0,0.1546,optimal
2021-02-12 15:00:00,7,6,1.1428571428571428,0.0,0.0,0.2303,optimal
2021-02-12 15:30:00,7,6,1.1428571428571428,0.0,0.0,0.17166666666666666,optimal
2021-02-12 16:00:00,7,6,0.0,0.0,0.0,0.059,optimal
2021-02-12 16:30:00,7,6,0.0,0.0,0.0,0.059,optimal
2021-02-12 17:00:00,7,6,0.0,0.1548148148148148,0.0,0.4114666666666666,optimal
2021-02-12 17:30:00,7,6,0.0,0.46444444444444444,0.0,0.3865,optimal
2021-02-12 18:00:00,7,6,0.0,0.0,0.0,0.3546,optimal
2021-02-12 18:30:00,7,6,0.0,0.0774074074074074,0.0,1.3302,optimal
2021-02-12 19:00:00,7,6,0.0,0.23222222222222222,0.0,0.4296666666666667,optimal
2021-02-12 19:30:00,7,6,0.0,0.0,0.0,0.4781666666666667,optimal
2021-02-12 20:00:00,7,6,0.3281848971619971,0.1548148148148148,0.0,0.213,optimal
2021-02-12 20:30:00,7,6,0.0,5.728148148148147,0.0,0.30106666666666665,optimal
2021-02-12 21:00:00,7,6,0.0,0.3096296296296296,0.0,0.16696666666666668,optimal
2021-02-12 21:30:00,7,6,0.0,0.0,0.0,0.11866666666666668,optimal
2021-02-12 22:00:00,7,6,0.0,0.0,0.0,0.3489333333333333,optimal
2021-02-12 22:30:00,7,6,0.0,0.3096296296296296,0.0,0.1994,optimal
2021-02-12 23:00:00,7,6,0.0,0.0,0.0,0.17166666666666666,optimal
2021-02-12 23:30:00,7,6,0.0,0.0,0.0,0.065,optimal
2021-02-13 00:00:00,7,6,0.0,0.0,0.0,0.063,optimal
2021-02-13 00:30:00,7,6,0.0,0.0,0.0,0.1225,optimal
2021-02-13 01:00:00,7,6,0.4385684692268774,0.0,0.0,0.3277,optimal
2021-02-13 01:30:00,7,6,1.1428571428571428,0.0,0.0,0.0688,optimal
2021-02-13 02:00:00,7,6,1.1428571428571428,0.0,0.0,0.2312,optimal
2021-02-13 02:30:00,7,6,1.1428571428571428,0.0,0.0,0.2132,optimal
2021-02-13 03:00:00,7,6,1.1428571428571428,0.0,0.0,0.063,optimal
2021-02-13 03:30:00,7,6,1.1428571428571428,0.0,0.0,0.22540000000000002,optimal
2021-02-13 04:00:00,7,6,1.1428571428571428,0.0,0.0,0.2248,optimal
2021-02-13 04:30:00,7,6,1.1428571428571428,0.0,0.0,0.179,optimal
2021-02-13 05:00:00,7,6,1.1428571428571428,0.0,3.6406326613995303,0.341,optimal
2021-02-13 05:30:00,7,6,1.1428571428571428,0.23222222222222222,5.0,0.3172333333333333,optimal
2021-02-13 06:00:00,7,6,1.1428571428571428,0.0774074074074074,0.0,0.16516666666666666,optimal
2021-02-13 06:30:00,7,6,1.1428571428571428,0.0,0.0,0.22406666666666664,optimal
2021-02-13 07:00:00,7,6,1.1428571428571428,0.3096296296296296,0.0,0.30519999999999997,optimal
2021-02-13 07:30:00,7,6,1.1428571428571428,7.010014814814815,0.0,1.2207999999999999,optimal
2021-02-13 08:00:00,7,6,0.7940292799279586,0.8081333333333334,0.0,0.19619999999999999,optimal
2021-02-13 08:30:00,7,6,0.8477043696961966,0.0,0.0,0.2083333333333333,optimal
2021-02-13 09:00:00,7,6,0.5955439902505175,0.0,0.0,0.3798,optimal
2021-02-13 09:30:00,7,6,0.5742622962345257,0.0,0.0,0.5508333333333334,optimal
2021-02-13 10:00:00,7,6,0.578433047966973,0.0,0.0,0.0788,optimal
2021-02-13 10:30:00,7,6,0.5227748044018671,0.0,0.0,0.2661,optimal
2021-02-13 11:00:00,7,6,0.3424837176470519,0.0,0.0,0.15769999999999998,optimal
2021-02-13 11:30:00,7,6,0.3512826169390866,0.0,0.0,0.1194,optimal
2021-02-13 12:00:00,7,6,0.20942792403214885,0.0,0.0,0.3102,optimal
2021-02-13 12:30:00,7,6,0.2679400083305133,0.0,0.0,0.09040000000000001,optimal
2021-02-13 13:00:00,7,6,0.1917835766942766,0.0,0.0,0.2064,optimal
2021-02-13 13:30:00,7,6,0.4487195525952686,0.0,0.0,0.4056,optimal
2021-02-13 14:00:00,7,6,1.1428571428571428,0.1548148148148148,0.0,0.38156666666666667,optimal
2021-02-13 14:30:00,7,6,1.1428571428571428,0.1548148148148148,0.0,0.35633333333333334,optimal
2021-02-13 15:00:00,7,6,1.1428571428571428,0.0,0.0,0.6317666666666667,optimal
2021-02-13 15:30:00,7,6,1.1428571428571428,0.0,0.0,0.6033999999999999,optimal
2021-02-13 16:00:00,7,6,0.0,0.0,0.0,0.3266,optimal
2021-02-13 16:30:00,7,6,0.0,0.1548148148148148,0.0,0.5797666666666667,optimal
2021-02-13 17:00:00,7,6,0.0,0.23222222222222222,0.0,0.5947333333333333,optimal
2021-02-13 17:30:00,7,6,0.0,0.46444444444444444,0.0,3.1829,optimal
2021-02-13 18:00:00,7,6,0.0,0.0774074074074074,0.0,0.7058,optimal
2021-02-13 18:30:00,7,6,0.0,0.387037037037037,0.0,0.5579,optimal
2021-02-13 19:00:00,7,6,0.0,0.3096296296296296,0.0,0.7507333333333334,optimal
2021-02-13 19:30:00,7,6,0.0,0.1548148148148148,0.0,0.9492,optimal
2021-02-13 20:00:00,7,6,0.0,0.0,0.0,0.7407333333333334,optimal
2021-02-13 20:30:00,7,6,0.0,0.3096296296296296,0.0,1.7041666666666668,optimal
2021-02-13 21:00:00,7,6,0.0,0.0,0.0,1.6970666666666665,optimal
2021-02-13 21:30:00,7,6,0.0,0.0,0.0,0.6635,optimal
2021-02-13 22:00:00,7,6,0.0,0.0,0.0,0.19966666666666663,optimal
2021-02-13 22:30:00,7,6,0.0,0.0,0.0,0.44623333333333337,optimal
2021-02-13 23:00:00,7,6,0.0,4.876666666666668,0.0,0.3703666666666667,optimal
2021-02-13 23:30:00,7,6,0.0,0.0,0.0,0.6299333333333332,optimal
2021-02-07 00:00:00,8,6,0.0,0.0,0.0,0.06766666666666667,optimal
2021-02-07 00:30:00,8,6,0.0,0.0,0.0,0.062,optimal
2021-02-07 01:00:00,8,6,0.0,0.0,0.0,0.062,optimal
2021-02-07 01:30:00,8,6,0.0,0.0,0.0,0.19346666666666668,optimal
2021-02-07 02:00:00,8,6,0.0,0.0,0.0,0.10066666666666668,optimal
2021-02-07 02:30:00,8,6,0.0,0.0,0.0,0.062,optimal
2021-02-07 03:00:00,8,6,0.0,0.0,0.0,0.062,optimal
2021-02-07 03:30:00,8,6,0.0,0.0,0.0,0.062,optimal
2021-02-07 04:00:00,8,6,1.1428571428571428,0.0,0.0,0.062,optimal
2021-02-07 04:30:00,8,6,1.1428571428571428,0.0,0.0,0.23213333333333333,optimal
2021-02-07 05:00:00,8,6,1.1428571428571428,0.0,0.0,0.062,optimal
2021-02-07 05:30:00,8,6,1.1428571428571428,0.0,0.0,0.178,optimal
2021-02-07 06:00:00,8,6,1.1428571428571428,0.0,0.0,0.11613333333333334,optimal
2021-02-07 06:30:00,8,6,1.1428571428571428,0.0,0.0,0.07,optimal
2021-02-07 07:00:00,8,6,1.1428571428571428,0.0,1.8089900112525021,0.23746666666666666,optimal
2021-02-07 07:30:00,8,6,0.0,0.0774074074074074,0.0,0.06066666666666666,optimal
2021-02-07 08:00:00,8,6,0.018522965254287958,1.1611111111111108,0.0,0.30443333333333333,optimal
2021-02-07 08:30:00,8,6,0.5660252088565113,0.387037037037037,0.0,0.2169333333333333,optimal
2021-02-07 09:00:00,8,6,0.550761538437266,0.0,0.0,0.15203333333333333,optimal
2021-02-07 09:30:00,8,6,0.3609909139197759,0.0,0.0,2.8076999999999996,optimal
2021-02-07 10:00:00,8,6,0.3120224900789277,0.3096296296296296,0.0,2.5789666666666666,optimal
2021-02-07 10:30:00,8,6,0.5201180248281854,0.0774074074074074,0.0,0.07933333333333333,optimal
2021-02-07 11:00:00,8,6,0.4070078915632435,0.0,0.0,0.24013333333333334,optimal
2021-02-07 11:30:00,8,6,0.4722269391822985,0.3096296296296296,0.0,0.07,optimal
2021-02-07 12:00:00,8,6,0.41404751248721167,0.23222222222222222,0.0,0.09309999999999999,optimal
2021-02-07 12:30:00,8,6,0.36527608391578886,0.3096296296296296,0.0,0.27313333333333334,optimal
2021-02-07 13:00:00,8,6,0.47075142369686584,0.0,0.0,0.16683333333333333,optimal
2021-02-07 13:30:00,8,6,0.4011884182270002,0.0,0.0,0.4228,optimal
2021-02-07 14:00:00,8,6,0.8589406955023506,0.0,0.0,0.2253,optimal
2021-02-07 14:30:00,8,6,1.1428571428571428,0.0,0.0,0.22019999999999998,optimal
2021-02-07 15:00:00,8,6,1.1428571428571428,0.1548148148148148,0.0,0.43073333333333336,optimal
2021-02-07 15:30:00,8,6,1.1428571428571428,0.6966666666666667,0.0,0.3965666666666667,optimal
2021-02-07 16:00:00,8,6,0.0,0.8514814814814814,0.0,0.6482666666666667,optimal
2021-02-07 16:30:00,8,6,0.0,0.23222222222222222,0.0,0.5124,optimal
2021-02-07 17:00:00,8,6,0.0,0.3096296296296296,0.0,2.4868,optimal
2021-02-07 17:30:00,8,6,0.0,1.0837037037037036,0.0,0.34806666666666664,optimal
2021-02-07 18:00:00,8,6,0.0,0.3096296296296296,0.0,1.1425999999999998,optimal
2021-02-07 18:30:00,8,6,0.0,1.470740740740741,0.0,0.43673333333333336,optimal
2021-02-07 19:00:00,8,6,0.0,0.1548148148148148,0.0,0.2281,optimal
2021-02-07 19:30:00,8,6,0.0,0.387037037037037,0.0,0.27313333333333334,optimal
2021-02-07 20:00:00,8,6,0.0,0.0,0.0,0.6891666666666666,optimal
2021-02-07 20:30:00,8,6,0.0,0.0,0.0,2.1063,optimal
2021-02-07 21:00:00,8,6,0.0,0.0,0.0,0.17606666666666665,optimal
2021-02-07 21:30:00,8,6,0.0,0.23222222222222222,0.0,0.2931666666666667,optimal
2021-02-07 22:00:00,8,6,0.0,0.0,0.0,0.36819999999999997,optimal
2021-02-07 22:30:00,8,6,0.0,1.7803703703703702,0.0,0.3797,optimal
2021-02-07 23:00:00,8,6,0.0,0.0,0.0,0.4303333333333333,optimal
2021-02-07 23:30:00,8,6,0.0,0.0,0.0,0.4831666666666667,optimal
2021-02-08 00:00:00,8,6,0.0,0.0,0.0,0.071,optimal
2021-02-08 00:30:00,8,6,0.0,0.0,0.0,0.09806666666666666,optimal
2021-02-08 01:00:00,8,6,0.0,0.0,0.0,0.16126666666666667,optimal
2021-02-08 01:30:00,8,6,0.07056865315382296,0.0,0.0,0.13713333333333333,optimal
2021-02-08 02:00:00,8,6,1.1428571428571428,0.0,0.0,0.13713333333333333,optimal
2021-02-08 02:30:00,8,6,1.1428571428571428,0.0,0.0,0.077,optimal
2021-02-08 03:00:00,8,6,1.1428571428571428,0.0,0.0,0.2394,optimal
2021-02-08 03:30:00,8,6,1.1428571428571428,0.0,0.0,0.1402,optimal
2021-02-08 04:00:00,8,6,1.1428571428571428,0.0,0.0,0.21246666666666666,optimal
2021-02-08 04:30:00,8,6,1.1428571428571428,0.0,0.0,0.16713333333333333,optimal
2021-02-08 05:00:00,8,6,1.1428571428571428,0.0,0.0,0.10433333333333332,optimal
2021-02-08 05:30:00,8,6,1.1428571428571428,0.0,0.0,0.20153333333333334,optimal
2021-02-08 06:00:00,8,6,1.1428571428571428,0.0,0.0,0.15073333333333333,optimal
2021-02-08 06:30:00,8,6,1.1428571428571428,0.0,3.3257541162079987,0.08753333333333334,optimal
2021-02-08 07:00:00,8,6,1.1428571428571428,0.23222222222222222,5.0,0.17046666666666666,optimal
2021-02-08 07:30:00,8,6,1.1428571428571428,0.3096296296296296,0.0,0.075,optimal
2021-02-08 08:00:00,8,6,0.41943876986966694,0.0,0.0,1.6873666666666665,optimal
2021-02-08 08:30:00,8,6,0.6489228760474957,0.0,0.0,0.7117,optimal
2021-02-08 09:00:00,8,6,0.6990766447697591,0.0,0.0,0.1426,optimal
2021-02-08 09:30:00,8,6,0.6656733426458795,0.0,0.0,0.237,optimal
2021-02-08 10:00:00,8,6,0.5519894025803114,0.0,0.0,0.077,optimal
2021-02-08 10:30:00,8,6,0.5584212761327715,0.0,0.0,0.077,optimal
2021-02-08 11:00:00,8,6,0.3280740743988345,0.0,0.0,0.27546666666666664,optimal
2021-02-08 11:30:00,8,6,0.3727385396495843,0.0,0.0,0.10413333333333334,optimal
2021-02-08 12:00:00,8,6,0.3059936567951555,0.0,0.0,0.1262,optimal
2021-02-08 12:30:00,8,6,0.24743687301093323,0.0,0.0,0.2521333333333333,optimal
2021-02-08 13:00:00,8,6,0.5285227894714889,0.0,0.0,0.08626666666666667,optimal
2021-02-08 13:30:00,8,6,1.1428571428571428,0.0,0.0,0.19726666666666667,optimal
2021-02-08 14:00:00,8,6,1.1428571428571428,0.0,0.0,0.077,optimal
2021-02-08 14:30:00,8,6,1.1428571428571428,0.0,0.0,0.2534,optimal
2021-02-08 15:00:00,8,6,1.1428571428571428,0.0,0.0,4.372366666666667,optimal
2021-02-08 15:30:00,8,6,1.1428571428571428,0.0,0.0,2.412866666666667,optimal
2021-02-08 16:00:00,8,6,0.0,0.23222222222222222,0.0,2.1451,optimal
2021-02-08 16:30:00,8,6,0.0,0.0,0.0,0.10859999999999999,optimal
2021-02-08 17:00:00,8,6,0.0,0.0,0.0,0.15073333333333333,optimal
2021-02-08 17:30:00,8,6,0.0,0.0,0.0,2.9960666666666667,optimal
2021-02-08 18:00:00,8,6,0.0,0.0774074074074074,0.0,0.41753333333333337,optimal
2021-02-08 18:30:00,8,6,0.0,0.1548148148148148,0.0,2.2497,optimal
2021-02-08 19:00:00,8,6,0.0,0.46444444444444444,0.0,1.5248666666666666,optimal
2021-02-08 19:30:00,8,6,0.0,0.1548148148148148,0.0,0.8232333333333334,optimal
2021-02-08 20:00:00,8,6,0.0,0.0,0.0,0.41233333333333333,optimal
2021-02-08 20:30:00,8,6,0.0,0.0,0.0,0.38456666666666667,optimal
2021-02-08 21:00:00,8,6,0.0,0.0,0.0,0.5061333333333333,optimal
2021-02-08 21:30:00,8,6,0.0,0.0,0.0,0.4978333333333333,optimal
2021-02-08 22:00:00,8,6,0.0,0.0,0.0,0.2491,optimal
2021-02-08 22:30:00,8,6,0.0,0.0,0.0,0.24386666666666668,optimal
2021-02-08 23:00:00,8,6,0.0,0.0,0.0,0.077,optimal
2021-02-08 23:30:00,8,6,0.0,0.0,0.0,0.073,optimal
2021-02-09 00:00:00,8,6,0.0,0.0,0.0,0.05633333333333333,optimal
2021-02-09 00:30:00,8,6,0.0,0.0,0.0,0.057,optimal
2021-02-09 01:00:00,8,6,0.44445456755362067,0.0,0.0,0.09806666666666666,optimal
2021-02-09 01:30:00,8,6,1.1428571428571428,0.0,0.0,0.12886666666666668,optimal
2021-02-09 02:00:00,8,6,1.1428571428571428,0.0,0.0,0.057,optimal
2021-02-09 02:30:00,8,6,1.1428571428571428,0.0,0.0,0.15966666666666665,optimal
2021-02-09 03:00:00,8,6,1.1428571428571428,0.0,0.0,0.06726666666666667,optimal
2021-02-09 03:30:00,8,6,1.1428571428571428,0.0,0.0,0.12886666666666668,optimal
2021-02-09 04:00:00,8,6,1.1428571428571428,0.0,0.0,0.09806666666666666,optimal
2021-02-09 04:30:00,8,6,1.1428571428571428,0.0,0.0,0.057,optimal
2021-02-09 05:00:00,8,6,1.1428571428571428,0.0,0.0,0.057,optimal
2021-02-09 05:30:00,8,6,1.1428571428571428,0.0,0.0,0.057,optimal
2021-02-09 06:00:00,8,6,1.1428571428571428,0.0,0.0,0.16993333333333333,optimal
2021-02-09 06:30:00,8,6,1.1428571428571428,0.0,4.750504630049462,0.057,optimal
2021-02-09 07:00:00,8,6,1.1428571428571428,2.2448148148148146,5.0,0.15833333333333335,optimal
2021-02-09 07:30:00,8,6,1.1428571428571428,0.46444444444444444,0.0,0.06526666666666667,optimal
2021-02-09 08:00:00,8,6,0.6832681064224796,0.5418518518518518,0.0,0.055,optimal
2021-02-09 08:30:00,8,6,0.6924076614414588,0.0,0.0,0.055,optimal
2021-02-09 09:00:00,8,6,0.5002414559828399,0.387037037037037,0.0,0.1712,optimal
2021-02-09 09:30:00,8,6,0.6328253279255507,0.23222222222222222,0.0,0.11293333333333334,optimal
2021-02-09 10:00:00,8,6,0.5358990658640456,0.0,0.0,0.067,optimal
2021-02-09 10:30:00,8,6,0.49731260994329285,0.0,0.0,0.16453333333333334,optimal
2021-02-09 11:00:00,8,6,0.34934800337011745,0.0,0.0,0.0824,optimal
2021-02-09 11:30:00,8,6,0.35160404551930197,0.0,0.0,0.067,optimal
2021-02-09 12:00:00,8,6,0.2239556771724252,0.0,0.0,0.11320000000000001,optimal
2021-02-09 12:30:00,8,6,0.2202329683565686,0.0,0.0,0.13373333333333332,optimal
2021-02-09 13:00:00,8,6,1.1428571428571428,0.0,0.0,0.067,optimal
2021-02-09 13:30:00,8,6,1.1428571428571428,0.0,0.0,0.11833333333333332,optimal
2021-02-09 14:00:00,8,6,1.1428571428571428,0.0,0.0,0.1286,optimal
2021-02-09 14:30:00,8,6,1.1428571428571428,0.0,0.0,0.077,optimal
2021-02-09 15:00:00,8,6,1.1428571428571428,0.0,0.0,0.2046,optimal
2021-02-09 15:30:00,8,6,1.1428571428571428,0.0,0.0,0.067,optimal
2021-02-09 16:00:00,8,6,0.0,0.0,0.0,0.12346666666666668,optimal
2021-02-09 16:30:00,8,6,0.0,0.0,0.0,0.12346666666666668,optimal
2021-02-09 17:00:00,8,6,0.0,0.1548148148148148,0.0,0.14683333333333334,optimal
2021-02-09 17:30:00,8,6,0.0,0.387037037037037,0.0,2.47,optimal
2021-02-09 18:00:00,8,6,0.0,0.387037037037037,0.0,0.2729,optimal
2021-02-09 18:30:00,8,6,0.0,0.1548148148148148,0.0,0.2868,optimal
2021-02-09 19:00:00,8,6,0.0,0.0,0.0,0.20126666666666668,optimal
2021-02-09 19:30:00,8,6,0.0,0.3096296296296296,0.0,0.13296666666666668,optimal
2021-02-09 20:00:00,8,6,0.09636854490543362,0.0,0.0,0.13526666666666667,optimal
2021-02-09 20:30:00,8,6,0.0,0.0,0.0,0.30546666666666666,optimal
2021-02-09 21:00:00,8,6,0.0,0.0,0.0,0.30460000000000004,optimal
2021-02-09 21:30:00,8,6,0.0,0.0,0.0,0.31526666666666664,optimal
2021-02-09 22:00:00,8,6,0.0,3.792962962962962,0.0,0.2033,optimal
2021-02-09 22:30:00,8,6,0.0,0.23222222222222222,0.0,0.22013333333333332,optimal
2021-02-09 23:00:00,8,6,0.0,0.0,0.0,0.14806666666666665,optimal
2021-02-09 23:30:00,8,6,0.0,0.0,0.0,0.1142,optimal
2021-02-10 00:00:00,8,6,0.0,0.0,0.0,0.057,optimal
2021-02-10 00:30:00,8,6,0.0,0.0,0.0,0.057,optimal
2021-02-10 01:00:00,8,6,0.5118231218561409,0.0,0.0,0.057,optimal
2021-02-10 01:30:00,8,6,1.1428571428571428,0.0,0.0,0.057,optimal
2021-02-10 02:00:00,8,6,1.1428571428571428,0.0,0.0,0.057,optimal
2021-02-10 02:30:00,8,6,1.1428571428571428,0.0,0.0,0.057,optimal
2021-02-10 03:00:00,8,6,1.1428571428571428,0.0,0.0,0.057,optimal
2021-02-10 03:30:00,8,6,1.1428571428571428,0.0,0.0,0.057,optimal
2021-02-10 04:00:00,8,6,1.1428571428571428,0.0,0.0,0.057,optimal
2021-02-10 04:30:00,8,6,1.1428571428571428,0.0,0.0,0.057,optimal
2021-02-10 05:00:00,8,6,1.1428571428571428,0.0,0.0,0.057,optimal
2021-02-10 05:30:00,8,6,1.1428571428571428,0.0,0.6153531869850626,0.057,optimal
2021-02-10 06:00:00,8,6,1.1428571428571428,0.0,5.0,0.057,optimal
2021-02-10 06:30:00,8,6,1.1428571428571428,0.0,5.0,0.057,optimal
2021-02-10 07:00:00,8,6,1.1428571428571428,0.0,5.0,0.057,optimal
2021-02-10 07:30:00,8,6,1.1428571428571428,0.46444444444444444,0.0,0.05633333333333333,optimal
2021-02-10 08:00:00,8,6,0.5358501529561053,0.3096296296296296,0.0,1.3515,optimal
2021-02-10 08:30:00,8,6,0.7220076548861609,0.0,0.0,0.34126666666666666,optimal
2021-02-10 09:00:00,8,6,0.5375178891773058,0.46444444444444444,0.0,0.8205,optimal
2021-02-10 09:30:00,8,6,0.724689676821651,0.0,0.0,0.057,optimal
2021-02-10 10:00:00,8,6,0.5341032490971699,0.0,0.0,0.057,optimal
2021-02-10 10:30:00,8,6,0.5276713755447215,0.0,0.0,0.05733333333333333,optimal
2021-02-10 11:00:00,8,6,0.3953811109190994,0.0,0.0,0.067,optimal
2021-02-10 11:30:00,8,6,0.3910931952174594,0.0,0.0,0.059,optimal
2021-02-10 12:00:00,8,6,0.010952750685728319,0.0,0.0,0.8892666666666666,optimal
2021-02-10 12:30:00,8,6,0.18044322687620049,0.0,0.0,0.063,optimal
2021-02-10 13:00:00,8,6,1.1428571428571428,0.3096296296296296,0.0,0.056,optimal
2021-02-10 13:30:00,8,6,1.1428571428571428,0.0,0.0,1.4193333333333333,optimal
2021-02-10 14:00:00,8,6,1.1428571428571428,0.0,0.0,0.06906666666666667,optimal
2021-02-10 14:30:00,8,6,1.1428571428571428,0.0,0.0,1.0788,optimal
2021-02-10 15:00:00,8,6,1.1428571428571428,0.0,0.0,0.7736333333333333,optimal
2021-02-10 15:30:00,8,6,1.1428571428571428,0.0,0.0,0.419,optimal
2021-02-10 16:00:00,8,6,0.0,0.0774074074074074,0.0,0.10366666666666668,optimal
2021-02-10 16:30:00,8,6,0.0,0.0,0.0,0.067,optimal
2021-02-10 17:00:00,8,6,0.0,0.0,0.0,0.067,optimal
2021-02-10 17:30:00,8,6,0.0,0.0,0.0,0.067,optimal
2021-02-10 18:00:00,8,6,0.0,0.0,0.0,0.067,optimal
2021-02-10 18:30:00,8,6,0.0,0.0,0.0,0.067,optimal
2021-02-10 19:00:00,8,6,0.0,0.6192592592592592,0.0,0.23663333333333333,optimal
2021-02-10 19:30:00,8,6,0.014035665397940062,0.1548148148148148,0.0,0.2064,optimal
2021-02-10 20:00:00,8,6,0.6239778945116098,0.23222222222222222,0.0,0.9702999999999999,optimal
2021-02-10 20:30:00,8,6,0.0,0.23222222222222222,0.0,0.6019666666666666,optimal
2021-02-10 21:00:00,8,6,0.0,0.6966666666666667,0.0,0.2275,optimal
2021-02-10 21:30:00,8,6,0.0,0.3096296296296296,0.0,0.41413333333333335,optimal
2021-02-10 22:00:00,8,6,0.0,0.6192592592592592,0.0,0.6113,optimal
2021-02-10 22:30:00,8,6,0.0,0.0,0.0,0.6253,optimal
2021-02-10 23:00:00,8,6,0.0,0.387037037037037,0.0,0.3387,optimal
2021-02-10 23:30:00,8,6,0.0,0.0,0.0,0.12866666666666665,optimal
2021-02-11 00:00:00,8,6,1.0242683877221181,0.0,0.0,0.052,optimal
2021-02-11 00:30:00,8,6,1.1428571428571428,0.0,0.0,0.052,optimal
2021-02-11 01:00:00,8,6,1.1428571428571428,0.0,0.0,0.1252,optimal
2021-02-11 01:30:00,8,6,1.1428571428571428,0.0,0.0,0.05606666666666667,optimal
2021-02-11 02:00:00,8,6,1.1428571428571428,0.0,0.0,0.12113333333333334,optimal
2021-02-11 02:30:00,8,6,1.1428571428571428,0.0,0.0,0.052,optimal
2021-02-11 03:00:00,8,6,1.1428571428571428,0.0,0.0,0.1252,optimal
2021-02-11 03:30:00,8,6,1.1428571428571428,0.0,0.0,0.052,optimal
2021-02-11 04:00:00,8,6,1.1428571428571428,0.0,4.694117267605721,0.052,optimal
2021-02-11 04:30:00,8,6,1.1428571428571428,0.0,5.0,0.2209,optimal
2021-02-11 05:00:00,8,6,1.1428571428571428,0.387037037037037,0.0,0.051,optimal
2021-02-11 05:30:00,8,6,1.1428571428571428,0.23222222222222222,0.0,0.2394,optimal
2021-02-11 06:00:00,8,6,1.1428571428571428,1.3360518518518516,0.0,0.1242,optimal
2021-02-11 06:30:00,8,6,1.1428571428571428,0.0,0.0,0.062,optimal
2021-02-11 07:00:00,8,6,1.1428571428571428,0.0,0.0,0.1352,optimal
2021-02-11 07:30:00,8,6,1.1428571428571428,0.0,0.0,0.062,optimal
2021-02-11 08:00:00,8,6,0.9028578983349422,0.0,0.0,0.1352,optimal
2021-02-11 08:30:00,8,6,0.9302040576016809,0.0,0.0,0.062,optimal
2021-02-11 09:00:00,8,6,0.7708668789636808,1.528022222222222,0.0,0.09353333333333332,optimal
2021-02-11 09:30:00,8,6,0.6385734127438415,0.1548148148148148,0.0,0.10166666666666668,optimal
2021-02-11 10:00:00,8,6,0.388345966026543,0.1548148148148148,0.0,0.061,optimal
2021-02-11 10:30:00,8,6,0.4272829840458704,1.2385185185185184,0.0,0.061,optimal
2021-02-11 11:00:00,8,6,0.24895386251158858,0.1548148148148148,0.0,0.1386,optimal
2021-02-11 11:30:00,8,6,0.20018497093979956,0.0774074074074074,0.0,0.1174,optimal
2021-02-11 12:00:00,8,6,0.0,0.0,0.0,0.22413333333333332,optimal
2021-02-11 12:30:00,8,6,0.0,0.0,0.0,0.6069,optimal
2021-02-11 13:00:00,8,6,0.8936612737778339,0.0,0.0,1.0381333333333334,optimal
2021-02-11 13:30:00,8,6,1.1428571428571428,0.0,0.0,1.5576333333333334,optimal
2021-02-11 14:00:00,8,6,1.1428571428571428,0.3096296296296296,0.0,1.6811333333333334,optimal
2021-02-11 14:30:00,8,6,1.1428571428571428,0.0,0.0,0.3097,optimal
2021-02-11 15:00:00,8,6,1.1428571428571428,0.0774074074074074,0.0,0.2354,optimal
2021-02-11 15:30:00,8,6,1.1428571428571428,0.0,0.0,0.39353333333333335,optimal
2021-02-11 16:00:00,8,6,0.0,0.23222222222222222,0.0,0.26613333333333333,optimal
2021-02-11 16:30:00,8,6,0.0,0.3096296296296296,0.0,0.1806333333333333,optimal
2021-02-11 17:00:00,8,6,0.0,0.8514814814814814,0.0,1.4045,optimal
2021-02-11 17:30:00,8,6,0.0,0.387037037037037,0.0,0.9702000000000001,optimal
2021-02-11 18:00:00,8,6,0.0,0.5418518518518518,0.0,0.165,optimal
2021-02-11 18:30:00,8,6,0.0,0.1548148148148148,0.0,0.165,optimal
2021-02-11 19:00:00,8,6,0.0,0.3096296296296296,0.0,0.16686666666666666,optimal
2021-02-11 19:30:00,8,6,0.0,0.23222222222222222,0.0,0.1976,optimal
2021-02-11 20:00:00,8,6,0.2553521949122483,0.1548148148148148,0.0,0.39239999999999997,optimal
2021-02-11 20:30:00,8,6,0.0,0.3096296296296296,0.0,0.4498666666666667,optimal
2021-02-11 21:00:00,8,6,0.0,0.0,0.0,1.5731666666666668,optimal
2021-02-11 21:30:00,8,6,0.0,0.0,0.0,0.3473333333333333,optimal
2021-02-11 22:00:00,8,6,0.0,0.1548148148148148,0.0,0.2825,optimal
2021-02-11 22:30:00,8,6,0.0,0.23222222222222222,0.0,0.19376666666666667,optimal
2021-02-11 23:00:00,8,6,0.0,0.0,0.0,0.1668,optimal
2021-02-11 23:30:00,8,6,0.0,0.0,0.0,0.13219999999999998,optimal
2021-02-12 00:00:00,8,6,1.1428571428571428,0.0,0.0,0.058,optimal
2021-02-12 00:30:00,8,6,1.1428571428571428,0.0,0.0,0.058,optimal
2021-02-12 01:00:00,8,6,1.1428571428571428,0.0,0.0,0.058,optimal
2021-02-12 01:30:00,8,6,1.1428571428571428,0.0,0.0,0.15,optimal
2021-02-12 02:00:00,8,6,1.1428571428571428,0.0,0.0,0.10093333333333333,optimal
2021-02-12 02:30:00,8,6,1.1428571428571428,0.0,0.0,0.08866666666666667,optimal
2021-02-12 03:00:00,8,6,1.1428571428571428,0.0,0.0,0.16226666666666667,optimal
2021-02-12 03:30:00,8,6,1.1428571428571428,0.0,0.0,0.058,optimal
2021-02-12 04:00:00,8,6,1.1428571428571428,0.0,0.0,0.16226666666666667,optimal
2021-02-12 04:30:00,8,6,1.1428571428571428,0.0,0.0,0.08866666666666667,optimal
2021-02-12 05:00:00,8,6,1.1428571428571428,0.0,0.0,0.058,optimal
2021-02-12 05:30:00,8,6,1.1428571428571428,0.0,2.529293779484925,0.18066666666666664,optimal
2021-02-12 06:00:00,8,6,1.1428571428571428,0.0,5.0,0.07226666666666666,optimal
2021-02-12 06:30:00,8,6,1.1428571428571428,0.0,5.0,0.07013333333333334,optimal
2021-02-12 07:00:00,8,6,1.1428571428571428,0.0,5.0,0.18680000000000002,optimal
2021-02-12 07:30:00,8,6,1.1428571428571428,6.8673332930581115,0.0,0.058,optimal
2021-02-12 08:00:00,8,6,0.8630271724688554,0.8716074074074074,0.0,0.06373333333333332,optimal
2021-02-12 08:30:00,8,6,0.8085363372054579,1.2958000000000003,0.0,0.1988,optimal
2021-02-12 09:00:00,8,6,0.6782075084694528,0.0,0.0,0.15513333333333332,optimal
2021-02-12 09:30:00,8,6,0.6239114582715677,0.46444444444444444,0.0,0.24466666666666662,optimal
2021-02-12 10:00:00,8,6,0.30522311966435,0.3096296296296296,0.0,0.4184666666666666,optimal
2021-02-12 10:30:00,8,6,0.3412105044768506,0.0,0.0,0.192,optimal
2021-02-12 11:00:00,8,6,0.14679565172294798,0.5418518518518518,0.0,0.2296,optimal
2021-02-12 11:30:00,8,6,0.1191088367292762,0.0,0.0,0.32366666666666666,optimal
2021-02-12 12:00:00,8,6,0.10245525338308771,0.0,0.0,0.3674,optimal
2021-02-12 12:30:00,8,6,0.0881741526751284,0.387037037037037,0.0,0.3374,optimal
2021-02-12 13:00:00,8,6,0.13982657022729075,0.0,0.0,0.192,optimal
2021-02-12 13:30:00,8,6,0.5859642409027221,0.0,0.0,0.19466666666666663,optimal
2021-02-12 14:00:00,8,6,1.1428571428571428,0.0,0.0,1.2076666666666667,optimal
2021-02-12 14:30:00,8,6,1.1428571428571428,0.0,0.0,1.4972,optimal
2021-02-12 15:00:00,8,6,1.1428571428571428,0.0,0.0,0.45089999999999997,optimal
2021-02-12 15:30:00,8,6,1.1428571428571428,0.23222222222222222,0.0,0.22373333333333328,optimal
2021-02-12 16:00:00,8,6,0.0,0.387037037037037,0.0,0.08933333333333333,optimal
2021-02-12 16:30:00,8,6,0.0,0.774074074074074,0.0,0.07006666666666667,optimal
2021-02-12 17:00:00,8,6,0.0,0.0,0.0,0.23363333333333333,optimal
2021-02-12 17:30:00,8,6,0.0,0.3096296296296296,0.0,0.183,optimal
2021-02-12 18:00:00,8,6,0.0,0.0,0.0,0.20753333333333332,optimal
2021-02-12 18:30:00,8,6,0.0,0.0,0.0,1.6469666666666667,optimal
2021-02-12 19:00:00,8,6,0.0,0.6192592592592592,0.0,0.2547666666666667,optimal
2021-02-12 19:30:00,8,6,0.0,0.5418518518518518,0.0,0.3326,optimal
2021-02-12 20:00:00,8,6,0.0,0.0,0.0,0.19406666666666664,optimal
2021-02-12 20:30:00,8,6,0.0,0.1548148148148148,0.0,0.4224,optimal
2021-02-12 21:00:00,8,6,0.0,0.1548148148148148,0.0,0.2382,optimal
2021-02-12 21:30:00,8,6,0.0,0.1548148148148148,0.0,0.2082,optimal
2021-02-12 22:00:00,8,6,0.0,0.8514814814814814,0.0,0.2885,optimal
2021-02-12 22:30:00,8,6,0.0,0.0,0.0,0.8436666666666667,optimal
2021-02-12 23:00:00,8,6,0.0,0.5418518518518518,0.0,0.4136666666666667,optimal
2021-02-12 23:30:00,8,6,0.0,0.0,0.0,0.45976666666666666,optimal
2021-02-13 00:00:00,8,6,0.0,0.0,0.0,0.054,optimal
2021-02-13 00:30:00,8,6,0.0,0.0,0.0,0.09079999999999999,optimal
2021-02-13 01:00:00,8,6,0.18684132974703796,0.0,0.0,0.15213333333333331,optimal
2021-02-13 01:30:00,8,6,1.1428571428571428,0.0,0.0,0.06526666666666667,optimal
2021-02-13 02:00:00,8,6,1.1428571428571428,0.0,0.0,0.29033333333333333,optimal
2021-02-13 02:30:00,8,6,1.1428571428571428,0.0,0.0,0.054,optimal
2021-02-13 03:00:00,8,6,1.1428571428571428,0.0,0.0,0.16666666666666666,optimal
2021-02-13 03:30:00,8,6,1.1428571428571428,0.0,0.0,0.06626666666666667,optimal
2021-02-13 04:00:00,8,6,1.1428571428571428,0.0,0.0,0.2161,optimal
2021-02-13 04:30:00,8,6,1.1428571428571428,0.0,0.0,0.1272333333333333,optimal
2021-02-13 05:00:00,8,6,1.1428571428571428,0.0,0.0,0.054,optimal
2021-02-13 05:30:00,8,6,1.1428571428571428,0.0,0.0,0.2452666666666667,optimal
2021-02-13 06:00:00,8,6,1.1428571428571428,0.0,2.0273519682303527,0.11033333333333331,optimal
2021-02-13 06:30:00,8,6,1.1428571428571428,0.0,5.0,0.054,optimal
2021-02-13 07:00:00,8,6,1.1428571428571428,0.0,5.0,0.09693333333333334,optimal
2021-02-13 07:30:00,8,6,1.1428571428571428,0.0,0.0,0.2586666666666667,optimal
2021-02-13 08:00:00,8,6,0.8092007084993942,0.0,0.0,0.0584,optimal
2021-02-13 08:30:00,8,6,0.55950436969619,0.0774074074074074,0.0,0.3645,optimal
2021-02-13 09:00:00,8,6,0.19583160929813728,0.6966666666666667,0.0,2.238366666666667,optimal
2021-02-13 09:30:00,8,6,0.4019003914726204,0.0,0.0,0.4201333333333333,optimal
2021-02-13 10:00:00,8,6,0.0,0.1548148148148148,0.0,1.5707666666666669,optimal
2021-02-13 10:30:00,8,6,0.35229885330415883,0.46444444444444444,0.0,0.6236666666666666,optimal
2021-02-13 11:00:00,8,6,0.004405622408952525,0.8514814814814814,0.0,3.2732666666666668,optimal
2021-02-13 11:30:00,8,6,0.0,0.387037037037037,0.0,4.557666666666667,optimal
2021-02-13 12:00:00,8,6,0.0,0.0,0.0,1.5114666666666667,optimal
2021-02-13 12:30:00,8,6,0.0,0.0,0.0,2.7476666666666665,optimal
2021-02-13 13:00:00,8,6,0.0,0.2740222222222222,0.0,0.8188666666666666,optimal
2021-02-13 13:30:00,8,6,0.04349436833889373,2.5126444444444447,0.0,3.7073333333333336,optimal
2021-02-13 14:00:00,8,6,1.1428571428571428,0.0,0.0,0.435,optimal
2021-02-13 14:30:00,8,6,1.1428571428571428,0.0774074074074074,0.0,0.27726666666666666,optimal
2021-02-13 15:00:00,8,6,1.1428571428571428,0.46444444444444444,0.0,1.2277333333333331,optimal
2021-02-13 15:30:00,8,6,1.1428571428571428,0.1548148148148148,0.0,1.5062666666666669,optimal
2021-02-13 16:00:00,8,6,0.0,0.0,0.0,0.33543333333333336,optimal
2021-02-13 16:30:00,8,6,0.0,0.1548148148148148,0.0,3.0846666666666667,optimal
2021-02-13 17:00:00,8,6,0.0,0.3096296296296296,0.0,2.3689666666666667,optimal
2021-02-13 17:30:00,8,6,0.0,0.1548148148148148,0.0,3.0639000000000003,optimal
2021-02-13 18:00:00,8,6,0.0,0.387037037037037,0.0,0.4544333333333333,optimal
2021-02-13 18:30:00,8,6,0.0,0.23222222222222222,0.0,0.21806666666666663,optimal
2021-02-13 19:00:00,8,6,0.0,0.0,0.0,2.6498000000000004,optimal
2021-02-13 19:30:00,8,6,0.0,0.1548148148148148,0.0,2.9471666666666665,optimal
2021-02-13 20:00:00,8,6,0.0,0.0774074074074074,0.0,0.6084666666666667,optimal
2021-02-13 20:30:00,8,6,0.0,0.0,0.0,0.22690000000000002,optimal
2021-02-13 21:00:00,8,6,0.0,0.0,0.0,1.2047,optimal
2021-02-13 21:30:00,8,6,0.0,0.0,0.0,3.4206,optimal
2021-02-13 22:00:00,8,6,0.0,7.121481481481481,0.0,0.6183333333333334,optimal
2021-02-13 22:30:00,8,6,0.0,0.0774074074074074,0.0,2.2592,optimal
2021-02-13 23:00:00,8,6,0.0,0.1548148148148148,0.0,2.2519666666666667,optimal
2021-02-13 23:30:00,8,6,0.0,0.6966666666666667,0.0,0.6277999999999999,optimal
2021-02-07 00:00:00,9,6,0.0,0.0,0.0,0.066,optimal
2021-02-07 00:30:00,9,6,0.0,0.0,0.0,0.066,optimal
2021-02-07 01:00:00,9,6,0.0,0.0,0.0,0.07709999999999999,optimal
2021-02-07 01:30:00,9,6,0.0,0.0,0.0,0.1505,optimal
2021-02-07 02:00:00,9,6,0.0,0.0,0.0,0.1182,optimal
2021-02-07 02:30:00,9,6,0.0,0.0,0.0,0.1326,optimal
2021-02-07 03:00:00,9,6,0.0,0.0,0.0,0.1472,optimal
2021-02-07 03:30:00,9,6,0.0,0.0,0.0,0.066,optimal
2021-02-07 04:00:00,9,6,1.1428571428571428,0.0,0.0,0.15580000000000002,optimal
2021-02-07 04:30:00,9,6,1.1428571428571428,0.0,0.0,0.124,optimal
2021-02-07 05:00:00,9,6,1.1428571428571428,0.0,0.0,0.14093333333333333,optimal
2021-02-07 05:30:00,9,6,1.1428571428571428,0.0,0.0,0.15719999999999998,optimal
2021-02-07 06:00:00,9,6,1.1428571428571428,0.0,0.0,0.1426,optimal
2021-02-07 06:30:00,9,6,1.1428571428571428,0.0,0.0,0.0992,optimal
2021-02-07 07:00:00,9,6,1.1428571428571428,0.0,2.0120072799789424,0.134,optimal
2021-02-07 07:30:00,9,6,0.0,0.1548148148148148,0.0,0.1154,optimal
2021-02-07 08:00:00,9,6,0.35211075748657095,2.7866666666666666,0.0,0.1608,optimal
2021-02-07 08:30:00,9,6,0.5918347326660359,1.4134592592592592,0.0,0.19290000000000002,optimal
2021-02-07 09:00:00,9,6,0.5215063003420239,2.9987629629629633,0.0,0.30446666666666666,optimal
2021-02-07 09:30:00,9,6,0.45756043772930555,2.0899999999999994,0.0,0.7616,optimal
2021-02-07 10:00:00,9,6,0.42679201388845167,0.23222222222222222,0.0,1.4332333333333331,optimal
2021-02-07 10:30:00,9,6,0.5093656438758065,0.0,0.0,0.46103333333333335,optimal
2021-02-07 11:00:00,9,6,0.5361526534680136,0.0,0.0,0.1931,optimal
2021-02-07 11:30:00,9,6,0.5322040820394432,0.0,0.0,0.239,optimal
2021-02-07 12:00:00,9,6,0.33306275058245915,0.0,0.0,2.3928000000000003,optimal
2021-02-07 12:30:00,9,6,1.0516436959803772,0.0,0.0,2.575,optimal
2021-02-07 13:00:00,9,6,1.1428571428571428,0.0,0.0,0.43239999999999995,optimal
2021-02-07 13:30:00,9,6,1.1428571428571428,0.0,0.0,0.134,optimal
2021-02-07 14:00:00,9,6,1.1428571428571428,0.0,0.0,0.1426,optimal
2021-02-07 14:30:00,9,6,1.1428571428571428,0.0,0.0,0.15719999999999998,optimal
2021-02-07 15:00:00,9,6,1.1428571428571428,0.0,0.0,0.076,optimal
2021-02-07 15:30:00,9,6,1.1428571428571428,0.0,0.0,0.076,optimal
2021-02-07 16:00:00,9,6,0.0,0.0,0.0,0.2238,optimal
2021-02-07 16:30:00,9,6,0.0,0.0,0.0,0.076,optimal
2021-02-07 17:00:00,9,6,0.0,0.0,0.0,0.076,optimal
2021-02-07 17:30:00,9,6,0.0,0.0,0.0,0.2728333333333333,optimal
2021-02-07 18:00:00,9,6,0.0,0.6192592592592592,0.0,0.4118,optimal
2021-02-07 18:30:00,9,6,0.0,0.6192592592592592,0.0,0.22116666666666662,optimal
2021-02-07 19:00:00,9,6,0.0,0.3096296296296296,0.0,0.5068333333333334,optimal
2021-02-07 19:30:00,9,6,0.5810314305421556,0.0,0.0,0.396,optimal
2021-02-07 20:00:00,9,6,0.5783838114945367,0.0,0.0,0.4744666666666666,optimal
2021-02-07 20:30:00,9,6,0.0,0.0,0.0,0.2241,optimal
2021-02-07 21:00:00,9,6,0.0,0.0,0.0,0.9170666666666668,optimal
2021-02-07 21:30:00,9,6,0.0,0.0,0.0,1.4601666666666668,optimal
2021-02-07 22:00:00,9,6,0.0,0.0774074074074074,0.0,0.40826666666666667,optimal
2021-02-07 22:30:00,9,6,0.0,0.0,0.0,0.2844,optimal
2021-02-07 23:00:00,9,6,0.0,0.0,0.0,0.2352,optimal
2021-02-07 23:30:00,9,6,0.0,0.0,0.0,0.24330000000000002,optimal
2021-02-08 00:00:00,9,6,0.0,0.0,0.0,0.07,optimal
2021-02-08 00:30:00,9,6,0.0,0.0,0.0,0.063,optimal
2021-02-08 01:00:00,9,6,0.0,0.0,0.0,0.1308,optimal
2021-02-08 01:30:00,9,6,0.4324864544378802,0.0,0.0,0.063,optimal
2021-02-08 02:00:00,9,6,1.1428571428571428,0.0,0.0,0.063,optimal
2021-02-08 02:30:00,9,6,1.1428571428571428,0.0,0.0,0.1308,optimal
2021-02-08 03:00:00,9,6,1.1428571428571428,0.0,0.0,0.063,optimal
2021-02-08 03:30:00,9,6,1.1428571428571428,0.0,0.0,0.1308,optimal
2021-02-08 04:00:00,9,6,1.1428571428571428,0.0,0.0,0.063,optimal
2021-02-08 04:30:00,9,6,1.1428571428571428,0.0,0.0,0.1308,optimal
2021-02-08 05:00:00,9,6,1.1428571428571428,0.0,0.0,0.063,optimal
2021-02-08 05:30:00,9,6,1.1428571428571428,0.0,4.311006281742104,0.066,optimal
2021-02-08 06:00:00,9,6,1.1428571428571428,0.0774074074074074,5.0,0.2745666666666667,optimal
2021-02-08 06:30:00,9,6,1.1428571428571428,0.9288888888888889,5.0,0.061,optimal
2021-02-08 07:00:00,9,6,1.1428571428571428,0.0,0.0,0.1308,optimal
2021-02-08 07:30:00,9,6,1.1428571428571428,0.0,0.0,0.063,optimal
2021-02-08 08:00:00,9,6,0.8072006746315661,0.0,0.0,0.063,optimal
2021-02-08 08:30:00,9,6,0.8093362093808285,0.0,0.0,0.07053333333333334,optimal
2021-02-08 09:00:00,9,6,0.7017433114364302,0.0,0.0,0.12326666666666668,optimal
2021-02-08 09:30:00,9,6,0.7125304855030252,0.0,0.0,0.063,optimal
2021-02-08 10:00:00,9,6,0.5337608311517444,0.0,0.0,0.1308,optimal
2021-02-08 10:30:00,9,6,0.5595641332756255,0.0,0.0,0.063,optimal
2021-02-08 11:00:00,9,6,0.3859216934464597,0.0,0.0,0.063,optimal
2021-02-08 11:30:00,9,6,0.3654909206019648,0.0,0.0,0.1225,optimal
2021-02-08 12:00:00,9,6,0.31796508536658585,0.0,0.0,0.0843,optimal
2021-02-08 12:30:00,9,6,0.3007797301537958,0.0,0.0,0.11443333333333333,optimal
2021-02-08 13:00:00,9,6,1.1428571428571428,0.0,0.0,0.09936666666666666,optimal
2021-02-08 13:30:00,9,6,1.1428571428571428,0.0,0.0,0.13326666666666667,optimal
2021-02-08 14:00:00,9,6,1.1428571428571428,0.0,0.0,0.08053333333333333,optimal
2021-02-08 14:30:00,9,6,1.1428571428571428,0.0,0.0,0.13326666666666667,optimal
2021-02-08 15:00:00,9,6,1.1428571428571428,0.0,0.0,0.08053333333333333,optimal
2021-02-08 15:30:00,9,6,1.1428571428571428,0.0,0.0,0.07,optimal
2021-02-08 16:00:00,9,6,0.0,0.0,0.0,0.063,optimal
2021-02-08 16:30:00,9,6,0.0,0.0,0.0,0.063,optimal
2021-02-08 17:00:00,9,6,0.0,0.0,0.0,0.1308,optimal
2021-02-08 17:30:00,9,6,0.0,0.6966666666666667,0.0,0.3608,optimal
2021-02-08 18:00:00,9,6,0.0,0.0,0.0,0.19233333333333327,optimal
2021-02-08 18:30:00,9,6,0.0,0.0774074074074074,0.0,1.7949666666666666,optimal
2021-02-08 19:00:00,9,6,0.0,0.387037037037037,0.0,1.4929666666666668,optimal
2021-02-08 19:30:00,9,6,0.0,0.5418518518518518,0.0,0.7866333333333333,optimal
2021-02-08 20:00:00,9,6,0.03932713764063943,5.960370370370371,0.0,0.3821333333333333,optimal
2021-02-08 20:30:00,9,6,0.0,0.0774074074074074,0.0,0.4573333333333333,optimal
2021-02-08 21:00:00,9,6,0.0,0.3096296296296296,0.0,0.41293333333333326,optimal
2021-02-08 21:30:00,9,6,0.0,0.23222222222222222,0.0,0.3418,optimal
2021-02-08 22:00:00,9,6,0.0,0.0,0.0,1.0939666666666668,optimal
2021-02-08 22:30:00,9,6,0.0,0.0,0.0,0.388,optimal
2021-02-08 23:00:00,9,6,0.0,0.0,0.0,0.3883333333333333,optimal
2021-02-08 23:30:00,9,6,0.0,5.960370370370371,0.0,0.44896666666666657,optimal
2021-02-09 00:00:00,9,6,0.0,0.0,0.0,0.113,optimal
2021-02-09 00:30:00,9,6,0.0,0.0,0.0,0.12366666666666669,optimal
2021-02-09 01:00:00,9,6,0.0,0.0,0.0,0.1534,optimal
2021-02-09 01:30:00,9,6,0.0,0.0,0.0,0.3226,optimal
2021-02-09 02:00:00,9,6,0.6226223450989231,0.0,0.0,0.09659999999999999,optimal
2021-02-09 02:30:00,9,6,1.1428571428571428,0.0,0.0,0.23646666666666666,optimal
2021-02-09 03:00:00,9,6,1.1428571428571428,0.0,0.0,0.26113333333333333,optimal
2021-02-09 03:30:00,9,6,1.1428571428571428,0.0,0.0,0.2134,optimal
2021-02-09 04:00:00,9,6,1.1428571428571428,0.0,0.0,0.1574,optimal
2021-02-09 04:30:00,9,6,1.1428571428571428,0.0,0.0,0.1522666666666667,optimal
2021-02-09 05:00:00,9,6,1.1428571428571428,0.0,0.0,0.26,optimal
2021-02-09 05:30:00,9,6,1.1428571428571428,0.0,2.214494528581817,0.07133333333333333,optimal
2021-02-09 06:00:00,9,6,1.1428571428571428,0.0,5.0,0.3318,optimal
2021-02-09 06:30:00,9,6,1.1428571428571428,0.0,5.0,0.074,optimal
2021-02-09 07:00:00,9,6,1.1428571428571428,6.502222222222221,5.0,1.1602999999999999,optimal
2021-02-09 07:30:00,9,6,1.1428571428571428,0.6192592592592592,0.0,1.2711666666666668,optimal
2021-02-09 08:00:00,9,6,0.5192662016605782,1.9351851851851851,0.0,1.485766666666667,optimal
2021-02-09 08:30:00,9,6,0.5978048042985971,0.0,0.0,1.291233333333333,optimal
2021-02-09 09:00:00,9,6,0.5614290750304641,1.6255555555555554,0.0,1.0693,optimal
2021-02-09 09:30:00,9,6,0.36978913744936487,0.23222222222222222,0.0,1.6092666666666668,optimal
2021-02-09 10:00:00,9,6,0.37698097062594565,0.46444444444444444,0.0,0.5236666666666666,optimal
2021-02-09 10:30:00,9,6,0.3843983242290037,0.0774074074074074,0.0,0.41273333333333334,optimal
2021-02-09 11:00:00,9,6,0.19582419384631064,0.0,0.0,0.47273333333333334,optimal
2021-02-09 11:30:00,9,6,0.23082309313835328,0.0,0.0,0.3427333333333333,optimal
2021-02-09 12:00:00,9,6,0.12285091526766334,0.0,0.0,0.32006666666666667,optimal
2021-02-09 12:30:00,9,6,0.0,0.0,0.0,1.6623333333333332,optimal
2021-02-09 13:00:00,9,6,0.4251849364758867,0.1548148148148148,0.0,0.27786666666666665,optimal
2021-02-09 13:30:00,9,6,1.1428571428571428,0.0,0.0,0.38713333333333333,optimal
2021-02-09 14:00:00,9,6,1.1428571428571428,0.0,0.0,0.23846666666666666,optimal
2021-02-09 14:30:00,9,6,1.1428571428571428,2.2448148148148146,0.0,0.247,optimal
2021-02-09 15:00:00,9,6,1.1428571428571428,0.0,0.0,0.27553333333333335,optimal
2021-02-09 15:30:00,9,6,1.1428571428571428,0.23222222222222222,0.0,0.5459666666666667,optimal
2021-02-09 16:00:00,9,6,0.0,2.012592592592592,0.0,0.37110000000000004,optimal
2021-02-09 16:30:00,9,6,0.0,0.46444444444444444,0.0,0.4156,optimal
2021-02-09 17:00:00,9,6,0.0,0.0,0.0,0.3728666666666667,optimal
2021-02-09 17:30:00,9,6,0.0,0.0,0.0,0.19706666666666664,optimal
2021-02-09 18:00:00,9,6,0.0,0.46444444444444444,0.0,0.3598,optimal
2021-02-09 18:30:00,9,6,0.0,0.23222222222222222,0.0,0.2540666666666666,optimal
2021-02-09 19:00:00,9,6,0.0,0.0,0.0,0.45713333333333334,optimal
2021-02-09 19:30:00,9,6,0.0,2.150377777777778,0.0,0.5130333333333333,optimal
2021-02-09 20:00:00,9,6,0.0,4.816288888888888,0.0,0.7992333333333334,optimal
2021-02-09 20:30:00,9,6,0.0,0.0,0.0,0.6172666666666666,optimal
2021-02-09 21:00:00,9,6,0.0,0.0,0.0,0.6184,optimal
2021-02-09 21:30:00,9,6,0.0,0.0,0.0,0.37853333333333333,optimal
2021-02-09 22:00:00,9,6,0.0,0.0774074074074074,0.0,0.5841333333333333,optimal
2021-02-09 22:30:00,9,6,0.0,0.0,0.0,0.3541333333333333,optimal
2021-02-09 23:00:00,9,6,0.0,0.0,0.0,0.2794,optimal
2021-02-09 23:30:00,9,6,0.0,0.0,0.0,0.23286666666666667,optimal
2021-02-10 00:00:00,9,6,0.0,0.0,0.0,0.056,optimal
2021-02-10 00:30:00,9,6,0.0,0.0,0.0,0.056,optimal
2021-02-10 01:00:00,9,6,0.0,0.0,0.0,0.0833,optimal
2021-02-10 01:30:00,9,6,0.9132372203168164,0.0,0.0,0.0833,optimal
2021-02-10 02:00:00,9,6,1.1428571428571428,0.0,0.0,0.056,optimal
2021-02-10 02:30:00,9,6,1.1428571428571428,0.0,0.0,0.08936666666666666,optimal
2021-02-10 03:00:00,9,6,1.1428571428571428,0.0,0.0,0.07723333333333333,optimal
2021-02-10 03:30:00,9,6,1.1428571428571428,0.0,0.0,0.056,optimal
2021-02-10 04:00:00,9,6,1.1428571428571428,0.0,2.3064010175173766,0.11059999999999999,optimal
2021-02-10 04:30:00,9,6,1.1428571428571428,0.0,5.0,0.056,optimal
2021-02-10 05:00:00,9,6,1.1428571428571428,0.0,5.0,0.1015,optimal
2021-02-10 05:30:00,9,6,1.1428571428571428,0.0,5.0,0.06509999999999999,optimal
2021-02-10 06:00:00,9,6,1.1428571428571428,0.0,5.0,0.058,optimal
2021-02-10 06:30:00,9,6,1.1428571428571428,0.387037037037037,5.0,0.11633333333333332,optimal
2021-02-10 07:00:00,9,6,1.1428571428571428,4.954074074074073,5.0,0.308,optimal
2021-02-10 07:30:00,9,6,1.1428571428571428,0.5418518518518518,0.0,0.3564,optimal
2021-02-10 08:00:00,9,6,0.47863586724181817,0.3096296296296296,0.0,0.29946666666666666,optimal
2021-02-10 08:30:00,9,6,0.5362409882194917,0.0774074074074074,0.0,0.241,optimal
2021-02-10 09:00:00,9,6,0.37629979393921137,0.0,0.0,0.33016666666666666,optimal
2021-02-10 09:30:00,9,6,0.4134896768216535,0.1548148148148148,0.0,0.2702,optimal
2021-02-10 10:00:00,9,6,0.3516746776686027,0.0,0.0,0.222,optimal
2021-02-10 10:30:00,9,6,0.3529094707828179,0.0,0.0,0.271,optimal
2021-02-10 11:00:00,9,6,0.2780192061571927,0.0,0.0,0.2384333333333333,optimal
2021-02-10 11:30:00,9,6,0.25583605236031237,0.0,0.0,0.3474,optimal
2021-02-10 12:00:00,9,6,0.13301465544762772,0.0,0.0,0.216,optimal
2021-02-10 12:30:00,9,6,0.11384322687620262,0.23222222222222222,0.0,0.2447666666666667,optimal
2021-02-10 13:00:00,9,6,0.2498178546970921,0.0,0.0,0.07206666666666667,optimal
2021-02-10 13:30:00,9,6,0.956048109926329,0.0,0.0,0.11453333333333332,optimal
2021-02-10 14:00:00,9,6,1.1428571428571428,0.0,0.0,0.066,optimal
2021-02-10 14:30:00,9,6,1.1428571428571428,0.0,0.0,0.16266666666666665,optimal
2021-02-10 15:00:00,9,6,1.1428571428571428,0.0,0.0,0.066,optimal
2021-02-10 15:30:00,9,6,1.1428571428571428,0.0,0.0,0.066,optimal
2021-02-10 16:00:00,9,6,0.0,0.46444444444444444,0.0,0.1002,optimal
2021-02-10 16:30:00,9,6,0.0,0.46444444444444444,0.0,0.13473333333333332,optimal
2021-02-10 17:00:00,9,6,0.0,0.3096296296296296,0.0,1.5935,optimal
2021-02-10 17:30:00,9,6,0.0,0.387037037037037,0.0,1.834,optimal
2021-02-10 18:00:00,9,6,0.0,0.387037037037037,0.0,0.28396666666666665,optimal
2021-02-10 18:30:00,9,6,0.0,0.3096296296296296,0.0,0.26430000000000003,optimal
2021-02-10 19:00:00,9,6,0.0,0.3096296296296296,0.0,0.3136333333333333,optimal
2021-02-10 19:30:00,9,6,0.0,0.46444444444444444,0.0,0.3155,optimal
2021-02-10 20:00:00,9,6,0.0,0.0,0.0,0.25630000000000003,optimal
2021-02-10 20:30:00,9,6,0.0,2.1674074074074072,0.0,0.2602333333333333,optimal
2021-02-10 21:00:00,9,6,0.0,0.3096296296296296,0.0,0.35446666666666665,optimal
2021-02-10 21:30:00,9,6,0.0,0.23222222222222222,0.0,0.476,optimal
2021-02-10 22:00:00,9,6,0.0,0.0,0.0,0.5067,optimal
2021-02-10 22:30:00,9,6,0.0,0.0,0.0,0.39289999999999997,optimal
2021-02-10 23:00:00,9,6,0.0,0.0,0.0,0.066,optimal
2021-02-10 23:30:00,9,6,0.0,0.0,0.0,0.06133333333333334,optimal
2021-02-11 00:00:00,9,6,0.379261769212114,0.0,0.0,0.0636,optimal
2021-02-11 00:30:00,9,6,1.1428571428571428,0.0,0.0,0.1464,optimal
2021-02-11 01:00:00,9,6,1.1428571428571428,0.0,0.0,0.059,optimal
2021-02-11 01:30:00,9,6,1.1428571428571428,0.0,0.0,0.151,optimal
2021-02-11 02:00:00,9,6,1.1428571428571428,0.0,0.0,0.059,optimal
2021-02-11 02:30:00,9,6,1.1428571428571428,0.0,0.0,0.151,optimal
2021-02-11 03:00:00,9,6,1.1428571428571428,0.0,0.0,0.059,optimal
2021-02-11 03:30:00,9,6,1.1428571428571428,0.0,0.0,0.059,optimal
2021-02-11 04:00:00,9,6,1.1428571428571428,0.0,0.0,0.059,optimal
2021-02-11 04:30:00,9,6,1.1428571428571428,0.0,0.0,0.061,optimal
2021-02-11 05:00:00,9,6,1.1428571428571428,0.0,0.0,0.161,optimal
2021-02-11 05:30:00,9,6,1.1428571428571428,0.0,0.0,0.067,optimal
2021-02-11 06:00:00,9,6,1.1428571428571428,0.0,0.0,0.12340000000000001,optimal
2021-02-11 06:30:00,9,6,1.1428571428571428,0.0,3.5143914235507325,0.0886,optimal
2021-02-11 07:00:00,9,6,1.1428571428571428,0.0,5.0,0.09659999999999999,optimal
2021-02-11 07:30:00,9,6,1.1428571428571428,0.23222222222222222,0.0,1.2304000000000002,optimal
2021-02-11 08:00:00,9,6,0.6403655173825594,0.6966666666666667,0.0,2.676833333333333,optimal
2021-02-11 08:30:00,9,6,0.7591707242683395,0.387037037037037,0.0,1.7410999999999999,optimal
2021-02-11 09:00:00,9,6,0.6697421170589181,0.0,0.0,0.6381,optimal
2021-02-11 09:30:00,9,6,0.5960915079819336,0.1548148148148148,0.0,0.9707333333333332,optimal
2021-02-11 10:00:00,9,6,0.3594907279313044,0.0,0.0,0.6272666666666666,optimal
2021-02-11 10:30:00,9,6,0.5001401269030166,0.0,0.0,0.069,optimal
2021-02-11 11:00:00,9,6,0.3376967196544484,0.0,0.0,0.138,optimal
2021-02-11 11:30:00,9,6,0.3186802090350401,0.0,0.0,0.092,optimal
2021-02-11 12:00:00,9,6,0.15284702717757173,0.0,0.0,0.10579999999999999,optimal
2021-02-11 12:30:00,9,6,1.0770321888871697,0.0,0.0,0.1242,optimal
2021-02-11 13:00:00,9,6,1.1428571428571428,0.0,0.0,0.069,optimal
2021-02-11 13:30:00,9,6,1.1428571428571428,0.0,0.0,0.10579999999999999,optimal
2021-02-11 14:00:00,9,6,1.1428571428571428,0.0,0.0,0.1242,optimal
2021-02-11 14:30:00,9,6,1.1428571428571428,0.0,0.0,0.069,optimal
2021-02-11 15:00:00,9,6,1.1428571428571428,0.0,0.0,0.1564,optimal
2021-02-11 15:30:00,9,6,1.1428571428571428,0.0,0.0,0.0736,optimal
2021-02-11 16:00:00,9,6,0.0,0.6966666666666667,0.0,0.6391,optimal
2021-02-11 16:30:00,9,6,0.0,0.0,0.0,0.1242,optimal
2021-02-11 17:00:00,9,6,0.0,0.0,0.0,0.069,optimal
2021-02-11 17:30:00,9,6,0.0,0.0,0.0,0.069,optimal
2021-02-11 18:00:00,9,6,0.0,0.0,0.0,0.069,optimal
2021-02-11 18:30:00,9,6,0.0,0.0,0.0,0.069,optimal
2021-02-11 19:00:00,9,6,0.0,0.0,0.0,0.161,optimal
2021-02-11 19:30:00,9,6,1.0973701667235902,0.0,0.0,0.069,optimal
2021-02-11 20:00:00,9,6,1.1316734923366756,0.0,0.0,0.069,optimal
2021-02-11 20:30:00,9,6,0.0,0.0,0.0,0.115,optimal
2021-02-11 21:00:00,9,6,0.0,0.0,0.0,0.115,optimal
2021-02-11 21:30:00,9,6,0.0,0.0,0.0,0.069,optimal
2021-02-11 22:00:00,9,6,0.0,0.23222222222222222,0.0,0.103,optimal
2021-02-11 22:30:00,9,6,0.0,0.1548148148148148,0.0,0.29706666666666665,optimal
2021-02-11 23:00:00,9,6,0.0,0.0,0.0,0.7525,optimal
2021-02-11 23:30:00,9,6,0.0,0.0,0.0,0.12286666666666667,optimal
2021-02-12 00:00:00,9,6,1.1428571428571428,0.0,0.0,0.064,optimal
2021-02-12 00:30:00,9,6,1.1428571428571428,0.0,0.0,0.2099333333333333,optimal
2021-02-12 01:00:00,9,6,1.1428571428571428,0.0,0.0,0.09253333333333331,optimal
2021-02-12 01:30:00,9,6,1.1428571428571428,0.0,0.0,0.2216,optimal
2021-02-12 02:00:00,9,6,1.1428571428571428,0.0,0.0,0.19666666666666663,optimal
2021-02-12 02:30:00,9,6,1.1428571428571428,0.0,0.0,0.17743333333333333,optimal
2021-02-12 03:00:00,9,6,1.1428571428571428,0.0,0.0,0.1367,optimal
2021-02-12 03:30:00,9,6,1.1428571428571428,0.0,0.0,0.19666666666666663,optimal
2021-02-12 04:00:00,9,6,1.1428571428571428,0.0,0.0,0.12376666666666668,optimal
2021-02-12 04:30:00,9,6,1.1428571428571428,0.0,0.0,0.1129,optimal
2021-02-12 05:00:00,9,6,1.1428571428571428,0.0,0.0,0.24559999999999998,optimal
2021-02-12 05:30:00,9,6,1.1428571428571428,0.0,0.0,0.09253333333333331,optimal
2021-02-12 06:00:00,9,6,1.1428571428571428,0.0,0.0,0.064,optimal
2021-02-12 06:30:00,9,6,1.1428571428571428,0.0,2.6441662626212885,0.21246666666666666,optimal
2021-02-12 07:00:00,9,6,1.1428571428571428,0.0,5.0,0.24066666666666664,optimal
2021-02-12 07:30:00,9,6,1.1428571428571428,7.914241587999917,0.0,0.13586666666666666,optimal
2021-02-12 08:00:00,9,6,0.861341458183135,0.0774074074074074,0.0,0.17543333333333333,optimal
2021-02-12 08:30:00,9,6,0.9639839562530739,0.0,0.0,0.20686666666666667,optimal
2021-02-12 09:00:00,9,6,0.8246170322789825,0.0,0.0,0.2435,optimal
2021-02-12 09:30:00,9,6,0.7815686011287178,0.0,0.0,0.07066666666666667,optimal
2021-02-12 10:00:00,9,6,0.4169907387119675,0.0,0.0,0.32126666666666664,optimal
2021-02-12 10:30:00,9,6,0.46544859971494573,0.0,0.0,0.08896666666666667,optimal
2021-02-12 11:00:00,9,6,0.25596708029437715,0.0,0.0,0.17930000000000001,optimal
2021-02-12 11:30:00,9,6,0.2774516938721318,0.0,0.0,0.09659999999999999,optimal
2021-02-12 12:00:00,9,6,0.07447811052595069,0.0774074074074074,0.0,1.4440666666666666,optimal
2021-02-12 12:30:00,9,6,0.09096653362750702,0.1548148148148148,0.0,0.5203333333333334,optimal
2021-02-12 13:00:00,9,6,0.13835037975111003,0.46444444444444444,0.0,0.2512333333333333,optimal
2021-02-12 13:30:00,9,6,0.22328474504503712,0.0,0.0,0.35286666666666666,optimal
2021-02-12 14:00:00,9,6,1.1428571428571428,0.0,0.0,0.34603333333333336,optimal
2021-02-12 14:30:00,9,6,1.1428571428571428,0.0,0.0,0.9703333333333334,optimal
2021-02-12 15:00:00,9,6,1.1428571428571428,0.0,0.0,1.1870333333333334,optimal
2021-02-12 15:30:00,9,6,1.1428571428571428,0.0,0.0,1.8580666666666663,optimal
2021-02-12 16:00:00,9,6,0.0,0.1548148148148148,0.0,0.15133333333333335,optimal
2021-02-12 16:30:00,9,6,0.0,0.1548148148148148,0.0,0.6417666666666666,optimal
2021-02-12 17:00:00,9,6,0.0,0.1548148148148148,0.0,1.7245666666666666,optimal
2021-02-12 17:30:00,9,6,0.0,0.0774074074074074,0.0,0.8462333333333334,optimal
2021-02-12 18:00:00,9,6,0.0,0.0774074074074074,0.0,0.2761,optimal
2021-02-12 18:30:00,9,6,0.0,0.387037037037037,0.0,0.385,optimal
2021-02-12 19:00:00,9,6,0.0,2.4770370370370367,0.0,0.5464,optimal
2021-02-12 19:30:00,9,6,0.0,0.0774074074074074,0.0,0.4075,optimal
2021-02-12 20:00:00,9,6,0.0,0.1548148148148148,0.0,0.8171333333333334,optimal
2021-02-12 20:30:00,9,6,0.0,0.0,0.0,0.41523333333333334,optimal
2021-02-12 21:00:00,9,6,0.0,0.0,0.0,0.5355666666666667,optimal
2021-02-12 21:30:00,9,6,0.0,0.0,0.0,0.5119,optimal
2021-02-12 22:00:00,9,6,0.0,0.387037037037037,0.0,0.5274333333333333,optimal
2021-02-12 22:30:00,9,6,0.0,6.347407407407407,0.0,0.6702666666666667,optimal
2021-02-12 23:00:00,9,6,0.0,0.23222222222222222,0.0,0.7504333333333333,optimal
2021-02-12 23:30:00,9,6,0.0,0.46444444444444444,0.0,0.49,optimal
2021-02-13 00:00:00,9,6,0.0,0.0,0.0,0.047,optimal
2021-02-13 00:30:00,9,6,0.0,0.0,0.0,0.08366666666666667,optimal
2021-02-13 01:00:00,9,6,0.0,0.0,0.0,0.07033333333333333,optimal
2021-02-13 01:30:00,9,6,0.9038208397703226,0.0,0.0,0.09366666666666669,optimal
2021-02-13 02:00:00,9,6,1.1428571428571428,0.0,0.0,0.060333333333333336,optimal
2021-02-13 02:30:00,9,6,1.1428571428571428,0.0,0.0,0.097,optimal
2021-02-13 03:00:00,9,6,1.1428571428571428,0.0,0.0,0.057,optimal
2021-02-13 03:30:00,9,6,1.1428571428571428,0.0,0.0,0.107,optimal
2021-02-13 04:00:00,9,6,1.1428571428571428,0.0,0.0,0.047,optimal
2021-02-13 04:30:00,9,6,1.1428571428571428,0.0,0.0,0.077,optimal
2021-02-13 05:00:00,9,6,1.1428571428571428,0.0,0.0,0.077,optimal
2021-02-13 05:30:00,9,6,1.1428571428571428,0.0,0.0,0.050333333333333334,optimal
2021-02-13 06:00:00,9,6,1.1428571428571428,6.347407407407408,0.0,0.10666666666666669,optimal
2021-02-13 06:30:00,9,6,1.1428571428571428,0.23222222222222222,3.8230996244716593,0.055,optimal
2021-02-13 07:00:00,9,6,1.1428571428571428,0.5418518518518518,5.0,0.08806666666666667,optimal
2021-02-13 07:30:00,9,6,1.1428571428571428,0.46444444444444444,0.0,0.24013333333333334,optimal
2021-02-13 08:00:00,9,6,0.6764388037374832,2.0899999999999994,0.0,0.0825,optimal
2021-02-13 08:30:00,9,6,0.7361519887438097,0.6966666666666667,0.0,0.13466666666666666,optimal
2021-02-13 09:00:00,9,6,0.6654582759647992,0.23222222222222222,0.0,0.13946666666666666,optimal
2021-02-13 09:30:00,9,6,0.5521480105202362,0.0,0.0,0.35669999999999996,optimal
2021-02-13 10:00:00,9,6,0.4710330479669701,0.0,0.0,0.2268,optimal
2021-02-13 10:30:00,9,6,0.47316528059234436,0.3096296296296296,0.0,0.1753,optimal
2021-02-13 11:00:00,9,6,0.1808170509803806,0.3096296296296296,0.0,0.3376,optimal
2021-02-13 11:30:00,9,6,0.1389664264628994,0.0,0.0,0.8247000000000001,optimal
2021-02-13 12:00:00,9,6,0.06950982879405046,0.23222222222222222,0.0,1.3504,optimal
2021-02-13 12:30:00,9,6,0.16076857975907888,0.5418518518518518,0.0,0.365,optimal
2021-02-13 13:00:00,9,6,1.1428571428571428,0.0,0.0,0.6187999999999999,optimal
2021-02-13 13:30:00,9,6,1.1428571428571428,0.0,0.0,0.43560000000000004,optimal
2021-02-13 14:00:00,9,6,1.1428571428571428,0.0,0.0,2.6498000000000004,optimal
2021-02-13 14:30:00,9,6,1.1428571428571428,0.0,0.0,2.671333333333333,optimal
2021-02-13 15:00:00,9,6,1.1428571428571428,0.0,0.0,0.30689999999999995,optimal
2021-02-13 15:30:00,9,6,1.1428571428571428,0.0,0.0,0.09033333333333332,optimal
2021-02-13 16:00:00,9,6,0.0,0.0,0.0,0.23336666666666667,optimal
2021-02-13 16:30:00,9,6,0.0,0.0,0.0,1.134766666666667,optimal
2021-02-13 17:00:00,9,6,0.0,0.23222222222222222,0.0,1.2930666666666666,optimal
2021-02-13 17:30:00,9,6,0.0,0.3096296296296296,0.0,1.0513666666666666,optimal
2021-02-13 18:00:00,9,6,0.0,0.23222222222222222,0.0,0.32896666666666663,optimal
2021-02-13 18:30:00,9,6,0.0,0.3096296296296296,0.0,1.1266666666666667,optimal
2021-02-13 19:00:00,9,6,0.0,0.0,0.0,0.11333333333333331,optimal
2021-02-13 19:30:00,9,6,0.0,2.5544444444444445,0.0,0.1452,optimal
2021-02-13 20:00:00,9,6,0.14535679443746274,0.3096296296296296,0.0,0.1171,optimal
2021-02-13 20:30:00,9,6,0.0,0.0,0.0,0.12919999999999998,optimal
2021-02-13 21:00:00,9,6,0.0,0.0,0.0,0.089,optimal
2021-02-13 21:30:00,9,6,0.0,0.0774074074074074,0.0,0.14266666666666666,optimal
2021-02-13 22:00:00,9,6,0.0,0.0,0.0,0.29519999999999996,optimal
2021-02-13 22:30:00,9,6,0.0,0.0774074074074074,0.0,0.541,optimal
2021-02-13 23:00:00,9,6,0.0,0.0,0.0,1.2951666666666668,optimal
2021-02-13 23:30:00,9,6,0.0,0.0774074074074074,0.0,0.12646666666666667,optimal
2021-02-07 00:00:00,10,6,0.0,0.0,0.0,0.14243333333333333,infeasible
2021-02-07 00:30:00,10,6,0.0,0.0,0.0,0.1884,infeasible
2021-02-07 01:00:00,10,6,0.0,0.0,0.0,0.1047,infeasible
2021-02-07 01:30:00,10,6,0.0,0.0,0.0,0.11713333333333334,infeasible
2021-02-07 02:00:00,10,6,0.0,0.0,0.0,0.18553333333333333,infeasible
2021-02-07 02:30:00,10,6,0.0,0.0,0.0,0.12786666666666666,infeasible
2021-02-07 03:00:00,10,6,0.0,0.0,0.0,0.21186666666666668,infeasible
2021-02-07 03:30:00,10,6,0.0,0.0,0.0,0.1047,infeasible
2021-02-07 04:00:00,10,6,0.0,0.0,0.0,0.11396666666666669,infeasible
2021-02-07 04:30:00,10,6,0.0,0.0,0.0,0.19833333333333328,infeasible
2021-02-07 05:00:00,10,6,0.0,0.0,0.0,0.1692,infeasible
2021-02-07 05:30:00,10,6,0.0,0.0,0.0,0.063,infeasible
2021-02-07 06:00:00,10,6,0.0,0.0,0.0,0.30526666666666663,infeasible
2021-02-07 06:30:00,10,6,0.0,0.0,0.0,0.1349,infeasible
2021-02-07 07:00:00,10,6,0.0,0.0,0.0,1.058,infeasible
2021-02-07 07:30:00,10,6,0.0,0.0,0.0,0.16263333333333332,infeasible
2021-02-07 08:00:00,10,6,0.0,0.0,0.0,0.11120000000000001,infeasible
2021-02-07 08:30:00,10,6,0.0,0.0,0.0,0.153,infeasible
2021-02-07 09:00:00,10,6,0.0,0.0,0.0,0.37026666666666663,infeasible
2021-02-07 09:30:00,10,6,0.0,0.0,0.0,1.2895999999999999,infeasible
2021-02-07 10:00:00,10,6,0.0,0.0,0.0,0.8269666666666667,infeasible
2021-02-07 10:30:00,10,6,0.0,0.0,0.0,0.5045666666666666,infeasible
2021-02-07 11:00:00,10,6,0.0,0.0,0.0,0.4116,infeasible
2021-02-07 11:30:00,10,6,0.0,0.0,0.0,0.8853333333333334,infeasible
2021-02-07 12:00:00,10,6,0.0,0.0,0.0,0.14566666666666667,infeasible
2021-02-07 12:30:00,10,6,0.0,0.0,0.0,0.19856666666666664,infeasible
2021-02-07 13:00:00,10,6,0.0,0.0,0.0,0.34963333333333335,infeasible
2021-02-07 13:30:00,10,6,0.0,0.0,0.0,0.3127,infeasible
2021-02-07 14:00:00,10,6,0.0,0.0,0.0,0.45203333333333334,infeasible
2021-02-07 14:30:00,10,6,0.0,0.0,0.0,0.39916666666666667,infeasible
2021-02-07 15:00:00,10,6,0.0,0.0,0.0,0.14186666666666667,infeasible
2021-02-07 15:30:00,10,6,0.0,0.0,0.0,0.20126666666666668,infeasible
2021-02-07 16:00:00,10,6,0.0,0.0,0.0,0.177,infeasible
2021-02-07 16:30:00,10,6,0.0,0.0,0.0,0.1564,infeasible
2021-02-07 17:00:00,10,6,0.0,0.0,0.0,0.0933,infeasible
2021-02-07 17:30:00,10,6,0.0,0.0,0.0,0.3405666666666667,infeasible
2021-02-07 18:00:00,10,6,0.0,0.0,0.0,0.19626666666666667,infeasible
2021-02-07 18:30:00,10,6,0.0,0.0,0.0,0.3149666666666666,infeasible
2021-02-07 19:00:00,10,6,0.0,0.0,0.0,0.30746666666666667,infeasible
2021-02-07 19:30:00,10,6,0.0,0.0,0.0,0.4057,infeasible
2021-02-07 20:00:00,10,6,0.0,0.0,0.0,1.2041,infeasible
2021-02-07 20:30:00,10,6,0.0,0.0,0.0,0.8871666666666667,infeasible
2021-02-07 21:00:00,10,6,0.0,0.0,0.0,0.41723333333333334,infeasible
2021-02-07 21:30:00,10,6,0.0,0.0,0.0,0.44289999999999996,infeasible
2021-02-07 22:00:00,10,6,0.0,0.0,0.0,0.18596666666666667,infeasible
2021-02-07 22:30:00,10,6,0.0,0.0,0.0,0.14743333333333333,infeasible
2021-02-07 23:00:00,10,6,0.0,0.0,0.0,0.23083333333333328,infeasible
2021-02-07 23:30:00,10,6,0.0,0.0,0.0,0.08226666666666667,infeasible
2021-02-08 00:00:00,10,6,0.0,0.0,0.0,0.065,infeasible
2021-02-08 00:30:00,10,6,0.0,0.0,0.0,0.07266666666666667,infeasible
2021-02-08 01:00:00,10,6,0.0,0.0,0.0,0.18666666666666662,infeasible
2021-02-08 01:30:00,10,6,0.0,0.0,0.0,0.06,infeasible
2021-02-08 02:00:00,10,6,0.0,0.0,0.0,0.16766666666666666,infeasible
2021-02-08 02:30:00,10,6,0.0,0.0,0.0,0.09166666666666669,infeasible
2021-02-08 03:00:00,10,6,0.0,0.0,0.0,0.12333333333333331,infeasible
2021-02-08 03:30:00,10,6,0.0,0.0,0.0,0.136,infeasible
2021-02-08 04:00:00,10,6,0.0,0.0,0.0,0.06,infeasible
2021-02-08 04:30:00,10,6,0.0,0.0,0.0,0.19933333333333328,infeasible
2021-02-08 05:00:00,10,6,0.0,0.0,0.0,0.06866666666666667,infeasible
2021-02-08 05:30:00,10,6,0.0,0.0,0.0,0.16933333333333334,infeasible
2021-02-08 06:00:00,10,6,0.0,0.0,0.0,0.09166666666666669,infeasible
2021-02-08 06:30:00,10,6,0.0,0.0,0.0,0.12266666666666669,infeasible
2021-02-08 07:00:00,10,6,0.0,0.0,0.0,0.134,infeasible
2021-02-08 07:30:00,10,6,0.0,0.0,0.0,0.06266666666666666,infeasible
2021-02-08 08:00:00,10,6,0.0,0.0,0.0,0.22353333333333333,infeasible
2021-02-08 08:30:00,10,6,0.0,0.0,0.0,0.223,infeasible
2021-02-08 09:00:00,10,6,0.0,0.0,0.0,0.45180000000000003,infeasible
2021-02-08 09:30:00,10,6,0.0,0.0,0.0,0.5182333333333333,infeasible
2021-02-08 10:00:00,10,6,0.0,0.0,0.0,0.3469333333333333,infeasible
2021-02-08 10:30:00,10,6,0.0,0.0,0.0,0.5428666666666667,infeasible
2021-02-08 11:00:00,10,6,0.0,0.0,0.0,0.3369,infeasible
2021-02-08 11:30:00,10,6,0.0,0.0,0.0,0.15933333333333335,infeasible
2021-02-08 12:00:00,10,6,0.0,0.0,0.0,0.3047333333333333,infeasible
2021-02-08 12:30:00,10,6,0.0,0.0,0.0,0.3207333333333333,infeasible
2021-02-08 13:00:00,10,6,0.0,0.0,0.0,0.3944666666666666,infeasible
2021-02-08 13:30:00,10,6,0.0,0.0,0.0,0.3977333333333333,infeasible
2021-02-08 14:00:00,10,6,0.0,0.0,0.0,0.07,infeasible
2021-02-08 14:30:00,10,6,0.0,0.0,0.0,0.07,infeasible
2021-02-08 15:00:00,10,6,0.0,0.0,0.0,0.13966666666666666,infeasible
2021-02-08 15:30:00,10,6,0.0,0.0,0.0,0.13966666666666666,infeasible
2021-02-08 16:00:00,10,6,0.0,0.0,0.0,0.07,infeasible
2021-02-08 16:30:00,10,6,0.0,0.0,0.0,0.084,infeasible
2021-02-08 17:00:00,10,6,0.0,0.0,0.0,0.26613333333333333,infeasible
2021-02-08 17:30:00,10,6,0.0,0.0,0.0,0.5762333333333334,infeasible
2021-02-08 18:00:00,10,6,0.0,0.0,0.0,0.3815,infeasible
2021-02-08 18:30:00,10,6,0.0,0.0,0.0,0.2059333333333333,infeasible
2021-02-08 19:00:00,10,6,0.0,0.0,0.0,0.21913333333333332,infeasible
2021-02-08 19:30:00,10,6,0.0,0.0,0.0,0.1409,infeasible
2021-02-08 20:00:00,10,6,0.0,0.0,0.0,0.2563333333333333,infeasible
2021-02-08 20:30:00,10,6,0.0,0.0,0.0,0.14786666666666667,infeasible
2021-02-08 21:00:00,10,6,0.0,0.0,0.0,0.10490000000000001,infeasible
2021-02-08 21:30:00,10,6,0.0,0.0,0.0,0.18819999999999998,infeasible
2021-02-08 22:00:00,10,6,0.0,0.0,0.0,0.24066666666666664,infeasible
2021-02-08 22:30:00,10,6,0.0,0.0,0.0,0.07,infeasible
2021-02-08 23:00:00,10,6,0.0,0.0,0.0,0.1903333333333333,infeasible
2021-02-08 23:30:00,10,6,0.0,0.0,0.0,0.08466666666666667,infeasible
2021-02-09 00:00:00,10,6,0.0,0.0,0.0,0.06,infeasible
2021-02-09 00:30:00,10,6,0.0,0.0,0.0,0.188,infeasible
2021-02-09 01:00:00,10,6,0.0,0.0,0.0,0.0728,infeasible
2021-02-09 01:30:00,10,6,0.0,0.0,0.0,0.14186666666666667,infeasible
2021-02-09 02:00:00,10,6,0.0,0.0,0.0,0.227,infeasible
2021-02-09 02:30:00,10,6,0.0,0.0,0.0,0.10033333333333332,infeasible
2021-02-09 03:00:00,10,6,0.0,0.0,0.0,0.094,infeasible
2021-02-09 03:30:00,10,6,0.0,0.0,0.0,0.1708,infeasible
2021-02-09 04:00:00,10,6,0.0,0.0,0.0,0.062,infeasible
2021-02-09 04:30:00,10,6,0.0,0.0,0.0,0.062,infeasible
2021-02-09 05:00:00,10,6,0.0,0.0,0.0,0.1196,infeasible
2021-02-09 05:30:00,10,6,0.0,0.0,0.0,0.1452,infeasible
2021-02-09 06:00:00,10,6,0.0,0.0,0.0,0.06366666666666666,infeasible
2021-02-09 06:30:00,10,6,0.0,0.0,0.0,0.2088,infeasible
2021-02-09 07:00:00,10,6,0.0,0.0,0.0,0.062,infeasible
2021-02-09 07:30:00,10,6,0.0,0.0,0.0,0.1452,infeasible
2021-02-09 08:00:00,10,6,0.0,0.0,0.0,0.1196,infeasible
2021-02-09 08:30:00,10,6,0.0,0.0,0.0,0.07403333333333333,infeasible
2021-02-09 09:00:00,10,6,0.0,0.0,0.0,0.2132,infeasible
2021-02-09 09:30:00,10,6,0.0,0.0,0.0,0.13446666666666668,infeasible
2021-02-09 10:00:00,10,6,0.0,0.0,0.0,0.32643333333333335,infeasible
2021-02-09 10:30:00,10,6,0.0,0.0,0.0,0.18406666666666663,infeasible
2021-02-09 11:00:00,10,6,0.0,0.0,0.0,0.2107333333333333,infeasible
2021-02-09 11:30:00,10,6,0.0,0.0,0.0,0.12566666666666668,infeasible
2021-02-09 12:00:00,10,6,0.0,0.0,0.0,0.072,infeasible
2021-02-09 12:30:00,10,6,0.0,0.0,0.0,0.072,infeasible
2021-02-09 13:00:00,10,6,0.0,0.0,0.0,0.21280000000000002,infeasible
2021-02-09 13:30:00,10,6,0.0,0.0,0.0,0.072,infeasible
2021-02-09 14:00:00,10,6,0.0,0.0,0.0,0.0912,infeasible
2021-02-09 14:30:00,10,6,0.0,0.0,0.0,0.1936,infeasible
2021-02-09 15:00:00,10,6,0.0,0.0,0.0,0.072,infeasible
2021-02-09 15:30:00,10,6,0.0,0.0,0.0,0.1936,infeasible
2021-02-09 16:00:00,10,6,0.0,0.0,0.0,0.0912,infeasible
2021-02-09 16:30:00,10,6,0.0,0.0,0.0,0.072,infeasible
2021-02-09 17:00:00,10,6,0.0,0.0,0.0,0.16213333333333332,infeasible
2021-02-09 17:30:00,10,6,0.0,0.0,0.0,0.22190000000000001,infeasible
2021-02-09 18:00:00,10,6,0.0,0.0,0.0,0.0724,infeasible
2021-02-09 18:30:00,10,6,0.0,0.0,0.0,0.0964,infeasible
2021-02-09 19:00:00,10,6,0.0,0.0,0.0,0.4669666666666666,infeasible
2021-02-09 19:30:00,10,6,0.0,0.0,0.0,0.44446666666666657,infeasible
2021-02-09 20:00:00,10,6,0.0,0.0,0.0,0.3858666666666667,infeasible
2021-02-09 20:30:00,10,6,0.0,0.0,0.0,0.46066666666666667,infeasible
2021-02-09 21:00:00,10,6,0.0,0.0,0.0,0.41643333333333327,infeasible
2021-02-09 21:30:00,10,6,0.0,0.0,0.0,0.356,infeasible
2021-02-09 22:00:00,10,6,0.0,0.0,0.0,0.5579666666666667,infeasible
2021-02-09 22:30:00,10,6,0.0,0.0,0.0,0.3366,infeasible
2021-02-09 23:00:00,10,6,0.0,0.0,0.0,0.43360000000000004,infeasible
2021-02-09 23:30:00,10,6,0.0,0.0,0.0,0.41053333333333336,infeasible
2021-02-10 00:00:00,10,6,0.0,0.0,0.0,0.11233333333333331,infeasible
2021-02-10 00:30:00,10,6,0.0,0.0,0.0,0.11206666666666666,infeasible
2021-02-10 01:00:00,10,6,0.0,0.0,0.0,0.063,infeasible
2021-02-10 01:30:00,10,6,0.0,0.0,0.0,0.22306666666666664,infeasible
2021-02-10 02:00:00,10,6,0.0,0.0,0.0,0.17909999999999998,infeasible
2021-02-10 02:30:00,10,6,0.0,0.0,0.0,0.2332333333333333,infeasible
2021-02-10 03:00:00,10,6,0.0,0.0,0.0,0.14886666666666667,infeasible
2021-02-10 03:30:00,10,6,0.0,0.0,0.0,0.063,infeasible
2021-02-10 04:00:00,10,6,0.0,0.0,0.0,0.1272,infeasible
2021-02-10 04:30:00,10,6,0.0,0.0,0.0,0.063,infeasible
2021-02-10 05:00:00,10,6,0.0,0.0,0.0,0.1881,infeasible
2021-02-10 05:30:00,10,6,0.0,0.0,0.0,0.08796666666666667,infeasible
2021-02-10 06:00:00,10,6,0.0,0.0,0.0,0.06866666666666667,infeasible
2021-02-10 06:30:00,10,6,0.0,0.0,0.0,0.15286666666666668,infeasible
2021-02-10 07:00:00,10,6,0.0,0.0,0.0,0.1272,infeasible
2021-02-10 07:30:00,10,6,0.0,0.0,0.0,0.19233333333333327,infeasible
2021-02-10 08:00:00,10,6,0.0,0.0,0.0,0.28353333333333336,infeasible
2021-02-10 08:30:00,10,6,0.0,0.0,0.0,0.29460000000000003,infeasible
2021-02-10 09:00:00,10,6,0.0,0.0,0.0,0.2071,infeasible
2021-02-10 09:30:00,10,6,0.0,0.0,0.0,0.35506666666666664,infeasible
2021-02-10 10:00:00,10,6,0.0,0.0,0.0,0.9685333333333331,infeasible
2021-02-10 10:30:00,10,6,0.0,0.0,0.0,1.4919666666666667,infeasible
2021-02-10 11:00:00,10,6,0.0,0.0,0.0,1.3559,infeasible
2021-02-10 11:30:00,10,6,0.0,0.0,0.0,0.2965,infeasible
2021-02-10 12:00:00,10,6,0.0,0.0,0.0,0.2853333333333333,infeasible
2021-02-10 12:30:00,10,6,0.0,0.0,0.0,0.1807,infeasible
2021-02-10 13:00:00,10,6,0.0,0.0,0.0,0.07456666666666666,infeasible
2021-02-10 13:30:00,10,6,0.0,0.0,0.0,0.07633333333333332,infeasible
2021-02-10 14:00:00,10,6,0.0,0.0,0.0,0.5361333333333334,infeasible
2021-02-10 14:30:00,10,6,0.0,0.0,0.0,0.16766666666666666,infeasible
2021-02-10 15:00:00,10,6,0.0,0.0,0.0,1.6913666666666665,infeasible
2021-02-10 15:30:00,10,6,0.0,0.0,0.0,0.2937333333333333,infeasible
2021-02-10 16:00:00,10,6,0.0,0.0,0.0,0.33363333333333334,infeasible
2021-02-10 16:30:00,10,6,0.0,0.0,0.0,2.538266666666667,infeasible
2021-02-10 17:00:00,10,6,0.0,0.0,0.0,1.8699666666666668,infeasible
2021-02-10 17:30:00,10,6,0.0,0.0,0.0,2.679533333333333,infeasible
2021-02-10 18:00:00,10,6,0.0,0.0,0.0,0.3625333333333334,infeasible
2021-02-10 18:30:00,10,6,0.0,0.0,0.0,1.8163333333333334,infeasible
2021-02-10 19:00:00,10,6,0.0,0.0,0.0,0.3527,infeasible
2021-02-10 19:30:00,10,6,0.0,0.0,0.0,0.45576666666666665,infeasible
2021-02-10 20:00:00,10,6,0.0,0.0,0.0,0.2737,infeasible
2021-02-10 20:30:00,10,6,0.0,0.0,0.0,0.3031333333333333,infeasible
2021-02-10 21:00:00,10,6,0.0,0.0,0.0,0.7564333333333333,infeasible
2021-02-10 21:30:00,10,6,0.0,0.0,0.0,0.129,infeasible
2021-02-10 22:00:00,10,6,0.0,0.0,0.0,0.23363333333333333,infeasible
2021-02-10 22:30:00,10,6,0.0,0.0,0.0,1.2739333333333334,infeasible
2021-02-10 23:00:00,10,6,0.0,0.0,0.0,1.312266666666667,infeasible
2021-02-10 23:30:00,10,6,0.0,0.0,0.0,0.28086666666666665,infeasible
2021-02-11 00:00:00,10,6,0.0,0.0,0.0,0.23216666666666663,infeasible
2021-02-11 00:30:00,10,6,0.0,0.0,0.0,0.065,infeasible
2021-02-11 01:00:00,10,6,0.0,0.0,0.0,0.12440000000000001,infeasible
2021-02-11 01:30:00,10,6,0.0,0.0,0.0,0.065,infeasible
2021-02-11 02:00:00,10,6,0.0,0.0,0.0,0.0881,infeasible
2021-02-11 02:30:00,10,6,0.0,0.0,0.0,0.2127666666666667,infeasible
2021-02-11 03:00:00,10,6,0.0,0.0,0.0,0.065,infeasible
2021-02-11 03:30:00,10,6,0.0,0.0,0.0,0.15619999999999998,infeasible
2021-02-11 04:00:00,10,6,0.0,0.0,0.0,0.09846666666666669,infeasible
2021-02-11 04:30:00,10,6,0.0,0.0,0.0,0.14666666666666667,infeasible
2021-02-11 05:00:00,10,6,0.0,0.0,0.0,0.1509,infeasible
2021-02-11 05:30:00,10,6,0.0,0.0,0.0,0.1145,infeasible
2021-02-11 06:00:00,10,6,0.0,0.0,0.0,0.073,infeasible
2021-02-11 06:30:00,10,6,0.0,0.0,0.0,0.23586666666666667,infeasible
2021-02-11 07:00:00,10,6,0.0,0.0,0.0,0.065,infeasible
2021-02-11 07:30:00,10,6,0.0,0.0,0.0,0.065,infeasible
2021-02-11 08:00:00,10,6,0.0,0.0,0.0,2.1081333333333334,infeasible
2021-02-11 08:30:00,10,6,0.0,0.0,0.0,1.0698666666666665,infeasible
2021-02-11 09:00:00,10,6,0.0,0.0,0.0,2.4911,infeasible
2021-02-11 09:30:00,10,6,0.0,0.0,0.0,0.7746666666666666,infeasible
2021-02-11 10:00:00,10,6,0.0,0.0,0.0,1.8877666666666668,infeasible
2021-02-11 10:30:00,10,6,0.0,0.0,0.0,2.705033333333333,infeasible
2021-02-11 11:00:00,10,6,0.0,0.0,0.0,2.555133333333333,infeasible
2021-02-11 11:30:00,10,6,0.0,0.0,0.0,0.5464666666666667,infeasible
2021-02-11 12:00:00,10,6,0.0,0.0,0.0,1.7475666666666667,infeasible
2021-02-11 12:30:00,10,6,0.0,0.0,0.0,2.6893000000000002,infeasible
2021-02-11 13:00:00,10,6,0.0,0.0,0.0,2.004933333333333,infeasible
2021-02-11 13:30:00,10,6,0.0,0.0,0.0,1.3366333333333333,infeasible
2021-02-11 14:00:00,10,6,0.0,0.0,0.0,3.4622333333333333,infeasible
2021-02-11 14:30:00,10,6,0.0,0.0,0.0,3.7306,infeasible
2021-02-11 15:00:00,10,6,0.0,0.0,0.0,0.7264666666666667,infeasible
2021-02-11 15:30:00,10,6,0.0,0.0,0.0,2.4887333333333332,infeasible
2021-02-11 16:00:00,10,6,0.0,0.0,0.0,0.35860000000000003,infeasible
2021-02-11 16:30:00,10,6,0.0,0.0,0.0,0.7226333333333333,infeasible
2021-02-11 17:00:00,10,6,0.0,0.0,0.0,2.396233333333333,infeasible
2021-02-11 17:30:00,10,6,0.0,0.0,0.0,1.4705666666666666,infeasible
2021-02-11 18:00:00,10,6,0.0,0.0,0.0,2.3644333333333334,infeasible
2021-02-11 18:30:00,10,6,0.0,0.0,0.0,1.0012333333333332,infeasible
2021-02-11 19:00:00,10,6,0.0,0.0,0.0,0.3781333333333333,infeasible
2021-02-11 19:30:00,10,6,0.0,0.0,0.0,2.5294,infeasible
2021-02-11 20:00:00,10,6,0.0,0.0,0.0,0.3414333333333333,infeasible
2021-02-11 20:30:00,10,6,0.0,0.0,0.0,2.624966666666667,infeasible
2021-02-11 21:00:00,10,6,0.0,0.0,0.0,2.4154666666666667,infeasible
2021-02-11 21:30:00,10,6,0.0,0.0,0.0,0.4109,infeasible
2021-02-11 22:00:00,10,6,0.0,0.0,0.0,1.4625666666666666,infeasible
2021-02-11 22:30:00,10,6,0.0,0.0,0.0,1.2931333333333335,infeasible
2021-02-11 23:00:00,10,6,0.0,0.0,0.0,0.075,infeasible
2021-02-11 23:30:00,10,6,0.0,0.0,0.0,0.24586666666666668,infeasible
2021-02-12 00:00:00,10,6,0.0,0.0,0.0,0.0747,infeasible
2021-02-12 00:30:00,10,6,0.0,0.0,0.0,0.10856666666666666,infeasible
2021-02-12 01:00:00,10,6,0.0,0.0,0.0,0.2062,infeasible
2021-02-12 01:30:00,10,6,0.0,0.0,0.0,0.17293333333333333,infeasible
2021-02-12 02:00:00,10,6,0.0,0.0,0.0,0.0874,infeasible
2021-02-12 02:30:00,10,6,0.0,0.0,0.0,0.2559666666666667,infeasible
2021-02-12 03:00:00,10,6,0.0,0.0,0.0,0.14856666666666665,infeasible
2021-02-12 03:30:00,10,6,0.0,0.0,0.0,0.19933333333333328,infeasible
2021-02-12 04:00:00,10,6,0.0,0.0,0.0,0.13033333333333336,infeasible
2021-02-12 04:30:00,10,6,0.0,0.0,0.0,0.07759999999999999,infeasible
2021-02-12 05:00:00,10,6,0.0,0.0,0.0,0.15546666666666667,infeasible
2021-02-12 05:30:00,10,6,0.0,0.0,0.0,0.24906666666666663,infeasible
2021-02-12 06:00:00,10,6,0.0,0.0,0.0,0.068,infeasible
2021-02-12 06:30:00,10,6,0.0,0.0,0.0,0.22173333333333328,infeasible
2021-02-12 07:00:00,10,6,0.0,0.0,0.0,0.17773333333333333,infeasible
2021-02-12 07:30:00,10,6,0.0,0.0,0.0,3.5168666666666666,infeasible
2021-02-12 08:00:00,10,6,0.0,0.0,0.0,1.1940333333333333,infeasible
2021-02-12 08:30:00,10,6,0.0,0.0,0.0,0.2076,infeasible
2021-02-12 09:00:00,10,6,0.0,0.0,0.0,0.2095,infeasible
2021-02-12 09:30:00,10,6,0.0,0.0,0.0,0.1724,infeasible
2021-02-12 10:00:00,10,6,0.0,0.0,0.0,0.12126666666666668,infeasible
2021-02-12 10:30:00,10,6,0.0,0.0,0.0,0.26766666666666666,infeasible
2021-02-12 11:00:00,10,6,0.0,0.0,0.0,0.11,infeasible
2021-02-12 11:30:00,10,6,0.0,0.0,0.0,0.1814,infeasible
2021-02-12 12:00:00,10,6,0.0,0.0,0.0,0.21773333333333328,infeasible
2021-02-12 12:30:00,10,6,0.0,0.0,0.0,0.13126666666666667,infeasible
2021-02-12 13:00:00,10,6,0.0,0.0,0.0,0.17453333333333332,infeasible
2021-02-12 13:30:00,10,6,0.0,0.0,0.0,0.3904666666666666,infeasible
2021-02-12 14:00:00,10,6,0.0,0.0,0.0,0.113,infeasible
2021-02-12 14:30:00,10,6,0.0,0.0,0.0,0.1956,infeasible
2021-02-12 15:00:00,10,6,0.0,0.0,0.0,0.1587333333333333,infeasible
2021-02-12 15:30:00,10,6,0.0,0.0,0.0,0.07886666666666665,infeasible
2021-02-12 16:00:00,10,6,0.0,0.0,0.0,2.7108000000000003,infeasible
2021-02-12 16:30:00,10,6,0.0,0.0,0.0,1.1168333333333333,infeasible
2021-02-12 17:00:00,10,6,0.0,0.0,0.0,1.8628666666666662,infeasible
2021-02-12 17:30:00,10,6,0.0,0.0,0.0,0.31556666666666666,infeasible
2021-02-12 18:00:00,10,6,0.0,0.0,0.0,0.35086666666666666,infeasible
2021-02-12 18:30:00,10,6,0.0,0.0,0.0,0.3504,infeasible
2021-02-12 19:00:00,10,6,0.0,0.0,0.0,0.28733333333333333,infeasible
2021-02-12 19:30:00,10,6,0.0,0.0,0.0,0.41953333333333337,infeasible
2021-02-12 20:00:00,10,6,0.0,0.0,0.0,1.2577333333333331,infeasible
2021-02-12 20:30:00,10,6,0.0,0.0,0.0,1.1176,infeasible
2021-02-12 21:00:00,10,6,0.0,0.0,0.0,0.4816666666666667,infeasible
2021-02-12 21:30:00,10,6,0.0,0.0,0.0,0.26193333333333335,infeasible
2021-02-12 22:00:00,10,6,0.0,0.0,0.0,0.2187666666666667,infeasible
2021-02-12 22:30:00,10,6,0.0,0.0,0.0,0.33843333333333336,infeasible
2021-02-12 23:00:00,10,6,0.0,0.0,0.0,0.12933333333333336,infeasible
2021-02-12 23:30:00,10,6,0.0,0.0,0.0,0.14643333333333333,infeasible
2021-02-13 00:00:00,10,6,0.0,0.0,0.0,0.061,infeasible
2021-02-13 00:30:00,10,6,0.0,0.0,0.0,0.061,infeasible
2021-02-13 01:00:00,10,6,0.0,0.0,0.0,0.0808,infeasible
2021-02-13 01:30:00,10,6,0.0,0.0,0.0,0.1864,infeasible
2021-02-13 02:00:00,10,6,0.0,0.0,0.0,0.061,infeasible
2021-02-13 02:30:00,10,6,0.0,0.0,0.0,0.2062,infeasible
2021-02-13 03:00:00,10,6,0.0,0.0,0.0,0.061,infeasible
2021-02-13 03:30:00,10,6,0.0,0.0,0.0,0.061,infeasible
2021-02-13 04:00:00,10,6,0.0,0.0,0.0,0.16,infeasible
2021-02-13 04:30:00,10,6,0.0,0.0,0.0,0.1072,infeasible
2021-02-13 05:00:00,10,6,0.0,0.0,0.0,0.6420333333333333,infeasible
2021-02-13 05:30:00,10,6,0.0,0.0,0.0,0.9521000000000001,infeasible
2021-02-13 06:00:00,10,6,0.0,0.0,0.0,0.3102,infeasible
2021-02-13 06:30:00,10,6,0.0,0.0,0.0,0.9679,infeasible
2021-02-13 07:00:00,10,6,0.0,0.0,0.0,1.1988666666666665,infeasible
2021-02-13 07:30:00,10,6,0.0,0.0,0.0,1.8738,infeasible
2021-02-13 08:00:00,10,6,0.0,0.0,0.0,0.3055333333333334,infeasible
2021-02-13 08:30:00,10,6,0.0,0.0,0.0,0.4102,infeasible
2021-02-13 09:00:00,10,6,0.0,0.0,0.0,0.38146666666666657,infeasible
2021-02-13 09:30:00,10,6,0.0,0.0,0.0,0.38576666666666665,infeasible
2021-02-13 10:00:00,10,6,0.0,0.0,0.0,0.7405333333333333,infeasible
2021-02-13 10:30:00,10,6,0.0,0.0,0.0,1.8268,infeasible
2021-02-13 11:00:00,10,6,0.0,0.0,0.0,0.39663333333333334,infeasible
2021-02-13 11:30:00,10,6,0.0,0.0,0.0,1.1238333333333332,infeasible
2021-02-13 12:00:00,10,6,0.0,0.0,0.0,1.0096333333333332,infeasible
2021-02-13 12:30:00,10,6,0.0,0.0,0.0,1.7087999999999999,infeasible
2021-02-13 13:00:00,10,6,0.0,0.0,0.0,0.2703666666666667,infeasible
2021-02-13 13:30:00,10,6,0.0,0.0,0.0,0.2862,infeasible
2021-02-13 14:00:00,10,6,0.0,0.0,0.0,0.19766666666666663,infeasible
2021-02-13 14:30:00,10,6,0.0,0.0,0.0,0.071,infeasible
2021-02-13 15:00:00,10,6,0.0,0.0,0.0,0.21619999999999998,infeasible
2021-02-13 15:30:00,10,6,0.0,0.0,0.0,0.071,infeasible
2021-02-13 16:00:00,10,6,0.0,0.0,0.0,0.071,infeasible
2021-02-13 16:30:00,10,6,0.0,0.0,0.0,0.21619999999999998,infeasible
2021-02-13 17:00:00,10,6,0.0,0.0,0.0,0.3364,infeasible
2021-02-13 17:30:00,10,6,0.0,0.0,0.0,0.3504,infeasible
2021-02-13 18:00:00,10,6,0.0,0.0,0.0,0.3108666666666667,infeasible
2021-02-13 18:30:00,10,6,0.0,0.0,0.0,0.2792,infeasible
2021-02-13 19:00:00,10,6,0.0,0.0,0.0,0.4632,infeasible
2021-02-13 19:30:00,10,6,0.0,0.0,0.0,0.8275,infeasible
2021-02-13 20:00:00,10,6,0.0,0.0,0.0,2.8896333333333333,infeasible
2021-02-13 20:30:00,10,6,0.0,0.0,0.0,0.38480000000000003,infeasible
2021-02-13 21:00:00,10,6,0.0,0.0,0.0,0.41906666666666664,infeasible
2021-02-13 21:30:00,10,6,0.0,0.0,0.0,0.22363333333333332,infeasible
2021-02-13 22:00:00,10,6,0.0,0.0,0.0,2.4838,infeasible
2021-02-13 22:30:00,10,6,0.0,0.0,0.0,2.8385,infeasible
2021-02-13 23:00:00,10,6,0.0,0.0,0.0,0.596,infeasible
2021-02-13 23:30:00,10,6,0.0,0.0,0.0,0.21619999999999998,infeasible
2021-02-07 00:00:00,11,6,0.0,0.0,0.0,0.06,optimal
2021-02-07 00:30:00,11,6,0.0,0.0,0.0,0.1176,optimal
2021-02-07 01:00:00,11,6,0.0,0.0,0.0,0.06,optimal
2021-02-07 01:30:00,11,6,0.0,0.0,0.0,0.06,optimal
2021-02-07 02:00:00,11,6,0.0,0.0,0.0,0.1176,optimal
2021-02-07 02:30:00,11,6,0.0,0.0,0.0,0.06,optimal
2021-02-07 03:00:00,11,6,0.0,0.0,0.0,0.1176,optimal
2021-02-07 03:30:00,11,6,0.0,0.0,0.0,0.06,optimal
2021-02-07 04:00:00,11,6,1.1428571428571428,0.0,0.0,0.06,optimal
2021-02-07 04:30:00,11,6,1.1428571428571428,0.0,0.0,0.1176,optimal
2021-02-07 05:00:00,11,6,1.1428571428571428,0.0,0.0,0.06,optimal
2021-02-07 05:30:00,11,6,1.1428571428571428,0.0,0.0,0.0695,optimal
2021-02-07 06:00:00,11,6,1.1428571428571428,0.23222222222222222,0.0,0.2939333333333333,optimal
2021-02-07 06:30:00,11,6,1.1428571428571428,0.1548148148148148,0.0,0.2575,optimal
2021-02-07 07:00:00,11,6,1.1428571428571428,3.096296296296296,1.5052247886819266,0.28846666666666665,optimal
2021-02-07 07:30:00,11,6,0.0,0.387037037037037,0.0,0.2561666666666667,optimal
2021-02-07 08:00:00,11,6,0.0,0.1548148148148148,0.0,0.213,optimal
2021-02-07 08:30:00,11,6,0.17105932449901548,0.6192592592592592,0.0,0.2706,optimal
2021-02-07 09:00:00,11,6,0.567277728913449,0.3096296296296296,0.0,0.226,optimal
2021-02-07 09:30:00,11,6,0.5630766282054893,0.0,0.0,0.24719999999999998,optimal
2021-02-07 10:00:00,11,6,0.5048205853170253,0.0,0.0,0.2534,optimal
2021-02-07 10:30:00,11,6,0.49590850101866346,0.0,0.0,0.26043333333333335,optimal
2021-02-07 11:00:00,11,6,0.4291888439441983,0.0,0.0,0.2777,optimal
2021-02-07 11:30:00,11,6,0.44984598680134774,0.23222222222222222,0.0,0.22419999999999998,optimal
2021-02-07 12:00:00,11,6,0.34375227439197864,0.0,0.0,0.35,optimal
2021-02-07 12:30:00,11,6,0.22428560772530748,0.23222222222222222,0.0,0.6784,optimal
2021-02-07 13:00:00,11,6,0.36664666179210614,0.6192592592592592,0.0,0.397,optimal
2021-02-07 13:30:00,11,6,0.714255000804953,0.0774074074074074,0.0,0.5348333333333334,optimal
2021-02-07 14:00:00,11,6,1.1428571428571428,0.23222222222222222,0.0,0.48460000000000003,optimal
2021-02-07 14:30:00,11,6,1.1428571428571428,1.7803703703703702,0.0,0.43960000000000005,optimal
2021-02-07 15:00:00,11,6,1.1428571428571428,0.23222222222222222,0.0,0.3903333333333333,optimal
2021-02-07 15:30:00,11,6,1.1428571428571428,2.3222222222222215,0.0,0.7964,optimal
2021-02-07 16:00:00,11,6,0.0,0.46444444444444444,0.0,0.662,optimal
2021-02-07 16:30:00,11,6,0.0,0.1548148148148148,0.0,0.35133333333333333,optimal
2021-02-07 17:00:00,11,6,0.0,0.3096296296296296,0.0,0.10479999999999999,optimal
2021-02-07 17:30:00,11,6,0.0,0.23222222222222222,0.0,0.11653333333333332,optimal
2021-02-07 18:00:00,11,6,0.0,3.833214814814815,0.0,0.2392,optimal
2021-02-07 18:30:00,11,6,0.0,0.888637037037037,0.0,0.231,optimal
2021-02-07 19:00:00,11,6,0.0,0.23222222222222222,0.0,0.41193333333333326,optimal
2021-02-07 19:30:00,11,6,0.0,0.1548148148148148,0.0,0.38739999999999997,optimal
2021-02-07 20:00:00,11,6,0.0,0.23222222222222222,0.0,0.31793333333333335,optimal
2021-02-07 20:30:00,11,6,0.0,0.1548148148148148,0.0,0.22533333333333327,optimal
2021-02-07 21:00:00,11,6,0.0,0.0,0.0,0.2710666666666667,optimal
2021-02-07 21:30:00,11,6,0.0,0.0,0.0,1.6922000000000001,optimal
2021-02-07 22:00:00,11,6,0.0,0.23222222222222222,0.0,0.1736,optimal
2021-02-07 22:30:00,11,6,0.0,0.0,0.0,0.2124,optimal
2021-02-07 23:00:00,11,6,0.0,0.46444444444444444,0.0,0.30939999999999995,optimal
2021-02-07 23:30:00,11,6,0.0,0.0,0.0,0.08466666666666667,optimal
2021-02-08 00:00:00,11,6,0.0,0.0,0.0,0.062,optimal
2021-02-08 00:30:00,11,6,0.0,0.0,0.0,0.26816666666666666,optimal
2021-02-08 01:00:00,11,6,0.0,0.0,0.0,0.10283333333333332,optimal
2021-02-08 01:30:00,11,6,0.0,0.0,0.0,0.062,optimal
2021-02-08 02:00:00,11,6,0.8020682343389789,0.0,0.0,0.309,optimal
2021-02-08 02:30:00,11,6,1.1428571428571428,0.0,0.0,0.062,optimal
2021-02-08 03:00:00,11,6,1.1428571428571428,0.0,0.0,0.25066666666666665,optimal
2021-02-08 03:30:00,11,6,1.1428571428571428,0.0,0.0,0.12033333333333332,optimal
2021-02-08 04:00:00,11,6,1.1428571428571428,0.0,0.0,0.062,optimal
2021-02-08 04:30:00,11,6,1.1428571428571428,0.0,0.0,0.1903333333333333,optimal
2021-02-08 05:00:00,11,6,1.1428571428571428,0.0,0.0,0.18066666666666664,optimal
2021-02-08 05:30:00,11,6,1.1428571428571428,0.0,2.9783753439550624,0.062,optimal
2021-02-08 06:00:00,11,6,1.1428571428571428,0.0,5.0,0.21566666666666662,optimal
2021-02-08 06:30:00,11,6,1.1428571428571428,0.0,5.0,0.15466666666666665,optimal
2021-02-08 07:00:00,11,6,1.1428571428571428,2.941481481481482,0.0,0.20416666666666664,optimal
2021-02-08 07:30:00,11,6,1.1428571428571428,0.774074074074074,0.0,1.96,optimal
2021-02-08 08:00:00,11,6,0.5741854365363309,2.692229629629629,0.0,0.4041,optimal
2021-02-08 08:30:00,11,6,0.5165457331903535,3.7325851851851852,0.0,0.42319999999999997,optimal
2021-02-08 09:00:00,11,6,0.4724518828650028,0.1548148148148148,0.0,0.19390000000000002,optimal
2021-02-08 09:30:00,11,6,0.4301819140744489,0.3096296296296296,0.0,0.44496666666666657,optimal
2021-02-08 10:00:00,11,6,0.3180389263898414,0.23222222222222222,0.0,0.20413333333333333,optimal
2021-02-08 10:30:00,11,6,0.18851365708515094,0.1548148148148148,0.0,2.4786666666666664,optimal
2021-02-08 11:00:00,11,6,0.07743978868455224,0.1548148148148148,0.0,2.030566666666666,optimal
2021-02-08 11:30:00,11,6,0.1730813967924417,0.1548148148148148,0.0,0.4953333333333333,optimal
2021-02-08 12:00:00,11,6,0.11928508536658841,0.3096296296296296,0.0,0.49573333333333336,optimal
2021-02-08 12:30:00,11,6,0.05637782539188336,0.1548148148148148,0.0,1.1022,optimal
2021-02-08 13:00:00,11,6,0.1794073759751966,0.0,0.0,1.5295,optimal
2021-02-08 13:30:00,11,6,1.1428571428571428,0.3096296296296296,0.0,0.9136666666666666,optimal
2021-02-08 14:00:00,11,6,1.1428571428571428,0.1548148148148148,0.0,0.7469,optimal
2021-02-08 14:30:00,11,6,1.1428571428571428,0.23222222222222222,0.0,0.7516333333333334,optimal
2021-02-08 15:00:00,11,6,1.1428571428571428,0.3096296296296296,0.0,0.31910000000000005,optimal
2021-02-08 15:30:00,11,6,1.1428571428571428,0.46444444444444444,0.0,0.4441666666666667,optimal
2021-02-08 16:00:00,11,6,0.0,0.6192592592592592,0.0,0.5217999999999999,optimal
2021-02-08 16:30:00,11,6,0.0,0.0,0.0,0.3157333333333333,optimal
2021-02-08 17:00:00,11,6,0.0,0.0,0.0,0.161,optimal
2021-02-08 17:30:00,11,6,0.0,0.23222222222222222,0.0,1.7534333333333334,optimal
2021-02-08 18:00:00,11,6,0.0,0.46444444444444444,0.0,0.39166666666666666,optimal
2021-02-08 18:30:00,11,6,0.0,0.0,0.0,0.3280666666666667,optimal
2021-02-08 19:00:00,11,6,0.0,0.0,0.0,0.4106666666666667,optimal
2021-02-08 19:30:00,11,6,0.0,0.3096296296296296,0.0,0.3565,optimal
2021-02-08 20:00:00,11,6,0.0,0.0,0.0,0.38789999999999997,optimal
2021-02-08 20:30:00,11,6,0.0,0.0,0.0,0.40203333333333335,optimal
2021-02-08 21:00:00,11,6,0.0,0.0,0.0,0.797,optimal
2021-02-08 21:30:00,11,6,0.0,0.0,0.0,0.6474,optimal
2021-02-08 22:00:00,11,6,0.0,0.1548148148148148,0.0,0.8513333333333334,optimal
2021-02-08 22:30:00,11,6,0.0,0.0,0.0,0.3211,optimal
2021-02-08 23:00:00,11,6,0.0,0.1548148148148148,0.0,0.43273333333333336,optimal
2021-02-08 23:30:00,11,6,0.0,0.0,0.0,0.11866666666666668,optimal
2021-02-09 00:00:00,11,6,0.0,0.0,0.0,0.06133333333333334,optimal
2021-02-09 00:30:00,11,6,0.0,0.0,0.0,0.09113333333333334,optimal
2021-02-09 01:00:00,11,6,0.0,0.0,0.0,0.2550666666666666,optimal
2021-02-09 01:30:00,11,6,0.24234810085889202,0.0,0.0,0.061,optimal
2021-02-09 02:00:00,11,6,1.1428571428571428,0.0,0.0,0.14343333333333333,optimal
2021-02-09 02:30:00,11,6,1.1428571428571428,0.0,0.0,0.19743333333333332,optimal
2021-02-09 03:00:00,11,6,1.1428571428571428,0.0,0.0,0.10233333333333332,optimal
2021-02-09 03:30:00,11,6,1.1428571428571428,0.0,0.0,0.11376666666666668,optimal
2021-02-09 04:00:00,11,6,1.1428571428571428,0.0,0.0,0.1857666666666667,optimal
2021-02-09 04:30:00,11,6,1.1428571428571428,0.0,0.0,0.061,optimal
2021-02-09 05:00:00,11,6,1.1428571428571428,0.0,0.0,0.061,optimal
2021-02-09 05:30:00,11,6,1.1428571428571428,0.0,3.092046677191329,0.1857666666666667,optimal
2021-02-09 06:00:00,11,6,1.1428571428571428,0.0,5.0,0.08070000000000001,optimal
2021-02-09 06:30:00,11,6,1.1428571428571428,0.3096296296296296,5.0,0.1354,optimal
2021-02-09 07:00:00,11,6,1.1428571428571428,1.6255555555555554,5.0,0.1616,optimal
2021-02-09 07:30:00,11,6,1.1428571428571428,1.006296296296296,0.0,0.25066666666666665,optimal
2021-02-09 08:00:00,11,6,0.5803823921367711,0.23222222222222222,0.0,0.6656,optimal
2021-02-09 08:30:00,11,6,0.6478743281081257,0.0,0.0,0.4606,optimal
2021-02-09 09:00:00,11,6,0.7328414559828482,0.0,0.0,0.071,optimal
2021-02-09 09:30:00,11,6,0.6574443755446082,0.0,0.0,0.28986666666666666,optimal
2021-02-09 10:00:00,11,6,0.534784780149764,0.0,0.0,0.071,optimal
2021-02-09 10:30:00,11,6,0.5165602289909035,0.0,0.0,0.09726666666666668,optimal
2021-02-09 11:00:00,11,6,0.3188622890844066,0.0,0.0,0.18919999999999998,optimal
2021-02-09 11:30:00,11,6,0.33041356932883004,0.0,0.0,0.14126666666666668,optimal
2021-02-09 12:00:00,11,6,0.19733662955337306,0.0,0.0,0.20646666666666666,optimal
2021-02-09 12:30:00,11,6,0.2344329683565738,0.0,0.0,0.08413333333333334,optimal
2021-02-09 13:00:00,11,6,0.6975918405546838,0.0,0.0,0.1904,optimal
2021-02-09 13:30:00,11,6,1.1428571428571428,0.0,0.0,0.17046666666666666,optimal
2021-02-09 14:00:00,11,6,1.1428571428571428,0.0,0.0,0.07756666666666666,optimal
2021-02-09 14:30:00,11,6,1.1428571428571428,0.0,0.0,0.2089,optimal
2021-02-09 15:00:00,11,6,1.1428571428571428,0.0,0.0,0.071,optimal
2021-02-09 15:30:00,11,6,1.1428571428571428,0.0,0.0,0.21106666666666662,optimal
2021-02-09 16:00:00,11,6,0.0,0.0,0.0,0.2888,optimal
2021-02-09 16:30:00,11,6,0.0,0.1548148148148148,0.0,0.2004,optimal
2021-02-09 17:00:00,11,6,0.0,0.0,0.0,0.3455,optimal
2021-02-09 17:30:00,11,6,0.0,0.3096296296296296,0.0,0.3944333333333333,optimal
2021-02-09 18:00:00,11,6,0.0,0.1548148148148148,0.0,0.3090333333333334,optimal
2021-02-09 18:30:00,11,6,0.0,2.2448148148148146,0.0,0.29983333333333334,optimal
2021-02-09 19:00:00,11,6,0.0,0.0,0.0,0.25046666666666667,optimal
2021-02-09 19:30:00,11,6,0.0,0.0,0.0,0.6370333333333333,optimal
2021-02-09 20:00:00,11,6,0.0,0.0774074074074074,0.0,0.4594666666666666,optimal
2021-02-09 20:30:00,11,6,0.0,0.387037037037037,0.0,0.39289999999999997,optimal
2021-02-09 21:00:00,11,6,0.0,0.6966666666666667,0.0,0.3156333333333333,optimal
2021-02-09 21:30:00,11,6,0.0,0.0,0.0,0.35006666666666664,optimal
2021-02-09 22:00:00,11,6,0.0,0.0774074074074074,0.0,1.9719,optimal
2021-02-09 22:30:00,11,6,0.0,0.23222222222222222,0.0,0.5521333333333334,optimal
2021-02-09 23:00:00,11,6,0.0,0.0,0.0,0.6190666666666668,optimal
2021-02-09 23:30:00,11,6,0.0,0.0774074074074074,0.0,0.5554,optimal
2021-02-10 00:00:00,11,6,0.0,0.1548148148148148,0.0,2.1338000000000004,optimal
2021-02-10 00:30:00,11,6,0.0,0.0774074074074074,0.0,1.1839000000000002,optimal
2021-02-10 01:00:00,11,6,0.0,0.0,0.0,1.128766666666667,optimal
2021-02-10 01:30:00,11,6,0.0,0.0,0.0,0.1398,optimal
2021-02-10 02:00:00,11,6,0.8873527652060206,0.0,0.0,0.123,optimal
2021-02-10 02:30:00,11,6,1.1428571428571428,0.0,0.0,0.048,optimal
2021-02-10 03:00:00,11,6,1.1428571428571428,0.0,0.0,0.08393333333333333,optimal
2021-02-10 03:30:00,11,6,1.1428571428571428,0.0,0.0,0.14646666666666666,optimal
2021-02-10 04:00:00,11,6,1.1428571428571428,0.0,0.0,0.0804,optimal
2021-02-10 04:30:00,11,6,1.1428571428571428,0.0,0.0,0.1182,optimal
2021-02-10 05:00:00,11,6,1.1428571428571428,0.0,0.630033139759764,0.13806666666666667,optimal
2021-02-10 05:30:00,11,6,1.1428571428571428,0.0,5.0,0.05453333333333333,optimal
2021-02-10 06:00:00,11,6,1.1428571428571428,0.0,5.0,0.1854,optimal
2021-02-10 06:30:00,11,6,1.1428571428571428,3.3285185185185178,5.0,0.4967,optimal
2021-02-10 07:00:00,11,6,1.1428571428571428,0.1548148148148148,5.0,0.5692333333333334,optimal
2021-02-10 07:30:00,11,6,1.1428571428571428,4.876666666666668,0.0,0.42153333333333337,optimal
2021-02-10 08:00:00,11,6,0.8493120577180043,0.0,0.0,0.11353333333333332,optimal
2021-02-10 08:30:00,11,6,0.8417838453623523,0.0,0.0,0.10986666666666665,optimal
2021-02-10 09:00:00,11,6,0.7150178891773001,0.0,0.0,0.13046666666666668,optimal
2021-02-10 09:30:00,11,6,0.7140801530121346,0.0,0.0,0.10373333333333332,optimal
2021-02-10 10:00:00,11,6,0.5365603919543132,0.0,0.0,0.058,optimal
2021-02-10 10:30:00,11,6,0.5117856612590077,0.0,0.0,0.1222,optimal
2021-02-10 11:00:00,11,6,0.36852396806194687,0.0,0.0,0.1606,optimal
2021-02-10 11:30:00,11,6,0.39355033807460266,0.0,0.0,0.058,optimal
2021-02-10 12:00:00,11,6,0.1957575125904872,0.0,0.0,0.166,optimal
2021-02-10 12:30:00,11,6,0.20981465544762976,0.0,0.0,0.1168,optimal
2021-02-10 13:00:00,11,6,0.12019880707804155,0.3096296296296296,0.0,0.4273333333333333,optimal
2021-02-10 13:30:00,11,6,0.15825525176787128,0.3096296296296296,0.0,0.6909,optimal
2021-02-10 14:00:00,11,6,1.1428571428571428,0.0,0.0,2.4669,optimal
2021-02-10 14:30:00,11,6,1.1428571428571428,0.1548148148148148,0.0,0.48460000000000003,optimal
2021-02-10 15:00:00,11,6,1.1428571428571428,0.0,0.0,2.3301666666666665,optimal
2021-02-10 15:30:00,11,6,1.1428571428571428,0.0,0.0,0.6072000000000001,optimal
2021-02-10 16:00:00,11,6,0.0,0.387037037037037,0.0,0.1648,optimal
2021-02-10 16:30:00,11,6,0.0,0.23222222222222222,0.0,0.3188666666666667,optimal
2021-02-10 17:00:00,11,6,0.0,0.35142962962962954,0.0,4.210566666666667,optimal
2021-02-10 17:30:00,11,6,0.0,0.5000518518518519,0.0,0.9875,optimal
2021-02-10 18:00:00,11,6,0.0,0.23222222222222222,0.0,0.7645,optimal
2021-02-10 18:30:00,11,6,0.0,0.0774074074074074,0.0,2.3013000000000003,optimal
2021-02-10 19:00:00,11,6,0.0,0.3096296296296296,0.0,0.35803333333333337,optimal
2021-02-10 19:30:00,11,6,0.0,0.0774074074074074,0.0,1.4221666666666668,optimal
2021-02-10 20:00:00,11,6,0.0,0.23222222222222222,0.0,2.4632666666666667,optimal
2021-02-10 20:30:00,11,6,0.0,0.0,0.0,1.5585666666666667,optimal
2021-02-10 21:00:00,11,6,0.0,0.0,0.0,0.5556333333333333,optimal
2021-02-10 21:30:00,11,6,0.0,0.0,0.0,2.1586,optimal
2021-02-10 22:00:00,11,6,0.0,0.3096296296296296,0.0,0.5961666666666666,optimal
2021-02-10 22:30:00,11,6,0.0,0.0,0.0,0.1066,optimal
2021-02-10 23:00:00,11,6,0.0,0.0,0.0,0.39763333333333334,optimal
2021-02-10 23:30:00,11,6,0.0,0.0,0.0,0.161,optimal
2021-02-11 00:00:00,11,6,0.7566683729916213,0.0,0.0,0.054,optimal
2021-02-11 00:30:00,11,6,1.1428571428571428,0.0,0.0,0.09140000000000001,optimal
2021-02-11 01:00:00,11,6,1.1428571428571428,0.0,0.0,0.09240000000000001,optimal
2021-02-11 01:30:00,11,6,1.1428571428571428,0.0,0.0,0.06816666666666667,optimal
2021-02-11 02:00:00,11,6,1.1428571428571428,0.0,0.0,0.21016666666666664,optimal
2021-02-11 02:30:00,11,6,1.1428571428571428,0.0,0.0,0.0728,optimal
2021-02-11 03:00:00,11,6,1.1428571428571428,0.0,0.0,0.063,optimal
2021-02-11 03:30:00,11,6,1.1428571428571428,0.0,0.06453213945072298,0.1095,optimal
2021-02-11 04:00:00,11,6,1.1428571428571428,0.0,5.0,0.16556666666666667,optimal
2021-02-11 04:30:00,11,6,1.1428571428571428,0.0,5.0,0.07606666666666666,optimal
2021-02-11 05:00:00,11,6,1.1428571428571428,0.0,5.0,0.12826666666666667,optimal
2021-02-11 05:30:00,11,6,1.1428571428571428,0.0,5.0,0.15986666666666668,optimal
2021-02-11 06:00:00,11,6,1.1428571428571428,0.0,5.0,0.09553333333333332,optimal
2021-02-11 06:30:00,11,6,1.1428571428571428,0.1548148148148148,5.0,0.22983333333333328,optimal
2021-02-11 07:00:00,11,6,1.1428571428571428,0.3096296296296296,0.0,0.40476666666666666,optimal
2021-02-11 07:30:00,11,6,1.1428571428571428,0.3096296296296296,0.0,0.3626333333333333,optimal
2021-02-11 08:00:00,11,6,0.7523340888111333,0.42883703703703696,0.0,0.208,optimal
2021-02-11 08:30:00,11,6,0.7038326290302483,0.035607407407407414,0.0,0.42260000000000003,optimal
2021-02-11 09:00:00,11,6,0.4484478313446354,0.5418518518518518,0.0,0.7466666666666666,optimal
2021-02-11 09:30:00,11,6,0.5568210317914601,0.46444444444444444,0.0,0.23913333333333334,optimal
2021-02-11 10:00:00,11,6,0.2693840612646335,0.387037037037037,0.0,0.3597333333333333,optimal
2021-02-11 10:30:00,11,6,0.17565822214111698,0.1548148148148148,0.0,1.3124333333333333,optimal
2021-02-11 11:00:00,11,6,0.31450624346397016,0.0,0.0,0.21996666666666667,optimal
2021-02-11 11:30:00,11,6,0.327194494749324,0.0,0.0,0.063,optimal
2021-02-11 12:00:00,11,6,0.12045655098709243,0.0,0.0,0.21996666666666667,optimal
2021-02-11 12:30:00,11,6,0.13595652749789391,0.0,0.0,0.06816666666666667,optimal
2021-02-11 13:00:00,11,6,1.1428571428571428,0.0,0.0,0.063,optimal
2021-02-11 13:30:00,11,6,1.1428571428571428,0.0,0.0,0.3758333333333333,optimal
2021-02-11 14:00:00,11,6,1.1428571428571428,0.0,0.0,0.25976666666666665,optimal
2021-02-11 14:30:00,11,6,1.1428571428571428,0.0,0.0,0.12876666666666667,optimal
2021-02-11 15:00:00,11,6,1.1428571428571428,0.0,0.0,0.1542666666666667,optimal
2021-02-11 15:30:00,11,6,1.1428571428571428,0.0,0.0,0.2318,optimal
2021-02-11 16:00:00,11,6,0.0,0.0,0.0,0.15066666666666667,optimal
2021-02-11 16:30:00,11,6,0.0,0.23222222222222222,0.0,0.2401,optimal
2021-02-11 17:00:00,11,6,0.0,0.6192592592592592,0.0,0.2603333333333333,optimal
2021-02-11 17:30:00,11,6,0.0,0.1548148148148148,0.0,0.23746666666666666,optimal
2021-02-11 18:00:00,11,6,0.0,2.4770370370370367,0.0,0.30696666666666667,optimal
2021-02-11 18:30:00,11,6,0.0,0.6192592592592592,0.0,0.26780000000000004,optimal
2021-02-11 19:00:00,11,6,0.0,0.0,0.0,0.32439999999999997,optimal
2021-02-11 19:30:00,11,6,0.0,0.0,0.0,0.4678333333333333,optimal
2021-02-11 20:00:00,11,6,0.13891845251470658,0.3096296296296296,0.0,0.24246666666666666,optimal
2021-02-11 20:30:00,11,6,0.0,0.0,0.0,0.221,optimal
2021-02-11 21:00:00,11,6,0.0,0.387037037037037,0.0,0.37439999999999996,optimal
2021-02-11 21:30:00,11,6,0.0,0.0,0.0,2.4640666666666666,optimal
2021-02-11 22:00:00,11,6,0.0,0.0,0.0,0.1683,optimal
2021-02-11 22:30:00,11,6,0.0,0.0,0.0,0.063,optimal
2021-02-11 23:00:00,11,6,0.0,0.0,0.0,0.09240000000000001,optimal
2021-02-11 23:30:00,11,6,0.0,0.0,0.0,0.1957333333333333,optimal
2021-02-12 00:00:00,11,6,1.1428571428571428,0.0,0.0,0.065,optimal
2021-02-12 00:30:00,11,6,1.1428571428571428,0.0,0.0,0.1194,optimal
2021-02-12 01:00:00,11,6,1.1428571428571428,0.0,0.0,0.0682,optimal
2021-02-12 01:30:00,11,6,1.1428571428571428,0.0,0.0,0.1034,optimal
2021-02-12 02:00:00,11,6,1.1428571428571428,0.0,0.0,0.0842,optimal
2021-02-12 02:30:00,11,6,1.1428571428571428,0.0,0.0,0.1034,optimal
2021-02-12 03:00:00,11,6,1.1428571428571428,0.0,0.0,0.0842,optimal
2021-02-12 03:30:00,11,6,1.1428571428571428,0.0,0.0,0.065,optimal
2021-02-12 04:00:00,11,6,1.1428571428571428,0.0,0.0,0.065,optimal
2021-02-12 04:30:00,11,6,1.1428571428571428,0.0,0.0,0.065,optimal
2021-02-12 05:00:00,11,6,1.1428571428571428,0.0,0.0,0.06466666666666668,optimal
2021-02-12 05:30:00,11,6,1.1428571428571428,0.387037037037037,0.0,0.148,optimal
2021-02-12 06:00:00,11,6,1.1428571428571428,0.46444444444444444,3.2090809110023524,0.10566666666666669,optimal
2021-02-12 06:30:00,11,6,1.1428571428571428,0.0774074074074074,5.0,0.128,optimal
2021-02-12 07:00:00,11,6,1.1428571428571428,0.3096296296296296,0.0,0.7486333333333334,optimal
2021-02-12 07:30:00,11,6,1.1428571428571428,3.2650319973480957,0.0,0.8906333333333333,optimal
2021-02-12 08:00:00,11,6,0.8653128867545635,0.0,0.0,0.1682,optimal
2021-02-12 08:30:00,11,6,0.9880601467292651,0.0,0.0,0.13226666666666667,optimal
2021-02-12 09:00:00,11,6,0.8756170322789802,0.0,0.0,0.06933333333333333,optimal
2021-02-12 09:30:00,11,6,0.7648257439858518,0.0,0.0,0.1226,optimal
2021-02-12 10:00:00,11,6,0.3323621672833987,0.0,0.0,0.24686666666666668,optimal
2021-02-12 10:30:00,11,6,0.22358193304828256,0.3096296296296296,0.0,0.2508,optimal
2021-02-12 11:00:00,11,6,0.0,0.46444444444444444,0.0,0.22966666666666663,optimal
2021-02-12 11:30:00,11,6,0.0,0.23222222222222222,0.0,0.292,optimal
2021-02-12 12:00:00,11,6,0.0,0.3096296296296296,0.0,0.4853,optimal
2021-02-12 12:30:00,11,6,0.0,0.0,0.0,0.3765333333333334,optimal
2021-02-12 13:00:00,11,6,0.0,0.0,0.0,0.38426666666666665,optimal
2021-02-12 13:30:00,11,6,0.15329122510210183,0.0,0.0,0.29886666666666667,optimal
2021-02-12 14:00:00,11,6,1.1428571428571428,0.0,0.0,1.5571666666666668,optimal
2021-02-12 14:30:00,11,6,1.1428571428571428,0.0,0.0,0.4639,optimal
2021-02-12 15:00:00,11,6,1.1428571428571428,0.1548148148148148,0.0,0.8398,optimal
2021-02-12 15:30:00,11,6,1.1428571428571428,0.0,0.0,1.1462999999999999,optimal
2021-02-12 16:00:00,11,6,0.0,0.0774074074074074,0.0,0.4918,optimal
2021-02-12 16:30:00,11,6,0.0,0.1548148148148148,0.0,0.5258999999999999,optimal
2021-02-12 17:00:00,11,6,0.0,0.0,0.0,1.8766666666666667,optimal
2021-02-12 17:30:00,11,6,0.0,0.387037037037037,0.0,0.32739999999999997,optimal
2021-02-12 18:00:00,11,6,0.0,0.1548148148148148,0.0,0.40313333333333334,optimal
2021-02-12 18:30:00,11,6,0.0,0.6966666666666667,0.0,0.4274,optimal
2021-02-12 19:00:00,11,6,0.0,0.0,0.0,0.177,optimal
2021-02-12 19:30:00,11,6,0.0,0.0,0.0,0.075,optimal
2021-02-12 20:00:00,11,6,0.0,0.0,0.0,0.075,optimal
2021-02-12 20:30:00,11,6,0.0,0.0,0.0,0.1326,optimal
2021-02-12 21:00:00,11,6,0.0,0.0,0.0,0.075,optimal
2021-02-12 21:30:00,11,6,0.0,0.0774074074074074,0.0,0.6145,optimal
2021-02-12 22:00:00,11,6,0.0,0.1548148148148148,0.0,1.8405,optimal
2021-02-12 22:30:00,11,6,0.0,0.23222222222222222,0.0,2.5498000000000003,optimal
2021-02-12 23:00:00,11,6,0.0,0.0,0.0,1.0825666666666667,optimal
2021-02-12 23:30:00,11,6,0.0,0.3096296296296296,0.0,0.4329666666666666,optimal
2021-02-13 00:00:00,11,6,0.0,0.0,0.0,0.2134,optimal
2021-02-13 00:30:00,11,6,0.0,0.0,0.0,0.161,optimal
2021-02-13 01:00:00,11,6,0.0,0.0,0.0,0.2326,optimal
2021-02-13 01:30:00,11,6,0.9987148943243476,0.0,0.0,0.3823666666666667,optimal
2021-02-13 02:00:00,11,6,1.1428571428571428,0.0,0.0,0.2557,optimal
2021-02-13 02:30:00,11,6,1.1428571428571428,0.0,0.0,0.19393333333333332,optimal
2021-02-13 03:00:00,11,6,1.1428571428571428,0.0,0.0,0.12843333333333334,optimal
2021-02-13 03:30:00,11,6,1.1428571428571428,0.0,0.0,0.0947,optimal
2021-02-13 04:00:00,11,6,1.1428571428571428,0.0,0.0,0.17646666666666666,optimal
2021-02-13 04:30:00,11,6,1.1428571428571428,0.0,0.0,0.0994,optimal
2021-02-13 05:00:00,11,6,1.1428571428571428,0.0,0.0,0.08059999999999999,optimal
2021-02-13 05:30:00,11,6,1.1428571428571428,0.0,0.0,0.17646666666666666,optimal
2021-02-13 06:00:00,11,6,1.1428571428571428,0.0,1.0908582082917844,0.16633333333333333,optimal
2021-02-13 06:30:00,11,6,1.1428571428571428,0.46444444444444444,5.0,0.1268,optimal
2021-02-13 07:00:00,11,6,1.1428571428571428,1.548148148148148,0.0,0.1617333333333333,optimal
2021-02-13 07:30:00,11,6,1.1428571428571428,0.774074074074074,0.0,0.08793333333333334,optimal
2021-02-13 08:00:00,11,6,0.7172197561184362,0.5418518518518518,0.0,0.13593333333333335,optimal
2021-02-13 08:30:00,11,6,0.7514853220771486,0.0,0.0,0.19353333333333333,optimal
2021-02-13 09:00:00,11,6,0.6740201807267079,1.470740740740741,0.0,0.051,optimal
2021-02-13 09:30:00,11,6,0.5487003914726217,0.0,0.0,0.38376666666666664,optimal
2021-02-13 10:00:00,11,6,0.5861759051098341,0.0,0.0,0.053,optimal
2021-02-13 10:30:00,11,6,0.5623271853542484,0.0,0.0,0.12896666666666667,optimal
2021-02-13 11:00:00,11,6,0.32948371764705753,0.0,0.0,0.2045,optimal
2021-02-13 11:30:00,11,6,0.3706254740819468,0.0,0.0,0.053,optimal
2021-02-13 12:00:00,11,6,0.17834601927024424,0.0,0.0,0.27446666666666664,optimal
2021-02-13 12:30:00,11,6,0.1388923892828898,6.734444444444445,0.0,0.16083333333333336,optimal
2021-02-13 13:00:00,11,6,1.1428571428571428,0.0,0.0,0.3013,optimal
2021-02-13 13:30:00,11,6,1.1428571428571428,2.1674074074074072,0.0,0.0888,optimal
2021-02-13 14:00:00,11,6,1.1428571428571428,0.0,0.0,0.08726666666666666,optimal
2021-02-13 14:30:00,11,6,1.1428571428571428,0.23222222222222222,0.0,0.2442,optimal
2021-02-13 15:00:00,11,6,1.1428571428571428,0.0,0.0,0.052333333333333336,optimal
2021-02-13 15:30:00,11,6,1.1428571428571428,0.3096296296296296,0.0,0.2118333333333333,optimal
2021-02-13 16:00:00,11,6,0.0,0.0,0.0,0.3505,optimal
2021-02-13 16:30:00,11,6,0.0,0.0,0.0,0.177,optimal
2021-02-13 17:00:00,11,6,0.0,0.387037037037037,0.0,0.268,optimal
2021-02-13 17:30:00,11,6,0.0,0.1548148148148148,0.0,0.21946666666666667,optimal
2021-02-13 18:00:00,11,6,0.0,2.3222222222222215,0.0,0.41456666666666664,optimal
2021-02-13 18:30:00,11,6,0.0,0.0,0.0,0.4102,optimal
2021-02-13 19:00:00,11,6,0.0,0.0774074074074074,0.0,0.28276666666666667,optimal
2021-02-13 19:30:00,11,6,0.0,0.0,0.0,0.21619999999999998,optimal
2021-02-13 20:00:00,11,6,0.023364282553769166,0.387037037037037,0.0,0.3413333333333333,optimal
2021-02-13 20:30:00,11,6,0.0,2.7866666666666666,0.0,0.21853333333333333,optimal
2021-02-13 21:00:00,11,6,0.0,0.387037037037037,0.0,0.2374,optimal
2021-02-13 21:30:00,11,6,0.0,0.5418518518518518,0.0,0.3453,optimal
2021-02-13 22:00:00,11,6,0.0,0.0,0.0,0.3658,optimal
2021-02-13 22:30:00,11,6,0.0,0.0,0.0,0.17903333333333332,optimal
2021-02-13 23:00:00,11,6,0.0,0.0,0.0,0.15443333333333334,optimal
2021-02-13 23:30:00,11,6,0.0,0.0,0.0,0.053,optimal
2021-02-07 00:00:00,12,6,0.0,0.0,0.0,0.06,optimal
2021-02-07 00:30:00,12,6,0.0,0.0,0.0,0.19,optimal
2021-02-07 01:00:00,12,6,0.0,0.0,0.0,0.0895,optimal
2021-02-07 01:30:00,12,6,0.0,0.0,0.0,0.1029,optimal
2021-02-07 02:00:00,12,6,0.0,0.0,0.0,0.1965,optimal
2021-02-07 02:30:00,12,6,0.0,0.0,0.0,0.1259,optimal
2021-02-07 03:00:00,12,6,0.0,0.0,0.0,0.0795,optimal
2021-02-07 03:30:00,12,6,0.0,0.0,0.0,0.2429,optimal
2021-02-07 04:00:00,12,6,1.1428571428571428,0.0,0.0,0.06,optimal
2021-02-07 04:30:00,12,6,1.1428571428571428,0.0,0.0,0.2299,optimal
2021-02-07 05:00:00,12,6,1.1428571428571428,0.23222222222222222,0.0,0.09966666666666668,optimal
2021-02-07 05:30:00,12,6,1.1428571428571428,2.4770370370370367,1.205984286901014,0.076,optimal
2021-02-07 06:00:00,12,6,1.1428571428571428,0.387037037037037,0.0,0.26793333333333336,optimal
2021-02-07 06:30:00,12,6,1.1428571428571428,0.0,0.0,0.12396666666666668,optimal
2021-02-07 07:00:00,12,6,1.1428571428571428,0.23222222222222222,0.0,0.11466666666666668,optimal
2021-02-07 07:30:00,12,6,0.0,0.1548148148148148,0.0,1.2600333333333333,optimal
2021-02-07 08:00:00,12,6,0.0,0.23222222222222222,0.0,0.488,optimal
2021-02-07 08:30:00,12,6,0.33477210794960693,0.0774074074074074,0.0,0.5242,optimal
2021-02-07 09:00:00,12,6,0.6018015384372654,0.3096296296296296,0.0,0.2874,optimal
2021-02-07 09:30:00,12,6,0.5842394853483489,0.0,0.0,1.1554666666666666,optimal
2021-02-07 10:00:00,12,6,0.23523963293606912,0.23222222222222222,0.0,1.5756666666666668,optimal
2021-02-07 10:30:00,12,6,0.5302323105424721,0.0,0.0,0.2284,optimal
2021-02-07 11:00:00,12,6,0.4301126534680159,0.0774074074074074,0.0,0.24819999999999998,optimal
2021-02-07 11:30:00,12,6,0.4095507487061044,0.0,0.0,0.2435,optimal
2021-02-07 12:00:00,12,6,0.26233322677293547,0.0,0.0,0.5498999999999999,optimal
2021-02-07 12:30:00,12,6,0.4140570362967437,0.0,0.0,0.1628666666666667,optimal
2021-02-07 13:00:00,12,6,1.1428571428571428,0.0,0.0,0.07,optimal
2021-02-07 13:30:00,12,6,1.1428571428571428,0.0,0.0,0.2724,optimal
2021-02-07 14:00:00,12,6,1.1428571428571428,0.0,0.0,0.07,optimal
2021-02-07 14:30:00,12,6,1.1428571428571428,0.0,0.0,0.22013333333333332,optimal
2021-02-07 15:00:00,12,6,1.1428571428571428,0.0,0.0,0.14333333333333334,optimal
2021-02-07 15:30:00,12,6,1.1428571428571428,0.7167925925925925,0.0,0.18573333333333328,optimal
2021-02-07 16:00:00,12,6,0.0,1.063577777777778,0.0,0.31439999999999996,optimal
2021-02-07 16:30:00,12,6,0.0,0.0,0.0,0.38556666666666667,optimal
2021-02-07 17:00:00,12,6,0.0,0.0,0.0,0.3679,optimal
2021-02-07 17:30:00,12,6,0.0,0.387037037037037,0.0,0.23033333333333328,optimal
2021-02-07 18:00:00,12,6,0.0,0.1548148148148148,0.0,0.2934,optimal
2021-02-07 18:30:00,12,6,0.0,0.0,0.0,0.4675666666666667,optimal
2021-02-07 19:00:00,12,6,0.0,0.1548148148148148,0.0,0.31510000000000005,optimal
2021-02-07 19:30:00,12,6,0.0,0.9288888888888889,0.0,0.4691,optimal
2021-02-07 20:00:00,12,6,0.24746414388751875,0.1548148148148148,0.0,0.44476666666666664,optimal
2021-02-07 20:30:00,12,6,0.0,0.0,0.0,0.3432,optimal
2021-02-07 21:00:00,12,6,0.0,0.23222222222222222,0.0,0.5270666666666667,optimal
2021-02-07 21:30:00,12,6,0.0,0.3096296296296296,0.0,0.15803333333333333,optimal
2021-02-07 22:00:00,12,6,0.0,0.3096296296296296,0.0,0.3295,optimal
2021-02-07 22:30:00,12,6,0.0,0.0,0.0,0.2907333333333333,optimal
2021-02-07 23:00:00,12,6,0.0,0.0,0.0,0.17446666666666666,optimal
2021-02-07 23:30:00,12,6,0.0,0.0,0.0,0.1871,optimal
2021-02-08 00:00:00,12,6,0.0,0.0,0.0,0.058,optimal
2021-02-08 00:30:00,12,6,0.0,0.0,0.0,0.058,optimal
2021-02-08 01:00:00,12,6,0.0,0.0,0.0,0.16906666666666667,optimal
2021-02-08 01:30:00,12,6,0.0,0.0,0.0,0.12146666666666668,optimal
2021-02-08 02:00:00,12,6,0.10598380579162767,0.0,0.0,0.058,optimal
2021-02-08 02:30:00,12,6,1.1428571428571428,0.0,0.0,0.06173333333333333,optimal
2021-02-08 03:00:00,12,6,1.1428571428571428,0.0,0.0,0.12146666666666668,optimal
2021-02-08 03:30:00,12,6,1.1428571428571428,0.0,0.0,0.1802666666666667,optimal
2021-02-08 04:00:00,12,6,1.1428571428571428,0.0,0.0,0.11026666666666668,optimal
2021-02-08 04:30:00,12,6,1.1428571428571428,0.0,0.0,0.15996666666666667,optimal
2021-02-08 05:00:00,12,6,1.1428571428571428,0.0,3.9956485600244434,0.10836666666666667,optimal
2021-02-08 05:30:00,12,6,1.1428571428571428,0.46444444444444444,5.0,0.9818666666666668,optimal
2021-02-08 06:00:00,12,6,1.1428571428571428,2.012592592592592,5.0,0.41836666666666666,optimal
2021-02-08 06:30:00,12,6,1.1428571428571428,1.006296296296296,0.0,0.13753333333333334,optimal
2021-02-08 07:00:00,12,6,1.1428571428571428,2.1674074074074072,0.0,0.29553333333333337,optimal
2021-02-08 07:30:00,12,6,1.1428571428571428,2.8640740740740736,0.0,0.4285333333333334,optimal
2021-02-08 08:00:00,12,6,0.37878162701252444,0.9288888888888889,0.0,1.3166333333333335,optimal
2021-02-08 08:30:00,12,6,0.6554028760474863,0.0,0.0,0.6477,optimal
2021-02-08 09:00:00,12,6,0.47563854953167045,0.23222222222222222,0.0,1.2423,optimal
2021-02-08 09:30:00,12,6,0.5464257235982566,0.0,0.0,0.28603333333333336,optimal
2021-02-08 10:00:00,12,6,0.4105608311517453,0.387037037037037,0.0,0.23133333333333328,optimal
2021-02-08 10:30:00,12,6,0.5264593713708682,0.0,0.0,0.18886666666666668,optimal
2021-02-08 11:00:00,12,6,0.3720169315417,0.0,0.0,0.12166666666666669,optimal
2021-02-08 11:30:00,12,6,0.3681290158400635,0.0,0.0,0.12026666666666667,optimal
2021-02-08 12:00:00,12,6,0.3183555615570576,0.0,0.0,0.08293333333333333,optimal
2021-02-08 12:30:00,12,6,0.3044463968204585,0.0,0.0,0.1016,optimal
2021-02-08 13:00:00,12,6,0.3719654455615716,0.0,0.0,0.1016,optimal
2021-02-08 13:30:00,12,6,1.1428571428571428,0.0,0.0,0.23133333333333328,optimal
2021-02-08 14:00:00,12,6,1.1428571428571428,0.0,0.0,0.0792,optimal
2021-02-08 14:30:00,12,6,1.1428571428571428,0.0,0.0,0.13216666666666665,optimal
2021-02-08 15:00:00,12,6,1.1428571428571428,0.23222222222222222,0.0,0.27636666666666665,optimal
2021-02-08 15:30:00,12,6,1.1428571428571428,0.0,0.0,0.27386666666666665,optimal
2021-02-08 16:00:00,12,6,0.0,0.3096296296296296,0.0,0.4709,optimal
2021-02-08 16:30:00,12,6,0.0,0.46444444444444444,0.0,0.5592999999999999,optimal
2021-02-08 17:00:00,12,6,0.0,0.1548148148148148,0.0,0.4473666666666667,optimal
2021-02-08 17:30:00,12,6,0.0,0.1548148148148148,0.0,0.3931,optimal
2021-02-08 18:00:00,12,6,0.0,0.0774074074074074,0.0,0.33866666666666667,optimal
2021-02-08 18:30:00,12,6,0.0,0.0774074074074074,0.0,0.4392,optimal
2021-02-08 19:00:00,12,6,0.0,0.1548148148148148,0.0,0.4083,optimal
2021-02-08 19:30:00,12,6,0.0,0.0,0.0,0.5214,optimal
2021-02-08 20:00:00,12,6,0.0,0.1548148148148148,0.0,0.259,optimal
2021-02-08 20:30:00,12,6,0.0,0.0,0.0,0.39463333333333334,optimal
2021-02-08 21:00:00,12,6,0.0,0.0,0.0,0.22130000000000002,optimal
2021-02-08 21:30:00,12,6,0.0,0.0,0.0,0.7290666666666668,optimal
2021-02-08 22:00:00,12,6,0.0,0.3096296296296296,0.0,0.32053333333333334,optimal
2021-02-08 22:30:00,12,6,0.0,0.0,0.0,0.395,optimal
2021-02-08 23:00:00,12,6,0.0,0.0,0.0,0.7223666666666667,optimal
2021-02-08 23:30:00,12,6,0.0,0.0,0.0,0.4988666666666667,optimal
2021-02-09 00:00:00,12,6,0.0,0.0774074074074074,0.0,0.1156,optimal
2021-02-09 00:30:00,12,6,0.0,0.0,0.0,0.10246666666666668,optimal
2021-02-09 01:00:00,12,6,0.0,0.0,0.0,0.1042,optimal
2021-02-09 01:30:00,12,6,0.6078066152920705,0.0,0.0,0.0836,optimal
2021-02-09 02:00:00,12,6,1.1428571428571428,0.0,0.0,0.1296,optimal
2021-02-09 02:30:00,12,6,1.1428571428571428,0.0,0.0,0.13219999999999998,optimal
2021-02-09 03:00:00,12,6,1.1428571428571428,0.0,0.0,0.0704,optimal
2021-02-09 03:30:00,12,6,1.1428571428571428,0.0,0.0,0.19140000000000001,optimal
2021-02-09 04:00:00,12,6,1.1428571428571428,0.0,0.0,0.063,optimal
2021-02-09 04:30:00,12,6,1.1428571428571428,0.0,0.0,0.0889,optimal
2021-02-09 05:00:00,12,6,1.1428571428571428,0.0,0.0,0.11109999999999999,optimal
2021-02-09 05:30:00,12,6,1.1428571428571428,0.0,0.0,0.13219999999999998,optimal
2021-02-09 06:00:00,12,6,1.1428571428571428,0.0,4.34247919981676,0.1296,optimal
2021-02-09 06:30:00,12,6,1.1428571428571428,0.0,5.0,0.1278,optimal
2021-02-09 07:00:00,12,6,1.1428571428571428,0.0,5.0,0.07,optimal
2021-02-09 07:30:00,12,6,1.1428571428571428,0.0,0.0,0.1692,optimal
2021-02-09 08:00:00,12,6,0.7649062016605709,0.0,0.0,0.09259999999999999,optimal
2021-02-09 08:30:00,12,6,0.7571219471557404,0.0,0.0,0.09733333333333331,optimal
2021-02-09 09:00:00,12,6,0.6035652655066562,0.0,0.0,0.12913333333333332,optimal
2021-02-09 09:30:00,12,6,0.5436919945922192,0.46444444444444444,0.0,0.14713333333333334,optimal
2021-02-09 10:00:00,12,6,0.39925144681642377,0.387037037037037,0.0,0.07786666666666665,optimal
2021-02-09 10:30:00,12,6,0.33756975280043056,0.5418518518518518,0.0,0.1328,optimal
2021-02-09 11:00:00,12,6,0.1768527652748815,0.0774074074074074,0.0,0.2133333333333333,optimal
2021-02-09 11:30:00,12,6,0.11485166456692139,0.6966666666666667,0.0,0.41313333333333335,optimal
2021-02-09 12:00:00,12,6,0.0,0.0,0.0,0.6971333333333333,optimal
2021-02-09 12:30:00,12,6,0.0,0.0,0.0,0.3753666666666667,optimal
2021-02-09 13:00:00,12,6,0.44735594764644415,0.46444444444444444,0.0,0.33030000000000004,optimal
2021-02-09 13:30:00,12,6,1.1428571428571428,0.0,0.0,0.33353333333333335,optimal
2021-02-09 14:00:00,12,6,1.1428571428571428,0.0,0.0,0.1039,optimal
2021-02-09 14:30:00,12,6,1.1428571428571428,0.0,0.0,0.10046666666666668,optimal
2021-02-09 15:00:00,12,6,1.1428571428571428,0.0,0.0,0.1813333333333333,optimal
2021-02-09 15:30:00,12,6,1.1428571428571428,0.0,0.0,0.073,optimal
2021-02-09 16:00:00,12,6,0.0,0.0,0.0,0.147,optimal
2021-02-09 16:30:00,12,6,0.0,0.3096296296296296,0.0,0.6408333333333334,optimal
2021-02-09 17:00:00,12,6,0.0,0.0,0.0,1.5673666666666666,optimal
2021-02-09 17:30:00,12,6,0.0,0.0774074074074074,0.0,1.8618666666666663,optimal
2021-02-09 18:00:00,12,6,0.0,0.0,0.0,0.4182,optimal
2021-02-09 18:30:00,12,6,0.0,0.2740222222222222,0.0,0.3251,optimal
2021-02-09 19:00:00,12,6,0.0,0.34523703703703695,0.0,1.8477000000000001,optimal
2021-02-09 19:30:00,12,6,0.0,0.0,0.0,0.34213333333333334,optimal
2021-02-09 20:00:00,12,6,0.0,0.1548148148148148,0.0,0.3579333333333333,optimal
2021-02-09 20:30:00,12,6,0.0,0.0,0.0,0.19080000000000003,optimal
2021-02-09 21:00:00,12,6,0.0,0.23222222222222222,0.0,0.238,optimal
2021-02-09 21:30:00,12,6,0.0,0.0774074074074074,0.0,0.2604666666666666,optimal
2021-02-09 22:00:00,12,6,0.0,0.0,0.0,0.19106666666666663,optimal
2021-02-09 22:30:00,12,6,0.0,6.347407407407409,0.0,0.282,optimal
2021-02-09 23:00:00,12,6,0.0,0.0,0.0,0.2513333333333333,optimal
2021-02-09 23:30:00,12,6,0.0,0.0,0.0,0.20176666666666668,optimal
2021-02-10 00:00:00,12,6,0.0,0.0,0.0,0.1306,optimal
2021-02-10 00:30:00,12,6,0.0,0.0,0.0,0.1386,optimal
2021-02-10 01:00:00,12,6,0.0,0.0,0.0,0.24669999999999997,optimal
2021-02-10 01:30:00,12,6,0.12210435997805534,0.0,0.0,0.2042333333333333,optimal
2021-02-10 02:00:00,12,6,1.1428571428571428,0.0,0.0,0.17693333333333333,optimal
2021-02-10 02:30:00,12,6,1.1428571428571428,0.0,0.0,0.26593333333333335,optimal
2021-02-10 03:00:00,12,6,1.1428571428571428,0.0,0.0,0.07406666666666667,optimal
2021-02-10 03:30:00,12,6,1.1428571428571428,0.0,0.0,0.15330000000000002,optimal
2021-02-10 04:00:00,12,6,1.1428571428571428,0.0,0.0,0.2976333333333333,optimal
2021-02-10 04:30:00,12,6,1.1428571428571428,0.0,0.0,0.12246666666666668,optimal
2021-02-10 05:00:00,12,6,1.1428571428571428,0.0,0.0,0.08906666666666667,optimal
2021-02-10 05:30:00,12,6,1.1428571428571428,0.0,0.0,0.34976666666666667,optimal
2021-02-10 06:00:00,12,6,1.1428571428571428,0.3096296296296296,0.0,0.2302333333333333,optimal
2021-02-10 06:30:00,12,6,1.1428571428571428,2.4770370370370367,2.5772134595113907,0.2083,optimal
2021-02-10 07:00:00,12,6,1.1428571428571428,0.387037037037037,5.0,2.0300666666666665,optimal
2021-02-10 07:30:00,12,6,1.1428571428571428,7.044074074074074,0.0,1.8415333333333332,optimal
2021-02-10 08:00:00,12,6,0.6030834862894295,0.23222222222222222,0.0,0.37973333333333337,optimal
2021-02-10 08:30:00,12,6,0.6274314644099747,0.0774074074074074,0.0,0.31,optimal
2021-02-10 09:00:00,12,6,0.17300836536778433,0.1548148148148148,0.0,2.26,optimal
2021-02-10 09:30:00,12,6,0.41440396253593914,0.1548148148148148,0.0,1.453,optimal
2021-02-10 10:00:00,12,6,0.24813943957336135,0.0774074074074074,0.0,0.8061666666666666,optimal
2021-02-10 10:30:00,12,6,0.29407137554472157,0.1548148148148148,0.0,0.25793333333333335,optimal
2021-02-10 11:00:00,12,6,0.21263825377623458,0.0,0.0,0.2006,optimal
2021-02-10 11:30:00,12,6,0.09340748093173828,0.46444444444444444,0.0,0.4065666666666667,optimal
2021-02-10 12:00:00,12,6,0.0,0.0,0.0,0.5317000000000001,optimal
2021-02-10 12:30:00,12,6,0.0,0.5418518518518518,0.0,0.3597333333333333,optimal
2021-02-10 13:00:00,12,6,0.0,0.42883703703703696,0.0,0.27813333333333334,optimal
2021-02-10 13:30:00,12,6,1.0279403198611312,0.2678296296296296,0.0,0.5475333333333333,optimal
2021-02-10 14:00:00,12,6,1.1428571428571428,0.0,0.0,0.4178,optimal
2021-02-10 14:30:00,12,6,1.1428571428571428,0.387037037037037,0.0,0.2127333333333333,optimal
2021-02-10 15:00:00,12,6,1.1428571428571428,0.0,0.0,0.1859333333333333,optimal
2021-02-10 15:30:00,12,6,1.1428571428571428,0.0,0.0,0.30269999999999997,optimal
2021-02-10 16:00:00,12,6,0.0,0.23222222222222222,0.0,0.4228,optimal
2021-02-10 16:30:00,12,6,0.0,0.3096296296296296,0.0,0.32053333333333334,optimal
2021-02-10 17:00:00,12,6,0.0,0.46444444444444444,0.0,0.7203999999999999,optimal
2021-02-10 17:30:00,12,6,0.0,0.1548148148148148,0.0,0.4111,optimal
2021-02-10 18:00:00,12,6,0.0,0.23222222222222222,0.0,0.3831,optimal
2021-02-10 18:30:00,12,6,0.0,0.23222222222222222,0.0,0.6091666666666666,optimal
2021-02-10 19:00:00,12,6,0.0,0.0,0.0,0.6881,optimal
2021-02-10 19:30:00,12,6,0.0,0.0774074074074074,0.0,0.6811333333333334,optimal
2021-02-10 20:00:00,12,6,0.0,0.23222222222222222,0.0,0.7838999999999999,optimal
2021-02-10 20:30:00,12,6,0.0,0.0,0.0,0.5631,optimal
2021-02-10 21:00:00,12,6,0.0,0.0,0.0,1.0697999999999999,optimal
2021-02-10 21:30:00,12,6,0.0,0.0,0.0,0.5595,optimal
2021-02-10 22:00:00,12,6,0.0,0.1548148148148148,0.0,0.6429333333333332,optimal
2021-02-10 22:30:00,12,6,0.0,1.7803703703703702,0.0,0.8594333333333333,optimal
2021-02-10 23:00:00,12,6,0.0,1.7029629629629628,0.0,0.34853333333333336,optimal
2021-02-10 23:30:00,12,6,0.0,0.0,0.0,0.2512,optimal
2021-02-11 00:00:00,12,6,0.8139936680872408,0.0,0.0,0.052,optimal
2021-02-11 00:30:00,12,6,1.1428571428571428,0.0,0.0,0.052,optimal
2021-02-11 01:00:00,12,6,1.1428571428571428,0.0,0.0,0.052,optimal
2021-02-11 01:30:00,12,6,1.1428571428571428,0.0,0.0,0.052,optimal
2021-02-11 02:00:00,12,6,1.1428571428571428,0.0,0.0,0.052,optimal
2021-02-11 02:30:00,12,6,1.1428571428571428,0.0,0.0,0.052,optimal
2021-02-11 03:00:00,12,6,1.1428571428571428,0.0,0.0,0.052,optimal
2021-02-11 03:30:00,12,6,1.1428571428571428,0.0,0.0,0.052,optimal
2021-02-11 04:00:00,12,6,1.1428571428571428,0.0,0.0,0.052,optimal
2021-02-11 04:30:00,12,6,1.1428571428571428,0.0,0.0,0.052,optimal
2021-02-11 05:00:00,12,6,1.1428571428571428,0.0,0.0,0.052,optimal
2021-02-11 05:30:00,12,6,1.1428571428571428,0.0,0.0,0.052,optimal
2021-02-11 06:00:00,12,6,1.1428571428571428,0.0,0.0,0.052,optimal
2021-02-11 06:30:00,12,6,1.1428571428571428,0.0,4.158713547471872,0.052,optimal
2021-02-11 07:00:00,12,6,1.1428571428571428,5.341111111111111,5.0,0.05066666666666666,optimal
2021-02-11 07:30:00,12,6,1.1428571428571428,4.954074074074073,0.0,0.06,optimal
2021-02-11 08:00:00,12,6,0.8061531364301733,0.0774074074074074,0.0,0.06,optimal
2021-02-11 08:30:00,12,6,0.7048421528397718,0.6192592592592592,0.0,0.2726,optimal
2021-02-11 09:00:00,12,6,0.6017811646779666,0.387037037037037,0.0,0.2726,optimal
2021-02-11 09:30:00,12,6,0.6022496032200382,0.0,0.0,0.06,optimal
2021-02-11 10:00:00,12,6,0.29525072793130325,0.1548148148148148,0.0,0.06,optimal
2021-02-11 10:30:00,12,6,0.28348298404587857,0.1548148148148148,0.0,0.2782333333333333,optimal
2021-02-11 11:00:00,12,6,0.18561100536874117,6.734444444444445,0.0,0.073,optimal
2021-02-11 11:30:00,12,6,0.016651637606471124,0.6192592592592592,0.0,0.06736666666666666,optimal
2021-02-11 12:00:00,12,6,0.0,2.7092592592592597,0.0,0.2766,optimal
2021-02-11 12:30:00,12,6,0.0,0.23222222222222222,0.0,0.07676666666666666,optimal
2021-02-11 13:00:00,12,6,1.1428571428571428,0.387037037037037,5.0,0.124,optimal
2021-02-11 13:30:00,12,6,1.1428571428571428,0.1548148148148148,0.0,0.11233333333333331,optimal
2021-02-11 14:00:00,12,6,1.1428571428571428,0.0,0.0,0.188,optimal
2021-02-11 14:30:00,12,6,1.1428571428571428,0.0,0.0,0.2696,optimal
2021-02-11 15:00:00,12,6,1.1428571428571428,0.1548148148148148,0.0,0.30739999999999995,optimal
2021-02-11 15:30:00,12,6,1.1428571428571428,0.0,0.0,0.2175,optimal
2021-02-11 16:00:00,12,6,0.0,0.23222222222222222,0.0,0.2024,optimal
2021-02-11 16:30:00,12,6,0.0,0.0,0.0,0.42260000000000003,optimal
2021-02-11 17:00:00,12,6,0.0,0.387037037037037,0.0,0.21,optimal
2021-02-11 17:30:00,12,6,0.0,0.0,0.0,0.062,optimal
2021-02-11 18:00:00,12,6,0.0,0.0,0.0,2.1748000000000003,optimal
2021-02-11 18:30:00,12,6,0.0,0.1548148148148148,0.0,0.2808,optimal
2021-02-11 19:00:00,12,6,0.0,0.0,0.0,0.16066666666666665,optimal
2021-02-11 19:30:00,12,6,0.0,0.0774074074074074,0.0,0.141,optimal
2021-02-11 20:00:00,12,6,0.6148938816061297,0.0,0.0,0.2798,optimal
2021-02-11 20:30:00,12,6,0.0,0.0,0.0,0.1703,optimal
2021-02-11 21:00:00,12,6,0.0,0.387037037037037,0.0,0.25939999999999996,optimal
2021-02-11 21:30:00,12,6,0.0,0.0,0.0,0.24259999999999998,optimal
2021-02-11 22:00:00,12,6,0.0,0.1548148148148148,0.0,0.205,optimal
2021-02-11 22:30:00,12,6,0.0,0.0,0.0,0.24769999999999998,optimal
2021-02-11 23:00:00,12,6,0.0,0.0,0.0,0.249,optimal
2021-02-11 23:30:00,12,6,0.0,0.0,0.0,0.42973333333333336,optimal
2021-02-12 00:00:00,12,6,1.1428571428571428,0.0,0.0,0.064,optimal
2021-02-12 00:30:00,12,6,1.1428571428571428,0.0,0.0,0.064,optimal
2021-02-12 01:00:00,12,6,1.1428571428571428,0.0,0.0,0.1338,optimal
2021-02-12 01:30:00,12,6,1.1428571428571428,0.0,0.0,0.06433333333333333,optimal
2021-02-12 02:00:00,12,6,1.1428571428571428,0.0,0.0,0.2329333333333333,optimal
2021-02-12 02:30:00,12,6,1.1428571428571428,0.0,0.0,0.07086666666666666,optimal
2021-02-12 03:00:00,12,6,1.1428571428571428,0.0,0.0,0.1348,optimal
2021-02-12 03:30:00,12,6,1.1428571428571428,0.0,0.0,0.169,optimal
2021-02-12 04:00:00,12,6,1.1428571428571428,0.0,0.0,0.09146666666666668,optimal
2021-02-12 04:30:00,12,6,1.1428571428571428,0.0,0.0,0.09833333333333331,optimal
2021-02-12 05:00:00,12,6,1.1428571428571428,0.0,0.0,0.20203333333333334,optimal
2021-02-12 05:30:00,12,6,1.1428571428571428,0.0,0.0,0.10176666666666669,optimal
2021-02-12 06:00:00,12,6,1.1428571428571428,0.0,0.0,0.18486666666666668,optimal
2021-02-12 06:30:00,12,6,1.1428571428571428,0.0,0.0,0.12919999999999998,optimal
2021-02-12 07:00:00,12,6,1.1428571428571428,2.1674074074074072,0.0,0.1275,optimal
2021-02-12 07:30:00,12,6,1.1428571428571428,4.847155990341095,0.0,0.387,optimal
2021-02-12 08:00:00,12,6,0.8101414581831414,0.3096296296296296,0.0,0.13726666666666668,optimal
2021-02-12 08:30:00,12,6,0.736269670538791,0.0,0.0,0.3778333333333333,optimal
2021-02-12 09:00:00,12,6,0.6078456037075546,0.5418518518518518,0.0,0.1848333333333333,optimal
2021-02-12 09:30:00,12,6,0.44869622017633304,0.1548148148148148,0.0,0.9055666666666669,optimal
2021-02-12 10:00:00,12,6,0.09284788156910906,0.5418518518518518,0.0,2.6022,optimal
2021-02-12 10:30:00,12,6,0.12943526638162087,0.0,0.0,1.9725,optimal
2021-02-12 11:00:00,12,6,0.13899565172295372,0.0,0.0,0.072,optimal
2021-02-12 11:30:00,12,6,0.1289088367292768,0.0774074074074074,0.0,0.0778,optimal
2021-02-12 12:00:00,12,6,0.09217525338309213,0.0774074074074074,0.0,0.101,optimal
2021-02-12 12:30:00,12,6,0.05445034315131932,0.6192592592592592,0.0,0.2672,optimal
2021-02-12 13:00:00,12,6,0.03383609403681482,0.0,0.0,0.30876666666666663,optimal
2021-02-12 13:30:00,12,6,0.4538390048557843,0.0,0.0,0.22026666666666667,optimal
2021-02-12 14:00:00,12,6,1.1428571428571428,0.0,4.383348636745897,0.32080000000000003,optimal
2021-02-12 14:30:00,12,6,1.1428571428571428,0.23222222222222222,5.0,0.37206666666666666,optimal
2021-02-12 15:00:00,12,6,1.1428571428571428,0.0774074074074074,5.0,0.302,optimal
2021-02-12 15:30:00,12,6,1.1428571428571428,0.3096296296296296,5.0,0.28553333333333336,optimal
2021-02-12 16:00:00,12,6,0.0,0.0,0.0,0.7066,optimal
2021-02-12 16:30:00,12,6,0.0,0.3096296296296296,0.0,0.5565,optimal
2021-02-12 17:00:00,12,6,0.0,1.006296296296296,0.0,0.3167333333333333,optimal
2021-02-12 17:30:00,12,6,0.0,5.573333333333333,0.0,2.4236666666666666,optimal
2021-02-12 18:00:00,12,6,0.0,0.1548148148148148,0.0,0.39326666666666665,optimal
2021-02-12 18:30:00,12,6,0.0,2.2448148148148146,0.0,0.4078333333333333,optimal
2021-02-12 19:00:00,12,6,0.0,0.23222222222222222,0.0,1.6589,optimal
2021-02-12 19:30:00,12,6,0.0,0.0774074074074074,0.0,1.0643333333333334,optimal
2021-02-12 20:00:00,12,6,0.0,0.0,0.0,1.9136333333333329,optimal
2021-02-12 20:30:00,12,6,0.0,0.3096296296296296,0.0,1.686233333333333,optimal
2021-02-12 21:00:00,12,6,0.0,2.012592592592592,0.0,0.5355,optimal
2021-02-12 21:30:00,12,6,0.0,0.0,0.0,0.4694,optimal
2021-02-12 22:00:00,12,6,0.0,0.0,0.0,0.11863333333333334,optimal
2021-02-12 22:30:00,12,6,0.0,0.0,0.0,0.14246666666666666,optimal
2021-02-12 23:00:00,12,6,0.0,0.0,0.0,0.1367,optimal
2021-02-12 23:30:00,12,6,0.0,0.0,0.0,0.11176666666666668,optimal
2021-02-13 00:00:00,12,6,0.0,0.0,0.0,0.055,optimal
2021-02-13 00:30:00,12,6,0.0,0.0,0.0,0.055,optimal
2021-02-13 01:00:00,12,6,0.058421245849751315,0.0,0.0,0.24706666666666663,optimal
2021-02-13 01:30:00,12,6,1.1428571428571428,0.0,0.0,0.06706666666666666,optimal
2021-02-13 02:00:00,12,6,1.1428571428571428,0.0,0.0,0.1264,optimal
2021-02-13 02:30:00,12,6,1.1428571428571428,0.0,0.0,0.10326666666666667,optimal
2021-02-13 03:00:00,12,6,1.1428571428571428,0.0,0.0,0.19103333333333333,optimal
2021-02-13 03:30:00,12,6,1.1428571428571428,0.0,0.0,0.07483333333333334,optimal
2021-02-13 04:00:00,12,6,1.1428571428571428,0.0,0.0,0.2148333333333333,optimal
2021-02-13 04:30:00,12,6,1.1428571428571428,0.1548148148148148,0.0,0.0983,optimal
2021-02-13 05:00:00,12,6,1.1428571428571428,0.1548148148148148,0.0,0.16019999999999998,optimal
2021-02-13 05:30:00,12,6,1.1428571428571428,2.631851851851852,2.3182596192085585,2.1425666666666667,optimal
2021-02-13 06:00:00,12,6,1.1428571428571428,0.0,5.0,0.6097,optimal
2021-02-13 06:30:00,12,6,1.1428571428571428,1.006296296296296,5.0,1.2730333333333332,optimal
2021-02-13 07:00:00,12,6,1.1428571428571428,0.0,5.0,0.222,optimal
2021-02-13 07:30:00,12,6,1.1428571428571428,8.127777777777778,0.0,1.688233333333333,optimal
2021-02-13 08:00:00,12,6,0.5644292799279595,0.23222222222222222,0.0,2.775866666666667,optimal
2021-02-13 08:30:00,12,6,0.6345729411247674,0.0,0.0,2.258266666666667,optimal
2021-02-13 09:00:00,12,6,0.6314582759648085,0.0,0.0,0.10623333333333332,optimal
2021-02-13 09:30:00,12,6,0.6359384867107167,0.0,0.0,0.19416666666666663,optimal
2021-02-13 10:00:00,12,6,0.46097590510982855,0.0,0.0,0.16893333333333332,optimal
2021-02-13 10:30:00,12,6,0.4417462329732957,0.0,0.0,0.20936666666666667,optimal
2021-02-13 11:00:00,12,6,0.23597895574229397,0.0,0.0,0.14443333333333333,optimal
2021-02-13 11:30:00,12,6,0.0,0.0,0.0,2.2493000000000003,optimal
2021-02-13 12:00:00,12,6,0.0913842035127049,0.3096296296296296,0.0,0.2507333333333333,optimal
2021-02-13 12:30:00,12,6,0.1534447702352738,0.387037037037037,0.0,0.1124,optimal
2021-02-13 13:00:00,12,6,0.2900092207453693,0.23222222222222222,0.0,0.2477333333333333,optimal
2021-02-13 13:30:00,12,6,1.1428571428571428,0.0,0.0,0.1743,optimal
2021-02-13 14:00:00,12,6,1.1428571428571428,0.0,0.0,0.10896666666666668,optimal
2021-02-13 14:30:00,12,6,1.1428571428571428,0.3096296296296296,0.0,1.8894333333333326,optimal
2021-02-13 15:00:00,12,6,1.1428571428571428,0.387037037037037,0.0,0.3295,optimal
2021-02-13 15:30:00,12,6,1.1428571428571428,0.0,0.0,0.448,optimal
2021-02-13 16:00:00,12,6,0.0,0.0,0.0,0.38830000000000003,optimal
2021-02-13 16:30:00,12,6,0.0,0.0774074074074074,0.0,0.4488333333333333,optimal
2021-02-13 17:00:00,12,6,0.0,0.387037037037037,0.0,0.3387333333333333,optimal
2021-02-13 17:30:00,12,6,0.0,0.46444444444444444,0.0,0.3228666666666667,optimal
2021-02-13 18:00:00,12,6,0.0,0.1548148148148148,0.0,0.3721333333333333,optimal
2021-02-13 18:30:00,12,6,0.0,0.23222222222222222,0.0,1.2983333333333333,optimal
2021-02-13 19:00:00,12,6,0.0,0.1548148148148148,0.0,0.31406666666666666,optimal
2021-02-13 19:30:00,12,6,0.0,0.0,0.0,0.24136666666666667,optimal
2021-02-13 20:00:00,12,6,0.0,0.0,0.0,0.4556,optimal
2021-02-13 20:30:00,12,6,0.0,0.0,0.0,0.3241,optimal
2021-02-13 21:00:00,12,6,0.0,0.0,0.0,0.33553333333333335,optimal
2021-02-13 21:30:00,12,6,0.0,0.0774074074074074,0.0,0.5852666666666666,optimal
2021-02-13 22:00:00,12,6,0.0,0.0,0.0,0.5477333333333333,optimal
2021-02-13 22:30:00,12,6,0.0,0.0,0.0,0.4591,optimal
2021-02-13 23:00:00,12,6,0.0,0.0,0.0,0.4889666666666666,optimal
2021-02-13 23:30:00,12,6,0.0,0.0,0.0,0.064,optimal
2021-02-07 00:00:00,13,6,0.0,0.0,0.0,0.064,optimal
2021-02-07 00:30:00,13,6,0.0,0.0,0.0,0.064,optimal
2021-02-07 01:00:00,13,6,0.0,0.0,0.0,0.15546666666666667,optimal
2021-02-07 01:30:00,13,6,0.0,0.0,0.0,0.064,optimal
2021-02-07 02:00:00,13,6,0.0,0.0,0.0,0.064,optimal
2021-02-07 02:30:00,13,6,0.0,0.0,0.0,0.15546666666666667,optimal
2021-02-07 03:00:00,13,6,0.0,0.0,0.0,0.064,optimal
2021-02-07 03:30:00,13,6,0.0,0.0,0.0,0.10973333333333332,optimal
2021-02-07 04:00:00,13,6,1.1428571428571428,0.0,0.0,0.10973333333333332,optimal
2021-02-07 04:30:00,13,6,1.1428571428571428,0.0,0.0,0.064,optimal
2021-02-07 05:00:00,13,6,1.1428571428571428,0.0,0.0,0.15546666666666667,optimal
2021-02-07 05:30:00,13,6,1.1428571428571428,0.0,0.0,0.064,optimal
2021-02-07 06:00:00,13,6,1.1428571428571428,0.0,0.0,0.07053333333333334,optimal
2021-02-07 06:30:00,13,6,1.1428571428571428,0.23222222222222222,0.0,0.1525,optimal
2021-02-07 07:00:00,13,6,1.1428571428571428,0.5418518518518518,1.6063785740462473,0.07883333333333332,optimal
2021-02-07 07:30:00,13,6,0.0,9.160392592592594,0.0,0.19403333333333334,optimal
2021-02-07 08:00:00,13,6,0.051329904823353735,0.0,0.0,0.11320000000000001,optimal
2021-02-07 08:30:00,13,6,0.7767204469517465,0.0,0.0,0.074,optimal
2021-02-07 09:00:00,13,6,0.692706300342023,0.0,0.0,0.16546666666666668,optimal
2021-02-07 09:30:00,13,6,0.7166956758245456,0.0,0.0,0.074,optimal
2021-02-07 10:00:00,13,6,0.6391062996027418,0.0,0.0,0.08053333333333333,optimal
2021-02-07 10:30:00,13,6,0.6209942153043788,0.0,0.0,0.15893333333333334,optimal
2021-02-07 11:00:00,13,6,0.5507983677537267,0.0,0.0,0.074,optimal
2021-02-07 11:30:00,13,6,0.5246650344203957,0.0,0.0,0.16546666666666668,optimal
2021-02-07 12:00:00,13,6,0.48302846486816725,0.0,0.0,0.074,optimal
2021-02-07 12:30:00,13,6,0.4811617982015032,0.0,0.0,0.08053333333333333,optimal
2021-02-07 13:00:00,13,6,0.46486570941114863,0.4381259259259265,0.0,0.2074333333333333,optimal
2021-02-07 13:30:00,13,6,0.4901312753698561,0.0,0.0,0.1115,optimal
2021-02-07 14:00:00,13,6,0.6909519014947387,0.1548148148148148,0.0,0.15743333333333334,optimal
2021-02-07 14:30:00,13,6,1.1428571428571428,0.0,0.0,0.26726666666666665,optimal
2021-02-07 15:00:00,13,6,1.1428571428571428,0.23222222222222222,0.0,0.2429,optimal
2021-02-07 15:30:00,13,6,1.1428571428571428,0.0774074074074074,0.0,0.28296666666666664,optimal
2021-02-07 16:00:00,13,6,0.0,0.0,0.0,0.3198333333333333,optimal
2021-02-07 16:30:00,13,6,0.0,0.0,0.0,0.3631666666666667,optimal
2021-02-07 17:00:00,13,6,0.0,0.3096296296296296,0.0,1.4187333333333332,optimal
2021-02-07 17:30:00,13,6,0.0,0.5418518518518518,0.0,0.19,optimal
2021-02-07 18:00:00,13,6,0.0,6.488288888888888,0.0,1.2525333333333333,optimal
2021-02-07 18:30:00,13,6,0.0,1.0202296296296292,0.0,1.661733333333333,optimal
2021-02-07 19:00:00,13,6,0.0,0.46444444444444444,0.0,1.5202666666666669,optimal
2021-02-07 19:30:00,13,6,0.0,0.0,0.0,0.7009,optimal
2021-02-07 20:00:00,13,6,0.0,0.5418518518518518,0.0,2.0421,optimal
2021-02-07 20:30:00,13,6,0.0,0.5418518518518518,0.0,0.2397333333333333,optimal
2021-02-07 21:00:00,13,6,0.0,0.1548148148148148,0.0,0.3107333333333333,optimal
2021-02-07 21:30:00,13,6,0.0,0.0,0.0,0.1918,optimal
2021-02-07 22:00:00,13,6,0.0,0.0,0.0,0.35660000000000003,optimal
2021-02-07 22:30:00,13,6,0.0,0.0,0.0,0.32746666666666663,optimal
2021-02-07 23:00:00,13,6,0.0,0.3096296296296296,0.0,0.16733333333333333,optimal
2021-02-07 23:30:00,13,6,0.0,0.0,0.0,0.074,optimal
2021-02-08 00:00:00,13,6,0.0,0.0,0.0,0.05533333333333334,optimal
2021-02-08 00:30:00,13,6,0.0,0.0,0.0,0.15653333333333333,optimal
2021-02-08 01:00:00,13,6,0.0,0.0,0.0,0.13313333333333333,optimal
2021-02-08 01:30:00,13,6,0.0,0.0,0.0,0.262,optimal
2021-02-08 02:00:00,13,6,0.0,0.0,0.0,0.056,optimal
2021-02-08 02:30:00,13,6,0.6261419423103025,0.0,0.0,0.14633333333333334,optimal
2021-02-08 03:00:00,13,6,1.1428571428571428,0.0,0.0,0.06213333333333333,optimal
2021-02-08 03:30:00,13,6,1.1428571428571428,0.0,0.0,0.17133333333333334,optimal
2021-02-08 04:00:00,13,6,1.1428571428571428,0.0,0.0,0.14066666666666666,optimal
2021-02-08 04:30:00,13,6,1.1428571428571428,0.0,0.0,0.15913333333333332,optimal
2021-02-08 05:00:00,13,6,1.1428571428571428,2.631851851851852,0.0,0.34933333333333333,optimal
2021-02-08 05:30:00,13,6,1.1428571428571428,0.0774074074074074,0.0,0.2866,optimal
2021-02-08 06:00:00,13,6,1.1428571428571428,0.0,0.0,0.13493333333333335,optimal
2021-02-08 06:30:00,13,6,1.1428571428571428,0.0,4.12413842600641,0.1801333333333333,optimal
2021-02-08 07:00:00,13,6,1.1428571428571428,0.7941999999999999,5.0,1.1984666666666668,optimal
2021-02-08 07:30:00,13,6,1.1428571428571428,6.636911111111113,0.0,2.2593666666666667,optimal
2021-02-08 08:00:00,13,6,0.46626257939347415,0.387037037037037,0.0,0.24869999999999998,optimal
2021-02-08 08:30:00,13,6,0.4744885903332042,0.815874074074074,0.0,0.21330000000000002,optimal
2021-02-08 09:00:00,13,6,0.41319093048404476,0.42264444444444443,0.0,0.17466666666666666,optimal
2021-02-08 09:30:00,13,6,0.3941304855030215,0.6192592592592592,0.0,0.268,optimal
2021-02-08 10:00:00,13,6,0.3302370216279315,0.3096296296296296,0.0,0.18016666666666664,optimal
2021-02-08 10:30:00,13,6,0.2963355618470554,0.1548148148148148,0.0,0.19146666666666667,optimal
2021-02-08 11:00:00,13,6,0.14957883630360294,0.0,0.0,0.14866666666666667,optimal
2021-02-08 11:30:00,13,6,0.18898615869720767,5.805555555555555,0.0,0.072,optimal
2021-02-08 12:00:00,13,6,0.0,0.5418518518518518,0.0,1.581233333333333,optimal
2021-02-08 12:30:00,13,6,0.07885068210913529,0.3096296296296296,0.0,0.17553333333333332,optimal
2021-02-08 13:00:00,13,6,1.1428571428571428,0.0,0.0,0.26663333333333333,optimal
2021-02-08 13:30:00,13,6,1.1428571428571428,0.1548148148148148,0.0,0.19766666666666663,optimal
2021-02-08 14:00:00,13,6,1.1428571428571428,0.0,0.0,0.10533333333333332,optimal
2021-02-08 14:30:00,13,6,1.1428571428571428,0.0,0.0,0.26673333333333327,optimal
2021-02-08 15:00:00,13,6,1.1428571428571428,0.0,0.0,0.10246666666666668,optimal
2021-02-08 15:30:00,13,6,1.1428571428571428,0.0,0.0,0.13253333333333334,optimal
2021-02-08 16:00:00,13,6,0.0,0.0,0.0,0.13273333333333331,optimal
2021-02-08 16:30:00,13,6,0.0,0.0,0.0,0.13886666666666667,optimal
2021-02-08 17:00:00,13,6,0.0,0.0,0.0,0.07213333333333334,optimal
2021-02-08 17:30:00,13,6,0.0,0.0,0.0,0.1813333333333333,optimal
2021-02-08 18:00:00,13,6,0.0,0.23222222222222222,0.0,0.4020666666666667,optimal
2021-02-08 18:30:00,13,6,0.0,0.0,0.0,1.6554333333333333,optimal
2021-02-08 19:00:00,13,6,0.0,0.3096296296296296,0.0,1.5428666666666666,optimal
2021-02-08 19:30:00,13,6,0.0,0.5836518518518518,0.0,0.41223333333333334,optimal
2021-02-08 20:00:00,13,6,0.4528112094334846,0.2678296296296296,0.0,0.3658666666666667,optimal
2021-02-08 20:30:00,13,6,0.0,2.39962962962963,0.0,0.2079333333333333,optimal
2021-02-08 21:00:00,13,6,0.0,0.23222222222222222,0.0,0.3825,optimal
2021-02-08 21:30:00,13,6,0.0,0.0,0.0,0.45480000000000004,optimal
2021-02-08 22:00:00,13,6,0.0,0.387037037037037,0.0,0.3167333333333333,optimal
2021-02-08 22:30:00,13,6,0.0,0.3096296296296296,0.0,0.22740000000000002,optimal
2021-02-08 23:00:00,13,6,0.0,0.0,0.0,0.11893333333333334,optimal
2021-02-08 23:30:00,13,6,0.0,0.0,0.0,0.15473333333333333,optimal
2021-02-09 00:00:00,13,6,0.0,0.5418518518518518,0.0,0.188,optimal
2021-02-09 00:30:00,13,6,0.0,0.0,0.0,0.2906,optimal
2021-02-09 01:00:00,13,6,0.0,0.0,0.0,0.3116666666666667,optimal
2021-02-09 01:30:00,13,6,0.26102797471181505,0.0,0.0,0.061,optimal
2021-02-09 02:00:00,13,6,1.1428571428571428,0.0,0.0,0.2848333333333333,optimal
2021-02-09 02:30:00,13,6,1.1428571428571428,0.0,0.0,0.1454,optimal
2021-02-09 03:00:00,13,6,1.1428571428571428,0.0,0.0,0.21653333333333333,optimal
2021-02-09 03:30:00,13,6,1.1428571428571428,0.0,0.0,0.08466666666666667,optimal
2021-02-09 04:00:00,13,6,1.1428571428571428,0.0,0.0,0.21016666666666664,optimal
2021-02-09 04:30:00,13,6,1.1428571428571428,0.0,0.0,0.16040000000000001,optimal
2021-02-09 05:00:00,13,6,1.1428571428571428,0.0,0.0,0.16413333333333333,optimal
2021-02-09 05:30:00,13,6,1.1428571428571428,0.0,0.0,0.14793333333333333,optimal
2021-02-09 06:00:00,13,6,1.1428571428571428,0.0,4.458097776000943,0.24226666666666669,optimal
2021-02-09 06:30:00,13,6,1.1428571428571428,0.0,5.0,0.0849,optimal
2021-02-09 07:00:00,13,6,1.1428571428571428,0.0,5.0,0.26166666666666666,optimal
2021-02-09 07:30:00,13,6,1.1428571428571428,2.4770370370370367,0.0,0.4540666666666667,optimal
2021-02-09 08:00:00,13,6,0.611172868327236,0.46444444444444444,0.0,0.4088,optimal
2021-02-09 08:30:00,13,6,0.6476076614414527,0.0774074074074074,0.0,0.4474333333333333,optimal
2021-02-09 09:00:00,13,6,0.6812795512209439,0.0,0.0,0.25066666666666665,optimal
2021-02-09 09:30:00,13,6,0.6965967564969859,0.0,0.0,0.15203333333333333,optimal
2021-02-09 10:00:00,13,6,0.4896990658640445,0.0,0.0,0.228,optimal
2021-02-09 10:30:00,13,6,0.5130935623242369,0.0,0.0,0.10859999999999999,optimal
2021-02-09 11:00:00,13,6,0.29654800337012116,0.0,0.0,0.2665,optimal
2021-02-09 11:30:00,13,6,0.3218611883764416,0.0,0.0,0.1704,optimal
2021-02-09 12:00:00,13,6,0.1885366295533756,0.0,0.0,0.23646666666666666,optimal
2021-02-09 12:30:00,13,6,0.23795677788038552,0.0,0.0,0.071,optimal
2021-02-09 13:00:00,13,6,0.1776594412436473,0.0,0.0,0.19466666666666663,optimal
2021-02-09 13:30:00,13,6,0.9232942577274107,0.0,0.0,0.2122,optimal
2021-02-09 14:00:00,13,6,1.1428571428571428,0.0,0.0,0.12533333333333332,optimal
2021-02-09 14:30:00,13,6,1.1428571428571428,0.0,0.0,0.3846666666666667,optimal
2021-02-09 15:00:00,13,6,1.1428571428571428,0.0,0.0,0.071,optimal
2021-02-09 15:30:00,13,6,1.1428571428571428,0.387037037037037,0.0,0.2842,optimal
2021-02-09 16:00:00,13,6,0.0,1.7803703703703702,0.0,0.7016,optimal
2021-02-09 16:30:00,13,6,0.0,0.46444444444444444,0.0,0.34876666666666667,optimal
2021-02-09 17:00:00,13,6,0.0,0.23222222222222222,0.0,0.5400333333333333,optimal
2021-02-09 17:30:00,13,6,0.0,0.3096296296296296,0.0,0.7301666666666666,optimal
2021-02-09 18:00:00,13,6,0.0,0.0,0.0,0.34576666666666667,optimal
2021-02-09 18:30:00,13,6,0.0,0.387037037037037,0.0,0.36006666666666665,optimal
2021-02-09 19:00:00,13,6,0.0,0.0,0.0,0.6433666666666666,optimal
2021-02-09 19:30:00,13,6,0.0,0.0774074074074074,0.0,0.47203333333333336,optimal
2021-02-09 20:00:00,13,6,0.0,0.0,0.0,0.5557000000000001,optimal
2021-02-09 20:30:00,13,6,0.0,0.0,0.0,0.5772333333333334,optimal
2021-02-09 21:00:00,13,6,0.0,0.0,0.0,0.24930000000000002,optimal
2021-02-09 21:30:00,13,6,0.0,0.0774074074074074,0.0,0.5177999999999999,optimal
2021-02-09 22:00:00,13,6,0.0,0.0,0.0,0.4309333333333333,optimal
2021-02-09 22:30:00,13,6,0.0,0.0774074074074074,0.0,0.4934333333333333,optimal
2021-02-09 23:00:00,13,6,0.0,6.115185185185184,0.0,0.48769999999999997,optimal
2021-02-09 23:30:00,13,6,0.0,0.0,0.0,0.24806666666666663,optimal
2021-02-10 00:00:00,13,6,0.0,0.0,0.0,0.055,optimal
2021-02-10 00:30:00,13,6,0.0,0.0,0.0,0.15580000000000002,optimal
2021-02-10 01:00:00,13,6,0.0,0.0,0.0,0.055,optimal
2021-02-10 01:30:00,13,6,0.9578195909894602,0.0,0.0,0.15580000000000002,optimal
2021-02-10 02:00:00,13,6,1.1428571428571428,0.0,0.0,0.055,optimal
2021-02-10 02:30:00,13,6,1.1428571428571428,0.0,0.0,0.055,optimal
2021-02-10 03:00:00,13,6,1.1428571428571428,0.0,0.0,0.055,optimal
2021-02-10 03:30:00,13,6,1.1428571428571428,0.0,0.0,0.15580000000000002,optimal
2021-02-10 04:00:00,13,6,1.1428571428571428,0.0,0.0,0.055,optimal
2021-02-10 04:30:00,13,6,1.1428571428571428,0.0,0.0,0.15580000000000002,optimal
2021-02-10 05:00:00,13,6,1.1428571428571428,0.0,0.0,0.055,optimal
2021-02-10 05:30:00,13,6,1.1428571428571428,0.0,0.0,0.055,optimal
2021-02-10 06:00:00,13,6,1.1428571428571428,0.0,3.3523655417602822,0.10586666666666666,optimal
2021-02-10 06:30:00,13,6,1.1428571428571428,0.6966666666666667,5.0,0.26166666666666666,optimal
2021-02-10 07:00:00,13,6,1.1428571428571428,1.315925925925926,0.0,1.0449000000000002,optimal
2021-02-10 07:30:00,13,6,1.1428571428571428,1.2385185185185184,0.0,0.3567333333333333,optimal
2021-02-10 08:00:00,13,6,0.5228492005751507,0.6966666666666667,0.0,1.7825666666666666,optimal
2021-02-10 08:30:00,13,6,0.5345647977433035,0.5418518518518518,0.0,0.6474,optimal
2021-02-10 09:00:00,13,6,0.415372174891586,0.1548148148148148,0.0,0.6554,optimal
2021-02-10 09:30:00,13,6,0.4787506292026071,0.774074074074074,0.0,0.5205333333333333,optimal
2021-02-10 10:00:00,13,6,0.20932801100193357,0.2740222222222222,0.0,0.8016333333333333,optimal
2021-02-10 10:30:00,13,6,0.37294756602091556,0.5000518518518519,0.0,0.3008,optimal
2021-02-10 11:00:00,13,6,0.22580968234766402,0.1548148148148148,0.0,0.3808,optimal
2021-02-10 11:30:00,13,6,0.25067414759840506,0.387037037037037,0.0,0.36706666666666665,optimal
2021-02-10 12:00:00,13,6,0.14543370306667475,0.0,0.0,0.1938,optimal
2021-02-10 12:30:00,13,6,0.07764322687619804,0.0,0.0,0.43239999999999995,optimal
2021-02-10 13:00:00,13,6,0.10163690231613631,0.0,0.0,0.48269999999999996,optimal
2021-02-10 13:30:00,13,6,0.9392312295256734,0.23222222222222222,0.0,0.5633666666666667,optimal
2021-02-10 14:00:00,13,6,1.1428571428571428,2.631851851851852,0.0,0.22340000000000002,optimal
2021-02-10 14:30:00,13,6,1.1428571428571428,0.46444444444444444,0.0,0.35106666666666664,optimal
2021-02-10 15:00:00,13,6,1.1428571428571428,0.0,0.0,0.5748,optimal
2021-02-10 15:30:00,13,6,1.1428571428571428,0.0,0.0,0.4708,optimal
2021-02-10 16:00:00,13,6,0.0,0.3096296296296296,0.0,0.6910333333333333,optimal
2021-02-10 16:30:00,13,6,0.0,0.46444444444444444,0.0,1.6086333333333334,optimal
2021-02-10 17:00:00,13,6,0.0,2.4770370370370367,0.0,0.4904666666666666,optimal
2021-02-10 17:30:00,13,6,0.0,0.0,0.0,0.18613333333333332,optimal
2021-02-10 18:00:00,13,6,0.0,0.0,0.0,0.3216,optimal
2021-02-10 18:30:00,13,6,0.0,0.387037037037037,0.0,0.6925333333333333,optimal
2021-02-10 19:00:00,13,6,0.0,0.0,0.0,0.47843333333333327,optimal
2021-02-10 19:30:00,13,6,0.0,0.0,0.0,0.7842,optimal
2021-02-10 20:00:00,13,6,0.0,0.23222222222222222,0.0,0.6314333333333333,optimal
2021-02-10 20:30:00,13,6,0.0,0.0,0.0,0.5512333333333334,optimal
2021-02-10 21:00:00,13,6,0.0,0.0,0.0,0.5730333333333333,optimal
2021-02-10 21:30:00,13,6,0.0,0.0,0.0,0.673,optimal
2021-02-10 22:00:00,13,6,0.0,2.3222222222222215,0.0,1.3571,optimal
2021-02-10 22:30:00,13,6,0.0,0.0,0.0,0.6106,optimal
2021-02-10 23:00:00,13,6,0.0,0.0,0.0,0.5536333333333333,optimal
2021-02-10 23:30:00,13,6,0.0,0.1548148148148148,0.0,0.4068,optimal
2021-02-11 00:00:00,13,6,0.3573498983748419,0.0,0.0,0.066,optimal
2021-02-11 00:30:00,13,6,1.1428571428571428,0.0,0.0,0.06673333333333334,optimal
2021-02-11 01:00:00,13,6,1.1428571428571428,0.0,0.0,0.054,optimal
2021-02-11 01:30:00,13,6,1.1428571428571428,0.0,0.0,0.054,optimal
2021-02-11 02:00:00,13,6,1.1428571428571428,0.0,0.0,0.054,optimal
2021-02-11 02:30:00,13,6,1.1428571428571428,0.0,0.0,0.054,optimal
2021-02-11 03:00:00,13,6,1.1428571428571428,0.0,0.0,0.054,optimal
2021-02-11 03:30:00,13,6,1.1428571428571428,0.0,0.0,0.054,optimal
2021-02-11 04:00:00,13,6,1.1428571428571428,0.0,0.0,0.054,optimal
2021-02-11 04:30:00,13,6,1.1428571428571428,0.0,3.8312027061676637,0.054,optimal
2021-02-11 05:00:00,13,6,1.1428571428571428,0.0,5.0,0.054,optimal
2021-02-11 05:30:00,13,6,1.1428571428571428,0.0,5.0,0.054,optimal
2021-02-11 06:00:00,13,6,1.1428571428571428,0.0,5.0,0.5435666666666668,optimal
2021-02-11 06:30:00,13,6,1.1428571428571428,0.0,0.0,0.5525,optimal
2021-02-11 07:00:00,13,6,1.1428571428571428,0.1548148148148148,0.0,0.0863,optimal
2021-02-11 07:30:00,13,6,1.1428571428571428,0.23222222222222222,0.0,0.10233333333333332,optimal
2021-02-11 08:00:00,13,6,0.8021245650015998,0.0774074074074074,0.0,0.17513333333333334,optimal
2021-02-11 08:30:00,13,6,0.8754707242683437,0.0,0.0,0.0564,optimal
2021-02-11 09:00:00,13,6,0.6817621170589219,0.3096296296296296,0.0,0.27003333333333335,optimal
2021-02-11 09:30:00,13,6,0.297554365124798,0.23222222222222222,0.0,1.8189666666666666,optimal
2021-02-11 10:00:00,13,6,0.3859554898360649,0.9288888888888889,0.0,0.166,optimal
2021-02-11 10:30:00,13,6,0.413397269760163,0.0,0.0,0.166,optimal
2021-02-11 11:00:00,13,6,0.21261100536873306,0.23222222222222222,0.0,0.3692,optimal
2021-02-11 11:30:00,13,6,0.23208020903503743,0.46444444444444444,0.0,0.1885,optimal
2021-02-11 12:00:00,13,6,0.04773274146327695,0.0774074074074074,0.0,0.3018333333333333,optimal
2021-02-11 12:30:00,13,6,0.023185098926455802,0.6966666666666667,0.0,0.2501333333333333,optimal
2021-02-11 13:00:00,13,6,1.1428571428571428,0.0,0.0,0.8542000000000001,optimal
2021-02-11 13:30:00,13,6,1.1428571428571428,0.0,0.0,1.6261666666666668,optimal
2021-02-11 14:00:00,13,6,1.1428571428571428,0.387037037037037,0.0,0.34096666666666664,optimal
2021-02-11 14:30:00,13,6,1.1428571428571428,0.0,0.0,0.2323,optimal
2021-02-11 15:00:00,13,6,1.1428571428571428,0.23222222222222222,0.0,0.2329,optimal
2021-02-11 15:30:00,13,6,1.1428571428571428,0.1548148148148148,0.0,2.3034,optimal
2021-02-11 16:00:00,13,6,0.0,0.0,0.0,2.572833333333333,optimal
2021-02-11 16:30:00,13,6,0.0,0.0,0.0,0.3972,optimal
2021-02-11 17:00:00,13,6,0.0,0.387037037037037,0.0,0.16873333333333332,optimal
2021-02-11 17:30:00,13,6,0.0,0.3096296296296296,0.0,0.18,optimal
2021-02-11 18:00:00,13,6,0.0,0.46444444444444444,0.0,0.4075,optimal
2021-02-11 18:30:00,13,6,0.0,0.23222222222222222,0.0,1.2466,optimal
2021-02-11 19:00:00,13,6,0.0,1.0837037037037036,0.0,0.20836666666666667,optimal
2021-02-11 19:30:00,13,6,0.0,2.3222222222222215,0.0,0.4087,optimal
2021-02-11 20:00:00,13,6,0.5423332396763108,0.1548148148148148,0.0,0.22340000000000002,optimal
2021-02-11 20:30:00,13,6,0.0,0.23222222222222222,0.0,0.23306666666666664,optimal
2021-02-11 21:00:00,13,6,0.0,0.0,0.0,0.2965,optimal
2021-02-11 21:30:00,13,6,0.0,0.387037037037037,0.0,0.18209999999999998,optimal
2021-02-11 22:00:00,13,6,0.0,1.9351851851851851,0.0,0.15743333333333334,optimal
2021-02-11 22:30:00,13,6,0.0,0.0774074074074074,0.0,0.5609,optimal
2021-02-11 23:00:00,13,6,0.0,0.0,0.0,0.3855,optimal
2021-02-11 23:30:00,13,6,0.0,0.0,0.0,0.1787,optimal
2021-02-12 00:00:00,13,6,1.1428571428571428,0.0,0.0,0.047,optimal
2021-02-12 00:30:00,13,6,1.1428571428571428,0.0,0.0,0.1376,optimal
2021-02-12 01:00:00,13,6,1.1428571428571428,0.0,0.0,0.09179999999999999,optimal
2021-02-12 01:30:00,13,6,1.1428571428571428,0.0,0.0,0.08183333333333333,optimal
2021-02-12 02:00:00,13,6,1.1428571428571428,0.0,0.0,0.2678333333333333,optimal
2021-02-12 02:30:00,13,6,1.1428571428571428,0.0,0.0,0.05016666666666666,optimal
2021-02-12 03:00:00,13,6,1.1428571428571428,0.0,0.0,0.20056666666666664,optimal
2021-02-12 03:30:00,13,6,1.1428571428571428,0.0,0.0,0.14593333333333333,optimal
2021-02-12 04:00:00,13,6,1.1428571428571428,0.0,0.0,0.047,optimal
2021-02-12 04:30:00,13,6,1.1428571428571428,0.0,0.0,0.15706666666666666,optimal
2021-02-12 05:00:00,13,6,1.1428571428571428,0.0,0.0,0.07233333333333333,optimal
2021-02-12 05:30:00,13,6,1.1428571428571428,0.0,0.0,0.1956,optimal
2021-02-12 06:00:00,13,6,1.1428571428571428,0.0,0.0,0.11023333333333332,optimal
2021-02-12 06:30:00,13,6,1.1428571428571428,0.1548148148148148,3.467193806214877,0.09883333333333331,optimal
2021-02-12 07:00:00,13,6,1.1428571428571428,0.6966666666666667,5.0,0.34286666666666665,optimal
2021-02-12 07:30:00,13,6,1.1428571428571428,5.875692470405247,0.0,0.127,optimal
2021-02-12 08:00:00,13,6,0.6896728867545584,0.8514814814814814,0.0,1.5610666666666666,optimal
2021-02-12 08:30:00,13,6,0.9615744324435552,0.0,0.0,0.11883333333333332,optimal
2021-02-12 09:00:00,13,6,0.8436551275170769,0.0,0.0,0.18606666666666663,optimal
2021-02-12 09:30:00,13,6,0.7014352677953797,0.0,0.0,0.249,optimal
2021-02-12 10:00:00,13,6,0.4169812149024473,1.9351851851851851,0.0,0.11983333333333332,optimal
2021-02-12 10:30:00,13,6,0.36190574257209274,1.9351851851851851,0.0,0.16656666666666667,optimal
2021-02-12 11:00:00,13,6,0.15346231838962013,1.8206222222222221,0.0,0.2452666666666667,optimal
2021-02-12 11:30:00,13,6,0.1837659795864128,0.888637037037037,0.0,0.1397,optimal
2021-02-12 12:00:00,13,6,0.12648953909738045,0.0774074074074074,0.0,0.1158,optimal
2021-02-12 12:30:00,13,6,0.07403510505608572,0.23222222222222222,0.0,0.3975666666666667,optimal
2021-02-12 13:00:00,13,6,0.0198684749891956,0.0,0.0,1.8026,optimal
2021-02-12 13:30:00,13,6,0.8498547553060452,0.0,0.0,0.9248999999999999,optimal
2021-02-12 14:00:00,13,6,1.1428571428571428,0.1548148148148148,0.0,1.6252666666666669,optimal
2021-02-12 14:30:00,13,6,1.1428571428571428,0.0,0.0,1.7572333333333332,optimal
2021-02-12 15:00:00,13,6,1.1428571428571428,0.0,0.0,0.6633,optimal
2021-02-12 15:30:00,13,6,1.1428571428571428,0.0,0.0,0.17613333333333334,optimal
2021-02-12 16:00:00,13,6,0.0,0.6966666666666667,0.0,0.217,optimal
2021-02-12 16:30:00,13,6,0.0,0.3096296296296296,0.0,0.43976666666666664,optimal
2021-02-12 17:00:00,13,6,0.0,0.3096296296296296,0.0,0.6269666666666667,optimal
2021-02-12 17:30:00,13,6,0.0,0.3096296296296296,0.0,0.595,optimal
2021-02-12 18:00:00,13,6,0.0,0.1548148148148148,0.0,0.4096,optimal
2021-02-12 18:30:00,13,6,0.0,0.0,0.0,0.36906666666666665,optimal
2021-02-12 19:00:00,13,6,0.0,0.387037037037037,0.0,0.26039999999999996,optimal
2021-02-12 19:30:00,13,6,0.0,0.0,0.0,1.3684666666666667,optimal
2021-02-12 20:00:00,13,6,0.0,0.46444444444444444,0.0,0.3941,optimal
2021-02-12 20:30:00,13,6,0.0,0.0,0.0,0.3796333333333333,optimal
2021-02-12 21:00:00,13,6,0.0,0.23222222222222222,0.0,0.22783333333333328,optimal
2021-02-12 21:30:00,13,6,0.0,0.0,0.0,0.2017333333333333,optimal
2021-02-12 22:00:00,13,6,0.0,0.0,0.0,0.20826666666666668,optimal
2021-02-12 22:30:00,13,6,0.0,0.0,0.0,0.36606666666666665,optimal
2021-02-12 23:00:00,13,6,0.0,0.3096296296296296,0.0,0.23553333333333334,optimal
2021-02-12 23:30:00,13,6,0.0,0.0,0.0,0.17826666666666668,optimal
2021-02-13 00:00:00,13,6,0.0,0.0,0.0,0.054,optimal
2021-02-13 00:30:00,13,6,0.0,0.0,0.0,0.054,optimal
2021-02-13 01:00:00,13,6,0.5941161632083977,0.0,0.0,0.054,optimal
2021-02-13 01:30:00,13,6,1.1428571428571428,0.0,0.0,0.054,optimal
2021-02-13 02:00:00,13,6,1.1428571428571428,0.0774074074074074,0.0,0.0628,optimal
2021-02-13 02:30:00,13,6,1.1428571428571428,0.0,0.0,0.064,optimal
2021-02-13 03:00:00,13,6,1.1428571428571428,0.0,0.0,0.05386666666666667,optimal
2021-02-13 03:30:00,13,6,1.1428571428571428,0.0,0.0,0.27826666666666666,optimal
2021-02-13 04:00:00,13,6,1.1428571428571428,0.0,0.0,0.054,optimal
2021-02-13 04:30:00,13,6,1.1428571428571428,0.0,0.0,0.054,optimal
2021-02-13 05:00:00,13,6,1.1428571428571428,0.0,0.0,0.056,optimal
2021-02-13 05:30:00,13,6,1.1428571428571428,0.0,0.0,0.06,optimal
2021-02-13 06:00:00,13,6,1.1428571428571428,0.0,0.0,0.054,optimal
2021-02-13 06:30:00,13,6,1.1428571428571428,0.387037037037037,1.8311064923065303,0.05666666666666666,optimal
2021-02-13 07:00:00,13,6,1.1428571428571428,2.0899999999999994,5.0,0.9078333333333334,optimal
2021-02-13 07:30:00,13,6,1.1428571428571428,1.006296296296296,0.0,0.07733333333333332,optimal
2021-02-13 08:00:00,13,6,0.6928102323089183,0.0,0.0,0.29860000000000003,optimal
2021-02-13 08:30:00,13,6,0.756428179219996,0.0,0.0,0.29560000000000003,optimal
2021-02-13 09:00:00,13,6,0.7824677997743271,0.0,0.0,0.064,optimal
2021-02-13 09:30:00,13,6,0.7717480105202386,0.0,0.0,0.064,optimal
2021-02-13 10:00:00,13,6,0.5828901908241226,0.0,0.0,0.064,optimal
2021-02-13 10:30:00,13,6,0.5807462329733026,0.0,0.0,0.064,optimal
2021-02-13 11:00:00,13,6,0.36948371764705545,0.0,0.0,0.064,optimal
2021-02-13 11:30:00,13,6,0.3673397597962354,0.0,0.0,0.064,optimal
2021-02-13 12:00:00,13,6,0.27999935260357517,0.0,0.0,0.064,optimal
2021-02-13 12:30:00,13,6,0.7279545672366897,0.0,0.0,0.064,optimal
2021-02-13 13:00:00,13,6,1.1428571428571428,0.0,0.0,0.064,optimal
2021-02-13 13:30:00,13,6,1.1428571428571428,0.0,0.0,0.064,optimal
2021-02-13 14:00:00,13,6,1.1428571428571428,0.0,0.0,0.064,optimal
2021-02-13 14:30:00,13,6,1.1428571428571428,0.0,0.0,0.064,optimal
2021-02-13 15:00:00,13,6,1.1428571428571428,0.0,0.0,0.064,optimal
2021-02-13 15:30:00,13,6,1.1428571428571428,0.0,0.0,0.064,optimal
2021-02-13 16:00:00,13,6,0.0,0.0,0.0,0.064,optimal
2021-02-13 16:30:00,13,6,0.0,0.0,0.0,0.064,optimal
2021-02-13 17:00:00,13,6,0.0,0.8514814814814814,0.0,0.07156666666666667,optimal
2021-02-13 17:30:00,13,6,0.0,0.6192592592592592,0.0,0.088,optimal
2021-02-13 18:00:00,13,6,0.0,0.46444444444444444,0.0,0.3426,optimal
2021-02-13 18:30:00,13,6,0.0,0.23222222222222222,0.0,0.18006666666666665,optimal
2021-02-13 19:00:00,13,6,0.0,0.1548148148148148,0.0,0.159,optimal
2021-02-13 19:30:00,13,6,0.6538681364669683,0.0,0.0,0.176,optimal
2021-02-13 20:00:00,13,6,0.6541846235971798,0.1548148148148148,0.0,0.17856666666666665,optimal
2021-02-13 20:30:00,13,6,0.0,0.23222222222222222,0.0,0.187,optimal
2021-02-13 21:00:00,13,6,0.0,0.6966666666666667,0.0,0.187,optimal
2021-02-13 21:30:00,13,6,0.0,0.1548148148148148,0.0,1.614266666666667,optimal
2021-02-13 22:00:00,13,6,0.0,0.0774074074074074,0.0,0.4442,optimal
2021-02-13 22:30:00,13,6,0.0,0.0,0.0,0.6684,optimal
2021-02-13 23:00:00,13,6,0.0,2.7866666666666666,0.0,0.18616666666666662,optimal
2021-02-13 23:30:00,13,6,0.0,0.0,0.0,0.064,optimal
2021-02-07 00:00:00,14,6,0.0,0.0,0.0,0.23296666666666666,optimal
2021-02-07 00:30:00,14,6,0.0,0.0,0.0,0.3265,optimal
2021-02-07 01:00:00,14,6,0.0,0.0,0.0,0.2843,optimal
2021-02-07 01:30:00,14,6,0.0,0.23222222222222222,0.0,1.7365,optimal
2021-02-07 02:00:00,14,6,0.0,0.3096296296296296,0.0,1.7607666666666668,optimal
2021-02-07 02:30:00,14,6,0.0,0.0,0.0,0.09759999999999999,optimal
2021-02-07 03:00:00,14,6,0.0,0.0,0.0,0.20936666666666667,optimal
2021-02-07 03:30:00,14,6,0.0,0.0,0.0,0.21056666666666662,optimal
2021-02-07 04:00:00,14,6,1.1428571428571428,0.0,0.0,0.2062,optimal
2021-02-07 04:30:00,14,6,1.1428571428571428,0.0,0.0,0.2713333333333333,optimal
2021-02-07 05:00:00,14,6,1.1428571428571428,0.0,0.0,0.04,optimal
2021-02-07 05:30:00,14,6,1.1428571428571428,0.0,0.0,0.1252,optimal
2021-02-07 06:00:00,14,6,1.1428571428571428,0.0,0.0,0.18613333333333332,optimal
2021-02-07 06:30:00,14,6,1.1428571428571428,0.0,0.0,0.0712,optimal
2021-02-07 07:00:00,14,6,1.1428571428571428,0.0,1.7076336144509696,0.3223666666666667,optimal
2021-02-07 07:30:00,14,6,0.0,0.3096296296296296,0.0,1.4233,optimal
2021-02-07 08:00:00,14,6,0.0,0.6966666666666667,0.0,0.198,optimal
2021-02-07 08:30:00,14,6,0.0,0.46444444444444444,0.0,0.2675,optimal
2021-02-07 09:00:00,14,6,0.6406535101090353,0.0,0.0,0.2287,optimal
2021-02-07 09:30:00,14,6,0.7076480567769274,0.0,0.0,0.10366666666666668,optimal
2021-02-07 10:00:00,14,6,0.6122396329360689,0.0,0.0,0.17256666666666667,optimal
2021-02-07 10:30:00,14,6,0.5903465962567531,0.0,0.0,0.2642,optimal
2021-02-07 11:00:00,14,6,0.5330269391822968,0.0,0.0,0.13419999999999999,optimal
2021-02-07 11:30:00,14,6,0.48987455822991816,0.0,0.0,0.2852333333333333,optimal
2021-02-07 12:00:00,14,6,0.4485141791538829,0.0,0.0,0.1928,optimal
2021-02-07 12:30:00,14,6,0.5925147383617859,0.0,0.0,0.1196,optimal
2021-02-07 13:00:00,14,6,1.1428571428571428,0.0,0.0,0.3157333333333333,optimal
2021-02-07 13:30:00,14,6,1.1428571428571428,0.0,0.0,0.1974,optimal
2021-02-07 14:00:00,14,6,1.1428571428571428,0.0,0.0,0.1444,optimal
2021-02-07 14:30:00,14,6,1.1428571428571428,0.0,0.0,0.32973333333333327,optimal
2021-02-07 15:00:00,14,6,1.1428571428571428,0.0,0.0,0.0968,optimal
2021-02-07 15:30:00,14,6,1.1428571428571428,0.23222222222222222,0.0,0.36710000000000004,optimal
2021-02-07 16:00:00,14,6,0.0,0.0,0.0,0.15856666666666666,optimal
2021-02-07 16:30:00,14,6,0.0,0.0,0.0,0.1392,optimal
2021-02-07 17:00:00,14,6,0.0,0.0,0.0,0.32613333333333333,optimal
2021-02-07 17:30:00,14,6,0.0,0.23222222222222222,0.0,2.756466666666667,optimal
2021-02-07 18:00:00,14,6,0.0,0.3096296296296296,0.0,0.4555,optimal
2021-02-07 18:30:00,14,6,0.0,0.0,0.0,0.3913333333333333,optimal
2021-02-07 19:00:00,14,6,0.0,0.0,0.0,0.2043,optimal
2021-02-07 19:30:00,14,6,0.5607742876850099,0.0,0.0,2.0456,optimal
2021-02-07 20:00:00,14,6,0.5199076210183394,0.0,0.0,2.0326,optimal
2021-02-07 20:30:00,14,6,0.0,0.0,0.0,0.8640666666666668,optimal
2021-02-07 21:00:00,14,6,0.0,0.0,0.0,0.3832,optimal
2021-02-07 21:30:00,14,6,0.0,0.0,0.0,1.7411333333333334,optimal
2021-02-07 22:00:00,14,6,0.0,0.0,0.0,0.7480666666666668,optimal
2021-02-07 22:30:00,14,6,0.0,0.0774074074074074,0.0,0.4064666666666666,optimal
2021-02-07 23:00:00,14,6,0.0,0.0,0.0,1.1722000000000001,optimal
2021-02-07 23:30:00,14,6,0.0,1.7029629629629628,0.0,1.6086333333333334,optimal
2021-02-08 00:00:00,14,6,0.0,0.0,0.0,0.113,optimal
2021-02-08 00:30:00,14,6,0.0,0.0,0.0,0.07640000000000001,optimal
2021-02-08 01:00:00,14,6,0.0,0.0,0.0,0.1928,optimal
2021-02-08 01:30:00,14,6,0.0,0.0,0.0,0.1374,optimal
2021-02-08 02:00:00,14,6,0.0,0.0,0.0,0.052,optimal
2021-02-08 02:30:00,14,6,0.3849245641321478,0.0,0.0,0.1316,optimal
2021-02-08 03:00:00,14,6,1.1428571428571428,0.0,4.340237037678013,0.1986,optimal
2021-02-08 03:30:00,14,6,1.1428571428571428,0.0774074074074074,5.0,0.06893333333333333,optimal
2021-02-08 04:00:00,14,6,1.1428571428571428,0.0,0.0,0.5951000000000001,optimal
2021-02-08 04:30:00,14,6,1.1428571428571428,0.46444444444444444,0.0,0.1931,optimal
2021-02-08 05:00:00,14,6,1.1428571428571428,0.23222222222222222,0.0,0.2866,optimal
2021-02-08 05:30:00,14,6,1.1428571428571428,0.6966666666666667,0.0,0.34026666666666666,optimal
2021-02-08 06:00:00,14,6,1.1428571428571428,2.792859259259259,0.0,0.17393333333333333,optimal
2021-02-08 06:30:00,14,6,1.1428571428571428,0.6130666666666666,0.0,0.3376,optimal
2021-02-08 07:00:00,14,6,1.1428571428571428,0.5418518518518518,0.0,0.20786666666666667,optimal
2021-02-08 07:30:00,14,6,1.1428571428571428,5.573333333333333,0.0,0.073,optimal
2021-02-08 08:00:00,14,6,0.4673625793934695,0.23222222222222222,0.0,0.27903333333333336,optimal
2021-02-08 08:30:00,14,6,0.47290763795225366,0.23222222222222222,0.0,0.2738,optimal
2021-02-08 09:00:00,14,6,0.6689623590554793,0.46444444444444444,0.0,0.12693333333333334,optimal
2021-02-08 09:30:00,14,6,0.5483647712173121,0.0,0.0,0.5592,optimal
2021-02-08 10:00:00,14,6,0.3282941644850818,0.387037037037037,0.0,1.4556666666666667,optimal
2021-02-08 10:30:00,14,6,0.36109175232324725,0.0774074074074074,0.0,1.1855333333333333,optimal
2021-02-08 11:00:00,14,6,0.19756740773217377,0.387037037037037,0.0,0.5988666666666667,optimal
2021-02-08 11:30:00,14,6,0.12590425393529542,0.46444444444444444,0.0,1.3782999999999999,optimal
2021-02-08 12:00:00,14,6,0.0,0.6966666666666667,0.0,0.8192,optimal
2021-02-08 12:30:00,14,6,0.04695515778876788,2.2448148148148146,0.0,0.34636666666666666,optimal
2021-02-08 13:00:00,14,6,0.02581815671781703,0.1548148148148148,0.0,0.5802999999999999,optimal
2021-02-08 13:30:00,14,6,0.06163881244476212,0.0774074074074074,0.0,0.3910666666666667,optimal
2021-02-08 14:00:00,14,6,0.05472865975939273,0.0,0.0,0.3584,optimal
2021-02-08 14:30:00,14,6,1.1428571428571428,0.0,0.0,1.7097666666666669,optimal
2021-02-08 15:00:00,14,6,1.1428571428571428,0.23222222222222222,0.0,0.4539666666666666,optimal
2021-02-08 15:30:00,14,6,1.1428571428571428,0.0,0.0,1.586,optimal
2021-02-08 16:00:00,14,6,0.0,3.4059259259259256,0.0,0.44389999999999996,optimal
2021-02-08 16:30:00,14,6,0.0,0.46444444444444444,0.0,1.2122,optimal
2021-02-08 17:00:00,14,6,0.0,0.5418518518518518,0.0,3.0136333333333334,optimal
2021-02-08 17:30:00,14,6,0.0,2.7866666666666666,0.0,2.029333333333333,optimal
2021-02-08 18:00:00,14,6,0.0,0.23222222222222222,0.0,0.6587999999999999,optimal
2021-02-08 18:30:00,14,6,0.0,0.5418518518518518,0.0,0.3620333333333334,optimal
2021-02-08 19:00:00,14,6,0.0,0.0,0.0,0.2386,optimal
2021-02-08 19:30:00,14,6,0.0,0.0,0.0,0.5159666666666667,optimal
2021-02-08 20:00:00,14,6,0.0,0.0,0.0,0.3783666666666667,optimal
2021-02-08 20:30:00,14,6,0.0,0.1548148148148148,0.0,0.27493333333333336,optimal
2021-02-08 21:00:00,14,6,0.0,0.1548148148148148,0.0,0.4534333333333333,optimal
2021-02-08 21:30:00,14,6,0.0,0.23222222222222222,0.0,0.2399,optimal
2021-02-08 22:00:00,14,6,0.0,0.3096296296296296,0.0,0.3806666666666667,optimal
2021-02-08 22:30:00,14,6,0.0,0.0,0.0,0.0684,optimal
2021-02-08 23:00:00,14,6,0.0,0.0,0.0,0.19640000000000002,optimal
2021-02-08 23:30:00,14,6,0.0,0.0,0.0,0.1352,optimal
2021-02-09 00:00:00,14,6,0.0,0.0,0.0,0.061,optimal
2021-02-09 00:30:00,14,6,0.0,0.0,0.0,0.06806666666666666,optimal
2021-02-09 01:00:00,14,6,0.0,0.0,0.0,0.2094,optimal
2021-02-09 01:30:00,14,6,0.8156921942236456,0.0,0.0,0.061,optimal
2021-02-09 02:00:00,14,6,1.1428571428571428,0.0,0.0,0.061,optimal
2021-02-09 02:30:00,14,6,1.1428571428571428,0.0,0.0,0.15993333333333334,optimal
2021-02-09 03:00:00,14,6,1.1428571428571428,0.0,0.0,0.11753333333333332,optimal
2021-02-09 03:30:00,14,6,1.1428571428571428,0.0,0.0,0.08926666666666666,optimal
2021-02-09 04:00:00,14,6,1.1428571428571428,0.0,0.0,0.18819999999999998,optimal
2021-02-09 04:30:00,14,6,1.1428571428571428,0.0,0.0,0.061,optimal
2021-02-09 05:00:00,14,6,1.1428571428571428,0.0,0.0,0.21780000000000002,optimal
2021-02-09 05:30:00,14,6,1.1428571428571428,0.0,0.0,0.071,optimal
2021-02-09 06:00:00,14,6,1.1428571428571428,1.0837037037037036,0.0,0.17266666666666666,optimal
2021-02-09 06:30:00,14,6,1.1428571428571428,0.0,1.1954317623233865,0.10846666666666668,optimal
2021-02-09 07:00:00,14,6,1.1428571428571428,4.567037037037037,5.0,0.098,optimal
2021-02-09 07:30:00,14,6,1.1428571428571428,0.0,0.0,0.19113333333333332,optimal
2021-02-09 08:00:00,14,6,0.846591915946287,0.0,0.0,0.071,optimal
2021-02-09 08:30:00,14,6,0.8078552804890768,0.0,0.0,0.18406666666666663,optimal
2021-02-09 09:00:00,14,6,0.7209271702685629,0.0,0.0,0.1134,optimal
2021-02-09 09:30:00,14,6,0.7080634231636544,0.0,0.0,0.1134,optimal
2021-02-09 10:00:00,14,6,0.5026800182449983,0.0,0.0,0.18406666666666663,optimal
2021-02-09 10:30:00,14,6,0.5242649908956717,0.0,0.0,0.071,optimal
2021-02-09 11:00:00,14,6,0.30841467003679335,0.0,0.0,0.22646666666666668,optimal
2021-02-09 11:30:00,14,6,0.21896595028121302,0.0774074074074074,0.0,0.4786333333333333,optimal
2021-02-09 12:00:00,14,6,0.0,0.0,0.0,2.4538,optimal
2021-02-09 12:30:00,14,6,0.0,2.39962962962963,0.0,0.42410000000000003,optimal
2021-02-09 13:00:00,14,6,0.0,0.5418518518518518,0.0,0.44596666666666657,optimal
2021-02-09 13:30:00,14,6,0.47356977381637805,0.0,0.0,0.25726666666666664,optimal
2021-02-09 14:00:00,14,6,1.1428571428571428,0.0,0.0,0.3818333333333333,optimal
2021-02-09 14:30:00,14,6,1.1428571428571428,0.0,0.0,0.34286666666666665,optimal
2021-02-09 15:00:00,14,6,1.1428571428571428,0.23222222222222222,0.0,0.4928,optimal
2021-02-09 15:30:00,14,6,1.1428571428571428,0.0,0.0,0.3951,optimal
2021-02-09 16:00:00,14,6,0.0,0.1548148148148148,0.0,0.2154,optimal
2021-02-09 16:30:00,14,6,0.0,0.23222222222222222,0.0,1.5573666666666666,optimal
2021-02-09 17:00:00,14,6,0.0,0.8514814814814814,0.0,1.461,optimal
2021-02-09 17:30:00,14,6,0.0,0.3096296296296296,0.0,2.0070666666666663,optimal
2021-02-09 18:00:00,14,6,0.0,0.0,0.0,0.3458,optimal
2021-02-09 18:30:00,14,6,0.0,0.1548148148148148,0.0,2.209766666666667,optimal
2021-02-09 19:00:00,14,6,0.0,0.0,0.0,2.7591,optimal
2021-02-09 19:30:00,14,6,0.0,0.0,0.0,1.1333,optimal
2021-02-09 20:00:00,14,6,0.0,0.0,0.0,0.27526666666666666,optimal
2021-02-09 20:30:00,14,6,0.0,0.0,0.0,0.42269999999999996,optimal
2021-02-09 21:00:00,14,6,0.0,0.23222222222222222,0.0,0.3108666666666667,optimal
2021-02-09 21:30:00,14,6,0.0,0.0,0.0,0.2718,optimal
2021-02-09 22:00:00,14,6,0.0,0.46444444444444444,0.0,0.23076666666666668,optimal
2021-02-09 22:30:00,14,6,0.0,0.387037037037037,0.0,0.3427333333333333,optimal
2021-02-09 23:00:00,14,6,0.0,0.23222222222222222,0.0,0.2044,optimal
2021-02-09 23:30:00,14,6,0.0,1.6255555555555554,0.0,0.3002666666666666,optimal
2021-02-10 00:00:00,14,6,0.0,0.0,0.0,0.061,optimal
2021-02-10 00:30:00,14,6,0.0,0.0,0.0,0.061,optimal
2021-02-10 01:00:00,14,6,0.36210298096746246,0.0,0.0,0.14406666666666668,optimal
2021-02-10 01:30:00,14,6,1.1428571428571428,0.0,0.0,0.10846666666666668,optimal
2021-02-10 02:00:00,14,6,1.1428571428571428,0.0,0.0,0.061,optimal
2021-02-10 02:30:00,14,6,1.1428571428571428,0.0,0.0,0.1262666666666667,optimal
2021-02-10 03:00:00,14,6,1.1428571428571428,0.0,0.0,0.1262666666666667,optimal
2021-02-10 03:30:00,14,6,1.1428571428571428,0.0,0.0,0.061,optimal
2021-02-10 04:00:00,14,6,1.1428571428571428,0.0,0.0,0.19153333333333333,optimal
2021-02-10 04:30:00,14,6,1.1428571428571428,0.0,0.0,0.061,optimal
2021-02-10 05:00:00,14,6,1.1428571428571428,0.0,0.0,0.061,optimal
2021-02-10 05:30:00,14,6,1.1428571428571428,0.0,3.419136690831513,0.1744,optimal
2021-02-10 06:00:00,14,6,1.1428571428571428,0.0,5.0,0.0888,optimal
2021-02-10 06:30:00,14,6,1.1428571428571428,0.0,5.0,0.06933333333333333,optimal
2021-02-10 07:00:00,14,6,1.1428571428571428,2.4600074074074074,5.0,0.36286666666666667,optimal
2021-02-10 07:30:00,14,6,1.1428571428571428,4.351844444444444,0.0,2.1633666666666667,optimal
2021-02-10 08:00:00,14,6,0.5277692005751518,0.23222222222222222,0.0,1.6022,optimal
2021-02-10 08:30:00,14,6,0.7293305120290176,0.0,0.0,0.46553333333333335,optimal
2021-02-10 09:00:00,14,6,0.730655984415405,0.0,0.0,0.07693333333333334,optimal
2021-02-10 09:30:00,14,6,0.6957372958692776,0.1548148148148148,0.0,0.10013333333333334,optimal
2021-02-10 10:00:00,14,6,0.35183658243050586,0.0,0.0,0.5234,optimal
2021-02-10 10:30:00,14,6,0.4361856612590048,0.0,0.0,0.241,optimal
2021-02-10 11:00:00,14,6,0.3944668252048138,0.0,0.0,0.071,optimal
2021-02-10 11:30:00,14,6,0.39017890950317374,0.0,0.0,0.071,optimal
2021-02-10 12:00:00,14,6,0.1859479887809663,0.0,0.0,0.20153333333333334,optimal
2021-02-10 12:30:00,14,6,0.2232432268762002,0.0,0.0,0.071,optimal
2021-02-10 13:00:00,14,6,1.1428571428571428,0.0,0.0,0.071,optimal
2021-02-10 13:30:00,14,6,1.1428571428571428,0.0,0.0,0.20153333333333334,optimal
2021-02-10 14:00:00,14,6,1.1428571428571428,0.0,0.0,0.071,optimal
2021-02-10 14:30:00,14,6,1.1428571428571428,0.0,0.0,0.1837333333333333,optimal
2021-02-10 15:00:00,14,6,1.1428571428571428,0.0,0.0,0.0888,optimal
2021-02-10 15:30:00,14,6,1.1428571428571428,0.0,0.0,0.13033333333333336,optimal
2021-02-10 16:00:00,14,6,0.0,0.0,0.0,0.1422,optimal
2021-02-10 16:30:00,14,6,0.0,0.0,0.0,0.09473333333333332,optimal
2021-02-10 17:00:00,14,6,0.0,0.0,0.0,0.22646666666666668,optimal
2021-02-10 17:30:00,14,6,0.0,0.23222222222222222,0.0,0.29933333333333334,optimal
2021-02-10 18:00:00,14,6,0.0,0.387037037037037,0.0,1.7272,optimal
2021-02-10 18:30:00,14,6,0.0,0.23222222222222222,0.0,0.3474,optimal
2021-02-10 19:00:00,14,6,0.0,2.3222222222222215,0.0,1.3731666666666666,optimal
2021-02-10 19:30:00,14,6,0.0,0.0774074074074074,0.0,1.8098666666666663,optimal
2021-02-10 20:00:00,14,6,0.05880174978767602,0.0,0.0,0.7226,optimal
2021-02-10 20:30:00,14,6,0.0,0.0,0.0,0.6993666666666667,optimal
2021-02-10 21:00:00,14,6,0.0,0.3096296296296296,0.0,1.0791333333333335,optimal
2021-02-10 21:30:00,14,6,0.0,0.3096296296296296,0.0,0.6627333333333334,optimal
2021-02-10 22:00:00,14,6,0.0,0.774074074074074,0.0,0.2326,optimal
2021-02-10 22:30:00,14,6,0.0,0.0,0.0,0.8095333333333333,optimal
2021-02-10 23:00:00,14,6,0.0,0.0,0.0,0.0888,optimal
2021-02-10 23:30:00,14,6,0.0,0.0,0.0,0.1804,optimal
2021-02-11 00:00:00,14,6,0.0,0.1548148148148148,0.0,0.20526666666666668,optimal
2021-02-11 00:30:00,14,6,0.1411226934043257,0.0,0.0,0.19369999999999998,optimal
2021-02-11 01:00:00,14,6,1.1428571428571428,0.0,0.0,0.6739333333333333,optimal
2021-02-11 01:30:00,14,6,1.1428571428571428,0.0,0.0,0.21346666666666667,optimal
2021-02-11 02:00:00,14,6,1.1428571428571428,0.0,0.0,0.1146,optimal
2021-02-11 02:30:00,14,6,1.1428571428571428,0.0,0.0,0.065,optimal
2021-02-11 03:00:00,14,6,1.1428571428571428,0.0,0.0,0.12726666666666667,optimal
2021-02-11 03:30:00,14,6,1.1428571428571428,0.0,0.0,0.2008,optimal
2021-02-11 04:00:00,14,6,1.1428571428571428,0.0,0.0,0.12079999999999999,optimal
2021-02-11 04:30:00,14,6,1.1428571428571428,0.0,0.0,0.2008,optimal
2021-02-11 05:00:00,14,6,1.1428571428571428,0.0,0.0,0.07766666666666668,optimal
2021-02-11 05:30:00,14,6,1.1428571428571428,0.0,0.0,0.11593333333333333,optimal
2021-02-11 06:00:00,14,6,1.1428571428571428,0.0,0.0,0.10733333333333331,optimal
2021-02-11 06:30:00,14,6,1.1428571428571428,0.774074074074074,4.200321926714932,1.9814333333333327,optimal
2021-02-11 07:00:00,14,6,1.1428571428571428,3.251111111111111,5.0,1.4748333333333332,optimal
2021-02-11 07:30:00,14,6,1.1428571428571428,0.9288888888888889,0.0,2.7001,optimal
2021-02-11 08:00:00,14,6,0.5430683745254141,0.6966666666666667,0.0,3.1799666666666666,optimal
2021-02-11 08:30:00,14,6,0.7990992956969177,0.0,0.0,1.4417,optimal
2021-02-11 09:00:00,14,6,0.7864287837255882,0.0,0.0,0.2172666666666667,optimal
2021-02-11 09:30:00,14,6,0.7563257936962199,0.0,0.0,0.075,optimal
2021-02-11 10:00:00,14,6,0.45965072793129946,0.0,0.0,0.12026666666666667,optimal
2021-02-11 10:30:00,14,6,0.4608544126173083,0.0,0.0,0.2061,optimal
2021-02-11 11:00:00,14,6,0.3493824339401653,0.0,0.0,0.09670000000000001,optimal
2021-02-11 11:30:00,14,6,0.2703754471302745,0.0,0.0,0.2606666666666667,optimal
2021-02-11 12:00:00,14,6,0.15798988432042674,0.0,0.0,0.0874,optimal
2021-02-11 12:30:00,14,6,0.1265755751169375,0.0,0.0,0.0998,optimal
2021-02-11 13:00:00,14,6,0.0,0.5418518518518518,0.0,1.7639,optimal
2021-02-11 13:30:00,14,6,0.6552544908272878,0.0774074074074074,0.0,0.9644666666666668,optimal
2021-02-11 14:00:00,14,6,1.1428571428571428,0.0,0.0,0.7396666666666666,optimal
2021-02-11 14:30:00,14,6,1.1428571428571428,0.1548148148148148,0.0,0.5389333333333333,optimal
2021-02-11 15:00:00,14,6,1.1428571428571428,0.387037037037037,0.0,2.1769333333333334,optimal
2021-02-11 15:30:00,14,6,1.1428571428571428,0.0,0.0,0.9204,optimal
2021-02-11 16:00:00,14,6,0.0,0.0,0.0,0.27653333333333335,optimal
2021-02-11 16:30:00,14,6,0.0,0.0774074074074074,0.0,0.5890666666666667,optimal
2021-02-11 17:00:00,14,6,0.0,0.1548148148148148,0.0,0.3436,optimal
2021-02-11 17:30:00,14,6,0.0,0.1548148148148148,0.0,0.3242333333333333,optimal
2021-02-11 18:00:00,14,6,0.0,0.387037037037037,0.0,0.3666666666666667,optimal
2021-02-11 18:30:00,14,6,0.0,0.0,0.0,0.4038,optimal
2021-02-11 19:00:00,14,6,0.0,0.0,0.0,0.7838999999999999,optimal
2021-02-11 19:30:00,14,6,0.0,0.3096296296296296,0.0,0.5081333333333333,optimal
2021-02-11 20:00:00,14,6,0.0,0.0774074074074074,0.0,2.790333333333333,optimal
2021-02-11 20:30:00,14,6,0.0,0.0,0.0,2.818233333333333,optimal
2021-02-11 21:00:00,14,6,0.0,0.0,0.0,0.4456,optimal
2021-02-11 21:30:00,14,6,0.0,0.0,0.0,0.3629333333333333,optimal
2021-02-11 22:00:00,14,6,0.0,5.960370370370371,0.0,2.7650333333333332,optimal
2021-02-11 22:30:00,14,6,0.0,0.0,0.0,0.367,optimal
2021-02-11 23:00:00,14,6,0.0,0.3096296296296296,0.0,0.6399333333333332,optimal
2021-02-11 23:30:00,14,6,0.0,0.0,0.0,0.44746666666666657,optimal
2021-02-12 00:00:00,14,6,1.1428571428571428,0.0,0.0,0.064,optimal
2021-02-12 00:30:00,14,6,1.1428571428571428,0.0,0.0,0.13766666666666666,optimal
2021-02-12 01:00:00,14,6,1.1428571428571428,0.0,0.0,0.115,optimal
2021-02-12 01:30:00,14,6,1.1428571428571428,0.0,0.0,0.064,optimal
2021-02-12 02:00:00,14,6,1.1428571428571428,0.0,0.0,0.12633333333333333,optimal
2021-02-12 02:30:00,14,6,1.1428571428571428,0.0,0.0,0.12633333333333333,optimal
2021-02-12 03:00:00,14,6,1.1428571428571428,0.0,0.0,0.06966666666666667,optimal
2021-02-12 03:30:00,14,6,1.1428571428571428,0.0,0.0,0.183,optimal
2021-02-12 04:00:00,14,6,1.1428571428571428,0.0,0.0,0.064,optimal
2021-02-12 04:30:00,14,6,1.1428571428571428,0.0,0.0,0.064,optimal
2021-02-12 05:00:00,14,6,1.1428571428571428,0.0,0.0,0.18866666666666662,optimal
2021-02-12 05:30:00,14,6,1.1428571428571428,0.0,0.9683711832146975,0.064,optimal
2021-02-12 06:00:00,14,6,1.1428571428571428,0.0,5.0,0.074,optimal
2021-02-12 06:30:00,14,6,1.1428571428571428,0.6192592592592592,5.0,0.106,optimal
2021-02-12 07:00:00,14,6,1.1428571428571428,1.0837037037037036,5.0,0.16266666666666665,optimal
2021-02-12 07:30:00,14,6,1.1428571428571428,2.492092674922364,0.0,0.072,optimal
2021-02-12 08:00:00,14,6,0.8089890772307554,0.3096296296296296,0.0,0.2002,optimal
2021-02-12 08:30:00,14,6,0.9408506229197406,0.0774074074074074,0.0,0.11233333333333331,optimal
2021-02-12 09:00:00,14,6,0.8657598894218346,0.0,0.0,0.098,optimal
2021-02-12 09:30:00,14,6,0.7552352677953792,0.0,0.0,0.16466666666666666,optimal
2021-02-12 10:00:00,14,6,0.4893050244262591,0.0,0.0,0.074,optimal
2021-02-12 10:30:00,14,6,0.44139145685780656,0.0,0.0,0.18166666666666662,optimal
2021-02-12 11:00:00,14,6,0.28362422315152525,0.0,0.0,0.081,optimal
2021-02-12 11:30:00,14,6,0.266908836729269,0.0,0.0,0.132,optimal
2021-02-12 12:00:00,14,6,0.20604192004975963,0.0,0.0,0.12066666666666669,optimal
2021-02-12 12:30:00,14,6,0.22008843838941908,0.0,0.0,0.064,optimal
2021-02-12 13:00:00,14,6,1.1428571428571428,0.3096296296296296,0.0,0.16966666666666666,optimal
2021-02-12 13:30:00,14,6,1.1428571428571428,0.23222222222222222,0.0,0.088,optimal
2021-02-12 14:00:00,14,6,1.1428571428571428,0.0,0.0,0.074,optimal
2021-02-12 14:30:00,14,6,1.1428571428571428,0.0,0.0,0.091,optimal
2021-02-12 15:00:00,14,6,1.1428571428571428,0.0,0.0,0.18166666666666662,optimal
2021-02-12 15:30:00,14,6,1.1428571428571428,0.0,0.0,0.074,optimal
2021-02-12 16:00:00,14,6,0.0,0.0,0.0,0.19866666666666663,optimal
2021-02-12 16:30:00,14,6,0.0,0.0,0.0,0.08786666666666666,optimal
2021-02-12 17:00:00,14,6,0.0,0.0,0.0,0.12866666666666665,optimal
2021-02-12 17:30:00,14,6,0.0,0.0774074074074074,0.0,0.5493666666666667,optimal
2021-02-12 18:00:00,14,6,0.0,0.1548148148148148,0.0,0.3025333333333334,optimal
2021-02-12 18:30:00,14,6,0.0,0.7167925925925925,0.0,1.4309666666666667,optimal
2021-02-12 19:00:00,14,6,0.0,1.063577777777778,0.0,1.3504333333333334,optimal
2021-02-12 19:30:00,14,6,0.0,0.1548148148148148,0.0,0.32193333333333335,optimal
2021-02-12 20:00:00,14,6,0.037863805768421445,0.5418518518518518,0.0,0.4453333333333333,optimal
2021-02-12 20:30:00,14,6,0.0,0.1548148148148148,0.0,0.4061666666666667,optimal
2021-02-12 21:00:00,14,6,0.0,0.46444444444444444,0.0,0.5675666666666668,optimal
2021-02-12 21:30:00,14,6,0.0,0.3096296296296296,0.0,0.5919,optimal
2021-02-12 22:00:00,14,6,0.0,0.3096296296296296,0.0,0.356,optimal
2021-02-12 22:30:00,14,6,0.0,0.0,0.0,0.11933333333333332,optimal
2021-02-12 23:00:00,14,6,0.0,0.0,0.0,0.074,optimal
2021-02-12 23:30:00,14,6,0.0,0.0,0.0,0.16033333333333336,optimal
2021-02-13 00:00:00,14,6,0.0,0.0,0.0,0.058333333333333334,optimal
2021-02-13 00:30:00,14,6,0.0,0.0,0.0,0.055,optimal
2021-02-13 01:00:00,14,6,0.7044515230562077,0.0,0.0,0.11183333333333331,optimal
2021-02-13 01:30:00,14,6,1.1428571428571428,0.0,0.0,0.1456,optimal
2021-02-13 02:00:00,14,6,1.1428571428571428,0.0,0.0,0.1495,optimal
2021-02-13 02:30:00,14,6,1.1428571428571428,0.0,0.0,0.14283333333333334,optimal
2021-02-13 03:00:00,14,6,1.1428571428571428,0.0,0.0,0.2091,optimal
2021-02-13 03:30:00,14,6,1.1428571428571428,0.0,0.0,0.055,optimal
2021-02-13 04:00:00,14,6,1.1428571428571428,0.0,0.0,0.15316666666666665,optimal
2021-02-13 04:30:00,14,6,1.1428571428571428,0.0,0.0,0.08536666666666666,optimal
2021-02-13 05:00:00,14,6,1.1428571428571428,0.0,0.0,0.23556666666666665,optimal
2021-02-13 05:30:00,14,6,1.1428571428571428,0.0,0.0,0.09783333333333331,optimal
2021-02-13 06:00:00,14,6,1.1428571428571428,0.0,4.302232802964499,0.19693333333333332,optimal
2021-02-13 06:30:00,14,6,1.1428571428571428,0.0774074074074074,5.0,0.15766666666666665,optimal
2021-02-13 07:00:00,14,6,1.1428571428571428,0.46444444444444444,5.0,0.0911,optimal
2021-02-13 07:30:00,14,6,1.1428571428571428,0.0774074074074074,0.0,0.27443333333333336,optimal
2021-02-13 08:00:00,14,6,0.7568007084993899,0.1548148148148148,0.0,0.10593333333333334,optimal
2021-02-13 08:30:00,14,6,0.7083996077914354,0.0,0.0,0.19453333333333334,optimal
2021-02-13 09:00:00,14,6,0.5994963712028937,2.39962962962963,0.0,0.18306666666666663,optimal
2021-02-13 09:30:00,14,6,0.6905765819488044,0.0774074074074074,0.0,0.0726,optimal
2021-02-13 10:00:00,14,6,0.4470520955860166,0.23222222222222222,0.0,0.2924333333333333,optimal
2021-02-13 10:30:00,14,6,0.4720700424971033,0.0,0.0,0.21536666666666668,optimal
2021-02-13 11:00:00,14,6,0.19596943193276414,0.0774074074074074,0.0,0.4829666666666666,optimal
2021-02-13 11:30:00,14,6,0.2644349978914749,0.0,0.0,0.19183333333333327,optimal
2021-02-13 12:00:00,14,6,0.1759593526035721,0.1548148148148148,0.0,0.7097,optimal
2021-02-13 12:30:00,14,6,0.07969048452098558,0.0774074074074074,0.0,1.1712333333333331,optimal
2021-02-13 13:00:00,14,6,1.1428571428571428,0.6192592592592592,0.0,0.3341,optimal
2021-02-13 13:30:00,14,6,1.1428571428571428,0.0,0.0,0.3816333333333333,optimal
2021-02-13 14:00:00,14,6,1.1428571428571428,0.3096296296296296,0.0,0.24416666666666662,optimal
2021-02-13 14:30:00,14,6,1.1428571428571428,0.0,0.0,0.0965,optimal
2021-02-13 15:00:00,14,6,1.1428571428571428,0.0,0.0,0.284,optimal
2021-02-13 15:30:00,14,6,1.1428571428571428,0.0,0.0,0.07773333333333333,optimal
2021-02-13 16:00:00,14,6,0.0,0.0,0.0,0.39166666666666666,optimal
2021-02-13 16:30:00,14,6,0.0,0.387037037037037,0.0,0.37573333333333336,optimal
2021-02-13 17:00:00,14,6,0.0,0.0774074074074074,0.0,0.4303,optimal
2021-02-13 17:30:00,14,6,0.0,0.0,0.0,0.4045666666666667,optimal
2021-02-13 18:00:00,14,6,0.0,0.0,0.0,0.4134,optimal
2021-02-13 18:30:00,14,6,0.0,0.1548148148148148,0.0,0.31853333333333333,optimal
2021-02-13 19:00:00,14,6,0.0,0.0,0.0,0.065,optimal
2021-02-13 19:30:00,14,6,0.4885548362091824,0.0,0.0,0.19290000000000002,optimal
2021-02-13 20:00:00,14,6,0.8342417664543212,0.0,0.0,0.17903333333333332,optimal
2021-02-13 20:30:00,14,6,0.0,1.548148148148148,0.0,0.26673333333333327,optimal
2021-02-13 21:00:00,14,6,0.0,0.1548148148148148,0.0,0.2957666666666667,optimal
2021-02-13 21:30:00,14,6,0.0,3.0188888888888883,0.0,0.8186666666666667,optimal
2021-02-13 22:00:00,14,6,0.0,2.5544444444444445,0.0,0.4037,optimal
2021-02-13 22:30:00,14,6,0.0,0.5418518518518518,0.0,0.4983333333333333,optimal
2021-02-13 23:00:00,14,6,0.0,0.0,0.0,0.065,optimal
2021-02-13 23:30:00,14,6,0.0,0.0,0.0,0.168,optimal
2021-02-07 00:00:00,15,6,0.0,4.721851851851852,0.0,0.21130000000000002,optimal
2021-02-07 00:30:00,15,6,0.0,0.0,0.0,0.2842333333333333,optimal
2021-02-07 01:00:00,15,6,0.0,0.0,0.0,0.3373333333333333,optimal
2021-02-07 01:30:00,15,6,0.0,0.0774074074074074,0.0,0.47333333333333333,optimal
2021-02-07 02:00:00,15,6,0.0,0.0,0.0,0.08273333333333334,optimal
2021-02-07 02:30:00,15,6,0.0,0.0,0.0,0.07,optimal
2021-02-07 03:00:00,15,6,0.0,0.0,0.0,0.21006666666666662,optimal
2021-02-07 03:30:00,15,6,0.0,0.0,0.0,0.07,optimal
2021-02-07 04:00:00,15,6,1.1428571428571428,0.0,0.0,0.2037,optimal
2021-02-07 04:30:00,15,6,1.1428571428571428,0.0,0.0,0.07636666666666667,optimal
2021-02-07 05:00:00,15,6,1.1428571428571428,0.0,0.0,0.15913333333333332,optimal
2021-02-07 05:30:00,15,6,1.1428571428571428,0.0,0.0,0.12093333333333334,optimal
2021-02-07 06:00:00,15,6,1.1428571428571428,0.0,0.0,0.07,optimal
2021-02-07 06:30:00,15,6,1.1428571428571428,0.0,0.0,0.17186666666666667,optimal
2021-02-07 07:00:00,15,6,1.1428571428571428,0.0,1.7076336144509696,1.9285999999999999,optimal
2021-02-07 07:30:00,15,6,0.0,3.833214814814815,0.0,0.7228,optimal
2021-02-07 08:00:00,15,6,0.0,1.7401185185185184,0.0,1.8848666666666662,optimal
2021-02-07 08:30:00,15,6,0.03142867577648247,0.0,0.0,0.36219999999999997,optimal
2021-02-07 09:00:00,15,6,0.5884739193896472,2.4770370370370367,0.0,1.637,optimal
2021-02-07 09:30:00,15,6,0.4811699615388279,0.0,0.0,1.0096,optimal
2021-02-07 10:00:00,15,6,0.3770777281741708,0.5418518518518518,0.0,0.3953,optimal
2021-02-07 10:30:00,15,6,0.37762278673295085,0.0,0.0,0.5931000000000001,optimal
2021-02-07 11:00:00,15,6,0.10088408203943576,0.3096296296296296,0.0,1.5769666666666666,optimal
2021-02-07 11:30:00,15,6,0.3122364629918155,0.0,0.0,0.2071,optimal
2021-02-07 12:00:00,15,6,0.1389237029634084,0.0774074074074074,0.0,1.9679666666666666,optimal
2021-02-07 12:30:00,15,6,0.26030465534435665,0.46444444444444444,0.0,0.686,optimal
2021-02-07 13:00:00,15,6,0.546103804649248,0.0,0.0,0.07,optimal
2021-02-07 13:30:00,15,6,1.0093647012029514,0.0774074074074074,0.0,0.43089999999999995,optimal
2021-02-07 14:00:00,15,6,1.1428571428571428,0.3096296296296296,0.0,2.041166666666667,optimal
2021-02-07 14:30:00,15,6,1.1428571428571428,0.0,0.0,0.188,optimal
2021-02-07 15:00:00,15,6,1.1428571428571428,0.1548148148148148,0.0,0.33926666666666666,optimal
2021-02-07 15:30:00,15,6,1.1428571428571428,0.23222222222222222,0.0,0.2918,optimal
2021-02-07 16:00:00,15,6,0.0,0.1548148148148148,0.0,0.5588,optimal
2021-02-07 16:30:00,15,6,0.0,0.1548148148148148,0.0,1.7140666666666666,optimal
2021-02-07 17:00:00,15,6,0.0,0.0774074074074074,0.0,0.2336,optimal
2021-02-07 17:30:00,15,6,0.0,0.1548148148148148,0.0,0.2,optimal
2021-02-07 18:00:00,15,6,0.0,0.23222222222222222,0.0,0.3273333333333333,optimal
2021-02-07 18:30:00,15,6,0.0,0.0,0.0,0.2997333333333333,optimal
2021-02-07 19:00:00,15,6,0.0,0.0,0.0,0.08,optimal
2021-02-07 19:30:00,15,6,0.0,0.387037037037037,0.0,0.33213333333333334,optimal
2021-02-07 20:00:00,15,6,0.0,0.3096296296296296,0.0,2.2361,optimal
2021-02-07 20:30:00,15,6,0.0,0.387037037037037,0.0,0.37639999999999996,optimal
2021-02-07 21:00:00,15,6,0.0,0.46444444444444444,0.0,0.5870666666666667,optimal
2021-02-07 21:30:00,15,6,0.0,0.387037037037037,0.0,0.3353333333333333,optimal
2021-02-07 22:00:00,15,6,0.0,0.0,0.0,0.07,optimal
2021-02-07 22:30:00,15,6,0.0,0.0,0.0,0.07,optimal
2021-02-07 23:00:00,15,6,0.0,0.0,0.0,0.21006666666666662,optimal
2021-02-07 23:30:00,15,6,0.0,0.0,0.0,0.06866666666666667,optimal
2021-02-08 00:00:00,15,6,0.0,0.0774074074074074,0.0,0.1789,optimal
2021-02-08 00:30:00,15,6,0.0,0.0,0.0,0.423,optimal
2021-02-08 01:00:00,15,6,0.0,0.0,0.0,0.155,optimal
2021-02-08 01:30:00,15,6,0.0,0.0,0.0,0.155,optimal
2021-02-08 02:00:00,15,6,0.36583682053623273,0.0,0.0,0.053,optimal
2021-02-08 02:30:00,15,6,1.1428571428571428,0.0,0.0,0.171,optimal
2021-02-08 03:00:00,15,6,1.1428571428571428,0.0,0.0,0.139,optimal
2021-02-08 03:30:00,15,6,1.1428571428571428,0.0,0.0,0.053,optimal
2021-02-08 04:00:00,15,6,1.1428571428571428,0.0,0.0,0.165,optimal
2021-02-08 04:30:00,15,6,1.1428571428571428,0.0,0.0,0.145,optimal
2021-02-08 05:00:00,15,6,1.1428571428571428,2.5188370370370365,0.0,0.44253333333333333,optimal
2021-02-08 05:30:00,15,6,1.1428571428571428,0.5000518518518519,0.0,1.3776666666666668,optimal
2021-02-08 06:00:00,15,6,1.1428571428571428,0.0774074074074074,0.0,1.1115333333333333,optimal
2021-02-08 06:30:00,15,6,1.1428571428571428,0.3096296296296296,2.7614940788087576,0.344,optimal
2021-02-08 07:00:00,15,6,1.1428571428571428,2.3222222222222215,5.0,1.5535,optimal
2021-02-08 07:30:00,15,6,1.1428571428571428,0.6966666666666667,0.0,0.1341,optimal
2021-02-08 08:00:00,15,6,0.6321911508220418,0.387037037037037,0.0,0.114,optimal
2021-02-08 08:30:00,15,6,0.5773362093808196,0.5418518518518518,0.0,0.214,optimal
2021-02-08 09:00:00,15,6,0.5762385495316706,0.387037037037037,0.0,0.36333333333333334,optimal
2021-02-08 09:30:00,15,6,0.6232352474077789,0.23222222222222222,0.0,0.7699333333333332,optimal
2021-02-08 10:00:00,15,6,0.5245608311517433,0.0,0.0,0.171,optimal
2021-02-08 10:30:00,15,6,0.5464212761327686,0.0,0.0,0.117,optimal
2021-02-08 11:00:00,15,6,0.3378074077321698,0.0,0.0,0.1414,optimal
2021-02-08 11:30:00,15,6,0.25861473012577585,0.0774074074074074,0.0,0.1842333333333333,optimal
2021-02-08 12:00:00,15,6,0.18110794250943613,0.46444444444444444,0.0,0.2506333333333333,optimal
2021-02-08 12:30:00,15,6,0.2703606825347386,0.0,0.0,0.0719,optimal
2021-02-08 13:00:00,15,6,1.1428571428571428,0.23222222222222222,0.0,0.25516666666666665,optimal
2021-02-08 13:30:00,15,6,1.1428571428571428,0.0,0.0,0.2938,optimal
2021-02-08 14:00:00,15,6,1.1428571428571428,0.0,0.0,0.135,optimal
2021-02-08 14:30:00,15,6,1.1428571428571428,0.0,0.0,0.195,optimal
2021-02-08 15:00:00,15,6,1.1428571428571428,0.0,0.0,0.063,optimal
2021-02-08 15:30:00,15,6,1.1428571428571428,0.0,0.0,0.095,optimal
2021-02-08 16:00:00,15,6,0.0,0.6192592592592592,0.0,0.5092,optimal
2021-02-08 16:30:00,15,6,0.0,0.46444444444444444,0.0,0.3115333333333334,optimal
2021-02-08 17:00:00,15,6,0.0,0.1548148148148148,0.0,0.5453333333333333,optimal
2021-02-08 17:30:00,15,6,0.0,0.1548148148148148,0.0,0.2122,optimal
2021-02-08 18:00:00,15,6,0.0,0.3096296296296296,0.0,0.37676666666666664,optimal
2021-02-08 18:30:00,15,6,0.0,0.1548148148148148,0.0,0.5340333333333332,optimal
2021-02-08 19:00:00,15,6,0.0,0.0774074074074074,0.0,0.3823666666666667,optimal
2021-02-08 19:30:00,15,6,0.0,0.0,0.0,0.3836,optimal
2021-02-08 20:00:00,15,6,0.19054699011473325,0.0,0.0,0.14826666666666669,optimal
2021-02-08 20:30:00,15,6,0.0,0.6966666666666667,0.0,1.3897,optimal
2021-02-08 21:00:00,15,6,0.0,0.1548148148148148,0.0,0.5453333333333333,optimal
2021-02-08 21:30:00,15,6,0.0,2.39962962962963,0.0,0.15680000000000002,optimal
2021-02-08 22:00:00,15,6,0.0,0.0774074074074074,0.0,0.267,optimal
2021-02-08 22:30:00,15,6,0.0,0.0,0.0,0.3102,optimal
2021-02-08 23:00:00,15,6,0.0,0.23222222222222222,0.0,0.22253333333333333,optimal
2021-02-08 23:30:00,15,6,0.0,0.0,0.0,0.159,optimal
2021-02-09 00:00:00,15,6,0.0,0.0,0.0,0.065,optimal
2021-02-09 00:30:00,15,6,0.0,0.0,0.0,0.065,optimal
2021-02-09 01:00:00,15,6,0.0,0.0,0.0,0.065,optimal
2021-02-09 01:30:00,15,6,0.4199353563706126,0.0,0.0,0.065,optimal
2021-02-09 02:00:00,15,6,1.1428571428571428,0.0,0.0,0.065,optimal
2021-02-09 02:30:00,15,6,1.1428571428571428,0.0,0.0,0.065,optimal
2021-02-09 03:00:00,15,6,1.1428571428571428,0.0,0.0,0.065,optimal
2021-02-09 03:30:00,15,6,1.1428571428571428,0.0,0.0,0.065,optimal
2021-02-09 04:00:00,15,6,1.1428571428571428,0.0,0.0,0.065,optimal
2021-02-09 04:30:00,15,6,1.1428571428571428,0.0,0.0,0.065,optimal
2021-02-09 05:00:00,15,6,1.1428571428571428,0.0,0.0,0.065,optimal
2021-02-09 05:30:00,15,6,1.1428571428571428,0.0,0.0,0.065,optimal
2021-02-09 06:00:00,15,6,1.1428571428571428,0.0,4.321116020588684,0.065,optimal
2021-02-09 06:30:00,15,6,1.1428571428571428,0.46444444444444444,5.0,0.2598666666666667,optimal
2021-02-09 07:00:00,15,6,1.1428571428571428,0.3096296296296296,0.0,0.1575,optimal
2021-02-09 07:30:00,15,6,1.1428571428571428,0.5418518518518518,0.0,0.07443333333333334,optimal
2021-02-09 08:00:00,15,6,0.5752376302320074,0.387037037037037,0.0,2.1618000000000004,optimal
2021-02-09 08:30:00,15,6,0.608152423346218,2.86717037037037,0.0,2.439833333333333,optimal
2021-02-09 09:00:00,15,6,0.4721947893161802,3.635051851851852,0.0,1.2073333333333331,optimal
2021-02-09 09:30:00,15,6,0.5373872326874578,0.387037037037037,0.0,0.347,optimal
2021-02-09 10:00:00,15,6,0.3469295420545254,0.3096296296296296,0.0,1.4719333333333333,optimal
2021-02-09 10:30:00,15,6,0.4083392766099558,2.012592592592592,0.0,0.8784666666666667,optimal
2021-02-09 11:00:00,15,6,0.25077657479869614,0.0774074074074074,0.0,0.19426666666666667,optimal
2021-02-09 11:30:00,15,6,0.1924611883764509,0.46444444444444444,0.0,2.2226666666666666,optimal
2021-02-09 12:00:00,15,6,0.0922604390771827,0.3096296296296296,0.0,0.20606666666666665,optimal
2021-02-09 12:30:00,15,6,0.19790915883276286,0.0,0.0,0.109,optimal
2021-02-09 13:00:00,15,6,0.2117070602912627,0.0,0.0,0.075,optimal
2021-02-09 13:30:00,15,6,0.6776864802434014,0.0,0.0,0.6839,optimal
2021-02-09 14:00:00,15,6,1.1428571428571428,0.23222222222222222,0.0,1.6980666666666666,optimal
2021-02-09 14:30:00,15,6,1.1428571428571428,0.0,0.0,0.27546666666666664,optimal
2021-02-09 15:00:00,15,6,1.1428571428571428,0.3096296296296296,0.0,0.28563333333333335,optimal
2021-02-09 15:30:00,15,6,1.1428571428571428,0.46444444444444444,0.0,0.22,optimal
2021-02-09 16:00:00,15,6,0.0,0.6966666666666667,0.0,0.30976666666666663,optimal
2021-02-09 16:30:00,15,6,0.0,0.3096296296296296,0.0,1.9104666666666668,optimal
2021-02-09 17:00:00,15,6,0.0,0.0,0.0,3.561866666666667,optimal
2021-02-09 17:30:00,15,6,0.0,0.0,0.0,1.9598333333333333,optimal
2021-02-09 18:00:00,15,6,0.0,6.579629629629632,0.0,1.4661333333333335,optimal
2021-02-09 18:30:00,15,6,0.0,0.774074074074074,0.0,2.8014666666666668,optimal
2021-02-09 19:00:00,15,6,0.0,0.1548148148148148,0.0,0.5089666666666666,optimal
2021-02-09 19:30:00,15,6,0.0,0.387037037037037,0.0,0.9536666666666667,optimal
2021-02-09 20:00:00,15,6,0.0,0.0,0.0,1.6674666666666667,optimal
2021-02-09 20:30:00,15,6,0.0,0.0,0.0,0.9475,optimal
2021-02-09 21:00:00,15,6,0.0,0.0,0.0,2.8861999999999997,optimal
2021-02-09 21:30:00,15,6,0.0,0.3096296296296296,0.0,0.26113333333333333,optimal
2021-02-09 22:00:00,15,6,0.0,0.0,0.0,0.31926666666666664,optimal
2021-02-09 22:30:00,15,6,0.0,0.0,0.0,0.38563333333333333,optimal
2021-02-09 23:00:00,15,6,0.0,0.0774074074074074,0.0,0.47236666666666666,optimal
2021-02-09 23:30:00,15,6,0.0,0.387037037037037,0.0,0.4389333333333333,optimal
2021-02-10 00:00:00,15,6,0.0,0.0,0.0,0.06,optimal
2021-02-10 00:30:00,15,6,0.0,0.0,0.0,0.06,optimal
2021-02-10 01:00:00,15,6,0.19130296496767962,0.0,0.0,0.06,optimal
2021-02-10 01:30:00,15,6,1.1428571428571428,0.0,0.0,0.06,optimal
2021-02-10 02:00:00,15,6,1.1428571428571428,0.0,0.0,0.06,optimal
2021-02-10 02:30:00,15,6,1.1428571428571428,0.0,0.0,0.06,optimal
2021-02-10 03:00:00,15,6,1.1428571428571428,0.0,0.0,0.06,optimal
2021-02-10 03:30:00,15,6,1.1428571428571428,0.0,0.0,0.06,optimal
2021-02-10 04:00:00,15,6,1.1428571428571428,0.0,0.0,0.06,optimal
2021-02-10 04:30:00,15,6,1.1428571428571428,0.0,0.11042721791561032,0.06,optimal
2021-02-10 05:00:00,15,6,1.1428571428571428,0.0,5.0,0.06,optimal
2021-02-10 05:30:00,15,6,1.1428571428571428,0.0,5.0,0.06,optimal
2021-02-10 06:00:00,15,6,1.1428571428571428,2.39962962962963,5.0,0.06333333333333334,optimal
2021-02-10 06:30:00,15,6,1.1428571428571428,0.774074074074074,5.0,0.069,optimal
2021-02-10 07:00:00,15,6,1.1428571428571428,2.39962962962963,0.0,0.0734,optimal
2021-02-10 07:30:00,15,6,1.1428571428571428,1.6255555555555554,0.0,0.12806666666666666,optimal
2021-02-10 08:00:00,15,6,0.7660834862894307,0.3096296296296296,0.0,0.14533333333333334,optimal
2021-02-10 08:30:00,15,6,0.8533171786956861,0.0,0.0,0.07,optimal
2021-02-10 09:00:00,15,6,0.6749036034630238,0.0774074074074074,0.0,0.14203333333333334,optimal
2021-02-10 09:30:00,15,6,0.6762611053930867,0.0774074074074074,0.0,0.0896,optimal
2021-02-10 10:00:00,15,6,0.480131820525747,0.0,0.0,0.109,optimal
2021-02-10 10:30:00,15,6,0.5268428041161534,0.0,0.0,0.07,optimal
2021-02-10 11:00:00,15,6,0.3945525394905197,0.0,0.0,0.07,optimal
2021-02-10 11:30:00,15,6,0.35432176664602777,0.0,0.0,0.1468,optimal
2021-02-10 12:00:00,15,6,0.0,0.0,0.0,1.1488666666666665,optimal
2021-02-10 12:30:00,15,6,0.0,0.0,0.0,0.29753333333333337,optimal
2021-02-10 13:00:00,15,6,0.11771012444766735,1.8577777777777778,0.0,0.242,optimal
2021-02-10 13:30:00,15,6,0.0,0.3096296296296296,0.0,0.5490666666666667,optimal
2021-02-10 14:00:00,15,6,1.0865979392798293,0.3096296296296296,0.0,1.2059000000000002,optimal
2021-02-10 14:30:00,15,6,1.1428571428571428,0.0,0.0,0.5373,optimal
2021-02-10 15:00:00,15,6,1.1428571428571428,0.23222222222222222,0.0,3.1821666666666664,optimal
2021-02-10 15:30:00,15,6,1.1428571428571428,0.387037037037037,0.0,3.249,optimal
2021-02-10 16:00:00,15,6,0.0,0.0,0.0,1.743,optimal
2021-02-10 16:30:00,15,6,0.0,0.387037037037037,0.0,0.18259999999999998,optimal
2021-02-10 17:00:00,15,6,0.0,0.0774074074074074,0.0,0.44203333333333333,optimal
2021-02-10 17:30:00,15,6,0.0,0.387037037037037,0.0,0.47,optimal
2021-02-10 18:00:00,15,6,0.0,0.3096296296296296,0.0,0.9514333333333331,optimal
2021-02-10 18:30:00,15,6,0.0,0.46444444444444444,0.0,1.5632666666666668,optimal
2021-02-10 19:00:00,15,6,0.0,0.0,0.0,0.333,optimal
2021-02-10 19:30:00,15,6,0.0,0.0774074074074074,0.0,0.3646333333333333,optimal
2021-02-10 20:00:00,15,6,0.0,0.23222222222222222,0.0,0.202,optimal
2021-02-10 20:30:00,15,6,0.0,0.387037037037037,0.0,0.4174,optimal
2021-02-10 21:00:00,15,6,0.0,0.0,0.0,0.2126333333333333,optimal
2021-02-10 21:30:00,15,6,0.0,0.1548148148148148,0.0,0.4799,optimal
2021-02-10 22:00:00,15,6,0.0,0.3096296296296296,0.0,0.4291333333333333,optimal
2021-02-10 22:30:00,15,6,0.0,0.0,0.0,0.3083666666666667,optimal
2021-02-10 23:00:00,15,6,0.0,0.0,0.0,0.29860000000000003,optimal
2021-02-10 23:30:00,15,6,0.0,0.23222222222222222,0.0,0.189,optimal
2021-02-11 00:00:00,15,6,0.9571592271737382,0.0,0.0,0.049,optimal
2021-02-11 00:30:00,15,6,1.1428571428571428,0.0,0.0,0.049,optimal
2021-02-11 01:00:00,15,6,1.1428571428571428,0.0,0.0,0.20376666666666668,optimal
2021-02-11 01:30:00,15,6,1.1428571428571428,0.0,0.0,0.14709999999999998,optimal
2021-02-11 02:00:00,15,6,1.1428571428571428,0.0,0.0,0.049,optimal
2021-02-11 02:30:00,15,6,1.1428571428571428,0.0,0.0,0.19053333333333333,optimal
2021-02-11 03:00:00,15,6,1.1428571428571428,0.0,0.0,0.16033333333333336,optimal
2021-02-11 03:30:00,15,6,1.1428571428571428,0.0,0.0,0.049,optimal
2021-02-11 04:00:00,15,6,1.1428571428571428,0.0,0.0,0.14623333333333333,optimal
2021-02-11 04:30:00,15,6,1.1428571428571428,0.0,0.0,0.20463333333333333,optimal
2021-02-11 05:00:00,15,6,1.1428571428571428,0.0,0.0,0.12869999999999998,optimal
2021-02-11 05:30:00,15,6,1.1428571428571428,0.0,0.038616231118019664,0.23216666666666663,optimal
2021-02-11 06:00:00,15,6,1.1428571428571428,3.251111111111111,5.0,0.047666666666666656,optimal
2021-02-11 06:30:00,15,6,1.1428571428571428,0.23222222222222222,5.0,0.20563333333333333,optimal
2021-02-11 07:00:00,15,6,1.1428571428571428,1.006296296296296,5.0,0.28203333333333336,optimal
2021-02-11 07:30:00,15,6,1.1428571428571428,2.227785185185185,0.0,0.08483333333333333,optimal
2021-02-11 08:00:00,15,6,0.8228102792873215,0.4040666666666667,0.0,0.12893333333333334,optimal
2021-02-11 08:30:00,15,6,0.6850040576016818,4.3348148148148145,0.0,2.115866666666667,optimal
2021-02-11 09:00:00,15,6,0.55707640277321,2.7092592592592597,0.0,2.288133333333333,optimal
2021-02-11 09:30:00,15,6,0.4666305556009803,0.0,0.0,0.8774666666666667,optimal
2021-02-11 10:00:00,15,6,0.0,0.0774074074074074,0.0,1.7463333333333333,optimal
2021-02-11 10:30:00,15,6,0.21781520533545964,0.387037037037037,0.0,1.2781666666666667,optimal
2021-02-11 11:00:00,15,6,0.0,0.46444444444444444,0.0,0.9091333333333332,optimal
2021-02-11 11:30:00,15,6,0.0,0.6966666666666667,0.0,1.7167000000000001,optimal
2021-02-11 12:00:00,15,6,0.0,0.1548148148148148,0.0,0.9435666666666669,optimal
2021-02-11 12:30:00,15,6,0.0,0.0774074074074074,0.0,0.3068333333333333,optimal
2021-02-11 13:00:00,15,6,1.1428571428571428,0.0,0.0,0.29996666666666666,optimal
2021-02-11 13:30:00,15,6,1.1428571428571428,0.0,0.0,0.6571,optimal
2021-02-11 14:00:00,15,6,1.1428571428571428,0.1548148148148148,0.0,2.7013000000000003,optimal
2021-02-11 14:30:00,15,6,1.1428571428571428,0.1548148148148148,0.0,2.714,optimal
2021-02-11 15:00:00,15,6,1.1428571428571428,0.0,0.0,1.6365,optimal
2021-02-11 15:30:00,15,6,1.1428571428571428,0.46444444444444444,0.0,0.38256666666666667,optimal
2021-02-11 16:00:00,15,6,0.0,0.0,0.0,0.2805666666666667,optimal
2021-02-11 16:30:00,15,6,0.0,0.23222222222222222,0.0,0.3404333333333333,optimal
2021-02-11 17:00:00,15,6,0.0,0.0774074074074074,0.0,0.9853333333333334,optimal
2021-02-11 17:30:00,15,6,0.0,0.6192592592592592,0.0,0.7523333333333334,optimal
2021-02-11 18:00:00,15,6,0.0,0.0774074074074074,0.0,0.30160000000000003,optimal
2021-02-11 18:30:00,15,6,0.0,0.0774074074074074,0.0,0.0928,optimal
2021-02-11 19:00:00,15,6,0.0,0.46444444444444444,0.0,0.14336666666666667,optimal
2021-02-11 19:30:00,15,6,0.0,0.0,0.0,0.12696666666666667,optimal
2021-02-11 20:00:00,15,6,0.4556509776324632,0.6966666666666667,0.0,0.24696666666666667,optimal
2021-02-11 20:30:00,15,6,0.0,0.23222222222222222,0.0,0.21096666666666666,optimal
2021-02-11 21:00:00,15,6,0.0,0.5418518518518518,0.0,0.13196666666666668,optimal
2021-02-11 21:30:00,15,6,0.0,0.0,0.0,0.23216666666666663,optimal
2021-02-11 22:00:00,15,6,0.0,2.3222222222222215,0.0,0.21556666666666663,optimal
2021-02-11 22:30:00,15,6,0.0,0.0,0.0,0.09986666666666666,optimal
2021-02-11 23:00:00,15,6,0.0,0.0,0.0,0.21913333333333332,optimal
2021-02-11 23:30:00,15,6,0.0,0.0,0.0,0.4335,optimal
2021-02-12 00:00:00,15,6,1.1428571428571428,0.387037037037037,0.0,0.5312,optimal
2021-02-12 00:30:00,15,6,1.1428571428571428,0.0,0.0,2.0212,optimal
2021-02-12 01:00:00,15,6,1.1428571428571428,0.0,0.0,1.211266666666667,optimal
2021-02-12 01:30:00,15,6,1.1428571428571428,0.0,0.0,1.797,optimal
2021-02-12 02:00:00,15,6,1.1428571428571428,0.5418518518518518,0.0,2.2384,optimal
2021-02-12 02:30:00,15,6,1.1428571428571428,0.0,0.0,0.14633333333333334,optimal
2021-02-12 03:00:00,15,6,1.1428571428571428,0.0,0.0,0.18346666666666667,optimal
2021-02-12 03:30:00,15,6,1.1428571428571428,0.0,0.0,0.061,optimal
2021-02-12 04:00:00,15,6,1.1428571428571428,0.0,0.0,0.063,optimal
2021-02-12 04:30:00,15,6,1.1428571428571428,0.0,0.0,0.19346666666666668,optimal
2021-02-12 05:00:00,15,6,1.1428571428571428,0.0,0.0,0.06266666666666666,optimal
2021-02-12 05:30:00,15,6,1.1428571428571428,0.0,0.0,0.061,optimal
2021-02-12 06:00:00,15,6,1.1428571428571428,0.0,0.0,0.06656666666666666,optimal
2021-02-12 06:30:00,15,6,1.1428571428571428,0.0,0.0,0.1779,optimal
2021-02-12 07:00:00,15,6,1.1428571428571428,0.0,0.0,0.061,optimal
2021-02-12 07:30:00,15,6,1.1428571428571428,6.293672504154521,0.0,0.1779,optimal
2021-02-12 08:00:00,15,6,0.970722410564092,0.0,0.0,0.06656666666666666,optimal
2021-02-12 08:30:00,15,6,0.9808887181578313,0.0,0.0,0.061,optimal
2021-02-12 09:00:00,15,6,0.685817032278983,0.3096296296296296,0.0,2.2568,optimal
2021-02-12 09:30:00,15,6,0.6098733630334774,0.1548148148148148,0.0,2.157333333333333,optimal
2021-02-12 10:00:00,15,6,0.32405740537863104,0.0,0.0,0.3771666666666667,optimal
2021-02-12 10:30:00,15,6,0.34613431400066913,0.0774074074074074,0.0,0.31710000000000005,optimal
2021-02-12 11:00:00,15,6,0.18739565172294548,0.0,0.0,0.2766,optimal
2021-02-12 11:30:00,15,6,0.15519455101499074,0.0,0.0,0.3748,optimal
2021-02-12 12:00:00,15,6,0.1410323962402325,0.0,0.0,0.2,optimal
2021-02-12 12:30:00,15,6,0.1052693907703732,0.0774074074074074,0.0,0.3113333333333333,optimal
2021-02-12 13:00:00,15,6,0.1712854671408729,0.0,2.1222998219069136,2.1630666666666665,optimal
2021-02-12 13:30:00,15,6,1.1428571428571428,0.0,5.0,1.5311333333333335,optimal
2021-02-12 14:00:00,15,6,1.1428571428571428,0.23222222222222222,5.0,2.831566666666667,optimal
2021-02-12 14:30:00,15,6,1.1428571428571428,0.0,5.0,0.4428666666666667,optimal
2021-02-12 15:00:00,15,6,1.1428571428571428,0.0,0.0,0.1779,optimal
2021-02-12 15:30:00,15,6,1.1428571428571428,0.0,0.0,0.061,optimal
2021-02-12 16:00:00,15,6,0.0,0.1548148148148148,0.0,0.6526333333333333,optimal
2021-02-12 16:30:00,15,6,0.0,0.6610592592592593,0.0,0.9693666666666668,optimal
2021-02-12 17:00:00,15,6,0.0,0.2678296296296296,0.0,0.1883333333333333,optimal
2021-02-12 17:30:00,15,6,0.0,0.0,0.0,0.3238333333333333,optimal
2021-02-12 18:00:00,15,6,0.0,0.3096296296296296,0.0,0.3979,optimal
2021-02-12 18:30:00,15,6,0.0,0.3096296296296296,0.0,2.2829,optimal
2021-02-12 19:00:00,15,6,0.0,0.1548148148148148,0.0,0.5129,optimal
2021-02-12 19:30:00,15,6,0.0,0.387037037037037,0.0,0.45366666666666666,optimal
2021-02-12 20:00:00,15,6,0.0,0.387037037037037,0.0,0.39816666666666667,optimal
2021-02-12 20:30:00,15,6,0.0,0.0,0.0,2.4084666666666665,optimal
2021-02-12 21:00:00,15,6,0.0,0.0,0.0,1.6340333333333332,optimal
2021-02-12 21:30:00,15,6,0.0,0.23222222222222222,0.0,1.2521333333333335,optimal
2021-02-12 22:00:00,15,6,0.0,2.2448148148148146,0.0,0.47673333333333334,optimal
2021-02-12 22:30:00,15,6,0.0,0.23222222222222222,0.0,1.3042333333333331,optimal
2021-02-12 23:00:00,15,6,0.0,0.46444444444444444,0.0,2.515633333333333,optimal
2021-02-12 23:30:00,15,6,0.0,0.387037037037037,0.0,1.0090333333333332,optimal
2021-02-13 00:00:00,15,6,0.0,0.0,0.0,0.063,optimal
2021-02-13 00:30:00,15,6,0.0,0.0,0.0,0.09459999999999999,optimal
2021-02-13 01:00:00,15,6,0.11689938015207293,0.0,0.0,0.32053333333333334,optimal
2021-02-13 01:30:00,15,6,1.1428571428571428,0.0,0.0,0.063,optimal
2021-02-13 02:00:00,15,6,1.1428571428571428,0.0,0.0,0.1894,optimal
2021-02-13 02:30:00,15,6,1.1428571428571428,0.0,0.0,0.22573333333333329,optimal
2021-02-13 03:00:00,15,6,1.1428571428571428,0.0,0.0,0.063,optimal
2021-02-13 03:30:00,15,6,1.1428571428571428,0.0,0.0,0.3406,optimal
2021-02-13 04:00:00,15,6,1.1428571428571428,0.0,0.0,0.07453333333333333,optimal
2021-02-13 04:30:00,15,6,1.1428571428571428,0.0,0.0,0.2052,optimal
2021-02-13 05:00:00,15,6,1.1428571428571428,0.0,0.0,0.09459999999999999,optimal
2021-02-13 05:30:00,15,6,1.1428571428571428,0.0,1.0334432351718186,0.063,optimal
2021-02-13 06:00:00,15,6,1.1428571428571428,0.0,5.0,0.3521333333333333,optimal
2021-02-13 06:30:00,15,6,1.1428571428571428,0.0,5.0,0.063,optimal
2021-02-13 07:00:00,15,6,1.1428571428571428,0.0,5.0,0.25156666666666666,optimal
2021-02-13 07:30:00,15,6,1.1428571428571428,0.0,0.0,0.16290000000000002,optimal
2021-02-13 08:00:00,15,6,0.7001511846898668,0.46444444444444444,0.0,0.9420333333333332,optimal
2021-02-13 08:30:00,15,6,0.6946338935057208,0.0,0.0,0.9327333333333332,optimal
2021-02-13 09:00:00,15,6,0.3646268473933721,0.0,0.0,2.527333333333333,optimal
2021-02-13 09:30:00,15,6,0.6487613438535731,0.0774074074074074,0.0,0.40593333333333326,optimal
2021-02-13 10:00:00,15,6,0.4817530479669708,0.46444444444444444,0.0,0.5432333333333333,optimal
2021-02-13 10:30:00,15,6,0.12602242344949488,0.0,0.0,3.816133333333333,optimal
2021-02-13 11:00:00,15,6,0.14906086050419953,0.3096296296296296,0.0,2.6544,optimal
2021-02-13 11:30:00,15,6,0.36533975979622907,0.0,0.0,0.073,optimal
2021-02-13 12:00:00,15,6,0.22021840022262065,0.0,0.0,0.2752333333333333,optimal
2021-02-13 12:30:00,15,6,0.24888286547336672,0.0,0.0,0.15990000000000001,optimal
2021-02-13 13:00:00,15,6,1.1428571428571428,0.0,0.0,0.20476666666666668,optimal
2021-02-13 13:30:00,15,6,1.1428571428571428,0.0,0.0,0.23036666666666666,optimal
2021-02-13 14:00:00,15,6,1.1428571428571428,0.0,0.0,0.09029999999999999,optimal
2021-02-13 14:30:00,15,6,1.1428571428571428,0.0,0.0,0.19473333333333329,optimal
2021-02-13 15:00:00,15,6,1.1428571428571428,0.0,0.0,0.2231,optimal
2021-02-13 15:30:00,15,6,1.1428571428571428,0.2740222222222222,0.0,0.117,optimal
2021-02-13 16:00:00,15,6,0.0,0.19042222222222224,0.0,0.4646666666666667,optimal
2021-02-13 16:30:00,15,6,0.0,0.46444444444444444,0.0,2.1106,optimal
2021-02-13 17:00:00,15,6,0.0,0.0,0.0,1.434,optimal
2021-02-13 17:30:00,15,6,0.0,0.23222222222222222,0.0,1.0107666666666668,optimal
2021-02-13 18:00:00,15,6,0.0,0.6966666666666667,0.0,1.263766666666667,optimal
2021-02-13 18:30:00,15,6,0.0,0.0,0.0,0.3106666666666667,optimal
2021-02-13 19:00:00,15,6,0.0,0.1548148148148148,0.0,0.5407666666666666,optimal
2021-02-13 19:30:00,15,6,0.0,0.23222222222222222,0.0,0.5472,optimal
2021-02-13 20:00:00,15,6,0.24910091097559797,0.0,0.0,2.864333333333333,optimal
2021-02-13 20:30:00,15,6,0.0,0.1548148148148148,0.0,2.880266666666667,optimal
2021-02-13 21:00:00,15,6,0.0,0.0,0.0,1.686,optimal
2021-02-13 21:30:00,15,6,0.0,0.5418518518518518,0.0,0.7037333333333333,optimal
2021-02-13 22:00:00,15,6,0.0,0.6192592592592592,0.0,0.4468333333333333,optimal
2021-02-13 22:30:00,15,6,0.0,1.7029629629629628,0.0,0.4828,optimal
2021-02-13 23:00:00,15,6,0.0,0.23222222222222222,0.0,0.5843333333333334,optimal
2021-02-13 23:30:00,15,6,0.0,0.0774074074074074,0.0,0.5319333333333333,optimal
2021-02-07 00:00:00,16,6,0.0,0.0,0.0,0.038,optimal
2021-02-07 00:30:00,16,6,0.0,0.0,0.0,0.133,optimal
2021-02-07 01:00:00,16,6,0.0,0.0,0.0,0.13233333333333333,optimal
2021-02-07 01:30:00,16,6,0.0,0.0,0.0,0.088,optimal
2021-02-07 02:00:00,16,6,0.0,0.0,0.0,0.038,optimal
2021-02-07 02:30:00,16,6,0.0,0.0,0.0,0.118,optimal
2021-02-07 03:00:00,16,6,0.0,0.0,0.0,0.115,optimal
2021-02-07 03:30:00,16,6,0.0,0.0,0.0,0.12033333333333332,optimal
2021-02-07 04:00:00,16,6,1.1428571428571428,0.0,0.0,0.138,optimal
2021-02-07 04:30:00,16,6,1.1428571428571428,0.0,0.0,0.12666666666666668,optimal
2021-02-07 05:00:00,16,6,1.1428571428571428,0.0,0.0,0.15366666666666665,optimal
2021-02-07 05:30:00,16,6,1.1428571428571428,0.0,0.0,0.073,optimal
2021-02-07 06:00:00,16,6,1.1428571428571428,0.0,0.0,0.15833333333333335,optimal
2021-02-07 06:30:00,16,6,1.1428571428571428,0.0,0.0,0.067,optimal
2021-02-07 07:00:00,16,6,1.1428571428571428,0.0774074074074074,1.6063785740462473,0.091,optimal
2021-02-07 07:30:00,16,6,0.0,6.115185185185185,0.0,0.24866666666666662,optimal
2021-02-07 08:00:00,16,6,0.0,0.6192592592592592,0.0,0.11566666666666668,optimal
2021-02-07 08:30:00,16,6,0.40742710951602884,0.1548148148148148,0.0,0.165,optimal
2021-02-07 09:00:00,16,6,0.4023672527229766,0.0,0.0,1.232233333333333,optimal
2021-02-07 09:30:00,16,6,0.3693147234435841,0.0,0.0,1.316,optimal
2021-02-07 10:00:00,16,6,0.12371201388844906,0.0774074074074074,0.0,1.1590666666666667,optimal
2021-02-07 10:30:00,16,6,0.41900373911390326,0.0774074074074074,0.0,0.15893333333333334,optimal
2021-02-07 11:00:00,16,6,0.3093602725156281,0.1548148148148148,0.0,0.20233333333333328,optimal
2021-02-07 11:30:00,16,6,0.0,0.3096296296296296,0.0,1.6174000000000002,optimal
2021-02-07 12:00:00,16,6,0.1239197818772801,0.6192592592592592,0.0,0.32866666666666666,optimal
2021-02-07 12:30:00,16,6,0.47914826763054164,0.46444444444444444,0.0,0.218,optimal
2021-02-07 13:00:00,16,6,1.1428571428571428,0.0774074074074074,0.0,0.2258,optimal
2021-02-07 13:30:00,16,6,1.1428571428571428,0.23222222222222222,0.0,0.3429333333333333,optimal
2021-02-07 14:00:00,16,6,1.1428571428571428,0.0,0.0,0.304,optimal
2021-02-07 14:30:00,16,6,1.1428571428571428,0.0,0.0,0.11133333333333331,optimal
2021-02-07 15:00:00,16,6,1.1428571428571428,0.0,0.0,0.224,optimal
2021-02-07 15:30:00,16,6,1.1428571428571428,0.0,0.0,0.067,optimal
2021-02-07 16:00:00,16,6,0.0,0.0,0.0,0.16833333333333333,optimal
2021-02-07 16:30:00,16,6,0.0,0.0,0.0,0.148,optimal
2021-02-07 17:00:00,16,6,0.0,0.0,0.0,0.048,optimal
2021-02-07 17:30:00,16,6,0.0,0.0,0.0,0.2823333333333333,optimal
2021-02-07 18:00:00,16,6,0.0,0.0,0.0,0.053,optimal
2021-02-07 18:30:00,16,6,0.0,0.0,0.0,0.053,optimal
2021-02-07 19:00:00,16,6,0.0,0.6192592592592592,0.0,0.4584,optimal
2021-02-07 19:30:00,16,6,0.5059552400659666,0.0,0.0,0.31060000000000004,optimal
2021-02-07 20:00:00,16,6,0.4329838114945304,0.23222222222222222,0.0,0.5780666666666667,optimal
2021-02-07 20:30:00,16,6,0.0,0.3096296296296296,0.0,0.5015666666666667,optimal
2021-02-07 21:00:00,16,6,0.0,0.0,0.0,0.334,optimal
2021-02-07 21:30:00,16,6,0.0,0.0,0.0,0.6022666666666666,optimal
2021-02-07 22:00:00,16,6,0.0,0.0774074074074074,0.0,0.08733333333333333,optimal
2021-02-07 22:30:00,16,6,0.0,0.0,0.0,0.216,optimal
2021-02-07 23:00:00,16,6,0.0,0.0,0.0,0.11933333333333332,optimal
2021-02-07 23:30:00,16,6,0.0,0.0,0.0,0.048,optimal
2021-02-08 00:00:00,16,6,0.0,0.0,0.0,0.1052,optimal
2021-02-08 00:30:00,16,6,0.0,0.0,0.0,0.11,optimal
2021-02-08 01:00:00,16,6,0.0,0.0,0.0,0.06,optimal
2021-02-08 01:30:00,16,6,0.8699747560445752,0.0,0.0,0.06,optimal
2021-02-08 02:00:00,16,6,1.1428571428571428,0.0,0.0,0.06,optimal
2021-02-08 02:30:00,16,6,1.1428571428571428,0.0,0.0,0.06,optimal
2021-02-08 03:00:00,16,6,1.1428571428571428,0.0,0.0,0.10543333333333334,optimal
2021-02-08 03:30:00,16,6,1.1428571428571428,2.2448148148148146,0.0,0.1562666666666667,optimal
2021-02-08 04:00:00,16,6,1.1428571428571428,0.0,0.0,0.06,optimal
2021-02-08 04:30:00,16,6,1.1428571428571428,0.0,0.0,0.06,optimal
2021-02-08 05:00:00,16,6,1.1428571428571428,0.0,0.0,0.06,optimal
2021-02-08 05:30:00,16,6,1.1428571428571428,0.0,1.7829833950611225,0.066,optimal
2021-02-08 06:00:00,16,6,1.1428571428571428,0.0,5.0,0.07,optimal
2021-02-08 06:30:00,16,6,1.1428571428571428,0.0,5.0,0.07,optimal
2021-02-08 07:00:00,16,6,1.1428571428571428,0.0,5.0,0.07,optimal
2021-02-08 07:30:00,16,6,1.1428571428571428,0.0,0.0,0.07,optimal
2021-02-08 08:00:00,16,6,0.7599435317744284,0.0,0.0,0.07,optimal
2021-02-08 08:30:00,16,6,0.7108638284284392,2.012592592592592,0.0,0.2528666666666667,optimal
2021-02-08 09:00:00,16,6,0.5982766447697629,0.3096296296296296,0.0,0.197,optimal
2021-02-08 09:30:00,16,6,0.5920352474077785,1.8577777777777778,0.0,0.197,optimal
2021-02-08 10:00:00,16,6,0.39035130734222423,0.23222222222222222,0.0,0.227,optimal
2021-02-08 10:30:00,16,6,0.34227841898991546,0.0,0.0,0.43510000000000004,optimal
2021-02-08 11:00:00,16,6,0.2725312172559814,0.0,0.0,0.21980000000000002,optimal
2021-02-08 11:30:00,16,6,0.24099568250672873,0.0,0.0,0.209,optimal
2021-02-08 12:00:00,16,6,0.1870793710808709,0.1548148148148148,0.0,0.221,optimal
2021-02-08 12:30:00,16,6,0.2014559206299803,0.0,0.0,0.216,optimal
2021-02-08 13:00:00,16,6,0.2614042140684313,0.0,0.0,0.1359,optimal
2021-02-08 13:30:00,16,6,1.1428571428571428,0.0,0.0,0.2927,optimal
2021-02-08 14:00:00,16,6,1.1428571428571428,0.0,0.0,1.5636666666666668,optimal
2021-02-08 14:30:00,16,6,1.1428571428571428,0.0,0.0,1.5012,optimal
2021-02-08 15:00:00,16,6,1.1428571428571428,0.387037037037037,0.0,0.321,optimal
2021-02-08 15:30:00,16,6,1.1428571428571428,0.387037037037037,0.0,0.3316,optimal
2021-02-08 16:00:00,16,6,0.0,0.46444444444444444,0.0,0.3221,optimal
2021-02-08 16:30:00,16,6,0.0,0.0774074074074074,0.0,0.3833666666666667,optimal
2021-02-08 17:00:00,16,6,0.0,0.1548148148148148,0.0,1.4098666666666666,optimal
2021-02-08 17:30:00,16,6,0.0,0.46444444444444444,0.0,0.5955,optimal
2021-02-08 18:00:00,16,6,0.0,0.3096296296296296,0.0,0.234,optimal
2021-02-08 18:30:00,16,6,0.0,1.006296296296296,0.0,0.212,optimal
2021-02-08 19:00:00,16,6,0.0,0.3096296296296296,0.0,0.2114,optimal
2021-02-08 19:30:00,16,6,0.0,0.0,0.0,0.4116,optimal
2021-02-08 20:00:00,16,6,0.0,0.0,0.0,0.2444,optimal
2021-02-08 20:30:00,16,6,0.0,0.23222222222222222,0.0,0.2571,optimal
2021-02-08 21:00:00,16,6,0.0,0.0,0.0,0.3926,optimal
2021-02-08 21:30:00,16,6,0.0,0.3096296296296296,0.0,1.3523,optimal
2021-02-08 22:00:00,16,6,0.0,2.5544444444444445,0.0,0.372,optimal
2021-02-08 22:30:00,16,6,0.0,0.23222222222222222,0.0,0.36989999999999995,optimal
2021-02-08 23:00:00,16,6,0.0,0.0,0.0,0.258,optimal
2021-02-08 23:30:00,16,6,0.0,0.0,0.0,0.40143333333333325,optimal
2021-02-09 00:00:00,16,6,0.0,2.9445777777777775,0.0,0.048,optimal
2021-02-09 00:30:00,16,6,0.0,3.1706074074074078,0.0,0.06093333333333333,optimal
2021-02-09 01:00:00,16,6,0.0,0.0,0.0,1.2150999999999998,optimal
2021-02-09 01:30:00,16,6,0.23519464101781165,0.0,0.0,0.07233333333333333,optimal
2021-02-09 02:00:00,16,6,1.1428571428571428,0.0,0.0,0.1576,optimal
2021-02-09 02:30:00,16,6,1.1428571428571428,0.0,0.0,0.09659999999999999,optimal
2021-02-09 03:00:00,16,6,1.1428571428571428,0.0,0.0,0.06,optimal
2021-02-09 03:30:00,16,6,1.1428571428571428,0.0,0.0,0.19419999999999998,optimal
2021-02-09 04:00:00,16,6,1.1428571428571428,0.0,0.0,0.06,optimal
2021-02-09 04:30:00,16,6,1.1428571428571428,0.0,0.0,0.06,optimal
2021-02-09 05:00:00,16,6,1.1428571428571428,0.0,0.0,0.19419999999999998,optimal
2021-02-09 05:30:00,16,6,1.1428571428571428,0.0,3.9395016620498855,0.06,optimal
2021-02-09 06:00:00,16,6,1.1428571428571428,2.8640740740740736,5.0,0.08933333333333333,optimal
2021-02-09 06:30:00,16,6,1.1428571428571428,1.548148148148148,5.0,1.0484,optimal
2021-02-09 07:00:00,16,6,1.1428571428571428,0.3096296296296296,0.0,1.318,optimal
2021-02-09 07:30:00,16,6,1.1428571428571428,0.2740222222222222,0.0,0.4776666666666667,optimal
2021-02-09 08:00:00,16,6,0.81059191594629,0.0,0.0,0.19419999999999998,optimal
2021-02-09 08:30:00,16,6,0.8425028995366918,0.0,0.0,0.06,optimal
2021-02-09 09:00:00,16,6,0.7353843131256974,0.0,0.0,0.06,optimal
2021-02-09 09:30:00,16,6,0.6841777088779388,0.0,0.0,0.19419999999999998,optimal
2021-02-09 10:00:00,16,6,0.5373276372926133,0.0,0.0,0.06,optimal
2021-02-09 10:30:00,16,6,0.4917507051813819,0.0,0.0,0.182,optimal
2021-02-09 11:00:00,16,6,0.3516908605129823,0.0,0.0,0.0722,optimal
2021-02-09 11:30:00,16,6,0.3160992836145464,0.035607407407407414,0.0,0.4298666666666667,optimal
2021-02-09 12:00:00,16,6,0.05122710574385481,0.0,0.0,2.3011,optimal
2021-02-09 12:30:00,16,6,0.11044249216609936,0.0,0.0,0.9482,optimal
2021-02-09 13:00:00,16,6,0.12511658410079202,0.0,0.0,0.22893333333333332,optimal
2021-02-09 13:30:00,16,6,0.16001292290399047,0.1548148148148148,0.0,0.0983,optimal
2021-02-09 14:00:00,16,6,1.037597431795412,0.0,0.0,0.4715,optimal
2021-02-09 14:30:00,16,6,1.1428571428571428,0.0,0.0,0.8041,optimal
2021-02-09 15:00:00,16,6,1.1428571428571428,0.0,0.0,1.4473,optimal
2021-02-09 15:30:00,16,6,1.1428571428571428,0.23222222222222222,0.0,1.2764666666666666,optimal
2021-02-09 16:00:00,16,6,0.0,0.1548148148148148,0.0,0.7677333333333334,optimal
2021-02-09 16:30:00,16,6,0.0,0.1548148148148148,0.0,1.614766666666667,optimal
2021-02-09 17:00:00,16,6,0.0,0.3096296296296296,0.0,0.1835,optimal
2021-02-09 17:30:00,16,6,0.0,0.1548148148148148,0.0,0.3024,optimal
2021-02-09 18:00:00,16,6,0.0,0.23222222222222222,0.0,0.4342,optimal
2021-02-09 18:30:00,16,6,0.0,0.0,0.0,0.669,optimal
2021-02-09 19:00:00,16,6,0.0,0.5418518518518518,0.0,1.5158666666666665,optimal
2021-02-09 19:30:00,16,6,0.0,0.0,0.0,1.1733333333333333,optimal
2021-02-09 20:00:00,16,6,0.0,0.46444444444444444,0.0,0.2550666666666666,optimal
2021-02-09 20:30:00,16,6,0.0,0.3096296296296296,0.0,0.6806666666666666,optimal
2021-02-09 21:00:00,16,6,0.0,0.5418518518518518,0.0,0.214,optimal
2021-02-09 21:30:00,16,6,0.0,0.0,0.0,0.3342,optimal
2021-02-09 22:00:00,16,6,0.0,0.0774074074074074,0.0,0.222,optimal
2021-02-09 22:30:00,16,6,0.0,0.0,0.0,0.3257,optimal
2021-02-09 23:00:00,16,6,0.0,0.0774074074074074,0.0,0.2525,optimal
2021-02-09 23:30:00,16,6,0.0,0.0,0.0,0.22,optimal
2021-02-10 00:00:00,16,6,0.0,0.0,0.0,0.23216666666666663,optimal
2021-02-10 00:30:00,16,6,0.0,0.0,0.0,0.065,optimal
2021-02-10 01:00:00,16,6,0.0,0.0,0.0,0.12440000000000001,optimal
2021-02-10 01:30:00,16,6,1.0359194162051175,0.0,0.0,0.065,optimal
2021-02-10 02:00:00,16,6,1.1428571428571428,0.0,0.0,0.0881,optimal
2021-02-10 02:30:00,16,6,1.1428571428571428,0.0,0.0,0.2127666666666667,optimal
2021-02-10 03:00:00,16,6,1.1428571428571428,0.0,0.0,0.065,optimal
2021-02-10 03:30:00,16,6,1.1428571428571428,0.0,0.0,0.15619999999999998,optimal
2021-02-10 04:00:00,16,6,1.1428571428571428,0.0,0.0,0.09846666666666669,optimal
2021-02-10 04:30:00,16,6,1.1428571428571428,0.0,0.0,0.14666666666666667,optimal
2021-02-10 05:00:00,16,6,1.1428571428571428,0.0,0.0,0.1509,optimal
2021-02-10 05:30:00,16,6,1.1428571428571428,0.0,2.6812899621717627,0.1145,optimal
2021-02-10 06:00:00,16,6,1.1428571428571428,0.0,5.0,0.073,optimal
2021-02-10 06:30:00,16,6,1.1428571428571428,0.0,5.0,0.23586666666666667,optimal
2021-02-10 07:00:00,16,6,1.1428571428571428,0.0,5.0,0.065,optimal
2021-02-10 07:30:00,16,6,1.1428571428571428,0.0,0.0,0.065,optimal
2021-02-10 08:00:00,16,6,0.6577520577180102,0.387037037037037,0.0,2.1081333333333334,optimal
2021-02-10 08:30:00,16,6,0.5673609882195009,0.6192592592592592,0.0,1.0698666666666665,optimal
2021-02-10 09:00:00,16,6,0.4071493177487301,0.774074074074074,0.0,2.4911,optimal
2021-02-10 09:30:00,16,6,0.48056777205974927,1.1255037037037035,0.0,0.7746666666666666,optimal
2021-02-10 10:00:00,16,6,0.19219277290669884,0.11301481481481486,0.0,1.8877666666666668,optimal
2021-02-10 10:30:00,16,6,0.19400470887805565,2.631851851851852,0.0,2.705033333333333,optimal
2021-02-10 11:00:00,16,6,0.14904968234766353,0.0,0.0,2.555133333333333,optimal
2021-02-10 11:30:00,16,6,0.14485890950317004,0.0,0.0,0.5464666666666667,optimal
2021-02-10 12:00:00,16,6,0.0,0.3096296296296296,0.0,1.7475666666666667,optimal
2021-02-10 12:30:00,16,6,0.0,0.23222222222222222,0.0,2.6893000000000002,optimal
2021-02-10 13:00:00,16,6,0.0,0.1548148148148148,0.0,2.004933333333333,optimal
2021-02-10 13:30:00,16,6,0.0,0.0,0.0,1.3366333333333333,optimal
2021-02-10 14:00:00,16,6,0.0,0.0,0.0,3.4622333333333333,optimal
2021-02-10 14:30:00,16,6,0.5667472477385307,0.0,0.0,3.7306,optimal
2021-02-10 15:00:00,16,6,1.1428571428571428,0.0,0.0,0.7264666666666667,optimal
2021-02-10 15:30:00,16,6,1.1428571428571428,0.0,0.0,2.4887333333333332,optimal
2021-02-10 16:00:00,16,6,0.0,0.1548148148148148,0.0,0.35860000000000003,optimal
2021-02-10 16:30:00,16,6,0.0,0.3096296296296296,0.0,0.7226333333333333,optimal
2021-02-10 17:00:00,16,6,0.0,0.46444444444444444,0.0,2.396233333333333,optimal
2021-02-10 17:30:00,16,6,0.0,0.0774074074074074,0.0,1.4705666666666666,optimal
2021-02-10 18:00:00,16,6,0.0,0.46444444444444444,0.0,2.3644333333333334,optimal
2021-02-10 18:30:00,16,6,0.0,0.5418518518518518,0.0,1.0012333333333332,optimal
2021-02-10 19:00:00,16,6,0.0,0.1548148148148148,0.0,0.3781333333333333,optimal
2021-02-10 19:30:00,16,6,0.0,0.1548148148148148,0.0,2.5294,optimal
2021-02-10 20:00:00,16,6,0.0,0.0774074074074074,0.0,0.3414333333333333,optimal
2021-02-10 20:30:00,16,6,0.0,0.46444444444444444,0.0,2.624966666666667,optimal
2021-02-10 21:00:00,16,6,0.0,0.0,0.0,2.4154666666666667,optimal
2021-02-10 21:30:00,16,6,0.0,2.1674074074074072,0.0,0.4109,optimal
2021-02-10 22:00:00,16,6,0.0,0.0,0.0,1.4625666666666666,optimal
2021-02-10 22:30:00,16,6,0.0,0.0,0.0,1.2931333333333335,optimal
2021-02-10 23:00:00,16,6,0.0,0.0,0.0,0.075,optimal
2021-02-10 23:30:00,16,6,0.0,0.0,0.0,0.24586666666666668,optimal
2021-02-11 00:00:00,16,6,0.5314883042253107,0.46444444444444444,0.0,0.10313333333333334,optimal
2021-02-11 00:30:00,16,6,1.1428571428571428,0.0774074074074074,0.0,0.0762,optimal
2021-02-11 01:00:00,16,6,1.1428571428571428,0.0,0.0,0.18869999999999998,optimal
2021-02-11 01:30:00,16,6,1.1428571428571428,0.0,0.0,0.1401,optimal
2021-02-11 02:00:00,16,6,1.1428571428571428,0.0,0.0,0.07940000000000001,optimal
2021-02-11 02:30:00,16,6,1.1428571428571428,0.0,0.0,0.086,optimal
2021-02-11 03:00:00,16,6,1.1428571428571428,0.0,0.0,0.1133,optimal
2021-02-11 03:30:00,16,6,1.1428571428571428,0.0,0.0,0.1731,optimal
2021-02-11 04:00:00,16,6,1.1428571428571428,0.0,0.0,0.07940000000000001,optimal
2021-02-11 04:30:00,16,6,1.1428571428571428,0.0,0.0,0.1596,optimal
2021-02-11 05:00:00,16,6,1.1428571428571428,0.0,0.0,0.15319999999999998,optimal
2021-02-11 05:30:00,16,6,1.1428571428571428,0.0,1.8815630653326378,0.1061,optimal
2021-02-11 06:00:00,16,6,1.1428571428571428,0.0,5.0,0.2067,optimal
2021-02-11 06:30:00,16,6,1.1428571428571428,0.1548148148148148,5.0,0.10529999999999999,optimal
2021-02-11 07:00:00,16,6,1.1428571428571428,1.315925925925926,5.0,0.18706666666666663,optimal
2021-02-11 07:30:00,16,6,1.1428571428571428,7.006918518518517,0.0,0.16593333333333335,optimal
2021-02-11 08:00:00,16,6,0.7090350411920862,0.42419259259259273,0.0,0.3290666666666667,optimal
2021-02-11 08:30:00,16,6,0.6386326290302455,0.2740222222222222,0.0,1.4972999999999999,optimal
2021-02-11 09:00:00,16,6,0.7298002122970144,0.5000518518518519,0.0,0.09433333333333331,optimal
2021-02-11 09:30:00,16,6,0.7119257936962289,0.0,0.0,0.2296,optimal
2021-02-11 10:00:00,16,6,0.46429834697892464,0.0,0.0,0.1032,optimal
2021-02-11 10:30:00,16,6,0.4826258411887276,0.0,0.0,0.1291,optimal
2021-02-11 11:00:00,16,6,0.31858243394016844,0.0,0.0,0.2037,optimal
2021-02-11 11:30:00,16,6,0.32662306617789694,0.0,0.0,0.063,optimal
2021-02-11 12:00:00,16,6,0.13053274146328625,0.0,0.0,0.1827,optimal
2021-02-11 12:30:00,16,6,0.11197557511694042,0.0,0.0,0.15009999999999998,optimal
2021-02-11 13:00:00,16,6,1.1428571428571428,0.0,0.0,0.063,optimal
2021-02-11 13:30:00,16,6,1.1428571428571428,0.0,0.0,0.2104,optimal
2021-02-11 14:00:00,16,6,1.1428571428571428,0.0,0.0,0.063,optimal
2021-02-11 14:30:00,16,6,1.1428571428571428,0.0,0.0,0.1901,optimal
2021-02-11 15:00:00,16,6,1.1428571428571428,0.0,0.0,0.3395666666666667,optimal
2021-02-11 15:30:00,16,6,1.1428571428571428,0.1548148148148148,0.0,0.13003333333333333,optimal
2021-02-11 16:00:00,16,6,0.0,6.347407407407409,0.0,0.30893333333333334,optimal
2021-02-11 16:30:00,16,6,0.0,0.23222222222222222,0.0,0.24596666666666667,optimal
2021-02-11 17:00:00,16,6,0.0,0.23222222222222222,0.0,0.23416666666666663,optimal
2021-02-11 17:30:00,16,6,0.0,0.387037037037037,0.0,0.106,optimal
2021-02-11 18:00:00,16,6,0.0,0.5418518518518518,0.0,0.19263333333333332,optimal
2021-02-11 18:30:00,16,6,0.0,0.0,0.0,0.22813333333333333,optimal
2021-02-11 19:00:00,16,6,0.0,0.1548148148148148,0.0,0.3232,optimal
2021-02-11 19:30:00,16,6,0.0,0.0,0.0,0.10873333333333332,optimal
2021-02-11 20:00:00,16,6,0.8263798570238832,0.0,0.0,0.37476666666666664,optimal
2021-02-11 20:30:00,16,6,0.0,0.0774074074074074,0.0,0.198,optimal
2021-02-11 21:00:00,16,6,0.0,0.0,0.0,0.3265,optimal
2021-02-11 21:30:00,16,6,0.0,1.8577777777777778,0.0,0.27746666666666664,optimal
2021-02-11 22:00:00,16,6,0.0,0.0,0.0,0.21316666666666662,optimal
2021-02-11 22:30:00,16,6,0.0,0.0774074074074074,0.0,0.4079666666666666,optimal
2021-02-11 23:00:00,16,6,0.0,0.0,0.0,0.19640000000000002,optimal
2021-02-11 23:30:00,16,6,0.0,0.387037037037037,0.0,0.3775,optimal
2021-02-12 00:00:00,16,6,1.1428571428571428,0.0,0.0,0.048,optimal
2021-02-12 00:30:00,16,6,1.1428571428571428,0.0,0.0,0.10740000000000001,optimal
2021-02-12 01:00:00,16,6,1.1428571428571428,0.0,0.0,0.048,optimal
2021-02-12 01:30:00,16,6,1.1428571428571428,0.0,0.0,0.048,optimal
2021-02-12 02:00:00,16,6,1.1428571428571428,0.0,0.0,0.048,optimal
2021-02-12 02:30:00,16,6,1.1428571428571428,0.0,0.0,0.10740000000000001,optimal
2021-02-12 03:00:00,16,6,1.1428571428571428,0.0,0.0,0.048,optimal
2021-02-12 03:30:00,16,6,1.1428571428571428,0.0,0.0,0.0777,optimal
2021-02-12 04:00:00,16,6,1.1428571428571428,0.0,0.0,0.0777,optimal
2021-02-12 04:30:00,16,6,1.1428571428571428,0.0,4.502573471656858,0.048,optimal
2021-02-12 05:00:00,16,6,1.1428571428571428,0.0,5.0,0.0942,optimal
2021-02-12 05:30:00,16,6,1.1428571428571428,0.0,5.0,0.061200000000000004,optimal
2021-02-12 06:00:00,16,6,1.1428571428571428,0.0,5.0,0.6377333333333334,optimal
2021-02-12 06:30:00,16,6,1.1428571428571428,0.1548148148148148,0.0,0.0665,optimal
2021-02-12 07:00:00,16,6,1.1428571428571428,0.0,0.0,1.517266666666667,optimal
2021-02-12 07:30:00,16,6,1.1428571428571428,6.995312119832954,0.0,0.0559,optimal
2021-02-12 08:00:00,16,6,0.7957366962783743,0.46444444444444444,0.0,0.6455666666666667,optimal
2021-02-12 08:30:00,16,6,0.7797744324435486,0.0774074074074074,0.0,1.1333333333333333,optimal
2021-02-12 09:00:00,16,6,0.6523027465646903,0.0,0.0,1.1864000000000001,optimal
2021-02-12 09:30:00,16,6,0.6122733630334757,0.1548148148148148,0.0,0.046,optimal
2021-02-12 10:00:00,16,6,0.2966145482357768,0.387037037037037,0.0,0.6455666666666667,optimal
2021-02-12 10:30:00,16,6,0.32386764733399664,0.1548148148148148,0.0,0.05433333333333334,optimal
2021-02-12 11:00:00,16,6,0.14015755648484837,0.46444444444444444,0.0,0.0978,optimal
2021-02-12 11:30:00,16,6,0.16318978911022666,0.46444444444444444,0.0,0.5961666666666666,optimal
2021-02-12 12:00:00,16,6,0.010003824811666553,0.1548148148148148,0.0,0.4353333333333333,optimal
2021-02-12 12:30:00,16,6,0.0,0.1548148148148148,0.0,3.4476,optimal
2021-02-12 13:00:00,16,6,0.30841583297035713,0.0,0.0,1.3046666666666666,optimal
2021-02-12 13:30:00,16,6,1.1428571428571428,0.3096296296296296,0.0,0.6321,optimal
2021-02-12 14:00:00,16,6,1.1428571428571428,0.6966666666666667,0.0,0.9384666666666668,optimal
2021-02-12 14:30:00,16,6,1.1428571428571428,0.0,0.0,0.6022666666666666,optimal
2021-02-12 15:00:00,16,6,1.1428571428571428,0.0,0.0,0.06459999999999999,optimal
2021-02-12 15:30:00,16,6,1.1428571428571428,0.0,0.0,0.058,optimal
2021-02-12 16:00:00,16,6,0.0,0.0,0.0,0.1115,optimal
2021-02-12 16:30:00,16,6,0.0,0.46444444444444444,0.0,1.8757333333333328,optimal
2021-02-12 17:00:00,16,6,0.0,0.0,0.0,0.2306,optimal
2021-02-12 17:30:00,16,6,0.0,0.0,0.0,0.4362,optimal
2021-02-12 18:00:00,16,6,0.0,0.3096296296296296,0.0,0.7669666666666667,optimal
2021-02-12 18:30:00,16,6,0.0,0.0,0.0,1.2826666666666668,optimal
2021-02-12 19:00:00,16,6,0.0,0.0774074074074074,0.0,0.2405,optimal
2021-02-12 19:30:00,16,6,0.0,0.0,0.0,1.0620666666666667,optimal
2021-02-12 20:00:00,16,6,0.0,0.0,0.0,0.24026666666666668,optimal
2021-02-12 20:30:00,16,6,0.0,0.1548148148148148,0.0,1.2307000000000001,optimal
2021-02-12 21:00:00,16,6,0.0,0.1548148148148148,0.0,0.7406,optimal
2021-02-12 21:30:00,16,6,0.0,0.0,0.0,1.1361333333333334,optimal
2021-02-12 22:00:00,16,6,0.0,0.0,0.0,0.7193999999999999,optimal
2021-02-12 22:30:00,16,6,0.0,0.0,0.0,0.6571333333333333,optimal
2021-02-12 23:00:00,16,6,0.0,0.0,0.0,0.1174,optimal
2021-02-12 23:30:00,16,6,0.0,0.0,0.0,0.055666666666666656,optimal
2021-02-13 00:00:00,16,6,0.0,0.0,0.0,0.059,optimal
2021-02-13 00:30:00,16,6,0.0,0.0,0.0,0.059,optimal
2021-02-13 01:00:00,16,6,0.6291801947334869,0.0,0.0,0.059,optimal
2021-02-13 01:30:00,16,6,1.1428571428571428,0.0,0.0,0.059,optimal
2021-02-13 02:00:00,16,6,1.1428571428571428,0.0,0.0,0.059,optimal
2021-02-13 02:30:00,16,6,1.1428571428571428,0.0,0.0,0.07753333333333333,optimal
2021-02-13 03:00:00,16,6,1.1428571428571428,0.0,0.0,0.9489,optimal
2021-02-13 03:30:00,16,6,1.1428571428571428,0.0,0.0,0.06633333333333333,optimal
2021-02-13 04:00:00,16,6,1.1428571428571428,0.0,0.0,0.059,optimal
2021-02-13 04:30:00,16,6,1.1428571428571428,0.0,0.0,0.059,optimal
2021-02-13 05:00:00,16,6,1.1428571428571428,0.0,1.409119484635644,0.065,optimal
2021-02-13 05:30:00,16,6,1.1428571428571428,2.5544444444444445,5.0,0.9817,optimal
2021-02-13 06:00:00,16,6,1.1428571428571428,6.579629629629632,0.0,0.10086666666666666,optimal
2021-02-13 06:30:00,16,6,1.1428571428571428,2.1674074074074072,0.0,0.9599,optimal
2021-02-13 07:00:00,16,6,1.1428571428571428,0.387037037037037,0.0,0.4898666666666667,optimal
2021-02-13 07:30:00,16,6,1.1428571428571428,0.0,0.0,0.069,optimal
2021-02-13 08:00:00,16,6,0.8904578513565342,0.0,0.0,0.069,optimal
2021-02-13 08:30:00,16,6,0.8883138935057142,0.0,0.0,0.069,optimal
2021-02-13 09:00:00,16,6,0.7816106569171865,0.0,0.0,0.069,optimal
2021-02-13 09:30:00,16,6,0.7708908676630981,0.0,0.0,0.069,optimal
2021-02-13 10:00:00,16,6,0.47136638130030845,0.23222222222222222,0.0,0.16566666666666666,optimal
2021-02-13 10:30:00,16,6,0.13901670916377476,0.0,0.0,1.6379333333333335,optimal
2021-02-13 11:00:00,16,6,0.19045133669467224,0.0,0.0,0.3851333333333333,optimal
2021-02-13 11:30:00,16,6,0.14263309312957376,0.3096296296296296,0.0,1.4836333333333334,optimal
2021-02-13 12:00:00,16,6,0.08417649546071287,0.0,0.0,0.8462999999999999,optimal
2021-02-13 12:30:00,16,6,0.08487334166384214,0.23222222222222222,0.0,0.5965333333333332,optimal
2021-02-13 13:00:00,16,6,0.1442858149284579,0.0,0.0,0.31060000000000004,optimal
2021-02-13 13:30:00,16,6,1.1428571428571428,0.0,0.0,0.46403333333333335,optimal
2021-02-13 14:00:00,16,6,1.1428571428571428,0.1548148148148148,0.0,0.215,optimal
2021-02-13 14:30:00,16,6,1.1428571428571428,0.0,0.0,0.215,optimal
2021-02-13 15:00:00,16,6,1.1428571428571428,0.0,0.0,0.15246666666666667,optimal
2021-02-13 15:30:00,16,6,1.1428571428571428,0.0,0.0,0.1118,optimal
2021-02-13 16:00:00,16,6,0.0,0.0,0.0,1.7288,optimal
2021-02-13 16:30:00,16,6,0.0,0.0,0.0,0.3561666666666667,optimal
2021-02-13 17:00:00,16,6,0.0,1.1611111111111108,0.0,0.36873333333333336,optimal
2021-02-13 17:30:00,16,6,0.0,0.0,0.0,0.4168,optimal
2021-02-13 18:00:00,16,6,0.0,0.1548148148148148,0.0,1.0962333333333332,optimal
2021-02-13 18:30:00,16,6,0.0,1.3933333333333333,0.0,1.3858,optimal
2021-02-13 19:00:00,16,6,0.0,0.3096296296296296,0.0,0.42810000000000004,optimal
2021-02-13 19:30:00,16,6,0.0,0.0774074074074074,0.0,0.4710666666666667,optimal
2021-02-13 20:00:00,16,6,0.0,0.1548148148148148,0.0,0.5330666666666667,optimal
2021-02-13 20:30:00,16,6,0.0,0.387037037037037,0.0,0.4608,optimal
2021-02-13 21:00:00,16,6,0.0,0.0,0.0,0.3536333333333333,optimal
2021-02-13 21:30:00,16,6,0.0,0.3096296296296296,0.0,0.4241333333333333,optimal
2021-02-13 22:00:00,16,6,0.0,0.46444444444444444,0.0,0.5915333333333334,optimal
2021-02-13 22:30:00,16,6,0.0,0.3096296296296296,0.0,0.6038333333333333,optimal
2021-02-13 23:00:00,16,6,0.0,5.65074074074074,0.0,0.6243333333333334,optimal
2021-02-13 23:30:00,16,6,0.0,0.23222222222222222,0.0,0.5491,optimal
2021-02-07 00:00:00,17,6,0.0,0.0,0.0,0.09673333333333332,optimal
2021-02-07 00:30:00,17,6,0.0,0.0,0.0,0.08446666666666666,optimal
2021-02-07 01:00:00,17,6,0.0,0.0,0.0,0.15990000000000001,optimal
2021-02-07 01:30:00,17,6,0.0,0.0,0.0,0.12329999999999999,optimal
2021-02-07 02:00:00,17,6,0.0,0.0,0.0,0.063,optimal
2021-02-07 02:30:00,17,6,0.0,0.0,0.0,0.1692,optimal
2021-02-07 03:00:00,17,6,0.0,0.0,0.0,0.114,optimal
2021-02-07 03:30:00,17,6,0.0,0.0,0.0,0.1182,optimal
2021-02-07 04:00:00,17,6,1.1428571428571428,0.0,0.0,0.063,optimal
2021-02-07 04:30:00,17,6,1.1428571428571428,0.0,0.0,0.1408,optimal
2021-02-07 05:00:00,17,6,1.1428571428571428,0.0,0.0,0.14973333333333333,optimal
2021-02-07 05:30:00,17,6,1.1428571428571428,0.0,0.0,0.10593333333333334,optimal
2021-02-07 06:00:00,17,6,1.1428571428571428,0.0,0.0,0.07526666666666666,optimal
2021-02-07 06:30:00,17,6,1.1428571428571428,0.0,0.0,0.165,optimal
2021-02-07 07:00:00,17,6,1.1428571428571428,0.0,1.7076336144509696,0.061666666666666654,optimal
2021-02-07 07:30:00,17,6,0.0,0.3096296296296296,0.0,0.22383333333333327,optimal
2021-02-07 08:00:00,17,6,0.0,0.774074074074074,0.0,0.074,optimal
2021-02-07 08:30:00,17,6,0.42579842561919423,0.3096296296296296,0.0,0.3680333333333334,optimal
2021-02-07 09:00:00,17,6,0.6912967765325075,0.0,0.0,0.16656666666666667,optimal
2021-02-07 09:30:00,17,6,0.7010671043959729,0.0,0.0,0.1222,optimal
2021-02-07 10:00:00,17,6,0.6411158234122685,0.0,0.0,0.063,optimal
2021-02-07 10:30:00,17,6,0.616260881971036,0.0,0.0,0.165,optimal
2021-02-07 11:00:00,17,6,0.47229360584896385,0.0,0.0,0.22426666666666667,optimal
2021-02-07 11:30:00,17,6,0.43036979632515693,0.6192592592592592,0.0,0.19533333333333328,optimal
2021-02-07 12:00:00,17,6,0.3703998934395917,0.5418518518518518,0.0,0.18136666666666668,optimal
2021-02-07 12:30:00,17,6,0.6531198451262498,0.3096296296296296,0.0,0.1432,optimal
2021-02-07 13:00:00,17,6,1.1428571428571428,0.0774074074074074,0.0,1.4062999999999999,optimal
2021-02-07 13:30:00,17,6,1.1428571428571428,0.0,0.0,0.0985,optimal
2021-02-07 14:00:00,17,6,1.1428571428571428,0.0,0.0,0.10673333333333332,optimal
2021-02-07 14:30:00,17,6,1.1428571428571428,0.0,0.0,0.19646666666666668,optimal
2021-02-07 15:00:00,17,6,1.1428571428571428,0.0,0.0,0.073,optimal
2021-02-07 15:30:00,17,6,1.1428571428571428,0.0,0.0,0.073,optimal
2021-02-07 16:00:00,17,6,0.0,0.0,0.0,0.175,optimal
2021-02-07 16:30:00,17,6,0.0,0.0,0.0,0.12819999999999998,optimal
2021-02-07 17:00:00,17,6,0.0,0.0,0.0,0.1087,optimal
2021-02-07 17:30:00,17,6,0.0,0.46444444444444444,0.0,0.3046333333333333,optimal
2021-02-07 18:00:00,17,6,0.0,0.774074074074074,0.0,0.26439999999999997,optimal
2021-02-07 18:30:00,17,6,0.0,1.6255555555555554,0.0,0.29419999999999996,optimal
2021-02-07 19:00:00,17,6,0.0,0.387037037037037,0.0,0.3496,optimal
2021-02-07 19:30:00,17,6,0.43238000197072507,0.5418518518518518,0.0,0.4977,optimal
2021-02-07 20:00:00,17,6,0.5121266686373857,0.3096296296296296,0.0,0.2814,optimal
2021-02-07 20:30:00,17,6,0.0,0.0,0.0,0.3140333333333334,optimal
2021-02-07 21:00:00,17,6,0.0,0.0,0.0,0.3718666666666667,optimal
2021-02-07 21:30:00,17,6,0.0,0.387037037037037,0.0,0.4309666666666666,optimal
2021-02-07 22:00:00,17,6,0.0,0.23222222222222222,0.0,0.4711666666666667,optimal
2021-02-07 22:30:00,17,6,0.0,0.5418518518518518,0.0,0.194,optimal
2021-02-07 23:00:00,17,6,0.0,0.0774074074074074,0.0,0.209,optimal
2021-02-07 23:30:00,17,6,0.0,0.23222222222222222,0.0,0.3726666666666667,optimal
2021-02-08 00:00:00,17,6,0.0,0.0,0.0,0.1354,optimal
2021-02-08 00:30:00,17,6,0.0,0.0,0.0,0.122,optimal
2021-02-08 01:00:00,17,6,0.0,0.0,0.0,0.06406666666666666,optimal
2021-02-08 01:30:00,17,6,0.0,0.0,0.0,0.284,optimal
2021-02-08 02:00:00,17,6,0.8270710121176704,0.0,0.0,0.055,optimal
2021-02-08 02:30:00,17,6,1.1428571428571428,0.0,0.0,0.055,optimal
2021-02-08 03:00:00,17,6,1.1428571428571428,0.0,0.0,0.2796666666666667,optimal
2021-02-08 03:30:00,17,6,1.1428571428571428,0.0,0.0,0.0684,optimal
2021-02-08 04:00:00,17,6,1.1428571428571428,0.0,0.0,0.19236666666666669,optimal
2021-02-08 04:30:00,17,6,1.1428571428571428,0.0,0.0,0.15569999999999998,optimal
2021-02-08 05:00:00,17,6,1.1428571428571428,0.0,0.0,0.11393333333333333,optimal
2021-02-08 05:30:00,17,6,1.1428571428571428,0.0,0.0,0.08673333333333333,optimal
2021-02-08 06:00:00,17,6,1.1428571428571428,0.3096296296296296,3.9037542861360546,0.7760666666666667,optimal
2021-02-08 06:30:00,17,6,1.1428571428571428,0.1548148148148148,5.0,1.4316333333333335,optimal
2021-02-08 07:00:00,17,6,1.1428571428571428,1.3933333333333333,5.0,0.6575666666666667,optimal
2021-02-08 07:30:00,17,6,1.1428571428571428,0.0,0.0,0.14306666666666668,optimal
2021-02-08 08:00:00,17,6,0.8073721032030011,0.0,0.0,0.0717,optimal
2021-02-08 08:30:00,17,6,0.7474695427141618,0.0,0.0,0.29636666666666667,optimal
2021-02-08 09:00:00,17,6,0.7210480733411859,0.0,0.0,0.065,optimal
2021-02-08 09:30:00,17,6,0.6600542950268353,0.0,0.0,0.2559666666666667,optimal
2021-02-08 10:00:00,17,6,0.5417608311517463,0.0,0.0,0.11209999999999999,optimal
2021-02-08 10:30:00,17,6,0.5616498475613377,0.0,0.0,0.065,optimal
2021-02-08 11:00:00,17,6,0.37060740773217293,0.0,0.0,0.1259,optimal
2021-02-08 11:30:00,17,6,0.33310044441148556,0.0,0.0,0.24216666666666664,optimal
2021-02-08 12:00:00,17,6,0.32327937108087607,0.0,0.0,0.065,optimal
2021-02-08 12:30:00,17,6,0.31081782539188507,0.0,0.0,0.07859999999999999,optimal
2021-02-08 13:00:00,17,6,1.1428571428571428,0.0,0.0,0.28946666666666665,optimal
2021-02-08 13:30:00,17,6,1.1428571428571428,0.0,0.0,0.065,optimal
2021-02-08 14:00:00,17,6,1.1428571428571428,0.0,0.0,0.15566666666666665,optimal
2021-02-08 14:30:00,17,6,1.1428571428571428,0.0,0.0,0.2124,optimal
2021-02-08 15:00:00,17,6,1.1428571428571428,0.3096296296296296,0.0,0.063,optimal
2021-02-08 15:30:00,17,6,1.1428571428571428,0.0,0.0,0.37576666666666664,optimal
2021-02-08 16:00:00,17,6,0.0,0.3096296296296296,0.0,0.2632,optimal
2021-02-08 16:30:00,17,6,0.0,0.1548148148148148,0.0,0.3547,optimal
2021-02-08 17:00:00,17,6,0.0,0.387037037037037,0.0,0.26916666666666667,optimal
2021-02-08 17:30:00,17,6,0.0,0.1548148148148148,0.0,0.3033666666666667,optimal
2021-02-08 18:00:00,17,6,0.0,3.0188888888888883,0.0,0.4234,optimal
2021-02-08 18:30:00,17,6,0.0,0.23222222222222222,0.0,0.29896666666666666,optimal
2021-02-08 19:00:00,17,6,0.0,0.3096296296296296,0.0,0.9668666666666668,optimal
2021-02-08 19:30:00,17,6,0.2555442887548947,0.0,0.0,1.1584333333333334,optimal
2021-02-08 20:00:00,17,6,0.7210051075079085,0.0,0.0,0.249,optimal
2021-02-08 20:30:00,17,6,0.0,0.0,0.0,0.41956666666666664,optimal
2021-02-08 21:00:00,17,6,0.0,0.0,0.0,0.41123333333333334,optimal
2021-02-08 21:30:00,17,6,0.0,0.0,0.0,0.4696666666666667,optimal
2021-02-08 22:00:00,17,6,0.0,0.0774074074074074,0.0,0.4380333333333334,optimal
2021-02-08 22:30:00,17,6,0.0,0.0,0.0,0.1253,optimal
2021-02-08 23:00:00,17,6,0.0,0.0,0.0,0.07406666666666667,optimal
2021-02-08 23:30:00,17,6,0.0,0.0,0.0,0.291,optimal
2021-02-09 00:00:00,17,6,0.0,0.0,0.0,0.065,optimal
2021-02-09 00:30:00,17,6,0.21947904195227494,0.0,0.0,0.065,optimal
2021-02-09 01:00:00,17,6,1.1428571428571428,0.0,0.0,0.065,optimal
2021-02-09 01:30:00,17,6,1.1428571428571428,0.0,0.0,0.065,optimal
2021-02-09 02:00:00,17,6,1.1428571428571428,0.0,0.0,0.065,optimal
2021-02-09 02:30:00,17,6,1.1428571428571428,0.0,0.0,0.065,optimal
2021-02-09 03:00:00,17,6,1.1428571428571428,0.0,0.0,0.065,optimal
2021-02-09 03:30:00,17,6,1.1428571428571428,0.0,0.0,0.065,optimal
2021-02-09 04:00:00,17,6,1.1428571428571428,0.0,0.0,0.065,optimal
2021-02-09 04:30:00,17,6,1.1428571428571428,0.0,0.0,0.065,optimal
2021-02-09 05:00:00,17,6,1.1428571428571428,0.0,0.0,0.065,optimal
2021-02-09 05:30:00,17,6,1.1428571428571428,0.0,0.0,0.065,optimal
2021-02-09 06:00:00,17,6,1.1428571428571428,0.0,0.0,0.065,optimal
2021-02-09 06:30:00,17,6,1.1428571428571428,0.0,0.0,0.065,optimal
2021-02-09 07:00:00,17,6,1.1428571428571428,0.0,0.0,0.065,optimal
2021-02-09 07:30:00,17,6,1.1428571428571428,0.0,0.0,0.065,optimal
2021-02-09 08:00:00,17,6,0.7972204873748645,0.0,0.0,0.06666666666666667,optimal
2021-02-09 08:30:00,17,6,0.7755790900128876,0.0,0.0,0.07323333333333333,optimal
2021-02-09 09:00:00,17,6,0.5874319321733218,2.012592592592592,0.0,0.2093333333333333,optimal
2021-02-09 09:30:00,17,6,0.5843300898303211,0.0,0.0,0.21,optimal
2021-02-09 10:00:00,17,6,0.39672763729261523,0.0,0.0,0.2181,optimal
2021-02-09 10:30:00,17,6,0.2708459432766223,0.46444444444444444,0.0,0.6231666666666666,optimal
2021-02-09 11:00:00,17,6,0.10688133670345476,2.39962962962963,0.0,0.5863666666666667,optimal
2021-02-09 11:30:00,17,6,0.2009564264716826,0.1548148148148148,0.0,0.26026666666666665,optimal
2021-02-09 12:00:00,17,6,0.08431758193432584,0.1548148148148148,0.0,0.2176,optimal
2021-02-09 12:30:00,17,6,0.05107106359466876,0.0,0.0,0.516,optimal
2021-02-09 13:00:00,17,6,0.0,0.46444444444444444,0.0,1.4744000000000002,optimal
2021-02-09 13:30:00,17,6,0.0,0.3096296296296296,2.250808091483745,1.1714333333333333,optimal
2021-02-09 14:00:00,17,6,0.33506044175669825,0.0,5.0,1.0404,optimal
2021-02-09 14:30:00,17,6,1.1428571428571428,0.0,5.0,0.5138666666666667,optimal
2021-02-09 15:00:00,17,6,1.1428571428571428,0.0,5.0,0.2434333333333333,optimal
2021-02-09 15:30:00,17,6,1.1428571428571428,0.1548148148148148,5.0,0.2712,optimal
2021-02-09 16:00:00,17,6,0.0,0.46444444444444444,0.0,0.5088333333333334,optimal
2021-02-09 16:30:00,17,6,0.0,0.23222222222222222,0.0,0.308,optimal
2021-02-09 17:00:00,17,6,0.0,0.3096296296296296,0.0,1.0589333333333335,optimal
2021-02-09 17:30:00,17,6,0.0,0.0774074074074074,0.0,1.4896666666666667,optimal
2021-02-09 18:00:00,17,6,0.0,0.1548148148148148,0.0,0.6352000000000001,optimal
2021-02-09 18:30:00,17,6,0.0,0.3096296296296296,0.0,0.8716,optimal
2021-02-09 19:00:00,17,6,0.0,0.0,0.0,1.8375333333333332,optimal
2021-02-09 19:30:00,17,6,0.0,1.1038296296296297,0.0,0.4501,optimal
2021-02-09 20:00:00,17,6,0.0,1.6054296296296298,0.0,0.44739999999999996,optimal
2021-02-09 20:30:00,17,6,0.0,0.0,0.0,3.4621,optimal
2021-02-09 21:00:00,17,6,0.0,2.3051925925925927,0.0,6.062433333333334,optimal
2021-02-09 21:30:00,17,6,0.0,3.4229555555555558,0.0,1.6961,optimal
2021-02-09 22:00:00,17,6,0.0,0.1548148148148148,0.0,0.365,optimal
2021-02-09 22:30:00,17,6,0.0,0.1548148148148148,0.0,0.16916666666666666,optimal
2021-02-09 23:00:00,17,6,0.0,0.0,0.0,0.075,optimal
2021-02-09 23:30:00,17,6,0.0,0.0,0.0,0.075,optimal
2021-02-10 00:00:00,17,6,0.0,0.0,0.0,0.053,optimal
2021-02-10 00:30:00,17,6,0.0,0.0,0.0,0.09733333333333331,optimal
2021-02-10 01:00:00,17,6,0.0,0.0,0.0,0.148,optimal
2021-02-10 01:30:00,17,6,0.6456457469290491,0.0,0.0,0.053,optimal
2021-02-10 02:00:00,17,6,1.1428571428571428,0.0,0.0,0.19233333333333327,optimal
2021-02-10 02:30:00,17,6,1.1428571428571428,0.0,0.0,0.053,optimal
2021-02-10 03:00:00,17,6,1.1428571428571428,0.0,0.0,0.053,optimal
2021-02-10 03:30:00,17,6,1.1428571428571428,0.0,0.0,0.19233333333333327,optimal
2021-02-10 04:00:00,17,6,1.1428571428571428,0.0,0.0,0.053,optimal
2021-02-10 04:30:00,17,6,1.1428571428571428,0.0,0.0,0.053,optimal
2021-02-10 05:00:00,17,6,1.1428571428571428,0.0,0.0,0.19233333333333327,optimal
2021-02-10 05:30:00,17,6,1.1428571428571428,0.0,0.0,0.053,optimal
2021-02-10 06:00:00,17,6,1.1428571428571428,0.0,4.261391722787021,0.053,optimal
2021-02-10 06:30:00,17,6,1.1428571428571428,0.0,5.0,0.053,optimal
2021-02-10 07:00:00,17,6,1.1428571428571428,0.0,5.0,0.053,optimal
2021-02-10 07:30:00,17,6,1.1428571428571428,0.774074074074074,0.0,0.191,optimal
2021-02-10 08:00:00,17,6,0.6610358672418127,0.387037037037037,0.0,0.051,optimal
2021-02-10 08:30:00,17,6,0.6684600358385482,0.0,0.0,0.15233333333333335,optimal
2021-02-10 09:00:00,17,6,0.6204369367963479,0.1548148148148148,0.0,0.15033333333333335,optimal
2021-02-10 09:30:00,17,6,0.7252896768216506,0.0,0.0,0.053,optimal
2021-02-10 10:00:00,17,6,0.4948937252876472,0.0,0.0,0.19233333333333327,optimal
2021-02-10 10:30:00,17,6,0.528271375544721,0.0,0.0,0.053,optimal
2021-02-10 11:00:00,17,6,0.36521920615719494,0.0,0.0,0.16066666666666665,optimal
2021-02-10 11:30:00,17,6,0.3826455761698408,0.0,0.0,0.08466666666666667,optimal
2021-02-10 12:00:00,17,6,0.2247575125904854,0.0,0.0,0.053,optimal
2021-02-10 12:30:00,17,6,0.2247575125904854,0.0,0.0,0.053,optimal
2021-02-10 13:00:00,17,6,0.3437690047497849,0.0,0.0,0.17966666666666667,optimal
2021-02-10 13:30:00,17,6,1.1428571428571428,0.0,0.0,0.06566666666666666,optimal
2021-02-10 14:00:00,17,6,1.1428571428571428,0.0,0.0,0.053,optimal
2021-02-10 14:30:00,17,6,1.1428571428571428,0.0,0.0,0.19233333333333327,optimal
2021-02-10 15:00:00,17,6,1.1428571428571428,0.0,0.0,0.054666666666666655,optimal
2021-02-10 15:30:00,17,6,1.1428571428571428,0.0,0.0,0.17233333333333334,optimal
2021-02-10 16:00:00,17,6,0.0,1.006296296296296,0.0,0.2432666666666667,optimal
2021-02-10 16:30:00,17,6,0.0,0.5418518518518518,0.0,0.2859,optimal
2021-02-10 17:00:00,17,6,0.0,3.9477777777777776,0.0,2.4865333333333335,optimal
2021-02-10 17:30:00,17,6,0.0,0.23222222222222222,0.0,2.297766666666667,optimal
2021-02-10 18:00:00,17,6,0.0,0.6966666666666667,0.0,1.1291,optimal
2021-02-10 18:30:00,17,6,0.0,0.23222222222222222,0.0,1.5181333333333333,optimal
2021-02-10 19:00:00,17,6,0.0,0.1548148148148148,0.0,0.17266666666666666,optimal
2021-02-10 19:30:00,17,6,0.0,0.0,0.0,1.6952333333333331,optimal
2021-02-10 20:00:00,17,6,0.0,0.0,0.0,0.9210666666666668,optimal
2021-02-10 20:30:00,17,6,0.0,0.0,0.0,0.3747,optimal
2021-02-10 21:00:00,17,6,0.0,0.0,0.0,0.18006666666666665,optimal
2021-02-10 21:30:00,17,6,0.0,0.0,0.0,0.33453333333333335,optimal
2021-02-10 22:00:00,17,6,0.0,0.23222222222222222,0.0,0.122,optimal
2021-02-10 22:30:00,17,6,0.0,0.0,0.0,2.234366666666667,optimal
2021-02-10 23:00:00,17,6,0.0,0.0,0.0,1.4000333333333332,optimal
2021-02-10 23:30:00,17,6,0.0,0.0774074074074074,0.0,1.1215333333333333,optimal
2021-02-11 00:00:00,17,6,0.3514865500544023,0.0,0.0,0.054,optimal
2021-02-11 00:30:00,17,6,1.1428571428571428,0.0,0.0,0.054,optimal
2021-02-11 01:00:00,17,6,1.1428571428571428,0.0,0.0,0.06443333333333334,optimal
2021-02-11 01:30:00,17,6,1.1428571428571428,0.0,0.0,0.1095,optimal
2021-02-11 02:00:00,17,6,1.1428571428571428,0.0,0.0,0.15769999999999998,optimal
2021-02-11 02:30:00,17,6,1.1428571428571428,0.0,0.0,0.13056666666666666,optimal
2021-02-11 03:00:00,17,6,1.1428571428571428,0.0,0.0,0.08453333333333334,optimal
2021-02-11 03:30:00,17,6,1.1428571428571428,0.0,0.0,0.06620000000000001,optimal
2021-02-11 04:00:00,17,6,1.1428571428571428,0.0,0.0,0.176,optimal
2021-02-11 04:30:00,17,6,1.1428571428571428,0.0,0.0,0.054,optimal
2021-02-11 05:00:00,17,6,1.1428571428571428,0.0,0.4090569794120382,0.176,optimal
2021-02-11 05:30:00,17,6,1.1428571428571428,0.0,5.0,0.06620000000000001,optimal
2021-02-11 06:00:00,17,6,1.1428571428571428,0.0,5.0,0.054,optimal
2021-02-11 06:30:00,17,6,1.1428571428571428,0.0,5.0,0.1616,optimal
2021-02-11 07:00:00,17,6,1.1428571428571428,0.6192592592592592,5.0,0.16276666666666667,optimal
2021-02-11 07:30:00,17,6,1.1428571428571428,0.5418518518518518,0.0,0.30119999999999997,optimal
2021-02-11 08:00:00,17,6,0.7404007554777956,1.9351851851851851,0.0,0.13933333333333334,optimal
2021-02-11 08:30:00,17,6,0.7318040576016825,0.0774074074074074,0.0,0.30660000000000004,optimal
2021-02-11 09:00:00,17,6,0.6551335456303494,0.23222222222222222,0.0,0.21906666666666663,optimal
2021-02-11 09:30:00,17,6,0.5666210317914606,0.1548148148148148,0.0,0.31289999999999996,optimal
2021-02-11 10:00:00,17,6,0.3523840612646388,0.0,0.0,0.1023,optimal
2021-02-11 10:30:00,17,6,0.27174965071253704,0.0774074074074074,0.0,0.47856666666666664,optimal
2021-02-11 11:00:00,17,6,0.27184910060683304,0.0,0.0,0.17066666666666666,optimal
2021-02-11 11:30:00,17,6,0.19147258998741676,0.0,0.0,0.5005333333333334,optimal
2021-02-11 12:00:00,17,6,0.15758988432042317,0.0,0.0,0.0884,optimal
2021-02-11 12:30:00,17,6,0.13668986083122414,0.0,0.0,0.064,optimal
2021-02-11 13:00:00,17,6,1.1428571428571428,0.0,0.0,0.1982,optimal
2021-02-11 13:30:00,17,6,1.1428571428571428,0.0,0.0,0.1047,optimal
2021-02-11 14:00:00,17,6,1.1428571428571428,0.0,0.0,0.08990000000000001,optimal
2021-02-11 14:30:00,17,6,1.1428571428571428,0.0,0.0,0.064,optimal
2021-02-11 15:00:00,17,6,1.1428571428571428,0.5418518518518518,0.0,0.9065333333333332,optimal
2021-02-11 15:30:00,17,6,1.1428571428571428,0.1548148148148148,0.0,1.4423666666666666,optimal
2021-02-11 16:00:00,17,6,0.0,0.6192592592592592,0.0,0.5548,optimal
2021-02-11 16:30:00,17,6,0.0,0.0,0.0,0.44453333333333334,optimal
2021-02-11 17:00:00,17,6,0.0,0.1548148148148148,0.0,0.4261666666666667,optimal
2021-02-11 17:30:00,17,6,0.0,0.1548148148148148,0.0,0.5332,optimal
2021-02-11 18:00:00,17,6,0.0,0.0774074074074074,0.0,0.5893999999999999,optimal
2021-02-11 18:30:00,17,6,0.0,0.1548148148148148,0.0,0.3758666666666667,optimal
2021-02-11 19:00:00,17,6,0.0,0.23222222222222222,0.0,0.21530000000000002,optimal
2021-02-11 19:30:00,17,6,0.0,0.3096296296296296,0.0,0.5196333333333333,optimal
2021-02-11 20:00:00,17,6,0.5154011513378679,0.0,0.0,0.2514333333333333,optimal
2021-02-11 20:30:00,17,6,0.0,0.0,0.0,0.4903333333333333,optimal
2021-02-11 21:00:00,17,6,0.0,0.23222222222222222,0.0,0.39326666666666665,optimal
2021-02-11 21:30:00,17,6,0.0,0.0,0.0,0.3305,optimal
2021-02-11 22:00:00,17,6,0.0,0.0,0.0,1.4784000000000002,optimal
2021-02-11 22:30:00,17,6,0.0,0.0,0.0,1.6158,optimal
2021-02-11 23:00:00,17,6,0.0,0.0,0.0,0.4582,optimal
2021-02-11 23:30:00,17,6,0.0,0.387037037037037,0.0,0.40523333333333333,optimal
2021-02-12 00:00:00,17,6,1.1428571428571428,0.0,0.0,0.062,optimal
2021-02-12 00:30:00,17,6,1.1428571428571428,0.0,0.0,0.163,optimal
2021-02-12 01:00:00,17,6,1.1428571428571428,0.0,0.0,0.10913333333333335,optimal
2021-02-12 01:30:00,17,6,1.1428571428571428,0.0,0.0,0.062,optimal
2021-02-12 02:00:00,17,6,1.1428571428571428,0.0,0.0,0.18993333333333332,optimal
2021-02-12 02:30:00,17,6,1.1428571428571428,0.0,0.0,0.08220000000000001,optimal
2021-02-12 03:00:00,17,6,1.1428571428571428,0.0,0.0,0.09566666666666669,optimal
2021-02-12 03:30:00,17,6,1.1428571428571428,0.0,1.160731232180551,0.17646666666666666,optimal
2021-02-12 04:00:00,17,6,1.1428571428571428,0.0,5.0,0.062,optimal
2021-02-12 04:30:00,17,6,1.1428571428571428,0.0,5.0,0.21013333333333334,optimal
2021-02-12 05:00:00,17,6,1.1428571428571428,0.0,5.0,0.06433333333333333,optimal
2021-02-12 05:30:00,17,6,1.1428571428571428,0.0,5.0,0.09726666666666668,optimal
2021-02-12 06:00:00,17,6,1.1428571428571428,6.6570370370370355,5.0,0.41163333333333335,optimal
2021-02-12 06:30:00,17,6,1.1428571428571428,0.0,0.0,0.07,optimal
2021-02-12 07:00:00,17,6,1.1428571428571428,0.6192592592592592,0.0,0.41133333333333333,optimal
2021-02-12 07:30:00,17,6,1.1428571428571428,4.140705936774098,0.0,0.09,optimal
2021-02-12 08:00:00,17,6,0.735084315325993,0.387037037037037,0.0,0.3011666666666667,optimal
2021-02-12 08:30:00,17,6,0.7129934800625952,0.1548148148148148,0.0,0.19666666666666663,optimal
2021-02-12 09:00:00,17,6,0.5937598894218393,0.0,0.0,0.105,optimal
2021-02-12 09:30:00,17,6,0.5099495535096624,0.0,0.0,0.0945,optimal
2021-02-12 10:00:00,17,6,0.10718121490244484,0.0,0.0,0.5656,optimal
2021-02-12 10:30:00,17,6,0.2668962187625643,0.0,0.0,0.07673333333333333,optimal
2021-02-12 11:00:00,17,6,0.08221469934199702,0.0,0.0,0.10693333333333334,optimal
2021-02-12 11:30:00,17,6,0.05183264625308153,0.1548148148148148,0.0,0.19963333333333333,optimal
2021-02-12 12:00:00,17,6,0.09996572957356614,0.0,0.0,0.11176666666666668,optimal
2021-02-12 12:30:00,17,6,0.10547891457988946,0.23222222222222222,0.0,0.2911333333333333,optimal
2021-02-12 13:00:00,17,6,0.10534085594157895,0.1548148148148148,0.0,0.213,optimal
2021-02-12 13:30:00,17,6,0.09822877164321567,0.0,0.0,0.2008,optimal
2021-02-12 14:00:00,17,6,0.6188451786427797,0.23222222222222222,0.0,0.37873333333333337,optimal
2021-02-12 14:30:00,17,6,1.1428571428571428,0.0,0.0,0.3027333333333333,optimal
2021-02-12 15:00:00,17,6,1.1428571428571428,0.0,0.0,1.0514666666666668,optimal
2021-02-12 15:30:00,17,6,1.1428571428571428,0.0,0.0,1.1807333333333332,optimal
2021-02-12 16:00:00,17,6,0.0,0.0,0.0,0.07233333333333333,optimal
2021-02-12 16:30:00,17,6,0.0,0.0,0.0,0.2531333333333333,optimal
2021-02-12 17:00:00,17,6,0.0,0.0,0.0,0.29419999999999996,optimal
2021-02-12 17:30:00,17,6,0.0,0.0,0.0,0.3177333333333333,optimal
2021-02-12 18:00:00,17,6,0.0,0.46444444444444444,0.0,0.36169999999999997,optimal
2021-02-12 18:30:00,17,6,0.0,0.23222222222222222,0.0,0.3629666666666666,optimal
2021-02-12 19:00:00,17,6,0.0,0.0,0.0,0.26353333333333334,optimal
2021-02-12 19:30:00,17,6,0.0,0.0,0.0,1.2164666666666668,optimal
2021-02-12 20:00:00,17,6,0.0,0.0,0.0,0.4809,optimal
2021-02-12 20:30:00,17,6,0.0,0.0,0.0,0.6567333333333334,optimal
2021-02-12 21:00:00,17,6,0.0,1.9351851851851851,0.0,0.31476666666666664,optimal
2021-02-12 21:30:00,17,6,0.0,0.0774074074074074,0.0,0.41043333333333326,optimal
2021-02-12 22:00:00,17,6,0.0,0.0,0.0,0.4471666666666667,optimal
2021-02-12 22:30:00,17,6,0.0,0.1548148148148148,0.0,0.7567333333333334,optimal
2021-02-12 23:00:00,17,6,0.0,0.5418518518518518,0.0,0.4196666666666667,optimal
2021-02-12 23:30:00,17,6,0.0,0.0,0.0,0.26593333333333335,optimal
2021-02-13 00:00:00,17,6,0.0,0.0,0.0,0.11213333333333333,optimal
2021-02-13 00:30:00,17,6,0.0,0.0,0.0,0.15273333333333333,optimal
2021-02-13 01:00:00,17,6,0.0,0.0,0.0,0.0905,optimal
2021-02-13 01:30:00,17,6,0.34719122740357167,0.0,0.0,0.20736666666666667,optimal
2021-02-13 02:00:00,17,6,1.1428571428571428,0.0,0.0,0.20686666666666667,optimal
2021-02-13 02:30:00,17,6,1.1428571428571428,0.0,0.0,0.13853333333333334,optimal
2021-02-13 03:00:00,17,6,1.1428571428571428,0.0,0.0,0.15933333333333335,optimal
2021-02-13 03:30:00,17,6,1.1428571428571428,0.0,0.0,0.2622333333333333,optimal
2021-02-13 04:00:00,17,6,1.1428571428571428,0.0,0.0,0.1033,optimal
2021-02-13 04:30:00,17,6,1.1428571428571428,0.0,0.0,0.2177666666666667,optimal
2021-02-13 05:00:00,17,6,1.1428571428571428,0.0,2.0653265136729866,0.22896666666666668,optimal
2021-02-13 05:30:00,17,6,1.1428571428571428,0.0,5.0,0.06566666666666666,optimal
2021-02-13 06:00:00,17,6,1.1428571428571428,0.1548148148148148,5.0,0.18309999999999998,optimal
2021-02-13 06:30:00,17,6,1.1428571428571428,0.9288888888888889,0.0,0.3153666666666667,optimal
2021-02-13 07:00:00,17,6,1.1428571428571428,0.23222222222222222,0.0,0.2121333333333333,optimal
2021-02-13 07:30:00,17,6,1.1428571428571428,0.6966666666666667,0.0,0.21863333333333332,optimal
2021-02-13 08:00:00,17,6,0.6320492799279612,0.0,0.0,1.104,optimal
2021-02-13 08:30:00,17,6,0.6419605601723805,2.7092592592592597,0.0,1.2437333333333331,optimal
2021-02-13 09:00:00,17,6,0.4377601807267114,0.0,0.0,1.7151333333333334,optimal
2021-02-13 09:30:00,17,6,0.5582175343297661,0.387037037037037,0.0,0.8936333333333333,optimal
2021-02-13 10:00:00,17,6,0.3536997146336359,0.0,0.0,0.5233333333333333,optimal
2021-02-13 10:30:00,17,6,0.3433081377352049,0.23222222222222222,0.0,0.5996,optimal
2021-02-13 11:00:00,17,6,0.27455990812324454,0.23222222222222222,0.0,0.1873333333333333,optimal
2021-02-13 11:30:00,17,6,0.17627118836766525,0.3096296296296296,0.0,1.1448,optimal
2021-02-13 12:00:00,17,6,0.0,0.5418518518518518,0.0,2.3215666666666666,optimal
2021-02-13 12:30:00,17,6,0.0,0.0,0.0,1.7477333333333331,optimal
2021-02-13 13:00:00,17,6,0.0,0.0,0.0,0.8588,optimal
2021-02-13 13:30:00,17,6,0.00927883432674383,0.0,0.0,0.4585,optimal
2021-02-13 14:00:00,17,6,1.1428571428571428,0.0,0.0,1.6251,optimal
2021-02-13 14:30:00,17,6,1.1428571428571428,0.1548148148148148,0.0,3.2608,optimal
2021-02-13 15:00:00,17,6,1.1428571428571428,0.23222222222222222,0.0,2.7620999999999998,optimal
2021-02-13 15:30:00,17,6,1.1428571428571428,0.0,0.0,1.8902,optimal
2021-02-13 16:00:00,17,6,0.0,0.1548148148148148,0.0,1.2691,optimal
2021-02-13 16:30:00,17,6,0.0,0.0,0.0,0.5313333333333333,optimal
2021-02-13 17:00:00,17,6,0.0,0.0,0.0,2.2949,optimal
2021-02-13 17:30:00,17,6,0.0,0.23222222222222222,0.0,1.0577999999999999,optimal
2021-02-13 18:00:00,17,6,0.0,0.46444444444444444,0.0,1.6581,optimal
2021-02-13 18:30:00,17,6,0.0,0.6192592592592592,0.0,0.6084666666666667,optimal
2021-02-13 19:00:00,17,6,0.0,0.387037037037037,0.0,2.1159666666666666,optimal
2021-02-13 19:30:00,17,6,0.0,0.3096296296296296,0.0,1.320733333333333,optimal
2021-02-13 20:00:00,17,6,0.0,0.3096296296296296,0.0,1.9995999999999998,optimal
2021-02-13 20:30:00,17,6,0.0,0.0,0.0,2.3410333333333333,optimal
2021-02-13 21:00:00,17,6,0.0,0.3096296296296296,0.0,2.4553000000000003,optimal
2021-02-13 21:30:00,17,6,0.0,0.0,0.0,0.7027,optimal
2021-02-13 22:00:00,17,6,0.0,0.387037037037037,0.0,2.0570333333333335,optimal
2021-02-13 22:30:00,17,6,0.0,0.3096296296296296,0.0,0.26663333333333333,optimal
2021-02-13 23:00:00,17,6,0.0,0.0,0.0,2.5674333333333332,optimal
2021-02-13 23:30:00,17,6,0.0,0.3096296296296296,0.0,3.1419,optimal
2021-02-07 00:00:00,18,6,0.0,0.1548148148148148,0.0,0.3051666666666667,optimal
2021-02-07 00:30:00,18,6,0.0,0.0,0.0,0.1565,optimal
2021-02-07 01:00:00,18,6,0.0,0.0,0.0,0.061,optimal
2021-02-07 01:30:00,18,6,0.0,0.0,0.0,0.19469999999999998,optimal
2021-02-07 02:00:00,18,6,0.0,0.0,0.0,0.06736666666666666,optimal
2021-02-07 02:30:00,18,6,0.0,0.0,0.0,0.08009999999999999,optimal
2021-02-07 03:00:00,18,6,0.0,0.0,0.0,0.18196666666666667,optimal
2021-02-07 03:30:00,18,6,0.0,0.0,0.0,0.061,optimal
2021-02-07 04:00:00,18,6,1.1428571428571428,0.0,0.0,0.20106666666666664,optimal
2021-02-07 04:30:00,18,6,1.1428571428571428,0.0,0.0,0.061,optimal
2021-02-07 05:00:00,18,6,1.1428571428571428,0.0,0.0,0.16923333333333332,optimal
2021-02-07 05:30:00,18,6,1.1428571428571428,0.0,0.0,0.09283333333333331,optimal
2021-02-07 06:00:00,18,6,1.1428571428571428,0.0,0.0,0.061,optimal
2021-02-07 06:30:00,18,6,1.1428571428571428,0.0,0.0,0.20106666666666664,optimal
2021-02-07 07:00:00,18,6,1.1428571428571428,2.3222222222222215,1.5052247886819266,0.093,optimal
2021-02-07 07:30:00,18,6,0.0,0.3096296296296296,0.0,0.3045,optimal
2021-02-07 08:00:00,18,6,0.0,2.3222222222222215,0.0,0.6660333333333333,optimal
2021-02-07 08:30:00,18,6,0.019941154096110206,0.0,0.0,0.23,optimal
2021-02-07 09:00:00,18,6,0.49144915748487755,0.0,0.0,0.28353333333333336,optimal
2021-02-07 09:30:00,18,6,0.39692043772930174,0.1548148148148148,0.0,1.7020333333333333,optimal
2021-02-07 10:00:00,18,6,0.6412586805551194,0.0,0.0,0.071,optimal
2021-02-07 10:30:00,18,6,0.6455465962567594,0.0,0.0,0.071,optimal
2021-02-07 11:00:00,18,6,0.5365317010870563,0.0,0.0,0.12193333333333334,optimal
2021-02-07 11:30:00,18,6,0.5256174153727741,0.0,0.0,0.16013333333333332,optimal
2021-02-07 12:00:00,18,6,0.48331417915388075,0.0,0.0,0.071,optimal
2021-02-07 12:30:00,18,6,0.4432951315348306,0.0,0.0,0.21106666666666662,optimal
2021-02-07 13:00:00,18,6,1.1428571428571428,0.0,0.0,0.071,optimal
2021-02-07 13:30:00,18,6,1.1428571428571428,0.0,0.0,0.12830000000000003,optimal
2021-02-07 14:00:00,18,6,1.1428571428571428,0.0,0.0,0.1537666666666667,optimal
2021-02-07 14:30:00,18,6,1.1428571428571428,0.0,0.0,0.071,optimal
2021-02-07 15:00:00,18,6,1.1428571428571428,0.0,0.0,0.10283333333333332,optimal
2021-02-07 15:30:00,18,6,1.1428571428571428,0.0,0.0,0.17923333333333333,optimal
2021-02-07 16:00:00,18,6,0.0,0.0,0.0,0.3867,optimal
2021-02-07 16:30:00,18,6,0.0,0.3096296296296296,0.0,0.6632666666666667,optimal
2021-02-07 17:00:00,18,6,0.0,0.1548148148148148,0.0,0.24246666666666666,optimal
2021-02-07 17:30:00,18,6,0.0,0.46444444444444444,0.0,0.4649666666666666,optimal
2021-02-07 18:00:00,18,6,0.0,0.46444444444444444,0.0,0.43806666666666666,optimal
2021-02-07 18:30:00,18,6,0.0,0.387037037037037,0.0,1.2855,optimal
2021-02-07 19:00:00,18,6,0.0,0.0774074074074074,0.0,0.689,optimal
2021-02-07 19:30:00,18,6,0.17676342834525166,0.0,0.0,0.42023333333333335,optimal
2021-02-07 20:00:00,18,6,0.5156504781611974,0.0,0.0,0.4592333333333333,optimal
2021-02-07 20:30:00,18,6,0.0,0.0,0.0,0.8986333333333333,optimal
2021-02-07 21:00:00,18,6,0.0,0.0,0.0,0.35596666666666665,optimal
2021-02-07 21:30:00,18,6,0.0,0.0,0.0,0.462,optimal
2021-02-07 22:00:00,18,6,0.0,0.0,0.0,0.46503333333333335,optimal
2021-02-07 22:30:00,18,6,0.0,0.23222222222222222,0.0,1.567233333333333,optimal
2021-02-07 23:00:00,18,6,0.0,0.387037037037037,0.0,0.3215,optimal
2021-02-07 23:30:00,18,6,0.0,0.0,0.0,0.23763333333333334,optimal
2021-02-08 00:00:00,18,6,0.0,0.0,0.0,0.1142,optimal
2021-02-08 00:30:00,18,6,0.0,0.0,0.0,0.15259999999999999,optimal
2021-02-08 01:00:00,18,6,0.0,0.0,0.0,0.10966666666666669,optimal
2021-02-08 01:30:00,18,6,0.0,0.0,0.0,0.10966666666666669,optimal
2021-02-08 02:00:00,18,6,0.15998702665284753,0.0,0.0,0.10966666666666669,optimal
2021-02-08 02:30:00,18,6,1.1428571428571428,0.0,0.0,0.10966666666666669,optimal
2021-02-08 03:00:00,18,6,1.1428571428571428,0.0,0.0,0.19926666666666668,optimal
2021-02-08 03:30:00,18,6,1.1428571428571428,0.0,0.0,0.16086666666666669,optimal
2021-02-08 04:00:00,18,6,1.1428571428571428,0.0,0.0,0.07579999999999999,optimal
2021-02-08 04:30:00,18,6,1.1428571428571428,0.0,0.05226525964312594,0.191,optimal
2021-02-08 05:00:00,18,6,1.1428571428571428,0.0,5.0,0.068,optimal
2021-02-08 05:30:00,18,6,1.1428571428571428,0.0,5.0,0.17986666666666667,optimal
2021-02-08 06:00:00,18,6,1.1428571428571428,0.387037037037037,5.0,0.9199333333333332,optimal
2021-02-08 06:30:00,18,6,1.1428571428571428,1.9351851851851853,0.0,1.7686333333333335,optimal
2021-02-08 07:00:00,18,6,1.1428571428571428,0.1548148148148148,0.0,0.9005333333333333,optimal
2021-02-08 07:30:00,18,6,1.1428571428571428,0.0774074074074074,0.0,1.1504333333333334,optimal
2021-02-08 08:00:00,18,6,0.5531854365363346,0.387037037037037,0.0,1.3913333333333333,optimal
2021-02-08 08:30:00,18,6,0.7348885903332,0.0,0.0,0.22066666666666662,optimal
2021-02-08 09:00:00,18,6,0.6797242638173785,0.0,0.0,0.21113333333333334,optimal
2021-02-08 09:30:00,18,6,0.7072733426458802,0.0,0.0,0.0922,optimal
2021-02-08 10:00:00,18,6,0.5159513073422216,0.0,0.0,0.2039333333333333,optimal
2021-02-08 10:30:00,18,6,0.5357927047042,0.0,0.0,0.157,optimal
2021-02-08 11:00:00,18,6,0.3207121696369366,0.1548148148148148,0.0,0.25303333333333333,optimal
2021-02-08 11:30:00,18,6,0.21253092060196185,0.23222222222222222,0.0,2.5317,optimal
2021-02-08 12:00:00,18,6,0.07766984727134135,0.387037037037037,0.0,2.8135333333333334,optimal
2021-02-08 12:30:00,18,6,0.08113973015379182,0.23222222222222222,0.0,2.5679333333333334,optimal
2021-02-08 13:00:00,18,6,0.16380482338448318,0.46444444444444444,0.0,2.295,optimal
2021-02-08 13:30:00,18,6,0.9436535835469474,0.46444444444444444,0.0,2.2904666666666667,optimal
2021-02-08 14:00:00,18,6,1.1428571428571428,4.79925925925926,0.0,1.7535333333333334,optimal
2021-02-08 14:30:00,18,6,1.1428571428571428,0.0,0.0,0.5181,optimal
2021-02-08 15:00:00,18,6,1.1428571428571428,0.0,0.0,0.173,optimal
2021-02-08 15:30:00,18,6,1.1428571428571428,0.387037037037037,0.0,0.4719666666666666,optimal
2021-02-08 16:00:00,18,6,0.0,2.7092592592592597,0.0,1.9026333333333327,optimal
2021-02-08 16:30:00,18,6,0.0,0.0,0.0,0.9747,optimal
2021-02-08 17:00:00,18,6,0.0,0.3096296296296296,0.0,1.9718,optimal
2021-02-08 17:30:00,18,6,0.0,0.1548148148148148,0.0,5.763666666666667,optimal
2021-02-08 18:00:00,18,6,0.0,0.0,0.0,2.428866666666667,optimal
2021-02-08 18:30:00,18,6,0.0,0.0,0.0,3.4224,optimal
2021-02-08 19:00:00,18,6,0.0,0.23222222222222222,0.0,5.046600000000001,optimal
2021-02-08 19:30:00,18,6,0.0,0.387037037037037,0.0,0.8461666666666666,optimal
2021-02-08 20:00:00,18,6,0.0,0.1548148148148148,0.0,2.3256666666666663,optimal
2021-02-08 20:30:00,18,6,0.0,0.23222222222222222,0.0,0.46476666666666666,optimal
2021-02-08 21:00:00,18,6,0.0,0.0,0.0,0.2921333333333333,optimal
2021-02-08 21:30:00,18,6,0.0,0.0,0.0,0.8219333333333333,optimal
2021-02-08 22:00:00,18,6,0.0,4.647540740740741,0.0,2.112766666666667,optimal
2021-02-08 22:30:00,18,6,0.0,5.338014814814815,0.0,1.9860666666666664,optimal
2021-02-08 23:00:00,18,6,0.0,0.3096296296296296,0.0,0.38130000000000003,optimal
2021-02-08 23:30:00,18,6,0.0,5.65074074074074,0.0,0.6437666666666666,optimal
2021-02-09 00:00:00,18,6,0.0,0.0,0.0,0.11233333333333331,optimal
2021-02-09 00:30:00,18,6,0.0,0.0,0.0,0.11206666666666666,optimal
2021-02-09 01:00:00,18,6,0.0,0.0,0.0,0.063,optimal
2021-02-09 01:30:00,18,6,1.0322717760462072,0.0,0.0,0.22306666666666664,optimal
2021-02-09 02:00:00,18,6,1.1428571428571428,0.0,0.0,0.17909999999999998,optimal
2021-02-09 02:30:00,18,6,1.1428571428571428,0.0,0.0,0.2332333333333333,optimal
2021-02-09 03:00:00,18,6,1.1428571428571428,0.0,0.0,0.14886666666666667,optimal
2021-02-09 03:30:00,18,6,1.1428571428571428,0.0,0.0,0.063,optimal
2021-02-09 04:00:00,18,6,1.1428571428571428,0.0,0.0,0.1272,optimal
2021-02-09 04:30:00,18,6,1.1428571428571428,0.0,1.2221323185547524,0.063,optimal
2021-02-09 05:00:00,18,6,1.1428571428571428,0.0,5.0,0.1881,optimal
2021-02-09 05:30:00,18,6,1.1428571428571428,0.0,5.0,0.08796666666666667,optimal
2021-02-09 06:00:00,18,6,1.1428571428571428,0.0,5.0,0.06866666666666667,optimal
2021-02-09 06:30:00,18,6,1.1428571428571428,0.0,5.0,0.15286666666666668,optimal
2021-02-09 07:00:00,18,6,1.1428571428571428,0.0,5.0,0.1272,optimal
2021-02-09 07:30:00,18,6,1.1428571428571428,0.774074074074074,0.0,0.19233333333333327,optimal
2021-02-09 08:00:00,18,6,0.6486395349939051,1.006296296296296,0.0,0.28353333333333336,optimal
2021-02-09 08:30:00,18,6,0.6658933757271649,0.3096296296296296,0.0,0.29460000000000003,optimal
2021-02-09 09:00:00,18,6,0.5888224083637966,0.5418518518518518,0.0,0.2071,optimal
2021-02-09 09:30:00,18,6,0.5778634231636449,0.0,0.0,0.35506666666666664,optimal
2021-02-09 10:00:00,18,6,0.3803066849116702,1.8577777777777778,0.0,0.9685333333333331,optimal
2021-02-09 10:30:00,18,6,0.21468022899091163,0.23222222222222222,0.0,1.4919666666666667,optimal
2021-02-09 11:00:00,18,6,0.0,0.1548148148148148,0.0,1.3559,optimal
2021-02-09 11:30:00,18,6,0.19236843572835433,0.0,0.0,0.2965,optimal
2021-02-09 12:00:00,18,6,0.1541918676486177,0.3096296296296296,0.0,0.2853333333333333,optimal
2021-02-09 12:30:00,18,6,0.15932820645181225,0.6192592592592592,0.0,0.1807,optimal
2021-02-09 13:00:00,18,6,0.17040229838650753,0.5418518518518518,0.0,0.07456666666666666,optimal
2021-02-09 13:30:00,18,6,0.1580414943325567,0.387037037037037,0.0,0.07633333333333332,optimal
2021-02-09 14:00:00,18,6,0.6662028960107577,0.1548148148148148,0.0,0.5361333333333334,optimal
2021-02-09 14:30:00,18,6,1.1428571428571428,0.0,0.0,0.16766666666666666,optimal
2021-02-09 15:00:00,18,6,1.1428571428571428,0.387037037037037,0.0,1.6913666666666665,optimal
2021-02-09 15:30:00,18,6,1.1428571428571428,0.387037037037037,0.0,0.2937333333333333,optimal
2021-02-09 16:00:00,18,6,0.0,0.0774074074074074,0.0,0.33363333333333334,optimal
2021-02-09 16:30:00,18,6,0.0,0.0774074074074074,0.0,2.538266666666667,optimal
2021-02-09 17:00:00,18,6,0.0,0.0,0.0,1.8699666666666668,optimal
2021-02-09 17:30:00,18,6,0.0,0.0,0.0,2.679533333333333,optimal
2021-02-09 18:00:00,18,6,0.0,0.0,0.0,0.3625333333333334,optimal
2021-02-09 18:30:00,18,6,0.0,0.46444444444444444,0.0,1.8163333333333334,optimal
2021-02-09 19:00:00,18,6,0.0,0.0774074074074074,0.0,0.3527,optimal
2021-02-09 19:30:00,18,6,0.0,0.0,0.0,0.45576666666666665,optimal
2021-02-09 20:00:00,18,6,0.0,0.0,0.0,0.2737,optimal
2021-02-09 20:30:00,18,6,0.0,3.8161851851851845,0.0,0.3031333333333333,optimal
2021-02-09 21:00:00,18,6,0.0,1.9893703703703707,0.0,0.7564333333333333,optimal
2021-02-09 21:30:00,18,6,0.0,0.6192592592592592,0.0,0.129,optimal
2021-02-09 22:00:00,18,6,0.0,0.0,0.0,0.23363333333333333,optimal
2021-02-09 22:30:00,18,6,0.0,0.387037037037037,0.0,1.2739333333333334,optimal
2021-02-09 23:00:00,18,6,0.0,0.0,0.0,1.312266666666667,optimal
2021-02-09 23:30:00,18,6,0.0,0.0,0.0,0.28086666666666665,optimal
2021-02-10 00:00:00,18,6,0.0,0.0774074074074074,0.0,0.06183333333333334,optimal
2021-02-10 00:30:00,18,6,0.0,0.0,0.0,0.104,optimal
2021-02-10 01:00:00,18,6,0.0,0.0,0.0,0.1336,optimal
2021-02-10 01:30:00,18,6,0.0,0.0,0.0,0.14083333333333334,optimal
2021-02-10 02:00:00,18,6,0.9286826906779363,0.0,0.0,0.1465,optimal
2021-02-10 02:30:00,18,6,1.1428571428571428,0.0,0.0,0.09233333333333331,optimal
2021-02-10 03:00:00,18,6,1.1428571428571428,0.0,0.0,0.15633333333333335,optimal
2021-02-10 03:30:00,18,6,1.1428571428571428,0.0,0.0,0.08683333333333333,optimal
2021-02-10 04:00:00,18,6,1.1428571428571428,0.0,0.0,0.2295,optimal
2021-02-10 04:30:00,18,6,1.1428571428571428,0.0,0.0,0.053,optimal
2021-02-10 05:00:00,18,6,1.1428571428571428,0.387037037037037,2.29656430698737,0.15766666666666665,optimal
2021-02-10 05:30:00,18,6,1.1428571428571428,0.0774074074074074,5.0,0.159,optimal
2021-02-10 06:00:00,18,6,1.1428571428571428,6.579629629629632,5.0,0.07033333333333333,optimal
2021-02-10 06:30:00,18,6,1.1428571428571428,1.7029629629629628,0.0,0.2618666666666667,optimal
2021-02-10 07:00:00,18,6,1.1428571428571428,6.502222222222221,0.0,0.09816666666666668,optimal
2021-02-10 07:30:00,18,6,1.1428571428571428,0.6192592592592592,0.0,0.2566333333333333,optimal
2021-02-10 08:00:00,18,6,0.813712057718011,0.0,0.0,0.12783333333333333,optimal
2021-02-10 08:30:00,18,6,0.8447552739337774,0.0,0.0,0.09916666666666668,optimal
2021-02-10 09:00:00,18,6,0.6885893177487353,0.0,0.0,0.22266666666666662,optimal
2021-02-10 09:30:00,18,6,0.7214896768216571,0.0,0.0,0.0775,optimal
2021-02-10 10:00:00,18,6,0.5025699157638428,0.0,0.0,0.17666666666666667,optimal
2021-02-10 10:30:00,18,6,0.5286142326875796,0.0,0.0,0.063,optimal
2021-02-10 11:00:00,18,6,0.2515334918714712,0.0,0.0,0.47176666666666667,optimal
2021-02-10 11:30:00,18,6,0.30933129045555774,0.5418518518518518,0.0,0.20146666666666666,optimal
2021-02-10 12:00:00,18,6,0.16450989354287365,0.0,0.0,0.12806666666666666,optimal
2021-02-10 12:30:00,18,6,0.12523370306668563,0.0,0.0,0.26553333333333334,optimal
2021-02-10 13:00:00,18,6,0.6852570020713236,0.0774074074074074,0.0,0.283,optimal
2021-02-10 13:30:00,18,6,1.1428571428571428,0.0,0.0,0.1251,optimal
2021-02-10 14:00:00,18,6,1.1428571428571428,0.0,0.0,0.48283333333333334,optimal
2021-02-10 14:30:00,18,6,1.1428571428571428,0.0,0.0,0.09,optimal
2021-02-10 15:00:00,18,6,1.1428571428571428,0.0,0.0,0.4079666666666666,optimal
2021-02-10 15:30:00,18,6,1.1428571428571428,0.0,0.0,0.0856,optimal
2021-02-10 16:00:00,18,6,0.0,0.5418518518518518,0.0,0.2462,optimal
2021-02-10 16:30:00,18,6,0.0,0.387037037037037,0.0,0.1546,optimal
2021-02-10 17:00:00,18,6,0.0,0.23222222222222222,0.0,0.18030000000000002,optimal
2021-02-10 17:30:00,18,6,0.0,0.0,0.0,0.22526666666666667,optimal
2021-02-10 18:00:00,18,6,0.0,0.0,0.0,0.08553333333333334,optimal
2021-02-10 18:30:00,18,6,0.0,2.1674074074074072,0.0,0.2472333333333333,optimal
2021-02-10 19:00:00,18,6,0.0,0.46444444444444444,0.0,0.17103333333333334,optimal
2021-02-10 19:30:00,18,6,0.0,0.46444444444444444,0.0,0.18256666666666663,optimal
2021-02-10 20:00:00,18,6,0.0,0.1548148148148148,0.0,0.23483333333333328,optimal
2021-02-10 20:30:00,18,6,0.0,0.1548148148148148,0.0,0.10956666666666666,optimal
2021-02-10 21:00:00,18,6,0.0,0.23222222222222222,0.0,0.30210000000000004,optimal
2021-02-10 21:30:00,18,6,0.0,0.1548148148148148,0.0,0.2893,optimal
2021-02-10 22:00:00,18,6,0.0,0.1548148148148148,0.0,0.37596666666666656,optimal
2021-02-10 22:30:00,18,6,0.0,6.212718518518519,0.0,1.2414,optimal
2021-02-10 23:00:00,18,6,0.0,1.7602444444444445,0.0,0.1823333333333333,optimal
2021-02-10 23:30:00,18,6,0.0,0.1548148148148148,0.0,0.13103333333333333,optimal
2021-02-11 00:00:00,18,6,0.8691175696335897,0.0,0.0,0.062,optimal
2021-02-11 00:30:00,18,6,1.1428571428571428,0.0,0.0,0.062,optimal
2021-02-11 01:00:00,18,6,1.1428571428571428,0.0,0.0,0.062,optimal
2021-02-11 01:30:00,18,6,1.1428571428571428,0.0,0.0,0.1232,optimal
2021-02-11 02:00:00,18,6,1.1428571428571428,0.0,0.0,0.062,optimal
2021-02-11 02:30:00,18,6,1.1428571428571428,0.0,0.0,0.0994,optimal
2021-02-11 03:00:00,18,6,1.1428571428571428,0.0,0.0,0.0858,optimal
2021-02-11 03:30:00,18,6,1.1428571428571428,0.0,0.0,0.062,optimal
2021-02-11 04:00:00,18,6,1.1428571428571428,0.0,0.0,0.1232,optimal
2021-02-11 04:30:00,18,6,1.1428571428571428,0.0,0.0,0.062,optimal
2021-02-11 05:00:00,18,6,1.1428571428571428,0.0,0.0,0.062,optimal
2021-02-11 05:30:00,18,6,1.1428571428571428,0.0,4.361460505264176,0.062,optimal
2021-02-11 06:00:00,18,6,1.1428571428571428,0.0,5.0,0.072,optimal
2021-02-11 06:30:00,18,6,1.1428571428571428,0.0,5.0,0.12553333333333333,optimal
2021-02-11 07:00:00,18,6,1.1428571428571428,0.0,5.0,0.0668,optimal
2021-02-11 07:30:00,18,6,1.1428571428571428,0.0,0.0,0.16053333333333333,optimal
2021-02-11 08:00:00,18,6,0.6781436126206573,0.23222222222222222,0.0,0.2675,optimal
2021-02-11 08:30:00,18,6,0.7453850099826241,0.5418518518518518,0.0,0.086,optimal
2021-02-11 09:00:00,18,6,0.6279621170589224,0.0,0.0,0.07863333333333335,optimal
2021-02-11 09:30:00,18,6,0.542261984172413,6.966666666666665,0.0,1.095233333333333,optimal
2021-02-11 10:00:00,18,6,0.21655548983606468,0.0,0.0,0.36910000000000004,optimal
2021-02-11 10:30:00,18,6,0.2135791745220657,0.1548148148148148,0.0,1.7441,optimal
2021-02-11 11:00:00,18,6,0.04177671965445065,0.0,0.0,1.5602,optimal
2021-02-11 11:30:00,18,6,0.12174687570171366,0.0,0.0,0.4656666666666667,optimal
2021-02-11 12:00:00,18,6,0.0,0.6192592592592592,0.0,0.5470666666666667,optimal
2021-02-11 12:30:00,18,6,0.0,2.1674074074074072,0.0,0.5094666666666666,optimal
2021-02-11 13:00:00,18,6,1.0229992542412438,2.012592592592592,0.0,0.4615,optimal
2021-02-11 13:30:00,18,6,1.1428571428571428,0.0774074074074074,0.0,0.359,optimal
2021-02-11 14:00:00,18,6,1.1428571428571428,0.0,0.0,0.4284333333333333,optimal
2021-02-11 14:30:00,18,6,1.1428571428571428,0.0774074074074074,0.0,0.359,optimal
2021-02-11 15:00:00,18,6,1.1428571428571428,0.0,0.0,0.30860000000000004,optimal
2021-02-11 15:30:00,18,6,1.1428571428571428,0.3096296296296296,0.0,0.2434,optimal
2021-02-11 16:00:00,18,6,0.0,0.0774074074074074,0.0,0.3400666666666667,optimal
2021-02-11 16:30:00,18,6,0.0,0.6966666666666667,0.0,0.4545,optimal
2021-02-11 17:00:00,18,6,0.0,0.0,0.0,0.294,optimal
2021-02-11 17:30:00,18,6,0.0,0.3096296296296296,0.0,0.38696666666666657,optimal
2021-02-11 18:00:00,18,6,0.0,0.387037037037037,0.0,0.39886666666666665,optimal
2021-02-11 18:30:00,18,6,0.0,0.0,0.0,0.35206666666666664,optimal
2021-02-11 19:00:00,18,6,0.0,1.7029629629629628,0.0,0.4708,optimal
2021-02-11 19:30:00,18,6,0.0,0.0,0.0,0.2977666666666666,optimal
2021-02-11 20:00:00,18,6,0.0,0.0,0.0,0.23863333333333334,optimal
2021-02-11 20:30:00,18,6,0.0,0.0774074074074074,0.0,0.49060000000000004,optimal
2021-02-11 21:00:00,18,6,0.0,0.46444444444444444,0.0,0.2317,optimal
2021-02-11 21:30:00,18,6,0.0,0.0774074074074074,0.0,0.3848333333333333,optimal
2021-02-11 22:00:00,18,6,0.0,0.0,0.0,0.072,optimal
2021-02-11 22:30:00,18,6,0.0,0.0,0.0,0.072,optimal
2021-02-11 23:00:00,18,6,0.0,0.0,0.0,0.1264,optimal
2021-02-11 23:30:00,18,6,0.0,0.0,0.0,0.07513333333333334,optimal
2021-02-12 00:00:00,18,6,1.1428571428571428,0.0,0.0,0.042,optimal
2021-02-12 00:30:00,18,6,1.1428571428571428,0.0,0.0,0.042,optimal
2021-02-12 01:00:00,18,6,1.1428571428571428,0.0,0.0,0.042,optimal
2021-02-12 01:30:00,18,6,1.1428571428571428,0.0,0.0,0.19013333333333332,optimal
2021-02-12 02:00:00,18,6,1.1428571428571428,0.0,0.0,0.042,optimal
2021-02-12 02:30:00,18,6,1.1428571428571428,0.0,0.0,0.15946666666666667,optimal
2021-02-12 03:00:00,18,6,1.1428571428571428,0.0,0.0,0.07566666666666667,optimal
2021-02-12 03:30:00,18,6,1.1428571428571428,0.0,0.0,0.042,optimal
2021-02-12 04:00:00,18,6,1.1428571428571428,0.0,0.0,0.10933333333333331,optimal
2021-02-12 04:30:00,18,6,1.1428571428571428,0.0,0.0,0.12279999999999999,optimal
2021-02-12 05:00:00,18,6,1.1428571428571428,0.0,0.0,0.042,optimal
2021-02-12 05:30:00,18,6,1.1428571428571428,0.0,0.0,0.042,optimal
2021-02-12 06:00:00,18,6,1.1428571428571428,0.0,0.0,0.045666666666666654,optimal
2021-02-12 06:30:00,18,6,1.1428571428571428,0.0,1.0552582098275378,0.04866666666666666,optimal
2021-02-12 07:00:00,18,6,1.1428571428571428,0.0,5.0,0.13626666666666667,optimal
2021-02-12 07:30:00,18,6,1.1428571428571428,8.49093498751913,0.0,0.30760000000000004,optimal
2021-02-12 08:00:00,18,6,0.8290566962783741,0.5418518518518518,0.0,1.0023,optimal
2021-02-12 08:30:00,18,6,0.8668791943483128,0.1548148148148148,0.0,0.18913333333333332,optimal
2021-02-12 09:00:00,18,6,0.7149132227551678,0.0774074074074074,0.0,1.0023,optimal
2021-02-12 09:30:00,18,6,0.6582352677953764,0.0774074074074074,0.0,0.042466666666666666,optimal
2021-02-12 10:00:00,18,6,0.38278121490244893,0.23222222222222222,0.0,0.13953333333333334,optimal
2021-02-12 10:30:00,18,6,0.38831526638161706,0.1548148148148148,0.0,0.11113333333333333,optimal
2021-02-12 11:00:00,18,6,0.232109937437234,0.0,0.0,0.041,optimal
2021-02-12 11:30:00,18,6,0.20394693196737299,0.0,0.0,0.12606666666666666,optimal
2021-02-12 12:00:00,18,6,0.11989906290689395,0.23222222222222222,0.0,0.19986666666666666,optimal
2021-02-12 12:30:00,18,6,0.1602884383894124,0.46444444444444444,0.0,0.13066666666666665,optimal
2021-02-12 13:00:00,18,6,1.1428571428571428,0.0774074074074074,0.0,0.21606666666666663,optimal
2021-02-12 13:30:00,18,6,1.1428571428571428,0.0,0.0,0.04873333333333333,optimal
2021-02-12 14:00:00,18,6,1.1428571428571428,0.0,0.0,0.07393333333333334,optimal
2021-02-12 14:30:00,18,6,1.1428571428571428,6.347407407407407,0.0,0.31976666666666664,optimal
2021-02-12 15:00:00,18,6,1.1428571428571428,0.23222222222222222,0.0,1.699266666666667,optimal
2021-02-12 15:30:00,18,6,1.1428571428571428,0.0,0.0,0.38780000000000003,optimal
2021-02-12 16:00:00,18,6,0.0,0.8514814814814814,0.0,2.135733333333333,optimal
2021-02-12 16:30:00,18,6,0.0,0.0,0.0,0.472,optimal
2021-02-12 17:00:00,18,6,0.0,0.23222222222222222,0.0,0.1722,optimal
2021-02-12 17:30:00,18,6,0.0,0.1548148148148148,0.0,0.07793333333333334,optimal
2021-02-12 18:00:00,18,6,0.0,0.0,0.0,0.0587,optimal
2021-02-12 18:30:00,18,6,0.0,0.46444444444444444,0.0,0.21013333333333334,optimal
2021-02-12 19:00:00,18,6,0.0,0.387037037037037,0.0,0.174,optimal
2021-02-12 19:30:00,18,6,0.0,0.46444444444444444,0.0,0.21766666666666662,optimal
2021-02-12 20:00:00,18,6,0.03333861491808336,0.0,0.0,0.40513333333333335,optimal
2021-02-12 20:30:00,18,6,0.0,0.0,0.0,0.137,optimal
2021-02-12 21:00:00,18,6,0.0,0.0,0.0,0.5177,optimal
2021-02-12 21:30:00,18,6,0.0,0.0774074074074074,0.0,0.5037333333333334,optimal
2021-02-12 22:00:00,18,6,0.0,0.0774074074074074,0.0,0.45866666666666667,optimal
2021-02-12 22:30:00,18,6,0.0,0.0,0.0,0.4554666666666666,optimal
2021-02-12 23:00:00,18,6,0.0,0.0,0.0,0.2828,optimal
2021-02-12 23:30:00,18,6,0.0,0.0,0.0,0.21486666666666668,optimal
2021-02-13 00:00:00,18,6,0.0,0.0,0.0,0.047,optimal
2021-02-13 00:30:00,18,6,0.0,0.0,0.0,0.1376,optimal
2021-02-13 01:00:00,18,6,0.08276839455475132,0.0,0.0,0.09179999999999999,optimal
2021-02-13 01:30:00,18,6,1.1428571428571428,0.0,0.0,0.08183333333333333,optimal
2021-02-13 02:00:00,18,6,1.1428571428571428,0.0,0.0,0.2678333333333333,optimal
2021-02-13 02:30:00,18,6,1.1428571428571428,0.0,0.0,0.05016666666666666,optimal
2021-02-13 03:00:00,18,6,1.1428571428571428,0.0,0.0,0.20056666666666664,optimal
2021-02-13 03:30:00,18,6,1.1428571428571428,0.0,0.0,0.14593333333333333,optimal
2021-02-13 04:00:00,18,6,1.1428571428571428,0.0,0.0,0.047,optimal
2021-02-13 04:30:00,18,6,1.1428571428571428,0.0,0.0,0.15706666666666666,optimal
2021-02-13 05:00:00,18,6,1.1428571428571428,0.0,0.0,0.07233333333333333,optimal
2021-02-13 05:30:00,18,6,1.1428571428571428,0.0,0.0,0.1956,optimal
2021-02-13 06:00:00,18,6,1.1428571428571428,0.0,0.0,0.11023333333333332,optimal
2021-02-13 06:30:00,18,6,1.1428571428571428,0.1548148148148148,1.3764695759324528,0.09883333333333331,optimal
2021-02-13 07:00:00,18,6,1.1428571428571428,0.6966666666666667,5.0,0.34286666666666665,optimal
2021-02-13 07:30:00,18,6,1.1428571428571428,2.7092592592592597,0.0,0.127,optimal
2021-02-13 08:00:00,18,6,0.582474994213674,0.8514814814814814,0.0,1.5610666666666666,optimal
2021-02-13 08:30:00,18,6,0.8436567506485708,0.0,0.0,0.11883333333333332,optimal
2021-02-13 09:00:00,18,6,0.7479344664409906,0.0,0.0,0.18606666666666663,optimal
2021-02-13 09:30:00,18,6,0.6893289629011923,0.0,0.0,0.249,optimal
2021-02-13 10:00:00,18,6,0.5078520955860264,1.9351851851851851,0.0,0.11983333333333332,optimal
2021-02-13 10:30:00,18,6,0.4677843282113889,1.9351851851851851,0.0,0.16656666666666667,optimal
2021-02-13 11:00:00,18,6,0.23175038431372455,1.8206222222222221,0.0,0.2452666666666667,optimal
2021-02-13 11:30:00,18,6,0.2620540455105172,0.888637037037037,0.0,0.1397,optimal
2021-02-13 12:00:00,18,6,0.18154220974643223,0.0774074074074074,0.0,0.1158,optimal
2021-02-13 12:30:00,18,6,0.12694381785431746,0.23222222222222222,0.0,0.3975666666666667,optimal
2021-02-13 13:00:00,18,6,0.4562420499990249,0.0,0.0,1.8026,optimal
2021-02-13 13:30:00,18,6,1.1428571428571428,0.0,0.0,0.9248999999999999,optimal
2021-02-13 14:00:00,18,6,1.1428571428571428,0.1548148148148148,0.0,1.6252666666666669,optimal
2021-02-13 14:30:00,18,6,1.1428571428571428,0.0,0.0,1.7572333333333332,optimal
2021-02-13 15:00:00,18,6,1.1428571428571428,0.0,0.0,0.6633,optimal
2021-02-13 15:30:00,18,6,1.1428571428571428,0.0,0.0,0.17613333333333334,optimal
2021-02-13 16:00:00,18,6,0.0,0.6966666666666667,0.0,0.217,optimal
2021-02-13 16:30:00,18,6,0.0,0.3096296296296296,0.0,0.43976666666666664,optimal
2021-02-13 17:00:00,18,6,0.0,0.3096296296296296,0.0,0.6269666666666667,optimal
2021-02-13 17:30:00,18,6,0.0,0.3096296296296296,0.0,0.595,optimal
2021-02-13 18:00:00,18,6,0.0,0.1548148148148148,0.0,0.4096,optimal
2021-02-13 18:30:00,18,6,0.0,0.0,0.0,0.36906666666666665,optimal
2021-02-13 19:00:00,18,6,0.0,0.387037037037037,0.0,0.26039999999999996,optimal
2021-02-13 19:30:00,18,6,0.0,0.0,0.0,1.3684666666666667,optimal
2021-02-13 20:00:00,18,6,0.0,0.46444444444444444,0.0,0.3941,optimal
2021-02-13 20:30:00,18,6,0.0,0.0,0.0,0.3796333333333333,optimal
2021-02-13 21:00:00,18,6,0.0,0.23222222222222222,0.0,0.22783333333333328,optimal
2021-02-13 21:30:00,18,6,0.0,0.0,0.0,0.2017333333333333,optimal
2021-02-13 22:00:00,18,6,0.0,0.0,0.0,0.20826666666666668,optimal
2021-02-13 22:30:00,18,6,0.0,0.0,0.0,0.36606666666666665,optimal
2021-02-13 23:00:00,18,6,0.0,0.3096296296296296,0.0,0.23553333333333334,optimal
2021-02-13 23:30:00,18,6,0.0,0.0,0.0,0.17826666666666668,optimal
2021-02-07 00:00:00,19,6,0.0,0.0,0.0,0.054666666666666655,optimal
2021-02-07 00:30:00,19,6,0.0,0.0,0.0,2.756133333333333,optimal
2021-02-07 01:00:00,19,6,0.0,0.0,0.0,1.8156666666666668,optimal
2021-02-07 01:30:00,19,6,0.0,0.0,0.0,0.5066333333333334,optimal
2021-02-07 02:00:00,19,6,0.0,0.0,0.0,1.1372,optimal
2021-02-07 02:30:00,19,6,0.0,0.0,0.0,1.6840666666666666,optimal
2021-02-07 03:00:00,19,6,0.0,0.0,0.0,0.7570333333333333,optimal
2021-02-07 03:30:00,19,6,0.0,0.23222222222222222,0.0,3.2320333333333333,optimal
2021-02-07 04:00:00,19,6,1.1428571428571428,0.1548148148148148,0.0,1.6494000000000002,optimal
2021-02-07 04:30:00,19,6,1.1428571428571428,0.387037037037037,0.0,1.7390999999999999,optimal
2021-02-07 05:00:00,19,6,1.1428571428571428,0.0,0.0,0.064,optimal
2021-02-07 05:30:00,19,6,1.1428571428571428,0.0,0.0,0.136,optimal
2021-02-07 06:00:00,19,6,1.1428571428571428,0.3096296296296296,0.0,0.2876666666666667,optimal
2021-02-07 06:30:00,19,6,1.1428571428571428,2.012592592592592,0.0,1.3886666666666667,optimal
2021-02-07 07:00:00,19,6,1.1428571428571428,0.1548148148148148,1.7076336144509696,0.20583333333333328,optimal
2021-02-07 07:30:00,19,6,0.0,0.23222222222222222,0.0,3.4934333333333334,optimal
2021-02-07 08:00:00,19,6,0.0,0.23222222222222222,0.0,1.5597999999999999,optimal
2021-02-07 08:30:00,19,6,0.0,0.0,0.0,0.2423333333333333,optimal
2021-02-07 09:00:00,19,6,0.0,0.0,0.0,0.108,optimal
2021-02-07 09:30:00,19,6,0.0,0.23222222222222222,0.0,2.4975666666666667,optimal
2021-02-07 10:00:00,19,6,0.3823685199285114,0.0,0.0,2.056766666666667,optimal
2021-02-07 10:30:00,19,6,0.6291180248281795,0.0,0.0,0.188,optimal
2021-02-07 11:00:00,19,6,0.5236002725156242,0.0,0.0,0.23613333333333333,optimal
2021-02-07 11:30:00,19,6,0.5247355106108669,0.0,0.0,0.24159999999999998,optimal
2021-02-07 12:00:00,19,6,0.4620913220110305,0.0,0.0,0.2399,optimal
2021-02-07 12:30:00,19,6,0.44338084582054815,0.0,0.0,0.21266666666666662,optimal
2021-02-07 13:00:00,19,6,1.1428571428571428,0.0,0.0,0.07766666666666668,optimal
2021-02-07 13:30:00,19,6,1.1428571428571428,0.0,0.0,0.11416666666666668,optimal
2021-02-07 14:00:00,19,6,1.1428571428571428,0.0,0.0,0.23616666666666664,optimal
2021-02-07 14:30:00,19,6,1.1428571428571428,0.0,0.0,0.064,optimal
2021-02-07 15:00:00,19,6,1.1428571428571428,0.0,0.0,0.064,optimal
2021-02-07 15:30:00,19,6,1.1428571428571428,0.0,0.0,0.136,optimal
2021-02-07 16:00:00,19,6,0.0,0.1548148148148148,0.0,0.8894,optimal
2021-02-07 16:30:00,19,6,0.0,0.5418518518518518,0.0,0.31739999999999996,optimal
2021-02-07 17:00:00,19,6,0.0,0.1548148148148148,0.0,0.2446333333333333,optimal
2021-02-07 17:30:00,19,6,0.0,6.270000000000001,0.0,2.385,optimal
2021-02-07 18:00:00,19,6,0.0,0.46444444444444444,0.0,1.7140666666666666,optimal
2021-02-07 18:30:00,19,6,0.0,0.3096296296296296,0.0,0.9276,optimal
2021-02-07 19:00:00,19,6,0.0,0.1548148148148148,0.0,0.19163333333333332,optimal
2021-02-07 19:30:00,19,6,0.0,0.5418518518518518,0.0,0.3429,optimal
2021-02-07 20:00:00,19,6,0.3951442872869081,0.46444444444444444,0.0,1.7345666666666666,optimal
2021-02-07 20:30:00,19,6,0.0,0.23222222222222222,0.0,0.9882000000000001,optimal
2021-02-07 21:00:00,19,6,0.0,0.0,0.0,0.38203333333333334,optimal
2021-02-07 21:30:00,19,6,0.0,0.1548148148148148,0.0,0.321,optimal
2021-02-07 22:00:00,19,6,0.0,0.0,0.0,0.42210000000000003,optimal
2021-02-07 22:30:00,19,6,0.0,0.0,0.0,0.2065,optimal
2021-02-07 23:00:00,19,6,0.0,0.0,0.0,0.064,optimal
2021-02-07 23:30:00,19,6,0.0,0.0,0.0,0.28633333333333333,optimal
2021-02-08 00:00:00,19,6,0.0,0.0,0.0,0.039,optimal
2021-02-08 00:30:00,19,6,0.0,0.0,0.0,0.039,optimal
2021-02-08 01:00:00,19,6,0.0,0.0,0.0,0.051866666666666665,optimal
2021-02-08 01:30:00,19,6,0.567356794180923,0.0,0.0,0.16766666666666666,optimal
2021-02-08 02:00:00,19,6,1.1428571428571428,0.0,0.0,0.147,optimal
2021-02-08 02:30:00,19,6,1.1428571428571428,0.0,0.0,0.10333333333333332,optimal
2021-02-08 03:00:00,19,6,1.1428571428571428,0.0,0.0,0.22419999999999998,optimal
2021-02-08 03:30:00,19,6,1.1428571428571428,0.0,0.0,0.039,optimal
2021-02-08 04:00:00,19,6,1.1428571428571428,0.0,0.0,0.07116666666666667,optimal
2021-02-08 04:30:00,19,6,1.1428571428571428,0.0,0.0,0.17536666666666667,optimal
2021-02-08 05:00:00,19,6,1.1428571428571428,0.0,0.0,0.12,optimal
2021-02-08 05:30:00,19,6,1.1428571428571428,0.0,0.0,0.18053333333333332,optimal
2021-02-08 06:00:00,19,6,1.1428571428571428,0.0,0.0,0.147,optimal
2021-02-08 06:30:00,19,6,1.1428571428571428,0.0,2.3611251457861733,0.04543333333333333,optimal
2021-02-08 07:00:00,19,6,1.1428571428571428,0.0,5.0,0.1741,optimal
2021-02-08 07:30:00,19,6,1.1428571428571428,0.0,0.0,0.03933333333333334,optimal
2021-02-08 08:00:00,19,6,0.7009340079649085,0.0,0.0,0.2766,optimal
2021-02-08 08:30:00,19,6,0.7641743046189233,0.0,0.0,0.0606,optimal
2021-02-08 09:00:00,19,6,0.6335718828650022,0.0,0.0,0.1938666666666667,optimal
2021-02-08 09:30:00,19,6,0.5653838188363597,0.3096296296296296,0.0,0.5886,optimal
2021-02-08 10:00:00,19,6,0.2844979740088847,0.0,0.0,2.3835,optimal
2021-02-08 10:30:00,19,6,0.3002212761327663,0.0,0.0,0.4544666666666666,optimal
2021-02-08 11:00:00,19,6,0.07572169344645366,0.0,0.0,0.247,optimal
2021-02-08 11:30:00,19,6,0.0,0.1548148148148148,0.0,1.9215,optimal
2021-02-08 12:00:00,19,6,0.0,0.23222222222222222,0.0,0.2954333333333333,optimal
2021-02-08 12:30:00,19,6,0.0,0.1548148148148148,0.0,0.111,optimal
2021-02-08 13:00:00,19,6,0.0,0.0774074074074074,5.0,1.6829333333333334,optimal
2021-02-08 13:30:00,19,6,0.0,0.0,5.0,2.0901,optimal
2021-02-08 14:00:00,19,6,0.0,0.0,5.0,1.8629,optimal
2021-02-08 14:30:00,19,6,0.9529627765334681,0.0,0.0,0.41293333333333326,optimal
2021-02-08 15:00:00,19,6,1.1428571428571428,0.23222222222222222,0.0,2.078466666666667,optimal
2021-02-08 15:30:00,19,6,1.1428571428571428,0.0,0.0,1.3130333333333333,optimal
2021-02-08 16:00:00,19,6,0.0,0.0,0.0,0.2299,optimal
2021-02-08 16:30:00,19,6,0.0,0.23222222222222222,0.0,0.1313666666666667,optimal
2021-02-08 17:00:00,19,6,0.0,0.23222222222222222,0.0,0.7824333333333333,optimal
2021-02-08 17:30:00,19,6,0.0,0.6192592592592592,0.0,1.1584666666666668,optimal
2021-02-08 18:00:00,19,6,0.0,0.0,0.0,1.4841666666666666,optimal
2021-02-08 18:30:00,19,6,0.0,0.5418518518518518,0.0,0.3892333333333334,optimal
2021-02-08 19:00:00,19,6,0.0,0.46444444444444444,0.0,0.3198666666666667,optimal
2021-02-08 19:30:00,19,6,0.0,0.6966666666666667,0.0,0.14233333333333334,optimal
2021-02-08 20:00:00,19,6,0.0,0.3096296296296296,0.0,0.3300666666666667,optimal
2021-02-08 20:30:00,19,6,0.0,0.0,0.0,0.20796666666666666,optimal
2021-02-08 21:00:00,19,6,0.0,0.23222222222222222,0.0,0.41960000000000003,optimal
2021-02-08 21:30:00,19,6,0.0,0.0,0.0,1.2468666666666666,optimal
2021-02-08 22:00:00,19,6,0.0,0.0,0.0,0.5837,optimal
2021-02-08 22:30:00,19,6,0.0,0.0,0.0,0.33836666666666665,optimal
2021-02-08 23:00:00,19,6,0.0,0.0,0.0,0.17676666666666668,optimal
2021-02-08 23:30:00,19,6,0.0,0.0,0.0,0.29783333333333334,optimal
2021-02-09 00:00:00,19,6,0.0,0.0,0.0,0.056,optimal
2021-02-09 00:30:00,19,6,0.0,0.0,0.0,0.056,optimal
2021-02-09 01:00:00,19,6,0.0,0.0,0.0,0.056,optimal
2021-02-09 01:30:00,19,6,0.1009949363505065,0.0,0.0,0.1172,optimal
2021-02-09 02:00:00,19,6,1.1428571428571428,0.0,0.0,0.107,optimal
2021-02-09 02:30:00,19,6,1.1428571428571428,0.0,0.0,0.056,optimal
2021-02-09 03:00:00,19,6,1.1428571428571428,0.0,0.0,0.107,optimal
2021-02-09 03:30:00,19,6,1.1428571428571428,0.0,0.0,0.11686666666666666,optimal
2021-02-09 04:00:00,19,6,1.1428571428571428,0.0,1.7278282281468869,0.056,optimal
2021-02-09 04:30:00,19,6,1.1428571428571428,0.5418518518518518,5.0,0.36260000000000003,optimal
2021-02-09 05:00:00,19,6,1.1428571428571428,6.811851851851851,5.0,0.11776666666666669,optimal
2021-02-09 05:30:00,19,6,1.1428571428571428,0.6192592592592592,0.0,0.21753333333333333,optimal
2021-02-09 06:00:00,19,6,1.1428571428571428,0.0774074074074074,0.0,0.37373333333333336,optimal
2021-02-09 06:30:00,19,6,1.1428571428571428,0.0,0.0,0.2634666666666666,optimal
2021-02-09 07:00:00,19,6,1.1428571428571428,0.5418518518518518,0.0,1.7506333333333335,optimal
2021-02-09 07:30:00,19,6,1.1428571428571428,8.437407407407408,0.0,0.42260000000000003,optimal
2021-02-09 08:00:00,19,6,0.5701062016605698,1.8577777777777778,0.0,0.4901333333333333,optimal
2021-02-09 08:30:00,19,6,0.5561695662033609,0.1548148148148148,0.0,0.6403,optimal
2021-02-09 09:00:00,19,6,0.5133195512209402,1.548148148148148,0.0,0.497,optimal
2021-02-09 09:30:00,19,6,0.47456056602078944,0.46444444444444444,0.0,1.3143666666666665,optimal
2021-02-09 10:00:00,19,6,0.2648000182449984,0.0,0.0,1.4378333333333333,optimal
2021-02-09 10:30:00,19,6,0.40372213375281174,2.39962962962963,0.0,0.22790000000000002,optimal
2021-02-09 11:00:00,19,6,0.15388133670345147,0.0,0.0,0.6056666666666666,optimal
2021-02-09 11:30:00,19,6,0.2233088074240609,0.0,0.0,0.3678333333333333,optimal
2021-02-09 12:00:00,19,6,0.086346153362893,0.0,0.0,0.44863333333333333,optimal
2021-02-09 12:30:00,19,6,0.11284249216609761,0.0,0.0,0.3634,optimal
2021-02-09 13:00:00,19,6,0.662597264649291,0.0,0.0,0.37810000000000005,optimal
2021-02-09 13:30:00,19,6,1.1428571428571428,0.0,0.0,1.4401,optimal
2021-02-09 14:00:00,19,6,1.1428571428571428,0.0,0.0,2.5506333333333333,optimal
2021-02-09 14:30:00,19,6,1.1428571428571428,0.0,0.0,0.4835,optimal
2021-02-09 15:00:00,19,6,1.1428571428571428,0.0,0.0,0.066,optimal
2021-02-09 15:30:00,19,6,1.1428571428571428,0.0,0.0,0.1374,optimal
2021-02-09 16:00:00,19,6,0.0,0.0,0.0,0.10679999999999999,optimal
2021-02-09 16:30:00,19,6,0.0,0.0,0.0,0.066,optimal
2021-02-09 17:00:00,19,6,0.0,0.0,0.0,0.1782,optimal
2021-02-09 17:30:00,19,6,0.0,0.0,0.0,0.15133333333333335,optimal
2021-02-09 18:00:00,19,6,0.0,0.0,0.0,0.322,optimal
2021-02-09 18:30:00,19,6,0.0,0.3096296296296296,0.0,0.6047333333333333,optimal
2021-02-09 19:00:00,19,6,0.0,0.0,0.0,0.183,optimal
2021-02-09 19:30:00,19,6,0.0,0.0,0.0,1.8497333333333328,optimal
2021-02-09 20:00:00,19,6,0.0,5.805555555555555,0.0,0.5334333333333333,optimal
2021-02-09 20:30:00,19,6,0.0,0.1548148148148148,0.0,0.3469333333333333,optimal
2021-02-09 21:00:00,19,6,0.0,6.037777777777777,0.0,0.3639666666666666,optimal
2021-02-09 21:30:00,19,6,0.0,0.0,0.0,0.2944,optimal
2021-02-09 22:00:00,19,6,0.0,0.0,0.0,0.3521,optimal
2021-02-09 22:30:00,19,6,0.0,0.46444444444444444,0.0,0.30860000000000004,optimal
2021-02-09 23:00:00,19,6,0.0,0.0,0.0,0.4403,optimal
2021-02-09 23:30:00,19,6,0.0,0.0,0.0,0.3172333333333333,optimal
2021-02-10 00:00:00,19,6,0.0,0.0,0.0,0.054,optimal
2021-02-10 00:30:00,19,6,0.0,0.0,0.0,0.054,optimal
2021-02-10 01:00:00,19,6,0.749828611861952,0.0,0.0,0.054,optimal
2021-02-10 01:30:00,19,6,1.1428571428571428,0.0,0.0,0.055666666666666656,optimal
2021-02-10 02:00:00,19,6,1.1428571428571428,0.0,0.0,0.06233333333333334,optimal
2021-02-10 02:30:00,19,6,1.1428571428571428,0.0,0.0,0.054,optimal
2021-02-10 03:00:00,19,6,1.1428571428571428,0.0,0.0,0.054,optimal
2021-02-10 03:30:00,19,6,1.1428571428571428,0.0,4.72866963509296,0.054,optimal
2021-02-10 04:00:00,19,6,1.1428571428571428,0.1548148148148148,5.0,0.6246666666666666,optimal
2021-02-10 04:30:00,19,6,1.1428571428571428,0.46444444444444444,5.0,1.768,optimal
2021-02-10 05:00:00,19,6,1.1428571428571428,0.0,0.0,0.9162,optimal
2021-02-10 05:30:00,19,6,1.1428571428571428,0.46444444444444444,0.0,0.061200000000000004,optimal
2021-02-10 06:00:00,19,6,1.1428571428571428,0.0,0.0,0.06066666666666666,optimal
2021-02-10 06:30:00,19,6,1.1428571428571428,0.0,0.0,0.055666666666666656,optimal
2021-02-10 07:00:00,19,6,1.1428571428571428,0.0,0.0,0.064,optimal
2021-02-10 07:30:00,19,6,1.1428571428571428,0.0,0.0,0.064,optimal
2021-02-10 08:00:00,19,6,0.8633787243846673,0.0,0.0,0.054666666666666655,optimal
2021-02-10 08:30:00,19,6,0.8548028929813988,0.0,0.0,0.054,optimal
2021-02-10 09:00:00,19,6,0.7339226510820639,0.0,0.0,0.058333333333333334,optimal
2021-02-10 09:30:00,19,6,0.7253468196787956,0.0,0.0,0.054,optimal
2021-02-10 10:00:00,19,6,0.5347603919543145,0.0,0.0,0.054,optimal
2021-02-10 10:30:00,19,6,0.48465232792567353,0.387037037037037,0.0,0.10886666666666665,optimal
2021-02-10 11:00:00,19,6,0.24171063472861257,0.0,0.0,2.1774666666666667,optimal
2021-02-10 11:30:00,19,6,0.29708748093173987,0.0,0.0,0.5028666666666667,optimal
2021-02-10 12:00:00,19,6,0.15654798878096451,0.0,0.0,0.1502666666666667,optimal
2021-02-10 12:30:00,19,6,0.07644132211430187,0.0,0.0,2.5126999999999997,optimal
2021-02-10 13:00:00,19,6,1.1428571428571428,0.0,0.0,0.054,optimal
2021-02-10 13:30:00,19,6,1.1428571428571428,0.0,0.0,0.05866666666666666,optimal
2021-02-10 14:00:00,19,6,1.1428571428571428,0.0,0.0,0.064,optimal
2021-02-10 14:30:00,19,6,1.1428571428571428,0.0,0.0,0.055666666666666656,optimal
2021-02-10 15:00:00,19,6,1.1428571428571428,0.0,0.0,2.2645999999999997,optimal
2021-02-10 15:30:00,19,6,1.1428571428571428,0.815874074074074,0.0,1.1367333333333332,optimal
2021-02-10 16:00:00,19,6,0.0,0.19042222222222224,0.0,1.4556,optimal
2021-02-10 16:30:00,19,6,0.0,0.0,0.0,0.1844,optimal
2021-02-10 17:00:00,19,6,0.0,0.1548148148148148,0.0,0.1194,optimal
2021-02-10 17:30:00,19,6,0.0,0.1548148148148148,0.0,0.06733333333333333,optimal
2021-02-10 18:00:00,19,6,0.0,0.0,0.0,0.0856,optimal
2021-02-10 18:30:00,19,6,0.0,0.0,0.0,2.48,optimal
2021-02-10 19:00:00,19,6,0.0,0.0,0.0,0.246,optimal
2021-02-10 19:30:00,19,6,0.15035612866076578,0.0,0.0,0.1758,optimal
2021-02-10 20:00:00,19,6,0.5639055135592274,0.3096296296296296,0.0,2.6241,optimal
2021-02-10 20:30:00,19,6,0.0,0.0,0.0,0.20566666666666664,optimal
2021-02-10 21:00:00,19,6,0.0,0.6192592592592592,0.0,2.4994,optimal
2021-02-10 21:30:00,19,6,0.0,0.0,0.0,0.2661,optimal
2021-02-10 22:00:00,19,6,0.0,0.0,0.0,0.3441,optimal
2021-02-10 22:30:00,19,6,0.0,0.3096296296296296,0.0,0.43119999999999997,optimal
2021-02-10 23:00:00,19,6,0.0,0.5418518518518518,0.0,2.4705666666666666,optimal
2021-02-10 23:30:00,19,6,0.0,0.0774074074074074,0.0,0.2559333333333333,optimal
2021-02-11 00:00:00,19,6,1.1428571428571428,0.0,0.0,0.067,optimal
2021-02-11 00:30:00,19,6,1.1428571428571428,0.0,0.0,0.12279999999999999,optimal
2021-02-11 01:00:00,19,6,1.1428571428571428,0.0,0.0,0.060333333333333336,optimal
2021-02-11 01:30:00,19,6,1.1428571428571428,0.0,0.0,0.061,optimal
2021-02-11 02:00:00,19,6,1.1428571428571428,0.0,0.0,0.12279999999999999,optimal
2021-02-11 02:30:00,19,6,1.1428571428571428,0.0,0.0,0.06443333333333334,optimal
2021-02-11 03:00:00,19,6,1.1428571428571428,0.0,0.0,0.11936666666666666,optimal
2021-02-11 03:30:00,19,6,1.1428571428571428,0.0,0.0,0.061,optimal
2021-02-11 04:00:00,19,6,1.1428571428571428,0.0,0.0,0.061,optimal
2021-02-11 04:30:00,19,6,1.1428571428571428,0.0,0.0,0.12279999999999999,optimal
2021-02-11 05:00:00,19,6,1.1428571428571428,0.0,0.0,0.061,optimal
2021-02-11 05:30:00,19,6,1.1428571428571428,0.0,0.0,0.11593333333333333,optimal
2021-02-11 06:00:00,19,6,1.1428571428571428,0.0,2.829989763198575,0.06786666666666666,optimal
2021-02-11 06:30:00,19,6,1.1428571428571428,0.0,5.0,0.12279999999999999,optimal
2021-02-11 07:00:00,19,6,1.1428571428571428,0.0,5.0,0.061,optimal
2021-02-11 07:30:00,19,6,1.1428571428571428,0.4145046354012218,0.0,0.061,optimal
2021-02-11 08:00:00,19,6,0.8728293269063683,0.0,0.0,0.06866666666666667,optimal
2021-02-11 08:30:00,19,6,0.8704326290302469,0.0,0.0,0.0969,optimal
2021-02-11 09:00:00,19,6,0.6991335456303482,0.3096296296296296,0.0,0.08990000000000001,optimal
2021-02-11 09:30:00,19,6,0.5400686508390854,0.23222222222222222,0.0,0.059,optimal
2021-02-11 10:00:00,19,6,0.36324120412177585,0.0,0.0,0.12146666666666668,optimal
2021-02-11 10:30:00,19,6,0.49919726976015844,0.0,0.0,0.067,optimal
2021-02-11 11:00:00,19,6,0.33881100536874165,0.0,0.0,0.12813333333333332,optimal
2021-02-11 11:30:00,19,6,0.3243087804636162,0.0,0.0,0.061,optimal
2021-02-11 12:00:00,19,6,0.14476131289185223,0.0,0.0,0.12279999999999999,optimal
2021-02-11 12:30:00,19,6,0.13454700368836692,0.0,0.0,0.061,optimal
2021-02-11 13:00:00,19,6,1.1428571428571428,0.0,0.0,0.1268,optimal
2021-02-11 13:30:00,19,6,1.1428571428571428,0.0,0.0,0.06733333333333333,optimal
2021-02-11 14:00:00,19,6,1.1428571428571428,0.0,0.0,0.12279999999999999,optimal
2021-02-11 14:30:00,19,6,1.1428571428571428,0.0,0.0,0.061,optimal
2021-02-11 15:00:00,19,6,1.1428571428571428,0.0,0.0,0.08846666666666667,optimal
2021-02-11 15:30:00,19,6,1.1428571428571428,0.0,0.0,0.09533333333333331,optimal
2021-02-11 16:00:00,19,6,0.0,0.1548148148148148,0.0,0.0785,optimal
2021-02-11 16:30:00,19,6,0.0,0.0,0.0,0.172,optimal
2021-02-11 17:00:00,19,6,0.0,0.23222222222222222,0.0,0.07493333333333334,optimal
2021-02-11 17:30:00,19,6,0.0,0.8514814814814814,0.0,0.25203333333333333,optimal
2021-02-11 18:00:00,19,6,0.0,0.5418518518518518,0.0,0.2316,optimal
2021-02-11 18:30:00,19,6,0.0,0.387037037037037,0.0,0.382,optimal
2021-02-11 19:00:00,19,6,0.0,0.3096296296296296,0.0,0.2357333333333333,optimal
2021-02-11 19:30:00,19,6,0.3711947525957006,0.23222222222222222,0.0,1.4972333333333332,optimal
2021-02-11 20:00:00,19,6,0.897054444717632,0.3096296296296296,0.0,0.3118666666666667,optimal
2021-02-11 20:30:00,19,6,0.0,0.0,0.0,1.0414,optimal
2021-02-11 21:00:00,19,6,0.0,0.3096296296296296,0.0,0.5030333333333333,optimal
2021-02-11 21:30:00,19,6,0.0,0.3096296296296296,0.0,1.2449333333333334,optimal
2021-02-11 22:00:00,19,6,0.0,0.1548148148148148,0.0,0.2262333333333333,optimal
2021-02-11 22:30:00,19,6,0.0,0.23222222222222222,0.0,1.4247333333333332,optimal
2021-02-11 23:00:00,19,6,0.0,0.0,0.0,0.1328,optimal
2021-02-11 23:30:00,19,6,0.0,0.0,0.0,0.07033333333333333,optimal
2021-02-12 00:00:00,19,6,1.1428571428571428,0.0,0.0,0.06833333333333333,optimal
2021-02-12 00:30:00,19,6,1.1428571428571428,0.0,0.0,0.063,optimal
2021-02-12 01:00:00,19,6,1.1428571428571428,0.0,0.0,0.145,optimal
2021-02-12 01:30:00,19,6,1.1428571428571428,0.0,0.0,0.19246666666666667,optimal
2021-02-12 02:00:00,19,6,1.1428571428571428,0.0,0.0,0.2394,optimal
2021-02-12 02:30:00,19,6,1.1428571428571428,0.0,0.0,0.12279999999999999,optimal
2021-02-12 03:00:00,19,6,1.1428571428571428,0.387037037037037,0.0,0.0923,optimal
2021-02-12 03:30:00,19,6,1.1428571428571428,0.23222222222222222,0.0,0.26280000000000003,optimal
2021-02-12 04:00:00,19,6,1.1428571428571428,0.387037037037037,0.0,0.07403333333333333,optimal
2021-02-12 04:30:00,19,6,1.1428571428571428,0.23222222222222222,0.0,0.27313333333333334,optimal
2021-02-12 05:00:00,19,6,1.1428571428571428,0.23222222222222222,0.0,0.061,optimal
2021-02-12 05:30:00,19,6,1.1428571428571428,0.9288888888888889,2.883290362576974,0.2087,optimal
2021-02-12 06:00:00,19,6,1.1428571428571428,0.46444444444444444,5.0,2.373866666666667,optimal
2021-02-12 06:30:00,19,6,1.1428571428571428,0.23222222222222222,5.0,3.596966666666667,optimal
2021-02-12 07:00:00,19,6,1.1428571428571428,0.0,5.0,1.6307,optimal
2021-02-12 07:30:00,19,6,1.1428571428571428,2.3327806966999396,0.0,0.064,optimal
2021-02-12 08:00:00,19,6,0.800855743897423,0.6192592592592592,0.0,0.18746666666666667,optimal
2021-02-12 08:30:00,19,6,0.8522049086340272,0.1548148148148148,0.0,0.26293333333333335,optimal
2021-02-12 09:00:00,19,6,0.8758456037075487,0.0,0.0,0.073,optimal
2021-02-12 09:30:00,19,6,0.754178124938231,0.0,0.0,0.16866666666666666,optimal
2021-02-12 10:00:00,19,6,0.4622859768072034,0.0,0.0,0.16886666666666666,optimal
2021-02-12 10:30:00,19,6,0.46663907590542447,0.0,0.0,0.09359999999999999,optimal
2021-02-12 11:00:00,19,6,0.24980517553246667,0.0,0.0,0.20966666666666664,optimal
2021-02-12 11:30:00,19,6,0.2700516938721294,0.0,0.0,0.1313,optimal
2021-02-12 12:00:00,19,6,0.2137943010021408,0.0,0.0,0.10383333333333332,optimal
2021-02-12 12:30:00,19,6,0.16571700981798093,0.0,0.0,0.2646,optimal
2021-02-12 13:00:00,19,6,0.6038976549658742,0.0,0.0,0.07986666666666666,optimal
2021-02-12 13:30:00,19,6,1.1428571428571428,0.0,0.0,0.2576666666666667,optimal
2021-02-12 14:00:00,19,6,1.1428571428571428,0.0,0.0,0.10046666666666668,optimal
2021-02-12 14:30:00,19,6,1.1428571428571428,0.0,0.0,0.1755,optimal
2021-02-12 15:00:00,19,6,1.1428571428571428,0.0,0.0,0.148,optimal
2021-02-12 15:30:00,19,6,1.1428571428571428,0.0,0.0,0.17803333333333332,optimal
2021-02-12 16:00:00,19,6,0.0,2.012592592592592,0.0,0.3422,optimal
2021-02-12 16:30:00,19,6,0.0,0.387037037037037,0.0,0.24353333333333332,optimal
2021-02-12 17:00:00,19,6,0.0,0.5418518518518518,0.0,0.2805,optimal
2021-02-12 17:30:00,19,6,0.0,0.0,0.0,1.2822,optimal
2021-02-12 18:00:00,19,6,0.0,0.387037037037037,0.0,0.425,optimal
2021-02-12 18:30:00,19,6,0.0,0.387037037037037,0.0,0.30293333333333333,optimal
2021-02-12 19:00:00,19,6,0.0,1.9351851851851851,0.0,0.4433333333333333,optimal
2021-02-12 19:30:00,19,6,0.0,0.0,0.0,0.32743333333333335,optimal
2021-02-12 20:00:00,19,6,0.0,0.0,0.0,0.6151333333333333,optimal
2021-02-12 20:30:00,19,6,0.0,0.6192592592592592,0.0,0.8849,optimal
2021-02-12 21:00:00,19,6,0.0,0.1548148148148148,0.0,0.47983333333333333,optimal
2021-02-12 21:30:00,19,6,0.0,0.0,0.0,0.6011666666666666,optimal
2021-02-12 22:00:00,19,6,0.0,0.0774074074074074,0.0,0.4484333333333333,optimal
2021-02-12 22:30:00,19,6,0.0,0.0,0.0,0.663,optimal
2021-02-12 23:00:00,19,6,0.0,0.0,0.0,0.14483333333333334,optimal
2021-02-12 23:30:00,19,6,0.0,0.0,0.0,0.073,optimal
2021-02-13 00:00:00,19,6,0.0,0.0,0.0,0.05,optimal
2021-02-13 00:30:00,19,6,0.0,0.0,0.0,0.05,optimal
2021-02-13 01:00:00,19,6,0.6772384413225129,0.0,0.0,0.13040000000000002,optimal
2021-02-13 01:30:00,19,6,1.1428571428571428,0.0,0.0,0.0634,optimal
2021-02-13 02:00:00,19,6,1.1428571428571428,0.0,0.0,0.05,optimal
2021-02-13 02:30:00,19,6,1.1428571428571428,0.0,0.0,0.1438,optimal
2021-02-13 03:00:00,19,6,1.1428571428571428,0.0,0.0,0.05,optimal
2021-02-13 03:30:00,19,6,1.1428571428571428,0.0,0.0,0.05,optimal
2021-02-13 04:00:00,19,6,1.1428571428571428,0.0,0.0,0.1237,optimal
2021-02-13 04:30:00,19,6,1.1428571428571428,0.0,0.0,0.0701,optimal
2021-02-13 05:00:00,19,6,1.1428571428571428,0.0,0.0,0.05,optimal
2021-02-13 05:30:00,19,6,1.1428571428571428,0.0,0.0,0.05266666666666666,optimal
2021-02-13 06:00:00,19,6,1.1428571428571428,0.0,1.2064414720951415,0.15113333333333331,optimal
2021-02-13 06:30:00,19,6,1.1428571428571428,0.0,5.0,0.05,optimal
2021-02-13 07:00:00,19,6,1.1428571428571428,0.1548148148148148,5.0,0.04966666666666666,optimal
2021-02-13 07:30:00,19,6,1.1428571428571428,0.1548148148148148,0.0,1.3168,optimal
2021-02-13 08:00:00,19,6,0.7616768989755837,0.1548148148148148,0.0,0.1007,optimal
2021-02-13 08:30:00,19,6,0.7419615125533298,0.0,0.0,0.0852,optimal
2021-02-13 09:00:00,19,6,0.5245154188219425,0.1548148148148148,0.0,0.37860000000000005,optimal
2021-02-13 09:30:00,19,6,0.5757194390916659,0.387037037037037,0.0,0.0494,optimal
2021-02-13 10:00:00,19,6,0.40187114320507084,0.5418518518518518,0.0,0.08713333333333334,optimal
2021-02-13 10:30:00,19,6,0.32675766154472335,0.0774074074074074,0.0,1.2755999999999998,optimal
2021-02-13 11:00:00,19,6,0.0,0.0,0.0,2.892,optimal
2021-02-13 11:30:00,19,6,0.09673444789119638,0.0,0.0,3.0914,optimal
2021-02-13 12:00:00,19,6,0.2754850668892922,0.0,0.0,0.1387,optimal
2021-02-13 12:30:00,19,6,0.2724371511876528,0.0,0.0,0.1438,optimal
2021-02-13 13:00:00,19,6,1.1428571428571428,0.0,0.0,0.2494,optimal
2021-02-13 13:30:00,19,6,1.1428571428571428,0.0,0.0,0.1879,optimal
2021-02-13 14:00:00,19,6,1.1428571428571428,0.0,0.0,0.0868,optimal
2021-02-13 14:30:00,19,6,1.1428571428571428,0.0,0.0,0.127,optimal
2021-02-13 15:00:00,19,6,1.1428571428571428,0.0,0.0,0.06,optimal
2021-02-13 15:30:00,19,6,1.1428571428571428,0.0,0.0,0.15380000000000002,optimal
2021-02-13 16:00:00,19,6,0.0,0.0,0.0,0.06,optimal
2021-02-13 16:30:00,19,6,0.0,0.3096296296296296,0.0,0.4036,optimal
2021-02-13 17:00:00,19,6,0.0,0.0,0.0,0.5531,optimal
2021-02-13 17:30:00,19,6,0.0,1.548148148148148,0.0,0.315,optimal
2021-02-13 18:00:00,19,6,0.0,0.23222222222222222,0.0,0.3688,optimal
2021-02-13 18:30:00,19,6,0.0,0.387037037037037,0.0,0.8067000000000001,optimal
2021-02-13 19:00:00,19,6,0.0,0.46444444444444444,0.0,1.3444,optimal
2021-02-13 19:30:00,19,6,0.12650426663016767,0.1548148148148148,0.0,0.3997,optimal
2021-02-13 20:00:00,19,6,0.5873750997876541,1.433585185185185,0.0,0.34686666666666666,optimal
2021-02-13 20:30:00,19,6,0.0,0.7338222222222224,0.0,0.1956,optimal
2021-02-13 21:00:00,19,6,0.0,0.1548148148148148,0.0,0.22369999999999998,optimal
2021-02-13 21:30:00,19,6,0.0,0.0,0.0,0.4681,optimal
2021-02-13 22:00:00,19,6,0.0,0.6192592592592592,0.0,0.1797,optimal
2021-02-13 22:30:00,19,6,0.0,0.1548148148148148,0.0,0.1911,optimal
2021-02-13 23:00:00,19,6,0.0,5.65074074074074,0.0,0.07859999999999999,optimal
2021-02-13 23:30:00,19,6,0.0,0.0,0.0,0.1938,optimal
2021-02-07 00:00:00,20,6,0.0,0.3096296296296296,0.0,0.5288333333333334,optimal
2021-02-07 00:30:00,20,6,0.0,0.0,0.0,0.1849,optimal
2021-02-07 01:00:00,20,6,0.0,0.0,0.0,0.060233333333333326,optimal
2021-02-07 01:30:00,20,6,0.0,0.0,0.0,0.12256666666666666,optimal
2021-02-07 02:00:00,20,6,0.0,0.0,0.0,0.12256666666666666,optimal
2021-02-07 02:30:00,20,6,0.0,0.0,0.0,0.054,optimal
2021-02-07 03:00:00,20,6,0.0,0.0,0.0,0.19113333333333332,optimal
2021-02-07 03:30:00,20,6,0.0,0.0,0.0,0.054,optimal
2021-02-07 04:00:00,20,6,1.1428571428571428,0.0,0.0,0.054,optimal
2021-02-07 04:30:00,20,6,1.1428571428571428,0.0,0.0,0.19113333333333332,optimal
2021-02-07 05:00:00,20,6,1.1428571428571428,0.0,0.0,0.054,optimal
2021-02-07 05:30:00,20,6,1.1428571428571428,0.0,0.0,0.16196666666666668,optimal
2021-02-07 06:00:00,20,6,1.1428571428571428,0.0,0.0,0.09016666666666669,optimal
2021-02-07 06:30:00,20,6,1.1428571428571428,0.0,0.0,0.11009999999999999,optimal
2021-02-07 07:00:00,20,6,1.1428571428571428,0.6192592592592592,1.7076336144509696,1.7087999999999999,optimal
2021-02-07 07:30:00,20,6,0.0,0.387037037037037,0.0,2.3492333333333333,optimal
2021-02-07 08:00:00,20,6,0.0,1.2385185185185184,0.0,0.5754,optimal
2021-02-07 08:30:00,20,6,0.0,2.012592592592592,0.0,0.26126666666666665,optimal
2021-02-07 09:00:00,20,6,0.5432710358229149,0.0,0.0,0.07023333333333333,optimal
2021-02-07 09:30:00,20,6,0.6820099615388262,0.0,0.0,0.19490000000000002,optimal
2021-02-07 10:00:00,20,6,0.64368725198369,0.0,0.0,0.064,optimal
2021-02-07 10:30:00,20,6,0.6123561200662846,0.0,0.0,0.18866666666666662,optimal
2021-02-07 11:00:00,20,6,0.5499507487061065,0.0,0.0,0.07646666666666667,optimal
2021-02-07 11:30:00,20,6,0.5535126534680109,0.0,0.0,0.064,optimal
2021-02-07 12:00:00,20,6,0.5035477920567664,0.0,0.0,0.20113333333333333,optimal
2021-02-07 12:30:00,20,6,1.1428571428571428,0.0,0.0,0.064,optimal
2021-02-07 13:00:00,20,6,1.1428571428571428,0.0,0.0,0.1762,optimal
2021-02-07 13:30:00,20,6,1.1428571428571428,0.0,0.0,0.08893333333333334,optimal
2021-02-07 14:00:00,20,6,1.1428571428571428,0.0,0.0,0.12633333333333333,optimal
2021-02-07 14:30:00,20,6,1.1428571428571428,0.0,0.0,0.1388,optimal
2021-02-07 15:00:00,20,6,1.1428571428571428,0.0,0.0,0.064,optimal
2021-02-07 15:30:00,20,6,1.1428571428571428,0.0,0.0,0.20113333333333333,optimal
2021-02-07 16:00:00,20,6,0.0,0.0,0.0,0.064,optimal
2021-02-07 16:30:00,20,6,0.0,0.0,0.0,0.13333333333333333,optimal
2021-02-07 17:00:00,20,6,0.0,0.0,0.0,0.16996666666666665,optimal
2021-02-07 17:30:00,20,6,0.0,0.0,0.0,0.09516666666666669,optimal
2021-02-07 18:00:00,20,6,0.0,0.0,0.0,2.367866666666667,optimal
2021-02-07 18:30:00,20,6,0.0,0.0774074074074074,0.0,0.317,optimal
2021-02-07 19:00:00,20,6,0.0,0.46444444444444444,0.0,0.3424,optimal
2021-02-07 19:30:00,20,6,0.4722219067326256,0.0,0.0,2.384266666666667,optimal
2021-02-07 20:00:00,20,6,0.5229171448278691,0.0,0.0,0.5019666666666666,optimal
2021-02-07 20:30:00,20,6,0.0,0.23222222222222222,0.0,0.5103333333333333,optimal
2021-02-07 21:00:00,20,6,0.0,0.0,0.0,1.2532333333333332,optimal
2021-02-07 21:30:00,20,6,0.0,0.23222222222222222,0.0,4.370233333333333,optimal
2021-02-07 22:00:00,20,6,0.0,0.0,0.0,1.7046666666666668,optimal
2021-02-07 22:30:00,20,6,0.0,0.0,0.0,0.064,optimal
2021-02-07 23:00:00,20,6,0.0,0.0,0.0,0.13256666666666667,optimal
2021-02-07 23:30:00,20,6,0.0,0.0,0.0,0.13256666666666667,optimal
2021-02-08 00:00:00,20,6,0.0,0.0,0.0,0.043,optimal
2021-02-08 00:30:00,20,6,0.0,0.0,0.0,0.18306666666666663,optimal
2021-02-08 01:00:00,20,6,0.0,0.0,0.0,0.043,optimal
2021-02-08 01:30:00,20,6,0.0,0.0,0.0,0.13213333333333332,optimal
2021-02-08 02:00:00,20,6,1.0747209233940067,0.0,0.0,0.1933666666666667,optimal
2021-02-08 02:30:00,20,6,1.1428571428571428,0.0,0.0,0.04823333333333333,optimal
2021-02-08 03:00:00,20,6,1.1428571428571428,0.0,0.0,0.21969999999999998,optimal
2021-02-08 03:30:00,20,6,1.1428571428571428,0.0,0.0,0.11103333333333332,optimal
2021-02-08 04:00:00,20,6,1.1428571428571428,0.0,0.0,0.043,optimal
2021-02-08 04:30:00,20,6,1.1428571428571428,0.0,0.0,0.043,optimal
2021-02-08 05:00:00,20,6,1.1428571428571428,0.0,0.0,0.21446666666666667,optimal
2021-02-08 05:30:00,20,6,1.1428571428571428,0.0,0.0,0.11626666666666668,optimal
2021-02-08 06:00:00,20,6,1.1428571428571428,0.0,0.32596428033980973,0.06983333333333333,optimal
2021-02-08 06:30:00,20,6,1.1428571428571428,0.23222222222222222,5.0,0.26689999999999997,optimal
2021-02-08 07:00:00,20,6,1.1428571428571428,1.0837037037037036,5.0,0.041,optimal
2021-02-08 07:30:00,20,6,1.1428571428571428,0.5418518518518518,0.0,0.49860000000000004,optimal
2021-02-08 08:00:00,20,6,0.6545721032029926,0.3096296296296296,0.0,0.08383333333333333,optimal
2021-02-08 08:30:00,20,6,0.6401362093808242,0.0,0.0,0.11566666666666668,optimal
2021-02-08 09:00:00,20,6,0.2688956923888115,1.006296296296296,0.0,1.4814666666666667,optimal
2021-02-08 09:30:00,20,6,0.5478257235982634,0.0774074074074074,0.0,0.1422,optimal
2021-02-08 10:00:00,20,6,0.23985606924697608,0.0774074074074074,0.0,0.7303666666666667,optimal
2021-02-08 10:30:00,20,6,0.2435069904184865,0.23222222222222222,0.0,0.7714333333333333,optimal
2021-02-08 11:00:00,20,6,0.24377693154169516,0.46444444444444444,0.0,0.5135666666666667,optimal
2021-02-08 11:30:00,20,6,0.12450044441149452,2.2448148148148146,0.0,1.2828333333333333,optimal
2021-02-08 12:00:00,20,6,0.14751556155706066,0.1548148148148148,0.0,0.2838,optimal
2021-02-08 12:30:00,20,6,0.16250353967759865,0.3096296296296296,0.0,0.5741666666666666,optimal
2021-02-08 13:00:00,20,6,0.041808632908300565,0.0,0.0,1.4955,optimal
2021-02-08 13:30:00,20,6,0.11131556726917644,0.23222222222222222,0.0,2.4644333333333335,optimal
2021-02-08 14:00:00,20,6,1.1428571428571428,0.0,0.0,3.4174333333333333,optimal
2021-02-08 14:30:00,20,6,1.1428571428571428,0.0,0.0,1.0228666666666668,optimal
2021-02-08 15:00:00,20,6,1.1428571428571428,0.23222222222222222,0.0,0.1879333333333333,optimal
2021-02-08 15:30:00,20,6,1.1428571428571428,0.0,0.0,1.5110999999999999,optimal
2021-02-08 16:00:00,20,6,0.0,0.0774074074074074,0.0,0.34863333333333335,optimal
2021-02-08 16:30:00,20,6,0.0,0.0,0.0,0.1539,optimal
2021-02-08 17:00:00,20,6,0.0,1.2385185185185184,0.0,0.1623,optimal
2021-02-08 17:30:00,20,6,0.0,3.173703703703704,0.0,1.6894666666666667,optimal
2021-02-08 18:00:00,20,6,0.0,0.1548148148148148,0.0,0.40613333333333335,optimal
2021-02-08 18:30:00,20,6,0.0,0.5418518518518518,0.0,0.3576666666666667,optimal
2021-02-08 19:00:00,20,6,0.0,0.46444444444444444,0.0,0.37760000000000005,optimal
2021-02-08 19:30:00,20,6,0.0,0.23222222222222222,0.0,1.0092999999999999,optimal
2021-02-08 20:00:00,20,6,0.0,0.0,0.0,2.7674666666666665,optimal
2021-02-08 20:30:00,20,6,0.0,0.1548148148148148,0.0,2.1480333333333332,optimal
2021-02-08 21:00:00,20,6,0.0,1.548148148148148,0.0,0.051,optimal
2021-02-08 21:30:00,20,6,0.0,0.0,0.0,0.2700666666666667,optimal
2021-02-08 22:00:00,20,6,0.0,0.0,0.0,0.4044666666666666,optimal
2021-02-08 22:30:00,20,6,0.0,0.0,0.0,0.19646666666666668,optimal
2021-02-08 23:00:00,20,6,0.0,0.0,0.0,0.3187333333333333,optimal
2021-02-08 23:30:00,20,6,0.0,0.0,0.0,0.14673333333333333,optimal
2021-02-09 00:00:00,20,6,0.0,0.0,0.0,0.057,optimal
2021-02-09 00:30:00,20,6,0.0,0.0,0.0,0.1075,optimal
2021-02-09 01:00:00,20,6,0.0,0.0,0.0,0.06709999999999999,optimal
2021-02-09 01:30:00,20,6,0.5564392750663901,0.0,0.0,0.15386666666666668,optimal
2021-02-09 02:00:00,20,6,1.1428571428571428,0.0,0.0,0.1134,optimal
2021-02-09 02:30:00,20,6,1.1428571428571428,0.0,0.0,0.07046666666666666,optimal
2021-02-09 03:00:00,20,6,1.1428571428571428,0.0,0.0,0.10413333333333334,optimal
2021-02-09 03:30:00,20,6,1.1428571428571428,0.0,0.0,0.14966666666666667,optimal
2021-02-09 04:00:00,20,6,1.1428571428571428,0.0,0.0,0.1176,optimal
2021-02-09 04:30:00,20,6,1.1428571428571428,0.0,0.0,0.057,optimal
2021-02-09 05:00:00,20,6,1.1428571428571428,0.0,3.9998946243826903,0.14966666666666667,optimal
2021-02-09 05:30:00,20,6,1.1428571428571428,0.0,5.0,0.1176,optimal
2021-02-09 06:00:00,20,6,1.1428571428571428,0.0,5.0,0.057,optimal
2021-02-09 06:30:00,20,6,1.1428571428571428,0.0,5.0,0.05633333333333333,optimal
2021-02-09 07:00:00,20,6,1.1428571428571428,0.387037037037037,5.0,0.1835,optimal
2021-02-09 07:30:00,20,6,1.1428571428571428,0.387037037037037,0.0,0.22876666666666667,optimal
2021-02-09 08:00:00,20,6,0.5535347730891506,0.5418518518518518,0.0,0.4898666666666667,optimal
2021-02-09 08:30:00,20,6,0.6998648042985945,1.7029629629629628,0.0,0.17186666666666667,optimal
2021-02-09 09:00:00,20,6,0.7297843131257054,0.0,0.0,0.0709,optimal
2021-02-09 09:30:00,20,6,0.6673205660207945,0.1548148148148148,0.0,0.17616666666666667,optimal
2021-02-09 10:00:00,20,6,0.4131466849116632,0.0,0.0,0.09359999999999999,optimal
2021-02-09 10:30:00,20,6,0.34259832422900716,0.0,0.0,0.16966666666666666,optimal
2021-02-09 11:00:00,20,6,0.13189086051298396,0.23222222222222222,0.0,0.10746666666666668,optimal
2021-02-09 11:30:00,20,6,0.11643833123358636,0.0,0.0,0.3002333333333333,optimal
2021-02-09 12:00:00,20,6,0.04664139145814056,0.0,0.0,0.10809999999999999,optimal
2021-02-09 12:30:00,20,6,0.030232968356575636,0.23222222222222222,0.0,0.2527,optimal
2021-02-09 13:00:00,20,6,1.1428571428571428,0.0,0.0,0.14166666666666666,optimal
2021-02-09 13:30:00,20,6,1.1428571428571428,0.0,0.0,0.15966666666666665,optimal
2021-02-09 14:00:00,20,6,1.1428571428571428,0.0,0.0,0.067,optimal
2021-02-09 14:30:00,20,6,1.1428571428571428,0.0,0.0,0.067,optimal
2021-02-09 15:00:00,20,6,1.1428571428571428,0.0,0.0,0.20553333333333332,optimal
2021-02-09 15:30:00,20,6,1.1428571428571428,0.0,0.0,0.08173333333333334,optimal
2021-02-09 16:00:00,20,6,0.0,0.0,0.0,0.14953333333333332,optimal
2021-02-09 16:30:00,20,6,0.0,0.0,0.0,0.13773333333333332,optimal
2021-02-09 17:00:00,20,6,0.0,0.1548148148148148,0.0,0.17543333333333333,optimal
2021-02-09 17:30:00,20,6,0.0,0.0,0.0,0.4304666666666666,optimal
2021-02-09 18:00:00,20,6,0.0,0.46444444444444444,0.0,1.0612666666666668,optimal
2021-02-09 18:30:00,20,6,0.0,0.387037037037037,0.0,0.112,optimal
2021-02-09 19:00:00,20,6,0.0,0.6966666666666667,0.0,0.3194666666666666,optimal
2021-02-09 19:30:00,20,6,0.0,0.387037037037037,0.0,0.08563333333333334,optimal
2021-02-09 20:00:00,20,6,0.5037937290535114,0.0,0.0,0.2282,optimal
2021-02-09 20:30:00,20,6,0.0,0.0,0.0,0.15059999999999998,optimal
2021-02-09 21:00:00,20,6,0.0,0.23222222222222222,0.0,0.1716,optimal
2021-02-09 21:30:00,20,6,0.0,7.353703703703704,0.0,0.13416666666666666,optimal
2021-02-09 22:00:00,20,6,0.0,0.46444444444444444,0.0,1.1742000000000001,optimal
2021-02-09 22:30:00,20,6,0.0,0.774074074074074,0.0,0.29,optimal
2021-02-09 23:00:00,20,6,0.0,0.3096296296296296,0.0,0.4013,optimal
2021-02-09 23:30:00,20,6,0.0,0.0774074074074074,0.0,1.9654666666666667,optimal
2021-02-10 00:00:00,20,6,0.0,0.0774074074074074,0.0,0.2147666666666667,optimal
2021-02-10 00:30:00,20,6,0.0,0.0,0.0,0.4964333333333333,optimal
2021-02-10 01:00:00,20,6,0.0,0.0774074074074074,0.0,0.4439333333333333,optimal
2021-02-10 01:30:00,20,6,0.06120542411005588,0.0,0.0,0.21956666666666663,optimal
2021-02-10 02:00:00,20,6,1.1428571428571428,0.0,0.0,0.16366666666666665,optimal
2021-02-10 02:30:00,20,6,1.1428571428571428,0.0,0.0,0.18913333333333332,optimal
2021-02-10 03:00:00,20,6,1.1428571428571428,0.0,0.0,0.11486666666666666,optimal
2021-02-10 03:30:00,20,6,1.1428571428571428,0.0,0.0,0.22566666666666663,optimal
2021-02-10 04:00:00,20,6,1.1428571428571428,0.0,0.0,0.22866666666666663,optimal
2021-02-10 04:30:00,20,6,1.1428571428571428,0.0,2.536542079458675,0.18416666666666662,optimal
2021-02-10 05:00:00,20,6,1.1428571428571428,0.0,5.0,0.14983333333333335,optimal
2021-02-10 05:30:00,20,6,1.1428571428571428,0.0,5.0,0.21566666666666662,optimal
2021-02-10 06:00:00,20,6,1.1428571428571428,0.0,5.0,0.191,optimal
2021-02-10 06:30:00,20,6,1.1428571428571428,0.1548148148148148,5.0,0.3231,optimal
2021-02-10 07:00:00,20,6,1.1428571428571428,0.3096296296296296,5.0,1.0188666666666668,optimal
2021-02-10 07:30:00,20,6,1.1428571428571428,1.8577777777777778,0.0,0.9269,optimal
2021-02-10 08:00:00,20,6,0.6703787243846764,0.3096296296296296,0.0,0.20766666666666664,optimal
2021-02-10 08:30:00,20,6,0.47054479774331065,0.0,0.0,1.1083666666666665,optimal
2021-02-10 09:00:00,20,6,0.3343426510820659,0.387037037037037,0.0,1.2255666666666667,optimal
2021-02-10 09:30:00,20,6,0.452280153012132,0.23222222222222222,0.0,0.4513666666666667,optimal
2021-02-10 10:00:00,20,6,0.3140842014781233,0.0,0.0,0.35086666666666666,optimal
2021-02-10 10:30:00,20,6,0.42189042316377345,0.0,0.0,0.2767,optimal
2021-02-10 11:00:00,20,6,0.3729430156810036,0.0,0.0,0.13633333333333333,optimal
2021-02-10 11:30:00,20,6,0.3881789095031675,0.0,0.0,0.068,optimal
2021-02-10 12:00:00,20,6,0.14590989354287562,0.0,0.0,0.33166666666666667,optimal
2021-02-10 12:30:00,20,6,0.20562417925715312,0.0,0.0,0.12266666666666669,optimal
2021-02-10 13:00:00,20,6,0.13438928326852642,0.0,0.0,0.41786666666666666,optimal
2021-02-10 13:30:00,20,6,0.6271187959483275,0.0,0.0,0.6095333333333333,optimal
2021-02-10 14:00:00,20,6,1.1428571428571428,0.0,0.0,0.8622000000000001,optimal
2021-02-10 14:30:00,20,6,1.1428571428571428,0.0,0.0,0.2541333333333333,optimal
2021-02-10 15:00:00,20,6,1.1428571428571428,0.0,0.0,0.2717,optimal
2021-02-10 15:30:00,20,6,1.1428571428571428,0.2740222222222222,0.0,0.31360000000000005,optimal
2021-02-10 16:00:00,20,6,0.0,0.035607407407407414,0.0,0.6213333333333334,optimal
2021-02-10 16:30:00,20,6,0.0,0.8514814814814814,0.0,0.8034666666666667,optimal
2021-02-10 17:00:00,20,6,0.0,0.1548148148148148,0.0,3.7592,optimal
2021-02-10 17:30:00,20,6,0.0,0.0,0.0,0.8478666666666667,optimal
2021-02-10 18:00:00,20,6,0.0,2.2448148148148146,0.0,0.3396,optimal
2021-02-10 18:30:00,20,6,0.0,0.0774074074074074,0.0,0.6718333333333334,optimal
2021-02-10 19:00:00,20,6,0.0,0.0,0.0,0.3311,optimal
2021-02-10 19:30:00,20,6,0.0,0.0,0.0,0.3045333333333334,optimal
2021-02-10 20:00:00,20,6,0.0,0.0,0.0,0.078,optimal
2021-02-10 20:30:00,20,6,0.0,0.3096296296296296,0.0,0.6569333333333333,optimal
2021-02-10 21:00:00,20,6,0.0,0.0,0.0,0.4126,optimal
2021-02-10 21:30:00,20,6,0.0,0.3096296296296296,0.0,0.5802333333333334,optimal
2021-02-10 22:00:00,20,6,0.0,0.0,0.0,0.221,optimal
2021-02-10 22:30:00,20,6,0.0,0.0,0.0,0.144,optimal
2021-02-10 23:00:00,20,6,0.0,0.0,0.0,0.078,optimal
2021-02-10 23:30:00,20,6,0.0,0.0,0.0,0.2423333333333333,optimal
2021-02-11 00:00:00,20,6,1.1428571428571428,0.0,0.0,0.12136666666666666,optimal
2021-02-11 00:30:00,20,6,1.1428571428571428,0.0,0.0,0.1835,optimal
2021-02-11 01:00:00,20,6,1.1428571428571428,0.0,0.0,0.067,optimal
2021-02-11 01:30:00,20,6,1.1428571428571428,0.0,0.0,0.19126666666666667,optimal
2021-02-11 02:00:00,20,6,1.1428571428571428,0.0,0.0,0.11359999999999999,optimal
2021-02-11 02:30:00,20,6,1.1428571428571428,0.0,0.0,0.067,optimal
2021-02-11 03:00:00,20,6,1.1428571428571428,0.0,0.0,0.2068,optimal
2021-02-11 03:30:00,20,6,1.1428571428571428,0.0,0.0,0.09806666666666666,optimal
2021-02-11 04:00:00,20,6,1.1428571428571428,0.0,0.0,0.067,optimal
2021-02-11 04:30:00,20,6,1.1428571428571428,0.0,0.0,0.23786666666666667,optimal
2021-02-11 05:00:00,20,6,1.1428571428571428,0.0,0.0,0.067,optimal
2021-02-11 05:30:00,20,6,1.1428571428571428,0.0,0.0,0.10583333333333332,optimal
2021-02-11 06:00:00,20,6,1.1428571428571428,2.8640740740740736,0.0,0.20003333333333334,optimal
2021-02-11 06:30:00,20,6,1.1428571428571428,0.387037037037037,0.0,0.118,optimal
2021-02-11 07:00:00,20,6,1.1428571428571428,0.387037037037037,4.8861603580833375,0.27326666666666666,optimal
2021-02-11 07:30:00,20,6,1.1428571428571428,1.8596855327807185,0.0,0.146,optimal
2021-02-11 08:00:00,20,6,0.5077845650016038,0.8514814814814814,0.0,1.6873666666666665,optimal
2021-02-11 08:30:00,20,6,0.43410405760167514,2.7092592592592597,0.0,1.3782333333333332,optimal
2021-02-11 09:00:00,20,6,0.5925621170589249,1.3360518518518516,0.0,0.2159,optimal
2021-02-11 09:30:00,20,6,0.443431507981942,2.2246888888888883,0.0,1.3448666666666667,optimal
2021-02-11 10:00:00,20,6,0.15425072793130157,0.5418518518518518,0.0,0.6187999999999999,optimal
2021-02-11 10:30:00,20,6,0.22015917452207176,0.3096296296296296,0.0,0.5619,optimal
2021-02-11 11:00:00,20,6,0.046005291083020095,0.23222222222222222,0.0,1.8583666666666663,optimal
2021-02-11 11:30:00,20,6,0.17028973284456803,0.23222222222222222,0.0,0.28633333333333333,optimal
2021-02-11 12:00:00,20,6,0.0,0.23222222222222222,0.0,2.0736999999999997,optimal
2021-02-11 12:30:00,20,6,0.0,0.6192592592592592,0.0,0.5599666666666667,optimal
2021-02-11 13:00:00,20,6,0.0,0.23222222222222222,5.0,0.34803333333333336,optimal
2021-02-11 13:30:00,20,6,0.3529611217618567,0.0,0.0,0.437,optimal
2021-02-11 14:00:00,20,6,1.1428571428571428,0.1548148148148148,0.0,0.41303333333333336,optimal
2021-02-11 14:30:00,20,6,1.1428571428571428,0.0,0.0,0.2592333333333333,optimal
2021-02-11 15:00:00,20,6,1.1428571428571428,0.0,0.0,0.4993666666666667,optimal
2021-02-11 15:30:00,20,6,1.1428571428571428,0.0,0.0,0.7301666666666666,optimal
2021-02-11 16:00:00,20,6,0.0,0.387037037037037,0.0,0.8538333333333333,optimal
2021-02-11 16:30:00,20,6,0.0,0.3096296296296296,0.0,0.6438666666666667,optimal
2021-02-11 17:00:00,20,6,0.0,0.46444444444444444,0.0,1.3405666666666667,optimal
2021-02-11 17:30:00,20,6,0.0,0.387037037037037,0.0,1.3889333333333334,optimal
2021-02-11 18:00:00,20,6,0.0,0.3096296296296296,0.0,1.0743666666666665,optimal
2021-02-11 18:30:00,20,6,0.0,0.387037037037037,0.0,0.30160000000000003,optimal
2021-02-11 19:00:00,20,6,0.0,0.23222222222222222,0.0,0.3801666666666667,optimal
2021-02-11 19:30:00,20,6,0.0,0.0774074074074074,0.0,0.1438,optimal
2021-02-11 20:00:00,20,6,0.0,0.1548148148148148,0.0,0.37960000000000005,optimal
2021-02-11 20:30:00,20,6,0.0,0.0,0.0,0.5952999999999999,optimal
2021-02-11 21:00:00,20,6,0.0,0.0,0.0,0.42560000000000003,optimal
2021-02-11 21:30:00,20,6,0.0,0.0,0.0,0.36260000000000003,optimal
2021-02-11 22:00:00,20,6,0.0,0.46444444444444444,0.0,1.3681666666666668,optimal
2021-02-11 22:30:00,20,6,0.0,0.1548148148148148,0.0,1.4670999999999998,optimal
2021-02-11 23:00:00,20,6,0.0,0.0,0.0,0.077,optimal
2021-02-11 23:30:00,20,6,0.0,0.0,0.0,0.077,optimal
2021-02-12 00:00:00,20,6,1.1428571428571428,0.3096296296296296,0.0,0.057,optimal
2021-02-12 00:30:00,20,6,1.1428571428571428,0.0,0.0,0.19219999999999998,optimal
2021-02-12 01:00:00,20,6,1.1428571428571428,0.0,0.0,0.0736,optimal
2021-02-12 01:30:00,20,6,1.1428571428571428,0.0,0.0,0.058,optimal
2021-02-12 02:00:00,20,6,1.1428571428571428,0.0,0.0,0.058,optimal
2021-02-12 02:30:00,20,6,1.1428571428571428,0.0,0.0,0.12819999999999998,optimal
2021-02-12 03:00:00,20,6,1.1428571428571428,0.0,0.0,0.058,optimal
2021-02-12 03:30:00,20,6,1.1428571428571428,0.0,0.0,0.12819999999999998,optimal
2021-02-12 04:00:00,20,6,1.1428571428571428,0.0,0.0,0.058,optimal
2021-02-12 04:30:00,20,6,1.1428571428571428,0.0,0.0,0.12819999999999998,optimal
2021-02-12 05:00:00,20,6,1.1428571428571428,0.0,0.0,0.058,optimal
2021-02-12 05:30:00,20,6,1.1428571428571428,0.0,1.3487776246812115,0.12819999999999998,optimal
2021-02-12 06:00:00,20,6,1.1428571428571428,2.39962962962963,5.0,0.17166666666666666,optimal
2021-02-12 06:30:00,20,6,1.1428571428571428,0.23222222222222222,5.0,0.2883,optimal
2021-02-12 07:00:00,20,6,1.1428571428571428,0.23222222222222222,5.0,1.1521,optimal
2021-02-12 07:30:00,20,6,1.1428571428571428,2.3891190384970025,0.0,0.2539,optimal
2021-02-12 08:00:00,20,6,0.7032100296117044,0.3096296296296296,0.0,0.22590000000000002,optimal
2021-02-12 08:30:00,20,6,0.7621268133959289,4.567037037037037,0.0,0.09573333333333332,optimal
2021-02-12 09:00:00,20,6,0.6394246513265976,2.012592592592592,0.0,0.0832,optimal
2021-02-12 09:30:00,20,6,0.4005724106525228,0.387037037037037,0.0,1.7483333333333333,optimal
2021-02-12 10:00:00,20,6,0.29208597680720755,2.2448148148148146,0.0,0.138,optimal
2021-02-12 10:30:00,20,6,0.27348288542923344,0.3096296296296296,0.0,0.34326666666666666,optimal
2021-02-12 11:00:00,20,6,0.10904327077056544,0.0,0.0,0.3278333333333333,optimal
2021-02-12 11:30:00,20,6,0.07270502720546168,0.6192592592592592,0.0,0.4653,optimal
2021-02-12 12:00:00,20,6,0.0,0.387037037037037,0.0,0.30496666666666666,optimal
2021-02-12 12:30:00,20,6,0.0,0.5418518518518518,0.0,0.43546666666666656,optimal
2021-02-12 13:00:00,20,6,0.0,6.811851851851851,0.0,0.5301,optimal
2021-02-12 13:30:00,20,6,0.6469204022238598,0.1548148148148148,0.0,0.41333333333333333,optimal
2021-02-12 14:00:00,20,6,1.1428571428571428,0.23222222222222222,0.0,0.43860000000000005,optimal
2021-02-12 14:30:00,20,6,1.1428571428571428,0.3096296296296296,0.0,0.6293666666666666,optimal
2021-02-12 15:00:00,20,6,1.1428571428571428,0.5418518518518518,0.0,0.43460000000000004,optimal
2021-02-12 15:30:00,20,6,1.1428571428571428,0.8514814814814814,0.0,0.20516666666666664,optimal
2021-02-12 16:00:00,20,6,0.0,0.387037037037037,0.0,0.1555,optimal
2021-02-12 16:30:00,20,6,0.0,0.5418518518518518,0.0,0.2159,optimal
2021-02-12 17:00:00,20,6,0.0,0.387037037037037,0.0,0.5917,optimal
2021-02-12 17:30:00,20,6,0.0,0.387037037037037,0.0,0.517,optimal
2021-02-12 18:00:00,20,6,0.0,0.1548148148148148,0.0,0.5788333333333334,optimal
2021-02-12 18:30:00,20,6,0.0,0.3096296296296296,0.0,0.4579333333333333,optimal
2021-02-12 19:00:00,20,6,0.0,0.387037037037037,0.0,0.45963333333333334,optimal
2021-02-12 19:30:00,20,6,0.0,0.23222222222222222,0.0,0.45580000000000004,optimal
2021-02-12 20:00:00,20,6,0.0,0.0,0.0,0.4062,optimal
2021-02-12 20:30:00,20,6,0.0,0.0,0.0,0.48719999999999997,optimal
2021-02-12 21:00:00,20,6,0.0,0.23222222222222222,0.0,0.4685,optimal
2021-02-12 21:30:00,20,6,0.0,1.6255555555555554,0.0,0.394,optimal
2021-02-12 22:00:00,20,6,0.0,0.387037037037037,0.0,0.2555666666666666,optimal
2021-02-12 22:30:00,20,6,0.0,0.1548148148148148,0.0,0.3367333333333333,optimal
2021-02-12 23:00:00,20,6,0.0,0.0,0.0,0.3111333333333333,optimal
2021-02-12 23:30:00,20,6,0.0,0.0,0.0,0.068,optimal
2021-02-13 00:00:00,20,6,0.0,0.0,0.0,0.06823333333333334,optimal
2021-02-13 00:30:00,20,6,0.0,0.0,0.0,0.21563333333333332,optimal
2021-02-13 01:00:00,20,6,0.12378934143659352,0.0,0.0,0.062,optimal
2021-02-13 01:30:00,20,6,1.1428571428571428,0.0,0.0,0.25943333333333335,optimal
2021-02-13 02:00:00,20,6,1.1428571428571428,0.0,0.0,0.12176666666666668,optimal
2021-02-13 02:30:00,20,6,1.1428571428571428,0.0,0.0,0.062,optimal
2021-02-13 03:00:00,20,6,1.1428571428571428,0.0,0.0,0.23646666666666666,optimal
2021-02-13 03:30:00,20,6,1.1428571428571428,0.0,1.1017991732782513,0.14473333333333332,optimal
2021-02-13 04:00:00,20,6,1.1428571428571428,0.0,5.0,0.08693333333333333,optimal
2021-02-13 04:30:00,20,6,1.1428571428571428,0.0,5.0,0.22166666666666662,optimal
2021-02-13 05:00:00,20,6,1.1428571428571428,0.0,5.0,0.1346,optimal
2021-02-13 05:30:00,20,6,1.1428571428571428,0.0,5.0,0.2262333333333333,optimal
2021-02-13 06:00:00,20,6,1.1428571428571428,2.1674074074074072,5.0,0.20446666666666666,optimal
2021-02-13 06:30:00,20,6,1.1428571428571428,0.387037037037037,0.0,0.2346,optimal
2021-02-13 07:00:00,20,6,1.1428571428571428,0.0774074074074074,0.0,0.31839999999999996,optimal
2021-02-13 07:30:00,20,6,1.1428571428571428,1.7803703703703702,0.0,0.163,optimal
2021-02-13 08:00:00,20,6,0.6717930894517667,1.2385185185185184,0.0,1.1575333333333333,optimal
2021-02-13 08:30:00,20,6,0.47724722683904686,0.3096296296296296,0.0,1.0945,optimal
2021-02-13 09:00:00,20,6,0.4176011331076608,0.23222222222222222,0.0,0.9346,optimal
2021-02-13 09:30:00,20,6,0.5814146771869074,0.3096296296296296,0.0,0.24559999999999998,optimal
2021-02-13 10:00:00,20,6,0.41973780987173864,0.23222222222222222,0.0,0.27486666666666665,optimal
2021-02-13 10:30:00,20,6,0.4078776615447269,0.0,0.0,0.8229333333333333,optimal
2021-02-13 11:00:00,20,6,0.18441895574228667,1.7029629629629628,0.0,1.2318666666666667,optimal
2021-02-13 11:30:00,20,6,0.266092140748611,0.0,0.0,0.32639999999999997,optimal
2021-02-13 12:00:00,20,6,0.156530781175006,0.3096296296296296,0.0,0.421,optimal
2021-02-13 12:30:00,20,6,0.135120960711469,0.0,0.0,0.5299666666666667,optimal
2021-02-13 13:00:00,20,6,1.1428571428571428,0.0,0.0,2.6198333333333332,optimal
2021-02-13 13:30:00,20,6,1.1428571428571428,0.1548148148148148,0.0,2.665,optimal
2021-02-13 14:00:00,20,6,1.1428571428571428,0.1548148148148148,0.0,0.6644333333333333,optimal
2021-02-13 14:30:00,20,6,1.1428571428571428,0.0,0.0,0.49510000000000004,optimal
2021-02-13 15:00:00,20,6,1.1428571428571428,0.23222222222222222,0.0,0.2946666666666667,optimal
2021-02-13 15:30:00,20,6,1.1428571428571428,0.0,0.0,0.229,optimal
2021-02-13 16:00:00,20,6,0.0,0.0,0.0,0.0863,optimal
2021-02-13 16:30:00,20,6,0.0,0.0,0.0,0.32796666666666663,optimal
2021-02-13 17:00:00,20,6,0.0,0.0,0.0,1.3829333333333333,optimal
2021-02-13 17:30:00,20,6,0.0,0.35142962962962954,0.0,1.2509333333333335,optimal
2021-02-13 18:00:00,20,6,0.0,0.34523703703703695,0.0,0.5149333333333332,optimal
2021-02-13 18:30:00,20,6,0.0,0.3096296296296296,0.0,0.3691666666666667,optimal
2021-02-13 19:00:00,20,6,0.0,0.3096296296296296,0.0,0.3251,optimal
2021-02-13 19:30:00,20,6,0.0,0.1548148148148148,0.0,0.37806666666666666,optimal
2021-02-13 20:00:00,20,6,0.026894219976253738,0.5418518518518518,0.0,0.3252333333333333,optimal
2021-02-13 20:30:00,20,6,0.0,0.0,0.0,0.4107,optimal
2021-02-13 21:00:00,20,6,0.0,0.0,0.0,0.45376666666666665,optimal
2021-02-13 21:30:00,20,6,0.0,0.0,0.0,0.3521666666666667,optimal
2021-02-13 22:00:00,20,6,0.0,0.0,0.0,0.3670333333333334,optimal
2021-02-13 22:30:00,20,6,0.0,0.0,0.0,0.5837,optimal
2021-02-13 23:00:00,20,6,0.0,0.0,0.0,0.41503333333333337,optimal
2021-02-13 23:30:00,20,6,0.0,0.0,0.0,0.2780666666666667,optimal
2021-02-07 00:00:00,21,6,0.0,0.0,0.0,0.056799999999999996,optimal
2021-02-07 00:30:00,21,6,0.0,0.0,0.0,0.1432,optimal
2021-02-07 01:00:00,21,6,0.0,0.0,0.0,0.19646666666666668,optimal
2021-02-07 01:30:00,21,6,0.0,0.0,0.0,0.124,optimal
2021-02-07 02:00:00,21,6,0.0,0.0,0.0,0.16793333333333332,optimal
2021-02-07 02:30:00,21,6,0.0,0.0,0.0,0.10453333333333331,optimal
2021-02-07 03:00:00,21,6,0.0,0.0,0.0,0.15986666666666668,optimal
2021-02-07 03:30:00,21,6,0.0,0.0,0.0,0.1846,optimal
2021-02-07 04:00:00,21,6,1.1428571428571428,0.0,0.0,0.052,optimal
2021-02-07 04:30:00,21,6,1.1428571428571428,0.0,0.0,0.1789,optimal
2021-02-07 05:00:00,21,6,1.1428571428571428,0.774074074074074,1.1060376930150764,0.1789,optimal
2021-02-07 05:30:00,21,6,1.1428571428571428,0.0774074074074074,0.0,0.08656666666666667,optimal
2021-02-07 06:00:00,21,6,1.1428571428571428,0.6966666666666667,0.0,0.3664,optimal
2021-02-07 06:30:00,21,6,1.1428571428571428,7.585925925925924,0.0,0.16666666666666666,optimal
2021-02-07 07:00:00,21,6,1.1428571428571428,1.006296296296296,0.0,0.20446666666666666,optimal
2021-02-07 07:30:00,21,6,0.0,0.0,0.0,0.15733333333333335,optimal
2021-02-07 08:00:00,21,6,0.0,0.0,0.0,0.16706666666666667,optimal
2021-02-07 08:30:00,21,6,0.3895531093182629,0.0,0.0,0.1734,optimal
2021-02-07 09:00:00,21,6,0.7148396336753646,0.0,0.0,0.086,optimal
2021-02-07 09:30:00,21,6,0.6466385329674013,0.0,0.0,0.2682,optimal
2021-02-07 10:00:00,21,6,0.5168872519836936,0.0774074074074074,0.0,0.3468,optimal
2021-02-07 10:30:00,21,6,0.5502132629234247,0.0774074074074074,0.0,0.25466666666666665,optimal
2021-02-07 11:00:00,21,6,0.40692217727753766,0.23222222222222222,0.0,0.36989999999999995,optimal
2021-02-07 11:30:00,21,6,0.37736979632515294,0.0774074074074074,0.0,0.385,optimal
2021-02-07 12:00:00,21,6,0.3157808458205445,0.1548148148148148,0.0,0.3257,optimal
2021-02-07 12:30:00,21,6,0.4492951315348378,0.0,0.0,0.19006666666666663,optimal
2021-02-07 13:00:00,21,6,1.1428571428571428,0.0,0.0,0.09559999999999999,optimal
2021-02-07 13:30:00,21,6,1.1428571428571428,0.0,0.0,0.15343333333333334,optimal
2021-02-07 14:00:00,21,6,1.1428571428571428,0.0,0.0,0.21103333333333332,optimal
2021-02-07 14:30:00,21,6,1.1428571428571428,0.0,0.0,0.062,optimal
2021-02-07 15:00:00,21,6,1.1428571428571428,0.0,0.0,0.28326666666666667,optimal
2021-02-07 15:30:00,21,6,1.1428571428571428,0.0,0.0,0.2892,optimal
2021-02-07 16:00:00,21,6,0.0,0.0774074074074074,0.0,0.43539999999999995,optimal
2021-02-07 16:30:00,21,6,0.0,0.0,0.0,0.31376666666666664,optimal
2021-02-07 17:00:00,21,6,0.0,1.006296296296296,0.0,0.23036666666666666,optimal
2021-02-07 17:30:00,21,6,0.0,0.6966666666666667,0.0,0.33030000000000004,optimal
2021-02-07 18:00:00,21,6,0.0,0.0,0.0,0.31653333333333333,optimal
2021-02-07 18:30:00,21,6,0.0,0.0,0.0,0.3844333333333333,optimal
2021-02-07 19:00:00,21,6,0.0,0.3096296296296296,0.0,0.1268,optimal
2021-02-07 19:30:00,21,6,0.0,0.1548148148148148,0.0,0.32313333333333333,optimal
2021-02-07 20:00:00,21,6,0.4175339191475214,5.65074074074074,0.0,0.23006666666666664,optimal
2021-02-07 20:30:00,21,6,0.0,7.121481481481481,0.0,0.2866,optimal
2021-02-07 21:00:00,21,6,0.0,0.774074074074074,0.0,0.4686666666666667,optimal
2021-02-07 21:30:00,21,6,0.0,5.341111111111111,0.0,0.6962999999999999,optimal
2021-02-07 22:00:00,21,6,0.0,0.0774074074074074,0.0,1.1850333333333334,optimal
2021-02-07 22:30:00,21,6,0.0,0.387037037037037,0.0,0.6754,optimal
2021-02-07 23:00:00,21,6,0.0,2.1674074074074072,0.0,0.4675,optimal
2021-02-07 23:30:00,21,6,0.0,0.387037037037037,0.0,0.2791,optimal
2021-02-08 00:00:00,21,6,0.0,0.0,0.0,0.058333333333333334,optimal
2021-02-08 00:30:00,21,6,0.0,0.0,0.0,0.066,optimal
2021-02-08 01:00:00,21,6,0.0,0.0,0.0,0.2024,optimal
2021-02-08 01:30:00,21,6,0.0,0.0,0.0,0.066,optimal
2021-02-08 02:00:00,21,6,0.0,0.0,0.0,0.066,optimal
2021-02-08 02:30:00,21,6,1.0183200118813043,0.0,0.0,0.2024,optimal
2021-02-08 03:00:00,21,6,1.1428571428571428,0.0,0.0,0.066,optimal
2021-02-08 03:30:00,21,6,1.1428571428571428,0.0,0.0,0.066,optimal
2021-02-08 04:00:00,21,6,1.1428571428571428,0.0,0.0,0.2024,optimal
2021-02-08 04:30:00,21,6,1.1428571428571428,0.0,0.0,0.066,optimal
2021-02-08 05:00:00,21,6,1.1428571428571428,0.0,0.0,0.066,optimal
2021-02-08 05:30:00,21,6,1.1428571428571428,0.0,1.5689725256690454,0.13419999999999999,optimal
2021-02-08 06:00:00,21,6,1.1428571428571428,0.0,5.0,0.13419999999999999,optimal
2021-02-08 06:30:00,21,6,1.1428571428571428,0.3096296296296296,5.0,0.07146666666666666,optimal
2021-02-08 07:00:00,21,6,1.1428571428571428,3.251111111111111,5.0,0.085,optimal
2021-02-08 07:30:00,21,6,1.1428571428571428,1.1611111111111108,0.0,0.20553333333333332,optimal
2021-02-08 08:00:00,21,6,0.358848293679185,3.173703703703704,0.0,0.8994,optimal
2021-02-08 08:30:00,21,6,0.7249838284284412,0.5418518518518518,0.0,0.1596,optimal
2021-02-08 09:00:00,21,6,0.720533787626904,0.0,0.0,0.066,optimal
2021-02-08 09:30:00,21,6,0.6981590569315967,0.0,0.0,0.12179999999999999,optimal
2021-02-08 10:00:00,21,6,0.5316751168660322,0.0,0.0,0.1466,optimal
2021-02-08 10:30:00,21,6,0.45819270470420237,0.0,0.0,0.21396666666666667,optimal
2021-02-08 11:00:00,21,6,0.22515407439883914,0.0,0.0,0.3318,optimal
2021-02-08 11:30:00,21,6,0.22798615869720243,0.1548148148148148,0.0,0.1446,optimal
2021-02-08 12:00:00,21,6,0.13170794250944123,0.1548148148148148,0.0,1.3158333333333332,optimal
2021-02-08 12:30:00,21,6,0.314189253963314,0.0,0.0,0.066,optimal
2021-02-08 13:00:00,21,6,1.1428571428571428,0.0,0.0,0.066,optimal
2021-02-08 13:30:00,21,6,1.1428571428571428,0.0,0.0,0.066,optimal
2021-02-08 14:00:00,21,6,1.1428571428571428,0.1548148148148148,0.0,1.6008666666666667,optimal
2021-02-08 14:30:00,21,6,1.1428571428571428,0.0,0.0,0.24836666666666668,optimal
2021-02-08 15:00:00,21,6,1.1428571428571428,0.0,0.0,0.066,optimal
2021-02-08 15:30:00,21,6,1.1428571428571428,0.0,0.0,0.2024,optimal
2021-02-08 16:00:00,21,6,0.0,0.0,0.0,0.066,optimal
2021-02-08 16:30:00,21,6,0.0,0.1548148148148148,0.0,0.275,optimal
2021-02-08 17:00:00,21,6,0.0,0.0,0.0,1.2354666666666667,optimal
2021-02-08 17:30:00,21,6,0.0,0.0,0.0,1.3253333333333333,optimal
2021-02-08 18:00:00,21,6,0.0,0.0,0.0,0.347,optimal
2021-02-08 18:30:00,21,6,0.0,0.0,0.0,0.24919999999999998,optimal
2021-02-08 19:00:00,21,6,0.0,0.1548148148148148,0.0,0.3271,optimal
2021-02-08 19:30:00,21,6,0.0,0.5418518518518518,0.0,0.4093333333333333,optimal
2021-02-08 20:00:00,21,6,0.2026724209374739,0.0,0.0,0.16733333333333333,optimal
2021-02-08 20:30:00,21,6,0.0,0.0,0.0,0.47793333333333327,optimal
2021-02-08 21:00:00,21,6,0.0,0.3096296296296296,0.0,0.3542,optimal
2021-02-08 21:30:00,21,6,0.0,0.0,0.0,0.5435333333333333,optimal
2021-02-08 22:00:00,21,6,0.0,0.3096296296296296,0.0,1.3151,optimal
2021-02-08 22:30:00,21,6,0.0,0.0,0.0,0.11053333333333332,optimal
2021-02-08 23:00:00,21,6,0.0,4.721851851851852,0.0,0.3836,optimal
2021-02-08 23:30:00,21,6,0.0,0.9288888888888889,0.0,0.21866666666666662,optimal
2021-02-09 00:00:00,21,6,0.0,0.0,0.0,0.0665,optimal
2021-02-09 00:30:00,21,6,0.0,0.0,0.0,0.08016666666666668,optimal
2021-02-09 01:00:00,21,6,0.31023951555107165,0.0,0.0,0.064,optimal
2021-02-09 01:30:00,21,6,1.1428571428571428,0.0,0.0,0.064,optimal
2021-02-09 02:00:00,21,6,1.1428571428571428,0.0,0.0,0.064,optimal
2021-02-09 02:30:00,21,6,1.1428571428571428,0.0,0.0,0.064,optimal
2021-02-09 03:00:00,21,6,1.1428571428571428,0.0,0.0,0.064,optimal
2021-02-09 03:30:00,21,6,1.1428571428571428,0.0,0.0,0.064,optimal
2021-02-09 04:00:00,21,6,1.1428571428571428,0.0,0.0,0.064,optimal
2021-02-09 04:30:00,21,6,1.1428571428571428,0.0,0.0,0.064,optimal
2021-02-09 05:00:00,21,6,1.1428571428571428,0.0,0.0,0.064,optimal
2021-02-09 05:30:00,21,6,1.1428571428571428,0.0,0.1687293951790019,0.064,optimal
2021-02-09 06:00:00,21,6,1.1428571428571428,0.0,5.0,0.064,optimal
2021-02-09 06:30:00,21,6,1.1428571428571428,0.0,5.0,0.064,optimal
2021-02-09 07:00:00,21,6,1.1428571428571428,0.0,5.0,0.06933333333333333,optimal
2021-02-09 07:30:00,21,6,1.1428571428571428,0.0,0.0,0.074,optimal
2021-02-09 08:00:00,21,6,0.7094966778510485,0.0,0.0,0.24,optimal
2021-02-09 08:30:00,21,6,0.6825886138224061,5.186296296296297,0.0,0.16916666666666666,optimal
2021-02-09 09:00:00,21,6,0.6050890750304617,0.387037037037037,0.0,0.072,optimal
2021-02-09 09:30:00,21,6,0.5681300898303213,0.23222222222222222,0.0,0.293,optimal
2021-02-09 10:00:00,21,6,0.4502704944354737,0.46444444444444444,0.0,0.072,optimal
2021-02-09 10:30:00,21,6,0.2233602289909045,0.0,0.0,0.9226666666666666,optimal
2021-02-09 11:00:00,21,6,0.07350038432250426,0.1548148148148148,0.0,0.7743333333333333,optimal
2021-02-09 11:30:00,21,6,0.2795754740907356,0.23222222222222222,0.0,0.1274,optimal
2021-02-09 12:00:00,21,6,0.1282890105057522,0.0,0.0,0.3213333333333333,optimal
2021-02-09 12:30:00,21,6,0.17352820645180578,0.0,0.0,0.16076666666666667,optimal
2021-02-09 13:00:00,21,6,0.47335031452340903,0.0,0.0,0.074,optimal
2021-02-09 13:30:00,21,6,1.1428571428571428,0.0,0.0,0.074,optimal
2021-02-09 14:00:00,21,6,1.1428571428571428,0.0,0.0,0.074,optimal
2021-02-09 14:30:00,21,6,1.1428571428571428,0.0,0.0,0.07266666666666667,optimal
2021-02-09 15:00:00,21,6,1.1428571428571428,0.0,0.0,0.3035,optimal
2021-02-09 15:30:00,21,6,1.1428571428571428,0.23222222222222222,0.0,0.529,optimal
2021-02-09 16:00:00,21,6,0.0,0.6966666666666667,0.0,0.083,optimal
2021-02-09 16:30:00,21,6,0.0,0.5418518518518518,0.0,0.072,optimal
2021-02-09 17:00:00,21,6,0.0,0.46444444444444444,0.0,0.072,optimal
2021-02-09 17:30:00,21,6,0.0,0.0774074074074074,0.0,0.1975,optimal
2021-02-09 18:00:00,21,6,0.0,0.23222222222222222,0.0,0.24416666666666662,optimal
2021-02-09 18:30:00,21,6,0.0,0.23222222222222222,0.0,0.3685,optimal
2021-02-09 19:00:00,21,6,0.0,0.0,0.0,0.341,optimal
2021-02-09 19:30:00,21,6,0.0,0.5418518518518518,0.0,0.4564,optimal
2021-02-09 20:00:00,21,6,0.0,0.3096296296296296,0.0,0.5191666666666667,optimal
2021-02-09 20:30:00,21,6,0.0,0.3096296296296296,0.0,0.2325,optimal
2021-02-09 21:00:00,21,6,0.0,0.23222222222222222,0.0,0.2815,optimal
2021-02-09 21:30:00,21,6,0.0,0.0774074074074074,0.0,0.3545,optimal
2021-02-09 22:00:00,21,6,0.0,0.0,0.0,0.074,optimal
2021-02-09 22:30:00,21,6,0.0,0.0,0.0,0.074,optimal
2021-02-09 23:00:00,21,6,0.0,0.0,0.0,0.074,optimal
2021-02-09 23:30:00,21,6,0.0,0.0,0.0,0.06966666666666667,optimal
2021-02-10 00:00:00,21,6,0.0,0.0,0.0,0.059,optimal
2021-02-10 00:30:00,21,6,0.0,0.0,0.0,0.16366666666666665,optimal
2021-02-10 01:00:00,21,6,0.3287934402211211,0.0,0.0,0.17926666666666669,optimal
2021-02-10 01:30:00,21,6,1.1428571428571428,0.0,0.0,0.059,optimal
2021-02-10 02:00:00,21,6,1.1428571428571428,0.0,0.0,0.2074,optimal
2021-02-10 02:30:00,21,6,1.1428571428571428,0.0,0.0,0.13553333333333334,optimal
2021-02-10 03:00:00,21,6,1.1428571428571428,0.0,0.0,0.16366666666666665,optimal
2021-02-10 03:30:00,21,6,1.1428571428571428,0.0,0.0,0.17926666666666669,optimal
2021-02-10 04:00:00,21,6,1.1428571428571428,0.0,0.0,0.06946666666666666,optimal
2021-02-10 04:30:00,21,6,1.1428571428571428,0.0,0.0,0.2024,optimal
2021-02-10 05:00:00,21,6,1.1428571428571428,0.0,0.0,0.13006666666666666,optimal
2021-02-10 05:30:00,21,6,1.1428571428571428,0.0,0.0,0.059,optimal
2021-02-10 06:00:00,21,6,1.1428571428571428,0.0,3.6378417685118563,0.141,optimal
2021-02-10 06:30:00,21,6,1.1428571428571428,0.0,5.0,0.15483333333333335,optimal
2021-02-10 07:00:00,21,6,1.1428571428571428,0.0,5.0,0.14436666666666667,optimal
2021-02-10 07:30:00,21,6,1.1428571428571428,0.5418518518518518,0.0,0.21773333333333328,optimal
2021-02-10 08:00:00,21,6,0.31365491486086294,0.774074074074074,0.0,1.5519333333333334,optimal
2021-02-10 08:30:00,21,6,0.7757552739337814,0.0,0.0,0.21916666666666662,optimal
2021-02-10 09:00:00,21,6,0.7323512225106339,0.0,0.0,0.059,optimal
2021-02-10 09:30:00,21,6,0.6983563434883239,0.0,0.0,0.14796666666666666,optimal
2021-02-10 10:00:00,21,6,0.5287032490971738,0.0,0.0,0.0747,optimal
2021-02-10 10:30:00,21,6,0.4923951850685344,0.0,0.0,0.17926666666666669,optimal
2021-02-10 11:00:00,21,6,0.3944668252048138,0.0,0.0,0.059,optimal
2021-02-10 11:30:00,21,6,0.335217004741268,0.0,0.0,0.2513666666666667,optimal
2021-02-10 12:00:00,21,6,0.2139384649714411,0.0,0.0,0.09156666666666666,optimal
2021-02-10 12:30:00,21,6,0.2232432268762002,0.0,0.0,0.059,optimal
2021-02-10 13:00:00,21,6,1.1428571428571428,0.0,0.0,0.16366666666666665,optimal
2021-02-10 13:30:00,21,6,1.1428571428571428,0.0,0.0,0.1082,optimal
2021-02-10 14:00:00,21,6,1.1428571428571428,0.0,0.0,0.13006666666666666,optimal
2021-02-10 14:30:00,21,6,1.1428571428571428,0.0,0.0,0.16366666666666665,optimal
2021-02-10 15:00:00,21,6,1.1428571428571428,0.0,0.0,0.17926666666666669,optimal
2021-02-10 15:30:00,21,6,1.1428571428571428,0.0,0.0,0.26766666666666666,optimal
2021-02-10 16:00:00,21,6,0.0,0.0,0.0,0.163,optimal
2021-02-10 16:30:00,21,6,0.0,0.6192592592592592,0.0,0.37953333333333333,optimal
2021-02-10 17:00:00,21,6,0.0,0.5418518518518518,0.0,1.0379,optimal
2021-02-10 17:30:00,21,6,0.0,0.1548148148148148,0.0,0.4978666666666667,optimal
2021-02-10 18:00:00,21,6,0.0,0.3096296296296296,0.0,0.47603333333333336,optimal
2021-02-10 18:30:00,21,6,0.0,0.387037037037037,0.0,0.10333333333333332,optimal
2021-02-10 19:00:00,21,6,0.0,0.0,0.0,0.24586666666666668,optimal
2021-02-10 19:30:00,21,6,0.0,0.0,0.0,0.1458,optimal
2021-02-10 20:00:00,21,6,0.014107630777863596,0.0,0.0,0.4090666666666667,optimal
2021-02-10 20:30:00,21,6,0.0,0.0,0.0,0.4077,optimal
2021-02-10 21:00:00,21,6,0.0,0.23222222222222222,0.0,0.274,optimal
2021-02-10 21:30:00,21,6,0.0,0.0,0.0,0.3019,optimal
2021-02-10 22:00:00,21,6,0.0,0.0,0.0,0.23746666666666666,optimal
2021-02-10 22:30:00,21,6,0.0,0.0774074074074074,0.0,0.2134,optimal
2021-02-10 23:00:00,21,6,0.0,0.0,0.0,0.15780000000000002,optimal
2021-02-10 23:30:00,21,6,0.0,0.0,0.0,0.19406666666666664,optimal
2021-02-11 00:00:00,21,6,0.7164058377753106,0.0,0.0,0.054,optimal
2021-02-11 00:30:00,21,6,1.1428571428571428,0.0,0.0,0.16733333333333333,optimal
2021-02-11 01:00:00,21,6,1.1428571428571428,0.0,0.0,0.08733333333333333,optimal
2021-02-11 01:30:00,21,6,1.1428571428571428,0.0,0.0,0.12179999999999999,optimal
2021-02-11 02:00:00,21,6,1.1428571428571428,0.0,0.0,0.1873333333333333,optimal
2021-02-11 02:30:00,21,6,1.1428571428571428,0.0,0.0,0.1313666666666667,optimal
2021-02-11 03:00:00,21,6,1.1428571428571428,0.0,0.0,0.14443333333333333,optimal
2021-02-11 03:30:00,21,6,1.1428571428571428,0.0,0.0,0.114,optimal
2021-02-11 04:00:00,21,6,1.1428571428571428,0.0,0.0,0.06733333333333333,optimal
2021-02-11 04:30:00,21,6,1.1428571428571428,0.0,0.0,0.2551333333333333,optimal
2021-02-11 05:00:00,21,6,1.1428571428571428,0.0,0.0,0.054,optimal
2021-02-11 05:30:00,21,6,1.1428571428571428,0.0,0.0,0.09166666666666669,optimal
2021-02-11 06:00:00,21,6,1.1428571428571428,5.728148148148147,3.703693429342222,0.3067333333333333,optimal
2021-02-11 06:30:00,21,6,1.1428571428571428,0.6966666666666667,5.0,0.21586666666666668,optimal
2021-02-11 07:00:00,21,6,1.1428571428571428,2.0899999999999994,5.0,0.36860000000000004,optimal
2021-02-11 07:30:00,21,6,1.1428571428571428,1.0837037037037036,0.0,0.0814,optimal
2021-02-11 08:00:00,21,6,0.7432769459539831,1.4134592592592592,0.0,0.246,optimal
2021-02-11 08:30:00,21,6,0.7870421528397699,6.579629629629631,0.0,0.10866666666666669,optimal
2021-02-11 09:00:00,21,6,0.644200212297015,7.952837037037036,0.0,0.2164,optimal
2021-02-11 09:30:00,21,6,0.5469638889343144,0.0,0.0,0.28626666666666667,optimal
2021-02-11 10:00:00,21,6,0.2822507279312972,0.1548148148148148,0.0,0.24316666666666664,optimal
2021-02-11 10:30:00,21,6,0.4458925078554004,0.0,0.0,0.2584666666666666,optimal
2021-02-11 11:00:00,21,6,0.3587252910830172,0.0,0.0,0.064,optimal
2021-02-11 11:30:00,21,6,0.32656592332075196,0.0,0.0,0.064,optimal
2021-02-11 12:00:00,21,6,0.10770417003470711,0.0,0.0,0.26339999999999997,optimal
2021-02-11 12:30:00,21,6,0.43851930990875965,0.0,0.0,0.12940000000000002,optimal
2021-02-11 13:00:00,21,6,1.1428571428571428,0.0,0.0,0.4205,optimal
2021-02-11 13:30:00,21,6,1.1428571428571428,0.0,0.0,0.06776666666666667,optimal
2021-02-11 14:00:00,21,6,1.1428571428571428,0.0,0.0,0.144,optimal
2021-02-11 14:30:00,21,6,1.1428571428571428,0.0,0.0,0.19846666666666668,optimal
2021-02-11 15:00:00,21,6,1.1428571428571428,0.0,0.0,0.064,optimal
2021-02-11 15:30:00,21,6,1.1428571428571428,0.0,0.0,0.09616666666666669,optimal
2021-02-11 16:00:00,21,6,0.0,0.0,0.0,0.24630000000000002,optimal
2021-02-11 16:30:00,21,6,0.0,0.0,0.0,0.064,optimal
2021-02-11 17:00:00,21,6,0.0,0.0,0.0,0.07906666666666666,optimal
2021-02-11 17:30:00,21,6,0.0,0.0,0.0,0.13006666666666666,optimal
2021-02-11 18:00:00,21,6,0.0,0.0,0.0,0.20133333333333328,optimal
2021-02-11 18:30:00,21,6,0.0,0.23222222222222222,0.0,0.21656666666666663,optimal
2021-02-11 19:00:00,21,6,0.0,0.3096296296296296,0.0,0.14433333333333334,optimal
2021-02-11 19:30:00,21,6,0.834198738152165,0.5418518518518518,0.0,0.35003333333333336,optimal
2021-02-11 20:00:00,21,6,0.9155230161461965,0.0,0.0,1.0355999999999999,optimal
2021-02-11 20:30:00,21,6,0.0,0.0774074074074074,0.0,0.1288,optimal
2021-02-11 21:00:00,21,6,0.0,0.0,0.0,0.20533333333333328,optimal
2021-02-11 21:30:00,21,6,0.0,0.0,0.0,0.3701333333333333,optimal
2021-02-11 22:00:00,21,6,0.0,0.1548148148148148,0.0,0.6341,optimal
2021-02-11 22:30:00,21,6,0.0,0.3096296296296296,0.0,1.017966666666667,optimal
2021-02-11 23:00:00,21,6,0.0,0.0,0.0,0.23703333333333332,optimal
2021-02-11 23:30:00,21,6,0.0,0.0,0.0,0.08636666666666666,optimal
2021-02-12 00:00:00,21,6,1.1428571428571428,0.0,0.0,0.059,optimal
2021-02-12 00:30:00,21,6,1.1428571428571428,0.0,0.0,0.059,optimal
2021-02-12 01:00:00,21,6,1.1428571428571428,0.0,0.0,0.1238,optimal
2021-02-12 01:30:00,21,6,1.1428571428571428,0.0,0.0,0.059,optimal
2021-02-12 02:00:00,21,6,1.1428571428571428,0.0,0.0,0.113,optimal
2021-02-12 02:30:00,21,6,1.1428571428571428,0.0,0.0,0.0698,optimal
2021-02-12 03:00:00,21,6,1.1428571428571428,0.0,0.0,0.1022,optimal
2021-02-12 03:30:00,21,6,1.1428571428571428,0.0,0.0,0.08059999999999999,optimal
2021-02-12 04:00:00,21,6,1.1428571428571428,0.0,0.0,0.0698,optimal
2021-02-12 04:30:00,21,6,1.1428571428571428,0.0,0.0,0.113,optimal
2021-02-12 05:00:00,21,6,1.1428571428571428,0.0,0.0,0.059,optimal
2021-02-12 05:30:00,21,6,1.1428571428571428,0.0,0.0,0.1238,optimal
2021-02-12 06:00:00,21,6,1.1428571428571428,0.0,3.541828892291072,0.059333333333333335,optimal
2021-02-12 06:30:00,21,6,1.1428571428571428,0.0,5.0,0.069,optimal
2021-02-12 07:00:00,21,6,1.1428571428571428,0.0,5.0,0.1358,optimal
2021-02-12 07:30:00,21,6,1.1428571428571428,9.708762727421503,0.0,0.069,optimal
2021-02-12 08:00:00,21,6,0.861318601040277,0.8514814814814814,0.0,0.2376,optimal
2021-02-12 08:30:00,21,6,0.9003744324435534,0.1548148148148148,0.0,0.067,optimal
2021-02-12 09:00:00,21,6,0.7359503656123082,0.0,0.0,0.149,optimal
2021-02-12 09:30:00,21,6,0.3695781249382329,0.23222222222222222,0.0,1.5726,optimal
2021-02-12 10:00:00,21,6,0.2408726434738762,0.46444444444444444,0.0,0.6970333333333333,optimal
2021-02-12 10:30:00,21,6,0.32664859971494625,0.0,0.0,0.1414,optimal
2021-02-12 11:00:00,21,6,0.07682422315152125,0.3096296296296296,0.0,0.37126666666666663,optimal
2021-02-12 11:30:00,21,6,0.0,0.0,0.0,1.4301333333333335,optimal
2021-02-12 12:00:00,21,6,0.0,0.0,0.0,0.7283666666666667,optimal
2021-02-12 12:30:00,21,6,0.0,1.8206222222222221,0.0,1.0137333333333332,optimal
2021-02-12 13:00:00,21,6,1.1428571428571428,3.4430814814814816,0.0,0.8406,optimal
2021-02-12 13:30:00,21,6,1.1428571428571428,0.0774074074074074,0.0,0.2959333333333333,optimal
2021-02-12 14:00:00,21,6,1.1428571428571428,0.0,0.0,0.487,optimal
2021-02-12 14:30:00,21,6,1.1428571428571428,0.0,0.0,1.3715,optimal
2021-02-12 15:00:00,21,6,1.1428571428571428,0.0,0.0,0.141,optimal
2021-02-12 15:30:00,21,6,1.1428571428571428,0.0,0.0,0.2176,optimal
2021-02-12 16:00:00,21,6,0.0,0.0,0.0,0.1705,optimal
2021-02-12 16:30:00,21,6,0.0,0.0,0.0,0.1718,optimal
2021-02-12 17:00:00,21,6,0.0,0.0,0.0,0.0798,optimal
2021-02-12 17:30:00,21,6,0.0,0.0,0.0,0.123,optimal
2021-02-12 18:00:00,21,6,0.0,0.0,0.0,0.069,optimal
2021-02-12 18:30:00,21,6,0.0,0.0,0.0,0.1338,optimal
2021-02-12 19:00:00,21,6,0.0,0.0,0.0,0.111,optimal
2021-02-12 19:30:00,21,6,0.46860814063774414,0.0,0.0,0.1338,optimal
2021-02-12 20:00:00,21,6,0.8373465283590887,0.0,0.0,0.117,optimal
2021-02-12 20:30:00,21,6,0.0,0.0,0.0,0.2374,optimal
2021-02-12 21:00:00,21,6,0.0,0.0,0.0,0.26813333333333333,optimal
2021-02-12 21:30:00,21,6,0.0,0.23222222222222222,0.0,0.38739999999999997,optimal
2021-02-12 22:00:00,21,6,0.0,0.0,0.0,0.3509333333333333,optimal
2021-02-12 22:30:00,21,6,0.0,0.6192592592592592,0.0,0.24766666666666662,optimal
2021-02-12 23:00:00,21,6,0.0,0.0,0.0,0.2726,optimal
2021-02-12 23:30:00,21,6,0.0,7.431111111111111,0.0,0.2918,optimal
2021-02-13 00:00:00,21,6,0.0,0.0,0.0,0.0761,optimal
2021-02-13 00:30:00,21,6,0.0,0.0,0.0,0.06733333333333333,optimal
2021-02-13 01:00:00,21,6,0.8326877001484235,0.0,0.0,0.16403333333333334,optimal
2021-02-13 01:30:00,21,6,1.1428571428571428,0.0,0.0,0.1465,optimal
2021-02-13 02:00:00,21,6,1.1428571428571428,0.0,0.0,0.08623333333333333,optimal
2021-02-13 02:30:00,21,6,1.1428571428571428,0.0,0.0,0.2243,optimal
2021-02-13 03:00:00,21,6,1.1428571428571428,0.0,0.0,0.059,optimal
2021-02-13 03:30:00,21,6,1.1428571428571428,0.0,0.0,0.13486666666666666,optimal
2021-02-13 04:00:00,21,6,1.1428571428571428,0.0,0.0,0.17566666666666667,optimal
2021-02-13 04:30:00,21,6,1.1428571428571428,0.0,0.0,0.059,optimal
2021-02-13 05:00:00,21,6,1.1428571428571428,0.0,0.0,0.21230000000000002,optimal
2021-02-13 05:30:00,21,6,1.1428571428571428,0.0,2.281471304097627,0.09823333333333333,optimal
2021-02-13 06:00:00,21,6,1.1428571428571428,0.23222222222222222,5.0,0.08343333333333333,optimal
2021-02-13 06:30:00,21,6,1.1428571428571428,0.387037037037037,5.0,0.25046666666666667,optimal
2021-02-13 07:00:00,21,6,1.1428571428571428,1.006296296296296,0.0,0.07126666666666667,optimal
2021-02-13 07:30:00,21,6,1.1428571428571428,0.46444444444444444,0.0,0.2661,optimal
2021-02-13 08:00:00,21,6,0.8575245180232005,0.0,0.0,0.17276666666666668,optimal
2021-02-13 08:30:00,21,6,0.8878853220771498,0.0,0.0,0.059,optimal
2021-02-13 09:00:00,21,6,0.6590868473933725,0.0,0.0,0.332,optimal
2021-02-13 09:30:00,21,6,0.6326813438535663,0.0,0.0,0.2862333333333333,optimal
2021-02-13 10:00:00,21,6,0.5785473336812631,0.0,0.0,0.07303333333333333,optimal
2021-02-13 10:30:00,21,6,0.5723271853542566,0.0,0.0,0.09163333333333334,optimal
2021-02-13 11:00:00,21,6,0.3536551462184867,0.0,0.0,0.10990000000000001,optimal
2021-02-13 11:30:00,21,6,0.32864452170099473,0.0,0.0,0.18993333333333332,optimal
2021-02-13 12:00:00,21,6,0.2644469716511997,0.0,0.0,0.10926666666666668,optimal
2021-02-13 12:30:00,21,6,0.2316447702352709,0.0,0.0,0.2174,optimal
2021-02-13 13:00:00,21,6,1.1428571428571428,0.815874074074074,0.0,0.15313333333333332,optimal
2021-02-13 13:30:00,21,6,1.1428571428571428,0.0,0.0,0.1465,optimal
2021-02-13 14:00:00,21,6,1.1428571428571428,0.0,0.0,0.12490000000000001,optimal
2021-02-13 14:30:00,21,6,1.1428571428571428,0.0,0.0,0.1468,optimal
2021-02-13 15:00:00,21,6,1.1428571428571428,0.19042222222222224,0.0,0.3455666666666667,optimal
2021-02-13 15:30:00,21,6,1.1428571428571428,0.5418518518518518,0.0,0.12763333333333335,optimal
2021-02-13 16:00:00,21,6,0.0,0.0774074074074074,0.0,0.45156666666666667,optimal
2021-02-13 16:30:00,21,6,0.0,0.0,0.0,0.1495,optimal
2021-02-13 17:00:00,21,6,0.0,0.8514814814814814,0.0,0.1265,optimal
2021-02-13 17:30:00,21,6,0.0,0.46444444444444444,0.0,0.27393333333333336,optimal
2021-02-13 18:00:00,21,6,0.0,0.3096296296296296,0.0,0.31839999999999996,optimal
2021-02-13 18:30:00,21,6,0.0,0.0,0.0,0.32180000000000003,optimal
2021-02-13 19:00:00,21,6,0.0,0.0,0.0,0.2551333333333333,optimal
2021-02-13 19:30:00,21,6,0.1639823285187672,0.1548148148148148,0.0,0.2587,optimal
2021-02-13 20:00:00,21,6,0.6090512902638473,0.0,0.0,0.30156666666666665,optimal
2021-02-13 20:30:00,21,6,0.0,2.631851851851852,0.0,0.30460000000000004,optimal
2021-02-13 21:00:00,21,6,0.0,0.0774074074074074,0.0,0.6043666666666667,optimal
2021-02-13 21:30:00,21,6,0.0,0.0,0.0,0.32873333333333327,optimal
2021-02-13 22:00:00,21,6,0.0,0.0,0.0,0.20463333333333333,optimal
2021-02-13 22:30:00,21,6,0.0,0.0,0.0,0.23203333333333334,optimal
2021-02-13 23:00:00,21,6,0.0,0.0,0.0,0.0985,optimal
2021-02-13 23:30:00,21,6,0.0,0.0,0.0,0.08066666666666668,optimal
2021-02-07 00:00:00,22,6,0.0,0.0,0.0,0.039,optimal
2021-02-07 00:30:00,22,6,0.0,0.0,0.0,0.039,optimal
2021-02-07 01:00:00,22,6,0.0,0.0,0.0,0.039,optimal
2021-02-07 01:30:00,22,6,0.0,0.0,0.0,0.039,optimal
2021-02-07 02:00:00,22,6,0.0,0.0,0.0,0.039,optimal
2021-02-07 02:30:00,22,6,0.0,0.0,0.0,0.039,optimal
2021-02-07 03:00:00,22,6,0.0,0.0,0.0,0.039,optimal
2021-02-07 03:30:00,22,6,0.0,0.0,0.0,0.039,optimal
2021-02-07 04:00:00,22,6,1.1428571428571428,0.0,0.0,0.039,optimal
2021-02-07 04:30:00,22,6,1.1428571428571428,0.0,0.0,0.039,optimal
2021-02-07 05:00:00,22,6,1.1428571428571428,0.0,0.0,0.039,optimal
2021-02-07 05:30:00,22,6,1.1428571428571428,0.0,0.0,0.039,optimal
2021-02-07 06:00:00,22,6,1.1428571428571428,0.0,0.0,0.039,optimal
2021-02-07 06:30:00,22,6,1.1428571428571428,0.0,0.0,0.039,optimal
2021-02-07 07:00:00,22,6,1.1428571428571428,0.0,1.7076336144509696,0.039,optimal
2021-02-07 07:30:00,22,6,0.0,0.0,0.0,0.039,optimal
2021-02-07 08:00:00,22,6,0.41380206803064046,0.0,0.0,0.038,optimal
2021-02-07 08:30:00,22,6,0.48900616123746105,0.5418518518518518,0.0,2.6836666666666664,optimal
2021-02-07 09:00:00,22,6,0.4490186812944118,0.23222222222222222,0.0,1.465733333333333,optimal
2021-02-07 09:30:00,22,6,0.531522342491213,5.495925925925925,0.0,1.0257,optimal
2021-02-07 10:00:00,22,6,0.45746820436464986,0.0,0.0,2.053733333333333,optimal
2021-02-07 10:30:00,22,6,0.4619846914948467,0.1548148148148148,0.0,1.6471666666666667,optimal
2021-02-07 11:00:00,22,6,0.3198269391822936,0.0,0.0,2.1612,optimal
2021-02-07 11:30:00,22,6,0.352053605848961,0.0,0.0,0.4861333333333333,optimal
2021-02-07 12:00:00,22,6,0.11773703629674223,0.1548148148148148,0.0,3.4886999999999997,optimal
2021-02-07 12:30:00,22,6,0.0502837029634096,0.387037037037037,0.0,1.8845666666666663,optimal
2021-02-07 13:00:00,22,6,1.051467918490803,0.387037037037037,0.0,0.08486666666666666,optimal
2021-02-07 13:30:00,22,6,1.1428571428571428,0.0774074074074074,0.0,0.056799999999999996,optimal
2021-02-07 14:00:00,22,6,1.1428571428571428,0.3096296296296296,0.0,2.076833333333333,optimal
2021-02-07 14:30:00,22,6,1.1428571428571428,0.0774074074074074,0.0,2.1957,optimal
2021-02-07 15:00:00,22,6,1.1428571428571428,0.387037037037037,0.0,0.17806666666666665,optimal
2021-02-07 15:30:00,22,6,1.1428571428571428,0.0,0.0,0.061,optimal
2021-02-07 16:00:00,22,6,0.0,0.3096296296296296,0.0,0.44073333333333337,optimal
2021-02-07 16:30:00,22,6,0.0,0.387037037037037,0.0,2.6721999999999997,optimal
2021-02-07 17:00:00,22,6,0.0,0.0774074074074074,0.0,1.5478,optimal
2021-02-07 17:30:00,22,6,0.0,0.774074074074074,0.0,2.6491,optimal
2021-02-07 18:00:00,22,6,0.0,0.0,0.0,1.1967999999999999,optimal
2021-02-07 18:30:00,22,6,0.0,0.387037037037037,0.0,0.7568333333333334,optimal
2021-02-07 19:00:00,22,6,0.0,0.0774074074074074,0.0,0.2953,optimal
2021-02-07 19:30:00,22,6,0.0,0.1548148148148148,0.0,2.1572,optimal
2021-02-07 20:00:00,22,6,0.0,0.0,0.0,0.24406666666666663,optimal
2021-02-07 20:30:00,22,6,0.0,0.0,0.0,2.8146666666666667,optimal
2021-02-07 21:00:00,22,6,0.0,0.3096296296296296,0.0,1.6082,optimal
2021-02-07 21:30:00,22,6,0.0,0.0,0.0,0.7754,optimal
2021-02-07 22:00:00,22,6,0.0,0.3096296296296296,0.0,1.5049000000000001,optimal
2021-02-07 22:30:00,22,6,0.0,0.8514814814814814,0.0,0.2432666666666667,optimal
2021-02-07 23:00:00,22,6,0.0,4.644444444444443,0.0,0.13043333333333335,optimal
2021-02-07 23:30:00,22,6,0.0,0.0,0.0,0.3793666666666667,optimal
2021-02-08 00:00:00,22,6,0.0,0.0,0.0,0.06833333333333333,optimal
2021-02-08 00:30:00,22,6,0.0,0.0,0.0,0.069,optimal
2021-02-08 01:00:00,22,6,0.0,0.0,0.0,0.18059999999999998,optimal
2021-02-08 01:30:00,22,6,0.580560858025356,0.0,0.0,0.0938,optimal
2021-02-08 02:00:00,22,6,1.1428571428571428,0.0,0.0,0.069,optimal
2021-02-08 02:30:00,22,6,1.1428571428571428,0.0,0.0,0.069,optimal
2021-02-08 03:00:00,22,6,1.1428571428571428,0.0,0.0,0.2054,optimal
2021-02-08 03:30:00,22,6,1.1428571428571428,0.0,0.0,0.069,optimal
2021-02-08 04:00:00,22,6,1.1428571428571428,0.0,0.0,0.0876,optimal
2021-02-08 04:30:00,22,6,1.1428571428571428,0.0,0.0,0.18680000000000002,optimal
2021-02-08 05:00:00,22,6,1.1428571428571428,0.0,0.0,0.069,optimal
2021-02-08 05:30:00,22,6,1.1428571428571428,0.0,3.931689695523735,0.2054,optimal
2021-02-08 06:00:00,22,6,1.1428571428571428,0.0,5.0,0.069,optimal
2021-02-08 06:30:00,22,6,1.1428571428571428,0.0,5.0,0.14959999999999998,optimal
2021-02-08 07:00:00,22,6,1.1428571428571428,0.0,5.0,0.1248,optimal
2021-02-08 07:30:00,22,6,1.1428571428571428,1.9351851851851851,0.0,0.30446666666666666,optimal
2021-02-08 08:00:00,22,6,0.6641340079649044,5.882962962962964,0.0,0.12366666666666669,optimal
2021-02-08 08:30:00,22,6,0.6463743046189203,0.1548148148148148,0.0,0.15036666666666668,optimal
2021-02-08 09:00:00,22,6,0.5981623590554729,0.3096296296296296,0.0,0.1762,optimal
2021-02-08 09:30:00,22,6,0.6571590569315957,0.0,0.0,0.077,optimal
2021-02-08 10:00:00,22,6,0.4325036882945997,0.0,0.0,0.09559999999999999,optimal
2021-02-08 10:30:00,22,6,0.3703546094660961,0.23222222222222222,0.0,0.2397,optimal
2021-02-08 11:00:00,22,6,0.18952169344645584,0.23222222222222222,0.0,0.2572,optimal
2021-02-08 11:30:00,22,6,0.22705282536387625,0.0,0.0,0.23483333333333328,optimal
2021-02-08 12:00:00,22,6,0.16945079965230347,0.46444444444444444,0.0,0.3399,optimal
2021-02-08 12:30:00,22,6,0.30404639682045487,0.0,0.0,0.1038,optimal
2021-02-08 13:00:00,22,6,0.2900333948130643,0.0,0.0,0.1906,optimal
2021-02-08 13:30:00,22,6,0.31763119339714185,0.0,0.0,0.079,optimal
2021-02-08 14:00:00,22,6,0.956018522587375,0.0,0.0,0.141,optimal
2021-02-08 14:30:00,22,6,1.1428571428571428,0.0,0.0,0.24406666666666663,optimal
2021-02-08 15:00:00,22,6,1.1428571428571428,0.0774074074074074,0.0,1.6042,optimal
2021-02-08 15:30:00,22,6,1.1428571428571428,0.0,0.0,0.4833,optimal
2021-02-08 16:00:00,22,6,0.0,0.387037037037037,0.0,2.0566999999999998,optimal
2021-02-08 16:30:00,22,6,0.0,0.1548148148148148,0.0,3.9859,optimal
2021-02-08 17:00:00,22,6,0.0,0.0,0.0,2.085266666666667,optimal
2021-02-08 17:30:00,22,6,0.0,0.1548148148148148,0.0,0.3865,optimal
2021-02-08 18:00:00,22,6,0.0,0.0,0.0,2.0080999999999998,optimal
2021-02-08 18:30:00,22,6,0.0,1.470740740740741,0.0,0.6701,optimal
2021-02-08 19:00:00,22,6,0.0,0.0,0.0,1.8025333333333333,optimal
2021-02-08 19:30:00,22,6,0.0,0.0,0.0,0.4418,optimal
2021-02-08 20:00:00,22,6,0.0,0.1548148148148148,0.0,0.6579333333333333,optimal
2021-02-08 20:30:00,22,6,0.0,0.0,0.0,0.3537333333333333,optimal
2021-02-08 21:00:00,22,6,0.0,0.0,0.0,0.8369333333333333,optimal
2021-02-08 21:30:00,22,6,0.0,0.0,0.0,0.5251666666666667,optimal
2021-02-08 22:00:00,22,6,0.0,0.0774074074074074,0.0,0.4506,optimal
2021-02-08 22:30:00,22,6,0.0,0.0,0.0,0.5654,optimal
2021-02-08 23:00:00,22,6,0.0,0.0774074074074074,0.0,0.3899333333333333,optimal
2021-02-08 23:30:00,22,6,0.0,0.0,0.0,0.27,optimal
2021-02-09 00:00:00,22,6,0.0,3.0188888888888883,0.0,0.13986666666666667,optimal
2021-02-09 00:30:00,22,6,0.0,0.0,0.0,0.1755,optimal
2021-02-09 01:00:00,22,6,0.0,0.0,0.0,0.21786666666666668,optimal
2021-02-09 01:30:00,22,6,0.07963665995949122,0.0,0.0,0.05096666666666667,optimal
2021-02-09 02:00:00,22,6,1.1428571428571428,0.0,0.0,0.046,optimal
2021-02-09 02:30:00,22,6,1.1428571428571428,0.0,0.0,0.163,optimal
2021-02-09 03:00:00,22,6,1.1428571428571428,0.0,0.0,0.072,optimal
2021-02-09 03:30:00,22,6,1.1428571428571428,0.0,0.0,0.14533333333333334,optimal
2021-02-09 04:00:00,22,6,1.1428571428571428,0.0,0.0,0.046,optimal
2021-02-09 04:30:00,22,6,1.1428571428571428,0.1548148148148148,0.0,0.1938666666666667,optimal
2021-02-09 05:00:00,22,6,1.1428571428571428,0.0774074074074074,4.56313487796495,0.148,optimal
2021-02-09 05:30:00,22,6,1.1428571428571428,0.2740222222222222,0.0,0.28453333333333336,optimal
2021-02-09 06:00:00,22,6,1.1428571428571428,0.34523703703703695,0.0,1.1371,optimal
2021-02-09 06:30:00,22,6,1.1428571428571428,0.23222222222222222,0.0,1.3070666666666666,optimal
2021-02-09 07:00:00,22,6,1.1428571428571428,0.5418518518518518,0.0,0.19813333333333333,optimal
2021-02-09 07:30:00,22,6,1.1428571428571428,0.23222222222222222,0.0,0.26389999999999997,optimal
2021-02-09 08:00:00,22,6,0.6981919159462947,0.3096296296296296,0.0,0.26353333333333334,optimal
2021-02-09 08:30:00,22,6,0.7242362328700314,0.6966666666666667,0.0,0.13576666666666667,optimal
2021-02-09 09:00:00,22,6,0.40888907503046545,0.0,0.0,0.6521666666666667,optimal
2021-02-09 09:30:00,22,6,0.6617110422112704,0.1548148148148148,0.0,0.11093333333333334,optimal
2021-02-09 10:00:00,22,6,0.5413562087211867,0.0,0.0,0.046,optimal
2021-02-09 10:30:00,22,6,0.475588800419475,0.0,0.0,0.23866666666666664,optimal
2021-02-09 11:00:00,22,6,0.34501467003678987,0.0,0.0,0.09566666666666669,optimal
2021-02-09 11:30:00,22,6,0.3384897598050175,0.0,0.0,0.111,optimal
2021-02-09 12:00:00,22,6,0.189489010505754,0.0,0.0,0.1829333333333333,optimal
2021-02-09 12:30:00,22,6,0.19197582549943257,0.0,0.0,0.08373333333333334,optimal
2021-02-09 13:00:00,22,6,1.0750079136004655,0.0,0.0,0.24913333333333332,optimal
2021-02-09 13:30:00,22,6,1.1428571428571428,0.0,0.0,0.09566666666666669,optimal
2021-02-09 14:00:00,22,6,1.1428571428571428,0.0,0.0,0.046,optimal
2021-02-09 14:30:00,22,6,1.1428571428571428,0.0,0.0,0.14533333333333334,optimal
2021-02-09 15:00:00,22,6,1.1428571428571428,0.3096296296296296,0.0,0.22743333333333332,optimal
2021-02-09 15:30:00,22,6,1.1428571428571428,0.0774074074074074,0.0,0.197,optimal
2021-02-09 16:00:00,22,6,0.0,0.1548148148148148,0.0,0.2489333333333333,optimal
2021-02-09 16:30:00,22,6,0.0,0.23222222222222222,0.0,0.40953333333333336,optimal
2021-02-09 17:00:00,22,6,0.0,0.46444444444444444,0.0,0.08793333333333334,optimal
2021-02-09 17:30:00,22,6,0.0,0.0,0.0,0.1402,optimal
2021-02-09 18:00:00,22,6,0.0,0.3096296296296296,0.0,0.044,optimal
2021-02-09 18:30:00,22,6,0.0,0.0,0.0,0.2668666666666667,optimal
2021-02-09 19:00:00,22,6,0.0,0.0,0.0,1.0105333333333333,optimal
2021-02-09 19:30:00,22,6,0.0,0.0,0.0,0.7300333333333333,optimal
2021-02-09 20:00:00,22,6,0.0,0.0,0.0,0.38626666666666665,optimal
2021-02-09 20:30:00,22,6,0.0,0.0,0.0,1.2610666666666666,optimal
2021-02-09 21:00:00,22,6,0.0,0.0,0.0,0.16526666666666667,optimal
2021-02-09 21:30:00,22,6,0.0,1.6255555555555554,0.0,0.3122333333333333,optimal
2021-02-09 22:00:00,22,6,0.0,2.4770370370370367,0.0,0.29633333333333334,optimal
2021-02-09 22:30:00,22,6,0.0,0.0,0.0,0.046,optimal
2021-02-09 23:00:00,22,6,0.0,0.0,0.0,0.20886666666666667,optimal
2021-02-09 23:30:00,22,6,0.0,0.0,0.0,0.12346666666666668,optimal
2021-02-10 00:00:00,22,6,0.0,0.0,0.0,0.056,optimal
2021-02-10 00:30:00,22,6,0.0,0.0,0.0,0.14226666666666668,optimal
2021-02-10 01:00:00,22,6,0.1354678903492408,0.0,0.0,0.16366666666666665,optimal
2021-02-10 01:30:00,22,6,1.1428571428571428,0.0,0.0,0.056,optimal
2021-02-10 02:00:00,22,6,1.1428571428571428,0.0,0.0,0.17,optimal
2021-02-10 02:30:00,22,6,1.1428571428571428,0.0,0.0,0.08133333333333333,optimal
2021-02-10 03:00:00,22,6,1.1428571428571428,0.0,0.0,0.056,optimal
2021-02-10 03:30:00,22,6,1.1428571428571428,0.0,0.8098314792737495,0.19533333333333328,optimal
2021-02-10 04:00:00,22,6,1.1428571428571428,0.0,5.0,0.056,optimal
2021-02-10 04:30:00,22,6,1.1428571428571428,0.0,5.0,0.24359999999999998,optimal
2021-02-10 05:00:00,22,6,1.1428571428571428,0.6966666666666667,5.0,0.060333333333333336,optimal
2021-02-10 05:30:00,22,6,1.1428571428571428,0.6192592592592592,0.0,2.0247,optimal
2021-02-10 06:00:00,22,6,1.1428571428571428,0.387037037037037,0.0,0.13856666666666667,optimal
2021-02-10 06:30:00,22,6,1.1428571428571428,0.9288888888888889,0.0,0.08513333333333334,optimal
2021-02-10 07:00:00,22,6,1.1428571428571428,0.9288888888888889,0.0,0.2316,optimal
2021-02-10 07:30:00,22,6,1.1428571428571428,2.4770370370370367,0.0,0.083,optimal
2021-02-10 08:00:00,22,6,0.6890539624799116,0.0,0.0,1.057766666666667,optimal
2021-02-10 08:30:00,22,6,0.7641647977433024,0.0,0.0,0.19343333333333332,optimal
2021-02-10 09:00:00,22,6,0.7286750320344508,0.0,0.0,0.08116666666666666,optimal
2021-02-10 09:30:00,22,6,0.6846230101549878,0.0,0.0,0.20533333333333328,optimal
2021-02-10 10:00:00,22,6,0.4401889633828941,0.0774074074074074,0.0,0.064,optimal
2021-02-10 10:30:00,22,6,0.3455666136399606,0.0,0.0,0.076,optimal
2021-02-10 11:00:00,22,6,0.1606973013952875,2.0899999999999994,0.0,0.5876,optimal
2021-02-10 11:30:00,22,6,0.2039103380746001,0.23222222222222222,0.0,1.5834000000000001,optimal
2021-02-10 12:00:00,22,6,0.03390036973335184,0.6192592592592592,0.0,1.9587999999999999,optimal
2021-02-10 12:30:00,22,6,0.005024179257152356,0.23222222222222222,0.0,0.4497333333333334,optimal
2021-02-10 13:00:00,22,6,1.1428571428571428,0.1548148148148148,0.0,0.25726666666666664,optimal
2021-02-10 13:30:00,22,6,1.1428571428571428,0.0,0.0,0.35533333333333333,optimal
2021-02-10 14:00:00,22,6,1.1428571428571428,0.0,0.0,0.1098,optimal
2021-02-10 14:30:00,22,6,1.1428571428571428,0.0,0.0,0.07206666666666667,optimal
2021-02-10 15:00:00,22,6,1.1428571428571428,0.0,0.0,0.17153333333333334,optimal
2021-02-10 15:30:00,22,6,1.1428571428571428,0.46444444444444444,0.0,0.239,optimal
2021-02-10 16:00:00,22,6,0.0,0.0,0.0,0.22,optimal
2021-02-10 16:30:00,22,6,0.0,0.0,0.0,0.9695333333333331,optimal
2021-02-10 17:00:00,22,6,0.0,0.0,0.0,2.4068,optimal
2021-02-10 17:30:00,22,6,0.0,0.6192592592592592,0.0,1.369,optimal
2021-02-10 18:00:00,22,6,0.0,0.0,0.0,0.066,optimal
2021-02-10 18:30:00,22,6,0.0,0.0,0.0,0.13736666666666666,optimal
2021-02-10 19:00:00,22,6,0.0,0.0,0.0,0.18856666666666663,optimal
2021-02-10 19:30:00,22,6,0.0,0.0,0.0,1.0394333333333334,optimal
2021-02-10 20:00:00,22,6,0.1349468675545929,0.0774074074074074,0.0,1.7890333333333333,optimal
2021-02-10 20:30:00,22,6,0.0,0.0,0.0,0.30896666666666667,optimal
2021-02-10 21:00:00,22,6,0.0,0.0,0.0,0.26523333333333327,optimal
2021-02-10 21:30:00,22,6,0.0,0.0,0.0,0.432,optimal
2021-02-10 22:00:00,22,6,0.0,1.7029629629629628,0.0,0.4065,optimal
2021-02-10 22:30:00,22,6,0.0,0.0,0.0,1.2195,optimal
2021-02-10 23:00:00,22,6,0.0,0.0,0.0,0.2536,optimal
2021-02-10 23:30:00,22,6,0.0,0.0,0.0,0.07233333333333333,optimal
2021-02-11 00:00:00,22,6,0.2701104400593209,0.0,0.0,0.064,optimal
2021-02-11 00:30:00,22,6,1.1428571428571428,0.0,0.0,0.064,optimal
2021-02-11 01:00:00,22,6,1.1428571428571428,0.0,0.0,0.064,optimal
2021-02-11 01:30:00,22,6,1.1428571428571428,0.0,0.0,0.13,optimal
2021-02-11 02:00:00,22,6,1.1428571428571428,0.0,0.0,0.064,optimal
2021-02-11 02:30:00,22,6,1.1428571428571428,0.0,0.6679487537777699,0.12633333333333333,optimal
2021-02-11 03:00:00,22,6,1.1428571428571428,0.0,5.0,0.06766666666666667,optimal
2021-02-11 03:30:00,22,6,1.1428571428571428,0.0,5.0,0.108,optimal
2021-02-11 04:00:00,22,6,1.1428571428571428,0.0,5.0,0.086,optimal
2021-02-11 04:30:00,22,6,1.1428571428571428,0.0,5.0,0.064,optimal
2021-02-11 05:00:00,22,6,1.1428571428571428,0.0,5.0,0.2209,optimal
2021-02-11 05:30:00,22,6,1.1428571428571428,0.0,5.0,0.31376666666666664,optimal
2021-02-11 06:00:00,22,6,1.1428571428571428,0.6966666666666667,5.0,0.12433333333333331,optimal
2021-02-11 06:30:00,22,6,1.1428571428571428,0.0774074074074074,0.0,0.2709,optimal
2021-02-11 07:00:00,22,6,1.1428571428571428,0.387037037037037,0.0,0.3369,optimal
2021-02-11 07:30:00,22,6,1.1428571428571428,0.387037037037037,0.0,0.06433333333333333,optimal
2021-02-11 08:00:00,22,6,0.8566102792873163,0.0,0.0,0.153,optimal
2021-02-11 08:30:00,22,6,0.8854421528397678,0.1548148148148148,0.0,0.07733333333333332,optimal
2021-02-11 09:00:00,22,6,0.7312649742017777,0.1548148148148148,0.0,0.2209,optimal
2021-02-11 09:30:00,22,6,0.6554972222676512,0.3096296296296296,0.0,0.2709,optimal
2021-02-11 10:00:00,22,6,0.39801263269320125,0.0,0.0,0.073,optimal
2021-02-11 10:30:00,22,6,0.3665972697601623,0.3096296296296296,0.0,0.2204,optimal
2021-02-11 11:00:00,22,6,0.2446014815592088,0.1548148148148148,0.0,0.2595,optimal
2021-02-11 11:30:00,22,6,0.17306116141599734,0.9288888888888889,0.0,0.4,optimal
2021-02-11 12:00:00,22,6,0.053323217653760316,0.23222222222222222,0.0,0.26793333333333336,optimal
2021-02-11 12:30:00,22,6,0.0,0.3096296296296296,0.0,0.4005666666666667,optimal
2021-02-11 13:00:00,22,6,0.572672179514126,0.46444444444444444,0.0,0.355,optimal
2021-02-11 13:30:00,22,6,1.1428571428571428,0.0,0.0,0.6889,optimal
2021-02-11 14:00:00,22,6,1.1428571428571428,0.0,0.0,0.5519,optimal
2021-02-11 14:30:00,22,6,1.1428571428571428,0.0774074074074074,0.0,0.44866666666666666,optimal
2021-02-11 15:00:00,22,6,1.1428571428571428,0.0,0.0,0.5248999999999999,optimal
2021-02-11 15:30:00,22,6,1.1428571428571428,0.1548148148148148,0.0,0.5832,optimal
2021-02-11 16:00:00,22,6,0.0,0.0,0.0,0.303,optimal
2021-02-11 16:30:00,22,6,0.0,0.387037037037037,0.0,0.1958,optimal
2021-02-11 17:00:00,22,6,0.0,2.7092592592592597,0.0,0.40036666666666665,optimal
2021-02-11 17:30:00,22,6,0.0,0.0,0.0,0.074,optimal
2021-02-11 18:00:00,22,6,0.0,0.0,0.0,0.14,optimal
2021-02-11 18:30:00,22,6,0.0,0.23222222222222222,0.0,0.13366666666666666,optimal
2021-02-11 19:00:00,22,6,0.0,1.7029629629629628,0.0,0.5278999999999999,optimal
2021-02-11 19:30:00,22,6,0.0,0.0,0.0,0.2083,optimal
2021-02-11 20:00:00,22,6,0.3143538960328743,0.0,0.0,0.1854,optimal
2021-02-11 20:30:00,22,6,0.0,0.1548148148148148,0.0,0.22,optimal
2021-02-11 21:00:00,22,6,0.0,0.23222222222222222,0.0,0.2635,optimal
2021-02-11 21:30:00,22,6,0.0,0.0,0.0,0.24913333333333332,optimal
2021-02-11 22:00:00,22,6,0.0,0.0,0.0,0.2786666666666667,optimal
2021-02-11 22:30:00,22,6,0.0,0.1548148148148148,0.0,0.18230000000000002,optimal
2021-02-11 23:00:00,22,6,0.0,0.1548148148148148,0.0,0.17973333333333333,optimal
2021-02-11 23:30:00,22,6,0.0,0.0,0.0,0.7724,optimal
2021-02-12 00:00:00,22,6,1.1428571428571428,0.0,0.0,0.056,optimal
2021-02-12 00:30:00,22,6,1.1428571428571428,0.0,0.0,0.18286666666666668,optimal
2021-02-12 01:00:00,22,6,1.1428571428571428,0.0,0.0,0.056,optimal
2021-02-12 01:30:00,22,6,1.1428571428571428,0.0,0.0,0.13673333333333332,optimal
2021-02-12 02:00:00,22,6,1.1428571428571428,0.0,0.0,0.10213333333333334,optimal
2021-02-12 02:30:00,22,6,1.1428571428571428,0.0,0.0,0.056,optimal
2021-02-12 03:00:00,22,6,1.1428571428571428,0.0,0.0,0.056,optimal
2021-02-12 03:30:00,22,6,1.1428571428571428,0.0,0.0,0.16556666666666667,optimal
2021-02-12 04:00:00,22,6,1.1428571428571428,0.0,0.0,0.0733,optimal
2021-02-12 04:30:00,22,6,1.1428571428571428,0.0,0.0,0.056,optimal
2021-02-12 05:00:00,22,6,1.1428571428571428,0.0,0.0,0.18386666666666668,optimal
2021-02-12 05:30:00,22,6,1.1428571428571428,0.0,0.1626532399923295,0.066,optimal
2021-02-12 06:00:00,22,6,1.1428571428571428,0.0,5.0,0.18719999999999998,optimal
2021-02-12 06:30:00,22,6,1.1428571428571428,0.3096296296296296,5.0,0.2516,optimal
2021-02-12 07:00:00,22,6,1.1428571428571428,0.5418518518518518,5.0,0.13473333333333332,optimal
2021-02-12 07:30:00,22,6,1.1428571428571428,7.620438682389053,0.0,0.30206666666666665,optimal
2021-02-12 08:00:00,22,6,0.8333052677069442,6.502222222222221,0.0,0.1876,optimal
2021-02-12 08:30:00,22,6,0.9720410991102207,0.0,0.0,0.07033333333333333,optimal
2021-02-12 09:00:00,22,6,0.8413694132313573,0.0,0.0,0.1928666666666667,optimal
2021-02-12 09:30:00,22,6,0.7832828868429988,0.0,0.0,0.066,optimal
2021-02-12 10:00:00,22,6,0.4634383577595894,0.0,0.0,0.16403333333333334,optimal
2021-02-12 10:30:00,22,6,0.4660581235244772,0.0,0.0,0.09483333333333331,optimal
2021-02-12 11:00:00,22,6,0.27909088981819,0.0,0.0,0.10636666666666666,optimal
2021-02-12 11:30:00,22,6,0.2637659795864203,0.0,0.0,0.1525,optimal
2021-02-12 12:00:00,22,6,0.22437525338308473,0.0,0.0,0.066,optimal
2021-02-12 12:30:00,22,6,0.18598367648465863,0.0,0.0,0.1928666666666667,optimal
2021-02-12 13:00:00,22,6,1.0857264312176107,0.0,0.0,0.066,optimal
2021-02-12 13:30:00,22,6,1.1428571428571428,0.0,0.0,0.14673333333333333,optimal
2021-02-12 14:00:00,22,6,1.1428571428571428,0.0,0.0,0.11213333333333333,optimal
2021-02-12 14:30:00,22,6,1.1428571428571428,0.0,0.0,0.08906666666666667,optimal
2021-02-12 15:00:00,22,6,1.1428571428571428,0.0,0.0,0.1698,optimal
2021-02-12 15:30:00,22,6,1.1428571428571428,0.0,0.0,0.08316666666666667,optimal
2021-02-12 16:00:00,22,6,0.0,0.0,0.0,0.20636666666666667,optimal
2021-02-12 16:30:00,22,6,0.0,0.5418518518518518,0.0,0.34813333333333335,optimal
2021-02-12 17:00:00,22,6,0.0,0.0,0.0,1.2794,optimal
2021-02-12 17:30:00,22,6,0.0,0.3096296296296296,0.0,1.505766666666667,optimal
2021-02-12 18:00:00,22,6,0.0,0.0,0.0,0.2885,optimal
2021-02-12 18:30:00,22,6,0.0,0.0,0.0,0.2383,optimal
2021-02-12 19:00:00,22,6,0.0,0.3096296296296296,0.0,0.29810000000000003,optimal
2021-02-12 19:30:00,22,6,0.0,0.6192592592592592,0.0,0.4107,optimal
2021-02-12 20:00:00,22,6,0.0,0.0,0.0,0.169,optimal
2021-02-12 20:30:00,22,6,0.0,0.0,0.0,0.2877,optimal
2021-02-12 21:00:00,22,6,0.0,0.0,0.0,0.3255,optimal
2021-02-12 21:30:00,22,6,0.0,0.3096296296296296,0.0,0.23296666666666666,optimal
2021-02-12 22:00:00,22,6,0.0,0.23222222222222222,0.0,0.5506,optimal
2021-02-12 22:30:00,22,6,0.0,0.0,0.0,0.4803,optimal
2021-02-12 23:00:00,22,6,0.0,0.0,0.0,0.1928666666666667,optimal
2021-02-12 23:30:00,22,6,0.0,0.0,0.0,0.062,optimal
2021-02-13 00:00:00,22,6,0.0,0.0,0.0,0.051,optimal
2021-02-13 00:30:00,22,6,0.0,0.0,0.0,0.05666666666666666,optimal
2021-02-13 01:00:00,22,6,0.9156283116099277,0.0,0.0,0.05866666666666666,optimal
2021-02-13 01:30:00,22,6,1.1428571428571428,0.0,0.0,0.2564666666666666,optimal
2021-02-13 02:00:00,22,6,1.1428571428571428,0.0,0.0,0.06633333333333333,optimal
2021-02-13 02:30:00,22,6,1.1428571428571428,0.0,0.0,0.051,optimal
2021-02-13 03:00:00,22,6,1.1428571428571428,0.0,0.0,0.2304,optimal
2021-02-13 03:30:00,22,6,1.1428571428571428,0.0,0.0,0.09240000000000001,optimal
2021-02-13 04:00:00,22,6,1.1428571428571428,0.0,0.0,0.12,optimal
2021-02-13 04:30:00,22,6,1.1428571428571428,0.0,0.0,0.2028,optimal
2021-02-13 05:00:00,22,6,1.1428571428571428,0.0,0.0,0.05666666666666666,optimal
2021-02-13 05:30:00,22,6,1.1428571428571428,0.0,0.0,0.16573333333333332,optimal
2021-02-13 06:00:00,22,6,1.1428571428571428,0.0,0.5905978116354498,0.16140000000000002,optimal
2021-02-13 06:30:00,22,6,1.1428571428571428,0.0,5.0,0.11309999999999999,optimal
2021-02-13 07:00:00,22,6,1.1428571428571428,0.0,5.0,0.1407,optimal
2021-02-13 07:30:00,22,6,1.1428571428571428,0.0,0.0,0.12566666666666668,optimal
2021-02-13 08:00:00,22,6,0.7657054704041572,0.23222222222222222,0.0,0.21113333333333334,optimal
2021-02-13 08:30:00,22,6,0.7627900839819024,0.3096296296296296,0.0,0.1365,optimal
2021-02-13 09:00:00,22,6,0.5157630378695699,0.0774074074074074,0.0,0.4353,optimal
2021-02-13 09:30:00,22,6,0.4763575343297576,4.876666666666668,0.0,0.4417,optimal
2021-02-13 10:00:00,22,6,0.39130923844316756,1.8577777777777778,0.0,0.09203333333333331,optimal
2021-02-13 10:30:00,22,6,0.46860337583043654,1.006296296296296,0.0,0.08833333333333333,optimal
2021-02-13 11:00:00,22,6,0.2012456224089615,0.1548148148148148,0.0,0.3193333333333333,optimal
2021-02-13 11:30:00,22,6,0.31609214074861713,0.0,0.0,0.07886666666666665,optimal
2021-02-13 12:00:00,22,6,0.2429707811750025,0.0,0.0,0.1921,optimal
2021-02-13 12:30:00,22,6,0.2505114369019419,0.0,0.0,0.1507,optimal
2021-02-13 13:00:00,22,6,1.1428571428571428,0.0,0.0,0.061,optimal
2021-02-13 13:30:00,22,6,1.1428571428571428,0.0,0.0,0.061,optimal
2021-02-13 14:00:00,22,6,1.1428571428571428,0.0,0.0,0.061,optimal
2021-02-13 14:30:00,22,6,1.1428571428571428,0.0,0.0,0.3048,optimal
2021-02-13 15:00:00,22,6,1.1428571428571428,0.0,0.0,0.5952999999999999,optimal
2021-02-13 15:30:00,22,6,1.1428571428571428,0.23222222222222222,0.0,0.49873333333333336,optimal
2021-02-13 16:00:00,22,6,0.0,0.0774074074074074,0.0,0.5414,optimal
2021-02-13 16:30:00,22,6,0.0,0.0,0.0,0.3017333333333333,optimal
2021-02-13 17:00:00,22,6,0.0,0.23222222222222222,0.0,0.4239,optimal
2021-02-13 17:30:00,22,6,0.0,0.3096296296296296,0.0,0.4067,optimal
2021-02-13 18:00:00,22,6,0.0,0.0,0.0,0.6532666666666667,optimal
2021-02-13 18:30:00,22,6,0.0,0.23222222222222222,0.0,0.3917333333333333,optimal
2021-02-13 19:00:00,22,6,0.0,0.0,0.0,0.48423333333333335,optimal
2021-02-13 19:30:00,22,6,0.0,0.0,0.0,0.5165666666666667,optimal
2021-02-13 20:00:00,22,6,0.13015197790406074,0.0,0.0,0.5411666666666666,optimal
2021-02-13 20:30:00,22,6,0.0,0.0774074074074074,0.0,0.47053333333333336,optimal
2021-02-13 21:00:00,22,6,0.0,0.0,0.0,0.6818,optimal
2021-02-13 21:30:00,22,6,0.0,0.0,0.0,0.6304,optimal
2021-02-13 22:00:00,22,6,0.0,0.5418518518518518,0.0,0.6687666666666666,optimal
2021-02-13 22:30:00,22,6,0.0,0.0774074074074074,0.0,0.6583333333333333,optimal
2021-02-13 23:00:00,22,6,0.0,0.0,0.0,0.5883333333333334,optimal
2021-02-13 23:30:00,22,6,0.0,0.0,0.0,1.1840666666666666,optimal
2021-02-07 00:00:00,23,6,0.0,0.1548148148148148,0.0,0.055,optimal
2021-02-07 00:30:00,23,6,0.0,0.46444444444444444,0.0,0.10086666666666666,optimal
2021-02-07 01:00:00,23,6,0.0,0.0,0.0,0.13493333333333335,optimal
2021-02-07 01:30:00,23,6,0.0,0.0,0.0,0.101,optimal
2021-02-07 02:00:00,23,6,0.0,0.0,0.0,0.20746666666666666,optimal
2021-02-07 02:30:00,23,6,0.0,0.0,0.0,0.097,optimal
2021-02-07 03:00:00,23,6,0.0,0.0,0.0,0.089,optimal
2021-02-07 03:30:00,23,6,0.0,0.0,0.0,0.10153333333333332,optimal
2021-02-07 04:00:00,23,6,1.1428571428571428,0.0,0.0,0.2069333333333333,optimal
2021-02-07 04:30:00,23,6,1.1428571428571428,0.0,0.0,0.06813333333333334,optimal
2021-02-07 05:00:00,23,6,1.1428571428571428,0.0,0.0,0.1803333333333333,optimal
2021-02-07 05:30:00,23,6,1.1428571428571428,0.0,0.0,0.117,optimal
2021-02-07 06:00:00,23,6,1.1428571428571428,0.0,0.0,0.07926666666666667,optimal
2021-02-07 06:30:00,23,6,1.1428571428571428,0.0,0.0,0.2132,optimal
2021-02-07 07:00:00,23,6,1.1428571428571428,0.0,2.317295895793779,0.20646666666666666,optimal
2021-02-07 07:30:00,23,6,0.0,1.7432148148148148,0.0,0.30526666666666663,optimal
2021-02-07 08:00:00,23,6,0.0,7.777896296296296,0.0,0.14396666666666666,optimal
2021-02-07 08:30:00,23,6,0.5001698187802468,0.1548148148148148,0.0,0.1183,optimal
2021-02-07 09:00:00,23,6,0.42690630034203103,1.006296296296296,0.0,0.105,optimal
2021-02-07 09:30:00,23,6,0.26340234249120253,0.0,0.0,0.8393666666666667,optimal
2021-02-07 10:00:00,23,6,0.20496915674560068,0.5418518518518518,0.0,1.5179,optimal
2021-02-07 10:30:00,23,6,0.325775167685333,0.0,0.0,0.3941,optimal
2021-02-07 11:00:00,23,6,0.34583646299181425,0.0,0.0,0.2896,optimal
2021-02-07 11:30:00,23,6,0.44090312965848766,0.2740222222222222,0.0,0.30319999999999997,optimal
2021-02-07 12:00:00,23,6,0.45637132201102226,0.0,0.0,0.1672,optimal
2021-02-07 12:30:00,23,6,0.4580665601062628,0.0,0.0,0.16126666666666667,optimal
2021-02-07 13:00:00,23,6,1.1428571428571428,0.0,0.0,0.067,optimal
2021-02-07 13:30:00,23,6,1.1428571428571428,0.0,0.0,0.2614666666666666,optimal
2021-02-07 14:00:00,23,6,1.1428571428571428,0.0,0.0,0.067,optimal
2021-02-07 14:30:00,23,6,1.1428571428571428,0.0,0.0,0.119,optimal
2021-02-07 15:00:00,23,6,1.1428571428571428,0.0,0.0,0.14823333333333333,optimal
2021-02-07 15:30:00,23,6,1.1428571428571428,0.34523703703703695,0.0,0.35183333333333333,optimal
2021-02-07 16:00:00,23,6,0.0,0.0,0.0,0.2037,optimal
2021-02-07 16:30:00,23,6,0.0,0.0,0.0,0.3011666666666667,optimal
2021-02-07 17:00:00,23,6,0.0,0.0,0.0,0.087,optimal
2021-02-07 17:30:00,23,6,0.0,0.0,0.0,0.1501333333333333,optimal
2021-02-07 18:00:00,23,6,0.0,0.0,0.0,1.2968333333333333,optimal
2021-02-07 18:30:00,23,6,0.0,0.3096296296296296,0.0,1.0846,optimal
2021-02-07 19:00:00,23,6,0.0,0.5418518518518518,0.0,0.4555,optimal
2021-02-07 19:30:00,23,6,0.030880958550767893,0.0,0.0,0.23253333333333334,optimal
2021-02-07 20:00:00,23,6,0.387555240065964,0.387037037037037,0.0,0.4775,optimal
2021-02-07 20:30:00,23,6,0.0,0.3096296296296296,0.0,0.30360000000000004,optimal
2021-02-07 21:00:00,23,6,0.0,0.3096296296296296,0.0,0.29606666666666664,optimal
2021-02-07 21:30:00,23,6,0.0,0.0,0.0,0.12140000000000001,optimal
2021-02-07 22:00:00,23,6,0.0,0.0,0.0,0.149,optimal
2021-02-07 22:30:00,23,6,0.0,0.0,0.0,0.0691,optimal
2021-02-07 23:00:00,23,6,0.0,0.3096296296296296,0.0,0.1674,optimal
2021-02-07 23:30:00,23,6,0.0,0.0,0.0,0.19206666666666664,optimal
2021-02-08 00:00:00,23,6,0.0,0.0774074074074074,0.0,0.29046666666666665,optimal
2021-02-08 00:30:00,23,6,0.0,0.0,0.0,0.2831666666666667,optimal
2021-02-08 01:00:00,23,6,0.0,0.0,0.0,0.15533333333333335,optimal
2021-02-08 01:30:00,23,6,0.0,0.0,0.0,0.11,optimal
2021-02-08 02:00:00,23,6,0.3070845704037853,0.0,0.0,0.19533333333333328,optimal
2021-02-08 02:30:00,23,6,1.1428571428571428,0.0,0.0,0.056,optimal
2021-02-08 03:00:00,23,6,1.1428571428571428,0.0,0.0,0.0985,optimal
2021-02-08 03:30:00,23,6,1.1428571428571428,0.0,0.0,0.2428333333333333,optimal
2021-02-08 04:00:00,23,6,1.1428571428571428,0.0,0.0,0.062,optimal
2021-02-08 04:30:00,23,6,1.1428571428571428,0.0,0.0,0.1155,optimal
2021-02-08 05:00:00,23,6,1.1428571428571428,0.0,0.0,0.2458333333333333,optimal
2021-02-08 05:30:00,23,6,1.1428571428571428,0.0,0.0,0.15380000000000002,optimal
2021-02-08 06:00:00,23,6,1.1428571428571428,0.3096296296296296,0.0,1.1222333333333332,optimal
2021-02-08 06:30:00,23,6,1.1428571428571428,0.774074074074074,4.467094203969537,0.41723333333333334,optimal
2021-02-08 07:00:00,23,6,1.1428571428571428,0.46444444444444444,5.0,0.154,optimal
2021-02-08 07:30:00,23,6,1.1428571428571428,0.0,0.0,0.15266666666666664,optimal
2021-02-08 08:00:00,23,6,0.6728292460601436,2.3222222222222215,0.0,0.12726666666666667,optimal
2021-02-08 08:30:00,23,6,0.5660847808093935,0.46444444444444444,0.0,0.48419999999999996,optimal
2021-02-08 09:00:00,23,6,0.583314740007855,0.3096296296296296,0.0,0.18806666666666663,optimal
2021-02-08 09:30:00,23,6,0.5949971521696835,0.0,0.0,0.11066666666666669,optimal
2021-02-08 10:00:00,23,6,0.4151894025803182,0.0,0.0,0.32193333333333335,optimal
2021-02-08 10:30:00,23,6,0.4006307999422907,0.23222222222222222,0.0,0.4582333333333333,optimal
2021-02-08 11:00:00,23,6,0.26173121725597764,0.23222222222222222,0.0,0.3153,optimal
2021-02-08 11:30:00,23,6,0.3571480634591044,0.0,0.0,0.156,optimal
2021-02-08 12:00:00,23,6,0.3079460377475371,0.0,0.0,0.11666666666666668,optimal
2021-02-08 12:30:00,23,6,0.2640844920585497,0.0,0.0,0.24016666666666664,optimal
2021-02-08 13:00:00,23,6,1.1428571428571428,0.0,0.0,0.0705,optimal
2021-02-08 13:30:00,23,6,1.1428571428571428,0.0,0.0,0.066,optimal
2021-02-08 14:00:00,23,6,1.1428571428571428,0.0,0.0,0.2458333333333333,optimal
2021-02-08 14:30:00,23,6,1.1428571428571428,0.0,0.0,0.1155,optimal
2021-02-08 15:00:00,23,6,1.1428571428571428,0.0,0.0,0.1445,optimal
2021-02-08 15:30:00,23,6,1.1428571428571428,0.0,0.0,0.3021666666666667,optimal
2021-02-08 16:00:00,23,6,0.0,0.23222222222222222,0.0,0.194,optimal
2021-02-08 16:30:00,23,6,0.0,0.387037037037037,0.0,0.3852,optimal
2021-02-08 17:00:00,23,6,0.0,0.0,0.0,0.29,optimal
2021-02-08 17:30:00,23,6,0.0,0.3096296296296296,0.0,0.44903333333333334,optimal
2021-02-08 18:00:00,23,6,0.0,0.46444444444444444,0.0,0.5204333333333333,optimal
2021-02-08 18:30:00,23,6,0.0,0.46444444444444444,0.0,0.40063333333333334,optimal
2021-02-08 19:00:00,23,6,0.0,0.23222222222222222,0.0,0.49956666666666666,optimal
2021-02-08 19:30:00,23,6,0.0,0.0774074074074074,0.0,0.9744666666666668,optimal
2021-02-08 20:00:00,23,6,0.1938518611510085,0.23222222222222222,0.0,0.3781666666666667,optimal
2021-02-08 20:30:00,23,6,0.0,0.0774074074074074,0.0,0.6399333333333332,optimal
2021-02-08 21:00:00,23,6,0.0,0.0,0.0,0.6342333333333333,optimal
2021-02-08 21:30:00,23,6,0.0,0.23222222222222222,0.0,0.3635,optimal
2021-02-08 22:00:00,23,6,0.0,0.5418518518518518,0.0,0.34926666666666667,optimal
2021-02-08 22:30:00,23,6,0.0,0.0,0.0,0.13533333333333333,optimal
2021-02-08 23:00:00,23,6,0.0,0.0,0.0,0.18766666666666662,optimal
2021-02-08 23:30:00,23,6,0.0,0.0,0.0,0.243,optimal
2021-02-09 00:00:00,23,6,0.0,0.0,0.0,0.10366666666666668,optimal
2021-02-09 00:30:00,23,6,0.0,0.0,0.0,0.09613333333333333,optimal
2021-02-09 01:00:00,23,6,0.0,0.0,0.0,0.18773333333333328,optimal
2021-02-09 01:30:00,23,6,0.6465615677945945,0.0,0.0,0.066,optimal
2021-02-09 02:00:00,23,6,1.1428571428571428,0.0,0.0,0.2223333333333333,optimal
2021-02-09 02:30:00,23,6,1.1428571428571428,0.0,0.0,0.0992,optimal
2021-02-09 03:00:00,23,6,1.1428571428571428,0.0,0.0,0.07706666666666666,optimal
2021-02-09 03:30:00,23,6,1.1428571428571428,0.0,0.0,0.17666666666666667,optimal
2021-02-09 04:00:00,23,6,1.1428571428571428,0.0,0.0,0.066,optimal
2021-02-09 04:30:00,23,6,1.1428571428571428,0.0,0.0,0.13240000000000002,optimal
2021-02-09 05:00:00,23,6,1.1428571428571428,0.0,0.0,0.18913333333333332,optimal
2021-02-09 05:30:00,23,6,1.1428571428571428,0.0,0.0,0.08259999999999999,optimal
2021-02-09 06:00:00,23,6,1.1428571428571428,0.0,0.0,0.2163333333333333,optimal
2021-02-09 06:30:00,23,6,1.1428571428571428,0.1548148148148148,4.194550203564413,0.08903333333333333,optimal
2021-02-09 07:00:00,23,6,1.1428571428571428,0.23222222222222222,5.0,0.13596666666666668,optimal
2021-02-09 07:30:00,23,6,1.1428571428571428,5.229644444444446,0.0,0.0994,optimal
2021-02-09 08:00:00,23,6,0.566753820708193,3.981837037037036,0.0,0.3406,optimal
2021-02-09 08:30:00,23,6,0.6523886138224088,0.46444444444444444,0.0,0.16973333333333332,optimal
2021-02-09 09:00:00,23,6,0.5942319321733246,0.0774074074074074,0.0,0.08843333333333334,optimal
2021-02-09 09:30:00,23,6,0.5862062803065053,0.0774074074074074,0.0,0.21206666666666663,optimal
2021-02-09 10:00:00,23,6,0.41637525634024114,0.0,0.0,0.21563333333333332,optimal
2021-02-09 10:30:00,23,6,0.42665546708614893,0.0,0.0,0.19146666666666667,optimal
2021-02-09 11:00:00,23,6,0.31619562241773547,0.0,0.0,0.1977333333333333,optimal
2021-02-09 11:30:00,23,6,0.33376595028120665,0.0,0.0,0.1287333333333333,optimal
2021-02-09 12:00:00,23,6,0.14647948669622635,0.0,0.0,0.23666666666666664,optimal
2021-02-09 12:30:00,23,6,0.04490915883275834,0.0,0.0,0.5858333333333333,optimal
2021-02-09 13:00:00,23,6,0.024935631719836027,0.0,0.0,0.4889333333333333,optimal
2021-02-09 13:30:00,23,6,0.0,2.0899999999999994,0.0,0.5759666666666667,optimal
2021-02-09 14:00:00,23,6,1.001429987422157,0.0774074074074074,0.0,0.38539999999999996,optimal
2021-02-09 14:30:00,23,6,1.1428571428571428,0.0,0.0,0.367,optimal
2021-02-09 15:00:00,23,6,1.1428571428571428,0.0,0.0,0.3400666666666667,optimal
2021-02-09 15:30:00,23,6,1.1428571428571428,0.0,0.0,0.1438,optimal
2021-02-09 16:00:00,23,6,0.0,0.23222222222222222,0.0,1.5926333333333333,optimal
2021-02-09 16:30:00,23,6,0.0,0.3096296296296296,0.0,0.7271333333333333,optimal
2021-02-09 17:00:00,23,6,0.0,0.0,0.0,1.397,optimal
2021-02-09 17:30:00,23,6,0.0,0.0,0.0,1.0245666666666666,optimal
2021-02-09 18:00:00,23,6,0.0,0.0,0.0,0.7007333333333333,optimal
2021-02-09 18:30:00,23,6,0.0,0.0,0.0,0.6060666666666668,optimal
2021-02-09 19:00:00,23,6,0.0,0.387037037037037,0.0,0.38846666666666657,optimal
2021-02-09 19:30:00,23,6,0.0,0.1548148148148148,0.0,0.5553333333333333,optimal
2021-02-09 20:00:00,23,6,0.0,0.0774074074074074,0.0,0.5247999999999999,optimal
2021-02-09 20:30:00,23,6,0.0,0.1548148148148148,0.0,0.8525666666666667,optimal
2021-02-09 21:00:00,23,6,0.0,0.23222222222222222,0.0,0.7328666666666667,optimal
2021-02-09 21:30:00,23,6,0.0,0.1548148148148148,0.0,0.37406666666666666,optimal
2021-02-09 22:00:00,23,6,0.0,0.0,0.0,0.5436333333333333,optimal
2021-02-09 22:30:00,23,6,0.0,0.0,0.0,0.6499666666666667,optimal
2021-02-09 23:00:00,23,6,0.0,0.0,0.0,0.3542,optimal
2021-02-09 23:30:00,23,6,0.0,0.23222222222222222,0.0,0.4301666666666667,optimal
2021-02-10 00:00:00,23,6,0.0,0.0,0.0,0.065,optimal
2021-02-10 00:30:00,23,6,0.0,0.0,0.0,0.06456666666666666,optimal
2021-02-10 01:00:00,23,6,0.06455864962558823,0.0,0.0,0.16476666666666667,optimal
2021-02-10 01:30:00,23,6,1.1428571428571428,0.0,0.0,0.059,optimal
2021-02-10 02:00:00,23,6,1.1428571428571428,0.0,0.0,0.11466666666666668,optimal
2021-02-10 02:30:00,23,6,1.1428571428571428,0.0,0.0,0.11466666666666668,optimal
2021-02-10 03:00:00,23,6,1.1428571428571428,0.0,0.0,0.059,optimal
2021-02-10 03:30:00,23,6,1.1428571428571428,0.0,0.0,0.059,optimal
2021-02-10 04:00:00,23,6,1.1428571428571428,0.0,0.0,0.08916666666666667,optimal
2021-02-10 04:30:00,23,6,1.1428571428571428,0.0,0.0,0.15016666666666667,optimal
2021-02-10 05:00:00,23,6,1.1428571428571428,0.0,0.0,0.08126666666666667,optimal
2021-02-10 05:30:00,23,6,1.1428571428571428,0.0,0.0,0.14806666666666665,optimal
2021-02-10 06:00:00,23,6,1.1428571428571428,0.0,2.446425026947452,0.059,optimal
2021-02-10 06:30:00,23,6,1.1428571428571428,0.0,5.0,0.065,optimal
2021-02-10 07:00:00,23,6,1.1428571428571428,0.6192592592592592,5.0,0.16833333333333333,optimal
2021-02-10 07:30:00,23,6,1.1428571428571428,0.46444444444444444,0.0,0.33916666666666667,optimal
2021-02-10 08:00:00,23,6,0.5854092005751461,0.3096296296296296,0.0,0.6585,optimal
2021-02-10 08:30:00,23,6,0.6171647977433051,0.0,0.0,1.187733333333333,optimal
2021-02-10 09:00:00,23,6,0.44598741298683336,0.1548148148148148,0.0,0.9758333333333333,optimal
2021-02-10 09:30:00,23,6,0.4669944387264191,0.0774074074074074,0.0,0.40143333333333325,optimal
2021-02-10 10:00:00,23,6,0.3330365824305118,0.8514814814814814,0.0,0.21936666666666668,optimal
2021-02-10 10:30:00,23,6,0.32608089935424955,0.46444444444444444,0.0,0.29906666666666665,optimal
2021-02-10 11:00:00,23,6,0.2451430156810039,0.0,0.0,0.234,optimal
2021-02-10 11:30:00,23,6,0.137245576169834,0.0774074074074074,0.0,0.7308,optimal
2021-02-10 12:00:00,23,6,0.0,1.0837037037037036,0.0,1.3276,optimal
2021-02-10 12:30:00,23,6,0.0,2.39962962962963,0.0,0.14493333333333333,optimal
2021-02-10 13:00:00,23,6,0.0,0.0,0.0,0.17833333333333334,optimal
2021-02-10 13:30:00,23,6,0.0,0.0774074074074074,0.0,0.16776666666666668,optimal
2021-02-10 14:00:00,23,6,1.1248904845374206,0.387037037037037,0.0,0.45663333333333334,optimal
2021-02-10 14:30:00,23,6,1.1428571428571428,0.0,0.0,0.7256666666666667,optimal
2021-02-10 15:00:00,23,6,1.1428571428571428,0.3096296296296296,0.0,0.40143333333333325,optimal
2021-02-10 15:30:00,23,6,1.1428571428571428,0.0,0.0,0.48133333333333334,optimal
2021-02-10 16:00:00,23,6,0.0,0.1548148148148148,0.0,0.4278666666666667,optimal
2021-02-10 16:30:00,23,6,0.0,0.0774074074074074,0.0,0.3323666666666667,optimal
2021-02-10 17:00:00,23,6,0.0,0.0,0.0,1.2534666666666667,optimal
2021-02-10 17:30:00,23,6,0.0,0.0774074074074074,0.0,2.308866666666667,optimal
2021-02-10 18:00:00,23,6,0.0,1.1611111111111108,0.0,2.2186999999999997,optimal
2021-02-10 18:30:00,23,6,0.0,0.6192592592592592,0.0,0.31526666666666664,optimal
2021-02-10 19:00:00,23,6,0.0,0.0,0.0,0.08013333333333333,optimal
2021-02-10 19:30:00,23,6,0.0,0.0774074074074074,0.0,0.35969999999999996,optimal
2021-02-10 20:00:00,23,6,0.0,0.0,0.0,0.38696666666666657,optimal
2021-02-10 20:30:00,23,6,0.0,0.0774074074074074,0.0,1.2778666666666665,optimal
2021-02-10 21:00:00,23,6,0.0,0.0,0.0,0.34846666666666665,optimal
2021-02-10 21:30:00,23,6,0.0,0.0,0.0,0.40393333333333326,optimal
2021-02-10 22:00:00,23,6,0.0,0.1548148148148148,0.0,0.4259333333333333,optimal
2021-02-10 22:30:00,23,6,0.0,0.23222222222222222,0.0,0.2288,optimal
2021-02-10 23:00:00,23,6,0.0,0.0,0.0,0.28453333333333336,optimal
2021-02-10 23:30:00,23,6,0.0,0.23222222222222222,0.0,0.4289,optimal
2021-02-11 00:00:00,23,6,0.39186807694109926,0.0,0.0,0.061,optimal
2021-02-11 00:30:00,23,6,1.1428571428571428,0.0,0.0,0.061,optimal
2021-02-11 01:00:00,23,6,1.1428571428571428,0.0,0.0,0.061,optimal
2021-02-11 01:30:00,23,6,1.1428571428571428,0.0,0.0,0.061,optimal
2021-02-11 02:00:00,23,6,1.1428571428571428,0.0,0.0,0.061,optimal
2021-02-11 02:30:00,23,6,1.1428571428571428,0.0,0.0,0.061,optimal
2021-02-11 03:00:00,23,6,1.1428571428571428,0.0,0.0,0.061,optimal
2021-02-11 03:30:00,23,6,1.1428571428571428,0.0,0.0,0.061,optimal
2021-02-11 04:00:00,23,6,1.1428571428571428,0.0,0.0,0.061,optimal
2021-02-11 04:30:00,23,6,1.1428571428571428,0.0,0.0,0.061,optimal
2021-02-11 05:00:00,23,6,1.1428571428571428,0.0,0.9824987593131745,0.061,optimal
2021-02-11 05:30:00,23,6,1.1428571428571428,0.0,5.0,0.061,optimal
2021-02-11 06:00:00,23,6,1.1428571428571428,0.0,5.0,0.060333333333333336,optimal
2021-02-11 06:30:00,23,6,1.1428571428571428,0.3096296296296296,0.0,0.06,optimal
2021-02-11 07:00:00,23,6,1.1428571428571428,0.1548148148148148,0.0,0.06,optimal
2021-02-11 07:30:00,23,6,1.1428571428571428,1.9351851851851851,0.0,0.07666666666666667,optimal
2021-02-11 08:00:00,23,6,0.7562293269063645,1.0837037037037036,0.0,0.1189,optimal
2021-02-11 08:30:00,23,6,0.9514897718873908,0.0,0.0,0.071,optimal
2021-02-11 09:00:00,23,6,0.8281906884874921,0.0,0.0,0.071,optimal
2021-02-11 09:30:00,23,6,0.7574400794105131,0.0,0.0,0.071,optimal
2021-02-11 10:00:00,23,6,0.47369834697892166,0.0,0.0,0.071,optimal
2021-02-11 10:30:00,23,6,0.4994258411887386,0.0,0.0,0.071,optimal
2021-02-11 11:00:00,23,6,0.3566967196544501,0.0,0.0,0.071,optimal
2021-02-11 11:30:00,23,6,0.32453735189218474,0.0,0.0,0.071,optimal
2021-02-11 12:00:00,23,6,0.16264702717757232,0.0,0.0,0.071,optimal
2021-02-11 12:30:00,23,6,0.9010789960200948,0.0,0.0,0.071,optimal
2021-02-11 13:00:00,23,6,1.1428571428571428,0.0,0.0,0.071,optimal
2021-02-11 13:30:00,23,6,1.1428571428571428,0.0,0.0,0.071,optimal
2021-02-11 14:00:00,23,6,1.1428571428571428,0.0,0.0,0.071,optimal
2021-02-11 14:30:00,23,6,1.1428571428571428,0.0,0.0,0.071,optimal
2021-02-11 15:00:00,23,6,1.1428571428571428,0.0,0.0,0.071,optimal
2021-02-11 15:30:00,23,6,1.1428571428571428,0.0,0.0,0.071,optimal
2021-02-11 16:00:00,23,6,0.0,0.0,0.0,0.071,optimal
2021-02-11 16:30:00,23,6,0.0,0.0,0.0,0.071,optimal
2021-02-11 17:00:00,23,6,0.0,0.0,0.0,0.071,optimal
2021-02-11 17:30:00,23,6,0.0,0.0,0.0,0.071,optimal
2021-02-11 18:00:00,23,6,0.0,0.23222222222222222,0.0,0.09133333333333331,optimal
2021-02-11 18:30:00,23,6,0.0,0.3096296296296296,0.0,0.306,optimal
2021-02-11 19:00:00,23,6,0.0,0.23222222222222222,0.0,0.2599666666666666,optimal
2021-02-11 19:30:00,23,6,0.8787511191045505,0.1548148148148148,0.0,0.248,optimal
2021-02-11 20:00:00,23,6,0.9454925399557281,0.0,0.0,0.1893333333333333,optimal
2021-02-11 20:30:00,23,6,0.0,0.387037037037037,0.0,0.20046666666666668,optimal
2021-02-11 21:00:00,23,6,0.0,0.0,0.0,0.2037333333333333,optimal
2021-02-11 21:30:00,23,6,0.0,0.0,0.0,0.201,optimal
2021-02-11 22:00:00,23,6,0.0,0.0,0.0,0.071,optimal
2021-02-11 22:30:00,23,6,0.0,0.0,0.0,0.071,optimal
2021-02-11 23:00:00,23,6,0.0,0.0,0.0,0.071,optimal
2021-02-11 23:30:00,23,6,0.0,0.0,0.0,0.06766666666666667,optimal
2021-02-12 00:00:00,23,6,1.1428571428571428,0.23222222222222222,0.0,0.058,optimal
2021-02-12 00:30:00,23,6,1.1428571428571428,0.0,0.0,0.29053333333333337,optimal
2021-02-12 01:00:00,23,6,1.1428571428571428,0.0,0.0,0.09559999999999999,optimal
2021-02-12 01:30:00,23,6,1.1428571428571428,0.0,0.0,0.13613333333333333,optimal
2021-02-12 02:00:00,23,6,1.1428571428571428,0.0,0.0,0.1846,optimal
2021-02-12 02:30:00,23,6,1.1428571428571428,0.0,0.0,0.1263,optimal
2021-02-12 03:00:00,23,6,1.1428571428571428,0.0,0.0,0.0639,optimal
2021-02-12 03:30:00,23,6,1.1428571428571428,0.0,0.0,0.19053333333333333,optimal
2021-02-12 04:00:00,23,6,1.1428571428571428,0.0,0.0,0.06,optimal
2021-02-12 04:30:00,23,6,1.1428571428571428,0.0,0.0,0.13019999999999998,optimal
2021-02-12 05:00:00,23,6,1.1428571428571428,0.0,0.0,0.06,optimal
2021-02-12 05:30:00,23,6,1.1428571428571428,0.0,0.0,0.1185,optimal
2021-02-12 06:00:00,23,6,1.1428571428571428,0.0,4.761426467260516,0.2022333333333333,optimal
2021-02-12 06:30:00,23,6,1.1428571428571428,0.0,5.0,0.13019999999999998,optimal
2021-02-12 07:00:00,23,6,1.1428571428571428,4.79925925925926,5.0,0.19140000000000001,optimal
2021-02-12 07:30:00,23,6,1.1428571428571428,8.418359946918043,0.0,0.8485666666666667,optimal
2021-02-12 08:00:00,23,6,0.6496843153259896,0.46444444444444444,0.0,1.3732,optimal
2021-02-12 08:30:00,23,6,0.7345953848244998,1.006296296296296,0.0,1.063233333333333,optimal
2021-02-12 09:00:00,23,6,0.5993122703742184,0.387037037037037,0.0,1.5402333333333331,optimal
2021-02-12 09:30:00,23,6,0.33823336303347273,0.0,0.0,1.9557333333333329,optimal
2021-02-12 10:00:00,23,6,0.32920026252149776,0.0774074074074074,0.0,0.33016666666666666,optimal
2021-02-12 10:30:00,23,6,0.2831343140006686,0.0,0.0,0.5293666666666667,optimal
2021-02-12 11:00:00,23,6,0.06925279458009545,0.23222222222222222,0.0,0.6351,optimal
2021-02-12 11:30:00,23,6,0.17885169387212627,0.0,0.0,0.2916666666666667,optimal
2021-02-12 12:00:00,23,6,0.1882419200497571,0.0,0.0,0.19376666666666667,optimal
2021-02-12 12:30:00,23,6,0.1078122479132224,0.0,0.0,0.2745,optimal
2021-02-12 13:00:00,23,6,0.6595721910032789,0.0774074074074074,0.0,0.44103333333333333,optimal
2021-02-12 13:30:00,23,6,1.1428571428571428,0.1548148148148148,0.0,0.256,optimal
2021-02-12 14:00:00,23,6,1.1428571428571428,0.0,0.0,0.33203333333333335,optimal
2021-02-12 14:30:00,23,6,1.1428571428571428,0.1548148148148148,0.0,0.14256666666666667,optimal
2021-02-12 15:00:00,23,6,1.1428571428571428,1.3933333333333333,0.0,0.26839999999999997,optimal
2021-02-12 15:30:00,23,6,1.1428571428571428,0.387037037037037,0.0,0.32853333333333334,optimal
2021-02-12 16:00:00,23,6,0.0,0.387037037037037,0.0,0.2551333333333333,optimal
2021-02-12 16:30:00,23,6,0.0,0.23222222222222222,0.0,0.43160000000000004,optimal
2021-02-12 17:00:00,23,6,0.0,0.0,0.0,1.7814333333333334,optimal
2021-02-12 17:30:00,23,6,0.0,0.1548148148148148,0.0,0.4181,optimal
2021-02-12 18:00:00,23,6,0.0,0.1548148148148148,0.0,0.4094,optimal
2021-02-12 18:30:00,23,6,0.0,0.0774074074074074,0.0,0.41393333333333326,optimal
2021-02-12 19:00:00,23,6,0.0,0.23222222222222222,0.0,0.5646666666666667,optimal
2021-02-12 19:30:00,23,6,0.0,0.0,0.0,0.6477333333333334,optimal
2021-02-12 20:00:00,23,6,0.0,0.1548148148148148,0.0,0.3849333333333333,optimal
2021-02-12 20:30:00,23,6,0.0,0.46444444444444444,0.0,0.5127999999999999,optimal
2021-02-12 21:00:00,23,6,0.0,0.23222222222222222,0.0,0.27326666666666666,optimal
2021-02-12 21:30:00,23,6,0.0,0.0,0.0,0.3153333333333333,optimal
2021-02-12 22:00:00,23,6,0.0,0.0,0.0,0.24113333333333334,optimal
2021-02-12 22:30:00,23,6,0.0,0.0,0.0,0.4288666666666667,optimal
2021-02-12 23:00:00,23,6,0.0,0.0774074074074074,0.0,0.29646666666666666,optimal
2021-02-12 23:30:00,23,6,0.0,0.1548148148148148,0.0,0.12756666666666666,optimal
2021-02-13 00:00:00,23,6,0.0,0.0,0.0,0.15446666666666667,optimal
2021-02-13 00:30:00,23,6,0.0,0.0,0.0,0.20086666666666667,optimal
2021-02-13 01:00:00,23,6,0.6144006726403055,0.0,0.0,0.12833333333333335,optimal
2021-02-13 01:30:00,23,6,1.1428571428571428,0.0,0.0,0.08913333333333334,optimal
2021-02-13 02:00:00,23,6,1.1428571428571428,0.0,0.0,0.20086666666666667,optimal
2021-02-13 02:30:00,23,6,1.1428571428571428,0.0,0.0,0.09566666666666669,optimal
2021-02-13 03:00:00,23,6,1.1428571428571428,0.0,0.0,0.2534,optimal
2021-02-13 03:30:00,23,6,1.1428571428571428,0.0,0.0,0.06926666666666667,optimal
2021-02-13 04:00:00,23,6,1.1428571428571428,0.0,0.0,0.14793333333333333,optimal
2021-02-13 04:30:00,23,6,1.1428571428571428,0.0,0.10604051010508449,0.1698,optimal
2021-02-13 05:00:00,23,6,1.1428571428571428,0.0,5.0,0.1006,optimal
2021-02-13 05:30:00,23,6,1.1428571428571428,0.0,5.0,0.1534,optimal
2021-02-13 06:00:00,23,6,1.1428571428571428,0.0,5.0,0.21059999999999998,optimal
2021-02-13 06:30:00,23,6,1.1428571428571428,2.537414814814815,5.0,0.06766666666666667,optimal
2021-02-13 07:00:00,23,6,1.1428571428571428,3.4229555555555558,5.0,0.26639999999999997,optimal
2021-02-13 07:30:00,23,6,1.1428571428571428,0.3096296296296296,0.0,0.2692,optimal
2021-02-13 08:00:00,23,6,0.7671245180232045,0.23222222222222222,0.0,0.23626666666666668,optimal
2021-02-13 08:30:00,23,6,0.7124662744581017,0.3096296296296296,0.0,0.40573333333333333,optimal
2021-02-13 09:00:00,23,6,0.43530589501242545,0.387037037037037,0.0,0.8486666666666667,optimal
2021-02-13 09:30:00,23,6,0.5413099152821398,8.359999999999998,0.0,0.4261333333333333,optimal
2021-02-13 10:00:00,23,6,0.32296638130030436,0.0,0.0,0.5085333333333334,optimal
2021-02-13 10:30:00,23,6,0.15344909011615418,0.0774074074074074,0.0,1.4552,optimal
2021-02-13 11:00:00,23,6,0.12927609859943714,0.23222222222222222,0.0,0.588,optimal
2021-02-13 11:30:00,23,6,0.187071188367669,0.0,0.0,1.0317,optimal
2021-02-13 12:00:00,23,6,0.0,0.387037037037037,0.0,1.3489,optimal
2021-02-13 12:30:00,23,6,0.11173600744962349,0.0,0.0,0.18066666666666664,optimal
2021-02-13 13:00:00,23,6,0.20235070761444562,2.3051925925925927,0.0,0.38160000000000005,optimal
2021-02-13 13:30:00,23,6,1.1428571428571428,0.017029629629629645,0.0,0.46303333333333335,optimal
2021-02-13 14:00:00,23,6,1.1428571428571428,0.1548148148148148,0.0,0.4941333333333333,optimal
2021-02-13 14:30:00,23,6,1.1428571428571428,0.0,0.0,0.31693333333333334,optimal
2021-02-13 15:00:00,23,6,1.1428571428571428,0.23222222222222222,0.0,0.7106666666666667,optimal
2021-02-13 15:30:00,23,6,1.1428571428571428,0.0,0.0,0.3678666666666667,optimal
2021-02-13 16:00:00,23,6,0.0,0.6192592592592592,0.0,0.7229333333333333,optimal
2021-02-13 16:30:00,23,6,0.0,0.0774074074074074,0.0,1.4901,optimal
2021-02-13 17:00:00,23,6,0.0,0.23222222222222222,0.0,0.4446333333333333,optimal
2021-02-13 17:30:00,23,6,0.0,0.1548148148148148,0.0,0.6223333333333334,optimal
2021-02-13 18:00:00,23,6,0.0,0.46444444444444444,0.0,0.7085666666666667,optimal
2021-02-13 18:30:00,23,6,0.0,0.1548148148148148,0.0,2.6506,optimal
2021-02-13 19:00:00,23,6,0.0,0.0,0.0,2.9927333333333332,optimal
2021-02-13 19:30:00,23,6,0.0,0.774074074074074,0.0,0.7149,optimal
2021-02-13 20:00:00,23,6,0.0,0.0,0.0,0.199,optimal
2021-02-13 20:30:00,23,6,0.0,0.23222222222222222,0.0,1.9077,optimal
2021-02-13 21:00:00,23,6,0.0,0.5418518518518518,0.0,0.2419333333333333,optimal
2021-02-13 21:30:00,23,6,0.0,0.0,0.0,0.3458,optimal
2021-02-13 22:00:00,23,6,0.0,0.0,0.0,0.41313333333333335,optimal
2021-02-13 22:30:00,23,6,0.0,0.0,0.0,0.2494333333333333,optimal
2021-02-13 23:00:00,23,6,0.0,0.0,0.0,0.21086666666666667,optimal
2021-02-13 23:30:00,23,6,0.0,0.0,0.0,0.16113333333333332,optimal
2021-02-07 00:00:00,24,6,0.0,0.0,0.0,0.09413333333333335,optimal
2021-02-07 00:30:00,24,6,0.0,0.0,0.0,0.1152,optimal
2021-02-07 01:00:00,24,6,0.0,0.0,0.0,0.1564,optimal
2021-02-07 01:30:00,24,6,0.0,0.0,0.0,0.182,optimal
2021-02-07 02:00:00,24,6,0.0,0.0,0.0,0.052,optimal
2021-02-07 02:30:00,24,6,0.0,0.0,0.0,0.2864,optimal
2021-02-07 03:00:00,24,6,0.0,0.0,0.0,0.052,optimal
2021-02-07 03:30:00,24,6,0.0,0.0,0.0,0.16633333333333333,optimal
2021-02-07 04:00:00,24,6,1.1428571428571428,0.1548148148148148,0.0,0.20406666666666665,optimal
2021-02-07 04:30:00,24,6,1.1428571428571428,0.3096296296296296,0.0,0.06316666666666666,optimal
2021-02-07 05:00:00,24,6,1.1428571428571428,0.0,0.0,0.16933333333333334,optimal
2021-02-07 05:30:00,24,6,1.1428571428571428,0.0,0.0,0.16906666666666667,optimal
2021-02-07 06:00:00,24,6,1.1428571428571428,0.0,0.0,0.0696,optimal
2021-02-07 06:30:00,24,6,1.1428571428571428,0.0774074074074074,0.0,0.9259333333333332,optimal
2021-02-07 07:00:00,24,6,1.1428571428571428,0.46444444444444444,1.6063785740462473,0.9336,optimal
2021-02-07 07:30:00,24,6,0.0,0.387037037037037,0.0,1.073233333333333,optimal
2021-02-07 08:00:00,24,6,0.0,0.23222222222222222,0.0,0.21696666666666667,optimal
2021-02-07 08:30:00,24,6,0.0,0.5418518518518518,0.0,0.14093333333333333,optimal
2021-02-07 09:00:00,24,6,0.11461619391124146,0.23222222222222222,0.0,1.6579666666666666,optimal
2021-02-07 09:30:00,24,6,0.47959091391977454,0.23222222222222222,0.0,0.2378,optimal
2021-02-07 10:00:00,24,6,0.5025024900789273,0.0774074074074074,0.0,0.17996666666666666,optimal
2021-02-07 10:30:00,24,6,0.5775370724472344,0.0,0.0,0.26256666666666667,optimal
2021-02-07 11:00:00,24,6,0.5356764629918245,0.0,0.0,0.22916666666666663,optimal
2021-02-07 11:30:00,24,6,0.5022459868013405,0.0,0.0,0.2419333333333333,optimal
2021-02-07 12:00:00,24,6,0.4808570362967375,0.0,0.0,0.07959999999999999,optimal
2021-02-07 12:30:00,24,6,1.0448086245289783,0.0,0.0,0.13826666666666668,optimal
2021-02-07 13:00:00,24,6,1.1428571428571428,0.0,0.0,0.20433333333333328,optimal
2021-02-07 13:30:00,24,6,1.1428571428571428,0.0,0.0,0.11886666666666666,optimal
2021-02-07 14:00:00,24,6,1.1428571428571428,0.0,0.0,0.229,optimal
2021-02-07 14:30:00,24,6,1.1428571428571428,0.0,0.0,0.08833333333333333,optimal
2021-02-07 15:00:00,24,6,1.1428571428571428,0.0,0.0,0.08486666666666666,optimal
2021-02-07 15:30:00,24,6,1.1428571428571428,0.0,0.0,0.2728666666666667,optimal
2021-02-07 16:00:00,24,6,0.0,0.1548148148148148,0.0,0.06,optimal
2021-02-07 16:30:00,24,6,0.0,0.0,0.0,0.23186666666666667,optimal
2021-02-07 17:00:00,24,6,0.0,0.1548148148148148,0.0,0.14859999999999998,optimal
2021-02-07 17:30:00,24,6,0.0,0.0,0.0,0.2192666666666667,optimal
2021-02-07 18:00:00,24,6,0.0,0.0,0.0,0.3315,optimal
2021-02-07 18:30:00,24,6,0.0,0.0,0.0,0.16733333333333333,optimal
2021-02-07 19:00:00,24,6,0.0,0.0,0.0,0.42023333333333335,optimal
2021-02-07 19:30:00,24,6,0.627440954351673,0.0,0.0,0.27463333333333334,optimal
2021-02-07 20:00:00,24,6,0.6363457162564401,0.0,0.0,0.1688,optimal
2021-02-07 20:30:00,24,6,0.0,2.941481481481482,0.0,0.3110333333333334,optimal
2021-02-07 21:00:00,24,6,0.0,2.7866666666666666,0.0,0.37306666666666666,optimal
2021-02-07 21:30:00,24,6,0.0,0.46444444444444444,0.0,0.3147333333333333,optimal
2021-02-07 22:00:00,24,6,0.0,0.23222222222222222,0.0,0.5459666666666667,optimal
2021-02-07 22:30:00,24,6,0.0,0.23222222222222222,0.0,0.38396666666666657,optimal
2021-02-07 23:00:00,24,6,0.0,0.0,0.0,0.2690666666666667,optimal
2021-02-07 23:30:00,24,6,0.0,0.0,0.0,0.08893333333333334,optimal
2021-02-08 00:00:00,24,6,0.0,0.0,0.0,0.08733333333333333,optimal
2021-02-08 00:30:00,24,6,0.0,0.0,0.0,0.3045,optimal
2021-02-08 01:00:00,24,6,0.0,0.1548148148148148,0.0,0.10013333333333334,optimal
2021-02-08 01:30:00,24,6,0.0,0.0,0.0,0.11913333333333334,optimal
2021-02-08 02:00:00,24,6,0.7177161446392493,0.0,0.0,0.0706,optimal
2021-02-08 02:30:00,24,6,1.1428571428571428,0.0,0.0,0.064,optimal
2021-02-08 03:00:00,24,6,1.1428571428571428,0.0,0.0,0.12340000000000001,optimal
2021-02-08 03:30:00,24,6,1.1428571428571428,0.0,0.0,0.064,optimal
2021-02-08 04:00:00,24,6,1.1428571428571428,0.0,0.0,0.12340000000000001,optimal
2021-02-08 04:30:00,24,6,1.1428571428571428,0.0,0.0,0.064,optimal
2021-02-08 05:00:00,24,6,1.1428571428571428,0.0,0.0,0.12340000000000001,optimal
2021-02-08 05:30:00,24,6,1.1428571428571428,0.0,3.4147805916493508,0.064,optimal
2021-02-08 06:00:00,24,6,1.1428571428571428,0.0,5.0,0.12340000000000001,optimal
2021-02-08 06:30:00,24,6,1.1428571428571428,0.0,5.0,0.07033333333333333,optimal
2021-02-08 07:00:00,24,6,1.1428571428571428,0.5418518518518518,5.0,0.12786666666666666,optimal
2021-02-08 07:30:00,24,6,1.1428571428571428,2.5544444444444445,0.0,0.0686,optimal
2021-02-08 08:00:00,24,6,0.6019149603458589,0.6192592592592592,0.0,0.12506666666666666,optimal
2021-02-08 08:30:00,24,6,0.6410790665236824,0.0,0.0,0.107,optimal
2021-02-08 09:00:00,24,6,0.4580099781030914,0.1548148148148148,0.0,0.31989999999999996,optimal
2021-02-08 09:30:00,24,6,0.29597810455064427,0.35142962962962954,0.0,3.4429000000000003,optimal
2021-02-08 10:00:00,24,6,0.18785606924698692,0.035607407407407414,0.0,3.3221,optimal
2021-02-08 10:30:00,24,6,0.4541069904184838,0.0,0.0,0.186,optimal
2021-02-08 11:00:00,24,6,0.23316740773217878,0.0,0.0,1.6033666666666666,optimal
2021-02-08 11:30:00,24,6,0.3605194920305333,0.0,0.0,0.2054,optimal
2021-02-08 12:00:00,24,6,0.31705079965230026,0.0,0.0,0.146,optimal
2021-02-08 12:30:00,24,6,0.3049035396775954,0.0,0.0,0.18209999999999998,optimal
2021-02-08 13:00:00,24,6,0.24759910909876948,0.0,0.0,1.1889,optimal
2021-02-08 13:30:00,24,6,0.12505976482570386,0.0,0.0,2.5973,optimal
2021-02-08 14:00:00,24,6,0.36318032480533735,0.0,0.0,1.7863,optimal
2021-02-08 14:30:00,24,6,1.1428571428571428,0.387037037037037,0.0,0.3236,optimal
2021-02-08 15:00:00,24,6,1.1428571428571428,0.3096296296296296,0.0,0.7216,optimal
2021-02-08 15:30:00,24,6,1.1428571428571428,0.5418518518518518,0.0,4.331466666666667,optimal
2021-02-08 16:00:00,24,6,0.0,0.5418518518518518,0.0,4.065433333333333,optimal
2021-02-08 16:30:00,24,6,0.0,0.5418518518518518,0.0,0.7393333333333334,optimal
2021-02-08 17:00:00,24,6,0.0,0.1548148148148148,0.0,0.5840333333333333,optimal
2021-02-08 17:30:00,24,6,0.0,0.387037037037037,0.0,0.9541000000000001,optimal
2021-02-08 18:00:00,24,6,0.0,0.0774074074074074,0.0,3.1958,optimal
2021-02-08 18:30:00,24,6,0.0,0.6966666666666667,0.0,2.5924666666666667,optimal
2021-02-08 19:00:00,24,6,0.0,0.0774074074074074,0.0,0.1631,optimal
2021-02-08 19:30:00,24,6,0.0,0.0774074074074074,0.0,0.30889999999999995,optimal
2021-02-08 20:00:00,24,6,0.0,0.23222222222222222,0.0,0.1809,optimal
2021-02-08 20:30:00,24,6,0.0,0.23222222222222222,0.0,0.2397333333333333,optimal
2021-02-08 21:00:00,24,6,0.0,0.6192592592592592,0.0,0.224,optimal
2021-02-08 21:30:00,24,6,0.0,0.0,0.0,0.30860000000000004,optimal
2021-02-08 22:00:00,24,6,0.0,0.0,0.0,0.3835,optimal
2021-02-08 22:30:00,24,6,0.0,0.1548148148148148,0.0,0.4238,optimal
2021-02-08 23:00:00,24,6,0.0,0.0,0.0,0.4590666666666667,optimal
2021-02-08 23:30:00,24,6,0.0,0.1548148148148148,0.0,0.4498666666666667,optimal
2021-02-09 00:00:00,24,6,0.0,0.0,0.0,0.19763333333333333,optimal
2021-02-09 00:30:00,24,6,0.0,0.0,0.0,0.327,optimal
2021-02-09 01:00:00,24,6,0.0,0.0,0.0,0.1625,optimal
2021-02-09 01:30:00,24,6,0.18258933087915952,0.0,0.0,0.10623333333333332,optimal
2021-02-09 02:00:00,24,6,1.1428571428571428,0.0,0.0,0.057,optimal
2021-02-09 02:30:00,24,6,1.1428571428571428,0.0,0.0,0.14843333333333333,optimal
2021-02-09 03:00:00,24,6,1.1428571428571428,0.0,0.0,0.12029999999999999,optimal
2021-02-09 03:30:00,24,6,1.1428571428571428,0.0,0.0,0.057,optimal
2021-02-09 04:00:00,24,6,1.1428571428571428,0.0,0.0,0.19063333333333332,optimal
2021-02-09 04:30:00,24,6,1.1428571428571428,0.0,0.0,0.07809999999999999,optimal
2021-02-09 05:00:00,24,6,1.1428571428571428,0.0,1.1914921428523049,0.13436666666666666,optimal
2021-02-09 05:30:00,24,6,1.1428571428571428,0.0,5.0,0.22440000000000002,optimal
2021-02-09 06:00:00,24,6,1.1428571428571428,6.502222222222222,5.0,0.3486666666666667,optimal
2021-02-09 06:30:00,24,6,1.1428571428571428,0.1548148148148148,0.0,0.3609666666666666,optimal
2021-02-09 07:00:00,24,6,1.1428571428571428,0.0,0.0,0.313,optimal
2021-02-09 07:30:00,24,6,1.1428571428571428,0.0,0.0,0.067,optimal
2021-02-09 08:00:00,24,6,0.8131442968986711,0.0,0.0,0.18656666666666663,optimal
2021-02-09 08:30:00,24,6,0.8308267090605068,0.0,0.0,0.10216666666666668,optimal
2021-02-09 09:00:00,24,6,0.7116509797923647,0.0,0.0,0.14436666666666667,optimal
2021-02-09 09:30:00,24,6,0.6987872326874561,0.0,0.0,0.14436666666666667,optimal
2021-02-09 10:00:00,24,6,0.5356990658640497,0.0,0.0,0.067,optimal
2021-02-09 10:30:00,24,6,0.4807697528004345,0.0,0.0,0.22173333333333328,optimal
2021-02-09 11:00:00,24,6,0.35354800337012604,0.0,0.0,0.067,optimal
2021-02-09 11:30:00,24,6,0.31322309313834734,0.0,0.0,0.20063333333333333,optimal
2021-02-09 12:00:00,24,6,0.23092710574385145,0.0,0.0,0.0881,optimal
2021-02-09 12:30:00,24,6,0.22302344454705017,0.0,0.0,0.12326666666666668,optimal
2021-02-09 13:00:00,24,6,0.07336515552936047,0.0,0.0,1.247266666666667,optimal
2021-02-09 13:30:00,24,6,0.12904054195160997,0.0,0.0,1.2943666666666667,optimal
2021-02-09 14:00:00,24,6,0.38567468622023204,0.0,0.0,0.21703333333333333,optimal
2021-02-09 14:30:00,24,6,1.1428571428571428,0.0,0.0,2.1701333333333332,optimal
2021-02-09 15:00:00,24,6,1.1428571428571428,0.8514814814814814,0.0,0.7554,optimal
2021-02-09 15:30:00,24,6,1.1428571428571428,0.0774074074074074,0.0,0.9080333333333331,optimal
2021-02-09 16:00:00,24,6,0.0,0.0,0.0,0.1684,optimal
2021-02-09 16:30:00,24,6,0.0,0.387037037037037,0.0,2.3730333333333333,optimal
2021-02-09 17:00:00,24,6,0.0,0.0,0.0,3.1526666666666667,optimal
2021-02-09 17:30:00,24,6,0.0,0.23222222222222222,0.0,2.588833333333333,optimal
2021-02-09 18:00:00,24,6,0.0,0.1548148148148148,0.0,3.206933333333333,optimal
2021-02-09 18:30:00,24,6,0.0,3.251111111111111,0.0,2.750966666666667,optimal
2021-02-09 19:00:00,24,6,0.0,0.46444444444444444,0.0,2.5394,optimal
2021-02-09 19:30:00,24,6,0.0,0.0,0.0,1.9573,optimal
2021-02-09 20:00:00,24,6,0.0,0.0,0.0,1.6212,optimal
2021-02-09 20:30:00,24,6,0.0,0.0,0.0,2.4683,optimal
2021-02-09 21:00:00,24,6,0.0,0.0774074074074074,0.0,0.5462666666666667,optimal
2021-02-09 21:30:00,24,6,0.0,0.5418518518518518,0.0,0.48503333333333337,optimal
2021-02-09 22:00:00,24,6,0.0,0.0,0.0,1.0985,optimal
2021-02-09 22:30:00,24,6,0.0,0.0,0.0,1.7184333333333335,optimal
2021-02-09 23:00:00,24,6,0.0,0.0774074074074074,0.0,1.7718,optimal
2021-02-09 23:30:00,24,6,0.0,0.0,0.0,0.1407,optimal
2021-02-10 00:00:00,24,6,0.0,0.0,0.0,0.053,optimal
2021-02-10 00:30:00,24,6,0.0,0.0,0.0,0.063,optimal
2021-02-10 01:00:00,24,6,0.0,0.0,0.0,0.14233333333333334,optimal
2021-02-10 01:30:00,24,6,0.9423146132124256,0.0,0.0,0.046,optimal
2021-02-10 02:00:00,24,6,1.1428571428571428,0.0,0.0,0.046,optimal
2021-02-10 02:30:00,24,6,1.1428571428571428,0.0,0.0,0.08566666666666667,optimal
2021-02-10 03:00:00,24,6,1.1428571428571428,0.0,0.0,0.11966666666666669,optimal
2021-02-10 03:30:00,24,6,1.1428571428571428,0.0,0.0,0.046,optimal
2021-02-10 04:00:00,24,6,1.1428571428571428,0.0,0.0,0.10266666666666668,optimal
2021-02-10 04:30:00,24,6,1.1428571428571428,0.0,0.0,0.10266666666666668,optimal
2021-02-10 05:00:00,24,6,1.1428571428571428,0.0,0.0,0.046,optimal
2021-02-10 05:30:00,24,6,1.1428571428571428,0.0,0.0,0.046,optimal
2021-02-10 06:00:00,24,6,1.1428571428571428,2.4770370370370367,3.6858440756236783,0.3716333333333333,optimal
2021-02-10 06:30:00,24,6,1.1428571428571428,2.4600074074074074,5.0,0.050333333333333334,optimal
2021-02-10 07:00:00,24,6,1.1428571428571428,0.017029629629629645,5.0,0.1346,optimal
2021-02-10 07:30:00,24,6,1.1428571428571428,2.3222222222222215,0.0,0.11333333333333331,optimal
2021-02-10 08:00:00,24,6,0.7028311053370551,0.0,0.0,1.1502333333333332,optimal
2021-02-10 08:30:00,24,6,0.668607654886165,0.5418518518518518,0.0,1.2681666666666667,optimal
2021-02-10 09:00:00,24,6,0.5590845558439749,0.1548148148148148,0.0,0.17426666666666668,optimal
2021-02-10 09:30:00,24,6,0.5825372958692749,0.0774074074074074,0.0,0.145,optimal
2021-02-10 10:00:00,24,6,0.44590324909717616,0.0,0.0,0.068,optimal
2021-02-10 10:30:00,24,6,0.5046142326875739,0.0,0.0,0.08266666666666667,optimal
2021-02-10 11:00:00,24,6,0.37184777758576265,0.0,0.0,0.14666666666666667,optimal
2021-02-10 11:30:00,24,6,0.3934646237888851,0.0,0.0,0.056,optimal
2021-02-10 12:00:00,24,6,0.18801465544763796,0.1548148148148148,0.0,0.0688,optimal
2021-02-10 12:30:00,24,6,0.03898608401906184,0.0,0.0,0.32339999999999997,optimal
2021-02-10 13:00:00,24,6,0.02250819071829618,0.23222222222222222,0.0,1.22,optimal
2021-02-10 13:30:00,24,6,1.1428571428571428,0.1548148148148148,0.0,0.3101666666666667,optimal
2021-02-10 14:00:00,24,6,1.1428571428571428,0.0,0.0,0.483,optimal
2021-02-10 14:30:00,24,6,1.1428571428571428,0.1548148148148148,0.0,0.07,optimal
2021-02-10 15:00:00,24,6,1.1428571428571428,0.0,0.0,0.1716,optimal
2021-02-10 15:30:00,24,6,1.1428571428571428,0.23222222222222222,0.0,0.054,optimal
2021-02-10 16:00:00,24,6,0.0,0.0,0.0,0.16733333333333333,optimal
2021-02-10 16:30:00,24,6,0.0,0.0,0.0,0.06786666666666666,optimal
2021-02-10 17:00:00,24,6,0.0,0.0,0.0,0.07,optimal
2021-02-10 17:30:00,24,6,0.0,0.23222222222222222,0.0,0.2495,optimal
2021-02-10 18:00:00,24,6,0.0,0.0,0.0,0.3098666666666667,optimal
2021-02-10 18:30:00,24,6,0.0,0.1548148148148148,0.0,0.3073333333333333,optimal
2021-02-10 19:00:00,24,6,0.0,0.0774074074074074,0.0,0.1823333333333333,optimal
2021-02-10 19:30:00,24,6,0.0,0.1548148148148148,0.0,0.2172666666666667,optimal
2021-02-10 20:00:00,24,6,0.0,0.0,0.0,0.08433333333333333,optimal
2021-02-10 20:30:00,24,6,0.0,0.0,0.0,0.13533333333333333,optimal
2021-02-10 21:00:00,24,6,0.0,0.0,0.0,0.09,optimal
2021-02-10 21:30:00,24,6,0.0,0.0,0.0,0.056,optimal
2021-02-10 22:00:00,24,6,0.0,0.3096296296296296,0.0,0.11966666666666669,optimal
2021-02-10 22:30:00,24,6,0.0,2.5544444444444445,0.0,0.12566666666666668,optimal
2021-02-10 23:00:00,24,6,0.0,0.3096296296296296,0.0,0.09173333333333332,optimal
2021-02-10 23:30:00,24,6,0.0,0.0,0.0,0.5026333333333334,optimal
2021-02-11 00:00:00,24,6,1.0649545744578077,0.0,0.0,0.21316666666666662,optimal
2021-02-11 00:30:00,24,6,1.1428571428571428,0.0,0.0,0.17843333333333333,optimal
2021-02-11 01:00:00,24,6,1.1428571428571428,0.0,0.0,0.063,optimal
2021-02-11 01:30:00,24,6,1.1428571428571428,0.0,0.0,0.063,optimal
2021-02-11 02:00:00,24,6,1.1428571428571428,0.0,0.0,0.063,optimal
2021-02-11 02:30:00,24,6,1.1428571428571428,0.0,0.0,0.063,optimal
2021-02-11 03:00:00,24,6,1.1428571428571428,0.0,0.0,0.063,optimal
2021-02-11 03:30:00,24,6,1.1428571428571428,0.0,0.0,0.06466666666666668,optimal
2021-02-11 04:00:00,24,6,1.1428571428571428,0.387037037037037,0.9687350529842165,0.13066666666666665,optimal
2021-02-11 04:30:00,24,6,1.1428571428571428,2.012592592592592,5.0,0.242,optimal
2021-02-11 05:00:00,24,6,1.1428571428571428,0.3096296296296296,5.0,0.2082,optimal
2021-02-11 05:30:00,24,6,1.1428571428571428,0.0,0.0,1.8656,optimal
2021-02-11 06:00:00,24,6,1.1428571428571428,0.8514814814814814,0.0,0.27,optimal
2021-02-11 06:30:00,24,6,1.1428571428571428,0.46444444444444444,0.0,0.27,optimal
2021-02-11 07:00:00,24,6,1.1428571428571428,0.0,0.0,0.3054,optimal
2021-02-11 07:30:00,24,6,1.1428571428571428,0.5418518518518518,0.0,0.2901,optimal
2021-02-11 08:00:00,24,6,0.9447150411920838,0.0,0.0,0.073,optimal
2021-02-11 08:30:00,24,6,0.9511469147445323,0.0,0.0,0.073,optimal
2021-02-11 09:00:00,24,6,0.8278478313446334,0.0,0.0,0.073,optimal
2021-02-11 09:30:00,24,6,0.7570972222676545,0.0,0.0,0.073,optimal
2021-02-11 10:00:00,24,6,0.4733554898360631,0.0,0.0,0.073,optimal
2021-02-11 10:30:00,24,6,0.49908298404588003,0.0,0.0,0.073,optimal
2021-02-11 11:00:00,24,6,0.3026395767973096,2.150377777777778,0.0,0.163,optimal
2021-02-11 11:30:00,24,6,0.2426706852255133,3.4229555555555558,0.0,0.16233333333333333,optimal
2021-02-11 12:00:00,24,6,0.09420893193947132,0.46444444444444444,0.0,0.16433333333333333,optimal
2021-02-11 12:30:00,24,6,0.059204146545504974,0.23222222222222222,0.0,0.18930000000000002,optimal
2021-02-11 13:00:00,24,6,1.1428571428571428,0.0,0.0,1.783766666666667,optimal
2021-02-11 13:30:00,24,6,1.1428571428571428,0.0774074074074074,0.0,0.07759999999999999,optimal
2021-02-11 14:00:00,24,6,1.1428571428571428,0.0,0.0,0.088,optimal
2021-02-11 14:30:00,24,6,1.1428571428571428,0.0,0.0,0.073,optimal
2021-02-11 15:00:00,24,6,1.1428571428571428,0.0,0.0,0.2915,optimal
2021-02-11 15:30:00,24,6,1.1428571428571428,0.387037037037037,0.0,0.2521,optimal
2021-02-11 16:00:00,24,6,0.0,0.5418518518518518,0.0,0.4633,optimal
2021-02-11 16:30:00,24,6,0.0,1.1611111111111108,0.0,0.4630666666666667,optimal
2021-02-11 17:00:00,24,6,0.0,0.46444444444444444,0.0,0.29819999999999997,optimal
2021-02-11 17:30:00,24,6,0.0,0.387037037037037,0.0,1.0623333333333334,optimal
2021-02-11 18:00:00,24,6,0.0,0.0,0.0,0.5477333333333333,optimal
2021-02-11 18:30:00,24,6,0.0,0.0,0.0,0.073,optimal
2021-02-11 19:00:00,24,6,0.0,0.0,0.0,0.28986666666666666,optimal
2021-02-11 19:30:00,24,6,0.2899157260262438,0.0,0.0,0.073,optimal
2021-02-11 20:00:00,24,6,1.1306163494795392,0.0,0.0,0.073,optimal
2021-02-11 20:30:00,24,6,0.0,0.0,0.0,0.073,optimal
2021-02-11 21:00:00,24,6,0.0,0.0,0.0,0.073,optimal
2021-02-11 21:30:00,24,6,0.0,0.0,0.0,0.073,optimal
2021-02-11 22:00:00,24,6,0.0,0.0,0.0,0.073,optimal
2021-02-11 22:30:00,24,6,0.0,0.0,0.0,0.073,optimal
2021-02-11 23:00:00,24,6,0.0,0.0,0.0,0.073,optimal
2021-02-11 23:30:00,24,6,0.0,0.0,0.0,0.072,optimal
2021-02-12 00:00:00,24,6,1.1428571428571428,2.7866666666666666,0.0,2.4370333333333334,optimal
2021-02-12 00:30:00,24,6,1.1428571428571428,0.0,0.0,2.3324333333333334,optimal
2021-02-12 01:00:00,24,6,1.1428571428571428,0.0,0.0,0.0988,optimal
2021-02-12 01:30:00,24,6,1.1428571428571428,0.0,0.0,0.1238,optimal
2021-02-12 02:00:00,24,6,1.1428571428571428,0.0,0.0,0.2129333333333333,optimal
2021-02-12 02:30:00,24,6,1.1428571428571428,0.0,0.0,0.056,optimal
2021-02-12 03:00:00,24,6,1.1428571428571428,0.0,0.0,0.07859999999999999,optimal
2021-02-12 03:30:00,24,6,1.1428571428571428,0.0,0.0,0.1012,optimal
2021-02-12 04:00:00,24,6,1.1428571428571428,0.0,0.0,0.10593333333333334,optimal
2021-02-12 04:30:00,24,6,1.1428571428571428,0.0,0.0,0.163,optimal
2021-02-12 05:00:00,24,6,1.1428571428571428,0.0,0.0,0.056,optimal
2021-02-12 05:30:00,24,6,1.1428571428571428,0.0,0.0,0.2129333333333333,optimal
2021-02-12 06:00:00,24,6,1.1428571428571428,0.0,0.0,0.12003333333333331,optimal
2021-02-12 06:30:00,24,6,1.1428571428571428,0.0,3.392959132142721,0.1311,optimal
2021-02-12 07:00:00,24,6,1.1428571428571428,0.0,5.0,0.2094,optimal
2021-02-12 07:30:00,24,6,1.1428571428571428,8.524013740593665,0.0,0.056,optimal
2021-02-12 08:00:00,24,6,0.8841890772307548,0.0,0.0,0.2129333333333333,optimal
2021-02-12 08:30:00,24,6,0.9182315753006893,0.0,0.0,0.1238,optimal
2021-02-12 09:00:00,24,6,0.6750808418027875,0.0,0.0,0.49523333333333336,optimal
2021-02-12 09:30:00,24,6,0.5637971725572867,0.0,0.0,0.3116666666666667,optimal
2021-02-12 10:00:00,24,6,0.23750502442625313,0.46444444444444444,0.0,2.1150666666666664,optimal
2021-02-12 10:30:00,24,6,0.0,0.23222222222222222,0.0,3.2771,optimal
2021-02-12 11:00:00,24,6,0.020047577234773913,0.23222222222222222,0.0,2.3320333333333334,optimal
2021-02-12 11:30:00,24,6,0.03382217006260258,0.0,0.0,2.8430999999999997,optimal
2021-02-12 12:00:00,24,6,0.029578110525952474,0.46444444444444444,0.0,1.1405333333333334,optimal
2021-02-12 12:30:00,24,6,0.13521605743703533,0.23222222222222222,0.0,0.2118333333333333,optimal
2021-02-12 13:00:00,24,6,0.3254697309168672,0.0,0.0,0.3186666666666667,optimal
2021-02-12 13:30:00,24,6,1.1428571428571428,0.0,0.0,0.20026666666666668,optimal
2021-02-12 14:00:00,24,6,1.1428571428571428,0.0,0.0,0.09366666666666669,optimal
2021-02-12 14:30:00,24,6,1.1428571428571428,0.0,0.0,0.18896666666666667,optimal
2021-02-12 15:00:00,24,6,1.1428571428571428,0.0,0.0,0.14776666666666669,optimal
2021-02-12 15:30:00,24,6,1.1428571428571428,0.0,0.0,0.06313333333333333,optimal
2021-02-12 16:00:00,24,6,0.0,0.3096296296296296,0.0,0.4945,optimal
2021-02-12 16:30:00,24,6,0.0,0.6966666666666667,0.0,0.6561666666666667,optimal
2021-02-12 17:00:00,24,6,0.0,0.0,0.0,2.014766666666667,optimal
2021-02-12 17:30:00,24,6,0.0,0.46444444444444444,0.0,0.42606666666666665,optimal
2021-02-12 18:00:00,24,6,0.0,0.23222222222222222,0.0,0.7686000000000001,optimal
2021-02-12 18:30:00,24,6,0.0,0.23222222222222222,0.0,1.6493,optimal
2021-02-12 19:00:00,24,6,0.0,0.0,0.0,2.3740666666666668,optimal
2021-02-12 19:30:00,24,6,0.0,0.5418518518518518,0.0,1.1834666666666667,optimal
2021-02-12 20:00:00,24,6,0.0,0.8514814814814814,0.0,2.3181,optimal
2021-02-12 20:30:00,24,6,0.0,0.23222222222222222,0.0,0.4726666666666667,optimal
2021-02-12 21:00:00,24,6,0.0,0.0774074074074074,0.0,1.9814666666666667,optimal
2021-02-12 21:30:00,24,6,0.0,0.387037037037037,0.0,1.1976,optimal
2021-02-12 22:00:00,24,6,0.0,0.0774074074074074,0.0,0.43356666666666666,optimal
2021-02-12 22:30:00,24,6,0.0,0.0,0.0,0.056,optimal
2021-02-12 23:00:00,24,6,0.0,0.0,0.0,0.19153333333333333,optimal
2021-02-12 23:30:00,24,6,0.0,0.0,0.0,0.08493333333333333,optimal
2021-02-13 00:00:00,24,6,0.0,0.0,0.0,0.25893333333333335,optimal
2021-02-13 00:30:00,24,6,0.0,0.0,0.0,0.0788,optimal
2021-02-13 01:00:00,24,6,0.4199027496095809,0.0774074074074074,0.0,0.2342,optimal
2021-02-13 01:30:00,24,6,1.1428571428571428,0.0,0.0,0.15580000000000002,optimal
2021-02-13 02:00:00,24,6,1.1428571428571428,0.0,0.0,0.15253333333333333,optimal
2021-02-13 02:30:00,24,6,1.1428571428571428,0.0,0.0,0.28786666666666666,optimal
2021-02-13 03:00:00,24,6,1.1428571428571428,0.0,0.0,0.1396,optimal
2021-02-13 03:30:00,24,6,1.1428571428571428,0.0,0.0,0.29519999999999996,optimal
2021-02-13 04:00:00,24,6,1.1428571428571428,0.0,0.0,0.0676,optimal
2021-02-13 04:30:00,24,6,1.1428571428571428,0.0,0.0,0.2976666666666667,optimal
2021-02-13 05:00:00,24,6,1.1428571428571428,0.0,0.0,0.15273333333333333,optimal
2021-02-13 05:30:00,24,6,1.1428571428571428,0.0,0.0,0.13626666666666667,optimal
2021-02-13 06:00:00,24,6,1.1428571428571428,0.0,0.0,0.3141333333333333,optimal
2021-02-13 06:30:00,24,6,1.1428571428571428,0.0,3.106736694959409,0.062,optimal
2021-02-13 07:00:00,24,6,1.1428571428571428,0.0,5.0,0.16466666666666666,optimal
2021-02-13 07:30:00,24,6,1.1428571428571428,0.0,0.0,0.16253333333333334,optimal
2021-02-13 08:00:00,24,6,0.6462654704041498,0.774074074074074,0.0,1.5475,optimal
2021-02-13 08:30:00,24,6,0.5801910363628604,0.3096296296296296,0.0,3.753766666666667,optimal
2021-02-13 09:00:00,24,6,0.5058354188219415,1.9351851851851851,0.0,2.672333333333333,optimal
2021-02-13 09:30:00,24,6,0.5694699152821407,0.0,0.0,2.1370666666666667,optimal
2021-02-13 10:00:00,24,6,0.38148257177650313,0.1548148148148148,0.0,0.46743333333333326,optimal
2021-02-13 10:30:00,24,6,0.39896528059234804,0.0,0.0,0.11309999999999999,optimal
2021-02-13 11:00:00,24,6,0.015049431932767608,0.1548148148148148,0.0,2.2716666666666665,optimal
2021-02-13 11:30:00,24,6,0.05385975979623263,0.0774074074074074,0.0,2.102233333333333,optimal
2021-02-13 12:00:00,24,6,0.0,0.42883703703703696,0.0,0.7222000000000001,optimal
2021-02-13 12:30:00,24,6,0.0,0.34523703703703695,0.0,3.961866666666667,optimal
2021-02-13 13:00:00,24,6,0.5232892403561741,0.3096296296296296,0.0,2.4353000000000002,optimal
2021-02-13 13:30:00,24,6,1.1428571428571428,0.0,0.0,0.2309333333333333,optimal
2021-02-13 14:00:00,24,6,1.1428571428571428,0.1548148148148148,0.0,0.5710666666666667,optimal
2021-02-13 14:30:00,24,6,1.1428571428571428,0.0,0.0,0.5693666666666667,optimal
2021-02-13 15:00:00,24,6,1.1428571428571428,0.0,0.0,0.319,optimal
2021-02-13 15:30:00,24,6,1.1428571428571428,0.0,0.0,0.1414,optimal
2021-02-13 16:00:00,24,6,0.0,0.0,0.0,1.2149333333333334,optimal
2021-02-13 16:30:00,24,6,0.0,0.1548148148148148,0.0,4.3806,optimal
2021-02-13 17:00:00,24,6,0.0,0.1548148148148148,0.0,2.418,optimal
2021-02-13 17:30:00,24,6,0.0,0.23222222222222222,0.0,1.1412666666666669,optimal
2021-02-13 18:00:00,24,6,0.0,0.1548148148148148,0.0,0.48373333333333335,optimal
2021-02-13 18:30:00,24,6,0.0,0.0,0.0,0.5118666666666667,optimal
2021-02-13 19:00:00,24,6,0.0,0.0,0.0,0.6544666666666668,optimal
2021-02-13 19:30:00,24,6,0.0,0.1548148148148148,0.0,2.4050666666666665,optimal
2021-02-13 20:00:00,24,6,0.0,0.0,0.0,2.6058000000000003,optimal
2021-02-13 20:30:00,24,6,0.0,0.1548148148148148,0.0,0.6538999999999999,optimal
2021-02-13 21:00:00,24,6,0.0,0.0,0.0,0.5167999999999999,optimal
2021-02-13 21:30:00,24,6,0.0,0.0,0.0,2.2055666666666665,optimal
2021-02-13 22:00:00,24,6,0.0,0.0,0.0,0.8451000000000001,optimal
2021-02-13 22:30:00,24,6,0.0,0.0,0.0,0.31026666666666664,optimal
2021-02-13 23:00:00,24,6,0.0,0.0,0.0,1.5036333333333334,optimal
2021-02-13 23:30:00,24,6,0.0,0.0,0.0,1.7185333333333332,optimal
2021-02-07 00:00:00,25,6,0.0,0.0,0.0,0.0495,optimal
2021-02-07 00:30:00,25,6,0.0,0.3096296296296296,0.0,0.0799,optimal
2021-02-07 01:00:00,25,6,0.0,0.0,0.0,0.06133333333333334,optimal
2021-02-07 01:30:00,25,6,0.0,0.0,0.0,0.13513333333333333,optimal
2021-02-07 02:00:00,25,6,0.0,0.0,0.0,0.14636666666666667,optimal
2021-02-07 02:30:00,25,6,0.0,0.0,0.0,0.14966666666666667,optimal
2021-02-07 03:00:00,25,6,0.0,0.0,0.0,0.14253333333333335,optimal
2021-02-07 03:30:00,25,6,0.0,0.0,0.0,0.17896666666666666,optimal
2021-02-07 04:00:00,25,6,1.1428571428571428,0.0,0.0,0.046,optimal
2021-02-07 04:30:00,25,6,1.1428571428571428,0.0,0.0,0.21819999999999998,optimal
2021-02-07 05:00:00,25,6,1.1428571428571428,0.0,0.0,0.13513333333333333,optimal
2021-02-07 05:30:00,25,6,1.1428571428571428,0.0,0.0,0.046,optimal
2021-02-07 06:00:00,25,6,1.1428571428571428,0.0,0.0,0.046,optimal
2021-02-07 06:30:00,25,6,1.1428571428571428,0.0,0.0,0.3073333333333333,optimal
2021-02-07 07:00:00,25,6,1.1428571428571428,0.0,1.7076336144509696,0.046,optimal
2021-02-07 07:30:00,25,6,0.0,0.5418518518518518,0.0,1.2985333333333333,optimal
2021-02-07 08:00:00,25,6,0.0,0.3096296296296296,0.0,0.1138,optimal
2021-02-07 08:30:00,25,6,0.48717262149232055,0.6192592592592592,0.0,0.5812666666666666,optimal
2021-02-07 09:00:00,25,6,0.6778872527229777,0.0,0.0,0.20533333333333328,optimal
2021-02-07 09:30:00,25,6,0.7080194853483469,0.0,0.0,0.09236666666666667,optimal
2021-02-07 10:00:00,25,6,0.6111824900789323,0.0,0.0,0.16626666666666667,optimal
2021-02-07 10:30:00,25,6,0.6105465962567539,0.0,0.0,0.1835,optimal
2021-02-07 11:00:00,25,6,0.547436462991818,0.0,0.0,0.07376666666666666,optimal
2021-02-07 11:30:00,25,6,0.4932650344203876,0.0,0.0,0.2633666666666667,optimal
2021-02-07 12:00:00,25,6,0.8652098994538766,0.0,0.0,0.0836,optimal
2021-02-07 12:30:00,25,6,1.1428571428571428,0.0,0.0,0.13513333333333333,optimal
2021-02-07 13:00:00,25,6,1.1428571428571428,0.0,0.0,0.0838,optimal
2021-02-07 13:30:00,25,6,1.1428571428571428,0.0,0.0,0.1162,optimal
2021-02-07 14:00:00,25,6,1.1428571428571428,0.0,0.0,0.22186666666666668,optimal
2021-02-07 14:30:00,25,6,1.1428571428571428,0.0,0.0,0.1378,optimal
2021-02-07 15:00:00,25,6,1.1428571428571428,0.0,0.0,0.046,optimal
2021-02-07 15:30:00,25,6,1.1428571428571428,0.0,0.0,0.20976666666666668,optimal
2021-02-07 16:00:00,25,6,0.0,0.0,0.0,0.14356666666666668,optimal
2021-02-07 16:30:00,25,6,0.0,0.387037037037037,0.0,0.16786666666666666,optimal
2021-02-07 17:00:00,25,6,0.0,0.0,0.0,0.22693333333333332,optimal
2021-02-07 17:30:00,25,6,0.0,0.0,0.0,0.06553333333333333,optimal
2021-02-07 18:00:00,25,6,0.0,0.0774074074074074,0.0,0.3468,optimal
2021-02-07 18:30:00,25,6,0.0,0.0,0.0,0.3193333333333333,optimal
2021-02-07 19:00:00,25,6,0.0,0.0,0.0,0.056,optimal
2021-02-07 19:30:00,25,6,0.4904980972088173,0.46444444444444444,0.0,0.7456,optimal
2021-02-07 20:00:00,25,6,0.73911714482787,0.0,0.0,0.18109999999999998,optimal
2021-02-07 20:30:00,25,6,0.0,0.0,0.0,0.11663333333333334,optimal
2021-02-07 21:00:00,25,6,0.0,0.0,0.0,0.1428,optimal
2021-02-07 21:30:00,25,6,0.0,0.0,0.0,0.16633333333333333,optimal
2021-02-07 22:00:00,25,6,0.0,0.0,0.0,0.07026666666666667,optimal
2021-02-07 22:30:00,25,6,0.0,0.0,0.0,0.26526666666666665,optimal
2021-02-07 23:00:00,25,6,0.0,0.0,0.0,0.09736666666666666,optimal
2021-02-07 23:30:00,25,6,0.0,0.0,0.0,0.2594666666666666,optimal
2021-02-08 00:00:00,25,6,0.0,0.0,0.0,0.064,optimal
2021-02-08 00:30:00,25,6,0.0,0.0,0.0,0.064,optimal
2021-02-08 01:00:00,25,6,0.0,0.0,0.0,0.11173333333333332,optimal
2021-02-08 01:30:00,25,6,0.4718382369644658,0.0,0.0,0.14753333333333332,optimal
2021-02-08 02:00:00,25,6,1.1428571428571428,0.0,0.0,0.064,optimal
2021-02-08 02:30:00,25,6,1.1428571428571428,0.0,0.0,0.14753333333333332,optimal
2021-02-08 03:00:00,25,6,1.1428571428571428,0.0,0.0,0.11173333333333332,optimal
2021-02-08 03:30:00,25,6,1.1428571428571428,0.0,0.0,0.064,optimal
2021-02-08 04:00:00,25,6,1.1428571428571428,0.0,0.0,0.19526666666666667,optimal
2021-02-08 04:30:00,25,6,1.1428571428571428,0.0,0.0,0.064,optimal
2021-02-08 05:00:00,25,6,1.1428571428571428,0.0,0.0,0.14156666666666667,optimal
2021-02-08 05:30:00,25,6,1.1428571428571428,0.3096296296296296,1.881063355157057,0.11636666666666666,optimal
2021-02-08 06:00:00,25,6,1.1428571428571428,0.6192592592592592,5.0,0.07013333333333334,optimal
2021-02-08 06:30:00,25,6,1.1428571428571428,0.0774074074074074,5.0,1.1265,optimal
2021-02-08 07:00:00,25,6,1.1428571428571428,0.1548148148148148,5.0,1.8393666666666664,optimal
2021-02-08 07:30:00,25,6,1.1428571428571428,0.387037037037037,0.0,0.5154,optimal
2021-02-08 08:00:00,25,6,0.569134007964908,0.2740222222222222,0.0,0.35736666666666667,optimal
2021-02-08 08:30:00,25,6,0.3758190665236761,0.9644962962962965,0.0,1.9067,optimal
2021-02-08 09:00:00,25,6,0.3456890257221389,0.0774074074074074,0.0,0.9777,optimal
2021-02-08 09:30:00,25,6,0.46297810455064625,0.0774074074074074,0.0,0.35456666666666664,optimal
2021-02-08 10:00:00,25,6,0.19388273591364638,0.0,0.0,1.1433333333333333,optimal
2021-02-08 10:30:00,25,6,0.3106879427994317,0.23222222222222222,0.0,1.1292666666666669,optimal
2021-02-08 11:00:00,25,6,0.19168359820836528,0.0,0.0,0.6642333333333333,optimal
2021-02-08 11:30:00,25,6,0.18350425393529984,1.6255555555555554,0.0,0.6967333333333333,optimal
2021-02-08 12:00:00,25,6,0.15786794250944772,0.23222222222222222,0.0,0.6056666666666666,optimal
2021-02-08 12:30:00,25,6,0.10373211110616759,0.0,0.0,0.5498999999999999,optimal
2021-02-08 13:00:00,25,6,0.18363339481305282,0.0,0.0,0.316,optimal
2021-02-08 13:30:00,25,6,0.18563119339713358,0.0,0.0,0.2928,optimal
2021-02-08 14:00:00,25,6,0.7305089455173458,0.0774074074074074,0.0,0.4131,optimal
2021-02-08 14:30:00,25,6,1.1428571428571428,0.3096296296296296,0.0,1.267766666666667,optimal
2021-02-08 15:00:00,25,6,1.1428571428571428,0.0,0.0,1.1146333333333334,optimal
2021-02-08 15:30:00,25,6,1.1428571428571428,0.0,0.0,1.8555,optimal
2021-02-08 16:00:00,25,6,0.0,0.0,0.0,0.4461333333333333,optimal
2021-02-08 16:30:00,25,6,0.0,0.1548148148148148,0.0,0.5223,optimal
2021-02-08 17:00:00,25,6,0.0,0.23222222222222222,0.0,0.4802666666666667,optimal
2021-02-08 17:30:00,25,6,0.0,0.0,0.0,2.319933333333333,optimal
2021-02-08 18:00:00,25,6,0.0,1.7803703703703702,0.0,1.9687666666666668,optimal
2021-02-08 18:30:00,25,6,0.0,0.6192592592592592,0.0,0.4380333333333334,optimal
2021-02-08 19:00:00,25,6,0.0,0.0774074074074074,0.0,1.979733333333333,optimal
2021-02-08 19:30:00,25,6,0.0,0.387037037037037,0.0,1.5249666666666668,optimal
2021-02-08 20:00:00,25,6,0.0,0.0,0.0,2.9865666666666666,optimal
2021-02-08 20:30:00,25,6,0.0,0.0,0.0,2.0921999999999996,optimal
2021-02-08 21:00:00,25,6,0.0,0.0,0.0,0.7674333333333333,optimal
2021-02-08 21:30:00,25,6,0.0,2.1674074074074072,0.0,0.9445,optimal
2021-02-08 22:00:00,25,6,0.0,0.387037037037037,0.0,1.1337000000000002,optimal
2021-02-08 22:30:00,25,6,0.0,0.5418518518518518,0.0,0.8829333333333332,optimal
2021-02-08 23:00:00,25,6,0.0,0.0,0.0,0.6746333333333333,optimal
2021-02-08 23:30:00,25,6,0.0,0.0,0.0,0.5119,optimal
2021-02-09 00:00:00,25,6,0.0,0.0,0.0,0.062,optimal
2021-02-09 00:30:00,25,6,0.0,0.0,0.0,0.23333333333333328,optimal
2021-02-09 01:00:00,25,6,0.0,0.0,0.0,0.1772,optimal
2021-02-09 01:30:00,25,6,0.0,0.0,0.0,0.1943666666666667,optimal
2021-02-09 02:00:00,25,6,0.8241513232335929,0.0,0.0,0.21616666666666662,optimal
2021-02-09 02:30:00,25,6,1.1428571428571428,0.0,0.0,0.16356666666666667,optimal
2021-02-09 03:00:00,25,6,1.1428571428571428,0.0,0.0,0.15696666666666667,optimal
2021-02-09 03:30:00,25,6,1.1428571428571428,0.0,0.0,0.18316666666666662,optimal
2021-02-09 04:00:00,25,6,1.1428571428571428,0.0,0.0,0.22736666666666666,optimal
2021-02-09 04:30:00,25,6,1.1428571428571428,0.0,0.0,0.062,optimal
2021-02-09 05:00:00,25,6,1.1428571428571428,0.0,0.0,0.19913333333333333,optimal
2021-02-09 05:30:00,25,6,1.1428571428571428,0.0,0.0,0.14906666666666665,optimal
2021-02-09 06:00:00,25,6,1.1428571428571428,0.0,2.321341321225547,0.135,optimal
2021-02-09 06:30:00,25,6,1.1428571428571428,0.3096296296296296,5.0,0.2576333333333333,optimal
2021-02-09 07:00:00,25,6,1.1428571428571428,1.315925925925926,5.0,0.08456666666666666,optimal
2021-02-09 07:30:00,25,6,1.1428571428571428,1.470740740740741,0.0,1.1650333333333334,optimal
2021-02-09 08:00:00,25,6,0.44567001118438737,0.0,0.0,1.241266666666667,optimal
2021-02-09 08:30:00,25,6,0.713760042393834,0.3096296296296296,0.0,0.2522666666666667,optimal
2021-02-09 09:00:00,25,6,0.7325271702685623,0.0,0.0,0.072,optimal
2021-02-09 09:30:00,25,6,0.6635110422112692,0.0,0.0,0.26853333333333335,optimal
2021-02-09 10:00:00,25,6,0.5087562087211912,0.0,0.0,0.162,optimal
2021-02-09 10:30:00,25,6,0.4747221337528141,0.0,0.0,0.24359999999999998,optimal
2021-02-09 11:00:00,25,6,0.34519562241774526,0.0,0.0,0.09693333333333334,optimal
2021-02-09 11:30:00,25,6,0.32446118837644744,0.0,0.0,0.162,optimal
2021-02-09 12:00:00,25,6,0.03918424860099317,0.0,0.0,0.5749,optimal
2021-02-09 12:30:00,25,6,0.10144249216609431,0.0,0.0,0.3065,optimal
2021-02-09 13:00:00,25,6,0.08503848886268814,0.0,0.0,0.3218666666666667,optimal
2021-02-09 13:30:00,25,6,0.6427920428411841,0.0774074074074074,0.0,1.7034,optimal
2021-02-09 14:00:00,25,6,1.1428571428571428,0.0,0.0,0.45046666666666657,optimal
2021-02-09 14:30:00,25,6,1.1428571428571428,0.23222222222222222,0.0,0.488,optimal
2021-02-09 15:00:00,25,6,1.1428571428571428,0.0,0.0,0.43406666666666666,optimal
2021-02-09 15:30:00,25,6,1.1428571428571428,0.387037037037037,0.0,0.5276666666666666,optimal
2021-02-09 16:00:00,25,6,0.0,0.1548148148148148,0.0,0.3933666666666667,optimal
2021-02-09 16:30:00,25,6,0.0,0.1548148148148148,0.0,0.5786333333333333,optimal
2021-02-09 17:00:00,25,6,0.0,0.774074074074074,0.0,0.43106666666666665,optimal
2021-02-09 17:30:00,25,6,0.0,0.3096296296296296,0.0,1.6393333333333333,optimal
2021-02-09 18:00:00,25,6,0.0,0.46444444444444444,0.0,0.33513333333333334,optimal
2021-02-09 18:30:00,25,6,0.0,0.0,0.0,0.5615666666666668,optimal
2021-02-09 19:00:00,25,6,0.0,0.0,0.0,0.45366666666666666,optimal
2021-02-09 19:30:00,25,6,0.0,0.0,0.0,0.0907,optimal
2021-02-09 20:00:00,25,6,0.0,0.0,0.0,0.2084333333333333,optimal
2021-02-09 20:30:00,25,6,0.0,0.0,0.0,0.1671,optimal
2021-02-09 21:00:00,25,6,0.0,0.0,0.0,0.1173,optimal
2021-02-09 21:30:00,25,6,0.0,0.0,0.0,0.32313333333333333,optimal
2021-02-09 22:00:00,25,6,0.0,0.0,0.0,0.0984,optimal
2021-02-09 22:30:00,25,6,0.0,0.0,0.0,0.07859999999999999,optimal
2021-02-09 23:00:00,25,6,0.0,0.0,0.0,0.3519333333333333,optimal
2021-02-09 23:30:00,25,6,0.0,0.0,0.0,0.12863333333333332,optimal
2021-02-10 00:00:00,25,6,0.0,0.0,0.0,0.053,optimal
2021-02-10 00:30:00,25,6,0.3411889593736278,0.0,0.0,0.09733333333333331,optimal
2021-02-10 01:00:00,25,6,1.1428571428571428,0.0,0.0,0.148,optimal
2021-02-10 01:30:00,25,6,1.1428571428571428,0.0,0.0,0.053,optimal
2021-02-10 02:00:00,25,6,1.1428571428571428,0.0,0.0,0.19233333333333327,optimal
2021-02-10 02:30:00,25,6,1.1428571428571428,0.0,0.0,0.053,optimal
2021-02-10 03:00:00,25,6,1.1428571428571428,0.0,0.0,0.053,optimal
2021-02-10 03:30:00,25,6,1.1428571428571428,0.0,0.0,0.19233333333333327,optimal
2021-02-10 04:00:00,25,6,1.1428571428571428,0.0,0.0,0.053,optimal
2021-02-10 04:30:00,25,6,1.1428571428571428,0.0,0.0,0.053,optimal
2021-02-10 05:00:00,25,6,1.1428571428571428,0.0,0.0,0.19233333333333327,optimal
2021-02-10 05:30:00,25,6,1.1428571428571428,0.0,0.0,0.053,optimal
2021-02-10 06:00:00,25,6,1.1428571428571428,0.0,0.0,0.053,optimal
2021-02-10 06:30:00,25,6,1.1428571428571428,0.0,2.5495719132757104,0.053,optimal
2021-02-10 07:00:00,25,6,1.1428571428571428,0.0,5.0,0.053,optimal
2021-02-10 07:30:00,25,6,1.1428571428571428,0.774074074074074,0.0,0.191,optimal
2021-02-10 08:00:00,25,6,0.6610358672418127,0.387037037037037,0.0,0.051,optimal
2021-02-10 08:30:00,25,6,0.6684600358385482,0.0,0.0,0.15233333333333335,optimal
2021-02-10 09:00:00,25,6,0.6204369367963479,0.1548148148148148,0.0,0.15033333333333335,optimal
2021-02-10 09:30:00,25,6,0.7252896768216506,0.0,0.0,0.053,optimal
2021-02-10 10:00:00,25,6,0.4948937252876472,0.0,0.0,0.19233333333333327,optimal
2021-02-10 10:30:00,25,6,0.528271375544721,0.0,0.0,0.053,optimal
2021-02-10 11:00:00,25,6,0.36521920615719494,0.0,0.0,0.16066666666666665,optimal
2021-02-10 11:30:00,25,6,0.3826455761698408,0.0,0.0,0.08466666666666667,optimal
2021-02-10 12:00:00,25,6,0.2247575125904854,0.0,0.0,0.053,optimal
2021-02-10 12:30:00,25,6,0.2247575125904854,0.0,0.0,0.053,optimal
2021-02-10 13:00:00,25,6,0.3437690047497849,0.0,0.0,0.17966666666666667,optimal
2021-02-10 13:30:00,25,6,1.1428571428571428,0.0,0.0,0.06566666666666666,optimal
2021-02-10 14:00:00,25,6,1.1428571428571428,0.0,0.0,0.053,optimal
2021-02-10 14:30:00,25,6,1.1428571428571428,0.0,0.0,0.19233333333333327,optimal
2021-02-10 15:00:00,25,6,1.1428571428571428,0.0,0.0,0.054666666666666655,optimal
2021-02-10 15:30:00,25,6,1.1428571428571428,0.0,0.0,0.17233333333333334,optimal
2021-02-10 16:00:00,25,6,0.0,1.006296296296296,0.0,0.2432666666666667,optimal
2021-02-10 16:30:00,25,6,0.0,0.5418518518518518,0.0,0.2859,optimal
2021-02-10 17:00:00,25,6,0.0,3.9477777777777776,0.0,2.4865333333333335,optimal
2021-02-10 17:30:00,25,6,0.0,0.23222222222222222,0.0,2.297766666666667,optimal
2021-02-10 18:00:00,25,6,0.0,0.6966666666666667,0.0,1.1291,optimal
2021-02-10 18:30:00,25,6,0.0,0.23222222222222222,0.0,1.5181333333333333,optimal
2021-02-10 19:00:00,25,6,0.0,0.1548148148148148,0.0,0.17266666666666666,optimal
2021-02-10 19:30:00,25,6,0.0,0.0,0.0,1.6952333333333331,optimal
2021-02-10 20:00:00,25,6,0.0,0.0,0.0,0.9210666666666668,optimal
2021-02-10 20:30:00,25,6,0.0,0.0,0.0,0.3747,optimal
2021-02-10 21:00:00,25,6,0.0,0.0,0.0,0.18006666666666665,optimal
2021-02-10 21:30:00,25,6,0.0,0.0,0.0,0.33453333333333335,optimal
2021-02-10 22:00:00,25,6,0.0,0.23222222222222222,0.0,0.122,optimal
2021-02-10 22:30:00,25,6,0.0,0.0,0.0,2.234366666666667,optimal
2021-02-10 23:00:00,25,6,0.0,0.0,0.0,1.4000333333333332,optimal
2021-02-10 23:30:00,25,6,0.0,0.0774074074074074,0.0,1.1215333333333333,optimal
2021-02-11 00:00:00,25,6,0.0,0.0,0.0,0.0678,optimal
2021-02-11 00:30:00,25,6,0.42120669822985574,0.0,0.0,0.25853333333333334,optimal
2021-02-11 01:00:00,25,6,1.1428571428571428,0.0,0.0,0.056,optimal
2021-02-11 01:30:00,25,6,1.1428571428571428,0.0,0.0,0.19290000000000002,optimal
2021-02-11 02:00:00,25,6,1.1428571428571428,0.0,0.0,0.10856666666666666,optimal
2021-02-11 02:30:00,25,6,1.1428571428571428,0.0,0.0,0.1823333333333333,optimal
2021-02-11 03:00:00,25,6,1.1428571428571428,0.0,0.0,0.11586666666666666,optimal
2021-02-11 03:30:00,25,6,1.1428571428571428,0.0,0.0,0.1688,optimal
2021-02-11 04:00:00,25,6,1.1428571428571428,0.0,0.0,0.16573333333333332,optimal
2021-02-11 04:30:00,25,6,1.1428571428571428,0.0,0.0,0.066,optimal
2021-02-11 05:00:00,25,6,1.1428571428571428,0.0,0.0,0.19713333333333333,optimal
2021-02-11 05:30:00,25,6,1.1428571428571428,0.3096296296296296,0.0,0.14006666666666667,optimal
2021-02-11 06:00:00,25,6,1.1428571428571428,2.941481481481482,0.0,0.2502666666666667,optimal
2021-02-11 06:30:00,25,6,1.1428571428571428,1.315925925925926,2.1375720933901663,0.3216,optimal
2021-02-11 07:00:00,25,6,1.1428571428571428,6.347407407407408,5.0,0.7683,optimal
2021-02-11 07:30:00,25,6,1.1428571428571428,0.23222222222222222,0.0,1.9354333333333327,optimal
2021-02-11 08:00:00,25,6,0.6912198030968373,0.387037037037037,0.0,0.13356666666666667,optimal
2021-02-11 08:30:00,25,6,0.9345754861731014,0.0,0.0,0.13140000000000002,optimal
2021-02-11 09:00:00,25,6,0.8068097361065444,0.0,0.0,0.14703333333333332,optimal
2021-02-11 09:30:00,25,6,0.7431829365533629,0.0,0.0,0.1221,optimal
2021-02-11 10:00:00,25,6,0.4460983469789186,0.0,0.0,0.1688,optimal
2021-02-11 10:30:00,25,6,0.47270203166492825,0.0,0.0,0.16573333333333332,optimal
2021-02-11 11:00:00,25,6,0.35846814822587625,0.0,0.0,0.066,optimal
2021-02-11 11:30:00,25,6,0.2757087804636169,0.0,0.0,0.24309999999999998,optimal
2021-02-11 12:00:00,25,6,0.1571517890823268,0.0,0.0,0.09143333333333334,optimal
2021-02-11 12:30:00,25,6,0.10805176559312508,0.0,0.0,0.16573333333333332,optimal
2021-02-11 13:00:00,25,6,0.7198720444483605,0.0,0.0,0.1034,optimal
2021-02-11 13:30:00,25,6,1.1428571428571428,0.0,0.0,0.08053333333333333,optimal
2021-02-11 14:00:00,25,6,1.1428571428571428,0.0,0.0,0.254,optimal
2021-02-11 14:30:00,25,6,1.1428571428571428,0.0,0.0,0.066,optimal
2021-02-11 15:00:00,25,6,1.1428571428571428,0.0,0.0,0.066,optimal
2021-02-11 15:30:00,25,6,1.1428571428571428,0.3096296296296296,0.0,0.39413333333333334,optimal
2021-02-11 16:00:00,25,6,0.0,0.0774074074074074,0.0,0.26353333333333334,optimal
2021-02-11 16:30:00,25,6,0.0,5.960370370370371,0.0,0.5288999999999999,optimal
2021-02-11 17:00:00,25,6,0.0,0.0,0.0,0.3328333333333333,optimal
2021-02-11 17:30:00,25,6,0.0,0.0,0.0,1.0954000000000002,optimal
2021-02-11 18:00:00,25,6,0.0,0.387037037037037,0.0,0.8909333333333332,optimal
2021-02-11 18:30:00,25,6,0.0,0.0,0.0,0.10566666666666669,optimal
2021-02-11 19:00:00,25,6,0.0,0.46444444444444444,0.0,0.12196666666666668,optimal
2021-02-11 19:30:00,25,6,0.0,0.23222222222222222,0.0,0.5541333333333334,optimal
2021-02-11 20:00:00,25,6,0.0,0.0,0.0,0.32043333333333335,optimal
2021-02-11 20:30:00,25,6,0.0,0.46444444444444444,0.0,0.6419,optimal
2021-02-11 21:00:00,25,6,0.0,0.0,0.0,0.3204666666666666,optimal
2021-02-11 21:30:00,25,6,0.0,0.1548148148148148,0.0,0.2845,optimal
2021-02-11 22:00:00,25,6,0.0,2.0899999999999994,0.0,0.3343,optimal
2021-02-11 22:30:00,25,6,0.0,0.46444444444444444,0.0,0.18906666666666663,optimal
2021-02-11 23:00:00,25,6,0.0,0.0,0.0,0.1974,optimal
2021-02-11 23:30:00,25,6,0.0,0.0,0.0,0.3368,optimal
2021-02-12 00:00:00,25,6,1.1428571428571428,0.3096296296296296,0.0,0.27043333333333336,optimal
2021-02-12 00:30:00,25,6,1.1428571428571428,0.0,0.0,0.12766666666666668,optimal
2021-02-12 01:00:00,25,6,1.1428571428571428,0.0,0.0,0.09759999999999999,optimal
2021-02-12 01:30:00,25,6,1.1428571428571428,0.0,0.0,0.1348,optimal
2021-02-12 02:00:00,25,6,1.1428571428571428,0.0,0.0,0.048,optimal
2021-02-12 02:30:00,25,6,1.1428571428571428,0.0,0.0,0.1844,optimal
2021-02-12 03:00:00,25,6,1.1428571428571428,0.0,0.0,0.048,optimal
2021-02-12 03:30:00,25,6,1.1428571428571428,0.0,0.0,0.1472,optimal
2021-02-12 04:00:00,25,6,1.1428571428571428,0.0,0.0,0.0852,optimal
2021-02-12 04:30:00,25,6,1.1428571428571428,0.0,0.0,0.048,optimal
2021-02-12 05:00:00,25,6,1.1428571428571428,0.0,0.0,0.048,optimal
2021-02-12 05:30:00,25,6,1.1428571428571428,0.0,0.0,0.18186666666666668,optimal
2021-02-12 06:00:00,25,6,1.1428571428571428,0.0,4.259769032513652,0.060866666666666666,optimal
2021-02-12 06:30:00,25,6,1.1428571428571428,0.0,5.0,0.1584,optimal
2021-02-12 07:00:00,25,6,1.1428571428571428,2.7092592592592597,5.0,0.09936666666666666,optimal
2021-02-12 07:30:00,25,6,1.1428571428571428,5.76765036594399,0.0,0.0708,optimal
2021-02-12 08:00:00,25,6,0.7073757438974261,0.46444444444444444,0.0,0.9474,optimal
2021-02-12 08:30:00,25,6,0.5898163372054541,0.6192592592592592,0.0,1.5711,optimal
2021-02-12 09:00:00,25,6,0.40801322275517105,0.3096296296296296,0.0,2.2474333333333334,optimal
2021-02-12 09:30:00,25,6,0.6048733630334733,0.1548148148148148,0.0,0.2528666666666667,optimal
2021-02-12 10:00:00,25,6,0.2913069291881613,0.6192592592592592,0.0,0.21669999999999998,optimal
2021-02-12 10:30:00,25,6,0.21198574257208908,0.0774074074074074,0.0,0.4620666666666667,optimal
2021-02-12 11:00:00,25,6,0.07466231838961178,0.0,0.0,0.4125,optimal
2021-02-12 11:30:00,25,6,0.10736597958641435,0.0,0.0,0.3967333333333333,optimal
2021-02-12 12:00:00,25,6,0.11791811052595152,0.23222222222222222,0.0,0.1921,optimal
2021-02-12 12:30:00,25,6,0.12970748600846368,0.0774074074074074,0.0,0.24,optimal
2021-02-12 13:00:00,25,6,1.1428571428571428,0.0774074074074074,0.0,0.4106,optimal
2021-02-12 13:30:00,25,6,1.1428571428571428,0.5418518518518518,0.0,0.5199666666666667,optimal
2021-02-12 14:00:00,25,6,1.1428571428571428,0.0,0.0,0.3456666666666667,optimal
2021-02-12 14:30:00,25,6,1.1428571428571428,0.0,0.0,0.26063333333333333,optimal
2021-02-12 15:00:00,25,6,1.1428571428571428,0.0,0.0,0.058,optimal
2021-02-12 15:30:00,25,6,1.1428571428571428,0.0,0.0,0.19440000000000002,optimal
2021-02-12 16:00:00,25,6,0.0,0.0,0.0,0.058,optimal
2021-02-12 16:30:00,25,6,0.0,0.0,0.0,0.10436666666666666,optimal
2021-02-12 17:00:00,25,6,0.0,0.0,0.0,0.2014,optimal
2021-02-12 17:30:00,25,6,0.0,0.1548148148148148,0.0,0.2916,optimal
2021-02-12 18:00:00,25,6,0.0,0.0,0.0,0.21580000000000002,optimal
2021-02-12 18:30:00,25,6,0.0,0.0,0.0,0.058,optimal
2021-02-12 19:00:00,25,6,0.0,0.0,0.0,0.19440000000000002,optimal
2021-02-12 19:30:00,25,6,0.30322778039161,0.0,0.0,0.058,optimal
2021-02-12 20:00:00,25,6,0.8547941474067009,0.0,0.0,0.1076,optimal
2021-02-12 20:30:00,25,6,0.0,0.0,0.0,0.1448,optimal
2021-02-12 21:00:00,25,6,0.0,0.0,0.0,0.058,optimal
2021-02-12 21:30:00,25,6,0.0,0.0,0.0,0.058,optimal
2021-02-12 22:00:00,25,6,0.0,0.0,0.0,0.058,optimal
2021-02-12 22:30:00,25,6,0.0,0.0,0.0,0.19440000000000002,optimal
2021-02-12 23:00:00,25,6,0.0,0.0,0.0,0.058,optimal
2021-02-12 23:30:00,25,6,0.0,0.0,0.0,0.1138,optimal
2021-02-13 00:00:00,25,6,0.0,0.0,0.0,0.06253333333333333,optimal
2021-02-13 00:30:00,25,6,0.7036308558708375,0.0,0.0,0.057,optimal
2021-02-13 01:00:00,25,6,1.1428571428571428,0.0,0.0,0.20366666666666663,optimal
2021-02-13 01:30:00,25,6,1.1428571428571428,0.0,0.0,0.057,optimal
2021-02-13 02:00:00,25,6,1.1428571428571428,0.0,0.0,0.097,optimal
2021-02-13 02:30:00,25,6,1.1428571428571428,0.0,0.0,0.16366666666666665,optimal
2021-02-13 03:00:00,25,6,1.1428571428571428,0.0,0.0,0.057,optimal
2021-02-13 03:30:00,25,6,1.1428571428571428,0.0,0.0,0.057,optimal
2021-02-13 04:00:00,25,6,1.1428571428571428,0.0,0.0,0.057,optimal
2021-02-13 04:30:00,25,6,1.1428571428571428,0.0,1.9279192660570146,0.057,optimal
2021-02-13 05:00:00,25,6,1.1428571428571428,0.0,5.0,0.057,optimal
2021-02-13 05:30:00,25,6,1.1428571428571428,0.0,5.0,0.057,optimal
2021-02-13 06:00:00,25,6,1.1428571428571428,0.23222222222222222,5.0,0.08566666666666667,optimal
2021-02-13 06:30:00,25,6,1.1428571428571428,5.249770370370369,5.0,0.2467666666666667,optimal
2021-02-13 07:00:00,25,6,1.1428571428571428,3.1102296296296306,0.0,0.09556666666666666,optimal
2021-02-13 07:30:00,25,6,1.1428571428571428,0.1548148148148148,0.0,0.4958666666666667,optimal
2021-02-13 08:00:00,25,6,0.791105470404158,0.23222222222222222,0.0,0.49856666666666666,optimal
2021-02-13 08:30:00,25,6,0.8884567506485768,0.0,0.0,0.067,optimal
2021-02-13 09:00:00,25,6,0.7608011331076542,0.0,0.0,0.14033333333333334,optimal
2021-02-13 09:30:00,25,6,0.7500813438535658,0.0,0.0,0.14033333333333334,optimal
2021-02-13 10:00:00,25,6,0.4589378098717411,0.1548148148148148,0.0,1.106,optimal
2021-02-13 10:30:00,25,6,0.44386051868758036,0.0,0.0,0.6914666666666667,optimal
2021-02-13 11:00:00,25,6,0.2509027652660974,0.0,0.0,0.19146666666666667,optimal
2021-02-13 11:30:00,25,6,0.26359690265337493,0.0,0.0,0.174,optimal
2021-02-13 12:00:00,25,6,0.06848506688929222,0.3096296296296296,0.0,0.4664666666666666,optimal
2021-02-13 12:30:00,25,6,0.6912279490858252,0.1548148148148148,0.0,0.4191333333333333,optimal
2021-02-13 13:00:00,25,6,1.1428571428571428,0.0,0.0,0.16533333333333333,optimal
2021-02-13 13:30:00,25,6,1.1428571428571428,0.0,0.0,0.16033333333333336,optimal
2021-02-13 14:00:00,25,6,1.1428571428571428,0.0,0.0,0.067,optimal
2021-02-13 14:30:00,25,6,1.1428571428571428,0.0,0.0,0.067,optimal
2021-02-13 15:00:00,25,6,1.1428571428571428,0.0,0.0,0.21366666666666662,optimal
2021-02-13 15:30:00,25,6,1.1428571428571428,0.0,0.0,0.067,optimal
2021-02-13 16:00:00,25,6,0.0,0.0,0.0,0.087,optimal
2021-02-13 16:30:00,25,6,0.0,0.0,0.0,0.19366666666666663,optimal
2021-02-13 17:00:00,25,6,0.0,0.0,0.0,0.067,optimal
2021-02-13 17:30:00,25,6,0.0,0.0,0.0,0.20033333333333328,optimal
2021-02-13 18:00:00,25,6,0.0,0.0,0.0,0.12403333333333331,optimal
2021-02-13 18:30:00,25,6,0.0,0.0,0.0,0.20233333333333328,optimal
2021-02-13 19:00:00,25,6,0.0,0.1548148148148148,0.0,0.5575333333333333,optimal
2021-02-13 19:30:00,25,6,0.7676300412288776,0.0774074074074074,0.0,0.159,optimal
2021-02-13 20:00:00,25,6,0.8282989093114708,0.0,0.0,0.20033333333333328,optimal
2021-02-13 20:30:00,25,6,0.0,0.0,0.0,0.08033333333333333,optimal
2021-02-13 21:00:00,25,6,0.0,0.0,0.0,0.11366666666666668,optimal
2021-02-13 21:30:00,25,6,0.0,0.0,0.0,0.167,optimal
2021-02-13 22:00:00,25,6,0.0,0.0,0.0,0.067,optimal
2021-02-13 22:30:00,25,6,0.0,0.0,0.0,0.14033333333333334,optimal
2021-02-13 23:00:00,25,6,0.0,0.0,0.0,0.14033333333333334,optimal
2021-02-13 23:30:00,25,6,0.0,0.0,0.0,0.067,optimal
2021-02-07 00:00:00,26,6,0.0,0.0,0.0,0.06223333333333333,optimal
2021-02-07 00:30:00,26,6,0.0,0.0,0.0,0.058,optimal
2021-02-07 01:00:00,26,6,0.0,0.0,0.0,0.058,optimal
2021-02-07 01:30:00,26,6,0.0,0.0,0.0,0.058,optimal
2021-02-07 02:00:00,26,6,0.0,0.0,0.0,0.058,optimal
2021-02-07 02:30:00,26,6,0.0,0.0,0.0,0.058,optimal
2021-02-07 03:00:00,26,6,0.0,0.0,0.0,0.058,optimal
2021-02-07 03:30:00,26,6,0.0,0.0,0.0,0.058,optimal
2021-02-07 04:00:00,26,6,1.1428571428571428,0.0,0.0,0.058,optimal
2021-02-07 04:30:00,26,6,1.1428571428571428,0.0,0.0,0.058,optimal
2021-02-07 05:00:00,26,6,1.1428571428571428,0.0,0.0,0.058,optimal
2021-02-07 05:30:00,26,6,1.1428571428571428,0.0,0.0,0.058,optimal
2021-02-07 06:00:00,26,6,1.1428571428571428,0.0,0.0,0.058,optimal
2021-02-07 06:30:00,26,6,1.1428571428571428,0.774074074074074,0.0,0.065,optimal
2021-02-07 07:00:00,26,6,1.1428571428571428,3.792962962962962,1.7076336144509696,0.1992,optimal
2021-02-07 07:30:00,26,6,0.0,0.0774074074074074,0.0,0.2919333333333333,optimal
2021-02-07 08:00:00,26,6,0.0,0.774074074074074,0.0,0.8271000000000001,optimal
2021-02-07 08:30:00,26,6,0.6217084450897371,0.0,0.0,0.068,optimal
2021-02-07 09:00:00,26,6,0.7205253479610744,0.0,0.0,0.068,optimal
2021-02-07 09:30:00,26,6,0.7183813901102541,0.0,0.0,0.068,optimal
2021-02-07 10:00:00,26,6,0.557896775793215,0.0,0.0,0.101,optimal
2021-02-07 10:30:00,26,6,0.4914370724472277,0.1548148148148148,0.0,1.3007,optimal
2021-02-07 11:00:00,26,6,0.3109269391822923,0.0,0.0,0.7691333333333333,optimal
2021-02-07 11:30:00,26,6,0.4173126534680059,0.0,0.0,0.11090000000000001,optimal
2021-02-07 12:00:00,26,6,0.3616332267729327,0.0,0.0,0.8138333333333334,optimal
2021-02-07 12:30:00,26,6,0.39399989343959385,0.0,0.0,0.1465,optimal
2021-02-07 13:00:00,26,6,1.1428571428571428,0.23222222222222222,0.0,0.181,optimal
2021-02-07 13:30:00,26,6,1.1428571428571428,0.0,0.0,0.10566666666666669,optimal
2021-02-07 14:00:00,26,6,1.1428571428571428,0.0,0.0,0.068,optimal
2021-02-07 14:30:00,26,6,1.1428571428571428,0.0,0.0,0.18466666666666662,optimal
2021-02-07 15:00:00,26,6,1.1428571428571428,0.0,0.0,0.43060000000000004,optimal
2021-02-07 15:30:00,26,6,1.1428571428571428,0.46444444444444444,0.0,1.511,optimal
2021-02-07 16:00:00,26,6,0.0,0.6192592592592592,0.0,0.22640000000000002,optimal
2021-02-07 16:30:00,26,6,0.0,0.0,0.0,0.068,optimal
2021-02-07 17:00:00,26,6,0.0,0.0774074074074074,0.0,0.17466666666666666,optimal
2021-02-07 17:30:00,26,6,0.0,0.0774074074074074,0.0,1.2255,optimal
2021-02-07 18:00:00,26,6,0.0,0.6192592592592592,0.0,1.1549666666666667,optimal
2021-02-07 18:30:00,26,6,0.0,0.3096296296296296,0.0,1.3663333333333332,optimal
2021-02-07 19:00:00,26,6,0.0,0.0,0.0,0.068,optimal
2021-02-07 19:30:00,26,6,0.06629497571679045,0.0,0.0,0.23063333333333333,optimal
2021-02-07 20:00:00,26,6,0.6717838114945305,0.0,0.0,0.10966666666666669,optimal
2021-02-07 20:30:00,26,6,0.0,0.0774074074074074,0.0,0.112,optimal
2021-02-07 21:00:00,26,6,0.0,0.0,0.0,0.08990000000000001,optimal
2021-02-07 21:30:00,26,6,0.0,0.6192592592592592,0.0,0.15786666666666668,optimal
2021-02-07 22:00:00,26,6,0.0,0.0,0.0,0.19216666666666662,optimal
2021-02-07 22:30:00,26,6,0.0,0.0,0.0,0.23,optimal
2021-02-07 23:00:00,26,6,0.0,0.0,0.0,0.2256,optimal
2021-02-07 23:30:00,26,6,0.0,0.0,0.0,0.063,optimal
2021-02-08 00:00:00,26,6,0.0,0.0,0.0,0.056,optimal
2021-02-08 00:30:00,26,6,0.0,0.0,0.0,0.056,optimal
2021-02-08 01:00:00,26,6,0.0,0.0,0.0,0.1,optimal
2021-02-08 01:30:00,26,6,0.48489548613953226,0.0,0.0,0.17333333333333334,optimal
2021-02-08 02:00:00,26,6,1.1428571428571428,0.0,0.0,0.056,optimal
2021-02-08 02:30:00,26,6,1.1428571428571428,0.0,0.0,0.056,optimal
2021-02-08 03:00:00,26,6,1.1428571428571428,0.0,0.0,0.17333333333333334,optimal
2021-02-08 03:30:00,26,6,1.1428571428571428,0.0,0.0,0.1,optimal
2021-02-08 04:00:00,26,6,1.1428571428571428,0.0,0.0,0.056,optimal
2021-02-08 04:30:00,26,6,1.1428571428571428,0.0,0.0,0.2173333333333333,optimal
2021-02-08 05:00:00,26,6,1.1428571428571428,0.0,0.0,0.05866666666666666,optimal
2021-02-08 05:30:00,26,6,1.1428571428571428,0.0,0.0,0.088,optimal
2021-02-08 06:00:00,26,6,1.1428571428571428,0.0,0.0,0.20533333333333328,optimal
2021-02-08 06:30:00,26,6,1.1428571428571428,0.0,4.120900475965641,0.06466666666666668,optimal
2021-02-08 07:00:00,26,6,1.1428571428571428,5.263703703703704,5.0,0.1813333333333333,optimal
2021-02-08 07:30:00,26,6,1.1428571428571428,0.46444444444444444,0.0,0.108,optimal
2021-02-08 08:00:00,26,6,0.6675816270125189,0.387037037037037,0.0,0.11533333333333332,optimal
2021-02-08 08:30:00,26,6,0.7820600189046317,0.0,0.0,0.176,optimal
2021-02-08 09:00:00,26,6,0.7209623590554801,0.0,0.0,0.066,optimal
2021-02-08 09:30:00,26,6,0.7145304855030199,0.0,0.0,0.066,optimal
2021-02-08 10:00:00,26,6,0.4294370216279365,0.1548148148148148,0.0,0.48533333333333334,optimal
2021-02-08 10:30:00,26,6,0.27718318089467087,0.0,0.0,1.1987333333333332,optimal
2021-02-08 11:00:00,26,6,0.12154074106550344,0.387037037037037,0.0,1.1673333333333333,optimal
2021-02-08 11:30:00,26,6,0.16570996822101186,0.1548148148148148,0.0,0.8549333333333333,optimal
2021-02-08 12:00:00,26,6,0.20117460917610624,0.1548148148148148,0.0,0.2194,optimal
2021-02-08 12:30:00,26,6,0.20332258729664432,0.23222222222222222,0.0,0.11053333333333332,optimal
2021-02-08 13:00:00,26,6,1.1428571428571428,0.0,0.0,0.1742,optimal
2021-02-08 13:30:00,26,6,1.1428571428571428,0.0774074074074074,0.0,1.4418,optimal
2021-02-08 14:00:00,26,6,1.1428571428571428,0.0,0.0,0.22243333333333332,optimal
2021-02-08 14:30:00,26,6,1.1428571428571428,0.0,0.0,0.09613333333333333,optimal
2021-02-08 15:00:00,26,6,1.1428571428571428,0.0,0.0,0.088,optimal
2021-02-08 15:30:00,26,6,1.1428571428571428,0.0,0.0,0.20533333333333328,optimal
2021-02-08 16:00:00,26,6,0.0,0.0,0.0,0.066,optimal
2021-02-08 16:30:00,26,6,0.0,0.0,0.0,0.22733333333333328,optimal
2021-02-08 17:00:00,26,6,0.0,0.0,0.0,0.07733333333333332,optimal
2021-02-08 17:30:00,26,6,0.0,0.0774074074074074,0.0,0.35036666666666666,optimal
2021-02-08 18:00:00,26,6,0.0,0.387037037037037,0.0,0.34936666666666666,optimal
2021-02-08 18:30:00,26,6,0.0,0.1548148148148148,0.0,0.19126666666666667,optimal
2021-02-08 19:00:00,26,6,0.0,0.3096296296296296,0.0,0.21506666666666663,optimal
2021-02-08 19:30:00,26,6,0.2487379799737742,0.0,0.0,0.21546666666666667,optimal
2021-02-08 20:00:00,26,6,0.662671774174574,0.0,0.0,0.11026666666666668,optimal
2021-02-08 20:30:00,26,6,0.0,0.0774074074074074,0.0,0.3012666666666666,optimal
2021-02-08 21:00:00,26,6,0.0,0.3096296296296296,0.0,0.14859999999999998,optimal
2021-02-08 21:30:00,26,6,0.0,2.227785185185185,0.0,0.243,optimal
2021-02-08 22:00:00,26,6,0.0,3.809992592592593,0.0,1.2319666666666667,optimal
2021-02-08 22:30:00,26,6,0.0,0.0774074074074074,0.0,0.30260000000000004,optimal
2021-02-08 23:00:00,26,6,0.0,0.6966666666666667,0.0,0.3522666666666667,optimal
2021-02-08 23:30:00,26,6,0.0,0.0,0.0,0.07333333333333333,optimal
2021-02-09 00:00:00,26,6,0.0,0.0,0.0,0.06573333333333334,optimal
2021-02-09 00:30:00,26,6,0.0,0.0,0.0,0.1308666666666667,optimal
2021-02-09 01:00:00,26,6,0.0,0.0,0.0,0.13746666666666668,optimal
2021-02-09 01:30:00,26,6,0.7128328801645576,0.0,0.0,0.1118,optimal
2021-02-09 02:00:00,26,6,1.1428571428571428,0.0,0.0,0.059,optimal
2021-02-09 02:30:00,26,6,1.1428571428571428,0.0,0.0,0.2027333333333333,optimal
2021-02-09 03:00:00,26,6,1.1428571428571428,0.0,0.0,0.0887,optimal
2021-02-09 03:30:00,26,6,1.1428571428571428,0.0,0.0,0.17363333333333333,optimal
2021-02-09 04:00:00,26,6,1.1428571428571428,0.0,0.0,0.1178,optimal
2021-02-09 04:30:00,26,6,1.1428571428571428,0.0,0.0,0.07123333333333333,optimal
2021-02-09 05:00:00,26,6,1.1428571428571428,0.0,0.0,0.25856666666666667,optimal
2021-02-09 05:30:00,26,6,1.1428571428571428,0.0,0.0,0.059,optimal
2021-02-09 06:00:00,26,6,1.1428571428571428,0.0,1.7969897507118493,0.14123333333333332,optimal
2021-02-09 06:30:00,26,6,1.1428571428571428,0.0,5.0,0.1799,optimal
2021-02-09 07:00:00,26,6,1.1428571428571428,0.0,5.0,0.11233333333333331,optimal
2021-02-09 07:30:00,26,6,1.1428571428571428,0.46444444444444444,0.0,0.9883666666666668,optimal
2021-02-09 08:00:00,26,6,0.43946239213676097,0.9288888888888889,0.0,4.365,optimal
2021-02-09 08:30:00,26,6,0.5721981376319255,0.3096296296296296,0.0,2.539366666666667,optimal
2021-02-09 09:00:00,26,6,0.5964528845542761,0.1548148148148148,0.0,0.32106666666666667,optimal
2021-02-09 09:30:00,26,6,0.6555243755446051,0.0,0.0,0.22106666666666663,optimal
2021-02-09 10:00:00,26,6,0.4717923991973752,0.0,0.0,0.3202333333333333,optimal
2021-02-09 10:30:00,26,6,0.5133411813718575,0.0,0.0,0.09853333333333332,optimal
2021-02-09 11:00:00,26,6,0.3344622890844068,0.0,0.0,0.12459999999999999,optimal
2021-02-09 11:30:00,26,6,0.3211945217097768,0.0,0.0,0.16353333333333334,optimal
2021-02-09 12:00:00,26,6,0.21964139145813824,0.0,0.0,0.1184,optimal
2021-02-09 12:30:00,26,6,0.20515677788038236,0.0,0.0,0.1766,optimal
2021-02-09 13:00:00,26,6,0.20632610791030725,0.0,0.0,0.08513333333333334,optimal
2021-02-09 13:30:00,26,6,0.21407006576113094,0.0,0.0,0.06553333333333333,optimal
2021-02-09 14:00:00,26,6,0.4813885976520174,0.0,0.0,0.2556,optimal
2021-02-09 14:30:00,26,6,1.1428571428571428,0.0,0.0,0.0624,optimal
2021-02-09 15:00:00,26,6,1.1428571428571428,0.0,0.0,0.157,optimal
2021-02-09 15:30:00,26,6,1.1428571428571428,0.1548148148148148,0.0,0.21466666666666662,optimal
2021-02-09 16:00:00,26,6,0.0,0.0774074074074074,0.0,0.5011333333333333,optimal
2021-02-09 16:30:00,26,6,0.0,0.46444444444444444,0.0,0.4725,optimal
2021-02-09 17:00:00,26,6,0.0,0.0,0.0,0.6811,optimal
2021-02-09 17:30:00,26,6,0.0,0.387037037037037,0.0,0.5799666666666667,optimal
2021-02-09 18:00:00,26,6,0.0,0.3096296296296296,0.0,0.48706666666666665,optimal
2021-02-09 18:30:00,26,6,0.0,0.1548148148148148,0.0,0.9857,optimal
2021-02-09 19:00:00,26,6,0.0,0.387037037037037,0.0,0.43739999999999996,optimal
2021-02-09 19:30:00,26,6,0.0,0.23222222222222222,0.0,0.36186666666666667,optimal
2021-02-09 20:00:00,26,6,0.0,0.0,0.0,0.47186666666666666,optimal
2021-02-09 20:30:00,26,6,0.0,0.7384666666666667,0.0,0.6472666666666667,optimal
2021-02-09 21:00:00,26,6,0.0,0.5000518518518519,0.0,0.428,optimal
2021-02-09 21:30:00,26,6,0.0,0.0774074074074074,0.0,0.31839999999999996,optimal
2021-02-09 22:00:00,26,6,0.0,0.1548148148148148,0.0,0.5645333333333333,optimal
2021-02-09 22:30:00,26,6,0.0,0.3096296296296296,0.0,0.363,optimal
2021-02-09 23:00:00,26,6,0.0,0.0,0.0,0.069,optimal
2021-02-09 23:30:00,26,6,0.0,0.0,0.0,0.23583333333333328,optimal
2021-02-10 00:00:00,26,6,0.0,0.0,0.0,0.066,optimal
2021-02-10 00:30:00,26,6,0.0,0.0,0.0,0.194,optimal
2021-02-10 01:00:00,26,6,0.0,0.0,0.0,0.0788,optimal
2021-02-10 01:30:00,26,6,0.3554272578932677,0.0,0.0,0.12840000000000001,optimal
2021-02-10 02:00:00,26,6,1.1428571428571428,0.0,0.0,0.1684,optimal
2021-02-10 02:30:00,26,6,1.1428571428571428,0.0,0.0,0.1668,optimal
2021-02-10 03:00:00,26,6,1.1428571428571428,0.0,0.0,0.066,optimal
2021-02-10 03:30:00,26,6,1.1428571428571428,0.0,0.0,0.25,optimal
2021-02-10 04:00:00,26,6,1.1428571428571428,0.0,0.0,0.0852,optimal
2021-02-10 04:30:00,26,6,1.1428571428571428,0.0,0.8671901842337686,0.066,optimal
2021-02-10 05:00:00,26,6,1.1428571428571428,2.1302518518518516,5.0,1.2890666666666666,optimal
2021-02-10 05:30:00,26,6,1.1428571428571428,0.2693777777777779,5.0,0.3058666666666667,optimal
2021-02-10 06:00:00,26,6,1.1428571428571428,0.0,0.0,0.19946666666666668,optimal
2021-02-10 06:30:00,26,6,1.1428571428571428,2.0899999999999994,0.0,0.37406666666666666,optimal
2021-02-10 07:00:00,26,6,1.1428571428571428,0.23222222222222222,0.0,0.2365,optimal
2021-02-10 07:30:00,26,6,1.1428571428571428,0.0,0.0,1.357733333333333,optimal
2021-02-10 08:00:00,26,6,0.6238072958132442,0.46444444444444444,0.0,0.3076666666666667,optimal
2021-02-10 08:30:00,26,6,0.6515933691718835,0.3096296296296296,0.0,0.2104,optimal
2021-02-10 09:00:00,26,6,0.5350121748915894,0.3096296296296296,0.0,1.3627333333333331,optimal
2021-02-10 09:30:00,26,6,0.561489676821654,0.0,0.0,0.2806666666666667,optimal
2021-02-10 10:00:00,26,6,0.33551277290669573,0.0,0.0,0.21880000000000002,optimal
2021-02-10 10:30:00,26,6,0.17017042316377048,0.1548148148148148,0.0,0.8594666666666667,optimal
2021-02-10 11:00:00,26,6,0.0,0.0,0.0,1.4547999999999999,optimal
2021-02-10 11:30:00,26,6,0.276347377520537,0.0,0.0,0.22026666666666667,optimal
2021-02-10 12:00:00,26,6,0.20497656020954044,0.0,0.0,0.13493333333333335,optimal
2021-02-10 12:30:00,26,6,0.20505275068572607,0.0,0.0,0.13466666666666666,optimal
2021-02-10 13:00:00,26,6,0.20762737850661225,0.0,0.0,0.22053333333333333,optimal
2021-02-10 13:30:00,26,6,1.0561160711696125,0.0,0.0,0.076,optimal
2021-02-10 14:00:00,26,6,1.1428571428571428,0.0,0.0,0.17706666666666665,optimal
2021-02-10 14:30:00,26,6,1.1428571428571428,0.0,0.0,0.17813333333333334,optimal
2021-02-10 15:00:00,26,6,1.1428571428571428,0.0,0.0,0.1276,optimal
2021-02-10 15:30:00,26,6,1.1428571428571428,0.0,0.0,0.26813333333333333,optimal
2021-02-10 16:00:00,26,6,0.0,0.0,0.0,0.16573333333333332,optimal
2021-02-10 16:30:00,26,6,0.0,0.387037037037037,0.0,0.6063666666666667,optimal
2021-02-10 17:00:00,26,6,0.0,0.0774074074074074,0.0,0.1701,optimal
2021-02-10 17:30:00,26,6,0.0,0.46444444444444444,0.0,0.27963333333333334,optimal
2021-02-10 18:00:00,26,6,0.0,0.387037037037037,0.0,0.37410000000000004,optimal
2021-02-10 18:30:00,26,6,0.0,0.3096296296296296,0.0,0.47483333333333333,optimal
2021-02-10 19:00:00,26,6,0.0,0.46444444444444444,0.0,0.4031666666666667,optimal
2021-02-10 19:30:00,26,6,0.0,0.23222222222222222,0.0,0.5317999999999999,optimal
2021-02-10 20:00:00,26,6,0.0,0.0,0.0,0.5567000000000001,optimal
2021-02-10 20:30:00,26,6,0.0,0.1548148148148148,0.0,0.29136666666666666,optimal
2021-02-10 21:00:00,26,6,0.0,0.0,0.0,0.21026666666666669,optimal
2021-02-10 21:30:00,26,6,0.0,0.387037037037037,0.0,0.21613333333333332,optimal
2021-02-10 22:00:00,26,6,0.0,0.46444444444444444,0.0,0.3753,optimal
2021-02-10 22:30:00,26,6,0.0,2.2448148148148146,0.0,0.5276000000000001,optimal
2021-02-10 23:00:00,26,6,0.0,0.0,0.0,0.36673333333333336,optimal
2021-02-10 23:30:00,26,6,0.0,0.0,0.0,0.32280000000000003,optimal
2021-02-11 00:00:00,26,6,0.6698209002136255,0.1548148148148148,0.0,0.07273333333333333,optimal
2021-02-11 00:30:00,26,6,1.1428571428571428,0.0,0.0,0.10566666666666669,optimal
2021-02-11 01:00:00,26,6,1.1428571428571428,0.0,0.0,0.14353333333333332,optimal
2021-02-11 01:30:00,26,6,1.1428571428571428,0.0,0.0,0.0698,optimal
2021-02-11 02:00:00,26,6,1.1428571428571428,0.0,0.0,0.054,optimal
2021-02-11 02:30:00,26,6,1.1428571428571428,0.0,0.0,0.07506666666666666,optimal
2021-02-11 03:00:00,26,6,1.1428571428571428,0.0,0.0,0.13826666666666668,optimal
2021-02-11 03:30:00,26,6,1.1428571428571428,0.0,0.0,0.054,optimal
2021-02-11 04:00:00,26,6,1.1428571428571428,0.0,0.0,0.133,optimal
2021-02-11 04:30:00,26,6,1.1428571428571428,0.0,0.0,0.08033333333333333,optimal
2021-02-11 05:00:00,26,6,1.1428571428571428,0.0,1.784193098972621,0.133,optimal
2021-02-11 05:30:00,26,6,1.1428571428571428,0.0,5.0,0.08033333333333333,optimal
2021-02-11 06:00:00,26,6,1.1428571428571428,0.0,5.0,0.054,optimal
2021-02-11 06:30:00,26,6,1.1428571428571428,0.0,5.0,0.15933333333333335,optimal
2021-02-11 07:00:00,26,6,1.1428571428571428,0.0774074074074074,5.0,0.229,optimal
2021-02-11 07:30:00,26,6,1.1428571428571428,0.9288888888888889,0.0,0.7714,optimal
2021-02-11 08:00:00,26,6,0.7256121840492199,3.251111111111111,0.0,1.2138333333333333,optimal
2021-02-11 08:30:00,26,6,0.8992516766493012,0.0,0.0,0.1948,optimal
2021-02-11 09:00:00,26,6,0.8252078313446378,0.0,0.0,0.15369999999999998,optimal
2021-02-11 09:30:00,26,6,0.7509543651247963,0.0,0.0,0.215,optimal
2021-02-11 10:00:00,26,6,0.4736812041217782,0.0,0.0,0.1018,optimal
2021-02-11 10:30:00,26,6,0.4970544126173012,0.0,0.0,0.0798,optimal
2021-02-11 11:00:00,26,6,0.3332586244163511,0.0,0.0,0.15353333333333333,optimal
2021-02-11 11:30:00,26,6,0.326680209035042,0.0,0.0,0.064,optimal
2021-02-11 12:00:00,26,6,0.13850417003471563,0.0,0.0,0.107,optimal
2021-02-11 12:30:00,26,6,0.10682319416455344,0.0,0.0,0.16933333333333334,optimal
2021-02-11 13:00:00,26,6,1.1428571428571428,0.0,0.0,0.064,optimal
2021-02-11 13:30:00,26,6,1.1428571428571428,0.0,0.0,0.064,optimal
2021-02-11 14:00:00,26,6,1.1428571428571428,0.0,0.0,0.16933333333333334,optimal
2021-02-11 14:30:00,26,6,1.1428571428571428,0.0,0.0,0.064,optimal
2021-02-11 15:00:00,26,6,1.1428571428571428,0.0,0.0,0.16933333333333334,optimal
2021-02-11 15:30:00,26,6,1.1428571428571428,0.0,0.0,0.064,optimal
2021-02-11 16:00:00,26,6,0.0,0.23222222222222222,0.0,0.08466666666666667,optimal
2021-02-11 16:30:00,26,6,0.0,0.3096296296296296,0.0,0.1843333333333333,optimal
2021-02-11 17:00:00,26,6,0.0,0.387037037037037,0.0,1.0794000000000001,optimal
2021-02-11 17:30:00,26,6,0.0,0.0,0.0,1.0897333333333332,optimal
2021-02-11 18:00:00,26,6,0.0,0.0774074074074074,0.0,0.098,optimal
2021-02-11 18:30:00,26,6,0.0,0.23222222222222222,0.0,0.06533333333333333,optimal
2021-02-11 19:00:00,26,6,0.0,0.3096296296296296,0.0,0.4724,optimal
2021-02-11 19:30:00,26,6,0.7854915500423341,0.0,0.0,0.1402,optimal
2021-02-11 20:00:00,26,6,0.9150925399557234,0.0,0.0,0.47386666666666666,optimal
2021-02-11 20:30:00,26,6,0.0,0.3096296296296296,0.0,0.23526666666666668,optimal
2021-02-11 21:00:00,26,6,0.0,0.0,0.0,0.23433333333333328,optimal
2021-02-11 21:30:00,26,6,0.0,0.0,0.0,0.239,optimal
2021-02-11 22:00:00,26,6,0.0,0.0,0.0,0.24813333333333332,optimal
2021-02-11 22:30:00,26,6,0.0,0.0,0.0,0.3358,optimal
2021-02-11 23:00:00,26,6,0.0,0.387037037037037,0.0,0.1194,optimal
2021-02-11 23:30:00,26,6,0.0,0.0,0.0,0.16433333333333333,optimal
2021-02-12 00:00:00,26,6,1.1428571428571428,0.0,0.0,0.11359999999999999,optimal
2021-02-12 00:30:00,26,6,1.1428571428571428,0.0,0.0,0.05,optimal
2021-02-12 01:00:00,26,6,1.1428571428571428,0.0,0.0,0.1258,optimal
2021-02-12 01:30:00,26,6,1.1428571428571428,0.0,0.0,0.21086666666666667,optimal
2021-02-12 02:00:00,26,6,1.1428571428571428,0.0,2.0935967448483583,0.10653333333333331,optimal
2021-02-12 02:30:00,26,6,1.1428571428571428,0.0,5.0,0.12786666666666666,optimal
2021-02-12 03:00:00,26,6,1.1428571428571428,0.0,5.0,0.1522666666666667,optimal
2021-02-12 03:30:00,26,6,1.1428571428571428,0.0,5.0,0.05,optimal
2021-02-12 04:00:00,26,6,1.1428571428571428,0.0,5.0,0.2442666666666667,optimal
2021-02-12 04:30:00,26,6,1.1428571428571428,0.0,5.0,0.09240000000000001,optimal
2021-02-12 05:00:00,26,6,1.1428571428571428,0.0,5.0,0.05,optimal
2021-02-12 05:30:00,26,6,1.1428571428571428,0.0,5.0,0.22306666666666664,optimal
2021-02-12 06:00:00,26,6,1.1428571428571428,0.0,5.0,0.08533333333333333,optimal
2021-02-12 06:30:00,26,6,1.1428571428571428,0.1548148148148148,5.0,0.12346666666666668,optimal
2021-02-12 07:00:00,26,6,1.1428571428571428,0.6966666666666667,5.0,0.2561666666666667,optimal
2021-02-12 07:30:00,26,6,1.1428571428571428,7.683117980911678,0.0,0.21463333333333331,optimal
2021-02-12 08:00:00,26,6,0.9271795534212303,0.6192592592592592,0.0,0.08979999999999999,optimal
2021-02-12 08:30:00,26,6,0.9995172895864018,0.0,0.0,0.09179999999999999,optimal
2021-02-12 09:00:00,26,6,0.8325027465646945,0.0,0.0,0.22519999999999998,optimal
2021-02-12 09:30:00,26,6,0.7831209820810957,0.0,0.0,0.06786666666666666,optimal
2021-02-12 10:00:00,26,6,0.4845431196643555,0.0,0.0,0.09146666666666668,optimal
2021-02-12 10:30:00,26,6,0.4359247901911452,0.0,0.0,0.2016,optimal
2021-02-12 11:00:00,26,6,0.2745385088658026,0.0,0.0,0.12359999999999999,optimal
2021-02-12 11:30:00,26,6,0.29056597958641617,0.0,0.0,0.06,optimal
2021-02-12 12:00:00,26,6,0.1823276343354674,0.0,0.0,0.21446666666666667,optimal
2021-02-12 12:30:00,26,6,0.20083129553227647,0.0,0.0,0.1422,optimal
2021-02-12 13:00:00,26,6,0.2929851217438376,0.0,0.0,0.06,optimal
2021-02-12 13:30:00,26,6,1.1428571428571428,0.0,0.0,0.12359999999999999,optimal
2021-02-12 14:00:00,26,6,1.1428571428571428,0.0,0.0,0.1072,optimal
2021-02-12 14:30:00,26,6,1.1428571428571428,0.0,0.0,0.23046666666666668,optimal
2021-02-12 15:00:00,26,6,1.1428571428571428,0.0,0.0,0.07566666666666667,optimal
2021-02-12 15:30:00,26,6,1.1428571428571428,0.0,0.0,0.5236000000000001,optimal
2021-02-12 16:00:00,26,6,0.0,0.3096296296296296,0.0,0.10366666666666668,optimal
2021-02-12 16:30:00,26,6,0.0,0.0,0.0,1.9115333333333333,optimal
2021-02-12 17:00:00,26,6,0.0,0.23222222222222222,0.0,0.9513666666666668,optimal
2021-02-12 17:30:00,26,6,0.0,0.0,0.0,1.1572666666666669,optimal
2021-02-12 18:00:00,26,6,0.0,0.23222222222222222,0.0,1.111733333333333,optimal
2021-02-12 18:30:00,26,6,0.0,0.3096296296296296,0.0,1.4975666666666667,optimal
2021-02-12 19:00:00,26,6,0.0,0.0,0.0,1.6344666666666667,optimal
2021-02-12 19:30:00,26,6,0.0,0.1548148148148148,0.0,1.6774,optimal
2021-02-12 20:00:00,26,6,0.0,0.1548148148148148,0.0,0.3504,optimal
2021-02-12 20:30:00,26,6,0.0,0.1548148148148148,0.0,0.46643333333333326,optimal
2021-02-12 21:00:00,26,6,0.0,0.0,0.0,0.12093333333333334,optimal
2021-02-12 21:30:00,26,6,0.0,0.23222222222222222,0.0,0.15430000000000002,optimal
2021-02-12 22:00:00,26,6,0.0,0.1548148148148148,0.0,0.3507333333333333,optimal
2021-02-12 22:30:00,26,6,0.0,0.0,0.0,0.5442,optimal
2021-02-12 23:00:00,26,6,0.0,0.0,0.0,0.32926666666666665,optimal
2021-02-12 23:30:00,26,6,0.0,0.0,0.0,0.3466,optimal
2021-02-13 00:00:00,26,6,0.0,0.0,0.0,0.06466666666666668,optimal
2021-02-13 00:30:00,26,6,0.0,0.0,0.0,0.10613333333333334,optimal
2021-02-13 01:00:00,26,6,0.9497601653916089,0.0,0.0,0.15993333333333334,optimal
2021-02-13 01:30:00,26,6,1.1428571428571428,0.0,0.0,0.08020000000000001,optimal
2021-02-13 02:00:00,26,6,1.1428571428571428,0.0,0.0,0.12596666666666667,optimal
2021-02-13 02:30:00,26,6,1.1428571428571428,0.0,0.0,0.13456666666666667,optimal
2021-02-13 03:00:00,26,6,1.1428571428571428,0.0,0.0,0.07,optimal
2021-02-13 03:30:00,26,6,1.1428571428571428,0.0,2.9769988991251983,0.07993333333333334,optimal
2021-02-13 04:00:00,26,6,1.1428571428571428,0.0,5.0,0.19080000000000003,optimal
2021-02-13 04:30:00,26,6,1.1428571428571428,0.0,5.0,0.07,optimal
2021-02-13 05:00:00,26,6,1.1428571428571428,0.0,5.0,0.15653333333333333,optimal
2021-02-13 05:30:00,26,6,1.1428571428571428,0.0,5.0,0.1142,optimal
2021-02-13 06:00:00,26,6,1.1428571428571428,4.125814814814815,5.0,0.3101666666666667,optimal
2021-02-13 06:30:00,26,6,1.1428571428571428,4.698629629629631,0.0,0.25780000000000003,optimal
2021-02-13 07:00:00,26,6,1.1428571428571428,0.1548148148148148,0.0,0.2196,optimal
2021-02-13 07:30:00,26,6,1.1428571428571428,0.0774074074074074,0.0,0.3587333333333333,optimal
2021-02-13 08:00:00,26,6,0.6772445180232051,3.096296296296296,0.0,0.28353333333333336,optimal
2021-02-13 08:30:00,26,6,0.6778357982676186,0.0,0.0,0.2963,optimal
2021-02-13 09:00:00,26,6,0.5364963712028932,0.23222222222222222,0.0,0.296,optimal
2021-02-13 09:30:00,26,6,0.5593842009964267,0.387037037037037,0.0,1.1667333333333332,optimal
2021-02-13 10:00:00,26,6,0.5255663813003114,0.0,0.0,0.8503333333333334,optimal
2021-02-13 10:30:00,26,6,0.5508890901161523,0.0,0.0,0.22540000000000002,optimal
2021-02-13 11:00:00,26,6,0.26236371764705146,0.46444444444444444,0.0,0.3542,optimal
2021-02-13 11:30:00,26,6,0.13937595027242328,0.23222222222222222,0.0,0.5488999999999999,optimal
2021-02-13 12:00:00,26,6,0.10612316212738471,0.0,0.0,0.40453333333333336,optimal
2021-02-13 12:30:00,26,6,0.17670191309241737,0.0,0.0,0.2538333333333333,optimal
2021-02-13 13:00:00,26,6,1.1428571428571428,0.0774074074074074,0.0,1.4416333333333335,optimal
2021-02-13 13:30:00,26,6,1.1428571428571428,0.0,0.0,0.41173333333333334,optimal
2021-02-13 14:00:00,26,6,1.1428571428571428,0.46444444444444444,0.0,0.1686,optimal
2021-02-13 14:30:00,26,6,1.1428571428571428,0.23222222222222222,0.0,0.25703333333333334,optimal
2021-02-13 15:00:00,26,6,1.1428571428571428,0.0,0.0,0.34403333333333336,optimal
2021-02-13 15:30:00,26,6,1.1428571428571428,0.0,0.0,0.27753333333333335,optimal
2021-02-13 16:00:00,26,6,0.0,0.0,0.0,0.2014333333333333,optimal
2021-02-13 16:30:00,26,6,0.0,0.0,0.0,0.2469,optimal
2021-02-13 17:00:00,26,6,0.0,0.0,0.0,0.07,optimal
2021-02-13 17:30:00,26,6,0.0,0.0,0.0,0.13953333333333334,optimal
2021-02-13 18:00:00,26,6,0.0,0.1548148148148148,0.0,0.2728666666666667,optimal
2021-02-13 18:30:00,26,6,0.0,0.0,0.0,0.34536666666666666,optimal
2021-02-13 19:00:00,26,6,0.0,0.5418518518518518,0.0,0.5724333333333332,optimal
2021-02-13 19:30:00,26,6,0.0,0.0,0.0,0.4131,optimal
2021-02-13 20:00:00,26,6,0.5041783726310392,0.0,0.0,0.48573333333333335,optimal
2021-02-13 20:30:00,26,6,0.0,0.0,0.0,0.498,optimal
2021-02-13 21:00:00,26,6,0.0,0.0774074074074074,0.0,0.48086666666666666,optimal
2021-02-13 21:30:00,26,6,0.0,0.0774074074074074,0.0,0.8365333333333334,optimal
2021-02-13 22:00:00,26,6,0.0,0.0774074074074074,0.0,0.5529333333333333,optimal
2021-02-13 22:30:00,26,6,0.0,0.0,0.0,0.3851,optimal
2021-02-13 23:00:00,26,6,0.0,0.0,0.0,0.2810666666666667,optimal
2021-02-13 23:30:00,26,6,0.0,0.0,0.0,0.07,optimal
2021-02-07 00:00:00,27,6,0.0,0.0,0.0,0.059,optimal
2021-02-07 00:30:00,27,6,0.0,0.0,0.0,0.058333333333333334,optimal
2021-02-07 01:00:00,27,6,0.0,0.0,0.0,0.059,optimal
2021-02-07 01:30:00,27,6,0.0,0.0,0.0,0.06653333333333333,optimal
2021-02-07 02:00:00,27,6,0.0,0.0,0.0,0.11926666666666667,optimal
2021-02-07 02:30:00,27,6,0.0,0.0,0.0,0.059,optimal
2021-02-07 03:00:00,27,6,0.0,0.0,0.0,0.07406666666666667,optimal
2021-02-07 03:30:00,27,6,0.0,0.0,0.0,0.11173333333333332,optimal
2021-02-07 04:00:00,27,6,1.1428571428571428,0.0,0.0,0.07406666666666667,optimal
2021-02-07 04:30:00,27,6,1.1428571428571428,0.0,0.0,0.11173333333333332,optimal
2021-02-07 05:00:00,27,6,1.1428571428571428,0.0,0.0,0.07406666666666667,optimal
2021-02-07 05:30:00,27,6,1.1428571428571428,0.0,0.0,0.11673333333333331,optimal
2021-02-07 06:00:00,27,6,1.1428571428571428,0.0,0.0,0.06433333333333333,optimal
2021-02-07 06:30:00,27,6,1.1428571428571428,0.0,0.0,0.1268,optimal
2021-02-07 07:00:00,27,6,1.1428571428571428,0.0,1.7076336144509696,0.05766666666666666,optimal
2021-02-07 07:30:00,27,6,0.0,0.3096296296296296,0.0,0.1248,optimal
2021-02-07 08:00:00,27,6,0.033200073585474325,0.5418518518518518,0.0,0.2604666666666666,optimal
2021-02-07 08:30:00,27,6,0.644465208856506,0.0774074074074074,0.0,0.15159999999999998,optimal
2021-02-07 09:00:00,27,6,0.4032901098658339,0.3096296296296296,0.0,2.7182,optimal
2021-02-07 09:30:00,27,6,0.5391718663007331,0.0,0.0,0.1988,optimal
2021-02-07 10:00:00,27,6,0.4934986805551164,0.0774074074074074,0.0,0.1464,optimal
2021-02-07 10:30:00,27,6,0.5266551676853327,1.7803703703703702,0.0,0.1666,optimal
2021-02-07 11:00:00,27,6,0.3103583677537225,0.23222222222222222,0.0,0.6223,optimal
2021-02-07 11:30:00,27,6,0.4765221772775333,0.3096296296296296,0.0,0.097,optimal
2021-02-07 12:00:00,27,6,0.18421322677292976,0.387037037037037,0.0,1.2689333333333335,optimal
2021-02-07 12:30:00,27,6,1.038204509106184,0.6192592592592592,0.0,0.4322,optimal
2021-02-07 13:00:00,27,6,1.1428571428571428,0.1548148148148148,0.0,0.073,optimal
2021-02-07 13:30:00,27,6,1.1428571428571428,0.0,0.0,0.1251,optimal
2021-02-07 14:00:00,27,6,1.1428571428571428,0.0,0.0,0.0803,optimal
2021-02-07 14:30:00,27,6,1.1428571428571428,0.0,0.0,0.1255,optimal
2021-02-07 15:00:00,27,6,1.1428571428571428,0.0,0.0,0.0803,optimal
2021-02-07 15:30:00,27,6,1.1428571428571428,0.0,0.0,0.069,optimal
2021-02-07 16:00:00,27,6,0.0,0.0,0.0,0.14013333333333333,optimal
2021-02-07 16:30:00,27,6,0.0,0.0,0.0,0.10133333333333332,optimal
2021-02-07 17:00:00,27,6,0.0,0.23222222222222222,0.0,0.08566666666666667,optimal
2021-02-07 17:30:00,27,6,0.0,0.0,0.0,0.1772,optimal
2021-02-07 18:00:00,27,6,0.0,0.0,0.0,0.11486666666666666,optimal
2021-02-07 18:30:00,27,6,0.0,0.0,0.0,2.058333333333333,optimal
2021-02-07 19:00:00,27,6,0.0,0.0,0.0,0.0916,optimal
2021-02-07 19:30:00,27,6,0.7714885733992971,0.0,0.0,0.069,optimal
2021-02-07 20:00:00,27,6,0.7521171448278645,0.0,0.0,0.1368,optimal
2021-02-07 20:30:00,27,6,0.0,1.6255555555555554,0.0,0.38676666666666665,optimal
2021-02-07 21:00:00,27,6,0.0,0.387037037037037,0.0,0.2326,optimal
2021-02-07 21:30:00,27,6,0.0,0.1548148148148148,0.0,0.2531333333333333,optimal
2021-02-07 22:00:00,27,6,0.0,0.0,0.0,0.4502,optimal
2021-02-07 22:30:00,27,6,0.0,0.0774074074074074,0.0,0.2962666666666667,optimal
2021-02-07 23:00:00,27,6,0.0,0.0,0.0,0.3103666666666667,optimal
2021-02-07 23:30:00,27,6,0.0,0.0,0.0,0.32943333333333336,optimal
2021-02-08 00:00:00,27,6,0.0,0.0,0.0,0.067,optimal
2021-02-08 00:30:00,27,6,0.0,0.0,0.0,0.181,optimal
2021-02-08 01:00:00,27,6,0.0,0.0,0.0,0.13419999999999999,optimal
2021-02-08 01:30:00,27,6,0.03198053440709283,0.0,0.0,0.067,optimal
2021-02-08 02:00:00,27,6,1.1428571428571428,0.0,0.0,0.19593333333333332,optimal
2021-02-08 02:30:00,27,6,1.1428571428571428,0.0,0.0,0.11926666666666667,optimal
2021-02-08 03:00:00,27,6,1.1428571428571428,0.0,0.0,0.067,optimal
2021-02-08 03:30:00,27,6,1.1428571428571428,0.0,0.0,0.1916,optimal
2021-02-08 04:00:00,27,6,1.1428571428571428,0.0,0.0,0.12359999999999999,optimal
2021-02-08 04:30:00,27,6,1.1428571428571428,0.0,0.0,0.18746666666666667,optimal
2021-02-08 05:00:00,27,6,1.1428571428571428,0.0,0.0,0.1277333333333333,optimal
2021-02-08 05:30:00,27,6,1.1428571428571428,0.0,2.459160480964613,0.067,optimal
2021-02-08 06:00:00,27,6,1.1428571428571428,0.0,5.0,0.24446666666666667,optimal
2021-02-08 06:30:00,27,6,1.1428571428571428,1.8577777777777778,5.0,0.07343333333333334,optimal
2021-02-08 07:00:00,27,6,1.1428571428571428,0.0774074074074074,0.0,0.33346666666666663,optimal
2021-02-08 07:30:00,27,6,1.1428571428571428,0.774074074074074,0.0,0.8725333333333333,optimal
2021-02-08 08:00:00,27,6,0.5114673412982382,3.331614814814815,0.0,1.3916,optimal
2021-02-08 08:30:00,27,6,0.774688590333202,0.0,0.0,0.2018,optimal
2021-02-08 09:00:00,27,6,0.5573756923888055,3.944681481481482,0.0,1.3197,optimal
2021-02-08 09:30:00,27,6,0.6283361997887353,0.0,0.0,1.1656,optimal
2021-02-08 10:00:00,27,6,0.5296274978184129,0.0,0.0,0.21286666666666668,optimal
2021-02-08 10:30:00,27,6,0.5461660380375246,0.0,0.0,0.1869333333333333,optimal
2021-02-08 11:00:00,27,6,0.34907026487502496,0.0,0.0,0.3143,optimal
2021-02-08 11:30:00,27,6,0.3723652063162562,0.0,0.0,0.15080000000000002,optimal
2021-02-08 12:00:00,27,6,0.2780507996522939,0.0,0.0,0.224,optimal
2021-02-08 12:30:00,27,6,0.2995702063442646,0.0,0.0,0.11866666666666668,optimal
2021-02-08 13:00:00,27,6,1.1428571428571428,0.0,0.0,0.13673333333333332,optimal
2021-02-08 13:30:00,27,6,1.1428571428571428,0.0,0.0,0.1055,optimal
2021-02-08 14:00:00,27,6,1.1428571428571428,0.0,0.0,0.2297,optimal
2021-02-08 14:30:00,27,6,1.1428571428571428,0.0,0.0,0.077,optimal
2021-02-08 15:00:00,27,6,1.1428571428571428,0.0,0.0,0.12830000000000003,optimal
2021-02-08 15:30:00,27,6,1.1428571428571428,0.0,0.0,0.40203333333333335,optimal
2021-02-08 16:00:00,27,6,0.0,0.387037037037037,0.0,0.11033333333333331,optimal
2021-02-08 16:30:00,27,6,0.0,0.23222222222222222,0.0,0.15180000000000002,optimal
2021-02-08 17:00:00,27,6,0.0,0.387037037037037,0.0,0.262,optimal
2021-02-08 17:30:00,27,6,0.0,0.387037037037037,0.0,0.1174,optimal
2021-02-08 18:00:00,27,6,0.0,0.23222222222222222,0.0,0.30360000000000004,optimal
2021-02-08 18:30:00,27,6,0.0,0.23222222222222222,0.0,0.21006666666666662,optimal
2021-02-08 19:00:00,27,6,0.0,0.23222222222222222,0.0,0.236,optimal
2021-02-08 19:30:00,27,6,0.0,0.0,0.0,0.14146666666666666,optimal
2021-02-08 20:00:00,27,6,0.5456572769134993,0.0,0.0,0.14986666666666668,optimal
2021-02-08 20:30:00,27,6,0.0,0.1548148148148148,0.0,0.2886666666666667,optimal
2021-02-08 21:00:00,27,6,0.0,0.3096296296296296,0.0,1.8459666666666668,optimal
2021-02-08 21:30:00,27,6,0.0,0.3096296296296296,0.0,0.5374,optimal
2021-02-08 22:00:00,27,6,0.0,0.0,0.0,0.47243333333333326,optimal
2021-02-08 22:30:00,27,6,0.0,0.0,0.0,0.5748,optimal
2021-02-08 23:00:00,27,6,0.0,0.0,0.0,0.7786666666666666,optimal
2021-02-08 23:30:00,27,6,0.0,0.0,0.0,0.19713333333333333,optimal
2021-02-09 00:00:00,27,6,0.0,0.0,0.0,0.057,optimal
2021-02-09 00:30:00,27,6,0.0,0.0,0.0,0.1402,optimal
2021-02-09 01:00:00,27,6,0.0,0.0,0.0,0.12633333333333333,optimal
2021-02-09 01:30:00,27,6,0.0,0.0,0.0,0.24103333333333332,optimal
2021-02-09 02:00:00,27,6,0.9096360090950827,0.0,0.0,0.19196666666666667,optimal
2021-02-09 02:30:00,27,6,1.1428571428571428,0.0,0.0,0.057,optimal
2021-02-09 03:00:00,27,6,1.1428571428571428,0.0,0.0,0.057,optimal
2021-02-09 03:30:00,27,6,1.1428571428571428,0.0,0.0,0.22346666666666667,optimal
2021-02-09 04:00:00,27,6,1.1428571428571428,0.0,0.0,0.20953333333333332,optimal
2021-02-09 04:30:00,27,6,1.1428571428571428,0.0,0.0,0.057,optimal
2021-02-09 05:00:00,27,6,1.1428571428571428,0.0,0.0,0.17833333333333334,optimal
2021-02-09 05:30:00,27,6,1.1428571428571428,0.0774074074074074,0.0,0.4693333333333333,optimal
2021-02-09 06:00:00,27,6,1.1428571428571428,0.387037037037037,0.0,0.17233333333333334,optimal
2021-02-09 06:30:00,27,6,1.1428571428571428,0.46444444444444444,3.637351024479681,0.26580000000000004,optimal
2021-02-09 07:00:00,27,6,1.1428571428571428,0.3096296296296296,5.0,1.4438333333333333,optimal
2021-02-09 07:30:00,27,6,1.1428571428571428,0.387037037037037,0.0,0.49323333333333336,optimal
2021-02-09 08:00:00,27,6,0.5637633445177156,0.5418518518518518,0.0,0.2916666666666667,optimal
2021-02-09 08:30:00,27,6,0.7040076614414581,0.0,0.0,0.27066666666666667,optimal
2021-02-09 09:00:00,27,6,0.5281747893161812,0.23222222222222222,0.0,0.40513333333333335,optimal
2021-02-09 09:30:00,27,6,0.5269872326874576,0.0,0.0,0.46493333333333325,optimal
2021-02-09 10:00:00,27,6,0.3474990658640437,0.0,0.0,0.4436333333333333,optimal
2021-02-09 10:30:00,27,6,0.0622840385147241,5.418518518518519,0.0,1.4810333333333332,optimal
2021-02-09 11:00:00,27,6,0.2530337176558317,2.012592592592592,0.0,0.2714,optimal
2021-02-09 11:30:00,27,6,0.1235849979002535,0.0,0.0,0.7169666666666668,optimal
2021-02-09 12:00:00,27,6,0.03330805812480792,0.6192592592592592,0.0,0.5243666666666666,optimal
2021-02-09 12:30:00,27,6,0.0,2.0899999999999994,0.0,0.6099333333333333,optimal
2021-02-09 13:00:00,27,6,0.0,0.0,0.0,0.616,optimal
2021-02-09 13:30:00,27,6,0.06301067658402591,0.0774074074074074,0.0,0.26973333333333327,optimal
2021-02-09 14:00:00,27,6,0.3378084129322254,0.0,0.0,0.446,optimal
2021-02-09 14:30:00,27,6,1.1428571428571428,0.0774074074074074,0.0,0.5194333333333333,optimal
2021-02-09 15:00:00,27,6,1.1428571428571428,0.1548148148148148,0.0,0.32206666666666667,optimal
2021-02-09 15:30:00,27,6,1.1428571428571428,0.2740222222222222,0.0,0.2894333333333333,optimal
2021-02-09 16:00:00,27,6,0.0,0.2678296296296296,0.0,0.5915,optimal
2021-02-09 16:30:00,27,6,0.0,0.6966666666666667,0.0,0.4328333333333333,optimal
2021-02-09 17:00:00,27,6,0.0,0.3096296296296296,0.0,0.5836666666666667,optimal
2021-02-09 17:30:00,27,6,0.0,0.387037037037037,0.0,0.463,optimal
2021-02-09 18:00:00,27,6,0.0,0.23222222222222222,0.0,0.3846,optimal
2021-02-09 18:30:00,27,6,0.0,2.941481481481482,0.0,0.5461666666666666,optimal
2021-02-09 19:00:00,27,6,0.0,0.387037037037037,0.0,0.3556333333333333,optimal
2021-02-09 19:30:00,27,6,0.0,0.0,0.0,0.2475,optimal
2021-02-09 20:00:00,27,6,0.0,0.0,0.0,0.5528333333333334,optimal
2021-02-09 20:30:00,27,6,0.0,0.0,0.0,0.347,optimal
2021-02-09 21:00:00,27,6,0.0,0.0,0.0,0.4111,optimal
2021-02-09 21:30:00,27,6,0.0,0.0,0.0,0.5608666666666666,optimal
2021-02-09 22:00:00,27,6,0.0,0.0,0.0,0.434,optimal
2021-02-09 22:30:00,27,6,0.0,0.0,0.0,0.42260000000000003,optimal
2021-02-09 23:00:00,27,6,0.0,0.0774074074074074,0.0,0.6534666666666668,optimal
2021-02-09 23:30:00,27,6,0.0,0.0774074074074074,0.0,0.5316666666666666,optimal
2021-02-10 00:00:00,27,6,0.0,0.0,0.0,0.9054,optimal
2021-02-10 00:30:00,27,6,0.0,0.3096296296296296,0.0,1.6713666666666667,optimal
2021-02-10 01:00:00,27,6,0.0,2.2448148148148146,0.0,1.4844333333333335,optimal
2021-02-10 01:30:00,27,6,0.0,0.0,0.0,2.470333333333333,optimal
2021-02-10 02:00:00,27,6,0.6129363482815482,0.0,0.0,2.4485333333333332,optimal
2021-02-10 02:30:00,27,6,1.1428571428571428,0.1548148148148148,0.0,2.0614,optimal
2021-02-10 03:00:00,27,6,1.1428571428571428,0.0,0.0,0.2281,optimal
2021-02-10 03:30:00,27,6,1.1428571428571428,0.3096296296296296,0.0,0.2733,optimal
2021-02-10 04:00:00,27,6,1.1428571428571428,0.0,0.0,0.5013,optimal
2021-02-10 04:30:00,27,6,1.1428571428571428,0.23222222222222222,3.6483431131669204,1.8194333333333328,optimal
2021-02-10 05:00:00,27,6,1.1428571428571428,0.46444444444444444,5.0,0.11973333333333332,optimal
2021-02-10 05:30:00,27,6,1.1428571428571428,6.966666666666665,0.0,0.21303333333333332,optimal
2021-02-10 06:00:00,27,6,1.1428571428571428,0.3096296296296296,0.0,0.187,optimal
2021-02-10 06:30:00,27,6,1.1428571428571428,0.0,0.0,0.063,optimal
2021-02-10 07:00:00,27,6,1.1428571428571428,0.0,0.0,0.296,optimal
2021-02-10 07:30:00,27,6,1.1428571428571428,0.0,0.0,0.10366666666666668,optimal
2021-02-10 08:00:00,27,6,0.8637787243846708,0.0,0.0,0.063,optimal
2021-02-10 08:30:00,27,6,0.7909552739337781,0.0,0.0,0.28786666666666666,optimal
2021-02-10 09:00:00,27,6,0.7203797939392151,0.0,0.0,0.1118,optimal
2021-02-10 09:30:00,27,6,0.6773753911073682,0.0,0.0,0.2323,optimal
2021-02-10 10:00:00,27,6,0.5053413443352721,0.0,0.0,0.16736666666666666,optimal
2021-02-10 10:30:00,27,6,0.5287285184018696,0.0,0.0,0.063,optimal
2021-02-10 11:00:00,27,6,0.33683825377623683,0.0,0.0,0.2716,optimal
2021-02-10 11:30:00,27,6,0.3735598618841299,0.0,0.0,0.12806666666666666,optimal
2021-02-10 12:00:00,27,6,0.22328132211430468,0.0,0.0,0.06976666666666667,optimal
2021-02-10 12:30:00,27,6,0.14895751259048648,0.0,0.0,0.32989999999999997,optimal
2021-02-10 13:00:00,27,6,0.46285408215603036,0.0,0.0,0.063,optimal
2021-02-10 13:30:00,27,6,1.1428571428571428,0.0,0.0,0.063,optimal
2021-02-10 14:00:00,27,6,1.1428571428571428,0.0,0.0,0.24719999999999998,optimal
2021-02-10 14:30:00,27,6,1.1428571428571428,0.0,0.0,0.15246666666666667,optimal
2021-02-10 15:00:00,27,6,1.1428571428571428,0.0,0.0,0.09683333333333331,optimal
2021-02-10 15:30:00,27,6,1.1428571428571428,0.0,0.0,0.3021666666666667,optimal
2021-02-10 16:00:00,27,6,0.0,0.0,0.0,0.075,optimal
2021-02-10 16:30:00,27,6,0.0,3.9709999999999996,0.0,0.46153333333333335,optimal
2021-02-10 17:00:00,27,6,0.0,2.221592592592593,0.0,1.4854,optimal
2021-02-10 17:30:00,27,6,0.0,0.0,0.0,1.6991666666666667,optimal
2021-02-10 18:00:00,27,6,0.0,0.0,0.0,0.8178333333333334,optimal
2021-02-10 18:30:00,27,6,0.0,0.0,0.0,1.1214333333333335,optimal
2021-02-10 19:00:00,27,6,0.0,0.0,0.0,1.7810333333333332,optimal
2021-02-10 19:30:00,27,6,0.0,0.0,0.0,0.6279333333333332,optimal
2021-02-10 20:00:00,27,6,0.0,0.46444444444444444,0.0,2.648,optimal
2021-02-10 20:30:00,27,6,0.0,0.5418518518518518,0.0,2.4754666666666667,optimal
2021-02-10 21:00:00,27,6,0.0,2.3222222222222215,0.0,0.26573333333333327,optimal
2021-02-10 21:30:00,27,6,0.0,0.0,0.0,0.32526666666666665,optimal
2021-02-10 22:00:00,27,6,0.0,0.23222222222222222,0.0,0.29696666666666666,optimal
2021-02-10 22:30:00,27,6,0.0,0.0,0.0,0.3076333333333333,optimal
2021-02-10 23:00:00,27,6,0.0,0.6966666666666667,0.0,1.0005333333333333,optimal
2021-02-10 23:30:00,27,6,0.0,0.23222222222222222,0.0,3.1912,optimal
2021-02-11 00:00:00,27,6,0.033166100726964284,0.1548148148148148,0.0,0.2718,optimal
2021-02-11 00:30:00,27,6,1.1428571428571428,0.0,0.0,0.0986,optimal
2021-02-11 01:00:00,27,6,1.1428571428571428,0.0,0.0,0.2048,optimal
2021-02-11 01:30:00,27,6,1.1428571428571428,0.0,0.0,0.168,optimal
2021-02-11 02:00:00,27,6,1.1428571428571428,0.0,0.0,0.12026666666666667,optimal
2021-02-11 02:30:00,27,6,1.1428571428571428,0.0,0.0,0.25253333333333333,optimal
2021-02-11 03:00:00,27,6,1.1428571428571428,0.0,0.0,0.06,optimal
2021-02-11 03:30:00,27,6,1.1428571428571428,0.0,0.0,0.3128,optimal
2021-02-11 04:00:00,27,6,1.1428571428571428,0.0,0.0,0.06,optimal
2021-02-11 04:30:00,27,6,1.1428571428571428,0.0,0.0,0.1802333333333333,optimal
2021-02-11 05:00:00,27,6,1.1428571428571428,0.0,0.0,0.19556666666666664,optimal
2021-02-11 05:30:00,27,6,1.1428571428571428,0.0,0.0,0.07,optimal
2021-02-11 06:00:00,27,6,1.1428571428571428,0.0,0.945503479711632,0.3184666666666666,optimal
2021-02-11 06:30:00,27,6,1.1428571428571428,0.0,5.0,0.06,optimal
2021-02-11 07:00:00,27,6,1.1428571428571428,0.0,5.0,0.19933333333333328,optimal
2021-02-11 07:30:00,27,6,1.1428571428571428,0.774074074074074,0.0,0.09,optimal
2021-02-11 08:00:00,27,6,0.7166483745254106,1.0837037037037038,0.0,0.1148,optimal
2021-02-11 08:30:00,27,6,0.8611469147445397,0.0774074074074074,0.0,0.1804,optimal
2021-02-11 09:00:00,27,6,0.7941525932493969,0.0,0.0,0.183,optimal
2021-02-11 09:30:00,27,6,0.7205067460771781,0.0,0.0,0.20146666666666666,optimal
2021-02-11 10:00:00,27,6,0.4743269184074938,0.0,0.0,0.07,optimal
2021-02-11 10:30:00,27,6,0.4431686983315959,0.0,0.0,0.2691,optimal
2021-02-11 11:00:00,27,6,0.3419824339401629,0.0,0.0,0.1237,optimal
2021-02-11 11:30:00,27,6,0.32516592332075683,0.0,0.0,0.07,optimal
2021-02-11 12:00:00,27,6,0.04042797955852408,0.23222222222222222,0.0,0.30396666666666666,optimal
2021-02-11 12:30:00,27,6,0.022518432259790916,0.6192592592592592,0.0,0.10909999999999999,optimal
2021-02-11 13:00:00,27,6,1.1428571428571428,0.3096296296296296,0.0,0.21236666666666668,optimal
2021-02-11 13:30:00,27,6,1.1428571428571428,0.0,0.0,0.30593333333333333,optimal
2021-02-11 14:00:00,27,6,1.1428571428571428,0.0,0.0,0.29993333333333333,optimal
2021-02-11 14:30:00,27,6,1.1428571428571428,0.0,0.0,0.21966666666666662,optimal
2021-02-11 15:00:00,27,6,1.1428571428571428,0.0,0.0,0.07,optimal
2021-02-11 15:30:00,27,6,1.1428571428571428,0.0,0.0,0.07,optimal
2021-02-11 16:00:00,27,6,0.0,0.1548148148148148,0.0,0.2117333333333333,optimal
2021-02-11 16:30:00,27,6,0.0,0.0,0.0,0.29133333333333333,optimal
2021-02-11 17:00:00,27,6,0.0,0.1548148148148148,0.0,0.36860000000000004,optimal
2021-02-11 17:30:00,27,6,0.0,0.0774074074074074,0.0,0.43446666666666656,optimal
2021-02-11 18:00:00,27,6,0.0,0.23222222222222222,0.0,0.415,optimal
2021-02-11 18:30:00,27,6,0.0,0.23222222222222222,0.0,0.35546666666666665,optimal
2021-02-11 19:00:00,27,6,0.0,0.0,0.0,0.2472333333333333,optimal
2021-02-11 19:30:00,27,6,0.0,0.0,0.0,0.2819333333333333,optimal
2021-02-11 20:00:00,27,6,0.38482238448800543,0.3096296296296296,0.0,0.544,optimal
2021-02-11 20:30:00,27,6,0.0,0.0,0.0,0.3858666666666667,optimal
2021-02-11 21:00:00,27,6,0.0,0.0774074074074074,0.0,0.3838333333333333,optimal
2021-02-11 21:30:00,27,6,0.0,0.23222222222222222,0.0,0.638,optimal
2021-02-11 22:00:00,27,6,0.0,0.46444444444444444,0.0,0.24856666666666663,optimal
2021-02-11 22:30:00,27,6,0.0,2.631851851851852,0.0,0.3597333333333333,optimal
2021-02-11 23:00:00,27,6,0.0,0.0,0.0,0.3183333333333333,optimal
2021-02-11 23:30:00,27,6,0.0,0.0,0.0,0.20936666666666667,optimal
2021-02-12 00:00:00,27,6,1.1428571428571428,0.0,0.0,0.057,optimal
2021-02-12 00:30:00,27,6,1.1428571428571428,0.0,0.0,0.057,optimal
2021-02-12 01:00:00,27,6,1.1428571428571428,0.0,0.0,0.1851,optimal
2021-02-12 01:30:00,27,6,1.1428571428571428,0.0,0.0,0.0631,optimal
2021-02-12 02:00:00,27,6,1.1428571428571428,0.0,0.0,0.057,optimal
2021-02-12 02:30:00,27,6,1.1428571428571428,0.0,0.0,0.057,optimal
2021-02-12 03:00:00,27,6,1.1428571428571428,0.0,0.0,0.0631,optimal
2021-02-12 03:30:00,27,6,1.1428571428571428,0.0,0.0,0.1851,optimal
2021-02-12 04:00:00,27,6,1.1428571428571428,0.0,0.0,0.057,optimal
2021-02-12 04:30:00,27,6,1.1428571428571428,0.0,1.875189483731435,0.16069999999999998,optimal
2021-02-12 05:00:00,27,6,1.1428571428571428,0.0,5.0,0.0875,optimal
2021-02-12 05:30:00,27,6,1.1428571428571428,0.0,5.0,0.057,optimal
2021-02-12 06:00:00,27,6,1.1428571428571428,0.23222222222222222,5.0,0.1972,optimal
2021-02-12 06:30:00,27,6,1.1428571428571428,0.6192592592592592,5.0,0.2687,optimal
2021-02-12 07:00:00,27,6,1.1428571428571428,0.0774074074074074,0.0,0.1138,optimal
2021-02-12 07:30:00,27,6,1.1428571428571428,4.115157042958568,0.0,0.1621,optimal
2021-02-12 08:00:00,27,6,0.7630176486593228,0.3096296296296296,0.0,0.16566666666666666,optimal
2021-02-12 08:30:00,27,6,0.8040791943483083,5.031481481481482,0.0,0.24580000000000002,optimal
2021-02-12 09:00:00,27,6,0.7139694132313611,0.0,0.0,1.2387000000000001,optimal
2021-02-12 09:30:00,27,6,0.6522638392239533,0.23222222222222222,0.0,0.065,optimal
2021-02-12 10:00:00,27,6,0.237400262521495,0.0,0.0,0.48460000000000003,optimal
2021-02-12 10:30:00,27,6,0.2811533616197145,0.0,0.0,0.20526666666666668,optimal
2021-02-12 11:00:00,27,6,0.08527184219913986,0.0,0.0,0.2375,optimal
2021-02-12 11:30:00,27,6,0.03809931291974531,0.46444444444444444,0.0,0.39776666666666666,optimal
2021-02-12 12:00:00,27,6,0.0,0.0,0.0,0.44639999999999996,optimal
2021-02-12 12:30:00,27,6,0.04627624288713298,0.0774074074074074,0.0,0.265,optimal
2021-02-12 13:00:00,27,6,0.5109842522226318,0.387037037037037,0.0,0.42060000000000003,optimal
2021-02-12 13:30:00,27,6,1.1428571428571428,0.0,0.0,0.3117333333333333,optimal
2021-02-12 14:00:00,27,6,1.1428571428571428,0.0,0.0,0.6647000000000001,optimal
2021-02-12 14:30:00,27,6,1.1428571428571428,0.0,0.0,0.3406,optimal
2021-02-12 15:00:00,27,6,1.1428571428571428,0.0,0.0,0.33343333333333336,optimal
2021-02-12 15:30:00,27,6,1.1428571428571428,0.23222222222222222,0.0,0.191,optimal
2021-02-12 16:00:00,27,6,0.0,0.0,0.0,0.35333333333333333,optimal
2021-02-12 16:30:00,27,6,0.0,0.1548148148148148,0.0,0.5380333333333333,optimal
2021-02-12 17:00:00,27,6,0.0,0.23222222222222222,0.0,0.0995,optimal
2021-02-12 17:30:00,27,6,0.0,0.0,0.0,0.31839999999999996,optimal
2021-02-12 18:00:00,27,6,0.0,0.0774074074074074,0.0,1.4128,optimal
2021-02-12 18:30:00,27,6,0.0,0.0774074074074074,0.0,0.31889999999999996,optimal
2021-02-12 19:00:00,27,6,0.0,0.387037037037037,0.0,0.465,optimal
2021-02-12 19:30:00,27,6,0.0,0.1548148148148148,0.0,0.3041333333333333,optimal
2021-02-12 20:00:00,27,6,0.0,0.23222222222222222,0.0,0.21359999999999998,optimal
2021-02-12 20:30:00,27,6,0.0,0.0,0.0,0.45263333333333333,optimal
2021-02-12 21:00:00,27,6,0.0,0.0,0.0,0.3925,optimal
2021-02-12 21:30:00,27,6,0.0,0.0,0.0,0.37810000000000005,optimal
2021-02-12 22:00:00,27,6,0.0,0.7941999999999999,0.0,0.4251666666666667,optimal
2021-02-12 22:30:00,27,6,0.0,0.44431851851851845,0.0,0.3706666666666667,optimal
2021-02-12 23:00:00,27,6,0.0,0.0,0.0,0.4966666666666667,optimal
2021-02-12 23:30:00,27,6,0.0,1.7803703703703702,0.0,0.4005666666666667,optimal
2021-02-13 00:00:00,27,6,0.0,0.0,0.0,0.06946666666666666,optimal
2021-02-13 00:30:00,27,6,0.0,0.0,0.0,0.063,optimal
2021-02-13 01:00:00,27,6,0.0,0.0,0.0,0.063,optimal
2021-02-13 01:30:00,27,6,0.9172656810730216,0.0,0.0,0.20013333333333333,optimal
2021-02-13 02:00:00,27,6,1.1428571428571428,0.0,0.0,0.063,optimal
2021-02-13 02:30:00,27,6,1.1428571428571428,0.0,0.0,0.19390000000000002,optimal
2021-02-13 03:00:00,27,6,1.1428571428571428,0.0,0.0,0.06923333333333334,optimal
2021-02-13 03:30:00,27,6,1.1428571428571428,0.0,0.0,0.10663333333333334,optimal
2021-02-13 04:00:00,27,6,1.1428571428571428,0.0,0.0,0.1565,optimal
2021-02-13 04:30:00,27,6,1.1428571428571428,0.0,2.829876182955233,0.063,optimal
2021-02-13 05:00:00,27,6,1.1428571428571428,0.0,5.0,0.20013333333333333,optimal
2021-02-13 05:30:00,27,6,1.1428571428571428,0.0,5.0,0.063,optimal
2021-02-13 06:00:00,27,6,1.1428571428571428,0.0,5.0,0.13156666666666667,optimal
2021-02-13 06:30:00,27,6,1.1428571428571428,0.0,5.0,0.16656666666666667,optimal
2021-02-13 07:00:00,27,6,1.1428571428571428,0.46444444444444444,5.0,0.3588,optimal
2021-02-13 07:30:00,27,6,1.1428571428571428,0.46444444444444444,0.0,0.3696666666666667,optimal
2021-02-13 08:00:00,27,6,0.546581660880344,0.46444444444444444,0.0,0.168,optimal
2021-02-13 08:30:00,27,6,0.5793138935057189,1.8577777777777778,0.0,0.5149,optimal
2021-02-13 09:00:00,27,6,0.5259392283457559,0.0,0.0,0.6437666666666666,optimal
2021-02-13 09:30:00,27,6,0.5214003914726184,0.23222222222222222,0.0,1.3357666666666668,optimal
2021-02-13 10:00:00,27,6,0.4506806670145981,0.0,0.0,0.33413333333333334,optimal
2021-02-13 10:30:00,27,6,0.4902890901161616,0.0,0.0,0.3439,optimal
2021-02-13 11:00:00,27,6,0.12378847955181484,0.1548148148148148,0.0,1.4808,optimal
2021-02-13 11:30:00,27,6,0.2672921407486101,0.0,0.0,0.22756666666666664,optimal
2021-02-13 12:00:00,27,6,0.23836125736548175,0.0,0.0,0.21013333333333334,optimal
2021-02-13 12:30:00,27,6,0.29537735278903965,0.3096296296296296,0.0,0.14806666666666665,optimal
2021-02-13 13:00:00,27,6,1.1428571428571428,0.0774074074074074,0.0,1.3124666666666667,optimal
2021-02-13 13:30:00,27,6,1.1428571428571428,0.1548148148148148,0.0,1.4118,optimal
2021-02-13 14:00:00,27,6,1.1428571428571428,0.774074074074074,0.0,0.1958,optimal
2021-02-13 14:30:00,27,6,1.1428571428571428,0.0,0.0,0.35736666666666667,optimal
2021-02-13 15:00:00,27,6,1.1428571428571428,0.0,0.0,0.16069999999999998,optimal
2021-02-13 15:30:00,27,6,1.1428571428571428,0.0,0.0,0.3379,optimal
2021-02-13 16:00:00,27,6,0.0,0.0,0.0,0.07923333333333334,optimal
2021-02-13 16:30:00,27,6,0.0,0.0,0.0,0.073,optimal
2021-02-13 17:00:00,27,6,0.0,0.0,0.0,0.073,optimal
2021-02-13 17:30:00,27,6,0.0,0.23222222222222222,0.0,0.22363333333333332,optimal
2021-02-13 18:00:00,27,6,0.0,0.0,0.0,0.10416666666666669,optimal
2021-02-13 18:30:00,27,6,0.0,0.0,0.0,0.11040000000000001,optimal
2021-02-13 19:00:00,27,6,0.0,0.387037037037037,0.0,0.9989333333333331,optimal
2021-02-13 19:30:00,27,6,0.662544326943167,0.0,0.0,0.947,optimal
2021-02-13 20:00:00,27,6,0.5846074807400422,0.0,0.0,0.5510333333333333,optimal
2021-02-13 20:30:00,27,6,0.0,0.0,0.0,0.3554,optimal
2021-02-13 21:00:00,27,6,0.0,0.0,0.0,0.43726666666666664,optimal
2021-02-13 21:30:00,27,6,0.0,0.0,0.0,1.8025333333333333,optimal
2021-02-13 22:00:00,27,6,0.0,0.387037037037037,0.0,0.6383333333333334,optimal
2021-02-13 22:30:00,27,6,0.0,0.0,0.0,0.4004333333333333,optimal
2021-02-13 23:00:00,27,6,0.0,0.0,0.0,0.5134666666666667,optimal
2021-02-13 23:30:00,27,6,0.0,0.0,0.0,0.13133333333333333,optimal
2021-02-07 00:00:00,28,6,0.0,0.0,0.0,0.061,optimal
2021-02-07 00:30:00,28,6,0.0,0.0,0.0,0.21059999999999998,optimal
2021-02-07 01:00:00,28,6,0.0,0.0,0.0,0.061,optimal
2021-02-07 01:30:00,28,6,0.0,0.0,0.0,0.061,optimal
2021-02-07 02:00:00,28,6,0.0,0.0,0.0,0.2038,optimal
2021-02-07 02:30:00,28,6,0.0,0.0,0.0,0.0678,optimal
2021-02-07 03:00:00,28,6,0.0,0.0,0.0,0.15619999999999998,optimal
2021-02-07 03:30:00,28,6,0.0,0.0,0.0,0.1154,optimal
2021-02-07 04:00:00,28,6,1.1428571428571428,0.0,0.0,0.061,optimal
2021-02-07 04:30:00,28,6,1.1428571428571428,0.0,0.0,0.061,optimal
2021-02-07 05:00:00,28,6,1.1428571428571428,0.0,0.0,0.061,optimal
2021-02-07 05:30:00,28,6,1.1428571428571428,0.0,0.0,0.061,optimal
2021-02-07 06:00:00,28,6,1.1428571428571428,0.0,0.0,0.21059999999999998,optimal
2021-02-07 06:30:00,28,6,1.1428571428571428,0.0,0.0,0.061,optimal
2021-02-07 07:00:00,28,6,1.1428571428571428,0.815874074074074,1.6063785740462473,0.06106666666666667,optimal
2021-02-07 07:30:00,28,6,0.0,0.6548666666666667,0.0,0.1472,optimal
2021-02-07 08:00:00,28,6,0.0,0.6192592592592592,0.0,0.32443333333333335,optimal
2021-02-07 08:30:00,28,6,0.7461529851724569,0.0,0.0,0.071,optimal
2021-02-07 09:00:00,28,6,0.6978015384372649,0.23222222222222222,0.0,0.08133333333333333,optimal
2021-02-07 09:30:00,28,6,0.6769528186816888,0.0,0.0,0.21380000000000002,optimal
2021-02-07 10:00:00,28,6,0.6400872519836928,0.0,0.0,0.0778,optimal
2021-02-07 10:30:00,28,6,0.6293656438758002,0.0,0.0,0.08133333333333333,optimal
2021-02-07 11:00:00,28,6,0.4577012248965784,0.0,0.0,0.48810000000000003,optimal
2021-02-07 11:30:00,28,6,0.34861551061086676,0.0774074074074074,0.0,1.5919,optimal
2021-02-07 12:00:00,28,6,0.36708560772530785,0.0,0.0,0.24409999999999998,optimal
2021-02-07 12:30:00,28,6,0.4232344598637796,2.8640740740740736,0.0,0.26373333333333326,optimal
2021-02-07 13:00:00,28,6,1.1428571428571428,0.0,0.0,0.2731,optimal
2021-02-07 13:30:00,28,6,1.1428571428571428,0.0,0.0,0.2049,optimal
2021-02-07 14:00:00,28,6,1.1428571428571428,0.0,0.0,0.3852,optimal
2021-02-07 14:30:00,28,6,1.1428571428571428,0.0,0.0,0.3145,optimal
2021-02-07 15:00:00,28,6,1.1428571428571428,0.1548148148148148,0.0,0.178,optimal
2021-02-07 15:30:00,28,6,1.1428571428571428,0.0,0.0,0.4705,optimal
2021-02-07 16:00:00,28,6,0.0,0.1548148148148148,0.0,0.9886,optimal
2021-02-07 16:30:00,28,6,0.0,0.0,0.0,2.492,optimal
2021-02-07 17:00:00,28,6,0.0,0.0,0.0,1.9153,optimal
2021-02-07 17:30:00,28,6,0.0,0.1548148148148148,0.0,0.1387,optimal
2021-02-07 18:00:00,28,6,0.0,0.6192592592592592,0.0,0.09763333333333334,optimal
2021-02-07 18:30:00,28,6,0.0,0.0,0.0,0.25660000000000005,optimal
2021-02-07 19:00:00,28,6,0.0,0.0,0.0,0.1118,optimal
2021-02-07 19:30:00,28,6,0.7713457162564346,0.0,0.0,0.071,optimal
2021-02-07 20:00:00,28,6,0.7286028591135799,0.0,0.0,0.2206,optimal
2021-02-07 20:30:00,28,6,0.0,0.0,0.0,0.071,optimal
2021-02-07 21:00:00,28,6,0.0,0.0,0.0,0.19340000000000002,optimal
2021-02-07 21:30:00,28,6,0.0,0.0,0.0,0.09820000000000001,optimal
2021-02-07 22:00:00,28,6,0.0,0.0,0.0,0.09353333333333332,optimal
2021-02-07 22:30:00,28,6,0.0,0.387037037037037,0.0,1.2367000000000001,optimal
2021-02-07 23:00:00,28,6,0.0,0.1548148148148148,0.0,0.399,optimal
2021-02-07 23:30:00,28,6,0.0,0.3096296296296296,0.0,0.15566666666666665,optimal
2021-02-08 00:00:00,28,6,0.0,0.0,0.0,0.064,optimal
2021-02-08 00:30:00,28,6,0.0,0.0,0.0,0.13766666666666666,optimal
2021-02-08 01:00:00,28,6,0.0,0.0,0.0,0.115,optimal
2021-02-08 01:30:00,28,6,0.9022897495020361,0.0,0.0,0.064,optimal
2021-02-08 02:00:00,28,6,1.1428571428571428,0.0,0.0,0.12633333333333333,optimal
2021-02-08 02:30:00,28,6,1.1428571428571428,0.0,0.0,0.12633333333333333,optimal
2021-02-08 03:00:00,28,6,1.1428571428571428,0.0,0.0,0.06966666666666667,optimal
2021-02-08 03:30:00,28,6,1.1428571428571428,0.0,0.0,0.183,optimal
2021-02-08 04:00:00,28,6,1.1428571428571428,0.0,0.0,0.064,optimal
2021-02-08 04:30:00,28,6,1.1428571428571428,0.0,0.0,0.064,optimal
2021-02-08 05:00:00,28,6,1.1428571428571428,0.0,0.2562783410417069,0.18866666666666662,optimal
2021-02-08 05:30:00,28,6,1.1428571428571428,0.0,5.0,0.064,optimal
2021-02-08 06:00:00,28,6,1.1428571428571428,0.0,5.0,0.074,optimal
2021-02-08 06:30:00,28,6,1.1428571428571428,0.6192592592592592,5.0,0.106,optimal
2021-02-08 07:00:00,28,6,1.1428571428571428,1.0837037037037036,5.0,0.16266666666666665,optimal
2021-02-08 07:30:00,28,6,1.1428571428571428,0.3096296296296296,0.0,0.072,optimal
2021-02-08 08:00:00,28,6,0.6199054365363371,0.3096296296296296,0.0,0.2002,optimal
2021-02-08 08:30:00,28,6,0.7474790665236821,0.0774074074074074,0.0,0.11233333333333331,optimal
2021-02-08 09:00:00,28,6,0.7087623590554811,0.0,0.0,0.098,optimal
2021-02-08 09:30:00,28,6,0.6861400093125416,0.0,0.0,0.16466666666666666,optimal
2021-02-08 10:00:00,28,6,0.552646545437456,0.0,0.0,0.074,optimal
2021-02-08 10:30:00,28,6,0.5283165142280003,0.0,0.0,0.18166666666666662,optimal
2021-02-08 11:00:00,28,6,0.380578836303597,0.0,0.0,0.081,optimal
2021-02-08 11:30:00,28,6,0.3617194920305324,0.0,0.0,0.132,optimal
2021-02-08 12:00:00,28,6,0.3045174663189632,0.0,0.0,0.12066666666666669,optimal
2021-02-08 12:30:00,28,6,0.3121321111061743,0.0,0.0,0.064,optimal
2021-02-08 13:00:00,28,6,1.1428571428571428,0.3096296296296296,0.0,0.16966666666666666,optimal
2021-02-08 13:30:00,28,6,1.1428571428571428,0.23222222222222222,0.0,0.088,optimal
2021-02-08 14:00:00,28,6,1.1428571428571428,0.0,0.0,0.074,optimal
2021-02-08 14:30:00,28,6,1.1428571428571428,0.0,0.0,0.091,optimal
2021-02-08 15:00:00,28,6,1.1428571428571428,0.0,0.0,0.18166666666666662,optimal
2021-02-08 15:30:00,28,6,1.1428571428571428,0.0,0.0,0.074,optimal
2021-02-08 16:00:00,28,6,0.0,0.0,0.0,0.19866666666666663,optimal
2021-02-08 16:30:00,28,6,0.0,0.0,0.0,0.08786666666666666,optimal
2021-02-08 17:00:00,28,6,0.0,0.0,0.0,0.12866666666666665,optimal
2021-02-08 17:30:00,28,6,0.0,0.0774074074074074,0.0,0.5493666666666667,optimal
2021-02-08 18:00:00,28,6,0.0,0.1548148148148148,0.0,0.3025333333333334,optimal
2021-02-08 18:30:00,28,6,0.0,0.7167925925925925,0.0,1.4309666666666667,optimal
2021-02-08 19:00:00,28,6,0.0,1.063577777777778,0.0,1.3504333333333334,optimal
2021-02-08 19:30:00,28,6,0.0,0.1548148148148148,0.0,0.32193333333333335,optimal
2021-02-08 20:00:00,28,6,0.23913001577596374,0.5418518518518518,0.0,0.4453333333333333,optimal
2021-02-08 20:30:00,28,6,0.0,0.1548148148148148,0.0,0.4061666666666667,optimal
2021-02-08 21:00:00,28,6,0.0,0.46444444444444444,0.0,0.5675666666666668,optimal
2021-02-08 21:30:00,28,6,0.0,0.3096296296296296,0.0,0.5919,optimal
2021-02-08 22:00:00,28,6,0.0,0.3096296296296296,0.0,0.356,optimal
2021-02-08 22:30:00,28,6,0.0,0.0,0.0,0.11933333333333332,optimal
2021-02-08 23:00:00,28,6,0.0,0.0,0.0,0.074,optimal
2021-02-08 23:30:00,28,6,0.0,0.0,0.0,0.16033333333333336,optimal
2021-02-09 00:00:00,28,6,0.0,0.0,0.0,0.067,optimal
2021-02-09 00:30:00,28,6,0.0,0.0,0.0,0.08726666666666666,optimal
2021-02-09 01:00:00,28,6,0.0,0.0,0.0,0.14806666666666665,optimal
2021-02-09 01:30:00,28,6,0.6345747452010888,0.0,0.0,0.067,optimal
2021-02-09 02:00:00,28,6,1.1428571428571428,0.0,0.0,0.067,optimal
2021-02-09 02:30:00,28,6,1.1428571428571428,0.0,0.0,0.16833333333333333,optimal
2021-02-09 03:00:00,28,6,1.1428571428571428,0.0,0.0,0.067,optimal
2021-02-09 03:30:00,28,6,1.1428571428571428,0.0,0.0,0.067,optimal
2021-02-09 04:00:00,28,6,1.1428571428571428,0.0,0.0,0.10246666666666668,optimal
2021-02-09 04:30:00,28,6,1.1428571428571428,0.0,4.29634871350472,0.13286666666666666,optimal
2021-02-09 05:00:00,28,6,1.1428571428571428,0.0,5.0,0.067,optimal
2021-02-09 05:30:00,28,6,1.1428571428571428,0.0,5.0,0.11259999999999999,optimal
2021-02-09 06:00:00,28,6,1.1428571428571428,0.0,5.0,0.2577,optimal
2021-02-09 06:30:00,28,6,1.1428571428571428,0.5418518518518518,0.0,0.1028,optimal
2021-02-09 07:00:00,28,6,1.1428571428571428,2.631851851851852,0.0,0.4823,optimal
2021-02-09 07:30:00,28,6,1.1428571428571428,0.5418518518518518,0.0,1.4748666666666665,optimal
2021-02-09 08:00:00,28,6,0.6626966778510478,2.5544444444444445,0.0,0.19683333333333328,optimal
2021-02-09 08:30:00,28,6,0.7590933757271743,0.0,0.0,0.2519333333333333,optimal
2021-02-09 09:00:00,28,6,0.7253081226495152,0.0,0.0,0.09726666666666668,optimal
2021-02-09 09:30:00,28,6,0.6950729469731688,0.0,0.0,0.15806666666666666,optimal
2021-02-09 10:00:00,28,6,0.5272514468164311,0.0,0.0,0.09726666666666668,optimal
2021-02-09 10:30:00,28,6,0.5223221337528103,0.0,0.0,0.077,optimal
2021-02-09 11:00:00,28,6,0.35089086051297513,0.0,0.0,0.077,optimal
2021-02-09 11:30:00,28,6,0.3270326169478808,0.0,0.0,0.153,optimal
2021-02-09 12:00:00,28,6,0.22706043907718115,0.0,0.0,0.10233333333333332,optimal
2021-02-09 12:30:00,28,6,0.21907106359467393,0.0,0.0,0.1378,optimal
2021-02-09 13:00:00,28,6,1.1428571428571428,0.0,0.0,0.11753333333333332,optimal
2021-02-09 13:30:00,28,6,1.1428571428571428,0.0,0.0,0.12766666666666668,optimal
2021-02-09 14:00:00,28,6,1.1428571428571428,0.0,0.0,0.12766666666666668,optimal
2021-02-09 14:30:00,28,6,1.1428571428571428,0.0,0.0,0.077,optimal
2021-02-09 15:00:00,28,6,1.1428571428571428,0.0,0.0,0.17833333333333334,optimal
2021-02-09 15:30:00,28,6,1.1428571428571428,0.0,0.0,0.077,optimal
2021-02-09 16:00:00,28,6,0.0,0.0,0.0,0.14286666666666667,optimal
2021-02-09 16:30:00,28,6,0.0,0.0,0.0,0.11246666666666669,optimal
2021-02-09 17:00:00,28,6,0.0,0.0,0.0,0.077,optimal
2021-02-09 17:30:00,28,6,0.0,0.1548148148148148,0.0,0.3023,optimal
2021-02-09 18:00:00,28,6,0.0,0.0774074074074074,0.0,0.30639999999999995,optimal
2021-02-09 18:30:00,28,6,0.0,0.0,0.0,0.32866666666666666,optimal
2021-02-09 19:00:00,28,6,0.0,0.0,0.0,0.11246666666666669,optimal
2021-02-09 19:30:00,28,6,0.5415051527226936,0.0,0.0,0.14286666666666667,optimal
2021-02-09 20:00:00,28,6,0.8079941004282988,0.0,0.0,0.077,optimal
2021-02-09 20:30:00,28,6,0.0,0.0,0.0,0.077,optimal
2021-02-09 21:00:00,28,6,0.0,0.0,0.0,0.1378,optimal
2021-02-09 21:30:00,28,6,0.0,0.0,0.0,0.11753333333333332,optimal
2021-02-09 22:00:00,28,6,0.0,0.0,0.0,0.6471333333333333,optimal
2021-02-09 22:30:00,28,6,0.0,0.0,0.0,1.0292333333333332,optimal
2021-02-09 23:00:00,28,6,0.0,0.0,0.0,0.40836666666666666,optimal
2021-02-09 23:30:00,28,6,0.0,0.0,0.0,0.077,optimal
2021-02-10 00:00:00,28,6,0.0,0.0,0.0,0.054666666666666655,optimal
2021-02-10 00:30:00,28,6,0.0,0.0,0.0,2.756133333333333,optimal
2021-02-10 01:00:00,28,6,0.0,0.0,0.0,1.8156666666666668,optimal
2021-02-10 01:30:00,28,6,0.0,0.0,0.0,0.5066333333333334,optimal
2021-02-10 02:00:00,28,6,0.7994039892609834,0.0,0.0,1.1372,optimal
2021-02-10 02:30:00,28,6,1.1428571428571428,0.0,0.0,1.6840666666666666,optimal
2021-02-10 03:00:00,28,6,1.1428571428571428,0.0,0.0,0.7570333333333333,optimal
2021-02-10 03:30:00,28,6,1.1428571428571428,0.23222222222222222,0.0,3.2320333333333333,optimal
2021-02-10 04:00:00,28,6,1.1428571428571428,0.1548148148148148,0.0,1.6494000000000002,optimal
2021-02-10 04:30:00,28,6,1.1428571428571428,0.387037037037037,0.0,1.7390999999999999,optimal
2021-02-10 05:00:00,28,6,1.1428571428571428,0.0,0.0,0.064,optimal
2021-02-10 05:30:00,28,6,1.1428571428571428,0.0,0.0,0.136,optimal
2021-02-10 06:00:00,28,6,1.1428571428571428,0.3096296296296296,0.5953696564453169,0.2876666666666667,optimal
2021-02-10 06:30:00,28,6,1.1428571428571428,2.012592592592592,5.0,1.3886666666666667,optimal
2021-02-10 07:00:00,28,6,1.1428571428571428,0.1548148148148148,5.0,0.20583333333333328,optimal
2021-02-10 07:30:00,28,6,1.1428571428571428,0.23222222222222222,0.0,3.4934333333333334,optimal
2021-02-10 08:00:00,28,6,0.6742130100989568,0.23222222222222222,0.0,1.5597999999999999,optimal
2021-02-10 08:30:00,28,6,0.8040505120290219,0.0,0.0,0.2423333333333333,optimal
2021-02-10 09:00:00,28,6,0.7215512225106416,0.0,0.0,0.108,optimal
2021-02-10 09:30:00,28,6,0.5432963434883225,0.23222222222222222,0.0,2.4975666666666667,optimal
2021-02-10 10:00:00,28,6,0.34422229671622123,0.0,0.0,2.056766666666667,optimal
2021-02-10 10:30:00,28,6,0.509557089830433,0.0,0.0,0.188,optimal
2021-02-10 11:00:00,28,6,0.36621158710957485,0.0,0.0,0.23613333333333333,optimal
2021-02-10 11:30:00,28,6,0.3630589095031774,0.0,0.0,0.24159999999999998,optimal
2021-02-10 12:00:00,28,6,0.2012489411619153,0.0,0.0,0.2399,optimal
2021-02-10 12:30:00,28,6,0.18253846497144463,0.0,0.0,0.21266666666666662,optimal
2021-02-10 13:00:00,28,6,0.7327452723654057,0.0,0.0,0.07766666666666668,optimal
2021-02-10 13:30:00,28,6,1.1428571428571428,0.0,0.0,0.11416666666666668,optimal
2021-02-10 14:00:00,28,6,1.1428571428571428,0.0,0.0,0.23616666666666664,optimal
2021-02-10 14:30:00,28,6,1.1428571428571428,0.0,0.0,0.064,optimal
2021-02-10 15:00:00,28,6,1.1428571428571428,0.0,0.0,0.064,optimal
2021-02-10 15:30:00,28,6,1.1428571428571428,0.0,0.0,0.136,optimal
2021-02-10 16:00:00,28,6,0.0,0.1548148148148148,0.0,0.8894,optimal
2021-02-10 16:30:00,28,6,0.0,0.5418518518518518,0.0,0.31739999999999996,optimal
2021-02-10 17:00:00,28,6,0.0,0.1548148148148148,0.0,0.2446333333333333,optimal
2021-02-10 17:30:00,28,6,0.0,6.270000000000001,0.0,2.385,optimal
2021-02-10 18:00:00,28,6,0.0,0.46444444444444444,0.0,1.7140666666666666,optimal
2021-02-10 18:30:00,28,6,0.0,0.3096296296296296,0.0,0.9276,optimal
2021-02-10 19:00:00,28,6,0.0,0.1548148148148148,0.0,0.19163333333333332,optimal
2021-02-10 19:30:00,28,6,0.0,0.5418518518518518,0.0,0.3429,optimal
2021-02-10 20:00:00,28,6,0.0,0.46444444444444444,0.0,1.7345666666666666,optimal
2021-02-10 20:30:00,28,6,0.0,0.23222222222222222,0.0,0.9882000000000001,optimal
2021-02-10 21:00:00,28,6,0.0,0.0,0.0,0.38203333333333334,optimal
2021-02-10 21:30:00,28,6,0.0,0.1548148148148148,0.0,0.321,optimal
2021-02-10 22:00:00,28,6,0.0,0.0,0.0,0.42210000000000003,optimal
2021-02-10 22:30:00,28,6,0.0,0.0,0.0,0.2065,optimal
2021-02-10 23:00:00,28,6,0.0,0.0,0.0,0.064,optimal
2021-02-10 23:30:00,28,6,0.0,0.0,0.0,0.28633333333333333,optimal
2021-02-11 00:00:00,28,6,1.1428571428571428,0.0,0.0,0.059,optimal
2021-02-11 00:30:00,28,6,1.1428571428571428,0.0,0.0,0.059,optimal
2021-02-11 01:00:00,28,6,1.1428571428571428,0.0,0.0,0.059,optimal
2021-02-11 01:30:00,28,6,1.1428571428571428,0.0,0.0,0.059,optimal
2021-02-11 02:00:00,28,6,1.1428571428571428,0.0,0.0,0.059,optimal
2021-02-11 02:30:00,28,6,1.1428571428571428,0.0,0.0,0.059,optimal
2021-02-11 03:00:00,28,6,1.1428571428571428,0.0,0.0,0.059,optimal
2021-02-11 03:30:00,28,6,1.1428571428571428,0.0,0.0,0.064,optimal
2021-02-11 04:00:00,28,6,1.1428571428571428,0.0,0.0,0.069,optimal
2021-02-11 04:30:00,28,6,1.1428571428571428,0.0,0.0,0.069,optimal
2021-02-11 05:00:00,28,6,1.1428571428571428,0.0,0.0,0.069,optimal
2021-02-11 05:30:00,28,6,1.1428571428571428,0.0,0.0,0.069,optimal
2021-02-11 06:00:00,28,6,1.1428571428571428,0.0,0.0,0.069,optimal
2021-02-11 06:30:00,28,6,1.1428571428571428,0.0,4.097024016088809,0.069,optimal
2021-02-11 07:00:00,28,6,1.1428571428571428,5.249770370370369,5.0,0.060700000000000004,optimal
2021-02-11 07:30:00,28,6,1.1428571428571428,4.696885950823172,0.0,0.078,optimal
2021-02-11 08:00:00,28,6,0.793781707858751,0.46444444444444444,0.0,0.07763333333333335,optimal
2021-02-11 08:30:00,28,6,0.7507726290302544,0.23222222222222222,0.0,1.8009000000000002,optimal
2021-02-11 09:00:00,28,6,0.7907964027732145,0.0,0.0,0.7359,optimal
2021-02-11 09:30:00,28,6,0.7540400794105117,0.0,0.0,0.141,optimal
2021-02-11 10:00:00,28,6,0.46894977555034406,0.0,0.0,0.1646,optimal
2021-02-11 10:30:00,28,6,0.4902372697601666,0.0,0.0,0.24230000000000002,optimal
2021-02-11 11:00:00,28,6,0.35741100536873965,0.0,0.0,0.069,optimal
2021-02-11 11:30:00,28,6,0.3252516376064744,0.0,0.0,0.069,optimal
2021-02-11 12:00:00,28,6,0.1633613128918503,0.0,0.0,0.069,optimal
2021-02-11 12:30:00,28,6,0.13548986083122502,0.0,0.0,0.069,optimal
2021-02-11 13:00:00,28,6,1.1428571428571428,0.0,0.0,0.069,optimal
2021-02-11 13:30:00,28,6,1.1428571428571428,0.0,0.0,0.069,optimal
2021-02-11 14:00:00,28,6,1.1428571428571428,0.0,0.0,0.069,optimal
2021-02-11 14:30:00,28,6,1.1428571428571428,0.0,0.0,0.069,optimal
2021-02-11 15:00:00,28,6,1.1428571428571428,0.0,0.0,0.069,optimal
2021-02-11 15:30:00,28,6,1.1428571428571428,0.3096296296296296,0.0,0.067,optimal
2021-02-11 16:00:00,28,6,0.0,0.0,0.0,0.2839,optimal
2021-02-11 16:30:00,28,6,0.0,0.0,0.0,0.076,optimal
2021-02-11 17:00:00,28,6,0.0,0.9288888888888889,0.0,0.29496666666666665,optimal
2021-02-11 17:30:00,28,6,0.0,0.3096296296296296,0.0,1.8040666666666665,optimal
2021-02-11 18:00:00,28,6,0.0,0.0,0.0,0.076,optimal
2021-02-11 18:30:00,28,6,0.0,0.23222222222222222,0.0,0.0745,optimal
2021-02-11 19:00:00,28,6,0.0,0.387037037037037,0.0,0.067,optimal
2021-02-11 19:30:00,28,6,0.4385975214771579,0.6966666666666667,0.0,1.0464333333333333,optimal
2021-02-11 20:00:00,28,6,0.9362449209081025,0.6192592592592592,0.0,0.14533333333333334,optimal
2021-02-11 20:30:00,28,6,0.0,0.6966666666666667,0.0,0.5491666666666666,optimal
2021-02-11 21:00:00,28,6,0.0,0.1548148148148148,0.0,0.9281333333333333,optimal
2021-02-11 21:30:00,28,6,0.0,0.0,0.0,0.3421666666666667,optimal
2021-02-11 22:00:00,28,6,0.0,0.0,0.0,0.2584666666666666,optimal
2021-02-11 22:30:00,28,6,0.0,0.0,0.0,0.23326666666666668,optimal
2021-02-11 23:00:00,28,6,0.0,0.0,0.0,0.069,optimal
2021-02-11 23:30:00,28,6,0.0,0.0,0.0,0.06866666666666667,optimal
2021-02-12 00:00:00,28,6,1.1428571428571428,0.0,0.0,0.12226666666666668,optimal
2021-02-12 00:30:00,28,6,1.1428571428571428,0.0,0.0,0.2057333333333333,optimal
2021-02-12 01:00:00,28,6,1.1428571428571428,0.0,0.0,0.17086666666666667,optimal
2021-02-12 01:30:00,28,6,1.1428571428571428,0.0,0.0,0.1814,optimal
2021-02-12 02:00:00,28,6,1.1428571428571428,0.0,0.0,0.27446666666666664,optimal
2021-02-12 02:30:00,28,6,1.1428571428571428,0.0,0.0,0.1328,optimal
2021-02-12 03:00:00,28,6,1.1428571428571428,0.0,0.0,0.29753333333333337,optimal
2021-02-12 03:30:00,28,6,1.1428571428571428,0.0,0.0,0.07853333333333333,optimal
2021-02-12 04:00:00,28,6,1.1428571428571428,0.0,0.0,0.1328,optimal
2021-02-12 04:30:00,28,6,1.1428571428571428,0.0,0.0,0.15613333333333332,optimal
2021-02-12 05:00:00,28,6,1.1428571428571428,0.0,0.0,0.19293333333333332,optimal
2021-02-12 05:30:00,28,6,1.1428571428571428,0.0,0.0,0.21136666666666667,optimal
2021-02-12 06:00:00,28,6,1.1428571428571428,0.0,2.5099968884445527,0.1635,optimal
2021-02-12 06:30:00,28,6,1.1428571428571428,0.0,5.0,0.218,optimal
2021-02-12 07:00:00,28,6,1.1428571428571428,2.5544444444444445,5.0,0.6945333333333333,optimal
2021-02-12 07:30:00,28,6,1.1428571428571428,4.783646513409356,0.0,2.2748666666666666,optimal
2021-02-12 08:00:00,28,6,0.6792805058021815,0.0774074074074074,0.0,1.2311666666666667,optimal
2021-02-12 08:30:00,28,6,0.9986030038721162,0.0,0.0,0.09290000000000001,optimal
2021-02-12 09:00:00,28,6,0.7762741751361242,0.42883703703703696,0.0,0.30989999999999995,optimal
2021-02-12 09:30:00,28,6,0.6688066963668116,0.035607407407407414,0.0,0.3372,optimal
2021-02-12 10:00:00,28,6,0.4856764529976776,0.0,0.0,0.0854,optimal
2021-02-12 10:30:00,28,6,0.42333431400066307,0.0,0.0,0.24356666666666663,optimal
2021-02-12 11:00:00,28,6,0.2763670802943738,0.0,0.0,0.1151,optimal
2021-02-12 11:30:00,28,6,0.26419455101498474,0.0,0.0,0.1502,optimal
2021-02-12 12:00:00,28,6,0.016979062906898584,0.0,0.0,1.3466,optimal
2021-02-12 12:30:00,28,6,0.0033551050560838604,0.1548148148148148,0.0,1.5798666666666665,optimal
2021-02-12 13:00:00,28,6,0.09422276070348337,0.0,0.0,0.5054,optimal
2021-02-12 13:30:00,28,6,0.40801665945408183,0.0,0.0,0.3818666666666667,optimal
2021-02-12 14:00:00,28,6,1.1428571428571428,0.1548148148148148,0.0,0.4600666666666667,optimal
2021-02-12 14:30:00,28,6,1.1428571428571428,0.3096296296296296,0.0,0.6363333333333334,optimal
2021-02-12 15:00:00,28,6,1.1428571428571428,0.0,0.0,0.319,optimal
2021-02-12 15:30:00,28,6,1.1428571428571428,0.0,0.0,0.3553,optimal
2021-02-12 16:00:00,28,6,0.0,2.012592592592592,0.0,0.548,optimal
2021-02-12 16:30:00,28,6,0.0,0.5418518518518518,0.0,1.3557000000000001,optimal
2021-02-12 17:00:00,28,6,0.0,0.1548148148148148,0.0,0.5561666666666666,optimal
2021-02-12 17:30:00,28,6,0.0,0.0774074074074074,0.0,0.2887,optimal
2021-02-12 18:00:00,28,6,0.0,0.23222222222222222,0.0,0.4712,optimal
2021-02-12 18:30:00,28,6,0.0,0.23222222222222222,0.0,0.6997666666666666,optimal
2021-02-12 19:00:00,28,6,0.0,2.3222222222222215,0.0,0.4575666666666667,optimal
2021-02-12 19:30:00,28,6,0.0,0.387037037037037,0.0,0.5907333333333333,optimal
2021-02-12 20:00:00,28,6,0.0,0.0,0.0,0.3738,optimal
2021-02-12 20:30:00,28,6,0.0,0.3096296296296296,0.0,0.43089999999999995,optimal
2021-02-12 21:00:00,28,6,0.0,0.0774074074074074,0.0,0.5256666666666666,optimal
2021-02-12 21:30:00,28,6,0.0,0.0,0.0,0.36006666666666665,optimal
2021-02-12 22:00:00,28,6,0.0,0.3096296296296296,0.0,0.3930666666666667,optimal
2021-02-12 22:30:00,28,6,0.0,0.0,0.0,0.15380000000000002,optimal
2021-02-12 23:00:00,28,6,0.0,0.0,0.0,0.3415666666666667,optimal
2021-02-12 23:30:00,28,6,0.0,0.0,0.0,0.1635,optimal
2021-02-13 00:00:00,28,6,0.0,0.0,0.0,0.052,optimal
2021-02-13 00:30:00,28,6,0.0,0.0,0.0,0.121,optimal
2021-02-13 01:00:00,28,6,0.0,0.0,0.0,0.19686666666666666,optimal
2021-02-13 01:30:00,28,6,0.8876335696111585,0.0,0.0,0.10473333333333332,optimal
2021-02-13 02:00:00,28,6,1.1428571428571428,0.0,0.0,0.19026666666666667,optimal
2021-02-13 02:30:00,28,6,1.1428571428571428,0.0,0.0,0.052,optimal
2021-02-13 03:00:00,28,6,1.1428571428571428,0.0,0.0,0.3802,optimal
2021-02-13 03:30:00,28,6,1.1428571428571428,0.0,0.0,0.052,optimal
2021-02-13 04:00:00,28,6,1.1428571428571428,0.0,0.0,0.07813333333333335,optimal
2021-02-13 04:30:00,28,6,1.1428571428571428,0.0,0.0,0.20026666666666668,optimal
2021-02-13 05:00:00,28,6,1.1428571428571428,0.23222222222222222,2.8572113371156225,0.306,optimal
2021-02-13 05:30:00,28,6,1.1428571428571428,0.0,5.0,0.3241,optimal
2021-02-13 06:00:00,28,6,1.1428571428571428,0.0774074074074074,5.0,1.3656666666666668,optimal
2021-02-13 06:30:00,28,6,1.1428571428571428,0.6966666666666667,5.0,0.43839999999999996,optimal
2021-02-13 07:00:00,28,6,1.1428571428571428,0.0,5.0,0.19466666666666663,optimal
2021-02-13 07:30:00,28,6,1.1428571428571428,4.257407407407407,0.0,1.2010999999999998,optimal
2021-02-13 08:00:00,28,6,0.6255149942136713,0.0774074074074074,0.0,1.3335333333333332,optimal
2021-02-13 08:30:00,28,6,0.6563786554104737,0.23222222222222222,0.0,1.2540333333333333,optimal
2021-02-13 09:00:00,28,6,0.5594011331076579,0.5418518518518518,0.0,0.25689999999999996,optimal
2021-02-13 09:30:00,28,6,0.5518622962345227,0.46444444444444444,0.0,0.2079333333333333,optimal
2021-02-13 10:00:00,28,6,0.3169949527288813,0.0,0.0,0.2668333333333333,optimal
2021-02-13 10:30:00,28,6,0.08959385202092184,0.1548148148148148,0.0,1.7387666666666668,optimal
2021-02-13 11:00:00,28,6,0.0,0.1548148148148148,0.0,1.7758,optimal
2021-02-13 11:30:00,28,6,0.0,0.0,0.0,1.5651333333333335,optimal
2021-02-13 12:00:00,28,6,0.0,0.3096296296296296,0.0,0.6909,optimal
2021-02-13 12:30:00,28,6,0.0,0.0,0.0,1.4062999999999999,optimal
2021-02-13 13:00:00,28,6,0.0,0.0774074074074074,0.0,1.3716333333333335,optimal
2021-02-13 13:30:00,28,6,0.5925520136437779,0.8514814814814814,0.0,1.5065,optimal
2021-02-13 14:00:00,28,6,1.1428571428571428,0.0,0.0,0.9958666666666668,optimal
2021-02-13 14:30:00,28,6,1.1428571428571428,0.0774074074074074,0.0,0.6745333333333333,optimal
2021-02-13 15:00:00,28,6,1.1428571428571428,0.0774074074074074,0.0,0.21230000000000002,optimal
2021-02-13 15:30:00,28,6,1.1428571428571428,0.1548148148148148,0.0,2.0766,optimal
2021-02-13 16:00:00,28,6,0.0,0.0,0.0,0.35646666666666665,optimal
2021-02-13 16:30:00,28,6,0.0,0.23222222222222222,0.0,0.5941333333333333,optimal
2021-02-13 17:00:00,28,6,0.0,1.0837037037037036,0.0,0.344,optimal
2021-02-13 17:30:00,28,6,0.0,0.387037037037037,0.0,0.48369999999999996,optimal
2021-02-13 18:00:00,28,6,0.0,0.0,0.0,0.3476,optimal
2021-02-13 18:30:00,28,6,0.0,2.012592592592592,0.0,0.2292333333333333,optimal
2021-02-13 19:00:00,28,6,0.0,0.6192592592592592,0.0,0.33226666666666665,optimal
2021-02-13 19:30:00,28,6,0.0,0.23222222222222222,0.0,0.26766666666666666,optimal
2021-02-13 20:00:00,28,6,0.0,0.0774074074074074,0.0,0.6211666666666666,optimal
2021-02-13 20:30:00,28,6,0.0,0.0,0.0,0.32080000000000003,optimal
2021-02-13 21:00:00,28,6,0.0,0.0,0.0,0.2541333333333333,optimal
2021-02-13 21:30:00,28,6,0.0,0.0774074074074074,0.0,0.5226666666666666,optimal
2021-02-13 22:00:00,28,6,0.0,0.387037037037037,0.0,0.32,optimal
2021-02-13 22:30:00,28,6,0.0,0.3096296296296296,0.0,0.5811666666666666,optimal
2021-02-13 23:00:00,28,6,0.0,0.0,0.0,0.6856,optimal
2021-02-13 23:30:00,28,6,0.0,0.0,0.0,0.19453333333333334,optimal
2021-02-07 00:00:00,29,6,0.0,0.0,0.0,0.059,optimal
2021-02-07 00:30:00,29,6,0.0,0.0,0.0,0.11313333333333334,optimal
2021-02-07 01:00:00,29,6,0.0,0.0,0.0,0.1174,optimal
2021-02-07 01:30:00,29,6,0.0,0.0,0.0,0.1856,optimal
2021-02-07 02:00:00,29,6,0.0,0.0,0.0,0.14759999999999998,optimal
2021-02-07 02:30:00,29,6,0.0,0.0,0.0,0.10193333333333333,optimal
2021-02-07 03:00:00,29,6,0.0,0.0,0.0,0.2434,optimal
2021-02-07 03:30:00,29,6,0.0,0.0,0.0,0.08979999999999999,optimal
2021-02-07 04:00:00,29,6,1.1428571428571428,0.0,0.0,0.18353333333333333,optimal
2021-02-07 04:30:00,29,6,1.1428571428571428,0.0,0.0,0.08993333333333334,optimal
2021-02-07 05:00:00,29,6,1.1428571428571428,0.0,0.0,0.19646666666666668,optimal
2021-02-07 05:30:00,29,6,1.1428571428571428,0.0,0.0,0.17966666666666667,optimal
2021-02-07 06:00:00,29,6,1.1428571428571428,0.0,0.0,0.06866666666666667,optimal
2021-02-07 06:30:00,29,6,1.1428571428571428,0.0,0.0,0.05966666666666666,optimal
2021-02-07 07:00:00,29,6,1.1428571428571428,2.012592592592592,1.7076336144509696,0.3184666666666666,optimal
2021-02-07 07:30:00,29,6,0.0,4.257407407407407,0.0,2.882,optimal
2021-02-07 08:00:00,29,6,0.0,1.006296296296296,0.0,0.2412333333333333,optimal
2021-02-07 08:30:00,29,6,0.3483052360055747,0.5062444444444444,0.0,0.27876666666666666,optimal
2021-02-07 09:00:00,29,6,0.6042434431991739,0.2678296296296296,0.0,0.5760333333333333,optimal
2021-02-07 09:30:00,29,6,0.6797242472531181,0.0,0.0,0.2014,optimal
2021-02-07 10:00:00,29,6,0.6059062996027351,0.0,0.0,0.19473333333333329,optimal
2021-02-07 10:30:00,29,6,0.4683808819710402,0.23222222222222222,0.0,1.8792,optimal
2021-02-07 11:00:00,29,6,0.3399793201346812,2.5544444444444445,0.0,0.2688666666666667,optimal
2021-02-07 11:30:00,29,6,0.2367507487061027,0.387037037037037,0.0,2.4351666666666665,optimal
2021-02-07 12:00:00,29,6,0.12824846486816358,0.23222222222222222,0.0,4.127966666666667,optimal
2021-02-07 12:30:00,29,6,0.25972275058244915,0.0,0.0,1.7296666666666667,optimal
2021-02-07 13:00:00,29,6,0.3346180903635376,0.0774074074074074,0.0,0.36960000000000004,optimal
2021-02-07 13:30:00,29,6,0.8701567305791192,0.0774074074074074,0.0,0.3874333333333333,optimal
2021-02-07 14:00:00,29,6,1.1428571428571428,0.0,0.0,0.38276666666666664,optimal
2021-02-07 14:30:00,29,6,1.1428571428571428,0.0,0.0,0.26553333333333334,optimal
2021-02-07 15:00:00,29,6,1.1428571428571428,0.387037037037037,0.0,0.6066333333333334,optimal
2021-02-07 15:30:00,29,6,1.1428571428571428,0.0,0.0,0.5047333333333334,optimal
2021-02-07 16:00:00,29,6,0.0,0.5418518518518518,0.0,2.633766666666667,optimal
2021-02-07 16:30:00,29,6,0.0,0.1548148148148148,0.0,0.42956666666666665,optimal
2021-02-07 17:00:00,29,6,0.0,0.46444444444444444,0.0,0.3423,optimal
2021-02-07 17:30:00,29,6,0.0,0.1548148148148148,0.0,1.5146666666666668,optimal
2021-02-07 18:00:00,29,6,0.0,2.3222222222222215,0.0,2.3061,optimal
2021-02-07 18:30:00,29,6,0.0,0.0,0.0,0.18973333333333328,optimal
2021-02-07 19:00:00,29,6,0.0,0.0,0.0,0.3763,optimal
2021-02-07 19:30:00,29,6,0.0,0.0,0.0,1.0101,optimal
2021-02-07 20:00:00,29,6,0.0,0.0,0.0,1.739,optimal
2021-02-07 20:30:00,29,6,0.0,0.0,0.0,0.32776666666666665,optimal
2021-02-07 21:00:00,29,6,0.0,0.0,0.0,0.3161666666666667,optimal
2021-02-07 21:30:00,29,6,0.0,0.0,0.0,2.4,optimal
2021-02-07 22:00:00,29,6,0.0,0.0,0.0,0.17156666666666667,optimal
2021-02-07 22:30:00,29,6,0.0,0.23222222222222222,0.0,0.3402333333333333,optimal
2021-02-07 23:00:00,29,6,0.0,0.0,0.0,0.3352,optimal
2021-02-07 23:30:00,29,6,0.0,0.0,0.0,0.15253333333333333,optimal
2021-02-08 00:00:00,29,6,0.0,0.0,0.0,0.053,optimal
2021-02-08 00:30:00,29,6,0.0,0.0,0.0,0.063,optimal
2021-02-08 01:00:00,29,6,0.0,0.0,0.0,0.14233333333333334,optimal
2021-02-08 01:30:00,29,6,0.6178817272497168,0.0,0.0,0.046,optimal
2021-02-08 02:00:00,29,6,1.1428571428571428,0.0,0.0,0.046,optimal
2021-02-08 02:30:00,29,6,1.1428571428571428,0.0,0.0,0.08566666666666667,optimal
2021-02-08 03:00:00,29,6,1.1428571428571428,0.0,0.0,0.11966666666666669,optimal
2021-02-08 03:30:00,29,6,1.1428571428571428,0.0,0.0,0.046,optimal
2021-02-08 04:00:00,29,6,1.1428571428571428,0.0,0.0,0.10266666666666668,optimal
2021-02-08 04:30:00,29,6,1.1428571428571428,0.0,0.0,0.10266666666666668,optimal
2021-02-08 05:00:00,29,6,1.1428571428571428,0.0,4.042375724132991,0.046,optimal
2021-02-08 05:30:00,29,6,1.1428571428571428,0.0,5.0,0.046,optimal
2021-02-08 06:00:00,29,6,1.1428571428571428,2.4770370370370367,5.0,0.3716333333333333,optimal
2021-02-08 06:30:00,29,6,1.1428571428571428,2.4600074074074074,5.0,0.050333333333333334,optimal
2021-02-08 07:00:00,29,6,1.1428571428571428,0.017029629629629645,5.0,0.1346,optimal
2021-02-08 07:30:00,29,6,1.1428571428571428,2.3222222222222215,0.0,0.11333333333333331,optimal
2021-02-08 08:00:00,29,6,0.6490244841553796,0.0,0.0,1.1502333333333332,optimal
2021-02-08 08:30:00,29,6,0.6276647808093981,0.5418518518518518,0.0,1.2681666666666667,optimal
2021-02-08 09:00:00,29,6,0.5464956923888104,0.1548148148148148,0.0,0.17426666666666668,optimal
2021-02-08 09:30:00,29,6,0.5720923902649304,0.0774074074074074,0.0,0.145,optimal
2021-02-08 10:00:00,29,6,0.46664654543745293,0.0,0.0,0.068,optimal
2021-02-08 10:30:00,29,6,0.5382212761327706,0.0,0.0,0.08266666666666667,optimal
2021-02-08 11:00:00,29,6,0.3641026458274156,0.0,0.0,0.14666666666666667,optimal
2021-02-08 11:30:00,29,6,0.3857194920305382,0.0,0.0,0.056,optimal
2021-02-08 12:00:00,29,6,0.2867650853665854,0.1548148148148148,0.0,0.0688,optimal
2021-02-08 12:30:00,29,6,0.12916068253474094,0.0,0.0,0.32339999999999997,optimal
2021-02-08 13:00:00,29,6,0.32268569171950257,0.23222222222222222,0.0,1.22,optimal
2021-02-08 13:30:00,29,6,1.1428571428571428,0.1548148148148148,0.0,0.3101666666666667,optimal
2021-02-08 14:00:00,29,6,1.1428571428571428,0.0,0.0,0.483,optimal
2021-02-08 14:30:00,29,6,1.1428571428571428,0.1548148148148148,0.0,0.07,optimal
2021-02-08 15:00:00,29,6,1.1428571428571428,0.0,0.0,0.1716,optimal
2021-02-08 15:30:00,29,6,1.1428571428571428,0.23222222222222222,0.0,0.054,optimal
2021-02-08 16:00:00,29,6,0.0,0.0,0.0,0.16733333333333333,optimal
2021-02-08 16:30:00,29,6,0.0,0.0,0.0,0.06786666666666666,optimal
2021-02-08 17:00:00,29,6,0.0,0.0,0.0,0.07,optimal
2021-02-08 17:30:00,29,6,0.0,0.23222222222222222,0.0,0.2495,optimal
2021-02-08 18:00:00,29,6,0.0,0.0,0.0,0.3098666666666667,optimal
2021-02-08 18:30:00,29,6,0.0,0.1548148148148148,0.0,0.3073333333333333,optimal
2021-02-08 19:00:00,29,6,0.0,0.0774074074074074,0.0,0.1823333333333333,optimal
2021-02-08 19:30:00,29,6,0.0,0.1548148148148148,0.0,0.2172666666666667,optimal
2021-02-08 20:00:00,29,6,0.0,0.0,0.0,0.08433333333333333,optimal
2021-02-08 20:30:00,29,6,0.0,0.0,0.0,0.13533333333333333,optimal
2021-02-08 21:00:00,29,6,0.0,0.0,0.0,0.09,optimal
2021-02-08 21:30:00,29,6,0.0,0.0,0.0,0.056,optimal
2021-02-08 22:00:00,29,6,0.0,0.3096296296296296,0.0,0.11966666666666669,optimal
2021-02-08 22:30:00,29,6,0.0,2.5544444444444445,0.0,0.12566666666666668,optimal
2021-02-08 23:00:00,29,6,0.0,0.3096296296296296,0.0,0.09173333333333332,optimal
2021-02-08 23:30:00,29,6,0.0,0.0,0.0,0.5026333333333334,optimal
2021-02-09 00:00:00,29,6,0.0,0.0,0.0,0.062,optimal
2021-02-09 00:30:00,29,6,0.0,0.0,0.0,0.11333333333333331,optimal
2021-02-09 01:00:00,29,6,0.0,0.0,0.0,0.249,optimal
2021-02-09 01:30:00,29,6,1.1367448961289768,0.0,0.0,0.062,optimal
2021-02-09 02:00:00,29,6,1.1428571428571428,0.0,0.0,0.2818333333333333,optimal
2021-02-09 02:30:00,29,6,1.1428571428571428,0.0,0.0,0.0805,optimal
2021-02-09 03:00:00,29,6,1.1428571428571428,0.0,0.0,0.062,optimal
2021-02-09 03:30:00,29,6,1.1428571428571428,0.0,0.0,0.30033333333333334,optimal
2021-02-09 04:00:00,29,6,1.1428571428571428,0.0,0.0,0.062,optimal
2021-02-09 04:30:00,29,6,1.1428571428571428,0.0,0.0,0.14216666666666666,optimal
2021-02-09 05:00:00,29,6,1.1428571428571428,0.0,0.0,0.22016666666666662,optimal
2021-02-09 05:30:00,29,6,1.1428571428571428,0.0,0.0,0.09283333333333331,optimal
2021-02-09 06:00:00,29,6,1.1428571428571428,0.0,3.3946143396587565,0.2585,optimal
2021-02-09 06:30:00,29,6,1.1428571428571428,0.0,5.0,1.0872,optimal
2021-02-09 07:00:00,29,6,1.1428571428571428,0.6192592592592592,5.0,0.36956666666666665,optimal
2021-02-09 07:30:00,29,6,1.1428571428571428,5.341111111111111,0.0,0.20766666666666664,optimal
2021-02-09 08:00:00,29,6,0.5744300111843887,0.0,0.0,0.3689333333333333,optimal
2021-02-09 08:30:00,29,6,0.7203600423938408,0.0,0.0,0.26126666666666665,optimal
2021-02-09 09:00:00,29,6,0.7237462178876054,0.0,0.0,0.10283333333333332,optimal
2021-02-09 09:30:00,29,6,0.6876443755446056,0.0,0.0,0.18416666666666662,optimal
2021-02-09 10:00:00,29,6,0.5072609706259467,0.0,0.0,0.16733333333333333,optimal
2021-02-09 10:30:00,29,6,0.5237792766099622,0.0,0.0,0.072,optimal
2021-02-09 11:00:00,29,6,0.2842527652748844,0.0,0.0,0.3103333333333333,optimal
2021-02-09 11:30:00,29,6,0.3502040455193069,0.0,0.0,0.072,optimal
2021-02-09 12:00:00,29,6,0.23575567717242046,0.0,0.0,0.072,optimal
2021-02-09 12:30:00,29,6,0.20856630168990403,0.0,0.0,0.17466666666666666,optimal
2021-02-09 13:00:00,29,6,0.12624039362459388,0.0,0.0,0.2188333333333333,optimal
2021-02-09 13:30:00,29,6,0.09302244671350932,0.0,0.0,0.12833333333333335,optimal
2021-02-09 14:00:00,29,6,0.06689157880964586,0.0774074074074074,0.0,0.44889999999999997,optimal
2021-02-09 14:30:00,29,6,1.1428571428571428,0.1548148148148148,0.0,0.2058,optimal
2021-02-09 15:00:00,29,6,1.1428571428571428,0.23222222222222222,0.0,0.31039999999999995,optimal
2021-02-09 15:30:00,29,6,1.1428571428571428,0.0,0.0,2.475033333333333,optimal
2021-02-09 16:00:00,29,6,0.0,0.46444444444444444,0.0,1.2651,optimal
2021-02-09 16:30:00,29,6,0.0,0.23222222222222222,0.0,0.4151,optimal
2021-02-09 17:00:00,29,6,0.0,0.1548148148148148,0.0,1.9003333333333332,optimal
2021-02-09 17:30:00,29,6,0.0,0.23222222222222222,0.0,0.40373333333333333,optimal
2021-02-09 18:00:00,29,6,0.0,0.3096296296296296,0.0,0.33253333333333335,optimal
2021-02-09 18:30:00,29,6,0.0,0.1548148148148148,0.0,0.5153333333333334,optimal
2021-02-09 19:00:00,29,6,0.0,0.387037037037037,0.0,0.48483333333333334,optimal
2021-02-09 19:30:00,29,6,0.0,0.5418518518518518,0.0,0.47383333333333333,optimal
2021-02-09 20:00:00,29,6,0.0,0.6966666666666667,0.0,0.503,optimal
2021-02-09 20:30:00,29,6,0.0,0.0,0.0,1.2470333333333332,optimal
2021-02-09 21:00:00,29,6,0.0,0.0,0.0,0.4914666666666666,optimal
2021-02-09 21:30:00,29,6,0.0,0.0,0.0,0.1766,optimal
2021-02-09 22:00:00,29,6,0.0,0.0,0.0,0.17466666666666666,optimal
2021-02-09 22:30:00,29,6,0.0,0.0,0.0,0.19533333333333328,optimal
2021-02-09 23:00:00,29,6,0.0,0.0,0.0,0.08433333333333333,optimal
2021-02-09 23:30:00,29,6,0.0,0.0,0.0,0.07933333333333333,optimal
2021-02-10 00:00:00,29,6,0.0,0.0,0.0,0.149,optimal
2021-02-10 00:30:00,29,6,0.0,0.0,0.0,0.11320000000000001,optimal
2021-02-10 01:00:00,29,6,0.30048523430012164,0.0,0.0,0.2089333333333333,optimal
2021-02-10 01:30:00,29,6,1.1428571428571428,0.0,0.0,0.1807333333333333,optimal
2021-02-10 02:00:00,29,6,1.1428571428571428,0.0,0.0,0.08446666666666666,optimal
2021-02-10 02:30:00,29,6,1.1428571428571428,0.0,0.0,0.28646666666666665,optimal
2021-02-10 03:00:00,29,6,1.1428571428571428,0.0,0.0,0.10846666666666668,optimal
2021-02-10 03:30:00,29,6,1.1428571428571428,0.0,0.0,0.2084,optimal
2021-02-10 04:00:00,29,6,1.1428571428571428,0.0,0.0,0.19306666666666664,optimal
2021-02-10 04:30:00,29,6,1.1428571428571428,0.0,0.0,0.18353333333333333,optimal
2021-02-10 05:00:00,29,6,1.1428571428571428,0.0,0.0,0.08386666666666666,optimal
2021-02-10 05:30:00,29,6,1.1428571428571428,0.0,0.0,0.17053333333333334,optimal
2021-02-10 06:00:00,29,6,1.1428571428571428,0.0,1.449843330038663,0.21913333333333332,optimal
2021-02-10 06:30:00,29,6,1.1428571428571428,0.0,5.0,0.16086666666666669,optimal
2021-02-10 07:00:00,29,6,1.1428571428571428,0.0,5.0,0.20333333333333328,optimal
2021-02-10 07:30:00,29,6,1.1428571428571428,0.0,0.0,0.123,optimal
2021-02-10 08:00:00,29,6,0.7455882481941961,0.0,0.0,0.2226,optimal
2021-02-10 08:30:00,29,6,0.7415838453623557,0.0,0.0,0.19826666666666667,optimal
2021-02-10 09:00:00,29,6,0.6123988415582533,0.0,0.0,0.22733333333333328,optimal
2021-02-10 09:30:00,29,6,0.6411182482502187,0.0,0.0,0.1028,optimal
2021-02-10 10:00:00,29,6,0.23871277290670054,0.23222222222222222,0.0,1.9993666666666663,optimal
2021-02-10 10:30:00,29,6,0.22373804221138405,0.0,0.0,1.1102,optimal
2021-02-10 11:00:00,29,6,0.012152539490523867,0.0,0.0,1.5516666666666667,optimal
2021-02-10 11:30:00,29,6,0.1944836714079393,0.0,0.0,0.40343333333333325,optimal
2021-02-10 12:00:00,29,6,0.08245275068572648,0.0,0.0,0.21126666666666669,optimal
2021-02-10 12:30:00,29,6,0.05869560782858713,0.6192592592592592,0.0,1.1439666666666668,optimal
2021-02-10 13:00:00,29,6,0.0,0.387037037037037,0.0,2.6141666666666663,optimal
2021-02-10 13:30:00,29,6,0.0,0.3096296296296296,0.0,3.0804666666666667,optimal
2021-02-10 14:00:00,29,6,0.06084817234507848,0.1548148148148148,0.0,1.8962,optimal
2021-02-10 14:30:00,29,6,1.1428571428571428,0.0,0.0,2.4170666666666665,optimal
2021-02-10 15:00:00,29,6,1.1428571428571428,0.0,0.0,0.5002666666666666,optimal
2021-02-10 15:30:00,29,6,1.1428571428571428,0.23222222222222222,0.0,0.6570333333333334,optimal
2021-02-10 16:00:00,29,6,0.0,0.387037037037037,0.0,1.9644333333333328,optimal
2021-02-10 16:30:00,29,6,0.0,0.0,0.0,0.32713333333333333,optimal
2021-02-10 17:00:00,29,6,0.0,0.387037037037037,0.0,0.40093333333333325,optimal
2021-02-10 17:30:00,29,6,0.0,0.0,0.0,0.1863333333333333,optimal
2021-02-10 18:00:00,29,6,0.0,0.46444444444444444,0.0,2.4463666666666666,optimal
2021-02-10 18:30:00,29,6,0.0,0.5418518518518518,0.0,0.187,optimal
2021-02-10 19:00:00,29,6,0.0,0.0,0.0,2.686533333333333,optimal
2021-02-10 19:30:00,29,6,0.0,2.1674074074074072,0.0,2.668266666666667,optimal
2021-02-10 20:00:00,29,6,0.0,0.0,0.0,1.099233333333333,optimal
2021-02-10 20:30:00,29,6,0.0,0.1548148148148148,0.0,0.6525666666666667,optimal
2021-02-10 21:00:00,29,6,0.0,0.23222222222222222,0.0,0.8598,optimal
2021-02-10 21:30:00,29,6,0.0,0.0,0.0,1.9266666666666667,optimal
2021-02-10 22:00:00,29,6,0.0,0.0,0.0,0.2938,optimal
2021-02-10 22:30:00,29,6,0.0,0.0,0.0,0.13219999999999998,optimal
2021-02-10 23:00:00,29,6,0.0,0.0,0.0,0.1298,optimal
2021-02-10 23:30:00,29,6,0.0,0.0,0.0,0.10673333333333332,optimal
2021-02-11 00:00:00,29,6,1.1428571428571428,0.0,0.0,0.059,optimal
2021-02-11 00:30:00,29,6,1.1428571428571428,0.0,0.0,0.059,optimal
2021-02-11 01:00:00,29,6,1.1428571428571428,0.0,0.0,0.059,optimal
2021-02-11 01:30:00,29,6,1.1428571428571428,0.0,0.0,0.2122666666666667,optimal
2021-02-11 02:00:00,29,6,1.1428571428571428,0.0,0.0,0.10033333333333332,optimal
2021-02-11 02:30:00,29,6,1.1428571428571428,0.0,0.0,0.14083333333333334,optimal
2021-02-11 03:00:00,29,6,1.1428571428571428,0.0,0.0,0.2007,optimal
2021-02-11 03:30:00,29,6,1.1428571428571428,0.0,0.0,0.09620000000000001,optimal
2021-02-11 04:00:00,29,6,1.1428571428571428,0.0,0.0,0.27426666666666666,optimal
2021-02-11 04:30:00,29,6,1.1428571428571428,0.0,0.0,0.0714,optimal
2021-02-11 05:00:00,29,6,1.1428571428571428,0.0,0.793613721836999,0.11473333333333333,optimal
2021-02-11 05:30:00,29,6,1.1428571428571428,0.0,5.0,0.2144,optimal
2021-02-11 06:00:00,29,6,1.1428571428571428,0.0,5.0,0.07553333333333333,optimal
2021-02-11 06:30:00,29,6,1.1428571428571428,0.0,5.0,0.2122666666666667,optimal
2021-02-11 07:00:00,29,6,1.1428571428571428,0.46444444444444444,5.0,0.13273333333333331,optimal
2021-02-11 07:30:00,29,6,1.1428571428571428,2.0366944679429886,0.0,0.1834,optimal
2021-02-11 08:00:00,29,6,0.6602293269063647,4.294562962962962,0.0,0.2596666666666667,optimal
2021-02-11 08:30:00,29,6,0.9519754861731002,0.0,0.0,0.069,optimal
2021-02-11 09:00:00,29,6,0.8074192599160642,0.0,0.0,0.1434,optimal
2021-02-11 09:30:00,29,6,0.6625924603628877,0.0,0.0,0.2413333333333333,optimal
2021-02-11 10:00:00,29,6,0.4310316803122526,0.0,0.0,0.22003333333333333,optimal
2021-02-11 10:30:00,29,6,0.4999115554744481,0.0,0.0,0.069,optimal
2021-02-11 11:00:00,29,6,0.29213481489255133,0.0,0.0,0.2966666666666667,optimal
2021-02-11 11:30:00,29,6,0.3250230661778942,0.0,0.0,0.069,optimal
2021-02-11 12:00:00,29,6,0.1571613128918587,0.0,0.0,0.08990000000000001,optimal
2021-02-11 12:30:00,29,6,0.07618509892645974,0.0,0.0,0.27576666666666666,optimal
2021-02-11 13:00:00,29,6,1.1428571428571428,0.0,0.0,0.069,optimal
2021-02-11 13:30:00,29,6,1.1428571428571428,0.0,0.0,0.22226666666666667,optimal
2021-02-11 14:00:00,29,6,1.1428571428571428,0.3096296296296296,0.0,0.28833333333333333,optimal
2021-02-11 14:30:00,29,6,1.1428571428571428,0.0,0.0,0.31356666666666666,optimal
2021-02-11 15:00:00,29,6,1.1428571428571428,0.1548148148148148,0.0,1.6475,optimal
2021-02-11 15:30:00,29,6,1.1428571428571428,0.1548148148148148,0.0,0.5820666666666667,optimal
2021-02-11 16:00:00,29,6,0.0,0.0774074074074074,0.0,0.47243333333333326,optimal
2021-02-11 16:30:00,29,6,0.0,0.23222222222222222,0.0,0.3334,optimal
2021-02-11 17:00:00,29,6,0.0,0.23222222222222222,0.0,0.3494333333333333,optimal
2021-02-11 17:30:00,29,6,0.0,0.1548148148148148,0.0,0.4469333333333333,optimal
2021-02-11 18:00:00,29,6,0.0,0.0,0.0,0.3753666666666667,optimal
2021-02-11 18:30:00,29,6,0.0,1.9351851851851851,0.0,0.26839999999999997,optimal
2021-02-11 19:00:00,29,6,0.0,0.23222222222222222,0.0,0.3738333333333333,optimal
2021-02-11 19:30:00,29,6,0.0,0.0,0.0,0.16773333333333332,optimal
2021-02-11 20:00:00,29,6,0.22206562698410176,0.1548148148148148,0.0,0.2267333333333333,optimal
2021-02-11 20:30:00,29,6,0.0,0.1548148148148148,0.0,0.44726666666666665,optimal
2021-02-11 21:00:00,29,6,0.0,5.031481481481482,0.0,0.39626666666666666,optimal
2021-02-11 21:30:00,29,6,0.0,0.0,0.0,0.26389999999999997,optimal
2021-02-11 22:00:00,29,6,0.0,0.23222222222222222,0.0,0.22393333333333332,optimal
2021-02-11 22:30:00,29,6,0.0,0.6192592592592592,0.0,2.4875333333333334,optimal
2021-02-11 23:00:00,29,6,0.0,5.960370370370371,0.0,0.1933,optimal
2021-02-11 23:30:00,29,6,0.0,0.0,0.0,0.24059999999999998,optimal
2021-02-12 00:00:00,29,6,1.1428571428571428,0.3096296296296296,0.0,0.5288333333333334,optimal
2021-02-12 00:30:00,29,6,1.1428571428571428,0.0,0.0,0.1849,optimal
2021-02-12 01:00:00,29,6,1.1428571428571428,0.0,0.0,0.060233333333333326,optimal
2021-02-12 01:30:00,29,6,1.1428571428571428,0.0,0.0,0.12256666666666666,optimal
2021-02-12 02:00:00,29,6,1.1428571428571428,0.0,0.0,0.12256666666666666,optimal
2021-02-12 02:30:00,29,6,1.1428571428571428,0.0,0.0,0.054,optimal
2021-02-12 03:00:00,29,6,1.1428571428571428,0.0,0.0,0.19113333333333332,optimal
2021-02-12 03:30:00,29,6,1.1428571428571428,0.0,0.0,0.054,optimal
2021-02-12 04:00:00,29,6,1.1428571428571428,0.0,0.0,0.054,optimal
2021-02-12 04:30:00,29,6,1.1428571428571428,0.0,2.7257303111816094,0.19113333333333332,optimal
2021-02-12 05:00:00,29,6,1.1428571428571428,0.0,5.0,0.054,optimal
2021-02-12 05:30:00,29,6,1.1428571428571428,0.0,5.0,0.16196666666666668,optimal
2021-02-12 06:00:00,29,6,1.1428571428571428,0.0,5.0,0.09016666666666669,optimal
2021-02-12 06:30:00,29,6,1.1428571428571428,0.0,5.0,0.11009999999999999,optimal
2021-02-12 07:00:00,29,6,1.1428571428571428,0.6192592592592592,5.0,1.7087999999999999,optimal
2021-02-12 07:30:00,29,6,1.1428571428571428,0.7398177722439122,0.0,2.3492333333333333,optimal
2021-02-12 08:00:00,29,6,0.6789624105640896,1.2385185185185184,0.0,0.5754,optimal
2021-02-12 08:30:00,29,6,0.846574432443554,2.012592592592592,0.0,0.26126666666666665,optimal
2021-02-12 09:00:00,29,6,0.876636079898024,0.0,0.0,0.07023333333333333,optimal
2021-02-12 09:30:00,29,6,0.7466828868430024,0.0,0.0,0.19490000000000002,optimal
2021-02-12 10:00:00,29,6,0.49224788156911187,0.0,0.0,0.064,optimal
2021-02-12 10:30:00,29,6,0.4394771711435178,0.0,0.0,0.18866666666666662,optimal
2021-02-12 11:00:00,29,6,0.28786231838961496,0.0,0.0,0.07646666666666667,optimal
2021-02-12 11:30:00,29,6,0.2892802653006995,0.0,0.0,0.064,optimal
2021-02-12 12:00:00,29,6,0.18599430100214173,0.0,0.0,0.20113333333333333,optimal
2021-02-12 12:30:00,29,6,0.22303129553227186,0.0,0.0,0.064,optimal
2021-02-12 13:00:00,29,6,1.1428571428571428,0.0,0.0,0.1762,optimal
2021-02-12 13:30:00,29,6,1.1428571428571428,0.0,0.0,0.08893333333333334,optimal
2021-02-12 14:00:00,29,6,1.1428571428571428,0.0,0.0,0.12633333333333333,optimal
2021-02-12 14:30:00,29,6,1.1428571428571428,0.0,0.0,0.1388,optimal
2021-02-12 15:00:00,29,6,1.1428571428571428,0.0,0.0,0.064,optimal
2021-02-12 15:30:00,29,6,1.1428571428571428,0.0,0.0,0.20113333333333333,optimal
2021-02-12 16:00:00,29,6,0.0,0.0,0.0,0.064,optimal
2021-02-12 16:30:00,29,6,0.0,0.0,0.0,0.13333333333333333,optimal
2021-02-12 17:00:00,29,6,0.0,0.0,0.0,0.16996666666666665,optimal
2021-02-12 17:30:00,29,6,0.0,0.0,0.0,0.09516666666666669,optimal
2021-02-12 18:00:00,29,6,0.0,0.0,0.0,2.367866666666667,optimal
2021-02-12 18:30:00,29,6,0.0,0.0774074074074074,0.0,0.317,optimal
2021-02-12 19:00:00,29,6,0.0,0.46444444444444444,0.0,0.3424,optimal
2021-02-12 19:30:00,29,6,0.2729401033272629,0.0,0.0,2.384266666666667,optimal
2021-02-12 20:00:00,29,6,0.6172512902638452,0.0,0.0,0.5019666666666666,optimal
2021-02-12 20:30:00,29,6,0.0,0.23222222222222222,0.0,0.5103333333333333,optimal
2021-02-12 21:00:00,29,6,0.0,0.0,0.0,1.2532333333333332,optimal
2021-02-12 21:30:00,29,6,0.0,0.23222222222222222,0.0,4.370233333333333,optimal
2021-02-12 22:00:00,29,6,0.0,0.0,0.0,1.7046666666666668,optimal
2021-02-12 22:30:00,29,6,0.0,0.0,0.0,0.064,optimal
2021-02-12 23:00:00,29,6,0.0,0.0,0.0,0.13256666666666667,optimal
2021-02-12 23:30:00,29,6,0.0,0.0,0.0,0.13256666666666667,optimal
2021-02-13 00:00:00,29,6,0.0,0.0,0.0,0.061,optimal
2021-02-13 00:30:00,29,6,0.03963510809509039,0.0,0.0,0.22293333333333332,optimal
2021-02-13 01:00:00,29,6,1.1428571428571428,0.0,0.0,0.067,optimal
2021-02-13 01:30:00,29,6,1.1428571428571428,0.0,0.0,0.16190000000000002,optimal
2021-02-13 02:00:00,29,6,1.1428571428571428,0.0,0.0,0.13269999999999998,optimal
2021-02-13 02:30:00,29,6,1.1428571428571428,0.0,0.0,0.067,optimal
2021-02-13 03:00:00,29,6,1.1428571428571428,0.0,0.0,0.2276,optimal
2021-02-13 03:30:00,29,6,1.1428571428571428,0.0,0.0,0.067,optimal
2021-02-13 04:00:00,29,6,1.1428571428571428,0.0,0.0,0.067,optimal
2021-02-13 04:30:00,29,6,1.1428571428571428,0.0,0.0,0.16190000000000002,optimal
2021-02-13 05:00:00,29,6,1.1428571428571428,0.0,0.0,0.13269999999999998,optimal
2021-02-13 05:30:00,29,6,1.1428571428571428,0.0,0.0,0.067,optimal
2021-02-13 06:00:00,29,6,1.1428571428571428,0.0,0.0,0.1108,optimal
2021-02-13 06:30:00,29,6,1.1428571428571428,0.0,1.1770781257233036,0.18380000000000002,optimal
2021-02-13 07:00:00,29,6,1.1428571428571428,0.0,5.0,0.067,optimal
2021-02-13 07:30:00,29,6,1.1428571428571428,0.0,0.0,0.2276,optimal
2021-02-13 08:00:00,29,6,0.8426007084993854,0.0,0.0,0.067,optimal
2021-02-13 08:30:00,29,6,0.8040567506485765,0.0,0.0,0.08906666666666667,optimal
2021-02-13 09:00:00,29,6,0.6156868473933731,0.1548148148148148,0.0,0.1507666666666667,optimal
2021-02-13 09:30:00,29,6,0.5700118200440468,0.387037037037037,0.0,1.0857,optimal
2021-02-13 10:00:00,29,6,0.44318542891935797,0.0,0.0,0.14780000000000001,optimal
2021-02-13 10:30:00,29,6,0.4352509948780586,0.1548148148148148,0.0,0.2097333333333333,optimal
2021-02-13 11:00:00,29,6,0.21429324145658057,0.0,0.0,0.27366666666666667,optimal
2021-02-13 11:30:00,29,6,0.23824261693909007,0.0774074074074074,0.0,0.3351,optimal
2021-02-13 12:00:00,29,6,0.1770793526035798,0.0,0.0,1.5928,optimal
2021-02-13 12:30:00,29,6,0.24376857975908417,0.0,0.0,0.2339,optimal
2021-02-13 13:00:00,29,6,1.1428571428571428,0.0,0.0,0.1449,optimal
2021-02-13 13:30:00,29,6,1.1428571428571428,0.0,0.0,0.21230000000000002,optimal
2021-02-13 14:00:00,29,6,1.1428571428571428,0.0,0.0,0.31410000000000005,optimal
2021-02-13 14:30:00,29,6,1.1428571428571428,0.0,0.0,0.067,optimal
2021-02-13 15:00:00,29,6,1.1428571428571428,0.0,0.0,0.22030000000000002,optimal
2021-02-13 15:30:00,29,6,1.1428571428571428,0.0,0.0,0.07363333333333334,optimal
2021-02-13 16:00:00,29,6,0.0,0.0,0.0,0.13076666666666667,optimal
2021-02-13 16:30:00,29,6,0.0,2.4770370370370367,0.0,0.2609666666666666,optimal
2021-02-13 17:00:00,29,6,0.0,0.0,0.0,0.2817333333333333,optimal
2021-02-13 17:30:00,29,6,0.0,0.5418518518518518,0.0,0.3702,optimal
2021-02-13 18:00:00,29,6,0.0,0.0,0.0,1.0733333333333333,optimal
2021-02-13 18:30:00,29,6,0.0,0.0774074074074074,0.0,0.42726666666666663,optimal
2021-02-13 19:00:00,29,6,0.0,0.0774074074074074,0.0,1.255,optimal
2021-02-13 19:30:00,29,6,0.0,0.0,0.0,0.7409,optimal
2021-02-13 20:00:00,29,6,0.5323456779675189,0.1548148148148148,0.0,0.3576666666666667,optimal
2021-02-13 20:30:00,29,6,0.0,0.23222222222222222,0.0,0.388,optimal
2021-02-13 21:00:00,29,6,0.0,2.0899999999999994,0.0,0.4466,optimal
2021-02-13 21:30:00,29,6,0.0,0.0774074074074074,0.0,0.2562,optimal
2021-02-13 22:00:00,29,6,0.0,0.6192592592592592,0.0,0.3654,optimal
2021-02-13 22:30:00,29,6,0.0,0.0,0.0,0.23866666666666664,optimal
2021-02-13 23:00:00,29,6,0.0,2.5544444444444445,0.0,0.3335,optimal
2021-02-13 23:30:00,29,6,0.0,0.0,0.0,0.145,optimal
2021-02-07 00:00:00,30,6,0.0,0.0,0.0,0.10366666666666668,optimal
2021-02-07 00:30:00,30,6,0.0,0.0,0.0,0.09613333333333333,optimal
2021-02-07 01:00:00,30,6,0.0,0.0,0.0,0.18773333333333328,optimal
2021-02-07 01:30:00,30,6,0.0,0.0,0.0,0.066,optimal
2021-02-07 02:00:00,30,6,0.0,0.0,0.0,0.2223333333333333,optimal
2021-02-07 02:30:00,30,6,0.0,0.0,0.0,0.0992,optimal
2021-02-07 03:00:00,30,6,0.0,0.0,0.0,0.07706666666666666,optimal
2021-02-07 03:30:00,30,6,0.0,0.0,0.0,0.17666666666666667,optimal
2021-02-07 04:00:00,30,6,1.1428571428571428,0.0,0.0,0.066,optimal
2021-02-07 04:30:00,30,6,1.1428571428571428,0.0,0.0,0.13240000000000002,optimal
2021-02-07 05:00:00,30,6,1.1428571428571428,0.0,0.0,0.18913333333333332,optimal
2021-02-07 05:30:00,30,6,1.1428571428571428,0.0,0.0,0.08259999999999999,optimal
2021-02-07 06:00:00,30,6,1.1428571428571428,0.0,0.0,0.2163333333333333,optimal
2021-02-07 06:30:00,30,6,1.1428571428571428,0.1548148148148148,0.0,0.08903333333333333,optimal
2021-02-07 07:00:00,30,6,1.1428571428571428,0.23222222222222222,1.7076336144509696,0.13596666666666668,optimal
2021-02-07 07:30:00,30,6,0.0,5.229644444444446,0.0,0.0994,optimal
2021-02-07 08:00:00,30,6,0.0,3.981837037037036,0.0,0.3406,optimal
2021-02-07 08:30:00,30,6,0.18095860232873617,0.46444444444444444,0.0,0.16973333333333332,optimal
2021-02-07 09:00:00,30,6,0.5810872527229825,0.0774074074074074,0.0,0.08843333333333334,optimal
2021-02-07 09:30:00,30,6,0.5837813901102518,0.0774074074074074,0.0,0.21206666666666663,optimal
2021-02-07 10:00:00,30,6,0.5234205853170234,0.0,0.0,0.21563333333333332,optimal
2021-02-07 10:30:00,30,6,0.5487085010186599,0.0,0.0,0.19146666666666667,optimal
2021-02-07 11:00:00,30,6,0.515217415372774,0.0,0.0,0.1977333333333333,optimal
2021-02-07 11:30:00,30,6,0.5349317010870535,0.0,0.0,0.1287333333333333,optimal
2021-02-07 12:00:00,30,6,0.3943237029634118,0.0,0.0,0.23666666666666664,optimal
2021-02-07 12:30:00,30,6,0.29060941724912376,0.0,0.0,0.5858333333333333,optimal
2021-02-07 13:00:00,30,6,0.3575609475063952,0.0,0.0,0.4889333333333333,optimal
2021-02-07 13:30:00,30,6,0.7173781758210562,2.0899999999999994,0.0,0.5759666666666667,optimal
2021-02-07 14:00:00,30,6,1.1428571428571428,0.0774074074074074,0.0,0.38539999999999996,optimal
2021-02-07 14:30:00,30,6,1.1428571428571428,0.0,0.0,0.367,optimal
2021-02-07 15:00:00,30,6,1.1428571428571428,0.0,0.0,0.3400666666666667,optimal
2021-02-07 15:30:00,30,6,1.1428571428571428,0.0,0.0,0.1438,optimal
2021-02-07 16:00:00,30,6,0.0,0.23222222222222222,0.0,1.5926333333333333,optimal
2021-02-07 16:30:00,30,6,0.0,0.3096296296296296,0.0,0.7271333333333333,optimal
2021-02-07 17:00:00,30,6,0.0,0.0,0.0,1.397,optimal
2021-02-07 17:30:00,30,6,0.0,0.0,0.0,1.0245666666666666,optimal
2021-02-07 18:00:00,30,6,0.0,0.0,0.0,0.7007333333333333,optimal
2021-02-07 18:30:00,30,6,0.0,0.0,0.0,0.6060666666666668,optimal
2021-02-07 19:00:00,30,6,0.0,0.387037037037037,0.0,0.38846666666666657,optimal
2021-02-07 19:30:00,30,6,0.0,0.1548148148148148,0.0,0.5553333333333333,optimal
2021-02-07 20:00:00,30,6,0.0,0.0774074074074074,0.0,0.5247999999999999,optimal
2021-02-07 20:30:00,30,6,0.0,0.1548148148148148,0.0,0.8525666666666667,optimal
2021-02-07 21:00:00,30,6,0.0,0.23222222222222222,0.0,0.7328666666666667,optimal
2021-02-07 21:30:00,30,6,0.0,0.1548148148148148,0.0,0.37406666666666666,optimal
2021-02-07 22:00:00,30,6,0.0,0.0,0.0,0.5436333333333333,optimal
2021-02-07 22:30:00,30,6,0.0,0.0,0.0,0.6499666666666667,optimal
2021-02-07 23:00:00,30,6,0.0,0.0,0.0,0.3542,optimal
2021-02-07 23:30:00,30,6,0.0,0.23222222222222222,0.0,0.4301666666666667,optimal
2021-02-08 00:00:00,30,6,0.0,0.0,0.0,0.054,optimal
2021-02-08 00:30:00,30,6,0.0,0.0,0.0,0.15153333333333333,optimal
2021-02-08 01:00:00,30,6,0.0,0.0,0.0,0.054,optimal
2021-02-08 01:30:00,30,6,0.0,0.0,0.0,0.054,optimal
2021-02-08 02:00:00,30,6,0.8078582763018285,0.0,0.0,0.15153333333333333,optimal
2021-02-08 02:30:00,30,6,1.1428571428571428,0.0,0.0,0.054,optimal
2021-02-08 03:00:00,30,6,1.1428571428571428,0.0,0.0,0.12426666666666668,optimal
2021-02-08 03:30:00,30,6,1.1428571428571428,0.0,0.0,0.15446666666666667,optimal
2021-02-08 04:00:00,30,6,1.1428571428571428,0.0,0.0,0.054,optimal
2021-02-08 04:30:00,30,6,1.1428571428571428,0.0,0.0,0.1167,optimal
2021-02-08 05:00:00,30,6,1.1428571428571428,0.0,2.460031125635597,0.08816666666666667,optimal
2021-02-08 05:30:00,30,6,1.1428571428571428,0.0,5.0,0.1272,optimal
2021-02-08 06:00:00,30,6,1.1428571428571428,0.0,5.0,0.15153333333333333,optimal
2021-02-08 06:30:00,30,6,1.1428571428571428,0.0,5.0,0.0906,optimal
2021-02-08 07:00:00,30,6,1.1428571428571428,2.8640740740740736,5.0,0.18613333333333332,optimal
2021-02-08 07:30:00,30,6,1.1428571428571428,1.006296296296296,0.0,0.09673333333333332,optimal
2021-02-08 08:00:00,30,6,0.5607521032029945,0.0774074074074074,0.0,2.7511666666666663,optimal
2021-02-08 08:30:00,30,6,0.5728990665236826,0.774074074074074,0.0,0.5153333333333334,optimal
2021-02-08 09:00:00,30,6,0.6144195019126175,0.0,0.0,0.0792,optimal
2021-02-08 09:30:00,30,6,0.3899171521696868,0.23222222222222222,0.0,2.357466666666667,optimal
2021-02-08 10:00:00,30,6,0.32641225972317134,0.0,0.0,0.7317666666666667,optimal
2021-02-08 10:30:00,30,6,0.4410403237518125,0.0,0.0,0.24613333333333332,optimal
2021-02-08 11:00:00,30,6,0.2516931220178883,0.0,0.0,0.3333,optimal
2021-02-08 11:30:00,30,6,0.15854806345910993,0.0,0.0,0.8356,optimal
2021-02-08 12:00:00,30,6,0.0619460377475424,0.0,0.0,0.9938333333333333,optimal
2021-02-08 12:30:00,30,6,0.14023687301093793,0.23222222222222222,0.0,0.4729666666666666,optimal
2021-02-08 13:00:00,30,6,0.4047395301525394,0.0,0.0,1.9115,optimal
2021-02-08 13:30:00,30,6,1.1428571428571428,0.5418518518518518,0.0,1.9482333333333328,optimal
2021-02-08 14:00:00,30,6,1.1428571428571428,0.0,0.0,0.7865333333333333,optimal
2021-02-08 14:30:00,30,6,1.1428571428571428,0.0,0.0,2.0524666666666667,optimal
2021-02-08 15:00:00,30,6,1.1428571428571428,0.0774074074074074,0.0,0.2327333333333333,optimal
2021-02-08 15:30:00,30,6,1.1428571428571428,0.0,0.0,0.19540000000000002,optimal
2021-02-08 16:00:00,30,6,0.0,1.9351851851851851,0.0,0.2517666666666667,optimal
2021-02-08 16:30:00,30,6,0.0,0.6192592592592592,0.0,0.3070333333333334,optimal
2021-02-08 17:00:00,30,6,0.0,0.23222222222222222,0.0,0.1712,optimal
2021-02-08 17:30:00,30,6,0.0,2.2448148148148146,0.0,0.6137,optimal
2021-02-08 18:00:00,30,6,0.0,0.1548148148148148,0.0,1.7945333333333333,optimal
2021-02-08 18:30:00,30,6,0.0,0.0,0.0,0.1866,optimal
2021-02-08 19:00:00,30,6,0.0,0.0,0.0,0.5085,optimal
2021-02-08 19:30:00,30,6,0.0,0.1548148148148148,0.0,0.22333333333333327,optimal
2021-02-08 20:00:00,30,6,0.0,0.23222222222222222,0.0,0.21253333333333332,optimal
2021-02-08 20:30:00,30,6,0.0,0.0,0.0,0.36386666666666667,optimal
2021-02-08 21:00:00,30,6,0.0,1.8577777777777778,0.0,2.2529,optimal
2021-02-08 21:30:00,30,6,0.0,0.0,0.0,0.3265,optimal
2021-02-08 22:00:00,30,6,0.0,0.0,0.0,1.4525666666666666,optimal
2021-02-08 22:30:00,30,6,0.0,0.0774074074074074,0.0,2.9600666666666666,optimal
2021-02-08 23:00:00,30,6,0.0,2.39962962962963,0.0,0.35133333333333333,optimal
2021-02-08 23:30:00,30,6,0.0,0.0,0.0,0.31939999999999996,optimal
2021-02-09 00:00:00,30,6,0.0,0.0,0.0,0.064,optimal
2021-02-09 00:30:00,30,6,0.0,0.0,0.0,0.064,optimal
2021-02-09 01:00:00,30,6,0.0,0.0,0.0,0.064,optimal
2021-02-09 01:30:00,30,6,0.8058248996208269,0.0,0.0,0.22753333333333334,optimal
2021-02-09 02:00:00,30,6,1.1428571428571428,0.0,0.0,0.064,optimal
2021-02-09 02:30:00,30,6,1.1428571428571428,0.0,0.0,0.16806666666666667,optimal
2021-02-09 03:00:00,30,6,1.1428571428571428,0.0,0.22856372007053874,0.12346666666666668,optimal
2021-02-09 03:30:00,30,6,1.1428571428571428,0.0,5.0,0.064,optimal
2021-02-09 04:00:00,30,6,1.1428571428571428,0.0,5.0,0.22753333333333334,optimal
2021-02-09 04:30:00,30,6,1.1428571428571428,0.0,5.0,0.064,optimal
2021-02-09 05:00:00,30,6,1.1428571428571428,0.0,5.0,0.16063333333333332,optimal
2021-02-09 05:30:00,30,6,1.1428571428571428,0.0,5.0,0.13090000000000002,optimal
2021-02-09 06:00:00,30,6,1.1428571428571428,0.0,5.0,0.064,optimal
2021-02-09 06:30:00,30,6,1.1428571428571428,0.0,5.0,0.13090000000000002,optimal
2021-02-09 07:00:00,30,6,1.1428571428571428,1.8221703703703702,5.0,0.16833333333333333,optimal
2021-02-09 07:30:00,30,6,1.1428571428571428,0.6548666666666667,0.0,0.169,optimal
2021-02-09 08:00:00,30,6,0.6015728683272431,0.46444444444444444,0.0,0.33253333333333335,optimal
2021-02-09 08:30:00,30,6,0.6813505185843141,0.0,0.0,0.09786666666666666,optimal
2021-02-09 09:00:00,30,6,0.5225081226495123,0.387037037037037,0.0,0.38076666666666664,optimal
2021-02-09 09:30:00,30,6,0.5537777088779333,0.23222222222222222,0.0,0.28336666666666666,optimal
2021-02-09 10:00:00,30,6,0.3461333515783357,1.548148148148148,0.0,0.376,optimal
2021-02-09 10:30:00,30,6,0.2313545147051919,2.3826,0.0,1.8818333333333332,optimal
2021-02-09 11:00:00,30,6,0.11140514622726969,0.481474074074074,0.0,0.3056333333333333,optimal
2021-02-09 11:30:00,30,6,0.03448023599549449,0.0,0.0,0.5196333333333333,optimal
2021-02-09 12:00:00,30,6,0.10772329622004652,0.0,0.0,0.45103333333333334,optimal
2021-02-09 12:30:00,30,6,0.13129963502324468,0.3096296296296296,0.0,0.4965,optimal
2021-02-09 13:00:00,30,6,0.0,2.3222222222222215,0.0,2.7900666666666667,optimal
2021-02-09 13:30:00,30,6,1.0396520992886247,0.6192592592592592,0.0,1.5199,optimal
2021-02-09 14:00:00,30,6,1.1428571428571428,0.0,0.0,0.3201666666666667,optimal
2021-02-09 14:30:00,30,6,1.1428571428571428,0.0,0.0,0.44039999999999996,optimal
2021-02-09 15:00:00,30,6,1.1428571428571428,0.1548148148148148,0.0,1.4010666666666667,optimal
2021-02-09 15:30:00,30,6,1.1428571428571428,0.387037037037037,0.0,1.5656333333333334,optimal
2021-02-09 16:00:00,30,6,0.0,0.0,0.0,1.7489000000000001,optimal
2021-02-09 16:30:00,30,6,0.0,0.0,0.0,0.146,optimal
2021-02-09 17:00:00,30,6,0.0,0.0774074074074074,0.0,1.1349333333333333,optimal
2021-02-09 17:30:00,30,6,0.0,0.0774074074074074,0.0,1.0710333333333333,optimal
2021-02-09 18:00:00,30,6,0.0,0.6610592592592593,0.0,0.4899666666666666,optimal
2021-02-09 18:30:00,30,6,0.0,0.34523703703703695,0.0,0.47443333333333326,optimal
2021-02-09 19:00:00,30,6,0.0,0.0,0.0,0.4991666666666667,optimal
2021-02-09 19:30:00,30,6,0.0,0.0,0.0,0.466,optimal
2021-02-09 20:00:00,30,6,0.0,0.0,0.0,0.5732666666666667,optimal
2021-02-09 20:30:00,30,6,0.0,0.0,0.0,0.38880000000000003,optimal
2021-02-09 21:00:00,30,6,0.0,0.0,0.0,0.6852,optimal
2021-02-09 21:30:00,30,6,0.0,0.0,0.0,0.5256333333333333,optimal
2021-02-09 22:00:00,30,6,0.0,0.5418518518518518,0.0,0.32413333333333333,optimal
2021-02-09 22:30:00,30,6,0.0,0.0774074074074074,0.0,0.49269999999999997,optimal
2021-02-09 23:00:00,30,6,0.0,0.0,0.0,0.3090333333333334,optimal
2021-02-09 23:30:00,30,6,0.0,0.774074074074074,0.0,0.3792,optimal
2021-02-10 00:00:00,30,6,0.0,0.0,0.0,0.06833333333333333,optimal
2021-02-10 00:30:00,30,6,0.0,0.0,0.0,0.063,optimal
2021-02-10 01:00:00,30,6,0.0,0.0,0.0,0.145,optimal
2021-02-10 01:30:00,30,6,0.04364079799505454,0.0,0.0,0.19246666666666667,optimal
2021-02-10 02:00:00,30,6,1.1428571428571428,0.0,0.0,0.2394,optimal
2021-02-10 02:30:00,30,6,1.1428571428571428,0.0,0.0,0.12279999999999999,optimal
2021-02-10 03:00:00,30,6,1.1428571428571428,0.387037037037037,0.0,0.0923,optimal
2021-02-10 03:30:00,30,6,1.1428571428571428,0.23222222222222222,0.0,0.26280000000000003,optimal
2021-02-10 04:00:00,30,6,1.1428571428571428,0.387037037037037,0.0,0.07403333333333333,optimal
2021-02-10 04:30:00,30,6,1.1428571428571428,0.23222222222222222,0.0,0.27313333333333334,optimal
2021-02-10 05:00:00,30,6,1.1428571428571428,0.23222222222222222,0.0,0.061,optimal
2021-02-10 05:30:00,30,6,1.1428571428571428,0.9288888888888889,0.0,0.2087,optimal
2021-02-10 06:00:00,30,6,1.1428571428571428,0.46444444444444444,3.51096119215145,2.373866666666667,optimal
2021-02-10 06:30:00,30,6,1.1428571428571428,0.23222222222222222,5.0,3.596966666666667,optimal
2021-02-10 07:00:00,30,6,1.1428571428571428,0.0,5.0,1.6307,optimal
2021-02-10 07:30:00,30,6,1.1428571428571428,0.387037037037037,0.0,0.064,optimal
2021-02-10 08:00:00,30,6,0.6655787243846683,0.6192592592592592,0.0,0.18746666666666667,optimal
2021-02-10 08:30:00,30,6,0.6997762263147358,0.1548148148148148,0.0,0.26293333333333335,optimal
2021-02-10 09:00:00,30,6,0.7314369367963481,0.0,0.0,0.073,optimal
2021-02-10 09:30:00,30,6,0.6955277720597496,0.0,0.0,0.16866666666666666,optimal
2021-02-10 10:00:00,30,6,0.5048842014781235,0.0,0.0,0.16886666666666666,optimal
2021-02-10 10:30:00,30,6,0.5199570898304331,0.0,0.0,0.09359999999999999,optimal
2021-02-10 11:00:00,30,6,0.3545049204429087,0.0,0.0,0.20966666666666664,optimal
2021-02-10 11:30:00,30,6,0.37260748093173973,0.0,0.0,0.1313,optimal
2021-02-10 12:00:00,30,6,0.21351941735239688,0.0,0.0,0.10383333333333332,optimal
2021-02-10 12:30:00,30,6,0.16758608401905706,0.0,0.0,0.2646,optimal
2021-02-10 13:00:00,30,6,0.5457304543518132,0.0,0.0,0.07986666666666666,optimal
2021-02-10 13:30:00,30,6,1.1428571428571428,0.0,0.0,0.2576666666666667,optimal
2021-02-10 14:00:00,30,6,1.1428571428571428,0.0,0.0,0.10046666666666668,optimal
2021-02-10 14:30:00,30,6,1.1428571428571428,0.0,0.0,0.1755,optimal
2021-02-10 15:00:00,30,6,1.1428571428571428,0.0,0.0,0.148,optimal
2021-02-10 15:30:00,30,6,1.1428571428571428,0.0,0.0,0.17803333333333332,optimal
2021-02-10 16:00:00,30,6,0.0,2.012592592592592,0.0,0.3422,optimal
2021-02-10 16:30:00,30,6,0.0,0.387037037037037,0.0,0.24353333333333332,optimal
2021-02-10 17:00:00,30,6,0.0,0.5418518518518518,0.0,0.2805,optimal
2021-02-10 17:30:00,30,6,0.0,0.0,0.0,1.2822,optimal
2021-02-10 18:00:00,30,6,0.0,0.387037037037037,0.0,0.425,optimal
2021-02-10 18:30:00,30,6,0.0,0.387037037037037,0.0,0.30293333333333333,optimal
2021-02-10 19:00:00,30,6,0.0,1.9351851851851851,0.0,0.4433333333333333,optimal
2021-02-10 19:30:00,30,6,0.0,0.0,0.0,0.32743333333333335,optimal
2021-02-10 20:00:00,30,6,0.0,0.0,0.0,0.6151333333333333,optimal
2021-02-10 20:30:00,30,6,0.0,0.6192592592592592,0.0,0.8849,optimal
2021-02-10 21:00:00,30,6,0.0,0.1548148148148148,0.0,0.47983333333333333,optimal
2021-02-10 21:30:00,30,6,0.0,0.0,0.0,0.6011666666666666,optimal
2021-02-10 22:00:00,30,6,0.0,0.0774074074074074,0.0,0.4484333333333333,optimal
2021-02-10 22:30:00,30,6,0.0,0.0,0.0,0.663,optimal
2021-02-10 23:00:00,30,6,0.0,0.0,0.0,0.14483333333333334,optimal
2021-02-10 23:30:00,30,6,0.0,0.0,0.0,0.073,optimal
2021-02-11 00:00:00,30,6,0.7007765682469026,0.0,0.0,0.06666666666666667,optimal
2021-02-11 00:30:00,30,6,1.1428571428571428,0.0,0.0,0.1245,optimal
2021-02-11 01:00:00,30,6,1.1428571428571428,0.0,0.0,0.14783333333333334,optimal
2021-02-11 01:30:00,30,6,1.1428571428571428,0.0,0.0,0.072,optimal
2021-02-11 02:00:00,30,6,1.1428571428571428,0.0,0.0,0.1828333333333333,optimal
2021-02-11 02:30:00,30,6,1.1428571428571428,0.0,0.0,0.0895,optimal
2021-02-11 03:00:00,30,6,1.1428571428571428,0.0,0.0,0.072,optimal
2021-02-11 03:30:00,30,6,1.1428571428571428,0.0,0.0,0.072,optimal
2021-02-11 04:00:00,30,6,1.1428571428571428,0.0,0.0,0.20033333333333328,optimal
2021-02-11 04:30:00,30,6,1.1428571428571428,0.0,0.0,0.072,optimal
2021-02-11 05:00:00,30,6,1.1428571428571428,0.0,0.0,0.1595,optimal
2021-02-11 05:30:00,30,6,1.1428571428571428,0.0,0.0,0.11283333333333331,optimal
2021-02-11 06:00:00,30,6,1.1428571428571428,0.0,4.3872390070445615,0.072,optimal
2021-02-11 06:30:00,30,6,1.1428571428571428,0.5418518518518518,5.0,0.20466666666666664,optimal
2021-02-11 07:00:00,30,6,1.1428571428571428,0.0774074074074074,5.0,0.08,optimal
2021-02-11 07:30:00,30,6,1.1428571428571428,5.495925925925925,0.0,0.2278,optimal
2021-02-11 08:00:00,30,6,0.7513721840492228,0.0,0.0,0.11573333333333333,optimal
2021-02-11 08:30:00,30,6,0.8019278671254921,2.1674074074074072,0.0,0.16166666666666665,optimal
2021-02-11 09:00:00,30,6,0.6575240218208274,1.0837037037037036,0.0,0.12633333333333333,optimal
2021-02-11 09:30:00,30,6,0.6027257936962275,0.0,0.0,0.082,optimal
2021-02-11 10:00:00,30,6,0.28442215650272695,0.23222222222222222,0.0,0.14796666666666666,optimal
2021-02-11 10:30:00,30,6,0.0,0.387037037037037,0.0,1.668233333333333,optimal
2021-02-11 11:00:00,30,6,0.1794379911117941,0.0,0.0,0.162,optimal
2021-02-11 11:30:00,30,6,0.18851830427313498,0.0,0.0,0.2262333333333333,optimal
2021-02-11 12:00:00,30,6,0.07111178908233382,0.0,0.0,0.5067,optimal
2021-02-11 12:30:00,30,6,0.05886128940264643,0.0,0.0,1.188,optimal
2021-02-11 13:00:00,30,6,0.4749603074828943,0.0,0.0,0.2198333333333333,optimal
2021-02-11 13:30:00,30,6,1.1428571428571428,0.0,0.0,0.15580000000000002,optimal
2021-02-11 14:00:00,30,6,1.1428571428571428,0.0,0.0,0.2309,optimal
2021-02-11 14:30:00,30,6,1.1428571428571428,0.0,0.0,0.2409333333333333,optimal
2021-02-11 15:00:00,30,6,1.1428571428571428,0.0,0.0,0.07366666666666667,optimal
2021-02-11 15:30:00,30,6,1.1428571428571428,0.0,0.0,0.15,optimal
2021-02-11 16:00:00,30,6,0.0,0.46444444444444444,0.0,2.8935666666666666,optimal
2021-02-11 16:30:00,30,6,0.0,0.23222222222222222,0.0,2.179,optimal
2021-02-11 17:00:00,30,6,0.0,0.1548148148148148,0.0,1.1316666666666668,optimal
2021-02-11 17:30:00,30,6,0.0,0.6192592592592592,0.0,1.3349333333333333,optimal
2021-02-11 18:00:00,30,6,0.0,0.0,0.0,1.7546333333333335,optimal
2021-02-11 18:30:00,30,6,0.0,0.3096296296296296,0.0,2.091333333333333,optimal
2021-02-11 19:00:00,30,6,0.0,0.0,0.0,0.9260333333333332,optimal
2021-02-11 19:30:00,30,6,0.0,0.0,0.0,0.6149,optimal
2021-02-11 20:00:00,30,6,0.0,0.0,0.0,0.5195,optimal
2021-02-11 20:30:00,30,6,0.0,0.387037037037037,0.0,0.5788666666666666,optimal
2021-02-11 21:00:00,30,6,0.0,0.1548148148148148,0.0,0.5445,optimal
2021-02-11 21:30:00,30,6,0.0,0.387037037037037,0.0,0.4278333333333333,optimal
2021-02-11 22:00:00,30,6,0.0,0.23222222222222222,0.0,0.4674666666666666,optimal
2021-02-11 22:30:00,30,6,0.0,0.0774074074074074,0.0,0.24486666666666668,optimal
2021-02-11 23:00:00,30,6,0.0,5.263703703703704,0.0,0.3397333333333333,optimal
2021-02-11 23:30:00,30,6,0.0,0.46444444444444444,0.0,0.3843333333333333,optimal
2021-02-12 00:00:00,30,6,1.1428571428571428,0.0,0.0,0.05966666666666666,optimal
2021-02-12 00:30:00,30,6,1.1428571428571428,0.0,0.0,0.061,optimal
2021-02-12 01:00:00,30,6,1.1428571428571428,0.0,0.0,0.061,optimal
2021-02-12 01:30:00,30,6,1.1428571428571428,0.0,0.0,0.061,optimal
2021-02-12 02:00:00,30,6,1.1428571428571428,0.0,0.0,0.18,optimal
2021-02-12 02:30:00,30,6,1.1428571428571428,0.0,0.0,0.06666666666666667,optimal
2021-02-12 03:00:00,30,6,1.1428571428571428,0.0,0.0,0.061,optimal
2021-02-12 03:30:00,30,6,1.1428571428571428,0.0,0.0,0.18566666666666662,optimal
2021-02-12 04:00:00,30,6,1.1428571428571428,0.0,0.0,0.061,optimal
2021-02-12 04:30:00,30,6,1.1428571428571428,0.0,0.0,0.060333333333333336,optimal
2021-02-12 05:00:00,30,6,1.1428571428571428,0.0,0.0,0.185,optimal
2021-02-12 05:30:00,30,6,1.1428571428571428,0.0,1.2421501426441457,0.061,optimal
2021-02-12 06:00:00,30,6,1.1428571428571428,0.387037037037037,5.0,0.144,optimal
2021-02-12 06:30:00,30,6,1.1428571428571428,8.205185185185186,0.0,0.105,optimal
2021-02-12 07:00:00,30,6,1.1428571428571428,0.1548148148148148,0.0,0.069,optimal
2021-02-12 07:30:00,30,6,1.1428571428571428,2.6866797236950615,0.0,1.4041333333333335,optimal
2021-02-12 08:00:00,30,6,0.7818271724688486,0.0,0.0,1.0853333333333333,optimal
2021-02-12 08:30:00,30,6,0.9927077657768788,0.0,0.0,0.11633333333333332,optimal
2021-02-12 09:00:00,30,6,0.85409322275517,0.0,0.0,0.15033333333333335,optimal
2021-02-12 09:30:00,30,6,0.7824257439858584,0.0,0.0,0.071,optimal
2021-02-12 10:00:00,30,6,0.45497169109291863,0.0,0.0,0.19566666666666663,optimal
2021-02-12 10:30:00,30,6,0.4734390759054273,0.0,0.0,0.071,optimal
2021-02-12 11:00:00,30,6,0.2897670802943718,0.0,0.0,0.071,optimal
2021-02-12 11:30:00,30,6,0.260099312919746,0.0,0.0,0.16733333333333333,optimal
2021-02-12 12:00:00,30,6,0.028803824811660564,0.23222222222222222,0.0,1.5048666666666666,optimal
2021-02-12 12:30:00,30,6,0.02453415267512682,0.0,0.0,0.9224,optimal
2021-02-12 13:00:00,30,6,0.0,0.0774074074074074,0.0,1.1837666666666669,optimal
2021-02-12 13:30:00,30,6,0.07654973901891067,0.23222222222222222,0.0,0.3083333333333333,optimal
2021-02-12 14:00:00,30,6,1.1428571428571428,0.0,0.0,1.8078666666666663,optimal
2021-02-12 14:30:00,30,6,1.1428571428571428,0.23222222222222222,0.0,0.5087666666666667,optimal
2021-02-12 15:00:00,30,6,1.1428571428571428,0.3096296296296296,0.0,0.2966666666666667,optimal
2021-02-12 15:30:00,30,6,1.1428571428571428,0.0,0.0,1.3169000000000002,optimal
2021-02-12 16:00:00,30,6,0.0,0.8514814814814814,0.0,0.6211666666666666,optimal
2021-02-12 16:30:00,30,6,0.0,0.23222222222222222,0.0,3.115866666666667,optimal
2021-02-12 17:00:00,30,6,0.0,0.0,0.0,0.2152666666666667,optimal
2021-02-12 17:30:00,30,6,0.0,0.387037037037037,0.0,1.5282666666666669,optimal
2021-02-12 18:00:00,30,6,0.0,0.5418518518518518,0.0,0.3233333333333333,optimal
2021-02-12 18:30:00,30,6,0.0,0.0,0.0,0.17733333333333334,optimal
2021-02-12 19:00:00,30,6,0.0,0.46444444444444444,0.0,0.31893333333333335,optimal
2021-02-12 19:30:00,30,6,0.0,0.0,0.0,1.5277333333333332,optimal
2021-02-12 20:00:00,30,6,0.0,0.0,0.0,0.071,optimal
2021-02-12 20:30:00,30,6,0.0,0.0,0.0,0.19566666666666663,optimal
2021-02-12 21:00:00,30,6,0.0,0.0,0.0,0.2638666666666667,optimal
2021-02-12 21:30:00,30,6,0.0,0.0,0.0,0.212,optimal
2021-02-12 22:00:00,30,6,0.0,0.1548148148148148,0.0,0.15533333333333335,optimal
2021-02-12 22:30:00,30,6,0.0,0.0,0.0,0.2538,optimal
2021-02-12 23:00:00,30,6,0.0,0.0,0.0,0.35586666666666666,optimal
2021-02-12 23:30:00,30,6,0.0,0.0,0.0,0.1666,optimal
2021-02-13 00:00:00,30,6,0.0,0.0,0.0,0.058,optimal
2021-02-13 00:30:00,30,6,0.0028145637170325865,0.0,0.0,0.20980000000000001,optimal
2021-02-13 01:00:00,30,6,1.1428571428571428,0.0,0.0,0.058,optimal
2021-02-13 01:30:00,30,6,1.1428571428571428,0.0,0.0,0.13390000000000002,optimal
2021-02-13 02:00:00,30,6,1.1428571428571428,0.0,0.0,0.13390000000000002,optimal
2021-02-13 02:30:00,30,6,1.1428571428571428,0.0,0.0,0.058,optimal
2021-02-13 03:00:00,30,6,1.1428571428571428,0.0,0.0,0.20980000000000001,optimal
2021-02-13 03:30:00,30,6,1.1428571428571428,0.0,0.0,0.058,optimal
2021-02-13 04:00:00,30,6,1.1428571428571428,0.0,0.0,0.10629999999999999,optimal
2021-02-13 04:30:00,30,6,1.1428571428571428,0.0,0.0,0.1615,optimal
2021-02-13 05:00:00,30,6,1.1428571428571428,0.0,0.0,0.06066666666666666,optimal
2021-02-13 05:30:00,30,6,1.1428571428571428,0.0,0.0,0.21980000000000002,optimal
2021-02-13 06:00:00,30,6,1.1428571428571428,0.0,0.848533152527819,0.06533333333333333,optimal
2021-02-13 06:30:00,30,6,1.1428571428571428,0.0,5.0,0.12866666666666665,optimal
2021-02-13 07:00:00,30,6,1.1428571428571428,0.387037037037037,5.0,0.2593666666666667,optimal
2021-02-13 07:30:00,30,6,1.1428571428571428,0.46444444444444444,0.0,0.1601,optimal
2021-02-13 08:00:00,30,6,0.6446197561184428,0.0774074074074074,0.0,0.2078,optimal
2021-02-13 08:30:00,30,6,0.7185900839819077,0.1548148148148148,0.0,0.2591666666666667,optimal
2021-02-13 09:00:00,30,6,0.7666011331076655,0.0,0.0,0.05733333333333333,optimal
2021-02-13 09:30:00,30,6,0.6339289629011902,0.0,0.0,0.2697,optimal
2021-02-13 10:00:00,30,6,0.32078733368126305,0.23222222222222222,0.0,2.0888,optimal
2021-02-13 10:30:00,30,6,0.2885557567828271,0.0,0.0,2.7372666666666667,optimal
2021-02-13 11:00:00,30,6,0.24970086050418955,0.0,0.0,0.5685333333333333,optimal
2021-02-13 11:30:00,30,6,0.25821975979623685,6.424814814814814,0.0,0.16626666666666667,optimal
2021-02-13 12:00:00,30,6,0.1449422097464357,0.0,0.0,0.2205,optimal
2021-02-13 12:30:00,30,6,0.16681619880669923,0.0774074074074074,0.0,0.1253,optimal
2021-02-13 13:00:00,30,6,0.3485969788440845,0.0,0.0,0.37139999999999995,optimal
2021-02-13 13:30:00,30,6,1.1428571428571428,0.1548148148148148,0.0,0.353,optimal
2021-02-13 14:00:00,30,6,1.1428571428571428,0.0,0.0,0.4505,optimal
2021-02-13 14:30:00,30,6,1.1428571428571428,0.0,0.0,0.47173333333333334,optimal
2021-02-13 15:00:00,30,6,1.1428571428571428,0.0,0.0,0.3802,optimal
2021-02-13 15:30:00,30,6,1.1428571428571428,0.0,0.0,0.39973333333333333,optimal
2021-02-13 16:00:00,30,6,0.0,0.5418518518518518,0.0,1.4909333333333334,optimal
2021-02-13 16:30:00,30,6,0.0,0.0,0.0,3.2588666666666666,optimal
2021-02-13 17:00:00,30,6,0.0,0.3096296296296296,0.0,1.3622,optimal
2021-02-13 17:30:00,30,6,0.0,0.0,0.0,0.16576666666666667,optimal
2021-02-13 18:00:00,30,6,0.0,0.0774074074074074,0.0,0.1572333333333333,optimal
2021-02-13 18:30:00,30,6,0.0,0.6192592592592592,0.0,0.3105,optimal
2021-02-13 19:00:00,30,6,0.0,0.0,0.0,0.22476666666666667,optimal
2021-02-13 19:30:00,30,6,0.0,0.0,0.0,0.22693333333333332,optimal
2021-02-13 20:00:00,30,6,0.0,0.387037037037037,0.0,0.071,optimal
2021-02-13 20:30:00,30,6,0.0,0.0774074074074074,0.0,0.2109,optimal
2021-02-13 21:00:00,30,6,0.0,0.0,0.0,0.2034333333333333,optimal
2021-02-13 21:30:00,30,6,0.0,0.0,0.0,0.3944666666666666,optimal
2021-02-13 22:00:00,30,6,0.0,0.23222222222222222,0.0,1.3576666666666668,optimal
2021-02-13 22:30:00,30,6,0.0,0.0,0.0,0.4405,optimal
2021-02-13 23:00:00,30,6,0.0,0.0,0.0,0.09559999999999999,optimal
2021-02-13 23:30:00,30,6,0.0,0.0,0.0,0.19219999999999998,optimal
2021-02-07 00:00:00,31,6,0.0,0.5418518518518518,0.0,0.188,optimal
2021-02-07 00:30:00,31,6,0.0,0.0,0.0,0.2906,optimal
2021-02-07 01:00:00,31,6,0.0,0.0,0.0,0.3116666666666667,optimal
2021-02-07 01:30:00,31,6,0.0,0.0,0.0,0.061,optimal
2021-02-07 02:00:00,31,6,0.0,0.0,0.0,0.2848333333333333,optimal
2021-02-07 02:30:00,31,6,0.0,0.0,0.0,0.1454,optimal
2021-02-07 03:00:00,31,6,0.0,0.0,0.0,0.21653333333333333,optimal
2021-02-07 03:30:00,31,6,0.0,0.0,0.0,0.08466666666666667,optimal
2021-02-07 04:00:00,31,6,1.1428571428571428,0.0,0.0,0.21016666666666664,optimal
2021-02-07 04:30:00,31,6,1.1428571428571428,0.0,0.0,0.16040000000000001,optimal
2021-02-07 05:00:00,31,6,1.1428571428571428,0.0,0.0,0.16413333333333333,optimal
2021-02-07 05:30:00,31,6,1.1428571428571428,0.0,0.0,0.14793333333333333,optimal
2021-02-07 06:00:00,31,6,1.1428571428571428,0.0,0.0,0.24226666666666669,optimal
2021-02-07 06:30:00,31,6,1.1428571428571428,0.0,0.0,0.0849,optimal
2021-02-07 07:00:00,31,6,1.1428571428571428,0.0,1.6063785740462473,0.26166666666666666,optimal
2021-02-07 07:30:00,31,6,0.0,2.4770370370370367,0.0,0.4540666666666667,optimal
2021-02-07 08:00:00,31,6,0.0,0.46444444444444444,0.0,0.4088,optimal
2021-02-07 08:30:00,31,6,0.07160933063944556,0.0774074074074074,0.0,0.4474333333333333,optimal
2021-02-07 09:00:00,31,6,0.6681348717706017,0.0,0.0,0.25066666666666665,optimal
2021-02-07 09:30:00,31,6,0.6941718663007322,0.0,0.0,0.15203333333333333,optimal
2021-02-07 10:00:00,31,6,0.5967443948408385,0.0,0.0,0.228,optimal
2021-02-07 10:30:00,31,6,0.6351465962567592,0.0,0.0,0.10859999999999999,optimal
2021-02-07 11:00:00,31,6,0.495569796325148,0.0,0.0,0.2665,optimal
2021-02-07 11:30:00,31,6,0.5230269391823003,0.0,0.0,0.1704,optimal
2021-02-07 12:00:00,31,6,0.43638084582054937,0.0,0.0,0.23646666666666666,optimal
2021-02-07 12:30:00,31,6,0.48365703629673923,0.0,0.0,0.071,optimal
2021-02-07 13:00:00,31,6,1.1428571428571428,0.0,0.0,0.19466666666666663,optimal
2021-02-07 13:30:00,31,6,1.1428571428571428,0.0,0.0,0.2122,optimal
2021-02-07 14:00:00,31,6,1.1428571428571428,0.0,0.0,0.12533333333333332,optimal
2021-02-07 14:30:00,31,6,1.1428571428571428,0.0,0.0,0.3846666666666667,optimal
2021-02-07 15:00:00,31,6,1.1428571428571428,0.0,0.0,0.071,optimal
2021-02-07 15:30:00,31,6,1.1428571428571428,0.387037037037037,0.0,0.2842,optimal
2021-02-07 16:00:00,31,6,0.0,1.7803703703703702,0.0,0.7016,optimal
2021-02-07 16:30:00,31,6,0.0,0.46444444444444444,0.0,0.34876666666666667,optimal
2021-02-07 17:00:00,31,6,0.0,0.23222222222222222,0.0,0.5400333333333333,optimal
2021-02-07 17:30:00,31,6,0.0,0.3096296296296296,0.0,0.7301666666666666,optimal
2021-02-07 18:00:00,31,6,0.0,0.0,0.0,0.34576666666666667,optimal
2021-02-07 18:30:00,31,6,0.0,0.387037037037037,0.0,0.36006666666666665,optimal
2021-02-07 19:00:00,31,6,0.0,0.0,0.0,0.6433666666666666,optimal
2021-02-07 19:30:00,31,6,0.0,0.0774074074074074,0.0,0.47203333333333336,optimal
2021-02-07 20:00:00,31,6,0.014173475505756298,0.0,0.0,0.5557000000000001,optimal
2021-02-07 20:30:00,31,6,0.0,0.0,0.0,0.5772333333333334,optimal
2021-02-07 21:00:00,31,6,0.0,0.0,0.0,0.24930000000000002,optimal
2021-02-07 21:30:00,31,6,0.0,0.0774074074074074,0.0,0.5177999999999999,optimal
2021-02-07 22:00:00,31,6,0.0,0.0,0.0,0.4309333333333333,optimal
2021-02-07 22:30:00,31,6,0.0,0.0774074074074074,0.0,0.4934333333333333,optimal
2021-02-07 23:00:00,31,6,0.0,6.115185185185184,0.0,0.48769999999999997,optimal
2021-02-07 23:30:00,31,6,0.0,0.0,0.0,0.24806666666666663,optimal
2021-02-08 00:00:00,31,6,0.0,0.0,0.0,0.06,optimal
2021-02-08 00:30:00,31,6,0.0,0.0774074074074074,0.0,0.6688333333333334,optimal
2021-02-08 01:00:00,31,6,0.0,0.1548148148148148,0.0,0.0785,optimal
2021-02-08 01:30:00,31,6,0.0,0.0,0.0,0.08066666666666668,optimal
2021-02-08 02:00:00,31,6,0.0,0.0,0.0,0.3955,optimal
2021-02-08 02:30:00,31,6,0.5972730116902409,0.0,0.0,0.2483333333333333,optimal
2021-02-08 03:00:00,31,6,1.1428571428571428,0.0,0.0,0.3265,optimal
2021-02-08 03:30:00,31,6,1.1428571428571428,0.0,0.0,0.28026666666666666,optimal
2021-02-08 04:00:00,31,6,1.1428571428571428,0.3096296296296296,0.0,0.095,optimal
2021-02-08 04:30:00,31,6,1.1428571428571428,0.3096296296296296,0.0,0.3591333333333333,optimal
2021-02-08 05:00:00,31,6,1.1428571428571428,0.0,0.0,0.6030333333333333,optimal
2021-02-08 05:30:00,31,6,1.1428571428571428,1.548148148148148,1.2853850918925727,0.1715,optimal
2021-02-08 06:00:00,31,6,1.1428571428571428,0.774074074074074,5.0,0.3006666666666667,optimal
2021-02-08 06:30:00,31,6,1.1428571428571428,0.23222222222222222,5.0,0.18366666666666662,optimal
2021-02-08 07:00:00,31,6,1.1428571428571428,4.257407407407407,5.0,0.2,optimal
2021-02-08 07:30:00,31,6,1.1428571428571428,0.23222222222222222,0.0,0.6348333333333334,optimal
2021-02-08 08:00:00,31,6,0.7375816270125181,0.0774074074074074,0.0,0.14066666666666666,optimal
2021-02-08 08:30:00,31,6,0.8117743046189196,0.0,0.0,0.072,optimal
2021-02-08 09:00:00,31,6,0.49574712096023915,0.0,0.0,0.4596,optimal
2021-02-08 09:30:00,31,6,0.46652477121730446,0.0,0.0,1.7651,optimal
2021-02-08 10:00:00,31,6,0.4238274978184126,5.573333333333333,0.0,0.3478333333333333,optimal
2021-02-08 10:30:00,31,6,0.3268327047041952,0.0,0.0,0.7636000000000001,optimal
2021-02-08 11:00:00,31,6,0.28342074106550846,0.3096296296296296,0.0,0.3372333333333333,optimal
2021-02-08 11:30:00,31,6,0.25799187298291826,0.0,0.0,0.4610666666666667,optimal
2021-02-08 12:00:00,31,6,0.24306032346182038,0.0,0.0,0.14646666666666666,optimal
2021-02-08 12:30:00,31,6,0.21367496824903137,0.5418518518518518,0.0,0.2303,optimal
2021-02-08 13:00:00,31,6,0.11621434719400722,0.0,0.0,0.5938333333333333,optimal
2021-02-08 13:30:00,31,6,0.23368833625427846,0.0,0.0,0.185,optimal
2021-02-08 14:00:00,31,6,1.0824327643886276,0.0,0.0,0.4968666666666667,optimal
2021-02-08 14:30:00,31,6,1.1428571428571428,0.0,0.0,1.6099,optimal
2021-02-08 15:00:00,31,6,1.1428571428571428,0.0,0.0,2.2612666666666668,optimal
2021-02-08 15:30:00,31,6,1.1428571428571428,0.1548148148148148,0.0,0.5346666666666666,optimal
2021-02-08 16:00:00,31,6,0.0,0.23222222222222222,0.0,0.39166666666666666,optimal
2021-02-08 16:30:00,31,6,0.0,0.3096296296296296,0.0,0.49126666666666663,optimal
2021-02-08 17:00:00,31,6,0.0,0.3096296296296296,0.0,0.4904,optimal
2021-02-08 17:30:00,31,6,0.0,0.774074074074074,0.0,0.34453333333333336,optimal
2021-02-08 18:00:00,31,6,0.0,0.3096296296296296,0.0,0.4839666666666666,optimal
2021-02-08 18:30:00,31,6,0.0,0.774074074074074,0.0,0.5882999999999999,optimal
2021-02-08 19:00:00,31,6,0.0,0.3096296296296296,0.0,0.7229666666666666,optimal
2021-02-08 19:30:00,31,6,0.0,0.3096296296296296,0.0,0.35960000000000003,optimal
2021-02-08 20:00:00,31,6,0.0,0.0,0.0,0.6836333333333333,optimal
2021-02-08 20:30:00,31,6,0.0,0.0,0.0,0.3348,optimal
2021-02-08 21:00:00,31,6,0.0,0.0774074074074074,0.0,0.21666666666666662,optimal
2021-02-08 21:30:00,31,6,0.0,0.0,0.0,0.6205666666666667,optimal
2021-02-08 22:00:00,31,6,0.0,0.0,0.0,0.2841666666666667,optimal
2021-02-08 22:30:00,31,6,0.0,0.0,0.0,0.072,optimal
2021-02-08 23:00:00,31,6,0.0,0.0,0.0,0.13983333333333334,optimal
2021-02-08 23:30:00,31,6,0.0,0.0,0.0,0.2585,optimal
2021-02-09 00:00:00,31,6,0.0,0.0,0.0,0.05,optimal
2021-02-09 00:30:00,31,6,0.0,0.0,0.0,0.07816666666666668,optimal
2021-02-09 01:00:00,31,6,0.0,0.0,0.0,0.14576666666666668,optimal
2021-02-09 01:30:00,31,6,0.7602415084513517,0.0,0.0,0.13306666666666667,optimal
2021-02-09 02:00:00,31,6,1.1428571428571428,0.0,0.0,0.12323333333333332,optimal
2021-02-09 02:30:00,31,6,1.1428571428571428,0.0,0.0,0.17783333333333334,optimal
2021-02-09 03:00:00,31,6,1.1428571428571428,0.0,0.0,0.05593333333333333,optimal
2021-02-09 03:30:00,31,6,1.1428571428571428,0.0,0.0,0.10633333333333331,optimal
2021-02-09 04:00:00,31,6,1.1428571428571428,0.0,0.0,0.20066666666666663,optimal
2021-02-09 04:30:00,31,6,1.1428571428571428,0.0,0.0,0.05,optimal
2021-02-09 05:00:00,31,6,1.1428571428571428,0.0,1.0065340984095434,0.05,optimal
2021-02-09 05:30:00,31,6,1.1428571428571428,0.0,5.0,0.18913333333333332,optimal
2021-02-09 06:00:00,31,6,1.1428571428571428,0.23222222222222222,5.0,0.12686666666666666,optimal
2021-02-09 06:30:00,31,6,1.1428571428571428,0.46444444444444444,5.0,0.058,optimal
2021-02-09 07:00:00,31,6,1.1428571428571428,0.3096296296296296,0.0,2.5357,optimal
2021-02-09 07:30:00,31,6,1.1428571428571428,0.1548148148148148,0.0,1.9187,optimal
2021-02-09 08:00:00,31,6,0.5557157254701005,0.23222222222222222,0.0,0.8496,optimal
2021-02-09 08:30:00,31,6,0.6334648042985926,0.23222222222222222,0.0,1.3948,optimal
2021-02-09 09:00:00,31,6,0.6005176464590337,0.0,0.0,1.0803666666666665,optimal
2021-02-09 09:30:00,31,6,0.5526729469731719,0.1548148148148148,0.0,2.1568,optimal
2021-02-09 10:00:00,31,6,0.40551620872118366,0.0,0.0,0.6853333333333333,optimal
2021-02-09 10:30:00,31,6,0.3093126099432945,0.0,0.0,3.3166666666666664,optimal
2021-02-09 11:00:00,31,6,0.20503371765583195,0.0774074074074074,0.0,0.48760000000000003,optimal
2021-02-09 11:30:00,31,6,0.14313928361453868,2.012592592592592,0.0,1.8555,optimal
2021-02-09 12:00:00,31,6,0.0,0.3096296296296296,0.0,1.9218333333333333,optimal
2021-02-09 12:30:00,31,6,0.0,0.23222222222222222,0.0,2.6164666666666667,optimal
2021-02-09 13:00:00,31,6,0.0,0.0,0.0,3.353833333333333,optimal
2021-02-09 13:30:00,31,6,0.0,0.0,0.0,1.2932000000000001,optimal
2021-02-09 14:00:00,31,6,0.0,0.3096296296296296,0.0,0.4591,optimal
2021-02-09 14:30:00,31,6,0.6173899745324035,0.0,0.0,2.6864,optimal
2021-02-09 15:00:00,31,6,1.1428571428571428,0.0,0.0,1.6962000000000002,optimal
2021-02-09 15:30:00,31,6,1.1428571428571428,0.0774074074074074,0.0,1.6809666666666667,optimal
2021-02-09 16:00:00,31,6,0.0,0.0,0.0,0.764,optimal
2021-02-09 16:30:00,31,6,0.0,0.23222222222222222,0.0,1.7951666666666668,optimal
2021-02-09 17:00:00,31,6,0.0,0.0,0.0,2.162733333333333,optimal
2021-02-09 17:30:00,31,6,0.0,0.0,0.0,2.344866666666667,optimal
2021-02-09 18:00:00,31,6,0.0,0.0,0.0,1.9253666666666662,optimal
2021-02-09 18:30:00,31,6,0.0,0.0,0.0,1.1084666666666667,optimal
2021-02-09 19:00:00,31,6,0.0,0.8514814814814814,0.0,1.3589,optimal
2021-02-09 19:30:00,31,6,0.0,0.3096296296296296,0.0,0.5131333333333333,optimal
2021-02-09 20:00:00,31,6,0.0,0.46444444444444444,0.0,0.9736666666666667,optimal
2021-02-09 20:30:00,31,6,0.0,0.3096296296296296,0.0,2.2714666666666665,optimal
2021-02-09 21:00:00,31,6,0.0,0.3096296296296296,0.0,1.1391666666666667,optimal
2021-02-09 21:30:00,31,6,0.0,0.0,0.0,1.5746666666666667,optimal
2021-02-09 22:00:00,31,6,0.0,0.387037037037037,0.0,1.804233333333333,optimal
2021-02-09 22:30:00,31,6,0.0,0.3096296296296296,0.0,0.9182666666666668,optimal
2021-02-09 23:00:00,31,6,0.0,0.0,0.0,0.2479333333333333,optimal
2021-02-09 23:30:00,31,6,0.0,0.0,0.0,0.6005666666666667,optimal
2021-02-10 00:00:00,31,6,0.0,0.0,0.0,0.056,optimal
2021-02-10 00:30:00,31,6,0.0,0.0,0.0,0.056,optimal
2021-02-10 01:00:00,31,6,0.0,0.0,0.0,0.1532666666666667,optimal
2021-02-10 01:30:00,31,6,0.6039060635363012,0.0,0.0,0.1886,optimal
2021-02-10 02:00:00,31,6,1.1428571428571428,0.0,0.0,0.06353333333333333,optimal
2021-02-10 02:30:00,31,6,1.1428571428571428,0.0,0.0,0.11626666666666668,optimal
2021-02-10 03:00:00,31,6,1.1428571428571428,0.0,0.0,0.15913333333333332,optimal
2021-02-10 03:30:00,31,6,1.1428571428571428,0.0,0.0,0.1827333333333333,optimal
2021-02-10 04:00:00,31,6,1.1428571428571428,0.0,0.0,0.08546666666666666,optimal
2021-02-10 04:30:00,31,6,1.1428571428571428,0.0,0.0,0.1886,optimal
2021-02-10 05:00:00,31,6,1.1428571428571428,0.0,0.0,0.056,optimal
2021-02-10 05:30:00,31,6,1.1428571428571428,0.0,0.0,0.21806666666666663,optimal
2021-02-10 06:00:00,31,6,1.1428571428571428,0.0,0.45377014747419697,0.056,optimal
2021-02-10 06:30:00,31,6,1.1428571428571428,0.0,5.0,0.24166666666666664,optimal
2021-02-10 07:00:00,31,6,1.1428571428571428,2.2448148148148146,5.0,0.10886666666666665,optimal
2021-02-10 07:30:00,31,6,1.1428571428571428,0.6192592592592592,0.0,0.16443333333333335,optimal
2021-02-10 08:00:00,31,6,0.6063692005751525,0.0,0.0,0.26713333333333333,optimal
2021-02-10 08:30:00,31,6,0.5012695596480705,0.774074074074074,0.0,0.5982999999999999,optimal
2021-02-10 09:00:00,31,6,0.6657512225106359,0.1548148148148148,0.0,0.13319999999999999,optimal
2021-02-10 09:30:00,31,6,0.6748896768216526,0.0,0.0,0.2402,optimal
2021-02-10 10:00:00,31,6,0.5340746776686089,0.0,0.0,0.066,optimal
2021-02-10 10:30:00,31,6,0.4747380422113829,0.0,0.0,0.25116666666666665,optimal
2021-02-10 11:00:00,31,6,0.38258111091908936,0.0,0.0,0.1107,optimal
2021-02-10 11:30:00,31,6,0.3910646237888869,0.0,0.0,0.066,optimal
2021-02-10 12:00:00,31,6,0.1605575125904858,0.0,0.0,0.2885,optimal
2021-02-10 12:30:00,31,6,0.17251560782859005,0.0,0.0,0.40976666666666667,optimal
2021-02-10 13:00:00,31,6,0.07363690231614127,0.0774074074074074,0.0,1.3728,optimal
2021-02-10 13:30:00,31,6,1.0332402220684473,0.1548148148148148,0.0,2.3702666666666667,optimal
2021-02-10 14:00:00,31,6,1.1428571428571428,4.721851851851852,0.0,0.08940000000000001,optimal
2021-02-10 14:30:00,31,6,1.1428571428571428,0.0774074074074074,0.0,1.496,optimal
2021-02-10 15:00:00,31,6,1.1428571428571428,0.0,0.0,0.3735,optimal
2021-02-10 15:30:00,31,6,1.1428571428571428,0.5418518518518518,0.0,0.22633333333333328,optimal
2021-02-10 16:00:00,31,6,0.0,0.0,0.0,0.16433333333333333,optimal
2021-02-10 16:30:00,31,6,0.0,0.0774074074074074,0.0,0.4711666666666667,optimal
2021-02-10 17:00:00,31,6,0.0,0.0774074074074074,0.0,0.096,optimal
2021-02-10 17:30:00,31,6,0.0,0.46444444444444444,0.0,0.193,optimal
2021-02-10 18:00:00,31,6,0.0,0.46444444444444444,0.0,0.20646666666666666,optimal
2021-02-10 18:30:00,31,6,0.0,0.3096296296296296,0.0,0.15566666666666665,optimal
2021-02-10 19:00:00,31,6,0.0,0.3096296296296296,0.0,0.18769999999999998,optimal
2021-02-10 19:30:00,31,6,0.0,0.0,0.0,0.3469333333333333,optimal
2021-02-10 20:00:00,31,6,0.0,0.23222222222222222,0.0,0.2586333333333333,optimal
2021-02-10 20:30:00,31,6,0.0,0.0,0.0,0.25876666666666664,optimal
2021-02-10 21:00:00,31,6,0.0,0.0,0.0,0.7035,optimal
2021-02-10 21:30:00,31,6,0.0,0.0,0.0,0.41556666666666664,optimal
2021-02-10 22:00:00,31,6,0.0,0.0,0.0,0.6469333333333332,optimal
2021-02-10 22:30:00,31,6,0.0,0.0,0.0,0.3591666666666667,optimal
2021-02-10 23:00:00,31,6,0.0,0.0,0.0,0.2549333333333333,optimal
2021-02-10 23:30:00,31,6,0.0,0.0,0.0,0.1026,optimal
2021-02-11 00:00:00,31,6,0.3344056724918947,0.0,0.0,0.062,optimal
2021-02-11 00:30:00,31,6,1.1428571428571428,0.0,0.0,0.11333333333333331,optimal
2021-02-11 01:00:00,31,6,1.1428571428571428,0.0,0.0,0.249,optimal
2021-02-11 01:30:00,31,6,1.1428571428571428,0.0,0.0,0.062,optimal
2021-02-11 02:00:00,31,6,1.1428571428571428,0.0,0.0,0.2818333333333333,optimal
2021-02-11 02:30:00,31,6,1.1428571428571428,0.0,0.0,0.0805,optimal
2021-02-11 03:00:00,31,6,1.1428571428571428,0.0,0.0,0.062,optimal
2021-02-11 03:30:00,31,6,1.1428571428571428,0.0,0.0,0.30033333333333334,optimal
2021-02-11 04:00:00,31,6,1.1428571428571428,0.0,0.0,0.062,optimal
2021-02-11 04:30:00,31,6,1.1428571428571428,0.0,2.230750559774965,0.14216666666666666,optimal
2021-02-11 05:00:00,31,6,1.1428571428571428,0.0,5.0,0.22016666666666662,optimal
2021-02-11 05:30:00,31,6,1.1428571428571428,0.0,5.0,0.09283333333333331,optimal
2021-02-11 06:00:00,31,6,1.1428571428571428,0.0,5.0,0.2585,optimal
2021-02-11 06:30:00,31,6,1.1428571428571428,0.0,5.0,1.0872,optimal
2021-02-11 07:00:00,31,6,1.1428571428571428,0.6192592592592592,5.0,0.36956666666666665,optimal
2021-02-11 07:30:00,31,6,1.1428571428571428,5.341111111111111,0.0,0.20766666666666664,optimal
2021-02-11 08:00:00,31,6,0.6734674221444595,0.0,0.0,0.3689333333333333,optimal
2021-02-11 08:30:00,31,6,0.8322612004588201,0.0,0.0,0.26126666666666665,optimal
2021-02-11 09:00:00,31,6,0.8194668789636802,0.0,0.0,0.10283333333333332,optimal
2021-02-11 09:30:00,31,6,0.7254781746486098,0.0,0.0,0.18416666666666662,optimal
2021-02-11 10:00:00,31,6,0.4465459660265353,0.0,0.0,0.16733333333333333,optimal
2021-02-11 10:30:00,31,6,0.4995115554744445,0.0,0.0,0.072,optimal
2021-02-11 11:00:00,31,6,0.2886871958449252,0.0,0.0,0.3103333333333333,optimal
2021-02-11 11:30:00,31,6,0.3246230661779023,0.0,0.0,0.072,optimal
2021-02-11 12:00:00,31,6,0.1627327414632782,0.0,0.0,0.072,optimal
2021-02-11 12:30:00,31,6,0.10552795606931648,0.0,0.0,0.17466666666666666,optimal
2021-02-11 13:00:00,31,6,0.09387335095109531,0.0,0.0,0.2188333333333333,optimal
2021-02-11 13:30:00,31,6,0.5434075895159737,0.0,0.0,0.12833333333333335,optimal
2021-02-11 14:00:00,31,6,1.1428571428571428,0.0774074074074074,0.0,0.44889999999999997,optimal
2021-02-11 14:30:00,31,6,1.1428571428571428,0.1548148148148148,0.0,0.2058,optimal
2021-02-11 15:00:00,31,6,1.1428571428571428,0.23222222222222222,0.0,0.31039999999999995,optimal
2021-02-11 15:30:00,31,6,1.1428571428571428,0.0,0.0,2.475033333333333,optimal
2021-02-11 16:00:00,31,6,0.0,0.46444444444444444,0.0,1.2651,optimal
2021-02-11 16:30:00,31,6,0.0,0.23222222222222222,0.0,0.4151,optimal
2021-02-11 17:00:00,31,6,0.0,0.1548148148148148,0.0,1.9003333333333332,optimal
2021-02-11 17:30:00,31,6,0.0,0.23222222222222222,0.0,0.40373333333333333,optimal
2021-02-11 18:00:00,31,6,0.0,0.3096296296296296,0.0,0.33253333333333335,optimal
2021-02-11 18:30:00,31,6,0.0,0.1548148148148148,0.0,0.5153333333333334,optimal
2021-02-11 19:00:00,31,6,0.0,0.387037037037037,0.0,0.48483333333333334,optimal
2021-02-11 19:30:00,31,6,0.0,0.5418518518518518,0.0,0.47383333333333333,optimal
2021-02-11 20:00:00,31,6,0.0,0.6966666666666667,0.0,0.503,optimal
2021-02-11 20:30:00,31,6,0.0,0.0,0.0,1.2470333333333332,optimal
2021-02-11 21:00:00,31,6,0.0,0.0,0.0,0.4914666666666666,optimal
2021-02-11 21:30:00,31,6,0.0,0.0,0.0,0.1766,optimal
2021-02-11 22:00:00,31,6,0.0,0.0,0.0,0.17466666666666666,optimal
2021-02-11 22:30:00,31,6,0.0,0.0,0.0,0.19533333333333328,optimal
2021-02-11 23:00:00,31,6,0.0,0.0,0.0,0.08433333333333333,optimal
2021-02-11 23:30:00,31,6,0.0,0.0,0.0,0.07933333333333333,optimal
2021-02-12 00:00:00,31,6,1.1428571428571428,0.0,0.0,0.061,optimal
2021-02-12 00:30:00,31,6,1.1428571428571428,0.0,0.0,0.061,optimal
2021-02-12 01:00:00,31,6,1.1428571428571428,0.0,0.0,0.1288,optimal
2021-02-12 01:30:00,31,6,1.1428571428571428,0.0,0.0,0.061,optimal
2021-02-12 02:00:00,31,6,1.1428571428571428,0.0,0.0,0.12126666666666668,optimal
2021-02-12 02:30:00,31,6,1.1428571428571428,0.0,0.0,0.06853333333333333,optimal
2021-02-12 03:00:00,31,6,1.1428571428571428,0.0,0.0,0.061,optimal
2021-02-12 03:30:00,31,6,1.1428571428571428,0.0,0.0,0.1288,optimal
2021-02-12 04:00:00,31,6,1.1428571428571428,0.0,0.0,0.061,optimal
2021-02-12 04:30:00,31,6,1.1428571428571428,0.0,0.0,0.1288,optimal
2021-02-12 05:00:00,31,6,1.1428571428571428,0.0,0.0,0.061,optimal
2021-02-12 05:30:00,31,6,1.1428571428571428,0.0,0.0,0.1062,optimal
2021-02-12 06:00:00,31,6,1.1428571428571428,0.0,3.4718877040317793,0.0836,optimal
2021-02-12 06:30:00,31,6,1.1428571428571428,0.0,5.0,0.061,optimal
2021-02-12 07:00:00,31,6,1.1428571428571428,0.0,5.0,0.11696666666666668,optimal
2021-02-12 07:30:00,31,6,1.1428571428571428,6.936994360288077,0.0,0.4349333333333333,optimal
2021-02-12 08:00:00,31,6,0.7610081248498078,2.150377777777778,0.0,1.2420333333333333,optimal
2021-02-12 08:30:00,31,6,0.7752239562530698,3.345548148148148,0.0,1.0425666666666666,optimal
2021-02-12 09:00:00,31,6,0.6740075084694561,0.0,0.0,0.18863333333333332,optimal
2021-02-12 09:30:00,31,6,0.6536543154144281,0.387037037037037,0.0,0.16833333333333333,optimal
2021-02-12 10:00:00,31,6,0.48551454823577445,0.0,0.0,0.08606666666666667,optimal
2021-02-12 10:30:00,31,6,0.45760098066732663,0.0,0.0,0.12373333333333332,optimal
2021-02-12 11:00:00,31,6,0.2868432707705712,0.0,0.0,0.07853333333333333,optimal
2021-02-12 11:30:00,31,6,0.26963264625308525,0.0,0.0,0.13126666666666667,optimal
2021-02-12 12:00:00,31,6,0.2227466819545211,0.0,0.0,0.071,optimal
2021-02-12 12:30:00,31,6,0.2012312955322684,0.0,0.0,0.1388,optimal
2021-02-12 13:00:00,31,6,0.14434085594158536,0.3096296296296296,0.0,0.19696666666666668,optimal
2021-02-12 13:30:00,31,6,1.0678639952332787,0.1548148148148148,0.0,0.14503333333333332,optimal
2021-02-12 14:00:00,31,6,1.1428571428571428,0.0,0.0,0.16756666666666667,optimal
2021-02-12 14:30:00,31,6,1.1428571428571428,4.280629629629629,0.0,1.7801,optimal
2021-02-12 15:00:00,31,6,1.1428571428571428,2.6086296296296303,0.0,0.5047666666666667,optimal
2021-02-12 15:30:00,31,6,1.1428571428571428,0.3096296296296296,0.0,0.5195666666666667,optimal
2021-02-12 16:00:00,31,6,0.0,0.23222222222222222,0.0,0.47386666666666666,optimal
2021-02-12 16:30:00,31,6,0.0,0.387037037037037,0.0,0.5847,optimal
2021-02-12 17:00:00,31,6,0.0,0.46444444444444444,0.0,0.3811333333333333,optimal
2021-02-12 17:30:00,31,6,0.0,0.0774074074074074,0.0,0.42473333333333335,optimal
2021-02-12 18:00:00,31,6,0.0,0.3096296296296296,0.0,0.355,optimal
2021-02-12 18:30:00,31,6,0.0,0.5418518518518518,0.0,0.6959666666666667,optimal
2021-02-12 19:00:00,31,6,0.0,0.8514814814814814,0.0,0.38503333333333334,optimal
2021-02-12 19:30:00,31,6,0.0,0.1548148148148148,0.0,0.32106666666666667,optimal
2021-02-12 20:00:00,31,6,0.0,0.0,0.0,0.5296333333333333,optimal
2021-02-12 20:30:00,31,6,0.0,0.0,0.0,0.3954333333333333,optimal
2021-02-12 21:00:00,31,6,0.0,0.6192592592592592,0.0,0.48256666666666664,optimal
2021-02-12 21:30:00,31,6,0.0,0.0,0.0,0.42810000000000004,optimal
2021-02-12 22:00:00,31,6,0.0,0.3096296296296296,0.0,0.32443333333333335,optimal
2021-02-12 22:30:00,31,6,0.0,0.0,0.0,0.4104,optimal
2021-02-12 23:00:00,31,6,0.0,0.1548148148148148,0.0,0.5680333333333333,optimal
2021-02-12 23:30:00,31,6,0.0,0.0,0.0,0.4904333333333333,optimal
2021-02-13 00:00:00,31,6,0.0,0.0774074074074074,0.0,0.29046666666666665,optimal
2021-02-13 00:30:00,31,6,0.0,0.0,0.0,0.2831666666666667,optimal
2021-02-13 01:00:00,31,6,0.20582947197815238,0.0,0.0,0.15533333333333335,optimal
2021-02-13 01:30:00,31,6,1.1428571428571428,0.0,0.0,0.11,optimal
2021-02-13 02:00:00,31,6,1.1428571428571428,0.0,0.0,0.19533333333333328,optimal
2021-02-13 02:30:00,31,6,1.1428571428571428,0.0,0.0,0.056,optimal
2021-02-13 03:00:00,31,6,1.1428571428571428,0.0,0.0,0.0985,optimal
2021-02-13 03:30:00,31,6,1.1428571428571428,0.0,0.0,0.2428333333333333,optimal
2021-02-13 04:00:00,31,6,1.1428571428571428,0.0,0.0,0.062,optimal
2021-02-13 04:30:00,31,6,1.1428571428571428,0.0,0.0,0.1155,optimal
2021-02-13 05:00:00,31,6,1.1428571428571428,0.0,0.0,0.2458333333333333,optimal
2021-02-13 05:30:00,31,6,1.1428571428571428,0.0,0.4815395080996753,0.15380000000000002,optimal
2021-02-13 06:00:00,31,6,1.1428571428571428,0.3096296296296296,5.0,1.1222333333333332,optimal
2021-02-13 06:30:00,31,6,1.1428571428571428,0.774074074074074,5.0,0.41723333333333334,optimal
2021-02-13 07:00:00,31,6,1.1428571428571428,0.46444444444444444,5.0,0.154,optimal
2021-02-13 07:30:00,31,6,1.1428571428571428,0.0,0.0,0.15266666666666664,optimal
2021-02-13 08:00:00,31,6,0.7547149942136776,2.3222222222222215,0.0,0.12726666666666667,optimal
2021-02-13 08:30:00,31,6,0.641538655410479,0.46444444444444444,0.0,0.48419999999999996,optimal
2021-02-13 09:00:00,31,6,0.6445916092981335,0.3096296296296296,0.0,0.18806666666666663,optimal
2021-02-13 09:30:00,31,6,0.6519861057583337,0.0,0.0,0.11066666666666669,optimal
2021-02-13 10:00:00,31,6,0.442718762252689,0.0,0.0,0.32193333333333335,optimal
2021-02-13 10:30:00,31,6,0.419584328211393,0.23222222222222222,0.0,0.4582333333333333,optimal
2021-02-13 11:00:00,31,6,0.2430646700280103,0.23222222222222222,0.0,0.3153,optimal
2021-02-13 11:30:00,31,6,0.34062547408194543,0.0,0.0,0.156,optimal
2021-02-13 12:00:00,31,6,0.26452316212738525,0.0,0.0,0.11666666666666668,optimal
2021-02-13 12:30:00,31,6,0.2249495321400379,0.0,0.0,0.24016666666666664,optimal
2021-02-13 13:00:00,31,6,1.1428571428571428,0.0,0.0,0.0705,optimal
2021-02-13 13:30:00,31,6,1.1428571428571428,0.0,0.0,0.066,optimal
2021-02-13 14:00:00,31,6,1.1428571428571428,0.0,0.0,0.2458333333333333,optimal
2021-02-13 14:30:00,31,6,1.1428571428571428,0.0,0.0,0.1155,optimal
2021-02-13 15:00:00,31,6,1.1428571428571428,0.0,0.0,0.1445,optimal
2021-02-13 15:30:00,31,6,1.1428571428571428,0.0,0.0,0.3021666666666667,optimal
2021-02-13 16:00:00,31,6,0.0,0.23222222222222222,0.0,0.194,optimal
2021-02-13 16:30:00,31,6,0.0,0.387037037037037,0.0,0.3852,optimal
2021-02-13 17:00:00,31,6,0.0,0.0,0.0,0.29,optimal
2021-02-13 17:30:00,31,6,0.0,0.3096296296296296,0.0,0.44903333333333334,optimal
2021-02-13 18:00:00,31,6,0.0,0.46444444444444444,0.0,0.5204333333333333,optimal
2021-02-13 18:30:00,31,6,0.0,0.46444444444444444,0.0,0.40063333333333334,optimal
2021-02-13 19:00:00,31,6,0.0,0.23222222222222222,0.0,0.49956666666666666,optimal
2021-02-13 19:30:00,31,6,0.005695493133670758,0.0774074074074074,0.0,0.9744666666666668,optimal
2021-02-13 20:00:00,31,6,0.596775099787651,0.23222222222222222,0.0,0.3781666666666667,optimal
2021-02-13 20:30:00,31,6,0.0,0.0774074074074074,0.0,0.6399333333333332,optimal
2021-02-13 21:00:00,31,6,0.0,0.0,0.0,0.6342333333333333,optimal
2021-02-13 21:30:00,31,6,0.0,0.23222222222222222,0.0,0.3635,optimal
2021-02-13 22:00:00,31,6,0.0,0.5418518518518518,0.0,0.34926666666666667,optimal
2021-02-13 22:30:00,31,6,0.0,0.0,0.0,0.13533333333333333,optimal
2021-02-13 23:00:00,31,6,0.0,0.0,0.0,0.18766666666666662,optimal
2021-02-13 23:30:00,31,6,0.0,0.0,0.0,0.243,optimal
2021-02-07 00:00:00,32,6,0.0,0.0,0.0,0.11453333333333332,optimal
2021-02-07 00:30:00,32,6,0.0,0.0,0.0,0.15093333333333334,optimal
2021-02-07 01:00:00,32,6,0.0,0.0,0.0,0.066,optimal
2021-02-07 01:30:00,32,6,0.0,0.0,0.0,0.19946666666666668,optimal
2021-02-07 02:00:00,32,6,0.0,0.0,0.0,0.1296,optimal
2021-02-07 02:30:00,32,6,0.0,0.0,0.0,0.1812666666666667,optimal
2021-02-07 03:00:00,32,6,0.0,0.0,0.0,0.0842,optimal
2021-02-07 03:30:00,32,6,0.0,0.0,0.0,0.066,optimal
2021-02-07 04:00:00,32,6,1.1428571428571428,0.0,0.0,0.16306666666666667,optimal
2021-02-07 04:30:00,32,6,1.1428571428571428,0.0,0.0,0.166,optimal
2021-02-07 05:00:00,32,6,1.1428571428571428,0.23222222222222222,0.0,0.10503333333333331,optimal
2021-02-07 05:30:00,32,6,1.1428571428571428,0.0,1.205984286901014,0.20906666666666662,optimal
2021-02-07 06:00:00,32,6,1.1428571428571428,0.9288888888888889,0.0,0.11216666666666669,optimal
2021-02-07 06:30:00,32,6,1.1428571428571428,0.1548148148148148,0.0,0.20146666666666666,optimal
2021-02-07 07:00:00,32,6,1.1428571428571428,0.35142962962962954,0.0,0.16093333333333334,optimal
2021-02-07 07:30:00,32,6,0.0,1.2741259259259259,0.0,1.2964666666666667,optimal
2021-02-07 08:00:00,32,6,0.0,0.387037037037037,0.0,0.5862999999999999,optimal
2021-02-07 08:30:00,32,6,0.0,0.387037037037037,0.0,0.8591,optimal
2021-02-07 09:00:00,32,6,0.0,0.0,0.0,1.0323333333333333,optimal
2021-02-07 09:30:00,32,6,0.33603539225700346,0.0,0.0,0.0848,optimal
2021-02-07 10:00:00,32,6,0.51866820436464,0.0,0.0,0.2981666666666667,optimal
2021-02-07 10:30:00,32,6,0.6313085010186614,0.0,0.0,0.12193333333333334,optimal
2021-02-07 11:00:00,32,6,0.5499697963251586,0.0,0.0,0.076,optimal
2021-02-07 11:30:00,32,6,0.5027507487061021,0.0,0.0,0.24126666666666668,optimal
2021-02-07 12:00:00,32,6,0.4731141791538882,0.0,0.0,0.10779999999999999,optimal
2021-02-07 12:30:00,32,6,0.4752665601062657,0.0,0.0,0.10026666666666668,optimal
2021-02-07 13:00:00,32,6,0.5129609475063863,0.0,0.0,0.18519999999999998,optimal
2021-02-07 13:30:00,32,6,0.6118820224773761,0.0,0.0,0.076,optimal
2021-02-07 14:00:00,32,6,1.1428571428571428,0.0,0.0,0.20946666666666666,optimal
2021-02-07 14:30:00,32,6,1.1428571428571428,0.0,0.0,0.076,optimal
2021-02-07 15:00:00,32,6,1.1428571428571428,0.0,0.0,0.2823333333333333,optimal
2021-02-07 15:30:00,32,6,1.1428571428571428,0.0,0.0,0.16966666666666666,optimal
2021-02-07 16:00:00,32,6,0.0,0.23222222222222222,0.0,0.2312333333333333,optimal
2021-02-07 16:30:00,32,6,0.0,0.1548148148148148,0.0,0.13473333333333332,optimal
2021-02-07 17:00:00,32,6,0.0,0.0,0.0,2.2753666666666668,optimal
2021-02-07 17:30:00,32,6,0.0,0.23222222222222222,0.0,0.2892,optimal
2021-02-07 18:00:00,32,6,0.0,0.0,0.0,0.8094,optimal
2021-02-07 18:30:00,32,6,0.0,5.882962962962964,0.0,0.7986,optimal
2021-02-07 19:00:00,32,6,0.0,0.1548148148148148,0.0,0.24946666666666667,optimal
2021-02-07 19:30:00,32,6,0.0,0.387037037037037,0.0,2.494766666666667,optimal
2021-02-07 20:00:00,32,6,0.0,0.3096296296296296,0.0,0.49276666666666663,optimal
2021-02-07 20:30:00,32,6,0.0,0.0774074074074074,0.0,0.5752333333333334,optimal
2021-02-07 21:00:00,32,6,0.0,2.0899999999999994,0.0,0.5893333333333334,optimal
2021-02-07 21:30:00,32,6,0.0,0.387037037037037,0.0,0.6237,optimal
2021-02-07 22:00:00,32,6,0.0,0.1548148148148148,0.0,0.4868,optimal
2021-02-07 22:30:00,32,6,0.0,0.0,0.0,0.6927333333333333,optimal
2021-02-07 23:00:00,32,6,0.0,0.1548148148148148,0.0,0.4273333333333333,optimal
2021-02-07 23:30:00,32,6,0.0,0.0,0.0,0.13493333333333335,optimal
2021-02-08 00:00:00,32,6,0.0,0.0,0.0,0.054,optimal
2021-02-08 00:30:00,32,6,0.0,0.0,0.0,0.16733333333333333,optimal
2021-02-08 01:00:00,32,6,0.0,0.0,0.0,0.08733333333333333,optimal
2021-02-08 01:30:00,32,6,0.0,0.0,0.0,0.12179999999999999,optimal
2021-02-08 02:00:00,32,6,0.16938376269214378,0.0,0.0,0.1873333333333333,optimal
2021-02-08 02:30:00,32,6,1.1428571428571428,0.0,0.0,0.1313666666666667,optimal
2021-02-08 03:00:00,32,6,1.1428571428571428,0.0,0.0,0.14443333333333333,optimal
2021-02-08 03:30:00,32,6,1.1428571428571428,0.0,0.0,0.114,optimal
2021-02-08 04:00:00,32,6,1.1428571428571428,0.0,0.0,0.06733333333333333,optimal
2021-02-08 04:30:00,32,6,1.1428571428571428,0.0,0.0,0.2551333333333333,optimal
2021-02-08 05:00:00,32,6,1.1428571428571428,0.0,0.0,0.054,optimal
2021-02-08 05:30:00,32,6,1.1428571428571428,0.0,2.10189802073577,0.09166666666666669,optimal
2021-02-08 06:00:00,32,6,1.1428571428571428,5.728148148148147,5.0,0.3067333333333333,optimal
2021-02-08 06:30:00,32,6,1.1428571428571428,0.6966666666666667,5.0,0.21586666666666668,optimal
2021-02-08 07:00:00,32,6,1.1428571428571428,2.0899999999999994,5.0,0.36860000000000004,optimal
2021-02-08 07:30:00,32,6,1.1428571428571428,1.0837037037037036,0.0,0.0814,optimal
2021-02-08 08:00:00,32,6,0.6056482936791869,1.4134592592592592,0.0,0.246,optimal
2021-02-08 08:30:00,32,6,0.6472695427141537,6.579629629629631,0.0,0.10866666666666669,optimal
2021-02-08 09:00:00,32,6,0.5352004542935651,7.952837037037036,0.0,0.2164,optimal
2021-02-08 09:30:00,32,6,0.5022828664554068,0.0,0.0,0.28626666666666667,optimal
2021-02-08 10:00:00,32,6,0.36191321210412114,0.1548148148148148,0.0,0.24316666666666664,optimal
2021-02-08 10:30:00,32,6,0.5062593713708675,0.0,0.0,0.2584666666666666,optimal
2021-02-08 11:00:00,32,6,0.388178836303607,0.0,0.0,0.064,optimal
2021-02-08 11:30:00,32,6,0.38389092060196695,0.0,0.0,0.064,optimal
2021-02-08 12:00:00,32,6,0.2664793710808671,0.0,0.0,0.26339999999999997,optimal
2021-02-08 12:30:00,32,6,0.3886209546491696,0.0,0.0,0.12940000000000002,optimal
2021-02-08 13:00:00,32,6,1.1428571428571428,0.0,0.0,0.4205,optimal
2021-02-08 13:30:00,32,6,1.1428571428571428,0.0,0.0,0.06776666666666667,optimal
2021-02-08 14:00:00,32,6,1.1428571428571428,0.0,0.0,0.144,optimal
2021-02-08 14:30:00,32,6,1.1428571428571428,0.0,0.0,0.19846666666666668,optimal
2021-02-08 15:00:00,32,6,1.1428571428571428,0.0,0.0,0.064,optimal
2021-02-08 15:30:00,32,6,1.1428571428571428,0.0,0.0,0.09616666666666669,optimal
2021-02-08 16:00:00,32,6,0.0,0.0,0.0,0.24630000000000002,optimal
2021-02-08 16:30:00,32,6,0.0,0.0,0.0,0.064,optimal
2021-02-08 17:00:00,32,6,0.0,0.0,0.0,0.07906666666666666,optimal
2021-02-08 17:30:00,32,6,0.0,0.0,0.0,0.13006666666666666,optimal
2021-02-08 18:00:00,32,6,0.0,0.0,0.0,0.20133333333333328,optimal
2021-02-08 18:30:00,32,6,0.0,0.23222222222222222,0.0,0.21656666666666663,optimal
2021-02-08 19:00:00,32,6,0.0,0.3096296296296296,0.0,0.14433333333333334,optimal
2021-02-08 19:30:00,32,6,0.5619160910983143,0.5418518518518518,0.0,0.35003333333333336,optimal
2021-02-08 20:00:00,32,6,0.6153689170317203,0.0,0.0,1.0355999999999999,optimal
2021-02-08 20:30:00,32,6,0.0,0.0774074074074074,0.0,0.1288,optimal
2021-02-08 21:00:00,32,6,0.0,0.0,0.0,0.20533333333333328,optimal
2021-02-08 21:30:00,32,6,0.0,0.0,0.0,0.3701333333333333,optimal
2021-02-08 22:00:00,32,6,0.0,0.1548148148148148,0.0,0.6341,optimal
2021-02-08 22:30:00,32,6,0.0,0.3096296296296296,0.0,1.017966666666667,optimal
2021-02-08 23:00:00,32,6,0.0,0.0,0.0,0.23703333333333332,optimal
2021-02-08 23:30:00,32,6,0.0,0.0,0.0,0.08636666666666666,optimal
2021-02-09 00:00:00,32,6,0.0,0.0,0.0,0.064,optimal
2021-02-09 00:30:00,32,6,0.0,0.0,0.0,0.15546666666666667,optimal
2021-02-09 01:00:00,32,6,0.0428543561164035,0.0,0.0,0.064,optimal
2021-02-09 01:30:00,32,6,1.1428571428571428,0.0,0.0,0.064,optimal
2021-02-09 02:00:00,32,6,1.1428571428571428,0.0,0.0,0.07706666666666666,optimal
2021-02-09 02:30:00,32,6,1.1428571428571428,0.0,0.0,0.1424,optimal
2021-02-09 03:00:00,32,6,1.1428571428571428,0.0,0.0,0.06966666666666667,optimal
2021-02-09 03:30:00,32,6,1.1428571428571428,0.0,0.0,0.1072,optimal
2021-02-09 04:00:00,32,6,1.1428571428571428,0.0,0.0,0.11626666666666668,optimal
2021-02-09 04:30:00,32,6,1.1428571428571428,0.0,0.0,0.064,optimal
2021-02-09 05:00:00,32,6,1.1428571428571428,0.0,0.0,0.15546666666666667,optimal
2021-02-09 05:30:00,32,6,1.1428571428571428,0.0,0.0,0.064,optimal
2021-02-09 06:00:00,32,6,1.1428571428571428,0.0,0.5613066908067984,0.11626666666666668,optimal
2021-02-09 06:30:00,32,6,1.1428571428571428,0.0,5.0,0.1032,optimal
2021-02-09 07:00:00,32,6,1.1428571428571428,0.0,5.0,0.064,optimal
2021-02-09 07:30:00,32,6,1.1428571428571428,0.0,0.0,0.1032,optimal
2021-02-09 08:00:00,32,6,0.758372868327241,0.0,0.0,0.11626666666666668,optimal
2021-02-09 08:30:00,32,6,0.7668743281081163,0.0,0.0,0.064,optimal
2021-02-09 09:00:00,32,6,0.6336224083637909,0.0,0.0,0.15546666666666667,optimal
2021-02-09 09:30:00,32,6,0.6468919945922251,0.0,0.0,0.06966666666666667,optimal
2021-02-09 10:00:00,32,6,0.40584192300689864,1.8577777777777778,0.0,0.15683333333333335,optimal
2021-02-09 10:30:00,32,6,0.36757927660995215,0.0,0.0,0.2859,optimal
2021-02-09 11:00:00,32,6,0.15909086051298346,0.3096296296296296,0.0,0.2975,optimal
2021-02-09 11:30:00,32,6,0.0,0.387037037037037,0.0,0.38546666666666657,optimal
2021-02-09 12:00:00,32,6,0.0,0.46444444444444444,0.0,0.3016666666666667,optimal
2021-02-09 12:30:00,32,6,0.0,0.774074074074074,0.0,0.3282,optimal
2021-02-09 13:00:00,32,6,0.0,0.1548148148148148,0.0,1.7425,optimal
2021-02-09 13:30:00,32,6,0.0,0.0774074074074074,0.0,0.5471333333333334,optimal
2021-02-09 14:00:00,32,6,0.0,0.0,0.0,0.5631333333333334,optimal
2021-02-09 14:30:00,32,6,0.1963169400019755,0.1548148148148148,0.0,0.8066333333333333,optimal
2021-02-09 15:00:00,32,6,1.1428571428571428,0.3096296296296296,0.0,0.7140666666666667,optimal
2021-02-09 15:30:00,32,6,1.1428571428571428,0.0,0.0,0.3601666666666667,optimal
2021-02-09 16:00:00,32,6,0.0,0.0,0.0,0.33126666666666665,optimal
2021-02-09 16:30:00,32,6,0.0,0.0,0.0,0.4131,optimal
2021-02-09 17:00:00,32,6,0.0,0.3096296296296296,0.0,0.3972,optimal
2021-02-09 17:30:00,32,6,0.0,0.1548148148148148,0.0,0.5128333333333334,optimal
2021-02-09 18:00:00,32,6,0.0,0.6192592592592592,0.0,0.2978,optimal
2021-02-09 18:30:00,32,6,0.0,0.387037037037037,0.0,0.3116333333333333,optimal
2021-02-09 19:00:00,32,6,0.0,0.387037037037037,0.0,0.35886666666666667,optimal
2021-02-09 19:30:00,32,6,0.0,0.1548148148148148,0.0,0.6548333333333334,optimal
2021-02-09 20:00:00,32,6,0.0,0.387037037037037,0.0,0.3470666666666667,optimal
2021-02-09 20:30:00,32,6,0.0,0.46444444444444444,0.0,0.6055666666666667,optimal
2021-02-09 21:00:00,32,6,0.0,0.23222222222222222,0.0,0.5177333333333334,optimal
2021-02-09 21:30:00,32,6,0.0,0.0,0.0,0.7157,optimal
2021-02-09 22:00:00,32,6,0.0,0.0,0.0,0.6305666666666667,optimal
2021-02-09 22:30:00,32,6,0.0,0.0,0.0,0.3686666666666667,optimal
2021-02-09 23:00:00,32,6,0.0,0.0,0.0,0.2796666666666667,optimal
2021-02-09 23:30:00,32,6,0.0,0.0,0.0,0.16513333333333333,optimal
2021-02-10 00:00:00,32,6,0.0,0.0,0.0,0.058,optimal
2021-02-10 00:30:00,32,6,0.0,0.0,0.0,0.058,optimal
2021-02-10 01:00:00,32,6,0.0,0.0,0.0,0.12366666666666669,optimal
2021-02-10 01:30:00,32,6,0.2870912113753985,0.0,0.0,0.08426666666666667,optimal
2021-02-10 02:00:00,32,6,1.1428571428571428,0.0,0.0,0.15333333333333335,optimal
2021-02-10 02:30:00,32,6,1.1428571428571428,0.0,0.0,0.14993333333333334,optimal
2021-02-10 03:00:00,32,6,1.1428571428571428,0.0,0.0,0.058,optimal
2021-02-10 03:30:00,32,6,1.1428571428571428,0.0,0.0,0.15333333333333335,optimal
2021-02-10 04:00:00,32,6,1.1428571428571428,0.0,0.0,0.14993333333333334,optimal
2021-02-10 04:30:00,32,6,1.1428571428571428,0.0,0.0,0.058,optimal
2021-02-10 05:00:00,32,6,1.1428571428571428,0.387037037037037,0.0,0.2142,optimal
2021-02-10 05:30:00,32,6,1.1428571428571428,0.3096296296296296,0.0,0.0864,optimal
2021-02-10 06:00:00,32,6,1.1428571428571428,0.0774074074074074,3.901756598848929,0.056,optimal
2021-02-10 06:30:00,32,6,1.1428571428571428,0.0,5.0,0.21996666666666667,optimal
2021-02-10 07:00:00,32,6,1.1428571428571428,1.3933333333333333,0.0,0.10216666666666668,optimal
2021-02-10 07:30:00,32,6,1.1428571428571428,0.387037037037037,0.0,0.08243333333333333,optimal
2021-02-10 08:00:00,32,6,0.29595777200372153,0.3096296296296296,0.0,1.5479666666666667,optimal
2021-02-10 08:30:00,32,6,0.43492098821949915,0.46444444444444444,0.0,1.4516666666666667,optimal
2021-02-10 09:00:00,32,6,0.32769979393921206,0.6192592592592592,0.0,1.3419,optimal
2021-02-10 09:30:00,32,6,0.37107062920260514,0.0,0.0,1.0110333333333332,optimal
2021-02-10 10:00:00,32,6,0.45409753481145954,0.0,0.0,0.2006,optimal
2021-02-10 10:30:00,32,6,0.43579137554472736,0.0,0.0,0.44360000000000005,optimal
2021-02-10 11:00:00,32,6,0.10540015853814642,0.0,0.0,2.864233333333333,optimal
2021-02-10 11:30:00,32,6,0.18241319521745367,0.0,0.0,2.4764,optimal
2021-02-10 12:00:00,32,6,0.005841322114303044,0.5418518518518518,0.0,1.7147000000000001,optimal
2021-02-10 12:30:00,32,6,0.19076703640001502,0.0,0.0,0.19256666666666664,optimal
2021-02-10 13:00:00,32,6,0.21965594993518764,0.0,0.0,0.23533333333333328,optimal
2021-02-10 13:30:00,32,6,0.7188825267125502,0.0,0.0,0.26143333333333335,optimal
2021-02-10 14:00:00,32,6,1.1428571428571428,0.2740222222222222,0.0,0.2812,optimal
2021-02-10 14:30:00,32,6,1.1428571428571428,0.11301481481481486,0.0,0.194,optimal
2021-02-10 15:00:00,32,6,1.1428571428571428,0.1548148148148148,0.0,0.1719,optimal
2021-02-10 15:30:00,32,6,1.1428571428571428,0.0,0.0,0.26580000000000004,optimal
2021-02-10 16:00:00,32,6,0.0,0.0,0.0,0.8413666666666667,optimal
2021-02-10 16:30:00,32,6,0.0,0.23222222222222222,0.0,1.4935666666666667,optimal
2021-02-10 17:00:00,32,6,0.0,0.46444444444444444,0.0,0.46013333333333334,optimal
2021-02-10 17:30:00,32,6,0.0,0.23222222222222222,0.0,0.34913333333333335,optimal
2021-02-10 18:00:00,32,6,0.0,0.46444444444444444,0.0,0.39653333333333335,optimal
2021-02-10 18:30:00,32,6,0.0,2.39962962962963,0.0,2.8209333333333335,optimal
2021-02-10 19:00:00,32,6,0.0,0.0,0.0,3.012033333333333,optimal
2021-02-10 19:30:00,32,6,0.0,0.23222222222222222,0.0,0.5695,optimal
2021-02-10 20:00:00,32,6,0.0,0.1548148148148148,0.0,0.32456666666666667,optimal
2021-02-10 20:30:00,32,6,0.0,0.1548148148148148,0.0,0.5606,optimal
2021-02-10 21:00:00,32,6,0.0,0.0774074074074074,0.0,0.2926333333333333,optimal
2021-02-10 21:30:00,32,6,0.0,0.0,0.0,0.47653333333333336,optimal
2021-02-10 22:00:00,32,6,0.0,2.4770370370370367,0.0,0.4672,optimal
2021-02-10 22:30:00,32,6,0.0,0.0,0.0,0.5752,optimal
2021-02-10 23:00:00,32,6,0.0,0.0,0.0,0.32556666666666667,optimal
2021-02-10 23:30:00,32,6,0.0,0.0,0.0,0.9499333333333332,optimal
2021-02-11 00:00:00,32,6,0.8653490155802749,0.1548148148148148,0.0,0.26843333333333336,optimal
2021-02-11 00:30:00,32,6,1.1428571428571428,0.0,0.0,0.088,optimal
2021-02-11 01:00:00,32,6,1.1428571428571428,0.0,0.0,0.047,optimal
2021-02-11 01:30:00,32,6,1.1428571428571428,0.0,0.0,0.047,optimal
2021-02-11 02:00:00,32,6,1.1428571428571428,0.0,0.0,0.047,optimal
2021-02-11 02:30:00,32,6,1.1428571428571428,0.0,0.0,0.047,optimal
2021-02-11 03:00:00,32,6,1.1428571428571428,0.0,0.0,0.047,optimal
2021-02-11 03:30:00,32,6,1.1428571428571428,0.0,0.0,0.047,optimal
2021-02-11 04:00:00,32,6,1.1428571428571428,0.0,0.0,0.047,optimal
2021-02-11 04:30:00,32,6,1.1428571428571428,0.23222222222222222,4.48194983721919,0.0591,optimal
2021-02-11 05:00:00,32,6,1.1428571428571428,0.23222222222222222,5.0,0.078,optimal
2021-02-11 05:30:00,32,6,1.1428571428571428,0.0,5.0,0.047,optimal
2021-02-11 06:00:00,32,6,1.1428571428571428,0.0,5.0,0.047,optimal
2021-02-11 06:30:00,32,6,1.1428571428571428,0.0,5.0,0.047,optimal
2021-02-11 07:00:00,32,6,1.1428571428571428,0.0,5.0,0.0798,optimal
2021-02-11 07:30:00,32,6,1.1428571428571428,0.0,0.0,0.10046666666666668,optimal
2021-02-11 08:00:00,32,6,0.7703436126206519,0.23222222222222222,0.0,0.07033333333333333,optimal
2021-02-11 08:30:00,32,6,0.8016135814112061,0.23222222222222222,0.0,0.24766666666666662,optimal
2021-02-11 09:00:00,32,6,0.7382192599160723,0.3096296296296296,0.0,0.046,optimal
2021-02-11 09:30:00,32,6,0.6223029365533705,0.387037037037037,0.0,0.6987666666666666,optimal
2021-02-11 10:00:00,32,6,0.11466977555034784,0.0774074074074074,0.0,2.8676666666666666,optimal
2021-02-11 10:30:00,32,6,0.402086793569683,0.0,0.0,1.8309333333333326,optimal
2021-02-11 11:00:00,32,6,0.36072529108302354,0.0,0.0,0.057,optimal
2021-02-11 11:30:00,32,6,0.32856592332075824,0.0,0.0,0.057,optimal
2021-02-11 12:00:00,32,6,0.16667559860614578,0.0,0.0,0.057,optimal
2021-02-11 12:30:00,32,6,0.13880414654550888,0.0,0.0,0.057,optimal
2021-02-11 13:00:00,32,6,1.1428571428571428,0.0,0.0,0.057,optimal
2021-02-11 13:30:00,32,6,1.1428571428571428,0.0,0.0,0.057,optimal
2021-02-11 14:00:00,32,6,1.1428571428571428,0.0,0.0,0.057,optimal
2021-02-11 14:30:00,32,6,1.1428571428571428,0.0,0.0,0.057,optimal
2021-02-11 15:00:00,32,6,1.1428571428571428,0.0,0.0,0.057,optimal
2021-02-11 15:30:00,32,6,1.1428571428571428,0.0,0.0,0.057,optimal
2021-02-11 16:00:00,32,6,0.0,0.1548148148148148,0.0,0.0593,optimal
2021-02-11 16:30:00,32,6,0.0,0.0774074074074074,0.0,0.056,optimal
2021-02-11 17:00:00,32,6,0.0,6.192592592592592,0.0,0.08066666666666668,optimal
2021-02-11 17:30:00,32,6,0.0,1.7803703703703702,0.0,0.22606666666666664,optimal
2021-02-11 18:00:00,32,6,0.0,0.23222222222222222,0.0,0.22686666666666666,optimal
2021-02-11 18:30:00,32,6,0.0,0.0,0.0,0.18893333333333331,optimal
2021-02-11 19:00:00,32,6,0.0,0.0,0.0,0.186,optimal
2021-02-11 19:30:00,32,6,0.0,0.0,0.0,0.15543333333333334,optimal
2021-02-11 20:00:00,32,6,0.7372333181745838,0.0,0.0,0.2586666666666667,optimal
2021-02-11 20:30:00,32,6,0.0,0.0,0.0,0.057,optimal
2021-02-11 21:00:00,32,6,0.0,0.0,0.0,0.057,optimal
2021-02-11 21:30:00,32,6,0.0,0.0,0.0,0.060333333333333336,optimal
2021-02-11 22:00:00,32,6,0.0,0.3096296296296296,0.0,0.0741,optimal
2021-02-11 22:30:00,32,6,0.0,0.0,0.0,1.091,optimal
2021-02-11 23:00:00,32,6,0.0,2.0899999999999994,0.0,0.1556,optimal
2021-02-11 23:30:00,32,6,0.0,0.0,0.0,0.10786666666666667,optimal
2021-02-12 00:00:00,32,6,1.1428571428571428,0.0,0.0,0.06459999999999999,optimal
2021-02-12 00:30:00,32,6,1.1428571428571428,0.0,0.0,0.1108,optimal
2021-02-12 01:00:00,32,6,1.1428571428571428,2.7866666666666666,0.0,0.056,optimal
2021-02-12 01:30:00,32,6,1.1428571428571428,0.0,0.0,0.1174,optimal
2021-02-12 02:00:00,32,6,1.1428571428571428,0.0,0.0,0.058,optimal
2021-02-12 02:30:00,32,6,1.1428571428571428,0.0,0.0,0.058,optimal
2021-02-12 03:00:00,32,6,1.1428571428571428,0.0,0.0,0.1174,optimal
2021-02-12 03:30:00,32,6,1.1428571428571428,0.0,0.0,0.058,optimal
2021-02-12 04:00:00,32,6,1.1428571428571428,0.0,0.0,0.058,optimal
2021-02-12 04:30:00,32,6,1.1428571428571428,0.0,0.0,0.058,optimal
2021-02-12 05:00:00,32,6,1.1428571428571428,0.0,0.0,0.1009,optimal
2021-02-12 05:30:00,32,6,1.1428571428571428,0.0,4.740518234260827,0.0745,optimal
2021-02-12 06:00:00,32,6,1.1428571428571428,0.0,5.0,0.058,optimal
2021-02-12 06:30:00,32,6,1.1428571428571428,0.387037037037037,5.0,0.10286666666666666,optimal
2021-02-12 07:00:00,32,6,1.1428571428571428,0.23222222222222222,0.0,0.0692,optimal
2021-02-12 07:30:00,32,6,1.1428571428571428,9.789742383456913,0.0,0.056,optimal
2021-02-12 08:00:00,32,6,0.8342366962783734,0.0,0.0,0.07856666666666666,optimal
2021-02-12 08:30:00,32,6,0.9082982419673581,0.46444444444444444,0.0,0.11723333333333331,optimal
2021-02-12 09:00:00,32,6,0.8772741751361164,0.0,0.0,0.068,optimal
2021-02-12 09:30:00,32,6,0.7753971725572871,0.0,0.0,0.09440000000000001,optimal
2021-02-12 10:00:00,32,6,0.4816764529976883,0.0,0.0,0.101,optimal
2021-02-12 10:30:00,32,6,0.4692390759054304,0.0,0.0,0.0845,optimal
2021-02-12 11:00:00,32,6,0.2780242231515216,0.0,0.0,0.11090000000000001,optimal
2021-02-12 11:30:00,32,6,0.2881374081578454,0.0,0.0,0.068,optimal
2021-02-12 12:00:00,32,6,0.2240323962402378,0.0,0.0,0.068,optimal
2021-02-12 12:30:00,32,6,0.2171741526751272,0.0,0.0,0.0845,optimal
2021-02-12 13:00:00,32,6,1.1428571428571428,0.0,0.0,0.11090000000000001,optimal
2021-02-12 13:30:00,32,6,1.1428571428571428,0.0,0.0,0.068,optimal
2021-02-12 14:00:00,32,6,1.1428571428571428,0.0,0.0,0.1274,optimal
2021-02-12 14:30:00,32,6,1.1428571428571428,0.0,0.0,0.068,optimal
2021-02-12 15:00:00,32,6,1.1428571428571428,0.0,0.0,0.068,optimal
2021-02-12 15:30:00,32,6,1.1428571428571428,0.0,0.0,0.09770000000000001,optimal
2021-02-12 16:00:00,32,6,0.0,0.0,0.0,0.09770000000000001,optimal
2021-02-12 16:30:00,32,6,0.0,0.6192592592592592,0.0,1.336266666666667,optimal
2021-02-12 17:00:00,32,6,0.0,0.23222222222222222,0.0,0.09309999999999999,optimal
2021-02-12 17:30:00,32,6,0.0,0.46444444444444444,0.0,0.0932,optimal
2021-02-12 18:00:00,32,6,0.0,0.46444444444444444,0.0,0.371,optimal
2021-02-12 18:30:00,32,6,0.0,0.0,0.0,0.1175,optimal
2021-02-12 19:00:00,32,6,0.0,0.6192592592592592,0.0,0.20633333333333329,optimal
2021-02-12 19:30:00,32,6,0.3327113360039694,0.1548148148148148,0.0,0.4274333333333333,optimal
2021-02-12 20:00:00,32,6,0.6815465283590826,0.0774074074074074,0.0,0.24159999999999998,optimal
2021-02-12 20:30:00,32,6,0.0,0.0,0.0,0.177,optimal
2021-02-12 21:00:00,32,6,0.0,0.23222222222222222,0.0,0.2329,optimal
2021-02-12 21:30:00,32,6,0.0,0.0,0.0,0.18059999999999998,optimal
2021-02-12 22:00:00,32,6,0.0,0.6610592592592593,0.0,0.241,optimal
2021-02-12 22:30:00,32,6,0.0,0.26782962962962964,0.0,1.5378333333333332,optimal
2021-02-12 23:00:00,32,6,0.0,0.2740222222222222,0.0,0.3125,optimal
2021-02-12 23:30:00,32,6,0.0,0.035607407407407414,0.0,0.08356666666666666,optimal
2021-02-13 00:00:00,32,6,0.0,0.0,0.0,0.042,optimal
2021-02-13 00:30:00,32,6,0.0,0.0,0.0,0.042,optimal
2021-02-13 01:00:00,32,6,0.721549929616392,0.0,0.0,0.042,optimal
2021-02-13 01:30:00,32,6,1.1428571428571428,0.0,0.0,0.19013333333333332,optimal
2021-02-13 02:00:00,32,6,1.1428571428571428,0.0,0.0,0.042,optimal
2021-02-13 02:30:00,32,6,1.1428571428571428,0.0,0.0,0.15946666666666667,optimal
2021-02-13 03:00:00,32,6,1.1428571428571428,0.0,0.0,0.07566666666666667,optimal
2021-02-13 03:30:00,32,6,1.1428571428571428,0.0,0.0,0.042,optimal
2021-02-13 04:00:00,32,6,1.1428571428571428,0.0,0.0,0.10933333333333331,optimal
2021-02-13 04:30:00,32,6,1.1428571428571428,0.0,0.0,0.12279999999999999,optimal
2021-02-13 05:00:00,32,6,1.1428571428571428,0.0,0.0,0.042,optimal
2021-02-13 05:30:00,32,6,1.1428571428571428,0.0,0.0,0.042,optimal
2021-02-13 06:00:00,32,6,1.1428571428571428,0.0,3.8091359406656906,0.045666666666666654,optimal
2021-02-13 06:30:00,32,6,1.1428571428571428,0.0,5.0,0.04866666666666666,optimal
2021-02-13 07:00:00,32,6,1.1428571428571428,0.0,5.0,0.13626666666666667,optimal
2021-02-13 07:30:00,32,6,1.1428571428571428,1.3933333333333333,0.0,0.30760000000000004,optimal
2021-02-13 08:00:00,32,6,0.7218588037374897,0.5418518518518518,0.0,1.0023,optimal
2021-02-13 08:30:00,32,6,0.7489615125533401,0.1548148148148148,0.0,0.18913333333333332,optimal
2021-02-13 09:00:00,32,6,0.619192561679093,0.0774074074074074,0.0,1.0023,optimal
2021-02-13 09:30:00,32,6,0.6461289629011889,0.0774074074074074,0.0,0.042466666666666666,optimal
2021-02-13 10:00:00,32,6,0.47365209558601656,0.23222222222222222,0.0,0.13953333333333334,optimal
2021-02-13 10:30:00,32,6,0.4941938520209131,0.1548148148148148,0.0,0.11113333333333333,optimal
2021-02-13 11:00:00,32,6,0.3103980033613383,0.0,0.0,0.041,optimal
2021-02-13 11:30:00,32,6,0.2822349978914773,0.0,0.0,0.12606666666666666,optimal
2021-02-13 12:00:00,32,6,0.17495173355595736,0.23222222222222222,0.0,0.19986666666666666,optimal
2021-02-13 12:30:00,32,6,0.21319715118765575,0.46444444444444444,0.0,0.13066666666666665,optimal
2021-02-13 13:00:00,32,6,1.1428571428571428,0.0774074074074074,0.0,0.21606666666666663,optimal
2021-02-13 13:30:00,32,6,1.1428571428571428,0.0,0.0,0.04873333333333333,optimal
2021-02-13 14:00:00,32,6,1.1428571428571428,0.0,0.0,0.07393333333333334,optimal
2021-02-13 14:30:00,32,6,1.1428571428571428,6.347407407407407,0.0,0.31976666666666664,optimal
2021-02-13 15:00:00,32,6,1.1428571428571428,0.23222222222222222,0.0,1.699266666666667,optimal
2021-02-13 15:30:00,32,6,1.1428571428571428,0.0,0.0,0.38780000000000003,optimal
2021-02-13 16:00:00,32,6,0.0,0.8514814814814814,0.0,2.135733333333333,optimal
2021-02-13 16:30:00,32,6,0.0,0.0,0.0,0.472,optimal
2021-02-13 17:00:00,32,6,0.0,0.23222222222222222,0.0,0.1722,optimal
2021-02-13 17:30:00,32,6,0.0,0.1548148148148148,0.0,0.07793333333333334,optimal
2021-02-13 18:00:00,32,6,0.0,0.0,0.0,0.0587,optimal
2021-02-13 18:30:00,32,6,0.0,0.46444444444444444,0.0,0.21013333333333334,optimal
2021-02-13 19:00:00,32,6,0.0,0.387037037037037,0.0,0.174,optimal
2021-02-13 19:30:00,32,6,0.10766621366017841,0.46444444444444444,0.0,0.21766666666666662,optimal
2021-02-13 20:00:00,32,6,0.5368912902638472,0.0,0.0,0.40513333333333335,optimal
2021-02-13 20:30:00,32,6,0.0,0.0,0.0,0.137,optimal
2021-02-13 21:00:00,32,6,0.0,0.0,0.0,0.5177,optimal
2021-02-13 21:30:00,32,6,0.0,0.0774074074074074,0.0,0.5037333333333334,optimal
2021-02-13 22:00:00,32,6,0.0,0.0774074074074074,0.0,0.45866666666666667,optimal
2021-02-13 22:30:00,32,6,0.0,0.0,0.0,0.4554666666666666,optimal
2021-02-13 23:00:00,32,6,0.0,0.0,0.0,0.2828,optimal
2021-02-13 23:30:00,32,6,0.0,0.0,0.0,0.21486666666666668,optimal
2021-02-07 00:00:00,33,6,0.0,0.0,0.0,0.066,optimal
2021-02-07 00:30:00,33,6,0.0,0.0,0.0,0.066,optimal
2021-02-07 01:00:00,33,6,0.0,0.0,0.0,0.199,optimal
2021-02-07 01:30:00,33,6,0.0,0.0,0.0,0.07233333333333333,optimal
2021-02-07 02:00:00,33,6,0.0,0.0,0.0,0.066,optimal
2021-02-07 02:30:00,33,6,0.0,0.0,0.0,0.18,optimal
2021-02-07 03:00:00,33,6,0.0,0.0,0.0,0.09133333333333331,optimal
2021-02-07 03:30:00,33,6,0.0,0.0,0.0,0.12933333333333336,optimal
2021-02-07 04:00:00,33,6,1.1428571428571428,0.0,0.0,0.142,optimal
2021-02-07 04:30:00,33,6,1.1428571428571428,0.0,0.0,0.066,optimal
2021-02-07 05:00:00,33,6,1.1428571428571428,0.0,0.0,0.142,optimal
2021-02-07 05:30:00,33,6,1.1428571428571428,0.0,0.0,0.12933333333333336,optimal
2021-02-07 06:00:00,33,6,1.1428571428571428,0.0,0.0,0.066,optimal
2021-02-07 06:30:00,33,6,1.1428571428571428,3.0188888888888883,0.0,0.11106666666666666,optimal
2021-02-07 07:00:00,33,6,1.1428571428571428,2.39962962962963,1.5052247886819266,0.0868,optimal
2021-02-07 07:30:00,33,6,0.0,0.1548148148148148,0.0,0.188,optimal
2021-02-07 08:00:00,33,6,0.0,0.1548148148148148,0.0,0.10703333333333331,optimal
2021-02-07 08:30:00,33,6,0.5999373316213431,0.0,0.0,0.09666666666666669,optimal
2021-02-07 09:00:00,33,6,0.6485920146277457,0.23222222222222222,0.0,0.2184,optimal
2021-02-07 09:30:00,33,6,0.6315147234435903,0.0,0.0,0.07466666666666667,optimal
2021-02-07 10:00:00,33,6,0.6057920138884566,0.0,0.0,0.19633333333333328,optimal
2021-02-07 10:30:00,33,6,0.6390323105424701,0.0,0.0,0.095,optimal
2021-02-07 11:00:00,33,6,0.4780936058489635,0.0,0.0,0.18066666666666664,optimal
2021-02-07 11:30:00,33,6,0.4301126534680159,0.0774074074074074,0.0,0.3486,optimal
2021-02-07 12:00:00,33,6,0.4078665601062607,0.1548148148148148,0.0,0.18259999999999998,optimal
2021-02-07 12:30:00,33,6,0.3092456077253175,0.0774074074074074,0.0,1.4362000000000001,optimal
2021-02-07 13:00:00,33,6,1.1428571428571428,0.0,0.0,0.4849666666666666,optimal
2021-02-07 13:30:00,33,6,1.1428571428571428,0.0,0.0,0.48173333333333335,optimal
2021-02-07 14:00:00,33,6,1.1428571428571428,0.3096296296296296,0.0,0.8928666666666667,optimal
2021-02-07 14:30:00,33,6,1.1428571428571428,0.1548148148148148,0.0,1.4390333333333334,optimal
2021-02-07 15:00:00,33,6,1.1428571428571428,0.0,0.0,0.16519999999999999,optimal
2021-02-07 15:30:00,33,6,1.1428571428571428,0.1548148148148148,0.0,0.26039999999999996,optimal
2021-02-07 16:00:00,33,6,0.0,0.0,0.0,0.41256666666666664,optimal
2021-02-07 16:30:00,33,6,0.0,0.0,0.0,0.16233333333333333,optimal
2021-02-07 17:00:00,33,6,0.0,0.0,0.0,0.152,optimal
2021-02-07 17:30:00,33,6,0.0,0.0,0.0,0.13933333333333334,optimal
2021-02-07 18:00:00,33,6,0.0,0.23222222222222222,0.0,0.1675,optimal
2021-02-07 18:30:00,33,6,0.0,0.0774074074074074,0.0,0.4924666666666666,optimal
2021-02-07 19:00:00,33,6,0.0,0.6192592592592592,0.0,0.7620333333333333,optimal
2021-02-07 19:30:00,33,6,0.027271484111206244,0.0,0.0,0.9193,optimal
2021-02-07 20:00:00,33,6,0.2619076210183418,0.3096296296296296,0.0,1.7773333333333332,optimal
2021-02-07 20:30:00,33,6,0.0,0.0,0.0,0.6541333333333333,optimal
2021-02-07 21:00:00,33,6,0.0,0.387037037037037,0.0,0.5328666666666667,optimal
2021-02-07 21:30:00,33,6,0.0,0.3096296296296296,0.0,0.5328999999999999,optimal
2021-02-07 22:00:00,33,6,0.0,0.23222222222222222,0.0,0.7263,optimal
2021-02-07 22:30:00,33,6,0.0,0.0,0.0,0.3678,optimal
2021-02-07 23:00:00,33,6,0.0,0.1548148148148148,0.0,0.33053333333333335,optimal
2021-02-07 23:30:00,33,6,0.0,2.1674074074074072,0.0,0.2909333333333333,optimal
2021-02-08 00:00:00,33,6,0.0,0.0,0.0,0.058,optimal
2021-02-08 00:30:00,33,6,0.0,0.0,0.0,0.18706666666666663,optimal
2021-02-08 01:00:00,33,6,0.0,0.0,0.0,0.13406666666666667,optimal
2021-02-08 01:30:00,33,6,0.0,0.0,0.0,0.11993333333333334,optimal
2021-02-08 02:00:00,33,6,0.1626047055319324,0.0,0.0,0.1577333333333333,optimal
2021-02-08 02:30:00,33,6,1.1428571428571428,0.0,0.0,0.1395,optimal
2021-02-08 03:00:00,33,6,1.1428571428571428,0.0,0.0,0.08516666666666667,optimal
2021-02-08 03:30:00,33,6,1.1428571428571428,0.0,0.0,0.2468333333333333,optimal
2021-02-08 04:00:00,33,6,1.1428571428571428,0.0,0.0,0.10690000000000001,optimal
2021-02-08 04:30:00,33,6,1.1428571428571428,0.0,1.6545213871701867,0.1108,optimal
2021-02-08 05:00:00,33,6,1.1428571428571428,0.0,5.0,0.156,optimal
2021-02-08 05:30:00,33,6,1.1428571428571428,0.9288888888888889,5.0,0.1436,optimal
2021-02-08 06:00:00,33,6,1.1428571428571428,3.096296296296296,0.0,0.1886,optimal
2021-02-08 06:30:00,33,6,1.1428571428571428,0.0,0.0,0.08886666666666666,optimal
2021-02-08 07:00:00,33,6,1.1428571428571428,1.006296296296296,0.0,1.4284333333333334,optimal
2021-02-08 07:30:00,33,6,1.1428571428571428,1.5682740740740742,0.0,1.2247333333333332,optimal
2021-02-08 08:00:00,33,6,0.2898482936791889,1.7602444444444445,0.0,1.8631666666666666,optimal
2021-02-08 08:30:00,33,6,0.775840971285588,0.0,0.0,0.19706666666666664,optimal
2021-02-08 09:00:00,33,6,0.7093242638173762,0.0,0.0,0.10603333333333331,optimal
2021-02-08 09:30:00,33,6,0.6818447712173069,0.0,0.0,0.1797,optimal
2021-02-08 10:00:00,33,6,0.5292179740088889,0.0,0.0,0.156,optimal
2021-02-08 10:30:00,33,6,0.5297450856565796,0.0,0.0,0.17666666666666667,optimal
2021-02-08 11:00:00,33,6,0.3871502648750313,0.0,0.0,0.068,optimal
2021-02-08 11:30:00,33,6,0.33871949203054147,0.0,0.0,0.2225,optimal
2021-02-08 12:00:00,33,6,0.29864127584277794,0.0,0.0,0.15123333333333333,optimal
2021-02-08 12:30:00,33,6,0.3054654444395022,0.0,0.0,0.09733333333333331,optimal
2021-02-08 13:00:00,33,6,1.1428571428571428,0.0,0.0,0.2764,optimal
2021-02-08 13:30:00,33,6,1.1428571428571428,0.0,0.0,0.068,optimal
2021-02-08 14:00:00,33,6,1.1428571428571428,0.0,0.0,0.1736,optimal
2021-02-08 14:30:00,33,6,1.1428571428571428,0.0,0.0,0.1784,optimal
2021-02-08 15:00:00,33,6,1.1428571428571428,0.0,0.0,0.5977333333333333,optimal
2021-02-08 15:30:00,33,6,1.1428571428571428,0.0,0.0,0.187,optimal
2021-02-08 16:00:00,33,6,0.0,0.0,0.0,0.5514,optimal
2021-02-08 16:30:00,33,6,0.0,0.0,0.0,0.068,optimal
2021-02-08 17:00:00,33,6,0.0,0.0,0.0,0.2163333333333333,optimal
2021-02-08 17:30:00,33,6,0.0,0.0,0.0,0.5052666666666666,optimal
2021-02-08 18:00:00,33,6,0.0,0.23222222222222222,0.0,0.4503333333333333,optimal
2021-02-08 18:30:00,33,6,0.0,0.46444444444444444,0.0,0.26703333333333334,optimal
2021-02-08 19:00:00,33,6,0.0,0.0,0.0,0.6184333333333333,optimal
2021-02-08 19:30:00,33,6,0.0,0.23222222222222222,0.0,0.4502,optimal
2021-02-08 20:00:00,33,6,0.2851976065625628,0.387037037037037,0.0,0.3266,optimal
2021-02-08 20:30:00,33,6,0.0,0.23222222222222222,0.0,0.18696666666666667,optimal
2021-02-08 21:00:00,33,6,0.0,0.0,0.0,0.29960000000000003,optimal
2021-02-08 21:30:00,33,6,0.0,0.46444444444444444,0.0,0.15186666666666668,optimal
2021-02-08 22:00:00,33,6,0.0,0.0,0.0,1.2615,optimal
2021-02-08 22:30:00,33,6,0.0,0.0,0.0,0.5131666666666667,optimal
2021-02-08 23:00:00,33,6,0.0,1.548148148148148,0.0,0.198,optimal
2021-02-08 23:30:00,33,6,0.0,0.387037037037037,0.0,0.6287333333333334,optimal
2021-02-09 00:00:00,33,6,0.0,0.1548148148148148,0.0,0.06346666666666667,optimal
2021-02-09 00:30:00,33,6,0.0,0.0,0.0,0.2776,optimal
2021-02-09 01:00:00,33,6,0.0,2.5544444444444445,0.0,0.32466666666666666,optimal
2021-02-09 01:30:00,33,6,0.06420681645216766,0.0,0.0,0.2513666666666667,optimal
2021-02-09 02:00:00,33,6,1.1428571428571428,0.0,0.0,0.15313333333333332,optimal
2021-02-09 02:30:00,33,6,1.1428571428571428,0.0,0.0,0.3728,optimal
2021-02-09 03:00:00,33,6,1.1428571428571428,0.1548148148148148,0.0,0.41923333333333335,optimal
2021-02-09 03:30:00,33,6,1.1428571428571428,0.0,0.0,0.23403333333333334,optimal
2021-02-09 04:00:00,33,6,1.1428571428571428,0.0,0.0,0.15406666666666666,optimal
2021-02-09 04:30:00,33,6,1.1428571428571428,0.0,0.0,0.2214,optimal
2021-02-09 05:00:00,33,6,1.1428571428571428,0.0,0.0,0.13666666666666666,optimal
2021-02-09 05:30:00,33,6,1.1428571428571428,0.0,0.014742703568156471,0.2389333333333333,optimal
2021-02-09 06:00:00,33,6,1.1428571428571428,0.0,5.0,0.23746666666666666,optimal
2021-02-09 06:30:00,33,6,1.1428571428571428,0.0,5.0,0.2079333333333333,optimal
2021-02-09 07:00:00,33,6,1.1428571428571428,0.3096296296296296,5.0,0.3249666666666666,optimal
2021-02-09 07:30:00,33,6,1.1428571428571428,2.39962962962963,0.0,0.3007666666666666,optimal
2021-02-09 08:00:00,33,6,0.7807823921367644,0.0,0.0,0.229,optimal
2021-02-09 08:30:00,33,6,0.8156076614414579,0.0,0.0,0.15543333333333334,optimal
2021-02-09 09:00:00,33,6,0.6847176464590382,0.0,0.0,0.23863333333333334,optimal
2021-02-09 09:30:00,33,6,0.6793300898303176,0.0,0.0,0.21246666666666666,optimal
2021-02-09 10:00:00,33,6,0.47705144681642897,0.0,0.0,0.27226666666666666,optimal
2021-02-09 10:30:00,33,6,0.5072649908956763,0.0,0.0,0.129,optimal
2021-02-09 11:00:00,33,6,0.31666228908440436,0.0,0.0,0.1961,optimal
2021-02-09 11:30:00,33,6,0.33512785504310894,0.0,0.0,0.12396666666666668,optimal
2021-02-09 12:00:00,33,6,0.21626043907718903,0.0,0.0,0.13943333333333333,optimal
2021-02-09 12:30:00,33,6,0.1595853493089533,0.0,0.0,0.3453,optimal
2021-02-09 13:00:00,33,6,0.5631568465200686,0.0,0.0,0.071,optimal
2021-02-09 13:30:00,33,6,1.1428571428571428,0.0,0.0,0.15433333333333335,optimal
2021-02-09 14:00:00,33,6,1.1428571428571428,0.0,0.0,0.3658666666666667,optimal
2021-02-09 14:30:00,33,6,1.1428571428571428,0.23222222222222222,0.0,0.27553333333333335,optimal
2021-02-09 15:00:00,33,6,1.1428571428571428,0.1548148148148148,0.0,0.39126666666666665,optimal
2021-02-09 15:30:00,33,6,1.1428571428571428,0.0,0.0,0.7049666666666667,optimal
2021-02-09 16:00:00,33,6,0.0,0.0774074074074074,0.0,0.459,optimal
2021-02-09 16:30:00,33,6,0.0,0.6192592592592592,0.0,0.37373333333333336,optimal
2021-02-09 17:00:00,33,6,0.0,0.0,0.0,0.23036666666666666,optimal
2021-02-09 17:30:00,33,6,0.0,0.0,0.0,0.11983333333333332,optimal
2021-02-09 18:00:00,33,6,0.0,0.5418518518518518,0.0,0.29596666666666666,optimal
2021-02-09 18:30:00,33,6,0.0,0.23222222222222222,0.0,0.3308666666666667,optimal
2021-02-09 19:00:00,33,6,0.0,0.0,0.0,0.26566666666666666,optimal
2021-02-09 19:30:00,33,6,0.0,0.0,0.0,0.3142,optimal
2021-02-09 20:00:00,33,6,0.0,0.387037037037037,0.0,0.40013333333333334,optimal
2021-02-09 20:30:00,33,6,0.0,0.0,0.0,0.3874333333333333,optimal
2021-02-09 21:00:00,33,6,0.0,0.0,0.0,0.4656,optimal
2021-02-09 21:30:00,33,6,0.0,0.1548148148148148,0.0,0.8141666666666666,optimal
2021-02-09 22:00:00,33,6,0.0,0.0,0.0,0.398,optimal
2021-02-09 22:30:00,33,6,0.0,0.0,0.0,0.5334,optimal
2021-02-09 23:00:00,33,6,0.0,0.23222222222222222,0.0,0.5212,optimal
2021-02-09 23:30:00,33,6,0.0,0.0,0.0,0.13190000000000002,optimal
2021-02-10 00:00:00,33,6,0.0,0.0,0.0,0.10366666666666668,optimal
2021-02-10 00:30:00,33,6,0.0,0.0,0.0,0.09613333333333333,optimal
2021-02-10 01:00:00,33,6,0.0,0.0,0.0,0.18773333333333328,optimal
2021-02-10 01:30:00,33,6,0.5208110887697284,0.0,0.0,0.066,optimal
2021-02-10 02:00:00,33,6,1.1428571428571428,0.0,0.0,0.2223333333333333,optimal
2021-02-10 02:30:00,33,6,1.1428571428571428,0.0,0.0,0.0992,optimal
2021-02-10 03:00:00,33,6,1.1428571428571428,0.0,0.0,0.07706666666666666,optimal
2021-02-10 03:30:00,33,6,1.1428571428571428,0.0,0.0,0.17666666666666667,optimal
2021-02-10 04:00:00,33,6,1.1428571428571428,0.0,0.0,0.066,optimal
2021-02-10 04:30:00,33,6,1.1428571428571428,0.0,0.0,0.13240000000000002,optimal
2021-02-10 05:00:00,33,6,1.1428571428571428,0.0,0.0,0.18913333333333332,optimal
2021-02-10 05:30:00,33,6,1.1428571428571428,0.0,0.0,0.08259999999999999,optimal
2021-02-10 06:00:00,33,6,1.1428571428571428,0.0,1.646402607097143,0.2163333333333333,optimal
2021-02-10 06:30:00,33,6,1.1428571428571428,0.1548148148148148,5.0,0.08903333333333333,optimal
2021-02-10 07:00:00,33,6,1.1428571428571428,0.23222222222222222,5.0,0.13596666666666668,optimal
2021-02-10 07:30:00,33,6,1.1428571428571428,5.229644444444446,0.0,0.0994,optimal
2021-02-10 08:00:00,33,6,0.5819692005751432,3.981837037037036,0.0,0.3406,optimal
2021-02-10 08:30:00,33,6,0.6654600358385387,0.46444444444444444,0.0,0.16973333333333332,optimal
2021-02-10 09:00:00,33,6,0.5935416987011141,0.0774074074074074,0.0,0.08843333333333334,optimal
2021-02-10 09:30:00,33,6,0.589803962535935,0.0774074074074074,0.0,0.21206666666666663,optimal
2021-02-10 10:00:00,33,6,0.4145794395733654,0.0,0.0,0.21563333333333332,optimal
2021-02-10 10:30:00,33,6,0.4291475660209132,0.0,0.0,0.19146666666666667,optimal
2021-02-10 11:00:00,33,6,0.35782872996671283,0.0,0.0,0.1977333333333333,optimal
2021-02-10 11:30:00,33,6,0.37325509997936407,0.0,0.0,0.1287333333333333,optimal
2021-02-10 12:00:00,33,6,0.1334813221142966,0.0,0.0,0.23666666666666664,optimal
2021-02-10 12:30:00,33,6,0.02976703640000859,0.0,0.0,0.5858333333333333,optimal
2021-02-10 13:00:00,33,6,0.0618654737447069,0.0,0.0,0.4889333333333333,optimal
2021-02-10 13:30:00,33,6,0.13553729594756586,2.0899999999999994,0.0,0.5759666666666667,optimal
2021-02-10 14:00:00,33,6,1.1428571428571428,0.0774074074074074,0.0,0.38539999999999996,optimal
2021-02-10 14:30:00,33,6,1.1428571428571428,0.0,0.0,0.367,optimal
2021-02-10 15:00:00,33,6,1.1428571428571428,0.0,0.0,0.3400666666666667,optimal
2021-02-10 15:30:00,33,6,1.1428571428571428,0.0,0.0,0.1438,optimal
2021-02-10 16:00:00,33,6,0.0,0.23222222222222222,0.0,1.5926333333333333,optimal
2021-02-10 16:30:00,33,6,0.0,0.3096296296296296,0.0,0.7271333333333333,optimal
2021-02-10 17:00:00,33,6,0.0,0.0,0.0,1.397,optimal
2021-02-10 17:30:00,33,6,0.0,0.0,0.0,1.0245666666666666,optimal
2021-02-10 18:00:00,33,6,0.0,0.0,0.0,0.7007333333333333,optimal
2021-02-10 18:30:00,33,6,0.0,0.0,0.0,0.6060666666666668,optimal
2021-02-10 19:00:00,33,6,0.0,0.387037037037037,0.0,0.38846666666666657,optimal
2021-02-10 19:30:00,33,6,0.0,0.1548148148148148,0.0,0.5553333333333333,optimal
2021-02-10 20:00:00,33,6,0.0,0.0774074074074074,0.0,0.5247999999999999,optimal
2021-02-10 20:30:00,33,6,0.0,0.1548148148148148,0.0,0.8525666666666667,optimal
2021-02-10 21:00:00,33,6,0.0,0.23222222222222222,0.0,0.7328666666666667,optimal
2021-02-10 21:30:00,33,6,0.0,0.1548148148148148,0.0,0.37406666666666666,optimal
2021-02-10 22:00:00,33,6,0.0,0.0,0.0,0.5436333333333333,optimal
2021-02-10 22:30:00,33,6,0.0,0.0,0.0,0.6499666666666667,optimal
2021-02-10 23:00:00,33,6,0.0,0.0,0.0,0.3542,optimal
2021-02-10 23:30:00,33,6,0.0,0.23222222222222222,0.0,0.4301666666666667,optimal
2021-02-11 00:00:00,33,6,0.0,0.23222222222222222,0.0,0.1392,optimal
2021-02-11 00:30:00,33,6,0.0,0.0774074074074074,0.0,0.2583666666666667,optimal
2021-02-11 01:00:00,33,6,0.6020350357882007,0.1548148148148148,0.0,0.3685,optimal
2021-02-11 01:30:00,33,6,1.1428571428571428,0.46444444444444444,0.0,0.41910000000000003,optimal
2021-02-11 02:00:00,33,6,1.1428571428571428,0.0,0.0,0.3183333333333333,optimal
2021-02-11 02:30:00,33,6,1.1428571428571428,0.0,0.0,0.23566666666666664,optimal
2021-02-11 03:00:00,33,6,1.1428571428571428,0.0,0.0,0.3012666666666666,optimal
2021-02-11 03:30:00,33,6,1.1428571428571428,0.0,0.0,0.205,optimal
2021-02-11 04:00:00,33,6,1.1428571428571428,0.0,0.0,0.1256,optimal
2021-02-11 04:30:00,33,6,1.1428571428571428,0.0,0.5066980139254814,0.1412,optimal
2021-02-11 05:00:00,33,6,1.1428571428571428,0.0,5.0,0.115,optimal
2021-02-11 05:30:00,33,6,1.1428571428571428,0.0,5.0,0.2048,optimal
2021-02-11 06:00:00,33,6,1.1428571428571428,0.387037037037037,5.0,0.15466666666666665,optimal
2021-02-11 06:30:00,33,6,1.1428571428571428,0.46444444444444444,5.0,0.8969666666666667,optimal
2021-02-11 07:00:00,33,6,1.1428571428571428,0.774074074074074,5.0,1.2284000000000002,optimal
2021-02-11 07:30:00,33,6,1.1428571428571428,0.46444444444444444,0.0,0.4899666666666666,optimal
2021-02-11 08:00:00,33,6,0.6964007554777967,0.23222222222222222,0.0,0.24186666666666667,optimal
2021-02-11 08:30:00,33,6,0.7255754861731067,0.3096296296296296,0.0,0.0985,optimal
2021-02-11 09:00:00,33,6,0.3322878313446366,0.0,0.0,1.7304666666666666,optimal
2021-02-11 09:30:00,33,6,0.2673353175057485,1.548148148148148,0.0,1.5078,optimal
2021-02-11 10:00:00,33,6,0.23839168031225222,0.23222222222222222,0.0,0.3098666666666667,optimal
2021-02-11 10:30:00,33,6,0.2824448888077827,0.1548148148148148,0.0,0.32673333333333326,optimal
2021-02-11 11:00:00,33,6,0.07822814822588173,0.0,0.0,2.2661,optimal
2021-02-11 11:30:00,33,6,0.01056592332075796,0.3096296296296296,0.0,2.5986,optimal
2021-02-11 12:00:00,33,6,0.0,0.0,0.0,0.4703,optimal
2021-02-11 12:30:00,33,6,0.0,0.1548148148148148,0.0,0.2612,optimal
2021-02-11 13:00:00,33,6,0.0,0.0,0.0,0.30106666666666665,optimal
2021-02-11 13:30:00,33,6,0.8626400875555054,0.387037037037037,0.0,0.299,optimal
2021-02-11 14:00:00,33,6,1.1428571428571428,0.0,0.0,0.12233333333333331,optimal
2021-02-11 14:30:00,33,6,1.1428571428571428,0.0,0.0,0.2248666666666667,optimal
2021-02-11 15:00:00,33,6,1.1428571428571428,0.0,0.0,0.5044333333333333,optimal
2021-02-11 15:30:00,33,6,1.1428571428571428,0.23222222222222222,0.0,0.2741,optimal
2021-02-11 16:00:00,33,6,0.0,4.954074074074073,0.0,0.7669666666666667,optimal
2021-02-11 16:30:00,33,6,0.0,0.6192592592592592,0.0,1.2174666666666667,optimal
2021-02-11 17:00:00,33,6,0.0,0.387037037037037,0.0,0.8488,optimal
2021-02-11 17:30:00,33,6,0.0,0.46444444444444444,0.0,0.23566666666666664,optimal
2021-02-11 18:00:00,33,6,0.0,0.0,0.0,1.0871,optimal
2021-02-11 18:30:00,33,6,0.0,0.0,0.0,1.2651,optimal
2021-02-11 19:00:00,33,6,0.0,0.0,0.0,0.7828333333333334,optimal
2021-02-11 19:30:00,33,6,0.0,0.0,0.0,0.25706666666666667,optimal
2021-02-11 20:00:00,33,6,0.0,0.0,0.0,0.4234666666666666,optimal
2021-02-11 20:30:00,33,6,0.0,0.1548148148148148,0.0,0.4086,optimal
2021-02-11 21:00:00,33,6,0.0,0.23222222222222222,0.0,0.2068,optimal
2021-02-11 21:30:00,33,6,0.0,5.441740740740741,0.0,0.2931666666666667,optimal
2021-02-11 22:00:00,33,6,0.0,2.0667777777777783,0.0,0.3325,optimal
2021-02-11 22:30:00,33,6,0.0,7.121481481481481,0.0,0.22703333333333334,optimal
2021-02-11 23:00:00,33,6,0.0,0.0774074074074074,0.0,0.2357,optimal
2021-02-11 23:30:00,33,6,0.0,0.0,0.0,0.06866666666666667,optimal
2021-02-12 00:00:00,33,6,1.1428571428571428,0.0,0.0,0.057,optimal
2021-02-12 00:30:00,33,6,1.1428571428571428,0.0,0.0,0.16626666666666667,optimal
2021-02-12 01:00:00,33,6,1.1428571428571428,0.0,0.0,0.057,optimal
2021-02-12 01:30:00,33,6,1.1428571428571428,0.0,0.0,0.1087,optimal
2021-02-12 02:00:00,33,6,1.1428571428571428,0.0,0.0,0.12990000000000002,optimal
2021-02-12 02:30:00,33,6,1.1428571428571428,0.0,0.0,0.129,optimal
2021-02-12 03:00:00,33,6,1.1428571428571428,0.0,0.0,0.1613,optimal
2021-02-12 03:30:00,33,6,1.1428571428571428,0.0,0.0,0.10996666666666668,optimal
2021-02-12 04:00:00,33,6,1.1428571428571428,0.0,0.0,0.081,optimal
2021-02-12 04:30:00,33,6,1.1428571428571428,0.0,0.0,0.1087,optimal
2021-02-12 05:00:00,33,6,1.1428571428571428,0.0,0.0,0.12990000000000002,optimal
2021-02-12 05:30:00,33,6,1.1428571428571428,0.0,0.0,0.129,optimal
2021-02-12 06:00:00,33,6,1.1428571428571428,0.0,2.054206385743893,0.11163333333333333,optimal
2021-02-12 06:30:00,33,6,1.1428571428571428,0.0,5.0,0.18463333333333332,optimal
2021-02-12 07:00:00,33,6,1.1428571428571428,0.0774074074074074,5.0,0.065,optimal
2021-02-12 07:30:00,33,6,1.1428571428571428,3.7700123348698433,0.0,0.3086666666666667,optimal
2021-02-12 08:00:00,33,6,0.7799890772307572,0.0,0.0,0.164,optimal
2021-02-12 08:30:00,33,6,0.7822791943483164,0.0,0.0,0.22946666666666668,optimal
2021-02-12 09:00:00,33,6,0.6908741751361206,0.6192592592592592,0.0,0.16756666666666667,optimal
2021-02-12 09:30:00,33,6,0.6674257439858572,0.0,0.0,0.089,optimal
2021-02-12 10:00:00,33,6,0.29004788156910843,0.46444444444444444,0.0,0.3137333333333333,optimal
2021-02-12 10:30:00,33,6,0.41920098066733147,0.0,0.0,0.10033333333333332,optimal
2021-02-12 11:00:00,33,6,0.28248136600865953,0.0,0.0,0.085,optimal
2021-02-12 11:30:00,33,6,0.2700516938721294,0.0,0.0,0.12833333333333335,optimal
2021-02-12 12:00:00,33,6,0.19072763433547288,0.0,0.0,0.17693333333333333,optimal
2021-02-12 12:30:00,33,6,0.22208843838941378,0.0,0.0,0.057,optimal
2021-02-12 13:00:00,33,6,0.22381704641776723,0.0,0.0,0.057,optimal
2021-02-12 13:30:00,33,6,0.8702026478241803,0.0,0.0,0.20846666666666666,optimal
2021-02-12 14:00:00,33,6,1.1428571428571428,0.0,0.0,0.0938,optimal
2021-02-12 14:30:00,33,6,1.1428571428571428,0.0,0.0,0.139,optimal
2021-02-12 15:00:00,33,6,1.1428571428571428,0.0,0.0,0.16333333333333333,optimal
2021-02-12 15:30:00,33,6,1.1428571428571428,6.579629629629632,0.0,0.5155,optimal
2021-02-12 16:00:00,33,6,0.0,0.23222222222222222,0.0,0.9309333333333332,optimal
2021-02-12 16:30:00,33,6,0.0,0.0,0.0,0.5861000000000001,optimal
2021-02-12 17:00:00,33,6,0.0,0.3096296296296296,0.0,0.4446666666666667,optimal
2021-02-12 17:30:00,33,6,0.0,0.6192592592592592,0.0,0.41,optimal
2021-02-12 18:00:00,33,6,0.0,0.1548148148148148,0.0,0.39413333333333334,optimal
2021-02-12 18:30:00,33,6,0.0,2.39962962962963,0.0,0.5116333333333333,optimal
2021-02-12 19:00:00,33,6,0.0,2.7092592592592597,0.0,0.43056666666666665,optimal
2021-02-12 19:30:00,33,6,0.0,0.46444444444444444,0.0,0.21856666666666663,optimal
2021-02-12 20:00:00,33,6,0.0,0.0774074074074074,0.0,0.3781333333333333,optimal
2021-02-12 20:30:00,33,6,0.0,0.3096296296296296,0.0,0.19813333333333333,optimal
2021-02-12 21:00:00,33,6,0.0,0.5418518518518518,0.0,0.2815,optimal
2021-02-12 21:30:00,33,6,0.0,1.8577777777777778,0.0,0.33526666666666666,optimal
2021-02-12 22:00:00,33,6,0.0,0.0,0.0,0.43910000000000005,optimal
2021-02-12 22:30:00,33,6,0.0,0.6192592592592592,0.0,0.37789999999999996,optimal
2021-02-12 23:00:00,33,6,0.0,0.23222222222222222,0.0,0.08486666666666666,optimal
2021-02-12 23:30:00,33,6,0.0,0.0,0.0,0.067,optimal
2021-02-13 00:00:00,33,6,0.0,0.0,0.0,0.051,optimal
2021-02-13 00:30:00,33,6,0.0,0.0,0.0,0.051,optimal
2021-02-13 01:00:00,33,6,0.7589718410434142,0.0,0.0,0.1874,optimal
2021-02-13 01:30:00,33,6,1.1428571428571428,0.0,0.0,0.051,optimal
2021-02-13 02:00:00,33,6,1.1428571428571428,0.0,0.0,0.051,optimal
2021-02-13 02:30:00,33,6,1.1428571428571428,0.0,0.0,0.1192,optimal
2021-02-13 03:00:00,33,6,1.1428571428571428,0.0,0.0,0.1192,optimal
2021-02-13 03:30:00,33,6,1.1428571428571428,0.0,0.0,0.051,optimal
2021-02-13 04:00:00,33,6,1.1428571428571428,0.0,0.0,0.10679999999999999,optimal
2021-02-13 04:30:00,33,6,1.1428571428571428,0.0,0.0,0.1316,optimal
2021-02-13 05:00:00,33,6,1.1428571428571428,0.0,0.7840779726249468,0.051,optimal
2021-02-13 05:30:00,33,6,1.1428571428571428,0.0,5.0,0.1874,optimal
2021-02-13 06:00:00,33,6,1.1428571428571428,0.0,5.0,0.051,optimal
2021-02-13 06:30:00,33,6,1.1428571428571428,0.0,5.0,0.17973333333333333,optimal
2021-02-13 07:00:00,33,6,1.1428571428571428,0.0,0.0,0.166,optimal
2021-02-13 07:30:00,33,6,1.1428571428571428,0.0774074074074074,0.0,0.08033333333333333,optimal
2021-02-13 08:00:00,33,6,0.7021816608803427,0.9288888888888889,0.0,0.21480000000000002,optimal
2021-02-13 08:30:00,33,6,0.8414567506485685,0.0,0.0,0.06266666666666666,optimal
2021-02-13 09:00:00,33,6,0.7833249426314676,0.0,0.0,0.05733333333333333,optimal
2021-02-13 09:30:00,33,6,0.7407194390916617,0.0,0.0,0.1626,optimal
2021-02-13 10:00:00,33,6,0.5766616193955468,0.0,0.0,0.07579999999999999,optimal
2021-02-13 10:30:00,33,6,0.4885652805923486,0.0,0.0,0.27863333333333334,optimal
2021-02-13 11:00:00,33,6,0.27434086050419637,0.0,0.0,0.142,optimal
2021-02-13 11:30:00,33,6,0.16524452170100173,0.387037037037037,0.0,1.3281333333333334,optimal
2021-02-13 12:00:00,33,6,0.16719935260357616,0.0774074074074074,0.0,0.21380000000000002,optimal
2021-02-13 12:30:00,33,6,0.2140161988067035,0.1548148148148148,0.0,0.18059999999999998,optimal
2021-02-13 13:00:00,33,6,0.47550531715182265,0.0,0.0,0.2814,optimal
2021-02-13 13:30:00,33,6,1.1428571428571428,2.1674074074074072,0.0,0.2793,optimal
2021-02-13 14:00:00,33,6,1.1428571428571428,0.5418518518518518,0.0,0.09786666666666666,optimal
2021-02-13 14:30:00,33,6,1.1428571428571428,0.0774074074074074,0.0,0.22343333333333332,optimal
2021-02-13 15:00:00,33,6,1.1428571428571428,0.0,0.0,0.36010000000000003,optimal
2021-02-13 15:30:00,33,6,1.1428571428571428,0.0,0.0,1.2832333333333332,optimal
2021-02-13 16:00:00,33,6,0.0,0.23222222222222222,0.0,1.9714666666666667,optimal
2021-02-13 16:30:00,33,6,0.0,0.6966666666666667,0.0,1.7935999999999999,optimal
2021-02-13 17:00:00,33,6,0.0,0.6192592592592592,0.0,0.5315666666666667,optimal
2021-02-13 17:30:00,33,6,0.0,0.23222222222222222,0.0,1.1580666666666666,optimal
2021-02-13 18:00:00,33,6,0.0,2.012592592592592,0.0,1.0654000000000001,optimal
2021-02-13 18:30:00,33,6,0.0,0.0,0.0,1.3271,optimal
2021-02-13 19:00:00,33,6,0.0,0.1548148148148148,0.0,0.5607666666666666,optimal
2021-02-13 19:30:00,33,6,0.0,0.23222222222222222,0.0,0.42,optimal
2021-02-13 20:00:00,33,6,0.0,0.0,0.0,0.29246666666666665,optimal
2021-02-13 20:30:00,33,6,0.0,0.46444444444444444,0.0,0.4146333333333333,optimal
2021-02-13 21:00:00,33,6,0.0,0.0,0.0,0.3138,optimal
2021-02-13 21:30:00,33,6,0.0,0.0,0.0,0.1134,optimal
2021-02-13 22:00:00,33,6,0.0,0.0,0.0,0.3698,optimal
2021-02-13 22:30:00,33,6,0.0,0.0,0.0,0.21130000000000002,optimal
2021-02-13 23:00:00,33,6,0.0,0.0,0.0,0.061,optimal
2021-02-13 23:30:00,33,6,0.0,0.0,0.0,0.19706666666666664,optimal
2021-02-07 00:00:00,34,6,0.0,0.0,0.0,0.09353333333333332,optimal
2021-02-07 00:30:00,34,6,0.0,0.0,0.0,0.068,optimal
2021-02-07 01:00:00,34,6,0.0,0.0,0.0,0.068,optimal
2021-02-07 01:30:00,34,6,0.0,0.0,0.0,0.068,optimal
2021-02-07 02:00:00,34,6,0.0,0.0,0.0,0.068,optimal
2021-02-07 02:30:00,34,6,0.0,0.0,0.0,0.068,optimal
2021-02-07 03:00:00,34,6,0.0,0.0,0.0,0.068,optimal
2021-02-07 03:30:00,34,6,0.0,0.0,0.0,0.068,optimal
2021-02-07 04:00:00,34,6,1.1428571428571428,0.0,0.0,0.068,optimal
2021-02-07 04:30:00,34,6,1.1428571428571428,0.0,0.0,0.068,optimal
2021-02-07 05:00:00,34,6,1.1428571428571428,0.0,0.0,0.068,optimal
2021-02-07 05:30:00,34,6,1.1428571428571428,0.0,0.0,0.068,optimal
2021-02-07 06:00:00,34,6,1.1428571428571428,0.0,0.0,0.068,optimal
2021-02-07 06:30:00,34,6,1.1428571428571428,2.39962962962963,0.0,0.09833333333333331,optimal
2021-02-07 07:00:00,34,6,1.1428571428571428,0.6192592592592592,1.8089900112525021,1.146,optimal
2021-02-07 07:30:00,34,6,0.0,0.8514814814814814,0.0,0.4323,optimal
2021-02-07 08:00:00,34,6,0.0,0.5836518518518518,0.0,0.205,optimal
2021-02-07 08:30:00,34,6,0.09861248898317644,2.822274074074074,0.0,0.3915,optimal
2021-02-07 09:00:00,34,6,0.5384301098658336,0.0774074074074074,0.0,0.193,optimal
2021-02-07 09:30:00,34,6,0.5552575805864428,0.0774074074074074,0.0,0.20126666666666668,optimal
2021-02-07 10:00:00,34,6,0.4666110615075059,0.5418518518518518,0.0,0.224,optimal
2021-02-07 10:30:00,34,6,0.4900894533996116,0.23222222222222222,0.0,0.224,optimal
2021-02-07 11:00:00,34,6,0.5496269391823001,0.0,0.0,0.078,optimal
2021-02-07 11:30:00,34,6,0.5496269391823001,0.0,0.0,0.078,optimal
2021-02-07 12:00:00,34,6,0.4818570362967406,0.0,0.0,0.078,optimal
2021-02-07 12:30:00,34,6,0.4818570362967406,0.0,0.0,0.078,optimal
2021-02-07 13:00:00,34,6,1.1189232137960647,0.0,0.0,0.078,optimal
2021-02-07 13:30:00,34,6,1.1428571428571428,0.0,0.0,0.12516666666666668,optimal
2021-02-07 14:00:00,34,6,1.1428571428571428,0.1548148148148148,0.0,0.204,optimal
2021-02-07 14:30:00,34,6,1.1428571428571428,0.0,0.0,0.22203333333333333,optimal
2021-02-07 15:00:00,34,6,1.1428571428571428,0.1548148148148148,0.0,0.24906666666666663,optimal
2021-02-07 15:30:00,34,6,1.1428571428571428,0.1548148148148148,0.0,0.8481666666666666,optimal
2021-02-07 16:00:00,34,6,0.0,0.0,0.0,0.8245,optimal
2021-02-07 16:30:00,34,6,0.0,0.3096296296296296,0.0,0.2929,optimal
2021-02-07 17:00:00,34,6,0.0,0.3096296296296296,0.0,0.43069999999999997,optimal
2021-02-07 17:30:00,34,6,0.0,0.3096296296296296,0.0,0.3634,optimal
2021-02-07 18:00:00,34,6,0.0,0.774074074074074,0.0,0.32713333333333333,optimal
2021-02-07 18:30:00,34,6,0.0,0.0774074074074074,0.0,0.2038,optimal
2021-02-07 19:00:00,34,6,0.0,0.1548148148148148,0.0,0.2057333333333333,optimal
2021-02-07 19:30:00,34,6,0.0,0.1548148148148148,0.0,0.2332,optimal
2021-02-07 20:00:00,34,6,0.0,0.0,0.0,0.3248666666666667,optimal
2021-02-07 20:30:00,34,6,0.0,0.6192592592592592,0.0,0.3257,optimal
2021-02-07 21:00:00,34,6,0.0,0.0,0.0,0.24080000000000001,optimal
2021-02-07 21:30:00,34,6,0.0,0.1548148148148148,0.0,0.1697,optimal
2021-02-07 22:00:00,34,6,0.0,0.0,0.0,0.1512666666666667,optimal
2021-02-07 22:30:00,34,6,0.0,0.0,0.0,0.0856,optimal
2021-02-07 23:00:00,34,6,0.0,0.0,0.0,0.078,optimal
2021-02-07 23:30:00,34,6,0.0,0.0,0.0,0.078,optimal
2021-02-08 00:00:00,34,6,0.0,0.0,0.0,0.062,optimal
2021-02-08 00:30:00,34,6,0.0,0.0,0.0,0.062,optimal
2021-02-08 01:00:00,34,6,0.0,0.0,0.0,0.09583333333333331,optimal
2021-02-08 01:30:00,34,6,0.06995434058622374,0.0,0.0,0.1313666666666667,optimal
2021-02-08 02:00:00,34,6,1.1428571428571428,0.0,0.0,0.1992,optimal
2021-02-08 02:30:00,34,6,1.1428571428571428,0.0,0.0,0.19346666666666668,optimal
2021-02-08 03:00:00,34,6,1.1428571428571428,0.0,0.0,0.24559999999999998,optimal
2021-02-08 03:30:00,34,6,1.1428571428571428,0.0,0.0,0.10236666666666666,optimal
2021-02-08 04:00:00,34,6,1.1428571428571428,0.0,0.0,0.14876666666666669,optimal
2021-02-08 04:30:00,34,6,1.1428571428571428,0.0,0.0,0.263,optimal
2021-02-08 05:00:00,34,6,1.1428571428571428,0.0,0.0,0.11516666666666668,optimal
2021-02-08 05:30:00,34,6,1.1428571428571428,0.0,0.0,0.1113,optimal
2021-02-08 06:00:00,34,6,1.1428571428571428,0.0,0.0,0.17006666666666667,optimal
2021-02-08 06:30:00,34,6,1.1428571428571428,0.0,4.430920489703492,0.23106666666666664,optimal
2021-02-08 07:00:00,34,6,1.1428571428571428,0.0,5.0,0.29733333333333334,optimal
2021-02-08 07:30:00,34,6,1.1428571428571428,2.1674074074074072,0.0,0.2799333333333333,optimal
2021-02-08 08:00:00,34,6,0.5331892460601356,0.1548148148148148,0.0,0.6582666666666667,optimal
2021-02-08 08:30:00,34,6,0.24319811414273065,2.2448148148148146,0.0,3.136333333333333,optimal
2021-02-08 09:00:00,34,6,0.340981406674523,5.960370370370371,0.0,2.8522,optimal
2021-02-08 09:30:00,34,6,0.4235476283601667,0.0,0.0,2.474333333333333,optimal
2021-02-08 10:00:00,34,6,0.406484640675547,0.387037037037037,0.0,0.2544,optimal
2021-02-08 10:30:00,34,6,0.4715736570851481,0.0,0.0,0.19976666666666668,optimal
2021-02-08 11:00:00,34,6,0.28575978868455587,0.387037037037037,0.0,0.24236666666666667,optimal
2021-02-08 11:30:00,34,6,0.19350044441149064,0.0,0.0,0.5502666666666667,optimal
2021-02-08 12:00:00,34,6,0.19559365679515484,0.0,0.0,0.3314,optimal
2021-02-08 12:30:00,34,6,0.1996083015823569,0.1548148148148148,0.0,0.2523333333333333,optimal
2021-02-08 13:00:00,34,6,0.05670006147972567,0.46444444444444444,0.0,0.4781,optimal
2021-02-08 13:30:00,34,6,0.0,0.6192592592592592,0.0,1.5148,optimal
2021-02-08 14:00:00,34,6,0.9978279882117919,0.0,0.0,1.5675333333333332,optimal
2021-02-08 14:30:00,34,6,1.1428571428571428,0.1548148148148148,0.0,2.4,optimal
2021-02-08 15:00:00,34,6,1.1428571428571428,0.3096296296296296,0.0,0.7364666666666667,optimal
2021-02-08 15:30:00,34,6,1.1428571428571428,0.0,0.0,0.7182999999999999,optimal
2021-02-08 16:00:00,34,6,0.0,0.6966666666666667,0.0,0.5855333333333334,optimal
2021-02-08 16:30:00,34,6,0.0,1.315925925925926,0.0,0.6568666666666667,optimal
2021-02-08 17:00:00,34,6,0.0,0.0,0.0,0.3842,optimal
2021-02-08 17:30:00,34,6,0.0,0.1548148148148148,0.0,0.5141333333333333,optimal
2021-02-08 18:00:00,34,6,0.0,0.5418518518518518,0.0,0.4091,optimal
2021-02-08 18:30:00,34,6,0.0,0.0,0.0,0.2824,optimal
2021-02-08 19:00:00,34,6,0.0,1.7029629629629628,0.0,0.29833333333333334,optimal
2021-02-08 19:30:00,34,6,0.0,0.0,0.0,0.3166333333333333,optimal
2021-02-08 20:00:00,34,6,0.0,0.0,0.0,0.7303666666666667,optimal
2021-02-08 20:30:00,34,6,0.0,0.0,0.0,0.48536666666666667,optimal
2021-02-08 21:00:00,34,6,0.0,0.0,0.0,1.1024333333333334,optimal
2021-02-08 21:30:00,34,6,0.0,0.0,0.0,1.9969000000000001,optimal
2021-02-08 22:00:00,34,6,0.0,0.0,0.0,0.9781666666666666,optimal
2021-02-08 22:30:00,34,6,0.0,0.1548148148148148,0.0,2.1224666666666665,optimal
2021-02-08 23:00:00,34,6,0.0,0.0,0.0,0.9368,optimal
2021-02-08 23:30:00,34,6,0.0,0.0,0.0,0.38713333333333333,optimal
2021-02-09 00:00:00,34,6,0.0,0.0,0.0,0.065,optimal
2021-02-09 00:30:00,34,6,0.0,0.0,0.0,0.06456666666666666,optimal
2021-02-09 01:00:00,34,6,0.0,0.0,0.0,0.16476666666666667,optimal
2021-02-09 01:30:00,34,6,0.16114500838320714,0.0,0.0,0.059,optimal
2021-02-09 02:00:00,34,6,1.1428571428571428,0.0,0.0,0.11466666666666668,optimal
2021-02-09 02:30:00,34,6,1.1428571428571428,0.0,0.0,0.11466666666666668,optimal
2021-02-09 03:00:00,34,6,1.1428571428571428,0.0,0.0,0.059,optimal
2021-02-09 03:30:00,34,6,1.1428571428571428,0.0,0.0,0.059,optimal
2021-02-09 04:00:00,34,6,1.1428571428571428,0.0,0.0,0.08916666666666667,optimal
2021-02-09 04:30:00,34,6,1.1428571428571428,0.0,2.336869977291835,0.15016666666666667,optimal
2021-02-09 05:00:00,34,6,1.1428571428571428,0.0,5.0,0.08126666666666667,optimal
2021-02-09 05:30:00,34,6,1.1428571428571428,0.0,5.0,0.14806666666666665,optimal
2021-02-09 06:00:00,34,6,1.1428571428571428,0.0,5.0,0.059,optimal
2021-02-09 06:30:00,34,6,1.1428571428571428,0.0,5.0,0.065,optimal
2021-02-09 07:00:00,34,6,1.1428571428571428,0.6192592592592592,5.0,0.16833333333333333,optimal
2021-02-09 07:30:00,34,6,1.1428571428571428,0.46444444444444444,0.0,0.33916666666666667,optimal
2021-02-09 08:00:00,34,6,0.570193820708196,0.3096296296296296,0.0,0.6585,optimal
2021-02-09 08:30:00,34,6,0.604093375727175,0.0,0.0,1.187733333333333,optimal
2021-02-09 09:00:00,34,6,0.4466776464590321,0.1548148148148148,0.0,0.9758333333333333,optimal
2021-02-09 09:30:00,34,6,0.46339675649698947,0.0774074074074074,0.0,0.40143333333333325,optimal
2021-02-09 10:00:00,34,6,0.334832399197376,0.8514814814814814,0.0,0.21936666666666668,optimal
2021-02-09 10:30:00,34,6,0.3235888004194853,0.46444444444444444,0.0,0.29906666666666665,optimal
2021-02-09 11:00:00,34,6,0.20350990813202652,0.0,0.0,0.234,optimal
2021-02-09 11:30:00,34,6,0.09775642647168821,0.0774074074074074,0.0,0.7308,optimal
2021-02-09 12:00:00,34,6,0.0,1.0837037037037036,0.0,1.3276,optimal
2021-02-09 12:30:00,34,6,0.0,2.39962962962963,0.0,0.14493333333333333,optimal
2021-02-09 13:00:00,34,6,0.0,0.0,0.0,0.17833333333333334,optimal
2021-02-09 13:30:00,34,6,0.0,0.0774074074074074,0.0,0.16776666666666668,optimal
2021-02-09 14:00:00,34,6,0.8406159870549026,0.387037037037037,0.0,0.45663333333333334,optimal
2021-02-09 14:30:00,34,6,1.1428571428571428,0.0,0.0,0.7256666666666667,optimal
2021-02-09 15:00:00,34,6,1.1428571428571428,0.3096296296296296,0.0,0.40143333333333325,optimal
2021-02-09 15:30:00,34,6,1.1428571428571428,0.0,0.0,0.48133333333333334,optimal
2021-02-09 16:00:00,34,6,0.0,0.1548148148148148,0.0,0.4278666666666667,optimal
2021-02-09 16:30:00,34,6,0.0,0.0774074074074074,0.0,0.3323666666666667,optimal
2021-02-09 17:00:00,34,6,0.0,0.0,0.0,1.2534666666666667,optimal
2021-02-09 17:30:00,34,6,0.0,0.0774074074074074,0.0,2.308866666666667,optimal
2021-02-09 18:00:00,34,6,0.0,1.1611111111111108,0.0,2.2186999999999997,optimal
2021-02-09 18:30:00,34,6,0.0,0.6192592592592592,0.0,0.31526666666666664,optimal
2021-02-09 19:00:00,34,6,0.0,0.0,0.0,0.08013333333333333,optimal
2021-02-09 19:30:00,34,6,0.0,0.0774074074074074,0.0,0.35969999999999996,optimal
2021-02-09 20:00:00,34,6,0.0,0.0,0.0,0.38696666666666657,optimal
2021-02-09 20:30:00,34,6,0.0,0.0774074074074074,0.0,1.2778666666666665,optimal
2021-02-09 21:00:00,34,6,0.0,0.0,0.0,0.34846666666666665,optimal
2021-02-09 21:30:00,34,6,0.0,0.0,0.0,0.40393333333333326,optimal
2021-02-09 22:00:00,34,6,0.0,0.1548148148148148,0.0,0.4259333333333333,optimal
2021-02-09 22:30:00,34,6,0.0,0.23222222222222222,0.0,0.2288,optimal
2021-02-09 23:00:00,34,6,0.0,0.0,0.0,0.28453333333333336,optimal
2021-02-09 23:30:00,34,6,0.0,0.23222222222222222,0.0,0.4289,optimal
2021-02-10 00:00:00,34,6,0.0,0.0,0.0,0.052,optimal
2021-02-10 00:30:00,34,6,0.0,0.0,0.0,0.06146666666666667,optimal
2021-02-10 01:00:00,34,6,0.0,0.0,0.0,0.14043333333333333,optimal
2021-02-10 01:30:00,34,6,0.7546780605869754,0.0,0.0,0.1144,optimal
2021-02-10 02:00:00,34,6,1.1428571428571428,0.0,0.0,0.21986666666666668,optimal
2021-02-10 02:30:00,34,6,1.1428571428571428,0.0,0.0,0.1088,optimal
2021-02-10 03:00:00,34,6,1.1428571428571428,0.0,0.0,0.07566666666666667,optimal
2021-02-10 03:30:00,34,6,1.1428571428571428,0.0,0.0,0.123,optimal
2021-02-10 04:00:00,34,6,1.1428571428571428,0.0,0.0,0.052,optimal
2021-02-10 04:30:00,34,6,1.1428571428571428,0.0,0.0,0.052,optimal
2021-02-10 05:00:00,34,6,1.1428571428571428,0.0,0.0,0.14193333333333333,optimal
2021-02-10 05:30:00,34,6,1.1428571428571428,0.0,0.37029664730466183,0.05673333333333333,optimal
2021-02-10 06:00:00,34,6,1.1428571428571428,0.0,5.0,0.1277333333333333,optimal
2021-02-10 06:30:00,34,6,1.1428571428571428,0.0,5.0,0.07959999999999999,optimal
2021-02-10 07:00:00,34,6,1.1428571428571428,0.6966666666666667,5.0,0.19753333333333334,optimal
2021-02-10 07:30:00,34,6,1.1428571428571428,0.0,0.0,0.21686666666666668,optimal
2021-02-10 08:00:00,34,6,0.6370453910513391,0.46444444444444444,0.0,0.0681,optimal
2021-02-10 08:30:00,34,6,0.6778886072671177,0.23222222222222222,0.0,0.12906666666666666,optimal
2021-02-10 09:00:00,34,6,0.5513702701296864,4.412222222222222,0.0,0.1983,optimal
2021-02-10 09:30:00,34,6,0.572356343488323,0.3096296296296296,0.0,0.302,optimal
2021-02-10 10:00:00,34,6,0.4081889633828864,0.6192592592592592,0.0,0.30760000000000004,optimal
2021-02-10 10:30:00,34,6,0.3803094707828134,0.0,0.0,0.3914666666666666,optimal
2021-02-10 11:00:00,34,6,0.27657158710957286,0.23222222222222222,0.0,0.2939333333333333,optimal
2021-02-10 11:30:00,34,6,0.24917890950317215,0.0,0.0,0.4014666666666666,optimal
2021-02-10 12:00:00,34,6,0.15730989354286726,0.387037037037037,0.0,0.09786666666666666,optimal
2021-02-10 12:30:00,34,6,0.09789084592382355,0.1548148148148148,0.0,0.0884,optimal
2021-02-10 13:00:00,34,6,0.07950356898280622,0.0774074074074074,0.0,0.13043333333333335,optimal
2021-02-10 13:30:00,34,6,0.7725662435879332,0.0,0.0,0.0953,optimal
2021-02-10 14:00:00,34,6,1.1428571428571428,0.0,0.0,0.20566666666666664,optimal
2021-02-10 14:30:00,34,6,1.1428571428571428,0.3096296296296296,0.0,0.1925,optimal
2021-02-10 15:00:00,34,6,1.1428571428571428,0.0,0.0,0.1472,optimal
2021-02-10 15:30:00,34,6,1.1428571428571428,0.0,0.0,0.07146666666666666,optimal
2021-02-10 16:00:00,34,6,0.0,0.0,0.0,0.09040000000000001,optimal
2021-02-10 16:30:00,34,6,0.0,0.0,0.0,0.4251333333333333,optimal
2021-02-10 17:00:00,34,6,0.0,0.0,0.0,0.20336666666666667,optimal
2021-02-10 17:30:00,34,6,0.0,0.1548148148148148,0.0,0.5618666666666666,optimal
2021-02-10 18:00:00,34,6,0.0,0.0,0.0,0.3346,optimal
2021-02-10 18:30:00,34,6,0.0,0.3096296296296296,0.0,1.2838666666666665,optimal
2021-02-10 19:00:00,34,6,0.0,0.774074074074074,0.0,0.7386,optimal
2021-02-10 19:30:00,34,6,0.0,0.0,0.0,0.27203333333333335,optimal
2021-02-10 20:00:00,34,6,0.0,0.1548148148148148,0.0,0.1875,optimal
2021-02-10 20:30:00,34,6,0.0,0.0,0.0,0.2544333333333333,optimal
2021-02-10 21:00:00,34,6,0.0,0.46444444444444444,0.0,0.26263333333333333,optimal
2021-02-10 21:30:00,34,6,0.0,0.0774074074074074,0.0,0.40036666666666665,optimal
2021-02-10 22:00:00,34,6,0.0,0.0,0.0,0.4245333333333334,optimal
2021-02-10 22:30:00,34,6,0.0,0.23222222222222222,0.0,0.3414,optimal
2021-02-10 23:00:00,34,6,0.0,0.0,0.0,0.2577333333333333,optimal
2021-02-10 23:30:00,34,6,0.0,0.0,0.0,0.2815,optimal
2021-02-11 00:00:00,34,6,0.0,0.23222222222222222,0.0,0.27853333333333335,optimal
2021-02-11 00:30:00,34,6,0.08935735968946354,0.23222222222222222,0.0,0.1582333333333333,optimal
2021-02-11 01:00:00,34,6,1.1428571428571428,0.0,0.0,0.38026666666666664,optimal
2021-02-11 01:30:00,34,6,1.1428571428571428,0.0,0.0,0.19013333333333332,optimal
2021-02-11 02:00:00,34,6,1.1428571428571428,0.23222222222222222,0.0,0.34013333333333334,optimal
2021-02-11 02:30:00,34,6,1.1428571428571428,0.0,0.0,0.32153333333333334,optimal
2021-02-11 03:00:00,34,6,1.1428571428571428,1.433585185185185,0.0,0.2103333333333333,optimal
2021-02-11 03:30:00,34,6,1.1428571428571428,0.8886370370370371,1.9057782800778593,0.1784,optimal
2021-02-11 04:00:00,34,6,1.1428571428571428,0.0,5.0,0.14793333333333333,optimal
2021-02-11 04:30:00,34,6,1.1428571428571428,0.0,5.0,0.31406666666666666,optimal
2021-02-11 05:00:00,34,6,1.1428571428571428,0.0,5.0,0.12366666666666669,optimal
2021-02-11 05:30:00,34,6,1.1428571428571428,0.0,5.0,0.2783,optimal
2021-02-11 06:00:00,34,6,1.1428571428571428,0.1548148148148148,0.0,0.1462,optimal
2021-02-11 06:30:00,34,6,1.1428571428571428,2.4770370370370367,0.0,0.2777,optimal
2021-02-11 07:00:00,34,6,1.1428571428571428,3.7155555555555555,0.0,0.3831333333333333,optimal
2021-02-11 07:30:00,34,6,1.1428571428571428,0.9288888888888889,0.0,0.2762333333333333,optimal
2021-02-11 08:00:00,34,6,0.7829055173825615,0.23222222222222222,0.0,0.22,optimal
2021-02-11 08:30:00,34,6,0.8816707242683469,0.0,0.0,0.3161666666666667,optimal
2021-02-11 09:00:00,34,6,0.8270954503922627,0.0,0.0,0.07563333333333334,optimal
2021-02-11 09:30:00,34,6,0.7281924603628941,0.0,0.0,0.17416666666666666,optimal
2021-02-11 10:00:00,34,6,0.4119745374551059,0.0,0.0,0.28783333333333333,optimal
2021-02-11 10:30:00,34,6,0.18146393642683115,0.1548148148148148,0.0,1.3524666666666667,optimal
2021-02-11 11:00:00,34,6,0.24934433870207187,0.0,0.0,0.3005333333333334,optimal
2021-02-11 11:30:00,34,6,0.2627087804636109,0.0,0.0,0.13119999999999998,optimal
2021-02-11 12:00:00,34,6,0.04058988432042725,0.0,0.0,0.3166666666666667,optimal
2021-02-11 12:30:00,34,6,0.06888033702169523,0.0,0.0,0.15543333333333334,optimal
2021-02-11 13:00:00,34,6,0.3908726351339289,0.0,0.0,0.3161333333333333,optimal
2021-02-11 13:30:00,34,6,1.1428571428571428,0.1548148148148148,0.0,0.2809333333333333,optimal
2021-02-11 14:00:00,34,6,1.1428571428571428,0.0774074074074074,0.0,0.5656,optimal
2021-02-11 14:30:00,34,6,1.1428571428571428,0.0,0.0,0.3711333333333333,optimal
2021-02-11 15:00:00,34,6,1.1428571428571428,0.1548148148148148,0.0,0.46873333333333334,optimal
2021-02-11 15:30:00,34,6,1.1428571428571428,0.5418518518518518,0.0,0.0994,optimal
2021-02-11 16:00:00,34,6,0.0,0.0,0.0,0.2548666666666667,optimal
2021-02-11 16:30:00,34,6,0.0,0.6192592592592592,0.0,0.33063333333333333,optimal
2021-02-11 17:00:00,34,6,0.0,0.1548148148148148,0.0,1.5751,optimal
2021-02-11 17:30:00,34,6,0.0,0.3096296296296296,0.0,0.42460000000000003,optimal
2021-02-11 18:00:00,34,6,0.0,0.46444444444444444,0.0,0.26573333333333327,optimal
2021-02-11 18:30:00,34,6,0.0,0.0,0.0,1.0355999999999999,optimal
2021-02-11 19:00:00,34,6,0.0,0.1548148148148148,0.0,1.1164,optimal
2021-02-11 19:30:00,34,6,0.0,0.46444444444444444,0.0,0.19333333333333327,optimal
2021-02-11 20:00:00,34,6,0.0,0.23222222222222222,0.0,0.3663666666666667,optimal
2021-02-11 20:30:00,34,6,0.0,0.0,0.0,0.34436666666666665,optimal
2021-02-11 21:00:00,34,6,0.0,0.23222222222222222,0.0,0.216,optimal
2021-02-11 21:30:00,34,6,0.0,0.0774074074074074,0.0,0.3355,optimal
2021-02-11 22:00:00,34,6,0.0,0.3096296296296296,0.0,0.4203,optimal
2021-02-11 22:30:00,34,6,0.0,0.0,0.0,0.34746666666666665,optimal
2021-02-11 23:00:00,34,6,0.0,0.0774074074074074,0.0,1.3911333333333333,optimal
2021-02-11 23:30:00,34,6,0.0,0.0,0.0,0.2964,optimal
2021-02-12 00:00:00,34,6,1.1428571428571428,0.0,0.0,0.062,optimal
2021-02-12 00:30:00,34,6,1.1428571428571428,0.0,0.0,0.1164,optimal
2021-02-12 01:00:00,34,6,1.1428571428571428,0.0,0.0,0.0688,optimal
2021-02-12 01:30:00,34,6,1.1428571428571428,0.0,0.0,0.2152666666666667,optimal
2021-02-12 02:00:00,34,6,1.1428571428571428,0.0,0.0,0.0858,optimal
2021-02-12 02:30:00,34,6,1.1428571428571428,0.0,0.0,0.1412,optimal
2021-02-12 03:00:00,34,6,1.1428571428571428,0.0,0.0,0.17346666666666666,optimal
2021-02-12 03:30:00,34,6,1.1428571428571428,0.0,0.0,0.1232,optimal
2021-02-12 04:00:00,34,6,1.1428571428571428,0.0,0.0,0.1874,optimal
2021-02-12 04:30:00,34,6,1.1428571428571428,0.0,0.0,0.08986666666666666,optimal
2021-02-12 05:00:00,34,6,1.1428571428571428,0.0,0.0,0.062,optimal
2021-02-12 05:30:00,34,6,1.1428571428571428,0.0,3.6488933186313046,0.20133333333333328,optimal
2021-02-12 06:00:00,34,6,1.1428571428571428,0.0,5.0,0.07993333333333334,optimal
2021-02-12 06:30:00,34,6,1.1428571428571428,2.4770370370370367,5.0,0.13119999999999998,optimal
2021-02-12 07:00:00,34,6,1.1428571428571428,2.012592592592592,0.0,0.18146666666666667,optimal
2021-02-12 07:30:00,34,6,1.1428571428571428,5.528384216308833,0.0,0.15259999999999999,optimal
2021-02-12 08:00:00,34,6,0.8875986010402764,0.774074074074074,0.0,0.8632000000000001,optimal
2021-02-12 08:30:00,34,6,0.8321268133959281,0.0,0.0,0.18146666666666667,optimal
2021-02-12 09:00:00,34,6,0.6423979846599316,0.0,0.0,0.14736666666666667,optimal
2021-02-12 09:30:00,34,6,0.44321622017633394,0.387037037037037,0.0,1.2862333333333331,optimal
2021-02-12 10:00:00,34,6,0.30602883395006003,0.5418518518518518,0.0,0.22806666666666664,optimal
2021-02-12 10:30:00,34,6,0.283014314000664,0.23222222222222222,0.0,0.38226666666666664,optimal
2021-02-12 11:00:00,34,6,0.0,0.0,0.0,2.5455666666666668,optimal
2021-02-12 11:30:00,34,6,0.0,0.0,0.0,2.9165,optimal
2021-02-12 12:00:00,34,6,0.0,0.5418518518518518,0.0,1.1715666666666666,optimal
2021-02-12 12:30:00,34,6,0.0,0.9288888888888889,0.0,0.5036666666666667,optimal
2021-02-12 13:00:00,34,6,0.0456507238903444,0.1548148148148148,0.0,1.8056333333333328,optimal
2021-02-12 13:30:00,34,6,1.1428571428571428,0.0,0.0,2.9046333333333334,optimal
2021-02-12 14:00:00,34,6,1.1428571428571428,0.1548148148148148,0.0,1.2907,optimal
2021-02-12 14:30:00,34,6,1.1428571428571428,0.3096296296296296,0.0,0.6396000000000001,optimal
2021-02-12 15:00:00,34,6,1.1428571428571428,0.0,0.0,0.44863333333333333,optimal
2021-02-12 15:30:00,34,6,1.1428571428571428,0.6192592592592592,0.0,0.3534,optimal
2021-02-12 16:00:00,34,6,0.0,0.0,0.0,0.5815666666666667,optimal
2021-02-12 16:30:00,34,6,0.0,0.0,0.0,0.8163666666666667,optimal
2021-02-12 17:00:00,34,6,0.0,6.6570370370370355,0.0,0.5478666666666667,optimal
2021-02-12 17:30:00,34,6,0.0,0.0,0.0,0.4623,optimal
2021-02-12 18:00:00,34,6,0.0,0.0,0.0,0.18893333333333331,optimal
2021-02-12 18:30:00,34,6,0.0,0.0,0.0,0.16953333333333334,optimal
2021-02-12 19:00:00,34,6,0.0,0.0,0.0,0.13319999999999999,optimal
2021-02-12 19:30:00,34,6,0.0,0.23222222222222222,0.0,0.6852,optimal
2021-02-12 20:00:00,34,6,0.0,0.1548148148148148,0.0,0.4402,optimal
2021-02-12 20:30:00,34,6,0.0,0.0,0.0,0.7462333333333333,optimal
2021-02-12 21:00:00,34,6,0.0,0.0,0.0,0.5572666666666667,optimal
2021-02-12 21:30:00,34,6,0.0,0.0,0.0,0.279,optimal
2021-02-12 22:00:00,34,6,0.0,0.23222222222222222,0.0,0.5612666666666667,optimal
2021-02-12 22:30:00,34,6,0.0,0.0,0.0,0.34946666666666665,optimal
2021-02-12 23:00:00,34,6,0.0,0.0,0.0,0.27016666666666667,optimal
2021-02-12 23:30:00,34,6,0.0,0.1548148148148148,0.0,0.3361,optimal
2021-02-13 00:00:00,34,6,0.0,0.0,0.0,0.059,optimal
2021-02-13 00:30:00,34,6,0.0,0.0,0.0,0.093,optimal
2021-02-13 01:00:00,34,6,0.42143554028181923,0.0,0.0,0.1328,optimal
2021-02-13 01:30:00,34,6,1.1428571428571428,0.0,0.0,0.185,optimal
2021-02-13 02:00:00,34,6,1.1428571428571428,0.0,0.0,0.15419999999999998,optimal
2021-02-13 02:30:00,34,6,1.1428571428571428,0.0,0.0,0.1976,optimal
2021-02-13 03:00:00,34,6,1.1428571428571428,0.0,0.0,0.059,optimal
2021-02-13 03:30:00,34,6,1.1428571428571428,0.0,0.0,0.2298,optimal
2021-02-13 04:00:00,34,6,1.1428571428571428,0.0,0.0,0.122,optimal
2021-02-13 04:30:00,34,6,1.1428571428571428,0.0,0.0,0.15419999999999998,optimal
2021-02-13 05:00:00,34,6,1.1428571428571428,0.0,0.0,0.1976,optimal
2021-02-13 05:30:00,34,6,1.1428571428571428,0.0,4.044873833692667,0.093,optimal
2021-02-13 06:00:00,34,6,1.1428571428571428,0.0,5.0,0.1202,optimal
2021-02-13 06:30:00,34,6,1.1428571428571428,0.0,5.0,0.122,optimal
2021-02-13 07:00:00,34,6,1.1428571428571428,0.46444444444444444,5.0,0.2278,optimal
2021-02-13 07:30:00,34,6,1.1428571428571428,0.0,0.0,0.057,optimal
2021-02-13 08:00:00,34,6,0.7338673751660526,0.0,0.0,0.2024,optimal
2021-02-13 08:30:00,34,6,0.6606929411247607,0.6192592592592592,0.0,0.9211666666666666,optimal
2021-02-13 09:00:00,34,6,0.5338820854886127,2.1674074074074072,0.0,1.6500333333333332,optimal
2021-02-13 09:30:00,34,6,0.5002099152821465,0.1548148148148148,0.0,1.2076333333333333,optimal
2021-02-13 10:00:00,34,6,0.3372749527288734,0.23222222222222222,0.0,0.6551333333333333,optimal
2021-02-13 10:30:00,34,6,0.530249090116158,0.0,0.0,0.38330000000000003,optimal
2021-02-13 11:00:00,34,6,0.3414265747899154,0.0,0.0,0.16419999999999998,optimal
2021-02-13 11:30:00,34,6,0.3394826169390913,0.0,0.0,0.1635,optimal
2021-02-13 12:00:00,34,6,0.2626564954607213,0.0,0.0,0.1267,optimal
2021-02-13 12:30:00,34,6,0.25154000833050594,0.0,0.0,0.15059999999999998,optimal
2021-02-13 13:00:00,34,6,1.1428571428571428,0.0,0.0,0.2076,optimal
2021-02-13 13:30:00,34,6,1.1428571428571428,0.0,0.0,0.16419999999999998,optimal
2021-02-13 14:00:00,34,6,1.1428571428571428,0.0,0.0,0.1383,optimal
2021-02-13 14:30:00,34,6,1.1428571428571428,0.0,0.0,0.1451,optimal
2021-02-13 15:00:00,34,6,1.1428571428571428,0.0,0.0,0.1574,optimal
2021-02-13 15:30:00,34,6,1.1428571428571428,0.0,0.0,0.1635,optimal
2021-02-13 16:00:00,34,6,0.0,0.0774074074074074,0.0,0.4584333333333333,optimal
2021-02-13 16:30:00,34,6,0.0,0.5418518518518518,0.0,1.6618666666666666,optimal
2021-02-13 17:00:00,34,6,0.0,0.6966666666666667,0.0,0.3018333333333333,optimal
2021-02-13 17:30:00,34,6,0.0,6.502222222222221,0.0,1.6995,optimal
2021-02-13 18:00:00,34,6,0.0,2.2448148148148146,0.0,1.4454666666666667,optimal
2021-02-13 18:30:00,34,6,0.0,0.0,0.0,1.1792,optimal
2021-02-13 19:00:00,34,6,0.0,0.3096296296296296,0.0,0.2271,optimal
2021-02-13 19:30:00,34,6,0.0,0.0774074074074074,0.0,0.2849,optimal
2021-02-13 20:00:00,34,6,0.4656764181613511,0.23222222222222222,0.0,0.1733,optimal
2021-02-13 20:30:00,34,6,0.0,0.0,0.0,0.3197,optimal
2021-02-13 21:00:00,34,6,0.0,0.0,0.0,0.6667000000000001,optimal
2021-02-13 21:30:00,34,6,0.0,2.1674074074074072,0.0,0.5137,optimal
2021-02-13 22:00:00,34,6,0.0,0.0,0.0,0.47563333333333335,optimal
2021-02-13 22:30:00,34,6,0.0,0.0,0.0,0.3408,optimal
2021-02-13 23:00:00,34,6,0.0,0.0,0.0,0.1705,optimal
2021-02-13 23:30:00,34,6,0.0,0.0,0.0,0.2013,optimal
2021-02-07 00:00:00,35,6,0.0,0.0774074074074074,0.0,0.06,optimal
2021-02-07 00:30:00,35,6,0.0,0.0,0.0,0.188,optimal
2021-02-07 01:00:00,35,6,0.0,0.23222222222222222,0.30285483789474427,0.0728,optimal
2021-02-07 01:30:00,35,6,0.0,0.23222222222222222,0.0,0.14186666666666667,optimal
2021-02-07 02:00:00,35,6,0.0,0.0,0.0,0.227,optimal
2021-02-07 02:30:00,35,6,0.0,0.0,0.0,0.10033333333333332,optimal
2021-02-07 03:00:00,35,6,0.0,0.0,0.0,0.094,optimal
2021-02-07 03:30:00,35,6,0.0,0.0,0.0,0.1708,optimal
2021-02-07 04:00:00,35,6,1.1428571428571428,0.0,0.0,0.062,optimal
2021-02-07 04:30:00,35,6,1.1428571428571428,0.0,0.0,0.062,optimal
2021-02-07 05:00:00,35,6,1.1428571428571428,0.0,0.0,0.1196,optimal
2021-02-07 05:30:00,35,6,1.1428571428571428,0.0,0.0,0.1452,optimal
2021-02-07 06:00:00,35,6,1.1428571428571428,0.0,0.0,0.06366666666666666,optimal
2021-02-07 06:30:00,35,6,1.1428571428571428,0.0,0.0,0.2088,optimal
2021-02-07 07:00:00,35,6,1.1428571428571428,0.0,0.0,0.062,optimal
2021-02-07 07:30:00,35,6,0.0,0.0,0.0,0.1452,optimal
2021-02-07 08:00:00,35,6,0.0,0.0,0.0,0.1196,optimal
2021-02-07 08:30:00,35,6,0.6011316508857364,4.79925925925926,0.0,0.07403333333333333,optimal
2021-02-07 09:00:00,35,6,0.5389539193896477,1.006296296296296,0.0,0.2132,optimal
2021-02-07 09:30:00,35,6,0.53224805677692,0.23222222222222222,0.0,0.13446666666666668,optimal
2021-02-07 10:00:00,35,6,0.4191443948408403,0.0,0.0,0.32643333333333335,optimal
2021-02-07 10:30:00,35,6,0.467660881971036,0.1548148148148148,0.0,0.18406666666666663,optimal
2021-02-07 11:00:00,35,6,0.40376979632515697,0.0,0.0,0.2107333333333333,optimal
2021-02-07 11:30:00,35,6,0.499312653468008,0.0,0.0,0.12566666666666668,optimal
2021-02-07 12:00:00,35,6,0.5375429866484646,0.0,0.0,0.072,optimal
2021-02-07 12:30:00,35,6,1.1428571428571428,0.0,0.0,0.072,optimal
2021-02-07 13:00:00,35,6,1.1428571428571428,0.0,0.0,0.21280000000000002,optimal
2021-02-07 13:30:00,35,6,1.1428571428571428,0.0,0.0,0.072,optimal
2021-02-07 14:00:00,35,6,1.1428571428571428,0.0,0.0,0.0912,optimal
2021-02-07 14:30:00,35,6,1.1428571428571428,0.0,0.0,0.1936,optimal
2021-02-07 15:00:00,35,6,1.1428571428571428,0.0,0.0,0.072,optimal
2021-02-07 15:30:00,35,6,1.1428571428571428,0.0,0.0,0.1936,optimal
2021-02-07 16:00:00,35,6,0.0,0.0,0.0,0.0912,optimal
2021-02-07 16:30:00,35,6,0.0,0.0,0.0,0.072,optimal
2021-02-07 17:00:00,35,6,0.0,0.46444444444444444,0.0,0.16213333333333332,optimal
2021-02-07 17:30:00,35,6,0.0,0.0774074074074074,0.0,0.22190000000000001,optimal
2021-02-07 18:00:00,35,6,0.0,0.1548148148148148,0.0,0.0724,optimal
2021-02-07 18:30:00,35,6,0.0,0.387037037037037,0.0,0.0964,optimal
2021-02-07 19:00:00,35,6,0.0,0.23222222222222222,0.0,0.4669666666666666,optimal
2021-02-07 19:30:00,35,6,0.5602885733993004,0.0,0.0,0.44446666666666657,optimal
2021-02-07 20:00:00,35,6,0.5151933353040605,0.0774074074074074,0.0,0.3858666666666667,optimal
2021-02-07 20:30:00,35,6,0.0,0.1548148148148148,0.0,0.46066666666666667,optimal
2021-02-07 21:00:00,35,6,0.0,0.3096296296296296,0.0,0.41643333333333327,optimal
2021-02-07 21:30:00,35,6,0.0,0.0,0.0,0.356,optimal
2021-02-07 22:00:00,35,6,0.0,0.8514814814814814,0.0,0.5579666666666667,optimal
2021-02-07 22:30:00,35,6,0.0,0.0,0.0,0.3366,optimal
2021-02-07 23:00:00,35,6,0.0,8.514814814814814,0.0,0.43360000000000004,optimal
2021-02-07 23:30:00,35,6,0.0,0.0,0.0,0.41053333333333336,optimal
2021-02-08 00:00:00,35,6,0.0,0.0,0.0,0.06566666666666666,optimal
2021-02-08 00:30:00,35,6,0.0,0.0,0.0,0.07316666666666667,optimal
2021-02-08 01:00:00,35,6,0.0,0.0,0.0,0.10063333333333334,optimal
2021-02-08 01:30:00,35,6,0.33116554955511956,0.0,0.0,0.05943333333333333,optimal
2021-02-08 02:00:00,35,6,1.1428571428571428,0.0,0.0,0.11436666666666666,optimal
2021-02-08 02:30:00,35,6,1.1428571428571428,0.0,0.0,0.056,optimal
2021-02-08 03:00:00,35,6,1.1428571428571428,0.0,0.0,0.06286666666666667,optimal
2021-02-08 03:30:00,35,6,1.1428571428571428,0.0,0.0,0.11093333333333334,optimal
2021-02-08 04:00:00,35,6,1.1428571428571428,0.0,0.0,0.056,optimal
2021-02-08 04:30:00,35,6,1.1428571428571428,0.0,0.20984548373547796,0.056,optimal
2021-02-08 05:00:00,35,6,1.1428571428571428,0.0,5.0,0.1075,optimal
2021-02-08 05:30:00,35,6,1.1428571428571428,0.0,5.0,0.0663,optimal
2021-02-08 06:00:00,35,6,1.1428571428571428,0.0,5.0,0.056,optimal
2021-02-08 06:30:00,35,6,1.1428571428571428,0.0,5.0,0.07316666666666667,optimal
2021-02-08 07:00:00,35,6,1.1428571428571428,0.0,5.0,0.10063333333333334,optimal
2021-02-08 07:30:00,35,6,1.1428571428571428,0.0,0.0,0.056,optimal
2021-02-08 08:00:00,35,6,0.6529101984410906,0.0,0.0,1.7865333333333333,optimal
2021-02-08 08:30:00,35,6,0.6435885903332047,0.0,0.0,0.7805333333333333,optimal
2021-02-08 09:00:00,35,6,0.16106902572214116,5.728148148148147,0.0,4.218533333333334,optimal
2021-02-08 09:30:00,35,6,0.5559981045506374,0.0,0.0,0.9352333333333332,optimal
2021-02-08 10:00:00,35,6,0.1875313073422204,0.0,0.0,2.2134333333333336,optimal
2021-02-08 10:30:00,35,6,0.2348117523232472,0.0,0.0,0.6437999999999999,optimal
2021-02-08 11:00:00,35,6,0.18567407439883774,0.0,0.0,0.19153333333333333,optimal
2021-02-08 11:30:00,35,6,0.18175758726862878,0.0,0.0,0.28126666666666666,optimal
2021-02-08 12:00:00,35,6,0.1684317520332481,0.0774074074074074,0.0,0.6763333333333333,optimal
2021-02-08 12:30:00,35,6,0.048719730153791475,0.0,0.0,3.5232666666666668,optimal
2021-02-08 13:00:00,35,6,1.1034998846652593,0.23222222222222222,0.0,0.9078999999999999,optimal
2021-02-08 13:30:00,35,6,1.1428571428571428,0.0,0.0,0.106,optimal
2021-02-08 14:00:00,35,6,1.1428571428571428,0.0,0.0,1.3033,optimal
2021-02-08 14:30:00,35,6,1.1428571428571428,0.3096296296296296,0.0,1.3220999999999998,optimal
2021-02-08 15:00:00,35,6,1.1428571428571428,0.0,0.0,0.06933333333333333,optimal
2021-02-08 15:30:00,35,6,1.1428571428571428,0.0,0.0,0.0752,optimal
2021-02-08 16:00:00,35,6,0.0,0.23222222222222222,0.0,1.0761666666666667,optimal
2021-02-08 16:30:00,35,6,0.0,0.0,0.0,2.2932333333333332,optimal
2021-02-08 17:00:00,35,6,0.0,0.1548148148148148,0.0,3.589233333333333,optimal
2021-02-08 17:30:00,35,6,0.0,1.0837037037037036,0.0,2.3948666666666667,optimal
2021-02-08 18:00:00,35,6,0.0,0.0,0.0,1.0654000000000001,optimal
2021-02-08 18:30:00,35,6,0.0,0.0,0.0,1.3765666666666667,optimal
2021-02-08 19:00:00,35,6,0.0,0.3096296296296296,0.0,1.3119,optimal
2021-02-08 19:30:00,35,6,0.0,0.1548148148148148,0.0,0.12796666666666667,optimal
2021-02-08 20:00:00,35,6,0.0,0.0,0.0,0.199,optimal
2021-02-08 20:30:00,35,6,0.0,0.5418518518518518,0.0,0.35246666666666665,optimal
2021-02-08 21:00:00,35,6,0.0,0.0,0.0,1.7733333333333332,optimal
2021-02-08 21:30:00,35,6,0.0,0.23222222222222222,0.0,2.1492,optimal
2021-02-08 22:00:00,35,6,0.0,0.23222222222222222,0.0,0.5940666666666667,optimal
2021-02-08 22:30:00,35,6,0.0,0.0774074074074074,0.0,2.2412666666666667,optimal
2021-02-08 23:00:00,35,6,0.0,0.0,0.0,0.1072,optimal
2021-02-08 23:30:00,35,6,0.0,0.0,0.0,0.10033333333333332,optimal
2021-02-09 00:00:00,35,6,0.0,0.0,0.0,0.055,optimal
2021-02-09 00:30:00,35,6,0.0,0.0,0.0,0.10143333333333333,optimal
2021-02-09 01:00:00,35,6,0.0,0.0,0.0,0.21930000000000002,optimal
2021-02-09 01:30:00,35,6,0.5318754738844326,0.0,0.0,0.055,optimal
2021-02-09 02:00:00,35,6,1.1428571428571428,0.0,0.0,0.2009333333333333,optimal
2021-02-09 02:30:00,35,6,1.1428571428571428,0.0,0.0,0.1198,optimal
2021-02-09 03:00:00,35,6,1.1428571428571428,0.0,0.0,0.16113333333333332,optimal
2021-02-09 03:30:00,35,6,1.1428571428571428,0.0,0.0,0.1596,optimal
2021-02-09 04:00:00,35,6,1.1428571428571428,0.0,5.0,0.055,optimal
2021-02-09 04:30:00,35,6,1.1428571428571428,0.0,5.0,0.1147,optimal
2021-02-09 05:00:00,35,6,1.1428571428571428,0.0,5.0,0.19883333333333328,optimal
2021-02-09 05:30:00,35,6,1.1428571428571428,0.0,5.0,0.062200000000000005,optimal
2021-02-09 06:00:00,35,6,1.1428571428571428,0.0,5.0,0.1346,optimal
2021-02-09 06:30:00,35,6,1.1428571428571428,0.23222222222222222,5.0,1.0261333333333333,optimal
2021-02-09 07:00:00,35,6,1.1428571428571428,0.3096296296296296,5.0,1.2608333333333333,optimal
2021-02-09 07:30:00,35,6,1.1428571428571428,0.9288888888888889,0.0,0.30876666666666663,optimal
2021-02-09 08:00:00,35,6,0.6718871540415284,0.0,1.9257863678963136,0.19019999999999998,optimal
2021-02-09 08:30:00,35,6,0.6269219471557426,0.23222222222222222,0.0,0.3666333333333333,optimal
2021-02-09 09:00:00,35,6,0.5790605036018889,0.0,0.0,0.2029,optimal
2021-02-09 09:30:00,35,6,0.47594913744936723,0.387037037037037,0.0,0.22943333333333332,optimal
2021-02-09 10:00:00,35,6,0.3052514468164304,0.0,0.0,0.20796666666666666,optimal
2021-02-09 10:30:00,35,6,0.37215070518138016,0.23222222222222222,0.0,0.19369999999999998,optimal
2021-02-09 11:00:00,35,6,0.19814800337012323,0.0,0.0,0.24769999999999998,optimal
2021-02-09 11:30:00,35,6,0.17595642647168536,0.0,0.0,0.2592,optimal
2021-02-09 12:00:00,35,6,0.05962234383909435,0.23222222222222222,0.0,0.11246666666666669,optimal
2021-02-09 12:30:00,35,6,0.0,0.6966666666666667,0.0,0.21953333333333333,optimal
2021-02-09 13:00:00,35,6,0.0,0.23222222222222222,0.0,0.9708333333333333,optimal
2021-02-09 13:30:00,35,6,0.0,0.6966666666666667,0.0,1.6044333333333334,optimal
2021-02-09 14:00:00,35,6,0.8852572866156119,0.5418518518518518,0.0,0.46273333333333333,optimal
2021-02-09 14:30:00,35,6,1.1428571428571428,0.1548148148148148,0.0,0.207,optimal
2021-02-09 15:00:00,35,6,1.1428571428571428,0.0774074074074074,0.0,0.32030000000000003,optimal
2021-02-09 15:30:00,35,6,1.1428571428571428,0.0,0.0,0.25,optimal
2021-02-09 16:00:00,35,6,0.0,0.0,0.0,0.3432,optimal
2021-02-09 16:30:00,35,6,0.0,0.46444444444444444,0.0,1.989,optimal
2021-02-09 17:00:00,35,6,0.0,0.387037037037037,0.0,0.3102,optimal
2021-02-09 17:30:00,35,6,0.0,0.1548148148148148,0.0,0.35206666666666664,optimal
2021-02-09 18:00:00,35,6,0.0,0.0774074074074074,0.0,0.49989999999999996,optimal
2021-02-09 18:30:00,35,6,0.0,0.3096296296296296,0.0,0.5684666666666667,optimal
2021-02-09 19:00:00,35,6,0.0,0.0,0.0,0.4128,optimal
2021-02-09 19:30:00,35,6,0.0,0.6192592592592592,0.0,0.4168,optimal
2021-02-09 20:00:00,35,6,0.0,0.387037037037037,0.0,0.5201333333333333,optimal
2021-02-09 20:30:00,35,6,0.0,0.0,0.0,0.6738999999999999,optimal
2021-02-09 21:00:00,35,6,0.0,0.3096296296296296,0.0,0.5581333333333334,optimal
2021-02-09 21:30:00,35,6,0.0,0.0,0.0,0.32730000000000004,optimal
2021-02-09 22:00:00,35,6,0.0,0.0,0.0,0.1446,optimal
2021-02-09 22:30:00,35,6,0.0,0.0,0.0,0.13133333333333333,optimal
2021-02-09 23:00:00,35,6,0.0,0.0,0.0,0.065,optimal
2021-02-09 23:30:00,35,6,0.0,0.0,0.0,0.15633333333333335,optimal
2021-02-10 00:00:00,35,6,0.0,0.0,0.0,0.062,optimal
2021-02-10 00:30:00,35,6,0.12984036732433865,1.7803703703703702,0.0,0.11193333333333334,optimal
2021-02-10 01:00:00,35,6,1.1428571428571428,0.0,0.0,0.062,optimal
2021-02-10 01:30:00,35,6,1.1428571428571428,0.0,0.0,0.062,optimal
2021-02-10 02:00:00,35,6,1.1428571428571428,0.0,0.0,0.062,optimal
2021-02-10 02:30:00,35,6,1.1428571428571428,0.0,0.0,0.062,optimal
2021-02-10 03:00:00,35,6,1.1428571428571428,0.0,0.0,0.062,optimal
2021-02-10 03:30:00,35,6,1.1428571428571428,0.0,0.0,0.062,optimal
2021-02-10 04:00:00,35,6,1.1428571428571428,0.0,0.0,0.062,optimal
2021-02-10 04:30:00,35,6,1.1428571428571428,0.0,0.0,0.062,optimal
2021-02-10 05:00:00,35,6,1.1428571428571428,0.0,0.0,0.062,optimal
2021-02-10 05:30:00,35,6,1.1428571428571428,0.0,0.0,0.062,optimal
2021-02-10 06:00:00,35,6,1.1428571428571428,0.0,3.3516724114654632,0.062,optimal
2021-02-10 06:30:00,35,6,1.1428571428571428,0.0,5.0,0.062,optimal
2021-02-10 07:00:00,35,6,1.1428571428571428,0.0,5.0,0.062,optimal
2021-02-10 07:30:00,35,6,1.1428571428571428,0.0,0.0,0.062,optimal
2021-02-10 08:00:00,35,6,0.7150549148608606,3.1164222222222224,0.0,0.226,optimal
2021-02-10 08:30:00,35,6,0.664427654886169,5.088762962962962,0.0,0.3495,optimal
2021-02-10 09:00:00,35,6,0.617065508224919,0.3096296296296296,0.0,0.09786666666666666,optimal
2021-02-10 09:30:00,35,6,0.5930325339645129,0.0,0.0,0.1326,optimal
2021-02-10 10:00:00,35,6,0.4485032490971704,0.0,0.0,0.084,optimal
2021-02-10 10:30:00,35,6,0.11660851840185983,0.1548148148148148,0.0,2.0003333333333333,optimal
2021-02-10 11:00:00,35,6,0.2833468252048089,0.46444444444444444,0.0,0.23596666666666666,optimal
2021-02-10 11:30:00,35,6,0.2800550999793663,0.0,0.0,0.20980000000000001,optimal
2021-02-10 12:00:00,35,6,0.11630608401906041,0.0,0.0,0.2873,optimal
2021-02-10 12:30:00,35,6,0.13866227449525612,0.0,0.0,0.21773333333333328,optimal
2021-02-10 13:00:00,35,6,1.1428571428571428,0.0,0.0,0.072,optimal
2021-02-10 13:30:00,35,6,1.1428571428571428,0.0,0.0,0.072,optimal
2021-02-10 14:00:00,35,6,1.1428571428571428,0.0,0.0,0.072,optimal
2021-02-10 14:30:00,35,6,1.1428571428571428,0.0,0.0,0.072,optimal
2021-02-10 15:00:00,35,6,1.1428571428571428,0.0,0.0,0.072,optimal
2021-02-10 15:30:00,35,6,1.1428571428571428,0.0,0.0,0.072,optimal
2021-02-10 16:00:00,35,6,0.0,0.0,0.0,0.072,optimal
2021-02-10 16:30:00,35,6,0.0,0.0774074074074074,0.0,0.2528666666666667,optimal
2021-02-10 17:00:00,35,6,0.0,0.0,0.0,0.33846666666666664,optimal
2021-02-10 17:30:00,35,6,0.0,0.23222222222222222,0.0,0.24466666666666662,optimal
2021-02-10 18:00:00,35,6,0.0,0.0,0.0,0.072,optimal
2021-02-10 18:30:00,35,6,0.0,0.0,0.0,0.40213333333333334,optimal
2021-02-10 19:00:00,35,6,0.0,0.1548148148148148,0.0,0.3191333333333333,optimal
2021-02-10 19:30:00,35,6,0.49822653264461325,0.1548148148148148,0.0,0.3418,optimal
2021-02-10 20:00:00,35,6,0.6812578945116137,0.0,0.0,0.4417,optimal
2021-02-10 20:30:00,35,6,0.0,0.0,0.0,1.6228333333333333,optimal
2021-02-10 21:00:00,35,6,0.0,0.0,0.0,0.2546,optimal
2021-02-10 21:30:00,35,6,0.0,0.0774074074074074,0.0,0.46613333333333334,optimal
2021-02-10 22:00:00,35,6,0.0,0.0,0.0,0.49726666666666663,optimal
2021-02-10 22:30:00,35,6,0.0,0.0,0.0,0.37639999999999996,optimal
2021-02-10 23:00:00,35,6,0.0,0.0,0.0,0.1857666666666667,optimal
2021-02-10 23:30:00,35,6,0.0,0.0,0.0,0.06966666666666667,optimal
2021-02-11 00:00:00,35,6,0.8304953553113594,0.23222222222222222,0.0,0.1711,optimal
2021-02-11 00:30:00,35,6,1.1428571428571428,0.0,0.0,0.218,optimal
2021-02-11 01:00:00,35,6,1.1428571428571428,0.0,0.0,0.188,optimal
2021-02-11 01:30:00,35,6,1.1428571428571428,0.0,0.0,0.069,optimal
2021-02-11 02:00:00,35,6,1.1428571428571428,0.0,0.0,0.056,optimal
2021-02-11 02:30:00,35,6,1.1428571428571428,0.0,0.0,0.147,optimal
2021-02-11 03:00:00,35,6,1.1428571428571428,0.0,0.0,0.056,optimal
2021-02-11 03:30:00,35,6,1.1428571428571428,0.0,0.0,0.0625,optimal
2021-02-11 04:00:00,35,6,1.1428571428571428,0.0,0.0,0.1405,optimal
2021-02-11 04:30:00,35,6,1.1428571428571428,0.0,0.0,0.056,optimal
2021-02-11 05:00:00,35,6,1.1428571428571428,0.0,0.0,0.056,optimal
2021-02-11 05:30:00,35,6,1.1428571428571428,0.0,0.0,0.147,optimal
2021-02-11 06:00:00,35,6,1.1428571428571428,0.0,4.531836316776126,0.056,optimal
2021-02-11 06:30:00,35,6,1.1428571428571428,0.0,5.0,0.15566666666666665,optimal
2021-02-11 07:00:00,35,6,1.1428571428571428,0.0,5.0,0.5461333333333334,optimal
2021-02-11 07:30:00,35,6,1.1428571428571428,0.1548148148148148,0.0,0.19163333333333332,optimal
2021-02-11 08:00:00,35,6,0.7995721840492187,0.5418518518518518,0.0,0.16140000000000002,optimal
2021-02-11 08:30:00,35,6,0.8652897718873918,6.579629629629631,0.0,0.07806666666666666,optimal
2021-02-11 09:00:00,35,6,0.6936097361065419,0.1548148148148148,0.0,0.12463333333333335,optimal
2021-02-11 09:30:00,35,6,0.6054781746486044,0.0,0.0,0.18986666666666668,optimal
2021-02-11 10:00:00,35,6,0.36446025174082725,0.0,0.0,0.07806666666666666,optimal
2021-02-11 10:30:00,35,6,0.3205020316649193,0.0774074074074074,0.0,0.184,optimal
2021-02-11 11:00:00,35,6,0.14431576727349463,0.0774074074074074,0.0,0.15766666666666665,optimal
2021-02-11 11:30:00,35,6,0.041706875701704685,0.0,0.0,0.6029666666666667,optimal
2021-02-11 12:00:00,35,6,0.0,0.1548148148148148,0.0,1.4905,optimal
2021-02-11 12:30:00,35,6,0.0,0.0,0.0,0.3459333333333333,optimal
2021-02-11 13:00:00,35,6,1.1428571428571428,0.1548148148148148,0.0,0.4719,optimal
2021-02-11 13:30:00,35,6,1.1428571428571428,0.1548148148148148,0.0,0.3944,optimal
2021-02-11 14:00:00,35,6,1.1428571428571428,0.0,0.0,0.9983,optimal
2021-02-11 14:30:00,35,6,1.1428571428571428,0.0,0.0,0.9647,optimal
2021-02-11 15:00:00,35,6,1.1428571428571428,0.0,0.0,0.1439,optimal
2021-02-11 15:30:00,35,6,1.1428571428571428,0.0,0.0,0.38039999999999996,optimal
2021-02-11 16:00:00,35,6,0.0,0.46444444444444444,0.0,0.3562666666666667,optimal
2021-02-11 16:30:00,35,6,0.0,0.0,0.0,0.106,optimal
2021-02-11 17:00:00,35,6,0.0,0.0774074074074074,0.0,0.3708666666666667,optimal
2021-02-11 17:30:00,35,6,0.0,0.23222222222222222,0.0,0.35333333333333333,optimal
2021-02-11 18:00:00,35,6,0.0,0.1548148148148148,0.0,0.27763333333333334,optimal
2021-02-11 18:30:00,35,6,0.0,0.387037037037037,0.0,0.2949333333333333,optimal
2021-02-11 19:00:00,35,6,0.0,0.0,0.0,0.066,optimal
2021-02-11 19:30:00,35,6,0.0,0.0,0.0,0.066,optimal
2021-02-11 20:00:00,35,6,1.096720288558643,0.0,0.0,0.066,optimal
2021-02-11 20:30:00,35,6,0.0,0.0,0.0,0.157,optimal
2021-02-11 21:00:00,35,6,0.0,2.5544444444444445,0.0,0.2276,optimal
2021-02-11 21:30:00,35,6,0.0,0.3096296296296296,0.0,0.3441666666666667,optimal
2021-02-11 22:00:00,35,6,0.0,0.0,0.0,0.346,optimal
2021-02-11 22:30:00,35,6,0.0,0.0774074074074074,0.0,0.41953333333333337,optimal
2021-02-11 23:00:00,35,6,0.0,0.1548148148148148,0.0,0.335,optimal
2021-02-11 23:30:00,35,6,0.0,2.1674074074074072,0.0,0.335,optimal
2021-02-12 00:00:00,35,6,1.1428571428571428,0.0,0.0,0.04,optimal
2021-02-12 00:30:00,35,6,1.1428571428571428,0.0,0.0,0.04,optimal
2021-02-12 01:00:00,35,6,1.1428571428571428,0.0,0.0,0.04636666666666667,optimal
2021-02-12 01:30:00,35,6,1.1428571428571428,0.0,0.0,0.1737,optimal
2021-02-12 02:00:00,35,6,1.1428571428571428,0.0,0.0,0.04,optimal
2021-02-12 02:30:00,35,6,1.1428571428571428,0.0,0.0,0.1546,optimal
2021-02-12 03:00:00,35,6,1.1428571428571428,0.0,0.0,0.0648,optimal
2021-02-12 03:30:00,35,6,1.1428571428571428,0.0,0.0,0.11003333333333332,optimal
2021-02-12 04:00:00,35,6,1.1428571428571428,0.0,0.0,0.11003333333333332,optimal
2021-02-12 04:30:00,35,6,1.1428571428571428,0.0,0.0,0.04,optimal
2021-02-12 05:00:00,35,6,1.1428571428571428,0.0,0.0038782428999477245,0.18006666666666665,optimal
2021-02-12 05:30:00,35,6,1.1428571428571428,0.0,5.0,0.04633333333333334,optimal
2021-02-12 06:00:00,35,6,1.1428571428571428,0.0,5.0,0.1462,optimal
2021-02-12 06:30:00,35,6,1.1428571428571428,0.0,5.0,0.0782,optimal
2021-02-12 07:00:00,35,6,1.1428571428571428,0.0,5.0,0.2334333333333333,optimal
2021-02-12 07:30:00,35,6,1.1428571428571428,8.721910447446577,0.0,0.32313333333333333,optimal
2021-02-12 08:00:00,35,6,0.7017319343736151,0.23222222222222222,0.0,3.141,optimal
2021-02-12 08:30:00,35,6,0.9218696705387912,0.0,0.0,0.41123333333333334,optimal
2021-02-12 09:00:00,35,6,0.7554360798980312,0.23222222222222222,0.0,0.6806666666666666,optimal
2021-02-12 09:30:00,35,6,0.698237172557283,5.889155555555555,0.0,0.5317999999999999,optimal
2021-02-12 10:00:00,35,6,0.28421931014053625,1.6193629629629636,0.0,2.4870666666666668,optimal
2021-02-12 10:30:00,35,6,0.47901050447685845,0.0,0.0,0.05,optimal
2021-02-12 11:00:00,35,6,0.2262051755324762,0.0,0.0,1.1834666666666667,optimal
2021-02-12 11:30:00,35,6,0.22130883672926743,0.0,0.0,0.5307999999999999,optimal
2021-02-12 12:00:00,35,6,0.1640419200497554,0.5418518518518518,0.0,0.13066666666666665,optimal
2021-02-12 12:30:00,35,6,0.08947891457989729,0.1548148148148148,0.0,2.265133333333333,optimal
2021-02-12 13:00:00,35,6,0.19411228451301135,0.0,0.0,0.17096666666666666,optimal
2021-02-12 13:30:00,35,6,0.2275049621194077,0.0,0.0,0.0691,optimal
2021-02-12 14:00:00,35,6,0.9935333487844235,0.0,0.0,0.05,optimal
2021-02-12 14:30:00,35,6,1.1428571428571428,0.0,0.0,0.19006666666666663,optimal
2021-02-12 15:00:00,35,6,1.1428571428571428,0.0,0.0,0.05,optimal
2021-02-12 15:30:00,35,6,1.1428571428571428,0.0,0.0,2.3775999999999997,optimal
2021-02-12 16:00:00,35,6,0.0,0.5418518518518518,0.0,0.17066666666666666,optimal
2021-02-12 16:30:00,35,6,0.0,0.0,0.0,0.2132,optimal
2021-02-12 17:00:00,35,6,0.0,0.1548148148148148,0.0,2.213366666666667,optimal
2021-02-12 17:30:00,35,6,0.0,0.23222222222222222,0.0,2.2706666666666666,optimal
2021-02-12 18:00:00,35,6,0.0,0.387037037037037,0.0,0.7140666666666667,optimal
2021-02-12 18:30:00,35,6,0.0,0.5418518518518518,0.0,0.173,optimal
2021-02-12 19:00:00,35,6,0.0,0.0,0.0,0.173,optimal
2021-02-12 19:30:00,35,6,0.0,6.037777777777776,0.0,0.44303333333333333,optimal
2021-02-12 20:00:00,35,6,0.0,0.0774074074074074,0.0,2.768833333333333,optimal
2021-02-12 20:30:00,35,6,0.0,0.387037037037037,0.0,3.4625,optimal
2021-02-12 21:00:00,35,6,0.0,0.0,0.0,1.6049333333333333,optimal
2021-02-12 21:30:00,35,6,0.0,0.3096296296296296,0.0,1.5700333333333334,optimal
2021-02-12 22:00:00,35,6,0.0,2.39962962962963,0.0,0.29646666666666666,optimal
2021-02-12 22:30:00,35,6,0.0,0.0,0.0,1.5405,optimal
2021-02-12 23:00:00,35,6,0.0,0.1548148148148148,0.0,1.4445,optimal
2021-02-12 23:30:00,35,6,0.0,0.0,0.0,0.4468333333333333,optimal
2021-02-13 00:00:00,35,6,0.0,0.0,0.0,0.058,optimal
2021-02-13 00:30:00,35,6,0.0,0.0,0.0,0.058,optimal
2021-02-13 01:00:00,35,6,0.0,0.0,0.0,0.169,optimal
2021-02-13 01:30:00,35,6,0.0,0.0,0.0,0.08266666666666667,optimal
2021-02-13 02:00:00,35,6,1.0728006684406184,0.0,0.0,0.132,optimal
2021-02-13 02:30:00,35,6,1.1428571428571428,0.0,0.0,0.11966666666666669,optimal
2021-02-13 03:00:00,35,6,1.1428571428571428,0.0,0.0,0.058,optimal
2021-02-13 03:30:00,35,6,1.1428571428571428,0.0,0.0,0.058,optimal
2021-02-13 04:00:00,35,6,1.1428571428571428,0.0,0.0,0.058,optimal
2021-02-13 04:30:00,35,6,1.1428571428571428,0.0,0.0,0.12583333333333332,optimal
2021-02-13 05:00:00,35,6,1.1428571428571428,0.0,0.0,0.12583333333333332,optimal
2021-02-13 05:30:00,35,6,1.1428571428571428,0.0,0.0,0.058,optimal
2021-02-13 06:00:00,35,6,1.1428571428571428,0.774074074074074,1.1261832860949994,0.8038,optimal
2021-02-13 06:30:00,35,6,1.1428571428571428,0.0774074074074074,5.0,2.4000666666666666,optimal
2021-02-13 07:00:00,35,6,1.1428571428571428,0.0,5.0,1.6618333333333333,optimal
2021-02-13 07:30:00,35,6,1.1428571428571428,6.889259259259259,0.0,0.1185,optimal
2021-02-13 08:00:00,35,6,0.5664083275470049,1.1611111111111108,0.0,0.6432666666666667,optimal
2021-02-13 08:30:00,35,6,0.6975862744580938,1.5109925925925927,0.0,1.4669333333333334,optimal
2021-02-13 09:00:00,35,6,0.7775535140600405,0.0,0.0,0.14,optimal
2021-02-13 09:30:00,35,6,0.7643975343297581,0.0,0.0,0.15796666666666667,optimal
2021-02-13 10:00:00,35,6,0.5392901908241157,0.0,0.0,0.299,optimal
2021-02-13 10:30:00,35,6,0.5740719472590189,0.0,0.0,0.1708,optimal
2021-02-13 11:00:00,35,6,0.3369694319327658,0.0,0.0,0.179,optimal
2021-02-13 11:30:00,35,6,0.3594921407486164,0.0,0.0,0.09266666666666669,optimal
2021-02-13 12:00:00,35,6,0.2791993526035796,0.0,0.0,0.068,optimal
2021-02-13 12:30:00,35,6,0.23614953214003362,0.0,0.0,0.20366666666666663,optimal
2021-02-13 13:00:00,35,6,1.1428571428571428,0.0,0.0,0.068,optimal
2021-02-13 13:30:00,35,6,1.1428571428571428,0.0,0.0,0.14816666666666667,optimal
2021-02-13 14:00:00,35,6,1.1428571428571428,0.0,0.0,0.1235,optimal
2021-02-13 14:30:00,35,6,1.1428571428571428,0.0,0.0,0.068,optimal
2021-02-13 15:00:00,35,6,1.1428571428571428,0.0,0.0,0.20366666666666663,optimal
2021-02-13 15:30:00,35,6,1.1428571428571428,0.5016000000000002,0.0,0.07633333333333332,optimal
2021-02-13 16:00:00,35,6,0.0,0.0,0.0,0.09916666666666668,optimal
2021-02-13 16:30:00,35,6,0.0,0.1548148148148148,0.0,0.21546666666666667,optimal
2021-02-13 17:00:00,35,6,0.0,0.0,0.0,0.19653333333333334,optimal
2021-02-13 17:30:00,35,6,0.0,0.0774074074074074,0.0,0.2354,optimal
2021-02-13 18:00:00,35,6,0.0,0.1548148148148148,0.0,0.189,optimal
2021-02-13 18:30:00,35,6,0.0,0.5418518518518518,0.0,0.2478333333333333,optimal
2021-02-13 19:00:00,35,6,0.0,3.251111111111111,0.0,0.20716666666666664,optimal
2021-02-13 19:30:00,35,6,0.04908334757097659,0.0774074074074074,0.0,0.36576666666666663,optimal
2021-02-13 20:00:00,35,6,0.5236417664543234,2.39962962962963,0.0,0.231,optimal
2021-02-13 20:30:00,35,6,0.0,5.882962962962964,0.0,1.1976666666666667,optimal
2021-02-13 21:00:00,35,6,0.0,0.0,0.0,0.33776666666666666,optimal
2021-02-13 21:30:00,35,6,0.0,0.0774074074074074,0.0,0.2307,optimal
2021-02-13 22:00:00,35,6,0.0,0.387037037037037,0.0,0.3303333333333333,optimal
2021-02-13 22:30:00,35,6,0.0,0.0,0.0,0.068,optimal
2021-02-13 23:00:00,35,6,0.0,0.0,0.0,0.12966666666666665,optimal
2021-02-13 23:30:00,35,6,0.0,0.0,0.0,0.14,optimal
2021-02-07 00:00:00,36,6,0.0,0.0,0.0,0.19953333333333334,optimal
2021-02-07 00:30:00,36,6,0.0,0.0,0.0,0.08366666666666667,optimal
2021-02-07 01:00:00,36,6,0.0,0.0,0.0,0.148,optimal
2021-02-07 01:30:00,36,6,0.0,0.0,0.0,0.059,optimal
2021-02-07 02:00:00,36,6,0.0,0.0,0.0,0.16166666666666665,optimal
2021-02-07 02:30:00,36,6,0.0,0.0,0.0,0.059,optimal
2021-02-07 03:00:00,36,6,0.0,0.0,0.0,0.11766666666666668,optimal
2021-02-07 03:30:00,36,6,0.0,0.0,0.0,0.103,optimal
2021-02-07 04:00:00,36,6,1.1428571428571428,0.0,0.0,0.059,optimal
2021-02-07 04:30:00,36,6,1.1428571428571428,0.0,0.0,0.16166666666666665,optimal
2021-02-07 05:00:00,36,6,1.1428571428571428,0.0,0.0,0.059,optimal
2021-02-07 05:30:00,36,6,1.1428571428571428,0.0,0.0,0.07366666666666667,optimal
2021-02-07 06:00:00,36,6,1.1428571428571428,0.0,0.0,0.147,optimal
2021-02-07 06:30:00,36,6,1.1428571428571428,0.0,0.0,0.059,optimal
2021-02-07 07:00:00,36,6,1.1428571428571428,0.0,1.8089900112525021,0.17166666666666666,optimal
2021-02-07 07:30:00,36,6,0.0,0.0,0.0,0.059,optimal
2021-02-07 08:00:00,36,6,0.07402562643857337,0.1548148148148148,0.0,0.1446,optimal
2021-02-07 08:30:00,36,6,0.5778823517136515,0.0774074074074074,0.0,0.14766666666666667,optimal
2021-02-07 09:00:00,36,6,0.5078967765324981,0.0,0.0,0.072,optimal
2021-02-07 09:30:00,36,6,0.4988861520150217,0.0,0.0,0.16466666666666666,optimal
2021-02-07 10:00:00,36,6,0.38806439484083277,0.0,0.0,0.4008,optimal
2021-02-07 10:30:00,36,6,0.27563612006628163,0.3096296296296296,0.0,1.2875999999999999,optimal
2021-02-07 11:00:00,36,6,0.343145034420388,0.23222222222222222,0.0,0.45826666666666666,optimal
2021-02-07 11:30:00,36,6,0.4182936058489684,0.0,0.0,0.17276666666666668,optimal
2021-02-07 12:00:00,36,6,0.3064570362967447,0.0,0.0,0.226,optimal
2021-02-07 12:30:00,36,6,0.3294828232987164,0.6192592592592592,0.0,0.3016666666666667,optimal
2021-02-07 13:00:00,36,6,1.1428571428571428,0.1548148148148148,0.0,1.4137,optimal
2021-02-07 13:30:00,36,6,1.1428571428571428,0.0,0.0,0.49473333333333336,optimal
2021-02-07 14:00:00,36,6,1.1428571428571428,0.0,0.0,0.23366666666666663,optimal
2021-02-07 14:30:00,36,6,1.1428571428571428,0.0,0.0,0.1546,optimal
2021-02-07 15:00:00,36,6,1.1428571428571428,0.0,0.0,0.2303,optimal
2021-02-07 15:30:00,36,6,1.1428571428571428,0.0,0.0,0.17166666666666666,optimal
2021-02-07 16:00:00,36,6,0.0,0.0,0.0,0.059,optimal
2021-02-07 16:30:00,36,6,0.0,0.0,0.0,0.059,optimal
2021-02-07 17:00:00,36,6,0.0,0.1548148148148148,0.0,0.4114666666666666,optimal
2021-02-07 17:30:00,36,6,0.0,0.46444444444444444,0.0,0.3865,optimal
2021-02-07 18:00:00,36,6,0.0,0.0,0.0,0.3546,optimal
2021-02-07 18:30:00,36,6,0.0,0.0774074074074074,0.0,1.3302,optimal
2021-02-07 19:00:00,36,6,0.0,0.23222222222222222,0.0,0.4296666666666667,optimal
2021-02-07 19:30:00,36,6,0.4626219067326327,0.0,0.0,0.4781666666666667,optimal
2021-02-07 20:00:00,36,6,0.535002859113578,0.1548148148148148,0.0,0.213,optimal
2021-02-07 20:30:00,36,6,0.0,5.728148148148147,0.0,0.30106666666666665,optimal
2021-02-07 21:00:00,36,6,0.0,0.3096296296296296,0.0,0.16696666666666668,optimal
2021-02-07 21:30:00,36,6,0.0,0.0,0.0,0.11866666666666668,optimal
2021-02-07 22:00:00,36,6,0.0,0.0,0.0,0.3489333333333333,optimal
2021-02-07 22:30:00,36,6,0.0,0.3096296296296296,0.0,0.1994,optimal
2021-02-07 23:00:00,36,6,0.0,0.0,0.0,0.17166666666666666,optimal
2021-02-07 23:30:00,36,6,0.0,0.0,0.0,0.065,optimal
2021-02-08 00:00:00,36,6,0.0,0.0,0.0,0.06,optimal
2021-02-08 00:30:00,36,6,0.0,0.0,0.0,0.06,optimal
2021-02-08 01:00:00,36,6,0.0,0.0,0.0,0.1835,optimal
2021-02-08 01:30:00,36,6,0.0,0.0,0.0,0.1575,optimal
2021-02-08 02:00:00,36,6,1.0139711295302265,0.0,0.0,0.06,optimal
2021-02-08 02:30:00,36,6,1.1428571428571428,0.0,0.0,0.086,optimal
2021-02-08 03:00:00,36,6,1.1428571428571428,0.0,0.0,0.177,optimal
2021-02-08 03:30:00,36,6,1.1428571428571428,0.0,0.0,0.06,optimal
2021-02-08 04:00:00,36,6,1.1428571428571428,0.0,0.0,0.07733333333333332,optimal
2021-02-08 04:30:00,36,6,1.1428571428571428,0.0,0.0,0.26366666666666666,optimal
2021-02-08 05:00:00,36,6,1.1428571428571428,0.0,0.0,0.08166666666666667,optimal
2021-02-08 05:30:00,36,6,1.1428571428571428,0.0,0.0,0.2463333333333333,optimal
2021-02-08 06:00:00,36,6,1.1428571428571428,0.0,4.815955333222258,0.073,optimal
2021-02-08 06:30:00,36,6,1.1428571428571428,0.0,5.0,0.13366666666666666,optimal
2021-02-08 07:00:00,36,6,1.1428571428571428,6.915577777777778,5.0,0.06533333333333333,optimal
2021-02-08 07:30:00,36,6,1.1428571428571428,0.670348148148149,0.0,0.4013,optimal
2021-02-08 08:00:00,36,6,0.5126482936791851,3.0188888888888883,0.0,0.2162666666666667,optimal
2021-02-08 08:30:00,36,6,0.6521457331903474,2.631851851851852,0.0,0.1552333333333333,optimal
2021-02-08 09:00:00,36,6,0.6334480733411918,0.3096296296296296,0.0,0.3173333333333333,optimal
2021-02-08 09:30:00,36,6,0.6293019140744516,0.23222222222222222,0.0,0.15753333333333333,optimal
2021-02-08 10:00:00,36,6,0.525589402580319,0.0,0.0,0.1675,optimal
2021-02-08 10:30:00,36,6,0.5468784189899055,0.0,0.0,0.1155,optimal
2021-02-08 11:00:00,36,6,0.3701407410655041,0.0,0.0,0.12633333333333333,optimal
2021-02-08 11:30:00,36,6,0.33490044441149586,0.0,0.0,0.23466666666666663,optimal
2021-02-08 12:00:00,36,6,0.30293651393801274,0.0,0.0,0.135,optimal
2021-02-08 12:30:00,36,6,0.2757892539633188,0.0,0.0,0.2,optimal
2021-02-08 13:00:00,36,6,0.7973507655973162,0.0,0.0,0.135,optimal
2021-02-08 13:30:00,36,6,1.1428571428571428,0.0,0.0,0.1415,optimal
2021-02-08 14:00:00,36,6,1.1428571428571428,0.0,0.0,0.19283333333333327,optimal
2021-02-08 14:30:00,36,6,1.1428571428571428,0.387037037037037,0.0,0.43,optimal
2021-02-08 15:00:00,36,6,1.1428571428571428,0.0,0.0,0.35946666666666666,optimal
2021-02-08 15:30:00,36,6,1.1428571428571428,0.0,0.0,0.6511666666666667,optimal
2021-02-08 16:00:00,36,6,0.0,0.0,0.0,0.3821333333333333,optimal
2021-02-08 16:30:00,36,6,0.0,0.0,0.0,0.4679,optimal
2021-02-08 17:00:00,36,6,0.0,0.0,0.0,0.39126666666666665,optimal
2021-02-08 17:30:00,36,6,0.0,0.3096296296296296,0.0,0.3031333333333333,optimal
2021-02-08 18:00:00,36,6,0.0,0.0,0.0,0.3434333333333333,optimal
2021-02-08 18:30:00,36,6,0.0,0.0,0.0,0.07,optimal
2021-02-08 19:00:00,36,6,0.0,0.0774074074074074,0.0,0.4021666666666667,optimal
2021-02-08 19:30:00,36,6,0.0,0.3096296296296296,0.0,0.5103,optimal
2021-02-08 20:00:00,36,6,0.0,0.0,0.0,0.5030666666666667,optimal
2021-02-08 20:30:00,36,6,0.0,0.23222222222222222,0.0,0.6305333333333333,optimal
2021-02-08 21:00:00,36,6,0.0,0.23222222222222222,0.0,0.36506666666666665,optimal
2021-02-08 21:30:00,36,6,0.0,0.0,0.0,0.37423333333333336,optimal
2021-02-08 22:00:00,36,6,0.0,0.0,0.0,0.12633333333333333,optimal
2021-02-08 22:30:00,36,6,0.0,0.0,0.0,0.09166666666666669,optimal
2021-02-08 23:00:00,36,6,0.0,0.0,0.0,0.1545,optimal
2021-02-08 23:30:00,36,6,0.0,0.0,0.0,0.20283333333333328,optimal
2021-02-09 00:00:00,36,6,0.0,0.0,0.0,0.057,optimal
2021-02-09 00:30:00,36,6,0.0,0.0,0.0,0.2778,optimal
2021-02-09 01:00:00,36,6,0.0,0.0,0.0,0.057,optimal
2021-02-09 01:30:00,36,6,0.7258287143273361,0.0,0.0,0.057,optimal
2021-02-09 02:00:00,36,6,1.1428571428571428,0.0,0.0,0.06313333333333333,optimal
2021-02-09 02:30:00,36,6,1.1428571428571428,0.0,0.0,0.13673333333333332,optimal
2021-02-09 03:00:00,36,6,1.1428571428571428,0.0,0.0,0.057,optimal
2021-02-09 03:30:00,36,6,1.1428571428571428,0.0,0.0,0.27166666666666667,optimal
2021-02-09 04:00:00,36,6,1.1428571428571428,0.0,3.094206949129533,0.06313333333333333,optimal
2021-02-09 04:30:00,36,6,1.1428571428571428,0.0,5.0,0.12446666666666668,optimal
2021-02-09 05:00:00,36,6,1.1428571428571428,0.0,5.0,0.2103333333333333,optimal
2021-02-09 05:30:00,36,6,1.1428571428571428,0.0,5.0,0.059333333333333335,optimal
2021-02-09 06:00:00,36,6,1.1428571428571428,0.0,5.0,0.062,optimal
2021-02-09 06:30:00,36,6,1.1428571428571428,0.46444444444444444,5.0,0.21916666666666662,optimal
2021-02-09 07:00:00,36,6,1.1428571428571428,3.0188888888888883,5.0,0.2088,optimal
2021-02-09 07:30:00,36,6,1.1428571428571428,0.23222222222222222,0.0,1.4457,optimal
2021-02-09 08:00:00,36,6,0.6187881064224809,0.0,0.0,0.5963999999999999,optimal
2021-02-09 08:30:00,36,6,0.6389600423938382,0.8514814814814814,0.0,0.29943333333333333,optimal
2021-02-09 09:00:00,36,6,0.502759551220934,0.23222222222222222,0.0,0.4733,optimal
2021-02-09 09:30:00,36,6,0.5005262803065029,2.86717037037037,0.0,1.0204666666666669,optimal
2021-02-09 10:00:00,36,6,0.15945144681643228,3.480237037037037,0.0,2.8500666666666667,optimal
2021-02-09 10:30:00,36,6,0.18024784803852745,0.6192592592592592,0.0,2.539266666666667,optimal
2021-02-09 11:00:00,36,6,0.09820895575107348,0.1548148148148148,0.0,0.7619666666666667,optimal
2021-02-09 11:30:00,36,6,0.18528975980501702,0.0,0.0,0.3464,optimal
2021-02-09 12:00:00,36,6,0.13905091526766314,0.0774074074074074,0.0,0.11566666666666668,optimal
2021-02-09 12:30:00,36,6,0.10722344454705335,0.46444444444444444,0.0,0.23456666666666665,optimal
2021-02-09 13:00:00,36,6,0.011649917434116487,0.46444444444444444,0.0,0.4589,optimal
2021-02-09 13:30:00,36,6,0.04565101814208157,0.1548148148148148,0.0,0.35919999999999996,optimal
2021-02-09 14:00:00,36,6,0.7332072346999344,0.0,0.0,0.3659333333333333,optimal
2021-02-09 14:30:00,36,6,1.1428571428571428,0.0774074074074074,0.0,0.4298666666666667,optimal
2021-02-09 15:00:00,36,6,1.1428571428571428,0.23222222222222222,0.0,0.5543666666666667,optimal
2021-02-09 15:30:00,36,6,1.1428571428571428,0.0,0.0,0.3484333333333333,optimal
2021-02-09 16:00:00,36,6,0.0,1.470740740740741,0.0,0.5227666666666666,optimal
2021-02-09 16:30:00,36,6,0.0,0.46444444444444444,0.0,0.3644,optimal
2021-02-09 17:00:00,36,6,0.0,0.23222222222222222,0.0,0.4451,optimal
2021-02-09 17:30:00,36,6,0.0,0.774074074074074,0.0,2.1059666666666668,optimal
2021-02-09 18:00:00,36,6,0.0,0.0,0.0,2.5717,optimal
2021-02-09 18:30:00,36,6,0.0,0.0,0.0,0.7183999999999999,optimal
2021-02-09 19:00:00,36,6,0.0,0.0,0.0,0.6175333333333333,optimal
2021-02-09 19:30:00,36,6,0.0,0.0,0.0,0.9510333333333332,optimal
2021-02-09 20:00:00,36,6,0.0,0.0,0.0,3.016233333333333,optimal
2021-02-09 20:30:00,36,6,0.0,0.0,0.0,2.8825,optimal
2021-02-09 21:00:00,36,6,0.0,0.0,0.0,0.6808333333333334,optimal
2021-02-09 21:30:00,36,6,0.0,0.0,0.0,0.8410333333333333,optimal
2021-02-09 22:00:00,36,6,0.0,0.0,0.0,0.6065666666666667,optimal
2021-02-09 22:30:00,36,6,0.0,0.0,0.0,0.7060333333333333,optimal
2021-02-09 23:00:00,36,6,0.0,0.3096296296296296,0.0,0.4446666666666667,optimal
2021-02-09 23:30:00,36,6,0.0,0.1548148148148148,0.0,0.35406666666666664,optimal
2021-02-10 00:00:00,36,6,0.0,0.0,0.0,0.09103333333333331,optimal
2021-02-10 00:30:00,36,6,0.0,0.0,0.0,0.26276666666666665,optimal
2021-02-10 01:00:00,36,6,0.0,0.0,0.0,0.2799,optimal
2021-02-10 01:30:00,36,6,0.0,0.0,0.0,0.7842666666666667,optimal
2021-02-10 02:00:00,36,6,0.0,0.0,0.0,0.3055333333333334,optimal
2021-02-10 02:30:00,36,6,0.7554438293126261,0.0,0.0,0.231,optimal
2021-02-10 03:00:00,36,6,1.1428571428571428,0.0,0.0,0.4529333333333333,optimal
2021-02-10 03:30:00,36,6,1.1428571428571428,0.1548148148148148,0.0,0.189,optimal
2021-02-10 04:00:00,36,6,1.1428571428571428,0.23222222222222222,0.0,0.4516,optimal
2021-02-10 04:30:00,36,6,1.1428571428571428,1.8577777777777778,0.0,0.3778666666666667,optimal
2021-02-10 05:00:00,36,6,1.1428571428571428,1.9351851851851851,0.6932673060616797,0.5267333333333334,optimal
2021-02-10 05:30:00,36,6,1.1428571428571428,0.1548148148148148,5.0,0.37176666666666663,optimal
2021-02-10 06:00:00,36,6,1.1428571428571428,0.46444444444444444,5.0,0.22493333333333332,optimal
2021-02-10 06:30:00,36,6,1.1428571428571428,0.8514814814814814,5.0,0.3846,optimal
2021-02-10 07:00:00,36,6,1.1428571428571428,1.1611111111111108,5.0,0.198,optimal
2021-02-10 07:30:00,36,6,1.1428571428571428,0.35142962962962954,0.0,1.6126666666666667,optimal
2021-02-10 08:00:00,36,6,0.8082834862894308,0.035607407407407414,0.0,0.104,optimal
2021-02-10 08:30:00,36,6,0.78951717869569,0.0,0.0,0.292,optimal
2021-02-10 09:00:00,36,6,0.733779793939213,0.0,0.0,0.064,optimal
2021-02-10 09:30:00,36,6,0.7218896768216492,0.0,0.0,0.0756,optimal
2021-02-10 10:00:00,36,6,0.4851318205257511,0.0,0.0,0.2372,optimal
2021-02-10 10:30:00,36,6,0.5158428041161537,0.0,0.0,0.1072,optimal
2021-02-10 11:00:00,36,6,0.3760096823476667,0.0,0.0,0.1336,optimal
2021-02-10 11:30:00,36,6,0.2985027190269815,2.2448148148148146,0.0,0.19119999999999998,optimal
2021-02-10 12:00:00,36,6,0.030959417352396136,0.46444444444444444,0.0,0.4796666666666667,optimal
2021-02-10 12:30:00,36,6,0.0,2.631851851851852,0.0,1.1912333333333331,optimal
2021-02-10 13:00:00,36,6,0.007365931052098594,0.3096296296296296,0.0,0.2804,optimal
2021-02-10 13:30:00,36,6,0.04570868996049238,0.0,0.0,0.44389999999999996,optimal
2021-02-10 14:00:00,36,6,0.908921140458816,0.0,0.0,0.32666666666666666,optimal
2021-02-10 14:30:00,36,6,1.1428571428571428,0.0774074074074074,0.0,0.5406666666666666,optimal
2021-02-10 15:00:00,36,6,1.1428571428571428,0.0,0.0,0.416,optimal
2021-02-10 15:30:00,36,6,1.1428571428571428,0.46444444444444444,0.0,0.4841333333333333,optimal
2021-02-10 16:00:00,36,6,0.0,0.1548148148148148,0.0,1.211266666666667,optimal
2021-02-10 16:30:00,36,6,0.0,0.0774074074074074,0.0,0.7745333333333333,optimal
2021-02-10 17:00:00,36,6,0.0,0.0774074074074074,0.0,1.52,optimal
2021-02-10 17:30:00,36,6,0.0,0.6192592592592592,0.0,1.9855,optimal
2021-02-10 18:00:00,36,6,0.0,0.1548148148148148,0.0,0.5668666666666666,optimal
2021-02-10 18:30:00,36,6,0.0,0.8514814814814814,0.0,0.27466666666666667,optimal
2021-02-10 19:00:00,36,6,0.0,0.1548148148148148,0.0,1.7749333333333335,optimal
2021-02-10 19:30:00,36,6,0.0,0.387037037037037,0.0,0.6093666666666667,optimal
2021-02-10 20:00:00,36,6,0.0,0.1548148148148148,0.0,0.21713333333333332,optimal
2021-02-10 20:30:00,36,6,0.0,5.960370370370371,0.0,0.4367,optimal
2021-02-10 21:00:00,36,6,0.0,0.5418518518518518,0.0,1.4598,optimal
2021-02-10 21:30:00,36,6,0.0,0.0,0.0,0.5810666666666667,optimal
2021-02-10 22:00:00,36,6,0.0,0.1548148148148148,0.0,0.4395333333333334,optimal
2021-02-10 22:30:00,36,6,0.0,0.0,0.0,0.064,optimal
2021-02-10 23:00:00,36,6,0.0,0.0,0.0,0.2704,optimal
2021-02-10 23:30:00,36,6,0.0,0.0,0.0,0.08326666666666667,optimal
2021-02-11 00:00:00,36,6,0.0,0.0,0.0,0.057,optimal
2021-02-11 00:30:00,36,6,1.0712097433888754,0.0,0.0,0.21906666666666663,optimal
2021-02-11 01:00:00,36,6,1.1428571428571428,0.0,0.0,0.057,optimal
2021-02-11 01:30:00,36,6,1.1428571428571428,0.0,0.0,0.1454,optimal
2021-02-11 02:00:00,36,6,1.1428571428571428,0.0,0.0,0.13066666666666665,optimal
2021-02-11 02:30:00,36,6,1.1428571428571428,0.0,0.0,0.057,optimal
2021-02-11 03:00:00,36,6,1.1428571428571428,0.0,0.0,0.21906666666666663,optimal
2021-02-11 03:30:00,36,6,1.1428571428571428,0.0,0.0,0.057,optimal
2021-02-11 04:00:00,36,6,1.1428571428571428,0.0,0.0,0.16013333333333332,optimal
2021-02-11 04:30:00,36,6,1.1428571428571428,0.0,0.0,0.11593333333333333,optimal
2021-02-11 05:00:00,36,6,1.1428571428571428,0.0,4.945542382627366,0.1012,optimal
2021-02-11 05:30:00,36,6,1.1428571428571428,0.1548148148148148,5.0,0.17713333333333334,optimal
2021-02-11 06:00:00,36,6,1.1428571428571428,2.5544444444444445,0.0,0.07426666666666666,optimal
2021-02-11 06:30:00,36,6,1.1428571428571428,0.6192592592592592,0.0,1.2488666666666666,optimal
2021-02-11 07:00:00,36,6,1.1428571428571428,0.23222222222222222,0.0,0.209,optimal
2021-02-11 07:30:00,36,6,1.1428571428571428,5.65074074074074,0.0,0.5137,optimal
2021-02-11 08:00:00,36,6,0.697086469763514,0.3096296296296296,0.0,0.30656666666666665,optimal
2021-02-11 08:30:00,36,6,0.6292573909350152,0.46444444444444444,0.0,1.2694,optimal
2021-02-11 09:00:00,36,6,0.2093621170589219,0.23222222222222222,0.0,2.0419,optimal
2021-02-11 09:30:00,36,6,0.7501638889343211,0.0,0.0,0.09646666666666669,optimal
2021-02-11 10:00:00,36,6,0.45379358507415474,0.0,0.0,0.14066666666666666,optimal
2021-02-11 10:30:00,36,6,0.1800334602363548,1.9351851851851851,0.0,2.4514333333333336,optimal
2021-02-11 11:00:00,36,6,0.0,0.387037037037037,0.0,2.0604,optimal
2021-02-11 11:30:00,36,6,0.0,0.1548148148148148,0.0,1.3850666666666667,optimal
2021-02-11 12:00:00,36,6,0.0,0.387037037037037,0.0,0.9733999999999999,optimal
2021-02-11 12:30:00,36,6,0.0,0.0774074074074074,0.0,1.0234,optimal
2021-02-11 13:00:00,36,6,0.8416727909345056,0.3096296296296296,0.0,0.12846666666666667,optimal
2021-02-11 13:30:00,36,6,1.1428571428571428,0.0,0.0,0.094,optimal
2021-02-11 14:00:00,36,6,1.1428571428571428,0.0,0.0,0.09933333333333332,optimal
2021-02-11 14:30:00,36,6,1.1428571428571428,0.387037037037037,0.0,1.2551666666666668,optimal
2021-02-11 15:00:00,36,6,1.1428571428571428,0.0,0.0,1.2432999999999998,optimal
2021-02-11 15:30:00,36,6,1.1428571428571428,1.1611111111111108,0.0,0.36673333333333336,optimal
2021-02-11 16:00:00,36,6,0.0,0.0,0.0,0.21416666666666662,optimal
2021-02-11 16:30:00,36,6,0.0,0.0,0.0,0.3508,optimal
2021-02-11 17:00:00,36,6,0.0,0.0,0.0,0.067,optimal
2021-02-11 17:30:00,36,6,0.0,0.5418518518518518,0.0,0.39030000000000004,optimal
2021-02-11 18:00:00,36,6,0.0,0.0,0.0,0.5244,optimal
2021-02-11 18:30:00,36,6,0.0,0.0,0.0,0.3407,optimal
2021-02-11 19:00:00,36,6,0.0,0.0,0.0,0.22169999999999998,optimal
2021-02-11 19:30:00,36,6,0.34198399146462094,0.0,0.0,0.067,optimal
2021-02-11 20:00:00,36,6,1.0879020637652452,0.0,0.0,0.22169999999999998,optimal
2021-02-11 20:30:00,36,6,0.0,0.0,0.0,0.07436666666666666,optimal
2021-02-11 21:00:00,36,6,0.0,0.0,0.0,0.067,optimal
2021-02-11 21:30:00,36,6,0.0,0.0,0.0,0.32293333333333335,optimal
2021-02-11 22:00:00,36,6,0.0,0.387037037037037,0.0,0.5551666666666666,optimal
2021-02-11 22:30:00,36,6,0.0,0.0,0.0,0.067,optimal
2021-02-11 23:00:00,36,6,0.0,0.0,0.0,0.1333,optimal
2021-02-11 23:30:00,36,6,0.0,0.0,0.0,0.16276666666666667,optimal
2021-02-12 00:00:00,36,6,1.1428571428571428,0.0,0.0,0.054,optimal
2021-02-12 00:30:00,36,6,1.1428571428571428,0.0,0.0,0.056,optimal
2021-02-12 01:00:00,36,6,1.1428571428571428,0.0,0.0,0.06,optimal
2021-02-12 01:30:00,36,6,1.1428571428571428,0.0,0.0,0.24766666666666662,optimal
2021-02-12 02:00:00,36,6,1.1428571428571428,0.0,0.0,0.08333333333333333,optimal
2021-02-12 02:30:00,36,6,1.1428571428571428,0.0,0.0,0.17633333333333334,optimal
2021-02-12 03:00:00,36,6,1.1428571428571428,0.0,0.0,0.1864,optimal
2021-02-12 03:30:00,36,6,1.1428571428571428,0.0,0.0,0.06346666666666667,optimal
2021-02-12 04:00:00,36,6,1.1428571428571428,0.0,4.948276237340455,0.277,optimal
2021-02-12 04:30:00,36,6,1.1428571428571428,0.0,5.0,0.054,optimal
2021-02-12 05:00:00,36,6,1.1428571428571428,0.0,5.0,0.1115,optimal
2021-02-12 05:30:00,36,6,1.1428571428571428,0.0,5.0,0.1908333333333333,optimal
2021-02-12 06:00:00,36,6,1.1428571428571428,0.46444444444444444,5.0,0.08733333333333333,optimal
2021-02-12 06:30:00,36,6,1.1428571428571428,0.46444444444444444,0.0,0.133,optimal
2021-02-12 07:00:00,36,6,1.1428571428571428,0.3096296296296296,0.0,0.20483333333333328,optimal
2021-02-12 07:30:00,36,6,1.1428571428571428,10.90786877521779,0.0,0.06383333333333334,optimal
2021-02-12 08:00:00,36,6,0.7542462200878979,0.387037037037037,0.0,0.188,optimal
2021-02-12 08:30:00,36,6,0.7406220514911709,0.7167925925925925,0.0,0.22453333333333333,optimal
2021-02-12 09:00:00,36,6,0.5552741751361266,2.069874074074074,0.0,0.3068333333333333,optimal
2021-02-12 09:30:00,36,6,0.4620543154144207,0.46444444444444444,0.0,0.4573666666666667,optimal
2021-02-12 10:00:00,36,6,0.26782788156911225,0.6192592592592592,0.0,1.2035,optimal
2021-02-12 10:30:00,36,6,0.28141050447685545,0.3096296296296296,0.0,0.3,optimal
2021-02-12 11:00:00,36,6,0.10143374696104683,6.347407407407409,0.0,0.37839999999999996,optimal
2021-02-12 11:30:00,36,6,0.1238612176816596,0.0,0.0,0.24506666666666663,optimal
2021-02-12 12:00:00,36,6,0.0,0.3096296296296296,0.0,1.0912666666666668,optimal
2021-02-12 12:30:00,36,6,0.0,0.0774074074074074,0.0,0.9256,optimal
2021-02-12 13:00:00,36,6,0.16243871578950575,0.0,0.0,0.38053333333333333,optimal
2021-02-12 13:30:00,36,6,1.1428571428571428,0.0,0.0,1.2418666666666665,optimal
2021-02-12 14:00:00,36,6,1.1428571428571428,0.0,0.0,0.064,optimal
2021-02-12 14:30:00,36,6,1.1428571428571428,0.0,0.0,0.071,optimal
2021-02-12 15:00:00,36,6,1.1428571428571428,0.0,0.0,0.722,optimal
2021-02-12 15:30:00,36,6,1.1428571428571428,0.0,0.0,0.07843333333333334,optimal
2021-02-12 16:00:00,36,6,0.0,0.6966666666666667,0.0,0.3142333333333333,optimal
2021-02-12 16:30:00,36,6,0.0,0.46444444444444444,0.0,0.1895,optimal
2021-02-12 17:00:00,36,6,0.0,0.387037037037037,0.0,0.3532,optimal
2021-02-12 17:30:00,36,6,0.0,0.0774074074074074,0.0,0.6772,optimal
2021-02-12 18:00:00,36,6,0.0,0.0,0.0,0.2810666666666667,optimal
2021-02-12 18:30:00,36,6,0.0,0.387037037037037,0.0,0.8470333333333333,optimal
2021-02-12 19:00:00,36,6,0.0,0.0,0.0,0.6635,optimal
2021-02-12 19:30:00,36,6,0.0,0.0,0.0,1.4643333333333333,optimal
2021-02-12 20:00:00,36,6,0.0,0.0,0.0,0.3956,optimal
2021-02-12 20:30:00,36,6,0.0,0.6192592592592592,0.0,0.6767666666666666,optimal
2021-02-12 21:00:00,36,6,0.0,1.6255555555555554,0.0,0.5702,optimal
2021-02-12 21:30:00,36,6,0.0,0.6966666666666667,0.0,2.6646666666666663,optimal
2021-02-12 22:00:00,36,6,0.0,0.0,0.0,2.8443,optimal
2021-02-12 22:30:00,36,6,0.0,0.0,0.0,0.8172666666666667,optimal
2021-02-12 23:00:00,36,6,0.0,0.6192592592592592,0.0,0.3793,optimal
2021-02-12 23:30:00,36,6,0.0,0.1548148148148148,0.0,0.29810000000000003,optimal
2021-02-13 00:00:00,36,6,0.0,0.0,0.0,0.16303333333333334,optimal
2021-02-13 00:30:00,36,6,0.0,0.0,0.0,0.18569999999999998,optimal
2021-02-13 01:00:00,36,6,0.0,0.0,0.0,0.1325,optimal
2021-02-13 01:30:00,36,6,0.6475605919905053,0.0,0.0,0.1559,optimal
2021-02-13 02:00:00,36,6,1.1428571428571428,0.0,0.0,0.14873333333333333,optimal
2021-02-13 02:30:00,36,6,1.1428571428571428,0.0,0.0,0.15173333333333333,optimal
2021-02-13 03:00:00,36,6,1.1428571428571428,0.0,0.0,0.1676,optimal
2021-02-13 03:30:00,36,6,1.1428571428571428,0.0,0.0,0.059,optimal
2021-02-13 04:00:00,36,6,1.1428571428571428,0.0,0.0,0.059,optimal
2021-02-13 04:30:00,36,6,1.1428571428571428,0.0,0.0,0.157,optimal
2021-02-13 05:00:00,36,6,1.1428571428571428,0.0,0.0,0.19173333333333328,optimal
2021-02-13 05:30:00,36,6,1.1428571428571428,0.0,0.0,0.06366666666666666,optimal
2021-02-13 06:00:00,36,6,1.1428571428571428,0.1548148148148148,0.0,0.15686666666666668,optimal
2021-02-13 06:30:00,36,6,1.1428571428571428,0.6192592592592592,2.6815007040305336,0.30393333333333333,optimal
2021-02-13 07:00:00,36,6,1.1428571428571428,4.102592592592593,5.0,2.3314,optimal
2021-02-13 07:30:00,36,6,1.1428571428571428,0.0774074074074074,0.0,0.18406666666666663,optimal
2021-02-13 08:00:00,36,6,0.6786102323089132,0.3096296296296296,0.0,0.21166666666666664,optimal
2021-02-13 08:30:00,36,6,0.7121805601723882,0.0774074074074074,0.0,0.1103,optimal
2021-02-13 09:00:00,36,6,0.5771154188219428,0.0,0.0,0.2298,optimal
2021-02-13 09:30:00,36,6,0.6061384867107114,4.644444444444443,0.0,0.20403333333333334,optimal
2021-02-13 10:00:00,36,6,0.4679568574907867,0.0,0.0,0.166,optimal
2021-02-13 10:30:00,36,6,0.5114128996399683,0.1548148148148148,0.0,0.08006666666666666,optimal
2021-02-13 11:00:00,36,6,0.2677027652660967,0.0,0.0,0.22296666666666667,optimal
2021-02-13 11:30:00,36,6,0.11767690265337216,0.0774074074074074,0.0,1.6890333333333334,optimal
2021-02-13 12:00:00,36,6,0.21154220974643356,0.0,0.0,0.068,optimal
2021-02-13 12:30:00,36,6,0.14535905594955434,0.0774074074074074,0.0,0.21366666666666662,optimal
2021-02-13 13:00:00,36,6,0.5365077090256632,0.0774074074074074,0.0,0.32503333333333334,optimal
2021-02-13 13:30:00,36,6,1.1428571428571428,0.23222222222222222,0.0,0.3405,optimal
2021-02-13 14:00:00,36,6,1.1428571428571428,0.1548148148148148,0.0,1.7225333333333332,optimal
2021-02-13 14:30:00,36,6,1.1428571428571428,0.0,0.0,0.7211000000000001,optimal
2021-02-13 15:00:00,36,6,1.1428571428571428,0.0,0.0,0.44289999999999996,optimal
2021-02-13 15:30:00,36,6,1.1428571428571428,2.2448148148148146,0.0,0.5426333333333333,optimal
2021-02-13 16:00:00,36,6,0.0,0.387037037037037,0.0,1.789766666666667,optimal
2021-02-13 16:30:00,36,6,0.0,0.23222222222222222,0.0,0.24230000000000002,optimal
2021-02-13 17:00:00,36,6,0.0,0.5418518518518518,0.0,0.6156333333333334,optimal
2021-02-13 17:30:00,36,6,0.0,0.0,0.0,0.4061,optimal
2021-02-13 18:00:00,36,6,0.0,0.0774074074074074,0.0,0.3253333333333333,optimal
2021-02-13 18:30:00,36,6,0.0,0.3096296296296296,0.0,0.3665333333333334,optimal
2021-02-13 19:00:00,36,6,0.0,0.6192592592592592,0.0,0.3463333333333333,optimal
2021-02-13 19:30:00,36,6,0.0,0.0774074074074074,0.0,0.34446666666666664,optimal
2021-02-13 20:00:00,36,6,0.0,0.0774074074074074,0.0,0.236,optimal
2021-02-13 20:30:00,36,6,0.0,0.0,0.0,1.623233333333333,optimal
2021-02-13 21:00:00,36,6,0.0,0.1548148148148148,0.0,0.6055666666666667,optimal
2021-02-13 21:30:00,36,6,0.0,0.0,0.0,0.4356666666666667,optimal
2021-02-13 22:00:00,36,6,0.0,0.0774074074074074,0.0,0.4851666666666667,optimal
2021-02-13 22:30:00,36,6,0.0,0.387037037037037,0.0,0.4329666666666666,optimal
2021-02-13 23:00:00,36,6,0.0,0.1548148148148148,0.0,0.3332,optimal
2021-02-13 23:30:00,36,6,0.0,0.0,0.0,0.12733333333333333,optimal
2021-02-07 00:00:00,37,6,0.0,0.0,0.0,0.09673333333333332,optimal
2021-02-07 00:30:00,37,6,0.0,0.0,0.0,0.08446666666666666,optimal
2021-02-07 01:00:00,37,6,0.0,0.0,0.0,0.15990000000000001,optimal
2021-02-07 01:30:00,37,6,0.0,0.0,0.0,0.12329999999999999,optimal
2021-02-07 02:00:00,37,6,0.0,0.0,0.0,0.063,optimal
2021-02-07 02:30:00,37,6,0.0,0.0,0.0,0.1692,optimal
2021-02-07 03:00:00,37,6,0.0,0.0,0.0,0.114,optimal
2021-02-07 03:30:00,37,6,0.0,0.0,0.0,0.1182,optimal
2021-02-07 04:00:00,37,6,1.1428571428571428,0.0,0.0,0.063,optimal
2021-02-07 04:30:00,37,6,1.1428571428571428,0.0,0.0,0.1408,optimal
2021-02-07 05:00:00,37,6,1.1428571428571428,0.0,0.0,0.14973333333333333,optimal
2021-02-07 05:30:00,37,6,1.1428571428571428,0.0,0.0,0.10593333333333334,optimal
2021-02-07 06:00:00,37,6,1.1428571428571428,0.0,0.0,0.07526666666666666,optimal
2021-02-07 06:30:00,37,6,1.1428571428571428,0.0,0.0,0.165,optimal
2021-02-07 07:00:00,37,6,1.1428571428571428,0.0,1.7076336144509696,0.061666666666666654,optimal
2021-02-07 07:30:00,37,6,0.0,0.3096296296296296,0.0,0.22383333333333327,optimal
2021-02-07 08:00:00,37,6,0.0,0.774074074074074,0.0,0.074,optimal
2021-02-07 08:30:00,37,6,0.42579842561919423,0.3096296296296296,0.0,0.3680333333333334,optimal
2021-02-07 09:00:00,37,6,0.6912967765325075,0.0,0.0,0.16656666666666667,optimal
2021-02-07 09:30:00,37,6,0.7010671043959729,0.0,0.0,0.1222,optimal
2021-02-07 10:00:00,37,6,0.6411158234122685,0.0,0.0,0.063,optimal
2021-02-07 10:30:00,37,6,0.616260881971036,0.0,0.0,0.165,optimal
2021-02-07 11:00:00,37,6,0.47229360584896385,0.0,0.0,0.22426666666666667,optimal
2021-02-07 11:30:00,37,6,0.43036979632515693,0.6192592592592592,0.0,0.19533333333333328,optimal
2021-02-07 12:00:00,37,6,0.3703998934395917,0.5418518518518518,0.0,0.18136666666666668,optimal
2021-02-07 12:30:00,37,6,0.6531198451262498,0.3096296296296296,0.0,0.1432,optimal
2021-02-07 13:00:00,37,6,1.1428571428571428,0.0774074074074074,0.0,1.4062999999999999,optimal
2021-02-07 13:30:00,37,6,1.1428571428571428,0.0,0.0,0.0985,optimal
2021-02-07 14:00:00,37,6,1.1428571428571428,0.0,0.0,0.10673333333333332,optimal
2021-02-07 14:30:00,37,6,1.1428571428571428,0.0,0.0,0.19646666666666668,optimal
2021-02-07 15:00:00,37,6,1.1428571428571428,0.0,0.0,0.073,optimal
2021-02-07 15:30:00,37,6,1.1428571428571428,0.0,0.0,0.073,optimal
2021-02-07 16:00:00,37,6,0.0,0.0,0.0,0.175,optimal
2021-02-07 16:30:00,37,6,0.0,0.0,0.0,0.12819999999999998,optimal
2021-02-07 17:00:00,37,6,0.0,0.0,0.0,0.1087,optimal
2021-02-07 17:30:00,37,6,0.0,0.46444444444444444,0.0,0.3046333333333333,optimal
2021-02-07 18:00:00,37,6,0.0,0.774074074074074,0.0,0.26439999999999997,optimal
2021-02-07 18:30:00,37,6,0.0,1.6255555555555554,0.0,0.29419999999999996,optimal
2021-02-07 19:00:00,37,6,0.0,0.387037037037037,0.0,0.3496,optimal
2021-02-07 19:30:00,37,6,0.43238000197072507,0.5418518518518518,0.0,0.4977,optimal
2021-02-07 20:00:00,37,6,0.5121266686373857,0.3096296296296296,0.0,0.2814,optimal
2021-02-07 20:30:00,37,6,0.0,0.0,0.0,0.3140333333333334,optimal
2021-02-07 21:00:00,37,6,0.0,0.0,0.0,0.3718666666666667,optimal
2021-02-07 21:30:00,37,6,0.0,0.387037037037037,0.0,0.4309666666666666,optimal
2021-02-07 22:00:00,37,6,0.0,0.23222222222222222,0.0,0.4711666666666667,optimal
2021-02-07 22:30:00,37,6,0.0,0.5418518518518518,0.0,0.194,optimal
2021-02-07 23:00:00,37,6,0.0,0.0774074074074074,0.0,0.209,optimal
2021-02-07 23:30:00,37,6,0.0,0.23222222222222222,0.0,0.3726666666666667,optimal
2021-02-08 00:00:00,37,6,0.0,0.0,0.0,0.06823333333333334,optimal
2021-02-08 00:30:00,37,6,0.0,0.0,0.0,0.21563333333333332,optimal
2021-02-08 01:00:00,37,6,0.0,0.0,0.0,0.062,optimal
2021-02-08 01:30:00,37,6,0.0,0.0,0.0,0.25943333333333335,optimal
2021-02-08 02:00:00,37,6,0.7000253780350729,0.0,0.0,0.12176666666666668,optimal
2021-02-08 02:30:00,37,6,1.1428571428571428,0.0,0.0,0.062,optimal
2021-02-08 03:00:00,37,6,1.1428571428571428,0.0,0.0,0.23646666666666666,optimal
2021-02-08 03:30:00,37,6,1.1428571428571428,0.0,0.0,0.14473333333333332,optimal
2021-02-08 04:00:00,37,6,1.1428571428571428,0.0,0.0,0.08693333333333333,optimal
2021-02-08 04:30:00,37,6,1.1428571428571428,0.0,0.0,0.22166666666666662,optimal
2021-02-08 05:00:00,37,6,1.1428571428571428,0.0,0.18578020471554318,0.1346,optimal
2021-02-08 05:30:00,37,6,1.1428571428571428,0.0,5.0,0.2262333333333333,optimal
2021-02-08 06:00:00,37,6,1.1428571428571428,2.1674074074074072,5.0,0.20446666666666666,optimal
2021-02-08 06:30:00,37,6,1.1428571428571428,0.387037037037037,0.0,0.2346,optimal
2021-02-08 07:00:00,37,6,1.1428571428571428,0.0774074074074074,0.0,0.31839999999999996,optimal
2021-02-08 07:30:00,37,6,1.1428571428571428,1.7803703703703702,0.0,0.163,optimal
2021-02-08 08:00:00,37,6,0.5899073412982327,1.2385185185185184,0.0,1.1575333333333333,optimal
2021-02-08 08:30:00,37,6,0.4017933522379729,0.3096296296296296,0.0,1.0945,optimal
2021-02-08 09:00:00,37,6,0.35632426381738225,0.23222222222222222,0.0,0.9346,optimal
2021-02-08 09:30:00,37,6,0.5244257235982571,0.3096296296296296,0.0,0.24559999999999998,optimal
2021-02-08 10:00:00,37,6,0.39220845019936795,0.23222222222222222,0.0,0.27486666666666665,optimal
2021-02-08 10:30:00,37,6,0.3889241332756246,0.0,0.0,0.8229333333333333,optimal
2021-02-08 11:00:00,37,6,0.20308550297026565,1.7029629629629628,0.0,1.2318666666666667,optimal
2021-02-08 11:30:00,37,6,0.2826147301257816,0.0,0.0,0.32639999999999997,optimal
2021-02-08 12:00:00,37,6,0.19995365679515786,0.3096296296296296,0.0,0.421,optimal
2021-02-08 12:30:00,37,6,0.1742559206299808,0.0,0.0,0.5299666666666667,optimal
2021-02-08 13:00:00,37,6,0.6839463678853055,0.0,0.0,2.6198333333333332,optimal
2021-02-08 13:30:00,37,6,1.1428571428571428,0.1548148148148148,0.0,2.665,optimal
2021-02-08 14:00:00,37,6,1.1428571428571428,0.1548148148148148,0.0,0.6644333333333333,optimal
2021-02-08 14:30:00,37,6,1.1428571428571428,0.0,0.0,0.49510000000000004,optimal
2021-02-08 15:00:00,37,6,1.1428571428571428,0.23222222222222222,0.0,0.2946666666666667,optimal
2021-02-08 15:30:00,37,6,1.1428571428571428,0.0,0.0,0.229,optimal
2021-02-08 16:00:00,37,6,0.0,0.0,0.0,0.0863,optimal
2021-02-08 16:30:00,37,6,0.0,0.0,0.0,0.32796666666666663,optimal
2021-02-08 17:00:00,37,6,0.0,0.0,0.0,1.3829333333333333,optimal
2021-02-08 17:30:00,37,6,0.0,0.35142962962962954,0.0,1.2509333333333335,optimal
2021-02-08 18:00:00,37,6,0.0,0.34523703703703695,0.0,0.5149333333333332,optimal
2021-02-08 18:30:00,37,6,0.0,0.3096296296296296,0.0,0.3691666666666667,optimal
2021-02-08 19:00:00,37,6,0.0,0.3096296296296296,0.0,0.3251,optimal
2021-02-08 19:30:00,37,6,0.0,0.1548148148148148,0.0,0.37806666666666666,optimal
2021-02-08 20:00:00,37,6,0.0,0.5418518518518518,0.0,0.3252333333333333,optimal
2021-02-08 20:30:00,37,6,0.0,0.0,0.0,0.4107,optimal
2021-02-08 21:00:00,37,6,0.0,0.0,0.0,0.45376666666666665,optimal
2021-02-08 21:30:00,37,6,0.0,0.0,0.0,0.3521666666666667,optimal
2021-02-08 22:00:00,37,6,0.0,0.0,0.0,0.3670333333333334,optimal
2021-02-08 22:30:00,37,6,0.0,0.0,0.0,0.5837,optimal
2021-02-08 23:00:00,37,6,0.0,0.0,0.0,0.41503333333333337,optimal
2021-02-08 23:30:00,37,6,0.0,0.0,0.0,0.2780666666666667,optimal
2021-02-09 00:00:00,37,6,0.0,0.0,0.0,0.043,optimal
2021-02-09 00:30:00,37,6,0.0,0.0,0.0,0.18306666666666663,optimal
2021-02-09 01:00:00,37,6,0.0,0.0,0.0,0.043,optimal
2021-02-09 01:30:00,37,6,0.5812046549008473,0.0,0.0,0.13213333333333332,optimal
2021-02-09 02:00:00,37,6,1.1428571428571428,0.0,0.0,0.1933666666666667,optimal
2021-02-09 02:30:00,37,6,1.1428571428571428,0.0,0.0,0.04823333333333333,optimal
2021-02-09 03:00:00,37,6,1.1428571428571428,0.0,0.0,0.21969999999999998,optimal
2021-02-09 03:30:00,37,6,1.1428571428571428,0.0,0.0,0.11103333333333332,optimal
2021-02-09 04:00:00,37,6,1.1428571428571428,0.0,0.0,0.043,optimal
2021-02-09 04:30:00,37,6,1.1428571428571428,0.0,0.0,0.043,optimal
2021-02-09 05:00:00,37,6,1.1428571428571428,0.0,0.0,0.21446666666666667,optimal
2021-02-09 05:30:00,37,6,1.1428571428571428,0.0,0.0,0.11626666666666668,optimal
2021-02-09 06:00:00,37,6,1.1428571428571428,0.0,0.0,0.06983333333333333,optimal
2021-02-09 06:30:00,37,6,1.1428571428571428,0.23222222222222222,1.821192929797932,0.26689999999999997,optimal
2021-02-09 07:00:00,37,6,1.1428571428571428,1.0837037037037036,5.0,0.041,optimal
2021-02-09 07:30:00,37,6,1.1428571428571428,0.5418518518518518,0.0,0.49860000000000004,optimal
2021-02-09 08:00:00,37,6,0.693163344517718,0.3096296296296296,0.0,0.08383333333333333,optimal
2021-02-09 08:30:00,37,6,0.6680076614414495,0.0,0.0,0.11566666666666668,optimal
2021-02-09 09:00:00,37,6,0.28217478931617485,1.006296296296296,0.0,1.4814666666666667,optimal
2021-02-09 09:30:00,37,6,0.5546729469731784,0.0774074074074074,0.0,0.1422,optimal
2021-02-09 10:00:00,37,6,0.22090858967356344,0.0774074074074074,0.0,0.7303666666666667,optimal
2021-02-09 10:30:00,37,6,0.2074078480385254,0.23222222222222222,0.0,0.7714333333333333,optimal
2021-02-09 11:00:00,37,6,0.20988895575107638,0.46444444444444444,0.0,0.5135666666666667,optimal
2021-02-09 11:30:00,37,6,0.09275642647168411,2.2448148148148146,0.0,1.2828333333333333,optimal
2021-02-09 12:00:00,37,6,0.061763296220042875,0.1548148148148148,0.0,0.2838,optimal
2021-02-09 12:30:00,37,6,0.0874710635946693,0.3096296296296296,0.0,0.5741666666666666,optimal
2021-02-09 13:00:00,37,6,0.0,0.0,0.0,1.4955,optimal
2021-02-09 13:30:00,37,6,0.0,0.23222222222222222,0.0,2.4644333333333335,optimal
2021-02-09 14:00:00,37,6,0.6899018748261058,0.0,0.0,3.4174333333333333,optimal
2021-02-09 14:30:00,37,6,1.1428571428571428,0.0,0.0,1.0228666666666668,optimal
2021-02-09 15:00:00,37,6,1.1428571428571428,0.23222222222222222,0.0,0.1879333333333333,optimal
2021-02-09 15:30:00,37,6,1.1428571428571428,0.0,0.0,1.5110999999999999,optimal
2021-02-09 16:00:00,37,6,0.0,0.0774074074074074,0.0,0.34863333333333335,optimal
2021-02-09 16:30:00,37,6,0.0,0.0,0.0,0.1539,optimal
2021-02-09 17:00:00,37,6,0.0,1.2385185185185184,0.0,0.1623,optimal
2021-02-09 17:30:00,37,6,0.0,3.173703703703704,0.0,1.6894666666666667,optimal
2021-02-09 18:00:00,37,6,0.0,0.1548148148148148,0.0,0.40613333333333335,optimal
2021-02-09 18:30:00,37,6,0.0,0.5418518518518518,0.0,0.3576666666666667,optimal
2021-02-09 19:00:00,37,6,0.0,0.46444444444444444,0.0,0.37760000000000005,optimal
2021-02-09 19:30:00,37,6,0.0,0.23222222222222222,0.0,1.0092999999999999,optimal
2021-02-09 20:00:00,37,6,0.0,0.0,0.0,2.7674666666666665,optimal
2021-02-09 20:30:00,37,6,0.0,0.1548148148148148,0.0,2.1480333333333332,optimal
2021-02-09 21:00:00,37,6,0.0,1.548148148148148,0.0,0.051,optimal
2021-02-09 21:30:00,37,6,0.0,0.0,0.0,0.2700666666666667,optimal
2021-02-09 22:00:00,37,6,0.0,0.0,0.0,0.4044666666666666,optimal
2021-02-09 22:30:00,37,6,0.0,0.0,0.0,0.19646666666666668,optimal
2021-02-09 23:00:00,37,6,0.0,0.0,0.0,0.3187333333333333,optimal
2021-02-09 23:30:00,37,6,0.0,0.0,0.0,0.14673333333333333,optimal
2021-02-10 00:00:00,37,6,0.0,0.0774074074074074,0.0,0.23666666666666664,optimal
2021-02-10 00:30:00,37,6,0.0,0.0,0.0,0.7163333333333334,optimal
2021-02-10 01:00:00,37,6,0.0,0.0,0.0,0.3407,optimal
2021-02-10 01:30:00,37,6,0.0,0.0,0.0,0.18946666666666667,optimal
2021-02-10 02:00:00,37,6,0.0,0.0,0.0,0.0756,optimal
2021-02-10 02:30:00,37,6,0.2434074609054773,0.0,0.0,0.3058333333333333,optimal
2021-02-10 03:00:00,37,6,1.1428571428571428,0.0,0.0,0.17006666666666667,optimal
2021-02-10 03:30:00,37,6,1.1428571428571428,0.0,0.0,0.14413333333333334,optimal
2021-02-10 04:00:00,37,6,1.1428571428571428,1.8624222222222222,5.0,0.31939999999999996,optimal
2021-02-10 04:30:00,37,6,1.1428571428571428,3.401281481481481,5.0,0.3138333333333333,optimal
2021-02-10 05:00:00,37,6,1.1428571428571428,0.6192592592592592,5.0,1.6205666666666667,optimal
2021-02-10 05:30:00,37,6,1.1428571428571428,0.46444444444444444,5.0,1.7724666666666666,optimal
2021-02-10 06:00:00,37,6,1.1428571428571428,0.3096296296296296,5.0,0.5047333333333334,optimal
2021-02-10 06:30:00,37,6,1.1428571428571428,1.8004962962962965,5.0,0.4791,optimal
2021-02-10 07:00:00,37,6,1.1428571428571428,1.140985185185185,5.0,0.8566,optimal
2021-02-10 07:30:00,37,6,1.1428571428571428,0.0774074074074074,0.5414550732637892,0.5909,optimal
2021-02-10 08:00:00,37,6,0.6354644386703885,0.0,0.0,0.3764333333333333,optimal
2021-02-10 08:30:00,37,6,0.8244790834575911,0.0,0.0,0.16933333333333334,optimal
2021-02-10 09:00:00,37,6,0.693408365367784,0.0,0.0,0.205,optimal
2021-02-10 09:30:00,37,6,0.6853087244407049,0.0,0.0,0.20333333333333328,optimal
2021-02-10 10:00:00,37,6,0.33676039195431956,0.3096296296296296,0.0,0.5360333333333333,optimal
2021-02-10 10:30:00,37,6,0.32414756602090855,0.0,0.0,0.5595,optimal
2021-02-10 11:00:00,37,6,0.23295253949052536,0.0,0.0,0.349,optimal
2021-02-10 11:30:00,37,6,0.3253217666460296,0.1548148148148148,0.0,0.20336666666666667,optimal
2021-02-10 12:00:00,37,6,0.17183370306667872,0.0,0.0,0.24863333333333332,optimal
2021-02-10 12:30:00,37,6,0.22287179830478082,0.0,0.0,0.07,optimal
2021-02-10 13:00:00,37,6,0.2075226166018541,0.0,0.0,0.2186,optimal
2021-02-10 13:30:00,37,6,1.0412041885537031,0.0,0.0,0.15496666666666667,optimal
2021-02-10 14:00:00,37,6,1.1428571428571428,0.0,0.0,0.10476666666666667,optimal
2021-02-10 14:30:00,37,6,1.1428571428571428,0.0,0.0,0.1775,optimal
2021-02-10 15:00:00,37,6,1.1428571428571428,0.46444444444444444,0.0,0.6303,optimal
2021-02-10 15:30:00,37,6,1.1428571428571428,0.0,0.0,0.10859999999999999,optimal
2021-02-10 16:00:00,37,6,0.0,0.1548148148148148,0.0,0.23633333333333328,optimal
2021-02-10 16:30:00,37,6,0.0,0.0,0.0,0.1986,optimal
2021-02-10 17:00:00,37,6,0.0,0.3096296296296296,0.0,0.7411666666666666,optimal
2021-02-10 17:30:00,37,6,0.0,0.0,0.0,1.8598666666666663,optimal
2021-02-10 18:00:00,37,6,0.0,0.0,0.0,0.3412,optimal
2021-02-10 18:30:00,37,6,0.0,0.5418518518518518,0.0,0.5481333333333334,optimal
2021-02-10 19:00:00,37,6,0.0,0.6966666666666667,0.0,0.5145,optimal
2021-02-10 19:30:00,37,6,0.0,0.46444444444444444,0.0,0.48669999999999997,optimal
2021-02-10 20:00:00,37,6,0.0,0.0,0.0,1.1335333333333333,optimal
2021-02-10 20:30:00,37,6,0.0,0.1548148148148148,0.0,0.4035666666666667,optimal
2021-02-10 21:00:00,37,6,0.0,0.387037037037037,0.0,0.8874333333333333,optimal
2021-02-10 21:30:00,37,6,0.0,0.3096296296296296,0.0,0.5210666666666667,optimal
2021-02-10 22:00:00,37,6,0.0,0.0,0.0,0.49476666666666663,optimal
2021-02-10 22:30:00,37,6,0.0,4.567037037037037,0.0,0.6820333333333333,optimal
2021-02-10 23:00:00,37,6,0.0,0.0,0.0,1.0473666666666666,optimal
2021-02-10 23:30:00,37,6,0.0,0.0,0.0,0.12463333333333335,optimal
2021-02-11 00:00:00,37,6,0.0,0.46444444444444444,0.0,0.26213333333333333,optimal
2021-02-11 00:30:00,37,6,0.14078588353043395,0.23222222222222222,0.0,0.1824,optimal
2021-02-11 01:00:00,37,6,1.1428571428571428,0.2740222222222222,0.0,0.2213333333333333,optimal
2021-02-11 01:30:00,37,6,1.1428571428571428,0.035607407407407414,0.0,0.21996666666666667,optimal
2021-02-11 02:00:00,37,6,1.1428571428571428,0.0,0.0,0.2091,optimal
2021-02-11 02:30:00,37,6,1.1428571428571428,0.23222222222222222,0.0,0.20856666666666662,optimal
2021-02-11 03:00:00,37,6,1.1428571428571428,0.0774074074074074,0.0,0.13773333333333332,optimal
2021-02-11 03:30:00,37,6,1.1428571428571428,0.1548148148148148,0.0,0.067,optimal
2021-02-11 04:00:00,37,6,1.1428571428571428,0.9288888888888889,0.0,0.23763333333333334,optimal
2021-02-11 04:30:00,37,6,1.1428571428571428,2.39962962962963,0.0,0.10809999999999999,optimal
2021-02-11 05:00:00,37,6,1.1428571428571428,0.387037037037037,2.2247783887165067,0.1963,optimal
2021-02-11 05:30:00,37,6,1.1428571428571428,0.1548148148148148,5.0,0.21106666666666662,optimal
2021-02-11 06:00:00,37,6,1.1428571428571428,6.915577777777778,5.0,0.3725,optimal
2021-02-11 06:30:00,37,6,1.1428571428571428,0.9025703703703709,5.0,1.0936,optimal
2021-02-11 07:00:00,37,6,1.1428571428571428,2.8640740740740736,5.0,0.4238,optimal
2021-02-11 07:30:00,37,6,1.1428571428571428,0.3096296296296296,0.0,0.4707,optimal
2021-02-11 08:00:00,37,6,0.695267422144463,0.46444444444444444,0.0,0.4401666666666667,optimal
2021-02-11 08:30:00,37,6,0.8500345337921588,2.3826,0.0,0.3117333333333333,optimal
2021-02-11 09:00:00,37,6,0.39682687896368896,4.042214814814814,0.0,1.8788,optimal
2021-02-11 09:30:00,37,6,0.6891067460771818,0.0,0.0,0.23326666666666668,optimal
2021-02-11 10:00:00,37,6,0.4751554898360618,0.0,0.0,0.066,optimal
2021-02-11 10:30:00,37,6,0.4864829840458776,0.0,0.0,0.1164,optimal
2021-02-11 11:00:00,37,6,0.31135386251158953,0.0,0.0,0.2298,optimal
2021-02-11 11:30:00,37,6,0.3259944947493249,0.0,0.0,0.066,optimal
2021-02-11 12:00:00,37,6,0.14430417003471527,0.0,0.0,0.1353,optimal
2021-02-11 12:30:00,37,6,0.11643271797407836,0.0,0.0,0.1353,optimal
2021-02-11 13:00:00,37,6,1.1428571428571428,0.0,0.0,0.066,optimal
2021-02-11 13:30:00,37,6,1.1428571428571428,0.0,0.0,0.2802,optimal
2021-02-11 14:00:00,37,6,1.1428571428571428,0.0,0.0,0.066,optimal
2021-02-11 14:30:00,37,6,1.1428571428571428,0.0,0.0,0.159,optimal
2021-02-11 15:00:00,37,6,1.1428571428571428,0.1548148148148148,0.0,0.37876666666666664,optimal
2021-02-11 15:30:00,37,6,1.1428571428571428,0.0,0.0,0.1605,optimal
2021-02-11 16:00:00,37,6,0.0,0.0,0.0,0.316,optimal
2021-02-11 16:30:00,37,6,0.0,0.387037037037037,0.0,0.372,optimal
2021-02-11 17:00:00,37,6,0.0,0.0774074074074074,0.0,0.48973333333333335,optimal
2021-02-11 17:30:00,37,6,0.0,0.6192592592592592,0.0,0.4036,optimal
2021-02-11 18:00:00,37,6,0.0,0.0,0.0,0.2978,optimal
2021-02-11 18:30:00,37,6,0.0,0.0,0.0,0.45303333333333334,optimal
2021-02-11 19:00:00,37,6,0.0,0.23222222222222222,0.0,0.16490000000000002,optimal
2021-02-11 19:30:00,37,6,0.3567465436347629,0.0,0.0,0.19,optimal
2021-02-11 20:00:00,37,6,0.9348830161462002,0.0,0.0,0.3055,optimal
2021-02-11 20:30:00,37,6,0.0,0.0,0.0,0.28,optimal
2021-02-11 21:00:00,37,6,0.0,1.6255555555555554,0.0,0.3163,optimal
2021-02-11 21:30:00,37,6,0.0,0.0,0.0,0.26293333333333335,optimal
2021-02-11 22:00:00,37,6,0.0,0.3096296296296296,0.0,0.48823333333333335,optimal
2021-02-11 22:30:00,37,6,0.0,0.0,0.0,0.27353333333333335,optimal
2021-02-11 23:00:00,37,6,0.0,0.23222222222222222,0.0,0.5496333333333333,optimal
2021-02-11 23:30:00,37,6,0.0,0.0,0.0,0.3046333333333333,optimal
2021-02-12 00:00:00,37,6,1.0431737286221074,0.0,0.0,0.074,optimal
2021-02-12 00:30:00,37,6,1.1428571428571428,0.0,0.0,0.1254,optimal
2021-02-12 01:00:00,37,6,1.1428571428571428,0.0,0.0,0.064,optimal
2021-02-12 01:30:00,37,6,1.1428571428571428,0.0,0.0,0.2796,optimal
2021-02-12 02:00:00,37,6,1.1428571428571428,0.0,0.0,0.064,optimal
2021-02-12 02:30:00,37,6,1.1428571428571428,0.0,0.0,0.1231,optimal
2021-02-12 03:00:00,37,6,1.1428571428571428,0.0,0.0,0.2205,optimal
2021-02-12 03:30:00,37,6,1.1428571428571428,0.0,0.0,0.06433333333333333,optimal
2021-02-12 04:00:00,37,6,1.1428571428571428,0.0,0.0,0.1237,optimal
2021-02-12 04:30:00,37,6,1.1428571428571428,0.0,0.0,0.1805,optimal
2021-02-12 05:00:00,37,6,1.1428571428571428,0.0,0.0,0.22483333333333327,optimal
2021-02-12 05:30:00,37,6,1.1428571428571428,2.0899999999999994,0.0,0.4692,optimal
2021-02-12 06:00:00,37,6,1.1428571428571428,0.387037037037037,3.9369255137892436,0.6925666666666668,optimal
2021-02-12 06:30:00,37,6,1.1428571428571428,0.1548148148148148,5.0,1.5360333333333334,optimal
2021-02-12 07:00:00,37,6,1.1428571428571428,1.8577777777777778,5.0,0.38539999999999996,optimal
2021-02-12 07:30:00,37,6,1.1428571428571428,0.1548148148148148,0.0,1.5212,optimal
2021-02-12 08:00:00,37,6,0.5500024105640924,0.387037037037037,0.0,1.2570333333333332,optimal
2021-02-12 08:30:00,37,6,0.7373744324435524,0.5418518518518518,0.0,0.3366,optimal
2021-02-12 09:00:00,37,6,0.5509979846599325,0.387037037037037,0.0,0.5115,optimal
2021-02-12 09:30:00,37,6,0.47745431541442496,0.9288888888888889,0.0,0.47706666666666664,optimal
2021-02-12 10:00:00,37,6,0.1638859768072043,0.0,0.0,0.6809333333333333,optimal
2021-02-12 10:30:00,37,6,0.3219819330482805,0.5418518518518518,0.0,0.3041666666666667,optimal
2021-02-12 11:00:00,37,6,0.0,0.0,0.0,2.7015333333333333,optimal
2021-02-12 11:30:00,37,6,0.0,0.387037037037037,0.0,2.6358,optimal
2021-02-12 12:00:00,37,6,0.0,0.387037037037037,0.0,0.9136,optimal
2021-02-12 12:30:00,37,6,0.0,0.0,0.0,1.1994333333333334,optimal
2021-02-12 13:00:00,37,6,0.32992623542888994,0.0,0.0,0.6492333333333333,optimal
2021-02-12 13:30:00,37,6,1.1428571428571428,0.0,0.0,0.2089,optimal
2021-02-12 14:00:00,37,6,1.1428571428571428,0.0,0.0,0.13340000000000002,optimal
2021-02-12 14:30:00,37,6,1.1428571428571428,0.0,0.0,0.074,optimal
2021-02-12 15:00:00,37,6,1.1428571428571428,0.0,0.0,0.19469999999999998,optimal
2021-02-12 15:30:00,37,6,1.1428571428571428,0.0,0.0,0.26946666666666663,optimal
2021-02-12 16:00:00,37,6,0.0,0.387037037037037,0.0,0.2844,optimal
2021-02-12 16:30:00,37,6,0.0,0.3096296296296296,0.0,0.4071,optimal
2021-02-12 17:00:00,37,6,0.0,1.3933333333333333,0.0,0.3788666666666667,optimal
2021-02-12 17:30:00,37,6,0.0,2.7092592592592597,0.0,0.37660000000000005,optimal
2021-02-12 18:00:00,37,6,0.0,0.6192592592592592,0.0,0.6127999999999999,optimal
2021-02-12 18:30:00,37,6,0.0,0.3096296296296296,0.0,0.3497333333333333,optimal
2021-02-12 19:00:00,37,6,0.0,0.0,0.0,0.3757,optimal
2021-02-12 19:30:00,37,6,0.0,0.387037037037037,0.0,0.4846333333333333,optimal
2021-02-12 20:00:00,37,6,0.0,0.5418518518518518,0.0,0.315,optimal
2021-02-12 20:30:00,37,6,0.0,0.0,0.0,0.34546666666666664,optimal
2021-02-12 21:00:00,37,6,0.0,0.1548148148148148,0.0,0.35003333333333336,optimal
2021-02-12 21:30:00,37,6,0.0,0.1548148148148148,0.0,0.3627666666666666,optimal
2021-02-12 22:00:00,37,6,0.0,0.1548148148148148,0.0,0.325,optimal
2021-02-12 22:30:00,37,6,0.0,0.23222222222222222,0.0,0.4304333333333333,optimal
2021-02-12 23:00:00,37,6,0.0,0.0,0.0,0.6391666666666667,optimal
2021-02-12 23:30:00,37,6,0.0,0.0,0.0,0.4403,optimal
2021-02-13 00:00:00,37,6,0.0,0.0,0.0,0.09466666666666669,optimal
2021-02-13 00:30:00,37,6,0.0,0.0,0.0,0.202,optimal
2021-02-13 01:00:00,37,6,0.12511957119173517,0.0,0.0,0.12963333333333332,optimal
2021-02-13 01:30:00,37,6,1.1428571428571428,0.0,0.0,0.2097,optimal
2021-02-13 02:00:00,37,6,1.1428571428571428,0.0,0.0,0.26873333333333327,optimal
2021-02-13 02:30:00,37,6,1.1428571428571428,0.0,0.0,0.12366666666666669,optimal
2021-02-13 03:00:00,37,6,1.1428571428571428,0.0,0.0,0.282,optimal
2021-02-13 03:30:00,37,6,1.1428571428571428,0.0,0.0,0.2024,optimal
2021-02-13 04:00:00,37,6,1.1428571428571428,0.0,0.0,0.09466666666666669,optimal
2021-02-13 04:30:00,37,6,1.1428571428571428,0.0,0.0,0.2378,optimal
2021-02-13 05:00:00,37,6,1.1428571428571428,0.0,0.0,0.2159333333333333,optimal
2021-02-13 05:30:00,37,6,1.1428571428571428,0.0,1.0505112180691574,0.11766666666666668,optimal
2021-02-13 06:00:00,37,6,1.1428571428571428,0.1548148148148148,5.0,0.3323333333333333,optimal
2021-02-13 06:30:00,37,6,1.1428571428571428,0.23222222222222222,5.0,0.2062333333333333,optimal
2021-02-13 07:00:00,37,6,1.1428571428571428,2.1674074074074072,0.0,0.2147333333333333,optimal
2021-02-13 07:30:00,37,6,1.1428571428571428,0.1548148148148148,0.0,0.26566666666666666,optimal
2021-02-13 08:00:00,37,6,0.8440768989755778,0.0,0.0,0.06333333333333334,optimal
2021-02-13 08:30:00,37,6,0.8868853220771468,0.0,0.0,0.06966666666666667,optimal
2021-02-13 09:00:00,37,6,0.6946297045362324,0.0,0.0,0.36576666666666663,optimal
2021-02-13 09:30:00,37,6,0.7531861057583333,0.0,0.0,0.12096666666666668,optimal
2021-02-13 10:00:00,37,6,0.5806044765384029,0.0,0.0,0.064,optimal
2021-02-13 10:30:00,37,6,0.4777176615447317,0.0,0.0,0.4166,optimal
2021-02-13 11:00:00,37,6,0.36611228907562654,0.0,0.0,0.0678,optimal
2021-02-13 11:30:00,37,6,0.320292140748614,0.0,0.0,0.22066666666666662,optimal
2021-02-13 12:00:00,37,6,0.22064697165119676,0.0,0.0,0.26373333333333326,optimal
2021-02-13 12:30:00,37,6,0.25822572261623034,0.0,0.0,0.1172,optimal
2021-02-13 13:00:00,37,6,1.1428571428571428,0.0,0.0,0.32543333333333335,optimal
2021-02-13 13:30:00,37,6,1.1428571428571428,0.0,0.0,0.17416666666666666,optimal
2021-02-13 14:00:00,37,6,1.1428571428571428,0.0,0.0,0.12503333333333333,optimal
2021-02-13 14:30:00,37,6,1.1428571428571428,0.0,0.0,0.2963,optimal
2021-02-13 15:00:00,37,6,1.1428571428571428,0.0,0.0,0.13243333333333335,optimal
2021-02-13 15:30:00,37,6,1.1428571428571428,0.0774074074074074,0.0,0.3479333333333333,optimal
2021-02-13 16:00:00,37,6,0.0,0.0,0.0,0.309,optimal
2021-02-13 16:30:00,37,6,0.0,0.0774074074074074,0.0,0.18446666666666667,optimal
2021-02-13 17:00:00,37,6,0.0,0.0,0.0,1.9094666666666666,optimal
2021-02-13 17:30:00,37,6,0.0,0.0,0.0,0.118,optimal
2021-02-13 18:00:00,37,6,0.0,0.387037037037037,0.0,0.3477333333333333,optimal
2021-02-13 18:30:00,37,6,0.0,0.1548148148148148,0.0,0.3285,optimal
2021-02-13 19:00:00,37,6,0.0,0.3096296296296296,0.0,0.6698333333333334,optimal
2021-02-13 19:30:00,37,6,0.0,3.5839629629629624,0.0,0.4209,optimal
2021-02-13 20:00:00,37,6,0.4702687799596555,2.9182592592592598,0.0,0.35256666666666664,optimal
2021-02-13 20:30:00,37,6,0.0,0.23222222222222222,0.0,0.5028333333333334,optimal
2021-02-13 21:00:00,37,6,0.0,0.3096296296296296,0.0,0.4693,optimal
2021-02-13 21:30:00,37,6,0.0,0.3096296296296296,0.0,0.5936666666666667,optimal
2021-02-13 22:00:00,37,6,0.0,0.0,0.0,0.5678333333333334,optimal
2021-02-13 22:30:00,37,6,0.0,0.0,0.0,0.5298999999999999,optimal
2021-02-13 23:00:00,37,6,0.0,0.0,0.0,0.4206666666666667,optimal
2021-02-13 23:30:00,37,6,0.0,0.0,0.0,0.14106666666666667,optimal
2021-02-07 00:00:00,38,6,0.0,0.0,0.0,0.052,optimal
2021-02-07 00:30:00,38,6,0.0,0.0,0.0,0.21953333333333333,optimal
2021-02-07 01:00:00,38,6,0.0,0.0,0.0,0.053,optimal
2021-02-07 01:30:00,38,6,0.0,0.0,0.0,0.1142,optimal
2021-02-07 02:00:00,38,6,0.0,0.0,0.0,0.14780000000000001,optimal
2021-02-07 02:30:00,38,6,0.0,0.0,0.0,0.06353333333333333,optimal
2021-02-07 03:00:00,38,6,0.0,0.0,0.0,0.13726666666666668,optimal
2021-02-07 03:30:00,38,6,0.0,0.0,0.0,0.1318666666666667,optimal
2021-02-07 04:00:00,38,6,1.1428571428571428,0.0,0.0,0.12793333333333334,optimal
2021-02-07 04:30:00,38,6,1.1428571428571428,0.0774074074074074,0.0,0.09646666666666669,optimal
2021-02-07 05:00:00,38,6,1.1428571428571428,0.23222222222222222,0.0,0.4313,optimal
2021-02-07 05:30:00,38,6,1.1428571428571428,0.23222222222222222,0.0,0.7817999999999999,optimal
2021-02-07 06:00:00,38,6,1.1428571428571428,0.0774074074074074,1.305830934193062,0.07753333333333333,optimal
2021-02-07 06:30:00,38,6,1.1428571428571428,0.0,0.0,0.15306666666666666,optimal
2021-02-07 07:00:00,38,6,1.1428571428571428,0.0,0.0,0.12253333333333331,optimal
2021-02-07 07:30:00,38,6,0.004374994350367943,0.0,0.0,0.05866666666666666,optimal
2021-02-07 08:00:00,38,6,0.7472812510056891,0.0,0.0,0.15833333333333335,optimal
2021-02-07 08:30:00,38,6,0.7620347326660319,0.0,0.0,0.1142,optimal
2021-02-07 09:00:00,38,6,0.7216396336753559,0.0,0.0,0.059,optimal
2021-02-07 09:30:00,38,6,0.6894004377293084,0.0,0.0,0.16,optimal
2021-02-07 10:00:00,38,6,0.5845729662694005,0.0,0.0,0.11320000000000001,optimal
2021-02-07 10:30:00,38,6,0.606346596256757,0.23222222222222222,0.0,0.052,optimal
2021-02-07 11:00:00,38,6,0.40594122489658674,0.0,0.0,0.3738,optimal
2021-02-07 11:30:00,38,6,0.42626884394420356,0.0774074074074074,0.0,1.4003333333333332,optimal
2021-02-07 12:00:00,38,6,0.29377703629673924,0.0,0.0,0.7301,optimal
2021-02-07 12:30:00,38,6,0.7885896377641312,0.0774074074074074,0.0,0.10663333333333334,optimal
2021-02-07 13:00:00,38,6,1.1428571428571428,0.0,0.0,0.0994,optimal
2021-02-07 13:30:00,38,6,1.1428571428571428,0.0,0.0,0.19913333333333333,optimal
2021-02-07 14:00:00,38,6,1.1428571428571428,0.0,0.0,0.06133333333333334,optimal
2021-02-07 14:30:00,38,6,1.1428571428571428,0.0,0.0,0.11646666666666668,optimal
2021-02-07 15:00:00,38,6,1.1428571428571428,0.0,0.0,0.1607333333333333,optimal
2021-02-07 15:30:00,38,6,1.1428571428571428,0.0,0.0,0.053,optimal
2021-02-07 16:00:00,38,6,0.0,0.0,0.0,0.23066666666666663,optimal
2021-02-07 16:30:00,38,6,0.0,0.0,0.0,0.1247,optimal
2021-02-07 17:00:00,38,6,0.0,0.6192592592592592,0.0,1.1989666666666667,optimal
2021-02-07 17:30:00,38,6,0.0,0.46444444444444444,0.0,0.6810666666666667,optimal
2021-02-07 18:00:00,38,6,0.0,0.0,0.0,0.5232333333333333,optimal
2021-02-07 18:30:00,38,6,0.0,0.0,0.0,1.2023,optimal
2021-02-07 19:00:00,38,6,0.0,0.5418518518518518,0.0,0.8728666666666667,optimal
2021-02-07 19:30:00,38,6,0.11884857339929174,0.6966666666666667,0.0,2.515766666666667,optimal
2021-02-07 20:00:00,38,6,0.5129000019707174,0.3096296296296296,0.0,0.8608333333333333,optimal
2021-02-07 20:30:00,38,6,0.0,0.3096296296296296,0.0,1.4305,optimal
2021-02-07 21:00:00,38,6,0.0,0.23222222222222222,0.0,0.2931333333333333,optimal
2021-02-07 21:30:00,38,6,0.0,0.0,0.0,0.09046666666666668,optimal
2021-02-07 22:00:00,38,6,0.0,0.0,0.0,0.17173333333333332,optimal
2021-02-07 22:30:00,38,6,0.0,0.0,0.0,0.12079999999999999,optimal
2021-02-07 23:00:00,38,6,0.0,0.0,0.0,0.08406666666666666,optimal
2021-02-07 23:30:00,38,6,0.0,0.0,0.0,0.15993333333333334,optimal
2021-02-08 00:00:00,38,6,0.0,0.0,0.0,0.061,optimal
2021-02-08 00:30:00,38,6,0.0,0.0,0.0,0.061,optimal
2021-02-08 01:00:00,38,6,0.0,0.0,0.0,0.07666666666666667,optimal
2021-02-08 01:30:00,38,6,0.12558459042048545,0.0,0.0,0.155,optimal
2021-02-08 02:00:00,38,6,1.1428571428571428,0.0,0.0,0.061,optimal
2021-02-08 02:30:00,38,6,1.1428571428571428,0.0,0.0,0.061,optimal
2021-02-08 03:00:00,38,6,1.1428571428571428,0.0,0.0,0.17066666666666666,optimal
2021-02-08 03:30:00,38,6,1.1428571428571428,0.0,0.0,0.061,optimal
2021-02-08 04:00:00,38,6,1.1428571428571428,0.0,0.0,0.061,optimal
2021-02-08 04:30:00,38,6,1.1428571428571428,0.0,0.0,0.10016666666666668,optimal
2021-02-08 05:00:00,38,6,1.1428571428571428,0.0,0.0,0.1315,optimal
2021-02-08 05:30:00,38,6,1.1428571428571428,0.0,0.0,0.061,optimal
2021-02-08 06:00:00,38,6,1.1428571428571428,0.23222222222222222,0.0,0.06753333333333333,optimal
2021-02-08 06:30:00,38,6,1.1428571428571428,0.5062444444444444,4.219314661546246,0.078,optimal
2021-02-08 07:00:00,38,6,1.1428571428571428,3.51894074074074,5.0,0.13513333333333333,optimal
2021-02-08 07:30:00,38,6,1.1428571428571428,0.6192592592592592,0.0,1.0068333333333335,optimal
2021-02-08 08:00:00,38,6,0.5260197222506221,1.470740740740741,0.0,1.193266666666667,optimal
2021-02-08 08:30:00,38,6,0.5499457331903446,0.1548148148148148,0.0,1.0203333333333333,optimal
2021-02-08 09:00:00,38,6,0.22600997810309423,0.387037037037037,0.0,2.557,optimal
2021-02-08 09:30:00,38,6,0.5145781045506435,0.1548148148148148,0.0,0.8998333333333334,optimal
2021-02-08 10:00:00,38,6,0.524379878770788,0.0,0.0,0.17283333333333334,optimal
2021-02-08 10:30:00,38,6,0.559906990418484,0.0,0.0,0.071,optimal
2021-02-08 11:00:00,38,6,0.3571693124940821,0.0,0.0,0.17283333333333334,optimal
2021-02-08 11:30:00,38,6,0.37973853964958304,0.0,0.0,0.07883333333333332,optimal
2021-02-08 12:00:00,38,6,0.2946793710808698,0.0,0.0,0.116,optimal
2021-02-08 12:30:00,38,6,0.2547702063442703,0.0,0.0,0.22566666666666663,optimal
2021-02-08 13:00:00,38,6,0.6641539687393699,0.0,0.0,0.071,optimal
2021-02-08 13:30:00,38,6,1.1428571428571428,0.0,0.0,0.08666666666666667,optimal
2021-02-08 14:00:00,38,6,1.1428571428571428,0.0,0.0,0.165,optimal
2021-02-08 14:30:00,38,6,1.1428571428571428,0.0,0.0,0.071,optimal
2021-02-08 15:00:00,38,6,1.1428571428571428,0.0,0.0,0.18066666666666664,optimal
2021-02-08 15:30:00,38,6,1.1428571428571428,0.0,0.0,0.16490000000000002,optimal
2021-02-08 16:00:00,38,6,0.0,0.1548148148148148,0.0,0.26339999999999997,optimal
2021-02-08 16:30:00,38,6,0.0,0.1548148148148148,0.0,1.7673333333333332,optimal
2021-02-08 17:00:00,38,6,0.0,0.0,0.0,0.206,optimal
2021-02-08 17:30:00,38,6,0.0,0.3096296296296296,0.0,0.206,optimal
2021-02-08 18:00:00,38,6,0.0,0.387037037037037,0.0,0.3547333333333333,optimal
2021-02-08 18:30:00,38,6,0.0,0.3096296296296296,0.0,0.2362,optimal
2021-02-08 19:00:00,38,6,0.0,0.23222222222222222,0.0,0.199,optimal
2021-02-08 19:30:00,38,6,0.0,0.0,0.0,2.181633333333333,optimal
2021-02-08 20:00:00,38,6,0.0,0.0,0.0,0.3591333333333333,optimal
2021-02-08 20:30:00,38,6,0.0,0.0,0.0,0.0805,optimal
2021-02-08 21:00:00,38,6,0.0,0.0,0.0,0.6459,optimal
2021-02-08 21:30:00,38,6,0.0,0.0,0.0,1.6175333333333333,optimal
2021-02-08 22:00:00,38,6,0.0,0.0774074074074074,0.0,0.2169,optimal
2021-02-08 22:30:00,38,6,0.0,0.0,0.0,0.2823333333333333,optimal
2021-02-08 23:00:00,38,6,0.0,0.0,0.0,0.14933333333333335,optimal
2021-02-08 23:30:00,38,6,0.0,0.0,0.0,0.067,optimal
2021-02-09 00:00:00,38,6,0.0,0.0,0.0,0.113,optimal
2021-02-09 00:30:00,38,6,0.0,0.0,0.0,0.07640000000000001,optimal
2021-02-09 01:00:00,38,6,0.0,0.0,0.0,0.1928,optimal
2021-02-09 01:30:00,38,6,0.0,0.0,0.0,0.1374,optimal
2021-02-09 02:00:00,38,6,0.0,0.0,0.0,0.052,optimal
2021-02-09 02:30:00,38,6,1.073358316389664,0.0,0.0,0.1316,optimal
2021-02-09 03:00:00,38,6,1.1428571428571428,0.0,1.0039456478552204,0.1986,optimal
2021-02-09 03:30:00,38,6,1.1428571428571428,0.0774074074074074,5.0,0.06893333333333333,optimal
2021-02-09 04:00:00,38,6,1.1428571428571428,0.0,0.0,0.5951000000000001,optimal
2021-02-09 04:30:00,38,6,1.1428571428571428,0.46444444444444444,0.0,0.1931,optimal
2021-02-09 05:00:00,38,6,1.1428571428571428,0.23222222222222222,0.0,0.2866,optimal
2021-02-09 05:30:00,38,6,1.1428571428571428,0.6966666666666667,0.0,0.34026666666666666,optimal
2021-02-09 06:00:00,38,6,1.1428571428571428,2.792859259259259,0.0,0.17393333333333333,optimal
2021-02-09 06:30:00,38,6,1.1428571428571428,0.6130666666666666,0.0,0.3376,optimal
2021-02-09 07:00:00,38,6,1.1428571428571428,0.5418518518518518,0.0,0.20786666666666667,optimal
2021-02-09 07:30:00,38,6,1.1428571428571428,5.573333333333333,0.0,0.073,optimal
2021-02-09 08:00:00,38,6,0.5059538207081948,0.23222222222222222,0.0,0.27903333333333336,optimal
2021-02-09 08:30:00,38,6,0.5007790900128789,0.23222222222222222,0.0,0.2738,optimal
2021-02-09 09:00:00,38,6,0.6822414559828425,0.46444444444444444,0.0,0.12693333333333334,optimal
2021-02-09 09:30:00,38,6,0.555211994592227,0.0,0.0,0.5592,optimal
2021-02-09 10:00:00,38,6,0.3093466849116693,0.387037037037037,0.0,1.4556666666666667,optimal
2021-02-09 10:30:00,38,6,0.3249926099432861,0.0774074074074074,0.0,1.1855333333333333,optimal
2021-02-09 11:00:00,38,6,0.16367943194155496,0.387037037037037,0.0,0.5988666666666667,optimal
2021-02-09 11:30:00,38,6,0.09416023599549665,0.46444444444444444,0.0,1.3782999999999999,optimal
2021-02-09 12:00:00,38,6,0.0,0.6966666666666667,0.0,0.8192,optimal
2021-02-09 12:30:00,38,6,0.0,2.2448148148148146,0.0,0.34636666666666666,optimal
2021-02-09 13:00:00,38,6,0.0,0.1548148148148148,0.0,0.5802999999999999,optimal
2021-02-09 13:30:00,38,6,0.0,0.0774074074074074,0.0,0.3910666666666667,optimal
2021-02-09 14:00:00,38,6,0.0,0.0,0.0,0.3584,optimal
2021-02-09 14:30:00,38,6,0.5791584572324845,0.0,0.0,1.7097666666666669,optimal
2021-02-09 15:00:00,38,6,1.1428571428571428,0.23222222222222222,0.0,0.4539666666666666,optimal
2021-02-09 15:30:00,38,6,1.1428571428571428,0.0,0.0,1.586,optimal
2021-02-09 16:00:00,38,6,0.0,3.4059259259259256,0.0,0.44389999999999996,optimal
2021-02-09 16:30:00,38,6,0.0,0.46444444444444444,0.0,1.2122,optimal
2021-02-09 17:00:00,38,6,0.0,0.5418518518518518,0.0,3.0136333333333334,optimal
2021-02-09 17:30:00,38,6,0.0,2.7866666666666666,0.0,2.029333333333333,optimal
2021-02-09 18:00:00,38,6,0.0,0.23222222222222222,0.0,0.6587999999999999,optimal
2021-02-09 18:30:00,38,6,0.0,0.5418518518518518,0.0,0.3620333333333334,optimal
2021-02-09 19:00:00,38,6,0.0,0.0,0.0,0.2386,optimal
2021-02-09 19:30:00,38,6,0.0,0.0,0.0,0.5159666666666667,optimal
2021-02-09 20:00:00,38,6,0.0,0.0,0.0,0.3783666666666667,optimal
2021-02-09 20:30:00,38,6,0.0,0.1548148148148148,0.0,0.27493333333333336,optimal
2021-02-09 21:00:00,38,6,0.0,0.1548148148148148,0.0,0.4534333333333333,optimal
2021-02-09 21:30:00,38,6,0.0,0.23222222222222222,0.0,0.2399,optimal
2021-02-09 22:00:00,38,6,0.0,0.3096296296296296,0.0,0.3806666666666667,optimal
2021-02-09 22:30:00,38,6,0.0,0.0,0.0,0.0684,optimal
2021-02-09 23:00:00,38,6,0.0,0.0,0.0,0.19640000000000002,optimal
2021-02-09 23:30:00,38,6,0.0,0.0,0.0,0.1352,optimal
2021-02-10 00:00:00,38,6,0.0,0.0,0.0,0.0787,optimal
2021-02-10 00:30:00,38,6,0.0,0.0,0.0,0.11166666666666669,optimal
2021-02-10 01:00:00,38,6,0.042182654114258124,0.0,0.0,0.063,optimal
2021-02-10 01:30:00,38,6,1.1428571428571428,0.0,0.0,0.063,optimal
2021-02-10 02:00:00,38,6,1.1428571428571428,0.0,0.0,0.063,optimal
2021-02-10 02:30:00,38,6,1.1428571428571428,0.0,0.0,0.063,optimal
2021-02-10 03:00:00,38,6,1.1428571428571428,0.0,0.0,0.063,optimal
2021-02-10 03:30:00,38,6,1.1428571428571428,0.0,0.0,0.063,optimal
2021-02-10 04:00:00,38,6,1.1428571428571428,0.0,0.0,0.063,optimal
2021-02-10 04:30:00,38,6,1.1428571428571428,0.0,2.2970067034569,0.063,optimal
2021-02-10 05:00:00,38,6,1.1428571428571428,0.0,5.0,0.063,optimal
2021-02-10 05:30:00,38,6,1.1428571428571428,0.0,5.0,0.063,optimal
2021-02-10 06:00:00,38,6,1.1428571428571428,0.46444444444444444,5.0,0.11466666666666668,optimal
2021-02-10 06:30:00,38,6,1.1428571428571428,0.23222222222222222,5.0,0.202,optimal
2021-02-10 07:00:00,38,6,1.1428571428571428,0.3096296296296296,0.0,0.24459999999999998,optimal
2021-02-10 07:30:00,38,6,1.1428571428571428,5.805555555555555,0.0,0.2037333333333333,optimal
2021-02-10 08:00:00,38,6,0.7238072958132449,2.39962962962963,0.0,0.071,optimal
2021-02-10 08:30:00,38,6,0.7060886072671203,0.0,0.0,0.071,optimal
2021-02-10 09:00:00,38,6,0.36787503203445077,0.387037037037037,0.0,0.7754333333333333,optimal
2021-02-10 09:30:00,38,6,0.47567539110737217,0.1548148148148148,0.0,0.5564,optimal
2021-02-10 10:00:00,38,6,0.22682229671622176,0.0,0.0,1.2314333333333334,optimal
2021-02-10 10:30:00,38,6,0.3778808993542427,0.0,0.0,0.26139999999999997,optimal
2021-02-10 11:00:00,38,6,0.22192396806195316,2.2448148148148146,0.0,0.4079,optimal
2021-02-10 11:30:00,38,6,0.2561693856936506,0.387037037037037,0.0,0.3710333333333334,optimal
2021-02-10 12:00:00,38,6,0.08309084592381885,1.8577777777777778,0.0,0.3615333333333334,optimal
2021-02-10 12:30:00,38,6,0.0,0.6192592592592592,0.0,0.5622999999999999,optimal
2021-02-10 13:00:00,38,6,0.1122452203360186,0.387037037037037,0.0,0.394,optimal
2021-02-10 13:30:00,38,6,0.10879440424619877,0.0,0.0,0.3874333333333333,optimal
2021-02-10 14:00:00,38,6,0.7163842953821241,0.3096296296296296,0.0,2.0625666666666667,optimal
2021-02-10 14:30:00,38,6,1.1428571428571428,0.0,0.0,1.4186666666666667,optimal
2021-02-10 15:00:00,38,6,1.1428571428571428,0.0,0.0,0.6344,optimal
2021-02-10 15:30:00,38,6,1.1428571428571428,0.6192592592592592,0.0,0.8737,optimal
2021-02-10 16:00:00,38,6,0.0,0.387037037037037,0.0,0.6219,optimal
2021-02-10 16:30:00,38,6,0.0,0.23222222222222222,0.0,0.41756666666666664,optimal
2021-02-10 17:00:00,38,6,0.0,1.0837037037037036,0.0,0.2815666666666667,optimal
2021-02-10 17:30:00,38,6,0.0,1.006296296296296,0.0,0.3592333333333333,optimal
2021-02-10 18:00:00,38,6,0.0,0.0,0.0,1.3819666666666668,optimal
2021-02-10 18:30:00,38,6,0.0,0.0,0.0,0.6872333333333334,optimal
2021-02-10 19:00:00,38,6,0.0,2.2448148148148146,0.0,0.2587,optimal
2021-02-10 19:30:00,38,6,0.0,0.23222222222222222,0.0,0.3858666666666667,optimal
2021-02-10 20:00:00,38,6,0.0,0.0,0.0,0.3831333333333333,optimal
2021-02-10 20:30:00,38,6,0.0,0.5418518518518518,0.0,0.3635333333333334,optimal
2021-02-10 21:00:00,38,6,0.0,0.46444444444444444,0.0,0.3802,optimal
2021-02-10 21:30:00,38,6,0.0,0.0,0.0,0.3400666666666667,optimal
2021-02-10 22:00:00,38,6,0.0,0.6192592592592592,0.0,0.441,optimal
2021-02-10 22:30:00,38,6,0.0,1.0837037037037036,0.0,0.4342,optimal
2021-02-10 23:00:00,38,6,0.0,0.387037037037037,0.0,1.4701666666666668,optimal
2021-02-10 23:30:00,38,6,0.0,0.3096296296296296,0.0,0.4492333333333334,optimal
2021-02-11 00:00:00,38,6,0.0,0.0,0.0,0.06,optimal
2021-02-11 00:30:00,38,6,0.42139647672340513,0.0,0.0,0.1176,optimal
2021-02-11 01:00:00,38,6,1.1428571428571428,0.0,0.0,0.06,optimal
2021-02-11 01:30:00,38,6,1.1428571428571428,0.0,0.0,0.06,optimal
2021-02-11 02:00:00,38,6,1.1428571428571428,0.0,0.0,0.1176,optimal
2021-02-11 02:30:00,38,6,1.1428571428571428,0.0,0.0,0.06,optimal
2021-02-11 03:00:00,38,6,1.1428571428571428,0.0,0.0,0.1176,optimal
2021-02-11 03:30:00,38,6,1.1428571428571428,0.0,0.0,0.06,optimal
2021-02-11 04:00:00,38,6,1.1428571428571428,0.0,0.0,0.06,optimal
2021-02-11 04:30:00,38,6,1.1428571428571428,0.0,0.0,0.1176,optimal
2021-02-11 05:00:00,38,6,1.1428571428571428,0.0,0.0,0.06,optimal
2021-02-11 05:30:00,38,6,1.1428571428571428,0.0,0.0,0.0695,optimal
2021-02-11 06:00:00,38,6,1.1428571428571428,0.23222222222222222,0.0,0.2939333333333333,optimal
2021-02-11 06:30:00,38,6,1.1428571428571428,0.1548148148148148,1.900807433252127,0.2575,optimal
2021-02-11 07:00:00,38,6,1.1428571428571428,3.096296296296296,5.0,0.28846666666666665,optimal
2021-02-11 07:30:00,38,6,1.1428571428571428,0.387037037037037,0.0,0.2561666666666667,optimal
2021-02-11 08:00:00,38,6,0.7757245650016074,0.1548148148148148,0.0,0.213,optimal
2021-02-11 08:30:00,38,6,0.8183945337921532,0.6192592592592592,0.0,0.2706,optimal
2021-02-11 09:00:00,38,6,0.6761430694398777,0.3096296296296296,0.0,0.226,optimal
2021-02-11 09:30:00,38,6,0.6033353175057472,0.0,0.0,0.24719999999999998,optimal
2021-02-11 10:00:00,38,6,0.33706025174082016,0.0,0.0,0.2534,optimal
2021-02-11 10:30:00,38,6,0.3495877459506351,0.0,0.0,0.26043333333333335,optimal
2021-02-11 11:00:00,38,6,0.2346014815592122,0.0,0.0,0.2777,optimal
2021-02-11 11:30:00,38,6,0.22309925665408462,0.23222222222222222,0.0,0.22419999999999998,optimal
2021-02-11 12:00:00,38,6,0.022885122415662578,0.0,0.0,0.35,optimal
2021-02-11 12:30:00,38,6,0.0,0.23222222222222222,0.0,0.6784,optimal
2021-02-11 13:00:00,38,6,0.1334913673419564,0.6192592592592592,0.0,0.397,optimal
2021-02-11 13:30:00,38,6,1.1428571428571428,0.0774074074074074,0.0,0.5348333333333334,optimal
2021-02-11 14:00:00,38,6,1.1428571428571428,0.23222222222222222,0.0,0.48460000000000003,optimal
2021-02-11 14:30:00,38,6,1.1428571428571428,1.7803703703703702,0.0,0.43960000000000005,optimal
2021-02-11 15:00:00,38,6,1.1428571428571428,0.23222222222222222,0.0,0.3903333333333333,optimal
2021-02-11 15:30:00,38,6,1.1428571428571428,2.3222222222222215,0.0,0.7964,optimal
2021-02-11 16:00:00,38,6,0.0,0.46444444444444444,0.0,0.662,optimal
2021-02-11 16:30:00,38,6,0.0,0.1548148148148148,0.0,0.35133333333333333,optimal
2021-02-11 17:00:00,38,6,0.0,0.3096296296296296,0.0,0.10479999999999999,optimal
2021-02-11 17:30:00,38,6,0.0,0.23222222222222222,0.0,0.11653333333333332,optimal
2021-02-11 18:00:00,38,6,0.0,3.833214814814815,0.0,0.2392,optimal
2021-02-11 18:30:00,38,6,0.0,0.888637037037037,0.0,0.231,optimal
2021-02-11 19:00:00,38,6,0.0,0.23222222222222222,0.0,0.41193333333333326,optimal
2021-02-11 19:30:00,38,6,0.0,0.1548148148148148,0.0,0.38739999999999997,optimal
2021-02-11 20:00:00,38,6,0.0,0.23222222222222222,0.0,0.31793333333333335,optimal
2021-02-11 20:30:00,38,6,0.0,0.1548148148148148,0.0,0.22533333333333327,optimal
2021-02-11 21:00:00,38,6,0.0,0.0,0.0,0.2710666666666667,optimal
2021-02-11 21:30:00,38,6,0.0,0.0,0.0,1.6922000000000001,optimal
2021-02-11 22:00:00,38,6,0.0,0.23222222222222222,0.0,0.1736,optimal
2021-02-11 22:30:00,38,6,0.0,0.0,0.0,0.2124,optimal
2021-02-11 23:00:00,38,6,0.0,0.46444444444444444,0.0,0.30939999999999995,optimal
2021-02-11 23:30:00,38,6,0.0,0.0,0.0,0.08466666666666667,optimal
2021-02-12 00:00:00,38,6,1.1428571428571428,0.0,0.0,0.054,optimal
2021-02-12 00:30:00,38,6,1.1428571428571428,0.0,0.0,0.054,optimal
2021-02-12 01:00:00,38,6,1.1428571428571428,0.0,0.0,0.054,optimal
2021-02-12 01:30:00,38,6,1.1428571428571428,0.0,0.0,0.054,optimal
2021-02-12 02:00:00,38,6,1.1428571428571428,0.0774074074074074,0.0,0.0628,optimal
2021-02-12 02:30:00,38,6,1.1428571428571428,0.0,0.0,0.064,optimal
2021-02-12 03:00:00,38,6,1.1428571428571428,0.0,0.0,0.05386666666666667,optimal
2021-02-12 03:30:00,38,6,1.1428571428571428,0.0,0.0,0.27826666666666666,optimal
2021-02-12 04:00:00,38,6,1.1428571428571428,0.0,0.0,0.054,optimal
2021-02-12 04:30:00,38,6,1.1428571428571428,0.0,0.0,0.054,optimal
2021-02-12 05:00:00,38,6,1.1428571428571428,0.0,0.0,0.056,optimal
2021-02-12 05:30:00,38,6,1.1428571428571428,0.0,0.0,0.06,optimal
2021-02-12 06:00:00,38,6,1.1428571428571428,0.0,0.4572681765896834,0.054,optimal
2021-02-12 06:30:00,38,6,1.1428571428571428,0.387037037037037,5.0,0.05666666666666666,optimal
2021-02-12 07:00:00,38,6,1.1428571428571428,2.0899999999999994,5.0,0.9078333333333334,optimal
2021-02-12 07:30:00,38,6,1.1428571428571428,6.227608446186447,0.0,0.07733333333333332,optimal
2021-02-12 08:00:00,38,6,0.8000081248498025,0.0,0.0,0.29860000000000003,optimal
2021-02-12 08:30:00,38,6,0.8743458610149805,0.0,0.0,0.29560000000000003,optimal
2021-02-12 09:00:00,38,6,0.8781884608504018,0.0,0.0,0.064,optimal
2021-02-12 09:30:00,38,6,0.7838543154144261,0.0,0.0,0.064,optimal
2021-02-12 10:00:00,38,6,0.49201931014054345,0.0,0.0,0.064,optimal
2021-02-12 10:30:00,38,6,0.47486764733399495,0.0,0.0,0.064,optimal
2021-02-12 11:00:00,38,6,0.29119565172295103,0.0,0.0,0.064,optimal
2021-02-12 11:30:00,38,6,0.28905169387213103,0.0,0.0,0.064,optimal
2021-02-12 12:00:00,38,6,0.2249466819545234,0.0,0.0,0.064,optimal
2021-02-12 12:30:00,38,6,0.2228027241037034,0.0,0.0,0.064,optimal
2021-02-12 13:00:00,38,6,1.1428571428571428,0.0,0.0,0.064,optimal
2021-02-12 13:30:00,38,6,1.1428571428571428,0.0,0.0,0.064,optimal
2021-02-12 14:00:00,38,6,1.1428571428571428,0.0,0.0,0.064,optimal
2021-02-12 14:30:00,38,6,1.1428571428571428,0.0,0.0,0.064,optimal
2021-02-12 15:00:00,38,6,1.1428571428571428,0.0,0.0,0.064,optimal
2021-02-12 15:30:00,38,6,1.1428571428571428,0.0,0.0,0.064,optimal
2021-02-12 16:00:00,38,6,0.0,0.0,0.0,0.064,optimal
2021-02-12 16:30:00,38,6,0.0,0.0,0.0,0.064,optimal
2021-02-12 17:00:00,38,6,0.0,0.8514814814814814,0.0,0.07156666666666667,optimal
2021-02-12 17:30:00,38,6,0.0,0.6192592592592592,0.0,0.088,optimal
2021-02-12 18:00:00,38,6,0.0,0.46444444444444444,0.0,0.3426,optimal
2021-02-12 18:30:00,38,6,0.0,0.23222222222222222,0.0,0.18006666666666665,optimal
2021-02-12 19:00:00,38,6,0.0,0.1548148148148148,0.0,0.159,optimal
2021-02-12 19:30:00,38,6,0.41207952694208966,0.0,0.0,0.176,optimal
2021-02-12 20:00:00,38,6,0.6541846235971798,0.1548148148148148,0.0,0.17856666666666665,optimal
2021-02-12 20:30:00,38,6,0.0,0.23222222222222222,0.0,0.187,optimal
2021-02-12 21:00:00,38,6,0.0,0.6966666666666667,0.0,0.187,optimal
2021-02-12 21:30:00,38,6,0.0,0.1548148148148148,0.0,1.614266666666667,optimal
2021-02-12 22:00:00,38,6,0.0,0.0774074074074074,0.0,0.4442,optimal
2021-02-12 22:30:00,38,6,0.0,0.0,0.0,0.6684,optimal
2021-02-12 23:00:00,38,6,0.0,2.7866666666666666,0.0,0.18616666666666662,optimal
2021-02-12 23:30:00,38,6,0.0,0.0,0.0,0.064,optimal
2021-02-13 00:00:00,38,6,0.0,0.23222222222222222,0.0,0.1272,optimal
2021-02-13 00:30:00,38,6,0.0,0.0774074074074074,0.0,0.22813333333333333,optimal
2021-02-13 01:00:00,38,6,0.0,0.0,0.0,0.2694,optimal
2021-02-13 01:30:00,38,6,0.26033995267227394,0.0,0.0,0.2736,optimal
2021-02-13 02:00:00,38,6,1.1428571428571428,2.2448148148148146,0.0,0.3203333333333333,optimal
2021-02-13 02:30:00,38,6,1.1428571428571428,0.0,0.0,0.4349333333333333,optimal
2021-02-13 03:00:00,38,6,1.1428571428571428,0.0,0.0,0.44,optimal
2021-02-13 03:30:00,38,6,1.1428571428571428,0.387037037037037,0.0,0.4614333333333333,optimal
2021-02-13 04:00:00,38,6,1.1428571428571428,0.1548148148148148,0.0,0.3979,optimal
2021-02-13 04:30:00,38,6,1.1428571428571428,0.0,0.0,0.19319999999999998,optimal
2021-02-13 05:00:00,38,6,1.1428571428571428,0.46444444444444444,4.148811226750561,0.22086666666666668,optimal
2021-02-13 05:30:00,38,6,1.1428571428571428,0.46444444444444444,5.0,0.5238333333333334,optimal
2021-02-13 06:00:00,38,6,1.1428571428571428,0.6192592592592592,5.0,0.15093333333333334,optimal
2021-02-13 06:30:00,38,6,1.1428571428571428,0.5418518518518518,5.0,0.12946666666666667,optimal
2021-02-13 07:00:00,38,6,1.1428571428571428,0.0774074074074074,0.0,0.29496666666666665,optimal
2021-02-13 07:30:00,38,6,1.1428571428571428,0.23222222222222222,0.0,2.4440333333333335,optimal
2021-02-13 08:00:00,38,6,0.7949321370708151,0.6192592592592592,0.0,0.2549,optimal
2021-02-13 08:30:00,38,6,0.8839234173152416,0.0,0.0,0.08366666666666667,optimal
2021-02-13 09:00:00,38,6,0.6928297045362338,0.0,0.0,0.22793333333333332,optimal
2021-02-13 09:30:00,38,6,0.7715480105202426,0.0,0.0,0.066,optimal
2021-02-13 10:00:00,38,6,0.5645187622526932,0.0,0.0,0.1296,optimal
2021-02-13 10:30:00,38,6,0.580546232973295,0.0,0.0,0.066,optimal
2021-02-13 11:00:00,38,6,0.3511122890756259,0.0,0.0,0.1296,optimal
2021-02-13 11:30:00,38,6,0.36713975979623953,0.0,0.0,0.066,optimal
2021-02-13 12:00:00,38,6,0.2616279240321456,0.0,0.0,0.1296,optimal
2021-02-13 12:30:00,38,6,0.27551143690193913,0.0,0.0,0.066,optimal
2021-02-13 13:00:00,38,6,1.1428571428571428,0.0,0.0,0.066,optimal
2021-02-13 13:30:00,38,6,1.1428571428571428,0.0,0.0,0.1296,optimal
2021-02-13 14:00:00,38,6,1.1428571428571428,0.387037037037037,0.0,0.3947333333333333,optimal
2021-02-13 14:30:00,38,6,1.1428571428571428,0.0,0.0,0.2642,optimal
2021-02-13 15:00:00,38,6,1.1428571428571428,0.3096296296296296,0.0,0.2314,optimal
2021-02-13 15:30:00,38,6,1.1428571428571428,0.1548148148148148,0.0,0.2816,optimal
2021-02-13 16:00:00,38,6,0.0,0.0,0.0,0.33886666666666665,optimal
2021-02-13 16:30:00,38,6,0.0,0.23222222222222222,0.0,0.4391333333333333,optimal
2021-02-13 17:00:00,38,6,0.0,0.1548148148148148,0.0,0.2823333333333333,optimal
2021-02-13 17:30:00,38,6,0.0,0.8514814814814814,0.0,0.3678,optimal
2021-02-13 18:00:00,38,6,0.0,0.3096296296296296,0.0,0.2176,optimal
2021-02-13 18:30:00,38,6,0.0,0.387037037037037,0.0,0.064,optimal
2021-02-13 19:00:00,38,6,0.0,0.5418518518518518,0.0,0.1276,optimal
2021-02-13 19:30:00,38,6,0.03942676568668544,0.23222222222222222,0.0,0.1266,optimal
2021-02-13 20:00:00,38,6,0.636317956930512,0.0,0.0,0.41906666666666664,optimal
2021-02-13 20:30:00,38,6,0.0,0.23222222222222222,0.0,0.4373333333333333,optimal
2021-02-13 21:00:00,38,6,0.0,0.3096296296296296,0.0,0.4570666666666667,optimal
2021-02-13 21:30:00,38,6,0.0,0.0,0.0,0.44573333333333337,optimal
2021-02-13 22:00:00,38,6,0.0,0.0,0.0,0.3098333333333333,optimal
2021-02-13 22:30:00,38,6,0.0,0.3096296296296296,0.0,0.3980666666666667,optimal
2021-02-13 23:00:00,38,6,0.0,0.1548148148148148,0.0,1.1953666666666665,optimal
2021-02-13 23:30:00,38,6,0.0,0.0,0.0,1.6452,optimal
2021-02-07 00:00:00,39,6,0.0,0.0,0.0,0.1003,optimal
2021-02-07 00:30:00,39,6,0.0,0.0,0.0,0.16923333333333332,optimal
2021-02-07 01:00:00,39,6,0.0,0.0,0.0,0.1032,optimal
2021-02-07 01:30:00,39,6,0.0,0.0,0.0,0.0869,optimal
2021-02-07 02:00:00,39,6,0.0,0.0,0.0,0.2458333333333333,optimal
2021-02-07 02:30:00,39,6,0.0,0.0,0.0,0.047666666666666656,optimal
2021-02-07 03:00:00,39,6,0.0,0.0,0.0,0.18973333333333328,optimal
2021-02-07 03:30:00,39,6,0.0,0.0,0.0,0.14006666666666667,optimal
2021-02-07 04:00:00,39,6,1.1428571428571428,0.0,0.0,0.20033333333333328,optimal
2021-02-07 04:30:00,39,6,1.1428571428571428,0.0,0.0,0.11606666666666667,optimal
2021-02-07 05:00:00,39,6,1.1428571428571428,0.0,0.0,0.0716,optimal
2021-02-07 05:30:00,39,6,1.1428571428571428,0.0,0.0,0.22426666666666667,optimal
2021-02-07 06:00:00,39,6,1.1428571428571428,0.0,0.0,0.10846666666666668,optimal
2021-02-07 06:30:00,39,6,1.1428571428571428,1.0837037037037036,0.0,0.2966333333333333,optimal
2021-02-07 07:00:00,39,6,1.1428571428571428,2.012592592592592,1.7076336144509696,0.2195,optimal
2021-02-07 07:30:00,39,6,0.0,0.5418518518518518,0.0,0.04,optimal
2021-02-07 08:00:00,39,6,0.0,0.1548148148148148,0.0,0.2672,optimal
2021-02-07 08:30:00,39,6,0.3906330413038997,0.0,0.0,0.107,optimal
2021-02-07 09:00:00,39,6,0.6955729670086902,0.0,0.0,0.14533333333333334,optimal
2021-02-07 09:30:00,39,6,0.6814099615388267,0.0,0.0,0.19506666666666664,optimal
2021-02-07 10:00:00,39,6,0.6447920138884514,0.0,0.0,0.060533333333333335,optimal
2021-02-07 10:30:00,39,6,0.6230894533996113,0.0,0.0,0.14383333333333334,optimal
2021-02-07 11:00:00,39,6,0.5174269391822965,0.0,0.0,0.1807,optimal
2021-02-07 11:30:00,39,6,0.5275317010870628,0.0,0.0,0.153,optimal
2021-02-07 12:00:00,39,6,0.4197427505824532,0.0,0.0,0.1974,optimal
2021-02-07 12:30:00,39,6,0.410904655344363,0.1548148148148148,0.0,0.14766666666666667,optimal
2021-02-07 13:00:00,39,6,1.1428571428571428,0.0,0.0,0.28426666666666667,optimal
2021-02-07 13:30:00,39,6,1.1428571428571428,0.0,0.0,0.2546333333333333,optimal
2021-02-07 14:00:00,39,6,1.1428571428571428,0.0774074074074074,0.0,0.22936666666666666,optimal
2021-02-07 14:30:00,39,6,1.1428571428571428,0.0,0.0,0.3121666666666667,optimal
2021-02-07 15:00:00,39,6,1.1428571428571428,0.0,0.0,0.1281,optimal
2021-02-07 15:30:00,39,6,1.1428571428571428,0.0774074074074074,0.0,0.10653333333333331,optimal
2021-02-07 16:00:00,39,6,0.0,0.23222222222222222,0.0,0.6629333333333333,optimal
2021-02-07 16:30:00,39,6,0.0,0.5418518518518518,0.0,0.3019,optimal
2021-02-07 17:00:00,39,6,0.0,0.0774074074074074,0.0,0.12656666666666666,optimal
2021-02-07 17:30:00,39,6,0.0,0.6966666666666667,0.0,0.3204666666666666,optimal
2021-02-07 18:00:00,39,6,0.0,0.5062444444444444,0.0,0.17,optimal
2021-02-07 18:30:00,39,6,0.0,0.8870888888888889,0.0,0.316,optimal
2021-02-07 19:00:00,39,6,0.0,0.387037037037037,0.0,0.4013333333333333,optimal
2021-02-07 19:30:00,39,6,0.0,0.0,0.0,0.46986666666666665,optimal
2021-02-07 20:00:00,39,6,0.13077840955352024,0.0,0.0,0.1698,optimal
2021-02-07 20:30:00,39,6,0.0,0.0,0.0,0.21563333333333332,optimal
2021-02-07 21:00:00,39,6,0.0,0.1548148148148148,0.0,0.08073333333333334,optimal
2021-02-07 21:30:00,39,6,0.0,0.1548148148148148,0.0,0.33943333333333336,optimal
2021-02-07 22:00:00,39,6,0.0,0.0,0.0,0.085,optimal
2021-02-07 22:30:00,39,6,0.0,0.0,0.0,0.21366666666666662,optimal
2021-02-07 23:00:00,39,6,0.0,0.1548148148148148,0.0,0.16006666666666666,optimal
2021-02-07 23:30:00,39,6,0.0,0.0,0.0,0.12763333333333335,optimal
2021-02-08 00:00:00,39,6,0.0,0.0,0.0,0.045,optimal
2021-02-08 00:30:00,39,6,0.0,0.0,0.0,0.045,optimal
2021-02-08 01:00:00,39,6,0.0,0.0,0.0,0.07353333333333333,optimal
2021-02-08 01:30:00,39,6,0.28890284064864036,0.0,0.0,0.08066666666666668,optimal
2021-02-08 02:00:00,39,6,1.1428571428571428,0.0,0.0,0.045,optimal
2021-02-08 02:30:00,39,6,1.1428571428571428,0.0,0.0,0.1092,optimal
2021-02-08 03:00:00,39,6,1.1428571428571428,0.0,0.0,0.045,optimal
2021-02-08 03:30:00,39,6,1.1428571428571428,0.0,0.0,0.045,optimal
2021-02-08 04:00:00,39,6,1.1428571428571428,0.0,0.0,0.07353333333333333,optimal
2021-02-08 04:30:00,39,6,1.1428571428571428,0.0,0.0,0.08066666666666668,optimal
2021-02-08 05:00:00,39,6,1.1428571428571428,0.0,0.0,0.045,optimal
2021-02-08 05:30:00,39,6,1.1428571428571428,0.0,1.3118952474080234,0.1092,optimal
2021-02-08 06:00:00,39,6,1.1428571428571428,0.0,5.0,0.05493333333333333,optimal
2021-02-08 06:30:00,39,6,1.1428571428571428,0.46444444444444444,5.0,0.0873,optimal
2021-02-08 07:00:00,39,6,1.1428571428571428,0.3096296296296296,0.0,0.0883,optimal
2021-02-08 07:30:00,39,6,1.1428571428571428,0.0,0.0,1.4557,optimal
2021-02-08 08:00:00,39,6,0.696180674631565,3.447725925925926,0.0,0.16516666666666666,optimal
2021-02-08 08:30:00,39,6,0.6779685903332098,0.2678296296296296,0.0,1.561766666666667,optimal
2021-02-08 09:00:00,39,6,0.7054099781030928,0.0,0.0,0.17693333333333333,optimal
2021-02-08 09:30:00,39,6,0.7091685807411168,0.0,0.0,0.14126666666666668,optimal
2021-02-08 10:00:00,39,6,0.5334808311517454,0.0,0.0,0.2266,optimal
2021-02-08 10:30:00,39,6,0.5565355618470552,0.0,0.0,0.1925,optimal
2021-02-08 11:00:00,39,6,0.3724074077321716,0.0,0.0,0.1192,optimal
2021-02-08 11:30:00,39,6,0.3864623491734002,0.0,0.0,0.055,optimal
2021-02-08 12:00:00,39,6,0.32500318060467753,0.0,0.0,0.05856666666666667,optimal
2021-02-08 12:30:00,39,6,0.30012258729665114,0.0,0.0,0.11563333333333334,optimal
2021-02-08 13:00:00,39,6,1.1428571428571428,0.0,0.0,0.09559999999999999,optimal
2021-02-08 13:30:00,39,6,1.1428571428571428,0.0,0.0,0.09713333333333334,optimal
2021-02-08 14:00:00,39,6,1.1428571428571428,0.0,0.0,0.07640000000000001,optimal
2021-02-08 14:30:00,39,6,1.1428571428571428,0.0,0.0,0.0871,optimal
2021-02-08 15:00:00,39,6,1.1428571428571428,0.0,0.0,0.08576666666666667,optimal
2021-02-08 15:30:00,39,6,1.1428571428571428,0.0774074074074074,0.0,0.14776666666666669,optimal
2021-02-08 16:00:00,39,6,0.0,0.1548148148148148,0.0,0.10996666666666668,optimal
2021-02-08 16:30:00,39,6,0.0,0.0,0.0,0.0803,optimal
2021-02-08 17:00:00,39,6,0.0,0.6192592592592592,0.0,0.2332333333333333,optimal
2021-02-08 17:30:00,39,6,0.0,0.0,0.0,0.22290000000000001,optimal
2021-02-08 18:00:00,39,6,0.0,0.387037037037037,0.0,0.29356666666666664,optimal
2021-02-08 18:30:00,39,6,0.0,0.387037037037037,0.0,0.3049,optimal
2021-02-08 19:00:00,39,6,0.0,0.5418518518518518,0.0,0.3451,optimal
2021-02-08 19:30:00,39,6,0.0,0.1548148148148148,0.0,0.3544333333333333,optimal
2021-02-08 20:00:00,39,6,0.31225664658285357,0.0,0.0,0.3063333333333333,optimal
2021-02-08 20:30:00,39,6,0.0,0.0,0.0,0.5675333333333333,optimal
2021-02-08 21:00:00,39,6,0.0,0.23222222222222222,0.0,0.6671,optimal
2021-02-08 21:30:00,39,6,0.0,0.0,0.0,0.3517,optimal
2021-02-08 22:00:00,39,6,0.0,0.0,0.0,0.3035,optimal
2021-02-08 22:30:00,39,6,0.0,0.0,0.0,0.1844333333333333,optimal
2021-02-08 23:00:00,39,6,0.0,0.0,0.0,0.055,optimal
2021-02-08 23:30:00,39,6,0.0,0.0,0.0,0.05066666666666666,optimal
2021-02-09 00:00:00,39,6,0.0,0.0,0.0,0.058333333333333334,optimal
2021-02-09 00:30:00,39,6,0.0,0.0,0.0,0.19073333333333328,optimal
2021-02-09 01:00:00,39,6,0.0,0.0,0.0,0.22619999999999998,optimal
2021-02-09 01:30:00,39,6,0.47985900486850186,0.0,0.0,0.2561333333333333,optimal
2021-02-09 02:00:00,39,6,1.1428571428571428,0.0,0.0,0.10033333333333332,optimal
2021-02-09 02:30:00,39,6,1.1428571428571428,0.0,0.0,0.3214666666666666,optimal
2021-02-09 03:00:00,39,6,1.1428571428571428,0.0,0.0,0.12386666666666667,optimal
2021-02-09 03:30:00,39,6,1.1428571428571428,0.0,0.0,0.2599666666666666,optimal
2021-02-09 04:00:00,39,6,1.1428571428571428,0.0,0.0,0.11843333333333333,optimal
2021-02-09 04:30:00,39,6,1.1428571428571428,0.0,0.0,0.14153333333333334,optimal
2021-02-09 05:00:00,39,6,1.1428571428571428,0.0,0.0,0.24280000000000002,optimal
2021-02-09 05:30:00,39,6,1.1428571428571428,0.0,0.0,0.15066666666666667,optimal
2021-02-09 06:00:00,39,6,1.1428571428571428,0.0,4.701346339275245,0.2277333333333333,optimal
2021-02-09 06:30:00,39,6,1.1428571428571428,0.1548148148148148,5.0,0.7170333333333333,optimal
2021-02-09 07:00:00,39,6,1.1428571428571428,0.0774074074074074,5.0,1.1090666666666666,optimal
2021-02-09 07:30:00,39,6,1.1428571428571428,0.0,0.0,0.138,optimal
2021-02-09 08:00:00,39,6,0.6992223921367673,0.0774074074074074,0.0,0.374,optimal
2021-02-09 08:30:00,39,6,0.6463848042985957,0.3096296296296296,0.0,0.23186666666666667,optimal
2021-02-09 09:00:00,39,6,0.4341157416971341,0.0774074074074074,0.0,0.37476666666666664,optimal
2021-02-09 09:30:00,39,6,0.18903104221127157,0.3096296296296296,0.0,2.6843000000000004,optimal
2021-02-09 10:00:00,39,6,0.35928763729262164,0.0,0.0,1.003,optimal
2021-02-09 10:30:00,39,6,0.42478880041948497,0.23222222222222222,0.0,0.3946,optimal
2021-02-09 11:00:00,39,6,0.317970860512979,0.0,0.0,0.268,optimal
2021-02-09 11:30:00,39,6,0.32298118837644935,0.0,0.0,0.30319999999999997,optimal
2021-02-09 12:00:00,39,6,0.18136520098194173,0.0,0.0,0.26156666666666667,optimal
2021-02-09 12:30:00,39,6,0.1703472540708642,0.23222222222222222,0.0,0.16063333333333332,optimal
2021-02-09 13:00:00,39,6,1.1428571428571428,0.1548148148148148,0.0,0.16723333333333332,optimal
2021-02-09 13:30:00,39,6,1.1428571428571428,0.0,0.0,0.20316666666666663,optimal
2021-02-09 14:00:00,39,6,1.1428571428571428,0.0,0.0,0.16519999999999999,optimal
2021-02-09 14:30:00,39,6,1.1428571428571428,0.0,0.0,0.20063333333333333,optimal
2021-02-09 15:00:00,39,6,1.1428571428571428,0.0,0.0,0.2817,optimal
2021-02-09 15:30:00,39,6,1.1428571428571428,0.0,0.0,0.09493333333333334,optimal
2021-02-09 16:00:00,39,6,0.0,0.0,0.0,0.13833333333333334,optimal
2021-02-09 16:30:00,39,6,0.0,0.0,0.0,0.21706666666666663,optimal
2021-02-09 17:00:00,39,6,0.0,0.0,0.0,0.24830000000000002,optimal
2021-02-09 17:30:00,39,6,0.0,0.0,0.0,0.0803,optimal
2021-02-09 18:00:00,39,6,0.0,0.0,0.0,0.1232,optimal
2021-02-09 18:30:00,39,6,0.0,0.0,0.0,0.2946666666666667,optimal
2021-02-09 19:00:00,39,6,0.0,0.0774074074074074,0.0,0.19136666666666668,optimal
2021-02-09 19:30:00,39,6,0.25286668578074645,2.7092592592592597,0.0,0.2729,optimal
2021-02-09 20:00:00,39,6,0.5713274337616356,0.0,0.0,0.3499333333333333,optimal
2021-02-09 20:30:00,39,6,0.0,0.0,0.0,0.208,optimal
2021-02-09 21:00:00,39,6,0.0,0.0774074074074074,0.0,0.1524,optimal
2021-02-09 21:30:00,39,6,0.0,0.0,0.0,0.46513333333333334,optimal
2021-02-09 22:00:00,39,6,0.0,0.0,0.0,0.20716666666666664,optimal
2021-02-09 22:30:00,39,6,0.0,0.1548148148148148,0.0,0.3970666666666667,optimal
2021-02-09 23:00:00,39,6,0.0,0.0,0.0,0.4174,optimal
2021-02-09 23:30:00,39,6,0.0,0.0,0.0,0.09936666666666666,optimal
2021-02-10 00:00:00,39,6,0.0,0.0,0.0,0.2169333333333333,optimal
2021-02-10 00:30:00,39,6,0.0,0.0,0.0,0.16266666666666665,optimal
2021-02-10 01:00:00,39,6,0.0,0.0,0.0,0.06,optimal
2021-02-10 01:30:00,39,6,0.7264010255248071,0.0,0.0,0.2169333333333333,optimal
2021-02-10 02:00:00,39,6,1.1428571428571428,0.0,0.0,0.10106666666666667,optimal
2021-02-10 02:30:00,39,6,1.1428571428571428,0.0,0.0,0.1216,optimal
2021-02-10 03:00:00,39,6,1.1428571428571428,0.0,0.0,0.1764,optimal
2021-02-10 03:30:00,39,6,1.1428571428571428,0.0,0.0,0.2032,optimal
2021-02-10 04:00:00,39,6,1.1428571428571428,0.0,0.0,0.06,optimal
2021-02-10 04:30:00,39,6,1.1428571428571428,0.0,0.0,0.24113333333333334,optimal
2021-02-10 05:00:00,39,6,1.1428571428571428,0.0,0.0,0.13846666666666668,optimal
2021-02-10 05:30:00,39,6,1.1428571428571428,0.0,4.10684015368775,0.0814,optimal
2021-02-10 06:00:00,39,6,1.1428571428571428,0.0,5.0,0.20086666666666667,optimal
2021-02-10 06:30:00,39,6,1.1428571428571428,0.0774074074074074,5.0,1.0136333333333332,optimal
2021-02-10 07:00:00,39,6,1.1428571428571428,0.0,5.0,1.9490333333333334,optimal
2021-02-10 07:30:00,39,6,1.1428571428571428,0.8514814814814814,0.0,2.523333333333333,optimal
2021-02-10 08:00:00,39,6,0.8615501529560959,0.0,0.0,0.06,optimal
2021-02-10 08:30:00,39,6,0.8436028929814031,0.0,0.0,0.0928,optimal
2021-02-10 09:00:00,39,6,0.6672940796534936,0.0,0.0,0.2868,optimal
2021-02-10 09:30:00,39,6,0.7235182482502244,0.0,0.0,0.06533333333333333,optimal
2021-02-10 10:00:00,39,6,0.3011384871924168,0.0,0.0,2.9149333333333334,optimal
2021-02-10 10:30:00,39,6,0.33927804221139424,0.0,0.0,1.7499666666666667,optimal
2021-02-10 11:00:00,39,6,0.39274301568100073,0.0,0.0,0.06513333333333333,optimal
2021-02-10 11:30:00,39,6,0.345083671407934,0.0,0.0,0.2169333333333333,optimal
2021-02-10 12:00:00,39,6,0.19365275068572277,0.0,0.0,0.16266666666666665,optimal
2021-02-10 12:30:00,39,6,0.2107575125904879,0.0,0.0,0.10679999999999999,optimal
2021-02-10 13:00:00,39,6,0.21748452136375787,0.0,0.0,0.1778,optimal
2021-02-10 13:30:00,39,6,0.31003157580707513,0.0,0.0,0.09593333333333334,optimal
2021-02-10 14:00:00,39,6,1.1428571428571428,0.0,0.0,0.1267333333333333,optimal
2021-02-10 14:30:00,39,6,1.1428571428571428,0.0,0.0,2.1700999999999997,optimal
2021-02-10 15:00:00,39,6,1.1428571428571428,0.0,0.0,0.3503,optimal
2021-02-10 15:30:00,39,6,1.1428571428571428,0.1548148148148148,0.0,0.8057333333333333,optimal
2021-02-10 16:00:00,39,6,0.0,0.1548148148148148,0.0,2.024133333333333,optimal
2021-02-10 16:30:00,39,6,0.0,0.23222222222222222,0.0,0.2595,optimal
2021-02-10 17:00:00,39,6,0.0,0.3096296296296296,0.0,0.5082,optimal
2021-02-10 17:30:00,39,6,0.0,0.23222222222222222,0.0,3.0942,optimal
2021-02-10 18:00:00,39,6,0.0,0.6192592592592592,0.0,2.607133333333333,optimal
2021-02-10 18:30:00,39,6,0.0,1.0837037037037036,0.0,3.4556999999999998,optimal
2021-02-10 19:00:00,39,6,0.0,0.0,0.0,0.42373333333333335,optimal
2021-02-10 19:30:00,39,6,0.0,0.6192592592592592,0.0,0.3290666666666667,optimal
2021-02-10 20:00:00,39,6,0.0,0.0,0.0,0.3594,optimal
2021-02-10 20:30:00,39,6,0.0,0.0,0.0,0.29983333333333334,optimal
2021-02-10 21:00:00,39,6,0.0,0.0774074074074074,0.0,2.403,optimal
2021-02-10 21:30:00,39,6,0.0,0.0,0.0,0.8274333333333332,optimal
2021-02-10 22:00:00,39,6,0.0,2.0899999999999994,0.0,1.6468333333333331,optimal
2021-02-10 22:30:00,39,6,0.0,0.0,0.0,3.2254333333333336,optimal
2021-02-10 23:00:00,39,6,0.0,7.895555555555555,0.0,0.8237666666666666,optimal
2021-02-10 23:30:00,39,6,0.0,0.0,0.0,1.5974000000000002,optimal
2021-02-11 00:00:00,39,6,0.4237811191296284,0.0,0.0,0.0632,optimal
2021-02-11 00:30:00,39,6,1.1428571428571428,0.0,0.0,0.121,optimal
2021-02-11 01:00:00,39,6,1.1428571428571428,0.0,0.0,0.058,optimal
2021-02-11 01:30:00,39,6,1.1428571428571428,0.0,0.0,0.121,optimal
2021-02-11 02:00:00,39,6,1.1428571428571428,0.0,0.0,0.058,optimal
2021-02-11 02:30:00,39,6,1.1428571428571428,0.0,0.0,0.058,optimal
2021-02-11 03:00:00,39,6,1.1428571428571428,0.0,0.0,0.0825,optimal
2021-02-11 03:30:00,39,6,1.1428571428571428,0.0,0.0,0.0965,optimal
2021-02-11 04:00:00,39,6,1.1428571428571428,0.0,1.6617980242200685,0.058,optimal
2021-02-11 04:30:00,39,6,1.1428571428571428,0.0,5.0,0.121,optimal
2021-02-11 05:00:00,39,6,1.1428571428571428,0.0,5.0,0.06,optimal
2021-02-11 05:30:00,39,6,1.1428571428571428,0.0,5.0,0.06566666666666666,optimal
2021-02-11 06:00:00,39,6,1.1428571428571428,0.0,5.0,0.1035,optimal
2021-02-11 06:30:00,39,6,1.1428571428571428,0.0,5.0,0.0795,optimal
2021-02-11 07:00:00,39,6,1.1428571428571428,0.6966666666666667,5.0,0.075,optimal
2021-02-11 07:30:00,39,6,1.1428571428571428,1.1611111111111108,0.0,0.13786666666666667,optimal
2021-02-11 08:00:00,39,6,0.7813912316682764,0.5418518518518518,0.0,0.07486666666666666,optimal
2021-02-11 08:30:00,39,6,0.7779145337921487,0.0,0.0,1.7888333333333333,optimal
2021-02-11 09:00:00,39,6,0.6693335456303545,0.0,0.0,2.869,optimal
2021-02-11 09:30:00,39,6,0.6712819841724126,0.0,0.0,1.3447666666666669,optimal
2021-02-11 10:00:00,39,6,0.4748983469789208,0.0,0.0,0.068,optimal
2021-02-11 10:30:00,39,6,0.4198639364268275,0.0,0.0,0.25266666666666665,optimal
2021-02-11 11:00:00,39,6,0.24745862441635563,0.1548148148148148,0.0,0.3075333333333334,optimal
2021-02-11 11:30:00,39,6,0.32573735189218395,0.0,0.0,0.068,optimal
2021-02-11 12:00:00,39,6,0.1638470271775714,0.0,0.0,0.068,optimal
2021-02-11 12:30:00,39,6,0.12397557511694329,0.0,0.0,0.11,optimal
2021-02-11 13:00:00,39,6,1.1428571428571428,0.0,0.0,0.089,optimal
2021-02-11 13:30:00,39,6,1.1428571428571428,0.0,0.0,0.131,optimal
2021-02-11 14:00:00,39,6,1.1428571428571428,0.0,0.0,0.068,optimal
2021-02-11 14:30:00,39,6,1.1428571428571428,0.0,0.0,0.22663333333333333,optimal
2021-02-11 15:00:00,39,6,1.1428571428571428,0.1548148148148148,0.0,0.15230000000000002,optimal
2021-02-11 15:30:00,39,6,1.1428571428571428,0.0,0.0,0.08186666666666666,optimal
2021-02-11 16:00:00,39,6,0.0,0.0,0.0,0.21559999999999999,optimal
2021-02-11 16:30:00,39,6,0.0,2.5544444444444445,0.0,1.3773666666666666,optimal
2021-02-11 17:00:00,39,6,0.0,0.5418518518518518,0.0,0.2685,optimal
2021-02-11 17:30:00,39,6,0.0,0.1548148148148148,0.0,0.34786666666666666,optimal
2021-02-11 18:00:00,39,6,0.0,0.46444444444444444,0.0,1.4757333333333331,optimal
2021-02-11 18:30:00,39,6,0.0,0.23222222222222222,0.0,0.4326333333333333,optimal
2021-02-11 19:00:00,39,6,0.0,0.0,0.0,0.30186666666666667,optimal
2021-02-11 19:30:00,39,6,0.0,0.23222222222222222,0.0,0.8794,optimal
2021-02-11 20:00:00,39,6,0.7022950371081834,0.0,0.0,0.8269666666666667,optimal
2021-02-11 20:30:00,39,6,0.0,0.0,0.0,0.299,optimal
2021-02-11 21:00:00,39,6,0.0,0.0,0.0,0.3460666666666667,optimal
2021-02-11 21:30:00,39,6,0.0,0.0,0.0,0.3731666666666667,optimal
2021-02-11 22:00:00,39,6,0.0,0.3096296296296296,0.0,0.37756666666666666,optimal
2021-02-11 22:30:00,39,6,0.0,0.0,0.0,0.47123333333333334,optimal
2021-02-11 23:00:00,39,6,0.0,0.0,0.0,0.1135,optimal
2021-02-11 23:30:00,39,6,0.0,0.0,0.0,0.0835,optimal
2021-02-12 00:00:00,39,6,1.1428571428571428,0.0,0.0,0.0809,optimal
2021-02-12 00:30:00,39,6,1.1428571428571428,0.0,0.0,0.095,optimal
2021-02-12 01:00:00,39,6,1.1428571428571428,0.0,0.0,0.044,optimal
2021-02-12 01:30:00,39,6,1.1428571428571428,0.0,0.0,0.046666666666666655,optimal
2021-02-12 02:00:00,39,6,1.1428571428571428,0.0,0.0,0.04866666666666666,optimal
2021-02-12 02:30:00,39,6,1.1428571428571428,0.0,0.0,0.044,optimal
2021-02-12 03:00:00,39,6,1.1428571428571428,0.0,0.0,0.044,optimal
2021-02-12 03:30:00,39,6,1.1428571428571428,0.0,0.0,0.044,optimal
2021-02-12 04:00:00,39,6,1.1428571428571428,0.0,0.0,0.044,optimal
2021-02-12 04:30:00,39,6,1.1428571428571428,0.0,1.0659575121672418,0.044,optimal
2021-02-12 05:00:00,39,6,1.1428571428571428,0.0,5.0,0.044,optimal
2021-02-12 05:30:00,39,6,1.1428571428571428,0.0,5.0,0.044,optimal
2021-02-12 06:00:00,39,6,1.1428571428571428,0.0,5.0,0.044,optimal
2021-02-12 06:30:00,39,6,1.1428571428571428,0.0,5.0,0.044,optimal
2021-02-12 07:00:00,39,6,1.1428571428571428,0.0,5.0,0.044,optimal
2021-02-12 07:30:00,39,6,1.1428571428571428,6.7266896456731535,0.0,1.895,optimal
2021-02-12 08:00:00,39,6,0.7407319343736098,0.23222222222222222,0.0,1.9253666666666662,optimal
2021-02-12 08:30:00,39,6,0.6774925276816456,0.0,0.0,2.6881999999999997,optimal
2021-02-12 09:00:00,39,6,0.5559217941837394,2.2448148148148146,0.0,2.9086666666666665,optimal
2021-02-12 09:30:00,39,6,0.47793431541443165,0.6966666666666667,0.0,1.8830666666666664,optimal
2021-02-12 10:00:00,39,6,0.21344978633101103,0.1548148148148148,0.0,0.6958,optimal
2021-02-12 10:30:00,39,6,0.08550574257209312,0.0,0.0,4.812666666666667,optimal
2021-02-12 11:00:00,39,6,0.0,0.23222222222222222,0.0,2.4280999999999997,optimal
2021-02-12 11:30:00,39,6,0.03896130095013792,0.3096296296296296,0.0,0.179,optimal
2021-02-12 12:00:00,39,6,0.0,0.0,0.0,0.3087,optimal
2021-02-12 12:30:00,39,6,0.0,0.0,0.0,0.7007666666666666,optimal
2021-02-12 13:00:00,39,6,0.0,0.0,0.0,1.3824,optimal
2021-02-12 13:30:00,39,6,0.0,0.0774074074074074,0.0,1.3456,optimal
2021-02-12 14:00:00,39,6,0.9834541232496219,0.6192592592592592,0.0,1.3456,optimal
2021-02-12 14:30:00,39,6,1.1428571428571428,0.6966666666666667,0.0,0.3676333333333333,optimal
2021-02-12 15:00:00,39,6,1.1428571428571428,0.23222222222222222,0.0,4.8466000000000005,optimal
2021-02-12 15:30:00,39,6,1.1428571428571428,0.0774074074074074,0.0,2.7075666666666667,optimal
2021-02-12 16:00:00,39,6,0.0,0.0,0.0,0.48936666666666667,optimal
2021-02-12 16:30:00,39,6,0.0,0.6966666666666667,0.0,0.31539999999999996,optimal
2021-02-12 17:00:00,39,6,0.0,0.46444444444444444,0.0,0.4198,optimal
2021-02-12 17:30:00,39,6,0.0,0.0,0.0,2.6260666666666665,optimal
2021-02-12 18:00:00,39,6,0.0,0.0,0.0,1.3934666666666666,optimal
2021-02-12 18:30:00,39,6,0.0,0.0,0.0,1.1342,optimal
2021-02-12 19:00:00,39,6,0.0,0.23222222222222222,0.0,0.08693333333333333,optimal
2021-02-12 19:30:00,39,6,0.0,0.387037037037037,0.0,0.1,optimal
2021-02-12 20:00:00,39,6,0.0,0.0,0.0,0.17293333333333333,optimal
2021-02-12 20:30:00,39,6,0.0,0.0,0.0,2.2075666666666667,optimal
2021-02-12 21:00:00,39,6,0.0,0.6192592592592592,0.0,2.3828,optimal
2021-02-12 21:30:00,39,6,0.0,0.1548148148148148,0.0,1.2689000000000001,optimal
2021-02-12 22:00:00,39,6,0.0,0.0,0.0,1.2878,optimal
2021-02-12 22:30:00,39,6,0.0,0.1548148148148148,0.0,1.1196,optimal
2021-02-12 23:00:00,39,6,0.0,0.0,0.0,1.5450666666666666,optimal
2021-02-12 23:30:00,39,6,0.0,0.0,0.0,0.054,optimal
2021-02-13 00:00:00,39,6,0.0,0.387037037037037,0.0,0.097,optimal
2021-02-13 00:30:00,39,6,0.0,0.0,0.0,0.06,optimal
2021-02-13 01:00:00,39,6,0.6300129999927955,0.0,0.0,0.06,optimal
2021-02-13 01:30:00,39,6,1.1428571428571428,0.0,0.0,0.06,optimal
2021-02-13 02:00:00,39,6,1.1428571428571428,0.0,0.0,0.06,optimal
2021-02-13 02:30:00,39,6,1.1428571428571428,0.0,0.0,0.06,optimal
2021-02-13 03:00:00,39,6,1.1428571428571428,0.0,0.0,0.06,optimal
2021-02-13 03:30:00,39,6,1.1428571428571428,0.0,0.0,0.06,optimal
2021-02-13 04:00:00,39,6,1.1428571428571428,0.0,0.0,0.06,optimal
2021-02-13 04:30:00,39,6,1.1428571428571428,0.0,0.0,0.06,optimal
2021-02-13 05:00:00,39,6,1.1428571428571428,0.0,0.0,0.06,optimal
2021-02-13 05:30:00,39,6,1.1428571428571428,0.0,0.4031532613885696,0.06,optimal
2021-02-13 06:00:00,39,6,1.1428571428571428,0.0,5.0,0.06,optimal
2021-02-13 06:30:00,39,6,1.1428571428571428,0.0,5.0,0.06,optimal
2021-02-13 07:00:00,39,6,1.1428571428571428,0.46444444444444444,5.0,0.8228666666666666,optimal
2021-02-13 07:30:00,39,6,1.1428571428571428,0.387037037037037,0.0,1.1043,optimal
2021-02-13 08:00:00,39,6,0.6054388037374809,0.46444444444444444,0.0,0.5336333333333333,optimal
2021-02-13 08:30:00,39,6,0.7278319887438073,0.3096296296296296,0.0,0.2176,optimal
2021-02-13 09:00:00,39,6,0.6333430378695646,0.3096296296296296,0.0,1.2290999999999999,optimal
2021-02-13 09:30:00,39,6,0.725833724805951,0.1548148148148148,0.0,0.05866666666666666,optimal
2021-02-13 10:00:00,39,6,0.581547333681261,0.0,0.0,0.06866666666666667,optimal
2021-02-13 10:30:00,39,6,0.579403375830441,0.0,0.0,0.06266666666666666,optimal
2021-02-13 11:00:00,39,6,0.36814086050419376,0.0,0.0,0.06,optimal
2021-02-13 11:30:00,39,6,0.3659969026533737,0.0,0.0,0.06,optimal
2021-02-13 12:00:00,39,6,0.27865649546071347,0.0,0.0,0.06,optimal
2021-02-13 12:30:00,39,6,0.274368579759085,0.0,0.0,0.062,optimal
2021-02-13 13:00:00,39,6,1.1428571428571428,0.0,0.0,0.06766666666666667,optimal
2021-02-13 13:30:00,39,6,1.1428571428571428,0.0,0.0,0.16083333333333336,optimal
2021-02-13 14:00:00,39,6,1.1428571428571428,0.3096296296296296,0.0,0.0765,optimal
2021-02-13 14:30:00,39,6,1.1428571428571428,0.0,0.0,0.06,optimal
2021-02-13 15:00:00,39,6,1.1428571428571428,0.0,0.0,0.06933333333333333,optimal
2021-02-13 15:30:00,39,6,1.1428571428571428,0.0,0.0,0.064,optimal
2021-02-13 16:00:00,39,6,0.0,0.387037037037037,0.0,0.118,optimal
2021-02-13 16:30:00,39,6,0.0,0.6192592592592592,0.0,1.997766666666667,optimal
2021-02-13 17:00:00,39,6,0.0,0.1548148148148148,0.0,2.6980999999999997,optimal
2021-02-13 17:30:00,39,6,0.0,0.0,0.0,1.6225666666666667,optimal
2021-02-13 18:00:00,39,6,0.0,0.46444444444444444,0.0,0.6850666666666667,optimal
2021-02-13 18:30:00,39,6,0.0,0.6192592592592592,0.0,1.5162,optimal
2021-02-13 19:00:00,39,6,0.0,3.3285185185185178,0.0,2.3061666666666665,optimal
2021-02-13 19:30:00,39,6,0.0,0.0,0.0,1.4951666666666668,optimal
2021-02-13 20:00:00,39,6,0.28834060459769223,0.387037037037037,0.0,0.47436666666666666,optimal
2021-02-13 20:30:00,39,6,0.0,0.0,0.0,0.6242000000000001,optimal
2021-02-13 21:00:00,39,6,0.0,0.23222222222222222,0.0,1.8972666666666669,optimal
2021-02-13 21:30:00,39,6,0.0,0.0,0.0,0.2778333333333333,optimal
2021-02-13 22:00:00,39,6,0.0,0.0,0.0,0.2463333333333333,optimal
2021-02-13 22:30:00,39,6,0.0,0.0774074074074074,0.0,1.3758666666666666,optimal
2021-02-13 23:00:00,39,6,0.0,0.0,0.0,0.07,optimal
2021-02-13 23:30:00,39,6,0.0,0.0,0.0,0.07,optimal
2021-02-07 00:00:00,40,6,0.0,0.0,0.0,0.0928,optimal
2021-02-07 00:30:00,40,6,0.0,0.0,0.0,0.10506666666666667,optimal
2021-02-07 01:00:00,40,6,0.0,0.0,0.0,0.056,optimal
2021-02-07 01:30:00,40,6,0.0,0.0,0.0,0.2641,optimal
2021-02-07 02:00:00,40,6,0.0,0.0,0.0,0.07529999999999999,optimal
2021-02-07 02:30:00,40,6,0.0,0.0,0.0,0.10506666666666667,optimal
2021-02-07 03:00:00,40,6,0.0,0.0,0.0,0.0928,optimal
2021-02-07 03:30:00,40,6,0.0,0.0,0.0,0.14606666666666665,optimal
2021-02-07 04:00:00,40,6,1.1428571428571428,0.0,0.0,0.11973333333333332,optimal
2021-02-07 04:30:00,40,6,1.1428571428571428,0.0,0.0,0.1296,optimal
2021-02-07 05:00:00,40,6,1.1428571428571428,0.0,0.0,0.16536666666666666,optimal
2021-02-07 05:30:00,40,6,1.1428571428571428,0.0,0.0,0.17403333333333332,optimal
2021-02-07 06:00:00,40,6,1.1428571428571428,0.0,0.0,0.056,optimal
2021-02-07 06:30:00,40,6,1.1428571428571428,0.0,0.0,0.21363333333333331,optimal
2021-02-07 07:00:00,40,6,1.1428571428571428,0.46444444444444444,1.5052247886819266,0.13443333333333335,optimal
2021-02-07 07:30:00,40,6,0.0,0.46444444444444444,0.0,0.054,optimal
2021-02-07 08:00:00,40,6,0.0,0.0,0.0,0.1973,optimal
2021-02-07 08:30:00,40,6,0.5589688356059497,0.0,0.0,0.22590000000000002,optimal
2021-02-07 09:00:00,40,6,0.5434682051039306,0.23222222222222222,0.0,0.09090000000000001,optimal
2021-02-07 09:30:00,40,6,0.4231147234435836,0.23222222222222222,0.0,0.4088,optimal
2021-02-07 10:00:00,40,6,0.4020682043646477,3.563837037037037,0.0,0.07523333333333333,optimal
2021-02-07 10:30:00,40,6,0.43887040578056574,2.6287555555555566,0.0,0.16816666666666666,optimal
2021-02-07 11:00:00,40,6,0.3386936058489645,0.0,0.0,0.25606666666666666,optimal
2021-02-07 11:30:00,40,6,0.4125983677537269,0.0,0.0,0.0994,optimal
2021-02-07 12:00:00,40,6,0.2780951315348389,0.0,0.0,0.34096666666666664,optimal
2021-02-07 12:30:00,40,6,0.3399522743919737,0.5418518518518518,0.0,0.2542,optimal
2021-02-07 13:00:00,40,6,0.48220856655401423,0.387037037037037,0.0,0.2454333333333333,optimal
2021-02-07 13:30:00,40,6,0.9539955280860526,0.0,0.0,0.15830000000000002,optimal
2021-02-07 14:00:00,40,6,1.1428571428571428,0.0,0.0,0.15606666666666666,optimal
2021-02-07 14:30:00,40,6,1.1428571428571428,0.0,0.0,0.1297333333333333,optimal
2021-02-07 15:00:00,40,6,1.1428571428571428,0.0,0.0,0.3633,optimal
2021-02-07 15:30:00,40,6,1.1428571428571428,0.23222222222222222,0.0,0.41503333333333337,optimal
2021-02-07 16:00:00,40,6,0.0,0.23222222222222222,0.0,0.2437666666666667,optimal
2021-02-07 16:30:00,40,6,0.0,0.8514814814814814,0.0,0.3318666666666667,optimal
2021-02-07 17:00:00,40,6,0.0,0.0774074074074074,0.0,0.5059666666666666,optimal
2021-02-07 17:30:00,40,6,0.0,0.23222222222222222,0.0,0.3653666666666667,optimal
2021-02-07 18:00:00,40,6,0.0,0.387037037037037,0.0,0.35983333333333334,optimal
2021-02-07 18:30:00,40,6,0.0,2.7092592592592597,0.0,0.5702999999999999,optimal
2021-02-07 19:00:00,40,6,0.0,2.3222222222222215,0.0,0.37026666666666663,optimal
2021-02-07 19:30:00,40,6,0.0,0.0,0.0,1.2546666666666668,optimal
2021-02-07 20:00:00,40,6,0.0,1.433585185185185,0.0,0.7562333333333333,optimal
2021-02-07 20:30:00,40,6,0.0,0.7338222222222224,0.0,0.3502,optimal
2021-02-07 21:00:00,40,6,0.0,0.1548148148148148,0.0,0.5919333333333333,optimal
2021-02-07 21:30:00,40,6,0.0,0.1548148148148148,0.0,0.36223333333333335,optimal
2021-02-07 22:00:00,40,6,0.0,0.0,0.0,0.1423,optimal
2021-02-07 22:30:00,40,6,0.0,0.0,0.0,0.2171,optimal
2021-02-07 23:00:00,40,6,0.0,0.0,0.0,0.066,optimal
2021-02-07 23:30:00,40,6,0.0,0.0,0.0,0.1879,optimal
2021-02-08 00:00:00,40,6,0.0,0.0,0.0,0.15280000000000002,optimal
2021-02-08 00:30:00,40,6,0.0,0.0,0.0,0.059,optimal
2021-02-08 01:00:00,40,6,0.0,0.0,0.0,0.15280000000000002,optimal
2021-02-08 01:30:00,40,6,0.3225404525403659,0.0,0.0,0.059,optimal
2021-02-08 02:00:00,40,6,1.1428571428571428,0.0,0.0,0.059,optimal
2021-02-08 02:30:00,40,6,1.1428571428571428,0.0,0.0,0.15280000000000002,optimal
2021-02-08 03:00:00,40,6,1.1428571428571428,0.0,0.0,0.059,optimal
2021-02-08 03:30:00,40,6,1.1428571428571428,0.0,0.0,0.059,optimal
2021-02-08 04:00:00,40,6,1.1428571428571428,0.0,0.0,0.15280000000000002,optimal
2021-02-08 04:30:00,40,6,1.1428571428571428,0.0,0.0,0.059,optimal
2021-02-08 05:00:00,40,6,1.1428571428571428,0.0,1.6520556342358885,0.059,optimal
2021-02-08 05:30:00,40,6,1.1428571428571428,0.0,5.0,0.15280000000000002,optimal
2021-02-08 06:00:00,40,6,1.1428571428571428,0.0,5.0,0.059,optimal
2021-02-08 06:30:00,40,6,1.1428571428571428,0.0,5.0,0.059,optimal
2021-02-08 07:00:00,40,6,1.1428571428571428,0.0,5.0,0.0694,optimal
2021-02-08 07:30:00,40,6,1.1428571428571428,0.0,0.0,0.182,optimal
2021-02-08 08:00:00,40,6,0.6004006746315736,0.0,0.0,0.2743,optimal
2021-02-08 08:30:00,40,6,0.5324600189046281,0.6966666666666667,0.0,1.5833333333333333,optimal
2021-02-08 09:00:00,40,6,0.5562385495316658,0.6192592592592592,0.0,0.24763333333333332,optimal
2021-02-08 09:30:00,40,6,0.5540828664554,0.23222222222222222,0.0,0.32180000000000003,optimal
2021-02-08 10:00:00,40,6,0.4513322597231662,0.3096296296296296,0.0,0.12423333333333332,optimal
2021-02-08 10:30:00,40,6,0.39272603803752665,0.3096296296296296,0.0,0.2993,optimal
2021-02-08 11:00:00,40,6,0.222321693446459,0.0,0.0,0.3192,optimal
2021-02-08 11:30:00,40,6,0.25651949203054336,0.3096296296296296,0.0,0.297,optimal
2021-02-08 12:00:00,40,6,0.15692699012848665,0.0,0.0,0.4508666666666667,optimal
2021-02-08 12:30:00,40,6,0.17057973015378616,0.23222222222222222,0.0,0.3867333333333334,optimal
2021-02-08 13:00:00,40,6,1.1428571428571428,0.6966666666666667,0.0,0.3352,optimal
2021-02-08 13:30:00,40,6,1.1428571428571428,0.1548148148148148,0.0,0.3445666666666667,optimal
2021-02-08 14:00:00,40,6,1.1428571428571428,0.0,0.0,0.284,optimal
2021-02-08 14:30:00,40,6,1.1428571428571428,0.0,0.0,0.3778,optimal
2021-02-08 15:00:00,40,6,1.1428571428571428,0.0,0.0,0.284,optimal
2021-02-08 15:30:00,40,6,1.1428571428571428,0.1548148148148148,0.0,0.173,optimal
2021-02-08 16:00:00,40,6,0.0,0.6966666666666667,0.0,0.4696,optimal
2021-02-08 16:30:00,40,6,0.0,0.0,0.0,0.4943333333333333,optimal
2021-02-08 17:00:00,40,6,0.0,0.387037037037037,0.0,0.2402,optimal
2021-02-08 17:30:00,40,6,0.0,0.0774074074074074,0.0,0.19403333333333334,optimal
2021-02-08 18:00:00,40,6,0.0,0.0,0.0,0.19540000000000002,optimal
2021-02-08 18:30:00,40,6,0.0,0.0,0.0,0.43806666666666666,optimal
2021-02-08 19:00:00,40,6,0.0,0.0,0.0,0.18469999999999998,optimal
2021-02-08 19:30:00,40,6,0.0,0.0,0.0,0.11243333333333334,optimal
2021-02-08 20:00:00,40,6,0.08270939091913025,2.631851851851852,0.0,0.3223333333333333,optimal
2021-02-08 20:30:00,40,6,0.0,0.0774074074074074,0.0,0.396,optimal
2021-02-08 21:00:00,40,6,0.0,0.0,0.0,0.4496,optimal
2021-02-08 21:30:00,40,6,0.0,0.0,0.0,0.42273333333333335,optimal
2021-02-08 22:00:00,40,6,0.0,0.3096296296296296,0.0,0.30056666666666665,optimal
2021-02-08 22:30:00,40,6,0.0,0.387037037037037,0.0,0.4756,optimal
2021-02-08 23:00:00,40,6,0.0,0.0,0.0,0.3045,optimal
2021-02-08 23:30:00,40,6,0.0,0.0,0.0,0.32253333333333334,optimal
2021-02-09 00:00:00,40,6,0.0,0.0,0.0,0.049,optimal
2021-02-09 00:30:00,40,6,0.0,0.0,0.0,0.049,optimal
2021-02-09 01:00:00,40,6,0.0061400904634946315,0.0,0.0,0.13766666666666666,optimal
2021-02-09 01:30:00,40,6,1.1428571428571428,0.0,0.0,0.049,optimal
2021-02-09 02:00:00,40,6,1.1428571428571428,0.0,0.0,0.13766666666666666,optimal
2021-02-09 02:30:00,40,6,1.1428571428571428,0.0,0.0,0.049,optimal
2021-02-09 03:00:00,40,6,1.1428571428571428,0.0,0.0,0.049,optimal
2021-02-09 03:30:00,40,6,1.1428571428571428,0.0,0.0,0.13766666666666666,optimal
2021-02-09 04:00:00,40,6,1.1428571428571428,0.0,0.0,0.049,optimal
2021-02-09 04:30:00,40,6,1.1428571428571428,0.0,0.0,0.049,optimal
2021-02-09 05:00:00,40,6,1.1428571428571428,0.0,0.0,0.13766666666666666,optimal
2021-02-09 05:30:00,40,6,1.1428571428571428,0.0,0.0,0.052333333333333336,optimal
2021-02-09 06:00:00,40,6,1.1428571428571428,0.0774074074074074,3.3369696822674655,0.13033333333333336,optimal
2021-02-09 06:30:00,40,6,1.1428571428571428,0.46444444444444444,5.0,0.10486666666666666,optimal
2021-02-09 07:00:00,40,6,1.1428571428571428,0.6192592592592592,5.0,0.047,optimal
2021-02-09 07:30:00,40,6,1.1428571428571428,0.1548148148148148,0.0,0.26166666666666666,optimal
2021-02-09 08:00:00,40,6,0.3382509635653322,0.0,0.0,2.077266666666667,optimal
2021-02-09 08:30:00,40,6,0.500264804298597,2.0899999999999994,0.0,1.401,optimal
2021-02-09 09:00:00,40,6,0.62962240836379,0.0,0.0,0.14566666666666667,optimal
2021-02-09 09:30:00,40,6,0.6408348517350845,0.23222222222222222,0.0,0.057,optimal
2021-02-09 10:00:00,40,6,0.4365752563402302,0.0,0.0,0.06333333333333334,optimal
2021-02-09 10:30:00,40,6,0.4077983242290099,0.0,0.0,0.13933333333333334,optimal
2021-02-09 11:00:00,40,6,0.11858609860821218,0.0,0.0,0.5679666666666667,optimal
2021-02-09 11:30:00,40,6,0.3285849979002588,0.0,0.0,0.14766666666666667,optimal
2021-02-09 12:00:00,40,6,0.23946996288670788,0.0,0.0,0.059,optimal
2021-02-09 12:30:00,40,6,0.2416139207375279,0.0,0.0,0.059,optimal
2021-02-09 13:00:00,40,6,1.1428571428571428,0.0,0.0,0.14766666666666667,optimal
2021-02-09 13:30:00,40,6,1.1428571428571428,0.0,0.0,0.059,optimal
2021-02-09 14:00:00,40,6,1.1428571428571428,0.0,0.0,0.10333333333333332,optimal
2021-02-09 14:30:00,40,6,1.1428571428571428,0.0,0.0,0.10333333333333332,optimal
2021-02-09 15:00:00,40,6,1.1428571428571428,0.0,0.0,0.059,optimal
2021-02-09 15:30:00,40,6,1.1428571428571428,0.0,0.0,0.14766666666666667,optimal
2021-02-09 16:00:00,40,6,0.0,0.0,0.0,0.059,optimal
2021-02-09 16:30:00,40,6,0.0,0.0,0.0,0.07166666666666667,optimal
2021-02-09 17:00:00,40,6,0.0,0.0,0.0,0.135,optimal
2021-02-09 17:30:00,40,6,0.0,0.0,0.0,0.576,optimal
2021-02-09 18:00:00,40,6,0.0,2.631851851851852,0.0,0.12893333333333334,optimal
2021-02-09 18:30:00,40,6,0.0,0.23222222222222222,0.0,0.3413333333333333,optimal
2021-02-09 19:00:00,40,6,0.0,0.3096296296296296,0.0,0.15669999999999998,optimal
2021-02-09 19:30:00,40,6,0.0,0.0774074074074074,0.0,2.0680666666666667,optimal
2021-02-09 20:00:00,40,6,0.34411141177655336,0.0,0.0,0.26463333333333333,optimal
2021-02-09 20:30:00,40,6,0.0,2.4770370370370367,0.0,0.32639999999999997,optimal
2021-02-09 21:00:00,40,6,0.0,0.0,0.0,0.38473333333333337,optimal
2021-02-09 21:30:00,40,6,0.0,0.0774074074074074,0.0,0.3206333333333333,optimal
2021-02-09 22:00:00,40,6,0.0,0.1548148148148148,0.0,0.20726666666666668,optimal
2021-02-09 22:30:00,40,6,0.0,0.0,0.0,0.4046666666666667,optimal
2021-02-09 23:00:00,40,6,0.0,0.0,0.0,1.2352,optimal
2021-02-09 23:30:00,40,6,0.0,1.7803703703703702,0.0,0.27566666666666667,optimal
2021-02-10 00:00:00,40,6,0.0,0.0,0.0,0.055,optimal
2021-02-10 00:30:00,40,6,0.0,0.0,0.0,0.055,optimal
2021-02-10 01:00:00,40,6,0.4882784518005077,0.0,0.0,0.159,optimal
2021-02-10 01:30:00,40,6,1.1428571428571428,0.0,0.0,0.055,optimal
2021-02-10 02:00:00,40,6,1.1428571428571428,0.0,0.0,0.1278,optimal
2021-02-10 02:30:00,40,6,1.1428571428571428,0.0,0.0,0.0862,optimal
2021-02-10 03:00:00,40,6,1.1428571428571428,0.0,0.0,0.055,optimal
2021-02-10 03:30:00,40,6,1.1428571428571428,0.0,0.0,0.15380000000000002,optimal
2021-02-10 04:00:00,40,6,1.1428571428571428,0.0,0.0,0.060200000000000004,optimal
2021-02-10 04:30:00,40,6,1.1428571428571428,0.0,0.0,0.055,optimal
2021-02-10 05:00:00,40,6,1.1428571428571428,0.0,1.1535921393795427,0.055,optimal
2021-02-10 05:30:00,40,6,1.1428571428571428,0.0,5.0,0.06066666666666666,optimal
2021-02-10 06:00:00,40,6,1.1428571428571428,0.0,5.0,0.1348,optimal
2021-02-10 06:30:00,40,6,1.1428571428571428,0.0,5.0,0.0862,optimal
2021-02-10 07:00:00,40,6,1.1428571428571428,0.23222222222222222,5.0,0.05433333333333334,optimal
2021-02-10 07:30:00,40,6,1.1428571428571428,0.0,0.0,0.32343333333333335,optimal
2021-02-10 08:00:00,40,6,0.5796025339084835,0.46444444444444444,0.0,1.1597,optimal
2021-02-10 08:30:00,40,6,0.5321600358385392,5.882962962962964,0.0,1.2889666666666666,optimal
2021-02-10 09:00:00,40,6,0.3967559844154046,1.1611111111111108,0.0,1.2835,optimal
2021-02-10 09:30:00,40,6,0.35547062920260486,0.1548148148148148,0.0,0.5774333333333332,optimal
2021-02-10 10:00:00,40,6,0.2567937252876506,2.0899999999999994,0.0,1.1545999999999998,optimal
2021-02-10 10:30:00,40,6,0.22620470887805927,2.0899999999999994,0.0,0.5461,optimal
2021-02-10 11:00:00,40,6,0.21160968234767055,0.387037037037037,0.0,0.3188333333333333,optimal
2021-02-10 11:30:00,40,6,0.19499605236031262,0.3096296296296296,0.0,0.44339999999999996,optimal
2021-02-10 12:00:00,40,6,0.07968132211429715,0.0,0.0,0.27596666666666664,optimal
2021-02-10 12:30:00,40,6,0.11514798878095987,0.3096296296296296,0.0,0.15183333333333335,optimal
2021-02-10 13:00:00,40,6,0.1232083308875713,0.6966666666666667,0.0,0.2098333333333333,optimal
2021-02-10 13:30:00,40,6,0.47072594320750527,0.0,0.0,0.46543333333333325,optimal
2021-02-10 14:00:00,40,6,1.1428571428571428,0.3096296296296296,0.0,0.21186666666666668,optimal
2021-02-10 14:30:00,40,6,1.1428571428571428,0.0,0.0,0.21406666666666663,optimal
2021-02-10 15:00:00,40,6,1.1428571428571428,0.46444444444444444,0.0,0.6831666666666666,optimal
2021-02-10 15:30:00,40,6,1.1428571428571428,0.5418518518518518,0.0,1.2173333333333332,optimal
2021-02-10 16:00:00,40,6,0.0,0.0,0.0,0.6618666666666667,optimal
2021-02-10 16:30:00,40,6,0.0,0.0,0.0,0.20286666666666667,optimal
2021-02-10 17:00:00,40,6,0.0,0.0774074074074074,0.0,0.10303333333333332,optimal
2021-02-10 17:30:00,40,6,0.0,0.1548148148148148,0.0,0.5307000000000001,optimal
2021-02-10 18:00:00,40,6,0.0,0.0,0.0,0.2341,optimal
2021-02-10 18:30:00,40,6,0.0,0.1548148148148148,0.0,0.26696666666666663,optimal
2021-02-10 19:00:00,40,6,0.0,1.8577777777777778,0.0,0.5609333333333333,optimal
2021-02-10 19:30:00,40,6,0.0,0.0,0.0,0.6070666666666668,optimal
2021-02-10 20:00:00,40,6,0.0,0.0,0.0,0.9968666666666668,optimal
2021-02-10 20:30:00,40,6,0.0,0.1548148148148148,0.0,0.4781,optimal
2021-02-10 21:00:00,40,6,0.0,0.0,0.0,0.5356666666666666,optimal
2021-02-10 21:30:00,40,6,0.0,0.387037037037037,0.0,0.34353333333333336,optimal
2021-02-10 22:00:00,40,6,0.0,0.0,0.0,0.1118,optimal
2021-02-10 22:30:00,40,6,0.0,0.0,0.0,0.1222,optimal
2021-02-10 23:00:00,40,6,0.0,0.0,0.0,0.065,optimal
2021-02-10 23:30:00,40,6,0.0,0.0,0.0,0.16833333333333333,optimal
2021-02-11 00:00:00,40,6,1.1102388390644453,0.0,0.0,0.058,optimal
2021-02-11 00:30:00,40,6,1.1428571428571428,0.0,0.0,0.058,optimal
2021-02-11 01:00:00,40,6,1.1428571428571428,0.0,0.0,0.058,optimal
2021-02-11 01:30:00,40,6,1.1428571428571428,0.0,0.0,0.16906666666666667,optimal
2021-02-11 02:00:00,40,6,1.1428571428571428,0.0,0.0,0.09066666666666669,optimal
2021-02-11 02:30:00,40,6,1.1428571428571428,0.0,0.0,0.058,optimal
2021-02-11 03:00:00,40,6,1.1428571428571428,0.0,0.0,0.1821333333333333,optimal
2021-02-11 03:30:00,40,6,1.1428571428571428,0.0,0.0,0.07759999999999999,optimal
2021-02-11 04:00:00,40,6,1.1428571428571428,0.0,0.0,0.058,optimal
2021-02-11 04:30:00,40,6,1.1428571428571428,0.0,0.0,0.14946666666666666,optimal
2021-02-11 05:00:00,40,6,1.1428571428571428,0.0,0.0,0.11526666666666668,optimal
2021-02-11 05:30:00,40,6,1.1428571428571428,0.0,0.0,0.068,optimal
2021-02-11 06:00:00,40,6,1.1428571428571428,0.0,1.5835680683828233,0.068,optimal
2021-02-11 06:30:00,40,6,1.1428571428571428,0.0,5.0,0.2117333333333333,optimal
2021-02-11 07:00:00,40,6,1.1428571428571428,0.3096296296296296,5.0,1.4514,optimal
2021-02-11 07:30:00,40,6,1.1428571428571428,0.1548148148148148,0.0,0.056,optimal
2021-02-11 08:00:00,40,6,0.6903969459539837,0.5418518518518518,0.0,0.8761333333333333,optimal
2021-02-11 08:30:00,40,6,0.6679278671254891,2.4770370370370367,0.0,0.4742,optimal
2021-02-11 09:00:00,40,6,0.5886668789636822,0.0,0.0,0.3762,optimal
2021-02-11 09:30:00,40,6,0.5614591270295534,0.23222222222222222,0.0,0.3417333333333333,optimal
2021-02-11 10:00:00,40,6,0.4748983469789208,0.0,0.0,0.068,optimal
2021-02-11 10:30:00,40,6,0.4235972697601672,1.8577777777777778,0.0,0.2396,optimal
2021-02-11 11:00:00,40,6,0.25835386251159725,2.1674074074074072,0.0,0.2694,optimal
2021-02-11 11:30:00,40,6,0.21018306617789906,0.0,0.0,0.7792,optimal
2021-02-11 12:00:00,40,6,0.015220360510907648,0.23222222222222222,0.0,1.137233333333333,optimal
2021-02-11 12:30:00,40,6,0.013518432259797498,0.23222222222222222,0.0,0.4072,optimal
2021-02-11 13:00:00,40,6,1.1428571428571428,0.0,0.0,0.42256666666666665,optimal
2021-02-11 13:30:00,40,6,1.1428571428571428,0.0,0.0,0.36273333333333335,optimal
2021-02-11 14:00:00,40,6,1.1428571428571428,0.0,0.0,0.10579999999999999,optimal
2021-02-11 14:30:00,40,6,1.1428571428571428,0.0,0.0,0.17906666666666665,optimal
2021-02-11 15:00:00,40,6,1.1428571428571428,0.0,0.0,0.10066666666666668,optimal
2021-02-11 15:30:00,40,6,1.1428571428571428,0.0,0.0,0.144,optimal
2021-02-11 16:00:00,40,6,0.0,0.0,0.0,0.22546666666666668,optimal
2021-02-11 16:30:00,40,6,0.0,1.5883999999999998,0.0,0.10566666666666669,optimal
2021-02-11 17:00:00,40,6,0.0,1.430488888888889,0.0,0.1144,optimal
2021-02-11 17:30:00,40,6,0.0,0.1548148148148148,0.0,1.6145333333333334,optimal
2021-02-11 18:00:00,40,6,0.0,0.23222222222222222,0.0,0.48083333333333333,optimal
2021-02-11 18:30:00,40,6,0.0,0.387037037037037,0.0,0.2944,optimal
2021-02-11 19:00:00,40,6,0.0,0.1548148148148148,0.0,0.3587333333333333,optimal
2021-02-11 19:30:00,40,6,0.37230800206138376,0.1548148148148148,0.0,0.48360000000000003,optimal
2021-02-11 20:00:00,40,6,1.0376449209081098,0.0,0.0,0.24713333333333332,optimal
2021-02-11 20:30:00,40,6,0.0,0.0,0.0,2.1210666666666667,optimal
2021-02-11 21:00:00,40,6,0.0,0.46444444444444444,0.0,1.0847666666666669,optimal
2021-02-11 21:30:00,40,6,0.0,0.23222222222222222,0.0,0.5216666666666666,optimal
2021-02-11 22:00:00,40,6,0.0,0.1548148148148148,0.0,0.4246666666666667,optimal
2021-02-11 22:30:00,40,6,0.0,0.0,0.0,0.235,optimal
2021-02-11 23:00:00,40,6,0.0,0.0774074074074074,0.0,0.23866666666666664,optimal
2021-02-11 23:30:00,40,6,0.0,0.0774074074074074,0.0,0.41056666666666664,optimal
2021-02-12 00:00:00,40,6,1.1428571428571428,0.0,0.0,0.06333333333333334,optimal
2021-02-12 00:30:00,40,6,1.1428571428571428,0.0,0.0,0.09193333333333334,optimal
2021-02-12 01:00:00,40,6,1.1428571428571428,0.0,0.0,0.12240000000000001,optimal
2021-02-12 01:30:00,40,6,1.1428571428571428,0.0,0.0,0.13873333333333332,optimal
2021-02-12 02:00:00,40,6,1.1428571428571428,0.0,0.0,0.058,optimal
2021-02-12 02:30:00,40,6,1.1428571428571428,0.0,0.0,0.2307333333333333,optimal
2021-02-12 03:00:00,40,6,1.1428571428571428,0.0,0.0,0.058,optimal
2021-02-12 03:30:00,40,6,1.1428571428571428,0.0,0.0,0.1075,optimal
2021-02-12 04:00:00,40,6,1.1428571428571428,0.0,1.0659454167199407,0.1812333333333333,optimal
2021-02-12 04:30:00,40,6,1.1428571428571428,0.0,5.0,0.07640000000000001,optimal
2021-02-12 05:00:00,40,6,1.1428571428571428,0.0,5.0,0.1316,optimal
2021-02-12 05:30:00,40,6,1.1428571428571428,0.0,5.0,0.13873333333333332,optimal
2021-02-12 06:00:00,40,6,1.1428571428571428,0.0,5.0,0.15533333333333335,optimal
2021-02-12 06:30:00,40,6,1.1428571428571428,0.0,5.0,0.11413333333333334,optimal
2021-02-12 07:00:00,40,6,1.1428571428571428,0.1548148148148148,5.0,0.1879333333333333,optimal
2021-02-12 07:30:00,40,6,1.1428571428571428,3.4950024180104466,0.0,0.056,optimal
2021-02-12 08:00:00,40,6,0.7864462200879014,0.0,0.0,0.22153333333333333,optimal
2021-02-12 08:30:00,40,6,0.7641115753006887,0.387037037037037,0.0,0.21806666666666663,optimal
2021-02-12 09:00:00,40,6,0.3777084608504039,0.0774074074074074,0.0,1.5006,optimal
2021-02-12 09:30:00,40,6,0.5981876487477605,0.0,0.0,0.38126666666666664,optimal
2021-02-12 10:00:00,40,6,0.4755526434738707,0.0,0.0,0.11093333333333334,optimal
2021-02-12 10:30:00,40,6,0.458877171143523,0.0,0.0,0.06026666666666666,optimal
2021-02-12 11:00:00,40,6,0.18676708029437342,0.0,0.0,0.2718,optimal
2021-02-12 11:30:00,40,6,0.24919455101498406,0.0,0.0,0.1491333333333333,optimal
2021-02-12 12:00:00,40,6,0.12453715814499891,0.0,0.0,0.3644,optimal
2021-02-12 12:30:00,40,6,0.2214598669608417,0.0,0.0,0.058,optimal
2021-02-12 13:00:00,40,6,1.1428571428571428,0.0,0.0,0.15,optimal
2021-02-12 13:30:00,40,6,1.1428571428571428,0.0,0.0,0.14206666666666667,optimal
2021-02-12 14:00:00,40,6,1.1428571428571428,0.0,0.0,0.114,optimal
2021-02-12 14:30:00,40,6,1.1428571428571428,0.0,0.0,0.7307,optimal
2021-02-12 15:00:00,40,6,1.1428571428571428,0.0,0.0,0.7994666666666667,optimal
2021-02-12 15:30:00,40,6,1.1428571428571428,0.0,0.0,0.2102,optimal
2021-02-12 16:00:00,40,6,0.0,0.0,0.0,0.1277,optimal
2021-02-12 16:30:00,40,6,0.0,0.0774074074074074,0.0,0.3093,optimal
2021-02-12 17:00:00,40,6,0.0,0.0,0.0,0.13933333333333334,optimal
2021-02-12 17:30:00,40,6,0.0,0.0,0.0,0.068,optimal
2021-02-12 18:00:00,40,6,0.0,0.0,0.0,0.18306666666666663,optimal
2021-02-12 18:30:00,40,6,0.0,0.0,0.0,0.12566666666666668,optimal
2021-02-12 19:00:00,40,6,0.0,0.0,0.0,0.10940000000000001,optimal
2021-02-12 19:30:00,40,6,0.20306083584173276,0.0,0.0,0.18203333333333332,optimal
2021-02-12 20:00:00,40,6,0.5744131950257525,0.0,0.0,0.6460666666666667,optimal
2021-02-12 20:30:00,40,6,0.0,0.0,0.0,0.4973333333333333,optimal
2021-02-12 21:00:00,40,6,0.0,0.0,0.0,0.6493666666666666,optimal
2021-02-12 21:30:00,40,6,0.0,0.0,0.0,0.3708666666666667,optimal
2021-02-12 22:00:00,40,6,0.0,0.0,0.0,1.1748333333333332,optimal
2021-02-12 22:30:00,40,6,0.0,0.1548148148148148,0.0,0.8755,optimal
2021-02-12 23:00:00,40,6,0.0,0.0,0.0,0.4066,optimal
2021-02-12 23:30:00,40,6,0.0,0.0,0.0,0.2162333333333333,optimal
2021-02-13 00:00:00,40,6,0.0,0.0,0.0,0.047,optimal
2021-02-13 00:30:00,40,6,0.0,0.0,0.0,0.6365333333333333,optimal
2021-02-13 01:00:00,40,6,0.0,0.23222222222222222,0.0,0.25680000000000003,optimal
2021-02-13 01:30:00,40,6,0.03103295559945541,0.0,0.0,0.17113333333333333,optimal
2021-02-13 02:00:00,40,6,1.1428571428571428,0.0,0.0,0.09,optimal
2021-02-13 02:30:00,40,6,1.1428571428571428,0.0,0.0,0.20166666666666663,optimal
2021-02-13 03:00:00,40,6,1.1428571428571428,0.0,0.0,0.06426666666666667,optimal
2021-02-13 03:30:00,40,6,1.1428571428571428,0.0,0.0,0.0719,optimal
2021-02-13 04:00:00,40,6,1.1428571428571428,0.0,0.0,0.19403333333333334,optimal
2021-02-13 04:30:00,40,6,1.1428571428571428,0.0,0.0,0.049,optimal
2021-02-13 05:00:00,40,6,1.1428571428571428,0.0,0.0,0.2169333333333333,optimal
2021-02-13 05:30:00,40,6,1.1428571428571428,0.0,0.0,0.049,optimal
2021-02-13 06:00:00,40,6,1.1428571428571428,0.0,0.0,0.07953333333333333,optimal
2021-02-13 06:30:00,40,6,1.1428571428571428,0.3096296296296296,2.6607528575572372,0.1948,optimal
2021-02-13 07:00:00,40,6,1.1428571428571428,0.0,5.0,0.9007999999999999,optimal
2021-02-13 07:30:00,40,6,1.1428571428571428,2.2448148148148146,0.0,1.933233333333333,optimal
2021-02-13 08:00:00,40,6,0.574010232308912,0.0,0.0,1.1564666666666668,optimal
2021-02-13 08:30:00,40,6,0.6464757982676237,0.0774074074074074,0.0,0.4136,optimal
2021-02-13 09:00:00,40,6,0.5766106569171813,0.0,0.0,0.3106666666666667,optimal
2021-02-13 09:30:00,40,6,0.6103480105202403,0.0,0.0,0.32339999999999997,optimal
2021-02-13 10:00:00,40,6,0.23777304796697152,2.012592592592592,0.0,1.0959,optimal
2021-02-13 10:30:00,40,6,0.2612824234494875,0.0,0.0,1.0953333333333333,optimal
2021-02-13 11:00:00,40,6,0.21995990812323793,0.0,0.0,0.27123333333333327,optimal
2021-02-13 11:30:00,40,6,0.17131118836766268,0.0,0.0,0.4288666666666667,optimal
2021-02-13 12:00:00,40,6,0.11783744784167405,0.387037037037037,0.0,0.33766666666666667,optimal
2021-02-13 12:30:00,40,6,0.12708286547337425,0.0774074074074074,0.0,0.31856666666666666,optimal
2021-02-13 13:00:00,40,6,1.0833179045730041,0.0,0.0,0.5018,optimal
2021-02-13 13:30:00,40,6,1.1428571428571428,0.0,0.0,0.22696666666666668,optimal
2021-02-13 14:00:00,40,6,1.1428571428571428,0.1548148148148148,0.0,0.38123333333333337,optimal
2021-02-13 14:30:00,40,6,1.1428571428571428,0.0,0.0,1.4004666666666667,optimal
2021-02-13 15:00:00,40,6,1.1428571428571428,0.5418518518518518,0.0,0.6968,optimal
2021-02-13 15:30:00,40,6,1.1428571428571428,0.0774074074074074,0.0,0.3216,optimal
2021-02-13 16:00:00,40,6,0.0,0.23222222222222222,0.0,0.24973333333333328,optimal
2021-02-13 16:30:00,40,6,0.0,0.3096296296296296,0.0,0.2856,optimal
2021-02-13 17:00:00,40,6,0.0,0.0,0.0,0.057,optimal
2021-02-13 17:30:00,40,6,0.0,0.387037037037037,0.0,0.22493333333333332,optimal
2021-02-13 18:00:00,40,6,0.0,0.9288888888888889,0.0,0.06506666666666666,optimal
2021-02-13 18:30:00,40,6,0.0,0.3096296296296296,0.0,0.2379333333333333,optimal
2021-02-13 19:00:00,40,6,0.0,0.5418518518518518,0.0,0.2814,optimal
2021-02-13 19:30:00,40,6,0.0,0.1548148148148148,0.0,0.33466666666666667,optimal
2021-02-13 20:00:00,40,6,0.0,0.0,0.0,0.29769999999999996,optimal
2021-02-13 20:30:00,40,6,0.0,0.0774074074074074,0.0,0.37660000000000005,optimal
2021-02-13 21:00:00,40,6,0.0,0.0,0.0,0.36656666666666665,optimal
2021-02-13 21:30:00,40,6,0.0,0.3096296296296296,0.0,0.22863333333333333,optimal
2021-02-13 22:00:00,40,6,0.0,0.0,0.0,0.059,optimal
2021-02-13 22:30:00,40,6,0.0,0.0,0.0,0.22693333333333332,optimal
2021-02-13 23:00:00,40,6,0.0,0.0,0.0,0.059,optimal
2021-02-13 23:30:00,40,6,0.0,0.0,0.0,0.059,optimal
2021-02-07 00:00:00,41,6,0.0,0.0,0.0,0.059,optimal
2021-02-07 00:30:00,41,6,0.0,0.0,0.0,0.059,optimal
2021-02-07 01:00:00,41,6,0.0,0.0,0.0,0.059,optimal
2021-02-07 01:30:00,41,6,0.0,0.0,0.0,0.059,optimal
2021-02-07 02:00:00,41,6,0.0,0.0,0.0,0.059,optimal
2021-02-07 02:30:00,41,6,0.0,0.0,0.0,0.059,optimal
2021-02-07 03:00:00,41,6,0.0,0.0,0.0,0.059,optimal
2021-02-07 03:30:00,41,6,0.0,0.0,0.0,0.059,optimal
2021-02-07 04:00:00,41,6,1.1428571428571428,0.0,0.0,0.059,optimal
2021-02-07 04:30:00,41,6,1.1428571428571428,0.0,0.0,0.059,optimal
2021-02-07 05:00:00,41,6,1.1428571428571428,0.0,0.0,0.059,optimal
2021-02-07 05:30:00,41,6,1.1428571428571428,0.0,0.0,0.058333333333333334,optimal
2021-02-07 06:00:00,41,6,1.1428571428571428,0.387037037037037,1.305830934193062,0.1913333333333333,optimal
2021-02-07 06:30:00,41,6,1.1428571428571428,0.5418518518518518,0.0,1.7832333333333332,optimal
2021-02-07 07:00:00,41,6,1.1428571428571428,1.2385185185185184,0.0,0.201,optimal
2021-02-07 07:30:00,41,6,0.0,0.46444444444444444,0.0,0.2432666666666667,optimal
2021-02-07 08:00:00,41,6,0.0,0.0774074074074074,0.0,0.21816666666666662,optimal
2021-02-07 08:30:00,41,6,0.0,0.3096296296296296,0.0,1.8921,optimal
2021-02-07 09:00:00,41,6,0.0,0.5418518518518518,0.0,0.23083333333333328,optimal
2021-02-07 09:30:00,41,6,0.5068506281489921,0.0,0.0,0.283,optimal
2021-02-07 10:00:00,41,6,0.45189677579321874,0.0,0.0,0.3125,optimal
2021-02-07 10:30:00,41,6,0.6381294533996135,0.0,0.0,0.21480000000000002,optimal
2021-02-07 11:00:00,41,6,0.5519983677537259,0.0,0.0,0.069,optimal
2021-02-07 11:30:00,41,6,0.5519983677537259,0.0,0.0,0.069,optimal
2021-02-07 12:00:00,41,6,0.48422846486816634,0.0,0.0,0.069,optimal
2021-02-07 12:30:00,41,6,0.48422846486816634,0.0,0.0,0.069,optimal
2021-02-07 13:00:00,41,6,1.1428571428571428,0.0,0.0,0.38206666666666667,optimal
2021-02-07 13:30:00,41,6,1.1428571428571428,0.0,0.0,0.21186666666666668,optimal
2021-02-07 14:00:00,41,6,1.1428571428571428,0.0,0.0,0.17683333333333334,optimal
2021-02-07 14:30:00,41,6,1.1428571428571428,0.0,0.0,0.069,optimal
2021-02-07 15:00:00,41,6,1.1428571428571428,0.0,0.0,0.069,optimal
2021-02-07 15:30:00,41,6,1.1428571428571428,0.0,0.0,0.069,optimal
2021-02-07 16:00:00,41,6,0.0,0.0,0.0,1.1887999999999999,optimal
2021-02-07 16:30:00,41,6,0.0,0.3096296296296296,0.0,1.1462,optimal
2021-02-07 17:00:00,41,6,0.0,0.0,0.0,0.7381333333333333,optimal
2021-02-07 17:30:00,41,6,0.0,0.5418518518518518,0.0,0.27726666666666666,optimal
2021-02-07 18:00:00,41,6,0.0,0.0,0.0,0.41243333333333326,optimal
2021-02-07 18:30:00,41,6,0.0,0.0,0.0,0.39139999999999997,optimal
2021-02-07 19:00:00,41,6,0.0,0.23222222222222222,0.0,0.2205,optimal
2021-02-07 19:30:00,41,6,0.0,0.0,0.0,0.069,optimal
2021-02-07 20:00:00,41,6,0.5920046087913837,0.0,0.0,0.069,optimal
2021-02-07 20:30:00,41,6,0.0,0.0,0.0,0.1181,optimal
2021-02-07 21:00:00,41,6,0.0,0.0,0.0,0.0709,optimal
2021-02-07 21:30:00,41,6,0.0,0.3096296296296296,0.0,0.0765,optimal
2021-02-07 22:00:00,41,6,0.0,0.1548148148148148,0.0,0.1455,optimal
2021-02-07 22:30:00,41,6,0.0,0.0,0.0,0.14863333333333334,optimal
2021-02-07 23:00:00,41,6,0.0,0.0,0.0,0.1686,optimal
2021-02-07 23:30:00,41,6,0.0,0.0,0.0,0.2002,optimal
2021-02-08 00:00:00,41,6,0.0,0.0,0.0,0.1362,optimal
2021-02-08 00:30:00,41,6,0.0,0.0,0.0,0.059,optimal
2021-02-08 01:00:00,41,6,0.0,0.0,0.0,0.2686,optimal
2021-02-08 01:30:00,41,6,0.0,0.0,0.0,0.059,optimal
2021-02-08 02:00:00,41,6,0.9788472774163727,0.0,0.0,0.059,optimal
2021-02-08 02:30:00,41,6,1.1428571428571428,0.0,0.0,0.15819999999999998,optimal
2021-02-08 03:00:00,41,6,1.1428571428571428,0.0,0.0,0.09620000000000001,optimal
2021-02-08 03:30:00,41,6,1.1428571428571428,0.0,0.0,0.1206,optimal
2021-02-08 04:00:00,41,6,1.1428571428571428,0.0,0.0,0.213,optimal
2021-02-08 04:30:00,41,6,1.1428571428571428,0.0,0.0,0.069,optimal
2021-02-08 05:00:00,41,6,1.1428571428571428,0.0,1.4406392694245758,0.2716,optimal
2021-02-08 05:30:00,41,6,1.1428571428571428,0.0774074074074074,5.0,1.3262,optimal
2021-02-08 06:00:00,41,6,1.1428571428571428,0.3096296296296296,0.0,0.9951333333333332,optimal
2021-02-08 06:30:00,41,6,1.1428571428571428,1.9351851851851851,0.0,0.23406666666666665,optimal
2021-02-08 07:00:00,41,6,1.1428571428571428,0.23222222222222222,0.0,0.9828333333333333,optimal
2021-02-08 07:30:00,41,6,1.1428571428571428,5.341111111111111,0.0,1.224,optimal
2021-02-08 08:00:00,41,6,0.5761530555839474,0.8514814814814814,0.0,1.2932000000000001,optimal
2021-02-08 08:30:00,41,6,0.7401838284284379,0.0,0.0,0.2104,optimal
2021-02-08 09:00:00,41,6,0.7201052161983279,0.0,0.0,0.069,optimal
2021-02-08 09:30:00,41,6,0.6747019140744455,0.0,0.0,0.2054,optimal
2021-02-08 10:00:00,41,6,0.5391703549612724,0.0,0.0,0.12186666666666666,optimal
2021-02-08 10:30:00,41,6,0.5371831808946748,0.0,0.0,0.15133333333333335,optimal
2021-02-08 11:00:00,41,6,0.3472169315416987,0.0,0.0,0.20846666666666666,optimal
2021-02-08 11:30:00,41,6,0.3733671110781564,0.0,0.0,0.10193333333333333,optimal
2021-02-08 12:00:00,41,6,0.29045079965230036,0.0,0.0,0.18059999999999998,optimal
2021-02-08 12:30:00,41,6,0.37771589184860443,0.0,0.0,0.069,optimal
2021-02-08 13:00:00,41,6,1.1428571428571428,0.0,0.0,0.1062,optimal
2021-02-08 13:30:00,41,6,1.1428571428571428,0.0,0.0,2.9966,optimal
2021-02-08 14:00:00,41,6,1.1428571428571428,0.0,0.0,4.122166666666667,optimal
2021-02-08 14:30:00,41,6,1.1428571428571428,0.0,0.0,0.9126000000000001,optimal
2021-02-08 15:00:00,41,6,1.1428571428571428,0.0,0.0,0.1772,optimal
2021-02-08 15:30:00,41,6,1.1428571428571428,0.0,0.0,0.19713333333333333,optimal
2021-02-08 16:00:00,41,6,0.0,0.0,0.0,0.23756666666666665,optimal
2021-02-08 16:30:00,41,6,0.0,0.0,0.0,0.2054,optimal
2021-02-08 17:00:00,41,6,0.0,0.0,0.0,0.11373333333333333,optimal
2021-02-08 17:30:00,41,6,0.0,0.0,0.0,0.09746666666666669,optimal
2021-02-08 18:00:00,41,6,0.0,0.0,0.0,0.2054,optimal
2021-02-08 18:30:00,41,6,0.0,0.0,0.0,0.069,optimal
2021-02-08 19:00:00,41,6,0.0,0.0,0.0,0.18680000000000002,optimal
2021-02-08 19:30:00,41,6,0.7990589482411664,0.0,0.0,0.1608,optimal
2021-02-08 20:00:00,41,6,0.8317193932221955,0.0,0.0,0.069,optimal
2021-02-08 20:30:00,41,6,0.0,0.0,0.0,0.1682,optimal
2021-02-08 21:00:00,41,6,0.0,0.0,0.0,1.7634,optimal
2021-02-08 21:30:00,41,6,0.0,0.0,0.0,0.069,optimal
2021-02-08 22:00:00,41,6,0.0,0.0,0.0,0.2104,optimal
2021-02-08 22:30:00,41,6,0.0,0.0,0.0,0.1372,optimal
2021-02-08 23:00:00,41,6,0.0,0.0,0.0,0.069,optimal
2021-02-08 23:30:00,41,6,0.0,0.0,0.0,0.1732,optimal
2021-02-09 00:00:00,41,6,0.0,0.0,0.0,0.07813333333333335,optimal
2021-02-09 00:30:00,41,6,0.0,0.0,0.0,0.2266,optimal
2021-02-09 01:00:00,41,6,0.5681101084539241,0.0,0.0,0.058,optimal
2021-02-09 01:30:00,41,6,1.1428571428571428,0.0,0.0,0.2417,optimal
2021-02-09 02:00:00,41,6,1.1428571428571428,0.0,0.0,0.06303333333333333,optimal
2021-02-09 02:30:00,41,6,1.1428571428571428,0.0,0.0,0.1033,optimal
2021-02-09 03:00:00,41,6,1.1428571428571428,0.0,0.0,0.2014333333333333,optimal
2021-02-09 03:30:00,41,6,1.1428571428571428,0.0,0.0,0.058,optimal
2021-02-09 04:00:00,41,6,1.1428571428571428,0.0,0.0,0.14356666666666668,optimal
2021-02-09 04:30:00,41,6,1.1428571428571428,0.0,0.0,0.16116666666666665,optimal
2021-02-09 05:00:00,41,6,1.1428571428571428,0.0,0.0,0.058,optimal
2021-02-09 05:30:00,41,6,1.1428571428571428,0.0,4.058980069483602,0.2467333333333333,optimal
2021-02-09 06:00:00,41,6,1.1428571428571428,0.0,5.0,0.058,optimal
2021-02-09 06:30:00,41,6,1.1428571428571428,0.0,5.0,0.09266666666666669,optimal
2021-02-09 07:00:00,41,6,1.1428571428571428,0.0,5.0,0.21206666666666663,optimal
2021-02-09 07:30:00,41,6,1.1428571428571428,5.017548148148148,0.0,0.10466666666666669,optimal
2021-02-09 08:00:00,41,6,0.556868106422475,1.6394888888888892,0.0,0.12683333333333333,optimal
2021-02-09 08:30:00,41,6,0.6194933757271677,0.0,0.0,0.1824333333333333,optimal
2021-02-09 09:00:00,41,6,0.49861288455427627,0.1548148148148148,0.0,0.3517,optimal
2021-02-09 09:30:00,41,6,0.6085681850684157,0.0,0.0,0.1736,optimal
2021-02-09 10:00:00,41,6,0.40582287538785805,0.23222222222222222,0.0,0.17713333333333334,optimal
2021-02-09 10:30:00,41,6,0.1402783242289991,0.774074074074074,0.0,2.498133333333333,optimal
2021-02-09 11:00:00,41,6,0.14751943194154504,0.1548148148148148,0.0,0.6747000000000001,optimal
2021-02-09 11:30:00,41,6,0.20318690266216613,0.0,0.0,0.30160000000000003,optimal
2021-02-09 12:00:00,41,6,0.041645200981942236,0.0,0.0,0.3768666666666667,optimal
2021-02-09 12:30:00,41,6,0.007280587404197794,0.0,0.0,0.4973666666666667,optimal
2021-02-09 13:00:00,41,6,0.0,0.0,0.0,1.4028333333333332,optimal
2021-02-09 13:30:00,41,6,0.40714190034276215,0.0,0.0,1.4150666666666667,optimal
2021-02-09 14:00:00,41,6,1.1428571428571428,0.0,0.0,0.5721666666666666,optimal
2021-02-09 14:30:00,41,6,1.1428571428571428,0.1548148148148148,0.0,0.282,optimal
2021-02-09 15:00:00,41,6,1.1428571428571428,0.0,0.0,0.3522333333333333,optimal
2021-02-09 15:30:00,41,6,1.1428571428571428,0.0,0.0,0.44023333333333337,optimal
2021-02-09 16:00:00,41,6,0.0,0.387037037037037,0.0,1.7658333333333334,optimal
2021-02-09 16:30:00,41,6,0.0,0.0,0.0,0.6151,optimal
2021-02-09 17:00:00,41,6,0.0,0.1548148148148148,0.0,1.482,optimal
2021-02-09 17:30:00,41,6,0.0,0.0,0.0,1.5673333333333332,optimal
2021-02-09 18:00:00,41,6,0.0,0.0,0.0,1.5804333333333334,optimal
2021-02-09 18:30:00,41,6,0.0,0.23222222222222222,0.0,0.15869999999999998,optimal
2021-02-09 19:00:00,41,6,0.0,0.3096296296296296,0.0,0.17763333333333334,optimal
2021-02-09 19:30:00,41,6,0.0,5.960370370370371,0.0,0.11556666666666666,optimal
2021-02-09 20:00:00,41,6,0.0,0.23222222222222222,0.0,0.42060000000000003,optimal
2021-02-09 20:30:00,41,6,0.0,0.0,0.0,0.24973333333333328,optimal
2021-02-09 21:00:00,41,6,0.0,0.23222222222222222,0.0,0.4694666666666666,optimal
2021-02-09 21:30:00,41,6,0.0,0.0774074074074074,0.0,0.5035333333333334,optimal
2021-02-09 22:00:00,41,6,0.0,0.6192592592592592,0.0,0.47053333333333336,optimal
2021-02-09 22:30:00,41,6,0.0,0.23222222222222222,0.0,0.3318333333333333,optimal
2021-02-09 23:00:00,41,6,0.0,1.006296296296296,0.0,0.6852333333333334,optimal
2021-02-09 23:30:00,41,6,0.0,2.39962962962963,0.0,0.16873333333333332,optimal
2021-02-10 00:00:00,41,6,0.0,0.0,0.0,0.055600000000000004,optimal
2021-02-10 00:30:00,41,6,0.0,0.0,0.0,0.09459999999999999,optimal
2021-02-10 01:00:00,41,6,0.023622525314394387,0.0,0.0,0.04,optimal
2021-02-10 01:30:00,41,6,1.1428571428571428,0.0,0.0,0.04,optimal
2021-02-10 02:00:00,41,6,1.1428571428571428,0.0,0.0,0.04,optimal
2021-02-10 02:30:00,41,6,1.1428571428571428,0.0,0.0,0.04,optimal
2021-02-10 03:00:00,41,6,1.1428571428571428,0.0,0.0,0.1102,optimal
2021-02-10 03:30:00,41,6,1.1428571428571428,0.0,0.0,0.04,optimal
2021-02-10 04:00:00,41,6,1.1428571428571428,0.0,0.0,0.1102,optimal
2021-02-10 04:30:00,41,6,1.1428571428571428,0.0,0.0,0.04,optimal
2021-02-10 05:00:00,41,6,1.1428571428571428,0.0,0.0,0.09459999999999999,optimal
2021-02-10 05:30:00,41,6,1.1428571428571428,0.0,0.0,0.055600000000000004,optimal
2021-02-10 06:00:00,41,6,1.1428571428571428,0.0,0.0,0.04,optimal
2021-02-10 06:30:00,41,6,1.1428571428571428,0.0,3.9553395876352155,0.09459999999999999,optimal
2021-02-10 07:00:00,41,6,1.1428571428571428,0.0774074074074074,5.0,0.13056666666666666,optimal
2021-02-10 07:30:00,41,6,1.1428571428571428,2.4770370370370367,0.0,0.2223333333333333,optimal
2021-02-10 08:00:00,41,6,0.6372549148608669,2.39962962962963,0.0,0.1439,optimal
2021-02-10 08:30:00,41,6,0.7228600358385472,0.0,0.0,0.06026666666666666,optimal
2021-02-10 09:00:00,41,6,0.6264178891773029,0.0,0.0,0.1134,optimal
2021-02-10 09:30:00,41,6,0.6267372958692697,0.0,0.0,0.11293333333333334,optimal
2021-02-10 10:00:00,41,6,0.4272556300495534,0.387037037037037,0.0,0.1034,optimal
2021-02-10 10:30:00,41,6,0.446699946973295,0.0,0.0,0.09683333333333331,optimal
2021-02-10 11:00:00,41,6,0.2880953966333749,0.387037037037037,0.0,0.2876,optimal
2021-02-10 11:30:00,41,6,0.2839217666460249,0.1548148148148148,0.0,0.2462,optimal
2021-02-10 12:00:00,41,6,0.044500369733347964,0.1548148148148148,0.0,0.4019,optimal
2021-02-10 12:30:00,41,6,0.09913846497144742,4.257407407407407,0.0,0.21066666666666664,optimal
2021-02-10 13:00:00,41,6,1.1428571428571428,0.0,0.0,0.9754666666666668,optimal
2021-02-10 13:30:00,41,6,1.1428571428571428,0.0,0.0,1.2579666666666667,optimal
2021-02-10 14:00:00,41,6,1.1428571428571428,0.0,0.0,0.21706666666666663,optimal
2021-02-10 14:30:00,41,6,1.1428571428571428,0.0,0.0,0.09290000000000001,optimal
2021-02-10 15:00:00,41,6,1.1428571428571428,0.0,0.0,0.0773,optimal
2021-02-10 15:30:00,41,6,1.1428571428571428,0.0,0.0,0.05,optimal
2021-02-10 16:00:00,41,6,0.0,0.0,0.0,0.1202,optimal
2021-02-10 16:30:00,41,6,0.0,0.0,0.0,0.05,optimal
2021-02-10 17:00:00,41,6,0.0,0.0,0.0,0.16333333333333333,optimal
2021-02-10 17:30:00,41,6,0.0,1.2385185185185184,0.0,0.25643333333333335,optimal
2021-02-10 18:00:00,41,6,0.0,0.46444444444444444,0.0,0.22069999999999998,optimal
2021-02-10 18:30:00,41,6,0.0,0.387037037037037,0.0,0.17296666666666666,optimal
2021-02-10 19:00:00,41,6,0.0,0.0,0.0,0.053899999999999997,optimal
2021-02-10 19:30:00,41,6,0.3044994932894943,0.0,0.0,0.05,optimal
2021-02-10 20:00:00,41,6,0.8843436087973303,0.0,0.0,0.05,optimal
2021-02-10 20:30:00,41,6,0.0,0.0,0.0,0.1202,optimal
2021-02-10 21:00:00,41,6,0.0,0.0,0.0,0.05,optimal
2021-02-10 21:30:00,41,6,0.0,0.0,0.0,0.22,optimal
2021-02-10 22:00:00,41,6,0.0,0.387037037037037,0.0,0.26276666666666665,optimal
2021-02-10 22:30:00,41,6,0.0,0.1548148148148148,0.0,0.29403333333333337,optimal
2021-02-10 23:00:00,41,6,0.0,0.0,0.0,0.4779666666666666,optimal
2021-02-10 23:30:00,41,6,0.0,0.0,0.0,0.1751,optimal
2021-02-11 00:00:00,41,6,0.035306205773304414,0.23222222222222222,0.0,0.27853333333333335,optimal
2021-02-11 00:30:00,41,6,1.1428571428571428,0.23222222222222222,0.0,0.1582333333333333,optimal
2021-02-11 01:00:00,41,6,1.1428571428571428,0.0,0.0,0.38026666666666664,optimal
2021-02-11 01:30:00,41,6,1.1428571428571428,0.0,0.0,0.19013333333333332,optimal
2021-02-11 02:00:00,41,6,1.1428571428571428,0.23222222222222222,0.0,0.34013333333333334,optimal
2021-02-11 02:30:00,41,6,1.1428571428571428,0.0,0.0,0.32153333333333334,optimal
2021-02-11 03:00:00,41,6,1.1428571428571428,1.433585185185185,0.0,0.2103333333333333,optimal
2021-02-11 03:30:00,41,6,1.1428571428571428,0.8886370370370371,0.0,0.1784,optimal
2021-02-11 04:00:00,41,6,1.1428571428571428,0.0,0.0,0.14793333333333333,optimal
2021-02-11 04:30:00,41,6,1.1428571428571428,0.0,0.34177058953865097,0.31406666666666666,optimal
2021-02-11 05:00:00,41,6,1.1428571428571428,0.0,5.0,0.12366666666666669,optimal
2021-02-11 05:30:00,41,6,1.1428571428571428,0.0,5.0,0.2783,optimal
2021-02-11 06:00:00,41,6,1.1428571428571428,0.1548148148148148,0.0,0.1462,optimal
2021-02-11 06:30:00,41,6,1.1428571428571428,2.4770370370370367,0.0,0.2777,optimal
2021-02-11 07:00:00,41,6,1.1428571428571428,3.7155555555555555,0.0,0.3831333333333333,optimal
2021-02-11 07:30:00,41,6,1.1428571428571428,0.9288888888888889,0.0,0.2762333333333333,optimal
2021-02-11 08:00:00,41,6,0.7829055173825615,0.23222222222222222,0.0,0.22,optimal
2021-02-11 08:30:00,41,6,0.8816707242683469,0.0,0.0,0.3161666666666667,optimal
2021-02-11 09:00:00,41,6,0.8270954503922627,0.0,0.0,0.07563333333333334,optimal
2021-02-11 09:30:00,41,6,0.7281924603628941,0.0,0.0,0.17416666666666666,optimal
2021-02-11 10:00:00,41,6,0.4119745374551059,0.0,0.0,0.28783333333333333,optimal
2021-02-11 10:30:00,41,6,0.18146393642683115,0.1548148148148148,0.0,1.3524666666666667,optimal
2021-02-11 11:00:00,41,6,0.24934433870207187,0.0,0.0,0.3005333333333334,optimal
2021-02-11 11:30:00,41,6,0.2627087804636109,0.0,0.0,0.13119999999999998,optimal
2021-02-11 12:00:00,41,6,0.04058988432042725,0.0,0.0,0.3166666666666667,optimal
2021-02-11 12:30:00,41,6,0.06888033702169523,0.0,0.0,0.15543333333333334,optimal
2021-02-11 13:00:00,41,6,0.3908726351339289,0.0,0.0,0.3161333333333333,optimal
2021-02-11 13:30:00,41,6,1.1428571428571428,0.1548148148148148,0.0,0.2809333333333333,optimal
2021-02-11 14:00:00,41,6,1.1428571428571428,0.0774074074074074,0.0,0.5656,optimal
2021-02-11 14:30:00,41,6,1.1428571428571428,0.0,0.0,0.3711333333333333,optimal
2021-02-11 15:00:00,41,6,1.1428571428571428,0.1548148148148148,0.0,0.46873333333333334,optimal
2021-02-11 15:30:00,41,6,1.1428571428571428,0.5418518518518518,0.0,0.0994,optimal
2021-02-11 16:00:00,41,6,0.0,0.0,0.0,0.2548666666666667,optimal
2021-02-11 16:30:00,41,6,0.0,0.6192592592592592,0.0,0.33063333333333333,optimal
2021-02-11 17:00:00,41,6,0.0,0.1548148148148148,0.0,1.5751,optimal
2021-02-11 17:30:00,41,6,0.0,0.3096296296296296,0.0,0.42460000000000003,optimal
2021-02-11 18:00:00,41,6,0.0,0.46444444444444444,0.0,0.26573333333333327,optimal
2021-02-11 18:30:00,41,6,0.0,0.0,0.0,1.0355999999999999,optimal
2021-02-11 19:00:00,41,6,0.0,0.1548148148148148,0.0,1.1164,optimal
2021-02-11 19:30:00,41,6,0.0,0.46444444444444444,0.0,0.19333333333333327,optimal
2021-02-11 20:00:00,41,6,0.0,0.23222222222222222,0.0,0.3663666666666667,optimal
2021-02-11 20:30:00,41,6,0.0,0.0,0.0,0.34436666666666665,optimal
2021-02-11 21:00:00,41,6,0.0,0.23222222222222222,0.0,0.216,optimal
2021-02-11 21:30:00,41,6,0.0,0.0774074074074074,0.0,0.3355,optimal
2021-02-11 22:00:00,41,6,0.0,0.3096296296296296,0.0,0.4203,optimal
2021-02-11 22:30:00,41,6,0.0,0.0,0.0,0.34746666666666665,optimal
2021-02-11 23:00:00,41,6,0.0,0.0774074074074074,0.0,1.3911333333333333,optimal
2021-02-11 23:30:00,41,6,0.0,0.0,0.0,0.2964,optimal
2021-02-12 00:00:00,41,6,1.1428571428571428,0.0,0.0,0.058,optimal
2021-02-12 00:30:00,41,6,1.1428571428571428,0.0,0.0,0.20980000000000001,optimal
2021-02-12 01:00:00,41,6,1.1428571428571428,0.0,0.0,0.058,optimal
2021-02-12 01:30:00,41,6,1.1428571428571428,0.0,0.0,0.13390000000000002,optimal
2021-02-12 02:00:00,41,6,1.1428571428571428,0.0,0.0,0.13390000000000002,optimal
2021-02-12 02:30:00,41,6,1.1428571428571428,0.0,0.0,0.058,optimal
2021-02-12 03:00:00,41,6,1.1428571428571428,0.0,0.0,0.20980000000000001,optimal
2021-02-12 03:30:00,41,6,1.1428571428571428,0.0,0.0,0.058,optimal
2021-02-12 04:00:00,41,6,1.1428571428571428,0.0,0.0,0.10629999999999999,optimal
2021-02-12 04:30:00,41,6,1.1428571428571428,0.0,2.298817143594378,0.1615,optimal
2021-02-12 05:00:00,41,6,1.1428571428571428,0.0,5.0,0.06066666666666666,optimal
2021-02-12 05:30:00,41,6,1.1428571428571428,0.0,5.0,0.21980000000000002,optimal
2021-02-12 06:00:00,41,6,1.1428571428571428,0.0,5.0,0.06533333333333333,optimal
2021-02-12 06:30:00,41,6,1.1428571428571428,0.0,5.0,0.12866666666666665,optimal
2021-02-12 07:00:00,41,6,1.1428571428571428,0.387037037037037,5.0,0.2593666666666667,optimal
2021-02-12 07:30:00,41,6,1.1428571428571428,2.440336325448363,0.0,0.1601,optimal
2021-02-12 08:00:00,41,6,0.7518176486593271,0.0774074074074074,0.0,0.2078,optimal
2021-02-12 08:30:00,41,6,0.8365077657768805,0.1548148148148148,0.0,0.2591666666666667,optimal
2021-02-12 09:00:00,41,6,0.8623217941837404,0.0,0.0,0.05733333333333333,optimal
2021-02-12 09:30:00,41,6,0.6460352677953776,0.0,0.0,0.2697,optimal
2021-02-12 10:00:00,41,6,0.2299164529976838,0.23222222222222222,0.0,2.0888,optimal
2021-02-12 10:30:00,41,6,0.18267717114351936,0.0,0.0,2.7372666666666667,optimal
2021-02-12 11:00:00,41,6,0.17141279458008515,0.0,0.0,0.5685333333333333,optimal
2021-02-12 11:30:00,41,6,0.17993169387213245,6.424814814814814,0.0,0.16626666666666667,optimal
2021-02-12 12:00:00,41,6,0.08988953909737231,0.0,0.0,0.2205,optimal
2021-02-12 12:30:00,41,6,0.11390748600846749,0.0774074074074074,0.0,0.1253,optimal
2021-02-12 13:00:00,41,6,0.0,0.0,0.0,0.37139999999999995,optimal
2021-02-12 13:30:00,41,6,0.763226423529727,0.1548148148148148,0.0,0.353,optimal
2021-02-12 14:00:00,41,6,1.1428571428571428,0.0,0.0,0.4505,optimal
2021-02-12 14:30:00,41,6,1.1428571428571428,0.0,0.0,0.47173333333333334,optimal
2021-02-12 15:00:00,41,6,1.1428571428571428,0.0,0.0,0.3802,optimal
2021-02-12 15:30:00,41,6,1.1428571428571428,0.0,0.0,0.39973333333333333,optimal
2021-02-12 16:00:00,41,6,0.0,0.5418518518518518,0.0,1.4909333333333334,optimal
2021-02-12 16:30:00,41,6,0.0,0.0,0.0,3.2588666666666666,optimal
2021-02-12 17:00:00,41,6,0.0,0.3096296296296296,0.0,1.3622,optimal
2021-02-12 17:30:00,41,6,0.0,0.0,0.0,0.16576666666666667,optimal
2021-02-12 18:00:00,41,6,0.0,0.0774074074074074,0.0,0.1572333333333333,optimal
2021-02-12 18:30:00,41,6,0.0,0.6192592592592592,0.0,0.3105,optimal
2021-02-12 19:00:00,41,6,0.0,0.0,0.0,0.22476666666666667,optimal
2021-02-12 19:30:00,41,6,0.0,0.0,0.0,0.22693333333333332,optimal
2021-02-12 20:00:00,41,6,0.0,0.387037037037037,0.0,0.071,optimal
2021-02-12 20:30:00,41,6,0.0,0.0774074074074074,0.0,0.2109,optimal
2021-02-12 21:00:00,41,6,0.0,0.0,0.0,0.2034333333333333,optimal
2021-02-12 21:30:00,41,6,0.0,0.0,0.0,0.3944666666666666,optimal
2021-02-12 22:00:00,41,6,0.0,0.23222222222222222,0.0,1.3576666666666668,optimal
2021-02-12 22:30:00,41,6,0.0,0.0,0.0,0.4405,optimal
2021-02-12 23:00:00,41,6,0.0,0.0,0.0,0.09559999999999999,optimal
2021-02-12 23:30:00,41,6,0.0,0.0,0.0,0.19219999999999998,optimal
2021-02-13 00:00:00,41,6,0.0,0.0,0.0,0.056,optimal
2021-02-13 00:30:00,41,6,0.0,0.0,0.0,0.1036,optimal
2021-02-13 01:00:00,41,6,0.2276813048872794,0.0,0.0,0.158,optimal
2021-02-13 01:30:00,41,6,1.1428571428571428,0.0,0.0,0.056,optimal
2021-02-13 02:00:00,41,6,1.1428571428571428,0.0,0.0,0.1988,optimal
2021-02-13 02:30:00,41,6,1.1428571428571428,0.0,0.0,0.0628,optimal
2021-02-13 03:00:00,41,6,1.1428571428571428,0.0,0.0,0.11040000000000001,optimal
2021-02-13 03:30:00,41,6,1.1428571428571428,0.0,0.0,0.1512,optimal
2021-02-13 04:00:00,41,6,1.1428571428571428,0.0,0.0,0.056,optimal
2021-02-13 04:30:00,41,6,1.1428571428571428,0.0,0.0,0.1172,optimal
2021-02-13 05:00:00,41,6,1.1428571428571428,0.0,1.826645435090723,0.1444,optimal
2021-02-13 05:30:00,41,6,1.1428571428571428,0.0,5.0,0.056,optimal
2021-02-13 06:00:00,41,6,1.1428571428571428,0.0,5.0,0.1716,optimal
2021-02-13 06:30:00,41,6,1.1428571428571428,0.0,5.0,0.09,optimal
2021-02-13 07:00:00,41,6,1.1428571428571428,6.037777777777777,5.0,0.17043333333333333,optimal
2021-02-13 07:30:00,41,6,1.1428571428571428,0.387037037037037,0.0,0.193,optimal
2021-02-13 08:00:00,41,6,0.669353089451767,0.1548148148148148,0.0,0.08020000000000001,optimal
2021-02-13 08:30:00,41,6,0.6047919887438141,4.435444444444444,0.0,0.6013999999999999,optimal
2021-02-13 09:00:00,41,6,0.30645827596479785,1.9119629629629635,0.0,2.190733333333333,optimal
2021-02-13 09:30:00,41,6,0.5635061057583293,0.0,0.0,0.2033,optimal
2021-02-13 10:00:00,41,6,0.3447130479669686,0.0,0.0,1.6059666666666668,optimal
2021-02-13 10:30:00,41,6,0.4230395663066307,2.012592592592592,0.0,0.2812,optimal
2021-02-13 11:00:00,41,6,0.12246847955181114,0.23222222222222222,0.0,1.7185,optimal
2021-02-13 11:30:00,41,6,0.0,0.0,0.0,1.3638,optimal
2021-02-13 12:00:00,41,6,0.0,0.0,0.0,1.8760333333333332,optimal
2021-02-13 12:30:00,41,6,0.0,0.0,0.0,2.7275666666666667,optimal
2021-02-13 13:00:00,41,6,1.1428571428571428,0.0,0.0,1.7388,optimal
2021-02-13 13:30:00,41,6,1.1428571428571428,0.387037037037037,0.0,0.095,optimal
2021-02-13 14:00:00,41,6,1.1428571428571428,0.23222222222222222,0.0,0.22273333333333328,optimal
2021-02-13 14:30:00,41,6,1.1428571428571428,0.0,0.0,0.14966666666666667,optimal
2021-02-13 15:00:00,41,6,1.1428571428571428,0.0,0.0,0.066,optimal
2021-02-13 15:30:00,41,6,1.1428571428571428,0.0,0.0,0.21559999999999999,optimal
2021-02-13 16:00:00,41,6,0.0,0.0,0.0,0.066,optimal
2021-02-13 16:30:00,41,6,0.0,0.0,0.0,0.1151,optimal
2021-02-13 17:00:00,41,6,0.0,0.1548148148148148,0.0,0.25939999999999996,optimal
2021-02-13 17:30:00,41,6,0.0,0.387037037037037,0.0,0.091,optimal
2021-02-13 18:00:00,41,6,0.0,0.0,0.0,0.4787,optimal
2021-02-13 18:30:00,41,6,0.0,0.0,0.0,1.0696666666666668,optimal
2021-02-13 19:00:00,41,6,0.0,0.6192592592592592,0.0,0.19296666666666668,optimal
2021-02-13 19:30:00,41,6,0.0,0.1548148148148148,0.0,0.2531,optimal
2021-02-13 20:00:00,41,6,0.1294022034721967,0.3096296296296296,0.0,0.1452,optimal
2021-02-13 20:30:00,41,6,0.0,0.1548148148148148,0.0,0.1579,optimal
2021-02-13 21:00:00,41,6,0.0,0.1548148148148148,0.0,0.20916666666666664,optimal
2021-02-13 21:30:00,41,6,0.0,0.1548148148148148,0.0,0.16003333333333333,optimal
2021-02-13 22:00:00,41,6,0.0,0.0,0.0,0.3754333333333333,optimal
2021-02-13 22:30:00,41,6,0.0,0.0,0.0,0.17596666666666666,optimal
2021-02-13 23:00:00,41,6,0.0,0.0,0.0,0.26266666666666666,optimal
2021-02-13 23:30:00,41,6,0.0,0.0,0.0,0.21559999999999999,optimal
2021-02-07 00:00:00,42,6,0.0,0.0,0.0,0.043,optimal
2021-02-07 00:30:00,42,6,0.0,0.0,0.0,0.18306666666666663,optimal
2021-02-07 01:00:00,42,6,0.0,0.0,0.0,0.043,optimal
2021-02-07 01:30:00,42,6,0.0,0.0,0.0,0.13213333333333332,optimal
2021-02-07 02:00:00,42,6,0.0,0.0,0.0,0.1933666666666667,optimal
2021-02-07 02:30:00,42,6,0.0,0.0,0.0,0.04823333333333333,optimal
2021-02-07 03:00:00,42,6,0.0,0.0,0.0,0.21969999999999998,optimal
2021-02-07 03:30:00,42,6,0.0,0.0,0.0,0.11103333333333332,optimal
2021-02-07 04:00:00,42,6,1.1428571428571428,0.0,0.0,0.043,optimal
2021-02-07 04:30:00,42,6,1.1428571428571428,0.0,0.0,0.043,optimal
2021-02-07 05:00:00,42,6,1.1428571428571428,0.0,0.0,0.21446666666666667,optimal
2021-02-07 05:30:00,42,6,1.1428571428571428,0.0,0.0,0.11626666666666668,optimal
2021-02-07 06:00:00,42,6,1.1428571428571428,0.0,0.0,0.06983333333333333,optimal
2021-02-07 06:30:00,42,6,1.1428571428571428,0.23222222222222222,0.0,0.26689999999999997,optimal
2021-02-07 07:00:00,42,6,1.1428571428571428,1.0837037037037036,2.0120072799789424,0.041,optimal
2021-02-07 07:30:00,42,6,0.0,0.5418518518518518,0.0,0.49860000000000004,optimal
2021-02-07 08:00:00,42,6,0.0,0.3096296296296296,0.0,0.08383333333333333,optimal
2021-02-07 08:30:00,42,6,0.43927287059411585,0.0,0.0,0.11566666666666668,optimal
2021-02-07 09:00:00,42,6,0.2690301098658328,1.006296296296296,0.0,1.4814666666666667,optimal
2021-02-07 09:30:00,42,6,0.5522480567769246,0.0774074074074074,0.0,0.1422,optimal
2021-02-07 10:00:00,42,6,0.32795391865035745,0.0774074074074074,0.0,0.7303666666666667,optimal
2021-02-07 10:30:00,42,6,0.3294608819710362,0.23222222222222222,0.0,0.7714333333333333,optimal
2021-02-07 11:00:00,42,6,0.4089107487061033,0.46444444444444444,0.0,0.5135666666666667,optimal
2021-02-07 11:30:00,42,6,0.293922177277531,2.2448148148148146,0.0,1.2828333333333333,optimal
2021-02-07 12:00:00,42,6,0.3096075124872167,0.1548148148148148,0.0,0.2838,optimal
2021-02-07 12:30:00,42,6,0.3331713220110231,0.3096296296296296,0.0,0.5741666666666666,optimal
2021-02-07 13:00:00,42,6,0.2636504713159135,0.0,0.0,1.4955,optimal
2021-02-07 13:30:00,42,6,0.46979327542484867,0.23222222222222222,0.0,2.4644333333333335,optimal
2021-02-07 14:00:00,42,6,1.1428571428571428,0.0,0.0,3.4174333333333333,optimal
2021-02-07 14:30:00,42,6,1.1428571428571428,0.0,0.0,1.0228666666666668,optimal
2021-02-07 15:00:00,42,6,1.1428571428571428,0.23222222222222222,0.0,0.1879333333333333,optimal
2021-02-07 15:30:00,42,6,1.1428571428571428,0.0,0.0,1.5110999999999999,optimal
2021-02-07 16:00:00,42,6,0.0,0.0774074074074074,0.0,0.34863333333333335,optimal
2021-02-07 16:30:00,42,6,0.0,0.0,0.0,0.1539,optimal
2021-02-07 17:00:00,42,6,0.0,1.2385185185185184,0.0,0.1623,optimal
2021-02-07 17:30:00,42,6,0.0,3.173703703703704,0.0,1.6894666666666667,optimal
2021-02-07 18:00:00,42,6,0.0,0.1548148148148148,0.0,0.40613333333333335,optimal
2021-02-07 18:30:00,42,6,0.0,0.5418518518518518,0.0,0.3576666666666667,optimal
2021-02-07 19:00:00,42,6,0.0,0.46444444444444444,0.0,0.37760000000000005,optimal
2021-02-07 19:30:00,42,6,0.0,0.23222222222222222,0.0,1.0092999999999999,optimal
2021-02-07 20:00:00,42,6,0.0,0.0,0.0,2.7674666666666665,optimal
2021-02-07 20:30:00,42,6,0.0,0.1548148148148148,0.0,2.1480333333333332,optimal
2021-02-07 21:00:00,42,6,0.0,1.548148148148148,0.0,0.051,optimal
2021-02-07 21:30:00,42,6,0.0,0.0,0.0,0.2700666666666667,optimal
2021-02-07 22:00:00,42,6,0.0,0.0,0.0,0.4044666666666666,optimal
2021-02-07 22:30:00,42,6,0.0,0.0,0.0,0.19646666666666668,optimal
2021-02-07 23:00:00,42,6,0.0,0.0,0.0,0.3187333333333333,optimal
2021-02-07 23:30:00,42,6,0.0,0.0,0.0,0.14673333333333333,optimal
2021-02-08 00:00:00,42,6,0.0,0.0,0.0,2.205333333333333,optimal
2021-02-08 00:30:00,42,6,0.0,0.387037037037037,0.0,0.109,optimal
2021-02-08 01:00:00,42,6,0.0,0.0,0.0,0.7586666666666666,optimal
2021-02-08 01:30:00,42,6,0.0,0.0,0.0,0.048,optimal
2021-02-08 02:00:00,42,6,0.5286212563044068,0.0,0.0,0.15030000000000002,optimal
2021-02-08 02:30:00,42,6,1.1428571428571428,0.0,0.0,0.15030000000000002,optimal
2021-02-08 03:00:00,42,6,1.1428571428571428,0.0,0.0,0.048,optimal
2021-02-08 03:30:00,42,6,1.1428571428571428,0.0,0.0,0.11033333333333331,optimal
2021-02-08 04:00:00,42,6,1.1428571428571428,0.0,0.0,0.13856666666666667,optimal
2021-02-08 04:30:00,42,6,1.1428571428571428,0.0,0.0,0.1097,optimal
2021-02-08 05:00:00,42,6,1.1428571428571428,0.0,0.0,0.13290000000000002,optimal
2021-02-08 05:30:00,42,6,1.1428571428571428,0.0,0.0,0.1677,optimal
2021-02-08 06:00:00,42,6,1.1428571428571428,0.0,0.7040223207205767,0.086,optimal
2021-02-08 06:30:00,42,6,1.1428571428571428,0.387037037037037,5.0,2.1457333333333333,optimal
2021-02-08 07:00:00,42,6,1.1428571428571428,0.46444444444444444,5.0,0.047,optimal
2021-02-08 07:30:00,42,6,1.1428571428571428,3.096296296296296,0.0,0.32556666666666667,optimal
2021-02-08 08:00:00,42,6,0.5570482936791875,3.5607407407407403,0.0,2.1939333333333333,optimal
2021-02-08 08:30:00,42,6,0.6005076379522574,0.774074074074074,0.0,0.17206666666666667,optimal
2021-02-08 09:00:00,42,6,0.5127433114364287,0.23222222222222222,0.0,0.10740000000000001,optimal
2021-02-08 09:30:00,42,6,0.47354953312206993,1.6658074074074074,0.0,0.1464,optimal
2021-02-08 10:00:00,42,6,0.23025606924698308,1.6627111111111115,0.0,0.2287,optimal
2021-02-08 10:30:00,42,6,0.16024032375181993,0.1548148148148148,0.0,0.5169333333333332,optimal
2021-02-08 11:00:00,42,6,0.10783026487502524,0.0774074074074074,0.0,1.1251333333333335,optimal
2021-02-08 11:30:00,42,6,0.1774337777448215,0.0,0.0,0.305,optimal
2021-02-08 12:00:00,42,6,0.19301270441420118,0.0,0.0,0.11359999999999999,optimal
2021-02-08 12:30:00,42,6,0.20424639682046186,0.387037037037037,0.0,0.1546,optimal
2021-02-08 13:00:00,42,6,1.1428571428571428,0.23222222222222222,0.0,0.16033333333333336,optimal
2021-02-08 13:30:00,42,6,1.1428571428571428,0.0774074074074074,0.0,2.2423,optimal
2021-02-08 14:00:00,42,6,1.1428571428571428,0.0774074074074074,0.0,2.4494333333333334,optimal
2021-02-08 14:30:00,42,6,1.1428571428571428,0.0,0.0,0.069,optimal
2021-02-08 15:00:00,42,6,1.1428571428571428,0.0,0.0,0.1714,optimal
2021-02-08 15:30:00,42,6,1.1428571428571428,0.0,0.0,0.09786666666666666,optimal
2021-02-08 16:00:00,42,6,0.0,0.0,0.0,0.1849333333333333,optimal
2021-02-08 16:30:00,42,6,0.0,0.0,0.0,0.154,optimal
2021-02-08 17:00:00,42,6,0.0,0.0,0.0,2.4429666666666665,optimal
2021-02-08 17:30:00,42,6,0.0,0.387037037037037,0.0,0.2914333333333333,optimal
2021-02-08 18:00:00,42,6,0.0,0.0,0.0,0.20233333333333328,optimal
2021-02-08 18:30:00,42,6,0.0,0.0774074074074074,0.0,0.6297,optimal
2021-02-08 19:00:00,42,6,0.0,0.46444444444444444,0.0,2.567833333333333,optimal
2021-02-08 19:30:00,42,6,0.0,0.46444444444444444,0.0,2.4511666666666665,optimal
2021-02-08 20:00:00,42,6,0.08550186936230907,0.0,0.0,0.3045333333333334,optimal
2021-02-08 20:30:00,42,6,0.0,0.0,0.0,0.124,optimal
2021-02-08 21:00:00,42,6,0.0,0.0,0.0,0.058,optimal
2021-02-08 21:30:00,42,6,0.0,0.0,0.0,0.36760000000000004,optimal
2021-02-08 22:00:00,42,6,0.0,0.0774074074074074,0.0,2.607733333333333,optimal
2021-02-08 22:30:00,42,6,0.0,0.0,0.0,2.6501,optimal
2021-02-08 23:00:00,42,6,0.0,0.0,0.0,2.4296333333333333,optimal
2021-02-08 23:30:00,42,6,0.0,0.0,0.0,0.08,optimal
2021-02-09 00:00:00,42,6,0.0,0.0,0.0,0.06,optimal
2021-02-09 00:30:00,42,6,0.0,0.0,0.0,0.06,optimal
2021-02-09 01:00:00,42,6,0.0,0.0,0.0,0.06,optimal
2021-02-09 01:30:00,42,6,1.1288670756376038,0.0,0.0,0.07479999999999999,optimal
2021-02-09 02:00:00,42,6,1.1428571428571428,0.0,0.0,0.1118,optimal
2021-02-09 02:30:00,42,6,1.1428571428571428,0.0,0.0,0.0674,optimal
2021-02-09 03:00:00,42,6,1.1428571428571428,0.0,0.0,0.1192,optimal
2021-02-09 03:30:00,42,6,1.1428571428571428,0.0,0.0,0.07479999999999999,optimal
2021-02-09 04:00:00,42,6,1.1428571428571428,0.0,0.0,0.1118,optimal
2021-02-09 04:30:00,42,6,1.1428571428571428,0.0,0.0,0.0859,optimal
2021-02-09 05:00:00,42,6,1.1428571428571428,0.0,2.390974591478515,0.1007,optimal
2021-02-09 05:30:00,42,6,1.1428571428571428,0.0,5.0,0.06,optimal
2021-02-09 06:00:00,42,6,1.1428571428571428,0.0,5.0,0.1266,optimal
2021-02-09 06:30:00,42,6,1.1428571428571428,0.0,5.0,0.059333333333333335,optimal
2021-02-09 07:00:00,42,6,1.1428571428571428,0.0,5.0,0.07876666666666667,optimal
2021-02-09 07:30:00,42,6,1.1428571428571428,0.23222222222222222,0.0,0.2655,optimal
2021-02-09 08:00:00,42,6,0.3998871540415217,0.6192592592592592,0.0,1.1761333333333335,optimal
2021-02-09 08:30:00,42,6,0.6277409947747903,0.0,0.0,0.6869333333333333,optimal
2021-02-09 09:00:00,42,6,0.7331271702685618,0.0,0.0,0.067,optimal
2021-02-09 09:30:00,42,6,0.7202634231636533,0.0,0.0,0.06,optimal
2021-02-09 10:00:00,42,6,0.4264514468164233,0.46444444444444444,0.0,0.39116666666666666,optimal
2021-02-09 10:30:00,42,6,0.5243507051813892,0.0,0.0,0.063,optimal
2021-02-09 11:00:00,42,6,0.33389086051297984,0.0,0.0,0.1286,optimal
2021-02-09 11:30:00,42,6,0.35077547409073395,0.0,0.0,0.06,optimal
2021-02-09 12:00:00,42,6,0.23632710574384752,0.0,0.0,0.06,optimal
2021-02-09 12:30:00,42,6,0.23529963502323462,0.0,0.0,0.0711,optimal
2021-02-09 13:00:00,42,6,1.1428571428571428,0.0,0.0,0.1235,optimal
2021-02-09 13:30:00,42,6,1.1428571428571428,0.0,0.0,0.07,optimal
2021-02-09 14:00:00,42,6,1.1428571428571428,0.0,0.0,0.12826666666666667,optimal
2021-02-09 14:30:00,42,6,1.1428571428571428,0.0,0.0,0.06,optimal
2021-02-09 15:00:00,42,6,1.1428571428571428,0.0,0.0,0.068,optimal
2021-02-09 15:30:00,42,6,1.1428571428571428,0.23222222222222222,0.0,1.1624666666666668,optimal
2021-02-09 16:00:00,42,6,0.0,0.1548148148148148,0.0,1.4896666666666667,optimal
2021-02-09 16:30:00,42,6,0.0,0.0,0.0,0.8868666666666667,optimal
2021-02-09 17:00:00,42,6,0.0,0.0,0.0,0.0835,optimal
2021-02-09 17:30:00,42,6,0.0,0.0,0.0,0.12179999999999999,optimal
2021-02-09 18:00:00,42,6,0.0,0.0,0.0,0.0848,optimal
2021-02-09 18:30:00,42,6,0.0,0.0,0.0,0.062,optimal
2021-02-09 19:00:00,42,6,0.0,0.0,0.0,0.13090000000000002,optimal
2021-02-09 19:30:00,42,6,0.45801960477183873,0.0,0.0,0.16436666666666666,optimal
2021-02-09 20:00:00,42,6,0.8100226718568658,0.0,0.0,0.06,optimal
2021-02-09 20:30:00,42,6,0.0,0.0,0.0,0.06,optimal
2021-02-09 21:00:00,42,6,0.0,0.0,0.0,0.1266,optimal
2021-02-09 21:30:00,42,6,0.0,0.0,0.0,0.06,optimal
2021-02-09 22:00:00,42,6,0.0,0.0,0.0,0.4401333333333333,optimal
2021-02-09 22:30:00,42,6,0.0,0.0774074074074074,0.0,0.2996666666666667,optimal
2021-02-09 23:00:00,42,6,0.0,0.0,0.0,0.3145333333333334,optimal
2021-02-09 23:30:00,42,6,0.0,0.0,0.0,0.2282333333333333,optimal
2021-02-10 00:00:00,42,6,0.0,0.0,0.0,0.04886666666666667,optimal
2021-02-10 00:30:00,42,6,0.0,0.0,0.0,0.1368,optimal
2021-02-10 01:00:00,42,6,0.7028345497984161,0.0,0.0,0.038,optimal
2021-02-10 01:30:00,42,6,1.1428571428571428,0.0,0.0,0.1316,optimal
2021-02-10 02:00:00,42,6,1.1428571428571428,0.0,0.0,0.0484,optimal
2021-02-10 02:30:00,42,6,1.1428571428571428,0.0,0.0,0.038,optimal
2021-02-10 03:00:00,42,6,1.1428571428571428,0.0,0.0,0.0432,optimal
2021-02-10 03:30:00,42,6,1.1428571428571428,0.0,0.0,0.1368,optimal
2021-02-10 04:00:00,42,6,1.1428571428571428,0.0,0.0,0.038,optimal
2021-02-10 04:30:00,42,6,1.1428571428571428,0.0,0.0,0.04166666666666666,optimal
2021-02-10 05:00:00,42,6,1.1428571428571428,0.0,1.9719855212859205,0.046,optimal
2021-02-10 05:30:00,42,6,1.1428571428571428,0.0,5.0,0.142,optimal
2021-02-10 06:00:00,42,6,1.1428571428571428,0.0,5.0,0.038,optimal
2021-02-10 06:30:00,42,6,1.1428571428571428,0.0,5.0,0.037666666666666654,optimal
2021-02-10 07:00:00,42,6,1.1428571428571428,2.4770370370370367,5.0,0.3898333333333333,optimal
2021-02-10 07:30:00,42,6,1.1428571428571428,1.006296296296296,0.0,1.0983,optimal
2021-02-10 08:00:00,42,6,0.6484453910513424,0.9288888888888889,0.0,0.1354,optimal
2021-02-10 08:30:00,42,6,0.79012670250521,3.5839629629629624,0.0,0.07686666666666667,optimal
2021-02-10 09:00:00,42,6,0.7300083653677806,0.0,0.0,0.0792,optimal
2021-02-10 09:30:00,42,6,0.7095468196787994,0.0,0.0,0.12079999999999999,optimal
2021-02-10 10:00:00,42,6,0.5397603919543186,0.0,0.0,0.048,optimal
2021-02-10 10:30:00,42,6,0.5333285184018701,0.0,0.0,0.048,optimal
2021-02-10 11:00:00,42,6,0.4010382537762365,0.0,0.0,0.048,optimal
2021-02-10 11:30:00,42,6,0.3967503380745965,0.0,0.0,0.048,optimal
2021-02-10 12:00:00,42,6,0.22981465544763452,0.0,0.0,0.048,optimal
2021-02-10 12:30:00,42,6,0.20010036973334672,0.0,0.0,0.152,optimal
2021-02-10 13:00:00,42,6,0.5781095277677216,1.2152962962962963,0.0,0.058,optimal
2021-02-10 13:30:00,42,6,1.1428571428571428,0.387037037037037,0.0,0.1424,optimal
2021-02-10 14:00:00,42,6,1.1428571428571428,0.0,0.0,0.1216,optimal
2021-02-10 14:30:00,42,6,1.1428571428571428,0.0,0.0,0.050633333333333336,optimal
2021-02-10 15:00:00,42,6,1.1428571428571428,0.0,0.0,0.06326666666666667,optimal
2021-02-10 15:30:00,42,6,1.1428571428571428,0.0,0.0,1.0784,optimal
2021-02-10 16:00:00,42,6,0.0,0.387037037037037,0.0,0.8134666666666667,optimal
2021-02-10 16:30:00,42,6,0.0,0.5418518518518518,0.0,0.5871000000000001,optimal
2021-02-10 17:00:00,42,6,0.0,0.0,0.0,0.23753333333333332,optimal
2021-02-10 17:30:00,42,6,0.0,0.0,0.0,0.5008,optimal
2021-02-10 18:00:00,42,6,0.0,0.6966666666666667,0.0,2.683,optimal
2021-02-10 18:30:00,42,6,0.0,1.7029629629629628,0.0,3.6421,optimal
2021-02-10 19:00:00,42,6,0.0,0.0,0.0,0.19093333333333332,optimal
2021-02-10 19:30:00,42,6,0.0,1.433585185185185,0.0,0.312,optimal
2021-02-10 20:00:00,42,6,0.0,4.294562962962962,0.0,0.2118333333333333,optimal
2021-02-10 20:30:00,42,6,0.0,0.0774074074074074,0.0,0.41656666666666664,optimal
2021-02-10 21:00:00,42,6,0.0,0.0,0.0,1.499,optimal
2021-02-10 21:30:00,42,6,0.0,0.3096296296296296,0.0,0.138,optimal
2021-02-10 22:00:00,42,6,0.0,0.0774074074074074,0.0,0.30989999999999995,optimal
2021-02-10 22:30:00,42,6,0.0,0.1548148148148148,0.0,0.08426666666666667,optimal
2021-02-10 23:00:00,42,6,0.0,0.0,0.0,0.05866666666666666,optimal
2021-02-10 23:30:00,42,6,0.0,0.0,0.0,0.048,optimal
2021-02-11 00:00:00,42,6,0.40874402407251675,0.0,0.0,0.063,optimal
2021-02-11 00:30:00,42,6,1.1428571428571428,0.0,0.0,0.063,optimal
2021-02-11 01:00:00,42,6,1.1428571428571428,0.0,0.0,0.063,optimal
2021-02-11 01:30:00,42,6,1.1428571428571428,0.0,0.0,0.063,optimal
2021-02-11 02:00:00,42,6,1.1428571428571428,0.0,0.0,0.063,optimal
2021-02-11 02:30:00,42,6,1.1428571428571428,0.0,0.0,2.336333333333333,optimal
2021-02-11 03:00:00,42,6,1.1428571428571428,0.0,0.0,0.6461666666666667,optimal
2021-02-11 03:30:00,42,6,1.1428571428571428,0.0,0.0,1.8914666666666666,optimal
2021-02-11 04:00:00,42,6,1.1428571428571428,0.0774074074074074,0.0,0.16,optimal
2021-02-11 04:30:00,42,6,1.1428571428571428,0.0,0.0,0.063,optimal
2021-02-11 05:00:00,42,6,1.1428571428571428,0.0,2.9443414108347623,0.063,optimal
2021-02-11 05:30:00,42,6,1.1428571428571428,0.23222222222222222,5.0,2.162266666666667,optimal
2021-02-11 06:00:00,42,6,1.1428571428571428,0.387037037037037,0.0,0.38606666666666667,optimal
2021-02-11 06:30:00,42,6,1.1428571428571428,0.387037037037037,0.0,0.16,optimal
2021-02-11 07:00:00,42,6,1.1428571428571428,0.1548148148148148,0.0,0.165,optimal
2021-02-11 07:30:00,42,6,1.1428571428571428,0.0,0.0,0.17,optimal
2021-02-11 08:00:00,42,6,0.732979803096844,2.4770370370370367,0.0,0.3917333333333333,optimal
2021-02-11 08:30:00,42,6,0.6485012004588201,0.23222222222222222,0.0,2.2106,optimal
2021-02-11 09:00:00,42,6,0.6164764027732131,7.262362962962961,0.0,0.18,optimal
2021-02-11 09:30:00,42,6,0.5523638889343221,0.7106000000000005,0.0,2.4133666666666667,optimal
2021-02-11 10:00:00,42,6,0.26709834697892537,0.1548148148148148,0.0,0.2636,optimal
2021-02-11 10:30:00,42,6,0.33243631737920537,0.0,0.0,1.2239333333333333,optimal
2021-02-11 11:00:00,42,6,0.13340243394016102,0.387037037037037,0.0,2.6736999999999997,optimal
2021-02-11 11:30:00,42,6,0.20185163760646763,0.3096296296296296,0.0,0.153,optimal
2021-02-11 12:00:00,42,6,0.0,0.0,0.0,2.4316666666666666,optimal
2021-02-11 12:30:00,42,6,0.01852321572640499,0.0,0.0,0.18773333333333328,optimal
2021-02-11 13:00:00,42,6,1.1428571428571428,0.0,0.0,1.8375333333333332,optimal
2021-02-11 13:30:00,42,6,1.1428571428571428,0.0,0.0,1.0845666666666667,optimal
2021-02-11 14:00:00,42,6,1.1428571428571428,0.387037037037037,0.0,0.071,optimal
2021-02-11 14:30:00,42,6,1.1428571428571428,0.0,0.0,0.074,optimal
2021-02-11 15:00:00,42,6,1.1428571428571428,0.387037037037037,0.0,0.081,optimal
2021-02-11 15:30:00,42,6,1.1428571428571428,0.0,0.0,0.5885666666666667,optimal
2021-02-11 16:00:00,42,6,0.0,0.0,0.0,1.9885333333333333,optimal
2021-02-11 16:30:00,42,6,0.0,0.46444444444444444,0.0,0.18,optimal
2021-02-11 17:00:00,42,6,0.0,0.5418518518518518,0.0,2.4326666666666665,optimal
2021-02-11 17:30:00,42,6,0.0,0.5418518518518518,0.0,0.17,optimal
2021-02-11 18:00:00,42,6,0.0,0.0,0.0,0.178,optimal
2021-02-11 18:30:00,42,6,0.0,0.1548148148148148,0.0,2.4992666666666667,optimal
2021-02-11 19:00:00,42,6,0.0,0.3096296296296296,0.0,2.6664666666666665,optimal
2021-02-11 19:30:00,42,6,0.0,0.0,0.0,0.419,optimal
2021-02-11 20:00:00,42,6,0.506947310578998,0.23222222222222222,0.0,0.2728,optimal
2021-02-11 20:30:00,42,6,0.0,0.0,0.0,0.1979,optimal
2021-02-11 21:00:00,42,6,0.0,0.0,0.0,0.46626666666666666,optimal
2021-02-11 21:30:00,42,6,0.0,0.0,0.0,1.7215333333333334,optimal
2021-02-11 22:00:00,42,6,0.0,0.0,0.0,0.073,optimal
2021-02-11 22:30:00,42,6,0.0,0.0,0.0,0.073,optimal
2021-02-11 23:00:00,42,6,0.0,0.0,0.0,0.073,optimal
2021-02-11 23:30:00,42,6,0.0,0.0,0.0,0.07133333333333333,optimal
2021-02-12 00:00:00,42,6,1.1428571428571428,0.0,0.0,0.062,optimal
2021-02-12 00:30:00,42,6,1.1428571428571428,1.7803703703703702,0.0,0.11193333333333334,optimal
2021-02-12 01:00:00,42,6,1.1428571428571428,0.0,0.0,0.062,optimal
2021-02-12 01:30:00,42,6,1.1428571428571428,0.0,0.0,0.062,optimal
2021-02-12 02:00:00,42,6,1.1428571428571428,0.0,0.0,0.062,optimal
2021-02-12 02:30:00,42,6,1.1428571428571428,0.0,0.0,0.062,optimal
2021-02-12 03:00:00,42,6,1.1428571428571428,0.0,0.0,0.062,optimal
2021-02-12 03:30:00,42,6,1.1428571428571428,0.0,0.0,0.062,optimal
2021-02-12 04:00:00,42,6,1.1428571428571428,0.0,0.0,0.062,optimal
2021-02-12 04:30:00,42,6,1.1428571428571428,0.0,0.0,0.062,optimal
2021-02-12 05:00:00,42,6,1.1428571428571428,0.0,0.0,0.062,optimal
2021-02-12 05:30:00,42,6,1.1428571428571428,0.0,1.478426541871308,0.062,optimal
2021-02-12 06:00:00,42,6,1.1428571428571428,0.0,5.0,0.062,optimal
2021-02-12 06:30:00,42,6,1.1428571428571428,0.0,5.0,0.062,optimal
2021-02-12 07:00:00,42,6,1.1428571428571428,0.0,5.0,0.062,optimal
2021-02-12 07:30:00,42,6,1.1428571428571428,9.167683429522208,0.0,0.062,optimal
2021-02-12 08:00:00,42,6,0.850331934373615,3.1164222222222224,0.0,0.226,optimal
2021-02-12 08:30:00,42,6,0.8168563372054487,5.088762962962962,0.0,0.3495,optimal
2021-02-12 09:00:00,42,6,0.7614741751361196,0.3096296296296296,0.0,0.09786666666666666,optimal
2021-02-12 09:30:00,42,6,0.6516828868429942,0.0,0.0,0.1326,optimal
2021-02-12 10:00:00,42,6,0.4059050244262503,0.0,0.0,0.084,optimal
2021-02-12 10:30:00,42,6,0.06329050447685125,0.1548148148148148,0.0,2.0003333333333333,optimal
2021-02-12 11:00:00,42,6,0.17864708029437856,0.46444444444444444,0.0,0.23596666666666666,optimal
2021-02-12 11:30:00,42,6,0.17749931291974425,0.0,0.0,0.20980000000000001,optimal
2021-02-12 12:00:00,42,6,0.11658096766880431,0.0,0.0,0.2873,optimal
2021-02-12 12:30:00,42,6,0.13679320029418002,0.0,0.0,0.21773333333333328,optimal
2021-02-12 13:00:00,42,6,1.1428571428571428,0.0,0.0,0.072,optimal
2021-02-12 13:30:00,42,6,1.1428571428571428,0.0,0.0,0.072,optimal
2021-02-12 14:00:00,42,6,1.1428571428571428,0.0,0.0,0.072,optimal
2021-02-12 14:30:00,42,6,1.1428571428571428,0.0,0.0,0.072,optimal
2021-02-12 15:00:00,42,6,1.1428571428571428,0.0,0.0,0.072,optimal
2021-02-12 15:30:00,42,6,1.1428571428571428,0.0,0.0,0.072,optimal
2021-02-12 16:00:00,42,6,0.0,0.0,0.0,0.072,optimal
2021-02-12 16:30:00,42,6,0.0,0.0774074074074074,0.0,0.2528666666666667,optimal
2021-02-12 17:00:00,42,6,0.0,0.0,0.0,0.33846666666666664,optimal
2021-02-12 17:30:00,42,6,0.0,0.23222222222222222,0.0,0.24466666666666662,optimal
2021-02-12 18:00:00,42,6,0.0,0.0,0.0,0.072,optimal
2021-02-12 18:30:00,42,6,0.0,0.0,0.0,0.40213333333333334,optimal
2021-02-12 19:00:00,42,6,0.0,0.1548148148148148,0.0,0.3191333333333333,optimal
2021-02-12 19:30:00,42,6,0.5602763492167988,0.1548148148148148,0.0,0.3418,optimal
2021-02-12 20:00:00,42,6,0.6683941474067052,0.0,0.0,0.4417,optimal
2021-02-12 20:30:00,42,6,0.0,0.0,0.0,1.6228333333333333,optimal
2021-02-12 21:00:00,42,6,0.0,0.0,0.0,0.2546,optimal
2021-02-12 21:30:00,42,6,0.0,0.0774074074074074,0.0,0.46613333333333334,optimal
2021-02-12 22:00:00,42,6,0.0,0.0,0.0,0.49726666666666663,optimal
2021-02-12 22:30:00,42,6,0.0,0.0,0.0,0.37639999999999996,optimal
2021-02-12 23:00:00,42,6,0.0,0.0,0.0,0.1857666666666667,optimal
2021-02-12 23:30:00,42,6,0.0,0.0,0.0,0.06966666666666667,optimal
2021-02-13 00:00:00,42,6,0.0,0.0,0.0,0.1981,optimal
2021-02-13 00:30:00,42,6,0.0,0.23222222222222222,0.0,0.31189999999999996,optimal
2021-02-13 01:00:00,42,6,0.0,0.0,0.0,0.3023666666666667,optimal
2021-02-13 01:30:00,42,6,1.0720151446956034,0.0,0.0,0.2752,optimal
2021-02-13 02:00:00,42,6,1.1428571428571428,0.0,0.0,0.11606666666666667,optimal
2021-02-13 02:30:00,42,6,1.1428571428571428,0.0,0.0,0.0829,optimal
2021-02-13 03:00:00,42,6,1.1428571428571428,0.0,0.0,0.3103666666666667,optimal
2021-02-13 03:30:00,42,6,1.1428571428571428,0.0,0.0,0.063,optimal
2021-02-13 04:00:00,42,6,1.1428571428571428,0.0,0.0,0.16006666666666666,optimal
2021-02-13 04:30:00,42,6,1.1428571428571428,0.0,3.1542597269363095,0.2332,optimal
2021-02-13 05:00:00,42,6,1.1428571428571428,0.0,5.0,0.07513333333333334,optimal
2021-02-13 05:30:00,42,6,1.1428571428571428,0.0,5.0,0.3181333333333333,optimal
2021-02-13 06:00:00,42,6,1.1428571428571428,0.0,5.0,0.06906666666666667,optimal
2021-02-13 06:30:00,42,6,1.1428571428571428,0.5836518518518518,5.0,0.25056666666666666,optimal
2021-02-13 07:00:00,42,6,1.1428571428571428,1.1967185185185187,5.0,0.3466,optimal
2021-02-13 07:30:00,42,6,1.1428571428571428,0.5418518518518518,0.0,0.28303333333333336,optimal
2021-02-13 08:00:00,42,6,0.695553089451775,0.1548148148148148,0.0,0.3514,optimal
2021-02-13 08:30:00,42,6,0.7793710363628537,0.0,0.0,0.3106333333333333,optimal
2021-02-13 09:00:00,42,6,0.6272011331076549,0.23222222222222222,0.0,0.41893333333333327,optimal
2021-02-13 09:30:00,42,6,0.5179670581392902,0.387037037037037,0.0,0.411,optimal
2021-02-13 10:00:00,42,6,0.2785282860622091,0.0,0.0,0.4433,optimal
2021-02-13 10:30:00,42,6,0.33220337583044707,0.0,0.0,0.33126666666666665,optimal
2021-02-13 11:00:00,42,6,0.1324818128851454,0.46444444444444444,0.0,0.3511,optimal
2021-02-13 11:30:00,42,6,0.1558159502724206,0.23222222222222222,0.0,0.3728333333333333,optimal
2021-02-13 12:00:00,42,6,0.08525649546071906,0.0,0.0,0.3521,optimal
2021-02-13 12:30:00,42,6,0.02953810356860823,7.585925925925924,0.0,0.5824,optimal
2021-02-13 13:00:00,42,6,1.0687104457259884,0.0774074074074074,0.0,1.1008,optimal
2021-02-13 13:30:00,42,6,1.1428571428571428,0.0,0.0,0.1882666666666667,optimal
2021-02-13 14:00:00,42,6,1.1428571428571428,0.0,0.0,0.1725,optimal
2021-02-13 14:30:00,42,6,1.1428571428571428,0.0,0.0,0.11943333333333334,optimal
2021-02-13 15:00:00,42,6,1.1428571428571428,0.0,0.0,0.12153333333333331,optimal
2021-02-13 15:30:00,42,6,1.1428571428571428,0.0,0.0,0.8905666666666667,optimal
2021-02-13 16:00:00,42,6,0.0,0.387037037037037,0.0,0.4433,optimal
2021-02-13 16:30:00,42,6,0.0,0.46444444444444444,0.0,0.5152,optimal
2021-02-13 17:00:00,42,6,0.0,0.6966666666666667,0.0,0.5529333333333333,optimal
2021-02-13 17:30:00,42,6,0.0,0.3096296296296296,0.0,0.37789999999999996,optimal
2021-02-13 18:00:00,42,6,0.0,0.3096296296296296,0.0,0.41873333333333335,optimal
2021-02-13 18:30:00,42,6,0.0,0.0,0.0,0.5302,optimal
2021-02-13 19:00:00,42,6,0.0,0.387037037037037,0.0,0.663,optimal
2021-02-13 19:30:00,42,6,0.0,0.0774074074074074,0.0,1.4155333333333333,optimal
2021-02-13 20:00:00,42,6,0.0,0.0,0.0,0.5423333333333333,optimal
2021-02-13 20:30:00,42,6,0.0,0.0,0.0,0.5223,optimal
2021-02-13 21:00:00,42,6,0.0,0.0774074074074074,0.0,0.5933666666666667,optimal
2021-02-13 21:30:00,42,6,0.0,0.0,0.0,0.3502,optimal
2021-02-13 22:00:00,42,6,0.0,0.1548148148148148,0.0,0.24080000000000001,optimal
2021-02-13 22:30:00,42,6,0.0,0.0,0.0,0.24973333333333328,optimal
2021-02-13 23:00:00,42,6,0.0,0.0,0.0,0.1592333333333333,optimal
2021-02-13 23:30:00,42,6,0.0,0.0,0.0,0.25403333333333333,optimal
2021-02-07 00:00:00,43,6,0.0,0.0,0.0,0.0714,optimal
2021-02-07 00:30:00,43,6,0.0,0.0,0.0,0.12840000000000001,optimal
2021-02-07 01:00:00,43,6,0.0,0.0,0.0,0.06,optimal
2021-02-07 01:30:00,43,6,0.0,0.0,0.0,0.09923333333333333,optimal
2021-02-07 02:00:00,43,6,0.0,0.0,0.0,1.6504,optimal
2021-02-07 02:30:00,43,6,0.0,0.0,0.0,0.1287333333333333,optimal
2021-02-07 03:00:00,43,6,0.0,0.0,0.0,0.1398,optimal
2021-02-07 03:30:00,43,6,0.0,0.0,0.0,0.06,optimal
2021-02-07 04:00:00,43,6,1.1428571428571428,0.0,0.0,0.06,optimal
2021-02-07 04:30:00,43,6,1.1428571428571428,0.0,0.0,0.06,optimal
2021-02-07 05:00:00,43,6,1.1428571428571428,0.0,0.0,0.1398,optimal
2021-02-07 05:30:00,43,6,1.1428571428571428,0.0,0.0,0.06,optimal
2021-02-07 06:00:00,43,6,1.1428571428571428,0.0,0.0,0.0828,optimal
2021-02-07 06:30:00,43,6,1.1428571428571428,0.0,0.0,0.117,optimal
2021-02-07 07:00:00,43,6,1.1428571428571428,4.644444444444443,1.7076336144509696,0.249,optimal
2021-02-07 07:30:00,43,6,0.0,0.1548148148148148,0.0,0.4331666666666667,optimal
2021-02-07 08:00:00,43,6,0.0,0.5418518518518518,0.0,0.3486,optimal
2021-02-07 08:30:00,43,6,0.0,0.0,0.0,0.46443333333333325,optimal
2021-02-07 09:00:00,43,6,0.40940094090174234,0.0,0.0,0.48310000000000003,optimal
2021-02-07 09:30:00,43,6,0.5511718663007359,0.1548148148148148,0.0,0.198,optimal
2021-02-07 10:00:00,43,6,0.4169062996027452,0.387037037037037,0.0,0.4129,optimal
2021-02-07 10:30:00,43,6,0.4819846914948515,0.1548148148148148,0.0,0.38046666666666656,optimal
2021-02-07 11:00:00,43,6,0.38076979632515434,0.0,0.0,0.4601,optimal
2021-02-07 11:30:00,43,6,0.3908555106108685,0.0,0.0,0.3038,optimal
2021-02-07 12:00:00,43,6,0.7091938066919955,0.23222222222222222,0.0,0.3168333333333333,optimal
2021-02-07 12:30:00,43,6,1.1428571428571428,0.0,0.0,0.159,optimal
2021-02-07 13:00:00,43,6,1.1428571428571428,0.3096296296296296,0.0,0.13056666666666666,optimal
2021-02-07 13:30:00,43,6,1.1428571428571428,0.23222222222222222,0.0,0.16736666666666666,optimal
2021-02-07 14:00:00,43,6,1.1428571428571428,0.0,0.0,0.17996666666666666,optimal
2021-02-07 14:30:00,43,6,1.1428571428571428,0.0,0.0,0.22513333333333332,optimal
2021-02-07 15:00:00,43,6,1.1428571428571428,0.0,0.0,0.07,optimal
2021-02-07 15:30:00,43,6,1.1428571428571428,0.0,0.0,0.1156,optimal
2021-02-07 16:00:00,43,6,0.0,0.0,0.0,0.1042,optimal
2021-02-07 16:30:00,43,6,0.0,0.0,0.0,0.07,optimal
2021-02-07 17:00:00,43,6,0.0,0.0,0.0,0.1441,optimal
2021-02-07 17:30:00,43,6,0.0,0.23222222222222222,0.0,0.11336666666666666,optimal
2021-02-07 18:00:00,43,6,0.0,0.0,0.0,0.07,optimal
2021-02-07 18:30:00,43,6,0.0,0.0,0.0,0.07,optimal
2021-02-07 19:00:00,43,6,0.0,0.0,0.0,0.30556666666666665,optimal
2021-02-07 19:30:00,43,6,0.4768980972088234,0.23222222222222222,0.0,0.4558666666666667,optimal
2021-02-07 20:00:00,43,6,0.4966504781611958,0.0,0.0,0.43539999999999995,optimal
2021-02-07 20:30:00,43,6,0.0,0.387037037037037,0.0,0.38326666666666664,optimal
2021-02-07 21:00:00,43,6,0.0,0.23222222222222222,0.0,0.3256,optimal
2021-02-07 21:30:00,43,6,0.0,0.0,0.0,0.2368,optimal
2021-02-07 22:00:00,43,6,0.0,0.0,0.0,0.3072,optimal
2021-02-07 22:30:00,43,6,0.0,0.0,0.0,0.07,optimal
2021-02-07 23:00:00,43,6,0.0,0.0,0.0,0.07,optimal
2021-02-07 23:30:00,43,6,0.0,0.0,0.0,0.10186666666666666,optimal
2021-02-08 00:00:00,43,6,0.0,0.0,0.0,0.055,optimal
2021-02-08 00:30:00,43,6,0.0,0.0,0.0,0.055,optimal
2021-02-08 01:00:00,43,6,0.0,0.0,0.0,0.055,optimal
2021-02-08 01:30:00,43,6,0.32177587048415207,0.0,0.0,0.055,optimal
2021-02-08 02:00:00,43,6,1.1428571428571428,0.0,0.0,0.055,optimal
2021-02-08 02:30:00,43,6,1.1428571428571428,0.0,0.0,0.055,optimal
2021-02-08 03:00:00,43,6,1.1428571428571428,0.0,0.0,0.055,optimal
2021-02-08 03:30:00,43,6,1.1428571428571428,0.0,0.0,0.055,optimal
2021-02-08 04:00:00,43,6,1.1428571428571428,0.0,3.554205020631296,0.055,optimal
2021-02-08 04:30:00,43,6,1.1428571428571428,0.0,5.0,0.055,optimal
2021-02-08 05:00:00,43,6,1.1428571428571428,0.0,5.0,0.055,optimal
2021-02-08 05:30:00,43,6,1.1428571428571428,0.0,5.0,0.05966666666666666,optimal
2021-02-08 06:00:00,43,6,1.1428571428571428,0.46444444444444444,5.0,0.11453333333333332,optimal
2021-02-08 06:30:00,43,6,1.1428571428571428,0.3096296296296296,5.0,0.088,optimal
2021-02-08 07:00:00,43,6,1.1428571428571428,0.0,5.0,0.11186666666666666,optimal
2021-02-08 07:30:00,43,6,1.1428571428571428,0.1548148148148148,0.0,0.054,optimal
2021-02-08 08:00:00,43,6,0.5401721032030025,0.8514814814814814,0.0,0.06066666666666666,optimal
2021-02-08 08:30:00,43,6,0.4931743046189198,0.5418518518518518,0.0,0.064,optimal
2021-02-08 09:00:00,43,6,0.34907664476976275,0.0,0.0,0.18009999999999998,optimal
2021-02-08 09:30:00,43,6,0.3330257235982575,1.006296296296296,0.0,0.193,optimal
2021-02-08 10:00:00,43,6,0.32472273591364537,0.23222222222222222,0.0,0.193,optimal
2021-02-08 10:30:00,43,6,0.22175460946609615,0.23222222222222222,0.0,0.37889999999999996,optimal
2021-02-08 11:00:00,43,6,0.09404550297027012,0.23222222222222222,0.0,0.13083333333333333,optimal
2021-02-08 11:30:00,43,6,0.1727099682210106,0.0,0.0,0.14866666666666667,optimal
2021-02-08 12:00:00,43,6,0.12501270441420823,0.0,0.0,0.2112,optimal
2021-02-08 12:30:00,43,6,0.3145892539633176,0.0,0.0,0.065,optimal
2021-02-08 13:00:00,43,6,0.5950067476452325,0.0,0.0,0.065,optimal
2021-02-08 13:30:00,43,6,1.1428571428571428,0.0,0.0,0.065,optimal
2021-02-08 14:00:00,43,6,1.1428571428571428,0.0,0.0,0.065,optimal
2021-02-08 14:30:00,43,6,1.1428571428571428,0.0,0.0,0.11133333333333331,optimal
2021-02-08 15:00:00,43,6,1.1428571428571428,0.0,0.0,0.2112333333333333,optimal
2021-02-08 15:30:00,43,6,1.1428571428571428,0.0,0.0,0.3923333333333333,optimal
2021-02-08 16:00:00,43,6,0.0,0.387037037037037,0.0,0.2604666666666666,optimal
2021-02-08 16:30:00,43,6,0.0,0.1548148148148148,0.0,1.234733333333333,optimal
2021-02-08 17:00:00,43,6,0.0,0.9288888888888889,0.0,1.5651,optimal
2021-02-08 17:30:00,43,6,0.0,0.0,0.0,0.3048666666666667,optimal
2021-02-08 18:00:00,43,6,0.0,0.1548148148148148,0.0,0.4918333333333333,optimal
2021-02-08 18:30:00,43,6,0.0,0.0,0.0,0.669,optimal
2021-02-08 19:00:00,43,6,0.0,0.23222222222222222,0.0,0.2819333333333333,optimal
2021-02-08 19:30:00,43,6,0.0,0.0,0.0,0.08059999999999999,optimal
2021-02-08 20:00:00,43,6,0.0,0.0,0.0,0.065,optimal
2021-02-08 20:30:00,43,6,0.0,0.0,0.0,0.065,optimal
2021-02-08 21:00:00,43,6,0.0,0.0,0.0,0.065,optimal
2021-02-08 21:30:00,43,6,0.0,0.0,0.0,0.065,optimal
2021-02-08 22:00:00,43,6,0.0,0.0,0.0,0.065,optimal
2021-02-08 22:30:00,43,6,0.0,0.0,0.0,0.093,optimal
2021-02-08 23:00:00,43,6,0.0,0.0,0.0,0.24080000000000001,optimal
2021-02-08 23:30:00,43,6,0.0,3.446177777777778,0.0,0.22836666666666666,optimal
2021-02-09 00:00:00,43,6,0.0,0.0,0.0,0.046,optimal
2021-02-09 00:30:00,43,6,0.0,0.0,0.0,0.15553333333333333,optimal
2021-02-09 01:00:00,43,6,0.0,0.0,0.0,0.12193333333333334,optimal
2021-02-09 01:30:00,43,6,0.9657913872656314,0.0,0.0,0.05853333333333333,optimal
2021-02-09 02:00:00,43,6,1.1428571428571428,0.0,0.0,0.3043333333333333,optimal
2021-02-09 02:30:00,43,6,1.1428571428571428,0.0,0.0,0.046,optimal
2021-02-09 03:00:00,43,6,1.1428571428571428,0.0,0.0,0.1024,optimal
2021-02-09 03:30:00,43,6,1.1428571428571428,0.0,0.0,0.13140000000000002,optimal
2021-02-09 04:00:00,43,6,1.1428571428571428,0.0,0.0,0.17506666666666668,optimal
2021-02-09 04:30:00,43,6,1.1428571428571428,0.0,0.0,0.1695,optimal
2021-02-09 05:00:00,43,6,1.1428571428571428,0.1548148148148148,0.0,0.3781333333333333,optimal
2021-02-09 05:30:00,43,6,1.1428571428571428,0.0,0.0,0.15319999999999998,optimal
2021-02-09 06:00:00,43,6,1.1428571428571428,0.1548148148148148,3.140249932198159,0.12940000000000002,optimal
2021-02-09 06:30:00,43,6,1.1428571428571428,1.006296296296296,5.0,0.13826666666666668,optimal
2021-02-09 07:00:00,43,6,1.1428571428571428,2.2448148148148146,0.0,2.960333333333333,optimal
2021-02-09 07:30:00,43,6,1.1428571428571428,0.387037037037037,0.0,1.2615999999999998,optimal
2021-02-09 08:00:00,43,6,0.7199062016605805,0.0,0.0,0.07440000000000001,optimal
2021-02-09 08:30:00,43,6,0.6573124233462156,0.1548148148148148,0.0,0.2968,optimal
2021-02-09 09:00:00,43,6,0.6037843131257045,0.5062444444444444,0.0,0.23186666666666667,optimal
2021-02-09 09:30:00,43,6,0.6054615184017509,0.035607407407407414,0.0,0.49426666666666663,optimal
2021-02-09 10:00:00,43,6,0.2915485896735638,0.1548148148148148,0.0,1.6234666666666666,optimal
2021-02-09 10:30:00,43,6,0.35360784803852713,0.0,0.0,0.3797,optimal
2021-02-09 11:00:00,43,6,0.142142289084407,0.6966666666666667,0.0,1.472,optimal
2021-02-09 11:30:00,43,6,0.0,0.6192592592592592,0.0,1.2629333333333335,optimal
2021-02-09 12:00:00,43,6,0.0,0.1548148148148148,0.0,0.6216,optimal
2021-02-09 12:30:00,43,6,0.0,0.387037037037037,0.0,0.6139,optimal
2021-02-09 13:00:00,43,6,0.010161129252823033,0.0774074074074074,0.0,0.32939999999999997,optimal
2021-02-09 13:30:00,43,6,0.1618626817655686,0.0,0.0,0.3634,optimal
2021-02-09 14:00:00,43,6,1.1428571428571428,0.5418518518518518,0.0,0.4906333333333333,optimal
2021-02-09 14:30:00,43,6,1.1428571428571428,0.387037037037037,0.0,0.29806666666666665,optimal
2021-02-09 15:00:00,43,6,1.1428571428571428,1.0837037037037036,0.0,0.38930000000000003,optimal
2021-02-09 15:30:00,43,6,1.1428571428571428,0.6192592592592592,0.0,0.40463333333333334,optimal
2021-02-09 16:00:00,43,6,0.0,0.1548148148148148,0.0,1.9121,optimal
2021-02-09 16:30:00,43,6,0.0,0.0774074074074074,0.0,1.7771333333333335,optimal
2021-02-09 17:00:00,43,6,0.0,0.1548148148148148,0.0,0.5943999999999999,optimal
2021-02-09 17:30:00,43,6,0.0,0.0,0.0,0.6673333333333333,optimal
2021-02-09 18:00:00,43,6,0.0,0.387037037037037,0.0,0.44310000000000005,optimal
2021-02-09 18:30:00,43,6,0.0,0.23222222222222222,0.0,2.7726666666666664,optimal
2021-02-09 19:00:00,43,6,0.0,0.0,0.0,0.2447333333333333,optimal
2021-02-09 19:30:00,43,6,0.0,0.0,0.0,1.7904,optimal
2021-02-09 20:00:00,43,6,0.0,0.0,0.0,0.32303333333333334,optimal
2021-02-09 20:30:00,43,6,0.0,0.1548148148148148,0.0,1.8425,optimal
2021-02-09 21:00:00,43,6,0.0,0.0,0.0,0.33703333333333335,optimal
2021-02-09 21:30:00,43,6,0.0,0.0774074074074074,0.0,0.1957333333333333,optimal
2021-02-09 22:00:00,43,6,0.0,0.0,0.0,0.5331666666666667,optimal
2021-02-09 22:30:00,43,6,0.0,1.006296296296296,0.0,0.35896666666666666,optimal
2021-02-09 23:00:00,43,6,0.0,0.0,0.0,0.0865,optimal
2021-02-09 23:30:00,43,6,0.0,0.0,0.0,0.2525,optimal
2021-02-10 00:00:00,43,6,0.0,0.0,0.0,0.16233333333333333,optimal
2021-02-10 00:30:00,43,6,0.0,0.0,0.0,0.158,optimal
2021-02-10 01:00:00,43,6,0.0,0.0,0.0,0.23263333333333333,optimal
2021-02-10 01:30:00,43,6,0.8460050854373877,0.0,0.0,0.16093333333333334,optimal
2021-02-10 02:00:00,43,6,1.1428571428571428,0.0,0.0,0.055,optimal
2021-02-10 02:30:00,43,6,1.1428571428571428,0.0,0.0,0.30093333333333333,optimal
2021-02-10 03:00:00,43,6,1.1428571428571428,0.0,0.0,0.055,optimal
2021-02-10 03:30:00,43,6,1.1428571428571428,0.0,0.0,0.060366666666666666,optimal
2021-02-10 04:00:00,43,6,1.1428571428571428,0.0,0.0,0.26406666666666667,optimal
2021-02-10 04:30:00,43,6,1.1428571428571428,0.0,0.0,0.0865,optimal
2021-02-10 05:00:00,43,6,1.1428571428571428,0.0,2.2026973490298327,0.08020000000000001,optimal
2021-02-10 05:30:00,43,6,1.1428571428571428,0.0,5.0,0.1684,optimal
2021-02-10 06:00:00,43,6,1.1428571428571428,0.0,5.0,0.055,optimal
2021-02-10 06:30:00,43,6,1.1428571428571428,0.0,5.0,0.34963333333333335,optimal
2021-02-10 07:00:00,43,6,1.1428571428571428,0.8514814814814814,5.0,0.2426333333333333,optimal
2021-02-10 07:30:00,43,6,1.1428571428571428,0.23222222222222222,0.0,0.24719999999999998,optimal
2021-02-10 08:00:00,43,6,0.7193120577180026,0.1548148148148148,0.0,0.27443333333333336,optimal
2021-02-10 08:30:00,43,6,0.7995267025052071,0.1548148148148148,0.0,0.1745,optimal
2021-02-10 09:00:00,43,6,0.643951222510644,0.1548148148148148,0.0,0.2779333333333333,optimal
2021-02-10 09:30:00,43,6,0.5857849149168934,0.0,0.0,0.3995,optimal
2021-02-10 10:00:00,43,6,0.4078937252876526,0.0,0.0,0.3517333333333333,optimal
2021-02-10 10:30:00,43,6,0.38727137554471935,0.0,0.0,0.4014,optimal
2021-02-10 11:00:00,43,6,0.15051063472862106,0.0,0.0,0.7951666666666666,optimal
2021-02-10 11:30:00,43,6,0.2535598618841245,0.0,0.0,0.29336666666666666,optimal
2021-02-10 12:00:00,43,6,0.0,0.8514814814814814,0.0,0.6078,optimal
2021-02-10 12:30:00,43,6,0.10120314098140444,0.0,0.0,0.29186666666666666,optimal
2021-02-10 13:00:00,43,6,0.9184259315020379,0.0774074074074074,0.0,0.2939333333333333,optimal
2021-02-10 13:30:00,43,6,1.1428571428571428,0.0,0.0,0.5996666666666667,optimal
2021-02-10 14:00:00,43,6,1.1428571428571428,0.0,0.0,0.11,optimal
2021-02-10 14:30:00,43,6,1.1428571428571428,0.0,0.0,0.19796666666666668,optimal
2021-02-10 15:00:00,43,6,1.1428571428571428,0.0,0.0,0.10909999999999999,optimal
2021-02-10 15:30:00,43,6,1.1428571428571428,0.0,0.0,0.14643333333333333,optimal
2021-02-10 16:00:00,43,6,0.0,0.0,0.0,0.23183333333333328,optimal
2021-02-10 16:30:00,43,6,0.0,0.0774074074074074,0.0,0.1037,optimal
2021-02-10 17:00:00,43,6,0.0,0.0,0.0,0.43289999999999995,optimal
2021-02-10 17:30:00,43,6,0.0,0.0,0.0,2.2019,optimal
2021-02-10 18:00:00,43,6,0.0,0.0,0.0,0.6616000000000001,optimal
2021-02-10 18:30:00,43,6,0.0,0.1548148148148148,0.0,1.199266666666667,optimal
2021-02-10 19:00:00,43,6,0.0,0.23222222222222222,0.0,0.3187333333333333,optimal
2021-02-10 19:30:00,43,6,0.0,2.3222222222222215,0.0,0.182,optimal
2021-02-10 20:00:00,43,6,0.0,0.1548148148148148,0.0,0.30693333333333334,optimal
2021-02-10 20:30:00,43,6,0.0,0.0,0.0,0.1044,optimal
2021-02-10 21:00:00,43,6,0.0,0.0,0.0,0.341,optimal
2021-02-10 21:30:00,43,6,0.0,0.0774074074074074,0.0,0.2462,optimal
2021-02-10 22:00:00,43,6,0.0,0.0,0.0,0.3158333333333333,optimal
2021-02-10 22:30:00,43,6,0.0,0.1548148148148148,0.0,0.6785,optimal
2021-02-10 23:00:00,43,6,0.0,0.0,0.0,0.6354333333333333,optimal
2021-02-10 23:30:00,43,6,0.0,0.0,0.0,0.19433333333333327,optimal
2021-02-11 00:00:00,43,6,1.0933963876958082,0.0,0.0,0.065,optimal
2021-02-11 00:30:00,43,6,1.1428571428571428,0.0,0.0,0.18966666666666662,optimal
2021-02-11 01:00:00,43,6,1.1428571428571428,0.0,0.0,0.07746666666666667,optimal
2021-02-11 01:30:00,43,6,1.1428571428571428,0.0,0.0,0.087,optimal
2021-02-11 02:00:00,43,6,1.1428571428571428,0.0,0.0,0.24613333333333332,optimal
2021-02-11 02:30:00,43,6,1.1428571428571428,0.0,0.0,0.065,optimal
2021-02-11 03:00:00,43,6,1.1428571428571428,0.0,0.0,0.131,optimal
2021-02-11 03:30:00,43,6,1.1428571428571428,0.0,0.0,0.1211,optimal
2021-02-11 04:00:00,43,6,1.1428571428571428,0.0,0.0,0.16069999999999998,optimal
2021-02-11 04:30:00,43,6,1.1428571428571428,0.0,0.0,0.11633333333333332,optimal
2021-02-11 05:00:00,43,6,1.1428571428571428,0.0,2.7517493047897212,0.065,optimal
2021-02-11 05:30:00,43,6,1.1428571428571428,0.0,5.0,0.10863333333333335,optimal
2021-02-11 06:00:00,43,6,1.1428571428571428,0.0,5.0,0.16816666666666666,optimal
2021-02-11 06:30:00,43,6,1.1428571428571428,0.0,5.0,0.14076666666666668,optimal
2021-02-11 07:00:00,43,6,1.1428571428571428,0.5418518518518518,5.0,0.1688,optimal
2021-02-11 07:30:00,43,6,1.1428571428571428,0.3096296296296296,0.0,0.15633333333333335,optimal
2021-02-11 08:00:00,43,6,0.6846578983349348,6.270000000000001,0.0,0.3849333333333333,optimal
2021-02-11 08:30:00,43,6,0.7352612004588173,0.387037037037037,0.0,0.19766666666666663,optimal
2021-02-11 09:00:00,43,6,0.4846002122970153,0.387037037037037,0.0,1.6374333333333333,optimal
2021-02-11 09:30:00,43,6,0.5335543651247961,0.46444444444444444,0.0,0.3671333333333333,optimal
2021-02-11 10:00:00,43,6,0.30651739459796423,0.0774074074074074,0.0,0.23,optimal
2021-02-11 10:30:00,43,6,0.31329250785540425,0.0,0.0,0.3756666666666667,optimal
2021-02-11 11:00:00,43,6,0.1743348148925482,0.46444444444444444,0.0,0.4234666666666666,optimal
2021-02-11 11:30:00,43,6,0.2150516376064696,0.0,0.0,0.2337333333333333,optimal
2021-02-11 12:00:00,43,6,0.035104170034713646,1.0837037037037036,0.0,0.26893333333333336,optimal
2021-02-11 12:30:00,43,6,0.0,0.46444444444444444,0.0,0.7369,optimal
2021-02-11 13:00:00,43,6,0.034590981793245414,0.0774074074074074,0.0,1.5709000000000002,optimal
2021-02-11 13:30:00,43,6,1.1428571428571428,0.3096296296296296,0.0,0.3944666666666666,optimal
2021-02-11 14:00:00,43,6,1.1428571428571428,0.0,0.0,0.16190000000000002,optimal
2021-02-11 14:30:00,43,6,1.1428571428571428,0.0,0.0,0.2866,optimal
2021-02-11 15:00:00,43,6,1.1428571428571428,0.1548148148148148,0.0,0.23666666666666664,optimal
2021-02-11 15:30:00,43,6,1.1428571428571428,0.6192592592592592,0.0,0.2424,optimal
2021-02-11 16:00:00,43,6,0.0,0.3096296296296296,0.0,1.823,optimal
2021-02-11 16:30:00,43,6,0.0,2.631851851851852,0.0,0.3805,optimal
2021-02-11 17:00:00,43,6,0.0,0.23222222222222222,0.0,0.26503333333333334,optimal
2021-02-11 17:30:00,43,6,0.0,0.23222222222222222,0.0,0.3211333333333333,optimal
2021-02-11 18:00:00,43,6,0.0,0.0,0.0,0.4918666666666667,optimal
2021-02-11 18:30:00,43,6,0.0,0.774074074074074,0.0,0.4403333333333333,optimal
2021-02-11 19:00:00,43,6,0.0,0.0,0.0,0.6294,optimal
2021-02-11 19:30:00,43,6,0.0,2.2448148148148146,0.0,0.48033333333333333,optimal
2021-02-11 20:00:00,43,6,0.0,0.1548148148148148,0.0,1.0034,optimal
2021-02-11 20:30:00,43,6,0.0,0.46444444444444444,0.0,1.2015666666666667,optimal
2021-02-11 21:00:00,43,6,0.0,0.0,0.0,1.2774333333333334,optimal
2021-02-11 21:30:00,43,6,0.0,0.0,0.0,0.47953333333333337,optimal
2021-02-11 22:00:00,43,6,0.0,0.1548148148148148,0.0,1.4971333333333334,optimal
2021-02-11 22:30:00,43,6,0.0,0.0,0.0,0.6407333333333334,optimal
2021-02-11 23:00:00,43,6,0.0,0.0,0.0,0.4411333333333333,optimal
2021-02-11 23:30:00,43,6,0.0,0.0,0.0,0.119,optimal
2021-02-12 00:00:00,43,6,1.1428571428571428,0.0,0.0,0.16303333333333334,optimal
2021-02-12 00:30:00,43,6,1.1428571428571428,0.0,0.0,0.18569999999999998,optimal
2021-02-12 01:00:00,43,6,1.1428571428571428,0.0,0.0,0.1325,optimal
2021-02-12 01:30:00,43,6,1.1428571428571428,0.0,0.0,0.1559,optimal
2021-02-12 02:00:00,43,6,1.1428571428571428,0.0,0.0,0.14873333333333333,optimal
2021-02-12 02:30:00,43,6,1.1428571428571428,0.0,0.0,0.15173333333333333,optimal
2021-02-12 03:00:00,43,6,1.1428571428571428,0.0,0.0,0.1676,optimal
2021-02-12 03:30:00,43,6,1.1428571428571428,0.0,0.0,0.059,optimal
2021-02-12 04:00:00,43,6,1.1428571428571428,0.0,0.0,0.059,optimal
2021-02-12 04:30:00,43,6,1.1428571428571428,0.0,0.0,0.157,optimal
2021-02-12 05:00:00,43,6,1.1428571428571428,0.0,0.0,0.19173333333333328,optimal
2021-02-12 05:30:00,43,6,1.1428571428571428,0.0,0.0,0.06366666666666666,optimal
2021-02-12 06:00:00,43,6,1.1428571428571428,0.1548148148148148,0.0,0.15686666666666668,optimal
2021-02-12 06:30:00,43,6,1.1428571428571428,0.6192592592592592,0.08167970399244352,0.30393333333333333,optimal
2021-02-12 07:00:00,43,6,1.1428571428571428,4.102592592592593,5.0,2.3314,optimal
2021-02-12 07:30:00,43,6,1.1428571428571428,1.3292171936773345,0.0,0.18406666666666663,optimal
2021-02-12 08:00:00,43,6,0.7858081248497975,0.3096296296296296,0.0,0.21166666666666664,optimal
2021-02-12 08:30:00,43,6,0.830098241967361,0.0774074074074074,0.0,0.1103,optimal
2021-02-12 09:00:00,43,6,0.6728360798980294,0.0,0.0,0.2298,optimal
2021-02-12 09:30:00,43,6,0.6182447916048988,4.644444444444443,0.0,0.20403333333333334,optimal
2021-02-12 10:00:00,43,6,0.37708597680720746,0.0,0.0,0.166,optimal
2021-02-12 10:30:00,43,6,0.4055343140006606,0.1548148148148148,0.0,0.08006666666666666,optimal
2021-02-12 11:00:00,43,6,0.18941469934199237,0.0,0.0,0.22296666666666667,optimal
2021-02-12 11:30:00,43,6,0.03938883672926777,0.0774074074074074,0.0,1.6890333333333334,optimal
2021-02-12 12:00:00,43,6,0.15648953909737018,0.0,0.0,0.068,optimal
2021-02-12 12:30:00,43,6,0.09245034315132258,0.0774074074074074,0.0,0.21366666666666662,optimal
2021-02-12 13:00:00,43,6,0.05635037975110792,0.0774074074074074,0.0,0.32503333333333334,optimal
2021-02-12 13:30:00,43,6,0.8930657449836905,0.23222222222222222,0.0,0.3405,optimal
2021-02-12 14:00:00,43,6,1.1428571428571428,0.1548148148148148,0.0,1.7225333333333332,optimal
2021-02-12 14:30:00,43,6,1.1428571428571428,0.0,0.0,0.7211000000000001,optimal
2021-02-12 15:00:00,43,6,1.1428571428571428,0.0,0.0,0.44289999999999996,optimal
2021-02-12 15:30:00,43,6,1.1428571428571428,2.2448148148148146,0.0,0.5426333333333333,optimal
2021-02-12 16:00:00,43,6,0.0,0.387037037037037,0.0,1.789766666666667,optimal
2021-02-12 16:30:00,43,6,0.0,0.23222222222222222,0.0,0.24230000000000002,optimal
2021-02-12 17:00:00,43,6,0.0,0.5418518518518518,0.0,0.6156333333333334,optimal
2021-02-12 17:30:00,43,6,0.0,0.0,0.0,0.4061,optimal
2021-02-12 18:00:00,43,6,0.0,0.0774074074074074,0.0,0.3253333333333333,optimal
2021-02-12 18:30:00,43,6,0.0,0.3096296296296296,0.0,0.3665333333333334,optimal
2021-02-12 19:00:00,43,6,0.0,0.6192592592592592,0.0,0.3463333333333333,optimal
2021-02-12 19:30:00,43,6,0.0,0.0774074074074074,0.0,0.34446666666666664,optimal
2021-02-12 20:00:00,43,6,0.0,0.0774074074074074,0.0,0.236,optimal
2021-02-12 20:30:00,43,6,0.0,0.0,0.0,1.623233333333333,optimal
2021-02-12 21:00:00,43,6,0.0,0.1548148148148148,0.0,0.6055666666666667,optimal
2021-02-12 21:30:00,43,6,0.0,0.0,0.0,0.4356666666666667,optimal
2021-02-12 22:00:00,43,6,0.0,0.0774074074074074,0.0,0.4851666666666667,optimal
2021-02-12 22:30:00,43,6,0.0,0.387037037037037,0.0,0.4329666666666666,optimal
2021-02-12 23:00:00,43,6,0.0,0.1548148148148148,0.0,0.3332,optimal
2021-02-12 23:30:00,43,6,0.0,0.0,0.0,0.12733333333333333,optimal
2021-02-13 00:00:00,43,6,0.0,0.0,0.0,0.5571,optimal
2021-02-13 00:30:00,43,6,0.0,0.0,0.0,2.0086333333333326,optimal
2021-02-13 01:00:00,43,6,0.47110051572734996,0.0,0.0,0.2708333333333333,optimal
2021-02-13 01:30:00,43,6,1.1428571428571428,0.0,0.0,0.063,optimal
2021-02-13 02:00:00,43,6,1.1428571428571428,0.0,0.0,0.20636666666666667,optimal
2021-02-13 02:30:00,43,6,1.1428571428571428,0.0,0.0,0.23096666666666668,optimal
2021-02-13 03:00:00,43,6,1.1428571428571428,0.0,0.0,0.1542666666666667,optimal
2021-02-13 03:30:00,43,6,1.1428571428571428,0.0,0.0,0.10823333333333332,optimal
2021-02-13 04:00:00,43,6,1.1428571428571428,0.0,0.0,0.3155,optimal
2021-02-13 04:30:00,43,6,1.1428571428571428,0.0,0.0,0.11066666666666669,optimal
2021-02-13 05:00:00,43,6,1.1428571428571428,0.0,0.0,0.25660000000000005,optimal
2021-02-13 05:30:00,43,6,1.1428571428571428,0.0,2.764552410744069,0.1297333333333333,optimal
2021-02-13 06:00:00,43,6,1.1428571428571428,0.0,5.0,0.19333333333333327,optimal
2021-02-13 06:30:00,43,6,1.1428571428571428,0.0,5.0,0.2542333333333333,optimal
2021-02-13 07:00:00,43,6,1.1428571428571428,0.0,5.0,0.12276666666666668,optimal
2021-02-13 07:30:00,43,6,1.1428571428571428,0.0,0.0,0.20033333333333328,optimal
2021-02-13 08:00:00,43,6,0.8010197561184369,0.0,0.0,0.207,optimal
2021-02-13 08:30:00,43,6,0.7356757982676205,1.433585185185185,0.0,1.2069333333333334,optimal
2021-02-13 09:00:00,43,6,0.5093344664409981,0.34678518518518525,0.0,1.4681,optimal
2021-02-13 09:30:00,43,6,0.5436327724250037,0.1548148148148148,0.0,1.932,optimal
2021-02-13 10:00:00,43,6,0.22447590510983462,0.0,0.0,3.794433333333333,optimal
2021-02-13 10:30:00,43,6,0.05345480440186806,0.0,0.0,2.6402666666666668,optimal
2021-02-13 11:00:00,43,6,0.02939800336133819,2.631851851851852,0.0,4.0696,optimal
2021-02-13 11:30:00,43,6,0.03837975979623696,0.23222222222222222,0.0,1.8298333333333332,optimal
2021-02-13 12:00:00,43,6,0.02860887641310467,2.4770370370370367,0.0,0.5099666666666666,optimal
2021-02-13 12:30:00,43,6,0.0,0.3096296296296296,0.0,1.7318666666666667,optimal
2021-02-13 13:00:00,43,6,0.0679759828328553,0.0774074074074074,0.0,3.453766666666667,optimal
2021-02-13 13:30:00,43,6,1.1428571428571428,0.0,0.0,0.2494,optimal
2021-02-13 14:00:00,43,6,1.1428571428571428,0.0,0.0,0.256,optimal
2021-02-13 14:30:00,43,6,1.1428571428571428,0.0,0.0,1.2420666666666667,optimal
2021-02-13 15:00:00,43,6,1.1428571428571428,0.5418518518518518,0.0,1.6250666666666667,optimal
2021-02-13 15:30:00,43,6,1.1428571428571428,0.0,0.0,1.392,optimal
2021-02-13 16:00:00,43,6,0.0,0.0,0.0,0.44680000000000003,optimal
2021-02-13 16:30:00,43,6,0.0,0.0,0.0,0.4624666666666666,optimal
2021-02-13 17:00:00,43,6,0.0,0.0,0.0,0.7875666666666667,optimal
2021-02-13 17:30:00,43,6,0.0,0.3096296296296296,0.0,0.47333333333333333,optimal
2021-02-13 18:00:00,43,6,0.0,0.23222222222222222,0.0,0.4958333333333333,optimal
2021-02-13 18:30:00,43,6,0.0,0.387037037037037,0.0,2.3964333333333334,optimal
2021-02-13 19:00:00,43,6,0.0,0.0,0.0,0.4656666666666667,optimal
2021-02-13 19:30:00,43,6,0.0,0.0,0.0,0.4895333333333334,optimal
2021-02-13 20:00:00,43,6,0.0,0.0,0.0,2.6092,optimal
2021-02-13 20:30:00,43,6,0.0,0.46444444444444444,0.0,0.7015333333333333,optimal
2021-02-13 21:00:00,43,6,0.0,0.0,0.0,0.3256,optimal
2021-02-13 21:30:00,43,6,0.0,0.0774074074074074,0.0,0.7133999999999999,optimal
2021-02-13 22:00:00,43,6,0.0,0.8716074074074074,0.0,2.2230666666666665,optimal
2021-02-13 22:30:00,43,6,0.0,0.753948148148148,0.0,0.38130000000000003,optimal
2021-02-13 23:00:00,43,6,0.0,0.46444444444444444,0.0,0.4971666666666667,optimal
2021-02-13 23:30:00,43,6,0.0,0.0,0.0,2.5090333333333334,optimal
2021-02-07 00:00:00,44,6,0.0,0.0,0.0,0.14026666666666668,optimal
2021-02-07 00:30:00,44,6,0.0,0.0,0.0,0.065,optimal
2021-02-07 01:00:00,44,6,0.0,0.0,0.0,0.07440000000000001,optimal
2021-02-07 01:30:00,44,6,0.0,0.0,0.0,0.1615,optimal
2021-02-07 02:00:00,44,6,0.0,0.0,0.0,0.1365,optimal
2021-02-07 02:30:00,44,6,0.0,0.0,0.0,0.0815,optimal
2021-02-07 03:00:00,44,6,0.0,0.0,0.0,0.18830000000000002,optimal
2021-02-07 03:30:00,44,6,0.0,0.0,0.0,0.1026,optimal
2021-02-07 04:00:00,44,6,1.1428571428571428,0.0,0.0,0.186,optimal
2021-02-07 04:30:00,44,6,1.1428571428571428,0.0,0.0,0.065,optimal
2021-02-07 05:00:00,44,6,1.1428571428571428,0.0,0.0,0.109,optimal
2021-02-07 05:30:00,44,6,1.1428571428571428,0.0,0.0,0.1984,optimal
2021-02-07 06:00:00,44,6,1.1428571428571428,0.0,0.0,0.065,optimal
2021-02-07 06:30:00,44,6,1.1428571428571428,0.0,0.0,0.2204,optimal
2021-02-07 07:00:00,44,6,1.1428571428571428,0.0,2.2154311931077144,0.087,optimal
2021-02-07 07:30:00,44,6,0.0,0.0,0.0,0.15990000000000001,optimal
2021-02-07 08:00:00,44,6,0.015109649054596597,0.0,0.0,0.1475,optimal
2021-02-07 08:30:00,44,6,0.5748061612374565,0.0,0.0,0.216,optimal
2021-02-07 09:00:00,44,6,0.45527772891345725,0.0,0.0,0.4359333333333333,optimal
2021-02-07 09:30:00,44,6,0.45403853296740243,0.0774074074074074,0.0,2.0891666666666664,optimal
2021-02-07 10:00:00,44,6,0.3252586805551254,4.257407407407407,0.0,0.6032333333333334,optimal
2021-02-07 10:30:00,44,6,0.4503275486377141,0.0,0.0,1.9823666666666664,optimal
2021-02-07 11:00:00,44,6,0.4065602725156268,0.0,0.0,0.33173333333333327,optimal
2021-02-07 11:30:00,44,6,0.4427412248965792,0.1548148148148148,0.0,0.2427,optimal
2021-02-07 12:00:00,44,6,0.3610856077253122,0.0,0.0,0.2817,optimal
2021-02-07 12:30:00,44,6,0.24580941724911773,0.46444444444444444,0.0,0.41483333333333333,optimal
2021-02-07 13:00:00,44,6,0.2953161856016344,0.3096296296296296,0.0,0.40793333333333326,optimal
2021-02-07 13:30:00,44,6,0.30250175156034026,0.1548148148148148,0.0,1.862233333333333,optimal
2021-02-07 14:00:00,44,6,1.0585397658019589,0.0,0.0,1.5938333333333332,optimal
2021-02-07 14:30:00,44,6,1.1428571428571428,0.23222222222222222,0.0,0.24006666666666662,optimal
2021-02-07 15:00:00,44,6,1.1428571428571428,0.0,0.0,0.42726666666666663,optimal
2021-02-07 15:30:00,44,6,1.1428571428571428,0.0,0.0,0.36273333333333335,optimal
2021-02-07 16:00:00,44,6,0.0,0.1548148148148148,0.0,0.3428333333333333,optimal
2021-02-07 16:30:00,44,6,0.0,0.0,0.0,0.31326666666666664,optimal
2021-02-07 17:00:00,44,6,0.0,0.1548148148148148,0.0,2.2062,optimal
2021-02-07 17:30:00,44,6,0.0,0.0,0.0,0.6172000000000001,optimal
2021-02-07 18:00:00,44,6,0.0,0.0,0.0,0.44173333333333337,optimal
2021-02-07 18:30:00,44,6,0.0,0.6966666666666667,0.0,1.0863666666666665,optimal
2021-02-07 19:00:00,44,6,0.0,1.7803703703703702,0.0,0.7146666666666667,optimal
2021-02-07 19:30:00,44,6,0.0,0.1548148148148148,0.0,1.0526666666666666,optimal
2021-02-07 20:00:00,44,6,0.0,0.23222222222222222,0.0,0.2855,optimal
2021-02-07 20:30:00,44,6,0.0,0.387037037037037,0.0,1.7671333333333334,optimal
2021-02-07 21:00:00,44,6,0.0,0.0,0.0,2.644233333333333,optimal
2021-02-07 21:30:00,44,6,0.0,0.0,0.0,0.38663333333333333,optimal
2021-02-07 22:00:00,44,6,0.0,0.0,0.0,0.1972,optimal
2021-02-07 22:30:00,44,6,0.0,0.0,0.0,0.0805,optimal
2021-02-07 23:00:00,44,6,0.0,0.0,0.0,0.1905,optimal
2021-02-07 23:30:00,44,6,0.0,0.0,0.0,0.10006666666666666,optimal
2021-02-08 00:00:00,44,6,0.0,0.0,0.0,0.066,optimal
2021-02-08 00:30:00,44,6,0.0,0.0,0.0,0.06673333333333334,optimal
2021-02-08 01:00:00,44,6,0.0,0.0,0.0,0.054,optimal
2021-02-08 01:30:00,44,6,0.0,0.0,0.0,0.054,optimal
2021-02-08 02:00:00,44,6,0.8126017487336232,0.0,0.0,0.054,optimal
2021-02-08 02:30:00,44,6,1.1428571428571428,0.0,0.0,0.054,optimal
2021-02-08 03:00:00,44,6,1.1428571428571428,0.0,0.0,0.054,optimal
2021-02-08 03:30:00,44,6,1.1428571428571428,0.0,0.0,0.054,optimal
2021-02-08 04:00:00,44,6,1.1428571428571428,0.0,0.0,0.054,optimal
2021-02-08 04:30:00,44,6,1.1428571428571428,0.0,0.0,0.054,optimal
2021-02-08 05:00:00,44,6,1.1428571428571428,0.0,0.0,0.054,optimal
2021-02-08 05:30:00,44,6,1.1428571428571428,0.0,4.807855708726999,0.054,optimal
2021-02-08 06:00:00,44,6,1.1428571428571428,0.0,5.0,0.5435666666666668,optimal
2021-02-08 06:30:00,44,6,1.1428571428571428,0.0,0.0,0.5525,optimal
2021-02-08 07:00:00,44,6,1.1428571428571428,0.1548148148148148,0.0,0.0863,optimal
2021-02-08 07:30:00,44,6,1.1428571428571428,0.23222222222222222,0.0,0.10233333333333332,optimal
2021-02-08 08:00:00,44,6,0.6644959127268035,0.0774074074074074,0.0,0.17513333333333334,optimal
2021-02-08 08:30:00,44,6,0.7356981141427275,0.0,0.0,0.0564,optimal
2021-02-08 09:00:00,44,6,0.572762359055472,0.3096296296296296,0.0,0.27003333333333335,optimal
2021-02-08 09:30:00,44,6,0.25287334264587874,0.23222222222222222,0.0,1.8189666666666666,optimal
2021-02-08 10:00:00,44,6,0.4656179740088888,0.9288888888888889,0.0,0.166,optimal
2021-02-08 10:30:00,44,6,0.47376413327563005,0.0,0.0,0.166,optimal
2021-02-08 11:00:00,44,6,0.2420645505893111,0.23222222222222222,0.0,0.3692,optimal
2021-02-08 11:30:00,44,6,0.2894052063162525,0.46444444444444444,0.0,0.1885,optimal
2021-02-08 12:00:00,44,6,0.206507942509437,0.0774074074074074,0.0,0.3018333333333333,optimal
2021-02-08 12:30:00,44,6,0.20125592062998432,0.6966666666666667,0.0,0.2501333333333333,optimal
2021-02-08 13:00:00,44,6,0.8859555395661137,0.0,0.0,0.8542000000000001,optimal
2021-02-08 13:30:00,44,6,1.1428571428571428,0.0,0.0,1.6261666666666668,optimal
2021-02-08 14:00:00,44,6,1.1428571428571428,0.387037037037037,0.0,0.34096666666666664,optimal
2021-02-08 14:30:00,44,6,1.1428571428571428,0.0,0.0,0.2323,optimal
2021-02-08 15:00:00,44,6,1.1428571428571428,0.23222222222222222,0.0,0.2329,optimal
2021-02-08 15:30:00,44,6,1.1428571428571428,0.1548148148148148,0.0,2.3034,optimal
2021-02-08 16:00:00,44,6,0.0,0.0,0.0,2.572833333333333,optimal
2021-02-08 16:30:00,44,6,0.0,0.0,0.0,0.3972,optimal
2021-02-08 17:00:00,44,6,0.0,0.387037037037037,0.0,0.16873333333333332,optimal
2021-02-08 17:30:00,44,6,0.0,0.3096296296296296,0.0,0.18,optimal
2021-02-08 18:00:00,44,6,0.0,0.46444444444444444,0.0,0.4075,optimal
2021-02-08 18:30:00,44,6,0.0,0.23222222222222222,0.0,1.2466,optimal
2021-02-08 19:00:00,44,6,0.0,1.0837037037037036,0.0,0.20836666666666667,optimal
2021-02-08 19:30:00,44,6,0.0,2.3222222222222215,0.0,0.4087,optimal
2021-02-08 20:00:00,44,6,0.0,0.1548148148148148,0.0,0.22340000000000002,optimal
2021-02-08 20:30:00,44,6,0.0,0.23222222222222222,0.0,0.23306666666666664,optimal
2021-02-08 21:00:00,44,6,0.0,0.0,0.0,0.2965,optimal
2021-02-08 21:30:00,44,6,0.0,0.387037037037037,0.0,0.18209999999999998,optimal
2021-02-08 22:00:00,44,6,0.0,1.9351851851851851,0.0,0.15743333333333334,optimal
2021-02-08 22:30:00,44,6,0.0,0.0774074074074074,0.0,0.5609,optimal
2021-02-08 23:00:00,44,6,0.0,0.0,0.0,0.3855,optimal
2021-02-08 23:30:00,44,6,0.0,0.0,0.0,0.1787,optimal
2021-02-09 00:00:00,44,6,0.0,0.0,0.0,0.066,optimal
2021-02-09 00:30:00,44,6,0.0,0.0,0.0,0.066,optimal
2021-02-09 01:00:00,44,6,0.0,0.0,0.0,0.07709999999999999,optimal
2021-02-09 01:30:00,44,6,0.8515697921125128,0.0,0.0,0.1505,optimal
2021-02-09 02:00:00,44,6,1.1428571428571428,0.0,0.0,0.1182,optimal
2021-02-09 02:30:00,44,6,1.1428571428571428,0.0,0.0,0.1326,optimal
2021-02-09 03:00:00,44,6,1.1428571428571428,0.0,0.0,0.1472,optimal
2021-02-09 03:30:00,44,6,1.1428571428571428,0.0,0.0,0.066,optimal
2021-02-09 04:00:00,44,6,1.1428571428571428,0.0,0.0,0.15580000000000002,optimal
2021-02-09 04:30:00,44,6,1.1428571428571428,0.0,0.0,0.124,optimal
2021-02-09 05:00:00,44,6,1.1428571428571428,0.0,0.0,0.14093333333333333,optimal
2021-02-09 05:30:00,44,6,1.1428571428571428,0.0,0.0,0.15719999999999998,optimal
2021-02-09 06:00:00,44,6,1.1428571428571428,0.0,0.7218548420212899,0.1426,optimal
2021-02-09 06:30:00,44,6,1.1428571428571428,0.0,5.0,0.0992,optimal
2021-02-09 07:00:00,44,6,1.1428571428571428,0.0,5.0,0.134,optimal
2021-02-09 07:30:00,44,6,1.1428571428571428,0.1548148148148148,0.0,0.1154,optimal
2021-02-09 08:00:00,44,6,0.7026109635653396,2.7866666666666666,0.0,0.1608,optimal
2021-02-09 08:30:00,44,6,0.6542171852509799,1.4134592592592592,0.0,0.19290000000000002,optimal
2021-02-09 09:00:00,44,6,0.534650979792366,2.9987629629629633,0.0,0.30446666666666666,optimal
2021-02-09 09:30:00,44,6,0.4599853279255591,2.0899999999999994,0.0,0.7616,optimal
2021-02-09 10:00:00,44,6,0.3197466849116694,0.23222222222222222,0.0,1.4332333333333331,optimal
2021-02-09 10:30:00,44,6,0.38731260994329564,0.0,0.0,0.46103333333333335,optimal
2021-02-09 11:00:00,44,6,0.33713086051297514,0.0,0.0,0.1931,optimal
2021-02-09 11:30:00,44,6,0.3310383312335847,0.0,0.0,0.239,optimal
2021-02-09 12:00:00,44,6,0.08521853431528537,0.0,0.0,2.3928000000000003,optimal
2021-02-09 12:30:00,44,6,0.09418534930895453,0.0,0.0,2.575,optimal
2021-02-09 13:00:00,44,6,1.1428571428571428,0.0,0.0,0.43239999999999995,optimal
2021-02-09 13:30:00,44,6,1.1428571428571428,0.0,0.0,0.134,optimal
2021-02-09 14:00:00,44,6,1.1428571428571428,0.0,0.0,0.1426,optimal
2021-02-09 14:30:00,44,6,1.1428571428571428,0.0,0.0,0.15719999999999998,optimal
2021-02-09 15:00:00,44,6,1.1428571428571428,0.0,0.0,0.076,optimal
2021-02-09 15:30:00,44,6,1.1428571428571428,0.0,0.0,0.076,optimal
2021-02-09 16:00:00,44,6,0.0,0.0,0.0,0.2238,optimal
2021-02-09 16:30:00,44,6,0.0,0.0,0.0,0.076,optimal
2021-02-09 17:00:00,44,6,0.0,0.0,0.0,0.076,optimal
2021-02-09 17:30:00,44,6,0.0,0.0,0.0,0.2728333333333333,optimal
2021-02-09 18:00:00,44,6,0.0,0.6192592592592592,0.0,0.4118,optimal
2021-02-09 18:30:00,44,6,0.0,0.6192592592592592,0.0,0.22116666666666662,optimal
2021-02-09 19:00:00,44,6,0.0,0.3096296296296296,0.0,0.5068333333333334,optimal
2021-02-09 19:30:00,44,6,0.11868540086957692,0.0,0.0,0.396,optimal
2021-02-09 20:00:00,44,6,0.6169750528092504,0.0,0.0,0.4744666666666666,optimal
2021-02-09 20:30:00,44,6,0.0,0.0,0.0,0.2241,optimal
2021-02-09 21:00:00,44,6,0.0,0.0,0.0,0.9170666666666668,optimal
2021-02-09 21:30:00,44,6,0.0,0.0,0.0,1.4601666666666668,optimal
2021-02-09 22:00:00,44,6,0.0,0.0774074074074074,0.0,0.40826666666666667,optimal
2021-02-09 22:30:00,44,6,0.0,0.0,0.0,0.2844,optimal
2021-02-09 23:00:00,44,6,0.0,0.0,0.0,0.2352,optimal
2021-02-09 23:30:00,44,6,0.0,0.0,0.0,0.24330000000000002,optimal
2021-02-10 00:00:00,44,6,0.0,0.0,0.0,0.051,optimal
2021-02-10 00:30:00,44,6,0.0,0.0,0.0,0.051,optimal
2021-02-10 01:00:00,44,6,0.4281545378499787,0.0,0.0,0.1874,optimal
2021-02-10 01:30:00,44,6,1.1428571428571428,0.0,0.0,0.051,optimal
2021-02-10 02:00:00,44,6,1.1428571428571428,0.0,0.0,0.051,optimal
2021-02-10 02:30:00,44,6,1.1428571428571428,0.0,0.0,0.1192,optimal
2021-02-10 03:00:00,44,6,1.1428571428571428,0.0,0.0,0.1192,optimal
2021-02-10 03:30:00,44,6,1.1428571428571428,0.0,0.0,0.051,optimal
2021-02-10 04:00:00,44,6,1.1428571428571428,0.0,0.0,0.10679999999999999,optimal
2021-02-10 04:30:00,44,6,1.1428571428571428,0.0,3.6252186641816384,0.1316,optimal
2021-02-10 05:00:00,44,6,1.1428571428571428,0.0,5.0,0.051,optimal
2021-02-10 05:30:00,44,6,1.1428571428571428,0.0,5.0,0.1874,optimal
2021-02-10 06:00:00,44,6,1.1428571428571428,0.0,5.0,0.051,optimal
2021-02-10 06:30:00,44,6,1.1428571428571428,0.0,5.0,0.17973333333333333,optimal
2021-02-10 07:00:00,44,6,1.1428571428571428,0.0,0.0,0.166,optimal
2021-02-10 07:30:00,44,6,1.1428571428571428,0.0774074074074074,0.0,0.08033333333333333,optimal
2021-02-10 08:00:00,44,6,0.6741025339084843,0.9288888888888889,0.0,0.21480000000000002,optimal
2021-02-10 08:30:00,44,6,0.8069457501242615,0.0,0.0,0.06266666666666666,optimal
2021-02-10 09:00:00,44,6,0.7346369367963536,0.0,0.0,0.05733333333333333,optimal
2021-02-10 09:30:00,44,6,0.6941753911073676,0.0,0.0,0.1626,optimal
2021-02-10 10:00:00,44,6,0.5283889633828879,0.0,0.0,0.07579999999999999,optimal
2021-02-10 10:30:00,44,6,0.4360047088780611,0.0,0.0,0.27863333333333334,optimal
2021-02-10 11:00:00,44,6,0.30075253949052233,0.0,0.0,0.142,optimal
2021-02-10 11:30:00,44,6,0.18951224283650772,0.387037037037037,0.0,1.3281333333333334,optimal
2021-02-10 12:00:00,44,6,0.11187179830478049,0.0774074074074074,0.0,0.21380000000000002,optimal
2021-02-10 12:30:00,44,6,0.16297656020953624,0.1548148148148148,0.0,0.18059999999999998,optimal
2021-02-10 13:00:00,44,6,0.15352261660185867,0.0,0.0,0.2814,optimal
2021-02-10 13:30:00,44,6,0.6795540278779402,2.1674074074074072,0.0,0.2793,optimal
2021-02-10 14:00:00,44,6,1.1428571428571428,0.5418518518518518,0.0,0.09786666666666666,optimal
2021-02-10 14:30:00,44,6,1.1428571428571428,0.0774074074074074,0.0,0.22343333333333332,optimal
2021-02-10 15:00:00,44,6,1.1428571428571428,0.0,0.0,0.36010000000000003,optimal
2021-02-10 15:30:00,44,6,1.1428571428571428,0.0,0.0,1.2832333333333332,optimal
2021-02-10 16:00:00,44,6,0.0,0.23222222222222222,0.0,1.9714666666666667,optimal
2021-02-10 16:30:00,44,6,0.0,0.6966666666666667,0.0,1.7935999999999999,optimal
2021-02-10 17:00:00,44,6,0.0,0.6192592592592592,0.0,0.5315666666666667,optimal
2021-02-10 17:30:00,44,6,0.0,0.23222222222222222,0.0,1.1580666666666666,optimal
2021-02-10 18:00:00,44,6,0.0,2.012592592592592,0.0,1.0654000000000001,optimal
2021-02-10 18:30:00,44,6,0.0,0.0,0.0,1.3271,optimal
2021-02-10 19:00:00,44,6,0.0,0.1548148148148148,0.0,0.5607666666666666,optimal
2021-02-10 19:30:00,44,6,0.0,0.23222222222222222,0.0,0.42,optimal
2021-02-10 20:00:00,44,6,0.0,0.0,0.0,0.29246666666666665,optimal
2021-02-10 20:30:00,44,6,0.0,0.46444444444444444,0.0,0.4146333333333333,optimal
2021-02-10 21:00:00,44,6,0.0,0.0,0.0,0.3138,optimal
2021-02-10 21:30:00,44,6,0.0,0.0,0.0,0.1134,optimal
2021-02-10 22:00:00,44,6,0.0,0.0,0.0,0.3698,optimal
2021-02-10 22:30:00,44,6,0.0,0.0,0.0,0.21130000000000002,optimal
2021-02-10 23:00:00,44,6,0.0,0.0,0.0,0.061,optimal
2021-02-10 23:30:00,44,6,0.0,0.0,0.0,0.19706666666666664,optimal
2021-02-11 00:00:00,44,6,0.8802604347168161,0.0,0.0,0.046666666666666655,optimal
2021-02-11 00:30:00,44,6,1.1428571428571428,0.0,0.0,0.05553333333333333,optimal
2021-02-11 01:00:00,44,6,1.1428571428571428,0.0,0.0,0.1336,optimal
2021-02-11 01:30:00,44,6,1.1428571428571428,0.0,0.0,0.053,optimal
2021-02-11 02:00:00,44,6,1.1428571428571428,0.0,0.0,0.1336,optimal
2021-02-11 02:30:00,44,6,1.1428571428571428,0.0,0.0,0.07333333333333333,optimal
2021-02-11 03:00:00,44,6,1.1428571428571428,0.0,0.0,0.10246666666666668,optimal
2021-02-11 03:30:00,44,6,1.1428571428571428,0.0,0.0,0.1398,optimal
2021-02-11 04:00:00,44,6,1.1428571428571428,0.0,0.0,0.0742,optimal
2021-02-11 04:30:00,44,6,1.1428571428571428,0.0,0.0,0.09540000000000001,optimal
2021-02-11 05:00:00,44,6,1.1428571428571428,0.0,2.6451628649767738,0.1822,optimal
2021-02-11 05:30:00,44,6,1.1428571428571428,0.0,5.0,0.0742,optimal
2021-02-11 06:00:00,44,6,1.1428571428571428,0.0,5.0,0.1308666666666667,optimal
2021-02-11 06:30:00,44,6,1.1428571428571428,0.0,5.0,0.29960000000000003,optimal
2021-02-11 07:00:00,44,6,1.1428571428571428,0.1548148148148148,5.0,0.052,optimal
2021-02-11 07:30:00,44,6,1.1428571428571428,0.23222222222222222,0.0,0.26003333333333334,optimal
2021-02-11 08:00:00,44,6,0.7626769459539883,1.006296296296296,0.0,0.19583333333333328,optimal
2021-02-11 08:30:00,44,6,0.7256992956969172,0.6192592592592592,0.0,0.2616,optimal
2021-02-11 09:00:00,44,6,0.6420478313446374,0.9288888888888889,0.0,0.261,optimal
2021-02-11 09:30:00,44,6,0.5889353175057461,0.774074074074074,0.0,0.2036,optimal
2021-02-11 10:00:00,44,6,0.23457263269320666,0.387037037037037,0.0,0.5448,optimal
2021-02-11 10:30:00,44,6,0.08655155547444926,0.0,0.0,1.556,optimal
2021-02-11 11:00:00,44,6,0.3513157672734946,0.0,0.0,0.08833333333333333,optimal
2021-02-11 11:30:00,44,6,0.29637544713027497,0.0,0.0,0.16806666666666667,optimal
2021-02-11 12:00:00,44,6,0.16736131289185124,0.0,0.0,0.053,optimal
2021-02-11 12:30:00,44,6,1.0442965487466498,0.0,0.0,0.053,optimal
2021-02-11 13:00:00,44,6,1.1428571428571428,0.0,0.0,0.2226,optimal
2021-02-11 13:30:00,44,6,1.1428571428571428,0.0,0.0,0.0778,optimal
2021-02-11 14:00:00,44,6,1.1428571428571428,0.0,0.0,0.053,optimal
2021-02-11 14:30:00,44,6,1.1428571428571428,0.0,0.0,0.1398,optimal
2021-02-11 15:00:00,44,6,1.1428571428571428,0.0,0.0,0.1166,optimal
2021-02-11 15:30:00,44,6,1.1428571428571428,0.0,0.0,0.0592,optimal
2021-02-11 16:00:00,44,6,0.0,0.0,0.0,0.15833333333333335,optimal
2021-02-11 16:30:00,44,6,0.0,0.0,0.0,0.09186666666666667,optimal
2021-02-11 17:00:00,44,6,0.0,0.0,0.0,0.1398,optimal
2021-02-11 17:30:00,44,6,0.0,0.0,0.0,0.1166,optimal
2021-02-11 18:00:00,44,6,0.0,0.0,0.0,0.053,optimal
2021-02-11 18:30:00,44,6,0.0,0.0,0.0,0.1166,optimal
2021-02-11 19:00:00,44,6,0.0,0.6192592592592592,0.0,0.2718,optimal
2021-02-11 19:30:00,44,6,0.943608261961683,0.0,0.0,0.2005,optimal
2021-02-11 20:00:00,44,6,0.9124544447176247,0.0,0.0,0.2933,optimal
2021-02-11 20:30:00,44,6,0.0,2.7092592592592597,0.0,0.2507333333333333,optimal
2021-02-11 21:00:00,44,6,0.0,0.3096296296296296,0.0,1.3956666666666668,optimal
2021-02-11 21:30:00,44,6,0.0,0.0,0.0,0.42033333333333334,optimal
2021-02-11 22:00:00,44,6,0.0,0.0,0.0,0.4315,optimal
2021-02-11 22:30:00,44,6,0.0,0.0,0.0,0.143,optimal
2021-02-11 23:00:00,44,6,0.0,0.0,0.0,0.053,optimal
2021-02-11 23:30:00,44,6,0.0,0.0,0.0,0.1662,optimal
2021-02-12 00:00:00,44,6,1.1428571428571428,0.0,0.0,0.047,optimal
2021-02-12 00:30:00,44,6,1.1428571428571428,0.0,0.0,0.047,optimal
2021-02-12 01:00:00,44,6,1.1428571428571428,0.0,0.0,0.047,optimal
2021-02-12 01:30:00,44,6,1.1428571428571428,0.0,0.0,0.047,optimal
2021-02-12 02:00:00,44,6,1.1428571428571428,0.0,0.0,0.047,optimal
2021-02-12 02:30:00,44,6,1.1428571428571428,0.0,0.0,0.047,optimal
2021-02-12 03:00:00,44,6,1.1428571428571428,0.0,0.0,0.047,optimal
2021-02-12 03:30:00,44,6,1.1428571428571428,0.0,0.0,0.047,optimal
2021-02-12 04:00:00,44,6,1.1428571428571428,0.0,0.0,0.047,optimal
2021-02-12 04:30:00,44,6,1.1428571428571428,0.0,0.0,0.047,optimal
2021-02-12 05:00:00,44,6,1.1428571428571428,0.0,3.003437861840798,0.047,optimal
2021-02-12 05:30:00,44,6,1.1428571428571428,0.0,5.0,0.047,optimal
2021-02-12 06:00:00,44,6,1.1428571428571428,0.0,5.0,0.05266666666666666,optimal
2021-02-12 06:30:00,44,6,1.1428571428571428,0.0,5.0,0.057,optimal
2021-02-12 07:00:00,44,6,1.1428571428571428,0.0774074074074074,5.0,0.13216666666666665,optimal
2021-02-12 07:30:00,44,6,1.1428571428571428,7.837228961058981,0.0,0.5528666666666667,optimal
2021-02-12 08:00:00,44,6,0.5996605058021884,0.46444444444444444,0.0,1.206,optimal
2021-02-12 08:30:00,44,6,0.782136337205454,0.1548148148148148,0.0,0.2598666666666667,optimal
2021-02-12 09:00:00,44,6,0.8797598894218321,0.0,0.0,0.047,optimal
2021-02-12 09:30:00,44,6,0.7854257439858562,0.0,0.0,0.047,optimal
2021-02-12 10:00:00,44,6,0.4935907387119736,0.0,0.0,0.047,optimal
2021-02-12 10:30:00,44,6,0.4764390759054251,0.0,0.0,0.047,optimal
2021-02-12 11:00:00,44,6,0.29276708029438125,0.0,0.0,0.05266666666666666,optimal
2021-02-12 11:30:00,44,6,0.2906231224435612,0.0,0.0,0.057,optimal
2021-02-12 12:00:00,44,6,0.22651811052594192,0.0,0.0,0.057,optimal
2021-02-12 12:30:00,44,6,0.22437415267513355,0.0,0.0,0.057,optimal
2021-02-12 13:00:00,44,6,0.6323659268614349,0.0,0.0,0.057,optimal
2021-02-12 13:30:00,44,6,1.1428571428571428,0.0,0.0,0.057,optimal
2021-02-12 14:00:00,44,6,1.1428571428571428,0.0,0.0,0.051333333333333335,optimal
2021-02-12 14:30:00,44,6,1.1428571428571428,0.0,0.0,0.047,optimal
2021-02-12 15:00:00,44,6,1.1428571428571428,0.0,0.0,0.09466666666666669,optimal
2021-02-12 15:30:00,44,6,1.1428571428571428,0.0,0.0,0.2424,optimal
2021-02-12 16:00:00,44,6,0.0,0.0,0.0,0.3345,optimal
2021-02-12 16:30:00,44,6,0.0,0.387037037037037,0.0,0.348,optimal
2021-02-12 17:00:00,44,6,0.0,0.774074074074074,0.0,0.6939333333333333,optimal
2021-02-12 17:30:00,44,6,0.0,0.46444444444444444,0.0,0.23506666666666665,optimal
2021-02-12 18:00:00,44,6,0.0,0.0,0.0,0.3939,optimal
2021-02-12 18:30:00,44,6,0.0,0.46444444444444444,0.0,0.37239999999999995,optimal
2021-02-12 19:00:00,44,6,0.0,0.0,0.0,0.346,optimal
2021-02-12 19:30:00,44,6,0.0,0.1548148148148148,0.0,0.33366666666666667,optimal
2021-02-12 20:00:00,44,6,0.0,0.6192592592592592,0.0,0.39776666666666666,optimal
2021-02-12 20:30:00,44,6,0.0,0.0,0.0,0.39066666666666666,optimal
2021-02-12 21:00:00,44,6,0.0,0.23222222222222222,0.0,0.3056666666666667,optimal
2021-02-12 21:30:00,44,6,0.0,0.5418518518518518,0.0,0.4648,optimal
2021-02-12 22:00:00,44,6,0.0,0.46444444444444444,0.0,0.7904,optimal
2021-02-12 22:30:00,44,6,0.0,0.0,0.0,0.3555,optimal
2021-02-12 23:00:00,44,6,0.0,0.0,0.0,0.5625,optimal
2021-02-12 23:30:00,44,6,0.0,0.0,0.0,0.5510333333333333,optimal
2021-02-13 00:00:00,44,6,0.0,0.1548148148148148,0.0,0.06733333333333333,optimal
2021-02-13 00:30:00,44,6,0.0,0.0,0.0,0.068,optimal
2021-02-13 01:00:00,44,6,0.0,0.0,0.0,0.08093333333333334,optimal
2021-02-13 01:30:00,44,6,1.127930495635668,0.0,0.0,0.19733333333333328,optimal
2021-02-13 02:00:00,44,6,1.1428571428571428,0.0,0.0,0.068,optimal
2021-02-13 02:30:00,44,6,1.1428571428571428,0.0,0.0,0.15853333333333333,optimal
2021-02-13 03:00:00,44,6,1.1428571428571428,0.0,0.0,0.11973333333333332,optimal
2021-02-13 03:30:00,44,6,1.1428571428571428,0.0,0.0,0.0874,optimal
2021-02-13 04:00:00,44,6,1.1428571428571428,0.0,0.0,0.19086666666666668,optimal
2021-02-13 04:30:00,44,6,1.1428571428571428,0.0,0.0,0.068,optimal
2021-02-13 05:00:00,44,6,1.1428571428571428,0.0,0.0,0.21026666666666669,optimal
2021-02-13 05:30:00,44,6,1.1428571428571428,0.0,0.0,0.068,optimal
2021-02-13 06:00:00,44,6,1.1428571428571428,0.0,0.4253308700267822,0.15853333333333333,optimal
2021-02-13 06:30:00,44,6,1.1428571428571428,0.0,5.0,0.11973333333333332,optimal
2021-02-13 07:00:00,44,6,1.1428571428571428,0.0,5.0,0.068,optimal
2021-02-13 07:30:00,44,6,1.1428571428571428,0.1548148148148148,0.0,0.2117333333333333,optimal
2021-02-13 08:00:00,44,6,0.6337816608803462,2.3222222222222215,0.0,0.38839999999999997,optimal
2021-02-13 08:30:00,44,6,0.7323805601723773,0.0,0.0,0.26213333333333333,optimal
2021-02-13 09:00:00,44,6,0.6811630378695692,0.0,0.0,0.09553333333333332,optimal
2021-02-13 09:30:00,44,6,0.6565575343297617,0.1548148148148148,0.0,0.09046666666666668,optimal
2021-02-13 10:00:00,44,6,0.4889949527288758,0.1548148148148148,0.0,0.17146666666666666,optimal
2021-02-13 10:30:00,44,6,0.4546605186875841,0.1548148148148148,0.0,0.298,optimal
2021-02-13 11:00:00,44,6,0.03349324145657699,0.3096296296296296,0.0,1.3850666666666667,optimal
2021-02-13 11:30:00,44,6,0.2737111883676615,0.0,0.0,0.212,optimal
2021-02-13 12:00:00,44,6,0.19170411450833197,0.23222222222222222,0.0,0.22733333333333328,optimal
2021-02-13 12:30:00,44,6,0.27208286547336524,0.0,0.0,0.078,optimal
2021-02-13 13:00:00,44,6,1.1428571428571428,0.0,0.0,0.21380000000000002,optimal
2021-02-13 13:30:00,44,6,1.1428571428571428,0.0,0.0,0.08446666666666666,optimal
2021-02-13 14:00:00,44,6,1.1428571428571428,0.0,0.0,0.1491333333333333,optimal
2021-02-13 14:30:00,44,6,1.1428571428571428,0.0,0.0,0.1491333333333333,optimal
2021-02-13 15:00:00,44,6,1.1428571428571428,0.0,0.0,0.078,optimal
2021-02-13 15:30:00,44,6,1.1428571428571428,0.0,0.0,0.22026666666666667,optimal
2021-02-13 16:00:00,44,6,0.0,0.0,0.0,0.078,optimal
2021-02-13 16:30:00,44,6,0.0,0.387037037037037,0.0,0.20666666666666664,optimal
2021-02-13 17:00:00,44,6,0.0,0.23222222222222222,0.0,0.19426666666666667,optimal
2021-02-13 17:30:00,44,6,0.0,1.548148148148148,0.0,2.9574000000000003,optimal
2021-02-13 18:00:00,44,6,0.0,0.8514814814814814,0.0,0.4146,optimal
2021-02-13 18:30:00,44,6,0.0,0.0774074074074074,0.0,0.5876666666666667,optimal
2021-02-13 19:00:00,44,6,0.0,0.387037037037037,0.0,0.47593333333333326,optimal
2021-02-13 19:30:00,44,6,0.023670216330983547,0.46444444444444444,0.0,0.4555666666666667,optimal
2021-02-13 20:00:00,44,6,0.571679861692416,0.46444444444444444,0.0,0.44880000000000003,optimal
2021-02-13 20:30:00,44,6,0.0,0.5418518518518518,0.0,0.3808,optimal
2021-02-13 21:00:00,44,6,0.0,1.9351851851851851,0.0,0.38546666666666657,optimal
2021-02-13 21:30:00,44,6,0.0,0.3096296296296296,0.0,0.5174,optimal
2021-02-13 22:00:00,44,6,0.0,0.0774074074074074,0.0,0.4433,optimal
2021-02-13 22:30:00,44,6,0.0,0.0,0.0,0.6618333333333334,optimal
2021-02-13 23:00:00,44,6,0.0,0.0,0.0,0.1616,optimal
2021-02-13 23:30:00,44,6,0.0,0.0,0.0,0.10386666666666666,optimal
2021-02-07 00:00:00,45,6,0.0,0.0774074074074074,0.0,0.11323333333333332,optimal
2021-02-07 00:30:00,45,6,0.0,0.0,0.0,0.15743333333333334,optimal
2021-02-07 01:00:00,45,6,0.0,0.0,0.0,0.20716666666666664,optimal
2021-02-07 01:30:00,45,6,0.0,0.3096296296296296,0.0,0.23876666666666668,optimal
2021-02-07 02:00:00,45,6,0.0,0.0,0.0,0.1561,optimal
2021-02-07 02:30:00,45,6,0.0,0.0,0.0,0.13706666666666667,optimal
2021-02-07 03:00:00,45,6,0.0,0.0,0.0,0.12683333333333333,optimal
2021-02-07 03:30:00,45,6,0.0,0.0,0.0,0.12283333333333331,optimal
2021-02-07 04:00:00,45,6,1.1428571428571428,0.0,0.0,0.1618,optimal
2021-02-07 04:30:00,45,6,1.1428571428571428,0.0,0.0,0.1186,optimal
2021-02-07 05:00:00,45,6,1.1428571428571428,0.0,0.0,0.1186,optimal
2021-02-07 05:30:00,45,6,1.1428571428571428,0.0,0.0,0.18096666666666666,optimal
2021-02-07 06:00:00,45,6,1.1428571428571428,0.0,0.0,0.11083333333333331,optimal
2021-02-07 06:30:00,45,6,1.1428571428571428,0.1548148148148148,0.0,0.23336666666666667,optimal
2021-02-07 07:00:00,45,6,1.1428571428571428,0.5418518518518518,1.7076336144509696,0.2445,optimal
2021-02-07 07:30:00,45,6,0.0,1.9351851851851851,0.0,0.2519333333333333,optimal
2021-02-07 08:00:00,45,6,0.0,0.6966666666666667,0.0,0.4909333333333333,optimal
2021-02-07 08:30:00,45,6,0.0,0.5418518518518518,0.0,0.28196666666666664,optimal
2021-02-07 09:00:00,45,6,0.14990260558760893,0.0,0.0,0.3536666666666667,optimal
2021-02-07 09:30:00,45,6,0.5447528186816846,0.0,0.0,0.24953333333333333,optimal
2021-02-07 10:00:00,45,6,0.2817586805551222,0.0774074074074074,0.0,1.4214,optimal
2021-02-07 10:30:00,45,6,0.4563513581615163,0.23222222222222222,0.0,0.5735,optimal
2021-02-07 11:00:00,45,6,0.44391265346800585,0.0,0.0,0.291,optimal
2021-02-07 11:30:00,45,6,0.4045031296584871,0.5418518518518518,0.0,0.3689333333333333,optimal
2021-02-07 12:00:00,45,6,0.2806322743919736,0.1548148148148148,0.0,1.4181333333333335,optimal
2021-02-07 12:30:00,45,6,0.41035608391578227,0.0,0.0,0.36083333333333334,optimal
2021-02-07 13:00:00,45,6,0.8847426998281833,0.0,0.0,0.22056666666666663,optimal
2021-02-07 13:30:00,45,6,1.1428571428571428,0.0,0.0,0.4230333333333334,optimal
2021-02-07 14:00:00,45,6,1.1428571428571428,0.0,0.0,0.294,optimal
2021-02-07 14:30:00,45,6,1.1428571428571428,0.387037037037037,0.0,0.3440666666666667,optimal
2021-02-07 15:00:00,45,6,1.1428571428571428,0.0,0.0,0.35253333333333337,optimal
2021-02-07 15:30:00,45,6,1.1428571428571428,0.0,0.0,0.209,optimal
2021-02-07 16:00:00,45,6,0.0,1.470740740740741,0.0,1.6552,optimal
2021-02-07 16:30:00,45,6,0.0,0.46444444444444444,0.0,0.37196666666666656,optimal
2021-02-07 17:00:00,45,6,0.0,0.387037037037037,0.0,0.4706666666666667,optimal
2021-02-07 17:30:00,45,6,0.0,0.9288888888888889,0.0,0.5834666666666667,optimal
2021-02-07 18:00:00,45,6,0.0,0.0774074074074074,0.0,0.3404,optimal
2021-02-07 18:30:00,45,6,0.0,0.1548148148148148,0.0,0.34503333333333336,optimal
2021-02-07 19:00:00,45,6,0.0,0.0,0.0,0.5187999999999999,optimal
2021-02-07 19:30:00,45,6,0.0,0.23222222222222222,0.0,0.42073333333333335,optimal
2021-02-07 20:00:00,45,6,0.0,0.0,0.0,0.44896666666666657,optimal
2021-02-07 20:30:00,45,6,0.0,0.0774074074074074,0.0,0.45180000000000003,optimal
2021-02-07 21:00:00,45,6,0.0,0.3096296296296296,0.0,0.5046333333333334,optimal
2021-02-07 21:30:00,45,6,0.0,0.0,0.0,0.5616,optimal
2021-02-07 22:00:00,45,6,0.0,0.0,0.0,0.32853333333333334,optimal
2021-02-07 22:30:00,45,6,0.0,0.3096296296296296,0.0,0.4264,optimal
2021-02-07 23:00:00,45,6,0.0,0.0,0.0,0.487,optimal
2021-02-07 23:30:00,45,6,0.0,0.0,0.0,0.3446,optimal
2021-02-08 00:00:00,45,6,0.0,0.23222222222222222,0.0,0.0658,optimal
2021-02-08 00:30:00,45,6,0.0,0.0,0.0,0.3351,optimal
2021-02-08 01:00:00,45,6,0.0,0.0,0.0,0.3292,optimal
2021-02-08 01:30:00,45,6,0.0,0.0,0.0,0.30060000000000003,optimal
2021-02-08 02:00:00,45,6,0.7359739117454461,0.1548148148148148,0.0,0.1682,optimal
2021-02-08 02:30:00,45,6,1.1428571428571428,0.0,0.0,0.2319333333333333,optimal
2021-02-08 03:00:00,45,6,1.1428571428571428,0.0,0.0,0.061,optimal
2021-02-08 03:30:00,45,6,1.1428571428571428,0.0,0.0,0.061,optimal
2021-02-08 04:00:00,45,6,1.1428571428571428,0.0,0.0,0.061,optimal
2021-02-08 04:30:00,45,6,1.1428571428571428,0.0,0.0,0.22526666666666667,optimal
2021-02-08 05:00:00,45,6,1.1428571428571428,0.0,0.0,0.061,optimal
2021-02-08 05:30:00,45,6,1.1428571428571428,0.0,0.0,0.063,optimal
2021-02-08 06:00:00,45,6,1.1428571428571428,0.0,0.0,0.0768,optimal
2021-02-08 06:30:00,45,6,1.1428571428571428,0.0,0.0,0.21780000000000002,optimal
2021-02-08 07:00:00,45,6,1.1428571428571428,0.0,4.080640505743442,0.061,optimal
2021-02-08 07:30:00,45,6,1.1428571428571428,0.0,0.0,0.06846666666666666,optimal
2021-02-08 08:00:00,45,6,0.7144292460601444,0.0,0.0,0.21780000000000002,optimal
2021-02-08 08:30:00,45,6,0.6862485903332108,0.0,0.0,0.7576666666666666,optimal
2021-02-08 09:00:00,45,6,0.3534137876269077,0.0774074074074074,0.0,3.6300666666666666,optimal
2021-02-08 09:30:00,45,6,0.410623818836358,0.387037037037037,0.0,2.0229333333333326,optimal
2021-02-08 10:00:00,45,6,0.21458940258031753,0.6966666666666667,0.0,2.4901999999999997,optimal
2021-02-08 10:30:00,45,6,0.2047203237518138,0.0774074074074074,0.0,2.437733333333333,optimal
2021-02-08 11:00:00,45,6,0.20259788392264746,2.5544444444444445,0.0,0.22173333333333328,optimal
2021-02-08 11:30:00,45,6,0.1751290158400611,0.46444444444444444,0.0,0.3048666666666667,optimal
2021-02-08 12:00:00,45,6,0.08931746631896535,0.3096296296296296,0.0,0.3756666666666667,optimal
2021-02-08 12:30:00,45,6,0.0,0.0,0.0,1.0605666666666667,optimal
2021-02-08 13:00:00,45,6,0.0,0.23222222222222222,5.0,0.6329666666666667,optimal
2021-02-08 13:30:00,45,6,0.6682265165793917,0.23222222222222222,5.0,0.4664666666666666,optimal
2021-02-08 14:00:00,45,6,1.1428571428571428,0.0,5.0,0.18973333333333328,optimal
2021-02-08 14:30:00,45,6,1.1428571428571428,0.0,0.0,0.24680000000000002,optimal
2021-02-08 15:00:00,45,6,1.1428571428571428,0.0,0.0,0.3211333333333333,optimal
2021-02-08 15:30:00,45,6,1.1428571428571428,0.0774074074074074,0.0,0.4219666666666666,optimal
2021-02-08 16:00:00,45,6,0.0,0.0,0.0,0.39603333333333335,optimal
2021-02-08 16:30:00,45,6,0.0,0.0,0.0,0.7766333333333333,optimal
2021-02-08 17:00:00,45,6,0.0,0.1548148148148148,0.0,0.4397,optimal
2021-02-08 17:30:00,45,6,0.0,0.1548148148148148,0.0,1.2127333333333332,optimal
2021-02-08 18:00:00,45,6,0.0,0.1548148148148148,0.0,0.8317,optimal
2021-02-08 18:30:00,45,6,0.0,0.23222222222222222,0.0,0.09770000000000001,optimal
2021-02-08 19:00:00,45,6,0.0,0.387037037037037,0.0,0.2393333333333333,optimal
2021-02-08 19:30:00,45,6,0.0,0.0,0.0,0.4766666666666667,optimal
2021-02-08 20:00:00,45,6,0.0,0.46444444444444444,0.0,0.3582666666666667,optimal
2021-02-08 20:30:00,45,6,0.0,0.0,0.0,0.34486666666666665,optimal
2021-02-08 21:00:00,45,6,0.0,0.387037037037037,0.0,0.8674,optimal
2021-02-08 21:30:00,45,6,0.0,0.0,0.0,0.47806666666666664,optimal
2021-02-08 22:00:00,45,6,0.0,0.0,0.0,0.47336666666666666,optimal
2021-02-08 22:30:00,45,6,0.0,0.0,0.0,0.13953333333333334,optimal
2021-02-08 23:00:00,45,6,0.0,0.0,0.0,0.2981333333333333,optimal
2021-02-08 23:30:00,45,6,0.0,0.0,0.0,0.2339333333333333,optimal
2021-02-09 00:00:00,45,6,0.0,0.0,0.0,0.11113333333333333,optimal
2021-02-09 00:30:00,45,6,0.0,0.0,0.0,0.1168,optimal
2021-02-09 01:00:00,45,6,0.0,0.0774074074074074,0.0,0.12243333333333334,optimal
2021-02-09 01:30:00,45,6,0.0,0.0,0.0,0.42606666666666665,optimal
2021-02-09 02:00:00,45,6,0.0,0.0774074074074074,0.0,0.20866666666666664,optimal
2021-02-09 02:30:00,45,6,0.7840760741907978,0.0,0.0,0.218,optimal
2021-02-09 03:00:00,45,6,1.1428571428571428,0.3096296296296296,0.0,0.18336666666666668,optimal
2021-02-09 03:30:00,45,6,1.1428571428571428,0.0,0.0,0.16033333333333336,optimal
2021-02-09 04:00:00,45,6,1.1428571428571428,1.0837037037037036,0.0,0.2913,optimal
2021-02-09 04:30:00,45,6,1.1428571428571428,0.5418518518518518,0.0,0.07613333333333334,optimal
2021-02-09 05:00:00,45,6,1.1428571428571428,0.0774074074074074,0.0,0.064,optimal
2021-02-09 05:30:00,45,6,1.1428571428571428,0.6966666666666667,0.0,0.11053333333333332,optimal
2021-02-09 06:00:00,45,6,1.1428571428571428,2.012592592592592,0.0,0.064,optimal
2021-02-09 06:30:00,45,6,1.1428571428571428,1.9351851851851851,2.6974348467013884,1.2187999999999999,optimal
2021-02-09 07:00:00,45,6,1.1428571428571428,0.23222222222222222,5.0,0.4675,optimal
2021-02-09 07:30:00,45,6,1.1428571428571428,7.818148148148149,0.0,0.064,optimal
2021-02-09 08:00:00,45,6,0.6273252492796227,0.46444444444444444,0.0,0.06503333333333333,optimal
2021-02-09 08:30:00,45,6,0.5628838519176461,2.012592592592592,0.0,0.1424,optimal
2021-02-09 09:00:00,45,6,0.3454700274114092,0.0,0.0,0.45230000000000004,optimal
2021-02-09 09:30:00,45,6,0.4088443755446077,0.0774074074074074,0.0,0.25853333333333334,optimal
2021-02-09 10:00:00,45,6,0.18637525634023858,0.774074074074074,0.0,0.4073,optimal
2021-02-09 10:30:00,45,6,0.29765546708615015,0.387037037037037,0.0,0.194,optimal
2021-02-09 11:00:00,45,6,0.0,0.0,0.0,1.767,optimal
2021-02-09 11:30:00,45,6,0.0009660432929114651,0.0,0.0,0.8677,optimal
2021-02-09 12:00:00,45,6,0.17151758193432803,0.0,0.0,0.2163333333333333,optimal
2021-02-09 12:30:00,45,6,0.23440820645180702,0.0,0.0,0.1606,optimal
2021-02-09 13:00:00,45,6,1.0971460194919198,0.0,0.0,0.2191,optimal
2021-02-09 13:30:00,45,6,1.1428571428571428,0.0,0.0,0.065,optimal
2021-02-09 14:00:00,45,6,1.1428571428571428,0.0,0.0,0.065,optimal
2021-02-09 14:30:00,45,6,1.1428571428571428,0.0,0.0,0.065,optimal
2021-02-09 15:00:00,45,6,1.1428571428571428,0.0,0.0,0.065,optimal
2021-02-09 15:30:00,45,6,1.1428571428571428,0.0,0.0,0.065,optimal
2021-02-09 16:00:00,45,6,0.0,0.0,0.0,1.571766666666667,optimal
2021-02-09 16:30:00,45,6,0.0,0.46444444444444444,0.0,0.194,optimal
2021-02-09 17:00:00,45,6,0.0,0.0,0.0,0.2194333333333333,optimal
2021-02-09 17:30:00,45,6,0.0,0.3096296296296296,0.0,0.36860000000000004,optimal
2021-02-09 18:00:00,45,6,0.0,0.0,0.0,0.28726666666666667,optimal
2021-02-09 18:30:00,45,6,0.0,0.0,0.0,0.065,optimal
2021-02-09 19:00:00,45,6,0.0,0.0,0.0,0.24613333333333332,optimal
2021-02-09 19:30:00,45,6,0.0,0.0,0.0,0.49423333333333336,optimal
2021-02-09 20:00:00,45,6,0.0,0.0,0.0,0.31,optimal
2021-02-09 20:30:00,45,6,0.0,0.0,0.0,0.3091333333333333,optimal
2021-02-09 21:00:00,45,6,0.0,0.0,0.0,0.31,optimal
2021-02-09 21:30:00,45,6,0.0,0.0,0.0,0.33243333333333336,optimal
2021-02-09 22:00:00,45,6,0.0,0.0,0.0,0.22333333333333327,optimal
2021-02-09 22:30:00,45,6,0.0,0.1548148148148148,0.0,0.24,optimal
2021-02-09 23:00:00,45,6,0.0,0.0774074074074074,0.0,0.246,optimal
2021-02-09 23:30:00,45,6,0.0,0.23222222222222222,0.0,0.26803333333333335,optimal
2021-02-10 00:00:00,45,6,0.0,0.0774074074074074,0.0,0.29046666666666665,optimal
2021-02-10 00:30:00,45,6,0.0,0.0,0.0,0.2831666666666667,optimal
2021-02-10 01:00:00,45,6,0.12001489234059524,0.0,0.0,0.15533333333333335,optimal
2021-02-10 01:30:00,45,6,1.1428571428571428,0.0,0.0,0.11,optimal
2021-02-10 02:00:00,45,6,1.1428571428571428,0.0,0.0,0.19533333333333328,optimal
2021-02-10 02:30:00,45,6,1.1428571428571428,0.0,0.0,0.056,optimal
2021-02-10 03:00:00,45,6,1.1428571428571428,0.0,0.0,0.0985,optimal
2021-02-10 03:30:00,45,6,1.1428571428571428,0.0,0.0,0.2428333333333333,optimal
2021-02-10 04:00:00,45,6,1.1428571428571428,0.0,0.0,0.062,optimal
2021-02-10 04:30:00,45,6,1.1428571428571428,0.0,0.0,0.1155,optimal
2021-02-10 05:00:00,45,6,1.1428571428571428,0.0,0.0,0.2458333333333333,optimal
2021-02-10 05:30:00,45,6,1.1428571428571428,0.0,1.5558892448440607,0.15380000000000002,optimal
2021-02-10 06:00:00,45,6,1.1428571428571428,0.3096296296296296,5.0,1.1222333333333332,optimal
2021-02-10 06:30:00,45,6,1.1428571428571428,0.774074074074074,5.0,0.41723333333333334,optimal
2021-02-10 07:00:00,45,6,1.1428571428571428,0.46444444444444444,5.0,0.154,optimal
2021-02-10 07:30:00,45,6,1.1428571428571428,0.0,0.0,0.15266666666666664,optimal
2021-02-10 08:00:00,45,6,0.7266358672418192,2.3222222222222215,0.0,0.12726666666666667,optimal
2021-02-10 08:30:00,45,6,0.6070276548861605,0.46444444444444444,0.0,0.48419999999999996,optimal
2021-02-10 09:00:00,45,6,0.5959036034630196,0.3096296296296296,0.0,0.18806666666666663,optimal
2021-02-10 09:30:00,45,6,0.6054420577740397,0.0,0.0,0.11066666666666669,optimal
2021-02-10 10:00:00,45,6,0.39444610624002996,0.0,0.0,0.32193333333333335,optimal
2021-02-10 10:30:00,45,6,0.36702375649710556,0.23222222222222222,0.0,0.4582333333333333,optimal
2021-02-10 11:00:00,45,6,0.26947634901433626,0.23222222222222222,0.0,0.3153,optimal
2021-02-10 11:30:00,45,6,0.364893195217463,0.0,0.0,0.156,optimal
2021-02-10 12:00:00,45,6,0.2091956078285896,0.0,0.0,0.11666666666666668,optimal
2021-02-10 12:30:00,45,6,0.17390989354287065,0.0,0.0,0.24016666666666664,optimal
2021-02-10 13:00:00,45,6,1.0757746414885665,0.0,0.0,0.0705,optimal
2021-02-10 13:30:00,45,6,1.1428571428571428,0.0,0.0,0.066,optimal
2021-02-10 14:00:00,45,6,1.1428571428571428,0.0,0.0,0.2458333333333333,optimal
2021-02-10 14:30:00,45,6,1.1428571428571428,0.0,0.0,0.1155,optimal
2021-02-10 15:00:00,45,6,1.1428571428571428,0.0,0.0,0.1445,optimal
2021-02-10 15:30:00,45,6,1.1428571428571428,0.0,0.0,0.3021666666666667,optimal
2021-02-10 16:00:00,45,6,0.0,0.23222222222222222,0.0,0.194,optimal
2021-02-10 16:30:00,45,6,0.0,0.387037037037037,0.0,0.3852,optimal
2021-02-10 17:00:00,45,6,0.0,0.0,0.0,0.29,optimal
2021-02-10 17:30:00,45,6,0.0,0.3096296296296296,0.0,0.44903333333333334,optimal
2021-02-10 18:00:00,45,6,0.0,0.46444444444444444,0.0,0.5204333333333333,optimal
2021-02-10 18:30:00,45,6,0.0,0.46444444444444444,0.0,0.40063333333333334,optimal
2021-02-10 19:00:00,45,6,0.0,0.23222222222222222,0.0,0.49956666666666666,optimal
2021-02-10 19:30:00,45,6,0.0,0.0774074074074074,0.0,0.9744666666666668,optimal
2021-02-10 20:00:00,45,6,0.0,0.23222222222222222,0.0,0.3781666666666667,optimal
2021-02-10 20:30:00,45,6,0.0,0.0774074074074074,0.0,0.6399333333333332,optimal
2021-02-10 21:00:00,45,6,0.0,0.0,0.0,0.6342333333333333,optimal
2021-02-10 21:30:00,45,6,0.0,0.23222222222222222,0.0,0.3635,optimal
2021-02-10 22:00:00,45,6,0.0,0.5418518518518518,0.0,0.34926666666666667,optimal
2021-02-10 22:30:00,45,6,0.0,0.0,0.0,0.13533333333333333,optimal
2021-02-10 23:00:00,45,6,0.0,0.0,0.0,0.18766666666666662,optimal
2021-02-10 23:30:00,45,6,0.0,0.0,0.0,0.243,optimal
2021-02-11 00:00:00,45,6,0.7341450618842165,0.0,0.0,0.059,optimal
2021-02-11 00:30:00,45,6,1.1428571428571428,0.0,0.0,0.0854,optimal
2021-02-11 01:00:00,45,6,1.1428571428571428,0.0,0.0,0.092,optimal
2021-02-11 01:30:00,45,6,1.1428571428571428,0.0,0.0,0.059,optimal
2021-02-11 02:00:00,45,6,1.1428571428571428,0.0,0.0,0.059,optimal
2021-02-11 02:30:00,45,6,1.1428571428571428,0.0,0.0,0.1019,optimal
2021-02-11 03:00:00,45,6,1.1428571428571428,0.0,0.0,0.0755,optimal
2021-02-11 03:30:00,45,6,1.1428571428571428,0.0,0.0,0.059,optimal
2021-02-11 04:00:00,45,6,1.1428571428571428,0.0,0.0,0.059,optimal
2021-02-11 04:30:00,45,6,1.1428571428571428,0.0,0.0,0.0788,optimal
2021-02-11 05:00:00,45,6,1.1428571428571428,0.0,0.0,0.0986,optimal
2021-02-11 05:30:00,45,6,1.1428571428571428,0.0,0.0,0.059,optimal
2021-02-11 06:00:00,45,6,1.1428571428571428,0.0,0.0,0.059,optimal
2021-02-11 06:30:00,45,6,1.1428571428571428,0.1548148148148148,4.309897926989648,0.06506666666666666,optimal
2021-02-11 07:00:00,45,6,1.1428571428571428,0.23222222222222222,5.0,1.2103,optimal
2021-02-11 07:30:00,45,6,1.1428571428571428,0.1548148148148148,0.0,1.3517333333333332,optimal
2021-02-11 08:00:00,45,6,0.7425245650016007,0.46444444444444444,0.0,0.20383333333333328,optimal
2021-02-11 08:30:00,45,6,0.8073373909350084,0.0,0.0,0.11593333333333333,optimal
2021-02-11 09:00:00,45,6,0.5671049742017791,0.0774074074074074,0.0,0.069,optimal
2021-02-11 09:30:00,45,6,0.3379981746486068,0.0,0.0,1.1578,optimal
2021-02-11 10:00:00,45,6,0.24759358507416196,0.0,0.0,0.6654333333333333,optimal
2021-02-11 10:30:00,45,6,0.5002258411887341,0.0,0.0,0.069,optimal
2021-02-11 11:00:00,45,6,0.34806814822587606,0.0,0.0,0.102,optimal
2021-02-11 11:30:00,45,6,0.317794494749327,0.0,0.0,0.09540000000000001,optimal
2021-02-11 12:00:00,45,6,0.16344702717756784,0.0,0.0,0.069,optimal
2021-02-11 12:30:00,45,6,0.13557557511694257,0.0,0.0,0.069,optimal
2021-02-11 13:00:00,45,6,0.1840856713092924,0.0,0.0,0.12179999999999999,optimal
2021-02-11 13:30:00,45,6,1.1428571428571428,0.0,0.0,0.0756,optimal
2021-02-11 14:00:00,45,6,1.1428571428571428,0.0,0.0,0.069,optimal
2021-02-11 14:30:00,45,6,1.1428571428571428,0.0,0.0,0.12179999999999999,optimal
2021-02-11 15:00:00,45,6,1.1428571428571428,0.0,0.0,0.17026666666666668,optimal
2021-02-11 15:30:00,45,6,1.1428571428571428,0.5418518518518518,0.0,0.2563333333333333,optimal
2021-02-11 16:00:00,45,6,0.0,0.0,0.0,0.5117,optimal
2021-02-11 16:30:00,45,6,0.0,0.23222222222222222,0.0,0.26406666666666667,optimal
2021-02-11 17:00:00,45,6,0.0,0.0774074074074074,0.0,0.3082,optimal
2021-02-11 17:30:00,45,6,0.0,1.0837037037037036,0.0,0.3793666666666667,optimal
2021-02-11 18:00:00,45,6,0.0,1.006296296296296,0.0,0.705,optimal
2021-02-11 18:30:00,45,6,0.0,0.5418518518518518,0.0,1.2340666666666666,optimal
2021-02-11 19:00:00,45,6,0.0,0.23222222222222222,0.0,0.44606666666666667,optimal
2021-02-11 19:30:00,45,6,0.0,0.0,0.0,1.7004000000000001,optimal
2021-02-11 20:00:00,45,6,0.0,0.0,0.0,0.216,optimal
2021-02-11 20:30:00,45,6,0.0,1.8577777777777778,0.0,0.329,optimal
2021-02-11 21:00:00,45,6,0.0,0.0,0.0,0.46403333333333335,optimal
2021-02-11 21:30:00,45,6,0.0,0.23222222222222222,0.0,0.439,optimal
2021-02-11 22:00:00,45,6,0.0,0.0,0.0,0.069,optimal
2021-02-11 22:30:00,45,6,0.0,0.0,0.0,0.12840000000000001,optimal
2021-02-11 23:00:00,45,6,0.0,0.0,0.0,0.069,optimal
2021-02-11 23:30:00,45,6,0.0,0.0,0.0,0.07890000000000001,optimal
2021-02-12 00:00:00,45,6,1.1428571428571428,0.1548148148148148,0.0,0.06346666666666667,optimal
2021-02-12 00:30:00,45,6,1.1428571428571428,0.0,0.0,0.2776,optimal
2021-02-12 01:00:00,45,6,1.1428571428571428,2.5544444444444445,0.0,0.32466666666666666,optimal
2021-02-12 01:30:00,45,6,1.1428571428571428,0.0,0.0,0.2513666666666667,optimal
2021-02-12 02:00:00,45,6,1.1428571428571428,0.0,0.0,0.15313333333333332,optimal
2021-02-12 02:30:00,45,6,1.1428571428571428,0.0,0.0,0.3728,optimal
2021-02-12 03:00:00,45,6,1.1428571428571428,0.1548148148148148,0.0,0.41923333333333335,optimal
2021-02-12 03:30:00,45,6,1.1428571428571428,0.0,0.0,0.23403333333333334,optimal
2021-02-12 04:00:00,45,6,1.1428571428571428,0.0,0.0,0.15406666666666666,optimal
2021-02-12 04:30:00,45,6,1.1428571428571428,0.0,0.5537540941412993,0.2214,optimal
2021-02-12 05:00:00,45,6,1.1428571428571428,0.0,5.0,0.13666666666666666,optimal
2021-02-12 05:30:00,45,6,1.1428571428571428,0.0,5.0,0.2389333333333333,optimal
2021-02-12 06:00:00,45,6,1.1428571428571428,0.0,5.0,0.23746666666666666,optimal
2021-02-12 06:30:00,45,6,1.1428571428571428,0.0,5.0,0.2079333333333333,optimal
2021-02-12 07:00:00,45,6,1.1428571428571428,0.3096296296296296,5.0,0.3249666666666666,optimal
2021-02-12 07:30:00,45,6,1.1428571428571428,6.231770658536433,0.0,0.3007666666666666,optimal
2021-02-12 08:00:00,45,6,0.931274791516469,0.0,0.0,0.229,optimal
2021-02-12 08:30:00,45,6,0.9811077657768794,0.0,0.0,0.15543333333333334,optimal
2021-02-12 09:00:00,45,6,0.828436079898028,0.0,0.0,0.23863333333333334,optimal
2021-02-12 09:30:00,45,6,0.7415781249382402,0.0,0.0,0.21246666666666666,optimal
2021-02-12 10:00:00,45,6,0.43265740537863306,0.0,0.0,0.27226666666666666,optimal
2021-02-12 10:30:00,45,6,0.4564390759054319,0.0,0.0,0.129,optimal
2021-02-12 11:00:00,45,6,0.2535956517229514,0.0,0.0,0.1961,optimal
2021-02-12 11:30:00,45,6,0.272061217681656,0.0,0.0,0.12396666666666668,optimal
2021-02-12 12:00:00,45,6,0.20353715814499157,0.0,0.0,0.13943333333333333,optimal
2021-02-12 12:30:00,45,6,0.1425741526751274,0.0,0.0,0.3453,optimal
2021-02-12 13:00:00,45,6,0.9407889978532246,0.0,0.0,0.071,optimal
2021-02-12 13:30:00,45,6,1.1428571428571428,0.0,0.0,0.15433333333333335,optimal
2021-02-12 14:00:00,45,6,1.1428571428571428,0.0,0.0,0.3658666666666667,optimal
2021-02-12 14:30:00,45,6,1.1428571428571428,0.23222222222222222,0.0,0.27553333333333335,optimal
2021-02-12 15:00:00,45,6,1.1428571428571428,0.1548148148148148,0.0,0.39126666666666665,optimal
2021-02-12 15:30:00,45,6,1.1428571428571428,0.0,0.0,0.7049666666666667,optimal
2021-02-12 16:00:00,45,6,0.0,0.0774074074074074,0.0,0.459,optimal
2021-02-12 16:30:00,45,6,0.0,0.6192592592592592,0.0,0.37373333333333336,optimal
2021-02-12 17:00:00,45,6,0.0,0.0,0.0,0.23036666666666666,optimal
2021-02-12 17:30:00,45,6,0.0,0.0,0.0,0.11983333333333332,optimal
2021-02-12 18:00:00,45,6,0.0,0.5418518518518518,0.0,0.29596666666666666,optimal
2021-02-12 18:30:00,45,6,0.0,0.23222222222222222,0.0,0.3308666666666667,optimal
2021-02-12 19:00:00,45,6,0.0,0.0,0.0,0.26566666666666666,optimal
2021-02-12 19:30:00,45,6,0.0,0.0,0.0,0.3142,optimal
2021-02-12 20:00:00,45,6,0.0,0.387037037037037,0.0,0.40013333333333334,optimal
2021-02-12 20:30:00,45,6,0.0,0.0,0.0,0.3874333333333333,optimal
2021-02-12 21:00:00,45,6,0.0,0.0,0.0,0.4656,optimal
2021-02-12 21:30:00,45,6,0.0,0.1548148148148148,0.0,0.8141666666666666,optimal
2021-02-12 22:00:00,45,6,0.0,0.0,0.0,0.398,optimal
2021-02-12 22:30:00,45,6,0.0,0.0,0.0,0.5334,optimal
2021-02-12 23:00:00,45,6,0.0,0.23222222222222222,0.0,0.5212,optimal
2021-02-12 23:30:00,45,6,0.0,0.0,0.0,0.13190000000000002,optimal
2021-02-13 00:00:00,45,6,0.0,0.0,0.0,0.048,optimal
2021-02-13 00:30:00,45,6,0.0,0.0,0.0,0.14806666666666665,optimal
2021-02-13 01:00:00,45,6,0.0,0.0,0.0,0.053266666666666664,optimal
2021-02-13 01:30:00,45,6,0.8494441071947557,0.0,0.0,0.1445,optimal
2021-02-13 02:00:00,45,6,1.1428571428571428,0.0,0.0,0.09303333333333332,optimal
2021-02-13 02:30:00,45,6,1.1428571428571428,0.0,0.0,0.15333333333333335,optimal
2021-02-13 03:00:00,45,6,1.1428571428571428,0.0,0.0,0.18953333333333333,optimal
2021-02-13 03:30:00,45,6,1.1428571428571428,0.0,0.0,0.048,optimal
2021-02-13 04:00:00,45,6,1.1428571428571428,0.0,0.0,0.15333333333333335,optimal
2021-02-13 04:30:00,45,6,1.1428571428571428,0.0,0.0,0.18309999999999998,optimal
2021-02-13 05:00:00,45,6,1.1428571428571428,0.0,4.595268274711178,0.13083333333333333,optimal
2021-02-13 05:30:00,45,6,1.1428571428571428,0.0,5.0,0.13873333333333332,optimal
2021-02-13 06:00:00,45,6,1.1428571428571428,0.387037037037037,5.0,0.1564,optimal
2021-02-13 06:30:00,45,6,1.1428571428571428,0.774074074074074,0.0,0.08763333333333334,optimal
2021-02-13 07:00:00,45,6,1.1428571428571428,0.774074074074074,0.0,0.8994333333333333,optimal
2021-02-13 07:30:00,45,6,1.1428571428571428,0.23222222222222222,0.0,0.3858666666666667,optimal
2021-02-13 08:00:00,45,6,0.6095626132612922,0.0,0.0,0.5812333333333334,optimal
2021-02-13 08:30:00,45,6,0.8060567506485711,0.0,0.0,0.13133333333333333,optimal
2021-02-13 09:00:00,45,6,0.7695058950124255,0.0,0.0,0.1088,optimal
2021-02-13 09:30:00,45,6,0.7266908676630915,0.0,0.0,0.21180000000000002,optimal
2021-02-13 10:00:00,45,6,0.5756044765383986,0.0,0.0,0.07959999999999999,optimal
2021-02-13 10:30:00,45,6,0.5824890901161562,0.0,0.0,0.048,optimal
2021-02-13 11:00:00,45,6,0.2658170509803805,0.23222222222222222,0.0,0.31893333333333335,optimal
2021-02-13 11:30:00,45,6,0.27374928360575435,0.0,0.0,0.25366666666666665,optimal
2021-02-13 12:00:00,45,6,0.266694590698815,0.0,0.0,0.10066666666666668,optimal
2021-02-13 12:30:00,45,6,0.4792822649956829,0.0,0.0,0.10066666666666668,optimal
2021-02-13 13:00:00,45,6,1.1428571428571428,0.0,0.0,0.08486666666666666,optimal
2021-02-13 13:30:00,45,6,1.1428571428571428,0.0,0.0,0.258,optimal
2021-02-13 14:00:00,45,6,1.1428571428571428,0.0,0.0,0.05066666666666666,optimal
2021-02-13 14:30:00,45,6,1.1428571428571428,0.0,0.0,0.058,optimal
2021-02-13 15:00:00,45,6,1.1428571428571428,0.0,0.0,0.2673666666666667,optimal
2021-02-13 15:30:00,45,6,1.1428571428571428,0.0,0.0,0.08016666666666668,optimal
2021-02-13 16:00:00,45,6,0.0,0.0,0.0,0.15366666666666665,optimal
2021-02-13 16:30:00,45,6,0.0,0.0,0.0,0.058,optimal
2021-02-13 17:00:00,45,6,0.0,0.0,0.0,0.24076666666666668,optimal
2021-02-13 17:30:00,45,6,0.0,0.0,0.0,0.11043333333333334,optimal
2021-02-13 18:00:00,45,6,0.0,0.5418518518518518,0.0,0.13643333333333335,optimal
2021-02-13 18:30:00,45,6,0.0,0.0,0.0,0.4425,optimal
2021-02-13 19:00:00,45,6,0.0,0.23222222222222222,0.0,0.5837,optimal
2021-02-13 19:30:00,45,6,0.5415252793241179,0.23222222222222222,0.0,0.5177999999999999,optimal
2021-02-13 20:00:00,45,6,0.44963224264480284,0.23222222222222222,0.0,0.7829666666666667,optimal
2021-02-13 20:30:00,45,6,0.0,0.3096296296296296,0.0,2.0625999999999998,optimal
2021-02-13 21:00:00,45,6,0.0,0.0774074074074074,0.0,0.9062,optimal
2021-02-13 21:30:00,45,6,0.0,0.0,0.0,0.6484333333333333,optimal
2021-02-13 22:00:00,45,6,0.0,0.7167925925925925,0.0,0.5529666666666667,optimal
2021-02-13 22:30:00,45,6,0.0,1.6054296296296298,0.0,0.3847,optimal
2021-02-13 23:00:00,45,6,0.0,0.0,0.0,0.5749666666666667,optimal
2021-02-13 23:30:00,45,6,0.0,0.46444444444444444,0.0,1.6853,optimal
2021-02-07 00:00:00,46,6,0.0,0.0,0.0,0.061,optimal
2021-02-07 00:30:00,46,6,0.0,0.0,0.0,0.16366666666666665,optimal
2021-02-07 01:00:00,46,6,0.0,0.0,0.0,0.061,optimal
2021-02-07 01:30:00,46,6,0.0,0.0,0.0,0.11746666666666668,optimal
2021-02-07 02:00:00,46,6,0.0,0.0,0.0,0.1072,optimal
2021-02-07 02:30:00,46,6,0.0,0.0,0.0,0.067,optimal
2021-02-07 03:00:00,46,6,0.0,0.0,0.0,0.16766666666666666,optimal
2021-02-07 03:30:00,46,6,0.0,0.0,0.0,0.061,optimal
2021-02-07 04:00:00,46,6,1.1428571428571428,0.0,0.0,0.14826666666666669,optimal
2021-02-07 04:30:00,46,6,1.1428571428571428,0.0,0.0,0.07640000000000001,optimal
2021-02-07 05:00:00,46,6,1.1428571428571428,0.0,0.0,0.061,optimal
2021-02-07 05:30:00,46,6,1.1428571428571428,0.0,0.0,0.11233333333333331,optimal
2021-02-07 06:00:00,46,6,1.1428571428571428,0.387037037037037,1.305830934193062,0.2057333333333333,optimal
2021-02-07 06:30:00,46,6,1.1428571428571428,0.0,0.0,0.20616666666666664,optimal
2021-02-07 07:00:00,46,6,1.1428571428571428,0.23222222222222222,0.0,0.44826666666666665,optimal
2021-02-07 07:30:00,46,6,0.0,2.3222222222222215,0.0,0.3172,optimal
2021-02-07 08:00:00,46,6,0.0,0.0,0.0,0.36906666666666665,optimal
2021-02-07 08:30:00,46,6,0.2167157898504098,2.012592592592592,0.0,0.25,optimal
2021-02-07 09:00:00,46,6,0.46426820510393024,0.0,0.0,0.5163666666666666,optimal
2021-02-07 09:30:00,46,6,0.5769813901102606,0.0,0.0,0.214,optimal
2021-02-07 10:00:00,46,6,0.5104015376979768,0.0,0.0,0.214,optimal
2021-02-07 10:30:00,46,6,0.5116418343519944,0.3096296296296296,0.0,0.3166666666666667,optimal
2021-02-07 11:00:00,46,6,0.38550312965848554,0.0,0.0,0.46353333333333335,optimal
2021-02-07 11:30:00,46,6,0.43244598680134877,0.5418518518518518,0.0,0.2812333333333333,optimal
2021-02-07 12:00:00,46,6,0.4280475124872209,0.0,0.0,0.11343333333333333,optimal
2021-02-07 12:30:00,46,6,0.4186379886776919,0.0,0.0,0.15036666666666668,optimal
2021-02-07 13:00:00,46,6,0.3399418998873481,0.23222222222222222,0.0,0.4886666666666667,optimal
2021-02-07 13:30:00,46,6,0.9037671981787855,0.23222222222222222,0.0,0.28213333333333335,optimal
2021-02-07 14:00:00,46,6,1.1428571428571428,0.1548148148148148,0.0,0.49926666666666664,optimal
2021-02-07 14:30:00,46,6,1.1428571428571428,0.0,0.0,0.261,optimal
2021-02-07 15:00:00,46,6,1.1428571428571428,0.0,0.0,0.30293333333333333,optimal
2021-02-07 15:30:00,46,6,1.1428571428571428,0.774074074074074,0.0,0.41953333333333337,optimal
2021-02-07 16:00:00,46,6,0.0,0.1548148148148148,0.0,0.2288,optimal
2021-02-07 16:30:00,46,6,0.0,0.23222222222222222,0.0,0.3566666666666667,optimal
2021-02-07 17:00:00,46,6,0.0,0.6192592592592592,0.0,0.25,optimal
2021-02-07 17:30:00,46,6,0.0,0.774074074074074,0.0,0.39330000000000004,optimal
2021-02-07 18:00:00,46,6,0.0,0.46444444444444444,0.0,0.6722333333333333,optimal
2021-02-07 18:30:00,46,6,0.0,0.9288888888888889,0.0,0.4276666666666667,optimal
2021-02-07 19:00:00,46,6,0.0,0.0,0.0,0.4933,optimal
2021-02-07 19:30:00,46,6,0.0,0.0,0.0,1.7798333333333332,optimal
2021-02-07 20:00:00,46,6,0.0,0.0,0.0,0.44589999999999996,optimal
2021-02-07 20:30:00,46,6,0.0,0.23222222222222222,0.0,0.5244,optimal
2021-02-07 21:00:00,46,6,0.0,0.0,0.0,0.35860000000000003,optimal
2021-02-07 21:30:00,46,6,0.0,0.0,0.0,0.4289333333333333,optimal
2021-02-07 22:00:00,46,6,0.0,0.46444444444444444,0.0,0.38846666666666657,optimal
2021-02-07 22:30:00,46,6,0.0,0.0,0.0,0.3776333333333333,optimal
2021-02-07 23:00:00,46,6,0.0,0.0,0.0,0.3732,optimal
2021-02-07 23:30:00,46,6,0.0,0.0,0.0,0.33416666666666667,optimal
2021-02-08 00:00:00,46,6,0.0,0.0,0.0,0.048,optimal
2021-02-08 00:30:00,46,6,0.0,0.0,0.0,0.048,optimal
2021-02-08 01:00:00,46,6,0.0,0.0,0.0,0.048,optimal
2021-02-08 01:30:00,46,6,0.0,0.0,0.0,0.1176,optimal
2021-02-08 02:00:00,46,6,0.6090203390202921,0.0,0.0,0.048,optimal
2021-02-08 02:30:00,46,6,1.1428571428571428,0.0,0.0,0.048,optimal
2021-02-08 03:00:00,46,6,1.1428571428571428,0.0,0.0,0.048,optimal
2021-02-08 03:30:00,46,6,1.1428571428571428,0.0,0.0,0.1176,optimal
2021-02-08 04:00:00,46,6,1.1428571428571428,0.0,0.0,0.048,optimal
2021-02-08 04:30:00,46,6,1.1428571428571428,0.0,0.0,0.09826666666666668,optimal
2021-02-08 05:00:00,46,6,1.1428571428571428,0.0,0.0,0.06733333333333333,optimal
2021-02-08 05:30:00,46,6,1.1428571428571428,1.1611111111111108,0.0,0.046666666666666655,optimal
2021-02-08 06:00:00,46,6,1.1428571428571428,0.46444444444444444,0.0,2.0584000000000002,optimal
2021-02-08 06:30:00,46,6,1.1428571428571428,6.115185185185185,4.310891345803312,2.2216,optimal
2021-02-08 07:00:00,46,6,1.1428571428571428,0.0774074074074074,5.0,0.13040000000000002,optimal
2021-02-08 07:30:00,46,6,1.1428571428571428,0.387037037037037,0.0,0.09466666666666669,optimal
2021-02-08 08:00:00,46,6,0.594276865107756,0.6966666666666667,0.0,0.056,optimal
2021-02-08 08:30:00,46,6,0.7953457331903513,0.0,0.0,0.1276,optimal
2021-02-08 09:00:00,46,6,0.7227052161983337,0.0,0.0,0.058,optimal
2021-02-08 09:30:00,46,6,0.7162733426458736,0.0,0.0,0.058,optimal
2021-02-08 10:00:00,46,6,0.5568751168660254,0.0,0.0,0.058,optimal
2021-02-08 10:30:00,46,6,0.5434212761327707,0.0,0.0,0.1276,optimal
2021-02-08 11:00:00,46,6,0.3896645505893196,0.0,0.0,0.058,optimal
2021-02-08 11:30:00,46,6,0.2249290158400596,0.387037037037037,0.0,2.237966666666667,optimal
2021-02-08 12:00:00,46,6,0.20655556155706173,0.0,0.0,2.087733333333333,optimal
2021-02-08 12:30:00,46,6,0.2528654444395018,0.23222222222222222,0.0,0.10106666666666667,optimal
2021-02-08 13:00:00,46,6,0.5678550288986234,0.0774074074074074,0.0,0.37210000000000004,optimal
2021-02-08 13:30:00,46,6,1.1428571428571428,0.0,0.0,1.7045666666666666,optimal
2021-02-08 14:00:00,46,6,1.1428571428571428,0.1548148148148148,0.0,0.5718333333333334,optimal
2021-02-08 14:30:00,46,6,1.1428571428571428,0.0,0.0,0.058,optimal
2021-02-08 15:00:00,46,6,1.1428571428571428,0.0,0.0,0.058,optimal
2021-02-08 15:30:00,46,6,1.1428571428571428,0.0,0.0,0.1276,optimal
2021-02-08 16:00:00,46,6,0.0,0.0,0.0,0.05966666666666666,optimal
2021-02-08 16:30:00,46,6,0.0,0.3096296296296296,0.0,0.2204,optimal
2021-02-08 17:00:00,46,6,0.0,0.5418518518518518,0.0,0.45330000000000004,optimal
2021-02-08 17:30:00,46,6,0.0,0.23222222222222222,0.0,1.7115333333333334,optimal
2021-02-08 18:00:00,46,6,0.0,0.387037037037037,0.0,0.1778,optimal
2021-02-08 18:30:00,46,6,0.0,0.46444444444444444,0.0,0.38763333333333333,optimal
2021-02-08 19:00:00,46,6,0.0,0.1548148148148148,0.0,0.15896666666666667,optimal
2021-02-08 19:30:00,46,6,0.0,0.3096296296296296,0.0,0.23553333333333334,optimal
2021-02-08 20:00:00,46,6,0.0,0.23222222222222222,0.0,0.2911333333333333,optimal
2021-02-08 20:30:00,46,6,0.0,0.0,0.0,2.4801333333333333,optimal
2021-02-08 21:00:00,46,6,0.0,0.1548148148148148,0.0,1.7294,optimal
2021-02-08 21:30:00,46,6,0.0,0.0,0.0,0.19356666666666664,optimal
2021-02-08 22:00:00,46,6,0.0,0.0,0.0,0.4433666666666667,optimal
2021-02-08 22:30:00,46,6,0.0,0.0,0.0,3.175333333333333,optimal
2021-02-08 23:00:00,46,6,0.0,0.1548148148148148,0.0,2.7147666666666668,optimal
2021-02-08 23:30:00,46,6,0.0,0.23222222222222222,0.0,1.0383,optimal
2021-02-09 00:00:00,46,6,0.0,0.1548148148148148,0.0,0.15443333333333334,optimal
2021-02-09 00:30:00,46,6,0.0,1.7029629629629628,0.0,0.4008,optimal
2021-02-09 01:00:00,46,6,0.0,0.23222222222222222,0.0,0.2734,optimal
2021-02-09 01:30:00,46,6,0.0,0.0,0.0,0.0708,optimal
2021-02-09 02:00:00,46,6,0.5600732774163738,0.0,0.0,0.23433333333333328,optimal
2021-02-09 02:30:00,46,6,1.1428571428571428,0.0,0.0,0.07406666666666667,optimal
2021-02-09 03:00:00,46,6,1.1428571428571428,0.0,0.0,0.061,optimal
2021-02-09 03:30:00,46,6,1.1428571428571428,0.0,0.0,0.1886,optimal
2021-02-09 04:00:00,46,6,1.1428571428571428,0.0,0.0,0.062,optimal
2021-02-09 04:30:00,46,6,1.1428571428571428,0.0,0.0,0.0942,optimal
2021-02-09 05:00:00,46,6,1.1428571428571428,0.0,0.0,0.2342,optimal
2021-02-09 05:30:00,46,6,1.1428571428571428,0.0,2.8359576321347686,0.071,optimal
2021-02-09 06:00:00,46,6,1.1428571428571428,0.0,5.0,0.1986,optimal
2021-02-09 06:30:00,46,6,1.1428571428571428,0.0,5.0,0.10693333333333334,optimal
2021-02-09 07:00:00,46,6,1.1428571428571428,0.0,5.0,0.15186666666666668,optimal
2021-02-09 07:30:00,46,6,1.1428571428571428,0.0,0.0,0.17936666666666667,optimal
2021-02-09 08:00:00,46,6,0.667134773089145,0.46444444444444444,0.0,0.2763,optimal
2021-02-09 08:30:00,46,6,0.6438743281081248,0.0,0.0,0.3452,optimal
2021-02-09 09:00:00,46,6,0.5473081226495136,0.23222222222222222,0.0,0.32926666666666665,optimal
2021-02-09 09:30:00,46,6,0.5752805660207942,0.3096296296296296,0.0,0.4598333333333333,optimal
2021-02-09 10:00:00,46,6,0.353175256340233,0.0,0.0,1.6074000000000002,optimal
2021-02-09 10:30:00,46,6,0.39188403851472364,0.0,0.0,0.32680000000000003,optimal
2021-02-09 11:00:00,46,6,0.177930860512979,0.23222222222222222,0.0,0.5637333333333333,optimal
2021-02-09 11:30:00,46,6,0.187188807424071,0.46444444444444444,0.0,0.37060000000000004,optimal
2021-02-09 12:00:00,46,6,0.0,0.0,0.0,0.7129,optimal
2021-02-09 12:30:00,46,6,0.06012280540811441,0.3096296296296296,0.0,0.22613333333333333,optimal
2021-02-09 13:00:00,46,6,1.1428571428571428,0.0,0.0,0.1762,optimal
2021-02-09 13:30:00,46,6,1.1428571428571428,0.0,0.0,0.1522,optimal
2021-02-09 14:00:00,46,6,1.1428571428571428,0.0,0.0,0.0906,optimal
2021-02-09 14:30:00,46,6,1.1428571428571428,0.0,0.0,0.19140000000000001,optimal
2021-02-09 15:00:00,46,6,1.1428571428571428,0.0,0.0,0.14353333333333332,optimal
2021-02-09 15:30:00,46,6,1.1428571428571428,0.0,0.0,0.11526666666666668,optimal
2021-02-09 16:00:00,46,6,0.0,0.0,0.0,0.5056,optimal
2021-02-09 16:30:00,46,6,0.0,0.0,0.0,1.2439333333333333,optimal
2021-02-09 17:00:00,46,6,0.0,0.0,0.0,1.6822000000000001,optimal
2021-02-09 17:30:00,46,6,0.0,0.1548148148148148,0.0,0.6677000000000001,optimal
2021-02-09 18:00:00,46,6,0.0,0.23222222222222222,0.0,0.34446666666666664,optimal
2021-02-09 18:30:00,46,6,0.0,0.1548148148148148,0.0,1.6659000000000002,optimal
2021-02-09 19:00:00,46,6,0.0,0.23222222222222222,0.0,0.5336333333333333,optimal
2021-02-09 19:30:00,46,6,0.0,0.387037037037037,0.0,0.16626666666666667,optimal
2021-02-09 20:00:00,46,6,0.18238288912997752,0.0,0.0,0.12943333333333334,optimal
2021-02-09 20:30:00,46,6,0.0,0.0774074074074074,0.0,0.43310000000000004,optimal
2021-02-09 21:00:00,46,6,0.0,0.23222222222222222,0.0,0.3156666666666667,optimal
2021-02-09 21:30:00,46,6,0.0,0.3096296296296296,0.0,0.4868,optimal
2021-02-09 22:00:00,46,6,0.0,0.0,0.0,0.4257666666666666,optimal
2021-02-09 22:30:00,46,6,0.0,0.0,0.0,0.24226666666666669,optimal
2021-02-09 23:00:00,46,6,0.0,0.0,0.0,0.24580000000000002,optimal
2021-02-09 23:30:00,46,6,0.0,0.0,0.0,0.071,optimal
2021-02-10 00:00:00,46,6,0.0,0.0,0.0,0.0761,optimal
2021-02-10 00:30:00,46,6,0.0,0.0,0.0,0.06733333333333333,optimal
2021-02-10 01:00:00,46,6,0.03814356169719661,0.0,0.0,0.16403333333333334,optimal
2021-02-10 01:30:00,46,6,1.1428571428571428,0.0,0.0,0.1465,optimal
2021-02-10 02:00:00,46,6,1.1428571428571428,0.0,0.0,0.08623333333333333,optimal
2021-02-10 02:30:00,46,6,1.1428571428571428,0.0,0.0,0.2243,optimal
2021-02-10 03:00:00,46,6,1.1428571428571428,0.0,0.0,0.059,optimal
2021-02-10 03:30:00,46,6,1.1428571428571428,0.0,0.6855934647599851,0.13486666666666666,optimal
2021-02-10 04:00:00,46,6,1.1428571428571428,0.0,5.0,0.17566666666666667,optimal
2021-02-10 04:30:00,46,6,1.1428571428571428,0.0,5.0,0.059,optimal
2021-02-10 05:00:00,46,6,1.1428571428571428,0.0,5.0,0.21230000000000002,optimal
2021-02-10 05:30:00,46,6,1.1428571428571428,0.0,5.0,0.09823333333333333,optimal
2021-02-10 06:00:00,46,6,1.1428571428571428,0.23222222222222222,5.0,0.08343333333333333,optimal
2021-02-10 06:30:00,46,6,1.1428571428571428,0.387037037037037,5.0,0.25046666666666667,optimal
2021-02-10 07:00:00,46,6,1.1428571428571428,1.006296296296296,0.0,0.07126666666666667,optimal
2021-02-10 07:30:00,46,6,1.1428571428571428,0.46444444444444444,0.0,0.2661,optimal
2021-02-10 08:00:00,46,6,0.829445391051342,0.0,0.0,0.17276666666666668,optimal
2021-02-10 08:30:00,46,6,0.8533743215528312,0.0,0.0,0.059,optimal
2021-02-10 09:00:00,46,6,0.6103988415582586,0.0,0.0,0.332,optimal
2021-02-10 09:30:00,46,6,0.5861372958692724,0.0,0.0,0.2862333333333333,optimal
2021-02-10 10:00:00,46,6,0.530274677668604,0.0,0.0,0.07303333333333333,optimal
2021-02-10 10:30:00,46,6,0.5197666136399575,0.0,0.0,0.09163333333333334,optimal
2021-02-10 11:00:00,46,6,0.38006682520481266,0.0,0.0,0.10990000000000001,optimal
2021-02-10 11:30:00,46,6,0.35291224283650074,0.0,0.0,0.18993333333333332,optimal
2021-02-10 12:00:00,46,6,0.20911941735239234,0.0,0.0,0.10926666666666668,optimal
2021-02-10 12:30:00,46,6,0.18060513163810366,0.0,0.0,0.2174,optimal
2021-02-10 13:00:00,46,6,1.1428571428571428,0.815874074074074,0.0,0.15313333333333332,optimal
2021-02-10 13:30:00,46,6,1.1428571428571428,0.0,0.0,0.1465,optimal
2021-02-10 14:00:00,46,6,1.1428571428571428,0.0,0.0,0.12490000000000001,optimal
2021-02-10 14:30:00,46,6,1.1428571428571428,0.0,0.0,0.1468,optimal
2021-02-10 15:00:00,46,6,1.1428571428571428,0.19042222222222224,0.0,0.3455666666666667,optimal
2021-02-10 15:30:00,46,6,1.1428571428571428,0.5418518518518518,0.0,0.12763333333333335,optimal
2021-02-10 16:00:00,46,6,0.0,0.0774074074074074,0.0,0.45156666666666667,optimal
2021-02-10 16:30:00,46,6,0.0,0.0,0.0,0.1495,optimal
2021-02-10 17:00:00,46,6,0.0,0.8514814814814814,0.0,0.1265,optimal
2021-02-10 17:30:00,46,6,0.0,0.46444444444444444,0.0,0.27393333333333336,optimal
2021-02-10 18:00:00,46,6,0.0,0.3096296296296296,0.0,0.31839999999999996,optimal
2021-02-10 18:30:00,46,6,0.0,0.0,0.0,0.32180000000000003,optimal
2021-02-10 19:00:00,46,6,0.0,0.0,0.0,0.2551333333333333,optimal
2021-02-10 19:30:00,46,6,0.0,0.1548148148148148,0.0,0.2587,optimal
2021-02-10 20:00:00,46,6,0.11270366669808417,0.0,0.0,0.30156666666666665,optimal
2021-02-10 20:30:00,46,6,0.0,2.631851851851852,0.0,0.30460000000000004,optimal
2021-02-10 21:00:00,46,6,0.0,0.0774074074074074,0.0,0.6043666666666667,optimal
2021-02-10 21:30:00,46,6,0.0,0.0,0.0,0.32873333333333327,optimal
2021-02-10 22:00:00,46,6,0.0,0.0,0.0,0.20463333333333333,optimal
2021-02-10 22:30:00,46,6,0.0,0.0,0.0,0.23203333333333334,optimal
2021-02-10 23:00:00,46,6,0.0,0.0,0.0,0.0985,optimal
2021-02-10 23:30:00,46,6,0.0,0.0,0.0,0.08066666666666668,optimal
2021-02-11 00:00:00,46,6,0.7269332836383717,0.0,0.0,0.048,optimal
2021-02-11 00:30:00,46,6,1.1428571428571428,0.0,0.0,0.1044,optimal
2021-02-11 01:00:00,46,6,1.1428571428571428,0.0,0.0,0.048,optimal
2021-02-11 01:30:00,46,6,1.1428571428571428,0.0,0.0,0.3604666666666666,optimal
2021-02-11 02:00:00,46,6,1.1428571428571428,0.0,0.0,0.048,optimal
2021-02-11 02:30:00,46,6,1.1428571428571428,0.0,0.0,0.14373333333333332,optimal
2021-02-11 03:00:00,46,6,1.1428571428571428,0.0,0.0,0.1188,optimal
2021-02-11 03:30:00,46,6,1.1428571428571428,0.0,0.0,0.12096666666666668,optimal
2021-02-11 04:00:00,46,6,1.1428571428571428,0.0,0.0,0.2875,optimal
2021-02-11 04:30:00,46,6,1.1428571428571428,0.0,0.0,0.04933333333333333,optimal
2021-02-11 05:00:00,46,6,1.1428571428571428,0.0,2.4436401193378887,0.07993333333333334,optimal
2021-02-11 05:30:00,46,6,1.1428571428571428,0.0,5.0,0.2848,optimal
2021-02-11 06:00:00,46,6,1.1428571428571428,0.1548148148148148,5.0,0.10273333333333332,optimal
2021-02-11 06:30:00,46,6,1.1428571428571428,0.387037037037037,0.0,0.3410666666666667,optimal
2021-02-11 07:00:00,46,6,1.1428571428571428,1.2385185185185184,0.0,0.209,optimal
2021-02-11 07:30:00,46,6,1.1428571428571428,0.46444444444444444,0.0,0.18606666666666663,optimal
2021-02-11 08:00:00,46,6,0.7931721840492194,0.6966666666666667,0.0,0.1802,optimal
2021-02-11 08:30:00,46,6,0.8201373909350068,0.0774074074074074,0.0,0.134,optimal
2021-02-11 09:00:00,46,6,0.5439621170589255,0.8514814814814814,0.0,0.6063333333333334,optimal
2021-02-11 09:30:00,46,6,0.545706746077182,0.0,0.0,0.1466,optimal
2021-02-11 10:00:00,46,6,0.2862412041217779,0.0,0.0,0.3003,optimal
2021-02-11 10:30:00,46,6,0.23365441261730757,0.0,0.0,0.5268999999999999,optimal
2021-02-11 11:00:00,46,6,0.1925824339401674,0.1548148148148148,0.0,0.33493333333333336,optimal
2021-02-11 11:30:00,46,6,0.19475639951123103,0.0,0.0,0.2701,optimal
2021-02-11 12:00:00,46,6,0.0,0.0,0.0,0.418,optimal
2021-02-11 12:30:00,46,6,0.0,0.1548148148148148,0.0,0.5207333333333334,optimal
2021-02-11 13:00:00,46,6,0.6902388301254251,0.46444444444444444,0.0,1.4626,optimal
2021-02-11 13:30:00,46,6,1.1428571428571428,0.0,0.0,0.26946666666666663,optimal
2021-02-11 14:00:00,46,6,1.1428571428571428,0.0,0.0,0.07576666666666666,optimal
2021-02-11 14:30:00,46,6,1.1428571428571428,0.23222222222222222,0.0,0.3048,optimal
2021-02-11 15:00:00,46,6,1.1428571428571428,0.0,0.0,0.6447,optimal
2021-02-11 15:30:00,46,6,1.1428571428571428,0.387037037037037,0.0,1.0440999999999998,optimal
2021-02-11 16:00:00,46,6,0.0,0.0,0.0,0.3385666666666667,optimal
2021-02-11 16:30:00,46,6,0.0,0.0,0.0,0.2296,optimal
2021-02-11 17:00:00,46,6,0.0,0.1548148148148148,0.0,1.7477,optimal
2021-02-11 17:30:00,46,6,0.0,1.0837037037037036,0.0,0.185,optimal
2021-02-11 18:00:00,46,6,0.0,0.387037037037037,0.0,0.4478666666666667,optimal
2021-02-11 18:30:00,46,6,0.0,0.23222222222222222,0.0,0.4883,optimal
2021-02-11 19:00:00,46,6,0.0,0.0,0.0,0.33423333333333327,optimal
2021-02-11 19:30:00,46,6,0.0,0.0,0.0,0.3449,optimal
2021-02-11 20:00:00,46,6,0.0,0.0,0.0,0.14013333333333333,optimal
2021-02-11 20:30:00,46,6,0.0,0.0,0.0,0.2487666666666667,optimal
2021-02-11 21:00:00,46,6,0.0,0.0,0.0,0.2171,optimal
2021-02-11 21:30:00,46,6,0.0,2.012592592592592,0.0,0.2573333333333333,optimal
2021-02-11 22:00:00,46,6,0.0,0.0,0.0,0.36660000000000004,optimal
2021-02-11 22:30:00,46,6,0.0,0.0,0.0,0.3343666666666667,optimal
2021-02-11 23:00:00,46,6,0.0,1.7803703703703702,0.0,0.46353333333333335,optimal
2021-02-11 23:30:00,46,6,0.0,0.0,0.0,0.2772333333333333,optimal
2021-02-12 00:00:00,46,6,0.6151313717407213,0.0,0.0,0.065,optimal
2021-02-12 00:30:00,46,6,1.1428571428571428,0.0,0.0,0.0813,optimal
2021-02-12 01:00:00,46,6,1.1428571428571428,0.0,0.0,0.2601,optimal
2021-02-12 01:30:00,46,6,1.1428571428571428,0.0,0.0,0.19246666666666667,optimal
2021-02-12 02:00:00,46,6,1.1428571428571428,0.0,0.0,0.09873333333333333,optimal
2021-02-12 02:30:00,46,6,1.1428571428571428,0.0,0.0,0.18623333333333328,optimal
2021-02-12 03:00:00,46,6,1.1428571428571428,0.0,0.0,0.26116666666666666,optimal
2021-02-12 03:30:00,46,6,1.1428571428571428,0.0,0.0,0.0834,optimal
2021-02-12 04:00:00,46,6,1.1428571428571428,0.0,0.0,0.3072,optimal
2021-02-12 04:30:00,46,6,1.1428571428571428,0.0,0.0,0.12179999999999999,optimal
2021-02-12 05:00:00,46,6,1.1428571428571428,0.3096296296296296,0.0,0.20226666666666668,optimal
2021-02-12 05:30:00,46,6,1.1428571428571428,0.0774074074074074,0.0,0.2747,optimal
2021-02-12 06:00:00,46,6,1.1428571428571428,4.025185185185184,3.865970235851879,1.1241666666666668,optimal
2021-02-12 06:30:00,46,6,1.1428571428571428,0.46444444444444444,5.0,0.7333666666666667,optimal
2021-02-12 07:00:00,46,6,1.1428571428571428,0.3096296296296296,5.0,0.2628666666666667,optimal
2021-02-12 07:30:00,46,6,1.1428571428571428,0.6966666666666667,0.0,0.4086,optimal
2021-02-12 08:00:00,46,6,0.6119890772307519,2.1674074074074072,0.0,0.1817,optimal
2021-02-12 08:30:00,46,6,0.7175744324435552,0.5418518518518518,0.0,0.2148333333333333,optimal
2021-02-12 09:00:00,46,6,0.385415127517069,0.9288888888888889,0.0,1.2749333333333335,optimal
2021-02-12 09:30:00,46,6,0.2984162201763273,0.0774074074074074,0.0,3.1506999999999996,optimal
2021-02-12 10:00:00,46,6,0.08504026252149154,0.23222222222222222,0.0,2.5940666666666665,optimal
2021-02-12 10:30:00,46,6,0.24248669495304634,0.0,0.0,0.19140000000000001,optimal
2021-02-12 11:00:00,46,6,0.04418612791342124,0.0,0.0,0.2917333333333333,optimal
2021-02-12 11:30:00,46,6,0.05108978911023103,2.5544444444444445,0.0,0.32889999999999997,optimal
2021-02-12 12:00:00,46,6,0.05360382481166183,0.0,0.0,0.2289,optimal
2021-02-12 12:30:00,46,6,0.014755105056087165,5.573333333333333,0.0,0.3273666666666667,optimal
2021-02-12 13:00:00,46,6,0.29126478980406073,0.0,0.0,0.12266666666666669,optimal
2021-02-12 13:30:00,46,6,1.1428571428571428,0.0,0.0,0.22783333333333328,optimal
2021-02-12 14:00:00,46,6,1.1428571428571428,0.0,0.0,0.2273,optimal
2021-02-12 14:30:00,46,6,1.1428571428571428,0.0,0.0,0.09953333333333332,optimal
2021-02-12 15:00:00,46,6,1.1428571428571428,0.0,0.0,0.21166666666666664,optimal
2021-02-12 15:30:00,46,6,1.1428571428571428,0.0,0.0,0.2312,optimal
2021-02-12 16:00:00,46,6,0.0,0.0,0.0,0.41706666666666664,optimal
2021-02-12 16:30:00,46,6,0.0,0.0,0.0,0.33103333333333335,optimal
2021-02-12 17:00:00,46,6,0.0,0.0774074074074074,0.0,0.43060000000000004,optimal
2021-02-12 17:30:00,46,6,0.0,0.23222222222222222,0.0,0.33523333333333327,optimal
2021-02-12 18:00:00,46,6,0.0,0.3096296296296296,0.0,0.5806666666666667,optimal
2021-02-12 18:30:00,46,6,0.0,0.5418518518518518,0.0,0.36219999999999997,optimal
2021-02-12 19:00:00,46,6,0.0,0.0,0.0,0.5483333333333333,optimal
2021-02-12 19:30:00,46,6,0.0,0.0,0.0,0.4748,optimal
2021-02-12 20:00:00,46,6,0.0,0.0,0.0,2.104,optimal
2021-02-12 20:30:00,46,6,0.0,0.1548148148148148,0.0,1.050266666666667,optimal
2021-02-12 21:00:00,46,6,0.0,0.0,0.0,0.32613333333333333,optimal
2021-02-12 21:30:00,46,6,0.0,0.0,0.0,2.3815,optimal
2021-02-12 22:00:00,46,6,0.0,0.0,0.0,0.6096,optimal
2021-02-12 22:30:00,46,6,0.0,0.0,0.0,0.2927666666666667,optimal
2021-02-12 23:00:00,46,6,0.0,0.0774074074074074,0.0,0.46303333333333335,optimal
2021-02-12 23:30:00,46,6,0.0,0.0,0.0,0.07740000000000001,optimal
2021-02-13 00:00:00,46,6,0.0,0.1548148148148148,0.0,0.05533333333333334,optimal
2021-02-13 00:30:00,46,6,0.0,0.0,0.0,0.06753333333333333,optimal
2021-02-13 01:00:00,46,6,0.0,0.0,0.0,0.1803333333333333,optimal
2021-02-13 01:30:00,46,6,0.3927404680767434,0.0,0.0,0.055,optimal
2021-02-13 02:00:00,46,6,1.1428571428571428,0.0,0.0,0.149,optimal
2021-02-13 02:30:00,46,6,1.1428571428571428,0.0,0.0,0.09886666666666666,optimal
2021-02-13 03:00:00,46,6,1.1428571428571428,0.0,0.0,0.07379999999999999,optimal
2021-02-13 03:30:00,46,6,1.1428571428571428,0.0,0.0,0.17406666666666668,optimal
2021-02-13 04:00:00,46,6,1.1428571428571428,0.0,0.0,0.055,optimal
2021-02-13 04:30:00,46,6,1.1428571428571428,0.0,0.3434486352073027,0.055,optimal
2021-02-13 05:00:00,46,6,1.1428571428571428,0.0,5.0,0.055,optimal
2021-02-13 05:30:00,46,6,1.1428571428571428,0.0,5.0,0.055,optimal
2021-02-13 06:00:00,46,6,1.1428571428571428,0.0,5.0,0.1928666666666667,optimal
2021-02-13 06:30:00,46,6,1.1428571428571428,0.0,5.0,0.055,optimal
2021-02-13 07:00:00,46,6,1.1428571428571428,0.0,5.0,0.09886666666666666,optimal
2021-02-13 07:30:00,46,6,1.1428571428571428,0.5418518518518518,0.0,0.2754,optimal
2021-02-13 08:00:00,46,6,0.6662197561184385,0.387037037037037,0.0,0.193,optimal
2021-02-13 08:30:00,46,6,0.7561138935057217,0.0,0.0,0.2342,optimal
2021-02-13 09:00:00,46,6,0.7817535140600375,0.0,0.0,0.055,optimal
2021-02-13 09:30:00,46,6,0.771033724805949,0.0,0.0,0.055,optimal
2021-02-13 10:00:00,46,6,0.582175905109833,0.0,0.0,0.05766666666666666,optimal
2021-02-13 10:30:00,46,6,0.580031947259013,0.0,0.0,0.065,optimal
2021-02-13 11:00:00,46,6,0.36876943193276585,0.0,0.0,0.065,optimal
2021-02-13 11:30:00,46,6,0.32723499789146776,0.0,0.0,0.20286666666666667,optimal
2021-02-13 12:00:00,46,6,0.2792850668892855,0.0,0.0,0.065,optimal
2021-02-13 12:30:00,46,6,0.27499715118765716,0.0,0.0,0.065,optimal
2021-02-13 13:00:00,46,6,1.1428571428571428,0.0,0.0,0.3846333333333333,optimal
2021-02-13 13:30:00,46,6,1.1428571428571428,0.774074074074074,0.0,0.26,optimal
2021-02-13 14:00:00,46,6,1.1428571428571428,0.0,0.0,0.3095333333333334,optimal
2021-02-13 14:30:00,46,6,1.1428571428571428,0.0,0.0,0.16419999999999998,optimal
2021-02-13 15:00:00,46,6,1.1428571428571428,0.0,0.0,0.09633333333333331,optimal
2021-02-13 15:30:00,46,6,1.1428571428571428,0.0,0.0,0.10886666666666665,optimal
2021-02-13 16:00:00,46,6,0.0,0.0,0.0,0.15633333333333335,optimal
2021-02-13 16:30:00,46,6,0.0,0.0,0.0,0.055,optimal
2021-02-13 17:00:00,46,6,0.0,0.2740222222222222,0.0,0.27693333333333336,optimal
2021-02-13 17:30:00,46,6,0.0,0.5000518518518519,0.0,0.6149,optimal
2021-02-13 18:00:00,46,6,0.0,0.0774074074074074,0.0,1.0899333333333334,optimal
2021-02-13 18:30:00,46,6,0.0,0.0,0.0,0.16526666666666667,optimal
2021-02-13 19:00:00,46,6,0.0,0.0,0.0,0.20776666666666668,optimal
2021-02-13 19:30:00,46,6,0.6016009762762261,0.0,0.0,0.33986666666666665,optimal
2021-02-13 20:00:00,46,6,0.7045084331209922,0.0,0.0,0.3101666666666667,optimal
2021-02-13 20:30:00,46,6,0.0,0.23222222222222222,0.0,0.1729,optimal
2021-02-13 21:00:00,46,6,0.0,0.0,0.0,0.3238666666666667,optimal
2021-02-13 21:30:00,46,6,0.0,0.0,0.0,0.2,optimal
2021-02-13 22:00:00,46,6,0.0,0.0,0.0,0.2079,optimal
2021-02-13 22:30:00,46,6,0.0,5.791622222222222,0.0,0.13343333333333335,optimal
2021-02-13 23:00:00,46,6,0.0,0.9428222222222218,0.0,0.07093333333333333,optimal
2021-02-13 23:30:00,46,6,0.0,0.23222222222222222,0.0,0.19566666666666663,optimal
2021-02-07 00:00:00,47,6,0.0,0.0,0.0,0.0649,optimal
2021-02-07 00:30:00,47,6,0.0,0.0,0.0,0.1045,optimal
2021-02-07 01:00:00,47,6,0.0,0.0,0.0,0.0682,optimal
2021-02-07 01:30:00,47,6,0.0,0.0,0.0,0.1012,optimal
2021-02-07 02:00:00,47,6,0.0,0.0,0.0,0.055,optimal
2021-02-07 02:30:00,47,6,0.0,0.0,0.0,0.055,optimal
2021-02-07 03:00:00,47,6,0.0,0.0,0.0,0.12006666666666667,optimal
2021-02-07 03:30:00,47,6,0.0,0.0,0.0,0.059333333333333335,optimal
2021-02-07 04:00:00,47,6,1.1428571428571428,0.0,0.0,0.055,optimal
2021-02-07 04:30:00,47,6,1.1428571428571428,0.0,0.0,0.1144,optimal
2021-02-07 05:00:00,47,6,1.1428571428571428,0.0774074074074074,0.0,0.9962333333333332,optimal
2021-02-07 05:30:00,47,6,1.1428571428571428,0.0,0.0,0.05433333333333334,optimal
2021-02-07 06:00:00,47,6,1.1428571428571428,0.0,0.0,0.07479999999999999,optimal
2021-02-07 06:30:00,47,6,1.1428571428571428,0.0,0.0,0.09393333333333334,optimal
2021-02-07 07:00:00,47,6,1.1428571428571428,0.23222222222222222,1.5052247886819266,0.073,optimal
2021-02-07 07:30:00,47,6,0.0,0.1548148148148148,0.0,0.13090000000000002,optimal
2021-02-07 08:00:00,47,6,0.008555191351679274,5.573333333333333,0.0,0.09533333333333331,optimal
2021-02-07 08:30:00,47,6,0.6463871136184179,1.470740740740741,0.0,0.07466666666666667,optimal
2021-02-07 09:00:00,47,6,0.5554110622467885,0.0,0.0,0.1222,optimal
2021-02-07 09:30:00,47,6,0.7132385329673991,0.0,0.0,0.0848,optimal
2021-02-07 10:00:00,47,6,0.6318586805551223,0.0,0.0,0.1046,optimal
2021-02-07 10:30:00,47,6,0.6474608819710366,0.0,0.0,0.065,optimal
2021-02-07 11:00:00,47,6,0.552998367753729,0.0,0.0,0.065,optimal
2021-02-07 11:30:00,47,6,0.4912497963251582,0.0,0.0,0.2746,optimal
2021-02-07 12:00:00,47,6,0.40548370296340597,0.23222222222222222,0.0,0.4116666666666667,optimal
2021-02-07 12:30:00,47,6,0.28300751248721673,0.0,0.0,1.5138,optimal
2021-02-07 13:00:00,47,6,1.1428571428571428,0.0,0.0,0.32103333333333334,optimal
2021-02-07 13:30:00,47,6,1.1428571428571428,0.0,0.0,1.7719666666666667,optimal
2021-02-07 14:00:00,47,6,1.1428571428571428,0.0774074074074074,0.0,0.1995,optimal
2021-02-07 14:30:00,47,6,1.1428571428571428,0.387037037037037,0.0,1.7819,optimal
2021-02-07 15:00:00,47,6,1.1428571428571428,0.0,0.0,0.0795,optimal
2021-02-07 15:30:00,47,6,1.1428571428571428,0.0,0.0,1.525,optimal
2021-02-07 16:00:00,47,6,0.0,0.23222222222222222,0.0,0.10553333333333331,optimal
2021-02-07 16:30:00,47,6,0.0,0.6192592592592592,0.0,0.5425333333333333,optimal
2021-02-07 17:00:00,47,6,0.0,0.46444444444444444,0.0,0.28163333333333335,optimal
2021-02-07 17:30:00,47,6,0.0,0.0,0.0,0.0815,optimal
2021-02-07 18:00:00,47,6,0.0,0.0,0.0,0.10790000000000001,optimal
2021-02-07 18:30:00,47,6,0.0,0.0,0.0,0.11466666666666668,optimal
2021-02-07 19:00:00,47,6,0.0,0.387037037037037,0.0,0.23603333333333334,optimal
2021-02-07 19:30:00,47,6,0.17141606884420887,0.0,0.0,0.3377,optimal
2021-02-07 20:00:00,47,6,0.5170695257802447,0.3096296296296296,0.0,0.3513,optimal
2021-02-07 20:30:00,47,6,0.0,0.23222222222222222,0.0,0.28933333333333333,optimal
2021-02-07 21:00:00,47,6,0.0,5.186296296296297,0.0,0.3418333333333333,optimal
2021-02-07 21:30:00,47,6,0.0,0.0,0.0,0.25196666666666667,optimal
2021-02-07 22:00:00,47,6,0.0,0.0,0.0,0.2522666666666667,optimal
2021-02-07 22:30:00,47,6,0.0,0.23222222222222222,0.0,0.2298,optimal
2021-02-07 23:00:00,47,6,0.0,0.0774074074074074,0.0,0.3017666666666666,optimal
2021-02-07 23:30:00,47,6,0.0,0.0774074074074074,0.0,0.9140666666666668,optimal
2021-02-08 00:00:00,47,6,0.0,0.0,0.0,0.11516666666666668,optimal
2021-02-08 00:30:00,47,6,0.0,0.0,0.0,0.1955,optimal
2021-02-08 01:00:00,47,6,0.0,0.0,0.0,0.12313333333333334,optimal
2021-02-08 01:30:00,47,6,0.0,0.0,0.0,0.15153333333333333,optimal
2021-02-08 02:00:00,47,6,1.004774360792354,0.0,0.0,0.129,optimal
2021-02-08 02:30:00,47,6,1.1428571428571428,0.0,0.0,0.061,optimal
2021-02-08 03:00:00,47,6,1.1428571428571428,0.0,0.0,0.061,optimal
2021-02-08 03:30:00,47,6,1.1428571428571428,0.0,0.0,0.208,optimal
2021-02-08 04:00:00,47,6,1.1428571428571428,0.0,0.0,0.12333333333333331,optimal
2021-02-08 04:30:00,47,6,1.1428571428571428,0.0,0.0,0.157,optimal
2021-02-08 05:00:00,47,6,1.1428571428571428,0.0,0.0,0.17433333333333334,optimal
2021-02-08 05:30:00,47,6,1.1428571428571428,0.0,0.0,0.14566666666666667,optimal
2021-02-08 06:00:00,47,6,1.1428571428571428,0.0,3.889164859027882,0.061,optimal
2021-02-08 06:30:00,47,6,1.1428571428571428,0.0,5.0,0.20683333333333329,optimal
2021-02-08 07:00:00,47,6,1.1428571428571428,2.3222222222222215,5.0,0.12416666666666669,optimal
2021-02-08 07:30:00,47,6,1.1428571428571428,5.728148148148147,0.0,0.108,optimal
2021-02-08 08:00:00,47,6,0.5466197222506148,0.387037037037037,0.0,0.3148666666666667,optimal
2021-02-08 08:30:00,47,6,0.7120600189046326,0.0,0.0,0.2158333333333333,optimal
2021-02-08 09:00:00,47,6,0.7159147400078512,0.0,0.0,0.08216666666666667,optimal
2021-02-08 09:30:00,47,6,0.7155304855030232,0.0,0.0,0.061,optimal
2021-02-08 10:00:00,47,6,0.41413225972317014,0.0,0.0,0.453,optimal
2021-02-08 10:30:00,47,6,0.5123736570851531,0.0,0.0,0.154,optimal
2021-02-08 11:00:00,47,6,0.35211216963693304,0.0,0.0,0.1898333333333333,optimal
2021-02-08 11:30:00,47,6,0.36163377774482647,0.0,0.0,0.1415,optimal
2021-02-08 12:00:00,47,6,0.32419365679516166,0.0,0.0,0.061,optimal
2021-02-08 12:30:00,47,6,0.17295115872522357,0.0774074074074074,0.0,0.307,optimal
2021-02-08 13:00:00,47,6,0.3649242094229739,0.0,0.0,0.4869666666666666,optimal
2021-02-08 13:30:00,47,6,1.1428571428571428,0.1548148148148148,0.0,0.7493,optimal
2021-02-08 14:00:00,47,6,1.1428571428571428,0.0,0.0,0.39066666666666666,optimal
2021-02-08 14:30:00,47,6,1.1428571428571428,0.0,0.0,0.1613,optimal
2021-02-08 15:00:00,47,6,1.1428571428571428,0.0774074074074074,0.0,0.44403333333333334,optimal
2021-02-08 15:30:00,47,6,1.1428571428571428,0.0,0.0,0.3561666666666667,optimal
2021-02-08 16:00:00,47,6,0.0,5.805555555555555,0.0,0.4,optimal
2021-02-08 16:30:00,47,6,0.0,0.6966666666666667,0.0,0.44789999999999996,optimal
2021-02-08 17:00:00,47,6,0.0,0.46444444444444444,0.0,0.2693666666666667,optimal
2021-02-08 17:30:00,47,6,0.0,0.3096296296296296,0.0,0.28753333333333336,optimal
2021-02-08 18:00:00,47,6,0.0,0.46444444444444444,0.0,0.1428,optimal
2021-02-08 18:30:00,47,6,0.0,0.0,0.0,0.21,optimal
2021-02-08 19:00:00,47,6,0.0,0.774074074074074,0.0,1.1742666666666668,optimal
2021-02-08 19:30:00,47,6,0.0,0.0,0.0,0.16943333333333332,optimal
2021-02-08 20:00:00,47,6,0.0,0.0,0.0,0.2631,optimal
2021-02-08 20:30:00,47,6,0.0,0.0,0.0,0.4653,optimal
2021-02-08 21:00:00,47,6,0.0,0.0,0.0,0.42019999999999996,optimal
2021-02-08 21:30:00,47,6,0.0,0.0,0.0,0.18030000000000002,optimal
2021-02-08 22:00:00,47,6,0.0,0.0,0.0,0.107,optimal
2021-02-08 22:30:00,47,6,0.0,0.0774074074074074,0.0,0.32963333333333333,optimal
2021-02-08 23:00:00,47,6,0.0,0.0,0.0,0.5184666666666667,optimal
2021-02-08 23:30:00,47,6,0.0,0.0,0.0,0.2695,optimal
2021-02-09 00:00:00,47,6,0.0,0.0,0.0,0.058333333333333334,optimal
2021-02-09 00:30:00,47,6,0.0,0.0,0.0,0.066,optimal
2021-02-09 01:00:00,47,6,0.0,0.0,0.0,0.2024,optimal
2021-02-09 01:30:00,47,6,0.5184429822775518,0.0,0.0,0.066,optimal
2021-02-09 02:00:00,47,6,1.1428571428571428,0.0,0.0,0.066,optimal
2021-02-09 02:30:00,47,6,1.1428571428571428,0.0,0.0,0.2024,optimal
2021-02-09 03:00:00,47,6,1.1428571428571428,0.0,0.0,0.066,optimal
2021-02-09 03:30:00,47,6,1.1428571428571428,0.0,0.0,0.066,optimal
2021-02-09 04:00:00,47,6,1.1428571428571428,0.0,0.0,0.2024,optimal
2021-02-09 04:30:00,47,6,1.1428571428571428,0.0,0.0,0.066,optimal
2021-02-09 05:00:00,47,6,1.1428571428571428,0.0,0.2620291466235352,0.066,optimal
2021-02-09 05:30:00,47,6,1.1428571428571428,0.0,5.0,0.13419999999999999,optimal
2021-02-09 06:00:00,47,6,1.1428571428571428,0.0,5.0,0.13419999999999999,optimal
2021-02-09 06:30:00,47,6,1.1428571428571428,0.3096296296296296,5.0,0.07146666666666666,optimal
2021-02-09 07:00:00,47,6,1.1428571428571428,3.251111111111111,5.0,0.085,optimal
2021-02-09 07:30:00,47,6,1.1428571428571428,1.1611111111111108,0.0,0.20553333333333332,optimal
2021-02-09 08:00:00,47,6,0.3974395349939103,3.173703703703704,0.0,0.8994,optimal
2021-02-09 08:30:00,47,6,0.7528552804890781,0.5418518518518518,0.0,0.1596,optimal
2021-02-09 09:00:00,47,6,0.7338128845542672,0.0,0.0,0.066,optimal
2021-02-09 09:30:00,47,6,0.7050062803065117,0.0,0.0,0.12179999999999999,optimal
2021-02-09 10:00:00,47,6,0.5127276372926196,0.0,0.0,0.1466,optimal
2021-02-09 10:30:00,47,6,0.4220935623242412,0.0,0.0,0.21396666666666667,optimal
2021-02-09 11:00:00,47,6,0.19126609860822036,0.0,0.0,0.3318,optimal
2021-02-09 11:30:00,47,6,0.19624214075740365,0.1548148148148148,0.0,0.1446,optimal
2021-02-09 12:00:00,47,6,0.04595567717242345,0.1548148148148148,0.0,1.3158333333333332,optimal
2021-02-09 12:30:00,47,6,0.23915677788038464,0.0,0.0,0.066,optimal
2021-02-09 13:00:00,47,6,0.7669158741095847,0.0,0.0,0.066,optimal
2021-02-09 13:30:00,47,6,1.1428571428571428,0.0,0.0,0.066,optimal
2021-02-09 14:00:00,47,6,1.1428571428571428,0.1548148148148148,0.0,1.6008666666666667,optimal
2021-02-09 14:30:00,47,6,1.1428571428571428,0.0,0.0,0.24836666666666668,optimal
2021-02-09 15:00:00,47,6,1.1428571428571428,0.0,0.0,0.066,optimal
2021-02-09 15:30:00,47,6,1.1428571428571428,0.0,0.0,0.2024,optimal
2021-02-09 16:00:00,47,6,0.0,0.0,0.0,0.066,optimal
2021-02-09 16:30:00,47,6,0.0,0.1548148148148148,0.0,0.275,optimal
2021-02-09 17:00:00,47,6,0.0,0.0,0.0,1.2354666666666667,optimal
2021-02-09 17:30:00,47,6,0.0,0.0,0.0,1.3253333333333333,optimal
2021-02-09 18:00:00,47,6,0.0,0.0,0.0,0.347,optimal
2021-02-09 18:30:00,47,6,0.0,0.0,0.0,0.24919999999999998,optimal
2021-02-09 19:00:00,47,6,0.0,0.1548148148148148,0.0,0.3271,optimal
2021-02-09 19:30:00,47,6,0.0,0.5418518518518518,0.0,0.4093333333333333,optimal
2021-02-09 20:00:00,47,6,0.0,0.0,0.0,0.16733333333333333,optimal
2021-02-09 20:30:00,47,6,0.0,0.0,0.0,0.47793333333333327,optimal
2021-02-09 21:00:00,47,6,0.0,0.3096296296296296,0.0,0.3542,optimal
2021-02-09 21:30:00,47,6,0.0,0.0,0.0,0.5435333333333333,optimal
2021-02-09 22:00:00,47,6,0.0,0.3096296296296296,0.0,1.3151,optimal
2021-02-09 22:30:00,47,6,0.0,0.0,0.0,0.11053333333333332,optimal
2021-02-09 23:00:00,47,6,0.0,4.721851851851852,0.0,0.3836,optimal
2021-02-09 23:30:00,47,6,0.0,0.9288888888888889,0.0,0.21866666666666662,optimal
2021-02-10 00:00:00,47,6,0.0,0.23222222222222222,0.0,0.1272,optimal
2021-02-10 00:30:00,47,6,0.0,0.0774074074074074,0.0,0.22813333333333333,optimal
2021-02-10 01:00:00,47,6,0.0,0.0,0.0,0.2694,optimal
2021-02-10 01:30:00,47,6,0.1924077458255194,0.0,0.0,0.2736,optimal
2021-02-10 02:00:00,47,6,1.1428571428571428,2.2448148148148146,0.0,0.3203333333333333,optimal
2021-02-10 02:30:00,47,6,1.1428571428571428,0.0,0.0,0.4349333333333333,optimal
2021-02-10 03:00:00,47,6,1.1428571428571428,0.0,0.0,0.44,optimal
2021-02-10 03:30:00,47,6,1.1428571428571428,0.387037037037037,0.0,0.4614333333333333,optimal
2021-02-10 04:00:00,47,6,1.1428571428571428,0.1548148148148148,0.0,0.3979,optimal
2021-02-10 04:30:00,47,6,1.1428571428571428,0.0,3.9242077143935274,0.19319999999999998,optimal
2021-02-10 05:00:00,47,6,1.1428571428571428,0.46444444444444444,5.0,0.22086666666666668,optimal
2021-02-10 05:30:00,47,6,1.1428571428571428,0.46444444444444444,5.0,0.5238333333333334,optimal
2021-02-10 06:00:00,47,6,1.1428571428571428,0.6192592592592592,5.0,0.15093333333333334,optimal
2021-02-10 06:30:00,47,6,1.1428571428571428,0.5418518518518518,5.0,0.12946666666666667,optimal
2021-02-10 07:00:00,47,6,1.1428571428571428,0.0774074074074074,0.0,0.29496666666666665,optimal
2021-02-10 07:30:00,47,6,1.1428571428571428,0.23222222222222222,0.0,2.4440333333333335,optimal
2021-02-10 08:00:00,47,6,0.7668530100989566,0.6192592592592592,0.0,0.2549,optimal
2021-02-10 08:30:00,47,6,0.849412416790923,0.0,0.0,0.08366666666666667,optimal
2021-02-10 09:00:00,47,6,0.6441416987011198,0.0,0.0,0.22793333333333332,optimal
2021-02-10 09:30:00,47,6,0.725003962535937,0.0,0.0,0.066,optimal
2021-02-10 10:00:00,47,6,0.516246106240034,0.0,0.0,0.1296,optimal
2021-02-10 10:30:00,47,6,0.5279856612590076,0.0,0.0,0.066,optimal
2021-02-10 11:00:00,47,6,0.37752396806195193,0.0,0.0,0.1296,optimal
2021-02-10 11:30:00,47,6,0.3914074809317454,0.0,0.0,0.066,optimal
2021-02-10 12:00:00,47,6,0.20630036973334995,0.0,0.0,0.1296,optimal
2021-02-10 12:30:00,47,6,0.22447179830477187,0.0,0.0,0.066,optimal
2021-02-10 13:00:00,47,6,1.1428571428571428,0.0,0.0,0.066,optimal
2021-02-10 13:30:00,47,6,1.1428571428571428,0.0,0.0,0.1296,optimal
2021-02-10 14:00:00,47,6,1.1428571428571428,0.387037037037037,0.0,0.3947333333333333,optimal
2021-02-10 14:30:00,47,6,1.1428571428571428,0.0,0.0,0.2642,optimal
2021-02-10 15:00:00,47,6,1.1428571428571428,0.3096296296296296,0.0,0.2314,optimal
2021-02-10 15:30:00,47,6,1.1428571428571428,0.1548148148148148,0.0,0.2816,optimal
2021-02-10 16:00:00,47,6,0.0,0.0,0.0,0.33886666666666665,optimal
2021-02-10 16:30:00,47,6,0.0,0.23222222222222222,0.0,0.4391333333333333,optimal
2021-02-10 17:00:00,47,6,0.0,0.1548148148148148,0.0,0.2823333333333333,optimal
2021-02-10 17:30:00,47,6,0.0,0.8514814814814814,0.0,0.3678,optimal
2021-02-10 18:00:00,47,6,0.0,0.3096296296296296,0.0,0.2176,optimal
2021-02-10 18:30:00,47,6,0.0,0.387037037037037,0.0,0.064,optimal
2021-02-10 19:00:00,47,6,0.0,0.5418518518518518,0.0,0.1276,optimal
2021-02-10 19:30:00,47,6,0.0,0.23222222222222222,0.0,0.1266,optimal
2021-02-10 20:00:00,47,6,0.01704416519546277,0.0,0.0,0.41906666666666664,optimal
2021-02-10 20:30:00,47,6,0.0,0.23222222222222222,0.0,0.4373333333333333,optimal
2021-02-10 21:00:00,47,6,0.0,0.3096296296296296,0.0,0.4570666666666667,optimal
2021-02-10 21:30:00,47,6,0.0,0.0,0.0,0.44573333333333337,optimal
2021-02-10 22:00:00,47,6,0.0,0.0,0.0,0.3098333333333333,optimal
2021-02-10 22:30:00,47,6,0.0,0.3096296296296296,0.0,0.3980666666666667,optimal
2021-02-10 23:00:00,47,6,0.0,0.1548148148148148,0.0,1.1953666666666665,optimal
2021-02-10 23:30:00,47,6,0.0,0.0,0.0,1.6452,optimal
2021-02-11 00:00:00,47,6,0.473648139175451,0.0,0.0,0.058333333333333334,optimal
2021-02-11 00:30:00,47,6,1.1428571428571428,0.0,0.0,0.066,optimal
2021-02-11 01:00:00,47,6,1.1428571428571428,0.0,0.0,0.2024,optimal
2021-02-11 01:30:00,47,6,1.1428571428571428,0.0,0.0,0.066,optimal
2021-02-11 02:00:00,47,6,1.1428571428571428,0.0,0.0,0.066,optimal
2021-02-11 02:30:00,47,6,1.1428571428571428,0.0,0.0,0.2024,optimal
2021-02-11 03:00:00,47,6,1.1428571428571428,0.0,0.0,0.066,optimal
2021-02-11 03:30:00,47,6,1.1428571428571428,0.0,0.0,0.066,optimal
2021-02-11 04:00:00,47,6,1.1428571428571428,0.0,0.0,0.2024,optimal
2021-02-11 04:30:00,47,6,1.1428571428571428,0.0,0.0,0.066,optimal
2021-02-11 05:00:00,47,6,1.1428571428571428,0.0,0.0,0.066,optimal
2021-02-11 05:30:00,47,6,1.1428571428571428,0.0,0.0,0.13419999999999999,optimal
2021-02-11 06:00:00,47,6,1.1428571428571428,0.0,4.212811689153194,0.13419999999999999,optimal
2021-02-11 06:30:00,47,6,1.1428571428571428,0.3096296296296296,5.0,0.07146666666666666,optimal
2021-02-11 07:00:00,47,6,1.1428571428571428,3.251111111111111,5.0,0.085,optimal
2021-02-11 07:30:00,47,6,1.1428571428571428,1.1611111111111108,0.0,0.20553333333333332,optimal
2021-02-11 08:00:00,47,6,0.4964769459539812,3.173703703703704,0.0,0.8994,optimal
2021-02-11 08:30:00,47,6,0.8647564385540575,0.5418518518518518,0.0,0.1596,optimal
2021-02-11 09:00:00,47,6,0.8295335456303538,0.0,0.0,0.066,optimal
2021-02-11 09:30:00,47,6,0.7428400794105043,0.0,0.0,0.12179999999999999,optimal
2021-02-11 10:00:00,47,6,0.4520126326932083,0.0,0.0,0.1466,optimal
2021-02-11 10:30:00,47,6,0.3978258411887353,0.0,0.0,0.21396666666666667,optimal
2021-02-11 11:00:00,47,6,0.19570052917826108,0.0,0.0,0.3318,optimal
2021-02-11 11:30:00,47,6,0.1706611614159991,0.1548148148148148,0.0,0.1446,optimal
2021-02-11 12:00:00,47,6,0.0,0.1548148148148148,0.0,1.3158333333333332,optimal
2021-02-11 12:30:00,47,6,0.1094052586438466,0.0,0.0,0.066,optimal
2021-02-11 13:00:00,47,6,1.1428571428571428,0.0,0.0,0.066,optimal
2021-02-11 13:30:00,47,6,1.1428571428571428,0.0,0.0,0.066,optimal
2021-02-11 14:00:00,47,6,1.1428571428571428,0.1548148148148148,0.0,1.6008666666666667,optimal
2021-02-11 14:30:00,47,6,1.1428571428571428,0.0,0.0,0.24836666666666668,optimal
2021-02-11 15:00:00,47,6,1.1428571428571428,0.0,0.0,0.066,optimal
2021-02-11 15:30:00,47,6,1.1428571428571428,0.0,0.0,0.2024,optimal
2021-02-11 16:00:00,47,6,0.0,0.0,0.0,0.066,optimal
2021-02-11 16:30:00,47,6,0.0,0.1548148148148148,0.0,0.275,optimal
2021-02-11 17:00:00,47,6,0.0,0.0,0.0,1.2354666666666667,optimal
2021-02-11 17:30:00,47,6,0.0,0.0,0.0,1.3253333333333333,optimal
2021-02-11 18:00:00,47,6,0.0,0.0,0.0,0.347,optimal
2021-02-11 18:30:00,47,6,0.0,0.0,0.0,0.24919999999999998,optimal
2021-02-11 19:00:00,47,6,0.0,0.1548148148148148,0.0,0.3271,optimal
2021-02-11 19:30:00,47,6,0.0,0.5418518518518518,0.0,0.4093333333333333,optimal
2021-02-11 20:00:00,47,6,0.9586561207658592,0.0,0.0,0.16733333333333333,optimal
2021-02-11 20:30:00,47,6,0.0,0.0,0.0,0.47793333333333327,optimal
2021-02-11 21:00:00,47,6,0.0,0.3096296296296296,0.0,0.3542,optimal
2021-02-11 21:30:00,47,6,0.0,0.0,0.0,0.5435333333333333,optimal
2021-02-11 22:00:00,47,6,0.0,0.3096296296296296,0.0,1.3151,optimal
2021-02-11 22:30:00,47,6,0.0,0.0,0.0,0.11053333333333332,optimal
2021-02-11 23:00:00,47,6,0.0,4.721851851851852,0.0,0.3836,optimal
2021-02-11 23:30:00,47,6,0.0,0.9288888888888889,0.0,0.21866666666666662,optimal
2021-02-12 00:00:00,47,6,1.1428571428571428,0.0,0.0,0.063,optimal
2021-02-12 00:30:00,47,6,1.1428571428571428,0.0,0.0,0.063,optimal
2021-02-12 01:00:00,47,6,1.1428571428571428,0.0,0.0,0.177,optimal
2021-02-12 01:30:00,47,6,1.1428571428571428,0.0,0.0,0.081,optimal
2021-02-12 02:00:00,47,6,1.1428571428571428,0.0,0.0,0.063,optimal
2021-02-12 02:30:00,47,6,1.1428571428571428,0.0,0.0,0.195,optimal
2021-02-12 03:00:00,47,6,1.1428571428571428,0.0,0.0,0.063,optimal
2021-02-12 03:30:00,47,6,1.1428571428571428,0.0,0.0,0.159,optimal
2021-02-12 04:00:00,47,6,1.1428571428571428,0.0,0.0,0.099,optimal
2021-02-12 04:30:00,47,6,1.1428571428571428,0.0,0.0,0.063,optimal
2021-02-12 05:00:00,47,6,1.1428571428571428,0.0,0.0,0.063,optimal
2021-02-12 05:30:00,47,6,1.1428571428571428,2.1674074074074072,0.0,0.06266666666666666,optimal
2021-02-12 06:00:00,47,6,1.1428571428571428,0.23222222222222222,4.938162552875374,2.237333333333333,optimal
2021-02-12 06:30:00,47,6,1.1428571428571428,0.3096296296296296,5.0,2.0731666666666664,optimal
2021-02-12 07:00:00,47,6,1.1428571428571428,0.5418518518518518,5.0,1.1920666666666666,optimal
2021-02-12 07:30:00,47,6,1.1428571428571428,4.32030430347145,0.0,2.0301333333333327,optimal
2021-02-12 08:00:00,47,6,0.8000462200878955,2.1674074074074072,0.0,1.7090333333333334,optimal
2021-02-12 08:30:00,47,6,0.7822544324435498,0.0,0.0,0.7595333333333333,optimal
2021-02-12 09:00:00,47,6,0.7175217941837453,0.1548148148148148,0.0,0.138,optimal
2021-02-12 09:30:00,47,6,0.6736543154144211,0.23222222222222222,0.0,0.08020000000000001,optimal
2021-02-12 10:00:00,47,6,0.2992497863310182,0.23222222222222222,0.0,1.3872666666666669,optimal
2021-02-12 10:30:00,47,6,0.3602124092387609,0.0,0.0,1.864733333333333,optimal
2021-02-12 11:00:00,47,6,0.25605279458009467,0.0,0.0,0.187,optimal
2021-02-12 11:30:00,47,6,0.28133740815784264,0.0,0.0,0.091,optimal
2021-02-12 12:00:00,47,6,0.14066096766880146,0.0,0.0,0.261,optimal
2021-02-12 12:30:00,47,6,0.11251700981798103,0.0,0.0,0.289,optimal
2021-02-12 13:00:00,47,6,0.9036028385664424,0.387037037037037,0.0,0.20513333333333333,optimal
2021-02-12 13:30:00,47,6,1.1428571428571428,0.0774074074074074,0.0,0.9951666666666666,optimal
2021-02-12 14:00:00,47,6,1.1428571428571428,0.0,0.0,1.4122000000000001,optimal
2021-02-12 14:30:00,47,6,1.1428571428571428,0.0,0.0,0.145,optimal
2021-02-12 15:00:00,47,6,1.1428571428571428,0.0,0.0,0.133,optimal
2021-02-12 15:30:00,47,6,1.1428571428571428,0.1548148148148148,0.0,0.3242,optimal
2021-02-12 16:00:00,47,6,0.0,0.6966666666666667,0.0,2.0392,optimal
2021-02-12 16:30:00,47,6,0.0,0.3096296296296296,0.0,0.6405666666666667,optimal
2021-02-12 17:00:00,47,6,0.0,0.6966666666666667,0.0,1.5694333333333335,optimal
2021-02-12 17:30:00,47,6,0.0,0.5418518518518518,0.0,0.508,optimal
2021-02-12 18:00:00,47,6,0.0,0.8514814814814814,0.0,1.0971333333333335,optimal
2021-02-12 18:30:00,47,6,0.0,0.46444444444444444,0.0,0.8338666666666666,optimal
2021-02-12 19:00:00,47,6,0.0,0.387037037037037,0.0,0.3710333333333334,optimal
2021-02-12 19:30:00,47,6,0.0,0.23222222222222222,0.0,0.4555,optimal
2021-02-12 20:00:00,47,6,0.0,0.0,0.0,0.073,optimal
2021-02-12 20:30:00,47,6,0.0,0.0,0.0,0.073,optimal
2021-02-12 21:00:00,47,6,0.0,0.0,0.0,0.1822666666666667,optimal
2021-02-12 21:30:00,47,6,0.0,0.0,0.0,0.9018999999999999,optimal
2021-02-12 22:00:00,47,6,0.0,0.1548148148148148,0.0,1.9660666666666664,optimal
2021-02-12 22:30:00,47,6,0.0,0.1548148148148148,0.0,2.3248,optimal
2021-02-12 23:00:00,47,6,0.0,0.0,0.0,0.4598666666666667,optimal
2021-02-12 23:30:00,47,6,0.0,0.0,0.0,0.6936666666666667,optimal
2021-02-13 00:00:00,47,6,0.0,0.0,0.0,0.04,optimal
2021-02-13 00:30:00,47,6,0.0,0.0,0.0,0.04,optimal
2021-02-13 01:00:00,47,6,1.0171864353175346,0.0,0.0,0.04636666666666667,optimal
2021-02-13 01:30:00,47,6,1.1428571428571428,0.0,0.0,0.1737,optimal
2021-02-13 02:00:00,47,6,1.1428571428571428,0.0,0.0,0.04,optimal
2021-02-13 02:30:00,47,6,1.1428571428571428,0.0,0.0,0.1546,optimal
2021-02-13 03:00:00,47,6,1.1428571428571428,0.0,0.0,0.0648,optimal
2021-02-13 03:30:00,47,6,1.1428571428571428,0.0,0.0,0.11003333333333332,optimal
2021-02-13 04:00:00,47,6,1.1428571428571428,0.0,0.0,0.11003333333333332,optimal
2021-02-13 04:30:00,47,6,1.1428571428571428,0.0,0.0,0.04,optimal
2021-02-13 05:00:00,47,6,1.1428571428571428,0.0,0.0,0.18006666666666665,optimal
2021-02-13 05:30:00,47,6,1.1428571428571428,0.0,0.0,0.04633333333333334,optimal
2021-02-13 06:00:00,47,6,1.1428571428571428,0.0,3.448492411765621,0.1462,optimal
2021-02-13 06:30:00,47,6,1.1428571428571428,0.0,5.0,0.0782,optimal
2021-02-13 07:00:00,47,6,1.1428571428571428,0.0,5.0,0.2334333333333333,optimal
2021-02-13 07:30:00,47,6,1.1428571428571428,2.941481481481482,0.0,0.32313333333333333,optimal
2021-02-13 08:00:00,47,6,0.5945340418327191,0.23222222222222222,0.0,3.141,optimal
2021-02-13 08:30:00,47,6,0.8039519887438066,0.0,0.0,0.41123333333333334,optimal
2021-02-13 09:00:00,47,6,0.6597154188219446,0.23222222222222222,0.0,0.6806666666666666,optimal
2021-02-13 09:30:00,47,6,0.6861308676630955,5.889155555555555,0.0,0.5317999999999999,optimal
2021-02-13 10:00:00,47,6,0.3750901908241155,1.6193629629629636,0.0,2.4870666666666668,optimal
2021-02-13 10:30:00,47,6,0.5848890901161545,0.0,0.0,0.05,optimal
2021-02-13 11:00:00,47,6,0.3044932414565806,0.0,0.0,1.1834666666666667,optimal
2021-02-13 11:30:00,47,6,0.2995969026533835,0.0,0.0,0.5307999999999999,optimal
2021-02-13 12:00:00,47,6,0.2190945906988188,0.5418518518518518,0.0,0.13066666666666665,optimal
2021-02-13 12:30:00,47,6,0.14238762737812904,0.1548148148148148,0.0,2.265133333333333,optimal
2021-02-13 13:00:00,47,6,0.2022788147895146,0.0,0.0,0.17096666666666666,optimal
2021-02-13 13:30:00,47,6,0.791809640470354,0.0,0.0,0.0691,optimal
2021-02-13 14:00:00,47,6,1.1428571428571428,0.0,0.0,0.05,optimal
2021-02-13 14:30:00,47,6,1.1428571428571428,0.0,0.0,0.19006666666666663,optimal
2021-02-13 15:00:00,47,6,1.1428571428571428,0.0,0.0,0.05,optimal
2021-02-13 15:30:00,47,6,1.1428571428571428,0.0,0.0,2.3775999999999997,optimal
2021-02-13 16:00:00,47,6,0.0,0.5418518518518518,0.0,0.17066666666666666,optimal
2021-02-13 16:30:00,47,6,0.0,0.0,0.0,0.2132,optimal
2021-02-13 17:00:00,47,6,0.0,0.1548148148148148,0.0,2.213366666666667,optimal
2021-02-13 17:30:00,47,6,0.0,0.23222222222222222,0.0,2.2706666666666666,optimal
2021-02-13 18:00:00,47,6,0.0,0.387037037037037,0.0,0.7140666666666667,optimal
2021-02-13 18:30:00,47,6,0.0,0.5418518518518518,0.0,0.173,optimal
2021-02-13 19:00:00,47,6,0.0,0.0,0.0,0.173,optimal
2021-02-13 19:30:00,47,6,0.0,6.037777777777776,0.0,0.44303333333333333,optimal
2021-02-13 20:00:00,47,6,0.0,0.0774074074074074,0.0,2.768833333333333,optimal
2021-02-13 20:30:00,47,6,0.0,0.387037037037037,0.0,3.4625,optimal
2021-02-13 21:00:00,47,6,0.0,0.0,0.0,1.6049333333333333,optimal
2021-02-13 21:30:00,47,6,0.0,0.3096296296296296,0.0,1.5700333333333334,optimal
2021-02-13 22:00:00,47,6,0.0,2.39962962962963,0.0,0.29646666666666666,optimal
2021-02-13 22:30:00,47,6,0.0,0.0,0.0,1.5405,optimal
2021-02-13 23:00:00,47,6,0.0,0.1548148148148148,0.0,1.4445,optimal
2021-02-13 23:30:00,47,6,0.0,0.0,0.0,0.4468333333333333,optimal
2021-02-07 00:00:00,48,6,0.0,0.0,0.0,0.057,optimal
2021-02-07 00:30:00,48,6,0.0,0.0,0.0,0.057,optimal
2021-02-07 01:00:00,48,6,0.0,0.0,0.0,0.08940000000000001,optimal
2021-02-07 01:30:00,48,6,0.0,0.0,0.0,0.1776,optimal
2021-02-07 02:00:00,48,6,0.0,0.0,0.0,0.0912,optimal
2021-02-07 02:30:00,48,6,0.0,0.0,0.0,0.30393333333333333,optimal
2021-02-07 03:00:00,48,6,0.0,0.0,0.0,0.11573333333333333,optimal
2021-02-07 03:30:00,48,6,0.0,0.0,0.0,0.057,optimal
2021-02-07 04:00:00,48,6,1.1428571428571428,0.0,0.0,0.135,optimal
2021-02-07 04:30:00,48,6,1.1428571428571428,0.0,0.0,0.1662,optimal
2021-02-07 05:00:00,48,6,1.1428571428571428,0.0,0.0,0.0874,optimal
2021-02-07 05:30:00,48,6,1.1428571428571428,0.0,0.0,0.21380000000000002,optimal
2021-02-07 06:00:00,48,6,1.1428571428571428,0.0,0.0,0.10646666666666668,optimal
2021-02-07 06:30:00,48,6,1.1428571428571428,0.0,0.0,0.18619999999999998,optimal
2021-02-07 07:00:00,48,6,1.1428571428571428,2.3222222222222215,1.6063785740462473,0.07546666666666667,optimal
2021-02-07 07:30:00,48,6,0.0,0.6192592592592592,0.0,0.087,optimal
2021-02-07 08:00:00,48,6,0.0,0.1548148148148148,0.0,0.22953333333333334,optimal
2021-02-07 08:30:00,48,6,0.4545622558526146,0.0,0.0,0.1843333333333333,optimal
2021-02-07 09:00:00,48,6,0.5702967765324991,0.0,0.0,0.11746666666666668,optimal
2021-02-07 09:30:00,48,6,0.5510480567769256,0.387037037037037,0.0,0.214,optimal
2021-02-07 10:00:00,48,6,0.4840396329360773,3.0188888888888883,0.0,0.2921666666666667,optimal
2021-02-07 10:30:00,48,6,0.5424132629234187,0.0,0.0,0.2752,optimal
2021-02-07 11:00:00,48,6,0.4992840820394354,0.0,0.0,0.2542,optimal
2021-02-07 11:30:00,48,6,0.5527697963251488,0.0,0.0,0.067,optimal
2021-02-07 12:00:00,48,6,0.46134275058245383,0.0,0.0,0.14980000000000002,optimal
2021-02-07 12:30:00,48,6,0.4383141791538787,0.0,0.0,0.1814,optimal
2021-02-07 13:00:00,48,6,1.1428571428571428,2.0899999999999994,0.0,0.2724,optimal
2021-02-07 13:30:00,48,6,1.1428571428571428,0.387037037037037,0.0,0.9482,optimal
2021-02-07 14:00:00,48,6,1.1428571428571428,0.0,0.0,1.0697333333333332,optimal
2021-02-07 14:30:00,48,6,1.1428571428571428,5.573333333333333,0.0,0.0719,optimal
2021-02-07 15:00:00,48,6,1.1428571428571428,0.5418518518518518,0.0,0.478,optimal
2021-02-07 15:30:00,48,6,1.1428571428571428,0.0,0.0,0.7958,optimal
2021-02-07 16:00:00,48,6,0.0,0.23222222222222222,0.0,0.13340000000000002,optimal
2021-02-07 16:30:00,48,6,0.0,0.1548148148148148,0.0,0.1974,optimal
2021-02-07 17:00:00,48,6,0.0,0.1548148148148148,0.0,0.29833333333333334,optimal
2021-02-07 17:30:00,48,6,0.0,0.1548148148148148,0.0,0.1215,optimal
2021-02-07 18:00:00,48,6,0.0,0.6192592592592592,0.0,0.10679999999999999,optimal
2021-02-07 18:30:00,48,6,0.0,0.0774074074074074,0.0,0.3173333333333333,optimal
2021-02-07 19:00:00,48,6,0.0,0.1548148148148148,0.0,0.17546666666666666,optimal
2021-02-07 19:30:00,48,6,0.0,0.23222222222222222,0.0,0.14533333333333334,optimal
2021-02-07 20:00:00,48,6,0.2588121183061266,0.0,0.0,0.44573333333333337,optimal
2021-02-07 20:30:00,48,6,0.0,2.150377777777778,0.0,0.2397333333333333,optimal
2021-02-07 21:00:00,48,6,0.0,2.8811037037037033,0.0,0.34153333333333336,optimal
2021-02-07 21:30:00,48,6,0.0,0.0,0.0,0.23,optimal
2021-02-07 22:00:00,48,6,0.0,0.0,0.0,0.3452,optimal
2021-02-07 22:30:00,48,6,0.0,0.774074074074074,0.0,0.2395,optimal
2021-02-07 23:00:00,48,6,0.0,0.0,0.0,0.11043333333333334,optimal
2021-02-07 23:30:00,48,6,0.0,0.0,0.0,0.13466666666666666,optimal
2021-02-08 00:00:00,48,6,0.0,0.0,0.0,0.33596666666666664,optimal
2021-02-08 00:30:00,48,6,0.0,0.0,0.0,1.1078666666666666,optimal
2021-02-08 01:00:00,48,6,0.0,0.0,0.0,0.5146000000000001,optimal
2021-02-08 01:30:00,48,6,0.0,0.1548148148148148,0.0,0.4018,optimal
2021-02-08 02:00:00,48,6,0.0,0.0,0.0,0.22776666666666667,optimal
2021-02-08 02:30:00,48,6,0.44292359053978264,0.0,0.0,0.30656666666666665,optimal
2021-02-08 03:00:00,48,6,1.1428571428571428,0.0,0.0,0.0891,optimal
2021-02-08 03:30:00,48,6,1.1428571428571428,0.0,0.0,0.16256666666666666,optimal
2021-02-08 04:00:00,48,6,1.1428571428571428,0.23222222222222222,0.0,0.23186666666666667,optimal
2021-02-08 04:30:00,48,6,1.1428571428571428,0.23222222222222222,0.0,0.4836666666666667,optimal
2021-02-08 05:00:00,48,6,1.1428571428571428,0.0774074074074074,1.1614617095840998,0.6094666666666667,optimal
2021-02-08 05:30:00,48,6,1.1428571428571428,0.23222222222222222,5.0,0.2483333333333333,optimal
2021-02-08 06:00:00,48,6,1.1428571428571428,0.5418518518518518,5.0,1.4176333333333335,optimal
2021-02-08 06:30:00,48,6,1.1428571428571428,0.0,5.0,0.229,optimal
2021-02-08 07:00:00,48,6,1.1428571428571428,10.146562962962962,5.0,0.5791666666666666,optimal
2021-02-08 07:30:00,48,6,1.1428571428571428,0.4582518518518514,0.0,1.106766666666667,optimal
2021-02-08 08:00:00,48,6,0.6208511508220408,0.5418518518518518,0.0,1.0588333333333333,optimal
2021-02-08 08:30:00,48,6,0.570696209380823,0.3096296296296296,0.0,0.5225666666666667,optimal
2021-02-08 09:00:00,48,6,0.4617547400078601,2.2448148148148146,0.0,1.4808,optimal
2021-02-08 09:30:00,48,6,0.5546733426458793,0.0,0.0,0.29906666666666665,optimal
2021-02-08 10:00:00,48,6,0.46572464067555575,0.1548148148148148,0.0,0.32726666666666665,optimal
2021-02-08 10:30:00,48,6,0.5521869904184812,0.0,0.0,0.1746,optimal
2021-02-08 11:00:00,48,6,0.35608740773217884,0.0,0.0,0.2656,optimal
2021-02-08 11:30:00,48,6,0.3725290158400564,0.0,0.0,0.10416666666666669,optimal
2021-02-08 12:00:00,48,6,0.30202222822372715,0.0,0.0,0.1394,optimal
2021-02-08 12:30:00,48,6,0.2991987777728336,0.0,0.0,0.11926666666666667,optimal
2021-02-08 13:00:00,48,6,0.8972409138913888,0.3096296296296296,0.0,0.28313333333333335,optimal
2021-02-08 13:30:00,48,6,1.1428571428571428,0.0,0.0,0.2862333333333333,optimal
2021-02-08 14:00:00,48,6,1.1428571428571428,0.3096296296296296,0.0,0.224,optimal
2021-02-08 14:30:00,48,6,1.1428571428571428,0.0,0.0,0.079,optimal
2021-02-08 15:00:00,48,6,1.1428571428571428,0.0,0.0,0.1827,optimal
2021-02-08 15:30:00,48,6,1.1428571428571428,0.0,0.0,0.3103,optimal
2021-02-08 16:00:00,48,6,0.0,0.0,0.0,0.3566666666666667,optimal
2021-02-08 16:30:00,48,6,0.0,0.8514814814814814,0.0,0.5931666666666666,optimal
2021-02-08 17:00:00,48,6,0.0,0.1548148148148148,0.0,1.5109666666666668,optimal
2021-02-08 17:30:00,48,6,0.0,0.3096296296296296,0.0,0.26503333333333334,optimal
2021-02-08 18:00:00,48,6,0.0,0.1548148148148148,0.0,0.1941,optimal
2021-02-08 18:30:00,48,6,0.0,0.1548148148148148,0.0,0.577,optimal
2021-02-08 19:00:00,48,6,0.0,0.1548148148148148,0.0,1.3619666666666668,optimal
2021-02-08 19:30:00,48,6,0.0,2.5544444444444445,0.0,1.0407,optimal
2021-02-08 20:00:00,48,6,0.0,0.387037037037037,0.0,0.4678,optimal
2021-02-08 20:30:00,48,6,0.0,0.46444444444444444,0.0,0.5823333333333334,optimal
2021-02-08 21:00:00,48,6,0.0,0.23222222222222222,0.0,0.3563,optimal
2021-02-08 21:30:00,48,6,0.0,0.0774074074074074,0.0,0.4543666666666667,optimal
2021-02-08 22:00:00,48,6,0.0,7.121481481481481,0.0,0.5711333333333333,optimal
2021-02-08 22:30:00,48,6,0.0,0.0,0.0,0.6584666666666666,optimal
2021-02-08 23:00:00,48,6,0.0,0.0,0.0,0.40123333333333333,optimal
2021-02-08 23:30:00,48,6,0.0,2.0899999999999994,0.0,0.5595,optimal
2021-02-09 00:00:00,48,6,0.0,0.1548148148148148,0.0,0.26843333333333336,optimal
2021-02-09 00:30:00,48,6,0.0,0.0,0.0,0.088,optimal
2021-02-09 01:00:00,48,6,0.0,0.0,0.0,0.047,optimal
2021-02-09 01:30:00,48,6,0.7206736130463159,0.0,0.0,0.047,optimal
2021-02-09 02:00:00,48,6,1.1428571428571428,0.0,0.0,0.047,optimal
2021-02-09 02:30:00,48,6,1.1428571428571428,0.0,0.0,0.047,optimal
2021-02-09 03:00:00,48,6,1.1428571428571428,0.0,0.0,0.047,optimal
2021-02-09 03:30:00,48,6,1.1428571428571428,0.0,0.0,0.047,optimal
2021-02-09 04:00:00,48,6,1.1428571428571428,0.0,0.0,0.047,optimal
2021-02-09 04:30:00,48,6,1.1428571428571428,0.23222222222222222,0.0,0.0591,optimal
2021-02-09 05:00:00,48,6,1.1428571428571428,0.23222222222222222,0.0,0.078,optimal
2021-02-09 05:30:00,48,6,1.1428571428571428,0.0,1.8379382508193114,0.047,optimal
2021-02-09 06:00:00,48,6,1.1428571428571428,0.0,5.0,0.047,optimal
2021-02-09 06:30:00,48,6,1.1428571428571428,0.0,5.0,0.047,optimal
2021-02-09 07:00:00,48,6,1.1428571428571428,0.0,5.0,0.0798,optimal
2021-02-09 07:30:00,48,6,1.1428571428571428,0.0,0.0,0.10046666666666668,optimal
2021-02-09 08:00:00,48,6,0.6713062016605694,0.23222222222222222,0.0,0.07033333333333333,optimal
2021-02-09 08:30:00,48,6,0.6897124233462152,0.23222222222222222,0.0,0.24766666666666662,optimal
2021-02-09 09:00:00,48,6,0.6424985988399857,0.3096296296296296,0.0,0.046,optimal
2021-02-09 09:30:00,48,6,0.5844691374493662,0.387037037037037,0.0,0.6987666666666666,optimal
2021-02-09 10:00:00,48,6,0.17538478014975914,0.0774074074074074,0.0,2.8676666666666666,optimal
2021-02-09 10:30:00,48,6,0.426354514705189,0.0,0.0,1.8309333333333326,optimal
2021-02-09 11:00:00,48,6,0.3562908605129828,0.0,0.0,0.057,optimal
2021-02-09 11:30:00,48,6,0.35414690266216287,0.0,0.0,0.057,optimal
2021-02-09 12:00:00,48,6,0.23969853431527638,0.0,0.0,0.057,optimal
2021-02-09 12:30:00,48,6,0.2418424921660964,0.0,0.0,0.057,optimal
2021-02-09 13:00:00,48,6,0.5006685046893807,0.0,0.0,0.057,optimal
2021-02-09 13:30:00,48,6,1.1428571428571428,0.0,0.0,0.057,optimal
2021-02-09 14:00:00,48,6,1.1428571428571428,0.0,0.0,0.057,optimal
2021-02-09 14:30:00,48,6,1.1428571428571428,0.0,0.0,0.057,optimal
2021-02-09 15:00:00,48,6,1.1428571428571428,0.0,0.0,0.057,optimal
2021-02-09 15:30:00,48,6,1.1428571428571428,0.0,0.0,0.057,optimal
2021-02-09 16:00:00,48,6,0.0,0.1548148148148148,0.0,0.0593,optimal
2021-02-09 16:30:00,48,6,0.0,0.0774074074074074,0.0,0.056,optimal
2021-02-09 17:00:00,48,6,0.0,6.192592592592592,0.0,0.08066666666666668,optimal
2021-02-09 17:30:00,48,6,0.0,1.7803703703703702,0.0,0.22606666666666664,optimal
2021-02-09 18:00:00,48,6,0.0,0.23222222222222222,0.0,0.22686666666666666,optimal
2021-02-09 18:30:00,48,6,0.0,0.0,0.0,0.18893333333333331,optimal
2021-02-09 19:00:00,48,6,0.0,0.0,0.0,0.186,optimal
2021-02-09 19:30:00,48,6,0.0,0.0,0.0,0.15543333333333334,optimal
2021-02-09 20:00:00,48,6,0.0,0.0,0.0,0.2586666666666667,optimal
2021-02-09 20:30:00,48,6,0.0,0.0,0.0,0.057,optimal
2021-02-09 21:00:00,48,6,0.0,0.0,0.0,0.057,optimal
2021-02-09 21:30:00,48,6,0.0,0.0,0.0,0.060333333333333336,optimal
2021-02-09 22:00:00,48,6,0.0,0.3096296296296296,0.0,0.0741,optimal
2021-02-09 22:30:00,48,6,0.0,0.0,0.0,1.091,optimal
2021-02-09 23:00:00,48,6,0.0,2.0899999999999994,0.0,0.1556,optimal
2021-02-09 23:30:00,48,6,0.0,0.0,0.0,0.10786666666666667,optimal
2021-02-10 00:00:00,48,6,0.0,0.0,0.0,0.063,optimal
2021-02-10 00:30:00,48,6,0.12486033481109489,0.0,0.0,0.063,optimal
2021-02-10 01:00:00,48,6,1.1428571428571428,0.0,0.0,0.063,optimal
2021-02-10 01:30:00,48,6,1.1428571428571428,0.0,0.0,0.2082,optimal
2021-02-10 02:00:00,48,6,1.1428571428571428,0.0,0.0,0.063,optimal
2021-02-10 02:30:00,48,6,1.1428571428571428,0.0,0.0,0.14880000000000002,optimal
2021-02-10 03:00:00,48,6,1.1428571428571428,0.0,0.0,0.12240000000000001,optimal
2021-02-10 03:30:00,48,6,1.1428571428571428,0.0,0.0,0.096,optimal
2021-02-10 04:00:00,48,6,1.1428571428571428,0.0,0.0,0.1752,optimal
2021-02-10 04:30:00,48,6,1.1428571428571428,0.0,0.0,0.063,optimal
2021-02-10 05:00:00,48,6,1.1428571428571428,0.0,0.0,0.2082,optimal
2021-02-10 05:30:00,48,6,1.1428571428571428,0.0,0.0,0.063,optimal
2021-02-10 06:00:00,48,6,1.1428571428571428,0.0,0.0,0.063,optimal
2021-02-10 06:30:00,48,6,1.1428571428571428,0.0,2.9370287551656076,0.063,optimal
2021-02-10 07:00:00,48,6,1.1428571428571428,0.0,5.0,0.20853333333333332,optimal
2021-02-10 07:30:00,48,6,1.1428571428571428,0.0,0.0,0.073,optimal
2021-02-10 08:00:00,48,6,0.5476739624799071,0.0,0.0,0.8055333333333333,optimal
2021-02-10 08:30:00,48,6,0.5432695596480631,0.46444444444444444,0.0,0.604,optimal
2021-02-10 09:00:00,48,6,0.4592369367963571,0.0774074074074074,0.0,0.263,optimal
2021-02-10 09:30:00,48,6,0.5183372958692753,3.5839629629629624,0.0,0.091,optimal
2021-02-10 10:00:00,48,6,0.31819848719241434,1.2927037037037035,0.0,0.0887,optimal
2021-02-10 10:30:00,48,6,0.239128518401868,0.23222222222222222,0.0,1.3902999999999999,optimal
2021-02-10 11:00:00,48,6,0.2600953966333798,2.150377777777778,0.0,0.1011,optimal
2021-02-10 11:30:00,48,6,0.0,2.803696296296297,0.0,1.8162,optimal
2021-02-10 12:00:00,48,6,0.13454392954969457,0.23222222222222222,0.0,0.08533333333333333,optimal
2021-02-10 12:30:00,48,6,0.044492750685724745,0.0,0.0,1.8746666666666667,optimal
2021-02-10 13:00:00,48,6,0.9403752610216273,0.0,0.0,2.5505999999999998,optimal
2021-02-10 13:30:00,48,6,1.1428571428571428,0.0,0.0,0.7042,optimal
2021-02-10 14:00:00,48,6,1.1428571428571428,0.0,0.0,0.17,optimal
2021-02-10 14:30:00,48,6,1.1428571428571428,0.23222222222222222,0.0,0.20786666666666667,optimal
2021-02-10 15:00:00,48,6,1.1428571428571428,0.23222222222222222,0.0,0.2765,optimal
2021-02-10 15:30:00,48,6,1.1428571428571428,0.0,0.0,0.4304,optimal
2021-02-10 16:00:00,48,6,0.0,0.0,0.0,0.7913666666666667,optimal
2021-02-10 16:30:00,48,6,0.0,0.0,0.0,0.6328333333333334,optimal
2021-02-10 17:00:00,48,6,0.0,0.0,0.0,0.18519999999999998,optimal
2021-02-10 17:30:00,48,6,0.0,0.387037037037037,0.0,0.5838333333333334,optimal
2021-02-10 18:00:00,48,6,0.0,0.23222222222222222,0.0,0.2068,optimal
2021-02-10 18:30:00,48,6,0.0,0.0,0.0,0.2911333333333333,optimal
2021-02-10 19:00:00,48,6,0.0,0.0,0.0,0.3908666666666667,optimal
2021-02-10 19:30:00,48,6,0.0,0.0,0.0,0.073,optimal
2021-02-10 20:00:00,48,6,0.0,0.0,0.0,0.2179333333333333,optimal
2021-02-10 20:30:00,48,6,0.0,0.1548148148148148,0.0,0.4343,optimal
2021-02-10 21:00:00,48,6,0.0,0.0,0.0,0.3431666666666667,optimal
2021-02-10 21:30:00,48,6,0.0,0.0,0.0,0.4034666666666666,optimal
2021-02-10 22:00:00,48,6,0.0,0.5418518518518518,0.0,0.3562666666666667,optimal
2021-02-10 22:30:00,48,6,0.0,0.0,0.0,0.073,optimal
2021-02-10 23:00:00,48,6,0.0,0.0,0.0,0.3112,optimal
2021-02-10 23:30:00,48,6,0.0,0.23222222222222222,0.0,0.332,optimal
2021-02-11 00:00:00,48,6,1.1428571428571428,0.0,0.0,0.1019,optimal
2021-02-11 00:30:00,48,6,1.1428571428571428,0.0,0.0,0.0863,optimal
2021-02-11 01:00:00,48,6,1.1428571428571428,0.0,0.0,0.1262,optimal
2021-02-11 01:30:00,48,6,1.1428571428571428,0.0,0.0,0.119,optimal
2021-02-11 02:00:00,48,6,1.1428571428571428,0.0,0.0,0.098,optimal
2021-02-11 02:30:00,48,6,1.1428571428571428,0.0,0.0,0.1805,optimal
2021-02-11 03:00:00,48,6,1.1428571428571428,0.0,0.0,0.1037,optimal
2021-02-11 03:30:00,48,6,1.1428571428571428,0.0,0.0,0.1226,optimal
2021-02-11 04:00:00,48,6,1.1428571428571428,0.0,0.0,0.1616,optimal
2021-02-11 04:30:00,48,6,1.1428571428571428,0.0,3.4578877476331633,0.0902,optimal
2021-02-11 05:00:00,48,6,1.1428571428571428,0.0,5.0,0.098,optimal
2021-02-11 05:30:00,48,6,1.1428571428571428,0.0,5.0,0.1022,optimal
2021-02-11 06:00:00,48,6,1.1428571428571428,0.0,5.0,0.1742,optimal
2021-02-11 06:30:00,48,6,1.1428571428571428,0.0,5.0,0.0668,optimal
2021-02-11 07:00:00,48,6,1.1428571428571428,0.0,5.0,0.1019,optimal
2021-02-11 07:30:00,48,6,1.1428571428571428,0.5157564408883625,0.0,0.18230000000000002,optimal
2021-02-11 08:00:00,48,6,0.8739721840492224,0.0,0.0,0.059,optimal
2021-02-11 08:30:00,48,6,0.8529754861731028,0.0,0.0,0.155,optimal
2021-02-11 09:00:00,48,6,0.7370478313446339,0.0,0.0,0.12919999999999998,optimal
2021-02-11 09:30:00,48,6,0.6589257936962251,0.0,0.0,0.155,optimal
2021-02-11 10:00:00,48,6,0.3100897755503493,0.774074074074074,0.0,1.0363,optimal
2021-02-11 10:30:00,48,6,0.2978544126173072,0.0774074074074074,0.0,0.2027,optimal
2021-02-11 11:00:00,48,6,0.14444910060683694,0.0774074074074074,0.0,0.2934,optimal
2021-02-11 11:30:00,48,6,0.11033735189219007,0.23222222222222222,0.0,0.31089999999999995,optimal
2021-02-11 12:00:00,48,6,0.0,0.0,0.0,0.44346666666666656,optimal
2021-02-11 12:30:00,48,6,0.0,0.23222222222222222,0.0,0.30369999999999997,optimal
2021-02-11 13:00:00,48,6,1.1428571428571428,0.0,0.0,0.0629,optimal
2021-02-11 13:30:00,48,6,1.1428571428571428,0.0,0.0,0.22130000000000002,optimal
2021-02-11 14:00:00,48,6,1.1428571428571428,0.0,0.0,0.059,optimal
2021-02-11 14:30:00,48,6,1.1428571428571428,0.0,0.0,0.149,optimal
2021-02-11 15:00:00,48,6,1.1428571428571428,0.0,0.0,0.1352,optimal
2021-02-11 15:30:00,48,6,1.1428571428571428,0.0,0.0,0.059,optimal
2021-02-11 16:00:00,48,6,0.0,0.3096296296296296,0.0,0.3056666666666667,optimal
2021-02-11 16:30:00,48,6,0.0,0.0774074074074074,0.0,0.46116666666666667,optimal
2021-02-11 17:00:00,48,6,0.0,0.0,0.0,0.3959666666666666,optimal
2021-02-11 17:30:00,48,6,0.0,0.3096296296296296,0.0,0.45203333333333334,optimal
2021-02-11 18:00:00,48,6,0.0,0.0774074074074074,0.0,0.48560000000000003,optimal
2021-02-11 18:30:00,48,6,0.0,0.0,0.0,0.3192333333333333,optimal
2021-02-11 19:00:00,48,6,0.0,0.0,0.0,0.45530000000000004,optimal
2021-02-11 19:30:00,48,6,0.3247851887522449,0.0,0.0,0.3711666666666667,optimal
2021-02-11 20:00:00,48,6,0.943863968527153,0.23222222222222222,0.0,0.3831,optimal
2021-02-11 20:30:00,48,6,0.0,0.0,0.0,0.26746666666666663,optimal
2021-02-11 21:00:00,48,6,0.0,0.1548148148148148,0.0,0.315,optimal
2021-02-11 21:30:00,48,6,0.0,0.0774074074074074,0.0,0.3784333333333333,optimal
2021-02-11 22:00:00,48,6,0.0,0.387037037037037,0.0,0.3922,optimal
2021-02-11 22:30:00,48,6,0.0,0.0774074074074074,0.0,1.3751333333333335,optimal
2021-02-11 23:00:00,48,6,0.0,0.0,0.0,0.2316,optimal
2021-02-11 23:30:00,48,6,0.0,0.0,0.0,0.09326666666666668,optimal
2021-02-12 00:00:00,48,6,1.1428571428571428,0.0,0.0,0.045,optimal
2021-02-12 00:30:00,48,6,1.1428571428571428,0.0,0.0,0.045,optimal
2021-02-12 01:00:00,48,6,1.1428571428571428,0.0,0.0,0.13140000000000002,optimal
2021-02-12 01:30:00,48,6,1.1428571428571428,0.0,0.0,0.117,optimal
2021-02-12 02:00:00,48,6,1.1428571428571428,0.0,0.0,0.045,optimal
2021-02-12 02:30:00,48,6,1.1428571428571428,0.0,0.0,0.2034,optimal
2021-02-12 03:00:00,48,6,1.1428571428571428,0.0,0.0,0.045,optimal
2021-02-12 03:30:00,48,6,1.1428571428571428,0.0,0.0,0.2034,optimal
2021-02-12 04:00:00,48,6,1.1428571428571428,0.0,0.0,0.045,optimal
2021-02-12 04:30:00,48,6,1.1428571428571428,0.0,0.0,0.045,optimal
2021-02-12 05:00:00,48,6,1.1428571428571428,0.0,0.0,0.2034,optimal
2021-02-12 05:30:00,48,6,1.1428571428571428,0.0,0.0,0.045,optimal
2021-02-12 06:00:00,48,6,1.1428571428571428,0.0,3.2614880645262714,0.046666666666666655,optimal
2021-02-12 06:30:00,48,6,1.1428571428571428,0.0,5.0,0.11259999999999999,optimal
2021-02-12 07:00:00,48,6,1.1428571428571428,0.0,5.0,0.14880000000000002,optimal
2021-02-12 07:30:00,48,6,1.1428571428571428,6.108443743254629,0.0,0.045,optimal
2021-02-12 08:00:00,48,6,0.9293128867545672,0.0,0.0,0.045,optimal
2021-02-12 08:30:00,48,6,0.8926315753006926,0.0,0.0,0.21206666666666663,optimal
2021-02-12 09:00:00,48,6,0.7335827465646884,0.774074074074074,0.0,0.1842666666666667,optimal
2021-02-12 09:30:00,48,6,0.3086124106525257,0.0774074074074074,0.0,1.5113333333333332,optimal
2021-02-12 10:00:00,48,6,0.32758121490244274,0.5418518518518518,0.0,0.28833333333333333,optimal
2021-02-12 10:30:00,48,6,0.37162955209590776,0.0,0.0,0.26913333333333334,optimal
2021-02-12 11:00:00,48,6,0.25285279458008925,0.0,0.0,0.189,optimal
2021-02-12 11:30:00,48,6,0.2877374081578419,0.0,0.0,0.06473333333333334,optimal
2021-02-12 12:00:00,48,6,0.17115620576404422,0.0,0.0,0.17273333333333332,optimal
2021-02-12 12:30:00,48,6,0.07796462886560393,0.0,0.0,0.24186666666666667,optimal
2021-02-12 13:00:00,48,6,0.008321808322535573,0.0,0.0,0.3772,optimal
2021-02-12 13:30:00,48,6,0.39753955812857394,0.3096296296296296,0.0,0.271,optimal
2021-02-12 14:00:00,48,6,1.1428571428571428,0.0774074074074074,0.0,0.32680000000000003,optimal
2021-02-12 14:30:00,48,6,1.1428571428571428,0.0,0.0,1.0768666666666666,optimal
2021-02-12 15:00:00,48,6,1.1428571428571428,0.3096296296296296,0.0,0.42860000000000004,optimal
2021-02-12 15:30:00,48,6,1.1428571428571428,0.0,0.0,0.281,optimal
2021-02-12 16:00:00,48,6,0.0,0.6966666666666667,0.0,0.081,optimal
2021-02-12 16:30:00,48,6,0.0,0.1548148148148148,0.0,0.2114,optimal
2021-02-12 17:00:00,48,6,0.0,0.0,0.0,0.08193333333333333,optimal
2021-02-12 17:30:00,48,6,0.0,0.0,0.0,0.3078,optimal
2021-02-12 18:00:00,48,6,0.0,0.1548148148148148,0.0,0.5764,optimal
2021-02-12 18:30:00,48,6,0.0,0.0,0.0,0.5367999999999999,optimal
2021-02-12 19:00:00,48,6,0.0,0.0774074074074074,0.0,0.4914,optimal
2021-02-12 19:30:00,48,6,0.0,0.0,0.0,0.9691000000000001,optimal
2021-02-12 20:00:00,48,6,0.0,0.387037037037037,0.0,0.9747333333333332,optimal
2021-02-12 20:30:00,48,6,0.0,0.0,0.0,0.3342,optimal
2021-02-12 21:00:00,48,6,0.0,0.0,0.0,0.3614666666666666,optimal
2021-02-12 21:30:00,48,6,0.0,6.6570370370370355,0.0,0.4624,optimal
2021-02-12 22:00:00,48,6,0.0,0.46444444444444444,0.0,0.3738333333333333,optimal
2021-02-12 22:30:00,48,6,0.0,0.0,0.0,0.15766666666666665,optimal
2021-02-12 23:00:00,48,6,0.0,0.0,0.0,0.055,optimal
2021-02-12 23:30:00,48,6,0.0,0.0,0.0,0.10206666666666667,optimal
2021-02-13 00:00:00,48,6,0.0,0.0,0.0,0.054,optimal
2021-02-13 00:30:00,48,6,0.0,0.0,0.0,0.20513333333333333,optimal
2021-02-13 01:00:00,48,6,0.26771040559113746,0.0,0.0,0.17773333333333333,optimal
2021-02-13 01:30:00,48,6,1.1428571428571428,0.0,0.0,0.1027,optimal
2021-02-13 02:00:00,48,6,1.1428571428571428,0.0,0.0,0.2516333333333333,optimal
2021-02-13 02:30:00,48,6,1.1428571428571428,0.0,0.0,0.1648,optimal
2021-02-13 03:00:00,48,6,1.1428571428571428,0.0,0.0,0.2492666666666667,optimal
2021-02-13 03:30:00,48,6,1.1428571428571428,0.0,0.0,0.14666666666666667,optimal
2021-02-13 04:00:00,48,6,1.1428571428571428,0.0,0.0,0.25503333333333333,optimal
2021-02-13 04:30:00,48,6,1.1428571428571428,0.0,0.0,0.15316666666666665,optimal
2021-02-13 05:00:00,48,6,1.1428571428571428,0.0,0.0,0.054,optimal
2021-02-13 05:30:00,48,6,1.1428571428571428,0.0,0.0,0.3614,optimal
2021-02-13 06:00:00,48,6,1.1428571428571428,0.0,0.0,0.07706666666666666,optimal
2021-02-13 06:30:00,48,6,1.1428571428571428,0.1548148148148148,4.75547136170896,0.3589,optimal
2021-02-13 07:00:00,48,6,1.1428571428571428,0.6192592592592592,5.0,0.20676666666666668,optimal
2021-02-13 07:30:00,48,6,1.1428571428571428,3.0188888888888883,0.0,0.06133333333333334,optimal
2021-02-13 08:00:00,48,6,0.6666959465946277,5.728148148148147,0.0,0.171,optimal
2021-02-13 08:30:00,48,6,0.732218655410474,2.3222222222222215,0.0,0.3162,optimal
2021-02-13 09:00:00,48,6,0.546058275964805,0.23222222222222222,0.0,0.3664333333333333,optimal
2021-02-13 09:30:00,48,6,0.46351943909166643,0.0,0.0,2.401866666666667,optimal
2021-02-13 10:00:00,48,6,0.06185019082412184,0.0,0.0,1.8694000000000002,optimal
2021-02-13 10:30:00,48,6,0.3584909948780581,0.387037037037037,0.0,2.0006666666666666,optimal
2021-02-13 11:00:00,48,6,0.19856943193277,0.0,0.0,0.47276666666666667,optimal
2021-02-13 11:30:00,48,6,0.13583499789146802,0.0,0.0,1.1351666666666667,optimal
2021-02-13 12:00:00,48,6,0.08202792403215277,0.387037037037037,0.0,1.4456666666666667,optimal
2021-02-13 12:30:00,48,6,0.03865429404480043,0.23222222222222222,0.0,0.5002,optimal
2021-02-13 13:00:00,48,6,0.05728746745623467,0.0,0.0,0.31760000000000005,optimal
2021-02-13 13:30:00,48,6,1.1428571428571428,0.387037037037037,0.0,0.2761,optimal
2021-02-13 14:00:00,48,6,1.1428571428571428,0.0,0.0,1.6994333333333334,optimal
2021-02-13 14:30:00,48,6,1.1428571428571428,0.0,0.0,0.8513999999999999,optimal
2021-02-13 15:00:00,48,6,1.1428571428571428,2.1674074074074072,0.0,0.6123999999999999,optimal
2021-02-13 15:30:00,48,6,1.1428571428571428,0.0,0.0,0.1933,optimal
2021-02-13 16:00:00,48,6,0.0,0.6192592592592592,0.0,1.8403,optimal
2021-02-13 16:30:00,48,6,0.0,0.8514814814814814,0.0,2.0131666666666668,optimal
2021-02-13 17:00:00,48,6,0.0,0.23222222222222222,0.0,3.2701666666666664,optimal
2021-02-13 17:30:00,48,6,0.0,0.23222222222222222,0.0,0.6228666666666667,optimal
2021-02-13 18:00:00,48,6,0.0,0.0774074074074074,0.0,0.4543333333333333,optimal
2021-02-13 18:30:00,48,6,0.0,0.387037037037037,0.0,2.1981333333333333,optimal
2021-02-13 19:00:00,48,6,0.0,0.0774074074074074,0.0,0.6939333333333333,optimal
2021-02-13 19:30:00,48,6,0.0,0.1548148148148148,0.0,0.41883333333333334,optimal
2021-02-13 20:00:00,48,6,0.0,0.46444444444444444,0.0,0.5856666666666667,optimal
2021-02-13 20:30:00,48,6,0.0,0.0774074074074074,0.0,0.48,optimal
2021-02-13 21:00:00,48,6,0.0,0.0,0.0,0.6658666666666667,optimal
2021-02-13 21:30:00,48,6,0.0,0.3096296296296296,0.0,0.5315,optimal
2021-02-13 22:00:00,48,6,0.0,0.0,0.0,0.4400333333333334,optimal
2021-02-13 22:30:00,48,6,0.0,0.0,0.0,0.9100666666666668,optimal
2021-02-13 23:00:00,48,6,0.0,0.0,0.0,1.1196333333333335,optimal
2021-02-13 23:30:00,48,6,0.0,0.0,0.0,0.2526333333333333,optimal
2021-02-07 00:00:00,49,6,0.0,0.0,0.0,0.060333333333333336,optimal
2021-02-07 00:30:00,49,6,0.0,0.0,0.0,0.19026666666666667,optimal
2021-02-07 01:00:00,49,6,0.0,0.0,0.0,0.09513333333333333,optimal
2021-02-07 01:30:00,49,6,0.0,0.0,0.0,0.07403333333333333,optimal
2021-02-07 02:00:00,49,6,0.0,0.0,0.0,0.2147,optimal
2021-02-07 02:30:00,49,6,0.0,0.0,0.0,0.067,optimal
2021-02-07 03:00:00,49,6,0.0,0.0,0.0,0.14436666666666667,optimal
2021-02-07 03:30:00,49,6,0.0,0.0,0.0,0.14436666666666667,optimal
2021-02-07 04:00:00,49,6,1.1428571428571428,0.0,0.0,0.067,optimal
2021-02-07 04:30:00,49,6,1.1428571428571428,0.0,0.0,0.20063333333333333,optimal
2021-02-07 05:00:00,49,6,1.1428571428571428,0.0,0.0,0.0881,optimal
2021-02-07 05:30:00,49,6,1.1428571428571428,0.0,0.0,0.067,optimal
2021-02-07 06:00:00,49,6,1.1428571428571428,0.1548148148148148,0.0,0.11683333333333332,optimal
2021-02-07 06:30:00,49,6,1.1428571428571428,0.8716074074074074,1.4055777348378222,0.1985,optimal
2021-02-07 07:00:00,49,6,1.1428571428571428,2.1890814814814816,0.0,1.2074666666666667,optimal
2021-02-07 07:30:00,49,6,0.0,1.5063481481481482,0.0,0.5034333333333333,optimal
2021-02-07 08:00:00,49,6,0.0,0.46444444444444444,0.0,0.14993333333333334,optimal
2021-02-07 08:30:00,49,6,0.4310057948796421,0.0,0.0,0.20766666666666664,optimal
2021-02-07 09:00:00,49,6,0.7166777289134562,0.0,0.0,0.08106666666666666,optimal
2021-02-07 09:30:00,49,6,0.7185528186816894,0.0,0.0,0.067,optimal
2021-02-07 10:00:00,49,6,0.620725347221792,0.0,0.0,0.14436666666666667,optimal
2021-02-07 10:30:00,49,6,0.6250132629234204,0.0,0.0,0.14436666666666667,optimal
2021-02-07 11:00:00,49,6,0.5526555106108705,0.0,0.0,0.067,optimal
2021-02-07 11:30:00,49,6,0.5164840820394385,0.0,0.0,0.1936,optimal
2021-02-07 12:00:00,49,6,0.4152856077253153,0.0,0.0,0.1636,optimal
2021-02-07 12:30:00,49,6,0.41185703629674136,0.46444444444444444,0.0,0.1756,optimal
2021-02-07 13:00:00,49,6,1.1428571428571428,0.23222222222222222,0.0,0.20446666666666666,optimal
2021-02-07 13:30:00,49,6,1.1428571428571428,0.0,0.0,0.16226666666666667,optimal
2021-02-07 14:00:00,49,6,1.1428571428571428,0.0,0.0,0.067,optimal
2021-02-07 14:30:00,49,6,1.1428571428571428,0.0,0.0,0.067,optimal
2021-02-07 15:00:00,49,6,1.1428571428571428,0.0,0.0,0.17953333333333332,optimal
2021-02-07 15:30:00,49,6,1.1428571428571428,0.0,0.0,0.14253333333333335,optimal
2021-02-07 16:00:00,49,6,0.0,0.1548148148148148,0.0,0.24830000000000002,optimal
2021-02-07 16:30:00,49,6,0.0,0.23222222222222222,0.0,0.3151333333333333,optimal
2021-02-07 17:00:00,49,6,0.0,0.23222222222222222,0.0,0.3538,optimal
2021-02-07 17:30:00,49,6,0.0,0.0774074074074074,0.0,0.06786666666666666,optimal
2021-02-07 18:00:00,49,6,0.0,0.774074074074074,0.0,2.1458000000000004,optimal
2021-02-07 18:30:00,49,6,0.0,0.0,0.0,0.34236666666666665,optimal
2021-02-07 19:00:00,49,6,0.0,0.9288888888888889,0.0,0.11726666666666669,optimal
2021-02-07 19:30:00,49,6,0.4090417646496144,2.39962962962963,0.0,0.30006666666666665,optimal
2021-02-07 20:00:00,49,6,0.5348695257802473,0.0,0.0,0.23106666666666664,optimal
2021-02-07 20:30:00,49,6,0.0,0.0,0.0,0.336,optimal
2021-02-07 21:00:00,49,6,0.0,0.0,0.0,0.43023333333333336,optimal
2021-02-07 21:30:00,49,6,0.0,0.3096296296296296,0.0,0.6305,optimal
2021-02-07 22:00:00,49,6,0.0,0.0,0.0,0.3813333333333333,optimal
2021-02-07 22:30:00,49,6,0.0,0.3096296296296296,0.0,0.47386666666666666,optimal
2021-02-07 23:00:00,49,6,0.0,0.23222222222222222,0.0,0.3035333333333334,optimal
2021-02-07 23:30:00,49,6,0.0,0.0,0.0,0.5148666666666667,optimal
2021-02-08 00:00:00,49,6,0.0,0.23222222222222222,0.0,0.1468,optimal
2021-02-08 00:30:00,49,6,0.0,0.0774074074074074,0.0,0.1975,optimal
2021-02-08 01:00:00,49,6,0.0,0.1548148148148148,0.0,0.15633333333333335,optimal
2021-02-08 01:30:00,49,6,0.0,0.1548148148148148,0.0,0.2479333333333333,optimal
2021-02-08 02:00:00,49,6,0.6277191697943343,0.0,0.0,0.1809,optimal
2021-02-08 02:30:00,49,6,1.1428571428571428,0.0,0.0,0.20333333333333328,optimal
2021-02-08 03:00:00,49,6,1.1428571428571428,0.0,0.0,0.054666666666666655,optimal
2021-02-08 03:30:00,49,6,1.1428571428571428,0.0,0.0,0.09783333333333331,optimal
2021-02-08 04:00:00,49,6,1.1428571428571428,0.0,0.0,0.08716666666666667,optimal
2021-02-08 04:30:00,49,6,1.1428571428571428,0.0,0.0,0.236,optimal
2021-02-08 05:00:00,49,6,1.1428571428571428,0.0,0.0,0.055666666666666656,optimal
2021-02-08 05:30:00,49,6,1.1428571428571428,0.0,1.946476814961739,0.188,optimal
2021-02-08 06:00:00,49,6,1.1428571428571428,0.0,5.0,0.054666666666666655,optimal
2021-02-08 06:30:00,49,6,1.1428571428571428,0.387037037037037,5.0,1.2626,optimal
2021-02-08 07:00:00,49,6,1.1428571428571428,0.23222222222222222,0.0,0.6501333333333333,optimal
2021-02-08 07:30:00,49,6,1.1428571428571428,0.5836518518518518,0.0,0.23246666666666665,optimal
2021-02-08 08:00:00,49,6,0.5767406746315693,0.5000518518518519,0.0,1.1888333333333332,optimal
2021-02-08 08:30:00,49,6,0.6205152569998738,0.0,0.0,0.3116666666666667,optimal
2021-02-08 09:00:00,49,6,0.5523337876269027,0.46444444444444444,0.0,0.047,optimal
2021-02-08 09:30:00,49,6,0.4104085807411156,0.0,0.0,1.6200333333333332,optimal
2021-02-08 10:00:00,49,6,0.36127511686602876,0.0,0.0,0.22283333333333327,optimal
2021-02-08 10:30:00,49,6,0.4704403237518143,0.387037037037037,0.0,0.09259999999999999,optimal
2021-02-08 11:00:00,49,6,0.27484550297027377,0.0,0.0,0.21356666666666663,optimal
2021-02-08 11:30:00,49,6,0.2604623491733993,0.1548148148148148,0.0,0.2329,optimal
2021-02-08 12:00:00,49,6,0.22237460917611018,0.0,0.0,0.08933333333333333,optimal
2021-02-08 12:30:00,49,6,0.18456068253474311,0.0,0.0,0.16833333333333333,optimal
2021-02-08 13:00:00,49,6,0.15355720433686587,0.1548148148148148,0.0,0.3489333333333333,optimal
2021-02-08 13:30:00,49,6,0.37509320415023845,0.5418518518518518,0.0,0.4317,optimal
2021-02-08 14:00:00,49,6,1.1428571428571428,0.1548148148148148,0.0,1.9480666666666664,optimal
2021-02-08 14:30:00,49,6,1.1428571428571428,0.0,0.0,0.3694666666666666,optimal
2021-02-08 15:00:00,49,6,1.1428571428571428,0.0,0.0,0.23916666666666664,optimal
2021-02-08 15:30:00,49,6,1.1428571428571428,0.0,0.0,0.24756666666666663,optimal
2021-02-08 16:00:00,49,6,0.0,0.3096296296296296,0.0,0.35183333333333333,optimal
2021-02-08 16:30:00,49,6,0.0,0.1548148148148148,0.0,0.3262,optimal
2021-02-08 17:00:00,49,6,0.0,0.0774074074074074,0.0,0.3763333333333333,optimal
2021-02-08 17:30:00,49,6,0.0,0.23222222222222222,0.0,3.167266666666667,optimal
2021-02-08 18:00:00,49,6,0.0,0.5418518518518518,0.0,0.6417999999999999,optimal
2021-02-08 18:30:00,49,6,0.0,0.8514814814814814,0.0,0.5291333333333333,optimal
2021-02-08 19:00:00,49,6,0.0,0.387037037037037,0.0,1.4030333333333334,optimal
2021-02-08 19:30:00,49,6,0.0,0.23222222222222222,0.0,0.6769333333333333,optimal
2021-02-08 20:00:00,49,6,0.0,0.0,0.0,0.29646666666666666,optimal
2021-02-08 20:30:00,49,6,0.0,0.0,0.0,0.3663333333333333,optimal
2021-02-08 21:00:00,49,6,0.0,0.0,0.0,0.16466666666666666,optimal
2021-02-08 21:30:00,49,6,0.0,0.0,0.0,0.18466666666666662,optimal
2021-02-08 22:00:00,49,6,0.0,0.0,0.0,0.104,optimal
2021-02-08 22:30:00,49,6,0.0,0.0,0.0,0.22766666666666663,optimal
2021-02-08 23:00:00,49,6,0.0,0.0,0.0,0.12316666666666669,optimal
2021-02-08 23:30:00,49,6,0.0,0.0,0.0,0.15516666666666665,optimal
2021-02-09 00:00:00,49,6,0.0,0.0,0.0,0.059,optimal
2021-02-09 00:30:00,49,6,0.0,0.0,0.0,0.12513333333333335,optimal
2021-02-09 01:00:00,49,6,0.3036389631976079,0.0,0.0,0.0991,optimal
2021-02-09 01:30:00,49,6,1.1428571428571428,0.0,0.0,0.22683333333333328,optimal
2021-02-09 02:00:00,49,6,1.1428571428571428,0.0,0.0,0.0724,optimal
2021-02-09 02:30:00,49,6,1.1428571428571428,0.0,0.0,0.19566666666666663,optimal
2021-02-09 03:00:00,49,6,1.1428571428571428,0.0,0.0,0.06,optimal
2021-02-09 03:30:00,49,6,1.1428571428571428,0.0,0.0,0.11976666666666667,optimal
2021-02-09 04:00:00,49,6,1.1428571428571428,0.0,0.0,0.21030000000000001,optimal
2021-02-09 04:30:00,49,6,1.1428571428571428,0.0,0.0,0.06333333333333334,optimal
2021-02-09 05:00:00,49,6,1.1428571428571428,0.0,0.0,0.20233333333333328,optimal
2021-02-09 05:30:00,49,6,1.1428571428571428,0.0,2.297151791750833,0.09306666666666666,optimal
2021-02-09 06:00:00,49,6,1.1428571428571428,0.0,5.0,0.15683333333333335,optimal
2021-02-09 06:30:00,49,6,1.1428571428571428,0.0,5.0,0.14016666666666666,optimal
2021-02-09 07:00:00,49,6,1.1428571428571428,0.1548148148148148,5.0,0.13706666666666667,optimal
2021-02-09 07:30:00,49,6,1.1428571428571428,0.23222222222222222,0.0,0.12366666666666669,optimal
2021-02-09 08:00:00,49,6,0.6468585826129587,0.23222222222222222,0.0,0.26373333333333326,optimal
2021-02-09 08:30:00,49,6,0.7849124233462191,0.0,0.0,0.12616666666666668,optimal
2021-02-09 09:00:00,49,6,0.6963271702685576,0.0,0.0,0.1895,optimal
2021-02-09 09:30:00,49,6,0.7157396136398385,0.0,0.0,0.07653333333333333,optimal
2021-02-09 10:00:00,49,6,0.5187371611021355,0.0,0.0,0.1212,optimal
2021-02-09 10:30:00,49,6,0.5034078480385263,0.0,0.0,0.144,optimal
2021-02-09 11:00:00,49,6,0.32369086051297563,0.0,0.0,0.16866666666666666,optimal
2021-02-09 11:30:00,49,6,0.3415278550431082,0.0,0.0,0.09306666666666666,optimal
2021-02-09 12:00:00,49,6,0.18123186764861107,0.0,0.0,0.25353333333333333,optimal
2021-02-09 12:30:00,49,6,0.1340082064518145,0.0,0.0,0.8704666666666667,optimal
2021-02-09 13:00:00,49,6,0.06321182219602087,0.1548148148148148,0.0,1.2229333333333334,optimal
2021-02-09 13:30:00,49,6,0.6953708053584735,0.0,0.0,0.5144,optimal
2021-02-09 14:00:00,49,6,1.1428571428571428,0.0,0.0,0.2383,optimal
2021-02-09 14:30:00,49,6,1.1428571428571428,0.0,0.0,0.06413333333333333,optimal
2021-02-09 15:00:00,49,6,1.1428571428571428,0.0,0.0,0.21673333333333328,optimal
2021-02-09 15:30:00,49,6,1.1428571428571428,2.012592592592592,0.0,1.3722,optimal
2021-02-09 16:00:00,49,6,0.0,0.1548148148148148,0.0,0.1567666666666667,optimal
2021-02-09 16:30:00,49,6,0.0,0.0,0.0,0.3202333333333333,optimal
2021-02-09 17:00:00,49,6,0.0,0.5418518518518518,0.0,2.3215333333333334,optimal
2021-02-09 17:30:00,49,6,0.0,0.46444444444444444,0.0,0.7536,optimal
2021-02-09 18:00:00,49,6,0.0,0.23222222222222222,0.0,0.8119666666666667,optimal
2021-02-09 18:30:00,49,6,0.0,0.387037037037037,0.0,1.0709666666666666,optimal
2021-02-09 19:00:00,49,6,0.0,0.0,0.0,0.2393333333333333,optimal
2021-02-09 19:30:00,49,6,0.0,0.1548148148148148,0.0,0.2077,optimal
2021-02-09 20:00:00,49,6,0.0,0.0,0.0,0.4163,optimal
2021-02-09 20:30:00,49,6,0.0,0.6192592592592592,0.0,0.2916666666666667,optimal
2021-02-09 21:00:00,49,6,0.0,0.0,0.0,0.34013333333333334,optimal
2021-02-09 21:30:00,49,6,0.0,0.0,0.0,0.165,optimal
2021-02-09 22:00:00,49,6,0.0,0.3096296296296296,0.0,0.4559666666666666,optimal
2021-02-09 22:30:00,49,6,0.0,0.1548148148148148,0.0,0.29460000000000003,optimal
2021-02-09 23:00:00,49,6,0.0,0.0,0.0,0.1956,optimal
2021-02-09 23:30:00,49,6,0.0,0.0,0.0,1.2276333333333334,optimal
2021-02-10 00:00:00,49,6,0.0,0.0,0.0,0.044,optimal
2021-02-10 00:30:00,49,6,0.0,0.0,0.0,0.116,optimal
2021-02-10 01:00:00,49,6,0.264843998031535,0.0,0.0,0.13040000000000002,optimal
2021-02-10 01:30:00,49,6,1.1428571428571428,0.0,0.0,0.044,optimal
2021-02-10 02:00:00,49,6,1.1428571428571428,0.0,0.0,0.044,optimal
2021-02-10 02:30:00,49,6,1.1428571428571428,0.0,0.0,0.18080000000000002,optimal
2021-02-10 03:00:00,49,6,1.1428571428571428,0.0,0.0,0.06559999999999999,optimal
2021-02-10 03:30:00,49,6,1.1428571428571428,0.0,0.0,0.0512,optimal
2021-02-10 04:00:00,49,6,1.1428571428571428,0.0,0.4556958535243146,0.19519999999999998,optimal
2021-02-10 04:30:00,49,6,1.1428571428571428,0.0,5.0,0.044,optimal
2021-02-10 05:00:00,49,6,1.1428571428571428,0.0,5.0,0.2024,optimal
2021-02-10 05:30:00,49,6,1.1428571428571428,0.1548148148148148,5.0,0.043333333333333335,optimal
2021-02-10 06:00:00,49,6,1.1428571428571428,0.6192592592592592,0.0,0.1442,optimal
2021-02-10 06:30:00,49,6,1.1428571428571428,0.774074074074074,0.0,0.2144,optimal
2021-02-10 07:00:00,49,6,1.1428571428571428,0.5418518518518518,0.0,0.2455,optimal
2021-02-10 07:30:00,49,6,1.1428571428571428,0.9288888888888889,0.0,0.0852,optimal
2021-02-10 08:00:00,49,6,0.7361596767656265,0.0,0.0,0.16653333333333334,optimal
2021-02-10 08:30:00,49,6,0.7704790834575957,0.3096296296296296,0.0,0.056,optimal
2021-02-10 09:00:00,49,6,0.7366655082249208,0.0,0.0,0.044,optimal
2021-02-10 09:30:00,49,6,0.7116325339645116,0.0,0.0,0.1016,optimal
2021-02-10 10:00:00,49,6,0.5087032490971807,0.0,0.0,0.1448,optimal
2021-02-10 10:30:00,49,6,0.5310713755447228,0.0,0.0,0.044,optimal
2021-02-10 11:00:00,49,6,0.36998111091909863,0.0,0.0,0.1448,optimal
2021-02-10 11:30:00,49,6,0.37803605236031995,0.0,0.0,0.10426666666666667,optimal
2021-02-10 12:00:00,49,6,0.22755751259048723,0.0,0.0,0.054,optimal
2021-02-10 12:30:00,49,6,0.16715751259049258,0.0,0.0,0.2164,optimal
2021-02-10 13:00:00,49,6,0.7669805142951269,0.23222222222222222,0.0,0.2381,optimal
2021-02-10 13:30:00,49,6,1.1428571428571428,0.1548148148148148,0.0,0.042333333333333334,optimal
2021-02-10 14:00:00,49,6,1.1428571428571428,0.0,0.0,0.14759999999999998,optimal
2021-02-10 14:30:00,49,6,1.1428571428571428,0.0,0.0,0.39776666666666666,optimal
2021-02-10 15:00:00,49,6,1.1428571428571428,0.3096296296296296,0.0,1.4569666666666667,optimal
2021-02-10 15:30:00,49,6,1.1428571428571428,0.0,0.0,0.7205,optimal
2021-02-10 16:00:00,49,6,0.0,0.23222222222222222,0.0,0.264,optimal
2021-02-10 16:30:00,49,6,0.0,0.23222222222222222,0.0,0.43346666666666656,optimal
2021-02-10 17:00:00,49,6,0.0,0.1548148148148148,0.0,0.5055666666666666,optimal
2021-02-10 17:30:00,49,6,0.0,0.0774074074074074,0.0,0.264,optimal
2021-02-10 18:00:00,49,6,0.0,0.0774074074074074,0.0,0.30526666666666663,optimal
2021-02-10 18:30:00,49,6,0.0,0.0,0.0,0.41893333333333327,optimal
2021-02-10 19:00:00,49,6,0.0,0.0,0.0,0.3036666666666667,optimal
2021-02-10 19:30:00,49,6,0.0,0.0,0.0,0.4568,optimal
2021-02-10 20:00:00,49,6,0.0,0.0,0.0,0.3416,optimal
2021-02-10 20:30:00,49,6,0.0,0.1548148148148148,0.0,0.5124333333333333,optimal
2021-02-10 21:00:00,49,6,0.0,0.0,0.0,2.144133333333333,optimal
2021-02-10 21:30:00,49,6,0.0,0.0,0.0,2.562,optimal
2021-02-10 22:00:00,49,6,0.0,0.0,0.0,0.7941333333333334,optimal
2021-02-10 22:30:00,49,6,0.0,0.23222222222222222,0.0,0.30346666666666666,optimal
2021-02-10 23:00:00,49,6,0.0,0.0,0.0,0.1724,optimal
2021-02-10 23:30:00,49,6,0.0,5.805555555555555,0.0,0.18573333333333328,optimal
2021-02-11 00:00:00,49,6,0.33285227197295736,0.387037037037037,0.0,0.14906666666666665,optimal
2021-02-11 00:30:00,49,6,1.1428571428571428,0.0,0.0,0.4396333333333333,optimal
2021-02-11 01:00:00,49,6,1.1428571428571428,0.0,0.0,0.132,optimal
2021-02-11 01:30:00,49,6,1.1428571428571428,0.0,0.0,0.09079999999999999,optimal
2021-02-11 02:00:00,49,6,1.1428571428571428,0.0,0.0,0.12653333333333333,optimal
2021-02-11 02:30:00,49,6,1.1428571428571428,0.0,0.0,0.08523333333333333,optimal
2021-02-11 03:00:00,49,6,1.1428571428571428,0.0,0.0,0.18669999999999998,optimal
2021-02-11 03:30:00,49,6,1.1428571428571428,0.0,0.0,0.064,optimal
2021-02-11 04:00:00,49,6,1.1428571428571428,0.0,0.0,0.15333333333333335,optimal
2021-02-11 04:30:00,49,6,1.1428571428571428,0.0,1.492312104982746,0.09433333333333331,optimal
2021-02-11 05:00:00,49,6,1.1428571428571428,0.0,5.0,0.1776,optimal
2021-02-11 05:30:00,49,6,1.1428571428571428,0.0,5.0,0.064,optimal
2021-02-11 06:00:00,49,6,1.1428571428571428,0.0,5.0,0.1186,optimal
2021-02-11 06:30:00,49,6,1.1428571428571428,0.0,5.0,0.15333333333333335,optimal
2021-02-11 07:00:00,49,6,1.1428571428571428,0.23222222222222222,5.0,0.3883666666666667,optimal
2021-02-11 07:30:00,49,6,1.1428571428571428,2.1674074074074072,0.0,1.7205333333333332,optimal
2021-02-11 08:00:00,49,6,0.5943178983349411,2.012592592592592,0.0,1.3850666666666667,optimal
2021-02-11 08:30:00,49,6,0.6739754861731097,0.1548148148148148,0.0,0.4288333333333333,optimal
2021-02-11 09:00:00,49,6,0.6150764027732064,0.3096296296296296,0.0,0.39626666666666666,optimal
2021-02-11 09:30:00,49,6,0.5577448413152659,0.3096296296296296,0.0,0.3771333333333333,optimal
2021-02-11 10:00:00,49,6,0.3102126326932111,0.1548148148148148,0.0,0.2934,optimal
2021-02-11 10:30:00,49,6,0.3246829840458757,0.0,0.0,0.3368,optimal
2021-02-11 11:00:00,49,6,0.22122052917825483,0.1548148148148148,0.0,0.2727,optimal
2021-02-11 11:30:00,49,6,0.21543258998742096,0.387037037037037,0.0,0.20706666666666662,optimal
2021-02-11 12:00:00,49,6,0.03556131289185062,1.315925925925926,0.0,0.318,optimal
2021-02-11 12:30:00,49,6,0.0,0.0,0.0,0.4073333333333333,optimal
2021-02-11 13:00:00,49,6,0.0,0.0,0.0,0.3604666666666666,optimal
2021-02-11 13:30:00,49,6,1.082550420036245,0.0774074074074074,0.0,0.42053333333333337,optimal
2021-02-11 14:00:00,49,6,1.1428571428571428,0.1548148148148148,0.0,0.5265333333333333,optimal
2021-02-11 14:30:00,49,6,1.1428571428571428,0.23222222222222222,0.0,1.4306333333333334,optimal
2021-02-11 15:00:00,49,6,1.1428571428571428,0.5418518518518518,0.0,0.8654,optimal
2021-02-11 15:30:00,49,6,1.1428571428571428,0.1548148148148148,0.0,0.5351666666666667,optimal
2021-02-11 16:00:00,49,6,0.0,0.774074074074074,0.0,1.0748333333333333,optimal
2021-02-11 16:30:00,49,6,0.0,0.23222222222222222,0.0,2.2395666666666667,optimal
2021-02-11 17:00:00,49,6,0.0,0.6966666666666667,0.0,1.0420666666666667,optimal
2021-02-11 17:30:00,49,6,0.0,0.3096296296296296,0.0,0.3055,optimal
2021-02-11 18:00:00,49,6,0.0,0.0,0.0,0.2828,optimal
2021-02-11 18:30:00,49,6,0.0,0.3096296296296296,0.0,0.5748,optimal
2021-02-11 19:00:00,49,6,0.0,0.0,0.0,0.5166333333333333,optimal
2021-02-11 19:30:00,49,6,0.0,0.1548148148148148,0.0,0.41486666666666666,optimal
2021-02-11 20:00:00,49,6,0.0,0.0,0.0,0.5407000000000001,optimal
2021-02-11 20:30:00,49,6,0.0,2.39962962962963,0.0,0.5102666666666666,optimal
2021-02-11 21:00:00,49,6,0.0,0.0,0.0,0.35586666666666666,optimal
2021-02-11 21:30:00,49,6,0.0,0.0,0.0,0.4615666666666667,optimal
2021-02-11 22:00:00,49,6,0.0,0.0,0.0,1.2614666666666667,optimal
2021-02-11 22:30:00,49,6,0.0,0.0,0.0,0.8836,optimal
2021-02-11 23:00:00,49,6,0.0,0.23222222222222222,0.0,1.2149,optimal
2021-02-11 23:30:00,49,6,0.0,0.0774074074074074,0.0,0.25216666666666665,optimal
2021-02-12 00:00:00,49,6,1.1428571428571428,0.0,0.0,0.058,optimal
2021-02-12 00:30:00,49,6,1.1428571428571428,0.0,0.0,0.058,optimal
2021-02-12 01:00:00,49,6,1.1428571428571428,0.0,0.0,0.2043,optimal
2021-02-12 01:30:00,49,6,1.1428571428571428,0.0,0.0,0.06496666666666667,optimal
2021-02-12 02:00:00,49,6,1.1428571428571428,0.0,0.0,0.1416,optimal
2021-02-12 02:30:00,49,6,1.1428571428571428,0.0,0.0,0.12766666666666668,optimal
2021-02-12 03:00:00,49,6,1.1428571428571428,0.0,0.0,0.058,optimal
2021-02-12 03:30:00,49,6,1.1428571428571428,0.0,0.0,0.21126666666666669,optimal
2021-02-12 04:00:00,49,6,1.1428571428571428,0.0,0.0,0.058,optimal
2021-02-12 04:30:00,49,6,1.1428571428571428,0.0,0.0,0.19036666666666668,optimal
2021-02-12 05:00:00,49,6,1.1428571428571428,0.0,2.0716357595626422,0.07890000000000001,optimal
2021-02-12 05:30:00,49,6,1.1428571428571428,0.0,5.0,0.07890000000000001,optimal
2021-02-12 06:00:00,49,6,1.1428571428571428,0.0,5.0,0.19036666666666668,optimal
2021-02-12 06:30:00,49,6,1.1428571428571428,0.6192592592592592,5.0,0.06453333333333333,optimal
2021-02-12 07:00:00,49,6,1.1428571428571428,2.5544444444444445,5.0,0.056,optimal
2021-02-12 07:30:00,49,6,1.1428571428571428,3.5337327429593386,0.0,0.2003,optimal
2021-02-12 08:00:00,49,6,0.7680271724688472,2.012592592592592,0.0,0.4054666666666666,optimal
2021-02-12 08:30:00,49,6,0.8684410991102111,1.0837037037037036,0.0,0.28576666666666667,optimal
2021-02-12 09:00:00,49,6,0.7327884608504073,0.1548148148148148,0.0,0.2995,optimal
2021-02-12 09:30:00,49,6,0.6646162201763349,0.0,0.0,0.2437666666666667,optimal
2021-02-12 10:00:00,49,6,0.49090502442625017,0.0,0.0,0.068,optimal
2021-02-12 10:30:00,49,6,0.4299628854292308,0.0,0.0,0.22126666666666667,optimal
2021-02-12 11:00:00,49,6,0.2900813660086578,0.0,0.0,0.068,optimal
2021-02-12 11:30:00,49,6,0.2560897891102247,0.0,0.0,0.17946666666666666,optimal
2021-02-12 12:00:00,49,6,0.21188953909737235,0.0,0.0,0.1098,optimal
2021-02-12 12:30:00,49,6,0.21571700981798705,0.0,0.0,0.0889,optimal
2021-02-12 13:00:00,49,6,1.1428571428571428,0.0,0.0,0.20036666666666667,optimal
2021-02-12 13:30:00,49,6,1.1428571428571428,0.0,0.0,0.068,optimal
2021-02-12 14:00:00,49,6,1.1428571428571428,0.0,0.0,0.1725,optimal
2021-02-12 14:30:00,49,6,1.1428571428571428,0.0,0.0,0.11676666666666669,optimal
2021-02-12 15:00:00,49,6,1.1428571428571428,0.0,0.0,0.08193333333333333,optimal
2021-02-12 15:30:00,49,6,1.1428571428571428,0.0,0.0,0.2073333333333333,optimal
2021-02-12 16:00:00,49,6,0.0,0.0,0.0,0.068,optimal
2021-02-12 16:30:00,49,6,0.0,0.0,0.0,0.22126666666666667,optimal
2021-02-12 17:00:00,49,6,0.0,0.0,0.0,0.068,optimal
2021-02-12 17:30:00,49,6,0.0,0.0,0.0,0.29253333333333337,optimal
2021-02-12 18:00:00,49,6,0.0,0.1548148148148148,0.0,0.35546666666666665,optimal
2021-02-12 18:30:00,49,6,0.0,0.1548148148148148,0.0,1.587,optimal
2021-02-12 19:00:00,49,6,0.0,0.1548148148148148,0.0,1.9167,optimal
2021-02-12 19:30:00,49,6,0.03686253682164489,2.631851851851852,0.0,0.341,optimal
2021-02-12 20:00:00,49,6,0.692070337882893,0.0,0.0,0.28753333333333336,optimal
2021-02-12 20:30:00,49,6,0.0,0.0,0.0,0.068,optimal
2021-02-12 21:00:00,49,6,0.0,0.0,0.0,0.22126666666666667,optimal
2021-02-12 21:30:00,49,6,0.0,0.0,0.0,1.5663666666666665,optimal
2021-02-12 22:00:00,49,6,0.0,0.0,0.0,0.339,optimal
2021-02-12 22:30:00,49,6,0.0,0.0,0.0,0.4005666666666667,optimal
2021-02-12 23:00:00,49,6,0.0,0.0774074074074074,0.0,0.184,optimal
2021-02-12 23:30:00,49,6,0.0,0.23222222222222222,0.0,0.20163333333333333,optimal
2021-02-13 00:00:00,49,6,0.0,0.0,0.0,0.053,optimal
2021-02-13 00:30:00,49,6,0.0,0.0,0.0,0.053,optimal
2021-02-13 01:00:00,49,6,0.7296754373595702,0.0,0.0,0.053,optimal
2021-02-13 01:30:00,49,6,1.1428571428571428,0.0,0.0,0.053,optimal
2021-02-13 02:00:00,49,6,1.1428571428571428,0.0,0.0,0.053,optimal
2021-02-13 02:30:00,49,6,1.1428571428571428,0.0,0.0,0.053,optimal
2021-02-13 03:00:00,49,6,1.1428571428571428,0.0,0.0,0.053,optimal
2021-02-13 03:30:00,49,6,1.1428571428571428,0.0,0.0,0.053,optimal
2021-02-13 04:00:00,49,6,1.1428571428571428,0.0,0.0,0.053,optimal
2021-02-13 04:30:00,49,6,1.1428571428571428,0.0,0.0,0.053,optimal
2021-02-13 05:00:00,49,6,1.1428571428571428,0.0,0.0,0.053,optimal
2021-02-13 05:30:00,49,6,1.1428571428571428,0.0,0.1666138371892825,0.053,optimal
2021-02-13 06:00:00,49,6,1.1428571428571428,0.387037037037037,5.0,0.5875333333333334,optimal
2021-02-13 06:30:00,49,6,1.1428571428571428,2.2448148148148146,5.0,1.6585999999999999,optimal
2021-02-13 07:00:00,49,6,1.1428571428571428,0.6192592592592592,5.0,0.16483333333333333,optimal
2021-02-13 07:30:00,49,6,1.1428571428571428,0.387037037037037,0.0,0.2696,optimal
2021-02-13 08:00:00,49,6,0.5125988037374851,0.6192592592592592,0.0,2.2913666666666668,optimal
2021-02-13 08:30:00,49,6,0.8107329411247689,3.5839629629629624,0.0,0.11320000000000001,optimal
2021-02-13 09:00:00,49,6,0.7833249426314676,0.0,0.0,0.063,optimal
2021-02-13 09:30:00,49,6,0.7726051533773791,0.0,0.0,0.063,optimal
2021-02-13 10:00:00,49,6,0.5837473336812633,0.0,0.0,0.063,optimal
2021-02-13 10:30:00,49,6,0.5816033758304432,0.0,0.0,0.063,optimal
2021-02-13 11:00:00,49,6,0.370340860504196,0.0,0.0,0.063,optimal
2021-02-13 11:30:00,49,6,0.368196902653376,0.0,0.0,0.063,optimal
2021-02-13 12:00:00,49,6,0.2808564954607157,0.0,0.0,0.063,optimal
2021-02-13 12:30:00,49,6,0.27656857975908733,0.0,0.0,0.063,optimal
2021-02-13 13:00:00,49,6,0.7732196925106682,0.0,0.0,0.063,optimal
2021-02-13 13:30:00,49,6,1.1428571428571428,0.0,0.0,0.063,optimal
2021-02-13 14:00:00,49,6,1.1428571428571428,0.0,0.0,0.063,optimal
2021-02-13 14:30:00,49,6,1.1428571428571428,0.0,0.0,0.063,optimal
2021-02-13 15:00:00,49,6,1.1428571428571428,0.0,0.0,0.063,optimal
2021-02-13 15:30:00,49,6,1.1428571428571428,0.0,0.0,0.063,optimal
2021-02-13 16:00:00,49,6,0.0,2.376407407407407,0.0,0.30946666666666667,optimal
2021-02-13 16:30:00,49,6,0.0,0.387037037037037,0.0,0.9190666666666668,optimal
2021-02-13 17:00:00,49,6,0.0,1.357725925925926,0.0,2.0310333333333332,optimal
2021-02-13 17:30:00,49,6,0.0,0.2678296296296296,0.0,0.6382000000000001,optimal
2021-02-13 18:00:00,49,6,0.0,0.0774074074074074,0.0,0.3145,optimal
2021-02-13 18:30:00,49,6,0.0,6.037777777777777,0.0,2.042466666666667,optimal
2021-02-13 19:00:00,49,6,0.0,0.6966666666666667,0.0,0.7858999999999999,optimal
2021-02-13 19:30:00,49,6,0.0,0.0,0.0,0.33566666666666667,optimal
2021-02-13 20:00:00,49,6,0.0,0.1548148148148148,0.0,0.35686666666666667,optimal
2021-02-13 20:30:00,49,6,0.0,0.0,0.0,0.5607333333333333,optimal
2021-02-13 21:00:00,49,6,0.0,3.096296296296296,0.0,2.0635,optimal
2021-02-13 21:30:00,49,6,0.0,0.23222222222222222,0.0,1.1928333333333332,optimal
2021-02-13 22:00:00,49,6,0.0,0.0,0.0,0.6571,optimal
2021-02-13 22:30:00,49,6,0.0,0.0,0.0,0.2818,optimal
2021-02-13 23:00:00,49,6,0.0,0.0,0.0,0.15906666666666666,optimal
2021-02-13 23:30:00,49,6,0.0,0.0,0.0,0.063,optimal
2021-02-07 00:00:00,50,6,0.0,0.0,0.0,0.060333333333333336,optimal
2021-02-07 00:30:00,50,6,0.0,0.0,0.0,0.061,optimal
2021-02-07 01:00:00,50,6,0.0,0.0,0.0,0.19666666666666663,optimal
2021-02-07 01:30:00,50,6,0.0,0.0,0.0,0.11856666666666667,optimal
2021-02-07 02:00:00,50,6,0.0,0.0,0.0,0.1938666666666667,optimal
2021-02-07 02:30:00,50,6,0.0,0.0,0.0,0.0795,optimal
2021-02-07 03:00:00,50,6,0.0,0.0,0.0,0.14043333333333333,optimal
2021-02-07 03:30:00,50,6,0.0,0.0,0.0,0.1905,optimal
2021-02-07 04:00:00,50,6,1.1428571428571428,0.0,0.0,0.061,optimal
2021-02-07 04:30:00,50,6,1.1428571428571428,0.0,0.0,0.13426666666666667,optimal
2021-02-07 05:00:00,50,6,1.1428571428571428,0.0,0.0,0.061,optimal
2021-02-07 05:30:00,50,6,1.1428571428571428,0.0,0.0,0.192,optimal
2021-02-07 06:00:00,50,6,1.1428571428571428,0.0,0.0,0.13893333333333333,optimal
2021-02-07 06:30:00,50,6,1.1428571428571428,0.23222222222222222,0.0,0.05966666666666666,optimal
2021-02-07 07:00:00,50,6,1.1428571428571428,0.5418518518518518,1.7076336144509696,0.17616666666666667,optimal
2021-02-07 07:30:00,50,6,0.0,0.0774074074074074,0.0,0.1724,optimal
2021-02-07 08:00:00,50,6,0.0,1.7803703703703702,0.0,0.24486666666666668,optimal
2021-02-07 08:30:00,50,6,0.483338404772438,4.025185185185184,0.0,0.2011,optimal
2021-02-07 09:00:00,50,6,0.5408967765324972,0.387037037037037,0.0,0.287,optimal
2021-02-07 09:30:00,50,6,0.5912671043959717,0.0,0.0,0.2452,optimal
2021-02-07 10:00:00,50,6,0.5501253472217815,0.387037037037037,0.0,0.14616666666666667,optimal
2021-02-07 10:30:00,50,6,0.5695085010186601,0.0,0.0,0.13133333333333333,optimal
2021-02-07 11:00:00,50,6,0.46187455822991147,0.0,0.0,0.17743333333333333,optimal
2021-02-07 11:30:00,50,6,0.4825888439442059,0.387037037037037,0.0,0.12893333333333334,optimal
2021-02-07 12:00:00,50,6,0.4133808458205468,0.23222222222222222,0.0,0.16996666666666665,optimal
2021-02-07 12:30:00,50,6,0.37239989343959795,0.23222222222222222,0.0,0.2154,optimal
2021-02-07 13:00:00,50,6,0.4318657094111495,0.387037037037037,0.0,0.15180000000000002,optimal
2021-02-07 13:30:00,50,6,0.8710918099469714,0.0,0.0,0.2660666666666667,optimal
2021-02-07 14:00:00,50,6,1.1428571428571428,0.0774074074074074,0.0,1.5291333333333335,optimal
2021-02-07 14:30:00,50,6,1.1428571428571428,0.0,0.0,0.416,optimal
2021-02-07 15:00:00,50,6,1.1428571428571428,0.0774074074074074,0.0,0.37539999999999996,optimal
2021-02-07 15:30:00,50,6,1.1428571428571428,0.0,0.0,0.27626666666666666,optimal
2021-02-07 16:00:00,50,6,0.0,2.3222222222222215,0.0,0.27063333333333334,optimal
2021-02-07 16:30:00,50,6,0.0,0.6966666666666667,0.0,0.5185666666666667,optimal
2021-02-07 17:00:00,50,6,0.0,0.3096296296296296,0.0,2.4165,optimal
2021-02-07 17:30:00,50,6,0.0,0.1548148148148148,0.0,0.35856666666666664,optimal
2021-02-07 18:00:00,50,6,0.0,0.0,0.0,0.2457666666666667,optimal
2021-02-07 18:30:00,50,6,0.0,1.7803703703703702,0.0,0.41843333333333327,optimal
2021-02-07 19:00:00,50,6,0.0,0.23222222222222222,0.0,0.2924333333333333,optimal
2021-02-07 19:30:00,50,6,0.0,0.387037037037037,0.0,0.2953,optimal
2021-02-07 20:00:00,50,6,0.0,0.5418518518518518,0.0,0.29760000000000003,optimal
2021-02-07 20:30:00,50,6,0.0,0.0,0.0,0.28906666666666664,optimal
2021-02-07 21:00:00,50,6,0.0,0.0,0.0,0.4419333333333333,optimal
2021-02-07 21:30:00,50,6,0.0,0.0,0.0,0.46813333333333335,optimal
2021-02-07 22:00:00,50,6,0.0,0.0774074074074074,0.0,0.6292000000000001,optimal
2021-02-07 22:30:00,50,6,0.0,0.0,0.0,0.5343666666666667,optimal
2021-02-07 23:00:00,50,6,0.0,0.0,0.0,0.16276666666666667,optimal
2021-02-07 23:30:00,50,6,0.0,0.0,0.0,0.16966666666666666,optimal
2021-02-08 00:00:00,50,6,0.0,0.0,0.0,0.064,optimal
2021-02-08 00:30:00,50,6,0.0,0.0,0.0,0.164,optimal
2021-02-08 01:00:00,50,6,0.0,0.0,0.0,0.2690666666666667,optimal
2021-02-08 01:30:00,50,6,0.0,0.0,0.0,0.07313333333333334,optimal
2021-02-08 02:00:00,50,6,0.7533102886551852,0.0,0.0,0.28686666666666666,optimal
2021-02-08 02:30:00,50,6,1.1428571428571428,0.0,0.0,0.15533333333333335,optimal
2021-02-08 03:00:00,50,6,1.1428571428571428,0.0,0.0,0.064,optimal
2021-02-08 03:30:00,50,6,1.1428571428571428,0.0,0.0,0.20266666666666663,optimal
2021-02-08 04:00:00,50,6,1.1428571428571428,0.0,0.0,0.10286666666666666,optimal
2021-02-08 04:30:00,50,6,1.1428571428571428,0.0,0.0,0.21066666666666664,optimal
2021-02-08 05:00:00,50,6,1.1428571428571428,0.0,0.0,0.11056666666666666,optimal
2021-02-08 05:30:00,50,6,1.1428571428571428,0.0,0.0,0.24796666666666667,optimal
2021-02-08 06:00:00,50,6,1.1428571428571428,0.0,4.18182595625277,0.203,optimal
2021-02-08 06:30:00,50,6,1.1428571428571428,0.0,5.0,0.19786666666666666,optimal
2021-02-08 07:00:00,50,6,1.1428571428571428,2.0899999999999994,5.0,1.1293,optimal
2021-02-08 07:30:00,50,6,1.1428571428571428,0.387037037037037,0.0,0.12316666666666669,optimal
2021-02-08 08:00:00,50,6,0.4665444841553819,0.0,0.0,1.5351333333333335,optimal
2021-02-08 08:30:00,50,6,0.5944314474760646,0.5418518518518518,0.0,0.18696666666666667,optimal
2021-02-08 09:00:00,50,6,0.48585854953166374,0.387037037037037,0.0,1.1615,optimal
2021-02-08 09:30:00,50,6,0.6011971521696867,0.0,0.0,0.23566666666666664,optimal
2021-02-08 10:00:00,50,6,0.530875116866025,0.0,0.0,0.1502,optimal
2021-02-08 10:30:00,50,6,0.5059260380375293,0.0,0.0,0.26003333333333334,optimal
2021-02-08 11:00:00,50,6,0.3488169315417014,0.0,0.0,0.20216666666666663,optimal
2021-02-08 11:30:00,50,6,0.3811480634591101,0.0,0.0,0.074,optimal
2021-02-08 12:00:00,50,6,0.30185079965230366,0.0,0.0,0.091,optimal
2021-02-08 12:30:00,50,6,0.0,0.0,0.0,1.795,optimal
2021-02-08 13:00:00,50,6,1.1428571428571428,0.0,0.0,0.1502,optimal
2021-02-08 13:30:00,50,6,1.1428571428571428,0.0,0.0,0.26176666666666665,optimal
2021-02-08 14:00:00,50,6,1.1428571428571428,0.0,0.0,0.12423333333333332,optimal
2021-02-08 14:30:00,50,6,1.1428571428571428,0.0,0.0,0.14066666666666666,optimal
2021-02-08 15:00:00,50,6,1.1428571428571428,0.0,0.0,0.2302,optimal
2021-02-08 15:30:00,50,6,1.1428571428571428,0.0,0.0,0.16533333333333333,optimal
2021-02-08 16:00:00,50,6,0.0,0.0,0.0,0.1502,optimal
2021-02-08 16:30:00,50,6,0.0,0.0,0.0,0.16733333333333333,optimal
2021-02-08 17:00:00,50,6,0.0,0.0,0.0,0.261,optimal
2021-02-08 17:30:00,50,6,0.0,0.0,0.0,0.10786666666666667,optimal
2021-02-08 18:00:00,50,6,0.0,0.3096296296296296,0.0,0.1693,optimal
2021-02-08 18:30:00,50,6,0.0,0.0,0.0,0.4103333333333333,optimal
2021-02-08 19:00:00,50,6,0.0,0.0,0.0,2.174233333333333,optimal
2021-02-08 19:30:00,50,6,0.0,0.0,0.0,0.5961666666666666,optimal
2021-02-08 20:00:00,50,6,0.3349738418757967,0.0,0.0,1.5531,optimal
2021-02-08 20:30:00,50,6,0.0,0.0,0.0,0.5516666666666666,optimal
2021-02-08 21:00:00,50,6,0.0,2.7092592592592597,0.0,1.3149333333333333,optimal
2021-02-08 21:30:00,50,6,0.0,0.3096296296296296,0.0,0.385,optimal
2021-02-08 22:00:00,50,6,0.0,0.1548148148148148,0.0,0.37673333333333336,optimal
2021-02-08 22:30:00,50,6,0.0,0.0,0.0,0.48319999999999996,optimal
2021-02-08 23:00:00,50,6,0.0,0.0,0.0,0.5657666666666666,optimal
2021-02-08 23:30:00,50,6,0.0,0.3096296296296296,0.0,0.8605,optimal
2021-02-09 00:00:00,50,6,0.0,0.23222222222222222,0.0,0.1711,optimal
2021-02-09 00:30:00,50,6,0.0,0.0,0.0,0.218,optimal
2021-02-09 01:00:00,50,6,0.0,0.0,0.0,0.188,optimal
2021-02-09 01:30:00,50,6,0.3778946639639571,0.0,0.0,0.069,optimal
2021-02-09 02:00:00,50,6,1.1428571428571428,0.0,0.0,0.056,optimal
2021-02-09 02:30:00,50,6,1.1428571428571428,0.0,0.0,0.147,optimal
2021-02-09 03:00:00,50,6,1.1428571428571428,0.0,0.0,0.056,optimal
2021-02-09 03:30:00,50,6,1.1428571428571428,0.0,0.0,0.0625,optimal
2021-02-09 04:00:00,50,6,1.1428571428571428,0.0,0.0,0.1405,optimal
2021-02-09 04:30:00,50,6,1.1428571428571428,0.0,0.0,0.056,optimal
2021-02-09 05:00:00,50,6,1.1428571428571428,0.0,0.0,0.056,optimal
2021-02-09 05:30:00,50,6,1.1428571428571428,0.0,0.0,0.147,optimal
2021-02-09 06:00:00,50,6,1.1428571428571428,0.0,0.0,0.056,optimal
2021-02-09 06:30:00,50,6,1.1428571428571428,0.0,4.791900057186369,0.15566666666666665,optimal
2021-02-09 07:00:00,50,6,1.1428571428571428,0.0,5.0,0.5461333333333334,optimal
2021-02-09 07:30:00,50,6,1.1428571428571428,0.1548148148148148,0.0,0.19163333333333332,optimal
2021-02-09 08:00:00,50,6,0.7005347730891478,0.5418518518518518,0.0,0.16140000000000002,optimal
2021-02-09 08:30:00,50,6,0.7533886138224125,6.579629629629631,0.0,0.07806666666666666,optimal
2021-02-09 09:00:00,50,6,0.597889075030467,0.1548148148148148,0.0,0.12463333333333335,optimal
2021-02-09 09:30:00,50,6,0.5676443755446001,0.0,0.0,0.18986666666666668,optimal
2021-02-09 10:00:00,50,6,0.4251752563402386,0.0,0.0,0.07806666666666666,optimal
2021-02-09 10:30:00,50,6,0.34476975280043687,0.0774074074074074,0.0,0.184,optimal
2021-02-09 11:00:00,50,6,0.1398813367034539,0.0774074074074074,0.0,0.15766666666666665,optimal
2021-02-09 11:30:00,50,6,0.06728785504310925,0.0,0.0,0.6029666666666667,optimal
2021-02-09 12:00:00,50,6,0.0,0.1548148148148148,0.0,1.4905,optimal
2021-02-09 12:30:00,50,6,0.0,0.0,0.0,0.3459333333333333,optimal
2021-02-09 13:00:00,50,6,1.1057449270238229,0.1548148148148148,0.0,0.4719,optimal
2021-02-09 13:30:00,50,6,1.1428571428571428,0.1548148148148148,0.0,0.3944,optimal
2021-02-09 14:00:00,50,6,1.1428571428571428,0.0,0.0,0.9983,optimal
2021-02-09 14:30:00,50,6,1.1428571428571428,0.0,0.0,0.9647,optimal
2021-02-09 15:00:00,50,6,1.1428571428571428,0.0,0.0,0.1439,optimal
2021-02-09 15:30:00,50,6,1.1428571428571428,0.0,0.0,0.38039999999999996,optimal
2021-02-09 16:00:00,50,6,0.0,0.46444444444444444,0.0,0.3562666666666667,optimal
2021-02-09 16:30:00,50,6,0.0,0.0,0.0,0.106,optimal
2021-02-09 17:00:00,50,6,0.0,0.0774074074074074,0.0,0.3708666666666667,optimal
2021-02-09 17:30:00,50,6,0.0,0.23222222222222222,0.0,0.35333333333333333,optimal
2021-02-09 18:00:00,50,6,0.0,0.1548148148148148,0.0,0.27763333333333334,optimal
2021-02-09 18:30:00,50,6,0.0,0.387037037037037,0.0,0.2949333333333333,optimal
2021-02-09 19:00:00,50,6,0.0,0.0,0.0,0.066,optimal
2021-02-09 19:30:00,50,6,0.0,0.0,0.0,0.066,optimal
2021-02-09 20:00:00,50,6,0.0,0.0,0.0,0.066,optimal
2021-02-09 20:30:00,50,6,0.0,0.0,0.0,0.157,optimal
2021-02-09 21:00:00,50,6,0.0,2.5544444444444445,0.0,0.2276,optimal
2021-02-09 21:30:00,50,6,0.0,0.3096296296296296,0.0,0.3441666666666667,optimal
2021-02-09 22:00:00,50,6,0.0,0.0,0.0,0.346,optimal
2021-02-09 22:30:00,50,6,0.0,0.0774074074074074,0.0,0.41953333333333337,optimal
2021-02-09 23:00:00,50,6,0.0,0.1548148148148148,0.0,0.335,optimal
2021-02-09 23:30:00,50,6,0.0,2.1674074074074072,0.0,0.335,optimal
2021-02-10 00:00:00,50,6,0.0,0.387037037037037,0.0,0.04466666666666666,optimal
2021-02-10 00:30:00,50,6,0.0,0.0,0.0,0.14033333333333334,optimal
2021-02-10 01:00:00,50,6,0.5072006033969866,0.0,0.0,0.08366666666666667,optimal
2021-02-10 01:30:00,50,6,1.1428571428571428,0.0,0.0,0.054,optimal
2021-02-10 02:00:00,50,6,1.1428571428571428,0.0,0.0,0.054,optimal
2021-02-10 02:30:00,50,6,1.1428571428571428,0.0,0.0,0.07773333333333333,optimal
2021-02-10 03:00:00,50,6,1.1428571428571428,0.0,0.0,0.14893333333333333,optimal
2021-02-10 03:30:00,50,6,1.1428571428571428,0.0,0.0,0.054,optimal
2021-02-10 04:00:00,50,6,1.1428571428571428,0.0,0.0,0.10740000000000001,optimal
2021-02-10 04:30:00,50,6,1.1428571428571428,0.0,0.0,0.11926666666666667,optimal
2021-02-10 05:00:00,50,6,1.1428571428571428,0.0,3.6460435828908544,0.054,optimal
2021-02-10 05:30:00,50,6,1.1428571428571428,0.0,5.0,0.17266666666666666,optimal
2021-02-10 06:00:00,50,6,1.1428571428571428,0.0,5.0,0.054,optimal
2021-02-10 06:30:00,50,6,1.1428571428571428,0.0,5.0,0.13706666666666667,optimal
2021-02-10 07:00:00,50,6,1.1428571428571428,0.0,5.0,0.0896,optimal
2021-02-10 07:30:00,50,6,1.1428571428571428,0.0,0.0,0.054,optimal
2021-02-10 08:00:00,50,6,0.6952834862894358,0.1548148148148148,0.0,0.17066666666666666,optimal
2021-02-10 08:30:00,50,6,0.739526702505216,0.0,0.0,0.052,optimal
2021-02-10 09:00:00,50,6,0.6184178891773009,0.0774074074074074,0.0,0.08626666666666667,optimal
2021-02-10 09:30:00,50,6,0.5640515815835553,0.3096296296296296,0.0,0.28286666666666666,optimal
2021-02-10 10:00:00,50,6,0.329922296716224,0.0,0.0,0.4006,optimal
2021-02-10 10:30:00,50,6,0.40411899459234346,0.1548148148148148,0.0,0.2550666666666666,optimal
2021-02-10 11:00:00,50,6,0.28615253949052527,0.0,0.0,0.2076,optimal
2021-02-10 11:30:00,50,6,0.18748367140792888,0.0,0.0,0.37760000000000005,optimal
2021-02-10 12:00:00,50,6,0.020624179257152587,0.0,0.0,0.3056666666666667,optimal
2021-02-10 12:30:00,50,6,0.04824322687620791,0.1548148148148148,0.0,0.172,optimal
2021-02-10 13:00:00,50,6,0.021246426125668842,0.3096296296296296,0.0,0.29656666666666665,optimal
2021-02-10 13:30:00,50,6,0.0,0.6192592592592592,0.0,0.43073333333333336,optimal
2021-02-10 14:00:00,50,6,0.8516854880537551,0.0,0.0,0.287,optimal
2021-02-10 14:30:00,50,6,1.1428571428571428,0.5418518518518518,0.0,0.08373333333333334,optimal
2021-02-10 15:00:00,50,6,1.1428571428571428,0.0774074074074074,0.0,0.2062,optimal
2021-02-10 15:30:00,50,6,1.1428571428571428,0.387037037037037,0.0,0.2612,optimal
2021-02-10 16:00:00,50,6,0.0,0.0,0.0,0.20263333333333333,optimal
2021-02-10 16:30:00,50,6,0.0,0.387037037037037,0.0,0.4149666666666666,optimal
2021-02-10 17:00:00,50,6,0.0,1.1611111111111108,0.0,0.338,optimal
2021-02-10 17:30:00,50,6,0.0,2.0899999999999994,0.0,0.1217,optimal
2021-02-10 18:00:00,50,6,0.0,0.0774074074074074,0.0,0.8460666666666667,optimal
2021-02-10 18:30:00,50,6,0.0,0.1548148148148148,0.0,0.9249666666666668,optimal
2021-02-10 19:00:00,50,6,0.0,0.0,0.0,0.8537,optimal
2021-02-10 19:30:00,50,6,0.0,0.23222222222222222,0.0,1.9302000000000001,optimal
2021-02-10 20:00:00,50,6,0.0,0.0,0.0,0.47903333333333337,optimal
2021-02-10 20:30:00,50,6,0.0,0.3096296296296296,0.0,0.23,optimal
2021-02-10 21:00:00,50,6,0.0,0.0,0.0,0.3925666666666667,optimal
2021-02-10 21:30:00,50,6,0.0,0.3096296296296296,0.0,0.6472666666666667,optimal
2021-02-10 22:00:00,50,6,0.0,4.412222222222222,0.0,0.2515,optimal
2021-02-10 22:30:00,50,6,0.0,0.0,0.0,0.2009333333333333,optimal
2021-02-10 23:00:00,50,6,0.0,0.0,0.0,0.36973333333333336,optimal
2021-02-10 23:30:00,50,6,0.0,0.0,0.0,0.10366666666666668,optimal
2021-02-11 00:00:00,50,6,0.876928374260906,0.0,0.0,0.065,optimal
2021-02-11 00:30:00,50,6,1.1428571428571428,0.0,0.0,0.065,optimal
2021-02-11 01:00:00,50,6,1.1428571428571428,0.0,0.0,0.065,optimal
2021-02-11 01:30:00,50,6,1.1428571428571428,0.0,0.0,0.065,optimal
2021-02-11 02:00:00,50,6,1.1428571428571428,0.0,0.0,0.065,optimal
2021-02-11 02:30:00,50,6,1.1428571428571428,0.0,0.0,0.065,optimal
2021-02-11 03:00:00,50,6,1.1428571428571428,0.0,0.0,0.065,optimal
2021-02-11 03:30:00,50,6,1.1428571428571428,0.0,0.0,0.065,optimal
2021-02-11 04:00:00,50,6,1.1428571428571428,0.0,0.0,0.065,optimal
2021-02-11 04:30:00,50,6,1.1428571428571428,0.0,0.0,0.065,optimal
2021-02-11 05:00:00,50,6,1.1428571428571428,0.0,0.0,0.065,optimal
2021-02-11 05:30:00,50,6,1.1428571428571428,0.0,0.0,0.065,optimal
2021-02-11 06:00:00,50,6,1.1428571428571428,0.0,1.2307048578989865,0.065,optimal
2021-02-11 06:30:00,50,6,1.1428571428571428,0.46444444444444444,5.0,0.2598666666666667,optimal
2021-02-11 07:00:00,50,6,1.1428571428571428,0.3096296296296296,0.0,0.1575,optimal
2021-02-11 07:30:00,50,6,1.1428571428571428,0.5418518518518518,0.0,0.07443333333333334,optimal
2021-02-11 08:00:00,50,6,0.6742750411920783,0.387037037037037,0.0,2.1618000000000004,optimal
2021-02-11 08:30:00,50,6,0.7200535814111974,2.86717037037037,0.0,2.439833333333333,optimal
2021-02-11 09:00:00,50,6,0.5679154503922551,3.635051851851852,0.0,1.2073333333333331,optimal
2021-02-11 09:30:00,50,6,0.5752210317914621,0.387037037037037,0.0,0.347,optimal
2021-02-11 10:00:00,50,6,0.28621453745511405,0.3096296296296296,0.0,1.4719333333333333,optimal
2021-02-11 10:30:00,50,6,0.38407155547444977,2.012592592592592,0.0,0.8784666666666667,optimal
2021-02-11 11:00:00,50,6,0.2552110053687368,0.0774074074074074,0.0,0.19426666666666667,optimal
2021-02-11 11:30:00,50,6,0.16688020903504633,0.46444444444444444,0.0,2.2226666666666666,optimal
2021-02-11 12:00:00,50,6,0.019237503368040473,0.3096296296296296,0.0,0.20606666666666665,optimal
2021-02-11 12:30:00,50,6,0.09487081321217532,0.0,0.0,0.109,optimal
2021-02-11 13:00:00,50,6,1.1428571428571428,0.0,0.0,0.075,optimal
2021-02-11 13:30:00,50,6,1.1428571428571428,0.0,0.0,0.6839,optimal
2021-02-11 14:00:00,50,6,1.1428571428571428,0.23222222222222222,0.0,1.6980666666666666,optimal
2021-02-11 14:30:00,50,6,1.1428571428571428,0.0,0.0,0.27546666666666664,optimal
2021-02-11 15:00:00,50,6,1.1428571428571428,0.3096296296296296,0.0,0.28563333333333335,optimal
2021-02-11 15:30:00,50,6,1.1428571428571428,0.46444444444444444,0.0,0.22,optimal
2021-02-11 16:00:00,50,6,0.0,0.6966666666666667,0.0,0.30976666666666663,optimal
2021-02-11 16:30:00,50,6,0.0,0.3096296296296296,0.0,1.9104666666666668,optimal
2021-02-11 17:00:00,50,6,0.0,0.0,0.0,3.561866666666667,optimal
2021-02-11 17:30:00,50,6,0.0,0.0,0.0,1.9598333333333333,optimal
2021-02-11 18:00:00,50,6,0.0,6.579629629629632,0.0,1.4661333333333335,optimal
2021-02-11 18:30:00,50,6,0.0,0.774074074074074,0.0,2.8014666666666668,optimal
2021-02-11 19:00:00,50,6,0.0,0.1548148148148148,0.0,0.5089666666666666,optimal
2021-02-11 19:30:00,50,6,0.0,0.387037037037037,0.0,0.9536666666666667,optimal
2021-02-11 20:00:00,50,6,0.104936710244889,0.0,0.0,1.6674666666666667,optimal
2021-02-11 20:30:00,50,6,0.0,0.0,0.0,0.9475,optimal
2021-02-11 21:00:00,50,6,0.0,0.0,0.0,2.8861999999999997,optimal
2021-02-11 21:30:00,50,6,0.0,0.3096296296296296,0.0,0.26113333333333333,optimal
2021-02-11 22:00:00,50,6,0.0,0.0,0.0,0.31926666666666664,optimal
2021-02-11 22:30:00,50,6,0.0,0.0,0.0,0.38563333333333333,optimal
2021-02-11 23:00:00,50,6,0.0,0.0774074074074074,0.0,0.47236666666666666,optimal
2021-02-11 23:30:00,50,6,0.0,0.387037037037037,0.0,0.4389333333333333,optimal
2021-02-12 00:00:00,50,6,1.1428571428571428,0.0,0.0,0.0761,optimal
2021-02-12 00:30:00,50,6,1.1428571428571428,0.0,0.0,0.06733333333333333,optimal
2021-02-12 01:00:00,50,6,1.1428571428571428,0.0,0.0,0.16403333333333334,optimal
2021-02-12 01:30:00,50,6,1.1428571428571428,0.0,0.0,0.1465,optimal
2021-02-12 02:00:00,50,6,1.1428571428571428,0.0,0.0,0.08623333333333333,optimal
2021-02-12 02:30:00,50,6,1.1428571428571428,0.0,0.0,0.2243,optimal
2021-02-12 03:00:00,50,6,1.1428571428571428,0.0,0.0,0.059,optimal
2021-02-12 03:30:00,50,6,1.1428571428571428,0.0,0.0,0.13486666666666666,optimal
2021-02-12 04:00:00,50,6,1.1428571428571428,0.0,0.0,0.17566666666666667,optimal
2021-02-12 04:30:00,50,6,1.1428571428571428,0.0,0.0,0.059,optimal
2021-02-12 05:00:00,50,6,1.1428571428571428,0.0,0.0,0.21230000000000002,optimal
2021-02-12 05:30:00,50,6,1.1428571428571428,0.0,0.0,0.09823333333333333,optimal
2021-02-12 06:00:00,50,6,1.1428571428571428,0.23222222222222222,4.561848672564365,0.08343333333333333,optimal
2021-02-12 06:30:00,50,6,1.1428571428571428,0.387037037037037,5.0,0.25046666666666667,optimal
2021-02-12 07:00:00,50,6,1.1428571428571428,1.006296296296296,0.0,0.07126666666666667,optimal
2021-02-12 07:30:00,50,6,1.1428571428571428,4.911562805877943,0.0,0.2661,optimal
2021-02-12 08:00:00,50,6,0.9647224105640847,0.0,0.0,0.17276666666666668,optimal
2021-02-12 08:30:00,50,6,1.0058030038721226,0.0,0.0,0.059,optimal
2021-02-12 09:00:00,50,6,0.754807508469459,0.0,0.0,0.332,optimal
2021-02-12 09:30:00,50,6,0.6447876487477653,0.0,0.0,0.2862333333333333,optimal
2021-02-12 10:00:00,50,6,0.4876764529976839,0.0,0.0,0.07303333333333333,optimal
2021-02-12 10:30:00,50,6,0.4664485997149488,0.0,0.0,0.09163333333333334,optimal
2021-02-12 11:00:00,50,6,0.27536708029438234,0.0,0.0,0.10990000000000001,optimal
2021-02-12 11:30:00,50,6,0.25035645577689036,0.0,0.0,0.18993333333333332,optimal
2021-02-12 12:00:00,50,6,0.20939430100213624,0.0,0.0,0.10926666666666668,optimal
2021-02-12 12:30:00,50,6,0.17873605743703916,0.0,0.0,0.2174,optimal
2021-02-12 13:00:00,50,6,1.1428571428571428,0.815874074074074,0.0,0.15313333333333332,optimal
2021-02-12 13:30:00,50,6,1.1428571428571428,0.0,0.0,0.1465,optimal
2021-02-12 14:00:00,50,6,1.1428571428571428,0.0,0.0,0.12490000000000001,optimal
2021-02-12 14:30:00,50,6,1.1428571428571428,0.0,0.0,0.1468,optimal
2021-02-12 15:00:00,50,6,1.1428571428571428,0.19042222222222224,0.0,0.3455666666666667,optimal
2021-02-12 15:30:00,50,6,1.1428571428571428,0.5418518518518518,0.0,0.12763333333333335,optimal
2021-02-12 16:00:00,50,6,0.0,0.0774074074074074,0.0,0.45156666666666667,optimal
2021-02-12 16:30:00,50,6,0.0,0.0,0.0,0.1495,optimal
2021-02-12 17:00:00,50,6,0.0,0.8514814814814814,0.0,0.1265,optimal
2021-02-12 17:30:00,50,6,0.0,0.46444444444444444,0.0,0.27393333333333336,optimal
2021-02-12 18:00:00,50,6,0.0,0.3096296296296296,0.0,0.31839999999999996,optimal
2021-02-12 18:30:00,50,6,0.0,0.0,0.0,0.32180000000000003,optimal
2021-02-12 19:00:00,50,6,0.0,0.0,0.0,0.2551333333333333,optimal
2021-02-12 19:30:00,50,6,0.0,0.1548148148148148,0.0,0.2587,optimal
2021-02-12 20:00:00,50,6,0.16107802099470822,0.0,0.0,0.30156666666666665,optimal
2021-02-12 20:30:00,50,6,0.0,2.631851851851852,0.0,0.30460000000000004,optimal
2021-02-12 21:00:00,50,6,0.0,0.0774074074074074,0.0,0.6043666666666667,optimal
2021-02-12 21:30:00,50,6,0.0,0.0,0.0,0.32873333333333327,optimal
2021-02-12 22:00:00,50,6,0.0,0.0,0.0,0.20463333333333333,optimal
2021-02-12 22:30:00,50,6,0.0,0.0,0.0,0.23203333333333334,optimal
2021-02-12 23:00:00,50,6,0.0,0.0,0.0,0.0985,optimal
2021-02-12 23:30:00,50,6,0.0,0.0,0.0,0.08066666666666668,optimal
2021-02-13 00:00:00,50,6,0.0,0.0,0.0,0.061,optimal
2021-02-13 00:30:00,50,6,0.0,0.0,0.0,0.21059999999999998,optimal
2021-02-13 01:00:00,50,6,0.8688711521077782,0.0,0.0,0.061,optimal
2021-02-13 01:30:00,50,6,1.1428571428571428,0.0,0.0,0.061,optimal
2021-02-13 02:00:00,50,6,1.1428571428571428,0.0,0.0,0.2038,optimal
2021-02-13 02:30:00,50,6,1.1428571428571428,0.0,0.0,0.0678,optimal
2021-02-13 03:00:00,50,6,1.1428571428571428,0.0,0.0,0.15619999999999998,optimal
2021-02-13 03:30:00,50,6,1.1428571428571428,0.0,0.0,0.1154,optimal
2021-02-13 04:00:00,50,6,1.1428571428571428,0.0,0.0,0.061,optimal
2021-02-13 04:30:00,50,6,1.1428571428571428,0.0,0.0,0.061,optimal
2021-02-13 05:00:00,50,6,1.1428571428571428,0.0,0.0,0.061,optimal
2021-02-13 05:30:00,50,6,1.1428571428571428,0.0,0.0,0.061,optimal
2021-02-13 06:00:00,50,6,1.1428571428571428,0.0,0.0,0.21059999999999998,optimal
2021-02-13 06:30:00,50,6,1.1428571428571428,0.0,3.7691405358989387,0.061,optimal
2021-02-13 07:00:00,50,6,1.1428571428571428,0.815874074074074,5.0,0.06106666666666667,optimal
2021-02-13 07:30:00,50,6,1.1428571428571428,0.6548666666666667,0.0,0.1472,optimal
2021-02-13 08:00:00,50,6,0.7034540418327216,0.6192592592592592,0.0,0.32443333333333335,optimal
2021-02-13 08:30:00,50,6,0.8877424649342872,0.0,0.0,0.071,optimal
2021-02-13 09:00:00,50,6,0.7589439902505222,0.23222222222222222,0.0,0.08133333333333333,optimal
2021-02-13 09:30:00,50,6,0.7295194390916659,0.0,0.0,0.21380000000000002,optimal
2021-02-13 10:00:00,50,6,0.5795187622526938,0.0,0.0,0.0778,optimal
2021-02-13 10:30:00,50,6,0.5623652805923411,0.0,0.0,0.08133333333333333,optimal
2021-02-13 11:00:00,50,6,0.27390086050419127,0.0,0.0,0.48810000000000003,optimal
2021-02-13 11:30:00,50,6,0.16267118836765967,0.0774074074074074,0.0,1.5919,optimal
2021-02-13 12:00:00,50,6,0.16157078117499996,0.0,0.0,0.24409999999999998,optimal
2021-02-13 12:30:00,50,6,0.1543704845209884,2.8640740740740736,0.0,0.26373333333333326,optimal
2021-02-13 13:00:00,50,6,1.1428571428571428,0.0,0.0,0.2731,optimal
2021-02-13 13:30:00,50,6,1.1428571428571428,0.0,0.0,0.2049,optimal
2021-02-13 14:00:00,50,6,1.1428571428571428,0.0,0.0,0.3852,optimal
2021-02-13 14:30:00,50,6,1.1428571428571428,0.0,0.0,0.3145,optimal
2021-02-13 15:00:00,50,6,1.1428571428571428,0.1548148148148148,0.0,0.178,optimal
2021-02-13 15:30:00,50,6,1.1428571428571428,0.0,0.0,0.4705,optimal
2021-02-13 16:00:00,50,6,0.0,0.1548148148148148,0.0,0.9886,optimal
2021-02-13 16:30:00,50,6,0.0,0.0,0.0,2.492,optimal
2021-02-13 17:00:00,50,6,0.0,0.0,0.0,1.9153,optimal
2021-02-13 17:30:00,50,6,0.0,0.1548148148148148,0.0,0.1387,optimal
2021-02-13 18:00:00,50,6,0.0,0.6192592592592592,0.0,0.09763333333333334,optimal
2021-02-13 18:30:00,50,6,0.0,0.0,0.0,0.25660000000000005,optimal
2021-02-13 19:00:00,50,6,0.0,0.0,0.0,0.1118,optimal
2021-02-13 19:30:00,50,6,0.6458185646402418,0.0,0.0,0.071,optimal
2021-02-13 20:00:00,50,6,0.8229370045495559,0.0,0.0,0.2206,optimal
2021-02-13 20:30:00,50,6,0.0,0.0,0.0,0.071,optimal
2021-02-13 21:00:00,50,6,0.0,0.0,0.0,0.19340000000000002,optimal
2021-02-13 21:30:00,50,6,0.0,0.0,0.0,0.09820000000000001,optimal
2021-02-13 22:00:00,50,6,0.0,0.0,0.0,0.09353333333333332,optimal
2021-02-13 22:30:00,50,6,0.0,0.387037037037037,0.0,1.2367000000000001,optimal
2021-02-13 23:00:00,50,6,0.0,0.1548148148148148,0.0,0.399,optimal
2021-02-13 23:30:00,50,6,0.0,0.3096296296296296,0.0,0.15566666666666665,optimal
2021-02-07 00:00:00,51,6,0.0,0.0,0.0,0.061,optimal
2021-02-07 00:30:00,51,6,0.0,0.0,0.0,0.0848,optimal
2021-02-07 01:00:00,51,6,0.0,0.0,0.0,0.3086333333333333,optimal
2021-02-07 01:30:00,51,6,0.0,0.0,0.0,0.06609999999999999,optimal
2021-02-07 02:00:00,51,6,0.0,0.0,0.0,0.10859999999999999,optimal
2021-02-07 02:30:00,51,6,0.0,0.0,0.0,0.2899333333333333,optimal
2021-02-07 03:00:00,51,6,0.0,0.0,0.0,0.061,optimal
2021-02-07 03:30:00,51,6,0.0,0.0,0.0,0.1715,optimal
2021-02-07 04:00:00,51,6,1.1428571428571428,0.0,0.0,0.22703333333333334,optimal
2021-02-07 04:30:00,51,6,1.1428571428571428,0.0,0.0,0.061,optimal
2021-02-07 05:00:00,51,6,1.1428571428571428,0.0,0.0,0.163,optimal
2021-02-07 05:30:00,51,6,1.1428571428571428,0.1548148148148148,0.0,0.23486666666666667,optimal
2021-02-07 06:00:00,51,6,1.1428571428571428,6.115185185185185,0.0,0.1273,optimal
2021-02-07 06:30:00,51,6,1.1428571428571428,0.46444444444444444,1.4055777348378222,0.3445666666666667,optimal
2021-02-07 07:00:00,51,6,1.1428571428571428,0.3096296296296296,0.0,0.22066666666666662,optimal
2021-02-07 07:30:00,51,6,0.0,0.1548148148148148,0.0,0.1756,optimal
2021-02-07 08:00:00,51,6,0.0,0.1548148148148148,0.0,0.3207,optimal
2021-02-07 08:30:00,51,6,0.40772973961841363,0.0,0.0,0.0965,optimal
2021-02-07 09:00:00,51,6,0.6761729670086964,0.0,0.0,0.22173333333333328,optimal
2021-02-07 09:30:00,51,6,0.6942671043959701,0.0,0.0,0.1509,optimal
2021-02-07 10:00:00,51,6,0.6282586805551249,0.0,0.0,0.1169,optimal
2021-02-07 10:30:00,51,6,0.6412894533996175,0.0,0.0,0.0863,optimal
2021-02-07 11:00:00,51,6,0.5082936058489608,0.0,0.0,0.22116666666666662,optimal
2021-02-07 11:30:00,51,6,0.5194650344203957,0.0,0.0,0.18206666666666663,optimal
2021-02-07 12:00:00,51,6,0.45428560772531,0.0,0.0,0.173,optimal
2021-02-07 12:30:00,51,6,0.47209513153483285,0.0,0.0,0.11066666666666669,optimal
2021-02-07 13:00:00,51,6,0.8975577495380559,0.0,0.0,0.2586666666666667,optimal
2021-02-07 13:30:00,51,6,1.1428571428571428,0.3096296296296296,0.0,0.1085,optimal
2021-02-07 14:00:00,51,6,1.1428571428571428,0.0,0.0,0.8357,optimal
2021-02-07 14:30:00,51,6,1.1428571428571428,0.0,0.0,1.5037333333333331,optimal
2021-02-07 15:00:00,51,6,1.1428571428571428,0.0774074074074074,0.0,0.0945,optimal
2021-02-07 15:30:00,51,6,1.1428571428571428,0.1548148148148148,0.0,0.1455,optimal
2021-02-07 16:00:00,51,6,0.0,0.0,0.0,0.1686,optimal
2021-02-07 16:30:00,51,6,0.0,0.1548148148148148,0.0,0.2614666666666666,optimal
2021-02-07 17:00:00,51,6,0.0,0.1548148148148148,0.0,0.6081333333333333,optimal
2021-02-07 17:30:00,51,6,0.0,0.0,0.0,0.5519333333333333,optimal
2021-02-07 18:00:00,51,6,0.0,0.0,0.0,0.32276666666666665,optimal
2021-02-07 18:30:00,51,6,0.0,0.3096296296296296,0.0,0.5025,optimal
2021-02-07 19:00:00,51,6,0.0,0.3096296296296296,0.0,0.38563333333333333,optimal
2021-02-07 19:30:00,51,6,0.0,1.433585185185185,0.0,0.2422,optimal
2021-02-07 20:00:00,51,6,0.0,0.6564148148148148,0.0,0.9384333333333331,optimal
2021-02-07 20:30:00,51,6,0.0,0.1548148148148148,0.0,1.4044666666666668,optimal
2021-02-07 21:00:00,51,6,0.0,0.0,0.0,0.49839999999999995,optimal
2021-02-07 21:30:00,51,6,0.0,0.0,0.0,0.34013333333333334,optimal
2021-02-07 22:00:00,51,6,0.0,0.23222222222222222,0.0,0.18406666666666663,optimal
2021-02-07 22:30:00,51,6,0.0,0.0,0.0,0.3407333333333333,optimal
2021-02-07 23:00:00,51,6,0.0,0.0,0.0,0.26480000000000004,optimal
2021-02-07 23:30:00,51,6,0.0,0.0,0.0,0.12166666666666669,optimal
2021-02-08 00:00:00,51,6,0.0,0.0,0.0,0.152,optimal
2021-02-08 00:30:00,51,6,0.0,0.2740222222222222,0.0,0.10133333333333332,optimal
2021-02-08 01:00:00,51,6,0.0,0.34523703703703695,0.0,0.109,optimal
2021-02-08 01:30:00,51,6,0.0,0.0,0.0,0.15166666666666664,optimal
2021-02-08 02:00:00,51,6,0.46112262977773244,0.0,0.0,0.063,optimal
2021-02-08 02:30:00,51,6,1.1428571428571428,0.0,0.0,0.063,optimal
2021-02-08 03:00:00,51,6,1.1428571428571428,0.0,0.0,0.064,optimal
2021-02-08 03:30:00,51,6,1.1428571428571428,0.0,0.0,0.06966666666666667,optimal
2021-02-08 04:00:00,51,6,1.1428571428571428,0.0,0.0,0.15166666666666664,optimal
2021-02-08 04:30:00,51,6,1.1428571428571428,0.0,0.0,0.063,optimal
2021-02-08 05:00:00,51,6,1.1428571428571428,0.0,0.0,0.063,optimal
2021-02-08 05:30:00,51,6,1.1428571428571428,0.0,3.2936050869309357,0.15166666666666664,optimal
2021-02-08 06:00:00,51,6,1.1428571428571428,0.3096296296296296,5.0,0.07740000000000001,optimal
2021-02-08 06:30:00,51,6,1.1428571428571428,0.3096296296296296,5.0,0.664,optimal
2021-02-08 07:00:00,51,6,1.1428571428571428,0.5418518518518518,0.0,0.5802666666666666,optimal
2021-02-08 07:30:00,51,6,1.1428571428571428,0.3096296296296296,0.0,0.6890666666666667,optimal
2021-02-08 08:00:00,51,6,0.3544578174887124,0.0,0.0,1.5996666666666668,optimal
2021-02-08 08:30:00,51,6,0.5189171617617792,2.0899999999999994,0.0,0.2032,optimal
2021-02-08 09:00:00,51,6,0.4028099781030969,0.0,0.0,0.2896666666666667,optimal
2021-02-08 09:30:00,51,6,0.38847334264588435,0.23222222222222222,0.0,0.201,optimal
2021-02-08 10:00:00,51,6,0.29322749781841106,3.173703703703704,0.0,0.3184666666666666,optimal
2021-02-08 10:30:00,51,6,0.5435069904184767,0.0,0.0,0.13,optimal
2021-02-08 11:00:00,51,6,0.37710264582740993,0.0,0.0,0.10466666666666669,optimal
2021-02-08 11:30:00,51,6,0.3818623491733998,0.0,0.0,0.073,optimal
2021-02-08 12:00:00,51,6,0.1451079425094392,0.0,0.0,0.4238,optimal
2021-02-08 12:30:00,51,6,0.10352258729665133,0.23222222222222222,0.0,0.269,optimal
2021-02-08 13:00:00,51,6,0.04802196624162986,0.6192592592592592,0.0,0.30546666666666666,optimal
2021-02-08 13:30:00,51,6,0.14109985366550307,0.23222222222222222,0.0,0.215,optimal
2021-02-08 14:00:00,51,6,1.1428571428571428,0.3096296296296296,0.0,0.6563,optimal
2021-02-08 14:30:00,51,6,1.1428571428571428,0.0,0.0,2.4084666666666665,optimal
2021-02-08 15:00:00,51,6,1.1428571428571428,0.0,0.0,0.2248666666666667,optimal
2021-02-08 15:30:00,51,6,1.1428571428571428,0.3096296296296296,0.0,2.4997,optimal
2021-02-08 16:00:00,51,6,0.0,0.23222222222222222,0.0,3.1176,optimal
2021-02-08 16:30:00,51,6,0.0,0.0,0.0,0.9070666666666668,optimal
2021-02-08 17:00:00,51,6,0.0,0.5418518518518518,0.0,0.8132666666666667,optimal
2021-02-08 17:30:00,51,6,0.0,0.46444444444444444,0.0,0.706,optimal
2021-02-08 18:00:00,51,6,0.0,0.1548148148148148,0.0,0.2581333333333333,optimal
2021-02-08 18:30:00,51,6,0.0,0.6966666666666667,0.0,0.214,optimal
2021-02-08 19:00:00,51,6,0.0,0.23222222222222222,0.0,0.4529666666666666,optimal
2021-02-08 19:30:00,51,6,0.0,0.0,0.0,1.5184666666666666,optimal
2021-02-08 20:00:00,51,6,0.0,0.0,0.0,1.2025666666666666,optimal
2021-02-08 20:30:00,51,6,0.0,0.46444444444444444,0.0,0.4299333333333333,optimal
2021-02-08 21:00:00,51,6,0.0,0.46444444444444444,0.0,0.3668,optimal
2021-02-08 21:30:00,51,6,0.0,0.5418518518518518,0.0,0.3370666666666667,optimal
2021-02-08 22:00:00,51,6,0.0,2.5544444444444445,0.0,0.3719333333333333,optimal
2021-02-08 22:30:00,51,6,0.0,0.1548148148148148,0.0,0.40073333333333333,optimal
2021-02-08 23:00:00,51,6,0.0,0.1548148148148148,0.0,0.29686666666666667,optimal
2021-02-08 23:30:00,51,6,0.0,0.1548148148148148,0.0,0.2856666666666667,optimal
2021-02-09 00:00:00,51,6,0.0,4.721851851851852,0.0,0.21130000000000002,optimal
2021-02-09 00:30:00,51,6,0.0,0.0,0.0,0.2842333333333333,optimal
2021-02-09 01:00:00,51,6,0.0,0.0,0.0,0.3373333333333333,optimal
2021-02-09 01:30:00,51,6,0.1594464147772958,0.0774074074074074,0.0,0.47333333333333333,optimal
2021-02-09 02:00:00,51,6,1.1428571428571428,0.0,0.0,0.08273333333333334,optimal
2021-02-09 02:30:00,51,6,1.1428571428571428,0.0,0.0,0.07,optimal
2021-02-09 03:00:00,51,6,1.1428571428571428,0.0,0.0,0.21006666666666662,optimal
2021-02-09 03:30:00,51,6,1.1428571428571428,0.0,0.0,0.07,optimal
2021-02-09 04:00:00,51,6,1.1428571428571428,0.0,0.0,0.2037,optimal
2021-02-09 04:30:00,51,6,1.1428571428571428,0.0,0.0,0.07636666666666667,optimal
2021-02-09 05:00:00,51,6,1.1428571428571428,0.0,0.0,0.15913333333333332,optimal
2021-02-09 05:30:00,51,6,1.1428571428571428,0.0,0.0,0.12093333333333334,optimal
2021-02-09 06:00:00,51,6,1.1428571428571428,0.0,0.6467363838575879,0.07,optimal
2021-02-09 06:30:00,51,6,1.1428571428571428,0.0,5.0,0.17186666666666667,optimal
2021-02-09 07:00:00,51,6,1.1428571428571428,0.0,5.0,1.9285999999999999,optimal
2021-02-09 07:30:00,51,6,1.1428571428571428,3.833214814814815,0.0,0.7228,optimal
2021-02-09 08:00:00,51,6,0.41676334451771835,1.7401185185185184,0.0,1.8848666666666662,optimal
2021-02-09 08:30:00,51,6,0.7183581376319258,0.0,0.0,0.36219999999999997,optimal
2021-02-09 09:00:00,51,6,0.6016185988399892,2.4770370370370367,0.0,1.637,optimal
2021-02-09 09:30:00,51,6,0.4835948517350816,0.0,0.0,1.0096,optimal
2021-02-09 10:00:00,51,6,0.27003239919737676,0.5418518518518518,0.0,0.3953,optimal
2021-02-09 10:30:00,51,6,0.25556975280042843,0.0,0.0,0.5931000000000001,optimal
2021-02-09 11:00:00,51,6,0.0,0.3096296296296296,0.0,1.5769666666666666,optimal
2021-02-09 11:30:00,51,6,0.014216806334938313,0.0,0.0,0.2071,optimal
2021-02-09 12:00:00,51,6,0.0,0.0774074074074074,0.0,1.9679666666666666,optimal
2021-02-09 12:30:00,51,6,0.0,0.46444444444444444,0.0,0.686,optimal
2021-02-09 13:00:00,51,6,0.12180240725914926,0.0,0.0,0.07,optimal
2021-02-09 13:30:00,51,6,0.14868474344822605,0.0774074074074074,0.0,0.43089999999999995,optimal
2021-02-09 14:00:00,51,6,1.1428571428571428,0.3096296296296296,0.0,2.041166666666667,optimal
2021-02-09 14:30:00,51,6,1.1428571428571428,0.0,0.0,0.188,optimal
2021-02-09 15:00:00,51,6,1.1428571428571428,0.1548148148148148,0.0,0.33926666666666666,optimal
2021-02-09 15:30:00,51,6,1.1428571428571428,0.23222222222222222,0.0,0.2918,optimal
2021-02-09 16:00:00,51,6,0.0,0.1548148148148148,0.0,0.5588,optimal
2021-02-09 16:30:00,51,6,0.0,0.1548148148148148,0.0,1.7140666666666666,optimal
2021-02-09 17:00:00,51,6,0.0,0.0774074074074074,0.0,0.2336,optimal
2021-02-09 17:30:00,51,6,0.0,0.1548148148148148,0.0,0.2,optimal
2021-02-09 18:00:00,51,6,0.0,0.23222222222222222,0.0,0.3273333333333333,optimal
2021-02-09 18:30:00,51,6,0.0,0.0,0.0,0.2997333333333333,optimal
2021-02-09 19:00:00,51,6,0.0,0.0,0.0,0.08,optimal
2021-02-09 19:30:00,51,6,0.0,0.387037037037037,0.0,0.33213333333333334,optimal
2021-02-09 20:00:00,51,6,0.0,0.3096296296296296,0.0,2.2361,optimal
2021-02-09 20:30:00,51,6,0.0,0.387037037037037,0.0,0.37639999999999996,optimal
2021-02-09 21:00:00,51,6,0.0,0.46444444444444444,0.0,0.5870666666666667,optimal
2021-02-09 21:30:00,51,6,0.0,0.387037037037037,0.0,0.3353333333333333,optimal
2021-02-09 22:00:00,51,6,0.0,0.0,0.0,0.07,optimal
2021-02-09 22:30:00,51,6,0.0,0.0,0.0,0.07,optimal
2021-02-09 23:00:00,51,6,0.0,0.0,0.0,0.21006666666666662,optimal
2021-02-09 23:30:00,51,6,0.0,0.0,0.0,0.06866666666666667,optimal
2021-02-10 00:00:00,51,6,0.0,0.23222222222222222,0.0,0.1711,optimal
2021-02-10 00:30:00,51,6,0.0,0.0,0.0,0.218,optimal
2021-02-10 01:00:00,51,6,0.1834340950948464,0.0,0.0,0.188,optimal
2021-02-10 01:30:00,51,6,1.1428571428571428,0.0,0.0,0.069,optimal
2021-02-10 02:00:00,51,6,1.1428571428571428,0.0,0.0,0.056,optimal
2021-02-10 02:30:00,51,6,1.1428571428571428,0.0,0.0,0.147,optimal
2021-02-10 03:00:00,51,6,1.1428571428571428,0.0,0.0,0.056,optimal
2021-02-10 03:30:00,51,6,1.1428571428571428,0.0,0.0,0.0625,optimal
2021-02-10 04:00:00,51,6,1.1428571428571428,0.0,0.0,0.1405,optimal
2021-02-10 04:30:00,51,6,1.1428571428571428,0.0,0.0,0.056,optimal
2021-02-10 05:00:00,51,6,1.1428571428571428,0.0,0.0,0.056,optimal
2021-02-10 05:30:00,51,6,1.1428571428571428,0.0,3.4242670208028048,0.147,optimal
2021-02-10 06:00:00,51,6,1.1428571428571428,0.0,5.0,0.056,optimal
2021-02-10 06:30:00,51,6,1.1428571428571428,0.0,5.0,0.15566666666666665,optimal
2021-02-10 07:00:00,51,6,1.1428571428571428,0.0,5.0,0.5461333333333334,optimal
2021-02-10 07:30:00,51,6,1.1428571428571428,0.1548148148148148,0.0,0.19163333333333332,optimal
2021-02-10 08:00:00,51,6,0.7157501529560979,0.5418518518518518,0.0,0.16140000000000002,optimal
2021-02-10 08:30:00,51,6,0.7664600358385425,6.579629629629631,0.0,0.07806666666666666,optimal
2021-02-10 09:00:00,51,6,0.5971988415582565,0.1548148148148148,0.0,0.12463333333333335,optimal
2021-02-10 09:30:00,51,6,0.5712420577740297,0.0,0.0,0.18986666666666668,optimal
2021-02-10 10:00:00,51,6,0.4233794395733628,0.0,0.0,0.07806666666666666,optimal
2021-02-10 10:30:00,51,6,0.3472618517352012,0.0774074074074074,0.0,0.184,optimal
2021-02-10 11:00:00,51,6,0.18151444425243135,0.0774074074074074,0.0,0.15766666666666665,optimal
2021-02-10 11:30:00,51,6,0.10677700474126667,0.0,0.0,0.6029666666666667,optimal
2021-02-10 12:00:00,51,6,0.0,0.1548148148148148,0.0,1.4905,optimal
2021-02-10 12:30:00,51,6,0.0,0.0,0.0,0.3459333333333333,optimal
2021-02-10 13:00:00,51,6,1.1428571428571428,0.1548148148148148,0.0,0.4719,optimal
2021-02-10 13:30:00,51,6,1.1428571428571428,0.1548148148148148,0.0,0.3944,optimal
2021-02-10 14:00:00,51,6,1.1428571428571428,0.0,0.0,0.9983,optimal
2021-02-10 14:30:00,51,6,1.1428571428571428,0.0,0.0,0.9647,optimal
2021-02-10 15:00:00,51,6,1.1428571428571428,0.0,0.0,0.1439,optimal
2021-02-10 15:30:00,51,6,1.1428571428571428,0.0,0.0,0.38039999999999996,optimal
2021-02-10 16:00:00,51,6,0.0,0.46444444444444444,0.0,0.3562666666666667,optimal
2021-02-10 16:30:00,51,6,0.0,0.0,0.0,0.106,optimal
2021-02-10 17:00:00,51,6,0.0,0.0774074074074074,0.0,0.3708666666666667,optimal
2021-02-10 17:30:00,51,6,0.0,0.23222222222222222,0.0,0.35333333333333333,optimal
2021-02-10 18:00:00,51,6,0.0,0.1548148148148148,0.0,0.27763333333333334,optimal
2021-02-10 18:30:00,51,6,0.0,0.387037037037037,0.0,0.2949333333333333,optimal
2021-02-10 19:00:00,51,6,0.0,0.0,0.0,0.066,optimal
2021-02-10 19:30:00,51,6,0.0,0.0,0.0,0.066,optimal
2021-02-10 20:00:00,51,6,0.21185974932264845,0.0,0.0,0.066,optimal
2021-02-10 20:30:00,51,6,0.0,0.0,0.0,0.157,optimal
2021-02-10 21:00:00,51,6,0.0,2.5544444444444445,0.0,0.2276,optimal
2021-02-10 21:30:00,51,6,0.0,0.3096296296296296,0.0,0.3441666666666667,optimal
2021-02-10 22:00:00,51,6,0.0,0.0,0.0,0.346,optimal
2021-02-10 22:30:00,51,6,0.0,0.0774074074074074,0.0,0.41953333333333337,optimal
2021-02-10 23:00:00,51,6,0.0,0.1548148148148148,0.0,0.335,optimal
2021-02-10 23:30:00,51,6,0.0,2.1674074074074072,0.0,0.335,optimal
2021-02-11 00:00:00,51,6,0.5710360208466044,0.0,0.0,0.057,optimal
2021-02-11 00:30:00,51,6,1.1428571428571428,0.1548148148148148,0.0,0.0582,optimal
2021-02-11 01:00:00,51,6,1.1428571428571428,0.0,0.0,0.057,optimal
2021-02-11 01:30:00,51,6,1.1428571428571428,0.0,0.0,0.1422,optimal
2021-02-11 02:00:00,51,6,1.1428571428571428,0.0,0.0,0.0712,optimal
2021-02-11 02:30:00,51,6,1.1428571428571428,0.0,0.0,0.0712,optimal
2021-02-11 03:00:00,51,6,1.1428571428571428,0.0,0.0,0.1422,optimal
2021-02-11 03:30:00,51,6,1.1428571428571428,0.0,0.0,0.057,optimal
2021-02-11 04:00:00,51,6,1.1428571428571428,0.0,0.0,0.1564,optimal
2021-02-11 04:30:00,51,6,1.1428571428571428,0.0,0.0,0.057,optimal
2021-02-11 05:00:00,51,6,1.1428571428571428,0.0,4.001631779120188,0.057,optimal
2021-02-11 05:30:00,51,6,1.1428571428571428,0.0,5.0,0.1564,optimal
2021-02-11 06:00:00,51,6,1.1428571428571428,0.23222222222222222,5.0,0.1154,optimal
2021-02-11 06:30:00,51,6,1.1428571428571428,5.263703703703704,5.0,0.2024,optimal
2021-02-11 07:00:00,51,6,1.1428571428571428,2.941481481481482,0.0,1.6788666666666665,optimal
2021-02-11 07:30:00,51,6,1.1428571428571428,1.7029629629629628,0.0,0.3469,optimal
2021-02-11 08:00:00,51,6,0.7658502792873183,0.6192592592592592,0.0,0.15656666666666666,optimal
2021-02-11 08:30:00,51,6,0.7441412004588177,0.0,0.0,0.3201333333333333,optimal
2021-02-11 09:00:00,51,6,0.5986440218208323,0.3096296296296296,0.0,0.4958333333333333,optimal
2021-02-11 09:30:00,51,6,0.5843638889343181,0.6192592592592592,0.0,0.20853333333333332,optimal
2021-02-11 10:00:00,51,6,0.31989834697892167,3.3285185185185178,0.0,0.06620000000000001,optimal
2021-02-11 10:30:00,51,6,0.2811782221411182,0.0774074074074074,0.0,0.17846666666666666,optimal
2021-02-11 11:00:00,51,6,0.0,0.5418518518518518,0.0,1.1405,optimal
2021-02-11 11:30:00,51,6,0.0,0.46444444444444444,0.0,1.8274666666666668,optimal
2021-02-11 12:00:00,51,6,0.0,0.0,0.0,3.0061999999999998,optimal
2021-02-11 12:30:00,51,6,0.0,0.6966666666666667,0.0,1.6416,optimal
2021-02-11 13:00:00,51,6,0.369158306406748,0.5418518518518518,0.0,1.3379333333333334,optimal
2021-02-11 13:30:00,51,6,1.1428571428571428,0.0774074074074074,0.0,0.2132,optimal
2021-02-11 14:00:00,51,6,1.1428571428571428,0.5836518518518518,0.0,0.10033333333333332,optimal
2021-02-11 14:30:00,51,6,1.1428571428571428,0.035607407407407414,0.0,0.18613333333333332,optimal
2021-02-11 15:00:00,51,6,1.1428571428571428,0.0,0.0,0.4015,optimal
2021-02-11 15:30:00,51,6,1.1428571428571428,0.0774074074074074,0.0,0.5119,optimal
2021-02-11 16:00:00,51,6,0.0,0.1548148148148148,0.0,0.406,optimal
2021-02-11 16:30:00,51,6,0.0,0.0774074074074074,0.0,0.285,optimal
2021-02-11 17:00:00,51,6,0.0,0.0,0.0,0.08120000000000001,optimal
2021-02-11 17:30:00,51,6,0.0,0.0,0.0,0.1522,optimal
2021-02-11 18:00:00,51,6,0.0,0.0,0.0,0.3395666666666667,optimal
2021-02-11 18:30:00,51,6,0.0,0.0,0.0,0.14126666666666668,optimal
2021-02-11 19:00:00,51,6,0.0,0.0,0.0,0.3433,optimal
2021-02-11 19:30:00,51,6,0.0,0.387037037037037,0.0,0.4233,optimal
2021-02-11 20:00:00,51,6,0.7737900187569073,0.0774074074074074,0.0,0.2052,optimal
2021-02-11 20:30:00,51,6,0.0,0.0,0.0,0.21753333333333333,optimal
2021-02-11 21:00:00,51,6,0.0,0.0774074074074074,0.0,0.28086666666666665,optimal
2021-02-11 21:30:00,51,6,0.0,2.2448148148148146,0.0,0.3989,optimal
2021-02-11 22:00:00,51,6,0.0,2.0899999999999994,0.0,0.26943333333333336,optimal
2021-02-11 22:30:00,51,6,0.0,0.0,0.0,0.3438,optimal
2021-02-11 23:00:00,51,6,0.0,0.0,0.0,0.0883,optimal
2021-02-11 23:30:00,51,6,0.0,0.0,0.0,0.067,optimal
2021-02-12 00:00:00,51,6,1.1428571428571428,0.0,0.0,0.15756666666666666,optimal
2021-02-12 00:30:00,51,6,1.1428571428571428,0.46444444444444444,0.0,1.0209333333333332,optimal
2021-02-12 01:00:00,51,6,1.1428571428571428,0.0,0.0,0.061,optimal
2021-02-12 01:30:00,51,6,1.1428571428571428,0.0,0.0,0.20033333333333328,optimal
2021-02-12 02:00:00,51,6,1.1428571428571428,0.0,0.0,0.061,optimal
2021-02-12 02:30:00,51,6,1.1428571428571428,0.0,0.0,0.11166666666666669,optimal
2021-02-12 03:00:00,51,6,1.1428571428571428,0.0,0.0,0.14966666666666667,optimal
2021-02-12 03:30:00,51,6,1.1428571428571428,0.0,0.0,0.061,optimal
2021-02-12 04:00:00,51,6,1.1428571428571428,0.0,0.0,0.14966666666666667,optimal
2021-02-12 04:30:00,51,6,1.1428571428571428,0.0,0.0,0.11166666666666669,optimal
2021-02-12 05:00:00,51,6,1.1428571428571428,0.0,0.0,0.061,optimal
2021-02-12 05:30:00,51,6,1.1428571428571428,0.0,0.0,0.061,optimal
2021-02-12 06:00:00,51,6,1.1428571428571428,0.0,1.41676883778289,0.20033333333333328,optimal
2021-02-12 06:30:00,51,6,1.1428571428571428,0.0,5.0,0.061,optimal
2021-02-12 07:00:00,51,6,1.1428571428571428,0.0,5.0,0.061,optimal
2021-02-12 07:30:00,51,6,1.1428571428571428,7.37910506398349,0.0,0.07366666666666667,optimal
2021-02-12 08:00:00,51,6,0.9124652677069431,0.0,0.0,0.18766666666666662,optimal
2021-02-12 08:30:00,51,6,0.8000315753006942,0.6966666666666667,0.0,1.0389333333333335,optimal
2021-02-12 09:00:00,51,6,0.6355903656123173,2.7866666666666666,0.0,0.6558333333333334,optimal
2021-02-12 09:30:00,51,6,0.5858257439858586,2.4770370370370367,0.0,0.32680000000000003,optimal
2021-02-12 10:00:00,51,6,0.3358764529976785,0.1548148148148148,0.0,0.217,optimal
2021-02-12 10:30:00,51,6,0.17693431400066473,0.0,0.0,0.8126,optimal
2021-02-12 11:00:00,51,6,0.28571946124675773,0.0,0.0,0.08366666666666667,optimal
2021-02-12 11:30:00,51,6,0.28357550339593773,0.0,0.0,0.08366666666666667,optimal
2021-02-12 12:00:00,51,6,0.18689906290689537,0.0,0.0,0.19766666666666663,optimal
2021-02-12 12:30:00,51,6,0.22094558124655966,0.0,0.0,0.071,optimal
2021-02-12 13:00:00,51,6,0.3603657778436497,0.0,0.0,0.147,optimal
2021-02-12 13:30:00,51,6,1.1428571428571428,0.0,0.0,0.13433333333333333,optimal
2021-02-12 14:00:00,51,6,1.1428571428571428,0.0,0.0,0.071,optimal
2021-02-12 14:30:00,51,6,1.1428571428571428,0.0,0.0,0.19766666666666663,optimal
2021-02-12 15:00:00,51,6,1.1428571428571428,0.0,0.0,1.0035333333333332,optimal
2021-02-12 15:30:00,51,6,1.1428571428571428,0.5418518518518518,0.0,0.6653333333333333,optimal
2021-02-12 16:00:00,51,6,0.0,0.387037037037037,0.0,0.3323666666666667,optimal
2021-02-12 16:30:00,51,6,0.0,0.3096296296296296,0.0,0.253,optimal
2021-02-12 17:00:00,51,6,0.0,0.0,0.0,0.7136,optimal
2021-02-12 17:30:00,51,6,0.0,0.8514814814814814,0.0,1.1685666666666665,optimal
2021-02-12 18:00:00,51,6,0.0,0.46444444444444444,0.0,0.9661333333333332,optimal
2021-02-12 18:30:00,51,6,0.0,0.0,0.0,0.19756666666666664,optimal
2021-02-12 19:00:00,51,6,0.0,0.1548148148148148,0.0,0.07433333333333333,optimal
2021-02-12 19:30:00,51,6,0.0,0.0,0.0,0.4686666666666667,optimal
2021-02-12 20:00:00,51,6,0.0,0.1548148148148148,0.0,0.2892,optimal
2021-02-12 20:30:00,51,6,0.0,0.3096296296296296,0.0,0.38356666666666667,optimal
2021-02-12 21:00:00,51,6,0.0,0.0,0.0,0.5530333333333333,optimal
2021-02-12 21:30:00,51,6,0.0,0.0,0.0,0.5944333333333333,optimal
2021-02-12 22:00:00,51,6,0.0,0.0,0.0,0.39066666666666666,optimal
2021-02-12 22:30:00,51,6,0.0,0.46444444444444444,0.0,0.4399333333333333,optimal
2021-02-12 23:00:00,51,6,0.0,0.3096296296296296,0.0,0.3691666666666667,optimal
2021-02-12 23:30:00,51,6,0.0,0.0774074074074074,0.0,0.7583333333333334,optimal
2021-02-13 00:00:00,51,6,0.0,0.0,0.0,0.06,optimal
2021-02-13 00:30:00,51,6,0.0,0.0,0.0,0.09833333333333331,optimal
2021-02-13 01:00:00,51,6,0.0,0.0,0.0,0.1926,optimal
2021-02-13 01:30:00,51,6,1.1310756835223914,0.0,0.0,0.13040000000000002,optimal
2021-02-13 02:00:00,51,6,1.1428571428571428,0.0,0.0,0.2037333333333333,optimal
2021-02-13 02:30:00,51,6,1.1428571428571428,0.0,0.0,0.14959999999999998,optimal
2021-02-13 03:00:00,51,6,1.1428571428571428,0.0,0.0,0.11226666666666668,optimal
2021-02-13 03:30:00,51,6,1.1428571428571428,0.0,0.0,0.17706666666666665,optimal
2021-02-13 04:00:00,51,6,1.1428571428571428,0.0,0.0,0.124,optimal
2021-02-13 04:30:00,51,6,1.1428571428571428,0.0,0.0,0.11226666666666668,optimal
2021-02-13 05:00:00,51,6,1.1428571428571428,0.0,0.0,0.15146666666666667,optimal
2021-02-13 05:30:00,51,6,1.1428571428571428,0.0,0.0,0.06,optimal
2021-02-13 06:00:00,51,6,1.1428571428571428,0.0,0.0,0.2549333333333333,optimal
2021-02-13 06:30:00,51,6,1.1428571428571428,0.0,4.135310245084785,0.0984,optimal
2021-02-13 07:00:00,51,6,1.1428571428571428,0.0,5.0,0.1114,optimal
2021-02-13 07:30:00,51,6,1.1428571428571428,2.0899999999999994,0.0,0.2963,optimal
2021-02-13 08:00:00,51,6,0.6950578513565335,5.327177777777777,0.0,0.207,optimal
2021-02-13 08:30:00,51,6,0.6997710363628614,2.336155555555556,0.0,0.26539999999999997,optimal
2021-02-13 09:00:00,51,6,0.663429704536232,0.0,0.0,0.301,optimal
2021-02-13 09:30:00,51,6,0.6484146771869089,0.0774074074074074,0.0,0.2423333333333333,optimal
2021-02-13 10:00:00,51,6,0.33790923844316,0.0774074074074074,0.0,0.7129333333333333,optimal
2021-02-13 10:30:00,51,6,0.08399385202091814,0.0,0.0,1.8838333333333332,optimal
2021-02-13 11:00:00,51,6,0.1568265747899068,0.0774074074074074,0.0,0.3527333333333333,optimal
2021-02-13 11:30:00,51,6,0.1364635693200401,1.315925925925926,0.0,0.32380000000000003,optimal
2021-02-13 12:00:00,51,6,0.052637447841671285,0.5418518518518518,0.0,0.32976666666666665,optimal
2021-02-13 12:30:00,51,6,0.016063817854321722,0.3096296296296296,0.0,0.5699333333333333,optimal
2021-02-13 13:00:00,51,6,0.06506167193236276,0.3096296296296296,0.0,1.2425666666666666,optimal
2021-02-13 13:30:00,51,6,1.0062417887847532,0.0,0.0,0.2082,optimal
2021-02-13 14:00:00,51,6,1.1428571428571428,0.1548148148148148,0.0,0.26593333333333335,optimal
2021-02-13 14:30:00,51,6,1.1428571428571428,0.0774074074074074,0.0,0.34886666666666666,optimal
2021-02-13 15:00:00,51,6,1.1428571428571428,0.23222222222222222,0.0,0.2326,optimal
2021-02-13 15:30:00,51,6,1.1428571428571428,0.387037037037037,0.0,0.42033333333333334,optimal
2021-02-13 16:00:00,51,6,0.0,0.1548148148148148,0.0,0.219,optimal
2021-02-13 16:30:00,51,6,0.0,0.0774074074074074,0.0,0.47223333333333334,optimal
2021-02-13 17:00:00,51,6,0.0,1.7803703703703702,0.0,0.49369999999999997,optimal
2021-02-13 17:30:00,51,6,0.0,0.0,0.0,0.5867,optimal
2021-02-13 18:00:00,51,6,0.0,0.6966666666666667,0.0,0.8979333333333333,optimal
2021-02-13 18:30:00,51,6,0.0,0.1548148148148148,0.0,1.212233333333333,optimal
2021-02-13 19:00:00,51,6,0.0,0.23222222222222222,0.0,1.3364666666666667,optimal
2021-02-13 19:30:00,51,6,0.0,2.3222222222222215,0.0,0.41506666666666664,optimal
2021-02-13 20:00:00,51,6,0.0,0.23222222222222222,0.0,0.20713333333333334,optimal
2021-02-13 20:30:00,51,6,0.0,0.0,0.0,0.5477666666666666,optimal
2021-02-13 21:00:00,51,6,0.0,0.0,0.0,1.774733333333333,optimal
2021-02-13 21:30:00,51,6,0.0,0.0,0.0,0.632,optimal
2021-02-13 22:00:00,51,6,0.0,0.0,0.0,0.6315666666666667,optimal
2021-02-13 22:30:00,51,6,0.0,2.4770370370370367,0.0,0.7792,optimal
2021-02-13 23:00:00,51,6,0.0,0.23222222222222222,0.0,0.6042000000000001,optimal
2021-02-13 23:30:00,51,6,0.0,2.631851851851852,0.0,0.5608333333333334,optimal
2021-02-07 00:00:00,52,6,0.0,0.0,0.0,0.062,optimal
2021-02-07 00:30:00,52,6,0.0,0.0,0.0,0.062,optimal
2021-02-07 01:00:00,52,6,0.0,0.0,0.0,0.3042333333333333,optimal
2021-02-07 01:30:00,52,6,0.0,0.0,0.0,0.14703333333333332,optimal
2021-02-07 02:00:00,52,6,0.0,0.0,0.0,0.062,optimal
2021-02-07 02:30:00,52,6,0.0,0.0,0.0,0.3213666666666667,optimal
2021-02-07 03:00:00,52,6,0.0,0.0,0.0,0.12990000000000002,optimal
2021-02-07 03:30:00,52,6,0.0,0.0,0.0,0.16466666666666666,optimal
2021-02-07 04:00:00,52,6,1.1428571428571428,0.0,0.0,0.2522666666666667,optimal
2021-02-07 04:30:00,52,6,1.1428571428571428,0.0,0.0,0.15793333333333334,optimal
2021-02-07 05:00:00,52,6,1.1428571428571428,0.0,0.0,0.19316666666666663,optimal
2021-02-07 05:30:00,52,6,1.1428571428571428,0.0,0.0,0.24156666666666662,optimal
2021-02-07 06:00:00,52,6,1.1428571428571428,0.0,0.0,0.15696666666666667,optimal
2021-02-07 06:30:00,52,6,1.1428571428571428,0.0,1.4055777348378222,0.3065,optimal
2021-02-07 07:00:00,52,6,1.1428571428571428,4.280629629629629,0.0,0.18136666666666668,optimal
2021-02-07 07:30:00,52,6,0.0,7.175666666666667,0.0,1.4464333333333335,optimal
2021-02-07 08:00:00,52,6,0.0,0.5418518518518518,0.0,2.5016333333333334,optimal
2021-02-07 08:30:00,52,6,0.0,0.0,0.0,0.5696333333333333,optimal
2021-02-07 09:00:00,52,6,0.3861855964887101,0.0,0.0,0.27853333333333335,optimal
2021-02-07 09:30:00,52,6,0.5441004377293059,0.1548148148148148,0.0,0.7246333333333334,optimal
2021-02-07 10:00:00,52,6,0.276151061507507,2.2448148148148146,0.0,1.5743666666666665,optimal
2021-02-07 10:30:00,52,6,0.43570850101866476,0.46444444444444444,0.0,0.512,optimal
2021-02-07 11:00:00,52,6,0.31903646299181826,0.1548148148148148,0.0,0.5910666666666667,optimal
2021-02-07 11:30:00,52,6,0.29996979632515136,1.0837037037037036,0.0,0.6577999999999999,optimal
2021-02-07 12:00:00,52,6,0.20258084582055352,0.1548148148148148,0.0,1.5566666666666666,optimal
2021-02-07 12:30:00,52,6,0.2434189410586398,0.6192592592592592,0.0,0.6185333333333333,optimal
2021-02-07 13:00:00,52,6,0.21978951893495982,1.0837037037037036,0.0,1.5209666666666668,optimal
2021-02-07 13:30:00,52,6,0.44415741906334655,0.23222222222222222,0.0,0.4401333333333333,optimal
2021-02-07 14:00:00,52,6,1.1428571428571428,0.3096296296296296,0.0,1.2685333333333333,optimal
2021-02-07 14:30:00,52,6,1.1428571428571428,0.0,0.0,1.5115666666666665,optimal
2021-02-07 15:00:00,52,6,1.1428571428571428,0.0,0.0,0.8211333333333333,optimal
2021-02-07 15:30:00,52,6,1.1428571428571428,0.387037037037037,0.0,1.4830666666666665,optimal
2021-02-07 16:00:00,52,6,0.0,0.23222222222222222,0.0,0.40413333333333334,optimal
2021-02-07 16:30:00,52,6,0.0,0.0,0.0,0.29586666666666667,optimal
2021-02-07 17:00:00,52,6,0.0,0.5418518518518518,0.0,0.326,optimal
2021-02-07 17:30:00,52,6,0.0,0.3096296296296296,0.0,0.4303333333333333,optimal
2021-02-07 18:00:00,52,6,0.0,0.46444444444444444,0.0,0.2097333333333333,optimal
2021-02-07 18:30:00,52,6,0.0,0.6966666666666667,0.0,1.1185,optimal
2021-02-07 19:00:00,52,6,0.0,0.387037037037037,0.0,0.5357333333333334,optimal
2021-02-07 19:30:00,52,6,0.0,0.1548148148148148,0.0,0.2558,optimal
2021-02-07 20:00:00,52,6,0.0,0.0,0.0,1.2125,optimal
2021-02-07 20:30:00,52,6,0.0,0.0,0.0,0.072,optimal
2021-02-07 21:00:00,52,6,0.0,0.3096296296296296,0.0,0.9850666666666669,optimal
2021-02-07 21:30:00,52,6,0.0,0.0,0.0,0.8211333333333333,optimal
2021-02-07 22:00:00,52,6,0.0,0.0774074074074074,0.0,0.31989999999999996,optimal
2021-02-07 22:30:00,52,6,0.0,0.0774074074074074,0.0,0.44476666666666664,optimal
2021-02-07 23:00:00,52,6,0.0,0.0774074074074074,0.0,0.3372333333333333,optimal
2021-02-07 23:30:00,52,6,0.0,0.0,0.0,0.3899333333333333,optimal
2021-02-08 00:00:00,52,6,0.0,0.0,0.0,1.0109333333333332,optimal
2021-02-08 00:30:00,52,6,0.0,0.0,0.0,1.2614,optimal
2021-02-08 01:00:00,52,6,0.0,0.1548148148148148,0.0,1.9146333333333327,optimal
2021-02-08 01:30:00,52,6,0.0,0.0,0.0,0.6399666666666667,optimal
2021-02-08 02:00:00,52,6,0.0,0.387037037037037,0.0,0.16306666666666667,optimal
2021-02-08 02:30:00,52,6,0.7746955048516944,0.0,0.0,0.19886666666666666,optimal
2021-02-08 03:00:00,52,6,1.1428571428571428,0.3096296296296296,0.0,2.0760666666666667,optimal
2021-02-08 03:30:00,52,6,1.1428571428571428,0.0,0.0,0.22013333333333332,optimal
2021-02-08 04:00:00,52,6,1.1428571428571428,1.315925925925926,0.0,0.2119,optimal
2021-02-08 04:30:00,52,6,1.1428571428571428,0.0,0.0,1.6557,optimal
2021-02-08 05:00:00,52,6,1.1428571428571428,5.108888888888889,0.0,1.8001333333333334,optimal
2021-02-08 05:30:00,52,6,1.1428571428571428,0.23222222222222222,0.0,1.7009666666666667,optimal
2021-02-08 06:00:00,52,6,1.1428571428571428,0.46444444444444444,2.135466491812918,1.51,optimal
2021-02-08 06:30:00,52,6,1.1428571428571428,0.3096296296296296,5.0,0.101,optimal
2021-02-08 07:00:00,52,6,1.1428571428571428,2.3222222222222215,5.0,0.31903333333333334,optimal
2021-02-08 07:30:00,52,6,1.1428571428571428,0.3096296296296296,0.0,1.1613333333333333,optimal
2021-02-08 08:00:00,52,6,0.5390063889172787,2.941481481481482,0.0,1.8375,optimal
2021-02-08 08:30:00,52,6,0.7747647808093993,0.1548148148148148,0.0,0.077,optimal
2021-02-08 09:00:00,52,6,0.6026090257221419,0.0,0.0,0.4076,optimal
2021-02-08 09:30:00,52,6,0.3542981045506412,0.0,0.0,2.8324333333333334,optimal
2021-02-08 10:00:00,52,6,0.33587702162793664,0.23222222222222222,0.0,1.7741333333333333,optimal
2021-02-08 10:30:00,52,6,0.5136622285137153,0.0,0.0,0.7160666666666667,optimal
2021-02-08 11:00:00,52,6,0.3580645505893155,0.0,0.0,0.1713,optimal
2021-02-08 11:30:00,52,6,0.3824337777448268,0.0,0.0,0.071,optimal
2021-02-08 12:00:00,52,6,0.28659365679515036,0.0,0.0,0.19490000000000002,optimal
2021-02-08 12:30:00,52,6,0.3117321111061707,0.0,0.0,0.07690000000000001,optimal
2021-02-08 13:00:00,52,6,0.46849059748384725,0.0,0.0,0.071,optimal
2021-02-08 13:30:00,52,6,1.1428571428571428,0.0,0.0,0.2008,optimal
2021-02-08 14:00:00,52,6,1.1428571428571428,0.0,0.0,0.10506666666666667,optimal
2021-02-08 14:30:00,52,6,1.1428571428571428,0.0,0.0,0.8538,optimal
2021-02-08 15:00:00,52,6,1.1428571428571428,0.0,0.0,1.3818666666666666,optimal
2021-02-08 15:30:00,52,6,1.1428571428571428,0.5418518518518518,0.0,0.1618666666666667,optimal
2021-02-08 16:00:00,52,6,0.0,0.6966666666666667,0.0,3.893033333333333,optimal
2021-02-08 16:30:00,52,6,0.0,1.9351851851851851,0.0,4.844766666666667,optimal
2021-02-08 17:00:00,52,6,0.0,2.2448148148148146,0.0,3.7280666666666664,optimal
2021-02-08 17:30:00,52,6,0.0,0.0774074074074074,0.0,0.7228333333333333,optimal
2021-02-08 18:00:00,52,6,0.0,0.3096296296296296,0.0,2.3090333333333333,optimal
2021-02-08 18:30:00,52,6,0.0,0.1548148148148148,0.0,0.6009,optimal
2021-02-08 19:00:00,52,6,0.0,0.0,0.0,1.1610333333333334,optimal
2021-02-08 19:30:00,52,6,0.0,0.0,0.0,1.7648666666666666,optimal
2021-02-08 20:00:00,52,6,0.0,0.0,0.0,0.35256666666666664,optimal
2021-02-08 20:30:00,52,6,0.0,2.5544444444444445,0.0,1.3409333333333333,optimal
2021-02-08 21:00:00,52,6,0.0,0.387037037037037,0.0,1.8393,optimal
2021-02-08 21:30:00,52,6,0.0,0.0,0.0,0.3397,optimal
2021-02-08 22:00:00,52,6,0.0,0.0774074074074074,0.0,2.9784,optimal
2021-02-08 22:30:00,52,6,0.0,1.0837037037037036,0.0,0.7062999999999999,optimal
2021-02-08 23:00:00,52,6,0.0,0.3096296296296296,0.0,0.219,optimal
2021-02-08 23:30:00,52,6,0.0,0.3096296296296296,0.0,0.3446666666666667,optimal
2021-02-09 00:00:00,52,6,0.0,0.0,0.0,0.2003,optimal
2021-02-09 00:30:00,52,6,0.0,0.0,0.0,0.11370000000000001,optimal
2021-02-09 01:00:00,52,6,0.0,0.0,0.0,0.11013333333333333,optimal
2021-02-09 01:30:00,52,6,0.0,0.0,0.0,0.3433333333333333,optimal
2021-02-09 02:00:00,52,6,0.7430758317432727,0.0,0.0,0.07,optimal
2021-02-09 02:30:00,52,6,1.1428571428571428,0.0,0.0,0.42086666666666667,optimal
2021-02-09 03:00:00,52,6,1.1428571428571428,0.0,0.0,0.07,optimal
2021-02-09 03:30:00,52,6,1.1428571428571428,0.0,0.0,0.25006666666666666,optimal
2021-02-09 04:00:00,52,6,1.1428571428571428,0.0,0.0,0.2561333333333333,optimal
2021-02-09 04:30:00,52,6,1.1428571428571428,0.0,0.0,0.1316,optimal
2021-02-09 05:00:00,52,6,1.1428571428571428,0.0,0.0,0.24196666666666666,optimal
2021-02-09 05:30:00,52,6,1.1428571428571428,0.0,4.301398132458856,0.17196666666666666,optimal
2021-02-09 06:00:00,52,6,1.1428571428571428,0.0,5.0,0.2161,optimal
2021-02-09 06:30:00,52,6,1.1428571428571428,0.3096296296296296,5.0,0.3574333333333333,optimal
2021-02-09 07:00:00,52,6,1.1428571428571428,0.0774074074074074,5.0,0.2115,optimal
2021-02-09 07:30:00,52,6,1.1428571428571428,5.031481481481482,0.0,0.49706666666666666,optimal
2021-02-09 08:00:00,52,6,0.5998004873748568,0.0,0.0,1.0896,optimal
2021-02-09 08:30:00,52,6,0.605331470965267,0.23222222222222222,0.0,0.44526666666666664,optimal
2021-02-09 09:00:00,52,6,0.49085097979236314,0.0774074074074074,0.0,1.3943333333333332,optimal
2021-02-09 09:30:00,52,6,0.39239675649698713,0.0,0.0,1.6314333333333333,optimal
2021-02-09 10:00:00,52,6,0.12738478014975932,0.0,0.0,1.2077666666666669,optimal
2021-02-09 10:30:00,52,6,0.14315070518138076,0.0,0.0,1.132266666666667,optimal
2021-02-09 11:00:00,52,6,0.21429086051297802,0.1548148148148148,0.0,0.30460000000000004,optimal
2021-02-09 11:30:00,52,6,0.30888975980501976,0.0,0.0,0.068,optimal
2021-02-09 12:00:00,52,6,0.09324139145813365,0.387037037037037,0.0,0.41886666666666666,optimal
2021-02-09 12:30:00,52,6,0.1429282064518165,0.0,0.0,0.1978,optimal
2021-02-09 13:00:00,52,6,0.015002298386504785,0.3096296296296296,0.0,0.3978333333333333,optimal
2021-02-09 13:30:00,52,6,0.05171578004684543,0.23222222222222222,0.0,0.3561,optimal
2021-02-09 14:00:00,52,6,0.8938438364244952,0.0,0.0,0.48610000000000003,optimal
2021-02-09 14:30:00,52,6,1.1428571428571428,0.8514814814814814,0.0,0.4818,optimal
2021-02-09 15:00:00,52,6,1.1428571428571428,0.0774074074074074,0.0,0.32966666666666666,optimal
2021-02-09 15:30:00,52,6,1.1428571428571428,0.6192592592592592,0.0,1.534733333333333,optimal
2021-02-09 16:00:00,52,6,0.0,0.46444444444444444,0.0,0.3919333333333333,optimal
2021-02-09 16:30:00,52,6,0.0,0.6966666666666667,0.0,0.6019333333333333,optimal
2021-02-09 17:00:00,52,6,0.0,0.0774074074074074,0.0,1.4025,optimal
2021-02-09 17:30:00,52,6,0.0,1.0837037037037036,0.0,1.7569333333333335,optimal
2021-02-09 18:00:00,52,6,0.0,0.6966666666666667,0.0,0.6067333333333333,optimal
2021-02-09 18:30:00,52,6,0.0,0.0774074074074074,0.0,0.4031,optimal
2021-02-09 19:00:00,52,6,0.0,0.23222222222222222,0.0,0.5303,optimal
2021-02-09 19:30:00,52,6,0.0,0.0,0.0,0.3325,optimal
2021-02-09 20:00:00,52,6,0.0,0.1548148148148148,0.0,0.4038,optimal
2021-02-09 20:30:00,52,6,0.0,0.0,0.0,0.5990666666666667,optimal
2021-02-09 21:00:00,52,6,0.0,0.23222222222222222,0.0,0.3166666666666667,optimal
2021-02-09 21:30:00,52,6,0.0,0.0,0.0,0.3513,optimal
2021-02-09 22:00:00,52,6,0.0,0.0,0.0,0.19496666666666668,optimal
2021-02-09 22:30:00,52,6,0.0,0.0,0.0,0.4261333333333333,optimal
2021-02-09 23:00:00,52,6,0.0,0.0,0.0,0.4924,optimal
2021-02-09 23:30:00,52,6,0.0,0.387037037037037,0.0,0.32846666666666663,optimal
2021-02-10 00:00:00,52,6,0.0,0.0,0.0,0.064,optimal
2021-02-10 00:30:00,52,6,0.0,0.0,0.0,0.064,optimal
2021-02-10 01:00:00,52,6,0.0,0.0,0.0,0.15546666666666667,optimal
2021-02-10 01:30:00,52,6,1.0839065460087123,0.0,0.0,0.064,optimal
2021-02-10 02:00:00,52,6,1.1428571428571428,0.0,0.0,0.064,optimal
2021-02-10 02:30:00,52,6,1.1428571428571428,0.0,0.0,0.15546666666666667,optimal
2021-02-10 03:00:00,52,6,1.1428571428571428,0.0,0.0,0.064,optimal
2021-02-10 03:30:00,52,6,1.1428571428571428,0.0,0.0,0.10973333333333332,optimal
2021-02-10 04:00:00,52,6,1.1428571428571428,0.0,0.0,0.10973333333333332,optimal
2021-02-10 04:30:00,52,6,1.1428571428571428,0.0,0.0,0.064,optimal
2021-02-10 05:00:00,52,6,1.1428571428571428,0.0,0.0,0.15546666666666667,optimal
2021-02-10 05:30:00,52,6,1.1428571428571428,0.0,0.0,0.064,optimal
2021-02-10 06:00:00,52,6,1.1428571428571428,0.0,2.8565177681128704,0.07053333333333334,optimal
2021-02-10 06:30:00,52,6,1.1428571428571428,0.23222222222222222,5.0,0.1525,optimal
2021-02-10 07:00:00,52,6,1.1428571428571428,0.5418518518518518,5.0,0.07883333333333332,optimal
2021-02-10 07:30:00,52,6,1.1428571428571428,9.160392592592594,0.0,0.19403333333333334,optimal
2021-02-10 08:00:00,52,6,0.8495501529561048,0.0,0.0,0.11320000000000001,optimal
2021-02-10 08:30:00,52,6,0.8521743215528321,0.0,0.0,0.074,optimal
2021-02-10 09:00:00,52,6,0.7051607463201662,0.0,0.0,0.16546666666666668,optimal
2021-02-10 09:30:00,52,6,0.7227182482502288,0.0,0.0,0.074,optimal
2021-02-10 10:00:00,52,6,0.5302651538590838,0.0,0.0,0.08053333333333333,optimal
2021-02-10 10:30:00,52,6,0.5014332803066323,0.0,0.0,0.15893333333333334,optimal
2021-02-10 11:00:00,52,6,0.39340968234766566,0.0,0.0,0.074,optimal
2021-02-10 11:30:00,52,6,0.3629884333126946,0.0,0.0,0.16546666666666668,optimal
2021-02-10 12:00:00,52,6,0.22218608401906367,0.0,0.0,0.074,optimal
2021-02-10 12:30:00,52,6,0.2203194173523997,0.0,0.0,0.08053333333333333,optimal
2021-02-10 13:00:00,52,6,0.169170235649472,0.4381259259259265,0.0,0.2074333333333333,optimal
2021-02-10 13:30:00,52,6,0.188003928055731,0.0,0.0,0.1115,optimal
2021-02-10 14:00:00,52,6,0.4148974888228428,0.1548148148148148,0.0,0.15743333333333334,optimal
2021-02-10 14:30:00,52,6,1.1428571428571428,0.0,0.0,0.26726666666666665,optimal
2021-02-10 15:00:00,52,6,1.1428571428571428,0.23222222222222222,0.0,0.2429,optimal
2021-02-10 15:30:00,52,6,1.1428571428571428,0.0774074074074074,0.0,0.28296666666666664,optimal
2021-02-10 16:00:00,52,6,0.0,0.0,0.0,0.3198333333333333,optimal
2021-02-10 16:30:00,52,6,0.0,0.0,0.0,0.3631666666666667,optimal
2021-02-10 17:00:00,52,6,0.0,0.3096296296296296,0.0,1.4187333333333332,optimal
2021-02-10 17:30:00,52,6,0.0,0.5418518518518518,0.0,0.19,optimal
2021-02-10 18:00:00,52,6,0.0,6.488288888888888,0.0,1.2525333333333333,optimal
2021-02-10 18:30:00,52,6,0.0,1.0202296296296292,0.0,1.661733333333333,optimal
2021-02-10 19:00:00,52,6,0.0,0.46444444444444444,0.0,1.5202666666666669,optimal
2021-02-10 19:30:00,52,6,0.0,0.0,0.0,0.7009,optimal
2021-02-10 20:00:00,52,6,0.0,0.5418518518518518,0.0,2.0421,optimal
2021-02-10 20:30:00,52,6,0.0,0.5418518518518518,0.0,0.2397333333333333,optimal
2021-02-10 21:00:00,52,6,0.0,0.1548148148148148,0.0,0.3107333333333333,optimal
2021-02-10 21:30:00,52,6,0.0,0.0,0.0,0.1918,optimal
2021-02-10 22:00:00,52,6,0.0,0.0,0.0,0.35660000000000003,optimal
2021-02-10 22:30:00,52,6,0.0,0.0,0.0,0.32746666666666663,optimal
2021-02-10 23:00:00,52,6,0.0,0.3096296296296296,0.0,0.16733333333333333,optimal
2021-02-10 23:30:00,52,6,0.0,0.0,0.0,0.074,optimal
2021-02-11 00:00:00,52,6,0.6479012652706124,0.1548148148148148,0.0,0.10809999999999999,optimal
2021-02-11 00:30:00,52,6,1.1428571428571428,0.0,0.0,0.6985666666666667,optimal
2021-02-11 01:00:00,52,6,1.1428571428571428,0.0,0.0,0.2238,optimal
2021-02-11 01:30:00,52,6,1.1428571428571428,0.0,0.0,0.12836666666666668,optimal
2021-02-11 02:00:00,52,6,1.1428571428571428,0.0,0.0,0.1385,optimal
2021-02-11 02:30:00,52,6,1.1428571428571428,0.0,0.0,0.25939999999999996,optimal
2021-02-11 03:00:00,52,6,1.1428571428571428,0.0,0.0,0.09276666666666668,optimal
2021-02-11 03:30:00,52,6,1.1428571428571428,0.0,0.0,0.1549,optimal
2021-02-11 04:00:00,52,6,1.1428571428571428,0.0,0.0,0.13026666666666667,optimal
2021-02-11 04:30:00,52,6,1.1428571428571428,0.0,0.0,0.283,optimal
2021-02-11 05:00:00,52,6,1.1428571428571428,0.0,0.0,0.1184,optimal
2021-02-11 05:30:00,52,6,1.1428571428571428,0.0,1.8870006009749463,0.15453333333333333,optimal
2021-02-11 06:00:00,52,6,1.1428571428571428,0.0,5.0,0.29153333333333337,optimal
2021-02-11 06:30:00,52,6,1.1428571428571428,0.0,5.0,0.09659999999999999,optimal
2021-02-11 07:00:00,52,6,1.1428571428571428,6.657037037037035,5.0,1.5765666666666667,optimal
2021-02-11 07:30:00,52,6,1.1428571428571428,0.2740222222222222,0.0,0.19016666666666662,optimal
2021-02-11 08:00:00,52,6,0.7848578983349431,0.34523703703703695,0.0,0.2658333333333333,optimal
2021-02-11 08:30:00,52,6,0.7287526290302542,0.5418518518518518,0.0,2.049833333333333,optimal
2021-02-11 09:00:00,52,6,0.5451335456303522,0.0774074074074074,0.0,2.3124000000000002,optimal
2021-02-11 09:30:00,52,6,0.5578800794105052,0.0,0.0,1.0939333333333334,optimal
2021-02-11 10:00:00,52,6,0.05064977555034342,0.3096296296296296,0.0,3.047733333333333,optimal
2021-02-11 10:30:00,52,6,0.2621706030934934,5.960370370370371,0.0,2.8530333333333333,optimal
2021-02-11 11:00:00,52,6,0.19943862441635504,0.0,0.0,2.7039333333333335,optimal
2021-02-11 11:30:00,52,6,0.2519716376064667,0.23222222222222222,0.0,0.6541,optimal
2021-02-11 12:00:00,52,6,0.0,0.23222222222222222,0.0,2.5924333333333336,optimal
2021-02-11 12:30:00,52,6,0.0,0.0,0.0,2.9913000000000003,optimal
2021-02-11 13:00:00,52,6,0.6354018146476177,0.0,0.0,2.174533333333333,optimal
2021-02-11 13:30:00,52,6,1.1428571428571428,0.0,0.0,2.1201333333333334,optimal
2021-02-11 14:00:00,52,6,1.1428571428571428,0.1548148148148148,0.0,1.9622,optimal
2021-02-11 14:30:00,52,6,1.1428571428571428,0.774074074074074,0.0,0.28896666666666665,optimal
2021-02-11 15:00:00,52,6,1.1428571428571428,0.23222222222222222,0.0,0.3316,optimal
2021-02-11 15:30:00,52,6,1.1428571428571428,0.0,0.0,0.966,optimal
2021-02-11 16:00:00,52,6,0.0,0.387037037037037,0.0,1.060733333333333,optimal
2021-02-11 16:30:00,52,6,0.0,0.1548148148148148,0.0,0.7853,optimal
2021-02-11 17:00:00,52,6,0.0,0.774074074074074,0.0,0.3295,optimal
2021-02-11 17:30:00,52,6,0.0,0.23222222222222222,0.0,1.4110666666666667,optimal
2021-02-11 18:00:00,52,6,0.0,0.0,0.0,0.9700333333333332,optimal
2021-02-11 18:30:00,52,6,0.0,0.6966666666666667,0.0,2.074533333333333,optimal
2021-02-11 19:00:00,52,6,0.0,0.0,0.0,2.2723666666666666,optimal
2021-02-11 19:30:00,52,6,0.0,0.0,0.0,0.4269666666666666,optimal
2021-02-11 20:00:00,52,6,0.0,0.0,0.0,0.3376,optimal
2021-02-11 20:30:00,52,6,0.0,0.0,0.0,0.1725,optimal
2021-02-11 21:00:00,52,6,0.0,0.0,0.0,1.3249333333333333,optimal
2021-02-11 21:30:00,52,6,0.0,0.0,0.0,2.685833333333333,optimal
2021-02-11 22:00:00,52,6,0.0,0.0,0.0,1.6865,optimal
2021-02-11 22:30:00,52,6,0.0,0.0,0.0,0.3407,optimal
2021-02-11 23:00:00,52,6,0.0,0.0,0.0,0.07616666666666667,optimal
2021-02-11 23:30:00,52,6,0.0,0.1548148148148148,0.0,0.9246666666666666,optimal
2021-02-12 00:00:00,52,6,1.1428571428571428,0.0,0.0,0.054,optimal
2021-02-12 00:30:00,52,6,1.1428571428571428,0.0,0.0,0.08666666666666667,optimal
2021-02-12 01:00:00,52,6,1.1428571428571428,0.0,0.0,0.16673333333333332,optimal
2021-02-12 01:30:00,52,6,1.1428571428571428,0.0,0.0,0.06233333333333334,optimal
2021-02-12 02:00:00,52,6,1.1428571428571428,0.0,0.0,0.1977333333333333,optimal
2021-02-12 02:30:00,52,6,1.1428571428571428,0.0,0.0,0.054,optimal
2021-02-12 03:00:00,52,6,1.1428571428571428,0.0,0.0,0.1128,optimal
2021-02-12 03:30:00,52,6,1.1428571428571428,0.0,0.0,0.13893333333333333,optimal
2021-02-12 04:00:00,52,6,1.1428571428571428,0.0,0.0,0.054,optimal
2021-02-12 04:30:00,52,6,1.1428571428571428,0.0,0.0,0.054,optimal
2021-02-12 05:00:00,52,6,1.1428571428571428,0.0,0.0,0.19119999999999998,optimal
2021-02-12 05:30:00,52,6,1.1428571428571428,0.0,0.0,0.060533333333333335,optimal
2021-02-12 06:00:00,52,6,1.1428571428571428,0.0,0.0,0.055666666666666656,optimal
2021-02-12 06:30:00,52,6,1.1428571428571428,0.0,4.365817073890032,0.2077333333333333,optimal
2021-02-12 07:00:00,52,6,1.1428571428571428,0.0,5.0,0.064,optimal
2021-02-12 07:30:00,52,6,1.1428571428571428,9.324491318965453,0.0,0.064,optimal
2021-02-12 08:00:00,52,6,0.8507414581831388,0.1548148148148148,0.0,0.185,optimal
2021-02-12 08:30:00,52,6,0.8362315753006871,0.1548148148148148,0.0,0.14266666666666666,optimal
2021-02-12 09:00:00,52,6,0.6768170322789782,0.0774074074074074,0.0,0.16586666666666666,optimal
2021-02-12 09:30:00,52,6,0.3833400297001416,3.7155555555555555,0.0,3.0808,optimal
2021-02-12 10:00:00,52,6,0.15240026252149505,0.1548148148148148,0.0,3.2976666666666663,optimal
2021-02-12 10:30:00,52,6,0.21967717114351945,0.1548148148148148,0.0,1.9179000000000002,optimal
2021-02-12 11:00:00,52,6,0.09050993743723275,0.46444444444444444,0.0,0.515,optimal
2021-02-12 11:30:00,52,6,0.09576597958641507,0.5418518518518518,0.0,0.15669999999999998,optimal
2021-02-12 12:00:00,52,6,0.007422872430712917,0.0,0.0,0.40853333333333336,optimal
2021-02-12 12:30:00,52,6,0.09190748600846806,0.0,0.0,0.166,optimal
2021-02-12 13:00:00,52,6,0.08239007415960552,0.23222222222222222,0.0,1.4155,optimal
2021-02-12 13:30:00,52,6,1.1428571428571428,0.0,0.0,0.26280000000000003,optimal
2021-02-12 14:00:00,52,6,1.1428571428571428,0.23222222222222222,0.0,0.09566666666666669,optimal
2021-02-12 14:30:00,52,6,1.1428571428571428,0.0,0.0,0.18780000000000002,optimal
2021-02-12 15:00:00,52,6,1.1428571428571428,0.1548148148148148,0.0,0.166,optimal
2021-02-12 15:30:00,52,6,1.1428571428571428,0.387037037037037,0.0,0.29943333333333333,optimal
2021-02-12 16:00:00,52,6,0.0,0.387037037037037,0.0,0.063,optimal
2021-02-12 16:30:00,52,6,0.0,0.3096296296296296,0.0,0.4,optimal
2021-02-12 17:00:00,52,6,0.0,0.0,0.0,0.06953333333333334,optimal
2021-02-12 17:30:00,52,6,0.0,0.0,0.0,1.6220333333333332,optimal
2021-02-12 18:00:00,52,6,0.0,0.0774074074074074,0.0,2.770266666666667,optimal
2021-02-12 18:30:00,52,6,0.0,0.0,0.0,0.09566666666666669,optimal
2021-02-12 19:00:00,52,6,0.0,0.46444444444444444,0.0,0.34426666666666667,optimal
2021-02-12 19:30:00,52,6,0.0,0.0,0.0,0.19933333333333328,optimal
2021-02-12 20:00:00,52,6,0.0,0.0,0.0,0.3796666666666667,optimal
2021-02-12 20:30:00,52,6,0.0,0.1548148148148148,0.0,0.2737333333333333,optimal
2021-02-12 21:00:00,52,6,0.0,0.1548148148148148,0.0,0.0639,optimal
2021-02-12 21:30:00,52,6,0.0,0.0,0.0,0.114,optimal
2021-02-12 22:00:00,52,6,0.0,0.23222222222222222,0.0,0.2366,optimal
2021-02-12 22:30:00,52,6,0.0,0.0,0.0,0.09343333333333334,optimal
2021-02-12 23:00:00,52,6,0.0,0.0,0.0,0.2077333333333333,optimal
2021-02-12 23:30:00,52,6,0.0,0.0,0.0,0.064,optimal
2021-02-13 00:00:00,52,6,0.0,0.0,0.0,0.057,optimal
2021-02-13 00:30:00,52,6,0.0,0.0,0.0,0.0775,optimal
2021-02-13 01:00:00,52,6,0.6521763812911185,0.0,0.0,0.0915,optimal
2021-02-13 01:30:00,52,6,1.1428571428571428,0.0,0.0,0.06,optimal
2021-02-13 02:00:00,52,6,1.1428571428571428,0.0,0.0,0.109,optimal
2021-02-13 02:30:00,52,6,1.1428571428571428,0.0,0.0,0.053,optimal
2021-02-13 03:00:00,52,6,1.1428571428571428,0.0,0.0,0.116,optimal
2021-02-13 03:30:00,52,6,1.1428571428571428,0.0,0.0,0.0635,optimal
2021-02-13 04:00:00,52,6,1.1428571428571428,0.0,0.0,0.1055,optimal
2021-02-13 04:30:00,52,6,1.1428571428571428,0.0,0.0,0.06,optimal
2021-02-13 05:00:00,52,6,1.1428571428571428,0.0,0.0,0.109,optimal
2021-02-13 05:30:00,52,6,1.1428571428571428,0.0,0.0,0.067,optimal
2021-02-13 06:00:00,52,6,1.1428571428571428,0.0,2.294516247015425,0.102,optimal
2021-02-13 06:30:00,52,6,1.1428571428571428,0.0,5.0,0.053,optimal
2021-02-13 07:00:00,52,6,1.1428571428571428,0.23222222222222222,5.0,0.185,optimal
2021-02-13 07:30:00,52,6,1.1428571428571428,9.309014814814816,0.0,1.4428333333333332,optimal
2021-02-13 08:00:00,52,6,0.6709911846898625,0.44431851851851845,0.0,0.7571333333333333,optimal
2021-02-13 08:30:00,52,6,0.7498948458866662,0.0,0.0,0.1482,optimal
2021-02-13 09:00:00,52,6,0.5818220854886103,0.0,0.0,1.3163,optimal
2021-02-13 09:30:00,52,6,0.6457861057583304,0.0,0.0,0.2069333333333333,optimal
2021-02-13 10:00:00,52,6,0.48992828606221367,0.0,0.0,0.13676666666666668,optimal
2021-02-13 10:30:00,52,6,0.49224147106854316,0.23222222222222222,0.0,0.1345,optimal
2021-02-13 11:00:00,52,6,0.25917895574229255,2.0899999999999994,0.0,0.1618,optimal
2021-02-13 11:30:00,52,6,0.2615969026533802,0.0,0.0,0.14583333333333334,optimal
2021-02-13 12:00:00,52,6,0.2039993526035803,0.3096296296296296,0.0,0.12306666666666666,optimal
2021-02-13 12:30:00,52,6,0.14909238928289398,0.0,0.0,0.19290000000000002,optimal
2021-02-13 13:00:00,52,6,1.1428571428571428,0.23222222222222222,0.0,0.19263333333333332,optimal
2021-02-13 13:30:00,52,6,1.1428571428571428,0.1548148148148148,0.0,0.29,optimal
2021-02-13 14:00:00,52,6,1.1428571428571428,0.23222222222222222,0.0,0.3146333333333333,optimal
2021-02-13 14:30:00,52,6,1.1428571428571428,0.0,0.0,0.15416666666666665,optimal
2021-02-13 15:00:00,52,6,1.1428571428571428,0.0,0.0,0.0805,optimal
2021-02-13 15:30:00,52,6,1.1428571428571428,0.0,0.0,0.14766666666666667,optimal
2021-02-13 16:00:00,52,6,0.0,0.1548148148148148,0.0,0.3947,optimal
2021-02-13 16:30:00,52,6,0.0,0.1548148148148148,0.0,0.3696666666666667,optimal
2021-02-13 17:00:00,52,6,0.0,0.8514814814814814,0.0,0.4547,optimal
2021-02-13 17:30:00,52,6,0.0,0.23222222222222222,0.0,0.36519999999999997,optimal
2021-02-13 18:00:00,52,6,0.0,0.0774074074074074,0.0,0.522,optimal
2021-02-13 18:30:00,52,6,0.0,0.23222222222222222,0.0,0.3152333333333333,optimal
2021-02-13 19:00:00,52,6,0.0,0.0,0.0,0.2665,optimal
2021-02-13 19:30:00,52,6,0.0,0.774074074074074,0.0,0.17813333333333334,optimal
2021-02-13 20:00:00,52,6,0.477383115731136,0.0,0.0,0.16663333333333333,optimal
2021-02-13 20:30:00,52,6,0.0,0.5418518518518518,0.0,0.19446666666666668,optimal
2021-02-13 21:00:00,52,6,0.0,0.0,0.0,0.2677,optimal
2021-02-13 21:30:00,52,6,0.0,0.0,0.0,0.2596,optimal
2021-02-13 22:00:00,52,6,0.0,0.3096296296296296,0.0,0.10716666666666669,optimal
2021-02-13 22:30:00,52,6,0.0,2.39962962962963,0.0,0.29733333333333334,optimal
2021-02-13 23:00:00,52,6,0.0,0.23222222222222222,0.0,0.22590000000000002,optimal
2021-02-13 23:30:00,52,6,0.0,0.0774074074074074,0.0,0.37960000000000005,optimal
2021-02-07 00:00:00,53,6,0.0,0.0,0.0,0.06,optimal
2021-02-07 00:30:00,53,6,0.0,0.0,0.0,0.1176,optimal
2021-02-07 01:00:00,53,6,0.0,0.0,0.0,0.06,optimal
2021-02-07 01:30:00,53,6,0.0,0.0,0.0,0.06,optimal
2021-02-07 02:00:00,53,6,0.0,0.0,0.0,0.1176,optimal
2021-02-07 02:30:00,53,6,0.0,0.0,0.0,0.06,optimal
2021-02-07 03:00:00,53,6,0.0,0.0,0.0,0.1176,optimal
2021-02-07 03:30:00,53,6,0.0,0.0,0.0,0.06,optimal
2021-02-07 04:00:00,53,6,1.1428571428571428,0.0,0.0,0.06,optimal
2021-02-07 04:30:00,53,6,1.1428571428571428,0.0,0.0,0.1176,optimal
2021-02-07 05:00:00,53,6,1.1428571428571428,0.0,0.0,0.06,optimal
2021-02-07 05:30:00,53,6,1.1428571428571428,0.0,0.0,0.0695,optimal
2021-02-07 06:00:00,53,6,1.1428571428571428,0.23222222222222222,0.0,0.2939333333333333,optimal
2021-02-07 06:30:00,53,6,1.1428571428571428,0.1548148148148148,0.0,0.2575,optimal
2021-02-07 07:00:00,53,6,1.1428571428571428,3.096296296296296,1.5052247886819266,0.28846666666666665,optimal
2021-02-07 07:30:00,53,6,0.0,0.387037037037037,0.0,0.2561666666666667,optimal
2021-02-07 08:00:00,53,6,0.0,0.1548148148148148,0.0,0.213,optimal
2021-02-07 08:30:00,53,6,0.17105932449901548,0.6192592592592592,0.0,0.2706,optimal
2021-02-07 09:00:00,53,6,0.567277728913449,0.3096296296296296,0.0,0.226,optimal
2021-02-07 09:30:00,53,6,0.5630766282054893,0.0,0.0,0.24719999999999998,optimal
2021-02-07 10:00:00,53,6,0.5048205853170253,0.0,0.0,0.2534,optimal
2021-02-07 10:30:00,53,6,0.49590850101866346,0.0,0.0,0.26043333333333335,optimal
2021-02-07 11:00:00,53,6,0.4291888439441983,0.0,0.0,0.2777,optimal
2021-02-07 11:30:00,53,6,0.44984598680134774,0.23222222222222222,0.0,0.22419999999999998,optimal
2021-02-07 12:00:00,53,6,0.34375227439197864,0.0,0.0,0.35,optimal
2021-02-07 12:30:00,53,6,0.22428560772530748,0.23222222222222222,0.0,0.6784,optimal
2021-02-07 13:00:00,53,6,0.36664666179210614,0.6192592592592592,0.0,0.397,optimal
2021-02-07 13:30:00,53,6,0.714255000804953,0.0774074074074074,0.0,0.5348333333333334,optimal
2021-02-07 14:00:00,53,6,1.1428571428571428,0.23222222222222222,0.0,0.48460000000000003,optimal
2021-02-07 14:30:00,53,6,1.1428571428571428,1.7803703703703702,0.0,0.43960000000000005,optimal
2021-02-07 15:00:00,53,6,1.1428571428571428,0.23222222222222222,0.0,0.3903333333333333,optimal
2021-02-07 15:30:00,53,6,1.1428571428571428,2.3222222222222215,0.0,0.7964,optimal
2021-02-07 16:00:00,53,6,0.0,0.46444444444444444,0.0,0.662,optimal
2021-02-07 16:30:00,53,6,0.0,0.1548148148148148,0.0,0.35133333333333333,optimal
2021-02-07 17:00:00,53,6,0.0,0.3096296296296296,0.0,0.10479999999999999,optimal
2021-02-07 17:30:00,53,6,0.0,0.23222222222222222,0.0,0.11653333333333332,optimal
2021-02-07 18:00:00,53,6,0.0,3.833214814814815,0.0,0.2392,optimal
2021-02-07 18:30:00,53,6,0.0,0.888637037037037,0.0,0.231,optimal
2021-02-07 19:00:00,53,6,0.0,0.23222222222222222,0.0,0.41193333333333326,optimal
2021-02-07 19:30:00,53,6,0.0,0.1548148148148148,0.0,0.38739999999999997,optimal
2021-02-07 20:00:00,53,6,0.0,0.23222222222222222,0.0,0.31793333333333335,optimal
2021-02-07 20:30:00,53,6,0.0,0.1548148148148148,0.0,0.22533333333333327,optimal
2021-02-07 21:00:00,53,6,0.0,0.0,0.0,0.2710666666666667,optimal
2021-02-07 21:30:00,53,6,0.0,0.0,0.0,1.6922000000000001,optimal
2021-02-07 22:00:00,53,6,0.0,0.23222222222222222,0.0,0.1736,optimal
2021-02-07 22:30:00,53,6,0.0,0.0,0.0,0.2124,optimal
2021-02-07 23:00:00,53,6,0.0,0.46444444444444444,0.0,0.30939999999999995,optimal
2021-02-07 23:30:00,53,6,0.0,0.0,0.0,0.08466666666666667,optimal
2021-02-08 00:00:00,53,6,0.0,0.0,0.0,0.08586666666666666,optimal
2021-02-08 00:30:00,53,6,0.0,0.0,0.0,0.11866666666666668,optimal
2021-02-08 01:00:00,53,6,0.0,0.0,0.0,0.064,optimal
2021-02-08 01:30:00,53,6,0.029718160693184063,0.0,0.0,0.064,optimal
2021-02-08 02:00:00,53,6,1.1428571428571428,0.0,0.0,0.14053333333333334,optimal
2021-02-08 02:30:00,53,6,1.1428571428571428,0.0,0.0,0.064,optimal
2021-02-08 03:00:00,53,6,1.1428571428571428,0.0,0.0,0.064,optimal
2021-02-08 03:30:00,53,6,1.1428571428571428,0.0,0.0,0.12413333333333335,optimal
2021-02-08 04:00:00,53,6,1.1428571428571428,0.0,0.0,0.0804,optimal
2021-02-08 04:30:00,53,6,1.1428571428571428,0.0,4.710194651203629,0.064,optimal
2021-02-08 05:00:00,53,6,1.1428571428571428,0.0,5.0,0.14053333333333334,optimal
2021-02-08 05:30:00,53,6,1.1428571428571428,0.0,5.0,0.06533333333333333,optimal
2021-02-08 06:00:00,53,6,1.1428571428571428,0.0,5.0,0.09040000000000001,optimal
2021-02-08 06:30:00,53,6,1.1428571428571428,2.3222222222222215,5.0,0.13213333333333332,optimal
2021-02-08 07:00:00,53,6,1.1428571428571428,0.23222222222222222,5.0,0.0829,optimal
2021-02-08 07:30:00,53,6,1.1428571428571428,5.108888888888889,0.0,0.20376666666666668,optimal
2021-02-08 08:00:00,53,6,0.5489244841553752,0.6966666666666667,0.0,1.5093333333333332,optimal
2021-02-08 08:30:00,53,6,0.5086200189046284,0.0,0.0,1.4412333333333331,optimal
2021-02-08 09:00:00,53,6,0.36102331143642635,0.1548148148148148,0.0,1.1757,optimal
2021-02-08 09:30:00,53,6,0.30338762836016697,0.774074074074074,0.0,1.478,optimal
2021-02-08 10:00:00,53,6,0.44151321210412503,0.1548148148148148,0.0,0.1773,optimal
2021-02-08 10:30:00,53,6,0.4635831808946781,0.0,0.0,0.1915,optimal
2021-02-08 11:00:00,53,6,0.22886455058932076,0.0,0.0,0.3634,optimal
2021-02-08 11:30:00,53,6,0.24054806345911203,0.0,0.0,0.40576666666666666,optimal
2021-02-08 12:00:00,53,6,0.0,0.0774074074074074,0.0,1.991766666666667,optimal
2021-02-08 12:30:00,53,6,0.0,0.46444444444444444,0.0,1.4649,optimal
2021-02-08 13:00:00,53,6,0.11136066217929862,0.0774074074074074,0.0,0.4718,optimal
2021-02-08 13:30:00,53,6,0.3695161177674575,0.0,0.0,0.7186333333333333,optimal
2021-02-08 14:00:00,53,6,1.1428571428571428,0.0,0.0,1.39,optimal
2021-02-08 14:30:00,53,6,1.1428571428571428,0.1548148148148148,0.0,1.5028,optimal
2021-02-08 15:00:00,53,6,1.1428571428571428,0.0,0.0,1.9657666666666669,optimal
2021-02-08 15:30:00,53,6,1.1428571428571428,0.387037037037037,0.0,2.8886,optimal
2021-02-08 16:00:00,53,6,0.0,0.0,0.0,1.7638333333333334,optimal
2021-02-08 16:30:00,53,6,0.0,0.387037037037037,0.0,0.7927666666666666,optimal
2021-02-08 17:00:00,53,6,0.0,0.23222222222222222,0.0,2.092033333333333,optimal
2021-02-08 17:30:00,53,6,0.0,0.23222222222222222,0.0,0.3711333333333333,optimal
2021-02-08 18:00:00,53,6,0.0,5.418518518518519,0.0,1.8796,optimal
2021-02-08 18:30:00,53,6,0.0,0.3096296296296296,0.0,0.24026666666666668,optimal
2021-02-08 19:00:00,53,6,0.0,0.1548148148148148,0.0,0.3605333333333334,optimal
2021-02-08 19:30:00,53,6,0.0,0.0,0.0,1.0375999999999999,optimal
2021-02-08 20:00:00,53,6,0.0,0.0,0.0,1.4715333333333334,optimal
2021-02-08 20:30:00,53,6,0.0,0.0774074074074074,0.0,0.48410000000000003,optimal
2021-02-08 21:00:00,53,6,0.0,0.0774074074074074,0.0,1.8965999999999998,optimal
2021-02-08 21:30:00,53,6,0.0,0.0,0.0,0.5787,optimal
2021-02-08 22:00:00,53,6,0.0,0.0,0.0,2.0835333333333335,optimal
2021-02-08 22:30:00,53,6,0.0,0.0774074074074074,0.0,0.3619,optimal
2021-02-08 23:00:00,53,6,0.0,4.79925925925926,0.0,0.37006666666666665,optimal
2021-02-08 23:30:00,53,6,0.0,0.5418518518518518,0.0,0.5432,optimal
2021-02-09 00:00:00,53,6,0.0,0.5418518518518518,0.0,0.188,optimal
2021-02-09 00:30:00,53,6,0.0,0.0,0.0,0.2906,optimal
2021-02-09 01:00:00,53,6,0.0,0.0,0.0,0.3116666666666667,optimal
2021-02-09 01:30:00,53,6,0.2065611357355036,0.0,0.0,0.061,optimal
2021-02-09 02:00:00,53,6,1.1428571428571428,0.0,0.0,0.2848333333333333,optimal
2021-02-09 02:30:00,53,6,1.1428571428571428,0.0,0.0,0.1454,optimal
2021-02-09 03:00:00,53,6,1.1428571428571428,0.0,0.0,0.21653333333333333,optimal
2021-02-09 03:30:00,53,6,1.1428571428571428,0.0,0.0,0.08466666666666667,optimal
2021-02-09 04:00:00,53,6,1.1428571428571428,0.0,0.0,0.21016666666666664,optimal
2021-02-09 04:30:00,53,6,1.1428571428571428,0.0,0.0,0.16040000000000001,optimal
2021-02-09 05:00:00,53,6,1.1428571428571428,0.0,0.0,0.16413333333333333,optimal
2021-02-09 05:30:00,53,6,1.1428571428571428,0.0,0.0,0.14793333333333333,optimal
2021-02-09 06:00:00,53,6,1.1428571428571428,0.0,0.0,0.24226666666666669,optimal
2021-02-09 06:30:00,53,6,1.1428571428571428,0.0,1.2663752955990348,0.0849,optimal
2021-02-09 07:00:00,53,6,1.1428571428571428,0.0,5.0,0.26166666666666666,optimal
2021-02-09 07:30:00,53,6,1.1428571428571428,2.4770370370370367,0.0,0.4540666666666667,optimal
2021-02-09 08:00:00,53,6,0.611172868327236,0.46444444444444444,0.0,0.4088,optimal
2021-02-09 08:30:00,53,6,0.6476076614414527,0.0774074074074074,0.0,0.4474333333333333,optimal
2021-02-09 09:00:00,53,6,0.6812795512209439,0.0,0.0,0.25066666666666665,optimal
2021-02-09 09:30:00,53,6,0.6965967564969859,0.0,0.0,0.15203333333333333,optimal
2021-02-09 10:00:00,53,6,0.4896990658640445,0.0,0.0,0.228,optimal
2021-02-09 10:30:00,53,6,0.5130935623242369,0.0,0.0,0.10859999999999999,optimal
2021-02-09 11:00:00,53,6,0.29654800337012116,0.0,0.0,0.2665,optimal
2021-02-09 11:30:00,53,6,0.3218611883764416,0.0,0.0,0.1704,optimal
2021-02-09 12:00:00,53,6,0.1885366295533756,0.0,0.0,0.23646666666666666,optimal
2021-02-09 12:30:00,53,6,0.23795677788038552,0.0,0.0,0.071,optimal
2021-02-09 13:00:00,53,6,0.1776594412436473,0.0,0.0,0.19466666666666663,optimal
2021-02-09 13:30:00,53,6,0.9232942577274107,0.0,0.0,0.2122,optimal
2021-02-09 14:00:00,53,6,1.1428571428571428,0.0,0.0,0.12533333333333332,optimal
2021-02-09 14:30:00,53,6,1.1428571428571428,0.0,0.0,0.3846666666666667,optimal
2021-02-09 15:00:00,53,6,1.1428571428571428,0.0,0.0,0.071,optimal
2021-02-09 15:30:00,53,6,1.1428571428571428,0.387037037037037,0.0,0.2842,optimal
2021-02-09 16:00:00,53,6,0.0,1.7803703703703702,0.0,0.7016,optimal
2021-02-09 16:30:00,53,6,0.0,0.46444444444444444,0.0,0.34876666666666667,optimal
2021-02-09 17:00:00,53,6,0.0,0.23222222222222222,0.0,0.5400333333333333,optimal
2021-02-09 17:30:00,53,6,0.0,0.3096296296296296,0.0,0.7301666666666666,optimal
2021-02-09 18:00:00,53,6,0.0,0.0,0.0,0.34576666666666667,optimal
2021-02-09 18:30:00,53,6,0.0,0.387037037037037,0.0,0.36006666666666665,optimal
2021-02-09 19:00:00,53,6,0.0,0.0,0.0,0.6433666666666666,optimal
2021-02-09 19:30:00,53,6,0.0,0.0774074074074074,0.0,0.47203333333333336,optimal
2021-02-09 20:00:00,53,6,0.0,0.0,0.0,0.5557000000000001,optimal
2021-02-09 20:30:00,53,6,0.0,0.0,0.0,0.5772333333333334,optimal
2021-02-09 21:00:00,53,6,0.0,0.0,0.0,0.24930000000000002,optimal
2021-02-09 21:30:00,53,6,0.0,0.0774074074074074,0.0,0.5177999999999999,optimal
2021-02-09 22:00:00,53,6,0.0,0.0,0.0,0.4309333333333333,optimal
2021-02-09 22:30:00,53,6,0.0,0.0774074074074074,0.0,0.4934333333333333,optimal
2021-02-09 23:00:00,53,6,0.0,6.115185185185184,0.0,0.48769999999999997,optimal
2021-02-09 23:30:00,53,6,0.0,0.0,0.0,0.24806666666666663,optimal
2021-02-10 00:00:00,53,6,0.0,0.0,0.0,0.06233333333333334,optimal
2021-02-10 00:30:00,53,6,0.0,0.0,0.0,0.068,optimal
2021-02-10 01:00:00,53,6,0.0,0.0,0.0,0.068,optimal
2021-02-10 01:30:00,53,6,0.9512301248844522,0.0,0.0,0.2022,optimal
2021-02-10 02:00:00,53,6,1.1428571428571428,0.0,0.0,0.068,optimal
2021-02-10 02:30:00,53,6,1.1428571428571428,0.0,0.0,0.19,optimal
2021-02-10 03:00:00,53,6,1.1428571428571428,0.0,0.0,0.08020000000000001,optimal
2021-02-10 03:30:00,53,6,1.1428571428571428,0.0,0.0,0.12290000000000001,optimal
2021-02-10 04:00:00,53,6,1.1428571428571428,0.0,0.0,0.14730000000000001,optimal
2021-02-10 04:30:00,53,6,1.1428571428571428,0.0,0.0,0.0741,optimal
2021-02-10 05:00:00,53,6,1.1428571428571428,0.0,0.0,0.1961,optimal
2021-02-10 05:30:00,53,6,1.1428571428571428,0.0,0.0,0.068,optimal
2021-02-10 06:00:00,53,6,1.1428571428571428,0.0,2.4952654403703813,0.1717,optimal
2021-02-10 06:30:00,53,6,1.1428571428571428,0.0774074074074074,5.0,1.2525,optimal
2021-02-10 07:00:00,53,6,1.1428571428571428,0.1548148148148148,5.0,1.8331333333333328,optimal
2021-02-10 07:30:00,53,6,1.1428571428571428,0.0,0.0,1.1869333333333334,optimal
2021-02-10 08:00:00,53,6,0.4032206291465764,0.3096296296296296,0.0,1.8732,optimal
2021-02-10 08:30:00,53,6,0.5570724167909218,0.1548148148148148,0.0,1.2509000000000001,optimal
2021-02-10 09:00:00,53,6,0.4228178891773044,0.5418518518518518,0.0,0.4244,optimal
2021-02-10 09:30:00,53,6,0.5526420577740317,0.0,0.0,0.2055,optimal
2021-02-10 10:00:00,53,6,0.3015965824305139,0.0,0.0,1.2262,optimal
2021-02-10 10:30:00,53,6,0.09660851840186668,0.387037037037037,0.0,2.6066333333333334,optimal
2021-02-10 11:00:00,53,6,0.18107634901433498,0.0,0.0,0.1441,optimal
2021-02-10 11:30:00,53,6,0.21724938569364727,0.0,0.0,0.3347,optimal
2021-02-10 12:00:00,53,6,0.0,0.1548148148148148,0.0,0.6479,optimal
2021-02-10 12:30:00,53,6,0.038209697826641256,0.0,0.0,1.0551,optimal
2021-02-10 13:00:00,53,6,0.2504369023161439,0.0,0.0,0.068,optimal
2021-02-10 13:30:00,53,6,0.9924890273528882,0.0,0.0,0.2022,optimal
2021-02-10 14:00:00,53,6,1.1428571428571428,0.0,0.0,0.068,optimal
2021-02-10 14:30:00,53,6,1.1428571428571428,0.0,0.0,0.12290000000000001,optimal
2021-02-10 15:00:00,53,6,1.1428571428571428,0.0,0.0,0.14730000000000001,optimal
2021-02-10 15:30:00,53,6,1.1428571428571428,0.1548148148148148,0.0,0.8110333333333333,optimal
2021-02-10 16:00:00,53,6,0.0,0.1548148148148148,0.0,0.3462,optimal
2021-02-10 16:30:00,53,6,0.0,0.0,0.0,0.1472,optimal
2021-02-10 17:00:00,53,6,0.0,2.5544444444444445,0.0,2.187233333333333,optimal
2021-02-10 17:30:00,53,6,0.0,0.0,0.0,0.325,optimal
2021-02-10 18:00:00,53,6,0.0,0.23222222222222222,0.0,0.306,optimal
2021-02-10 18:30:00,53,6,0.0,0.23222222222222222,0.0,0.51,optimal
2021-02-10 19:00:00,53,6,0.0,0.387037037037037,0.0,0.3333333333333333,optimal
2021-02-10 19:30:00,53,6,0.0,0.0,0.0,0.32976666666666665,optimal
2021-02-10 20:00:00,53,6,0.0,0.387037037037037,0.0,0.6350333333333333,optimal
2021-02-10 20:30:00,53,6,0.0,0.0,0.0,0.2313,optimal
2021-02-10 21:00:00,53,6,0.0,0.0,0.0,0.279,optimal
2021-02-10 21:30:00,53,6,0.0,0.3096296296296296,0.0,2.113766666666667,optimal
2021-02-10 22:00:00,53,6,0.0,0.387037037037037,0.0,1.0068,optimal
2021-02-10 22:30:00,53,6,0.0,0.5418518518518518,0.0,0.4933,optimal
2021-02-10 23:00:00,53,6,0.0,0.0,0.0,2.2801666666666667,optimal
2021-02-10 23:30:00,53,6,0.0,0.0,0.0,0.3748666666666667,optimal
2021-02-11 00:00:00,53,6,0.19422833069581455,0.0,0.0,0.056,optimal
2021-02-11 00:30:00,53,6,1.1428571428571428,0.0,0.0,0.056,optimal
2021-02-11 01:00:00,53,6,1.1428571428571428,0.0,0.0,0.11626666666666668,optimal
2021-02-11 01:30:00,53,6,1.1428571428571428,0.0,0.0,0.06353333333333333,optimal
2021-02-11 02:00:00,53,6,1.1428571428571428,0.0,0.0,0.09366666666666669,optimal
2021-02-11 02:30:00,53,6,1.1428571428571428,0.0,0.0,0.08613333333333334,optimal
2021-02-11 03:00:00,53,6,1.1428571428571428,0.0,0.0,0.056,optimal
2021-02-11 03:30:00,53,6,1.1428571428571428,0.0,0.0,0.056,optimal
2021-02-11 04:00:00,53,6,1.1428571428571428,0.0,0.0,0.056,optimal
2021-02-11 04:30:00,53,6,1.1428571428571428,0.0,0.0,0.09743333333333334,optimal
2021-02-11 05:00:00,53,6,1.1428571428571428,0.0,0.0,0.08236666666666666,optimal
2021-02-11 05:30:00,53,6,1.1428571428571428,0.0,0.0,0.056,optimal
2021-02-11 06:00:00,53,6,1.1428571428571428,0.0,1.6658834462387369,0.1238,optimal
2021-02-11 06:30:00,53,6,1.1428571428571428,0.0,5.0,0.056,optimal
2021-02-11 07:00:00,53,6,1.1428571428571428,0.0,5.0,0.1238,optimal
2021-02-11 07:30:00,53,6,1.1428571428571428,0.23222222222222222,0.0,0.05533333333333334,optimal
2021-02-11 08:00:00,53,6,0.47438170785874395,0.46444444444444444,0.0,1.4829333333333334,optimal
2021-02-11 08:30:00,53,6,0.5101745337921527,0.774074074074074,0.0,0.7772333333333333,optimal
2021-02-11 09:00:00,53,6,0.3992678313446372,0.387037037037037,0.0,0.9683999999999999,optimal
2021-02-11 09:30:00,53,6,0.48581150798193734,0.0,0.0,0.1105,optimal
2021-02-11 10:00:00,53,6,0.2545554898360679,0.0774074074074074,0.0,0.20396666666666666,optimal
2021-02-11 10:30:00,53,6,0.2238734602363476,0.23222222222222222,0.0,0.22173333333333328,optimal
2021-02-11 11:00:00,53,6,0.1850300529877822,0.0,0.0,0.1688,optimal
2021-02-11 11:30:00,53,6,0.19449925665409,0.0774074074074074,0.0,0.30410000000000004,optimal
2021-02-11 12:00:00,53,6,0.09631369384423574,0.23222222222222222,0.0,0.09646666666666669,optimal
2021-02-11 12:30:00,53,6,0.006575575116932126,0.0774074074074074,0.0,0.215,optimal
2021-02-11 13:00:00,53,6,0.0,0.0774074074074074,0.0,0.6353333333333334,optimal
2021-02-11 13:30:00,53,6,0.3885116106335878,0.1548148148148148,0.0,0.2710666666666667,optimal
2021-02-11 14:00:00,53,6,1.1428571428571428,0.1548148148148148,0.0,0.2304,optimal
2021-02-11 14:30:00,53,6,1.1428571428571428,0.0,0.0,0.2306,optimal
2021-02-11 15:00:00,53,6,1.1428571428571428,0.0,0.0,0.5235,optimal
2021-02-11 15:30:00,53,6,1.1428571428571428,0.0,0.0,0.3258666666666667,optimal
2021-02-11 16:00:00,53,6,0.0,0.3096296296296296,0.0,0.36156666666666665,optimal
2021-02-11 16:30:00,53,6,0.0,0.0,0.0,0.3522333333333333,optimal
2021-02-11 17:00:00,53,6,0.0,0.1548148148148148,0.0,0.2665666666666667,optimal
2021-02-11 17:30:00,53,6,0.0,0.23222222222222222,0.0,0.2995,optimal
2021-02-11 18:00:00,53,6,0.0,0.1548148148148148,0.0,0.33276666666666666,optimal
2021-02-11 18:30:00,53,6,0.0,0.0,0.0,0.5414666666666667,optimal
2021-02-11 19:00:00,53,6,0.0,0.3096296296296296,0.0,0.3028333333333333,optimal
2021-02-11 19:30:00,53,6,0.0,0.0,0.0,0.3429333333333333,optimal
2021-02-11 20:00:00,53,6,0.0,0.1548148148148148,0.0,0.4143,optimal
2021-02-11 20:30:00,53,6,0.0,0.0,0.0,0.5008333333333334,optimal
2021-02-11 21:00:00,53,6,0.0,0.387037037037037,0.0,0.5465,optimal
2021-02-11 21:30:00,53,6,0.0,0.23222222222222222,0.0,0.6027666666666667,optimal
2021-02-11 22:00:00,53,6,0.0,0.0,0.0,0.7329666666666667,optimal
2021-02-11 22:30:00,53,6,0.0,0.0,0.0,0.4574333333333333,optimal
2021-02-11 23:00:00,53,6,0.0,0.0774074074074074,0.0,0.29303333333333337,optimal
2021-02-11 23:30:00,53,6,0.0,0.0,0.0,0.11163333333333333,optimal
2021-02-12 00:00:00,53,6,0.0,0.0,0.0,0.054666666666666655,optimal
2021-02-12 00:30:00,53,6,0.7556089271068138,0.0,0.0,2.756133333333333,optimal
2021-02-12 01:00:00,53,6,1.1428571428571428,0.0,0.0,1.8156666666666668,optimal
2021-02-12 01:30:00,53,6,1.1428571428571428,0.0,0.0,0.5066333333333334,optimal
2021-02-12 02:00:00,53,6,1.1428571428571428,0.0,0.0,1.1372,optimal
2021-02-12 02:30:00,53,6,1.1428571428571428,0.0,0.0,1.6840666666666666,optimal
2021-02-12 03:00:00,53,6,1.1428571428571428,0.0,0.0,0.7570333333333333,optimal
2021-02-12 03:30:00,53,6,1.1428571428571428,0.23222222222222222,0.0,3.2320333333333333,optimal
2021-02-12 04:00:00,53,6,1.1428571428571428,0.1548148148148148,0.0,1.6494000000000002,optimal
2021-02-12 04:30:00,53,6,1.1428571428571428,0.387037037037037,0.0,1.7390999999999999,optimal
2021-02-12 05:00:00,53,6,1.1428571428571428,0.0,0.0,0.064,optimal
2021-02-12 05:30:00,53,6,1.1428571428571428,0.0,0.0,0.136,optimal
2021-02-12 06:00:00,53,6,1.1428571428571428,0.3096296296296296,2.250571359297154,0.2876666666666667,optimal
2021-02-12 06:30:00,53,6,1.1428571428571428,2.012592592592592,5.0,1.3886666666666667,optimal
2021-02-12 07:00:00,53,6,1.1428571428571428,0.1548148148148148,5.0,0.20583333333333328,optimal
2021-02-12 07:30:00,53,6,1.1428571428571428,0.23222222222222222,0.0,3.4934333333333334,optimal
2021-02-12 08:00:00,53,6,0.8094900296117113,0.23222222222222222,0.0,1.5597999999999999,optimal
2021-02-12 08:30:00,53,6,0.9564791943483133,0.0,0.0,0.2423333333333333,optimal
2021-02-12 09:00:00,53,6,0.8659598894218306,0.0,0.0,0.108,optimal
2021-02-12 09:30:00,53,6,0.6019466963668039,0.23222222222222222,0.0,2.4975666666666667,optimal
2021-02-12 10:00:00,53,6,0.3016240720453012,0.0,0.0,2.056766666666667,optimal
2021-02-12 10:30:00,53,6,0.45623907590542434,0.0,0.0,0.188,optimal
2021-02-12 11:00:00,53,6,0.26151184219913276,0.0,0.0,0.23613333333333333,optimal
2021-02-12 11:30:00,53,6,0.2605031224435553,0.0,0.0,0.24159999999999998,optimal
2021-02-12 12:00:00,53,6,0.20152382481165917,0.0,0.0,0.2399,optimal
2021-02-12 12:30:00,53,6,0.1806693907703685,0.0,0.0,0.21266666666666662,optimal
2021-02-12 13:00:00,53,6,0.7909124729795132,0.0,0.0,0.07766666666666668,optimal
2021-02-12 13:30:00,53,6,1.1428571428571428,0.0,0.0,0.11416666666666668,optimal
2021-02-12 14:00:00,53,6,1.1428571428571428,0.0,0.0,0.23616666666666664,optimal
2021-02-12 14:30:00,53,6,1.1428571428571428,0.0,0.0,0.064,optimal
2021-02-12 15:00:00,53,6,1.1428571428571428,0.0,0.0,0.064,optimal
2021-02-12 15:30:00,53,6,1.1428571428571428,0.0,0.0,0.136,optimal
2021-02-12 16:00:00,53,6,0.0,0.1548148148148148,0.0,0.8894,optimal
2021-02-12 16:30:00,53,6,0.0,0.5418518518518518,0.0,0.31739999999999996,optimal
2021-02-12 17:00:00,53,6,0.0,0.1548148148148148,0.0,0.2446333333333333,optimal
2021-02-12 17:30:00,53,6,0.0,6.270000000000001,0.0,2.385,optimal
2021-02-12 18:00:00,53,6,0.0,0.46444444444444444,0.0,1.7140666666666666,optimal
2021-02-12 18:30:00,53,6,0.0,0.3096296296296296,0.0,0.9276,optimal
2021-02-12 19:00:00,53,6,0.0,0.1548148148148148,0.0,0.19163333333333332,optimal
2021-02-12 19:30:00,53,6,0.0,0.5418518518518518,0.0,0.3429,optimal
2021-02-12 20:00:00,53,6,0.0,0.46444444444444444,0.0,1.7345666666666666,optimal
2021-02-12 20:30:00,53,6,0.0,0.23222222222222222,0.0,0.9882000000000001,optimal
2021-02-12 21:00:00,53,6,0.0,0.0,0.0,0.38203333333333334,optimal
2021-02-12 21:30:00,53,6,0.0,0.1548148148148148,0.0,0.321,optimal
2021-02-12 22:00:00,53,6,0.0,0.0,0.0,0.42210000000000003,optimal
2021-02-12 22:30:00,53,6,0.0,0.0,0.0,0.2065,optimal
2021-02-12 23:00:00,53,6,0.0,0.0,0.0,0.064,optimal
2021-02-12 23:30:00,53,6,0.0,0.0,0.0,0.28633333333333333,optimal
2021-02-13 00:00:00,53,6,0.0,0.0,0.0,0.0526,optimal
2021-02-13 00:30:00,53,6,0.0,0.0,0.0,0.2464,optimal
2021-02-13 01:00:00,53,6,0.2085092071227832,0.0,0.0,0.041,optimal
2021-02-13 01:30:00,53,6,1.1428571428571428,0.0,0.0,0.15206666666666666,optimal
2021-02-13 02:00:00,53,6,1.1428571428571428,0.0,0.0,0.14693333333333333,optimal
2021-02-13 02:30:00,53,6,1.1428571428571428,0.0,0.0,0.041,optimal
2021-02-13 03:00:00,53,6,1.1428571428571428,0.0,0.0,0.1683,optimal
2021-02-13 03:30:00,53,6,1.1428571428571428,0.0,0.0,0.10363333333333334,optimal
2021-02-13 04:00:00,53,6,1.1428571428571428,0.0,0.0,0.06806666666666666,optimal
2021-02-13 04:30:00,53,6,1.1428571428571428,0.0,0.0,0.2502666666666667,optimal
2021-02-13 05:00:00,53,6,1.1428571428571428,0.0,0.0,0.04873333333333333,optimal
2021-02-13 05:30:00,53,6,1.1428571428571428,0.0,0.0,0.1147,optimal
2021-02-13 06:00:00,53,6,1.1428571428571428,0.23222222222222222,0.0,0.15296666666666667,optimal
2021-02-13 06:30:00,53,6,1.1428571428571428,0.46444444444444444,3.7551235430991956,0.07766666666666668,optimal
2021-02-13 07:00:00,53,6,1.1428571428571428,2.7092592592592597,5.0,0.30989999999999995,optimal
2021-02-13 07:30:00,53,6,1.1428571428571428,1.7447629629629626,0.0,0.37676666666666664,optimal
2021-02-13 08:00:00,53,6,0.6106121370708172,0.2678296296296296,0.0,1.4550333333333334,optimal
2021-02-13 08:30:00,53,6,0.6795710363628605,2.7092592592592597,0.0,0.40913333333333335,optimal
2021-02-13 09:00:00,53,6,0.4214677997743311,0.23222222222222222,0.0,2.044033333333333,optimal
2021-02-13 09:30:00,53,6,0.5159537248059578,0.8514814814814814,0.0,1.4144,optimal
2021-02-13 10:00:00,53,6,0.34919495272887324,0.5418518518518518,0.0,0.42806666666666665,optimal
2021-02-13 10:30:00,53,6,0.44608147106853185,0.0,0.0,0.2841,optimal
2021-02-13 11:00:00,53,6,0.2344799081232436,0.23222222222222222,0.0,0.4990333333333334,optimal
2021-02-13 11:30:00,53,6,0.24389023598670684,0.0,0.0,0.37296666666666656,optimal
2021-02-13 12:00:00,53,6,0.20517078117500687,0.0,0.0,0.1761,optimal
2021-02-13 12:30:00,53,6,0.1573304845209847,0.0774074074074074,0.0,0.27053333333333335,optimal
2021-02-13 13:00:00,53,6,1.1428571428571428,0.1548148148148148,0.0,0.06286666666666667,optimal
2021-02-13 13:30:00,53,6,1.1428571428571428,0.0,0.0,0.2916333333333333,optimal
2021-02-13 14:00:00,53,6,1.1428571428571428,0.0,0.0,1.8834666666666666,optimal
2021-02-13 14:30:00,53,6,1.1428571428571428,0.0,0.0,0.25906666666666667,optimal
2021-02-13 15:00:00,53,6,1.1428571428571428,0.0,0.0,0.33613333333333334,optimal
2021-02-13 15:30:00,53,6,1.1428571428571428,0.0,0.0,0.1466,optimal
2021-02-13 16:00:00,53,6,0.0,0.0,0.0,0.37760000000000005,optimal
2021-02-13 16:30:00,53,6,0.0,0.0,0.0,0.19223333333333328,optimal
2021-02-13 17:00:00,53,6,0.0,0.0774074074074074,0.0,0.35533333333333333,optimal
2021-02-13 17:30:00,53,6,0.0,0.0,0.0,0.3333333333333333,optimal
2021-02-13 18:00:00,53,6,0.0,0.1548148148148148,0.0,0.243,optimal
2021-02-13 18:30:00,53,6,0.0,0.0,0.0,0.45326666666666665,optimal
2021-02-13 19:00:00,53,6,0.0,0.0,0.0,0.409,optimal
2021-02-13 19:30:00,53,6,0.18398881715902124,0.23222222222222222,0.0,0.3932,optimal
2021-02-13 20:00:00,53,6,0.5684036712162249,0.0,0.0,0.3813333333333333,optimal
2021-02-13 20:30:00,53,6,0.0,0.0,0.0,0.3726333333333333,optimal
2021-02-13 21:00:00,53,6,0.0,0.0,0.0,1.4966666666666668,optimal
2021-02-13 21:30:00,53,6,0.0,0.0,0.0,0.36910000000000004,optimal
2021-02-13 22:00:00,53,6,0.0,0.0,0.0,0.31606666666666666,optimal
2021-02-13 22:30:00,53,6,0.0,0.0,0.0,0.3698666666666667,optimal
2021-02-13 23:00:00,53,6,0.0,0.0,0.0,0.3844333333333333,optimal
2021-02-13 23:30:00,53,6,0.0,0.0,0.0,0.12153333333333331,optimal
2021-02-07 00:00:00,54,6,0.0,0.0,0.0,0.05,optimal
2021-02-07 00:30:00,54,6,0.0,0.0,0.0,0.1356,optimal
2021-02-07 01:00:00,54,6,0.0,0.0,0.0,0.12133333333333332,optimal
2021-02-07 01:30:00,54,6,0.0,0.0,0.0,0.05,optimal
2021-02-07 02:00:00,54,6,0.0,0.0,0.0,0.16613333333333333,optimal
2021-02-07 02:30:00,54,6,0.0,0.0,0.0,0.1028,optimal
2021-02-07 03:00:00,54,6,0.0,0.0,0.0,0.058,optimal
2021-02-07 03:30:00,54,6,0.0,0.0,0.0,0.05,optimal
2021-02-07 04:00:00,54,6,1.1428571428571428,0.0,0.0,0.2069333333333333,optimal
2021-02-07 04:30:00,54,6,1.1428571428571428,0.0,0.0,0.05,optimal
2021-02-07 05:00:00,54,6,1.1428571428571428,0.0,0.0,0.16413333333333333,optimal
2021-02-07 05:30:00,54,6,1.1428571428571428,2.1674074074074072,1.205984286901014,0.3175,optimal
2021-02-07 06:00:00,54,6,1.1428571428571428,5.728148148148147,0.0,1.3140333333333334,optimal
2021-02-07 06:30:00,54,6,1.1428571428571428,0.3096296296296296,0.0,0.45626666666666665,optimal
2021-02-07 07:00:00,54,6,1.1428571428571428,2.3222222222222215,0.0,0.4984333333333333,optimal
2021-02-07 07:30:00,54,6,0.0,0.3096296296296296,0.0,0.3031333333333333,optimal
2021-02-07 08:00:00,54,6,0.0,0.387037037037037,0.0,0.249,optimal
2021-02-07 08:30:00,54,6,0.0,2.3222222222222215,0.0,0.16733333333333333,optimal
2021-02-07 09:00:00,54,6,0.5690914816352018,0.0,0.0,0.1812666666666667,optimal
2021-02-07 09:30:00,54,6,0.7206671043959741,0.0,0.0,0.06,optimal
2021-02-07 10:00:00,54,6,0.6449443948408343,0.0,0.0,0.06,optimal
2021-02-07 10:30:00,54,6,0.6043942153043754,0.0,0.0,0.2169333333333333,optimal
2021-02-07 11:00:00,54,6,0.5547697963251552,0.0,0.0,0.06,optimal
2021-02-07 11:30:00,54,6,0.5221602725156278,0.0,0.0,0.17413333333333333,optimal
2021-02-07 12:00:00,54,6,0.5540816625746192,0.0,0.0,0.1028,optimal
2021-02-07 12:30:00,54,6,1.1428571428571428,0.0,0.0,0.06,optimal
2021-02-07 13:00:00,54,6,1.1428571428571428,0.0,0.0,0.06,optimal
2021-02-07 13:30:00,54,6,1.1428571428571428,0.0,0.0,0.1242,optimal
2021-02-07 14:00:00,54,6,1.1428571428571428,0.0,0.0,0.15273333333333333,optimal
2021-02-07 14:30:00,54,6,1.1428571428571428,0.0,0.0,0.06,optimal
2021-02-07 15:00:00,54,6,1.1428571428571428,0.0,0.0,0.2169333333333333,optimal
2021-02-07 15:30:00,54,6,1.1428571428571428,0.0,0.0,0.06,optimal
2021-02-07 16:00:00,54,6,0.0,0.0,0.0,0.1812666666666667,optimal
2021-02-07 16:30:00,54,6,0.0,0.0,0.0,0.09566666666666669,optimal
2021-02-07 17:00:00,54,6,0.0,0.0,0.0,0.09566666666666669,optimal
2021-02-07 17:30:00,54,6,0.0,0.0,0.0,0.1812666666666667,optimal
2021-02-07 18:00:00,54,6,0.0,0.0,0.0,0.06,optimal
2021-02-07 18:30:00,54,6,0.0,0.0,0.0,0.3227333333333333,optimal
2021-02-07 19:00:00,54,6,0.0,0.0,0.0,1.9615,optimal
2021-02-07 19:30:00,54,6,0.6120885733992936,0.3096296296296296,0.0,0.3939333333333333,optimal
2021-02-07 20:00:00,54,6,0.5438980972088132,0.2740222222222222,0.0,0.4969333333333333,optimal
2021-02-07 20:30:00,54,6,0.0,0.035607407407407414,0.0,0.44153333333333333,optimal
2021-02-07 21:00:00,54,6,0.0,0.1548148148148148,0.0,0.5579333333333333,optimal
2021-02-07 21:30:00,54,6,0.0,0.387037037037037,0.0,0.5904666666666667,optimal
2021-02-07 22:00:00,54,6,0.0,0.0,0.0,0.4158,optimal
2021-02-07 22:30:00,54,6,0.0,0.1548148148148148,0.0,0.3116666666666667,optimal
2021-02-07 23:00:00,54,6,0.0,0.1548148148148148,0.0,0.44646666666666657,optimal
2021-02-07 23:30:00,54,6,0.0,0.0,0.0,0.1328,optimal
2021-02-08 00:00:00,54,6,0.0,0.0,0.0,0.06266666666666666,optimal
2021-02-08 00:30:00,54,6,0.0,0.0,0.0,0.10806666666666666,optimal
2021-02-08 01:00:00,54,6,0.0,0.0,0.0,0.06873333333333334,optimal
2021-02-08 01:30:00,54,6,0.0,0.0,0.0,0.26973333333333327,optimal
2021-02-08 02:00:00,54,6,0.43919423918067346,0.0,0.0,0.053666666666666654,optimal
2021-02-08 02:30:00,54,6,1.1428571428571428,0.0,0.0,0.12986666666666669,optimal
2021-02-08 03:00:00,54,6,1.1428571428571428,0.0,0.0,0.05693333333333333,optimal
2021-02-08 03:30:00,54,6,1.1428571428571428,0.0,0.0,0.053,optimal
2021-02-08 04:00:00,54,6,1.1428571428571428,0.0,3.551081793199483,0.1989333333333333,optimal
2021-02-08 04:30:00,54,6,1.1428571428571428,0.0,5.0,0.053,optimal
2021-02-08 05:00:00,54,6,1.1428571428571428,0.0,5.0,0.26580000000000004,optimal
2021-02-08 05:30:00,54,6,1.1428571428571428,0.0,5.0,0.05693333333333333,optimal
2021-02-08 06:00:00,54,6,1.1428571428571428,0.0,5.0,0.07953333333333333,optimal
2021-02-08 06:30:00,54,6,1.1428571428571428,1.026422222222222,5.0,0.17106666666666667,optimal
2021-02-08 07:00:00,54,6,1.1428571428571428,0.9861703703703705,0.0,2.6646,optimal
2021-02-08 07:30:00,54,6,1.1428571428571428,0.387037037037037,0.0,1.9148,optimal
2021-02-08 08:00:00,54,6,0.8092863889172782,0.0,0.0,0.053,optimal
2021-02-08 08:30:00,54,6,0.7749647808093951,0.0,0.0,0.18813333333333332,optimal
2021-02-08 09:00:00,54,6,0.6977337876269091,0.0,0.0,0.1346,optimal
2021-02-08 09:30:00,54,6,0.6937685807411125,0.0,0.0,0.12596666666666667,optimal
2021-02-08 10:00:00,54,6,0.5220084501993623,0.0,0.0,0.17356666666666667,optimal
2021-02-08 10:30:00,54,6,0.5537831808946782,0.0,0.0,0.09053333333333331,optimal
2021-02-08 11:00:00,54,6,0.3835121696369295,0.0,0.0,0.07640000000000001,optimal
2021-02-08 11:30:00,54,6,0.3262909206019625,0.0,0.0,0.254,optimal
2021-02-08 12:00:00,54,6,0.2871269901284846,0.387037037037037,0.0,0.5111333333333333,optimal
2021-02-08 12:30:00,54,6,0.30346544443950746,0.0,0.0,0.09233333333333331,optimal
2021-02-08 13:00:00,54,6,1.1428571428571428,0.0,0.0,0.19353333333333333,optimal
2021-02-08 13:30:00,54,6,1.1428571428571428,0.0,0.0,0.12919999999999998,optimal
2021-02-08 14:00:00,54,6,1.1428571428571428,0.0,0.0,0.11703333333333332,optimal
2021-02-08 14:30:00,54,6,1.1428571428571428,0.0,0.0,0.20036666666666667,optimal
2021-02-08 15:00:00,54,6,1.1428571428571428,0.0,0.0,0.08266666666666667,optimal
2021-02-08 15:30:00,54,6,1.1428571428571428,0.0,0.0,0.1252666666666667,optimal
2021-02-08 16:00:00,54,6,0.0,0.0,0.0,1.9889666666666668,optimal
2021-02-08 16:30:00,54,6,0.0,0.0774074074074074,0.0,1.5260666666666667,optimal
2021-02-08 17:00:00,54,6,0.0,0.6966666666666667,0.0,1.8962,optimal
2021-02-08 17:30:00,54,6,0.0,0.46444444444444444,0.0,2.2113,optimal
2021-02-08 18:00:00,54,6,0.0,0.3096296296296296,0.0,1.1509,optimal
2021-02-08 18:30:00,54,6,0.0,0.0,0.0,2.3047,optimal
2021-02-08 19:00:00,54,6,0.0,0.1548148148148148,0.0,0.35126666666666667,optimal
2021-02-08 19:30:00,54,6,0.0,0.0,0.0,0.24753333333333333,optimal
2021-02-08 20:00:00,54,6,0.17790698795229215,0.6192592592592592,0.0,1.2971666666666668,optimal
2021-02-08 20:30:00,54,6,0.0,0.46444444444444444,0.0,2.7408,optimal
2021-02-08 21:00:00,54,6,0.0,0.0,0.0,0.33343333333333336,optimal
2021-02-08 21:30:00,54,6,0.0,0.0,0.0,2.4361666666666664,optimal
2021-02-08 22:00:00,54,6,0.0,0.0,0.0,0.063,optimal
2021-02-08 22:30:00,54,6,0.0,0.0,0.0,0.20676666666666668,optimal
2021-02-08 23:00:00,54,6,0.0,0.0,0.0,0.13596666666666668,optimal
2021-02-08 23:30:00,54,6,0.0,0.0,0.0,0.07479999999999999,optimal
2021-02-09 00:00:00,54,6,0.0,0.0,0.0,0.054,optimal
2021-02-09 00:30:00,54,6,0.0,0.0,0.0,0.10666666666666669,optimal
2021-02-09 01:00:00,54,6,0.0,0.0,0.0,0.20466666666666664,optimal
2021-02-09 01:30:00,54,6,0.7274263083031334,0.0,0.0,0.14133333333333334,optimal
2021-02-09 02:00:00,54,6,1.1428571428571428,0.0,0.0,0.28586666666666666,optimal
2021-02-09 02:30:00,54,6,1.1428571428571428,0.0,0.0,0.054,optimal
2021-02-09 03:00:00,54,6,1.1428571428571428,0.0,0.0,0.3981,optimal
2021-02-09 03:30:00,54,6,1.1428571428571428,0.0,0.0,0.1271,optimal
2021-02-09 04:00:00,54,6,1.1428571428571428,0.0,0.0,0.05736666666666667,optimal
2021-02-09 04:30:00,54,6,1.1428571428571428,0.0,0.0,0.35619999999999996,optimal
2021-02-09 05:00:00,54,6,1.1428571428571428,0.0,4.9645231557704355,0.16563333333333333,optimal
2021-02-09 05:30:00,54,6,1.1428571428571428,0.0,5.0,0.054,optimal
2021-02-09 06:00:00,54,6,1.1428571428571428,0.0,5.0,0.4308,optimal
2021-02-09 06:30:00,54,6,1.1428571428571428,0.0,5.0,0.09440000000000001,optimal
2021-02-09 07:00:00,54,6,1.1428571428571428,0.0774074074074074,5.0,0.21306666666666663,optimal
2021-02-09 07:30:00,54,6,1.1428571428571428,0.6966666666666667,0.0,1.1131,optimal
2021-02-09 08:00:00,54,6,0.7890966778510523,0.0,0.0,0.17206666666666667,optimal
2021-02-09 08:30:00,54,6,0.7790933757271674,0.0,0.0,0.2832333333333333,optimal
2021-02-09 09:00:00,54,6,0.6820509797923668,0.0,0.0,0.24796666666666667,optimal
2021-02-09 09:30:00,54,6,0.6876538993541259,0.0,0.0,0.1833333333333333,optimal
2021-02-09 10:00:00,54,6,0.4564704944354768,0.0,0.0,0.1973,optimal
2021-02-09 10:30:00,54,6,0.3627507051813832,0.1548148148148148,0.0,0.4878,optimal
2021-02-09 11:00:00,54,6,0.3344051462272618,0.0,0.0,0.134,optimal
2021-02-09 11:30:00,54,6,0.270089759805021,0.0,0.0,0.3516,optimal
2021-02-09 12:00:00,54,6,0.20078424860099917,0.0,0.0,0.1936,optimal
2021-02-09 12:30:00,54,6,0.20909963502323828,0.0,0.0,0.172,optimal
2021-02-09 13:00:00,54,6,0.09178325076745458,0.0,0.0,0.3482333333333333,optimal
2021-02-09 13:30:00,54,6,0.10105101814208374,0.1548148148148148,0.0,0.26730000000000004,optimal
2021-02-09 14:00:00,54,6,0.8820257685450605,0.0,0.0,0.47436666666666666,optimal
2021-02-09 14:30:00,54,6,1.1428571428571428,0.0774074074074074,0.0,0.2428333333333333,optimal
2021-02-09 15:00:00,54,6,1.1428571428571428,0.0,0.0,0.1044,optimal
2021-02-09 15:30:00,54,6,1.1428571428571428,0.0,0.0,0.30156666666666665,optimal
2021-02-09 16:00:00,54,6,0.0,0.23222222222222222,0.0,0.43460000000000004,optimal
2021-02-09 16:30:00,54,6,0.0,0.0,0.0,1.8125,optimal
2021-02-09 17:00:00,54,6,0.0,0.3096296296296296,0.0,0.4418,optimal
2021-02-09 17:30:00,54,6,0.0,0.0774074074074074,0.0,0.6984666666666667,optimal
2021-02-09 18:00:00,54,6,0.0,0.1548148148148148,0.0,1.4625,optimal
2021-02-09 18:30:00,54,6,0.0,0.6192592592592592,0.0,0.8440333333333333,optimal
2021-02-09 19:00:00,54,6,0.0,0.0774074074074074,0.0,0.3428,optimal
2021-02-09 19:30:00,54,6,0.0,0.1548148148148148,0.0,0.3823333333333333,optimal
2021-02-09 20:00:00,54,6,0.0,0.3096296296296296,0.0,1.1074666666666666,optimal
2021-02-09 20:30:00,54,6,0.0,0.0,0.0,1.0217,optimal
2021-02-09 21:00:00,54,6,0.0,0.5418518518518518,0.0,0.3783,optimal
2021-02-09 21:30:00,54,6,0.0,0.0,0.0,0.5366333333333333,optimal
2021-02-09 22:00:00,54,6,0.0,0.23222222222222222,0.0,0.30676666666666663,optimal
2021-02-09 22:30:00,54,6,0.0,0.0,0.0,0.23603333333333334,optimal
2021-02-09 23:00:00,54,6,0.0,0.0,0.0,0.2454333333333333,optimal
2021-02-09 23:30:00,54,6,0.0,0.0,0.0,0.1118,optimal
2021-02-10 00:00:00,54,6,0.0,0.0,0.0,0.058,optimal
2021-02-10 00:30:00,54,6,0.0,0.0,0.0,0.058,optimal
2021-02-10 01:00:00,54,6,0.0,0.0,0.0,0.20026666666666668,optimal
2021-02-10 01:30:00,54,6,0.8448987023034648,0.0,0.0,0.058,optimal
2021-02-10 02:00:00,54,6,1.1428571428571428,0.0,0.0,0.058,optimal
2021-02-10 02:30:00,54,6,1.1428571428571428,0.0,0.0,0.20026666666666668,optimal
2021-02-10 03:00:00,54,6,1.1428571428571428,0.0,0.0,0.058,optimal
2021-02-10 03:30:00,54,6,1.1428571428571428,0.0,0.0,0.07093333333333333,optimal
2021-02-10 04:00:00,54,6,1.1428571428571428,0.0,0.0,0.1873333333333333,optimal
2021-02-10 04:30:00,54,6,1.1428571428571428,0.0,0.0,0.058,optimal
2021-02-10 05:00:00,54,6,1.1428571428571428,0.0,0.0,0.1938,optimal
2021-02-10 05:30:00,54,6,1.1428571428571428,0.0,0.0,0.06446666666666667,optimal
2021-02-10 06:00:00,54,6,1.1428571428571428,0.0,3.4362493362866973,0.0968,optimal
2021-02-10 06:30:00,54,6,1.1428571428571428,0.0,5.0,0.16813333333333333,optimal
2021-02-10 07:00:00,54,6,1.1428571428571428,0.387037037037037,5.0,0.06,optimal
2021-02-10 07:30:00,54,6,1.1428571428571428,0.6966666666666667,0.0,0.3001333333333333,optimal
2021-02-10 08:00:00,54,6,0.6837596767656222,0.46444444444444444,0.0,0.1235,optimal
2021-02-10 08:30:00,54,6,0.6152238453623525,0.0,0.0,2.100966666666667,optimal
2021-02-10 09:00:00,54,6,0.4978445558439715,0.387037037037037,0.0,0.35819999999999996,optimal
2021-02-10 09:30:00,54,6,0.49288586729784395,0.3096296296296296,0.0,0.4562333333333333,optimal
2021-02-10 10:00:00,54,6,0.10854515385908091,0.1548148148148148,0.0,1.3160666666666665,optimal
2021-02-10 10:30:00,54,6,0.28859708983043697,0.23222222222222222,0.0,1.7345333333333333,optimal
2021-02-10 11:00:00,54,6,0.39475253949052735,0.0,0.0,0.058,optimal
2021-02-10 11:30:00,54,6,0.28152176664602674,0.0,0.0,1.0073333333333334,optimal
2021-02-10 12:00:00,54,6,0.0,0.23222222222222222,0.0,1.8310666666666664,optimal
2021-02-10 12:30:00,54,6,0.0,0.0,0.0,1.6987,optimal
2021-02-10 13:00:00,54,6,0.0,0.0774074074074074,0.0,0.6426666666666666,optimal
2021-02-10 13:30:00,54,6,0.9133595262316156,0.0,0.0,0.23436666666666667,optimal
2021-02-10 14:00:00,54,6,1.1428571428571428,0.0,0.0,0.24166666666666664,optimal
2021-02-10 14:30:00,54,6,1.1428571428571428,0.3096296296296296,0.0,0.18863333333333332,optimal
2021-02-10 15:00:00,54,6,1.1428571428571428,0.0,0.0,0.06316666666666666,optimal
2021-02-10 15:30:00,54,6,1.1428571428571428,0.0,0.0,0.14113333333333333,optimal
2021-02-10 16:00:00,54,6,0.0,0.5418518518518518,0.0,0.13463333333333333,optimal
2021-02-10 16:30:00,54,6,0.0,0.1548148148148148,0.0,0.19856666666666664,optimal
2021-02-10 17:00:00,54,6,0.0,0.8514814814814814,0.0,0.21953333333333333,optimal
2021-02-10 17:30:00,54,6,0.0,0.387037037037037,0.0,0.1891,optimal
2021-02-10 18:00:00,54,6,0.0,0.0774074074074074,0.0,3.349333333333333,optimal
2021-02-10 18:30:00,54,6,0.0,0.3096296296296296,0.0,0.44796666666666657,optimal
2021-02-10 19:00:00,54,6,0.0,0.0774074074074074,0.0,0.288,optimal
2021-02-10 19:30:00,54,6,0.0,0.0,0.0,2.0856,optimal
2021-02-10 20:00:00,54,6,0.0,2.3222222222222215,0.0,0.9245333333333332,optimal
2021-02-10 20:30:00,54,6,0.0,0.0,0.0,0.16696666666666668,optimal
2021-02-10 21:00:00,54,6,0.0,0.0,0.0,0.21466666666666662,optimal
2021-02-10 21:30:00,54,6,0.0,0.3096296296296296,0.0,0.2668666666666667,optimal
2021-02-10 22:00:00,54,6,0.0,0.0774074074074074,0.0,0.3399,optimal
2021-02-10 22:30:00,54,6,0.0,0.0,0.0,1.4885333333333333,optimal
2021-02-10 23:00:00,54,6,0.0,0.0,0.0,0.068,optimal
2021-02-10 23:30:00,54,6,0.0,0.0,0.0,0.17146666666666666,optimal
2021-02-11 00:00:00,54,6,1.1428571428571428,0.0,0.0,0.3034,optimal
2021-02-11 00:30:00,54,6,1.1428571428571428,0.0,0.0,0.07133333333333333,optimal
2021-02-11 01:00:00,54,6,1.1428571428571428,0.0,0.0,0.061,optimal
2021-02-11 01:30:00,54,6,1.1428571428571428,0.0,0.0,0.16633333333333333,optimal
2021-02-11 02:00:00,54,6,1.1428571428571428,0.0,0.0,0.061,optimal
2021-02-11 02:30:00,54,6,1.1428571428571428,0.0,0.0,0.14,optimal
2021-02-11 03:00:00,54,6,1.1428571428571428,0.0,0.0,0.08733333333333333,optimal
2021-02-11 03:30:00,54,6,1.1428571428571428,0.0,0.0,0.061,optimal
2021-02-11 04:00:00,54,6,1.1428571428571428,0.0,0.0,0.16633333333333333,optimal
2021-02-11 04:30:00,54,6,1.1428571428571428,0.0,0.0,0.061,optimal
2021-02-11 05:00:00,54,6,1.1428571428571428,0.0,0.0,0.061,optimal
2021-02-11 05:30:00,54,6,1.1428571428571428,0.0,0.0,0.15580000000000002,optimal
2021-02-11 06:00:00,54,6,1.1428571428571428,0.0,0.0,0.07153333333333334,optimal
2021-02-11 06:30:00,54,6,1.1428571428571428,0.0,3.574766572682895,0.15053333333333332,optimal
2021-02-11 07:00:00,54,6,1.1428571428571428,0.387037037037037,5.0,0.09746666666666669,optimal
2021-02-11 07:30:00,54,6,1.1428571428571428,1.538689594680206,0.0,0.10303333333333332,optimal
2021-02-11 08:00:00,54,6,0.7923912316682762,0.23222222222222222,0.0,0.2083333333333333,optimal
2021-02-11 08:30:00,54,6,0.8563850099826245,0.46444444444444444,0.0,0.0702,optimal
2021-02-11 09:00:00,54,6,0.7347430694398736,0.0,0.0,0.25306666666666666,optimal
2021-02-11 09:30:00,54,6,0.7273448413152738,0.0,0.0,0.17633333333333334,optimal
2021-02-11 10:00:00,54,6,0.42859358507416156,0.0,0.0,0.0732,optimal
2021-02-11 10:30:00,54,6,0.4539972697601605,0.23222222222222222,0.0,0.083,optimal
2021-02-11 11:00:00,54,6,0.31246814822588276,0.0,0.0,0.06946666666666666,optimal
2021-02-11 11:30:00,54,6,0.3094897328445594,0.0,0.0,0.11366666666666668,optimal
2021-02-11 12:00:00,54,6,0.14759940812994687,0.0,0.0,0.11366666666666668,optimal
2021-02-11 12:30:00,54,6,0.1347755751169354,0.0,0.0,0.061,optimal
2021-02-11 13:00:00,54,6,1.1428571428571428,0.0,0.0,0.17333333333333334,optimal
2021-02-11 13:30:00,54,6,1.1428571428571428,0.0,0.0,0.064,optimal
2021-02-11 14:00:00,54,6,1.1428571428571428,0.0,0.0,0.0996,optimal
2021-02-11 14:30:00,54,6,1.1428571428571428,0.0,0.0,0.14473333333333332,optimal
2021-02-11 15:00:00,54,6,1.1428571428571428,0.0,0.0,0.1252666666666667,optimal
2021-02-11 15:30:00,54,6,1.1428571428571428,0.3096296296296296,0.0,1.7302,optimal
2021-02-11 16:00:00,54,6,0.0,0.0,0.0,0.17653333333333332,optimal
2021-02-11 16:30:00,54,6,0.0,0.5418518518518518,0.0,0.16866666666666666,optimal
2021-02-11 17:00:00,54,6,0.0,1.2385185185185184,0.0,0.2919333333333333,optimal
2021-02-11 17:30:00,54,6,0.0,0.0,0.0,1.8959333333333328,optimal
2021-02-11 18:00:00,54,6,0.0,0.46444444444444444,0.0,0.3473,optimal
2021-02-11 18:30:00,54,6,0.0,0.23222222222222222,0.0,2.0057666666666667,optimal
2021-02-11 19:00:00,54,6,0.0,0.0,0.0,0.3978666666666667,optimal
2021-02-11 19:30:00,54,6,0.12037111486538073,0.46444444444444444,0.0,0.35746666666666665,optimal
2021-02-11 20:00:00,54,6,0.8797401590033389,0.0,0.0,0.3622666666666666,optimal
2021-02-11 20:30:00,54,6,0.0,0.0,0.0,0.7017,optimal
2021-02-11 21:00:00,54,6,0.0,0.0,0.0,0.3223333333333333,optimal
2021-02-11 21:30:00,54,6,0.0,0.0,0.0,0.21866666666666662,optimal
2021-02-11 22:00:00,54,6,0.0,0.0,0.0,0.3548,optimal
2021-02-11 22:30:00,54,6,0.0,0.0774074074074074,0.0,0.1913,optimal
2021-02-11 23:00:00,54,6,0.0,0.0,0.0,0.44906666666666667,optimal
2021-02-11 23:30:00,54,6,0.0,0.0,0.0,0.4575666666666667,optimal
2021-02-12 00:00:00,54,6,1.1428571428571428,0.0,0.0,0.06566666666666666,optimal
2021-02-12 00:30:00,54,6,1.1428571428571428,0.0,0.0,0.1088,optimal
2021-02-12 01:00:00,54,6,1.1428571428571428,0.0,0.0,0.1718,optimal
2021-02-12 01:30:00,54,6,1.1428571428571428,0.0,0.0,0.071,optimal
2021-02-12 02:00:00,54,6,1.1428571428571428,0.0,0.0,0.20959999999999998,optimal
2021-02-12 02:30:00,54,6,1.1428571428571428,0.0,0.0,0.071,optimal
2021-02-12 03:00:00,54,6,1.1428571428571428,0.0,0.0,0.071,optimal
2021-02-12 03:30:00,54,6,1.1428571428571428,0.0,0.0,0.071,optimal
2021-02-12 04:00:00,54,6,1.1428571428571428,0.0,0.0,0.071,optimal
2021-02-12 04:30:00,54,6,1.1428571428571428,0.0,0.0,0.20959999999999998,optimal
2021-02-12 05:00:00,54,6,1.1428571428571428,0.0,3.859364531423233,0.071,optimal
2021-02-12 05:30:00,54,6,1.1428571428571428,0.0,5.0,0.071,optimal
2021-02-12 06:00:00,54,6,1.1428571428571428,0.0774074074074074,5.0,0.4201333333333333,optimal
2021-02-12 06:30:00,54,6,1.1428571428571428,0.46444444444444444,5.0,2.0148,optimal
2021-02-12 07:00:00,54,6,1.1428571428571428,0.3096296296296296,0.0,0.2505,optimal
2021-02-12 07:30:00,54,6,1.1428571428571428,4.350701961481816,0.0,1.2255999999999998,optimal
2021-02-12 08:00:00,54,6,0.791360505802188,2.631851851851852,0.0,0.233,optimal
2021-02-12 08:30:00,54,6,0.9658601467292581,0.0,0.0,0.20959999999999998,optimal
2021-02-12 09:00:00,54,6,0.8765598894218383,0.0,0.0,0.071,optimal
2021-02-12 09:30:00,54,6,0.775025743985856,0.0,0.0,0.09620000000000001,optimal
2021-02-12 10:00:00,54,6,0.4579907387119686,0.0,0.0,0.1844,optimal
2021-02-12 10:30:00,54,6,0.47323907590543135,0.0,0.0,0.071,optimal
2021-02-12 11:00:00,54,6,0.28956708029437583,0.0,0.0,0.071,optimal
2021-02-12 11:30:00,54,6,0.2604231224435639,0.0,0.0,0.1655,optimal
2021-02-12 12:00:00,54,6,0.21071811052594575,0.0,0.0,0.1151,optimal
2021-02-12 12:30:00,54,6,0.19174558124655386,0.0,0.0,0.125,optimal
2021-02-12 13:00:00,54,6,0.4938260843598972,0.0,0.0,0.3624333333333333,optimal
2021-02-12 13:30:00,54,6,1.1428571428571428,0.0,0.0,2.038666666666667,optimal
2021-02-12 14:00:00,54,6,1.1428571428571428,0.0,0.0,3.1031,optimal
2021-02-12 14:30:00,54,6,1.1428571428571428,0.0,0.0,0.7624,optimal
2021-02-12 15:00:00,54,6,1.1428571428571428,0.0,0.0,2.4482,optimal
2021-02-12 15:30:00,54,6,1.1428571428571428,0.23222222222222222,0.0,2.5084,optimal
2021-02-12 16:00:00,54,6,0.0,0.0774074074074074,0.0,2.4716666666666667,optimal
2021-02-12 16:30:00,54,6,0.0,0.3096296296296296,0.0,0.1323666666666667,optimal
2021-02-12 17:00:00,54,6,0.0,0.387037037037037,0.0,1.3756666666666668,optimal
2021-02-12 17:30:00,54,6,0.0,0.0,0.0,1.7838333333333332,optimal
2021-02-12 18:00:00,54,6,0.0,0.0,0.0,1.3718,optimal
2021-02-12 18:30:00,54,6,0.0,0.387037037037037,0.0,1.403,optimal
2021-02-12 19:00:00,54,6,0.0,0.0,0.0,0.20959999999999998,optimal
2021-02-12 19:30:00,54,6,0.0,0.0,0.0,0.071,optimal
2021-02-12 20:00:00,54,6,0.0,0.0,0.0,0.1718,optimal
2021-02-12 20:30:00,54,6,0.0,0.0,0.0,0.1088,optimal
2021-02-12 21:00:00,54,6,0.0,0.0,0.0,0.071,optimal
2021-02-12 21:30:00,54,6,0.0,0.0,0.0,0.38180000000000003,optimal
2021-02-12 22:00:00,54,6,0.0,0.0,0.0,0.7092999999999999,optimal
2021-02-12 22:30:00,54,6,0.0,0.1548148148148148,0.0,0.3579333333333333,optimal
2021-02-12 23:00:00,54,6,0.0,0.1548148148148148,0.0,0.3619,optimal
2021-02-12 23:30:00,54,6,0.0,0.387037037037037,0.0,0.5069333333333332,optimal
2021-02-13 00:00:00,54,6,0.0,0.0,0.0,0.06,optimal
2021-02-13 00:30:00,54,6,0.0,0.0,0.0,0.1501333333333333,optimal
2021-02-13 01:00:00,54,6,0.7189681949201141,0.0,0.0,0.09493333333333334,optimal
2021-02-13 01:30:00,54,6,1.1428571428571428,0.0,0.0,0.19073333333333328,optimal
2021-02-13 02:00:00,54,6,1.1428571428571428,0.0,0.0,0.11633333333333332,optimal
2021-02-13 02:30:00,54,6,1.1428571428571428,0.0,0.0,0.08846666666666667,optimal
2021-02-13 03:00:00,54,6,1.1428571428571428,0.0,0.0,0.132,optimal
2021-02-13 03:30:00,54,6,1.1428571428571428,0.0,0.0,0.07,optimal
2021-02-13 04:00:00,54,6,1.1428571428571428,0.0,0.0,0.15680000000000002,optimal
2021-02-13 04:30:00,54,6,1.1428571428571428,0.0,0.0,0.13196666666666668,optimal
2021-02-13 05:00:00,54,6,1.1428571428571428,0.0,0.0,0.2013,optimal
2021-02-13 05:30:00,54,6,1.1428571428571428,0.0,0.8746506940119946,0.08183333333333333,optimal
2021-02-13 06:00:00,54,6,1.1428571428571428,0.0,5.0,0.19563333333333333,optimal
2021-02-13 06:30:00,54,6,1.1428571428571428,0.0,5.0,0.1382,optimal
2021-02-13 07:00:00,54,6,1.1428571428571428,1.2803185185185184,5.0,1.2128666666666665,optimal
2021-02-13 07:30:00,54,6,1.1428571428571428,6.305607407407406,0.0,0.15580000000000002,optimal
2021-02-13 08:00:00,54,6,0.6696292799279602,0.1548148148148148,0.0,0.17603333333333332,optimal
2021-02-13 08:30:00,54,6,0.7278091316009493,4.3348148148148145,0.0,0.13043333333333335,optimal
2021-02-13 09:00:00,54,6,0.5825249426314709,0.6192592592592592,0.0,0.2211,optimal
2021-02-13 09:30:00,54,6,0.5676527724249986,0.0,0.0,0.2629666666666666,optimal
2021-02-13 10:00:00,54,6,0.3864997146336391,0.0,0.0,0.2878,optimal
2021-02-13 10:30:00,54,6,0.22340147106854033,0.1548148148148148,0.0,3.0362,optimal
2021-02-13 11:00:00,54,6,0.029474193837523806,0.23222222222222222,0.0,3.118,optimal
2021-02-13 11:30:00,54,6,0.14067690265337476,0.0,0.0,0.5596666666666666,optimal
2021-02-13 12:00:00,54,6,0.0,0.0,0.0,1.2630666666666666,optimal
2021-02-13 12:30:00,54,6,0.0,0.0,0.0,1.0624,optimal
2021-02-13 13:00:00,54,6,1.1428571428571428,0.46444444444444444,0.0,0.3629333333333333,optimal
2021-02-13 13:30:00,54,6,1.1428571428571428,0.46444444444444444,0.0,1.9092,optimal
2021-02-13 14:00:00,54,6,1.1428571428571428,0.0,0.0,1.640266666666667,optimal
2021-02-13 14:30:00,54,6,1.1428571428571428,0.1548148148148148,0.0,0.6978666666666666,optimal
2021-02-13 15:00:00,54,6,1.1428571428571428,0.0,0.0,0.0824,optimal
2021-02-13 15:30:00,54,6,1.1428571428571428,0.0,0.0,0.14323333333333332,optimal
2021-02-13 16:00:00,54,6,0.0,0.23222222222222222,0.0,0.7153666666666667,optimal
2021-02-13 16:30:00,54,6,0.0,0.387037037037037,0.0,1.1643,optimal
2021-02-13 17:00:00,54,6,0.0,0.6192592592592592,0.0,0.8818666666666667,optimal
2021-02-13 17:30:00,54,6,0.0,0.0,0.0,0.3378,optimal
2021-02-13 18:00:00,54,6,0.0,0.3096296296296296,0.0,0.2357,optimal
2021-02-13 18:30:00,54,6,0.0,0.1548148148148148,0.0,0.2337,optimal
2021-02-13 19:00:00,54,6,0.0,0.0,0.0,0.2582,optimal
2021-02-13 19:30:00,54,6,0.0,0.5418518518518518,0.0,0.221,optimal
2021-02-13 20:00:00,54,6,0.05619945314230672,0.0,0.0,0.16703333333333334,optimal
2021-02-13 20:30:00,54,6,0.0,0.1548148148148148,0.0,0.2424,optimal
2021-02-13 21:00:00,54,6,0.0,0.0,0.0,1.0958666666666665,optimal
2021-02-13 21:30:00,54,6,0.0,0.0,0.0,1.2282,optimal
2021-02-13 22:00:00,54,6,0.0,0.774074074074074,0.0,0.16763333333333333,optimal
2021-02-13 22:30:00,54,6,0.0,0.0,0.0,0.20806666666666662,optimal
2021-02-13 23:00:00,54,6,0.0,0.0,0.0,0.2757,optimal
2021-02-13 23:30:00,54,6,0.0,0.3096296296296296,0.0,0.3645333333333334,optimal
2021-02-07 00:00:00,55,6,0.0,0.0,0.0,0.057,optimal
2021-02-07 00:30:00,55,6,0.0,0.0,0.0,0.1564,optimal
2021-02-07 01:00:00,55,6,0.0,0.0,0.0,0.19706666666666664,optimal
2021-02-07 01:30:00,55,6,0.0,0.0,0.0,0.057,optimal
2021-02-07 02:00:00,55,6,0.0,0.0,0.0,0.1564,optimal
2021-02-07 02:30:00,55,6,0.0,0.0,0.0,0.12066666666666669,optimal
2021-02-07 03:00:00,55,6,0.0,0.0,0.0,0.13340000000000002,optimal
2021-02-07 03:30:00,55,6,0.0,0.0,0.0,0.1422,optimal
2021-02-07 04:00:00,55,6,1.1428571428571428,0.23222222222222222,0.0,0.2042333333333333,optimal
2021-02-07 04:30:00,55,6,1.1428571428571428,0.1548148148148148,0.0,0.21480000000000002,optimal
2021-02-07 05:00:00,55,6,1.1428571428571428,2.3222222222222215,1.1060376930150764,0.5133,optimal
2021-02-07 05:30:00,55,6,1.1428571428571428,0.387037037037037,0.0,0.36156666666666665,optimal
2021-02-07 06:00:00,55,6,1.1428571428571428,0.1548148148148148,0.0,0.45463333333333333,optimal
2021-02-07 06:30:00,55,6,1.1428571428571428,0.3096296296296296,0.0,0.781,optimal
2021-02-07 07:00:00,55,6,1.1428571428571428,0.0,0.0,1.7299666666666667,optimal
2021-02-07 07:30:00,55,6,0.0,5.65074074074074,0.0,1.092266666666667,optimal
2021-02-07 08:00:00,55,6,0.0,0.0,0.0,1.3651333333333335,optimal
2021-02-07 08:30:00,55,6,0.0,0.23222222222222222,0.0,0.5789333333333333,optimal
2021-02-07 09:00:00,55,6,0.2177199466295796,0.1548148148148148,0.0,1.0552666666666668,optimal
2021-02-07 09:30:00,55,6,0.47459091391978203,0.0774074074074074,0.0,1.4460666666666666,optimal
2021-02-07 10:00:00,55,6,0.266620585317025,0.0774074074074074,0.0,1.673266666666667,optimal
2021-02-07 10:30:00,55,6,0.4497751676853276,0.0,0.0,0.29656666666666665,optimal
2021-02-07 11:00:00,55,6,0.3953031296584862,0.0774074074074074,0.0,0.2909333333333333,optimal
2021-02-07 11:30:00,55,6,0.43099836775372896,0.387037037037037,0.0,0.192,optimal
2021-02-07 12:00:00,55,6,0.37387608391579036,0.0,0.0,0.2840666666666667,optimal
2021-02-07 12:30:00,55,6,0.3623713220110289,0.1548148148148148,0.0,0.34,optimal
2021-02-07 13:00:00,55,6,0.7183651866391738,0.0,0.0,0.11166666666666669,optimal
2021-02-07 13:30:00,55,6,1.1428571428571428,0.0,0.0,0.15930000000000002,optimal
2021-02-07 14:00:00,55,6,1.1428571428571428,0.0,0.0,0.11726666666666669,optimal
2021-02-07 14:30:00,55,6,1.1428571428571428,0.0,0.0,0.5539333333333333,optimal
2021-02-07 15:00:00,55,6,1.1428571428571428,0.0,0.0,0.31039999999999995,optimal
2021-02-07 15:30:00,55,6,1.1428571428571428,0.0774074074074074,0.0,0.15033333333333335,optimal
2021-02-07 16:00:00,55,6,0.0,0.23222222222222222,0.0,0.3625,optimal
2021-02-07 16:30:00,55,6,0.0,0.23222222222222222,0.0,1.374,optimal
2021-02-07 17:00:00,55,6,0.0,0.3096296296296296,0.0,3.6802333333333332,optimal
2021-02-07 17:30:00,55,6,0.0,0.0,0.0,1.7868,optimal
2021-02-07 18:00:00,55,6,0.0,0.23222222222222222,0.0,1.4775666666666667,optimal
2021-02-07 18:30:00,55,6,0.0,0.23222222222222222,0.0,0.4344333333333333,optimal
2021-02-07 19:00:00,55,6,0.0,0.0,0.0,0.4391666666666667,optimal
2021-02-07 19:30:00,55,6,0.0,0.0,0.0,0.37853333333333333,optimal
2021-02-07 20:00:00,55,6,0.0,0.3096296296296296,0.0,0.3478,optimal
2021-02-07 20:30:00,55,6,0.0,0.0,0.0,0.237,optimal
2021-02-07 21:00:00,55,6,0.0,0.0,0.0,0.4343666666666667,optimal
2021-02-07 21:30:00,55,6,0.0,0.0,0.0,0.5554,optimal
2021-02-07 22:00:00,55,6,0.0,0.0,0.0,0.4991666666666667,optimal
2021-02-07 22:30:00,55,6,0.0,0.0,0.0,0.6295,optimal
2021-02-07 23:00:00,55,6,0.0,0.0,0.0,0.4067,optimal
2021-02-07 23:30:00,55,6,0.0,1.7803703703703702,0.0,0.4582333333333333,optimal
2021-02-08 00:00:00,55,6,0.0,6.037777777777777,0.0,0.07840000000000001,optimal
2021-02-08 00:30:00,55,6,0.0,0.0,0.0,0.19666666666666663,optimal
2021-02-08 01:00:00,55,6,0.0,0.0,0.0,0.12813333333333332,optimal
2021-02-08 01:30:00,55,6,0.17520385910116099,0.0,0.0,0.16133333333333336,optimal
2021-02-08 02:00:00,55,6,1.1428571428571428,0.0,0.0,0.072,optimal
2021-02-08 02:30:00,55,6,1.1428571428571428,0.0,0.0,0.10773333333333332,optimal
2021-02-08 03:00:00,55,6,1.1428571428571428,0.0,0.0,0.1256,optimal
2021-02-08 03:30:00,55,6,1.1428571428571428,0.0,0.0,0.072,optimal
2021-02-08 04:00:00,55,6,1.1428571428571428,0.23222222222222222,0.0,2.5312666666666668,optimal
2021-02-08 04:30:00,55,6,1.1428571428571428,0.0,0.36549392183649104,0.11633333333333332,optimal
2021-02-08 05:00:00,55,6,1.1428571428571428,0.0,5.0,0.09433333333333331,optimal
2021-02-08 05:30:00,55,6,1.1428571428571428,0.0,5.0,0.139,optimal
2021-02-08 06:00:00,55,6,1.1428571428571428,0.0,5.0,0.072,optimal
2021-02-08 06:30:00,55,6,1.1428571428571428,0.0,5.0,0.072,optimal
2021-02-08 07:00:00,55,6,1.1428571428571428,0.0,5.0,0.16133333333333336,optimal
2021-02-08 07:30:00,55,6,1.1428571428571428,0.0,0.0,0.072,optimal
2021-02-08 08:00:00,55,6,0.688162579393471,0.5836518518518518,0.0,0.14726666666666668,optimal
2021-02-08 08:30:00,55,6,0.5866600189046312,6.073385185185186,0.0,2.698,optimal
2021-02-08 09:00:00,55,6,0.5784290257221409,0.0,0.0,0.224,optimal
2021-02-08 09:30:00,55,6,0.5404676283601596,0.46444444444444444,0.0,1.0774666666666668,optimal
2021-02-08 10:00:00,55,6,0.13401416448507722,0.0774074074074074,0.0,3.267333333333333,optimal
2021-02-08 10:30:00,55,6,0.5596498475613431,0.0,0.0,0.072,optimal
2021-02-08 11:00:00,55,6,0.37707407439883744,0.0,0.0,0.10326666666666667,optimal
2021-02-08 11:30:00,55,6,0.36512901584006574,0.0,0.0,0.13006666666666666,optimal
2021-02-08 12:00:00,55,6,0.32127937108086974,0.0,0.0,0.072,optimal
2021-02-08 12:30:00,55,6,0.3037702063442616,0.0,0.0,0.10326666666666667,optimal
2021-02-08 13:00:00,55,6,1.1428571428571428,0.0,0.0,0.13006666666666666,optimal
2021-02-08 13:30:00,55,6,1.1428571428571428,0.0,0.0,0.08093333333333334,optimal
2021-02-08 14:00:00,55,6,1.1428571428571428,2.0899999999999994,0.0,0.20306666666666665,optimal
2021-02-08 14:30:00,55,6,1.1428571428571428,0.0,0.0,0.14233333333333334,optimal
2021-02-08 15:00:00,55,6,1.1428571428571428,0.0,0.0,0.072,optimal
2021-02-08 15:30:00,55,6,1.1428571428571428,0.0,0.0,0.1524,optimal
2021-02-08 16:00:00,55,6,0.0,0.0,0.0,0.08093333333333334,optimal
2021-02-08 16:30:00,55,6,0.0,0.1548148148148148,0.0,0.3554,optimal
2021-02-08 17:00:00,55,6,0.0,0.774074074074074,0.0,0.4269333333333333,optimal
2021-02-08 17:30:00,55,6,0.0,0.387037037037037,0.0,0.5894666666666667,optimal
2021-02-08 18:00:00,55,6,0.0,0.5418518518518518,0.0,2.6899,optimal
2021-02-08 18:30:00,55,6,0.0,0.1548148148148148,0.0,0.2176,optimal
2021-02-08 19:00:00,55,6,0.0,0.0774074074074074,0.0,2.526333333333333,optimal
2021-02-08 19:30:00,55,6,0.0,0.0,0.0,1.1970666666666665,optimal
2021-02-08 20:00:00,55,6,0.48212682252625055,0.1548148148148148,0.0,1.6372,optimal
2021-02-08 20:30:00,55,6,0.0,0.0774074074074074,0.0,2.6698666666666666,optimal
2021-02-08 21:00:00,55,6,0.0,0.0,0.0,2.0078,optimal
2021-02-08 21:30:00,55,6,0.0,0.0,0.0,1.8591666666666666,optimal
2021-02-08 22:00:00,55,6,0.0,0.0,0.0,0.29996666666666666,optimal
2021-02-08 22:30:00,55,6,0.0,0.23222222222222222,0.0,2.5171333333333332,optimal
2021-02-08 23:00:00,55,6,0.0,0.0,0.0,0.10773333333333332,optimal
2021-02-08 23:30:00,55,6,0.0,0.0,0.0,0.072,optimal
2021-02-09 00:00:00,55,6,0.0,0.1548148148148148,0.0,0.7183333333333334,optimal
2021-02-09 00:30:00,55,6,0.0,0.0,0.0,2.3691666666666666,optimal
2021-02-09 01:00:00,55,6,0.0,0.0,0.0,0.4953666666666667,optimal
2021-02-09 01:30:00,55,6,0.0,0.46444444444444444,0.0,0.9649666666666669,optimal
2021-02-09 02:00:00,55,6,0.0,0.23222222222222222,0.0,0.31393333333333334,optimal
2021-02-09 02:30:00,55,6,1.0379553528225627,0.0,0.0,1.9008666666666663,optimal
2021-02-09 03:00:00,55,6,1.1428571428571428,0.0,0.0,0.44539999999999996,optimal
2021-02-09 03:30:00,55,6,1.1428571428571428,0.0,0.0,1.3208333333333333,optimal
2021-02-09 04:00:00,55,6,1.1428571428571428,0.1548148148148148,0.9223615398055598,2.2960333333333334,optimal
2021-02-09 04:30:00,55,6,1.1428571428571428,0.3096296296296296,5.0,1.9565333333333332,optimal
2021-02-09 05:00:00,55,6,1.1428571428571428,0.387037037037037,5.0,2.279733333333333,optimal
2021-02-09 05:30:00,55,6,1.1428571428571428,1.1611111111111108,5.0,1.231266666666667,optimal
2021-02-09 06:00:00,55,6,1.1428571428571428,0.0,0.0,1.6464333333333334,optimal
2021-02-09 06:30:00,55,6,1.1428571428571428,0.0,0.0,0.1466,optimal
2021-02-09 07:00:00,55,6,1.1428571428571428,0.0,0.0,0.1693,optimal
2021-02-09 07:30:00,55,6,1.1428571428571428,0.0,0.0,0.21586666666666668,optimal
2021-02-09 08:00:00,55,6,0.8488776302320067,0.0,0.0,0.05733333333333333,optimal
2021-02-09 08:30:00,55,6,0.7379819471557452,0.0,0.0,1.0520999999999998,optimal
2021-02-09 09:00:00,55,6,0.5450833607447445,0.1548148148148148,0.0,2.0725333333333333,optimal
2021-02-09 09:30:00,55,6,0.5217548517350793,0.46444444444444444,0.0,2.0174000000000003,optimal
2021-02-09 10:00:00,55,6,0.3106200182449967,0.1548148148148148,0.0,2.7361666666666666,optimal
2021-02-09 10:30:00,55,6,0.21334118137185573,0.0,0.0,0.9265333333333332,optimal
2021-02-09 11:00:00,55,6,0.0,0.0,0.0,3.0455666666666668,optimal
2021-02-09 11:30:00,55,6,0.047390362735817426,0.0,0.0,1.3588,optimal
2021-02-09 12:00:00,55,6,0.016869962886707703,0.0,0.0,0.6083999999999999,optimal
2021-02-09 12:30:00,55,6,0.035770111213719764,0.0774074074074074,0.0,1.6792333333333331,optimal
2021-02-09 13:00:00,55,6,0.061537536481741255,0.0774074074074074,0.0,1.7429333333333334,optimal
2021-02-09 13:30:00,55,6,0.23932388475552624,0.0774074074074074,0.0,1.6999666666666666,optimal
2021-02-09 14:00:00,55,6,1.1428571428571428,0.0774074074074074,0.0,1.8404,optimal
2021-02-09 14:30:00,55,6,1.1428571428571428,0.0,0.0,1.5283666666666667,optimal
2021-02-09 15:00:00,55,6,1.1428571428571428,0.0,0.0,0.6615666666666667,optimal
2021-02-09 15:30:00,55,6,1.1428571428571428,1.6255555555555554,0.0,0.9931333333333332,optimal
2021-02-09 16:00:00,55,6,0.0,0.1548148148148148,0.0,2.755133333333333,optimal
2021-02-09 16:30:00,55,6,0.0,0.5418518518518518,0.0,2.3004000000000002,optimal
2021-02-09 17:00:00,55,6,0.0,1.0837037037037036,0.0,2.531,optimal
2021-02-09 17:30:00,55,6,0.0,0.774074074074074,0.0,0.39776666666666666,optimal
2021-02-09 18:00:00,55,6,0.0,0.1548148148148148,0.0,3.0282666666666667,optimal
2021-02-09 18:30:00,55,6,0.0,0.23222222222222222,0.0,0.6876666666666666,optimal
2021-02-09 19:00:00,55,6,0.0,0.0774074074074074,0.0,1.8523333333333332,optimal
2021-02-09 19:30:00,55,6,0.0,0.0,0.0,0.6797333333333333,optimal
2021-02-09 20:00:00,55,6,0.0,0.0,0.0,0.2412,optimal
2021-02-09 20:30:00,55,6,0.0,0.0,0.0,2.7649666666666666,optimal
2021-02-09 21:00:00,55,6,0.0,0.7167925925925925,0.0,2.4280333333333335,optimal
2021-02-09 21:30:00,55,6,0.0,0.6765407407407406,0.0,0.43189999999999995,optimal
2021-02-09 22:00:00,55,6,0.0,0.23222222222222222,0.0,2.745033333333333,optimal
2021-02-09 22:30:00,55,6,0.0,0.0,0.0,0.061,optimal
2021-02-09 23:00:00,55,6,0.0,0.0,0.0,0.061,optimal
2021-02-09 23:30:00,55,6,0.0,0.0,0.0,0.21719999999999998,optimal
2021-02-10 00:00:00,55,6,0.0,0.0,0.0,0.057,optimal
2021-02-10 00:30:00,55,6,0.0,0.0,0.0,0.057,optimal
2021-02-10 01:00:00,55,6,0.05741784968933452,0.0,0.0,0.10226666666666669,optimal
2021-02-10 01:30:00,55,6,1.1428571428571428,0.0,0.0,0.06993333333333333,optimal
2021-02-10 02:00:00,55,6,1.1428571428571428,0.0,0.0,0.10873333333333332,optimal
2021-02-10 02:30:00,55,6,1.1428571428571428,0.0,0.0,0.07146666666666666,optimal
2021-02-10 03:00:00,55,6,1.1428571428571428,0.0,0.0,0.1152,optimal
2021-02-10 03:30:00,55,6,1.1428571428571428,0.0,0.0,0.057,optimal
2021-02-10 04:00:00,55,6,1.1428571428571428,0.0,0.0,0.1152,optimal
2021-02-10 04:30:00,55,6,1.1428571428571428,0.0,0.0,0.057,optimal
2021-02-10 05:00:00,55,6,1.1428571428571428,0.0,1.6202947022561214,0.057,optimal
2021-02-10 05:30:00,55,6,1.1428571428571428,0.0,5.0,0.1152,optimal
2021-02-10 06:00:00,55,6,1.1428571428571428,0.0,5.0,0.057,optimal
2021-02-10 06:30:00,55,6,1.1428571428571428,0.0,5.0,0.1162,optimal
2021-02-10 07:00:00,55,6,1.1428571428571428,0.0,5.0,0.06533333333333333,optimal
2021-02-10 07:30:00,55,6,1.1428571428571428,3.3285185185185178,0.0,0.29833333333333334,optimal
2021-02-10 08:00:00,55,6,0.6235501529561033,6.115185185185185,0.0,0.26039999999999996,optimal
2021-02-10 08:30:00,55,6,0.6755362263147326,0.0,0.0,0.0846,optimal
2021-02-10 09:00:00,55,6,0.548065508224923,0.1548148148148148,0.0,0.20633333333333329,optimal
2021-02-10 09:30:00,55,6,0.5089896768216574,0.0,0.0,0.4598333333333333,optimal
2021-02-10 10:00:00,55,6,0.2192032490971712,0.0,0.0,1.1248666666666665,optimal
2021-02-10 10:30:00,55,6,0.29163328030663055,0.0,0.0,0.3684333333333333,optimal
2021-02-10 11:00:00,55,6,0.10590492044290815,0.0,0.0,0.38880000000000003,optimal
2021-02-10 11:30:00,55,6,0.14661700474127012,0.0,0.0,0.3735333333333334,optimal
2021-02-10 12:00:00,55,6,0.0,0.1548148148148148,0.0,0.41960000000000003,optimal
2021-02-10 12:30:00,55,6,0.0,0.6192592592592592,0.0,0.3902333333333333,optimal
2021-02-10 13:00:00,55,6,0.0,0.0774074074074074,0.0,1.2500333333333333,optimal
2021-02-10 13:30:00,55,6,0.005541985596861053,0.0774074074074074,0.0,1.6236,optimal
2021-02-10 14:00:00,55,6,1.1428571428571428,0.3096296296296296,0.0,0.5531333333333334,optimal
2021-02-10 14:30:00,55,6,1.1428571428571428,0.0,0.0,0.39280000000000004,optimal
2021-02-10 15:00:00,55,6,1.1428571428571428,0.23222222222222222,0.0,0.30793333333333334,optimal
2021-02-10 15:30:00,55,6,1.1428571428571428,2.1674074074074072,0.0,0.18253333333333333,optimal
2021-02-10 16:00:00,55,6,0.0,0.23222222222222222,0.0,0.431,optimal
2021-02-10 16:30:00,55,6,0.0,3.6412444444444443,0.0,0.31876666666666664,optimal
2021-02-10 17:00:00,55,6,0.0,2.706162962962962,0.0,0.3171666666666667,optimal
2021-02-10 17:30:00,55,6,0.0,0.0,0.0,0.33246666666666663,optimal
2021-02-10 18:00:00,55,6,0.0,0.5418518518518518,0.0,1.5161,optimal
2021-02-10 18:30:00,55,6,0.0,0.0,0.0,0.22706666666666664,optimal
2021-02-10 19:00:00,55,6,0.0,0.1548148148148148,0.0,0.22953333333333334,optimal
2021-02-10 19:30:00,55,6,0.0,0.23222222222222222,0.0,0.2877333333333333,optimal
2021-02-10 20:00:00,55,6,0.0,5.108888888888889,0.0,0.4802,optimal
2021-02-10 20:30:00,55,6,0.0,0.0,0.0,0.4252666666666666,optimal
2021-02-10 21:00:00,55,6,0.0,0.1548148148148148,0.0,0.6187999999999999,optimal
2021-02-10 21:30:00,55,6,0.0,0.23222222222222222,0.0,0.5009,optimal
2021-02-10 22:00:00,55,6,0.0,0.0,0.0,0.3959,optimal
2021-02-10 22:30:00,55,6,0.0,0.0,0.0,0.08963333333333334,optimal
2021-02-10 23:00:00,55,6,0.0,0.0,0.0,0.067,optimal
2021-02-10 23:30:00,55,6,0.0,0.0,0.0,0.0863,optimal
2021-02-11 00:00:00,55,6,0.0,0.0,0.0,0.061666666666666654,optimal
2021-02-11 00:30:00,55,6,0.7940041307738238,0.0774074074074074,0.0,0.28296666666666664,optimal
2021-02-11 01:00:00,55,6,1.1428571428571428,0.387037037037037,0.0,0.5215,optimal
2021-02-11 01:30:00,55,6,1.1428571428571428,0.0,0.0,0.4933666666666667,optimal
2021-02-11 02:00:00,55,6,1.1428571428571428,0.0,0.0,0.061,optimal
2021-02-11 02:30:00,55,6,1.1428571428571428,0.0,0.0,0.061,optimal
2021-02-11 03:00:00,55,6,1.1428571428571428,0.0,0.0,0.13353333333333334,optimal
2021-02-11 03:30:00,55,6,1.1428571428571428,0.0,0.0,0.2748,optimal
2021-02-11 04:00:00,55,6,1.1428571428571428,0.0,0.0,0.14126666666666668,optimal
2021-02-11 04:30:00,55,6,1.1428571428571428,0.0,0.0,0.15036666666666668,optimal
2021-02-11 05:00:00,55,6,1.1428571428571428,0.0,0.0,0.20503333333333335,optimal
2021-02-11 05:30:00,55,6,1.1428571428571428,0.0,0.0,0.10909999999999999,optimal
2021-02-11 06:00:00,55,6,1.1428571428571428,0.0,1.0402263676863,0.31289999999999996,optimal
2021-02-11 06:30:00,55,6,1.1428571428571428,0.1548148148148148,5.0,0.09126666666666668,optimal
2021-02-11 07:00:00,55,6,1.1428571428571428,0.1548148148148148,5.0,0.382,optimal
2021-02-11 07:30:00,55,6,1.1428571428571428,0.46444444444444444,0.0,0.3275666666666667,optimal
2021-02-11 08:00:00,55,6,0.4229055173825571,0.387037037037037,0.0,1.1340333333333332,optimal
2021-02-11 08:30:00,55,6,0.6108802480778712,0.0774074074074074,0.0,0.4952,optimal
2021-02-11 09:00:00,55,6,0.5896954503922578,2.3051925925925927,0.0,0.1562666666666667,optimal
2021-02-11 09:30:00,55,6,0.6181924603628853,3.732585185185185,0.0,0.14416666666666667,optimal
2021-02-11 10:00:00,55,6,0.3323459660265412,0.0,0.0,0.18536666666666668,optimal
2021-02-11 10:30:00,55,6,0.297692507855404,0.0,0.0,0.39936666666666665,optimal
2021-02-11 11:00:00,55,6,0.2332586244163505,0.0,0.0,0.16066666666666665,optimal
2021-02-11 11:30:00,55,6,0.20557544713027534,0.387037037037037,0.0,0.18166666666666662,optimal
2021-02-11 12:00:00,55,6,0.03793274146328799,0.23222222222222222,0.0,0.11,optimal
2021-02-11 12:30:00,55,6,0.0,0.0774074074074074,0.0,0.17833333333333334,optimal
2021-02-11 13:00:00,55,6,0.4920081425939178,0.0,0.0,0.15206666666666666,optimal
2021-02-11 13:30:00,55,6,1.1428571428571428,0.3096296296296296,0.0,0.28946666666666665,optimal
2021-02-11 14:00:00,55,6,1.1428571428571428,0.0,0.0,0.4537,optimal
2021-02-11 14:30:00,55,6,1.1428571428571428,0.0,0.0,0.47856666666666664,optimal
2021-02-11 15:00:00,55,6,1.1428571428571428,0.0,0.0,0.5506666666666666,optimal
2021-02-11 15:30:00,55,6,1.1428571428571428,0.3096296296296296,0.0,0.5514666666666667,optimal
2021-02-11 16:00:00,55,6,0.0,0.23222222222222222,0.0,0.29533333333333334,optimal
2021-02-11 16:30:00,55,6,0.0,0.0774074074074074,0.0,0.41336666666666666,optimal
2021-02-11 17:00:00,55,6,0.0,0.23222222222222222,0.0,0.47643333333333326,optimal
2021-02-11 17:30:00,55,6,0.0,0.6966666666666667,0.0,0.17153333333333334,optimal
2021-02-11 18:00:00,55,6,0.0,0.1548148148148148,0.0,0.19640000000000002,optimal
2021-02-11 18:30:00,55,6,0.0,0.0,0.0,0.5819,optimal
2021-02-11 19:00:00,55,6,0.0,0.1548148148148148,0.0,0.3717,optimal
2021-02-11 19:30:00,55,6,0.0,0.387037037037037,0.0,0.45113333333333333,optimal
2021-02-11 20:00:00,55,6,0.0,0.0,0.0,0.27776666666666666,optimal
2021-02-11 20:30:00,55,6,0.0,0.0,0.0,0.3741666666666667,optimal
2021-02-11 21:00:00,55,6,0.0,0.1548148148148148,0.0,0.5034666666666666,optimal
2021-02-11 21:30:00,55,6,0.0,0.0,0.0,0.37356666666666666,optimal
2021-02-11 22:00:00,55,6,0.0,0.0,0.0,0.4592333333333333,optimal
2021-02-11 22:30:00,55,6,0.0,0.387037037037037,0.0,0.24036666666666667,optimal
2021-02-11 23:00:00,55,6,0.0,0.46444444444444444,0.0,0.3673,optimal
2021-02-11 23:30:00,55,6,0.0,0.0,0.0,0.20186666666666667,optimal
2021-02-12 00:00:00,55,6,1.1428571428571428,0.0,0.0,0.048,optimal
2021-02-12 00:30:00,55,6,1.1428571428571428,0.0,0.0,0.129,optimal
2021-02-12 01:00:00,55,6,1.1428571428571428,0.0,0.0,0.043,optimal
2021-02-12 01:30:00,55,6,1.1428571428571428,0.0,0.0,0.0989,optimal
2021-02-12 02:00:00,55,6,1.1428571428571428,0.0,0.0,0.0731,optimal
2021-02-12 02:30:00,55,6,1.1428571428571428,0.0,0.0,0.043,optimal
2021-02-12 03:00:00,55,6,1.1428571428571428,0.0,0.0,0.129,optimal
2021-02-12 03:30:00,55,6,1.1428571428571428,0.0,0.0,0.043,optimal
2021-02-12 04:00:00,55,6,1.1428571428571428,0.0,0.0,0.129,optimal
2021-02-12 04:30:00,55,6,1.1428571428571428,0.0,0.0,0.043,optimal
2021-02-12 05:00:00,55,6,1.1428571428571428,0.0,0.0,0.043,optimal
2021-02-12 05:30:00,55,6,1.1428571428571428,0.0,0.0,0.134,optimal
2021-02-12 06:00:00,55,6,1.1428571428571428,0.0,0.0,0.053,optimal
2021-02-12 06:30:00,55,6,1.1428571428571428,0.0,1.1065278324184498,0.053,optimal
2021-02-12 07:00:00,55,6,1.1428571428571428,0.0,5.0,0.13133333333333333,optimal
2021-02-12 07:30:00,55,6,1.1428571428571428,6.250597098962479,0.0,0.042,optimal
2021-02-12 08:00:00,55,6,0.8006747915164675,3.3285185185185178,0.0,0.06406666666666666,optimal
2021-02-12 08:30:00,55,6,0.875726813395935,0.0,0.0,0.30546666666666666,optimal
2021-02-12 09:00:00,55,6,0.8566741751361237,0.0,0.0,0.134,optimal
2021-02-12 09:30:00,55,6,0.7730066963668093,0.0,0.0,0.04266666666666666,optimal
2021-02-12 10:00:00,55,6,0.3793907387119679,0.0,0.0,0.3009,optimal
2021-02-12 10:30:00,55,6,0.4202581235244796,0.0,0.0,0.10683333333333331,optimal
2021-02-12 11:00:00,55,6,0.2942527945800939,0.0,0.0,0.043,optimal
2021-02-12 11:30:00,55,6,0.26753740815784105,0.0,0.0,0.134,optimal
2021-02-12 12:00:00,55,6,0.22800382481166623,0.0,0.0,0.053,optimal
2021-02-12 12:30:00,55,6,0.2258598669608462,0.0,0.0,0.053,optimal
2021-02-12 13:00:00,55,6,0.2275884749891997,0.0,0.0,0.053,optimal
2021-02-12 13:30:00,55,6,0.22941924783369647,0.0,0.0,0.0536,optimal
2021-02-12 14:00:00,55,6,0.8544703874027929,0.0,0.0,0.12040000000000001,optimal
2021-02-12 14:30:00,55,6,1.1428571428571428,0.387037037037037,0.0,0.1391,optimal
2021-02-12 15:00:00,55,6,1.1428571428571428,0.0,0.0,0.256,optimal
2021-02-12 15:30:00,55,6,1.1428571428571428,0.23222222222222222,0.0,0.3132333333333333,optimal
2021-02-12 16:00:00,55,6,0.0,0.0,0.0,0.309,optimal
2021-02-12 16:30:00,55,6,0.0,0.3096296296296296,0.0,0.4066666666666667,optimal
2021-02-12 17:00:00,55,6,0.0,0.387037037037037,0.0,0.4802666666666667,optimal
2021-02-12 17:30:00,55,6,0.0,0.3096296296296296,0.0,1.8513333333333333,optimal
2021-02-12 18:00:00,55,6,0.0,0.0,0.0,2.3045999999999998,optimal
2021-02-12 18:30:00,55,6,0.0,1.7803703703703702,0.0,0.436,optimal
2021-02-12 19:00:00,55,6,0.0,0.23222222222222222,0.0,0.4156666666666667,optimal
2021-02-12 19:30:00,55,6,0.0,0.387037037037037,0.0,0.33553333333333335,optimal
2021-02-12 20:00:00,55,6,0.0,0.1548148148148148,0.0,0.42333333333333334,optimal
2021-02-12 20:30:00,55,6,0.0,0.0,0.0,0.4246666666666667,optimal
2021-02-12 21:00:00,55,6,0.0,0.0,0.0,0.292,optimal
2021-02-12 21:30:00,55,6,0.0,0.23222222222222222,0.0,0.292,optimal
2021-02-12 22:00:00,55,6,0.0,0.0,0.0,0.139,optimal
2021-02-12 22:30:00,55,6,0.0,0.0,0.0,0.053,optimal
2021-02-12 23:00:00,55,6,0.0,0.0,0.0,0.139,optimal
2021-02-12 23:30:00,55,6,0.0,0.0,0.0,0.053,optimal
2021-02-13 00:00:00,55,6,0.0,0.0,0.0,0.10146666666666668,optimal
2021-02-13 00:30:00,55,6,0.0,0.0,0.0,0.158,optimal
2021-02-13 01:00:00,55,6,0.5577354628098312,0.0,0.0,0.052,optimal
2021-02-13 01:30:00,55,6,1.1428571428571428,0.0,0.0,0.1156,optimal
2021-02-13 02:00:00,55,6,1.1428571428571428,0.0,0.0,0.14386666666666667,optimal
2021-02-13 02:30:00,55,6,1.1428571428571428,0.0,0.0,0.052,optimal
2021-02-13 03:00:00,55,6,1.1428571428571428,0.0,0.0,0.052,optimal
2021-02-13 03:30:00,55,6,1.1428571428571428,0.0,0.0,0.1792,optimal
2021-02-13 04:00:00,55,6,1.1428571428571428,0.0,0.0,0.08026666666666667,optimal
2021-02-13 04:30:00,55,6,1.1428571428571428,0.0,0.0,0.052,optimal
2021-02-13 05:00:00,55,6,1.1428571428571428,0.0,1.0097822607507188,0.10853333333333332,optimal
2021-02-13 05:30:00,55,6,1.1428571428571428,0.0774074074074074,5.0,0.16576666666666667,optimal
2021-02-13 06:00:00,55,6,1.1428571428571428,0.23222222222222222,0.0,1.4082666666666668,optimal
2021-02-13 06:30:00,55,6,1.1428571428571428,0.6966666666666667,0.0,0.2702,optimal
2021-02-13 07:00:00,55,6,1.1428571428571428,0.46444444444444444,0.0,0.3733,optimal
2021-02-13 07:30:00,55,6,1.1428571428571428,0.23222222222222222,0.0,0.25566666666666665,optimal
2021-02-13 08:00:00,55,6,0.5662349942136727,0.46444444444444444,0.0,0.6799,optimal
2021-02-13 08:30:00,55,6,0.39793103636285937,0.0,0.0,2.0569,optimal
2021-02-13 09:00:00,55,6,0.5386011331076577,6.734444444444445,0.0,0.3172,optimal
2021-02-13 09:30:00,55,6,0.5716622962345199,0.0,0.0,0.2408333333333333,optimal
2021-02-13 10:00:00,55,6,0.34188066701458847,2.012592592592592,0.0,0.41273333333333334,optimal
2021-02-13 10:30:00,55,6,0.36607956630662736,0.0,0.0,0.35719999999999996,optimal
2021-02-13 11:00:00,55,6,0.15478847955181935,0.23222222222222222,0.0,0.45263333333333333,optimal
2021-02-13 11:30:00,55,6,0.18996833122480575,0.0,0.0,0.461,optimal
2021-02-13 12:00:00,55,6,0.19653268593691262,0.0,0.0,0.11033333333333331,optimal
2021-02-13 12:30:00,55,6,0.18115905594955534,0.3096296296296296,0.0,0.1811333333333333,optimal
2021-02-13 13:00:00,55,6,0.4994276457619682,0.0,0.0,0.065,optimal
2021-02-13 13:30:00,55,6,1.1428571428571428,0.0,0.0,0.14466666666666667,optimal
2021-02-13 14:00:00,55,6,1.1428571428571428,0.0774074074074074,0.0,1.9449,optimal
2021-02-13 14:30:00,55,6,1.1428571428571428,0.0,0.0,1.2604000000000002,optimal
2021-02-13 15:00:00,55,6,1.1428571428571428,0.0,0.0,0.21746666666666667,optimal
2021-02-13 15:30:00,55,6,1.1428571428571428,0.0,0.0,0.24963333333333332,optimal
2021-02-13 16:00:00,55,6,0.0,0.0,0.0,0.8440333333333333,optimal
2021-02-13 16:30:00,55,6,0.0,0.0774074074074074,0.0,1.0132999999999999,optimal
2021-02-13 17:00:00,55,6,0.0,0.1548148148148148,0.0,2.3271333333333333,optimal
2021-02-13 17:30:00,55,6,0.0,0.5418518518518518,0.0,1.6581333333333335,optimal
2021-02-13 18:00:00,55,6,0.0,0.1548148148148148,0.0,0.25989999999999996,optimal
2021-02-13 18:30:00,55,6,0.0,0.3096296296296296,0.0,0.4397,optimal
2021-02-13 19:00:00,55,6,0.0,0.0,0.0,0.28996666666666665,optimal
2021-02-13 19:30:00,55,6,0.0,0.1548148148148148,0.0,1.609233333333333,optimal
2021-02-13 20:00:00,55,6,0.0,0.23222222222222222,0.0,0.5265333333333333,optimal
2021-02-13 20:30:00,55,6,0.0,0.0,0.0,0.3344,optimal
2021-02-13 21:00:00,55,6,0.0,0.5418518518518518,0.0,0.4791333333333333,optimal
2021-02-13 21:30:00,55,6,0.0,0.5418518518518518,0.0,0.6117666666666667,optimal
2021-02-13 22:00:00,55,6,0.0,0.3096296296296296,0.0,0.6035666666666667,optimal
2021-02-13 22:30:00,55,6,0.0,0.0,0.0,0.31776666666666664,optimal
2021-02-13 23:00:00,55,6,0.0,0.0,0.0,0.20333333333333328,optimal
2021-02-13 23:30:00,55,6,0.0,0.0,0.0,0.07313333333333334,optimal
2021-02-07 00:00:00,56,6,0.0,0.0,0.0,0.055,optimal
2021-02-07 00:30:00,56,6,0.0,0.0,0.0,0.055,optimal
2021-02-07 01:00:00,56,6,0.0,0.0,0.0,0.055,optimal
2021-02-07 01:30:00,56,6,0.0,0.0,0.0,0.055,optimal
2021-02-07 02:00:00,56,6,0.0,0.0,0.0,0.055,optimal
2021-02-07 02:30:00,56,6,0.0,0.0,0.0,0.055,optimal
2021-02-07 03:00:00,56,6,0.0,0.0,0.0,0.055,optimal
2021-02-07 03:30:00,56,6,0.0,0.0,0.0,0.055,optimal
2021-02-07 04:00:00,56,6,1.1428571428571428,0.0,0.0,0.055,optimal
2021-02-07 04:30:00,56,6,1.1428571428571428,0.0,0.0,0.055,optimal
2021-02-07 05:00:00,56,6,1.1428571428571428,0.0,0.0,0.055,optimal
2021-02-07 05:30:00,56,6,1.1428571428571428,0.0,0.0,0.055,optimal
2021-02-07 06:00:00,56,6,1.1428571428571428,0.0,0.0,0.055,optimal
2021-02-07 06:30:00,56,6,1.1428571428571428,0.1548148148148148,0.0,0.054666666666666655,optimal
2021-02-07 07:00:00,56,6,1.1428571428571428,0.3096296296296296,1.8089900112525021,0.054,optimal
2021-02-07 07:30:00,56,6,0.0,0.0,0.0,0.054,optimal
2021-02-07 08:00:00,56,6,0.6188183785062368,0.0774074074074074,0.0,0.054,optimal
2021-02-07 08:30:00,56,6,0.6469109231422202,0.0,0.0,0.054,optimal
2021-02-07 09:00:00,56,6,0.4473824908182134,0.774074074074074,0.0,0.2127666666666667,optimal
2021-02-07 09:30:00,56,6,0.3544937710626418,0.0,0.0,1.9482000000000002,optimal
2021-02-07 10:00:00,56,6,0.42320153769797464,0.1548148148148148,0.0,2.512,optimal
2021-02-07 10:30:00,56,6,0.530186596256756,0.0,0.0,0.8044,optimal
2021-02-07 11:00:00,56,6,0.46365551061086957,0.23222222222222222,0.0,0.076,optimal
2021-02-07 11:30:00,56,6,0.4284555106108682,0.774074074074074,0.0,0.2552,optimal
2021-02-07 12:00:00,56,6,0.47422339098636623,0.23222222222222222,0.0,0.109,optimal
2021-02-07 12:30:00,56,6,1.1428571428571428,0.1548148148148148,0.0,0.13006666666666666,optimal
2021-02-07 13:00:00,56,6,1.1428571428571428,0.0,0.0,0.065,optimal
2021-02-07 13:30:00,56,6,1.1428571428571428,0.0,0.0,0.065,optimal
2021-02-07 14:00:00,56,6,1.1428571428571428,0.0,0.0,0.065,optimal
2021-02-07 14:30:00,56,6,1.1428571428571428,0.0,0.0,0.3338,optimal
2021-02-07 15:00:00,56,6,1.1428571428571428,0.0,0.0,0.065,optimal
2021-02-07 15:30:00,56,6,1.1428571428571428,0.0,0.0,0.065,optimal
2021-02-07 16:00:00,56,6,0.0,0.0,0.0,0.065,optimal
2021-02-07 16:30:00,56,6,0.0,0.0,0.0,0.065,optimal
2021-02-07 17:00:00,56,6,0.0,0.0,0.0,0.065,optimal
2021-02-07 17:30:00,56,6,0.0,0.1548148148148148,0.0,0.5455333333333333,optimal
2021-02-07 18:00:00,56,6,0.0,0.1548148148148148,0.0,0.20426666666666668,optimal
2021-02-07 18:30:00,56,6,0.0,0.387037037037037,0.0,0.7933,optimal
2021-02-07 19:00:00,56,6,0.0,0.0,0.0,1.1768333333333332,optimal
2021-02-07 19:30:00,56,6,0.6991361924469128,0.0,0.0,0.26063333333333333,optimal
2021-02-07 20:00:00,56,6,0.6550047638754805,0.0,0.0,0.24586666666666668,optimal
2021-02-07 20:30:00,56,6,0.0,0.0,0.0,0.3133,optimal
2021-02-07 21:00:00,56,6,0.0,0.0,0.0,0.3009,optimal
2021-02-07 21:30:00,56,6,0.0,0.0,0.0,0.21559999999999999,optimal
2021-02-07 22:00:00,56,6,0.0,2.012592592592592,0.0,0.3595,optimal
2021-02-07 22:30:00,56,6,0.0,0.23222222222222222,0.0,0.14483333333333334,optimal
2021-02-07 23:00:00,56,6,0.0,0.3096296296296296,0.0,0.073,optimal
2021-02-07 23:30:00,56,6,0.0,0.6966666666666667,0.0,0.12813333333333332,optimal
2021-02-08 00:00:00,56,6,0.0,5.418518518518519,0.0,0.06433333333333333,optimal
2021-02-08 00:30:00,56,6,0.0,0.0,0.0,0.14376666666666668,optimal
2021-02-08 01:00:00,56,6,0.0,0.387037037037037,0.0,0.08596666666666666,optimal
2021-02-08 01:30:00,56,6,0.0,0.0,0.0,0.10743333333333334,optimal
2021-02-08 02:00:00,56,6,0.41163836886194305,0.0,0.0,0.09236666666666667,optimal
2021-02-08 02:30:00,56,6,1.1428571428571428,0.0,0.0,0.06976666666666667,optimal
2021-02-08 03:00:00,56,6,1.1428571428571428,0.0,0.0,0.13003333333333333,optimal
2021-02-08 03:30:00,56,6,1.1428571428571428,0.0,0.0,0.066,optimal
2021-02-08 04:00:00,56,6,1.1428571428571428,0.0,0.0,0.066,optimal
2021-02-08 04:30:00,56,6,1.1428571428571428,0.0,0.0,0.066,optimal
2021-02-08 05:00:00,56,6,1.1428571428571428,0.0,0.0,0.07353333333333333,optimal
2021-02-08 05:30:00,56,6,1.1428571428571428,0.46444444444444444,4.977641537875196,0.12643333333333334,optimal
2021-02-08 06:00:00,56,6,1.1428571428571428,4.721851851851852,5.0,0.064,optimal
2021-02-08 06:30:00,56,6,1.1428571428571428,2.0899999999999994,0.0,1.4325,optimal
2021-02-08 07:00:00,56,6,1.1428571428571428,2.012592592592592,0.0,0.563,optimal
2021-02-08 07:30:00,56,6,1.1428571428571428,4.721851851851852,0.0,0.0695,optimal
2021-02-08 08:00:00,56,6,0.6138863889172892,0.8514814814814814,0.0,0.12043333333333334,optimal
2021-02-08 08:30:00,56,6,0.5121457331903488,2.631851851851852,0.0,0.5802,optimal
2021-02-08 09:00:00,56,6,0.3263433114364331,0.46444444444444444,0.0,0.9066666666666666,optimal
2021-02-08 09:30:00,56,6,0.6247114378839713,0.1548148148148148,0.0,0.16119999999999998,optimal
2021-02-08 10:00:00,56,6,0.48270368829460175,0.0,0.0,0.111,optimal
2021-02-08 10:30:00,56,6,0.48867841898991315,0.0,0.0,0.1146,optimal
2021-02-08 11:00:00,56,6,0.3289216934464548,0.0,0.0,0.124,optimal
2021-02-08 11:30:00,56,6,0.31460520631625727,0.0774074074074074,0.0,0.1591,optimal
2021-02-08 12:00:00,56,6,0.22253651393801333,0.387037037037037,0.0,0.225,optimal
2021-02-08 12:30:00,56,6,0.10659877777283475,0.0,0.0,0.5577333333333333,optimal
2021-02-08 13:00:00,56,6,1.1428571428571428,0.1548148148148148,0.0,0.33146666666666663,optimal
2021-02-08 13:30:00,56,6,1.1428571428571428,0.0,0.0,0.15366666666666665,optimal
2021-02-08 14:00:00,56,6,1.1428571428571428,0.0,0.0,0.23046666666666668,optimal
2021-02-08 14:30:00,56,6,1.1428571428571428,0.0,0.0,0.16266666666666665,optimal
2021-02-08 15:00:00,56,6,1.1428571428571428,0.0,0.0,0.1338,optimal
2021-02-08 15:30:00,56,6,1.1428571428571428,0.0,0.0,0.066,optimal
2021-02-08 16:00:00,56,6,0.0,0.387037037037037,0.0,0.2135,optimal
2021-02-08 16:30:00,56,6,0.0,0.6192592592592592,0.0,0.32276666666666665,optimal
2021-02-08 17:00:00,56,6,0.0,0.0774074074074074,0.0,0.9906,optimal
2021-02-08 17:30:00,56,6,0.0,0.387037037037037,0.0,1.329,optimal
2021-02-08 18:00:00,56,6,0.0,0.0,0.0,0.5510333333333333,optimal
2021-02-08 18:30:00,56,6,0.0,0.0,0.0,0.06976666666666667,optimal
2021-02-08 19:00:00,56,6,0.0,0.0,0.0,0.11016666666666669,optimal
2021-02-08 19:30:00,56,6,0.16761812521833813,0.0,0.0,0.15756666666666666,optimal
2021-02-08 20:00:00,56,6,0.604328917031719,0.23222222222222222,0.0,0.4387,optimal
2021-02-08 20:30:00,56,6,0.0,2.2448148148148146,0.0,0.2385,optimal
2021-02-08 21:00:00,56,6,0.0,0.0,0.0,0.4365,optimal
2021-02-08 21:30:00,56,6,0.0,0.0774074074074074,0.0,0.3535,optimal
2021-02-08 22:00:00,56,6,0.0,0.0,0.0,0.3995,optimal
2021-02-08 22:30:00,56,6,0.0,0.5418518518518518,0.0,0.347,optimal
2021-02-08 23:00:00,56,6,0.0,0.0,0.0,0.5379666666666667,optimal
2021-02-08 23:30:00,56,6,0.0,0.0,0.0,0.3293666666666667,optimal
2021-02-09 00:00:00,56,6,0.0,0.1548148148148148,0.0,0.12433333333333331,optimal
2021-02-09 00:30:00,56,6,0.0,0.0,0.0,0.069,optimal
2021-02-09 01:00:00,56,6,0.0,0.0,0.0,0.069,optimal
2021-02-09 01:30:00,56,6,1.1424324460691695,0.0,0.0,0.069,optimal
2021-02-09 02:00:00,56,6,1.1428571428571428,0.0,0.0,0.2363,optimal
2021-02-09 02:30:00,56,6,1.1428571428571428,0.0,0.0,0.10603333333333331,optimal
2021-02-09 03:00:00,56,6,1.1428571428571428,0.0,0.0,0.17353333333333334,optimal
2021-02-09 03:30:00,56,6,1.1428571428571428,0.0,0.0,0.1688,optimal
2021-02-09 04:00:00,56,6,1.1428571428571428,0.0,0.0,0.10840000000000001,optimal
2021-02-09 04:30:00,56,6,1.1428571428571428,0.0,0.0,0.2339333333333333,optimal
2021-02-09 05:00:00,56,6,1.1428571428571428,0.0,0.0,0.069,optimal
2021-02-09 05:30:00,56,6,1.1428571428571428,0.0,0.0,0.1296,optimal
2021-02-09 06:00:00,56,6,1.1428571428571428,0.0,1.7534128150865957,0.2127333333333333,optimal
2021-02-09 06:30:00,56,6,1.1428571428571428,0.0,5.0,0.069,optimal
2021-02-09 07:00:00,56,6,1.1428571428571428,0.0,5.0,0.22086666666666668,optimal
2021-02-09 07:30:00,56,6,1.1428571428571428,0.0,0.0,0.12146666666666668,optimal
2021-02-09 08:00:00,56,6,0.7753919159462885,0.0,0.0,0.069,optimal
2021-02-09 08:30:00,56,6,0.7278933757271737,0.0,0.0,0.2127333333333333,optimal
2021-02-09 09:00:00,56,6,0.6445271702685529,0.0,0.0,0.1296,optimal
2021-02-09 09:30:00,56,6,0.5039872326874552,0.0,0.0,0.30960000000000004,optimal
2021-02-09 10:00:00,56,6,0.23540382776880242,0.6192592592592592,0.0,0.4759666666666666,optimal
2021-02-09 10:30:00,56,6,0.3592649908956759,0.23222222222222222,0.0,0.15963333333333332,optimal
2021-02-09 11:00:00,56,6,0.09725847956059214,0.1548148148148148,0.0,1.7686333333333335,optimal
2021-02-09 11:30:00,56,6,0.061337378852635446,0.0,0.0,1.9213333333333333,optimal
2021-02-09 12:00:00,56,6,0.0,0.0,0.0,1.4544333333333335,optimal
2021-02-09 12:30:00,56,6,0.0,0.387037037037037,0.0,0.3684333333333333,optimal
2021-02-09 13:00:00,56,6,0.13931368930629837,0.0,0.0,0.7210333333333333,optimal
2021-02-09 13:30:00,56,6,0.0,0.387037037037037,0.0,2.8539666666666665,optimal
2021-02-09 14:00:00,56,6,0.6435407143804294,0.0774074074074074,0.0,2.4273000000000002,optimal
2021-02-09 14:30:00,56,6,1.1428571428571428,0.0,0.0,0.324,optimal
2021-02-09 15:00:00,56,6,1.1428571428571428,0.3096296296296296,0.0,0.16566666666666666,optimal
2021-02-09 15:30:00,56,6,1.1428571428571428,0.0774074074074074,0.0,0.12266666666666669,optimal
2021-02-09 16:00:00,56,6,0.0,0.1548148148148148,0.0,0.081,optimal
2021-02-09 16:30:00,56,6,0.0,0.387037037037037,0.0,0.5754333333333332,optimal
2021-02-09 17:00:00,56,6,0.0,0.7167925925925925,0.0,2.6274333333333333,optimal
2021-02-09 17:30:00,56,6,0.0,2.069874074074074,0.0,0.21780000000000002,optimal
2021-02-09 18:00:00,56,6,0.0,0.0774074074074074,0.0,2.6201999999999996,optimal
2021-02-09 18:30:00,56,6,0.0,0.5418518518518518,0.0,0.7007000000000001,optimal
2021-02-09 19:00:00,56,6,0.0,0.0,0.0,1.2460666666666667,optimal
2021-02-09 19:30:00,56,6,0.0,2.5544444444444445,0.0,2.7809333333333335,optimal
2021-02-09 20:00:00,56,6,0.0,0.6966666666666667,0.0,1.9164666666666668,optimal
2021-02-09 20:30:00,56,6,0.0,0.0,0.0,0.3466,optimal
2021-02-09 21:00:00,56,6,0.0,0.0,0.0,0.4923,optimal
2021-02-09 21:30:00,56,6,0.0,0.0,0.0,1.5510333333333333,optimal
2021-02-09 22:00:00,56,6,0.0,0.23222222222222222,0.0,1.6322999999999999,optimal
2021-02-09 22:30:00,56,6,0.0,0.0,0.0,0.2931333333333333,optimal
2021-02-09 23:00:00,56,6,0.0,0.0,0.0,1.852233333333333,optimal
2021-02-09 23:30:00,56,6,0.0,0.23222222222222222,0.0,0.2069,optimal
2021-02-10 00:00:00,56,6,0.0,0.0774074074074074,0.0,0.1789,optimal
2021-02-10 00:30:00,56,6,0.0,0.0,0.0,0.423,optimal
2021-02-10 01:00:00,56,6,0.0,0.0,0.0,0.155,optimal
2021-02-10 01:30:00,56,6,0.0,0.0,0.0,0.155,optimal
2021-02-10 02:00:00,56,6,0.6912330311353749,0.0,0.0,0.053,optimal
2021-02-10 02:30:00,56,6,1.1428571428571428,0.0,0.0,0.171,optimal
2021-02-10 03:00:00,56,6,1.1428571428571428,0.0,0.0,0.139,optimal
2021-02-10 03:30:00,56,6,1.1428571428571428,0.0,0.0,0.053,optimal
2021-02-10 04:00:00,56,6,1.1428571428571428,0.0,0.0,0.165,optimal
2021-02-10 04:30:00,56,6,1.1428571428571428,0.0,0.0,0.145,optimal
2021-02-10 05:00:00,56,6,1.1428571428571428,2.5188370370370365,0.0,0.44253333333333333,optimal
2021-02-10 05:30:00,56,6,1.1428571428571428,0.5000518518518519,0.0,1.3776666666666668,optimal
2021-02-10 06:00:00,56,6,1.1428571428571428,0.0774074074074074,0.0,1.1115333333333333,optimal
2021-02-10 06:30:00,56,6,1.1428571428571428,0.3096296296296296,4.201603347307705,0.344,optimal
2021-02-10 07:00:00,56,6,1.1428571428571428,2.3222222222222215,5.0,1.5535,optimal
2021-02-10 07:30:00,56,6,1.1428571428571428,0.6966666666666667,0.0,0.1341,optimal
2021-02-10 08:00:00,56,6,0.6859977720037171,0.387037037037037,0.0,0.114,optimal
2021-02-10 08:30:00,56,6,0.6182790834575868,0.5418518518518518,0.0,0.214,optimal
2021-02-10 09:00:00,56,6,0.5888274129868234,0.387037037037037,0.0,0.36333333333333334,optimal
2021-02-10 09:30:00,56,6,0.6336801530121235,0.23222222222222222,0.0,0.7699333333333332,optimal
2021-02-10 10:00:00,56,6,0.5038175348114667,0.0,0.0,0.171,optimal
2021-02-10 10:30:00,56,6,0.5128142326875834,0.0,0.0,0.117,optimal
2021-02-10 11:00:00,56,6,0.34555253949051673,0.0,0.0,0.1414,optimal
2021-02-10 11:30:00,56,6,0.26635986188412286,0.0774074074074074,0.0,0.1842333333333333,optimal
2021-02-10 12:00:00,56,6,0.08235751259048864,0.46444444444444444,0.0,0.2506333333333333,optimal
2021-02-10 12:30:00,56,6,0.18018608401905947,0.0,0.0,0.0719,optimal
2021-02-10 13:00:00,56,6,1.0718007363198665,0.23222222222222222,0.0,0.25516666666666665,optimal
2021-02-10 13:30:00,56,6,1.1428571428571428,0.0,0.0,0.2938,optimal
2021-02-10 14:00:00,56,6,1.1428571428571428,0.0,0.0,0.135,optimal
2021-02-10 14:30:00,56,6,1.1428571428571428,0.0,0.0,0.195,optimal
2021-02-10 15:00:00,56,6,1.1428571428571428,0.0,0.0,0.063,optimal
2021-02-10 15:30:00,56,6,1.1428571428571428,0.0,0.0,0.095,optimal
2021-02-10 16:00:00,56,6,0.0,0.6192592592592592,0.0,0.5092,optimal
2021-02-10 16:30:00,56,6,0.0,0.46444444444444444,0.0,0.3115333333333334,optimal
2021-02-10 17:00:00,56,6,0.0,0.1548148148148148,0.0,0.5453333333333333,optimal
2021-02-10 17:30:00,56,6,0.0,0.1548148148148148,0.0,0.2122,optimal
2021-02-10 18:00:00,56,6,0.0,0.3096296296296296,0.0,0.37676666666666664,optimal
2021-02-10 18:30:00,56,6,0.0,0.1548148148148148,0.0,0.5340333333333332,optimal
2021-02-10 19:00:00,56,6,0.0,0.0774074074074074,0.0,0.3823666666666667,optimal
2021-02-10 19:30:00,56,6,0.0,0.0,0.0,0.3836,optimal
2021-02-10 20:00:00,56,6,0.0,0.0,0.0,0.14826666666666669,optimal
2021-02-10 20:30:00,56,6,0.0,0.6966666666666667,0.0,1.3897,optimal
2021-02-10 21:00:00,56,6,0.0,0.1548148148148148,0.0,0.5453333333333333,optimal
2021-02-10 21:30:00,56,6,0.0,2.39962962962963,0.0,0.15680000000000002,optimal
2021-02-10 22:00:00,56,6,0.0,0.0774074074074074,0.0,0.267,optimal
2021-02-10 22:30:00,56,6,0.0,0.0,0.0,0.3102,optimal
2021-02-10 23:00:00,56,6,0.0,0.23222222222222222,0.0,0.22253333333333333,optimal
2021-02-10 23:30:00,56,6,0.0,0.0,0.0,0.159,optimal
2021-02-11 00:00:00,56,6,0.0,0.23222222222222222,0.0,0.13473333333333332,optimal
2021-02-11 00:30:00,56,6,1.123098627961355,0.0,0.0,0.22319999999999998,optimal
2021-02-11 01:00:00,56,6,1.1428571428571428,0.0,0.0,0.1066,optimal
2021-02-11 01:30:00,56,6,1.1428571428571428,0.0,0.0,0.09466666666666669,optimal
2021-02-11 02:00:00,56,6,1.1428571428571428,0.0,0.0,0.07863333333333335,optimal
2021-02-11 02:30:00,56,6,1.1428571428571428,0.0,0.0,0.17383333333333334,optimal
2021-02-11 03:00:00,56,6,1.1428571428571428,0.0,0.0,0.06886666666666666,optimal
2021-02-11 03:30:00,56,6,1.1428571428571428,0.0,0.0,0.0937,optimal
2021-02-11 04:00:00,56,6,1.1428571428571428,0.0,0.0,0.11256666666666666,optimal
2021-02-11 04:30:00,56,6,1.1428571428571428,0.0,0.0,0.1124,optimal
2021-02-11 05:00:00,56,6,1.1428571428571428,0.0,0.0,0.1636,optimal
2021-02-11 05:30:00,56,6,1.1428571428571428,0.0,0.0,0.045,optimal
2021-02-11 06:00:00,56,6,1.1428571428571428,0.0,2.3930691852716057,0.1147,optimal
2021-02-11 06:30:00,56,6,1.1428571428571428,2.4770370370370367,5.0,0.9536333333333332,optimal
2021-02-11 07:00:00,56,6,1.1428571428571428,3.251111111111111,5.0,1.5251333333333335,optimal
2021-02-11 07:30:00,56,6,1.1428571428571428,1.006296296296296,0.0,0.26796666666666663,optimal
2021-02-11 08:00:00,56,6,0.7157436126206569,0.0,0.0,0.38730000000000003,optimal
2021-02-11 08:30:00,56,6,0.8941850099826317,0.0,0.0,0.08326666666666667,optimal
2021-02-11 09:00:00,56,6,0.7952383075351176,0.0,0.0,0.18603333333333333,optimal
2021-02-11 09:30:00,56,6,0.749440079410511,0.0,0.0,0.0987,optimal
2021-02-11 10:00:00,56,6,0.38646025174082665,0.0774074074074074,0.0,0.18873333333333328,optimal
2021-02-11 10:30:00,56,6,0.41399726976016255,0.0,0.0,0.2993,optimal
2021-02-11 11:00:00,56,6,0.35950624346397225,0.0,0.0,0.060866666666666666,optimal
2021-02-11 11:30:00,56,6,0.29896592332076044,0.0,0.0,0.16019999999999998,optimal
2021-02-11 12:00:00,56,6,0.1495327414632879,0.0,0.0,0.1166,optimal
2021-02-11 12:30:00,56,6,0.44829509825709335,0.0,0.0,0.10053333333333332,optimal
2021-02-11 13:00:00,56,6,1.1428571428571428,0.0,0.0,0.19213333333333332,optimal
2021-02-11 13:30:00,56,6,1.1428571428571428,0.0,0.0,0.07276666666666666,optimal
2021-02-11 14:00:00,56,6,1.1428571428571428,0.0,0.0,0.08863333333333334,optimal
2021-02-11 14:30:00,56,6,1.1428571428571428,0.23222222222222222,0.0,2.6009333333333333,optimal
2021-02-11 15:00:00,56,6,1.1428571428571428,0.0,0.0,0.19273333333333328,optimal
2021-02-11 15:30:00,56,6,1.1428571428571428,0.0,0.0,0.06886666666666666,optimal
2021-02-11 16:00:00,56,6,0.0,0.0,0.0,0.2238,optimal
2021-02-11 16:30:00,56,6,0.0,0.0,0.0,0.045,optimal
2021-02-11 17:00:00,56,6,0.0,0.0,0.0,0.43560000000000004,optimal
2021-02-11 17:30:00,56,6,0.0,0.0,0.0,0.25630000000000003,optimal
2021-02-11 18:00:00,56,6,0.0,0.0,0.0,0.20183333333333328,optimal
2021-02-11 18:30:00,56,6,0.0,0.0,0.0,0.18816666666666662,optimal
2021-02-11 19:00:00,56,6,0.0,0.0,0.0,0.1164,optimal
2021-02-11 19:30:00,56,6,1.0886558810093103,0.0,0.0,0.0987,optimal
2021-02-11 20:00:00,56,6,1.1127401590033394,0.0,0.0,0.13446666666666668,optimal
2021-02-11 20:30:00,56,6,0.0,0.0,0.0,0.1045,optimal
2021-02-11 21:00:00,56,6,0.0,0.1548148148148148,0.0,0.28996666666666665,optimal
2021-02-11 21:30:00,56,6,0.0,0.23222222222222222,0.0,0.4881333333333333,optimal
2021-02-11 22:00:00,56,6,0.0,0.3096296296296296,0.0,0.2725666666666667,optimal
2021-02-11 22:30:00,56,6,0.0,0.0,0.0,0.045,optimal
2021-02-11 23:00:00,56,6,0.0,0.0,0.0,0.2079,optimal
2021-02-11 23:30:00,56,6,0.0,0.0,0.0,0.08476666666666667,optimal
2021-02-12 00:00:00,56,6,1.1428571428571428,0.23222222222222222,0.0,0.06659999999999999,optimal
2021-02-12 00:30:00,56,6,1.1428571428571428,0.0,0.0,0.053,optimal
2021-02-12 01:00:00,56,6,1.1428571428571428,0.0,0.0,0.15633333333333335,optimal
2021-02-12 01:30:00,56,6,1.1428571428571428,0.0,0.0,0.07233333333333333,optimal
2021-02-12 02:00:00,56,6,1.1428571428571428,0.0,0.0,0.2066,optimal
2021-02-12 02:30:00,56,6,1.1428571428571428,0.0,0.0,0.053,optimal
2021-02-12 03:00:00,56,6,1.1428571428571428,0.0,0.0,0.22593333333333332,optimal
2021-02-12 03:30:00,56,6,1.1428571428571428,0.0,0.9062282854373388,0.053,optimal
2021-02-12 04:00:00,56,6,1.1428571428571428,0.0,5.0,0.1305,optimal
2021-02-12 04:30:00,56,6,1.1428571428571428,0.0,5.0,0.14843333333333333,optimal
2021-02-12 05:00:00,56,6,1.1428571428571428,0.387037037037037,5.0,0.33066666666666666,optimal
2021-02-12 05:30:00,56,6,1.1428571428571428,0.5418518518518518,0.0,0.23396666666666666,optimal
2021-02-12 06:00:00,56,6,1.1428571428571428,0.387037037037037,0.0,0.26726666666666665,optimal
2021-02-12 06:30:00,56,6,1.1428571428571428,0.1548148148148148,0.0,0.25206666666666666,optimal
2021-02-12 07:00:00,56,6,1.1428571428571428,2.2448148148148146,0.0,0.165,optimal
2021-02-12 07:30:00,56,6,1.1428571428571428,4.825295760196405,0.0,0.34063333333333334,optimal
2021-02-12 08:00:00,56,6,0.6446024105640853,2.0899999999999994,0.0,1.4538666666666666,optimal
2021-02-12 08:30:00,56,6,0.7644601467292618,1.006296296296296,0.0,0.24636666666666668,optimal
2021-02-12 09:00:00,56,6,0.6038056037075521,0.23222222222222222,0.0,1.1382999999999999,optimal
2021-02-12 09:30:00,56,6,0.5789076487477599,2.5544444444444445,0.0,0.8815,optimal
2021-02-12 10:00:00,56,6,0.4420955006167346,0.0,0.0,0.29633333333333334,optimal
2021-02-12 10:30:00,56,6,0.46969050447685284,0.0,0.0,0.1586,optimal
2021-02-12 11:00:00,56,6,0.25205469934199076,0.0,0.0,0.33963333333333334,optimal
2021-02-12 11:30:00,56,6,0.28933740815784453,0.0,0.0,0.063,optimal
2021-02-12 12:00:00,56,6,0.1964895390973797,0.0,0.0,0.1636,optimal
2021-02-12 12:30:00,56,6,0.20242177172274725,0.0,0.0,0.13533333333333333,optimal
2021-02-12 13:00:00,56,6,0.3822910073209288,0.0,0.0,0.09393333333333334,optimal
2021-02-12 13:30:00,56,6,1.1428571428571428,0.0,0.0,0.11716666666666668,optimal
2021-02-12 14:00:00,56,6,1.1428571428571428,0.0,0.0,0.15083333333333335,optimal
2021-02-12 14:30:00,56,6,1.1428571428571428,0.0,0.0,1.5248,optimal
2021-02-12 15:00:00,56,6,1.1428571428571428,0.23222222222222222,0.0,0.47956666666666664,optimal
2021-02-12 15:30:00,56,6,1.1428571428571428,0.5062444444444444,0.0,0.31660000000000005,optimal
2021-02-12 16:00:00,56,6,0.0,0.035607407407407414,0.0,0.45130000000000003,optimal
2021-02-12 16:30:00,56,6,0.0,0.3096296296296296,0.0,0.4508666666666667,optimal
2021-02-12 17:00:00,56,6,0.0,0.6192592592592592,0.0,0.356,optimal
2021-02-12 17:30:00,56,6,0.0,0.3096296296296296,0.0,1.6713333333333333,optimal
2021-02-12 18:00:00,56,6,0.0,0.0,0.0,0.5909333333333333,optimal
2021-02-12 18:30:00,56,6,0.0,0.23222222222222222,0.0,0.2984,optimal
2021-02-12 19:00:00,56,6,0.0,0.0774074074074074,0.0,0.22080000000000002,optimal
2021-02-12 19:30:00,56,6,0.0,0.1548148148148148,0.0,0.3869333333333333,optimal
2021-02-12 20:00:00,56,6,0.0,0.0,0.0,0.22013333333333332,optimal
2021-02-12 20:30:00,56,6,0.0,0.0,0.0,0.3053333333333333,optimal
2021-02-12 21:00:00,56,6,0.0,0.3096296296296296,0.0,0.3853333333333333,optimal
2021-02-12 21:30:00,56,6,0.0,3.9477777777777776,0.0,0.47073333333333334,optimal
2021-02-12 22:00:00,56,6,0.0,1.7029629629629628,0.0,0.5357999999999999,optimal
2021-02-12 22:30:00,56,6,0.0,0.387037037037037,0.0,0.4433333333333333,optimal
2021-02-12 23:00:00,56,6,0.0,0.0774074074074074,0.0,0.4771333333333333,optimal
2021-02-12 23:30:00,56,6,0.0,0.0,0.0,0.5437000000000001,optimal
2021-02-13 00:00:00,56,6,0.0,0.0,0.0,0.065,optimal
2021-02-13 00:30:00,56,6,0.0,0.0,0.0,0.065,optimal
2021-02-13 01:00:00,56,6,0.0,0.0,0.0,0.0686,optimal
2021-02-13 01:30:00,56,6,0.9536529391756748,0.0,0.0,0.1262,optimal
2021-02-13 02:00:00,56,6,1.1428571428571428,0.0,0.0,0.065,optimal
2021-02-13 02:30:00,56,6,1.1428571428571428,0.0,0.0,0.1298,optimal
2021-02-13 03:00:00,56,6,1.1428571428571428,0.0,0.0,0.065,optimal
2021-02-13 03:30:00,56,6,1.1428571428571428,0.0,0.0,0.1298,optimal
2021-02-13 04:00:00,56,6,1.1428571428571428,0.0,0.0,0.065,optimal
2021-02-13 04:30:00,56,6,1.1428571428571428,0.0,0.0,0.0722,optimal
2021-02-13 05:00:00,56,6,1.1428571428571428,0.0,0.0,0.1226,optimal
2021-02-13 05:30:00,56,6,1.1428571428571428,0.0,3.784850855163642,0.065,optimal
2021-02-13 06:00:00,56,6,1.1428571428571428,0.1548148148148148,5.0,0.09913333333333334,optimal
2021-02-13 06:30:00,56,6,1.1428571428571428,9.870992592592591,0.0,1.6419000000000001,optimal
2021-02-13 07:00:00,56,6,1.1428571428571428,0.6564148148148148,0.0,0.9863999999999999,optimal
2021-02-13 07:30:00,56,6,1.1428571428571428,2.631851851851852,0.0,1.299766666666667,optimal
2021-02-13 08:00:00,56,6,0.7150530894517724,3.3285185185185178,0.0,1.3769,optimal
2021-02-13 08:30:00,56,6,0.6588186554104735,0.1548148148148148,0.0,0.5247,optimal
2021-02-13 09:00:00,56,6,0.7796677997743252,0.0,0.0,0.075,optimal
2021-02-13 09:30:00,56,6,0.7689480105202368,0.0,0.0,0.075,optimal
2021-02-13 10:00:00,56,6,0.5800901908241208,0.0,0.0,0.075,optimal
2021-02-13 10:30:00,56,6,0.5779462329733007,0.0,0.0,0.075,optimal
2021-02-13 11:00:00,56,6,0.35639800336134353,0.0,0.0,0.111,optimal
2021-02-13 11:30:00,56,6,0.35631118836766323,0.0,0.0,0.1038,optimal
2021-02-13 12:00:00,56,6,0.26074220974643253,0.0,0.0,0.1326,optimal
2021-02-13 12:30:00,56,6,0.2708542940447936,0.0,0.0,0.08220000000000001,optimal
2021-02-13 13:00:00,56,6,1.1428571428571428,0.0,0.0,0.1398,optimal
2021-02-13 13:30:00,56,6,1.1428571428571428,0.0,0.0,0.075,optimal
2021-02-13 14:00:00,56,6,1.1428571428571428,0.0,0.0,0.075,optimal
2021-02-13 14:30:00,56,6,1.1428571428571428,0.0,0.0,0.1398,optimal
2021-02-13 15:00:00,56,6,1.1428571428571428,0.0,0.0,0.075,optimal
2021-02-13 15:30:00,56,6,1.1428571428571428,0.0,0.0,0.075,optimal
2021-02-13 16:00:00,56,6,0.0,0.0,0.0,0.1398,optimal
2021-02-13 16:30:00,56,6,0.0,1.433585185185185,0.0,0.6045333333333333,optimal
2021-02-13 17:00:00,56,6,0.0,4.294562962962962,0.0,0.3203333333333333,optimal
2021-02-13 17:30:00,56,6,0.0,0.0,0.0,0.3605333333333334,optimal
2021-02-13 18:00:00,56,6,0.0,0.0,0.0,0.2444,optimal
2021-02-13 18:30:00,56,6,0.0,0.1548148148148148,0.0,0.2833,optimal
2021-02-13 19:00:00,56,6,0.0,0.0,0.0,2.1927,optimal
2021-02-13 19:30:00,56,6,0.42414317059344453,6.734444444444446,0.0,2.258033333333333,optimal
2021-02-13 20:00:00,56,6,0.6337370045495584,0.0,0.0,0.18680000000000002,optimal
2021-02-13 20:30:00,56,6,0.0,7.818148148148149,0.0,2.025,optimal
2021-02-13 21:00:00,56,6,0.0,0.0,0.0,0.9794666666666668,optimal
2021-02-13 21:30:00,56,6,0.0,0.0774074074074074,0.0,2.308333333333333,optimal
2021-02-13 22:00:00,56,6,0.0,0.0774074074074074,0.0,3.145266666666667,optimal
2021-02-13 22:30:00,56,6,0.0,5.559399999999999,0.0,0.6498666666666667,optimal
2021-02-13 23:00:00,56,6,0.0,1.0202296296296298,0.0,0.5392,optimal
2021-02-13 23:30:00,56,6,0.0,0.0,0.0,0.5046,optimal
2021-02-07 00:00:00,57,6,0.0,0.0774074074074074,0.0,0.23666666666666664,optimal
2021-02-07 00:30:00,57,6,0.0,0.0,0.0,0.7163333333333334,optimal
2021-02-07 01:00:00,57,6,0.0,0.0,0.0,0.3407,optimal
2021-02-07 01:30:00,57,6,0.0,0.0,0.0,0.18946666666666667,optimal
2021-02-07 02:00:00,57,6,0.0,0.0,0.0,0.0756,optimal
2021-02-07 02:30:00,57,6,0.0,0.0,0.0,0.3058333333333333,optimal
2021-02-07 03:00:00,57,6,0.0,0.0,0.0,0.17006666666666667,optimal
2021-02-07 03:30:00,57,6,0.0,0.0,0.0,0.14413333333333334,optimal
2021-02-07 04:00:00,57,6,1.1428571428571428,1.8624222222222222,0.0,0.31939999999999996,optimal
2021-02-07 04:30:00,57,6,1.1428571428571428,3.401281481481481,0.0,0.3138333333333333,optimal
2021-02-07 05:00:00,57,6,1.1428571428571428,0.6192592592592592,0.0,1.6205666666666667,optimal
2021-02-07 05:30:00,57,6,1.1428571428571428,0.46444444444444444,0.0,1.7724666666666666,optimal
2021-02-07 06:00:00,57,6,1.1428571428571428,0.3096296296296296,0.0,0.5047333333333334,optimal
2021-02-07 06:30:00,57,6,1.1428571428571428,1.8004962962962965,0.0,0.4791,optimal
2021-02-07 07:00:00,57,6,1.1428571428571428,1.140985185185185,1.6063785740462473,0.8566,optimal
2021-02-07 07:30:00,57,6,0.0,0.0774074074074074,0.0,0.5909,optimal
2021-02-07 08:00:00,57,6,0.0,0.0,0.0,0.3764333333333333,optimal
2021-02-07 08:30:00,57,6,0.0,0.0,0.0,0.16933333333333334,optimal
2021-02-07 09:00:00,57,6,0.0,0.0,0.0,0.205,optimal
2021-02-07 09:30:00,57,6,0.0,0.0,0.0,0.20333333333333328,optimal
2021-02-07 10:00:00,57,6,0.0,0.3096296296296296,0.0,0.5360333333333333,optimal
2021-02-07 10:30:00,57,6,0.2562968933480201,0.0,0.0,0.5595,optimal
2021-02-07 11:00:00,57,6,0.39034122489658646,0.0,0.0,0.349,optimal
2021-02-07 11:30:00,57,6,0.486998367753719,0.1548148148148148,0.0,0.20336666666666667,optimal
2021-02-07 12:00:00,57,6,0.4326760839157823,0.0,0.0,0.24863333333333332,optimal
2021-02-07 12:30:00,57,6,0.48371417915388437,0.0,0.0,0.07,optimal
2021-02-07 13:00:00,57,6,0.9897709393237916,0.0,0.0,0.2186,optimal
2021-02-07 13:30:00,57,6,1.1428571428571428,0.0,0.0,0.15496666666666667,optimal
2021-02-07 14:00:00,57,6,1.1428571428571428,0.0,0.0,0.10476666666666667,optimal
2021-02-07 14:30:00,57,6,1.1428571428571428,0.0,0.0,0.1775,optimal
2021-02-07 15:00:00,57,6,1.1428571428571428,0.46444444444444444,0.0,0.6303,optimal
2021-02-07 15:30:00,57,6,1.1428571428571428,0.0,0.0,0.10859999999999999,optimal
2021-02-07 16:00:00,57,6,0.0,0.1548148148148148,0.0,0.23633333333333328,optimal
2021-02-07 16:30:00,57,6,0.0,0.0,0.0,0.1986,optimal
2021-02-07 17:00:00,57,6,0.0,0.3096296296296296,0.0,0.7411666666666666,optimal
2021-02-07 17:30:00,57,6,0.0,0.0,0.0,1.8598666666666663,optimal
2021-02-07 18:00:00,57,6,0.0,0.0,0.0,0.3412,optimal
2021-02-07 18:30:00,57,6,0.0,0.5418518518518518,0.0,0.5481333333333334,optimal
2021-02-07 19:00:00,57,6,0.0,0.6966666666666667,0.0,0.5145,optimal
2021-02-07 19:30:00,57,6,0.0,0.46444444444444444,0.0,0.48669999999999997,optimal
2021-02-07 20:00:00,57,6,0.0,0.0,0.0,1.1335333333333333,optimal
2021-02-07 20:30:00,57,6,0.0,0.1548148148148148,0.0,0.4035666666666667,optimal
2021-02-07 21:00:00,57,6,0.0,0.387037037037037,0.0,0.8874333333333333,optimal
2021-02-07 21:30:00,57,6,0.0,0.3096296296296296,0.0,0.5210666666666667,optimal
2021-02-07 22:00:00,57,6,0.0,0.0,0.0,0.49476666666666663,optimal
2021-02-07 22:30:00,57,6,0.0,4.567037037037037,0.0,0.6820333333333333,optimal
2021-02-07 23:00:00,57,6,0.0,0.0,0.0,1.0473666666666666,optimal
2021-02-07 23:30:00,57,6,0.0,0.0,0.0,0.12463333333333335,optimal
2021-02-08 00:00:00,57,6,0.0,0.0,0.0,0.053,optimal
2021-02-08 00:30:00,57,6,0.0,0.0,0.0,0.053,optimal
2021-02-08 01:00:00,57,6,0.0,0.0,0.0,0.053,optimal
2021-02-08 01:30:00,57,6,0.0,0.0,0.0,0.11996666666666668,optimal
2021-02-08 02:00:00,57,6,0.4880172815304385,0.0,0.0,0.1993,optimal
2021-02-08 02:30:00,57,6,1.1428571428571428,0.0,0.0,0.10633333333333331,optimal
2021-02-08 03:00:00,57,6,1.1428571428571428,0.0,0.0,0.17809999999999998,optimal
2021-02-08 03:30:00,57,6,1.1428571428571428,0.0,0.0,0.08783333333333333,optimal
2021-02-08 04:00:00,57,6,1.1428571428571428,0.0,0.0,0.053,optimal
2021-02-08 04:30:00,57,6,1.1428571428571428,0.0,0.0,0.2296,optimal
2021-02-08 05:00:00,57,6,1.1428571428571428,0.0,0.0,0.08966666666666667,optimal
2021-02-08 05:30:00,57,6,1.1428571428571428,0.0,0.0,0.16823333333333332,optimal
2021-02-08 06:00:00,57,6,1.1428571428571428,0.0,4.904013392739144,0.1657,optimal
2021-02-08 06:30:00,57,6,1.1428571428571428,0.0,5.0,0.083,optimal
2021-02-08 07:00:00,57,6,1.1428571428571428,0.387037037037037,5.0,0.2613333333333333,optimal
2021-02-08 07:30:00,57,6,1.1428571428571428,0.0,0.0,0.072,optimal
2021-02-08 08:00:00,57,6,0.6365340079649013,1.0837037037037036,0.0,0.34786666666666666,optimal
2021-02-08 08:30:00,57,6,0.6307666855712969,0.0774074074074074,0.0,1.3037999999999998,optimal
2021-02-08 09:00:00,57,6,0.5492385495316671,0.0774074074074074,0.0,1.3863333333333332,optimal
2021-02-08 09:30:00,57,6,0.3325876283601611,0.0,0.0,1.5386666666666668,optimal
2021-02-08 10:00:00,57,6,0.37582559305650404,0.0,0.0,0.4776,optimal
2021-02-08 10:30:00,57,6,0.29551460946609887,0.0,0.0,1.3792,optimal
2021-02-08 11:00:00,57,6,0.18784359820835878,0.0774074074074074,0.0,0.8275,optimal
2021-02-08 11:30:00,57,6,0.1639671110781582,0.0,0.0,0.6842666666666667,optimal
2021-02-08 12:00:00,57,6,0.1377688948903993,0.0,0.0,0.5295,optimal
2021-02-08 12:30:00,57,6,0.0,0.0,0.0,2.082766666666667,optimal
2021-02-08 13:00:00,57,6,1.1428571428571428,0.0,0.0,0.3191333333333333,optimal
2021-02-08 13:30:00,57,6,1.1428571428571428,0.0,0.0,0.4853,optimal
2021-02-08 14:00:00,57,6,1.1428571428571428,0.0,0.0,0.09763333333333334,optimal
2021-02-08 14:30:00,57,6,1.1428571428571428,0.0,0.0,0.0839,optimal
2021-02-08 15:00:00,57,6,1.1428571428571428,0.0,0.0,0.1987,optimal
2021-02-08 15:30:00,57,6,1.1428571428571428,0.0,0.0,0.11966666666666669,optimal
2021-02-08 16:00:00,57,6,0.0,0.0,0.0,0.36939999999999995,optimal
2021-02-08 16:30:00,57,6,0.0,0.5418518518518518,0.0,0.5648333333333334,optimal
2021-02-08 17:00:00,57,6,0.0,0.0,0.0,0.33916666666666667,optimal
2021-02-08 17:30:00,57,6,0.0,0.3096296296296296,0.0,0.5679666666666667,optimal
2021-02-08 18:00:00,57,6,0.0,0.0,0.0,0.063,optimal
2021-02-08 18:30:00,57,6,0.0,0.0,0.0,0.5013,optimal
2021-02-08 19:00:00,57,6,0.0,0.0,0.0,0.10176666666666669,optimal
2021-02-08 19:30:00,57,6,0.2694312760466018,0.0,0.0,0.05766666666666666,optimal
2021-02-08 20:00:00,57,6,0.7936241551269543,0.0,0.0,0.19766666666666663,optimal
2021-02-08 20:30:00,57,6,0.0,0.0,0.0,0.06693333333333333,optimal
2021-02-08 21:00:00,57,6,0.0,0.0,0.0,0.053,optimal
2021-02-08 21:30:00,57,6,0.0,0.0,0.0,0.41493333333333327,optimal
2021-02-08 22:00:00,57,6,0.0,0.0774074074074074,0.0,0.22696666666666668,optimal
2021-02-08 22:30:00,57,6,0.0,0.0774074074074074,0.0,0.0846,optimal
2021-02-08 23:00:00,57,6,0.0,0.5836518518518518,0.0,0.39239999999999997,optimal
2021-02-08 23:30:00,57,6,0.0,0.0,0.0,0.053,optimal
2021-02-09 00:00:00,57,6,0.0,0.0,0.0,0.063,optimal
2021-02-09 00:30:00,57,6,0.0,0.0,0.0,0.2802,optimal
2021-02-09 01:00:00,57,6,0.35542948413873926,0.0,0.0,0.063,optimal
2021-02-09 01:30:00,57,6,1.1428571428571428,0.0,0.0,0.15743333333333334,optimal
2021-02-09 02:00:00,57,6,1.1428571428571428,0.0,0.0,0.1857666666666667,optimal
2021-02-09 02:30:00,57,6,1.1428571428571428,0.0,0.0,0.063,optimal
2021-02-09 03:00:00,57,6,1.1428571428571428,0.0,0.0,0.063,optimal
2021-02-09 03:30:00,57,6,1.1428571428571428,0.0,0.0,0.21480000000000002,optimal
2021-02-09 04:00:00,57,6,1.1428571428571428,0.0,0.0,0.08843333333333334,optimal
2021-02-09 04:30:00,57,6,1.1428571428571428,0.0,0.0,0.10296666666666668,optimal
2021-02-09 05:00:00,57,6,1.1428571428571428,0.0,0.0,0.2402333333333333,optimal
2021-02-09 05:30:00,57,6,1.1428571428571428,0.0,0.0,0.10296666666666668,optimal
2021-02-09 06:00:00,57,6,1.1428571428571428,0.0,3.862315822037383,0.16143333333333335,optimal
2021-02-09 06:30:00,57,6,1.1428571428571428,0.0,5.0,0.1817666666666667,optimal
2021-02-09 07:00:00,57,6,1.1428571428571428,0.46444444444444444,5.0,0.061666666666666654,optimal
2021-02-09 07:30:00,57,6,1.1428571428571428,0.0,0.0,0.13,optimal
2021-02-09 08:00:00,57,6,0.5557252492796209,0.3096296296296296,0.0,0.4603,optimal
2021-02-09 08:30:00,57,6,0.6058362328700286,0.5418518518518518,0.0,0.25880000000000003,optimal
2021-02-09 09:00:00,57,6,0.4489443131256997,5.014451851851852,0.0,0.4579,optimal
2021-02-09 09:30:00,57,6,0.11401770887794213,2.1844370370370365,0.0,3.499733333333333,optimal
2021-02-09 10:00:00,57,6,0.1423695420545252,0.0,0.0,2.1063666666666667,optimal
2021-02-09 10:30:00,57,6,0.45288594327662657,0.0,0.0,0.27886666666666665,optimal
2021-02-09 11:00:00,57,6,0.34679943194155377,0.0,0.0,0.1686,optimal
2021-02-09 11:30:00,57,6,0.3098440455193069,0.0,0.0,0.30860000000000004,optimal
2021-02-09 12:00:00,57,6,0.22581282002956893,0.0,0.0,0.1075,optimal
2021-02-09 12:30:00,57,6,0.22598534930895517,0.0,0.0,0.1144,optimal
2021-02-09 13:00:00,57,6,0.8359041845450697,0.0,0.0,0.1834,optimal
2021-02-09 13:30:00,57,6,1.1428571428571428,0.0,0.0,0.073,optimal
2021-02-09 14:00:00,57,6,1.1428571428571428,0.0,0.0,0.27566666666666667,optimal
2021-02-09 14:30:00,57,6,1.1428571428571428,0.0,0.0,0.08753333333333334,optimal
2021-02-09 15:00:00,57,6,1.1428571428571428,0.0,0.0,0.21066666666666664,optimal
2021-02-09 15:30:00,57,6,1.1428571428571428,0.0,0.0,0.15253333333333333,optimal
2021-02-09 16:00:00,57,6,0.0,0.0,0.0,0.31156666666666666,optimal
2021-02-09 16:30:00,57,6,0.0,0.46444444444444444,0.0,0.3985666666666667,optimal
2021-02-09 17:00:00,57,6,0.0,0.0,0.0,0.3982,optimal
2021-02-09 17:30:00,57,6,0.0,1.470740740740741,0.0,0.38489999999999996,optimal
2021-02-09 18:00:00,57,6,0.0,0.46444444444444444,0.0,0.3430666666666667,optimal
2021-02-09 18:30:00,57,6,0.0,0.0,0.0,1.3845333333333334,optimal
2021-02-09 19:00:00,57,6,0.0,2.1674074074074072,0.0,0.5650333333333333,optimal
2021-02-09 19:30:00,57,6,0.0,0.3096296296296296,0.0,0.4966666666666667,optimal
2021-02-09 20:00:00,57,6,0.0,0.387037037037037,0.0,0.24796666666666667,optimal
2021-02-09 20:30:00,57,6,0.0,0.23222222222222222,0.0,0.2442666666666667,optimal
2021-02-09 21:00:00,57,6,0.0,0.0,0.0,0.33039999999999997,optimal
2021-02-09 21:30:00,57,6,0.0,0.0,0.0,0.4363,optimal
2021-02-09 22:00:00,57,6,0.0,0.23222222222222222,0.0,2.297433333333333,optimal
2021-02-09 22:30:00,57,6,0.0,0.0,0.0,0.2286,optimal
2021-02-09 23:00:00,57,6,0.0,0.0,0.0,0.1812333333333333,optimal
2021-02-09 23:30:00,57,6,0.0,0.0,0.0,0.073,optimal
2021-02-10 00:00:00,57,6,0.0,0.0774074074074074,0.0,0.2147666666666667,optimal
2021-02-10 00:30:00,57,6,0.0,0.0,0.0,0.4964333333333333,optimal
2021-02-10 01:00:00,57,6,0.0,0.0774074074074074,0.0,0.4439333333333333,optimal
2021-02-10 01:30:00,57,6,0.13038162391192998,0.0,0.0,0.21956666666666663,optimal
2021-02-10 02:00:00,57,6,1.1428571428571428,0.0,0.0,0.16366666666666665,optimal
2021-02-10 02:30:00,57,6,1.1428571428571428,0.0,0.0,0.18913333333333332,optimal
2021-02-10 03:00:00,57,6,1.1428571428571428,0.0,0.0,0.11486666666666666,optimal
2021-02-10 03:30:00,57,6,1.1428571428571428,0.0,0.0,0.22566666666666663,optimal
2021-02-10 04:00:00,57,6,1.1428571428571428,0.0,0.0,0.22866666666666663,optimal
2021-02-10 04:30:00,57,6,1.1428571428571428,0.0,0.0,0.18416666666666662,optimal
2021-02-10 05:00:00,57,6,1.1428571428571428,0.0,0.0,0.14983333333333335,optimal
2021-02-10 05:30:00,57,6,1.1428571428571428,0.0,1.7151014270328198,0.21566666666666662,optimal
2021-02-10 06:00:00,57,6,1.1428571428571428,0.0,5.0,0.191,optimal
2021-02-10 06:30:00,57,6,1.1428571428571428,0.1548148148148148,5.0,0.3231,optimal
2021-02-10 07:00:00,57,6,1.1428571428571428,0.3096296296296296,5.0,1.0188666666666668,optimal
2021-02-10 07:30:00,57,6,1.1428571428571428,1.8577777777777778,0.0,0.9269,optimal
2021-02-10 08:00:00,57,6,0.6703787243846764,0.3096296296296296,0.0,0.20766666666666664,optimal
2021-02-10 08:30:00,57,6,0.47054479774331065,0.0,0.0,1.1083666666666665,optimal
2021-02-10 09:00:00,57,6,0.3343426510820659,0.387037037037037,0.0,1.2255666666666667,optimal
2021-02-10 09:30:00,57,6,0.452280153012132,0.23222222222222222,0.0,0.4513666666666667,optimal
2021-02-10 10:00:00,57,6,0.3140842014781233,0.0,0.0,0.35086666666666666,optimal
2021-02-10 10:30:00,57,6,0.42189042316377345,0.0,0.0,0.2767,optimal
2021-02-10 11:00:00,57,6,0.3729430156810036,0.0,0.0,0.13633333333333333,optimal
2021-02-10 11:30:00,57,6,0.3881789095031675,0.0,0.0,0.068,optimal
2021-02-10 12:00:00,57,6,0.14590989354287562,0.0,0.0,0.33166666666666667,optimal
2021-02-10 12:30:00,57,6,0.20562417925715312,0.0,0.0,0.12266666666666669,optimal
2021-02-10 13:00:00,57,6,0.13438928326852642,0.0,0.0,0.41786666666666666,optimal
2021-02-10 13:30:00,57,6,0.6271187959483275,0.0,0.0,0.6095333333333333,optimal
2021-02-10 14:00:00,57,6,1.1428571428571428,0.0,0.0,0.8622000000000001,optimal
2021-02-10 14:30:00,57,6,1.1428571428571428,0.0,0.0,0.2541333333333333,optimal
2021-02-10 15:00:00,57,6,1.1428571428571428,0.0,0.0,0.2717,optimal
2021-02-10 15:30:00,57,6,1.1428571428571428,0.2740222222222222,0.0,0.31360000000000005,optimal
2021-02-10 16:00:00,57,6,0.0,0.035607407407407414,0.0,0.6213333333333334,optimal
2021-02-10 16:30:00,57,6,0.0,0.8514814814814814,0.0,0.8034666666666667,optimal
2021-02-10 17:00:00,57,6,0.0,0.1548148148148148,0.0,3.7592,optimal
2021-02-10 17:30:00,57,6,0.0,0.0,0.0,0.8478666666666667,optimal
2021-02-10 18:00:00,57,6,0.0,2.2448148148148146,0.0,0.3396,optimal
2021-02-10 18:30:00,57,6,0.0,0.0774074074074074,0.0,0.6718333333333334,optimal
2021-02-10 19:00:00,57,6,0.0,0.0,0.0,0.3311,optimal
2021-02-10 19:30:00,57,6,0.0,0.0,0.0,0.3045333333333334,optimal
2021-02-10 20:00:00,57,6,0.0,0.0,0.0,0.078,optimal
2021-02-10 20:30:00,57,6,0.0,0.3096296296296296,0.0,0.6569333333333333,optimal
2021-02-10 21:00:00,57,6,0.0,0.0,0.0,0.4126,optimal
2021-02-10 21:30:00,57,6,0.0,0.3096296296296296,0.0,0.5802333333333334,optimal
2021-02-10 22:00:00,57,6,0.0,0.0,0.0,0.221,optimal
2021-02-10 22:30:00,57,6,0.0,0.0,0.0,0.144,optimal
2021-02-10 23:00:00,57,6,0.0,0.0,0.0,0.078,optimal
2021-02-10 23:30:00,57,6,0.0,0.0,0.0,0.2423333333333333,optimal
2021-02-11 00:00:00,57,6,1.1428571428571428,0.23222222222222222,0.0,0.1711,optimal
2021-02-11 00:30:00,57,6,1.1428571428571428,0.0,0.0,0.218,optimal
2021-02-11 01:00:00,57,6,1.1428571428571428,0.0,0.0,0.188,optimal
2021-02-11 01:30:00,57,6,1.1428571428571428,0.0,0.0,0.069,optimal
2021-02-11 02:00:00,57,6,1.1428571428571428,0.0,0.0,0.056,optimal
2021-02-11 02:30:00,57,6,1.1428571428571428,0.0,0.0,0.147,optimal
2021-02-11 03:00:00,57,6,1.1428571428571428,0.0,0.0,0.056,optimal
2021-02-11 03:30:00,57,6,1.1428571428571428,0.0,0.0,0.0625,optimal
2021-02-11 04:00:00,57,6,1.1428571428571428,0.0,0.0,0.1405,optimal
2021-02-11 04:30:00,57,6,1.1428571428571428,0.0,0.0,0.056,optimal
2021-02-11 05:00:00,57,6,1.1428571428571428,0.0,0.0,0.056,optimal
2021-02-11 05:30:00,57,6,1.1428571428571428,0.0,0.0,0.147,optimal
2021-02-11 06:00:00,57,6,1.1428571428571428,0.0,3.648404764696717,0.056,optimal
2021-02-11 06:30:00,57,6,1.1428571428571428,0.0,5.0,0.15566666666666665,optimal
2021-02-11 07:00:00,57,6,1.1428571428571428,0.0,5.0,0.5461333333333334,optimal
2021-02-11 07:30:00,57,6,1.1428571428571428,0.465777135896653,0.0,0.19163333333333332,optimal
2021-02-11 08:00:00,57,6,0.7995721840492187,0.5418518518518518,0.0,0.16140000000000002,optimal
2021-02-11 08:30:00,57,6,0.8652897718873918,6.579629629629631,0.0,0.07806666666666666,optimal
2021-02-11 09:00:00,57,6,0.6936097361065419,0.1548148148148148,0.0,0.12463333333333335,optimal
2021-02-11 09:30:00,57,6,0.6054781746486044,0.0,0.0,0.18986666666666668,optimal
2021-02-11 10:00:00,57,6,0.36446025174082725,0.0,0.0,0.07806666666666666,optimal
2021-02-11 10:30:00,57,6,0.3205020316649193,0.0774074074074074,0.0,0.184,optimal
2021-02-11 11:00:00,57,6,0.14431576727349463,0.0774074074074074,0.0,0.15766666666666665,optimal
2021-02-11 11:30:00,57,6,0.041706875701704685,0.0,0.0,0.6029666666666667,optimal
2021-02-11 12:00:00,57,6,0.0,0.1548148148148148,0.0,1.4905,optimal
2021-02-11 12:30:00,57,6,0.0,0.0,0.0,0.3459333333333333,optimal
2021-02-11 13:00:00,57,6,1.1428571428571428,0.1548148148148148,0.0,0.4719,optimal
2021-02-11 13:30:00,57,6,1.1428571428571428,0.1548148148148148,0.0,0.3944,optimal
2021-02-11 14:00:00,57,6,1.1428571428571428,0.0,0.0,0.9983,optimal
2021-02-11 14:30:00,57,6,1.1428571428571428,0.0,0.0,0.9647,optimal
2021-02-11 15:00:00,57,6,1.1428571428571428,0.0,0.0,0.1439,optimal
2021-02-11 15:30:00,57,6,1.1428571428571428,0.0,0.0,0.38039999999999996,optimal
2021-02-11 16:00:00,57,6,0.0,0.46444444444444444,0.0,0.3562666666666667,optimal
2021-02-11 16:30:00,57,6,0.0,0.0,0.0,0.106,optimal
2021-02-11 17:00:00,57,6,0.0,0.0774074074074074,0.0,0.3708666666666667,optimal
2021-02-11 17:30:00,57,6,0.0,0.23222222222222222,0.0,0.35333333333333333,optimal
2021-02-11 18:00:00,57,6,0.0,0.1548148148148148,0.0,0.27763333333333334,optimal
2021-02-11 18:30:00,57,6,0.0,0.387037037037037,0.0,0.2949333333333333,optimal
2021-02-11 19:00:00,57,6,0.0,0.0,0.0,0.066,optimal
2021-02-11 19:30:00,57,6,0.0,0.0,0.0,0.066,optimal
2021-02-11 20:00:00,57,6,1.096720288558643,0.0,0.0,0.066,optimal
2021-02-11 20:30:00,57,6,0.0,0.0,0.0,0.157,optimal
2021-02-11 21:00:00,57,6,0.0,2.5544444444444445,0.0,0.2276,optimal
2021-02-11 21:30:00,57,6,0.0,0.3096296296296296,0.0,0.3441666666666667,optimal
2021-02-11 22:00:00,57,6,0.0,0.0,0.0,0.346,optimal
2021-02-11 22:30:00,57,6,0.0,0.0774074074074074,0.0,0.41953333333333337,optimal
2021-02-11 23:00:00,57,6,0.0,0.1548148148148148,0.0,0.335,optimal
2021-02-11 23:30:00,57,6,0.0,2.1674074074074072,0.0,0.335,optimal
2021-02-12 00:00:00,57,6,1.1428571428571428,0.0,0.0,0.18296666666666667,optimal
2021-02-12 00:30:00,57,6,1.1428571428571428,0.0,0.0,0.3373333333333333,optimal
2021-02-12 01:00:00,57,6,1.1428571428571428,0.0,0.0,0.6424666666666667,optimal
2021-02-12 01:30:00,57,6,1.1428571428571428,0.0,0.0,0.32480000000000003,optimal
2021-02-12 02:00:00,57,6,1.1428571428571428,0.0774074074074074,0.0,1.693,optimal
2021-02-12 02:30:00,57,6,1.1428571428571428,0.0,0.0,0.5437333333333334,optimal
2021-02-12 03:00:00,57,6,1.1428571428571428,1.8577777777777778,0.0,2.0313,optimal
2021-02-12 03:30:00,57,6,1.1428571428571428,0.3096296296296296,0.0,0.2418333333333333,optimal
2021-02-12 04:00:00,57,6,1.1428571428571428,0.0,0.0,1.6725,optimal
2021-02-12 04:30:00,57,6,1.1428571428571428,0.6192592592592592,0.0,0.891,optimal
2021-02-12 05:00:00,57,6,1.1428571428571428,2.39962962962963,0.0,0.23,optimal
2021-02-12 05:30:00,57,6,1.1428571428571428,0.1548148148148148,0.0,0.11583333333333332,optimal
2021-02-12 06:00:00,57,6,1.1428571428571428,3.173703703703704,2.9651908976926746,0.1378,optimal
2021-02-12 06:30:00,57,6,1.1428571428571428,2.8640740740740736,5.0,0.069,optimal
2021-02-12 07:00:00,57,6,1.1428571428571428,1.315925925925926,5.0,0.15813333333333332,optimal
2021-02-12 07:30:00,57,6,1.1428571428571428,2.0392403732414253,0.0,0.069,optimal
2021-02-12 08:00:00,57,6,0.7482462200879023,0.6192592592592592,0.0,1.4752333333333332,optimal
2021-02-12 08:30:00,57,6,0.900403003872126,0.0,0.0,0.6273666666666666,optimal
2021-02-12 09:00:00,57,6,0.8713884608504108,0.0,0.0,0.0891,optimal
2021-02-12 09:30:00,57,6,0.7825114582715643,0.0,0.0,0.07,optimal
2021-02-12 10:00:00,57,6,0.4906764529976817,0.0,0.0,0.07,optimal
2021-02-12 10:30:00,57,6,0.45715336161970993,0.0,0.0,0.1273,optimal
2021-02-12 11:00:00,57,6,0.28075755648485806,0.0,0.0,0.10183333333333332,optimal
2021-02-12 11:30:00,57,6,0.28770883672926933,0.0,0.0,0.07,optimal
2021-02-12 12:00:00,57,6,0.19813715814499555,0.0,0.0,0.15913333333333332,optimal
2021-02-12 12:30:00,57,6,0.2214598669608417,0.0,0.0,0.07,optimal
2021-02-12 13:00:00,57,6,1.1428571428571428,0.0,0.0,0.6079,optimal
2021-02-12 13:30:00,57,6,1.1428571428571428,0.0,0.0,0.11456666666666666,optimal
2021-02-12 14:00:00,57,6,1.1428571428571428,0.0,0.0,0.07,optimal
2021-02-12 14:30:00,57,6,1.1428571428571428,0.0,0.0,0.07,optimal
2021-02-12 15:00:00,57,6,1.1428571428571428,0.0,0.0,0.15913333333333332,optimal
2021-02-12 15:30:00,57,6,1.1428571428571428,0.0,0.0,0.07,optimal
2021-02-12 16:00:00,57,6,0.0,0.0,0.0,0.07,optimal
2021-02-12 16:30:00,57,6,0.0,1.6255555555555554,0.0,2.9661999999999997,optimal
2021-02-12 17:00:00,57,6,0.0,0.23222222222222222,0.0,0.3335666666666667,optimal
2021-02-12 17:30:00,57,6,0.0,0.0,0.0,0.12333333333333331,optimal
2021-02-12 18:00:00,57,6,0.0,0.0,0.0,0.13916666666666666,optimal
2021-02-12 18:30:00,57,6,0.0,0.23222222222222222,0.0,0.5522,optimal
2021-02-12 19:00:00,57,6,0.0,0.1548148148148148,0.0,1.5004000000000002,optimal
2021-02-12 19:30:00,57,6,0.0,0.0,0.0,1.15,optimal
2021-02-12 20:00:00,57,6,0.5587875769389179,0.3096296296296296,0.0,0.38146666666666657,optimal
2021-02-12 20:30:00,57,6,0.0,0.0,0.0,0.21956666666666663,optimal
2021-02-12 21:00:00,57,6,0.0,0.0,0.0,0.07,optimal
2021-02-12 21:30:00,57,6,0.0,0.0,0.0,0.10183333333333332,optimal
2021-02-12 22:00:00,57,6,0.0,0.0,0.0,0.1273,optimal
2021-02-12 22:30:00,57,6,0.0,0.0,0.0,0.07,optimal
2021-02-12 23:00:00,57,6,0.0,0.0,0.0,0.07,optimal
2021-02-12 23:30:00,57,6,0.0,0.0,0.0,0.11456666666666666,optimal
2021-02-13 00:00:00,57,6,0.0,0.0,0.0,0.067,optimal
2021-02-13 00:30:00,57,6,0.7427029130580824,0.23222222222222222,0.0,0.31139999999999995,optimal
2021-02-13 01:00:00,57,6,1.1428571428571428,0.0,0.0,0.059,optimal
2021-02-13 01:30:00,57,6,1.1428571428571428,0.0,0.0,0.059,optimal
2021-02-13 02:00:00,57,6,1.1428571428571428,0.0,0.0,0.059,optimal
2021-02-13 02:30:00,57,6,1.1428571428571428,0.0,0.0,0.068,optimal
2021-02-13 03:00:00,57,6,1.1428571428571428,0.0,0.0,0.061,optimal
2021-02-13 03:30:00,57,6,1.1428571428571428,0.0,0.0,0.059,optimal
2021-02-13 04:00:00,57,6,1.1428571428571428,0.0,0.0,0.059,optimal
2021-02-13 04:30:00,57,6,1.1428571428571428,0.0,0.0,0.059,optimal
2021-02-13 05:00:00,57,6,1.1428571428571428,0.0,0.0,0.059,optimal
2021-02-13 05:30:00,57,6,1.1428571428571428,0.0,0.0,0.067,optimal
2021-02-13 06:00:00,57,6,1.1428571428571428,0.0,2.964038049190947,0.06666666666666667,optimal
2021-02-13 06:30:00,57,6,1.1428571428571428,0.0,5.0,0.059,optimal
2021-02-13 07:00:00,57,6,1.1428571428571428,0.46444444444444444,5.0,0.3849333333333333,optimal
2021-02-13 07:30:00,57,6,1.1428571428571428,1.006296296296296,0.0,0.207,optimal
2021-02-13 08:00:00,57,6,0.7046864227851107,0.3096296296296296,0.0,0.14536666666666667,optimal
2021-02-13 08:30:00,57,6,0.700742464934292,0.387037037037037,0.0,0.078,optimal
2021-02-13 09:00:00,57,6,0.5795039902505121,1.7803703703703702,0.0,0.7292000000000001,optimal
2021-02-13 09:30:00,57,6,0.5231756295678621,0.1548148148148148,0.0,0.6645,optimal
2021-02-13 10:00:00,57,6,0.3675092384431694,0.0774074074074074,0.0,0.17666666666666667,optimal
2021-02-13 10:30:00,57,6,0.4400319472590145,0.0,0.0,0.067,optimal
2021-02-13 11:00:00,57,6,0.25372181288515144,0.46444444444444444,0.0,0.067,optimal
2021-02-13 11:30:00,57,6,0.2559207121771909,2.941481481481482,0.0,0.14246666666666666,optimal
2021-02-13 12:00:00,57,6,0.18078982879404978,0.0774074074074074,0.0,0.11773333333333331,optimal
2021-02-13 12:30:00,57,6,0.18028286547337416,1.006296296296296,0.0,0.0845,optimal
2021-02-13 13:00:00,57,6,1.1428571428571428,0.0,0.0,0.13733333333333334,optimal
2021-02-13 13:30:00,57,6,1.1428571428571428,0.0,0.0,0.12893333333333334,optimal
2021-02-13 14:00:00,57,6,1.1428571428571428,0.0,0.0,1.1949,optimal
2021-02-13 14:30:00,57,6,1.1428571428571428,0.0,0.0,0.2612,optimal
2021-02-13 15:00:00,57,6,1.1428571428571428,0.1548148148148148,0.0,0.15386666666666668,optimal
2021-02-13 15:30:00,57,6,1.1428571428571428,0.0,0.0,0.18569999999999998,optimal
2021-02-13 16:00:00,57,6,0.0,0.23222222222222222,0.0,0.192,optimal
2021-02-13 16:30:00,57,6,0.0,0.1548148148148148,0.0,0.22953333333333334,optimal
2021-02-13 17:00:00,57,6,0.0,0.0774074074074074,0.0,0.3821666666666667,optimal
2021-02-13 17:30:00,57,6,0.0,0.3096296296296296,0.0,0.18556666666666663,optimal
2021-02-13 18:00:00,57,6,0.0,0.1548148148148148,0.0,0.22456666666666664,optimal
2021-02-13 18:30:00,57,6,0.0,2.4770370370370367,0.0,0.1823333333333333,optimal
2021-02-13 19:00:00,57,6,0.0,0.1548148148148148,0.0,0.27996666666666664,optimal
2021-02-13 19:30:00,57,6,0.0,0.0,0.0,0.3063333333333333,optimal
2021-02-13 20:00:00,57,6,0.035610351581562276,0.0,0.0,0.29336666666666666,optimal
2021-02-13 20:30:00,57,6,0.0,0.5418518518518518,0.0,0.7295,optimal
2021-02-13 21:00:00,57,6,0.0,0.8514814814814814,0.0,1.4464333333333335,optimal
2021-02-13 21:30:00,57,6,0.0,0.6192592592592592,0.0,0.5480666666666667,optimal
2021-02-13 22:00:00,57,6,0.0,1.1611111111111108,0.0,0.2698333333333333,optimal
2021-02-13 22:30:00,57,6,0.0,0.387037037037037,0.0,0.16883333333333334,optimal
2021-02-13 23:00:00,57,6,0.0,0.0,0.0,0.069,optimal
2021-02-13 23:30:00,57,6,0.0,0.0,0.0,0.069,optimal
2021-02-07 00:00:00,58,6,0.0,0.0,0.0,0.058,optimal
2021-02-07 00:30:00,58,6,0.0,0.0,0.0,0.19733333333333328,optimal
2021-02-07 01:00:00,58,6,0.0,0.0,0.0,0.058,optimal
2021-02-07 01:30:00,58,6,0.0,0.0,0.0,0.191,optimal
2021-02-07 02:00:00,58,6,0.0,0.0,0.0,0.06433333333333333,optimal
2021-02-07 02:30:00,58,6,0.0,0.0,0.0,0.10233333333333332,optimal
2021-02-07 03:00:00,58,6,0.0,0.0,0.0,0.153,optimal
2021-02-07 03:30:00,58,6,0.0,0.0,0.0,0.058,optimal
2021-02-07 04:00:00,58,6,1.1428571428571428,0.0,0.0,0.19733333333333328,optimal
2021-02-07 04:30:00,58,6,1.1428571428571428,0.0,0.0,0.058,optimal
2021-02-07 05:00:00,58,6,1.1428571428571428,0.0,0.0,0.058,optimal
2021-02-07 05:30:00,58,6,1.1428571428571428,0.0,0.0,0.16566666666666666,optimal
2021-02-07 06:00:00,58,6,1.1428571428571428,0.0,0.0,0.08966666666666667,optimal
2021-02-07 06:30:00,58,6,1.1428571428571428,0.0,0.0,0.12766666666666668,optimal
2021-02-07 07:00:00,58,6,1.1428571428571428,0.0774074074074074,1.6063785740462473,0.12566666666666668,optimal
2021-02-07 07:30:00,58,6,0.0,0.774074074074074,0.0,0.11170000000000001,optimal
2021-02-07 08:00:00,58,6,0.0,0.0774074074074074,0.0,0.4363333333333333,optimal
2021-02-07 08:30:00,58,6,0.40406910419021047,0.5418518518518518,0.0,0.31139999999999995,optimal
2021-02-07 09:00:00,58,6,0.5199920146277388,0.23222222222222222,0.0,0.35133333333333333,optimal
2021-02-07 09:30:00,58,6,0.42795281868168455,2.4770370370370367,0.0,0.5782999999999999,optimal
2021-02-07 10:00:00,58,6,0.6423158234122675,0.0,0.0,0.068,optimal
2021-02-07 10:30:00,58,6,0.6411751676853273,0.0,0.0,0.087,optimal
2021-02-07 11:00:00,58,6,0.5177602725156347,0.0,0.0,0.1883333333333333,optimal
2021-02-07 11:30:00,58,6,0.5521412248965768,0.0,0.0,0.068,optimal
2021-02-07 12:00:00,58,6,0.44456179820150676,0.0,0.0,0.2073333333333333,optimal
2021-02-07 12:30:00,58,6,0.48437132201102895,0.0,0.0,0.068,optimal
2021-02-07 13:00:00,58,6,1.1428571428571428,0.0,0.0,0.068,optimal
2021-02-07 13:30:00,58,6,1.1428571428571428,0.0,0.0,0.2073333333333333,optimal
2021-02-07 14:00:00,58,6,1.1428571428571428,0.0,0.0,0.068,optimal
2021-02-07 14:30:00,58,6,1.1428571428571428,0.0,0.0,0.07433333333333333,optimal
2021-02-07 15:00:00,58,6,1.1428571428571428,0.0,0.0,0.38389999999999996,optimal
2021-02-07 15:30:00,58,6,1.1428571428571428,0.0774074074074074,0.0,0.8303333333333334,optimal
2021-02-07 16:00:00,58,6,0.0,0.387037037037037,0.0,0.7427999999999999,optimal
2021-02-07 16:30:00,58,6,0.0,0.23222222222222222,0.0,1.4487999999999999,optimal
2021-02-07 17:00:00,58,6,0.0,0.46444444444444444,0.0,0.3,optimal
2021-02-07 17:30:00,58,6,0.0,0.0,0.0,0.4196333333333333,optimal
2021-02-07 18:00:00,58,6,0.0,0.0,0.0,0.23483333333333328,optimal
2021-02-07 18:30:00,58,6,0.0,0.0,0.0,0.5563333333333333,optimal
2021-02-07 19:00:00,58,6,0.0,0.0,0.0,0.13133333333333333,optimal
2021-02-07 19:30:00,58,6,0.009814972292190572,0.0,0.0,0.42173333333333335,optimal
2021-02-07 20:00:00,58,6,0.5871076210183368,0.0,0.0,0.5211666666666667,optimal
2021-02-07 20:30:00,58,6,0.0,0.1548148148148148,0.0,1.7165333333333332,optimal
2021-02-07 21:00:00,58,6,0.0,2.012592592592592,0.0,0.8598333333333333,optimal
2021-02-07 21:30:00,58,6,0.0,0.0,0.0,0.6065,optimal
2021-02-07 22:00:00,58,6,0.0,0.0774074074074074,0.0,0.3113,optimal
2021-02-07 22:30:00,58,6,0.0,0.0,0.0,1.991266666666667,optimal
2021-02-07 23:00:00,58,6,0.0,2.4770370370370367,0.0,0.5650333333333333,optimal
2021-02-07 23:30:00,58,6,0.0,0.0,0.0,0.2582,optimal
2021-02-08 00:00:00,58,6,0.0,0.0,0.0,0.07143333333333333,optimal
2021-02-08 00:30:00,58,6,0.0,0.0,0.0,0.2001,optimal
2021-02-08 01:00:00,58,6,0.0,0.0,0.0,0.065,optimal
2021-02-08 01:30:00,58,6,0.0,0.0,0.0,0.065,optimal
2021-02-08 02:00:00,58,6,0.34275933333758424,0.0,0.0,0.20653333333333332,optimal
2021-02-08 02:30:00,58,6,1.1428571428571428,0.0,0.0,0.065,optimal
2021-02-08 03:00:00,58,6,1.1428571428571428,0.0,0.0,0.065,optimal
2021-02-08 03:30:00,58,6,1.1428571428571428,0.0,0.0,0.065,optimal
2021-02-08 04:00:00,58,6,1.1428571428571428,0.0,0.0,0.065,optimal
2021-02-08 04:30:00,58,6,1.1428571428571428,0.0,0.0,0.19366666666666663,optimal
2021-02-08 05:00:00,58,6,1.1428571428571428,0.0,0.0,0.07786666666666665,optimal
2021-02-08 05:30:00,58,6,1.1428571428571428,0.0,3.448972497770417,0.14953333333333332,optimal
2021-02-08 06:00:00,58,6,1.1428571428571428,3.792962962962962,5.0,0.131,optimal
2021-02-08 06:30:00,58,6,1.1428571428571428,0.387037037037037,0.0,1.7227333333333332,optimal
2021-02-08 07:00:00,58,6,1.1428571428571428,0.1548148148148148,0.0,0.19656666666666664,optimal
2021-02-08 07:30:00,58,6,1.1428571428571428,0.0,0.0,0.5157333333333334,optimal
2021-02-08 08:00:00,58,6,0.7307092460601354,0.0,0.0,1.2372,optimal
2021-02-08 08:30:00,58,6,0.7770504950951074,0.0,0.0,0.2499333333333333,optimal
2021-02-08 09:00:00,58,6,0.6299833114364222,0.0,0.0,0.9561333333333332,optimal
2021-02-08 09:30:00,58,6,0.49119334264588377,0.0,0.0,0.6335,optimal
2021-02-08 10:00:00,58,6,0.5192465454374532,0.0,0.0,0.266,optimal
2021-02-08 10:30:00,58,6,0.55864984756134,0.0,0.0,0.075,optimal
2021-02-08 11:00:00,58,6,0.3445693124940798,0.0,0.0,0.21653333333333333,optimal
2021-02-08 11:30:00,58,6,0.380719492030534,0.0,0.0,0.075,optimal
2021-02-08 12:00:00,58,6,0.28903175203325304,0.0,0.0,0.18436666666666668,optimal
2021-02-08 12:30:00,58,6,0.40439722269455797,0.0,0.0,0.10716666666666669,optimal
2021-02-08 13:00:00,58,6,1.1428571428571428,0.0,0.0,0.075,optimal
2021-02-08 13:30:00,58,6,1.1428571428571428,0.0,0.0,0.21653333333333333,optimal
2021-02-08 14:00:00,58,6,1.1428571428571428,0.0,0.0,0.075,optimal
2021-02-08 14:30:00,58,6,1.1428571428571428,0.0,0.0,0.075,optimal
2021-02-08 15:00:00,58,6,1.1428571428571428,0.0,0.0,0.0943,optimal
2021-02-08 15:30:00,58,6,1.1428571428571428,0.1548148148148148,0.0,0.19656666666666664,optimal
2021-02-08 16:00:00,58,6,0.0,0.0,0.0,0.17726666666666668,optimal
2021-02-08 16:30:00,58,6,0.0,0.0,0.0,0.19080000000000003,optimal
2021-02-08 17:00:00,58,6,0.0,0.0,0.0,0.10073333333333331,optimal
2021-02-08 17:30:00,58,6,0.0,0.0,0.0,0.075,optimal
2021-02-08 18:00:00,58,6,0.0,0.0774074074074074,0.0,0.209,optimal
2021-02-08 18:30:00,58,6,0.0,0.0,0.0,0.4324333333333333,optimal
2021-02-08 19:00:00,58,6,0.0,0.0,0.0,1.6064333333333334,optimal
2021-02-08 19:30:00,58,6,0.7786779958602104,0.0,0.0,0.28853333333333336,optimal
2021-02-08 20:00:00,58,6,0.8255479646507647,0.0,0.0,0.147,optimal
2021-02-08 20:30:00,58,6,0.0,0.0,0.0,0.499,optimal
2021-02-08 21:00:00,58,6,0.0,0.0,0.0,0.7542000000000001,optimal
2021-02-08 21:30:00,58,6,0.0,0.0,0.0,0.4216333333333333,optimal
2021-02-08 22:00:00,58,6,0.0,0.387037037037037,0.0,0.5098333333333334,optimal
2021-02-08 22:30:00,58,6,0.0,0.0774074074074074,0.0,1.0606333333333335,optimal
2021-02-08 23:00:00,58,6,0.0,0.0,0.0,0.8713333333333334,optimal
2021-02-08 23:30:00,58,6,0.0,0.0,0.0,0.18436666666666668,optimal
2021-02-09 00:00:00,58,6,0.0,0.0,0.0,0.058,optimal
2021-02-09 00:30:00,58,6,0.0,0.0,0.0,0.058,optimal
2021-02-09 01:00:00,58,6,0.0,0.0,0.0,0.058,optimal
2021-02-09 01:30:00,58,6,0.0137875182603983,0.0,0.0,0.20346666666666666,optimal
2021-02-09 02:00:00,58,6,1.1428571428571428,0.0,0.0,0.068,optimal
2021-02-09 02:30:00,58,6,1.1428571428571428,0.0,0.0,0.1615,optimal
2021-02-09 03:00:00,58,6,1.1428571428571428,0.0,0.0,0.1033,optimal
2021-02-09 03:30:00,58,6,1.1428571428571428,0.0,4.459458232411307,0.10786666666666667,optimal
2021-02-09 04:00:00,58,6,1.1428571428571428,0.0,5.0,0.14526666666666668,optimal
2021-02-09 04:30:00,58,6,1.1428571428571428,0.0,5.0,0.058,optimal
2021-02-09 05:00:00,58,6,1.1428571428571428,0.0,5.0,0.1328,optimal
2021-02-09 05:30:00,58,6,1.1428571428571428,0.0,5.0,0.12033333333333332,optimal
2021-02-09 06:00:00,58,6,1.1428571428571428,0.3096296296296296,5.0,0.06363333333333333,optimal
2021-02-09 06:30:00,58,6,1.1428571428571428,0.0774074074074074,5.0,0.067,optimal
2021-02-09 07:00:00,58,6,1.1428571428571428,0.0,5.0,0.1817666666666667,optimal
2021-02-09 07:30:00,58,6,1.1428571428571428,6.192592592592592,0.0,1.1584,optimal
2021-02-09 08:00:00,58,6,0.6548738207081953,0.0,0.0,0.8036333333333333,optimal
2021-02-09 08:30:00,58,6,0.7351886138224063,0.0774074074074074,0.0,0.20713333333333334,optimal
2021-02-09 09:00:00,58,6,0.657689075030462,0.5418518518518518,0.0,0.0715,optimal
2021-02-09 09:30:00,58,6,0.6395586612588883,0.1548148148148148,0.0,0.18619999999999998,optimal
2021-02-09 10:00:00,58,6,0.5280609706259469,0.0,0.0,0.09293333333333334,optimal
2021-02-09 10:30:00,58,6,0.5244649908956676,0.0,0.0,0.068,optimal
2021-02-09 11:00:00,58,6,0.22780514622726605,0.0774074074074074,0.0,0.21230000000000002,optimal
2021-02-09 11:30:00,58,6,0.1924326169478784,0.774074074074074,0.0,0.2132666666666667,optimal
2021-02-09 12:00:00,58,6,0.028393772410521365,0.0774074074074074,0.0,0.24646666666666667,optimal
2021-02-09 12:30:00,58,6,0.03747106359466318,0.387037037037037,0.0,0.27116666666666667,optimal
2021-02-09 13:00:00,58,6,0.0,0.1548148148148148,0.0,0.4053,optimal
2021-02-09 13:30:00,58,6,0.949586781503548,0.0,0.0,0.3903333333333333,optimal
2021-02-09 14:00:00,58,6,1.1428571428571428,0.8514814814814814,0.0,0.3678,optimal
2021-02-09 14:30:00,58,6,1.1428571428571428,0.387037037037037,0.0,0.5018,optimal
2021-02-09 15:00:00,58,6,1.1428571428571428,0.0,0.0,0.3292,optimal
2021-02-09 15:30:00,58,6,1.1428571428571428,0.0,0.0,0.45463333333333333,optimal
2021-02-09 16:00:00,58,6,0.0,0.0,0.0,0.0867,optimal
2021-02-09 16:30:00,58,6,0.0,0.0,0.0,0.08046666666666667,optimal
2021-02-09 17:00:00,58,6,0.0,0.0,0.0,0.8011666666666666,optimal
2021-02-09 17:30:00,58,6,0.0,0.1548148148148148,0.0,0.2855,optimal
2021-02-09 18:00:00,58,6,0.0,0.9288888888888889,0.0,0.4835,optimal
2021-02-09 18:30:00,58,6,0.0,2.631851851851852,0.0,0.3098333333333333,optimal
2021-02-09 19:00:00,58,6,0.0,0.0,0.0,0.44680000000000003,optimal
2021-02-09 19:30:00,58,6,0.0,0.23222222222222222,0.0,0.33513333333333334,optimal
2021-02-09 20:00:00,58,6,0.0,0.3096296296296296,0.0,0.43210000000000004,optimal
2021-02-09 20:30:00,58,6,0.0,0.0,0.0,1.2088666666666665,optimal
2021-02-09 21:00:00,58,6,0.0,0.23222222222222222,0.0,0.3091333333333333,optimal
2021-02-09 21:30:00,58,6,0.0,0.0774074074074074,0.0,0.21919999999999998,optimal
2021-02-09 22:00:00,58,6,0.0,0.0774074074074074,0.0,0.5438666666666667,optimal
2021-02-09 22:30:00,58,6,0.0,0.0,0.0,0.24923333333333328,optimal
2021-02-09 23:00:00,58,6,0.0,0.0,0.0,0.204,optimal
2021-02-09 23:30:00,58,6,0.0,0.0,0.0,0.3366,optimal
2021-02-10 00:00:00,58,6,0.0,0.0,0.0,0.06946666666666666,optimal
2021-02-10 00:30:00,58,6,0.0,0.0,0.0,0.063,optimal
2021-02-10 01:00:00,58,6,0.0,0.0,0.0,0.063,optimal
2021-02-10 01:30:00,58,6,1.075963378148713,0.0,0.0,0.20013333333333333,optimal
2021-02-10 02:00:00,58,6,1.1428571428571428,0.0,0.0,0.063,optimal
2021-02-10 02:30:00,58,6,1.1428571428571428,0.0,0.0,0.19390000000000002,optimal
2021-02-10 03:00:00,58,6,1.1428571428571428,0.0,0.0,0.06923333333333334,optimal
2021-02-10 03:30:00,58,6,1.1428571428571428,0.0,0.0,0.10663333333333334,optimal
2021-02-10 04:00:00,58,6,1.1428571428571428,0.0,0.0,0.1565,optimal
2021-02-10 04:30:00,58,6,1.1428571428571428,0.0,0.0,0.063,optimal
2021-02-10 05:00:00,58,6,1.1428571428571428,0.0,0.0,0.20013333333333333,optimal
2021-02-10 05:30:00,58,6,1.1428571428571428,0.0,0.0,0.063,optimal
2021-02-10 06:00:00,58,6,1.1428571428571428,0.0,0.0,0.13156666666666667,optimal
2021-02-10 06:30:00,58,6,1.1428571428571428,0.0,3.5118409256932788,0.16656666666666667,optimal
2021-02-10 07:00:00,58,6,1.1428571428571428,0.46444444444444444,5.0,0.3588,optimal
2021-02-10 07:30:00,58,6,1.1428571428571428,0.46444444444444444,0.0,0.3696666666666667,optimal
2021-02-10 08:00:00,58,6,0.5185025339084853,0.46444444444444444,0.0,0.168,optimal
2021-02-10 08:30:00,58,6,0.5448028929814004,1.8577777777777778,0.0,0.5149,optimal
2021-02-10 09:00:00,58,6,0.4772512225106419,0.0,0.0,0.6437666666666666,optimal
2021-02-10 09:30:00,58,6,0.47485634348832445,0.23222222222222222,0.0,1.3357666666666668,optimal
2021-02-10 10:00:00,58,6,0.402408011001939,0.0,0.0,0.33413333333333334,optimal
2021-02-10 10:30:00,58,6,0.43772851840186244,0.0,0.0,0.3439,optimal
2021-02-10 11:00:00,58,6,0.1502001585381408,0.1548148148148148,0.0,1.4808,optimal
2021-02-10 11:30:00,58,6,0.2915598618841277,0.0,0.0,0.22756666666666664,optimal
2021-02-10 12:00:00,58,6,0.1830337030666744,0.0,0.0,0.21013333333333334,optimal
2021-02-10 12:30:00,58,6,0.18851560782858223,0.3096296296296296,0.0,0.14806666666666665,optimal
2021-02-10 13:00:00,58,6,1.1428571428571428,0.0774074074074074,0.0,1.3124666666666667,optimal
2021-02-10 13:30:00,58,6,1.1428571428571428,0.1548148148148148,0.0,1.4118,optimal
2021-02-10 14:00:00,58,6,1.1428571428571428,0.774074074074074,0.0,0.1958,optimal
2021-02-10 14:30:00,58,6,1.1428571428571428,0.0,0.0,0.35736666666666667,optimal
2021-02-10 15:00:00,58,6,1.1428571428571428,0.0,0.0,0.16069999999999998,optimal
2021-02-10 15:30:00,58,6,1.1428571428571428,0.0,0.0,0.3379,optimal
2021-02-10 16:00:00,58,6,0.0,0.0,0.0,0.07923333333333334,optimal
2021-02-10 16:30:00,58,6,0.0,0.0,0.0,0.073,optimal
2021-02-10 17:00:00,58,6,0.0,0.0,0.0,0.073,optimal
2021-02-10 17:30:00,58,6,0.0,0.23222222222222222,0.0,0.22363333333333332,optimal
2021-02-10 18:00:00,58,6,0.0,0.0,0.0,0.10416666666666669,optimal
2021-02-10 18:30:00,58,6,0.0,0.0,0.0,0.11040000000000001,optimal
2021-02-10 19:00:00,58,6,0.0,0.387037037037037,0.0,0.9989333333333331,optimal
2021-02-10 19:30:00,58,6,0.02902506935076332,0.0,0.0,0.947,optimal
2021-02-10 20:00:00,58,6,0.597471227844939,0.0,0.0,0.5510333333333333,optimal
2021-02-10 20:30:00,58,6,0.0,0.0,0.0,0.3554,optimal
2021-02-10 21:00:00,58,6,0.0,0.0,0.0,0.43726666666666664,optimal
2021-02-10 21:30:00,58,6,0.0,0.0,0.0,1.8025333333333333,optimal
2021-02-10 22:00:00,58,6,0.0,0.387037037037037,0.0,0.6383333333333334,optimal
2021-02-10 22:30:00,58,6,0.0,0.0,0.0,0.4004333333333333,optimal
2021-02-10 23:00:00,58,6,0.0,0.0,0.0,0.5134666666666667,optimal
2021-02-10 23:30:00,58,6,0.0,0.0,0.0,0.13133333333333333,optimal
2021-02-11 00:00:00,58,6,0.0,0.0,0.0,0.13006666666666666,optimal
2021-02-11 00:30:00,58,6,0.0,0.0,0.0,0.22326666666666667,optimal
2021-02-11 01:00:00,58,6,1.1277447089679187,0.0,0.0,0.3534,optimal
2021-02-11 01:30:00,58,6,1.1428571428571428,0.0,0.0,0.3001333333333333,optimal
2021-02-11 02:00:00,58,6,1.1428571428571428,0.0,0.0,0.4131,optimal
2021-02-11 02:30:00,58,6,1.1428571428571428,0.0,0.0,0.47833333333333333,optimal
2021-02-11 03:00:00,58,6,1.1428571428571428,0.0,0.0,0.29486666666666667,optimal
2021-02-11 03:30:00,58,6,1.1428571428571428,0.0,0.0,0.3338,optimal
2021-02-11 04:00:00,58,6,1.1428571428571428,0.3096296296296296,0.0,0.5239666666666667,optimal
2021-02-11 04:30:00,58,6,1.1428571428571428,0.0774074074074074,0.0,0.1455,optimal
2021-02-11 05:00:00,58,6,1.1428571428571428,0.23222222222222222,0.0,0.1771,optimal
2021-02-11 05:30:00,58,6,1.1428571428571428,0.0774074074074074,0.0,0.10940000000000001,optimal
2021-02-11 06:00:00,58,6,1.1428571428571428,2.2448148148148146,4.557491257174081,0.35046666666666665,optimal
2021-02-11 06:30:00,58,6,1.1428571428571428,0.3096296296296296,5.0,0.2094,optimal
2021-02-11 07:00:00,58,6,1.1428571428571428,0.5418518518518518,5.0,0.27076666666666666,optimal
2021-02-11 07:30:00,58,6,1.1428571428571428,0.1548148148148148,0.0,1.282,optimal
2021-02-11 08:00:00,58,6,0.7477683745254198,0.7167925925925925,0.0,0.8318,optimal
2021-02-11 08:30:00,58,6,0.7424040576016786,2.069874074074074,0.0,0.3542666666666667,optimal
2021-02-11 09:00:00,58,6,0.6116287837255919,0.23222222222222222,0.0,0.439,optimal
2021-02-11 09:30:00,58,6,0.7276686508390802,0.0,0.0,0.1764,optimal
2021-02-11 10:00:00,58,6,0.476612632693202,0.0,0.0,0.062,optimal
2021-02-11 10:30:00,58,6,0.48462584118873386,0.0,0.0,0.124,optimal
2021-02-11 11:00:00,58,6,0.3092110053687323,0.0,0.0,0.2384,optimal
2021-02-11 11:30:00,58,6,0.3239087804636127,0.0,0.0,0.07440000000000001,optimal
2021-02-11 12:00:00,58,6,0.1053613128918539,0.0,0.0,0.2727,optimal
2021-02-11 12:30:00,58,6,0.13331843225979526,0.0,0.0,0.0773,optimal
2021-02-11 13:00:00,58,6,1.1428571428571428,0.0,0.0,0.16119999999999998,optimal
2021-02-11 13:30:00,58,6,1.1428571428571428,0.0,0.0,0.1451,optimal
2021-02-11 14:00:00,58,6,1.1428571428571428,0.0,0.0,0.1181,optimal
2021-02-11 14:30:00,58,6,1.1428571428571428,0.0,0.0,0.1984,optimal
2021-02-11 15:00:00,58,6,1.1428571428571428,0.0,0.0,0.10790000000000001,optimal
2021-02-11 15:30:00,58,6,1.1428571428571428,0.0,0.0,0.2235,optimal
2021-02-11 16:00:00,58,6,0.0,0.0,0.0,0.093,optimal
2021-02-11 16:30:00,58,6,0.0,0.0774074074074074,0.0,0.21013333333333334,optimal
2021-02-11 17:00:00,58,6,0.0,0.3096296296296296,0.0,2.2472,optimal
2021-02-11 17:30:00,58,6,0.0,0.3096296296296296,0.0,1.1376666666666668,optimal
2021-02-11 18:00:00,58,6,0.0,0.23222222222222222,0.0,1.1823333333333332,optimal
2021-02-11 18:30:00,58,6,0.0,0.23222222222222222,0.0,0.7321666666666666,optimal
2021-02-11 19:00:00,58,6,0.0,0.1548148148148148,0.0,0.085,optimal
2021-02-11 19:30:00,58,6,0.3247335262625938,0.0,0.0,0.14223333333333332,optimal
2021-02-11 20:00:00,58,6,1.0843020637652478,0.0,0.0,0.2355,optimal
2021-02-11 20:30:00,58,6,0.0,0.0,0.0,0.062,optimal
2021-02-11 21:00:00,58,6,0.0,0.0,0.0,0.28,optimal
2021-02-11 21:30:00,58,6,0.0,0.0,0.0,0.0824,optimal
2021-02-11 22:00:00,58,6,0.0,0.0,0.0,0.062,optimal
2021-02-11 22:30:00,58,6,0.0,0.0,0.0,0.0824,optimal
2021-02-11 23:00:00,58,6,0.0,0.0,0.0,0.2676,optimal
2021-02-11 23:30:00,58,6,0.0,0.0,0.0,0.07440000000000001,optimal
2021-02-12 00:00:00,58,6,1.1428571428571428,0.0,0.0,0.053,optimal
2021-02-12 00:30:00,58,6,1.1428571428571428,0.0,0.0,0.053,optimal
2021-02-12 01:00:00,58,6,1.1428571428571428,0.0,0.0,0.053,optimal
2021-02-12 01:30:00,58,6,1.1428571428571428,0.0,0.0,0.11996666666666668,optimal
2021-02-12 02:00:00,58,6,1.1428571428571428,0.0,0.0,0.1993,optimal
2021-02-12 02:30:00,58,6,1.1428571428571428,0.0,0.0,0.10633333333333331,optimal
2021-02-12 03:00:00,58,6,1.1428571428571428,0.0,0.0,0.17809999999999998,optimal
2021-02-12 03:30:00,58,6,1.1428571428571428,0.0,0.0,0.08783333333333333,optimal
2021-02-12 04:00:00,58,6,1.1428571428571428,0.0,0.0,0.053,optimal
2021-02-12 04:30:00,58,6,1.1428571428571428,0.0,0.0,0.2296,optimal
2021-02-12 05:00:00,58,6,1.1428571428571428,0.0,0.0,0.08966666666666667,optimal
2021-02-12 05:30:00,58,6,1.1428571428571428,0.0,0.0,0.16823333333333332,optimal
2021-02-12 06:00:00,58,6,1.1428571428571428,0.0,0.0,0.1657,optimal
2021-02-12 06:30:00,58,6,1.1428571428571428,0.0,2.089393123591507,0.083,optimal
2021-02-12 07:00:00,58,6,1.1428571428571428,0.387037037037037,5.0,0.2613333333333333,optimal
2021-02-12 07:30:00,58,6,1.1428571428571428,9.784840825195424,0.0,0.072,optimal
2021-02-12 08:00:00,58,6,0.8256176486593313,1.0837037037037036,0.0,0.34786666666666666,optimal
2021-02-12 08:30:00,58,6,0.8241382419673553,0.0774074074074074,0.0,1.3037999999999998,optimal
2021-02-12 09:00:00,58,6,0.7062360798980323,0.0774074074074074,0.0,1.3863333333333332,optimal
2021-02-12 09:30:00,58,6,0.4016828868429986,0.0,0.0,1.5386666666666668,optimal
2021-02-12 10:00:00,58,6,0.3124840720453072,0.0,0.0,0.4776,optimal
2021-02-12 10:30:00,58,6,0.20858955209590513,0.0,0.0,1.3792,optimal
2021-02-12 11:00:00,58,6,0.09088898505628704,0.0774074074074074,0.0,0.8275,optimal
2021-02-12 11:30:00,58,6,0.06915645577689483,0.0,0.0,0.6842666666666667,optimal
2021-02-12 12:00:00,58,6,0.03929334862118406,0.0,0.0,0.5295,optimal
2021-02-12 12:30:00,58,6,0.0,0.0,0.0,2.082766666666667,optimal
2021-02-12 13:00:00,58,6,1.1428571428571428,0.0,0.0,0.3191333333333333,optimal
2021-02-12 13:30:00,58,6,1.1428571428571428,0.0,0.0,0.4853,optimal
2021-02-12 14:00:00,58,6,1.1428571428571428,0.0,0.0,0.09763333333333334,optimal
2021-02-12 14:30:00,58,6,1.1428571428571428,0.0,0.0,0.0839,optimal
2021-02-12 15:00:00,58,6,1.1428571428571428,0.0,0.0,0.1987,optimal
2021-02-12 15:30:00,58,6,1.1428571428571428,0.0,0.0,0.11966666666666669,optimal
2021-02-12 16:00:00,58,6,0.0,0.0,0.0,0.36939999999999995,optimal
2021-02-12 16:30:00,58,6,0.0,0.5418518518518518,0.0,0.5648333333333334,optimal
2021-02-12 17:00:00,58,6,0.0,0.0,0.0,0.33916666666666667,optimal
2021-02-12 17:30:00,58,6,0.0,0.3096296296296296,0.0,0.5679666666666667,optimal
2021-02-12 18:00:00,58,6,0.0,0.0,0.0,0.063,optimal
2021-02-12 18:30:00,58,6,0.0,0.0,0.0,0.5013,optimal
2021-02-12 19:00:00,58,6,0.0,0.0,0.0,0.10176666666666669,optimal
2021-02-12 19:30:00,58,6,0.0,0.0,0.0,0.05766666666666666,optimal
2021-02-12 20:00:00,58,6,0.7827184888288214,0.0,0.0,0.19766666666666663,optimal
2021-02-12 20:30:00,58,6,0.0,0.0,0.0,0.06693333333333333,optimal
2021-02-12 21:00:00,58,6,0.0,0.0,0.0,0.053,optimal
2021-02-12 21:30:00,58,6,0.0,0.0,0.0,0.41493333333333327,optimal
2021-02-12 22:00:00,58,6,0.0,0.0774074074074074,0.0,0.22696666666666668,optimal
2021-02-12 22:30:00,58,6,0.0,0.0774074074074074,0.0,0.0846,optimal
2021-02-12 23:00:00,58,6,0.0,0.5836518518518518,0.0,0.39239999999999997,optimal
2021-02-12 23:30:00,58,6,0.0,0.0,0.0,0.053,optimal
2021-02-13 00:00:00,58,6,0.0,0.0,0.0,0.063,optimal
2021-02-13 00:30:00,58,6,0.02303728159439655,0.0,0.0,0.1225,optimal
2021-02-13 01:00:00,58,6,1.1428571428571428,0.0,0.0,0.3277,optimal
2021-02-13 01:30:00,58,6,1.1428571428571428,0.0,0.0,0.0688,optimal
2021-02-13 02:00:00,58,6,1.1428571428571428,0.0,0.0,0.2312,optimal
2021-02-13 02:30:00,58,6,1.1428571428571428,0.0,0.0,0.2132,optimal
2021-02-13 03:00:00,58,6,1.1428571428571428,0.0,0.0,0.063,optimal
2021-02-13 03:30:00,58,6,1.1428571428571428,0.0,0.0,0.22540000000000002,optimal
2021-02-13 04:00:00,58,6,1.1428571428571428,0.0,0.0,0.2248,optimal
2021-02-13 04:30:00,58,6,1.1428571428571428,0.0,0.0,0.179,optimal
2021-02-13 05:00:00,58,6,1.1428571428571428,0.0,2.6610867531826297,0.341,optimal
2021-02-13 05:30:00,58,6,1.1428571428571428,0.23222222222222222,5.0,0.3172333333333333,optimal
2021-02-13 06:00:00,58,6,1.1428571428571428,0.0774074074074074,0.0,0.16516666666666666,optimal
2021-02-13 06:30:00,58,6,1.1428571428571428,0.0,0.0,0.22406666666666664,optimal
2021-02-13 07:00:00,58,6,1.1428571428571428,0.3096296296296296,0.0,0.30519999999999997,optimal
2021-02-13 07:30:00,58,6,1.1428571428571428,7.010014814814815,0.0,1.2207999999999999,optimal
2021-02-13 08:00:00,58,6,0.7940292799279586,0.8081333333333334,0.0,0.19619999999999999,optimal
2021-02-13 08:30:00,58,6,0.8477043696961966,0.0,0.0,0.2083333333333333,optimal
2021-02-13 09:00:00,58,6,0.5955439902505175,0.0,0.0,0.3798,optimal
2021-02-13 09:30:00,58,6,0.5742622962345257,0.0,0.0,0.5508333333333334,optimal
2021-02-13 10:00:00,58,6,0.578433047966973,0.0,0.0,0.0788,optimal
2021-02-13 10:30:00,58,6,0.5227748044018671,0.0,0.0,0.2661,optimal
2021-02-13 11:00:00,58,6,0.3424837176470519,0.0,0.0,0.15769999999999998,optimal
2021-02-13 11:30:00,58,6,0.3512826169390866,0.0,0.0,0.1194,optimal
2021-02-13 12:00:00,58,6,0.20942792403214885,0.0,0.0,0.3102,optimal
2021-02-13 12:30:00,58,6,0.2679400083305133,0.0,0.0,0.09040000000000001,optimal
2021-02-13 13:00:00,58,6,0.1917835766942766,0.0,0.0,0.2064,optimal
2021-02-13 13:30:00,58,6,0.4487195525952686,0.0,0.0,0.4056,optimal
2021-02-13 14:00:00,58,6,1.1428571428571428,0.1548148148148148,0.0,0.38156666666666667,optimal
2021-02-13 14:30:00,58,6,1.1428571428571428,0.1548148148148148,0.0,0.35633333333333334,optimal
2021-02-13 15:00:00,58,6,1.1428571428571428,0.0,0.0,0.6317666666666667,optimal
2021-02-13 15:30:00,58,6,1.1428571428571428,0.0,0.0,0.6033999999999999,optimal
2021-02-13 16:00:00,58,6,0.0,0.0,0.0,0.3266,optimal
2021-02-13 16:30:00,58,6,0.0,0.1548148148148148,0.0,0.5797666666666667,optimal
2021-02-13 17:00:00,58,6,0.0,0.23222222222222222,0.0,0.5947333333333333,optimal
2021-02-13 17:30:00,58,6,0.0,0.46444444444444444,0.0,3.1829,optimal
2021-02-13 18:00:00,58,6,0.0,0.0774074074074074,0.0,0.7058,optimal
2021-02-13 18:30:00,58,6,0.0,0.387037037037037,0.0,0.5579,optimal
2021-02-13 19:00:00,58,6,0.0,0.3096296296296296,0.0,0.7507333333333334,optimal
2021-02-13 19:30:00,58,6,0.0,0.1548148148148148,0.0,0.9492,optimal
2021-02-13 20:00:00,58,6,0.0,0.0,0.0,0.7407333333333334,optimal
2021-02-13 20:30:00,58,6,0.0,0.3096296296296296,0.0,1.7041666666666668,optimal
2021-02-13 21:00:00,58,6,0.0,0.0,0.0,1.6970666666666665,optimal
2021-02-13 21:30:00,58,6,0.0,0.0,0.0,0.6635,optimal
2021-02-13 22:00:00,58,6,0.0,0.0,0.0,0.19966666666666663,optimal
2021-02-13 22:30:00,58,6,0.0,0.0,0.0,0.44623333333333337,optimal
2021-02-13 23:00:00,58,6,0.0,4.876666666666668,0.0,0.3703666666666667,optimal
2021-02-13 23:30:00,58,6,0.0,0.0,0.0,0.6299333333333332,optimal
2021-02-07 00:00:00,59,6,0.0,0.0,0.0,0.051,optimal
2021-02-07 00:30:00,59,6,0.0,0.0,0.0,0.051,optimal
2021-02-07 01:00:00,59,6,0.0,0.0,0.0,0.1874,optimal
2021-02-07 01:30:00,59,6,0.0,0.0,0.0,0.051,optimal
2021-02-07 02:00:00,59,6,0.0,0.0,0.0,0.051,optimal
2021-02-07 02:30:00,59,6,0.0,0.0,0.0,0.1192,optimal
2021-02-07 03:00:00,59,6,0.0,0.0,0.0,0.1192,optimal
2021-02-07 03:30:00,59,6,0.0,0.0,0.0,0.051,optimal
2021-02-07 04:00:00,59,6,1.1428571428571428,0.0,0.0,0.10679999999999999,optimal
2021-02-07 04:30:00,59,6,1.1428571428571428,0.0,0.0,0.1316,optimal
2021-02-07 05:00:00,59,6,1.1428571428571428,0.0,0.0,0.051,optimal
2021-02-07 05:30:00,59,6,1.1428571428571428,0.0,0.0,0.1874,optimal
2021-02-07 06:00:00,59,6,1.1428571428571428,0.0,0.0,0.051,optimal
2021-02-07 06:30:00,59,6,1.1428571428571428,0.0,1.4055777348378222,0.17973333333333333,optimal
2021-02-07 07:00:00,59,6,1.1428571428571428,0.0,0.0,0.166,optimal
2021-02-07 07:30:00,59,6,0.0,0.0774074074074074,0.0,0.08033333333333333,optimal
2021-02-07 08:00:00,59,6,0.006695114125521081,0.9288888888888889,0.0,0.21480000000000002,optimal
2021-02-07 08:30:00,59,6,0.731491875523176,0.0,0.0,0.06266666666666666,optimal
2021-02-07 09:00:00,59,6,0.722182490818222,0.0,0.0,0.05733333333333333,optimal
2021-02-07 09:30:00,59,6,0.6881528186816844,0.0,0.0,0.1626,optimal
2021-02-07 10:00:00,59,6,0.6372301091265459,0.0,0.0,0.07579999999999999,optimal
2021-02-07 10:30:00,59,6,0.5555656438758076,0.0,0.0,0.27863333333333334,optimal
2021-02-07 11:00:00,59,6,0.4581412248965835,0.0,0.0,0.142,optimal
2021-02-07 11:30:00,59,6,0.3511888439441972,0.387037037037037,0.0,1.3281333333333334,optimal
2021-02-07 12:00:00,59,6,0.372714179153884,0.0774074074074074,0.0,0.21380000000000002,optimal
2021-02-07 12:30:00,59,6,0.42381894105863976,0.1548148148148148,0.0,0.18059999999999998,optimal
2021-02-07 13:00:00,59,6,0.5693270813387896,0.0,0.0,0.2814,optimal
2021-02-07 13:30:00,59,6,1.1428571428571428,2.1674074074074072,0.0,0.2793,optimal
2021-02-07 14:00:00,59,6,1.1428571428571428,0.5418518518518518,0.0,0.09786666666666666,optimal
2021-02-07 14:30:00,59,6,1.1428571428571428,0.0774074074074074,0.0,0.22343333333333332,optimal
2021-02-07 15:00:00,59,6,1.1428571428571428,0.0,0.0,0.36010000000000003,optimal
2021-02-07 15:30:00,59,6,1.1428571428571428,0.0,0.0,1.2832333333333332,optimal
2021-02-07 16:00:00,59,6,0.0,0.23222222222222222,0.0,1.9714666666666667,optimal
2021-02-07 16:30:00,59,6,0.0,0.6966666666666667,0.0,1.7935999999999999,optimal
2021-02-07 17:00:00,59,6,0.0,0.6192592592592592,0.0,0.5315666666666667,optimal
2021-02-07 17:30:00,59,6,0.0,0.23222222222222222,0.0,1.1580666666666666,optimal
2021-02-07 18:00:00,59,6,0.0,2.012592592592592,0.0,1.0654000000000001,optimal
2021-02-07 18:30:00,59,6,0.0,0.0,0.0,1.3271,optimal
2021-02-07 19:00:00,59,6,0.0,0.1548148148148148,0.0,0.5607666666666666,optimal
2021-02-07 19:30:00,59,6,0.0,0.23222222222222222,0.0,0.42,optimal
2021-02-07 20:00:00,59,6,0.0,0.0,0.0,0.29246666666666665,optimal
2021-02-07 20:30:00,59,6,0.0,0.46444444444444444,0.0,0.4146333333333333,optimal
2021-02-07 21:00:00,59,6,0.0,0.0,0.0,0.3138,optimal
2021-02-07 21:30:00,59,6,0.0,0.0,0.0,0.1134,optimal
2021-02-07 22:00:00,59,6,0.0,0.0,0.0,0.3698,optimal
2021-02-07 22:30:00,59,6,0.0,0.0,0.0,0.21130000000000002,optimal
2021-02-07 23:00:00,59,6,0.0,0.0,0.0,0.061,optimal
2021-02-07 23:30:00,59,6,0.0,0.0,0.0,0.19706666666666664,optimal
2021-02-08 00:00:00,59,6,0.0,0.0,0.0,0.1534,optimal
2021-02-08 00:30:00,59,6,0.0,0.0,0.0,0.0974,optimal
2021-02-08 01:00:00,59,6,0.0,0.0,0.0,0.08033333333333333,optimal
2021-02-08 01:30:00,59,6,0.0,0.0,0.0,0.043,optimal
2021-02-08 02:00:00,59,6,1.1133238541736659,0.0,0.0,0.17793333333333333,optimal
2021-02-08 02:30:00,59,6,1.1428571428571428,0.0,0.0,0.1102,optimal
2021-02-08 03:00:00,59,6,1.1428571428571428,0.0,0.0,0.04673333333333333,optimal
2021-02-08 03:30:00,59,6,1.1428571428571428,0.0,0.0,0.2414,optimal
2021-02-08 04:00:00,59,6,1.1428571428571428,0.0,2.2521465288670286,0.043,optimal
2021-02-08 04:30:00,59,6,1.1428571428571428,0.0,5.0,0.099,optimal
2021-02-08 05:00:00,59,6,1.1428571428571428,0.0,5.0,0.18913333333333332,optimal
2021-02-08 05:30:00,59,6,1.1428571428571428,0.0,5.0,0.10953333333333332,optimal
2021-02-08 06:00:00,59,6,1.1428571428571428,0.8514814814814814,0.0,0.046,optimal
2021-02-08 06:30:00,59,6,1.1428571428571428,5.65074074074074,0.0,0.34176666666666666,optimal
2021-02-08 07:00:00,59,6,1.1428571428571428,1.006296296296296,0.0,0.16116666666666665,optimal
2021-02-08 07:30:00,59,6,1.1428571428571428,0.6192592592592592,0.0,0.052,optimal
2021-02-08 08:00:00,59,6,0.6061530555839487,0.0,0.0,0.3655333333333334,optimal
2021-02-08 08:30:00,59,6,0.7255552569998683,0.0,0.0,0.10803333333333331,optimal
2021-02-08 09:00:00,59,6,0.7241052161983288,0.0,0.0,0.053,optimal
2021-02-08 09:30:00,59,6,0.6834638188363502,0.0,0.0,0.07473333333333333,optimal
2021-02-08 10:00:00,59,6,0.41143702162793805,0.0,0.0,0.3873333333333333,optimal
2021-02-08 10:30:00,59,6,0.3676765142280075,0.0,0.0,1.4336666666666666,optimal
2021-02-08 11:00:00,59,6,0.25255026487502885,0.0,0.0,0.3548,optimal
2021-02-08 11:30:00,59,6,0.1480337777448197,0.0774074074074074,0.0,0.8616,optimal
2021-02-08 12:00:00,59,6,0.05610794250943831,0.387037037037037,0.0,1.0118,optimal
2021-02-08 12:30:00,59,6,0.16214163491569952,0.6966666666666667,0.0,0.4246666666666667,optimal
2021-02-08 13:00:00,59,6,1.1428571428571428,0.0,0.0,0.44006666666666666,optimal
2021-02-08 13:30:00,59,6,1.1428571428571428,2.0899999999999994,0.0,0.213,optimal
2021-02-08 14:00:00,59,6,1.1428571428571428,0.23222222222222222,0.0,0.26563333333333333,optimal
2021-02-08 14:30:00,59,6,1.1428571428571428,1.006296296296296,0.0,0.5021333333333333,optimal
2021-02-08 15:00:00,59,6,1.1428571428571428,0.0,0.0,0.053,optimal
2021-02-08 15:30:00,59,6,1.1428571428571428,0.0,0.0,0.145,optimal
2021-02-08 16:00:00,59,6,0.0,0.0,0.0,0.09593333333333334,optimal
2021-02-08 16:30:00,59,6,0.0,0.0,0.0,0.2733,optimal
2021-02-08 17:00:00,59,6,0.0,1.3933333333333333,0.0,0.5501666666666666,optimal
2021-02-08 17:30:00,59,6,0.0,0.46444444444444444,0.0,0.48556666666666665,optimal
2021-02-08 18:00:00,59,6,0.0,0.0774074074074074,0.0,0.44946666666666657,optimal
2021-02-08 18:30:00,59,6,0.0,0.5418518518518518,0.0,0.4579333333333333,optimal
2021-02-08 19:00:00,59,6,0.0,0.3096296296296296,0.0,0.4894666666666666,optimal
2021-02-08 19:30:00,59,6,0.0,0.387037037037037,0.0,0.3383,optimal
2021-02-08 20:00:00,59,6,0.18549190908828697,0.1548148148148148,0.0,0.3474333333333333,optimal
2021-02-08 20:30:00,59,6,0.0,0.0,0.0,0.39013333333333333,optimal
2021-02-08 21:00:00,59,6,0.0,0.0,0.0,0.3163666666666667,optimal
2021-02-08 21:30:00,59,6,0.0,0.0,0.0,0.5163666666666666,optimal
2021-02-08 22:00:00,59,6,0.0,0.1548148148148148,0.0,0.7231000000000001,optimal
2021-02-08 22:30:00,59,6,0.0,0.1548148148148148,0.0,0.3718,optimal
2021-02-08 23:00:00,59,6,0.0,0.23222222222222222,0.0,0.3283666666666667,optimal
2021-02-08 23:30:00,59,6,0.0,0.0774074074074074,0.0,0.3293666666666667,optimal
2021-02-09 00:00:00,59,6,0.0,0.0,0.0,0.11233333333333331,optimal
2021-02-09 00:30:00,59,6,0.0,0.0,0.0,0.11206666666666666,optimal
2021-02-09 01:00:00,59,6,0.07880406109334227,0.0,0.0,0.063,optimal
2021-02-09 01:30:00,59,6,1.1428571428571428,0.0,0.0,0.22306666666666664,optimal
2021-02-09 02:00:00,59,6,1.1428571428571428,0.0,0.0,0.17909999999999998,optimal
2021-02-09 02:30:00,59,6,1.1428571428571428,0.0,0.0,0.2332333333333333,optimal
2021-02-09 03:00:00,59,6,1.1428571428571428,0.0,0.0,0.14886666666666667,optimal
2021-02-09 03:30:00,59,6,1.1428571428571428,0.0,0.0,0.063,optimal
2021-02-09 04:00:00,59,6,1.1428571428571428,0.0,0.0,0.1272,optimal
2021-02-09 04:30:00,59,6,1.1428571428571428,0.0,0.0,0.063,optimal
2021-02-09 05:00:00,59,6,1.1428571428571428,0.0,0.0,0.1881,optimal
2021-02-09 05:30:00,59,6,1.1428571428571428,0.0,0.0,0.08796666666666667,optimal
2021-02-09 06:00:00,59,6,1.1428571428571428,0.0,0.0,0.06866666666666667,optimal
2021-02-09 06:30:00,59,6,1.1428571428571428,0.0,1.9075904519283877,0.15286666666666668,optimal
2021-02-09 07:00:00,59,6,1.1428571428571428,0.0,5.0,0.1272,optimal
2021-02-09 07:30:00,59,6,1.1428571428571428,0.774074074074074,0.0,0.19233333333333327,optimal
2021-02-09 08:00:00,59,6,0.6486395349939051,1.006296296296296,0.0,0.28353333333333336,optimal
2021-02-09 08:30:00,59,6,0.6658933757271649,0.3096296296296296,0.0,0.29460000000000003,optimal
2021-02-09 09:00:00,59,6,0.5888224083637966,0.5418518518518518,0.0,0.2071,optimal
2021-02-09 09:30:00,59,6,0.5778634231636449,0.0,0.0,0.35506666666666664,optimal
2021-02-09 10:00:00,59,6,0.3803066849116702,1.8577777777777778,0.0,0.9685333333333331,optimal
2021-02-09 10:30:00,59,6,0.21468022899091163,0.23222222222222222,0.0,1.4919666666666667,optimal
2021-02-09 11:00:00,59,6,0.0,0.1548148148148148,0.0,1.3559,optimal
2021-02-09 11:30:00,59,6,0.19236843572835433,0.0,0.0,0.2965,optimal
2021-02-09 12:00:00,59,6,0.1541918676486177,0.3096296296296296,0.0,0.2853333333333333,optimal
2021-02-09 12:30:00,59,6,0.15932820645181225,0.6192592592592592,0.0,0.1807,optimal
2021-02-09 13:00:00,59,6,0.17040229838650753,0.5418518518518518,0.0,0.07456666666666666,optimal
2021-02-09 13:30:00,59,6,0.1580414943325567,0.387037037037037,0.0,0.07633333333333332,optimal
2021-02-09 14:00:00,59,6,0.6662028960107577,0.1548148148148148,0.0,0.5361333333333334,optimal
2021-02-09 14:30:00,59,6,1.1428571428571428,0.0,0.0,0.16766666666666666,optimal
2021-02-09 15:00:00,59,6,1.1428571428571428,0.387037037037037,0.0,1.6913666666666665,optimal
2021-02-09 15:30:00,59,6,1.1428571428571428,0.387037037037037,0.0,0.2937333333333333,optimal
2021-02-09 16:00:00,59,6,0.0,0.0774074074074074,0.0,0.33363333333333334,optimal
2021-02-09 16:30:00,59,6,0.0,0.0774074074074074,0.0,2.538266666666667,optimal
2021-02-09 17:00:00,59,6,0.0,0.0,0.0,1.8699666666666668,optimal
2021-02-09 17:30:00,59,6,0.0,0.0,0.0,2.679533333333333,optimal
2021-02-09 18:00:00,59,6,0.0,0.0,0.0,0.3625333333333334,optimal
2021-02-09 18:30:00,59,6,0.0,0.46444444444444444,0.0,1.8163333333333334,optimal
2021-02-09 19:00:00,59,6,0.0,0.0774074074074074,0.0,0.3527,optimal
2021-02-09 19:30:00,59,6,0.0,0.0,0.0,0.45576666666666665,optimal
2021-02-09 20:00:00,59,6,0.0,0.0,0.0,0.2737,optimal
2021-02-09 20:30:00,59,6,0.0,3.8161851851851845,0.0,0.3031333333333333,optimal
2021-02-09 21:00:00,59,6,0.0,1.9893703703703707,0.0,0.7564333333333333,optimal
2021-02-09 21:30:00,59,6,0.0,0.6192592592592592,0.0,0.129,optimal
2021-02-09 22:00:00,59,6,0.0,0.0,0.0,0.23363333333333333,optimal
2021-02-09 22:30:00,59,6,0.0,0.387037037037037,0.0,1.2739333333333334,optimal
2021-02-09 23:00:00,59,6,0.0,0.0,0.0,1.312266666666667,optimal
2021-02-09 23:30:00,59,6,0.0,0.0,0.0,0.28086666666666665,optimal
2021-02-10 00:00:00,59,6,0.0,0.0,0.0,0.054,optimal
2021-02-10 00:30:00,59,6,0.0,0.0,0.0,0.2087333333333333,optimal
2021-02-10 01:00:00,59,6,0.0,0.0,0.0,0.054,optimal
2021-02-10 01:30:00,59,6,0.3462966081439604,0.0,0.0,0.054,optimal
2021-02-10 02:00:00,59,6,1.1428571428571428,0.0,0.0,0.12433333333333331,optimal
2021-02-10 02:30:00,59,6,1.1428571428571428,0.0,0.0,0.1384,optimal
2021-02-10 03:00:00,59,6,1.1428571428571428,0.0,0.0,0.054,optimal
2021-02-10 03:30:00,59,6,1.1428571428571428,0.0,0.0,0.2087333333333333,optimal
2021-02-10 04:00:00,59,6,1.1428571428571428,0.0,0.0,0.054,optimal
2021-02-10 04:30:00,59,6,1.1428571428571428,0.0,0.0,0.09620000000000001,optimal
2021-02-10 05:00:00,59,6,1.1428571428571428,0.0,0.33270829499138854,0.16653333333333334,optimal
2021-02-10 05:30:00,59,6,1.1428571428571428,0.0,5.0,0.0574,optimal
2021-02-10 06:00:00,59,6,1.1428571428571428,0.0774074074074074,5.0,0.26230000000000003,optimal
2021-02-10 06:30:00,59,6,1.1428571428571428,0.6192592592592592,0.0,0.1189,optimal
2021-02-10 07:00:00,59,6,1.1428571428571428,0.3096296296296296,0.0,0.0638,optimal
2021-02-10 07:30:00,59,6,1.1428571428571428,0.0,0.0,0.21773333333333328,optimal
2021-02-10 08:00:00,59,6,0.7778072958132404,0.0774074074074074,0.0,0.063,optimal
2021-02-10 08:30:00,59,6,0.747040035838548,0.6610592592592593,0.0,0.9797,optimal
2021-02-10 09:00:00,59,6,0.5475321748915887,0.2678296296296296,0.0,0.19786666666666666,optimal
2021-02-10 09:30:00,59,6,0.5330801530121351,0.3096296296296296,0.0,0.24936666666666668,optimal
2021-02-10 10:00:00,59,6,0.36192229671622,0.23222222222222222,0.0,0.19103333333333333,optimal
2021-02-10 10:30:00,59,6,0.23807518506852562,0.387037037037037,0.0,1.7798,optimal
2021-02-10 11:00:00,59,6,0.2182858728238513,0.0,0.0,0.2749,optimal
2021-02-10 11:30:00,59,6,0.14485700474127297,0.1548148148148148,0.0,0.6165666666666667,optimal
2021-02-10 12:00:00,59,6,0.16435179830477628,0.0,0.0,0.2596,optimal
2021-02-10 12:30:00,59,6,0.20544322687620936,0.0,0.0,0.2317,optimal
2021-02-10 13:00:00,59,6,1.1428571428571428,0.0,0.0,0.17653333333333332,optimal
2021-02-10 13:30:00,59,6,1.1428571428571428,0.0,0.0,0.064,optimal
2021-02-10 14:00:00,59,6,1.1428571428571428,0.23222222222222222,0.0,0.35006666666666664,optimal
2021-02-10 14:30:00,59,6,1.1428571428571428,0.0,0.0,0.30036666666666667,optimal
2021-02-10 15:00:00,59,6,1.1428571428571428,0.0,0.0,0.11736666666666666,optimal
2021-02-10 15:30:00,59,6,1.1428571428571428,0.0,0.0,0.32680000000000003,optimal
2021-02-10 16:00:00,59,6,0.0,0.6192592592592592,0.0,0.38376666666666664,optimal
2021-02-10 16:30:00,59,6,0.0,0.387037037037037,0.0,0.2513666666666667,optimal
2021-02-10 17:00:00,59,6,0.0,0.0,0.0,0.2527333333333333,optimal
2021-02-10 17:30:00,59,6,0.0,0.23222222222222222,0.0,1.005,optimal
2021-02-10 18:00:00,59,6,0.0,0.1548148148148148,0.0,0.6073999999999999,optimal
2021-02-10 18:30:00,59,6,0.0,0.0,0.0,0.09213333333333334,optimal
2021-02-10 19:00:00,59,6,0.0,0.0,0.0,0.09916666666666668,optimal
2021-02-10 19:30:00,59,6,0.0,0.0,0.0,0.18356666666666663,optimal
2021-02-10 20:00:00,59,6,0.8599223664939456,0.0,0.0,0.064,optimal
2021-02-10 20:30:00,59,6,0.0,0.0,0.0,0.2117,optimal
2021-02-10 21:00:00,59,6,0.0,0.0,0.0,0.07103333333333334,optimal
2021-02-10 21:30:00,59,6,0.0,0.0,0.0,0.18923333333333328,optimal
2021-02-10 22:00:00,59,6,0.0,0.0,0.0,0.49889999999999995,optimal
2021-02-10 22:30:00,59,6,0.0,0.0,0.0,1.3261333333333334,optimal
2021-02-10 23:00:00,59,6,0.0,2.09,0.0,0.3589,optimal
2021-02-10 23:30:00,59,6,0.0,0.0,0.0,0.13646666666666668,optimal
2021-02-11 00:00:00,59,6,1.1428571428571428,0.0,0.0,0.16119999999999998,optimal
2021-02-11 00:30:00,59,6,1.1428571428571428,0.0,0.0,0.066,optimal
2021-02-11 01:00:00,59,6,1.1428571428571428,0.0,0.0,0.066,optimal
2021-02-11 01:30:00,59,6,1.1428571428571428,0.0,0.0,0.16119999999999998,optimal
2021-02-11 02:00:00,59,6,1.1428571428571428,0.0,0.0,0.066,optimal
2021-02-11 02:30:00,59,6,1.1428571428571428,0.0,0.0,0.066,optimal
2021-02-11 03:00:00,59,6,1.1428571428571428,0.0,0.0,0.1408,optimal
2021-02-11 03:30:00,59,6,1.1428571428571428,0.0,0.0,0.0864,optimal
2021-02-11 04:00:00,59,6,1.1428571428571428,0.0,0.0,0.066,optimal
2021-02-11 04:30:00,59,6,1.1428571428571428,0.0,1.5272874380712074,0.16119999999999998,optimal
2021-02-11 05:00:00,59,6,1.1428571428571428,0.0,5.0,0.066,optimal
2021-02-11 05:30:00,59,6,1.1428571428571428,0.0,5.0,0.1272,optimal
2021-02-11 06:00:00,59,6,1.1428571428571428,2.3222222222222215,5.0,0.1,optimal
2021-02-11 06:30:00,59,6,1.1428571428571428,1.9351851851851851,0.0,0.1566,optimal
2021-02-11 07:00:00,59,6,1.1428571428571428,1.8577777777777778,0.0,0.2872,optimal
2021-02-11 07:30:00,59,6,1.1428571428571428,2.314740694093676,0.0,0.1956,optimal
2021-02-11 08:00:00,59,6,0.8199150411920819,1.3933333333333333,0.0,0.204,optimal
2021-02-11 08:30:00,59,6,0.7319850099826263,0.0,0.0,0.47226666666666667,optimal
2021-02-11 09:00:00,59,6,0.6724192599160698,0.387037037037037,0.0,0.3212,optimal
2021-02-11 09:30:00,59,6,0.5439581746486022,0.23222222222222222,0.0,0.8657999999999999,optimal
2021-02-11 10:00:00,59,6,0.3078697755503463,0.0,0.0,2.963,optimal
2021-02-11 10:30:00,59,6,0.3439363173792125,0.0,0.0,2.618866666666667,optimal
2021-02-11 11:00:00,59,6,0.3402967196544543,0.0,0.0,0.13040000000000002,optimal
2021-02-11 11:30:00,59,6,0.3236802090350442,0.0,0.0,0.076,optimal
2021-02-11 12:00:00,59,6,0.13653274146328187,0.0,0.0,0.16440000000000002,optimal
2021-02-11 12:30:00,59,6,0.13197557511693356,0.0,0.0,0.0828,optimal
2021-02-11 13:00:00,59,6,1.1428571428571428,0.0,0.0,0.076,optimal
2021-02-11 13:30:00,59,6,1.1428571428571428,0.0,0.0,0.1712,optimal
2021-02-11 14:00:00,59,6,1.1428571428571428,0.0,0.0,0.076,optimal
2021-02-11 14:30:00,59,6,1.1428571428571428,0.0,0.0,0.1372,optimal
2021-02-11 15:00:00,59,6,1.1428571428571428,0.0,0.0,0.11,optimal
2021-02-11 15:30:00,59,6,1.1428571428571428,0.0,0.0,0.076,optimal
2021-02-11 16:00:00,59,6,0.0,0.0,0.0,0.13040000000000002,optimal
2021-02-11 16:30:00,59,6,0.0,0.0,0.0,0.16453333333333334,optimal
2021-02-11 17:00:00,59,6,0.0,0.46444444444444444,0.0,0.2529333333333333,optimal
2021-02-11 17:30:00,59,6,0.0,0.1548148148148148,0.0,1.786,optimal
2021-02-11 18:00:00,59,6,0.0,0.46444444444444444,0.0,0.2413333333333333,optimal
2021-02-11 18:30:00,59,6,0.0,0.0,0.0,1.4978,optimal
2021-02-11 19:00:00,59,6,0.0,0.23222222222222222,0.0,0.2047333333333333,optimal
2021-02-11 19:30:00,59,6,0.6952896088020162,1.6255555555555554,0.0,1.6701333333333335,optimal
2021-02-11 20:00:00,59,6,0.9136353970985831,0.0,0.0,0.4641,optimal
2021-02-11 20:30:00,59,6,0.0,0.0,0.0,0.276,optimal
2021-02-11 21:00:00,59,6,0.0,0.0,0.0,0.13326666666666667,optimal
2021-02-11 21:30:00,59,6,0.0,0.0,0.0,0.1596,optimal
2021-02-11 22:00:00,59,6,0.0,0.8514814814814814,0.0,0.16133333333333336,optimal
2021-02-11 22:30:00,59,6,0.0,0.0,0.0,0.15653333333333333,optimal
2021-02-11 23:00:00,59,6,0.0,0.0,0.0,0.37860000000000005,optimal
2021-02-11 23:30:00,59,6,0.0,0.0,0.0,0.2037333333333333,optimal
2021-02-12 00:00:00,59,6,1.1428571428571428,0.0,0.0,0.13503333333333334,optimal
2021-02-12 00:30:00,59,6,1.1428571428571428,1.315925925925926,0.0,0.197,optimal
2021-02-12 01:00:00,59,6,1.1428571428571428,0.0,0.0,0.197,optimal
2021-02-12 01:30:00,59,6,1.1428571428571428,0.0,0.0,0.361,optimal
2021-02-12 02:00:00,59,6,1.1428571428571428,0.0,0.0,0.08766666666666667,optimal
2021-02-12 02:30:00,59,6,1.1428571428571428,0.0,0.0,0.196,optimal
2021-02-12 03:00:00,59,6,1.1428571428571428,0.0,0.0,0.15866666666666665,optimal
2021-02-12 03:30:00,59,6,1.1428571428571428,0.0,0.0,0.056,optimal
2021-02-12 04:00:00,59,6,1.1428571428571428,0.0,2.2213772508991116,0.141,optimal
2021-02-12 04:30:00,59,6,1.1428571428571428,0.0,5.0,0.21366666666666662,optimal
2021-02-12 05:00:00,59,6,1.1428571428571428,0.0,5.0,0.056,optimal
2021-02-12 05:30:00,59,6,1.1428571428571428,0.0,5.0,0.26366666666666666,optimal
2021-02-12 06:00:00,59,6,1.1428571428571428,0.0,5.0,0.09233333333333331,optimal
2021-02-12 06:30:00,59,6,1.1428571428571428,0.1548148148148148,5.0,0.3339,optimal
2021-02-12 07:00:00,59,6,1.1428571428571428,0.6966666666666667,5.0,0.284,optimal
2021-02-12 07:30:00,59,6,1.1428571428571428,6.207613499312725,0.0,0.0634,optimal
2021-02-12 08:00:00,59,6,0.7015319343736074,0.0774074074074074,0.0,0.3756666666666667,optimal
2021-02-12 08:30:00,59,6,0.8050315753006868,0.46444444444444444,0.0,0.1215,optimal
2021-02-12 09:00:00,59,6,0.612940841802785,0.3096296296296296,0.0,0.3886,optimal
2021-02-12 09:30:00,59,6,0.554311458271572,0.0774074074074074,0.0,0.3645,optimal
2021-02-12 10:00:00,59,6,0.46648597680721193,0.0,0.0,0.15466666666666665,optimal
2021-02-12 10:30:00,59,6,0.47466764733399897,0.0,0.0,0.066,optimal
2021-02-12 11:00:00,59,6,0.25728136600866636,0.0,0.0,0.184,optimal
2021-02-12 11:30:00,59,6,0.2532326462530778,0.0,0.0,0.19066666666666662,optimal
2021-02-12 12:00:00,59,6,0.22474668195451578,0.0,0.0,0.066,optimal
2021-02-12 12:30:00,59,6,0.17526939077037246,0.0,0.0,0.23166666666666663,optimal
2021-02-12 13:00:00,59,6,0.5873510592304446,0.0,0.0,0.143,optimal
2021-02-12 13:30:00,59,6,1.1428571428571428,0.0,0.0,0.09133333333333331,optimal
2021-02-12 14:00:00,59,6,1.1428571428571428,0.0,0.0,0.15033333333333335,optimal
2021-02-12 14:30:00,59,6,1.1428571428571428,0.0,0.0,0.199,optimal
2021-02-12 15:00:00,59,6,1.1428571428571428,0.23222222222222222,0.0,0.31826666666666664,optimal
2021-02-12 15:30:00,59,6,1.1428571428571428,0.23222222222222222,0.0,0.358,optimal
2021-02-12 16:00:00,59,6,0.0,0.0,0.0,0.29806666666666665,optimal
2021-02-12 16:30:00,59,6,0.0,0.0,0.0,0.31880000000000003,optimal
2021-02-12 17:00:00,59,6,0.0,0.3096296296296296,0.0,0.6532333333333333,optimal
2021-02-12 17:30:00,59,6,0.0,0.1548148148148148,0.0,0.41933333333333334,optimal
2021-02-12 18:00:00,59,6,0.0,0.1548148148148148,0.0,0.33643333333333336,optimal
2021-02-12 18:30:00,59,6,0.0,0.0,0.0,0.41286666666666666,optimal
2021-02-12 19:00:00,59,6,0.0,0.23222222222222222,0.0,1.8808,optimal
2021-02-12 19:30:00,59,6,0.0,0.23222222222222222,0.0,0.8663333333333334,optimal
2021-02-12 20:00:00,59,6,0.0,0.3096296296296296,0.0,0.3193333333333333,optimal
2021-02-12 20:30:00,59,6,0.0,0.0,0.0,0.066,optimal
2021-02-12 21:00:00,59,6,0.0,0.0,0.0,0.3086666666666667,optimal
2021-02-12 21:30:00,59,6,0.0,0.0,0.0,0.17293333333333333,optimal
2021-02-12 22:00:00,59,6,0.0,0.3096296296296296,0.0,0.358,optimal
2021-02-12 22:30:00,59,6,0.0,0.1548148148148148,0.0,0.5282,optimal
2021-02-12 23:00:00,59,6,0.0,0.5418518518518518,0.0,0.2824333333333333,optimal
2021-02-12 23:30:00,59,6,0.0,0.0,0.0,0.2643333333333333,optimal
2021-02-13 00:00:00,59,6,0.0,0.0,0.0,0.1226,optimal
2021-02-13 00:30:00,59,6,0.4226520841410965,0.0,0.0,0.059,optimal
2021-02-13 01:00:00,59,6,1.1428571428571428,0.0,0.0,0.1226,optimal
2021-02-13 01:30:00,59,6,1.1428571428571428,0.0,0.0,0.059,optimal
2021-02-13 02:00:00,59,6,1.1428571428571428,0.0,0.0,0.1226,optimal
2021-02-13 02:30:00,59,6,1.1428571428571428,0.0,0.0,0.059,optimal
2021-02-13 03:00:00,59,6,1.1428571428571428,0.0,0.0,0.09433333333333331,optimal
2021-02-13 03:30:00,59,6,1.1428571428571428,0.0,0.0,0.08726666666666666,optimal
2021-02-13 04:00:00,59,6,1.1428571428571428,0.0,0.0,0.059,optimal
2021-02-13 04:30:00,59,6,1.1428571428571428,0.0,0.0,0.10846666666666668,optimal
2021-02-13 05:00:00,59,6,1.1428571428571428,0.0,3.6567980766738937,0.07313333333333334,optimal
2021-02-13 05:30:00,59,6,1.1428571428571428,0.0,5.0,0.1226,optimal
2021-02-13 06:00:00,59,6,1.1428571428571428,0.0,5.0,0.059,optimal
2021-02-13 06:30:00,59,6,1.1428571428571428,0.0,5.0,0.06866666666666667,optimal
2021-02-13 07:00:00,59,6,1.1428571428571428,0.0,5.0,0.10526666666666668,optimal
2021-02-13 07:30:00,59,6,1.1428571428571428,0.0,0.0,0.07666666666666667,optimal
2021-02-13 08:00:00,59,6,0.7411816608803491,0.23222222222222222,0.0,0.25776666666666664,optimal
2021-02-13 08:30:00,59,6,0.759799607791425,0.23222222222222222,0.0,0.20176666666666668,optimal
2021-02-13 09:00:00,59,6,0.6264392283457522,0.0,0.0,0.20006666666666664,optimal
2021-02-13 09:30:00,59,6,0.6182337248059521,0.0,0.0,0.1226,optimal
2021-02-13 10:00:00,59,6,0.4724044765384043,0.23222222222222222,0.0,0.059,optimal
2021-02-13 10:30:00,59,6,0.4352224234494861,0.23222222222222222,0.0,0.13796666666666668,optimal
2021-02-13 11:00:00,59,6,0.35069324145658176,0.0,0.0,0.11906666666666667,optimal
2021-02-13 11:30:00,59,6,0.3657111883676602,0.0,0.0,0.059,optimal
2021-02-13 12:00:00,59,6,0.260199352603578,0.0,0.0,0.1226,optimal
2021-02-13 12:30:00,59,6,0.2740828654733716,0.0,0.0,0.059,optimal
2021-02-13 13:00:00,59,6,1.1428571428571428,0.0,0.0,0.059,optimal
2021-02-13 13:30:00,59,6,1.1428571428571428,0.0,0.0,0.13226666666666667,optimal
2021-02-13 14:00:00,59,6,1.1428571428571428,0.0,0.0,0.059333333333333335,optimal
2021-02-13 14:30:00,59,6,1.1428571428571428,0.0,0.0,0.06866666666666667,optimal
2021-02-13 15:00:00,59,6,1.1428571428571428,0.0,0.0,0.11233333333333331,optimal
2021-02-13 15:30:00,59,6,1.1428571428571428,0.0,0.0,0.0696,optimal
2021-02-13 16:00:00,59,6,0.0,0.6966666666666667,0.0,0.29406666666666664,optimal
2021-02-13 16:30:00,59,6,0.0,0.23222222222222222,0.0,0.3484333333333333,optimal
2021-02-13 17:00:00,59,6,0.0,0.0,0.0,0.2862,optimal
2021-02-13 17:30:00,59,6,0.0,0.46444444444444444,0.0,0.3477,optimal
2021-02-13 18:00:00,59,6,0.0,0.6966666666666667,0.0,0.4035,optimal
2021-02-13 18:30:00,59,6,0.0,0.23222222222222222,0.0,0.29736666666666667,optimal
2021-02-13 19:00:00,59,6,0.0,0.0,0.0,0.45,optimal
2021-02-13 19:30:00,59,6,0.10400968887517036,0.0,0.0,0.4544333333333333,optimal
2021-02-13 20:00:00,59,6,0.6684322426447981,0.0,0.0,0.3226,optimal
2021-02-13 20:30:00,59,6,0.0,0.0774074074074074,0.0,0.3703666666666667,optimal
2021-02-13 21:00:00,59,6,0.0,0.0,0.0,0.15133333333333335,optimal
2021-02-13 21:30:00,59,6,0.0,0.0,0.0,0.1326,optimal
2021-02-13 22:00:00,59,6,0.0,0.0,0.0,0.069,optimal
2021-02-13 22:30:00,59,6,0.0,0.0,0.0,0.069,optimal
2021-02-13 23:00:00,59,6,0.0,0.0,0.0,0.069,optimal
2021-02-13 23:30:00,59,6,0.0,0.0,0.0,0.07959999999999999,optimal
2021-02-07 00:00:00,60,6,0.0,0.0,0.0,0.28786666666666666,optimal
2021-02-07 00:30:00,60,6,0.0,0.0,0.0,0.11873333333333332,optimal
2021-02-07 01:00:00,60,6,0.0,0.0,0.0,0.18066666666666664,optimal
2021-02-07 01:30:00,60,6,0.0,0.0,0.0,0.12106666666666667,optimal
2021-02-07 02:00:00,60,6,0.0,0.0,0.0,0.1997333333333333,optimal
2021-02-07 02:30:00,60,6,0.0,0.0,0.0,0.076,optimal
2021-02-07 03:00:00,60,6,0.0,0.0,0.0,0.1664,optimal
2021-02-07 03:30:00,60,6,0.0,0.0,0.0,0.10859999999999999,optimal
2021-02-07 04:00:00,60,6,1.1428571428571428,0.0,0.0,0.1286,optimal
2021-02-07 04:30:00,60,6,1.1428571428571428,0.0,0.0,0.1692,optimal
2021-02-07 05:00:00,60,6,1.1428571428571428,0.0,0.0,0.066,optimal
2021-02-07 05:30:00,60,6,1.1428571428571428,0.0,0.0,0.25146666666666667,optimal
2021-02-07 06:00:00,60,6,1.1428571428571428,0.46444444444444444,0.0,0.094,optimal
2021-02-07 06:30:00,60,6,1.1428571428571428,0.46444444444444444,1.4055777348378222,0.17213333333333333,optimal
2021-02-07 07:00:00,60,6,1.1428571428571428,0.8514814814814814,0.0,0.10666666666666669,optimal
2021-02-07 07:30:00,60,6,0.0,0.0,0.0,0.17133333333333334,optimal
2021-02-07 08:00:00,60,6,0.0,0.0,0.0,0.1468,optimal
2021-02-07 08:30:00,60,6,0.7327791358391113,0.0,0.0,0.076,optimal
2021-02-07 09:00:00,60,6,0.6722110622467883,0.0,0.0,0.2364,optimal
2021-02-07 09:30:00,60,6,0.7087337710626365,0.0,0.0,0.10106666666666667,optimal
2021-02-07 10:00:00,60,6,0.6289348710313101,0.0,0.0,0.11533333333333332,optimal
2021-02-07 10:30:00,60,6,0.6289180248281836,0.0,0.0,0.13040000000000002,optimal
2021-02-07 11:00:00,60,6,0.5091793201346739,0.0,0.0,0.21886666666666668,optimal
2021-02-07 11:30:00,60,6,0.5443793201346754,0.0,0.0,0.09566666666666669,optimal
2021-02-07 12:00:00,60,6,0.48222846486817167,0.0,0.0,0.076,optimal
2021-02-07 12:30:00,60,6,0.46799989343959403,0.0,0.0,0.1258,optimal
2021-02-07 13:00:00,60,6,0.5054276141730533,0.0,0.0,0.21166666666666664,optimal
2021-02-07 13:30:00,60,6,0.529359846798431,0.0,0.0,0.12040000000000001,optimal
2021-02-07 14:00:00,60,6,0.7519622835251103,0.0,0.0,0.21706666666666663,optimal
2021-02-07 14:30:00,60,6,1.1428571428571428,0.0,0.0,0.08773333333333333,optimal
2021-02-07 15:00:00,60,6,1.1428571428571428,0.1548148148148148,0.0,0.4811333333333333,optimal
2021-02-07 15:30:00,60,6,1.1428571428571428,0.0,0.0,0.42560000000000003,optimal
2021-02-07 16:00:00,60,6,0.0,0.23222222222222222,0.0,2.7091,optimal
2021-02-07 16:30:00,60,6,0.0,0.0774074074074074,0.0,2.0150333333333332,optimal
2021-02-07 17:00:00,60,6,0.0,1.1611111111111108,0.0,0.5714333333333332,optimal
2021-02-07 17:30:00,60,6,0.0,2.1674074074074072,0.0,0.8316,optimal
2021-02-07 18:00:00,60,6,0.0,0.23222222222222222,0.0,1.5455,optimal
2021-02-07 18:30:00,60,6,0.0,0.0,0.0,1.5524,optimal
2021-02-07 19:00:00,60,6,0.0,0.1548148148148148,0.0,0.47936666666666666,optimal
2021-02-07 19:30:00,60,6,0.0,0.0,0.0,0.3111666666666667,optimal
2021-02-07 20:00:00,60,6,0.0,0.6192592592592592,0.0,0.4792,optimal
2021-02-07 20:30:00,60,6,0.0,0.0,0.0,0.2769,optimal
2021-02-07 21:00:00,60,6,0.0,2.012592592592592,0.0,0.47993333333333327,optimal
2021-02-07 21:30:00,60,6,0.0,0.46444444444444444,0.0,0.7938,optimal
2021-02-07 22:00:00,60,6,0.0,0.0,0.0,0.5832666666666666,optimal
2021-02-07 22:30:00,60,6,0.0,0.0,0.0,0.13333333333333333,optimal
2021-02-07 23:00:00,60,6,0.0,0.0,0.0,0.13333333333333333,optimal
2021-02-07 23:30:00,60,6,0.0,0.0,0.0,0.072,optimal
2021-02-08 00:00:00,60,6,0.0,0.0,0.0,0.048,optimal
2021-02-08 00:30:00,60,6,0.0,0.0,0.0,0.10740000000000001,optimal
2021-02-08 01:00:00,60,6,0.0,0.0,0.0,0.048,optimal
2021-02-08 01:30:00,60,6,0.1740817191993945,0.0,0.0,0.048,optimal
2021-02-08 02:00:00,60,6,1.1428571428571428,0.0,0.0,0.048,optimal
2021-02-08 02:30:00,60,6,1.1428571428571428,0.0,0.0,0.10740000000000001,optimal
2021-02-08 03:00:00,60,6,1.1428571428571428,0.0,0.0,0.048,optimal
2021-02-08 03:30:00,60,6,1.1428571428571428,0.0,0.0,0.0777,optimal
2021-02-08 04:00:00,60,6,1.1428571428571428,0.0,0.0,0.0777,optimal
2021-02-08 04:30:00,60,6,1.1428571428571428,0.0,0.0,0.048,optimal
2021-02-08 05:00:00,60,6,1.1428571428571428,0.0,3.5473960455113525,0.0942,optimal
2021-02-08 05:30:00,60,6,1.1428571428571428,0.0,5.0,0.061200000000000004,optimal
2021-02-08 06:00:00,60,6,1.1428571428571428,0.0,5.0,0.6377333333333334,optimal
2021-02-08 06:30:00,60,6,1.1428571428571428,0.1548148148148148,0.0,0.0665,optimal
2021-02-08 07:00:00,60,6,1.1428571428571428,0.0,0.0,1.517266666666667,optimal
2021-02-08 07:30:00,60,6,1.1428571428571428,0.1548148148148148,0.0,0.0559,optimal
2021-02-08 08:00:00,60,6,0.6066530555839561,0.46444444444444444,0.0,0.6455666666666667,optimal
2021-02-08 08:30:00,60,6,0.5864028760474902,0.0774074074074074,0.0,1.1333333333333333,optimal
2021-02-08 09:00:00,60,6,0.49530521619833695,0.0,0.0,1.1864000000000001,optimal
2021-02-08 09:30:00,60,6,0.5431781045506381,0.1548148148148148,0.0,0.046,optimal
2021-02-08 10:00:00,60,6,0.3599560692469853,0.387037037037037,0.0,0.6455666666666667,optimal
2021-02-08 10:30:00,60,6,0.4107927047042021,0.1548148148148148,0.0,0.05433333333333334,optimal
2021-02-08 11:00:00,60,6,0.23711216963693177,0.46444444444444444,0.0,0.0978,optimal
2021-02-08 11:30:00,60,6,0.25800044441149006,0.46444444444444444,0.0,0.5961666666666666,optimal
2021-02-08 12:00:00,60,6,0.10847937108087015,0.1548148148148148,0.0,0.4353333333333333,optimal
2021-02-08 12:30:00,60,6,0.0,0.1548148148148148,0.0,3.4476,optimal
2021-02-08 13:00:00,60,6,0.6412657212011494,0.0,0.0,1.3046666666666666,optimal
2021-02-08 13:30:00,60,6,1.1428571428571428,0.3096296296296296,0.0,0.6321,optimal
2021-02-08 14:00:00,60,6,1.1428571428571428,0.6966666666666667,0.0,0.9384666666666668,optimal
2021-02-08 14:30:00,60,6,1.1428571428571428,0.0,0.0,0.6022666666666666,optimal
2021-02-08 15:00:00,60,6,1.1428571428571428,0.0,0.0,0.06459999999999999,optimal
2021-02-08 15:30:00,60,6,1.1428571428571428,0.0,0.0,0.058,optimal
2021-02-08 16:00:00,60,6,0.0,0.0,0.0,0.1115,optimal
2021-02-08 16:30:00,60,6,0.0,0.46444444444444444,0.0,1.8757333333333328,optimal
2021-02-08 17:00:00,60,6,0.0,0.0,0.0,0.2306,optimal
2021-02-08 17:30:00,60,6,0.0,0.0,0.0,0.4362,optimal
2021-02-08 18:00:00,60,6,0.0,0.3096296296296296,0.0,0.7669666666666667,optimal
2021-02-08 18:30:00,60,6,0.0,0.0,0.0,1.2826666666666668,optimal
2021-02-08 19:00:00,60,6,0.0,0.0774074074074074,0.0,0.2405,optimal
2021-02-08 19:30:00,60,6,0.0,0.0,0.0,1.0620666666666667,optimal
2021-02-08 20:00:00,60,6,0.0,0.0,0.0,0.24026666666666668,optimal
2021-02-08 20:30:00,60,6,0.0,0.1548148148148148,0.0,1.2307000000000001,optimal
2021-02-08 21:00:00,60,6,0.0,0.1548148148148148,0.0,0.7406,optimal
2021-02-08 21:30:00,60,6,0.0,0.0,0.0,1.1361333333333334,optimal
2021-02-08 22:00:00,60,6,0.0,0.0,0.0,0.7193999999999999,optimal
2021-02-08 22:30:00,60,6,0.0,0.0,0.0,0.6571333333333333,optimal
2021-02-08 23:00:00,60,6,0.0,0.0,0.0,0.1174,optimal
2021-02-08 23:30:00,60,6,0.0,0.0,0.0,0.055666666666666656,optimal
2021-02-09 00:00:00,60,6,0.0,0.0,0.0,0.0839,optimal
2021-02-09 00:30:00,60,6,0.0,0.0,0.0,0.2596666666666667,optimal
2021-02-09 01:00:00,60,6,0.0,0.0,0.0,0.28846666666666665,optimal
2021-02-09 01:30:00,60,6,0.6253612915422795,0.0,0.0,0.14823333333333333,optimal
2021-02-09 02:00:00,60,6,1.1428571428571428,0.0,0.0,0.04,optimal
2021-02-09 02:30:00,60,6,1.1428571428571428,0.0,0.0,0.18006666666666665,optimal
2021-02-09 03:00:00,60,6,1.1428571428571428,0.0,0.0,0.04,optimal
2021-02-09 03:30:00,60,6,1.1428571428571428,0.0,0.0,0.04,optimal
2021-02-09 04:00:00,60,6,1.1428571428571428,0.0,0.0,0.1817,optimal
2021-02-09 04:30:00,60,6,1.1428571428571428,0.0,0.0,0.05636666666666667,optimal
2021-02-09 05:00:00,60,6,1.1428571428571428,0.0,0.0,0.04266666666666666,optimal
2021-02-09 05:30:00,60,6,1.1428571428571428,0.0,0.0,0.1164,optimal
2021-02-09 06:00:00,60,6,1.1428571428571428,0.0,3.0868269489004034,0.10766666666666669,optimal
2021-02-09 06:30:00,60,6,1.1428571428571428,0.0774074074074074,5.0,0.09816666666666668,optimal
2021-02-09 07:00:00,60,6,1.1428571428571428,0.46444444444444444,5.0,0.19240000000000002,optimal
2021-02-09 07:30:00,60,6,1.1428571428571428,0.46444444444444444,0.0,0.27223333333333327,optimal
2021-02-09 08:00:00,60,6,0.5686109635653368,0.5418518518518518,0.0,0.38856666666666667,optimal
2021-02-09 08:30:00,60,6,0.7098362328700303,0.0,0.0,0.1161,optimal
2021-02-09 09:00:00,60,6,0.7218985988399819,0.0,0.0,0.10729999999999999,optimal
2021-02-09 09:30:00,60,6,0.7017586612588931,0.0,0.0,0.13276666666666667,optimal
2021-02-09 10:00:00,60,6,0.5402133515783326,0.0,0.0,0.05,optimal
2021-02-09 10:30:00,60,6,0.39808403851471524,0.0,0.0,0.41193333333333326,optimal
2021-02-09 11:00:00,60,6,0.30158609860821806,0.0,0.0,0.148,optimal
2021-02-09 11:30:00,60,6,0.29388023599549884,0.0,0.0,0.18813333333333332,optimal
2021-02-09 12:00:00,60,6,0.2269175819343302,0.0,0.0,0.10093333333333333,optimal
2021-02-09 12:30:00,60,6,0.24361392073752258,0.0,0.0,0.05,optimal
2021-02-09 13:00:00,60,6,1.1428571428571428,0.0,0.0,0.19006666666666663,optimal
2021-02-09 13:30:00,60,6,1.1428571428571428,0.0,0.0,0.05,optimal
2021-02-09 14:00:00,60,6,1.1428571428571428,0.0,0.0,0.05,optimal
2021-02-09 14:30:00,60,6,1.1428571428571428,0.0,0.0,0.2753333333333333,optimal
2021-02-09 15:00:00,60,6,1.1428571428571428,0.0,0.0,0.1152,optimal
2021-02-09 15:30:00,60,6,1.1428571428571428,0.0,0.0,0.12003333333333331,optimal
2021-02-09 16:00:00,60,6,0.0,0.0,0.0,0.12003333333333331,optimal
2021-02-09 16:30:00,60,6,0.0,0.0,0.0,0.05,optimal
2021-02-09 17:00:00,60,6,0.0,0.0,0.0,0.05,optimal
2021-02-09 17:30:00,60,6,0.0,0.0,0.0,0.08183333333333333,optimal
2021-02-09 18:00:00,60,6,0.0,0.0774074074074074,0.0,0.4399333333333333,optimal
2021-02-09 18:30:00,60,6,0.0,0.3096296296296296,0.0,0.32413333333333333,optimal
2021-02-09 19:00:00,60,6,0.0,0.3096296296296296,0.0,0.323,optimal
2021-02-09 19:30:00,60,6,0.08507685814881395,0.0,0.0,0.44303333333333333,optimal
2021-02-09 20:00:00,60,6,0.5657560051902045,0.0,0.0,0.356,optimal
2021-02-09 20:30:00,60,6,0.0,0.0,0.0,0.8132666666666667,optimal
2021-02-09 21:00:00,60,6,0.0,0.0,0.0,0.3338666666666667,optimal
2021-02-09 21:30:00,60,6,0.0,0.0,0.0,0.05,optimal
2021-02-09 22:00:00,60,6,0.0,0.1548148148148148,0.0,0.4503333333333333,optimal
2021-02-09 22:30:00,60,6,0.0,0.3096296296296296,0.0,0.2753333333333333,optimal
2021-02-09 23:00:00,60,6,0.0,0.0,0.0,0.269,optimal
2021-02-09 23:30:00,60,6,0.0,0.0,0.0,0.24466666666666662,optimal
2021-02-10 00:00:00,60,6,0.0,0.0,0.0,0.06533333333333333,optimal
2021-02-10 00:30:00,60,6,0.0,0.0,0.0,0.07,optimal
2021-02-10 01:00:00,60,6,0.31799041301223985,0.0,0.0,0.2732,optimal
2021-02-10 01:30:00,60,6,1.1428571428571428,0.0,0.0,0.08506666666666667,optimal
2021-02-10 02:00:00,60,6,1.1428571428571428,0.0774074074074074,0.0,0.16843333333333332,optimal
2021-02-10 02:30:00,60,6,1.1428571428571428,0.0,0.0,0.16266666666666665,optimal
2021-02-10 03:00:00,60,6,1.1428571428571428,0.0,0.0,0.13733333333333334,optimal
2021-02-10 03:30:00,60,6,1.1428571428571428,0.0,0.0,0.14753333333333332,optimal
2021-02-10 04:00:00,60,6,1.1428571428571428,0.0,5.0,0.2114,optimal
2021-02-10 04:30:00,60,6,1.1428571428571428,0.0,5.0,0.07,optimal
2021-02-10 05:00:00,60,6,1.1428571428571428,0.0,5.0,0.26139999999999997,optimal
2021-02-10 05:30:00,60,6,1.1428571428571428,0.0,5.0,0.09753333333333332,optimal
2021-02-10 06:00:00,60,6,1.1428571428571428,0.0,5.0,0.07673333333333333,optimal
2021-02-10 06:30:00,60,6,1.1428571428571428,0.0,5.0,0.2157333333333333,optimal
2021-02-10 07:00:00,60,6,1.1428571428571428,0.0,5.0,0.14513333333333334,optimal
2021-02-10 07:30:00,60,6,1.1428571428571428,0.0,0.0,0.21813333333333332,optimal
2021-02-10 08:00:00,60,6,0.6977596767656197,0.0,0.0,0.2713,optimal
2021-02-10 08:30:00,60,6,0.6898600358385482,0.23222222222222222,0.0,0.16019999999999998,optimal
2021-02-10 09:00:00,60,6,0.528370270129684,0.0,0.0,0.25353333333333333,optimal
2021-02-10 09:30:00,60,6,0.4859087244407032,0.387037037037037,0.0,0.3000333333333334,optimal
2021-02-10 10:00:00,60,6,0.25768801100193545,0.23222222222222222,0.0,0.3849333333333333,optimal
2021-02-10 10:30:00,60,6,0.19888089935424938,0.0774074074074074,0.6578367732802505,0.5365666666666667,optimal
2021-02-10 11:00:00,60,6,0.24872396806194907,0.6966666666666667,0.0,0.11359999999999999,optimal
2021-02-10 11:30:00,60,6,0.2287408142650826,0.3096296296296296,0.0,0.18986666666666668,optimal
2021-02-10 12:00:00,60,6,0.043538464971437624,0.3096296296296296,0.0,0.3924666666666666,optimal
2021-02-10 12:30:00,60,6,0.0,0.387037037037037,0.0,0.5910333333333333,optimal
2021-02-10 13:00:00,60,6,0.0,0.0774074074074074,0.0,0.6291,optimal
2021-02-10 13:30:00,60,6,1.0360667250536362,0.0,0.0,0.2568666666666667,optimal
2021-02-10 14:00:00,60,6,1.1428571428571428,0.23222222222222222,0.0,0.3900666666666667,optimal
2021-02-10 14:30:00,60,6,1.1428571428571428,0.1548148148148148,0.0,0.4871333333333333,optimal
2021-02-10 15:00:00,60,6,1.1428571428571428,0.5418518518518518,0.0,0.3557,optimal
2021-02-10 15:30:00,60,6,1.1428571428571428,0.1548148148148148,0.0,0.9565666666666668,optimal
2021-02-10 16:00:00,60,6,0.0,0.0,0.0,1.5803333333333334,optimal
2021-02-10 16:30:00,60,6,0.0,0.387037037037037,0.0,0.3466,optimal
2021-02-10 17:00:00,60,6,0.0,0.0,0.0,0.5564666666666667,optimal
2021-02-10 17:30:00,60,6,0.0,0.3096296296296296,0.0,0.2698666666666667,optimal
2021-02-10 18:00:00,60,6,0.0,0.387037037037037,0.0,0.6003333333333334,optimal
2021-02-10 18:30:00,60,6,0.0,0.0,0.0,0.6037666666666667,optimal
2021-02-10 19:00:00,60,6,0.0,0.0,0.0,0.46863333333333335,optimal
2021-02-10 19:30:00,60,6,0.0,0.0774074074074074,0.0,0.5152666666666667,optimal
2021-02-10 20:00:00,60,6,0.0,2.0899999999999994,0.0,0.5090333333333333,optimal
2021-02-10 20:30:00,60,6,0.0,0.8514814814814814,0.0,0.47293333333333326,optimal
2021-02-10 21:00:00,60,6,0.0,0.0,0.0,0.8739666666666667,optimal
2021-02-10 21:30:00,60,6,0.0,0.0,0.0,0.40136666666666665,optimal
2021-02-10 22:00:00,60,6,0.0,0.0774074074074074,0.0,0.29356666666666664,optimal
2021-02-10 22:30:00,60,6,0.0,0.0,0.0,0.41103333333333336,optimal
2021-02-10 23:00:00,60,6,0.0,0.0,0.0,0.25253333333333333,optimal
2021-02-10 23:30:00,60,6,0.0,4.300755555555556,0.0,0.3277,optimal
2021-02-11 00:00:00,60,6,0.13090726272054312,0.0,0.0,0.062,optimal
2021-02-11 00:30:00,60,6,1.1428571428571428,0.0,0.0,0.062,optimal
2021-02-11 01:00:00,60,6,1.1428571428571428,0.0,0.3617741834474418,0.12140000000000001,optimal
2021-02-11 01:30:00,60,6,1.1428571428571428,0.0,5.0,0.19353333333333333,optimal
2021-02-11 02:00:00,60,6,1.1428571428571428,0.0,5.0,0.07506666666666666,optimal
2021-02-11 02:30:00,60,6,1.1428571428571428,0.0,5.0,0.2052,optimal
2021-02-11 03:00:00,60,6,1.1428571428571428,0.23222222222222222,5.0,0.07353333333333333,optimal
2021-02-11 03:30:00,60,6,1.1428571428571428,0.23222222222222222,5.0,0.21903333333333333,optimal
2021-02-11 04:00:00,60,6,1.1428571428571428,0.6610592592592595,5.0,0.20959999999999998,optimal
2021-02-11 04:30:00,60,6,1.1428571428571428,0.0,5.0,0.12079999999999999,optimal
2021-02-11 05:00:00,60,6,1.1428571428571428,0.0,5.0,0.161,optimal
2021-02-11 05:30:00,60,6,1.1428571428571428,0.34523703703703695,5.0,0.16803333333333334,optimal
2021-02-11 06:00:00,60,6,1.1428571428571428,0.8514814814814814,0.0,0.073,optimal
2021-02-11 06:30:00,60,6,1.1428571428571428,0.5418518518518518,0.0,0.21266666666666662,optimal
2021-02-11 07:00:00,60,6,1.1428571428571428,0.0774074074074074,0.0,0.1787,optimal
2021-02-11 07:30:00,60,6,1.1428571428571428,0.0774074074074074,0.0,0.2762,optimal
2021-02-11 08:00:00,60,6,0.47186742214446725,0.1548148148148148,0.0,1.4411333333333334,optimal
2021-02-11 08:30:00,60,6,0.8003754861731024,1.7029629629629628,0.0,0.2558,optimal
2021-02-11 09:00:00,60,6,0.5674573551541578,0.23222222222222222,0.0,0.3762,optimal
2021-02-11 09:30:00,60,6,0.35018865083908535,0.1548148148148148,0.0,1.3976,optimal
2021-02-11 10:00:00,60,6,0.08498596602654125,0.0774074074074074,0.0,1.259766666666667,optimal
2021-02-11 10:30:00,60,6,0.2384734602363563,5.805555555555555,0.0,0.5163,optimal
2021-02-11 11:00:00,60,6,0.1825348148925461,0.0,0.0,0.3452,optimal
2021-02-11 11:30:00,60,6,0.1437468757017131,0.0,0.0,0.33113333333333334,optimal
2021-02-11 12:00:00,60,6,0.0,0.23222222222222222,0.0,0.4642,optimal
2021-02-11 12:30:00,60,6,0.0,0.0,0.0,0.4255333333333334,optimal
2021-02-11 13:00:00,60,6,0.4647340465727819,0.6966666666666667,0.0,0.33376666666666666,optimal
2021-02-11 13:30:00,60,6,1.1428571428571428,0.3096296296296296,0.0,0.5322666666666667,optimal
2021-02-11 14:00:00,60,6,1.1428571428571428,0.46444444444444444,0.0,0.5870333333333333,optimal
2021-02-11 14:30:00,60,6,1.1428571428571428,0.0,0.0,0.2932666666666667,optimal
2021-02-11 15:00:00,60,6,1.1428571428571428,0.0,0.0,2.037333333333333,optimal
2021-02-11 15:30:00,60,6,1.1428571428571428,0.0,0.0,2.3592,optimal
2021-02-11 16:00:00,60,6,0.0,0.1548148148148148,0.0,0.8512333333333334,optimal
2021-02-11 16:30:00,60,6,0.0,0.1548148148148148,0.0,0.21,optimal
2021-02-11 17:00:00,60,6,0.0,0.23222222222222222,0.0,0.3153666666666667,optimal
2021-02-11 17:30:00,60,6,0.0,0.0,0.0,0.40436666666666665,optimal
2021-02-11 18:00:00,60,6,0.0,0.8514814814814814,0.0,0.19203333333333333,optimal
2021-02-11 18:30:00,60,6,0.0,0.0774074074074074,0.0,0.33803333333333335,optimal
2021-02-11 19:00:00,60,6,0.0,0.1548148148148148,0.0,0.6526000000000001,optimal
2021-02-11 19:30:00,60,6,0.0,0.0,0.0,0.2148333333333333,optimal
2021-02-11 20:00:00,60,6,0.0,0.0,0.0,0.42123333333333335,optimal
2021-02-11 20:30:00,60,6,0.0,0.1548148148148148,0.0,0.393,optimal
2021-02-11 21:00:00,60,6,0.0,0.0,0.0,0.4194666666666666,optimal
2021-02-11 21:30:00,60,6,0.0,0.0,0.0,0.3546666666666667,optimal
2021-02-11 22:00:00,60,6,0.0,0.0,0.0,0.3305666666666667,optimal
2021-02-11 22:30:00,60,6,0.0,0.23222222222222222,0.0,0.5802333333333334,optimal
2021-02-11 23:00:00,60,6,0.0,0.0,0.0,0.3522333333333333,optimal
2021-02-11 23:30:00,60,6,0.0,0.0,0.0,0.2102,optimal
2021-02-12 00:00:00,60,6,1.1428571428571428,0.0,0.0,0.058,optimal
2021-02-12 00:30:00,60,6,1.1428571428571428,0.0,0.0,0.058,optimal
2021-02-12 01:00:00,60,6,1.1428571428571428,0.0,0.0,0.058,optimal
2021-02-12 01:30:00,60,6,1.1428571428571428,0.0,0.0,0.092,optimal
2021-02-12 02:00:00,60,6,1.1428571428571428,0.0,0.0,0.1736,optimal
2021-02-12 02:30:00,60,6,1.1428571428571428,0.0,0.0,0.058,optimal
2021-02-12 03:00:00,60,6,1.1428571428571428,0.0,0.0,0.2076,optimal
2021-02-12 03:30:00,60,6,1.1428571428571428,0.0,0.0,0.058,optimal
2021-02-12 04:00:00,60,6,1.1428571428571428,0.0,0.0,0.1328,optimal
2021-02-12 04:30:00,60,6,1.1428571428571428,0.0,0.0,0.1328,optimal
2021-02-12 05:00:00,60,6,1.1428571428571428,0.0,1.8334205234041623,0.058,optimal
2021-02-12 05:30:00,60,6,1.1428571428571428,0.0,5.0,0.3137333333333333,optimal
2021-02-12 06:00:00,60,6,1.1428571428571428,1.006296296296296,5.0,2.0831999999999997,optimal
2021-02-12 06:30:00,60,6,1.1428571428571428,2.1674074074074072,5.0,2.1985333333333332,optimal
2021-02-12 07:00:00,60,6,1.1428571428571428,3.7155555555555555,5.0,0.176,optimal
2021-02-12 07:30:00,60,6,1.1428571428571428,4.2060969842589335,0.0,0.3348666666666667,optimal
2021-02-12 08:00:00,60,6,0.7723700296117068,0.0,0.0,0.3994666666666666,optimal
2021-02-12 08:30:00,60,6,1.0063172895864045,0.0,0.0,0.068,optimal
2021-02-12 09:00:00,60,6,0.8100265560885058,0.0,0.0,0.20586666666666667,optimal
2021-02-12 09:30:00,60,6,0.6577076487477567,0.0,0.0,1.3054666666666668,optimal
2021-02-12 10:00:00,60,6,0.21456216728339558,0.0,0.0,3.8901999999999997,optimal
2021-02-12 10:30:00,60,6,0.12465240923875623,0.0,0.0,3.1552,optimal
2021-02-12 11:00:00,60,6,0.12290422315151782,0.0,0.0,1.9318,optimal
2021-02-12 11:30:00,60,6,0.1424745510149837,0.1548148148148148,0.0,2.359,optimal
2021-02-12 12:00:00,60,6,0.10508382481166609,0.0,0.0,1.2335,optimal
2021-02-12 12:30:00,60,6,0.0027836764846568152,0.0774074074074074,0.0,2.3243666666666667,optimal
2021-02-12 13:00:00,60,6,0.08709119335488194,0.0,0.0,1.3073,optimal
2021-02-12 13:30:00,60,6,1.1428571428571428,0.0,0.0,2.609833333333333,optimal
2021-02-12 14:00:00,60,6,1.1428571428571428,0.0,0.0,0.2577,optimal
2021-02-12 14:30:00,60,6,1.1428571428571428,0.1548148148148148,0.0,2.0398,optimal
2021-02-12 15:00:00,60,6,1.1428571428571428,0.0,0.0,2.1921999999999997,optimal
2021-02-12 15:30:00,60,6,1.1428571428571428,0.0,0.0,1.4293333333333333,optimal
2021-02-12 16:00:00,60,6,0.0,0.0,0.0,0.29453333333333337,optimal
2021-02-12 16:30:00,60,6,0.0,0.0,0.0,0.102,optimal
2021-02-12 17:00:00,60,6,0.0,0.23222222222222222,0.0,0.2046,optimal
2021-02-12 17:30:00,60,6,0.0,0.0,0.0,0.08593333333333333,optimal
2021-02-12 18:00:00,60,6,0.0,0.3096296296296296,0.0,0.6865333333333333,optimal
2021-02-12 18:30:00,60,6,0.0,0.3096296296296296,0.0,3.9418,optimal
2021-02-12 19:00:00,60,6,0.0,0.23222222222222222,0.0,2.8918666666666666,optimal
2021-02-12 19:30:00,60,6,0.0,0.0,0.0,1.7151666666666667,optimal
2021-02-12 20:00:00,60,6,0.0,0.0,0.0,0.4587,optimal
2021-02-12 20:30:00,60,6,0.0,0.5418518518518518,0.0,0.6715666666666668,optimal
2021-02-12 21:00:00,60,6,0.0,0.0,0.0,2.2175666666666665,optimal
2021-02-12 21:30:00,60,6,0.0,0.387037037037037,0.0,2.4208000000000003,optimal
2021-02-12 22:00:00,60,6,0.0,0.0,0.0,0.3608,optimal
2021-02-12 22:30:00,60,6,0.0,0.0,0.0,0.6226,optimal
2021-02-12 23:00:00,60,6,0.0,1.7803703703703702,0.0,0.27123333333333327,optimal
2021-02-12 23:30:00,60,6,0.0,0.0,0.0,0.19073333333333328,optimal
2021-02-13 00:00:00,60,6,0.0,0.0,0.0,0.065,optimal
2021-02-13 00:30:00,60,6,0.0,0.0,0.0,0.065,optimal
2021-02-13 01:00:00,60,6,0.14432650521934562,0.0,0.0,0.065,optimal
2021-02-13 01:30:00,60,6,1.1428571428571428,0.0,0.0,0.065,optimal
2021-02-13 02:00:00,60,6,1.1428571428571428,0.0,0.0,0.065,optimal
2021-02-13 02:30:00,60,6,1.1428571428571428,0.0,0.0,0.065,optimal
2021-02-13 03:00:00,60,6,1.1428571428571428,0.0,0.0,0.065,optimal
2021-02-13 03:30:00,60,6,1.1428571428571428,0.0,0.0,0.065,optimal
2021-02-13 04:00:00,60,6,1.1428571428571428,0.0,0.0,0.065,optimal
2021-02-13 04:30:00,60,6,1.1428571428571428,0.0,0.0,0.065,optimal
2021-02-13 05:00:00,60,6,1.1428571428571428,0.0,0.0,0.065,optimal
2021-02-13 05:30:00,60,6,1.1428571428571428,0.0,0.0,0.06766666666666667,optimal
2021-02-13 06:00:00,60,6,1.1428571428571428,0.0,4.424432580120616,0.07233333333333333,optimal
2021-02-13 06:30:00,60,6,1.1428571428571428,0.1548148148148148,5.0,0.06433333333333333,optimal
2021-02-13 07:00:00,60,6,1.1428571428571428,0.23222222222222222,5.0,0.11266666666666668,optimal
2021-02-13 07:30:00,60,6,1.1428571428571428,0.5418518518518518,0.0,0.815,optimal
2021-02-13 08:00:00,60,6,0.6356959465946233,0.3096296296296296,0.0,0.39803333333333335,optimal
2021-02-13 08:30:00,60,6,0.6126186554104723,0.23222222222222222,0.0,1.5255,optimal
2021-02-13 09:00:00,60,6,0.4072773235838462,0.23222222222222222,0.0,3.0879333333333334,optimal
2021-02-13 09:30:00,60,6,0.6885765819488098,0.0,0.0,1.4715,optimal
2021-02-13 10:00:00,60,6,0.5800901908241208,0.0,0.0,0.065,optimal
2021-02-13 10:30:00,60,6,0.5779462329733007,0.0,0.0,0.065,optimal
2021-02-13 11:00:00,60,6,0.3666837176470536,0.0,0.0,0.06766666666666667,optimal
2021-02-13 11:30:00,60,6,0.3645397597962336,0.0,0.0,0.075,optimal
2021-02-13 12:00:00,60,6,0.5774196549494233,0.0,0.0,0.07233333333333333,optimal
2021-02-13 12:30:00,60,6,1.1428571428571428,0.0,0.0,0.065,optimal
2021-02-13 13:00:00,60,6,1.1428571428571428,0.0,0.0,0.065,optimal
2021-02-13 13:30:00,60,6,1.1428571428571428,0.0,0.0,0.06766666666666667,optimal
2021-02-13 14:00:00,60,6,1.1428571428571428,0.0,0.0,0.075,optimal
2021-02-13 14:30:00,60,6,1.1428571428571428,0.0,0.0,0.075,optimal
2021-02-13 15:00:00,60,6,1.1428571428571428,0.0,0.0,0.075,optimal
2021-02-13 15:30:00,60,6,1.1428571428571428,0.0,0.0,0.075,optimal
2021-02-13 16:00:00,60,6,0.0,0.0,0.0,0.075,optimal
2021-02-13 16:30:00,60,6,0.0,0.0,0.0,0.075,optimal
2021-02-13 17:00:00,60,6,0.0,0.0,0.0,0.075,optimal
2021-02-13 17:30:00,60,6,0.0,0.0,0.0,0.09090000000000001,optimal
2021-02-13 18:00:00,60,6,0.0,0.0774074074074074,0.0,1.1689,optimal
2021-02-13 18:30:00,60,6,0.0,0.0,0.0,0.07233333333333333,optimal
2021-02-13 19:00:00,60,6,0.0,0.0,0.0,0.065,optimal
2021-02-13 19:30:00,60,6,0.7942205174193572,0.0,0.0,1.1965999999999999,optimal
2021-02-13 20:00:00,60,6,0.721240814073366,0.387037037037037,0.0,0.4088333333333333,optimal
2021-02-13 20:30:00,60,6,0.0,0.0,0.0,0.8302,optimal
2021-02-13 21:00:00,60,6,0.0,0.23222222222222222,0.0,2.1411,optimal
2021-02-13 21:30:00,60,6,0.0,0.0,0.0,0.8865,optimal
2021-02-13 22:00:00,60,6,0.0,0.0,0.0,2.2876333333333334,optimal
2021-02-13 22:30:00,60,6,0.0,0.23222222222222222,0.0,0.8858333333333334,optimal
2021-02-13 23:00:00,60,6,0.0,0.0,0.0,2.0725,optimal
2021-02-13 23:30:00,60,6,0.0,0.3096296296296296,0.0,0.4723333333333333,optimal
2021-02-07 00:00:00,61,6,0.0,0.0,0.0,0.060333333333333336,optimal
2021-02-07 00:30:00,61,6,0.0,0.0,0.0,0.19026666666666667,optimal
2021-02-07 01:00:00,61,6,0.0,0.0,0.0,0.09513333333333333,optimal
2021-02-07 01:30:00,61,6,0.0,0.0,0.0,0.07403333333333333,optimal
2021-02-07 02:00:00,61,6,0.0,0.0,0.0,0.2147,optimal
2021-02-07 02:30:00,61,6,0.0,0.0,0.0,0.067,optimal
2021-02-07 03:00:00,61,6,0.0,0.0,0.0,0.14436666666666667,optimal
2021-02-07 03:30:00,61,6,0.0,0.0,0.0,0.14436666666666667,optimal
2021-02-07 04:00:00,61,6,1.1428571428571428,0.0,0.0,0.067,optimal
2021-02-07 04:30:00,61,6,1.1428571428571428,0.0,0.0,0.20063333333333333,optimal
2021-02-07 05:00:00,61,6,1.1428571428571428,0.0,0.0,0.0881,optimal
2021-02-07 05:30:00,61,6,1.1428571428571428,0.0,0.0,0.067,optimal
2021-02-07 06:00:00,61,6,1.1428571428571428,0.1548148148148148,0.0,0.11683333333333332,optimal
2021-02-07 06:30:00,61,6,1.1428571428571428,0.8716074074074074,1.4055777348378222,0.1985,optimal
2021-02-07 07:00:00,61,6,1.1428571428571428,2.1890814814814816,0.0,1.2074666666666667,optimal
2021-02-07 07:30:00,61,6,0.0,1.5063481481481482,0.0,0.5034333333333333,optimal
2021-02-07 08:00:00,61,6,0.0,0.46444444444444444,0.0,0.14993333333333334,optimal
2021-02-07 08:30:00,61,6,0.4310057948796421,0.0,0.0,0.20766666666666664,optimal
2021-02-07 09:00:00,61,6,0.7166777289134562,0.0,0.0,0.08106666666666666,optimal
2021-02-07 09:30:00,61,6,0.7185528186816894,0.0,0.0,0.067,optimal
2021-02-07 10:00:00,61,6,0.620725347221792,0.0,0.0,0.14436666666666667,optimal
2021-02-07 10:30:00,61,6,0.6250132629234204,0.0,0.0,0.14436666666666667,optimal
2021-02-07 11:00:00,61,6,0.5526555106108705,0.0,0.0,0.067,optimal
2021-02-07 11:30:00,61,6,0.5164840820394385,0.0,0.0,0.1936,optimal
2021-02-07 12:00:00,61,6,0.4152856077253153,0.0,0.0,0.1636,optimal
2021-02-07 12:30:00,61,6,0.41185703629674136,0.46444444444444444,0.0,0.1756,optimal
2021-02-07 13:00:00,61,6,1.1428571428571428,0.23222222222222222,0.0,0.20446666666666666,optimal
2021-02-07 13:30:00,61,6,1.1428571428571428,0.0,0.0,0.16226666666666667,optimal
2021-02-07 14:00:00,61,6,1.1428571428571428,0.0,0.0,0.067,optimal
2021-02-07 14:30:00,61,6,1.1428571428571428,0.0,0.0,0.067,optimal
2021-02-07 15:00:00,61,6,1.1428571428571428,0.0,0.0,0.17953333333333332,optimal
2021-02-07 15:30:00,61,6,1.1428571428571428,0.0,0.0,0.14253333333333335,optimal
2021-02-07 16:00:00,61,6,0.0,0.1548148148148148,0.0,0.24830000000000002,optimal
2021-02-07 16:30:00,61,6,0.0,0.23222222222222222,0.0,0.3151333333333333,optimal
2021-02-07 17:00:00,61,6,0.0,0.23222222222222222,0.0,0.3538,optimal
2021-02-07 17:30:00,61,6,0.0,0.0774074074074074,0.0,0.06786666666666666,optimal
2021-02-07 18:00:00,61,6,0.0,0.774074074074074,0.0,2.1458000000000004,optimal
2021-02-07 18:30:00,61,6,0.0,0.0,0.0,0.34236666666666665,optimal
2021-02-07 19:00:00,61,6,0.0,0.9288888888888889,0.0,0.11726666666666669,optimal
2021-02-07 19:30:00,61,6,0.4090417646496144,2.39962962962963,0.0,0.30006666666666665,optimal
2021-02-07 20:00:00,61,6,0.5348695257802473,0.0,0.0,0.23106666666666664,optimal
2021-02-07 20:30:00,61,6,0.0,0.0,0.0,0.336,optimal
2021-02-07 21:00:00,61,6,0.0,0.0,0.0,0.43023333333333336,optimal
2021-02-07 21:30:00,61,6,0.0,0.3096296296296296,0.0,0.6305,optimal
2021-02-07 22:00:00,61,6,0.0,0.0,0.0,0.3813333333333333,optimal
2021-02-07 22:30:00,61,6,0.0,0.3096296296296296,0.0,0.47386666666666666,optimal
2021-02-07 23:00:00,61,6,0.0,0.23222222222222222,0.0,0.3035333333333334,optimal
2021-02-07 23:30:00,61,6,0.0,0.0,0.0,0.5148666666666667,optimal
2021-02-08 00:00:00,61,6,0.0,0.0,0.0,0.035,optimal
2021-02-08 00:30:00,61,6,0.0,0.0,0.0,0.11120000000000001,optimal
2021-02-08 01:00:00,61,6,0.0,0.0,0.0,0.035,optimal
2021-02-08 01:30:00,61,6,0.0,0.5418518518518518,0.0,0.17336666666666667,optimal
2021-02-08 02:00:00,61,6,0.7895795120654563,0.0,0.0,0.22703333333333334,optimal
2021-02-08 02:30:00,61,6,1.1428571428571428,0.0,0.0,0.19646666666666668,optimal
2021-02-08 03:00:00,61,6,1.1428571428571428,0.0,0.0,0.11120000000000001,optimal
2021-02-08 03:30:00,61,6,1.1428571428571428,0.0,0.0,0.035,optimal
2021-02-08 04:00:00,61,6,1.1428571428571428,0.0,0.0,0.11120000000000001,optimal
2021-02-08 04:30:00,61,6,1.1428571428571428,0.0,0.0,0.035,optimal
2021-02-08 05:00:00,61,6,1.1428571428571428,0.0,0.0,0.035,optimal
2021-02-08 05:30:00,61,6,1.1428571428571428,0.0,0.0,0.11120000000000001,optimal
2021-02-08 06:00:00,61,6,1.1428571428571428,0.0,0.0,0.04133333333333333,optimal
2021-02-08 06:30:00,61,6,1.1428571428571428,0.0,4.242125508007776,0.045,optimal
2021-02-08 07:00:00,61,6,1.1428571428571428,0.6966666666666667,5.0,1.0249666666666668,optimal
2021-02-08 07:30:00,61,6,1.1428571428571428,0.8514814814814814,0.0,0.8302333333333334,optimal
2021-02-08 08:00:00,61,6,0.5132692460601456,0.3096296296296296,0.0,1.5028666666666666,optimal
2021-02-08 08:30:00,61,6,0.819488590333208,0.0,0.0,0.038666666666666655,optimal
2021-02-08 09:00:00,61,6,0.6064099781030955,0.0,0.0,0.3118666666666667,optimal
2021-02-08 09:30:00,61,6,0.4490638188363547,0.0,0.0,0.5298999999999999,optimal
2021-02-08 10:00:00,61,6,0.3245417835326899,0.387037037037037,0.0,0.3692,optimal
2021-02-08 10:30:00,61,6,0.41058318089467416,0.0,0.0,0.29660000000000003,optimal
2021-02-08 11:00:00,61,6,0.25165502677979545,0.0,0.0,0.32193333333333335,optimal
2021-02-08 11:30:00,61,6,0.17427187298292052,0.1548148148148148,0.0,0.6084333333333333,optimal
2021-02-08 12:00:00,61,6,0.2782793710808741,0.0,0.0,0.1742,optimal
2021-02-08 12:30:00,61,6,0.308522587296645,0.0,0.0,0.08733333333333333,optimal
2021-02-08 13:00:00,61,6,0.31810006147972464,0.0,0.0,0.09156666666666666,optimal
2021-02-08 13:30:00,61,6,0.2416597648257078,0.0,0.0,0.16996666666666665,optimal
2021-02-08 14:00:00,61,6,0.45189366552763294,0.0,0.0,0.22903333333333334,optimal
2021-02-08 14:30:00,61,6,1.1428571428571428,0.23222222222222222,0.0,0.3247333333333333,optimal
2021-02-08 15:00:00,61,6,1.1428571428571428,0.8514814814814814,0.0,1.081,optimal
2021-02-08 15:30:00,61,6,1.1428571428571428,0.0774074074074074,0.0,1.1564666666666668,optimal
2021-02-08 16:00:00,61,6,0.0,0.0,0.0,0.177,optimal
2021-02-08 16:30:00,61,6,0.0,0.0774074074074074,0.0,0.3497,optimal
2021-02-08 17:00:00,61,6,0.0,0.9288888888888889,0.0,0.34883333333333333,optimal
2021-02-08 17:30:00,61,6,0.0,0.0,0.0,0.3142,optimal
2021-02-08 18:00:00,61,6,0.0,0.0,0.0,1.9188,optimal
2021-02-08 18:30:00,61,6,0.0,0.6966666666666667,0.0,0.35153333333333336,optimal
2021-02-08 19:00:00,61,6,0.0,0.0,0.0,0.33463333333333334,optimal
2021-02-08 19:30:00,61,6,0.0,0.1548148148148148,0.0,0.16240000000000002,optimal
2021-02-08 20:00:00,61,6,0.0,0.1548148148148148,0.0,0.14366666666666666,optimal
2021-02-08 20:30:00,61,6,0.0,2.1674074074074072,0.0,0.12443333333333334,optimal
2021-02-08 21:00:00,61,6,0.0,0.0,0.0,0.19019999999999998,optimal
2021-02-08 21:30:00,61,6,0.0,0.0,0.0,0.18306666666666663,optimal
2021-02-08 22:00:00,61,6,0.0,0.1548148148148148,0.0,0.381,optimal
2021-02-08 22:30:00,61,6,0.0,0.0774074074074074,0.0,0.5529666666666667,optimal
2021-02-08 23:00:00,61,6,0.0,0.0,0.0,0.2550666666666666,optimal
2021-02-08 23:30:00,61,6,0.0,0.1548148148148148,0.0,0.1693,optimal
2021-02-09 00:00:00,61,6,0.0,0.0,0.0,0.1868333333333333,optimal
2021-02-09 00:30:00,61,6,0.0,0.0,0.0,0.0775,optimal
2021-02-09 01:00:00,61,6,0.0,0.0,0.0,0.057,optimal
2021-02-09 01:30:00,61,6,0.32829374025835856,0.0,0.0,0.057,optimal
2021-02-09 02:00:00,61,6,1.1428571428571428,0.0,0.0,0.057,optimal
2021-02-09 02:30:00,61,6,1.1428571428571428,0.0,0.0,0.2073333333333333,optimal
2021-02-09 03:00:00,61,6,1.1428571428571428,0.0,0.0,0.057,optimal
2021-02-09 03:30:00,61,6,1.1428571428571428,0.0,0.0,0.057,optimal
2021-02-09 04:00:00,61,6,1.1428571428571428,0.0,0.0,0.17316666666666666,optimal
2021-02-09 04:30:00,61,6,1.1428571428571428,0.0,0.0,0.09116666666666669,optimal
2021-02-09 05:00:00,61,6,1.1428571428571428,0.0,0.0,0.057,optimal
2021-02-09 05:30:00,61,6,1.1428571428571428,0.0,0.0,0.20766666666666664,optimal
2021-02-09 06:00:00,61,6,1.1428571428571428,0.0,0.0,0.064,optimal
2021-02-09 06:30:00,61,6,1.1428571428571428,0.0,1.6679041017031475,0.16566666666666666,optimal
2021-02-09 07:00:00,61,6,1.1428571428571428,2.0899999999999994,5.0,0.096,optimal
2021-02-09 07:30:00,61,6,1.1428571428571428,0.0,0.0,0.48143333333333327,optimal
2021-02-09 08:00:00,61,6,0.686782392136771,0.0,0.0,0.48633333333333334,optimal
2021-02-09 08:30:00,61,6,0.8413028995366927,0.0,0.0,0.057,optimal
2021-02-09 09:00:00,61,6,0.6131652655066492,0.0,0.0,0.4219,optimal
2021-02-09 09:30:00,61,6,0.5871300898303229,0.0774074074074074,0.0,0.1446,optimal
2021-02-09 10:00:00,61,6,0.3971752563402319,0.0,0.0,0.14366666666666666,optimal
2021-02-09 10:30:00,61,6,0.513693562324248,0.0,0.0,0.098,optimal
2021-02-09 11:00:00,61,6,0.3227384795605972,0.0,0.0,0.16633333333333333,optimal
2021-02-09 11:30:00,61,6,0.35183261694787044,0.0,0.0,0.057,optimal
2021-02-09 12:00:00,61,6,0.22957472479146945,0.0,0.0,0.08466666666666667,optimal
2021-02-09 12:30:00,61,6,0.15162344454704416,0.3096296296296296,0.0,0.276,optimal
2021-02-09 13:00:00,61,6,1.1428571428571428,0.0,0.0,0.38739999999999997,optimal
2021-02-09 13:30:00,61,6,1.1428571428571428,0.0,0.0,0.5407666666666666,optimal
2021-02-09 14:00:00,61,6,1.1428571428571428,0.0,0.0,0.21,optimal
2021-02-09 14:30:00,61,6,1.1428571428571428,0.0,0.0,0.16916666666666666,optimal
2021-02-09 15:00:00,61,6,1.1428571428571428,0.0,0.0,0.2105,optimal
2021-02-09 15:30:00,61,6,1.1428571428571428,0.0774074074074074,0.0,0.2677,optimal
2021-02-09 16:00:00,61,6,0.0,0.0,0.0,0.41403333333333336,optimal
2021-02-09 16:30:00,61,6,0.0,0.3096296296296296,0.0,0.358,optimal
2021-02-09 17:00:00,61,6,0.0,0.0,0.0,0.21616666666666662,optimal
2021-02-09 17:30:00,61,6,0.0,0.23222222222222222,0.0,0.4625666666666667,optimal
2021-02-09 18:00:00,61,6,0.0,0.0,0.0,0.0767,optimal
2021-02-09 18:30:00,61,6,0.0,0.1548148148148148,0.0,0.085,optimal
2021-02-09 19:00:00,61,6,0.0,0.0,0.0,0.1447,optimal
2021-02-09 19:30:00,61,6,0.0,0.1548148148148148,0.0,0.23333333333333328,optimal
2021-02-09 20:00:00,61,6,0.15121815674955136,0.0,0.0,0.15330000000000002,optimal
2021-02-09 20:30:00,61,6,0.0,0.0,0.0,0.9488,optimal
2021-02-09 21:00:00,61,6,0.0,0.0,0.0,0.149,optimal
2021-02-09 21:30:00,61,6,0.0,0.0,0.0,0.13533333333333333,optimal
2021-02-09 22:00:00,61,6,0.0,0.0,0.0,0.08066666666666668,optimal
2021-02-09 22:30:00,61,6,0.0,0.1548148148148148,0.0,0.9813999999999999,optimal
2021-02-09 23:00:00,61,6,0.0,0.23222222222222222,0.0,1.0245,optimal
2021-02-09 23:30:00,61,6,0.0,2.0899999999999994,0.0,0.2557666666666667,optimal
2021-02-10 00:00:00,61,6,0.0,0.0,0.0,0.0747,optimal
2021-02-10 00:30:00,61,6,0.0,0.0,0.0,0.10856666666666666,optimal
2021-02-10 01:00:00,61,6,0.4105215101270846,0.0,0.0,0.2062,optimal
2021-02-10 01:30:00,61,6,1.1428571428571428,0.0,0.0,0.17293333333333333,optimal
2021-02-10 02:00:00,61,6,1.1428571428571428,0.0,0.0,0.0874,optimal
2021-02-10 02:30:00,61,6,1.1428571428571428,0.0,0.0,0.2559666666666667,optimal
2021-02-10 03:00:00,61,6,1.1428571428571428,0.0,0.0,0.14856666666666665,optimal
2021-02-10 03:30:00,61,6,1.1428571428571428,0.0,0.0,0.19933333333333328,optimal
2021-02-10 04:00:00,61,6,1.1428571428571428,0.0,0.0,0.13033333333333336,optimal
2021-02-10 04:30:00,61,6,1.1428571428571428,0.0,0.0,0.07759999999999999,optimal
2021-02-10 05:00:00,61,6,1.1428571428571428,0.0,0.0,0.15546666666666667,optimal
2021-02-10 05:30:00,61,6,1.1428571428571428,0.0,0.0,0.24906666666666663,optimal
2021-02-10 06:00:00,61,6,1.1428571428571428,0.0,4.40336125566543,0.068,optimal
2021-02-10 06:30:00,61,6,1.1428571428571428,0.0774074074074074,5.0,0.22173333333333328,optimal
2021-02-10 07:00:00,61,6,1.1428571428571428,0.387037037037037,5.0,0.17773333333333333,optimal
2021-02-10 07:30:00,61,6,1.1428571428571428,0.42883703703703696,0.0,3.5168666666666666,optimal
2021-02-10 08:00:00,61,6,0.5151158672418101,0.9644962962962965,0.0,1.1940333333333333,optimal
2021-02-10 08:30:00,61,6,0.6334790834575951,0.0,0.0,0.2076,optimal
2021-02-10 09:00:00,61,6,0.49669407965349416,0.0,0.0,0.2095,optimal
2021-02-10 09:30:00,61,6,0.5963182482502243,0.0,0.0,0.1724,optimal
2021-02-10 10:00:00,61,6,0.5157699157638448,0.0,0.0,0.12126666666666668,optimal
2021-02-10 10:30:00,61,6,0.46750947078281563,0.0,0.0,0.26766666666666666,optimal
2021-02-10 11:00:00,61,6,0.3822668252048034,0.0,0.0,0.11,optimal
2021-02-10 11:30:00,61,6,0.3584360523603188,0.0,0.0,0.1814,optimal
2021-02-10 12:00:00,61,6,0.1811194173523973,0.0,0.0,0.21773333333333328,optimal
2021-02-10 12:30:00,61,6,0.20582417925716073,0.0,0.0,0.13126666666666667,optimal
2021-02-10 13:00:00,61,6,0.16485594993518501,0.0,0.0,0.17453333333333332,optimal
2021-02-10 13:30:00,61,6,0.9689435524191271,0.0774074074074074,0.0,0.3904666666666666,optimal
2021-02-10 14:00:00,61,6,1.1428571428571428,0.2740222222222222,0.0,0.113,optimal
2021-02-10 14:30:00,61,6,1.1428571428571428,0.0,0.0,0.1956,optimal
2021-02-10 15:00:00,61,6,1.1428571428571428,0.0,0.0,0.1587333333333333,optimal
2021-02-10 15:30:00,61,6,1.1428571428571428,0.0,0.0,0.07886666666666665,optimal
2021-02-10 16:00:00,61,6,0.0,0.035607407407407414,0.0,2.7108000000000003,optimal
2021-02-10 16:30:00,61,6,0.0,0.0,0.0,1.1168333333333333,optimal
2021-02-10 17:00:00,61,6,0.0,0.0,0.0,1.8628666666666662,optimal
2021-02-10 17:30:00,61,6,0.0,0.23222222222222222,0.0,0.31556666666666666,optimal
2021-02-10 18:00:00,61,6,0.0,0.8932814814814815,0.0,0.35086666666666666,optimal
2021-02-10 18:30:00,61,6,0.0,0.9644962962962965,0.0,0.3504,optimal
2021-02-10 19:00:00,61,6,0.0,0.0,0.0,0.28733333333333333,optimal
2021-02-10 19:30:00,61,6,0.0,0.0774074074074074,0.0,0.41953333333333337,optimal
2021-02-10 20:00:00,61,6,0.0,0.0,0.0,1.2577333333333331,optimal
2021-02-10 20:30:00,61,6,0.0,0.1548148148148148,0.0,1.1176,optimal
2021-02-10 21:00:00,61,6,0.0,0.23222222222222222,0.0,0.4816666666666667,optimal
2021-02-10 21:30:00,61,6,0.0,0.0774074074074074,0.0,0.26193333333333335,optimal
2021-02-10 22:00:00,61,6,0.0,5.882962962962964,0.0,0.2187666666666667,optimal
2021-02-10 22:30:00,61,6,0.0,0.23222222222222222,0.0,0.33843333333333336,optimal
2021-02-10 23:00:00,61,6,0.0,0.0,0.0,0.12933333333333336,optimal
2021-02-10 23:30:00,61,6,0.0,0.0,0.0,0.14643333333333333,optimal
2021-02-11 00:00:00,61,6,0.46896742814299325,0.0,0.0,0.058,optimal
2021-02-11 00:30:00,61,6,1.1428571428571428,0.0,0.0,0.1758,optimal
2021-02-11 01:00:00,61,6,1.1428571428571428,0.0,0.0,0.14966666666666667,optimal
2021-02-11 01:30:00,61,6,1.1428571428571428,0.0,0.0,0.067,optimal
2021-02-11 02:00:00,61,6,1.1428571428571428,0.0,0.0,0.2584666666666666,optimal
2021-02-11 02:30:00,61,6,1.1428571428571428,0.0,0.0,0.058,optimal
2021-02-11 03:00:00,61,6,1.1428571428571428,0.0,0.0,0.1,optimal
2021-02-11 03:30:00,61,6,1.1428571428571428,0.0,0.0,0.14773333333333333,optimal
2021-02-11 04:00:00,61,6,1.1428571428571428,0.0,0.0,0.13573333333333332,optimal
2021-02-11 04:30:00,61,6,1.1428571428571428,0.0,0.0,0.112,optimal
2021-02-11 05:00:00,61,6,1.1428571428571428,0.0,0.0,0.058,optimal
2021-02-11 05:30:00,61,6,1.1428571428571428,0.0,0.44526506808593747,0.2392,optimal
2021-02-11 06:00:00,61,6,1.1428571428571428,0.0,5.0,0.08626666666666667,optimal
2021-02-11 06:30:00,61,6,1.1428571428571428,0.0,5.0,0.1428,optimal
2021-02-11 07:00:00,61,6,1.1428571428571428,0.46444444444444444,5.0,0.3698666666666667,optimal
2021-02-11 07:30:00,61,6,1.1428571428571428,0.0774074074074074,0.0,0.8782666666666666,optimal
2021-02-11 08:00:00,61,6,0.7908483745254186,0.46444444444444444,0.0,0.23186666666666667,optimal
2021-02-11 08:30:00,61,6,0.9521469147445354,0.0,0.0,0.058,optimal
2021-02-11 09:00:00,61,6,0.8288478313446367,0.0,0.0,0.058,optimal
2021-02-11 09:30:00,61,6,0.699868650839081,0.0,0.0,0.21280000000000002,optimal
2021-02-11 10:00:00,61,6,0.4743554898360663,0.0,0.0,0.058,optimal
2021-02-11 10:30:00,61,6,0.5000829840458715,0.0,0.0,0.05866666666666666,optimal
2021-02-11 11:00:00,61,6,0.3056491006068277,0.0,0.0,0.19906666666666664,optimal
2021-02-11 11:30:00,61,6,0.2834611614159981,0.0,0.0,0.14306666666666668,optimal
2021-02-11 12:00:00,61,6,0.1082851224156661,0.0,0.0,0.11326666666666668,optimal
2021-02-11 12:30:00,61,6,0.11381367035503191,0.0,0.0,0.061666666666666654,optimal
2021-02-11 13:00:00,61,6,1.1428571428571428,0.0,0.0,0.10813333333333335,optimal
2021-02-11 13:30:00,61,6,1.1428571428571428,0.0,0.0,0.23033333333333328,optimal
2021-02-11 14:00:00,61,6,1.1428571428571428,0.0,0.0,0.064,optimal
2021-02-11 14:30:00,61,6,1.1428571428571428,0.0,0.0,0.2473333333333333,optimal
2021-02-11 15:00:00,61,6,1.1428571428571428,0.0,0.0,0.0948,optimal
2021-02-11 15:30:00,61,6,1.1428571428571428,0.0,0.0,0.19313333333333332,optimal
2021-02-11 16:00:00,61,6,0.0,0.0,0.0,0.14573333333333333,optimal
2021-02-11 16:30:00,61,6,0.0,0.0774074074074074,0.0,0.13556666666666667,optimal
2021-02-11 17:00:00,61,6,0.0,0.46444444444444444,0.0,0.20876666666666668,optimal
2021-02-11 17:30:00,61,6,0.0,0.23222222222222222,0.0,0.16596666666666668,optimal
2021-02-11 18:00:00,61,6,0.0,0.3096296296296296,0.0,0.39030000000000004,optimal
2021-02-11 18:30:00,61,6,0.0,0.0774074074074074,0.0,0.23483333333333328,optimal
2021-02-11 19:00:00,61,6,0.0,0.46444444444444444,0.0,0.12803333333333333,optimal
2021-02-11 19:30:00,61,6,0.36826413981320133,0.0,0.0,0.3888666666666667,optimal
2021-02-11 20:00:00,61,6,0.8277973018604834,0.1548148148148148,0.0,0.4018,optimal
2021-02-11 20:30:00,61,6,0.0,0.5418518518518518,0.0,0.32926666666666665,optimal
2021-02-11 21:00:00,61,6,0.0,0.0,0.0,0.5703333333333334,optimal
2021-02-11 21:30:00,61,6,0.0,0.0,0.0,1.480233333333333,optimal
2021-02-11 22:00:00,61,6,0.0,0.0774074074074074,0.0,1.1225666666666667,optimal
2021-02-11 22:30:00,61,6,0.0,0.0,0.0,0.5986,optimal
2021-02-11 23:00:00,61,6,0.0,0.5418518518518518,0.0,0.5563666666666667,optimal
2021-02-11 23:30:00,61,6,0.0,0.0,0.0,0.3349,optimal
2021-02-12 00:00:00,61,6,1.1428571428571428,0.0,0.0,0.2297333333333333,optimal
2021-02-12 00:30:00,61,6,1.1428571428571428,0.23222222222222222,0.0,0.30010000000000003,optimal
2021-02-12 01:00:00,61,6,1.1428571428571428,0.0,0.0,0.12496666666666668,optimal
2021-02-12 01:30:00,61,6,1.1428571428571428,0.0,0.0,0.17376666666666668,optimal
2021-02-12 02:00:00,61,6,1.1428571428571428,0.0,0.0,0.16866666666666666,optimal
2021-02-12 02:30:00,61,6,1.1428571428571428,0.0,0.0,0.19046666666666667,optimal
2021-02-12 03:00:00,61,6,1.1428571428571428,0.0,0.0,0.068,optimal
2021-02-12 03:30:00,61,6,1.1428571428571428,0.0,0.0,0.25216666666666665,optimal
2021-02-12 04:00:00,61,6,1.1428571428571428,0.0,0.0,0.10696666666666668,optimal
2021-02-12 04:30:00,61,6,1.1428571428571428,0.0,0.0,0.068,optimal
2021-02-12 05:00:00,61,6,1.1428571428571428,0.0,0.0,0.068,optimal
2021-02-12 05:30:00,61,6,1.1428571428571428,0.0,0.0,0.4375333333333334,optimal
2021-02-12 06:00:00,61,6,1.1428571428571428,0.0,0.0,0.19003333333333333,optimal
2021-02-12 06:30:00,61,6,1.1428571428571428,0.0,0.9186398072879786,0.223,optimal
2021-02-12 07:00:00,61,6,1.1428571428571428,0.46444444444444444,5.0,0.3012666666666666,optimal
2021-02-12 07:30:00,61,6,1.1428571428571428,0.9613226330923352,0.0,1.6113333333333333,optimal
2021-02-12 08:00:00,61,6,0.4144386010402826,0.46444444444444444,0.0,1.5204666666666666,optimal
2021-02-12 08:30:00,61,6,0.7849496705387935,1.9351851851851851,0.0,0.7854333333333333,optimal
2021-02-12 09:00:00,61,6,0.7322741751361254,1.9351851851851851,0.0,0.18536666666666668,optimal
2021-02-12 09:30:00,61,6,0.5144257439858526,0.0,0.0,0.302,optimal
2021-02-12 10:00:00,61,6,0.29785740537863464,0.5418518518518518,0.0,0.5345666666666667,optimal
2021-02-12 10:30:00,61,6,0.3265514568578114,0.0,0.0,1.3850666666666667,optimal
2021-02-12 11:00:00,61,6,0.1881823183896149,0.2740222222222222,0.0,0.5486666666666666,optimal
2021-02-12 11:30:00,61,6,0.0,0.19042222222222224,0.0,1.6933666666666665,optimal
2021-02-12 12:00:00,61,6,0.0,0.0,0.0,0.39563333333333334,optimal
2021-02-12 12:30:00,61,6,0.0,0.0,0.0,2.307833333333333,optimal
2021-02-12 13:00:00,61,6,0.0,0.3096296296296296,0.0,2.7428000000000003,optimal
2021-02-12 13:30:00,61,6,0.9011699412474783,0.1548148148148148,0.0,2.8135666666666665,optimal
2021-02-12 14:00:00,61,6,1.1428571428571428,0.0774074074074074,0.0,2.6171666666666664,optimal
2021-02-12 14:30:00,61,6,1.1428571428571428,0.0,0.0,0.4614666666666666,optimal
2021-02-12 15:00:00,61,6,1.1428571428571428,0.3096296296296296,0.0,0.4589333333333333,optimal
2021-02-12 15:30:00,61,6,1.1428571428571428,0.1548148148148148,0.0,1.5445333333333333,optimal
2021-02-12 16:00:00,61,6,0.0,0.5418518518518518,0.0,2.5045666666666664,optimal
2021-02-12 16:30:00,61,6,0.0,0.387037037037037,0.0,0.33143333333333336,optimal
2021-02-12 17:00:00,61,6,0.0,0.0,0.0,0.2844333333333333,optimal
2021-02-12 17:30:00,61,6,0.0,0.0,0.0,0.078,optimal
2021-02-12 18:00:00,61,6,0.0,0.0,0.0,0.26773333333333327,optimal
2021-02-12 18:30:00,61,6,0.0,0.1548148148148148,0.0,0.1787,optimal
2021-02-12 19:00:00,61,6,0.0,0.0,0.0,0.16433333333333333,optimal
2021-02-12 19:30:00,61,6,0.0,0.0,0.0,0.30446666666666666,optimal
2021-02-12 20:00:00,61,6,0.0,0.1548148148148148,0.0,0.23726666666666668,optimal
2021-02-12 20:30:00,61,6,0.0,0.0,0.0,0.28386666666666666,optimal
2021-02-12 21:00:00,61,6,0.0,2.2448148148148146,0.0,0.22086666666666668,optimal
2021-02-12 21:30:00,61,6,0.0,2.4770370370370367,0.0,0.5942000000000001,optimal
2021-02-12 22:00:00,61,6,0.0,0.0,0.0,0.33316666666666667,optimal
2021-02-12 22:30:00,61,6,0.0,0.3096296296296296,0.0,0.36523333333333335,optimal
2021-02-12 23:00:00,61,6,0.0,0.0,0.0,0.21346666666666667,optimal
2021-02-12 23:30:00,61,6,0.0,0.0,0.0,0.2555,optimal
2021-02-13 00:00:00,61,6,0.0,0.0,0.0,0.06886666666666666,optimal
2021-02-13 00:30:00,61,6,0.0,0.0,0.0,0.1812666666666667,optimal
2021-02-13 01:00:00,61,6,0.0,0.0,0.0,0.061,optimal
2021-02-13 01:30:00,61,6,0.907500141987479,0.0,0.0,0.15940000000000001,optimal
2021-02-13 02:00:00,61,6,1.1428571428571428,0.0,0.0,0.08286666666666666,optimal
2021-02-13 02:30:00,61,6,1.1428571428571428,0.0,0.0,0.061,optimal
2021-02-13 03:00:00,61,6,1.1428571428571428,0.0,0.0,0.15940000000000001,optimal
2021-02-13 03:30:00,61,6,1.1428571428571428,0.0,0.0,0.08286666666666666,optimal
2021-02-13 04:00:00,61,6,1.1428571428571428,0.0,0.0,0.1102,optimal
2021-02-13 04:30:00,61,6,1.1428571428571428,0.0,0.0,0.13206666666666667,optimal
2021-02-13 05:00:00,61,6,1.1428571428571428,0.0,0.0,0.06646666666666667,optimal
2021-02-13 05:30:00,61,6,1.1428571428571428,0.0,2.748164722720189,0.18513333333333332,optimal
2021-02-13 06:00:00,61,6,1.1428571428571428,0.3096296296296296,5.0,3.100833333333333,optimal
2021-02-13 06:30:00,61,6,1.1428571428571428,0.1548148148148148,0.0,2.1866666666666665,optimal
2021-02-13 07:00:00,61,6,1.1428571428571428,2.751059259259259,0.0,3.4880999999999998,optimal
2021-02-13 07:30:00,61,6,1.1428571428571428,0.19042222222222224,0.0,0.09153333333333331,optimal
2021-02-13 08:00:00,61,6,0.8613149942136734,0.0,0.0,0.1694,optimal
2021-02-13 08:30:00,61,6,0.8872853220771503,0.0,0.0,0.071,optimal
2021-02-13 09:00:00,61,6,0.6636811331076585,0.0,0.0,2.012133333333333,optimal
2021-02-13 09:30:00,61,6,0.5648775343297635,0.387037037037037,0.0,0.5836666666666667,optimal
2021-02-13 10:00:00,61,6,0.520814000347928,2.39962962962963,0.0,0.15366666666666665,optimal
2021-02-13 10:30:00,61,6,0.5444986139256849,0.0,0.0,0.19126666666666667,optimal
2021-02-13 11:00:00,61,6,0.3675980033613392,0.0,0.0,0.071,optimal
2021-02-13 11:30:00,61,6,0.36545404551051924,0.0,0.0,0.071,optimal
2021-02-13 12:00:00,61,6,0.2656184002226263,0.0,0.0,0.11473333333333333,optimal
2021-02-13 12:30:00,61,6,0.25195905594956175,0.0,0.0,0.14753333333333332,optimal
2021-02-13 13:00:00,61,6,1.0901071014333352,0.0,0.0,0.071,optimal
2021-02-13 13:30:00,61,6,1.1428571428571428,0.0,0.0,0.1694,optimal
2021-02-13 14:00:00,61,6,1.1428571428571428,0.0,0.0,0.09286666666666667,optimal
2021-02-13 14:30:00,61,6,1.1428571428571428,0.0,0.0,0.1366,optimal
2021-02-13 15:00:00,61,6,1.1428571428571428,0.0,0.0,0.15693333333333334,optimal
2021-02-13 15:30:00,61,6,1.1428571428571428,0.0,0.0,0.1627333333333333,optimal
2021-02-13 16:00:00,61,6,0.0,0.0,0.0,1.5873666666666666,optimal
2021-02-13 16:30:00,61,6,0.0,0.0774074074074074,0.0,3.6728333333333336,optimal
2021-02-13 17:00:00,61,6,0.0,0.0774074074074074,0.0,1.2484333333333333,optimal
2021-02-13 17:30:00,61,6,0.0,0.0,0.0,0.2644666666666666,optimal
2021-02-13 18:00:00,61,6,0.0,0.0,0.0,0.1432,optimal
2021-02-13 18:30:00,61,6,0.0,0.3096296296296296,0.0,0.26903333333333335,optimal
2021-02-13 19:00:00,61,6,0.0,0.0,0.0,0.3849333333333333,optimal
2021-02-13 19:30:00,61,6,0.0,0.0,0.0,3.567266666666667,optimal
2021-02-13 20:00:00,61,6,0.0,0.1548148148148148,0.0,1.5720999999999998,optimal
2021-02-13 20:30:00,61,6,0.0,0.0,0.0,0.6012000000000001,optimal
2021-02-13 21:00:00,61,6,0.0,0.0,0.0,2.4375999999999998,optimal
2021-02-13 21:30:00,61,6,0.0,0.23222222222222222,0.0,1.0998666666666665,optimal
2021-02-13 22:00:00,61,6,0.0,0.0,0.0,2.0128,optimal
2021-02-13 22:30:00,61,6,0.0,0.3096296296296296,0.0,0.3552666666666667,optimal
2021-02-13 23:00:00,61,6,0.0,0.5418518518518518,0.0,0.40653333333333336,optimal
2021-02-13 23:30:00,61,6,0.0,0.0,0.0,0.13393333333333335,optimal
2021-02-07 00:00:00,62,6,0.0,0.0,0.0,0.10113333333333334,optimal
2021-02-07 00:30:00,62,6,0.0,0.0,0.0,0.09526666666666668,optimal
2021-02-07 01:00:00,62,6,0.0,0.0,0.0,0.059,optimal
2021-02-07 01:30:00,62,6,0.0,0.0,0.0,0.2296,optimal
2021-02-07 02:00:00,62,6,0.0,0.0,0.0,0.0734,optimal
2021-02-07 02:30:00,62,6,0.0,0.0,0.0,0.15919999999999998,optimal
2021-02-07 03:00:00,62,6,0.0,0.0,0.0,0.1438,optimal
2021-02-07 03:30:00,62,6,0.0,0.0,0.0,0.059,optimal
2021-02-07 04:00:00,62,6,1.1428571428571428,0.0,0.0,0.1433,optimal
2021-02-07 04:30:00,62,6,1.1428571428571428,0.0,0.0,0.16003333333333333,optimal
2021-02-07 05:00:00,62,6,1.1428571428571428,0.0,0.0,0.06866666666666667,optimal
2021-02-07 05:30:00,62,6,1.1428571428571428,0.0,0.0,0.276,optimal
2021-02-07 06:00:00,62,6,1.1428571428571428,0.0,1.305830934193062,0.40113333333333334,optimal
2021-02-07 06:30:00,62,6,1.1428571428571428,0.46444444444444444,0.0,0.6673333333333333,optimal
2021-02-07 07:00:00,62,6,1.1428571428571428,0.5418518518518518,0.0,0.7302000000000001,optimal
2021-02-07 07:30:00,62,6,0.0,0.0774074074074074,0.0,0.392,optimal
2021-02-07 08:00:00,62,6,0.0,0.0,0.0,0.207,optimal
2021-02-07 08:30:00,62,6,0.019055319974870973,0.3096296296296296,0.0,0.17859999999999998,optimal
2021-02-07 09:00:00,62,6,0.6853539193896453,0.0,0.0,0.1904,optimal
2021-02-07 09:30:00,62,6,0.7178956758245448,0.0,0.0,0.069,optimal
2021-02-07 10:00:00,62,6,0.6255158234122682,0.0,0.0,0.1273,optimal
2021-02-07 10:30:00,62,6,0.6298037391138966,0.0,0.0,0.1273,optimal
2021-02-07 11:00:00,62,6,0.5489697963251555,0.0,0.0,0.07959999999999999,optimal
2021-02-07 11:30:00,62,6,0.5021697963251548,0.0,0.0,0.2434,optimal
2021-02-07 12:00:00,62,6,0.7341100573344536,0.0,0.0,0.115,optimal
2021-02-07 12:30:00,62,6,1.1428571428571428,0.0,0.0,0.1374,optimal
2021-02-07 13:00:00,62,6,1.1428571428571428,0.0,0.0,0.1856,optimal
2021-02-07 13:30:00,62,6,1.1428571428571428,0.0,0.0,0.1184,optimal
2021-02-07 14:00:00,62,6,1.1428571428571428,0.0,0.0,0.088,optimal
2021-02-07 14:30:00,62,6,1.1428571428571428,0.0,0.0,0.11,optimal
2021-02-07 15:00:00,62,6,1.1428571428571428,0.0,0.0,0.213,optimal
2021-02-07 15:30:00,62,6,1.1428571428571428,0.0,0.0,0.069,optimal
2021-02-07 16:00:00,62,6,0.0,0.0,0.0,0.1114,optimal
2021-02-07 16:30:00,62,6,0.0,0.0,0.0,0.19640000000000002,optimal
2021-02-07 17:00:00,62,6,0.0,0.0,0.0,0.0842,optimal
2021-02-07 17:30:00,62,6,0.0,0.0,0.0,0.16069999999999998,optimal
2021-02-07 18:00:00,62,6,0.0,0.0,0.0,0.2023,optimal
2021-02-07 18:30:00,62,6,0.0,0.0,0.0,0.07479999999999999,optimal
2021-02-07 19:00:00,62,6,0.0,0.23222222222222222,0.0,0.15363333333333332,optimal
2021-02-07 19:30:00,62,6,0.5148123829231092,0.0,0.0,0.3337,optimal
2021-02-07 20:00:00,62,6,0.5028600019707192,0.0,0.0,0.3100333333333334,optimal
2021-02-07 20:30:00,62,6,0.0,0.0774074074074074,0.0,0.3353333333333333,optimal
2021-02-07 21:00:00,62,6,0.0,0.387037037037037,0.0,0.5512,optimal
2021-02-07 21:30:00,62,6,0.0,0.46444444444444444,0.0,0.3295666666666667,optimal
2021-02-07 22:00:00,62,6,0.0,0.0,0.0,0.2912333333333333,optimal
2021-02-07 22:30:00,62,6,0.0,0.0,0.0,0.1631,optimal
2021-02-07 23:00:00,62,6,0.0,0.0,0.0,0.069,optimal
2021-02-07 23:30:00,62,6,0.0,0.0,0.0,0.1856,optimal
2021-02-08 00:00:00,62,6,0.0,0.0,0.0,0.06766666666666667,optimal
2021-02-08 00:30:00,62,6,0.0,0.0,0.0,0.062,optimal
2021-02-08 01:00:00,62,6,0.0,0.0,0.0,0.062,optimal
2021-02-08 01:30:00,62,6,0.24248527484488752,0.0,0.0,0.19346666666666668,optimal
2021-02-08 02:00:00,62,6,1.1428571428571428,0.0,0.0,0.10066666666666668,optimal
2021-02-08 02:30:00,62,6,1.1428571428571428,0.0,0.0,0.062,optimal
2021-02-08 03:00:00,62,6,1.1428571428571428,0.0,0.0,0.062,optimal
2021-02-08 03:30:00,62,6,1.1428571428571428,0.0,0.0,0.062,optimal
2021-02-08 04:00:00,62,6,1.1428571428571428,0.0,0.0,0.062,optimal
2021-02-08 04:30:00,62,6,1.1428571428571428,0.0,0.037101195105121505,0.23213333333333333,optimal
2021-02-08 05:00:00,62,6,1.1428571428571428,0.0,5.0,0.062,optimal
2021-02-08 05:30:00,62,6,1.1428571428571428,0.0,5.0,0.178,optimal
2021-02-08 06:00:00,62,6,1.1428571428571428,0.0,5.0,0.11613333333333334,optimal
2021-02-08 06:30:00,62,6,1.1428571428571428,0.0,5.0,0.07,optimal
2021-02-08 07:00:00,62,6,1.1428571428571428,0.0,5.0,0.23746666666666666,optimal
2021-02-08 07:30:00,62,6,1.1428571428571428,0.0774074074074074,0.0,0.06066666666666666,optimal
2021-02-08 08:00:00,62,6,0.5982482936791846,1.1611111111111108,0.0,0.30443333333333333,optimal
2021-02-08 08:30:00,62,6,0.6005362093808299,0.387037037037037,0.0,0.2169333333333333,optimal
2021-02-08 09:00:00,62,6,0.5506271209602331,0.0,0.0,0.15203333333333333,optimal
2021-02-08 09:30:00,62,6,0.3565685807411146,0.0,0.0,2.8076999999999996,optimal
2021-02-08 10:00:00,62,6,0.22392464067555792,0.3096296296296296,0.0,2.5789666666666666,optimal
2021-02-08 10:30:00,62,6,0.4341641332756241,0.0774074074074074,0.0,0.07933333333333333,optimal
2021-02-08 11:00:00,62,6,0.24187407439883546,0.0,0.0,0.24013333333333334,optimal
2021-02-08 11:30:00,62,6,0.3028052063162504,0.3096296296296296,0.0,0.07,optimal
2021-02-08 12:00:00,62,6,0.2519555615570557,0.23222222222222222,0.0,0.09309999999999999,optimal
2021-02-08 12:30:00,62,6,0.19460830158236442,0.3096296296296296,0.0,0.27313333333333334,optimal
2021-02-08 13:00:00,62,6,0.24890958528925286,0.0,0.0,0.16683333333333333,optimal
2021-02-08 13:30:00,62,6,0.1772026219685672,0.0,0.0,0.4228,optimal
2021-02-08 14:00:00,62,6,0.7262081622988151,0.0,0.0,0.2253,optimal
2021-02-08 14:30:00,62,6,1.1428571428571428,0.0,0.0,0.22019999999999998,optimal
2021-02-08 15:00:00,62,6,1.1428571428571428,0.1548148148148148,0.0,0.43073333333333336,optimal
2021-02-08 15:30:00,62,6,1.1428571428571428,0.6966666666666667,0.0,0.3965666666666667,optimal
2021-02-08 16:00:00,62,6,0.0,0.8514814814814814,0.0,0.6482666666666667,optimal
2021-02-08 16:30:00,62,6,0.0,0.23222222222222222,0.0,0.5124,optimal
2021-02-08 17:00:00,62,6,0.0,0.3096296296296296,0.0,2.4868,optimal
2021-02-08 17:30:00,62,6,0.0,1.0837037037037036,0.0,0.34806666666666664,optimal
2021-02-08 18:00:00,62,6,0.0,0.3096296296296296,0.0,1.1425999999999998,optimal
2021-02-08 18:30:00,62,6,0.0,1.470740740740741,0.0,0.43673333333333336,optimal
2021-02-08 19:00:00,62,6,0.0,0.1548148148148148,0.0,0.2281,optimal
2021-02-08 19:30:00,62,6,0.0,0.387037037037037,0.0,0.27313333333333334,optimal
2021-02-08 20:00:00,62,6,0.0,0.0,0.0,0.6891666666666666,optimal
2021-02-08 20:30:00,62,6,0.0,0.0,0.0,2.1063,optimal
2021-02-08 21:00:00,62,6,0.0,0.0,0.0,0.17606666666666665,optimal
2021-02-08 21:30:00,62,6,0.0,0.23222222222222222,0.0,0.2931666666666667,optimal
2021-02-08 22:00:00,62,6,0.0,0.0,0.0,0.36819999999999997,optimal
2021-02-08 22:30:00,62,6,0.0,1.7803703703703702,0.0,0.3797,optimal
2021-02-08 23:00:00,62,6,0.0,0.0,0.0,0.4303333333333333,optimal
2021-02-08 23:30:00,62,6,0.0,0.0,0.0,0.4831666666666667,optimal
2021-02-09 00:00:00,62,6,0.0,0.0,0.0,0.055,optimal
2021-02-09 00:30:00,62,6,0.0,0.0,0.0,0.055,optimal
2021-02-09 01:00:00,62,6,0.0,0.0,0.0,0.055,optimal
2021-02-09 01:30:00,62,6,0.45026919877799276,0.0,0.0,0.11473333333333333,optimal
2021-02-09 02:00:00,62,6,1.1428571428571428,0.0,0.0,0.08059999999999999,optimal
2021-02-09 02:30:00,62,6,1.1428571428571428,0.0,0.0,0.055,optimal
2021-02-09 03:00:00,62,6,1.1428571428571428,0.0,0.0,0.06133333333333334,optimal
2021-02-09 03:30:00,62,6,1.1428571428571428,0.0,0.0,0.142,optimal
2021-02-09 04:00:00,62,6,1.1428571428571428,0.0,0.0,0.055,optimal
2021-02-09 04:30:00,62,6,1.1428571428571428,0.0,0.0,0.14033333333333334,optimal
2021-02-09 05:00:00,62,6,1.1428571428571428,0.0,0.0,0.055,optimal
2021-02-09 05:30:00,62,6,1.1428571428571428,0.0,0.2117925620283239,0.102,optimal
2021-02-09 06:00:00,62,6,1.1428571428571428,0.0,5.0,0.10166666666666668,optimal
2021-02-09 06:30:00,62,6,1.1428571428571428,0.0,5.0,0.055,optimal
2021-02-09 07:00:00,62,6,1.1428571428571428,1.5109925925925927,5.0,0.09296666666666668,optimal
2021-02-09 07:30:00,62,6,1.1428571428571428,0.8886370370370371,0.0,0.1374,optimal
2021-02-09 08:00:00,62,6,0.6170300111843808,0.23222222222222222,0.0,0.08990000000000001,optimal
2021-02-09 08:30:00,62,6,0.6174743281081209,0.6192592592592592,0.0,0.17026666666666668,optimal
2021-02-09 09:00:00,62,6,0.5787366940780825,5.418518518518519,0.0,0.07766666666666668,optimal
2021-02-09 09:30:00,62,6,0.5686824707826961,0.387037037037037,0.0,0.2593333333333333,optimal
2021-02-09 10:00:00,62,6,0.35741335157833437,0.0,0.0,0.3846,optimal
2021-02-09 10:30:00,62,6,0.37145546708614274,0.0,0.0,0.27326666666666666,optimal
2021-02-09 11:00:00,62,6,0.22762419384631064,0.387037037037037,0.0,0.18359999999999999,optimal
2021-02-09 11:30:00,62,6,0.2273849979002591,0.3096296296296296,0.0,0.2663333333333333,optimal
2021-02-09 12:00:00,62,6,0.1182413914581309,0.23222222222222222,0.0,0.1761,optimal
2021-02-09 12:30:00,62,6,0.08997582549942568,0.0,0.0,0.26353333333333334,optimal
2021-02-09 13:00:00,62,6,0.07832229838650583,0.6966666666666667,0.0,0.44453333333333334,optimal
2021-02-09 13:30:00,62,6,0.35349566217795547,0.3096296296296296,0.0,1.3528333333333333,optimal
2021-02-09 14:00:00,62,6,1.1428571428571428,0.0,0.0,1.0224666666666669,optimal
2021-02-09 14:30:00,62,6,1.1428571428571428,1.0837037037037036,0.0,0.11426666666666668,optimal
2021-02-09 15:00:00,62,6,1.1428571428571428,0.23222222222222222,0.0,0.1352,optimal
2021-02-09 15:30:00,62,6,1.1428571428571428,0.0,0.0,0.0709,optimal
2021-02-09 16:00:00,62,6,0.0,0.1548148148148148,0.0,0.17786666666666667,optimal
2021-02-09 16:30:00,62,6,0.0,0.0774074074074074,0.0,0.24546666666666667,optimal
2021-02-09 17:00:00,62,6,0.0,0.23222222222222222,0.0,0.2006,optimal
2021-02-09 17:30:00,62,6,0.0,0.6966666666666667,0.0,0.6157333333333334,optimal
2021-02-09 18:00:00,62,6,0.0,0.0,0.0,0.4245,optimal
2021-02-09 18:30:00,62,6,0.0,0.46444444444444444,0.0,0.47533333333333333,optimal
2021-02-09 19:00:00,62,6,0.0,0.0774074074074074,0.0,0.6312333333333333,optimal
2021-02-09 19:30:00,62,6,0.0,0.0,0.0,0.5580333333333333,optimal
2021-02-09 20:00:00,62,6,0.0,0.0774074074074074,0.0,0.9008999999999999,optimal
2021-02-09 20:30:00,62,6,0.0,0.0,0.0,0.5607000000000001,optimal
2021-02-09 21:00:00,62,6,0.0,0.0,0.0,1.5421666666666667,optimal
2021-02-09 21:30:00,62,6,0.0,0.0,0.0,0.16686666666666666,optimal
2021-02-09 22:00:00,62,6,0.0,0.0,0.0,0.19246666666666667,optimal
2021-02-09 22:30:00,62,6,0.0,0.0,0.0,0.198,optimal
2021-02-09 23:00:00,62,6,0.0,0.0,0.0,0.25743333333333335,optimal
2021-02-09 23:30:00,62,6,0.0,0.0,0.0,0.065,optimal
2021-02-10 00:00:00,62,6,0.0,0.0,0.0,0.13633333333333333,optimal
2021-02-10 00:30:00,62,6,0.0,0.0,0.0,0.09166666666666669,optimal
2021-02-10 01:00:00,62,6,0.5759132900393007,0.0,0.0,0.071,optimal
2021-02-10 01:30:00,62,6,1.1428571428571428,0.0,0.0,0.16219999999999998,optimal
2021-02-10 02:00:00,62,6,1.1428571428571428,0.0,0.0,0.08233333333333333,optimal
2021-02-10 02:30:00,62,6,1.1428571428571428,0.0,0.0,0.261,optimal
2021-02-10 03:00:00,62,6,1.1428571428571428,0.0,0.0,0.1254,optimal
2021-02-10 03:30:00,62,6,1.1428571428571428,0.0,0.0,0.1512666666666667,optimal
2021-02-10 04:00:00,62,6,1.1428571428571428,0.0,0.0,0.20166666666666663,optimal
2021-02-10 04:30:00,62,6,1.1428571428571428,0.0,0.0,0.119,optimal
2021-02-10 05:00:00,62,6,1.1428571428571428,0.0,0.0,0.3131333333333333,optimal
2021-02-10 05:30:00,62,6,1.1428571428571428,0.0,1.8529887882980975,0.099,optimal
2021-02-10 06:00:00,62,6,1.1428571428571428,0.0,5.0,0.071,optimal
2021-02-10 06:30:00,62,6,1.1428571428571428,0.0,5.0,0.38913333333333333,optimal
2021-02-10 07:00:00,62,6,1.1428571428571428,0.5418518518518518,5.0,0.07033333333333333,optimal
2021-02-10 07:30:00,62,6,1.1428571428571428,4.3348148148148145,0.0,0.22036666666666668,optimal
2021-02-10 08:00:00,62,6,0.5103996767656225,0.46444444444444444,0.0,0.9408666666666667,optimal
2021-02-10 08:30:00,62,6,0.5319724167909209,0.46444444444444444,0.0,0.9575,optimal
2021-02-10 09:00:00,62,6,0.5055036034630236,0.0,0.0,0.30246666666666666,optimal
2021-02-10 09:30:00,62,6,0.5165372958692765,0.0,0.0,0.3731666666666667,optimal
2021-02-10 10:00:00,62,6,0.33730324909717413,2.7866666666666666,0.0,0.3471,optimal
2021-02-10 10:30:00,62,6,0.04278566125900922,0.387037037037037,0.0,1.4004,optimal
2021-02-10 11:00:00,62,6,0.31060968234766795,0.0,0.0,0.361,optimal
2021-02-10 11:30:00,62,6,0.3878074809317481,0.0,0.0,0.07579999999999999,optimal
2021-02-10 12:00:00,62,6,0.1998432268762057,0.0,0.0,0.1494,optimal
2021-02-10 12:30:00,62,6,0.15748132211430238,0.0,0.0,0.2976666666666667,optimal
2021-02-10 13:00:00,62,6,0.24561785469709518,0.0,0.0,0.08406666666666666,optimal
2021-02-10 13:30:00,62,6,0.6591967729123135,0.0,0.0,0.1974,optimal
2021-02-10 14:00:00,62,6,1.1428571428571428,0.0,0.0,0.2366,optimal
2021-02-10 14:30:00,62,6,1.1428571428571428,0.0,0.0,0.17553333333333332,optimal
2021-02-10 15:00:00,62,6,1.1428571428571428,0.0,0.0,0.1102,optimal
2021-02-10 15:30:00,62,6,1.1428571428571428,0.0,0.0,0.2571333333333333,optimal
2021-02-10 16:00:00,62,6,0.0,0.1548148148148148,0.0,0.4616,optimal
2021-02-10 16:30:00,62,6,0.0,0.0774074074074074,0.0,0.4396666666666667,optimal
2021-02-10 17:00:00,62,6,0.0,0.387037037037037,0.0,0.9218,optimal
2021-02-10 17:30:00,62,6,0.0,0.387037037037037,0.0,1.3091666666666668,optimal
2021-02-10 18:00:00,62,6,0.0,1.7803703703703702,0.0,0.48333333333333334,optimal
2021-02-10 18:30:00,62,6,0.0,0.3096296296296296,0.0,0.6590333333333332,optimal
2021-02-10 19:00:00,62,6,0.0,0.6192592592592592,0.0,0.6215666666666667,optimal
2021-02-10 19:30:00,62,6,0.0,0.23222222222222222,0.0,0.4009666666666666,optimal
2021-02-10 20:00:00,62,6,0.0,0.0,0.0,0.6503666666666666,optimal
2021-02-10 20:30:00,62,6,0.0,0.1548148148148148,0.0,0.34236666666666665,optimal
2021-02-10 21:00:00,62,6,0.0,0.0,0.0,0.6003999999999999,optimal
2021-02-10 21:30:00,62,6,0.0,0.1548148148148148,0.0,0.6294666666666667,optimal
2021-02-10 22:00:00,62,6,0.0,0.3096296296296296,0.0,0.8553999999999999,optimal
2021-02-10 22:30:00,62,6,0.0,0.0,0.0,0.7198666666666667,optimal
2021-02-10 23:00:00,62,6,0.0,0.0,0.0,0.2714,optimal
2021-02-10 23:30:00,62,6,0.0,0.0,0.0,0.18873333333333328,optimal
2021-02-11 00:00:00,62,6,0.3649889284292136,0.0,0.0,0.064,optimal
2021-02-11 00:30:00,62,6,1.1428571428571428,0.0,0.0,0.16586666666666666,optimal
2021-02-11 01:00:00,62,6,1.1428571428571428,0.0,0.0,0.1022,optimal
2021-02-11 01:30:00,62,6,1.1428571428571428,0.0,0.0,0.10640000000000001,optimal
2021-02-11 02:00:00,62,6,1.1428571428571428,0.0,0.0,0.11066666666666669,optimal
2021-02-11 02:30:00,62,6,1.1428571428571428,0.0,0.0,0.22453333333333333,optimal
2021-02-11 03:00:00,62,6,1.1428571428571428,0.0,0.0,0.08166666666666667,optimal
2021-02-11 03:30:00,62,6,1.1428571428571428,0.0,0.0,0.23586666666666667,optimal
2021-02-11 04:00:00,62,6,1.1428571428571428,0.0,0.0,0.10446666666666668,optimal
2021-02-11 04:30:00,62,6,1.1428571428571428,0.0,1.1326496710691458,0.06666666666666667,optimal
2021-02-11 05:00:00,62,6,1.1428571428571428,0.0,5.0,0.17859999999999998,optimal
2021-02-11 05:30:00,62,6,1.1428571428571428,0.0,5.0,0.15306666666666666,optimal
2021-02-11 06:00:00,62,6,1.1428571428571428,0.0,5.0,0.12766666666666668,optimal
2021-02-11 06:30:00,62,6,1.1428571428571428,0.0,5.0,0.1863333333333333,optimal
2021-02-11 07:00:00,62,6,1.1428571428571428,0.1548148148148148,5.0,0.09,optimal
2021-02-11 07:30:00,62,6,1.1428571428571428,0.0,0.0,0.4565666666666667,optimal
2021-02-11 08:00:00,62,6,0.7949150411920847,0.5418518518518518,0.0,0.06653333333333333,optimal
2021-02-11 08:30:00,62,6,0.7420326290302476,3.9477777777777776,0.0,0.2469333333333333,optimal
2021-02-11 09:00:00,62,6,0.6431087837255914,0.0,0.0,0.7268,optimal
2021-02-11 09:30:00,62,6,0.7402115079819376,0.0,0.0,0.1313,optimal
2021-02-11 10:00:00,62,6,0.4310221565027323,0.0,0.0,0.22036666666666668,optimal
2021-02-11 10:30:00,62,6,0.4985686983315864,0.0,0.0,0.074,optimal
2021-02-11 11:00:00,62,6,0.3558395767973095,0.0,0.0,0.074,optimal
2021-02-11 11:30:00,62,6,0.28933735189218335,0.0,0.0,0.19419999999999998,optimal
2021-02-11 12:00:00,62,6,0.1379422652728089,0.0,0.0,0.15746666666666667,optimal
2021-02-11 12:30:00,62,6,0.13391843225979483,0.0,0.0,0.074,optimal
2021-02-11 13:00:00,62,6,0.22255775197900196,0.0,0.0,1.1538,optimal
2021-02-11 13:30:00,62,6,1.1428571428571428,0.0,0.0,0.3841333333333333,optimal
2021-02-11 14:00:00,62,6,1.1428571428571428,0.0,0.0,0.2954,optimal
2021-02-11 14:30:00,62,6,1.1428571428571428,0.0,0.0,0.2932666666666667,optimal
2021-02-11 15:00:00,62,6,1.1428571428571428,0.0,0.0,0.4125,optimal
2021-02-11 15:30:00,62,6,1.1428571428571428,0.387037037037037,0.0,0.47026666666666667,optimal
2021-02-11 16:00:00,62,6,0.0,0.23222222222222222,0.0,1.2869000000000002,optimal
2021-02-11 16:30:00,62,6,0.0,0.46444444444444444,0.0,2.2116666666666664,optimal
2021-02-11 17:00:00,62,6,0.0,0.1548148148148148,0.0,0.8352333333333334,optimal
2021-02-11 17:30:00,62,6,0.0,0.5418518518518518,0.0,1.1338666666666666,optimal
2021-02-11 18:00:00,62,6,0.0,0.0,0.0,0.6410666666666667,optimal
2021-02-11 18:30:00,62,6,0.0,0.0,0.0,0.5095,optimal
2021-02-11 19:00:00,62,6,0.0,0.23222222222222222,0.0,0.351,optimal
2021-02-11 19:30:00,62,6,0.0,0.0,0.0,0.4521,optimal
2021-02-11 20:00:00,62,6,0.0,0.0,0.0,0.47806666666666664,optimal
2021-02-11 20:30:00,62,6,0.0,0.0,0.0,0.4142,optimal
2021-02-11 21:00:00,62,6,0.0,0.0,0.0,0.43810000000000004,optimal
2021-02-11 21:30:00,62,6,0.0,0.0,0.0,0.5356666666666666,optimal
2021-02-11 22:00:00,62,6,0.0,0.0,0.0,1.223766666666667,optimal
2021-02-11 22:30:00,62,6,0.0,0.0,0.0,0.3046666666666667,optimal
2021-02-11 23:00:00,62,6,0.0,0.774074074074074,0.0,1.2060666666666666,optimal
2021-02-11 23:30:00,62,6,0.0,0.0,0.0,0.1742,optimal
2021-02-12 00:00:00,62,6,1.1428571428571428,0.0,0.0,0.2134,optimal
2021-02-12 00:30:00,62,6,1.1428571428571428,0.0,0.0,0.161,optimal
2021-02-12 01:00:00,62,6,1.1428571428571428,0.0,0.0,0.2326,optimal
2021-02-12 01:30:00,62,6,1.1428571428571428,0.0,0.0,0.3823666666666667,optimal
2021-02-12 02:00:00,62,6,1.1428571428571428,0.0,0.0,0.2557,optimal
2021-02-12 02:30:00,62,6,1.1428571428571428,0.0,0.0,0.19393333333333332,optimal
2021-02-12 03:00:00,62,6,1.1428571428571428,0.0,0.0,0.12843333333333334,optimal
2021-02-12 03:30:00,62,6,1.1428571428571428,0.0,0.0,0.0947,optimal
2021-02-12 04:00:00,62,6,1.1428571428571428,0.0,0.0,0.17646666666666666,optimal
2021-02-12 04:30:00,62,6,1.1428571428571428,0.0,0.0,0.0994,optimal
2021-02-12 05:00:00,62,6,1.1428571428571428,0.0,0.0,0.08059999999999999,optimal
2021-02-12 05:30:00,62,6,1.1428571428571428,0.0,0.0,0.17646666666666666,optimal
2021-02-12 06:00:00,62,6,1.1428571428571428,0.0,2.242209255848443,0.16633333333333333,optimal
2021-02-12 06:30:00,62,6,1.1428571428571428,0.46444444444444444,5.0,0.1268,optimal
2021-02-12 07:00:00,62,6,1.1428571428571428,1.548148148148148,0.0,0.1617333333333333,optimal
2021-02-12 07:30:00,62,6,1.1428571428571428,3.3396236896630085,0.0,0.08793333333333334,optimal
2021-02-12 08:00:00,62,6,0.8244176486593205,0.5418518518518518,0.0,0.13593333333333335,optimal
2021-02-12 08:30:00,62,6,0.8694030038721214,0.0,0.0,0.19353333333333333,optimal
2021-02-12 09:00:00,62,6,0.7697408418027943,1.470740740740741,0.0,0.051,optimal
2021-02-12 09:30:00,62,6,0.5608066963668091,0.0,0.0,0.38376666666666664,optimal
2021-02-12 10:00:00,62,6,0.49530502442625474,0.0,0.0,0.053,optimal
2021-02-12 10:30:00,62,6,0.4564485997149523,0.0,0.0,0.12896666666666667,optimal
2021-02-12 11:00:00,62,6,0.25119565172295316,0.0,0.0,0.2045,optimal
2021-02-12 11:30:00,62,6,0.2923374081578423,0.0,0.0,0.053,optimal
2021-02-12 12:00:00,62,6,0.12329334862118083,0.0,0.0,0.27446666666666664,optimal
2021-02-12 12:30:00,62,6,0.08598367648465806,6.734444444444445,0.0,0.16083333333333336,optimal
2021-02-12 13:00:00,62,6,0.4376915337737954,0.0,0.0,0.3013,optimal
2021-02-12 13:30:00,62,6,1.1428571428571428,2.1674074074074072,0.0,0.0888,optimal
2021-02-12 14:00:00,62,6,1.1428571428571428,0.0,0.0,0.08726666666666666,optimal
2021-02-12 14:30:00,62,6,1.1428571428571428,0.23222222222222222,0.0,0.2442,optimal
2021-02-12 15:00:00,62,6,1.1428571428571428,0.0,0.0,0.052333333333333336,optimal
2021-02-12 15:30:00,62,6,1.1428571428571428,0.3096296296296296,0.0,0.2118333333333333,optimal
2021-02-12 16:00:00,62,6,0.0,0.0,0.0,0.3505,optimal
2021-02-12 16:30:00,62,6,0.0,0.0,0.0,0.177,optimal
2021-02-12 17:00:00,62,6,0.0,0.387037037037037,0.0,0.268,optimal
2021-02-12 17:30:00,62,6,0.0,0.1548148148148148,0.0,0.21946666666666667,optimal
2021-02-12 18:00:00,62,6,0.0,2.3222222222222215,0.0,0.41456666666666664,optimal
2021-02-12 18:30:00,62,6,0.0,0.0,0.0,0.4102,optimal
2021-02-12 19:00:00,62,6,0.0,0.0774074074074074,0.0,0.28276666666666667,optimal
2021-02-12 19:30:00,62,6,0.0,0.0,0.0,0.21619999999999998,optimal
2021-02-12 20:00:00,62,6,0.0,0.387037037037037,0.0,0.3413333333333333,optimal
2021-02-12 20:30:00,62,6,0.0,2.7866666666666666,0.0,0.21853333333333333,optimal
2021-02-12 21:00:00,62,6,0.0,0.387037037037037,0.0,0.2374,optimal
2021-02-12 21:30:00,62,6,0.0,0.5418518518518518,0.0,0.3453,optimal
2021-02-12 22:00:00,62,6,0.0,0.0,0.0,0.3658,optimal
2021-02-12 22:30:00,62,6,0.0,0.0,0.0,0.17903333333333332,optimal
2021-02-12 23:00:00,62,6,0.0,0.0,0.0,0.15443333333333334,optimal
2021-02-12 23:30:00,62,6,0.0,0.0,0.0,0.053,optimal
2021-02-13 00:00:00,62,6,0.0,0.0,0.0,0.08120000000000001,optimal
2021-02-13 00:30:00,62,6,0.0,0.0,0.0,0.09559999999999999,optimal
2021-02-13 01:00:00,62,6,0.6642032934939396,0.0,0.0,0.196,optimal
2021-02-13 01:30:00,62,6,1.1428571428571428,0.0,0.0,0.1348,optimal
2021-02-13 02:00:00,62,6,1.1428571428571428,0.0,0.0,0.056,optimal
2021-02-13 02:30:00,62,6,1.1428571428571428,0.0,0.0,0.182,optimal
2021-02-13 03:00:00,62,6,1.1428571428571428,0.0,0.0,0.084,optimal
2021-02-13 03:30:00,62,6,1.1428571428571428,0.0,0.0,0.133,optimal
2021-02-13 04:00:00,62,6,1.1428571428571428,0.0,0.0,0.133,optimal
2021-02-13 04:30:00,62,6,1.1428571428571428,0.0,0.0,0.12079999999999999,optimal
2021-02-13 05:00:00,62,6,1.1428571428571428,0.0,0.0,0.196,optimal
2021-02-13 05:30:00,62,6,1.1428571428571428,0.0,4.471363714201363,0.07,optimal
2021-02-13 06:00:00,62,6,1.1428571428571428,0.0,5.0,0.14,optimal
2021-02-13 06:30:00,62,6,1.1428571428571428,0.0,5.0,0.19080000000000003,optimal
2021-02-13 07:00:00,62,6,1.1428571428571428,0.0,5.0,0.056,optimal
2021-02-13 07:30:00,62,6,1.1428571428571428,6.115185185185185,0.0,0.16153333333333333,optimal
2021-02-13 08:00:00,62,6,0.7224673751660611,6.889259259259258,0.0,0.132,optimal
2021-02-13 08:30:00,62,6,0.737199607791426,0.6966666666666667,0.0,0.1376,optimal
2021-02-13 09:00:00,62,6,0.5462868473933735,0.387037037037037,0.0,0.113,optimal
2021-02-13 09:30:00,62,6,0.43648134385357007,0.23222222222222222,0.0,0.3204666666666666,optimal
2021-02-13 10:00:00,62,6,0.24210161939554475,0.3096296296296296,0.0,0.5344333333333333,optimal
2021-02-13 10:30:00,62,6,0.4240890901161557,0.0,0.0,0.25266666666666665,optimal
2021-02-13 11:00:00,62,6,0.1943694319327614,0.0774074074074074,0.0,0.4096,optimal
2021-02-13 11:30:00,62,6,0.06744928360575775,0.1548148148148148,0.0,0.5073333333333333,optimal
2021-02-13 12:00:00,62,6,0.24734220974643456,0.0,0.0,0.178,optimal
2021-02-13 12:30:00,62,6,0.24454000833050715,0.0,0.0,0.1728,optimal
2021-02-13 13:00:00,62,6,0.9892663214999257,0.0,0.0,0.066,optimal
2021-02-13 13:30:00,62,6,1.1428571428571428,0.0,0.0,0.2848,optimal
2021-02-13 14:00:00,62,6,1.1428571428571428,0.0,0.0,0.066,optimal
2021-02-13 14:30:00,62,6,1.1428571428571428,0.0,0.0,0.2076,optimal
2021-02-13 15:00:00,62,6,1.1428571428571428,0.0,0.0,0.1432,optimal
2021-02-13 15:30:00,62,6,1.1428571428571428,0.0,0.0,0.101,optimal
2021-02-13 16:00:00,62,6,0.0,0.0,0.0,0.185,optimal
2021-02-13 16:30:00,62,6,0.0,0.1548148148148148,0.0,1.5536333333333334,optimal
2021-02-13 17:00:00,62,6,0.0,0.46444444444444444,0.0,0.258,optimal
2021-02-13 17:30:00,62,6,0.0,0.0,0.0,0.3788,optimal
2021-02-13 18:00:00,62,6,0.0,0.387037037037037,0.0,0.20233333333333328,optimal
2021-02-13 18:30:00,62,6,0.0,0.1548148148148148,0.0,0.3638,optimal
2021-02-13 19:00:00,62,6,0.0,5.031481481481482,0.0,0.45330000000000004,optimal
2021-02-13 19:30:00,62,6,0.0,0.0,0.0,0.2432,optimal
2021-02-13 20:00:00,62,6,0.0,0.0,0.0,0.586,optimal
2021-02-13 20:30:00,62,6,0.0,0.0,0.0,1.6332666666666669,optimal
2021-02-13 21:00:00,62,6,0.0,0.0,0.0,0.4472,optimal
2021-02-13 21:30:00,62,6,0.0,0.0,0.0,0.8575333333333333,optimal
2021-02-13 22:00:00,62,6,0.0,0.1548148148148148,0.0,0.6169,optimal
2021-02-13 22:30:00,62,6,0.0,0.0,0.0,0.6631,optimal
2021-02-13 23:00:00,62,6,0.0,0.3096296296296296,0.0,0.301,optimal
2021-02-13 23:30:00,62,6,0.0,0.0,0.0,0.0872,optimal
2021-02-07 00:00:00,63,6,0.0,0.0,0.0,0.09466666666666669,optimal
2021-02-07 00:30:00,63,6,0.0,0.0,0.0,0.202,optimal
2021-02-07 01:00:00,63,6,0.0,0.0,0.0,0.12963333333333332,optimal
2021-02-07 01:30:00,63,6,0.0,0.0,0.0,0.2097,optimal
2021-02-07 02:00:00,63,6,0.0,0.0,0.0,0.26873333333333327,optimal
2021-02-07 02:30:00,63,6,0.0,0.0,0.0,0.12366666666666669,optimal
2021-02-07 03:00:00,63,6,0.0,0.0,0.0,0.282,optimal
2021-02-07 03:30:00,63,6,0.0,0.0,0.0,0.2024,optimal
2021-02-07 04:00:00,63,6,1.1428571428571428,0.0,0.0,0.09466666666666669,optimal
2021-02-07 04:30:00,63,6,1.1428571428571428,0.0,0.0,0.2378,optimal
2021-02-07 05:00:00,63,6,1.1428571428571428,0.0,0.0,0.2159333333333333,optimal
2021-02-07 05:30:00,63,6,1.1428571428571428,0.0,0.0,0.11766666666666668,optimal
2021-02-07 06:00:00,63,6,1.1428571428571428,0.1548148148148148,0.0,0.3323333333333333,optimal
2021-02-07 06:30:00,63,6,1.1428571428571428,0.23222222222222222,1.4055777348378222,0.2062333333333333,optimal
2021-02-07 07:00:00,63,6,1.1428571428571428,2.1674074074074072,0.0,0.2147333333333333,optimal
2021-02-07 07:30:00,63,6,0.0,0.1548148148148148,0.0,0.26566666666666666,optimal
2021-02-07 08:00:00,63,6,0.0,0.0,0.0,0.06333333333333334,optimal
2021-02-07 08:30:00,63,6,0.3671659751777847,0.0,0.0,0.06966666666666667,optimal
2021-02-07 09:00:00,63,6,0.6334872527229752,0.0,0.0,0.36576666666666663,optimal
2021-02-07 09:30:00,63,6,0.700619485348356,0.0,0.0,0.12096666666666668,optimal
2021-02-07 10:00:00,63,6,0.6411729662694018,0.0,0.0,0.064,optimal
2021-02-07 10:30:00,63,6,0.5447180248281791,0.0,0.0,0.4166,optimal
2021-02-07 11:00:00,63,6,0.5499126534680137,0.0,0.0,0.0678,optimal
2021-02-07 11:30:00,63,6,0.5062364629918211,0.0,0.0,0.22066666666666662,optimal
2021-02-07 12:00:00,63,6,0.4261617982015046,0.0,0.0,0.26373333333333326,optimal
2021-02-07 12:30:00,63,6,0.4680284648681665,0.0,0.0,0.1172,optimal
2021-02-07 13:00:00,63,6,1.1428571428571428,0.0,0.0,0.32543333333333335,optimal
2021-02-07 13:30:00,63,6,1.1428571428571428,0.0,0.0,0.17416666666666666,optimal
2021-02-07 14:00:00,63,6,1.1428571428571428,0.0,0.0,0.12503333333333333,optimal
2021-02-07 14:30:00,63,6,1.1428571428571428,0.0,0.0,0.2963,optimal
2021-02-07 15:00:00,63,6,1.1428571428571428,0.0,0.0,0.13243333333333335,optimal
2021-02-07 15:30:00,63,6,1.1428571428571428,0.0774074074074074,0.0,0.3479333333333333,optimal
2021-02-07 16:00:00,63,6,0.0,0.0,0.0,0.309,optimal
2021-02-07 16:30:00,63,6,0.0,0.0774074074074074,0.0,0.18446666666666667,optimal
2021-02-07 17:00:00,63,6,0.0,0.0,0.0,1.9094666666666666,optimal
2021-02-07 17:30:00,63,6,0.0,0.0,0.0,0.118,optimal
2021-02-07 18:00:00,63,6,0.0,0.387037037037037,0.0,0.3477333333333333,optimal
2021-02-07 18:30:00,63,6,0.0,0.1548148148148148,0.0,0.3285,optimal
2021-02-07 19:00:00,63,6,0.0,0.3096296296296296,0.0,0.6698333333333334,optimal
2021-02-07 19:30:00,63,6,0.0,3.5839629629629624,0.0,0.4209,optimal
2021-02-07 20:00:00,63,6,0.5482950080331633,2.9182592592592598,0.0,0.35256666666666664,optimal
2021-02-07 20:30:00,63,6,0.0,0.23222222222222222,0.0,0.5028333333333334,optimal
2021-02-07 21:00:00,63,6,0.0,0.3096296296296296,0.0,0.4693,optimal
2021-02-07 21:30:00,63,6,0.0,0.3096296296296296,0.0,0.5936666666666667,optimal
2021-02-07 22:00:00,63,6,0.0,0.0,0.0,0.5678333333333334,optimal
2021-02-07 22:30:00,63,6,0.0,0.0,0.0,0.5298999999999999,optimal
2021-02-07 23:00:00,63,6,0.0,0.0,0.0,0.4206666666666667,optimal
2021-02-07 23:30:00,63,6,0.0,0.0,0.0,0.14106666666666667,optimal
2021-02-08 00:00:00,63,6,0.0,0.0,0.0,0.08323333333333334,optimal
2021-02-08 00:30:00,63,6,0.0,0.0,0.0,0.2087,optimal
2021-02-08 01:00:00,63,6,0.0,0.0,0.0,0.07,optimal
2021-02-08 01:30:00,63,6,0.0,0.0,0.0,0.2306,optimal
2021-02-08 02:00:00,63,6,1.123865895977338,0.0,0.0,0.07,optimal
2021-02-08 02:30:00,63,6,1.1428571428571428,0.0,0.0,0.09190000000000001,optimal
2021-02-08 03:00:00,63,6,1.1428571428571428,0.0,0.0,0.2087,optimal
2021-02-08 03:30:00,63,6,1.1428571428571428,0.0,0.0,0.07,optimal
2021-02-08 04:00:00,63,6,1.1428571428571428,0.0,0.0,0.1065,optimal
2021-02-08 04:30:00,63,6,1.1428571428571428,0.0,0.0,0.1941,optimal
2021-02-08 05:00:00,63,6,1.1428571428571428,0.0,3.9120550323494285,0.07,optimal
2021-02-08 05:30:00,63,6,1.1428571428571428,0.0,5.0,0.2306,optimal
2021-02-08 06:00:00,63,6,1.1428571428571428,0.0,5.0,0.07,optimal
2021-02-08 06:30:00,63,6,1.1428571428571428,0.0,5.0,0.2087,optimal
2021-02-08 07:00:00,63,6,1.1428571428571428,0.3096296296296296,5.0,0.1262333333333333,optimal
2021-02-08 07:30:00,63,6,1.1428571428571428,0.0,0.0,0.33103333333333335,optimal
2021-02-08 08:00:00,63,6,0.5090578174887079,2.7092592592592597,0.0,0.5342,optimal
2021-02-08 08:30:00,63,6,0.7178695427141526,0.0,0.0,0.2,optimal
2021-02-08 09:00:00,63,6,0.7193909304840498,0.0,0.0,0.07,optimal
2021-02-08 09:30:00,63,6,0.6354733426458823,0.0,0.0,0.2922,optimal
2021-02-08 10:00:00,63,6,0.4620751168660249,3.5839629629629624,0.0,0.22319999999999998,optimal
2021-02-08 10:30:00,63,6,0.36141175232324774,2.2215925925925926,0.0,0.42669999999999997,optimal
2021-02-08 11:00:00,63,6,0.2640074077321772,0.0,0.0,0.30660000000000004,optimal
2021-02-08 11:30:00,63,6,0.19516711107815868,0.0,0.0,0.5638,optimal
2021-02-08 12:00:00,63,6,0.26431746631896935,0.0,0.0,0.17256666666666667,optimal
2021-02-08 12:30:00,63,6,0.3130463968204599,0.0,0.0,0.07,optimal
2021-02-08 13:00:00,63,6,0.2904619662416288,0.0,0.0,0.18680000000000002,optimal
2021-02-08 13:30:00,63,6,1.1228461564807397,0.0,0.0,0.1138,optimal
2021-02-08 14:00:00,63,6,1.1428571428571428,0.0,0.0,0.2545,optimal
2021-02-08 14:30:00,63,6,1.1428571428571428,0.23222222222222222,0.0,0.3421,optimal
2021-02-08 15:00:00,63,6,1.1428571428571428,0.0,0.0,0.083,optimal
2021-02-08 15:30:00,63,6,1.1428571428571428,0.387037037037037,0.0,0.14596666666666666,optimal
2021-02-08 16:00:00,63,6,0.0,0.0,0.0,0.3876,optimal
2021-02-08 16:30:00,63,6,0.0,0.46444444444444444,0.0,0.1367,optimal
2021-02-08 17:00:00,63,6,0.0,1.1611111111111108,0.0,0.5447000000000001,optimal
2021-02-08 17:30:00,63,6,0.0,0.0,0.0,0.3879333333333333,optimal
2021-02-08 18:00:00,63,6,0.0,0.23222222222222222,0.0,0.37246666666666656,optimal
2021-02-08 18:30:00,63,6,0.0,0.0,0.0,0.4081666666666667,optimal
2021-02-08 19:00:00,63,6,0.0,0.0,0.0,0.5576,optimal
2021-02-08 19:30:00,63,6,0.0,0.387037037037037,0.0,0.726,optimal
2021-02-08 20:00:00,63,6,0.0,0.46444444444444444,0.0,0.3280666666666667,optimal
2021-02-08 20:30:00,63,6,0.0,7.121481481481481,0.0,0.468,optimal
2021-02-08 21:00:00,63,6,0.0,6.966666666666665,0.0,0.72,optimal
2021-02-08 21:30:00,63,6,0.0,0.0,0.0,1.5606,optimal
2021-02-08 22:00:00,63,6,0.0,0.0774074074074074,0.0,0.20866666666666664,optimal
2021-02-08 22:30:00,63,6,0.0,0.774074074074074,0.0,0.4565,optimal
2021-02-08 23:00:00,63,6,0.0,7.044074074074074,0.0,0.5569333333333333,optimal
2021-02-08 23:30:00,63,6,0.0,0.1548148148148148,0.0,1.0876333333333335,optimal
2021-02-09 00:00:00,63,6,0.0,0.0,0.0,0.10593333333333334,optimal
2021-02-09 00:30:00,63,6,0.0,0.0,0.0,0.22213333333333332,optimal
2021-02-09 01:00:00,63,6,0.0,0.0,0.0,0.2067333333333333,optimal
2021-02-09 01:30:00,63,6,0.08590215519006476,0.0,0.0,0.11493333333333333,optimal
2021-02-09 02:00:00,63,6,1.1428571428571428,0.0,0.0,0.16506666666666667,optimal
2021-02-09 02:30:00,63,6,1.1428571428571428,0.0,0.0,0.08120000000000001,optimal
2021-02-09 03:00:00,63,6,1.1428571428571428,0.0,0.0,0.1862666666666667,optimal
2021-02-09 03:30:00,63,6,1.1428571428571428,0.0,0.0,0.10106666666666667,optimal
2021-02-09 04:00:00,63,6,1.1428571428571428,0.0,0.0,0.2614666666666666,optimal
2021-02-09 04:30:00,63,6,1.1428571428571428,0.0,0.0,0.139,optimal
2021-02-09 05:00:00,63,6,1.1428571428571428,0.0,0.0,0.06,optimal
2021-02-09 05:30:00,63,6,1.1428571428571428,0.0,0.0,0.15106666666666665,optimal
2021-02-09 06:00:00,63,6,1.1428571428571428,0.0,0.0,0.13119999999999998,optimal
2021-02-09 06:30:00,63,6,1.1428571428571428,0.5418518518518518,3.9194157120984507,0.0655,optimal
2021-02-09 07:00:00,63,6,1.1428571428571428,3.6381481481481477,5.0,0.23653333333333332,optimal
2021-02-09 07:30:00,63,6,1.1428571428571428,2.3826,0.0,0.08979999999999999,optimal
2021-02-09 08:00:00,63,6,0.6348585826129558,0.3266592592592593,0.0,0.2814,optimal
2021-02-09 08:30:00,63,6,0.6207981376319366,0.23222222222222222,0.0,0.3658666666666667,optimal
2021-02-09 09:00:00,63,6,0.5969366940780768,0.0,0.0,0.20226666666666668,optimal
2021-02-09 09:30:00,63,6,0.5090158041160316,0.23222222222222222,0.0,0.5095666666666666,optimal
2021-02-09 10:00:00,63,6,0.41264192300690145,0.0774074074074074,0.0,0.3403,optimal
2021-02-09 10:30:00,63,6,0.3935507051813801,0.3096296296296296,0.0,0.36960000000000004,optimal
2021-02-09 11:00:00,63,6,0.2925003843225071,0.0,0.0,0.12326666666666668,optimal
2021-02-09 11:30:00,63,6,0.30025166456692554,0.23222222222222222,0.0,0.08863333333333334,optimal
2021-02-09 12:00:00,63,6,0.13161282002956798,0.5418518518518518,0.0,0.2795,optimal
2021-02-09 12:30:00,63,6,0.11064249216609533,0.0,0.0,0.3712,optimal
2021-02-09 13:00:00,63,6,1.1428571428571428,0.0,0.0,0.18353333333333333,optimal
2021-02-09 13:30:00,63,6,1.1428571428571428,0.387037037037037,0.0,0.5033333333333333,optimal
2021-02-09 14:00:00,63,6,1.1428571428571428,0.0,0.0,0.28686666666666666,optimal
2021-02-09 14:30:00,63,6,1.1428571428571428,0.0,0.0,0.1412,optimal
2021-02-09 15:00:00,63,6,1.1428571428571428,0.0,0.0,0.15536666666666668,optimal
2021-02-09 15:30:00,63,6,1.1428571428571428,0.0,0.0,0.22776666666666667,optimal
2021-02-09 16:00:00,63,6,0.0,0.0,0.0,0.122,optimal
2021-02-09 16:30:00,63,6,0.0,0.0,0.0,0.30006666666666665,optimal
2021-02-09 17:00:00,63,6,0.0,0.0,0.0,0.09466666666666669,optimal
2021-02-09 17:30:00,63,6,0.0,0.0,0.0,0.2780666666666667,optimal
2021-02-09 18:00:00,63,6,0.0,0.387037037037037,0.0,0.2878,optimal
2021-02-09 18:30:00,63,6,0.0,0.6192592592592592,0.0,0.2337,optimal
2021-02-09 19:00:00,63,6,0.0,0.0,0.0,0.21,optimal
2021-02-09 19:30:00,63,6,0.0,0.3096296296296296,0.0,0.34946666666666665,optimal
2021-02-09 20:00:00,63,6,0.439074477768913,0.0774074074074074,0.0,0.36133333333333334,optimal
2021-02-09 20:30:00,63,6,0.0,0.0,0.0,0.2849333333333333,optimal
2021-02-09 21:00:00,63,6,0.0,0.0,0.0,0.43923333333333336,optimal
2021-02-09 21:30:00,63,6,0.0,0.0,0.0,0.28276666666666667,optimal
2021-02-09 22:00:00,63,6,0.0,0.0,0.0,0.2454333333333333,optimal
2021-02-09 22:30:00,63,6,0.0,0.0,0.0,0.07,optimal
2021-02-09 23:00:00,63,6,0.0,0.0,0.0,0.37673333333333336,optimal
2021-02-09 23:30:00,63,6,0.0,0.0,0.0,0.067,optimal
2021-02-10 00:00:00,63,6,0.0,0.0,0.0,0.06,optimal
2021-02-10 00:30:00,63,6,0.0,0.0,0.0,0.19,optimal
2021-02-10 01:00:00,63,6,0.4052975480333942,0.0,0.0,0.0895,optimal
2021-02-10 01:30:00,63,6,1.1428571428571428,0.0,0.0,0.1029,optimal
2021-02-10 02:00:00,63,6,1.1428571428571428,0.0,0.0,0.1965,optimal
2021-02-10 02:30:00,63,6,1.1428571428571428,0.0,0.0,0.1259,optimal
2021-02-10 03:00:00,63,6,1.1428571428571428,0.0,0.0,0.0795,optimal
2021-02-10 03:30:00,63,6,1.1428571428571428,0.0,0.0,0.2429,optimal
2021-02-10 04:00:00,63,6,1.1428571428571428,0.0,0.0,0.06,optimal
2021-02-10 04:30:00,63,6,1.1428571428571428,0.0,0.0,0.2299,optimal
2021-02-10 05:00:00,63,6,1.1428571428571428,0.23222222222222222,3.567671667956003,0.09966666666666668,optimal
2021-02-10 05:30:00,63,6,1.1428571428571428,2.4770370370370367,5.0,0.076,optimal
2021-02-10 06:00:00,63,6,1.1428571428571428,0.387037037037037,0.0,0.26793333333333336,optimal
2021-02-10 06:30:00,63,6,1.1428571428571428,0.0,0.0,0.12396666666666668,optimal
2021-02-10 07:00:00,63,6,1.1428571428571428,0.23222222222222222,0.0,0.11466666666666668,optimal
2021-02-10 07:30:00,63,6,1.1428571428571428,0.1548148148148148,0.0,1.2600333333333333,optimal
2021-02-10 08:00:00,63,6,0.6838930100989528,0.23222222222222222,0.0,0.488,optimal
2021-02-10 08:30:00,63,6,0.6503076548861669,0.0774074074074074,0.0,0.5242,optimal
2021-02-10 09:00:00,63,6,0.6142559844153969,0.3096296296296296,0.0,0.2874,optimal
2021-02-10 09:30:00,63,6,0.5902620577740321,0.0,0.0,1.1554666666666666,optimal
2021-02-10 10:00:00,63,6,0.12639848719241104,0.23222222222222222,0.0,1.5756666666666668,optimal
2021-02-10 10:30:00,63,6,0.41067137554472555,0.0,0.0,0.2284,optimal
2021-02-10 11:00:00,63,6,0.2727239680619548,0.0774074074074074,0.0,0.24819999999999998,optimal
2021-02-10 11:30:00,63,6,0.24787414759841492,0.0,0.0,0.2435,optimal
2021-02-10 12:00:00,63,6,0.001490845923820313,0.0,0.0,0.5498999999999999,optimal
2021-02-10 12:30:00,63,6,0.15321465544762847,0.0,0.0,0.1628666666666667,optimal
2021-02-10 13:00:00,63,6,0.5551689376992385,0.0,0.0,0.07,optimal
2021-02-10 13:30:00,63,6,1.1428571428571428,0.0,0.0,0.2724,optimal
2021-02-10 14:00:00,63,6,1.1428571428571428,0.0,0.0,0.07,optimal
2021-02-10 14:30:00,63,6,1.1428571428571428,0.0,0.0,0.22013333333333332,optimal
2021-02-10 15:00:00,63,6,1.1428571428571428,0.0,0.0,0.14333333333333334,optimal
2021-02-10 15:30:00,63,6,1.1428571428571428,0.7167925925925925,0.0,0.18573333333333328,optimal
2021-02-10 16:00:00,63,6,0.0,1.063577777777778,0.0,0.31439999999999996,optimal
2021-02-10 16:30:00,63,6,0.0,0.0,0.0,0.38556666666666667,optimal
2021-02-10 17:00:00,63,6,0.0,0.0,0.0,0.3679,optimal
2021-02-10 17:30:00,63,6,0.0,0.387037037037037,0.0,0.23033333333333328,optimal
2021-02-10 18:00:00,63,6,0.0,0.1548148148148148,0.0,0.2934,optimal
2021-02-10 18:30:00,63,6,0.0,0.0,0.0,0.4675666666666667,optimal
2021-02-10 19:00:00,63,6,0.0,0.1548148148148148,0.0,0.31510000000000005,optimal
2021-02-10 19:30:00,63,6,0.0,0.9288888888888889,0.0,0.4691,optimal
2021-02-10 20:00:00,63,6,0.0,0.1548148148148148,0.0,0.44476666666666664,optimal
2021-02-10 20:30:00,63,6,0.0,0.0,0.0,0.3432,optimal
2021-02-10 21:00:00,63,6,0.0,0.23222222222222222,0.0,0.5270666666666667,optimal
2021-02-10 21:30:00,63,6,0.0,0.3096296296296296,0.0,0.15803333333333333,optimal
2021-02-10 22:00:00,63,6,0.0,0.3096296296296296,0.0,0.3295,optimal
2021-02-10 22:30:00,63,6,0.0,0.0,0.0,0.2907333333333333,optimal
2021-02-10 23:00:00,63,6,0.0,0.0,0.0,0.17446666666666666,optimal
2021-02-10 23:30:00,63,6,0.0,0.0,0.0,0.1871,optimal
2021-02-11 00:00:00,63,6,0.6752263092192566,0.0,0.0,0.059,optimal
2021-02-11 00:30:00,63,6,1.1428571428571428,0.0,0.0,0.08086666666666666,optimal
2021-02-11 01:00:00,63,6,1.1428571428571428,0.0,0.0,0.2102,optimal
2021-02-11 01:30:00,63,6,1.1428571428571428,0.0,0.0,0.059,optimal
2021-02-11 02:00:00,63,6,1.1428571428571428,0.0,0.0,0.15193333333333334,optimal
2021-02-11 02:30:00,63,6,1.1428571428571428,0.0,0.0,0.08633333333333333,optimal
2021-02-11 03:00:00,63,6,1.1428571428571428,0.0,0.0,0.1118,optimal
2021-02-11 03:30:00,63,6,1.1428571428571428,0.0,0.0,0.17926666666666669,optimal
2021-02-11 04:00:00,63,6,1.1428571428571428,0.0,0.0,0.08846666666666667,optimal
2021-02-11 04:30:00,63,6,1.1428571428571428,0.0,0.0,0.16393333333333335,optimal
2021-02-11 05:00:00,63,6,1.1428571428571428,0.0,0.0,0.117,optimal
2021-02-11 05:30:00,63,6,1.1428571428571428,0.0,0.0,0.08246666666666667,optimal
2021-02-11 06:00:00,63,6,1.1428571428571428,0.0,1.0071594640082613,0.2086,optimal
2021-02-11 06:30:00,63,6,1.1428571428571428,0.0,5.0,0.07453333333333333,optimal
2021-02-11 07:00:00,63,6,1.1428571428571428,0.0,5.0,0.17553333333333332,optimal
2021-02-11 07:30:00,63,6,1.1428571428571428,7.276296296296295,0.0,0.115,optimal
2021-02-11 08:00:00,63,6,0.737819803096842,0.5418518518518518,0.0,0.2582,optimal
2021-02-11 08:30:00,63,6,0.733442152839778,0.1548148148148148,0.0,0.3847,optimal
2021-02-11 09:00:00,63,6,0.7060573551541613,0.0,0.0,0.263,optimal
2021-02-11 09:30:00,63,6,0.6804496032200352,0.0774074074074074,0.0,0.24366666666666664,optimal
2021-02-11 10:00:00,63,6,0.0,0.0,0.0,2.3622666666666667,optimal
2021-02-11 10:30:00,63,6,0.08354899066895816,1.6255555555555554,0.0,1.665733333333333,optimal
2021-02-11 11:00:00,63,6,0.1293633863211187,0.387037037037037,0.0,0.7208666666666667,optimal
2021-02-11 11:30:00,63,6,0.12806116141599533,0.1548148148148148,0.0,0.6128666666666667,optimal
2021-02-11 12:00:00,63,6,0.1635613128918579,0.0,0.0,0.069,optimal
2021-02-11 12:30:00,63,6,0.11382319416455221,0.0,0.0,0.14553333333333332,optimal
2021-02-11 13:00:00,63,6,1.1428571428571428,0.0,0.0,0.16553333333333334,optimal
2021-02-11 13:30:00,63,6,1.1428571428571428,0.0,0.0,0.069,optimal
2021-02-11 14:00:00,63,6,1.1428571428571428,0.3096296296296296,0.0,0.45876666666666666,optimal
2021-02-11 14:30:00,63,6,1.1428571428571428,0.23222222222222222,0.0,0.3713666666666667,optimal
2021-02-11 15:00:00,63,6,1.1428571428571428,0.0,0.0,0.09833333333333331,optimal
2021-02-11 15:30:00,63,6,1.1428571428571428,0.0,0.0,0.17833333333333334,optimal
2021-02-11 16:00:00,63,6,0.0,0.0,0.0,0.13273333333333331,optimal
2021-02-11 16:30:00,63,6,0.0,0.0,0.0,0.1182,optimal
2021-02-11 17:00:00,63,6,0.0,0.0,0.0,0.187,optimal
2021-02-11 17:30:00,63,6,0.0,0.0,0.0,0.07486666666666666,optimal
2021-02-11 18:00:00,63,6,0.0,0.0,0.0,0.18926666666666667,optimal
2021-02-11 18:30:00,63,6,0.0,0.0,0.0,0.366,optimal
2021-02-11 19:00:00,63,6,0.0,0.0774074074074074,0.0,2.300833333333333,optimal
2021-02-11 19:30:00,63,6,0.5687108258084456,5.186296296296297,0.0,1.6352666666666669,optimal
2021-02-11 20:00:00,63,6,0.8572449209081098,0.3096296296296296,0.0,0.3559,optimal
2021-02-11 20:30:00,63,6,0.0,0.0,0.0,0.37660000000000005,optimal
2021-02-11 21:00:00,63,6,0.0,0.0,0.0,0.5014,optimal
2021-02-11 21:30:00,63,6,0.0,0.387037037037037,0.0,0.5716666666666667,optimal
2021-02-11 22:00:00,63,6,0.0,0.0774074074074074,0.0,0.4048,optimal
2021-02-11 22:30:00,63,6,0.0,0.0,0.0,0.24380000000000002,optimal
2021-02-11 23:00:00,63,6,0.0,0.0,0.0,0.14006666666666667,optimal
2021-02-11 23:30:00,63,6,0.0,0.0,0.0,0.16733333333333333,optimal
2021-02-12 00:00:00,63,6,1.1428571428571428,0.0,0.0,0.062,optimal
2021-02-12 00:30:00,63,6,1.1428571428571428,0.0,0.0,0.062,optimal
2021-02-12 01:00:00,63,6,1.1428571428571428,0.0,0.0,0.062,optimal
2021-02-12 01:30:00,63,6,1.1428571428571428,0.0,0.0,0.062,optimal
2021-02-12 02:00:00,63,6,1.1428571428571428,0.0,0.0,0.062,optimal
2021-02-12 02:30:00,63,6,1.1428571428571428,0.0,0.0,0.062,optimal
2021-02-12 03:00:00,63,6,1.1428571428571428,0.0,0.0,0.062,optimal
2021-02-12 03:30:00,63,6,1.1428571428571428,0.0,0.0,0.062,optimal
2021-02-12 04:00:00,63,6,1.1428571428571428,0.0,0.0,0.062,optimal
2021-02-12 04:30:00,63,6,1.1428571428571428,0.0,4.3256451742606234,0.062,optimal
2021-02-12 05:00:00,63,6,1.1428571428571428,0.0774074074074074,5.0,0.2165,optimal
2021-02-12 05:30:00,63,6,1.1428571428571428,0.1548148148148148,0.0,0.06,optimal
2021-02-12 06:00:00,63,6,1.1428571428571428,0.1548148148148148,0.0,0.26543333333333335,optimal
2021-02-12 06:30:00,63,6,1.1428571428571428,0.1548148148148148,0.0,0.2208333333333333,optimal
2021-02-12 07:00:00,63,6,1.1428571428571428,0.23222222222222222,0.0,0.073,optimal
2021-02-12 07:30:00,63,6,1.1428571428571428,4.94239847559381,0.0,1.1177666666666668,optimal
2021-02-12 08:00:00,63,6,0.7825071724688513,1.8577777777777778,0.0,2.195266666666667,optimal
2021-02-12 08:30:00,63,6,0.7431458610149795,6.27,0.0,0.205,optimal
2021-02-12 09:00:00,63,6,0.5203027465646939,4.412222222222222,0.0,0.5833333333333334,optimal
2021-02-12 09:30:00,63,6,0.3907686011287165,0.1548148148148148,0.0,0.9576666666666667,optimal
2021-02-12 10:00:00,63,6,0.49007645299768215,0.0,0.0,0.072,optimal
2021-02-12 10:30:00,63,6,0.4729247901911453,0.0,0.0,0.072,optimal
2021-02-12 11:00:00,63,6,0.20715755648484985,0.0,0.0,0.16333333333333333,optimal
2021-02-12 11:30:00,63,6,0.1530516938721335,0.46444444444444444,0.0,0.24719999999999998,optimal
2021-02-12 12:00:00,63,6,0.018104777192609164,0.0,0.0,0.9046000000000001,optimal
2021-02-12 12:30:00,63,6,0.05956081934179607,0.0774074074074074,0.0,0.8933333333333334,optimal
2021-02-12 13:00:00,63,6,0.5338444304559414,0.0,0.0,0.072,optimal
2021-02-12 13:30:00,63,6,1.1428571428571428,0.0,0.0,0.072,optimal
2021-02-12 14:00:00,63,6,1.1428571428571428,0.0,0.0,0.072,optimal
2021-02-12 14:30:00,63,6,1.1428571428571428,0.0,0.0,1.4112333333333331,optimal
2021-02-12 15:00:00,63,6,1.1428571428571428,0.1548148148148148,0.0,0.7302666666666666,optimal
2021-02-12 15:30:00,63,6,1.1428571428571428,0.774074074074074,0.0,1.7354,optimal
2021-02-12 16:00:00,63,6,0.0,0.0,0.0,0.2522666666666667,optimal
2021-02-12 16:30:00,63,6,0.0,0.387037037037037,0.0,0.27173333333333327,optimal
2021-02-12 17:00:00,63,6,0.0,0.8514814814814814,0.0,0.37610000000000005,optimal
2021-02-12 17:30:00,63,6,0.0,0.1548148148148148,0.0,0.31760000000000005,optimal
2021-02-12 18:00:00,63,6,0.0,5.186296296296297,0.0,1.4170333333333334,optimal
2021-02-12 18:30:00,63,6,0.0,0.0774074074074074,0.0,0.5747333333333333,optimal
2021-02-12 19:00:00,63,6,0.0,0.0,0.0,0.29233333333333333,optimal
2021-02-12 19:30:00,63,6,0.0,0.0,0.0,0.22273333333333328,optimal
2021-02-12 20:00:00,63,6,0.0,0.0,0.0,0.27303333333333335,optimal
2021-02-12 20:30:00,63,6,0.0,0.0,0.0,0.4174,optimal
2021-02-12 21:00:00,63,6,0.0,0.0774074074074074,0.0,0.38756666666666667,optimal
2021-02-12 21:30:00,63,6,0.0,0.0,0.0,0.3357,optimal
2021-02-12 22:00:00,63,6,0.0,2.012592592592592,0.0,0.39203333333333334,optimal
2021-02-12 22:30:00,63,6,0.0,0.3096296296296296,0.0,0.4464333333333333,optimal
2021-02-12 23:00:00,63,6,0.0,0.0,0.0,0.31206666666666666,optimal
2021-02-12 23:30:00,63,6,0.0,2.1674074074074072,0.0,0.214,optimal
2021-02-13 00:00:00,63,6,0.0,0.0,0.0,0.063,optimal
2021-02-13 00:30:00,63,6,0.0,0.0,0.0,0.19946666666666668,optimal
2021-02-13 01:00:00,63,6,0.20336929534966264,0.0,0.0,0.1795,optimal
2021-02-13 01:30:00,63,6,1.1428571428571428,0.0,0.0,0.46673333333333333,optimal
2021-02-13 02:00:00,63,6,1.1428571428571428,0.0,0.0,0.065,optimal
2021-02-13 02:30:00,63,6,1.1428571428571428,0.0,0.0,0.065,optimal
2021-02-13 03:00:00,63,6,1.1428571428571428,0.0,0.0,0.1352,optimal
2021-02-13 03:30:00,63,6,1.1428571428571428,0.0,0.0,0.065,optimal
2021-02-13 04:00:00,63,6,1.1428571428571428,0.0,0.0,0.065,optimal
2021-02-13 04:30:00,63,6,1.1428571428571428,0.0,0.0,0.0845,optimal
2021-02-13 05:00:00,63,6,1.1428571428571428,0.0,2.562197757402128,0.1157,optimal
2021-02-13 05:30:00,63,6,1.1428571428571428,0.0,5.0,0.0689,optimal
2021-02-13 06:00:00,63,6,1.1428571428571428,0.0,5.0,0.1313,optimal
2021-02-13 06:30:00,63,6,1.1428571428571428,0.0,5.0,0.14566666666666667,optimal
2021-02-13 07:00:00,63,6,1.1428571428571428,0.0,5.0,0.13686666666666666,optimal
2021-02-13 07:30:00,63,6,1.1428571428571428,0.46444444444444444,0.0,0.063,optimal
2021-02-13 08:00:00,63,6,0.6916197561184393,2.3222222222222215,0.0,0.25826666666666664,optimal
2021-02-13 08:30:00,63,6,0.7429424649342922,0.1548148148148148,0.0,0.21,optimal
2021-02-13 09:00:00,63,6,0.42252875215527336,0.23222222222222222,0.0,2.658533333333333,optimal
2021-02-13 09:30:00,63,6,0.6356146771868988,0.0,0.0,0.17233333333333334,optimal
2021-02-13 10:00:00,63,6,0.5800901908241208,0.0,0.0,0.075,optimal
2021-02-13 10:30:00,63,6,0.5578890901161511,0.0,0.0,0.1452,optimal
2021-02-13 11:00:00,63,6,0.3666837176470536,0.0,0.0,0.075,optimal
2021-02-13 11:30:00,63,6,0.345596902653377,0.0,0.0,0.1413,optimal
2021-02-13 12:00:00,63,6,0.695164825515686,0.0,0.0,0.07890000000000001,optimal
2021-02-13 12:30:00,63,6,1.1428571428571428,0.0,0.0,0.075,optimal
2021-02-13 13:00:00,63,6,1.1428571428571428,0.0,0.0,0.075,optimal
2021-02-13 13:30:00,63,6,1.1428571428571428,0.0,0.0,0.1257,optimal
2021-02-13 14:00:00,63,6,1.1428571428571428,0.0,0.0,0.0945,optimal
2021-02-13 14:30:00,63,6,1.1428571428571428,0.0,0.0,0.075,optimal
2021-02-13 15:00:00,63,6,1.1428571428571428,0.0,0.0,0.1335,optimal
2021-02-13 15:30:00,63,6,1.1428571428571428,0.0,0.0,0.0867,optimal
2021-02-13 16:00:00,63,6,0.0,0.0,0.0,0.075,optimal
2021-02-13 16:30:00,63,6,0.0,0.0,0.0,0.1452,optimal
2021-02-13 17:00:00,63,6,0.0,0.0,0.0,0.075,optimal
2021-02-13 17:30:00,63,6,0.0,0.0,0.0,0.1452,optimal
2021-02-13 18:00:00,63,6,0.0,0.0,0.0,0.075,optimal
2021-02-13 18:30:00,63,6,0.0,0.0,0.0,0.1452,optimal
2021-02-13 19:00:00,63,6,0.0,0.0,0.0,0.075,optimal
2021-02-13 19:30:00,63,6,0.8600205174193596,0.0,0.0,0.075,optimal
2021-02-13 20:00:00,63,6,0.6632703378828908,0.46444444444444444,0.0,0.4543333333333333,optimal
2021-02-13 20:30:00,63,6,0.0,2.631851851851852,0.0,0.5111333333333333,optimal
2021-02-13 21:00:00,63,6,0.0,0.3096296296296296,0.0,0.49860000000000004,optimal
2021-02-13 21:30:00,63,6,0.0,0.0,0.0,0.6297999999999999,optimal
2021-02-13 22:00:00,63,6,0.0,0.0,0.0,0.3972,optimal
2021-02-13 22:30:00,63,6,0.0,0.1548148148148148,0.0,0.6346666666666666,optimal
2021-02-13 23:00:00,63,6,0.0,0.0,0.0,0.075,optimal
2021-02-13 23:30:00,63,6,0.0,0.0,0.0,0.1452,optimal
2021-02-07 00:00:00,64,6,0.0,0.0,0.0,0.2312,optimal
2021-02-07 00:30:00,64,6,0.0,0.0774074074074074,0.0,0.06866666666666667,optimal
2021-02-07 01:00:00,64,6,0.0,0.0,0.0,0.2571,optimal
2021-02-07 01:30:00,64,6,0.0,0.0,0.0,0.065,optimal
2021-02-07 02:00:00,64,6,0.0,0.0774074074074074,0.0,0.14923333333333333,optimal
2021-02-07 02:30:00,64,6,0.0,0.0,0.0,0.2544666666666667,optimal
2021-02-07 03:00:00,64,6,0.0,0.0,0.0,0.24753333333333333,optimal
2021-02-07 03:30:00,64,6,0.0,0.0,0.0,0.28776666666666667,optimal
2021-02-07 04:00:00,64,6,1.1428571428571428,0.0774074074074074,0.0,0.2312,optimal
2021-02-07 04:30:00,64,6,1.1428571428571428,0.1548148148148148,0.0,0.1318,optimal
2021-02-07 05:00:00,64,6,1.1428571428571428,0.1548148148148148,0.0,0.185,optimal
2021-02-07 05:30:00,64,6,1.1428571428571428,0.0,0.0,0.1052,optimal
2021-02-07 06:00:00,64,6,1.1428571428571428,0.3096296296296296,0.0,0.2312,optimal
2021-02-07 06:30:00,64,6,1.1428571428571428,0.5418518518518518,1.4055777348378222,0.2612,optimal
2021-02-07 07:00:00,64,6,1.1428571428571428,0.387037037037037,0.0,0.052,optimal
2021-02-07 07:30:00,64,6,0.0,0.5418518518518518,0.0,0.060533333333333335,optimal
2021-02-07 08:00:00,64,6,0.0,0.23222222222222222,0.0,0.9470666666666668,optimal
2021-02-07 08:30:00,64,6,0.0,0.0,0.0,0.8018,optimal
2021-02-07 09:00:00,64,6,0.0989240527455488,0.0,0.0,0.054,optimal
2021-02-07 09:30:00,64,6,0.7189813901102537,0.0,0.0,0.054,optimal
2021-02-07 10:00:00,64,6,0.6432586805551256,0.0,0.0,0.054666666666666655,optimal
2021-02-07 10:30:00,64,6,0.647546596256754,0.0,0.0,0.064,optimal
2021-02-07 11:00:00,64,6,0.5530840820394348,0.0,0.0,0.062,optimal
2021-02-07 11:30:00,64,6,0.5530840820394348,0.0,0.0,0.054,optimal
2021-02-07 12:00:00,64,6,0.485314179153887,0.0,0.0,0.054,optimal
2021-02-07 12:30:00,64,6,0.485314179153887,0.0,0.0,0.054,optimal
2021-02-07 13:00:00,64,6,1.1428571428571428,0.0,0.0,0.054,optimal
2021-02-07 13:30:00,64,6,1.1428571428571428,0.0,0.0,0.7528666666666667,optimal
2021-02-07 14:00:00,64,6,1.1428571428571428,0.0,0.0,0.18566666666666662,optimal
2021-02-07 14:30:00,64,6,1.1428571428571428,0.0,0.0,0.10766666666666669,optimal
2021-02-07 15:00:00,64,6,1.1428571428571428,0.0,0.0,0.06333333333333334,optimal
2021-02-07 15:30:00,64,6,1.1428571428571428,0.0,0.0,0.142,optimal
2021-02-07 16:00:00,64,6,0.0,0.46444444444444444,0.0,0.1849,optimal
2021-02-07 16:30:00,64,6,0.0,0.0774074074074074,0.0,0.11916666666666668,optimal
2021-02-07 17:00:00,64,6,0.0,0.5062444444444444,0.0,0.25553333333333333,optimal
2021-02-07 17:30:00,64,6,0.0,0.2678296296296296,0.0,0.30036666666666667,optimal
2021-02-07 18:00:00,64,6,0.0,0.387037037037037,0.0,0.4129,optimal
2021-02-07 18:30:00,64,6,0.0,0.3096296296296296,0.0,0.31653333333333333,optimal
2021-02-07 19:00:00,64,6,0.0,0.0,0.0,0.324,optimal
2021-02-07 19:30:00,64,6,0.0,0.0774074074074074,0.0,0.2378,optimal
2021-02-07 20:00:00,64,6,0.1331536545144708,0.0,0.0,0.10603333333333331,optimal
2021-02-07 20:30:00,64,6,0.0,0.387037037037037,0.0,0.2726,optimal
2021-02-07 21:00:00,64,6,0.0,2.4770370370370367,0.0,0.2785666666666667,optimal
2021-02-07 21:30:00,64,6,0.0,0.0,0.0,0.4072,optimal
2021-02-07 22:00:00,64,6,0.0,0.0,0.0,0.22846666666666668,optimal
2021-02-07 22:30:00,64,6,0.0,0.1548148148148148,0.0,0.16893333333333332,optimal
2021-02-07 23:00:00,64,6,0.0,0.0,0.0,0.2634666666666666,optimal
2021-02-07 23:30:00,64,6,0.0,0.0,0.0,0.5406666666666666,optimal
2021-02-08 00:00:00,64,6,0.0,0.0,0.0,0.3327,optimal
2021-02-08 00:30:00,64,6,0.0,0.0,0.0,0.4291333333333333,optimal
2021-02-08 01:00:00,64,6,0.0,0.0,0.0,0.16526666666666667,optimal
2021-02-08 01:30:00,64,6,0.0,0.0,0.0,0.2324,optimal
2021-02-08 02:00:00,64,6,0.0,0.0,0.0,0.20306666666666665,optimal
2021-02-08 02:30:00,64,6,1.056350286505,0.0,0.0,0.11286666666666666,optimal
2021-02-08 03:00:00,64,6,1.1428571428571428,0.0,0.0,0.21919999999999998,optimal
2021-02-08 03:30:00,64,6,1.1428571428571428,0.0,0.0,0.23306666666666664,optimal
2021-02-08 04:00:00,64,6,1.1428571428571428,0.0,0.0,0.10940000000000001,optimal
2021-02-08 04:30:00,64,6,1.1428571428571428,0.0,0.0,0.32606666666666667,optimal
2021-02-08 05:00:00,64,6,1.1428571428571428,0.0,0.0,0.11359999999999999,optimal
2021-02-08 05:30:00,64,6,1.1428571428571428,0.0,0.0,0.2176,optimal
2021-02-08 06:00:00,64,6,1.1428571428571428,0.0,4.301894323675293,0.23406666666666665,optimal
2021-02-08 06:30:00,64,6,1.1428571428571428,0.0,5.0,0.13546666666666668,optimal
2021-02-08 07:00:00,64,6,1.1428571428571428,0.387037037037037,5.0,0.4091666666666667,optimal
2021-02-08 07:30:00,64,6,1.1428571428571428,0.8514814814814814,0.0,1.8538333333333332,optimal
2021-02-08 08:00:00,64,6,0.44739115082204894,0.9288888888888889,0.0,1.1063666666666665,optimal
2021-02-08 08:30:00,64,6,0.4520238284284446,0.6966666666666667,0.0,1.1713666666666667,optimal
2021-02-08 09:00:00,64,6,0.49220045429356934,0.0,0.0,0.3415,optimal
2021-02-08 09:30:00,64,6,0.5211114378839733,0.5418518518518518,0.0,0.34426666666666667,optimal
2021-02-08 10:00:00,64,6,0.4009417835327,0.3096296296296296,0.0,0.3191333333333333,optimal
2021-02-08 10:30:00,64,6,0.4286688951803902,0.1548148148148148,0.0,0.2064333333333333,optimal
2021-02-08 11:00:00,64,6,0.22026550297026784,0.3096296296296296,0.0,1.2083666666666666,optimal
2021-02-08 11:30:00,64,6,0.25206234917339376,0.0,0.0,0.25780000000000003,optimal
2021-02-08 12:00:00,64,6,0.2089079425094469,0.0,0.0,0.2283,optimal
2021-02-08 12:30:00,64,6,0.22058925396331258,0.3096296296296296,0.0,0.2474,optimal
2021-02-08 13:00:00,64,6,1.1428571428571428,0.1548148148148148,0.0,0.2169333333333333,optimal
2021-02-08 13:30:00,64,6,1.1428571428571428,0.0,0.0,0.27253333333333335,optimal
2021-02-08 14:00:00,64,6,1.1428571428571428,0.0,0.0,0.17033333333333334,optimal
2021-02-08 14:30:00,64,6,1.1428571428571428,0.0,0.0,0.1494,optimal
2021-02-08 15:00:00,64,6,1.1428571428571428,0.0,0.0,0.311,optimal
2021-02-08 15:30:00,64,6,1.1428571428571428,0.0,0.0,0.08926666666666666,optimal
2021-02-08 16:00:00,64,6,0.0,0.0,0.0,0.2328,optimal
2021-02-08 16:30:00,64,6,0.0,0.0,0.0,0.24786666666666668,optimal
2021-02-08 17:00:00,64,6,0.0,0.0774074074074074,0.0,0.227,optimal
2021-02-08 17:30:00,64,6,0.0,0.774074074074074,0.0,0.9397333333333332,optimal
2021-02-08 18:00:00,64,6,0.0,0.3096296296296296,0.0,0.4643333333333333,optimal
2021-02-08 18:30:00,64,6,0.0,0.3096296296296296,0.0,0.328,optimal
2021-02-08 19:00:00,64,6,0.0,0.0,0.0,0.6859333333333333,optimal
2021-02-08 19:30:00,64,6,0.11626746042541014,0.0,0.0,0.2382,optimal
2021-02-08 20:00:00,64,6,0.5690908217936247,0.3096296296296296,0.0,0.4281333333333333,optimal
2021-02-08 20:30:00,64,6,0.0,0.0,0.0,0.6434,optimal
2021-02-08 21:00:00,64,6,0.0,0.3096296296296296,0.0,0.2912,optimal
2021-02-08 21:30:00,64,6,0.0,0.0,0.0,0.2431333333333333,optimal
2021-02-08 22:00:00,64,6,0.0,0.0,0.0,0.1362,optimal
2021-02-08 22:30:00,64,6,0.0,0.0,0.0,0.17033333333333334,optimal
2021-02-08 23:00:00,64,6,0.0,0.0,0.0,0.2347333333333333,optimal
2021-02-08 23:30:00,64,6,0.0,0.0,0.0,0.20653333333333332,optimal
2021-02-09 00:00:00,64,6,0.0,0.0,0.0,0.064,optimal
2021-02-09 00:30:00,64,6,0.0,0.0,0.0,0.087,optimal
2021-02-09 01:00:00,64,6,0.22189532424475003,0.0,0.0,0.087,optimal
2021-02-09 01:30:00,64,6,1.1428571428571428,0.0,0.0,0.1021,optimal
2021-02-09 02:00:00,64,6,1.1428571428571428,0.0,0.0,0.0875,optimal
2021-02-09 02:30:00,64,6,1.1428571428571428,0.0,0.0,0.063,optimal
2021-02-09 03:00:00,64,6,1.1428571428571428,0.0,0.0,0.0875,optimal
2021-02-09 03:30:00,64,6,1.1428571428571428,0.0,0.0,0.1015,optimal
2021-02-09 04:00:00,64,6,1.1428571428571428,0.0,0.0,0.1015,optimal
2021-02-09 04:30:00,64,6,1.1428571428571428,0.0,0.0,0.0875,optimal
2021-02-09 05:00:00,64,6,1.1428571428571428,0.0,0.0,0.063,optimal
2021-02-09 05:30:00,64,6,1.1428571428571428,0.0,0.7492361016759362,0.063,optimal
2021-02-09 06:00:00,64,6,1.1428571428571428,0.0,5.0,0.063,optimal
2021-02-09 06:30:00,64,6,1.1428571428571428,0.0,5.0,0.0875,optimal
2021-02-09 07:00:00,64,6,1.1428571428571428,0.0,5.0,0.1015,optimal
2021-02-09 07:30:00,64,6,1.1428571428571428,0.0,0.0,0.061666666666666654,optimal
2021-02-09 08:00:00,64,6,0.7511633445177144,2.012592592592592,0.0,0.061,optimal
2021-02-09 08:30:00,64,6,0.5575524233462125,0.23222222222222222,0.0,1.5157,optimal
2021-02-09 09:00:00,64,6,0.46958812264951133,0.1548148148148148,0.0,0.7653,optimal
2021-02-09 09:30:00,64,6,0.3566862803065095,0.0,0.0,2.4531666666666667,optimal
2021-02-09 10:00:00,64,6,0.23791811348309075,1.006296296296296,0.0,0.479,optimal
2021-02-09 10:30:00,64,6,0.37473356232424254,0.0774074074074074,0.0,0.3374,optimal
2021-02-09 11:00:00,64,6,0.3417480033701191,0.0,0.0,0.189,optimal
2021-02-09 11:30:00,64,6,0.28186309313835245,0.0,0.0,0.3026333333333333,optimal
2021-02-09 12:00:00,64,6,0.0023918676486122613,0.0,0.0,1.6787,optimal
2021-02-09 12:30:00,64,6,0.22721735755492656,0.0,0.0,0.5156666666666666,optimal
2021-02-09 13:00:00,64,6,1.1428571428571428,0.23222222222222222,0.0,0.30589999999999995,optimal
2021-02-09 13:30:00,64,6,1.1428571428571428,0.0,0.0,0.1621,optimal
2021-02-09 14:00:00,64,6,1.1428571428571428,0.0,0.0,0.2195,optimal
2021-02-09 14:30:00,64,6,1.1428571428571428,0.0,0.0,0.0875,optimal
2021-02-09 15:00:00,64,6,1.1428571428571428,0.0,0.0,0.1015,optimal
2021-02-09 15:30:00,64,6,1.1428571428571428,0.0,0.0,0.0945,optimal
2021-02-09 16:00:00,64,6,0.0,0.0,0.0,0.0945,optimal
2021-02-09 16:30:00,64,6,0.0,0.0,0.0,0.063,optimal
2021-02-09 17:00:00,64,6,0.0,0.0,0.0,0.063,optimal
2021-02-09 17:30:00,64,6,0.0,0.0,0.0,0.126,optimal
2021-02-09 18:00:00,64,6,0.0,0.0,0.0,0.063,optimal
2021-02-09 18:30:00,64,6,0.0,0.0,0.0,0.063,optimal
2021-02-09 19:00:00,64,6,0.0,0.0,0.0,0.369,optimal
2021-02-09 19:30:00,64,6,0.6390798147140195,0.0,0.0,0.384,optimal
2021-02-09 20:00:00,64,6,0.5481464813806777,0.1548148148148148,0.0,0.47853333333333337,optimal
2021-02-09 20:30:00,64,6,0.0,0.1548148148148148,0.0,0.28926666666666667,optimal
2021-02-09 21:00:00,64,6,0.0,0.0774074074074074,0.0,0.3343666666666667,optimal
2021-02-09 21:30:00,64,6,0.0,0.0,0.0,0.2379333333333333,optimal
2021-02-09 22:00:00,64,6,0.0,0.0,0.0,0.3176666666666667,optimal
2021-02-09 22:30:00,64,6,0.0,2.5544444444444445,0.0,0.2184,optimal
2021-02-09 23:00:00,64,6,0.0,0.0,0.0,0.287,optimal
2021-02-09 23:30:00,64,6,0.0,0.0,0.0,0.4285333333333334,optimal
2021-02-10 00:00:00,64,6,0.0,0.0,0.0,0.056,optimal
2021-02-10 00:30:00,64,6,0.0,0.0,0.0,0.09366666666666669,optimal
2021-02-10 01:00:00,64,6,0.0,0.0,0.0,0.09513333333333333,optimal
2021-02-10 01:30:00,64,6,0.3967551872195851,0.0,0.0,0.137,optimal
2021-02-10 02:00:00,64,6,1.1428571428571428,0.0,0.0,0.10873333333333332,optimal
2021-02-10 02:30:00,64,6,1.1428571428571428,0.0,0.0,0.07106666666666667,optimal
2021-02-10 03:00:00,64,6,1.1428571428571428,0.0,0.0,0.1235,optimal
2021-02-10 03:30:00,64,6,1.1428571428571428,0.0,0.0,0.1011,optimal
2021-02-10 04:00:00,64,6,1.1428571428571428,0.0,0.0,0.13269999999999998,optimal
2021-02-10 04:30:00,64,6,1.1428571428571428,0.0,0.0,0.1145,optimal
2021-02-10 05:00:00,64,6,1.1428571428571428,0.0,0.0,0.057,optimal
2021-02-10 05:30:00,64,6,1.1428571428571428,0.5418518518518518,2.0873841167625673,0.33566666666666667,optimal
2021-02-10 06:00:00,64,6,1.1428571428571428,0.6192592592592592,5.0,0.17666666666666667,optimal
2021-02-10 06:30:00,64,6,1.1428571428571428,0.23222222222222222,5.0,0.3645,optimal
2021-02-10 07:00:00,64,6,1.1428571428571428,1.6255555555555554,5.0,0.3338,optimal
2021-02-10 07:30:00,64,6,1.1428571428571428,1.9351851851851851,0.0,0.41303333333333336,optimal
2021-02-10 08:00:00,64,6,0.379519676765622,2.2448148148148146,0.0,1.8504666666666667,optimal
2021-02-10 08:30:00,64,6,0.6366314644099758,0.0,0.0,0.109,optimal
2021-02-10 09:00:00,64,6,0.13223122251063726,1.2385185185185184,0.0,2.182,optimal
2021-02-10 09:30:00,64,6,0.556965867297839,0.0,0.0,0.0865,optimal
2021-02-10 10:00:00,64,6,0.39709372528764886,0.0,0.0,0.1767,optimal
2021-02-10 10:30:00,64,6,0.4335570898304381,0.0,0.0,0.12596666666666667,optimal
2021-02-10 11:00:00,64,6,0.3926668252048035,0.0,0.0,0.075,optimal
2021-02-10 11:30:00,64,6,0.35154081426507816,0.0,0.0,0.15493333333333334,optimal
2021-02-10 12:00:00,64,6,0.18049084592382522,0.23222222222222222,0.0,0.064,optimal
2021-02-10 12:30:00,64,6,0.1510051316381059,0.0,0.0,0.17453333333333332,optimal
2021-02-10 13:00:00,64,6,0.11370928326851902,0.387037037037037,0.0,0.9216666666666666,optimal
2021-02-10 13:30:00,64,6,1.013911521330463,0.0774074074074074,0.0,1.2624666666666666,optimal
2021-02-10 14:00:00,64,6,1.1428571428571428,0.0774074074074074,0.0,0.7434,optimal
2021-02-10 14:30:00,64,6,1.1428571428571428,0.0,0.0,0.08616666666666667,optimal
2021-02-10 15:00:00,64,6,1.1428571428571428,0.23222222222222222,0.0,0.0875,optimal
2021-02-10 15:30:00,64,6,1.1428571428571428,0.0,0.0,0.20963333333333334,optimal
2021-02-10 16:00:00,64,6,0.0,0.23222222222222222,0.0,0.064,optimal
2021-02-10 16:30:00,64,6,0.0,0.0774074074074074,0.0,0.06966666666666667,optimal
2021-02-10 17:00:00,64,6,0.0,0.3096296296296296,0.0,0.2501333333333333,optimal
2021-02-10 17:30:00,64,6,0.0,0.0,0.0,0.2133333333333333,optimal
2021-02-10 18:00:00,64,6,0.0,0.0,0.0,0.2023,optimal
2021-02-10 18:30:00,64,6,0.0,0.0,0.0,0.2525,optimal
2021-02-10 19:00:00,64,6,0.0,0.0,0.0,0.2875,optimal
2021-02-10 19:30:00,64,6,0.0,6.27,0.0,0.3045,optimal
2021-02-10 20:00:00,64,6,0.0,0.0774074074074074,0.0,0.38856666666666667,optimal
2021-02-10 20:30:00,64,6,0.0,0.0,0.0,0.26776666666666665,optimal
2021-02-10 21:00:00,64,6,0.0,0.1548148148148148,0.0,0.2458333333333333,optimal
2021-02-10 21:30:00,64,6,0.0,4.954074074074073,0.0,0.447,optimal
2021-02-10 22:00:00,64,6,0.0,0.0,0.0,0.32746666666666663,optimal
2021-02-10 22:30:00,64,6,0.0,0.0,0.0,0.3874333333333333,optimal
2021-02-10 23:00:00,64,6,0.0,0.0,0.0,0.34863333333333335,optimal
2021-02-10 23:30:00,64,6,0.0,0.0,0.0,0.401,optimal
2021-02-11 00:00:00,64,6,0.33818229083009105,0.0,0.0,0.054,optimal
2021-02-11 00:30:00,64,6,1.1428571428571428,0.0,0.0,0.08666666666666667,optimal
2021-02-11 01:00:00,64,6,1.1428571428571428,0.0,0.0,0.16673333333333332,optimal
2021-02-11 01:30:00,64,6,1.1428571428571428,0.0,0.0,0.06233333333333334,optimal
2021-02-11 02:00:00,64,6,1.1428571428571428,0.0,0.0,0.1977333333333333,optimal
2021-02-11 02:30:00,64,6,1.1428571428571428,0.0,0.0,0.054,optimal
2021-02-11 03:00:00,64,6,1.1428571428571428,0.0,0.0,0.1128,optimal
2021-02-11 03:30:00,64,6,1.1428571428571428,0.0,0.0,0.13893333333333333,optimal
2021-02-11 04:00:00,64,6,1.1428571428571428,0.0,0.0,0.054,optimal
2021-02-11 04:30:00,64,6,1.1428571428571428,0.0,0.0,0.054,optimal
2021-02-11 05:00:00,64,6,1.1428571428571428,0.0,0.0,0.19119999999999998,optimal
2021-02-11 05:30:00,64,6,1.1428571428571428,0.0,0.0,0.060533333333333335,optimal
2021-02-11 06:00:00,64,6,1.1428571428571428,0.0,3.066536151504268,0.055666666666666656,optimal
2021-02-11 06:30:00,64,6,1.1428571428571428,0.0,5.0,0.2077333333333333,optimal
2021-02-11 07:00:00,64,6,1.1428571428571428,0.0,5.0,0.064,optimal
2021-02-11 07:30:00,64,6,1.1428571428571428,0.0,0.0,0.064,optimal
2021-02-11 08:00:00,64,6,0.7992864697635051,0.1548148148148148,0.0,0.185,optimal
2021-02-11 08:30:00,64,6,0.782632629030245,0.1548148148148148,0.0,0.14266666666666666,optimal
2021-02-11 09:00:00,64,6,0.6288192599160629,0.0774074074074074,0.0,0.16586666666666666,optimal
2021-02-11 09:30:00,64,6,0.35892579369622324,3.7155555555555555,0.0,3.0808,optimal
2021-02-11 10:00:00,64,6,0.136079299359868,0.1548148148148148,0.0,3.2976666666666663,optimal
2021-02-11 10:30:00,64,6,0.2462353649982578,0.1548148148148148,0.0,1.9179000000000002,optimal
2021-02-11 11:00:00,64,6,0.15801100536873808,0.46444444444444444,0.0,0.515,optimal
2021-02-11 11:30:00,64,6,0.1332516376064751,0.5418518518518518,0.0,0.15669999999999998,optimal
2021-02-11 12:00:00,64,6,0.0,0.0,0.0,0.40853333333333336,optimal
2021-02-11 12:30:00,64,6,0.0,0.0,0.0,0.166,optimal
2021-02-11 13:00:00,64,6,1.1428571428571428,0.23222222222222222,0.0,1.4155,optimal
2021-02-11 13:30:00,64,6,1.1428571428571428,0.0,0.0,0.26280000000000003,optimal
2021-02-11 14:00:00,64,6,1.1428571428571428,0.23222222222222222,0.0,0.09566666666666669,optimal
2021-02-11 14:30:00,64,6,1.1428571428571428,0.0,0.0,0.18780000000000002,optimal
2021-02-11 15:00:00,64,6,1.1428571428571428,0.1548148148148148,0.0,0.166,optimal
2021-02-11 15:30:00,64,6,1.1428571428571428,0.387037037037037,0.0,0.29943333333333333,optimal
2021-02-11 16:00:00,64,6,0.0,0.387037037037037,0.0,0.063,optimal
2021-02-11 16:30:00,64,6,0.0,0.3096296296296296,0.0,0.4,optimal
2021-02-11 17:00:00,64,6,0.0,0.0,0.0,0.06953333333333334,optimal
2021-02-11 17:30:00,64,6,0.0,0.0,0.0,1.6220333333333332,optimal
2021-02-11 18:00:00,64,6,0.0,0.0774074074074074,0.0,2.770266666666667,optimal
2021-02-11 18:30:00,64,6,0.0,0.0,0.0,0.09566666666666669,optimal
2021-02-11 19:00:00,64,6,0.0,0.46444444444444444,0.0,0.34426666666666667,optimal
2021-02-11 19:30:00,64,6,0.0,0.0,0.0,0.19933333333333328,optimal
2021-02-11 20:00:00,64,6,0.037314481328774504,0.0,0.0,0.3796666666666667,optimal
2021-02-11 20:30:00,64,6,0.0,0.1548148148148148,0.0,0.2737333333333333,optimal
2021-02-11 21:00:00,64,6,0.0,0.1548148148148148,0.0,0.0639,optimal
2021-02-11 21:30:00,64,6,0.0,0.0,0.0,0.114,optimal
2021-02-11 22:00:00,64,6,0.0,0.23222222222222222,0.0,0.2366,optimal
2021-02-11 22:30:00,64,6,0.0,0.0,0.0,0.09343333333333334,optimal
2021-02-11 23:00:00,64,6,0.0,0.0,0.0,0.2077333333333333,optimal
2021-02-11 23:30:00,64,6,0.0,0.0,0.0,0.064,optimal
2021-02-12 00:00:00,64,6,1.1428571428571428,0.0,0.0,0.054,optimal
2021-02-12 00:30:00,64,6,1.1428571428571428,0.0,0.0,0.054,optimal
2021-02-12 01:00:00,64,6,1.1428571428571428,0.0,0.0,0.0576,optimal
2021-02-12 01:30:00,64,6,1.1428571428571428,0.0,0.0,0.111,optimal
2021-02-12 02:00:00,64,6,1.1428571428571428,0.0,0.0,0.14333333333333334,optimal
2021-02-12 02:30:00,64,6,1.1428571428571428,0.0,0.0,0.057,optimal
2021-02-12 03:00:00,64,6,1.1428571428571428,0.0,0.0,0.19333333333333327,optimal
2021-02-12 03:30:00,64,6,1.1428571428571428,0.0,0.0,0.054,optimal
2021-02-12 04:00:00,64,6,1.1428571428571428,0.0,0.0,0.054,optimal
2021-02-12 04:30:00,64,6,1.1428571428571428,0.0,0.0,0.19333333333333327,optimal
2021-02-12 05:00:00,64,6,1.1428571428571428,0.0,0.0,0.054,optimal
2021-02-12 05:30:00,64,6,1.1428571428571428,0.0,0.0,0.054,optimal
2021-02-12 06:00:00,64,6,1.1428571428571428,0.0,3.9392351499613576,0.19333333333333327,optimal
2021-02-12 06:30:00,64,6,1.1428571428571428,0.0,5.0,0.061,optimal
2021-02-12 07:00:00,64,6,1.1428571428571428,0.0,5.0,0.102,optimal
2021-02-12 07:30:00,64,6,1.1428571428571428,7.322486286663221,0.0,0.2976666666666667,optimal
2021-02-12 08:00:00,64,6,0.8629414581831378,0.0,0.0,0.16633333333333333,optimal
2021-02-12 08:30:00,64,6,0.7458791943483158,5.960370370370371,0.0,0.49006666666666665,optimal
2021-02-12 09:00:00,64,6,0.6871122703742202,0.0,0.0,0.156,optimal
2021-02-12 09:30:00,64,6,0.640806696366805,0.23222222222222222,0.0,0.156,optimal
2021-02-12 10:00:00,64,6,0.266181214902445,0.23222222222222222,0.0,0.4939333333333333,optimal
2021-02-12 10:30:00,64,6,0.38357240923876557,5.186296296296297,0.0,0.10086666666666666,optimal
2021-02-12 11:00:00,64,6,0.10615755648485772,0.0,0.0,0.33913333333333334,optimal
2021-02-12 11:30:00,64,6,0.18100407482451542,0.1548148148148148,0.0,0.14566666666666667,optimal
2021-02-12 12:00:00,64,6,0.12160382481166643,0.0,0.0,0.09620000000000001,optimal
2021-02-12 12:30:00,64,6,0.04717415267512734,0.23222222222222222,0.0,0.2752,optimal
2021-02-12 13:00:00,64,6,0.4752914710979827,0.0,0.0,0.383,optimal
2021-02-12 13:30:00,64,6,1.1428571428571428,0.0774074074074074,0.0,0.42926666666666663,optimal
2021-02-12 14:00:00,64,6,1.1428571428571428,0.0,0.0,0.09566666666666669,optimal
2021-02-12 14:30:00,64,6,1.1428571428571428,0.0,0.0,0.083,optimal
2021-02-12 15:00:00,64,6,1.1428571428571428,0.0,0.0,0.1843333333333333,optimal
2021-02-12 15:30:00,64,6,1.1428571428571428,0.0,0.0,0.064,optimal
2021-02-12 16:00:00,64,6,0.0,0.0,0.0,0.20333333333333328,optimal
2021-02-12 16:30:00,64,6,0.0,0.0,0.0,0.072,optimal
2021-02-12 17:00:00,64,6,0.0,0.9288888888888889,0.0,0.06433333333333333,optimal
2021-02-12 17:30:00,64,6,0.0,0.46444444444444444,0.0,0.9342,optimal
2021-02-12 18:00:00,64,6,0.0,0.0,0.0,1.1664666666666668,optimal
2021-02-12 18:30:00,64,6,0.0,0.23222222222222222,0.0,0.23813333333333334,optimal
2021-02-12 19:00:00,64,6,0.0,2.0899999999999994,0.0,1.2319333333333333,optimal
2021-02-12 19:30:00,64,6,0.0,0.0,0.0,1.121,optimal
2021-02-12 20:00:00,64,6,0.0,0.0,0.0,0.4016,optimal
2021-02-12 20:30:00,64,6,0.0,0.0,0.0,0.4050666666666667,optimal
2021-02-12 21:00:00,64,6,0.0,0.0,0.0,0.08226666666666667,optimal
2021-02-12 21:30:00,64,6,0.0,0.0,0.0,0.15633333333333335,optimal
2021-02-12 22:00:00,64,6,0.0,0.1548148148148148,0.0,0.26106666666666667,optimal
2021-02-12 22:30:00,64,6,0.0,0.0,0.0,0.3846,optimal
2021-02-12 23:00:00,64,6,0.0,0.0,0.0,0.272,optimal
2021-02-12 23:30:00,64,6,0.0,0.0,0.0,0.07666666666666667,optimal
2021-02-13 00:00:00,64,6,0.0,2.9445777777777775,0.0,0.048,optimal
2021-02-13 00:30:00,64,6,0.0,3.1706074074074078,0.0,0.06093333333333333,optimal
2021-02-13 01:00:00,64,6,0.2583399056726721,0.0,0.0,1.2150999999999998,optimal
2021-02-13 01:30:00,64,6,1.1428571428571428,0.0,0.0,0.07233333333333333,optimal
2021-02-13 02:00:00,64,6,1.1428571428571428,0.0,0.0,0.1576,optimal
2021-02-13 02:30:00,64,6,1.1428571428571428,0.0,0.0,0.09659999999999999,optimal
2021-02-13 03:00:00,64,6,1.1428571428571428,0.0,0.0,0.06,optimal
2021-02-13 03:30:00,64,6,1.1428571428571428,0.0,0.0,0.19419999999999998,optimal
2021-02-13 04:00:00,64,6,1.1428571428571428,0.0,0.0,0.06,optimal
2021-02-13 04:30:00,64,6,1.1428571428571428,0.0,2.649584486181371,0.06,optimal
2021-02-13 05:00:00,64,6,1.1428571428571428,0.0,5.0,0.19419999999999998,optimal
2021-02-13 05:30:00,64,6,1.1428571428571428,0.0,5.0,0.06,optimal
2021-02-13 06:00:00,64,6,1.1428571428571428,2.8640740740740736,5.0,0.08933333333333333,optimal
2021-02-13 06:30:00,64,6,1.1428571428571428,1.548148148148148,5.0,1.0484,optimal
2021-02-13 07:00:00,64,6,1.1428571428571428,0.3096296296296296,0.0,1.318,optimal
2021-02-13 07:30:00,64,6,1.1428571428571428,0.2740222222222222,0.0,0.4776666666666667,optimal
2021-02-13 08:00:00,64,6,0.8538864227851102,0.0,0.0,0.19419999999999998,optimal
2021-02-13 08:30:00,64,6,0.8900853220771404,0.0,0.0,0.06,optimal
2021-02-13 09:00:00,64,6,0.7833820854886127,0.0,0.0,0.06,optimal
2021-02-13 09:30:00,64,6,0.7343194390916624,0.0,0.0,0.19419999999999998,optimal
2021-02-13 10:00:00,64,6,0.5838044765384083,0.0,0.0,0.06,optimal
2021-02-13 10:30:00,64,6,0.5468033758304454,0.0,0.0,0.182,optimal
2021-02-13 11:00:00,64,6,0.36691228907562207,0.0,0.0,0.0722,optimal
2021-02-13 11:30:00,64,6,0.3313207121771862,0.035607407407407414,0.0,0.4298666666666667,optimal
2021-02-13 12:00:00,64,6,0.09355649546072076,0.0,0.0,2.3011,optimal
2021-02-13 12:30:00,64,6,0.14634000833051689,0.0,0.0,0.9482,optimal
2021-02-13 13:00:00,64,6,0.142964529075229,0.0,0.0,0.22893333333333332,optimal
2021-02-13 13:30:00,64,6,1.132103083500735,0.1548148148148148,0.0,0.0983,optimal
2021-02-13 14:00:00,64,6,1.1428571428571428,0.0,0.0,0.4715,optimal
2021-02-13 14:30:00,64,6,1.1428571428571428,0.0,0.0,0.8041,optimal
2021-02-13 15:00:00,64,6,1.1428571428571428,0.0,0.0,1.4473,optimal
2021-02-13 15:30:00,64,6,1.1428571428571428,0.23222222222222222,0.0,1.2764666666666666,optimal
2021-02-13 16:00:00,64,6,0.0,0.1548148148148148,0.0,0.7677333333333334,optimal
2021-02-13 16:30:00,64,6,0.0,0.1548148148148148,0.0,1.614766666666667,optimal
2021-02-13 17:00:00,64,6,0.0,0.3096296296296296,0.0,0.1835,optimal
2021-02-13 17:30:00,64,6,0.0,0.1548148148148148,0.0,0.3024,optimal
2021-02-13 18:00:00,64,6,0.0,0.23222222222222222,0.0,0.4342,optimal
2021-02-13 18:30:00,64,6,0.0,0.0,0.0,0.669,optimal
2021-02-13 19:00:00,64,6,0.0,0.5418518518518518,0.0,1.5158666666666665,optimal
2021-02-13 19:30:00,64,6,0.0,0.0,0.0,1.1733333333333333,optimal
2021-02-13 20:00:00,64,6,0.0,0.46444444444444444,0.0,0.2550666666666666,optimal
2021-02-13 20:30:00,64,6,0.0,0.3096296296296296,0.0,0.6806666666666666,optimal
2021-02-13 21:00:00,64,6,0.0,0.5418518518518518,0.0,0.214,optimal
2021-02-13 21:30:00,64,6,0.0,0.0,0.0,0.3342,optimal
2021-02-13 22:00:00,64,6,0.0,0.0774074074074074,0.0,0.222,optimal
2021-02-13 22:30:00,64,6,0.0,0.0,0.0,0.3257,optimal
2021-02-13 23:00:00,64,6,0.0,0.0774074074074074,0.0,0.2525,optimal
2021-02-13 23:30:00,64,6,0.0,0.0,0.0,0.22,optimal
2021-02-07 00:00:00,65,6,0.0,0.1548148148148148,0.1010526315789512,0.13993333333333333,optimal
2021-02-07 00:30:00,65,6,0.0,5.495925925925925,0.0,0.3071666666666667,optimal
2021-02-07 01:00:00,65,6,0.0,0.0,0.0,0.49976666666666664,optimal
2021-02-07 01:30:00,65,6,0.0,0.0,0.0,0.8415,optimal
2021-02-07 02:00:00,65,6,0.0,0.0774074074074074,0.0,1.4466666666666668,optimal
2021-02-07 02:30:00,65,6,0.0,0.0,0.0,0.4186666666666667,optimal
2021-02-07 03:00:00,65,6,0.0,2.3222222222222215,0.0,0.6368333333333334,optimal
2021-02-07 03:30:00,65,6,0.0,0.0,0.0,1.3282333333333332,optimal
2021-02-07 04:00:00,65,6,1.1428571428571428,0.0,0.0,0.072,optimal
2021-02-07 04:30:00,65,6,1.1428571428571428,0.0,0.0,0.072,optimal
2021-02-07 05:00:00,65,6,1.1428571428571428,0.0,0.0,0.072,optimal
2021-02-07 05:30:00,65,6,1.1428571428571428,0.0,0.0,0.8824333333333333,optimal
2021-02-07 06:00:00,65,6,1.1428571428571428,0.774074074074074,0.0,0.315,optimal
2021-02-07 06:30:00,65,6,1.1428571428571428,2.150377777777778,0.0,0.8590333333333333,optimal
2021-02-07 07:00:00,65,6,1.1428571428571428,3.035918518518519,0.0,1.0628333333333333,optimal
2021-02-07 07:30:00,65,6,0.0,0.3096296296296296,0.0,0.07366666666666667,optimal
2021-02-07 08:00:00,65,6,0.0,0.0,0.0,0.072,optimal
2021-02-07 08:30:00,65,6,0.0,0.0,0.0,0.072,optimal
2021-02-07 09:00:00,65,6,0.0,0.0,0.0,0.072,optimal
2021-02-07 09:30:00,65,6,0.552440851875939,0.0774074074074074,0.0,0.079,optimal
2021-02-07 10:00:00,65,6,0.6411729662694018,0.0,0.0,0.072,optimal
2021-02-07 10:30:00,65,6,0.6454608819710419,0.0,0.0,0.072,optimal
2021-02-07 11:00:00,65,6,0.5509983677537227,0.0,0.0,0.072,optimal
2021-02-07 11:30:00,65,6,0.5509983677537227,0.0,0.0,0.072,optimal
2021-02-07 12:00:00,65,6,0.351129417249123,0.0,0.0,0.8233666666666667,optimal
2021-02-07 12:30:00,65,6,0.18143989343959172,0.46444444444444444,0.0,3.3461999999999996,optimal
2021-02-07 13:00:00,65,6,1.053216051770812,0.0,0.0,2.858833333333333,optimal
2021-02-07 13:30:00,65,6,1.1428571428571428,0.0,0.0,0.31876666666666664,optimal
2021-02-07 14:00:00,65,6,1.1428571428571428,0.1548148148148148,0.0,0.2272333333333333,optimal
2021-02-07 14:30:00,65,6,1.1428571428571428,0.0,0.0,0.14096666666666666,optimal
2021-02-07 15:00:00,65,6,1.1428571428571428,0.0,0.0,0.0916,optimal
2021-02-07 15:30:00,65,6,1.1428571428571428,0.3096296296296296,0.0,0.0886,optimal
2021-02-07 16:00:00,65,6,0.0,0.0,0.0,0.9781666666666666,optimal
2021-02-07 16:30:00,65,6,0.0,1.470740740740741,0.0,0.4914666666666666,optimal
2021-02-07 17:00:00,65,6,0.0,0.0,0.0,1.4128333333333332,optimal
2021-02-07 17:30:00,65,6,0.0,0.0,0.0,0.13476666666666667,optimal
2021-02-07 18:00:00,65,6,0.0,0.1548148148148148,0.0,0.2579666666666666,optimal
2021-02-07 18:30:00,65,6,0.0,0.23222222222222222,0.0,0.10386666666666666,optimal
2021-02-07 19:00:00,65,6,0.0,0.5418518518518518,0.0,1.1408333333333334,optimal
2021-02-07 19:30:00,65,6,0.0,0.0,0.0,0.408,optimal
2021-02-07 20:00:00,65,6,0.0,0.0,0.0,0.31843333333333335,optimal
2021-02-07 20:30:00,65,6,0.0,0.0,0.0,0.072,optimal
2021-02-07 21:00:00,65,6,0.0,0.0,0.0,0.072,optimal
2021-02-07 21:30:00,65,6,0.0,0.1548148148148148,0.0,0.2493333333333333,optimal
2021-02-07 22:00:00,65,6,0.0,0.0774074074074074,0.0,0.2166,optimal
2021-02-07 22:30:00,65,6,0.0,2.86717037037037,0.0,0.225,optimal
2021-02-07 23:00:00,65,6,0.0,2.860977777777778,0.0,0.5077,optimal
2021-02-07 23:30:00,65,6,0.0,0.0,0.0,0.33693333333333336,optimal
2021-02-08 00:00:00,65,6,0.0,0.0,0.0,0.058,optimal
2021-02-08 00:30:00,65,6,0.0,0.0,0.0,0.17303333333333334,optimal
2021-02-08 01:00:00,65,6,0.0,0.0,0.0,0.09183333333333331,optimal
2021-02-08 01:30:00,65,6,0.5961013165947746,0.0,0.0,0.09183333333333331,optimal
2021-02-08 02:00:00,65,6,1.1428571428571428,0.0,0.0,0.17303333333333334,optimal
2021-02-08 02:30:00,65,6,1.1428571428571428,0.0,0.0,0.058,optimal
2021-02-08 03:00:00,65,6,1.1428571428571428,0.0,0.0,0.08506666666666667,optimal
2021-02-08 03:30:00,65,6,1.1428571428571428,0.0,0.0,0.17980000000000002,optimal
2021-02-08 04:00:00,65,6,1.1428571428571428,0.0,0.0,0.058,optimal
2021-02-08 04:30:00,65,6,1.1428571428571428,0.0,0.0,0.12356666666666666,optimal
2021-02-08 05:00:00,65,6,1.1428571428571428,0.0,4.037306972691532,0.15596666666666667,optimal
2021-02-08 05:30:00,65,6,1.1428571428571428,0.0,5.0,0.06333333333333334,optimal
2021-02-08 06:00:00,65,6,1.1428571428571428,0.0,5.0,0.21153333333333332,optimal
2021-02-08 06:30:00,65,6,1.1428571428571428,0.0,5.0,0.068,optimal
2021-02-08 07:00:00,65,6,1.1428571428571428,0.23222222222222222,5.0,0.33043333333333336,optimal
2021-02-08 07:30:00,65,6,1.1428571428571428,1.006296296296296,0.0,0.25630000000000003,optimal
2021-02-08 08:00:00,65,6,0.6743911508220419,0.46444444444444444,0.0,0.066,optimal
2021-02-08 08:30:00,65,6,0.6950504950951053,0.0,0.0,0.16816666666666666,optimal
2021-02-08 09:00:00,65,6,0.6922766447697563,0.0,0.0,0.11003333333333332,optimal
2021-02-08 09:30:00,65,6,0.7131876283601698,0.0,0.0,0.06266666666666666,optimal
2021-02-08 10:00:00,65,6,0.5499227359136514,0.0,0.0,0.08153333333333333,optimal
2021-02-08 10:30:00,65,6,0.521554609466102,0.0,0.0,0.20333333333333328,optimal
2021-02-08 11:00:00,65,6,0.3865788363036042,0.0,0.0,0.06333333333333334,optimal
2021-02-08 11:30:00,65,6,0.34362425393529605,0.0,0.0,0.19333333333333327,optimal
2021-02-08 12:00:00,65,6,0.29188889489039993,0.0,0.0,0.11320000000000001,optimal
2021-02-08 12:30:00,65,6,0.14695115872522316,0.6192592592592592,0.0,0.23713333333333333,optimal
2021-02-08 13:00:00,65,6,0.12880482338448937,0.0,0.0,0.2777333333333333,optimal
2021-02-08 13:30:00,65,6,0.6757863084487915,0.23222222222222222,0.0,0.183,optimal
2021-02-08 14:00:00,65,6,1.1428571428571428,0.0,0.0,0.8410333333333333,optimal
2021-02-08 14:30:00,65,6,1.1428571428571428,1.3933333333333333,0.0,0.5516,optimal
2021-02-08 15:00:00,65,6,1.1428571428571428,0.23222222222222222,0.0,0.193,optimal
2021-02-08 15:30:00,65,6,1.1428571428571428,5.495925925925925,0.0,0.3275,optimal
2021-02-08 16:00:00,65,6,0.0,0.0774074074074074,0.0,0.4006,optimal
2021-02-08 16:30:00,65,6,0.0,0.3096296296296296,0.0,0.21496666666666667,optimal
2021-02-08 17:00:00,65,6,0.0,0.5418518518518518,0.0,0.3504333333333333,optimal
2021-02-08 17:30:00,65,6,0.0,0.6192592592592592,0.0,0.39016666666666666,optimal
2021-02-08 18:00:00,65,6,0.0,0.6192592592592592,0.0,0.4795,optimal
2021-02-08 18:30:00,65,6,0.0,0.0774074074074074,0.0,0.21819999999999998,optimal
2021-02-08 19:00:00,65,6,0.0,1.548148148148148,0.0,0.5557333333333333,optimal
2021-02-08 19:30:00,65,6,0.0,0.0,0.0,0.3403,optimal
2021-02-08 20:00:00,65,6,0.0,0.0,0.0,0.3731666666666667,optimal
2021-02-08 20:30:00,65,6,0.0,0.23222222222222222,0.0,0.28426666666666667,optimal
2021-02-08 21:00:00,65,6,0.0,0.1548148148148148,0.0,0.2463333333333333,optimal
2021-02-08 21:30:00,65,6,0.0,0.0,0.0,0.3555,optimal
2021-02-08 22:00:00,65,6,0.0,0.0774074074074074,0.0,0.5064,optimal
2021-02-08 22:30:00,65,6,0.0,0.46444444444444444,0.0,0.45453333333333334,optimal
2021-02-08 23:00:00,65,6,0.0,2.052844444444444,0.0,0.3481666666666667,optimal
2021-02-08 23:30:00,65,6,0.0,0.6564148148148148,0.0,0.2798333333333333,optimal
2021-02-09 00:00:00,65,6,0.0,0.3096296296296296,0.0,0.5375,optimal
2021-02-09 00:30:00,65,6,0.0,0.0,0.0,0.5761000000000001,optimal
2021-02-09 01:00:00,65,6,0.0,0.0,0.0,0.8831,optimal
2021-02-09 01:30:00,65,6,0.5604053313881535,0.0,0.0,0.6981333333333333,optimal
2021-02-09 02:00:00,65,6,1.1428571428571428,0.0,0.0,0.05,optimal
2021-02-09 02:30:00,65,6,1.1428571428571428,0.0,0.0,0.05,optimal
2021-02-09 03:00:00,65,6,1.1428571428571428,0.0,0.0,0.05,optimal
2021-02-09 03:30:00,65,6,1.1428571428571428,0.0,0.0,0.05,optimal
2021-02-09 04:00:00,65,6,1.1428571428571428,0.0,0.0,0.05,optimal
2021-02-09 04:30:00,65,6,1.1428571428571428,0.0,1.1043639377089827,0.05,optimal
2021-02-09 05:00:00,65,6,1.1428571428571428,0.0,5.0,0.05,optimal
2021-02-09 05:30:00,65,6,1.1428571428571428,0.0,5.0,0.05,optimal
2021-02-09 06:00:00,65,6,1.1428571428571428,0.0,5.0,0.05,optimal
2021-02-09 06:30:00,65,6,1.1428571428571428,0.0,5.0,0.05,optimal
2021-02-09 07:00:00,65,6,1.1428571428571428,0.0,5.0,0.05,optimal
2021-02-09 07:30:00,65,6,1.1428571428571428,0.0,0.0,0.05,optimal
2021-02-09 08:00:00,65,6,0.7773062016605774,0.0,0.0,0.05,optimal
2021-02-09 08:30:00,65,6,0.7708743281081172,0.0,0.0,0.05,optimal
2021-02-09 09:00:00,65,6,0.6637557416971229,0.0,0.0,0.05,optimal
2021-02-09 09:30:00,65,6,0.5724110422112698,0.0,0.0,0.6815,optimal
2021-02-09 10:00:00,65,6,0.36119430395928714,0.0,0.0,1.161,optimal
2021-02-09 10:30:00,65,6,0.34955546708614715,0.1548148148148148,0.0,0.6715,optimal
2021-02-09 11:00:00,65,6,0.14948133670345853,0.0774074074074074,0.0,1.1158,optimal
2021-02-09 11:30:00,65,6,0.15086118837645027,0.0,0.0,0.0685,optimal
2021-02-09 12:00:00,65,6,0.005441391458131881,4.567037037037037,0.0,1.102,optimal
2021-02-09 12:30:00,65,6,0.0,0.9288888888888889,0.0,0.7684,optimal
2021-02-09 13:00:00,65,6,0.0,0.3096296296296296,0.0,0.9260333333333332,optimal
2021-02-09 13:30:00,65,6,0.06915515953873094,1.0837037037037036,0.0,1.3203333333333334,optimal
2021-02-09 14:00:00,65,6,1.1428571428571428,0.46444444444444444,0.0,1.201,optimal
2021-02-09 14:30:00,65,6,1.1428571428571428,0.3096296296296296,0.0,0.8939666666666667,optimal
2021-02-09 15:00:00,65,6,1.1428571428571428,0.0774074074074074,0.0,0.7677999999999999,optimal
2021-02-09 15:30:00,65,6,1.1428571428571428,0.0,0.0,0.9435,optimal
2021-02-09 16:00:00,65,6,0.0,2.012592592592592,0.0,1.0592000000000001,optimal
2021-02-09 16:30:00,65,6,0.0,0.0,0.0,1.4255,optimal
2021-02-09 17:00:00,65,6,0.0,0.46444444444444444,0.0,0.8972333333333333,optimal
2021-02-09 17:30:00,65,6,0.0,0.0,0.0,0.8345,optimal
2021-02-09 18:00:00,65,6,0.0,0.23222222222222222,0.0,0.13586666666666666,optimal
2021-02-09 18:30:00,65,6,0.0,0.387037037037037,0.0,0.7308333333333333,optimal
2021-02-09 19:00:00,65,6,0.0,0.0,0.0,0.3122333333333333,optimal
2021-02-09 19:30:00,65,6,0.0,0.0,0.0,0.4219,optimal
2021-02-09 20:00:00,65,6,0.0,2.2448148148148146,0.0,1.014,optimal
2021-02-09 20:30:00,65,6,0.0,0.23222222222222222,0.0,0.40423333333333333,optimal
2021-02-09 21:00:00,65,6,0.0,0.1548148148148148,0.0,1.3196333333333334,optimal
2021-02-09 21:30:00,65,6,0.0,0.0,0.0,1.0982,optimal
2021-02-09 22:00:00,65,6,0.0,0.0,0.0,1.2885333333333333,optimal
2021-02-09 22:30:00,65,6,0.0,0.8932814814814815,0.0,0.832,optimal
2021-02-09 23:00:00,65,6,0.0,0.035607407407407414,0.0,0.9169666666666668,optimal
2021-02-09 23:30:00,65,6,0.0,0.0,0.0,0.6784333333333333,optimal
2021-02-10 00:00:00,65,6,0.0,0.23222222222222222,0.0,0.1114,optimal
2021-02-10 00:30:00,65,6,0.0,0.0,0.0,0.3407333333333333,optimal
2021-02-10 01:00:00,65,6,0.0,0.0,0.0,0.3968666666666667,optimal
2021-02-10 01:30:00,65,6,0.0,0.0,0.0,0.3614666666666666,optimal
2021-02-10 02:00:00,65,6,0.8585751376184784,0.0,0.0,0.5522,optimal
2021-02-10 02:30:00,65,6,1.1428571428571428,0.0,0.0,0.7168,optimal
2021-02-10 03:00:00,65,6,1.1428571428571428,0.3096296296296296,0.0,0.36033333333333334,optimal
2021-02-10 03:30:00,65,6,1.1428571428571428,0.23222222222222222,0.0,0.3413333333333333,optimal
2021-02-10 04:00:00,65,6,1.1428571428571428,0.0,0.0,0.2553,optimal
2021-02-10 04:30:00,65,6,1.1428571428571428,0.0774074074074074,0.0,0.24956666666666663,optimal
2021-02-10 05:00:00,65,6,1.1428571428571428,0.0,3.5849805657835083,0.17909999999999998,optimal
2021-02-10 05:30:00,65,6,1.1428571428571428,0.1548148148148148,5.0,0.08956666666666667,optimal
2021-02-10 06:00:00,65,6,1.1428571428571428,0.6192592592592592,5.0,0.18480000000000002,optimal
2021-02-10 06:30:00,65,6,1.1428571428571428,0.3096296296296296,5.0,1.2685333333333333,optimal
2021-02-10 07:00:00,65,6,1.1428571428571428,0.3096296296296296,5.0,0.2826,optimal
2021-02-10 07:30:00,65,6,1.1428571428571428,0.0774074074074074,0.0,0.2849,optimal
2021-02-10 08:00:00,65,6,0.7485692005751533,0.387037037037037,0.0,0.18966666666666662,optimal
2021-02-10 08:30:00,65,6,0.8341457501242611,0.0,0.0,0.1378,optimal
2021-02-10 09:00:00,65,6,0.6134750320344536,0.0,0.0,0.37106666666666666,optimal
2021-02-10 09:30:00,65,6,0.6100611053930808,0.3096296296296296,0.0,0.212,optimal
2021-02-10 10:00:00,65,6,0.10481086814479272,0.0,0.0,2.2231666666666667,optimal
2021-02-10 10:30:00,65,6,0.29935994697329643,0.0,0.0,1.4979,optimal
2021-02-10 11:00:00,65,6,0.22450872996671256,0.0,0.0,0.5093,optimal
2021-02-10 11:30:00,65,6,0.2551884333126997,0.0,0.0,0.3078,optimal
2021-02-10 12:00:00,65,6,0.0,0.387037037037037,0.0,1.8321333333333327,optimal
2021-02-10 12:30:00,65,6,0.13801394376786127,0.0,0.0,0.165,optimal
2021-02-10 13:00:00,65,6,1.1428571428571428,0.0,0.0,0.19143333333333332,optimal
2021-02-10 13:30:00,65,6,1.1428571428571428,0.0,0.0,0.09723333333333332,optimal
2021-02-10 14:00:00,65,6,1.1428571428571428,0.0,0.0,0.09986666666666666,optimal
2021-02-10 14:30:00,65,6,1.1428571428571428,0.0,0.0,0.12416666666666669,optimal
2021-02-10 15:00:00,65,6,1.1428571428571428,0.0,0.0,0.23433333333333328,optimal
2021-02-10 15:30:00,65,6,1.1428571428571428,0.0,0.0,0.1399,optimal
2021-02-10 16:00:00,65,6,0.0,0.6192592592592592,0.0,0.24796666666666667,optimal
2021-02-10 16:30:00,65,6,0.0,0.1548148148148148,0.0,0.45439999999999997,optimal
2021-02-10 17:00:00,65,6,0.0,0.0,0.0,0.29906666666666665,optimal
2021-02-10 17:30:00,65,6,0.0,0.23222222222222222,0.0,0.4467,optimal
2021-02-10 18:00:00,65,6,0.0,0.0,0.0,1.2885,optimal
2021-02-10 18:30:00,65,6,0.0,0.3096296296296296,0.0,0.6665,optimal
2021-02-10 19:00:00,65,6,0.0,0.0,0.0,0.145,optimal
2021-02-10 19:30:00,65,6,0.0,0.0,0.0,0.2334,optimal
2021-02-10 20:00:00,65,6,0.6967196092280428,0.0,0.0,0.2391,optimal
2021-02-10 20:30:00,65,6,0.0,0.0,0.0,2.3835,optimal
2021-02-10 21:00:00,65,6,0.0,0.1548148148148148,0.0,0.6929666666666667,optimal
2021-02-10 21:30:00,65,6,0.0,0.0,0.0,0.265,optimal
2021-02-10 22:00:00,65,6,0.0,0.1548148148148148,0.0,0.25366666666666665,optimal
2021-02-10 22:30:00,65,6,0.0,0.1548148148148148,0.0,0.20706666666666662,optimal
2021-02-10 23:00:00,65,6,0.0,0.0,0.0,0.17646666666666666,optimal
2021-02-10 23:30:00,65,6,0.0,0.0,0.0,0.071,optimal
2021-02-11 00:00:00,65,6,1.1428571428571428,0.0,0.0,0.067,optimal
2021-02-11 00:30:00,65,6,1.1428571428571428,0.0,0.0,0.067,optimal
2021-02-11 01:00:00,65,6,1.1428571428571428,0.0,0.0,0.13133333333333333,optimal
2021-02-11 01:30:00,65,6,1.1428571428571428,0.0,0.0,0.09273333333333332,optimal
2021-02-11 02:00:00,65,6,1.1428571428571428,0.0,0.0,0.067,optimal
2021-02-11 02:30:00,65,6,1.1428571428571428,0.0,0.0,0.15706666666666666,optimal
2021-02-11 03:00:00,65,6,1.1428571428571428,0.0,0.0,0.07,optimal
2021-02-11 03:30:00,65,6,1.1428571428571428,0.0,0.0,0.077,optimal
2021-02-11 04:00:00,65,6,1.1428571428571428,0.0,0.0,0.16706666666666667,optimal
2021-02-11 04:30:00,65,6,1.1428571428571428,0.0,0.06164726075049406,0.077,optimal
2021-02-11 05:00:00,65,6,1.1428571428571428,0.0,5.0,0.16706666666666667,optimal
2021-02-11 05:30:00,65,6,1.1428571428571428,0.0,5.0,0.077,optimal
2021-02-11 06:00:00,65,6,1.1428571428571428,0.0,5.0,0.077,optimal
2021-02-11 06:30:00,65,6,1.1428571428571428,0.0,5.0,0.16706666666666667,optimal
2021-02-11 07:00:00,65,6,1.1428571428571428,0.0,5.0,0.07633333333333332,optimal
2021-02-11 07:30:00,65,6,1.1428571428571428,1.1817915874326983,0.0,0.1506333333333333,optimal
2021-02-11 08:00:00,65,6,0.8085150411920787,0.46444444444444444,0.0,0.12390000000000001,optimal
2021-02-11 08:30:00,65,6,0.7815278671254837,4.687792592592594,0.0,0.10786666666666667,optimal
2021-02-11 09:00:00,65,6,0.7125716408684506,2.665911111111112,0.0,0.16566666666666666,optimal
2021-02-11 09:30:00,65,6,0.7434305556009837,0.0,0.0,0.12203333333333331,optimal
2021-02-11 10:00:00,65,6,0.45968882316939225,0.0,0.0,0.12203333333333331,optimal
2021-02-11 10:30:00,65,6,0.49828298404587285,0.0,0.0,0.077,optimal
2021-02-11 11:00:00,65,6,0.3298205291782569,0.0,0.0,0.16706666666666667,optimal
2021-02-11 11:30:00,65,6,0.32339449474933063,0.0,0.0,0.077,optimal
2021-02-11 12:00:00,65,6,0.16150417003470657,0.0,0.0,0.077,optimal
2021-02-11 12:30:00,65,6,0.10789938464074221,0.0,0.0,0.16706666666666667,optimal
2021-02-11 13:00:00,65,6,1.1428571428571428,0.0,0.0,0.077,optimal
2021-02-11 13:30:00,65,6,1.1428571428571428,0.0,0.0,0.16706666666666667,optimal
2021-02-11 14:00:00,65,6,1.1428571428571428,0.0,0.0,0.077,optimal
2021-02-11 14:30:00,65,6,1.1428571428571428,0.0,0.0,0.077,optimal
2021-02-11 15:00:00,65,6,1.1428571428571428,0.0,0.0,0.16706666666666667,optimal
2021-02-11 15:30:00,65,6,1.1428571428571428,0.0,0.0,0.077,optimal
2021-02-11 16:00:00,65,6,0.0,0.0,0.0,0.077,optimal
2021-02-11 16:30:00,65,6,0.0,0.0,0.0,0.16706666666666667,optimal
2021-02-11 17:00:00,65,6,0.0,0.3096296296296296,0.0,2.1746666666666665,optimal
2021-02-11 17:30:00,65,6,0.0,0.0,0.0,0.42206666666666665,optimal
2021-02-11 18:00:00,65,6,0.0,0.0774074074074074,0.0,0.659,optimal
2021-02-11 18:30:00,65,6,0.0,0.0,0.0,0.23086666666666666,optimal
2021-02-11 19:00:00,65,6,0.0,0.1548148148148148,0.0,0.2883,optimal
2021-02-11 19:30:00,65,6,0.27015397285547565,0.0,0.0,0.3167,optimal
2021-02-11 20:00:00,65,6,0.8640353970985807,0.0,0.0,0.34703333333333336,optimal
2021-02-11 20:30:00,65,6,0.0,0.0,0.0,0.6499666666666667,optimal
2021-02-11 21:00:00,65,6,0.0,0.0,0.0,0.5822999999999999,optimal
2021-02-11 21:30:00,65,6,0.0,0.0,0.0,0.6856,optimal
2021-02-11 22:00:00,65,6,0.0,0.3096296296296296,0.0,0.5585333333333333,optimal
2021-02-11 22:30:00,65,6,0.0,0.0,0.0,0.4133,optimal
2021-02-11 23:00:00,65,6,0.0,0.0,0.0,0.34236666666666665,optimal
2021-02-11 23:30:00,65,6,0.0,0.0,0.0,0.15730000000000002,optimal
2021-02-12 00:00:00,65,6,1.1428571428571428,0.0,0.0,0.055,optimal
2021-02-12 00:30:00,65,6,1.1428571428571428,0.0,0.0,0.055,optimal
2021-02-12 01:00:00,65,6,1.1428571428571428,0.0,0.0,0.055,optimal
2021-02-12 01:30:00,65,6,1.1428571428571428,0.0,0.0,0.055,optimal
2021-02-12 02:00:00,65,6,1.1428571428571428,0.0,0.0,0.055,optimal
2021-02-12 02:30:00,65,6,1.1428571428571428,0.0,0.0,0.055,optimal
2021-02-12 03:00:00,65,6,1.1428571428571428,0.0,0.0,0.055,optimal
2021-02-12 03:30:00,65,6,1.1428571428571428,0.0,0.0,0.055,optimal
2021-02-12 04:00:00,65,6,1.1428571428571428,0.0,0.0,0.055,optimal
2021-02-12 04:30:00,65,6,1.1428571428571428,0.0,0.0,0.055,optimal
2021-02-12 05:00:00,65,6,1.1428571428571428,0.0,0.0,0.055,optimal
2021-02-12 05:30:00,65,6,1.1428571428571428,0.0,0.0,0.05966666666666666,optimal
2021-02-12 06:00:00,65,6,1.1428571428571428,0.46444444444444444,0.6681529645552294,0.11453333333333332,optimal
2021-02-12 06:30:00,65,6,1.1428571428571428,0.3096296296296296,5.0,0.088,optimal
2021-02-12 07:00:00,65,6,1.1428571428571428,0.0,5.0,0.11186666666666666,optimal
2021-02-12 07:30:00,65,6,1.1428571428571428,2.7939884566008724,0.0,0.054,optimal
2021-02-12 08:00:00,65,6,0.7292557438974209,0.8514814814814814,0.0,0.06066666666666666,optimal
2021-02-12 08:30:00,65,6,0.6865458610149782,0.5418518518518518,0.0,0.064,optimal
2021-02-12 09:00:00,65,6,0.5060741751361162,0.0,0.0,0.18009999999999998,optimal
2021-02-12 09:30:00,65,6,0.40212098208109504,1.006296296296296,0.0,0.193,optimal
2021-02-12 10:00:00,65,6,0.2613812149024485,0.23222222222222222,0.0,0.193,optimal
2021-02-12 10:30:00,65,6,0.13482955209590242,0.23222222222222222,0.0,0.37889999999999996,optimal
2021-02-12 11:00:00,65,6,0.0,0.23222222222222222,0.0,0.13083333333333333,optimal
2021-02-12 11:30:00,65,6,0.07502825875483514,0.0,0.0,0.14866666666666667,optimal
2021-02-12 12:00:00,65,6,0.026537158144992964,0.0,0.0,0.2112,optimal
2021-02-12 12:30:00,65,6,0.22254558124656237,0.0,0.0,0.065,optimal
2021-02-12 13:00:00,65,6,0.35299644725816876,0.0,0.0,0.065,optimal
2021-02-12 13:30:00,65,6,1.1428571428571428,0.0,0.0,0.065,optimal
2021-02-12 14:00:00,65,6,1.1428571428571428,0.0,0.0,0.065,optimal
2021-02-12 14:30:00,65,6,1.1428571428571428,0.0,0.0,0.11133333333333331,optimal
2021-02-12 15:00:00,65,6,1.1428571428571428,0.0,0.0,0.2112333333333333,optimal
2021-02-12 15:30:00,65,6,1.1428571428571428,0.0,0.0,0.3923333333333333,optimal
2021-02-12 16:00:00,65,6,0.0,0.387037037037037,0.0,0.2604666666666666,optimal
2021-02-12 16:30:00,65,6,0.0,0.1548148148148148,0.0,1.234733333333333,optimal
2021-02-12 17:00:00,65,6,0.0,0.9288888888888889,0.0,1.5651,optimal
2021-02-12 17:30:00,65,6,0.0,0.0,0.0,0.3048666666666667,optimal
2021-02-12 18:00:00,65,6,0.0,0.1548148148148148,0.0,0.4918333333333333,optimal
2021-02-12 18:30:00,65,6,0.0,0.0,0.0,0.669,optimal
2021-02-12 19:00:00,65,6,0.0,0.23222222222222222,0.0,0.2819333333333333,optimal
2021-02-12 19:30:00,65,6,0.0,0.0,0.0,0.08059999999999999,optimal
2021-02-12 20:00:00,65,6,0.0,0.0,0.0,0.065,optimal
2021-02-12 20:30:00,65,6,0.0,0.0,0.0,0.065,optimal
2021-02-12 21:00:00,65,6,0.0,0.0,0.0,0.065,optimal
2021-02-12 21:30:00,65,6,0.0,0.0,0.0,0.065,optimal
2021-02-12 22:00:00,65,6,0.0,0.0,0.0,0.065,optimal
2021-02-12 22:30:00,65,6,0.0,0.0,0.0,0.093,optimal
2021-02-12 23:00:00,65,6,0.0,0.0,0.0,0.24080000000000001,optimal
2021-02-12 23:30:00,65,6,0.0,3.446177777777778,0.0,0.22836666666666666,optimal
2021-02-13 00:00:00,65,6,0.0,0.0,0.0,0.059,optimal
2021-02-13 00:30:00,65,6,0.9178300806020405,0.0,0.0,0.20496666666666666,optimal
2021-02-13 01:00:00,65,6,1.1428571428571428,0.0,0.0,0.1199,optimal
2021-02-13 01:30:00,65,6,1.1428571428571428,0.0,0.0,0.059,optimal
2021-02-13 02:00:00,65,6,1.1428571428571428,0.0,0.0,0.1148,optimal
2021-02-13 02:30:00,65,6,1.1428571428571428,0.0,0.0,0.16633333333333333,optimal
2021-02-13 03:00:00,65,6,1.1428571428571428,0.0,0.0,0.11173333333333332,optimal
2021-02-13 03:30:00,65,6,1.1428571428571428,0.0,0.0,0.1148,optimal
2021-02-13 04:00:00,65,6,1.1428571428571428,0.0,0.0,0.21006666666666662,optimal
2021-02-13 04:30:00,65,6,1.1428571428571428,0.0,0.0,0.1148,optimal
2021-02-13 05:00:00,65,6,1.1428571428571428,0.0,0.3634921693606424,0.13453333333333334,optimal
2021-02-13 05:30:00,65,6,1.1428571428571428,0.0,5.0,0.19466666666666663,optimal
2021-02-13 06:00:00,65,6,1.1428571428571428,0.0,5.0,0.08526666666666667,optimal
2021-02-13 06:30:00,65,6,1.1428571428571428,0.0,5.0,0.19876666666666667,optimal
2021-02-13 07:00:00,65,6,1.1428571428571428,0.23222222222222222,5.0,0.1653,optimal
2021-02-13 07:30:00,65,6,1.1428571428571428,0.0,0.0,0.4416666666666667,optimal
2021-02-13 08:00:00,65,6,0.7593626132612914,0.3096296296296296,0.0,0.2155,optimal
2021-02-13 08:30:00,65,6,0.618799607791435,0.23222222222222222,0.0,1.5221,optimal
2021-02-13 09:00:00,65,6,0.5514677997743213,0.0774074074074074,0.0,0.3401666666666667,optimal
2021-02-13 09:30:00,65,6,0.5533194390916628,0.46444444444444444,0.0,0.23616666666666664,optimal
2021-02-13 10:00:00,65,6,0.32589971463363687,0.0,0.0,0.4910333333333334,optimal
2021-02-13 10:30:00,65,6,0.383201471068536,0.0,0.0,1.2110666666666665,optimal
2021-02-13 11:00:00,65,6,0.18718847955181891,5.418518518518519,0.0,0.40636666666666665,optimal
2021-02-13 11:30:00,65,6,0.23541595027242446,0.0,0.0,0.32673333333333326,optimal
2021-02-13 12:00:00,65,6,0.18140887641310158,3.0188888888888883,0.0,0.21246666666666666,optimal
2021-02-13 12:30:00,65,6,0.09693048452099005,0.387037037037037,0.0,0.5027333333333334,optimal
2021-02-13 13:00:00,65,6,0.31022539922206793,0.0,0.0,0.22053333333333333,optimal
2021-02-13 13:30:00,65,6,1.1428571428571428,0.23222222222222222,0.0,0.1135,optimal
2021-02-13 14:00:00,65,6,1.1428571428571428,0.46444444444444444,0.0,0.22736666666666666,optimal
2021-02-13 14:30:00,65,6,1.1428571428571428,0.3096296296296296,0.0,1.4572,optimal
2021-02-13 15:00:00,65,6,1.1428571428571428,0.0,0.0,0.6765666666666668,optimal
2021-02-13 15:30:00,65,6,1.1428571428571428,0.23222222222222222,0.0,0.3992,optimal
2021-02-13 16:00:00,65,6,0.0,0.9288888888888889,0.0,0.3326,optimal
2021-02-13 16:30:00,65,6,0.0,0.387037037037037,0.0,0.42419999999999997,optimal
2021-02-13 17:00:00,65,6,0.0,0.3096296296296296,0.0,0.4563666666666667,optimal
2021-02-13 17:30:00,65,6,0.0,0.23222222222222222,0.0,0.5381,optimal
2021-02-13 18:00:00,65,6,0.0,0.774074074074074,0.0,0.4080666666666667,optimal
2021-02-13 18:30:00,65,6,0.0,0.6966666666666667,0.0,0.4593333333333333,optimal
2021-02-13 19:00:00,65,6,0.0,0.387037037037037,0.0,0.3014,optimal
2021-02-13 19:30:00,65,6,0.0,0.0,0.0,1.9276,optimal
2021-02-13 20:00:00,65,6,0.0,0.46444444444444444,0.0,0.2427,optimal
2021-02-13 20:30:00,65,6,0.0,0.0,0.0,0.3157,optimal
2021-02-13 21:00:00,65,6,0.0,0.0,0.0,0.21966666666666662,optimal
2021-02-13 21:30:00,65,6,0.0,0.0,0.0,0.2397,optimal
2021-02-13 22:00:00,65,6,0.0,0.0,0.0,0.4656666666666667,optimal
2021-02-13 22:30:00,65,6,0.0,0.0,0.0,0.3098666666666667,optimal
2021-02-13 23:00:00,65,6,0.0,0.0774074074074074,0.0,0.2537,optimal
2021-02-13 23:30:00,65,6,0.0,0.0774074074074074,0.0,0.4046666666666667,optimal
2021-02-07 00:00:00,66,6,0.0,0.0,0.0,0.11170000000000001,optimal
2021-02-07 00:30:00,66,6,0.0,0.0,0.0,0.24986666666666668,optimal
2021-02-07 01:00:00,66,6,0.0,0.0,0.0,0.19606666666666664,optimal
2021-02-07 01:30:00,66,6,0.0,0.0,0.0,0.23366666666666663,optimal
2021-02-07 02:00:00,66,6,0.0,0.0,0.0,0.16183333333333333,optimal
2021-02-07 02:30:00,66,6,0.0,0.0,0.0,0.13340000000000002,optimal
2021-02-07 03:00:00,66,6,0.0,0.0,0.0,0.31026666666666664,optimal
2021-02-07 03:30:00,66,6,0.0,0.0,0.0,0.153,optimal
2021-02-07 04:00:00,66,6,1.1428571428571428,0.0,0.0,0.2993,optimal
2021-02-07 04:30:00,66,6,1.1428571428571428,0.0,0.0,0.10223333333333331,optimal
2021-02-07 05:00:00,66,6,1.1428571428571428,1.315925925925926,1.1060376930150764,0.28076666666666666,optimal
2021-02-07 05:30:00,66,6,1.1428571428571428,0.23222222222222222,0.0,0.43356666666666666,optimal
2021-02-07 06:00:00,66,6,1.1428571428571428,0.3096296296296296,0.0,2.5998,optimal
2021-02-07 06:30:00,66,6,1.1428571428571428,0.0,0.0,0.39516666666666667,optimal
2021-02-07 07:00:00,66,6,1.1428571428571428,2.5544444444444445,0.0,0.33886666666666665,optimal
2021-02-07 07:30:00,66,6,0.0,0.1548148148148148,0.0,0.34596666666666664,optimal
2021-02-07 08:00:00,66,6,0.0,6.115185185185184,0.0,0.2561333333333333,optimal
2021-02-07 08:30:00,66,6,0.0,4.412222222222222,0.0,0.2436333333333333,optimal
2021-02-07 09:00:00,66,6,0.2994371417144709,0.0,0.0,0.24986666666666668,optimal
2021-02-07 09:30:00,66,6,0.7065528186816864,0.0,0.0,0.1075,optimal
2021-02-07 10:00:00,66,6,0.6118872519836901,0.0,0.0,0.1738,optimal
2021-02-07 10:30:00,66,6,0.5813942153043729,0.0,0.0,0.29553333333333337,optimal
2021-02-07 11:00:00,66,6,0.4941793201346732,0.1548148148148148,0.0,0.12316666666666669,optimal
2021-02-07 11:30:00,66,6,0.4336269391822957,2.8640740740740736,0.0,0.3351,optimal
2021-02-07 12:00:00,66,6,0.3946951315348312,0.0,0.0,0.23416666666666663,optimal
2021-02-07 12:30:00,66,6,0.328797988677694,0.0,0.0,0.5018666666666667,optimal
2021-02-07 13:00:00,66,6,0.956472475439162,0.0774074074074074,0.0,1.5285333333333333,optimal
2021-02-07 13:30:00,66,6,1.1428571428571428,0.0,0.0,0.2633666666666667,optimal
2021-02-07 14:00:00,66,6,1.1428571428571428,0.0,0.0,0.3554333333333333,optimal
2021-02-07 14:30:00,66,6,1.1428571428571428,0.0,0.0,0.3028333333333333,optimal
2021-02-07 15:00:00,66,6,1.1428571428571428,0.0,0.0,0.22936666666666666,optimal
2021-02-07 15:30:00,66,6,1.1428571428571428,0.0,0.0,0.1843333333333333,optimal
2021-02-07 16:00:00,66,6,0.0,0.0,0.0,0.3293666666666667,optimal
2021-02-07 16:30:00,66,6,0.0,0.0,0.0,0.36523333333333335,optimal
2021-02-07 17:00:00,66,6,0.0,0.0,0.0,0.45046666666666657,optimal
2021-02-07 17:30:00,66,6,0.0,0.3096296296296296,0.0,0.07303333333333333,optimal
2021-02-07 18:00:00,66,6,0.0,1.006296296296296,0.0,0.37903333333333333,optimal
2021-02-07 18:30:00,66,6,0.0,0.0,0.0,0.8624333333333333,optimal
2021-02-07 19:00:00,66,6,0.0,0.46444444444444444,0.0,0.9598666666666668,optimal
2021-02-07 19:30:00,66,6,0.0,0.8514814814814814,0.0,0.5478,optimal
2021-02-07 20:00:00,66,6,0.0,0.1548148148148148,0.0,0.2865,optimal
2021-02-07 20:30:00,66,6,0.0,0.1548148148148148,0.0,0.4273666666666667,optimal
2021-02-07 21:00:00,66,6,0.0,0.0,0.0,0.2906333333333333,optimal
2021-02-07 21:30:00,66,6,0.0,0.0,0.0,0.7844,optimal
2021-02-07 22:00:00,66,6,0.0,0.0,0.0,0.5685666666666667,optimal
2021-02-07 22:30:00,66,6,0.0,0.0,0.0,0.2032,optimal
2021-02-07 23:00:00,66,6,0.0,0.0,0.0,0.20156666666666664,optimal
2021-02-07 23:30:00,66,6,0.0,0.0,0.0,0.3117333333333333,optimal
2021-02-08 00:00:00,66,6,0.0,0.0,0.0,0.23296666666666666,optimal
2021-02-08 00:30:00,66,6,0.0,0.0,0.0,0.3265,optimal
2021-02-08 01:00:00,66,6,0.0,0.0,0.0,0.2843,optimal
2021-02-08 01:30:00,66,6,0.0,0.23222222222222222,0.0,1.7365,optimal
2021-02-08 02:00:00,66,6,0.4574835205922055,0.3096296296296296,0.0,1.7607666666666668,optimal
2021-02-08 02:30:00,66,6,1.1428571428571428,0.0,0.0,0.09759999999999999,optimal
2021-02-08 03:00:00,66,6,1.1428571428571428,0.0,0.0,0.20936666666666667,optimal
2021-02-08 03:30:00,66,6,1.1428571428571428,0.0,0.0,0.21056666666666662,optimal
2021-02-08 04:00:00,66,6,1.1428571428571428,0.0,0.0,0.2062,optimal
2021-02-08 04:30:00,66,6,1.1428571428571428,0.0,0.0,0.2713333333333333,optimal
2021-02-08 05:00:00,66,6,1.1428571428571428,0.0,0.0,0.04,optimal
2021-02-08 05:30:00,66,6,1.1428571428571428,0.0,2.019576970299173,0.1252,optimal
2021-02-08 06:00:00,66,6,1.1428571428571428,0.0,5.0,0.18613333333333332,optimal
2021-02-08 06:30:00,66,6,1.1428571428571428,0.0,5.0,0.0712,optimal
2021-02-08 07:00:00,66,6,1.1428571428571428,0.0,5.0,0.3223666666666667,optimal
2021-02-08 07:30:00,66,6,1.1428571428571428,0.3096296296296296,0.0,1.4233,optimal
2021-02-08 08:00:00,66,6,0.6272292460601422,0.6966666666666667,0.0,0.198,optimal
2021-02-08 08:30:00,66,6,0.6412885903332102,0.46444444444444444,0.0,0.2675,optimal
2021-02-08 09:00:00,66,6,0.6739337876268992,0.0,0.0,0.2287,optimal
2021-02-08 09:30:00,66,6,0.7032257235982661,0.0,0.0,0.10366666666666668,optimal
2021-02-08 10:00:00,66,6,0.5241417835326991,0.0,0.0,0.17256666666666667,optimal
2021-02-08 10:30:00,66,6,0.5043927047041918,0.0,0.0,0.2642,optimal
2021-02-08 11:00:00,66,6,0.3678931220178887,0.0,0.0,0.13419999999999999,optimal
2021-02-08 11:30:00,66,6,0.32045282536387004,0.0,0.0,0.2852333333333333,optimal
2021-02-08 12:00:00,66,6,0.2864222282237269,0.0,0.0,0.1928,optimal
2021-02-08 12:30:00,66,6,0.29876068253473714,0.0,0.0,0.1196,optimal
2021-02-08 13:00:00,66,6,1.1428571428571428,0.0,0.0,0.3157333333333333,optimal
2021-02-08 13:30:00,66,6,1.1428571428571428,0.0,0.0,0.1974,optimal
2021-02-08 14:00:00,66,6,1.1428571428571428,0.0,0.0,0.1444,optimal
2021-02-08 14:30:00,66,6,1.1428571428571428,0.0,0.0,0.32973333333333327,optimal
2021-02-08 15:00:00,66,6,1.1428571428571428,0.0,0.0,0.0968,optimal
2021-02-08 15:30:00,66,6,1.1428571428571428,0.23222222222222222,0.0,0.36710000000000004,optimal
2021-02-08 16:00:00,66,6,0.0,0.0,0.0,0.15856666666666666,optimal
2021-02-08 16:30:00,66,6,0.0,0.0,0.0,0.1392,optimal
2021-02-08 17:00:00,66,6,0.0,0.0,0.0,0.32613333333333333,optimal
2021-02-08 17:30:00,66,6,0.0,0.23222222222222222,0.0,2.756466666666667,optimal
2021-02-08 18:00:00,66,6,0.0,0.3096296296296296,0.0,0.4555,optimal
2021-02-08 18:30:00,66,6,0.0,0.0,0.0,0.3913333333333333,optimal
2021-02-08 19:00:00,66,6,0.0,0.0,0.0,0.2043,optimal
2021-02-08 19:30:00,66,6,0.1092916347300842,0.0,0.0,2.0456,optimal
2021-02-08 20:00:00,66,6,0.5799384408412417,0.0,0.0,2.0326,optimal
2021-02-08 20:30:00,66,6,0.0,0.0,0.0,0.8640666666666668,optimal
2021-02-08 21:00:00,66,6,0.0,0.0,0.0,0.3832,optimal
2021-02-08 21:30:00,66,6,0.0,0.0,0.0,1.7411333333333334,optimal
2021-02-08 22:00:00,66,6,0.0,0.0,0.0,0.7480666666666668,optimal
2021-02-08 22:30:00,66,6,0.0,0.0774074074074074,0.0,0.4064666666666666,optimal
2021-02-08 23:00:00,66,6,0.0,0.0,0.0,1.1722000000000001,optimal
2021-02-08 23:30:00,66,6,0.0,1.7029629629629628,0.0,1.6086333333333334,optimal
2021-02-09 00:00:00,66,6,0.0,0.0,0.0,0.063,optimal
2021-02-09 00:30:00,66,6,0.0,0.0,0.0,0.063,optimal
2021-02-09 01:00:00,66,6,0.0408775337390337,0.0,0.0,0.063,optimal
2021-02-09 01:30:00,66,6,1.1428571428571428,0.0,0.0,0.063,optimal
2021-02-09 02:00:00,66,6,1.1428571428571428,0.0,0.0,0.063,optimal
2021-02-09 02:30:00,66,6,1.1428571428571428,0.0,0.0,0.063,optimal
2021-02-09 03:00:00,66,6,1.1428571428571428,0.0,0.0,0.063,optimal
2021-02-09 03:30:00,66,6,1.1428571428571428,0.0,0.0,0.063,optimal
2021-02-09 04:00:00,66,6,1.1428571428571428,0.0,0.0,0.063,optimal
2021-02-09 04:30:00,66,6,1.1428571428571428,0.0,1.5154839018185242,0.063,optimal
2021-02-09 05:00:00,66,6,1.1428571428571428,0.0,5.0,0.063,optimal
2021-02-09 05:30:00,66,6,1.1428571428571428,0.0,5.0,0.063,optimal
2021-02-09 06:00:00,66,6,1.1428571428571428,0.0,5.0,0.063,optimal
2021-02-09 06:30:00,66,6,1.1428571428571428,0.0,5.0,0.9323666666666668,optimal
2021-02-09 07:00:00,66,6,1.1428571428571428,0.23222222222222222,5.0,0.06866666666666667,optimal
2021-02-09 07:30:00,66,6,1.1428571428571428,0.9706888888888887,0.0,0.08213333333333334,optimal
2021-02-09 08:00:00,66,6,0.6379252492796189,1.0419037037037038,0.0,0.075,optimal
2021-02-09 08:30:00,66,6,0.6557981376319303,4.876666666666668,0.0,0.15619999999999998,optimal
2021-02-09 09:00:00,66,6,0.44984145598284175,0.0,0.0,0.5235,optimal
2021-02-09 09:30:00,66,6,0.32903104221127005,0.1548148148148148,0.0,1.0254,optimal
2021-02-09 10:00:00,66,6,0.15336954205452494,0.0,0.0,1.1872333333333331,optimal
2021-02-09 10:30:00,66,6,0.25098499089567433,0.0,0.0,0.7161000000000001,optimal
2021-02-09 11:00:00,66,6,0.228005146227262,0.0774074074074074,0.0,0.2696,optimal
2021-02-09 11:30:00,66,6,0.24244214075739315,0.0,0.0,0.2859,optimal
2021-02-09 12:00:00,66,6,0.0,0.3096296296296296,0.0,1.3682999999999998,optimal
2021-02-09 12:30:00,66,6,0.0,0.1548148148148148,0.0,0.45163333333333333,optimal
2021-02-09 13:00:00,66,6,1.1428571428571428,0.3096296296296296,0.0,0.16533333333333333,optimal
2021-02-09 13:30:00,66,6,1.1428571428571428,0.0,0.0,0.073,optimal
2021-02-09 14:00:00,66,6,1.1428571428571428,0.0,0.0,0.073,optimal
2021-02-09 14:30:00,66,6,1.1428571428571428,0.0,0.0,0.15653333333333333,optimal
2021-02-09 15:00:00,66,6,1.1428571428571428,0.0,0.0,0.17366666666666666,optimal
2021-02-09 15:30:00,66,6,1.1428571428571428,0.3096296296296296,0.0,0.07846666666666667,optimal
2021-02-09 16:00:00,66,6,0.0,0.5418518518518518,0.0,0.085,optimal
2021-02-09 16:30:00,66,6,0.0,0.46444444444444444,0.0,0.8575666666666667,optimal
2021-02-09 17:00:00,66,6,0.0,0.0,0.0,0.8727999999999999,optimal
2021-02-09 17:30:00,66,6,0.0,0.5418518518518518,0.0,0.214,optimal
2021-02-09 18:00:00,66,6,0.0,0.0,0.0,0.104,optimal
2021-02-09 18:30:00,66,6,0.0,0.1548148148148148,0.0,0.10443333333333334,optimal
2021-02-09 19:00:00,66,6,0.0,0.5418518518518518,0.0,0.9527,optimal
2021-02-09 19:30:00,66,6,0.0,0.0,0.0,0.073,optimal
2021-02-09 20:00:00,66,6,0.14170642384001444,0.0,0.0,0.077,optimal
2021-02-09 20:30:00,66,6,0.0,0.1548148148148148,0.0,0.15630000000000002,optimal
2021-02-09 21:00:00,66,6,0.0,0.0,0.0,0.251,optimal
2021-02-09 21:30:00,66,6,0.0,0.0,0.0,0.35796666666666666,optimal
2021-02-09 22:00:00,66,6,0.0,0.0,0.0,0.073,optimal
2021-02-09 22:30:00,66,6,0.0,0.0,0.0,0.073,optimal
2021-02-09 23:00:00,66,6,0.0,0.0,0.0,0.073,optimal
2021-02-09 23:30:00,66,6,0.0,0.0,0.0,0.07266666666666667,optimal
2021-02-10 00:00:00,66,6,0.0,0.0,0.0,0.059,optimal
2021-02-10 00:30:00,66,6,0.0,0.0,0.0,0.08086666666666666,optimal
2021-02-10 01:00:00,66,6,0.679727970299397,0.0,0.0,0.2102,optimal
2021-02-10 01:30:00,66,6,1.1428571428571428,0.0,0.0,0.059,optimal
2021-02-10 02:00:00,66,6,1.1428571428571428,0.0,0.0,0.15193333333333334,optimal
2021-02-10 02:30:00,66,6,1.1428571428571428,0.0,0.0,0.08633333333333333,optimal
2021-02-10 03:00:00,66,6,1.1428571428571428,0.0,0.0,0.1118,optimal
2021-02-10 03:30:00,66,6,1.1428571428571428,0.0,0.0,0.17926666666666669,optimal
2021-02-10 04:00:00,66,6,1.1428571428571428,0.0,0.0,0.08846666666666667,optimal
2021-02-10 04:30:00,66,6,1.1428571428571428,0.0,0.0,0.16393333333333335,optimal
2021-02-10 05:00:00,66,6,1.1428571428571428,0.0,0.0,0.117,optimal
2021-02-10 05:30:00,66,6,1.1428571428571428,0.0,0.0,0.08246666666666667,optimal
2021-02-10 06:00:00,66,6,1.1428571428571428,0.0,0.0,0.2086,optimal
2021-02-10 06:30:00,66,6,1.1428571428571428,0.0,3.393119570999644,0.07453333333333333,optimal
2021-02-10 07:00:00,66,6,1.1428571428571428,0.0,5.0,0.17553333333333332,optimal
2021-02-10 07:30:00,66,6,1.1428571428571428,7.276296296296295,0.0,0.115,optimal
2021-02-10 08:00:00,66,6,0.6539977720037212,0.5418518518518518,0.0,0.2582,optimal
2021-02-10 08:30:00,66,6,0.6346124167909287,0.1548148148148148,0.0,0.3847,optimal
2021-02-10 09:00:00,66,6,0.6096464606058761,0.0,0.0,0.263,optimal
2021-02-10 09:30:00,66,6,0.6462134863454605,0.0774074074074074,0.0,0.24366666666666664,optimal
2021-02-10 10:00:00,66,6,0.009847058620980323,0.0,0.0,2.3622666666666667,optimal
2021-02-10 10:30:00,66,6,0.15873899459233742,1.6255555555555554,0.0,1.665733333333333,optimal
2021-02-10 11:00:00,66,6,0.16656206330004378,0.387037037037037,0.0,0.7208666666666667,optimal
2021-02-10 11:30:00,66,6,0.1931312904555573,0.1548148148148148,0.0,0.6128666666666667,optimal
2021-02-10 12:00:00,66,6,0.22358608401905877,0.0,0.0,0.069,optimal
2021-02-10 12:30:00,66,6,0.20171941735239002,0.0,0.0,0.14553333333333332,optimal
2021-02-10 13:00:00,66,6,1.1428571428571428,0.0,0.0,0.16553333333333334,optimal
2021-02-10 13:30:00,66,6,1.1428571428571428,0.0,0.0,0.069,optimal
2021-02-10 14:00:00,66,6,1.1428571428571428,0.3096296296296296,0.0,0.45876666666666666,optimal
2021-02-10 14:30:00,66,6,1.1428571428571428,0.23222222222222222,0.0,0.3713666666666667,optimal
2021-02-10 15:00:00,66,6,1.1428571428571428,0.0,0.0,0.09833333333333331,optimal
2021-02-10 15:30:00,66,6,1.1428571428571428,0.0,0.0,0.17833333333333334,optimal
2021-02-10 16:00:00,66,6,0.0,0.0,0.0,0.13273333333333331,optimal
2021-02-10 16:30:00,66,6,0.0,0.0,0.0,0.1182,optimal
2021-02-10 17:00:00,66,6,0.0,0.0,0.0,0.187,optimal
2021-02-10 17:30:00,66,6,0.0,0.0,0.0,0.07486666666666666,optimal
2021-02-10 18:00:00,66,6,0.0,0.0,0.0,0.18926666666666667,optimal
2021-02-10 18:30:00,66,6,0.0,0.0,0.0,0.366,optimal
2021-02-10 19:00:00,66,6,0.0,0.0774074074074074,0.0,2.300833333333333,optimal
2021-02-10 19:30:00,66,6,0.0,5.186296296296297,0.0,1.6352666666666669,optimal
2021-02-10 20:00:00,66,6,0.4128917957233583,0.3096296296296296,0.0,0.3559,optimal
2021-02-10 20:30:00,66,6,0.0,0.0,0.0,0.37660000000000005,optimal
2021-02-10 21:00:00,66,6,0.0,0.0,0.0,0.5014,optimal
2021-02-10 21:30:00,66,6,0.0,0.387037037037037,0.0,0.5716666666666667,optimal
2021-02-10 22:00:00,66,6,0.0,0.0774074074074074,0.0,0.4048,optimal
2021-02-10 22:30:00,66,6,0.0,0.0,0.0,0.24380000000000002,optimal
2021-02-10 23:00:00,66,6,0.0,0.0,0.0,0.14006666666666667,optimal
2021-02-10 23:30:00,66,6,0.0,0.0,0.0,0.16733333333333333,optimal
2021-02-11 00:00:00,66,6,0.0,0.0,0.0,1.0106,optimal
2021-02-11 00:30:00,66,6,0.0,0.1548148148148148,0.0,0.21566666666666662,optimal
2021-02-11 01:00:00,66,6,0.959868528556527,0.0,0.0,0.3093333333333333,optimal
2021-02-11 01:30:00,66,6,1.1428571428571428,1.433585185185185,0.0,0.24456666666666663,optimal
2021-02-11 02:00:00,66,6,1.1428571428571428,0.9660444444444445,0.0,0.373,optimal
2021-02-11 02:30:00,66,6,1.1428571428571428,0.46444444444444444,0.0,0.3302,optimal
2021-02-11 03:00:00,66,6,1.1428571428571428,0.0774074074074074,1.252602785940598,0.358,optimal
2021-02-11 03:30:00,66,6,1.1428571428571428,0.0774074074074074,5.0,0.28606666666666664,optimal
2021-02-11 04:00:00,66,6,1.1428571428571428,0.0,5.0,0.4691,optimal
2021-02-11 04:30:00,66,6,1.1428571428571428,0.1548148148148148,5.0,0.3212,optimal
2021-02-11 05:00:00,66,6,1.1428571428571428,0.3096296296296296,5.0,0.202,optimal
2021-02-11 05:30:00,66,6,1.1428571428571428,0.0774074074074074,5.0,0.31,optimal
2021-02-11 06:00:00,66,6,1.1428571428571428,0.0,5.0,1.6249666666666667,optimal
2021-02-11 06:30:00,66,6,1.1428571428571428,0.23222222222222222,0.0,0.08170000000000001,optimal
2021-02-11 07:00:00,66,6,1.1428571428571428,0.46444444444444444,0.0,0.3549,optimal
2021-02-11 07:30:00,66,6,1.1428571428571428,1.006296296296296,0.0,0.11003333333333332,optimal
2021-02-11 08:00:00,66,6,0.6821055173825538,0.1548148148148148,0.0,0.34726666666666667,optimal
2021-02-11 08:30:00,66,6,0.5863840576016756,0.0774074074074074,0.0,2.2849,optimal
2021-02-11 09:00:00,66,6,0.28246687896368877,0.0,0.0,3.777633333333333,optimal
2021-02-11 09:30:00,66,6,0.5063343651247959,0.387037037037037,0.0,1.4607666666666668,optimal
2021-02-11 10:00:00,66,6,0.3236316803122496,0.0,0.0,0.20016666666666663,optimal
2021-02-11 10:30:00,66,6,0.41178774595064,0.0,0.0,0.068,optimal
2021-02-11 11:00:00,66,6,0.2575348148925494,0.3096296296296296,0.0,0.158,optimal
2021-02-11 11:30:00,66,6,0.23368020903504017,0.1548148148148148,0.0,0.1436,optimal
2021-02-11 12:00:00,66,6,0.03538988432042717,0.0,0.0,0.287,optimal
2021-02-11 12:30:00,66,6,0.0,0.0,0.0,1.2809000000000001,optimal
2021-02-11 13:00:00,66,6,0.9128314101193274,0.0,0.0,2.491833333333333,optimal
2021-02-11 13:30:00,66,6,1.1428571428571428,0.0,0.0,1.5171666666666668,optimal
2021-02-11 14:00:00,66,6,1.1428571428571428,0.0,0.0,0.081,optimal
2021-02-11 14:30:00,66,6,1.1428571428571428,0.0,0.0,0.189,optimal
2021-02-11 15:00:00,66,6,1.1428571428571428,0.0774074074074074,0.0,0.193,optimal
2021-02-11 15:30:00,66,6,1.1428571428571428,0.1548148148148148,0.0,0.2588333333333333,optimal
2021-02-11 16:00:00,66,6,0.0,0.5418518518518518,0.0,1.6622999999999999,optimal
2021-02-11 16:30:00,66,6,0.0,0.0,0.0,1.7801666666666667,optimal
2021-02-11 17:00:00,66,6,0.0,0.387037037037037,0.0,0.4182,optimal
2021-02-11 17:30:00,66,6,0.0,0.3096296296296296,0.0,1.8534666666666666,optimal
2021-02-11 18:00:00,66,6,0.0,0.3096296296296296,0.0,2.1014333333333335,optimal
2021-02-11 18:30:00,66,6,0.0,0.387037037037037,0.0,1.1031,optimal
2021-02-11 19:00:00,66,6,0.0,0.6966666666666667,0.0,0.34226666666666666,optimal
2021-02-11 19:30:00,66,6,0.0,0.1548148148148148,0.0,1.4001666666666668,optimal
2021-02-11 20:00:00,66,6,0.0,0.0,0.0,0.332,optimal
2021-02-11 20:30:00,66,6,0.0,2.1674074074074072,0.0,0.27043333333333336,optimal
2021-02-11 21:00:00,66,6,0.0,0.3096296296296296,0.0,0.3330666666666667,optimal
2021-02-11 21:30:00,66,6,0.0,1.9351851851851851,0.0,0.387,optimal
2021-02-11 22:00:00,66,6,0.0,0.0774074074074074,0.0,0.37606666666666666,optimal
2021-02-11 22:30:00,66,6,0.0,0.0,0.0,0.42253333333333337,optimal
2021-02-11 23:00:00,66,6,0.0,0.0,0.0,0.07733333333333332,optimal
2021-02-11 23:30:00,66,6,0.0,0.0,0.0,0.11383333333333331,optimal
2021-02-12 00:00:00,66,6,1.1428571428571428,0.0,0.0,0.047,optimal
2021-02-12 00:30:00,66,6,1.1428571428571428,0.0,0.0,0.08366666666666667,optimal
2021-02-12 01:00:00,66,6,1.1428571428571428,0.0,0.0,0.07033333333333333,optimal
2021-02-12 01:30:00,66,6,1.1428571428571428,0.0,0.0,0.09366666666666669,optimal
2021-02-12 02:00:00,66,6,1.1428571428571428,0.0,0.0,0.060333333333333336,optimal
2021-02-12 02:30:00,66,6,1.1428571428571428,0.0,0.0,0.097,optimal
2021-02-12 03:00:00,66,6,1.1428571428571428,0.0,0.0,0.057,optimal
2021-02-12 03:30:00,66,6,1.1428571428571428,0.0,0.0,0.107,optimal
2021-02-12 04:00:00,66,6,1.1428571428571428,0.0,0.0,0.047,optimal
2021-02-12 04:30:00,66,6,1.1428571428571428,0.0,0.0,0.077,optimal
2021-02-12 05:00:00,66,6,1.1428571428571428,0.0,0.0,0.077,optimal
2021-02-12 05:30:00,66,6,1.1428571428571428,0.0,3.6934826964993683,0.050333333333333334,optimal
2021-02-12 06:00:00,66,6,1.1428571428571428,6.347407407407408,5.0,0.10666666666666669,optimal
2021-02-12 06:30:00,66,6,1.1428571428571428,0.23222222222222222,5.0,0.055,optimal
2021-02-12 07:00:00,66,6,1.1428571428571428,0.5418518518518518,5.0,0.08806666666666667,optimal
2021-02-12 07:30:00,66,6,1.1428571428571428,4.8125756099767285,0.0,0.24013333333333334,optimal
2021-02-12 08:00:00,66,6,0.7836366962783794,2.0899999999999994,0.0,0.0825,optimal
2021-02-12 08:30:00,66,6,0.8540696705387826,0.6966666666666667,0.0,0.13466666666666666,optimal
2021-02-12 09:00:00,66,6,0.7611789370408857,0.23222222222222222,0.0,0.13946666666666666,optimal
2021-02-12 09:30:00,66,6,0.5642543154144236,0.0,0.0,0.35669999999999996,optimal
2021-02-12 10:00:00,66,6,0.3801621672834025,0.0,0.0,0.2268,optimal
2021-02-12 10:30:00,66,6,0.3672866949530482,0.3096296296296296,0.0,0.1753,optimal
2021-02-12 11:00:00,66,6,0.10252898505627618,0.3096296296296296,0.0,0.3376,optimal
2021-02-12 11:30:00,66,6,0.060678360538795,0.0,0.0,0.8247000000000001,optimal
2021-02-12 12:00:00,66,6,0.014457158144998698,0.23222222222222222,0.0,1.3504,optimal
2021-02-12 12:30:00,66,6,0.10785986696084714,0.5418518518518518,0.0,0.365,optimal
2021-02-12 13:00:00,66,6,0.5843800635813612,0.0,0.0,0.6187999999999999,optimal
2021-02-12 13:30:00,66,6,1.1428571428571428,0.0,0.0,0.43560000000000004,optimal
2021-02-12 14:00:00,66,6,1.1428571428571428,0.0,0.0,2.6498000000000004,optimal
2021-02-12 14:30:00,66,6,1.1428571428571428,0.0,0.0,2.671333333333333,optimal
2021-02-12 15:00:00,66,6,1.1428571428571428,0.0,0.0,0.30689999999999995,optimal
2021-02-12 15:30:00,66,6,1.1428571428571428,0.0,0.0,0.09033333333333332,optimal
2021-02-12 16:00:00,66,6,0.0,0.0,0.0,0.23336666666666667,optimal
2021-02-12 16:30:00,66,6,0.0,0.0,0.0,1.134766666666667,optimal
2021-02-12 17:00:00,66,6,0.0,0.23222222222222222,0.0,1.2930666666666666,optimal
2021-02-12 17:30:00,66,6,0.0,0.3096296296296296,0.0,1.0513666666666666,optimal
2021-02-12 18:00:00,66,6,0.0,0.23222222222222222,0.0,0.32896666666666663,optimal
2021-02-12 18:30:00,66,6,0.0,0.3096296296296296,0.0,1.1266666666666667,optimal
2021-02-12 19:00:00,66,6,0.0,0.0,0.0,0.11333333333333331,optimal
2021-02-12 19:30:00,66,6,0.0,2.5544444444444445,0.0,0.1452,optimal
2021-02-12 20:00:00,66,6,0.0,0.3096296296296296,0.0,0.1171,optimal
2021-02-12 20:30:00,66,6,0.0,0.0,0.0,0.12919999999999998,optimal
2021-02-12 21:00:00,66,6,0.0,0.0,0.0,0.089,optimal
2021-02-12 21:30:00,66,6,0.0,0.0774074074074074,0.0,0.14266666666666666,optimal
2021-02-12 22:00:00,66,6,0.0,0.0,0.0,0.29519999999999996,optimal
2021-02-12 22:30:00,66,6,0.0,0.0774074074074074,0.0,0.541,optimal
2021-02-12 23:00:00,66,6,0.0,0.0,0.0,1.2951666666666668,optimal
2021-02-12 23:30:00,66,6,0.0,0.0774074074074074,0.0,0.12646666666666667,optimal
2021-02-13 00:00:00,66,6,0.0,0.0,0.0,0.056,optimal
2021-02-13 00:30:00,66,6,0.1462093563785321,0.0,0.0,0.056,optimal
2021-02-13 01:00:00,66,6,1.1428571428571428,0.0,0.0,0.11626666666666668,optimal
2021-02-13 01:30:00,66,6,1.1428571428571428,0.0,0.0,0.06353333333333333,optimal
2021-02-13 02:00:00,66,6,1.1428571428571428,0.0,0.0,0.09366666666666669,optimal
2021-02-13 02:30:00,66,6,1.1428571428571428,0.0,0.0,0.08613333333333334,optimal
2021-02-13 03:00:00,66,6,1.1428571428571428,0.0,0.0,0.056,optimal
2021-02-13 03:30:00,66,6,1.1428571428571428,0.0,0.0,0.056,optimal
2021-02-13 04:00:00,66,6,1.1428571428571428,0.0,0.0,0.056,optimal
2021-02-13 04:30:00,66,6,1.1428571428571428,0.0,0.0,0.09743333333333334,optimal
2021-02-13 05:00:00,66,6,1.1428571428571428,0.0,0.0,0.08236666666666666,optimal
2021-02-13 05:30:00,66,6,1.1428571428571428,0.0,0.0,0.056,optimal
2021-02-13 06:00:00,66,6,1.1428571428571428,0.0,2.5827473237219136,0.1238,optimal
2021-02-13 06:30:00,66,6,1.1428571428571428,0.0,5.0,0.056,optimal
2021-02-13 07:00:00,66,6,1.1428571428571428,0.0,5.0,0.1238,optimal
2021-02-13 07:30:00,66,6,1.1428571428571428,0.23222222222222222,0.0,0.05533333333333334,optimal
2021-02-13 08:00:00,66,6,0.41863880373748175,0.46444444444444444,0.0,1.4829333333333334,optimal
2021-02-13 08:30:00,66,6,0.4458557982676221,0.774074074074074,0.0,0.7772333333333333,optimal
2021-02-13 09:00:00,66,6,0.3515449426314659,0.387037037037037,0.0,0.9683999999999999,optimal
2021-02-13 09:30:00,66,6,0.49811943909166834,0.0,0.0,0.1105,optimal
2021-02-13 10:00:00,66,6,0.3617473336812626,0.0774074074074074,0.0,0.20396666666666666,optimal
2021-02-13 10:30:00,66,6,0.303193852020917,0.23222222222222222,0.0,0.22173333333333328,optimal
2021-02-13 11:00:00,66,6,0.19581705098038124,0.0,0.0,0.1688,optimal
2021-02-13 11:30:00,66,6,0.2353016645581344,0.0774074074074074,0.0,0.30410000000000004,optimal
2021-02-13 12:00:00,66,6,0.21166601927024395,0.23222222222222222,0.0,0.09646666666666669,optimal
2021-02-13 12:30:00,66,6,0.1455114369019372,0.0774074074074074,0.0,0.215,optimal
2021-02-13 13:00:00,66,6,0.0,0.0774074074074074,0.0,0.6353333333333334,optimal
2021-02-13 13:30:00,66,6,0.0,0.1548148148148148,0.0,0.2710666666666667,optimal
2021-02-13 14:00:00,66,6,1.1193705547519452,0.1548148148148148,0.0,0.2304,optimal
2021-02-13 14:30:00,66,6,1.1428571428571428,0.0,0.0,0.2306,optimal
2021-02-13 15:00:00,66,6,1.1428571428571428,0.0,0.0,0.5235,optimal
2021-02-13 15:30:00,66,6,1.1428571428571428,0.0,0.0,0.3258666666666667,optimal
2021-02-13 16:00:00,66,6,0.0,0.3096296296296296,0.0,0.36156666666666665,optimal
2021-02-13 16:30:00,66,6,0.0,0.0,0.0,0.3522333333333333,optimal
2021-02-13 17:00:00,66,6,0.0,0.1548148148148148,0.0,0.2665666666666667,optimal
2021-02-13 17:30:00,66,6,0.0,0.23222222222222222,0.0,0.2995,optimal
2021-02-13 18:00:00,66,6,0.0,0.1548148148148148,0.0,0.33276666666666666,optimal
2021-02-13 18:30:00,66,6,0.0,0.0,0.0,0.5414666666666667,optimal
2021-02-13 19:00:00,66,6,0.0,0.3096296296296296,0.0,0.3028333333333333,optimal
2021-02-13 19:30:00,66,6,0.0,0.0,0.0,0.3429333333333333,optimal
2021-02-13 20:00:00,66,6,0.0,0.1548148148148148,0.0,0.4143,optimal
2021-02-13 20:30:00,66,6,0.0,0.0,0.0,0.5008333333333334,optimal
2021-02-13 21:00:00,66,6,0.0,0.387037037037037,0.0,0.5465,optimal
2021-02-13 21:30:00,66,6,0.0,0.23222222222222222,0.0,0.6027666666666667,optimal
2021-02-13 22:00:00,66,6,0.0,0.0,0.0,0.7329666666666667,optimal
2021-02-13 22:30:00,66,6,0.0,0.0,0.0,0.4574333333333333,optimal
2021-02-13 23:00:00,66,6,0.0,0.0774074074074074,0.0,0.29303333333333337,optimal
2021-02-13 23:30:00,66,6,0.0,0.0,0.0,0.11163333333333333,optimal
2021-02-07 00:00:00,67,6,0.0,0.0,0.0,0.06783333333333333,optimal
2021-02-07 00:30:00,67,6,0.0,0.0,0.0,0.061666666666666654,optimal
2021-02-07 01:00:00,67,6,0.0,0.0,0.0,0.1378,optimal
2021-02-07 01:30:00,67,6,0.0,0.0,0.0,0.22313333333333332,optimal
2021-02-07 02:00:00,67,6,0.0,0.0,0.0,0.059,optimal
2021-02-07 02:30:00,67,6,0.0,0.0,0.0,0.059,optimal
2021-02-07 03:00:00,67,6,0.0,0.0,0.0,0.1434,optimal
2021-02-07 03:30:00,67,6,0.0,0.0,0.0,0.21753333333333333,optimal
2021-02-07 04:00:00,67,6,1.1428571428571428,0.0,0.0,0.059,optimal
2021-02-07 04:30:00,67,6,1.1428571428571428,0.0,0.0,0.165,optimal
2021-02-07 05:00:00,67,6,1.1428571428571428,0.0,0.0,0.2006,optimal
2021-02-07 05:30:00,67,6,1.1428571428571428,0.0,0.0,0.06866666666666667,optimal
2021-02-07 06:00:00,67,6,1.1428571428571428,0.0,0.0,0.1706,optimal
2021-02-07 06:30:00,67,6,1.1428571428571428,0.0,0.0,0.1903333333333333,optimal
2021-02-07 07:00:00,67,6,1.1428571428571428,1.2385185185185184,1.5052247886819266,0.3367333333333333,optimal
2021-02-07 07:30:00,67,6,0.0,0.774074074074074,0.0,1.087233333333333,optimal
2021-02-07 08:00:00,67,6,0.0,2.631851851851852,0.0,0.5986,optimal
2021-02-07 08:30:00,67,6,0.12493724350125736,0.0,0.0,0.6572,optimal
2021-02-07 09:00:00,67,6,0.37740344319916347,0.23222222222222222,0.0,2.5697666666666668,optimal
2021-02-07 09:30:00,67,6,0.56125758058645,0.0,0.0,0.46226666666666666,optimal
2021-02-07 10:00:00,67,6,0.5118320138884531,0.23222222222222222,0.0,0.4463333333333333,optimal
2021-02-07 10:30:00,67,6,0.5490285010186602,0.0,0.0,0.36323333333333335,optimal
2021-02-07 11:00:00,67,6,0.30254693918229925,0.1548148148148148,0.0,2.5873000000000004,optimal
2021-02-07 11:30:00,67,6,0.30236979632514965,0.0,0.0,2.796,optimal
2021-02-07 12:00:00,67,6,0.34447417915387984,0.0,0.0,0.6788,optimal
2021-02-07 12:30:00,67,6,0.4012284648681727,0.0,0.0,0.21359999999999998,optimal
2021-02-07 13:00:00,67,6,1.0317863160737166,0.0,0.0,0.26116666666666666,optimal
2021-02-07 13:30:00,67,6,1.1428571428571428,0.0,0.0,0.28246666666666664,optimal
2021-02-07 14:00:00,67,6,1.1428571428571428,0.0,0.0,0.1281,optimal
2021-02-07 14:30:00,67,6,1.1428571428571428,0.0,0.0,0.20333333333333328,optimal
2021-02-07 15:00:00,67,6,1.1428571428571428,0.23222222222222222,0.0,0.38689999999999997,optimal
2021-02-07 15:30:00,67,6,1.1428571428571428,0.387037037037037,0.0,0.4340333333333334,optimal
2021-02-07 16:00:00,67,6,0.0,0.23222222222222222,0.0,1.9248333333333332,optimal
2021-02-07 16:30:00,67,6,0.0,0.6192592592592592,0.0,0.3273666666666667,optimal
2021-02-07 17:00:00,67,6,0.0,0.6192592592592592,0.0,0.2748,optimal
2021-02-07 17:30:00,67,6,0.0,0.0,0.0,0.5295333333333333,optimal
2021-02-07 18:00:00,67,6,0.0,0.3096296296296296,0.0,0.3138,optimal
2021-02-07 18:30:00,67,6,0.0,0.3096296296296296,0.0,0.484,optimal
2021-02-07 19:00:00,67,6,0.0,0.23222222222222222,0.0,1.3576,optimal
2021-02-07 19:30:00,67,6,0.0,0.0774074074074074,0.0,0.35796666666666666,optimal
2021-02-07 20:00:00,67,6,0.0,2.631851851851852,0.0,1.5854000000000001,optimal
2021-02-07 20:30:00,67,6,0.0,0.1548148148148148,0.0,0.5720333333333333,optimal
2021-02-07 21:00:00,67,6,0.0,0.0,0.0,0.3872333333333334,optimal
2021-02-07 21:30:00,67,6,0.0,0.0,0.0,0.5808666666666666,optimal
2021-02-07 22:00:00,67,6,0.0,0.1548148148148148,0.0,0.45006666666666667,optimal
2021-02-07 22:30:00,67,6,0.0,0.1548148148148148,0.0,0.17713333333333334,optimal
2021-02-07 23:00:00,67,6,0.0,0.0,0.0,0.30256666666666665,optimal
2021-02-07 23:30:00,67,6,0.0,0.0,0.0,0.08213333333333334,optimal
2021-02-08 00:00:00,67,6,0.0,0.0,0.0,0.1176,optimal
2021-02-08 00:30:00,67,6,0.0,0.0,0.0,0.07996666666666667,optimal
2021-02-08 01:00:00,67,6,0.0,0.0,0.0,0.2009333333333333,optimal
2021-02-08 01:30:00,67,6,0.0,0.0,0.0,0.07996666666666667,optimal
2021-02-08 02:00:00,67,6,0.8478268330020912,0.0,0.0,0.09423333333333332,optimal
2021-02-08 02:30:00,67,6,1.1428571428571428,0.0,0.0,0.14123333333333332,optimal
2021-02-08 03:00:00,67,6,1.1428571428571428,0.0,0.0,0.1147,optimal
2021-02-08 03:30:00,67,6,1.1428571428571428,0.0,0.0,0.12283333333333331,optimal
2021-02-08 04:00:00,67,6,1.1428571428571428,0.0,0.0,0.1973,optimal
2021-02-08 04:30:00,67,6,1.1428571428571428,0.0,0.0,0.06213333333333333,optimal
2021-02-08 05:00:00,67,6,1.1428571428571428,0.0,0.47181163351493033,0.11206666666666666,optimal
2021-02-08 05:30:00,67,6,1.1428571428571428,0.0,5.0,0.1744,optimal
2021-02-08 06:00:00,67,6,1.1428571428571428,0.0,5.0,0.08153333333333333,optimal
2021-02-08 06:30:00,67,6,1.1428571428571428,0.0,5.0,0.11563333333333334,optimal
2021-02-08 07:00:00,67,6,1.1428571428571428,0.0,5.0,0.47223333333333334,optimal
2021-02-08 07:30:00,67,6,1.1428571428571428,0.0,0.0,0.19193333333333332,optimal
2021-02-08 08:00:00,67,6,0.7198863889172854,0.6192592592592592,0.0,0.07440000000000001,optimal
2021-02-08 08:30:00,67,6,0.6550123998570145,0.5418518518518518,0.0,0.24580000000000002,optimal
2021-02-08 09:00:00,67,6,0.6310004542935688,0.0,0.0,0.07033333333333333,optimal
2021-02-08 09:30:00,67,6,0.6169304855030177,0.0,0.0,0.14373333333333332,optimal
2021-02-08 10:00:00,67,6,0.39265606924698465,0.1548148148148148,0.0,0.39080000000000004,optimal
2021-02-08 10:30:00,67,6,0.4242784189899059,0.0774074074074074,0.0,0.32430000000000003,optimal
2021-02-08 11:00:00,67,6,0.21557121725597805,0.1548148148148148,0.0,0.4385333333333334,optimal
2021-02-08 11:30:00,67,6,0.2035766348876845,0.3096296296296296,0.0,0.4005,optimal
2021-02-08 12:00:00,67,6,0.09251746631897079,0.3096296296296296,0.0,0.301,optimal
2021-02-08 12:30:00,67,6,0.004560682534746689,0.387037037037037,0.0,0.6383333333333334,optimal
2021-02-08 13:00:00,67,6,0.9829061110895461,0.1548148148148148,0.0,0.166,optimal
2021-02-08 13:30:00,67,6,1.1428571428571428,0.23222222222222222,0.0,0.3996,optimal
2021-02-08 14:00:00,67,6,1.1428571428571428,0.0774074074074074,0.0,0.3415666666666667,optimal
2021-02-08 14:30:00,67,6,1.1428571428571428,0.5418518518518518,0.0,0.28236666666666665,optimal
2021-02-08 15:00:00,67,6,1.1428571428571428,0.0,0.0,1.2013333333333334,optimal
2021-02-08 15:30:00,67,6,1.1428571428571428,0.0,0.0,0.5983666666666667,optimal
2021-02-08 16:00:00,67,6,0.0,0.3096296296296296,0.0,0.41256666666666664,optimal
2021-02-08 16:30:00,67,6,0.0,0.0774074074074074,0.0,0.3091333333333333,optimal
2021-02-08 17:00:00,67,6,0.0,0.0,0.0,0.3815,optimal
2021-02-08 17:30:00,67,6,0.0,0.0,0.0,0.4308666666666667,optimal
2021-02-08 18:00:00,67,6,0.0,0.0,0.0,0.7814,optimal
2021-02-08 18:30:00,67,6,0.0,0.6192592592592592,0.0,0.47543333333333326,optimal
2021-02-08 19:00:00,67,6,0.0,0.23222222222222222,0.0,0.38966666666666666,optimal
2021-02-08 19:30:00,67,6,0.0,0.0,0.0,0.16226666666666667,optimal
2021-02-08 20:00:00,67,6,0.0,0.0,0.0,0.2618666666666667,optimal
2021-02-08 20:30:00,67,6,0.0,0.0,0.0,0.065,optimal
2021-02-08 21:00:00,67,6,0.0,0.0,0.0,0.14909999999999998,optimal
2021-02-08 21:30:00,67,6,0.0,0.0,0.0,0.19103333333333333,optimal
2021-02-08 22:00:00,67,6,0.0,0.0,0.0,0.26646666666666663,optimal
2021-02-08 22:30:00,67,6,0.0,0.46444444444444444,0.0,0.3902333333333333,optimal
2021-02-08 23:00:00,67,6,0.0,0.1548148148148148,0.0,0.3957,optimal
2021-02-08 23:30:00,67,6,0.0,0.0,0.0,0.3681666666666667,optimal
2021-02-09 00:00:00,67,6,0.0,0.0,0.0,0.063,optimal
2021-02-09 00:30:00,67,6,0.0,0.0,0.0,0.107,optimal
2021-02-09 01:00:00,67,6,0.5457586062680189,0.0,0.0,0.1803333333333333,optimal
2021-02-09 01:30:00,67,6,1.1428571428571428,0.0,0.0,0.063,optimal
2021-02-09 02:00:00,67,6,1.1428571428571428,0.0,0.0,0.14366666666666666,optimal
2021-02-09 02:30:00,67,6,1.1428571428571428,0.0,0.0,0.14366666666666666,optimal
2021-02-09 03:00:00,67,6,1.1428571428571428,0.0,0.0,0.063,optimal
2021-02-09 03:30:00,67,6,1.1428571428571428,0.0,0.0,0.107,optimal
2021-02-09 04:00:00,67,6,1.1428571428571428,0.0,0.0,0.1803333333333333,optimal
2021-02-09 04:30:00,67,6,1.1428571428571428,0.0,0.0,0.063,optimal
2021-02-09 05:00:00,67,6,1.1428571428571428,0.0,0.0,0.085,optimal
2021-02-09 05:30:00,67,6,1.1428571428571428,0.0,0.3720605528360765,0.20233333333333328,optimal
2021-02-09 06:00:00,67,6,1.1428571428571428,0.0,5.0,0.063,optimal
2021-02-09 06:30:00,67,6,1.1428571428571428,0.0,5.0,0.22433333333333327,optimal
2021-02-09 07:00:00,67,6,1.1428571428571428,0.387037037037037,5.0,0.23553333333333334,optimal
2021-02-09 07:30:00,67,6,1.1428571428571428,0.5418518518518518,0.0,0.30689999999999995,optimal
2021-02-09 08:00:00,67,6,0.6236300111843877,0.23222222222222222,0.0,0.20403333333333334,optimal
2021-02-09 08:30:00,67,6,0.7236838519176451,0.0,0.0,0.35486666666666666,optimal
2021-02-09 09:00:00,67,6,0.5560509797923658,2.1674074074074072,0.0,0.6106666666666666,optimal
2021-02-09 09:30:00,67,6,0.4135300898303141,0.0,0.0,0.8891333333333333,optimal
2021-02-09 10:00:00,67,6,0.3944704944354795,0.1548148148148148,0.0,0.36033333333333334,optimal
2021-02-09 10:30:00,67,6,0.3688078480385238,0.0,0.0,0.39289999999999997,optimal
2021-02-09 11:00:00,67,6,0.2044337176558324,0.0,0.0,0.36060000000000003,optimal
2021-02-09 11:30:00,67,6,0.24834690266216256,0.6966666666666667,0.0,0.21,optimal
2021-02-09 12:00:00,67,6,0.12048901050575789,0.23222222222222222,0.0,0.2683333333333333,optimal
2021-02-09 12:30:00,67,6,0.10377582549942722,1.1611111111111108,0.0,0.3123333333333333,optimal
2021-02-09 13:00:00,67,6,0.6304489867147549,0.23222222222222222,0.0,1.728233333333333,optimal
2021-02-09 13:30:00,67,6,1.1428571428571428,0.3096296296296296,0.0,0.3036333333333333,optimal
2021-02-09 14:00:00,67,6,1.1428571428571428,0.0,0.0,0.085,optimal
2021-02-09 14:30:00,67,6,1.1428571428571428,0.0774074074074074,0.0,0.3492,optimal
2021-02-09 15:00:00,67,6,1.1428571428571428,0.387037037037037,0.0,0.216,optimal
2021-02-09 15:30:00,67,6,1.1428571428571428,0.1548148148148148,0.0,0.2128333333333333,optimal
2021-02-09 16:00:00,67,6,0.0,0.0,0.0,0.313,optimal
2021-02-09 16:30:00,67,6,0.0,0.1548148148148148,0.0,0.44573333333333337,optimal
2021-02-09 17:00:00,67,6,0.0,0.23222222222222222,0.0,0.30656666666666665,optimal
2021-02-09 17:30:00,67,6,0.0,0.0,0.0,0.161,optimal
2021-02-09 18:00:00,67,6,0.0,0.0,0.0,0.14633333333333334,optimal
2021-02-09 18:30:00,67,6,0.0,2.0899999999999994,0.0,0.22753333333333334,optimal
2021-02-09 19:00:00,67,6,0.0,0.23222222222222222,0.0,0.4206666666666667,optimal
2021-02-09 19:30:00,67,6,0.0,0.1548148148148148,0.0,0.3088666666666667,optimal
2021-02-09 20:00:00,67,6,0.0,0.0,0.0,0.2680666666666667,optimal
2021-02-09 20:30:00,67,6,0.0,0.0,0.0,0.5370666666666667,optimal
2021-02-09 21:00:00,67,6,0.0,0.0,0.0,2.3475,optimal
2021-02-09 21:30:00,67,6,0.0,0.0,0.0,1.1605666666666665,optimal
2021-02-09 22:00:00,67,6,0.0,0.0,0.0,0.205,optimal
2021-02-09 22:30:00,67,6,0.0,0.0,0.0,0.073,optimal
2021-02-09 23:00:00,67,6,0.0,0.0,0.0,0.16833333333333333,optimal
2021-02-09 23:30:00,67,6,0.0,0.0,0.0,0.13533333333333333,optimal
2021-02-10 00:00:00,67,6,0.0,0.0,0.0,0.06886666666666666,optimal
2021-02-10 00:30:00,67,6,0.0,0.0,0.0,0.1812666666666667,optimal
2021-02-10 01:00:00,67,6,0.0,0.0,0.0,0.061,optimal
2021-02-10 01:30:00,67,6,0.8941815811137243,0.0,0.0,0.15940000000000001,optimal
2021-02-10 02:00:00,67,6,1.1428571428571428,0.0,0.0,0.08286666666666666,optimal
2021-02-10 02:30:00,67,6,1.1428571428571428,0.0,0.0,0.061,optimal
2021-02-10 03:00:00,67,6,1.1428571428571428,0.0,0.0,0.15940000000000001,optimal
2021-02-10 03:30:00,67,6,1.1428571428571428,0.0,0.0,0.08286666666666666,optimal
2021-02-10 04:00:00,67,6,1.1428571428571428,0.0,0.0,0.1102,optimal
2021-02-10 04:30:00,67,6,1.1428571428571428,0.0,0.0,0.13206666666666667,optimal
2021-02-10 05:00:00,67,6,1.1428571428571428,0.0,0.0,0.06646666666666667,optimal
2021-02-10 05:30:00,67,6,1.1428571428571428,0.0,2.807599433886115,0.18513333333333332,optimal
2021-02-10 06:00:00,67,6,1.1428571428571428,0.3096296296296296,5.0,3.100833333333333,optimal
2021-02-10 06:30:00,67,6,1.1428571428571428,0.1548148148148148,0.0,2.1866666666666665,optimal
2021-02-10 07:00:00,67,6,1.1428571428571428,2.751059259259259,0.0,3.4880999999999998,optimal
2021-02-10 07:30:00,67,6,1.1428571428571428,0.19042222222222224,0.0,0.09153333333333331,optimal
2021-02-10 08:00:00,67,6,0.833235867241815,0.0,0.0,0.1694,optimal
2021-02-10 08:30:00,67,6,0.8527743215528317,0.0,0.0,0.071,optimal
2021-02-10 09:00:00,67,6,0.6149931272725445,0.0,0.0,2.012133333333333,optimal
2021-02-10 09:30:00,67,6,0.518333486345458,0.387037037037037,0.0,0.5836666666666667,optimal
2021-02-10 10:00:00,67,6,0.47254134433526895,2.39962962962963,0.0,0.15366666666666665,optimal
2021-02-10 10:30:00,67,6,0.4919380422113858,0.0,0.0,0.19126666666666667,optimal
2021-02-10 11:00:00,67,6,0.3940096823476652,0.0,0.0,0.071,optimal
2021-02-10 11:30:00,67,6,0.38972176664602515,0.0,0.0,0.071,optimal
2021-02-10 12:00:00,67,6,0.21029084592381897,0.0,0.0,0.11473333333333333,optimal
2021-02-10 12:30:00,67,6,0.20091941735239446,0.0,0.0,0.14753333333333332,optimal
2021-02-10 13:00:00,67,6,0.29868017181897877,0.0,0.0,0.071,optimal
2021-02-10 13:30:00,67,6,1.1428571428571428,0.0,0.0,0.1694,optimal
2021-02-10 14:00:00,67,6,1.1428571428571428,0.0,0.0,0.09286666666666667,optimal
2021-02-10 14:30:00,67,6,1.1428571428571428,0.0,0.0,0.1366,optimal
2021-02-10 15:00:00,67,6,1.1428571428571428,0.0,0.0,0.15693333333333334,optimal
2021-02-10 15:30:00,67,6,1.1428571428571428,0.0,0.0,0.1627333333333333,optimal
2021-02-10 16:00:00,67,6,0.0,0.0,0.0,1.5873666666666666,optimal
2021-02-10 16:30:00,67,6,0.0,0.0774074074074074,0.0,3.6728333333333336,optimal
2021-02-10 17:00:00,67,6,0.0,0.0774074074074074,0.0,1.2484333333333333,optimal
2021-02-10 17:30:00,67,6,0.0,0.0,0.0,0.2644666666666666,optimal
2021-02-10 18:00:00,67,6,0.0,0.0,0.0,0.1432,optimal
2021-02-10 18:30:00,67,6,0.0,0.3096296296296296,0.0,0.26903333333333335,optimal
2021-02-10 19:00:00,67,6,0.0,0.0,0.0,0.3849333333333333,optimal
2021-02-10 19:30:00,67,6,0.0,0.0,0.0,3.567266666666667,optimal
2021-02-10 20:00:00,67,6,0.0,0.1548148148148148,0.0,1.5720999999999998,optimal
2021-02-10 20:30:00,67,6,0.0,0.0,0.0,0.6012000000000001,optimal
2021-02-10 21:00:00,67,6,0.0,0.0,0.0,2.4375999999999998,optimal
2021-02-10 21:30:00,67,6,0.0,0.23222222222222222,0.0,1.0998666666666665,optimal
2021-02-10 22:00:00,67,6,0.0,0.0,0.0,2.0128,optimal
2021-02-10 22:30:00,67,6,0.0,0.3096296296296296,0.0,0.3552666666666667,optimal
2021-02-10 23:00:00,67,6,0.0,0.5418518518518518,0.0,0.40653333333333336,optimal
2021-02-10 23:30:00,67,6,0.0,0.0,0.0,0.13393333333333335,optimal
2021-02-11 00:00:00,67,6,0.4478644964230064,0.0,0.0,0.063,optimal
2021-02-11 00:30:00,67,6,1.1428571428571428,0.0,0.0,0.063,optimal
2021-02-11 01:00:00,67,6,1.1428571428571428,0.0,0.0,0.063,optimal
2021-02-11 01:30:00,67,6,1.1428571428571428,0.0,0.0,0.063,optimal
2021-02-11 02:00:00,67,6,1.1428571428571428,0.0,0.0,0.1367,optimal
2021-02-11 02:30:00,67,6,1.1428571428571428,0.0,0.0,0.1367,optimal
2021-02-11 03:00:00,67,6,1.1428571428571428,0.0,0.0,0.07640000000000001,optimal
2021-02-11 03:30:00,67,6,1.1428571428571428,0.0,0.0,0.197,optimal
2021-02-11 04:00:00,67,6,1.1428571428571428,0.0,0.0,0.063,optimal
2021-02-11 04:30:00,67,6,1.1428571428571428,0.0,0.0,0.18359999999999999,optimal
2021-02-11 05:00:00,67,6,1.1428571428571428,0.0,2.4225845231748773,0.08979999999999999,optimal
2021-02-11 05:30:00,67,6,1.1428571428571428,0.0,5.0,0.063,optimal
2021-02-11 06:00:00,67,6,1.1428571428571428,0.0,5.0,0.15009999999999998,optimal
2021-02-11 06:30:00,67,6,1.1428571428571428,0.387037037037037,5.0,0.12263333333333334,optimal
2021-02-11 07:00:00,67,6,1.1428571428571428,0.23222222222222222,5.0,0.061,optimal
2021-02-11 07:30:00,67,6,1.1428571428571428,0.46444444444444444,0.0,1.5065,optimal
2021-02-11 08:00:00,67,6,0.6808769459539821,2.3222222222222215,0.0,0.2253666666666667,optimal
2021-02-11 08:30:00,67,6,0.6842192956969211,0.8514814814814814,0.0,0.33413333333333334,optimal
2021-02-11 09:00:00,67,6,0.25652497420178194,0.23222222222222222,0.0,2.882433333333333,optimal
2021-02-11 09:30:00,67,6,0.5304381746485995,0.0,0.0,0.31726666666666664,optimal
2021-02-11 10:00:00,67,6,0.2578069184074922,0.0,0.0,0.24703333333333333,optimal
2021-02-11 10:30:00,67,6,0.49896869833158997,0.0,0.0,0.073,optimal
2021-02-11 11:00:00,67,6,0.3428395767973035,0.0,0.0,0.1199,optimal
2021-02-11 11:30:00,67,6,0.29536592332075146,0.0,0.0,0.1735,optimal
2021-02-11 12:00:00,67,6,0.1621898843204237,0.0,0.0,0.073,optimal
2021-02-11 12:30:00,67,6,0.09986128940264749,0.0,0.0,0.1936,optimal
2021-02-11 13:00:00,67,6,1.1428571428571428,0.0,0.0,0.0998,optimal
2021-02-11 13:30:00,67,6,1.1428571428571428,0.0,0.0,0.073,optimal
2021-02-11 14:00:00,67,6,1.1428571428571428,0.0,0.0,0.1534,optimal
2021-02-11 14:30:00,67,6,1.1428571428571428,0.0,0.0,0.236,optimal
2021-02-11 15:00:00,67,6,1.1428571428571428,0.0,0.0,0.169,optimal
2021-02-11 15:30:00,67,6,1.1428571428571428,0.0,0.0,0.1668,optimal
2021-02-11 16:00:00,67,6,0.0,0.0,0.0,0.1266,optimal
2021-02-11 16:30:00,67,6,0.0,0.0,0.0,0.073,optimal
2021-02-11 17:00:00,67,6,0.0,0.0,0.0,0.27053333333333335,optimal
2021-02-11 17:30:00,67,6,0.0,0.46444444444444444,0.0,0.9996333333333333,optimal
2021-02-11 18:00:00,67,6,0.0,0.0,0.0,1.5415999999999999,optimal
2021-02-11 18:30:00,67,6,0.0,0.7028592592592591,0.0,0.7617999999999999,optimal
2021-02-11 19:00:00,67,6,0.0,0.07121481481481483,0.0,0.25566666666666665,optimal
2021-02-11 19:30:00,67,6,0.5697503998330984,0.0,0.0,0.6734,optimal
2021-02-11 20:00:00,67,6,0.9177020637652494,0.0,0.0,0.27446666666666664,optimal
2021-02-11 20:30:00,67,6,0.0,0.0,0.0,0.34136666666666665,optimal
2021-02-11 21:00:00,67,6,0.0,0.0774074074074074,0.0,0.233,optimal
2021-02-11 21:30:00,67,6,0.0,0.1548148148148148,0.0,0.5020666666666667,optimal
2021-02-11 22:00:00,67,6,0.0,0.0,0.0,0.073,optimal
2021-02-11 22:30:00,67,6,0.0,0.0,0.0,0.207,optimal
2021-02-11 23:00:00,67,6,0.0,0.0,0.0,0.0864,optimal
2021-02-11 23:30:00,67,6,0.0,0.0,0.0,0.073,optimal
2021-02-12 00:00:00,67,6,1.1428571428571428,0.0,0.0,0.06633333333333333,optimal
2021-02-12 00:30:00,67,6,1.1428571428571428,0.0,0.0,0.172,optimal
2021-02-12 01:00:00,67,6,1.1428571428571428,0.0,0.0,0.067,optimal
2021-02-12 01:30:00,67,6,1.1428571428571428,0.0,0.0,0.067,optimal
2021-02-12 02:00:00,67,6,1.1428571428571428,0.0,0.0,0.172,optimal
2021-02-12 02:30:00,67,6,1.1428571428571428,0.0,0.0,0.067,optimal
2021-02-12 03:00:00,67,6,1.1428571428571428,0.0,0.0,0.18706666666666663,optimal
2021-02-12 03:30:00,67,6,1.1428571428571428,0.0,0.0,0.067,optimal
2021-02-12 04:00:00,67,6,1.1428571428571428,0.0,0.0,0.067,optimal
2021-02-12 04:30:00,67,6,1.1428571428571428,0.0774074074074074,0.0,0.17133333333333334,optimal
2021-02-12 05:00:00,67,6,1.1428571428571428,0.0,0.0,0.067,optimal
2021-02-12 05:30:00,67,6,1.1428571428571428,0.0,0.0,0.067,optimal
2021-02-12 06:00:00,67,6,1.1428571428571428,0.0,1.4228111518374182,0.172,optimal
2021-02-12 06:30:00,67,6,1.1428571428571428,0.0,5.0,0.067,optimal
2021-02-12 07:00:00,67,6,1.1428571428571428,1.7029629629629628,5.0,1.2387666666666668,optimal
2021-02-12 07:30:00,67,6,1.1428571428571428,6.158760919857949,0.0,1.0942333333333332,optimal
2021-02-12 08:00:00,67,6,0.729057648659322,2.1674074074074072,0.0,0.9575333333333332,optimal
2021-02-12 08:30:00,67,6,0.5295058610149828,0.46444444444444444,0.0,3.0598666666666667,optimal
2021-02-12 09:00:00,67,6,0.5084894132313608,0.0774074074074074,0.0,2.2641,optimal
2021-02-12 09:30:00,67,6,0.6328733630334683,2.0899999999999994,0.0,0.331,optimal
2021-02-12 10:00:00,67,6,0.3222116910929163,0.0,0.0,0.5616666666666666,optimal
2021-02-12 10:30:00,67,6,0.32506193304828135,0.387037037037037,0.0,0.4666,optimal
2021-02-12 11:00:00,67,6,0.10629088981818836,0.23222222222222222,0.0,0.5812666666666666,optimal
2021-02-12 11:30:00,67,6,0.15436597958641102,0.0,0.0,0.3147,optimal
2021-02-12 12:00:00,67,6,0.1395371581449996,0.0774074074074074,0.0,0.19756666666666664,optimal
2021-02-12 12:30:00,67,6,0.1916027241037029,0.0,0.0,0.1745,optimal
2021-02-12 13:00:00,67,6,1.1428571428571428,0.0,0.0,0.077,optimal
2021-02-12 13:30:00,67,6,1.1428571428571428,0.0,0.0,0.137,optimal
2021-02-12 14:00:00,67,6,1.1428571428571428,0.0,0.0,0.122,optimal
2021-02-12 14:30:00,67,6,1.1428571428571428,0.0,0.0,0.19833333333333328,optimal
2021-02-12 15:00:00,67,6,1.1428571428571428,0.0,0.0,0.5845333333333333,optimal
2021-02-12 15:30:00,67,6,1.1428571428571428,0.0,0.0,0.19256666666666664,optimal
2021-02-12 16:00:00,67,6,0.0,0.0,0.0,0.152,optimal
2021-02-12 16:30:00,67,6,0.0,0.0,0.0,0.107,optimal
2021-02-12 17:00:00,67,6,0.0,0.0,0.0,0.077,optimal
2021-02-12 17:30:00,67,6,0.0,0.0,0.0,0.182,optimal
2021-02-12 18:00:00,67,6,0.0,0.0,0.0,0.077,optimal
2021-02-12 18:30:00,67,6,0.0,0.0,0.0,2.8136666666666663,optimal
2021-02-12 19:00:00,67,6,0.0,0.0,0.0,1.4776666666666667,optimal
2021-02-12 19:30:00,67,6,0.2634160108878639,0.0,0.0,0.20516666666666664,optimal
2021-02-12 20:00:00,67,6,0.6640160521686103,0.0774074074074074,0.0,2.1385666666666667,optimal
2021-02-12 20:30:00,67,6,0.0,1.7803703703703702,0.0,0.2726,optimal
2021-02-12 21:00:00,67,6,0.0,0.0,0.0,1.8636666666666668,optimal
2021-02-12 21:30:00,67,6,0.0,0.0,0.0,0.9091,optimal
2021-02-12 22:00:00,67,6,0.0,0.1548148148148148,0.0,1.4168666666666665,optimal
2021-02-12 22:30:00,67,6,0.0,0.0,0.0,0.45430000000000004,optimal
2021-02-12 23:00:00,67,6,0.0,0.0,0.0,1.4063333333333332,optimal
2021-02-12 23:30:00,67,6,0.0,0.1548148148148148,0.0,2.9975666666666667,optimal
2021-02-13 00:00:00,67,6,0.0,0.0,0.0,0.046,optimal
2021-02-13 00:30:00,67,6,0.0,0.0,0.0,0.15553333333333333,optimal
2021-02-13 01:00:00,67,6,0.0,0.0,0.0,0.12193333333333334,optimal
2021-02-13 01:30:00,67,6,1.054222986764797,0.0,0.0,0.05853333333333333,optimal
2021-02-13 02:00:00,67,6,1.1428571428571428,0.0,0.0,0.3043333333333333,optimal
2021-02-13 02:30:00,67,6,1.1428571428571428,0.0,0.0,0.046,optimal
2021-02-13 03:00:00,67,6,1.1428571428571428,0.0,0.0,0.1024,optimal
2021-02-13 03:30:00,67,6,1.1428571428571428,0.0,0.0,0.13140000000000002,optimal
2021-02-13 04:00:00,67,6,1.1428571428571428,0.0,0.0,0.17506666666666668,optimal
2021-02-13 04:30:00,67,6,1.1428571428571428,0.0,0.0,0.1695,optimal
2021-02-13 05:00:00,67,6,1.1428571428571428,0.1548148148148148,0.0,0.3781333333333333,optimal
2021-02-13 05:30:00,67,6,1.1428571428571428,0.0,3.7662425150143455,0.15319999999999998,optimal
2021-02-13 06:00:00,67,6,1.1428571428571428,0.1548148148148148,5.0,0.12940000000000002,optimal
2021-02-13 06:30:00,67,6,1.1428571428571428,1.006296296296296,5.0,0.13826666666666668,optimal
2021-02-13 07:00:00,67,6,1.1428571428571428,2.2448148148148146,0.0,2.960333333333333,optimal
2021-02-13 07:30:00,67,6,1.1428571428571428,0.387037037037037,0.0,1.2615999999999998,optimal
2021-02-13 08:00:00,67,6,0.7632007084993891,0.0,0.0,0.07440000000000001,optimal
2021-02-13 08:30:00,67,6,0.7048948458866643,0.1548148148148148,0.0,0.2968,optimal
2021-02-13 09:00:00,67,6,0.651782085488608,0.5062444444444444,0.0,0.23186666666666667,optimal
2021-02-13 09:30:00,67,6,0.6556032486154745,0.035607407407407414,0.0,0.49426666666666663,optimal
2021-02-13 10:00:00,67,6,0.33802542891935883,0.1548148148148148,0.0,1.6234666666666666,optimal
2021-02-13 10:30:00,67,6,0.4086605186875905,0.0,0.0,0.3797,optimal
2021-02-13 11:00:00,67,6,0.1573637176470468,0.6966666666666667,0.0,1.472,optimal
2021-02-13 11:30:00,67,6,0.0,0.6192592592592592,0.0,1.2629333333333335,optimal
2021-02-13 12:00:00,67,6,0.012611949032821028,0.1548148148148148,0.0,0.6216,optimal
2021-02-13 12:30:00,67,6,0.03459715118765444,0.387037037037037,0.0,0.6139,optimal
2021-02-13 13:00:00,67,6,0.17191561739928035,0.0774074074074074,0.0,0.32939999999999997,optimal
2021-02-13 13:30:00,67,6,1.1428571428571428,0.0,0.0,0.3634,optimal
2021-02-13 14:00:00,67,6,1.1428571428571428,0.5418518518518518,0.0,0.4906333333333333,optimal
2021-02-13 14:30:00,67,6,1.1428571428571428,0.387037037037037,0.0,0.29806666666666665,optimal
2021-02-13 15:00:00,67,6,1.1428571428571428,1.0837037037037036,0.0,0.38930000000000003,optimal
2021-02-13 15:30:00,67,6,1.1428571428571428,0.6192592592592592,0.0,0.40463333333333334,optimal
2021-02-13 16:00:00,67,6,0.0,0.1548148148148148,0.0,1.9121,optimal
2021-02-13 16:30:00,67,6,0.0,0.0774074074074074,0.0,1.7771333333333335,optimal
2021-02-13 17:00:00,67,6,0.0,0.1548148148148148,0.0,0.5943999999999999,optimal
2021-02-13 17:30:00,67,6,0.0,0.0,0.0,0.6673333333333333,optimal
2021-02-13 18:00:00,67,6,0.0,0.387037037037037,0.0,0.44310000000000005,optimal
2021-02-13 18:30:00,67,6,0.0,0.23222222222222222,0.0,2.7726666666666664,optimal
2021-02-13 19:00:00,67,6,0.0,0.0,0.0,0.2447333333333333,optimal
2021-02-13 19:30:00,67,6,0.0,0.0,0.0,1.7904,optimal
2021-02-13 20:00:00,67,6,0.0,0.0,0.0,0.32303333333333334,optimal
2021-02-13 20:30:00,67,6,0.0,0.1548148148148148,0.0,1.8425,optimal
2021-02-13 21:00:00,67,6,0.0,0.0,0.0,0.33703333333333335,optimal
2021-02-13 21:30:00,67,6,0.0,0.0774074074074074,0.0,0.1957333333333333,optimal
2021-02-13 22:00:00,67,6,0.0,0.0,0.0,0.5331666666666667,optimal
2021-02-13 22:30:00,67,6,0.0,1.006296296296296,0.0,0.35896666666666666,optimal
2021-02-13 23:00:00,67,6,0.0,0.0,0.0,0.0865,optimal
2021-02-13 23:30:00,67,6,0.0,0.0,0.0,0.2525,optimal
2021-02-07 00:00:00,68,6,0.0,0.0,0.0,1.1833333333333333,optimal
2021-02-07 00:30:00,68,6,0.0,0.0,0.0,0.10806666666666666,optimal
2021-02-07 01:00:00,68,6,0.0,0.0,0.0,0.067,optimal
2021-02-07 01:30:00,68,6,0.0,0.0,0.0,0.067,optimal
2021-02-07 02:00:00,68,6,0.0,0.0,0.0,0.067,optimal
2021-02-07 02:30:00,68,6,0.0,0.0,0.0,0.067,optimal
2021-02-07 03:00:00,68,6,0.0,0.0,0.0,0.067,optimal
2021-02-07 03:30:00,68,6,0.0,0.0,0.0,0.067,optimal
2021-02-07 04:00:00,68,6,1.1428571428571428,0.23222222222222222,0.0,0.08166666666666667,optimal
2021-02-07 04:30:00,68,6,1.1428571428571428,2.2448148148148146,0.0,0.14873333333333333,optimal
2021-02-07 05:00:00,68,6,1.1428571428571428,0.6966666666666667,0.0,0.182,optimal
2021-02-07 05:30:00,68,6,1.1428571428571428,0.0774074074074074,0.0,0.182,optimal
2021-02-07 06:00:00,68,6,1.1428571428571428,0.0,0.0,0.182,optimal
2021-02-07 06:30:00,68,6,1.1428571428571428,2.2448148148148146,0.0,0.58,optimal
2021-02-07 07:00:00,68,6,1.1428571428571428,4.876666666666668,1.6063785740462473,2.1488,optimal
2021-02-07 07:30:00,68,6,0.0,0.5418518518518518,0.0,0.997,optimal
2021-02-07 08:00:00,68,6,0.0,0.0,0.0,0.10533333333333332,optimal
2021-02-07 08:30:00,68,6,0.0,0.0,0.0,0.067,optimal
2021-02-07 09:00:00,68,6,0.560457110284093,0.0,0.0,0.067,optimal
2021-02-07 09:30:00,68,6,0.7184671043959717,0.0,0.0,0.067,optimal
2021-02-07 10:00:00,68,6,0.642744394840832,0.0,0.0,0.067,optimal
2021-02-07 10:30:00,68,6,0.647032310542472,0.0,0.0,0.067,optimal
2021-02-07 11:00:00,68,6,0.5525697963251529,0.0,0.0,0.067,optimal
2021-02-07 11:30:00,68,6,0.5525697963251529,0.0,0.0,0.067,optimal
2021-02-07 12:00:00,68,6,0.48479989343959334,0.0,0.0,0.067,optimal
2021-02-07 12:30:00,68,6,0.48479989343959334,0.0,0.0,0.067,optimal
2021-02-07 13:00:00,68,6,1.1428571428571428,0.0,0.0,0.067,optimal
2021-02-07 13:30:00,68,6,1.1428571428571428,0.0,0.0,0.067,optimal
2021-02-07 14:00:00,68,6,1.1428571428571428,0.0,0.0,0.067,optimal
2021-02-07 14:30:00,68,6,1.1428571428571428,0.0,0.0,0.067,optimal
2021-02-07 15:00:00,68,6,1.1428571428571428,0.0,0.0,0.16393333333333335,optimal
2021-02-07 15:30:00,68,6,1.1428571428571428,0.0,0.0,0.396,optimal
2021-02-07 16:00:00,68,6,0.0,0.0,0.0,0.3896,optimal
2021-02-07 16:30:00,68,6,0.0,0.23222222222222222,0.0,1.3354000000000001,optimal
2021-02-07 17:00:00,68,6,0.0,0.387037037037037,0.0,1.381,optimal
2021-02-07 17:30:00,68,6,0.0,0.0774074074074074,0.0,0.2159,optimal
2021-02-07 18:00:00,68,6,0.0,0.23222222222222222,0.0,0.182,optimal
2021-02-07 18:30:00,68,6,0.0,0.46444444444444444,0.0,0.31139999999999995,optimal
2021-02-07 19:00:00,68,6,0.0,0.0774074074074074,0.0,0.37310000000000004,optimal
2021-02-07 19:30:00,68,6,0.09238393764277378,0.0,0.0,0.067,optimal
2021-02-07 20:00:00,68,6,0.7720600019707243,0.0,0.0,0.067,optimal
2021-02-07 20:30:00,68,6,0.0,0.0,0.0,0.15166666666666664,optimal
2021-02-07 21:00:00,68,6,0.0,0.0,0.0,0.19080000000000003,optimal
2021-02-07 21:30:00,68,6,0.0,0.0,0.0,0.18869999999999998,optimal
2021-02-07 22:00:00,68,6,0.0,0.0774074074074074,0.0,0.323,optimal
2021-02-07 22:30:00,68,6,0.0,0.6192592592592592,0.0,1.2873333333333332,optimal
2021-02-07 23:00:00,68,6,0.0,1.7029629629629628,0.0,0.1263,optimal
2021-02-07 23:30:00,68,6,0.0,0.0,0.0,0.09753333333333332,optimal
2021-02-08 00:00:00,68,6,0.0,0.0,0.0,0.17173333333333332,optimal
2021-02-08 00:30:00,68,6,0.0,0.0,0.0,0.05,optimal
2021-02-08 01:00:00,68,6,0.0,0.0,0.0,0.05,optimal
2021-02-08 01:30:00,68,6,0.0,0.0,0.0,0.1662,optimal
2021-02-08 02:00:00,68,6,0.37368299925088794,0.0,0.0,0.05553333333333333,optimal
2021-02-08 02:30:00,68,6,1.1428571428571428,0.0,0.0,0.05,optimal
2021-02-08 03:00:00,68,6,1.1428571428571428,0.0,0.0,0.05,optimal
2021-02-08 03:30:00,68,6,1.1428571428571428,0.0,0.0,0.05,optimal
2021-02-08 04:00:00,68,6,1.1428571428571428,0.0,0.0,0.05,optimal
2021-02-08 04:30:00,68,6,1.1428571428571428,0.0,0.0,0.05,optimal
2021-02-08 05:00:00,68,6,1.1428571428571428,0.0,0.0,0.17173333333333332,optimal
2021-02-08 05:30:00,68,6,1.1428571428571428,0.0,0.0,0.05,optimal
2021-02-08 06:00:00,68,6,1.1428571428571428,0.3096296296296296,0.0,0.24769999999999998,optimal
2021-02-08 06:30:00,68,6,1.1428571428571428,6.115185185185185,0.0,0.6513333333333333,optimal
2021-02-08 07:00:00,68,6,1.1428571428571428,0.1548148148148148,3.767250440995724,2.333,optimal
2021-02-08 07:30:00,68,6,1.1428571428571428,0.8514814814814814,0.0,2.0032333333333328,optimal
2021-02-08 08:00:00,68,6,0.37329210320299344,0.6192592592592592,0.0,2.702933333333333,optimal
2021-02-08 08:30:00,68,6,0.5056409712855916,0.0774074074074074,0.0,0.2763333333333333,optimal
2021-02-08 09:00:00,68,6,0.17128235905547143,0.387037037037037,0.0,3.5518666666666667,optimal
2021-02-08 09:30:00,68,6,0.32161619978873385,4.876666666666668,0.0,0.46886666666666665,optimal
2021-02-08 10:00:00,68,6,0.0,0.46444444444444444,0.0,1.5454,optimal
2021-02-08 10:30:00,68,6,0.0,0.1548148148148148,0.0,2.3,optimal
2021-02-08 11:00:00,68,6,0.05235663142048856,1.006296296296296,0.0,2.162333333333333,optimal
2021-02-08 11:30:00,68,6,0.015774730125773385,0.6966666666666667,0.0,2.160366666666667,optimal
2021-02-08 12:00:00,68,6,0.0,0.23222222222222222,0.0,2.211,optimal
2021-02-08 12:30:00,68,6,0.0,0.387037037037037,0.0,0.6950333333333333,optimal
2021-02-08 13:00:00,68,6,0.0,0.1548148148148148,5.0,2.0849333333333333,optimal
2021-02-08 13:30:00,68,6,1.0423964501330614,0.46444444444444444,0.0,0.8184333333333332,optimal
2021-02-08 14:00:00,68,6,1.1428571428571428,0.1548148148148148,0.0,1.9994333333333327,optimal
2021-02-08 14:30:00,68,6,1.1428571428571428,0.1548148148148148,0.0,2.0634333333333332,optimal
2021-02-08 15:00:00,68,6,1.1428571428571428,0.23222222222222222,0.0,1.2803666666666667,optimal
2021-02-08 15:30:00,68,6,1.1428571428571428,0.5418518518518518,0.0,0.368,optimal
2021-02-08 16:00:00,68,6,0.0,0.0,0.0,0.3717,optimal
2021-02-08 16:30:00,68,6,0.0,0.0,0.0,1.5126666666666668,optimal
2021-02-08 17:00:00,68,6,0.0,0.3096296296296296,0.0,0.27366666666666667,optimal
2021-02-08 17:30:00,68,6,0.0,0.1548148148148148,0.0,0.33123333333333327,optimal
2021-02-08 18:00:00,68,6,0.0,0.387037037037037,0.0,1.7946666666666666,optimal
2021-02-08 18:30:00,68,6,0.0,0.0774074074074074,0.0,0.5635333333333333,optimal
2021-02-08 19:00:00,68,6,0.0,0.23222222222222222,0.0,0.34663333333333335,optimal
2021-02-08 19:30:00,68,6,0.0,0.23222222222222222,0.0,0.6746333333333333,optimal
2021-02-08 20:00:00,68,6,0.0,2.2448148148148146,0.0,2.2516,optimal
2021-02-08 20:30:00,68,6,0.0,0.0774074074074074,0.0,2.2545666666666664,optimal
2021-02-08 21:00:00,68,6,0.0,0.0,0.0,0.8597,optimal
2021-02-08 21:30:00,68,6,0.0,0.23222222222222222,0.0,1.9894666666666667,optimal
2021-02-08 22:00:00,68,6,0.0,0.46444444444444444,0.0,1.4259333333333335,optimal
2021-02-08 22:30:00,68,6,0.0,0.0,0.0,2.482333333333333,optimal
2021-02-08 23:00:00,68,6,0.0,0.3096296296296296,0.0,1.4784333333333335,optimal
2021-02-08 23:30:00,68,6,0.0,0.0774074074074074,0.0,2.224333333333333,optimal
2021-02-09 00:00:00,68,6,0.0,0.0,0.0,0.09446666666666668,optimal
2021-02-09 00:30:00,68,6,0.0,0.0,0.0,0.10553333333333331,optimal
2021-02-09 01:00:00,68,6,0.0,0.0,0.0,0.22440000000000002,optimal
2021-02-09 01:30:00,68,6,0.5851792699972773,0.0,0.0,0.11040000000000001,optimal
2021-02-09 02:00:00,68,6,1.1428571428571428,0.0,0.0,0.052,optimal
2021-02-09 02:30:00,68,6,1.1428571428571428,0.0,0.0,0.052,optimal
2021-02-09 03:00:00,68,6,1.1428571428571428,0.0,0.0,0.2524666666666667,optimal
2021-02-09 03:30:00,68,6,1.1428571428571428,0.0,0.0,0.08233333333333333,optimal
2021-02-09 04:00:00,68,6,1.1428571428571428,0.0,0.0,0.2039333333333333,optimal
2021-02-09 04:30:00,68,6,1.1428571428571428,0.0,0.0,0.1308666666666667,optimal
2021-02-09 05:00:00,68,6,1.1428571428571428,0.0,0.0,0.14933333333333335,optimal
2021-02-09 05:30:00,68,6,1.1428571428571428,0.0,0.0,0.18546666666666667,optimal
2021-02-09 06:00:00,68,6,1.1428571428571428,0.0,3.437373940350537,0.06659999999999999,optimal
2021-02-09 06:30:00,68,6,1.1428571428571428,0.0,5.0,0.2226,optimal
2021-02-09 07:00:00,68,6,1.1428571428571428,0.0,5.0,0.10693333333333334,optimal
2021-02-09 07:30:00,68,6,1.1428571428571428,0.0,0.0,0.10353333333333331,optimal
2021-02-09 08:00:00,68,6,0.5778376302320016,0.46444444444444444,0.0,1.3873666666666666,optimal
2021-02-09 08:30:00,68,6,0.35571242334621106,0.0,0.0,1.0413,optimal
2021-02-09 09:00:00,68,6,0.47667002741141024,0.8514814814814814,0.0,0.1984,optimal
2021-02-09 09:30:00,68,6,0.43453008983032204,0.0,0.0,0.35206666666666664,optimal
2021-02-09 10:00:00,68,6,0.26581335157832764,0.8514814814814814,0.0,0.26039999999999996,optimal
2021-02-09 10:30:00,68,6,0.2642745147051997,0.0,0.0,0.3827,optimal
2021-02-09 11:00:00,68,6,0.140767050989167,0.387037037037037,0.0,0.27586666666666665,optimal
2021-02-09 11:30:00,68,6,0.11251833123358847,0.23222222222222222,0.0,0.2959,optimal
2021-02-09 12:00:00,68,6,0.0,0.23222222222222222,0.0,0.47143333333333326,optimal
2021-02-09 12:30:00,68,6,0.06327300499487275,0.0,0.0,0.1993,optimal
2021-02-09 13:00:00,68,6,0.0,1.6658074074074074,0.0,0.38753333333333334,optimal
2021-02-09 13:30:00,68,6,0.9524123065096539,3.4430814814814816,0.0,0.1805,optimal
2021-02-09 14:00:00,68,6,1.1428571428571428,0.0,0.0,0.11876666666666667,optimal
2021-02-09 14:30:00,68,6,1.1428571428571428,0.0,0.0,0.26253333333333334,optimal
2021-02-09 15:00:00,68,6,1.1428571428571428,0.0,0.0,0.062,optimal
2021-02-09 15:30:00,68,6,1.1428571428571428,0.0,0.0,0.062,optimal
2021-02-09 16:00:00,68,6,0.0,0.0,0.0,0.062,optimal
2021-02-09 16:30:00,68,6,0.0,0.0,0.0,0.15933333333333335,optimal
2021-02-09 17:00:00,68,6,0.0,0.0,0.0,0.19546666666666668,optimal
2021-02-09 17:30:00,68,6,0.0,0.0,0.0,0.3505,optimal
2021-02-09 18:00:00,68,6,0.0,0.6192592592592592,0.0,0.2708,optimal
2021-02-09 18:30:00,68,6,0.0,0.0,0.0,0.9646666666666667,optimal
2021-02-09 19:00:00,68,6,0.0,0.23222222222222222,0.0,3.5363,optimal
2021-02-09 19:30:00,68,6,0.0,2.4770370370370367,0.0,3.7793333333333337,optimal
2021-02-09 20:00:00,68,6,0.0,0.23222222222222222,0.0,1.3912,optimal
2021-02-09 20:30:00,68,6,0.0,0.3096296296296296,0.0,0.2734,optimal
2021-02-09 21:00:00,68,6,0.0,0.0,0.0,0.2694,optimal
2021-02-09 21:30:00,68,6,0.0,0.0,0.0,0.5498,optimal
2021-02-09 22:00:00,68,6,0.0,0.387037037037037,0.0,0.7182000000000001,optimal
2021-02-09 22:30:00,68,6,0.0,0.1548148148148148,0.0,0.14766666666666667,optimal
2021-02-09 23:00:00,68,6,0.0,0.0774074074074074,0.0,0.23733333333333329,optimal
2021-02-09 23:30:00,68,6,0.0,0.0,0.0,0.2401,optimal
2021-02-10 00:00:00,68,6,0.0,0.0,0.0,0.059,optimal
2021-02-10 00:30:00,68,6,0.0,0.0,0.0,0.14393333333333333,optimal
2021-02-10 01:00:00,68,6,0.0,0.0,0.0,0.059,optimal
2021-02-10 01:30:00,68,6,0.8427619048747063,0.0,0.0,0.0772,optimal
2021-02-10 02:00:00,68,6,1.1428571428571428,0.0,0.0,0.1257333333333333,optimal
2021-02-10 02:30:00,68,6,1.1428571428571428,0.0,0.0,0.059,optimal
2021-02-10 03:00:00,68,6,1.1428571428571428,0.0,0.0,0.059,optimal
2021-02-10 03:30:00,68,6,1.1428571428571428,0.0,0.0,0.14393333333333333,optimal
2021-02-10 04:00:00,68,6,1.1428571428571428,0.0,0.0,0.059,optimal
2021-02-10 04:30:00,68,6,1.1428571428571428,0.0,2.1191488636449662,0.0772,optimal
2021-02-10 05:00:00,68,6,1.1428571428571428,0.0,5.0,0.1257333333333333,optimal
2021-02-10 05:30:00,68,6,1.1428571428571428,0.0,5.0,0.06266666666666666,optimal
2021-02-10 06:00:00,68,6,1.1428571428571428,0.0,5.0,0.12966666666666665,optimal
2021-02-10 06:30:00,68,6,1.1428571428571428,0.0,5.0,0.09193333333333334,optimal
2021-02-10 07:00:00,68,6,1.1428571428571428,0.0774074074074074,5.0,0.058,optimal
2021-02-10 07:30:00,68,6,1.1428571428571428,2.631851851851852,0.0,0.113,optimal
2021-02-10 08:00:00,68,6,0.7081120577180067,0.5418518518518518,0.0,0.10933333333333331,optimal
2021-02-10 08:30:00,68,6,0.7213362263147302,0.387037037037037,0.0,0.07859999999999999,optimal
2021-02-10 09:00:00,68,6,0.5815988415582563,0.8514814814814814,0.0,0.15193333333333334,optimal
2021-02-10 09:30:00,68,6,0.5832896768216574,0.0,0.0,0.1242,optimal
2021-02-10 10:00:00,68,6,0.40544610624002964,0.0,0.0,0.11106666666666666,optimal
2021-02-10 10:30:00,68,6,0.009993280306629259,0.0,0.0,2.02,optimal
2021-02-10 11:00:00,68,6,0.0058268252048132105,0.0,0.0,1.6419000000000001,optimal
2021-02-10 11:30:00,68,6,0.20492176664603226,0.0,0.0,0.3697,optimal
2021-02-10 12:00:00,68,6,0.13582417925716148,0.1548148148148148,0.0,0.21159999999999998,optimal
2021-02-10 12:30:00,68,6,0.21841465544763122,0.0,0.0,0.0872,optimal
2021-02-10 13:00:00,68,6,1.1428571428571428,0.0,0.0,0.069,optimal
2021-02-10 13:30:00,68,6,1.1428571428571428,0.0,0.0,0.07506666666666666,optimal
2021-02-10 14:00:00,68,6,1.1428571428571428,0.0,0.0,0.23053333333333334,optimal
2021-02-10 14:30:00,68,6,1.1428571428571428,0.1548148148148148,0.0,0.193,optimal
2021-02-10 15:00:00,68,6,1.1428571428571428,0.0774074074074074,0.0,0.5680666666666667,optimal
2021-02-10 15:30:00,68,6,1.1428571428571428,0.0774074074074074,0.0,0.2919333333333333,optimal
2021-02-10 16:00:00,68,6,0.0,0.0,0.0,0.2062,optimal
2021-02-10 16:30:00,68,6,0.0,0.0,0.0,0.15393333333333334,optimal
2021-02-10 17:00:00,68,6,0.0,0.0,0.0,0.069,optimal
2021-02-10 17:30:00,68,6,0.0,0.0,0.0,0.181,optimal
2021-02-10 18:00:00,68,6,0.0,0.0,0.0,0.3115333333333334,optimal
2021-02-10 18:30:00,68,6,0.0,0.387037037037037,0.0,0.37010000000000004,optimal
2021-02-10 19:00:00,68,6,0.0,0.23222222222222222,0.0,0.0714,optimal
2021-02-10 19:30:00,68,6,0.0,1.975437037037037,0.0,0.2814,optimal
2021-02-10 20:00:00,68,6,0.17959879001844814,0.26937777777777794,0.0,0.44110000000000005,optimal
2021-02-10 20:30:00,68,6,0.0,2.4770370370370367,0.0,0.3412333333333333,optimal
2021-02-10 21:00:00,68,6,0.0,0.0,0.0,0.4256666666666667,optimal
2021-02-10 21:30:00,68,6,0.0,0.0,0.0,0.2744,optimal
2021-02-10 22:00:00,68,6,0.0,0.1548148148148148,0.0,0.16836666666666666,optimal
2021-02-10 22:30:00,68,6,0.0,0.0,0.0,0.16846666666666668,optimal
2021-02-10 23:00:00,68,6,0.0,0.0,0.0,0.069,optimal
2021-02-10 23:30:00,68,6,0.0,0.0,0.0,0.11753333333333332,optimal
2021-02-11 00:00:00,68,6,0.7490225005395154,0.0,0.0,0.059,optimal
2021-02-11 00:30:00,68,6,1.1428571428571428,0.0,0.0,0.171,optimal
2021-02-11 01:00:00,68,6,1.1428571428571428,0.0,0.0,0.202,optimal
2021-02-11 01:30:00,68,6,1.1428571428571428,0.0,0.0,0.1598,optimal
2021-02-11 02:00:00,68,6,1.1428571428571428,0.0,0.0,0.1677,optimal
2021-02-11 02:30:00,68,6,1.1428571428571428,0.0,0.0,0.1045,optimal
2021-02-11 03:00:00,68,6,1.1428571428571428,0.0,0.0,0.171,optimal
2021-02-11 03:30:00,68,6,1.1428571428571428,0.0,0.0,0.202,optimal
2021-02-11 04:00:00,68,6,1.1428571428571428,0.0,0.0,0.059,optimal
2021-02-11 04:30:00,68,6,1.1428571428571428,0.0,1.516197535097116,0.0655,optimal
2021-02-11 05:00:00,68,6,1.1428571428571428,0.0,5.0,0.21230000000000002,optimal
2021-02-11 05:30:00,68,6,1.1428571428571428,0.0,5.0,0.15419999999999998,optimal
2021-02-11 06:00:00,68,6,1.1428571428571428,0.0,5.0,0.072,optimal
2021-02-11 06:30:00,68,6,1.1428571428571428,0.0,5.0,0.217,optimal
2021-02-11 07:00:00,68,6,1.1428571428571428,0.0,5.0,0.143,optimal
2021-02-11 07:30:00,68,6,1.1428571428571428,0.35142962962962954,0.0,0.17833333333333334,optimal
2021-02-11 08:00:00,68,6,0.7630769459539802,0.11301481481481486,0.0,0.1986,optimal
2021-02-11 08:30:00,68,6,0.9155659623635793,0.387037037037037,0.0,0.08473333333333334,optimal
2021-02-11 09:00:00,68,6,0.776333545630354,0.0,0.0,0.11616666666666668,optimal
2021-02-11 09:30:00,68,6,0.7248400794105058,0.0,0.0,0.18209999999999998,optimal
2021-02-11 10:00:00,68,6,0.4524412041217728,0.0,0.0,0.1424,optimal
2021-02-11 10:30:00,68,6,0.46899726976016115,0.0,0.0,0.1695,optimal
2021-02-11 11:00:00,68,6,0.3165538625115896,0.0,0.0,0.2035,optimal
2021-02-11 11:30:00,68,6,0.32010878046360774,0.0,0.0,0.0785,optimal
2021-02-11 12:00:00,68,6,0.12850417003470743,0.0,0.0,0.19183333333333327,optimal
2021-02-11 12:30:00,68,6,0.13591843225978947,0.0,0.0,0.061,optimal
2021-02-11 13:00:00,68,6,1.1428571428571428,0.0,0.0,0.171,optimal
2021-02-11 13:30:00,68,6,1.1428571428571428,0.0,0.0,0.202,optimal
2021-02-11 14:00:00,68,6,1.1428571428571428,0.0,0.0,0.065,optimal
2021-02-11 14:30:00,68,6,1.1428571428571428,0.0,0.0,0.2673333333333333,optimal
2021-02-11 15:00:00,68,6,1.1428571428571428,0.0,0.0,0.111,optimal
2021-02-11 15:30:00,68,6,1.1428571428571428,0.0,0.0,0.09986666666666666,optimal
2021-02-11 16:00:00,68,6,0.0,0.23222222222222222,0.0,0.4516,optimal
2021-02-11 16:30:00,68,6,0.0,0.0,0.0,1.6155666666666666,optimal
2021-02-11 17:00:00,68,6,0.0,0.0,0.0,0.4148,optimal
2021-02-11 17:30:00,68,6,0.0,0.0,0.0,0.286,optimal
2021-02-11 18:00:00,68,6,0.0,0.0,0.0,0.1646,optimal
2021-02-11 18:30:00,68,6,0.0,0.23222222222222222,0.0,1.2216666666666667,optimal
2021-02-11 19:00:00,68,6,0.0,0.7167925925925925,0.0,0.6151,optimal
2021-02-11 19:30:00,68,6,0.5986920126691886,1.528022222222222,0.0,0.42260000000000003,optimal
2021-02-11 20:00:00,68,6,0.8574544447176261,0.0774074074074074,0.0,0.4868,optimal
2021-02-11 20:30:00,68,6,0.0,0.23222222222222222,0.0,0.5534,optimal
2021-02-11 21:00:00,68,6,0.0,1.548148148148148,0.0,1.4886666666666668,optimal
2021-02-11 21:30:00,68,6,0.0,0.5418518518518518,0.0,0.6185,optimal
2021-02-11 22:00:00,68,6,0.0,0.6192592592592592,0.0,0.4306333333333333,optimal
2021-02-11 22:30:00,68,6,0.0,0.0,0.0,0.5952999999999999,optimal
2021-02-11 23:00:00,68,6,0.0,0.0,0.0,0.8974,optimal
2021-02-11 23:30:00,68,6,0.0,0.0,0.0,2.640833333333333,optimal
2021-02-12 00:00:00,68,6,1.1428571428571428,0.0,0.0,0.033,optimal
2021-02-12 00:30:00,68,6,1.1428571428571428,0.0,0.0,0.2842333333333333,optimal
2021-02-12 01:00:00,68,6,1.1428571428571428,0.0,0.0,0.07833333333333332,optimal
2021-02-12 01:30:00,68,6,1.1428571428571428,0.0,0.0,0.125,optimal
2021-02-12 02:00:00,68,6,1.1428571428571428,0.0,0.0,0.033,optimal
2021-02-12 02:30:00,68,6,1.1428571428571428,0.0,0.0,0.033,optimal
2021-02-12 03:00:00,68,6,1.1428571428571428,0.0,0.0,0.1066,optimal
2021-02-12 03:30:00,68,6,1.1428571428571428,0.0,0.0,0.0514,optimal
2021-02-12 04:00:00,68,6,1.1428571428571428,0.0,0.0,0.046799999999999994,optimal
2021-02-12 04:30:00,68,6,1.1428571428571428,0.0,0.0,0.11120000000000001,optimal
2021-02-12 05:00:00,68,6,1.1428571428571428,0.0,3.630505227018202,0.033,optimal
2021-02-12 05:30:00,68,6,1.1428571428571428,0.387037037037037,5.0,0.20106666666666664,optimal
2021-02-12 06:00:00,68,6,1.1428571428571428,0.23222222222222222,5.0,0.2637,optimal
2021-02-12 06:30:00,68,6,1.1428571428571428,0.6192592592592592,0.0,1.0864,optimal
2021-02-12 07:00:00,68,6,1.1428571428571428,2.39962962962963,0.0,0.36669999999999997,optimal
2021-02-12 07:30:00,68,6,1.1428571428571428,3.8491218909093314,0.0,0.15533333333333335,optimal
2021-02-12 08:00:00,68,6,0.9891128867545622,0.0,0.0,0.09820000000000001,optimal
2021-02-12 08:30:00,68,6,1.0134601467292659,0.0,0.0,0.043,optimal
2021-02-12 09:00:00,68,6,0.848809413231361,0.1548148148148148,0.0,0.5979333333333333,optimal
2021-02-12 09:30:00,68,6,0.7431314582715667,0.1548148148148148,0.0,0.3385666666666667,optimal
2021-02-12 10:00:00,68,6,0.4760478815691121,0.0,0.0,0.1212,optimal
2021-02-12 10:30:00,68,6,0.47992479019114404,0.0,0.0,0.0476,optimal
2021-02-12 11:00:00,68,6,0.27259565172295297,0.0,0.0,0.13040000000000002,optimal
2021-02-12 11:30:00,68,6,0.29542312244355773,0.0,0.0,0.043,optimal
2021-02-12 12:00:00,68,6,0.20503239624023617,0.0,0.0,0.135,optimal
2021-02-12 12:30:00,68,6,0.22917415267513006,0.0,0.0,0.043,optimal
2021-02-12 13:00:00,68,6,1.1428571428571428,0.0,0.0,0.135,optimal
2021-02-12 13:30:00,68,6,1.1428571428571428,0.0,0.0,0.043,optimal
2021-02-12 14:00:00,68,6,1.1428571428571428,0.0,0.0,0.09359999999999999,optimal
2021-02-12 14:30:00,68,6,1.1428571428571428,0.0,0.0,0.0844,optimal
2021-02-12 15:00:00,68,6,1.1428571428571428,0.23222222222222222,0.0,0.06106666666666667,optimal
2021-02-12 15:30:00,68,6,1.1428571428571428,0.46444444444444444,0.0,0.18359999999999999,optimal
2021-02-12 16:00:00,68,6,0.0,0.0,0.0,0.19,optimal
2021-02-12 16:30:00,68,6,0.0,0.23222222222222222,0.0,0.28446666666666665,optimal
2021-02-12 17:00:00,68,6,0.0,0.0,0.0,0.15813333333333332,optimal
2021-02-12 17:30:00,68,6,0.0,0.0,0.0,0.5302333333333333,optimal
2021-02-12 18:00:00,68,6,0.0,0.3096296296296296,0.0,0.1216,optimal
2021-02-12 18:30:00,68,6,0.0,2.5544444444444445,0.0,0.0466,optimal
2021-02-12 19:00:00,68,6,0.0,0.0,0.0,0.1406,optimal
2021-02-12 19:30:00,68,6,0.0,0.387037037037037,0.0,0.17186666666666667,optimal
2021-02-12 20:00:00,68,6,0.4528216168214901,0.23222222222222222,0.0,0.28946666666666665,optimal
2021-02-12 20:30:00,68,6,0.0,0.0,0.0,0.27193333333333336,optimal
2021-02-12 21:00:00,68,6,0.0,0.0774074074074074,0.0,0.228,optimal
2021-02-12 21:30:00,68,6,0.0,0.23222222222222222,0.0,0.2918,optimal
2021-02-12 22:00:00,68,6,0.0,0.0,0.0,0.4068333333333333,optimal
2021-02-12 22:30:00,68,6,0.0,0.3096296296296296,0.0,0.37673333333333336,optimal
2021-02-12 23:00:00,68,6,0.0,0.5418518518518518,0.0,0.32280000000000003,optimal
2021-02-12 23:30:00,68,6,0.0,0.0,0.0,0.41086666666666666,optimal
2021-02-13 00:00:00,68,6,0.0,0.0,0.0,0.11516666666666668,optimal
2021-02-13 00:30:00,68,6,0.0,0.0,0.0,0.1955,optimal
2021-02-13 01:00:00,68,6,0.489801814742919,0.0,0.0,0.12313333333333334,optimal
2021-02-13 01:30:00,68,6,1.1428571428571428,0.0,0.0,0.15153333333333333,optimal
2021-02-13 02:00:00,68,6,1.1428571428571428,0.0,0.0,0.129,optimal
2021-02-13 02:30:00,68,6,1.1428571428571428,0.0,0.0,0.061,optimal
2021-02-13 03:00:00,68,6,1.1428571428571428,0.0,0.0,0.061,optimal
2021-02-13 03:30:00,68,6,1.1428571428571428,0.0,0.0,0.208,optimal
2021-02-13 04:00:00,68,6,1.1428571428571428,0.0,0.0,0.12333333333333331,optimal
2021-02-13 04:30:00,68,6,1.1428571428571428,0.0,0.0,0.157,optimal
2021-02-13 05:00:00,68,6,1.1428571428571428,0.0,0.0,0.17433333333333334,optimal
2021-02-13 05:30:00,68,6,1.1428571428571428,0.0,1.7035225913245189,0.14566666666666667,optimal
2021-02-13 06:00:00,68,6,1.1428571428571428,0.0,5.0,0.061,optimal
2021-02-13 06:30:00,68,6,1.1428571428571428,0.0,5.0,0.20683333333333329,optimal
2021-02-13 07:00:00,68,6,1.1428571428571428,2.3222222222222215,5.0,0.12416666666666669,optimal
2021-02-13 07:30:00,68,6,1.1428571428571428,5.728148148148147,0.0,0.108,optimal
2021-02-13 08:00:00,68,6,0.6285054704041488,0.387037037037037,0.0,0.3148666666666667,optimal
2021-02-13 08:30:00,68,6,0.7875138935057182,0.0,0.0,0.2158333333333333,optimal
2021-02-13 09:00:00,68,6,0.7771916092981414,0.0,0.0,0.08216666666666667,optimal
2021-02-13 09:30:00,68,6,0.7725194390916617,0.0,0.0,0.061,optimal
2021-02-13 10:00:00,68,6,0.4416616193955409,0.0,0.0,0.453,optimal
2021-02-13 10:30:00,68,6,0.5313271853542555,0.0,0.0,0.154,optimal
2021-02-13 11:00:00,68,6,0.33344562240895403,0.0,0.0,0.1898333333333333,optimal
2021-02-13 11:30:00,68,6,0.3451111883676675,0.0,0.0,0.1415,optimal
2021-02-13 12:00:00,68,6,0.2807707811750098,0.0,0.0,0.061,optimal
2021-02-13 12:30:00,68,6,0.1338161988067001,0.0774074074074074,0.0,0.307,optimal
2021-02-13 13:00:00,68,6,0.8561736380361238,0.0,0.0,0.4869666666666666,optimal
2021-02-13 13:30:00,68,6,1.1428571428571428,0.1548148148148148,0.0,0.7493,optimal
2021-02-13 14:00:00,68,6,1.1428571428571428,0.0,0.0,0.39066666666666666,optimal
2021-02-13 14:30:00,68,6,1.1428571428571428,0.0,0.0,0.1613,optimal
2021-02-13 15:00:00,68,6,1.1428571428571428,0.0774074074074074,0.0,0.44403333333333334,optimal
2021-02-13 15:30:00,68,6,1.1428571428571428,0.0,0.0,0.3561666666666667,optimal
2021-02-13 16:00:00,68,6,0.0,5.805555555555555,0.0,0.4,optimal
2021-02-13 16:30:00,68,6,0.0,0.6966666666666667,0.0,0.44789999999999996,optimal
2021-02-13 17:00:00,68,6,0.0,0.46444444444444444,0.0,0.2693666666666667,optimal
2021-02-13 17:30:00,68,6,0.0,0.3096296296296296,0.0,0.28753333333333336,optimal
2021-02-13 18:00:00,68,6,0.0,0.46444444444444444,0.0,0.1428,optimal
2021-02-13 18:30:00,68,6,0.0,0.0,0.0,0.21,optimal
2021-02-13 19:00:00,68,6,0.0,0.774074074074074,0.0,1.1742666666666668,optimal
2021-02-13 19:30:00,68,6,0.0,0.0,0.0,0.16943333333333332,optimal
2021-02-13 20:00:00,68,6,0.0,0.0,0.0,0.2631,optimal
2021-02-13 20:30:00,68,6,0.0,0.0,0.0,0.4653,optimal
2021-02-13 21:00:00,68,6,0.0,0.0,0.0,0.42019999999999996,optimal
2021-02-13 21:30:00,68,6,0.0,0.0,0.0,0.18030000000000002,optimal
2021-02-13 22:00:00,68,6,0.0,0.0,0.0,0.107,optimal
2021-02-13 22:30:00,68,6,0.0,0.0774074074074074,0.0,0.32963333333333333,optimal
2021-02-13 23:00:00,68,6,0.0,0.0,0.0,0.5184666666666667,optimal
2021-02-13 23:30:00,68,6,0.0,0.0,0.0,0.2695,optimal
2021-02-07 00:00:00,69,6,0.0,0.0,0.0,0.054,optimal
2021-02-07 00:30:00,69,6,0.0,0.0,0.0,0.20513333333333333,optimal
2021-02-07 01:00:00,69,6,0.0,0.0,0.0,0.17773333333333333,optimal
2021-02-07 01:30:00,69,6,0.0,0.0,0.0,0.1027,optimal
2021-02-07 02:00:00,69,6,0.0,0.0,0.0,0.2516333333333333,optimal
2021-02-07 02:30:00,69,6,0.0,0.0,0.0,0.1648,optimal
2021-02-07 03:00:00,69,6,0.0,0.0,0.0,0.2492666666666667,optimal
2021-02-07 03:30:00,69,6,0.0,0.0,0.0,0.14666666666666667,optimal
2021-02-07 04:00:00,69,6,1.1428571428571428,0.0,0.0,0.25503333333333333,optimal
2021-02-07 04:30:00,69,6,1.1428571428571428,0.0,0.0,0.15316666666666665,optimal
2021-02-07 05:00:00,69,6,1.1428571428571428,0.0,0.0,0.054,optimal
2021-02-07 05:30:00,69,6,1.1428571428571428,0.0,0.0,0.3614,optimal
2021-02-07 06:00:00,69,6,1.1428571428571428,0.0,0.0,0.07706666666666666,optimal
2021-02-07 06:30:00,69,6,1.1428571428571428,0.1548148148148148,0.0,0.3589,optimal
2021-02-07 07:00:00,69,6,1.1428571428571428,0.6192592592592592,1.7076336144509696,0.20676666666666668,optimal
2021-02-07 07:30:00,69,6,0.0,3.0188888888888883,0.0,0.06133333333333334,optimal
2021-02-07 08:00:00,69,6,0.0,5.728148148148147,0.0,0.171,optimal
2021-02-07 08:30:00,69,6,0.10943253389489128,2.3222222222222215,0.0,0.3162,optimal
2021-02-07 09:00:00,69,6,0.48491582415154777,0.23222222222222222,0.0,0.3664333333333333,optimal
2021-02-07 09:30:00,69,6,0.4109528186816892,0.0,0.0,2.401866666666667,optimal
2021-02-07 10:00:00,69,6,0.1224186805551208,0.0,0.0,1.8694000000000002,optimal
2021-02-07 10:30:00,69,6,0.42549135816151706,0.387037037037037,0.0,2.0006666666666666,optimal
2021-02-07 11:00:00,69,6,0.3823697963251571,0.0,0.0,0.47276666666666667,optimal
2021-02-07 11:30:00,69,6,0.3217793201346751,0.0,0.0,1.1351666666666667,optimal
2021-02-07 12:00:00,69,6,0.287542750582449,0.387037037037037,0.0,1.4456666666666667,optimal
2021-02-07 12:30:00,69,6,0.24845703629673668,0.23222222222222222,0.0,0.5002,optimal
2021-02-07 13:00:00,69,6,0.3625895189349602,0.0,0.0,0.31760000000000005,optimal
2021-02-07 13:30:00,69,6,0.9341433707137717,0.387037037037037,0.0,0.2761,optimal
2021-02-07 14:00:00,69,6,1.1428571428571428,0.0,0.0,1.6994333333333334,optimal
2021-02-07 14:30:00,69,6,1.1428571428571428,0.0,0.0,0.8513999999999999,optimal
2021-02-07 15:00:00,69,6,1.1428571428571428,2.1674074074074072,0.0,0.6123999999999999,optimal
2021-02-07 15:30:00,69,6,1.1428571428571428,0.0,0.0,0.1933,optimal
2021-02-07 16:00:00,69,6,0.0,0.6192592592592592,0.0,1.8403,optimal
2021-02-07 16:30:00,69,6,0.0,0.8514814814814814,0.0,2.0131666666666668,optimal
2021-02-07 17:00:00,69,6,0.0,0.23222222222222222,0.0,3.2701666666666664,optimal
2021-02-07 17:30:00,69,6,0.0,0.23222222222222222,0.0,0.6228666666666667,optimal
2021-02-07 18:00:00,69,6,0.0,0.0774074074074074,0.0,0.4543333333333333,optimal
2021-02-07 18:30:00,69,6,0.0,0.387037037037037,0.0,2.1981333333333333,optimal
2021-02-07 19:00:00,69,6,0.0,0.0774074074074074,0.0,0.6939333333333333,optimal
2021-02-07 19:30:00,69,6,0.0,0.1548148148148148,0.0,0.41883333333333334,optimal
2021-02-07 20:00:00,69,6,0.0,0.46444444444444444,0.0,0.5856666666666667,optimal
2021-02-07 20:30:00,69,6,0.0,0.0774074074074074,0.0,0.48,optimal
2021-02-07 21:00:00,69,6,0.0,0.0,0.0,0.6658666666666667,optimal
2021-02-07 21:30:00,69,6,0.0,0.3096296296296296,0.0,0.5315,optimal
2021-02-07 22:00:00,69,6,0.0,0.0,0.0,0.4400333333333334,optimal
2021-02-07 22:30:00,69,6,0.0,0.0,0.0,0.9100666666666668,optimal
2021-02-07 23:00:00,69,6,0.0,0.0,0.0,1.1196333333333335,optimal
2021-02-07 23:30:00,69,6,0.0,0.0,0.0,0.2526333333333333,optimal
2021-02-08 00:00:00,69,6,0.0,0.3096296296296296,0.0,0.27043333333333336,optimal
2021-02-08 00:30:00,69,6,0.0,0.0,0.0,0.12766666666666668,optimal
2021-02-08 01:00:00,69,6,0.0,0.0,0.0,0.09759999999999999,optimal
2021-02-08 01:30:00,69,6,0.3252723955851089,0.0,0.0,0.1348,optimal
2021-02-08 02:00:00,69,6,1.1428571428571428,0.0,0.0,0.048,optimal
2021-02-08 02:30:00,69,6,1.1428571428571428,0.0,0.0,0.1844,optimal
2021-02-08 03:00:00,69,6,1.1428571428571428,0.0,0.0,0.048,optimal
2021-02-08 03:30:00,69,6,1.1428571428571428,0.0,0.0,0.1472,optimal
2021-02-08 04:00:00,69,6,1.1428571428571428,0.0,0.0,0.0852,optimal
2021-02-08 04:30:00,69,6,1.1428571428571428,0.0,0.0,0.048,optimal
2021-02-08 05:00:00,69,6,1.1428571428571428,0.0,1.5564402761945406,0.048,optimal
2021-02-08 05:30:00,69,6,1.1428571428571428,0.0,5.0,0.18186666666666668,optimal
2021-02-08 06:00:00,69,6,1.1428571428571428,0.0,5.0,0.060866666666666666,optimal
2021-02-08 06:30:00,69,6,1.1428571428571428,0.0,5.0,0.1584,optimal
2021-02-08 07:00:00,69,6,1.1428571428571428,2.7092592592592597,5.0,0.09936666666666666,optimal
2021-02-08 07:30:00,69,6,1.1428571428571428,0.23222222222222222,0.0,0.0708,optimal
2021-02-08 08:00:00,69,6,0.518292103202996,0.46444444444444444,0.0,0.9474,optimal
2021-02-08 08:30:00,69,6,0.3964447808093957,0.6192592592592592,0.0,1.5711,optimal
2021-02-08 09:00:00,69,6,0.251015692388806,0.3096296296296296,0.0,2.2474333333333334,optimal
2021-02-08 09:30:00,69,6,0.5357781045506357,0.1548148148148148,0.0,0.2528666666666667,optimal
2021-02-08 10:00:00,69,6,0.35464845019935815,0.6192592592592592,0.0,0.21669999999999998,optimal
2021-02-08 10:30:00,69,6,0.29891079994229447,0.0774074074074074,0.0,0.4620666666666667,optimal
2021-02-08 11:00:00,69,6,0.17161693154169522,0.0,0.0,0.4125,optimal
2021-02-08 11:30:00,69,6,0.20217663488767773,0.0,0.0,0.3967333333333333,optimal
2021-02-08 12:00:00,69,6,0.21639365679515513,0.23222222222222222,0.0,0.1921,optimal
2021-02-08 12:30:00,69,6,0.2217511587252189,0.0774074074074074,0.0,0.24,optimal
2021-02-08 13:00:00,69,6,1.1428571428571428,0.0774074074074074,0.0,0.4106,optimal
2021-02-08 13:30:00,69,6,1.1428571428571428,0.5418518518518518,0.0,0.5199666666666667,optimal
2021-02-08 14:00:00,69,6,1.1428571428571428,0.0,0.0,0.3456666666666667,optimal
2021-02-08 14:30:00,69,6,1.1428571428571428,0.0,0.0,0.26063333333333333,optimal
2021-02-08 15:00:00,69,6,1.1428571428571428,0.0,0.0,0.058,optimal
2021-02-08 15:30:00,69,6,1.1428571428571428,0.0,0.0,0.19440000000000002,optimal
2021-02-08 16:00:00,69,6,0.0,0.0,0.0,0.058,optimal
2021-02-08 16:30:00,69,6,0.0,0.0,0.0,0.10436666666666666,optimal
2021-02-08 17:00:00,69,6,0.0,0.0,0.0,0.2014,optimal
2021-02-08 17:30:00,69,6,0.0,0.1548148148148148,0.0,0.2916,optimal
2021-02-08 18:00:00,69,6,0.0,0.0,0.0,0.21580000000000002,optimal
2021-02-08 18:30:00,69,6,0.0,0.0,0.0,0.058,optimal
2021-02-08 19:00:00,69,6,0.0,0.0,0.0,0.19440000000000002,optimal
2021-02-08 19:30:00,69,6,0.5419198061196695,0.0,0.0,0.058,optimal
2021-02-08 20:00:00,69,6,0.8204908217936155,0.0,0.0,0.1076,optimal
2021-02-08 20:30:00,69,6,0.0,0.0,0.0,0.1448,optimal
2021-02-08 21:00:00,69,6,0.0,0.0,0.0,0.058,optimal
2021-02-08 21:30:00,69,6,0.0,0.0,0.0,0.058,optimal
2021-02-08 22:00:00,69,6,0.0,0.0,0.0,0.058,optimal
2021-02-08 22:30:00,69,6,0.0,0.0,0.0,0.19440000000000002,optimal
2021-02-08 23:00:00,69,6,0.0,0.0,0.0,0.058,optimal
2021-02-08 23:30:00,69,6,0.0,0.0,0.0,0.1138,optimal
2021-02-09 00:00:00,69,6,0.0,0.0,0.0,0.058,optimal
2021-02-09 00:30:00,69,6,0.0,0.0,0.0,0.121,optimal
2021-02-09 01:00:00,69,6,1.023309065587819,0.0,0.0,0.21126666666666669,optimal
2021-02-09 01:30:00,69,6,1.1428571428571428,0.0,0.0,0.121,optimal
2021-02-09 02:00:00,69,6,1.1428571428571428,0.0,0.0,0.0998,optimal
2021-02-09 02:30:00,69,6,1.1428571428571428,0.0,0.0,0.23246666666666665,optimal
2021-02-09 03:00:00,69,6,1.1428571428571428,0.0,0.0,0.058,optimal
2021-02-09 03:30:00,69,6,1.1428571428571428,0.0,0.0,0.121,optimal
2021-02-09 04:00:00,69,6,1.1428571428571428,0.0,0.0,0.19733333333333328,optimal
2021-02-09 04:30:00,69,6,1.1428571428571428,0.0,0.0,0.1176,optimal
2021-02-09 05:00:00,69,6,1.1428571428571428,0.0,0.0,0.16563333333333333,optimal
2021-02-09 05:30:00,69,6,1.1428571428571428,0.0,0.0,0.14096666666666666,optimal
2021-02-09 06:00:00,69,6,1.1428571428571428,0.387037037037037,0.0,0.11966666666666669,optimal
2021-02-09 06:30:00,69,6,1.1428571428571428,0.6610592592592593,3.158165713971357,1.0958333333333332,optimal
2021-02-09 07:00:00,69,6,1.1428571428571428,0.42264444444444443,5.0,0.42093333333333327,optimal
2021-02-09 07:30:00,69,6,1.1428571428571428,0.8514814814814814,0.0,0.09156666666666666,optimal
2021-02-09 08:00:00,69,6,0.6146681064224753,0.23222222222222222,0.0,0.27876666666666666,optimal
2021-02-09 08:30:00,69,6,0.6754076614414518,0.0,0.0,0.07859999999999999,optimal
2021-02-09 09:00:00,69,6,0.6056890750304612,0.0,0.0,0.11823333333333332,optimal
2021-02-09 09:30:00,69,6,0.5778253279255521,0.23222222222222222,0.0,0.30543333333333333,optimal
2021-02-09 10:00:00,69,6,0.44324192300690235,0.0,0.0,0.19030000000000002,optimal
2021-02-09 10:30:00,69,6,0.4011030861337653,0.3096296296296296,0.0,0.33826666666666666,optimal
2021-02-09 11:00:00,69,6,0.23257657479869,0.0,0.0,0.3552666666666667,optimal
2021-02-09 11:30:00,69,6,0.3138516645669194,0.0,0.0,0.19713333333333333,optimal
2021-02-09 12:00:00,69,6,0.21440329622004534,0.0,0.0,0.14463333333333334,optimal
2021-02-09 12:30:00,69,6,0.2124805874041874,0.0,0.0,0.15886666666666668,optimal
2021-02-09 13:00:00,69,6,0.4450004884720434,0.0,0.0,0.19340000000000002,optimal
2021-02-09 13:30:00,69,6,1.1428571428571428,0.0,0.0,0.068,optimal
2021-02-09 14:00:00,69,6,1.1428571428571428,0.0,0.0,0.2073333333333333,optimal
2021-02-09 14:30:00,69,6,1.1428571428571428,0.0,0.0,0.10993333333333334,optimal
2021-02-09 15:00:00,69,6,1.1428571428571428,0.0,0.0,0.22790000000000002,optimal
2021-02-09 15:30:00,69,6,1.1428571428571428,0.23222222222222222,0.0,1.3427,optimal
2021-02-09 16:00:00,69,6,0.0,0.387037037037037,0.0,0.20113333333333333,optimal
2021-02-09 16:30:00,69,6,0.0,0.0,0.0,0.2611,optimal
2021-02-09 17:00:00,69,6,0.0,1.1611111111111108,0.0,0.151,optimal
2021-02-09 17:30:00,69,6,0.0,0.0,0.0,0.2522666666666667,optimal
2021-02-09 18:00:00,69,6,0.0,0.0774074074074074,0.0,0.22833333333333328,optimal
2021-02-09 18:30:00,69,6,0.0,0.0,0.0,0.2841,optimal
2021-02-09 19:00:00,69,6,0.0,0.0,0.0,0.2578666666666667,optimal
2021-02-09 19:30:00,69,6,0.0,0.3096296296296296,0.0,0.43906666666666666,optimal
2021-02-09 20:00:00,69,6,0.0,0.23222222222222222,0.0,0.3902333333333333,optimal
2021-02-09 20:30:00,69,6,0.0,0.387037037037037,0.0,0.5034,optimal
2021-02-09 21:00:00,69,6,0.0,0.0,0.0,0.3751666666666667,optimal
2021-02-09 21:30:00,69,6,0.0,0.0,0.0,0.5846666666666667,optimal
2021-02-09 22:00:00,69,6,0.0,0.23222222222222222,0.0,0.2763333333333333,optimal
2021-02-09 22:30:00,69,6,0.0,0.0,0.0,0.068,optimal
2021-02-09 23:00:00,69,6,0.0,0.0,0.0,0.22126666666666667,optimal
2021-02-09 23:30:00,69,6,0.0,0.0,0.0,0.06766666666666667,optimal
2021-02-10 00:00:00,69,6,0.0,0.0,0.0,0.062,optimal
2021-02-10 00:30:00,69,6,0.0,0.0,0.0,0.062,optimal
2021-02-10 01:00:00,69,6,0.16059584423784956,0.0,0.0,0.14273333333333332,optimal
2021-02-10 01:30:00,69,6,1.1428571428571428,0.0,0.0,0.10813333333333335,optimal
2021-02-10 02:00:00,69,6,1.1428571428571428,0.0,0.0,0.062,optimal
2021-02-10 02:30:00,69,6,1.1428571428571428,0.0,0.0,0.062,optimal
2021-02-10 03:00:00,69,6,1.1428571428571428,0.0,0.0,0.11966666666666669,optimal
2021-02-10 03:30:00,69,6,1.1428571428571428,0.0,0.0,0.13119999999999998,optimal
2021-02-10 04:00:00,69,6,1.1428571428571428,0.0,0.0,0.062,optimal
2021-02-10 04:30:00,69,6,1.1428571428571428,0.0,0.0,0.14273333333333332,optimal
2021-02-10 05:00:00,69,6,1.1428571428571428,0.0,0.0,0.10813333333333335,optimal
2021-02-10 05:30:00,69,6,1.1428571428571428,0.0,1.9287481498539711,0.062,optimal
2021-02-10 06:00:00,69,6,1.1428571428571428,0.0,5.0,0.062,optimal
2021-02-10 06:30:00,69,6,1.1428571428571428,0.3096296296296296,5.0,0.3973,optimal
2021-02-10 07:00:00,69,6,1.1428571428571428,0.387037037037037,0.0,0.071,optimal
2021-02-10 07:30:00,69,6,1.1428571428571428,0.0,0.0,0.13353333333333334,optimal
2021-02-10 08:00:00,69,6,0.7039311053370503,0.387037037037037,0.0,0.12833333333333335,optimal
2021-02-10 08:30:00,69,6,0.8527457501242591,0.0,0.0,0.072,optimal
2021-02-10 09:00:00,69,6,0.6956178891773067,0.0,0.0,0.1982,optimal
2021-02-10 09:30:00,69,6,0.7232896768216559,0.0,0.0,0.062,optimal
2021-02-10 10:00:00,69,6,0.47262705862098653,0.0,0.0,0.06576666666666667,optimal
2021-02-10 10:30:00,69,6,0.04859328030663208,0.387037037037037,0.0,2.141833333333333,optimal
2021-02-10 11:00:00,69,6,0.2595411109190963,0.0,0.0,1.2621,optimal
2021-02-10 11:30:00,69,6,0.25761700474127047,0.1548148148148148,0.0,0.35886666666666667,optimal
2021-02-10 12:00:00,69,6,0.1429403697333474,0.0,0.0,0.2434,optimal
2021-02-10 12:30:00,69,6,0.11178608401906294,0.0,0.0,0.37460000000000004,optimal
2021-02-10 13:00:00,69,6,0.7851190178322175,0.23222222222222222,0.0,0.4997,optimal
2021-02-10 13:30:00,69,6,1.1428571428571428,0.0,0.0,0.09506666666666666,optimal
2021-02-10 14:00:00,69,6,1.1428571428571428,0.0,0.0,0.12966666666666665,optimal
2021-02-10 14:30:00,69,6,1.1428571428571428,0.0,0.0,0.1412,optimal
2021-02-10 15:00:00,69,6,1.1428571428571428,0.0,0.0,0.072,optimal
2021-02-10 15:30:00,69,6,1.1428571428571428,0.0,0.0,0.18156666666666663,optimal
2021-02-10 16:00:00,69,6,0.0,0.0,0.0,0.08929999999999999,optimal
2021-02-10 16:30:00,69,6,0.0,0.3096296296296296,0.0,0.186,optimal
2021-02-10 17:00:00,69,6,0.0,0.6966666666666667,0.0,1.238233333333333,optimal
2021-02-10 17:30:00,69,6,0.0,0.0,0.0,1.426766666666667,optimal
2021-02-10 18:00:00,69,6,0.0,1.6255555555555554,0.0,0.7984,optimal
2021-02-10 18:30:00,69,6,0.0,0.6966666666666667,0.0,0.3268666666666667,optimal
2021-02-10 19:00:00,69,6,0.0,1.548148148148148,0.0,0.2987333333333333,optimal
2021-02-10 19:30:00,69,6,0.0,0.23222222222222222,0.0,0.47843333333333327,optimal
2021-02-10 20:00:00,69,6,0.0,0.3096296296296296,0.0,0.3281,optimal
2021-02-10 20:30:00,69,6,0.0,0.0,0.0,0.3378333333333333,optimal
2021-02-10 21:00:00,69,6,0.0,0.1548148148148148,0.0,0.5039333333333332,optimal
2021-02-10 21:30:00,69,6,0.0,0.0,0.0,0.22303333333333333,optimal
2021-02-10 22:00:00,69,6,0.0,0.1548148148148148,0.0,0.2954333333333333,optimal
2021-02-10 22:30:00,69,6,0.0,0.46444444444444444,0.0,0.11836666666666666,optimal
2021-02-10 23:00:00,69,6,0.0,2.1674074074074072,0.0,0.0901,optimal
2021-02-10 23:30:00,69,6,0.0,0.0,0.0,0.5373,optimal
2021-02-11 00:00:00,69,6,0.0,0.23222222222222222,0.0,0.507,optimal
2021-02-11 00:30:00,69,6,0.22890809940882118,0.0,0.0,0.2317,optimal
2021-02-11 01:00:00,69,6,1.1428571428571428,0.23222222222222222,0.0,0.5368999999999999,optimal
2021-02-11 01:30:00,69,6,1.1428571428571428,0.1548148148148148,0.0,0.2494,optimal
2021-02-11 02:00:00,69,6,1.1428571428571428,0.0,0.0,0.37976666666666664,optimal
2021-02-11 02:30:00,69,6,1.1428571428571428,0.0774074074074074,0.0,0.24813333333333332,optimal
2021-02-11 03:00:00,69,6,1.1428571428571428,0.0,0.0,0.10366666666666668,optimal
2021-02-11 03:30:00,69,6,1.1428571428571428,0.0,0.0,0.10679999999999999,optimal
2021-02-11 04:00:00,69,6,1.1428571428571428,0.0,0.0,0.2463333333333333,optimal
2021-02-11 04:30:00,69,6,1.1428571428571428,0.0,0.0,0.10133333333333332,optimal
2021-02-11 05:00:00,69,6,1.1428571428571428,0.0,0.0,0.143,optimal
2021-02-11 05:30:00,69,6,1.1428571428571428,0.0,0.0,0.29533333333333334,optimal
2021-02-11 06:00:00,69,6,1.1428571428571428,4.358037037037037,0.0,2.996266666666667,optimal
2021-02-11 06:30:00,69,6,1.1428571428571428,5.085666666666666,1.0942405740395376,3.3282,optimal
2021-02-11 07:00:00,69,6,1.1428571428571428,0.1548148148148148,5.0,0.9177000000000001,optimal
2021-02-11 07:30:00,69,6,1.1428571428571428,0.23222222222222222,0.0,0.38616666666666666,optimal
2021-02-11 08:00:00,69,6,0.6835531364301736,0.23222222222222222,0.0,2.2802333333333333,optimal
2021-02-11 08:30:00,69,6,0.756613581411204,0.1548148148148148,0.0,0.19303333333333333,optimal
2021-02-11 09:00:00,69,6,0.647098307535112,0.3096296296296296,0.0,1.5185,optimal
2021-02-11 09:30:00,69,6,0.5367324603628921,1.9351851851851851,0.0,1.1268666666666665,optimal
2021-02-11 10:00:00,69,6,0.36534596602654035,0.0774074074074074,0.0,0.15383333333333335,optimal
2021-02-11 10:30:00,69,6,0.4530734602363546,0.0,0.0,0.23333333333333328,optimal
2021-02-11 11:00:00,69,6,0.3553633863211203,0.0,0.0,0.07576666666666666,optimal
2021-02-11 11:30:00,69,6,0.3059849709397998,0.0,0.0,0.13603333333333334,optimal
2021-02-11 12:00:00,69,6,0.15400893193947804,0.0,0.0,0.10133333333333332,optimal
2021-02-11 12:30:00,69,6,0.0774327179740836,0.0,0.0,0.2718,optimal
2021-02-11 13:00:00,69,6,1.1428571428571428,0.0,0.0,0.072,optimal
2021-02-11 13:30:00,69,6,1.1428571428571428,0.0,0.0,0.1398,optimal
2021-02-11 14:00:00,69,6,1.1428571428571428,0.0,0.0,0.19666666666666663,optimal
2021-02-11 14:30:00,69,6,1.1428571428571428,0.0,0.0,0.17646666666666666,optimal
2021-02-11 15:00:00,69,6,1.1428571428571428,0.0,0.0,0.15266666666666664,optimal
2021-02-11 15:30:00,69,6,1.1428571428571428,0.0,0.0,0.22046666666666667,optimal
2021-02-11 16:00:00,69,6,0.0,0.0,0.0,0.072,optimal
2021-02-11 16:30:00,69,6,0.0,0.0,0.0,0.3569,optimal
2021-02-11 17:00:00,69,6,0.0,0.1548148148148148,0.0,0.23086666666666666,optimal
2021-02-11 17:30:00,69,6,0.0,0.387037037037037,0.0,1.938766666666667,optimal
2021-02-11 18:00:00,69,6,0.0,0.0,0.0,1.0674666666666668,optimal
2021-02-11 18:30:00,69,6,0.0,0.1548148148148148,0.0,1.5470666666666666,optimal
2021-02-11 19:00:00,69,6,0.0,0.1548148148148148,0.0,0.422,optimal
2021-02-11 19:30:00,69,6,0.0,0.0,0.0,0.7009,optimal
2021-02-11 20:00:00,69,6,1.1178127178193151,0.0,0.0,0.10866666666666669,optimal
2021-02-11 20:30:00,69,6,0.0,0.0,0.0,0.1398,optimal
2021-02-11 21:00:00,69,6,0.0,0.0,0.0,0.4606,optimal
2021-02-11 21:30:00,69,6,0.0,0.1548148148148148,0.0,2.753733333333333,optimal
2021-02-11 22:00:00,69,6,0.0,0.0,0.0,0.6617333333333334,optimal
2021-02-11 22:30:00,69,6,0.0,2.4770370370370367,0.0,0.6819666666666667,optimal
2021-02-11 23:00:00,69,6,0.0,0.0,0.0,0.09083333333333331,optimal
2021-02-11 23:30:00,69,6,0.0,0.0,0.0,0.07133333333333333,optimal
2021-02-12 00:00:00,69,6,1.1428571428571428,0.0,0.0,0.049,optimal
2021-02-12 00:30:00,69,6,1.1428571428571428,0.0,0.0,0.15819999999999998,optimal
2021-02-12 01:00:00,69,6,1.1428571428571428,0.0,0.0,0.049,optimal
2021-02-12 01:30:00,69,6,1.1428571428571428,0.0,0.0,0.049,optimal
2021-02-12 02:00:00,69,6,1.1428571428571428,0.0,0.0,0.15819999999999998,optimal
2021-02-12 02:30:00,69,6,1.1428571428571428,0.0,0.0,0.049,optimal
2021-02-12 03:00:00,69,6,1.1428571428571428,0.0,0.0,0.1426,optimal
2021-02-12 03:30:00,69,6,1.1428571428571428,0.0,0.0,0.06459999999999999,optimal
2021-02-12 04:00:00,69,6,1.1428571428571428,0.0,0.0,0.049,optimal
2021-02-12 04:30:00,69,6,1.1428571428571428,0.0,0.0,0.1348,optimal
2021-02-12 05:00:00,69,6,1.1428571428571428,0.0,0.0,0.0724,optimal
2021-02-12 05:30:00,69,6,1.1428571428571428,0.0,3.2799384275637964,0.049,optimal
2021-02-12 06:00:00,69,6,1.1428571428571428,0.0,5.0,0.15819999999999998,optimal
2021-02-12 06:30:00,69,6,1.1428571428571428,0.0,5.0,0.047666666666666656,optimal
2021-02-12 07:00:00,69,6,1.1428571428571428,0.3096296296296296,5.0,0.125,optimal
2021-02-12 07:30:00,69,6,1.1428571428571428,5.4198081761812515,0.0,0.2072,optimal
2021-02-12 08:00:00,69,6,0.736515743897418,0.23222222222222222,0.0,1.3559666666666668,optimal
2021-02-12 08:30:00,69,6,0.9774315753006966,0.0,0.0,0.15819999999999998,optimal
2021-02-12 09:00:00,69,6,0.8797313179932597,0.0,0.0,0.05666666666666666,optimal
2021-02-12 09:30:00,69,6,0.7853971725572836,0.0,0.0,0.059,optimal
2021-02-12 10:00:00,69,6,0.46236216728340057,0.0,0.0,0.16419999999999998,optimal
2021-02-12 10:30:00,69,6,0.4764105044768526,0.0,0.0,0.049,optimal
2021-02-12 11:00:00,69,6,0.12159850886580038,5.495925925925925,0.0,0.6842,optimal
2021-02-12 11:30:00,69,6,0.17699455101498254,0.1548148148148148,0.0,0.2596,optimal
2021-02-12 12:00:00,69,6,0.13648953909737704,0.0,0.0,0.205,optimal
2021-02-12 12:30:00,69,6,0.054317009817988676,0.0774074074074074,0.0,0.5071,optimal
2021-02-12 13:00:00,69,6,0.07327418927491762,0.0774074074074074,0.0,0.44680000000000003,optimal
2021-02-12 13:30:00,69,6,1.1088413282688367,0.0774074074074074,0.0,0.8947999999999999,optimal
2021-02-12 14:00:00,69,6,1.1428571428571428,0.0,0.0,0.6160666666666668,optimal
2021-02-12 14:30:00,69,6,1.1428571428571428,0.0,0.0,0.059,optimal
2021-02-12 15:00:00,69,6,1.1428571428571428,0.0,0.0,0.1682,optimal
2021-02-12 15:30:00,69,6,1.1428571428571428,0.0,0.0,0.059,optimal
2021-02-12 16:00:00,69,6,0.0,0.0,0.0,0.39226666666666665,optimal
2021-02-12 16:30:00,69,6,0.0,0.0,0.0,0.4009,optimal
2021-02-12 17:00:00,69,6,0.0,0.1548148148148148,0.0,0.5733666666666667,optimal
2021-02-12 17:30:00,69,6,0.0,0.23222222222222222,0.0,1.5554666666666668,optimal
2021-02-12 18:00:00,69,6,0.0,0.0,0.0,0.6400333333333333,optimal
2021-02-12 18:30:00,69,6,0.0,1.7803703703703702,0.0,0.2841666666666667,optimal
2021-02-12 19:00:00,69,6,0.0,0.6966666666666667,0.0,0.5087333333333334,optimal
2021-02-12 19:30:00,69,6,0.0,0.0,0.0,0.5793666666666667,optimal
2021-02-12 20:00:00,69,6,0.0,0.0,0.0,0.41013333333333335,optimal
2021-02-12 20:30:00,69,6,0.0,0.0,0.0,0.5261666666666667,optimal
2021-02-12 21:00:00,69,6,0.0,0.0,0.0,0.7038,optimal
2021-02-12 21:30:00,69,6,0.0,0.0,0.0,0.625,optimal
2021-02-12 22:00:00,69,6,0.0,0.1548148148148148,0.0,0.6263,optimal
2021-02-12 22:30:00,69,6,0.0,0.5418518518518518,0.0,0.5127333333333334,optimal
2021-02-12 23:00:00,69,6,0.0,0.0,0.0,0.0746,optimal
2021-02-12 23:30:00,69,6,0.0,0.0,0.0,0.059,optimal
2021-02-13 00:00:00,69,6,0.0,0.0,0.0,0.057,optimal
2021-02-13 00:30:00,69,6,0.0,0.0,0.0,0.057,optimal
2021-02-13 01:00:00,69,6,0.10551437274163696,0.0,0.0,0.08940000000000001,optimal
2021-02-13 01:30:00,69,6,1.1428571428571428,0.0,0.0,0.1776,optimal
2021-02-13 02:00:00,69,6,1.1428571428571428,0.0,0.0,0.0912,optimal
2021-02-13 02:30:00,69,6,1.1428571428571428,0.0,0.0,0.30393333333333333,optimal
2021-02-13 03:00:00,69,6,1.1428571428571428,0.0,0.0,0.11573333333333333,optimal
2021-02-13 03:30:00,69,6,1.1428571428571428,0.0,0.0,0.057,optimal
2021-02-13 04:00:00,69,6,1.1428571428571428,0.0,0.0,0.135,optimal
2021-02-13 04:30:00,69,6,1.1428571428571428,0.0,0.0,0.1662,optimal
2021-02-13 05:00:00,69,6,1.1428571428571428,0.0,1.338032551696424,0.0874,optimal
2021-02-13 05:30:00,69,6,1.1428571428571428,0.0,5.0,0.21380000000000002,optimal
2021-02-13 06:00:00,69,6,1.1428571428571428,0.0,5.0,0.10646666666666668,optimal
2021-02-13 06:30:00,69,6,1.1428571428571428,0.0,5.0,0.18619999999999998,optimal
2021-02-13 07:00:00,69,6,1.1428571428571428,2.3222222222222215,5.0,0.07546666666666667,optimal
2021-02-13 07:30:00,69,6,1.1428571428571428,0.6192592592592592,0.0,0.087,optimal
2021-02-13 08:00:00,69,6,0.7023626132612981,0.1548148148148148,0.0,0.22953333333333334,optimal
2021-02-13 08:30:00,69,6,0.7319329411247606,0.0,0.0,0.1843333333333333,optimal
2021-02-13 09:00:00,69,6,0.6314392283457563,0.0,0.0,0.11746666666666668,optimal
2021-02-13 09:30:00,69,6,0.6036146771869028,0.387037037037037,0.0,0.214,optimal
2021-02-13 10:00:00,69,6,0.42347114320506674,3.0188888888888883,0.0,0.2921666666666667,optimal
2021-02-13 10:30:00,69,6,0.47541289963997135,0.0,0.0,0.2752,optimal
2021-02-13 11:00:00,69,6,0.31548371764704836,0.0,0.0,0.2542,optimal
2021-02-13 11:30:00,69,6,0.36682547408195343,0.0,0.0,0.067,optimal
2021-02-13 12:00:00,69,6,0.255827924032146,0.0,0.0,0.14980000000000002,optimal
2021-02-13 12:30:00,69,6,0.22851143690194248,0.0,0.0,0.1814,optimal
2021-02-13 13:00:00,69,6,1.1428571428571428,2.0899999999999994,0.0,0.2724,optimal
2021-02-13 13:30:00,69,6,1.1428571428571428,0.387037037037037,0.0,0.9482,optimal
2021-02-13 14:00:00,69,6,1.1428571428571428,0.0,0.0,1.0697333333333332,optimal
2021-02-13 14:30:00,69,6,1.1428571428571428,5.573333333333333,0.0,0.0719,optimal
2021-02-13 15:00:00,69,6,1.1428571428571428,0.5418518518518518,0.0,0.478,optimal
2021-02-13 15:30:00,69,6,1.1428571428571428,0.0,0.0,0.7958,optimal
2021-02-13 16:00:00,69,6,0.0,0.23222222222222222,0.0,0.13340000000000002,optimal
2021-02-13 16:30:00,69,6,0.0,0.1548148148148148,0.0,0.1974,optimal
2021-02-13 17:00:00,69,6,0.0,0.1548148148148148,0.0,0.29833333333333334,optimal
2021-02-13 17:30:00,69,6,0.0,0.1548148148148148,0.0,0.1215,optimal
2021-02-13 18:00:00,69,6,0.0,0.6192592592592592,0.0,0.10679999999999999,optimal
2021-02-13 18:30:00,69,6,0.0,0.0774074074074074,0.0,0.3173333333333333,optimal
2021-02-13 19:00:00,69,6,0.0,0.1548148148148148,0.0,0.17546666666666666,optimal
2021-02-13 19:30:00,69,6,0.0,0.23222222222222222,0.0,0.14533333333333334,optimal
2021-02-13 20:00:00,69,6,0.18078589023264202,0.0,0.0,0.44573333333333337,optimal
2021-02-13 20:30:00,69,6,0.0,2.150377777777778,0.0,0.2397333333333333,optimal
2021-02-13 21:00:00,69,6,0.0,2.8811037037037033,0.0,0.34153333333333336,optimal
2021-02-13 21:30:00,69,6,0.0,0.0,0.0,0.23,optimal
2021-02-13 22:00:00,69,6,0.0,0.0,0.0,0.3452,optimal
2021-02-13 22:30:00,69,6,0.0,0.774074074074074,0.0,0.2395,optimal
2021-02-13 23:00:00,69,6,0.0,0.0,0.0,0.11043333333333334,optimal
2021-02-13 23:30:00,69,6,0.0,0.0,0.0,0.13466666666666666,optimal
2021-02-07 00:00:00,70,6,0.0,0.0,0.0,0.06409999999999999,optimal
2021-02-07 00:30:00,70,6,0.0,2.3222222222222215,0.0,0.2387333333333333,optimal
2021-02-07 01:00:00,70,6,0.0,0.0,0.0,0.076,optimal
2021-02-07 01:30:00,70,6,0.0,0.0,0.0,0.071,optimal
2021-02-07 02:00:00,70,6,0.0,0.0,0.0,0.071,optimal
2021-02-07 02:30:00,70,6,0.0,0.0,0.0,0.071,optimal
2021-02-07 03:00:00,70,6,0.0,0.0,0.0,0.071,optimal
2021-02-07 03:30:00,70,6,0.0,0.0,0.0,0.071,optimal
2021-02-07 04:00:00,70,6,1.1428571428571428,0.0,0.0,0.071,optimal
2021-02-07 04:30:00,70,6,1.1428571428571428,0.0,0.0,0.071,optimal
2021-02-07 05:00:00,70,6,1.1428571428571428,0.0,0.0,0.071,optimal
2021-02-07 05:30:00,70,6,1.1428571428571428,0.0,0.0,0.071,optimal
2021-02-07 06:00:00,70,6,1.1428571428571428,0.0,0.0,0.071,optimal
2021-02-07 06:30:00,70,6,1.1428571428571428,0.0,0.0,0.07590000000000001,optimal
2021-02-07 07:00:00,70,6,1.1428571428571428,2.1674074074074072,1.7076336144509696,0.22440000000000002,optimal
2021-02-07 07:30:00,70,6,0.0,0.46444444444444444,0.0,0.069,optimal
2021-02-07 08:00:00,70,6,0.2757198718153988,0.387037037037037,0.0,0.09066666666666669,optimal
2021-02-07 08:30:00,70,6,0.777577589808887,0.0,0.0,0.071,optimal
2021-02-07 09:00:00,70,6,0.610725347961073,0.0,0.0,0.2944,optimal
2021-02-07 09:30:00,70,6,0.6311528186816795,0.46444444444444444,0.0,0.22440000000000002,optimal
2021-02-07 10:00:00,70,6,0.5964396329360727,0.0,0.0,0.08286666666666666,optimal
2021-02-07 10:30:00,70,6,0.5130323105424692,0.0774074074074074,0.0,0.5122000000000001,optimal
2021-02-07 11:00:00,70,6,0.30303646299181447,0.0,0.0,1.0660666666666665,optimal
2021-02-07 11:30:00,70,6,0.4677850344203954,0.6192592592592592,0.0,0.6096666666666666,optimal
2021-02-07 12:00:00,70,6,0.023411322011022202,0.0,0.0,4.143433333333333,optimal
2021-02-07 12:30:00,70,6,0.25897132201102685,0.0,0.0,2.397866666666667,optimal
2021-02-07 13:00:00,70,6,1.1428571428571428,2.012592592592592,0.0,0.6292000000000001,optimal
2021-02-07 13:30:00,70,6,1.1428571428571428,0.3096296296296296,0.0,1.2738333333333332,optimal
2021-02-07 14:00:00,70,6,1.1428571428571428,0.0,0.0,0.143,optimal
2021-02-07 14:30:00,70,6,1.1428571428571428,0.0,0.0,0.15480000000000002,optimal
2021-02-07 15:00:00,70,6,1.1428571428571428,0.0,0.0,0.2556333333333333,optimal
2021-02-07 15:30:00,70,6,1.1428571428571428,0.3096296296296296,0.0,0.2366,optimal
2021-02-07 16:00:00,70,6,0.0,0.0,0.0,0.2326,optimal
2021-02-07 16:30:00,70,6,0.0,5.495925925925925,0.0,0.4952,optimal
2021-02-07 17:00:00,70,6,0.0,0.5418518518518518,0.0,0.11513333333333334,optimal
2021-02-07 17:30:00,70,6,0.0,0.23222222222222222,0.0,0.122,optimal
2021-02-07 18:00:00,70,6,0.0,0.0,0.0,0.0932,optimal
2021-02-07 18:30:00,70,6,0.0,0.387037037037037,0.0,0.08526666666666667,optimal
2021-02-07 19:00:00,70,6,0.0,0.0,0.0,0.071,optimal
2021-02-07 19:30:00,70,6,0.6768273724655355,0.0,0.0,0.071,optimal
2021-02-07 20:00:00,70,6,0.7711457162564386,0.0,0.0,0.071,optimal
2021-02-07 20:30:00,70,6,0.0,0.0,0.0,0.071,optimal
2021-02-07 21:00:00,70,6,0.0,0.0,0.0,0.071,optimal
2021-02-07 21:30:00,70,6,0.0,0.0,0.0,0.20286666666666667,optimal
2021-02-07 22:00:00,70,6,0.0,0.3096296296296296,0.0,0.35286666666666666,optimal
2021-02-07 22:30:00,70,6,0.0,0.6966666666666667,0.0,0.4303333333333333,optimal
2021-02-07 23:00:00,70,6,0.0,0.0,0.0,0.36019999999999996,optimal
2021-02-07 23:30:00,70,6,0.0,0.0774074074074074,0.0,0.11933333333333332,optimal
2021-02-08 00:00:00,70,6,0.0,2.3222222222222215,0.0,0.058333333333333334,optimal
2021-02-08 00:30:00,70,6,0.0,0.0,0.0,0.2049333333333333,optimal
2021-02-08 01:00:00,70,6,0.0,0.0,0.0,0.07,optimal
2021-02-08 01:30:00,70,6,0.0,0.0,0.0,0.1252,optimal
2021-02-08 02:00:00,70,6,0.9208910576770444,0.0,0.0,0.14973333333333333,optimal
2021-02-08 02:30:00,70,6,1.1428571428571428,0.0,0.0,0.07,optimal
2021-02-08 03:00:00,70,6,1.1428571428571428,0.0,0.0,0.07,optimal
2021-02-08 03:30:00,70,6,1.1428571428571428,0.0,0.0,0.11293333333333334,optimal
2021-02-08 04:00:00,70,6,1.1428571428571428,0.0,0.0,0.162,optimal
2021-02-08 04:30:00,70,6,1.1428571428571428,0.0,0.0,0.07,optimal
2021-02-08 05:00:00,70,6,1.1428571428571428,0.0,3.123183431654791,0.2049333333333333,optimal
2021-02-08 05:30:00,70,6,1.1428571428571428,0.0,5.0,0.07,optimal
2021-02-08 06:00:00,70,6,1.1428571428571428,0.387037037037037,5.0,0.40513333333333335,optimal
2021-02-08 06:30:00,70,6,1.1428571428571428,0.5418518518518518,0.0,0.8715666666666667,optimal
2021-02-08 07:00:00,70,6,1.1428571428571428,4.997422222222223,0.0,1.8404666666666667,optimal
2021-02-08 07:30:00,70,6,1.1428571428571428,4.291466666666667,0.0,0.44256666666666666,optimal
2021-02-08 08:00:00,70,6,0.6153340079648976,0.387037037037037,0.0,0.26713333333333333,optimal
2021-02-08 08:30:00,70,6,0.8119171617617822,0.0,0.0,0.07,optimal
2021-02-08 09:00:00,70,6,0.6896004542935764,0.0,0.0,0.17426666666666668,optimal
2021-02-08 09:30:00,70,6,0.704197152169685,0.0,0.0,0.10066666666666668,optimal
2021-02-08 10:00:00,70,6,0.5535608311517416,0.0,0.0,0.07,optimal
2021-02-08 10:30:00,70,6,0.5547355618470565,0.0,0.0,0.0884,optimal
2021-02-08 11:00:00,70,6,0.35305502677979117,0.0,0.0,0.18653333333333333,optimal
2021-02-08 11:30:00,70,6,0.38206234917339577,0.0,0.0,0.07,optimal
2021-02-08 12:00:00,70,6,0.2830698472713502,0.0,0.0,0.2049333333333333,optimal
2021-02-08 12:30:00,70,6,0.3130463968204599,0.0,0.0,0.07,optimal
2021-02-08 13:00:00,70,6,1.1428571428571428,0.0,0.0,0.07,optimal
2021-02-08 13:30:00,70,6,1.1428571428571428,0.0,0.0,0.07,optimal
2021-02-08 14:00:00,70,6,1.1428571428571428,0.0,0.0,0.18653333333333333,optimal
2021-02-08 14:30:00,70,6,1.1428571428571428,0.0,0.0,0.0884,optimal
2021-02-08 15:00:00,70,6,1.1428571428571428,0.0,0.0,0.07,optimal
2021-02-08 15:30:00,70,6,1.1428571428571428,0.0,0.0,0.13746666666666668,optimal
2021-02-08 16:00:00,70,6,0.0,0.0,0.0,0.13746666666666668,optimal
2021-02-08 16:30:00,70,6,0.0,0.0,0.0,0.07,optimal
2021-02-08 17:00:00,70,6,0.0,0.3096296296296296,0.0,0.11333333333333331,optimal
2021-02-08 17:30:00,70,6,0.0,0.6966666666666667,0.0,0.38696666666666657,optimal
2021-02-08 18:00:00,70,6,0.0,0.0,0.0,0.246,optimal
2021-02-08 18:30:00,70,6,0.0,0.23222222222222222,0.0,0.4973666666666667,optimal
2021-02-08 19:00:00,70,6,0.0,0.23222222222222222,0.0,0.3563,optimal
2021-02-08 19:30:00,70,6,0.27141624883184473,0.1548148148148148,0.0,0.6457333333333334,optimal
2021-02-08 20:00:00,70,6,0.4930241551269529,0.1548148148148148,0.0,0.4706666666666667,optimal
2021-02-08 20:30:00,70,6,0.0,0.1548148148148148,0.0,0.2942666666666667,optimal
2021-02-08 21:00:00,70,6,0.0,0.0,0.0,0.33926666666666666,optimal
2021-02-08 21:30:00,70,6,0.0,0.6966666666666667,0.0,0.41573333333333334,optimal
2021-02-08 22:00:00,70,6,0.0,0.0,0.0,0.14073333333333332,optimal
2021-02-08 22:30:00,70,6,0.0,1.7029629629629628,0.0,0.3026666666666667,optimal
2021-02-08 23:00:00,70,6,0.0,7.585925925925924,0.0,0.24259999999999998,optimal
2021-02-08 23:30:00,70,6,0.0,0.1548148148148148,0.0,0.37189999999999995,optimal
2021-02-09 00:00:00,70,6,0.0,0.0,0.0,0.049,optimal
2021-02-09 00:30:00,70,6,0.0,0.0,0.0,0.049,optimal
2021-02-09 01:00:00,70,6,0.0,0.0,0.0,0.20376666666666668,optimal
2021-02-09 01:30:00,70,6,0.9979547292685103,0.0,0.0,0.14709999999999998,optimal
2021-02-09 02:00:00,70,6,1.1428571428571428,0.0,0.0,0.049,optimal
2021-02-09 02:30:00,70,6,1.1428571428571428,0.0,0.0,0.19053333333333333,optimal
2021-02-09 03:00:00,70,6,1.1428571428571428,0.0,0.0,0.16033333333333336,optimal
2021-02-09 03:30:00,70,6,1.1428571428571428,0.0,0.0,0.049,optimal
2021-02-09 04:00:00,70,6,1.1428571428571428,0.0,0.0,0.14623333333333333,optimal
2021-02-09 04:30:00,70,6,1.1428571428571428,0.0,0.0,0.20463333333333333,optimal
2021-02-09 05:00:00,70,6,1.1428571428571428,0.0,0.0,0.12869999999999998,optimal
2021-02-09 05:30:00,70,6,1.1428571428571428,0.0,0.16403560688623406,0.23216666666666663,optimal
2021-02-09 06:00:00,70,6,1.1428571428571428,3.251111111111111,5.0,0.047666666666666656,optimal
2021-02-09 06:30:00,70,6,1.1428571428571428,0.23222222222222222,5.0,0.20563333333333333,optimal
2021-02-09 07:00:00,70,6,1.1428571428571428,1.006296296296296,5.0,0.28203333333333336,optimal
2021-02-09 07:30:00,70,6,1.1428571428571428,2.227785185185185,0.0,0.08483333333333333,optimal
2021-02-09 08:00:00,70,6,0.7237728683272392,0.4040666666666667,0.0,0.12893333333333334,optimal
2021-02-09 08:30:00,70,6,0.5731028995366909,4.3348148148148145,0.0,2.115866666666667,optimal
2021-02-09 09:00:00,70,6,0.4613557416971235,2.7092592592592597,0.0,2.288133333333333,optimal
2021-02-09 09:30:00,70,6,0.4287967564969877,0.0,0.0,0.8774666666666667,optimal
2021-02-09 10:00:00,70,6,0.05980001824499311,0.0774074074074074,0.0,1.7463333333333333,optimal
2021-02-09 10:30:00,70,6,0.24298594327662096,0.387037037037037,0.0,1.2781666666666667,optimal
2021-02-09 11:00:00,70,6,0.0,0.46444444444444444,0.0,0.9091333333333332,optimal
2021-02-09 11:30:00,70,6,0.0,0.6966666666666667,0.0,1.7167000000000001,optimal
2021-02-09 12:00:00,70,6,0.0,0.1548148148148148,0.0,0.9435666666666669,optimal
2021-02-09 12:30:00,70,6,0.12788637621866134,0.0774074074074074,0.0,0.3068333333333333,optimal
2021-02-09 13:00:00,70,6,0.22906812823136233,0.0,0.0,0.29996666666666666,optimal
2021-02-09 13:30:00,70,6,1.1428571428571428,0.0,0.0,0.6571,optimal
2021-02-09 14:00:00,70,6,1.1428571428571428,0.1548148148148148,0.0,2.7013000000000003,optimal
2021-02-09 14:30:00,70,6,1.1428571428571428,0.1548148148148148,0.0,2.714,optimal
2021-02-09 15:00:00,70,6,1.1428571428571428,0.0,0.0,1.6365,optimal
2021-02-09 15:30:00,70,6,1.1428571428571428,0.46444444444444444,0.0,0.38256666666666667,optimal
2021-02-09 16:00:00,70,6,0.0,0.0,0.0,0.2805666666666667,optimal
2021-02-09 16:30:00,70,6,0.0,0.23222222222222222,0.0,0.3404333333333333,optimal
2021-02-09 17:00:00,70,6,0.0,0.0774074074074074,0.0,0.9853333333333334,optimal
2021-02-09 17:30:00,70,6,0.0,0.6192592592592592,0.0,0.7523333333333334,optimal
2021-02-09 18:00:00,70,6,0.0,0.0774074074074074,0.0,0.30160000000000003,optimal
2021-02-09 18:30:00,70,6,0.0,0.0774074074074074,0.0,0.0928,optimal
2021-02-09 19:00:00,70,6,0.0,0.46444444444444444,0.0,0.14336666666666667,optimal
2021-02-09 19:30:00,70,6,0.0,0.0,0.0,0.12696666666666667,optimal
2021-02-09 20:00:00,70,6,0.0,0.6966666666666667,0.0,0.24696666666666667,optimal
2021-02-09 20:30:00,70,6,0.0,0.23222222222222222,0.0,0.21096666666666666,optimal
2021-02-09 21:00:00,70,6,0.0,0.5418518518518518,0.0,0.13196666666666668,optimal
2021-02-09 21:30:00,70,6,0.0,0.0,0.0,0.23216666666666663,optimal
2021-02-09 22:00:00,70,6,0.0,2.3222222222222215,0.0,0.21556666666666663,optimal
2021-02-09 22:30:00,70,6,0.0,0.0,0.0,0.09986666666666666,optimal
2021-02-09 23:00:00,70,6,0.0,0.0,0.0,0.21913333333333332,optimal
2021-02-09 23:30:00,70,6,0.0,0.0,0.0,0.4335,optimal
2021-02-10 00:00:00,70,6,0.0,0.0,0.0,0.10809999999999999,optimal
2021-02-10 00:30:00,70,6,0.0,2.0899999999999994,0.0,0.2256,optimal
2021-02-10 01:00:00,70,6,0.0,0.0774074074074074,0.0,0.06406666666666666,optimal
2021-02-10 01:30:00,70,6,0.789222049175565,0.0,0.0,0.1618,optimal
2021-02-10 02:00:00,70,6,1.1428571428571428,0.0,0.0,0.2379333333333333,optimal
2021-02-10 02:30:00,70,6,1.1428571428571428,0.0,0.0,0.12459999999999999,optimal
2021-02-10 03:00:00,70,6,1.1428571428571428,0.0,0.0,0.18819999999999998,optimal
2021-02-10 03:30:00,70,6,1.1428571428571428,0.0,0.0,0.21153333333333332,optimal
2021-02-10 04:00:00,70,6,1.1428571428571428,0.0,0.0,0.12,optimal
2021-02-10 04:30:00,70,6,1.1428571428571428,0.0,0.0,0.199,optimal
2021-02-10 05:00:00,70,6,1.1428571428571428,0.0,0.11638120425000185,0.07753333333333333,optimal
2021-02-10 05:30:00,70,6,1.1428571428571428,0.0,5.0,0.3402,optimal
2021-02-10 06:00:00,70,6,1.1428571428571428,0.0,5.0,0.068,optimal
2021-02-10 06:30:00,70,6,1.1428571428571428,0.0,5.0,0.28513333333333335,optimal
2021-02-10 07:00:00,70,6,1.1428571428571428,0.0,5.0,0.06733333333333333,optimal
2021-02-10 07:30:00,70,6,1.1428571428571428,1.470740740740741,0.0,2.1902,optimal
2021-02-10 08:00:00,70,6,0.6629120577180087,0.0,0.0,0.2693333333333333,optimal
2021-02-10 08:30:00,70,6,0.7386028929813985,0.0774074074074074,0.0,0.09556666666666666,optimal
2021-02-10 09:00:00,70,6,0.6383607463201607,0.387037037037037,0.0,0.07,optimal
2021-02-10 09:30:00,70,6,0.5577849149168868,0.3096296296296296,0.0,0.281,optimal
2021-02-10 10:00:00,70,6,0.33062705862098163,0.0,0.0,0.2876666666666667,optimal
2021-02-10 10:30:00,70,6,0.21529042316376543,0.0,0.0,0.7561666666666667,optimal
2021-02-10 11:00:00,70,6,0.055676349014333534,0.0,0.0,0.7561333333333333,optimal
2021-02-10 11:30:00,70,6,0.19069509997936332,0.0,0.0,0.32680000000000003,optimal
2021-02-10 12:00:00,70,6,0.03898608401906184,4.280629629629629,0.0,0.2016,optimal
2021-02-10 12:30:00,70,6,0.015757512590490776,2.221592592592593,0.0,0.2719,optimal
2021-02-10 13:00:00,70,6,0.04322737850661605,0.0,0.0,0.35063333333333335,optimal
2021-02-10 13:30:00,70,6,1.0602323767514825,0.0,0.0,0.10540000000000001,optimal
2021-02-10 14:00:00,70,6,1.1428571428571428,0.23222222222222222,0.0,0.37639999999999996,optimal
2021-02-10 14:30:00,70,6,1.1428571428571428,0.0,0.0,0.3316,optimal
2021-02-10 15:00:00,70,6,1.1428571428571428,0.0,0.0,0.08170000000000001,optimal
2021-02-10 15:30:00,70,6,1.1428571428571428,0.0,0.0,0.2692,optimal
2021-02-10 16:00:00,70,6,0.0,1.6255555555555554,0.0,0.2672,optimal
2021-02-10 16:30:00,70,6,0.0,0.0,0.0,0.3117333333333333,optimal
2021-02-10 17:00:00,70,6,0.0,0.387037037037037,0.0,0.9006000000000001,optimal
2021-02-10 17:30:00,70,6,0.0,0.0,0.0,1.909,optimal
2021-02-10 18:00:00,70,6,0.0,0.23222222222222222,0.0,0.3045333333333334,optimal
2021-02-10 18:30:00,70,6,0.0,0.46444444444444444,0.0,0.3655,optimal
2021-02-10 19:00:00,70,6,0.0,0.387037037037037,0.0,0.308,optimal
2021-02-10 19:30:00,70,6,0.0,0.0,0.0,0.6076666666666666,optimal
2021-02-10 20:00:00,70,6,0.0,0.3096296296296296,0.0,0.3454,optimal
2021-02-10 20:30:00,70,6,0.0,0.387037037037037,0.0,0.3809333333333333,optimal
2021-02-10 21:00:00,70,6,0.0,0.0,0.0,1.4241,optimal
2021-02-10 21:30:00,70,6,0.0,0.0,0.0,0.3939,optimal
2021-02-10 22:00:00,70,6,0.0,0.6966666666666667,0.0,0.5331333333333333,optimal
2021-02-10 22:30:00,70,6,0.0,0.0,0.0,0.3904333333333333,optimal
2021-02-10 23:00:00,70,6,0.0,0.0,0.0,0.068,optimal
2021-02-10 23:30:00,70,6,0.0,0.0,0.0,0.15713333333333332,optimal
2021-02-11 00:00:00,70,6,0.5112649516186124,0.0,0.0,0.059,optimal
2021-02-11 00:30:00,70,6,1.1428571428571428,0.0,0.0,0.10859999999999999,optimal
2021-02-11 01:00:00,70,6,1.1428571428571428,0.0,0.0,0.2757,optimal
2021-02-11 01:30:00,70,6,1.1428571428571428,0.0,0.0,0.17716666666666667,optimal
2021-02-11 02:00:00,70,6,1.1428571428571428,0.0,0.0,0.1976,optimal
2021-02-11 02:30:00,70,6,1.1428571428571428,0.0,0.0,0.15680000000000002,optimal
2021-02-11 03:00:00,70,6,1.1428571428571428,0.0,0.0,0.1832666666666667,optimal
2021-02-11 03:30:00,70,6,1.1428571428571428,0.0,0.0,0.1168,optimal
2021-02-11 04:00:00,70,6,1.1428571428571428,0.0,0.0,0.13506666666666667,optimal
2021-02-11 04:30:00,70,6,1.1428571428571428,0.0,0.0,0.1286,optimal
2021-02-11 05:00:00,70,6,1.1428571428571428,0.0,0.0,0.1409,optimal
2021-02-11 05:30:00,70,6,1.1428571428571428,0.0,0.0,0.24506666666666663,optimal
2021-02-11 06:00:00,70,6,1.1428571428571428,0.0,0.6576896246982313,0.152,optimal
2021-02-11 06:30:00,70,6,1.1428571428571428,0.0,5.0,0.2231,optimal
2021-02-11 07:00:00,70,6,1.1428571428571428,0.1548148148148148,5.0,0.34353333333333336,optimal
2021-02-11 07:30:00,70,6,1.1428571428571428,0.46444444444444444,0.0,0.11126666666666668,optimal
2021-02-11 08:00:00,70,6,0.9162769459539807,0.0,0.0,0.16253333333333334,optimal
2021-02-11 08:30:00,70,6,0.9188326290302502,0.0,0.0,0.1761,optimal
2021-02-11 09:00:00,70,6,0.7827144980113009,0.0,0.0,0.2273,optimal
2021-02-11 09:30:00,70,6,0.7186400794105142,0.0,0.0,0.2039333333333333,optimal
2021-02-11 10:00:00,70,6,0.4346126326932094,0.0,0.0,0.1986,optimal
2021-02-11 10:30:00,70,6,0.4603782221411191,0.0,0.0,0.19846666666666668,optimal
2021-02-11 11:00:00,70,6,0.3342776720354065,0.0,0.0,0.14726666666666668,optimal
2021-02-11 11:30:00,70,6,0.29950878046361507,0.0,0.0,0.1544,optimal
2021-02-11 12:00:00,70,6,0.13104702717756825,0.0,0.0,0.1724,optimal
2021-02-11 12:30:00,70,6,0.10452795606931332,0.0,0.0,0.16766666666666666,optimal
2021-02-11 13:00:00,70,6,0.403897636890288,0.0,0.0,0.5398666666666667,optimal
2021-02-11 13:30:00,70,6,1.1428571428571428,0.0,0.0,2.1471999999999998,optimal
2021-02-11 14:00:00,70,6,1.1428571428571428,0.0,0.0,2.425333333333333,optimal
2021-02-11 14:30:00,70,6,1.1428571428571428,0.3096296296296296,0.0,1.6337000000000002,optimal
2021-02-11 15:00:00,70,6,1.1428571428571428,0.0774074074074074,0.0,0.5818,optimal
2021-02-11 15:30:00,70,6,1.1428571428571428,0.0,0.0,0.43006666666666665,optimal
2021-02-11 16:00:00,70,6,0.0,0.3096296296296296,0.0,1.9879333333333327,optimal
2021-02-11 16:30:00,70,6,0.0,0.0,0.0,1.2998666666666665,optimal
2021-02-11 17:00:00,70,6,0.0,0.0,0.0,0.3521666666666667,optimal
2021-02-11 17:30:00,70,6,0.0,0.0,0.0,0.44730000000000003,optimal
2021-02-11 18:00:00,70,6,0.0,0.774074074074074,0.0,0.2824,optimal
2021-02-11 18:30:00,70,6,0.0,0.0,0.0,0.5218666666666667,optimal
2021-02-11 19:00:00,70,6,0.0,0.1548148148148148,0.0,0.4249666666666666,optimal
2021-02-11 19:30:00,70,6,0.0,0.3096296296296296,0.0,0.4768,optimal
2021-02-11 20:00:00,70,6,0.0,0.1548148148148148,0.0,0.1645,optimal
2021-02-11 20:30:00,70,6,0.0,1.7029629629629628,0.0,0.11086666666666666,optimal
2021-02-11 21:00:00,70,6,0.0,0.0774074074074074,0.0,0.35503333333333337,optimal
2021-02-11 21:30:00,70,6,0.0,0.0,0.0,0.1895,optimal
2021-02-11 22:00:00,70,6,0.0,0.0,0.0,0.31806666666666666,optimal
2021-02-11 22:30:00,70,6,0.0,0.0,0.0,0.3214666666666666,optimal
2021-02-11 23:00:00,70,6,0.0,0.387037037037037,0.0,1.3768666666666665,optimal
2021-02-11 23:30:00,70,6,0.0,0.0,0.0,0.18546666666666667,optimal
2021-02-12 00:00:00,70,6,1.1428571428571428,0.0,0.0,1.9186666666666667,optimal
2021-02-12 00:30:00,70,6,1.1428571428571428,0.0,0.0,0.11159999999999999,optimal
2021-02-12 01:00:00,70,6,1.1428571428571428,0.0,0.0,0.11366666666666668,optimal
2021-02-12 01:30:00,70,6,1.1428571428571428,0.0,0.0,0.106,optimal
2021-02-12 02:00:00,70,6,1.1428571428571428,0.0,0.0,0.05,optimal
2021-02-12 02:30:00,70,6,1.1428571428571428,0.0,0.0,0.1452,optimal
2021-02-12 03:00:00,70,6,1.1428571428571428,0.0,0.0,0.0668,optimal
2021-02-12 03:30:00,70,6,1.1428571428571428,0.0,1.240073127451398,0.1004,optimal
2021-02-12 04:00:00,70,6,1.1428571428571428,0.0,5.0,0.11159999999999999,optimal
2021-02-12 04:30:00,70,6,1.1428571428571428,0.0,5.0,0.05,optimal
2021-02-12 05:00:00,70,6,1.1428571428571428,1.9351851851851851,5.0,0.6054666666666667,optimal
2021-02-12 05:30:00,70,6,1.1428571428571428,0.0774074074074074,0.0,1.7557333333333331,optimal
2021-02-12 06:00:00,70,6,1.1428571428571428,2.1674074074074072,0.0,1.1648,optimal
2021-02-12 06:30:00,70,6,1.1428571428571428,0.23222222222222222,0.0,1.1232666666666669,optimal
2021-02-12 07:00:00,70,6,1.1428571428571428,2.012592592592592,0.0,0.126,optimal
2021-02-12 07:30:00,70,6,1.1428571428571428,2.786862787244255,0.0,0.12040000000000001,optimal
2021-02-12 08:00:00,70,6,0.7971509819926557,0.5418518518518518,0.0,0.0636,optimal
2021-02-12 08:30:00,70,6,0.7146772895864067,0.3096296296296296,0.0,1.427,optimal
2021-02-12 09:00:00,70,6,0.6735122703742146,0.1548148148148148,0.0,1.2158,optimal
2021-02-12 09:30:00,70,6,0.6048562201763298,0.5418518518518518,0.0,0.25639999999999996,optimal
2021-02-12 10:00:00,70,6,0.08346978633102152,2.3222222222222215,0.0,2.0734333333333335,optimal
2021-02-12 10:30:00,70,6,0.15527621876257533,0.0,0.0,2.8451,optimal
2021-02-12 11:00:00,70,6,0.07003184219914167,0.5418518518518518,0.0,0.9759333333333332,optimal
2021-02-12 11:30:00,70,6,0.023628836729273083,0.0,0.0,1.6618,optimal
2021-02-12 12:00:00,70,6,0.0,0.1548148148148148,0.0,0.4474333333333333,optimal
2021-02-12 12:30:00,70,6,0.0,0.8514814814814814,0.0,0.29996666666666666,optimal
2021-02-12 13:00:00,70,6,0.8686528869211807,0.6966666666666667,0.0,0.8939,optimal
2021-02-12 13:30:00,70,6,1.1428571428571428,0.0,0.0,1.3584,optimal
2021-02-12 14:00:00,70,6,1.1428571428571428,0.23222222222222222,0.0,1.1572,optimal
2021-02-12 14:30:00,70,6,1.1428571428571428,0.0,0.0,1.4804000000000002,optimal
2021-02-12 15:00:00,70,6,1.1428571428571428,0.0,0.0,0.2378,optimal
2021-02-12 15:30:00,70,6,1.1428571428571428,0.0,0.0,0.1982,optimal
2021-02-12 16:00:00,70,6,0.0,0.387037037037037,0.0,0.24080000000000001,optimal
2021-02-12 16:30:00,70,6,0.0,0.3096296296296296,0.0,1.1032666666666668,optimal
2021-02-12 17:00:00,70,6,0.0,0.0,0.0,1.009,optimal
2021-02-12 17:30:00,70,6,0.0,0.0,0.0,0.21209999999999998,optimal
2021-02-12 18:00:00,70,6,0.0,0.0,0.0,1.9716666666666667,optimal
2021-02-12 18:30:00,70,6,0.0,0.387037037037037,0.0,0.06596666666666667,optimal
2021-02-12 19:00:00,70,6,0.0,0.7384666666666667,0.0,0.14856666666666665,optimal
2021-02-12 19:30:00,70,6,0.0,7.157088888888889,0.0,0.1458,optimal
2021-02-12 20:00:00,70,6,0.0,0.0,0.0,0.09626666666666668,optimal
2021-02-12 20:30:00,70,6,0.0,0.23222222222222222,0.0,0.1742,optimal
2021-02-12 21:00:00,70,6,0.0,0.5418518518518518,0.0,0.09533333333333331,optimal
2021-02-12 21:30:00,70,6,0.0,0.0,0.0,0.18030000000000002,optimal
2021-02-12 22:00:00,70,6,0.0,0.1548148148148148,0.0,0.21516666666666662,optimal
2021-02-12 22:30:00,70,6,0.0,0.0,0.0,2.0502,optimal
2021-02-12 23:00:00,70,6,0.0,0.0,0.0,0.202,optimal
2021-02-12 23:30:00,70,6,0.0,0.0,0.0,0.4294,optimal
2021-02-13 00:00:00,70,6,0.0,0.0,0.0,0.058,optimal
2021-02-13 00:30:00,70,6,0.0,0.0,0.0,0.2226,optimal
2021-02-13 01:00:00,70,6,0.0,0.0,0.0,0.21706666666666663,optimal
2021-02-13 01:30:00,70,6,0.0,0.0,0.0,0.19683333333333328,optimal
2021-02-13 02:00:00,70,6,1.076272291985395,0.0,0.0,0.20566666666666664,optimal
2021-02-13 02:30:00,70,6,1.1428571428571428,0.0,0.0,0.1424,optimal
2021-02-13 03:00:00,70,6,1.1428571428571428,0.0,0.0,0.1864333333333333,optimal
2021-02-13 03:30:00,70,6,1.1428571428571428,0.0,0.0,0.206,optimal
2021-02-13 04:00:00,70,6,1.1428571428571428,0.0,3.9352093193754083,0.12340000000000001,optimal
2021-02-13 04:30:00,70,6,1.1428571428571428,0.0,5.0,0.3095,optimal
2021-02-13 05:00:00,70,6,1.1428571428571428,0.0,5.0,0.251,optimal
2021-02-13 05:30:00,70,6,1.1428571428571428,0.0774074074074074,5.0,1.855,optimal
2021-02-13 06:00:00,70,6,1.1428571428571428,0.3096296296296296,5.0,0.9395,optimal
2021-02-13 06:30:00,70,6,1.1428571428571428,0.8514814814814814,0.0,1.2262,optimal
2021-02-13 07:00:00,70,6,1.1428571428571428,0.0,0.0,1.2489000000000001,optimal
2021-02-13 07:30:00,70,6,1.1428571428571428,0.0,0.0,0.5887666666666667,optimal
2021-02-13 08:00:00,70,6,0.6967435656422539,0.0,0.0,0.3738666666666667,optimal
2021-02-13 08:30:00,70,6,0.3887615125533396,0.0774074074074074,0.0,2.1864666666666666,optimal
2021-02-13 09:00:00,70,6,0.6110773235838524,0.23222222222222222,0.0,0.33073333333333327,optimal
2021-02-13 09:30:00,70,6,0.33759562956786265,0.0,0.0,1.7361333333333335,optimal
2021-02-13 10:00:00,70,6,0.5484901908241168,0.0,0.0,0.1756,optimal
2021-02-13 10:30:00,70,6,0.5380605186875813,0.0,0.0,0.2046,optimal
2021-02-13 11:00:00,70,6,0.3219599081232449,0.0,0.0,0.22519999999999998,optimal
2021-02-13 11:30:00,70,6,0.3249397597962393,0.0,0.0,0.20926666666666668,optimal
2021-02-13 12:00:00,70,6,0.2283231621273807,0.0,0.0,0.23606666666666665,optimal
2021-02-13 12:30:00,70,6,0.2749114369019396,0.0,0.0,0.058,optimal
2021-02-13 13:00:00,70,6,1.1104417189256457,0.0,0.0,0.2419333333333333,optimal
2021-02-13 13:30:00,70,6,1.1428571428571428,0.0,0.0,0.1977333333333333,optimal
2021-02-13 14:00:00,70,6,1.1428571428571428,0.0,0.0,0.07886666666666665,optimal
2021-02-13 14:30:00,70,6,1.1428571428571428,0.1548148148148148,0.0,0.3153,optimal
2021-02-13 15:00:00,70,6,1.1428571428571428,0.0774074074074074,0.0,0.3743333333333333,optimal
2021-02-13 15:30:00,70,6,1.1428571428571428,0.1548148148148148,0.0,0.23283333333333328,optimal
2021-02-13 16:00:00,70,6,0.0,0.1548148148148148,0.0,0.6865666666666668,optimal
2021-02-13 16:30:00,70,6,0.0,0.3096296296296296,0.0,1.5386666666666668,optimal
2021-02-13 17:00:00,70,6,0.0,6.115185185185185,0.0,0.3288333333333333,optimal
2021-02-13 17:30:00,70,6,0.0,0.387037037037037,0.0,0.32803333333333334,optimal
2021-02-13 18:00:00,70,6,0.0,0.0,0.0,0.11396666666666669,optimal
2021-02-13 18:30:00,70,6,0.0,0.3096296296296296,0.0,0.34246666666666664,optimal
2021-02-13 19:00:00,70,6,0.0,0.3096296296296296,0.0,0.3484333333333333,optimal
2021-02-13 19:30:00,70,6,0.0,0.0,0.0,0.3851666666666667,optimal
2021-02-13 20:00:00,70,6,0.0,0.0,0.0,0.5143,optimal
2021-02-13 20:30:00,70,6,0.0,0.23222222222222222,0.0,0.4229,optimal
2021-02-13 21:00:00,70,6,0.0,0.3096296296296296,0.0,0.3565,optimal
2021-02-13 21:30:00,70,6,0.0,0.0,0.0,0.6916666666666667,optimal
2021-02-13 22:00:00,70,6,0.0,0.0,0.0,0.3214666666666666,optimal
2021-02-13 22:30:00,70,6,0.0,0.0,0.0,0.2936333333333333,optimal
2021-02-13 23:00:00,70,6,0.0,0.0,0.0,0.22963333333333333,optimal
2021-02-13 23:30:00,70,6,0.0,0.0,0.0,0.1854333333333333,optimal
2021-02-07 00:00:00,71,6,0.0,0.23222222222222222,0.0,0.06659999999999999,optimal
2021-02-07 00:30:00,71,6,0.0,0.0,0.0,0.053,optimal
2021-02-07 01:00:00,71,6,0.0,0.0,0.0,0.15633333333333335,optimal
2021-02-07 01:30:00,71,6,0.0,0.0,0.0,0.07233333333333333,optimal
2021-02-07 02:00:00,71,6,0.0,0.0,0.0,0.2066,optimal
2021-02-07 02:30:00,71,6,0.0,0.0,0.0,0.053,optimal
2021-02-07 03:00:00,71,6,0.0,0.0,0.0,0.22593333333333332,optimal
2021-02-07 03:30:00,71,6,0.0,0.0,0.0,0.053,optimal
2021-02-07 04:00:00,71,6,1.1428571428571428,0.0,0.0,0.1305,optimal
2021-02-07 04:30:00,71,6,1.1428571428571428,0.0,0.0,0.14843333333333333,optimal
2021-02-07 05:00:00,71,6,1.1428571428571428,0.387037037037037,1.1060376930150764,0.33066666666666666,optimal
2021-02-07 05:30:00,71,6,1.1428571428571428,0.5418518518518518,0.0,0.23396666666666666,optimal
2021-02-07 06:00:00,71,6,1.1428571428571428,0.387037037037037,0.0,0.26726666666666665,optimal
2021-02-07 06:30:00,71,6,1.1428571428571428,0.1548148148148148,0.0,0.25206666666666666,optimal
2021-02-07 07:00:00,71,6,1.1428571428571428,2.2448148148148146,0.0,0.165,optimal
2021-02-07 07:30:00,71,6,0.0,0.387037037037037,0.0,0.34063333333333334,optimal
2021-02-07 08:00:00,71,6,0.0,2.0899999999999994,0.0,1.4538666666666666,optimal
2021-02-07 08:30:00,71,6,0.0,1.006296296296296,0.0,0.24636666666666668,optimal
2021-02-07 09:00:00,71,6,0.0,0.23222222222222222,0.0,1.1382999999999999,optimal
2021-02-07 09:30:00,71,6,0.47627312570169383,2.5544444444444445,0.0,0.8815,optimal
2021-02-07 10:00:00,71,6,0.5935348710313127,0.0,0.0,0.29633333333333334,optimal
2021-02-07 10:30:00,71,6,0.642569453399608,0.0,0.0,0.1586,optimal
2021-02-07 11:00:00,71,6,0.5141431296584823,0.0,0.0,0.33963333333333334,optimal
2021-02-07 11:30:00,71,6,0.553569796325156,0.0,0.0,0.063,optimal
2021-02-07 12:00:00,71,6,0.4570570362967393,0.0,0.0,0.1636,optimal
2021-02-07 12:30:00,71,6,0.46513322677292684,0.0,0.0,0.13533333333333333,optimal
2021-02-07 13:00:00,71,6,1.1428571428571428,0.0,0.0,0.09393333333333334,optimal
2021-02-07 13:30:00,71,6,1.1428571428571428,0.0,0.0,0.11716666666666668,optimal
2021-02-07 14:00:00,71,6,1.1428571428571428,0.0,0.0,0.15083333333333335,optimal
2021-02-07 14:30:00,71,6,1.1428571428571428,0.0,0.0,1.5248,optimal
2021-02-07 15:00:00,71,6,1.1428571428571428,0.23222222222222222,0.0,0.47956666666666664,optimal
2021-02-07 15:30:00,71,6,1.1428571428571428,0.5062444444444444,0.0,0.31660000000000005,optimal
2021-02-07 16:00:00,71,6,0.0,0.035607407407407414,0.0,0.45130000000000003,optimal
2021-02-07 16:30:00,71,6,0.0,0.3096296296296296,0.0,0.4508666666666667,optimal
2021-02-07 17:00:00,71,6,0.0,0.6192592592592592,0.0,0.356,optimal
2021-02-07 17:30:00,71,6,0.0,0.3096296296296296,0.0,1.6713333333333333,optimal
2021-02-07 18:00:00,71,6,0.0,0.0,0.0,0.5909333333333333,optimal
2021-02-07 18:30:00,71,6,0.0,0.23222222222222222,0.0,0.2984,optimal
2021-02-07 19:00:00,71,6,0.0,0.0774074074074074,0.0,0.22080000000000002,optimal
2021-02-07 19:30:00,71,6,0.0,0.1548148148148148,0.0,0.3869333333333333,optimal
2021-02-07 20:00:00,71,6,0.055317041961837975,0.0,0.0,0.22013333333333332,optimal
2021-02-07 20:30:00,71,6,0.0,0.0,0.0,0.3053333333333333,optimal
2021-02-07 21:00:00,71,6,0.0,0.3096296296296296,0.0,0.3853333333333333,optimal
2021-02-07 21:30:00,71,6,0.0,3.9477777777777776,0.0,0.47073333333333334,optimal
2021-02-07 22:00:00,71,6,0.0,1.7029629629629628,0.0,0.5357999999999999,optimal
2021-02-07 22:30:00,71,6,0.0,0.387037037037037,0.0,0.4433333333333333,optimal
2021-02-07 23:00:00,71,6,0.0,0.0774074074074074,0.0,0.4771333333333333,optimal
2021-02-07 23:30:00,71,6,0.0,0.0,0.0,0.5437000000000001,optimal
2021-02-08 00:00:00,71,6,0.0,1.548148148148148,0.0,0.0842,optimal
2021-02-08 00:30:00,71,6,0.0,0.0,0.0,0.12353333333333331,optimal
2021-02-08 01:00:00,71,6,0.0,0.46444444444444444,0.0,0.10540000000000001,optimal
2021-02-08 01:30:00,71,6,0.0,0.387037037037037,0.0,0.432,optimal
2021-02-08 02:00:00,71,6,0.0,0.0,0.0,0.39226666666666665,optimal
2021-02-08 02:30:00,71,6,0.0,0.0,0.0,1.2204000000000002,optimal
2021-02-08 03:00:00,71,6,0.8096071283740522,0.0,0.0,0.34226666666666666,optimal
2021-02-08 03:30:00,71,6,1.1428571428571428,0.0,2.2332294427264956,0.24553333333333333,optimal
2021-02-08 04:00:00,71,6,1.1428571428571428,5.495925925925925,5.0,2.8817,optimal
2021-02-08 04:30:00,71,6,1.1428571428571428,0.1548148148148148,5.0,0.9025,optimal
2021-02-08 05:00:00,71,6,1.1428571428571428,0.23222222222222222,5.0,0.27913333333333334,optimal
2021-02-08 05:30:00,71,6,1.1428571428571428,0.774074074074074,5.0,0.76,optimal
2021-02-08 06:00:00,71,6,1.1428571428571428,2.5544444444444445,5.0,2.999333333333333,optimal
2021-02-08 06:30:00,71,6,1.1428571428571428,3.5839629629629624,5.0,0.26839999999999997,optimal
2021-02-08 07:00:00,71,6,1.1428571428571428,4.156777777777778,5.0,1.3631,optimal
2021-02-08 07:30:00,71,6,1.1428571428571428,2.7092592592592597,0.0,0.5535,optimal
2021-02-08 08:00:00,71,6,0.5496597222506141,0.1548148148148148,0.0,2.2215666666666665,optimal
2021-02-08 08:30:00,71,6,0.7828028760474939,0.0,0.0,0.1715,optimal
2021-02-08 09:00:00,71,6,0.716076644769766,0.0,0.0,0.08120000000000001,optimal
2021-02-08 09:30:00,71,6,0.6912447712173038,0.0,0.0,0.1456,optimal
2021-02-08 10:00:00,71,6,0.5148751168660328,0.0,0.0,0.205,optimal
2021-02-08 10:30:00,71,6,0.5406498475613414,0.0,0.0,0.1373,optimal
2021-02-08 11:00:00,71,6,0.35386455058931865,0.0,0.0,0.18330000000000002,optimal
2021-02-08 11:30:00,71,6,0.37017663488768293,0.0,0.0,0.11120000000000001,optimal
2021-02-08 12:00:00,71,6,0.3097365139380155,0.0,0.0,0.11120000000000001,optimal
2021-02-08 12:30:00,71,6,0.26161782539188616,0.0,0.0,0.2496,optimal
2021-02-08 13:00:00,71,6,0.32655543661272995,0.0,0.0,0.071,optimal
2021-02-08 13:30:00,71,6,1.1428571428571428,0.0,0.0,0.0863,optimal
2021-02-08 14:00:00,71,6,1.1428571428571428,0.0,0.0,0.1941,optimal
2021-02-08 14:30:00,71,6,1.1428571428571428,0.0,0.0,0.1514,optimal
2021-02-08 15:00:00,71,6,1.1428571428571428,0.0,0.0,0.22826666666666667,optimal
2021-02-08 15:30:00,71,6,1.1428571428571428,0.387037037037037,0.0,0.39453333333333335,optimal
2021-02-08 16:00:00,71,6,0.0,0.3096296296296296,0.0,0.3052333333333333,optimal
2021-02-08 16:30:00,71,6,0.0,0.23222222222222222,0.0,0.6037333333333333,optimal
2021-02-08 17:00:00,71,6,0.0,1.006296296296296,0.0,1.2746,optimal
2021-02-08 17:30:00,71,6,0.0,0.5418518518518518,0.0,0.3242333333333333,optimal
2021-02-08 18:00:00,71,6,0.0,0.3096296296296296,0.0,2.555333333333333,optimal
2021-02-08 18:30:00,71,6,0.0,0.3096296296296296,0.0,3.6146333333333334,optimal
2021-02-08 19:00:00,71,6,0.0,0.8514814814814814,0.0,1.8091,optimal
2021-02-08 19:30:00,71,6,0.0,0.0774074074074074,0.0,1.8999333333333328,optimal
2021-02-08 20:00:00,71,6,0.0,0.1548148148148148,0.0,1.0516666666666667,optimal
2021-02-08 20:30:00,71,6,0.0,0.42883703703703696,0.0,0.6393,optimal
2021-02-08 21:00:00,71,6,0.0,0.19042222222222224,0.0,0.4771333333333333,optimal
2021-02-08 21:30:00,71,6,0.0,2.150377777777778,0.0,0.3863333333333333,optimal
2021-02-08 22:00:00,71,6,0.0,6.209622222222222,0.0,3.5914333333333333,optimal
2021-02-08 22:30:00,71,6,0.0,0.0,0.0,2.5935,optimal
2021-02-08 23:00:00,71,6,0.0,0.23222222222222222,0.0,1.2822666666666669,optimal
2021-02-08 23:30:00,71,6,0.0,0.0,0.0,0.1088,optimal
2021-02-09 00:00:00,71,6,0.0,0.3096296296296296,0.0,0.5375,optimal
2021-02-09 00:30:00,71,6,0.0,0.0,0.0,0.5761000000000001,optimal
2021-02-09 01:00:00,71,6,0.0,0.0,0.0,0.8831,optimal
2021-02-09 01:30:00,71,6,0.2751811473866074,0.0,0.0,0.6981333333333333,optimal
2021-02-09 02:00:00,71,6,1.1428571428571428,0.0,0.0,0.05,optimal
2021-02-09 02:30:00,71,6,1.1428571428571428,0.0,0.0,0.05,optimal
2021-02-09 03:00:00,71,6,1.1428571428571428,0.0,0.0,0.05,optimal
2021-02-09 03:30:00,71,6,1.1428571428571428,0.0,0.0,0.05,optimal
2021-02-09 04:00:00,71,6,1.1428571428571428,0.0,0.0,0.05,optimal
2021-02-09 04:30:00,71,6,1.1428571428571428,0.0,0.0,0.05,optimal
2021-02-09 05:00:00,71,6,1.1428571428571428,0.0,0.0,0.05,optimal
2021-02-09 05:30:00,71,6,1.1428571428571428,0.0,0.0,0.05,optimal
2021-02-09 06:00:00,71,6,1.1428571428571428,0.0,0.0,0.05,optimal
2021-02-09 06:30:00,71,6,1.1428571428571428,0.0,2.006764176453529,0.05,optimal
2021-02-09 07:00:00,71,6,1.1428571428571428,0.0,5.0,0.05,optimal
2021-02-09 07:30:00,71,6,1.1428571428571428,0.0,0.0,0.05,optimal
2021-02-09 08:00:00,71,6,0.7773062016605774,0.0,0.0,0.05,optimal
2021-02-09 08:30:00,71,6,0.7708743281081172,0.0,0.0,0.05,optimal
2021-02-09 09:00:00,71,6,0.6637557416971229,0.0,0.0,0.05,optimal
2021-02-09 09:30:00,71,6,0.5724110422112698,0.0,0.0,0.6815,optimal
2021-02-09 10:00:00,71,6,0.36119430395928714,0.0,0.0,1.161,optimal
2021-02-09 10:30:00,71,6,0.34955546708614715,0.1548148148148148,0.0,0.6715,optimal
2021-02-09 11:00:00,71,6,0.14948133670345853,0.0774074074074074,0.0,1.1158,optimal
2021-02-09 11:30:00,71,6,0.15086118837645027,0.0,0.0,0.0685,optimal
2021-02-09 12:00:00,71,6,0.005441391458131881,4.567037037037037,0.0,1.102,optimal
2021-02-09 12:30:00,71,6,0.0,0.9288888888888889,0.0,0.7684,optimal
2021-02-09 13:00:00,71,6,0.0,0.3096296296296296,0.0,0.9260333333333332,optimal
2021-02-09 13:30:00,71,6,0.06915515953873094,1.0837037037037036,0.0,1.3203333333333334,optimal
2021-02-09 14:00:00,71,6,1.1428571428571428,0.46444444444444444,0.0,1.201,optimal
2021-02-09 14:30:00,71,6,1.1428571428571428,0.3096296296296296,0.0,0.8939666666666667,optimal
2021-02-09 15:00:00,71,6,1.1428571428571428,0.0774074074074074,0.0,0.7677999999999999,optimal
2021-02-09 15:30:00,71,6,1.1428571428571428,0.0,0.0,0.9435,optimal
2021-02-09 16:00:00,71,6,0.0,2.012592592592592,0.0,1.0592000000000001,optimal
2021-02-09 16:30:00,71,6,0.0,0.0,0.0,1.4255,optimal
2021-02-09 17:00:00,71,6,0.0,0.46444444444444444,0.0,0.8972333333333333,optimal
2021-02-09 17:30:00,71,6,0.0,0.0,0.0,0.8345,optimal
2021-02-09 18:00:00,71,6,0.0,0.23222222222222222,0.0,0.13586666666666666,optimal
2021-02-09 18:30:00,71,6,0.0,0.387037037037037,0.0,0.7308333333333333,optimal
2021-02-09 19:00:00,71,6,0.0,0.0,0.0,0.3122333333333333,optimal
2021-02-09 19:30:00,71,6,0.0,0.0,0.0,0.4219,optimal
2021-02-09 20:00:00,71,6,0.0,2.2448148148148146,0.0,1.014,optimal
2021-02-09 20:30:00,71,6,0.0,0.23222222222222222,0.0,0.40423333333333333,optimal
2021-02-09 21:00:00,71,6,0.0,0.1548148148148148,0.0,1.3196333333333334,optimal
2021-02-09 21:30:00,71,6,0.0,0.0,0.0,1.0982,optimal
2021-02-09 22:00:00,71,6,0.0,0.0,0.0,1.2885333333333333,optimal
2021-02-09 22:30:00,71,6,0.0,0.8932814814814815,0.0,0.832,optimal
2021-02-09 23:00:00,71,6,0.0,0.035607407407407414,0.0,0.9169666666666668,optimal
2021-02-09 23:30:00,71,6,0.0,0.0,0.0,0.6784333333333333,optimal
2021-02-10 00:00:00,71,6,0.0,0.0,0.0,0.065,optimal
2021-02-10 00:30:00,71,6,0.0,0.0,0.0,0.065,optimal
2021-02-10 01:00:00,71,6,0.03892943065889945,0.0,0.0,0.065,optimal
2021-02-10 01:30:00,71,6,1.1428571428571428,0.0,0.0,0.065,optimal
2021-02-10 02:00:00,71,6,1.1428571428571428,0.0,0.0,0.065,optimal
2021-02-10 02:30:00,71,6,1.1428571428571428,0.0,0.0,0.065,optimal
2021-02-10 03:00:00,71,6,1.1428571428571428,0.0,0.0,0.065,optimal
2021-02-10 03:30:00,71,6,1.1428571428571428,0.0,0.0,0.065,optimal
2021-02-10 04:00:00,71,6,1.1428571428571428,0.0,0.0,0.065,optimal
2021-02-10 04:30:00,71,6,1.1428571428571428,0.0,0.0,0.065,optimal
2021-02-10 05:00:00,71,6,1.1428571428571428,0.0,0.0,0.065,optimal
2021-02-10 05:30:00,71,6,1.1428571428571428,0.0,0.0,0.06766666666666667,optimal
2021-02-10 06:00:00,71,6,1.1428571428571428,0.0,0.5599985628580391,0.07233333333333333,optimal
2021-02-10 06:30:00,71,6,1.1428571428571428,0.1548148148148148,5.0,0.06433333333333333,optimal
2021-02-10 07:00:00,71,6,1.1428571428571428,0.23222222222222222,5.0,0.11266666666666668,optimal
2021-02-10 07:30:00,71,6,1.1428571428571428,0.5418518518518518,0.0,0.815,optimal
2021-02-10 08:00:00,71,6,0.6076168196227647,0.3096296296296296,0.0,0.39803333333333335,optimal
2021-02-10 08:30:00,71,6,0.5781076548861654,0.23222222222222222,0.0,1.5255,optimal
2021-02-10 09:00:00,71,6,0.35858931774873226,0.23222222222222222,0.0,3.0879333333333334,optimal
2021-02-10 09:30:00,71,6,0.6420325339645043,0.0,0.0,1.4715,optimal
2021-02-10 10:00:00,71,6,0.5318175348114617,0.0,0.0,0.065,optimal
2021-02-10 10:30:00,71,6,0.5253856612590133,0.0,0.0,0.065,optimal
2021-02-10 11:00:00,71,6,0.3930953966333796,0.0,0.0,0.06766666666666667,optimal
2021-02-10 11:30:00,71,6,0.38880748093173956,0.0,0.0,0.075,optimal
2021-02-10 12:00:00,71,6,0.22187179830477766,0.0,0.0,0.07233333333333333,optimal
2021-02-10 12:30:00,71,6,0.5627862462878491,0.0,0.0,0.065,optimal
2021-02-10 13:00:00,71,6,1.1428571428571428,0.0,0.0,0.065,optimal
2021-02-10 13:30:00,71,6,1.1428571428571428,0.0,0.0,0.06766666666666667,optimal
2021-02-10 14:00:00,71,6,1.1428571428571428,0.0,0.0,0.075,optimal
2021-02-10 14:30:00,71,6,1.1428571428571428,0.0,0.0,0.075,optimal
2021-02-10 15:00:00,71,6,1.1428571428571428,0.0,0.0,0.075,optimal
2021-02-10 15:30:00,71,6,1.1428571428571428,0.0,0.0,0.075,optimal
2021-02-10 16:00:00,71,6,0.0,0.0,0.0,0.075,optimal
2021-02-10 16:30:00,71,6,0.0,0.0,0.0,0.075,optimal
2021-02-10 17:00:00,71,6,0.0,0.0,0.0,0.075,optimal
2021-02-10 17:30:00,71,6,0.0,0.0,0.0,0.09090000000000001,optimal
2021-02-10 18:00:00,71,6,0.0,0.0774074074074074,0.0,1.1689,optimal
2021-02-10 18:30:00,71,6,0.0,0.0,0.0,0.07233333333333333,optimal
2021-02-10 19:00:00,71,6,0.0,0.0,0.0,0.065,optimal
2021-02-10 19:30:00,71,6,0.8006523909718056,0.0,0.0,1.1965999999999999,optimal
2021-02-10 20:00:00,71,6,0.7341045611782746,0.387037037037037,0.0,0.4088333333333333,optimal
2021-02-10 20:30:00,71,6,0.0,0.0,0.0,0.8302,optimal
2021-02-10 21:00:00,71,6,0.0,0.23222222222222222,0.0,2.1411,optimal
2021-02-10 21:30:00,71,6,0.0,0.0,0.0,0.8865,optimal
2021-02-10 22:00:00,71,6,0.0,0.0,0.0,2.2876333333333334,optimal
2021-02-10 22:30:00,71,6,0.0,0.23222222222222222,0.0,0.8858333333333334,optimal
2021-02-10 23:00:00,71,6,0.0,0.0,0.0,2.0725,optimal
2021-02-10 23:30:00,71,6,0.0,0.3096296296296296,0.0,0.4723333333333333,optimal
2021-02-11 00:00:00,71,6,0.9009964750019859,0.0,0.0,0.058,optimal
2021-02-11 00:30:00,71,6,1.1428571428571428,0.0,0.0,0.058,optimal
2021-02-11 01:00:00,71,6,1.1428571428571428,0.0,0.0,0.058,optimal
2021-02-11 01:30:00,71,6,1.1428571428571428,0.0,0.0,0.058,optimal
2021-02-11 02:00:00,71,6,1.1428571428571428,0.0,0.0,0.058,optimal
2021-02-11 02:30:00,71,6,1.1428571428571428,0.0,0.0,0.058,optimal
2021-02-11 03:00:00,71,6,1.1428571428571428,0.0,0.0,0.058,optimal
2021-02-11 03:30:00,71,6,1.1428571428571428,0.0,0.0,0.058,optimal
2021-02-11 04:00:00,71,6,1.1428571428571428,0.0,0.0,0.058,optimal
2021-02-11 04:30:00,71,6,1.1428571428571428,0.0,0.5661366462600289,0.058,optimal
2021-02-11 05:00:00,71,6,1.1428571428571428,0.0,5.0,0.058,optimal
2021-02-11 05:30:00,71,6,1.1428571428571428,0.0,5.0,0.058,optimal
2021-02-11 06:00:00,71,6,1.1428571428571428,0.0,5.0,0.059,optimal
2021-02-11 06:30:00,71,6,1.1428571428571428,0.5418518518518518,5.0,0.09666666666666669,optimal
2021-02-11 07:00:00,71,6,1.1428571428571428,0.9288888888888889,5.0,0.3212,optimal
2021-02-11 07:30:00,71,6,1.1428571428571428,6.8552,0.0,0.1207,optimal
2021-02-11 08:00:00,71,6,0.6847055173825596,3.749614814814814,0.0,0.067,optimal
2021-02-11 08:30:00,71,6,0.6845097718873888,0.6192592592592592,0.0,0.8417666666666667,optimal
2021-02-11 09:00:00,71,6,0.5610011646779739,0.1548148148148148,0.0,1.2621333333333333,optimal
2021-02-11 09:30:00,71,6,0.39101150798193685,0.1548148148148148,0.0,2.599,optimal
2021-02-11 10:00:00,71,6,0.046832632693206575,0.387037037037037,0.0,3.1506,optimal
2021-02-11 10:30:00,71,6,0.24615917452207217,0.0,0.0,0.28986666666666666,optimal
2021-02-11 11:00:00,71,6,0.0,0.3096296296296296,0.0,1.4253333333333333,optimal
2021-02-11 11:30:00,71,6,0.050877207867837525,0.23222222222222222,0.0,0.4568,optimal
2021-02-11 12:00:00,71,6,0.0,0.3096296296296296,0.0,1.2619,optimal
2021-02-11 12:30:00,71,6,0.0,0.0,0.0,0.11123333333333332,optimal
2021-02-11 13:00:00,71,6,1.1428571428571428,0.0,0.0,0.068,optimal
2021-02-11 13:30:00,71,6,1.1428571428571428,0.0,0.0,0.068,optimal
2021-02-11 14:00:00,71,6,1.1428571428571428,0.0,0.0,0.068,optimal
2021-02-11 14:30:00,71,6,1.1428571428571428,0.0,0.0,0.068,optimal
2021-02-11 15:00:00,71,6,1.1428571428571428,0.0,0.0,0.068,optimal
2021-02-11 15:30:00,71,6,1.1428571428571428,0.387037037037037,0.0,0.18216666666666662,optimal
2021-02-11 16:00:00,71,6,0.0,0.0,0.0,0.26213333333333333,optimal
2021-02-11 16:30:00,71,6,0.0,0.0,0.0,0.2815,optimal
2021-02-11 17:00:00,71,6,0.0,0.1548148148148148,0.0,0.32406666666666667,optimal
2021-02-11 17:30:00,71,6,0.0,0.0,0.0,0.34953333333333336,optimal
2021-02-11 18:00:00,71,6,0.0,0.0774074074074074,0.0,0.3521333333333333,optimal
2021-02-11 18:30:00,71,6,0.0,0.387037037037037,0.0,1.4284666666666668,optimal
2021-02-11 19:00:00,71,6,0.0,0.23222222222222222,0.0,1.1041333333333334,optimal
2021-02-11 19:30:00,71,6,0.0,0.0,0.0,0.6633333333333333,optimal
2021-02-11 20:00:00,71,6,1.0162705940912509,0.0,0.0,0.1636,optimal
2021-02-11 20:30:00,71,6,0.0,0.0,0.0,0.2317,optimal
2021-02-11 21:00:00,71,6,0.0,0.0,0.0,1.8512666666666668,optimal
2021-02-11 21:30:00,71,6,0.0,0.0,0.0,0.7495,optimal
2021-02-11 22:00:00,71,6,0.0,0.23222222222222222,0.0,0.7002333333333334,optimal
2021-02-11 22:30:00,71,6,0.0,0.1548148148148148,0.0,0.3204666666666666,optimal
2021-02-11 23:00:00,71,6,0.0,0.0,0.0,0.4298666666666667,optimal
2021-02-11 23:30:00,71,6,0.0,0.3096296296296296,0.0,0.35086666666666666,optimal
2021-02-12 00:00:00,71,6,1.1428571428571428,0.1548148148148148,0.0,0.05533333333333334,optimal
2021-02-12 00:30:00,71,6,1.1428571428571428,0.0,0.0,0.06753333333333333,optimal
2021-02-12 01:00:00,71,6,1.1428571428571428,0.0,0.0,0.1803333333333333,optimal
2021-02-12 01:30:00,71,6,1.1428571428571428,0.0,0.0,0.055,optimal
2021-02-12 02:00:00,71,6,1.1428571428571428,0.0,0.0,0.149,optimal
2021-02-12 02:30:00,71,6,1.1428571428571428,0.0,0.0,0.09886666666666666,optimal
2021-02-12 03:00:00,71,6,1.1428571428571428,0.0,0.0,0.07379999999999999,optimal
2021-02-12 03:30:00,71,6,1.1428571428571428,0.0,0.0,0.17406666666666668,optimal
2021-02-12 04:00:00,71,6,1.1428571428571428,0.0,0.0,0.055,optimal
2021-02-12 04:30:00,71,6,1.1428571428571428,0.0,0.0,0.055,optimal
2021-02-12 05:00:00,71,6,1.1428571428571428,0.0,0.0,0.055,optimal
2021-02-12 05:30:00,71,6,1.1428571428571428,0.0,0.0,0.055,optimal
2021-02-12 06:00:00,71,6,1.1428571428571428,0.0,4.115520031808085,0.1928666666666667,optimal
2021-02-12 06:30:00,71,6,1.1428571428571428,0.0,5.0,0.055,optimal
2021-02-12 07:00:00,71,6,1.1428571428571428,0.0,5.0,0.09886666666666666,optimal
2021-02-12 07:30:00,71,6,1.1428571428571428,6.746289066113944,0.0,0.2754,optimal
2021-02-12 08:00:00,71,6,0.7734176486593229,0.387037037037037,0.0,0.193,optimal
2021-02-12 08:30:00,71,6,0.8740315753006945,0.0,0.0,0.2342,optimal
2021-02-12 09:00:00,71,6,0.877474175136124,0.0,0.0,0.055,optimal
2021-02-12 09:30:00,71,6,0.7831400297001363,0.0,0.0,0.055,optimal
2021-02-12 10:00:00,71,6,0.49130502442625373,0.0,0.0,0.05766666666666666,optimal
2021-02-12 10:30:00,71,6,0.474153361619717,0.0,0.0,0.065,optimal
2021-02-12 11:00:00,71,6,0.2904813660086614,0.0,0.0,0.065,optimal
2021-02-12 11:30:00,71,6,0.24894693196736337,0.0,0.0,0.20286666666666667,optimal
2021-02-12 12:00:00,71,6,0.22423239624023378,0.0,0.0,0.065,optimal
2021-02-12 12:30:00,71,6,0.22208843838941378,0.0,0.0,0.065,optimal
2021-02-12 13:00:00,71,6,1.1428571428571428,0.0,0.0,0.3846333333333333,optimal
2021-02-12 13:30:00,71,6,1.1428571428571428,0.774074074074074,0.0,0.26,optimal
2021-02-12 14:00:00,71,6,1.1428571428571428,0.0,0.0,0.3095333333333334,optimal
2021-02-12 14:30:00,71,6,1.1428571428571428,0.0,0.0,0.16419999999999998,optimal
2021-02-12 15:00:00,71,6,1.1428571428571428,0.0,0.0,0.09633333333333331,optimal
2021-02-12 15:30:00,71,6,1.1428571428571428,0.0,0.0,0.10886666666666665,optimal
2021-02-12 16:00:00,71,6,0.0,0.0,0.0,0.15633333333333335,optimal
2021-02-12 16:30:00,71,6,0.0,0.0,0.0,0.055,optimal
2021-02-12 17:00:00,71,6,0.0,0.2740222222222222,0.0,0.27693333333333336,optimal
2021-02-12 17:30:00,71,6,0.0,0.5000518518518519,0.0,0.6149,optimal
2021-02-12 18:00:00,71,6,0.0,0.0774074074074074,0.0,1.0899333333333334,optimal
2021-02-12 18:30:00,71,6,0.0,0.0,0.0,0.16526666666666667,optimal
2021-02-12 19:00:00,71,6,0.0,0.0,0.0,0.20776666666666668,optimal
2021-02-12 19:30:00,71,6,0.0,0.0,0.0,0.33986666666666665,optimal
2021-02-12 20:00:00,71,6,0.688429029248927,0.0,0.0,0.3101666666666667,optimal
2021-02-12 20:30:00,71,6,0.0,0.23222222222222222,0.0,0.1729,optimal
2021-02-12 21:00:00,71,6,0.0,0.0,0.0,0.3238666666666667,optimal
2021-02-12 21:30:00,71,6,0.0,0.0,0.0,0.2,optimal
2021-02-12 22:00:00,71,6,0.0,0.0,0.0,0.2079,optimal
2021-02-12 22:30:00,71,6,0.0,5.791622222222222,0.0,0.13343333333333335,optimal
2021-02-12 23:00:00,71,6,0.0,0.9428222222222218,0.0,0.07093333333333333,optimal
2021-02-12 23:30:00,71,6,0.0,0.23222222222222222,0.0,0.19566666666666663,optimal
2021-02-13 00:00:00,71,6,0.0,0.0,0.0,0.06933333333333333,optimal
2021-02-13 00:30:00,71,6,0.0,0.0,0.0,0.072,optimal
2021-02-13 01:00:00,71,6,0.813441007641106,0.0,0.0,0.1368,optimal
2021-02-13 01:30:00,71,6,1.1428571428571428,0.0,0.0,0.22186666666666668,optimal
2021-02-13 02:00:00,71,6,1.1428571428571428,0.0,0.0,0.21306666666666663,optimal
2021-02-13 02:30:00,71,6,1.1428571428571428,0.0,0.0,0.08373333333333334,optimal
2021-02-13 03:00:00,71,6,1.1428571428571428,0.0,0.0,0.2864,optimal
2021-02-13 03:30:00,71,6,1.1428571428571428,0.0,0.0,0.1368,optimal
2021-02-13 04:00:00,71,6,1.1428571428571428,0.0,0.0,0.16906666666666667,optimal
2021-02-13 04:30:00,71,6,1.1428571428571428,0.0,0.0,0.1368,optimal
2021-02-13 05:00:00,71,6,1.1428571428571428,0.0,0.0,0.2288,optimal
2021-02-13 05:30:00,71,6,1.1428571428571428,0.0,0.0,0.17373333333333332,optimal
2021-02-13 06:00:00,71,6,1.1428571428571428,0.0,0.0,0.15133333333333335,optimal
2021-02-13 06:30:00,71,6,1.1428571428571428,0.0,0.0,0.2512,optimal
2021-02-13 07:00:00,71,6,1.1428571428571428,0.0,0.0,0.072,optimal
2021-02-13 07:30:00,71,6,1.1428571428571428,0.0,0.0,0.24919999999999998,optimal
2021-02-13 08:00:00,71,6,0.7849054704041547,0.0,0.0,0.18573333333333328,optimal
2021-02-13 08:30:00,71,6,0.7917900839819123,0.0,0.0,0.15413333333333332,optimal
2021-02-13 09:00:00,71,6,0.6951439902505144,0.0,0.0,0.11893333333333334,optimal
2021-02-13 09:30:00,71,6,0.6701003914726222,0.0,0.0,0.16906666666666667,optimal
2021-02-13 10:00:00,71,6,0.4530711432050645,0.5418518518518518,0.0,0.14166666666666666,optimal
2021-02-13 10:30:00,71,6,0.4070414710685356,0.1548148148148148,0.0,0.2912666666666667,optimal
2021-02-13 11:00:00,71,6,0.25048371764705324,0.0,0.0,0.0998,optimal
2021-02-13 11:30:00,71,6,0.17340452170099813,0.3096296296296296,0.0,1.0523333333333333,optimal
2021-02-13 12:00:00,71,6,0.007239352603574388,0.0,0.0,0.42260000000000003,optimal
2021-02-13 12:30:00,71,6,0.0,0.774074074074074,0.0,2.0793000000000004,optimal
2021-02-13 13:00:00,71,6,0.009834984793266242,0.387037037037037,3.86334063325463,0.6283,optimal
2021-02-13 13:30:00,71,6,1.1428571428571428,0.6966666666666667,5.0,1.3325666666666667,optimal
2021-02-13 14:00:00,71,6,1.1428571428571428,0.1548148148148148,0.0,1.0077,optimal
2021-02-13 14:30:00,71,6,1.1428571428571428,0.0,0.0,1.1896666666666667,optimal
2021-02-13 15:00:00,71,6,1.1428571428571428,0.23222222222222222,0.0,0.6717333333333333,optimal
2021-02-13 15:30:00,71,6,1.1428571428571428,0.0,0.0,0.38826666666666665,optimal
2021-02-13 16:00:00,71,6,0.0,0.0,0.0,0.16906666666666667,optimal
2021-02-13 16:30:00,71,6,0.0,0.0,0.0,0.16,optimal
2021-02-13 17:00:00,71,6,0.0,0.0,0.0,0.19140000000000001,optimal
2021-02-13 17:30:00,71,6,0.0,0.1548148148148148,0.0,0.40943333333333326,optimal
2021-02-13 18:00:00,71,6,0.0,0.1548148148148148,0.0,0.35846666666666666,optimal
2021-02-13 18:30:00,71,6,0.0,0.0774074074074074,0.0,0.4224666666666666,optimal
2021-02-13 19:00:00,71,6,0.0,0.5418518518518518,0.0,0.6534666666666668,optimal
2021-02-13 19:30:00,71,6,0.0,0.0,0.0,0.8698333333333333,optimal
2021-02-13 20:00:00,71,6,0.0,0.46444444444444444,0.0,2.429,optimal
2021-02-13 20:30:00,71,6,0.0,0.0,0.0,3.177033333333333,optimal
2021-02-13 21:00:00,71,6,0.0,0.1548148148148148,0.0,1.6479333333333335,optimal
2021-02-13 21:30:00,71,6,0.0,0.23222222222222222,0.0,0.2926,optimal
2021-02-13 22:00:00,71,6,0.0,0.3096296296296296,0.0,0.4718333333333333,optimal
2021-02-13 22:30:00,71,6,0.0,0.6192592592592592,0.0,0.3514,optimal
2021-02-13 23:00:00,71,6,0.0,0.0,0.0,0.3506,optimal
2021-02-13 23:30:00,71,6,0.0,0.0,0.0,0.26480000000000004,optimal
2021-02-07 00:00:00,72,6,0.0,0.0,0.0,0.06,optimal
2021-02-07 00:30:00,72,6,0.0,0.0,0.0,0.19713333333333333,optimal
2021-02-07 01:00:00,72,6,0.0,0.0,0.0,0.06,optimal
2021-02-07 01:30:00,72,6,0.0,0.0,0.0,0.151,optimal
2021-02-07 02:00:00,72,6,0.0,0.0,0.0,0.14726666666666668,optimal
2021-02-07 02:30:00,72,6,0.0,0.0,0.0,0.1618666666666667,optimal
2021-02-07 03:00:00,72,6,0.0,0.0,0.0,0.11146666666666669,optimal
2021-02-07 03:30:00,72,6,0.0,0.0,0.0,0.18466666666666662,optimal
2021-02-07 04:00:00,72,6,1.1428571428571428,0.0,0.0,0.151,optimal
2021-02-07 04:30:00,72,6,1.1428571428571428,0.0,0.0,0.19713333333333333,optimal
2021-02-07 05:00:00,72,6,1.1428571428571428,0.0,0.0,0.099,optimal
2021-02-07 05:30:00,72,6,1.1428571428571428,0.0,0.0,0.112,optimal
2021-02-07 06:00:00,72,6,1.1428571428571428,0.0,0.0,0.19713333333333333,optimal
2021-02-07 06:30:00,72,6,1.1428571428571428,0.3096296296296296,0.0,0.128,optimal
2021-02-07 07:00:00,72,6,1.1428571428571428,0.23222222222222222,1.6063785740462473,0.2172666666666667,optimal
2021-02-07 07:30:00,72,6,0.0,0.0774074074074074,0.0,0.09636666666666666,optimal
2021-02-07 08:00:00,72,6,0.0,0.1548148148148148,0.0,0.24596666666666667,optimal
2021-02-07 08:30:00,72,6,0.5071990460818492,0.0,0.0,0.13856666666666667,optimal
2021-02-07 09:00:00,72,6,0.6978205860563172,0.0,0.0,0.14666666666666667,optimal
2021-02-07 09:30:00,72,6,0.6743051996340699,0.0,0.0,0.22146666666666667,optimal
2021-02-07 10:00:00,72,6,0.6418586805551189,0.0,0.0,0.07,optimal
2021-02-07 10:30:00,72,6,0.6275751676853217,0.0,0.0,0.135,optimal
2021-02-07 11:00:00,72,6,0.5050745582299148,0.0,0.0,0.22413333333333332,optimal
2021-02-07 11:30:00,72,6,0.5516840820394397,0.0,0.0,0.06,optimal
2021-02-07 12:00:00,72,6,0.4008379886776894,0.0,0.0,0.3017666666666666,optimal
2021-02-07 12:30:00,72,6,0.37246656010626333,0.0,0.0,0.34046666666666664,optimal
2021-02-07 13:00:00,72,6,0.4195228522682997,0.387037037037037,0.0,0.28903333333333336,optimal
2021-02-07 13:30:00,72,6,0.35697889441747344,0.3096296296296296,0.0,0.39866666666666667,optimal
2021-02-07 14:00:00,72,6,0.4415350464732229,0.0,0.0,1.1340333333333332,optimal
2021-02-07 14:30:00,72,6,1.1428571428571428,0.0,0.0,1.0740999999999998,optimal
2021-02-07 15:00:00,72,6,1.1428571428571428,0.5418518518518518,0.0,0.6359666666666667,optimal
2021-02-07 15:30:00,72,6,1.1428571428571428,0.0774074074074074,0.0,0.6406666666666666,optimal
2021-02-07 16:00:00,72,6,0.0,0.0,0.0,0.6868,optimal
2021-02-07 16:30:00,72,6,0.0,0.1548148148148148,0.0,1.5439333333333334,optimal
2021-02-07 17:00:00,72,6,0.0,0.6192592592592592,0.0,0.7926,optimal
2021-02-07 17:30:00,72,6,0.0,0.3096296296296296,0.0,1.5744,optimal
2021-02-07 18:00:00,72,6,0.0,0.3096296296296296,0.0,1.1207333333333331,optimal
2021-02-07 18:30:00,72,6,0.0,0.0,0.0,2.3295,optimal
2021-02-07 19:00:00,72,6,0.0,0.0,0.0,1.5672000000000001,optimal
2021-02-07 19:30:00,72,6,0.0,0.3096296296296296,0.0,0.1834,optimal
2021-02-07 20:00:00,72,6,0.0,0.387037037037037,0.0,0.3966,optimal
2021-02-07 20:30:00,72,6,0.0,0.0,0.0,0.5201333333333333,optimal
2021-02-07 21:00:00,72,6,0.0,0.0,0.0,0.31953333333333334,optimal
2021-02-07 21:30:00,72,6,0.0,0.0,0.0,0.34613333333333335,optimal
2021-02-07 22:00:00,72,6,0.0,0.0,0.0,0.19466666666666663,optimal
2021-02-07 22:30:00,72,6,0.0,0.0,0.0,0.07,optimal
2021-02-07 23:00:00,72,6,0.0,0.0,0.0,0.20356666666666665,optimal
2021-02-07 23:30:00,72,6,0.0,0.0,0.0,0.16256666666666666,optimal
2021-02-08 00:00:00,72,6,0.0,0.0,0.0,0.06,optimal
2021-02-08 00:30:00,72,6,0.0,0.0,0.0,0.09633333333333331,optimal
2021-02-08 01:00:00,72,6,0.0,0.0,0.0,0.1184,optimal
2021-02-08 01:30:00,72,6,0.0,0.0,0.0,0.1597333333333333,optimal
2021-02-08 02:00:00,72,6,0.15521683907017095,0.0,0.0,0.06,optimal
2021-02-08 02:30:00,72,6,1.1428571428571428,0.0,0.0,0.16646666666666668,optimal
2021-02-08 03:00:00,72,6,1.1428571428571428,0.0,0.0,0.148,optimal
2021-02-08 03:30:00,72,6,1.1428571428571428,0.0,0.0,0.1145,optimal
2021-02-08 04:00:00,72,6,1.1428571428571428,0.0,1.8294910372116953,0.12956666666666666,optimal
2021-02-08 04:30:00,72,6,1.1428571428571428,0.0,5.0,0.13040000000000002,optimal
2021-02-08 05:00:00,72,6,1.1428571428571428,0.0,5.0,0.06,optimal
2021-02-08 05:30:00,72,6,1.1428571428571428,0.0,5.0,0.16493333333333335,optimal
2021-02-08 06:00:00,72,6,1.1428571428571428,0.5418518518518518,5.0,1.7813333333333332,optimal
2021-02-08 06:30:00,72,6,1.1428571428571428,0.3096296296296296,5.0,0.5243,optimal
2021-02-08 07:00:00,72,6,1.1428571428571428,3.4864296296296295,0.0,1.1109666666666667,optimal
2021-02-08 07:30:00,72,6,1.1428571428571428,2.860977777777778,0.0,1.0346,optimal
2021-02-08 08:00:00,72,6,0.523433055583954,0.0,0.0,1.8325,optimal
2021-02-08 08:30:00,72,6,0.7929171617617805,0.0,0.0,0.1965,optimal
2021-02-08 09:00:00,72,6,0.7152880733411878,0.0,0.0,0.15380000000000002,optimal
2021-02-08 09:30:00,72,6,0.7081819140744512,0.0,0.0,0.1656,optimal
2021-02-08 10:00:00,72,6,0.40805225972317144,0.0,0.0,1.9444000000000001,optimal
2021-02-08 10:30:00,72,6,0.41117365708515347,0.0,0.0,2.5924666666666667,optimal
2021-02-08 11:00:00,72,6,0.32221883630359854,0.0,0.0,1.0299,optimal
2021-02-08 11:30:00,72,6,0.3765194920305371,0.0,0.0,0.09179999999999999,optimal
2021-02-08 12:00:00,72,6,0.3119269901284859,0.0,0.0,0.10633333333333331,optimal
2021-02-08 12:30:00,72,6,0.19159877777283466,0.1548148148148148,0.0,0.3994666666666666,optimal
2021-02-08 13:00:00,72,6,0.3182905376702003,0.0,0.0,0.09179999999999999,optimal
2021-02-08 13:30:00,72,6,0.9967367221045825,0.0,0.0,0.17226666666666668,optimal
2021-02-08 14:00:00,72,6,1.1428571428571428,0.0,0.0,0.2165,optimal
2021-02-08 14:30:00,72,6,1.1428571428571428,0.1548148148148148,0.0,1.7353,optimal
2021-02-08 15:00:00,72,6,1.1428571428571428,0.0,0.0,0.346,optimal
2021-02-08 15:30:00,72,6,1.1428571428571428,0.0,0.0,0.16553333333333334,optimal
2021-02-08 16:00:00,72,6,0.0,0.0,0.0,0.2469,optimal
2021-02-08 16:30:00,72,6,0.0,0.0,0.0,0.3472,optimal
2021-02-08 17:00:00,72,6,0.0,0.387037037037037,0.0,0.27553333333333335,optimal
2021-02-08 17:30:00,72,6,0.0,0.6966666666666667,0.0,0.5232333333333333,optimal
2021-02-08 18:00:00,72,6,0.0,0.0,0.0,1.5248,optimal
2021-02-08 18:30:00,72,6,0.0,0.5418518518518518,0.0,0.152,optimal
2021-02-08 19:00:00,72,6,0.0,0.774074074074074,0.0,0.2292,optimal
2021-02-08 19:30:00,72,6,0.0,0.23222222222222222,0.0,0.4239333333333333,optimal
2021-02-08 20:00:00,72,6,0.0,0.0774074074074074,0.0,2.402333333333333,optimal
2021-02-08 20:30:00,72,6,0.0,2.7092592592592597,0.0,2.8495999999999997,optimal
2021-02-08 21:00:00,72,6,0.0,0.0,0.0,0.8791,optimal
2021-02-08 21:30:00,72,6,0.0,0.0,0.0,0.35769999999999996,optimal
2021-02-08 22:00:00,72,6,0.0,0.0,0.0,0.4013,optimal
2021-02-08 22:30:00,72,6,0.0,0.0,0.0,0.22346666666666667,optimal
2021-02-08 23:00:00,72,6,0.0,0.0,0.0,0.07,optimal
2021-02-08 23:30:00,72,6,0.0,0.0,0.0,0.15066666666666667,optimal
2021-02-09 00:00:00,72,6,0.0,0.0,0.0,0.060200000000000004,optimal
2021-02-09 00:30:00,72,6,0.0,0.0,0.7368205909031944,0.1176,optimal
2021-02-09 01:00:00,72,6,0.0,0.0,5.0,0.15603333333333333,optimal
2021-02-09 01:30:00,72,6,0.0,0.0,5.0,0.22719999999999999,optimal
2021-02-09 02:00:00,72,6,0.0,0.3096296296296296,5.0,0.19676666666666667,optimal
2021-02-09 02:30:00,72,6,0.0,0.0,5.0,0.09540000000000001,optimal
2021-02-09 03:00:00,72,6,1.0357325746018753,0.0,0.0,0.25156666666666666,optimal
2021-02-09 03:30:00,72,6,1.1428571428571428,0.1548148148148148,0.0,0.209,optimal
2021-02-09 04:00:00,72,6,1.1428571428571428,0.0,0.0,0.2541,optimal
2021-02-09 04:30:00,72,6,1.1428571428571428,0.0,0.0,0.3562333333333333,optimal
2021-02-09 05:00:00,72,6,1.1428571428571428,0.1548148148148148,0.0,0.35556666666666664,optimal
2021-02-09 05:30:00,72,6,1.1428571428571428,0.0774074074074074,0.0,0.2522666666666667,optimal
2021-02-09 06:00:00,72,6,1.1428571428571428,2.7092592592592597,0.0,0.4666666666666667,optimal
2021-02-09 06:30:00,72,6,1.1428571428571428,0.8514814814814814,0.0,1.1475,optimal
2021-02-09 07:00:00,72,6,1.1428571428571428,2.4770370370370367,0.0,0.22719999999999999,optimal
2021-02-09 07:30:00,72,6,1.1428571428571428,0.5418518518518518,0.0,0.5114,optimal
2021-02-09 08:00:00,72,6,0.5592300111843804,6.502222222222222,0.0,0.08733333333333333,optimal
2021-02-09 08:30:00,72,6,0.7620267090605067,0.0,0.0,0.06316666666666666,optimal
2021-02-09 09:00:00,72,6,0.7137557416971291,0.0,0.0,0.1358,optimal
2021-02-09 09:30:00,72,6,0.7219777088779344,0.0,0.0,0.062,optimal
2021-02-09 10:00:00,72,6,0.5367847801497587,0.0,0.0,0.062,optimal
2021-02-09 10:30:00,72,6,0.5225507051813906,0.0,0.0,0.07429999999999999,optimal
2021-02-09 11:00:00,72,6,0.3370622890844127,0.0,0.0,0.1235,optimal
2021-02-09 11:30:00,72,6,0.35248975980501507,0.0,0.0,0.062,optimal
2021-02-09 12:00:00,72,6,0.23569853431527546,0.0,0.0,0.0702,optimal
2021-02-09 12:30:00,72,6,0.2214424921660997,0.0,0.0,0.1276,optimal
2021-02-09 13:00:00,72,6,1.1428571428571428,0.0,0.0,0.062,optimal
2021-02-09 13:30:00,72,6,1.1428571428571428,0.0,0.0,0.062,optimal
2021-02-09 14:00:00,72,6,1.1428571428571428,0.0,0.0,0.062,optimal
2021-02-09 14:30:00,72,6,1.1428571428571428,0.0,0.0,0.11120000000000001,optimal
2021-02-09 15:00:00,72,6,1.1428571428571428,0.0,0.0,0.0866,optimal
2021-02-09 15:30:00,72,6,1.1428571428571428,0.0,0.0,0.062,optimal
2021-02-09 16:00:00,72,6,0.0,0.0,0.0,0.062,optimal
2021-02-09 16:30:00,72,6,0.0,0.0,0.0,0.1235,optimal
2021-02-09 17:00:00,72,6,0.0,0.0,0.0,0.31043333333333334,optimal
2021-02-09 17:30:00,72,6,0.0,0.23222222222222222,0.0,0.076,optimal
2021-02-09 18:00:00,72,6,0.0,0.0,0.0,0.15216666666666664,optimal
2021-02-09 18:30:00,72,6,0.0,0.0774074074074074,0.0,0.074,optimal
2021-02-09 19:00:00,72,6,0.0,0.46444444444444444,0.0,0.23366666666666663,optimal
2021-02-09 19:30:00,72,6,0.0,0.0,0.0,0.9459,optimal
2021-02-09 20:00:00,72,6,0.44219851929349435,5.960370370370371,0.0,0.20813333333333334,optimal
2021-02-09 20:30:00,72,6,0.0,0.0,0.0,0.17946666666666666,optimal
2021-02-09 21:00:00,72,6,0.0,0.0,0.0,0.2373,optimal
2021-02-09 21:30:00,72,6,0.0,0.0,0.0,0.16983333333333334,optimal
2021-02-09 22:00:00,72,6,0.0,0.0,0.0,0.22553333333333334,optimal
2021-02-09 22:30:00,72,6,0.0,0.0,0.0,0.2077333333333333,optimal
2021-02-09 23:00:00,72,6,0.0,0.0,0.0,0.062,optimal
2021-02-09 23:30:00,72,6,0.0,0.0,0.0,0.1358,optimal
2021-02-10 00:00:00,72,6,0.0,0.0,0.0,0.12226666666666668,optimal
2021-02-10 00:30:00,72,6,0.0,0.0,0.0,0.2057333333333333,optimal
2021-02-10 01:00:00,72,6,0.0,0.0,0.0,0.17086666666666667,optimal
2021-02-10 01:30:00,72,6,0.17898494997224274,0.0,0.0,0.1814,optimal
2021-02-10 02:00:00,72,6,1.1428571428571428,0.0,0.0,0.27446666666666664,optimal
2021-02-10 02:30:00,72,6,1.1428571428571428,0.0,0.0,0.1328,optimal
2021-02-10 03:00:00,72,6,1.1428571428571428,0.0,0.0,0.29753333333333337,optimal
2021-02-10 03:30:00,72,6,1.1428571428571428,0.0,0.0,0.07853333333333333,optimal
2021-02-10 04:00:00,72,6,1.1428571428571428,0.0,0.0,0.1328,optimal
2021-02-10 04:30:00,72,6,1.1428571428571428,0.0,0.0,0.15613333333333332,optimal
2021-02-10 05:00:00,72,6,1.1428571428571428,0.0,0.0,0.19293333333333332,optimal
2021-02-10 05:30:00,72,6,1.1428571428571428,0.0,0.0,0.21136666666666667,optimal
2021-02-10 06:00:00,72,6,1.1428571428571428,0.0,0.17541038221423833,0.1635,optimal
2021-02-10 06:30:00,72,6,1.1428571428571428,0.0,5.0,0.218,optimal
2021-02-10 07:00:00,72,6,1.1428571428571428,2.5544444444444445,5.0,0.6945333333333333,optimal
2021-02-10 07:30:00,72,6,1.1428571428571428,0.5418518518518518,0.0,2.2748666666666666,optimal
2021-02-10 08:00:00,72,6,0.5440034862894386,0.0774074074074074,0.0,1.2311666666666667,optimal
2021-02-10 08:30:00,72,6,0.8461743215528248,0.0,0.0,0.09290000000000001,optimal
2021-02-10 09:00:00,72,6,0.6318655082249237,0.42883703703703696,0.0,0.30989999999999995,optimal
2021-02-10 09:30:00,72,6,0.6101563434883186,0.035607407407407414,0.0,0.3372,optimal
2021-02-10 10:00:00,72,6,0.5282746776686094,0.0,0.0,0.0854,optimal
2021-02-10 10:30:00,72,6,0.47665232792567164,0.0,0.0,0.24356666666666663,optimal
2021-02-10 11:00:00,72,6,0.3810668252048043,0.0,0.0,0.1151,optimal
2021-02-10 11:30:00,72,6,0.3667503380746068,0.0,0.0,0.1502,optimal
2021-02-10 12:00:00,72,6,0.016704179257154683,0.0,0.0,1.3466,optimal
2021-02-10 12:30:00,72,6,0.005224179257159973,0.1548148148148148,0.0,1.5798666666666665,optimal
2021-02-10 13:00:00,72,6,0.12147118803042051,0.0,0.0,0.5054,optimal
2021-02-10 13:30:00,72,6,0.32371841049729766,0.0,0.0,0.3818666666666667,optimal
2021-02-10 14:00:00,72,6,1.1428571428571428,0.1548148148148148,0.0,0.4600666666666667,optimal
2021-02-10 14:30:00,72,6,1.1428571428571428,0.3096296296296296,0.0,0.6363333333333334,optimal
2021-02-10 15:00:00,72,6,1.1428571428571428,0.0,0.0,0.319,optimal
2021-02-10 15:30:00,72,6,1.1428571428571428,0.0,0.0,0.3553,optimal
2021-02-10 16:00:00,72,6,0.0,2.012592592592592,0.0,0.548,optimal
2021-02-10 16:30:00,72,6,0.0,0.5418518518518518,0.0,1.3557000000000001,optimal
2021-02-10 17:00:00,72,6,0.0,0.1548148148148148,0.0,0.5561666666666666,optimal
2021-02-10 17:30:00,72,6,0.0,0.0774074074074074,0.0,0.2887,optimal
2021-02-10 18:00:00,72,6,0.0,0.23222222222222222,0.0,0.4712,optimal
2021-02-10 18:30:00,72,6,0.0,0.23222222222222222,0.0,0.6997666666666666,optimal
2021-02-10 19:00:00,72,6,0.0,2.3222222222222215,0.0,0.4575666666666667,optimal
2021-02-10 19:30:00,72,6,0.0,0.387037037037037,0.0,0.5907333333333333,optimal
2021-02-10 20:00:00,72,6,0.0,0.0,0.0,0.3738,optimal
2021-02-10 20:30:00,72,6,0.0,0.3096296296296296,0.0,0.43089999999999995,optimal
2021-02-10 21:00:00,72,6,0.0,0.0774074074074074,0.0,0.5256666666666666,optimal
2021-02-10 21:30:00,72,6,0.0,0.0,0.0,0.36006666666666665,optimal
2021-02-10 22:00:00,72,6,0.0,0.3096296296296296,0.0,0.3930666666666667,optimal
2021-02-10 22:30:00,72,6,0.0,0.0,0.0,0.15380000000000002,optimal
2021-02-10 23:00:00,72,6,0.0,0.0,0.0,0.3415666666666667,optimal
2021-02-10 23:30:00,72,6,0.0,0.0,0.0,0.1635,optimal
2021-02-11 00:00:00,72,6,0.0,0.0,0.0,0.09103333333333331,optimal
2021-02-11 00:30:00,72,6,0.0,0.0,0.0,0.26276666666666665,optimal
2021-02-11 01:00:00,72,6,0.7499989859889796,0.0,0.0,0.2799,optimal
2021-02-11 01:30:00,72,6,1.1428571428571428,0.0,0.0,0.7842666666666667,optimal
2021-02-11 02:00:00,72,6,1.1428571428571428,0.0,0.0,0.3055333333333334,optimal
2021-02-11 02:30:00,72,6,1.1428571428571428,0.0,0.0,0.231,optimal
2021-02-11 03:00:00,72,6,1.1428571428571428,0.0,0.0,0.4529333333333333,optimal
2021-02-11 03:30:00,72,6,1.1428571428571428,0.1548148148148148,0.0,0.189,optimal
2021-02-11 04:00:00,72,6,1.1428571428571428,0.23222222222222222,0.0,0.4516,optimal
2021-02-11 04:30:00,72,6,1.1428571428571428,1.8577777777777778,0.0,0.3778666666666667,optimal
2021-02-11 05:00:00,72,6,1.1428571428571428,1.9351851851851851,0.0,0.5267333333333334,optimal
2021-02-11 05:30:00,72,6,1.1428571428571428,0.1548148148148148,0.05311340258901366,0.37176666666666663,optimal
2021-02-11 06:00:00,72,6,1.1428571428571428,0.46444444444444444,5.0,0.22493333333333332,optimal
2021-02-11 06:30:00,72,6,1.1428571428571428,0.8514814814814814,5.0,0.3846,optimal
2021-02-11 07:00:00,72,6,1.1428571428571428,1.1611111111111108,5.0,0.198,optimal
2021-02-11 07:30:00,72,6,1.1428571428571428,0.35142962962962954,0.0,1.6126666666666667,optimal
2021-02-11 08:00:00,72,6,0.8921055173825515,0.035607407407407414,0.0,0.104,optimal
2021-02-11 08:30:00,72,6,0.8883469147445394,0.0,0.0,0.292,optimal
2021-02-11 09:00:00,72,6,0.8301906884874983,0.0,0.0,0.064,optimal
2021-02-11 09:30:00,72,6,0.7561257936962238,0.0,0.0,0.0756,optimal
2021-02-11 10:00:00,72,6,0.42621263269320386,0.0,0.0,0.2372,optimal
2021-02-11 10:30:00,72,6,0.48908298404587186,0.0,0.0,0.1072,optimal
2021-02-11 11:00:00,72,6,0.33881100536874165,0.0,0.0,0.1336,optimal
2021-02-11 11:30:00,72,6,0.23343258998741948,2.2448148148148146,0.0,0.19119999999999998,optimal
2021-02-11 12:00:00,72,6,0.0,0.46444444444444444,0.0,0.4796666666666667,optimal
2021-02-11 12:30:00,72,6,0.0,2.631851851851852,0.0,1.1912333333333331,optimal
2021-02-11 13:00:00,72,6,0.0,0.3096296296296296,0.0,0.2804,optimal
2021-02-11 13:30:00,72,6,0.8957735350451967,0.0,0.0,0.44389999999999996,optimal
2021-02-11 14:00:00,72,6,1.1428571428571428,0.0,0.0,0.32666666666666666,optimal
2021-02-11 14:30:00,72,6,1.1428571428571428,0.0774074074074074,0.0,0.5406666666666666,optimal
2021-02-11 15:00:00,72,6,1.1428571428571428,0.0,0.0,0.416,optimal
2021-02-11 15:30:00,72,6,1.1428571428571428,0.46444444444444444,0.0,0.4841333333333333,optimal
2021-02-11 16:00:00,72,6,0.0,0.1548148148148148,0.0,1.211266666666667,optimal
2021-02-11 16:30:00,72,6,0.0,0.0774074074074074,0.0,0.7745333333333333,optimal
2021-02-11 17:00:00,72,6,0.0,0.0774074074074074,0.0,1.52,optimal
2021-02-11 17:30:00,72,6,0.0,0.6192592592592592,0.0,1.9855,optimal
2021-02-11 18:00:00,72,6,0.0,0.1548148148148148,0.0,0.5668666666666666,optimal
2021-02-11 18:30:00,72,6,0.0,0.8514814814814814,0.0,0.27466666666666667,optimal
2021-02-11 19:00:00,72,6,0.0,0.1548148148148148,0.0,1.7749333333333335,optimal
2021-02-11 19:30:00,72,6,0.0,0.387037037037037,0.0,0.6093666666666667,optimal
2021-02-11 20:00:00,72,6,0.0,0.1548148148148148,0.0,0.21713333333333332,optimal
2021-02-11 20:30:00,72,6,0.0,5.960370370370371,0.0,0.4367,optimal
2021-02-11 21:00:00,72,6,0.0,0.5418518518518518,0.0,1.4598,optimal
2021-02-11 21:30:00,72,6,0.0,0.0,0.0,0.5810666666666667,optimal
2021-02-11 22:00:00,72,6,0.0,0.1548148148148148,0.0,0.4395333333333334,optimal
2021-02-11 22:30:00,72,6,0.0,0.0,0.0,0.064,optimal
2021-02-11 23:00:00,72,6,0.0,0.0,0.0,0.2704,optimal
2021-02-11 23:30:00,72,6,0.0,0.0,0.0,0.08326666666666667,optimal
2021-02-12 00:00:00,72,6,1.1428571428571428,0.0,0.0,0.06633333333333333,optimal
2021-02-12 00:30:00,72,6,1.1428571428571428,0.0,0.0,0.172,optimal
2021-02-12 01:00:00,72,6,1.1428571428571428,0.0,0.0,0.067,optimal
2021-02-12 01:30:00,72,6,1.1428571428571428,0.0,0.0,0.067,optimal
2021-02-12 02:00:00,72,6,1.1428571428571428,0.0,0.0,0.172,optimal
2021-02-12 02:30:00,72,6,1.1428571428571428,0.0,0.0,0.067,optimal
2021-02-12 03:00:00,72,6,1.1428571428571428,0.0,0.0,0.18706666666666663,optimal
2021-02-12 03:30:00,72,6,1.1428571428571428,0.0,0.0,0.067,optimal
2021-02-12 04:00:00,72,6,1.1428571428571428,0.0,0.0,0.067,optimal
2021-02-12 04:30:00,72,6,1.1428571428571428,0.0774074074074074,0.0,0.17133333333333334,optimal
2021-02-12 05:00:00,72,6,1.1428571428571428,0.0,0.0,0.067,optimal
2021-02-12 05:30:00,72,6,1.1428571428571428,0.0,0.0,0.067,optimal
2021-02-12 06:00:00,72,6,1.1428571428571428,0.0,0.0,0.172,optimal
2021-02-12 06:30:00,72,6,1.1428571428571428,0.0,3.572264492714211,0.067,optimal
2021-02-12 07:00:00,72,6,1.1428571428571428,1.7029629629629628,5.0,1.2387666666666668,optimal
2021-02-12 07:30:00,72,6,1.1428571428571428,3.7939590923949824,0.0,1.0942333333333332,optimal
2021-02-12 08:00:00,72,6,0.729057648659322,2.1674074074074072,0.0,0.9575333333333332,optimal
2021-02-12 08:30:00,72,6,0.5295058610149828,0.46444444444444444,0.0,3.0598666666666667,optimal
2021-02-12 09:00:00,72,6,0.5084894132313608,0.0774074074074074,0.0,2.2641,optimal
2021-02-12 09:30:00,72,6,0.6328733630334683,2.0899999999999994,0.0,0.331,optimal
2021-02-12 10:00:00,72,6,0.3222116910929163,0.0,0.0,0.5616666666666666,optimal
2021-02-12 10:30:00,72,6,0.32506193304828135,0.387037037037037,0.0,0.4666,optimal
2021-02-12 11:00:00,72,6,0.10629088981818836,0.23222222222222222,0.0,0.5812666666666666,optimal
2021-02-12 11:30:00,72,6,0.15436597958641102,0.0,0.0,0.3147,optimal
2021-02-12 12:00:00,72,6,0.1395371581449996,0.0774074074074074,0.0,0.19756666666666664,optimal
2021-02-12 12:30:00,72,6,0.1916027241037029,0.0,0.0,0.1745,optimal
2021-02-12 13:00:00,72,6,1.1428571428571428,0.0,0.0,0.077,optimal
2021-02-12 13:30:00,72,6,1.1428571428571428,0.0,0.0,0.137,optimal
2021-02-12 14:00:00,72,6,1.1428571428571428,0.0,0.0,0.122,optimal
2021-02-12 14:30:00,72,6,1.1428571428571428,0.0,0.0,0.19833333333333328,optimal
2021-02-12 15:00:00,72,6,1.1428571428571428,0.0,0.0,0.5845333333333333,optimal
2021-02-12 15:30:00,72,6,1.1428571428571428,0.0,0.0,0.19256666666666664,optimal
2021-02-12 16:00:00,72,6,0.0,0.0,0.0,0.152,optimal
2021-02-12 16:30:00,72,6,0.0,0.0,0.0,0.107,optimal
2021-02-12 17:00:00,72,6,0.0,0.0,0.0,0.077,optimal
2021-02-12 17:30:00,72,6,0.0,0.0,0.0,0.182,optimal
2021-02-12 18:00:00,72,6,0.0,0.0,0.0,0.077,optimal
2021-02-12 18:30:00,72,6,0.0,0.0,0.0,2.8136666666666663,optimal
2021-02-12 19:00:00,72,6,0.0,0.0,0.0,1.4776666666666667,optimal
2021-02-12 19:30:00,72,6,0.2634160108878639,0.0,0.0,0.20516666666666664,optimal
2021-02-12 20:00:00,72,6,0.6640160521686103,0.0774074074074074,0.0,2.1385666666666667,optimal
2021-02-12 20:30:00,72,6,0.0,1.7803703703703702,0.0,0.2726,optimal
2021-02-12 21:00:00,72,6,0.0,0.0,0.0,1.8636666666666668,optimal
2021-02-12 21:30:00,72,6,0.0,0.0,0.0,0.9091,optimal
2021-02-12 22:00:00,72,6,0.0,0.1548148148148148,0.0,1.4168666666666665,optimal
2021-02-12 22:30:00,72,6,0.0,0.0,0.0,0.45430000000000004,optimal
2021-02-12 23:00:00,72,6,0.0,0.0,0.0,1.4063333333333332,optimal
2021-02-12 23:30:00,72,6,0.0,0.1548148148148148,0.0,2.9975666666666667,optimal
2021-02-13 00:00:00,72,6,0.0,0.0,0.0,0.061,optimal
2021-02-13 00:30:00,72,6,0.0,0.0,0.0,0.061,optimal
2021-02-13 01:00:00,72,6,1.0237218281380256,0.0,0.0,0.1288,optimal
2021-02-13 01:30:00,72,6,1.1428571428571428,0.0,0.0,0.061,optimal
2021-02-13 02:00:00,72,6,1.1428571428571428,0.0,0.0,0.12126666666666668,optimal
2021-02-13 02:30:00,72,6,1.1428571428571428,0.0,0.0,0.06853333333333333,optimal
2021-02-13 03:00:00,72,6,1.1428571428571428,0.0,0.0,0.061,optimal
2021-02-13 03:30:00,72,6,1.1428571428571428,0.0,0.0,0.1288,optimal
2021-02-13 04:00:00,72,6,1.1428571428571428,0.0,0.0,0.061,optimal
2021-02-13 04:30:00,72,6,1.1428571428571428,0.0,0.0,0.1288,optimal
2021-02-13 05:00:00,72,6,1.1428571428571428,0.0,0.0,0.061,optimal
2021-02-13 05:30:00,72,6,1.1428571428571428,0.0,0.0,0.1062,optimal
2021-02-13 06:00:00,72,6,1.1428571428571428,0.0,2.7769863329754987,0.0836,optimal
2021-02-13 06:30:00,72,6,1.1428571428571428,0.0,5.0,0.061,optimal
2021-02-13 07:00:00,72,6,1.1428571428571428,0.0,5.0,0.11696666666666668,optimal
2021-02-13 07:30:00,72,6,1.1428571428571428,0.0774074074074074,0.0,0.4349333333333333,optimal
2021-02-13 08:00:00,72,6,0.6538102323089118,2.150377777777778,0.0,1.2420333333333333,optimal
2021-02-13 08:30:00,72,6,0.657306274458097,3.345548148148148,0.0,1.0425666666666666,optimal
2021-02-13 09:00:00,72,6,0.5782868473933696,0.0,0.0,0.18863333333333332,optimal
2021-02-13 09:30:00,72,6,0.6415480105202407,0.387037037037037,0.0,0.16833333333333333,optimal
2021-02-13 10:00:00,72,6,0.5763854289193536,0.0,0.0,0.08606666666666667,optimal
2021-02-13 10:30:00,72,6,0.5634795663066344,0.0,0.0,0.12373333333333332,optimal
2021-02-13 11:00:00,72,6,0.3651313366946757,0.0,0.0,0.07853333333333333,optimal
2021-02-13 11:30:00,72,6,0.3479207121771896,0.0,0.0,0.13126666666666667,optimal
2021-02-13 12:00:00,72,6,0.27779935260357286,0.0,0.0,0.071,optimal
2021-02-13 12:30:00,72,6,0.2541400083305118,0.0,0.0,0.1388,optimal
2021-02-13 13:00:00,72,6,0.8016133980804252,0.3096296296296296,0.0,0.19696666666666668,optimal
2021-02-13 13:30:00,72,6,1.1428571428571428,0.1548148148148148,0.0,0.14503333333333332,optimal
2021-02-13 14:00:00,72,6,1.1428571428571428,0.0,0.0,0.16756666666666667,optimal
2021-02-13 14:30:00,72,6,1.1428571428571428,4.280629629629629,0.0,1.7801,optimal
2021-02-13 15:00:00,72,6,1.1428571428571428,2.6086296296296303,0.0,0.5047666666666667,optimal
2021-02-13 15:30:00,72,6,1.1428571428571428,0.3096296296296296,0.0,0.5195666666666667,optimal
2021-02-13 16:00:00,72,6,0.0,0.23222222222222222,0.0,0.47386666666666666,optimal
2021-02-13 16:30:00,72,6,0.0,0.387037037037037,0.0,0.5847,optimal
2021-02-13 17:00:00,72,6,0.0,0.46444444444444444,0.0,0.3811333333333333,optimal
2021-02-13 17:30:00,72,6,0.0,0.0774074074074074,0.0,0.42473333333333335,optimal
2021-02-13 18:00:00,72,6,0.0,0.3096296296296296,0.0,0.355,optimal
2021-02-13 18:30:00,72,6,0.0,0.5418518518518518,0.0,0.6959666666666667,optimal
2021-02-13 19:00:00,72,6,0.0,0.8514814814814814,0.0,0.38503333333333334,optimal
2021-02-13 19:30:00,72,6,0.0,0.1548148148148148,0.0,0.32106666666666667,optimal
2021-02-13 20:00:00,72,6,0.0,0.0,0.0,0.5296333333333333,optimal
2021-02-13 20:30:00,72,6,0.0,0.0,0.0,0.3954333333333333,optimal
2021-02-13 21:00:00,72,6,0.0,0.6192592592592592,0.0,0.48256666666666664,optimal
2021-02-13 21:30:00,72,6,0.0,0.0,0.0,0.42810000000000004,optimal
2021-02-13 22:00:00,72,6,0.0,0.3096296296296296,0.0,0.32443333333333335,optimal
2021-02-13 22:30:00,72,6,0.0,0.0,0.0,0.4104,optimal
2021-02-13 23:00:00,72,6,0.0,0.1548148148148148,0.0,0.5680333333333333,optimal
2021-02-13 23:30:00,72,6,0.0,0.0,0.0,0.4904333333333333,optimal
2021-02-07 00:00:00,73,6,0.0,0.0,0.0,0.064,infeasible
2021-02-07 00:30:00,73,6,0.0,0.0,0.0,0.064,infeasible
2021-02-07 01:00:00,73,6,0.0,0.0,0.0,0.16373333333333331,infeasible
2021-02-07 01:30:00,73,6,0.0,0.0,0.0,0.1014,infeasible
2021-02-07 02:00:00,73,6,0.0,0.0,0.0,0.08270000000000001,infeasible
2021-02-07 02:30:00,73,6,0.0,0.0,0.0,0.1824333333333333,infeasible
2021-02-07 03:00:00,73,6,0.0,0.0,0.0,0.064,infeasible
2021-02-07 03:30:00,73,6,0.0,0.0,0.0,0.064,infeasible
2021-02-07 04:00:00,73,6,0.0,0.0,0.0,0.20113333333333333,infeasible
2021-02-07 04:30:00,73,6,0.0,0.0,0.0,0.064,infeasible
2021-02-07 05:00:00,73,6,0.0,0.0,0.0,0.064,infeasible
2021-02-07 05:30:00,73,6,0.0,0.0,0.0,0.30086666666666667,infeasible
2021-02-07 06:00:00,73,6,0.0,0.0,0.0,0.16126666666666667,infeasible
2021-02-07 06:30:00,73,6,0.0,0.0,0.0,0.0674,infeasible
2021-02-07 07:00:00,73,6,0.0,0.0,0.0,0.1817,infeasible
2021-02-07 07:30:00,73,6,0.0,0.0,0.0,0.1581,infeasible
2021-02-07 08:00:00,73,6,0.0,0.0,0.0,0.8647666666666667,infeasible
2021-02-07 08:30:00,73,6,0.0,0.0,0.0,1.0128666666666668,infeasible
2021-02-07 09:00:00,73,6,0.0,0.0,0.0,0.074,infeasible
2021-02-07 09:30:00,73,6,0.0,0.0,0.0,0.1675,infeasible
2021-02-07 10:00:00,73,6,0.0,0.0,0.0,0.11763333333333334,infeasible
2021-02-07 10:30:00,73,6,0.0,0.0,0.0,0.3111333333333333,infeasible
2021-02-07 11:00:00,73,6,0.0,0.0,0.0,0.551,infeasible
2021-02-07 11:30:00,73,6,0.0,0.0,0.0,0.2634666666666666,infeasible
2021-02-07 12:00:00,73,6,0.0,0.0,0.0,0.5191,infeasible
2021-02-07 12:30:00,73,6,0.0,0.0,0.0,0.2718666666666667,infeasible
2021-02-07 13:00:00,73,6,0.0,0.0,0.0,0.074,infeasible
2021-02-07 13:30:00,73,6,0.0,0.0,0.0,0.11763333333333334,infeasible
2021-02-07 14:00:00,73,6,0.0,0.0,0.0,0.1675,infeasible
2021-02-07 14:30:00,73,6,0.0,0.0,0.0,0.074,infeasible
2021-02-07 15:00:00,73,6,0.0,0.0,0.0,0.1675,infeasible
2021-02-07 15:30:00,73,6,0.0,0.0,0.0,0.11763333333333334,infeasible
2021-02-07 16:00:00,73,6,0.0,0.0,0.0,0.12386666666666667,infeasible
2021-02-07 16:30:00,73,6,0.0,0.0,0.0,0.27926666666666666,infeasible
2021-02-07 17:00:00,73,6,0.0,0.0,0.0,0.2918,infeasible
2021-02-07 17:30:00,73,6,0.0,0.0,0.0,0.6521666666666667,infeasible
2021-02-07 18:00:00,73,6,0.0,0.0,0.0,1.5219,infeasible
2021-02-07 18:30:00,73,6,0.0,0.0,0.0,0.26239999999999997,infeasible
2021-02-07 19:00:00,73,6,0.0,0.0,0.0,0.14146666666666666,infeasible
2021-02-07 19:30:00,73,6,0.0,0.0,0.0,0.24306666666666663,infeasible
2021-02-07 20:00:00,73,6,0.0,0.0,0.0,0.31906666666666667,infeasible
2021-02-07 20:30:00,73,6,0.0,0.0,0.0,0.3425,infeasible
2021-02-07 21:00:00,73,6,0.0,0.0,0.0,0.3541666666666667,infeasible
2021-02-07 21:30:00,73,6,0.0,0.0,0.0,0.256,infeasible
2021-02-07 22:00:00,73,6,0.0,0.0,0.0,1.1067,infeasible
2021-02-07 22:30:00,73,6,0.0,0.0,0.0,0.19690000000000002,infeasible
2021-02-07 23:00:00,73,6,0.0,0.0,0.0,0.17603333333333332,infeasible
2021-02-07 23:30:00,73,6,0.0,0.0,0.0,0.37176666666666663,infeasible
2021-02-08 00:00:00,73,6,0.0,0.0,0.0,0.33596666666666664,infeasible
2021-02-08 00:30:00,73,6,0.0,0.0,0.0,1.1078666666666666,infeasible
2021-02-08 01:00:00,73,6,0.0,0.0,0.0,0.5146000000000001,infeasible
2021-02-08 01:30:00,73,6,0.0,0.0,0.0,0.4018,infeasible
2021-02-08 02:00:00,73,6,0.0,0.0,0.0,0.22776666666666667,infeasible
2021-02-08 02:30:00,73,6,0.0,0.0,0.0,0.30656666666666665,infeasible
2021-02-08 03:00:00,73,6,0.0,0.0,0.0,0.0891,infeasible
2021-02-08 03:30:00,73,6,0.0,0.0,0.0,0.16256666666666666,infeasible
2021-02-08 04:00:00,73,6,0.0,0.0,0.0,0.23186666666666667,infeasible
2021-02-08 04:30:00,73,6,0.0,0.0,0.0,0.4836666666666667,infeasible
2021-02-08 05:00:00,73,6,0.0,0.0,0.0,0.6094666666666667,infeasible
2021-02-08 05:30:00,73,6,0.0,0.0,0.0,0.2483333333333333,infeasible
2021-02-08 06:00:00,73,6,0.0,0.0,0.0,1.4176333333333335,infeasible
2021-02-08 06:30:00,73,6,0.0,0.0,0.0,0.229,infeasible
2021-02-08 07:00:00,73,6,0.0,0.0,0.0,0.5791666666666666,infeasible
2021-02-08 07:30:00,73,6,0.0,0.0,0.0,1.106766666666667,infeasible
2021-02-08 08:00:00,73,6,0.0,0.0,0.0,1.0588333333333333,infeasible
2021-02-08 08:30:00,73,6,0.0,0.0,0.0,0.5225666666666667,infeasible
2021-02-08 09:00:00,73,6,0.0,0.0,0.0,1.4808,infeasible
2021-02-08 09:30:00,73,6,0.0,0.0,0.0,0.29906666666666665,infeasible
2021-02-08 10:00:00,73,6,0.0,0.0,0.0,0.32726666666666665,infeasible
2021-02-08 10:30:00,73,6,0.0,0.0,0.0,0.1746,infeasible
2021-02-08 11:00:00,73,6,0.0,0.0,0.0,0.2656,infeasible
2021-02-08 11:30:00,73,6,0.0,0.0,0.0,0.10416666666666669,infeasible
2021-02-08 12:00:00,73,6,0.0,0.0,0.0,0.1394,infeasible
2021-02-08 12:30:00,73,6,0.0,0.0,0.0,0.11926666666666667,infeasible
2021-02-08 13:00:00,73,6,0.0,0.0,0.0,0.28313333333333335,infeasible
2021-02-08 13:30:00,73,6,0.0,0.0,0.0,0.2862333333333333,infeasible
2021-02-08 14:00:00,73,6,0.0,0.0,0.0,0.224,infeasible
2021-02-08 14:30:00,73,6,0.0,0.0,0.0,0.079,infeasible
2021-02-08 15:00:00,73,6,0.0,0.0,0.0,0.1827,infeasible
2021-02-08 15:30:00,73,6,0.0,0.0,0.0,0.3103,infeasible
2021-02-08 16:00:00,73,6,0.0,0.0,0.0,0.3566666666666667,infeasible
2021-02-08 16:30:00,73,6,0.0,0.0,0.0,0.5931666666666666,infeasible
2021-02-08 17:00:00,73,6,0.0,0.0,0.0,1.5109666666666668,infeasible
2021-02-08 17:30:00,73,6,0.0,0.0,0.0,0.26503333333333334,infeasible
2021-02-08 18:00:00,73,6,0.0,0.0,0.0,0.1941,infeasible
2021-02-08 18:30:00,73,6,0.0,0.0,0.0,0.577,infeasible
2021-02-08 19:00:00,73,6,0.0,0.0,0.0,1.3619666666666668,infeasible
2021-02-08 19:30:00,73,6,0.0,0.0,0.0,1.0407,infeasible
2021-02-08 20:00:00,73,6,0.0,0.0,0.0,0.4678,infeasible
2021-02-08 20:30:00,73,6,0.0,0.0,0.0,0.5823333333333334,infeasible
2021-02-08 21:00:00,73,6,0.0,0.0,0.0,0.3563,infeasible
2021-02-08 21:30:00,73,6,0.0,0.0,0.0,0.4543666666666667,infeasible
2021-02-08 22:00:00,73,6,0.0,0.0,0.0,0.5711333333333333,infeasible
2021-02-08 22:30:00,73,6,0.0,0.0,0.0,0.6584666666666666,infeasible
2021-02-08 23:00:00,73,6,0.0,0.0,0.0,0.40123333333333333,infeasible
2021-02-08 23:30:00,73,6,0.0,0.0,0.0,0.5595,infeasible
2021-02-09 00:00:00,73,6,0.0,0.0,0.0,0.2452333333333333,infeasible
2021-02-09 00:30:00,73,6,0.0,0.0,0.0,0.17566666666666667,infeasible
2021-02-09 01:00:00,73,6,0.0,0.0,0.0,0.15580000000000002,infeasible
2021-02-09 01:30:00,73,6,0.0,0.0,0.0,0.16353333333333334,infeasible
2021-02-09 02:00:00,73,6,0.0,0.0,0.0,0.17566666666666667,infeasible
2021-02-09 02:30:00,73,6,0.0,0.0,0.0,0.18966666666666662,infeasible
2021-02-09 03:00:00,73,6,0.0,0.0,0.0,0.07206666666666667,infeasible
2021-02-09 03:30:00,73,6,0.0,0.0,0.0,0.10623333333333332,infeasible
2021-02-09 04:00:00,73,6,0.0,0.0,0.0,0.29056666666666664,infeasible
2021-02-09 04:30:00,73,6,0.0,0.0,0.0,0.09820000000000001,infeasible
2021-02-09 05:00:00,73,6,0.0,0.0,0.0,0.1166,infeasible
2021-02-09 05:30:00,73,6,0.0,0.0,0.0,0.31939999999999996,infeasible
2021-02-09 06:00:00,73,6,0.0,0.0,0.0,0.1166,infeasible
2021-02-09 06:30:00,73,6,0.0,0.0,0.0,0.17533333333333334,infeasible
2021-02-09 07:00:00,73,6,0.0,0.0,0.0,1.0973333333333333,infeasible
2021-02-09 07:30:00,73,6,0.0,0.0,0.0,0.3569333333333333,infeasible
2021-02-09 08:00:00,73,6,0.0,0.0,0.0,0.40753333333333336,infeasible
2021-02-09 08:30:00,73,6,0.0,0.0,0.0,0.3236,infeasible
2021-02-09 09:00:00,73,6,0.0,0.0,0.0,0.3371,infeasible
2021-02-09 09:30:00,73,6,0.0,0.0,0.0,0.3341,infeasible
2021-02-09 10:00:00,73,6,0.0,0.0,0.0,0.31753333333333333,infeasible
2021-02-09 10:30:00,73,6,0.0,0.0,0.0,0.3136666666666667,infeasible
2021-02-09 11:00:00,73,6,0.0,0.0,0.0,0.13273333333333331,infeasible
2021-02-09 11:30:00,73,6,0.0,0.0,0.0,0.4446666666666667,infeasible
2021-02-09 12:00:00,73,6,0.0,0.0,0.0,1.3948666666666665,infeasible
2021-02-09 12:30:00,73,6,0.0,0.0,0.0,0.2572333333333333,infeasible
2021-02-09 13:00:00,73,6,0.0,0.0,0.0,0.2504333333333333,infeasible
2021-02-09 13:30:00,73,6,0.0,0.0,0.0,0.2315,infeasible
2021-02-09 14:00:00,73,6,0.0,0.0,0.0,0.2336,infeasible
2021-02-09 14:30:00,73,6,0.0,0.0,0.0,1.663733333333333,infeasible
2021-02-09 15:00:00,73,6,0.0,0.0,0.0,0.45039999999999997,infeasible
2021-02-09 15:30:00,73,6,0.0,0.0,0.0,0.3676666666666667,infeasible
2021-02-09 16:00:00,73,6,0.0,0.0,0.0,0.2568333333333333,infeasible
2021-02-09 16:30:00,73,6,0.0,0.0,0.0,0.38276666666666664,infeasible
2021-02-09 17:00:00,73,6,0.0,0.0,0.0,1.6896,infeasible
2021-02-09 17:30:00,73,6,0.0,0.0,0.0,0.5386,infeasible
2021-02-09 18:00:00,73,6,0.0,0.0,0.0,0.5689,infeasible
2021-02-09 18:30:00,73,6,0.0,0.0,0.0,1.2688666666666666,infeasible
2021-02-09 19:00:00,73,6,0.0,0.0,0.0,1.676,infeasible
2021-02-09 19:30:00,73,6,0.0,0.0,0.0,3.5544000000000002,infeasible
2021-02-09 20:00:00,73,6,0.0,0.0,0.0,1.9070333333333334,infeasible
2021-02-09 20:30:00,73,6,0.0,0.0,0.0,0.3900666666666667,infeasible
2021-02-09 21:00:00,73,6,0.0,0.0,0.0,0.16306666666666667,infeasible
2021-02-09 21:30:00,73,6,0.0,0.0,0.0,0.4589666666666666,infeasible
2021-02-09 22:00:00,73,6,0.0,0.0,0.0,0.16743333333333335,infeasible
2021-02-09 22:30:00,73,6,0.0,0.0,0.0,0.19313333333333332,infeasible
2021-02-09 23:00:00,73,6,0.0,0.0,0.0,0.20526666666666668,infeasible
2021-02-09 23:30:00,73,6,0.0,0.0,0.0,0.069,infeasible
2021-02-10 00:00:00,73,6,0.0,0.0,0.0,0.059,infeasible
2021-02-10 00:30:00,73,6,0.0,0.0,0.0,0.059,infeasible
2021-02-10 01:00:00,73,6,0.0,0.0,0.0,0.059,infeasible
2021-02-10 01:30:00,73,6,0.0,0.0,0.0,0.14966666666666667,infeasible
2021-02-10 02:00:00,73,6,0.0,0.0,0.0,0.059,infeasible
2021-02-10 02:30:00,73,6,0.0,0.0,0.0,0.14966666666666667,infeasible
2021-02-10 03:00:00,73,6,0.0,0.0,0.0,0.059,infeasible
2021-02-10 03:30:00,73,6,0.0,0.0,0.0,0.08166666666666667,infeasible
2021-02-10 04:00:00,73,6,0.0,0.0,0.0,0.127,infeasible
2021-02-10 04:30:00,73,6,0.0,0.0,0.0,0.059,infeasible
2021-02-10 05:00:00,73,6,0.0,0.0,0.0,0.059,infeasible
2021-02-10 05:30:00,73,6,0.0,0.0,0.0,0.059,infeasible
2021-02-10 06:00:00,73,6,0.0,0.0,0.0,0.13606666666666667,infeasible
2021-02-10 06:30:00,73,6,0.0,0.0,0.0,0.0726,infeasible
2021-02-10 07:00:00,73,6,0.0,0.0,0.0,0.059,infeasible
2021-02-10 07:30:00,73,6,0.0,0.0,0.0,0.1308666666666667,infeasible
2021-02-10 08:00:00,73,6,0.0,0.0,0.0,0.1082,infeasible
2021-02-10 08:30:00,73,6,0.0,0.0,0.0,0.11693333333333333,infeasible
2021-02-10 09:00:00,73,6,0.0,0.0,0.0,0.14606666666666665,infeasible
2021-02-10 09:30:00,73,6,0.0,0.0,0.0,0.060333333333333336,infeasible
2021-02-10 10:00:00,73,6,0.0,0.0,0.0,0.09073333333333332,infeasible
2021-02-10 10:30:00,73,6,0.0,0.0,0.0,0.11926666666666667,infeasible
2021-02-10 11:00:00,73,6,0.0,0.0,0.0,0.069,infeasible
2021-02-10 11:30:00,73,6,0.0,0.0,0.0,0.061666666666666654,infeasible
2021-02-10 12:00:00,73,6,0.0,0.0,0.0,0.14966666666666667,infeasible
2021-02-10 12:30:00,73,6,0.0,0.0,0.0,0.059,infeasible
2021-02-10 13:00:00,73,6,0.0,0.0,0.0,0.158,infeasible
2021-02-10 13:30:00,73,6,0.0,0.0,0.0,0.06266666666666666,infeasible
2021-02-10 14:00:00,73,6,0.0,0.0,0.0,0.06353333333333333,infeasible
2021-02-10 14:30:00,73,6,0.0,0.0,0.0,0.14513333333333334,infeasible
2021-02-10 15:00:00,73,6,0.0,0.0,0.0,0.06733333333333333,infeasible
2021-02-10 15:30:00,73,6,0.0,0.0,0.0,0.154,infeasible
2021-02-10 16:00:00,73,6,0.0,0.0,0.0,0.059,infeasible
2021-02-10 16:30:00,73,6,0.0,0.0,0.0,0.15,infeasible
2021-02-10 17:00:00,73,6,0.0,0.0,0.0,0.069,infeasible
2021-02-10 17:30:00,73,6,0.0,0.0,0.0,0.153,infeasible
2021-02-10 18:00:00,73,6,0.0,0.0,0.0,0.4293333333333333,infeasible
2021-02-10 18:30:00,73,6,0.0,0.0,0.0,0.21466666666666662,infeasible
2021-02-10 19:00:00,73,6,0.0,0.0,0.0,0.12766666666666668,infeasible
2021-02-10 19:30:00,73,6,0.0,0.0,0.0,0.069,infeasible
2021-02-10 20:00:00,73,6,0.0,0.0,0.0,0.3208666666666667,infeasible
2021-02-10 20:30:00,73,6,0.0,0.0,0.0,0.23113333333333333,infeasible
2021-02-10 21:00:00,73,6,0.0,0.0,0.0,0.231,infeasible
2021-02-10 21:30:00,73,6,0.0,0.0,0.0,0.29506666666666664,infeasible
2021-02-10 22:00:00,73,6,0.0,0.0,0.0,0.2966666666666667,infeasible
2021-02-10 22:30:00,73,6,0.0,0.0,0.0,0.3872,infeasible
2021-02-10 23:00:00,73,6,0.0,0.0,0.0,0.6143333333333334,infeasible
2021-02-10 23:30:00,73,6,0.0,0.0,0.0,0.2509333333333333,infeasible
2021-02-11 00:00:00,73,6,0.0,0.0,0.0,0.066,infeasible
2021-02-11 00:30:00,73,6,0.0,0.0,0.0,0.1026,infeasible
2021-02-11 01:00:00,73,6,0.0,0.0,0.0,0.19693333333333332,infeasible
2021-02-11 01:30:00,73,6,0.0,0.0,0.0,0.20853333333333332,infeasible
2021-02-11 02:00:00,73,6,0.0,0.0,0.0,0.09040000000000001,infeasible
2021-02-11 02:30:00,73,6,0.0,0.0,0.0,0.17126666666666668,infeasible
2021-02-11 03:00:00,73,6,0.0,0.0,0.0,0.2464,infeasible
2021-02-11 03:30:00,73,6,0.0,0.0,0.0,0.066,infeasible
2021-02-11 04:00:00,73,6,0.0,0.0,0.0,0.23576666666666668,infeasible
2021-02-11 04:30:00,73,6,0.0,0.0,0.0,0.1331,infeasible
2021-02-11 05:00:00,73,6,0.0,0.0,0.0,0.11220000000000001,infeasible
2021-02-11 05:30:00,73,6,0.0,0.0,0.0,0.14686666666666667,infeasible
2021-02-11 06:00:00,73,6,0.0,0.0,0.0,0.2523333333333333,infeasible
2021-02-11 06:30:00,73,6,0.0,0.0,0.0,0.07579999999999999,infeasible
2021-02-11 07:00:00,73,6,0.0,0.0,0.0,0.19403333333333334,infeasible
2021-02-11 07:30:00,73,6,0.0,0.0,0.0,0.17483333333333334,infeasible
2021-02-11 08:00:00,73,6,0.0,0.0,0.0,0.16353333333333334,infeasible
2021-02-11 08:30:00,73,6,0.0,0.0,0.0,0.06466666666666668,infeasible
2021-02-11 09:00:00,73,6,0.0,0.0,0.0,2.5004666666666666,infeasible
2021-02-11 09:30:00,73,6,0.0,0.0,0.0,1.8912333333333329,infeasible
2021-02-11 10:00:00,73,6,0.0,0.0,0.0,0.6204666666666667,infeasible
2021-02-11 10:30:00,73,6,0.0,0.0,0.0,0.436,infeasible
2021-02-11 11:00:00,73,6,0.0,0.0,0.0,0.21136666666666667,infeasible
2021-02-11 11:30:00,73,6,0.0,0.0,0.0,0.7111333333333333,infeasible
2021-02-11 12:00:00,73,6,0.0,0.0,0.0,0.40066666666666667,infeasible
2021-02-11 12:30:00,73,6,0.0,0.0,0.0,2.0283666666666664,infeasible
2021-02-11 13:00:00,73,6,0.0,0.0,0.0,0.7667666666666666,infeasible
2021-02-11 13:30:00,73,6,0.0,0.0,0.0,0.23936666666666667,infeasible
2021-02-11 14:00:00,73,6,0.0,0.0,0.0,0.464,infeasible
2021-02-11 14:30:00,73,6,0.0,0.0,0.0,0.17573333333333332,infeasible
2021-02-11 15:00:00,73,6,0.0,0.0,0.0,0.2022333333333333,infeasible
2021-02-11 15:30:00,73,6,0.0,0.0,0.0,0.27366666666666667,infeasible
2021-02-11 16:00:00,73,6,0.0,0.0,0.0,0.4573,infeasible
2021-02-11 16:30:00,73,6,0.0,0.0,0.0,0.26743333333333336,infeasible
2021-02-11 17:00:00,73,6,0.0,0.0,0.0,0.33526666666666666,infeasible
2021-02-11 17:30:00,73,6,0.0,0.0,0.0,2.948233333333333,infeasible
2021-02-11 18:00:00,73,6,0.0,0.0,0.0,2.5075333333333334,infeasible
2021-02-11 18:30:00,73,6,0.0,0.0,0.0,0.5044333333333333,infeasible
2021-02-11 19:00:00,73,6,0.0,0.0,0.0,2.7196666666666665,infeasible
2021-02-11 19:30:00,73,6,0.0,0.0,0.0,0.5151666666666667,infeasible
2021-02-11 20:00:00,73,6,0.0,0.0,0.0,1.6902000000000001,infeasible
2021-02-11 20:30:00,73,6,0.0,0.0,0.0,0.7391333333333333,infeasible
2021-02-11 21:00:00,73,6,0.0,0.0,0.0,2.5645666666666664,infeasible
2021-02-11 21:30:00,73,6,0.0,0.0,0.0,1.0961333333333334,infeasible
2021-02-11 22:00:00,73,6,0.0,0.0,0.0,2.6294,infeasible
2021-02-11 22:30:00,73,6,0.0,0.0,0.0,1.4499000000000002,infeasible
2021-02-11 23:00:00,73,6,0.0,0.0,0.0,2.4917,infeasible
2021-02-11 23:30:00,73,6,0.0,0.0,0.0,2.996333333333333,infeasible
2021-02-12 00:00:00,73,6,0.0,0.0,0.0,0.078,infeasible
2021-02-12 00:30:00,73,6,0.0,0.0,0.0,0.1662,infeasible
2021-02-12 01:00:00,73,6,0.0,0.0,0.0,0.1045,infeasible
2021-02-12 01:30:00,73,6,0.0,0.0,0.0,0.29603333333333337,infeasible
2021-02-12 02:00:00,73,6,0.0,0.0,0.0,0.09540000000000001,infeasible
2021-02-12 02:30:00,73,6,0.0,0.0,0.0,0.12,infeasible
2021-02-12 03:00:00,73,6,0.0,0.0,0.0,0.23733333333333329,infeasible
2021-02-12 03:30:00,73,6,0.0,0.0,0.0,0.1778,infeasible
2021-02-12 04:00:00,73,6,0.0,0.0,0.0,0.1492666666666667,infeasible
2021-02-12 04:30:00,73,6,0.0,0.0,0.0,0.17886666666666667,infeasible
2021-02-12 05:00:00,73,6,0.0,0.0,0.0,0.137,infeasible
2021-02-12 05:30:00,73,6,0.0,0.0,0.0,0.19356666666666664,infeasible
2021-02-12 06:00:00,73,6,0.0,0.0,0.0,0.3321,infeasible
2021-02-12 06:30:00,73,6,0.0,0.0,0.0,0.1021,infeasible
2021-02-12 07:00:00,73,6,0.0,0.0,0.0,0.21386666666666668,infeasible
2021-02-12 07:30:00,73,6,0.0,0.0,0.0,0.5921333333333333,infeasible
2021-02-12 08:00:00,73,6,0.0,0.0,0.0,0.38480000000000003,infeasible
2021-02-12 08:30:00,73,6,0.0,0.0,0.0,0.33576666666666666,infeasible
2021-02-12 09:00:00,73,6,0.0,0.0,0.0,0.5709333333333333,infeasible
2021-02-12 09:30:00,73,6,0.0,0.0,0.0,0.5541,infeasible
2021-02-12 10:00:00,73,6,0.0,0.0,0.0,0.4028,infeasible
2021-02-12 10:30:00,73,6,0.0,0.0,0.0,0.26239999999999997,infeasible
2021-02-12 11:00:00,73,6,0.0,0.0,0.0,0.37110000000000004,infeasible
2021-02-12 11:30:00,73,6,0.0,0.0,0.0,0.4996666666666667,infeasible
2021-02-12 12:00:00,73,6,0.0,0.0,0.0,1.6236333333333335,infeasible
2021-02-12 12:30:00,73,6,0.0,0.0,0.0,0.24886666666666668,infeasible
2021-02-12 13:00:00,73,6,0.0,0.0,0.0,0.33713333333333334,infeasible
2021-02-12 13:30:00,73,6,0.0,0.0,0.0,0.26839999999999997,infeasible
2021-02-12 14:00:00,73,6,0.0,0.0,0.0,0.3748666666666667,infeasible
2021-02-12 14:30:00,73,6,0.0,0.0,0.0,1.2056333333333333,infeasible
2021-02-12 15:00:00,73,6,0.0,0.0,0.0,0.27776666666666666,infeasible
2021-02-12 15:30:00,73,6,0.0,0.0,0.0,0.5548,infeasible
2021-02-12 16:00:00,73,6,0.0,0.0,0.0,0.6537666666666666,infeasible
2021-02-12 16:30:00,73,6,0.0,0.0,0.0,0.3305,infeasible
2021-02-12 17:00:00,73,6,0.0,0.0,0.0,0.49269999999999997,infeasible
2021-02-12 17:30:00,73,6,0.0,0.0,0.0,0.5797333333333333,infeasible
2021-02-12 18:00:00,73,6,0.0,0.0,0.0,0.7722,infeasible
2021-02-12 18:30:00,73,6,0.0,0.0,0.0,0.5205333333333333,infeasible
2021-02-12 19:00:00,73,6,0.0,0.0,0.0,2.841333333333333,infeasible
2021-02-12 19:30:00,73,6,0.0,0.0,0.0,1.4376333333333335,infeasible
2021-02-12 20:00:00,73,6,0.0,0.0,0.0,1.2991333333333335,infeasible
2021-02-12 20:30:00,73,6,0.0,0.0,0.0,1.1440666666666666,infeasible
2021-02-12 21:00:00,73,6,0.0,0.0,0.0,0.3713333333333333,infeasible
2021-02-12 21:30:00,73,6,0.0,0.0,0.0,0.47,infeasible
2021-02-12 22:00:00,73,6,0.0,0.0,0.0,0.2787,infeasible
2021-02-12 22:30:00,73,6,0.0,0.0,0.0,0.1818333333333333,infeasible
2021-02-12 23:00:00,73,6,0.0,0.0,0.0,0.2051,infeasible
2021-02-12 23:30:00,73,6,0.0,0.0,0.0,0.16269999999999998,infeasible
2021-02-13 00:00:00,73,6,0.0,0.0,0.0,0.051,infeasible
2021-02-13 00:30:00,73,6,0.0,0.0,0.0,0.051,infeasible
2021-02-13 01:00:00,73,6,0.0,0.0,0.0,0.1874,infeasible
2021-02-13 01:30:00,73,6,0.0,0.0,0.0,0.051,infeasible
2021-02-13 02:00:00,73,6,0.0,0.0,0.0,0.051,infeasible
2021-02-13 02:30:00,73,6,0.0,0.0,0.0,0.1192,infeasible
2021-02-13 03:00:00,73,6,0.0,0.0,0.0,0.1192,infeasible
2021-02-13 03:30:00,73,6,0.0,0.0,0.0,0.051,infeasible
2021-02-13 04:00:00,73,6,0.0,0.0,0.0,0.10679999999999999,infeasible
2021-02-13 04:30:00,73,6,0.0,0.0,0.0,0.1316,infeasible
2021-02-13 05:00:00,73,6,0.0,0.0,0.0,0.051,infeasible
2021-02-13 05:30:00,73,6,0.0,0.0,0.0,0.1874,infeasible
2021-02-13 06:00:00,73,6,0.0,0.0,0.0,0.051,infeasible
2021-02-13 06:30:00,73,6,0.0,0.0,0.0,0.17973333333333333,infeasible
2021-02-13 07:00:00,73,6,0.0,0.0,0.0,0.166,infeasible
2021-02-13 07:30:00,73,6,0.0,0.0,0.0,0.08033333333333333,infeasible
2021-02-13 08:00:00,73,6,0.0,0.0,0.0,0.21480000000000002,infeasible
2021-02-13 08:30:00,73,6,0.0,0.0,0.0,0.06266666666666666,infeasible
2021-02-13 09:00:00,73,6,0.0,0.0,0.0,0.05733333333333333,infeasible
2021-02-13 09:30:00,73,6,0.0,0.0,0.0,0.1626,infeasible
2021-02-13 10:00:00,73,6,0.0,0.0,0.0,0.07579999999999999,infeasible
2021-02-13 10:30:00,73,6,0.0,0.0,0.0,0.27863333333333334,infeasible
2021-02-13 11:00:00,73,6,0.0,0.0,0.0,0.142,infeasible
2021-02-13 11:30:00,73,6,0.0,0.0,0.0,1.3281333333333334,infeasible
2021-02-13 12:00:00,73,6,0.0,0.0,0.0,0.21380000000000002,infeasible
2021-02-13 12:30:00,73,6,0.0,0.0,0.0,0.18059999999999998,infeasible
2021-02-13 13:00:00,73,6,0.0,0.0,0.0,0.2814,infeasible
2021-02-13 13:30:00,73,6,0.0,0.0,0.0,0.2793,infeasible
2021-02-13 14:00:00,73,6,0.0,0.0,0.0,0.09786666666666666,infeasible
2021-02-13 14:30:00,73,6,0.0,0.0,0.0,0.22343333333333332,infeasible
2021-02-13 15:00:00,73,6,0.0,0.0,0.0,0.36010000000000003,infeasible
2021-02-13 15:30:00,73,6,0.0,0.0,0.0,1.2832333333333332,infeasible
2021-02-13 16:00:00,73,6,0.0,0.0,0.0,1.9714666666666667,infeasible
2021-02-13 16:30:00,73,6,0.0,0.0,0.0,1.7935999999999999,infeasible
2021-02-13 17:00:00,73,6,0.0,0.0,0.0,0.5315666666666667,infeasible
2021-02-13 17:30:00,73,6,0.0,0.0,0.0,1.1580666666666666,infeasible
2021-02-13 18:00:00,73,6,0.0,0.0,0.0,1.0654000000000001,infeasible
2021-02-13 18:30:00,73,6,0.0,0.0,0.0,1.3271,infeasible
2021-02-13 19:00:00,73,6,0.0,0.0,0.0,0.5607666666666666,infeasible
2021-02-13 19:30:00,73,6,0.0,0.0,0.0,0.42,infeasible
2021-02-13 20:00:00,73,6,0.0,0.0,0.0,0.29246666666666665,infeasible
2021-02-13 20:30:00,73,6,0.0,0.0,0.0,0.4146333333333333,infeasible
2021-02-13 21:00:00,73,6,0.0,0.0,0.0,0.3138,infeasible
2021-02-13 21:30:00,73,6,0.0,0.0,0.0,0.1134,infeasible
2021-02-13 22:00:00,73,6,0.0,0.0,0.0,0.3698,infeasible
2021-02-13 22:30:00,73,6,0.0,0.0,0.0,0.21130000000000002,infeasible
2021-02-13 23:00:00,73,6,0.0,0.0,0.0,0.061,infeasible
2021-02-13 23:30:00,73,6,0.0,0.0,0.0,0.19706666666666664,infeasible
2021-02-07 00:00:00,74,6,0.0,0.0,0.0,0.21316666666666662,optimal
2021-02-07 00:30:00,74,6,0.0,0.0,0.0,0.17843333333333333,optimal
2021-02-07 01:00:00,74,6,0.0,0.0,0.0,0.063,optimal
2021-02-07 01:30:00,74,6,0.0,0.0,0.0,0.063,optimal
2021-02-07 02:00:00,74,6,0.0,0.0,0.0,0.063,optimal
2021-02-07 02:30:00,74,6,0.0,0.0,0.0,0.063,optimal
2021-02-07 03:00:00,74,6,0.0,0.0,0.0,0.063,optimal
2021-02-07 03:30:00,74,6,0.0,0.0,0.0,0.06466666666666668,optimal
2021-02-07 04:00:00,74,6,1.1428571428571428,0.387037037037037,0.0,0.13066666666666665,optimal
2021-02-07 04:30:00,74,6,1.1428571428571428,2.012592592592592,0.0,0.242,optimal
2021-02-07 05:00:00,74,6,1.1428571428571428,0.3096296296296296,1.1060376930150764,0.2082,optimal
2021-02-07 05:30:00,74,6,1.1428571428571428,0.0,0.0,1.8656,optimal
2021-02-07 06:00:00,74,6,1.1428571428571428,0.8514814814814814,0.0,0.27,optimal
2021-02-07 06:30:00,74,6,1.1428571428571428,0.46444444444444444,0.0,0.27,optimal
2021-02-07 07:00:00,74,6,1.1428571428571428,0.0,0.0,0.3054,optimal
2021-02-07 07:30:00,74,6,0.0,0.5418518518518518,0.0,0.2901,optimal
2021-02-07 08:00:00,74,6,0.0,0.0,0.0,0.073,optimal
2021-02-07 08:30:00,74,6,0.33892584443662827,0.0,0.0,0.073,optimal
2021-02-07 09:00:00,74,6,0.7189824908182165,0.0,0.0,0.073,optimal
2021-02-07 09:30:00,74,6,0.7168385329673965,0.0,0.0,0.073,optimal
2021-02-07 10:00:00,74,6,0.6411158234122685,0.0,0.0,0.073,optimal
2021-02-07 10:30:00,74,6,0.6454037391138969,0.0,0.0,0.073,optimal
2021-02-07 11:00:00,74,6,0.4972269391822957,2.150377777777778,0.0,0.163,optimal
2021-02-07 11:30:00,74,6,0.46941741537277637,3.4229555555555558,0.0,0.16233333333333333,optimal
2021-02-07 12:00:00,74,6,0.4150760839157874,0.46444444444444444,0.0,0.16433333333333333,optimal
2021-02-07 12:30:00,74,6,0.40794275058245794,0.23222222222222222,0.0,0.18930000000000002,optimal
2021-02-07 13:00:00,74,6,1.1428571428571428,0.0,0.0,1.783766666666667,optimal
2021-02-07 13:30:00,74,6,1.1428571428571428,0.0774074074074074,0.0,0.07759999999999999,optimal
2021-02-07 14:00:00,74,6,1.1428571428571428,0.0,0.0,0.088,optimal
2021-02-07 14:30:00,74,6,1.1428571428571428,0.0,0.0,0.073,optimal
2021-02-07 15:00:00,74,6,1.1428571428571428,0.0,0.0,0.2915,optimal
2021-02-07 15:30:00,74,6,1.1428571428571428,0.387037037037037,0.0,0.2521,optimal
2021-02-07 16:00:00,74,6,0.0,0.5418518518518518,0.0,0.4633,optimal
2021-02-07 16:30:00,74,6,0.0,1.1611111111111108,0.0,0.4630666666666667,optimal
2021-02-07 17:00:00,74,6,0.0,0.46444444444444444,0.0,0.29819999999999997,optimal
2021-02-07 17:30:00,74,6,0.0,0.387037037037037,0.0,1.0623333333333334,optimal
2021-02-07 18:00:00,74,6,0.0,0.0,0.0,0.5477333333333333,optimal
2021-02-07 18:30:00,74,6,0.0,0.0,0.0,0.073,optimal
2021-02-07 19:00:00,74,6,0.0,0.0,0.0,0.28986666666666666,optimal
2021-02-07 19:30:00,74,6,0.381890583071529,0.0,0.0,0.073,optimal
2021-02-07 20:00:00,74,6,0.7704314305421491,0.0,0.0,0.073,optimal
2021-02-07 20:30:00,74,6,0.0,0.0,0.0,0.073,optimal
2021-02-07 21:00:00,74,6,0.0,0.0,0.0,0.073,optimal
2021-02-07 21:30:00,74,6,0.0,0.0,0.0,0.073,optimal
2021-02-07 22:00:00,74,6,0.0,0.0,0.0,0.073,optimal
2021-02-07 22:30:00,74,6,0.0,0.0,0.0,0.073,optimal
2021-02-07 23:00:00,74,6,0.0,0.0,0.0,0.073,optimal
2021-02-07 23:30:00,74,6,0.0,0.0,0.0,0.072,optimal
2021-02-08 00:00:00,74,6,0.0,5.341111111111111,0.0,0.2895,optimal
2021-02-08 00:30:00,74,6,0.0,0.0,0.0,0.24586666666666668,optimal
2021-02-08 01:00:00,74,6,0.0,0.387037037037037,0.0,0.3541333333333333,optimal
2021-02-08 01:30:00,74,6,0.2514994406549233,0.0,0.0,0.47023333333333334,optimal
2021-02-08 02:00:00,74,6,1.1428571428571428,0.0,0.0,0.2524,optimal
2021-02-08 02:30:00,74,6,1.1428571428571428,0.23222222222222222,0.0,0.4934666666666666,optimal
2021-02-08 03:00:00,74,6,1.1428571428571428,0.1548148148148148,0.0,0.40713333333333335,optimal
2021-02-08 03:30:00,74,6,1.1428571428571428,0.0,0.0,0.2802,optimal
2021-02-08 04:00:00,74,6,1.1428571428571428,0.0,0.0,0.2686,optimal
2021-02-08 04:30:00,74,6,1.1428571428571428,0.0,0.0,0.2540666666666666,optimal
2021-02-08 05:00:00,74,6,1.1428571428571428,0.0,0.2852212530752982,0.21513333333333332,optimal
2021-02-08 05:30:00,74,6,1.1428571428571428,0.0,5.0,0.065,optimal
2021-02-08 06:00:00,74,6,1.1428571428571428,0.0,5.0,0.15646666666666667,optimal
2021-02-08 06:30:00,74,6,1.1428571428571428,0.0,5.0,0.2680666666666667,optimal
2021-02-08 07:00:00,74,6,1.1428571428571428,0.0,5.0,0.12113333333333334,optimal
2021-02-08 07:30:00,74,6,1.1428571428571428,0.0,0.0,0.228,optimal
2021-02-08 08:00:00,74,6,0.7153721032030025,0.0,0.0,0.1404,optimal
2021-02-08 08:30:00,74,6,0.6802504950951123,0.0,0.0,0.2783333333333333,optimal
2021-02-08 09:00:00,74,6,0.648676644769761,0.0,0.0,0.065,optimal
2021-02-08 09:30:00,74,6,0.5636923902649249,0.0,0.0,0.3399333333333333,optimal
2021-02-08 10:00:00,74,6,0.2142751168660315,2.4770370370370367,0.0,0.4141666666666667,optimal
2021-02-08 10:30:00,74,6,0.1355107999422898,2.4770370370370367,0.0,1.2075333333333333,optimal
2021-02-08 11:00:00,74,6,0.036350264875027835,0.387037037037037,0.0,0.3096666666666667,optimal
2021-02-08 11:30:00,74,6,0.08270044441148629,2.39962962962963,0.0,0.25626666666666664,optimal
2021-02-08 12:00:00,74,6,0.0206793710808684,0.8514814814814814,0.0,0.3138,optimal
2021-02-08 12:30:00,74,6,0.0,0.0,0.0,0.41686666666666666,optimal
2021-02-08 13:00:00,74,6,0.16576284323463622,0.23222222222222222,0.0,0.2939,optimal
2021-02-08 13:30:00,74,6,1.1428571428571428,0.0,0.0,1.1944000000000001,optimal
2021-02-08 14:00:00,74,6,1.1428571428571428,0.0,0.0,0.8644,optimal
2021-02-08 14:30:00,74,6,1.1428571428571428,0.6192592592592592,0.0,0.27453333333333335,optimal
2021-02-08 15:00:00,74,6,1.1428571428571428,0.0,0.0,0.103,optimal
2021-02-08 15:30:00,74,6,1.1428571428571428,0.3096296296296296,0.0,0.2688666666666667,optimal
2021-02-08 16:00:00,74,6,0.0,0.23222222222222222,0.0,0.3153,optimal
2021-02-08 16:30:00,74,6,0.0,0.387037037037037,0.0,0.29606666666666664,optimal
2021-02-08 17:00:00,74,6,0.0,0.5418518518518518,0.0,0.4804,optimal
2021-02-08 17:30:00,74,6,0.0,0.387037037037037,0.0,0.4151666666666667,optimal
2021-02-08 18:00:00,74,6,0.0,0.0,0.0,0.3007333333333333,optimal
2021-02-08 18:30:00,74,6,0.0,0.387037037037037,0.0,0.06866666666666667,optimal
2021-02-08 19:00:00,74,6,0.0,0.0,0.0,0.3231,optimal
2021-02-08 19:30:00,74,6,0.0,0.0,0.0,0.48956666666666665,optimal
2021-02-08 20:00:00,74,6,0.0,1.7029629629629628,0.0,0.4453333333333333,optimal
2021-02-08 20:30:00,74,6,0.0,0.0,0.0,0.5394,optimal
2021-02-08 21:00:00,74,6,0.0,0.0,0.0,2.0086666666666666,optimal
2021-02-08 21:30:00,74,6,0.0,0.0,0.0,0.3314,optimal
2021-02-08 22:00:00,74,6,0.0,0.0,0.0,0.5278999999999999,optimal
2021-02-08 22:30:00,74,6,0.0,0.3096296296296296,0.0,0.33413333333333334,optimal
2021-02-08 23:00:00,74,6,0.0,0.0,0.0,0.2474,optimal
2021-02-08 23:30:00,74,6,0.0,0.0,0.0,0.26893333333333336,optimal
2021-02-09 00:00:00,74,6,0.0,0.0,0.0,0.05866666666666666,optimal
2021-02-09 00:30:00,74,6,0.0,0.0,0.0,0.06133333333333334,optimal
2021-02-09 01:00:00,74,6,0.0,0.0,0.0,0.21606666666666663,optimal
2021-02-09 01:30:00,74,6,0.6655963789664522,0.0,0.0,0.065,optimal
2021-02-09 02:00:00,74,6,1.1428571428571428,0.0,0.0,0.065,optimal
2021-02-09 02:30:00,74,6,1.1428571428571428,0.0,0.0,0.065,optimal
2021-02-09 03:00:00,74,6,1.1428571428571428,0.0,0.0,0.1886,optimal
2021-02-09 03:30:00,74,6,1.1428571428571428,0.0,0.0,0.09246666666666668,optimal
2021-02-09 04:00:00,74,6,1.1428571428571428,0.0,0.0,0.1062,optimal
2021-02-09 04:30:00,74,6,1.1428571428571428,0.0,0.0,0.17486666666666667,optimal
2021-02-09 05:00:00,74,6,1.1428571428571428,0.0,0.0,0.065,optimal
2021-02-09 05:30:00,74,6,1.1428571428571428,0.0,0.0,0.065,optimal
2021-02-09 06:00:00,74,6,1.1428571428571428,0.0,0.0,0.21606666666666663,optimal
2021-02-09 06:30:00,74,6,1.1428571428571428,0.0,4.958175279082372,0.065,optimal
2021-02-09 07:00:00,74,6,1.1428571428571428,0.0,5.0,0.064,optimal
2021-02-09 07:30:00,74,6,1.1428571428571428,1.7029629629629628,0.0,0.5258666666666667,optimal
2021-02-09 08:00:00,74,6,0.5757252492796257,5.65074074074074,0.0,1.2868,optimal
2021-02-09 08:30:00,74,6,0.596668613822406,0.387037037037037,0.0,0.9541000000000001,optimal
2021-02-09 09:00:00,74,6,0.5997652655066513,4.0484074074074075,0.0,0.16293333333333335,optimal
2021-02-09 09:30:00,74,6,0.5753300898303161,3.305296296296297,0.0,0.13793333333333332,optimal
2021-02-09 10:00:00,74,6,0.535927637292618,0.0,0.0,0.065,optimal
2021-02-09 10:30:00,74,6,0.4820459432766192,0.0,0.0,0.21606666666666663,optimal
2021-02-09 11:00:00,74,6,0.3537765747986945,0.0,0.0,0.065,optimal
2021-02-09 11:30:00,74,6,0.294299283614543,0.0,0.0,0.15166666666666664,optimal
2021-02-09 12:00:00,74,6,0.213641391458131,0.0,0.0,0.1474,optimal
2021-02-09 12:30:00,74,6,0.23932820645180808,0.0,0.0,0.065,optimal
2021-02-09 13:00:00,74,6,1.1428571428571428,0.0,0.0,0.13366666666666666,optimal
2021-02-09 13:30:00,74,6,1.1428571428571428,0.0,0.0,0.1474,optimal
2021-02-09 14:00:00,74,6,1.1428571428571428,0.0,0.0,0.065,optimal
2021-02-09 14:30:00,74,6,1.1428571428571428,0.0,0.0,0.21606666666666663,optimal
2021-02-09 15:00:00,74,6,1.1428571428571428,0.0,0.0,0.065,optimal
2021-02-09 15:30:00,74,6,1.1428571428571428,0.0,0.0,0.13366666666666666,optimal
2021-02-09 16:00:00,74,6,0.0,0.0,0.0,0.1744,optimal
2021-02-09 16:30:00,74,6,0.0,0.0,0.0,0.4942,optimal
2021-02-09 17:00:00,74,6,0.0,0.0,0.0,1.5263666666666666,optimal
2021-02-09 17:30:00,74,6,0.0,0.0,0.0,1.0025,optimal
2021-02-09 18:00:00,74,6,0.0,0.0,0.0,0.14880000000000002,optimal
2021-02-09 18:30:00,74,6,0.0,0.0,0.0,0.1889,optimal
2021-02-09 19:00:00,74,6,0.0,0.0774074074074074,0.0,1.4782,optimal
2021-02-09 19:30:00,74,6,0.0,0.0,0.0,0.44746666666666657,optimal
2021-02-09 20:00:00,74,6,0.23344712426970887,0.3096296296296296,0.0,0.2978,optimal
2021-02-09 20:30:00,74,6,0.0,2.2448148148148146,0.0,0.7531333333333333,optimal
2021-02-09 21:00:00,74,6,0.0,0.0,0.0,0.30493333333333333,optimal
2021-02-09 21:30:00,74,6,0.0,0.0,0.0,0.6206,optimal
2021-02-09 22:00:00,74,6,0.0,0.0,0.0,0.5440666666666667,optimal
2021-02-09 22:30:00,74,6,0.0,0.0,0.0,0.20386666666666667,optimal
2021-02-09 23:00:00,74,6,0.0,0.0,0.0,0.14053333333333334,optimal
2021-02-09 23:30:00,74,6,0.0,0.0,0.0,0.09246666666666668,optimal
2021-02-10 00:00:00,74,6,0.0,0.0,0.0,0.05,optimal
2021-02-10 00:30:00,74,6,0.0,0.0,0.0,0.11393333333333333,optimal
2021-02-10 01:00:00,74,6,0.24534084967971515,0.0,0.0,0.07740000000000001,optimal
2021-02-10 01:30:00,74,6,1.1428571428571428,0.0,0.0,0.05913333333333333,optimal
2021-02-10 02:00:00,74,6,1.1428571428571428,0.0,0.0,0.13219999999999998,optimal
2021-02-10 02:30:00,74,6,1.1428571428571428,0.0,0.0,0.05,optimal
2021-02-10 03:00:00,74,6,1.1428571428571428,0.0,0.0,0.07740000000000001,optimal
2021-02-10 03:30:00,74,6,1.1428571428571428,0.0,0.0,0.11393333333333333,optimal
2021-02-10 04:00:00,74,6,1.1428571428571428,0.0,0.0,0.08406666666666666,optimal
2021-02-10 04:30:00,74,6,1.1428571428571428,0.0,0.9516074333956226,0.11726666666666669,optimal
2021-02-10 05:00:00,74,6,1.1428571428571428,0.0,5.0,0.05,optimal
2021-02-10 05:30:00,74,6,1.1428571428571428,0.0,5.0,0.12763333333333335,optimal
2021-02-10 06:00:00,74,6,1.1428571428571428,0.0,5.0,0.07036666666666666,optimal
2021-02-10 06:30:00,74,6,1.1428571428571428,0.0,5.0,0.05333333333333334,optimal
2021-02-10 07:00:00,74,6,1.1428571428571428,0.0,5.0,0.0795,optimal
2021-02-10 07:30:00,74,6,1.1428571428571428,0.23222222222222222,0.0,0.3242333333333333,optimal
2021-02-10 08:00:00,74,6,0.39600729581324395,6.4248148148148125,0.0,1.5406666666666669,optimal
2021-02-10 08:30:00,74,6,0.6527647977433101,0.3096296296296296,0.0,0.11016666666666669,optimal
2021-02-10 09:00:00,74,6,0.5754274129868256,0.23222222222222222,0.0,0.11209999999999999,optimal
2021-02-10 09:30:00,74,6,0.5164706292025997,0.774074074074074,0.0,0.5896666666666667,optimal
2021-02-10 10:00:00,74,6,0.09582705862098265,0.23222222222222222,0.0,1.7948333333333333,optimal
2021-02-10 10:30:00,74,6,0.37852851840186696,0.0,0.0,0.09366666666666669,optimal
2021-02-10 11:00:00,74,6,0.27051444425243226,0.0,0.0,0.09353333333333332,optimal
2021-02-10 11:30:00,74,6,0.054706528550794775,0.6192592592592592,0.0,1.7579666666666667,optimal
2021-02-10 12:00:00,74,6,0.0,0.0774074074074074,0.0,2.0133666666666663,optimal
2021-02-10 12:30:00,74,6,0.04718629163565368,0.3096296296296296,0.0,0.058,optimal
2021-02-10 13:00:00,74,6,1.1428571428571428,0.0,0.0,0.15133333333333335,optimal
2021-02-10 13:30:00,74,6,1.1428571428571428,0.0,0.0,0.06,optimal
2021-02-10 14:00:00,74,6,1.1428571428571428,0.0,0.0,0.06,optimal
2021-02-10 14:30:00,74,6,1.1428571428571428,0.0,0.0,0.15133333333333335,optimal
2021-02-10 15:00:00,74,6,1.1428571428571428,0.0,0.0,0.06,optimal
2021-02-10 15:30:00,74,6,1.1428571428571428,0.0,0.0,0.2554333333333333,optimal
2021-02-10 16:00:00,74,6,0.0,0.0,0.0,1.2146333333333335,optimal
2021-02-10 16:30:00,74,6,0.0,0.3096296296296296,0.0,0.9823333333333334,optimal
2021-02-10 17:00:00,74,6,0.0,0.0774074074074074,0.0,0.06313333333333333,optimal
2021-02-10 17:30:00,74,6,0.0,0.23222222222222222,0.0,0.066,optimal
2021-02-10 18:00:00,74,6,0.0,0.0,0.0,0.0874,optimal
2021-02-10 18:30:00,74,6,0.0,0.0,0.0,0.12693333333333334,optimal
2021-02-10 19:00:00,74,6,0.0,0.1548148148148148,0.0,0.08523333333333333,optimal
2021-02-10 19:30:00,74,6,0.0,0.0,0.0,0.16219999999999998,optimal
2021-02-10 20:00:00,74,6,0.5201385406764153,0.0,0.0,0.06,optimal
2021-02-10 20:30:00,74,6,0.0,0.0,0.0,0.1813333333333333,optimal
2021-02-10 21:00:00,74,6,0.0,0.0774074074074074,0.0,0.07579999999999999,optimal
2021-02-10 21:30:00,74,6,0.0,2.012592592592592,0.0,0.17846666666666666,optimal
2021-02-10 22:00:00,74,6,0.0,0.7167925925925925,0.0,0.20153333333333334,optimal
2021-02-10 22:30:00,74,6,0.0,1.4506148148148148,0.0,1.4768333333333332,optimal
2021-02-10 23:00:00,74,6,0.0,0.0,0.0,0.321,optimal
2021-02-10 23:30:00,74,6,0.0,0.0,0.0,0.06,optimal
2021-02-11 00:00:00,74,6,0.0,0.23222222222222222,0.0,0.1392,optimal
2021-02-11 00:30:00,74,6,0.12525652567839343,0.0774074074074074,0.0,0.2583666666666667,optimal
2021-02-11 01:00:00,74,6,1.1428571428571428,0.1548148148148148,0.0,0.3685,optimal
2021-02-11 01:30:00,74,6,1.1428571428571428,0.46444444444444444,0.0,0.41910000000000003,optimal
2021-02-11 02:00:00,74,6,1.1428571428571428,0.0,0.0,0.3183333333333333,optimal
2021-02-11 02:30:00,74,6,1.1428571428571428,0.0,0.0,0.23566666666666664,optimal
2021-02-11 03:00:00,74,6,1.1428571428571428,0.0,0.0,0.3012666666666666,optimal
2021-02-11 03:30:00,74,6,1.1428571428571428,0.0,0.0,0.205,optimal
2021-02-11 04:00:00,74,6,1.1428571428571428,0.0,0.0,0.1256,optimal
2021-02-11 04:30:00,74,6,1.1428571428571428,0.0,0.0,0.1412,optimal
2021-02-11 05:00:00,74,6,1.1428571428571428,0.0,0.0,0.115,optimal
2021-02-11 05:30:00,74,6,1.1428571428571428,0.0,2.6968734510871317,0.2048,optimal
2021-02-11 06:00:00,74,6,1.1428571428571428,0.387037037037037,5.0,0.15466666666666665,optimal
2021-02-11 06:30:00,74,6,1.1428571428571428,0.46444444444444444,5.0,0.8969666666666667,optimal
2021-02-11 07:00:00,74,6,1.1428571428571428,0.774074074074074,5.0,1.2284000000000002,optimal
2021-02-11 07:30:00,74,6,1.1428571428571428,0.46444444444444444,0.0,0.4899666666666666,optimal
2021-02-11 08:00:00,74,6,0.6964007554777967,0.23222222222222222,0.0,0.24186666666666667,optimal
2021-02-11 08:30:00,74,6,0.7255754861731067,0.3096296296296296,0.0,0.0985,optimal
2021-02-11 09:00:00,74,6,0.3322878313446366,0.0,0.0,1.7304666666666666,optimal
2021-02-11 09:30:00,74,6,0.2673353175057485,1.548148148148148,0.0,1.5078,optimal
2021-02-11 10:00:00,74,6,0.23839168031225222,0.23222222222222222,0.0,0.3098666666666667,optimal
2021-02-11 10:30:00,74,6,0.2824448888077827,0.1548148148148148,0.0,0.32673333333333326,optimal
2021-02-11 11:00:00,74,6,0.07822814822588173,0.0,0.0,2.2661,optimal
2021-02-11 11:30:00,74,6,0.01056592332075796,0.3096296296296296,0.0,2.5986,optimal
2021-02-11 12:00:00,74,6,0.0,0.0,0.0,0.4703,optimal
2021-02-11 12:30:00,74,6,0.0,0.1548148148148148,0.0,0.2612,optimal
2021-02-11 13:00:00,74,6,0.0,0.0,0.0,0.30106666666666665,optimal
2021-02-11 13:30:00,74,6,0.8626400875555054,0.387037037037037,0.0,0.299,optimal
2021-02-11 14:00:00,74,6,1.1428571428571428,0.0,0.0,0.12233333333333331,optimal
2021-02-11 14:30:00,74,6,1.1428571428571428,0.0,0.0,0.2248666666666667,optimal
2021-02-11 15:00:00,74,6,1.1428571428571428,0.0,0.0,0.5044333333333333,optimal
2021-02-11 15:30:00,74,6,1.1428571428571428,0.23222222222222222,0.0,0.2741,optimal
2021-02-11 16:00:00,74,6,0.0,4.954074074074073,0.0,0.7669666666666667,optimal
2021-02-11 16:30:00,74,6,0.0,0.6192592592592592,0.0,1.2174666666666667,optimal
2021-02-11 17:00:00,74,6,0.0,0.387037037037037,0.0,0.8488,optimal
2021-02-11 17:30:00,74,6,0.0,0.46444444444444444,0.0,0.23566666666666664,optimal
2021-02-11 18:00:00,74,6,0.0,0.0,0.0,1.0871,optimal
2021-02-11 18:30:00,74,6,0.0,0.0,0.0,1.2651,optimal
2021-02-11 19:00:00,74,6,0.0,0.0,0.0,0.7828333333333334,optimal
2021-02-11 19:30:00,74,6,0.0,0.0,0.0,0.25706666666666667,optimal
2021-02-11 20:00:00,74,6,0.0,0.0,0.0,0.4234666666666666,optimal
2021-02-11 20:30:00,74,6,0.0,0.1548148148148148,0.0,0.4086,optimal
2021-02-11 21:00:00,74,6,0.0,0.23222222222222222,0.0,0.2068,optimal
2021-02-11 21:30:00,74,6,0.0,5.441740740740741,0.0,0.2931666666666667,optimal
2021-02-11 22:00:00,74,6,0.0,2.0667777777777783,0.0,0.3325,optimal
2021-02-11 22:30:00,74,6,0.0,7.121481481481481,0.0,0.22703333333333334,optimal
2021-02-11 23:00:00,74,6,0.0,0.0774074074074074,0.0,0.2357,optimal
2021-02-11 23:30:00,74,6,0.0,0.0,0.0,0.06866666666666667,optimal
2021-02-12 00:00:00,74,6,1.1428571428571428,0.0,0.0,0.06946666666666666,optimal
2021-02-12 00:30:00,74,6,1.1428571428571428,0.0,0.0,0.063,optimal
2021-02-12 01:00:00,74,6,1.1428571428571428,0.0,0.0,0.063,optimal
2021-02-12 01:30:00,74,6,1.1428571428571428,0.0,0.0,0.20013333333333333,optimal
2021-02-12 02:00:00,74,6,1.1428571428571428,0.0,0.0,0.063,optimal
2021-02-12 02:30:00,74,6,1.1428571428571428,0.0,0.0,0.19390000000000002,optimal
2021-02-12 03:00:00,74,6,1.1428571428571428,0.0,0.0,0.06923333333333334,optimal
2021-02-12 03:30:00,74,6,1.1428571428571428,0.0,0.0,0.10663333333333334,optimal
2021-02-12 04:00:00,74,6,1.1428571428571428,0.0,0.0,0.1565,optimal
2021-02-12 04:30:00,74,6,1.1428571428571428,0.0,0.0,0.063,optimal
2021-02-12 05:00:00,74,6,1.1428571428571428,0.0,4.667938335562472,0.20013333333333333,optimal
2021-02-12 05:30:00,74,6,1.1428571428571428,0.0,5.0,0.063,optimal
2021-02-12 06:00:00,74,6,1.1428571428571428,0.0,5.0,0.13156666666666667,optimal
2021-02-12 06:30:00,74,6,1.1428571428571428,0.0,5.0,0.16656666666666667,optimal
2021-02-12 07:00:00,74,6,1.1428571428571428,0.46444444444444444,5.0,0.3588,optimal
2021-02-12 07:30:00,74,6,1.1428571428571428,2.815768842571744,0.0,0.3696666666666667,optimal
2021-02-12 08:00:00,74,6,0.6537795534212283,0.46444444444444444,0.0,0.168,optimal
2021-02-12 08:30:00,74,6,0.6972315753006918,1.8577777777777778,0.0,0.5149,optimal
2021-02-12 09:00:00,74,6,0.6216598894218307,0.0,0.0,0.6437666666666666,optimal
2021-02-12 09:30:00,74,6,0.5335066963668057,0.23222222222222222,0.0,1.3357666666666668,optimal
2021-02-12 10:00:00,74,6,0.3598097863310189,0.0,0.0,0.33413333333333334,optimal
2021-02-12 10:30:00,74,6,0.38441050447685393,0.0,0.0,0.3439,optimal
2021-02-12 11:00:00,74,6,0.04550041362771043,0.1548148148148148,0.0,1.4808,optimal
2021-02-12 11:30:00,74,6,0.18900407482450568,0.0,0.0,0.22756666666666664,optimal
2021-02-12 12:00:00,74,6,0.1833085867164183,0.0,0.0,0.21013333333333334,optimal
2021-02-12 12:30:00,74,6,0.18664653362750613,0.3096296296296296,0.0,0.14806666666666665,optimal
2021-02-12 13:00:00,74,6,1.1428571428571428,0.0774074074074074,0.0,1.3124666666666667,optimal
2021-02-12 13:30:00,74,6,1.1428571428571428,0.1548148148148148,0.0,1.4118,optimal
2021-02-12 14:00:00,74,6,1.1428571428571428,0.774074074074074,0.0,0.1958,optimal
2021-02-12 14:30:00,74,6,1.1428571428571428,0.0,0.0,0.35736666666666667,optimal
2021-02-12 15:00:00,74,6,1.1428571428571428,0.0,0.0,0.16069999999999998,optimal
2021-02-12 15:30:00,74,6,1.1428571428571428,0.0,0.0,0.3379,optimal
2021-02-12 16:00:00,74,6,0.0,0.0,0.0,0.07923333333333334,optimal
2021-02-12 16:30:00,74,6,0.0,0.0,0.0,0.073,optimal
2021-02-12 17:00:00,74,6,0.0,0.0,0.0,0.073,optimal
2021-02-12 17:30:00,74,6,0.0,0.23222222222222222,0.0,0.22363333333333332,optimal
2021-02-12 18:00:00,74,6,0.0,0.0,0.0,0.10416666666666669,optimal
2021-02-12 18:30:00,74,6,0.0,0.0,0.0,0.11040000000000001,optimal
2021-02-12 19:00:00,74,6,0.0,0.387037037037037,0.0,0.9989333333333331,optimal
2021-02-12 19:30:00,74,6,0.09107488592300705,0.0,0.0,0.947,optimal
2021-02-12 20:00:00,74,6,0.5846074807400422,0.0,0.0,0.5510333333333333,optimal
2021-02-12 20:30:00,74,6,0.0,0.0,0.0,0.3554,optimal
2021-02-12 21:00:00,74,6,0.0,0.0,0.0,0.43726666666666664,optimal
2021-02-12 21:30:00,74,6,0.0,0.0,0.0,1.8025333333333333,optimal
2021-02-12 22:00:00,74,6,0.0,0.387037037037037,0.0,0.6383333333333334,optimal
2021-02-12 22:30:00,74,6,0.0,0.0,0.0,0.4004333333333333,optimal
2021-02-12 23:00:00,74,6,0.0,0.0,0.0,0.5134666666666667,optimal
2021-02-12 23:30:00,74,6,0.0,0.0,0.0,0.13133333333333333,optimal
2021-02-13 00:00:00,74,6,0.0,0.0,0.0,0.08933333333333333,optimal
2021-02-13 00:30:00,74,6,0.0,0.0,0.0,0.18976666666666667,optimal
2021-02-13 01:00:00,74,6,0.0,0.0,0.0,0.2211,optimal
2021-02-13 01:30:00,74,6,0.0,0.0,0.0,0.19166666666666662,optimal
2021-02-13 02:00:00,74,6,0.35453892869313036,0.0,0.0,0.1893333333333333,optimal
2021-02-13 02:30:00,74,6,1.1428571428571428,0.0,0.0,0.13019999999999998,optimal
2021-02-13 03:00:00,74,6,1.1428571428571428,0.0,0.0,0.27876666666666666,optimal
2021-02-13 03:30:00,74,6,1.1428571428571428,0.0,0.0,0.1507666666666667,optimal
2021-02-13 04:00:00,74,6,1.1428571428571428,0.0,1.3695274628922132,0.07453333333333333,optimal
2021-02-13 04:30:00,74,6,1.1428571428571428,0.0,5.0,0.344,optimal
2021-02-13 05:00:00,74,6,1.1428571428571428,0.0,5.0,0.074,optimal
2021-02-13 05:30:00,74,6,1.1428571428571428,0.0,5.0,0.12066666666666669,optimal
2021-02-13 06:00:00,74,6,1.1428571428571428,0.0,5.0,1.1135,optimal
2021-02-13 06:30:00,74,6,1.1428571428571428,0.46444444444444444,5.0,1.871,optimal
2021-02-13 07:00:00,74,6,1.1428571428571428,0.7167925925925925,0.0,2.624333333333333,optimal
2021-02-13 07:30:00,74,6,1.1428571428571428,1.8376518518518514,0.0,1.5175999999999998,optimal
2021-02-13 08:00:00,74,6,0.6998807084993881,2.8640740740740736,0.0,0.3659333333333333,optimal
2021-02-13 08:30:00,74,6,0.6075538935057114,0.1548148148148148,0.0,1.6279666666666668,optimal
2021-02-13 09:00:00,74,6,0.5171420854886156,0.0,0.0,0.7894333333333333,optimal
2021-02-13 09:30:00,74,6,0.6138908676630925,0.0,0.0,0.3955666666666667,optimal
2021-02-13 10:00:00,74,6,0.5343663813003088,0.0,0.0,0.23463333333333333,optimal
2021-02-13 10:30:00,74,6,0.5784033758304378,0.0,0.0,0.073,optimal
2021-02-13 11:00:00,74,6,0.3165122890756241,0.0,0.0,0.2502,optimal
2021-02-13 11:30:00,74,6,0.3046921407486138,0.0,0.0,0.23506666666666665,optimal
2021-02-13 12:00:00,74,6,0.05105649546072079,0.23222222222222222,0.0,0.5822666666666666,optimal
2021-02-13 12:30:00,74,6,0.05788286547337054,0.23222222222222222,0.0,0.545,optimal
2021-02-13 13:00:00,74,6,0.5077930812963252,0.0,0.0,0.4849666666666666,optimal
2021-02-13 13:30:00,74,6,1.1428571428571428,0.3096296296296296,0.0,0.5147999999999999,optimal
2021-02-13 14:00:00,74,6,1.1428571428571428,0.3096296296296296,0.0,0.48223333333333335,optimal
2021-02-13 14:30:00,74,6,1.1428571428571428,0.0,0.0,0.36310000000000003,optimal
2021-02-13 15:00:00,74,6,1.1428571428571428,0.0,0.0,0.2415,optimal
2021-02-13 15:30:00,74,6,1.1428571428571428,0.0,0.0,0.18953333333333333,optimal
2021-02-13 16:00:00,74,6,0.0,0.387037037037037,0.0,0.5644333333333332,optimal
2021-02-13 16:30:00,74,6,0.0,0.387037037037037,0.0,0.4132,optimal
2021-02-13 17:00:00,74,6,0.0,0.3096296296296296,0.0,0.5291,optimal
2021-02-13 17:30:00,74,6,0.0,0.387037037037037,0.0,0.41323333333333334,optimal
2021-02-13 18:00:00,74,6,0.0,0.5418518518518518,0.0,1.0415666666666665,optimal
2021-02-13 18:30:00,74,6,0.0,0.3096296296296296,0.0,1.2654333333333334,optimal
2021-02-13 19:00:00,74,6,0.0,2.1674074074074072,0.0,0.0872,optimal
2021-02-13 19:30:00,74,6,0.0,0.3096296296296296,0.0,0.4236666666666667,optimal
2021-02-13 20:00:00,74,6,0.0,0.0,0.0,0.9880666666666669,optimal
2021-02-13 20:30:00,74,6,0.0,0.0774074074074074,0.0,1.5456666666666667,optimal
2021-02-13 21:00:00,74,6,0.0,0.23222222222222222,0.0,0.16923333333333332,optimal
2021-02-13 21:30:00,74,6,0.0,0.0,0.0,0.7667333333333334,optimal
2021-02-13 22:00:00,74,6,0.0,2.8640740740740736,0.0,0.5349666666666667,optimal
2021-02-13 22:30:00,74,6,0.0,0.46444444444444444,0.0,0.5978333333333333,optimal
2021-02-13 23:00:00,74,6,0.0,0.0,0.0,0.09003333333333333,optimal
2021-02-13 23:30:00,74,6,0.0,0.0,0.0,0.1335,optimal
2021-02-07 00:00:00,75,6,0.0,0.0,0.0,0.057,optimal
2021-02-07 00:30:00,75,6,0.0,0.0,0.0,0.21906666666666663,optimal
2021-02-07 01:00:00,75,6,0.0,0.0,0.0,0.057,optimal
2021-02-07 01:30:00,75,6,0.0,0.0,0.0,0.1454,optimal
2021-02-07 02:00:00,75,6,0.0,0.0,0.0,0.13066666666666665,optimal
2021-02-07 02:30:00,75,6,0.0,0.0,0.0,0.057,optimal
2021-02-07 03:00:00,75,6,0.0,0.0,0.0,0.21906666666666663,optimal
2021-02-07 03:30:00,75,6,0.0,0.0,0.0,0.057,optimal
2021-02-07 04:00:00,75,6,1.1428571428571428,0.0,0.0,0.16013333333333332,optimal
2021-02-07 04:30:00,75,6,1.1428571428571428,0.0,0.0,0.11593333333333333,optimal
2021-02-07 05:00:00,75,6,1.1428571428571428,0.0,0.0,0.1012,optimal
2021-02-07 05:30:00,75,6,1.1428571428571428,0.1548148148148148,1.205984286901014,0.17713333333333334,optimal
2021-02-07 06:00:00,75,6,1.1428571428571428,2.5544444444444445,0.0,0.07426666666666666,optimal
2021-02-07 06:30:00,75,6,1.1428571428571428,0.6192592592592592,0.0,1.2488666666666666,optimal
2021-02-07 07:00:00,75,6,1.1428571428571428,0.23222222222222222,0.0,0.209,optimal
2021-02-07 07:30:00,75,6,0.0,5.65074074074074,0.0,0.5137,optimal
2021-02-07 08:00:00,75,6,0.0,0.3096296296296296,0.0,0.30656666666666665,optimal
2021-02-07 08:30:00,75,6,0.0,0.46444444444444444,0.0,1.2694,optimal
2021-02-07 09:00:00,75,6,0.0,0.23222222222222222,0.0,2.0419,optimal
2021-02-07 09:30:00,75,6,0.6233043919912223,0.0,0.0,0.09646666666666669,optimal
2021-02-07 10:00:00,75,6,0.62155391865036,0.0,0.0,0.14066666666666666,optimal
2021-02-07 10:30:00,75,6,0.32635421530437153,1.9351851851851851,0.0,2.4514333333333336,optimal
2021-02-07 11:00:00,75,6,0.11918217727753695,0.387037037037037,0.0,2.0604,optimal
2021-02-07 11:30:00,75,6,0.19051741537277467,0.1548148148148148,0.0,1.3850666666666667,optimal
2021-02-07 12:00:00,75,6,0.2969846553443562,0.387037037037037,0.0,0.9733999999999999,optimal
2021-02-07 12:30:00,75,6,0.27557132201103024,0.0774074074074074,0.0,1.0234,optimal
2021-02-07 13:00:00,75,6,1.1428571428571428,0.3096296296296296,0.0,0.12846666666666667,optimal
2021-02-07 13:30:00,75,6,1.1428571428571428,0.0,0.0,0.094,optimal
2021-02-07 14:00:00,75,6,1.1428571428571428,0.0,0.0,0.09933333333333332,optimal
2021-02-07 14:30:00,75,6,1.1428571428571428,0.387037037037037,0.0,1.2551666666666668,optimal
2021-02-07 15:00:00,75,6,1.1428571428571428,0.0,0.0,1.2432999999999998,optimal
2021-02-07 15:30:00,75,6,1.1428571428571428,1.1611111111111108,0.0,0.36673333333333336,optimal
2021-02-07 16:00:00,75,6,0.0,0.0,0.0,0.21416666666666662,optimal
2021-02-07 16:30:00,75,6,0.0,0.0,0.0,0.3508,optimal
2021-02-07 17:00:00,75,6,0.0,0.0,0.0,0.067,optimal
2021-02-07 17:30:00,75,6,0.0,0.5418518518518518,0.0,0.39030000000000004,optimal
2021-02-07 18:00:00,75,6,0.0,0.0,0.0,0.5244,optimal
2021-02-07 18:30:00,75,6,0.0,0.0,0.0,0.3407,optimal
2021-02-07 19:00:00,75,6,0.0,0.0,0.0,0.22169999999999998,optimal
2021-02-07 19:30:00,75,6,0.35023971988990515,0.0,0.0,0.067,optimal
2021-02-07 20:00:00,75,6,0.7277171448278669,0.0,0.0,0.22169999999999998,optimal
2021-02-07 20:30:00,75,6,0.0,0.0,0.0,0.07436666666666666,optimal
2021-02-07 21:00:00,75,6,0.0,0.0,0.0,0.067,optimal
2021-02-07 21:30:00,75,6,0.0,0.0,0.0,0.32293333333333335,optimal
2021-02-07 22:00:00,75,6,0.0,0.387037037037037,0.0,0.5551666666666666,optimal
2021-02-07 22:30:00,75,6,0.0,0.0,0.0,0.067,optimal
2021-02-07 23:00:00,75,6,0.0,0.0,0.0,0.1333,optimal
2021-02-07 23:30:00,75,6,0.0,0.0,0.0,0.16276666666666667,optimal
2021-02-08 00:00:00,75,6,0.0,0.0,0.0,0.06966666666666667,optimal
2021-02-08 00:30:00,75,6,0.0,0.0,0.0,0.21230000000000002,optimal
2021-02-08 01:00:00,75,6,0.0,0.0,0.0,0.16696666666666668,optimal
2021-02-08 01:30:00,75,6,0.7361662208807763,0.0,0.0,0.0845,optimal
2021-02-08 02:00:00,75,6,1.1428571428571428,0.0,0.0,0.24213333333333334,optimal
2021-02-08 02:30:00,75,6,1.1428571428571428,0.0,0.0,0.1123,optimal
2021-02-08 03:00:00,75,6,1.1428571428571428,0.0,0.0,0.2143333333333333,optimal
2021-02-08 03:30:00,75,6,1.1428571428571428,0.0,0.0,0.0847,optimal
2021-02-08 04:00:00,75,6,1.1428571428571428,0.0,0.0,0.1399,optimal
2021-02-08 04:30:00,75,6,1.1428571428571428,0.0,0.0,0.2143333333333333,optimal
2021-02-08 05:00:00,75,6,1.1428571428571428,0.0,0.0,0.1606,optimal
2021-02-08 05:30:00,75,6,1.1428571428571428,0.0,0.0,0.1255,optimal
2021-02-08 06:00:00,75,6,1.1428571428571428,0.0,1.966121589336557,0.1861,optimal
2021-02-08 06:30:00,75,6,1.1428571428571428,0.0774074074074074,5.0,0.15073333333333333,optimal
2021-02-08 07:00:00,75,6,1.1428571428571428,0.23222222222222222,5.0,0.338,optimal
2021-02-08 07:30:00,75,6,1.1428571428571428,1.1611111111111108,0.0,0.184,optimal
2021-02-08 08:00:00,75,6,0.5435530555839517,0.3096296296296296,0.0,0.5418666666666667,optimal
2021-02-08 08:30:00,75,6,0.6871647808093934,2.2448148148148146,0.0,0.2055,optimal
2021-02-08 09:00:00,75,6,0.5621718828649962,0.0774074074074074,0.0,0.3207333333333333,optimal
2021-02-08 09:30:00,75,6,0.5678161997887362,0.0,0.0,0.31793333333333335,optimal
2021-02-08 10:00:00,75,6,0.4036370216279321,0.0,0.0,0.194,optimal
2021-02-08 10:30:00,75,6,0.2909793713708666,0.0,0.0,0.5217333333333334,optimal
2021-02-08 11:00:00,75,6,0.1353121696369325,0.0,0.0,0.9620333333333332,optimal
2021-02-08 11:30:00,75,6,0.25167568250672795,0.0,0.0,0.5378333333333334,optimal
2021-02-08 12:00:00,75,6,0.19200699012849515,0.0,0.0,0.4331333333333333,optimal
2021-02-08 12:30:00,75,6,0.09150353967759624,0.0774074074074074,0.0,2.3464,optimal
2021-02-08 13:00:00,75,6,0.9818102229461654,0.23222222222222222,0.0,2.1924,optimal
2021-02-08 13:30:00,75,6,1.1428571428571428,0.0,0.0,0.1765,optimal
2021-02-08 14:00:00,75,6,1.1428571428571428,0.0,0.0,0.2184333333333333,optimal
2021-02-08 14:30:00,75,6,1.1428571428571428,0.0,0.0,0.074,optimal
2021-02-08 15:00:00,75,6,1.1428571428571428,0.0,0.0,0.2796,optimal
2021-02-08 15:30:00,75,6,1.1428571428571428,0.0,0.0,0.11533333333333332,optimal
2021-02-08 16:00:00,75,6,0.0,0.0,0.0,0.17053333333333334,optimal
2021-02-08 16:30:00,75,6,0.0,0.46444444444444444,0.0,0.42860000000000004,optimal
2021-02-08 17:00:00,75,6,0.0,0.0,0.0,0.074,optimal
2021-02-08 17:30:00,75,6,0.0,0.0,0.0,0.41236666666666666,optimal
2021-02-08 18:00:00,75,6,0.0,0.0,0.0,0.29836666666666667,optimal
2021-02-08 18:30:00,75,6,0.0,1.3933333333333333,0.0,0.9365333333333332,optimal
2021-02-08 19:00:00,75,6,0.0,0.1548148148148148,0.0,1.0395333333333332,optimal
2021-02-08 19:30:00,75,6,0.0,0.0774074074074074,0.0,0.4039,optimal
2021-02-08 20:00:00,75,6,0.0,1.9351851851851851,0.0,0.6315,optimal
2021-02-08 20:30:00,75,6,0.0,0.3096296296296296,0.0,0.5183666666666666,optimal
2021-02-08 21:00:00,75,6,0.0,0.1548148148148148,0.0,0.6411,optimal
2021-02-08 21:30:00,75,6,0.0,0.0,0.0,0.4296333333333333,optimal
2021-02-08 22:00:00,75,6,0.0,0.0,0.0,0.6269333333333332,optimal
2021-02-08 22:30:00,75,6,0.0,0.0,0.0,0.5433666666666667,optimal
2021-02-08 23:00:00,75,6,0.0,0.23222222222222222,0.0,0.33,optimal
2021-02-08 23:30:00,75,6,0.0,0.0,0.0,0.2916,optimal
2021-02-09 00:00:00,75,6,0.0,0.0,0.0,0.058,optimal
2021-02-09 00:30:00,75,6,0.0,0.0,0.0,0.1758,optimal
2021-02-09 01:00:00,75,6,0.0,0.0,0.0,0.14966666666666667,optimal
2021-02-09 01:30:00,75,6,0.037590259221098696,0.0,0.0,0.067,optimal
2021-02-09 02:00:00,75,6,1.1428571428571428,0.0,0.0,0.2584666666666666,optimal
2021-02-09 02:30:00,75,6,1.1428571428571428,0.0,0.0,0.058,optimal
2021-02-09 03:00:00,75,6,1.1428571428571428,0.0,0.0,0.1,optimal
2021-02-09 03:30:00,75,6,1.1428571428571428,0.0,0.0,0.14773333333333333,optimal
2021-02-09 04:00:00,75,6,1.1428571428571428,0.0,0.0,0.13573333333333332,optimal
2021-02-09 04:30:00,75,6,1.1428571428571428,0.0,0.0,0.112,optimal
2021-02-09 05:00:00,75,6,1.1428571428571428,0.0,0.0,0.058,optimal
2021-02-09 05:30:00,75,6,1.1428571428571428,0.0,0.0,0.2392,optimal
2021-02-09 06:00:00,75,6,1.1428571428571428,0.0,0.0,0.08626666666666667,optimal
2021-02-09 06:30:00,75,6,1.1428571428571428,0.0,2.5985851023366693,0.1428,optimal
2021-02-09 07:00:00,75,6,1.1428571428571428,0.46444444444444444,5.0,0.3698666666666667,optimal
2021-02-09 07:30:00,75,6,1.1428571428571428,0.0774074074074074,0.0,0.8782666666666666,optimal
2021-02-09 08:00:00,75,6,0.691810963565336,0.46444444444444444,0.0,0.23186666666666667,optimal
2021-02-09 08:30:00,75,6,0.8402457566795561,0.0,0.0,0.058,optimal
2021-02-09 09:00:00,75,6,0.7331271702685618,0.0,0.0,0.058,optimal
2021-02-09 09:30:00,75,6,0.6620348517350768,0.0,0.0,0.21280000000000002,optimal
2021-02-09 10:00:00,75,6,0.5350704944354776,0.0,0.0,0.058,optimal
2021-02-09 10:30:00,75,6,0.5243507051813892,0.0,0.0,0.05866666666666666,optimal
2021-02-09 11:00:00,75,6,0.301214670036787,0.0,0.0,0.19906666666666664,optimal
2021-02-09 11:30:00,75,6,0.30904214075740266,0.0,0.0,0.14306666666666668,optimal
2021-02-09 12:00:00,75,6,0.18130805812480835,0.0,0.0,0.11326666666666668,optimal
2021-02-09 12:30:00,75,6,0.21685201597561946,0.0,0.0,0.061666666666666654,optimal
2021-02-09 13:00:00,75,6,1.0465884831911423,0.0,0.0,0.10813333333333335,optimal
2021-02-09 13:30:00,75,6,1.1428571428571428,0.0,0.0,0.23033333333333328,optimal
2021-02-09 14:00:00,75,6,1.1428571428571428,0.0,0.0,0.064,optimal
2021-02-09 14:30:00,75,6,1.1428571428571428,0.0,0.0,0.2473333333333333,optimal
2021-02-09 15:00:00,75,6,1.1428571428571428,0.0,0.0,0.0948,optimal
2021-02-09 15:30:00,75,6,1.1428571428571428,0.0,0.0,0.19313333333333332,optimal
2021-02-09 16:00:00,75,6,0.0,0.0,0.0,0.14573333333333333,optimal
2021-02-09 16:30:00,75,6,0.0,0.0774074074074074,0.0,0.13556666666666667,optimal
2021-02-09 17:00:00,75,6,0.0,0.46444444444444444,0.0,0.20876666666666668,optimal
2021-02-09 17:30:00,75,6,0.0,0.23222222222222222,0.0,0.16596666666666668,optimal
2021-02-09 18:00:00,75,6,0.0,0.3096296296296296,0.0,0.39030000000000004,optimal
2021-02-09 18:30:00,75,6,0.0,0.0774074074074074,0.0,0.23483333333333328,optimal
2021-02-09 19:00:00,75,6,0.0,0.46444444444444444,0.0,0.12803333333333333,optimal
2021-02-09 19:30:00,75,6,0.0,0.0,0.0,0.3888666666666667,optimal
2021-02-09 20:00:00,75,6,0.0,0.1548148148148148,0.0,0.4018,optimal
2021-02-09 20:30:00,75,6,0.0,0.5418518518518518,0.0,0.32926666666666665,optimal
2021-02-09 21:00:00,75,6,0.0,0.0,0.0,0.5703333333333334,optimal
2021-02-09 21:30:00,75,6,0.0,0.0,0.0,1.480233333333333,optimal
2021-02-09 22:00:00,75,6,0.0,0.0774074074074074,0.0,1.1225666666666667,optimal
2021-02-09 22:30:00,75,6,0.0,0.0,0.0,0.5986,optimal
2021-02-09 23:00:00,75,6,0.0,0.5418518518518518,0.0,0.5563666666666667,optimal
2021-02-09 23:30:00,75,6,0.0,0.0,0.0,0.3349,optimal
2021-02-10 00:00:00,75,6,0.0,0.0,0.0,0.058,optimal
2021-02-10 00:30:00,75,6,0.0,0.0,0.0,0.22446666666666668,optimal
2021-02-10 01:00:00,75,6,0.0,0.0,0.0,0.058,optimal
2021-02-10 01:30:00,75,6,0.3965029583261999,0.0,0.0,0.058,optimal
2021-02-10 02:00:00,75,6,1.1428571428571428,0.0,0.0,0.2093333333333333,optimal
2021-02-10 02:30:00,75,6,1.1428571428571428,0.0,0.0,0.07313333333333334,optimal
2021-02-10 03:00:00,75,6,1.1428571428571428,0.0,0.0,0.1261,optimal
2021-02-10 03:30:00,75,6,1.1428571428571428,0.0,0.0,0.15636666666666668,optimal
2021-02-10 04:00:00,75,6,1.1428571428571428,0.0,0.0,0.058,optimal
2021-02-10 04:30:00,75,6,1.1428571428571428,0.0,0.0,0.058,optimal
2021-02-10 05:00:00,75,6,1.1428571428571428,0.0,0.0,0.22446666666666668,optimal
2021-02-10 05:30:00,75,6,1.1428571428571428,0.0,0.0,0.06066666666666666,optimal
2021-02-10 06:00:00,75,6,1.1428571428571428,0.0,1.1393219164614714,0.068,optimal
2021-02-10 06:30:00,75,6,1.1428571428571428,0.0774074074074074,5.0,0.2338,optimal
2021-02-10 07:00:00,75,6,1.1428571428571428,0.8514814814814814,5.0,1.308266666666667,optimal
2021-02-10 07:30:00,75,6,1.1428571428571428,0.6966666666666667,0.0,0.8357666666666667,optimal
2021-02-10 08:00:00,75,6,0.7044396767656297,0.0,0.0,0.8973666666666666,optimal
2021-02-10 08:30:00,75,6,0.8539743215528307,0.0,0.0,0.06066666666666666,optimal
2021-02-10 09:00:00,75,6,0.6855321748915925,0.0,0.0,0.23446666666666666,optimal
2021-02-10 09:30:00,75,6,0.7245182482502276,0.0,0.0,0.068,optimal
2021-02-10 10:00:00,75,6,0.5339318205257465,0.0,0.0,0.068,optimal
2021-02-10 10:30:00,75,6,0.4950713755447259,0.0,0.0,0.17816666666666667,optimal
2021-02-10 11:00:00,75,6,0.380076349014333,0.0,0.0,0.11096666666666669,optimal
2021-02-10 11:30:00,75,6,0.3909217666460243,0.0,0.0,0.058333333333333334,optimal
2021-02-10 12:00:00,75,6,0.2239860840190624,0.0,0.0,0.068,optimal
2021-02-10 12:30:00,75,6,0.1893956078285808,0.0,0.0,0.18773333333333328,optimal
2021-02-10 13:00:00,75,6,0.2485028763700116,0.0,0.0,0.1034,optimal
2021-02-10 13:30:00,75,6,1.1428571428571428,0.0,0.0,0.1034,optimal
2021-02-10 14:00:00,75,6,1.1428571428571428,0.0,0.0,0.17906666666666665,optimal
2021-02-10 14:30:00,75,6,1.1428571428571428,0.0,0.0,0.07666666666666667,optimal
2021-02-10 15:00:00,75,6,1.1428571428571428,0.0,0.0,0.08903333333333333,optimal
2021-02-10 15:30:00,75,6,1.1428571428571428,0.0,0.0,1.6767,optimal
2021-02-10 16:00:00,75,6,0.0,0.0,0.0,0.3416666666666667,optimal
2021-02-10 16:30:00,75,6,0.0,0.6192592592592592,0.0,1.6375,optimal
2021-02-10 17:00:00,75,6,0.0,0.6192592592592592,0.0,1.6850666666666667,optimal
2021-02-10 17:30:00,75,6,0.0,0.0774074074074074,0.0,0.38716666666666666,optimal
2021-02-10 18:00:00,75,6,0.0,0.23222222222222222,0.0,0.33093333333333336,optimal
2021-02-10 18:30:00,75,6,0.0,0.5418518518518518,0.0,0.2599666666666666,optimal
2021-02-10 19:00:00,75,6,0.0,0.23222222222222222,0.0,1.0706666666666667,optimal
2021-02-10 19:30:00,75,6,0.0,0.8514814814814814,0.0,0.3314,optimal
2021-02-10 20:00:00,75,6,0.0,0.23222222222222222,0.0,0.29819999999999997,optimal
2021-02-10 20:30:00,75,6,0.0,0.0,0.0,0.38646666666666657,optimal
2021-02-10 21:00:00,75,6,0.0,0.0774074074074074,0.0,0.2815666666666667,optimal
2021-02-10 21:30:00,75,6,0.0,2.7092592592592597,0.0,0.34546666666666664,optimal
2021-02-10 22:00:00,75,6,0.0,0.0,0.0,0.6582666666666667,optimal
2021-02-10 22:30:00,75,6,0.0,0.0774074074074074,0.0,0.22573333333333329,optimal
2021-02-10 23:00:00,75,6,0.0,0.0,0.0,0.068,optimal
2021-02-10 23:30:00,75,6,0.0,0.0,0.0,0.09826666666666668,optimal
2021-02-11 00:00:00,75,6,0.9062208539935663,0.0,0.0,0.09446666666666668,optimal
2021-02-11 00:30:00,75,6,1.1428571428571428,0.0,0.0,0.10553333333333331,optimal
2021-02-11 01:00:00,75,6,1.1428571428571428,0.0,0.0,0.22440000000000002,optimal
2021-02-11 01:30:00,75,6,1.1428571428571428,0.0,0.0,0.11040000000000001,optimal
2021-02-11 02:00:00,75,6,1.1428571428571428,0.0,0.0,0.052,optimal
2021-02-11 02:30:00,75,6,1.1428571428571428,0.0,0.0,0.052,optimal
2021-02-11 03:00:00,75,6,1.1428571428571428,0.0,0.0,0.2524666666666667,optimal
2021-02-11 03:30:00,75,6,1.1428571428571428,0.0,0.0,0.08233333333333333,optimal
2021-02-11 04:00:00,75,6,1.1428571428571428,0.0,0.0,0.2039333333333333,optimal
2021-02-11 04:30:00,75,6,1.1428571428571428,0.0,0.0,0.1308666666666667,optimal
2021-02-11 05:00:00,75,6,1.1428571428571428,0.0,0.0,0.14933333333333335,optimal
2021-02-11 05:30:00,75,6,1.1428571428571428,0.0,0.0,0.18546666666666667,optimal
2021-02-11 06:00:00,75,6,1.1428571428571428,0.0,2.2012918565443624,0.06659999999999999,optimal
2021-02-11 06:30:00,75,6,1.1428571428571428,0.0,5.0,0.2226,optimal
2021-02-11 07:00:00,75,6,1.1428571428571428,0.0,5.0,0.10693333333333334,optimal
2021-02-11 07:30:00,75,6,1.1428571428571428,0.0,0.0,0.10353333333333331,optimal
2021-02-11 08:00:00,75,6,0.6768750411920841,0.46444444444444444,0.0,1.3873666666666666,optimal
2021-02-11 08:30:00,75,6,0.467613581411202,0.0,0.0,1.0413,optimal
2021-02-11 09:00:00,75,6,0.5723906884874967,0.8514814814814814,0.0,0.1984,optimal
2021-02-11 09:30:00,75,6,0.47236388893431464,0.0,0.0,0.35206666666666664,optimal
2021-02-11 10:00:00,75,6,0.20509834697891635,0.8514814814814814,0.0,0.26039999999999996,optimal
2021-02-11 10:30:00,75,6,0.24000679356968202,0.0,0.0,0.3827,optimal
2021-02-11 11:00:00,75,6,0.14520148155920773,0.387037037037037,0.0,0.27586666666666665,optimal
2021-02-11 11:30:00,75,6,0.08693735189218389,0.23222222222222222,0.0,0.2959,optimal
2021-02-11 12:00:00,75,6,0.0,0.23222222222222222,0.0,0.47143333333333326,optimal
2021-02-11 12:30:00,75,6,0.0,0.0,0.0,0.1993,optimal
2021-02-11 13:00:00,75,6,1.1428571428571428,1.6658074074074074,0.0,0.38753333333333334,optimal
2021-02-11 13:30:00,75,6,1.1428571428571428,3.4430814814814816,0.0,0.1805,optimal
2021-02-11 14:00:00,75,6,1.1428571428571428,0.0,0.0,0.11876666666666667,optimal
2021-02-11 14:30:00,75,6,1.1428571428571428,0.0,0.0,0.26253333333333334,optimal
2021-02-11 15:00:00,75,6,1.1428571428571428,0.0,0.0,0.062,optimal
2021-02-11 15:30:00,75,6,1.1428571428571428,0.0,0.0,0.062,optimal
2021-02-11 16:00:00,75,6,0.0,0.0,0.0,0.062,optimal
2021-02-11 16:30:00,75,6,0.0,0.0,0.0,0.15933333333333335,optimal
2021-02-11 17:00:00,75,6,0.0,0.0,0.0,0.19546666666666668,optimal
2021-02-11 17:30:00,75,6,0.0,0.0,0.0,0.3505,optimal
2021-02-11 18:00:00,75,6,0.0,0.6192592592592592,0.0,0.2708,optimal
2021-02-11 18:30:00,75,6,0.0,0.0,0.0,0.9646666666666667,optimal
2021-02-11 19:00:00,75,6,0.0,0.23222222222222222,0.0,3.5363,optimal
2021-02-11 19:30:00,75,6,0.0,2.4770370370370367,0.0,3.7793333333333337,optimal
2021-02-11 20:00:00,75,6,0.06858577368686933,0.23222222222222222,0.0,1.3912,optimal
2021-02-11 20:30:00,75,6,0.0,0.3096296296296296,0.0,0.2734,optimal
2021-02-11 21:00:00,75,6,0.0,0.0,0.0,0.2694,optimal
2021-02-11 21:30:00,75,6,0.0,0.0,0.0,0.5498,optimal
2021-02-11 22:00:00,75,6,0.0,0.387037037037037,0.0,0.7182000000000001,optimal
2021-02-11 22:30:00,75,6,0.0,0.1548148148148148,0.0,0.14766666666666667,optimal
2021-02-11 23:00:00,75,6,0.0,0.0774074074074074,0.0,0.23733333333333329,optimal
2021-02-11 23:30:00,75,6,0.0,0.0,0.0,0.2401,optimal
2021-02-12 00:00:00,75,6,1.1428571428571428,0.0,0.0,0.06,optimal
2021-02-12 00:30:00,75,6,1.1428571428571428,0.0,0.0,0.0706,optimal
2021-02-12 01:00:00,75,6,1.1428571428571428,0.0,0.0,0.24156666666666662,optimal
2021-02-12 01:30:00,75,6,1.1428571428571428,0.0,0.0,0.0803,optimal
2021-02-12 02:00:00,75,6,1.1428571428571428,0.0,0.0,0.19066666666666662,optimal
2021-02-12 02:30:00,75,6,1.1428571428571428,0.0,0.0,0.223,optimal
2021-02-12 03:00:00,75,6,1.1428571428571428,0.0,0.0,0.1024,optimal
2021-02-12 03:30:00,75,6,1.1428571428571428,0.0,0.0,0.21653333333333333,optimal
2021-02-12 04:00:00,75,6,1.1428571428571428,0.0,0.0,0.15473333333333333,optimal
2021-02-12 04:30:00,75,6,1.1428571428571428,0.0,0.0,0.06,optimal
2021-02-12 05:00:00,75,6,1.1428571428571428,0.23222222222222222,0.0,0.2894,optimal
2021-02-12 05:30:00,75,6,1.1428571428571428,0.0,0.0,0.10946666666666668,optimal
2021-02-12 06:00:00,75,6,1.1428571428571428,0.0,0.05064570483078138,0.1418,optimal
2021-02-12 06:30:00,75,6,1.1428571428571428,0.0,5.0,0.286,optimal
2021-02-12 07:00:00,75,6,1.1428571428571428,3.3285185185185178,5.0,2.2386666666666666,optimal
2021-02-12 07:30:00,75,6,1.1428571428571428,3.8905181348681244,0.0,1.6144,optimal
2021-02-12 08:00:00,75,6,0.8193414581831309,2.5916000000000006,0.0,0.24359999999999998,optimal
2021-02-12 08:30:00,75,6,0.8210315753006906,2.5544444444444445,0.0,0.2404333333333333,optimal
2021-02-12 09:00:00,75,6,0.5342989370408856,5.65074074074074,0.0,0.5701,optimal
2021-02-12 09:30:00,75,6,0.30719717255728407,0.46444444444444444,0.0,1.4696,optimal
2021-02-12 10:00:00,75,6,0.35495264347387734,0.6966666666666667,0.0,0.2771666666666667,optimal
2021-02-12 10:30:00,75,6,0.4430962187625674,0.0,0.0,0.1773,optimal
2021-02-12 11:00:00,75,6,0.28621469934199917,0.0,0.0,0.08353333333333333,optimal
2021-02-12 11:30:00,75,6,0.24927074149118134,0.0,0.0,0.20533333333333328,optimal
2021-02-12 12:00:00,75,6,0.20768001528785512,0.0,0.0,0.12653333333333333,optimal
2021-02-12 12:30:00,75,6,0.1636027241036962,0.0,0.0,0.2733,optimal
2021-02-12 13:00:00,75,6,1.1428571428571428,0.0,0.0,0.10383333333333332,optimal
2021-02-12 13:30:00,75,6,1.1428571428571428,0.0,0.0,0.1336,optimal
2021-02-12 14:00:00,75,6,1.1428571428571428,0.0,0.0,0.26526666666666665,optimal
2021-02-12 14:30:00,75,6,1.1428571428571428,0.1548148148148148,0.0,0.18956666666666663,optimal
2021-02-12 15:00:00,75,6,1.1428571428571428,0.0,0.0,0.12413333333333335,optimal
2021-02-12 15:30:00,75,6,1.1428571428571428,0.0,0.0,0.2459333333333333,optimal
2021-02-12 16:00:00,75,6,0.0,0.0,0.0,0.07,optimal
2021-02-12 16:30:00,75,6,0.0,0.0,0.0,0.2138333333333333,optimal
2021-02-12 17:00:00,75,6,0.0,0.0,0.0,0.2198333333333333,optimal
2021-02-12 17:30:00,75,6,0.0,0.0,0.0,0.1336,optimal
2021-02-12 18:00:00,75,6,0.0,0.387037037037037,0.0,0.34953333333333336,optimal
2021-02-12 18:30:00,75,6,0.0,2.3222222222222215,0.0,0.1705,optimal
2021-02-12 19:00:00,75,6,0.0,0.6192592592592592,0.0,0.21586666666666668,optimal
2021-02-12 19:30:00,75,6,0.13868652171251925,0.0774074074074074,0.0,0.5250666666666667,optimal
2021-02-12 20:00:00,75,6,0.6070512902638526,0.46444444444444444,0.0,0.21836666666666668,optimal
2021-02-12 20:30:00,75,6,0.0,0.0,0.0,0.3317,optimal
2021-02-12 21:00:00,75,6,0.0,0.0,0.0,0.3678666666666667,optimal
2021-02-12 21:30:00,75,6,0.0,0.0,0.0,0.30193333333333333,optimal
2021-02-12 22:00:00,75,6,0.0,0.1548148148148148,0.0,0.40413333333333334,optimal
2021-02-12 22:30:00,75,6,0.0,0.0,0.0,0.1512,optimal
2021-02-12 23:00:00,75,6,0.0,0.0,0.0,0.08766666666666667,optimal
2021-02-12 23:30:00,75,6,0.0,0.0,0.0,0.13333333333333333,optimal
2021-02-13 00:00:00,75,6,0.0,0.0,0.0,0.058,optimal
2021-02-13 00:30:00,75,6,0.0,0.0,0.0,0.115,optimal
2021-02-13 01:00:00,75,6,0.6870055303794076,0.0,0.0,0.22393333333333332,optimal
2021-02-13 01:30:00,75,6,1.1428571428571428,0.0,0.0,0.11259999999999999,optimal
2021-02-13 02:00:00,75,6,1.1428571428571428,0.0,0.0,0.0619,optimal
2021-02-13 02:30:00,75,6,1.1428571428571428,0.0,0.0,0.30196666666666666,optimal
2021-02-13 03:00:00,75,6,1.1428571428571428,0.0,0.0,0.08766666666666667,optimal
2021-02-13 03:30:00,75,6,1.1428571428571428,0.0,0.0,0.077,optimal
2021-02-13 04:00:00,75,6,1.1428571428571428,0.0,0.0,0.2809333333333333,optimal
2021-02-13 04:30:00,75,6,1.1428571428571428,0.0,0.0,0.09359999999999999,optimal
2021-02-13 05:00:00,75,6,1.1428571428571428,0.0,0.0,0.14666666666666667,optimal
2021-02-13 05:30:00,75,6,1.1428571428571428,0.0,1.0918941494089185,0.19419999999999998,optimal
2021-02-13 06:00:00,75,6,1.1428571428571428,0.0,5.0,0.138,optimal
2021-02-13 06:30:00,75,6,1.1428571428571428,0.0,5.0,0.12766666666666668,optimal
2021-02-13 07:00:00,75,6,1.1428571428571428,0.5418518518518518,5.0,0.12686666666666666,optimal
2021-02-13 07:30:00,75,6,1.1428571428571428,1.7803703703703702,0.0,0.6627333333333334,optimal
2021-02-13 08:00:00,75,6,0.6680092799279568,0.3096296296296296,0.0,0.6197666666666667,optimal
2021-02-13 08:30:00,75,6,0.8830853220771416,0.0,0.0,0.07579999999999999,optimal
2021-02-13 09:00:00,75,6,0.7361916092981403,0.0,0.0,0.21646666666666667,optimal
2021-02-13 09:30:00,75,6,0.7367289629011926,0.0,0.0,0.17706666666666665,optimal
2021-02-13 10:00:00,75,6,0.5618330479669698,0.0,0.0,0.12819999999999998,optimal
2021-02-13 10:30:00,75,6,0.5604128996399712,0.0,0.0,0.12566666666666668,optimal
2021-02-13 11:00:00,75,6,0.32857895574229223,0.0,0.0,0.19766666666666663,optimal
2021-02-13 11:30:00,75,6,0.22359690265337695,0.0,0.0,0.4106,optimal
2021-02-13 12:00:00,75,6,0.15907554307976388,0.0,0.0,0.33073333333333327,optimal
2021-02-13 12:30:00,75,6,0.21794953214003915,0.0,0.0,0.10966666666666669,optimal
2021-02-13 13:00:00,75,6,0.9162437230474153,0.0,0.0,0.12819999999999998,optimal
2021-02-13 13:30:00,75,6,1.1428571428571428,0.0,0.0,0.06466666666666668,optimal
2021-02-13 14:00:00,75,6,1.1428571428571428,0.0,0.0,0.34086666666666665,optimal
2021-02-13 14:30:00,75,6,1.1428571428571428,0.0,0.0,0.058,optimal
2021-02-13 15:00:00,75,6,1.1428571428571428,0.0,0.0,0.12853333333333333,optimal
2021-02-13 15:30:00,75,6,1.1428571428571428,0.0,0.0,0.20413333333333333,optimal
2021-02-13 16:00:00,75,6,0.0,0.1548148148148148,0.0,0.2662,optimal
2021-02-13 16:30:00,75,6,0.0,0.0,0.0,0.43473333333333336,optimal
2021-02-13 17:00:00,75,6,0.0,0.0,0.0,0.5157999999999999,optimal
2021-02-13 17:30:00,75,6,0.0,0.0,0.0,0.4280333333333334,optimal
2021-02-13 18:00:00,75,6,0.0,3.2155037037037038,0.0,2.161033333333333,optimal
2021-02-13 18:30:00,75,6,0.0,0.7322740740740741,0.0,0.6512,optimal
2021-02-13 19:00:00,75,6,0.0,0.1548148148148148,0.0,0.44876666666666665,optimal
2021-02-13 19:30:00,75,6,0.0,0.0,0.0,0.3831666666666667,optimal
2021-02-13 20:00:00,75,6,0.0,0.5418518518518518,0.0,0.5169333333333332,optimal
2021-02-13 20:30:00,75,6,0.0,0.0,0.0,0.36333333333333334,optimal
2021-02-13 21:00:00,75,6,0.0,3.5839629629629624,0.0,0.3033333333333333,optimal
2021-02-13 21:30:00,75,6,0.0,2.7634444444444446,0.0,0.2966666666666667,optimal
2021-02-13 22:00:00,75,6,0.0,1.9351851851851851,0.0,0.3264666666666666,optimal
2021-02-13 22:30:00,75,6,0.0,0.387037037037037,0.0,0.31193333333333334,optimal
2021-02-13 23:00:00,75,6,0.0,0.0,0.0,0.1382,optimal
2021-02-13 23:30:00,75,6,0.0,0.0,0.0,0.2326,optimal
2021-02-07 00:00:00,76,6,0.0,0.0,0.0,0.0714,optimal
2021-02-07 00:30:00,76,6,0.0,0.0,0.0,0.12840000000000001,optimal
2021-02-07 01:00:00,76,6,0.0,0.0,0.0,0.06,optimal
2021-02-07 01:30:00,76,6,0.0,0.0,0.0,0.09923333333333333,optimal
2021-02-07 02:00:00,76,6,0.0,0.0,0.0,1.6504,optimal
2021-02-07 02:30:00,76,6,0.0,0.0,0.0,0.1287333333333333,optimal
2021-02-07 03:00:00,76,6,0.0,0.0,0.0,0.1398,optimal
2021-02-07 03:30:00,76,6,0.0,0.0,0.0,0.06,optimal
2021-02-07 04:00:00,76,6,1.1428571428571428,0.0,0.0,0.06,optimal
2021-02-07 04:30:00,76,6,1.1428571428571428,0.0,0.0,0.06,optimal
2021-02-07 05:00:00,76,6,1.1428571428571428,0.0,0.0,0.1398,optimal
2021-02-07 05:30:00,76,6,1.1428571428571428,0.0,0.0,0.06,optimal
2021-02-07 06:00:00,76,6,1.1428571428571428,0.0,0.0,0.0828,optimal
2021-02-07 06:30:00,76,6,1.1428571428571428,0.0,0.0,0.117,optimal
2021-02-07 07:00:00,76,6,1.1428571428571428,4.644444444444443,1.7076336144509696,0.249,optimal
2021-02-07 07:30:00,76,6,0.0,0.1548148148148148,0.0,0.4331666666666667,optimal
2021-02-07 08:00:00,76,6,0.0,0.5418518518518518,0.0,0.3486,optimal
2021-02-07 08:30:00,76,6,0.0,0.0,0.0,0.46443333333333325,optimal
2021-02-07 09:00:00,76,6,0.40940094090174234,0.0,0.0,0.48310000000000003,optimal
2021-02-07 09:30:00,76,6,0.5511718663007359,0.1548148148148148,0.0,0.198,optimal
2021-02-07 10:00:00,76,6,0.4169062996027452,0.387037037037037,0.0,0.4129,optimal
2021-02-07 10:30:00,76,6,0.4819846914948515,0.1548148148148148,0.0,0.38046666666666656,optimal
2021-02-07 11:00:00,76,6,0.38076979632515434,0.0,0.0,0.4601,optimal
2021-02-07 11:30:00,76,6,0.3908555106108685,0.0,0.0,0.3038,optimal
2021-02-07 12:00:00,76,6,0.7091938066919955,0.23222222222222222,0.0,0.3168333333333333,optimal
2021-02-07 12:30:00,76,6,1.1428571428571428,0.0,0.0,0.159,optimal
2021-02-07 13:00:00,76,6,1.1428571428571428,0.3096296296296296,0.0,0.13056666666666666,optimal
2021-02-07 13:30:00,76,6,1.1428571428571428,0.23222222222222222,0.0,0.16736666666666666,optimal
2021-02-07 14:00:00,76,6,1.1428571428571428,0.0,0.0,0.17996666666666666,optimal
2021-02-07 14:30:00,76,6,1.1428571428571428,0.0,0.0,0.22513333333333332,optimal
2021-02-07 15:00:00,76,6,1.1428571428571428,0.0,0.0,0.07,optimal
2021-02-07 15:30:00,76,6,1.1428571428571428,0.0,0.0,0.1156,optimal
2021-02-07 16:00:00,76,6,0.0,0.0,0.0,0.1042,optimal
2021-02-07 16:30:00,76,6,0.0,0.0,0.0,0.07,optimal
2021-02-07 17:00:00,76,6,0.0,0.0,0.0,0.1441,optimal
2021-02-07 17:30:00,76,6,0.0,0.23222222222222222,0.0,0.11336666666666666,optimal
2021-02-07 18:00:00,76,6,0.0,0.0,0.0,0.07,optimal
2021-02-07 18:30:00,76,6,0.0,0.0,0.0,0.07,optimal
2021-02-07 19:00:00,76,6,0.0,0.0,0.0,0.30556666666666665,optimal
2021-02-07 19:30:00,76,6,0.4768980972088234,0.23222222222222222,0.0,0.4558666666666667,optimal
2021-02-07 20:00:00,76,6,0.4966504781611958,0.0,0.0,0.43539999999999995,optimal
2021-02-07 20:30:00,76,6,0.0,0.387037037037037,0.0,0.38326666666666664,optimal
2021-02-07 21:00:00,76,6,0.0,0.23222222222222222,0.0,0.3256,optimal
2021-02-07 21:30:00,76,6,0.0,0.0,0.0,0.2368,optimal
2021-02-07 22:00:00,76,6,0.0,0.0,0.0,0.3072,optimal
2021-02-07 22:30:00,76,6,0.0,0.0,0.0,0.07,optimal
2021-02-07 23:00:00,76,6,0.0,0.0,0.0,0.07,optimal
2021-02-07 23:30:00,76,6,0.0,0.0,0.0,0.10186666666666666,optimal
2021-02-08 00:00:00,76,6,0.0,0.0,0.0,0.162,optimal
2021-02-08 00:30:00,76,6,0.0,0.0,0.0,0.06,optimal
2021-02-08 01:00:00,76,6,0.0,0.23222222222222222,0.0,0.36560000000000004,optimal
2021-02-08 01:30:00,76,6,0.24531838940348377,0.0,0.0,0.10733333333333331,optimal
2021-02-08 02:00:00,76,6,1.1428571428571428,0.0,0.0,0.16166666666666665,optimal
2021-02-08 02:30:00,76,6,1.1428571428571428,0.0,0.0,0.20406666666666665,optimal
2021-02-08 03:00:00,76,6,1.1428571428571428,0.0,0.0,0.06,optimal
2021-02-08 03:30:00,76,6,1.1428571428571428,0.0,0.0,0.2852333333333333,optimal
2021-02-08 04:00:00,76,6,1.1428571428571428,0.0,1.1147454589421775,0.08783333333333333,optimal
2021-02-08 04:30:00,76,6,1.1428571428571428,0.0,5.0,0.2037333333333333,optimal
2021-02-08 05:00:00,76,6,1.1428571428571428,0.0,5.0,0.06,optimal
2021-02-08 05:30:00,76,6,1.1428571428571428,0.0,5.0,0.06,optimal
2021-02-08 06:00:00,76,6,1.1428571428571428,0.0,5.0,0.2037333333333333,optimal
2021-02-08 06:30:00,76,6,1.1428571428571428,0.0,5.0,0.069,optimal
2021-02-08 07:00:00,76,6,1.1428571428571428,0.1548148148148148,5.0,0.39813333333333334,optimal
2021-02-08 07:30:00,76,6,1.1428571428571428,0.387037037037037,0.0,1.7552,optimal
2021-02-08 08:00:00,76,6,0.5658044841553777,0.387037037037037,0.0,2.0340666666666665,optimal
2021-02-08 08:30:00,76,6,0.6556123998570141,0.46444444444444444,0.0,1.0868666666666666,optimal
2021-02-08 09:00:00,76,6,0.5061471209602393,0.0,0.0,2.340266666666667,optimal
2021-02-08 09:30:00,76,6,0.46857239026492387,0.1548148148148148,0.0,2.426333333333333,optimal
2021-02-08 10:00:00,76,6,0.4042046406755534,0.8514814814814814,0.0,0.4838,optimal
2021-02-08 10:30:00,76,6,0.4466212761327639,0.0,0.0,0.12026666666666667,optimal
2021-02-08 11:00:00,76,6,0.14314074106551092,0.23222222222222222,0.0,2.3881666666666663,optimal
2021-02-08 11:30:00,76,6,0.22063377774482482,0.3096296296296296,0.0,0.407,optimal
2021-02-08 12:00:00,76,6,0.130426037747542,0.0,0.0,1.2296666666666667,optimal
2021-02-08 12:30:00,76,6,0.20837020634426154,0.0,0.0,0.24669999999999997,optimal
2021-02-08 13:00:00,76,6,0.12491910909877846,0.0,0.0,0.4906333333333333,optimal
2021-02-08 13:30:00,76,6,0.8832369871790375,0.0,0.0,0.43806666666666666,optimal
2021-02-08 14:00:00,76,6,1.1428571428571428,2.2448148148148146,0.0,0.3999333333333333,optimal
2021-02-08 14:30:00,76,6,1.1428571428571428,0.0,0.0,2.506733333333333,optimal
2021-02-08 15:00:00,76,6,1.1428571428571428,0.0,0.0,0.26646666666666663,optimal
2021-02-08 15:30:00,76,6,1.1428571428571428,0.1548148148148148,0.0,0.32953333333333334,optimal
2021-02-08 16:00:00,76,6,0.0,0.0,0.0,0.35656666666666664,optimal
2021-02-08 16:30:00,76,6,0.0,0.3096296296296296,0.0,2.031,optimal
2021-02-08 17:00:00,76,6,0.0,0.5418518518518518,0.0,0.2899333333333333,optimal
2021-02-08 17:30:00,76,6,0.0,0.774074074074074,0.0,0.292,optimal
2021-02-08 18:00:00,76,6,0.0,1.470740740740741,0.0,1.782733333333333,optimal
2021-02-08 18:30:00,76,6,0.0,0.2740222222222222,0.0,2.8501999999999996,optimal
2021-02-08 19:00:00,76,6,0.0,0.19042222222222224,0.0,2.7141333333333333,optimal
2021-02-08 19:30:00,76,6,0.0,0.0,0.0,0.9045,optimal
2021-02-08 20:00:00,76,6,0.0,0.1548148148148148,0.0,0.2415,optimal
2021-02-08 20:30:00,76,6,0.0,0.23222222222222222,0.0,0.30343333333333333,optimal
2021-02-08 21:00:00,76,6,0.0,2.1674074074074072,0.0,2.350833333333333,optimal
2021-02-08 21:30:00,76,6,0.0,0.0774074074074074,0.0,0.19806666666666664,optimal
2021-02-08 22:00:00,76,6,0.0,1.7029629629629628,0.0,0.9350666666666668,optimal
2021-02-08 22:30:00,76,6,0.0,0.0774074074074074,0.0,1.961266666666667,optimal
2021-02-08 23:00:00,76,6,0.0,0.0,0.0,2.517,optimal
2021-02-08 23:30:00,76,6,0.0,0.0774074074074074,0.0,0.7494666666666667,optimal
2021-02-09 00:00:00,76,6,0.0,0.0,0.0,0.05433333333333334,optimal
2021-02-09 00:30:00,76,6,0.0,0.0,0.0,0.061666666666666654,optimal
2021-02-09 01:00:00,76,6,0.0,0.0,0.0,0.063,optimal
2021-02-09 01:30:00,76,6,0.6462960880413,0.0,0.0,0.063,optimal
2021-02-09 02:00:00,76,6,1.1428571428571428,0.0,0.0,0.063,optimal
2021-02-09 02:30:00,76,6,1.1428571428571428,0.0,0.0,0.063,optimal
2021-02-09 03:00:00,76,6,1.1428571428571428,0.0,0.0,0.063,optimal
2021-02-09 03:30:00,76,6,1.1428571428571428,0.0,0.0,0.063,optimal
2021-02-09 04:00:00,76,6,1.1428571428571428,0.0,0.0,0.063,optimal
2021-02-09 04:30:00,76,6,1.1428571428571428,0.0,0.0,0.063,optimal
2021-02-09 05:00:00,76,6,1.1428571428571428,0.0,0.0,0.063,optimal
2021-02-09 05:30:00,76,6,1.1428571428571428,0.0,0.0,0.063,optimal
2021-02-09 06:00:00,76,6,1.1428571428571428,0.0,3.2337505278078695,0.063,optimal
2021-02-09 06:30:00,76,6,1.1428571428571428,0.23222222222222222,5.0,0.0632,optimal
2021-02-09 07:00:00,76,6,1.1428571428571428,2.7866666666666666,5.0,0.074,optimal
2021-02-09 07:30:00,76,6,1.1428571428571428,0.46444444444444444,0.0,0.07313333333333334,optimal
2021-02-09 08:00:00,76,6,0.4865862016605796,0.46444444444444444,0.0,0.9387000000000001,optimal
2021-02-09 08:30:00,76,6,0.4221505185843174,0.1548148148148148,0.0,1.163,optimal
2021-02-09 09:00:00,76,6,0.4282700274114185,0.1548148148148148,0.0,0.3305,optimal
2021-02-09 09:30:00,76,6,0.3717777088779306,0.387037037037037,0.0,1.2037,optimal
2021-02-09 10:00:00,76,6,0.35008954205451764,0.0,0.0,0.074,optimal
2021-02-09 10:30:00,76,6,0.2967888004194777,0.0,0.0,0.23236666666666667,optimal
2021-02-09 11:00:00,76,6,0.11251943194155124,0.5418518518518518,0.0,0.3168,optimal
2021-02-09 11:30:00,76,6,0.0,0.0,0.0,1.8020999999999998,optimal
2021-02-09 12:00:00,76,6,0.0734017714257743,0.0774074074074074,0.0,0.1045,optimal
2021-02-09 12:30:00,76,6,0.10268058740419787,0.1548148148148148,0.0,0.072,optimal
2021-02-09 13:00:00,76,6,0.0,0.3096296296296296,0.0,1.2116666666666667,optimal
2021-02-09 13:30:00,76,6,0.887675324200725,0.0,0.0,0.3557333333333333,optimal
2021-02-09 14:00:00,76,6,1.1428571428571428,2.39962962962963,0.0,0.061,optimal
2021-02-09 14:30:00,76,6,1.1428571428571428,0.0,0.0,0.061666666666666654,optimal
2021-02-09 15:00:00,76,6,1.1428571428571428,0.0,0.0,0.063,optimal
2021-02-09 15:30:00,76,6,1.1428571428571428,0.0,0.0,1.0698333333333332,optimal
2021-02-09 16:00:00,76,6,0.0,0.0,0.0,0.587,optimal
2021-02-09 16:30:00,76,6,0.0,0.387037037037037,0.0,0.061,optimal
2021-02-09 17:00:00,76,6,0.0,0.1548148148148148,0.0,0.12446666666666668,optimal
2021-02-09 17:30:00,76,6,0.0,0.23222222222222222,0.0,0.1948,optimal
2021-02-09 18:00:00,76,6,0.0,0.23222222222222222,0.0,0.217,optimal
2021-02-09 18:30:00,76,6,0.0,0.0,0.0,1.6196666666666668,optimal
2021-02-09 19:00:00,76,6,0.0,0.1548148148148148,0.0,0.06913333333333334,optimal
2021-02-09 19:30:00,76,6,0.0,0.46444444444444444,0.0,0.07590000000000001,optimal
2021-02-09 20:00:00,76,6,0.0,0.23222222222222222,0.0,0.085,optimal
2021-02-09 20:30:00,76,6,0.0,0.0,0.0,0.07590000000000001,optimal
2021-02-09 21:00:00,76,6,0.0,0.0774074074074074,0.0,0.32876666666666665,optimal
2021-02-09 21:30:00,76,6,0.0,0.0,0.0,0.11296666666666669,optimal
2021-02-09 22:00:00,76,6,0.0,0.23222222222222222,0.0,0.17996666666666666,optimal
2021-02-09 22:30:00,76,6,0.0,0.0774074074074074,0.0,0.1174,optimal
2021-02-09 23:00:00,76,6,0.0,0.0,0.0,0.063,optimal
2021-02-09 23:30:00,76,6,0.0,0.0,0.0,0.063,optimal
2021-02-10 00:00:00,76,6,0.0,0.0,0.0,0.15546666666666667,optimal
2021-02-10 00:30:00,76,6,0.0,0.0,0.0,0.09079999999999999,optimal
2021-02-10 01:00:00,76,6,0.2442218096274684,0.0,0.0,0.052,optimal
2021-02-10 01:30:00,76,6,1.1428571428571428,0.0,0.0,0.07786666666666665,optimal
2021-02-10 02:00:00,76,6,1.1428571428571428,0.0,0.0,0.1684,optimal
2021-02-10 02:30:00,76,6,1.1428571428571428,0.0,0.0,0.052,optimal
2021-02-10 03:00:00,76,6,1.1428571428571428,0.0,0.0,0.19426666666666667,optimal
2021-02-10 03:30:00,76,6,1.1428571428571428,0.0,0.0,0.052,optimal
2021-02-10 04:00:00,76,6,1.1428571428571428,0.0,0.0,0.052,optimal
2021-02-10 04:30:00,76,6,1.1428571428571428,0.0,0.0,0.19426666666666667,optimal
2021-02-10 05:00:00,76,6,1.1428571428571428,0.0,0.0,0.052,optimal
2021-02-10 05:30:00,76,6,1.1428571428571428,0.0,1.7616280342737487,0.09079999999999999,optimal
2021-02-10 06:00:00,76,6,1.1428571428571428,0.0,5.0,0.15546666666666667,optimal
2021-02-10 06:30:00,76,6,1.1428571428571428,0.0,5.0,1.9783333333333333,optimal
2021-02-10 07:00:00,76,6,1.1428571428571428,0.5418518518518518,5.0,2.5789333333333335,optimal
2021-02-10 07:30:00,76,6,1.1428571428571428,0.23222222222222222,0.0,0.28646666666666665,optimal
2021-02-10 08:00:00,76,6,0.6987692005751431,2.39962962962963,0.0,0.1196,optimal
2021-02-10 08:30:00,76,6,0.5876409882194931,2.39962962962963,0.0,1.1690333333333334,optimal
2021-02-10 09:00:00,76,6,0.528532174891587,0.0,0.0,1.5493333333333332,optimal
2021-02-10 09:30:00,76,6,0.602337295869272,0.5418518518518518,0.0,0.084,optimal
2021-02-10 10:00:00,76,6,0.42158705862098733,0.0,0.0,1.7042,optimal
2021-02-10 10:30:00,76,6,0.3258961374494883,0.0,0.0,2.3979666666666666,optimal
2021-02-10 11:00:00,76,6,0.25296968234766204,2.012592592592592,0.0,0.4253,optimal
2021-02-10 11:30:00,76,6,0.2842379571222197,0.0774074074074074,0.0,0.3101333333333333,optimal
2021-02-10 12:00:00,76,6,0.0441137030666821,0.0774074074074074,0.0,2.460733333333333,optimal
2021-02-10 12:30:00,76,6,0.12141465544762843,0.3096296296296296,0.0,0.5725,optimal
2021-02-10 13:00:00,76,6,0.18980833088756915,0.0774074074074074,0.0,0.1318666666666667,optimal
2021-02-10 13:30:00,76,6,0.7262015375145057,0.0774074074074074,0.0,0.25643333333333335,optimal
2021-02-10 14:00:00,76,6,1.1428571428571428,0.5418518518518518,0.0,0.205,optimal
2021-02-10 14:30:00,76,6,1.1428571428571428,0.0,0.0,0.4625666666666667,optimal
2021-02-10 15:00:00,76,6,1.1428571428571428,0.0,0.0,0.48833333333333334,optimal
2021-02-10 15:30:00,76,6,1.1428571428571428,0.1548148148148148,0.0,0.34253333333333336,optimal
2021-02-10 16:00:00,76,6,0.0,3.4833333333333325,0.0,0.17606666666666665,optimal
2021-02-10 16:30:00,76,6,0.0,6.115185185185185,0.0,3.903533333333333,optimal
2021-02-10 17:00:00,76,6,0.0,0.387037037037037,0.0,2.654733333333333,optimal
2021-02-10 17:30:00,76,6,0.0,0.387037037037037,0.0,1.29,optimal
2021-02-10 18:00:00,76,6,0.0,0.774074074074074,0.0,0.3539333333333333,optimal
2021-02-10 18:30:00,76,6,0.0,2.2448148148148146,0.0,1.0116333333333332,optimal
2021-02-10 19:00:00,76,6,0.0,0.387037037037037,0.0,0.9524666666666668,optimal
2021-02-10 19:30:00,76,6,0.0,0.3096296296296296,0.0,0.5040666666666667,optimal
2021-02-10 20:00:00,76,6,0.0,0.23222222222222222,0.0,1.2343333333333333,optimal
2021-02-10 20:30:00,76,6,0.0,0.0774074074074074,0.0,1.4866666666666668,optimal
2021-02-10 21:00:00,76,6,0.0,1.1611111111111108,0.0,1.3760999999999999,optimal
2021-02-10 21:30:00,76,6,0.0,2.631851851851852,0.0,2.034733333333333,optimal
2021-02-10 22:00:00,76,6,0.0,0.0,0.0,0.3027333333333333,optimal
2021-02-10 22:30:00,76,6,0.0,0.387037037037037,0.0,0.3318,optimal
2021-02-10 23:00:00,76,6,0.0,0.0,0.0,0.2196,optimal
2021-02-10 23:30:00,76,6,0.0,0.0,0.0,0.48810000000000003,optimal
2021-02-11 00:00:00,76,6,1.1428571428571428,0.0,0.0,0.052,optimal
2021-02-11 00:30:00,76,6,1.1428571428571428,0.0,0.0,0.052,optimal
2021-02-11 01:00:00,76,6,1.1428571428571428,0.0,0.0,0.052,optimal
2021-02-11 01:30:00,76,6,1.1428571428571428,0.0,0.0,0.052,optimal
2021-02-11 02:00:00,76,6,1.1428571428571428,0.0,0.0,0.052,optimal
2021-02-11 02:30:00,76,6,1.1428571428571428,0.0,0.0,0.052,optimal
2021-02-11 03:00:00,76,6,1.1428571428571428,0.0,0.0,0.052,optimal
2021-02-11 03:30:00,76,6,1.1428571428571428,0.0,0.0,0.052,optimal
2021-02-11 04:00:00,76,6,1.1428571428571428,0.0,0.0,0.052,optimal
2021-02-11 04:30:00,76,6,1.1428571428571428,0.0,0.0,0.052,optimal
2021-02-11 05:00:00,76,6,1.1428571428571428,0.0,0.0,0.052,optimal
2021-02-11 05:30:00,76,6,1.1428571428571428,0.0,2.979084291626419,0.052,optimal
2021-02-11 06:00:00,76,6,1.1428571428571428,0.0,5.0,0.052,optimal
2021-02-11 06:30:00,76,6,1.1428571428571428,0.0,5.0,0.052,optimal
2021-02-11 07:00:00,76,6,1.1428571428571428,5.341111111111111,5.0,0.05066666666666666,optimal
2021-02-11 07:30:00,76,6,1.1428571428571428,5.788800404111273,0.0,0.06,optimal
2021-02-11 08:00:00,76,6,0.8061531364301733,0.0774074074074074,0.0,0.06,optimal
2021-02-11 08:30:00,76,6,0.7048421528397718,0.6192592592592592,0.0,0.2726,optimal
2021-02-11 09:00:00,76,6,0.6017811646779666,0.387037037037037,0.0,0.2726,optimal
2021-02-11 09:30:00,76,6,0.6022496032200382,0.0,0.0,0.06,optimal
2021-02-11 10:00:00,76,6,0.29525072793130325,0.1548148148148148,0.0,0.06,optimal
2021-02-11 10:30:00,76,6,0.28348298404587857,0.1548148148148148,0.0,0.2782333333333333,optimal
2021-02-11 11:00:00,76,6,0.18561100536874117,6.734444444444445,0.0,0.073,optimal
2021-02-11 11:30:00,76,6,0.016651637606471124,0.6192592592592592,0.0,0.06736666666666666,optimal
2021-02-11 12:00:00,76,6,0.0,2.7092592592592597,0.0,0.2766,optimal
2021-02-11 12:30:00,76,6,0.0,0.23222222222222222,0.0,0.07676666666666666,optimal
2021-02-11 13:00:00,76,6,1.1428571428571428,0.387037037037037,5.0,0.124,optimal
2021-02-11 13:30:00,76,6,1.1428571428571428,0.1548148148148148,0.0,0.11233333333333331,optimal
2021-02-11 14:00:00,76,6,1.1428571428571428,0.0,0.0,0.188,optimal
2021-02-11 14:30:00,76,6,1.1428571428571428,0.0,0.0,0.2696,optimal
2021-02-11 15:00:00,76,6,1.1428571428571428,0.1548148148148148,0.0,0.30739999999999995,optimal
2021-02-11 15:30:00,76,6,1.1428571428571428,0.0,0.0,0.2175,optimal
2021-02-11 16:00:00,76,6,0.0,0.23222222222222222,0.0,0.2024,optimal
2021-02-11 16:30:00,76,6,0.0,0.0,0.0,0.42260000000000003,optimal
2021-02-11 17:00:00,76,6,0.0,0.387037037037037,0.0,0.21,optimal
2021-02-11 17:30:00,76,6,0.0,0.0,0.0,0.062,optimal
2021-02-11 18:00:00,76,6,0.0,0.0,0.0,2.1748000000000003,optimal
2021-02-11 18:30:00,76,6,0.0,0.1548148148148148,0.0,0.2808,optimal
2021-02-11 19:00:00,76,6,0.0,0.0,0.0,0.16066666666666665,optimal
2021-02-11 19:30:00,76,6,0.0,0.0774074074074074,0.0,0.141,optimal
2021-02-11 20:00:00,76,6,0.6148938816061297,0.0,0.0,0.2798,optimal
2021-02-11 20:30:00,76,6,0.0,0.0,0.0,0.1703,optimal
2021-02-11 21:00:00,76,6,0.0,0.387037037037037,0.0,0.25939999999999996,optimal
2021-02-11 21:30:00,76,6,0.0,0.0,0.0,0.24259999999999998,optimal
2021-02-11 22:00:00,76,6,0.0,0.1548148148148148,0.0,0.205,optimal
2021-02-11 22:30:00,76,6,0.0,0.0,0.0,0.24769999999999998,optimal
2021-02-11 23:00:00,76,6,0.0,0.0,0.0,0.249,optimal
2021-02-11 23:30:00,76,6,0.0,0.0,0.0,0.42973333333333336,optimal
2021-02-12 00:00:00,76,6,1.1428571428571428,0.0,0.0,0.22716666666666663,optimal
2021-02-12 00:30:00,76,6,1.1428571428571428,0.0,0.0,0.18669999999999998,optimal
2021-02-12 01:00:00,76,6,1.1428571428571428,0.0,0.0,0.20826666666666668,optimal
2021-02-12 01:30:00,76,6,1.1428571428571428,0.0,0.0,0.181,optimal
2021-02-12 02:00:00,76,6,1.1428571428571428,0.0,0.0,0.0751,optimal
2021-02-12 02:30:00,76,6,1.1428571428571428,0.0,0.0,0.23006666666666664,optimal
2021-02-12 03:00:00,76,6,1.1428571428571428,0.0,0.0,0.1185,optimal
2021-02-12 03:30:00,76,6,1.1428571428571428,0.0,0.0,0.28296666666666664,optimal
2021-02-12 04:00:00,76,6,1.1428571428571428,0.0,0.0,0.1575,optimal
2021-02-12 04:30:00,76,6,1.1428571428571428,0.0,0.3644039240307812,0.1368,optimal
2021-02-12 05:00:00,76,6,1.1428571428571428,0.0,5.0,0.16066666666666665,optimal
2021-02-12 05:30:00,76,6,1.1428571428571428,0.0,5.0,0.0984,optimal
2021-02-12 06:00:00,76,6,1.1428571428571428,0.0,5.0,1.1344,optimal
2021-02-12 06:30:00,76,6,1.1428571428571428,0.23222222222222222,0.0,0.2081,optimal
2021-02-12 07:00:00,76,6,1.1428571428571428,0.0,0.0,0.2853,optimal
2021-02-12 07:30:00,76,6,1.1428571428571428,5.665242748216196,0.0,0.2801666666666667,optimal
2021-02-12 08:00:00,76,6,0.8649576486593274,1.9351851851851851,0.0,1.0111,optimal
2021-02-12 08:30:00,76,6,0.8636887181578394,0.1548148148148148,0.0,0.313,optimal
2021-02-12 09:00:00,76,6,0.8770741751361203,0.0,0.0,0.07,optimal
2021-02-12 09:30:00,76,6,0.7827400297001444,0.0,0.0,0.07,optimal
2021-02-12 10:00:00,76,6,0.440200262521498,0.0,0.0,0.24746666666666667,optimal
2021-02-12 10:30:00,76,6,0.4587057425720879,0.0,0.0,0.06966666666666667,optimal
2021-02-12 11:00:00,76,6,0.21250993743723276,0.5418518518518518,0.0,0.18916666666666662,optimal
2021-02-12 11:30:00,76,6,0.06238502720546456,0.0774074074074074,0.0,2.4275666666666664,optimal
2021-02-12 12:00:00,76,6,0.005041920049755255,0.3096296296296296,0.0,2.3668666666666667,optimal
2021-02-12 12:30:00,76,6,0.16153605743703625,0.0,0.0,0.28053333333333336,optimal
2021-02-12 13:00:00,76,6,0.17798847498919715,0.23222222222222222,0.0,0.082,optimal
2021-02-12 13:30:00,76,6,0.5501249323438042,0.0,0.0,0.30443333333333333,optimal
2021-02-12 14:00:00,76,6,1.1428571428571428,0.0,0.0,0.8557333333333333,optimal
2021-02-12 14:30:00,76,6,1.1428571428571428,0.3096296296296296,0.0,1.3536333333333335,optimal
2021-02-12 15:00:00,76,6,1.1428571428571428,0.0,0.0,1.8253,optimal
2021-02-12 15:30:00,76,6,1.1428571428571428,0.0,0.0,0.8076666666666666,optimal
2021-02-12 16:00:00,76,6,0.0,0.1548148148148148,0.0,0.5423666666666667,optimal
2021-02-12 16:30:00,76,6,0.0,0.9288888888888889,0.0,3.566466666666667,optimal
2021-02-12 17:00:00,76,6,0.0,0.774074074074074,0.0,3.7598333333333334,optimal
2021-02-12 17:30:00,76,6,0.0,0.1548148148148148,0.0,0.8472000000000001,optimal
2021-02-12 18:00:00,76,6,0.0,0.3096296296296296,0.0,0.5413333333333333,optimal
2021-02-12 18:30:00,76,6,0.0,0.46444444444444444,0.0,0.36160000000000003,optimal
2021-02-12 19:00:00,76,6,0.0,4.412222222222222,0.0,0.29546666666666666,optimal
2021-02-12 19:30:00,76,6,0.0,0.1548148148148148,0.0,0.39253333333333335,optimal
2021-02-12 20:00:00,76,6,0.0,0.0,0.0,0.41960000000000003,optimal
2021-02-12 20:30:00,76,6,0.0,0.0774074074074074,0.0,0.3884333333333333,optimal
2021-02-12 21:00:00,76,6,0.0,0.7941999999999999,0.0,1.1284,optimal
2021-02-12 21:30:00,76,6,0.0,0.9861703703703705,0.0,1.568,optimal
2021-02-12 22:00:00,76,6,0.0,0.0,0.0,0.238,optimal
2021-02-12 22:30:00,76,6,0.0,0.0,0.0,0.18296666666666667,optimal
2021-02-12 23:00:00,76,6,0.0,0.0,0.0,0.1735,optimal
2021-02-12 23:30:00,76,6,0.0,0.0,0.0,0.10523333333333332,optimal
2021-02-13 00:00:00,76,6,0.0,0.0,0.0,0.049,optimal
2021-02-13 00:30:00,76,6,0.0,0.0,0.0,0.1385,optimal
2021-02-13 01:00:00,76,6,0.8049719306982422,0.0,0.0,0.09076666666666668,optimal
2021-02-13 01:30:00,76,6,1.1428571428571428,0.0,0.0,0.049,optimal
2021-02-13 02:00:00,76,6,1.1428571428571428,0.0,0.0,0.1802666666666667,optimal
2021-02-13 02:30:00,76,6,1.1428571428571428,0.0,0.0,0.049,optimal
2021-02-13 03:00:00,76,6,1.1428571428571428,0.0,0.0,0.16833333333333333,optimal
2021-02-13 03:30:00,76,6,1.1428571428571428,0.0,0.0,0.06093333333333333,optimal
2021-02-13 04:00:00,76,6,1.1428571428571428,0.0,0.0,0.1206,optimal
2021-02-13 04:30:00,76,6,1.1428571428571428,0.0,0.0,0.10866666666666669,optimal
2021-02-13 05:00:00,76,6,1.1428571428571428,0.0,3.113797212371235,0.049,optimal
2021-02-13 05:30:00,76,6,1.1428571428571428,0.0,5.0,0.0848,optimal
2021-02-13 06:00:00,76,6,1.1428571428571428,0.0,5.0,0.14446666666666666,optimal
2021-02-13 06:30:00,76,6,1.1428571428571428,0.0,5.0,0.049,optimal
2021-02-13 07:00:00,76,6,1.1428571428571428,0.46444444444444444,5.0,0.13119999999999998,optimal
2021-02-13 07:30:00,76,6,1.1428571428571428,0.46444444444444444,0.0,0.09473333333333332,optimal
2021-02-13 08:00:00,76,6,0.7762578513565286,0.23222222222222222,0.0,0.115,optimal
2021-02-13 08:30:00,76,6,0.6692900839819049,0.0,0.0,1.3063333333333333,optimal
2021-02-13 09:00:00,76,6,0.5192106569171844,0.1548148148148148,0.0,0.46803333333333336,optimal
2021-02-13 09:30:00,76,6,0.5575175343297627,0.387037037037037,0.0,1.5688,optimal
2021-02-13 10:00:00,76,6,0.47251304796697985,0.0,0.0,0.1851,optimal
2021-02-13 10:30:00,76,6,0.4689843282113996,0.0,0.0,0.12413333333333335,optimal
2021-02-13 11:00:00,76,6,0.1106589557422956,0.1548148148148148,0.0,2.8139333333333334,optimal
2021-02-13 11:30:00,76,6,0.24659118836766508,0.0,0.0,0.3393,optimal
2021-02-13 12:00:00,76,6,0.2062945906988088,0.3096296296296296,0.0,0.09626666666666668,optimal
2021-02-13 12:30:00,76,6,0.22665429404479875,0.0,0.0,0.05766666666666666,optimal
2021-02-13 13:00:00,76,6,0.2772253863364843,0.0,0.0,0.059,optimal
2021-02-13 13:30:00,76,6,1.1428571428571428,0.0,0.0,1.6907999999999999,optimal
2021-02-13 14:00:00,76,6,1.1428571428571428,0.0,0.0,4.6765,optimal
2021-02-13 14:30:00,76,6,1.1428571428571428,0.1548148148148148,0.0,2.9447666666666668,optimal
2021-02-13 15:00:00,76,6,1.1428571428571428,0.0,0.0,2.3253666666666666,optimal
2021-02-13 15:30:00,76,6,1.1428571428571428,0.23222222222222222,0.0,2.9163666666666668,optimal
2021-02-13 16:00:00,76,6,0.0,0.774074074074074,0.0,3.929733333333333,optimal
2021-02-13 16:30:00,76,6,0.0,0.0,0.0,3.093933333333333,optimal
2021-02-13 17:00:00,76,6,0.0,0.5418518518518518,0.0,2.4396666666666667,optimal
2021-02-13 17:30:00,76,6,0.0,0.6966666666666667,0.0,2.6415666666666664,optimal
2021-02-13 18:00:00,76,6,0.0,0.1548148148148148,0.0,0.9869,optimal
2021-02-13 18:30:00,76,6,0.0,0.0774074074074074,0.0,1.9841,optimal
2021-02-13 19:00:00,76,6,0.0,0.0,0.0,2.758966666666667,optimal
2021-02-13 19:30:00,76,6,0.0,0.3096296296296296,0.0,0.32053333333333334,optimal
2021-02-13 20:00:00,76,6,0.0,0.387037037037037,0.0,0.6002000000000001,optimal
2021-02-13 20:30:00,76,6,0.0,1.433585185185185,0.0,0.6236,optimal
2021-02-13 21:00:00,76,6,0.0,0.9660444444444445,0.0,0.2794,optimal
2021-02-13 21:30:00,76,6,0.0,1.433585185185185,0.0,0.35546666666666665,optimal
2021-02-13 22:00:00,76,6,0.0,1.0434518518518519,0.0,0.4184666666666666,optimal
2021-02-13 22:30:00,76,6,0.0,0.23222222222222222,0.0,1.0872,optimal
2021-02-13 23:00:00,76,6,0.0,0.0,0.0,0.059,optimal
2021-02-13 23:30:00,76,6,0.0,0.0,0.0,0.15643333333333334,optimal
2021-02-07 00:00:00,77,6,0.0,0.1548148148148148,0.0,0.07273333333333333,optimal
2021-02-07 00:30:00,77,6,0.0,0.0,0.0,0.10566666666666669,optimal
2021-02-07 01:00:00,77,6,0.0,0.0,0.0,0.14353333333333332,optimal
2021-02-07 01:30:00,77,6,0.0,0.0,0.0,0.0698,optimal
2021-02-07 02:00:00,77,6,0.0,0.0,0.0,0.054,optimal
2021-02-07 02:30:00,77,6,0.0,0.0,0.0,0.07506666666666666,optimal
2021-02-07 03:00:00,77,6,0.0,0.0,0.0,0.13826666666666668,optimal
2021-02-07 03:30:00,77,6,0.0,0.0,0.0,0.054,optimal
2021-02-07 04:00:00,77,6,1.1428571428571428,0.0,0.0,0.133,optimal
2021-02-07 04:30:00,77,6,1.1428571428571428,0.0,0.0,0.08033333333333333,optimal
2021-02-07 05:00:00,77,6,1.1428571428571428,0.0,0.0,0.133,optimal
2021-02-07 05:30:00,77,6,1.1428571428571428,0.0,0.0,0.08033333333333333,optimal
2021-02-07 06:00:00,77,6,1.1428571428571428,0.0,0.0,0.054,optimal
2021-02-07 06:30:00,77,6,1.1428571428571428,0.0,0.0,0.15933333333333335,optimal
2021-02-07 07:00:00,77,6,1.1428571428571428,0.0774074074074074,1.6063785740462473,0.229,optimal
2021-02-07 07:30:00,77,6,0.0,0.9288888888888889,0.0,0.7714,optimal
2021-02-07 08:00:00,77,6,0.0,3.251111111111111,0.0,1.2138333333333333,optimal
2021-02-07 08:30:00,77,6,0.6162838897959788,0.0,0.0,0.1948,optimal
2021-02-07 09:00:00,77,6,0.7163424908182208,0.0,0.0,0.15369999999999998,optimal
2021-02-07 09:30:00,77,6,0.7106956758245384,0.0,0.0,0.215,optimal
2021-02-07 10:00:00,77,6,0.6414415376979717,0.0,0.0,0.1018,optimal
2021-02-07 10:30:00,77,6,0.6433751676853297,0.0,0.0,0.0798,optimal
2021-02-07 11:00:00,77,6,0.5278459868013489,0.0,0.0,0.15353333333333333,optimal
2021-02-07 11:30:00,77,6,0.5534269391822935,0.0,0.0,0.064,optimal
2021-02-07 12:00:00,77,6,0.4593713220110317,0.0,0.0,0.107,optimal
2021-02-07 12:30:00,77,6,0.7452656367909442,0.0,0.0,0.16933333333333334,optimal
2021-02-07 13:00:00,77,6,1.1428571428571428,0.0,0.0,0.064,optimal
2021-02-07 13:30:00,77,6,1.1428571428571428,0.0,0.0,0.064,optimal
2021-02-07 14:00:00,77,6,1.1428571428571428,0.0,0.0,0.16933333333333334,optimal
2021-02-07 14:30:00,77,6,1.1428571428571428,0.0,0.0,0.064,optimal
2021-02-07 15:00:00,77,6,1.1428571428571428,0.0,0.0,0.16933333333333334,optimal
2021-02-07 15:30:00,77,6,1.1428571428571428,0.0,0.0,0.064,optimal
2021-02-07 16:00:00,77,6,0.0,0.23222222222222222,0.0,0.08466666666666667,optimal
2021-02-07 16:30:00,77,6,0.0,0.3096296296296296,0.0,0.1843333333333333,optimal
2021-02-07 17:00:00,77,6,0.0,0.387037037037037,0.0,1.0794000000000001,optimal
2021-02-07 17:30:00,77,6,0.0,0.0,0.0,1.0897333333333332,optimal
2021-02-07 18:00:00,77,6,0.0,0.0774074074074074,0.0,0.098,optimal
2021-02-07 18:30:00,77,6,0.0,0.23222222222222222,0.0,0.06533333333333333,optimal
2021-02-07 19:00:00,77,6,0.0,0.3096296296296296,0.0,0.4724,optimal
2021-02-07 19:30:00,77,6,0.636536192446916,0.0,0.0,0.1402,optimal
2021-02-07 20:00:00,77,6,0.5549076210183449,0.0,0.0,0.47386666666666666,optimal
2021-02-07 20:30:00,77,6,0.0,0.3096296296296296,0.0,0.23526666666666668,optimal
2021-02-07 21:00:00,77,6,0.0,0.0,0.0,0.23433333333333328,optimal
2021-02-07 21:30:00,77,6,0.0,0.0,0.0,0.239,optimal
2021-02-07 22:00:00,77,6,0.0,0.0,0.0,0.24813333333333332,optimal
2021-02-07 22:30:00,77,6,0.0,0.0,0.0,0.3358,optimal
2021-02-07 23:00:00,77,6,0.0,0.387037037037037,0.0,0.1194,optimal
2021-02-07 23:30:00,77,6,0.0,0.0,0.0,0.16433333333333333,optimal
2021-02-08 00:00:00,77,6,0.0,0.0,0.0,0.17216666666666666,optimal
2021-02-08 00:30:00,77,6,0.0,0.0,0.0,0.1107,optimal
2021-02-08 01:00:00,77,6,0.0,0.0,0.0,0.06,optimal
2021-02-08 01:30:00,77,6,0.17738619574892922,0.0,0.0,0.15266666666666664,optimal
2021-02-08 02:00:00,77,6,1.1428571428571428,0.0,0.0,0.19933333333333328,optimal
2021-02-08 02:30:00,77,6,1.1428571428571428,0.0,0.0,0.13019999999999998,optimal
2021-02-08 03:00:00,77,6,1.1428571428571428,0.0,0.0,0.07853333333333333,optimal
2021-02-08 03:30:00,77,6,1.1428571428571428,0.0,0.0,0.3436666666666667,optimal
2021-02-08 04:00:00,77,6,1.1428571428571428,0.0,0.0,0.06,optimal
2021-02-08 04:30:00,77,6,1.1428571428571428,0.0,0.0,0.2568666666666667,optimal
2021-02-08 05:00:00,77,6,1.1428571428571428,0.0,0.0,0.16069999999999998,optimal
2021-02-08 05:30:00,77,6,1.1428571428571428,0.0,0.0,0.13483333333333333,optimal
2021-02-08 06:00:00,77,6,1.1428571428571428,0.387037037037037,0.0,0.2693666666666667,optimal
2021-02-08 06:30:00,77,6,1.1428571428571428,0.5418518518518518,1.759801151043354,0.2378,optimal
2021-02-08 07:00:00,77,6,1.1428571428571428,1.006296296296296,5.0,0.23426666666666668,optimal
2021-02-08 07:30:00,77,6,1.1428571428571428,5.960370370370371,0.0,0.1287333333333333,optimal
2021-02-08 08:00:00,77,6,0.5791721032029973,0.0,0.0,0.20636666666666667,optimal
2021-02-08 08:30:00,77,6,0.5995362093808267,0.46444444444444444,0.0,0.28746666666666665,optimal
2021-02-08 09:00:00,77,6,0.7070861685792812,0.0,0.0,0.11386666666666666,optimal
2021-02-08 09:30:00,77,6,0.6782161997887369,0.0,0.0,0.19240000000000002,optimal
2021-02-08 10:00:00,77,6,0.5185703549612681,0.0,0.0,0.19326666666666667,optimal
2021-02-08 10:30:00,77,6,0.5529831808946709,0.0,0.0,0.09533333333333331,optimal
2021-02-08 11:00:00,77,6,0.3212550267797911,0.0,0.0,0.2986333333333333,optimal
2021-02-08 11:30:00,77,6,0.3612718729829157,0.0,0.0,0.14356666666666668,optimal
2021-02-08 12:00:00,77,6,0.2807555615570579,0.0,0.0,0.2138333333333333,optimal
2021-02-08 12:30:00,77,6,0.26802734920140564,0.0,0.0,0.22836666666666666,optimal
2021-02-08 13:00:00,77,6,1.1428571428571428,0.0,0.0,0.12406666666666666,optimal
2021-02-08 13:30:00,77,6,1.1428571428571428,0.0,0.0,2.0482666666666667,optimal
2021-02-08 14:00:00,77,6,1.1428571428571428,0.1548148148148148,0.0,0.4952,optimal
2021-02-08 14:30:00,77,6,1.1428571428571428,0.1548148148148148,0.0,0.147,optimal
2021-02-08 15:00:00,77,6,1.1428571428571428,0.0,0.0,0.38939999999999997,optimal
2021-02-08 15:30:00,77,6,1.1428571428571428,0.0,0.0,0.08413333333333334,optimal
2021-02-08 16:00:00,77,6,0.0,0.0,0.0,0.4073,optimal
2021-02-08 16:30:00,77,6,0.0,0.0,0.0,0.4646666666666667,optimal
2021-02-08 17:00:00,77,6,0.0,0.0,0.0,0.345,optimal
2021-02-08 17:30:00,77,6,0.0,0.1548148148148148,0.0,0.5779666666666667,optimal
2021-02-08 18:00:00,77,6,0.0,0.1548148148148148,0.0,0.529,optimal
2021-02-08 18:30:00,77,6,0.0,0.1548148148148148,0.0,0.6654,optimal
2021-02-08 19:00:00,77,6,0.0,0.0,0.0,0.2742,optimal
2021-02-08 19:30:00,77,6,0.0,0.0,0.0,0.1129,optimal
2021-02-08 20:00:00,77,6,0.16856913796169007,0.0,0.0,0.4263,optimal
2021-02-08 20:30:00,77,6,0.0,1.315925925925926,0.0,0.376,optimal
2021-02-08 21:00:00,77,6,0.0,0.0,0.0,0.37673333333333336,optimal
2021-02-08 21:30:00,77,6,0.0,0.0,0.0,0.5023333333333333,optimal
2021-02-08 22:00:00,77,6,0.0,2.4770370370370367,0.0,0.5706666666666667,optimal
2021-02-08 22:30:00,77,6,0.0,0.0,0.0,0.6567333333333334,optimal
2021-02-08 23:00:00,77,6,0.0,0.0,0.0,0.146,optimal
2021-02-08 23:30:00,77,6,0.0,0.0,0.0,0.24596666666666667,optimal
2021-02-09 00:00:00,77,6,0.0,0.0,0.0,0.1356,optimal
2021-02-09 00:30:00,77,6,0.0,0.0,0.0,0.057,optimal
2021-02-09 01:00:00,77,6,0.0,0.0,0.0,0.057,optimal
2021-02-09 01:30:00,77,6,0.07160874949649065,0.0,0.0,0.2037,optimal
2021-02-09 02:00:00,77,6,1.1428571428571428,0.0,0.0,0.12456666666666666,optimal
2021-02-09 02:30:00,77,6,1.1428571428571428,0.0,0.0,0.18236666666666668,optimal
2021-02-09 03:00:00,77,6,1.1428571428571428,0.0,0.0,0.14623333333333333,optimal
2021-02-09 03:30:00,77,6,1.1428571428571428,0.0,0.0,0.12813333333333332,optimal
2021-02-09 04:00:00,77,6,1.1428571428571428,0.0,0.0,0.21363333333333331,optimal
2021-02-09 04:30:00,77,6,1.1428571428571428,0.0,0.0,0.06316666666666666,optimal
2021-02-09 05:00:00,77,6,1.1428571428571428,0.0,0.0,0.057,optimal
2021-02-09 05:30:00,77,6,1.1428571428571428,0.0,0.0,0.15643333333333334,optimal
2021-02-09 06:00:00,77,6,1.1428571428571428,0.0,4.074160099967455,0.16983333333333334,optimal
2021-02-09 06:30:00,77,6,1.1428571428571428,2.5544444444444445,5.0,0.11193333333333334,optimal
2021-02-09 07:00:00,77,6,1.1428571428571428,3.5839629629629624,5.0,0.41156666666666664,optimal
2021-02-09 07:30:00,77,6,1.1428571428571428,3.227888888888889,0.0,0.5727000000000001,optimal
2021-02-09 08:00:00,77,6,0.6323442968986674,0.23222222222222222,0.0,0.3716666666666667,optimal
2021-02-09 08:30:00,77,6,0.7455981376319267,0.0,0.0,0.2549333333333333,optimal
2021-02-09 09:00:00,77,6,0.5910319321733192,0.0774074074074074,0.0,0.305,optimal
2021-02-09 09:30:00,77,6,0.34184437554460617,0.0,0.0,1.5005,optimal
2021-02-09 10:00:00,77,6,0.2763485896735672,0.46444444444444444,0.0,1.2117,optimal
2021-02-09 10:30:00,77,6,0.2323792766099618,0.0,0.0,2.580833333333333,optimal
2021-02-09 11:00:00,77,6,0.24460895575107117,0.0,0.0,1.8551666666666669,optimal
2021-02-09 11:30:00,77,6,0.31148023599549374,0.0,0.0,0.20753333333333332,optimal
2021-02-09 12:00:00,77,6,0.2123747247914665,0.0,0.0,0.15383333333333335,optimal
2021-02-09 12:30:00,77,6,0.22053773026133439,0.0,0.0,0.13276666666666667,optimal
2021-02-09 13:00:00,77,6,1.0165512148348406,0.0,0.0,0.17183333333333334,optimal
2021-02-09 13:30:00,77,6,1.1428571428571428,0.0,0.0,0.067,optimal
2021-02-09 14:00:00,77,6,1.1428571428571428,0.0,0.0,0.27253333333333335,optimal
2021-02-09 14:30:00,77,6,1.1428571428571428,0.0,0.0,0.07573333333333333,optimal
2021-02-09 15:00:00,77,6,1.1428571428571428,0.0,0.0,0.067,optimal
2021-02-09 15:30:00,77,6,1.1428571428571428,0.0,0.0,0.20266666666666663,optimal
2021-02-09 16:00:00,77,6,0.0,0.0,0.0,0.1456,optimal
2021-02-09 16:30:00,77,6,0.0,0.1548148148148148,0.0,2.220766666666667,optimal
2021-02-09 17:00:00,77,6,0.0,0.0,0.0,2.6112333333333333,optimal
2021-02-09 17:30:00,77,6,0.0,0.0774074074074074,0.0,0.6365666666666667,optimal
2021-02-09 18:00:00,77,6,0.0,0.23222222222222222,0.0,0.30960000000000004,optimal
2021-02-09 18:30:00,77,6,0.0,0.3096296296296296,0.0,0.2025,optimal
2021-02-09 19:00:00,77,6,0.0,0.0,0.0,0.33653333333333335,optimal
2021-02-09 19:30:00,77,6,0.0,0.46444444444444444,0.0,0.27276666666666666,optimal
2021-02-09 20:00:00,77,6,0.0,0.1548148148148148,0.0,0.25216666666666665,optimal
2021-02-09 20:30:00,77,6,0.0,0.23222222222222222,0.0,0.29786666666666667,optimal
2021-02-09 21:00:00,77,6,0.0,0.387037037037037,0.0,0.631,optimal
2021-02-09 21:30:00,77,6,0.0,0.0774074074074074,0.0,0.30083333333333334,optimal
2021-02-09 22:00:00,77,6,0.0,0.0,0.0,0.4624333333333333,optimal
2021-02-09 22:30:00,77,6,0.0,0.0,0.0,0.12326666666666668,optimal
2021-02-09 23:00:00,77,6,0.0,0.0,0.0,0.1595,optimal
2021-02-09 23:30:00,77,6,0.0,0.0,0.0,0.08446666666666666,optimal
2021-02-10 00:00:00,77,6,0.0,0.0,0.0,0.36660000000000004,optimal
2021-02-10 00:30:00,77,6,0.0,0.0774074074074074,0.0,0.6144666666666667,optimal
2021-02-10 01:00:00,77,6,0.0,0.0,0.0,0.068,optimal
2021-02-10 01:30:00,77,6,1.121159842666417,0.387037037037037,0.0,0.42919999999999997,optimal
2021-02-10 02:00:00,77,6,1.1428571428571428,0.0,0.0,0.06026666666666666,optimal
2021-02-10 02:30:00,77,6,1.1428571428571428,0.0,0.0,0.051,optimal
2021-02-10 03:00:00,77,6,1.1428571428571428,0.0,0.0,0.051,optimal
2021-02-10 03:30:00,77,6,1.1428571428571428,0.0,0.0,0.051,optimal
2021-02-10 04:00:00,77,6,1.1428571428571428,0.0,0.0,0.051,optimal
2021-02-10 04:30:00,77,6,1.1428571428571428,0.0,0.0,0.051,optimal
2021-02-10 05:00:00,77,6,1.1428571428571428,0.0,0.0,0.051,optimal
2021-02-10 05:30:00,77,6,1.1428571428571428,0.0,0.0,0.05666666666666666,optimal
2021-02-10 06:00:00,77,6,1.1428571428571428,0.0,1.2021149608203605,0.061,optimal
2021-02-10 06:30:00,77,6,1.1428571428571428,0.0,5.0,0.061,optimal
2021-02-10 07:00:00,77,6,1.1428571428571428,0.0,5.0,0.05533333333333334,optimal
2021-02-10 07:30:00,77,6,1.1428571428571428,1.0837037037037036,0.0,0.146,optimal
2021-02-10 08:00:00,77,6,0.6382549148608584,0.5836518518518518,0.0,0.1374,optimal
2021-02-10 08:30:00,77,6,0.7661457501242566,0.2678296296296296,0.0,0.053666666666666654,optimal
2021-02-10 09:00:00,77,6,0.7346655082249262,0.0,0.0,0.051,optimal
2021-02-10 09:30:00,77,6,0.7260896768216578,0.0,0.0,0.051,optimal
2021-02-10 10:00:00,77,6,0.5355032490971766,0.0,0.0,0.051,optimal
2021-02-10 10:30:00,77,6,0.5290713755447166,0.0,0.0,0.051,optimal
2021-02-10 11:00:00,77,6,0.3967811109190945,0.0,0.0,0.05666666666666666,optimal
2021-02-10 11:30:00,77,6,0.39249319521745446,0.0,0.0,0.05533333333333334,optimal
2021-02-10 12:00:00,77,6,0.22555751259049256,0.0,0.0,0.05666666666666666,optimal
2021-02-10 12:30:00,77,6,0.22555751259049256,0.0,0.0,0.061,optimal
2021-02-10 13:00:00,77,6,1.1428571428571428,0.0,0.0,0.06066666666666666,optimal
2021-02-10 13:30:00,77,6,1.1428571428571428,0.0,0.0,0.051,optimal
2021-02-10 14:00:00,77,6,1.1428571428571428,0.0,0.0,0.053,optimal
2021-02-10 14:30:00,77,6,1.1428571428571428,0.0,0.0,0.05533333333333334,optimal
2021-02-10 15:00:00,77,6,1.1428571428571428,0.3096296296296296,0.0,0.05733333333333333,optimal
2021-02-10 15:30:00,77,6,1.1428571428571428,0.774074074074074,0.0,0.1575,optimal
2021-02-10 16:00:00,77,6,0.0,0.0774074074074074,0.0,0.17766666666666667,optimal
2021-02-10 16:30:00,77,6,0.0,1.315925925925926,0.0,0.16933333333333334,optimal
2021-02-10 17:00:00,77,6,0.0,0.6966666666666667,0.0,0.10183333333333332,optimal
2021-02-10 17:30:00,77,6,0.0,0.3096296296296296,0.0,0.2676,optimal
2021-02-10 18:00:00,77,6,0.0,0.0774074074074074,0.0,0.2696,optimal
2021-02-10 18:30:00,77,6,0.0,0.23222222222222222,0.0,0.5380666666666667,optimal
2021-02-10 19:00:00,77,6,0.0,0.3096296296296296,0.0,0.2596,optimal
2021-02-10 19:30:00,77,6,0.0,0.23222222222222222,0.0,0.07,optimal
2021-02-10 20:00:00,77,6,0.18796225658834143,0.0,0.0,0.06533333333333333,optimal
2021-02-10 20:30:00,77,6,0.0,0.387037037037037,0.0,0.3513,optimal
2021-02-10 21:00:00,77,6,0.0,0.0,0.0,1.5223333333333333,optimal
2021-02-10 21:30:00,77,6,0.0,0.387037037037037,0.0,0.243,optimal
2021-02-10 22:00:00,77,6,0.0,0.0,0.0,0.2846666666666667,optimal
2021-02-10 22:30:00,77,6,0.0,0.8514814814814814,0.0,0.3051333333333333,optimal
2021-02-10 23:00:00,77,6,0.0,0.0,0.0,2.0402,optimal
2021-02-10 23:30:00,77,6,0.0,0.0,0.0,2.616333333333333,optimal
2021-02-11 00:00:00,77,6,0.9868659790615746,0.0,0.0,0.09446666666666668,optimal
2021-02-11 00:30:00,77,6,1.1428571428571428,0.0,0.0,0.10553333333333331,optimal
2021-02-11 01:00:00,77,6,1.1428571428571428,0.0,0.0,0.22440000000000002,optimal
2021-02-11 01:30:00,77,6,1.1428571428571428,0.0,0.0,0.11040000000000001,optimal
2021-02-11 02:00:00,77,6,1.1428571428571428,0.0,0.0,0.052,optimal
2021-02-11 02:30:00,77,6,1.1428571428571428,0.0,0.0,0.052,optimal
2021-02-11 03:00:00,77,6,1.1428571428571428,0.0,0.0,0.2524666666666667,optimal
2021-02-11 03:30:00,77,6,1.1428571428571428,0.0,0.0,0.08233333333333333,optimal
2021-02-11 04:00:00,77,6,1.1428571428571428,0.0,0.0,0.2039333333333333,optimal
2021-02-11 04:30:00,77,6,1.1428571428571428,0.0,4.063332019835586,0.1308666666666667,optimal
2021-02-11 05:00:00,77,6,1.1428571428571428,0.0,5.0,0.14933333333333335,optimal
2021-02-11 05:30:00,77,6,1.1428571428571428,0.0,5.0,0.18546666666666667,optimal
2021-02-11 06:00:00,77,6,1.1428571428571428,0.0,5.0,0.06659999999999999,optimal
2021-02-11 06:30:00,77,6,1.1428571428571428,0.0,5.0,0.2226,optimal
2021-02-11 07:00:00,77,6,1.1428571428571428,0.0,5.0,0.10693333333333334,optimal
2021-02-11 07:30:00,77,6,1.1428571428571428,0.0,0.0,0.10353333333333331,optimal
2021-02-11 08:00:00,77,6,0.6768750411920841,0.46444444444444444,0.0,1.3873666666666666,optimal
2021-02-11 08:30:00,77,6,0.467613581411202,0.0,0.0,1.0413,optimal
2021-02-11 09:00:00,77,6,0.5723906884874967,0.8514814814814814,0.0,0.1984,optimal
2021-02-11 09:30:00,77,6,0.47236388893431464,0.0,0.0,0.35206666666666664,optimal
2021-02-11 10:00:00,77,6,0.20509834697891635,0.8514814814814814,0.0,0.26039999999999996,optimal
2021-02-11 10:30:00,77,6,0.24000679356968202,0.0,0.0,0.3827,optimal
2021-02-11 11:00:00,77,6,0.14520148155920773,0.387037037037037,0.0,0.27586666666666665,optimal
2021-02-11 11:30:00,77,6,0.08693735189218389,0.23222222222222222,0.0,0.2959,optimal
2021-02-11 12:00:00,77,6,0.0,0.23222222222222222,0.0,0.47143333333333326,optimal
2021-02-11 12:30:00,77,6,0.0,0.0,0.0,0.1993,optimal
2021-02-11 13:00:00,77,6,1.1428571428571428,1.6658074074074074,0.0,0.38753333333333334,optimal
2021-02-11 13:30:00,77,6,1.1428571428571428,3.4430814814814816,0.0,0.1805,optimal
2021-02-11 14:00:00,77,6,1.1428571428571428,0.0,0.0,0.11876666666666667,optimal
2021-02-11 14:30:00,77,6,1.1428571428571428,0.0,0.0,0.26253333333333334,optimal
2021-02-11 15:00:00,77,6,1.1428571428571428,0.0,0.0,0.062,optimal
2021-02-11 15:30:00,77,6,1.1428571428571428,0.0,0.0,0.062,optimal
2021-02-11 16:00:00,77,6,0.0,0.0,0.0,0.062,optimal
2021-02-11 16:30:00,77,6,0.0,0.0,0.0,0.15933333333333335,optimal
2021-02-11 17:00:00,77,6,0.0,0.0,0.0,0.19546666666666668,optimal
2021-02-11 17:30:00,77,6,0.0,0.0,0.0,0.3505,optimal
2021-02-11 18:00:00,77,6,0.0,0.6192592592592592,0.0,0.2708,optimal
2021-02-11 18:30:00,77,6,0.0,0.0,0.0,0.9646666666666667,optimal
2021-02-11 19:00:00,77,6,0.0,0.23222222222222222,0.0,3.5363,optimal
2021-02-11 19:30:00,77,6,0.0,2.4770370370370367,0.0,3.7793333333333337,optimal
2021-02-11 20:00:00,77,6,0.06858577368686933,0.23222222222222222,0.0,1.3912,optimal
2021-02-11 20:30:00,77,6,0.0,0.3096296296296296,0.0,0.2734,optimal
2021-02-11 21:00:00,77,6,0.0,0.0,0.0,0.2694,optimal
2021-02-11 21:30:00,77,6,0.0,0.0,0.0,0.5498,optimal
2021-02-11 22:00:00,77,6,0.0,0.387037037037037,0.0,0.7182000000000001,optimal
2021-02-11 22:30:00,77,6,0.0,0.1548148148148148,0.0,0.14766666666666667,optimal
2021-02-11 23:00:00,77,6,0.0,0.0774074074074074,0.0,0.23733333333333329,optimal
2021-02-11 23:30:00,77,6,0.0,0.0,0.0,0.2401,optimal
2021-02-12 00:00:00,77,6,1.1428571428571428,0.0,0.0,0.042,optimal
2021-02-12 00:30:00,77,6,1.1428571428571428,0.0,0.0,0.042,optimal
2021-02-12 01:00:00,77,6,1.1428571428571428,0.0,0.0,0.042,optimal
2021-02-12 01:30:00,77,6,1.1428571428571428,0.0,0.0,0.19013333333333332,optimal
2021-02-12 02:00:00,77,6,1.1428571428571428,0.0,0.0,0.042,optimal
2021-02-12 02:30:00,77,6,1.1428571428571428,0.0,0.0,0.15946666666666667,optimal
2021-02-12 03:00:00,77,6,1.1428571428571428,0.0,0.0,0.07566666666666667,optimal
2021-02-12 03:30:00,77,6,1.1428571428571428,0.0,0.0,0.042,optimal
2021-02-12 04:00:00,77,6,1.1428571428571428,0.0,0.0,0.10933333333333331,optimal
2021-02-12 04:30:00,77,6,1.1428571428571428,0.0,0.0,0.12279999999999999,optimal
2021-02-12 05:00:00,77,6,1.1428571428571428,0.0,0.0,0.042,optimal
2021-02-12 05:30:00,77,6,1.1428571428571428,0.0,0.0,0.042,optimal
2021-02-12 06:00:00,77,6,1.1428571428571428,0.0,4.114310670867173,0.045666666666666654,optimal
2021-02-12 06:30:00,77,6,1.1428571428571428,0.0,5.0,0.04866666666666666,optimal
2021-02-12 07:00:00,77,6,1.1428571428571428,0.0,5.0,0.13626666666666667,optimal
2021-02-12 07:30:00,77,6,1.1428571428571428,5.8568409801742645,0.0,0.30760000000000004,optimal
2021-02-12 08:00:00,77,6,0.8290566962783741,0.5418518518518518,0.0,1.0023,optimal
2021-02-12 08:30:00,77,6,0.8668791943483128,0.1548148148148148,0.0,0.18913333333333332,optimal
2021-02-12 09:00:00,77,6,0.7149132227551678,0.0774074074074074,0.0,1.0023,optimal
2021-02-12 09:30:00,77,6,0.6582352677953764,0.0774074074074074,0.0,0.042466666666666666,optimal
2021-02-12 10:00:00,77,6,0.38278121490244893,0.23222222222222222,0.0,0.13953333333333334,optimal
2021-02-12 10:30:00,77,6,0.38831526638161706,0.1548148148148148,0.0,0.11113333333333333,optimal
2021-02-12 11:00:00,77,6,0.232109937437234,0.0,0.0,0.041,optimal
2021-02-12 11:30:00,77,6,0.20394693196737299,0.0,0.0,0.12606666666666666,optimal
2021-02-12 12:00:00,77,6,0.11989906290689395,0.23222222222222222,0.0,0.19986666666666666,optimal
2021-02-12 12:30:00,77,6,0.1602884383894124,0.46444444444444444,0.0,0.13066666666666665,optimal
2021-02-12 13:00:00,77,6,1.1428571428571428,0.0774074074074074,0.0,0.21606666666666663,optimal
2021-02-12 13:30:00,77,6,1.1428571428571428,0.0,0.0,0.04873333333333333,optimal
2021-02-12 14:00:00,77,6,1.1428571428571428,0.0,0.0,0.07393333333333334,optimal
2021-02-12 14:30:00,77,6,1.1428571428571428,6.347407407407407,0.0,0.31976666666666664,optimal
2021-02-12 15:00:00,77,6,1.1428571428571428,0.23222222222222222,0.0,1.699266666666667,optimal
2021-02-12 15:30:00,77,6,1.1428571428571428,0.0,0.0,0.38780000000000003,optimal
2021-02-12 16:00:00,77,6,0.0,0.8514814814814814,0.0,2.135733333333333,optimal
2021-02-12 16:30:00,77,6,0.0,0.0,0.0,0.472,optimal
2021-02-12 17:00:00,77,6,0.0,0.23222222222222222,0.0,0.1722,optimal
2021-02-12 17:30:00,77,6,0.0,0.1548148148148148,0.0,0.07793333333333334,optimal
2021-02-12 18:00:00,77,6,0.0,0.0,0.0,0.0587,optimal
2021-02-12 18:30:00,77,6,0.0,0.46444444444444444,0.0,0.21013333333333334,optimal
2021-02-12 19:00:00,77,6,0.0,0.387037037037037,0.0,0.174,optimal
2021-02-12 19:30:00,77,6,0.0,0.46444444444444444,0.0,0.21766666666666662,optimal
2021-02-12 20:00:00,77,6,0.03333861491808336,0.0,0.0,0.40513333333333335,optimal
2021-02-12 20:30:00,77,6,0.0,0.0,0.0,0.137,optimal
2021-02-12 21:00:00,77,6,0.0,0.0,0.0,0.5177,optimal
2021-02-12 21:30:00,77,6,0.0,0.0774074074074074,0.0,0.5037333333333334,optimal
2021-02-12 22:00:00,77,6,0.0,0.0774074074074074,0.0,0.45866666666666667,optimal
2021-02-12 22:30:00,77,6,0.0,0.0,0.0,0.4554666666666666,optimal
2021-02-12 23:00:00,77,6,0.0,0.0,0.0,0.2828,optimal
2021-02-12 23:30:00,77,6,0.0,0.0,0.0,0.21486666666666668,optimal
2021-02-13 00:00:00,77,6,0.0,0.0,0.0,0.12466666666666669,optimal
2021-02-13 00:30:00,77,6,0.0,0.0,0.0,0.146,optimal
2021-02-13 01:00:00,77,6,0.531085174405581,0.0,0.0,0.066,optimal
2021-02-13 01:30:00,77,6,1.1428571428571428,0.0,0.0,0.21266666666666662,optimal
2021-02-13 02:00:00,77,6,1.1428571428571428,0.0,0.0,0.066,optimal
2021-02-13 02:30:00,77,6,1.1428571428571428,0.0,0.0,0.11266666666666668,optimal
2021-02-13 03:00:00,77,6,1.1428571428571428,0.0,0.0,0.166,optimal
2021-02-13 03:30:00,77,6,1.1428571428571428,0.0,0.0,0.066,optimal
2021-02-13 04:00:00,77,6,1.1428571428571428,0.0,0.0,0.21266666666666662,optimal
2021-02-13 04:30:00,77,6,1.1428571428571428,0.0,0.0,0.066,optimal
2021-02-13 05:00:00,77,6,1.1428571428571428,0.0,0.0,0.15933333333333335,optimal
2021-02-13 05:30:00,77,6,1.1428571428571428,0.0,0.0,0.11933333333333332,optimal
2021-02-13 06:00:00,77,6,1.1428571428571428,0.0,0.0,0.11983333333333332,optimal
2021-02-13 06:30:00,77,6,1.1428571428571428,1.9351851851851851,1.0023408883500606,0.179,optimal
2021-02-13 07:00:00,77,6,1.1428571428571428,0.23222222222222222,5.0,0.0705,optimal
2021-02-13 07:30:00,77,6,1.1428571428571428,0.1548148148148148,0.0,0.234,optimal
2021-02-13 08:00:00,77,6,0.6802864227851014,0.0774074074074074,0.0,0.10859999999999999,optimal
2021-02-13 08:30:00,77,6,0.5610377030295274,0.0,0.0,0.43073333333333336,optimal
2021-02-13 09:00:00,77,6,0.5241058950124187,0.3096296296296296,0.0,0.31326666666666664,optimal
2021-02-13 09:30:00,77,6,0.7711765819488117,0.0,0.0,0.066,optimal
2021-02-13 10:00:00,77,6,0.5404140003479292,0.0,0.0,0.21266666666666662,optimal
2021-02-13 10:30:00,77,6,0.5801748044018755,0.0,0.0,0.066,optimal
2021-02-13 11:00:00,77,6,0.34034086050419465,0.0,0.0,0.166,optimal
2021-02-13 11:30:00,77,6,0.35343499789147576,0.0,0.0,0.11266666666666668,optimal
2021-02-13 12:00:00,77,6,0.264189828794047,0.0,0.0,0.11933333333333332,optimal
2021-02-13 12:30:00,77,6,0.2484733416638428,0.0,0.0,0.15933333333333335,optimal
2021-02-13 13:00:00,77,6,1.1428571428571428,0.0,0.0,0.066,optimal
2021-02-13 13:30:00,77,6,1.1428571428571428,0.0,0.0,0.21266666666666662,optimal
2021-02-13 14:00:00,77,6,1.1428571428571428,0.0,0.0,0.066,optimal
2021-02-13 14:30:00,77,6,1.1428571428571428,0.0774074074074074,0.0,0.2946666666666667,optimal
2021-02-13 15:00:00,77,6,1.1428571428571428,0.0774074074074074,0.0,0.11766666666666668,optimal
2021-02-13 15:30:00,77,6,1.1428571428571428,0.0,0.0,0.35006666666666664,optimal
2021-02-13 16:00:00,77,6,0.0,0.0,0.0,1.4458666666666666,optimal
2021-02-13 16:30:00,77,6,0.0,0.0774074074074074,0.0,0.399,optimal
2021-02-13 17:00:00,77,6,0.0,1.006296296296296,0.0,0.4611,optimal
2021-02-13 17:30:00,77,6,0.0,0.0,0.0,0.284,optimal
2021-02-13 18:00:00,77,6,0.0,0.23222222222222222,0.0,0.9218666666666668,optimal
2021-02-13 18:30:00,77,6,0.0,0.0,0.0,1.6611333333333334,optimal
2021-02-13 19:00:00,77,6,0.0,0.0,0.0,0.066,optimal
2021-02-13 19:30:00,77,6,0.0,0.0,0.0,0.066,optimal
2021-02-13 20:00:00,77,6,0.8162110516764476,0.0,0.0,0.17933333333333334,optimal
2021-02-13 20:30:00,77,6,0.0,0.0,0.0,0.19516666666666663,optimal
2021-02-13 21:00:00,77,6,0.0,0.3096296296296296,0.0,0.292,optimal
2021-02-13 21:30:00,77,6,0.0,0.0774074074074074,0.0,0.49973333333333336,optimal
2021-02-13 22:00:00,77,6,0.0,0.0,0.0,0.40413333333333334,optimal
2021-02-13 22:30:00,77,6,0.0,0.0,0.0,0.3821666666666667,optimal
2021-02-13 23:00:00,77,6,0.0,0.0,0.0,1.0275666666666665,optimal
2021-02-13 23:30:00,77,6,0.0,0.1548148148148148,0.0,1.4218666666666666,optimal
2021-02-07 00:00:00,78,6,0.0,0.0,0.0,0.054,optimal
2021-02-07 00:30:00,78,6,0.0,0.0,0.0,0.056,optimal
2021-02-07 01:00:00,78,6,0.0,0.0,0.0,0.06,optimal
2021-02-07 01:30:00,78,6,0.0,0.0,0.0,0.24766666666666662,optimal
2021-02-07 02:00:00,78,6,0.0,0.0,0.0,0.08333333333333333,optimal
2021-02-07 02:30:00,78,6,0.0,0.0,0.0,0.17633333333333334,optimal
2021-02-07 03:00:00,78,6,0.0,0.0,0.0,0.1864,optimal
2021-02-07 03:30:00,78,6,0.0,0.0,0.0,0.06346666666666667,optimal
2021-02-07 04:00:00,78,6,1.1428571428571428,0.0,0.0,0.277,optimal
2021-02-07 04:30:00,78,6,1.1428571428571428,0.0,0.0,0.054,optimal
2021-02-07 05:00:00,78,6,1.1428571428571428,0.0,0.0,0.1115,optimal
2021-02-07 05:30:00,78,6,1.1428571428571428,0.0,0.0,0.1908333333333333,optimal
2021-02-07 06:00:00,78,6,1.1428571428571428,0.46444444444444444,1.305830934193062,0.08733333333333333,optimal
2021-02-07 06:30:00,78,6,1.1428571428571428,0.46444444444444444,0.0,0.133,optimal
2021-02-07 07:00:00,78,6,1.1428571428571428,0.3096296296296296,0.0,0.20483333333333328,optimal
2021-02-07 07:30:00,78,6,0.0,3.096296296296296,0.0,0.06383333333333334,optimal
2021-02-07 08:00:00,78,6,0.0,0.387037037037037,0.0,0.188,optimal
2021-02-07 08:30:00,78,6,0.06884129218247939,0.7167925925925925,0.0,0.22453333333333333,optimal
2021-02-07 09:00:00,78,6,0.3984110622467829,2.069874074074074,0.0,0.3068333333333333,optimal
2021-02-07 09:30:00,78,6,0.3973813901102562,0.46444444444444444,0.0,0.4573666666666667,optimal
2021-02-07 10:00:00,78,6,0.41926725198369047,0.6192592592592592,0.0,1.2035,optimal
2021-02-07 10:30:00,78,6,0.4542894533996106,0.3096296296296296,0.0,0.3,optimal
2021-02-07 11:00:00,78,6,0.3635221772775383,6.347407407407409,0.0,0.37839999999999996,optimal
2021-02-07 11:30:00,78,6,0.3880936058489595,0.0,0.0,0.24506666666666663,optimal
2021-02-07 12:00:00,78,6,0.10169513153483982,0.3096296296296296,0.0,1.0912666666666668,optimal
2021-02-07 12:30:00,78,6,0.14079036963007244,0.0774074074074074,0.0,0.9256,optimal
2021-02-07 13:00:00,78,6,1.1428571428571428,0.0,0.0,0.38053333333333333,optimal
2021-02-07 13:30:00,78,6,1.1428571428571428,0.0,0.0,1.2418666666666665,optimal
2021-02-07 14:00:00,78,6,1.1428571428571428,0.0,0.0,0.064,optimal
2021-02-07 14:30:00,78,6,1.1428571428571428,0.0,0.0,0.071,optimal
2021-02-07 15:00:00,78,6,1.1428571428571428,0.0,0.0,0.722,optimal
2021-02-07 15:30:00,78,6,1.1428571428571428,0.0,0.0,0.07843333333333334,optimal
2021-02-07 16:00:00,78,6,0.0,0.6966666666666667,0.0,0.3142333333333333,optimal
2021-02-07 16:30:00,78,6,0.0,0.46444444444444444,0.0,0.1895,optimal
2021-02-07 17:00:00,78,6,0.0,0.387037037037037,0.0,0.3532,optimal
2021-02-07 17:30:00,78,6,0.0,0.0774074074074074,0.0,0.6772,optimal
2021-02-07 18:00:00,78,6,0.0,0.0,0.0,0.2810666666666667,optimal
2021-02-07 18:30:00,78,6,0.0,0.387037037037037,0.0,0.8470333333333333,optimal
2021-02-07 19:00:00,78,6,0.0,0.0,0.0,0.6635,optimal
2021-02-07 19:30:00,78,6,0.0,0.0,0.0,1.4643333333333333,optimal
2021-02-07 20:00:00,78,6,0.10123770300954686,0.0,0.0,0.3956,optimal
2021-02-07 20:30:00,78,6,0.0,0.6192592592592592,0.0,0.6767666666666666,optimal
2021-02-07 21:00:00,78,6,0.0,1.6255555555555554,0.0,0.5702,optimal
2021-02-07 21:30:00,78,6,0.0,0.6966666666666667,0.0,2.6646666666666663,optimal
2021-02-07 22:00:00,78,6,0.0,0.0,0.0,2.8443,optimal
2021-02-07 22:30:00,78,6,0.0,0.0,0.0,0.8172666666666667,optimal
2021-02-07 23:00:00,78,6,0.0,0.6192592592592592,0.0,0.3793,optimal
2021-02-07 23:30:00,78,6,0.0,0.1548148148148148,0.0,0.29810000000000003,optimal
2021-02-08 00:00:00,78,6,0.0,0.0,0.0,1.0174,optimal
2021-02-08 00:30:00,78,6,0.0,0.0774074074074074,0.0,0.256,optimal
2021-02-08 01:00:00,78,6,0.0,0.0,0.0,0.3238333333333333,optimal
2021-02-08 01:30:00,78,6,0.0,0.0,0.0,0.6051,optimal
2021-02-08 02:00:00,78,6,0.338761066712626,0.0,0.0,0.1351,optimal
2021-02-08 02:30:00,78,6,1.1428571428571428,0.0,0.0,0.091,optimal
2021-02-08 03:00:00,78,6,1.1428571428571428,0.0,0.0,0.21106666666666662,optimal
2021-02-08 03:30:00,78,6,1.1428571428571428,0.0,0.0,0.10953333333333332,optimal
2021-02-08 04:00:00,78,6,1.1428571428571428,0.0,0.0,0.081,optimal
2021-02-08 04:30:00,78,6,1.1428571428571428,0.0,0.0,0.2343,optimal
2021-02-08 05:00:00,78,6,1.1428571428571428,0.0,0.0,0.07629999999999999,optimal
2021-02-08 05:30:00,78,6,1.1428571428571428,0.0,0.0,0.061,optimal
2021-02-08 06:00:00,78,6,1.1428571428571428,0.0,0.0,0.22626666666666667,optimal
2021-02-08 06:30:00,78,6,1.1428571428571428,0.0,4.2641675619679935,0.09433333333333331,optimal
2021-02-08 07:00:00,78,6,1.1428571428571428,0.5418518518518518,5.0,0.21566666666666662,optimal
2021-02-08 07:30:00,78,6,1.1428571428571428,0.23222222222222222,0.0,0.5244666666666667,optimal
2021-02-08 08:00:00,78,6,0.3336292460601395,0.3096296296296296,0.0,1.157,optimal
2021-02-08 08:30:00,78,6,0.6713076379522521,0.3096296296296296,0.0,0.201,optimal
2021-02-08 09:00:00,78,6,0.42507093048404304,0.0,0.0,0.3684666666666666,optimal
2021-02-08 09:30:00,78,6,0.24929334264588218,0.0,0.0,1.180233333333333,optimal
2021-02-08 10:00:00,78,6,0.35345511686603376,0.3096296296296296,0.0,0.6693666666666667,optimal
2021-02-08 10:30:00,78,6,0.4030403237518209,0.0,0.0,0.38146666666666657,optimal
2021-02-08 11:00:00,78,6,0.2533407410655041,0.0,0.0,0.188,optimal
2021-02-08 11:30:00,78,6,0.23124330155435288,0.23222222222222222,0.0,0.3173333333333333,optimal
2021-02-08 12:00:00,78,6,0.20573651393801395,0.0,0.0,0.2344,optimal
2021-02-08 12:30:00,78,6,0.20128449205855686,0.0,0.0,0.27163333333333334,optimal
2021-02-08 13:00:00,78,6,0.0,0.0774074074074074,0.0,1.2165,optimal
2021-02-08 13:30:00,78,6,0.19046471922439573,0.0,0.0,0.187,optimal
2021-02-08 14:00:00,78,6,1.0342034267157438,0.23222222222222222,0.0,0.4899,optimal
2021-02-08 14:30:00,78,6,1.1428571428571428,0.3096296296296296,0.0,0.2236,optimal
2021-02-08 15:00:00,78,6,1.1428571428571428,0.0,0.0,0.3883666666666667,optimal
2021-02-08 15:30:00,78,6,1.1428571428571428,0.0,0.0,0.7585333333333333,optimal
2021-02-08 16:00:00,78,6,0.0,0.0,0.0,2.9997,optimal
2021-02-08 16:30:00,78,6,0.0,0.1548148148148148,0.0,0.5125333333333333,optimal
2021-02-08 17:00:00,78,6,0.0,0.6610592592592593,0.0,0.22340000000000002,optimal
2021-02-08 17:30:00,78,6,0.0,0.11301481481481486,0.0,0.4019,optimal
2021-02-08 18:00:00,78,6,0.0,0.0,0.0,1.7644333333333333,optimal
2021-02-08 18:30:00,78,6,0.0,0.387037037037037,0.0,0.26896666666666663,optimal
2021-02-08 19:00:00,78,6,0.0,0.1548148148148148,0.0,0.15746666666666667,optimal
2021-02-08 19:30:00,78,6,0.0,0.8514814814814814,0.0,0.21353333333333332,optimal
2021-02-08 20:00:00,78,6,0.0,0.0,0.0,0.3708333333333333,optimal
2021-02-08 20:30:00,78,6,0.0,5.495925925925925,0.0,0.9201,optimal
2021-02-08 21:00:00,78,6,0.0,0.1548148148148148,0.0,0.1865,optimal
2021-02-08 21:30:00,78,6,0.0,0.0,0.0,0.22846666666666668,optimal
2021-02-08 22:00:00,78,6,0.0,0.0774074074074074,0.0,0.17093333333333333,optimal
2021-02-08 22:30:00,78,6,0.0,0.0,0.0,0.344,optimal
2021-02-08 23:00:00,78,6,0.0,0.0,0.0,0.24366666666666664,optimal
2021-02-08 23:30:00,78,6,0.0,0.0,0.0,0.0773,optimal
2021-02-09 00:00:00,78,6,0.0,0.0,0.0,0.062,optimal
2021-02-09 00:30:00,78,6,0.0,0.0,0.0,0.062,optimal
2021-02-09 01:00:00,78,6,0.0,0.0,0.0,0.062,optimal
2021-02-09 01:30:00,78,6,0.5598769510420912,0.0,0.0,0.062,optimal
2021-02-09 02:00:00,78,6,1.1428571428571428,0.0,0.0,0.22186666666666668,optimal
2021-02-09 02:30:00,78,6,1.1428571428571428,0.0,0.0,0.062,optimal
2021-02-09 03:00:00,78,6,1.1428571428571428,0.0,0.0,0.1274,optimal
2021-02-09 03:30:00,78,6,1.1428571428571428,0.0,0.0,0.15646666666666667,optimal
2021-02-09 04:00:00,78,6,1.1428571428571428,0.0,0.0,0.062,optimal
2021-02-09 04:30:00,78,6,1.1428571428571428,0.0,0.0,0.062,optimal
2021-02-09 05:00:00,78,6,1.1428571428571428,0.0,0.0,0.22186666666666668,optimal
2021-02-09 05:30:00,78,6,1.1428571428571428,0.0,2.191532563326387,0.062,optimal
2021-02-09 06:00:00,78,6,1.1428571428571428,0.3096296296296296,5.0,0.2533333333333333,optimal
2021-02-09 06:30:00,78,6,1.1428571428571428,0.6192592592592592,5.0,0.41186666666666666,optimal
2021-02-09 07:00:00,78,6,1.1428571428571428,2.7092592592592597,5.0,1.2151333333333334,optimal
2021-02-09 07:30:00,78,6,1.1428571428571428,0.6192592592592592,0.0,0.1728,optimal
2021-02-09 08:00:00,78,6,0.5410014397558134,0.3096296296296296,0.0,0.29553333333333337,optimal
2021-02-09 08:30:00,78,6,0.25247242334621517,0.387037037037037,0.0,1.4755333333333334,optimal
2021-02-09 09:00:00,78,6,0.23434621788761015,1.9351851851851851,0.0,2.831833333333333,optimal
2021-02-09 09:30:00,78,6,0.11912056602079564,0.46444444444444444,0.0,3.6186666666666665,optimal
2021-02-09 10:00:00,78,6,0.09228001824499575,0.0774074074074074,0.0,2.851633333333333,optimal
2021-02-09 10:30:00,78,6,0.2870459432766221,0.0,0.0,0.5624333333333332,optimal
2021-02-09 11:00:00,78,6,0.16935943194155,3.173703703703704,0.0,0.4993666666666667,optimal
2021-02-09 11:30:00,78,6,0.15920404551929912,0.23222222222222222,0.0,0.4378333333333333,optimal
2021-02-09 12:00:00,78,6,0.10854615336290008,0.0,0.0,0.27023333333333327,optimal
2021-02-09 12:30:00,78,6,0.11704249216609455,0.0,0.0,0.248,optimal
2021-02-09 13:00:00,78,6,0.0,0.0774074074074074,0.0,0.6255333333333333,optimal
2021-02-09 13:30:00,78,6,1.107728933884468,0.0,0.0,0.41586666666666666,optimal
2021-02-09 14:00:00,78,6,1.1428571428571428,0.0,0.0,0.4829,optimal
2021-02-09 14:30:00,78,6,1.1428571428571428,1.6255555555555554,0.0,0.312,optimal
2021-02-09 15:00:00,78,6,1.1428571428571428,0.0,0.0,0.072,optimal
2021-02-09 15:30:00,78,6,1.1428571428571428,0.3096296296296296,0.0,0.3186333333333333,optimal
2021-02-09 16:00:00,78,6,0.0,0.23222222222222222,0.0,0.9965333333333332,optimal
2021-02-09 16:30:00,78,6,0.0,0.0,0.0,0.12286666666666667,optimal
2021-02-09 17:00:00,78,6,0.0,0.46444444444444444,0.0,1.703733333333333,optimal
2021-02-09 17:30:00,78,6,0.0,0.0,0.0,0.2547666666666667,optimal
2021-02-09 18:00:00,78,6,0.0,0.0,0.0,0.3525,optimal
2021-02-09 18:30:00,78,6,0.0,0.0774074074074074,0.0,0.34703333333333336,optimal
2021-02-09 19:00:00,78,6,0.0,0.0,0.0,0.4228,optimal
2021-02-09 19:30:00,78,6,0.0,0.0,0.0,0.3808666666666667,optimal
2021-02-09 20:00:00,78,6,0.0,0.0774074074074074,0.0,0.22166666666666662,optimal
2021-02-09 20:30:00,78,6,0.0,0.774074074074074,0.0,0.3375666666666667,optimal
2021-02-09 21:00:00,78,6,0.0,0.0,0.0,0.38523333333333337,optimal
2021-02-09 21:30:00,78,6,0.0,0.0,0.0,0.18566666666666662,optimal
2021-02-09 22:00:00,78,6,0.0,0.6966666666666667,0.0,0.298,optimal
2021-02-09 22:30:00,78,6,0.0,0.23222222222222222,0.0,0.08833333333333333,optimal
2021-02-09 23:00:00,78,6,0.0,0.3096296296296296,0.0,0.18266666666666662,optimal
2021-02-09 23:30:00,78,6,0.0,0.1548148148148148,0.0,0.20403333333333334,optimal
2021-02-10 00:00:00,78,6,0.0,0.0,0.0,0.053,optimal
2021-02-10 00:30:00,78,6,0.0,0.0,0.0,0.063,optimal
2021-02-10 01:00:00,78,6,0.44436425401226404,0.0,0.0,0.14233333333333334,optimal
2021-02-10 01:30:00,78,6,1.1428571428571428,0.0,0.0,0.046,optimal
2021-02-10 02:00:00,78,6,1.1428571428571428,0.0,0.0,0.046,optimal
2021-02-10 02:30:00,78,6,1.1428571428571428,0.0,0.0,0.08566666666666667,optimal
2021-02-10 03:00:00,78,6,1.1428571428571428,0.0,0.0,0.11966666666666669,optimal
2021-02-10 03:30:00,78,6,1.1428571428571428,0.0,0.0,0.046,optimal
2021-02-10 04:00:00,78,6,1.1428571428571428,0.0,0.0,0.10266666666666668,optimal
2021-02-10 04:30:00,78,6,1.1428571428571428,0.0,0.0,0.10266666666666668,optimal
2021-02-10 05:00:00,78,6,1.1428571428571428,0.0,0.0,0.046,optimal
2021-02-10 05:30:00,78,6,1.1428571428571428,0.0,1.3521130343812318,0.046,optimal
2021-02-10 06:00:00,78,6,1.1428571428571428,2.4770370370370367,5.0,0.3716333333333333,optimal
2021-02-10 06:30:00,78,6,1.1428571428571428,2.4600074074074074,5.0,0.050333333333333334,optimal
2021-02-10 07:00:00,78,6,1.1428571428571428,0.017029629629629645,5.0,0.1346,optimal
2021-02-10 07:30:00,78,6,1.1428571428571428,2.3222222222222215,0.0,0.11333333333333331,optimal
2021-02-10 08:00:00,78,6,0.7028311053370551,0.0,0.0,1.1502333333333332,optimal
2021-02-10 08:30:00,78,6,0.668607654886165,0.5418518518518518,0.0,1.2681666666666667,optimal
2021-02-10 09:00:00,78,6,0.5590845558439749,0.1548148148148148,0.0,0.17426666666666668,optimal
2021-02-10 09:30:00,78,6,0.5825372958692749,0.0774074074074074,0.0,0.145,optimal
2021-02-10 10:00:00,78,6,0.44590324909717616,0.0,0.0,0.068,optimal
2021-02-10 10:30:00,78,6,0.5046142326875739,0.0,0.0,0.08266666666666667,optimal
2021-02-10 11:00:00,78,6,0.37184777758576265,0.0,0.0,0.14666666666666667,optimal
2021-02-10 11:30:00,78,6,0.3934646237888851,0.0,0.0,0.056,optimal
2021-02-10 12:00:00,78,6,0.18801465544763796,0.1548148148148148,0.0,0.0688,optimal
2021-02-10 12:30:00,78,6,0.03898608401906184,0.0,0.0,0.32339999999999997,optimal
2021-02-10 13:00:00,78,6,0.02250819071829618,0.23222222222222222,0.0,1.22,optimal
2021-02-10 13:30:00,78,6,1.1428571428571428,0.1548148148148148,0.0,0.3101666666666667,optimal
2021-02-10 14:00:00,78,6,1.1428571428571428,0.0,0.0,0.483,optimal
2021-02-10 14:30:00,78,6,1.1428571428571428,0.1548148148148148,0.0,0.07,optimal
2021-02-10 15:00:00,78,6,1.1428571428571428,0.0,0.0,0.1716,optimal
2021-02-10 15:30:00,78,6,1.1428571428571428,0.23222222222222222,0.0,0.054,optimal
2021-02-10 16:00:00,78,6,0.0,0.0,0.0,0.16733333333333333,optimal
2021-02-10 16:30:00,78,6,0.0,0.0,0.0,0.06786666666666666,optimal
2021-02-10 17:00:00,78,6,0.0,0.0,0.0,0.07,optimal
2021-02-10 17:30:00,78,6,0.0,0.23222222222222222,0.0,0.2495,optimal
2021-02-10 18:00:00,78,6,0.0,0.0,0.0,0.3098666666666667,optimal
2021-02-10 18:30:00,78,6,0.0,0.1548148148148148,0.0,0.3073333333333333,optimal
2021-02-10 19:00:00,78,6,0.0,0.0774074074074074,0.0,0.1823333333333333,optimal
2021-02-10 19:30:00,78,6,0.0,0.1548148148148148,0.0,0.2172666666666667,optimal
2021-02-10 20:00:00,78,6,0.0,0.0,0.0,0.08433333333333333,optimal
2021-02-10 20:30:00,78,6,0.0,0.0,0.0,0.13533333333333333,optimal
2021-02-10 21:00:00,78,6,0.0,0.0,0.0,0.09,optimal
2021-02-10 21:30:00,78,6,0.0,0.0,0.0,0.056,optimal
2021-02-10 22:00:00,78,6,0.0,0.3096296296296296,0.0,0.11966666666666669,optimal
2021-02-10 22:30:00,78,6,0.0,2.5544444444444445,0.0,0.12566666666666668,optimal
2021-02-10 23:00:00,78,6,0.0,0.3096296296296296,0.0,0.09173333333333332,optimal
2021-02-10 23:30:00,78,6,0.0,0.0,0.0,0.5026333333333334,optimal
2021-02-11 00:00:00,78,6,1.1428571428571428,0.0,0.0,0.049,optimal
2021-02-11 00:30:00,78,6,1.1428571428571428,0.0,0.0,0.1385,optimal
2021-02-11 01:00:00,78,6,1.1428571428571428,0.0,0.0,0.09076666666666668,optimal
2021-02-11 01:30:00,78,6,1.1428571428571428,0.0,0.0,0.049,optimal
2021-02-11 02:00:00,78,6,1.1428571428571428,0.0,0.0,0.1802666666666667,optimal
2021-02-11 02:30:00,78,6,1.1428571428571428,0.0,0.0,0.049,optimal
2021-02-11 03:00:00,78,6,1.1428571428571428,0.0,0.0,0.16833333333333333,optimal
2021-02-11 03:30:00,78,6,1.1428571428571428,0.0,0.0,0.06093333333333333,optimal
2021-02-11 04:00:00,78,6,1.1428571428571428,0.0,0.0,0.1206,optimal
2021-02-11 04:30:00,78,6,1.1428571428571428,0.0,0.0,0.10866666666666669,optimal
2021-02-11 05:00:00,78,6,1.1428571428571428,0.0,0.0,0.049,optimal
2021-02-11 05:30:00,78,6,1.1428571428571428,0.0,1.5891751309846158,0.0848,optimal
2021-02-11 06:00:00,78,6,1.1428571428571428,0.0,5.0,0.14446666666666666,optimal
2021-02-11 06:30:00,78,6,1.1428571428571428,0.0,5.0,0.049,optimal
2021-02-11 07:00:00,78,6,1.1428571428571428,0.46444444444444444,5.0,0.13119999999999998,optimal
2021-02-11 07:30:00,78,6,1.1428571428571428,2.6388220320051103,0.0,0.09473333333333332,optimal
2021-02-11 08:00:00,78,6,0.8320007554777906,0.23222222222222222,0.0,0.115,optimal
2021-02-11 08:30:00,78,6,0.7336088195064355,0.0,0.0,1.3063333333333333,optimal
2021-02-11 09:00:00,78,6,0.5669335456303556,0.1548148148148148,0.0,0.46803333333333336,optimal
2021-02-11 09:30:00,78,6,0.5452096032200318,0.387037037037037,0.0,1.5688,optimal
2021-02-11 10:00:00,78,6,0.3653212041217736,0.0,0.0,0.1851,optimal
2021-02-11 10:30:00,78,6,0.3896639364268302,0.0,0.0,0.12413333333333335,optimal
2021-02-11 11:00:00,78,6,0.09987195774968488,0.1548148148148148,0.0,2.8139333333333334,optimal
2021-02-11 11:30:00,78,6,0.20578878046360904,0.0,0.0,0.3393,optimal
2021-02-11 12:00:00,78,6,0.09094226527281221,0.3096296296296296,0.0,0.09626666666666668,optimal
2021-02-11 12:30:00,78,6,0.08771843225979367,0.0,0.0,0.05766666666666666,optimal
2021-02-11 13:00:00,78,6,0.6950000918607196,0.0,0.0,0.059,optimal
2021-02-11 13:30:00,78,6,1.1428571428571428,0.0,0.0,1.6907999999999999,optimal
2021-02-11 14:00:00,78,6,1.1428571428571428,0.0,0.0,4.6765,optimal
2021-02-11 14:30:00,78,6,1.1428571428571428,0.1548148148148148,0.0,2.9447666666666668,optimal
2021-02-11 15:00:00,78,6,1.1428571428571428,0.0,0.0,2.3253666666666666,optimal
2021-02-11 15:30:00,78,6,1.1428571428571428,0.23222222222222222,0.0,2.9163666666666668,optimal
2021-02-11 16:00:00,78,6,0.0,0.774074074074074,0.0,3.929733333333333,optimal
2021-02-11 16:30:00,78,6,0.0,0.0,0.0,3.093933333333333,optimal
2021-02-11 17:00:00,78,6,0.0,0.5418518518518518,0.0,2.4396666666666667,optimal
2021-02-11 17:30:00,78,6,0.0,0.6966666666666667,0.0,2.6415666666666664,optimal
2021-02-11 18:00:00,78,6,0.0,0.1548148148148148,0.0,0.9869,optimal
2021-02-11 18:30:00,78,6,0.0,0.0774074074074074,0.0,1.9841,optimal
2021-02-11 19:00:00,78,6,0.0,0.0,0.0,2.758966666666667,optimal
2021-02-11 19:30:00,78,6,0.0,0.3096296296296296,0.0,0.32053333333333334,optimal
2021-02-11 20:00:00,78,6,0.0,0.387037037037037,0.0,0.6002000000000001,optimal
2021-02-11 20:30:00,78,6,0.0,1.433585185185185,0.0,0.6236,optimal
2021-02-11 21:00:00,78,6,0.0,0.9660444444444445,0.0,0.2794,optimal
2021-02-11 21:30:00,78,6,0.0,1.433585185185185,0.0,0.35546666666666665,optimal
2021-02-11 22:00:00,78,6,0.0,1.0434518518518519,0.0,0.4184666666666666,optimal
2021-02-11 22:30:00,78,6,0.0,0.23222222222222222,0.0,1.0872,optimal
2021-02-11 23:00:00,78,6,0.0,0.0,0.0,0.059,optimal
2021-02-11 23:30:00,78,6,0.0,0.0,0.0,0.15643333333333334,optimal
2021-02-12 00:00:00,78,6,1.1428571428571428,0.0,0.0,0.053,optimal
2021-02-12 00:30:00,78,6,1.1428571428571428,0.0774074074074074,0.0,0.0512,optimal
2021-02-12 01:00:00,78,6,1.1428571428571428,0.0,0.0,0.2618333333333333,optimal
2021-02-12 01:30:00,78,6,1.1428571428571428,0.0,0.0,0.5153,optimal
2021-02-12 02:00:00,78,6,1.1428571428571428,0.6192592592592592,0.0,0.18669999999999998,optimal
2021-02-12 02:30:00,78,6,1.1428571428571428,0.0,0.0,0.3107,optimal
2021-02-12 03:00:00,78,6,1.1428571428571428,0.0,0.0,0.2163333333333333,optimal
2021-02-12 03:30:00,78,6,1.1428571428571428,0.46444444444444444,0.0,0.5670666666666667,optimal
2021-02-12 04:00:00,78,6,1.1428571428571428,4.721851851851852,0.0,0.31653333333333333,optimal
2021-02-12 04:30:00,78,6,1.1428571428571428,0.6192592592592592,0.0,0.194,optimal
2021-02-12 05:00:00,78,6,1.1428571428571428,0.0,0.0,0.19473333333333329,optimal
2021-02-12 05:30:00,78,6,1.1428571428571428,0.0,0.0,0.062,optimal
2021-02-12 06:00:00,78,6,1.1428571428571428,0.0,0.0,0.062,optimal
2021-02-12 06:30:00,78,6,1.1428571428571428,0.0,4.377468983606045,0.17663333333333334,optimal
2021-02-12 07:00:00,78,6,1.1428571428571428,3.6613703703703697,5.0,0.21209999999999998,optimal
2021-02-12 07:30:00,78,6,1.1428571428571428,2.3173618937472322,0.0,0.2750666666666667,optimal
2021-02-12 08:00:00,78,6,0.8698366962783785,0.0,0.0,0.16013333333333332,optimal
2021-02-12 08:30:00,78,6,0.8976601467292692,0.23222222222222222,0.0,0.06476666666666667,optimal
2021-02-12 09:00:00,78,6,0.7148075084694494,0.0,0.0,0.2057333333333333,optimal
2021-02-12 09:30:00,78,6,0.7028924106525198,0.0,0.0,0.06933333333333333,optimal
2021-02-12 10:00:00,78,6,0.4923907387119745,0.0,0.0,0.062,optimal
2021-02-12 10:30:00,78,6,0.43731526638162,0.0,0.0,0.19473333333333329,optimal
2021-02-12 11:00:00,78,6,0.29156708029438216,0.0,0.0,0.062,optimal
2021-02-12 11:30:00,78,6,0.2894231224435621,0.0,0.0,0.062,optimal
2021-02-12 12:00:00,78,6,0.2253181105259428,0.0,0.0,0.062,optimal
2021-02-12 12:30:00,78,6,0.22317415267513444,0.0,0.0,0.062,optimal
2021-02-12 13:00:00,78,6,0.19751216717940176,0.0,0.0,0.17663333333333334,optimal
2021-02-12 13:30:00,78,6,1.1428571428571428,0.0,0.0,0.08009999999999999,optimal
2021-02-12 14:00:00,78,6,1.1428571428571428,0.0,0.0,0.062,optimal
2021-02-12 14:30:00,78,6,1.1428571428571428,0.0,0.0,0.18266666666666662,optimal
2021-02-12 15:00:00,78,6,1.1428571428571428,0.0,0.0,0.07406666666666667,optimal
2021-02-12 15:30:00,78,6,1.1428571428571428,0.23222222222222222,0.0,0.13026666666666667,optimal
2021-02-12 16:00:00,78,6,0.0,0.0,0.0,0.13596666666666668,optimal
2021-02-12 16:30:00,78,6,0.0,0.0,0.0,0.10406666666666667,optimal
2021-02-12 17:00:00,78,6,0.0,0.0,0.0,0.2553333333333333,optimal
2021-02-12 17:30:00,78,6,0.0,0.0774074074074074,0.0,0.5046,optimal
2021-02-12 18:00:00,78,6,0.0,0.23222222222222222,0.0,0.31626666666666664,optimal
2021-02-12 18:30:00,78,6,0.0,0.6192592592592592,0.0,0.7135,optimal
2021-02-12 19:00:00,78,6,0.0,0.0774074074074074,0.0,1.9715333333333334,optimal
2021-02-12 19:30:00,78,6,0.0,0.46444444444444444,0.0,2.328466666666667,optimal
2021-02-12 20:00:00,78,6,0.0,0.0,0.0,1.5348,optimal
2021-02-12 20:30:00,78,6,0.0,0.0,0.0,0.5276000000000001,optimal
2021-02-12 21:00:00,78,6,0.0,0.0,0.0,0.6299333333333332,optimal
2021-02-12 21:30:00,78,6,0.0,0.0,0.0,0.3693,optimal
2021-02-12 22:00:00,78,6,0.0,0.3096296296296296,0.0,0.6759666666666667,optimal
2021-02-12 22:30:00,78,6,0.0,0.3096296296296296,0.0,0.11913333333333334,optimal
2021-02-12 23:00:00,78,6,0.0,0.0,0.0,0.13440000000000002,optimal
2021-02-12 23:30:00,78,6,0.0,0.0,0.0,0.12233333333333331,optimal
2021-02-13 00:00:00,78,6,0.0,0.0,0.0,0.062,optimal
2021-02-13 00:30:00,78,6,0.0,0.0,0.0,0.20616666666666664,optimal
2021-02-13 01:00:00,78,6,0.40074338336729853,0.0,0.0,0.11636666666666666,optimal
2021-02-13 01:30:00,78,6,1.1428571428571428,0.0,0.0,0.09966666666666668,optimal
2021-02-13 02:00:00,78,6,1.1428571428571428,0.0,0.0,0.09966666666666668,optimal
2021-02-13 02:30:00,78,6,1.1428571428571428,0.0,0.0,0.062,optimal
2021-02-13 03:00:00,78,6,1.1428571428571428,0.0,0.0,0.1185,optimal
2021-02-13 03:30:00,78,6,1.1428571428571428,0.0,0.0,0.20403333333333334,optimal
2021-02-13 04:00:00,78,6,1.1428571428571428,0.0,0.0,0.08836666666666666,optimal
2021-02-13 04:30:00,78,6,1.1428571428571428,0.0,0.0,0.17816666666666667,optimal
2021-02-13 05:00:00,78,6,1.1428571428571428,0.0,0.0,0.118,optimal
2021-02-13 05:30:00,78,6,1.1428571428571428,0.0,0.0,0.062,optimal
2021-02-13 06:00:00,78,6,1.1428571428571428,0.0,1.272827764964874,0.2213333333333333,optimal
2021-02-13 06:30:00,78,6,1.1428571428571428,0.0,5.0,0.1012,optimal
2021-02-13 07:00:00,78,6,1.1428571428571428,0.3096296296296296,5.0,0.17416666666666666,optimal
2021-02-13 07:30:00,78,6,1.1428571428571428,0.46444444444444444,0.0,0.40813333333333335,optimal
2021-02-13 08:00:00,78,6,0.8890578513565391,0.0,0.0,0.062,optimal
2021-02-13 08:30:00,78,6,0.8719043696961866,0.0,0.0,0.11453333333333332,optimal
2021-02-13 09:00:00,78,6,0.7384963712029006,0.0,0.0,0.2093333333333333,optimal
2021-02-13 09:30:00,78,6,0.7641099152821474,0.0,0.0,0.09083333333333331,optimal
2021-02-13 10:00:00,78,6,0.5564901908241187,0.0,0.0,0.1565,optimal
2021-02-13 10:30:00,78,6,0.485517661544726,0.0,0.0,0.2572,optimal
2021-02-13 11:00:00,78,6,0.24499800336133964,0.1548148148148148,0.0,0.2848,optimal
2021-02-13 11:30:00,78,6,0.32988261693908677,0.0,0.0,0.18519999999999998,optimal
2021-02-13 12:00:00,78,6,0.2328755430797681,0.0,0.0,0.1270333333333333,optimal
2021-02-13 12:30:00,78,6,0.08665429404480025,0.46444444444444444,0.0,0.38713333333333333,optimal
2021-02-13 13:00:00,78,6,1.1428571428571428,0.0,0.0,0.39926666666666666,optimal
2021-02-13 13:30:00,78,6,1.1428571428571428,0.3096296296296296,0.0,0.3213333333333333,optimal
2021-02-13 14:00:00,78,6,1.1428571428571428,0.0,0.0,0.30676666666666663,optimal
2021-02-13 14:30:00,78,6,1.1428571428571428,0.0,0.0,0.15893333333333334,optimal
2021-02-13 15:00:00,78,6,1.1428571428571428,0.0,0.0,0.10213333333333334,optimal
2021-02-13 15:30:00,78,6,1.1428571428571428,0.0,0.0,0.10590000000000001,optimal
2021-02-13 16:00:00,78,6,0.0,0.0,0.0,0.1061,optimal
2021-02-13 16:30:00,78,6,0.0,0.46444444444444444,0.0,0.26003333333333334,optimal
2021-02-13 17:00:00,78,6,0.0,0.0774074074074074,0.0,0.5721,optimal
2021-02-13 17:30:00,78,6,0.0,0.0,0.0,0.20853333333333332,optimal
2021-02-13 18:00:00,78,6,0.0,0.387037037037037,0.0,0.32626666666666665,optimal
2021-02-13 18:30:00,78,6,0.0,0.1548148148148148,0.0,0.2969333333333333,optimal
2021-02-13 19:00:00,78,6,0.0,0.5418518518518518,0.0,0.3076333333333333,optimal
2021-02-13 19:30:00,78,6,0.39552860496050884,0.46444444444444444,0.0,0.5682666666666667,optimal
2021-02-13 20:00:00,78,6,0.5787560521686119,0.6192592592592592,0.0,0.6193333333333334,optimal
2021-02-13 20:30:00,78,6,0.0,0.0,0.0,1.557766666666667,optimal
2021-02-13 21:00:00,78,6,0.0,0.23222222222222222,0.0,0.7630333333333333,optimal
2021-02-13 21:30:00,78,6,0.0,0.6192592592592592,0.0,1.2147999999999999,optimal
2021-02-13 22:00:00,78,6,0.0,0.1548148148148148,0.0,0.5706333333333333,optimal
2021-02-13 22:30:00,78,6,0.0,0.0,0.0,0.4691,optimal
2021-02-13 23:00:00,78,6,0.0,0.8514814814814814,0.0,0.316,optimal
2021-02-13 23:30:00,78,6,0.0,0.0,0.0,0.5145333333333333,optimal
2021-02-07 00:00:00,79,6,0.0,0.0,0.1010526315789512,0.2452333333333333,optimal
2021-02-07 00:30:00,79,6,0.0,0.0,0.0,0.17566666666666667,optimal
2021-02-07 01:00:00,79,6,0.0,0.0,0.0,0.15580000000000002,optimal
2021-02-07 01:30:00,79,6,0.0,0.0,0.0,0.16353333333333334,optimal
2021-02-07 02:00:00,79,6,0.0,0.0,0.0,0.17566666666666667,optimal
2021-02-07 02:30:00,79,6,0.0,0.0,0.0,0.18966666666666662,optimal
2021-02-07 03:00:00,79,6,0.0,0.0,0.0,0.07206666666666667,optimal
2021-02-07 03:30:00,79,6,0.0,0.0,0.0,0.10623333333333332,optimal
2021-02-07 04:00:00,79,6,1.1428571428571428,0.0,0.0,0.29056666666666664,optimal
2021-02-07 04:30:00,79,6,1.1428571428571428,0.0,0.0,0.09820000000000001,optimal
2021-02-07 05:00:00,79,6,1.1428571428571428,0.0,0.0,0.1166,optimal
2021-02-07 05:30:00,79,6,1.1428571428571428,0.0,0.0,0.31939999999999996,optimal
2021-02-07 06:00:00,79,6,1.1428571428571428,0.0,0.0,0.1166,optimal
2021-02-07 06:30:00,79,6,1.1428571428571428,0.1548148148148148,0.0,0.17533333333333334,optimal
2021-02-07 07:00:00,79,6,1.1428571428571428,0.387037037037037,0.0,1.0973333333333333,optimal
2021-02-07 07:30:00,79,6,0.0,4.378162962962963,0.0,0.3569333333333333,optimal
2021-02-07 08:00:00,79,6,0.0,1.3499851851851854,0.0,0.40753333333333336,optimal
2021-02-07 08:30:00,79,6,0.25893270279166114,0.0,0.0,0.3236,optimal
2021-02-07 09:00:00,79,6,0.5413824908182183,0.0,0.0,0.3371,optimal
2021-02-07 09:30:00,79,6,0.5550480567769265,0.6966666666666667,0.0,0.3341,optimal
2021-02-07 10:00:00,79,6,0.504582490078925,2.631851851851852,0.0,0.31753333333333333,optimal
2021-02-07 10:30:00,79,6,0.5184989772091422,0.774074074074074,0.0,0.3136666666666667,optimal
2021-02-07 11:00:00,79,6,0.48201741537276716,2.012592592592592,0.0,0.13273333333333331,optimal
2021-02-07 11:30:00,79,6,0.3685221772775308,0.0,0.0,0.4446666666666667,optimal
2021-02-07 12:00:00,79,6,0.09214275058245994,0.0,0.0,1.3948666666666665,optimal
2021-02-07 12:30:00,79,6,0.3316284648681654,0.5418518518518518,0.0,0.2572333333333333,optimal
2021-02-07 13:00:00,79,6,0.3458371379825856,0.1548148148148148,0.0,0.2504333333333333,optimal
2021-02-07 13:30:00,79,6,0.3463027039412917,0.0,0.0,0.2315,optimal
2021-02-07 14:00:00,79,6,0.7761841344716993,0.0,0.0,0.2336,optimal
2021-02-07 14:30:00,79,6,1.1428571428571428,0.387037037037037,0.0,1.663733333333333,optimal
2021-02-07 15:00:00,79,6,1.1428571428571428,0.0,0.0,0.45039999999999997,optimal
2021-02-07 15:30:00,79,6,1.1428571428571428,0.0,0.0,0.3676666666666667,optimal
2021-02-07 16:00:00,79,6,0.0,0.0,0.0,0.2568333333333333,optimal
2021-02-07 16:30:00,79,6,0.0,0.774074074074074,0.0,0.38276666666666664,optimal
2021-02-07 17:00:00,79,6,0.0,0.6192592592592592,0.0,1.6896,optimal
2021-02-07 17:30:00,79,6,0.0,0.5418518518518518,0.0,0.5386,optimal
2021-02-07 18:00:00,79,6,0.0,0.1548148148148148,0.0,0.5689,optimal
2021-02-07 18:30:00,79,6,0.0,6.192592592592592,0.0,1.2688666666666666,optimal
2021-02-07 19:00:00,79,6,0.0,0.0,0.0,1.676,optimal
2021-02-07 19:30:00,79,6,0.0,0.0774074074074074,0.0,3.5544000000000002,optimal
2021-02-07 20:00:00,79,6,0.0,0.2740222222222222,0.0,1.9070333333333334,optimal
2021-02-07 20:30:00,79,6,0.0,2.2030148148148148,0.0,0.3900666666666667,optimal
2021-02-07 21:00:00,79,6,0.0,0.0,0.0,0.16306666666666667,optimal
2021-02-07 21:30:00,79,6,0.0,0.0,0.0,0.4589666666666666,optimal
2021-02-07 22:00:00,79,6,0.0,0.0,0.0,0.16743333333333335,optimal
2021-02-07 22:30:00,79,6,0.0,0.0,0.0,0.19313333333333332,optimal
2021-02-07 23:00:00,79,6,0.0,0.0,0.0,0.20526666666666668,optimal
2021-02-07 23:30:00,79,6,0.0,0.0,0.0,0.069,optimal
2021-02-08 00:00:00,79,6,0.0,0.0,0.0,0.06,optimal
2021-02-08 00:30:00,79,6,0.0,0.0,0.0,0.301,optimal
2021-02-08 01:00:00,79,6,0.0,0.0,0.0,0.1567333333333333,optimal
2021-02-08 01:30:00,79,6,0.0632024486832372,0.0,0.0,0.24216666666666664,optimal
2021-02-08 02:00:00,79,6,1.1428571428571428,0.0,0.0,0.14896666666666666,optimal
2021-02-08 02:30:00,79,6,1.1428571428571428,0.0,0.0,0.06,optimal
2021-02-08 03:00:00,79,6,1.1428571428571428,0.0,0.0,0.16466666666666666,optimal
2021-02-08 03:30:00,79,6,1.1428571428571428,0.0,0.0,0.24496666666666667,optimal
2021-02-08 04:00:00,79,6,1.1428571428571428,0.0,0.0,0.2127666666666667,optimal
2021-02-08 04:30:00,79,6,1.1428571428571428,0.0,0.0,0.06,optimal
2021-02-08 05:00:00,79,6,1.1428571428571428,0.0,0.0,0.06756666666666666,optimal
2021-02-08 05:30:00,79,6,1.1428571428571428,0.0,0.0,0.2888,optimal
2021-02-08 06:00:00,79,6,1.1428571428571428,0.0,1.230065281628006,0.0737,optimal
2021-02-08 06:30:00,79,6,1.1428571428571428,0.774074074074074,5.0,0.07913333333333333,optimal
2021-02-08 07:00:00,79,6,1.1428571428571428,2.4770370370370367,5.0,0.3425,optimal
2021-02-08 07:30:00,79,6,1.1428571428571428,0.5062444444444444,0.0,0.14423333333333332,optimal
2021-02-08 08:00:00,79,6,0.581566388917281,0.8096814814814816,0.0,0.341,optimal
2021-02-08 08:30:00,79,6,0.5970314474760589,2.39962962962963,0.0,0.4004,optimal
2021-02-08 09:00:00,79,6,0.5446956923888117,0.1548148148148148,0.0,0.3221,optimal
2021-02-08 09:30:00,79,6,0.5979685807411205,0.0,0.0,0.3839333333333333,optimal
2021-02-08 10:00:00,79,6,0.5379322597231688,0.0,0.0,0.1255,optimal
2021-02-08 10:30:00,79,6,0.5525641332756268,0.0,0.0,0.0968,optimal
2021-02-08 11:00:00,79,6,0.3611597886845512,0.0,0.0,0.15896666666666667,optimal
2021-02-08 11:30:00,79,6,0.31706234917340054,0.0,0.0,0.24930000000000002,optimal
2021-02-08 12:00:00,79,6,0.17515556155706527,0.387037037037037,0.0,0.4364333333333333,optimal
2021-02-08 12:30:00,79,6,0.0,0.0,0.0,1.4710999999999999,optimal
2021-02-08 13:00:00,79,6,1.1428571428571428,0.1548148148148148,0.0,0.48633333333333334,optimal
2021-02-08 13:30:00,79,6,1.1428571428571428,0.0,0.0,0.317,optimal
2021-02-08 14:00:00,79,6,1.1428571428571428,0.0,0.0,0.13803333333333334,optimal
2021-02-08 14:30:00,79,6,1.1428571428571428,0.0,0.0,0.1366,optimal
2021-02-08 15:00:00,79,6,1.1428571428571428,0.0,0.0,0.34113333333333334,optimal
2021-02-08 15:30:00,79,6,1.1428571428571428,0.0774074074074074,0.0,0.37976666666666664,optimal
2021-02-08 16:00:00,79,6,0.0,0.0,0.0,0.28526666666666667,optimal
2021-02-08 16:30:00,79,6,0.0,0.0,0.0,0.3926,optimal
2021-02-08 17:00:00,79,6,0.0,0.0,0.0,0.07,optimal
2021-02-08 17:30:00,79,6,0.0,0.0,0.0,0.32923333333333327,optimal
2021-02-08 18:00:00,79,6,0.0,0.0,0.0,0.1485,optimal
2021-02-08 18:30:00,79,6,0.0,0.0,0.0,0.2047,optimal
2021-02-08 19:00:00,79,6,0.0,0.1548148148148148,0.0,1.5173666666666665,optimal
2021-02-08 19:30:00,79,6,0.5263235269872313,0.0,0.0,0.27826666666666666,optimal
2021-02-08 20:00:00,79,6,0.614300345603143,0.0,0.0,0.3476,optimal
2021-02-08 20:30:00,79,6,0.0,0.3096296296296296,0.0,0.33446666666666663,optimal
2021-02-08 21:00:00,79,6,0.0,0.23222222222222222,0.0,0.2148333333333333,optimal
2021-02-08 21:30:00,79,6,0.0,0.1548148148148148,0.0,0.1512,optimal
2021-02-08 22:00:00,79,6,0.0,0.0,0.0,0.2768333333333333,optimal
2021-02-08 22:30:00,79,6,0.0,0.0,0.0,0.24230000000000002,optimal
2021-02-08 23:00:00,79,6,0.0,0.0,0.0,0.3121666666666667,optimal
2021-02-08 23:30:00,79,6,0.0,0.0,0.0,0.27066666666666667,optimal
2021-02-09 00:00:00,79,6,0.0,0.1548148148148148,0.0,0.2718,optimal
2021-02-09 00:30:00,79,6,0.0,0.0,0.0,0.0986,optimal
2021-02-09 01:00:00,79,6,0.0,0.0,0.0,0.2048,optimal
2021-02-09 01:30:00,79,6,0.49907342173895775,0.0,0.0,0.168,optimal
2021-02-09 02:00:00,79,6,1.1428571428571428,0.0,0.0,0.12026666666666667,optimal
2021-02-09 02:30:00,79,6,1.1428571428571428,0.0,0.0,0.25253333333333333,optimal
2021-02-09 03:00:00,79,6,1.1428571428571428,0.0,0.0,0.06,optimal
2021-02-09 03:30:00,79,6,1.1428571428571428,0.0,0.0,0.3128,optimal
2021-02-09 04:00:00,79,6,1.1428571428571428,0.0,0.0,0.06,optimal
2021-02-09 04:30:00,79,6,1.1428571428571428,0.0,0.0,0.1802333333333333,optimal
2021-02-09 05:00:00,79,6,1.1428571428571428,0.0,0.0,0.19556666666666664,optimal
2021-02-09 05:30:00,79,6,1.1428571428571428,0.0,1.2588754895728913,0.07,optimal
2021-02-09 06:00:00,79,6,1.1428571428571428,0.0,5.0,0.3184666666666666,optimal
2021-02-09 06:30:00,79,6,1.1428571428571428,0.0,5.0,0.06,optimal
2021-02-09 07:00:00,79,6,1.1428571428571428,0.0,5.0,0.19933333333333328,optimal
2021-02-09 07:30:00,79,6,1.1428571428571428,0.774074074074074,0.0,0.09,optimal
2021-02-09 08:00:00,79,6,0.6176109635653398,1.0837037037037038,0.0,0.1148,optimal
2021-02-09 08:30:00,79,6,0.749245756679549,0.0774074074074074,0.0,0.1804,optimal
2021-02-09 09:00:00,79,6,0.698431932173322,0.0,0.0,0.183,optimal
2021-02-09 09:30:00,79,6,0.6826729469731739,0.0,0.0,0.20146666666666666,optimal
2021-02-09 10:00:00,79,6,0.5350419230069051,0.0,0.0,0.07,optimal
2021-02-09 10:30:00,79,6,0.46743641946710185,0.0,0.0,0.2691,optimal
2021-02-09 11:00:00,79,6,0.3375480033701222,0.0,0.0,0.1237,optimal
2021-02-09 11:30:00,79,6,0.3507469026621614,0.0,0.0,0.07,optimal
2021-02-09 12:00:00,79,6,0.11345091526765468,0.23222222222222222,0.0,0.30396666666666666,optimal
2021-02-09 12:30:00,79,6,0.12555677788037847,0.6192592592592592,0.0,0.10909999999999999,optimal
2021-02-09 13:00:00,79,6,0.07691592387617689,0.3096296296296296,0.0,0.21236666666666668,optimal
2021-02-09 13:30:00,79,6,1.1428571428571428,0.0,0.0,0.30593333333333333,optimal
2021-02-09 14:00:00,79,6,1.1428571428571428,0.0,0.0,0.29993333333333333,optimal
2021-02-09 14:30:00,79,6,1.1428571428571428,0.0,0.0,0.21966666666666662,optimal
2021-02-09 15:00:00,79,6,1.1428571428571428,0.0,0.0,0.07,optimal
2021-02-09 15:30:00,79,6,1.1428571428571428,0.0,0.0,0.07,optimal
2021-02-09 16:00:00,79,6,0.0,0.1548148148148148,0.0,0.2117333333333333,optimal
2021-02-09 16:30:00,79,6,0.0,0.0,0.0,0.29133333333333333,optimal
2021-02-09 17:00:00,79,6,0.0,0.1548148148148148,0.0,0.36860000000000004,optimal
2021-02-09 17:30:00,79,6,0.0,0.0774074074074074,0.0,0.43446666666666656,optimal
2021-02-09 18:00:00,79,6,0.0,0.23222222222222222,0.0,0.415,optimal
2021-02-09 18:30:00,79,6,0.0,0.23222222222222222,0.0,0.35546666666666665,optimal
2021-02-09 19:00:00,79,6,0.0,0.0,0.0,0.2472333333333333,optimal
2021-02-09 19:30:00,79,6,0.0,0.0,0.0,0.2819333333333333,optimal
2021-02-09 20:00:00,79,6,0.0,0.3096296296296296,0.0,0.544,optimal
2021-02-09 20:30:00,79,6,0.0,0.0,0.0,0.3858666666666667,optimal
2021-02-09 21:00:00,79,6,0.0,0.0774074074074074,0.0,0.3838333333333333,optimal
2021-02-09 21:30:00,79,6,0.0,0.23222222222222222,0.0,0.638,optimal
2021-02-09 22:00:00,79,6,0.0,0.46444444444444444,0.0,0.24856666666666663,optimal
2021-02-09 22:30:00,79,6,0.0,2.631851851851852,0.0,0.3597333333333333,optimal
2021-02-09 23:00:00,79,6,0.0,0.0,0.0,0.3183333333333333,optimal
2021-02-09 23:30:00,79,6,0.0,0.0,0.0,0.20936666666666667,optimal
2021-02-10 00:00:00,79,6,0.0,0.0,0.0,0.2021,optimal
2021-02-10 00:30:00,79,6,0.0,0.0,0.0,0.06676666666666667,optimal
2021-02-10 01:00:00,79,6,0.0,0.0,0.0,0.19066666666666662,optimal
2021-02-10 01:30:00,79,6,0.8741816269401992,0.0,0.0,0.1482,optimal
2021-02-10 02:00:00,79,6,1.1428571428571428,0.0,0.0,0.116,optimal
2021-02-10 02:30:00,79,6,1.1428571428571428,0.0,0.0,0.18856666666666663,optimal
2021-02-10 03:00:00,79,6,1.1428571428571428,0.0,0.0,0.12229999999999999,optimal
2021-02-10 03:30:00,79,6,1.1428571428571428,0.0,0.0,0.081,optimal
2021-02-10 04:00:00,79,6,1.1428571428571428,0.0,0.0,0.21586666666666668,optimal
2021-02-10 04:30:00,79,6,1.1428571428571428,0.0,0.0,0.116,optimal
2021-02-10 05:00:00,79,6,1.1428571428571428,0.0,0.0,0.1615,optimal
2021-02-10 05:30:00,79,6,1.1428571428571428,0.0,0.0,0.17036666666666667,optimal
2021-02-10 06:00:00,79,6,1.1428571428571428,0.0,3.336201857562667,0.11413333333333334,optimal
2021-02-10 06:30:00,79,6,1.1428571428571428,0.0,5.0,0.21773333333333328,optimal
2021-02-10 07:00:00,79,6,1.1428571428571428,0.0,5.0,0.06,optimal
2021-02-10 07:30:00,79,6,1.1428571428571428,0.6192592592592592,0.0,0.3363333333333333,optimal
2021-02-10 08:00:00,79,6,0.7176168196227735,0.387037037037037,0.0,0.11213333333333333,optimal
2021-02-10 08:30:00,79,6,0.7167933691718746,0.0774074074074074,0.0,0.08666666666666667,optimal
2021-02-10 09:00:00,79,6,0.6797607463201655,0.0,0.0,0.24386666666666668,optimal
2021-02-10 09:30:00,79,6,0.7237182482502204,0.0,0.0,0.06,optimal
2021-02-10 10:00:00,79,6,0.49299848719241074,0.0,0.0,0.2058,optimal
2021-02-10 10:30:00,79,6,0.5062999469732942,0.0,0.0,0.13373333333333332,optimal
2021-02-10 11:00:00,79,6,0.37260968234766534,0.0,0.0,0.1363,optimal
2021-02-10 11:30:00,79,6,0.35138843331269526,0.0,0.0,0.19556666666666664,optimal
2021-02-10 12:00:00,79,6,0.20618608401905986,0.0,0.0,0.1195,optimal
2021-02-10 12:30:00,79,6,0.18158608401906623,0.0,0.0,0.2056,optimal
2021-02-10 13:00:00,79,6,1.1428571428571428,0.0,0.0,0.12976666666666667,optimal
2021-02-10 13:30:00,79,6,1.1428571428571428,0.0,0.0,0.10736666666666667,optimal
2021-02-10 14:00:00,79,6,1.1428571428571428,0.0,0.0,0.1615,optimal
2021-02-10 14:30:00,79,6,1.1428571428571428,0.0,0.0,0.06,optimal
2021-02-10 15:00:00,79,6,1.1428571428571428,0.0,0.0,0.08563333333333334,optimal
2021-02-10 15:30:00,79,6,1.1428571428571428,0.0,0.0,0.19323333333333328,optimal
2021-02-10 16:00:00,79,6,0.0,0.0,0.0,0.06,optimal
2021-02-10 16:30:00,79,6,0.0,0.0,0.0,0.1238,optimal
2021-02-10 17:00:00,79,6,0.0,0.23222222222222222,0.0,0.23533333333333328,optimal
2021-02-10 17:30:00,79,6,0.0,0.0,0.0,0.11933333333333332,optimal
2021-02-10 18:00:00,79,6,0.0,0.0,0.0,0.13,optimal
2021-02-10 18:30:00,79,6,0.0,0.3096296296296296,0.0,0.11643333333333333,optimal
2021-02-10 19:00:00,79,6,0.0,0.23222222222222222,0.0,0.28956666666666664,optimal
2021-02-10 19:30:00,79,6,0.31137443278953714,0.23222222222222222,0.0,0.13533333333333333,optimal
2021-02-10 20:00:00,79,6,0.6418007516544704,0.0,0.0,0.3034,optimal
2021-02-10 20:30:00,79,6,0.0,0.0774074074074074,0.0,0.3237333333333333,optimal
2021-02-10 21:00:00,79,6,0.0,0.0,0.0,0.29893333333333333,optimal
2021-02-10 21:30:00,79,6,0.0,0.0774074074074074,0.0,0.22716666666666663,optimal
2021-02-10 22:00:00,79,6,0.0,0.1548148148148148,0.0,0.2079,optimal
2021-02-10 22:30:00,79,6,0.0,0.0,0.0,0.3300666666666667,optimal
2021-02-10 23:00:00,79,6,0.0,0.0,0.0,0.13766666666666666,optimal
2021-02-10 23:30:00,79,6,0.0,0.0,0.0,0.12866666666666665,optimal
2021-02-11 00:00:00,79,6,1.1428571428571428,0.0,0.0,0.055,optimal
2021-02-11 00:30:00,79,6,1.1428571428571428,0.0,0.0,0.055,optimal
2021-02-11 01:00:00,79,6,1.1428571428571428,0.0,0.0,0.055,optimal
2021-02-11 01:30:00,79,6,1.1428571428571428,0.0,0.0,0.09040000000000001,optimal
2021-02-11 02:00:00,79,6,1.1428571428571428,0.0,0.0,0.09040000000000001,optimal
2021-02-11 02:30:00,79,6,1.1428571428571428,0.0,0.0,0.08253333333333333,optimal
2021-02-11 03:00:00,79,6,1.1428571428571428,0.0,0.0,0.09826666666666668,optimal
2021-02-11 03:30:00,79,6,1.1428571428571428,0.0,0.0,0.08646666666666666,optimal
2021-02-11 04:00:00,79,6,1.1428571428571428,0.0,0.0,0.09433333333333331,optimal
2021-02-11 04:30:00,79,6,1.1428571428571428,0.0,0.0,0.06286666666666667,optimal
2021-02-11 05:00:00,79,6,1.1428571428571428,0.0,0.0,0.11793333333333333,optimal
2021-02-11 05:30:00,79,6,1.1428571428571428,0.0,0.0,0.055,optimal
2021-02-11 06:00:00,79,6,1.1428571428571428,0.0,0.0,0.058333333333333334,optimal
2021-02-11 06:30:00,79,6,1.1428571428571428,5.573333333333333,3.2522368787051232,1.901,optimal
2021-02-11 07:00:00,79,6,1.1428571428571428,0.3096296296296296,5.0,0.11413333333333334,optimal
2021-02-11 07:30:00,79,6,1.1428571428571428,1.3404716792578826,0.0,0.116,optimal
2021-02-11 08:00:00,79,6,0.6692769459539829,0.0774074074074074,0.0,0.122,optimal
2021-02-11 08:30:00,79,6,0.7763850099826287,0.6966666666666667,0.0,0.3063,optimal
2021-02-11 09:00:00,79,6,0.6010192599160638,0.0,0.0,0.5338666666666667,optimal
2021-02-11 09:30:00,79,6,0.6119067460771761,1.548148148148148,0.0,0.28146666666666664,optimal
2021-02-11 10:00:00,79,6,0.4754412041217753,0.0,0.0,0.065,optimal
2021-02-11 10:30:00,79,6,0.480940126903019,0.0,0.0,0.1358,optimal
2021-02-11 11:00:00,79,6,0.3113729101306417,0.0,0.0,0.1807333333333333,optimal
2021-02-11 11:30:00,79,6,0.15885163760647192,0.1548148148148148,0.0,0.504,optimal
2021-02-11 12:00:00,79,6,0.024447027177572484,0.0,0.0,0.4078,optimal
2021-02-11 12:30:00,79,6,0.013375575116934914,0.6966666666666667,0.0,0.2519333333333333,optimal
2021-02-11 13:00:00,79,6,0.9152279649540997,0.6192592592592592,0.0,0.1997,optimal
2021-02-11 13:30:00,79,6,1.1428571428571428,0.0,0.0,1.9941333333333326,optimal
2021-02-11 14:00:00,79,6,1.1428571428571428,0.3096296296296296,0.0,1.601,optimal
2021-02-11 14:30:00,79,6,1.1428571428571428,0.23222222222222222,0.0,1.0634666666666668,optimal
2021-02-11 15:00:00,79,6,1.1428571428571428,0.0,0.0,2.5648,optimal
2021-02-11 15:30:00,79,6,1.1428571428571428,0.0,0.0,1.9170666666666665,optimal
2021-02-11 16:00:00,79,6,0.0,0.0,0.0,0.10826666666666668,optimal
2021-02-11 16:30:00,79,6,0.0,0.0,0.0,0.10826666666666668,optimal
2021-02-11 17:00:00,79,6,0.0,0.0,0.0,0.276,optimal
2021-02-11 17:30:00,79,6,0.0,0.0774074074074074,0.0,2.0596,optimal
2021-02-11 18:00:00,79,6,0.0,0.0,0.0,1.3744666666666667,optimal
2021-02-11 18:30:00,79,6,0.0,0.0,0.0,0.1358,optimal
2021-02-11 19:00:00,79,6,0.0,0.0,0.0,0.065,optimal
2021-02-11 19:30:00,79,6,0.5308306970622285,0.0,0.0,0.0886,optimal
2021-02-11 20:00:00,79,6,1.1192163494795357,0.0,0.0,0.11220000000000001,optimal
2021-02-11 20:30:00,79,6,0.0,0.1548148148148148,0.0,0.8143333333333334,optimal
2021-02-11 21:00:00,79,6,0.0,0.0,0.0,0.4940333333333334,optimal
2021-02-11 21:30:00,79,6,0.0,0.0,0.0,1.1938333333333333,optimal
2021-02-11 22:00:00,79,6,0.0,0.0774074074074074,0.0,1.2826333333333335,optimal
2021-02-11 22:30:00,79,6,0.0,0.5418518518518518,0.0,0.1668,optimal
2021-02-11 23:00:00,79,6,0.0,0.0,0.0,0.2838,optimal
2021-02-11 23:30:00,79,6,0.0,0.3096296296296296,0.0,0.3262,optimal
2021-02-12 00:00:00,79,6,1.1428571428571428,0.0,0.0,0.058333333333333334,optimal
2021-02-12 00:30:00,79,6,1.1428571428571428,0.0,0.0,0.055,optimal
2021-02-12 01:00:00,79,6,1.1428571428571428,0.0,0.0,0.11183333333333331,optimal
2021-02-12 01:30:00,79,6,1.1428571428571428,0.0,0.0,0.1456,optimal
2021-02-12 02:00:00,79,6,1.1428571428571428,0.0,0.0,0.1495,optimal
2021-02-12 02:30:00,79,6,1.1428571428571428,0.0,0.0,0.14283333333333334,optimal
2021-02-12 03:00:00,79,6,1.1428571428571428,0.0,0.0,0.2091,optimal
2021-02-12 03:30:00,79,6,1.1428571428571428,0.0,0.0,0.055,optimal
2021-02-12 04:00:00,79,6,1.1428571428571428,0.0,0.0,0.15316666666666665,optimal
2021-02-12 04:30:00,79,6,1.1428571428571428,0.0,0.0,0.08536666666666666,optimal
2021-02-12 05:00:00,79,6,1.1428571428571428,0.0,0.0,0.23556666666666665,optimal
2021-02-12 05:30:00,79,6,1.1428571428571428,0.0,0.0,0.09783333333333331,optimal
2021-02-12 06:00:00,79,6,1.1428571428571428,0.0,0.0,0.19693333333333332,optimal
2021-02-12 06:30:00,79,6,1.1428571428571428,0.0774074074074074,4.787795525153148,0.15766666666666665,optimal
2021-02-12 07:00:00,79,6,1.1428571428571428,0.46444444444444444,5.0,0.0911,optimal
2021-02-12 07:30:00,79,6,1.1428571428571428,5.572620546411125,0.0,0.27443333333333336,optimal
2021-02-12 08:00:00,79,6,0.8639986010402744,0.1548148148148148,0.0,0.10593333333333334,optimal
2021-02-12 08:30:00,79,6,0.8263172895864082,0.0,0.0,0.19453333333333334,optimal
2021-02-12 09:00:00,79,6,0.6952170322789801,2.39962962962963,0.0,0.18306666666666663,optimal
2021-02-12 09:30:00,79,6,0.7026828868430036,0.0774074074074074,0.0,0.0726,optimal
2021-02-12 10:00:00,79,6,0.35618121490244903,0.23222222222222222,0.0,0.2924333333333333,optimal
2021-02-12 10:30:00,79,6,0.36619145685780724,0.0,0.0,0.21536666666666668,optimal
2021-02-12 11:00:00,79,6,0.11768136600865974,0.0774074074074074,0.0,0.4829666666666666,optimal
2021-02-12 11:30:00,79,6,0.18614693196737045,0.0,0.0,0.19183333333333327,optimal
2021-02-12 12:00:00,79,6,0.12090668195452031,0.1548148148148148,0.0,0.7097,optimal
2021-02-12 12:30:00,79,6,0.026781771722753835,0.0774074074074074,0.0,1.1712333333333331,optimal
2021-02-12 13:00:00,79,6,1.1428571428571428,0.6192592592592592,0.0,0.3341,optimal
2021-02-12 13:30:00,79,6,1.1428571428571428,0.0,0.0,0.3816333333333333,optimal
2021-02-12 14:00:00,79,6,1.1428571428571428,0.3096296296296296,0.0,0.24416666666666662,optimal
2021-02-12 14:30:00,79,6,1.1428571428571428,0.0,0.0,0.0965,optimal
2021-02-12 15:00:00,79,6,1.1428571428571428,0.0,0.0,0.284,optimal
2021-02-12 15:30:00,79,6,1.1428571428571428,0.0,0.0,0.07773333333333333,optimal
2021-02-12 16:00:00,79,6,0.0,0.0,0.0,0.39166666666666666,optimal
2021-02-12 16:30:00,79,6,0.0,0.387037037037037,0.0,0.37573333333333336,optimal
2021-02-12 17:00:00,79,6,0.0,0.0774074074074074,0.0,0.4303,optimal
2021-02-12 17:30:00,79,6,0.0,0.0,0.0,0.4045666666666667,optimal
2021-02-12 18:00:00,79,6,0.0,0.0,0.0,0.4134,optimal
2021-02-12 18:30:00,79,6,0.0,0.1548148148148148,0.0,0.31853333333333333,optimal
2021-02-12 19:00:00,79,6,0.0,0.0,0.0,0.065,optimal
2021-02-12 19:30:00,79,6,0.0,0.0,0.0,0.19290000000000002,optimal
2021-02-12 20:00:00,79,6,0.7065950547173597,0.0,0.0,0.17903333333333332,optimal
2021-02-12 20:30:00,79,6,0.0,1.548148148148148,0.0,0.26673333333333327,optimal
2021-02-12 21:00:00,79,6,0.0,0.1548148148148148,0.0,0.2957666666666667,optimal
2021-02-12 21:30:00,79,6,0.0,3.0188888888888883,0.0,0.8186666666666667,optimal
2021-02-12 22:00:00,79,6,0.0,2.5544444444444445,0.0,0.4037,optimal
2021-02-12 22:30:00,79,6,0.0,0.5418518518518518,0.0,0.4983333333333333,optimal
2021-02-12 23:00:00,79,6,0.0,0.0,0.0,0.065,optimal
2021-02-12 23:30:00,79,6,0.0,0.0,0.0,0.168,optimal
2021-02-13 00:00:00,79,6,0.0,0.0,0.0,0.057,optimal
2021-02-13 00:30:00,79,6,0.0,0.0,0.0,0.0775,optimal
2021-02-13 01:00:00,79,6,0.6792578663268979,0.0,0.0,0.0915,optimal
2021-02-13 01:30:00,79,6,1.1428571428571428,0.0,0.0,0.06,optimal
2021-02-13 02:00:00,79,6,1.1428571428571428,0.0,0.0,0.109,optimal
2021-02-13 02:30:00,79,6,1.1428571428571428,0.0,0.0,0.053,optimal
2021-02-13 03:00:00,79,6,1.1428571428571428,0.0,0.0,0.116,optimal
2021-02-13 03:30:00,79,6,1.1428571428571428,0.0,0.0,0.0635,optimal
2021-02-13 04:00:00,79,6,1.1428571428571428,0.0,0.0,0.1055,optimal
2021-02-13 04:30:00,79,6,1.1428571428571428,0.0,0.0,0.06,optimal
2021-02-13 05:00:00,79,6,1.1428571428571428,0.0,0.0,0.109,optimal
2021-02-13 05:30:00,79,6,1.1428571428571428,0.0,0.0,0.067,optimal
2021-02-13 06:00:00,79,6,1.1428571428571428,0.0,0.0,0.102,optimal
2021-02-13 06:30:00,79,6,1.1428571428571428,0.0,4.564268743340099,0.053,optimal
2021-02-13 07:00:00,79,6,1.1428571428571428,0.23222222222222222,5.0,0.185,optimal
2021-02-13 07:30:00,79,6,1.1428571428571428,9.309014814814816,0.0,1.4428333333333332,optimal
2021-02-13 08:00:00,79,6,0.6709911846898625,0.44431851851851845,0.0,0.7571333333333333,optimal
2021-02-13 08:30:00,79,6,0.7498948458866662,0.0,0.0,0.1482,optimal
2021-02-13 09:00:00,79,6,0.5818220854886103,0.0,0.0,1.3163,optimal
2021-02-13 09:30:00,79,6,0.6457861057583304,0.0,0.0,0.2069333333333333,optimal
2021-02-13 10:00:00,79,6,0.48992828606221367,0.0,0.0,0.13676666666666668,optimal
2021-02-13 10:30:00,79,6,0.49224147106854316,0.23222222222222222,0.0,0.1345,optimal
2021-02-13 11:00:00,79,6,0.25917895574229255,2.0899999999999994,0.0,0.1618,optimal
2021-02-13 11:30:00,79,6,0.2615969026533802,0.0,0.0,0.14583333333333334,optimal
2021-02-13 12:00:00,79,6,0.2039993526035803,0.3096296296296296,0.0,0.12306666666666666,optimal
2021-02-13 12:30:00,79,6,0.14909238928289398,0.0,0.0,0.19290000000000002,optimal
2021-02-13 13:00:00,79,6,1.1428571428571428,0.23222222222222222,0.0,0.19263333333333332,optimal
2021-02-13 13:30:00,79,6,1.1428571428571428,0.1548148148148148,0.0,0.29,optimal
2021-02-13 14:00:00,79,6,1.1428571428571428,0.23222222222222222,0.0,0.3146333333333333,optimal
2021-02-13 14:30:00,79,6,1.1428571428571428,0.0,0.0,0.15416666666666665,optimal
2021-02-13 15:00:00,79,6,1.1428571428571428,0.0,0.0,0.0805,optimal
2021-02-13 15:30:00,79,6,1.1428571428571428,0.0,0.0,0.14766666666666667,optimal
2021-02-13 16:00:00,79,6,0.0,0.1548148148148148,0.0,0.3947,optimal
2021-02-13 16:30:00,79,6,0.0,0.1548148148148148,0.0,0.3696666666666667,optimal
2021-02-13 17:00:00,79,6,0.0,0.8514814814814814,0.0,0.4547,optimal
2021-02-13 17:30:00,79,6,0.0,0.23222222222222222,0.0,0.36519999999999997,optimal
2021-02-13 18:00:00,79,6,0.0,0.0774074074074074,0.0,0.522,optimal
2021-02-13 18:30:00,79,6,0.0,0.23222222222222222,0.0,0.3152333333333333,optimal
2021-02-13 19:00:00,79,6,0.0,0.0,0.0,0.2665,optimal
2021-02-13 19:30:00,79,6,0.0,0.774074074074074,0.0,0.17813333333333334,optimal
2021-02-13 20:00:00,79,6,0.477383115731136,0.0,0.0,0.16663333333333333,optimal
2021-02-13 20:30:00,79,6,0.0,0.5418518518518518,0.0,0.19446666666666668,optimal
2021-02-13 21:00:00,79,6,0.0,0.0,0.0,0.2677,optimal
2021-02-13 21:30:00,79,6,0.0,0.0,0.0,0.2596,optimal
2021-02-13 22:00:00,79,6,0.0,0.3096296296296296,0.0,0.10716666666666669,optimal
2021-02-13 22:30:00,79,6,0.0,2.39962962962963,0.0,0.29733333333333334,optimal
2021-02-13 23:00:00,79,6,0.0,0.23222222222222222,0.0,0.22590000000000002,optimal
2021-02-13 23:30:00,79,6,0.0,0.0774074074074074,0.0,0.37960000000000005,optimal
2021-02-07 00:00:00,80,6,0.0,6.037777777777777,0.0,0.07840000000000001,optimal
2021-02-07 00:30:00,80,6,0.0,0.0,0.0,0.19666666666666663,optimal
2021-02-07 01:00:00,80,6,0.0,0.0,0.0,0.12813333333333332,optimal
2021-02-07 01:30:00,80,6,0.0,0.0,0.0,0.16133333333333336,optimal
2021-02-07 02:00:00,80,6,0.0,0.0,0.0,0.072,optimal
2021-02-07 02:30:00,80,6,0.0,0.0,0.0,0.10773333333333332,optimal
2021-02-07 03:00:00,80,6,0.0,0.0,0.0,0.1256,optimal
2021-02-07 03:30:00,80,6,0.0,0.0,0.0,0.072,optimal
2021-02-07 04:00:00,80,6,1.1428571428571428,0.23222222222222222,0.0,2.5312666666666668,optimal
2021-02-07 04:30:00,80,6,1.1428571428571428,0.0,0.0,0.11633333333333332,optimal
2021-02-07 05:00:00,80,6,1.1428571428571428,0.0,0.0,0.09433333333333331,optimal
2021-02-07 05:30:00,80,6,1.1428571428571428,0.0,0.0,0.139,optimal
2021-02-07 06:00:00,80,6,1.1428571428571428,0.0,0.0,0.072,optimal
2021-02-07 06:30:00,80,6,1.1428571428571428,0.0,0.0,0.072,optimal
2021-02-07 07:00:00,80,6,1.1428571428571428,0.0,1.7076336144509696,0.16133333333333336,optimal
2021-02-07 07:30:00,80,6,0.0,0.0,0.0,0.072,optimal
2021-02-07 08:00:00,80,6,0.0,0.5836518518518518,0.0,0.14726666666666668,optimal
2021-02-07 08:30:00,80,6,0.4514345867610844,6.073385185185186,0.0,2.698,optimal
2021-02-07 09:00:00,80,6,0.5785634431991739,0.0,0.0,0.224,optimal
2021-02-07 09:30:00,80,6,0.5448899615388326,0.46444444444444444,0.0,1.0774666666666668,optimal
2021-02-07 10:00:00,80,6,0.2221120138884586,0.0774074074074074,0.0,3.267333333333333,optimal
2021-02-07 10:30:00,80,6,0.6456037391139045,0.0,0.0,0.072,optimal
2021-02-07 11:00:00,80,6,0.5422078915632456,0.0,0.0,0.10326666666666667,optimal
2021-02-07 11:30:00,80,6,0.5345507487061021,0.0,0.0,0.13006666666666666,optimal
2021-02-07 12:00:00,80,6,0.4833713220110258,0.0,0.0,0.072,optimal
2021-02-07 12:30:00,80,6,0.4744379886776977,0.0,0.0,0.10326666666666667,optimal
2021-02-07 13:00:00,80,6,1.1428571428571428,0.0,0.0,0.13006666666666666,optimal
2021-02-07 13:30:00,80,6,1.1428571428571428,0.0,0.0,0.08093333333333334,optimal
2021-02-07 14:00:00,80,6,1.1428571428571428,2.0899999999999994,0.0,0.20306666666666665,optimal
2021-02-07 14:30:00,80,6,1.1428571428571428,0.0,0.0,0.14233333333333334,optimal
2021-02-07 15:00:00,80,6,1.1428571428571428,0.0,0.0,0.072,optimal
2021-02-07 15:30:00,80,6,1.1428571428571428,0.0,0.0,0.1524,optimal
2021-02-07 16:00:00,80,6,0.0,0.0,0.0,0.08093333333333334,optimal
2021-02-07 16:30:00,80,6,0.0,0.1548148148148148,0.0,0.3554,optimal
2021-02-07 17:00:00,80,6,0.0,0.774074074074074,0.0,0.4269333333333333,optimal
2021-02-07 17:30:00,80,6,0.0,0.387037037037037,0.0,0.5894666666666667,optimal
2021-02-07 18:00:00,80,6,0.0,0.5418518518518518,0.0,2.6899,optimal
2021-02-07 18:30:00,80,6,0.0,0.1548148148148148,0.0,0.2176,optimal
2021-02-07 19:00:00,80,6,0.0,0.0774074074074074,0.0,2.526333333333333,optimal
2021-02-07 19:30:00,80,6,0.4588435225159,0.0,0.0,1.1970666666666665,optimal
2021-02-07 20:00:00,80,6,0.515856192446908,0.1548148148148148,0.0,1.6372,optimal
2021-02-07 20:30:00,80,6,0.0,0.0774074074074074,0.0,2.6698666666666666,optimal
2021-02-07 21:00:00,80,6,0.0,0.0,0.0,2.0078,optimal
2021-02-07 21:30:00,80,6,0.0,0.0,0.0,1.8591666666666666,optimal
2021-02-07 22:00:00,80,6,0.0,0.0,0.0,0.29996666666666666,optimal
2021-02-07 22:30:00,80,6,0.0,0.23222222222222222,0.0,2.5171333333333332,optimal
2021-02-07 23:00:00,80,6,0.0,0.0,0.0,0.10773333333333332,optimal
2021-02-07 23:30:00,80,6,0.0,0.0,0.0,0.072,optimal
2021-02-08 00:00:00,80,6,0.0,0.0,0.0,0.04933333333333333,optimal
2021-02-08 00:30:00,80,6,0.0,0.0,0.0,0.1164,optimal
2021-02-08 01:00:00,80,6,0.0,0.0,0.0,0.045,optimal
2021-02-08 01:30:00,80,6,0.0,0.0,0.0,0.045,optimal
2021-02-08 02:00:00,80,6,0.7475893619877891,0.0,0.0,0.1164,optimal
2021-02-08 02:30:00,80,6,1.1428571428571428,0.0,0.0,0.045,optimal
2021-02-08 03:00:00,80,6,1.1428571428571428,0.0,0.0,0.045,optimal
2021-02-08 03:30:00,80,6,1.1428571428571428,0.0,0.0,0.12206666666666666,optimal
2021-02-08 04:00:00,80,6,1.1428571428571428,0.0,0.0,0.055,optimal
2021-02-08 04:30:00,80,6,1.1428571428571428,0.0,0.0,0.11873333333333332,optimal
2021-02-08 05:00:00,80,6,1.1428571428571428,0.6192592592592592,1.1640096779680378,0.04366666666666666,optimal
2021-02-08 05:30:00,80,6,1.1428571428571428,0.387037037037037,5.0,0.043,optimal
2021-02-08 06:00:00,80,6,1.1428571428571428,0.1548148148148148,5.0,0.1009,optimal
2021-02-08 06:30:00,80,6,1.1428571428571428,0.3096296296296296,5.0,1.5409333333333335,optimal
2021-02-08 07:00:00,80,6,1.1428571428571428,2.8640740740740736,0.0,0.05756666666666667,optimal
2021-02-08 07:30:00,80,6,1.1428571428571428,0.8514814814814814,0.0,0.1125,optimal
2021-02-08 08:00:00,80,6,0.6631244841553809,0.0,0.0,0.06886666666666666,optimal
2021-02-08 08:30:00,80,6,0.7212981141427264,0.1548148148148148,0.0,0.1092,optimal
2021-02-08 09:00:00,80,6,0.7241052161983288,0.0,0.0,0.055,optimal
2021-02-08 09:30:00,80,6,0.700673342645885,0.0,0.0,0.1145,optimal
2021-02-08 10:00:00,80,6,0.5548751168660307,0.0,0.0,0.0669,optimal
2021-02-08 10:30:00,80,6,0.5647069904184806,0.0,0.0,0.055,optimal
2021-02-08 11:00:00,80,6,0.3910645505893147,0.0,0.0,0.055,optimal
2021-02-08 11:30:00,80,6,0.38677663488768627,0.0,0.0,0.055,optimal
2021-02-08 12:00:00,80,6,0.3116031806046795,0.0,0.0,0.10656666666666666,optimal
2021-02-08 12:30:00,80,6,0.3120940158680698,0.0,0.0,0.07483333333333334,optimal
2021-02-08 13:00:00,80,6,0.3104143471940088,0.0,0.0,0.11846666666666668,optimal
2021-02-08 13:30:00,80,6,1.0125010300019608,0.0,0.0,0.196,optimal
2021-02-08 14:00:00,80,6,1.1428571428571428,0.0,0.0,0.23103333333333334,optimal
2021-02-08 14:30:00,80,6,1.1428571428571428,0.387037037037037,0.0,0.09173333333333332,optimal
2021-02-08 15:00:00,80,6,1.1428571428571428,0.0,0.0,0.07836666666666665,optimal
2021-02-08 15:30:00,80,6,1.1428571428571428,0.0,0.0,0.4715,optimal
2021-02-08 16:00:00,80,6,0.0,0.0,0.0,0.9364666666666668,optimal
2021-02-08 16:30:00,80,6,0.0,0.3096296296296296,0.0,0.39863333333333334,optimal
2021-02-08 17:00:00,80,6,0.0,0.46444444444444444,0.0,0.4047,optimal
2021-02-08 17:30:00,80,6,0.0,0.1548148148148148,0.0,0.3999,optimal
2021-02-08 18:00:00,80,6,0.0,0.0774074074074074,0.0,1.1622000000000001,optimal
2021-02-08 18:30:00,80,6,0.0,0.23222222222222222,0.0,1.4369333333333334,optimal
2021-02-08 19:00:00,80,6,0.0,0.0774074074074074,0.0,0.3183333333333333,optimal
2021-02-08 19:30:00,80,6,0.0,0.0,0.0,0.37146666666666656,optimal
2021-02-08 20:00:00,80,6,0.0,0.0,0.0,0.3341,optimal
2021-02-08 20:30:00,80,6,0.0,0.1548148148148148,0.0,0.3708333333333333,optimal
2021-02-08 21:00:00,80,6,0.0,0.0,0.0,0.2919,optimal
2021-02-08 21:30:00,80,6,0.0,0.23222222222222222,0.0,0.1412,optimal
2021-02-08 22:00:00,80,6,0.0,0.23222222222222222,0.0,0.1225,optimal
2021-02-08 22:30:00,80,6,0.0,0.0,0.0,0.18413333333333332,optimal
2021-02-08 23:00:00,80,6,0.0,0.0,0.0,0.2688333333333333,optimal
2021-02-08 23:30:00,80,6,0.0,0.0,0.0,0.10463333333333334,optimal
2021-02-09 00:00:00,80,6,0.0,0.0,0.0,0.065,optimal
2021-02-09 00:30:00,80,6,0.0,0.0,0.0,0.1316,optimal
2021-02-09 01:00:00,80,6,0.0,0.0,0.0,0.065,optimal
2021-02-09 01:30:00,80,6,0.6861168982954036,0.0,0.0,0.065,optimal
2021-02-09 02:00:00,80,6,1.1428571428571428,0.0,0.0,0.065,optimal
2021-02-09 02:30:00,80,6,1.1428571428571428,0.0,0.0,0.065,optimal
2021-02-09 03:00:00,80,6,1.1428571428571428,0.0,0.0,0.0761,optimal
2021-02-09 03:30:00,80,6,1.1428571428571428,0.0,0.0,0.1205,optimal
2021-02-09 04:00:00,80,6,1.1428571428571428,0.0,0.0,0.0761,optimal
2021-02-09 04:30:00,80,6,1.1428571428571428,0.0,0.23583831457125073,0.1205,optimal
2021-02-09 05:00:00,80,6,1.1428571428571428,0.0,5.0,0.0872,optimal
2021-02-09 05:30:00,80,6,1.1428571428571428,0.0,5.0,0.10940000000000001,optimal
2021-02-09 06:00:00,80,6,1.1428571428571428,0.3096296296296296,5.0,0.1809333333333333,optimal
2021-02-09 06:30:00,80,6,1.1428571428571428,0.3096296296296296,0.0,0.2726,optimal
2021-02-09 07:00:00,80,6,1.1428571428571428,0.46444444444444444,0.0,0.12646666666666667,optimal
2021-02-09 07:30:00,80,6,1.1428571428571428,0.0,0.0,0.2404333333333333,optimal
2021-02-09 08:00:00,80,6,0.6571633445177211,0.46444444444444444,0.0,0.25660000000000005,optimal
2021-02-09 08:30:00,80,6,0.6366743281081184,1.470740740740741,0.0,0.2896,optimal
2021-02-09 09:00:00,80,6,0.3483405036018938,0.0774074074074074,0.0,2.0925333333333334,optimal
2021-02-09 09:30:00,80,6,0.4865491374493634,0.23222222222222222,0.0,0.5986333333333334,optimal
2021-02-09 10:00:00,80,6,0.32151049443547236,0.0,0.0,0.5392,optimal
2021-02-09 10:30:00,80,6,0.08807832422900234,0.0,0.0,1.7229333333333334,optimal
2021-02-09 11:00:00,80,6,0.05680324146535431,0.0,0.0,1.7904,optimal
2021-02-09 11:30:00,80,6,0.22629928361453838,0.0,0.0,0.35053333333333336,optimal
2021-02-09 12:00:00,80,6,0.0010013914581374574,0.0774074074074074,0.0,0.7525666666666667,optimal
2021-02-09 12:30:00,80,6,0.0,0.1548148148148148,0.0,1.9660666666666664,optimal
2021-02-09 13:00:00,80,6,1.1428571428571428,0.46444444444444444,0.0,0.3544,optimal
2021-02-09 13:30:00,80,6,1.1428571428571428,0.0,0.0,0.0861,optimal
2021-02-09 14:00:00,80,6,1.1428571428571428,0.0,0.0,0.1305,optimal
2021-02-09 14:30:00,80,6,1.1428571428571428,0.0,0.0,0.075,optimal
2021-02-09 15:00:00,80,6,1.1428571428571428,0.0,0.0,0.075,optimal
2021-02-09 15:30:00,80,6,1.1428571428571428,0.0,0.0,0.1379,optimal
2021-02-09 16:00:00,80,6,0.0,0.0,0.0,0.0787,optimal
2021-02-09 16:30:00,80,6,0.0,0.0,0.0,0.075,optimal
2021-02-09 17:00:00,80,6,0.0,0.1548148148148148,0.0,0.8939666666666667,optimal
2021-02-09 17:30:00,80,6,0.0,1.1611111111111108,0.0,0.46366666666666667,optimal
2021-02-09 18:00:00,80,6,0.0,0.0774074074074074,0.0,0.4691666666666667,optimal
2021-02-09 18:30:00,80,6,0.0,0.0774074074074074,0.0,0.3412333333333333,optimal
2021-02-09 19:00:00,80,6,0.0,0.23222222222222222,0.0,0.4196666666666667,optimal
2021-02-09 19:30:00,80,6,0.0,0.0,0.0,0.7920666666666667,optimal
2021-02-09 20:00:00,80,6,0.051340064721413045,0.0,0.0,0.0824,optimal
2021-02-09 20:30:00,80,6,0.0,0.0,0.0,0.075,optimal
2021-02-09 21:00:00,80,6,0.0,0.0,0.0,0.075,optimal
2021-02-09 21:30:00,80,6,0.0,0.0,0.0,0.075,optimal
2021-02-09 22:00:00,80,6,0.0,0.0,0.0,0.263,optimal
2021-02-09 22:30:00,80,6,0.0,0.46444444444444444,0.0,0.4523666666666667,optimal
2021-02-09 23:00:00,80,6,0.0,1.7803703703703702,0.0,0.4219,optimal
2021-02-09 23:30:00,80,6,0.0,0.0,0.0,0.33743333333333336,optimal
2021-02-10 00:00:00,80,6,0.0,0.0,0.0,0.052,optimal
2021-02-10 00:30:00,80,6,0.08167606903153785,0.0,0.0,0.052,optimal
2021-02-10 01:00:00,80,6,1.1428571428571428,0.0,0.0,0.052,optimal
2021-02-10 01:30:00,80,6,1.1428571428571428,0.0,0.0,0.052,optimal
2021-02-10 02:00:00,80,6,1.1428571428571428,0.0,0.0,0.052,optimal
2021-02-10 02:30:00,80,6,1.1428571428571428,0.0,0.0,0.052,optimal
2021-02-10 03:00:00,80,6,1.1428571428571428,0.0,0.0,0.052,optimal
2021-02-10 03:30:00,80,6,1.1428571428571428,0.0,0.0,0.052,optimal
2021-02-10 04:00:00,80,6,1.1428571428571428,0.0,0.0,0.052,optimal
2021-02-10 04:30:00,80,6,1.1428571428571428,0.0,0.0,0.052,optimal
2021-02-10 05:00:00,80,6,1.1428571428571428,0.0,0.0,0.052,optimal
2021-02-10 05:30:00,80,6,1.1428571428571428,0.0,0.36707533142495213,0.052,optimal
2021-02-10 06:00:00,80,6,1.1428571428571428,0.0,5.0,0.052,optimal
2021-02-10 06:30:00,80,6,1.1428571428571428,0.0,5.0,0.05733333333333333,optimal
2021-02-10 07:00:00,80,6,1.1428571428571428,0.46444444444444444,5.0,0.14726666666666668,optimal
2021-02-10 07:30:00,80,6,1.1428571428571428,0.23222222222222222,0.0,0.1843333333333333,optimal
2021-02-10 08:00:00,80,6,0.6779692005751545,5.418518518518519,0.0,0.188,optimal
2021-02-10 08:30:00,80,6,0.6406581310766404,0.23222222222222222,0.0,1.1661333333333335,optimal
2021-02-10 09:00:00,80,6,0.475987412986823,0.0774074074074074,0.0,0.9520333333333332,optimal
2021-02-10 09:30:00,80,6,0.3468725339645121,0.0,0.0,1.4259000000000002,optimal
2021-02-10 10:00:00,80,6,0.4025889633828944,0.6192592592592592,0.0,0.1417,optimal
2021-02-10 10:30:00,80,6,0.39210375649710577,0.0,0.0,0.2526,optimal
2021-02-10 11:00:00,80,6,0.014950634728616985,0.0,0.0,1.5635,optimal
2021-02-10 11:30:00,80,6,0.13345795712221817,0.0,0.0,1.5506666666666666,optimal
2021-02-10 12:00:00,80,6,0.0,0.46444444444444444,0.0,1.5797,optimal
2021-02-10 12:30:00,80,6,0.0,0.6192592592592592,0.0,0.2332,optimal
2021-02-10 13:00:00,80,6,0.0,0.3096296296296296,0.0,0.2843333333333333,optimal
2021-02-10 13:30:00,80,6,0.005472817474358497,0.6192592592592592,0.0,1.2288333333333332,optimal
2021-02-10 14:00:00,80,6,0.2653489727876201,0.0774074074074074,0.0,1.293,optimal
2021-02-10 14:30:00,80,6,1.1428571428571428,0.3096296296296296,0.0,0.4776,optimal
2021-02-10 15:00:00,80,6,1.1428571428571428,0.0774074074074074,0.0,0.6875,optimal
2021-02-10 15:30:00,80,6,1.1428571428571428,0.23222222222222222,0.0,1.1855,optimal
2021-02-10 16:00:00,80,6,0.0,0.387037037037037,0.0,0.245,optimal
2021-02-10 16:30:00,80,6,0.0,0.0,0.0,0.22226666666666667,optimal
2021-02-10 17:00:00,80,6,0.0,0.387037037037037,0.0,1.1095,optimal
2021-02-10 17:30:00,80,6,0.0,0.387037037037037,0.0,1.8585,optimal
2021-02-10 18:00:00,80,6,0.0,2.631851851851852,0.0,1.166233333333333,optimal
2021-02-10 18:30:00,80,6,0.0,0.6192592592592592,0.0,2.141266666666667,optimal
2021-02-10 19:00:00,80,6,0.0,0.0,0.0,1.3822333333333332,optimal
2021-02-10 19:30:00,80,6,0.0,0.0774074074074074,0.0,0.40066666666666667,optimal
2021-02-10 20:00:00,80,6,0.0,0.23222222222222222,0.0,0.395,optimal
2021-02-10 20:30:00,80,6,0.0,0.23222222222222222,0.0,0.3651333333333333,optimal
2021-02-10 21:00:00,80,6,0.0,0.0,0.0,0.429,optimal
2021-02-10 21:30:00,80,6,0.0,0.3096296296296296,0.0,0.6382333333333333,optimal
2021-02-10 22:00:00,80,6,0.0,0.23222222222222222,0.0,0.29686666666666667,optimal
2021-02-10 22:30:00,80,6,0.0,0.387037037037037,0.0,0.4805,optimal
2021-02-10 23:00:00,80,6,0.0,0.0,0.0,0.13033333333333336,optimal
2021-02-10 23:30:00,80,6,0.0,0.0,0.0,0.062,optimal
2021-02-11 00:00:00,80,6,0.0,0.0,0.0,0.061,optimal
2021-02-11 00:30:00,80,6,0.8098513319799054,0.0,0.0,0.20653333333333332,optimal
2021-02-11 01:00:00,80,6,1.1428571428571428,0.0,0.0,0.114,optimal
2021-02-11 01:30:00,80,6,1.1428571428571428,0.0,0.0,0.08173333333333334,optimal
2021-02-11 02:00:00,80,6,1.1428571428571428,0.0,0.0,0.2918,optimal
2021-02-11 02:30:00,80,6,1.1428571428571428,0.0,0.0,0.124,optimal
2021-02-11 03:00:00,80,6,1.1428571428571428,0.0,0.0,0.1242,optimal
2021-02-11 03:30:00,80,6,1.1428571428571428,0.0,0.0,0.249,optimal
2021-02-11 04:00:00,80,6,1.1428571428571428,0.0774074074074074,0.0,0.149,optimal
2021-02-11 04:30:00,80,6,1.1428571428571428,0.0,0.0,1.1165666666666667,optimal
2021-02-11 05:00:00,80,6,1.1428571428571428,0.0,0.0,0.12333333333333331,optimal
2021-02-11 05:30:00,80,6,1.1428571428571428,0.0,0.0,0.114,optimal
2021-02-11 06:00:00,80,6,1.1428571428571428,0.0,0.0,0.16826666666666668,optimal
2021-02-11 06:30:00,80,6,1.1428571428571428,7.818148148148149,4.53103611460983,0.1146,optimal
2021-02-11 07:00:00,80,6,1.1428571428571428,6.192592592592592,5.0,0.7168,optimal
2021-02-11 07:30:00,80,6,1.1428571428571428,0.0774074074074074,0.0,1.4833666666666665,optimal
2021-02-11 08:00:00,80,6,0.42575694595398944,5.805555555555555,0.0,1.8606333333333327,optimal
2021-02-11 08:30:00,80,6,0.7990135814112003,0.23222222222222222,0.0,0.2089333333333333,optimal
2021-02-11 09:00:00,80,6,0.6950859265827342,0.23222222222222222,0.0,0.2067333333333333,optimal
2021-02-11 09:30:00,80,6,0.6491162698867041,0.1548148148148148,0.0,0.16313333333333332,optimal
2021-02-11 10:00:00,80,6,0.22752882316940057,0.23222222222222222,0.0,0.9018999999999999,optimal
2021-02-11 10:30:00,80,6,0.17366012690301938,0.3096296296296296,0.0,1.9373,optimal
2021-02-11 11:00:00,80,6,0.09124910060683704,0.0,0.0,2.7066666666666666,optimal
2021-02-11 11:30:00,80,6,0.1642478280826622,0.0,0.0,1.9393333333333334,optimal
2021-02-11 12:00:00,80,6,0.1632375033680399,0.0,0.0,0.07093333333333333,optimal
2021-02-11 12:30:00,80,6,0.8959854267002777,0.0,0.0,0.2529333333333333,optimal
2021-02-11 13:00:00,80,6,1.1428571428571428,0.0,0.0,0.14026666666666668,optimal
2021-02-11 13:30:00,80,6,1.1428571428571428,0.0,0.0,0.23666666666666664,optimal
2021-02-11 14:00:00,80,6,1.1428571428571428,0.0,0.0,0.21653333333333333,optimal
2021-02-11 14:30:00,80,6,1.1428571428571428,0.0,0.0,0.09216666666666669,optimal
2021-02-11 15:00:00,80,6,1.1428571428571428,0.0,0.0,0.28503333333333336,optimal
2021-02-11 15:30:00,80,6,1.1428571428571428,0.0,0.0,0.1569,optimal
2021-02-11 16:00:00,80,6,0.0,0.0,0.0,0.15976666666666667,optimal
2021-02-11 16:30:00,80,6,0.0,0.0,0.0,0.09733333333333331,optimal
2021-02-11 17:00:00,80,6,0.0,0.0,0.0,0.2796,optimal
2021-02-11 17:30:00,80,6,0.0,0.0,0.0,0.14026666666666668,optimal
2021-02-11 18:00:00,80,6,0.0,0.0,0.0,0.20006666666666664,optimal
2021-02-11 18:30:00,80,6,0.0,0.0,0.0,0.19313333333333332,optimal
2021-02-11 19:00:00,80,6,0.0,0.0,0.0,0.064,optimal
2021-02-11 19:30:00,80,6,1.013598738152162,0.0,0.0,0.2693666666666667,optimal
2021-02-11 20:00:00,80,6,0.9974258732890637,0.1548148148148148,0.0,0.22403333333333333,optimal
2021-02-11 20:30:00,80,6,0.0,0.0,0.0,0.2602333333333333,optimal
2021-02-11 21:00:00,80,6,0.0,0.3096296296296296,0.0,1.3124,optimal
2021-02-11 21:30:00,80,6,0.0,0.387037037037037,0.0,0.6927000000000001,optimal
2021-02-11 22:00:00,80,6,0.0,2.1674074074074072,0.0,0.49860000000000004,optimal
2021-02-11 22:30:00,80,6,0.0,0.23222222222222222,0.0,0.2208333333333333,optimal
2021-02-11 23:00:00,80,6,0.0,0.387037037037037,0.0,0.20796666666666666,optimal
2021-02-11 23:30:00,80,6,0.0,0.0,0.0,0.2828333333333333,optimal
2021-02-12 00:00:00,80,6,1.1428571428571428,0.0,0.0,0.064,optimal
2021-02-12 00:30:00,80,6,1.1428571428571428,0.0774074074074074,0.0,0.06333333333333334,optimal
2021-02-12 01:00:00,80,6,1.1428571428571428,0.0,0.0,0.06333333333333334,optimal
2021-02-12 01:30:00,80,6,1.1428571428571428,0.0,0.0,0.064,optimal
2021-02-12 02:00:00,80,6,1.1428571428571428,0.0,0.0,0.064,optimal
2021-02-12 02:30:00,80,6,1.1428571428571428,0.0,0.0,0.064,optimal
2021-02-12 03:00:00,80,6,1.1428571428571428,0.0,0.0,0.064,optimal
2021-02-12 03:30:00,80,6,1.1428571428571428,0.0,0.0,0.064,optimal
2021-02-12 04:00:00,80,6,1.1428571428571428,0.0,0.0,0.064,optimal
2021-02-12 04:30:00,80,6,1.1428571428571428,0.0,0.0,0.064,optimal
2021-02-12 05:00:00,80,6,1.1428571428571428,0.0,0.6573284561686497,0.06633333333333333,optimal
2021-02-12 05:30:00,80,6,1.1428571428571428,0.0,5.0,0.07166666666666667,optimal
2021-02-12 06:00:00,80,6,1.1428571428571428,0.0,5.0,0.064,optimal
2021-02-12 06:30:00,80,6,1.1428571428571428,0.0,5.0,0.064,optimal
2021-02-12 07:00:00,80,6,1.1428571428571428,0.23222222222222222,5.0,1.151,optimal
2021-02-12 07:30:00,80,6,1.1428571428571428,8.500056136418058,0.0,0.23533333333333328,optimal
2021-02-12 08:00:00,80,6,0.750303362945042,0.3096296296296296,0.0,0.2519,optimal
2021-02-12 08:30:00,80,6,0.791721099110212,0.387037037037037,0.0,1.2426333333333335,optimal
2021-02-12 09:00:00,80,6,0.6738646513265933,0.23222222222222222,0.0,0.2104333333333333,optimal
2021-02-12 09:30:00,80,6,0.5881686011287117,0.23222222222222222,0.0,0.22806666666666664,optimal
2021-02-12 10:00:00,80,6,0.2947335958548265,0.46444444444444444,0.0,0.235,optimal
2021-02-12 10:30:00,80,6,0.30861050447685506,0.0,0.0,0.2557333333333333,optimal
2021-02-12 11:00:00,80,6,0.1161861279134268,0.3096296296296296,0.0,0.3297,optimal
2021-02-12 11:30:00,80,6,0.12119455101498842,0.387037037037037,0.0,0.355,optimal
2021-02-12 12:00:00,80,6,0.044003824811657204,0.3096296296296296,0.0,0.4988,optimal
2021-02-12 12:30:00,80,6,0.053286533627515946,0.0774074074074074,0.0,1.6482999999999999,optimal
2021-02-12 13:00:00,80,6,0.14427418927492003,0.387037037037037,0.0,0.256,optimal
2021-02-12 13:30:00,80,6,0.9242925590651615,0.46444444444444444,0.0,0.45039999999999997,optimal
2021-02-12 14:00:00,80,6,1.1428571428571428,0.0,0.0,0.2855,optimal
2021-02-12 14:30:00,80,6,1.1428571428571428,0.0,0.0,0.7186,optimal
2021-02-12 15:00:00,80,6,1.1428571428571428,0.0,0.0,0.184,optimal
2021-02-12 15:30:00,80,6,1.1428571428571428,0.0,0.0,0.09706666666666666,optimal
2021-02-12 16:00:00,80,6,0.0,4.876666666666668,0.0,0.115,optimal
2021-02-12 16:30:00,80,6,0.0,0.3096296296296296,0.0,0.28503333333333336,optimal
2021-02-12 17:00:00,80,6,0.0,0.46444444444444444,0.0,0.4151333333333333,optimal
2021-02-12 17:30:00,80,6,0.0,0.387037037037037,0.0,0.6287333333333334,optimal
2021-02-12 18:00:00,80,6,0.0,0.3096296296296296,0.0,0.6859666666666667,optimal
2021-02-12 18:30:00,80,6,0.0,0.774074074074074,0.0,0.5413666666666667,optimal
2021-02-12 19:00:00,80,6,0.0,0.0774074074074074,0.0,0.4563666666666667,optimal
2021-02-12 19:30:00,80,6,0.0,0.0,0.0,0.4782,optimal
2021-02-12 20:00:00,80,6,0.0,0.1548148148148148,0.0,0.45166666666666666,optimal
2021-02-12 20:30:00,80,6,0.0,0.0,0.0,0.43110000000000004,optimal
2021-02-12 21:00:00,80,6,0.0,0.1548148148148148,0.0,0.5305,optimal
2021-02-12 21:30:00,80,6,0.0,0.0,0.0,0.2888,optimal
2021-02-12 22:00:00,80,6,0.0,0.0,0.0,0.2381,optimal
2021-02-12 22:30:00,80,6,0.0,0.0,0.0,0.15813333333333332,optimal
2021-02-12 23:00:00,80,6,0.0,0.0,0.0,0.152,optimal
2021-02-12 23:30:00,80,6,0.0,0.0,0.0,0.28736666666666666,optimal
2021-02-13 00:00:00,80,6,0.0,0.0,0.0,0.043,optimal
2021-02-13 00:30:00,80,6,0.29869818037291346,0.0,0.0,0.043,optimal
2021-02-13 01:00:00,80,6,1.1428571428571428,0.0,0.0,0.043,optimal
2021-02-13 01:30:00,80,6,1.1428571428571428,0.0,0.0,0.1662,optimal
2021-02-13 02:00:00,80,6,1.1428571428571428,0.0,0.0,0.043,optimal
2021-02-13 02:30:00,80,6,1.1428571428571428,0.0,0.0,0.1494,optimal
2021-02-13 03:00:00,80,6,1.1428571428571428,0.0,0.0,0.0598,optimal
2021-02-13 03:30:00,80,6,1.1428571428571428,0.0,0.0,0.0878,optimal
2021-02-13 04:00:00,80,6,1.1428571428571428,0.0,0.0,0.12140000000000001,optimal
2021-02-13 04:30:00,80,6,1.1428571428571428,0.0,0.0,0.043,optimal
2021-02-13 05:00:00,80,6,1.1428571428571428,0.0,0.0,0.048600000000000004,optimal
2021-02-13 05:30:00,80,6,1.1428571428571428,0.0,0.0,0.1606,optimal
2021-02-13 06:00:00,80,6,1.1428571428571428,0.0,0.0,0.043,optimal
2021-02-13 06:30:00,80,6,1.1428571428571428,0.0,1.73444743026718,0.07659999999999999,optimal
2021-02-13 07:00:00,80,6,1.1428571428571428,0.0,5.0,0.1326,optimal
2021-02-13 07:30:00,80,6,1.1428571428571428,0.0,0.0,0.042333333333333334,optimal
2021-02-13 08:00:00,80,6,0.7366102323089095,0.5418518518518518,0.0,0.0464,optimal
2021-02-13 08:30:00,80,6,0.5448015125533318,0.5418518518518518,0.0,1.0024666666666668,optimal
2021-02-13 09:00:00,80,6,0.5710182759648007,0.0,0.0,0.4662,optimal
2021-02-13 09:30:00,80,6,0.6346337248059478,0.0,0.0,0.3442,optimal
2021-02-13 10:00:00,80,6,0.4705473336812606,0.0,0.0,0.2395,optimal
2021-02-13 10:30:00,80,6,0.48639385202091884,0.3096296296296296,0.0,0.12253333333333331,optimal
2021-02-13 11:00:00,80,6,0.2054456224089584,0.0,0.0,0.2973,optimal
2021-02-13 11:30:00,80,6,0.26723499789147664,0.1548148148148148,0.0,0.05966666666666666,optimal
2021-02-13 12:00:00,80,6,0.0,0.3096296296296296,0.0,0.9494,optimal
2021-02-13 12:30:00,80,6,0.09581861064018936,0.0,0.0,0.30369999999999997,optimal
2021-02-13 13:00:00,80,6,1.1428571428571428,0.0,0.0,0.07093333333333333,optimal
2021-02-13 13:30:00,80,6,1.1428571428571428,0.46444444444444444,0.0,0.192,optimal
2021-02-13 14:00:00,80,6,1.1428571428571428,0.0,0.0,0.0683,optimal
2021-02-13 14:30:00,80,6,1.1428571428571428,0.3096296296296296,0.0,0.14443333333333333,optimal
2021-02-13 15:00:00,80,6,1.1428571428571428,0.1548148148148148,0.0,0.2384,optimal
2021-02-13 15:30:00,80,6,1.1428571428571428,0.0,0.0,0.17976666666666669,optimal
2021-02-13 16:00:00,80,6,0.0,0.0,0.0,0.19146666666666667,optimal
2021-02-13 16:30:00,80,6,0.0,0.0,0.0,0.22553333333333334,optimal
2021-02-13 17:00:00,80,6,0.0,0.0,0.0,0.053,optimal
2021-02-13 17:30:00,80,6,0.0,0.1548148148148148,0.0,0.15166666666666664,optimal
2021-02-13 18:00:00,80,6,0.0,0.0,0.0,0.19016666666666662,optimal
2021-02-13 18:30:00,80,6,0.0,0.0,0.0,0.27253333333333335,optimal
2021-02-13 19:00:00,80,6,0.0,0.23222222222222222,0.0,0.3875,optimal
2021-02-13 19:30:00,80,6,0.05393131180074628,0.1548148148148148,0.0,0.27223333333333327,optimal
2021-02-13 20:00:00,80,6,0.6320227188352773,0.387037037037037,0.0,0.23263333333333333,optimal
2021-02-13 20:30:00,80,6,0.0,0.0,0.0,0.2397333333333333,optimal
2021-02-13 21:00:00,80,6,0.0,0.0,0.0,0.23896666666666666,optimal
2021-02-13 21:30:00,80,6,0.0,0.3096296296296296,0.0,0.21236666666666668,optimal
2021-02-13 22:00:00,80,6,0.0,0.0,0.0,0.053,optimal
2021-02-13 22:30:00,80,6,0.0,0.0,0.0,0.1762,optimal
2021-02-13 23:00:00,80,6,0.0,0.0,0.0,0.053,optimal
2021-02-13 23:30:00,80,6,0.0,0.0,0.0,0.053,optimal
2021-02-07 00:00:00,81,6,0.0,0.0,0.0,0.06533333333333333,optimal
2021-02-07 00:30:00,81,6,0.0,0.0,0.0,0.07,optimal
2021-02-07 01:00:00,81,6,0.0,0.0,0.0,0.2732,optimal
2021-02-07 01:30:00,81,6,0.0,0.0,0.0,0.08506666666666667,optimal
2021-02-07 02:00:00,81,6,0.0,0.0774074074074074,0.0,0.16843333333333332,optimal
2021-02-07 02:30:00,81,6,0.0,0.0,0.0,0.16266666666666665,optimal
2021-02-07 03:00:00,81,6,0.0,0.0,0.0,0.13733333333333334,optimal
2021-02-07 03:30:00,81,6,0.0,0.0,0.0,0.14753333333333332,optimal
2021-02-07 04:00:00,81,6,1.1428571428571428,0.0,0.0,0.2114,optimal
2021-02-07 04:30:00,81,6,1.1428571428571428,0.0,0.0,0.07,optimal
2021-02-07 05:00:00,81,6,1.1428571428571428,0.0,0.0,0.26139999999999997,optimal
2021-02-07 05:30:00,81,6,1.1428571428571428,0.0,0.0,0.09753333333333332,optimal
2021-02-07 06:00:00,81,6,1.1428571428571428,0.0,0.0,0.07673333333333333,optimal
2021-02-07 06:30:00,81,6,1.1428571428571428,0.0,0.0,0.2157333333333333,optimal
2021-02-07 07:00:00,81,6,1.1428571428571428,0.0,2.2154311931077144,0.14513333333333334,optimal
2021-02-07 07:30:00,81,6,0.0,0.0,0.0,0.21813333333333332,optimal
2021-02-07 08:00:00,81,6,0.0,0.0,0.0,0.2713,optimal
2021-02-07 08:30:00,81,6,0.4902384980893259,0.23222222222222222,0.0,0.16019999999999998,optimal
2021-02-07 09:00:00,81,6,0.5159158241515522,0.0,0.0,0.25353333333333333,optimal
2021-02-07 09:30:00,81,6,0.47988615201501994,0.387037037037037,0.0,0.3000333333333334,optimal
2021-02-07 10:00:00,81,6,0.36652915674559344,0.23222222222222222,0.0,0.3849333333333333,optimal
2021-02-07 10:30:00,81,6,0.3184418343519959,0.0774074074074074,0.0,0.5365666666666667,optimal
2021-02-07 11:00:00,81,6,0.4061126534680101,0.6966666666666667,0.0,0.11359999999999999,optimal
2021-02-07 11:30:00,81,6,0.3904174153727721,0.3096296296296296,0.0,0.18986666666666668,optimal
2021-02-07 12:00:00,81,6,0.3043808458205528,0.3096296296296296,0.0,0.3924666666666666,optimal
2021-02-07 12:30:00,81,6,0.24764751248722083,0.387037037037037,0.0,0.5910333333333333,optimal
2021-02-07 13:00:00,81,6,0.7900650192557366,0.0774074074074074,0.0,0.6291,optimal
2021-02-07 13:30:00,81,6,1.1428571428571428,0.0,0.0,0.2568666666666667,optimal
2021-02-07 14:00:00,81,6,1.1428571428571428,0.23222222222222222,0.0,0.3900666666666667,optimal
2021-02-07 14:30:00,81,6,1.1428571428571428,0.1548148148148148,0.0,0.4871333333333333,optimal
2021-02-07 15:00:00,81,6,1.1428571428571428,0.5418518518518518,0.0,0.3557,optimal
2021-02-07 15:30:00,81,6,1.1428571428571428,0.1548148148148148,0.0,0.9565666666666668,optimal
2021-02-07 16:00:00,81,6,0.0,0.0,0.0,1.5803333333333334,optimal
2021-02-07 16:30:00,81,6,0.0,0.387037037037037,0.0,0.3466,optimal
2021-02-07 17:00:00,81,6,0.0,0.0,0.0,0.5564666666666667,optimal
2021-02-07 17:30:00,81,6,0.0,0.3096296296296296,0.0,0.2698666666666667,optimal
2021-02-07 18:00:00,81,6,0.0,0.387037037037037,0.0,0.6003333333333334,optimal
2021-02-07 18:30:00,81,6,0.0,0.0,0.0,0.6037666666666667,optimal
2021-02-07 19:00:00,81,6,0.0,0.0,0.0,0.46863333333333335,optimal
2021-02-07 19:30:00,81,6,0.0,0.0774074074074074,0.0,0.5152666666666667,optimal
2021-02-07 20:00:00,81,6,0.0,2.0899999999999994,0.0,0.5090333333333333,optimal
2021-02-07 20:30:00,81,6,0.0,0.8514814814814814,0.0,0.47293333333333326,optimal
2021-02-07 21:00:00,81,6,0.0,0.0,0.0,0.8739666666666667,optimal
2021-02-07 21:30:00,81,6,0.0,0.0,0.0,0.40136666666666665,optimal
2021-02-07 22:00:00,81,6,0.0,0.0774074074074074,0.0,0.29356666666666664,optimal
2021-02-07 22:30:00,81,6,0.0,0.0,0.0,0.41103333333333336,optimal
2021-02-07 23:00:00,81,6,0.0,0.0,0.0,0.25253333333333333,optimal
2021-02-07 23:30:00,81,6,0.0,4.300755555555556,0.0,0.3277,optimal
2021-02-08 00:00:00,81,6,0.0,0.0,0.0,0.067,optimal
2021-02-08 00:30:00,81,6,0.0,0.0,0.0,0.08726666666666666,optimal
2021-02-08 01:00:00,81,6,0.0,0.0,0.0,0.14806666666666665,optimal
2021-02-08 01:30:00,81,6,0.0,0.0,0.0,0.067,optimal
2021-02-08 02:00:00,81,6,0.6800434544081303,0.0,0.0,0.067,optimal
2021-02-08 02:30:00,81,6,1.1428571428571428,0.0,0.0,0.16833333333333333,optimal
2021-02-08 03:00:00,81,6,1.1428571428571428,0.0,0.0,0.067,optimal
2021-02-08 03:30:00,81,6,1.1428571428571428,0.0,0.0,0.067,optimal
2021-02-08 04:00:00,81,6,1.1428571428571428,0.0,4.453456569381549,0.10246666666666668,optimal
2021-02-08 04:30:00,81,6,1.1428571428571428,0.0,5.0,0.13286666666666666,optimal
2021-02-08 05:00:00,81,6,1.1428571428571428,0.0,5.0,0.067,optimal
2021-02-08 05:30:00,81,6,1.1428571428571428,0.0,5.0,0.11259999999999999,optimal
2021-02-08 06:00:00,81,6,1.1428571428571428,0.0,5.0,0.2577,optimal
2021-02-08 06:30:00,81,6,1.1428571428571428,0.5418518518518518,0.0,0.1028,optimal
2021-02-08 07:00:00,81,6,1.1428571428571428,2.631851851851852,0.0,0.4823,optimal
2021-02-08 07:30:00,81,6,1.1428571428571428,0.5418518518518518,0.0,1.4748666666666665,optimal
2021-02-08 08:00:00,81,6,0.6241054365363341,2.5544444444444445,0.0,0.19683333333333328,optimal
2021-02-08 08:30:00,81,6,0.7312219236665373,0.0,0.0,0.2519333333333333,optimal
2021-02-08 09:00:00,81,6,0.7120290257221403,0.0,0.0,0.09726666666666668,optimal
2021-02-08 09:30:00,81,6,0.6882257235982654,0.0,0.0,0.15806666666666666,optimal
2021-02-08 10:00:00,81,6,0.5461989263898437,0.0,0.0,0.09726666666666668,optimal
2021-02-08 10:30:00,81,6,0.5584212761327715,0.0,0.0,0.077,optimal
2021-02-08 11:00:00,81,6,0.3847788363036056,0.0,0.0,0.077,optimal
2021-02-08 11:30:00,81,6,0.3587766348876797,0.0,0.0,0.153,optimal
2021-02-08 12:00:00,81,6,0.31281270441419895,0.0,0.0,0.10233333333333332,optimal
2021-02-08 12:30:00,81,6,0.5799841554777199,0.0,0.0,0.1378,optimal
2021-02-08 13:00:00,81,6,1.1428571428571428,0.0,0.0,0.11753333333333332,optimal
2021-02-08 13:30:00,81,6,1.1428571428571428,0.0,0.0,0.12766666666666668,optimal
2021-02-08 14:00:00,81,6,1.1428571428571428,0.0,0.0,0.12766666666666668,optimal
2021-02-08 14:30:00,81,6,1.1428571428571428,0.0,0.0,0.077,optimal
2021-02-08 15:00:00,81,6,1.1428571428571428,0.0,0.0,0.17833333333333334,optimal
2021-02-08 15:30:00,81,6,1.1428571428571428,0.0,0.0,0.077,optimal
2021-02-08 16:00:00,81,6,0.0,0.0,0.0,0.14286666666666667,optimal
2021-02-08 16:30:00,81,6,0.0,0.0,0.0,0.11246666666666669,optimal
2021-02-08 17:00:00,81,6,0.0,0.0,0.0,0.077,optimal
2021-02-08 17:30:00,81,6,0.0,0.1548148148148148,0.0,0.3023,optimal
2021-02-08 18:00:00,81,6,0.0,0.0774074074074074,0.0,0.30639999999999995,optimal
2021-02-08 18:30:00,81,6,0.0,0.0,0.0,0.32866666666666666,optimal
2021-02-08 19:00:00,81,6,0.0,0.0,0.0,0.11246666666666669,optimal
2021-02-08 19:30:00,81,6,0.8041827577649809,0.0,0.0,0.14286666666666667,optimal
2021-02-08 20:00:00,81,6,0.8294336789364756,0.0,0.0,0.077,optimal
2021-02-08 20:30:00,81,6,0.0,0.0,0.0,0.077,optimal
2021-02-08 21:00:00,81,6,0.0,0.0,0.0,0.1378,optimal
2021-02-08 21:30:00,81,6,0.0,0.0,0.0,0.11753333333333332,optimal
2021-02-08 22:00:00,81,6,0.0,0.0,0.0,0.6471333333333333,optimal
2021-02-08 22:30:00,81,6,0.0,0.0,0.0,1.0292333333333332,optimal
2021-02-08 23:00:00,81,6,0.0,0.0,0.0,0.40836666666666666,optimal
2021-02-08 23:30:00,81,6,0.0,0.0,0.0,0.077,optimal
2021-02-09 00:00:00,81,6,0.0,0.0,0.0,0.05,optimal
2021-02-09 00:30:00,81,6,0.0969303774588828,0.0,0.0,0.05,optimal
2021-02-09 01:00:00,81,6,1.1428571428571428,0.0,0.0,0.05,optimal
2021-02-09 01:30:00,81,6,1.1428571428571428,0.0,0.0,0.05,optimal
2021-02-09 02:00:00,81,6,1.1428571428571428,0.0,0.0,0.05,optimal
2021-02-09 02:30:00,81,6,1.1428571428571428,0.0,0.0,0.05,optimal
2021-02-09 03:00:00,81,6,1.1428571428571428,0.0,0.0,0.05,optimal
2021-02-09 03:30:00,81,6,1.1428571428571428,0.0,0.0,0.05,optimal
2021-02-09 04:00:00,81,6,1.1428571428571428,0.0,0.0,0.05,optimal
2021-02-09 04:30:00,81,6,1.1428571428571428,0.0,0.0,0.05,optimal
2021-02-09 05:00:00,81,6,1.1428571428571428,0.0,0.0,0.05,optimal
2021-02-09 05:30:00,81,6,1.1428571428571428,0.0,0.0,0.051333333333333335,optimal
2021-02-09 06:00:00,81,6,1.1428571428571428,0.0,3.723022135605163,0.06,optimal
2021-02-09 06:30:00,81,6,1.1428571428571428,0.0,5.0,0.052333333333333336,optimal
2021-02-09 07:00:00,81,6,1.1428571428571428,2.7866666666666666,5.0,0.05433333333333334,optimal
2021-02-09 07:30:00,81,6,1.1428571428571428,0.0,0.0,0.058,optimal
2021-02-09 08:00:00,81,6,0.7717157254700939,0.23222222222222222,0.0,0.058,optimal
2021-02-09 08:30:00,81,6,0.7397124233462212,0.23222222222222222,0.0,0.058,optimal
2021-02-09 09:00:00,81,6,0.49214621788760005,0.1548148148148148,0.0,0.39823333333333333,optimal
2021-02-09 09:30:00,81,6,0.5658729469731739,0.387037037037037,0.0,0.071,optimal
2021-02-09 10:00:00,81,6,0.3687752563402332,0.0,0.0,0.06016666666666666,optimal
2021-02-09 10:30:00,81,6,0.360198324229002,0.3096296296296296,0.0,0.07,optimal
2021-02-09 11:00:00,81,6,0.09344324146536401,0.0,0.0,0.17830000000000001,optimal
2021-02-09 11:30:00,81,6,0.14328023599549256,0.0,0.0,0.2397,optimal
2021-02-09 12:00:00,81,6,0.10288901050575136,0.0,0.0,0.067,optimal
2021-02-09 12:30:00,81,6,0.15497582549943245,0.1548148148148148,0.0,0.0707,optimal
2021-02-09 13:00:00,81,6,0.14899277457697577,0.23222222222222222,0.0,0.10193333333333333,optimal
2021-02-09 13:30:00,81,6,1.0868310176914067,0.3096296296296296,0.0,0.09390000000000001,optimal
2021-02-09 14:00:00,81,6,1.1428571428571428,0.0,0.0,0.07293333333333334,optimal
2021-02-09 14:30:00,81,6,1.1428571428571428,0.0,0.0,0.058,optimal
2021-02-09 15:00:00,81,6,1.1428571428571428,0.0,0.0,0.06753333333333333,optimal
2021-02-09 15:30:00,81,6,1.1428571428571428,0.0,0.0,0.7419333333333333,optimal
2021-02-09 16:00:00,81,6,0.0,0.1548148148148148,0.0,2.5774666666666666,optimal
2021-02-09 16:30:00,81,6,0.0,0.0,0.0,2.0851666666666664,optimal
2021-02-09 17:00:00,81,6,0.0,0.23222222222222222,0.0,0.208,optimal
2021-02-09 17:30:00,81,6,0.0,0.3096296296296296,0.0,0.3913666666666667,optimal
2021-02-09 18:00:00,81,6,0.0,0.1548148148148148,0.0,0.6856666666666666,optimal
2021-02-09 18:30:00,81,6,0.0,0.46444444444444444,0.0,1.6630333333333334,optimal
2021-02-09 19:00:00,81,6,0.0,0.0,0.0,0.167,optimal
2021-02-09 19:30:00,81,6,0.0,0.5418518518518518,0.0,1.2598666666666665,optimal
2021-02-09 20:00:00,81,6,0.0,0.9288888888888889,0.0,0.1895,optimal
2021-02-09 20:30:00,81,6,0.0,0.0,0.0,0.219,optimal
2021-02-09 21:00:00,81,6,0.0,0.0,0.0,0.219,optimal
2021-02-09 21:30:00,81,6,0.0,0.0,0.0,0.15416666666666665,optimal
2021-02-09 22:00:00,81,6,0.0,0.3096296296296296,0.0,0.2637,optimal
2021-02-09 22:30:00,81,6,0.0,0.0,0.0,0.13296666666666668,optimal
2021-02-09 23:00:00,81,6,0.0,0.0,0.0,0.09933333333333332,optimal
2021-02-09 23:30:00,81,6,0.0,0.0,0.0,0.06,optimal
2021-02-10 00:00:00,81,6,0.0,0.1548148148148148,0.0,0.10809999999999999,optimal
2021-02-10 00:30:00,81,6,0.0,0.0,0.0,0.6985666666666667,optimal
2021-02-10 01:00:00,81,6,0.2562516124505782,0.0,0.0,0.2238,optimal
2021-02-10 01:30:00,81,6,1.1428571428571428,0.0,0.0,0.12836666666666668,optimal
2021-02-10 02:00:00,81,6,1.1428571428571428,0.0,0.0,0.1385,optimal
2021-02-10 02:30:00,81,6,1.1428571428571428,0.0,0.0,0.25939999999999996,optimal
2021-02-10 03:00:00,81,6,1.1428571428571428,0.0,0.0,0.09276666666666668,optimal
2021-02-10 03:30:00,81,6,1.1428571428571428,0.0,0.0,0.1549,optimal
2021-02-10 04:00:00,81,6,1.1428571428571428,0.0,0.0,0.13026666666666667,optimal
2021-02-10 04:30:00,81,6,1.1428571428571428,0.0,0.0,0.283,optimal
2021-02-10 05:00:00,81,6,1.1428571428571428,0.0,0.0,0.1184,optimal
2021-02-10 05:30:00,81,6,1.1428571428571428,0.0,0.0,0.15453333333333333,optimal
2021-02-10 06:00:00,81,6,1.1428571428571428,0.0,3.2079816700433645,0.29153333333333337,optimal
2021-02-10 06:30:00,81,6,1.1428571428571428,0.0,5.0,0.09659999999999999,optimal
2021-02-10 07:00:00,81,6,1.1428571428571428,6.657037037037035,5.0,1.5765666666666667,optimal
2021-02-10 07:30:00,81,6,1.1428571428571428,0.2740222222222222,0.0,0.19016666666666662,optimal
2021-02-10 08:00:00,81,6,0.7010358672418107,0.34523703703703695,0.0,0.2658333333333333,optimal
2021-02-10 08:30:00,81,6,0.629922892981405,0.5418518518518518,0.0,2.049833333333333,optimal
2021-02-10 09:00:00,81,6,0.4487226510820669,0.0774074074074074,0.0,2.3124000000000002,optimal
2021-02-10 09:30:00,81,6,0.5236439625359423,0.0,0.0,1.0939333333333334,optimal
2021-02-10 10:00:00,81,6,0.10956896338289061,0.3096296296296296,0.0,3.047733333333333,optimal
2021-02-10 10:30:00,81,6,0.2889304231637752,5.960370370370371,0.0,2.8530333333333333,optimal
2021-02-10 11:00:00,81,6,0.2366373013952801,0.0,0.0,2.7039333333333335,optimal
2021-02-10 11:30:00,81,6,0.3170417666460286,0.23222222222222222,0.0,0.6541,optimal
2021-02-10 12:00:00,81,6,0.017542274495254667,0.23222222222222222,0.0,2.5924333333333336,optimal
2021-02-10 12:30:00,81,6,0.0,0.0,0.0,2.9913000000000003,optimal
2021-02-10 13:00:00,81,6,0.0,0.0,0.0,2.174533333333333,optimal
2021-02-10 13:30:00,81,6,0.7030121737544387,0.0,0.0,2.1201333333333334,optimal
2021-02-10 14:00:00,81,6,1.1428571428571428,0.1548148148148148,0.0,1.9622,optimal
2021-02-10 14:30:00,81,6,1.1428571428571428,0.774074074074074,0.0,0.28896666666666665,optimal
2021-02-10 15:00:00,81,6,1.1428571428571428,0.23222222222222222,0.0,0.3316,optimal
2021-02-10 15:30:00,81,6,1.1428571428571428,0.0,0.0,0.966,optimal
2021-02-10 16:00:00,81,6,0.0,0.387037037037037,0.0,1.060733333333333,optimal
2021-02-10 16:30:00,81,6,0.0,0.1548148148148148,0.0,0.7853,optimal
2021-02-10 17:00:00,81,6,0.0,0.774074074074074,0.0,0.3295,optimal
2021-02-10 17:30:00,81,6,0.0,0.23222222222222222,0.0,1.4110666666666667,optimal
2021-02-10 18:00:00,81,6,0.0,0.0,0.0,0.9700333333333332,optimal
2021-02-10 18:30:00,81,6,0.0,0.6966666666666667,0.0,2.074533333333333,optimal
2021-02-10 19:00:00,81,6,0.0,0.0,0.0,2.2723666666666666,optimal
2021-02-10 19:30:00,81,6,0.0,0.0,0.0,0.4269666666666666,optimal
2021-02-10 20:00:00,81,6,0.0,0.0,0.0,0.3376,optimal
2021-02-10 20:30:00,81,6,0.0,0.0,0.0,0.1725,optimal
2021-02-10 21:00:00,81,6,0.0,0.0,0.0,1.3249333333333333,optimal
2021-02-10 21:30:00,81,6,0.0,0.0,0.0,2.685833333333333,optimal
2021-02-10 22:00:00,81,6,0.0,0.0,0.0,1.6865,optimal
2021-02-10 22:30:00,81,6,0.0,0.0,0.0,0.3407,optimal
2021-02-10 23:00:00,81,6,0.0,0.0,0.0,0.07616666666666667,optimal
2021-02-10 23:30:00,81,6,0.0,0.1548148148148148,0.0,0.9246666666666666,optimal
2021-02-11 00:00:00,81,6,0.33766290904681445,0.0,0.0,0.14486666666666667,optimal
2021-02-11 00:30:00,81,6,1.1428571428571428,0.0,0.0,0.9241666666666666,optimal
2021-02-11 01:00:00,81,6,1.1428571428571428,0.5418518518518518,0.0,2.3276,optimal
2021-02-11 01:30:00,81,6,1.1428571428571428,0.0,0.0,0.5367333333333334,optimal
2021-02-11 02:00:00,81,6,1.1428571428571428,0.0,0.0,2.3127,optimal
2021-02-11 02:30:00,81,6,1.1428571428571428,0.0,0.0,1.0881666666666667,optimal
2021-02-11 03:00:00,81,6,1.1428571428571428,0.0,0.0,0.447,optimal
2021-02-11 03:30:00,81,6,1.1428571428571428,0.0,0.0,0.5926666666666667,optimal
2021-02-11 04:00:00,81,6,1.1428571428571428,0.0,0.0,0.067,optimal
2021-02-11 04:30:00,81,6,1.1428571428571428,0.0,0.0,0.044,optimal
2021-02-11 05:00:00,81,6,1.1428571428571428,0.0,0.0,0.12066666666666669,optimal
2021-02-11 05:30:00,81,6,1.1428571428571428,0.0,1.2632377438096325,0.136,optimal
2021-02-11 06:00:00,81,6,1.1428571428571428,0.0,5.0,0.044,optimal
2021-02-11 06:30:00,81,6,1.1428571428571428,0.0,5.0,0.17466666666666666,optimal
2021-02-11 07:00:00,81,6,1.1428571428571428,0.0,5.0,0.09733333333333331,optimal
2021-02-11 07:30:00,81,6,1.1428571428571428,1.0837037037037036,0.0,0.5873333333333334,optimal
2021-02-11 08:00:00,81,6,0.6770769459539888,1.7803703703703702,0.0,2.542333333333333,optimal
2021-02-11 08:30:00,81,6,0.7558802480778622,0.0,0.0,0.40793333333333326,optimal
2021-02-11 09:00:00,81,6,0.65694306943988,0.0,0.0,0.256,optimal
2021-02-11 09:30:00,81,6,0.5758115079819415,0.1548148148148148,0.0,0.329,optimal
2021-02-11 10:00:00,81,6,0.3274316803122546,0.23222222222222222,0.0,0.23156666666666664,optimal
2021-02-11 10:30:00,81,6,0.40105441261730157,0.0,0.0,0.1636,optimal
2021-02-11 11:00:00,81,6,0.16027767203540566,0.0,0.0,0.3854333333333333,optimal
2021-02-11 11:30:00,81,6,0.1510373518921797,0.1548148148148148,0.0,0.6733,optimal
2021-02-11 12:00:00,81,6,0.0,0.0,0.0,2.0935,optimal
2021-02-11 12:30:00,81,6,0.06205694730022741,0.0,0.0,0.136,optimal
2021-02-11 13:00:00,81,6,1.1428571428571428,0.0,0.0,0.12066666666666669,optimal
2021-02-11 13:30:00,81,6,1.1428571428571428,0.0,0.0,0.41206666666666664,optimal
2021-02-11 14:00:00,81,6,1.1428571428571428,0.0774074074074074,0.0,0.4040666666666667,optimal
2021-02-11 14:30:00,81,6,1.1428571428571428,0.387037037037037,0.0,0.2413333333333333,optimal
2021-02-11 15:00:00,81,6,1.1428571428571428,0.0,0.0,0.048,optimal
2021-02-11 15:30:00,81,6,1.1428571428571428,0.0,0.0,0.22266666666666662,optimal
2021-02-11 16:00:00,81,6,0.0,0.0,0.0,0.054,optimal
2021-02-11 16:30:00,81,6,0.0,0.0,0.0,0.17466666666666666,optimal
2021-02-11 17:00:00,81,6,0.0,0.0,0.0,1.9435666666666664,optimal
2021-02-11 17:30:00,81,6,0.0,0.0774074074074074,0.0,0.9105,optimal
2021-02-11 18:00:00,81,6,0.0,0.5418518518518518,0.0,2.716133333333333,optimal
2021-02-11 18:30:00,81,6,0.0,0.3096296296296296,0.0,0.449,optimal
2021-02-11 19:00:00,81,6,0.0,0.0,0.0,2.046333333333333,optimal
2021-02-11 19:30:00,81,6,0.05884177865869115,0.3096296296296296,0.0,0.9581333333333332,optimal
2021-02-11 20:00:00,81,6,0.7615687304319165,0.0,0.0,0.5193333333333334,optimal
2021-02-11 20:30:00,81,6,0.0,0.46444444444444444,0.0,0.5600333333333333,optimal
2021-02-11 21:00:00,81,6,0.0,0.0,0.0,0.37173333333333336,optimal
2021-02-11 21:30:00,81,6,0.0,0.387037037037037,0.0,0.38956666666666667,optimal
2021-02-11 22:00:00,81,6,0.0,0.23222222222222222,0.0,0.3663333333333333,optimal
2021-02-11 22:30:00,81,6,0.0,0.0,0.0,0.5026,optimal
2021-02-11 23:00:00,81,6,0.0,0.1548148148148148,0.0,0.4968333333333333,optimal
2021-02-11 23:30:00,81,6,0.0,0.23222222222222222,0.0,0.4461,optimal
2021-02-12 00:00:00,81,6,0.9506469497287393,0.0,0.0,0.14486666666666667,optimal
2021-02-12 00:30:00,81,6,1.1428571428571428,0.0,0.0,0.9241666666666666,optimal
2021-02-12 01:00:00,81,6,1.1428571428571428,0.5418518518518518,0.0,2.3276,optimal
2021-02-12 01:30:00,81,6,1.1428571428571428,0.0,0.0,0.5367333333333334,optimal
2021-02-12 02:00:00,81,6,1.1428571428571428,0.0,0.0,2.3127,optimal
2021-02-12 02:30:00,81,6,1.1428571428571428,0.0,0.0,1.0881666666666667,optimal
2021-02-12 03:00:00,81,6,1.1428571428571428,0.0,0.0,0.447,optimal
2021-02-12 03:30:00,81,6,1.1428571428571428,0.0,0.0,0.5926666666666667,optimal
2021-02-12 04:00:00,81,6,1.1428571428571428,0.0,0.0,0.067,optimal
2021-02-12 04:30:00,81,6,1.1428571428571428,0.0,0.0,0.044,optimal
2021-02-12 05:00:00,81,6,1.1428571428571428,0.0,0.0,0.12066666666666669,optimal
2021-02-12 05:30:00,81,6,1.1428571428571428,0.0,0.0,0.136,optimal
2021-02-12 06:00:00,81,6,1.1428571428571428,0.0,0.0,0.044,optimal
2021-02-12 06:30:00,81,6,1.1428571428571428,0.0,2.329555574269971,0.17466666666666666,optimal
2021-02-12 07:00:00,81,6,1.1428571428571428,0.0,5.0,0.09733333333333331,optimal
2021-02-12 07:30:00,81,6,1.1428571428571428,1.0837037037037036,0.0,0.5873333333333334,optimal
2021-02-12 08:00:00,81,6,0.728531934373611,1.7803703703703702,0.0,2.542333333333333,optimal
2021-02-12 08:30:00,81,6,0.8094791943483161,0.0,0.0,0.40793333333333326,optimal
2021-02-12 09:00:00,81,6,0.7049408418027836,0.0,0.0,0.256,optimal
2021-02-12 09:30:00,81,6,0.6002257439858597,0.1548148148148148,0.0,0.329,optimal
2021-02-12 10:00:00,81,6,0.3437526434738701,0.23222222222222222,0.0,0.23156666666666664,optimal
2021-02-12 10:30:00,81,6,0.3744962187625749,0.0,0.0,0.1636,optimal
2021-02-12 11:00:00,81,6,0.09277660410390035,0.0,0.0,0.3854333333333333,optimal
2021-02-12 11:30:00,81,6,0.11355169387213132,0.1548148148148148,0.0,0.6733,optimal
2021-02-12 12:00:00,81,6,0.00853239624022852,0.0,0.0,2.0935,optimal
2021-02-12 12:30:00,81,6,0.1991741526751287,0.0,0.0,0.136,optimal
2021-02-12 13:00:00,81,6,0.9773905621170953,0.0,0.0,0.12066666666666669,optimal
2021-02-12 13:30:00,81,6,1.1428571428571428,0.0,0.0,0.41206666666666664,optimal
2021-02-12 14:00:00,81,6,1.1428571428571428,0.0774074074074074,0.0,0.4040666666666667,optimal
2021-02-12 14:30:00,81,6,1.1428571428571428,0.387037037037037,0.0,0.2413333333333333,optimal
2021-02-12 15:00:00,81,6,1.1428571428571428,0.0,0.0,0.048,optimal
2021-02-12 15:30:00,81,6,1.1428571428571428,0.0,0.0,0.22266666666666662,optimal
2021-02-12 16:00:00,81,6,0.0,0.0,0.0,0.054,optimal
2021-02-12 16:30:00,81,6,0.0,0.0,0.0,0.17466666666666666,optimal
2021-02-12 17:00:00,81,6,0.0,0.0,0.0,1.9435666666666664,optimal
2021-02-12 17:30:00,81,6,0.0,0.0774074074074074,0.0,0.9105,optimal
2021-02-12 18:00:00,81,6,0.0,0.5418518518518518,0.0,2.716133333333333,optimal
2021-02-12 18:30:00,81,6,0.0,0.3096296296296296,0.0,0.449,optimal
2021-02-12 19:00:00,81,6,0.0,0.0,0.0,2.046333333333333,optimal
2021-02-12 19:30:00,81,6,0.0,0.3096296296296296,0.0,0.9581333333333332,optimal
2021-02-12 20:00:00,81,6,0.0,0.0,0.0,0.5193333333333334,optimal
2021-02-12 20:30:00,81,6,0.0,0.46444444444444444,0.0,0.5600333333333333,optimal
2021-02-12 21:00:00,81,6,0.0,0.0,0.0,0.37173333333333336,optimal
2021-02-12 21:30:00,81,6,0.0,0.387037037037037,0.0,0.38956666666666667,optimal
2021-02-12 22:00:00,81,6,0.0,0.23222222222222222,0.0,0.3663333333333333,optimal
2021-02-12 22:30:00,81,6,0.0,0.0,0.0,0.5026,optimal
2021-02-12 23:00:00,81,6,0.0,0.1548148148148148,0.0,0.4968333333333333,optimal
2021-02-12 23:30:00,81,6,0.0,0.23222222222222222,0.0,0.4461,optimal
2021-02-13 00:00:00,81,6,0.0,0.0,0.0,0.048,optimal
2021-02-13 00:30:00,81,6,0.0,0.0,0.0,0.13933333333333334,optimal
2021-02-13 01:00:00,81,6,0.0,0.0,0.0,0.048,optimal
2021-02-13 01:30:00,81,6,0.272291414714905,0.0,0.0,0.13933333333333334,optimal
2021-02-13 02:00:00,81,6,1.1428571428571428,0.0,0.0,0.048,optimal
2021-02-13 02:30:00,81,6,1.1428571428571428,0.0,0.0,0.17613333333333334,optimal
2021-02-13 03:00:00,81,6,1.1428571428571428,0.0,0.0,0.0664,optimal
2021-02-13 03:30:00,81,6,1.1428571428571428,0.0,3.881103428101489,0.05256666666666667,optimal
2021-02-13 04:00:00,81,6,1.1428571428571428,0.0,5.0,0.1559,optimal
2021-02-13 04:30:00,81,6,1.1428571428571428,0.0,5.0,0.08073333333333334,optimal
2021-02-13 05:00:00,81,6,1.1428571428571428,0.46444444444444444,5.0,0.047,optimal
2021-02-13 05:30:00,81,6,1.1428571428571428,2.4770370370370367,5.0,0.15333333333333335,optimal
2021-02-13 06:00:00,81,6,1.1428571428571428,1.1611111111111108,0.0,0.3413,optimal
2021-02-13 06:30:00,81,6,1.1428571428571428,2.5544444444444445,0.0,0.16663333333333333,optimal
2021-02-13 07:00:00,81,6,1.1428571428571428,0.1548148148148148,0.0,0.1015,optimal
2021-02-13 07:30:00,81,6,1.1428571428571428,0.6192592592592592,0.0,0.089,optimal
2021-02-13 08:00:00,81,6,0.6361435656422516,2.2448148148148146,0.0,0.1606,optimal
2021-02-13 08:30:00,81,6,0.5885691316009564,0.387037037037037,0.0,1.577233333333333,optimal
2021-02-13 09:00:00,81,6,0.6764392283457583,1.006296296296296,0.0,0.133,optimal
2021-02-13 09:30:00,81,6,0.6158242009964335,0.23222222222222222,0.0,0.27363333333333334,optimal
2021-02-13 10:00:00,81,6,0.3992520955860244,0.1548148148148148,0.0,0.4522333333333334,optimal
2021-02-13 10:30:00,81,6,0.4155671853542486,0.1548148148148148,0.0,0.47906666666666664,optimal
2021-02-13 11:00:00,81,6,0.27468371764705496,0.0,0.0,0.1361,optimal
2021-02-13 11:30:00,81,6,0.25141595027242825,0.387037037037037,0.0,0.26203333333333334,optimal
2021-02-13 12:00:00,81,6,0.17201840022262488,0.0,0.0,0.2342333333333333,optimal
2021-02-13 12:30:00,81,6,0.09802572261623103,0.0,0.0,0.4682,optimal
2021-02-13 13:00:00,81,6,1.1428571428571428,0.0,0.0,0.16456666666666667,optimal
2021-02-13 13:30:00,81,6,1.1428571428571428,0.0,0.0,1.2571333333333334,optimal
2021-02-13 14:00:00,81,6,1.1428571428571428,0.23222222222222222,0.0,1.2439666666666667,optimal
2021-02-13 14:30:00,81,6,1.1428571428571428,0.1548148148148148,0.0,0.4274,optimal
2021-02-13 15:00:00,81,6,1.1428571428571428,0.3096296296296296,0.0,0.1562333333333333,optimal
2021-02-13 15:30:00,81,6,1.1428571428571428,1.8577777777777778,0.0,0.1797,optimal
2021-02-13 16:00:00,81,6,0.0,0.1548148148148148,0.0,0.14843333333333333,optimal
2021-02-13 16:30:00,81,6,0.0,0.0,0.0,0.06720000000000001,optimal
2021-02-13 17:00:00,81,6,0.0,2.012592592592592,0.0,0.17433333333333334,optimal
2021-02-13 17:30:00,81,6,0.0,0.3096296296296296,0.0,0.2941333333333333,optimal
2021-02-13 18:00:00,81,6,0.0,0.23222222222222222,0.0,0.2573333333333333,optimal
2021-02-13 18:30:00,81,6,0.0,0.6966666666666667,0.0,0.9672666666666667,optimal
2021-02-13 19:00:00,81,6,0.0,0.0,0.0,1.5739,optimal
2021-02-13 19:30:00,81,6,0.0,0.0,0.0,0.49910000000000004,optimal
2021-02-13 20:00:00,81,6,0.5399194657682521,0.0,0.0,0.30776666666666663,optimal
2021-02-13 20:30:00,81,6,0.0,0.0,0.0,0.28076666666666666,optimal
2021-02-13 21:00:00,81,6,0.0,0.23222222222222222,0.0,0.2305,optimal
2021-02-13 21:30:00,81,6,0.0,0.0,0.0,0.41833333333333333,optimal
2021-02-13 22:00:00,81,6,0.0,0.0,0.0,0.4273666666666667,optimal
2021-02-13 22:30:00,81,6,0.0,0.0,0.0,0.3698666666666667,optimal
2021-02-13 23:00:00,81,6,0.0,0.0,0.0,0.2341,optimal
2021-02-13 23:30:00,81,6,0.0,0.0,0.0,0.32306666666666667,optimal
2021-02-07 00:00:00,82,6,0.0,0.0,0.0,0.063,optimal
2021-02-07 00:30:00,82,6,0.0,0.0,0.0,0.063,optimal
2021-02-07 01:00:00,82,6,0.0,0.0,0.0,0.063,optimal
2021-02-07 01:30:00,82,6,0.0,0.0,0.0,0.063,optimal
2021-02-07 02:00:00,82,6,0.0,0.0,0.0,0.1367,optimal
2021-02-07 02:30:00,82,6,0.0,0.0,0.0,0.1367,optimal
2021-02-07 03:00:00,82,6,0.0,0.0,0.0,0.07640000000000001,optimal
2021-02-07 03:30:00,82,6,0.0,0.0,0.0,0.197,optimal
2021-02-07 04:00:00,82,6,1.1428571428571428,0.0,0.0,0.063,optimal
2021-02-07 04:30:00,82,6,1.1428571428571428,0.0,0.0,0.18359999999999999,optimal
2021-02-07 05:00:00,82,6,1.1428571428571428,0.0,0.0,0.08979999999999999,optimal
2021-02-07 05:30:00,82,6,1.1428571428571428,0.0,0.0,0.063,optimal
2021-02-07 06:00:00,82,6,1.1428571428571428,0.0,0.0,0.15009999999999998,optimal
2021-02-07 06:30:00,82,6,1.1428571428571428,0.387037037037037,0.0,0.12263333333333334,optimal
2021-02-07 07:00:00,82,6,1.1428571428571428,0.23222222222222222,1.7076336144509696,0.061,optimal
2021-02-07 07:30:00,82,6,0.0,0.46444444444444444,0.0,1.5065,optimal
2021-02-07 08:00:00,82,6,0.0,2.3222222222222215,0.0,0.2253666666666667,optimal
2021-02-07 08:30:00,82,6,0.4300388818363029,0.8514814814814814,0.0,0.33413333333333334,optimal
2021-02-07 09:00:00,82,6,0.14765963367535337,0.23222222222222222,0.0,2.882433333333333,optimal
2021-02-07 09:30:00,82,6,0.4901794853483533,0.0,0.0,0.31726666666666664,optimal
2021-02-07 10:00:00,82,6,0.42556725198369755,0.0,0.0,0.24703333333333333,optimal
2021-02-07 10:30:00,82,6,0.6452894533996184,0.0,0.0,0.073,optimal
2021-02-07 11:00:00,82,6,0.5374269391823012,0.0,0.0,0.1199,optimal
2021-02-07 11:30:00,82,6,0.5221126534680146,0.0,0.0,0.1735,optimal
2021-02-07 12:00:00,82,6,0.48305703629673974,0.0,0.0,0.073,optimal
2021-02-07 12:30:00,82,6,0.6985794968632346,0.0,0.0,0.1936,optimal
2021-02-07 13:00:00,82,6,1.1428571428571428,0.0,0.0,0.0998,optimal
2021-02-07 13:30:00,82,6,1.1428571428571428,0.0,0.0,0.073,optimal
2021-02-07 14:00:00,82,6,1.1428571428571428,0.0,0.0,0.1534,optimal
2021-02-07 14:30:00,82,6,1.1428571428571428,0.0,0.0,0.236,optimal
2021-02-07 15:00:00,82,6,1.1428571428571428,0.0,0.0,0.169,optimal
2021-02-07 15:30:00,82,6,1.1428571428571428,0.0,0.0,0.1668,optimal
2021-02-07 16:00:00,82,6,0.0,0.0,0.0,0.1266,optimal
2021-02-07 16:30:00,82,6,0.0,0.0,0.0,0.073,optimal
2021-02-07 17:00:00,82,6,0.0,0.0,0.0,0.27053333333333335,optimal
2021-02-07 17:30:00,82,6,0.0,0.46444444444444444,0.0,0.9996333333333333,optimal
2021-02-07 18:00:00,82,6,0.0,0.0,0.0,1.5415999999999999,optimal
2021-02-07 18:30:00,82,6,0.0,0.7028592592592591,0.0,0.7617999999999999,optimal
2021-02-07 19:00:00,82,6,0.0,0.07121481481481483,0.0,0.25566666666666665,optimal
2021-02-07 19:30:00,82,6,0.45383143054215547,0.0,0.0,0.6734,optimal
2021-02-07 20:00:00,82,6,0.557517144827871,0.0,0.0,0.27446666666666664,optimal
2021-02-07 20:30:00,82,6,0.0,0.0,0.0,0.34136666666666665,optimal
2021-02-07 21:00:00,82,6,0.0,0.0774074074074074,0.0,0.233,optimal
2021-02-07 21:30:00,82,6,0.0,0.1548148148148148,0.0,0.5020666666666667,optimal
2021-02-07 22:00:00,82,6,0.0,0.0,0.0,0.073,optimal
2021-02-07 22:30:00,82,6,0.0,0.0,0.0,0.207,optimal
2021-02-07 23:00:00,82,6,0.0,0.0,0.0,0.0864,optimal
2021-02-07 23:30:00,82,6,0.0,0.0,0.0,0.073,optimal
2021-02-08 00:00:00,82,6,0.0,0.0,0.0,0.06333333333333334,optimal
2021-02-08 00:30:00,82,6,0.0,0.0,0.0,0.063,optimal
2021-02-08 01:00:00,82,6,0.0,0.0,0.0,0.30456666666666665,optimal
2021-02-08 01:30:00,82,6,0.0,0.0,0.0,0.06803333333333333,optimal
2021-02-08 02:00:00,82,6,0.9720970094660343,0.0,0.0,0.1977333333333333,optimal
2021-02-08 02:30:00,82,6,1.1428571428571428,0.0,0.0,0.17486666666666667,optimal
2021-02-08 03:00:00,82,6,1.1428571428571428,0.0,0.0,0.10943333333333334,optimal
2021-02-08 03:30:00,82,6,1.1428571428571428,0.0,0.0,0.1625,optimal
2021-02-08 04:00:00,82,6,1.1428571428571428,0.0,0.0,0.17333333333333334,optimal
2021-02-08 04:30:00,82,6,1.1428571428571428,0.0,0.0,0.19003333333333333,optimal
2021-02-08 05:00:00,82,6,1.1428571428571428,0.0,0.0,0.16846666666666668,optimal
2021-02-08 05:30:00,82,6,1.1428571428571428,0.0,0.0,0.07809999999999999,optimal
2021-02-08 06:00:00,82,6,1.1428571428571428,0.0,0.5981652962127196,0.2089333333333333,optimal
2021-02-08 06:30:00,82,6,1.1428571428571428,0.5418518518518518,5.0,0.2621,optimal
2021-02-08 07:00:00,82,6,1.1428571428571428,1.6255555555555554,0.0,0.1027,optimal
2021-02-08 07:30:00,82,6,1.1428571428571428,0.46444444444444444,0.0,1.0121,optimal
2021-02-08 08:00:00,82,6,0.27741972225062156,0.0,0.0,1.2371333333333334,optimal
2021-02-08 08:30:00,82,6,0.6823266855713042,0.387037037037037,0.0,0.1843333333333333,optimal
2021-02-08 09:00:00,82,6,0.6937814066745212,0.0,0.0,0.1592333333333333,optimal
2021-02-08 09:30:00,82,6,0.6949304855030187,0.0,0.0,0.13269999999999998,optimal
2021-02-08 10:00:00,82,6,0.5410846406755495,0.0,0.0,0.11326666666666668,optimal
2021-02-08 10:30:00,82,6,0.5284974666089557,0.0,0.0,0.17983333333333335,optimal
2021-02-08 11:00:00,82,6,0.35695026487503395,0.0,0.0,0.1725,optimal
2021-02-08 11:30:00,82,6,0.3523290158400673,0.0,0.0,0.17366666666666666,optimal
2021-02-08 12:00:00,82,6,0.27895556155705925,0.0,0.0,0.2189333333333333,optimal
2021-02-08 12:30:00,82,6,0.31207496824902925,0.0,0.0,0.073,optimal
2021-02-08 13:00:00,82,6,0.33145357813328846,0.0,0.0,0.20566666666666664,optimal
2021-02-08 13:30:00,82,6,1.1428571428571428,0.0,0.0,0.1869333333333333,optimal
2021-02-08 14:00:00,82,6,1.1428571428571428,0.0,0.0,0.073,optimal
2021-02-08 14:30:00,82,6,1.1428571428571428,0.0,0.0,0.22786666666666666,optimal
2021-02-08 15:00:00,82,6,1.1428571428571428,0.0,0.0,0.16473333333333331,optimal
2021-02-08 15:30:00,82,6,1.1428571428571428,0.0,0.0,0.43510000000000004,optimal
2021-02-08 16:00:00,82,6,0.0,0.0,0.0,1.3522,optimal
2021-02-08 16:30:00,82,6,0.0,0.0774074074074074,0.0,1.6604666666666668,optimal
2021-02-08 17:00:00,82,6,0.0,0.23222222222222222,0.0,0.6335,optimal
2021-02-08 17:30:00,82,6,0.0,0.3096296296296296,0.0,0.2953,optimal
2021-02-08 18:00:00,82,6,0.0,0.0,0.0,0.49256666666666665,optimal
2021-02-08 18:30:00,82,6,0.0,0.774074074074074,0.0,0.8605666666666667,optimal
2021-02-08 19:00:00,82,6,0.0,0.0,0.0,0.4938666666666667,optimal
2021-02-08 19:30:00,82,6,0.0,0.0,0.0,0.5327999999999999,optimal
2021-02-08 20:00:00,82,6,0.0,0.0,0.0,0.31310000000000004,optimal
2021-02-08 20:30:00,82,6,0.0,0.0,0.0,0.5135333333333333,optimal
2021-02-08 21:00:00,82,6,0.0,0.1548148148148148,0.0,0.44580000000000003,optimal
2021-02-08 21:30:00,82,6,0.0,0.0,0.0,0.5784333333333332,optimal
2021-02-08 22:00:00,82,6,0.0,0.3096296296296296,0.0,0.37396666666666656,optimal
2021-02-08 22:30:00,82,6,0.0,0.1548148148148148,0.0,0.5219,optimal
2021-02-08 23:00:00,82,6,0.0,0.3096296296296296,0.0,0.3920666666666667,optimal
2021-02-08 23:30:00,82,6,0.0,0.0,0.0,0.5131333333333333,optimal
2021-02-09 00:00:00,82,6,0.0,0.0,0.0,0.10640000000000001,optimal
2021-02-09 00:30:00,82,6,0.0,0.0,0.0,0.07383333333333333,optimal
2021-02-09 01:00:00,82,6,0.0,0.0,0.0,0.061399999999999996,optimal
2021-02-09 01:30:00,82,6,0.3524103580574045,0.0,0.0,0.3673333333333333,optimal
2021-02-09 02:00:00,82,6,1.1428571428571428,0.0,0.0,0.055,optimal
2021-02-09 02:30:00,82,6,1.1428571428571428,0.0,0.0,0.3517333333333333,optimal
2021-02-09 03:00:00,82,6,1.1428571428571428,0.0,0.0,0.077,optimal
2021-02-09 03:30:00,82,6,1.1428571428571428,0.0,0.0,0.15480000000000002,optimal
2021-02-09 04:00:00,82,6,1.1428571428571428,0.0,0.0,0.27393333333333336,optimal
2021-02-09 04:30:00,82,6,1.1428571428571428,0.0,0.0,0.055,optimal
2021-02-09 05:00:00,82,6,1.1428571428571428,0.0,0.7266886100058694,0.1446,optimal
2021-02-09 05:30:00,82,6,1.1428571428571428,0.0,5.0,0.07006666666666667,optimal
2021-02-09 06:00:00,82,6,1.1428571428571428,0.0,5.0,0.12053333333333331,optimal
2021-02-09 06:30:00,82,6,1.1428571428571428,0.0,5.0,0.2931333333333333,optimal
2021-02-09 07:00:00,82,6,1.1428571428571428,0.0,5.0,0.4879,optimal
2021-02-09 07:30:00,82,6,1.1428571428571428,0.774074074074074,0.0,0.207,optimal
2021-02-09 08:00:00,82,6,0.6106300111843815,0.0774074074074074,0.0,0.22123333333333328,optimal
2021-02-09 08:30:00,82,6,0.604750518584308,1.2385185185185184,0.0,0.24613333333333332,optimal
2021-02-09 09:00:00,82,6,0.19373669407808072,0.0774074074074074,0.0,1.4330333333333334,optimal
2021-02-09 09:30:00,82,6,0.44249199459221944,5.495925925925925,0.0,0.1814,optimal
2021-02-09 10:00:00,82,6,0.27163239919737947,0.2740222222222222,0.0,0.38023333333333337,optimal
2021-02-09 10:30:00,82,6,0.2725888004194759,0.9644962962962965,0.0,0.45703333333333335,optimal
2021-02-09 11:00:00,82,6,0.18109086051298293,0.0,0.0,0.2299333333333333,optimal
2021-02-09 11:30:00,82,6,0.18447071218596925,0.23222222222222222,0.0,0.3572666666666667,optimal
2021-02-09 12:00:00,82,6,0.05685091526766503,0.23222222222222222,0.0,0.44796666666666657,optimal
2021-02-09 12:30:00,82,6,0.0021758254994355564,0.0,0.0,0.5902333333333334,optimal
2021-02-09 13:00:00,82,6,0.0,0.0774074074074074,0.0,0.6498999999999999,optimal
2021-02-09 13:30:00,82,6,0.38910474683032803,0.0,0.0,0.3846666666666667,optimal
2021-02-09 14:00:00,82,6,1.1428571428571428,0.0,0.0,0.3297,optimal
2021-02-09 14:30:00,82,6,1.1428571428571428,0.3096296296296296,0.0,0.30043333333333333,optimal
2021-02-09 15:00:00,82,6,1.1428571428571428,0.0,0.0,0.5538666666666667,optimal
2021-02-09 15:30:00,82,6,1.1428571428571428,0.0,0.0,0.8359333333333333,optimal
2021-02-09 16:00:00,82,6,0.0,0.1548148148148148,0.0,0.8824666666666667,optimal
2021-02-09 16:30:00,82,6,0.0,0.0,0.0,0.16846666666666668,optimal
2021-02-09 17:00:00,82,6,0.0,0.46444444444444444,0.0,0.8700333333333333,optimal
2021-02-09 17:30:00,82,6,0.0,0.0774074074074074,0.0,0.2299333333333333,optimal
2021-02-09 18:00:00,82,6,0.0,0.23222222222222222,0.0,0.5424666666666667,optimal
2021-02-09 18:30:00,82,6,0.0,0.3096296296296296,0.0,0.15413333333333332,optimal
2021-02-09 19:00:00,82,6,0.0,0.0774074074074074,0.0,0.2834333333333333,optimal
2021-02-09 19:30:00,82,6,0.0,0.387037037037037,0.0,0.32256666666666667,optimal
2021-02-09 20:00:00,82,6,0.0,0.3096296296296296,0.0,0.4685,optimal
2021-02-09 20:30:00,82,6,0.0,0.1548148148148148,0.0,0.31260000000000004,optimal
2021-02-09 21:00:00,82,6,0.0,0.3096296296296296,0.0,2.5715,optimal
2021-02-09 21:30:00,82,6,0.0,5.882962962962964,0.0,0.5193666666666666,optimal
2021-02-09 22:00:00,82,6,0.0,0.46444444444444444,0.0,0.2532,optimal
2021-02-09 22:30:00,82,6,0.0,0.46444444444444444,0.0,0.4572,optimal
2021-02-09 23:00:00,82,6,0.0,0.0,0.0,0.39076666666666665,optimal
2021-02-09 23:30:00,82,6,0.0,0.0,0.0,0.2734,optimal
2021-02-10 00:00:00,82,6,0.0,0.0,0.0,0.3327,optimal
2021-02-10 00:30:00,82,6,0.0,0.0,0.0,0.4291333333333333,optimal
2021-02-10 01:00:00,82,6,0.0,0.0,0.0,0.16526666666666667,optimal
2021-02-10 01:30:00,82,6,0.0,0.0,0.0,0.2324,optimal
2021-02-10 02:00:00,82,6,0.7631654910706107,0.0,0.0,0.20306666666666665,optimal
2021-02-10 02:30:00,82,6,1.1428571428571428,0.0,0.0,0.11286666666666666,optimal
2021-02-10 03:00:00,82,6,1.1428571428571428,0.0,0.0,0.21919999999999998,optimal
2021-02-10 03:30:00,82,6,1.1428571428571428,0.0,0.0,0.23306666666666664,optimal
2021-02-10 04:00:00,82,6,1.1428571428571428,0.0,0.0,0.10940000000000001,optimal
2021-02-10 04:30:00,82,6,1.1428571428571428,0.0,0.0,0.32606666666666667,optimal
2021-02-10 05:00:00,82,6,1.1428571428571428,0.0,2.5665822971141727,0.11359999999999999,optimal
2021-02-10 05:30:00,82,6,1.1428571428571428,0.0,5.0,0.2176,optimal
2021-02-10 06:00:00,82,6,1.1428571428571428,0.0,5.0,0.23406666666666665,optimal
2021-02-10 06:30:00,82,6,1.1428571428571428,0.0,5.0,0.13546666666666668,optimal
2021-02-10 07:00:00,82,6,1.1428571428571428,0.387037037037037,5.0,0.4091666666666667,optimal
2021-02-10 07:30:00,82,6,1.1428571428571428,0.8514814814814814,0.0,1.8538333333333332,optimal
2021-02-10 08:00:00,82,6,0.5011977720037244,0.9288888888888889,0.0,1.1063666666666665,optimal
2021-02-10 08:30:00,82,6,0.4929667025052116,0.6966666666666667,0.0,1.1713666666666667,optimal
2021-02-10 09:00:00,82,6,0.5047893177487339,0.0,0.0,0.3415,optimal
2021-02-10 09:30:00,82,6,0.5315563434883179,0.5418518518518518,0.0,0.34426666666666667,optimal
2021-02-10 10:00:00,82,6,0.3801984871924117,0.3096296296296296,0.0,0.3191333333333333,optimal
2021-02-10 10:30:00,82,6,0.3950618517351933,0.1548148148148148,0.0,0.2064333333333333,optimal
2021-02-10 11:00:00,82,6,0.22801063472861482,0.3096296296296296,0.0,1.2083666666666666,optimal
2021-02-10 11:30:00,82,6,0.2598074809317408,0.0,0.0,0.25780000000000003,optimal
2021-02-10 12:00:00,82,6,0.11015751259048771,0.0,0.0,0.2283,optimal
2021-02-10 12:30:00,82,6,0.1304146554476335,0.3096296296296296,0.0,0.2474,optimal
2021-02-10 13:00:00,82,6,1.1428571428571428,0.1548148148148148,0.0,0.2169333333333333,optimal
2021-02-10 13:30:00,82,6,1.1428571428571428,0.0,0.0,0.27253333333333335,optimal
2021-02-10 14:00:00,82,6,1.1428571428571428,0.0,0.0,0.17033333333333334,optimal
2021-02-10 14:30:00,82,6,1.1428571428571428,0.0,0.0,0.1494,optimal
2021-02-10 15:00:00,82,6,1.1428571428571428,0.0,0.0,0.311,optimal
2021-02-10 15:30:00,82,6,1.1428571428571428,0.0,0.0,0.08926666666666666,optimal
2021-02-10 16:00:00,82,6,0.0,0.0,0.0,0.2328,optimal
2021-02-10 16:30:00,82,6,0.0,0.0,0.0,0.24786666666666668,optimal
2021-02-10 17:00:00,82,6,0.0,0.0774074074074074,0.0,0.227,optimal
2021-02-10 17:30:00,82,6,0.0,0.774074074074074,0.0,0.9397333333333332,optimal
2021-02-10 18:00:00,82,6,0.0,0.3096296296296296,0.0,0.4643333333333333,optimal
2021-02-10 18:30:00,82,6,0.0,0.3096296296296296,0.0,0.328,optimal
2021-02-10 19:00:00,82,6,0.0,0.0,0.0,0.6859333333333333,optimal
2021-02-10 19:30:00,82,6,0.0,0.0,0.0,0.2382,optimal
2021-02-10 20:00:00,82,6,0.4341967454656371,0.3096296296296296,0.0,0.4281333333333333,optimal
2021-02-10 20:30:00,82,6,0.0,0.0,0.0,0.6434,optimal
2021-02-10 21:00:00,82,6,0.0,0.3096296296296296,0.0,0.2912,optimal
2021-02-10 21:30:00,82,6,0.0,0.0,0.0,0.2431333333333333,optimal
2021-02-10 22:00:00,82,6,0.0,0.0,0.0,0.1362,optimal
2021-02-10 22:30:00,82,6,0.0,0.0,0.0,0.17033333333333334,optimal
2021-02-10 23:00:00,82,6,0.0,0.0,0.0,0.2347333333333333,optimal
2021-02-10 23:30:00,82,6,0.0,0.0,0.0,0.20653333333333332,optimal
2021-02-11 00:00:00,82,6,1.0788812046347718,0.0,0.0,0.055666666666666656,optimal
2021-02-11 00:30:00,82,6,1.1428571428571428,0.0,0.0,0.06966666666666667,optimal
2021-02-11 01:00:00,82,6,1.1428571428571428,0.0,0.0,0.1318,optimal
2021-02-11 01:30:00,82,6,1.1428571428571428,0.0,0.0,0.2258,optimal
2021-02-11 02:00:00,82,6,1.1428571428571428,0.0,0.0,0.057,optimal
2021-02-11 02:30:00,82,6,1.1428571428571428,0.0,0.0,0.2066,optimal
2021-02-11 03:00:00,82,6,1.1428571428571428,0.0,0.0,0.0711,optimal
2021-02-11 03:30:00,82,6,1.1428571428571428,0.0,0.0,0.1913,optimal
2021-02-11 04:00:00,82,6,1.1428571428571428,0.0,0.0,0.1663,optimal
2021-02-11 04:30:00,82,6,1.1428571428571428,0.0,0.0,0.1369,optimal
2021-02-11 05:00:00,82,6,1.1428571428571428,0.0,0.0,0.057,optimal
2021-02-11 05:30:00,82,6,1.1428571428571428,0.0,0.0,0.18619999999999998,optimal
2021-02-11 06:00:00,82,6,1.1428571428571428,0.46444444444444444,4.602115440592806,0.1874,optimal
2021-02-11 06:30:00,82,6,1.1428571428571428,0.1548148148148148,5.0,2.6124666666666667,optimal
2021-02-11 07:00:00,82,6,1.1428571428571428,1.2385185185185184,5.0,0.18556666666666663,optimal
2021-02-11 07:30:00,82,6,1.1428571428571428,0.6966666666666667,0.0,0.20183333333333328,optimal
2021-02-11 08:00:00,82,6,0.8726293269063724,0.23222222222222222,0.0,0.07426666666666666,optimal
2021-02-11 08:30:00,82,6,0.9261183433159624,0.0,0.0,0.161,optimal
2021-02-11 09:00:00,82,6,0.8005335456303555,0.0,0.0,0.169,optimal
2021-02-11 09:30:00,82,6,0.7020876984581239,0.0,0.0,0.11993333333333334,optimal
2021-02-11 10:00:00,82,6,0.40396501364558374,0.0,0.0,0.14826666666666669,optimal
2021-02-11 10:30:00,82,6,0.480740126903023,0.0,0.0,0.1276,optimal
2021-02-11 11:00:00,82,6,0.31797291013063694,0.0,0.0,0.14873333333333333,optimal
2021-02-11 11:30:00,82,6,0.2450611614159912,0.0,0.0,0.1071,optimal
2021-02-11 12:00:00,82,6,0.06718988432042719,0.3096296296296296,0.0,0.0973,optimal
2021-02-11 12:30:00,82,6,0.0,0.0,0.0,0.4186333333333333,optimal
2021-02-11 13:00:00,82,6,1.1428571428571428,0.0774074074074074,0.0,0.2627,optimal
2021-02-11 13:30:00,82,6,1.1428571428571428,0.0,0.0,0.187,optimal
2021-02-11 14:00:00,82,6,1.1428571428571428,0.0,0.0,0.21546666666666667,optimal
2021-02-11 14:30:00,82,6,1.1428571428571428,0.0,0.0,0.3367,optimal
2021-02-11 15:00:00,82,6,1.1428571428571428,0.0,0.0,0.19953333333333334,optimal
2021-02-11 15:30:00,82,6,1.1428571428571428,0.0,0.0,0.195,optimal
2021-02-11 16:00:00,82,6,0.0,0.0,0.0,0.125,optimal
2021-02-11 16:30:00,82,6,0.0,0.0,0.0,0.1386,optimal
2021-02-11 17:00:00,82,6,0.0,0.1548148148148148,0.0,0.18153333333333332,optimal
2021-02-11 17:30:00,82,6,0.0,0.6966666666666667,0.0,0.1843333333333333,optimal
2021-02-11 18:00:00,82,6,0.0,0.774074074074074,0.0,0.3947,optimal
2021-02-11 18:30:00,82,6,0.0,0.0,0.0,0.16219999999999998,optimal
2021-02-11 19:00:00,82,6,0.0,0.0,0.0,0.30810000000000004,optimal
2021-02-11 19:30:00,82,6,0.4449594956845003,0.0,0.0,1.5191,optimal
2021-02-11 20:00:00,82,6,0.917378254241443,0.387037037037037,0.0,0.3048,optimal
2021-02-11 20:30:00,82,6,0.0,1.3933333333333333,0.0,0.2521333333333333,optimal
2021-02-11 21:00:00,82,6,0.0,0.5418518518518518,0.0,0.4556,optimal
2021-02-11 21:30:00,82,6,0.0,0.0,0.0,0.32653333333333334,optimal
2021-02-11 22:00:00,82,6,0.0,2.631851851851852,0.0,0.26466666666666666,optimal
2021-02-11 22:30:00,82,6,0.0,0.3096296296296296,0.0,0.4637,optimal
2021-02-11 23:00:00,82,6,0.0,0.1548148148148148,0.0,0.38380000000000003,optimal
2021-02-11 23:30:00,82,6,0.0,0.0,0.0,0.1418,optimal
2021-02-12 00:00:00,82,6,1.1428571428571428,0.0,0.0,0.06783333333333333,optimal
2021-02-12 00:30:00,82,6,1.1428571428571428,0.0,0.0,0.061666666666666654,optimal
2021-02-12 01:00:00,82,6,1.1428571428571428,0.0,0.0,0.1378,optimal
2021-02-12 01:30:00,82,6,1.1428571428571428,0.0,0.0,0.22313333333333332,optimal
2021-02-12 02:00:00,82,6,1.1428571428571428,0.0,0.0,0.059,optimal
2021-02-12 02:30:00,82,6,1.1428571428571428,0.0,0.0,0.059,optimal
2021-02-12 03:00:00,82,6,1.1428571428571428,0.0,0.0,0.1434,optimal
2021-02-12 03:30:00,82,6,1.1428571428571428,0.0,0.0,0.21753333333333333,optimal
2021-02-12 04:00:00,82,6,1.1428571428571428,0.0,0.0,0.059,optimal
2021-02-12 04:30:00,82,6,1.1428571428571428,0.0,0.0,0.165,optimal
2021-02-12 05:00:00,82,6,1.1428571428571428,0.0,1.6769114916693628,0.2006,optimal
2021-02-12 05:30:00,82,6,1.1428571428571428,0.0,5.0,0.06866666666666667,optimal
2021-02-12 06:00:00,82,6,1.1428571428571428,0.0,5.0,0.1706,optimal
2021-02-12 06:30:00,82,6,1.1428571428571428,0.0,5.0,0.1903333333333333,optimal
2021-02-12 07:00:00,82,6,1.1428571428571428,1.2385185185185184,5.0,0.3367333333333333,optimal
2021-02-12 07:30:00,82,6,1.1428571428571428,4.699650516239118,0.0,1.087233333333333,optimal
2021-02-12 08:00:00,82,6,0.6940462200878992,2.631851851851852,0.0,0.5986,optimal
2021-02-12 08:30:00,82,6,0.8083439562530735,0.0,0.0,0.6572,optimal
2021-02-12 09:00:00,82,6,0.5342665560885071,0.23222222222222222,0.0,2.5697666666666668,optimal
2021-02-12 09:30:00,82,6,0.6259305058906146,0.0,0.0,0.46226666666666666,optimal
2021-02-12 10:00:00,82,6,0.36039264347387495,0.23222222222222222,0.0,0.4463333333333333,optimal
2021-02-12 10:30:00,82,6,0.3761495520959052,0.0,0.0,0.36323333333333335,optimal
2021-02-12 11:00:00,82,6,0.04045850886580773,0.1548148148148148,0.0,2.5873000000000004,optimal
2021-02-12 11:30:00,82,6,0.03813740815784976,0.0,0.0,2.796,optimal
2021-02-12 12:00:00,82,6,0.08390668195452021,0.0,0.0,0.6788,optimal
2021-02-12 12:30:00,82,6,0.13851700981798143,0.0,0.0,0.21359999999999998,optimal
2021-02-12 13:00:00,82,6,0.20470482288645436,0.0,0.0,0.26116666666666666,optimal
2021-02-12 13:30:00,82,6,1.1428571428571428,0.0,0.0,0.28246666666666664,optimal
2021-02-12 14:00:00,82,6,1.1428571428571428,0.0,0.0,0.1281,optimal
2021-02-12 14:30:00,82,6,1.1428571428571428,0.0,0.0,0.20333333333333328,optimal
2021-02-12 15:00:00,82,6,1.1428571428571428,0.23222222222222222,0.0,0.38689999999999997,optimal
2021-02-12 15:30:00,82,6,1.1428571428571428,0.387037037037037,0.0,0.4340333333333334,optimal
2021-02-12 16:00:00,82,6,0.0,0.23222222222222222,0.0,1.9248333333333332,optimal
2021-02-12 16:30:00,82,6,0.0,0.6192592592592592,0.0,0.3273666666666667,optimal
2021-02-12 17:00:00,82,6,0.0,0.6192592592592592,0.0,0.2748,optimal
2021-02-12 17:30:00,82,6,0.0,0.0,0.0,0.5295333333333333,optimal
2021-02-12 18:00:00,82,6,0.0,0.3096296296296296,0.0,0.3138,optimal
2021-02-12 18:30:00,82,6,0.0,0.3096296296296296,0.0,0.484,optimal
2021-02-12 19:00:00,82,6,0.0,0.23222222222222222,0.0,1.3576,optimal
2021-02-12 19:30:00,82,6,0.0,0.0774074074074074,0.0,0.35796666666666666,optimal
2021-02-12 20:00:00,82,6,0.0,2.631851851851852,0.0,1.5854000000000001,optimal
2021-02-12 20:30:00,82,6,0.0,0.1548148148148148,0.0,0.5720333333333333,optimal
2021-02-12 21:00:00,82,6,0.0,0.0,0.0,0.3872333333333334,optimal
2021-02-12 21:30:00,82,6,0.0,0.0,0.0,0.5808666666666666,optimal
2021-02-12 22:00:00,82,6,0.0,0.1548148148148148,0.0,0.45006666666666667,optimal
2021-02-12 22:30:00,82,6,0.0,0.1548148148148148,0.0,0.17713333333333334,optimal
2021-02-12 23:00:00,82,6,0.0,0.0,0.0,0.30256666666666665,optimal
2021-02-12 23:30:00,82,6,0.0,0.0,0.0,0.08213333333333334,optimal
2021-02-13 00:00:00,82,6,0.0,0.0,0.0,0.063,optimal
2021-02-13 00:30:00,82,6,0.0,0.0,0.0,0.1124,optimal
2021-02-13 01:00:00,82,6,0.7646354917596201,0.0,0.0,0.17806666666666665,optimal
2021-02-13 01:30:00,82,6,1.1428571428571428,0.0,0.0,0.073,optimal
2021-02-13 02:00:00,82,6,1.1428571428571428,0.0,0.0,0.14523333333333333,optimal
2021-02-13 02:30:00,82,6,1.1428571428571428,0.0,0.0,0.14523333333333333,optimal
2021-02-13 03:00:00,82,6,1.1428571428571428,0.0,0.0,0.073,optimal
2021-02-13 03:30:00,82,6,1.1428571428571428,0.0,0.0,0.21746666666666667,optimal
2021-02-13 04:00:00,82,6,1.1428571428571428,0.0,0.0,0.073,optimal
2021-02-13 04:30:00,82,6,1.1428571428571428,0.0,0.0,0.15180000000000002,optimal
2021-02-13 05:00:00,82,6,1.1428571428571428,0.0,0.0,0.13866666666666666,optimal
2021-02-13 05:30:00,82,6,1.1428571428571428,0.0,0.0,0.073,optimal
2021-02-13 06:00:00,82,6,1.1428571428571428,0.0,0.0,0.07166666666666667,optimal
2021-02-13 06:30:00,82,6,1.1428571428571428,0.46444444444444444,3.3919942965724954,0.17606666666666665,optimal
2021-02-13 07:00:00,82,6,1.1428571428571428,1.1611111111111108,5.0,0.11040000000000001,optimal
2021-02-13 07:30:00,82,6,1.1428571428571428,3.0219851851851853,0.0,0.07166666666666667,optimal
2021-02-13 08:00:00,82,6,0.7972102323089117,3.5576444444444446,0.0,0.17416666666666666,optimal
2021-02-13 08:30:00,82,6,0.7221977030295282,0.0,0.0,1.1576666666666668,optimal
2021-02-13 09:00:00,82,6,0.5803344664409888,0.0,0.0,0.2757,optimal
2021-02-13 09:30:00,82,6,0.559591820044046,0.0,0.0,0.4593,optimal
2021-02-13 10:00:00,82,6,0.45935685749078525,0.0,0.0,0.208,optimal
2021-02-13 10:30:00,82,6,0.35521099487806124,0.3096296296296296,0.0,1.7070333333333334,optimal
2021-02-13 11:00:00,82,6,0.20758276526610114,0.0,0.0,0.6061,optimal
2021-02-13 11:30:00,82,6,0.3435683312248098,0.0,0.0,0.2041,optimal
2021-02-13 12:00:00,82,6,0.1629936383178647,0.0,0.0,0.45130000000000003,optimal
2021-02-13 12:30:00,82,6,0.9880799080355055,0.0,0.0,0.669,optimal
2021-02-13 13:00:00,82,6,1.1428571428571428,0.6966666666666667,0.0,0.5342666666666667,optimal
2021-02-13 13:30:00,82,6,1.1428571428571428,0.0,0.0,0.3143333333333333,optimal
2021-02-13 14:00:00,82,6,1.1428571428571428,0.0,0.0,0.073,optimal
2021-02-13 14:30:00,82,6,1.1428571428571428,0.0,0.0,0.21746666666666667,optimal
2021-02-13 15:00:00,82,6,1.1428571428571428,0.0,0.0,0.073,optimal
2021-02-13 15:30:00,82,6,1.1428571428571428,0.0,0.0,0.18463333333333332,optimal
2021-02-13 16:00:00,82,6,0.0,0.0,0.0,0.10583333333333332,optimal
2021-02-13 16:30:00,82,6,0.0,0.0,0.0,0.12553333333333333,optimal
2021-02-13 17:00:00,82,6,0.0,0.0,0.0,0.16493333333333335,optimal
2021-02-13 17:30:00,82,6,0.0,0.0,0.0,0.073,optimal
2021-02-13 18:00:00,82,6,0.0,0.0,0.0,0.1715,optimal
2021-02-13 18:30:00,82,6,0.0,0.0,0.0,0.11896666666666668,optimal
2021-02-13 19:00:00,82,6,0.0,0.0,0.0,0.12233333333333331,optimal
2021-02-13 19:30:00,82,6,0.6518871840860258,0.23222222222222222,0.0,0.5005666666666667,optimal
2021-02-13 20:00:00,82,6,0.704803671216226,0.0,0.0,0.3427,optimal
2021-02-13 20:30:00,82,6,0.0,0.0,0.0,0.3728333333333333,optimal
2021-02-13 21:00:00,82,6,0.0,0.1548148148148148,0.0,0.44723333333333337,optimal
2021-02-13 21:30:00,82,6,0.0,0.0,0.0,0.3546666666666667,optimal
2021-02-13 22:00:00,82,6,0.0,0.23222222222222222,0.0,0.4724,optimal
2021-02-13 22:30:00,82,6,0.0,0.23222222222222222,0.0,1.5102666666666669,optimal
2021-02-13 23:00:00,82,6,0.0,0.1548148148148148,0.0,0.25856666666666667,optimal
2021-02-13 23:30:00,82,6,0.0,0.0,0.0,0.37026666666666663,optimal
2021-02-07 00:00:00,83,6,0.0,0.0,0.0,0.062,optimal
2021-02-07 00:30:00,83,6,0.0,0.0,0.0,0.062,optimal
2021-02-07 01:00:00,83,6,0.0,0.0,0.0,0.18446666666666667,optimal
2021-02-07 01:30:00,83,6,0.0,0.0,0.0,0.062,optimal
2021-02-07 02:00:00,83,6,0.0,0.0,0.0,0.08426666666666667,optimal
2021-02-07 02:30:00,83,6,0.0,0.0,0.0,0.16219999999999998,optimal
2021-02-07 03:00:00,83,6,0.0,0.0,0.0,0.062,optimal
2021-02-07 03:30:00,83,6,0.0,0.0,0.0,0.16776666666666668,optimal
2021-02-07 04:00:00,83,6,1.1428571428571428,0.0,0.0,0.0787,optimal
2021-02-07 04:30:00,83,6,1.1428571428571428,0.0,0.0,0.12323333333333332,optimal
2021-02-07 05:00:00,83,6,1.1428571428571428,0.0,0.0,0.12323333333333332,optimal
2021-02-07 05:30:00,83,6,1.1428571428571428,0.0,0.0,0.062,optimal
2021-02-07 06:00:00,83,6,1.1428571428571428,1.006296296296296,1.305830934193062,2.388533333333333,optimal
2021-02-07 06:30:00,83,6,1.1428571428571428,0.5418518518518518,0.0,3.920266666666667,optimal
2021-02-07 07:00:00,83,6,1.1428571428571428,0.5418518518518518,0.0,2.4371666666666667,optimal
2021-02-07 07:30:00,83,6,0.0,0.0,0.0,0.3690333333333334,optimal
2021-02-07 08:00:00,83,6,0.0,0.6966666666666667,0.0,1.9017333333333328,optimal
2021-02-07 08:30:00,83,6,0.19114517150233162,0.1548148148148148,0.0,1.2723333333333333,optimal
2021-02-07 09:00:00,83,6,0.6859824908182174,0.0,0.0,0.1889,optimal
2021-02-07 09:30:00,83,6,0.7156480567769177,0.0,0.0,0.07123333333333333,optimal
2021-02-07 10:00:00,83,6,0.6224301091265528,0.0,0.0,0.1288,optimal
2021-02-07 10:30:00,83,6,0.6298989772091343,0.0,0.0,0.11766666666666668,optimal
2021-02-07 11:00:00,83,6,0.5513412248965812,0.0,0.0,0.06266666666666666,optimal
2021-02-07 11:30:00,83,6,0.5274840820394381,0.0,0.0,0.1545,optimal
2021-02-07 12:00:00,83,6,0.6144641904529647,0.0774074074074074,0.0,1.0014,optimal
2021-02-07 12:30:00,83,6,1.1428571428571428,0.0,0.0,0.062,optimal
2021-02-07 13:00:00,83,6,1.1428571428571428,0.0,0.0,0.18446666666666667,optimal
2021-02-07 13:30:00,83,6,1.1428571428571428,0.0,0.0,0.7232666666666666,optimal
2021-02-07 14:00:00,83,6,1.1428571428571428,0.0,0.0,0.14716666666666667,optimal
2021-02-07 14:30:00,83,6,1.1428571428571428,0.0,0.0,0.10096666666666668,optimal
2021-02-07 15:00:00,83,6,1.1428571428571428,0.0,0.0,0.062,optimal
2021-02-07 15:30:00,83,6,1.1428571428571428,0.0,0.0,0.062,optimal
2021-02-07 16:00:00,83,6,0.0,0.1548148148148148,0.0,1.0358666666666665,optimal
2021-02-07 16:30:00,83,6,0.0,0.0,0.0,0.10613333333333334,optimal
2021-02-07 17:00:00,83,6,0.0,0.0,0.0,0.1733,optimal
2021-02-07 17:30:00,83,6,0.0,0.0,0.0,0.1606,optimal
2021-02-07 18:00:00,83,6,0.0,0.0,0.0,0.072,optimal
2021-02-07 18:30:00,83,6,0.0,0.0,0.0,0.08313333333333334,optimal
2021-02-07 19:00:00,83,6,0.0,0.0,0.0,0.9074,optimal
2021-02-07 19:30:00,83,6,0.6219190495897753,0.0,0.0,1.0201333333333331,optimal
2021-02-07 20:00:00,83,6,0.5085647638754811,0.1548148148148148,0.0,1.7904666666666667,optimal
2021-02-07 20:30:00,83,6,0.0,0.0774074074074074,0.0,0.6625333333333333,optimal
2021-02-07 21:00:00,83,6,0.0,0.23222222222222222,0.0,0.20306666666666665,optimal
2021-02-07 21:30:00,83,6,0.0,0.0,0.0,1.3716333333333335,optimal
2021-02-07 22:00:00,83,6,0.0,0.2740222222222222,0.0,0.7928666666666667,optimal
2021-02-07 22:30:00,83,6,0.0,0.035607407407407414,0.0,0.4842666666666667,optimal
2021-02-07 23:00:00,83,6,0.0,0.0,0.0,0.23326666666666668,optimal
2021-02-07 23:30:00,83,6,0.0,0.0,0.0,0.16066666666666665,optimal
2021-02-08 00:00:00,83,6,0.0,0.0,0.0,0.063,optimal
2021-02-08 00:30:00,83,6,0.0,0.0,0.0,0.12840000000000001,optimal
2021-02-08 01:00:00,83,6,0.0,0.0,0.0,0.063,optimal
2021-02-08 01:30:00,83,6,0.3795307046089668,0.0,0.0,0.063,optimal
2021-02-08 02:00:00,83,6,1.1428571428571428,0.0,0.0,0.12840000000000001,optimal
2021-02-08 02:30:00,83,6,1.1428571428571428,0.0,0.0,0.063,optimal
2021-02-08 03:00:00,83,6,1.1428571428571428,0.0,0.0,0.10926666666666668,optimal
2021-02-08 03:30:00,83,6,1.1428571428571428,0.0,0.0,0.09213333333333334,optimal
2021-02-08 04:00:00,83,6,1.1428571428571428,0.0,0.0,0.1175,optimal
2021-02-08 04:30:00,83,6,1.1428571428571428,0.0,0.0,0.07390000000000001,optimal
2021-02-08 05:00:00,83,6,1.1428571428571428,0.0,0.0,0.07753333333333333,optimal
2021-02-08 05:30:00,83,6,1.1428571428571428,0.0,0.0,0.11386666666666666,optimal
2021-02-08 06:00:00,83,6,1.1428571428571428,0.0,2.275865678941021,0.06566666666666666,optimal
2021-02-08 06:30:00,83,6,1.1428571428571428,0.0,5.0,0.073,optimal
2021-02-08 07:00:00,83,6,1.1428571428571428,0.0,5.0,0.1384,optimal
2021-02-08 07:30:00,83,6,1.1428571428571428,0.0,0.0,0.073,optimal
2021-02-08 08:00:00,83,6,0.7252387698696684,0.0,0.0,0.08686666666666666,optimal
2021-02-08 08:30:00,83,6,0.6132485903332021,3.251111111111111,0.0,1.0171666666666666,optimal
2021-02-08 09:00:00,83,6,0.539853787626905,0.0774074074074074,0.0,0.43339999999999995,optimal
2021-02-08 09:30:00,83,6,0.3851057235982613,0.1548148148148148,0.0,1.018,optimal
2021-02-08 10:00:00,83,6,0.3563322597231697,0.0774074074074074,0.0,0.2798,optimal
2021-02-08 10:30:00,83,6,0.3822498475613409,0.3096296296296296,0.0,0.29960000000000003,optimal
2021-02-08 11:00:00,83,6,0.18879026487503434,0.387037037037037,0.0,0.4056,optimal
2021-02-08 11:30:00,83,6,0.23513092060196086,0.0,0.0,0.2284,optimal
2021-02-08 12:00:00,83,6,0.19401270441420435,0.1548148148148148,0.0,0.12413333333333335,optimal
2021-02-08 12:30:00,83,6,0.1921416349156892,0.387037037037037,0.0,0.19666666666666663,optimal
2021-02-08 13:00:00,83,6,0.11684101386068223,0.1548148148148148,0.0,0.5314,optimal
2021-02-08 13:30:00,83,6,0.6178444977927723,0.0,0.0,2.294,optimal
2021-02-08 14:00:00,83,6,1.1428571428571428,0.0774074074074074,0.0,0.3428,optimal
2021-02-08 14:30:00,83,6,1.1428571428571428,0.0,0.0,1.5162,optimal
2021-02-08 15:00:00,83,6,1.1428571428571428,0.0,0.0,0.2864,optimal
2021-02-08 15:30:00,83,6,1.1428571428571428,0.0,0.0,0.3404,optimal
2021-02-08 16:00:00,83,6,0.0,0.0,0.0,0.37953333333333333,optimal
2021-02-08 16:30:00,83,6,0.0,0.387037037037037,0.0,0.4616,optimal
2021-02-08 17:00:00,83,6,0.0,0.0,0.0,0.4188,optimal
2021-02-08 17:30:00,83,6,0.0,0.774074074074074,0.0,0.34846666666666665,optimal
2021-02-08 18:00:00,83,6,0.0,0.387037037037037,0.0,0.323,optimal
2021-02-08 18:30:00,83,6,0.0,0.0774074074074074,0.0,0.415,optimal
2021-02-08 19:00:00,83,6,0.0,0.1548148148148148,0.0,0.4626,optimal
2021-02-08 19:30:00,83,6,0.0,0.0,0.0,0.43339999999999995,optimal
2021-02-08 20:00:00,83,6,0.0,0.0774074074074074,0.0,1.373,optimal
2021-02-08 20:30:00,83,6,0.0,0.0,0.0,0.443,optimal
2021-02-08 21:00:00,83,6,0.0,0.0,0.0,0.5733333333333334,optimal
2021-02-08 21:30:00,83,6,0.0,0.46444444444444444,0.0,0.37796666666666656,optimal
2021-02-08 22:00:00,83,6,0.0,0.0,0.0,0.6186,optimal
2021-02-08 22:30:00,83,6,0.0,0.1548148148148148,0.0,0.5353,optimal
2021-02-08 23:00:00,83,6,0.0,0.3096296296296296,0.0,0.344,optimal
2021-02-08 23:30:00,83,6,0.0,0.0,0.0,0.16333333333333333,optimal
2021-02-09 00:00:00,83,6,0.0,0.0,0.0,2.4033,optimal
2021-02-09 00:30:00,83,6,0.0,0.1548148148148148,0.0,2.5016,optimal
2021-02-09 01:00:00,83,6,0.0,0.0,0.0,0.40786666666666666,optimal
2021-02-09 01:30:00,83,6,0.0,0.0,0.0,1.055,optimal
2021-02-09 02:00:00,83,6,0.7630230959751998,0.0,0.0,1.9794666666666667,optimal
2021-02-09 02:30:00,83,6,1.1428571428571428,0.0,0.0,2.6315333333333335,optimal
2021-02-09 03:00:00,83,6,1.1428571428571428,0.0,0.0,0.057,optimal
2021-02-09 03:30:00,83,6,1.1428571428571428,0.0,0.0,0.057,optimal
2021-02-09 04:00:00,83,6,1.1428571428571428,0.0,0.0,0.05866666666666666,optimal
2021-02-09 04:30:00,83,6,1.1428571428571428,0.0,0.0,0.067,optimal
2021-02-09 05:00:00,83,6,1.1428571428571428,0.0,0.0,0.060333333333333336,optimal
2021-02-09 05:30:00,83,6,1.1428571428571428,0.0,0.0,0.057,optimal
2021-02-09 06:00:00,83,6,1.1428571428571428,0.0,0.0,0.057,optimal
2021-02-09 06:30:00,83,6,1.1428571428571428,0.9288888888888889,0.0,0.25839999999999996,optimal
2021-02-09 07:00:00,83,6,1.1428571428571428,2.39962962962963,0.0,3.4908,optimal
2021-02-09 07:30:00,83,6,1.1428571428571428,0.1548148148148148,0.0,1.7925,optimal
2021-02-09 08:00:00,83,6,0.5322395349939087,0.5418518518518518,0.0,0.2014,optimal
2021-02-09 08:30:00,83,6,0.5095438519176408,0.23222222222222222,0.0,1.0669000000000002,optimal
2021-02-09 09:00:00,83,6,0.4092147893161805,0.0774074074074074,0.0,1.7971333333333335,optimal
2021-02-09 09:30:00,83,6,0.4438710422112653,5.882962962962964,0.0,0.8375333333333334,optimal
2021-02-09 10:00:00,83,6,0.0,0.46444444444444444,0.0,4.4268,optimal
2021-02-09 10:30:00,83,6,0.0,0.0,0.0,2.222,optimal
2021-02-09 11:00:00,83,6,0.0037326612822345183,2.4770370370370367,0.0,1.9025,optimal
2021-02-09 11:30:00,83,6,0.19007071218597296,2.7092592592592597,0.0,0.123,optimal
2021-02-09 12:00:00,83,6,0.1444585343152824,0.6966666666666667,0.0,0.1824,optimal
2021-02-09 12:30:00,83,6,0.04733963502323781,0.0,0.0,2.4316999999999998,optimal
2021-02-09 13:00:00,83,6,1.0406309787441534,0.1548148148148148,0.0,1.4187,optimal
2021-02-09 13:30:00,83,6,1.1428571428571428,0.23222222222222222,0.0,2.423766666666667,optimal
2021-02-09 14:00:00,83,6,1.1428571428571428,0.3096296296296296,0.7732330217865225,0.33893333333333336,optimal
2021-02-09 14:30:00,83,6,1.1428571428571428,0.23222222222222222,5.0,2.2262,optimal
2021-02-09 15:00:00,83,6,1.1428571428571428,0.0,5.0,2.5350333333333332,optimal
2021-02-09 15:30:00,83,6,1.1428571428571428,4.203222222222221,5.0,0.3731333333333333,optimal
2021-02-09 16:00:00,83,6,0.0,2.144185185185185,0.0,0.14366666666666666,optimal
2021-02-09 16:30:00,83,6,0.0,0.0774074074074074,0.0,0.14003333333333334,optimal
2021-02-09 17:00:00,83,6,0.0,0.0,0.0,0.06866666666666667,optimal
2021-02-09 17:30:00,83,6,0.0,0.0,0.0,0.067,optimal
2021-02-09 18:00:00,83,6,0.0,0.0,0.0,0.067,optimal
2021-02-09 18:30:00,83,6,0.0,0.0,0.0,0.067,optimal
2021-02-09 19:00:00,83,6,0.0,0.387037037037037,0.0,0.1455,optimal
2021-02-09 19:30:00,83,6,0.0,0.0,0.0,0.088,optimal
2021-02-09 20:00:00,83,6,0.0,0.0,0.0,0.2698333333333333,optimal
2021-02-09 20:30:00,83,6,0.0,0.23222222222222222,0.0,0.47333333333333333,optimal
2021-02-09 21:00:00,83,6,0.0,2.2448148148148146,0.0,0.4293333333333333,optimal
2021-02-09 21:30:00,83,6,0.0,2.5544444444444445,0.0,2.3339000000000003,optimal
2021-02-09 22:00:00,83,6,0.0,0.5418518518518518,0.0,2.4676,optimal
2021-02-09 22:30:00,83,6,0.0,0.0,0.0,2.4361333333333333,optimal
2021-02-09 23:00:00,83,6,0.0,0.0,0.0,0.18616666666666662,optimal
2021-02-09 23:30:00,83,6,0.0,0.0,0.0,0.17166666666666666,optimal
2021-02-10 00:00:00,83,6,0.0,0.0,0.0,0.06266666666666666,optimal
2021-02-10 00:30:00,83,6,0.0,0.0,0.0,0.0927,optimal
2021-02-10 01:00:00,83,6,0.0,0.0,0.0,0.1726,optimal
2021-02-10 01:30:00,83,6,0.16078765006462917,0.0,0.0,0.0741,optimal
2021-02-10 02:00:00,83,6,1.1428571428571428,0.0,0.0,0.1254,optimal
2021-02-10 02:30:00,83,6,1.1428571428571428,0.0,0.0,0.06,optimal
2021-02-10 03:00:00,83,6,1.1428571428571428,0.0,0.0,0.2194,optimal
2021-02-10 03:30:00,83,6,1.1428571428571428,0.0,0.0,0.06,optimal
2021-02-10 04:00:00,83,6,1.1428571428571428,0.0,0.0,0.1254,optimal
2021-02-10 04:30:00,83,6,1.1428571428571428,0.0,0.0,0.09759999999999999,optimal
2021-02-10 05:00:00,83,6,1.1428571428571428,0.0,0.0,0.12373333333333332,optimal
2021-02-10 05:30:00,83,6,1.1428571428571428,0.0,0.47974789631959874,0.1495,optimal
2021-02-10 06:00:00,83,6,1.1428571428571428,0.0,5.0,0.14156666666666667,optimal
2021-02-10 06:30:00,83,6,1.1428571428571428,0.0,5.0,0.10590000000000001,optimal
2021-02-10 07:00:00,83,6,1.1428571428571428,0.46444444444444444,5.0,0.32863333333333333,optimal
2021-02-10 07:30:00,83,6,1.1428571428571428,0.8514814814814814,0.0,1.4335,optimal
2021-02-10 08:00:00,83,6,0.381054914860868,0.387037037037037,0.0,0.6641333333333334,optimal
2021-02-10 08:30:00,83,6,0.4681933691718741,2.8640740740740736,0.0,0.4698,optimal
2021-02-10 09:00:00,83,6,0.3849893177487362,0.774074074074074,0.0,0.44360000000000005,optimal
2021-02-10 09:30:00,83,6,0.3918992006311779,6.192592592592592,0.0,0.4864,optimal
2021-02-10 10:00:00,83,6,0.25928420147813236,0.0,0.0,0.5448333333333334,optimal
2021-02-10 10:30:00,83,6,0.5252713755447233,0.0,0.0,0.0747,optimal
2021-02-10 11:00:00,83,6,0.2686001585381435,0.0,0.0,0.41203333333333336,optimal
2021-02-10 11:30:00,83,6,0.30405509997936037,0.0774074074074074,0.0,0.27293333333333336,optimal
2021-02-10 12:00:00,83,6,0.20215751259048642,0.0,0.0,0.1433,optimal
2021-02-10 12:30:00,83,6,0.198500369733344,0.0,0.0,0.1561,optimal
2021-02-10 13:00:00,83,6,0.7910715270488042,0.0,0.0,0.1245,optimal
2021-02-10 13:30:00,83,6,1.1428571428571428,0.0,0.0,0.164,optimal
2021-02-10 14:00:00,83,6,1.1428571428571428,0.0,0.0,0.1354,optimal
2021-02-10 14:30:00,83,6,1.1428571428571428,0.0,0.0,0.1405,optimal
2021-02-10 15:00:00,83,6,1.1428571428571428,0.0,0.0,0.1589,optimal
2021-02-10 15:30:00,83,6,1.1428571428571428,0.0,0.0,0.0888,optimal
2021-02-10 16:00:00,83,6,0.0,0.774074074074074,0.0,0.5945666666666667,optimal
2021-02-10 16:30:00,83,6,0.0,0.1548148148148148,0.0,2.6917,optimal
2021-02-10 17:00:00,83,6,0.0,0.3096296296296296,0.0,0.5962000000000001,optimal
2021-02-10 17:30:00,83,6,0.0,0.0,0.0,0.5369333333333333,optimal
2021-02-10 18:00:00,83,6,0.0,0.5418518518518518,0.0,0.3179666666666666,optimal
2021-02-10 18:30:00,83,6,0.0,0.0,0.0,0.30526666666666663,optimal
2021-02-10 19:00:00,83,6,0.0,0.0,0.0,0.1618666666666667,optimal
2021-02-10 19:30:00,83,6,0.0,0.0,0.0,0.07,optimal
2021-02-10 20:00:00,83,6,0.0,0.0,0.0,0.15419999999999998,optimal
2021-02-10 20:30:00,83,6,0.0,0.0,0.0,0.1452,optimal
2021-02-10 21:00:00,83,6,0.0,0.0,0.0,0.10996666666666668,optimal
2021-02-10 21:30:00,83,6,0.0,0.0,0.0,0.3844333333333333,optimal
2021-02-10 22:00:00,83,6,0.0,0.0774074074074074,0.0,0.4921666666666667,optimal
2021-02-10 22:30:00,83,6,0.0,0.0,0.0,0.5650333333333333,optimal
2021-02-10 23:00:00,83,6,0.0,0.0,0.0,0.3092333333333333,optimal
2021-02-10 23:30:00,83,6,0.0,0.0774074074074074,0.0,0.4631,optimal
2021-02-11 00:00:00,83,6,1.1428571428571428,0.0,0.0,0.063,optimal
2021-02-11 00:30:00,83,6,1.1428571428571428,0.0,0.0,0.15073333333333333,optimal
2021-02-11 01:00:00,83,6,1.1428571428571428,0.0,0.0,0.063,optimal
2021-02-11 01:30:00,83,6,1.1428571428571428,0.0,0.0,0.15073333333333333,optimal
2021-02-11 02:00:00,83,6,1.1428571428571428,0.0,0.0,0.063,optimal
2021-02-11 02:30:00,83,6,1.1428571428571428,0.0,0.0,0.063,optimal
2021-02-11 03:00:00,83,6,1.1428571428571428,0.0,0.0,0.12566666666666668,optimal
2021-02-11 03:30:00,83,6,1.1428571428571428,0.0,0.0,0.08806666666666667,optimal
2021-02-11 04:00:00,83,6,1.1428571428571428,0.0,0.0,0.063,optimal
2021-02-11 04:30:00,83,6,1.1428571428571428,0.0,0.0,0.15073333333333333,optimal
2021-02-11 05:00:00,83,6,1.1428571428571428,0.0,2.718001781141242,0.063,optimal
2021-02-11 05:30:00,83,6,1.1428571428571428,0.0,5.0,0.12306666666666666,optimal
2021-02-11 06:00:00,83,6,1.1428571428571428,0.0,5.0,0.1,optimal
2021-02-11 06:30:00,83,6,1.1428571428571428,0.387037037037037,5.0,0.9984666666666668,optimal
2021-02-11 07:00:00,83,6,1.1428571428571428,1.006296296296296,5.0,0.06733333333333333,optimal
2021-02-11 07:30:00,83,6,1.1428571428571428,2.6334416805724636,0.0,0.47603333333333336,optimal
2021-02-11 08:00:00,83,6,0.819505517382558,0.46444444444444444,0.0,0.16146666666666668,optimal
2021-02-11 08:30:00,83,6,0.6297469147445306,0.0,0.0,0.9625333333333332,optimal
2021-02-11 09:00:00,83,6,0.4718383075351097,0.0774074074074074,0.0,1.0373333333333332,optimal
2021-02-11 09:30:00,83,6,0.53878103179146,0.0,0.0,0.6125,optimal
2021-02-11 10:00:00,83,6,0.18110215650272804,2.7866666666666666,0.0,1.4998666666666665,optimal
2021-02-11 10:30:00,83,6,0.1741686983315869,0.0,0.0,1.2277,optimal
2021-02-11 11:00:00,83,6,0.0,0.774074074074074,0.0,1.8234333333333328,optimal
2021-02-11 11:30:00,83,6,0.06487169940229452,0.1548148148148148,0.0,0.4714,optimal
2021-02-11 12:00:00,83,6,0.0,0.0,0.0,0.7834333333333333,optimal
2021-02-11 12:30:00,83,6,0.0,0.387037037037037,0.0,0.26080000000000003,optimal
2021-02-11 13:00:00,83,6,1.1428571428571428,2.150377777777778,0.0,0.14786666666666667,optimal
2021-02-11 13:30:00,83,6,1.1428571428571428,3.8099925925925917,0.0,0.7265,optimal
2021-02-11 14:00:00,83,6,1.1428571428571428,0.0,0.0,1.006133333333333,optimal
2021-02-11 14:30:00,83,6,1.1428571428571428,0.0,0.0,0.144,optimal
2021-02-11 15:00:00,83,6,1.1428571428571428,0.0,0.0,0.3630333333333334,optimal
2021-02-11 15:30:00,83,6,1.1428571428571428,0.0,0.0,0.27693333333333336,optimal
2021-02-11 16:00:00,83,6,0.0,0.387037037037037,0.0,0.19663333333333333,optimal
2021-02-11 16:30:00,83,6,0.0,0.0,0.0,0.28826666666666667,optimal
2021-02-11 17:00:00,83,6,0.0,0.0,0.0,0.216,optimal
2021-02-11 17:30:00,83,6,0.0,0.23222222222222222,0.0,1.1496,optimal
2021-02-11 18:00:00,83,6,0.0,0.1548148148148148,0.0,0.2844,optimal
2021-02-11 18:30:00,83,6,0.0,0.1548148148148148,0.0,0.5203,optimal
2021-02-11 19:00:00,83,6,0.0,0.1548148148148148,0.0,0.49406666666666665,optimal
2021-02-11 19:30:00,83,6,0.18321114348776582,0.23222222222222222,0.0,0.20426666666666668,optimal
2021-02-11 20:00:00,83,6,0.9524163494795297,0.0,0.0,0.22219999999999998,optimal
2021-02-11 20:30:00,83,6,0.0,0.0,0.0,0.4338666666666667,optimal
2021-02-11 21:00:00,83,6,0.0,0.0,0.0,0.293,optimal
2021-02-11 21:30:00,83,6,0.0,0.0,0.0,0.19313333333333332,optimal
2021-02-11 22:00:00,83,6,0.0,0.0,0.0,0.5092,optimal
2021-02-11 22:30:00,83,6,0.0,0.0,0.0,0.08186666666666666,optimal
2021-02-11 23:00:00,83,6,0.0,0.0,0.0,0.1607333333333333,optimal
2021-02-11 23:30:00,83,6,0.0,0.0,0.0,0.07266666666666667,optimal
2021-02-12 00:00:00,83,6,1.1428571428571428,0.0,0.0,0.047,optimal
2021-02-12 00:30:00,83,6,1.1428571428571428,0.0,0.0,0.19293333333333332,optimal
2021-02-12 01:00:00,83,6,1.1428571428571428,0.0,0.0,0.047,optimal
2021-02-12 01:30:00,83,6,1.1428571428571428,0.0,0.0,0.1067,optimal
2021-02-12 02:00:00,83,6,1.1428571428571428,0.0,0.0,0.13323333333333331,optimal
2021-02-12 02:30:00,83,6,1.1428571428571428,0.0,0.0,0.0669,optimal
2021-02-12 03:00:00,83,6,1.1428571428571428,0.0,0.0,0.17303333333333334,optimal
2021-02-12 03:30:00,83,6,1.1428571428571428,0.0,0.0,0.047,optimal
2021-02-12 04:00:00,83,6,1.1428571428571428,0.0,0.0,0.15976666666666667,optimal
2021-02-12 04:30:00,83,6,1.1428571428571428,0.0,0.0,0.08016666666666668,optimal
2021-02-12 05:00:00,83,6,1.1428571428571428,0.0,0.0,0.07353333333333333,optimal
2021-02-12 05:30:00,83,6,1.1428571428571428,0.0,0.0,0.1664,optimal
2021-02-12 06:00:00,83,6,1.1428571428571428,0.0,0.0,0.04733333333333334,optimal
2021-02-12 06:30:00,83,6,1.1428571428571428,0.0,1.5359122445914863,0.054,optimal
2021-02-12 07:00:00,83,6,1.1428571428571428,0.0,5.0,0.054,optimal
2021-02-12 07:30:00,83,6,1.1428571428571428,11.036083311005697,0.0,0.1472,optimal
2021-02-12 08:00:00,83,6,0.8493986010402772,5.2606074074074085,0.0,0.1301,optimal
2021-02-12 08:30:00,83,6,0.9113839562530736,0.2740222222222222,0.0,0.087,optimal
2021-02-12 09:00:00,83,6,0.773036079898026,0.6548666666666667,0.0,0.1822333333333333,optimal
2021-02-12 09:30:00,83,6,0.772930505890612,0.0,0.0,0.10343333333333334,optimal
2021-02-12 10:00:00,83,6,0.4943621672833966,0.0,0.0,0.057,optimal
2021-02-12 10:30:00,83,6,0.47721050447685975,0.0,0.0,0.057,optimal
2021-02-12 11:00:00,83,6,0.2518432707705658,0.0,0.0,0.2029333333333333,optimal
2021-02-12 11:30:00,83,6,0.29139455101498424,0.0,0.0,0.057,optimal
2021-02-12 12:00:00,83,6,0.22349906290690355,0.0,0.0,0.07026666666666667,optimal
2021-02-12 12:30:00,83,6,0.33454598212028364,0.0,0.0,0.18966666666666662,optimal
2021-02-12 13:00:00,83,6,1.1428571428571428,0.0,0.0,0.057,optimal
2021-02-12 13:30:00,83,6,1.1428571428571428,0.0,0.0,0.1764,optimal
2021-02-12 14:00:00,83,6,1.1428571428571428,0.0,0.0,0.08353333333333333,optimal
2021-02-12 14:30:00,83,6,1.1428571428571428,0.0,0.0,0.0722,optimal
2021-02-12 15:00:00,83,6,1.1428571428571428,0.0,0.0,0.17506666666666668,optimal
2021-02-12 15:30:00,83,6,1.1428571428571428,0.0,0.0,0.08353333333333333,optimal
2021-02-12 16:00:00,83,6,0.0,0.0,0.0,0.057,optimal
2021-02-12 16:30:00,83,6,0.0,0.0,0.0,0.057,optimal
2021-02-12 17:00:00,83,6,0.0,0.0,0.0,0.2029333333333333,optimal
2021-02-12 17:30:00,83,6,0.0,0.46444444444444444,0.0,0.3848666666666667,optimal
2021-02-12 18:00:00,83,6,0.0,0.23222222222222222,0.0,1.045,optimal
2021-02-12 18:30:00,83,6,0.0,0.0,0.0,0.057,optimal
2021-02-12 19:00:00,83,6,0.0,0.0,0.0,0.1167,optimal
2021-02-12 19:30:00,83,6,0.8405252793241165,0.0,0.0,0.14323333333333332,optimal
2021-02-12 20:00:00,83,6,0.8327846235971812,0.0,0.0,0.060333333333333336,optimal
2021-02-12 20:30:00,83,6,0.0,0.0774074074074074,0.0,0.2308,optimal
2021-02-12 21:00:00,83,6,0.0,0.0774074074074074,0.0,0.3503,optimal
2021-02-12 21:30:00,83,6,0.0,0.0,0.0,0.367,optimal
2021-02-12 22:00:00,83,6,0.0,0.23222222222222222,0.0,0.41193333333333326,optimal
2021-02-12 22:30:00,83,6,0.0,2.3222222222222215,0.0,0.0917,optimal
2021-02-12 23:00:00,83,6,0.0,0.0,0.0,0.2748,optimal
2021-02-12 23:30:00,83,6,0.0,0.0,0.0,0.2029333333333333,optimal
2021-02-13 00:00:00,83,6,0.0,0.0,0.0,0.06333333333333334,optimal
2021-02-13 00:30:00,83,6,0.0,0.0,0.0,0.09193333333333334,optimal
2021-02-13 01:00:00,83,6,0.706448054685596,0.0,0.0,0.12240000000000001,optimal
2021-02-13 01:30:00,83,6,1.1428571428571428,0.0,0.0,0.13873333333333332,optimal
2021-02-13 02:00:00,83,6,1.1428571428571428,0.0,0.0,0.058,optimal
2021-02-13 02:30:00,83,6,1.1428571428571428,0.0,0.0,0.2307333333333333,optimal
2021-02-13 03:00:00,83,6,1.1428571428571428,0.0,0.0,0.058,optimal
2021-02-13 03:30:00,83,6,1.1428571428571428,0.0,0.0,0.1075,optimal
2021-02-13 04:00:00,83,6,1.1428571428571428,0.0,0.0,0.1812333333333333,optimal
2021-02-13 04:30:00,83,6,1.1428571428571428,0.0,0.0,0.07640000000000001,optimal
2021-02-13 05:00:00,83,6,1.1428571428571428,0.0,0.0,0.1316,optimal
2021-02-13 05:30:00,83,6,1.1428571428571428,0.0,0.0,0.13873333333333332,optimal
2021-02-13 06:00:00,83,6,1.1428571428571428,0.0,1.065301514877768,0.15533333333333335,optimal
2021-02-13 06:30:00,83,6,1.1428571428571428,0.0,5.0,0.11413333333333334,optimal
2021-02-13 07:00:00,83,6,1.1428571428571428,0.1548148148148148,5.0,0.1879333333333333,optimal
2021-02-13 07:30:00,83,6,1.1428571428571428,0.5418518518518518,0.0,0.056,optimal
2021-02-13 08:00:00,83,6,0.6792483275470055,0.0,0.0,0.22153333333333333,optimal
2021-02-13 08:30:00,83,6,0.6461938935057159,0.387037037037037,0.0,0.21806666666666663,optimal
2021-02-13 09:00:00,83,6,0.2819877997743291,0.0774074074074074,0.0,1.5006,optimal
2021-02-13 09:30:00,83,6,0.5860813438535732,0.0,0.0,0.38126666666666664,optimal
2021-02-13 10:00:00,83,6,0.5664235241574499,0.0,0.0,0.11093333333333334,optimal
2021-02-13 10:30:00,83,6,0.5647557567828192,0.0,0.0,0.06026666666666666,optimal
2021-02-13 11:00:00,83,6,0.26505514621847776,0.0,0.0,0.2718,optimal
2021-02-13 11:30:00,83,6,0.3274826169390885,0.0,0.0,0.1491333333333333,optimal
2021-02-13 12:00:00,83,6,0.17958982879405067,0.0,0.0,0.3644,optimal
2021-02-13 12:30:00,83,6,0.274368579759085,0.0,0.0,0.058,optimal
2021-02-13 13:00:00,83,6,1.1428571428571428,0.0,0.0,0.15,optimal
2021-02-13 13:30:00,83,6,1.1428571428571428,0.0,0.0,0.14206666666666667,optimal
2021-02-13 14:00:00,83,6,1.1428571428571428,0.0,0.0,0.114,optimal
2021-02-13 14:30:00,83,6,1.1428571428571428,0.0,0.0,0.7307,optimal
2021-02-13 15:00:00,83,6,1.1428571428571428,0.0,0.0,0.7994666666666667,optimal
2021-02-13 15:30:00,83,6,1.1428571428571428,0.0,0.0,0.2102,optimal
2021-02-13 16:00:00,83,6,0.0,0.0,0.0,0.1277,optimal
2021-02-13 16:30:00,83,6,0.0,0.0774074074074074,0.0,0.3093,optimal
2021-02-13 17:00:00,83,6,0.0,0.0,0.0,0.13933333333333334,optimal
2021-02-13 17:30:00,83,6,0.0,0.0,0.0,0.068,optimal
2021-02-13 18:00:00,83,6,0.0,0.0,0.0,0.18306666666666663,optimal
2021-02-13 18:30:00,83,6,0.0,0.0,0.0,0.12566666666666668,optimal
2021-02-13 19:00:00,83,6,0.0,0.0,0.0,0.10940000000000001,optimal
2021-02-13 19:30:00,83,6,0.8209543495745322,0.0,0.0,0.18203333333333332,optimal
2021-02-13 20:00:00,83,6,0.5744131950257525,0.0,0.0,0.6460666666666667,optimal
2021-02-13 20:30:00,83,6,0.0,0.0,0.0,0.4973333333333333,optimal
2021-02-13 21:00:00,83,6,0.0,0.0,0.0,0.6493666666666666,optimal
2021-02-13 21:30:00,83,6,0.0,0.0,0.0,0.3708666666666667,optimal
2021-02-13 22:00:00,83,6,0.0,0.0,0.0,1.1748333333333332,optimal
2021-02-13 22:30:00,83,6,0.0,0.1548148148148148,0.0,0.8755,optimal
2021-02-13 23:00:00,83,6,0.0,0.0,0.0,0.4066,optimal
2021-02-13 23:30:00,83,6,0.0,0.0,0.0,0.2162333333333333,optimal
2021-02-07 00:00:00,84,6,0.0,0.0,0.0,0.061,optimal
2021-02-07 00:30:00,84,6,0.0,0.0,0.0,0.061,optimal
2021-02-07 01:00:00,84,6,0.0,0.0,0.0,0.061,optimal
2021-02-07 01:30:00,84,6,0.0,0.0,0.0,0.061,optimal
2021-02-07 02:00:00,84,6,0.0,0.0,0.0,0.07353333333333333,optimal
2021-02-07 02:30:00,84,6,0.0,0.0,0.0,0.10486666666666666,optimal
2021-02-07 03:00:00,84,6,0.0,0.0,0.0,0.061,optimal
2021-02-07 03:30:00,84,6,0.0,0.0,0.0,0.0798,optimal
2021-02-07 04:00:00,84,6,1.1428571428571428,0.0,0.0,0.0986,optimal
2021-02-07 04:30:00,84,6,1.1428571428571428,0.0,0.0,0.061,optimal
2021-02-07 05:00:00,84,6,1.1428571428571428,0.0,0.0,0.061,optimal
2021-02-07 05:30:00,84,6,1.1428571428571428,0.0,0.0,0.061,optimal
2021-02-07 06:00:00,84,6,1.1428571428571428,0.0,0.0,0.060333333333333336,optimal
2021-02-07 06:30:00,84,6,1.1428571428571428,0.1548148148148148,0.0,0.15,optimal
2021-02-07 07:00:00,84,6,1.1428571428571428,0.23222222222222222,2.0120072799789424,0.3573,optimal
2021-02-07 07:30:00,84,6,0.0,0.0,0.0,0.3404,optimal
2021-02-07 08:00:00,84,6,0.0,0.0,0.0,0.38739999999999997,optimal
2021-02-07 08:30:00,84,6,0.2126829003758164,0.46444444444444444,0.0,0.24963333333333332,optimal
2021-02-07 09:00:00,84,6,0.4745386812944056,0.0,0.0,0.2809333333333333,optimal
2021-02-07 09:30:00,84,6,0.46022710439596504,0.1548148148148148,0.0,0.26006666666666667,optimal
2021-02-07 10:00:00,84,6,0.40217106150749715,0.23222222222222222,0.0,1.0634000000000001,optimal
2021-02-07 10:30:00,84,6,0.6117865962567546,0.0,0.0,0.6617999999999999,optimal
2021-02-07 11:00:00,84,6,0.5439602725156312,0.0,0.0,0.14553333333333332,optimal
2021-02-07 11:30:00,84,6,0.5336593201346747,0.0,0.0,0.20046666666666668,optimal
2021-02-07 12:00:00,84,6,0.4741198934395942,0.0,0.0,0.2319,optimal
2021-02-07 12:30:00,84,6,0.4785141791538843,0.0,0.0,0.0798,optimal
2021-02-07 13:00:00,84,6,0.9195208936362002,0.0,0.0,0.0986,optimal
2021-02-07 13:30:00,84,6,1.1428571428571428,0.0,0.0,0.061,optimal
2021-02-07 14:00:00,84,6,1.1428571428571428,0.0,0.0,0.1174,optimal
2021-02-07 14:30:00,84,6,1.1428571428571428,0.0,0.0,0.061,optimal
2021-02-07 15:00:00,84,6,1.1428571428571428,0.0,0.0,0.0704,optimal
2021-02-07 15:30:00,84,6,1.1428571428571428,0.0,0.0,0.108,optimal
2021-02-07 16:00:00,84,6,0.0,0.387037037037037,0.0,0.34786666666666666,optimal
2021-02-07 16:30:00,84,6,0.0,0.46444444444444444,0.0,1.4564000000000001,optimal
2021-02-07 17:00:00,84,6,0.0,0.46444444444444444,0.0,1.2257,optimal
2021-02-07 17:30:00,84,6,0.0,0.6192592592592592,0.0,2.2813000000000003,optimal
2021-02-07 18:00:00,84,6,0.0,0.387037037037037,0.0,0.6796,optimal
2021-02-07 18:30:00,84,6,0.0,0.0,0.0,1.1400333333333332,optimal
2021-02-07 19:00:00,84,6,0.0,0.23222222222222222,0.0,2.9288000000000003,optimal
2021-02-07 19:30:00,84,6,0.0,0.0,0.0,2.3969,optimal
2021-02-07 20:00:00,84,6,0.0,0.3096296296296296,0.0,0.28496666666666665,optimal
2021-02-07 20:30:00,84,6,0.0,0.0,0.0,0.39080000000000004,optimal
2021-02-07 21:00:00,84,6,0.0,0.0,0.0,0.39316666666666666,optimal
2021-02-07 21:30:00,84,6,0.0,0.0,0.0,0.41756666666666664,optimal
2021-02-07 22:00:00,84,6,0.0,1.7803703703703702,0.0,0.37460000000000004,optimal
2021-02-07 22:30:00,84,6,0.0,0.0774074074074074,0.0,0.38026666666666664,optimal
2021-02-07 23:00:00,84,6,0.0,0.0,0.0,0.071,optimal
2021-02-07 23:30:00,84,6,0.0,0.0,0.0,0.071,optimal
2021-02-08 00:00:00,84,6,0.0,0.0,0.0,0.062,optimal
2021-02-08 00:30:00,84,6,0.0,0.0,0.0,0.07093333333333333,optimal
2021-02-08 01:00:00,84,6,0.0,0.0,0.0,0.1424,optimal
2021-02-08 01:30:00,84,6,0.0,0.0,0.0,0.205,optimal
2021-02-08 02:00:00,84,6,1.0566687254357852,0.0,0.0,0.19493333333333332,optimal
2021-02-08 02:30:00,84,6,1.1428571428571428,0.0,0.0,0.1358,optimal
2021-02-08 03:00:00,84,6,1.1428571428571428,0.0,0.0,0.20213333333333333,optimal
2021-02-08 03:30:00,84,6,1.1428571428571428,0.0,0.0,0.1022,optimal
2021-02-08 04:00:00,84,6,1.1428571428571428,0.0,0.0,0.2704,optimal
2021-02-08 04:30:00,84,6,1.1428571428571428,0.0,0.0,0.08433333333333333,optimal
2021-02-08 05:00:00,84,6,1.1428571428571428,0.0,0.0,0.129,optimal
2021-02-08 05:30:00,84,6,1.1428571428571428,0.0,2.8217086404290934,0.23846666666666666,optimal
2021-02-08 06:00:00,84,6,1.1428571428571428,0.0,5.0,0.09393333333333334,optimal
2021-02-08 06:30:00,84,6,1.1428571428571428,0.0,5.0,0.2047,optimal
2021-02-08 07:00:00,84,6,1.1428571428571428,0.0,5.0,0.21569999999999998,optimal
2021-02-08 07:30:00,84,6,1.1428571428571428,8.288785185185185,0.0,0.11723333333333331,optimal
2021-02-08 08:00:00,84,6,0.6924578174887174,0.30343703703703667,0.0,0.3330666666666667,optimal
2021-02-08 08:30:00,84,6,0.6865028760474945,0.0,0.0,0.815,optimal
2021-02-08 09:00:00,84,6,0.5568337876268995,2.8640740740740736,0.0,0.7141666666666666,optimal
2021-02-08 09:30:00,84,6,0.5201114378839702,0.3096296296296296,0.0,0.47893333333333327,optimal
2021-02-08 10:00:00,84,6,0.015954164485075875,0.46444444444444444,0.0,2.9804333333333335,optimal
2021-02-08 10:30:00,84,6,0.25315937137085853,0.0,0.0,1.5218666666666665,optimal
2021-02-08 11:00:00,84,6,0.20092169344645913,0.3096296296296296,0.0,0.27503333333333335,optimal
2021-02-08 11:30:00,84,6,0.22205663488767793,2.2448148148148146,0.0,0.17146666666666666,optimal
2021-02-08 12:00:00,84,6,0.0005631806046764815,0.0,0.0,0.7213666666666667,optimal
2021-02-08 12:30:00,84,6,0.06977973015379003,0.6192592592592592,0.0,0.24306666666666663,optimal
2021-02-08 13:00:00,84,6,1.001755564172362,0.0,0.0,0.274,optimal
2021-02-08 13:30:00,84,6,1.1428571428571428,0.0,0.0,0.5771666666666666,optimal
2021-02-08 14:00:00,84,6,1.1428571428571428,0.0,0.0,0.3551333333333333,optimal
2021-02-08 14:30:00,84,6,1.1428571428571428,0.0,0.0,0.2785,optimal
2021-02-08 15:00:00,84,6,1.1428571428571428,0.0,0.0,0.361,optimal
2021-02-08 15:30:00,84,6,1.1428571428571428,0.0,0.0,0.10833333333333331,optimal
2021-02-08 16:00:00,84,6,0.0,0.1548148148148148,0.0,0.18,optimal
2021-02-08 16:30:00,84,6,0.0,0.5418518518518518,0.0,0.5611666666666666,optimal
2021-02-08 17:00:00,84,6,0.0,0.0,0.0,0.25780000000000003,optimal
2021-02-08 17:30:00,84,6,0.0,0.0,0.0,0.43460000000000004,optimal
2021-02-08 18:00:00,84,6,0.0,0.0,0.0,0.42286666666666667,optimal
2021-02-08 18:30:00,84,6,0.0,0.1548148148148148,0.0,0.2328,optimal
2021-02-08 19:00:00,84,6,0.0,0.6610592592592595,0.0,0.41136666666666666,optimal
2021-02-08 19:30:00,84,6,0.0,0.11301481481481486,0.0,0.3845,optimal
2021-02-08 20:00:00,84,6,0.0,0.387037037037037,0.0,0.27553333333333335,optimal
2021-02-08 20:30:00,84,6,0.0,0.23222222222222222,0.0,0.4554333333333333,optimal
2021-02-08 21:00:00,84,6,0.0,2.2448148148148146,0.0,0.2281,optimal
2021-02-08 21:30:00,84,6,0.0,0.0,0.0,0.18306666666666663,optimal
2021-02-08 22:00:00,84,6,0.0,0.0,0.0,0.5558666666666666,optimal
2021-02-08 22:30:00,84,6,0.0,0.387037037037037,0.0,0.30743333333333334,optimal
2021-02-08 23:00:00,84,6,0.0,0.0,0.0,0.1047,optimal
2021-02-08 23:30:00,84,6,0.0,0.0,0.0,0.2636,optimal
2021-02-09 00:00:00,84,6,0.0,0.0,0.0,0.059,optimal
2021-02-09 00:30:00,84,6,0.0,0.0,0.0,0.059,optimal
2021-02-09 01:00:00,84,6,0.0,0.0,0.0,0.1238,optimal
2021-02-09 01:30:00,84,6,1.0784300687101003,0.0,0.0,0.059,optimal
2021-02-09 02:00:00,84,6,1.1428571428571428,0.0,0.0,0.113,optimal
2021-02-09 02:30:00,84,6,1.1428571428571428,0.0,0.0,0.0698,optimal
2021-02-09 03:00:00,84,6,1.1428571428571428,0.0,0.0,0.1022,optimal
2021-02-09 03:30:00,84,6,1.1428571428571428,0.0,0.0,0.08059999999999999,optimal
2021-02-09 04:00:00,84,6,1.1428571428571428,0.0,0.0,0.0698,optimal
2021-02-09 04:30:00,84,6,1.1428571428571428,0.0,0.0,0.113,optimal
2021-02-09 05:00:00,84,6,1.1428571428571428,0.0,0.0,0.059,optimal
2021-02-09 05:30:00,84,6,1.1428571428571428,0.0,0.0,0.1238,optimal
2021-02-09 06:00:00,84,6,1.1428571428571428,0.0,3.4102961915714123,0.059333333333333335,optimal
2021-02-09 06:30:00,84,6,1.1428571428571428,0.0,5.0,0.069,optimal
2021-02-09 07:00:00,84,6,1.1428571428571428,0.0,5.0,0.1358,optimal
2021-02-09 07:30:00,84,6,1.1428571428571428,3.096296296296296,0.0,0.069,optimal
2021-02-09 08:00:00,84,6,0.7108262016605723,0.8514814814814814,0.0,0.2376,optimal
2021-02-09 08:30:00,84,6,0.7348743281081204,0.1548148148148148,0.0,0.067,optimal
2021-02-09 09:00:00,84,6,0.5922319321733183,0.0,0.0,0.149,optimal
2021-02-09 09:30:00,84,6,0.30733008983032184,0.23222222222222222,0.0,1.5726,optimal
2021-02-09 10:00:00,84,6,0.2852666849116605,0.46444444444444444,0.0,0.6970333333333333,optimal
2021-02-09 10:30:00,84,6,0.37747451470519067,0.0,0.0,0.1414,optimal
2021-02-09 11:00:00,84,6,0.13989086051297422,0.3096296296296296,0.0,0.37126666666666663,optimal
2021-02-09 11:30:00,84,6,0.0,0.0,0.0,1.4301333333333335,optimal
2021-02-09 12:00:00,84,6,0.0,0.0,0.0,0.7283666666666667,optimal
2021-02-09 12:30:00,84,6,0.0,1.8206222222222221,0.0,1.0137333333333332,optimal
2021-02-09 13:00:00,84,6,1.1428571428571428,3.4430814814814816,0.0,0.8406,optimal
2021-02-09 13:30:00,84,6,1.1428571428571428,0.0774074074074074,0.0,0.2959333333333333,optimal
2021-02-09 14:00:00,84,6,1.1428571428571428,0.0,0.0,0.487,optimal
2021-02-09 14:30:00,84,6,1.1428571428571428,0.0,0.0,1.3715,optimal
2021-02-09 15:00:00,84,6,1.1428571428571428,0.0,0.0,0.141,optimal
2021-02-09 15:30:00,84,6,1.1428571428571428,0.0,0.0,0.2176,optimal
2021-02-09 16:00:00,84,6,0.0,0.0,0.0,0.1705,optimal
2021-02-09 16:30:00,84,6,0.0,0.0,0.0,0.1718,optimal
2021-02-09 17:00:00,84,6,0.0,0.0,0.0,0.0798,optimal
2021-02-09 17:30:00,84,6,0.0,0.0,0.0,0.123,optimal
2021-02-09 18:00:00,84,6,0.0,0.0,0.0,0.069,optimal
2021-02-09 18:30:00,84,6,0.0,0.0,0.0,0.1338,optimal
2021-02-09 19:00:00,84,6,0.0,0.0,0.0,0.111,optimal
2021-02-09 19:30:00,84,6,0.2825476320081446,0.0,0.0,0.1338,optimal
2021-02-09 20:00:00,84,6,0.7816036242378267,0.0,0.0,0.117,optimal
2021-02-09 20:30:00,84,6,0.0,0.0,0.0,0.2374,optimal
2021-02-09 21:00:00,84,6,0.0,0.0,0.0,0.26813333333333333,optimal
2021-02-09 21:30:00,84,6,0.0,0.23222222222222222,0.0,0.38739999999999997,optimal
2021-02-09 22:00:00,84,6,0.0,0.0,0.0,0.3509333333333333,optimal
2021-02-09 22:30:00,84,6,0.0,0.6192592592592592,0.0,0.24766666666666662,optimal
2021-02-09 23:00:00,84,6,0.0,0.0,0.0,0.2726,optimal
2021-02-09 23:30:00,84,6,0.0,7.431111111111111,0.0,0.2918,optimal
2021-02-10 00:00:00,84,6,0.0,0.0,0.0,0.06983333333333333,optimal
2021-02-10 00:30:00,84,6,0.0,0.0,0.0,0.1205,optimal
2021-02-10 01:00:00,84,6,0.029101074962822538,0.0,0.0,0.06633333333333333,optimal
2021-02-10 01:30:00,84,6,1.1428571428571428,0.0,0.0,0.12466666666666669,optimal
2021-02-10 02:00:00,84,6,1.1428571428571428,0.0,0.0,0.058,optimal
2021-02-10 02:30:00,84,6,1.1428571428571428,0.0,0.0,0.133,optimal
2021-02-10 03:00:00,84,6,1.1428571428571428,0.0,0.0,0.058,optimal
2021-02-10 03:30:00,84,6,1.1428571428571428,0.0,0.0,0.133,optimal
2021-02-10 04:00:00,84,6,1.1428571428571428,0.0,0.0,0.058,optimal
2021-02-10 04:30:00,84,6,1.1428571428571428,0.0,0.0,0.058,optimal
2021-02-10 05:00:00,84,6,1.1428571428571428,0.0774074074074074,0.0,0.3818333333333333,optimal
2021-02-10 05:30:00,84,6,1.1428571428571428,0.23222222222222222,0.0,0.7103333333333334,optimal
2021-02-10 06:00:00,84,6,1.1428571428571428,0.3096296296296296,0.1638431644348328,0.0655,optimal
2021-02-10 06:30:00,84,6,1.1428571428571428,1.5109925925925927,5.0,0.06533333333333333,optimal
2021-02-10 07:00:00,84,6,1.1428571428571428,4.759007407407408,5.0,0.1435,optimal
2021-02-10 07:30:00,84,6,1.1428571428571428,2.7092592592592597,0.0,1.3857000000000002,optimal
2021-02-10 08:00:00,84,6,0.601616819622769,0.774074074074074,0.0,0.066,optimal
2021-02-10 08:30:00,84,6,0.5886790834575889,1.181237037037037,0.0,0.16773333333333332,optimal
2021-02-10 09:00:00,84,6,0.669455984415403,2.147281481481481,0.0,0.10366666666666668,optimal
2021-02-10 09:30:00,84,6,0.7030039625359376,0.0,0.0,0.143,optimal
2021-02-10 10:00:00,84,6,0.5338461062400289,0.0,0.0,0.068,optimal
2021-02-10 10:30:00,84,6,0.5262237564971017,0.0,0.0,0.07216666666666667,optimal
2021-02-10 11:00:00,84,6,0.3748858728238532,0.0,0.0,0.13883333333333334,optimal
2021-02-10 11:30:00,84,6,0.3908360523603184,0.0,0.0,0.068,optimal
2021-02-10 12:00:00,84,6,0.22390036973334485,0.0,0.0,0.068,optimal
2021-02-10 12:30:00,84,6,0.2024717983047724,0.0,0.0,0.143,optimal
2021-02-10 13:00:00,84,6,0.423938179314171,0.0,0.0,0.068,optimal
2021-02-10 13:30:00,84,6,1.1428571428571428,0.0,0.0,0.068,optimal
2021-02-10 14:00:00,84,6,1.1428571428571428,0.0,0.0,0.10966666666666669,optimal
2021-02-10 14:30:00,84,6,1.1428571428571428,0.0,0.0,0.8601666666666666,optimal
2021-02-10 15:00:00,84,6,1.1428571428571428,0.0,0.0,1.3845999999999998,optimal
2021-02-10 15:30:00,84,6,1.1428571428571428,0.0,0.0,0.08266666666666667,optimal
2021-02-10 16:00:00,84,6,0.0,0.0,0.0,0.10706666666666666,optimal
2021-02-10 16:30:00,84,6,0.0,0.1548148148148148,0.0,0.12433333333333331,optimal
2021-02-10 17:00:00,84,6,0.0,0.46444444444444444,0.0,0.1864,optimal
2021-02-10 17:30:00,84,6,0.0,0.3096296296296296,0.0,0.4652,optimal
2021-02-10 18:00:00,84,6,0.0,0.0,0.0,0.19219999999999998,optimal
2021-02-10 18:30:00,84,6,0.0,0.0774074074074074,0.0,0.07003333333333334,optimal
2021-02-10 19:00:00,84,6,0.0,2.3222222222222215,0.0,0.17296666666666666,optimal
2021-02-10 19:30:00,84,6,0.0,0.23222222222222222,0.0,0.2323,optimal
2021-02-10 20:00:00,84,6,0.0,0.6192592592592592,0.0,0.117,optimal
2021-02-10 20:30:00,84,6,0.0,0.0,0.0,0.09443333333333334,optimal
2021-02-10 21:00:00,84,6,0.0,0.0,0.0,0.0805,optimal
2021-02-10 21:30:00,84,6,0.0,0.0,0.0,0.1305,optimal
2021-02-10 22:00:00,84,6,0.0,0.0,0.0,0.068,optimal
2021-02-10 22:30:00,84,6,0.0,0.0,0.0,0.068,optimal
2021-02-10 23:00:00,84,6,0.0,0.0,0.0,0.118,optimal
2021-02-10 23:30:00,84,6,0.0,0.0,0.0,0.093,optimal
2021-02-11 00:00:00,84,6,1.1428571428571428,0.0,0.0,0.056,optimal
2021-02-11 00:30:00,84,6,1.1428571428571428,0.0,0.0,0.07816666666666668,optimal
2021-02-11 01:00:00,84,6,1.1428571428571428,0.0,0.0,0.09083333333333331,optimal
2021-02-11 01:30:00,84,6,1.1428571428571428,0.0,0.0,0.09716666666666668,optimal
2021-02-11 02:00:00,84,6,1.1428571428571428,0.0,0.0,0.07183333333333333,optimal
2021-02-11 02:30:00,84,6,1.1428571428571428,0.0,0.0,0.10666666666666669,optimal
2021-02-11 03:00:00,84,6,1.1428571428571428,0.0,0.0,0.06233333333333334,optimal
2021-02-11 03:30:00,84,6,1.1428571428571428,0.0,0.0,0.056,optimal
2021-02-11 04:00:00,84,6,1.1428571428571428,0.0,0.0,0.113,optimal
2021-02-11 04:30:00,84,6,1.1428571428571428,0.0,0.0,0.056,optimal
2021-02-11 05:00:00,84,6,1.1428571428571428,0.0,0.0,0.056,optimal
2021-02-11 05:30:00,84,6,1.1428571428571428,0.0,0.0,0.08766666666666667,optimal
2021-02-11 06:00:00,84,6,1.1428571428571428,0.0,0.0,0.08133333333333333,optimal
2021-02-11 06:30:00,84,6,1.1428571428571428,0.0,3.2597444239758335,0.075,optimal
2021-02-11 07:00:00,84,6,1.1428571428571428,0.23222222222222222,5.0,0.117,optimal
2021-02-11 07:30:00,84,6,1.1428571428571428,2.617100835400553,0.0,0.3752,optimal
2021-02-11 08:00:00,84,6,0.6799340888111239,0.0774074074074074,0.0,0.173,optimal
2021-02-11 08:30:00,84,6,0.8681945337921517,2.537414814814815,0.0,0.10366666666666668,optimal
2021-02-11 09:00:00,84,6,0.8193335456303495,0.0,0.0,0.104,optimal
2021-02-11 09:30:00,84,6,0.7512972222676548,0.0,0.0,0.0945,optimal
2021-02-11 10:00:00,84,6,0.4675554898360635,0.0,0.0,0.0945,optimal
2021-02-11 10:30:00,84,6,0.5014258411887332,0.0,0.0,0.066,optimal
2021-02-11 11:00:00,84,6,0.34512529108302337,0.0,0.0,0.1135,optimal
2021-02-11 11:30:00,84,6,0.32382306617789514,0.0,0.0,0.0755,optimal
2021-02-11 12:00:00,84,6,0.16464702717756696,0.0,0.0,0.066,optimal
2021-02-11 12:30:00,84,6,0.7126044202938275,0.0,0.0,0.11033333333333331,optimal
2021-02-11 13:00:00,84,6,1.1428571428571428,0.8685111111111107,0.0,0.1097,optimal
2021-02-11 13:30:00,84,6,1.1428571428571428,0.0774074074074074,0.0,0.0765,optimal
2021-02-11 14:00:00,84,6,1.1428571428571428,0.0,0.0,0.1135,optimal
2021-02-11 14:30:00,84,6,1.1428571428571428,0.0,0.0,0.08183333333333333,optimal
2021-02-11 15:00:00,84,6,1.1428571428571428,0.0,0.0,0.10716666666666669,optimal
2021-02-11 15:30:00,84,6,1.1428571428571428,0.0,0.0,0.066,optimal
2021-02-11 16:00:00,84,6,0.0,0.0,0.0,0.123,optimal
2021-02-11 16:30:00,84,6,0.0,0.0,0.0,0.066,optimal
2021-02-11 17:00:00,84,6,0.0,0.0,0.0,0.066,optimal
2021-02-11 17:30:00,84,6,0.0,0.0,0.0,0.09133333333333331,optimal
2021-02-11 18:00:00,84,6,0.0,0.0,0.0,0.3221,optimal
2021-02-11 18:30:00,84,6,0.0,0.0,0.0,0.5122000000000001,optimal
2021-02-11 19:00:00,84,6,0.0,0.1548148148148148,0.0,0.15863333333333332,optimal
2021-02-11 19:30:00,84,6,0.943989214342646,0.0,0.0,0.2714,optimal
2021-02-11 20:00:00,84,6,0.96957825424144,0.23222222222222222,0.0,0.10143333333333333,optimal
2021-02-11 20:30:00,84,6,0.0,0.0,0.0,0.21869999999999998,optimal
2021-02-11 21:00:00,84,6,0.0,0.0,0.0,0.33893333333333336,optimal
2021-02-11 21:30:00,84,6,0.0,0.3096296296296296,0.0,0.4462,optimal
2021-02-11 22:00:00,84,6,0.0,0.3096296296296296,0.0,0.29960000000000003,optimal
2021-02-11 22:30:00,84,6,0.0,0.23222222222222222,0.0,0.21463333333333331,optimal
2021-02-11 23:00:00,84,6,0.0,0.23222222222222222,0.0,0.2816666666666667,optimal
2021-02-11 23:30:00,84,6,0.0,0.0,0.0,0.066,optimal
2021-02-12 00:00:00,84,6,1.1428571428571428,0.0,0.0,0.16533333333333333,optimal
2021-02-12 00:30:00,84,6,1.1428571428571428,0.0,0.0,2.031733333333333,optimal
2021-02-12 01:00:00,84,6,1.1428571428571428,0.1548148148148148,0.0,1.1069,optimal
2021-02-12 01:30:00,84,6,1.1428571428571428,0.0,0.0,0.29606666666666664,optimal
2021-02-12 02:00:00,84,6,1.1428571428571428,0.0,0.0,0.2021,optimal
2021-02-12 02:30:00,84,6,1.1428571428571428,0.0,0.0,0.1097,optimal
2021-02-12 03:00:00,84,6,1.1428571428571428,0.0,0.0,0.1984,optimal
2021-02-12 03:30:00,84,6,1.1428571428571428,0.0,0.0,0.15059999999999998,optimal
2021-02-12 04:00:00,84,6,1.1428571428571428,0.0,0.0,0.1646,optimal
2021-02-12 04:30:00,84,6,1.1428571428571428,0.0,0.0,0.06720000000000001,optimal
2021-02-12 05:00:00,84,6,1.1428571428571428,0.0,0.9047803813273068,0.319,optimal
2021-02-12 05:30:00,84,6,1.1428571428571428,0.0,5.0,0.20686666666666667,optimal
2021-02-12 06:00:00,84,6,1.1428571428571428,0.1548148148148148,5.0,2.1909666666666667,optimal
2021-02-12 06:30:00,84,6,1.1428571428571428,0.0,0.0,2.2619333333333334,optimal
2021-02-12 07:00:00,84,6,1.1428571428571428,0.6966666666666667,0.0,0.3615333333333334,optimal
2021-02-12 07:30:00,84,6,1.1428571428571428,4.823322722432011,0.0,2.2405333333333335,optimal
2021-02-12 08:00:00,84,6,0.769588124849797,0.23222222222222222,0.0,0.5932999999999999,optimal
2021-02-12 08:30:00,84,6,0.698461099110212,3.4059259259259256,0.0,1.9482000000000002,optimal
2021-02-12 09:00:00,84,6,0.6357789370408843,0.6966666666666667,0.0,1.1939666666666666,optimal
2021-02-12 09:30:00,84,6,0.5339209820810956,0.1548148148148148,0.0,1.2746666666666668,optimal
2021-02-12 10:00:00,84,6,0.30120978633101136,0.6966666666666667,0.0,0.3916,optimal
2021-02-12 10:30:00,84,6,0.34205812352447085,0.0,0.0,0.2326,optimal
2021-02-12 11:00:00,84,6,0.10255946124675742,0.0,0.0,2.2106,optimal
2021-02-12 11:30:00,84,6,0.10412217006260163,0.1548148148148148,0.0,1.6747333333333332,optimal
2021-02-12 12:00:00,84,6,0.0,0.0774074074074074,0.0,3.8991666666666664,optimal
2021-02-12 12:30:00,84,6,0.0,0.387037037037037,0.0,3.9142333333333332,optimal
2021-02-12 13:00:00,84,6,1.1428571428571428,0.0,0.0,2.8129666666666666,optimal
2021-02-12 13:30:00,84,6,1.1428571428571428,0.3096296296296296,0.0,0.24013333333333334,optimal
2021-02-12 14:00:00,84,6,1.1428571428571428,0.0,0.0,0.30060000000000003,optimal
2021-02-12 14:30:00,84,6,1.1428571428571428,0.0,0.0,0.1056,optimal
2021-02-12 15:00:00,84,6,1.1428571428571428,0.0,0.0,0.134,optimal
2021-02-12 15:30:00,84,6,1.1428571428571428,0.0,0.0,0.2412,optimal
2021-02-12 16:00:00,84,6,0.0,0.0,0.0,0.094,optimal
2021-02-12 16:30:00,84,6,0.0,0.1548148148148148,0.0,0.2557,optimal
2021-02-12 17:00:00,84,6,0.0,0.3096296296296296,0.0,1.2177666666666669,optimal
2021-02-12 17:30:00,84,6,0.0,0.1548148148148148,0.0,1.123233333333333,optimal
2021-02-12 18:00:00,84,6,0.0,0.3096296296296296,0.0,1.2686666666666668,optimal
2021-02-12 18:30:00,84,6,0.0,0.0,0.0,3.1085,optimal
2021-02-12 19:00:00,84,6,0.0,2.39962962962963,0.0,1.7359,optimal
2021-02-12 19:30:00,84,6,0.0,0.23222222222222222,0.0,0.8422000000000001,optimal
2021-02-12 20:00:00,84,6,0.12139984882027402,0.6192592592592592,0.0,0.9366666666666666,optimal
2021-02-12 20:30:00,84,6,0.0,0.6192592592592592,0.0,1.9405,optimal
2021-02-12 21:00:00,84,6,0.0,0.0,0.0,1.050266666666667,optimal
2021-02-12 21:30:00,84,6,0.0,0.1548148148148148,0.0,2.125333333333333,optimal
2021-02-12 22:00:00,84,6,0.0,0.0,0.0,2.089866666666667,optimal
2021-02-12 22:30:00,84,6,0.0,0.0,0.0,1.3039333333333334,optimal
2021-02-12 23:00:00,84,6,0.0,0.0,0.0,0.1198,optimal
2021-02-12 23:30:00,84,6,0.0,0.0,0.0,0.10640000000000001,optimal
2021-02-13 00:00:00,84,6,0.0,0.0,0.0,0.1278,optimal
2021-02-13 00:30:00,84,6,0.0,0.0,0.0,0.06713333333333334,optimal
2021-02-13 01:00:00,84,6,0.15223794797186316,0.0,0.0,0.055,optimal
2021-02-13 01:30:00,84,6,1.1428571428571428,0.0,0.0,0.0732,optimal
2021-02-13 02:00:00,84,6,1.1428571428571428,0.0,0.0,0.12173333333333332,optimal
2021-02-13 02:30:00,84,6,1.1428571428571428,0.0,0.0,0.055,optimal
2021-02-13 03:00:00,84,6,1.1428571428571428,0.0,0.0,0.055,optimal
2021-02-13 03:30:00,84,6,1.1428571428571428,0.0,0.0,0.13993333333333333,optimal
2021-02-13 04:00:00,84,6,1.1428571428571428,0.0,2.6121623328233277,0.055,optimal
2021-02-13 04:30:00,84,6,1.1428571428571428,0.0,5.0,0.06106666666666667,optimal
2021-02-13 05:00:00,84,6,1.1428571428571428,0.0,5.0,0.13386666666666666,optimal
2021-02-13 05:30:00,84,6,1.1428571428571428,0.0,5.0,0.055,optimal
2021-02-13 06:00:00,84,6,1.1428571428571428,0.3096296296296296,5.0,0.12040000000000001,optimal
2021-02-13 06:30:00,84,6,1.1428571428571428,1.006296296296296,0.0,0.10066666666666668,optimal
2021-02-13 07:00:00,84,6,1.1428571428571428,0.0774074074074074,0.0,1.64,optimal
2021-02-13 07:30:00,84,6,1.1428571428571428,2.7092592592592597,0.0,1.4891333333333334,optimal
2021-02-13 08:00:00,84,6,0.6378940418327285,1.3933333333333333,0.0,1.328266666666667,optimal
2021-02-13 08:30:00,84,6,0.597553893505715,0.5418518518518518,0.0,2.450333333333333,optimal
2021-02-13 09:00:00,84,6,0.35142589501242155,0.0774074074074074,0.0,3.748133333333333,optimal
2021-02-13 09:30:00,84,6,0.5208242009964253,0.0,0.0,0.3842,optimal
2021-02-13 10:00:00,84,6,0.3841301908241221,0.0,0.0,0.3528,optimal
2021-02-13 10:30:00,84,6,0.4690452805923504,0.0,0.0,0.34053333333333335,optimal
2021-02-13 11:00:00,84,6,0.26710657478991456,0.0774074074074074,0.0,0.49310000000000004,optimal
2021-02-13 11:30:00,84,6,0.16983118836766453,0.0,0.0,1.6147,optimal
2021-02-13 12:00:00,84,6,0.15353268593690525,0.1548148148148148,0.0,0.272,optimal
2021-02-13 12:30:00,84,6,0.10110381785432318,1.8577777777777778,0.0,2.3908666666666667,optimal
2021-02-13 13:00:00,84,6,0.6275007534516034,0.0,0.0,0.20913333333333334,optimal
2021-02-13 13:30:00,84,6,1.1428571428571428,0.0,0.0,0.1785,optimal
2021-02-13 14:00:00,84,6,1.1428571428571428,0.0,0.0,0.14993333333333334,optimal
2021-02-13 14:30:00,84,6,1.1428571428571428,1.6255555555555554,0.0,1.4558,optimal
2021-02-13 15:00:00,84,6,1.1428571428571428,0.3096296296296296,0.0,3.278766666666667,optimal
2021-02-13 15:30:00,84,6,1.1428571428571428,0.0,0.0,1.7725333333333333,optimal
2021-02-13 16:00:00,84,6,0.0,0.0,0.0,0.37173333333333336,optimal
2021-02-13 16:30:00,84,6,0.0,0.6192592592592592,0.0,0.5527333333333333,optimal
2021-02-13 17:00:00,84,6,0.0,0.0774074074074074,0.0,0.3516666666666667,optimal
2021-02-13 17:30:00,84,6,0.0,0.0,0.0,1.340266666666667,optimal
2021-02-13 18:00:00,84,6,0.0,0.1548148148148148,0.0,1.91,optimal
2021-02-13 18:30:00,84,6,0.0,0.23222222222222222,0.0,0.8269666666666667,optimal
2021-02-13 19:00:00,84,6,0.0,0.6192592592592592,0.0,0.2698,optimal
2021-02-13 19:30:00,84,6,0.0,0.5418518518518518,0.0,0.5634666666666667,optimal
2021-02-13 20:00:00,84,6,0.0,0.1548148148148148,0.0,0.4793,optimal
2021-02-13 20:30:00,84,6,0.0,0.23222222222222222,0.0,1.1028,optimal
2021-02-13 21:00:00,84,6,0.0,0.3096296296296296,0.0,1.6842666666666668,optimal
2021-02-13 21:30:00,84,6,0.0,0.0,0.0,2.292333333333333,optimal
2021-02-13 22:00:00,84,6,0.0,0.0,0.0,0.14993333333333334,optimal
2021-02-13 22:30:00,84,6,0.0,0.0,0.0,0.065,optimal
2021-02-13 23:00:00,84,6,0.0,0.0,0.0,0.065,optimal
2021-02-13 23:30:00,84,6,0.0,0.0,0.0,0.14759999999999998,optimal
2021-02-07 00:00:00,85,6,0.0,0.0,0.0,0.1849333333333333,optimal
2021-02-07 00:30:00,85,6,0.0,0.0,0.0,0.21013333333333334,optimal
2021-02-07 01:00:00,85,6,0.0,0.0,0.0,0.3621666666666667,optimal
2021-02-07 01:30:00,85,6,0.0,0.0,0.0,1.1708,optimal
2021-02-07 02:00:00,85,6,0.0,0.0,0.0,0.059,optimal
2021-02-07 02:30:00,85,6,0.0,0.0,0.0,0.059,optimal
2021-02-07 03:00:00,85,6,0.0,0.0,0.0,0.059,optimal
2021-02-07 03:30:00,85,6,0.0,0.0,0.0,0.059,optimal
2021-02-07 04:00:00,85,6,1.1428571428571428,0.0,0.0,0.059,optimal
2021-02-07 04:30:00,85,6,1.1428571428571428,0.0,0.0,0.059,optimal
2021-02-07 05:00:00,85,6,1.1428571428571428,0.0,0.0,0.059,optimal
2021-02-07 05:30:00,85,6,1.1428571428571428,0.0,0.0,0.059,optimal
2021-02-07 06:00:00,85,6,1.1428571428571428,0.0,0.0,0.062,optimal
2021-02-07 06:30:00,85,6,1.1428571428571428,0.0,0.0,0.06866666666666667,optimal
2021-02-07 07:00:00,85,6,1.1428571428571428,0.0,0.0,0.059,optimal
2021-02-07 07:30:00,85,6,0.0,0.0,0.0,0.059,optimal
2021-02-07 08:00:00,85,6,0.1040183175133902,0.0,0.0,0.059,optimal
2021-02-07 08:30:00,85,6,0.7059204469517517,0.0,0.0,0.059,optimal
2021-02-07 09:00:00,85,6,0.5530529670086888,0.3096296296296296,0.0,1.8562,optimal
2021-02-07 09:30:00,85,6,0.21646805677692266,0.0,0.0,3.294233333333333,optimal
2021-02-07 10:00:00,85,6,0.3823024900789259,0.0,0.0,2.2035666666666667,optimal
2021-02-07 10:30:00,85,6,0.43363802482818736,0.0,0.0,1.8453333333333333,optimal
2021-02-07 11:00:00,85,6,0.3086326534680124,0.0,0.0,2.0496,optimal
2021-02-07 11:30:00,85,6,0.3464040820394355,0.3096296296296296,0.0,0.7423,optimal
2021-02-07 12:00:00,85,6,0.3004494172491259,0.46444444444444444,0.0,0.3118,optimal
2021-02-07 12:30:00,85,6,0.2360951315348347,0.1548148148148148,0.0,2.3220666666666667,optimal
2021-02-07 13:00:00,85,6,0.2850923760778236,0.1548148148148148,0.0,1.5964,optimal
2021-02-07 13:30:00,85,6,0.6307584765341445,0.0774074074074074,0.0,1.1333333333333333,optimal
2021-02-07 14:00:00,85,6,1.1428571428571428,0.0,0.0,1.8351666666666668,optimal
2021-02-07 14:30:00,85,6,1.1428571428571428,0.0,0.0,0.7735,optimal
2021-02-07 15:00:00,85,6,1.1428571428571428,0.0,0.0,0.26773333333333327,optimal
2021-02-07 15:30:00,85,6,1.1428571428571428,5.966562962962962,3.7925032791639226,0.3522,optimal
2021-02-07 16:00:00,85,6,0.0,1.9289925925925933,0.0,2.509,optimal
2021-02-07 16:30:00,85,6,0.0,0.0,0.0,1.1204,optimal
2021-02-07 17:00:00,85,6,0.0,0.3096296296296296,0.0,1.8457999999999999,optimal
2021-02-07 17:30:00,85,6,0.0,0.6966666666666667,0.0,0.8962,optimal
2021-02-07 18:00:00,85,6,0.0,0.387037037037037,0.0,4.554,optimal
2021-02-07 18:30:00,85,6,0.0,0.5418518518518518,0.0,2.4002,optimal
2021-02-07 19:00:00,85,6,0.0,0.0,0.0,0.2467666666666667,optimal
2021-02-07 19:30:00,85,6,0.0,0.0,0.0,1.7050666666666665,optimal
2021-02-07 20:00:00,85,6,0.0,0.0774074074074074,0.0,2.5139666666666667,optimal
2021-02-07 20:30:00,85,6,0.0,0.0,0.0,0.2382,optimal
2021-02-07 21:00:00,85,6,0.0,0.23222222222222222,0.0,0.1978,optimal
2021-02-07 21:30:00,85,6,0.0,0.1548148148148148,0.0,0.32489999999999997,optimal
2021-02-07 22:00:00,85,6,0.0,0.1548148148148148,0.0,0.5185333333333333,optimal
2021-02-07 22:30:00,85,6,0.0,0.3096296296296296,0.0,0.6578666666666667,optimal
2021-02-07 23:00:00,85,6,0.0,0.3096296296296296,0.0,0.38406666666666667,optimal
2021-02-07 23:30:00,85,6,0.0,0.23222222222222222,0.0,2.5696666666666665,optimal
2021-02-08 00:00:00,85,6,0.0,0.0,0.0,0.0714,optimal
2021-02-08 00:30:00,85,6,0.0,0.0,0.0,0.12840000000000001,optimal
2021-02-08 01:00:00,85,6,0.0,0.0,0.0,0.06,optimal
2021-02-08 01:30:00,85,6,0.0,0.0,0.0,0.09923333333333333,optimal
2021-02-08 02:00:00,85,6,0.5513029260969634,0.0,0.0,1.6504,optimal
2021-02-08 02:30:00,85,6,1.1428571428571428,0.0,0.0,0.1287333333333333,optimal
2021-02-08 03:00:00,85,6,1.1428571428571428,0.0,0.0,0.1398,optimal
2021-02-08 03:30:00,85,6,1.1428571428571428,0.0,0.0,0.06,optimal
2021-02-08 04:00:00,85,6,1.1428571428571428,0.0,0.0,0.06,optimal
2021-02-08 04:30:00,85,6,1.1428571428571428,0.0,0.0,0.06,optimal
2021-02-08 05:00:00,85,6,1.1428571428571428,0.0,0.0,0.1398,optimal
2021-02-08 05:30:00,85,6,1.1428571428571428,0.0,3.6510015745296482,0.06,optimal
2021-02-08 06:00:00,85,6,1.1428571428571428,0.0,5.0,0.0828,optimal
2021-02-08 06:30:00,85,6,1.1428571428571428,0.0,5.0,0.117,optimal
2021-02-08 07:00:00,85,6,1.1428571428571428,4.644444444444443,5.0,0.249,optimal
2021-02-08 07:30:00,85,6,1.1428571428571428,0.1548148148148148,0.0,0.4331666666666667,optimal
2021-02-08 08:00:00,85,6,0.5329625793934758,0.5418518518518518,0.0,0.3486,optimal
2021-02-08 08:30:00,85,6,0.5755838284284457,0.0,0.0,0.46443333333333325,optimal
2021-02-08 09:00:00,85,6,0.5018195019126146,0.0,0.0,0.48310000000000003,optimal
2021-02-08 09:30:00,85,6,0.5467495331220745,0.1548148148148148,0.0,0.198,optimal
2021-02-08 10:00:00,85,6,0.32880845019936383,0.387037037037037,0.0,0.4129,optimal
2021-02-08 10:30:00,85,6,0.39603079994229023,0.1548148148148148,0.0,0.38046666666666656,optimal
2021-02-08 11:00:00,85,6,0.21563597916074628,0.0,0.0,0.4601,optimal
2021-02-08 11:30:00,85,6,0.22143377774482037,0.0,0.0,0.3038,optimal
2021-02-08 12:00:00,85,6,0.1643174663189687,0.23222222222222222,0.0,0.3168333333333333,optimal
2021-02-08 12:30:00,85,6,0.6195503047969677,0.0,0.0,0.159,optimal
2021-02-08 13:00:00,85,6,1.1428571428571428,0.3096296296296296,0.0,0.13056666666666666,optimal
2021-02-08 13:30:00,85,6,1.1428571428571428,0.23222222222222222,0.0,0.16736666666666666,optimal
2021-02-08 14:00:00,85,6,1.1428571428571428,0.0,0.0,0.17996666666666666,optimal
2021-02-08 14:30:00,85,6,1.1428571428571428,0.0,0.0,0.22513333333333332,optimal
2021-02-08 15:00:00,85,6,1.1428571428571428,0.0,0.0,0.07,optimal
2021-02-08 15:30:00,85,6,1.1428571428571428,0.0,0.0,0.1156,optimal
2021-02-08 16:00:00,85,6,0.0,0.0,0.0,0.1042,optimal
2021-02-08 16:30:00,85,6,0.0,0.0,0.0,0.07,optimal
2021-02-08 17:00:00,85,6,0.0,0.0,0.0,0.1441,optimal
2021-02-08 17:30:00,85,6,0.0,0.23222222222222222,0.0,0.11336666666666666,optimal
2021-02-08 18:00:00,85,6,0.0,0.0,0.0,0.07,optimal
2021-02-08 18:30:00,85,6,0.0,0.0,0.0,0.07,optimal
2021-02-08 19:00:00,85,6,0.0,0.0,0.0,0.30556666666666665,optimal
2021-02-08 19:30:00,85,6,0.5304970434792656,0.23222222222222222,0.0,0.4558666666666667,optimal
2021-02-08 20:00:00,85,6,0.556681297984098,0.0,0.0,0.43539999999999995,optimal
2021-02-08 20:30:00,85,6,0.0,0.387037037037037,0.0,0.38326666666666664,optimal
2021-02-08 21:00:00,85,6,0.0,0.23222222222222222,0.0,0.3256,optimal
2021-02-08 21:30:00,85,6,0.0,0.0,0.0,0.2368,optimal
2021-02-08 22:00:00,85,6,0.0,0.0,0.0,0.3072,optimal
2021-02-08 22:30:00,85,6,0.0,0.0,0.0,0.07,optimal
2021-02-08 23:00:00,85,6,0.0,0.0,0.0,0.07,optimal
2021-02-08 23:30:00,85,6,0.0,0.0,0.0,0.10186666666666666,optimal
2021-02-09 00:00:00,85,6,0.0,0.0,0.0,0.061,optimal
2021-02-09 00:30:00,85,6,0.0,0.0,0.0,0.14156666666666667,optimal
2021-02-09 01:00:00,85,6,1.0399054179596356,0.0,0.0,0.0711,optimal
2021-02-09 01:30:00,85,6,1.1428571428571428,0.0,0.0,0.10633333333333331,optimal
2021-02-09 02:00:00,85,6,1.1428571428571428,0.0,0.0,0.10633333333333331,optimal
2021-02-09 02:30:00,85,6,1.1428571428571428,0.0,0.0,0.056,optimal
2021-02-09 03:00:00,85,6,1.1428571428571428,0.0,0.0,0.15666666666666665,optimal
2021-02-09 03:30:00,85,6,1.1428571428571428,0.0,0.0,0.056,optimal
2021-02-09 04:00:00,85,6,1.1428571428571428,0.0,0.0,0.056,optimal
2021-02-09 04:30:00,85,6,1.1428571428571428,0.0,0.0,0.15163333333333331,optimal
2021-02-09 05:00:00,85,6,1.1428571428571428,0.0,0.0,0.06103333333333333,optimal
2021-02-09 05:30:00,85,6,1.1428571428571428,0.0,0.0,0.056,optimal
2021-02-09 06:00:00,85,6,1.1428571428571428,0.0,0.0,0.15666666666666665,optimal
2021-02-09 06:30:00,85,6,1.1428571428571428,0.0,4.707267420411415,0.056,optimal
2021-02-09 07:00:00,85,6,1.1428571428571428,0.5062444444444444,5.0,0.8833666666666666,optimal
2021-02-09 07:30:00,85,6,1.1428571428571428,0.6548666666666667,0.0,0.17766666666666667,optimal
2021-02-09 08:00:00,85,6,0.8475919159462901,0.0,0.0,0.061,optimal
2021-02-09 08:30:00,85,6,0.8411600423938417,0.0,0.0,0.061,optimal
2021-02-09 09:00:00,85,6,0.6839462178876035,0.0,0.0,0.07333333333333333,optimal
2021-02-09 09:30:00,85,6,0.6270348517350831,0.0774074074074074,0.0,0.1001,optimal
2021-02-09 10:00:00,85,6,0.4192323991973763,0.0,0.0,0.13290000000000002,optimal
2021-02-09 10:30:00,85,6,0.383779276609952,0.23222222222222222,0.0,0.10486666666666666,optimal
2021-02-09 11:00:00,85,6,0.24360514622726223,0.0,0.0,0.1338,optimal
2021-02-09 11:30:00,85,6,0.35168975980501954,0.0,0.0,0.06,optimal
2021-02-09 12:00:00,85,6,0.2372413914581331,0.0,0.0,0.066,optimal
2021-02-09 12:30:00,85,6,0.21062344454705537,0.0,0.0,0.16666666666666666,optimal
2021-02-09 13:00:00,85,6,1.1428571428571428,0.0,0.0,0.061,optimal
2021-02-09 13:30:00,85,6,1.1428571428571428,0.0,0.0,0.15666666666666665,optimal
2021-02-09 14:00:00,85,6,1.1428571428571428,0.0,0.0,0.056,optimal
2021-02-09 14:30:00,85,6,1.1428571428571428,0.0,0.0,0.1013,optimal
2021-02-09 15:00:00,85,6,1.1428571428571428,0.0,0.0,0.11636666666666666,optimal
2021-02-09 15:30:00,85,6,1.1428571428571428,0.0,0.0,0.06906666666666667,optimal
2021-02-09 16:00:00,85,6,0.0,0.387037037037037,0.0,1.0947,optimal
2021-02-09 16:30:00,85,6,0.0,0.0,0.0,0.7908333333333334,optimal
2021-02-09 17:00:00,85,6,0.0,0.0,0.0,0.30356666666666665,optimal
2021-02-09 17:30:00,85,6,0.0,0.6192592592592592,0.0,0.14959999999999998,optimal
2021-02-09 18:00:00,85,6,0.0,2.012592592592592,0.0,0.23296666666666666,optimal
2021-02-09 18:30:00,85,6,0.0,0.0,0.0,0.08866666666666667,optimal
2021-02-09 19:00:00,85,6,0.0,0.387037037037037,0.0,0.20066666666666663,optimal
2021-02-09 19:30:00,85,6,0.0,0.0,0.0,0.0892,optimal
2021-02-09 20:00:00,85,6,0.37630273631341815,0.23222222222222222,0.0,0.1525,optimal
2021-02-09 20:30:00,85,6,0.0,0.0,0.0,0.13776666666666668,optimal
2021-02-09 21:00:00,85,6,0.0,0.0,0.0,0.10626666666666668,optimal
2021-02-09 21:30:00,85,6,0.0,0.0,0.0,0.1264,optimal
2021-02-09 22:00:00,85,6,0.0,0.0,0.0,0.2632,optimal
2021-02-09 22:30:00,85,6,0.0,0.0,0.0,0.2532,optimal
2021-02-09 23:00:00,85,6,0.0,0.0,0.0,0.3388,optimal
2021-02-09 23:30:00,85,6,0.0,0.0774074074074074,0.0,0.20153333333333334,optimal
2021-02-10 00:00:00,85,6,0.0,0.0,0.0,0.18296666666666667,optimal
2021-02-10 00:30:00,85,6,0.0,0.0,0.0,0.3373333333333333,optimal
2021-02-10 01:00:00,85,6,0.0,0.0,0.0,0.6424666666666667,optimal
2021-02-10 01:30:00,85,6,0.8484904936402226,0.0,0.0,0.32480000000000003,optimal
2021-02-10 02:00:00,85,6,1.1428571428571428,0.0774074074074074,0.0,1.693,optimal
2021-02-10 02:30:00,85,6,1.1428571428571428,0.0,0.0,0.5437333333333334,optimal
2021-02-10 03:00:00,85,6,1.1428571428571428,1.8577777777777778,0.0,2.0313,optimal
2021-02-10 03:30:00,85,6,1.1428571428571428,0.3096296296296296,0.0,0.2418333333333333,optimal
2021-02-10 04:00:00,85,6,1.1428571428571428,0.0,0.0,1.6725,optimal
2021-02-10 04:30:00,85,6,1.1428571428571428,0.6192592592592592,0.0,0.891,optimal
2021-02-10 05:00:00,85,6,1.1428571428571428,2.39962962962963,4.084427057590604,0.23,optimal
2021-02-10 05:30:00,85,6,1.1428571428571428,0.1548148148148148,5.0,0.11583333333333332,optimal
2021-02-10 06:00:00,85,6,1.1428571428571428,3.173703703703704,5.0,0.1378,optimal
2021-02-10 06:30:00,85,6,1.1428571428571428,2.8640740740740736,5.0,0.069,optimal
2021-02-10 07:00:00,85,6,1.1428571428571428,1.315925925925926,5.0,0.15813333333333332,optimal
2021-02-10 07:30:00,85,6,1.1428571428571428,0.387037037037037,0.0,0.069,optimal
2021-02-10 08:00:00,85,6,0.6129692005751476,0.6192592592592592,0.0,1.4752333333333332,optimal
2021-02-10 08:30:00,85,6,0.7479743215528346,0.0,0.0,0.6273666666666666,optimal
2021-02-10 09:00:00,85,6,0.7269797939392103,0.0,0.0,0.0891,optimal
2021-02-10 09:30:00,85,6,0.7238611053930829,0.0,0.0,0.07,optimal
2021-02-10 10:00:00,85,6,0.5332746776686018,0.0,0.0,0.07,optimal
2021-02-10 10:30:00,85,6,0.5104713755447186,0.0,0.0,0.1273,optimal
2021-02-10 11:00:00,85,6,0.3854573013952885,0.0,0.0,0.10183333333333332,optimal
2021-02-10 11:30:00,85,6,0.3902646237888913,0.0,0.0,0.07,optimal
2021-02-10 12:00:00,85,6,0.19786227449525162,0.0,0.0,0.15913333333333332,optimal
2021-02-10 12:30:00,85,6,0.2233289411619178,0.0,0.0,0.07,optimal
2021-02-10 13:00:00,85,6,1.1428571428571428,0.0,0.0,0.6079,optimal
2021-02-10 13:30:00,85,6,1.1428571428571428,0.0,0.0,0.11456666666666666,optimal
2021-02-10 14:00:00,85,6,1.1428571428571428,0.0,0.0,0.07,optimal
2021-02-10 14:30:00,85,6,1.1428571428571428,0.0,0.0,0.07,optimal
2021-02-10 15:00:00,85,6,1.1428571428571428,0.0,0.0,0.15913333333333332,optimal
2021-02-10 15:30:00,85,6,1.1428571428571428,0.0,0.0,0.07,optimal
2021-02-10 16:00:00,85,6,0.0,0.0,0.0,0.07,optimal
2021-02-10 16:30:00,85,6,0.0,1.6255555555555554,0.0,2.9661999999999997,optimal
2021-02-10 17:00:00,85,6,0.0,0.23222222222222222,0.0,0.3335666666666667,optimal
2021-02-10 17:30:00,85,6,0.0,0.0,0.0,0.12333333333333331,optimal
2021-02-10 18:00:00,85,6,0.0,0.0,0.0,0.13916666666666666,optimal
2021-02-10 18:30:00,85,6,0.0,0.23222222222222222,0.0,0.5522,optimal
2021-02-10 19:00:00,85,6,0.0,0.1548148148148148,0.0,1.5004000000000002,optimal
2021-02-10 19:30:00,85,6,0.0,0.0,0.0,1.15,optimal
2021-02-10 20:00:00,85,6,0.5104132226423288,0.3096296296296296,0.0,0.38146666666666657,optimal
2021-02-10 20:30:00,85,6,0.0,0.0,0.0,0.21956666666666663,optimal
2021-02-10 21:00:00,85,6,0.0,0.0,0.0,0.07,optimal
2021-02-10 21:30:00,85,6,0.0,0.0,0.0,0.10183333333333332,optimal
2021-02-10 22:00:00,85,6,0.0,0.0,0.0,0.1273,optimal
2021-02-10 22:30:00,85,6,0.0,0.0,0.0,0.07,optimal
2021-02-10 23:00:00,85,6,0.0,0.0,0.0,0.07,optimal
2021-02-10 23:30:00,85,6,0.0,0.0,0.0,0.11456666666666666,optimal
2021-02-11 00:00:00,85,6,1.1428571428571428,0.0,0.0,0.05433333333333334,optimal
2021-02-11 00:30:00,85,6,1.1428571428571428,0.0,0.0,0.061666666666666654,optimal
2021-02-11 01:00:00,85,6,1.1428571428571428,0.0,0.0,0.063,optimal
2021-02-11 01:30:00,85,6,1.1428571428571428,0.0,0.0,0.063,optimal
2021-02-11 02:00:00,85,6,1.1428571428571428,0.0,0.0,0.063,optimal
2021-02-11 02:30:00,85,6,1.1428571428571428,0.0,0.0,0.063,optimal
2021-02-11 03:00:00,85,6,1.1428571428571428,0.0,0.0,0.063,optimal
2021-02-11 03:30:00,85,6,1.1428571428571428,0.0,0.0,0.063,optimal
2021-02-11 04:00:00,85,6,1.1428571428571428,0.0,0.0,0.063,optimal
2021-02-11 04:30:00,85,6,1.1428571428571428,0.0,2.2149574321925733,0.063,optimal
2021-02-11 05:00:00,85,6,1.1428571428571428,0.0,5.0,0.063,optimal
2021-02-11 05:30:00,85,6,1.1428571428571428,0.0,5.0,0.063,optimal
2021-02-11 06:00:00,85,6,1.1428571428571428,0.0,5.0,0.063,optimal
2021-02-11 06:30:00,85,6,1.1428571428571428,0.23222222222222222,5.0,0.0632,optimal
2021-02-11 07:00:00,85,6,1.1428571428571428,2.7866666666666666,5.0,0.074,optimal
2021-02-11 07:30:00,85,6,1.1428571428571428,4.252645733825188,0.0,0.07313333333333334,optimal
2021-02-11 08:00:00,85,6,0.5856236126206504,0.46444444444444444,0.0,0.9387000000000001,optimal
2021-02-11 08:30:00,85,6,0.5340516766492968,0.1548148148148148,0.0,1.163,optimal
2021-02-11 09:00:00,85,6,0.5239906884874933,0.1548148148148148,0.0,0.3305,optimal
2021-02-11 09:30:00,85,6,0.40961150798193485,0.387037037037037,0.0,1.2037,optimal
2021-02-11 10:00:00,85,6,0.28937453745510633,0.0,0.0,0.074,optimal
2021-02-11 10:30:00,85,6,0.2725210792839717,0.0,0.0,0.23236666666666667,optimal
2021-02-11 11:00:00,85,6,0.11695386251159198,0.5418518518518518,0.0,0.3168,optimal
2021-02-11 11:30:00,85,6,0.0,0.0,0.0,1.8020999999999998,optimal
2021-02-11 12:00:00,85,6,0.0,0.0774074074074074,0.0,0.1045,optimal
2021-02-11 12:30:00,85,6,0.0,0.1548148148148148,0.0,0.072,optimal
2021-02-11 13:00:00,85,6,1.1428571428571428,0.3096296296296296,0.0,1.2116666666666667,optimal
2021-02-11 13:30:00,85,6,1.1428571428571428,0.0,0.0,0.3557333333333333,optimal
2021-02-11 14:00:00,85,6,1.1428571428571428,2.39962962962963,0.0,0.061,optimal
2021-02-11 14:30:00,85,6,1.1428571428571428,0.0,0.0,0.061666666666666654,optimal
2021-02-11 15:00:00,85,6,1.1428571428571428,0.0,0.0,0.063,optimal
2021-02-11 15:30:00,85,6,1.1428571428571428,0.0,0.0,1.0698333333333332,optimal
2021-02-11 16:00:00,85,6,0.0,0.0,0.0,0.587,optimal
2021-02-11 16:30:00,85,6,0.0,0.387037037037037,0.0,0.061,optimal
2021-02-11 17:00:00,85,6,0.0,0.1548148148148148,0.0,0.12446666666666668,optimal
2021-02-11 17:30:00,85,6,0.0,0.23222222222222222,0.0,0.1948,optimal
2021-02-11 18:00:00,85,6,0.0,0.23222222222222222,0.0,0.217,optimal
2021-02-11 18:30:00,85,6,0.0,0.0,0.0,1.6196666666666668,optimal
2021-02-11 19:00:00,85,6,0.0,0.1548148148148148,0.0,0.06913333333333334,optimal
2021-02-11 19:30:00,85,6,0.0,0.46444444444444444,0.0,0.07590000000000001,optimal
2021-02-11 20:00:00,85,6,0.08538559582224027,0.23222222222222222,0.0,0.085,optimal
2021-02-11 20:30:00,85,6,0.0,0.0,0.0,0.07590000000000001,optimal
2021-02-11 21:00:00,85,6,0.0,0.0774074074074074,0.0,0.32876666666666665,optimal
2021-02-11 21:30:00,85,6,0.0,0.0,0.0,0.11296666666666669,optimal
2021-02-11 22:00:00,85,6,0.0,0.23222222222222222,0.0,0.17996666666666666,optimal
2021-02-11 22:30:00,85,6,0.0,0.0774074074074074,0.0,0.1174,optimal
2021-02-11 23:00:00,85,6,0.0,0.0,0.0,0.063,optimal
2021-02-11 23:30:00,85,6,0.0,0.0,0.0,0.063,optimal
2021-02-12 00:00:00,85,6,1.1428571428571428,0.0,0.0,0.07323333333333333,optimal
2021-02-12 00:30:00,85,6,1.1428571428571428,0.0,0.0,0.21823333333333328,optimal
2021-02-12 01:00:00,85,6,1.1428571428571428,0.0,0.0,0.075,optimal
2021-02-12 01:30:00,85,6,1.1428571428571428,0.0,0.0,0.2268,optimal
2021-02-12 02:00:00,85,6,1.1428571428571428,0.0,0.0,0.07466666666666667,optimal
2021-02-12 02:30:00,85,6,1.1428571428571428,0.0,0.0,0.07466666666666667,optimal
2021-02-12 03:00:00,85,6,1.1428571428571428,0.0,0.0,0.2199,optimal
2021-02-12 03:30:00,85,6,1.1428571428571428,0.0,0.0,0.0819,optimal
2021-02-12 04:00:00,85,6,1.1428571428571428,0.0,0.0,0.075,optimal
2021-02-12 04:30:00,85,6,1.1428571428571428,0.0,0.0,0.15780000000000002,optimal
2021-02-12 05:00:00,85,6,1.1428571428571428,0.0,0.0,0.144,optimal
2021-02-12 05:30:00,85,6,1.1428571428571428,0.0,0.0,0.075,optimal
2021-02-12 06:00:00,85,6,1.1428571428571428,0.0,0.8369998275822049,0.0819,optimal
2021-02-12 06:30:00,85,6,1.1428571428571428,2.3222222222222215,5.0,0.21956666666666663,optimal
2021-02-12 07:00:00,85,6,1.1428571428571428,0.0,5.0,0.075,optimal
2021-02-12 07:30:00,85,6,1.1428571428571428,6.569909636040567,0.0,0.3977333333333333,optimal
2021-02-12 08:00:00,85,6,0.8264462200878994,0.3096296296296296,0.0,0.2459333333333333,optimal
2021-02-12 08:30:00,85,6,1.0045172895864058,0.0,0.0,0.075,optimal
2021-02-12 09:00:00,85,6,0.7615789370408893,0.0,0.0,0.22613333333333333,optimal
2021-02-12 09:30:00,85,6,0.7153781249382322,0.1548148148148148,0.0,0.07433333333333333,optimal
2021-02-12 10:00:00,85,6,0.4291716910929258,0.1548148148148148,0.0,0.12229999999999999,optimal
2021-02-12 10:30:00,85,6,0.44272479019113636,0.0,0.0,0.1785,optimal
2021-02-12 11:00:00,85,6,0.2886242231515177,0.0,0.0,0.075,optimal
2021-02-12 11:30:00,85,6,0.2864802653006977,0.0,0.0,0.075,optimal
2021-02-12 12:00:00,85,6,0.17900382481166327,0.0,0.0,0.2268,optimal
2021-02-12 12:30:00,85,6,0.22023129553227003,0.0,0.0,0.075,optimal
2021-02-12 13:00:00,85,6,0.9531394666426997,0.0,0.0,0.2268,optimal
2021-02-12 13:30:00,85,6,1.1428571428571428,0.0,0.0,0.075,optimal
2021-02-12 14:00:00,85,6,1.1428571428571428,0.0,0.0,0.075,optimal
2021-02-12 14:30:00,85,6,1.1428571428571428,0.0,0.0,0.16469999999999999,optimal
2021-02-12 15:00:00,85,6,1.1428571428571428,0.0,0.0,0.1371,optimal
2021-02-12 15:30:00,85,6,1.1428571428571428,0.0,0.0,0.1884,optimal
2021-02-12 16:00:00,85,6,0.0,0.387037037037037,0.0,0.4351333333333333,optimal
2021-02-12 16:30:00,85,6,0.0,0.0774074074074074,0.0,0.32306666666666667,optimal
2021-02-12 17:00:00,85,6,0.0,0.0,0.0,0.6583666666666667,optimal
2021-02-12 17:30:00,85,6,0.0,0.0,0.0,0.5516,optimal
2021-02-12 18:00:00,85,6,0.0,0.0774074074074074,0.0,0.306,optimal
2021-02-12 18:30:00,85,6,0.0,0.1548148148148148,0.0,0.34703333333333336,optimal
2021-02-12 19:00:00,85,6,0.0,0.3096296296296296,0.0,0.4864666666666666,optimal
2021-02-12 19:30:00,85,6,0.0,0.23222222222222222,0.0,0.3695,optimal
2021-02-12 20:00:00,85,6,0.0,0.0,0.0,2.152366666666667,optimal
2021-02-12 20:30:00,85,6,0.0,0.0,0.0,3.1578000000000004,optimal
2021-02-12 21:00:00,85,6,0.0,0.0,0.0,1.7046,optimal
2021-02-12 21:30:00,85,6,0.0,0.1548148148148148,0.0,0.38273333333333337,optimal
2021-02-12 22:00:00,85,6,0.0,0.23222222222222222,0.0,0.6168666666666667,optimal
2021-02-12 22:30:00,85,6,0.0,0.387037037037037,0.0,0.3318666666666667,optimal
2021-02-12 23:00:00,85,6,0.0,0.46444444444444444,0.0,0.33553333333333335,optimal
2021-02-12 23:30:00,85,6,0.0,0.0,0.0,0.37626666666666664,optimal
2021-02-13 00:00:00,85,6,0.0,0.1548148148148148,0.0,0.0867,optimal
2021-02-13 00:30:00,85,6,0.0,0.0774074074074074,0.0,0.103,optimal
2021-02-13 01:00:00,85,6,0.35604094900336175,0.0,0.0,0.06433333333333333,optimal
2021-02-13 01:30:00,85,6,1.1428571428571428,0.0,0.0,0.062,optimal
2021-02-13 02:00:00,85,6,1.1428571428571428,0.0,0.0,0.062,optimal
2021-02-13 02:30:00,85,6,1.1428571428571428,0.0,0.0,0.07,optimal
2021-02-13 03:00:00,85,6,1.1428571428571428,0.0,0.0,0.072,optimal
2021-02-13 03:30:00,85,6,1.1428571428571428,0.0,0.0,0.06966666666666667,optimal
2021-02-13 04:00:00,85,6,1.1428571428571428,0.0,3.688325437513467,0.062,optimal
2021-02-13 04:30:00,85,6,1.1428571428571428,0.0,5.0,0.062,optimal
2021-02-13 05:00:00,85,6,1.1428571428571428,0.0,5.0,0.062,optimal
2021-02-13 05:30:00,85,6,1.1428571428571428,0.0,5.0,0.062,optimal
2021-02-13 06:00:00,85,6,1.1428571428571428,0.0,5.0,0.062,optimal
2021-02-13 06:30:00,85,6,1.1428571428571428,0.0,5.0,0.062,optimal
2021-02-13 07:00:00,85,6,1.1428571428571428,0.0,5.0,0.0886,optimal
2021-02-13 07:30:00,85,6,1.1428571428571428,2.39962962962963,0.0,0.2673333333333333,optimal
2021-02-13 08:00:00,85,6,0.7387911846898713,2.8284666666666656,0.0,0.0854,optimal
2021-02-13 08:30:00,85,6,0.7616567506485687,0.11301481481481482,0.0,0.103,optimal
2021-02-13 09:00:00,85,6,0.7021630378695655,0.5418518518518518,0.0,0.1019,optimal
2021-02-13 09:30:00,85,6,0.6815099152821458,0.5418518518518518,0.0,0.22466666666666663,optimal
2021-02-13 10:00:00,85,6,0.23495685749078635,0.0,0.0,1.5386666666666668,optimal
2021-02-13 10:30:00,85,6,0.23281289963996632,0.0,0.0,1.5386666666666668,optimal
2021-02-13 11:00:00,85,6,0.29048371764705117,0.0,0.0,0.194,optimal
2021-02-13 11:30:00,85,6,0.27577214074861867,0.23222222222222222,0.0,0.2796666666666667,optimal
2021-02-13 12:00:00,85,6,0.2230564954607153,0.1548148148148148,0.0,0.1168,optimal
2021-02-13 12:30:00,85,6,0.1716257226162277,0.0,0.0,0.2818,optimal
2021-02-13 13:00:00,85,6,1.1428571428571428,0.0,0.0,0.07,optimal
2021-02-13 13:30:00,85,6,1.1428571428571428,0.0,0.0,0.07,optimal
2021-02-13 14:00:00,85,6,1.1428571428571428,0.0,0.0,0.0788,optimal
2021-02-13 14:30:00,85,6,1.1428571428571428,0.0,0.0,0.24180000000000001,optimal
2021-02-13 15:00:00,85,6,1.1428571428571428,0.23222222222222222,0.0,0.3462,optimal
2021-02-13 15:30:00,85,6,1.1428571428571428,0.3096296296296296,0.0,0.5609,optimal
2021-02-13 16:00:00,85,6,0.0,0.23222222222222222,0.0,0.341,optimal
2021-02-13 16:30:00,85,6,0.0,0.387037037037037,0.0,0.30260000000000004,optimal
2021-02-13 17:00:00,85,6,0.0,0.0,0.0,1.1362999999999999,optimal
2021-02-13 17:30:00,85,6,0.0,0.23222222222222222,0.0,0.4098,optimal
2021-02-13 18:00:00,85,6,0.0,2.1674074074074072,0.0,0.282,optimal
2021-02-13 18:30:00,85,6,0.0,0.0,0.0,0.2919,optimal
2021-02-13 19:00:00,85,6,0.0,0.23222222222222222,0.0,0.5792,optimal
2021-02-13 19:30:00,85,6,0.0,0.46444444444444444,0.0,0.36819999999999997,optimal
2021-02-13 20:00:00,85,6,0.3610585448506221,0.1548148148148148,0.0,0.374,optimal
2021-02-13 20:30:00,85,6,0.0,0.0,0.0,0.5492999999999999,optimal
2021-02-13 21:00:00,85,6,0.0,0.0,0.0,0.3337,optimal
2021-02-13 21:30:00,85,6,0.0,0.1548148148148148,0.0,0.6686,optimal
2021-02-13 22:00:00,85,6,0.0,4.378162962962963,0.0,0.37039999999999995,optimal
2021-02-13 22:30:00,85,6,0.0,1.7370222222222222,0.0,0.5837,optimal
2021-02-13 23:00:00,85,6,0.0,0.23222222222222222,0.0,0.37246666666666656,optimal
2021-02-13 23:30:00,85,6,0.0,0.1548148148148148,0.0,0.23196666666666668,optimal
2021-02-07 00:00:00,86,6,0.0,0.0,0.0,0.035666666666666666,optimal
2021-02-07 00:30:00,86,6,0.0,0.0,0.0,0.036,optimal
2021-02-07 01:00:00,86,6,0.0,0.0,0.0,0.036,optimal
2021-02-07 01:30:00,86,6,0.0,0.0,0.0,0.17226666666666668,optimal
2021-02-07 02:00:00,86,6,0.0,0.0,0.0,0.13626666666666667,optimal
2021-02-07 02:30:00,86,6,0.0,0.0,0.0,0.0804,optimal
2021-02-07 03:00:00,86,6,0.0,0.0,0.0,0.178,optimal
2021-02-07 03:30:00,86,6,0.0,0.0,0.0,0.08613333333333334,optimal
2021-02-07 04:00:00,86,6,1.1428571428571428,0.0,0.0,0.0952,optimal
2021-02-07 04:30:00,86,6,1.1428571428571428,0.0,0.0,0.2133333333333333,optimal
2021-02-07 05:00:00,86,6,1.1428571428571428,0.0,0.0,0.036,optimal
2021-02-07 05:30:00,86,6,1.1428571428571428,0.0,0.0,0.21613333333333332,optimal
2021-02-07 06:00:00,86,6,1.1428571428571428,0.0,0.0,0.09240000000000001,optimal
2021-02-07 06:30:00,86,6,1.1428571428571428,0.0,0.0,0.13866666666666666,optimal
2021-02-07 07:00:00,86,6,1.1428571428571428,0.0,1.8089900112525021,0.17853333333333332,optimal
2021-02-07 07:30:00,86,6,0.0,0.0774074074074074,0.0,0.045666666666666654,optimal
2021-02-07 08:00:00,86,6,0.010886468875711965,0.0,0.0,0.2577333333333333,optimal
2021-02-07 08:30:00,86,6,0.6176823517136536,0.1548148148148148,0.0,0.0538,optimal
2021-02-07 09:00:00,86,6,0.511592014627745,1.0837037037037036,0.0,0.3010333333333334,optimal
2021-02-07 09:30:00,86,6,0.5756404377293077,0.0774074074074074,0.0,0.26823333333333327,optimal
2021-02-07 10:00:00,86,6,0.6203158234122682,0.0,0.0,0.0838,optimal
2021-02-07 10:30:00,86,6,0.6262608819710442,0.0,0.0,0.14,optimal
2021-02-07 11:00:00,86,6,0.5306174153727665,0.0,0.0,0.13446666666666668,optimal
2021-02-07 11:30:00,86,6,0.5459697963251577,0.0,0.0,0.0804,optimal
2021-02-07 12:00:00,86,6,0.6299079289473621,0.0,0.0,0.09033333333333332,optimal
2021-02-07 12:30:00,86,6,1.1428571428571428,0.0,0.0,0.158,optimal
2021-02-07 13:00:00,86,6,1.1428571428571428,0.0,0.0,0.11320000000000001,optimal
2021-02-07 13:30:00,86,6,1.1428571428571428,0.0,0.0,0.10506666666666667,optimal
2021-02-07 14:00:00,86,6,1.1428571428571428,0.0,0.0,0.1752,optimal
2021-02-07 14:30:00,86,6,1.1428571428571428,0.0,0.0,0.0836,optimal
2021-02-07 15:00:00,86,6,1.1428571428571428,0.0,0.0,0.15093333333333334,optimal
2021-02-07 15:30:00,86,6,1.1428571428571428,0.23222222222222222,0.0,0.1766,optimal
2021-02-07 16:00:00,86,6,0.0,0.0,0.0,0.11263333333333334,optimal
2021-02-07 16:30:00,86,6,0.0,0.5418518518518518,0.0,0.1948,optimal
2021-02-07 17:00:00,86,6,0.0,0.1548148148148148,0.0,0.13356666666666667,optimal
2021-02-07 17:30:00,86,6,0.0,0.0,0.0,0.14213333333333333,optimal
2021-02-07 18:00:00,86,6,0.0,0.0,0.0,0.14626666666666668,optimal
2021-02-07 18:30:00,86,6,0.0,0.0,0.0,0.046,optimal
2021-02-07 19:00:00,86,6,0.0,0.0,0.0,0.17693333333333333,optimal
2021-02-07 19:30:00,86,6,0.667240954351675,0.1548148148148148,0.0,0.21563333333333332,optimal
2021-02-07 20:00:00,86,6,0.6147742876850052,0.0,0.0,0.1764,optimal
2021-02-07 20:30:00,86,6,0.0,0.6192592592592592,0.0,0.39076666666666665,optimal
2021-02-07 21:00:00,86,6,0.0,0.0,0.0,2.444266666666667,optimal
2021-02-07 21:30:00,86,6,0.0,0.0,0.0,2.7872,optimal
2021-02-07 22:00:00,86,6,0.0,0.23222222222222222,0.0,0.5594666666666667,optimal
2021-02-07 22:30:00,86,6,0.0,0.0,0.0,0.4643,optimal
2021-02-07 23:00:00,86,6,0.0,0.0,0.0,0.17133333333333334,optimal
2021-02-07 23:30:00,86,6,0.0,0.0,0.0,0.12493333333333334,optimal
2021-02-08 00:00:00,86,6,0.0,0.0,0.0,0.056799999999999996,optimal
2021-02-08 00:30:00,86,6,0.0,0.0,0.0,0.1432,optimal
2021-02-08 01:00:00,86,6,0.0,0.0,0.0,0.19646666666666668,optimal
2021-02-08 01:30:00,86,6,0.0,0.0,0.0,0.124,optimal
2021-02-08 02:00:00,86,6,0.8662469687565091,0.0,0.0,0.16793333333333332,optimal
2021-02-08 02:30:00,86,6,1.1428571428571428,0.0,0.0,0.10453333333333331,optimal
2021-02-08 03:00:00,86,6,1.1428571428571428,0.0,0.6593930353264604,0.15986666666666668,optimal
2021-02-08 03:30:00,86,6,1.1428571428571428,0.0,5.0,0.1846,optimal
2021-02-08 04:00:00,86,6,1.1428571428571428,0.0,5.0,0.052,optimal
2021-02-08 04:30:00,86,6,1.1428571428571428,0.0,5.0,0.1789,optimal
2021-02-08 05:00:00,86,6,1.1428571428571428,0.774074074074074,5.0,0.1789,optimal
2021-02-08 05:30:00,86,6,1.1428571428571428,0.0774074074074074,0.0,0.08656666666666667,optimal
2021-02-08 06:00:00,86,6,1.1428571428571428,0.6966666666666667,0.0,0.3664,optimal
2021-02-08 06:30:00,86,6,1.1428571428571428,7.585925925925924,0.0,0.16666666666666666,optimal
2021-02-08 07:00:00,86,6,1.1428571428571428,1.006296296296296,0.0,0.20446666666666666,optimal
2021-02-08 07:30:00,86,6,1.1428571428571428,0.0,0.0,0.15733333333333335,optimal
2021-02-08 08:00:00,86,6,0.7797816270125184,0.0,0.0,0.16706666666666667,optimal
2021-02-08 08:30:00,86,6,0.7822600189046395,0.0,0.0,0.1734,optimal
2021-02-08 09:00:00,86,6,0.7147052161983317,0.0,0.0,0.086,optimal
2021-02-08 09:30:00,86,6,0.64221619978874,0.0,0.0,0.2682,optimal
2021-02-08 10:00:00,86,6,0.4287894025803122,0.0774074074074074,0.0,0.3468,optimal
2021-02-08 10:30:00,86,6,0.46425937137086326,0.0774074074074074,0.0,0.25466666666666665,optimal
2021-02-08 11:00:00,86,6,0.24178836011312954,0.23222222222222222,0.0,0.36989999999999995,optimal
2021-02-08 11:30:00,86,6,0.20794806345910485,0.0774074074074074,0.0,0.385,optimal
2021-02-08 12:00:00,86,6,0.15368889489040005,0.1548148148148148,0.0,0.3257,optimal
2021-02-08 12:30:00,86,6,0.2786273492014134,0.0,0.0,0.19006666666666663,optimal
2021-02-08 13:00:00,86,6,1.0598449354719586,0.0,0.0,0.09559999999999999,optimal
2021-02-08 13:30:00,86,6,1.1428571428571428,0.0,0.0,0.15343333333333334,optimal
2021-02-08 14:00:00,86,6,1.1428571428571428,0.0,0.0,0.21103333333333332,optimal
2021-02-08 14:30:00,86,6,1.1428571428571428,0.0,0.0,0.062,optimal
2021-02-08 15:00:00,86,6,1.1428571428571428,0.0,0.0,0.28326666666666667,optimal
2021-02-08 15:30:00,86,6,1.1428571428571428,0.0,0.0,0.2892,optimal
2021-02-08 16:00:00,86,6,0.0,0.0774074074074074,0.0,0.43539999999999995,optimal
2021-02-08 16:30:00,86,6,0.0,0.0,0.0,0.31376666666666664,optimal
2021-02-08 17:00:00,86,6,0.0,1.006296296296296,0.0,0.23036666666666666,optimal
2021-02-08 17:30:00,86,6,0.0,0.6966666666666667,0.0,0.33030000000000004,optimal
2021-02-08 18:00:00,86,6,0.0,0.0,0.0,0.31653333333333333,optimal
2021-02-08 18:30:00,86,6,0.0,0.0,0.0,0.3844333333333333,optimal
2021-02-08 19:00:00,86,6,0.0,0.3096296296296296,0.0,0.1268,optimal
2021-02-08 19:30:00,86,6,0.0,0.1548148148148148,0.0,0.32313333333333333,optimal
2021-02-08 20:00:00,86,6,0.0,5.65074074074074,0.0,0.23006666666666664,optimal
2021-02-08 20:30:00,86,6,0.0,7.121481481481481,0.0,0.2866,optimal
2021-02-08 21:00:00,86,6,0.0,0.774074074074074,0.0,0.4686666666666667,optimal
2021-02-08 21:30:00,86,6,0.0,5.341111111111111,0.0,0.6962999999999999,optimal
2021-02-08 22:00:00,86,6,0.0,0.0774074074074074,0.0,1.1850333333333334,optimal
2021-02-08 22:30:00,86,6,0.0,0.387037037037037,0.0,0.6754,optimal
2021-02-08 23:00:00,86,6,0.0,2.1674074074074072,0.0,0.4675,optimal
2021-02-08 23:30:00,86,6,0.0,0.387037037037037,0.0,0.2791,optimal
2021-02-09 00:00:00,86,6,0.0,0.0,0.0,0.045,optimal
2021-02-09 00:30:00,86,6,0.0,0.0,0.0,0.045,optimal
2021-02-09 01:00:00,86,6,0.0,0.0,0.0,0.13140000000000002,optimal
2021-02-09 01:30:00,86,6,0.0,0.0,0.0,0.117,optimal
2021-02-09 02:00:00,86,6,1.1307267929200264,0.0,0.0,0.045,optimal
2021-02-09 02:30:00,86,6,1.1428571428571428,0.0,0.0,0.2034,optimal
2021-02-09 03:00:00,86,6,1.1428571428571428,0.0,0.0,0.045,optimal
2021-02-09 03:30:00,86,6,1.1428571428571428,0.0,0.0,0.2034,optimal
2021-02-09 04:00:00,86,6,1.1428571428571428,0.0,0.0,0.045,optimal
2021-02-09 04:30:00,86,6,1.1428571428571428,0.0,0.0,0.045,optimal
2021-02-09 05:00:00,86,6,1.1428571428571428,0.0,0.0,0.2034,optimal
2021-02-09 05:30:00,86,6,1.1428571428571428,0.0,0.0,0.045,optimal
2021-02-09 06:00:00,86,6,1.1428571428571428,0.0,2.280461963691344,0.046666666666666655,optimal
2021-02-09 06:30:00,86,6,1.1428571428571428,0.0,5.0,0.11259999999999999,optimal
2021-02-09 07:00:00,86,6,1.1428571428571428,0.0,5.0,0.14880000000000002,optimal
2021-02-09 07:30:00,86,6,1.1428571428571428,0.0,0.0,0.045,optimal
2021-02-09 08:00:00,86,6,0.7788204873748625,0.0,0.0,0.045,optimal
2021-02-09 08:30:00,86,6,0.7271314709652595,0.0,0.0,0.21206666666666663,optimal
2021-02-09 09:00:00,86,6,0.5898643131256983,0.774074074074074,0.0,0.1842666666666667,optimal
2021-02-09 09:30:00,86,6,0.24636437554460305,0.0774074074074074,0.0,1.5113333333333332,optimal
2021-02-09 10:00:00,86,6,0.3719752563402386,0.5418518518518518,0.0,0.28833333333333333,optimal
2021-02-09 10:30:00,86,6,0.42245546708615206,0.0,0.0,0.26913333333333334,optimal
2021-02-09 11:00:00,86,6,0.31591943194155386,0.0,0.0,0.189,optimal
2021-02-09 11:30:00,86,6,0.35080404551930644,0.0,0.0,0.06473333333333334,optimal
2021-02-09 12:00:00,86,6,0.18387948669623005,0.0,0.0,0.17273333333333332,optimal
2021-02-09 12:30:00,86,6,0.09497582549942978,0.0,0.0,0.24186666666666667,optimal
2021-02-09 13:00:00,86,6,0.0,0.0,0.0,0.3772,optimal
2021-02-09 13:30:00,86,6,0.04416634054460484,0.3096296296296296,0.0,0.271,optimal
2021-02-09 14:00:00,86,6,1.1318964972465193,0.0774074074074074,0.0,0.32680000000000003,optimal
2021-02-09 14:30:00,86,6,1.1428571428571428,0.0,0.0,1.0768666666666666,optimal
2021-02-09 15:00:00,86,6,1.1428571428571428,0.3096296296296296,0.0,0.42860000000000004,optimal
2021-02-09 15:30:00,86,6,1.1428571428571428,0.0,0.0,0.281,optimal
2021-02-09 16:00:00,86,6,0.0,0.6966666666666667,0.0,0.081,optimal
2021-02-09 16:30:00,86,6,0.0,0.1548148148148148,0.0,0.2114,optimal
2021-02-09 17:00:00,86,6,0.0,0.0,0.0,0.08193333333333333,optimal
2021-02-09 17:30:00,86,6,0.0,0.0,0.0,0.3078,optimal
2021-02-09 18:00:00,86,6,0.0,0.1548148148148148,0.0,0.5764,optimal
2021-02-09 18:30:00,86,6,0.0,0.0,0.0,0.5367999999999999,optimal
2021-02-09 19:00:00,86,6,0.0,0.0774074074074074,0.0,0.4914,optimal
2021-02-09 19:30:00,86,6,0.0,0.0,0.0,0.9691000000000001,optimal
2021-02-09 20:00:00,86,6,0.0,0.387037037037037,0.0,0.9747333333333332,optimal
2021-02-09 20:30:00,86,6,0.0,0.0,0.0,0.3342,optimal
2021-02-09 21:00:00,86,6,0.0,0.0,0.0,0.3614666666666666,optimal
2021-02-09 21:30:00,86,6,0.0,6.6570370370370355,0.0,0.4624,optimal
2021-02-09 22:00:00,86,6,0.0,0.46444444444444444,0.0,0.3738333333333333,optimal
2021-02-09 22:30:00,86,6,0.0,0.0,0.0,0.15766666666666665,optimal
2021-02-09 23:00:00,86,6,0.0,0.0,0.0,0.055,optimal
2021-02-09 23:30:00,86,6,0.0,0.0,0.0,0.10206666666666667,optimal
2021-02-10 00:00:00,86,6,0.0,0.23222222222222222,0.0,2.3887666666666667,optimal
2021-02-10 00:30:00,86,6,0.0,0.1548148148148148,0.0,1.3391333333333335,optimal
2021-02-10 01:00:00,86,6,0.0,0.0,0.0,0.5291333333333333,optimal
2021-02-10 01:30:00,86,6,0.0,0.387037037037037,0.0,0.6654333333333333,optimal
2021-02-10 02:00:00,86,6,0.4088184426640418,0.0,0.0,0.48806666666666665,optimal
2021-02-10 02:30:00,86,6,1.1428571428571428,0.0,0.0,0.5512,optimal
2021-02-10 03:00:00,86,6,1.1428571428571428,6.115185185185184,0.0,0.5404666666666667,optimal
2021-02-10 03:30:00,86,6,1.1428571428571428,0.0,0.0,2.106733333333333,optimal
2021-02-10 04:00:00,86,6,1.1428571428571428,0.0,0.0,0.1198,optimal
2021-02-10 04:30:00,86,6,1.1428571428571428,0.0,0.0,0.28053333333333336,optimal
2021-02-10 05:00:00,86,6,1.1428571428571428,0.0,0.0,0.11166666666666669,optimal
2021-02-10 05:30:00,86,6,1.1428571428571428,0.0,0.0,0.19019999999999998,optimal
2021-02-10 06:00:00,86,6,1.1428571428571428,0.0,0.5832700393152005,0.08726666666666666,optimal
2021-02-10 06:30:00,86,6,1.1428571428571428,0.0,5.0,0.2059333333333333,optimal
2021-02-10 07:00:00,86,6,1.1428571428571428,0.774074074074074,5.0,1.043,optimal
2021-02-10 07:30:00,86,6,1.1428571428571428,5.728148148148147,0.0,0.5934666666666667,optimal
2021-02-10 08:00:00,86,6,0.7675977720037157,0.3096296296296296,0.0,0.2776,optimal
2021-02-10 08:30:00,86,6,0.8226981310766447,0.0,0.0,0.17706666666666665,optimal
2021-02-10 09:00:00,86,6,0.6951131272725449,0.0,0.0,0.20053333333333334,optimal
2021-02-10 09:30:00,86,6,0.6867468196787928,0.0,0.0,0.1998,optimal
2021-02-10 10:00:00,86,6,0.4070042014781221,0.0,0.0,0.6783666666666667,optimal
2021-02-10 10:30:00,86,6,0.4555761374494897,0.0,0.0,1.1541333333333335,optimal
2021-02-10 11:00:00,86,6,0.37042872996671533,0.0,0.0,0.15433333333333335,optimal
2021-02-10 11:30:00,86,6,0.3689027190269843,0.0,0.0,0.14466666666666667,optimal
2021-02-10 12:00:00,86,6,0.1863289411619177,0.0,0.0,0.1994,optimal
2021-02-10 12:30:00,86,6,0.18589084592382127,0.0,0.0,0.2009333333333333,optimal
2021-02-10 13:00:00,86,6,0.22549404517328006,0.0,0.0,0.15719999999999998,optimal
2021-02-10 13:30:00,86,6,0.2917764888550634,0.0,0.0,0.16946666666666668,optimal
2021-02-10 14:00:00,86,6,1.1428571428571428,0.0,0.0,0.071,optimal
2021-02-10 14:30:00,86,6,1.1428571428571428,0.0,0.0,0.17196666666666666,optimal
2021-02-10 15:00:00,86,6,1.1428571428571428,0.0,0.0,0.22836666666666666,optimal
2021-02-10 15:30:00,86,6,1.1428571428571428,0.0,0.0,0.07506666666666666,optimal
2021-02-10 16:00:00,86,6,0.0,0.0,0.0,1.083766666666667,optimal
2021-02-10 16:30:00,86,6,0.0,0.3096296296296296,0.0,2.314033333333333,optimal
2021-02-10 17:00:00,86,6,0.0,0.0,0.0,2.0938000000000003,optimal
2021-02-10 17:30:00,86,6,0.0,0.1548148148148148,0.0,3.2204333333333333,optimal
2021-02-10 18:00:00,86,6,0.0,0.6192592592592592,0.0,2.6589666666666667,optimal
2021-02-10 18:30:00,86,6,0.0,0.0,0.0,0.4221666666666667,optimal
2021-02-10 19:00:00,86,6,0.0,0.1548148148148148,0.0,3.571133333333333,optimal
2021-02-10 19:30:00,86,6,0.0,0.23222222222222222,0.0,1.6754,optimal
2021-02-10 20:00:00,86,6,0.0,0.23222222222222222,0.0,3.6075999999999997,optimal
2021-02-10 20:30:00,86,6,0.0,0.3096296296296296,0.0,3.5665,optimal
2021-02-10 21:00:00,86,6,0.0,0.0,0.0,2.5329,optimal
2021-02-10 21:30:00,86,6,0.0,0.0,0.0,0.8223333333333334,optimal
2021-02-10 22:00:00,86,6,0.0,0.1548148148148148,0.0,0.5729,optimal
2021-02-10 22:30:00,86,6,0.0,2.39962962962963,0.0,2.429833333333333,optimal
2021-02-10 23:00:00,86,6,0.0,0.23222222222222222,0.0,1.2027999999999999,optimal
2021-02-10 23:30:00,86,6,0.0,0.3096296296296296,0.0,2.2839666666666667,optimal
2021-02-11 00:00:00,86,6,0.6852793183287392,0.0,0.0,0.059,optimal
2021-02-11 00:30:00,86,6,1.1428571428571428,0.0,0.0,0.0734,optimal
2021-02-11 01:00:00,86,6,1.1428571428571428,0.0,0.0,0.21166666666666664,optimal
2021-02-11 01:30:00,86,6,1.1428571428571428,0.0,0.0,0.069,optimal
2021-02-11 02:00:00,86,6,1.1428571428571428,0.0,0.0,0.0834,optimal
2021-02-11 02:30:00,86,6,1.1428571428571428,0.0,0.0,0.213,optimal
2021-02-11 03:00:00,86,6,1.1428571428571428,0.0,0.0,0.069,optimal
2021-02-11 03:30:00,86,6,1.1428571428571428,0.0,0.0,0.165,optimal
2021-02-11 04:00:00,86,6,1.1428571428571428,0.0,0.0,0.13140000000000002,optimal
2021-02-11 04:30:00,86,6,1.1428571428571428,0.0,0.0,0.069,optimal
2021-02-11 05:00:00,86,6,1.1428571428571428,0.0,0.2465542229401613,0.15793333333333334,optimal
2021-02-11 05:30:00,86,6,1.1428571428571428,0.0,5.0,0.11946666666666668,optimal
2021-02-11 06:00:00,86,6,1.1428571428571428,0.774074074074074,5.0,1.5301,optimal
2021-02-11 06:30:00,86,6,1.1428571428571428,0.0774074074074074,5.0,0.5246666666666666,optimal
2021-02-11 07:00:00,86,6,1.1428571428571428,0.0774074074074074,5.0,0.2,optimal
2021-02-11 07:30:00,86,6,1.1428571428571428,0.23222222222222222,0.0,0.2957333333333333,optimal
2021-02-11 08:00:00,86,6,0.9239150411920836,0.0,0.0,0.14446666666666666,optimal
2021-02-11 08:30:00,86,6,0.9522897718873863,0.0,0.0,0.069,optimal
2021-02-11 09:00:00,86,6,0.8220573551541658,0.0,0.0,0.09326666666666668,optimal
2021-02-11 09:30:00,86,6,0.7281448413152694,0.0,0.0,0.17433333333333334,optimal
2021-02-11 10:00:00,86,6,0.4662697755503468,0.0,0.0,0.08913333333333334,optimal
2021-02-11 10:30:00,86,6,0.5002258411887341,0.0,0.0,0.059,optimal
2021-02-11 11:00:00,86,6,0.3163538625115936,0.0,0.0,0.21166666666666664,optimal
2021-02-11 11:30:00,86,6,0.3212230661779009,0.0,0.0,0.0834,optimal
2021-02-11 12:00:00,86,6,0.16344702717756784,0.0,0.0,0.060333333333333336,optimal
2021-02-11 12:30:00,86,6,0.09031843225979955,0.0,0.0,0.2174,optimal
2021-02-11 13:00:00,86,6,1.1428571428571428,0.0,0.0,0.059,optimal
2021-02-11 13:30:00,86,6,1.1428571428571428,0.0,0.0,0.19340000000000002,optimal
2021-02-11 14:00:00,86,6,1.1428571428571428,0.0,0.0,0.083,optimal
2021-02-11 14:30:00,86,6,1.1428571428571428,0.0,0.0,0.059,optimal
2021-02-11 15:00:00,86,6,1.1428571428571428,0.0,0.0,0.059,optimal
2021-02-11 15:30:00,86,6,1.1428571428571428,0.0,0.0,0.21259999999999998,optimal
2021-02-11 16:00:00,86,6,0.0,0.0,0.0,0.0638,optimal
2021-02-11 16:30:00,86,6,0.0,0.7028592592592591,0.0,0.2802,optimal
2021-02-11 17:00:00,86,6,0.0,0.4582518518518518,0.0,1.1604333333333334,optimal
2021-02-11 17:30:00,86,6,0.0,0.3096296296296296,0.0,1.606,optimal
2021-02-11 18:00:00,86,6,0.0,0.1548148148148148,0.0,1.0274,optimal
2021-02-11 18:30:00,86,6,0.0,0.387037037037037,0.0,0.4326666666666667,optimal
2021-02-11 19:00:00,86,6,0.0,0.0,0.0,0.3903333333333333,optimal
2021-02-11 19:30:00,86,6,0.3721692549699238,0.0,0.0,0.1458,optimal
2021-02-11 20:00:00,86,6,1.1084449209081046,0.0,0.0,0.15059999999999998,optimal
2021-02-11 20:30:00,86,6,0.0,0.0,0.0,0.27726666666666666,optimal
2021-02-11 21:00:00,86,6,0.0,0.0,0.0,0.4056,optimal
2021-02-11 21:30:00,86,6,0.0,0.0,0.0,0.2598666666666667,optimal
2021-02-11 22:00:00,86,6,0.0,0.0,0.0,0.241,optimal
2021-02-11 22:30:00,86,6,0.0,0.5418518518518518,0.0,0.6028333333333333,optimal
2021-02-11 23:00:00,86,6,0.0,0.0,0.0,0.1275333333333333,optimal
2021-02-11 23:30:00,86,6,0.0,0.0,0.0,0.1554,optimal
2021-02-12 00:00:00,86,6,1.1428571428571428,0.0,0.0,0.061,optimal
2021-02-12 00:30:00,86,6,1.1428571428571428,0.0,0.0,0.061,optimal
2021-02-12 01:00:00,86,6,1.1428571428571428,0.0,0.0,0.061,optimal
2021-02-12 01:30:00,86,6,1.1428571428571428,0.0,0.0,0.146,optimal
2021-02-12 02:00:00,86,6,1.1428571428571428,0.0,0.0,0.11993333333333334,optimal
2021-02-12 02:30:00,86,6,1.1428571428571428,0.0,0.0,0.061,optimal
2021-02-12 03:00:00,86,6,1.1428571428571428,0.0,0.0,0.11423333333333333,optimal
2021-02-12 03:30:00,86,6,1.1428571428571428,0.0,0.0,0.1517,optimal
2021-02-12 04:00:00,86,6,1.1428571428571428,0.0,2.7733148076479393,0.072,optimal
2021-02-12 04:30:00,86,6,1.1428571428571428,0.0,5.0,0.116,optimal
2021-02-12 05:00:00,86,6,1.1428571428571428,0.0,5.0,0.13893333333333333,optimal
2021-02-12 05:30:00,86,6,1.1428571428571428,0.0,5.0,0.11966666666666669,optimal
2021-02-12 06:00:00,86,6,1.1428571428571428,0.0,5.0,0.06833333333333333,optimal
2021-02-12 06:30:00,86,6,1.1428571428571428,0.23222222222222222,5.0,0.4166,optimal
2021-02-12 07:00:00,86,6,1.1428571428571428,0.46444444444444444,5.0,0.2565,optimal
2021-02-12 07:30:00,86,6,1.1428571428571428,7.166322178628833,0.0,0.24046666666666666,optimal
2021-02-12 08:00:00,86,6,0.678863362945046,0.1548148148148148,0.0,1.6236,optimal
2021-02-12 08:30:00,86,6,1.0048601467292646,0.0,0.0,0.061,optimal
2021-02-12 09:00:00,86,6,0.8369313179932598,0.0,0.0,0.1976,optimal
2021-02-12 09:30:00,86,6,0.7795305058906187,0.0,0.0,0.06833333333333333,optimal
2021-02-12 10:00:00,86,6,0.4709335958548295,0.0,0.0,0.127,optimal
2021-02-12 10:30:00,86,6,0.46309621876257223,0.0,0.0,0.09440000000000001,optimal
2021-02-12 11:00:00,86,6,0.25738612791342447,0.0,0.0,0.17153333333333334,optimal
2021-02-12 11:30:00,86,6,0.28682312244355623,0.0,0.0,0.061,optimal
2021-02-12 12:00:00,86,6,0.2099943010021358,0.0,0.0,0.10553333333333331,optimal
2021-02-12 12:30:00,86,6,0.19217415267512997,0.0,0.0,0.16040000000000001,optimal
2021-02-12 13:00:00,86,6,0.22230276070348207,0.0,0.0,0.061,optimal
2021-02-12 13:30:00,86,6,1.1131176908975042,0.0,0.0,0.1809333333333333,optimal
2021-02-12 14:00:00,86,6,1.1428571428571428,0.0,0.0,0.14666666666666667,optimal
2021-02-12 14:30:00,86,6,1.1428571428571428,0.0,0.0,0.4881333333333333,optimal
2021-02-12 15:00:00,86,6,1.1428571428571428,0.0774074074074074,0.0,0.4318333333333333,optimal
2021-02-12 15:30:00,86,6,1.1428571428571428,0.0,0.0,0.41873333333333335,optimal
2021-02-12 16:00:00,86,6,0.0,0.23222222222222222,0.0,0.32493333333333335,optimal
2021-02-12 16:30:00,86,6,0.0,0.23222222222222222,0.0,0.33453333333333335,optimal
2021-02-12 17:00:00,86,6,0.0,0.0,0.0,0.334,optimal
2021-02-12 17:30:00,86,6,0.0,0.0,0.0,0.5754,optimal
2021-02-12 18:00:00,86,6,0.0,0.0,0.0,0.3128,optimal
2021-02-12 18:30:00,86,6,0.0,0.1548148148148148,0.0,0.5089,optimal
2021-02-12 19:00:00,86,6,0.0,0.6192592592592592,0.0,0.49326666666666663,optimal
2021-02-12 19:30:00,86,6,0.0,0.46444444444444444,0.0,0.4708333333333333,optimal
2021-02-12 20:00:00,86,6,0.0,0.3096296296296296,0.0,0.36876666666666663,optimal
2021-02-12 20:30:00,86,6,0.0,0.0774074074074074,0.0,0.41836666666666666,optimal
2021-02-12 21:00:00,86,6,0.0,0.3096296296296296,0.0,0.42533333333333334,optimal
2021-02-12 21:30:00,86,6,0.0,0.23222222222222222,0.0,1.6705999999999999,optimal
2021-02-12 22:00:00,86,6,0.0,0.8514814814814814,0.0,0.6249666666666667,optimal
2021-02-12 22:30:00,86,6,0.0,0.0,0.0,0.2403,optimal
2021-02-12 23:00:00,86,6,0.0,0.0,0.0,0.2039333333333333,optimal
2021-02-12 23:30:00,86,6,0.0,0.0,0.0,0.077,optimal
2021-02-13 00:00:00,86,6,0.0,0.0,0.0,0.1354,optimal
2021-02-13 00:30:00,86,6,0.0,0.0,0.0,0.122,optimal
2021-02-13 01:00:00,86,6,0.0,0.0,0.0,0.06406666666666666,optimal
2021-02-13 01:30:00,86,6,1.0110111958447525,0.0,0.0,0.284,optimal
2021-02-13 02:00:00,86,6,1.1428571428571428,0.0,0.0,0.055,optimal
2021-02-13 02:30:00,86,6,1.1428571428571428,0.0,0.0,0.055,optimal
2021-02-13 03:00:00,86,6,1.1428571428571428,0.0,0.0,0.2796666666666667,optimal
2021-02-13 03:30:00,86,6,1.1428571428571428,0.0,0.0,0.0684,optimal
2021-02-13 04:00:00,86,6,1.1428571428571428,0.0,0.0,0.19236666666666669,optimal
2021-02-13 04:30:00,86,6,1.1428571428571428,0.0,0.0,0.15569999999999998,optimal
2021-02-13 05:00:00,86,6,1.1428571428571428,0.0,0.0,0.11393333333333333,optimal
2021-02-13 05:30:00,86,6,1.1428571428571428,0.0,0.0,0.08673333333333333,optimal
2021-02-13 06:00:00,86,6,1.1428571428571428,0.3096296296296296,1.405827666246227,0.7760666666666667,optimal
2021-02-13 06:30:00,86,6,1.1428571428571428,0.1548148148148148,5.0,1.4316333333333335,optimal
2021-02-13 07:00:00,86,6,1.1428571428571428,1.3933333333333333,5.0,0.6575666666666667,optimal
2021-02-13 07:30:00,86,6,1.1428571428571428,0.0,0.0,0.14306666666666668,optimal
2021-02-13 08:00:00,86,6,0.8892578513565351,0.0,0.0,0.0717,optimal
2021-02-13 08:30:00,86,6,0.8229234173152358,0.0,0.0,0.29636666666666667,optimal
2021-02-13 09:00:00,86,6,0.7823249426314645,0.0,0.0,0.065,optimal
2021-02-13 09:30:00,86,6,0.7170432486154739,0.0,0.0,0.2559666666666667,optimal
2021-02-13 10:00:00,86,6,0.569290190824117,0.0,0.0,0.11209999999999999,optimal
2021-02-13 10:30:00,86,6,0.5806033758304401,0.0,0.0,0.065,optimal
2021-02-13 11:00:00,86,6,0.35194086050419393,0.0,0.0,0.1259,optimal
2021-02-13 11:30:00,86,6,0.3165778550343266,0.0,0.0,0.24216666666666664,optimal
2021-02-13 12:00:00,86,6,0.2798564954607242,0.0,0.0,0.065,optimal
2021-02-13 12:30:00,86,6,0.2716828654733733,0.0,0.0,0.07859999999999999,optimal
2021-02-13 13:00:00,86,6,1.1428571428571428,0.0,0.0,0.28946666666666665,optimal
2021-02-13 13:30:00,86,6,1.1428571428571428,0.0,0.0,0.065,optimal
2021-02-13 14:00:00,86,6,1.1428571428571428,0.0,0.0,0.15566666666666665,optimal
2021-02-13 14:30:00,86,6,1.1428571428571428,0.0,0.0,0.2124,optimal
2021-02-13 15:00:00,86,6,1.1428571428571428,0.3096296296296296,0.0,0.063,optimal
2021-02-13 15:30:00,86,6,1.1428571428571428,0.0,0.0,0.37576666666666664,optimal
2021-02-13 16:00:00,86,6,0.0,0.3096296296296296,0.0,0.2632,optimal
2021-02-13 16:30:00,86,6,0.0,0.1548148148148148,0.0,0.3547,optimal
2021-02-13 17:00:00,86,6,0.0,0.387037037037037,0.0,0.26916666666666667,optimal
2021-02-13 17:30:00,86,6,0.0,0.1548148148148148,0.0,0.3033666666666667,optimal
2021-02-13 18:00:00,86,6,0.0,3.0188888888888883,0.0,0.4234,optimal
2021-02-13 18:30:00,86,6,0.0,0.23222222222222222,0.0,0.29896666666666666,optimal
2021-02-13 19:00:00,86,6,0.0,0.3096296296296296,0.0,0.9668666666666668,optimal
2021-02-13 19:30:00,86,6,0.6347457767595999,0.0,0.0,1.1584333333333334,optimal
2021-02-13 20:00:00,86,6,0.7553084331209939,0.0,0.0,0.249,optimal
2021-02-13 20:30:00,86,6,0.0,0.0,0.0,0.41956666666666664,optimal
2021-02-13 21:00:00,86,6,0.0,0.0,0.0,0.41123333333333334,optimal
2021-02-13 21:30:00,86,6,0.0,0.0,0.0,0.4696666666666667,optimal
2021-02-13 22:00:00,86,6,0.0,0.0774074074074074,0.0,0.4380333333333334,optimal
2021-02-13 22:30:00,86,6,0.0,0.0,0.0,0.1253,optimal
2021-02-13 23:00:00,86,6,0.0,0.0,0.0,0.07406666666666667,optimal
2021-02-13 23:30:00,86,6,0.0,0.0,0.0,0.291,optimal
2021-02-07 00:00:00,87,6,0.0,0.23222222222222222,0.0,0.0658,optimal
2021-02-07 00:30:00,87,6,0.0,0.0,0.0,0.3351,optimal
2021-02-07 01:00:00,87,6,0.0,0.0,0.0,0.3292,optimal
2021-02-07 01:30:00,87,6,0.0,0.0,0.0,0.30060000000000003,optimal
2021-02-07 02:00:00,87,6,0.0,0.1548148148148148,0.0,0.1682,optimal
2021-02-07 02:30:00,87,6,0.0,0.0,0.0,0.2319333333333333,optimal
2021-02-07 03:00:00,87,6,0.0,0.0,0.0,0.061,optimal
2021-02-07 03:30:00,87,6,0.0,0.0,0.0,0.061,optimal
2021-02-07 04:00:00,87,6,1.1428571428571428,0.0,0.0,0.061,optimal
2021-02-07 04:30:00,87,6,1.1428571428571428,0.0,0.0,0.22526666666666667,optimal
2021-02-07 05:00:00,87,6,1.1428571428571428,0.0,0.0,0.061,optimal
2021-02-07 05:30:00,87,6,1.1428571428571428,0.0,0.0,0.063,optimal
2021-02-07 06:00:00,87,6,1.1428571428571428,0.0,0.0,0.0768,optimal
2021-02-07 06:30:00,87,6,1.1428571428571428,0.0,0.0,0.21780000000000002,optimal
2021-02-07 07:00:00,87,6,1.1428571428571428,0.0,0.0,0.061,optimal
2021-02-07 07:30:00,87,6,0.0,0.0,0.0,0.06846666666666666,optimal
2021-02-07 08:00:00,87,6,0.0,0.0,0.0,0.21780000000000002,optimal
2021-02-07 08:30:00,87,6,0.48151332925492907,0.0,0.0,0.7576666666666666,optimal
2021-02-07 09:00:00,87,6,0.353548205103929,0.0774074074074074,0.0,3.6300666666666666,optimal
2021-02-07 09:30:00,87,6,0.41504615201501927,0.387037037037037,0.0,2.0229333333333326,optimal
2021-02-07 10:00:00,87,6,0.3026872519836873,0.6966666666666667,0.0,2.4901999999999997,optimal
2021-02-07 10:30:00,87,6,0.29067421530437515,0.0774074074074074,0.0,2.437733333333333,optimal
2021-02-07 11:00:00,87,6,0.36773170108705555,2.5544444444444445,0.0,0.22173333333333328,optimal
2021-02-07 11:30:00,87,6,0.3445507487061092,0.46444444444444444,0.0,0.3048666666666667,optimal
2021-02-07 12:00:00,87,6,0.2514094172491214,0.3096296296296296,0.0,0.3756666666666667,optimal
2021-02-07 12:30:00,87,6,0.06898084582055419,0.0,0.0,1.0605666666666667,optimal
2021-02-07 13:00:00,87,6,0.2520466617921085,0.23222222222222222,0.0,0.6329666666666667,optimal
2021-02-07 13:30:00,87,6,1.0959383993427407,0.23222222222222222,0.0,0.4664666666666666,optimal
2021-02-07 14:00:00,87,6,1.1428571428571428,0.0,2.8898658055358415,0.18973333333333328,optimal
2021-02-07 14:30:00,87,6,1.1428571428571428,0.0,0.0,0.24680000000000002,optimal
2021-02-07 15:00:00,87,6,1.1428571428571428,0.0,0.0,0.3211333333333333,optimal
2021-02-07 15:30:00,87,6,1.1428571428571428,0.0774074074074074,0.0,0.4219666666666666,optimal
2021-02-07 16:00:00,87,6,0.0,0.0,0.0,0.39603333333333335,optimal
2021-02-07 16:30:00,87,6,0.0,0.0,0.0,0.7766333333333333,optimal
2021-02-07 17:00:00,87,6,0.0,0.1548148148148148,0.0,0.4397,optimal
2021-02-07 17:30:00,87,6,0.0,0.1548148148148148,0.0,1.2127333333333332,optimal
2021-02-07 18:00:00,87,6,0.0,0.1548148148148148,0.0,0.8317,optimal
2021-02-07 18:30:00,87,6,0.0,0.23222222222222222,0.0,0.09770000000000001,optimal
2021-02-07 19:00:00,87,6,0.0,0.387037037037037,0.0,0.2393333333333333,optimal
2021-02-07 19:30:00,87,6,0.0,0.0,0.0,0.4766666666666667,optimal
2021-02-07 20:00:00,87,6,0.0,0.46444444444444444,0.0,0.3582666666666667,optimal
2021-02-07 20:30:00,87,6,0.0,0.0,0.0,0.34486666666666665,optimal
2021-02-07 21:00:00,87,6,0.0,0.387037037037037,0.0,0.8674,optimal
2021-02-07 21:30:00,87,6,0.0,0.0,0.0,0.47806666666666664,optimal
2021-02-07 22:00:00,87,6,0.0,0.0,0.0,0.47336666666666666,optimal
2021-02-07 22:30:00,87,6,0.0,0.0,0.0,0.13953333333333334,optimal
2021-02-07 23:00:00,87,6,0.0,0.0,0.0,0.2981333333333333,optimal
2021-02-07 23:30:00,87,6,0.0,0.0,0.0,0.2339333333333333,optimal
2021-02-08 00:00:00,87,6,0.0,0.0,0.0,0.061,optimal
2021-02-08 00:30:00,87,6,0.0,0.0,0.0,0.06806666666666666,optimal
2021-02-08 01:00:00,87,6,0.0,0.0,0.0,0.2094,optimal
2021-02-08 01:30:00,87,6,0.0,0.0,0.0,0.061,optimal
2021-02-08 02:00:00,87,6,0.8834341658159143,0.0,0.0,0.061,optimal
2021-02-08 02:30:00,87,6,1.1428571428571428,0.0,0.0,0.15993333333333334,optimal
2021-02-08 03:00:00,87,6,1.1428571428571428,0.0,0.0,0.11753333333333332,optimal
2021-02-08 03:30:00,87,6,1.1428571428571428,0.0,0.0,0.08926666666666666,optimal
2021-02-08 04:00:00,87,6,1.1428571428571428,0.0,0.0,0.18819999999999998,optimal
2021-02-08 04:30:00,87,6,1.1428571428571428,0.0,0.0,0.061,optimal
2021-02-08 05:00:00,87,6,1.1428571428571428,0.0,0.0,0.21780000000000002,optimal
2021-02-08 05:30:00,87,6,1.1428571428571428,0.0,0.0,0.071,optimal
2021-02-08 06:00:00,87,6,1.1428571428571428,1.0837037037037036,0.0,0.17266666666666666,optimal
2021-02-08 06:30:00,87,6,1.1428571428571428,0.0,3.9828025849681428,0.10846666666666668,optimal
2021-02-08 07:00:00,87,6,1.1428571428571428,4.567037037037037,5.0,0.098,optimal
2021-02-08 07:30:00,87,6,1.1428571428571428,0.0,0.0,0.19113333333333332,optimal
2021-02-08 08:00:00,87,6,0.8080006746315732,0.0,0.0,0.071,optimal
2021-02-08 08:30:00,87,6,0.7799838284284399,0.0,0.0,0.18406666666666663,optimal
2021-02-08 09:00:00,87,6,0.7076480733411881,0.0,0.0,0.1134,optimal
2021-02-08 09:30:00,87,6,0.7012161997887396,0.0,0.0,0.1134,optimal
2021-02-08 10:00:00,87,6,0.5216274978184109,0.0,0.0,0.18406666666666663,optimal
2021-02-08 10:30:00,87,6,0.5603641332756211,0.0,0.0,0.071,optimal
2021-02-08 11:00:00,87,6,0.34230264582741216,0.0,0.0,0.22646666666666668,optimal
2021-02-08 11:30:00,87,6,0.25070996822101177,0.0774074074074074,0.0,0.4786333333333333,optimal
2021-02-08 12:00:00,87,6,0.0,0.0,0.0,2.4538,optimal
2021-02-08 12:30:00,87,6,0.028869627320260313,2.39962962962963,0.0,0.42410000000000003,optimal
2021-02-08 13:00:00,87,6,0.10022577576544404,0.5418518518518518,0.0,0.44596666666666657,optimal
2021-02-08 13:30:00,87,6,1.1135853365043964,0.0,0.0,0.25726666666666664,optimal
2021-02-08 14:00:00,87,6,1.1428571428571428,0.0,0.0,0.3818333333333333,optimal
2021-02-08 14:30:00,87,6,1.1428571428571428,0.0,0.0,0.34286666666666665,optimal
2021-02-08 15:00:00,87,6,1.1428571428571428,0.23222222222222222,0.0,0.4928,optimal
2021-02-08 15:30:00,87,6,1.1428571428571428,0.0,0.0,0.3951,optimal
2021-02-08 16:00:00,87,6,0.0,0.1548148148148148,0.0,0.2154,optimal
2021-02-08 16:30:00,87,6,0.0,0.23222222222222222,0.0,1.5573666666666666,optimal
2021-02-08 17:00:00,87,6,0.0,0.8514814814814814,0.0,1.461,optimal
2021-02-08 17:30:00,87,6,0.0,0.3096296296296296,0.0,2.0070666666666663,optimal
2021-02-08 18:00:00,87,6,0.0,0.0,0.0,0.3458,optimal
2021-02-08 18:30:00,87,6,0.0,0.1548148148148148,0.0,2.209766666666667,optimal
2021-02-08 19:00:00,87,6,0.0,0.0,0.0,2.7591,optimal
2021-02-08 19:30:00,87,6,0.0,0.0,0.0,1.1333,optimal
2021-02-08 20:00:00,87,6,0.0,0.0,0.0,0.27526666666666666,optimal
2021-02-08 20:30:00,87,6,0.0,0.0,0.0,0.42269999999999996,optimal
2021-02-08 21:00:00,87,6,0.0,0.23222222222222222,0.0,0.3108666666666667,optimal
2021-02-08 21:30:00,87,6,0.0,0.0,0.0,0.2718,optimal
2021-02-08 22:00:00,87,6,0.0,0.46444444444444444,0.0,0.23076666666666668,optimal
2021-02-08 22:30:00,87,6,0.0,0.387037037037037,0.0,0.3427333333333333,optimal
2021-02-08 23:00:00,87,6,0.0,0.23222222222222222,0.0,0.2044,optimal
2021-02-08 23:30:00,87,6,0.0,1.6255555555555554,0.0,0.3002666666666666,optimal
2021-02-09 00:00:00,87,6,0.0,0.0,0.0,0.1807333333333333,optimal
2021-02-09 00:30:00,87,6,0.0,0.0,0.0,0.168,optimal
2021-02-09 01:00:00,87,6,0.0,0.0,0.0,0.12940000000000002,optimal
2021-02-09 01:30:00,87,6,0.5694831563107895,0.0,0.0,0.20466666666666664,optimal
2021-02-09 02:00:00,87,6,1.1428571428571428,0.0,0.0,0.14406666666666668,optimal
2021-02-09 02:30:00,87,6,1.1428571428571428,0.0,0.0,0.058,optimal
2021-02-09 03:00:00,87,6,1.1428571428571428,0.0,0.0,0.22473333333333328,optimal
2021-02-09 03:30:00,87,6,1.1428571428571428,0.0,0.0,0.124,optimal
2021-02-09 04:00:00,87,6,1.1428571428571428,0.0,3.5601657896426793,0.058,optimal
2021-02-09 04:30:00,87,6,1.1428571428571428,0.0,5.0,0.2193333333333333,optimal
2021-02-09 05:00:00,87,6,1.1428571428571428,0.0,5.0,0.8325333333333333,optimal
2021-02-09 05:30:00,87,6,1.1428571428571428,0.23222222222222222,5.0,0.18066666666666664,optimal
2021-02-09 06:00:00,87,6,1.1428571428571428,0.774074074074074,0.0,0.16406666666666667,optimal
2021-02-09 06:30:00,87,6,1.1428571428571428,6.734444444444445,0.0,0.12666666666666668,optimal
2021-02-09 07:00:00,87,6,1.1428571428571428,0.387037037037037,0.0,0.9365333333333332,optimal
2021-02-09 07:30:00,87,6,1.1428571428571428,0.774074074074074,0.0,0.15940000000000001,optimal
2021-02-09 08:00:00,87,6,0.595932868327238,0.46444444444444444,0.0,2.0474333333333328,optimal
2021-02-09 08:30:00,87,6,0.6822552804890794,0.0,0.0,0.39663333333333334,optimal
2021-02-09 09:00:00,87,6,0.6482509797923721,0.0,0.0,0.17473333333333332,optimal
2021-02-09 09:30:00,87,6,0.62458723268746,0.0,0.0,0.21026666666666669,optimal
2021-02-09 10:00:00,87,6,0.4205657325307178,0.0774074074074074,0.0,0.1496333333333333,optimal
2021-02-09 10:30:00,87,6,0.37223641946709773,0.0,0.0,0.2858,optimal
2021-02-09 11:00:00,87,6,0.2507860986082164,0.0,0.0,0.26780000000000004,optimal
2021-02-09 11:30:00,87,6,0.21998499790025672,0.0,0.0,0.32976666666666665,optimal
2021-02-09 12:00:00,87,6,0.09360329622004443,0.1548148148148148,0.0,0.261,optimal
2021-02-09 12:30:00,87,6,0.08495677788038099,0.387037037037037,0.0,0.26380000000000003,optimal
2021-02-09 13:00:00,87,6,0.06078325076745011,0.0,0.0,0.2132,optimal
2021-02-09 13:30:00,87,6,0.550734610917273,0.0,0.0,0.3473,optimal
2021-02-09 14:00:00,87,6,1.1428571428571428,0.46444444444444444,0.0,0.26426666666666665,optimal
2021-02-09 14:30:00,87,6,1.1428571428571428,0.0774074074074074,0.0,0.3173,optimal
2021-02-09 15:00:00,87,6,1.1428571428571428,0.5418518518518518,0.0,0.30569999999999997,optimal
2021-02-09 15:30:00,87,6,1.1428571428571428,0.387037037037037,0.0,0.24713333333333332,optimal
2021-02-09 16:00:00,87,6,0.0,4.45557037037037,0.0,0.36310000000000003,optimal
2021-02-09 16:30:00,87,6,0.0,2.1240592592592598,0.0,0.2201,optimal
2021-02-09 17:00:00,87,6,0.0,0.3096296296296296,0.0,0.11266666666666668,optimal
2021-02-09 17:30:00,87,6,0.0,0.0,0.0,0.3420666666666667,optimal
2021-02-09 18:00:00,87,6,0.0,0.0,0.0,0.1564,optimal
2021-02-09 18:30:00,87,6,0.0,0.0,0.0,0.2055,optimal
2021-02-09 19:00:00,87,6,0.0,0.0,0.0,0.44916666666666666,optimal
2021-02-09 19:30:00,87,6,0.0,0.0,0.0,0.30756666666666665,optimal
2021-02-09 20:00:00,87,6,0.0,0.0,0.0,0.4402,optimal
2021-02-09 20:30:00,87,6,0.0,0.0,0.0,1.0561666666666667,optimal
2021-02-09 21:00:00,87,6,0.0,0.387037037037037,0.0,0.2974,optimal
2021-02-09 21:30:00,87,6,0.0,0.0,0.0,0.43006666666666665,optimal
2021-02-09 22:00:00,87,6,0.0,0.0,0.0,0.4038,optimal
2021-02-09 22:30:00,87,6,0.0,0.3096296296296296,0.0,0.42153333333333337,optimal
2021-02-09 23:00:00,87,6,0.0,0.0,0.0,0.40863333333333335,optimal
2021-02-09 23:30:00,87,6,0.0,1.315925925925926,0.0,0.1546,optimal
2021-02-10 00:00:00,87,6,0.0,0.0,0.0,0.0665,optimal
2021-02-10 00:30:00,87,6,0.0,0.0,0.0,0.08016666666666668,optimal
2021-02-10 01:00:00,87,6,0.0,0.0,0.0,0.064,optimal
2021-02-10 01:30:00,87,6,0.8754644145591113,0.0,0.0,0.064,optimal
2021-02-10 02:00:00,87,6,1.1428571428571428,0.0,0.0,0.064,optimal
2021-02-10 02:30:00,87,6,1.1428571428571428,0.0,0.0,0.064,optimal
2021-02-10 03:00:00,87,6,1.1428571428571428,0.0,0.0,0.064,optimal
2021-02-10 03:30:00,87,6,1.1428571428571428,0.0,0.0,0.064,optimal
2021-02-10 04:00:00,87,6,1.1428571428571428,0.0,0.0,0.064,optimal
2021-02-10 04:30:00,87,6,1.1428571428571428,0.0,0.0,0.064,optimal
2021-02-10 05:00:00,87,6,1.1428571428571428,0.0,2.962905610455739,0.064,optimal
2021-02-10 05:30:00,87,6,1.1428571428571428,0.0,5.0,0.064,optimal
2021-02-10 06:00:00,87,6,1.1428571428571428,0.0,5.0,0.064,optimal
2021-02-10 06:30:00,87,6,1.1428571428571428,0.0,5.0,0.064,optimal
2021-02-10 07:00:00,87,6,1.1428571428571428,0.0,5.0,0.06933333333333333,optimal
2021-02-10 07:30:00,87,6,1.1428571428571428,0.0,0.0,0.074,optimal
2021-02-10 08:00:00,87,6,0.7247120577180102,0.0,0.0,0.24,optimal
2021-02-10 08:30:00,87,6,0.6956600358385477,5.186296296296297,0.0,0.16916666666666666,optimal
2021-02-10 09:00:00,87,6,0.6043988415582628,0.387037037037037,0.0,0.072,optimal
2021-02-10 09:30:00,87,6,0.5717277720597509,0.23222222222222222,0.0,0.293,optimal
2021-02-10 10:00:00,87,6,0.44847467766860954,0.46444444444444444,0.0,0.072,optimal
2021-02-10 10:30:00,87,6,0.22585232792566876,0.0,0.0,0.9226666666666666,optimal
2021-02-10 11:00:00,87,6,0.11513349187147004,0.1548148148148148,0.0,0.7743333333333333,optimal
2021-02-10 11:30:00,87,6,0.3190646237888813,0.23222222222222222,0.0,0.1274,optimal
2021-02-10 12:00:00,87,6,0.11529084592382247,0.0,0.0,0.3213333333333333,optimal
2021-02-10 12:30:00,87,6,0.158386084019056,0.0,0.0,0.16076666666666667,optimal
2021-02-10 13:00:00,87,6,0.7928152652424922,0.0,0.0,0.074,optimal
2021-02-10 13:30:00,87,6,1.1428571428571428,0.0,0.0,0.074,optimal
2021-02-10 14:00:00,87,6,1.1428571428571428,0.0,0.0,0.074,optimal
2021-02-10 14:30:00,87,6,1.1428571428571428,0.0,0.0,0.07266666666666667,optimal
2021-02-10 15:00:00,87,6,1.1428571428571428,0.0,0.0,0.3035,optimal
2021-02-10 15:30:00,87,6,1.1428571428571428,0.23222222222222222,0.0,0.529,optimal
2021-02-10 16:00:00,87,6,0.0,0.6966666666666667,0.0,0.083,optimal
2021-02-10 16:30:00,87,6,0.0,0.5418518518518518,0.0,0.072,optimal
2021-02-10 17:00:00,87,6,0.0,0.46444444444444444,0.0,0.072,optimal
2021-02-10 17:30:00,87,6,0.0,0.0774074074074074,0.0,0.1975,optimal
2021-02-10 18:00:00,87,6,0.0,0.23222222222222222,0.0,0.24416666666666662,optimal
2021-02-10 18:30:00,87,6,0.0,0.23222222222222222,0.0,0.3685,optimal
2021-02-10 19:00:00,87,6,0.0,0.0,0.0,0.341,optimal
2021-02-10 19:30:00,87,6,0.0,0.5418518518518518,0.0,0.4564,optimal
2021-02-10 20:00:00,87,6,0.0,0.3096296296296296,0.0,0.5191666666666667,optimal
2021-02-10 20:30:00,87,6,0.0,0.3096296296296296,0.0,0.2325,optimal
2021-02-10 21:00:00,87,6,0.0,0.23222222222222222,0.0,0.2815,optimal
2021-02-10 21:30:00,87,6,0.0,0.0774074074074074,0.0,0.3545,optimal
2021-02-10 22:00:00,87,6,0.0,0.0,0.0,0.074,optimal
2021-02-10 22:30:00,87,6,0.0,0.0,0.0,0.074,optimal
2021-02-10 23:00:00,87,6,0.0,0.0,0.0,0.074,optimal
2021-02-10 23:30:00,87,6,0.0,0.0,0.0,0.06966666666666667,optimal
2021-02-11 00:00:00,87,6,0.5143282466201936,0.0,0.0,0.10809999999999999,optimal
2021-02-11 00:30:00,87,6,1.1428571428571428,2.0899999999999994,0.0,0.2256,optimal
2021-02-11 01:00:00,87,6,1.1428571428571428,0.0774074074074074,0.0,0.06406666666666666,optimal
2021-02-11 01:30:00,87,6,1.1428571428571428,0.0,0.0,0.1618,optimal
2021-02-11 02:00:00,87,6,1.1428571428571428,0.0,0.0,0.2379333333333333,optimal
2021-02-11 02:30:00,87,6,1.1428571428571428,0.0,0.0,0.12459999999999999,optimal
2021-02-11 03:00:00,87,6,1.1428571428571428,0.0,0.0,0.18819999999999998,optimal
2021-02-11 03:30:00,87,6,1.1428571428571428,0.0,0.0,0.21153333333333332,optimal
2021-02-11 04:00:00,87,6,1.1428571428571428,0.0,0.0,0.12,optimal
2021-02-11 04:30:00,87,6,1.1428571428571428,0.0,0.0,0.199,optimal
2021-02-11 05:00:00,87,6,1.1428571428571428,0.0,0.0,0.07753333333333333,optimal
2021-02-11 05:30:00,87,6,1.1428571428571428,0.0,0.8141748590819619,0.3402,optimal
2021-02-11 06:00:00,87,6,1.1428571428571428,0.0,5.0,0.068,optimal
2021-02-11 06:30:00,87,6,1.1428571428571428,0.0,5.0,0.28513333333333335,optimal
2021-02-11 07:00:00,87,6,1.1428571428571428,0.0,5.0,0.06733333333333333,optimal
2021-02-11 07:30:00,87,6,1.1428571428571428,1.470740740740741,0.0,2.1902,optimal
2021-02-11 08:00:00,87,6,0.7467340888111295,0.0,0.0,0.2693333333333333,optimal
2021-02-11 08:30:00,87,6,0.8374326290302476,0.0774074074074074,0.0,0.09556666666666666,optimal
2021-02-11 09:00:00,87,6,0.734771640868446,0.387037037037037,0.0,0.07,optimal
2021-02-11 09:30:00,87,6,0.5920210317914615,0.3096296296296296,0.0,0.281,optimal
2021-02-11 10:00:00,87,6,0.2717078707884461,0.0,0.0,0.2876666666666667,optimal
2021-02-11 10:30:00,87,6,0.1885306030934952,0.0,0.0,0.7561666666666667,optimal
2021-02-11 11:00:00,87,6,0.01847767203540847,0.0,0.0,0.7561333333333333,optimal
2021-02-11 11:30:00,87,6,0.12562497093980132,0.0,0.0,0.32680000000000003,optimal
2021-02-11 12:00:00,87,6,0.0,4.280629629629629,0.0,0.2016,optimal
2021-02-11 12:30:00,87,6,0.0,2.221592592592593,0.0,0.2719,optimal
2021-02-11 13:00:00,87,6,1.077022189658302,0.0,0.0,0.35063333333333335,optimal
2021-02-11 13:30:00,87,6,1.1428571428571428,0.0,0.0,0.10540000000000001,optimal
2021-02-11 14:00:00,87,6,1.1428571428571428,0.23222222222222222,0.0,0.37639999999999996,optimal
2021-02-11 14:30:00,87,6,1.1428571428571428,0.0,0.0,0.3316,optimal
2021-02-11 15:00:00,87,6,1.1428571428571428,0.0,0.0,0.08170000000000001,optimal
2021-02-11 15:30:00,87,6,1.1428571428571428,0.0,0.0,0.2692,optimal
2021-02-11 16:00:00,87,6,0.0,1.6255555555555554,0.0,0.2672,optimal
2021-02-11 16:30:00,87,6,0.0,0.0,0.0,0.3117333333333333,optimal
2021-02-11 17:00:00,87,6,0.0,0.387037037037037,0.0,0.9006000000000001,optimal
2021-02-11 17:30:00,87,6,0.0,0.0,0.0,1.909,optimal
2021-02-11 18:00:00,87,6,0.0,0.23222222222222222,0.0,0.3045333333333334,optimal
2021-02-11 18:30:00,87,6,0.0,0.46444444444444444,0.0,0.3655,optimal
2021-02-11 19:00:00,87,6,0.0,0.387037037037037,0.0,0.308,optimal
2021-02-11 19:30:00,87,6,0.0,0.0,0.0,0.6076666666666666,optimal
2021-02-11 20:00:00,87,6,0.0,0.3096296296296296,0.0,0.3454,optimal
2021-02-11 20:30:00,87,6,0.0,0.387037037037037,0.0,0.3809333333333333,optimal
2021-02-11 21:00:00,87,6,0.0,0.0,0.0,1.4241,optimal
2021-02-11 21:30:00,87,6,0.0,0.0,0.0,0.3939,optimal
2021-02-11 22:00:00,87,6,0.0,0.6966666666666667,0.0,0.5331333333333333,optimal
2021-02-11 22:30:00,87,6,0.0,0.0,0.0,0.3904333333333333,optimal
2021-02-11 23:00:00,87,6,0.0,0.0,0.0,0.068,optimal
2021-02-11 23:30:00,87,6,0.0,0.0,0.0,0.15713333333333332,optimal
2021-02-12 00:00:00,87,6,1.1428571428571428,0.0,0.0,0.058,optimal
2021-02-12 00:30:00,87,6,1.1428571428571428,0.0,0.0,0.058,optimal
2021-02-12 01:00:00,87,6,1.1428571428571428,0.0,0.0,0.094,optimal
2021-02-12 01:30:00,87,6,1.1428571428571428,0.0,0.0,0.154,optimal
2021-02-12 02:00:00,87,6,1.1428571428571428,0.0,0.0,0.058,optimal
2021-02-12 02:30:00,87,6,1.1428571428571428,0.0,0.0,0.058,optimal
2021-02-12 03:00:00,87,6,1.1428571428571428,0.0,0.0,0.058,optimal
2021-02-12 03:30:00,87,6,1.1428571428571428,0.0,0.0,0.184,optimal
2021-02-12 04:00:00,87,6,1.1428571428571428,0.0,0.0,0.064,optimal
2021-02-12 04:30:00,87,6,1.1428571428571428,0.0,0.0,0.058,optimal
2021-02-12 05:00:00,87,6,1.1428571428571428,0.0,0.0,0.058,optimal
2021-02-12 05:30:00,87,6,1.1428571428571428,0.0,3.518300568933925,0.166,optimal
2021-02-12 06:00:00,87,6,1.1428571428571428,0.0,5.0,0.082,optimal
2021-02-12 06:30:00,87,6,1.1428571428571428,0.0,5.0,0.124,optimal
2021-02-12 07:00:00,87,6,1.1428571428571428,0.0,5.0,0.3318666666666667,optimal
2021-02-12 07:30:00,87,6,1.1428571428571428,5.618675909630618,0.0,0.15533333333333335,optimal
2021-02-12 08:00:00,87,6,0.6818176486593278,0.46444444444444444,0.0,0.43239999999999995,optimal
2021-02-12 08:30:00,87,6,0.7558153848245045,1.8577777777777778,0.0,1.299233333333333,optimal
2021-02-12 09:00:00,87,6,0.861417032278975,0.0,0.0,0.112,optimal
2021-02-12 09:30:00,87,6,0.7602257439858513,0.0,0.0,0.136,optimal
2021-02-12 10:00:00,87,6,0.4906764529976817,0.0,0.0,0.058,optimal
2021-02-12 10:30:00,87,6,0.4358105044768551,0.0,0.0,0.19,optimal
2021-02-12 11:00:00,87,6,0.28985279458008933,0.0,0.0,0.058,optimal
2021-02-12 11:30:00,87,6,0.26885169387213026,0.0,0.0,0.124,optimal
2021-02-12 12:00:00,87,6,0.15570858671642687,0.0,0.0,0.21456666666666663,optimal
2021-02-12 12:30:00,87,6,0.03000272410369691,0.0,0.0,0.2839333333333333,optimal
2021-02-12 13:00:00,87,6,0.0,0.0,0.0,1.7696666666666667,optimal
2021-02-12 13:30:00,87,6,0.0,0.5418518518518518,0.0,0.2655,optimal
2021-02-12 14:00:00,87,6,0.670798955181758,0.0,0.0,0.5253666666666666,optimal
2021-02-12 14:30:00,87,6,1.1428571428571428,0.0,0.0,0.36210000000000003,optimal
2021-02-12 15:00:00,87,6,1.1428571428571428,0.0,0.0,1.6917,optimal
2021-02-12 15:30:00,87,6,1.1428571428571428,0.0,0.0,0.23166666666666663,optimal
2021-02-12 16:00:00,87,6,0.0,0.774074074074074,0.0,0.29206666666666664,optimal
2021-02-12 16:30:00,87,6,0.0,0.0774074074074074,0.0,0.31226666666666664,optimal
2021-02-12 17:00:00,87,6,0.0,2.1674074074074072,0.0,0.9609,optimal
2021-02-12 17:30:00,87,6,0.0,0.0,0.0,1.2274,optimal
2021-02-12 18:00:00,87,6,0.0,0.5418518518518518,0.0,0.5548,optimal
2021-02-12 18:30:00,87,6,0.0,0.5418518518518518,0.0,0.6055,optimal
2021-02-12 19:00:00,87,6,0.0,0.23222222222222222,0.0,0.3531,optimal
2021-02-12 19:30:00,87,6,0.0,0.0,0.0,0.4072,optimal
2021-02-12 20:00:00,87,6,0.0,0.0,0.0,0.3962,optimal
2021-02-12 20:30:00,87,6,0.0,0.0,0.0,0.246,optimal
2021-02-12 21:00:00,87,6,0.0,0.1548148148148148,0.0,0.246,optimal
2021-02-12 21:30:00,87,6,0.0,0.0,0.0,0.5019,optimal
2021-02-12 22:00:00,87,6,0.0,0.0,0.0,0.2223333333333333,optimal
2021-02-12 22:30:00,87,6,0.0,0.0,0.0,0.3144666666666666,optimal
2021-02-12 23:00:00,87,6,0.0,0.0,0.0,0.1731,optimal
2021-02-12 23:30:00,87,6,0.0,0.0,0.0,0.06533333333333333,optimal
2021-02-13 00:00:00,87,6,0.0,5.108888888888889,0.0,0.0703,optimal
2021-02-13 00:30:00,87,6,0.0,0.3096296296296296,0.0,0.17836666666666667,optimal
2021-02-13 01:00:00,87,6,0.004718887485597718,0.0,0.0,0.22066666666666662,optimal
2021-02-13 01:30:00,87,6,1.1428571428571428,0.0,0.0,0.2437666666666667,optimal
2021-02-13 02:00:00,87,6,1.1428571428571428,0.0,0.0,0.30069999999999997,optimal
2021-02-13 02:30:00,87,6,1.1428571428571428,0.0774074074074074,0.0,0.3095,optimal
2021-02-13 03:00:00,87,6,1.1428571428571428,0.3096296296296296,0.0,0.3499,optimal
2021-02-13 03:30:00,87,6,1.1428571428571428,0.0,0.0,0.08306666666666666,optimal
2021-02-13 04:00:00,87,6,1.1428571428571428,0.0,0.0,0.11573333333333333,optimal
2021-02-13 04:30:00,87,6,1.1428571428571428,0.0,0.0,0.08633333333333333,optimal
2021-02-13 05:00:00,87,6,1.1428571428571428,0.0,0.0,0.11246666666666669,optimal
2021-02-13 05:30:00,87,6,1.1428571428571428,0.0,0.20475049485660773,0.10593333333333334,optimal
2021-02-13 06:00:00,87,6,1.1428571428571428,0.0,5.0,0.09286666666666667,optimal
2021-02-13 06:30:00,87,6,1.1428571428571428,0.0,5.0,0.07,optimal
2021-02-13 07:00:00,87,6,1.1428571428571428,0.0,5.0,0.07,optimal
2021-02-13 07:30:00,87,6,1.1428571428571428,2.2076592592592594,0.0,0.39380000000000004,optimal
2021-02-13 08:00:00,87,6,0.6226483275470158,4.371970370370371,0.0,0.348,optimal
2021-02-13 08:30:00,87,6,0.8706567506485743,0.0,0.0,0.1288,optimal
2021-02-13 09:00:00,87,6,0.7807535140600459,0.0,0.0,0.07,optimal
2021-02-13 09:30:00,87,6,0.7532337248059465,0.0,0.0,0.1288,optimal
2021-02-13 10:00:00,87,6,0.5811759051098299,0.0,0.0,0.07,optimal
2021-02-13 10:30:00,87,6,0.5622319472590105,0.0,0.0,0.1288,optimal
2021-02-13 11:00:00,87,6,0.3677694319327626,0.0,0.0,0.07,optimal
2021-02-13 11:30:00,87,6,0.3488254740819433,0.0,0.0,0.1288,optimal
2021-02-13 12:00:00,87,6,0.15314220974643358,0.0,0.0,0.359,optimal
2021-02-13 12:30:00,87,6,0.27399715118765394,0.0,0.0,0.07,optimal
2021-02-13 13:00:00,87,6,1.1428571428571428,0.0,0.0,0.07,optimal
2021-02-13 13:30:00,87,6,1.1428571428571428,0.0,0.0,0.07,optimal
2021-02-13 14:00:00,87,6,1.1428571428571428,0.0,0.0,0.07,optimal
2021-02-13 14:30:00,87,6,1.1428571428571428,0.0,0.0,0.1288,optimal
2021-02-13 15:00:00,87,6,1.1428571428571428,0.0,0.0,0.07,optimal
2021-02-13 15:30:00,87,6,1.1428571428571428,0.0,0.0,0.07,optimal
2021-02-13 16:00:00,87,6,0.0,0.0,0.0,0.42,optimal
2021-02-13 16:30:00,87,6,0.0,0.1548148148148148,0.0,0.48,optimal
2021-02-13 17:00:00,87,6,0.0,0.0774074074074074,0.0,0.44630000000000003,optimal
2021-02-13 17:30:00,87,6,0.0,0.0,0.0,0.5106666666666667,optimal
2021-02-13 18:00:00,87,6,0.0,0.3096296296296296,0.0,0.46913333333333335,optimal
2021-02-13 18:30:00,87,6,0.0,0.3096296296296296,0.0,0.6211666666666666,optimal
2021-02-13 19:00:00,87,6,0.0,5.186296296296297,0.0,0.37256666666666666,optimal
2021-02-13 19:30:00,87,6,0.0,0.46444444444444444,0.0,0.2176,optimal
2021-02-13 20:00:00,87,6,0.5595637925748499,0.1548148148148148,0.0,0.2758,optimal
2021-02-13 20:30:00,87,6,0.0,0.0774074074074074,0.0,0.2692,optimal
2021-02-13 21:00:00,87,6,0.0,0.0,0.0,0.15940000000000001,optimal
2021-02-13 21:30:00,87,6,0.0,0.0,0.0,0.2728333333333333,optimal
2021-02-13 22:00:00,87,6,0.0,0.1548148148148148,0.0,0.3087333333333333,optimal
2021-02-13 22:30:00,87,6,0.0,0.0,0.0,0.6053,optimal
2021-02-13 23:00:00,87,6,0.0,0.3096296296296296,0.0,0.4735,optimal
2021-02-13 23:30:00,87,6,0.0,6.410881481481479,0.0,0.4759,optimal
2021-02-07 00:00:00,88,6,0.0,0.0,0.0,0.060333333333333336,optimal
2021-02-07 00:30:00,88,6,0.0,0.0,0.0,0.061,optimal
2021-02-07 01:00:00,88,6,0.0,0.0,0.0,0.19666666666666663,optimal
2021-02-07 01:30:00,88,6,0.0,0.0,0.0,0.11856666666666667,optimal
2021-02-07 02:00:00,88,6,0.0,0.0,0.0,0.1938666666666667,optimal
2021-02-07 02:30:00,88,6,0.0,0.0,0.0,0.0795,optimal
2021-02-07 03:00:00,88,6,0.0,0.0,0.0,0.14043333333333333,optimal
2021-02-07 03:30:00,88,6,0.0,0.0,0.0,0.1905,optimal
2021-02-07 04:00:00,88,6,1.1428571428571428,0.0,0.0,0.061,optimal
2021-02-07 04:30:00,88,6,1.1428571428571428,0.0,0.0,0.13426666666666667,optimal
2021-02-07 05:00:00,88,6,1.1428571428571428,0.0,0.0,0.061,optimal
2021-02-07 05:30:00,88,6,1.1428571428571428,0.0,0.0,0.192,optimal
2021-02-07 06:00:00,88,6,1.1428571428571428,0.0,0.0,0.13893333333333333,optimal
2021-02-07 06:30:00,88,6,1.1428571428571428,0.23222222222222222,0.0,0.05966666666666666,optimal
2021-02-07 07:00:00,88,6,1.1428571428571428,0.5418518518518518,1.7076336144509696,0.17616666666666667,optimal
2021-02-07 07:30:00,88,6,0.0,0.0774074074074074,0.0,0.1724,optimal
2021-02-07 08:00:00,88,6,0.0,1.7803703703703702,0.0,0.24486666666666668,optimal
2021-02-07 08:30:00,88,6,0.483338404772438,4.025185185185184,0.0,0.2011,optimal
2021-02-07 09:00:00,88,6,0.5408967765324972,0.387037037037037,0.0,0.287,optimal
2021-02-07 09:30:00,88,6,0.5912671043959717,0.0,0.0,0.2452,optimal
2021-02-07 10:00:00,88,6,0.5501253472217815,0.387037037037037,0.0,0.14616666666666667,optimal
2021-02-07 10:30:00,88,6,0.5695085010186601,0.0,0.0,0.13133333333333333,optimal
2021-02-07 11:00:00,88,6,0.46187455822991147,0.0,0.0,0.17743333333333333,optimal
2021-02-07 11:30:00,88,6,0.4825888439442059,0.387037037037037,0.0,0.12893333333333334,optimal
2021-02-07 12:00:00,88,6,0.4133808458205468,0.23222222222222222,0.0,0.16996666666666665,optimal
2021-02-07 12:30:00,88,6,0.37239989343959795,0.23222222222222222,0.0,0.2154,optimal
2021-02-07 13:00:00,88,6,0.4318657094111495,0.387037037037037,0.0,0.15180000000000002,optimal
2021-02-07 13:30:00,88,6,0.8710918099469714,0.0,0.0,0.2660666666666667,optimal
2021-02-07 14:00:00,88,6,1.1428571428571428,0.0774074074074074,0.0,1.5291333333333335,optimal
2021-02-07 14:30:00,88,6,1.1428571428571428,0.0,0.0,0.416,optimal
2021-02-07 15:00:00,88,6,1.1428571428571428,0.0774074074074074,0.0,0.37539999999999996,optimal
2021-02-07 15:30:00,88,6,1.1428571428571428,0.0,0.0,0.27626666666666666,optimal
2021-02-07 16:00:00,88,6,0.0,2.3222222222222215,0.0,0.27063333333333334,optimal
2021-02-07 16:30:00,88,6,0.0,0.6966666666666667,0.0,0.5185666666666667,optimal
2021-02-07 17:00:00,88,6,0.0,0.3096296296296296,0.0,2.4165,optimal
2021-02-07 17:30:00,88,6,0.0,0.1548148148148148,0.0,0.35856666666666664,optimal
2021-02-07 18:00:00,88,6,0.0,0.0,0.0,0.2457666666666667,optimal
2021-02-07 18:30:00,88,6,0.0,1.7803703703703702,0.0,0.41843333333333327,optimal
2021-02-07 19:00:00,88,6,0.0,0.23222222222222222,0.0,0.2924333333333333,optimal
2021-02-07 19:30:00,88,6,0.0,0.387037037037037,0.0,0.2953,optimal
2021-02-07 20:00:00,88,6,0.0,0.5418518518518518,0.0,0.29760000000000003,optimal
2021-02-07 20:30:00,88,6,0.0,0.0,0.0,0.28906666666666664,optimal
2021-02-07 21:00:00,88,6,0.0,0.0,0.0,0.4419333333333333,optimal
2021-02-07 21:30:00,88,6,0.0,0.0,0.0,0.46813333333333335,optimal
2021-02-07 22:00:00,88,6,0.0,0.0774074074074074,0.0,0.6292000000000001,optimal
2021-02-07 22:30:00,88,6,0.0,0.0,0.0,0.5343666666666667,optimal
2021-02-07 23:00:00,88,6,0.0,0.0,0.0,0.16276666666666667,optimal
2021-02-07 23:30:00,88,6,0.0,0.0,0.0,0.16966666666666666,optimal
2021-02-08 00:00:00,88,6,0.0,0.0,0.0,0.058333333333333334,optimal
2021-02-08 00:30:00,88,6,0.0,0.0,0.0,0.066,optimal
2021-02-08 01:00:00,88,6,0.0,0.0,0.0,0.2024,optimal
2021-02-08 01:30:00,88,6,0.0,0.0,0.0,0.066,optimal
2021-02-08 02:00:00,88,6,0.8461701497610842,0.0,0.0,0.066,optimal
2021-02-08 02:30:00,88,6,1.1428571428571428,0.0,0.0,0.2024,optimal
2021-02-08 03:00:00,88,6,1.1428571428571428,0.0,0.0,0.066,optimal
2021-02-08 03:30:00,88,6,1.1428571428571428,0.0,0.0,0.066,optimal
2021-02-08 04:00:00,88,6,1.1428571428571428,0.0,0.0,0.2024,optimal
2021-02-08 04:30:00,88,6,1.1428571428571428,0.0,0.0,0.066,optimal
2021-02-08 05:00:00,88,6,1.1428571428571428,0.0,4.910650521038633,0.066,optimal
2021-02-08 05:30:00,88,6,1.1428571428571428,0.0,5.0,0.13419999999999999,optimal
2021-02-08 06:00:00,88,6,1.1428571428571428,0.0,5.0,0.13419999999999999,optimal
2021-02-08 06:30:00,88,6,1.1428571428571428,0.3096296296296296,5.0,0.07146666666666666,optimal
2021-02-08 07:00:00,88,6,1.1428571428571428,3.251111111111111,5.0,0.085,optimal
2021-02-08 07:30:00,88,6,1.1428571428571428,1.1611111111111108,0.0,0.20553333333333332,optimal
2021-02-08 08:00:00,88,6,0.358848293679185,3.173703703703704,0.0,0.8994,optimal
2021-02-08 08:30:00,88,6,0.7249838284284412,0.5418518518518518,0.0,0.1596,optimal
2021-02-08 09:00:00,88,6,0.720533787626904,0.0,0.0,0.066,optimal
2021-02-08 09:30:00,88,6,0.6981590569315967,0.0,0.0,0.12179999999999999,optimal
2021-02-08 10:00:00,88,6,0.5316751168660322,0.0,0.0,0.1466,optimal
2021-02-08 10:30:00,88,6,0.45819270470420237,0.0,0.0,0.21396666666666667,optimal
2021-02-08 11:00:00,88,6,0.22515407439883914,0.0,0.0,0.3318,optimal
2021-02-08 11:30:00,88,6,0.22798615869720243,0.1548148148148148,0.0,0.1446,optimal
2021-02-08 12:00:00,88,6,0.13170794250944123,0.1548148148148148,0.0,1.3158333333333332,optimal
2021-02-08 12:30:00,88,6,0.314189253963314,0.0,0.0,0.066,optimal
2021-02-08 13:00:00,88,6,1.1428571428571428,0.0,0.0,0.066,optimal
2021-02-08 13:30:00,88,6,1.1428571428571428,0.0,0.0,0.066,optimal
2021-02-08 14:00:00,88,6,1.1428571428571428,0.1548148148148148,0.0,1.6008666666666667,optimal
2021-02-08 14:30:00,88,6,1.1428571428571428,0.0,0.0,0.24836666666666668,optimal
2021-02-08 15:00:00,88,6,1.1428571428571428,0.0,0.0,0.066,optimal
2021-02-08 15:30:00,88,6,1.1428571428571428,0.0,0.0,0.2024,optimal
2021-02-08 16:00:00,88,6,0.0,0.0,0.0,0.066,optimal
2021-02-08 16:30:00,88,6,0.0,0.1548148148148148,0.0,0.275,optimal
2021-02-08 17:00:00,88,6,0.0,0.0,0.0,1.2354666666666667,optimal
2021-02-08 17:30:00,88,6,0.0,0.0,0.0,1.3253333333333333,optimal
2021-02-08 18:00:00,88,6,0.0,0.0,0.0,0.347,optimal
2021-02-08 18:30:00,88,6,0.0,0.0,0.0,0.24919999999999998,optimal
2021-02-08 19:00:00,88,6,0.0,0.1548148148148148,0.0,0.3271,optimal
2021-02-08 19:30:00,88,6,0.0,0.5418518518518518,0.0,0.4093333333333333,optimal
2021-02-08 20:00:00,88,6,0.2026724209374739,0.0,0.0,0.16733333333333333,optimal
2021-02-08 20:30:00,88,6,0.0,0.0,0.0,0.47793333333333327,optimal
2021-02-08 21:00:00,88,6,0.0,0.3096296296296296,0.0,0.3542,optimal
2021-02-08 21:30:00,88,6,0.0,0.0,0.0,0.5435333333333333,optimal
2021-02-08 22:00:00,88,6,0.0,0.3096296296296296,0.0,1.3151,optimal
2021-02-08 22:30:00,88,6,0.0,0.0,0.0,0.11053333333333332,optimal
2021-02-08 23:00:00,88,6,0.0,4.721851851851852,0.0,0.3836,optimal
2021-02-08 23:30:00,88,6,0.0,0.9288888888888889,0.0,0.21866666666666662,optimal
2021-02-09 00:00:00,88,6,0.0,0.23222222222222222,0.0,0.058,optimal
2021-02-09 00:30:00,88,6,0.0,0.0,0.0,0.29053333333333337,optimal
2021-02-09 01:00:00,88,6,0.0,0.0,0.0,0.09559999999999999,optimal
2021-02-09 01:30:00,88,6,0.5901037151451001,0.0,0.0,0.13613333333333333,optimal
2021-02-09 02:00:00,88,6,1.1428571428571428,0.0,0.0,0.1846,optimal
2021-02-09 02:30:00,88,6,1.1428571428571428,0.0,0.0,0.1263,optimal
2021-02-09 03:00:00,88,6,1.1428571428571428,0.0,0.0,0.0639,optimal
2021-02-09 03:30:00,88,6,1.1428571428571428,0.0,0.0,0.19053333333333333,optimal
2021-02-09 04:00:00,88,6,1.1428571428571428,0.0,0.0,0.06,optimal
2021-02-09 04:30:00,88,6,1.1428571428571428,0.0,0.0,0.13019999999999998,optimal
2021-02-09 05:00:00,88,6,1.1428571428571428,0.0,0.0,0.06,optimal
2021-02-09 05:30:00,88,6,1.1428571428571428,0.0,0.0,0.1185,optimal
2021-02-09 06:00:00,88,6,1.1428571428571428,0.0,1.7387577530492813,0.2022333333333333,optimal
2021-02-09 06:30:00,88,6,1.1428571428571428,0.0,5.0,0.13019999999999998,optimal
2021-02-09 07:00:00,88,6,1.1428571428571428,4.79925925925926,5.0,0.19140000000000001,optimal
2021-02-09 07:30:00,88,6,1.1428571428571428,2.4770370370370367,0.0,0.8485666666666667,optimal
2021-02-09 08:00:00,88,6,0.49919191594628487,0.46444444444444444,0.0,1.3732,optimal
2021-02-09 08:30:00,88,6,0.5690952804890783,1.006296296296296,0.0,1.063233333333333,optimal
2021-02-09 09:00:00,88,6,0.45559383693522837,0.387037037037037,0.0,1.5402333333333331,optimal
2021-02-09 09:30:00,88,6,0.2759853279255501,0.0,0.0,1.9557333333333329,optimal
2021-02-09 10:00:00,88,6,0.373594303959282,0.0774074074074074,0.0,0.33016666666666666,optimal
2021-02-09 10:30:00,88,6,0.3339602289909129,0.0,0.0,0.5293666666666667,optimal
2021-02-09 11:00:00,88,6,0.1323194319415484,0.23222222222222222,0.0,0.6351,optimal
2021-02-09 11:30:00,88,6,0.24191833123359083,0.0,0.0,0.2916666666666667,optimal
2021-02-09 12:00:00,88,6,0.20096520098194293,0.0,0.0,0.19376666666666667,optimal
2021-02-09 12:30:00,88,6,0.12482344454704825,0.0,0.0,0.2745,optimal
2021-02-09 13:00:00,88,6,0.28194003967015796,0.0774074074074074,0.0,0.44103333333333333,optimal
2021-02-09 13:30:00,88,6,1.1428571428571428,0.1548148148148148,0.0,0.256,optimal
2021-02-09 14:00:00,88,6,1.1428571428571428,0.0,0.0,0.33203333333333335,optimal
2021-02-09 14:30:00,88,6,1.1428571428571428,0.1548148148148148,0.0,0.14256666666666667,optimal
2021-02-09 15:00:00,88,6,1.1428571428571428,1.3933333333333333,0.0,0.26839999999999997,optimal
2021-02-09 15:30:00,88,6,1.1428571428571428,0.387037037037037,0.0,0.32853333333333334,optimal
2021-02-09 16:00:00,88,6,0.0,0.387037037037037,0.0,0.2551333333333333,optimal
2021-02-09 16:30:00,88,6,0.0,0.23222222222222222,0.0,0.43160000000000004,optimal
2021-02-09 17:00:00,88,6,0.0,0.0,0.0,1.7814333333333334,optimal
2021-02-09 17:30:00,88,6,0.0,0.1548148148148148,0.0,0.4181,optimal
2021-02-09 18:00:00,88,6,0.0,0.1548148148148148,0.0,0.4094,optimal
2021-02-09 18:30:00,88,6,0.0,0.0774074074074074,0.0,0.41393333333333326,optimal
2021-02-09 19:00:00,88,6,0.0,0.23222222222222222,0.0,0.5646666666666667,optimal
2021-02-09 19:30:00,88,6,0.0,0.0,0.0,0.6477333333333334,optimal
2021-02-09 20:00:00,88,6,0.0,0.1548148148148148,0.0,0.3849333333333333,optimal
2021-02-09 20:30:00,88,6,0.0,0.46444444444444444,0.0,0.5127999999999999,optimal
2021-02-09 21:00:00,88,6,0.0,0.23222222222222222,0.0,0.27326666666666666,optimal
2021-02-09 21:30:00,88,6,0.0,0.0,0.0,0.3153333333333333,optimal
2021-02-09 22:00:00,88,6,0.0,0.0,0.0,0.24113333333333334,optimal
2021-02-09 22:30:00,88,6,0.0,0.0,0.0,0.4288666666666667,optimal
2021-02-09 23:00:00,88,6,0.0,0.0774074074074074,0.0,0.29646666666666666,optimal
2021-02-09 23:30:00,88,6,0.0,0.1548148148148148,0.0,0.12756666666666666,optimal
2021-02-10 00:00:00,88,6,0.0,0.0,0.0,0.0787,optimal
2021-02-10 00:30:00,88,6,0.0,0.0,0.0,0.11166666666666669,optimal
2021-02-10 01:00:00,88,6,0.057843595511211536,0.0,0.0,0.063,optimal
2021-02-10 01:30:00,88,6,1.1428571428571428,0.0,0.0,0.063,optimal
2021-02-10 02:00:00,88,6,1.1428571428571428,0.0,0.0,0.063,optimal
2021-02-10 02:30:00,88,6,1.1428571428571428,0.0,0.0,0.063,optimal
2021-02-10 03:00:00,88,6,1.1428571428571428,0.0,0.0,0.063,optimal
2021-02-10 03:30:00,88,6,1.1428571428571428,0.0,0.0,0.063,optimal
2021-02-10 04:00:00,88,6,1.1428571428571428,0.0,0.0,0.063,optimal
2021-02-10 04:30:00,88,6,1.1428571428571428,0.0,0.0,0.063,optimal
2021-02-10 05:00:00,88,6,1.1428571428571428,0.0,0.0,0.063,optimal
2021-02-10 05:30:00,88,6,1.1428571428571428,0.0,3.4213973599376186,0.063,optimal
2021-02-10 06:00:00,88,6,1.1428571428571428,0.46444444444444444,5.0,0.11466666666666668,optimal
2021-02-10 06:30:00,88,6,1.1428571428571428,0.23222222222222222,5.0,0.202,optimal
2021-02-10 07:00:00,88,6,1.1428571428571428,0.3096296296296296,0.0,0.24459999999999998,optimal
2021-02-10 07:30:00,88,6,1.1428571428571428,5.805555555555555,0.0,0.2037333333333333,optimal
2021-02-10 08:00:00,88,6,0.7238072958132449,2.39962962962963,0.0,0.071,optimal
2021-02-10 08:30:00,88,6,0.7060886072671203,0.0,0.0,0.071,optimal
2021-02-10 09:00:00,88,6,0.36787503203445077,0.387037037037037,0.0,0.7754333333333333,optimal
2021-02-10 09:30:00,88,6,0.47567539110737217,0.1548148148148148,0.0,0.5564,optimal
2021-02-10 10:00:00,88,6,0.22682229671622176,0.0,0.0,1.2314333333333334,optimal
2021-02-10 10:30:00,88,6,0.3778808993542427,0.0,0.0,0.26139999999999997,optimal
2021-02-10 11:00:00,88,6,0.22192396806195316,2.2448148148148146,0.0,0.4079,optimal
2021-02-10 11:30:00,88,6,0.2561693856936506,0.387037037037037,0.0,0.3710333333333334,optimal
2021-02-10 12:00:00,88,6,0.08309084592381885,1.8577777777777778,0.0,0.3615333333333334,optimal
2021-02-10 12:30:00,88,6,0.0,0.6192592592592592,0.0,0.5622999999999999,optimal
2021-02-10 13:00:00,88,6,0.1122452203360186,0.387037037037037,0.0,0.394,optimal
2021-02-10 13:30:00,88,6,0.10879440424619877,0.0,0.0,0.3874333333333333,optimal
2021-02-10 14:00:00,88,6,0.7163842953821241,0.3096296296296296,0.0,2.0625666666666667,optimal
2021-02-10 14:30:00,88,6,1.1428571428571428,0.0,0.0,1.4186666666666667,optimal
2021-02-10 15:00:00,88,6,1.1428571428571428,0.0,0.0,0.6344,optimal
2021-02-10 15:30:00,88,6,1.1428571428571428,0.6192592592592592,0.0,0.8737,optimal
2021-02-10 16:00:00,88,6,0.0,0.387037037037037,0.0,0.6219,optimal
2021-02-10 16:30:00,88,6,0.0,0.23222222222222222,0.0,0.41756666666666664,optimal
2021-02-10 17:00:00,88,6,0.0,1.0837037037037036,0.0,0.2815666666666667,optimal
2021-02-10 17:30:00,88,6,0.0,1.006296296296296,0.0,0.3592333333333333,optimal
2021-02-10 18:00:00,88,6,0.0,0.0,0.0,1.3819666666666668,optimal
2021-02-10 18:30:00,88,6,0.0,0.0,0.0,0.6872333333333334,optimal
2021-02-10 19:00:00,88,6,0.0,2.2448148148148146,0.0,0.2587,optimal
2021-02-10 19:30:00,88,6,0.0,0.23222222222222222,0.0,0.3858666666666667,optimal
2021-02-10 20:00:00,88,6,0.0,0.0,0.0,0.3831333333333333,optimal
2021-02-10 20:30:00,88,6,0.0,0.5418518518518518,0.0,0.3635333333333334,optimal
2021-02-10 21:00:00,88,6,0.0,0.46444444444444444,0.0,0.3802,optimal
2021-02-10 21:30:00,88,6,0.0,0.0,0.0,0.3400666666666667,optimal
2021-02-10 22:00:00,88,6,0.0,0.6192592592592592,0.0,0.441,optimal
2021-02-10 22:30:00,88,6,0.0,1.0837037037037036,0.0,0.4342,optimal
2021-02-10 23:00:00,88,6,0.0,0.387037037037037,0.0,1.4701666666666668,optimal
2021-02-10 23:30:00,88,6,0.0,0.3096296296296296,0.0,0.4492333333333334,optimal
2021-02-11 00:00:00,88,6,0.0,0.0,0.0,0.054,optimal
2021-02-11 00:30:00,88,6,0.872262399042533,0.0,0.0,0.219,optimal
2021-02-11 01:00:00,88,6,1.1428571428571428,0.0,0.0,0.054,optimal
2021-02-11 01:30:00,88,6,1.1428571428571428,0.0,0.0,0.099,optimal
2021-02-11 02:00:00,88,6,1.1428571428571428,0.0,0.0,0.174,optimal
2021-02-11 02:30:00,88,6,1.1428571428571428,0.0,0.0,0.054,optimal
2021-02-11 03:00:00,88,6,1.1428571428571428,0.0,0.0,0.17366666666666666,optimal
2021-02-11 03:30:00,88,6,1.1428571428571428,0.0,0.0,0.098,optimal
2021-02-11 04:00:00,88,6,1.1428571428571428,0.0,0.0,0.10616666666666669,optimal
2021-02-11 04:30:00,88,6,1.1428571428571428,0.0,0.0,0.1665,optimal
2021-02-11 05:00:00,88,6,1.1428571428571428,0.0,1.0325696099555384,0.054,optimal
2021-02-11 05:30:00,88,6,1.1428571428571428,0.0,5.0,0.0615,optimal
2021-02-11 06:00:00,88,6,1.1428571428571428,0.0,5.0,0.2115,optimal
2021-02-11 06:30:00,88,6,1.1428571428571428,0.0,5.0,0.054,optimal
2021-02-11 07:00:00,88,6,1.1428571428571428,0.3096296296296296,5.0,0.23063333333333333,optimal
2021-02-11 07:30:00,88,6,1.1428571428571428,0.0,0.0,0.069,optimal
2021-02-11 08:00:00,88,6,0.5642769459539898,0.5418518518518518,0.0,2.3141333333333334,optimal
2021-02-11 08:30:00,88,6,0.7419088195064372,5.341111111111111,0.0,1.9253333333333333,optimal
2021-02-11 09:00:00,88,6,0.6964154503922582,0.0,0.0,0.8244,optimal
2021-02-11 09:30:00,88,6,0.6373715079819336,0.387037037037037,0.0,0.36719999999999997,optimal
2021-02-11 10:00:00,88,6,0.34992501364558676,0.0,0.0,0.5797666666666667,optimal
2021-02-11 10:30:00,88,6,0.17984869833159361,0.0,0.0,1.6416,optimal
2021-02-11 11:00:00,88,6,0.20029671965445578,0.0,0.0,2.5705999999999998,optimal
2021-02-11 11:30:00,88,6,0.19382878046360769,0.0,0.0,2.3964000000000003,optimal
2021-02-11 12:00:00,88,6,0.11807559860613476,0.0,0.0,0.229,optimal
2021-02-11 12:30:00,88,6,0.13734700368836875,0.0,0.0,0.064,optimal
2021-02-11 13:00:00,88,6,1.1428571428571428,0.0,0.0,0.064,optimal
2021-02-11 13:30:00,88,6,1.1428571428571428,0.0,0.0,0.229,optimal
2021-02-11 14:00:00,88,6,1.1428571428571428,0.0,0.0,0.064,optimal
2021-02-11 14:30:00,88,6,1.1428571428571428,0.0,0.0,0.06333333333333334,optimal
2021-02-11 15:00:00,88,6,1.1428571428571428,0.0,0.0,0.063,optimal
2021-02-11 15:30:00,88,6,1.1428571428571428,0.1548148148148148,0.0,0.2391,optimal
2021-02-11 16:00:00,88,6,0.0,0.0,0.0,0.07706666666666666,optimal
2021-02-11 16:30:00,88,6,0.0,0.6192592592592592,0.0,0.2698333333333333,optimal
2021-02-11 17:00:00,88,6,0.0,0.23222222222222222,0.0,1.9998666666666662,optimal
2021-02-11 17:30:00,88,6,0.0,0.23222222222222222,0.0,1.6699000000000002,optimal
2021-02-11 18:00:00,88,6,0.0,0.3096296296296296,0.0,0.284,optimal
2021-02-11 18:30:00,88,6,0.0,0.6192592592592592,0.0,0.6150333333333333,optimal
2021-02-11 19:00:00,88,6,0.0,6.347407407407408,0.0,0.44673333333333337,optimal
2021-02-11 19:30:00,88,6,0.0,0.0,0.0,0.5772666666666667,optimal
2021-02-11 20:00:00,88,6,0.7033162771364702,0.0,0.0,0.25856666666666667,optimal
2021-02-11 20:30:00,88,6,0.0,0.0,0.0,0.42610000000000003,optimal
2021-02-11 21:00:00,88,6,0.0,0.0,0.0,0.25403333333333333,optimal
2021-02-11 21:30:00,88,6,0.0,0.0774074074074074,0.0,0.229,optimal
2021-02-11 22:00:00,88,6,0.0,0.5418518518518518,0.0,0.44056666666666666,optimal
2021-02-11 22:30:00,88,6,0.0,0.0,0.0,0.24480000000000002,optimal
2021-02-11 23:00:00,88,6,0.0,0.0,0.0,0.22476666666666667,optimal
2021-02-11 23:30:00,88,6,0.0,0.0,0.0,0.1725,optimal
2021-02-12 00:00:00,88,6,1.1428571428571428,0.0,0.0,0.16303333333333334,optimal
2021-02-12 00:30:00,88,6,1.1428571428571428,0.0,0.0,0.18569999999999998,optimal
2021-02-12 01:00:00,88,6,1.1428571428571428,0.0,0.0,0.1325,optimal
2021-02-12 01:30:00,88,6,1.1428571428571428,0.0,0.0,0.1559,optimal
2021-02-12 02:00:00,88,6,1.1428571428571428,0.0,0.0,0.14873333333333333,optimal
2021-02-12 02:30:00,88,6,1.1428571428571428,0.0,0.0,0.15173333333333333,optimal
2021-02-12 03:00:00,88,6,1.1428571428571428,0.0,0.0,0.1676,optimal
2021-02-12 03:30:00,88,6,1.1428571428571428,0.0,0.0,0.059,optimal
2021-02-12 04:00:00,88,6,1.1428571428571428,0.0,0.0,0.059,optimal
2021-02-12 04:30:00,88,6,1.1428571428571428,0.0,0.0,0.157,optimal
2021-02-12 05:00:00,88,6,1.1428571428571428,0.0,0.0,0.19173333333333328,optimal
2021-02-12 05:30:00,88,6,1.1428571428571428,0.0,0.0,0.06366666666666666,optimal
2021-02-12 06:00:00,88,6,1.1428571428571428,0.1548148148148148,1.3517517597360564,0.15686666666666668,optimal
2021-02-12 06:30:00,88,6,1.1428571428571428,0.6192592592592592,5.0,0.30393333333333333,optimal
2021-02-12 07:00:00,88,6,1.1428571428571428,4.102592592592593,5.0,2.3314,optimal
2021-02-12 07:30:00,88,6,1.1428571428571428,3.6033425568931086,0.0,0.18406666666666663,optimal
2021-02-12 08:00:00,88,6,0.7858081248497975,0.3096296296296296,0.0,0.21166666666666664,optimal
2021-02-12 08:30:00,88,6,0.830098241967361,0.0774074074074074,0.0,0.1103,optimal
2021-02-12 09:00:00,88,6,0.6728360798980294,0.0,0.0,0.2298,optimal
2021-02-12 09:30:00,88,6,0.6182447916048988,4.644444444444443,0.0,0.20403333333333334,optimal
2021-02-12 10:00:00,88,6,0.37708597680720746,0.0,0.0,0.166,optimal
2021-02-12 10:30:00,88,6,0.4055343140006606,0.1548148148148148,0.0,0.08006666666666666,optimal
2021-02-12 11:00:00,88,6,0.18941469934199237,0.0,0.0,0.22296666666666667,optimal
2021-02-12 11:30:00,88,6,0.03938883672926777,0.0774074074074074,0.0,1.6890333333333334,optimal
2021-02-12 12:00:00,88,6,0.15648953909737018,0.0,0.0,0.068,optimal
2021-02-12 12:30:00,88,6,0.09245034315132258,0.0774074074074074,0.0,0.21366666666666662,optimal
2021-02-12 13:00:00,88,6,0.05635037975110792,0.0774074074074074,0.0,0.32503333333333334,optimal
2021-02-12 13:30:00,88,6,0.8930657449836905,0.23222222222222222,0.0,0.3405,optimal
2021-02-12 14:00:00,88,6,1.1428571428571428,0.1548148148148148,0.0,1.7225333333333332,optimal
2021-02-12 14:30:00,88,6,1.1428571428571428,0.0,0.0,0.7211000000000001,optimal
2021-02-12 15:00:00,88,6,1.1428571428571428,0.0,0.0,0.44289999999999996,optimal
2021-02-12 15:30:00,88,6,1.1428571428571428,2.2448148148148146,0.0,0.5426333333333333,optimal
2021-02-12 16:00:00,88,6,0.0,0.387037037037037,0.0,1.789766666666667,optimal
2021-02-12 16:30:00,88,6,0.0,0.23222222222222222,0.0,0.24230000000000002,optimal
2021-02-12 17:00:00,88,6,0.0,0.5418518518518518,0.0,0.6156333333333334,optimal
2021-02-12 17:30:00,88,6,0.0,0.0,0.0,0.4061,optimal
2021-02-12 18:00:00,88,6,0.0,0.0774074074074074,0.0,0.3253333333333333,optimal
2021-02-12 18:30:00,88,6,0.0,0.3096296296296296,0.0,0.3665333333333334,optimal
2021-02-12 19:00:00,88,6,0.0,0.6192592592592592,0.0,0.3463333333333333,optimal
2021-02-12 19:30:00,88,6,0.0,0.0774074074074074,0.0,0.34446666666666664,optimal
2021-02-12 20:00:00,88,6,0.0,0.0774074074074074,0.0,0.236,optimal
2021-02-12 20:30:00,88,6,0.0,0.0,0.0,1.623233333333333,optimal
2021-02-12 21:00:00,88,6,0.0,0.1548148148148148,0.0,0.6055666666666667,optimal
2021-02-12 21:30:00,88,6,0.0,0.0,0.0,0.4356666666666667,optimal
2021-02-12 22:00:00,88,6,0.0,0.0774074074074074,0.0,0.4851666666666667,optimal
2021-02-12 22:30:00,88,6,0.0,0.387037037037037,0.0,0.4329666666666666,optimal
2021-02-12 23:00:00,88,6,0.0,0.1548148148148148,0.0,0.3332,optimal
2021-02-12 23:30:00,88,6,0.0,0.0,0.0,0.12733333333333333,optimal
2021-02-13 00:00:00,88,6,0.0,0.0,0.0,0.12206666666666666,optimal
2021-02-13 00:30:00,88,6,0.0,0.0,0.0,0.1766,optimal
2021-02-13 01:00:00,88,6,0.5593137745292939,0.0,0.0,0.1452,optimal
2021-02-13 01:30:00,88,6,1.1428571428571428,0.0,0.0,0.039,optimal
2021-02-13 02:00:00,88,6,1.1428571428571428,0.0,0.0,0.121,optimal
2021-02-13 02:30:00,88,6,1.1428571428571428,0.0,0.0,0.1948,optimal
2021-02-13 03:00:00,88,6,1.1428571428571428,0.0,0.0,0.0444,optimal
2021-02-13 03:30:00,88,6,1.1428571428571428,0.0,0.0,0.1416,optimal
2021-02-13 04:00:00,88,6,1.1428571428571428,0.0,0.0,0.044899999999999995,optimal
2021-02-13 04:30:00,88,6,1.1428571428571428,0.0,0.0,0.16656666666666667,optimal
2021-02-13 05:00:00,88,6,1.1428571428571428,0.0,0.017357960651817227,0.15159999999999998,optimal
2021-02-13 05:30:00,88,6,1.1428571428571428,0.0,5.0,0.0544,optimal
2021-02-13 06:00:00,88,6,1.1428571428571428,0.0,5.0,0.1146,optimal
2021-02-13 06:30:00,88,6,1.1428571428571428,0.0,5.0,0.2012,optimal
2021-02-13 07:00:00,88,6,1.1428571428571428,0.387037037037037,5.0,0.3577333333333333,optimal
2021-02-13 07:30:00,88,6,1.1428571428571428,0.5418518518518518,0.0,0.5448666666666667,optimal
2021-02-13 08:00:00,88,6,0.8669149942136772,0.0,0.0,0.1387,optimal
2021-02-13 08:30:00,88,6,0.8747138935057203,0.0,0.0,0.10590000000000001,optimal
2021-02-13 09:00:00,88,6,0.7525820854886158,0.0,0.0,0.1679,optimal
2021-02-13 09:30:00,88,6,0.7570337248059514,0.0,0.0,0.1148,optimal
2021-02-13 10:00:00,88,6,0.5532616193955407,0.0,0.0,0.15833333333333335,optimal
2021-02-13 10:30:00,88,6,0.5539748044018675,0.0,0.0,0.147,optimal
2021-02-13 11:00:00,88,6,0.3364837176470563,0.0,0.0,0.1688,optimal
2021-02-13 11:30:00,88,6,0.23344452170100233,0.0774074074074074,0.0,1.25,optimal
2021-02-13 12:00:00,88,6,0.19219935260357338,0.0,0.0,0.19926666666666668,optimal
2021-02-13 12:30:00,88,6,0.11174381785432082,0.6966666666666667,0.0,0.4166666666666667,optimal
2021-02-13 13:00:00,88,6,0.1781025055695798,0.23222222222222222,0.0,0.2092,optimal
2021-02-13 13:30:00,88,6,1.1428571428571428,0.0,0.0,0.3474,optimal
2021-02-13 14:00:00,88,6,1.1428571428571428,0.0,0.0,0.2741,optimal
2021-02-13 14:30:00,88,6,1.1428571428571428,0.0,0.0,0.5405333333333333,optimal
2021-02-13 15:00:00,88,6,1.1428571428571428,0.3096296296296296,0.0,1.1625,optimal
2021-02-13 15:30:00,88,6,1.1428571428571428,0.0,0.0,0.6881333333333334,optimal
2021-02-13 16:00:00,88,6,0.0,0.0,0.0,0.5448999999999999,optimal
2021-02-13 16:30:00,88,6,0.0,0.5418518518518518,0.0,0.4132,optimal
2021-02-13 17:00:00,88,6,0.0,0.1548148148148148,0.0,0.49789999999999995,optimal
2021-02-13 17:30:00,88,6,0.0,0.3096296296296296,0.0,0.5252,optimal
2021-02-13 18:00:00,88,6,0.0,0.774074074074074,0.0,0.285,optimal
2021-02-13 18:30:00,88,6,0.0,1.9351851851851851,0.0,0.2723333333333333,optimal
2021-02-13 19:00:00,88,6,0.0,0.0,0.0,0.17656666666666665,optimal
2021-02-13 19:30:00,88,6,0.0,0.0,0.0,0.35660000000000003,optimal
2021-02-13 20:00:00,88,6,0.0,0.0,0.0,0.37339999999999995,optimal
2021-02-13 20:30:00,88,6,0.0,0.0,0.0,0.3553,optimal
2021-02-13 21:00:00,88,6,0.0,0.0,0.0,0.4274,optimal
2021-02-13 21:30:00,88,6,0.0,7.895555555555555,0.0,0.33543333333333336,optimal
2021-02-13 22:00:00,88,6,0.0,0.23222222222222222,0.0,0.3440666666666667,optimal
2021-02-13 22:30:00,88,6,0.0,0.46444444444444444,0.0,0.5733333333333334,optimal
2021-02-13 23:00:00,88,6,0.0,0.23222222222222222,0.0,0.3609333333333333,optimal
2021-02-13 23:30:00,88,6,0.0,0.0,0.0,0.09620000000000001,optimal
2021-02-07 00:00:00,89,6,0.0,0.0,0.0,0.066,optimal
2021-02-07 00:30:00,89,6,0.0,0.0,0.0,0.1026,optimal
2021-02-07 01:00:00,89,6,0.0,0.0,0.0,0.19693333333333332,optimal
2021-02-07 01:30:00,89,6,0.0,0.0,0.0,0.20853333333333332,optimal
2021-02-07 02:00:00,89,6,0.0,0.0,0.0,0.09040000000000001,optimal
2021-02-07 02:30:00,89,6,0.0,0.0,0.0,0.17126666666666668,optimal
2021-02-07 03:00:00,89,6,0.0,0.0,0.0,0.2464,optimal
2021-02-07 03:30:00,89,6,0.0,0.0,0.0,0.066,optimal
2021-02-07 04:00:00,89,6,1.1428571428571428,0.0,0.0,0.23576666666666668,optimal
2021-02-07 04:30:00,89,6,1.1428571428571428,0.0,0.0,0.1331,optimal
2021-02-07 05:00:00,89,6,1.1428571428571428,0.0,0.0,0.11220000000000001,optimal
2021-02-07 05:30:00,89,6,1.1428571428571428,0.0,0.0,0.14686666666666667,optimal
2021-02-07 06:00:00,89,6,1.1428571428571428,0.0,0.0,0.2523333333333333,optimal
2021-02-07 06:30:00,89,6,1.1428571428571428,0.0,0.0,0.07579999999999999,optimal
2021-02-07 07:00:00,89,6,1.1428571428571428,0.0,2.0120072799789424,0.19403333333333334,optimal
2021-02-07 07:30:00,89,6,0.0,0.0,0.0,0.17483333333333334,optimal
2021-02-07 08:00:00,89,6,0.0,0.0,0.0,0.16353333333333334,optimal
2021-02-07 08:30:00,89,6,0.5949900187957697,0.0774074074074074,0.0,0.06466666666666668,optimal
2021-02-07 09:00:00,89,6,0.42066439558011764,0.23222222222222222,0.0,2.5004666666666666,optimal
2021-02-07 09:30:00,89,6,0.3585566282054906,0.0,0.0,1.8912333333333329,optimal
2021-02-07 10:00:00,89,6,0.3258301091265524,0.0,0.0,0.6204666666666667,optimal
2021-02-07 10:30:00,89,6,0.3918532629234256,0.0,0.0,0.436,optimal
2021-02-07 11:00:00,89,6,0.3364593201346752,0.0,0.0,0.21136666666666667,optimal
2021-02-07 11:30:00,89,6,0.215826939182292,0.5418518518518518,0.0,0.7111333333333333,optimal
2021-02-07 12:00:00,89,6,0.21938084582055284,0.23222222222222222,0.0,0.40066666666666667,optimal
2021-02-07 12:30:00,89,6,0.1842294172491247,0.1548148148148148,0.0,2.0283666666666664,optimal
2021-02-07 13:00:00,89,6,0.21793142369686758,0.0,0.0,0.7667666666666666,optimal
2021-02-07 13:30:00,89,6,0.4212093390481915,0.0,0.0,0.23936666666666667,optimal
2021-02-07 14:00:00,89,6,1.1428571428571428,0.3096296296296296,0.0,0.464,optimal
2021-02-07 14:30:00,89,6,1.1428571428571428,0.0,0.0,0.17573333333333332,optimal
2021-02-07 15:00:00,89,6,1.1428571428571428,0.0,0.0,0.2022333333333333,optimal
2021-02-07 15:30:00,89,6,1.1428571428571428,0.774074074074074,0.0,0.27366666666666667,optimal
2021-02-07 16:00:00,89,6,0.0,0.0774074074074074,0.0,0.4573,optimal
2021-02-07 16:30:00,89,6,0.0,0.0,0.0,0.26743333333333336,optimal
2021-02-07 17:00:00,89,6,0.0,0.5418518518518518,0.0,0.33526666666666666,optimal
2021-02-07 17:30:00,89,6,0.0,0.2740222222222222,0.0,2.948233333333333,optimal
2021-02-07 18:00:00,89,6,0.0,0.2678296296296296,0.0,2.5075333333333334,optimal
2021-02-07 18:30:00,89,6,0.0,0.0,0.0,0.5044333333333333,optimal
2021-02-07 19:00:00,89,6,0.0,0.23222222222222222,0.0,2.7196666666666665,optimal
2021-02-07 19:30:00,89,6,0.0,0.1548148148148148,0.0,0.5151666666666667,optimal
2021-02-07 20:00:00,89,6,0.0,2.8640740740740736,0.0,1.6902000000000001,optimal
2021-02-07 20:30:00,89,6,0.0,0.0,0.0,0.7391333333333333,optimal
2021-02-07 21:00:00,89,6,0.0,0.0,0.0,2.5645666666666664,optimal
2021-02-07 21:30:00,89,6,0.0,0.0,0.0,1.0961333333333334,optimal
2021-02-07 22:00:00,89,6,0.0,0.0,0.0,2.6294,optimal
2021-02-07 22:30:00,89,6,0.0,0.46444444444444444,0.0,1.4499000000000002,optimal
2021-02-07 23:00:00,89,6,0.0,0.23222222222222222,0.0,2.4917,optimal
2021-02-07 23:30:00,89,6,0.0,0.0,0.0,2.996333333333333,optimal
2021-02-08 00:00:00,89,6,0.0,0.0,0.0,0.1482,optimal
2021-02-08 00:30:00,89,6,0.0,0.0,0.0,0.11040000000000001,optimal
2021-02-08 01:00:00,89,6,0.0,0.0,0.0,0.06,optimal
2021-02-08 01:30:00,89,6,0.0,0.0,0.0,0.1734,optimal
2021-02-08 02:00:00,89,6,0.06376796460879094,0.0,0.0,0.0852,optimal
2021-02-08 02:30:00,89,6,1.1428571428571428,0.0,0.0,0.1041,optimal
2021-02-08 03:00:00,89,6,1.1428571428571428,0.0,0.0,0.1545,optimal
2021-02-08 03:30:00,89,6,1.1428571428571428,0.0,0.0,0.0663,optimal
2021-02-08 04:00:00,89,6,1.1428571428571428,0.0,0.0,0.1923,optimal
2021-02-08 04:30:00,89,6,1.1428571428571428,0.0,0.0,0.06,optimal
2021-02-08 05:00:00,89,6,1.1428571428571428,0.0,0.0,0.1986,optimal
2021-02-08 05:30:00,89,6,1.1428571428571428,0.0,2.6119964355950147,0.06,optimal
2021-02-08 06:00:00,89,6,1.1428571428571428,0.0774074074074074,5.0,0.16396666666666668,optimal
2021-02-08 06:30:00,89,6,1.1428571428571428,3.173703703703704,5.0,0.30526666666666663,optimal
2021-02-08 07:00:00,89,6,1.1428571428571428,0.6966666666666667,5.0,1.1502999999999999,optimal
2021-02-08 07:30:00,89,6,1.1428571428571428,1.006296296296296,0.0,1.1521,optimal
2021-02-08 08:00:00,89,6,0.69466734129824,0.6966666666666667,0.0,0.14596666666666666,optimal
2021-02-08 08:30:00,89,6,0.792574304618922,0.0,0.0,0.1393,optimal
2021-02-08 09:00:00,89,6,0.6159909304840478,0.0,0.0,0.0917,optimal
2021-02-08 09:30:00,89,6,0.6430161997887356,0.387037037037037,0.0,0.07773333333333333,optimal
2021-02-08 10:00:00,89,6,0.5216179740088907,0.0,0.0,0.1834,optimal
2021-02-08 10:30:00,89,6,0.5532498475613439,0.0,0.0,0.0952,optimal
2021-02-08 11:00:00,89,6,0.37060740773217293,0.0,0.0,0.1267,optimal
2021-02-08 11:30:00,89,6,0.3591194920305382,0.0,0.0,0.1519,optimal
2021-02-08 12:00:00,89,6,0.3220793710808653,0.0,0.0,0.07,optimal
2021-02-08 12:30:00,89,6,0.27750353967759994,0.0,0.0,0.196,optimal
2021-02-08 13:00:00,89,6,0.40546731986084406,0.0,0.0,0.1051,optimal
2021-02-08 13:30:00,89,6,1.1428571428571428,0.0,0.0,0.1015,optimal
2021-02-08 14:00:00,89,6,1.1428571428571428,0.0,0.0,0.1771,optimal
2021-02-08 14:30:00,89,6,1.1428571428571428,0.0,0.0,0.07,optimal
2021-02-08 15:00:00,89,6,1.1428571428571428,0.3096296296296296,0.0,1.0051333333333332,optimal
2021-02-08 15:30:00,89,6,1.1428571428571428,0.0,0.0,1.5135999999999998,optimal
2021-02-08 16:00:00,89,6,0.0,0.1548148148148148,0.0,0.7138,optimal
2021-02-08 16:30:00,89,6,0.0,0.0774074074074074,0.0,0.43010000000000004,optimal
2021-02-08 17:00:00,89,6,0.0,0.774074074074074,0.0,0.29710000000000003,optimal
2021-02-08 17:30:00,89,6,0.0,8.514814814814814,0.0,1.3765999999999998,optimal
2021-02-08 18:00:00,89,6,0.0,0.8514814814814814,0.0,0.7477666666666667,optimal
2021-02-08 18:30:00,89,6,0.0,0.0,0.0,1.559,optimal
2021-02-08 19:00:00,89,6,0.0,0.0,0.0,0.8291000000000001,optimal
2021-02-08 19:30:00,89,6,0.0,0.0,0.0,1.6542999999999999,optimal
2021-02-08 20:00:00,89,6,0.0,0.6966666666666667,0.0,1.3942999999999999,optimal
2021-02-08 20:30:00,89,6,0.0,3.0188888888888883,0.0,0.3556,optimal
2021-02-08 21:00:00,89,6,0.0,0.0,0.0,0.3043333333333333,optimal
2021-02-08 21:30:00,89,6,0.0,0.0774074074074074,0.0,0.6183,optimal
2021-02-08 22:00:00,89,6,0.0,0.5418518518518518,0.0,0.6577333333333334,optimal
2021-02-08 22:30:00,89,6,0.0,0.23222222222222222,0.0,0.42606666666666665,optimal
2021-02-08 23:00:00,89,6,0.0,0.0,0.0,0.38776666666666665,optimal
2021-02-08 23:30:00,89,6,0.0,0.0,0.0,0.2423333333333333,optimal
2021-02-09 00:00:00,89,6,0.0,0.0,0.0,0.062,optimal
2021-02-09 00:30:00,89,6,0.0,0.0,0.0,0.1164,optimal
2021-02-09 01:00:00,89,6,0.0,0.0,0.0,0.0688,optimal
2021-02-09 01:30:00,89,6,0.7165590463525828,0.0,0.0,0.2152666666666667,optimal
2021-02-09 02:00:00,89,6,1.1428571428571428,0.0,0.0,0.0858,optimal
2021-02-09 02:30:00,89,6,1.1428571428571428,0.0,0.0,0.1412,optimal
2021-02-09 03:00:00,89,6,1.1428571428571428,0.0,0.0,0.17346666666666666,optimal
2021-02-09 03:30:00,89,6,1.1428571428571428,0.0,0.0,0.1232,optimal
2021-02-09 04:00:00,89,6,1.1428571428571428,0.0,1.438089998523328,0.1874,optimal
2021-02-09 04:30:00,89,6,1.1428571428571428,0.0,5.0,0.08986666666666666,optimal
2021-02-09 05:00:00,89,6,1.1428571428571428,0.0,5.0,0.062,optimal
2021-02-09 05:30:00,89,6,1.1428571428571428,0.0,5.0,0.20133333333333328,optimal
2021-02-09 06:00:00,89,6,1.1428571428571428,0.0,5.0,0.07993333333333334,optimal
2021-02-09 06:30:00,89,6,1.1428571428571428,2.4770370370370367,5.0,0.13119999999999998,optimal
2021-02-09 07:00:00,89,6,1.1428571428571428,2.012592592592592,0.0,0.18146666666666667,optimal
2021-02-09 07:30:00,89,6,1.1428571428571428,2.5544444444444445,0.0,0.15259999999999999,optimal
2021-02-09 08:00:00,89,6,0.7371062016605718,0.774074074074074,0.0,0.8632000000000001,optimal
2021-02-09 08:30:00,89,6,0.6666267090605067,0.0,0.0,0.18146666666666667,optimal
2021-02-09 09:00:00,89,6,0.49867955122094154,0.0,0.0,0.14736666666666667,optimal
2021-02-09 09:30:00,89,6,0.38096818506841135,0.387037037037037,0.0,1.2862333333333331,optimal
2021-02-09 10:00:00,89,6,0.35042287538785594,0.5418518518518518,0.0,0.22806666666666664,optimal
2021-02-09 10:30:00,89,6,0.33384022899090826,0.23222222222222222,0.0,0.38226666666666664,optimal
2021-02-09 11:00:00,89,6,0.010567050989169087,0.0,0.0,2.5455666666666668,optimal
2021-02-09 11:30:00,89,6,0.013131664566925149,0.0,0.0,2.9165,optimal
2021-02-09 12:00:00,89,6,0.0,0.5418518518518518,0.0,1.1715666666666666,optimal
2021-02-09 12:30:00,89,6,0.0,0.9288888888888889,0.0,0.5036666666666667,optimal
2021-02-09 13:00:00,89,6,0.0,0.1548148148148148,0.0,1.8056333333333328,optimal
2021-02-09 13:30:00,89,6,0.9405453022982266,0.0,0.0,2.9046333333333334,optimal
2021-02-09 14:00:00,89,6,1.1428571428571428,0.1548148148148148,0.0,1.2907,optimal
2021-02-09 14:30:00,89,6,1.1428571428571428,0.3096296296296296,0.0,0.6396000000000001,optimal
2021-02-09 15:00:00,89,6,1.1428571428571428,0.0,0.0,0.44863333333333333,optimal
2021-02-09 15:30:00,89,6,1.1428571428571428,0.6192592592592592,0.0,0.3534,optimal
2021-02-09 16:00:00,89,6,0.0,0.0,0.0,0.5815666666666667,optimal
2021-02-09 16:30:00,89,6,0.0,0.0,0.0,0.8163666666666667,optimal
2021-02-09 17:00:00,89,6,0.0,6.6570370370370355,0.0,0.5478666666666667,optimal
2021-02-09 17:30:00,89,6,0.0,0.0,0.0,0.4623,optimal
2021-02-09 18:00:00,89,6,0.0,0.0,0.0,0.18893333333333331,optimal
2021-02-09 18:30:00,89,6,0.0,0.0,0.0,0.16953333333333334,optimal
2021-02-09 19:00:00,89,6,0.0,0.0,0.0,0.13319999999999999,optimal
2021-02-09 19:30:00,89,6,0.0,0.23222222222222222,0.0,0.6852,optimal
2021-02-09 20:00:00,89,6,0.0,0.1548148148148148,0.0,0.4402,optimal
2021-02-09 20:30:00,89,6,0.0,0.0,0.0,0.7462333333333333,optimal
2021-02-09 21:00:00,89,6,0.0,0.0,0.0,0.5572666666666667,optimal
2021-02-09 21:30:00,89,6,0.0,0.0,0.0,0.279,optimal
2021-02-09 22:00:00,89,6,0.0,0.23222222222222222,0.0,0.5612666666666667,optimal
2021-02-09 22:30:00,89,6,0.0,0.0,0.0,0.34946666666666665,optimal
2021-02-09 23:00:00,89,6,0.0,0.0,0.0,0.27016666666666667,optimal
2021-02-09 23:30:00,89,6,0.0,0.1548148148148148,0.0,0.3361,optimal
2021-02-10 00:00:00,89,6,0.0,0.0,0.0,0.059,optimal
2021-02-10 00:30:00,89,6,0.0,0.0,0.0,0.059,optimal
2021-02-10 01:00:00,89,6,0.0,0.0,0.0,0.059,optimal
2021-02-10 01:30:00,89,6,0.13523072290529659,0.0,0.0,0.10579999999999999,optimal
2021-02-10 02:00:00,89,6,1.1428571428571428,0.0,0.0,0.0824,optimal
2021-02-10 02:30:00,89,6,1.1428571428571428,0.0,0.0,0.17859999999999998,optimal
2021-02-10 03:00:00,89,6,1.1428571428571428,0.0,0.0,0.09759999999999999,optimal
2021-02-10 03:30:00,89,6,1.1428571428571428,0.0,0.0,0.059,optimal
2021-02-10 04:00:00,89,6,1.1428571428571428,0.0,0.0,0.10579999999999999,optimal
2021-02-10 04:30:00,89,6,1.1428571428571428,0.0,3.2939383226362016,0.1257333333333333,optimal
2021-02-10 05:00:00,89,6,1.1428571428571428,0.6192592592592592,5.0,0.101,optimal
2021-02-10 05:30:00,89,6,1.1428571428571428,0.1548148148148148,5.0,1.0902,optimal
2021-02-10 06:00:00,89,6,1.1428571428571428,6.037777777777777,0.0,1.1005333333333334,optimal
2021-02-10 06:30:00,89,6,1.1428571428571428,0.387037037037037,0.0,0.334,optimal
2021-02-10 07:00:00,89,6,1.1428571428571428,0.387037037037037,0.0,0.213,optimal
2021-02-10 07:30:00,89,6,1.1428571428571428,0.0,0.0,0.4054,optimal
2021-02-10 08:00:00,89,6,0.6751977720037252,0.3096296296296296,0.0,0.37189999999999995,optimal
2021-02-10 08:30:00,89,6,0.5524219406004509,0.3096296296296296,0.0,2.393733333333333,optimal
2021-02-10 09:00:00,89,6,0.4967702701296915,0.387037037037037,0.0,0.3157,optimal
2021-02-10 09:30:00,89,6,0.369659200631181,0.46444444444444444,0.0,0.9905666666666668,optimal
2021-02-10 10:00:00,89,6,0.025206106240034526,0.0,0.0,2.8668666666666667,optimal
2021-02-10 10:30:00,89,6,0.354314232687579,0.0,0.0,0.9920666666666669,optimal
2021-02-10 11:00:00,89,6,0.23245253949051797,0.0,0.0,1.6692,optimal
2021-02-10 11:30:00,89,6,0.1803074809317407,0.0,0.0,2.051766666666667,optimal
2021-02-10 12:00:00,89,6,0.0,0.46444444444444444,0.0,2.4185,optimal
2021-02-10 12:30:00,89,6,0.0,0.0,0.0,0.16673333333333332,optimal
2021-02-10 13:00:00,89,6,0.12142024906351513,0.1548148148148148,0.0,0.1262,optimal
2021-02-10 13:30:00,89,6,0.1065734518652472,0.0,0.0,0.9823999999999999,optimal
2021-02-10 14:00:00,89,6,1.0737215069243788,0.1548148148148148,0.0,1.4995,optimal
2021-02-10 14:30:00,89,6,1.1428571428571428,0.23222222222222222,0.0,0.8505333333333333,optimal
2021-02-10 15:00:00,89,6,1.1428571428571428,0.0,0.0,1.4116333333333335,optimal
2021-02-10 15:30:00,89,6,1.1428571428571428,0.0,0.0,1.1094000000000002,optimal
2021-02-10 16:00:00,89,6,0.0,0.46444444444444444,0.0,2.5448000000000004,optimal
2021-02-10 16:30:00,89,6,0.0,0.6966666666666667,0.0,2.663333333333333,optimal
2021-02-10 17:00:00,89,6,0.0,0.3096296296296296,0.0,0.3778,optimal
2021-02-10 17:30:00,89,6,0.0,0.3096296296296296,0.0,1.4245999999999999,optimal
2021-02-10 18:00:00,89,6,0.0,0.0,0.0,2.689633333333333,optimal
2021-02-10 18:30:00,89,6,0.0,0.5418518518518518,0.0,0.23326666666666668,optimal
2021-02-10 19:00:00,89,6,0.0,0.5418518518518518,0.0,0.14833333333333334,optimal
2021-02-10 19:30:00,89,6,0.0,0.46444444444444444,0.0,0.8223333333333334,optimal
2021-02-10 20:00:00,89,6,0.0,0.0,0.0,1.7229666666666668,optimal
2021-02-10 20:30:00,89,6,0.0,0.387037037037037,0.0,2.147,optimal
2021-02-10 21:00:00,89,6,0.0,0.3096296296296296,0.0,0.33493333333333336,optimal
2021-02-10 21:30:00,89,6,0.0,0.0,0.0,0.6116333333333334,optimal
2021-02-10 22:00:00,89,6,0.0,0.1548148148148148,0.0,0.26339999999999997,optimal
2021-02-10 22:30:00,89,6,0.0,0.0,0.0,0.18130000000000002,optimal
2021-02-10 23:00:00,89,6,0.0,0.0,0.0,0.0885,optimal
2021-02-10 23:30:00,89,6,0.0,0.0,0.0,0.069,optimal
2021-02-11 00:00:00,89,6,1.1428571428571428,0.0,0.0,0.043,optimal
2021-02-11 00:30:00,89,6,1.1428571428571428,0.0,0.0,0.043,optimal
2021-02-11 01:00:00,89,6,1.1428571428571428,0.0,0.0,0.043,optimal
2021-02-11 01:30:00,89,6,1.1428571428571428,0.0,0.0,0.1662,optimal
2021-02-11 02:00:00,89,6,1.1428571428571428,0.0,0.0,0.043,optimal
2021-02-11 02:30:00,89,6,1.1428571428571428,0.0,0.0,0.1494,optimal
2021-02-11 03:00:00,89,6,1.1428571428571428,0.0,0.0,0.0598,optimal
2021-02-11 03:30:00,89,6,1.1428571428571428,0.0,0.0,0.0878,optimal
2021-02-11 04:00:00,89,6,1.1428571428571428,0.0,0.0,0.12140000000000001,optimal
2021-02-11 04:30:00,89,6,1.1428571428571428,0.0,0.0,0.043,optimal
2021-02-11 05:00:00,89,6,1.1428571428571428,0.0,0.0,0.048600000000000004,optimal
2021-02-11 05:30:00,89,6,1.1428571428571428,0.0,0.0,0.1606,optimal
2021-02-11 06:00:00,89,6,1.1428571428571428,0.0,0.0,0.043,optimal
2021-02-11 06:30:00,89,6,1.1428571428571428,0.0,3.6611401670771664,0.07659999999999999,optimal
2021-02-11 07:00:00,89,6,1.1428571428571428,0.0,5.0,0.1326,optimal
2021-02-11 07:30:00,89,6,1.1428571428571428,0.7204636385175528,0.0,0.042333333333333334,optimal
2021-02-11 08:00:00,89,6,0.7923531364301716,0.5418518518518518,0.0,0.0464,optimal
2021-02-11 08:30:00,89,6,0.6091202480778624,0.5418518518518518,0.0,1.0024666666666668,optimal
2021-02-11 09:00:00,89,6,0.618741164677972,0.0,0.0,0.4662,optimal
2021-02-11 09:30:00,89,6,0.6223257936962285,0.0,0.0,0.3442,optimal
2021-02-11 10:00:00,89,6,0.3633554898360659,0.0,0.0,0.2395,optimal
2021-02-11 10:30:00,89,6,0.40707346023634944,0.3096296296296296,0.0,0.12253333333333331,optimal
2021-02-11 11:00:00,89,6,0.1946586244163593,0.0,0.0,0.2973,optimal
2021-02-11 11:30:00,89,6,0.2264325899874207,0.1548148148148148,0.0,0.05966666666666666,optimal
2021-02-11 12:00:00,89,6,0.0,0.3096296296296296,0.0,0.9494,optimal
2021-02-11 12:30:00,89,6,0.0,0.0,0.0,0.30369999999999997,optimal
2021-02-11 13:00:00,89,6,1.1428571428571428,0.0,0.0,0.07093333333333333,optimal
2021-02-11 13:30:00,89,6,1.1428571428571428,0.46444444444444444,0.0,0.192,optimal
2021-02-11 14:00:00,89,6,1.1428571428571428,0.0,0.0,0.0683,optimal
2021-02-11 14:30:00,89,6,1.1428571428571428,0.3096296296296296,0.0,0.14443333333333333,optimal
2021-02-11 15:00:00,89,6,1.1428571428571428,0.1548148148148148,0.0,0.2384,optimal
2021-02-11 15:30:00,89,6,1.1428571428571428,0.0,0.0,0.17976666666666669,optimal
2021-02-11 16:00:00,89,6,0.0,0.0,0.0,0.19146666666666667,optimal
2021-02-11 16:30:00,89,6,0.0,0.0,0.0,0.22553333333333334,optimal
2021-02-11 17:00:00,89,6,0.0,0.0,0.0,0.053,optimal
2021-02-11 17:30:00,89,6,0.0,0.1548148148148148,0.0,0.15166666666666664,optimal
2021-02-11 18:00:00,89,6,0.0,0.0,0.0,0.19016666666666662,optimal
2021-02-11 18:30:00,89,6,0.0,0.0,0.0,0.27253333333333335,optimal
2021-02-11 19:00:00,89,6,0.0,0.23222222222222222,0.0,0.3875,optimal
2021-02-11 19:30:00,89,6,0.006066288180988887,0.1548148148148148,0.0,0.27223333333333327,optimal
2021-02-11 20:00:00,89,6,0.8978734923366799,0.387037037037037,0.0,0.23263333333333333,optimal
2021-02-11 20:30:00,89,6,0.0,0.0,0.0,0.2397333333333333,optimal
2021-02-11 21:00:00,89,6,0.0,0.0,0.0,0.23896666666666666,optimal
2021-02-11 21:30:00,89,6,0.0,0.3096296296296296,0.0,0.21236666666666668,optimal
2021-02-11 22:00:00,89,6,0.0,0.0,0.0,0.053,optimal
2021-02-11 22:30:00,89,6,0.0,0.0,0.0,0.1762,optimal
2021-02-11 23:00:00,89,6,0.0,0.0,0.0,0.053,optimal
2021-02-11 23:30:00,89,6,0.0,0.0,0.0,0.053,optimal
2021-02-12 00:00:00,89,6,1.1428571428571428,0.0,0.0,0.062,optimal
2021-02-12 00:30:00,89,6,1.1428571428571428,0.0,0.0,0.062,optimal
2021-02-12 01:00:00,89,6,1.1428571428571428,0.0,0.0,0.09583333333333331,optimal
2021-02-12 01:30:00,89,6,1.1428571428571428,0.0,0.0,0.1313666666666667,optimal
2021-02-12 02:00:00,89,6,1.1428571428571428,0.0,0.0,0.1992,optimal
2021-02-12 02:30:00,89,6,1.1428571428571428,0.0,0.0,0.19346666666666668,optimal
2021-02-12 03:00:00,89,6,1.1428571428571428,0.0,0.0,0.24559999999999998,optimal
2021-02-12 03:30:00,89,6,1.1428571428571428,0.0,0.0,0.10236666666666666,optimal
2021-02-12 04:00:00,89,6,1.1428571428571428,0.0,0.0,0.14876666666666669,optimal
2021-02-12 04:30:00,89,6,1.1428571428571428,0.0,0.0,0.263,optimal
2021-02-12 05:00:00,89,6,1.1428571428571428,0.0,0.0,0.11516666666666668,optimal
2021-02-12 05:30:00,89,6,1.1428571428571428,0.0,0.0,0.1113,optimal
2021-02-12 06:00:00,89,6,1.1428571428571428,0.0,0.0,0.17006666666666667,optimal
2021-02-12 06:30:00,89,6,1.1428571428571428,0.0,3.391314129349251,0.23106666666666664,optimal
2021-02-12 07:00:00,89,6,1.1428571428571428,0.0,5.0,0.29733333333333334,optimal
2021-02-12 07:30:00,89,6,1.1428571428571428,8.602694853226273,0.0,0.2799333333333333,optimal
2021-02-12 08:00:00,89,6,0.7222728867545657,0.1548148148148148,0.0,0.6582666666666667,optimal
2021-02-12 08:30:00,89,6,0.4365696705387891,2.2448148148148146,0.0,3.136333333333333,optimal
2021-02-12 09:00:00,89,6,0.497978937040888,5.960370370370371,0.0,2.8522,optimal
2021-02-12 09:30:00,89,6,0.4926428868429926,0.0,0.0,2.474333333333333,optimal
2021-02-12 10:00:00,89,6,0.3431431196643502,0.387037037037037,0.0,0.2544,optimal
2021-02-12 10:30:00,89,6,0.38464859971495435,0.0,0.0,0.19976666666666668,optimal
2021-02-12 11:00:00,89,6,0.1888051755324725,0.387037037037037,0.0,0.24236666666666667,optimal
2021-02-12 11:30:00,89,6,0.09868978911022727,0.0,0.0,0.5502666666666667,optimal
2021-02-12 12:00:00,89,6,0.0971181105259512,0.0,0.0,0.3314,optimal
2021-02-12 12:30:00,89,6,0.10756462886560168,0.1548148148148148,0.0,0.2523333333333333,optimal
2021-02-12 13:00:00,89,6,0.0,0.46444444444444444,0.0,0.4781,optimal
2021-02-12 13:30:00,89,6,0.0,0.6192592592592592,0.0,1.5148,optimal
2021-02-12 14:00:00,89,6,0.8173343716187349,0.0,0.0,1.5675333333333332,optimal
2021-02-12 14:30:00,89,6,1.1428571428571428,0.1548148148148148,0.0,2.4,optimal
2021-02-12 15:00:00,89,6,1.1428571428571428,0.3096296296296296,0.0,0.7364666666666667,optimal
2021-02-12 15:30:00,89,6,1.1428571428571428,0.0,0.0,0.7182999999999999,optimal
2021-02-12 16:00:00,89,6,0.0,0.6966666666666667,0.0,0.5855333333333334,optimal
2021-02-12 16:30:00,89,6,0.0,1.315925925925926,0.0,0.6568666666666667,optimal
2021-02-12 17:00:00,89,6,0.0,0.0,0.0,0.3842,optimal
2021-02-12 17:30:00,89,6,0.0,0.1548148148148148,0.0,0.5141333333333333,optimal
2021-02-12 18:00:00,89,6,0.0,0.5418518518518518,0.0,0.4091,optimal
2021-02-12 18:30:00,89,6,0.0,0.0,0.0,0.2824,optimal
2021-02-12 19:00:00,89,6,0.0,1.7029629629629628,0.0,0.29833333333333334,optimal
2021-02-12 19:30:00,89,6,0.0,0.0,0.0,0.3166333333333333,optimal
2021-02-12 20:00:00,89,6,0.0,0.0,0.0,0.7303666666666667,optimal
2021-02-12 20:30:00,89,6,0.0,0.0,0.0,0.48536666666666667,optimal
2021-02-12 21:00:00,89,6,0.0,0.0,0.0,1.1024333333333334,optimal
2021-02-12 21:30:00,89,6,0.0,0.0,0.0,1.9969000000000001,optimal
2021-02-12 22:00:00,89,6,0.0,0.0,0.0,0.9781666666666666,optimal
2021-02-12 22:30:00,89,6,0.0,0.1548148148148148,0.0,2.1224666666666665,optimal
2021-02-12 23:00:00,89,6,0.0,0.0,0.0,0.9368,optimal
2021-02-12 23:30:00,89,6,0.0,0.0,0.0,0.38713333333333333,optimal
2021-02-13 00:00:00,89,6,0.0,0.0774074074074074,0.0,0.29046666666666665,optimal
2021-02-13 00:30:00,89,6,0.0,0.0,0.0,0.2831666666666667,optimal
2021-02-13 01:00:00,89,6,0.0,0.0,0.0,0.15533333333333335,optimal
2021-02-13 01:30:00,89,6,0.4996814908351407,0.0,0.0,0.11,optimal
2021-02-13 02:00:00,89,6,1.1428571428571428,0.0,0.0,0.19533333333333328,optimal
2021-02-13 02:30:00,89,6,1.1428571428571428,0.0,0.0,0.056,optimal
2021-02-13 03:00:00,89,6,1.1428571428571428,0.0,0.0,0.0985,optimal
2021-02-13 03:30:00,89,6,1.1428571428571428,0.0,0.0,0.2428333333333333,optimal
2021-02-13 04:00:00,89,6,1.1428571428571428,0.0,0.0,0.062,optimal
2021-02-13 04:30:00,89,6,1.1428571428571428,0.0,0.0,0.1155,optimal
2021-02-13 05:00:00,89,6,1.1428571428571428,0.0,1.969983567392702,0.2458333333333333,optimal
2021-02-13 05:30:00,89,6,1.1428571428571428,0.0,5.0,0.15380000000000002,optimal
2021-02-13 06:00:00,89,6,1.1428571428571428,0.3096296296296296,5.0,1.1222333333333332,optimal
2021-02-13 06:30:00,89,6,1.1428571428571428,0.774074074074074,5.0,0.41723333333333334,optimal
2021-02-13 07:00:00,89,6,1.1428571428571428,0.46444444444444444,5.0,0.154,optimal
2021-02-13 07:30:00,89,6,1.1428571428571428,0.0,0.0,0.15266666666666664,optimal
2021-02-13 08:00:00,89,6,0.7547149942136776,2.3222222222222215,0.0,0.12726666666666667,optimal
2021-02-13 08:30:00,89,6,0.641538655410479,0.46444444444444444,0.0,0.48419999999999996,optimal
2021-02-13 09:00:00,89,6,0.6445916092981335,0.3096296296296296,0.0,0.18806666666666663,optimal
2021-02-13 09:30:00,89,6,0.6519861057583337,0.0,0.0,0.11066666666666669,optimal
2021-02-13 10:00:00,89,6,0.442718762252689,0.0,0.0,0.32193333333333335,optimal
2021-02-13 10:30:00,89,6,0.419584328211393,0.23222222222222222,0.0,0.4582333333333333,optimal
2021-02-13 11:00:00,89,6,0.2430646700280103,0.23222222222222222,0.0,0.3153,optimal
2021-02-13 11:30:00,89,6,0.34062547408194543,0.0,0.0,0.156,optimal
2021-02-13 12:00:00,89,6,0.26452316212738525,0.0,0.0,0.11666666666666668,optimal
2021-02-13 12:30:00,89,6,0.2249495321400379,0.0,0.0,0.24016666666666664,optimal
2021-02-13 13:00:00,89,6,1.1428571428571428,0.0,0.0,0.0705,optimal
2021-02-13 13:30:00,89,6,1.1428571428571428,0.0,0.0,0.066,optimal
2021-02-13 14:00:00,89,6,1.1428571428571428,0.0,0.0,0.2458333333333333,optimal
2021-02-13 14:30:00,89,6,1.1428571428571428,0.0,0.0,0.1155,optimal
2021-02-13 15:00:00,89,6,1.1428571428571428,0.0,0.0,0.1445,optimal
2021-02-13 15:30:00,89,6,1.1428571428571428,0.0,0.0,0.3021666666666667,optimal
2021-02-13 16:00:00,89,6,0.0,0.23222222222222222,0.0,0.194,optimal
2021-02-13 16:30:00,89,6,0.0,0.387037037037037,0.0,0.3852,optimal
2021-02-13 17:00:00,89,6,0.0,0.0,0.0,0.29,optimal
2021-02-13 17:30:00,89,6,0.0,0.3096296296296296,0.0,0.44903333333333334,optimal
2021-02-13 18:00:00,89,6,0.0,0.46444444444444444,0.0,0.5204333333333333,optimal
2021-02-13 18:30:00,89,6,0.0,0.46444444444444444,0.0,0.40063333333333334,optimal
2021-02-13 19:00:00,89,6,0.0,0.23222222222222222,0.0,0.49956666666666666,optimal
2021-02-13 19:30:00,89,6,0.005695493133670758,0.0774074074074074,0.0,0.9744666666666668,optimal
2021-02-13 20:00:00,89,6,0.596775099787651,0.23222222222222222,0.0,0.3781666666666667,optimal
2021-02-13 20:30:00,89,6,0.0,0.0774074074074074,0.0,0.6399333333333332,optimal
2021-02-13 21:00:00,89,6,0.0,0.0,0.0,0.6342333333333333,optimal
2021-02-13 21:30:00,89,6,0.0,0.23222222222222222,0.0,0.3635,optimal
2021-02-13 22:00:00,89,6,0.0,0.5418518518518518,0.0,0.34926666666666667,optimal
2021-02-13 22:30:00,89,6,0.0,0.0,0.0,0.13533333333333333,optimal
2021-02-13 23:00:00,89,6,0.0,0.0,0.0,0.18766666666666662,optimal
2021-02-13 23:30:00,89,6,0.0,0.0,0.0,0.243,optimal
2021-02-07 00:00:00,90,6,0.0,0.0,0.0,0.1154,optimal
2021-02-07 00:30:00,90,6,0.0,0.0,0.0,0.06,optimal
2021-02-07 01:00:00,90,6,0.0,0.0,0.0,0.06,optimal
2021-02-07 01:30:00,90,6,0.0,0.0,0.0,0.06,optimal
2021-02-07 02:00:00,90,6,0.0,0.0,0.0,0.06,optimal
2021-02-07 02:30:00,90,6,0.0,0.0,0.0,0.06,optimal
2021-02-07 03:00:00,90,6,0.0,0.0,0.0,0.06,optimal
2021-02-07 03:30:00,90,6,0.0,0.0,0.0,0.06,optimal
2021-02-07 04:00:00,90,6,1.1428571428571428,0.0,0.0,0.06,optimal
2021-02-07 04:30:00,90,6,1.1428571428571428,0.0,0.0,0.06,optimal
2021-02-07 05:00:00,90,6,1.1428571428571428,0.0,1.1060376930150764,0.14066666666666666,optimal
2021-02-07 05:30:00,90,6,1.1428571428571428,0.0,0.0,2.023733333333333,optimal
2021-02-07 06:00:00,90,6,1.1428571428571428,0.8514814814814814,0.0,0.18306666666666663,optimal
2021-02-07 06:30:00,90,6,1.1428571428571428,3.173703703703704,0.0,0.27246666666666663,optimal
2021-02-07 07:00:00,90,6,1.1428571428571428,0.6192592592592592,0.0,0.5307333333333334,optimal
2021-02-07 07:30:00,90,6,0.0,0.46444444444444444,0.0,0.20566666666666664,optimal
2021-02-07 08:00:00,90,6,0.0,1.6255555555555554,0.0,0.08416666666666667,optimal
2021-02-07 08:30:00,90,6,0.47069078483931737,0.0,0.0,0.07,optimal
2021-02-07 09:00:00,90,6,0.7199824908182197,0.0,0.0,0.07,optimal
2021-02-07 09:30:00,90,6,0.7178385329673996,0.0,0.0,0.07,optimal
2021-02-07 10:00:00,90,6,0.6421158234122598,0.0,0.0,0.07,optimal
2021-02-07 10:30:00,90,6,0.6464037391138999,0.0,0.0,0.07,optimal
2021-02-07 11:00:00,90,6,0.5519412248965808,0.0,0.0,0.07,optimal
2021-02-07 11:30:00,90,6,0.5519412248965808,0.0,0.0,0.07,optimal
2021-02-07 12:00:00,90,6,0.4841713220110213,0.0,0.0,0.07,optimal
2021-02-07 12:30:00,90,6,0.4841713220110213,0.0,0.0,0.07,optimal
2021-02-07 13:00:00,90,6,1.1428571428571428,0.0,0.0,0.07,optimal
2021-02-07 13:30:00,90,6,1.1428571428571428,0.0,0.0,0.06866666666666667,optimal
2021-02-07 14:00:00,90,6,1.1428571428571428,0.0,0.0,0.07,optimal
2021-02-07 14:30:00,90,6,1.1428571428571428,0.0,0.0,0.07,optimal
2021-02-07 15:00:00,90,6,1.1428571428571428,0.0,0.0,0.07,optimal
2021-02-07 15:30:00,90,6,1.1428571428571428,0.0,0.0,0.6266666666666666,optimal
2021-02-07 16:00:00,90,6,0.0,0.6966666666666667,0.0,1.6569,optimal
2021-02-07 16:30:00,90,6,0.0,0.3096296296296296,0.0,0.23906666666666662,optimal
2021-02-07 17:00:00,90,6,0.0,0.9288888888888889,0.0,0.766,optimal
2021-02-07 17:30:00,90,6,0.0,0.387037037037037,0.0,2.468833333333333,optimal
2021-02-07 18:00:00,90,6,0.0,0.46444444444444444,0.0,1.3237999999999999,optimal
2021-02-07 18:30:00,90,6,0.0,0.0774074074074074,0.0,1.9885,optimal
2021-02-07 19:00:00,90,6,0.0,0.46444444444444444,0.0,0.2994,optimal
2021-02-07 19:30:00,90,6,0.0,0.0,0.0,0.4908,optimal
2021-02-07 20:00:00,90,6,0.15705154995088136,0.3096296296296296,0.0,0.222,optimal
2021-02-07 20:30:00,90,6,0.0,0.0,0.0,0.5517666666666666,optimal
2021-02-07 21:00:00,90,6,0.0,0.0,0.0,0.22683333333333328,optimal
2021-02-07 21:30:00,90,6,0.0,0.0,0.0,0.21769999999999998,optimal
2021-02-07 22:00:00,90,6,0.0,0.0,0.0,0.8346666666666667,optimal
2021-02-07 22:30:00,90,6,0.0,0.0,0.0,1.9157333333333328,optimal
2021-02-07 23:00:00,90,6,0.0,0.0,0.0,0.9007333333333333,optimal
2021-02-07 23:30:00,90,6,0.0,0.0,0.0,0.07,optimal
2021-02-08 00:00:00,90,6,0.0,0.0,0.0,0.066,optimal
2021-02-08 00:30:00,90,6,0.0,0.0,0.0,0.1392,optimal
2021-02-08 01:00:00,90,6,0.0,0.0,0.0,0.066,optimal
2021-02-08 01:30:00,90,6,0.0,0.0,0.0,0.1392,optimal
2021-02-08 02:00:00,90,6,0.4061473640374367,0.0,0.0,0.066,optimal
2021-02-08 02:30:00,90,6,1.1428571428571428,0.0,0.0,0.07006666666666667,optimal
2021-02-08 03:00:00,90,6,1.1428571428571428,0.0,0.0,0.13513333333333333,optimal
2021-02-08 03:30:00,90,6,1.1428571428571428,0.0,0.0,0.066,optimal
2021-02-08 04:00:00,90,6,1.1428571428571428,0.0,0.0,0.066,optimal
2021-02-08 04:30:00,90,6,1.1428571428571428,0.0,0.0,0.066,optimal
2021-02-08 05:00:00,90,6,1.1428571428571428,0.0,0.0,0.1392,optimal
2021-02-08 05:30:00,90,6,1.1428571428571428,0.0,0.0,0.066,optimal
2021-02-08 06:00:00,90,6,1.1428571428571428,0.0774074074074074,0.0,0.06466666666666668,optimal
2021-02-08 06:30:00,90,6,1.1428571428571428,1.548148148148148,2.500948688225181,0.1372,optimal
2021-02-08 07:00:00,90,6,1.1428571428571428,0.6192592592592592,5.0,0.064,optimal
2021-02-08 07:30:00,90,6,1.1428571428571428,5.418518518518519,0.0,0.28446666666666665,optimal
2021-02-08 08:00:00,90,6,0.5052101984410898,0.3096296296296296,0.0,0.3715333333333334,optimal
2021-02-08 08:30:00,90,6,0.5745743046189223,0.387037037037037,0.0,0.4492,optimal
2021-02-08 09:00:00,90,6,0.5027242638173799,0.6192592592592592,0.0,0.3706666666666667,optimal
2021-02-08 09:30:00,90,6,0.41322572359826093,0.3096296296296296,0.0,0.7251000000000001,optimal
2021-02-08 10:00:00,90,6,0.2634179740088854,0.23222222222222222,0.0,0.492,optimal
2021-02-08 10:30:00,90,6,0.3588498475613347,0.0,0.0,0.4784,optimal
2021-02-08 11:00:00,90,6,0.2111026458274111,0.0,0.0,0.4355333333333334,optimal
2021-02-08 11:30:00,90,6,0.20993853964959086,0.23222222222222222,0.0,0.4389333333333333,optimal
2021-02-08 12:00:00,90,6,0.32033651393801166,0.0,0.0,0.076,optimal
2021-02-08 12:30:00,90,6,0.30246544443950435,0.0,0.0,0.10853333333333332,optimal
2021-02-08 13:00:00,90,6,0.31092863290830247,0.0,0.0,0.11666666666666668,optimal
2021-02-08 13:30:00,90,6,0.3182597648257139,0.0,0.0,0.076,optimal
2021-02-08 14:00:00,90,6,1.0724377118605382,0.0,0.0,0.076,optimal
2021-02-08 14:30:00,90,6,1.1428571428571428,0.0,0.0,0.19466666666666663,optimal
2021-02-08 15:00:00,90,6,1.1428571428571428,0.0,0.0,0.47303333333333336,optimal
2021-02-08 15:30:00,90,6,1.1428571428571428,0.23222222222222222,0.0,1.8654666666666666,optimal
2021-02-08 16:00:00,90,6,0.0,0.46444444444444444,0.0,1.1079,optimal
2021-02-08 16:30:00,90,6,0.0,0.5418518518518518,0.0,2.403,optimal
2021-02-08 17:00:00,90,6,0.0,0.0,0.0,0.20563333333333333,optimal
2021-02-08 17:30:00,90,6,0.0,0.23222222222222222,0.0,0.3452,optimal
2021-02-08 18:00:00,90,6,0.0,0.23222222222222222,0.0,0.271,optimal
2021-02-08 18:30:00,90,6,0.0,0.6192592592592592,0.0,0.3143333333333333,optimal
2021-02-08 19:00:00,90,6,0.0,0.0,0.0,0.28146666666666664,optimal
2021-02-08 19:30:00,90,6,0.0,0.6192592592592592,0.0,0.45089999999999997,optimal
2021-02-08 20:00:00,90,6,0.0,0.23222222222222222,0.0,0.4479333333333333,optimal
2021-02-08 20:30:00,90,6,0.0,0.1548148148148148,0.0,0.391,optimal
2021-02-08 21:00:00,90,6,0.0,0.1548148148148148,0.0,0.32726666666666665,optimal
2021-02-08 21:30:00,90,6,0.0,0.0,0.0,0.15606666666666666,optimal
2021-02-08 22:00:00,90,6,0.0,0.3096296296296296,0.0,0.18006666666666665,optimal
2021-02-08 22:30:00,90,6,0.0,0.0,0.0,0.37923333333333337,optimal
2021-02-08 23:00:00,90,6,0.0,0.0,0.0,0.137,optimal
2021-02-08 23:30:00,90,6,0.0,0.0,0.0,0.0882,optimal
2021-02-09 00:00:00,90,6,0.0,0.0,0.0,0.062,optimal
2021-02-09 00:30:00,90,6,0.0,0.0,0.0,0.23333333333333328,optimal
2021-02-09 01:00:00,90,6,0.0,0.0,0.0,0.1772,optimal
2021-02-09 01:30:00,90,6,0.5752975516751201,0.0,0.0,0.1943666666666667,optimal
2021-02-09 02:00:00,90,6,1.1428571428571428,0.0,0.0,0.21616666666666662,optimal
2021-02-09 02:30:00,90,6,1.1428571428571428,0.0,0.0,0.16356666666666667,optimal
2021-02-09 03:00:00,90,6,1.1428571428571428,0.0,0.0,0.15696666666666667,optimal
2021-02-09 03:30:00,90,6,1.1428571428571428,0.0,0.0,0.18316666666666662,optimal
2021-02-09 04:00:00,90,6,1.1428571428571428,0.0,0.0,0.22736666666666666,optimal
2021-02-09 04:30:00,90,6,1.1428571428571428,0.0,0.0,0.062,optimal
2021-02-09 05:00:00,90,6,1.1428571428571428,0.0,0.0,0.19913333333333333,optimal
2021-02-09 05:30:00,90,6,1.1428571428571428,0.0,0.0,0.14906666666666665,optimal
2021-02-09 06:00:00,90,6,1.1428571428571428,0.0,3.220978824727228,0.135,optimal
2021-02-09 06:30:00,90,6,1.1428571428571428,0.3096296296296296,5.0,0.2576333333333333,optimal
2021-02-09 07:00:00,90,6,1.1428571428571428,1.315925925925926,5.0,0.08456666666666666,optimal
2021-02-09 07:30:00,90,6,1.1428571428571428,1.470740740740741,0.0,1.1650333333333334,optimal
2021-02-09 08:00:00,90,6,0.44567001118438737,0.0,0.0,1.241266666666667,optimal
2021-02-09 08:30:00,90,6,0.713760042393834,0.3096296296296296,0.0,0.2522666666666667,optimal
2021-02-09 09:00:00,90,6,0.7325271702685623,0.0,0.0,0.072,optimal
2021-02-09 09:30:00,90,6,0.6635110422112692,0.0,0.0,0.26853333333333335,optimal
2021-02-09 10:00:00,90,6,0.5087562087211912,0.0,0.0,0.162,optimal
2021-02-09 10:30:00,90,6,0.4747221337528141,0.0,0.0,0.24359999999999998,optimal
2021-02-09 11:00:00,90,6,0.34519562241774526,0.0,0.0,0.09693333333333334,optimal
2021-02-09 11:30:00,90,6,0.32446118837644744,0.0,0.0,0.162,optimal
2021-02-09 12:00:00,90,6,0.03918424860099317,0.0,0.0,0.5749,optimal
2021-02-09 12:30:00,90,6,0.10144249216609431,0.0,0.0,0.3065,optimal
2021-02-09 13:00:00,90,6,0.08503848886268814,0.0,0.0,0.3218666666666667,optimal
2021-02-09 13:30:00,90,6,0.6427920428411841,0.0774074074074074,0.0,1.7034,optimal
2021-02-09 14:00:00,90,6,1.1428571428571428,0.0,0.0,0.45046666666666657,optimal
2021-02-09 14:30:00,90,6,1.1428571428571428,0.23222222222222222,0.0,0.488,optimal
2021-02-09 15:00:00,90,6,1.1428571428571428,0.0,0.0,0.43406666666666666,optimal
2021-02-09 15:30:00,90,6,1.1428571428571428,0.387037037037037,0.0,0.5276666666666666,optimal
2021-02-09 16:00:00,90,6,0.0,0.1548148148148148,0.0,0.3933666666666667,optimal
2021-02-09 16:30:00,90,6,0.0,0.1548148148148148,0.0,0.5786333333333333,optimal
2021-02-09 17:00:00,90,6,0.0,0.774074074074074,0.0,0.43106666666666665,optimal
2021-02-09 17:30:00,90,6,0.0,0.3096296296296296,0.0,1.6393333333333333,optimal
2021-02-09 18:00:00,90,6,0.0,0.46444444444444444,0.0,0.33513333333333334,optimal
2021-02-09 18:30:00,90,6,0.0,0.0,0.0,0.5615666666666668,optimal
2021-02-09 19:00:00,90,6,0.0,0.0,0.0,0.45366666666666666,optimal
2021-02-09 19:30:00,90,6,0.0,0.0,0.0,0.0907,optimal
2021-02-09 20:00:00,90,6,0.0,0.0,0.0,0.2084333333333333,optimal
2021-02-09 20:30:00,90,6,0.0,0.0,0.0,0.1671,optimal
2021-02-09 21:00:00,90,6,0.0,0.0,0.0,0.1173,optimal
2021-02-09 21:30:00,90,6,0.0,0.0,0.0,0.32313333333333333,optimal
2021-02-09 22:00:00,90,6,0.0,0.0,0.0,0.0984,optimal
2021-02-09 22:30:00,90,6,0.0,0.0,0.0,0.07859999999999999,optimal
2021-02-09 23:00:00,90,6,0.0,0.0,0.0,0.3519333333333333,optimal
2021-02-09 23:30:00,90,6,0.0,0.0,0.0,0.12863333333333332,optimal
2021-02-10 00:00:00,90,6,0.0,0.0,0.0,0.054,optimal
2021-02-10 00:30:00,90,6,0.0,0.0,0.0,0.09140000000000001,optimal
2021-02-10 01:00:00,90,6,0.9557528864904035,0.0,0.0,0.09240000000000001,optimal
2021-02-10 01:30:00,90,6,1.1428571428571428,0.0,0.0,0.06816666666666667,optimal
2021-02-10 02:00:00,90,6,1.1428571428571428,0.0,0.0,0.21016666666666664,optimal
2021-02-10 02:30:00,90,6,1.1428571428571428,0.0,0.0,0.0728,optimal
2021-02-10 03:00:00,90,6,1.1428571428571428,0.0,0.0,0.063,optimal
2021-02-10 03:30:00,90,6,1.1428571428571428,0.0,0.0,0.1095,optimal
2021-02-10 04:00:00,90,6,1.1428571428571428,0.0,0.0,0.16556666666666667,optimal
2021-02-10 04:30:00,90,6,1.1428571428571428,0.0,0.0,0.07606666666666666,optimal
2021-02-10 05:00:00,90,6,1.1428571428571428,0.0,0.0,0.12826666666666667,optimal
2021-02-10 05:30:00,90,6,1.1428571428571428,0.0,2.871556340739029,0.15986666666666668,optimal
2021-02-10 06:00:00,90,6,1.1428571428571428,0.0,5.0,0.09553333333333332,optimal
2021-02-10 06:30:00,90,6,1.1428571428571428,0.1548148148148148,5.0,0.22983333333333328,optimal
2021-02-10 07:00:00,90,6,1.1428571428571428,0.3096296296296296,0.0,0.40476666666666666,optimal
2021-02-10 07:30:00,90,6,1.1428571428571428,0.3096296296296296,0.0,0.3626333333333333,optimal
2021-02-10 08:00:00,90,6,0.6685120577180007,0.42883703703703696,0.0,0.208,optimal
2021-02-10 08:30:00,90,6,0.6050028929813991,0.035607407407407414,0.0,0.42260000000000003,optimal
2021-02-10 09:00:00,90,6,0.3520369367963502,0.5418518518518518,0.0,0.7466666666666666,optimal
2021-02-10 09:30:00,90,6,0.5225849149168854,0.46444444444444444,0.0,0.23913333333333334,optimal
2021-02-10 10:00:00,90,6,0.3283032490971806,0.387037037037037,0.0,0.3597333333333333,optimal
2021-02-10 10:30:00,90,6,0.2024180422113872,0.1548148148148148,0.0,1.3124333333333333,optimal
2021-02-10 11:00:00,90,6,0.3517049204429069,0.0,0.0,0.21996666666666667,optimal
2021-02-10 11:30:00,90,6,0.392264623788886,0.0,0.0,0.063,optimal
2021-02-10 12:00:00,90,6,0.1804813221142933,0.0,0.0,0.21996666666666667,optimal
2021-02-10 12:30:00,90,6,0.22385275068573174,0.0,0.0,0.06816666666666667,optimal
2021-02-10 13:00:00,90,6,0.2524369023161386,0.0,0.0,0.063,optimal
2021-02-10 13:30:00,90,6,0.9931017042916336,0.0,0.0,0.3758333333333333,optimal
2021-02-10 14:00:00,90,6,1.1428571428571428,0.0,0.0,0.25976666666666665,optimal
2021-02-10 14:30:00,90,6,1.1428571428571428,0.0,0.0,0.12876666666666667,optimal
2021-02-10 15:00:00,90,6,1.1428571428571428,0.0,0.0,0.1542666666666667,optimal
2021-02-10 15:30:00,90,6,1.1428571428571428,0.0,0.0,0.2318,optimal
2021-02-10 16:00:00,90,6,0.0,0.0,0.0,0.15066666666666667,optimal
2021-02-10 16:30:00,90,6,0.0,0.23222222222222222,0.0,0.2401,optimal
2021-02-10 17:00:00,90,6,0.0,0.6192592592592592,0.0,0.2603333333333333,optimal
2021-02-10 17:30:00,90,6,0.0,0.1548148148148148,0.0,0.23746666666666666,optimal
2021-02-10 18:00:00,90,6,0.0,2.4770370370370367,0.0,0.30696666666666667,optimal
2021-02-10 18:30:00,90,6,0.0,0.6192592592592592,0.0,0.26780000000000004,optimal
2021-02-10 19:00:00,90,6,0.0,0.0,0.0,0.32439999999999997,optimal
2021-02-10 19:30:00,90,6,0.0,0.0,0.0,0.4678333333333333,optimal
2021-02-10 20:00:00,90,6,0.0,0.3096296296296296,0.0,0.24246666666666666,optimal
2021-02-10 20:30:00,90,6,0.0,0.0,0.0,0.221,optimal
2021-02-10 21:00:00,90,6,0.0,0.387037037037037,0.0,0.37439999999999996,optimal
2021-02-10 21:30:00,90,6,0.0,0.0,0.0,2.4640666666666666,optimal
2021-02-10 22:00:00,90,6,0.0,0.0,0.0,0.1683,optimal
2021-02-10 22:30:00,90,6,0.0,0.0,0.0,0.063,optimal
2021-02-10 23:00:00,90,6,0.0,0.0,0.0,0.09240000000000001,optimal
2021-02-10 23:30:00,90,6,0.0,0.0,0.0,0.1957333333333333,optimal
2021-02-11 00:00:00,90,6,0.1280525656895695,0.0,0.0,0.1981,optimal
2021-02-11 00:30:00,90,6,1.1428571428571428,0.23222222222222222,0.0,0.31189999999999996,optimal
2021-02-11 01:00:00,90,6,1.1428571428571428,0.0,0.0,0.3023666666666667,optimal
2021-02-11 01:30:00,90,6,1.1428571428571428,0.0,0.0,0.2752,optimal
2021-02-11 02:00:00,90,6,1.1428571428571428,0.0,0.0,0.11606666666666667,optimal
2021-02-11 02:30:00,90,6,1.1428571428571428,0.0,0.0,0.0829,optimal
2021-02-11 03:00:00,90,6,1.1428571428571428,0.0,0.0,0.3103666666666667,optimal
2021-02-11 03:30:00,90,6,1.1428571428571428,0.0,0.0,0.063,optimal
2021-02-11 04:00:00,90,6,1.1428571428571428,0.0,0.0,0.16006666666666666,optimal
2021-02-11 04:30:00,90,6,1.1428571428571428,0.0,0.0,0.2332,optimal
2021-02-11 05:00:00,90,6,1.1428571428571428,0.0,0.0,0.07513333333333334,optimal
2021-02-11 05:30:00,90,6,1.1428571428571428,0.0,0.0,0.3181333333333333,optimal
2021-02-11 06:00:00,90,6,1.1428571428571428,0.0,0.0,0.06906666666666667,optimal
2021-02-11 06:30:00,90,6,1.1428571428571428,0.5836518518518518,4.294448276958897,0.25056666666666666,optimal
2021-02-11 07:00:00,90,6,1.1428571428571428,1.1967185185185187,5.0,0.3466,optimal
2021-02-11 07:30:00,90,6,1.1428571428571428,0.5418518518518518,0.0,0.28303333333333336,optimal
2021-02-11 08:00:00,90,6,0.7512959935730372,0.1548148148148148,0.0,0.3514,optimal
2021-02-11 08:30:00,90,6,0.8436897718873959,0.0,0.0,0.3106333333333333,optimal
2021-02-11 09:00:00,90,6,0.6749240218208261,0.23222222222222222,0.0,0.41893333333333327,optimal
2021-02-11 09:30:00,90,6,0.5056591270295593,0.387037037037037,0.0,0.411,optimal
2021-02-11 10:00:00,90,6,0.17133644221701447,0.0,0.0,0.4433,optimal
2021-02-11 10:30:00,90,6,0.25288298404587767,0.0,0.0,0.33126666666666665,optimal
2021-02-11 11:00:00,90,6,0.12169481489254634,0.46444444444444444,0.0,0.3511,optimal
2021-02-11 11:30:00,90,6,0.1150135423683762,0.23222222222222222,0.0,0.3728333333333333,optimal
2021-02-11 12:00:00,90,6,0.0,0.0,0.0,0.3521,optimal
2021-02-11 12:30:00,90,6,0.0,7.585925925925924,0.0,0.5824,optimal
2021-02-11 13:00:00,90,6,1.1428571428571428,0.0774074074074074,0.0,1.1008,optimal
2021-02-11 13:30:00,90,6,1.1428571428571428,0.0,0.0,0.1882666666666667,optimal
2021-02-11 14:00:00,90,6,1.1428571428571428,0.0,0.0,0.1725,optimal
2021-02-11 14:30:00,90,6,1.1428571428571428,0.0,0.0,0.11943333333333334,optimal
2021-02-11 15:00:00,90,6,1.1428571428571428,0.0,0.0,0.12153333333333331,optimal
2021-02-11 15:30:00,90,6,1.1428571428571428,0.0,0.0,0.8905666666666667,optimal
2021-02-11 16:00:00,90,6,0.0,0.387037037037037,0.0,0.4433,optimal
2021-02-11 16:30:00,90,6,0.0,0.46444444444444444,0.0,0.5152,optimal
2021-02-11 17:00:00,90,6,0.0,0.6966666666666667,0.0,0.5529333333333333,optimal
2021-02-11 17:30:00,90,6,0.0,0.3096296296296296,0.0,0.37789999999999996,optimal
2021-02-11 18:00:00,90,6,0.0,0.3096296296296296,0.0,0.41873333333333335,optimal
2021-02-11 18:30:00,90,6,0.0,0.0,0.0,0.5302,optimal
2021-02-11 19:00:00,90,6,0.0,0.387037037037037,0.0,0.663,optimal
2021-02-11 19:30:00,90,6,0.0,0.0774074074074074,0.0,1.4155333333333333,optimal
2021-02-11 20:00:00,90,6,0.1716077211363197,0.0,0.0,0.5423333333333333,optimal
2021-02-11 20:30:00,90,6,0.0,0.0,0.0,0.5223,optimal
2021-02-11 21:00:00,90,6,0.0,0.0774074074074074,0.0,0.5933666666666667,optimal
2021-02-11 21:30:00,90,6,0.0,0.0,0.0,0.3502,optimal
2021-02-11 22:00:00,90,6,0.0,0.1548148148148148,0.0,0.24080000000000001,optimal
2021-02-11 22:30:00,90,6,0.0,0.0,0.0,0.24973333333333328,optimal
2021-02-11 23:00:00,90,6,0.0,0.0,0.0,0.1592333333333333,optimal
2021-02-11 23:30:00,90,6,0.0,0.0,0.0,0.25403333333333333,optimal
2021-02-12 00:00:00,90,6,1.1428571428571428,0.0,0.0,0.0636,optimal
2021-02-12 00:30:00,90,6,1.1428571428571428,0.0,0.0,0.1464,optimal
2021-02-12 01:00:00,90,6,1.1428571428571428,0.0,0.0,0.059,optimal
2021-02-12 01:30:00,90,6,1.1428571428571428,0.0,0.0,0.151,optimal
2021-02-12 02:00:00,90,6,1.1428571428571428,0.0,0.0,0.059,optimal
2021-02-12 02:30:00,90,6,1.1428571428571428,0.0,0.0,0.151,optimal
2021-02-12 03:00:00,90,6,1.1428571428571428,0.0,0.0,0.059,optimal
2021-02-12 03:30:00,90,6,1.1428571428571428,0.0,0.0,0.059,optimal
2021-02-12 04:00:00,90,6,1.1428571428571428,0.0,0.0,0.059,optimal
2021-02-12 04:30:00,90,6,1.1428571428571428,0.0,0.0,0.061,optimal
2021-02-12 05:00:00,90,6,1.1428571428571428,0.0,0.0,0.161,optimal
2021-02-12 05:30:00,90,6,1.1428571428571428,0.0,0.0,0.067,optimal
2021-02-12 06:00:00,90,6,1.1428571428571428,0.0,1.4799775198460752,0.12340000000000001,optimal
2021-02-12 06:30:00,90,6,1.1428571428571428,0.0,5.0,0.0886,optimal
2021-02-12 07:00:00,90,6,1.1428571428571428,0.0,5.0,0.09659999999999999,optimal
2021-02-12 07:30:00,90,6,1.1428571428571428,6.0766966565403795,0.0,1.2304000000000002,optimal
2021-02-12 08:00:00,90,6,0.6918205058021816,0.6966666666666667,0.0,2.676833333333333,optimal
2021-02-12 08:30:00,90,6,0.8127696705387933,0.387037037037037,0.0,1.7410999999999999,optimal
2021-02-12 09:00:00,90,6,0.7177398894218334,0.0,0.0,0.6381,optimal
2021-02-12 09:30:00,90,6,0.6205057439858518,0.1548148148148148,0.0,0.9707333333333332,optimal
2021-02-12 10:00:00,90,6,0.3758116910929198,0.0,0.0,0.6272666666666666,optimal
2021-02-12 10:30:00,90,6,0.4735819330482782,0.0,0.0,0.069,optimal
2021-02-12 11:00:00,90,6,0.27019565172294313,0.0,0.0,0.138,optimal
2021-02-12 11:30:00,90,6,0.2811945510149917,0.0,0.0,0.092,optimal
2021-02-12 12:00:00,90,6,0.21314668195451647,0.0,0.0,0.10579999999999999,optimal
2021-02-12 12:30:00,90,6,0.6042519796614526,0.0,0.0,0.1242,optimal
2021-02-12 13:00:00,90,6,1.1428571428571428,0.0,0.0,0.069,optimal
2021-02-12 13:30:00,90,6,1.1428571428571428,0.0,0.0,0.10579999999999999,optimal
2021-02-12 14:00:00,90,6,1.1428571428571428,0.0,0.0,0.1242,optimal
2021-02-12 14:30:00,90,6,1.1428571428571428,0.0,0.0,0.069,optimal
2021-02-12 15:00:00,90,6,1.1428571428571428,0.0,0.0,0.1564,optimal
2021-02-12 15:30:00,90,6,1.1428571428571428,0.0,0.0,0.0736,optimal
2021-02-12 16:00:00,90,6,0.0,0.6966666666666667,0.0,0.6391,optimal
2021-02-12 16:30:00,90,6,0.0,0.0,0.0,0.1242,optimal
2021-02-12 17:00:00,90,6,0.0,0.0,0.0,0.069,optimal
2021-02-12 17:30:00,90,6,0.0,0.0,0.0,0.069,optimal
2021-02-12 18:00:00,90,6,0.0,0.0,0.0,0.069,optimal
2021-02-12 18:30:00,90,6,0.0,0.0,0.0,0.069,optimal
2021-02-12 19:00:00,90,6,0.0,0.0,0.0,0.161,optimal
2021-02-12 19:30:00,90,6,0.8615348031336447,0.0,0.0,0.069,optimal
2021-02-12 20:00:00,90,6,0.8658227188352732,0.0,0.0,0.069,optimal
2021-02-12 20:30:00,90,6,0.0,0.0,0.0,0.115,optimal
2021-02-12 21:00:00,90,6,0.0,0.0,0.0,0.115,optimal
2021-02-12 21:30:00,90,6,0.0,0.0,0.0,0.069,optimal
2021-02-12 22:00:00,90,6,0.0,0.23222222222222222,0.0,0.103,optimal
2021-02-12 22:30:00,90,6,0.0,0.1548148148148148,0.0,0.29706666666666665,optimal
2021-02-12 23:00:00,90,6,0.0,0.0,0.0,0.7525,optimal
2021-02-12 23:30:00,90,6,0.0,0.0,0.0,0.12286666666666667,optimal
2021-02-13 00:00:00,90,6,0.0,0.0,0.0,0.055,optimal
2021-02-13 00:30:00,90,6,0.3331515658382231,0.0,0.0,0.055,optimal
2021-02-13 01:00:00,90,6,1.1428571428571428,0.0,0.0,0.055,optimal
2021-02-13 01:30:00,90,6,1.1428571428571428,0.0,0.0,0.11473333333333333,optimal
2021-02-13 02:00:00,90,6,1.1428571428571428,0.0,0.0,0.08059999999999999,optimal
2021-02-13 02:30:00,90,6,1.1428571428571428,0.0,0.0,0.055,optimal
2021-02-13 03:00:00,90,6,1.1428571428571428,0.0,0.0,0.06133333333333334,optimal
2021-02-13 03:30:00,90,6,1.1428571428571428,0.0,0.0,0.142,optimal
2021-02-13 04:00:00,90,6,1.1428571428571428,0.0,0.0,0.055,optimal
2021-02-13 04:30:00,90,6,1.1428571428571428,0.0,0.0,0.14033333333333334,optimal
2021-02-13 05:00:00,90,6,1.1428571428571428,0.0,0.0,0.055,optimal
2021-02-13 05:30:00,90,6,1.1428571428571428,0.0,0.0,0.102,optimal
2021-02-13 06:00:00,90,6,1.1428571428571428,0.0,0.02810858277843851,0.10166666666666668,optimal
2021-02-13 06:30:00,90,6,1.1428571428571428,0.0,5.0,0.055,optimal
2021-02-13 07:00:00,90,6,1.1428571428571428,1.5109925925925927,5.0,0.09296666666666668,optimal
2021-02-13 07:30:00,90,6,1.1428571428571428,0.8886370370370371,0.0,0.1374,optimal
2021-02-13 08:00:00,90,6,0.660324518023201,0.23222222222222222,0.0,0.08990000000000001,optimal
2021-02-13 08:30:00,90,6,0.6650567506485695,0.6192592592592592,0.0,0.17026666666666668,optimal
2021-02-13 09:00:00,90,6,0.6267344664409976,5.418518518518519,0.0,0.07766666666666668,optimal
2021-02-13 09:30:00,90,6,0.6188242009964314,0.387037037037037,0.0,0.2593333333333333,optimal
2021-02-13 10:00:00,90,6,0.4038901908241177,0.0,0.0,0.3846,optimal
2021-02-13 10:30:00,90,6,0.4265081377352062,0.0,0.0,0.27326666666666666,optimal
2021-02-13 11:00:00,90,6,0.2428456224089621,0.387037037037037,0.0,0.18359999999999999,optimal
2021-02-13 11:30:00,90,6,0.2426064264628989,0.3096296296296296,0.0,0.2663333333333333,optimal
2021-02-13 12:00:00,90,6,0.16057078117500848,0.23222222222222222,0.0,0.1761,optimal
2021-02-13 12:30:00,90,6,0.1258733416638432,0.0,0.0,0.26353333333333334,optimal
2021-02-13 13:00:00,90,6,0.3893896582928547,0.6966666666666667,0.0,0.44453333333333334,optimal
2021-02-13 13:30:00,90,6,1.1428571428571428,0.3096296296296296,0.0,1.3528333333333333,optimal
2021-02-13 14:00:00,90,6,1.1428571428571428,0.0,0.0,1.0224666666666669,optimal
2021-02-13 14:30:00,90,6,1.1428571428571428,1.0837037037037036,0.0,0.11426666666666668,optimal
2021-02-13 15:00:00,90,6,1.1428571428571428,0.23222222222222222,0.0,0.1352,optimal
2021-02-13 15:30:00,90,6,1.1428571428571428,0.0,0.0,0.0709,optimal
2021-02-13 16:00:00,90,6,0.0,0.1548148148148148,0.0,0.17786666666666667,optimal
2021-02-13 16:30:00,90,6,0.0,0.0774074074074074,0.0,0.24546666666666667,optimal
2021-02-13 17:00:00,90,6,0.0,0.23222222222222222,0.0,0.2006,optimal
2021-02-13 17:30:00,90,6,0.0,0.6966666666666667,0.0,0.6157333333333334,optimal
2021-02-13 18:00:00,90,6,0.0,0.0,0.0,0.4245,optimal
2021-02-13 18:30:00,90,6,0.0,0.46444444444444444,0.0,0.47533333333333333,optimal
2021-02-13 19:00:00,90,6,0.0,0.0774074074074074,0.0,0.6312333333333333,optimal
2021-02-13 19:30:00,90,6,0.0,0.0,0.0,0.5580333333333333,optimal
2021-02-13 20:00:00,90,6,0.0,0.0774074074074074,0.0,0.9008999999999999,optimal
2021-02-13 20:30:00,90,6,0.0,0.0,0.0,0.5607000000000001,optimal
2021-02-13 21:00:00,90,6,0.0,0.0,0.0,1.5421666666666667,optimal
2021-02-13 21:30:00,90,6,0.0,0.0,0.0,0.16686666666666666,optimal
2021-02-13 22:00:00,90,6,0.0,0.0,0.0,0.19246666666666667,optimal
2021-02-13 22:30:00,90,6,0.0,0.0,0.0,0.198,optimal
2021-02-13 23:00:00,90,6,0.0,0.0,0.0,0.25743333333333335,optimal
2021-02-13 23:30:00,90,6,0.0,0.0,0.0,0.065,optimal
2021-02-07 00:00:00,91,6,0.0,0.0,0.0,0.058,optimal
2021-02-07 00:30:00,91,6,0.0,0.0,0.0,0.058,optimal
2021-02-07 01:00:00,91,6,0.0,0.0,0.0,0.11446666666666669,optimal
2021-02-07 01:30:00,91,6,0.0,0.0,0.0,0.11446666666666669,optimal
2021-02-07 02:00:00,91,6,0.0,0.0,0.0,0.058,optimal
2021-02-07 02:30:00,91,6,0.0,0.0,0.0,0.1658,optimal
2021-02-07 03:00:00,91,6,0.0,0.0,0.0,0.06313333333333333,optimal
2021-02-07 03:30:00,91,6,0.0,0.0,0.0,0.058,optimal
2021-02-07 04:00:00,91,6,1.1428571428571428,0.0,0.0,0.1042,optimal
2021-02-07 04:30:00,91,6,1.1428571428571428,0.0,0.0,0.12473333333333332,optimal
2021-02-07 05:00:00,91,6,1.1428571428571428,0.0,0.0,0.058,optimal
2021-02-07 05:30:00,91,6,1.1428571428571428,0.0,0.0,0.1696,optimal
2021-02-07 06:00:00,91,6,1.1428571428571428,0.0,0.0,0.07246666666666667,optimal
2021-02-07 06:30:00,91,6,1.1428571428571428,0.3096296296296296,1.4055777348378222,0.4784,optimal
2021-02-07 07:00:00,91,6,1.1428571428571428,0.9288888888888889,0.0,1.133233333333333,optimal
2021-02-07 07:30:00,91,6,0.0,1.2385185185185184,0.0,1.4293333333333333,optimal
2021-02-07 08:00:00,91,6,0.0,0.23222222222222222,0.0,0.42906666666666665,optimal
2021-02-07 08:30:00,91,6,0.0,0.23222222222222222,0.0,0.2204,optimal
2021-02-07 09:00:00,91,6,0.423671462421138,0.0,0.0,0.06826666666666667,optimal
2021-02-07 09:30:00,91,6,0.7186099615388227,0.0,0.0,0.058,optimal
2021-02-07 10:00:00,91,6,0.6428872519836947,0.0,0.0,0.058,optimal
2021-02-07 10:30:00,91,6,0.6149085010186657,0.0,0.0,0.17326666666666668,optimal
2021-02-07 11:00:00,91,6,0.5527126534680155,0.0,0.0,0.068,optimal
2021-02-07 11:30:00,91,6,0.5321793201346765,0.0,0.0,0.13986666666666667,optimal
2021-02-07 12:00:00,91,6,0.473209417249126,0.0,0.0,0.10906666666666666,optimal
2021-02-07 12:30:00,91,6,0.8668493991033722,0.0,0.0,0.068,optimal
2021-02-07 13:00:00,91,6,1.1428571428571428,0.0,0.0,0.1809333333333333,optimal
2021-02-07 13:30:00,91,6,1.1428571428571428,0.0,0.0,0.068,optimal
2021-02-07 14:00:00,91,6,1.1428571428571428,0.0,0.0,0.068,optimal
2021-02-07 14:30:00,91,6,1.1428571428571428,0.0,0.0,0.1809333333333333,optimal
2021-02-07 15:00:00,91,6,1.1428571428571428,0.0,0.0,0.068,optimal
2021-02-07 15:30:00,91,6,1.1428571428571428,0.0,0.0,0.16553333333333334,optimal
2021-02-07 16:00:00,91,6,0.0,0.0,0.0,0.3353333333333333,optimal
2021-02-07 16:30:00,91,6,0.0,0.0774074074074074,0.0,0.08113333333333334,optimal
2021-02-07 17:00:00,91,6,0.0,0.0774074074074074,0.0,0.19606666666666664,optimal
2021-02-07 17:30:00,91,6,0.0,0.0,0.0,0.40453333333333336,optimal
2021-02-07 18:00:00,91,6,0.0,0.387037037037037,0.0,0.11259999999999999,optimal
2021-02-07 18:30:00,91,6,0.0,0.1548148148148148,0.0,0.5040333333333333,optimal
2021-02-07 19:00:00,91,6,0.0,0.0774074074074074,0.0,0.11953333333333331,optimal
2021-02-07 19:30:00,91,6,0.6572695257802509,0.0,0.0,0.10940000000000001,optimal
2021-02-07 20:00:00,91,6,0.5396790495897756,0.0,0.0,0.19653333333333334,optimal
2021-02-07 20:30:00,91,6,0.0,0.1548148148148148,0.0,0.37776666666666664,optimal
2021-02-07 21:00:00,91,6,0.0,0.0,0.0,0.13426666666666667,optimal
2021-02-07 21:30:00,91,6,0.0,0.0,0.0,0.3014,optimal
2021-02-07 22:00:00,91,6,0.0,0.0,0.0,0.21753333333333333,optimal
2021-02-07 22:30:00,91,6,0.0,0.1548148148148148,0.0,0.20816666666666664,optimal
2021-02-07 23:00:00,91,6,0.0,0.0,0.0,0.413,optimal
2021-02-07 23:30:00,91,6,0.0,0.3096296296296296,0.0,0.44980000000000003,optimal
2021-02-08 00:00:00,91,6,0.0,0.0,0.0,0.052,optimal
2021-02-08 00:30:00,91,6,0.0,0.0,0.0,0.052,optimal
2021-02-08 01:00:00,91,6,0.0,0.0,0.0,0.052,optimal
2021-02-08 01:30:00,91,6,0.029653732127356076,0.0,0.0,0.052,optimal
2021-02-08 02:00:00,91,6,1.1428571428571428,0.0,0.0,0.052,optimal
2021-02-08 02:30:00,91,6,1.1428571428571428,0.0,0.0,0.052,optimal
2021-02-08 03:00:00,91,6,1.1428571428571428,0.0,0.0,0.052,optimal
2021-02-08 03:30:00,91,6,1.1428571428571428,0.0,0.0,0.052,optimal
2021-02-08 04:00:00,91,6,1.1428571428571428,0.0,0.0,0.052,optimal
2021-02-08 04:30:00,91,6,1.1428571428571428,0.0,0.0,0.052,optimal
2021-02-08 05:00:00,91,6,1.1428571428571428,0.0,0.0,0.051,optimal
2021-02-08 05:30:00,91,6,1.1428571428571428,0.0774074074074074,1.207083598645107,1.0703,optimal
2021-02-08 06:00:00,91,6,1.1428571428571428,0.23222222222222222,5.0,1.6862000000000001,optimal
2021-02-08 06:30:00,91,6,1.1428571428571428,4.954074074074073,5.0,0.467,optimal
2021-02-08 07:00:00,91,6,1.1428571428571428,1.8004962962962965,5.0,0.058333333333333334,optimal
2021-02-08 07:30:00,91,6,1.1428571428571428,4.933948148148148,0.0,0.068,optimal
2021-02-08 08:00:00,91,6,0.6812292460601376,0.5418518518518518,0.0,0.075,optimal
2021-02-08 08:30:00,91,6,0.814660018904639,0.0,0.0,0.062,optimal
2021-02-08 09:00:00,91,6,0.7221337876269066,0.0,0.0,0.062,optimal
2021-02-08 09:30:00,91,6,0.7157019140744466,0.0,0.0,0.062,optimal
2021-02-08 10:00:00,91,6,0.5563036882945984,0.0,0.0,0.062,optimal
2021-02-08 10:30:00,91,6,0.5627355618470584,0.0,0.0,0.062,optimal
2021-02-08 11:00:00,91,6,0.3890931220178926,0.0,0.0,0.062,optimal
2021-02-08 11:30:00,91,6,0.3848052063162526,0.0,0.0,0.062,optimal
2021-02-08 12:00:00,91,6,0.3243650853665851,0.0,0.0,0.062,optimal
2021-02-08 12:30:00,91,6,0.3157892539633167,0.0,0.0,0.062,optimal
2021-02-08 13:00:00,91,6,1.1428571428571428,0.0,0.0,0.062,optimal
2021-02-08 13:30:00,91,6,1.1428571428571428,0.0,0.0,0.062,optimal
2021-02-08 14:00:00,91,6,1.1428571428571428,0.0,0.0,0.062,optimal
2021-02-08 14:30:00,91,6,1.1428571428571428,0.0,0.0,0.12563333333333335,optimal
2021-02-08 15:00:00,91,6,1.1428571428571428,0.0,0.0,0.09596666666666669,optimal
2021-02-08 15:30:00,91,6,1.1428571428571428,0.3096296296296296,0.0,0.11793333333333333,optimal
2021-02-08 16:00:00,91,6,0.0,0.23222222222222222,0.0,0.3653333333333333,optimal
2021-02-08 16:30:00,91,6,0.0,0.0,0.0,1.3595,optimal
2021-02-08 17:00:00,91,6,0.0,0.5418518518518518,0.0,0.4182,optimal
2021-02-08 17:30:00,91,6,0.0,0.8514814814814814,0.0,0.2944333333333333,optimal
2021-02-08 18:00:00,91,6,0.0,0.0,0.0,0.20286666666666667,optimal
2021-02-08 18:30:00,91,6,0.0,0.1548148148148148,0.0,0.628,optimal
2021-02-08 19:00:00,91,6,0.0,0.23222222222222222,0.0,0.6268666666666667,optimal
2021-02-08 19:30:00,91,6,0.0,0.0,0.0,0.27366666666666667,optimal
2021-02-08 20:00:00,91,6,0.17676499111512933,0.0,0.0,0.241,optimal
2021-02-08 20:30:00,91,6,0.0,0.1548148148148148,0.0,0.3842,optimal
2021-02-08 21:00:00,91,6,0.0,0.1548148148148148,0.0,0.25206666666666666,optimal
2021-02-08 21:30:00,91,6,0.0,0.0,0.0,0.24980000000000002,optimal
2021-02-08 22:00:00,91,6,0.0,0.0,0.0,0.5412,optimal
2021-02-08 22:30:00,91,6,0.0,0.0,0.0,0.2741,optimal
2021-02-08 23:00:00,91,6,0.0,0.3096296296296296,0.0,0.21306666666666663,optimal
2021-02-08 23:30:00,91,6,0.0,0.0,0.0,0.2517666666666667,optimal
2021-02-09 00:00:00,91,6,0.0,0.0,0.0,0.1138,optimal
2021-02-09 00:30:00,91,6,0.0,0.0,0.0,0.17666666666666667,optimal
2021-02-09 01:00:00,91,6,0.0,0.0,0.0,0.08866666666666667,optimal
2021-02-09 01:30:00,91,6,0.6485481996365399,0.0,0.0,0.11066666666666669,optimal
2021-02-09 02:00:00,91,6,1.1428571428571428,0.0,0.0,0.21646666666666667,optimal
2021-02-09 02:30:00,91,6,1.1428571428571428,0.0,0.0,0.052,optimal
2021-02-09 03:00:00,91,6,1.1428571428571428,0.0,0.0,0.24080000000000001,optimal
2021-02-09 03:30:00,91,6,1.1428571428571428,0.0,0.0,0.08633333333333333,optimal
2021-02-09 04:00:00,91,6,1.1428571428571428,0.0,0.0,0.1913333333333333,optimal
2021-02-09 04:30:00,91,6,1.1428571428571428,0.0,0.0,0.074,optimal
2021-02-09 05:00:00,91,6,1.1428571428571428,0.0,0.0,0.11816666666666668,optimal
2021-02-09 05:30:00,91,6,1.1428571428571428,0.0,0.0,0.20896666666666666,optimal
2021-02-09 06:00:00,91,6,1.1428571428571428,0.0,0.0,0.1138,optimal
2021-02-09 06:30:00,91,6,1.1428571428571428,0.0,3.8802443653077785,0.096,optimal
2021-02-09 07:00:00,91,6,1.1428571428571428,0.0,5.0,0.2236,optimal
2021-02-09 07:30:00,91,6,1.1428571428571428,2.5544444444444445,0.0,0.06620000000000001,optimal
2021-02-09 08:00:00,91,6,0.6220871540415299,0.23222222222222222,0.0,0.2491,optimal
2021-02-09 08:30:00,91,6,0.6992267090605021,0.3096296296296296,0.0,0.19626666666666667,optimal
2021-02-09 09:00:00,91,6,0.5643176464590292,0.0,0.0,0.30219999999999997,optimal
2021-02-09 09:30:00,91,6,0.2995862803065124,0.0774074074074074,0.0,1.6251,optimal
2021-02-09 10:00:00,91,6,0.302033351578333,0.3096296296296296,0.0,0.6050333333333333,optimal
2021-02-09 10:30:00,91,6,0.3994078480385247,0.23222222222222222,0.0,0.209,optimal
2021-02-09 11:00:00,91,6,0.3339670509891654,0.0,0.0,0.13503333333333334,optimal
2021-02-09 11:30:00,91,6,0.30980404551930535,0.0,0.0,0.21209999999999998,optimal
2021-02-09 12:00:00,91,6,0.23824139145813625,0.0,0.0,0.062,optimal
2021-02-09 12:30:00,91,6,0.20516630168990263,0.0,0.0,0.1852666666666667,optimal
2021-02-09 13:00:00,91,6,0.9560224049297601,0.0,0.0,0.1618666666666667,optimal
2021-02-09 13:30:00,91,6,1.1428571428571428,0.0,0.0,0.11333333333333331,optimal
2021-02-09 14:00:00,91,6,1.1428571428571428,0.0,0.0,0.2338,optimal
2021-02-09 14:30:00,91,6,1.1428571428571428,0.0,0.0,0.062,optimal
2021-02-09 15:00:00,91,6,1.1428571428571428,0.0,0.0,0.7577666666666667,optimal
2021-02-09 15:30:00,91,6,1.1428571428571428,0.0,0.0,1.350766666666667,optimal
2021-02-09 16:00:00,91,6,0.0,6.424814814814816,0.0,0.34883333333333333,optimal
2021-02-09 16:30:00,91,6,0.0,0.1548148148148148,0.0,0.5417666666666666,optimal
2021-02-09 17:00:00,91,6,0.0,0.3096296296296296,0.0,0.2961333333333333,optimal
2021-02-09 17:30:00,91,6,0.0,0.0,0.0,0.27193333333333336,optimal
2021-02-09 18:00:00,91,6,0.0,0.5418518518518518,0.0,1.2797,optimal
2021-02-09 18:30:00,91,6,0.0,0.23222222222222222,0.0,0.4513333333333333,optimal
2021-02-09 19:00:00,91,6,0.0,0.0,0.0,0.106,optimal
2021-02-09 19:30:00,91,6,0.0,0.0,0.0,0.22740000000000002,optimal
2021-02-09 20:00:00,91,6,0.0,0.0,0.0,1.4966333333333335,optimal
2021-02-09 20:30:00,91,6,0.0,0.0,0.0,0.4186666666666667,optimal
2021-02-09 21:00:00,91,6,0.0,0.0,0.0,0.20126666666666668,optimal
2021-02-09 21:30:00,91,6,0.0,0.0,0.0,1.3709333333333333,optimal
2021-02-09 22:00:00,91,6,0.0,1.6255555555555554,0.0,0.3953,optimal
2021-02-09 22:30:00,91,6,0.0,0.0,0.0,0.1114,optimal
2021-02-09 23:00:00,91,6,0.0,0.0,0.0,2.7099,optimal
2021-02-09 23:30:00,91,6,0.0,0.0774074074074074,0.0,2.8513,optimal
2021-02-10 00:00:00,91,6,0.0,0.0,0.0,0.2817333333333333,optimal
2021-02-10 00:30:00,91,6,0.0,0.0,0.0,0.064,optimal
2021-02-10 01:00:00,91,6,0.269094131651396,0.0,0.0,0.15946666666666667,optimal
2021-02-10 01:30:00,91,6,1.1428571428571428,0.0,0.0,0.16906666666666667,optimal
2021-02-10 02:00:00,91,6,1.1428571428571428,0.0,0.0,0.128,optimal
2021-02-10 02:30:00,91,6,1.1428571428571428,0.0,0.0,0.2022,optimal
2021-02-10 03:00:00,91,6,1.1428571428571428,0.0,0.0,0.064,optimal
2021-02-10 03:30:00,91,6,1.1428571428571428,0.0,0.0,0.18596666666666667,optimal
2021-02-10 04:00:00,91,6,1.1428571428571428,0.0,0.0,0.1399,optimal
2021-02-10 04:30:00,91,6,1.1428571428571428,0.0,0.0,0.11209999999999999,optimal
2021-02-10 05:00:00,91,6,1.1428571428571428,0.0,0.0,0.0825,optimal
2021-02-10 05:30:00,91,6,1.1428571428571428,0.0,3.1539492802365108,0.23966666666666664,optimal
2021-02-10 06:00:00,91,6,1.1428571428571428,0.46444444444444444,5.0,2.050466666666667,optimal
2021-02-10 06:30:00,91,6,1.1428571428571428,0.0774074074074074,5.0,0.3114666666666666,optimal
2021-02-10 07:00:00,91,6,1.1428571428571428,0.23222222222222222,0.0,1.6000333333333332,optimal
2021-02-10 07:30:00,91,6,1.1428571428571428,0.7167925925925925,0.0,0.9712999999999999,optimal
2021-02-10 08:00:00,91,6,0.6365406291465773,5.4758000000000004,0.0,2.9201333333333332,optimal
2021-02-10 08:30:00,91,6,0.6615362263147351,0.387037037037037,0.0,1.8403333333333332,optimal
2021-02-10 09:00:00,91,6,0.5133931272725412,0.0,0.0,1.6733666666666667,optimal
2021-02-10 09:30:00,91,6,0.4206115815835539,0.0,0.0,3.2342,optimal
2021-02-10 10:00:00,91,6,0.3247394395733674,0.23222222222222222,0.0,1.6702000000000001,optimal
2021-02-10 10:30:00,91,6,0.48376661363996043,0.0,0.0,0.5079,optimal
2021-02-10 11:00:00,91,6,0.3430573013952807,0.0,0.0,0.37023333333333336,optimal
2021-02-10 11:30:00,91,6,0.37510462378888454,0.0,0.0,0.1525,optimal
2021-02-10 12:00:00,91,6,0.17582417925715937,0.0,0.0,0.23546666666666666,optimal
2021-02-10 12:30:00,91,6,0.21155751259049504,0.0,0.0,0.11040000000000001,optimal
2021-02-10 13:00:00,91,6,0.5810959424089246,0.5418518518518518,0.0,1.9703,optimal
2021-02-10 13:30:00,91,6,1.1428571428571428,0.0,0.0,0.26280000000000003,optimal
2021-02-10 14:00:00,91,6,1.1428571428571428,0.0774074074074074,0.0,0.9854666666666668,optimal
2021-02-10 14:30:00,91,6,1.1428571428571428,0.0,0.0,1.666766666666667,optimal
2021-02-10 15:00:00,91,6,1.1428571428571428,0.0,0.0,0.24203333333333332,optimal
2021-02-10 15:30:00,91,6,1.1428571428571428,0.0,0.0,0.0777,optimal
2021-02-10 16:00:00,91,6,0.0,0.0,0.0,0.4223,optimal
2021-02-10 16:30:00,91,6,0.0,0.3096296296296296,0.0,0.536,optimal
2021-02-10 17:00:00,91,6,0.0,0.3096296296296296,0.0,0.3715333333333334,optimal
2021-02-10 17:30:00,91,6,0.0,0.5418518518518518,0.0,0.5081333333333333,optimal
2021-02-10 18:00:00,91,6,0.0,0.46444444444444444,0.0,0.2833,optimal
2021-02-10 18:30:00,91,6,0.0,1.470740740740741,0.0,0.45289999999999997,optimal
2021-02-10 19:00:00,91,6,0.0,0.1548148148148148,0.0,0.5497333333333333,optimal
2021-02-10 19:30:00,91,6,0.0,0.0,0.0,0.35653333333333337,optimal
2021-02-10 20:00:00,91,6,0.0,0.0,0.0,0.4603333333333333,optimal
2021-02-10 20:30:00,91,6,0.0,0.3096296296296296,0.0,0.9527333333333332,optimal
2021-02-10 21:00:00,91,6,0.0,0.0,0.0,1.665733333333333,optimal
2021-02-10 21:30:00,91,6,0.0,0.0,0.0,0.4397,optimal
2021-02-10 22:00:00,91,6,0.0,0.6192592592592592,0.0,0.30193333333333333,optimal
2021-02-10 22:30:00,91,6,0.0,0.0,0.0,2.4355333333333333,optimal
2021-02-10 23:00:00,91,6,0.0,0.1548148148148148,0.0,0.738,optimal
2021-02-10 23:30:00,91,6,0.0,0.0,0.0,0.16946666666666668,optimal
2021-02-11 00:00:00,91,6,0.9384560822544007,0.0,0.0,0.0809,optimal
2021-02-11 00:30:00,91,6,1.1428571428571428,0.0,0.0,0.095,optimal
2021-02-11 01:00:00,91,6,1.1428571428571428,0.0,0.0,0.044,optimal
2021-02-11 01:30:00,91,6,1.1428571428571428,0.0,0.0,0.046666666666666655,optimal
2021-02-11 02:00:00,91,6,1.1428571428571428,0.0,0.0,0.04866666666666666,optimal
2021-02-11 02:30:00,91,6,1.1428571428571428,0.0,0.0,0.044,optimal
2021-02-11 03:00:00,91,6,1.1428571428571428,0.0,0.0,0.044,optimal
2021-02-11 03:30:00,91,6,1.1428571428571428,0.0,0.0,0.044,optimal
2021-02-11 04:00:00,91,6,1.1428571428571428,0.0,0.0,0.044,optimal
2021-02-11 04:30:00,91,6,1.1428571428571428,0.0,0.0,0.044,optimal
2021-02-11 05:00:00,91,6,1.1428571428571428,0.0,2.4616100029933072,0.044,optimal
2021-02-11 05:30:00,91,6,1.1428571428571428,0.0,5.0,0.044,optimal
2021-02-11 06:00:00,91,6,1.1428571428571428,0.0,5.0,0.044,optimal
2021-02-11 06:30:00,91,6,1.1428571428571428,0.0,5.0,0.044,optimal
2021-02-11 07:00:00,91,6,1.1428571428571428,0.0,5.0,0.044,optimal
2021-02-11 07:30:00,91,6,1.1428571428571428,0.0,0.0,1.895,optimal
2021-02-11 08:00:00,91,6,0.6892769459539877,0.23222222222222222,0.0,1.9253666666666662,optimal
2021-02-11 08:30:00,91,6,0.6238935814112034,0.0,0.0,2.6881999999999997,optimal
2021-02-11 09:00:00,91,6,0.5079240218208242,2.2448148148148146,0.0,2.9086666666666665,optimal
2021-02-11 09:30:00,91,6,0.45352007941051337,0.6966666666666667,0.0,1.8830666666666664,optimal
2021-02-11 10:00:00,91,6,0.19712882316939564,0.1548148148148148,0.0,0.6958,optimal
2021-02-11 10:30:00,91,6,0.11206393642683143,0.0,0.0,4.812666666666667,optimal
2021-02-11 11:00:00,91,6,0.045976719654447586,0.23222222222222222,0.0,2.4280999999999997,optimal
2021-02-11 11:30:00,91,6,0.0976897328445629,0.3096296296296296,0.0,0.179,optimal
2021-02-11 12:00:00,91,6,0.0,0.0,0.0,0.3087,optimal
2021-02-11 12:30:00,91,6,0.0,0.0,0.0,0.7007666666666666,optimal
2021-02-11 13:00:00,91,6,0.0,0.0,0.0,1.3824,optimal
2021-02-11 13:30:00,91,6,0.8327059354242553,0.0774074074074074,0.0,1.3456,optimal
2021-02-11 14:00:00,91,6,1.1428571428571428,0.6192592592592592,0.0,1.3456,optimal
2021-02-11 14:30:00,91,6,1.1428571428571428,0.6966666666666667,0.0,0.3676333333333333,optimal
2021-02-11 15:00:00,91,6,1.1428571428571428,0.23222222222222222,0.0,4.8466000000000005,optimal
2021-02-11 15:30:00,91,6,1.1428571428571428,0.0774074074074074,0.0,2.7075666666666667,optimal
2021-02-11 16:00:00,91,6,0.0,0.0,0.0,0.48936666666666667,optimal
2021-02-11 16:30:00,91,6,0.0,0.6966666666666667,0.0,0.31539999999999996,optimal
2021-02-11 17:00:00,91,6,0.0,0.46444444444444444,0.0,0.4198,optimal
2021-02-11 17:30:00,91,6,0.0,0.0,0.0,2.6260666666666665,optimal
2021-02-11 18:00:00,91,6,0.0,0.0,0.0,1.3934666666666666,optimal
2021-02-11 18:30:00,91,6,0.0,0.0,0.0,1.1342,optimal
2021-02-11 19:00:00,91,6,0.0,0.23222222222222222,0.0,0.08693333333333333,optimal
2021-02-11 19:30:00,91,6,0.0,0.387037037037037,0.0,0.1,optimal
2021-02-11 20:00:00,91,6,0.0,0.0,0.0,0.17293333333333333,optimal
2021-02-11 20:30:00,91,6,0.0,0.0,0.0,2.2075666666666667,optimal
2021-02-11 21:00:00,91,6,0.0,0.6192592592592592,0.0,2.3828,optimal
2021-02-11 21:30:00,91,6,0.0,0.1548148148148148,0.0,1.2689000000000001,optimal
2021-02-11 22:00:00,91,6,0.0,0.0,0.0,1.2878,optimal
2021-02-11 22:30:00,91,6,0.0,0.1548148148148148,0.0,1.1196,optimal
2021-02-11 23:00:00,91,6,0.0,0.0,0.0,1.5450666666666666,optimal
2021-02-11 23:30:00,91,6,0.0,0.0,0.0,0.054,optimal
2021-02-12 00:00:00,91,6,1.1428571428571428,0.0,0.0,0.1981,optimal
2021-02-12 00:30:00,91,6,1.1428571428571428,0.23222222222222222,0.0,0.31189999999999996,optimal
2021-02-12 01:00:00,91,6,1.1428571428571428,0.0,0.0,0.3023666666666667,optimal
2021-02-12 01:30:00,91,6,1.1428571428571428,0.0,0.0,0.2752,optimal
2021-02-12 02:00:00,91,6,1.1428571428571428,0.0,0.0,0.11606666666666667,optimal
2021-02-12 02:30:00,91,6,1.1428571428571428,0.0,0.0,0.0829,optimal
2021-02-12 03:00:00,91,6,1.1428571428571428,0.0,0.0,0.3103666666666667,optimal
2021-02-12 03:30:00,91,6,1.1428571428571428,0.0,0.0,0.063,optimal
2021-02-12 04:00:00,91,6,1.1428571428571428,0.0,0.0,0.16006666666666666,optimal
2021-02-12 04:30:00,91,6,1.1428571428571428,0.0,0.0,0.2332,optimal
2021-02-12 05:00:00,91,6,1.1428571428571428,0.0,0.0,0.07513333333333334,optimal
2021-02-12 05:30:00,91,6,1.1428571428571428,0.0,0.0,0.3181333333333333,optimal
2021-02-12 06:00:00,91,6,1.1428571428571428,0.0,0.0,0.06906666666666667,optimal
2021-02-12 06:30:00,91,6,1.1428571428571428,0.5836518518518518,1.651301133702188,0.25056666666666666,optimal
2021-02-12 07:00:00,91,6,1.1428571428571428,1.1967185185185187,5.0,0.3466,optimal
2021-02-12 07:30:00,91,6,1.1428571428571428,3.4405479398013745,0.0,0.28303333333333336,optimal
2021-02-12 08:00:00,91,6,0.8027509819926594,0.1548148148148148,0.0,0.3514,optimal
2021-02-12 08:30:00,91,6,0.8972887181578381,0.0,0.0,0.3106333333333333,optimal
2021-02-12 09:00:00,91,6,0.7229217941837415,0.23222222222222222,0.0,0.41893333333333327,optimal
2021-02-12 09:30:00,91,6,0.5300733630334775,0.387037037037037,0.0,0.411,optimal
2021-02-12 10:00:00,91,6,0.18765740537862988,0.0,0.0,0.4433,optimal
2021-02-12 10:30:00,91,6,0.22632479019113935,0.0,0.0,0.33126666666666665,optimal
2021-02-12 11:00:00,91,6,0.054193746961041026,0.46444444444444444,0.0,0.3511,optimal
2021-02-12 11:30:00,91,6,0.07752788434831617,0.23222222222222222,0.0,0.3728333333333333,optimal
2021-02-12 12:00:00,91,6,0.0302038248116673,0.0,0.0,0.3521,optimal
2021-02-12 12:30:00,91,6,0.0,7.585925925925924,0.0,0.5824,optimal
2021-02-12 13:00:00,91,6,0.31238583407364295,0.0774074074074074,0.0,1.1008,optimal
2021-02-12 13:30:00,91,6,1.1428571428571428,0.0,0.0,0.1882666666666667,optimal
2021-02-12 14:00:00,91,6,1.1428571428571428,0.0,0.0,0.1725,optimal
2021-02-12 14:30:00,91,6,1.1428571428571428,0.0,0.0,0.11943333333333334,optimal
2021-02-12 15:00:00,91,6,1.1428571428571428,0.0,0.0,0.12153333333333331,optimal
2021-02-12 15:30:00,91,6,1.1428571428571428,0.0,0.0,0.8905666666666667,optimal
2021-02-12 16:00:00,91,6,0.0,0.387037037037037,0.0,0.4433,optimal
2021-02-12 16:30:00,91,6,0.0,0.46444444444444444,0.0,0.5152,optimal
2021-02-12 17:00:00,91,6,0.0,0.6966666666666667,0.0,0.5529333333333333,optimal
2021-02-12 17:30:00,91,6,0.0,0.3096296296296296,0.0,0.37789999999999996,optimal
2021-02-12 18:00:00,91,6,0.0,0.3096296296296296,0.0,0.41873333333333335,optimal
2021-02-12 18:30:00,91,6,0.0,0.0,0.0,0.5302,optimal
2021-02-12 19:00:00,91,6,0.0,0.387037037037037,0.0,0.663,optimal
2021-02-12 19:30:00,91,6,0.0,0.0774074074074074,0.0,1.4155333333333333,optimal
2021-02-12 20:00:00,91,6,0.0,0.0,0.0,0.5423333333333333,optimal
2021-02-12 20:30:00,91,6,0.0,0.0,0.0,0.5223,optimal
2021-02-12 21:00:00,91,6,0.0,0.0774074074074074,0.0,0.5933666666666667,optimal
2021-02-12 21:30:00,91,6,0.0,0.0,0.0,0.3502,optimal
2021-02-12 22:00:00,91,6,0.0,0.1548148148148148,0.0,0.24080000000000001,optimal
2021-02-12 22:30:00,91,6,0.0,0.0,0.0,0.24973333333333328,optimal
2021-02-12 23:00:00,91,6,0.0,0.0,0.0,0.1592333333333333,optimal
2021-02-12 23:30:00,91,6,0.0,0.0,0.0,0.25403333333333333,optimal
2021-02-13 00:00:00,91,6,0.0,0.0,0.0,0.054,optimal
2021-02-13 00:30:00,91,6,0.0,0.0,0.0,0.054,optimal
2021-02-13 01:00:00,91,6,0.6948269362350049,0.0,0.0,0.1926,optimal
2021-02-13 01:30:00,91,6,1.1428571428571428,0.0,0.0,0.054,optimal
2021-02-13 02:00:00,91,6,1.1428571428571428,0.0,0.0,0.21330000000000002,optimal
2021-02-13 02:30:00,91,6,1.1428571428571428,0.0,0.0,0.09809999999999999,optimal
2021-02-13 03:00:00,91,6,1.1428571428571428,0.0,0.0,0.1188,optimal
2021-02-13 03:30:00,91,6,1.1428571428571428,0.0,0.0,0.054,optimal
2021-02-13 04:00:00,91,6,1.1428571428571428,0.0,0.0,0.054,optimal
2021-02-13 04:30:00,91,6,1.1428571428571428,0.0,0.0,0.059,optimal
2021-02-13 05:00:00,91,6,1.1428571428571428,0.0,0.9245298428322862,0.2026,optimal
2021-02-13 05:30:00,91,6,1.1428571428571428,0.0,5.0,0.064,optimal
2021-02-13 06:00:00,91,6,1.1428571428571428,0.0,5.0,0.22826666666666667,optimal
2021-02-13 06:30:00,91,6,1.1428571428571428,0.0,5.0,0.09179999999999999,optimal
2021-02-13 07:00:00,91,6,1.1428571428571428,0.0,5.0,0.09,optimal
2021-02-13 07:30:00,91,6,1.1428571428571428,0.5418518518518518,0.0,0.28926666666666667,optimal
2021-02-13 08:00:00,91,6,0.6037245180231997,2.2448148148148146,0.0,0.41723333333333334,optimal
2021-02-13 08:30:00,91,6,0.6092281792200028,1.8779037037037034,0.0,0.2371,optimal
2021-02-13 09:00:00,91,6,0.5227992283457527,2.379503703703704,0.0,0.4607,optimal
2021-02-13 09:30:00,91,6,0.46329277242499495,0.0,0.0,1.4347999999999999,optimal
2021-02-13 10:00:00,91,6,0.3787378098717376,0.6192592592592592,0.0,0.3853333333333333,optimal
2021-02-13 10:30:00,91,6,0.4278376615447302,0.0,0.0,0.4398,optimal
2021-02-13 11:00:00,91,6,0.23871609859943627,0.3096296296296296,0.0,0.3491666666666667,optimal
2021-02-13 11:30:00,91,6,0.25768642646290263,0.0,0.0,0.29633333333333334,optimal
2021-02-13 12:00:00,91,6,0.20024697165120006,2.0899999999999994,0.0,0.1398,optimal
2021-02-13 12:30:00,91,6,0.12243524642574902,0.3096296296296296,0.0,0.17646666666666666,optimal
2021-02-13 13:00:00,91,6,1.1428571428571428,0.0774074074074074,0.0,0.5869,optimal
2021-02-13 13:30:00,91,6,1.1428571428571428,0.0,0.0,1.487,optimal
2021-02-13 14:00:00,91,6,1.1428571428571428,0.0,0.0,0.2107,optimal
2021-02-13 14:30:00,91,6,1.1428571428571428,0.0,0.0,0.1207,optimal
2021-02-13 15:00:00,91,6,1.1428571428571428,0.0,0.0,0.1288,optimal
2021-02-13 15:30:00,91,6,1.1428571428571428,0.23222222222222222,0.0,0.072,optimal
2021-02-13 16:00:00,91,6,0.0,0.0,0.0,0.22146666666666667,optimal
2021-02-13 16:30:00,91,6,0.0,0.23222222222222222,0.0,0.1206,optimal
2021-02-13 17:00:00,91,6,0.0,0.0,0.0,0.3482,optimal
2021-02-13 17:30:00,91,6,0.0,0.0,0.0,0.11056666666666666,optimal
2021-02-13 18:00:00,91,6,0.0,0.387037037037037,0.0,0.33786666666666665,optimal
2021-02-13 18:30:00,91,6,0.0,0.3096296296296296,0.0,0.3992,optimal
2021-02-13 19:00:00,91,6,0.0,0.0,0.0,0.3085333333333334,optimal
2021-02-13 19:30:00,91,6,0.0,0.0,0.0,0.07659999999999999,optimal
2021-02-13 20:00:00,91,6,0.746130952678047,0.0,0.0,0.2296,optimal
2021-02-13 20:30:00,91,6,0.0,0.0,0.0,0.0892,optimal
2021-02-13 21:00:00,91,6,0.0,0.0,0.0,0.2026,optimal
2021-02-13 21:30:00,91,6,0.0,0.0,0.0,0.21006666666666662,optimal
2021-02-13 22:00:00,91,6,0.0,0.0774074074074074,0.0,0.47423333333333334,optimal
2021-02-13 22:30:00,91,6,0.0,0.0,0.0,0.24416666666666662,optimal
2021-02-13 23:00:00,91,6,0.0,0.0774074074074074,0.0,0.17856666666666665,optimal
2021-02-13 23:30:00,91,6,0.0,0.46444444444444444,0.0,0.9252666666666668,optimal
2021-02-07 00:00:00,92,6,0.0,0.0,0.0,0.0713,optimal
2021-02-07 00:30:00,92,6,0.0,0.0,0.0,0.18596666666666667,optimal
2021-02-07 01:00:00,92,6,0.0,0.0,0.0,0.11766666666666668,optimal
2021-02-07 01:30:00,92,6,0.0,0.0,0.0,0.16643333333333335,optimal
2021-02-07 02:00:00,92,6,0.0,0.0,0.0,0.24209999999999998,optimal
2021-02-07 02:30:00,92,6,0.0,0.0,0.0,0.067,optimal
2021-02-07 03:00:00,92,6,0.0,0.0,0.0,0.1854333333333333,optimal
2021-02-07 03:30:00,92,6,0.0,0.0,0.0,0.11163333333333333,optimal
2021-02-07 04:00:00,92,6,1.1428571428571428,0.0,0.0,0.143,optimal
2021-02-07 04:30:00,92,6,1.1428571428571428,0.0,0.0,0.2037333333333333,optimal
2021-02-07 05:00:00,92,6,1.1428571428571428,0.0,0.0,0.067,optimal
2021-02-07 05:30:00,92,6,1.1428571428571428,0.0,0.0,0.17846666666666666,optimal
2021-02-07 06:00:00,92,6,1.1428571428571428,0.387037037037037,0.0,0.8314666666666667,optimal
2021-02-07 06:30:00,92,6,1.1428571428571428,0.387037037037037,1.4055777348378222,3.165966666666667,optimal
2021-02-07 07:00:00,92,6,1.1428571428571428,0.6192592592592592,0.0,1.2452333333333332,optimal
2021-02-07 07:30:00,92,6,0.0,2.941481481481482,0.0,2.1326666666666667,optimal
2021-02-07 08:00:00,92,6,0.0,0.23222222222222222,0.0,1.4393,optimal
2021-02-07 08:30:00,92,6,0.0,0.46444444444444444,0.0,0.2094333333333333,optimal
2021-02-07 09:00:00,92,6,0.5110765596921265,0.3096296296296296,0.0,0.1388,optimal
2021-02-07 09:30:00,92,6,0.5454604377292994,0.5418518518518518,0.0,2.0913666666666666,optimal
2021-02-07 10:00:00,92,6,0.5147586805551226,0.0,0.0,0.6362000000000001,optimal
2021-02-07 10:30:00,92,6,0.552403739113895,0.0,0.0,0.14786666666666667,optimal
2021-02-07 11:00:00,92,6,0.43857836775372655,0.0774074074074074,0.0,0.26,optimal
2021-02-07 11:30:00,92,6,0.40063741537277703,0.0,0.0,2.3056666666666663,optimal
2021-02-07 12:00:00,92,6,0.48087608391578973,0.0,0.0,0.08073333333333334,optimal
2021-02-07 12:30:00,92,6,0.4363427505824566,0.0,0.0,0.2366,optimal
2021-02-07 13:00:00,92,6,1.1428571428571428,0.0,0.0,0.17880000000000001,optimal
2021-02-07 13:30:00,92,6,1.1428571428571428,0.0,0.0,0.1082,optimal
2021-02-07 14:00:00,92,6,1.1428571428571428,0.0,0.0,0.2437,optimal
2021-02-07 14:30:00,92,6,1.1428571428571428,0.46444444444444444,0.0,1.3111666666666668,optimal
2021-02-07 15:00:00,92,6,1.1428571428571428,0.0,0.0,1.3288,optimal
2021-02-07 15:30:00,92,6,1.1428571428571428,0.0,0.0,2.6819,optimal
2021-02-07 16:00:00,92,6,0.0,0.0,0.0,0.2477666666666667,optimal
2021-02-07 16:30:00,92,6,0.0,0.0,0.0,0.27393333333333336,optimal
2021-02-07 17:00:00,92,6,0.0,0.0774074074074074,0.0,0.4956666666666667,optimal
2021-02-07 17:30:00,92,6,0.0,0.0,0.0,2.091333333333333,optimal
2021-02-07 18:00:00,92,6,0.0,0.0,0.0,0.8274,optimal
2021-02-07 18:30:00,92,6,0.0,0.23222222222222222,0.0,1.7463333333333333,optimal
2021-02-07 19:00:00,92,6,0.0,0.5418518518518518,0.0,2.0786,optimal
2021-02-07 19:30:00,92,6,0.17166664284158167,0.0,0.0,1.0893333333333333,optimal
2021-02-07 20:00:00,92,6,0.500145716256435,1.6255555555555554,0.0,0.463,optimal
2021-02-07 20:30:00,92,6,0.0,0.23222222222222222,0.0,0.5007,optimal
2021-02-07 21:00:00,92,6,0.0,0.0,0.0,0.2576666666666667,optimal
2021-02-07 21:30:00,92,6,0.0,0.0,0.0,0.34826666666666667,optimal
2021-02-07 22:00:00,92,6,0.0,0.23222222222222222,0.0,0.26053333333333334,optimal
2021-02-07 22:30:00,92,6,0.0,5.172362962962962,0.0,0.5055666666666666,optimal
2021-02-07 23:00:00,92,6,0.0,2.568377777777778,0.0,2.7159666666666666,optimal
2021-02-07 23:30:00,92,6,0.0,0.0774074074074074,0.0,0.43273333333333336,optimal
2021-02-08 00:00:00,92,6,0.0,0.0,0.0,0.063,optimal
2021-02-08 00:30:00,92,6,0.0,0.0774074074074074,0.0,0.0935,optimal
2021-02-08 01:00:00,92,6,0.0,0.0,0.0,0.16543333333333335,optimal
2021-02-08 01:30:00,92,6,0.0,0.0,0.0,0.055,optimal
2021-02-08 02:00:00,92,6,0.8926529553430412,0.0,0.0,0.09770000000000001,optimal
2021-02-08 02:30:00,92,6,1.1428571428571428,0.0,0.0,0.1465,optimal
2021-02-08 03:00:00,92,6,1.1428571428571428,0.0,0.0,0.055,optimal
2021-02-08 03:30:00,92,6,1.1428571428571428,0.0,0.0,0.055,optimal
2021-02-08 04:00:00,92,6,1.1428571428571428,0.0,0.0,0.13653333333333334,optimal
2021-02-08 04:30:00,92,6,1.1428571428571428,0.0,0.0,0.126,optimal
2021-02-08 05:00:00,92,6,1.1428571428571428,0.0,0.0,0.065,optimal
2021-02-08 05:30:00,92,6,1.1428571428571428,0.3096296296296296,0.0,0.2329333333333333,optimal
2021-02-08 06:00:00,92,6,1.1428571428571428,0.387037037037037,4.2975648016124826,0.109,optimal
2021-02-08 06:30:00,92,6,1.1428571428571428,1.2385185185185184,5.0,0.9875666666666668,optimal
2021-02-08 07:00:00,92,6,1.1428571428571428,5.495925925925925,0.0,0.063,optimal
2021-02-08 07:30:00,92,6,1.1428571428571428,2.631851851851852,0.0,0.24226666666666669,optimal
2021-02-08 08:00:00,92,6,0.5952768651077592,0.5418518518518518,0.0,0.2395,optimal
2021-02-08 08:30:00,92,6,0.6075266855712967,0.387037037037037,0.0,0.109,optimal
2021-02-08 09:00:00,92,6,0.5509337876269076,0.0,0.0,0.097,optimal
2021-02-08 09:30:00,92,6,0.5440257235982584,0.387037037037037,0.0,0.1972,optimal
2021-02-08 10:00:00,92,6,0.5141608311517432,0.0,0.0,0.06433333333333333,optimal
2021-02-08 10:30:00,92,6,0.5617355618470552,0.0,0.0,0.065,optimal
2021-02-08 11:00:00,92,6,0.3880931220178894,0.0,0.0,0.065,optimal
2021-02-08 11:30:00,92,6,0.34546234917339924,0.0,0.0,0.1992,optimal
2021-02-08 12:00:00,92,6,0.32336508536658193,0.0,0.0,0.065,optimal
2021-02-08 12:30:00,92,6,0.3631768917688925,0.0,0.0,0.08940000000000001,optimal
2021-02-08 13:00:00,92,6,1.1428571428571428,0.0,0.0,0.1748,optimal
2021-02-08 13:30:00,92,6,1.1428571428571428,0.0,0.0,0.065,optimal
2021-02-08 14:00:00,92,6,1.1428571428571428,0.0,0.0,0.1992,optimal
2021-02-08 14:30:00,92,6,1.1428571428571428,0.0,0.0,0.065,optimal
2021-02-08 15:00:00,92,6,1.1428571428571428,0.0,0.0,0.1443,optimal
2021-02-08 15:30:00,92,6,1.1428571428571428,0.0,0.0,0.1199,optimal
2021-02-08 16:00:00,92,6,0.0,0.23222222222222222,0.0,0.06433333333333333,optimal
2021-02-08 16:30:00,92,6,0.0,0.0,0.0,0.24013333333333334,optimal
2021-02-08 17:00:00,92,6,0.0,0.0,0.0,0.1066,optimal
2021-02-08 17:30:00,92,6,0.0,0.3096296296296296,0.0,0.1179,optimal
2021-02-08 18:00:00,92,6,0.0,0.0,0.0,0.7322333333333334,optimal
2021-02-08 18:30:00,92,6,0.0,0.1548148148148148,0.0,0.41956666666666664,optimal
2021-02-08 19:00:00,92,6,0.0,0.23222222222222222,0.0,0.21746666666666667,optimal
2021-02-08 19:30:00,92,6,0.6099637101459272,0.387037037037037,0.0,0.2057333333333333,optimal
2021-02-08 20:00:00,92,6,0.6299670122698087,0.3096296296296296,0.0,0.2057333333333333,optimal
2021-02-08 20:30:00,92,6,0.0,0.23222222222222222,0.0,0.29196666666666665,optimal
2021-02-08 21:00:00,92,6,0.0,0.0774074074074074,0.0,1.8346,optimal
2021-02-08 21:30:00,92,6,0.0,0.0,0.0,0.7527,optimal
2021-02-08 22:00:00,92,6,0.0,0.0,0.0,0.2897333333333333,optimal
2021-02-08 22:30:00,92,6,0.0,0.0,0.0,0.2051,optimal
2021-02-08 23:00:00,92,6,0.0,0.23222222222222222,0.0,0.3156666666666667,optimal
2021-02-08 23:30:00,92,6,0.0,0.0,0.0,0.2788,optimal
2021-02-09 00:00:00,92,6,0.0,0.0,0.0,0.06946666666666666,optimal
2021-02-09 00:30:00,92,6,0.0,0.0,0.0,0.063,optimal
2021-02-09 01:00:00,92,6,0.0,0.0,0.0,0.063,optimal
2021-02-09 01:30:00,92,6,0.4933608751623902,0.0,0.0,0.20013333333333333,optimal
2021-02-09 02:00:00,92,6,1.1428571428571428,0.0,0.0,0.063,optimal
2021-02-09 02:30:00,92,6,1.1428571428571428,0.0,0.0,0.19390000000000002,optimal
2021-02-09 03:00:00,92,6,1.1428571428571428,0.0,0.0,0.06923333333333334,optimal
2021-02-09 03:30:00,92,6,1.1428571428571428,0.0,0.0,0.10663333333333334,optimal
2021-02-09 04:00:00,92,6,1.1428571428571428,0.0,0.0,0.1565,optimal
2021-02-09 04:30:00,92,6,1.1428571428571428,0.0,0.0,0.063,optimal
2021-02-09 05:00:00,92,6,1.1428571428571428,0.0,4.922638130929792,0.20013333333333333,optimal
2021-02-09 05:30:00,92,6,1.1428571428571428,0.0,5.0,0.063,optimal
2021-02-09 06:00:00,92,6,1.1428571428571428,0.0,5.0,0.13156666666666667,optimal
2021-02-09 06:30:00,92,6,1.1428571428571428,0.0,5.0,0.16656666666666667,optimal
2021-02-09 07:00:00,92,6,1.1428571428571428,0.46444444444444444,5.0,0.3588,optimal
2021-02-09 07:30:00,92,6,1.1428571428571428,0.46444444444444444,0.0,0.3696666666666667,optimal
2021-02-09 08:00:00,92,6,0.5032871540415237,0.46444444444444444,0.0,0.168,optimal
2021-02-09 08:30:00,92,6,0.5317314709652703,1.8577777777777778,0.0,0.5149,optimal
2021-02-09 09:00:00,92,6,0.47794145598284066,0.0,0.0,0.6437666666666666,optimal
2021-02-09 09:30:00,92,6,0.47125866125888316,0.23222222222222222,0.0,1.3357666666666668,optimal
2021-02-09 10:00:00,92,6,0.40420382776880315,0.0,0.0,0.33413333333333334,optimal
2021-02-09 10:30:00,92,6,0.4352364194670982,0.0,0.0,0.3439,optimal
2021-02-09 11:00:00,92,6,0.10856705098917503,0.1548148148148148,0.0,1.4808,optimal
2021-02-09 11:30:00,92,6,0.25207071218597027,0.0,0.0,0.22756666666666664,optimal
2021-02-09 12:00:00,92,6,0.1960318676486158,0.0,0.0,0.21013333333333334,optimal
2021-02-09 12:30:00,92,6,0.20365773026133197,0.3096296296296296,0.0,0.14806666666666665,optimal
2021-02-09 13:00:00,92,6,1.1428571428571428,0.0774074074074074,0.0,1.3124666666666667,optimal
2021-02-09 13:30:00,92,6,1.1428571428571428,0.1548148148148148,0.0,1.4118,optimal
2021-02-09 14:00:00,92,6,1.1428571428571428,0.774074074074074,0.0,0.1958,optimal
2021-02-09 14:30:00,92,6,1.1428571428571428,0.0,0.0,0.35736666666666667,optimal
2021-02-09 15:00:00,92,6,1.1428571428571428,0.0,0.0,0.16069999999999998,optimal
2021-02-09 15:30:00,92,6,1.1428571428571428,0.0,0.0,0.3379,optimal
2021-02-09 16:00:00,92,6,0.0,0.0,0.0,0.07923333333333334,optimal
2021-02-09 16:30:00,92,6,0.0,0.0,0.0,0.073,optimal
2021-02-09 17:00:00,92,6,0.0,0.0,0.0,0.073,optimal
2021-02-09 17:30:00,92,6,0.0,0.23222222222222222,0.0,0.22363333333333332,optimal
2021-02-09 18:00:00,92,6,0.0,0.0,0.0,0.10416666666666669,optimal
2021-02-09 18:30:00,92,6,0.0,0.0,0.0,0.11040000000000001,optimal
2021-02-09 19:00:00,92,6,0.0,0.387037037037037,0.0,0.9989333333333331,optimal
2021-02-09 19:30:00,92,6,0.0,0.0,0.0,0.947,optimal
2021-02-09 20:00:00,92,6,0.3604357609822613,0.0,0.0,0.5510333333333333,optimal
2021-02-09 20:30:00,92,6,0.0,0.0,0.0,0.3554,optimal
2021-02-09 21:00:00,92,6,0.0,0.0,0.0,0.43726666666666664,optimal
2021-02-09 21:30:00,92,6,0.0,0.0,0.0,1.8025333333333333,optimal
2021-02-09 22:00:00,92,6,0.0,0.387037037037037,0.0,0.6383333333333334,optimal
2021-02-09 22:30:00,92,6,0.0,0.0,0.0,0.4004333333333333,optimal
2021-02-09 23:00:00,92,6,0.0,0.0,0.0,0.5134666666666667,optimal
2021-02-09 23:30:00,92,6,0.0,0.0,0.0,0.13133333333333333,optimal
2021-02-10 00:00:00,92,6,0.0,0.0,0.0,0.08166666666666667,optimal
2021-02-10 00:30:00,92,6,0.0,0.1548148148148148,0.0,0.2986666666666667,optimal
2021-02-10 01:00:00,92,6,0.0,0.0,0.0,0.058,optimal
2021-02-10 01:30:00,92,6,0.21239711570433661,0.0,0.0,0.1354,optimal
2021-02-10 02:00:00,92,6,1.1428571428571428,0.0,0.0,0.058,optimal
2021-02-10 02:30:00,92,6,1.1428571428571428,0.0,0.0,0.058,optimal
2021-02-10 03:00:00,92,6,1.1428571428571428,0.0,0.0,0.058,optimal
2021-02-10 03:30:00,92,6,1.1428571428571428,0.0,0.0,0.1354,optimal
2021-02-10 04:00:00,92,6,1.1428571428571428,0.0,5.0,0.058,optimal
2021-02-10 04:30:00,92,6,1.1428571428571428,0.0,5.0,0.13873333333333332,optimal
2021-02-10 05:00:00,92,6,1.1428571428571428,0.0,5.0,0.068,optimal
2021-02-10 05:30:00,92,6,1.1428571428571428,0.0,5.0,0.1368,optimal
2021-02-10 06:00:00,92,6,1.1428571428571428,0.0,5.0,0.06726666666666667,optimal
2021-02-10 06:30:00,92,6,1.1428571428571428,0.0,5.0,0.101,optimal
2021-02-10 07:00:00,92,6,1.1428571428571428,0.0774074074074074,5.0,0.5290666666666667,optimal
2021-02-10 07:30:00,92,6,1.1428571428571428,0.23222222222222222,1.1501674353484168,2.621633333333333,optimal
2021-02-10 08:00:00,92,6,0.6005196767656195,0.387037037037037,5.0,2.5370333333333335,optimal
2021-02-10 08:30:00,92,6,0.6020581310766375,0.46444444444444444,0.0,1.4704666666666666,optimal
2021-02-10 09:00:00,92,6,0.5820559844154048,0.0,0.0,0.2776,optimal
2021-02-10 09:30:00,92,6,0.5446915815835633,0.0,0.0,0.2798,optimal
2021-02-10 10:00:00,92,6,0.3379318205257462,0.46444444444444444,0.0,0.37823333333333337,optimal
2021-02-10 10:30:00,92,6,0.356968518401861,0.3096296296296296,0.0,0.30346666666666666,optimal
2021-02-10 11:00:00,92,6,0.20666301568099402,1.9351851851851851,0.0,0.7826000000000001,optimal
2021-02-10 11:30:00,92,6,0.1052646237888902,0.0,0.0,2.7063,optimal
2021-02-10 12:00:00,92,6,0.01874227449525379,0.0,0.0,2.1208666666666667,optimal
2021-02-10 12:30:00,92,6,0.1255860840190645,0.0,0.0,0.2651,optimal
2021-02-10 13:00:00,92,6,1.1428571428571428,0.0,0.0,0.07659999999999999,optimal
2021-02-10 13:30:00,92,6,1.1428571428571428,0.0,0.0,0.11913333333333334,optimal
2021-02-10 14:00:00,92,6,1.1428571428571428,0.23222222222222222,0.0,1.5574333333333334,optimal
2021-02-10 14:30:00,92,6,1.1428571428571428,0.0,0.0,0.3075,optimal
2021-02-10 15:00:00,92,6,1.1428571428571428,0.3096296296296296,0.0,0.29519999999999996,optimal
2021-02-10 15:30:00,92,6,1.1428571428571428,0.0,0.0,0.1758,optimal
2021-02-10 16:00:00,92,6,0.0,0.387037037037037,0.0,0.5337666666666666,optimal
2021-02-10 16:30:00,92,6,0.0,0.3096296296296296,0.0,0.116,optimal
2021-02-10 17:00:00,92,6,0.0,0.23222222222222222,0.0,0.181,optimal
2021-02-10 17:30:00,92,6,0.0,0.46444444444444444,0.0,0.21109999999999998,optimal
2021-02-10 18:00:00,92,6,0.0,0.0,0.0,0.17366666666666666,optimal
2021-02-10 18:30:00,92,6,0.0,0.0,0.0,0.07366666666666667,optimal
2021-02-10 19:00:00,92,6,0.0,0.0,0.0,0.1835,optimal
2021-02-10 19:30:00,92,6,0.0,0.0,0.0,0.38326666666666664,optimal
2021-02-10 20:00:00,92,6,0.5627464126480122,0.0,0.0,0.068,optimal
2021-02-10 20:30:00,92,6,0.0,0.387037037037037,0.0,0.30906666666666666,optimal
2021-02-10 21:00:00,92,6,0.0,0.0774074074074074,0.0,0.2398,optimal
2021-02-10 21:30:00,92,6,0.0,0.0,0.0,0.3235,optimal
2021-02-10 22:00:00,92,6,0.0,0.0774074074074074,0.0,0.4159,optimal
2021-02-10 22:30:00,92,6,0.0,0.23222222222222222,0.0,0.6,optimal
2021-02-10 23:00:00,92,6,0.0,0.0774074074074074,0.0,0.3517,optimal
2021-02-10 23:30:00,92,6,0.0,0.0,0.0,0.2302,optimal
2021-02-11 00:00:00,92,6,1.1428571428571428,0.0,0.0,0.10673333333333332,optimal
2021-02-11 00:30:00,92,6,1.1428571428571428,0.0,0.0,0.22006666666666663,optimal
2021-02-11 01:00:00,92,6,1.1428571428571428,0.0,0.0,0.0628,optimal
2021-02-11 01:30:00,92,6,1.1428571428571428,0.0,0.0,0.13903333333333334,optimal
2021-02-11 02:00:00,92,6,1.1428571428571428,0.0,0.0,0.24769999999999998,optimal
2021-02-11 02:30:00,92,6,1.1428571428571428,0.0,0.0,0.17126666666666668,optimal
2021-02-11 03:00:00,92,6,1.1428571428571428,0.0,0.0,0.2507666666666667,optimal
2021-02-11 03:30:00,92,6,1.1428571428571428,0.0,0.0,0.0767,optimal
2021-02-11 04:00:00,92,6,1.1428571428571428,0.0,0.0,0.1371,optimal
2021-02-11 04:30:00,92,6,1.1428571428571428,0.0,0.0,0.28903333333333336,optimal
2021-02-11 05:00:00,92,6,1.1428571428571428,0.0,0.0,0.0767,optimal
2021-02-11 05:30:00,92,6,1.1428571428571428,0.0,0.0,0.3551,optimal
2021-02-11 06:00:00,92,6,1.1428571428571428,0.0,0.0,0.06973333333333333,optimal
2021-02-11 06:30:00,92,6,1.1428571428571428,0.0,0.0,0.10540000000000001,optimal
2021-02-11 07:00:00,92,6,1.1428571428571428,0.0,4.811529215055798,0.3043333333333333,optimal
2021-02-11 07:30:00,92,6,1.1428571428571428,0.8897129903990717,0.0,0.2593666666666667,optimal
2021-02-11 08:00:00,92,6,0.7242198030968481,2.39962962962963,0.0,0.29683333333333334,optimal
2021-02-11 08:30:00,92,6,0.8659278671254841,0.0,0.0,0.16593333333333335,optimal
2021-02-11 09:00:00,92,6,0.8319049742017796,0.0,0.0,0.048,optimal
2021-02-11 09:30:00,92,6,0.732963888934318,0.0,0.0,0.14666666666666667,optimal
2021-02-11 10:00:00,92,6,0.4674602517408256,0.0,0.0,0.08283333333333333,optimal
2021-02-11 10:30:00,92,6,0.3929782221411141,2.012592592592592,0.0,0.3355666666666667,optimal
2021-02-11 11:00:00,92,6,0.3073443387020683,0.0,0.0,0.1847333333333333,optimal
2021-02-11 11:30:00,92,6,0.27235639951122864,0.0,0.0,0.2436333333333333,optimal
2021-02-11 12:00:00,92,6,0.15612321765376277,0.0,0.0,0.08383333333333333,optimal
2021-02-11 12:30:00,92,6,0.11035652749788548,0.0,0.0,0.14646666666666666,optimal
2021-02-11 13:00:00,92,6,1.1428571428571428,0.0,0.0,0.208,optimal
2021-02-11 13:30:00,92,6,1.1428571428571428,0.0,0.0,0.19346666666666668,optimal
2021-02-11 14:00:00,92,6,1.1428571428571428,0.0,0.0,0.16816666666666666,optimal
2021-02-11 14:30:00,92,6,1.1428571428571428,0.0,0.0,0.4691,optimal
2021-02-11 15:00:00,92,6,1.1428571428571428,0.0774074074074074,0.0,0.2148333333333333,optimal
2021-02-11 15:30:00,92,6,1.1428571428571428,0.0,0.0,0.23163333333333333,optimal
2021-02-11 16:00:00,92,6,0.0,0.0,0.0,0.09093333333333334,optimal
2021-02-11 16:30:00,92,6,0.0,0.1548148148148148,0.0,0.3364,optimal
2021-02-11 17:00:00,92,6,0.0,0.0,0.0,0.123,optimal
2021-02-11 17:30:00,92,6,0.0,0.0,0.0,0.15083333333333335,optimal
2021-02-11 18:00:00,92,6,0.0,0.1548148148148148,0.0,0.5870333333333333,optimal
2021-02-11 18:30:00,92,6,0.0,0.0,0.0,0.40426666666666666,optimal
2021-02-11 19:00:00,92,6,0.0,0.6966666666666667,0.0,0.289,optimal
2021-02-11 19:30:00,92,6,0.0,0.0,0.0,0.7355333333333333,optimal
2021-02-11 20:00:00,92,6,0.7340715977559354,0.23222222222222222,0.0,0.3587333333333333,optimal
2021-02-11 20:30:00,92,6,0.0,0.0,0.0,1.7877333333333332,optimal
2021-02-11 21:00:00,92,6,0.0,6.192592592592592,0.0,0.43156666666666665,optimal
2021-02-11 21:30:00,92,6,0.0,0.0774074074074074,0.0,2.1517,optimal
2021-02-11 22:00:00,92,6,0.0,0.0,0.0,0.5835333333333333,optimal
2021-02-11 22:30:00,92,6,0.0,0.23222222222222222,0.0,1.1304333333333334,optimal
2021-02-11 23:00:00,92,6,0.0,0.0,0.0,0.20033333333333328,optimal
2021-02-11 23:30:00,92,6,0.0,0.387037037037037,0.0,0.4074666666666666,optimal
2021-02-12 00:00:00,92,6,1.1428571428571428,0.0,0.0,0.04933333333333333,optimal
2021-02-12 00:30:00,92,6,1.1428571428571428,0.0,0.0,0.059,optimal
2021-02-12 01:00:00,92,6,1.1428571428571428,0.0,0.0,0.11120000000000001,optimal
2021-02-12 01:30:00,92,6,1.1428571428571428,0.0,0.0,0.2474,optimal
2021-02-12 02:00:00,92,6,1.1428571428571428,0.0,0.0,0.0621,optimal
2021-02-12 02:30:00,92,6,1.1428571428571428,0.0,0.0,0.2965,optimal
2021-02-12 03:00:00,92,6,1.1428571428571428,0.0,0.0,0.059,optimal
2021-02-12 03:30:00,92,6,1.1428571428571428,0.0,0.0,0.1148,optimal
2021-02-12 04:00:00,92,6,1.1428571428571428,0.0,0.0,0.059,optimal
2021-02-12 04:30:00,92,6,1.1428571428571428,0.0,0.0,0.24380000000000002,optimal
2021-02-12 05:00:00,92,6,1.1428571428571428,0.0,0.0,0.1148,optimal
2021-02-12 05:30:00,92,6,1.1428571428571428,0.0,0.0,0.0683,optimal
2021-02-12 06:00:00,92,6,1.1428571428571428,0.0,0.0,0.2735,optimal
2021-02-12 06:30:00,92,6,1.1428571428571428,0.0,1.7052693480410366,0.07579999999999999,optimal
2021-02-12 07:00:00,92,6,1.1428571428571428,0.0774074074074074,5.0,0.12186666666666666,optimal
2021-02-12 07:30:00,92,6,1.1428571428571428,4.694100537531863,0.0,0.3476,optimal
2021-02-12 08:00:00,92,6,0.85608431532599,0.774074074074074,0.0,0.10840000000000001,optimal
2021-02-12 08:30:00,92,6,0.82526014672926,1.5883999999999998,0.0,0.12190000000000001,optimal
2021-02-12 09:00:00,92,6,0.6724265560885054,1.1982666666666666,0.0,0.23366666666666663,optimal
2021-02-12 09:30:00,92,6,0.6155590773191869,0.3096296296296296,0.0,0.18380000000000002,optimal
2021-02-12 10:00:00,92,6,0.13064788156911636,0.0,0.0,1.1078,optimal
2021-02-12 10:30:00,92,6,0.328515266381622,0.0774074074074074,0.0,0.21403333333333333,optimal
2021-02-12 11:00:00,92,6,0.18942422315152427,0.0,0.0,0.1207,optimal
2021-02-12 11:30:00,92,6,0.18537550339593578,0.0,0.0,0.15836666666666668,optimal
2021-02-12 12:00:00,92,6,0.07825144385928023,0.23222222222222222,0.0,0.3909333333333333,optimal
2021-02-12 12:30:00,92,6,0.09243129553227035,0.3096296296296296,0.0,0.3338,optimal
2021-02-12 13:00:00,92,6,0.8506194578767527,0.0,0.0,0.4656,optimal
2021-02-12 13:30:00,92,6,1.1428571428571428,0.0,0.0,0.1346,optimal
2021-02-12 14:00:00,92,6,1.1428571428571428,0.0,0.0,0.1736,optimal
2021-02-12 14:30:00,92,6,1.1428571428571428,0.0,0.0,0.185,optimal
2021-02-12 15:00:00,92,6,1.1428571428571428,0.0,0.0,0.059,optimal
2021-02-12 15:30:00,92,6,1.1428571428571428,0.3096296296296296,0.0,0.3894333333333333,optimal
2021-02-12 16:00:00,92,6,0.0,0.0,0.0,0.1598,optimal
2021-02-12 16:30:00,92,6,0.0,0.0774074074074074,0.0,0.3685,optimal
2021-02-12 17:00:00,92,6,0.0,0.46444444444444444,0.0,0.2915,optimal
2021-02-12 17:30:00,92,6,0.0,0.3096296296296296,0.0,0.26689999999999997,optimal
2021-02-12 18:00:00,92,6,0.0,0.3096296296296296,0.0,0.38980000000000004,optimal
2021-02-12 18:30:00,92,6,0.0,0.23222222222222222,0.0,0.7492333333333333,optimal
2021-02-12 19:00:00,92,6,0.0,0.46444444444444444,0.0,0.23106666666666664,optimal
2021-02-12 19:30:00,92,6,0.0,5.263703703703704,0.0,0.5104666666666666,optimal
2021-02-12 20:00:00,92,6,0.0,1.0837037037037036,0.0,1.5615999999999999,optimal
2021-02-12 20:30:00,92,6,0.0,0.0,0.0,1.935,optimal
2021-02-12 21:00:00,92,6,0.0,0.1548148148148148,0.0,0.6152000000000001,optimal
2021-02-12 21:30:00,92,6,0.0,0.46444444444444444,0.0,0.2374,optimal
2021-02-12 22:00:00,92,6,0.0,0.0,0.0,0.2805,optimal
2021-02-12 22:30:00,92,6,0.0,0.0,0.0,0.174,optimal
2021-02-12 23:00:00,92,6,0.0,0.0,0.0,0.0838,optimal
2021-02-12 23:30:00,92,6,0.0,0.0,0.0,0.08036666666666666,optimal
2021-02-13 00:00:00,92,6,0.0,0.1548148148148148,0.0,0.0629,optimal
2021-02-13 00:30:00,92,6,0.0,0.1548148148148148,0.0,0.1394,optimal
2021-02-13 01:00:00,92,6,0.6334310291867308,0.0,0.0,0.142,optimal
2021-02-13 01:30:00,92,6,1.1428571428571428,0.0,0.0,0.0705,optimal
2021-02-13 02:00:00,92,6,1.1428571428571428,0.0,0.0,0.2005,optimal
2021-02-13 02:30:00,92,6,1.1428571428571428,0.0,0.0,0.1252,optimal
2021-02-13 03:00:00,92,6,1.1428571428571428,0.0,0.0,0.194,optimal
2021-02-13 03:30:00,92,6,1.1428571428571428,0.0,0.0,0.1382,optimal
2021-02-13 04:00:00,92,6,1.1428571428571428,0.0,0.0,0.064,optimal
2021-02-13 04:30:00,92,6,1.1428571428571428,0.0,0.0,0.0965,optimal
2021-02-13 05:00:00,92,6,1.1428571428571428,0.0,0.0,0.2289,optimal
2021-02-13 05:30:00,92,6,1.1428571428571428,0.0,0.0,0.07913333333333333,optimal
2021-02-13 06:00:00,92,6,1.1428571428571428,0.0,0.7485787589736579,0.18630000000000002,optimal
2021-02-13 06:30:00,92,6,1.1428571428571428,0.0,5.0,0.1659,optimal
2021-02-13 07:00:00,92,6,1.1428571428571428,0.0,5.0,0.074,optimal
2021-02-13 07:30:00,92,6,1.1428571428571428,1.7803703703703702,0.0,0.7945666666666668,optimal
2021-02-13 08:00:00,92,6,0.6595511846898693,0.6966666666666667,0.0,1.313233333333333,optimal
2021-02-13 08:30:00,92,6,0.6356662744580996,1.6658074074074074,0.0,0.3957,optimal
2021-02-13 09:00:00,92,6,0.4746716092981368,7.468266666666667,0.0,0.7407,optimal
2021-02-13 09:30:00,92,6,0.4475861057583279,0.0,0.0,2.0824333333333334,optimal
2021-02-13 10:00:00,92,6,0.4031587622526846,2.3222222222222215,0.0,0.388,optimal
2021-02-13 10:30:00,92,6,0.4570319472590098,0.0774074074074074,0.0,0.0735,optimal
2021-02-13 11:00:00,92,6,0.17249324145657235,0.3096296296296296,0.0,1.8839666666666668,optimal
2021-02-13 11:30:00,92,6,0.17654928360575556,2.39962962962963,0.0,2.0036,optimal
2021-02-13 12:00:00,92,6,0.18294220974642733,0.1548148148148148,0.0,0.2572,optimal
2021-02-13 12:30:00,92,6,0.1658638178543208,0.0,0.0,0.30196666666666666,optimal
2021-02-13 13:00:00,92,6,0.9739843056940072,0.0,0.0,2.0534666666666666,optimal
2021-02-13 13:30:00,92,6,1.1428571428571428,0.0,0.0,0.48833333333333334,optimal
2021-02-13 14:00:00,92,6,1.1428571428571428,0.0,0.0,0.9345333333333332,optimal
2021-02-13 14:30:00,92,6,1.1428571428571428,0.0,0.0,1.465733333333333,optimal
2021-02-13 15:00:00,92,6,1.1428571428571428,0.387037037037037,0.0,0.5082,optimal
2021-02-13 15:30:00,92,6,1.1428571428571428,0.0,0.0,0.2292333333333333,optimal
2021-02-13 16:00:00,92,6,0.0,0.1548148148148148,0.0,0.9537333333333332,optimal
2021-02-13 16:30:00,92,6,0.0,0.5418518518518518,0.0,1.4894666666666667,optimal
2021-02-13 17:00:00,92,6,0.0,0.0774074074074074,0.0,0.1665,optimal
2021-02-13 17:30:00,92,6,0.0,2.631851851851852,0.0,0.5672999999999999,optimal
2021-02-13 18:00:00,92,6,0.0,0.387037037037037,0.0,1.6994,optimal
2021-02-13 18:30:00,92,6,0.0,0.0,0.0,0.1352,optimal
2021-02-13 19:00:00,92,6,0.0,0.0,0.0,0.1715,optimal
2021-02-13 19:30:00,92,6,0.0,0.0,0.0,0.1195,optimal
2021-02-13 20:00:00,92,6,0.0,0.0,0.0,0.18719999999999998,optimal
2021-02-13 20:30:00,92,6,0.0,0.0,0.0,1.7772000000000001,optimal
2021-02-13 21:00:00,92,6,0.0,0.23222222222222222,0.0,0.23406666666666665,optimal
2021-02-13 21:30:00,92,6,0.0,0.3096296296296296,0.0,0.6889,optimal
2021-02-13 22:00:00,92,6,0.0,0.387037037037037,0.0,2.135766666666667,optimal
2021-02-13 22:30:00,92,6,0.0,0.6192592592592592,0.0,0.472,optimal
2021-02-13 23:00:00,92,6,0.0,0.0774074074074074,0.0,1.9199666666666666,optimal
2021-02-13 23:30:00,92,6,0.0,0.0,0.0,0.12406666666666666,optimal
2021-02-07 00:00:00,93,6,0.0,0.0,0.0,0.0636,optimal
2021-02-07 00:30:00,93,6,0.0,0.0,0.0,0.1464,optimal
2021-02-07 01:00:00,93,6,0.0,0.0,0.0,0.059,optimal
2021-02-07 01:30:00,93,6,0.0,0.0,0.0,0.151,optimal
2021-02-07 02:00:00,93,6,0.0,0.0,0.0,0.059,optimal
2021-02-07 02:30:00,93,6,0.0,0.0,0.0,0.151,optimal
2021-02-07 03:00:00,93,6,0.0,0.0,0.0,0.059,optimal
2021-02-07 03:30:00,93,6,0.0,0.0,0.0,0.059,optimal
2021-02-07 04:00:00,93,6,1.1428571428571428,0.0,0.0,0.059,optimal
2021-02-07 04:30:00,93,6,1.1428571428571428,0.0,0.0,0.061,optimal
2021-02-07 05:00:00,93,6,1.1428571428571428,0.0,0.0,0.161,optimal
2021-02-07 05:30:00,93,6,1.1428571428571428,0.0,0.0,0.067,optimal
2021-02-07 06:00:00,93,6,1.1428571428571428,0.0,0.0,0.12340000000000001,optimal
2021-02-07 06:30:00,93,6,1.1428571428571428,0.0,0.0,0.0886,optimal
2021-02-07 07:00:00,93,6,1.1428571428571428,0.0,1.7076336144509696,0.09659999999999999,optimal
2021-02-07 07:30:00,93,6,0.0,0.23222222222222222,0.0,1.2304000000000002,optimal
2021-02-07 08:00:00,93,6,0.0,0.6966666666666667,0.0,2.676833333333333,optimal
2021-02-07 08:30:00,93,6,0.449739509110355,0.387037037037037,0.0,1.7410999999999999,optimal
2021-02-07 09:00:00,93,6,0.5608767765325012,0.0,0.0,0.6381,optimal
2021-02-07 09:30:00,93,6,0.5558328186816873,0.1548148148148148,0.0,0.9707333333333332,optimal
2021-02-07 10:00:00,93,6,0.527251061507498,0.0,0.0,0.6272666666666666,optimal
2021-02-07 10:30:00,93,6,0.646460881971045,0.0,0.0,0.069,optimal
2021-02-07 11:00:00,93,6,0.5322840820394346,0.0,0.0,0.138,optimal
2021-02-07 11:30:00,93,6,0.6737328970492692,0.0,0.0,0.092,optimal
2021-02-07 12:00:00,93,6,1.1428571428571428,0.0,0.0,0.10579999999999999,optimal
2021-02-07 12:30:00,93,6,1.1428571428571428,0.0,0.0,0.1242,optimal
2021-02-07 13:00:00,93,6,1.1428571428571428,0.0,0.0,0.069,optimal
2021-02-07 13:30:00,93,6,1.1428571428571428,0.0,0.0,0.10579999999999999,optimal
2021-02-07 14:00:00,93,6,1.1428571428571428,0.0,0.0,0.1242,optimal
2021-02-07 14:30:00,93,6,1.1428571428571428,0.0,0.0,0.069,optimal
2021-02-07 15:00:00,93,6,1.1428571428571428,0.0,0.0,0.1564,optimal
2021-02-07 15:30:00,93,6,1.1428571428571428,0.0,0.0,0.0736,optimal
2021-02-07 16:00:00,93,6,0.0,0.6966666666666667,0.0,0.6391,optimal
2021-02-07 16:30:00,93,6,0.0,0.0,0.0,0.1242,optimal
2021-02-07 17:00:00,93,6,0.0,0.0,0.0,0.069,optimal
2021-02-07 17:30:00,93,6,0.0,0.0,0.0,0.069,optimal
2021-02-07 18:00:00,93,6,0.0,0.0,0.0,0.069,optimal
2021-02-07 18:30:00,93,6,0.0,0.0,0.0,0.069,optimal
2021-02-07 19:00:00,93,6,0.0,0.0,0.0,0.161,optimal
2021-02-07 19:30:00,93,6,0.7714885733992971,0.0,0.0,0.069,optimal
2021-02-07 20:00:00,93,6,0.7714885733992971,0.0,0.0,0.069,optimal
2021-02-07 20:30:00,93,6,0.0,0.0,0.0,0.115,optimal
2021-02-07 21:00:00,93,6,0.0,0.0,0.0,0.115,optimal
2021-02-07 21:30:00,93,6,0.0,0.0,0.0,0.069,optimal
2021-02-07 22:00:00,93,6,0.0,0.23222222222222222,0.0,0.103,optimal
2021-02-07 22:30:00,93,6,0.0,0.1548148148148148,0.0,0.29706666666666665,optimal
2021-02-07 23:00:00,93,6,0.0,0.0,0.0,0.7525,optimal
2021-02-07 23:30:00,93,6,0.0,0.0,0.0,0.12286666666666667,optimal
2021-02-08 00:00:00,93,6,0.0,0.0,0.0,0.041,optimal
2021-02-08 00:30:00,93,6,0.0,0.0,0.0,0.041,optimal
2021-02-08 01:00:00,93,6,0.010311790777978856,0.0,0.0,0.101,optimal
2021-02-08 01:30:00,93,6,1.1428571428571428,0.0,0.0,0.041,optimal
2021-02-08 02:00:00,93,6,1.1428571428571428,0.0,0.0,0.0538,optimal
2021-02-08 02:30:00,93,6,1.1428571428571428,0.0,0.0,0.179,optimal
2021-02-08 03:00:00,93,6,1.1428571428571428,0.0,0.0,0.091,optimal
2021-02-08 03:30:00,93,6,1.1428571428571428,0.0,0.0,0.0538,optimal
2021-02-08 04:00:00,93,6,1.1428571428571428,0.0,0.0,0.20566666666666664,optimal
2021-02-08 04:30:00,93,6,1.1428571428571428,0.0,0.0,0.06433333333333333,optimal
2021-02-08 05:00:00,93,6,1.1428571428571428,0.0,3.720520645040982,0.1242,optimal
2021-02-08 05:30:00,93,6,1.1428571428571428,0.0,5.0,0.13526666666666667,optimal
2021-02-08 06:00:00,93,6,1.1428571428571428,0.1548148148148148,5.0,0.1148,optimal
2021-02-08 06:30:00,93,6,1.1428571428571428,0.1548148148148148,5.0,0.34903333333333336,optimal
2021-02-08 07:00:00,93,6,1.1428571428571428,0.0774074074074074,0.0,1.3974333333333333,optimal
2021-02-08 07:30:00,93,6,1.1428571428571428,0.0,0.0,0.38226666666666664,optimal
2021-02-08 08:00:00,93,6,0.7932959127268064,0.0,0.0,0.17366666666666666,optimal
2021-02-08 08:30:00,93,6,0.7941400189046377,0.0,0.0,0.2039333333333333,optimal
2021-02-08 09:00:00,93,6,0.6344937876268993,0.0,0.0,1.084,optimal
2021-02-08 09:30:00,93,6,0.5761304855030241,0.0,0.0,2.54,optimal
2021-02-08 10:00:00,93,6,0.4595722597231773,0.0,0.0,1.7903,optimal
2021-02-08 10:30:00,93,6,0.5293927047042007,0.0,0.0,0.169,optimal
2021-02-08 11:00:00,93,6,0.38580740773216954,0.0,0.0,0.0638,optimal
2021-02-08 11:30:00,93,6,0.3719194920305366,0.0,0.0,0.0974,optimal
2021-02-08 12:00:00,93,6,0.2891936567951562,0.0,0.0,0.1754,optimal
2021-02-08 12:30:00,93,6,0.3028273492014035,0.0,0.0,0.09766666666666668,optimal
2021-02-08 13:00:00,93,6,1.1428571428571428,0.0,0.0,0.179,optimal
2021-02-08 13:30:00,93,6,1.1428571428571428,0.0,0.0,0.0638,optimal
2021-02-08 14:00:00,93,6,1.1428571428571428,0.23222222222222222,0.0,0.12793333333333334,optimal
2021-02-08 14:30:00,93,6,1.1428571428571428,0.0774074074074074,0.0,0.15853333333333333,optimal
2021-02-08 15:00:00,93,6,1.1428571428571428,0.46444444444444444,0.0,0.04,optimal
2021-02-08 15:30:00,93,6,1.1428571428571428,0.0,0.0,0.09559999999999999,optimal
2021-02-08 16:00:00,93,6,0.0,0.0,0.0,0.1928666666666667,optimal
2021-02-08 16:30:00,93,6,0.0,0.0,0.0,0.08433333333333333,optimal
2021-02-08 17:00:00,93,6,0.0,0.0,0.0,0.18246666666666667,optimal
2021-02-08 17:30:00,93,6,0.0,0.23222222222222222,0.0,0.0887,optimal
2021-02-08 18:00:00,93,6,0.0,0.5418518518518518,0.0,0.3144666666666666,optimal
2021-02-08 18:30:00,93,6,0.0,0.23222222222222222,0.0,0.114,optimal
2021-02-08 19:00:00,93,6,0.0,0.46444444444444444,0.0,0.2934,optimal
2021-02-08 19:30:00,93,6,0.05520828992460554,0.0774074074074074,0.0,0.17633333333333334,optimal
2021-02-08 20:00:00,93,6,0.17740891703171613,0.23222222222222222,0.0,2.736733333333333,optimal
2021-02-08 20:30:00,93,6,0.0,0.23222222222222222,0.0,0.4418,optimal
2021-02-08 21:00:00,93,6,0.0,0.0,0.0,0.299,optimal
2021-02-08 21:30:00,93,6,0.0,0.0,0.0,0.1807,optimal
2021-02-08 22:00:00,93,6,0.0,0.0774074074074074,0.0,0.20533333333333328,optimal
2021-02-08 22:30:00,93,6,0.0,0.3096296296296296,0.0,0.16706666666666667,optimal
2021-02-08 23:00:00,93,6,0.0,0.1548148148148148,0.0,0.351,optimal
2021-02-08 23:30:00,93,6,0.0,0.3096296296296296,0.0,0.14,optimal
2021-02-09 00:00:00,93,6,0.0,0.0,0.0,0.041,optimal
2021-02-09 00:30:00,93,6,0.0,0.0,0.0,0.041,optimal
2021-02-09 01:00:00,93,6,0.0,0.0,0.0,0.101,optimal
2021-02-09 01:30:00,93,6,0.8600410009317971,0.0,0.0,0.041,optimal
2021-02-09 02:00:00,93,6,1.1428571428571428,0.0,0.0,0.0538,optimal
2021-02-09 02:30:00,93,6,1.1428571428571428,0.0,0.0,0.179,optimal
2021-02-09 03:00:00,93,6,1.1428571428571428,0.0,0.0,0.091,optimal
2021-02-09 03:30:00,93,6,1.1428571428571428,0.0,0.0,0.0538,optimal
2021-02-09 04:00:00,93,6,1.1428571428571428,0.0,0.0,0.20566666666666664,optimal
2021-02-09 04:30:00,93,6,1.1428571428571428,0.0,0.0,0.06433333333333333,optimal
2021-02-09 05:00:00,93,6,1.1428571428571428,0.0,0.0,0.1242,optimal
2021-02-09 05:30:00,93,6,1.1428571428571428,0.0,0.0,0.13526666666666667,optimal
2021-02-09 06:00:00,93,6,1.1428571428571428,0.1548148148148148,4.434394172649667,0.1148,optimal
2021-02-09 06:30:00,93,6,1.1428571428571428,0.1548148148148148,5.0,0.34903333333333336,optimal
2021-02-09 07:00:00,93,6,1.1428571428571428,0.0774074074074074,0.0,1.3974333333333333,optimal
2021-02-09 07:30:00,93,6,1.1428571428571428,0.0,0.0,0.38226666666666664,optimal
2021-02-09 08:00:00,93,6,0.8318871540415318,0.0,0.0,0.17366666666666666,optimal
2021-02-09 08:30:00,93,6,0.822011470965263,0.0,0.0,0.2039333333333333,optimal
2021-02-09 09:00:00,93,6,0.6477728845542743,0.0,0.0,1.084,optimal
2021-02-09 09:30:00,93,6,0.5829777088779391,0.0,0.0,2.54,optimal
2021-02-09 10:00:00,93,6,0.44062478014976464,0.0,0.0,1.7903,optimal
2021-02-09 10:30:00,93,6,0.49329356232423965,0.0,0.0,0.169,optimal
2021-02-09 11:00:00,93,6,0.35191943194155084,0.0,0.0,0.0638,optimal
2021-02-09 11:30:00,93,6,0.3401754740907378,0.0,0.0,0.0974,optimal
2021-02-09 12:00:00,93,6,0.20344139145813844,0.0,0.0,0.1754,optimal
2021-02-09 12:30:00,93,6,0.22779487311847416,0.0,0.0,0.09766666666666668,optimal
2021-02-09 13:00:00,93,6,0.8020542254853438,0.0,0.0,0.179,optimal
2021-02-09 13:30:00,93,6,1.1428571428571428,0.0,0.0,0.0638,optimal
2021-02-09 14:00:00,93,6,1.1428571428571428,0.23222222222222222,0.0,0.12793333333333334,optimal
2021-02-09 14:30:00,93,6,1.1428571428571428,0.0774074074074074,0.0,0.15853333333333333,optimal
2021-02-09 15:00:00,93,6,1.1428571428571428,0.46444444444444444,0.0,0.04,optimal
2021-02-09 15:30:00,93,6,1.1428571428571428,0.0,0.0,0.09559999999999999,optimal
2021-02-09 16:00:00,93,6,0.0,0.0,0.0,0.1928666666666667,optimal
2021-02-09 16:30:00,93,6,0.0,0.0,0.0,0.08433333333333333,optimal
2021-02-09 17:00:00,93,6,0.0,0.0,0.0,0.18246666666666667,optimal
2021-02-09 17:30:00,93,6,0.0,0.23222222222222222,0.0,0.0887,optimal
2021-02-09 18:00:00,93,6,0.0,0.5418518518518518,0.0,0.3144666666666666,optimal
2021-02-09 18:30:00,93,6,0.0,0.23222222222222222,0.0,0.114,optimal
2021-02-09 19:00:00,93,6,0.0,0.46444444444444444,0.0,0.2934,optimal
2021-02-09 19:30:00,93,6,0.0,0.0774074074074074,0.0,0.17633333333333334,optimal
2021-02-09 20:00:00,93,6,0.0,0.23222222222222222,0.0,2.736733333333333,optimal
2021-02-09 20:30:00,93,6,0.0,0.23222222222222222,0.0,0.4418,optimal
2021-02-09 21:00:00,93,6,0.0,0.0,0.0,0.299,optimal
2021-02-09 21:30:00,93,6,0.0,0.0,0.0,0.1807,optimal
2021-02-09 22:00:00,93,6,0.0,0.0774074074074074,0.0,0.20533333333333328,optimal
2021-02-09 22:30:00,93,6,0.0,0.3096296296296296,0.0,0.16706666666666667,optimal
2021-02-09 23:00:00,93,6,0.0,0.1548148148148148,0.0,0.351,optimal
2021-02-09 23:30:00,93,6,0.0,0.3096296296296296,0.0,0.14,optimal
2021-02-10 00:00:00,93,6,0.0,0.0,0.0,0.058,optimal
2021-02-10 00:30:00,93,6,0.0,0.0,0.0,0.058,optimal
2021-02-10 01:00:00,93,6,0.05491272638677696,0.0,0.0,0.058,optimal
2021-02-10 01:30:00,93,6,1.1428571428571428,0.0,0.0,0.15,optimal
2021-02-10 02:00:00,93,6,1.1428571428571428,0.0,0.0,0.10093333333333333,optimal
2021-02-10 02:30:00,93,6,1.1428571428571428,0.0,0.0,0.08866666666666667,optimal
2021-02-10 03:00:00,93,6,1.1428571428571428,0.0,0.0,0.16226666666666667,optimal
2021-02-10 03:30:00,93,6,1.1428571428571428,0.0,0.0,0.058,optimal
2021-02-10 04:00:00,93,6,1.1428571428571428,0.0,0.0,0.16226666666666667,optimal
2021-02-10 04:30:00,93,6,1.1428571428571428,0.0,0.0,0.08866666666666667,optimal
2021-02-10 05:00:00,93,6,1.1428571428571428,0.0,1.8955252832553902,0.058,optimal
2021-02-10 05:30:00,93,6,1.1428571428571428,0.0,5.0,0.18066666666666664,optimal
2021-02-10 06:00:00,93,6,1.1428571428571428,0.0,5.0,0.07226666666666666,optimal
2021-02-10 06:30:00,93,6,1.1428571428571428,0.0,5.0,0.07013333333333334,optimal
2021-02-10 07:00:00,93,6,1.1428571428571428,0.0,5.0,0.18680000000000002,optimal
2021-02-10 07:30:00,93,6,1.1428571428571428,0.0,0.0,0.058,optimal
2021-02-10 08:00:00,93,6,0.7277501529561007,0.8716074074074074,0.0,0.06373333333333332,optimal
2021-02-10 08:30:00,93,6,0.6561076548861665,1.2958000000000003,0.0,0.1988,optimal
2021-02-10 09:00:00,93,6,0.5337988415582524,0.0,0.0,0.15513333333333332,optimal
2021-02-10 09:30:00,93,6,0.5652611053930864,0.46444444444444444,0.0,0.24466666666666662,optimal
2021-02-10 10:00:00,93,6,0.3478213443352701,0.3096296296296296,0.0,0.4184666666666666,optimal
2021-02-10 10:30:00,93,6,0.3945285184018591,0.0,0.0,0.192,optimal
2021-02-10 11:00:00,93,6,0.2514953966333784,0.5418518518518518,0.0,0.2296,optimal
2021-02-10 11:30:00,93,6,0.2216646237888866,0.0,0.0,0.32366666666666666,optimal
2021-02-10 12:00:00,93,6,0.10218036973334381,0.0,0.0,0.3674,optimal
2021-02-10 12:30:00,93,6,0.0900432268762045,0.387037037037037,0.0,0.3374,optimal
2021-02-10 13:00:00,93,6,0.1670749975542395,0.0,0.0,0.192,optimal
2021-02-10 13:30:00,93,6,0.5016659919459963,0.0,0.0,0.19466666666666663,optimal
2021-02-10 14:00:00,93,6,1.1428571428571428,0.0,0.0,1.2076666666666667,optimal
2021-02-10 14:30:00,93,6,1.1428571428571428,0.0,0.0,1.4972,optimal
2021-02-10 15:00:00,93,6,1.1428571428571428,0.0,0.0,0.45089999999999997,optimal
2021-02-10 15:30:00,93,6,1.1428571428571428,0.23222222222222222,0.0,0.22373333333333328,optimal
2021-02-10 16:00:00,93,6,0.0,0.387037037037037,0.0,0.08933333333333333,optimal
2021-02-10 16:30:00,93,6,0.0,0.774074074074074,0.0,0.07006666666666667,optimal
2021-02-10 17:00:00,93,6,0.0,0.0,0.0,0.23363333333333333,optimal
2021-02-10 17:30:00,93,6,0.0,0.3096296296296296,0.0,0.183,optimal
2021-02-10 18:00:00,93,6,0.0,0.0,0.0,0.20753333333333332,optimal
2021-02-10 18:30:00,93,6,0.0,0.0,0.0,1.6469666666666667,optimal
2021-02-10 19:00:00,93,6,0.0,0.6192592592592592,0.0,0.2547666666666667,optimal
2021-02-10 19:30:00,93,6,0.0,0.5418518518518518,0.0,0.3326,optimal
2021-02-10 20:00:00,93,6,0.0,0.0,0.0,0.19406666666666664,optimal
2021-02-10 20:30:00,93,6,0.0,0.1548148148148148,0.0,0.4224,optimal
2021-02-10 21:00:00,93,6,0.0,0.1548148148148148,0.0,0.2382,optimal
2021-02-10 21:30:00,93,6,0.0,0.1548148148148148,0.0,0.2082,optimal
2021-02-10 22:00:00,93,6,0.0,0.8514814814814814,0.0,0.2885,optimal
2021-02-10 22:30:00,93,6,0.0,0.0,0.0,0.8436666666666667,optimal
2021-02-10 23:00:00,93,6,0.0,0.5418518518518518,0.0,0.4136666666666667,optimal
2021-02-10 23:30:00,93,6,0.0,0.0,0.0,0.45976666666666666,optimal
2021-02-11 00:00:00,93,6,0.3150928962030904,0.0,0.0,0.058,optimal
2021-02-11 00:30:00,93,6,1.1428571428571428,0.0,0.0,0.058,optimal
2021-02-11 01:00:00,93,6,1.1428571428571428,0.0,0.0,0.058,optimal
2021-02-11 01:30:00,93,6,1.1428571428571428,0.0,0.0,0.20959999999999998,optimal
2021-02-11 02:00:00,93,6,1.1428571428571428,0.0,0.0,0.063,optimal
2021-02-11 02:30:00,93,6,1.1428571428571428,0.0,0.0,0.1736,optimal
2021-02-11 03:00:00,93,6,1.1428571428571428,0.0,0.0,0.092,optimal
2021-02-11 03:30:00,93,6,1.1428571428571428,0.0,0.0,0.058,optimal
2021-02-11 04:00:00,93,6,1.1428571428571428,0.0,0.0,0.058,optimal
2021-02-11 04:30:00,93,6,1.1428571428571428,0.0,0.0,0.1124,optimal
2021-02-11 05:00:00,93,6,1.1428571428571428,0.0,0.0,0.15319999999999998,optimal
2021-02-11 05:30:00,93,6,1.1428571428571428,0.0,1.3201882210646725,0.058,optimal
2021-02-11 06:00:00,93,6,1.1428571428571428,0.0,5.0,0.1124,optimal
2021-02-11 06:30:00,93,6,1.1428571428571428,0.0,5.0,0.15253333333333333,optimal
2021-02-11 07:00:00,93,6,1.1428571428571428,0.6966666666666667,5.0,0.058,optimal
2021-02-11 07:30:00,93,6,1.1428571428571428,0.0,0.0,0.22216666666666662,optimal
2021-02-11 08:00:00,93,6,0.7123340888111236,0.46444444444444444,0.0,0.0782,optimal
2021-02-11 08:30:00,93,6,0.8532231052207235,1.7803703703703702,0.0,0.07186666666666666,optimal
2021-02-11 09:00:00,93,6,0.7868764027732049,0.0,0.0,0.20826666666666668,optimal
2021-02-11 09:30:00,93,6,0.7588686508390807,0.0,0.0,0.068,optimal
2021-02-11 10:00:00,93,6,0.46541263269320626,0.0,0.0,0.09366666666666669,optimal
2021-02-11 10:30:00,93,6,0.46782584118873455,0.0,0.0,0.1736,optimal
2021-02-11 11:00:00,93,6,0.35812529108301766,0.0,0.0,0.058,optimal
2021-02-11 11:30:00,93,6,0.31042306617789717,0.0,0.0,0.1124,optimal
2021-02-11 12:00:00,93,6,0.09163750336804961,0.0,0.0,0.16486666666666666,optimal
2021-02-11 12:30:00,93,6,0.0774498608312271,0.0,0.0,0.1352,optimal
2021-02-11 13:00:00,93,6,1.1428571428571428,0.23222222222222222,0.0,0.9098333333333334,optimal
2021-02-11 13:30:00,93,6,1.1428571428571428,0.0,0.0,1.4057666666666668,optimal
2021-02-11 14:00:00,93,6,1.1428571428571428,0.387037037037037,0.0,0.557,optimal
2021-02-11 14:30:00,93,6,1.1428571428571428,0.0,0.0,0.174,optimal
2021-02-11 15:00:00,93,6,1.1428571428571428,0.0,0.0,0.068,optimal
2021-02-11 15:30:00,93,6,1.1428571428571428,0.0,0.0,0.16319999999999998,optimal
2021-02-11 16:00:00,93,6,0.0,0.0774074074074074,0.0,0.2356,optimal
2021-02-11 16:30:00,93,6,0.0,0.0,0.0,0.20713333333333334,optimal
2021-02-11 17:00:00,93,6,0.0,0.3096296296296296,0.0,0.34286666666666665,optimal
2021-02-11 17:30:00,93,6,0.0,0.1548148148148148,0.0,0.5445333333333333,optimal
2021-02-11 18:00:00,93,6,0.0,0.1548148148148148,0.0,0.2048,optimal
2021-02-11 18:30:00,93,6,0.0,0.23222222222222222,0.0,0.2512666666666667,optimal
2021-02-11 19:00:00,93,6,0.0,0.23222222222222222,0.0,0.5001333333333333,optimal
2021-02-11 19:30:00,93,6,0.020607130157319783,0.0774074074074074,0.0,0.2319333333333333,optimal
2021-02-11 20:00:00,93,6,0.8807020637652494,0.0,0.0,0.40813333333333335,optimal
2021-02-11 20:30:00,93,6,0.0,0.0,0.0,1.3804333333333334,optimal
2021-02-11 21:00:00,93,6,0.0,0.0,0.0,0.8442666666666666,optimal
2021-02-11 21:30:00,93,6,0.0,0.0,0.0,0.12606666666666666,optimal
2021-02-11 22:00:00,93,6,0.0,0.46444444444444444,0.0,0.1676,optimal
2021-02-11 22:30:00,93,6,0.0,0.1548148148148148,0.0,0.18606666666666663,optimal
2021-02-11 23:00:00,93,6,0.0,0.0,0.0,0.068,optimal
2021-02-11 23:30:00,93,6,0.0,0.0,0.0,0.20066666666666663,optimal
2021-02-12 00:00:00,93,6,1.1428571428571428,0.0,0.0,0.056,optimal
2021-02-12 00:30:00,93,6,1.1428571428571428,0.0,0.0,0.1036,optimal
2021-02-12 01:00:00,93,6,1.1428571428571428,0.0,0.0,0.158,optimal
2021-02-12 01:30:00,93,6,1.1428571428571428,0.0,0.0,0.056,optimal
2021-02-12 02:00:00,93,6,1.1428571428571428,0.0,0.0,0.1988,optimal
2021-02-12 02:30:00,93,6,1.1428571428571428,0.0,0.0,0.0628,optimal
2021-02-12 03:00:00,93,6,1.1428571428571428,0.0,0.0,0.11040000000000001,optimal
2021-02-12 03:30:00,93,6,1.1428571428571428,0.0,0.0,0.1512,optimal
2021-02-12 04:00:00,93,6,1.1428571428571428,0.0,0.0,0.056,optimal
2021-02-12 04:30:00,93,6,1.1428571428571428,0.0,0.0,0.1172,optimal
2021-02-12 05:00:00,93,6,1.1428571428571428,0.0,0.0,0.1444,optimal
2021-02-12 05:30:00,93,6,1.1428571428571428,0.0,4.427858545353849,0.056,optimal
2021-02-12 06:00:00,93,6,1.1428571428571428,0.0,5.0,0.1716,optimal
2021-02-12 06:30:00,93,6,1.1428571428571428,0.0,5.0,0.09,optimal
2021-02-12 07:00:00,93,6,1.1428571428571428,6.037777777777777,5.0,0.17043333333333333,optimal
2021-02-12 07:30:00,93,6,1.1428571428571428,5.3150088410502745,0.0,0.193,optimal
2021-02-12 08:00:00,93,6,0.7765509819926629,0.1548148148148148,0.0,0.08020000000000001,optimal
2021-02-12 08:30:00,93,6,0.722709670538787,4.435444444444444,0.0,0.6013999999999999,optimal
2021-02-12 09:00:00,93,6,0.4021789370408843,1.9119629629629635,0.0,2.190733333333333,optimal
2021-02-12 09:30:00,93,6,0.5756124106525166,0.0,0.0,0.2033,optimal
2021-02-12 10:00:00,93,6,0.25384216728340103,0.0,0.0,1.6059666666666668,optimal
2021-02-12 10:30:00,93,6,0.31716098066733467,2.012592592592592,0.0,0.2812,optimal
2021-02-12 11:00:00,93,6,0.04418041362770674,0.23222222222222222,0.0,1.7185,optimal
2021-02-12 11:30:00,93,6,0.0,0.0,0.0,1.3638,optimal
2021-02-12 12:00:00,93,6,0.0,0.0,0.0,1.8760333333333332,optimal
2021-02-12 12:30:00,93,6,0.0,0.0,0.0,2.7275666666666667,optimal
2021-02-12 13:00:00,93,6,0.3841016683851998,0.0,0.0,1.7388,optimal
2021-02-12 13:30:00,93,6,1.1428571428571428,0.387037037037037,0.0,0.095,optimal
2021-02-12 14:00:00,93,6,1.1428571428571428,0.23222222222222222,0.0,0.22273333333333328,optimal
2021-02-12 14:30:00,93,6,1.1428571428571428,0.0,0.0,0.14966666666666667,optimal
2021-02-12 15:00:00,93,6,1.1428571428571428,0.0,0.0,0.066,optimal
2021-02-12 15:30:00,93,6,1.1428571428571428,0.0,0.0,0.21559999999999999,optimal
2021-02-12 16:00:00,93,6,0.0,0.0,0.0,0.066,optimal
2021-02-12 16:30:00,93,6,0.0,0.0,0.0,0.1151,optimal
2021-02-12 17:00:00,93,6,0.0,0.1548148148148148,0.0,0.25939999999999996,optimal
2021-02-12 17:30:00,93,6,0.0,0.387037037037037,0.0,0.091,optimal
2021-02-12 18:00:00,93,6,0.0,0.0,0.0,0.4787,optimal
2021-02-12 18:30:00,93,6,0.0,0.0,0.0,1.0696666666666668,optimal
2021-02-12 19:00:00,93,6,0.0,0.6192592592592592,0.0,0.19296666666666668,optimal
2021-02-12 19:30:00,93,6,0.0,0.1548148148148148,0.0,0.2531,optimal
2021-02-12 20:00:00,93,6,0.0,0.3096296296296296,0.0,0.1452,optimal
2021-02-12 20:30:00,93,6,0.0,0.1548148148148148,0.0,0.1579,optimal
2021-02-12 21:00:00,93,6,0.0,0.1548148148148148,0.0,0.20916666666666664,optimal
2021-02-12 21:30:00,93,6,0.0,0.1548148148148148,0.0,0.16003333333333333,optimal
2021-02-12 22:00:00,93,6,0.0,0.0,0.0,0.3754333333333333,optimal
2021-02-12 22:30:00,93,6,0.0,0.0,0.0,0.17596666666666666,optimal
2021-02-12 23:00:00,93,6,0.0,0.0,0.0,0.26266666666666666,optimal
2021-02-12 23:30:00,93,6,0.0,0.0,0.0,0.21559999999999999,optimal
2021-02-13 00:00:00,93,6,0.0,3.5607407407407403,0.0,0.08756666666666667,optimal
2021-02-13 00:30:00,93,6,0.0,0.0,0.0,0.20966666666666664,optimal
2021-02-13 01:00:00,93,6,0.1544285714767363,0.0,0.0,0.08766666666666667,optimal
2021-02-13 01:30:00,93,6,1.1428571428571428,0.0,0.0,0.22266666666666662,optimal
2021-02-13 02:00:00,93,6,1.1428571428571428,0.0,0.0,0.0795,optimal
2021-02-13 02:30:00,93,6,1.1428571428571428,0.0,0.0,0.23083333333333328,optimal
2021-02-13 03:00:00,93,6,1.1428571428571428,0.0,0.0,0.07,optimal
2021-02-13 03:30:00,93,6,1.1428571428571428,0.0,0.0,0.07,optimal
2021-02-13 04:00:00,93,6,1.1428571428571428,0.0,0.0,0.127,optimal
2021-02-13 04:30:00,93,6,1.1428571428571428,0.0,0.0,0.1833333333333333,optimal
2021-02-13 05:00:00,93,6,1.1428571428571428,0.0,0.0,0.07,optimal
2021-02-13 05:30:00,93,6,1.1428571428571428,0.0,4.180521282714341,0.127,optimal
2021-02-13 06:00:00,93,6,1.1428571428571428,0.0,5.0,0.1833333333333333,optimal
2021-02-13 06:30:00,93,6,1.1428571428571428,0.0,5.0,0.2898,optimal
2021-02-13 07:00:00,93,6,1.1428571428571428,1.026422222222222,5.0,0.1313666666666667,optimal
2021-02-13 07:30:00,93,6,1.1428571428571428,1.4506148148148148,0.0,0.6063,optimal
2021-02-13 08:00:00,93,6,0.49628642278510404,0.6966666666666667,0.0,1.0400333333333334,optimal
2021-02-13 08:30:00,93,6,0.8061043696961959,0.1548148148148148,0.0,0.10616666666666669,optimal
2021-02-13 09:00:00,93,6,0.7484011331076593,0.0,0.0,0.1833333333333333,optimal
2021-02-13 09:30:00,93,6,0.7359670581392899,0.0,0.0,0.14033333333333334,optimal
2021-02-13 10:00:00,93,6,0.44749971463364496,0.23222222222222222,0.0,0.3123,optimal
2021-02-13 10:30:00,93,6,0.456679566306631,0.0,0.0,0.2513333333333333,optimal
2021-02-13 11:00:00,93,6,0.29817895574228725,0.0,0.0,0.07866666666666668,optimal
2021-02-13 11:30:00,93,6,0.16648071217718494,5.017548148148148,0.0,1.0966666666666667,optimal
2021-02-13 12:00:00,93,6,0.1111593526035729,1.7943037037037042,0.0,1.1402,optimal
2021-02-13 12:30:00,93,6,0.26086381785431734,0.0,0.0,0.17366666666666666,optimal
2021-02-13 13:00:00,93,6,1.1428571428571428,0.0,0.0,0.1751,optimal
2021-02-13 13:30:00,93,6,1.1428571428571428,0.0,0.0,0.36976666666666663,optimal
2021-02-13 14:00:00,93,6,1.1428571428571428,0.0,0.0,0.11156666666666666,optimal
2021-02-13 14:30:00,93,6,1.1428571428571428,0.0,0.0,0.138,optimal
2021-02-13 15:00:00,93,6,1.1428571428571428,0.0,0.0,0.15016666666666667,optimal
2021-02-13 15:30:00,93,6,1.1428571428571428,0.0,0.0,0.09216666666666669,optimal
2021-02-13 16:00:00,93,6,0.0,0.0,0.0,0.11843333333333333,optimal
2021-02-13 16:30:00,93,6,0.0,0.23222222222222222,0.0,0.27726666666666666,optimal
2021-02-13 17:00:00,93,6,0.0,0.3096296296296296,0.0,0.25993333333333335,optimal
2021-02-13 17:30:00,93,6,0.0,0.0,0.0,0.3425666666666667,optimal
2021-02-13 18:00:00,93,6,0.0,0.0774074074074074,0.0,0.3688,optimal
2021-02-13 18:30:00,93,6,0.0,0.0774074074074074,0.0,0.36860000000000004,optimal
2021-02-13 19:00:00,93,6,0.0,3.251111111111111,0.0,0.3174666666666666,optimal
2021-02-13 19:30:00,93,6,0.26407797225606655,0.23222222222222222,0.0,0.3631333333333333,optimal
2021-02-13 20:00:00,93,6,0.49187033788289586,0.8514814814814814,0.0,0.5931000000000001,optimal
2021-02-13 20:30:00,93,6,0.0,0.0,0.0,0.38780000000000003,optimal
2021-02-13 21:00:00,93,6,0.0,0.3096296296296296,0.0,0.45926666666666666,optimal
2021-02-13 21:30:00,93,6,0.0,0.3096296296296296,0.0,0.411,optimal
2021-02-13 22:00:00,93,6,0.0,0.1548148148148148,0.0,0.431,optimal
2021-02-13 22:30:00,93,6,0.0,0.23222222222222222,0.0,0.39166666666666666,optimal
2021-02-13 23:00:00,93,6,0.0,2.2448148148148146,0.0,0.33346666666666663,optimal
2021-02-13 23:30:00,93,6,0.0,0.0,0.0,0.4835,optimal
2021-02-07 00:00:00,94,6,0.0,0.0,0.0,0.057,optimal
2021-02-07 00:30:00,94,6,0.0,0.0,0.0,0.057,optimal
2021-02-07 01:00:00,94,6,0.0,0.0,0.0,0.057,optimal
2021-02-07 01:30:00,94,6,0.0,0.0,0.0,0.11040000000000001,optimal
2021-02-07 02:00:00,94,6,0.0,0.0,0.0,0.057,optimal
2021-02-07 02:30:00,94,6,0.0,0.0,0.0,0.057,optimal
2021-02-07 03:00:00,94,6,0.0,0.0,0.0,0.08666666666666667,optimal
2021-02-07 03:30:00,94,6,0.0,0.0,0.0,0.08073333333333334,optimal
2021-02-07 04:00:00,94,6,1.1428571428571428,0.0,0.0,0.062,optimal
2021-02-07 04:30:00,94,6,1.1428571428571428,0.0,0.0,0.1065,optimal
2021-02-07 05:00:00,94,6,1.1428571428571428,0.0,0.0,0.0659,optimal
2021-02-07 05:30:00,94,6,1.1428571428571428,0.0,0.0,0.057,optimal
2021-02-07 06:00:00,94,6,1.1428571428571428,0.0,0.0,0.11040000000000001,optimal
2021-02-07 06:30:00,94,6,1.1428571428571428,0.0,0.0,0.057,optimal
2021-02-07 07:00:00,94,6,1.1428571428571428,0.0774074074074074,1.7076336144509696,0.7898333333333334,optimal
2021-02-07 07:30:00,94,6,0.0,2.8640740740740736,0.0,2.0606,optimal
2021-02-07 08:00:00,94,6,0.0,0.23222222222222222,0.0,0.44189999999999996,optimal
2021-02-07 08:30:00,94,6,0.25733969105077775,0.46444444444444444,0.0,0.1725,optimal
2021-02-07 09:00:00,94,6,0.31824915748488397,0.6192592592592592,0.0,0.3948333333333333,optimal
2021-02-07 09:30:00,94,6,0.43466710439596973,0.1548148148148148,0.0,0.09046666666666668,optimal
2021-02-07 10:00:00,94,6,0.3827729662694006,1.548148148148148,0.0,0.08973333333333333,optimal
2021-02-07 10:30:00,94,6,0.5993656438757988,0.0,0.0,0.09633333333333331,optimal
2021-02-07 11:00:00,94,6,0.552998367753729,0.0,0.0,0.067,optimal
2021-02-07 11:30:00,94,6,0.5377412248965874,0.0,0.0,0.12040000000000001,optimal
2021-02-07 12:00:00,94,6,0.48522846486816945,0.0,0.0,0.067,optimal
2021-02-07 12:30:00,94,6,0.6745602418328508,0.3096296296296296,0.0,0.11916666666666668,optimal
2021-02-07 13:00:00,94,6,1.1428571428571428,0.5418518518518518,0.0,1.5857333333333332,optimal
2021-02-07 13:30:00,94,6,1.1428571428571428,0.46444444444444444,0.0,0.2384333333333333,optimal
2021-02-07 14:00:00,94,6,1.1428571428571428,0.0,0.0,0.15546666666666667,optimal
2021-02-07 14:30:00,94,6,1.1428571428571428,0.0,0.0,0.19219999999999998,optimal
2021-02-07 15:00:00,94,6,1.1428571428571428,0.0,0.0,1.4015,optimal
2021-02-07 15:30:00,94,6,1.1428571428571428,0.0,0.0,2.5867666666666667,optimal
2021-02-07 16:00:00,94,6,0.0,0.0,0.0,1.4324333333333334,optimal
2021-02-07 16:30:00,94,6,0.0,0.0,0.0,0.08776666666666666,optimal
2021-02-07 17:00:00,94,6,0.0,0.0,0.0,0.1033,optimal
2021-02-07 17:30:00,94,6,0.0,0.387037037037037,0.0,0.0905,optimal
2021-02-07 18:00:00,94,6,0.0,0.0774074074074074,0.0,1.2996333333333334,optimal
2021-02-07 18:30:00,94,6,0.0,0.1548148148148148,0.0,0.20386666666666667,optimal
2021-02-07 19:00:00,94,6,0.0,0.6966666666666667,0.0,0.11706666666666667,optimal
2021-02-07 19:30:00,94,6,0.5476695257802456,0.0,0.0,0.20753333333333332,optimal
2021-02-07 20:00:00,94,6,0.441383811494536,0.23222222222222222,0.0,0.16496666666666668,optimal
2021-02-07 20:30:00,94,6,0.0,0.0,0.0,0.11209999999999999,optimal
2021-02-07 21:00:00,94,6,0.0,0.0,0.0,0.203,optimal
2021-02-07 21:30:00,94,6,0.0,0.2740222222222222,0.0,0.3496,optimal
2021-02-07 22:00:00,94,6,0.0,0.5000518518518519,0.0,1.1682666666666668,optimal
2021-02-07 22:30:00,94,6,0.0,2.941481481481482,0.0,0.23353333333333334,optimal
2021-02-07 23:00:00,94,6,0.0,0.46444444444444444,0.0,0.4240333333333334,optimal
2021-02-07 23:30:00,94,6,0.0,0.0,0.0,0.211,optimal
2021-02-08 00:00:00,94,6,0.0,0.0,0.0,0.1807333333333333,optimal
2021-02-08 00:30:00,94,6,0.0,0.0,0.0,0.168,optimal
2021-02-08 01:00:00,94,6,0.0,0.0,0.0,0.12940000000000002,optimal
2021-02-08 01:30:00,94,6,0.0,0.0,0.0,0.20466666666666664,optimal
2021-02-08 02:00:00,94,6,0.4609764636435855,0.0,0.0,0.14406666666666668,optimal
2021-02-08 02:30:00,94,6,1.1428571428571428,0.0,0.0,0.058,optimal
2021-02-08 03:00:00,94,6,1.1428571428571428,0.0,0.0,0.22473333333333328,optimal
2021-02-08 03:30:00,94,6,1.1428571428571428,0.0,0.0,0.124,optimal
2021-02-08 04:00:00,94,6,1.1428571428571428,0.0,1.8336906690780996,0.058,optimal
2021-02-08 04:30:00,94,6,1.1428571428571428,0.0,5.0,0.2193333333333333,optimal
2021-02-08 05:00:00,94,6,1.1428571428571428,0.0,5.0,0.8325333333333333,optimal
2021-02-08 05:30:00,94,6,1.1428571428571428,0.23222222222222222,5.0,0.18066666666666664,optimal
2021-02-08 06:00:00,94,6,1.1428571428571428,0.774074074074074,0.0,0.16406666666666667,optimal
2021-02-08 06:30:00,94,6,1.1428571428571428,6.734444444444445,0.0,0.12666666666666668,optimal
2021-02-08 07:00:00,94,6,1.1428571428571428,0.387037037037037,0.0,0.9365333333333332,optimal
2021-02-08 07:30:00,94,6,1.1428571428571428,0.774074074074074,0.0,0.15940000000000001,optimal
2021-02-08 08:00:00,94,6,0.5573416270125242,0.46444444444444444,0.0,2.0474333333333328,optimal
2021-02-08 08:30:00,94,6,0.6543838284284423,0.0,0.0,0.39663333333333334,optimal
2021-02-08 09:00:00,94,6,0.6349718828649973,0.0,0.0,0.17473333333333332,optimal
2021-02-08 09:30:00,94,6,0.6177400093125451,0.0,0.0,0.21026666666666669,optimal
2021-02-08 10:00:00,94,6,0.43951321210411876,0.0774074074074074,0.0,0.1496333333333333,optimal
2021-02-08 10:30:00,94,6,0.40833556184705877,0.0,0.0,0.2858,optimal
2021-02-08 11:00:00,94,6,0.2846740743988352,0.0,0.0,0.26780000000000004,optimal
2021-02-08 11:30:00,94,6,0.2517290158400672,0.0,0.0,0.32976666666666665,optimal
2021-02-08 12:00:00,94,6,0.1793555615570622,0.1548148148148148,0.0,0.261,optimal
2021-02-08 12:30:00,94,6,0.15998925396331035,0.387037037037037,0.0,0.26380000000000003,optimal
2021-02-08 13:00:00,94,6,0.1715667281463963,0.0,0.0,0.2132,optimal
2021-02-08 13:30:00,94,6,1.0529368605163143,0.0,0.0,0.3473,optimal
2021-02-08 14:00:00,94,6,1.1428571428571428,0.46444444444444444,0.0,0.26426666666666665,optimal
2021-02-08 14:30:00,94,6,1.1428571428571428,0.0774074074074074,0.0,0.3173,optimal
2021-02-08 15:00:00,94,6,1.1428571428571428,0.5418518518518518,0.0,0.30569999999999997,optimal
2021-02-08 15:30:00,94,6,1.1428571428571428,0.387037037037037,0.0,0.24713333333333332,optimal
2021-02-08 16:00:00,94,6,0.0,4.45557037037037,0.0,0.36310000000000003,optimal
2021-02-08 16:30:00,94,6,0.0,2.1240592592592598,0.0,0.2201,optimal
2021-02-08 17:00:00,94,6,0.0,0.3096296296296296,0.0,0.11266666666666668,optimal
2021-02-08 17:30:00,94,6,0.0,0.0,0.0,0.3420666666666667,optimal
2021-02-08 18:00:00,94,6,0.0,0.0,0.0,0.1564,optimal
2021-02-08 18:30:00,94,6,0.0,0.0,0.0,0.2055,optimal
2021-02-08 19:00:00,94,6,0.0,0.0,0.0,0.44916666666666666,optimal
2021-02-08 19:30:00,94,6,0.0,0.0,0.0,0.30756666666666665,optimal
2021-02-08 20:00:00,94,6,0.0,0.0,0.0,0.4402,optimal
2021-02-08 20:30:00,94,6,0.0,0.0,0.0,1.0561666666666667,optimal
2021-02-08 21:00:00,94,6,0.0,0.387037037037037,0.0,0.2974,optimal
2021-02-08 21:30:00,94,6,0.0,0.0,0.0,0.43006666666666665,optimal
2021-02-08 22:00:00,94,6,0.0,0.0,0.0,0.4038,optimal
2021-02-08 22:30:00,94,6,0.0,0.3096296296296296,0.0,0.42153333333333337,optimal
2021-02-08 23:00:00,94,6,0.0,0.0,0.0,0.40863333333333335,optimal
2021-02-08 23:30:00,94,6,0.0,1.315925925925926,0.0,0.1546,optimal
2021-02-09 00:00:00,94,6,0.0,0.0,0.0,0.16303333333333334,optimal
2021-02-09 00:30:00,94,6,0.0,0.0,0.0,0.18569999999999998,optimal
2021-02-09 01:00:00,94,6,0.0,0.0,0.0,0.1325,optimal
2021-02-09 01:30:00,94,6,0.0,0.0,0.0,0.1559,optimal
2021-02-09 02:00:00,94,6,0.547134007509224,0.0,0.0,0.14873333333333333,optimal
2021-02-09 02:30:00,94,6,1.1428571428571428,0.0,0.0,0.15173333333333333,optimal
2021-02-09 03:00:00,94,6,1.1428571428571428,0.0,0.0,0.1676,optimal
2021-02-09 03:30:00,94,6,1.1428571428571428,0.0,0.0,0.059,optimal
2021-02-09 04:00:00,94,6,1.1428571428571428,0.0,0.0,0.059,optimal
2021-02-09 04:30:00,94,6,1.1428571428571428,0.0,0.0,0.157,optimal
2021-02-09 05:00:00,94,6,1.1428571428571428,0.0,0.0,0.19173333333333328,optimal
2021-02-09 05:30:00,94,6,1.1428571428571428,0.0,0.0,0.06366666666666666,optimal
2021-02-09 06:00:00,94,6,1.1428571428571428,0.1548148148148148,0.49893546157959107,0.15686666666666668,optimal
2021-02-09 06:30:00,94,6,1.1428571428571428,0.6192592592592592,5.0,0.30393333333333333,optimal
2021-02-09 07:00:00,94,6,1.1428571428571428,4.102592592592593,5.0,2.3314,optimal
2021-02-09 07:30:00,94,6,1.1428571428571428,0.0774074074074074,0.0,0.18406666666666663,optimal
2021-02-09 08:00:00,94,6,0.6353157254701044,0.3096296296296296,0.0,0.21166666666666664,optimal
2021-02-09 08:30:00,94,6,0.6645981376319278,0.0774074074074074,0.0,0.1103,optimal
2021-02-09 09:00:00,94,6,0.5291176464590277,0.0,0.0,0.2298,optimal
2021-02-09 09:30:00,94,6,0.5559967564969878,4.644444444444443,0.0,0.20403333333333334,optimal
2021-02-09 10:00:00,94,6,0.42148001824500336,0.0,0.0,0.166,optimal
2021-02-09 10:30:00,94,6,0.4563602289909049,0.1548148148148148,0.0,0.08006666666666666,optimal
2021-02-09 11:00:00,94,6,0.25248133670345696,0.0,0.0,0.22296666666666667,optimal
2021-02-09 11:30:00,94,6,0.10245547409073236,0.0774074074074074,0.0,1.6890333333333334,optimal
2021-02-09 12:00:00,94,6,0.16921282002956764,0.0,0.0,0.068,optimal
2021-02-09 12:30:00,94,6,0.10946153978514844,0.0774074074074074,0.0,0.21366666666666662,optimal
2021-02-09 13:00:00,94,6,0.046668965053174166,0.0774074074074074,0.0,0.32503333333333334,optimal
2021-02-09 13:30:00,94,6,0.5299284181457296,0.23222222222222222,0.0,0.3405,optimal
2021-02-09 14:00:00,94,6,1.1428571428571428,0.1548148148148148,0.0,1.7225333333333332,optimal
2021-02-09 14:30:00,94,6,1.1428571428571428,0.0,0.0,0.7211000000000001,optimal
2021-02-09 15:00:00,94,6,1.1428571428571428,0.0,0.0,0.44289999999999996,optimal
2021-02-09 15:30:00,94,6,1.1428571428571428,2.2448148148148146,0.0,0.5426333333333333,optimal
2021-02-09 16:00:00,94,6,0.0,0.387037037037037,0.0,1.789766666666667,optimal
2021-02-09 16:30:00,94,6,0.0,0.23222222222222222,0.0,0.24230000000000002,optimal
2021-02-09 17:00:00,94,6,0.0,0.5418518518518518,0.0,0.6156333333333334,optimal
2021-02-09 17:30:00,94,6,0.0,0.0,0.0,0.4061,optimal
2021-02-09 18:00:00,94,6,0.0,0.0774074074074074,0.0,0.3253333333333333,optimal
2021-02-09 18:30:00,94,6,0.0,0.3096296296296296,0.0,0.3665333333333334,optimal
2021-02-09 19:00:00,94,6,0.0,0.6192592592592592,0.0,0.3463333333333333,optimal
2021-02-09 19:30:00,94,6,0.0,0.0774074074074074,0.0,0.34446666666666664,optimal
2021-02-09 20:00:00,94,6,0.0,0.0774074074074074,0.0,0.236,optimal
2021-02-09 20:30:00,94,6,0.0,0.0,0.0,1.623233333333333,optimal
2021-02-09 21:00:00,94,6,0.0,0.1548148148148148,0.0,0.6055666666666667,optimal
2021-02-09 21:30:00,94,6,0.0,0.0,0.0,0.4356666666666667,optimal
2021-02-09 22:00:00,94,6,0.0,0.0774074074074074,0.0,0.4851666666666667,optimal
2021-02-09 22:30:00,94,6,0.0,0.387037037037037,0.0,0.4329666666666666,optimal
2021-02-09 23:00:00,94,6,0.0,0.1548148148148148,0.0,0.3332,optimal
2021-02-09 23:30:00,94,6,0.0,0.0,0.0,0.12733333333333333,optimal
2021-02-10 00:00:00,94,6,0.0,0.0,0.0,0.059,optimal
2021-02-10 00:30:00,94,6,0.0,0.0,0.0,0.093,optimal
2021-02-10 01:00:00,94,6,0.33564675538762695,0.0,0.0,0.1328,optimal
2021-02-10 01:30:00,94,6,1.1428571428571428,0.0,0.0,0.185,optimal
2021-02-10 02:00:00,94,6,1.1428571428571428,0.0,0.0,0.15419999999999998,optimal
2021-02-10 02:30:00,94,6,1.1428571428571428,0.0,0.0,0.1976,optimal
2021-02-10 03:00:00,94,6,1.1428571428571428,0.0,0.0,0.059,optimal
2021-02-10 03:30:00,94,6,1.1428571428571428,0.0,0.0,0.2298,optimal
2021-02-10 04:00:00,94,6,1.1428571428571428,0.0,0.0,0.122,optimal
2021-02-10 04:30:00,94,6,1.1428571428571428,0.0,0.0,0.15419999999999998,optimal
2021-02-10 05:00:00,94,6,1.1428571428571428,0.0,0.0,0.1976,optimal
2021-02-10 05:30:00,94,6,1.1428571428571428,0.0,0.0,0.093,optimal
2021-02-10 06:00:00,94,6,1.1428571428571428,0.0,0.0,0.1202,optimal
2021-02-10 06:30:00,94,6,1.1428571428571428,0.0,4.363367982255607,0.122,optimal
2021-02-10 07:00:00,94,6,1.1428571428571428,0.46444444444444444,5.0,0.2278,optimal
2021-02-10 07:30:00,94,6,1.1428571428571428,0.0,0.0,0.057,optimal
2021-02-10 08:00:00,94,6,0.7057882481941942,0.0,0.0,0.2024,optimal
2021-02-10 08:30:00,94,6,0.6261819406004537,0.6192592592592592,0.0,0.9211666666666666,optimal
2021-02-10 09:00:00,94,6,0.4851940796534987,2.1674074074074072,0.0,1.6500333333333332,optimal
2021-02-10 09:30:00,94,6,0.45366586729784086,0.1548148148148148,0.0,1.2076333333333333,optimal
2021-02-10 10:00:00,94,6,0.28900229671622596,0.23222222222222222,0.0,0.6551333333333333,optimal
2021-02-10 10:30:00,94,6,0.4776885184018705,0.0,0.0,0.38330000000000003,optimal
2021-02-10 11:00:00,94,6,0.36783825377624135,0.0,0.0,0.16419999999999998,optimal
2021-02-10 11:30:00,94,6,0.36375033807459733,0.0,0.0,0.1635,optimal
2021-02-10 12:00:00,94,6,0.20732894116191394,0.0,0.0,0.1267,optimal
2021-02-10 12:30:00,94,6,0.20050036973335028,0.0,0.0,0.15059999999999998,optimal
2021-02-10 13:00:00,94,6,0.9113776074834798,0.0,0.0,0.2076,optimal
2021-02-10 13:30:00,94,6,1.1428571428571428,0.0,0.0,0.16419999999999998,optimal
2021-02-10 14:00:00,94,6,1.1428571428571428,0.0,0.0,0.1383,optimal
2021-02-10 14:30:00,94,6,1.1428571428571428,0.0,0.0,0.1451,optimal
2021-02-10 15:00:00,94,6,1.1428571428571428,0.0,0.0,0.1574,optimal
2021-02-10 15:30:00,94,6,1.1428571428571428,0.0,0.0,0.1635,optimal
2021-02-10 16:00:00,94,6,0.0,0.0774074074074074,0.0,0.4584333333333333,optimal
2021-02-10 16:30:00,94,6,0.0,0.5418518518518518,0.0,1.6618666666666666,optimal
2021-02-10 17:00:00,94,6,0.0,0.6966666666666667,0.0,0.3018333333333333,optimal
2021-02-10 17:30:00,94,6,0.0,6.502222222222221,0.0,1.6995,optimal
2021-02-10 18:00:00,94,6,0.0,2.2448148148148146,0.0,1.4454666666666667,optimal
2021-02-10 18:30:00,94,6,0.0,0.0,0.0,1.1792,optimal
2021-02-10 19:00:00,94,6,0.0,0.3096296296296296,0.0,0.2271,optimal
2021-02-10 19:30:00,94,6,0.0,0.0774074074074074,0.0,0.2849,optimal
2021-02-10 20:00:00,94,6,0.0,0.23222222222222222,0.0,0.1733,optimal
2021-02-10 20:30:00,94,6,0.0,0.0,0.0,0.3197,optimal
2021-02-10 21:00:00,94,6,0.0,0.0,0.0,0.6667000000000001,optimal
2021-02-10 21:30:00,94,6,0.0,2.1674074074074072,0.0,0.5137,optimal
2021-02-10 22:00:00,94,6,0.0,0.0,0.0,0.47563333333333335,optimal
2021-02-10 22:30:00,94,6,0.0,0.0,0.0,0.3408,optimal
2021-02-10 23:00:00,94,6,0.0,0.0,0.0,0.1705,optimal
2021-02-10 23:30:00,94,6,0.0,0.0,0.0,0.2013,optimal
2021-02-11 00:00:00,94,6,0.9801999041715004,0.0,0.0,0.149,optimal
2021-02-11 00:30:00,94,6,1.1428571428571428,0.0,0.0,0.11320000000000001,optimal
2021-02-11 01:00:00,94,6,1.1428571428571428,0.0,0.0,0.2089333333333333,optimal
2021-02-11 01:30:00,94,6,1.1428571428571428,0.0,0.0,0.1807333333333333,optimal
2021-02-11 02:00:00,94,6,1.1428571428571428,0.0,0.0,0.08446666666666666,optimal
2021-02-11 02:30:00,94,6,1.1428571428571428,0.0,0.0,0.28646666666666665,optimal
2021-02-11 03:00:00,94,6,1.1428571428571428,0.0,0.0,0.10846666666666668,optimal
2021-02-11 03:30:00,94,6,1.1428571428571428,0.0,0.0,0.2084,optimal
2021-02-11 04:00:00,94,6,1.1428571428571428,0.0,0.0,0.19306666666666664,optimal
2021-02-11 04:30:00,94,6,1.1428571428571428,0.0,0.0,0.18353333333333333,optimal
2021-02-11 05:00:00,94,6,1.1428571428571428,0.0,0.0,0.08386666666666666,optimal
2021-02-11 05:30:00,94,6,1.1428571428571428,0.0,0.0,0.17053333333333334,optimal
2021-02-11 06:00:00,94,6,1.1428571428571428,0.0,0.0,0.21913333333333332,optimal
2021-02-11 06:30:00,94,6,1.1428571428571428,0.0,1.9897374254210234,0.16086666666666669,optimal
2021-02-11 07:00:00,94,6,1.1428571428571428,0.0,5.0,0.20333333333333328,optimal
2021-02-11 07:30:00,94,6,1.1428571428571428,0.0,0.0,0.123,optimal
2021-02-11 08:00:00,94,6,0.8294102792873167,0.0,0.0,0.2226,optimal
2021-02-11 08:30:00,94,6,0.8404135814112048,0.0,0.0,0.19826666666666667,optimal
2021-02-11 09:00:00,94,6,0.7088097361065385,0.0,0.0,0.22733333333333328,optimal
2021-02-11 09:30:00,94,6,0.6753543651247934,0.0,0.0,0.1028,optimal
2021-02-11 10:00:00,94,6,0.17979358507415333,0.23222222222222222,0.0,1.9993666666666663,optimal
2021-02-11 10:30:00,94,6,0.1969782221411138,0.0,0.0,1.1102,optimal
2021-02-11 11:00:00,94,6,0.0,0.0,0.0,1.5516666666666667,optimal
2021-02-11 11:30:00,94,6,0.10469505016388594,0.0,0.0,0.40343333333333325,optimal
2021-02-11 12:00:00,94,6,0.022427979558525605,0.0,0.0,0.21126666666666669,optimal
2021-02-11 12:30:00,94,6,0.0,0.6192592592592592,0.0,1.1439666666666668,optimal
2021-02-11 13:00:00,94,6,0.0,0.387037037037037,0.0,2.6141666666666663,optimal
2021-02-11 13:30:00,94,6,0.06859056003082598,0.3096296296296296,0.0,3.0804666666666667,optimal
2021-02-11 14:00:00,94,6,1.1428571428571428,0.1548148148148148,0.0,1.8962,optimal
2021-02-11 14:30:00,94,6,1.1428571428571428,0.0,0.0,2.4170666666666665,optimal
2021-02-11 15:00:00,94,6,1.1428571428571428,0.0,0.0,0.5002666666666666,optimal
2021-02-11 15:30:00,94,6,1.1428571428571428,0.23222222222222222,0.0,0.6570333333333334,optimal
2021-02-11 16:00:00,94,6,0.0,0.387037037037037,0.0,1.9644333333333328,optimal
2021-02-11 16:30:00,94,6,0.0,0.0,0.0,0.32713333333333333,optimal
2021-02-11 17:00:00,94,6,0.0,0.387037037037037,0.0,0.40093333333333325,optimal
2021-02-11 17:30:00,94,6,0.0,0.0,0.0,0.1863333333333333,optimal
2021-02-11 18:00:00,94,6,0.0,0.46444444444444444,0.0,2.4463666666666666,optimal
2021-02-11 18:30:00,94,6,0.0,0.5418518518518518,0.0,0.187,optimal
2021-02-11 19:00:00,94,6,0.0,0.0,0.0,2.686533333333333,optimal
2021-02-11 19:30:00,94,6,0.0,2.1674074074074072,0.0,2.668266666666667,optimal
2021-02-11 20:00:00,94,6,0.0,0.0,0.0,1.099233333333333,optimal
2021-02-11 20:30:00,94,6,0.0,0.1548148148148148,0.0,0.6525666666666667,optimal
2021-02-11 21:00:00,94,6,0.0,0.23222222222222222,0.0,0.8598,optimal
2021-02-11 21:30:00,94,6,0.0,0.0,0.0,1.9266666666666667,optimal
2021-02-11 22:00:00,94,6,0.0,0.0,0.0,0.2938,optimal
2021-02-11 22:30:00,94,6,0.0,0.0,0.0,0.13219999999999998,optimal
2021-02-11 23:00:00,94,6,0.0,0.0,0.0,0.1298,optimal
2021-02-11 23:30:00,94,6,0.0,0.0,0.0,0.10673333333333332,optimal
2021-02-12 00:00:00,94,6,1.1428571428571428,0.0,0.0,0.057,optimal
2021-02-12 00:30:00,94,6,1.1428571428571428,0.0,0.0,0.057,optimal
2021-02-12 01:00:00,94,6,1.1428571428571428,0.0,0.0,0.1851,optimal
2021-02-12 01:30:00,94,6,1.1428571428571428,0.0,0.0,0.0631,optimal
2021-02-12 02:00:00,94,6,1.1428571428571428,0.0,0.0,0.057,optimal
2021-02-12 02:30:00,94,6,1.1428571428571428,0.0,0.0,0.057,optimal
2021-02-12 03:00:00,94,6,1.1428571428571428,0.0,0.0,0.0631,optimal
2021-02-12 03:30:00,94,6,1.1428571428571428,0.0,0.0,0.1851,optimal
2021-02-12 04:00:00,94,6,1.1428571428571428,0.0,0.0,0.057,optimal
2021-02-12 04:30:00,94,6,1.1428571428571428,0.0,0.0,0.16069999999999998,optimal
2021-02-12 05:00:00,94,6,1.1428571428571428,0.0,2.790330923261099,0.0875,optimal
2021-02-12 05:30:00,94,6,1.1428571428571428,0.0,5.0,0.057,optimal
2021-02-12 06:00:00,94,6,1.1428571428571428,0.23222222222222222,5.0,0.1972,optimal
2021-02-12 06:30:00,94,6,1.1428571428571428,0.6192592592592592,5.0,0.2687,optimal
2021-02-12 07:00:00,94,6,1.1428571428571428,0.0774074074074074,0.0,0.1138,optimal
2021-02-12 07:30:00,94,6,1.1428571428571428,6.260341658633525,0.0,0.1621,optimal
2021-02-12 08:00:00,94,6,0.7630176486593228,0.3096296296296296,0.0,0.16566666666666666,optimal
2021-02-12 08:30:00,94,6,0.8040791943483083,5.031481481481482,0.0,0.24580000000000002,optimal
2021-02-12 09:00:00,94,6,0.7139694132313611,0.0,0.0,1.2387000000000001,optimal
2021-02-12 09:30:00,94,6,0.6522638392239533,0.23222222222222222,0.0,0.065,optimal
2021-02-12 10:00:00,94,6,0.237400262521495,0.0,0.0,0.48460000000000003,optimal
2021-02-12 10:30:00,94,6,0.2811533616197145,0.0,0.0,0.20526666666666668,optimal
2021-02-12 11:00:00,94,6,0.08527184219913986,0.0,0.0,0.2375,optimal
2021-02-12 11:30:00,94,6,0.03809931291974531,0.46444444444444444,0.0,0.39776666666666666,optimal
2021-02-12 12:00:00,94,6,0.0,0.0,0.0,0.44639999999999996,optimal
2021-02-12 12:30:00,94,6,0.04627624288713298,0.0774074074074074,0.0,0.265,optimal
2021-02-12 13:00:00,94,6,0.5109842522226318,0.387037037037037,0.0,0.42060000000000003,optimal
2021-02-12 13:30:00,94,6,1.1428571428571428,0.0,0.0,0.3117333333333333,optimal
2021-02-12 14:00:00,94,6,1.1428571428571428,0.0,0.0,0.6647000000000001,optimal
2021-02-12 14:30:00,94,6,1.1428571428571428,0.0,0.0,0.3406,optimal
2021-02-12 15:00:00,94,6,1.1428571428571428,0.0,0.0,0.33343333333333336,optimal
2021-02-12 15:30:00,94,6,1.1428571428571428,0.23222222222222222,0.0,0.191,optimal
2021-02-12 16:00:00,94,6,0.0,0.0,0.0,0.35333333333333333,optimal
2021-02-12 16:30:00,94,6,0.0,0.1548148148148148,0.0,0.5380333333333333,optimal
2021-02-12 17:00:00,94,6,0.0,0.23222222222222222,0.0,0.0995,optimal
2021-02-12 17:30:00,94,6,0.0,0.0,0.0,0.31839999999999996,optimal
2021-02-12 18:00:00,94,6,0.0,0.0774074074074074,0.0,1.4128,optimal
2021-02-12 18:30:00,94,6,0.0,0.0774074074074074,0.0,0.31889999999999996,optimal
2021-02-12 19:00:00,94,6,0.0,0.387037037037037,0.0,0.465,optimal
2021-02-12 19:30:00,94,6,0.0,0.1548148148148148,0.0,0.3041333333333333,optimal
2021-02-12 20:00:00,94,6,0.0,0.23222222222222222,0.0,0.21359999999999998,optimal
2021-02-12 20:30:00,94,6,0.0,0.0,0.0,0.45263333333333333,optimal
2021-02-12 21:00:00,94,6,0.0,0.0,0.0,0.3925,optimal
2021-02-12 21:30:00,94,6,0.0,0.0,0.0,0.37810000000000005,optimal
2021-02-12 22:00:00,94,6,0.0,0.7941999999999999,0.0,0.4251666666666667,optimal
2021-02-12 22:30:00,94,6,0.0,0.44431851851851845,0.0,0.3706666666666667,optimal
2021-02-12 23:00:00,94,6,0.0,0.0,0.0,0.4966666666666667,optimal
2021-02-12 23:30:00,94,6,0.0,1.7803703703703702,0.0,0.4005666666666667,optimal
2021-02-13 00:00:00,94,6,0.0,0.387037037037037,0.0,0.10293333333333334,optimal
2021-02-13 00:30:00,94,6,0.0,0.0,0.0,0.16219999999999998,optimal
2021-02-13 01:00:00,94,6,0.0,0.0,0.0,0.062,optimal
2021-02-13 01:30:00,94,6,0.5226706773866334,0.0,0.0,0.07313333333333334,optimal
2021-02-13 02:00:00,94,6,1.1428571428571428,0.0,0.0,0.17333333333333334,optimal
2021-02-13 02:30:00,94,6,1.1428571428571428,0.0,0.0,0.1268,optimal
2021-02-13 03:00:00,94,6,1.1428571428571428,0.0,0.0,0.18446666666666667,optimal
2021-02-13 03:30:00,94,6,1.1428571428571428,0.0,0.0,0.062,optimal
2021-02-13 04:00:00,94,6,1.1428571428571428,0.0,3.8513905171266654,0.14286666666666667,optimal
2021-02-13 04:30:00,94,6,1.1428571428571428,0.0,5.0,0.1684,optimal
2021-02-13 05:00:00,94,6,1.1428571428571428,0.0,5.0,0.07313333333333334,optimal
2021-02-13 05:30:00,94,6,1.1428571428571428,0.0,5.0,0.24966666666666662,optimal
2021-02-13 06:00:00,94,6,1.1428571428571428,2.2448148148148146,5.0,0.2844,optimal
2021-02-13 06:30:00,94,6,1.1428571428571428,0.46444444444444444,0.0,0.548,optimal
2021-02-13 07:00:00,94,6,1.1428571428571428,10.062962962962963,0.0,0.20266666666666663,optimal
2021-02-13 07:30:00,94,6,1.1428571428571428,0.1548148148148148,0.0,0.2718,optimal
2021-02-13 08:00:00,94,6,0.6718959465946278,0.0,0.0,0.4953,optimal
2021-02-13 08:30:00,94,6,0.8667805601723837,0.0,0.0,0.14436666666666667,optimal
2021-02-13 09:00:00,94,6,0.7807535140600459,0.0,0.0,0.072,optimal
2021-02-13 09:30:00,94,6,0.7350432486154723,0.0,0.0,0.19446666666666668,optimal
2021-02-13 10:00:00,94,6,0.5811759051098299,0.0,0.0,0.072,optimal
2021-02-13 10:30:00,94,6,0.5605176615447294,0.0,0.0,0.1368,optimal
2021-02-13 11:00:00,94,6,0.33277895574228916,0.0,0.0,0.19446666666666668,optimal
2021-02-13 11:30:00,94,6,0.29242547408194963,0.0,0.0,0.2792,optimal
2021-02-13 12:00:00,94,6,0.017001257365482175,0.3096296296296296,0.0,1.5844666666666667,optimal
2021-02-13 12:30:00,94,6,0.11767334166384534,0.23222222222222222,0.0,0.33646666666666664,optimal
2021-02-13 13:00:00,94,6,0.17851424343514666,0.3096296296296296,0.0,0.4156333333333333,optimal
2021-02-13 13:30:00,94,6,1.1428571428571428,0.0,0.0,0.5880333333333333,optimal
2021-02-13 14:00:00,94,6,1.1428571428571428,0.0,0.0,0.3716333333333333,optimal
2021-02-13 14:30:00,94,6,1.1428571428571428,0.0,0.0,0.23,optimal
2021-02-13 15:00:00,94,6,1.1428571428571428,0.8716074074074074,0.0,0.43060000000000004,optimal
2021-02-13 15:30:00,94,6,1.1428571428571428,2.456911111111111,0.0,0.5383333333333333,optimal
2021-02-13 16:00:00,94,6,0.0,0.0,0.0,0.4138,optimal
2021-02-13 16:30:00,94,6,0.0,0.6966666666666667,0.0,0.5739333333333333,optimal
2021-02-13 17:00:00,94,6,0.0,0.387037037037037,0.0,0.34676666666666667,optimal
2021-02-13 17:30:00,94,6,0.0,0.1548148148148148,0.0,1.3831666666666667,optimal
2021-02-13 18:00:00,94,6,0.0,0.387037037037037,0.0,0.7953666666666667,optimal
2021-02-13 18:30:00,94,6,0.0,0.0,0.0,0.46053333333333335,optimal
2021-02-13 19:00:00,94,6,0.0,0.0,0.0,0.4811,optimal
2021-02-13 19:30:00,94,6,0.0,0.1548148148148148,0.0,0.7153999999999999,optimal
2021-02-13 20:00:00,94,6,0.0,0.0774074074074074,0.0,0.3598,optimal
2021-02-13 20:30:00,94,6,0.0,0.0774074074074074,0.0,0.37573333333333336,optimal
2021-02-13 21:00:00,94,6,0.0,0.0774074074074074,0.0,0.44853333333333334,optimal
2021-02-13 21:30:00,94,6,0.0,0.46444444444444444,0.0,0.3555,optimal
2021-02-13 22:00:00,94,6,0.0,0.0,0.0,0.3015333333333334,optimal
2021-02-13 22:30:00,94,6,0.0,0.3096296296296296,0.0,0.3149666666666666,optimal
2021-02-13 23:00:00,94,6,0.0,0.0,0.0,0.10540000000000001,optimal
2021-02-13 23:30:00,94,6,0.0,0.0,0.0,0.22353333333333333,optimal
2021-02-07 00:00:00,95,6,0.0,0.0,0.0,0.055,optimal
2021-02-07 00:30:00,95,6,0.0,0.0,0.0,0.055,optimal
2021-02-07 01:00:00,95,6,0.0,0.0,0.0,0.055,optimal
2021-02-07 01:30:00,95,6,0.0,0.0,0.0,0.1848333333333333,optimal
2021-02-07 02:00:00,95,6,0.0,0.0,0.0,0.17216666666666666,optimal
2021-02-07 02:30:00,95,6,0.0,0.0,0.0,0.16076666666666667,optimal
2021-02-07 03:00:00,95,6,0.0,0.0,0.0,0.15306666666666666,optimal
2021-02-07 03:30:00,95,6,0.0,0.0,0.0,0.15940000000000001,optimal
2021-02-07 04:00:00,95,6,1.1428571428571428,0.0,0.0,0.1051,optimal
2021-02-07 04:30:00,95,6,1.1428571428571428,0.0,0.0,0.2256,optimal
2021-02-07 05:00:00,95,6,1.1428571428571428,0.0,0.0,0.13906666666666667,optimal
2021-02-07 05:30:00,95,6,1.1428571428571428,0.0,0.0,0.14203333333333334,optimal
2021-02-07 06:00:00,95,6,1.1428571428571428,0.46444444444444444,0.0,2.5047333333333333,optimal
2021-02-07 06:30:00,95,6,1.1428571428571428,0.23222222222222222,1.4055777348378222,0.4578,optimal
2021-02-07 07:00:00,95,6,1.1428571428571428,0.5418518518518518,0.0,1.1981666666666668,optimal
2021-02-07 07:30:00,95,6,0.0,0.387037037037037,0.0,1.4765,optimal
2021-02-07 08:00:00,95,6,0.0,0.3096296296296296,0.0,0.3629666666666666,optimal
2021-02-07 08:30:00,95,6,0.0,0.774074074074074,0.0,1.8493333333333333,optimal
2021-02-07 09:00:00,95,6,0.0,0.774074074074074,0.0,1.2138,optimal
2021-02-07 09:30:00,95,6,0.45899126661906475,0.0,0.0,0.292,optimal
2021-02-07 10:00:00,95,6,0.47001868055511886,0.23222222222222222,0.0,0.45963333333333334,optimal
2021-02-07 10:30:00,95,6,0.4725751676853226,0.0,0.0,0.45206666666666667,optimal
2021-02-07 11:00:00,95,6,0.29656598680134416,0.23222222222222222,0.0,0.8916666666666666,optimal
2021-02-07 11:30:00,95,6,0.05589932013468018,6.347407407407407,0.0,3.3322,optimal
2021-02-07 12:00:00,95,6,0.3671427505824528,0.0,0.0,0.2894,optimal
2021-02-07 12:30:00,95,6,0.7139605091507819,0.3096296296296296,0.0,0.2936,optimal
2021-02-07 13:00:00,95,6,1.1428571428571428,0.0,0.0,0.30806666666666666,optimal
2021-02-07 13:30:00,95,6,1.1428571428571428,0.0,0.0,0.2693,optimal
2021-02-07 14:00:00,95,6,1.1428571428571428,0.0,0.0,0.10953333333333332,optimal
2021-02-07 14:30:00,95,6,1.1428571428571428,0.0,0.0,0.26189999999999997,optimal
2021-02-07 15:00:00,95,6,1.1428571428571428,0.3096296296296296,0.0,0.11443333333333333,optimal
2021-02-07 15:30:00,95,6,1.1428571428571428,0.0,0.0,0.065,optimal
2021-02-07 16:00:00,95,6,0.0,0.0,0.0,0.3073,optimal
2021-02-07 16:30:00,95,6,0.0,0.0,0.0,0.38076666666666664,optimal
2021-02-07 17:00:00,95,6,0.0,0.3096296296296296,0.0,0.091,optimal
2021-02-07 17:30:00,95,6,0.0,0.1548148148148148,0.0,0.23516666666666663,optimal
2021-02-07 18:00:00,95,6,0.0,0.0,0.0,0.205,optimal
2021-02-07 18:30:00,95,6,0.0,0.1548148148148148,0.0,0.131,optimal
2021-02-07 19:00:00,95,6,0.0,0.5418518518518518,0.0,0.4584666666666666,optimal
2021-02-07 19:30:00,95,6,0.6512980972088162,0.0774074074074074,0.0,0.268,optimal
2021-02-07 20:00:00,95,6,0.5333552400659621,0.0,0.0,0.4603666666666667,optimal
2021-02-07 20:30:00,95,6,0.0,0.0,0.0,0.2776666666666667,optimal
2021-02-07 21:00:00,95,6,0.0,0.0,0.0,0.4103333333333333,optimal
2021-02-07 21:30:00,95,6,0.0,0.0774074074074074,0.0,0.29406666666666664,optimal
2021-02-07 22:00:00,95,6,0.0,0.0774074074074074,0.0,0.22273333333333328,optimal
2021-02-07 22:30:00,95,6,0.0,0.0,0.0,0.28026666666666666,optimal
2021-02-07 23:00:00,95,6,0.0,0.0,0.0,0.6658333333333334,optimal
2021-02-07 23:30:00,95,6,0.0,0.0,0.0,0.2477666666666667,optimal
2021-02-08 00:00:00,95,6,0.0,0.0,0.0,0.1278,optimal
2021-02-08 00:30:00,95,6,0.0,0.0,0.0,0.06713333333333334,optimal
2021-02-08 01:00:00,95,6,0.0,0.0,0.0,0.055,optimal
2021-02-08 01:30:00,95,6,0.0,0.0,0.0,0.0732,optimal
2021-02-08 02:00:00,95,6,1.0643716031273813,0.0,0.0,0.12173333333333332,optimal
2021-02-08 02:30:00,95,6,1.1428571428571428,0.0,0.0,0.055,optimal
2021-02-08 03:00:00,95,6,1.1428571428571428,0.0,0.0,0.055,optimal
2021-02-08 03:30:00,95,6,1.1428571428571428,0.0,0.0,0.13993333333333333,optimal
2021-02-08 04:00:00,95,6,1.1428571428571428,0.0,0.0,0.055,optimal
2021-02-08 04:30:00,95,6,1.1428571428571428,0.0,0.0,0.06106666666666667,optimal
2021-02-08 05:00:00,95,6,1.1428571428571428,0.0,0.0,0.13386666666666666,optimal
2021-02-08 05:30:00,95,6,1.1428571428571428,0.0,0.0,0.055,optimal
2021-02-08 06:00:00,95,6,1.1428571428571428,0.3096296296296296,4.9089286029964505,0.12040000000000001,optimal
2021-02-08 06:30:00,95,6,1.1428571428571428,1.006296296296296,0.0,0.10066666666666668,optimal
2021-02-08 07:00:00,95,6,1.1428571428571428,0.0774074074074074,0.0,1.64,optimal
2021-02-08 07:30:00,95,6,1.1428571428571428,2.7092592592592597,0.0,1.4891333333333334,optimal
2021-02-08 08:00:00,95,6,0.5560082936791945,1.3933333333333333,0.0,1.328266666666667,optimal
2021-02-08 08:30:00,95,6,0.5221000189046294,0.5418518518518518,0.0,2.450333333333333,optimal
2021-02-08 09:00:00,95,6,0.290149025722143,0.0774074074074074,0.0,3.748133333333333,optimal
2021-02-08 09:30:00,95,6,0.46383524740778687,0.0,0.0,0.3842,optimal
2021-02-08 10:00:00,95,6,0.35660083115173974,0.0,0.0,0.3528,optimal
2021-02-08 10:30:00,95,6,0.45009175232324805,0.0,0.0,0.34053333333333335,optimal
2021-02-08 11:00:00,95,6,0.28577312201788196,0.0774074074074074,0.0,0.49310000000000004,optimal
2021-02-08 11:30:00,95,6,0.1863537777448235,0.0,0.0,1.6147,optimal
2021-02-08 12:00:00,95,6,0.19695556155705707,0.1548148148148148,0.0,0.272,optimal
2021-02-08 12:30:00,95,6,0.140238777772835,1.8577777777777778,0.0,2.3908666666666667,optimal
2021-02-08 13:00:00,95,6,0.3060467281463942,0.0,0.0,0.20913333333333334,optimal
2021-02-08 13:30:00,95,6,0.9752829468370948,0.0,0.0,0.1785,optimal
2021-02-08 14:00:00,95,6,1.1428571428571428,0.0,0.0,0.14993333333333334,optimal
2021-02-08 14:30:00,95,6,1.1428571428571428,1.6255555555555554,0.0,1.4558,optimal
2021-02-08 15:00:00,95,6,1.1428571428571428,0.3096296296296296,0.0,3.278766666666667,optimal
2021-02-08 15:30:00,95,6,1.1428571428571428,0.0,0.0,1.7725333333333333,optimal
2021-02-08 16:00:00,95,6,0.0,0.0,0.0,0.37173333333333336,optimal
2021-02-08 16:30:00,95,6,0.0,0.6192592592592592,0.0,0.5527333333333333,optimal
2021-02-08 17:00:00,95,6,0.0,0.0774074074074074,0.0,0.3516666666666667,optimal
2021-02-08 17:30:00,95,6,0.0,0.0,0.0,1.340266666666667,optimal
2021-02-08 18:00:00,95,6,0.0,0.1548148148148148,0.0,1.91,optimal
2021-02-08 18:30:00,95,6,0.0,0.23222222222222222,0.0,0.8269666666666667,optimal
2021-02-08 19:00:00,95,6,0.0,0.6192592592592592,0.0,0.2698,optimal
2021-02-08 19:30:00,95,6,0.0,0.5418518518518518,0.0,0.5634666666666667,optimal
2021-02-08 20:00:00,95,6,0.0,0.1548148148148148,0.0,0.4793,optimal
2021-02-08 20:30:00,95,6,0.0,0.23222222222222222,0.0,1.1028,optimal
2021-02-08 21:00:00,95,6,0.0,0.3096296296296296,0.0,1.6842666666666668,optimal
2021-02-08 21:30:00,95,6,0.0,0.0,0.0,2.292333333333333,optimal
2021-02-08 22:00:00,95,6,0.0,0.0,0.0,0.14993333333333334,optimal
2021-02-08 22:30:00,95,6,0.0,0.0,0.0,0.065,optimal
2021-02-08 23:00:00,95,6,0.0,0.0,0.0,0.065,optimal
2021-02-08 23:30:00,95,6,0.0,0.0,0.0,0.14759999999999998,optimal
2021-02-09 00:00:00,95,6,0.0,0.0,0.0,0.09190000000000001,optimal
2021-02-09 00:30:00,95,6,0.0,0.0,0.0,0.09190000000000001,optimal
2021-02-09 01:00:00,95,6,0.0,0.0,0.0,0.055,optimal
2021-02-09 01:30:00,95,6,1.011637092714541,0.0,0.0,0.055,optimal
2021-02-09 02:00:00,95,6,1.1428571428571428,0.0,0.0,0.055,optimal
2021-02-09 02:30:00,95,6,1.1428571428571428,0.0,0.0,0.055,optimal
2021-02-09 03:00:00,95,6,1.1428571428571428,0.0,0.0,0.1288,optimal
2021-02-09 03:30:00,95,6,1.1428571428571428,0.0,0.0,0.055,optimal
2021-02-09 04:00:00,95,6,1.1428571428571428,0.0,0.0,0.055,optimal
2021-02-09 04:30:00,95,6,1.1428571428571428,0.0,0.0,0.1288,optimal
2021-02-09 05:00:00,95,6,1.1428571428571428,0.0,0.0,0.055,optimal
2021-02-09 05:30:00,95,6,1.1428571428571428,0.0,3.9365451849607185,0.055,optimal
2021-02-09 06:00:00,95,6,1.1428571428571428,0.0,5.0,0.1247,optimal
2021-02-09 06:30:00,95,6,1.1428571428571428,0.0,5.0,0.0591,optimal
2021-02-09 07:00:00,95,6,1.1428571428571428,1.3933333333333333,5.0,0.28503333333333336,optimal
2021-02-09 07:30:00,95,6,1.1428571428571428,0.387037037037037,0.0,0.22716666666666663,optimal
2021-02-09 08:00:00,95,6,0.5533823921367677,0.5418518518518518,0.0,0.24986666666666668,optimal
2021-02-09 08:30:00,95,6,0.7716743281081244,0.0,0.0,0.10733333333333331,optimal
2021-02-09 09:00:00,95,6,0.7140700274114151,0.0,0.0,0.13103333333333333,optimal
2021-02-09 09:30:00,95,6,0.7199491374493673,0.0,0.0,0.06076666666666666,optimal
2021-02-09 10:00:00,95,6,0.36029906586404215,0.0774074074074074,0.0,0.41969999999999996,optimal
2021-02-09 10:30:00,95,6,0.3631316575623345,0.0,0.0,0.2889333333333333,optimal
2021-02-09 11:00:00,95,6,0.22720514622726645,0.0,0.0,0.216,optimal
2021-02-09 11:30:00,95,6,0.22852785504311318,0.1548148148148148,0.0,0.20386666666666667,optimal
2021-02-09 12:00:00,95,6,0.11055567717242666,0.0,0.0,0.2522,optimal
2021-02-09 12:30:00,95,6,0.11696630168990893,0.387037037037037,0.0,0.26126666666666665,optimal
2021-02-09 13:00:00,95,6,0.7294592610916726,0.0,0.0,0.18109999999999998,optimal
2021-02-09 13:30:00,95,6,1.1428571428571428,0.0,0.0,0.06963333333333334,optimal
2021-02-09 14:00:00,95,6,1.1428571428571428,0.0,0.0,0.1288,optimal
2021-02-09 14:30:00,95,6,1.1428571428571428,0.6192592592592592,0.0,0.222,optimal
2021-02-09 15:00:00,95,6,1.1428571428571428,0.0,0.0,0.1388,optimal
2021-02-09 15:30:00,95,6,1.1428571428571428,0.0,0.0,0.065,optimal
2021-02-09 16:00:00,95,6,0.0,0.0,0.0,0.3430666666666667,optimal
2021-02-09 16:30:00,95,6,0.0,0.0,0.0,0.3478,optimal
2021-02-09 17:00:00,95,6,0.0,0.0,0.0,0.42386666666666667,optimal
2021-02-09 17:30:00,95,6,0.0,0.46444444444444444,0.0,0.45239999999999997,optimal
2021-02-09 18:00:00,95,6,0.0,0.0,0.0,0.37796666666666656,optimal
2021-02-09 18:30:00,95,6,0.0,5.960370370370371,0.0,0.38380000000000003,optimal
2021-02-09 19:00:00,95,6,0.0,0.0,0.0,0.3906,optimal
2021-02-09 19:30:00,95,6,0.0,0.0,0.0,0.7210666666666667,optimal
2021-02-09 20:00:00,95,6,0.0,0.0,0.0,0.3625,optimal
2021-02-09 20:30:00,95,6,0.0,0.23222222222222222,0.0,0.6655,optimal
2021-02-09 21:00:00,95,6,0.0,0.23222222222222222,0.0,0.3805,optimal
2021-02-09 21:30:00,95,6,0.0,0.0,0.0,0.2468333333333333,optimal
2021-02-09 22:00:00,95,6,0.0,0.0,0.0,0.08243333333333333,optimal
2021-02-09 22:30:00,95,6,0.0,0.23222222222222222,0.0,0.1447,optimal
2021-02-09 23:00:00,95,6,0.0,0.0,0.0,0.065,optimal
2021-02-09 23:30:00,95,6,0.0,0.0,0.0,0.065,optimal
2021-02-10 00:00:00,95,6,0.0,1.7803703703703702,0.0,1.0228,optimal
2021-02-10 00:30:00,95,6,0.0,0.0,0.0,0.067,optimal
2021-02-10 01:00:00,95,6,0.34871572768739784,0.23222222222222222,0.0,0.06913333333333334,optimal
2021-02-10 01:30:00,95,6,1.1428571428571428,0.0,0.0,0.055,optimal
2021-02-10 02:00:00,95,6,1.1428571428571428,0.0,0.0,0.055,optimal
2021-02-10 02:30:00,95,6,1.1428571428571428,0.0,0.0,0.055,optimal
2021-02-10 03:00:00,95,6,1.1428571428571428,0.0,0.0,0.055,optimal
2021-02-10 03:30:00,95,6,1.1428571428571428,0.0,0.0,0.055,optimal
2021-02-10 04:00:00,95,6,1.1428571428571428,0.0,0.0,0.055,optimal
2021-02-10 04:30:00,95,6,1.1428571428571428,0.0,0.0,0.055,optimal
2021-02-10 05:00:00,95,6,1.1428571428571428,0.0,0.0,0.055,optimal
2021-02-10 05:30:00,95,6,1.1428571428571428,0.0,4.5242226174933595,0.055,optimal
2021-02-10 06:00:00,95,6,1.1428571428571428,0.0,5.0,0.055,optimal
2021-02-10 06:30:00,95,6,1.1428571428571428,0.3096296296296296,5.0,0.10266666666666668,optimal
2021-02-10 07:00:00,95,6,1.1428571428571428,0.1548148148148148,5.0,0.198,optimal
2021-02-10 07:30:00,95,6,1.1428571428571428,0.0774074074074074,0.0,0.198,optimal
2021-02-10 08:00:00,95,6,0.5599311053370509,2.2448148148148146,0.0,0.44210000000000005,optimal
2021-02-10 08:30:00,95,6,0.5578600358385398,0.1548148148148148,0.0,0.342,optimal
2021-02-10 09:00:00,95,6,0.47469407965349475,0.774074074074074,0.0,0.342,optimal
2021-02-10 09:30:00,95,6,0.49153158158355326,0.0,0.0,0.4879666666666666,optimal
2021-02-10 10:00:00,95,6,0.12890896338289354,0.0,0.0,1.6024,optimal
2021-02-10 10:30:00,95,6,0.2988028041161556,0.387037037037037,0.0,1.5363333333333333,optimal
2021-02-10 11:00:00,95,6,0.2209677775857573,0.23222222222222222,0.0,0.6884,optimal
2021-02-10 11:30:00,95,6,0.3333598618841243,0.0,0.0,0.23266666666666663,optimal
2021-02-10 12:00:00,95,6,0.08945656020954268,0.23222222222222222,0.0,0.43126666666666663,optimal
2021-02-10 12:30:00,95,6,0.009140369733352093,0.387037037037037,0.0,0.7416,optimal
2021-02-10 13:00:00,95,6,0.0037035689828073424,0.6192592592592592,0.0,0.5794666666666667,optimal
2021-02-10 13:30:00,95,6,0.03623249948429812,0.1548148148148148,0.0,0.3532666666666667,optimal
2021-02-10 14:00:00,95,6,0.9165875240155663,0.0,0.0,1.5580666666666667,optimal
2021-02-10 14:30:00,95,6,1.1428571428571428,0.23222222222222222,0.0,0.4865333333333334,optimal
2021-02-10 15:00:00,95,6,1.1428571428571428,0.0,0.0,0.293,optimal
2021-02-10 15:30:00,95,6,1.1428571428571428,4.79925925925926,0.0,0.6395333333333333,optimal
2021-02-10 16:00:00,95,6,0.0,0.0,0.0,0.5094666666666666,optimal
2021-02-10 16:30:00,95,6,0.0,0.23222222222222222,0.0,0.38,optimal
2021-02-10 17:00:00,95,6,0.0,0.774074074074074,0.0,0.29233333333333333,optimal
2021-02-10 17:30:00,95,6,0.0,0.23222222222222222,0.0,0.1766,optimal
2021-02-10 18:00:00,95,6,0.0,0.3096296296296296,0.0,1.3545333333333334,optimal
2021-02-10 18:30:00,95,6,0.0,0.387037037037037,0.0,0.6446000000000001,optimal
2021-02-10 19:00:00,95,6,0.0,0.6966666666666667,0.0,1.1866666666666668,optimal
2021-02-10 19:30:00,95,6,0.0,0.3096296296296296,0.0,0.3556666666666667,optimal
2021-02-10 20:00:00,95,6,0.0,0.0,0.0,2.062533333333333,optimal
2021-02-10 20:30:00,95,6,0.0,0.3096296296296296,0.0,0.462,optimal
2021-02-10 21:00:00,95,6,0.0,0.0,0.0,0.46166666666666667,optimal
2021-02-10 21:30:00,95,6,0.0,0.23222222222222222,0.0,0.4526,optimal
2021-02-10 22:00:00,95,6,0.0,0.0,0.0,0.4884333333333333,optimal
2021-02-10 22:30:00,95,6,0.0,0.0,0.0,1.2730666666666666,optimal
2021-02-10 23:00:00,95,6,0.0,1.433585185185185,0.0,0.19256666666666664,optimal
2021-02-10 23:30:00,95,6,0.0,5.300859259259259,0.0,0.09833333333333331,optimal
2021-02-11 00:00:00,95,6,0.8342082892807213,0.0,0.0,0.054,optimal
2021-02-11 00:30:00,95,6,1.1428571428571428,0.0,0.0,0.08666666666666667,optimal
2021-02-11 01:00:00,95,6,1.1428571428571428,0.0,0.0,0.16673333333333332,optimal
2021-02-11 01:30:00,95,6,1.1428571428571428,0.0,0.0,0.06233333333333334,optimal
2021-02-11 02:00:00,95,6,1.1428571428571428,0.0,0.0,0.1977333333333333,optimal
2021-02-11 02:30:00,95,6,1.1428571428571428,0.0,0.0,0.054,optimal
2021-02-11 03:00:00,95,6,1.1428571428571428,0.0,0.0,0.1128,optimal
2021-02-11 03:30:00,95,6,1.1428571428571428,0.0,0.0,0.13893333333333333,optimal
2021-02-11 04:00:00,95,6,1.1428571428571428,0.0,0.0,0.054,optimal
2021-02-11 04:30:00,95,6,1.1428571428571428,0.0,0.0,0.054,optimal
2021-02-11 05:00:00,95,6,1.1428571428571428,0.0,0.0,0.19119999999999998,optimal
2021-02-11 05:30:00,95,6,1.1428571428571428,0.0,0.019328342757878664,0.060533333333333335,optimal
2021-02-11 06:00:00,95,6,1.1428571428571428,0.0,5.0,0.055666666666666656,optimal
2021-02-11 06:30:00,95,6,1.1428571428571428,0.0,5.0,0.2077333333333333,optimal
2021-02-11 07:00:00,95,6,1.1428571428571428,0.0,5.0,0.064,optimal
2021-02-11 07:30:00,95,6,1.1428571428571428,0.0,0.0,0.064,optimal
2021-02-11 08:00:00,95,6,0.7992864697635051,0.1548148148148148,0.0,0.185,optimal
2021-02-11 08:30:00,95,6,0.782632629030245,0.1548148148148148,0.0,0.14266666666666666,optimal
2021-02-11 09:00:00,95,6,0.6288192599160629,0.0774074074074074,0.0,0.16586666666666666,optimal
2021-02-11 09:30:00,95,6,0.35892579369622324,3.7155555555555555,0.0,3.0808,optimal
2021-02-11 10:00:00,95,6,0.136079299359868,0.1548148148148148,0.0,3.2976666666666663,optimal
2021-02-11 10:30:00,95,6,0.2462353649982578,0.1548148148148148,0.0,1.9179000000000002,optimal
2021-02-11 11:00:00,95,6,0.15801100536873808,0.46444444444444444,0.0,0.515,optimal
2021-02-11 11:30:00,95,6,0.1332516376064751,0.5418518518518518,0.0,0.15669999999999998,optimal
2021-02-11 12:00:00,95,6,0.0,0.0,0.0,0.40853333333333336,optimal
2021-02-11 12:30:00,95,6,0.0,0.0,0.0,0.166,optimal
2021-02-11 13:00:00,95,6,1.1428571428571428,0.23222222222222222,0.0,1.4155,optimal
2021-02-11 13:30:00,95,6,1.1428571428571428,0.0,0.0,0.26280000000000003,optimal
2021-02-11 14:00:00,95,6,1.1428571428571428,0.23222222222222222,0.0,0.09566666666666669,optimal
2021-02-11 14:30:00,95,6,1.1428571428571428,0.0,0.0,0.18780000000000002,optimal
2021-02-11 15:00:00,95,6,1.1428571428571428,0.1548148148148148,0.0,0.166,optimal
2021-02-11 15:30:00,95,6,1.1428571428571428,0.387037037037037,0.0,0.29943333333333333,optimal
2021-02-11 16:00:00,95,6,0.0,0.387037037037037,0.0,0.063,optimal
2021-02-11 16:30:00,95,6,0.0,0.3096296296296296,0.0,0.4,optimal
2021-02-11 17:00:00,95,6,0.0,0.0,0.0,0.06953333333333334,optimal
2021-02-11 17:30:00,95,6,0.0,0.0,0.0,1.6220333333333332,optimal
2021-02-11 18:00:00,95,6,0.0,0.0774074074074074,0.0,2.770266666666667,optimal
2021-02-11 18:30:00,95,6,0.0,0.0,0.0,0.09566666666666669,optimal
2021-02-11 19:00:00,95,6,0.0,0.46444444444444444,0.0,0.34426666666666667,optimal
2021-02-11 19:30:00,95,6,0.0,0.0,0.0,0.19933333333333328,optimal
2021-02-11 20:00:00,95,6,0.037314481328774504,0.0,0.0,0.3796666666666667,optimal
2021-02-11 20:30:00,95,6,0.0,0.1548148148148148,0.0,0.2737333333333333,optimal
2021-02-11 21:00:00,95,6,0.0,0.1548148148148148,0.0,0.0639,optimal
2021-02-11 21:30:00,95,6,0.0,0.0,0.0,0.114,optimal
2021-02-11 22:00:00,95,6,0.0,0.23222222222222222,0.0,0.2366,optimal
2021-02-11 22:30:00,95,6,0.0,0.0,0.0,0.09343333333333334,optimal
2021-02-11 23:00:00,95,6,0.0,0.0,0.0,0.2077333333333333,optimal
2021-02-11 23:30:00,95,6,0.0,0.0,0.0,0.064,optimal
2021-02-12 00:00:00,95,6,1.1428571428571428,0.0,0.0,0.048,optimal
2021-02-12 00:30:00,95,6,1.1428571428571428,0.0,0.0,0.129,optimal
2021-02-12 01:00:00,95,6,1.1428571428571428,0.0,0.0,0.043,optimal
2021-02-12 01:30:00,95,6,1.1428571428571428,0.0,0.0,0.0989,optimal
2021-02-12 02:00:00,95,6,1.1428571428571428,0.0,0.0,0.0731,optimal
2021-02-12 02:30:00,95,6,1.1428571428571428,0.0,0.0,0.043,optimal
2021-02-12 03:00:00,95,6,1.1428571428571428,0.0,4.248584900948786,0.129,optimal
2021-02-12 03:30:00,95,6,1.1428571428571428,0.0,5.0,0.043,optimal
2021-02-12 04:00:00,95,6,1.1428571428571428,0.0,5.0,0.129,optimal
2021-02-12 04:30:00,95,6,1.1428571428571428,0.0,5.0,0.043,optimal
2021-02-12 05:00:00,95,6,1.1428571428571428,0.0,5.0,0.043,optimal
2021-02-12 05:30:00,95,6,1.1428571428571428,0.0,5.0,0.134,optimal
2021-02-12 06:00:00,95,6,1.1428571428571428,0.0,5.0,0.053,optimal
2021-02-12 06:30:00,95,6,1.1428571428571428,0.0,5.0,0.053,optimal
2021-02-12 07:00:00,95,6,1.1428571428571428,0.0,5.0,0.13133333333333333,optimal
2021-02-12 07:30:00,95,6,1.1428571428571428,7.0078382799416,5.0,0.042,optimal
2021-02-12 08:00:00,95,6,0.8006747915164675,3.3285185185185178,0.0,0.06406666666666666,optimal
2021-02-12 08:30:00,95,6,0.875726813395935,0.0,0.0,0.30546666666666666,optimal
2021-02-12 09:00:00,95,6,0.8566741751361237,0.0,0.0,0.134,optimal
2021-02-12 09:30:00,95,6,0.7730066963668093,0.0,0.0,0.04266666666666666,optimal
2021-02-12 10:00:00,95,6,0.3793907387119679,0.0,0.0,0.3009,optimal
2021-02-12 10:30:00,95,6,0.4202581235244796,0.0,0.0,0.10683333333333331,optimal
2021-02-12 11:00:00,95,6,0.2942527945800939,0.0,0.0,0.043,optimal
2021-02-12 11:30:00,95,6,0.26753740815784105,0.0,0.0,0.134,optimal
2021-02-12 12:00:00,95,6,0.22800382481166623,0.0,0.0,0.053,optimal
2021-02-12 12:30:00,95,6,0.2258598669608462,0.0,0.0,0.053,optimal
2021-02-12 13:00:00,95,6,0.2275884749891997,0.0,0.0,0.053,optimal
2021-02-12 13:30:00,95,6,0.22941924783369647,0.0,0.0,0.0536,optimal
2021-02-12 14:00:00,95,6,0.8544703874027929,0.0,0.0,0.12040000000000001,optimal
2021-02-12 14:30:00,95,6,1.1428571428571428,0.387037037037037,0.0,0.1391,optimal
2021-02-12 15:00:00,95,6,1.1428571428571428,0.0,0.0,0.256,optimal
2021-02-12 15:30:00,95,6,1.1428571428571428,0.23222222222222222,0.0,0.3132333333333333,optimal
2021-02-12 16:00:00,95,6,0.0,0.0,0.0,0.309,optimal
2021-02-12 16:30:00,95,6,0.0,0.3096296296296296,0.0,0.4066666666666667,optimal
2021-02-12 17:00:00,95,6,0.0,0.387037037037037,0.0,0.4802666666666667,optimal
2021-02-12 17:30:00,95,6,0.0,0.3096296296296296,0.0,1.8513333333333333,optimal
2021-02-12 18:00:00,95,6,0.0,0.0,0.0,2.3045999999999998,optimal
2021-02-12 18:30:00,95,6,0.0,1.7803703703703702,0.0,0.436,optimal
2021-02-12 19:00:00,95,6,0.0,0.23222222222222222,0.0,0.4156666666666667,optimal
2021-02-12 19:30:00,95,6,0.0,0.387037037037037,0.0,0.33553333333333335,optimal
2021-02-12 20:00:00,95,6,0.0,0.1548148148148148,0.0,0.42333333333333334,optimal
2021-02-12 20:30:00,95,6,0.0,0.0,0.0,0.4246666666666667,optimal
2021-02-12 21:00:00,95,6,0.0,0.0,0.0,0.292,optimal
2021-02-12 21:30:00,95,6,0.0,0.23222222222222222,0.0,0.292,optimal
2021-02-12 22:00:00,95,6,0.0,0.0,0.0,0.139,optimal
2021-02-12 22:30:00,95,6,0.0,0.0,0.0,0.053,optimal
2021-02-12 23:00:00,95,6,0.0,0.0,0.0,0.139,optimal
2021-02-12 23:30:00,95,6,0.0,0.0,0.0,0.053,optimal
2021-02-13 00:00:00,95,6,0.0,0.0,0.0,0.109,optimal
2021-02-13 00:30:00,95,6,0.0,0.0,0.0,0.122,optimal
2021-02-13 01:00:00,95,6,1.0168757348616797,0.0,0.0,0.057,optimal
2021-02-13 01:30:00,95,6,1.1428571428571428,0.0,0.0,0.174,optimal
2021-02-13 02:00:00,95,6,1.1428571428571428,0.0,0.0,0.044,optimal
2021-02-13 02:30:00,95,6,1.1428571428571428,0.0,0.0,0.148,optimal
2021-02-13 03:00:00,95,6,1.1428571428571428,0.0,0.0,0.083,optimal
2021-02-13 03:30:00,95,6,1.1428571428571428,0.0,0.0,0.044,optimal
2021-02-13 04:00:00,95,6,1.1428571428571428,0.0,0.0,0.044,optimal
2021-02-13 04:30:00,95,6,1.1428571428571428,0.0,0.0,0.044,optimal
2021-02-13 05:00:00,95,6,1.1428571428571428,0.0,0.0,0.187,optimal
2021-02-13 05:30:00,95,6,1.1428571428571428,0.0,0.0,0.044,optimal
2021-02-13 06:00:00,95,6,1.1428571428571428,0.0,2.2523744638322802,0.07,optimal
2021-02-13 06:30:00,95,6,1.1428571428571428,0.0,5.0,0.16033333333333336,optimal
2021-02-13 07:00:00,95,6,1.1428571428571428,0.46444444444444444,5.0,0.042,optimal
2021-02-13 07:30:00,95,6,1.1428571428571428,0.1548148148148148,0.0,0.1005,optimal
2021-02-13 08:00:00,95,6,0.7364197561184337,0.0,0.0,0.1265,optimal
2021-02-13 08:30:00,95,6,0.7407615125533304,3.0188888888888883,0.0,0.15413333333333332,optimal
2021-02-13 09:00:00,95,6,0.697563037869565,0.0,0.0,0.25803333333333334,optimal
2021-02-13 09:30:00,95,6,0.7749480105202323,0.0,0.0,0.054,optimal
2021-02-13 10:00:00,95,6,0.5768044765383978,0.0,0.0,0.0865,optimal
2021-02-13 10:30:00,95,6,0.5523748044018766,0.0,0.0,0.1645,optimal
2021-02-13 11:00:00,95,6,0.3726837176470493,0.0,0.0,0.054,optimal
2021-02-13 11:30:00,95,6,0.3705397597962292,0.0,0.0,0.054,optimal
2021-02-13 12:00:00,95,6,0.2831993526035806,0.0,0.0,0.054,optimal
2021-02-13 12:30:00,95,6,0.17083524642575246,0.0,0.0,0.33426666666666666,optimal
2021-02-13 13:00:00,95,6,1.0810478882289536,0.0,0.0,0.278,optimal
2021-02-13 13:30:00,95,6,1.1428571428571428,0.0,0.0,0.2208333333333333,optimal
2021-02-13 14:00:00,95,6,1.1428571428571428,0.23222222222222222,0.0,0.7053333333333334,optimal
2021-02-13 14:30:00,95,6,1.1428571428571428,0.3096296296296296,0.0,1.8643666666666663,optimal
2021-02-13 15:00:00,95,6,1.1428571428571428,0.0774074074074074,0.0,0.31543333333333334,optimal
2021-02-13 15:30:00,95,6,1.1428571428571428,0.0,0.0,0.476,optimal
2021-02-13 16:00:00,95,6,0.0,0.3096296296296296,0.0,0.4089,optimal
2021-02-13 16:30:00,95,6,0.0,0.23222222222222222,0.0,0.234,optimal
2021-02-13 17:00:00,95,6,0.0,0.23222222222222222,0.0,0.3232333333333333,optimal
2021-02-13 17:30:00,95,6,0.0,0.0774074074074074,0.0,0.20446666666666666,optimal
2021-02-13 18:00:00,95,6,0.0,0.0,0.0,0.5591333333333334,optimal
2021-02-13 18:30:00,95,6,0.0,0.0,0.0,0.37496666666666656,optimal
2021-02-13 19:00:00,95,6,0.0,0.0,0.0,0.324,optimal
2021-02-13 19:30:00,95,6,0.0,0.0774074074074074,0.0,0.5098,optimal
2021-02-13 20:00:00,95,6,0.0,0.1548148148148148,0.0,0.5817333333333333,optimal
2021-02-13 20:30:00,95,6,0.0,0.0,0.0,0.3409333333333333,optimal
2021-02-13 21:00:00,95,6,0.0,0.0,0.0,0.3411666666666667,optimal
2021-02-13 21:30:00,95,6,0.0,6.347407407407407,0.0,0.4333666666666667,optimal
2021-02-13 22:00:00,95,6,0.0,0.46444444444444444,0.0,0.4135,optimal
2021-02-13 22:30:00,95,6,0.0,0.0,0.0,0.43226666666666663,optimal
2021-02-13 23:00:00,95,6,0.0,0.0,0.0,0.1879333333333333,optimal
2021-02-13 23:30:00,95,6,0.0,0.0,0.0,0.054,optimal
2021-02-07 00:00:00,96,6,0.0,0.0,0.0,0.064,optimal
2021-02-07 00:30:00,96,6,0.0,0.0,0.0,0.164,optimal
2021-02-07 01:00:00,96,6,0.0,0.0,0.0,0.2690666666666667,optimal
2021-02-07 01:30:00,96,6,0.0,0.0,0.0,0.07313333333333334,optimal
2021-02-07 02:00:00,96,6,0.0,0.0,0.0,0.28686666666666666,optimal
2021-02-07 02:30:00,96,6,0.0,0.0,0.0,0.15533333333333335,optimal
2021-02-07 03:00:00,96,6,0.0,0.0,0.0,0.064,optimal
2021-02-07 03:30:00,96,6,0.0,0.0,0.0,0.20266666666666663,optimal
2021-02-07 04:00:00,96,6,1.1428571428571428,0.0,0.0,0.10286666666666666,optimal
2021-02-07 04:30:00,96,6,1.1428571428571428,0.0,0.0,0.21066666666666664,optimal
2021-02-07 05:00:00,96,6,1.1428571428571428,0.0,0.0,0.11056666666666666,optimal
2021-02-07 05:30:00,96,6,1.1428571428571428,0.0,0.0,0.24796666666666667,optimal
2021-02-07 06:00:00,96,6,1.1428571428571428,0.0,0.0,0.203,optimal
2021-02-07 06:30:00,96,6,1.1428571428571428,0.0,0.0,0.19786666666666666,optimal
2021-02-07 07:00:00,96,6,1.1428571428571428,2.0899999999999994,1.8089900112525021,1.1293,optimal
2021-02-07 07:30:00,96,6,0.0,0.387037037037037,0.0,0.12316666666666669,optimal
2021-02-07 08:00:00,96,6,0.0,0.0,0.0,1.5351333333333335,optimal
2021-02-07 08:30:00,96,6,0.04059881902085805,0.5418518518518518,0.0,0.18696666666666667,optimal
2021-02-07 09:00:00,96,6,0.48599296700869665,0.387037037037037,0.0,1.1615,optimal
2021-02-07 09:30:00,96,6,0.6056194853483481,0.0,0.0,0.23566666666666664,optimal
2021-02-07 10:00:00,96,6,0.6189729662694063,0.0,0.0,0.1502,optimal
2021-02-07 10:30:00,96,6,0.5918799295900906,0.0,0.0,0.26003333333333334,optimal
2021-02-07 11:00:00,96,6,0.5139507487061095,0.0,0.0,0.20216666666666663,optimal
2021-02-07 11:30:00,96,6,0.5505697963251582,0.0,0.0,0.074,optimal
2021-02-07 12:00:00,96,6,0.46394275058245965,0.0,0.0,0.091,optimal
2021-02-07 12:30:00,96,6,0.1958018588012934,0.0,0.0,1.795,optimal
2021-02-07 13:00:00,96,6,1.1428571428571428,0.0,0.0,0.1502,optimal
2021-02-07 13:30:00,96,6,1.1428571428571428,0.0,0.0,0.26176666666666665,optimal
2021-02-07 14:00:00,96,6,1.1428571428571428,0.0,0.0,0.12423333333333332,optimal
2021-02-07 14:30:00,96,6,1.1428571428571428,0.0,0.0,0.14066666666666666,optimal
2021-02-07 15:00:00,96,6,1.1428571428571428,0.0,0.0,0.2302,optimal
2021-02-07 15:30:00,96,6,1.1428571428571428,0.0,0.0,0.16533333333333333,optimal
2021-02-07 16:00:00,96,6,0.0,0.0,0.0,0.1502,optimal
2021-02-07 16:30:00,96,6,0.0,0.0,0.0,0.16733333333333333,optimal
2021-02-07 17:00:00,96,6,0.0,0.0,0.0,0.261,optimal
2021-02-07 17:30:00,96,6,0.0,0.0,0.0,0.10786666666666667,optimal
2021-02-07 18:00:00,96,6,0.0,0.3096296296296296,0.0,0.1693,optimal
2021-02-07 18:30:00,96,6,0.0,0.0,0.0,0.4103333333333333,optimal
2021-02-07 19:00:00,96,6,0.0,0.0,0.0,2.174233333333333,optimal
2021-02-07 19:30:00,96,6,0.43070762101834253,0.0,0.0,0.5961666666666666,optimal
2021-02-07 20:00:00,96,6,0.37584190673262313,0.0,0.0,1.5531,optimal
2021-02-07 20:30:00,96,6,0.0,0.0,0.0,0.5516666666666666,optimal
2021-02-07 21:00:00,96,6,0.0,2.7092592592592597,0.0,1.3149333333333333,optimal
2021-02-07 21:30:00,96,6,0.0,0.3096296296296296,0.0,0.385,optimal
2021-02-07 22:00:00,96,6,0.0,0.1548148148148148,0.0,0.37673333333333336,optimal
2021-02-07 22:30:00,96,6,0.0,0.0,0.0,0.48319999999999996,optimal
2021-02-07 23:00:00,96,6,0.0,0.0,0.0,0.5657666666666666,optimal
2021-02-07 23:30:00,96,6,0.0,0.3096296296296296,0.0,0.8605,optimal
2021-02-08 00:00:00,96,6,0.0,0.1548148148148148,0.0,0.0867,optimal
2021-02-08 00:30:00,96,6,0.0,0.0774074074074074,0.0,0.103,optimal
2021-02-08 01:00:00,96,6,0.0,0.0,0.0,0.06433333333333333,optimal
2021-02-08 01:30:00,96,6,0.0,0.0,0.0,0.062,optimal
2021-02-08 02:00:00,96,6,1.0543413122734018,0.0,0.0,0.062,optimal
2021-02-08 02:30:00,96,6,1.1428571428571428,0.0,0.0,0.07,optimal
2021-02-08 03:00:00,96,6,1.1428571428571428,0.0,0.0,0.072,optimal
2021-02-08 03:30:00,96,6,1.1428571428571428,0.0,0.0,0.06966666666666667,optimal
2021-02-08 04:00:00,96,6,1.1428571428571428,0.0,0.0,0.062,optimal
2021-02-08 04:30:00,96,6,1.1428571428571428,0.0,0.0,0.062,optimal
2021-02-08 05:00:00,96,6,1.1428571428571428,0.0,4.327823122931944,0.062,optimal
2021-02-08 05:30:00,96,6,1.1428571428571428,0.0,5.0,0.062,optimal
2021-02-08 06:00:00,96,6,1.1428571428571428,0.0,5.0,0.062,optimal
2021-02-08 06:30:00,96,6,1.1428571428571428,0.0,5.0,0.062,optimal
2021-02-08 07:00:00,96,6,1.1428571428571428,0.0,5.0,0.0886,optimal
2021-02-08 07:30:00,96,6,1.1428571428571428,2.39962962962963,0.0,0.2673333333333333,optimal
2021-02-08 08:00:00,96,6,0.6569054365363373,2.8284666666666656,0.0,0.0854,optimal
2021-02-08 08:30:00,96,6,0.6862028760474947,0.11301481481481482,0.0,0.103,optimal
2021-02-08 09:00:00,96,6,0.6408861685792869,0.5418518518518518,0.0,0.1019,optimal
2021-02-08 09:30:00,96,6,0.6245209616934956,0.5418518518518518,0.0,0.22466666666666663,optimal
2021-02-08 10:00:00,96,6,0.2074274978184156,0.0,0.0,1.5386666666666668,optimal
2021-02-08 10:30:00,96,6,0.213859371370864,0.0,0.0,1.5386666666666668,optimal
2021-02-08 11:00:00,96,6,0.3091502648750301,0.0,0.0,0.194,optimal
2021-02-08 11:30:00,96,6,0.2922947301257776,0.23222222222222222,0.0,0.2796666666666667,optimal
2021-02-08 12:00:00,96,6,0.2664793710808671,0.1548148148148148,0.0,0.1168,optimal
2021-02-08 12:30:00,96,6,0.21076068253473948,0.0,0.0,0.2818,optimal
2021-02-08 13:00:00,96,6,1.0857585182629583,0.0,0.0,0.07,optimal
2021-02-08 13:30:00,96,6,1.1428571428571428,0.0,0.0,0.07,optimal
2021-02-08 14:00:00,96,6,1.1428571428571428,0.0,0.0,0.0788,optimal
2021-02-08 14:30:00,96,6,1.1428571428571428,0.0,0.0,0.24180000000000001,optimal
2021-02-08 15:00:00,96,6,1.1428571428571428,0.23222222222222222,0.0,0.3462,optimal
2021-02-08 15:30:00,96,6,1.1428571428571428,0.3096296296296296,0.0,0.5609,optimal
2021-02-08 16:00:00,96,6,0.0,0.23222222222222222,0.0,0.341,optimal
2021-02-08 16:30:00,96,6,0.0,0.387037037037037,0.0,0.30260000000000004,optimal
2021-02-08 17:00:00,96,6,0.0,0.0,0.0,1.1362999999999999,optimal
2021-02-08 17:30:00,96,6,0.0,0.23222222222222222,0.0,0.4098,optimal
2021-02-08 18:00:00,96,6,0.0,2.1674074074074072,0.0,0.282,optimal
2021-02-08 18:30:00,96,6,0.0,0.0,0.0,0.2919,optimal
2021-02-08 19:00:00,96,6,0.0,0.23222222222222222,0.0,0.5792,optimal
2021-02-08 19:30:00,96,6,0.0,0.46444444444444444,0.0,0.36819999999999997,optimal
2021-02-08 20:00:00,96,6,0.0,0.1548148148148148,0.0,0.374,optimal
2021-02-08 20:30:00,96,6,0.0,0.0,0.0,0.5492999999999999,optimal
2021-02-08 21:00:00,96,6,0.0,0.0,0.0,0.3337,optimal
2021-02-08 21:30:00,96,6,0.0,0.1548148148148148,0.0,0.6686,optimal
2021-02-08 22:00:00,96,6,0.0,4.378162962962963,0.0,0.37039999999999995,optimal
2021-02-08 22:30:00,96,6,0.0,1.7370222222222222,0.0,0.5837,optimal
2021-02-08 23:00:00,96,6,0.0,0.23222222222222222,0.0,0.37246666666666656,optimal
2021-02-08 23:30:00,96,6,0.0,0.1548148148148148,0.0,0.23196666666666668,optimal
2021-02-09 00:00:00,96,6,0.0,0.3096296296296296,0.0,0.10696666666666668,optimal
2021-02-09 00:30:00,96,6,0.0,0.0,0.0,0.2298,optimal
2021-02-09 01:00:00,96,6,0.0,0.0,0.0,0.15766666666666665,optimal
2021-02-09 01:30:00,96,6,1.0273934005698149,0.0,0.0,0.11366666666666668,optimal
2021-02-09 02:00:00,96,6,1.1428571428571428,0.0,0.0,0.055,optimal
2021-02-09 02:30:00,96,6,1.1428571428571428,0.0,0.0,0.121,optimal
2021-02-09 03:00:00,96,6,1.1428571428571428,0.0,0.0,0.15033333333333335,optimal
2021-02-09 03:30:00,96,6,1.1428571428571428,0.0,0.0,0.055,optimal
2021-02-09 04:00:00,96,6,1.1428571428571428,0.0,0.0,0.077,optimal
2021-02-09 04:30:00,96,6,1.1428571428571428,0.0,0.0,0.19433333333333327,optimal
2021-02-09 05:00:00,96,6,1.1428571428571428,0.0,1.0907065524564157,0.055,optimal
2021-02-09 05:30:00,96,6,1.1428571428571428,0.0,5.0,0.055,optimal
2021-02-09 06:00:00,96,6,1.1428571428571428,0.0,5.0,0.19433333333333327,optimal
2021-02-09 06:30:00,96,6,1.1428571428571428,0.0,5.0,0.084,optimal
2021-02-09 07:00:00,96,6,1.1428571428571428,0.1548148148148148,5.0,1.7730666666666666,optimal
2021-02-09 07:30:00,96,6,1.1428571428571428,0.23222222222222222,0.0,1.5560999999999998,optimal
2021-02-09 08:00:00,96,6,0.603523344517716,0.0,0.0,2.5885333333333334,optimal
2021-02-09 08:30:00,96,6,0.6428152804890795,0.8514814814814814,0.0,2.568966666666667,optimal
2021-02-09 09:00:00,96,6,0.5963328845542716,0.0774074074074074,0.0,0.18866666666666662,optimal
2021-02-09 09:30:00,96,6,0.5416158041160272,0.0,0.0,0.2901333333333333,optimal
2021-02-09 10:00:00,96,6,0.32849335157832765,0.0774074074074074,0.0,1.5437,optimal
2021-02-09 10:30:00,96,6,0.3814840385147235,0.0,0.0,1.0158,optimal
2021-02-09 11:00:00,96,6,0.15158228908440555,0.0,0.0,1.5637999999999999,optimal
2021-02-09 11:30:00,96,6,0.21041737885264206,0.0,0.0,0.40453333333333336,optimal
2021-02-09 12:00:00,96,6,0.08458615336289586,0.0774074074074074,0.0,1.5786,optimal
2021-02-09 12:30:00,96,6,0.1095910635946733,0.0774074074074074,0.0,0.21546666666666667,optimal
2021-02-09 13:00:00,96,6,0.09786896505316776,0.387037037037037,0.0,0.13293333333333335,optimal
2021-02-09 13:30:00,96,6,0.8471787067572674,0.23222222222222222,0.0,0.5171666666666667,optimal
2021-02-09 14:00:00,96,6,1.1428571428571428,0.3096296296296296,0.0,0.2304,optimal
2021-02-09 14:30:00,96,6,1.1428571428571428,0.0,0.0,0.3775333333333334,optimal
2021-02-09 15:00:00,96,6,1.1428571428571428,0.23222222222222222,0.0,2.877133333333333,optimal
2021-02-09 15:30:00,96,6,1.1428571428571428,0.23222222222222222,0.0,0.173,optimal
2021-02-09 16:00:00,96,6,0.0,0.6192592592592592,0.0,0.12713333333333335,optimal
2021-02-09 16:30:00,96,6,0.0,0.3096296296296296,0.0,0.34933333333333333,optimal
2021-02-09 17:00:00,96,6,0.0,0.0,0.0,0.34883333333333333,optimal
2021-02-09 17:30:00,96,6,0.0,0.1548148148148148,0.0,0.0793,optimal
2021-02-09 18:00:00,96,6,0.0,0.0,0.0,0.4141666666666667,optimal
2021-02-09 18:30:00,96,6,0.0,0.23222222222222222,0.0,0.3128666666666667,optimal
2021-02-09 19:00:00,96,6,0.0,0.5418518518518518,0.0,0.10856666666666666,optimal
2021-02-09 19:30:00,96,6,0.0,0.0774074074074074,0.0,0.686,optimal
2021-02-09 20:00:00,96,6,0.0,0.0,0.0,1.298733333333333,optimal
2021-02-09 20:30:00,96,6,0.0,1.8577777777777778,0.0,1.2349,optimal
2021-02-09 21:00:00,96,6,0.0,0.1548148148148148,0.0,2.0500666666666665,optimal
2021-02-09 21:30:00,96,6,0.0,1.548148148148148,0.0,0.378,optimal
2021-02-09 22:00:00,96,6,0.0,0.23222222222222222,0.0,0.3067333333333333,optimal
2021-02-09 22:30:00,96,6,0.0,0.0,0.0,0.33003333333333335,optimal
2021-02-09 23:00:00,96,6,0.0,0.0,0.0,0.18966666666666662,optimal
2021-02-09 23:30:00,96,6,0.0,0.0,0.0,0.099,optimal
2021-02-10 00:00:00,96,6,0.0,0.1548148148148148,0.0,0.06866666666666667,optimal
2021-02-10 00:30:00,96,6,0.0,0.0,0.0,0.061,optimal
2021-02-10 01:00:00,96,6,0.0,0.0,0.0,0.14733333333333334,optimal
2021-02-10 01:30:00,96,6,0.9234854277408018,0.0,0.0,0.061,optimal
2021-02-10 02:00:00,96,6,1.1428571428571428,0.0,0.0,0.11033333333333331,optimal
2021-02-10 02:30:00,96,6,1.1428571428571428,0.0,0.0,0.1873333333333333,optimal
2021-02-10 03:00:00,96,6,1.1428571428571428,0.0,0.0,0.061,optimal
2021-02-10 03:30:00,96,6,1.1428571428571428,0.0,0.0,0.2143333333333333,optimal
2021-02-10 04:00:00,96,6,1.1428571428571428,0.0,3.584691524964488,0.08333333333333333,optimal
2021-02-10 04:30:00,96,6,1.1428571428571428,0.0,5.0,0.09183333333333331,optimal
2021-02-10 05:00:00,96,6,1.1428571428571428,0.0,5.0,0.20583333333333328,optimal
2021-02-10 05:30:00,96,6,1.1428571428571428,0.387037037037037,5.0,0.13283333333333333,optimal
2021-02-10 06:00:00,96,6,1.1428571428571428,0.0,0.0,0.4296666666666667,optimal
2021-02-10 06:30:00,96,6,1.1428571428571428,2.3222222222222215,0.0,0.24046666666666666,optimal
2021-02-10 07:00:00,96,6,1.1428571428571428,1.5883999999999998,0.0,0.4133,optimal
2021-02-10 07:30:00,96,6,1.1428571428571428,1.5853037037037039,0.0,0.2598666666666667,optimal
2021-02-10 08:00:00,96,6,0.8475406291465782,0.0,0.0,0.12013333333333334,optimal
2021-02-10 08:30:00,96,6,0.835383845362353,0.0,0.0,0.13266666666666665,optimal
2021-02-10 09:00:00,96,6,0.6995512225106422,0.0,0.0,0.185,optimal
2021-02-10 09:30:00,96,6,0.7235468196787969,0.0,0.0,0.071,optimal
2021-02-10 10:00:00,96,6,0.4980842014781323,0.0,0.0,0.19306666666666664,optimal
2021-02-10 10:30:00,96,6,0.45464280411615193,0.0,0.0,0.22393333333333332,optimal
2021-02-10 11:00:00,96,6,0.28454301568100226,0.0,0.0,0.30793333333333334,optimal
2021-02-10 11:30:00,96,6,0.26009319521745433,0.23222222222222222,0.0,0.3785,optimal
2021-02-10 12:00:00,96,6,0.09060513163811126,0.387037037037037,0.0,0.3874333333333333,optimal
2021-02-10 12:30:00,96,6,0.06128132211429509,0.0,0.0,0.48606666666666665,optimal
2021-02-10 13:00:00,96,6,0.8776136623723266,7.431111111111111,0.0,0.5503333333333333,optimal
2021-02-10 13:30:00,96,6,1.1428571428571428,0.3096296296296296,0.0,1.6198,optimal
2021-02-10 14:00:00,96,6,1.1428571428571428,0.0,0.0,0.4934666666666666,optimal
2021-02-10 14:30:00,96,6,1.1428571428571428,0.0774074074074074,0.0,0.21780000000000002,optimal
2021-02-10 15:00:00,96,6,1.1428571428571428,0.0,0.0,0.9498,optimal
2021-02-10 15:30:00,96,6,1.1428571428571428,0.0774074074074074,0.0,1.3351,optimal
2021-02-10 16:00:00,96,6,0.0,0.0,0.0,0.5824333333333332,optimal
2021-02-10 16:30:00,96,6,0.0,0.6192592592592592,0.0,0.2592,optimal
2021-02-10 17:00:00,96,6,0.0,0.1548148148148148,0.0,0.41086666666666666,optimal
2021-02-10 17:30:00,96,6,0.0,0.0,0.0,0.4061666666666667,optimal
2021-02-10 18:00:00,96,6,0.0,0.1548148148148148,0.0,0.33216666666666667,optimal
2021-02-10 18:30:00,96,6,0.0,0.3096296296296296,0.0,0.35453333333333337,optimal
2021-02-10 19:00:00,96,6,0.0,0.0,0.0,0.3456666666666667,optimal
2021-02-10 19:30:00,96,6,0.0,0.5418518518518518,0.0,0.38206666666666667,optimal
2021-02-10 20:00:00,96,6,0.0,0.0,0.0,0.4178,optimal
2021-02-10 20:30:00,96,6,0.0,0.0,0.0,0.7531,optimal
2021-02-10 21:00:00,96,6,0.0,0.23222222222222222,0.0,0.378,optimal
2021-02-10 21:30:00,96,6,0.0,0.8514814814814814,0.0,0.6412,optimal
2021-02-10 22:00:00,96,6,0.0,0.0,0.0,0.437,optimal
2021-02-10 22:30:00,96,6,0.0,0.0,0.0,0.433,optimal
2021-02-10 23:00:00,96,6,0.0,0.0,0.0,0.4625666666666667,optimal
2021-02-10 23:30:00,96,6,0.0,0.0,0.0,0.3975666666666667,optimal
2021-02-11 00:00:00,96,6,0.08581534120720255,0.0774074074074074,0.0,0.11323333333333332,optimal
2021-02-11 00:30:00,96,6,1.1428571428571428,0.0,0.0,0.15743333333333334,optimal
2021-02-11 01:00:00,96,6,1.1428571428571428,0.0,0.0,0.20716666666666664,optimal
2021-02-11 01:30:00,96,6,1.1428571428571428,0.3096296296296296,0.0,0.23876666666666668,optimal
2021-02-11 02:00:00,96,6,1.1428571428571428,0.0,0.0,0.1561,optimal
2021-02-11 02:30:00,96,6,1.1428571428571428,0.0,0.0,0.13706666666666667,optimal
2021-02-11 03:00:00,96,6,1.1428571428571428,0.0,0.0,0.12683333333333333,optimal
2021-02-11 03:30:00,96,6,1.1428571428571428,0.0,0.0,0.12283333333333331,optimal
2021-02-11 04:00:00,96,6,1.1428571428571428,0.0,0.0,0.1618,optimal
2021-02-11 04:30:00,96,6,1.1428571428571428,0.0,1.3989655807255243,0.1186,optimal
2021-02-11 05:00:00,96,6,1.1428571428571428,0.0,5.0,0.1186,optimal
2021-02-11 05:30:00,96,6,1.1428571428571428,0.0,5.0,0.18096666666666666,optimal
2021-02-11 06:00:00,96,6,1.1428571428571428,0.0,5.0,0.11083333333333331,optimal
2021-02-11 06:30:00,96,6,1.1428571428571428,0.1548148148148148,5.0,0.23336666666666667,optimal
2021-02-11 07:00:00,96,6,1.1428571428571428,0.5418518518518518,5.0,0.2445,optimal
2021-02-11 07:30:00,96,6,1.1428571428571428,1.9351851851851851,0.0,0.2519333333333333,optimal
2021-02-11 08:00:00,96,6,0.6422388507158865,0.6966666666666667,0.0,0.4909333333333333,optimal
2021-02-11 08:30:00,96,6,0.7015564385540604,0.5418518518518518,0.0,0.28196666666666664,optimal
2021-02-11 09:00:00,96,6,0.5649144980113088,0.0,0.0,0.3536666666666667,optimal
2021-02-11 09:30:00,96,6,0.5850115079819423,0.0,0.0,0.24953333333333333,optimal
2021-02-11 10:00:00,96,6,0.11399834697891699,0.0774074074074074,0.0,1.4214,optimal
2021-02-11 10:30:00,96,6,0.31003060309349945,0.23222222222222222,0.0,0.5735,optimal
2021-02-11 11:00:00,96,6,0.24932529108301965,0.0,0.0,0.291,optimal
2021-02-11 11:30:00,96,6,0.17775639951123567,0.5418518518518518,0.0,0.3689333333333333,optimal
2021-02-11 12:00:00,96,6,0.0,0.1548148148148148,0.0,1.4181333333333335,optimal
2021-02-11 12:30:00,96,6,0.021908941651049934,0.0,0.0,0.36083333333333334,optimal
2021-02-11 13:00:00,96,6,1.1428571428571428,0.0,0.0,0.22056666666666663,optimal
2021-02-11 13:30:00,96,6,1.1428571428571428,0.0,0.0,0.4230333333333334,optimal
2021-02-11 14:00:00,96,6,1.1428571428571428,0.0,0.0,0.294,optimal
2021-02-11 14:30:00,96,6,1.1428571428571428,0.387037037037037,0.0,0.3440666666666667,optimal
2021-02-11 15:00:00,96,6,1.1428571428571428,0.0,0.0,0.35253333333333337,optimal
2021-02-11 15:30:00,96,6,1.1428571428571428,0.0,0.0,0.209,optimal
2021-02-11 16:00:00,96,6,0.0,1.470740740740741,0.0,1.6552,optimal
2021-02-11 16:30:00,96,6,0.0,0.46444444444444444,0.0,0.37196666666666656,optimal
2021-02-11 17:00:00,96,6,0.0,0.387037037037037,0.0,0.4706666666666667,optimal
2021-02-11 17:30:00,96,6,0.0,0.9288888888888889,0.0,0.5834666666666667,optimal
2021-02-11 18:00:00,96,6,0.0,0.0774074074074074,0.0,0.3404,optimal
2021-02-11 18:30:00,96,6,0.0,0.1548148148148148,0.0,0.34503333333333336,optimal
2021-02-11 19:00:00,96,6,0.0,0.0,0.0,0.5187999999999999,optimal
2021-02-11 19:30:00,96,6,0.0,0.23222222222222222,0.0,0.42073333333333335,optimal
2021-02-11 20:00:00,96,6,0.05475413652183168,0.0,0.0,0.44896666666666657,optimal
2021-02-11 20:30:00,96,6,0.0,0.0774074074074074,0.0,0.45180000000000003,optimal
2021-02-11 21:00:00,96,6,0.0,0.3096296296296296,0.0,0.5046333333333334,optimal
2021-02-11 21:30:00,96,6,0.0,0.0,0.0,0.5616,optimal
2021-02-11 22:00:00,96,6,0.0,0.0,0.0,0.32853333333333334,optimal
2021-02-11 22:30:00,96,6,0.0,0.3096296296296296,0.0,0.4264,optimal
2021-02-11 23:00:00,96,6,0.0,0.0,0.0,0.487,optimal
2021-02-11 23:30:00,96,6,0.0,0.0,0.0,0.3446,optimal
2021-02-12 00:00:00,96,6,1.1428571428571428,0.0,0.0,0.06866666666666667,optimal
2021-02-12 00:30:00,96,6,1.1428571428571428,0.0,0.0,0.10740000000000001,optimal
2021-02-12 01:00:00,96,6,1.1428571428571428,0.0,0.0,0.17473333333333332,optimal
2021-02-12 01:30:00,96,6,1.1428571428571428,0.0,0.0,0.067,optimal
2021-02-12 02:00:00,96,6,1.1428571428571428,0.0,0.0,0.18146666666666667,optimal
2021-02-12 02:30:00,96,6,1.1428571428571428,0.0,0.0,0.10066666666666668,optimal
2021-02-12 03:00:00,96,6,1.1428571428571428,0.0,0.0,0.067,optimal
2021-02-12 03:30:00,96,6,1.1428571428571428,0.0,0.0,0.067,optimal
2021-02-12 04:00:00,96,6,1.1428571428571428,0.0,0.0,0.21513333333333332,optimal
2021-02-12 04:30:00,96,6,1.1428571428571428,0.0,0.0,0.067,optimal
2021-02-12 05:00:00,96,6,1.1428571428571428,0.0,0.0,0.067,optimal
2021-02-12 05:30:00,96,6,1.1428571428571428,0.0,3.0418678762403393,0.14780000000000001,optimal
2021-02-12 06:00:00,96,6,1.1428571428571428,0.0,5.0,0.13433333333333333,optimal
2021-02-12 06:30:00,96,6,1.1428571428571428,0.0,5.0,0.10740000000000001,optimal
2021-02-12 07:00:00,96,6,1.1428571428571428,0.3096296296296296,5.0,0.35769999999999996,optimal
2021-02-12 07:30:00,96,6,1.1428571428571428,6.1595974171479275,0.0,0.24930000000000002,optimal
2021-02-12 08:00:00,96,6,0.7917509819926597,0.0774074074074074,0.0,0.35703333333333337,optimal
2021-02-12 08:30:00,96,6,0.9495744324435523,0.1548148148148148,0.0,0.10673333333333332,optimal
2021-02-12 09:00:00,96,6,0.6629960798980272,0.23222222222222222,0.0,1.2558666666666665,optimal
2021-02-12 09:30:00,96,6,0.5686257439858556,5.805555555555555,0.0,0.6675666666666668,optimal
2021-02-12 10:00:00,96,6,0.16890502442624897,0.46444444444444444,0.0,0.8879666666666667,optimal
2021-02-12 10:30:00,96,6,0.24377621876256883,0.5418518518518518,0.0,0.6554,optimal
2021-02-12 11:00:00,96,6,0.1369937469610387,0.23222222222222222,0.0,0.48976666666666663,optimal
2021-02-12 11:30:00,96,6,0.18199455101498666,0.6610592592592593,0.0,0.2918,optimal
2021-02-12 12:00:00,96,6,0.21548953909738133,0.0,0.0,0.09720000000000001,optimal
2021-02-12 12:30:00,96,6,0.18256462886560504,0.0,0.0,0.2049333333333333,optimal
2021-02-12 13:00:00,96,6,1.1428571428571428,0.0,0.0,0.077,optimal
2021-02-12 13:30:00,96,6,1.1428571428571428,0.0,0.0,0.077,optimal
2021-02-12 14:00:00,96,6,1.1428571428571428,0.0,0.0,0.22513333333333332,optimal
2021-02-12 14:30:00,96,6,1.1428571428571428,0.0,0.0,0.077,optimal
2021-02-12 15:00:00,96,6,1.1428571428571428,0.0,0.0,0.077,optimal
2021-02-12 15:30:00,96,6,1.1428571428571428,0.0,0.0,0.19146666666666667,optimal
2021-02-12 16:00:00,96,6,0.0,0.0,0.0,0.11066666666666669,optimal
2021-02-12 16:30:00,96,6,0.0,0.0,0.0,0.077,optimal
2021-02-12 17:00:00,96,6,0.0,0.0,0.0,0.22513333333333332,optimal
2021-02-12 17:30:00,96,6,0.0,0.8096814814814816,0.0,0.17606666666666665,optimal
2021-02-12 18:00:00,96,6,0.0,0.1548148148148148,0.0,0.298,optimal
2021-02-12 18:30:00,96,6,0.0,0.0,0.0,0.3674,optimal
2021-02-12 19:00:00,96,6,0.0,0.0,0.0,0.2253,optimal
2021-02-12 19:30:00,96,6,0.4313074425046041,0.0774074074074074,0.0,1.1329666666666667,optimal
2021-02-12 20:00:00,96,6,0.5088322426447984,0.1548148148148148,0.0,0.9812000000000001,optimal
2021-02-12 20:30:00,96,6,0.0,0.0,0.0,0.2837333333333333,optimal
2021-02-12 21:00:00,96,6,0.0,0.8514814814814814,0.0,0.6243333333333334,optimal
2021-02-12 21:30:00,96,6,0.0,0.0,0.0,0.3058,optimal
2021-02-12 22:00:00,96,6,0.0,0.0,0.0,0.243,optimal
2021-02-12 22:30:00,96,6,0.0,0.0,0.0,0.21166666666666664,optimal
2021-02-12 23:00:00,96,6,0.0,0.0,0.0,0.09046666666666668,optimal
2021-02-12 23:30:00,96,6,0.0,0.0,0.0,0.07466666666666667,optimal
2021-02-13 00:00:00,96,6,0.0,0.0,0.0,0.063,optimal
2021-02-13 00:30:00,96,6,0.0,0.0,0.0,0.063,optimal
2021-02-13 01:00:00,96,6,0.7497331617731924,0.0,0.0,0.063,optimal
2021-02-13 01:30:00,96,6,1.1428571428571428,0.0,0.0,0.063,optimal
2021-02-13 02:00:00,96,6,1.1428571428571428,0.0,0.0,0.063,optimal
2021-02-13 02:30:00,96,6,1.1428571428571428,0.0,0.0,0.063,optimal
2021-02-13 03:00:00,96,6,1.1428571428571428,0.0,0.0,0.063,optimal
2021-02-13 03:30:00,96,6,1.1428571428571428,0.0,0.0,0.063,optimal
2021-02-13 04:00:00,96,6,1.1428571428571428,0.0,2.950043527024521,0.063,optimal
2021-02-13 04:30:00,96,6,1.1428571428571428,0.0,5.0,0.063,optimal
2021-02-13 05:00:00,96,6,1.1428571428571428,0.0,5.0,0.063,optimal
2021-02-13 05:30:00,96,6,1.1428571428571428,0.0,5.0,0.063,optimal
2021-02-13 06:00:00,96,6,1.1428571428571428,0.0,5.0,0.063,optimal
2021-02-13 06:30:00,96,6,1.1428571428571428,0.0,5.0,0.2793333333333333,optimal
2021-02-13 07:00:00,96,6,1.1428571428571428,0.46444444444444444,5.0,1.0192,optimal
2021-02-13 07:30:00,96,6,1.1428571428571428,0.387037037037037,0.0,1.5324,optimal
2021-02-13 08:00:00,96,6,0.6560292799279663,2.1674074074074072,0.0,0.4461333333333333,optimal
2021-02-13 08:30:00,96,6,0.680546274458097,0.0,0.0,0.4083333333333333,optimal
2021-02-13 09:00:00,96,6,0.5696297045362346,1.470740740740741,0.0,0.3868666666666667,optimal
2021-02-13 09:30:00,96,6,0.602490867663101,0.0,0.0,0.3197,optimal
2021-02-13 10:00:00,96,6,0.5806901908241203,0.0,0.0,0.073,optimal
2021-02-13 10:30:00,96,6,0.5785462329733003,0.0,0.0,0.073,optimal
2021-02-13 11:00:00,96,6,0.36728371764705314,0.0,0.0,0.073,optimal
2021-02-13 11:30:00,96,6,0.3651397597962332,0.0,0.0,0.073,optimal
2021-02-13 12:00:00,96,6,0.27779935260357286,0.0,0.0,0.073,optimal
2021-02-13 12:30:00,96,6,0.27351143690194446,0.0,0.0,0.073,optimal
2021-02-13 13:00:00,96,6,0.7184117308497452,0.0,0.0,0.2512,optimal
2021-02-13 13:30:00,96,6,1.1428571428571428,0.23222222222222222,0.0,0.24,optimal
2021-02-13 14:00:00,96,6,1.1428571428571428,0.0,0.0,0.5601,optimal
2021-02-13 14:30:00,96,6,1.1428571428571428,0.1548148148148148,0.0,0.2671,optimal
2021-02-13 15:00:00,96,6,1.1428571428571428,0.0774074074074074,0.0,0.4466333333333333,optimal
2021-02-13 15:30:00,96,6,1.1428571428571428,0.0,0.0,0.224,optimal
2021-02-13 16:00:00,96,6,0.0,0.23222222222222222,0.0,0.3107,optimal
2021-02-13 16:30:00,96,6,0.0,0.6966666666666667,0.0,0.3925,optimal
2021-02-13 17:00:00,96,6,0.0,0.8514814814814814,0.0,0.371,optimal
2021-02-13 17:30:00,96,6,0.0,0.23222222222222222,0.0,0.22096666666666667,optimal
2021-02-13 18:00:00,96,6,0.0,0.23222222222222222,0.0,0.1001,optimal
2021-02-13 18:30:00,96,6,0.0,0.3096296296296296,0.0,0.3002666666666666,optimal
2021-02-13 19:00:00,96,6,0.0,0.6192592592592592,0.0,0.1704,optimal
2021-02-13 19:30:00,96,6,0.0,0.0,0.0,0.25706666666666667,optimal
2021-02-13 20:00:00,96,6,0.0,0.0,0.0,0.33526666666666666,optimal
2021-02-13 20:30:00,96,6,0.0,0.0,0.0,0.24396666666666667,optimal
2021-02-13 21:00:00,96,6,0.0,0.1548148148148148,0.0,0.3676333333333333,optimal
2021-02-13 21:30:00,96,6,0.0,0.1548148148148148,0.0,0.3912333333333333,optimal
2021-02-13 22:00:00,96,6,0.0,0.0,0.0,0.4388666666666667,optimal
2021-02-13 22:30:00,96,6,0.0,0.0,0.0,0.21923333333333328,optimal
2021-02-13 23:00:00,96,6,0.0,0.0,0.0,0.073,optimal
2021-02-13 23:30:00,96,6,0.0,0.0,0.0,0.073,optimal
2021-02-07 00:00:00,97,6,0.0,0.0,0.0,0.058333333333333334,optimal
2021-02-07 00:30:00,97,6,0.0,0.0,0.0,0.066,optimal
2021-02-07 01:00:00,97,6,0.0,0.0,0.0,0.2024,optimal
2021-02-07 01:30:00,97,6,0.0,0.0,0.0,0.066,optimal
2021-02-07 02:00:00,97,6,0.0,0.0,0.0,0.066,optimal
2021-02-07 02:30:00,97,6,0.0,0.0,0.0,0.2024,optimal
2021-02-07 03:00:00,97,6,0.0,0.0,0.0,0.066,optimal
2021-02-07 03:30:00,97,6,0.0,0.0,0.0,0.066,optimal
2021-02-07 04:00:00,97,6,1.1428571428571428,0.0,0.0,0.2024,optimal
2021-02-07 04:30:00,97,6,1.1428571428571428,0.0,0.0,0.066,optimal
2021-02-07 05:00:00,97,6,1.1428571428571428,0.0,0.0,0.066,optimal
2021-02-07 05:30:00,97,6,1.1428571428571428,0.0,0.0,0.13419999999999999,optimal
2021-02-07 06:00:00,97,6,1.1428571428571428,0.0,0.0,0.13419999999999999,optimal
2021-02-07 06:30:00,97,6,1.1428571428571428,0.3096296296296296,0.0,0.07146666666666666,optimal
2021-02-07 07:00:00,97,6,1.1428571428571428,3.251111111111111,1.7076336144509696,0.085,optimal
2021-02-07 07:30:00,97,6,0.0,1.1611111111111108,0.0,0.20553333333333332,optimal
2021-02-07 08:00:00,97,6,0.0,3.173703703703704,0.0,0.8994,optimal
2021-02-07 08:30:00,97,6,0.1431137627865574,0.5418518518518518,0.0,0.1596,optimal
2021-02-07 09:00:00,97,6,0.7206682051039252,0.0,0.0,0.066,optimal
2021-02-07 09:30:00,97,6,0.7025813901102581,0.0,0.0,0.12179999999999999,optimal
2021-02-07 10:00:00,97,6,0.6197729662694019,0.0,0.0,0.1466,optimal
2021-02-07 10:30:00,97,6,0.544146596256752,0.0,0.0,0.21396666666666667,optimal
2021-02-07 11:00:00,97,6,0.3902878915632472,0.0,0.0,0.3318,optimal
2021-02-07 11:30:00,97,6,0.3974078915632505,0.1548148148148148,0.0,0.1446,optimal
2021-02-07 12:00:00,97,6,0.2937998934395973,0.1548148148148148,0.0,1.3158333333333332,optimal
2021-02-07 12:30:00,97,6,0.48485703629673843,0.0,0.0,0.066,optimal
2021-02-07 13:00:00,97,6,1.1428571428571428,0.0,0.0,0.066,optimal
2021-02-07 13:30:00,97,6,1.1428571428571428,0.0,0.0,0.066,optimal
2021-02-07 14:00:00,97,6,1.1428571428571428,0.1548148148148148,0.0,1.6008666666666667,optimal
2021-02-07 14:30:00,97,6,1.1428571428571428,0.0,0.0,0.24836666666666668,optimal
2021-02-07 15:00:00,97,6,1.1428571428571428,0.0,0.0,0.066,optimal
2021-02-07 15:30:00,97,6,1.1428571428571428,0.0,0.0,0.2024,optimal
2021-02-07 16:00:00,97,6,0.0,0.0,0.0,0.066,optimal
2021-02-07 16:30:00,97,6,0.0,0.1548148148148148,0.0,0.275,optimal
2021-02-07 17:00:00,97,6,0.0,0.0,0.0,1.2354666666666667,optimal
2021-02-07 17:30:00,97,6,0.0,0.0,0.0,1.3253333333333333,optimal
2021-02-07 18:00:00,97,6,0.0,0.0,0.0,0.347,optimal
2021-02-07 18:30:00,97,6,0.0,0.0,0.0,0.24919999999999998,optimal
2021-02-07 19:00:00,97,6,0.0,0.1548148148148148,0.0,0.3271,optimal
2021-02-07 19:30:00,97,6,0.0,0.5418518518518518,0.0,0.4093333333333333,optimal
2021-02-07 20:00:00,97,6,0.6892428742245232,0.0,0.0,0.16733333333333333,optimal
2021-02-07 20:30:00,97,6,0.0,0.0,0.0,0.47793333333333327,optimal
2021-02-07 21:00:00,97,6,0.0,0.3096296296296296,0.0,0.3542,optimal
2021-02-07 21:30:00,97,6,0.0,0.0,0.0,0.5435333333333333,optimal
2021-02-07 22:00:00,97,6,0.0,0.3096296296296296,0.0,1.3151,optimal
2021-02-07 22:30:00,97,6,0.0,0.0,0.0,0.11053333333333332,optimal
2021-02-07 23:00:00,97,6,0.0,4.721851851851852,0.0,0.3836,optimal
2021-02-07 23:30:00,97,6,0.0,0.9288888888888889,0.0,0.21866666666666662,optimal
2021-02-08 00:00:00,97,6,0.0,0.0,0.0,0.051,optimal
2021-02-08 00:30:00,97,6,0.0,0.0,0.0,0.051,optimal
2021-02-08 01:00:00,97,6,0.0,0.0,0.0,0.051,optimal
2021-02-08 01:30:00,97,6,0.41865473289074706,0.0,0.0,0.18446666666666667,optimal
2021-02-08 02:00:00,97,6,1.1428571428571428,0.0,0.0,0.051,optimal
2021-02-08 02:30:00,97,6,1.1428571428571428,0.0,0.0,0.13593333333333335,optimal
2021-02-08 03:00:00,97,6,1.1428571428571428,0.0,0.0,0.09953333333333332,optimal
2021-02-08 03:30:00,97,6,1.1428571428571428,0.0,0.0,0.051,optimal
2021-02-08 04:00:00,97,6,1.1428571428571428,0.0,0.18644651161092965,0.06313333333333333,optimal
2021-02-08 04:30:00,97,6,1.1428571428571428,0.0,5.0,0.17233333333333334,optimal
2021-02-08 05:00:00,97,6,1.1428571428571428,0.0,5.0,0.051,optimal
2021-02-08 05:30:00,97,6,1.1428571428571428,0.0,5.0,0.051,optimal
2021-02-08 06:00:00,97,6,1.1428571428571428,0.0,5.0,0.9580666666666668,optimal
2021-02-08 06:30:00,97,6,1.1428571428571428,2.0899999999999994,5.0,1.4908666666666666,optimal
2021-02-08 07:00:00,97,6,1.1428571428571428,0.6192592592592592,0.0,0.081,optimal
2021-02-08 07:30:00,97,6,1.1428571428571428,0.1548148148148148,0.0,0.1938,optimal
2021-02-08 08:00:00,97,6,0.810057817488713,0.0,0.0,0.061,optimal
2021-02-08 08:30:00,97,6,0.7900790665236858,0.0,0.0,0.14593333333333333,optimal
2021-02-08 09:00:00,97,6,0.7079528352459536,0.0,0.0,0.10953333333333332,optimal
2021-02-08 09:30:00,97,6,0.7153876283601606,0.0,0.0,0.061,optimal
2021-02-08 10:00:00,97,6,0.5142751168660332,0.0774074074074074,0.0,0.06,optimal
2021-02-08 10:30:00,97,6,0.4802879427994396,0.0,0.0,0.20146666666666666,optimal
2021-02-08 11:00:00,97,6,0.3193616934464633,0.23222222222222222,0.0,0.9396,optimal
2021-02-08 11:30:00,97,6,0.17596330155434364,0.0774074074074074,0.0,1.9774666666666667,optimal
2021-02-08 12:00:00,97,6,0.10869175203325532,0.46444444444444444,0.0,1.7433666666666665,optimal
2021-02-08 12:30:00,97,6,0.17359782539188767,0.0774074074074074,0.0,1.2557,optimal
2021-02-08 13:00:00,97,6,0.2061286329082937,1.7029629629629628,0.0,0.10346666666666668,optimal
2021-02-08 13:30:00,97,6,1.1428022533803466,0.387037037037037,0.0,1.7322666666666668,optimal
2021-02-08 14:00:00,97,6,1.1428571428571428,0.0774074074074074,0.0,0.2084333333333333,optimal
2021-02-08 14:30:00,97,6,1.1428571428571428,0.0,0.0,2.2791333333333332,optimal
2021-02-08 15:00:00,97,6,1.1428571428571428,0.0774074074074074,0.0,2.445766666666667,optimal
2021-02-08 15:30:00,97,6,1.1428571428571428,0.23222222222222222,0.0,0.953,optimal
2021-02-08 16:00:00,97,6,0.0,0.0,0.0,0.6423333333333334,optimal
2021-02-08 16:30:00,97,6,0.0,0.0774074074074074,0.0,0.20013333333333333,optimal
2021-02-08 17:00:00,97,6,0.0,0.23222222222222222,0.0,0.09233333333333331,optimal
2021-02-08 17:30:00,97,6,0.0,0.8514814814814814,0.0,0.8477666666666667,optimal
2021-02-08 18:00:00,97,6,0.0,0.774074074074074,0.0,1.6995,optimal
2021-02-08 18:30:00,97,6,0.0,0.3096296296296296,0.0,0.11823333333333332,optimal
2021-02-08 19:00:00,97,6,0.0,0.0,0.0,0.23526666666666668,optimal
2021-02-08 19:30:00,97,6,0.0,0.6192592592592592,0.0,2.35,optimal
2021-02-08 20:00:00,97,6,0.0,0.0,0.0,2.584966666666667,optimal
2021-02-08 20:30:00,97,6,0.0,0.46444444444444444,0.0,0.1721,optimal
2021-02-08 21:00:00,97,6,0.0,0.0,0.0,2.351866666666667,optimal
2021-02-08 21:30:00,97,6,0.0,0.0,0.0,0.33626666666666666,optimal
2021-02-08 22:00:00,97,6,0.0,0.0,0.0,0.20433333333333328,optimal
2021-02-08 22:30:00,97,6,0.0,0.0774074074074074,0.0,1.0373333333333332,optimal
2021-02-08 23:00:00,97,6,0.0,0.0,0.0,0.19446666666666668,optimal
2021-02-08 23:30:00,97,6,0.0,0.0,0.0,0.06,optimal
2021-02-09 00:00:00,97,6,0.0,0.0,0.0,0.146,optimal
2021-02-09 00:30:00,97,6,0.0,0.0,0.0,0.30006666666666665,optimal
2021-02-09 01:00:00,97,6,0.0,0.0,0.0,0.19806666666666664,optimal
2021-02-09 01:30:00,97,6,0.9639406098166491,0.0,0.0,0.052,optimal
2021-02-09 02:00:00,97,6,1.1428571428571428,0.0,0.0,0.1972,optimal
2021-02-09 02:30:00,97,6,1.1428571428571428,0.0,0.0,0.052,optimal
2021-02-09 03:00:00,97,6,1.1428571428571428,0.0,0.0,0.118,optimal
2021-02-09 03:30:00,97,6,1.1428571428571428,0.0,0.0,0.13119999999999998,optimal
2021-02-09 04:00:00,97,6,1.1428571428571428,0.0,0.0,0.052,optimal
2021-02-09 04:30:00,97,6,1.1428571428571428,0.0,0.0,0.052,optimal
2021-02-09 05:00:00,97,6,1.1428571428571428,0.0,3.5543925346158143,0.052,optimal
2021-02-09 05:30:00,97,6,1.1428571428571428,0.0,5.0,0.1972,optimal
2021-02-09 06:00:00,97,6,1.1428571428571428,0.0774074074074074,5.0,0.05413333333333333,optimal
2021-02-09 06:30:00,97,6,1.1428571428571428,0.46444444444444444,5.0,2.1915999999999998,optimal
2021-02-09 07:00:00,97,6,1.1428571428571428,0.46444444444444444,5.0,0.808,optimal
2021-02-09 07:30:00,97,6,1.1428571428571428,2.7866666666666666,0.0,1.4804666666666666,optimal
2021-02-09 08:00:00,97,6,0.7451442968986666,0.0774074074074074,0.0,0.18519999999999998,optimal
2021-02-09 08:30:00,97,6,0.8419600423938373,0.0,0.0,0.05633333333333333,optimal
2021-02-09 09:00:00,97,6,0.6933557416971324,0.0,0.0,0.20153333333333334,optimal
2021-02-09 09:30:00,97,6,0.6970291374493678,0.0,0.0,0.1794,optimal
2021-02-09 10:00:00,97,6,0.5367847801497587,0.0,0.0,0.052,optimal
2021-02-09 10:30:00,97,6,0.48457927660995975,0.0,0.0,0.1972,optimal
2021-02-09 11:00:00,97,6,0.35463371765583507,0.0,0.0,0.052,optimal
2021-02-09 11:30:00,97,6,0.3223183312335903,0.0,0.0,0.1576,optimal
2021-02-09 12:00:00,97,6,0.22672710574385455,0.0,0.0,0.0916,optimal
2021-02-09 12:30:00,97,6,0.24018534930894864,0.0,0.0,0.052,optimal
2021-02-09 13:00:00,97,6,1.1428571428571428,0.0,0.0,0.052333333333333336,optimal
2021-02-09 13:30:00,97,6,1.1428571428571428,0.0,0.0,0.059333333333333335,optimal
2021-02-09 14:00:00,97,6,1.1428571428571428,0.0,0.0,0.1972,optimal
2021-02-09 14:30:00,97,6,1.1428571428571428,0.0,0.0,0.052,optimal
2021-02-09 15:00:00,97,6,1.1428571428571428,0.0,0.0,0.052,optimal
2021-02-09 15:30:00,97,6,1.1428571428571428,0.0,0.0,0.12459999999999999,optimal
2021-02-09 16:00:00,97,6,0.0,0.0,0.0,0.12459999999999999,optimal
2021-02-09 16:30:00,97,6,0.0,0.0,0.0,0.052,optimal
2021-02-09 17:00:00,97,6,0.0,0.0,0.0,0.1444,optimal
2021-02-09 17:30:00,97,6,0.0,0.0,0.0,0.10479999999999999,optimal
2021-02-09 18:00:00,97,6,0.0,0.0,0.0,2.008133333333333,optimal
2021-02-09 18:30:00,97,6,0.0,0.0,0.0,0.24936666666666668,optimal
2021-02-09 19:00:00,97,6,0.0,0.3096296296296296,0.0,1.2642,optimal
2021-02-09 19:30:00,97,6,0.28956525356427903,0.1548148148148148,0.0,2.389,optimal
2021-02-09 20:00:00,97,6,0.5881769575711568,0.0,0.0,1.0607,optimal
2021-02-09 20:30:00,97,6,0.0,0.0,0.0,0.062,optimal
2021-02-09 21:00:00,97,6,0.0,0.0,0.0,0.1082,optimal
2021-02-09 21:30:00,97,6,0.0,0.0,0.0,0.161,optimal
2021-02-09 22:00:00,97,6,0.0,0.0,0.0,0.062,optimal
2021-02-09 22:30:00,97,6,0.0,0.0,0.0,0.062,optimal
2021-02-09 23:00:00,97,6,0.0,0.0,0.0,0.2072,optimal
2021-02-09 23:30:00,97,6,0.0,0.0,0.0,0.2008,optimal
2021-02-10 00:00:00,97,6,0.0,0.0774074074074074,0.0,0.29046666666666665,optimal
2021-02-10 00:30:00,97,6,0.11137149440290318,0.0,0.0,0.2831666666666667,optimal
2021-02-10 01:00:00,97,6,1.1428571428571428,0.0,0.0,0.15533333333333335,optimal
2021-02-10 01:30:00,97,6,1.1428571428571428,0.0,0.0,0.11,optimal
2021-02-10 02:00:00,97,6,1.1428571428571428,0.0,0.0,0.19533333333333328,optimal
2021-02-10 02:30:00,97,6,1.1428571428571428,0.0,0.0,0.056,optimal
2021-02-10 03:00:00,97,6,1.1428571428571428,0.0,0.0,0.0985,optimal
2021-02-10 03:30:00,97,6,1.1428571428571428,0.0,0.0,0.2428333333333333,optimal
2021-02-10 04:00:00,97,6,1.1428571428571428,0.0,0.0,0.062,optimal
2021-02-10 04:30:00,97,6,1.1428571428571428,0.0,0.0,0.1155,optimal
2021-02-10 05:00:00,97,6,1.1428571428571428,0.0,0.0,0.2458333333333333,optimal
2021-02-10 05:30:00,97,6,1.1428571428571428,0.0,0.09129970912228277,0.15380000000000002,optimal
2021-02-10 06:00:00,97,6,1.1428571428571428,0.3096296296296296,5.0,1.1222333333333332,optimal
2021-02-10 06:30:00,97,6,1.1428571428571428,0.774074074074074,5.0,0.41723333333333334,optimal
2021-02-10 07:00:00,97,6,1.1428571428571428,0.46444444444444444,5.0,0.154,optimal
2021-02-10 07:30:00,97,6,1.1428571428571428,0.0,0.0,0.15266666666666664,optimal
2021-02-10 08:00:00,97,6,0.7266358672418192,2.3222222222222215,0.0,0.12726666666666667,optimal
2021-02-10 08:30:00,97,6,0.6070276548861605,0.46444444444444444,0.0,0.48419999999999996,optimal
2021-02-10 09:00:00,97,6,0.5959036034630196,0.3096296296296296,0.0,0.18806666666666663,optimal
2021-02-10 09:30:00,97,6,0.6054420577740397,0.0,0.0,0.11066666666666669,optimal
2021-02-10 10:00:00,97,6,0.39444610624002996,0.0,0.0,0.32193333333333335,optimal
2021-02-10 10:30:00,97,6,0.36702375649710556,0.23222222222222222,0.0,0.4582333333333333,optimal
2021-02-10 11:00:00,97,6,0.26947634901433626,0.23222222222222222,0.0,0.3153,optimal
2021-02-10 11:30:00,97,6,0.364893195217463,0.0,0.0,0.156,optimal
2021-02-10 12:00:00,97,6,0.2091956078285896,0.0,0.0,0.11666666666666668,optimal
2021-02-10 12:30:00,97,6,0.17390989354287065,0.0,0.0,0.24016666666666664,optimal
2021-02-10 13:00:00,97,6,1.0757746414885665,0.0,0.0,0.0705,optimal
2021-02-10 13:30:00,97,6,1.1428571428571428,0.0,0.0,0.066,optimal
2021-02-10 14:00:00,97,6,1.1428571428571428,0.0,0.0,0.2458333333333333,optimal
2021-02-10 14:30:00,97,6,1.1428571428571428,0.0,0.0,0.1155,optimal
2021-02-10 15:00:00,97,6,1.1428571428571428,0.0,0.0,0.1445,optimal
2021-02-10 15:30:00,97,6,1.1428571428571428,0.0,0.0,0.3021666666666667,optimal
2021-02-10 16:00:00,97,6,0.0,0.23222222222222222,0.0,0.194,optimal
2021-02-10 16:30:00,97,6,0.0,0.387037037037037,0.0,0.3852,optimal
2021-02-10 17:00:00,97,6,0.0,0.0,0.0,0.29,optimal
2021-02-10 17:30:00,97,6,0.0,0.3096296296296296,0.0,0.44903333333333334,optimal
2021-02-10 18:00:00,97,6,0.0,0.46444444444444444,0.0,0.5204333333333333,optimal
2021-02-10 18:30:00,97,6,0.0,0.46444444444444444,0.0,0.40063333333333334,optimal
2021-02-10 19:00:00,97,6,0.0,0.23222222222222222,0.0,0.49956666666666666,optimal
2021-02-10 19:30:00,97,6,0.0,0.0774074074074074,0.0,0.9744666666666668,optimal
2021-02-10 20:00:00,97,6,0.0,0.23222222222222222,0.0,0.3781666666666667,optimal
2021-02-10 20:30:00,97,6,0.0,0.0774074074074074,0.0,0.6399333333333332,optimal
2021-02-10 21:00:00,97,6,0.0,0.0,0.0,0.6342333333333333,optimal
2021-02-10 21:30:00,97,6,0.0,0.23222222222222222,0.0,0.3635,optimal
2021-02-10 22:00:00,97,6,0.0,0.5418518518518518,0.0,0.34926666666666667,optimal
2021-02-10 22:30:00,97,6,0.0,0.0,0.0,0.13533333333333333,optimal
2021-02-10 23:00:00,97,6,0.0,0.0,0.0,0.18766666666666662,optimal
2021-02-10 23:30:00,97,6,0.0,0.0,0.0,0.243,optimal
2021-02-11 00:00:00,97,6,0.8861744879905553,0.0,0.0,0.059,optimal
2021-02-11 00:30:00,97,6,1.1428571428571428,0.0,0.0,0.0833,optimal
2021-02-11 01:00:00,97,6,1.1428571428571428,0.0,0.0,0.0833,optimal
2021-02-11 01:30:00,97,6,1.1428571428571428,0.0,0.0,0.059,optimal
2021-02-11 02:00:00,97,6,1.1428571428571428,0.0,0.0,0.059,optimal
2021-02-11 02:30:00,97,6,1.1428571428571428,0.0,0.0,0.1076,optimal
2021-02-11 03:00:00,97,6,1.1428571428571428,0.0,0.0,0.059,optimal
2021-02-11 03:30:00,97,6,1.1428571428571428,0.0,0.0,0.059,optimal
2021-02-11 04:00:00,97,6,1.1428571428571428,0.0,0.0,0.1076,optimal
2021-02-11 04:30:00,97,6,1.1428571428571428,0.0,0.0,0.059,optimal
2021-02-11 05:00:00,97,6,1.1428571428571428,0.0,1.460083319238334,0.059,optimal
2021-02-11 05:30:00,97,6,1.1428571428571428,0.0,5.0,0.1076,optimal
2021-02-11 06:00:00,97,6,1.1428571428571428,0.0,5.0,0.059,optimal
2021-02-11 06:30:00,97,6,1.1428571428571428,0.0,5.0,0.1176,optimal
2021-02-11 07:00:00,97,6,1.1428571428571428,0.3096296296296296,5.0,1.9307,optimal
2021-02-11 07:30:00,97,6,1.1428571428571428,4.53142962962963,0.0,0.5255333333333333,optimal
2021-02-11 08:00:00,97,6,0.7004007554777978,0.7322740740740741,0.0,0.4548666666666667,optimal
2021-02-11 08:30:00,97,6,0.9142516766493018,0.0774074074074074,0.0,0.12733333333333333,optimal
2021-02-11 09:00:00,97,6,0.6622668789636904,2.39962962962963,0.0,0.2926,optimal
2021-02-11 09:30:00,97,6,0.3048591270295625,0.9288888888888889,0.0,1.2140333333333333,optimal
2021-02-11 10:00:00,97,6,0.4603840612646296,0.0,0.0,0.1176,optimal
2021-02-11 10:30:00,97,6,0.4999972697601656,0.0,0.0,0.069,optimal
2021-02-11 11:00:00,97,6,0.3433824339401696,0.0,0.0,0.1176,optimal
2021-02-11 11:30:00,97,6,0.3251087804636118,0.0,0.0,0.069,optimal
2021-02-11 12:00:00,97,6,0.16321845574899935,0.0,0.0,0.069,optimal
2021-02-11 12:30:00,97,6,0.12454700368837032,0.0,0.0,0.10679999999999999,optimal
2021-02-11 13:00:00,97,6,1.1428571428571428,0.0,0.0,0.0798,optimal
2021-02-11 13:30:00,97,6,1.1428571428571428,0.0,0.0,0.069,optimal
2021-02-11 14:00:00,97,6,1.1428571428571428,0.0,0.0,0.0906,optimal
2021-02-11 14:30:00,97,6,1.1428571428571428,0.0,0.0,0.096,optimal
2021-02-11 15:00:00,97,6,1.1428571428571428,0.0,0.0,0.069,optimal
2021-02-11 15:30:00,97,6,1.1428571428571428,0.3096296296296296,0.0,0.9641666666666666,optimal
2021-02-11 16:00:00,97,6,0.0,0.0,0.0,0.48833333333333334,optimal
2021-02-11 16:30:00,97,6,0.0,0.3096296296296296,0.0,2.3336666666666663,optimal
2021-02-11 17:00:00,97,6,0.0,0.1548148148148148,0.0,0.4933666666666667,optimal
2021-02-11 17:30:00,97,6,0.0,0.774074074074074,0.0,0.6729666666666667,optimal
2021-02-11 18:00:00,97,6,0.0,0.46444444444444444,0.0,0.4982,optimal
2021-02-11 18:30:00,97,6,0.0,0.1548148148148148,0.0,0.36169999999999997,optimal
2021-02-11 19:00:00,97,6,0.0,0.1548148148148148,0.0,0.3437333333333333,optimal
2021-02-11 19:30:00,97,6,0.0,0.0,0.0,0.4656,optimal
2021-02-11 20:00:00,97,6,0.4785932648241936,0.0,0.0,0.3855,optimal
2021-02-11 20:30:00,97,6,0.0,0.0,0.0,0.6309,optimal
2021-02-11 21:00:00,97,6,0.0,0.0,0.0,0.5163333333333334,optimal
2021-02-11 21:30:00,97,6,0.0,0.0,0.0,0.3206,optimal
2021-02-11 22:00:00,97,6,0.0,0.3096296296296296,0.0,0.2037333333333333,optimal
2021-02-11 22:30:00,97,6,0.0,0.0,0.0,0.197,optimal
2021-02-11 23:00:00,97,6,0.0,0.0774074074074074,0.0,0.2476,optimal
2021-02-11 23:30:00,97,6,0.0,0.0,0.0,0.2504333333333333,optimal
2021-02-12 00:00:00,97,6,1.1428571428571428,3.5607407407407403,0.0,0.08756666666666667,optimal
2021-02-12 00:30:00,97,6,1.1428571428571428,0.0,0.0,0.20966666666666664,optimal
2021-02-12 01:00:00,97,6,1.1428571428571428,0.0,0.0,0.08766666666666667,optimal
2021-02-12 01:30:00,97,6,1.1428571428571428,0.0,0.0,0.22266666666666662,optimal
2021-02-12 02:00:00,97,6,1.1428571428571428,0.0,0.0,0.0795,optimal
2021-02-12 02:30:00,97,6,1.1428571428571428,0.0,0.0,0.23083333333333328,optimal
2021-02-12 03:00:00,97,6,1.1428571428571428,0.0,0.0,0.07,optimal
2021-02-12 03:30:00,97,6,1.1428571428571428,0.0,0.0,0.07,optimal
2021-02-12 04:00:00,97,6,1.1428571428571428,0.0,0.0,0.127,optimal
2021-02-12 04:30:00,97,6,1.1428571428571428,0.0,0.0,0.1833333333333333,optimal
2021-02-12 05:00:00,97,6,1.1428571428571428,0.0,0.0,0.07,optimal
2021-02-12 05:30:00,97,6,1.1428571428571428,0.0,0.0,0.127,optimal
2021-02-12 06:00:00,97,6,1.1428571428571428,0.0,0.0,0.1833333333333333,optimal
2021-02-12 06:30:00,97,6,1.1428571428571428,0.0,2.145411018817266,0.2898,optimal
2021-02-12 07:00:00,97,6,1.1428571428571428,1.026422222222222,5.0,0.1313666666666667,optimal
2021-02-12 07:30:00,97,6,1.1428571428571428,5.64063194802313,0.0,0.6063,optimal
2021-02-12 08:00:00,97,6,0.6034843153259885,0.6966666666666667,0.0,1.0400333333333334,optimal
2021-02-12 08:30:00,97,6,0.9240220514911687,0.1548148148148148,0.0,0.10616666666666669,optimal
2021-02-12 09:00:00,97,6,0.8441217941837459,0.0,0.0,0.1833333333333333,optimal
2021-02-12 09:30:00,97,6,0.7480733630334773,0.0,0.0,0.14033333333333334,optimal
2021-02-12 10:00:00,97,6,0.3566288339500657,0.23222222222222222,0.0,0.3123,optimal
2021-02-12 10:30:00,97,6,0.3508009806673349,0.0,0.0,0.2513333333333333,optimal
2021-02-12 11:00:00,97,6,0.2198908898181829,0.0,0.0,0.07866666666666668,optimal
2021-02-12 11:30:00,97,6,0.08819264625308054,5.017548148148148,0.0,1.0966666666666667,optimal
2021-02-12 12:00:00,97,6,0.056106681954521134,1.7943037037037042,0.0,1.1402,optimal
2021-02-12 12:30:00,97,6,0.20795510505608558,0.0,0.0,0.17366666666666666,optimal
2021-02-12 13:00:00,97,6,1.1428571428571428,0.0,0.0,0.1751,optimal
2021-02-12 13:30:00,97,6,1.1428571428571428,0.0,0.0,0.36976666666666663,optimal
2021-02-12 14:00:00,97,6,1.1428571428571428,0.0,0.0,0.11156666666666666,optimal
2021-02-12 14:30:00,97,6,1.1428571428571428,0.0,0.0,0.138,optimal
2021-02-12 15:00:00,97,6,1.1428571428571428,0.0,0.0,0.15016666666666667,optimal
2021-02-12 15:30:00,97,6,1.1428571428571428,0.0,0.0,0.09216666666666669,optimal
2021-02-12 16:00:00,97,6,0.0,0.0,0.0,0.11843333333333333,optimal
2021-02-12 16:30:00,97,6,0.0,0.23222222222222222,0.0,0.27726666666666666,optimal
2021-02-12 17:00:00,97,6,0.0,0.3096296296296296,0.0,0.25993333333333335,optimal
2021-02-12 17:30:00,97,6,0.0,0.0,0.0,0.3425666666666667,optimal
2021-02-12 18:00:00,97,6,0.0,0.0774074074074074,0.0,0.3688,optimal
2021-02-12 18:30:00,97,6,0.0,0.0774074074074074,0.0,0.36860000000000004,optimal
2021-02-12 19:00:00,97,6,0.0,3.251111111111111,0.0,0.3174666666666666,optimal
2021-02-12 19:30:00,97,6,0.0,0.23222222222222222,0.0,0.3631333333333333,optimal
2021-02-12 20:00:00,97,6,0.1426832942571288,0.8514814814814814,0.0,0.5931000000000001,optimal
2021-02-12 20:30:00,97,6,0.0,0.0,0.0,0.38780000000000003,optimal
2021-02-12 21:00:00,97,6,0.0,0.3096296296296296,0.0,0.45926666666666666,optimal
2021-02-12 21:30:00,97,6,0.0,0.3096296296296296,0.0,0.411,optimal
2021-02-12 22:00:00,97,6,0.0,0.1548148148148148,0.0,0.431,optimal
2021-02-12 22:30:00,97,6,0.0,0.23222222222222222,0.0,0.39166666666666666,optimal
2021-02-12 23:00:00,97,6,0.0,2.2448148148148146,0.0,0.33346666666666663,optimal
2021-02-12 23:30:00,97,6,0.0,0.0,0.0,0.4835,optimal
2021-02-13 00:00:00,97,6,0.0,0.0,0.0,0.061,optimal
2021-02-13 00:30:00,97,6,0.0,0.0,0.0,0.061,optimal
2021-02-13 01:00:00,97,6,0.17409086410075844,0.0,0.0,0.14406666666666668,optimal
2021-02-13 01:30:00,97,6,1.1428571428571428,0.0,0.0,0.10846666666666668,optimal
2021-02-13 02:00:00,97,6,1.1428571428571428,0.0,0.0,0.061,optimal
2021-02-13 02:30:00,97,6,1.1428571428571428,0.0,0.0,0.1262666666666667,optimal
2021-02-13 03:00:00,97,6,1.1428571428571428,0.0,0.0,0.1262666666666667,optimal
2021-02-13 03:30:00,97,6,1.1428571428571428,0.0,0.0,0.061,optimal
2021-02-13 04:00:00,97,6,1.1428571428571428,0.0,0.0,0.19153333333333333,optimal
2021-02-13 04:30:00,97,6,1.1428571428571428,0.0,0.0,0.061,optimal
2021-02-13 05:00:00,97,6,1.1428571428571428,0.0,0.0,0.061,optimal
2021-02-13 05:30:00,97,6,1.1428571428571428,0.0,2.8397402449007516,0.1744,optimal
2021-02-13 06:00:00,97,6,1.1428571428571428,0.0,5.0,0.0888,optimal
2021-02-13 06:30:00,97,6,1.1428571428571428,0.0,5.0,0.06933333333333333,optimal
2021-02-13 07:00:00,97,6,1.1428571428571428,2.4600074074074074,5.0,0.36286666666666667,optimal
2021-02-13 07:30:00,97,6,1.1428571428571428,4.351844444444444,0.0,2.1633666666666667,optimal
2021-02-13 08:00:00,97,6,0.5558483275470104,0.23222222222222222,0.0,1.6022,optimal
2021-02-13 08:30:00,97,6,0.7638415125533362,0.0,0.0,0.46553333333333335,optimal
2021-02-13 09:00:00,97,6,0.7793439902505189,0.0,0.0,0.07693333333333334,optimal
2021-02-13 09:30:00,97,6,0.7422813438535715,0.1548148148148148,0.0,0.10013333333333334,optimal
2021-02-13 10:00:00,97,6,0.4001092384431649,0.0,0.0,0.5234,optimal
2021-02-13 10:30:00,97,6,0.48874623297330394,0.0,0.0,0.241,optimal
2021-02-13 11:00:00,97,6,0.3680551462184762,0.0,0.0,0.071,optimal
2021-02-13 11:30:00,97,6,0.36591118836766784,0.0,0.0,0.071,optimal
2021-02-13 12:00:00,97,6,0.24127554307976198,0.0,0.0,0.20153333333333334,optimal
2021-02-13 12:30:00,97,6,0.2742828654733675,0.0,0.0,0.071,optimal
2021-02-13 13:00:00,97,6,1.1428571428571428,0.0,0.0,0.071,optimal
2021-02-13 13:30:00,97,6,1.1428571428571428,0.0,0.0,0.20153333333333334,optimal
2021-02-13 14:00:00,97,6,1.1428571428571428,0.0,0.0,0.071,optimal
2021-02-13 14:30:00,97,6,1.1428571428571428,0.0,0.0,0.1837333333333333,optimal
2021-02-13 15:00:00,97,6,1.1428571428571428,0.0,0.0,0.0888,optimal
2021-02-13 15:30:00,97,6,1.1428571428571428,0.0,0.0,0.13033333333333336,optimal
2021-02-13 16:00:00,97,6,0.0,0.0,0.0,0.1422,optimal
2021-02-13 16:30:00,97,6,0.0,0.0,0.0,0.09473333333333332,optimal
2021-02-13 17:00:00,97,6,0.0,0.0,0.0,0.22646666666666668,optimal
2021-02-13 17:30:00,97,6,0.0,0.23222222222222222,0.0,0.29933333333333334,optimal
2021-02-13 18:00:00,97,6,0.0,0.387037037037037,0.0,1.7272,optimal
2021-02-13 18:30:00,97,6,0.0,0.23222222222222222,0.0,0.3474,optimal
2021-02-13 19:00:00,97,6,0.0,2.3222222222222215,0.0,1.3731666666666666,optimal
2021-02-13 19:30:00,97,6,0.3378790809118621,0.0774074074074074,0.0,1.8098666666666663,optimal
2021-02-13 20:00:00,97,6,0.3835274807400348,0.0,0.0,0.7226,optimal
2021-02-13 20:30:00,97,6,0.0,0.0,0.0,0.6993666666666667,optimal
2021-02-13 21:00:00,97,6,0.0,0.3096296296296296,0.0,1.0791333333333335,optimal
2021-02-13 21:30:00,97,6,0.0,0.3096296296296296,0.0,0.6627333333333334,optimal
2021-02-13 22:00:00,97,6,0.0,0.774074074074074,0.0,0.2326,optimal
2021-02-13 22:30:00,97,6,0.0,0.0,0.0,0.8095333333333333,optimal
2021-02-13 23:00:00,97,6,0.0,0.0,0.0,0.0888,optimal
2021-02-13 23:30:00,97,6,0.0,0.0,0.0,0.1804,optimal
2021-02-07 00:00:00,98,6,0.0,0.0,0.0,0.061,optimal
2021-02-07 00:30:00,98,6,0.0,0.0,0.0,0.0848,optimal
2021-02-07 01:00:00,98,6,0.0,0.0,0.0,0.3086333333333333,optimal
2021-02-07 01:30:00,98,6,0.0,0.0,0.0,0.06609999999999999,optimal
2021-02-07 02:00:00,98,6,0.0,0.0,0.0,0.10859999999999999,optimal
2021-02-07 02:30:00,98,6,0.0,0.0,0.0,0.2899333333333333,optimal
2021-02-07 03:00:00,98,6,0.0,0.0,0.0,0.061,optimal
2021-02-07 03:30:00,98,6,0.0,0.0,0.0,0.1715,optimal
2021-02-07 04:00:00,98,6,1.1428571428571428,0.0,0.0,0.22703333333333334,optimal
2021-02-07 04:30:00,98,6,1.1428571428571428,0.0,0.0,0.061,optimal
2021-02-07 05:00:00,98,6,1.1428571428571428,0.0,0.0,0.163,optimal
2021-02-07 05:30:00,98,6,1.1428571428571428,0.1548148148148148,0.0,0.23486666666666667,optimal
2021-02-07 06:00:00,98,6,1.1428571428571428,6.115185185185185,0.0,0.1273,optimal
2021-02-07 06:30:00,98,6,1.1428571428571428,0.46444444444444444,1.4055777348378222,0.3445666666666667,optimal
2021-02-07 07:00:00,98,6,1.1428571428571428,0.3096296296296296,0.0,0.22066666666666662,optimal
2021-02-07 07:30:00,98,6,0.0,0.1548148148148148,0.0,0.1756,optimal
2021-02-07 08:00:00,98,6,0.0,0.1548148148148148,0.0,0.3207,optimal
2021-02-07 08:30:00,98,6,0.40772973961841363,0.0,0.0,0.0965,optimal
2021-02-07 09:00:00,98,6,0.6761729670086964,0.0,0.0,0.22173333333333328,optimal
2021-02-07 09:30:00,98,6,0.6942671043959701,0.0,0.0,0.1509,optimal
2021-02-07 10:00:00,98,6,0.6282586805551249,0.0,0.0,0.1169,optimal
2021-02-07 10:30:00,98,6,0.6412894533996175,0.0,0.0,0.0863,optimal
2021-02-07 11:00:00,98,6,0.5082936058489608,0.0,0.0,0.22116666666666662,optimal
2021-02-07 11:30:00,98,6,0.5194650344203957,0.0,0.0,0.18206666666666663,optimal
2021-02-07 12:00:00,98,6,0.45428560772531,0.0,0.0,0.173,optimal
2021-02-07 12:30:00,98,6,0.47209513153483285,0.0,0.0,0.11066666666666669,optimal
2021-02-07 13:00:00,98,6,0.8975577495380559,0.0,0.0,0.2586666666666667,optimal
2021-02-07 13:30:00,98,6,1.1428571428571428,0.3096296296296296,0.0,0.1085,optimal
2021-02-07 14:00:00,98,6,1.1428571428571428,0.0,0.0,0.8357,optimal
2021-02-07 14:30:00,98,6,1.1428571428571428,0.0,0.0,1.5037333333333331,optimal
2021-02-07 15:00:00,98,6,1.1428571428571428,0.0774074074074074,0.0,0.0945,optimal
2021-02-07 15:30:00,98,6,1.1428571428571428,0.1548148148148148,0.0,0.1455,optimal
2021-02-07 16:00:00,98,6,0.0,0.0,0.0,0.1686,optimal
2021-02-07 16:30:00,98,6,0.0,0.1548148148148148,0.0,0.2614666666666666,optimal
2021-02-07 17:00:00,98,6,0.0,0.1548148148148148,0.0,0.6081333333333333,optimal
2021-02-07 17:30:00,98,6,0.0,0.0,0.0,0.5519333333333333,optimal
2021-02-07 18:00:00,98,6,0.0,0.0,0.0,0.32276666666666665,optimal
2021-02-07 18:30:00,98,6,0.0,0.3096296296296296,0.0,0.5025,optimal
2021-02-07 19:00:00,98,6,0.0,0.3096296296296296,0.0,0.38563333333333333,optimal
2021-02-07 19:30:00,98,6,0.0,1.433585185185185,0.0,0.2422,optimal
2021-02-07 20:00:00,98,6,0.0,0.6564148148148148,0.0,0.9384333333333331,optimal
2021-02-07 20:30:00,98,6,0.0,0.1548148148148148,0.0,1.4044666666666668,optimal
2021-02-07 21:00:00,98,6,0.0,0.0,0.0,0.49839999999999995,optimal
2021-02-07 21:30:00,98,6,0.0,0.0,0.0,0.34013333333333334,optimal
2021-02-07 22:00:00,98,6,0.0,0.23222222222222222,0.0,0.18406666666666663,optimal
2021-02-07 22:30:00,98,6,0.0,0.0,0.0,0.3407333333333333,optimal
2021-02-07 23:00:00,98,6,0.0,0.0,0.0,0.26480000000000004,optimal
2021-02-07 23:30:00,98,6,0.0,0.0,0.0,0.12166666666666669,optimal
2021-02-08 00:00:00,98,6,0.0,0.0,0.0,0.068,optimal
2021-02-08 00:30:00,98,6,0.0,0.0,0.0,0.2319333333333333,optimal
2021-02-08 01:00:00,98,6,0.0,0.0,0.0,0.2282,optimal
2021-02-08 01:30:00,98,6,0.0,0.0,0.0,0.1635,optimal
2021-02-08 02:00:00,98,6,0.8497881008526926,0.0,0.0,0.2449,optimal
2021-02-08 02:30:00,98,6,1.1428571428571428,0.0,0.0,0.12246666666666668,optimal
2021-02-08 03:00:00,98,6,1.1428571428571428,0.0,0.0,0.27513333333333334,optimal
2021-02-08 03:30:00,98,6,1.1428571428571428,0.0,0.0,0.16566666666666666,optimal
2021-02-08 04:00:00,98,6,1.1428571428571428,0.0,0.0,0.1326,optimal
2021-02-08 04:30:00,98,6,1.1428571428571428,0.0,0.0,0.22433333333333327,optimal
2021-02-08 05:00:00,98,6,1.1428571428571428,0.0,0.0,0.1651,optimal
2021-02-08 05:30:00,98,6,1.1428571428571428,0.0,0.0,0.2595,optimal
2021-02-08 06:00:00,98,6,1.1428571428571428,0.0,0.3855651949932113,0.20403333333333334,optimal
2021-02-08 06:30:00,98,6,1.1428571428571428,0.0,5.0,0.13756666666666667,optimal
2021-02-08 07:00:00,98,6,1.1428571428571428,0.0,5.0,0.11433333333333331,optimal
2021-02-08 07:30:00,98,6,1.1428571428571428,0.0,0.0,0.2723333333333333,optimal
2021-02-08 08:00:00,98,6,0.734772103202996,0.0,0.0,0.063,optimal
2021-02-08 08:30:00,98,6,0.5892504950951051,2.1674074074074072,0.0,0.3216666666666667,optimal
2021-02-08 09:00:00,98,6,0.3160242638173845,0.23222222222222222,0.0,1.8535,optimal
2021-02-08 09:30:00,98,6,0.294572390264923,0.0,0.0,1.1415333333333333,optimal
2021-02-08 10:00:00,98,6,0.2510274978184109,0.6966666666666667,0.0,0.4782,optimal
2021-02-08 10:30:00,98,6,0.37263079994229564,0.6966666666666667,0.0,0.21716666666666662,optimal
2021-02-08 11:00:00,98,6,0.0010807410655038372,0.0,0.0,2.1345666666666667,optimal
2021-02-08 11:30:00,98,6,0.014597587268632278,0.46444444444444444,0.0,1.0904666666666667,optimal
2021-02-08 12:00:00,98,6,0.04865079965230257,0.0,0.0,0.3988,optimal
2021-02-08 12:30:00,98,6,0.02753211110616511,0.3096296296296296,0.0,0.25906666666666667,optimal
2021-02-08 13:00:00,98,6,0.013766728146395277,0.1548148148148148,0.0,0.4634,optimal
2021-02-08 13:30:00,98,6,0.1261136548079504,0.0,0.0,0.2633333333333333,optimal
2021-02-08 14:00:00,98,6,1.1428571428571428,0.3096296296296296,0.0,0.3374,optimal
2021-02-08 14:30:00,98,6,1.1428571428571428,0.1548148148148148,0.0,0.2546,optimal
2021-02-08 15:00:00,98,6,1.1428571428571428,0.46444444444444444,0.0,0.18596666666666667,optimal
2021-02-08 15:30:00,98,6,1.1428571428571428,0.46444444444444444,0.0,0.27393333333333336,optimal
2021-02-08 16:00:00,98,6,0.0,4.567037037037037,0.0,0.3118666666666667,optimal
2021-02-08 16:30:00,98,6,0.0,0.3096296296296296,0.0,0.3626333333333333,optimal
2021-02-08 17:00:00,98,6,0.0,0.5418518518518518,0.0,0.778,optimal
2021-02-08 17:30:00,98,6,0.0,0.0,0.0,0.5315666666666667,optimal
2021-02-08 18:00:00,98,6,0.0,0.46444444444444444,0.0,0.5544333333333333,optimal
2021-02-08 18:30:00,98,6,0.0,0.0774074074074074,0.0,0.46713333333333334,optimal
2021-02-08 19:00:00,98,6,0.0,1.7803703703703702,0.0,0.3387333333333333,optimal
2021-02-08 19:30:00,98,6,0.0,0.0,0.0,0.8944,optimal
2021-02-08 20:00:00,98,6,0.0,0.1548148148148148,0.0,0.5098666666666667,optimal
2021-02-08 20:30:00,98,6,0.0,0.23222222222222222,0.0,0.6116,optimal
2021-02-08 21:00:00,98,6,0.0,0.0,0.0,0.5178333333333334,optimal
2021-02-08 21:30:00,98,6,0.0,0.0,0.0,0.3832,optimal
2021-02-08 22:00:00,98,6,0.0,0.23222222222222222,0.0,0.4916333333333333,optimal
2021-02-08 22:30:00,98,6,0.0,0.0,0.0,0.6112333333333333,optimal
2021-02-08 23:00:00,98,6,0.0,0.0,0.0,0.073,optimal
2021-02-08 23:30:00,98,6,0.0,0.0,0.0,0.14993333333333334,optimal
2021-02-09 00:00:00,98,6,0.0,0.0,0.0,0.06233333333333334,optimal
2021-02-09 00:30:00,98,6,0.0,0.0,0.0,0.06566666666666666,optimal
2021-02-09 01:00:00,98,6,0.0,0.0,0.0,0.069,optimal
2021-02-09 01:30:00,98,6,1.0198547135735172,0.0,0.0,0.069,optimal
2021-02-09 02:00:00,98,6,1.1428571428571428,0.0,0.0,0.069,optimal
2021-02-09 02:30:00,98,6,1.1428571428571428,0.0,0.0,0.069,optimal
2021-02-09 03:00:00,98,6,1.1428571428571428,0.0,0.0,0.069,optimal
2021-02-09 03:30:00,98,6,1.1428571428571428,0.0,0.0,0.069,optimal
2021-02-09 04:00:00,98,6,1.1428571428571428,0.0,0.0,0.069,optimal
2021-02-09 04:30:00,98,6,1.1428571428571428,0.0,0.0,0.069,optimal
2021-02-09 05:00:00,98,6,1.1428571428571428,0.0,0.0,0.069,optimal
2021-02-09 05:30:00,98,6,1.1428571428571428,0.0,0.0,0.069,optimal
2021-02-09 06:00:00,98,6,1.1428571428571428,0.0,0.0,0.069,optimal
2021-02-09 06:30:00,98,6,1.1428571428571428,0.0,0.0,0.069,optimal
2021-02-09 07:00:00,98,6,1.1428571428571428,0.0,0.0,0.069,optimal
2021-02-09 07:30:00,98,6,1.1428571428571428,0.0,0.0,0.069,optimal
2021-02-09 08:00:00,98,6,0.7313919159462897,0.387037037037037,0.0,0.068,optimal
2021-02-09 08:30:00,98,6,0.6453124233462127,5.327177777777777,0.0,0.11553333333333332,optimal
2021-02-09 09:00:00,98,6,0.536527170268562,1.0202296296296298,0.0,0.09033333333333332,optimal
2021-02-09 09:30:00,98,6,0.49720437554460745,0.6610592592592593,0.0,0.1193,optimal
2021-02-09 10:00:00,98,6,0.18848858967357476,0.19042222222222224,0.0,2.4816,optimal
2021-02-09 10:30:00,98,6,0.30523641946709623,0.1548148148148148,0.0,0.164,optimal
2021-02-09 11:00:00,98,6,0.14244895575106983,0.9288888888888889,0.0,0.24546666666666667,optimal
2021-02-09 11:30:00,98,6,0.17314690266216323,0.1548148148148148,0.0,0.26353333333333334,optimal
2021-02-09 12:00:00,98,6,0.043805200981942995,0.0,0.0,0.32556666666666667,optimal
2021-02-09 12:30:00,98,6,0.0,0.0,0.0,1.374,optimal
2021-02-09 13:00:00,98,6,0.0,0.387037037037037,0.0,0.5483666666666667,optimal
2021-02-09 13:30:00,98,6,0.0,0.3096296296296296,1.2630321959010429,1.1409333333333334,optimal
2021-02-09 14:00:00,98,6,1.001843484728487,0.3096296296296296,5.0,1.9262000000000001,optimal
2021-02-09 14:30:00,98,6,1.1428571428571428,0.0,5.0,1.565,optimal
2021-02-09 15:00:00,98,6,1.1428571428571428,0.23222222222222222,5.0,1.0874000000000001,optimal
2021-02-09 15:30:00,98,6,1.1428571428571428,0.1548148148148148,0.0,1.2766666666666668,optimal
2021-02-09 16:00:00,98,6,0.0,0.5418518518518518,0.0,0.5473333333333333,optimal
2021-02-09 16:30:00,98,6,0.0,0.23222222222222222,0.0,0.41176666666666667,optimal
2021-02-09 17:00:00,98,6,0.0,0.6966666666666667,0.0,0.383,optimal
2021-02-09 17:30:00,98,6,0.0,0.6192592592592592,0.0,0.34736666666666666,optimal
2021-02-09 18:00:00,98,6,0.0,2.3222222222222215,0.0,0.22783333333333328,optimal
2021-02-09 18:30:00,98,6,0.0,0.3096296296296296,0.0,0.129,optimal
2021-02-09 19:00:00,98,6,0.0,0.0,0.0,0.15163333333333331,optimal
2021-02-09 19:30:00,98,6,0.0,0.1548148148148148,0.0,0.20113333333333333,optimal
2021-02-09 20:00:00,98,6,0.0,0.0,0.0,0.23233333333333328,optimal
2021-02-09 20:30:00,98,6,0.0,0.0774074074074074,0.0,0.2862333333333333,optimal
2021-02-09 21:00:00,98,6,0.0,0.1548148148148148,0.0,0.34703333333333336,optimal
2021-02-09 21:30:00,98,6,0.0,0.1548148148148148,0.0,0.20516666666666664,optimal
2021-02-09 22:00:00,98,6,0.0,0.0,0.0,0.5292,optimal
2021-02-09 22:30:00,98,6,0.0,0.0,0.0,0.3711666666666667,optimal
2021-02-09 23:00:00,98,6,0.0,0.0774074074074074,0.0,0.4023333333333333,optimal
2021-02-09 23:30:00,98,6,0.0,0.0774074074074074,0.0,0.3448,optimal
2021-02-10 00:00:00,98,6,0.0,1.548148148148148,0.0,0.0842,optimal
2021-02-10 00:30:00,98,6,0.0,0.0,0.0,0.12353333333333331,optimal
2021-02-10 01:00:00,98,6,0.0,0.46444444444444444,0.0,0.10540000000000001,optimal
2021-02-10 01:30:00,98,6,0.0,0.387037037037037,0.0,0.432,optimal
2021-02-10 02:00:00,98,6,0.0695814899506294,0.0,0.0,0.39226666666666665,optimal
2021-02-10 02:30:00,98,6,1.1428571428571428,0.0,0.0,1.2204000000000002,optimal
2021-02-10 03:00:00,98,6,1.1428571428571428,0.0,0.0,0.34226666666666666,optimal
2021-02-10 03:30:00,98,6,1.1428571428571428,0.0,0.0,0.24553333333333333,optimal
2021-02-10 04:00:00,98,6,1.1428571428571428,5.495925925925925,0.0,2.8817,optimal
2021-02-10 04:30:00,98,6,1.1428571428571428,0.1548148148148148,0.0,0.9025,optimal
2021-02-10 05:00:00,98,6,1.1428571428571428,0.23222222222222222,0.0,0.27913333333333334,optimal
2021-02-10 05:30:00,98,6,1.1428571428571428,0.774074074074074,0.0,0.76,optimal
2021-02-10 06:00:00,98,6,1.1428571428571428,2.5544444444444445,2.9742045408877225,2.999333333333333,optimal
2021-02-10 06:30:00,98,6,1.1428571428571428,3.5839629629629624,5.0,0.26839999999999997,optimal
2021-02-10 07:00:00,98,6,1.1428571428571428,4.156777777777778,5.0,1.3631,optimal
2021-02-10 07:30:00,98,6,1.1428571428571428,2.7092592592592597,0.0,0.5535,optimal
2021-02-10 08:00:00,98,6,0.6034663434322896,0.1548148148148148,0.0,2.2215666666666665,optimal
2021-02-10 08:30:00,98,6,0.8237457501242609,0.0,0.0,0.1715,optimal
2021-02-10 09:00:00,98,6,0.7286655082249189,0.0,0.0,0.08120000000000001,optimal
2021-02-10 09:30:00,98,6,0.7016896768216484,0.0,0.0,0.1456,optimal
2021-02-10 10:00:00,98,6,0.4941318205257445,0.0,0.0,0.205,optimal
2021-02-10 10:30:00,98,6,0.5070428041161563,0.0,0.0,0.1373,optimal
2021-02-10 11:00:00,98,6,0.3616096823476656,0.0,0.0,0.18330000000000002,optimal
2021-02-10 11:30:00,98,6,0.37792176664602994,0.0,0.0,0.11120000000000001,optimal
2021-02-10 12:00:00,98,6,0.21098608401905636,0.0,0.0,0.11120000000000001,optimal
2021-02-10 12:30:00,98,6,0.17144322687620706,0.0,0.0,0.2496,optimal
2021-02-10 13:00:00,98,6,0.2495797594589917,0.0,0.0,0.071,optimal
2021-02-10 13:30:00,98,6,0.9225751714211495,0.0,0.0,0.0863,optimal
2021-02-10 14:00:00,98,6,1.1428571428571428,0.0,0.0,0.1941,optimal
2021-02-10 14:30:00,98,6,1.1428571428571428,0.0,0.0,0.1514,optimal
2021-02-10 15:00:00,98,6,1.1428571428571428,0.0,0.0,0.22826666666666667,optimal
2021-02-10 15:30:00,98,6,1.1428571428571428,0.387037037037037,0.0,0.39453333333333335,optimal
2021-02-10 16:00:00,98,6,0.0,0.3096296296296296,0.0,0.3052333333333333,optimal
2021-02-10 16:30:00,98,6,0.0,0.23222222222222222,0.0,0.6037333333333333,optimal
2021-02-10 17:00:00,98,6,0.0,1.006296296296296,0.0,1.2746,optimal
2021-02-10 17:30:00,98,6,0.0,0.5418518518518518,0.0,0.3242333333333333,optimal
2021-02-10 18:00:00,98,6,0.0,0.3096296296296296,0.0,2.555333333333333,optimal
2021-02-10 18:30:00,98,6,0.0,0.3096296296296296,0.0,3.6146333333333334,optimal
2021-02-10 19:00:00,98,6,0.0,0.8514814814814814,0.0,1.8091,optimal
2021-02-10 19:30:00,98,6,0.0,0.0774074074074074,0.0,1.8999333333333328,optimal
2021-02-10 20:00:00,98,6,0.0,0.1548148148148148,0.0,1.0516666666666667,optimal
2021-02-10 20:30:00,98,6,0.0,0.42883703703703696,0.0,0.6393,optimal
2021-02-10 21:00:00,98,6,0.0,0.19042222222222224,0.0,0.4771333333333333,optimal
2021-02-10 21:30:00,98,6,0.0,2.150377777777778,0.0,0.3863333333333333,optimal
2021-02-10 22:00:00,98,6,0.0,6.209622222222222,0.0,3.5914333333333333,optimal
2021-02-10 22:30:00,98,6,0.0,0.0,0.0,2.5935,optimal
2021-02-10 23:00:00,98,6,0.0,0.23222222222222222,0.0,1.2822666666666669,optimal
2021-02-10 23:30:00,98,6,0.0,0.0,0.0,0.1088,optimal
2021-02-11 00:00:00,98,6,0.8242665538121862,0.0,0.0,0.04933333333333333,optimal
2021-02-11 00:30:00,98,6,1.1428571428571428,0.0,0.0,0.059,optimal
2021-02-11 01:00:00,98,6,1.1428571428571428,0.0,0.0,0.11120000000000001,optimal
2021-02-11 01:30:00,98,6,1.1428571428571428,0.0,0.0,0.2474,optimal
2021-02-11 02:00:00,98,6,1.1428571428571428,0.0,0.0,0.0621,optimal
2021-02-11 02:30:00,98,6,1.1428571428571428,0.0,0.0,0.2965,optimal
2021-02-11 03:00:00,98,6,1.1428571428571428,0.0,0.0,0.059,optimal
2021-02-11 03:30:00,98,6,1.1428571428571428,0.0,0.0,0.1148,optimal
2021-02-11 04:00:00,98,6,1.1428571428571428,0.0,5.0,0.059,optimal
2021-02-11 04:30:00,98,6,1.1428571428571428,0.0,5.0,0.24380000000000002,optimal
2021-02-11 05:00:00,98,6,1.1428571428571428,0.0,5.0,0.1148,optimal
2021-02-11 05:30:00,98,6,1.1428571428571428,0.0,5.0,0.0683,optimal
2021-02-11 06:00:00,98,6,1.1428571428571428,0.0,5.0,0.2735,optimal
2021-02-11 06:30:00,98,6,1.1428571428571428,0.0,5.0,0.07579999999999999,optimal
2021-02-11 07:00:00,98,6,1.1428571428571428,0.0774074074074074,5.0,0.12186666666666666,optimal
2021-02-11 07:30:00,98,6,1.1428571428571428,0.46444444444444444,0.0,0.3476,optimal
2021-02-11 08:00:00,98,6,0.8046293269063679,0.774074074074074,0.0,0.10840000000000001,optimal
2021-02-11 08:30:00,98,6,0.7716612004588178,1.5883999999999998,0.0,0.12190000000000001,optimal
2021-02-11 09:00:00,98,6,0.6244287837255904,1.1982666666666666,0.0,0.23366666666666663,optimal
2021-02-11 09:30:00,98,6,0.5911448413152687,0.3096296296296296,0.0,0.18380000000000002,optimal
2021-02-11 10:00:00,98,6,0.11432691840748928,0.0,2.090475726418354,1.1078,optimal
2021-02-11 10:30:00,98,6,0.3550734602363486,0.0774074074074074,0.0,0.21403333333333333,optimal
2021-02-11 11:00:00,98,6,0.2569252910830179,0.0,0.0,0.1207,optimal
2021-02-11 11:30:00,98,6,0.22286116141599585,0.0,0.0,0.15836666666666668,optimal
2021-02-11 12:00:00,98,6,0.01795178908233544,0.23222222222222222,0.0,0.3909333333333333,optimal
2021-02-11 12:30:00,98,6,0.006404146545508671,0.3096296296296296,0.0,0.3338,optimal
2021-02-11 13:00:00,98,6,1.1428571428571428,0.0,0.0,0.4656,optimal
2021-02-11 13:30:00,98,6,1.1428571428571428,0.0,0.0,0.1346,optimal
2021-02-11 14:00:00,98,6,1.1428571428571428,0.0,0.0,0.1736,optimal
2021-02-11 14:30:00,98,6,1.1428571428571428,0.0,0.0,0.185,optimal
2021-02-11 15:00:00,98,6,1.1428571428571428,0.0,0.0,0.059,optimal
2021-02-11 15:30:00,98,6,1.1428571428571428,0.3096296296296296,0.0,0.3894333333333333,optimal
2021-02-11 16:00:00,98,6,0.0,0.0,0.0,0.1598,optimal
2021-02-11 16:30:00,98,6,0.0,0.0774074074074074,0.0,0.3685,optimal
2021-02-11 17:00:00,98,6,0.0,0.46444444444444444,0.0,0.2915,optimal
2021-02-11 17:30:00,98,6,0.0,0.3096296296296296,0.0,0.26689999999999997,optimal
2021-02-11 18:00:00,98,6,0.0,0.3096296296296296,0.0,0.38980000000000004,optimal
2021-02-11 18:30:00,98,6,0.0,0.23222222222222222,0.0,0.7492333333333333,optimal
2021-02-11 19:00:00,98,6,0.0,0.46444444444444444,0.0,0.23106666666666664,optimal
2021-02-11 19:30:00,98,6,0.0,5.263703703703704,0.0,0.5104666666666666,optimal
2021-02-11 20:00:00,98,6,0.7142124391857209,1.0837037037037036,0.0,1.5615999999999999,optimal
2021-02-11 20:30:00,98,6,0.0,0.0,0.0,1.935,optimal
2021-02-11 21:00:00,98,6,0.0,0.1548148148148148,0.0,0.6152000000000001,optimal
2021-02-11 21:30:00,98,6,0.0,0.46444444444444444,0.0,0.2374,optimal
2021-02-11 22:00:00,98,6,0.0,0.0,0.0,0.2805,optimal
2021-02-11 22:30:00,98,6,0.0,0.0,0.0,0.174,optimal
2021-02-11 23:00:00,98,6,0.0,0.0,0.0,0.0838,optimal
2021-02-11 23:30:00,98,6,0.0,0.0,0.0,0.08036666666666666,optimal
2021-02-12 00:00:00,98,6,1.1428571428571428,0.0,0.0,0.0747,optimal
2021-02-12 00:30:00,98,6,1.1428571428571428,0.0,0.0,0.10856666666666666,optimal
2021-02-12 01:00:00,98,6,1.1428571428571428,0.0,0.0,0.2062,optimal
2021-02-12 01:30:00,98,6,1.1428571428571428,0.0,0.0,0.17293333333333333,optimal
2021-02-12 02:00:00,98,6,1.1428571428571428,0.0,0.0,0.0874,optimal
2021-02-12 02:30:00,98,6,1.1428571428571428,0.0,0.0,0.2559666666666667,optimal
2021-02-12 03:00:00,98,6,1.1428571428571428,0.0,0.0,0.14856666666666665,optimal
2021-02-12 03:30:00,98,6,1.1428571428571428,0.0,0.0,0.19933333333333328,optimal
2021-02-12 04:00:00,98,6,1.1428571428571428,0.0,0.0,0.13033333333333336,optimal
2021-02-12 04:30:00,98,6,1.1428571428571428,0.0,0.0,0.07759999999999999,optimal
2021-02-12 05:00:00,98,6,1.1428571428571428,0.0,0.0,0.15546666666666667,optimal
2021-02-12 05:30:00,98,6,1.1428571428571428,0.0,4.375286945392142,0.24906666666666663,optimal
2021-02-12 06:00:00,98,6,1.1428571428571428,0.0,5.0,0.068,optimal
2021-02-12 06:30:00,98,6,1.1428571428571428,0.0774074074074074,5.0,0.22173333333333328,optimal
2021-02-12 07:00:00,98,6,1.1428571428571428,0.387037037037037,5.0,0.17773333333333333,optimal
2021-02-12 07:30:00,98,6,1.1428571428571428,4.799887603692217,0.0,3.5168666666666666,optimal
2021-02-12 08:00:00,98,6,0.6503928867545646,0.9644962962962965,0.0,1.1940333333333333,optimal
2021-02-12 08:30:00,98,6,0.7859077657768865,0.0,0.0,0.2076,optimal
2021-02-12 09:00:00,98,6,0.6411027465646947,0.0,0.0,0.2095,optimal
2021-02-12 09:30:00,98,6,0.6549686011287172,0.0,0.0,0.1724,optimal
2021-02-12 10:00:00,98,6,0.4731716910929246,0.0,0.0,0.12126666666666668,optimal
2021-02-12 10:30:00,98,6,0.41419145685780706,0.0,0.0,0.26766666666666666,optimal
2021-02-12 11:00:00,98,6,0.27756708029437294,0.0,0.0,0.11,optimal
2021-02-12 11:30:00,98,6,0.2558802653006968,0.0,0.0,0.1814,optimal
2021-02-12 12:00:00,98,6,0.1813943010021412,0.0,0.0,0.21773333333333328,optimal
2021-02-12 12:30:00,98,6,0.2039551050560846,0.0,0.0,0.13126666666666667,optimal
2021-02-12 13:00:00,98,6,0.13760752260824788,0.0,0.0,0.17453333333333332,optimal
2021-02-12 13:30:00,98,6,1.0532418013758764,0.0774074074074074,0.0,0.3904666666666666,optimal
2021-02-12 14:00:00,98,6,1.1428571428571428,0.2740222222222222,0.0,0.113,optimal
2021-02-12 14:30:00,98,6,1.1428571428571428,0.0,0.0,0.1956,optimal
2021-02-12 15:00:00,98,6,1.1428571428571428,0.0,0.0,0.1587333333333333,optimal
2021-02-12 15:30:00,98,6,1.1428571428571428,0.0,0.0,0.07886666666666665,optimal
2021-02-12 16:00:00,98,6,0.0,0.035607407407407414,0.0,2.7108000000000003,optimal
2021-02-12 16:30:00,98,6,0.0,0.0,0.0,1.1168333333333333,optimal
2021-02-12 17:00:00,98,6,0.0,0.0,0.0,1.8628666666666662,optimal
2021-02-12 17:30:00,98,6,0.0,0.23222222222222222,0.0,0.31556666666666666,optimal
2021-02-12 18:00:00,98,6,0.0,0.8932814814814815,0.0,0.35086666666666666,optimal
2021-02-12 18:30:00,98,6,0.0,0.9644962962962965,0.0,0.3504,optimal
2021-02-12 19:00:00,98,6,0.0,0.0,0.0,0.28733333333333333,optimal
2021-02-12 19:30:00,98,6,0.0,0.0774074074074074,0.0,0.41953333333333337,optimal
2021-02-12 20:00:00,98,6,0.0,0.0,0.0,1.2577333333333331,optimal
2021-02-12 20:30:00,98,6,0.0,0.1548148148148148,0.0,1.1176,optimal
2021-02-12 21:00:00,98,6,0.0,0.23222222222222222,0.0,0.4816666666666667,optimal
2021-02-12 21:30:00,98,6,0.0,0.0774074074074074,0.0,0.26193333333333335,optimal
2021-02-12 22:00:00,98,6,0.0,5.882962962962964,0.0,0.2187666666666667,optimal
2021-02-12 22:30:00,98,6,0.0,0.23222222222222222,0.0,0.33843333333333336,optimal
2021-02-12 23:00:00,98,6,0.0,0.0,0.0,0.12933333333333336,optimal
2021-02-12 23:30:00,98,6,0.0,0.0,0.0,0.14643333333333333,optimal
2021-02-13 00:00:00,98,6,0.0,0.0,0.0,0.5571,optimal
2021-02-13 00:30:00,98,6,0.0,0.0,0.0,2.0086333333333326,optimal
2021-02-13 01:00:00,98,6,0.34893521637263847,0.0,0.0,0.2708333333333333,optimal
2021-02-13 01:30:00,98,6,1.1428571428571428,0.0,0.0,0.063,optimal
2021-02-13 02:00:00,98,6,1.1428571428571428,0.0,0.0,0.20636666666666667,optimal
2021-02-13 02:30:00,98,6,1.1428571428571428,0.0,0.0,0.23096666666666668,optimal
2021-02-13 03:00:00,98,6,1.1428571428571428,0.0,0.0,0.1542666666666667,optimal
2021-02-13 03:30:00,98,6,1.1428571428571428,0.0,0.0,0.10823333333333332,optimal
2021-02-13 04:00:00,98,6,1.1428571428571428,0.0,0.0,0.3155,optimal
2021-02-13 04:30:00,98,6,1.1428571428571428,0.0,0.0,0.11066666666666669,optimal
2021-02-13 05:00:00,98,6,1.1428571428571428,0.0,0.0,0.25660000000000005,optimal
2021-02-13 05:30:00,98,6,1.1428571428571428,0.0,0.0,0.1297333333333333,optimal
2021-02-13 06:00:00,98,6,1.1428571428571428,0.0,1.2161596056946087,0.19333333333333327,optimal
2021-02-13 06:30:00,98,6,1.1428571428571428,0.0,5.0,0.2542333333333333,optimal
2021-02-13 07:00:00,98,6,1.1428571428571428,0.0,5.0,0.12276666666666668,optimal
2021-02-13 07:30:00,98,6,1.1428571428571428,0.0,0.0,0.20033333333333328,optimal
2021-02-13 08:00:00,98,6,0.8010197561184369,0.0,0.0,0.207,optimal
2021-02-13 08:30:00,98,6,0.7356757982676205,1.433585185185185,0.0,1.2069333333333334,optimal
2021-02-13 09:00:00,98,6,0.5093344664409981,0.34678518518518525,0.0,1.4681,optimal
2021-02-13 09:30:00,98,6,0.5436327724250037,0.1548148148148148,0.0,1.932,optimal
2021-02-13 10:00:00,98,6,0.22447590510983462,0.0,0.0,3.794433333333333,optimal
2021-02-13 10:30:00,98,6,0.05345480440186806,0.0,0.0,2.6402666666666668,optimal
2021-02-13 11:00:00,98,6,0.02939800336133819,2.631851851851852,0.0,4.0696,optimal
2021-02-13 11:30:00,98,6,0.03837975979623696,0.23222222222222222,0.0,1.8298333333333332,optimal
2021-02-13 12:00:00,98,6,0.02860887641310467,2.4770370370370367,0.0,0.5099666666666666,optimal
2021-02-13 12:30:00,98,6,0.0,0.3096296296296296,0.0,1.7318666666666667,optimal
2021-02-13 13:00:00,98,6,0.0679759828328553,0.0774074074074074,0.0,3.453766666666667,optimal
2021-02-13 13:30:00,98,6,1.1428571428571428,0.0,0.0,0.2494,optimal
2021-02-13 14:00:00,98,6,1.1428571428571428,0.0,0.0,0.256,optimal
2021-02-13 14:30:00,98,6,1.1428571428571428,0.0,0.0,1.2420666666666667,optimal
2021-02-13 15:00:00,98,6,1.1428571428571428,0.5418518518518518,0.0,1.6250666666666667,optimal
2021-02-13 15:30:00,98,6,1.1428571428571428,0.0,0.0,1.392,optimal
2021-02-13 16:00:00,98,6,0.0,0.0,0.0,0.44680000000000003,optimal
2021-02-13 16:30:00,98,6,0.0,0.0,0.0,0.4624666666666666,optimal
2021-02-13 17:00:00,98,6,0.0,0.0,0.0,0.7875666666666667,optimal
2021-02-13 17:30:00,98,6,0.0,0.3096296296296296,0.0,0.47333333333333333,optimal
2021-02-13 18:00:00,98,6,0.0,0.23222222222222222,0.0,0.4958333333333333,optimal
2021-02-13 18:30:00,98,6,0.0,0.387037037037037,0.0,2.3964333333333334,optimal
2021-02-13 19:00:00,98,6,0.0,0.0,0.0,0.4656666666666667,optimal
2021-02-13 19:30:00,98,6,0.0,0.0,0.0,0.4895333333333334,optimal
2021-02-13 20:00:00,98,6,0.0,0.0,0.0,2.6092,optimal
2021-02-13 20:30:00,98,6,0.0,0.46444444444444444,0.0,0.7015333333333333,optimal
2021-02-13 21:00:00,98,6,0.0,0.0,0.0,0.3256,optimal
2021-02-13 21:30:00,98,6,0.0,0.0774074074074074,0.0,0.7133999999999999,optimal
2021-02-13 22:00:00,98,6,0.0,0.8716074074074074,0.0,2.2230666666666665,optimal
2021-02-13 22:30:00,98,6,0.0,0.753948148148148,0.0,0.38130000000000003,optimal
2021-02-13 23:00:00,98,6,0.0,0.46444444444444444,0.0,0.4971666666666667,optimal
2021-02-13 23:30:00,98,6,0.0,0.0,0.0,2.5090333333333334,optimal
2021-02-07 00:00:00,99,6,0.0,0.0,0.0,0.128,optimal
2021-02-07 00:30:00,99,6,0.0,0.0,0.0,0.1408,optimal
2021-02-07 01:00:00,99,6,0.0,0.0,0.0,0.178,optimal
2021-02-07 01:30:00,99,6,0.0,0.0,0.0,0.064,optimal
2021-02-07 02:00:00,99,6,0.0,0.0,0.0,0.1664,optimal
2021-02-07 02:30:00,99,6,0.0,0.0,0.0,0.205,optimal
2021-02-07 03:00:00,99,6,0.0,0.0,0.0,0.1394,optimal
2021-02-07 03:30:00,99,6,0.0,0.0,0.0,0.2092,optimal
2021-02-07 04:00:00,99,6,1.1428571428571428,0.0,0.0,0.10959999999999999,optimal
2021-02-07 04:30:00,99,6,1.1428571428571428,0.0,0.0,0.2504,optimal
2021-02-07 05:00:00,99,6,1.1428571428571428,0.0,0.0,0.1394,optimal
2021-02-07 05:30:00,99,6,1.1428571428571428,0.0,0.0,0.067,optimal
2021-02-07 06:00:00,99,6,1.1428571428571428,0.0,0.0,0.2048,optimal
2021-02-07 06:30:00,99,6,1.1428571428571428,0.0,0.0,0.0995,optimal
2021-02-07 07:00:00,99,6,1.1428571428571428,0.0,1.8089900112525021,0.1915,optimal
2021-02-07 07:30:00,99,6,0.0,0.0,0.0,0.1821333333333333,optimal
2021-02-07 08:00:00,99,6,0.0,4.3348148148148145,0.0,0.06833333333333333,optimal
2021-02-07 08:30:00,99,6,0.4082184250719967,0.3096296296296296,0.0,0.32363333333333333,optimal
2021-02-07 09:00:00,99,6,0.4123729670086877,2.5544444444444445,0.0,0.6235666666666667,optimal
2021-02-07 09:30:00,99,6,0.518590913919781,0.0,0.0,0.27526666666666666,optimal
2021-02-07 10:00:00,99,6,0.4365234424598783,0.387037037037037,0.0,0.5908333333333333,optimal
2021-02-07 10:30:00,99,6,0.2937370724472325,0.23222222222222222,0.0,2.9509000000000003,optimal
2021-02-07 11:00:00,99,6,0.23744789156324878,0.0,0.0,2.7046666666666663,optimal
2021-02-07 11:30:00,99,6,0.36729360584895915,0.0,0.0,0.4842666666666667,optimal
2021-02-07 12:00:00,99,6,0.4551427505824506,0.0,0.0,0.1716,optimal
2021-02-07 12:30:00,99,6,0.8772561902734772,0.0,0.0,0.2312,optimal
2021-02-07 13:00:00,99,6,1.1428571428571428,0.0,0.0,0.074,optimal
2021-02-07 13:30:00,99,6,1.1428571428571428,0.0,0.0,0.32239999999999996,optimal
2021-02-07 14:00:00,99,6,1.1428571428571428,0.0,0.0,0.0804,optimal
2021-02-07 14:30:00,99,6,1.1428571428571428,0.0,0.0,0.1636,optimal
2021-02-07 15:00:00,99,6,1.1428571428571428,0.0,0.0,0.1252,optimal
2021-02-07 15:30:00,99,6,1.1428571428571428,0.0,0.0,0.188,optimal
2021-02-07 16:00:00,99,6,0.0,0.0,0.0,0.21480000000000002,optimal
2021-02-07 16:30:00,99,6,0.0,0.0,0.0,0.18230000000000002,optimal
2021-02-07 17:00:00,99,6,0.0,0.0,0.0,0.2559666666666667,optimal
2021-02-07 17:30:00,99,6,0.0,0.23222222222222222,0.0,0.337,optimal
2021-02-07 18:00:00,99,6,0.0,0.1548148148148148,0.0,0.4240333333333334,optimal
2021-02-07 18:30:00,99,6,0.0,0.0,0.0,0.3766666666666667,optimal
2021-02-07 19:00:00,99,6,0.0,0.0,0.0,0.5338333333333334,optimal
2021-02-07 19:30:00,99,6,0.5088980972088194,0.46444444444444444,0.0,0.43810000000000004,optimal
2021-02-07 20:00:00,99,6,0.45904095435167586,0.23222222222222222,0.0,0.3138666666666667,optimal
2021-02-07 20:30:00,99,6,0.0,6.889259259259259,0.0,0.4766,optimal
2021-02-07 21:00:00,99,6,0.0,0.0,0.0,0.3846,optimal
2021-02-07 21:30:00,99,6,0.0,0.0,0.0,0.4603333333333333,optimal
2021-02-07 22:00:00,99,6,0.0,0.3096296296296296,0.0,0.4274,optimal
2021-02-07 22:30:00,99,6,0.0,0.0,0.0,0.2381,optimal
2021-02-07 23:00:00,99,6,0.0,0.0,0.0,0.1709,optimal
2021-02-07 23:30:00,99,6,0.0,0.0,0.0,0.184,optimal
2021-02-08 00:00:00,99,6,0.0,0.0,0.0,0.148,optimal
2021-02-08 00:30:00,99,6,0.0,0.0,0.0,0.064,optimal
2021-02-08 01:00:00,99,6,0.0,0.0,0.0,0.064,optimal
2021-02-08 01:30:00,99,6,0.0,0.0,0.0,0.148,optimal
2021-02-08 02:00:00,99,6,1.0077556325032058,0.0,0.0,0.064,optimal
2021-02-08 02:30:00,99,6,1.1428571428571428,0.0,0.0,0.064,optimal
2021-02-08 03:00:00,99,6,1.1428571428571428,0.0,0.0,0.148,optimal
2021-02-08 03:30:00,99,6,1.1428571428571428,0.0,0.0,0.064,optimal
2021-02-08 04:00:00,99,6,1.1428571428571428,0.0,0.0,0.064,optimal
2021-02-08 04:30:00,99,6,1.1428571428571428,0.0,0.0,0.064,optimal
2021-02-08 05:00:00,99,6,1.1428571428571428,0.0,0.0,0.148,optimal
2021-02-08 05:30:00,99,6,1.1428571428571428,0.0,1.3232765865640175,0.064,optimal
2021-02-08 06:00:00,99,6,1.1428571428571428,0.0,5.0,0.112,optimal
2021-02-08 06:30:00,99,6,1.1428571428571428,0.0,5.0,0.1,optimal
2021-02-08 07:00:00,99,6,1.1428571428571428,0.0,5.0,0.06833333333333333,optimal
2021-02-08 07:30:00,99,6,1.1428571428571428,0.0774074074074074,0.0,0.5052666666666666,optimal
2021-02-08 08:00:00,99,6,0.5162387698696622,0.387037037037037,0.0,1.5553,optimal
2021-02-08 08:30:00,99,6,0.7000028760474962,0.23222222222222222,0.0,0.19066666666666662,optimal
2021-02-08 09:00:00,99,6,0.6949052161983346,0.0,0.0,0.158,optimal
2021-02-08 09:30:00,99,6,0.7124733426458802,0.0,0.0,0.074,optimal
2021-02-08 10:00:00,99,6,0.5530751168660321,0.0,0.0,0.074,optimal
2021-02-08 10:30:00,99,6,0.5355069904184864,0.0,0.0,0.158,optimal
2021-02-08 11:00:00,99,6,0.3858645505893146,0.0,0.0,0.074,optimal
2021-02-08 11:30:00,99,6,0.38157663488768623,0.0,0.0,0.074,optimal
2021-02-08 12:00:00,99,6,0.30227937108086816,0.0,0.0,0.14,optimal
2021-02-08 12:30:00,99,6,0.30741782539188367,0.0,0.0,0.092,optimal
2021-02-08 13:00:00,99,6,1.1428571428571428,0.0,0.0,0.074,optimal
2021-02-08 13:30:00,99,6,1.1428571428571428,0.0,0.0,0.158,optimal
2021-02-08 14:00:00,99,6,1.1428571428571428,0.0,0.0,0.074,optimal
2021-02-08 14:30:00,99,6,1.1428571428571428,0.0,0.0,0.122,optimal
2021-02-08 15:00:00,99,6,1.1428571428571428,0.0,0.0,0.11,optimal
2021-02-08 15:30:00,99,6,1.1428571428571428,0.0,0.0,0.074,optimal
2021-02-08 16:00:00,99,6,0.0,0.0,0.0,0.14,optimal
2021-02-08 16:30:00,99,6,0.0,0.0,0.0,0.092,optimal
2021-02-08 17:00:00,99,6,0.0,0.0,0.0,0.074,optimal
2021-02-08 17:30:00,99,6,0.0,0.0,0.0,0.35153333333333336,optimal
2021-02-08 18:00:00,99,6,0.0,0.0774074074074074,0.0,0.365,optimal
2021-02-08 18:30:00,99,6,0.0,0.46444444444444444,0.0,0.42210000000000003,optimal
2021-02-08 19:00:00,99,6,0.0,0.1548148148148148,0.0,0.36819999999999997,optimal
2021-02-08 19:30:00,99,6,0.4926977338988927,0.0,0.0,0.30806666666666666,optimal
2021-02-08 20:00:00,99,6,0.4892051075079074,0.0,0.0,0.36360000000000003,optimal
2021-02-08 20:30:00,99,6,0.0,0.0,0.0,0.5485333333333333,optimal
2021-02-08 21:00:00,99,6,0.0,0.0,0.0,0.492,optimal
2021-02-08 21:30:00,99,6,0.0,0.1548148148148148,0.0,0.4708333333333333,optimal
2021-02-08 22:00:00,99,6,0.0,0.1548148148148148,0.0,0.4294666666666666,optimal
2021-02-08 22:30:00,99,6,0.0,0.0,0.0,0.11713333333333334,optimal
2021-02-08 23:00:00,99,6,0.0,0.0,0.0,0.2142666666666667,optimal
2021-02-08 23:30:00,99,6,0.0,0.2740222222222222,0.0,0.25626666666666664,optimal
2021-02-09 00:00:00,99,6,0.0,0.0,0.0,0.062,optimal
2021-02-09 00:30:00,99,6,0.0,0.0,0.0,0.062,optimal
2021-02-09 01:00:00,99,6,0.0,0.0,0.0,0.27726666666666666,optimal
2021-02-09 01:30:00,99,6,0.0,0.0,0.0,0.062,optimal
2021-02-09 02:00:00,99,6,0.8358043112228927,0.0,0.0,0.11693333333333333,optimal
2021-02-09 02:30:00,99,6,1.1428571428571428,0.0,0.0,0.15813333333333332,optimal
2021-02-09 03:00:00,99,6,1.1428571428571428,0.0,0.0,0.1262,optimal
2021-02-09 03:30:00,99,6,1.1428571428571428,0.0,0.0,0.06886666666666666,optimal
2021-02-09 04:00:00,99,6,1.1428571428571428,0.0,0.0,0.22046666666666667,optimal
2021-02-09 04:30:00,99,6,1.1428571428571428,0.0,0.0,0.11193333333333334,optimal
2021-02-09 05:00:00,99,6,1.1428571428571428,0.0,0.0,0.15813333333333332,optimal
2021-02-09 05:30:00,99,6,1.1428571428571428,0.0,1.5419731147951823,0.1811333333333333,optimal
2021-02-09 06:00:00,99,6,1.1428571428571428,0.0,5.0,0.11693333333333333,optimal
2021-02-09 06:30:00,99,6,1.1428571428571428,0.0,5.0,0.15813333333333332,optimal
2021-02-09 07:00:00,99,6,1.1428571428571428,0.0774074074074074,5.0,0.29793333333333333,optimal
2021-02-09 07:30:00,99,6,1.1428571428571428,0.6192592592592592,0.0,2.8271333333333333,optimal
2021-02-09 08:00:00,99,6,0.6492395349939046,3.6381481481481477,0.0,0.10933333333333331,optimal
2021-02-09 08:30:00,99,6,0.6137686138224052,0.6192592592592592,0.0,0.27596666666666664,optimal
2021-02-09 09:00:00,99,6,0.4160328845542754,0.6192592592592592,0.0,2.5046,optimal
2021-02-09 09:30:00,99,6,0.6020062803065132,0.0,0.0,0.10479999999999999,optimal
2021-02-09 10:00:00,99,6,0.0,0.1548148148148148,0.0,5.702533333333334,optimal
2021-02-09 10:30:00,99,6,0.27126602016210644,0.23222222222222222,0.0,0.29556666666666664,optimal
2021-02-09 11:00:00,99,6,0.30798609860821724,0.0,0.0,0.22716666666666663,optimal
2021-02-09 11:30:00,99,6,0.3330040455193039,0.0,0.0,0.1321,optimal
2021-02-09 12:00:00,99,6,0.21610805812480618,0.0,0.0,0.14066666666666666,optimal
2021-02-09 12:30:00,99,6,0.21432820645181086,0.0,0.0,0.1544,optimal
2021-02-09 13:00:00,99,6,0.4167385596621447,0.0,0.0,0.09259999999999999,optimal
2021-02-09 13:30:00,99,6,1.1428571428571428,0.0,0.0,0.2488333333333333,optimal
2021-02-09 14:00:00,99,6,1.1428571428571428,0.0,0.0,0.08983333333333333,optimal
2021-02-09 14:30:00,99,6,1.1428571428571428,0.0,0.0,0.22306666666666664,optimal
2021-02-09 15:00:00,99,6,1.1428571428571428,0.0,0.0,0.12906666666666666,optimal
2021-02-09 15:30:00,99,6,1.1428571428571428,0.0,0.0,0.14780000000000001,optimal
2021-02-09 16:00:00,99,6,0.0,0.0,0.0,0.30639999999999995,optimal
2021-02-09 16:30:00,99,6,0.0,0.0,0.0,0.15203333333333333,optimal
2021-02-09 17:00:00,99,6,0.0,0.23222222222222222,0.0,1.5287666666666668,optimal
2021-02-09 17:30:00,99,6,0.0,0.3096296296296296,0.0,3.0721333333333334,optimal
2021-02-09 18:00:00,99,6,0.0,0.46444444444444444,0.0,2.1484666666666667,optimal
2021-02-09 18:30:00,99,6,0.0,0.0,0.0,3.2596999999999996,optimal
2021-02-09 19:00:00,99,6,0.0,1.548148148148148,0.0,1.5709000000000002,optimal
2021-02-09 19:30:00,99,6,0.0,0.0,0.0,0.37606666666666666,optimal
2021-02-09 20:00:00,99,6,0.0,0.387037037037037,0.0,0.5851333333333333,optimal
2021-02-09 20:30:00,99,6,0.0,0.0,0.0,2.8145,optimal
2021-02-09 21:00:00,99,6,0.0,0.0,0.0,0.41453333333333336,optimal
2021-02-09 21:30:00,99,6,0.0,0.1548148148148148,0.0,0.2618333333333333,optimal
2021-02-09 22:00:00,99,6,0.0,0.3096296296296296,0.0,0.5553333333333333,optimal
2021-02-09 22:30:00,99,6,0.0,0.23222222222222222,0.0,2.1479,optimal
2021-02-09 23:00:00,99,6,0.0,0.0,0.0,0.1362,optimal
2021-02-09 23:30:00,99,6,0.0,0.0,0.0,0.14066666666666666,optimal
2021-02-10 00:00:00,99,6,0.0,0.0,0.0,0.046666666666666655,optimal
2021-02-10 00:30:00,99,6,0.0,0.0,0.0,0.05553333333333333,optimal
2021-02-10 01:00:00,99,6,0.0,0.0,0.0,0.1336,optimal
2021-02-10 01:30:00,99,6,0.961664911975531,0.0,0.0,0.053,optimal
2021-02-10 02:00:00,99,6,1.1428571428571428,0.0,0.0,0.1336,optimal
2021-02-10 02:30:00,99,6,1.1428571428571428,0.0,0.0,0.07333333333333333,optimal
2021-02-10 03:00:00,99,6,1.1428571428571428,0.0,0.0,0.10246666666666668,optimal
2021-02-10 03:30:00,99,6,1.1428571428571428,0.0,0.0,0.1398,optimal
2021-02-10 04:00:00,99,6,1.1428571428571428,0.0,0.0,0.0742,optimal
2021-02-10 04:30:00,99,6,1.1428571428571428,0.0,0.0,0.09540000000000001,optimal
2021-02-10 05:00:00,99,6,1.1428571428571428,0.0,0.0,0.1822,optimal
2021-02-10 05:30:00,99,6,1.1428571428571428,0.0,0.0,0.0742,optimal
2021-02-10 06:00:00,99,6,1.1428571428571428,0.0,4.726359057409148,0.1308666666666667,optimal
2021-02-10 06:30:00,99,6,1.1428571428571428,0.0,5.0,0.29960000000000003,optimal
2021-02-10 07:00:00,99,6,1.1428571428571428,0.1548148148148148,5.0,0.052,optimal
2021-02-10 07:30:00,99,6,1.1428571428571428,0.23222222222222222,0.0,0.26003333333333334,optimal
2021-02-10 08:00:00,99,6,0.6788549148608676,1.006296296296296,0.0,0.19583333333333328,optimal
2021-02-10 08:30:00,99,6,0.6268695596480678,0.6192592592592592,0.0,0.2616,optimal
2021-02-10 09:00:00,99,6,0.5456369367963522,0.9288888888888889,0.0,0.261,optimal
2021-02-10 09:30:00,99,6,0.5546992006311714,0.774074074074074,0.0,0.2036,optimal
2021-02-10 10:00:00,99,6,0.2934918205257422,0.387037037037037,0.0,0.5448,optimal
2021-02-10 10:30:00,99,6,0.11331137554471948,0.0,0.0,1.556,optimal
2021-02-10 11:00:00,99,6,0.38851444425243137,0.0,0.0,0.08833333333333333,optimal
2021-02-10 11:30:00,99,6,0.3614455761698369,0.0,0.0,0.16806666666666667,optimal
2021-02-10 12:00:00,99,6,0.22738608401906377,0.0,0.0,0.053,optimal
2021-02-10 12:30:00,99,6,0.49104037230916775,0.0,0.0,0.053,optimal
2021-02-10 13:00:00,99,6,1.1428571428571428,0.0,0.0,0.2226,optimal
2021-02-10 13:30:00,99,6,1.1428571428571428,0.0,0.0,0.0778,optimal
2021-02-10 14:00:00,99,6,1.1428571428571428,0.0,0.0,0.053,optimal
2021-02-10 14:30:00,99,6,1.1428571428571428,0.0,0.0,0.1398,optimal
2021-02-10 15:00:00,99,6,1.1428571428571428,0.0,0.0,0.1166,optimal
2021-02-10 15:30:00,99,6,1.1428571428571428,0.0,0.0,0.0592,optimal
2021-02-10 16:00:00,99,6,0.0,0.0,0.0,0.15833333333333335,optimal
2021-02-10 16:30:00,99,6,0.0,0.0,0.0,0.09186666666666667,optimal
2021-02-10 17:00:00,99,6,0.0,0.0,0.0,0.1398,optimal
2021-02-10 17:30:00,99,6,0.0,0.0,0.0,0.1166,optimal
2021-02-10 18:00:00,99,6,0.0,0.0,0.0,0.053,optimal
2021-02-10 18:30:00,99,6,0.0,0.0,0.0,0.1166,optimal
2021-02-10 19:00:00,99,6,0.0,0.6192592592592592,0.0,0.2718,optimal
2021-02-10 19:30:00,99,6,0.7142047719241859,0.0,0.0,0.2005,optimal
2021-02-10 20:00:00,99,6,0.6594674183211306,0.0,0.0,0.2933,optimal
2021-02-10 20:30:00,99,6,0.0,2.7092592592592597,0.0,0.2507333333333333,optimal
2021-02-10 21:00:00,99,6,0.0,0.3096296296296296,0.0,1.3956666666666668,optimal
2021-02-10 21:30:00,99,6,0.0,0.0,0.0,0.42033333333333334,optimal
2021-02-10 22:00:00,99,6,0.0,0.0,0.0,0.4315,optimal
2021-02-10 22:30:00,99,6,0.0,0.0,0.0,0.143,optimal
2021-02-10 23:00:00,99,6,0.0,0.0,0.0,0.053,optimal
2021-02-10 23:30:00,99,6,0.0,0.0,0.0,0.1662,optimal
2021-02-11 00:00:00,99,6,1.1428571428571428,0.0,0.0,0.09266666666666669,optimal
2021-02-11 00:30:00,99,6,1.1428571428571428,0.0,0.0,0.08493333333333333,optimal
2021-02-11 01:00:00,99,6,1.1428571428571428,0.0,0.0,0.054,optimal
2021-02-11 01:30:00,99,6,1.1428571428571428,0.0,0.0,0.11586666666666666,optimal
2021-02-11 02:00:00,99,6,1.1428571428571428,0.0,0.0,0.06173333333333333,optimal
2021-02-11 02:30:00,99,6,1.1428571428571428,0.0,0.0,0.054,optimal
2021-02-11 03:00:00,99,6,1.1428571428571428,0.0,0.0,0.08106666666666666,optimal
2021-02-11 03:30:00,99,6,1.1428571428571428,0.0,0.0,0.09653333333333332,optimal
2021-02-11 04:00:00,99,6,1.1428571428571428,0.0,0.0,0.054,optimal
2021-02-11 04:30:00,99,6,1.1428571428571428,0.0,0.0,0.054,optimal
2021-02-11 05:00:00,99,6,1.1428571428571428,0.0,0.0,0.054,optimal
2021-02-11 05:30:00,99,6,1.1428571428571428,0.0,0.0,0.12359999999999999,optimal
2021-02-11 06:00:00,99,6,1.1428571428571428,0.0,0.0,0.054,optimal
2021-02-11 06:30:00,99,6,1.1428571428571428,0.0,4.07217697332165,0.054,optimal
2021-02-11 07:00:00,99,6,1.1428571428571428,0.23222222222222222,5.0,0.05586666666666667,optimal
2021-02-11 07:30:00,99,6,1.1428571428571428,1.2863649986411863,0.0,0.11773333333333331,optimal
2021-02-11 08:00:00,99,6,0.7555055173825543,2.8640740740740736,0.0,2.384,optimal
2021-02-11 08:30:00,99,6,0.7834326290302522,0.9288888888888889,0.0,0.08273333333333334,optimal
2021-02-11 09:00:00,99,6,0.5605716408684492,0.23222222222222222,0.0,2.628033333333333,optimal
2021-02-11 09:30:00,99,6,0.6298934127438486,3.5607407407407403,0.0,0.44273333333333337,optimal
2021-02-11 10:00:00,99,6,0.2875878707884454,0.0,0.0,2.082866666666667,optimal
2021-02-11 10:30:00,99,6,0.3070315554744502,0.23222222222222222,0.0,0.6033,optimal
2021-02-11 11:00:00,99,6,0.1458433863211175,0.1548148148148148,0.0,2.179466666666667,optimal
2021-02-11 11:30:00,99,6,0.18908211379695045,5.960370370370371,0.0,1.3736,optimal
2021-02-11 12:00:00,99,6,0.06525464622518914,0.387037037037037,0.0,1.1290333333333333,optimal
2021-02-11 12:30:00,99,6,0.11434700368836614,0.0,0.0,0.06733333333333333,optimal
2021-02-11 13:00:00,99,6,1.1428571428571428,0.3096296296296296,0.0,2.436933333333333,optimal
2021-02-11 13:30:00,99,6,1.1428571428571428,0.3096296296296296,0.0,0.18853333333333333,optimal
2021-02-11 14:00:00,99,6,1.1428571428571428,0.0,0.0,0.4053333333333333,optimal
2021-02-11 14:30:00,99,6,1.1428571428571428,0.0,0.0,0.23006666666666664,optimal
2021-02-11 15:00:00,99,6,1.1428571428571428,0.3096296296296296,0.0,0.9124666666666668,optimal
2021-02-11 15:30:00,99,6,1.1428571428571428,0.0,0.0,1.6565333333333334,optimal
2021-02-11 16:00:00,99,6,0.0,0.0774074074074074,0.0,0.06243333333333333,optimal
2021-02-11 16:30:00,99,6,0.0,0.0,0.0,0.09046666666666668,optimal
2021-02-11 17:00:00,99,6,0.0,0.3096296296296296,0.0,0.1359,optimal
2021-02-11 17:30:00,99,6,0.0,0.1548148148148148,0.0,0.11813333333333334,optimal
2021-02-11 18:00:00,99,6,0.0,0.5418518518518518,0.0,0.1542666666666667,optimal
2021-02-11 18:30:00,99,6,0.0,1.315925925925926,0.0,2.6161999999999996,optimal
2021-02-11 19:00:00,99,6,0.0,0.387037037037037,0.0,0.10603333333333331,optimal
2021-02-11 19:30:00,99,6,0.16239116376321433,0.1548148148148148,0.0,0.2911333333333333,optimal
2021-02-11 20:00:00,99,6,0.8933306351938244,0.0,0.0,0.20186666666666667,optimal
2021-02-11 20:30:00,99,6,0.0,0.1548148148148148,0.0,0.814,optimal
2021-02-11 21:00:00,99,6,0.0,0.0,0.0,1.3779666666666668,optimal
2021-02-11 21:30:00,99,6,0.0,0.0,0.0,0.17126666666666668,optimal
2021-02-11 22:00:00,99,6,0.0,0.0,0.0,0.12836666666666668,optimal
2021-02-11 22:30:00,99,6,0.0,0.0,0.0,0.22713333333333333,optimal
2021-02-11 23:00:00,99,6,0.0,0.0,0.0,0.10266666666666668,optimal
2021-02-11 23:30:00,99,6,0.0,0.0,0.0,0.11040000000000001,optimal
2021-02-12 00:00:00,99,6,1.1428571428571428,0.23222222222222222,0.0,0.058333333333333334,optimal
2021-02-12 00:30:00,99,6,1.1428571428571428,0.0,0.0,0.2537,optimal
2021-02-12 01:00:00,99,6,1.1428571428571428,0.0,0.0,0.19946666666666668,optimal
2021-02-12 01:30:00,99,6,1.1428571428571428,1.9351851851851851,0.0,0.2518666666666667,optimal
2021-02-12 02:00:00,99,6,1.1428571428571428,0.0,0.0,0.09226666666666668,optimal
2021-02-12 02:30:00,99,6,1.1428571428571428,0.0,0.0,0.1772,optimal
2021-02-12 03:00:00,99,6,1.1428571428571428,0.0,0.0,0.068,optimal
2021-02-12 03:30:00,99,6,1.1428571428571428,0.0,0.0,0.068,optimal
2021-02-12 04:00:00,99,6,1.1428571428571428,0.0,0.0,0.20146666666666666,optimal
2021-02-12 04:30:00,99,6,1.1428571428571428,0.0,0.0,0.068,optimal
2021-02-12 05:00:00,99,6,1.1428571428571428,0.0,0.0,0.068,optimal
2021-02-12 05:30:00,99,6,1.1428571428571428,0.0,0.0,0.1044,optimal
2021-02-12 06:00:00,99,6,1.1428571428571428,0.0,0.6871416711538365,0.35883333333333334,optimal
2021-02-12 06:30:00,99,6,1.1428571428571428,0.0,5.0,0.1034,optimal
2021-02-12 07:00:00,99,6,1.1428571428571428,3.0188888888888883,5.0,0.37946666666666656,optimal
2021-02-12 07:30:00,99,6,1.1428571428571428,10.959549007533925,0.0,1.6552333333333331,optimal
2021-02-12 08:00:00,99,6,0.7849319343736163,2.7866666666666666,0.0,0.4471,optimal
2021-02-12 08:30:00,99,6,0.6885858610149744,0.46444444444444444,0.0,2.275233333333333,optimal
2021-02-12 09:00:00,99,6,0.6684875084694553,0.1548148148148148,0.0,0.3440666666666667,optimal
2021-02-12 09:30:00,99,6,0.6104066963668118,0.23222222222222222,0.0,0.34376666666666666,optimal
2021-02-12 10:00:00,99,6,0.3271907387119712,0.0774074074074074,0.0,0.3152,optimal
2021-02-12 10:30:00,99,6,0.3906295520958977,0.23222222222222222,0.0,0.16,optimal
2021-02-12 11:00:00,99,6,0.27771946124675584,0.0,0.0,0.11046666666666669,optimal
2021-02-12 11:30:00,99,6,0.1794231224435533,0.1548148148148148,0.0,0.251,optimal
2021-02-12 12:00:00,99,6,0.028880015287857823,0.0774074074074074,0.0,1.934,optimal
2021-02-12 12:30:00,99,6,0.0244312955322774,0.3096296296296296,0.0,0.2646,optimal
2021-02-12 13:00:00,99,6,0.1550557442544023,0.387037037037037,0.0,0.3829333333333333,optimal
2021-02-12 13:30:00,99,6,1.1428571428571428,0.3096296296296296,0.0,0.4859333333333333,optimal
2021-02-12 14:00:00,99,6,1.1428571428571428,0.0,0.0,0.0862,optimal
2021-02-12 14:30:00,99,6,1.1428571428571428,0.0,0.0,1.8788,optimal
2021-02-12 15:00:00,99,6,1.1428571428571428,0.0,0.0,1.0456666666666667,optimal
2021-02-12 15:30:00,99,6,1.1428571428571428,0.0,0.0,0.15293333333333334,optimal
2021-02-12 16:00:00,99,6,0.0,0.6192592592592592,0.0,2.0593666666666666,optimal
2021-02-12 16:30:00,99,6,0.0,0.1548148148148148,0.0,1.494,optimal
2021-02-12 17:00:00,99,6,0.0,0.6192592592592592,0.0,0.6362000000000001,optimal
2021-02-12 17:30:00,99,6,0.0,0.0,0.0,0.47873333333333334,optimal
2021-02-12 18:00:00,99,6,0.0,2.751059259259259,0.0,0.23503333333333334,optimal
2021-02-12 18:30:00,99,6,0.0,2.3578296296296295,0.0,0.31443333333333334,optimal
2021-02-12 19:00:00,99,6,0.0,2.8640740740740736,0.0,1.3996666666666668,optimal
2021-02-12 19:30:00,99,6,0.0,0.23222222222222222,0.0,0.8846,optimal
2021-02-12 20:00:00,99,6,0.0,0.5418518518518518,0.0,0.6263333333333334,optimal
2021-02-12 20:30:00,99,6,0.0,0.0,0.0,0.35,optimal
2021-02-12 21:00:00,99,6,0.0,0.0,0.0,1.7243666666666666,optimal
2021-02-12 21:30:00,99,6,0.0,0.0,0.0,1.3446666666666667,optimal
2021-02-12 22:00:00,99,6,0.0,0.0,0.0,0.13683333333333333,optimal
2021-02-12 22:30:00,99,6,0.0,0.1548148148148148,0.0,0.21746666666666667,optimal
2021-02-12 23:00:00,99,6,0.0,0.0,0.0,0.072,optimal
2021-02-12 23:30:00,99,6,0.0,0.0,0.0,0.06566666666666666,optimal
2021-02-13 00:00:00,99,6,0.0,0.0,0.0,0.1804,optimal
2021-02-13 00:30:00,99,6,0.0,0.0,0.0,0.0922,optimal
2021-02-13 01:00:00,99,6,0.24847413101737334,0.0,0.0,0.1705,optimal
2021-02-13 01:30:00,99,6,1.1428571428571428,0.0,0.0,0.1705,optimal
2021-02-13 02:00:00,99,6,1.1428571428571428,0.0,0.0,0.067,optimal
2021-02-13 02:30:00,99,6,1.1428571428571428,0.0,0.0,0.2007,optimal
2021-02-13 03:00:00,99,6,1.1428571428571428,0.0,0.0,0.1403,optimal
2021-02-13 03:30:00,99,6,1.1428571428571428,0.0,0.0,0.067,optimal
2021-02-13 04:00:00,99,6,1.1428571428571428,0.0,0.0,0.1429,optimal
2021-02-13 04:30:00,99,6,1.1428571428571428,0.0,0.0,0.1981,optimal
2021-02-13 05:00:00,99,6,1.1428571428571428,0.0,0.0,0.067,optimal
2021-02-13 05:30:00,99,6,1.1428571428571428,0.6966666666666667,0.0,0.29936666666666667,optimal
2021-02-13 06:00:00,99,6,1.1428571428571428,0.387037037037037,0.0,0.25880000000000003,optimal
2021-02-13 06:30:00,99,6,1.1428571428571428,0.0,1.8174753837520317,0.1066,optimal
2021-02-13 07:00:00,99,6,1.1428571428571428,0.3096296296296296,5.0,1.0551,optimal
2021-02-13 07:30:00,99,6,1.1428571428571428,0.774074074074074,0.0,1.1676333333333335,optimal
2021-02-13 08:00:00,99,6,0.5942007084993923,0.6192592592592592,0.0,0.3976,optimal
2021-02-13 08:30:00,99,6,0.5562996077914302,0.3096296296296296,0.0,1.3212666666666668,optimal
2021-02-13 09:00:00,99,6,0.6368106569171799,5.495925925925925,0.0,0.14396666666666666,optimal
2021-02-13 09:30:00,99,6,0.2962394390916653,0.1548148148148148,0.0,1.8302,optimal
2021-02-13 10:00:00,99,6,0.26417209558602694,2.5544444444444445,0.0,0.4249666666666666,optimal
2021-02-13 10:30:00,99,6,0.26487480440187333,2.2448148148148146,0.0,1.2083,optimal
2021-02-13 11:00:00,99,6,0.1477503843137161,0.0,0.0,0.17013333333333333,optimal
2021-02-13 11:30:00,99,6,0.07928261693909147,0.0,0.0,0.4181666666666667,optimal
2021-02-13 12:00:00,99,6,0.07380887641310267,0.46444444444444444,0.0,0.31389999999999996,optimal
2021-02-13 12:30:00,99,6,0.06865429404480178,0.387037037037037,0.0,0.32716666666666666,optimal
2021-02-13 13:00:00,99,6,1.1428571428571428,0.0,0.0,0.44053333333333333,optimal
2021-02-13 13:30:00,99,6,1.1428571428571428,0.0,0.0,0.7172000000000001,optimal
2021-02-13 14:00:00,99,6,1.1428571428571428,0.0,0.0,0.1904,optimal
2021-02-13 14:30:00,99,6,1.1428571428571428,0.0,0.0,0.1706,optimal
2021-02-13 15:00:00,99,6,1.1428571428571428,0.0,0.0,0.947,optimal
2021-02-13 15:30:00,99,6,1.1428571428571428,0.0,0.0,1.349,optimal
2021-02-13 16:00:00,99,6,0.0,0.0,0.0,0.37339999999999995,optimal
2021-02-13 16:30:00,99,6,0.0,0.0,0.0,0.2542666666666667,optimal
2021-02-13 17:00:00,99,6,0.0,0.0,0.0,0.4240333333333334,optimal
2021-02-13 17:30:00,99,6,0.0,0.0,0.0,0.6952,optimal
2021-02-13 18:00:00,99,6,0.0,0.23222222222222222,0.0,0.4243,optimal
2021-02-13 18:30:00,99,6,0.0,0.0,0.0,0.6403333333333334,optimal
2021-02-13 19:00:00,99,6,0.0,0.0,0.0,0.7409333333333333,optimal
2021-02-13 19:30:00,99,6,0.0,0.0,0.0,0.077,optimal
2021-02-13 20:00:00,99,6,0.4460035637116002,0.0,0.0,0.21559999999999999,optimal
2021-02-13 20:30:00,99,6,0.0,0.0,0.0,0.077,optimal
2021-02-13 21:00:00,99,6,0.0,2.3222222222222215,0.0,1.2723333333333333,optimal
2021-02-13 21:30:00,99,6,0.0,0.0,0.0,0.5142333333333333,optimal
2021-02-13 22:00:00,99,6,0.0,1.9351851851851851,0.0,0.8668333333333333,optimal
2021-02-13 22:30:00,99,6,0.0,0.0,0.0,0.3429333333333333,optimal
2021-02-13 23:00:00,99,6,0.0,0.0,0.0,0.21559999999999999,optimal
2021-02-13 23:30:00,99,6,0.0,0.0,0.0,0.0986,optimal
2021-02-07 00:00:00,100,6,0.0,0.0,0.0,0.09820000000000001,infeasible
2021-02-07 00:30:00,100,6,0.0,0.0,0.0,0.1308,infeasible
2021-02-07 01:00:00,100,6,0.0,0.0,0.0,0.21116666666666664,infeasible
2021-02-07 01:30:00,100,6,0.0,0.0,0.0,0.1673,infeasible
2021-02-07 02:00:00,100,6,0.0,0.0,0.0,0.06,infeasible
2021-02-07 02:30:00,100,6,0.0,0.0,0.0,0.28426666666666667,infeasible
2021-02-07 03:00:00,100,6,0.0,0.0,0.0,0.0942,infeasible
2021-02-07 03:30:00,100,6,0.0,0.0,0.0,0.10076666666666668,infeasible
2021-02-07 04:00:00,100,6,0.0,0.0,0.0,0.2777,infeasible
2021-02-07 04:30:00,100,6,0.0,0.0,0.0,0.06,infeasible
2021-02-07 05:00:00,100,6,0.0,0.0,0.0,0.20446666666666666,infeasible
2021-02-07 05:30:00,100,6,0.0,0.0,0.0,0.174,infeasible
2021-02-07 06:00:00,100,6,0.0,0.0,0.0,0.06933333333333333,infeasible
2021-02-07 06:30:00,100,6,0.0,0.0,0.0,0.16316666666666665,infeasible
2021-02-07 07:00:00,100,6,0.0,0.0,0.0,0.1857666666666667,infeasible
2021-02-07 07:30:00,100,6,0.0,0.0,0.0,0.1270333333333333,infeasible
2021-02-07 08:00:00,100,6,0.0,0.0,0.0,0.17163333333333333,infeasible
2021-02-07 08:30:00,100,6,0.0,0.0,0.0,0.06,infeasible
2021-02-07 09:00:00,100,6,0.0,0.0,0.0,0.2644666666666666,infeasible
2021-02-07 09:30:00,100,6,0.0,0.0,0.0,0.08213333333333334,infeasible
2021-02-07 10:00:00,100,6,0.0,0.0,0.0,0.3635333333333334,infeasible
2021-02-07 10:30:00,100,6,0.0,0.0,0.0,0.07656666666666666,infeasible
2021-02-07 11:00:00,100,6,0.0,0.0,0.0,0.15453333333333333,infeasible
2021-02-07 11:30:00,100,6,0.0,0.0,0.0,0.2311,infeasible
2021-02-07 12:00:00,100,6,0.0,0.0,0.0,0.06433333333333333,infeasible
2021-02-07 12:30:00,100,6,0.0,0.0,0.0,0.3439,infeasible
2021-02-07 13:00:00,100,6,0.0,0.0,0.0,0.6612,infeasible
2021-02-07 13:30:00,100,6,0.0,0.0,0.0,1.1916666666666667,infeasible
2021-02-07 14:00:00,100,6,0.0,0.0,0.0,0.19213333333333332,infeasible
2021-02-07 14:30:00,100,6,0.0,0.0,0.0,0.3983333333333333,infeasible
2021-02-07 15:00:00,100,6,0.0,0.0,0.0,0.275,infeasible
2021-02-07 15:30:00,100,6,0.0,0.0,0.0,0.39326666666666665,infeasible
2021-02-07 16:00:00,100,6,0.0,0.0,0.0,0.3138666666666667,infeasible
2021-02-07 16:30:00,100,6,0.0,0.0,0.0,0.8157333333333333,infeasible
2021-02-07 17:00:00,100,6,0.0,0.0,0.0,0.9360666666666668,infeasible
2021-02-07 17:30:00,100,6,0.0,0.0,0.0,0.4437,infeasible
2021-02-07 18:00:00,100,6,0.0,0.0,0.0,0.47486666666666666,infeasible
2021-02-07 18:30:00,100,6,0.0,0.0,0.0,0.46936666666666665,infeasible
2021-02-07 19:00:00,100,6,0.0,0.0,0.0,0.5179666666666667,infeasible
2021-02-07 19:30:00,100,6,0.0,0.0,0.0,0.21903333333333333,infeasible
2021-02-07 20:00:00,100,6,0.0,0.0,0.0,0.34963333333333335,infeasible
2021-02-07 20:30:00,100,6,0.0,0.0,0.0,0.2552666666666667,infeasible
2021-02-07 21:00:00,100,6,0.0,0.0,0.0,0.6146666666666666,infeasible
2021-02-07 21:30:00,100,6,0.0,0.0,0.0,0.3117333333333333,infeasible
2021-02-07 22:00:00,100,6,0.0,0.0,0.0,0.2238,infeasible
2021-02-07 22:30:00,100,6,0.0,0.0,0.0,0.4345,infeasible
2021-02-07 23:00:00,100,6,0.0,0.0,0.0,0.26253333333333334,infeasible
2021-02-07 23:30:00,100,6,0.0,0.0,0.0,0.9660666666666669,infeasible
2021-02-08 00:00:00,100,6,0.0,0.0,0.0,0.2297333333333333,infeasible
2021-02-08 00:30:00,100,6,0.0,0.0,0.0,0.30010000000000003,infeasible
2021-02-08 01:00:00,100,6,0.0,0.0,0.0,0.12496666666666668,infeasible
2021-02-08 01:30:00,100,6,0.0,0.0,0.0,0.17376666666666668,infeasible
2021-02-08 02:00:00,100,6,0.0,0.0,0.0,0.16866666666666666,infeasible
2021-02-08 02:30:00,100,6,0.0,0.0,0.0,0.19046666666666667,infeasible
2021-02-08 03:00:00,100,6,0.0,0.0,0.0,0.068,infeasible
2021-02-08 03:30:00,100,6,0.0,0.0,0.0,0.25216666666666665,infeasible
2021-02-08 04:00:00,100,6,0.0,0.0,0.0,0.10696666666666668,infeasible
2021-02-08 04:30:00,100,6,0.0,0.0,0.0,0.068,infeasible
2021-02-08 05:00:00,100,6,0.0,0.0,0.0,0.068,infeasible
2021-02-08 05:30:00,100,6,0.0,0.0,0.0,0.4375333333333334,infeasible
2021-02-08 06:00:00,100,6,0.0,0.0,0.0,0.19003333333333333,infeasible
2021-02-08 06:30:00,100,6,0.0,0.0,0.0,0.223,infeasible
2021-02-08 07:00:00,100,6,0.0,0.0,0.0,0.3012666666666666,infeasible
2021-02-08 07:30:00,100,6,0.0,0.0,0.0,1.6113333333333333,infeasible
2021-02-08 08:00:00,100,6,0.0,0.0,0.0,1.5204666666666666,infeasible
2021-02-08 08:30:00,100,6,0.0,0.0,0.0,0.7854333333333333,infeasible
2021-02-08 09:00:00,100,6,0.0,0.0,0.0,0.18536666666666668,infeasible
2021-02-08 09:30:00,100,6,0.0,0.0,0.0,0.302,infeasible
2021-02-08 10:00:00,100,6,0.0,0.0,0.0,0.5345666666666667,infeasible
2021-02-08 10:30:00,100,6,0.0,0.0,0.0,1.3850666666666667,infeasible
2021-02-08 11:00:00,100,6,0.0,0.0,0.0,0.5486666666666666,infeasible
2021-02-08 11:30:00,100,6,0.0,0.0,0.0,1.6933666666666665,infeasible
2021-02-08 12:00:00,100,6,0.0,0.0,0.0,0.39563333333333334,infeasible
2021-02-08 12:30:00,100,6,0.0,0.0,0.0,2.307833333333333,infeasible
2021-02-08 13:00:00,100,6,0.0,0.0,0.0,2.7428000000000003,infeasible
2021-02-08 13:30:00,100,6,0.0,0.0,0.0,2.8135666666666665,infeasible
2021-02-08 14:00:00,100,6,0.0,0.0,0.0,2.6171666666666664,infeasible
2021-02-08 14:30:00,100,6,0.0,0.0,0.0,0.4614666666666666,infeasible
2021-02-08 15:00:00,100,6,0.0,0.0,0.0,0.4589333333333333,infeasible
2021-02-08 15:30:00,100,6,0.0,0.0,0.0,1.5445333333333333,infeasible
2021-02-08 16:00:00,100,6,0.0,0.0,0.0,2.5045666666666664,infeasible
2021-02-08 16:30:00,100,6,0.0,0.0,0.0,0.33143333333333336,infeasible
2021-02-08 17:00:00,100,6,0.0,0.0,0.0,0.2844333333333333,infeasible
2021-02-08 17:30:00,100,6,0.0,0.0,0.0,0.078,infeasible
2021-02-08 18:00:00,100,6,0.0,0.0,0.0,0.26773333333333327,infeasible
2021-02-08 18:30:00,100,6,0.0,0.0,0.0,0.1787,infeasible
2021-02-08 19:00:00,100,6,0.0,0.0,0.0,0.16433333333333333,infeasible
2021-02-08 19:30:00,100,6,0.0,0.0,0.0,0.30446666666666666,infeasible
2021-02-08 20:00:00,100,6,0.0,0.0,0.0,0.23726666666666668,infeasible
2021-02-08 20:30:00,100,6,0.0,0.0,0.0,0.28386666666666666,infeasible
2021-02-08 21:00:00,100,6,0.0,0.0,0.0,0.22086666666666668,infeasible
2021-02-08 21:30:00,100,6,0.0,0.0,0.0,0.5942000000000001,infeasible
2021-02-08 22:00:00,100,6,0.0,0.0,0.0,0.33316666666666667,infeasible
2021-02-08 22:30:00,100,6,0.0,0.0,0.0,0.36523333333333335,infeasible
2021-02-08 23:00:00,100,6,0.0,0.0,0.0,0.21346666666666667,infeasible
2021-02-08 23:30:00,100,6,0.0,0.0,0.0,0.2555,infeasible
2021-02-09 00:00:00,100,6,0.0,0.0,0.0,0.06,infeasible
2021-02-09 00:30:00,100,6,0.0,0.0,0.0,0.188,infeasible
2021-02-09 01:00:00,100,6,0.0,0.0,0.0,0.0728,infeasible
2021-02-09 01:30:00,100,6,0.0,0.0,0.0,0.14186666666666667,infeasible
2021-02-09 02:00:00,100,6,0.0,0.0,0.0,0.227,infeasible
2021-02-09 02:30:00,100,6,0.0,0.0,0.0,0.10033333333333332,infeasible
2021-02-09 03:00:00,100,6,0.0,0.0,0.0,0.094,infeasible
2021-02-09 03:30:00,100,6,0.0,0.0,0.0,0.1708,infeasible
2021-02-09 04:00:00,100,6,0.0,0.0,0.0,0.062,infeasible
2021-02-09 04:30:00,100,6,0.0,0.0,0.0,0.062,infeasible
2021-02-09 05:00:00,100,6,0.0,0.0,0.0,0.1196,infeasible
2021-02-09 05:30:00,100,6,0.0,0.0,0.0,0.1452,infeasible
2021-02-09 06:00:00,100,6,0.0,0.0,0.0,0.06366666666666666,infeasible
2021-02-09 06:30:00,100,6,0.0,0.0,0.0,0.2088,infeasible
2021-02-09 07:00:00,100,6,0.0,0.0,0.0,0.062,infeasible
2021-02-09 07:30:00,100,6,0.0,0.0,0.0,0.1452,infeasible
2021-02-09 08:00:00,100,6,0.0,0.0,0.0,0.1196,infeasible
2021-02-09 08:30:00,100,6,0.0,0.0,0.0,0.07403333333333333,infeasible
2021-02-09 09:00:00,100,6,0.0,0.0,0.0,0.2132,infeasible
2021-02-09 09:30:00,100,6,0.0,0.0,0.0,0.13446666666666668,infeasible
2021-02-09 10:00:00,100,6,0.0,0.0,0.0,0.32643333333333335,infeasible
2021-02-09 10:30:00,100,6,0.0,0.0,0.0,0.18406666666666663,infeasible
2021-02-09 11:00:00,100,6,0.0,0.0,0.0,0.2107333333333333,infeasible
2021-02-09 11:30:00,100,6,0.0,0.0,0.0,0.12566666666666668,infeasible
2021-02-09 12:00:00,100,6,0.0,0.0,0.0,0.072,infeasible
2021-02-09 12:30:00,100,6,0.0,0.0,0.0,0.072,infeasible
2021-02-09 13:00:00,100,6,0.0,0.0,0.0,0.21280000000000002,infeasible
2021-02-09 13:30:00,100,6,0.0,0.0,0.0,0.072,infeasible
2021-02-09 14:00:00,100,6,0.0,0.0,0.0,0.0912,infeasible
2021-02-09 14:30:00,100,6,0.0,0.0,0.0,0.1936,infeasible
2021-02-09 15:00:00,100,6,0.0,0.0,0.0,0.072,infeasible
2021-02-09 15:30:00,100,6,0.0,0.0,0.0,0.1936,infeasible
2021-02-09 16:00:00,100,6,0.0,0.0,0.0,0.0912,infeasible
2021-02-09 16:30:00,100,6,0.0,0.0,0.0,0.072,infeasible
2021-02-09 17:00:00,100,6,0.0,0.0,0.0,0.16213333333333332,infeasible
2021-02-09 17:30:00,100,6,0.0,0.0,0.0,0.22190000000000001,infeasible
2021-02-09 18:00:00,100,6,0.0,0.0,0.0,0.0724,infeasible
2021-02-09 18:30:00,100,6,0.0,0.0,0.0,0.0964,infeasible
2021-02-09 19:00:00,100,6,0.0,0.0,0.0,0.4669666666666666,infeasible
2021-02-09 19:30:00,100,6,0.0,0.0,0.0,0.44446666666666657,infeasible
2021-02-09 20:00:00,100,6,0.0,0.0,0.0,0.3858666666666667,infeasible
2021-02-09 20:30:00,100,6,0.0,0.0,0.0,0.46066666666666667,infeasible
2021-02-09 21:00:00,100,6,0.0,0.0,0.0,0.41643333333333327,infeasible
2021-02-09 21:30:00,100,6,0.0,0.0,0.0,0.356,infeasible
2021-02-09 22:00:00,100,6,0.0,0.0,0.0,0.5579666666666667,infeasible
2021-02-09 22:30:00,100,6,0.0,0.0,0.0,0.3366,infeasible
2021-02-09 23:00:00,100,6,0.0,0.0,0.0,0.43360000000000004,infeasible
2021-02-09 23:30:00,100,6,0.0,0.0,0.0,0.41053333333333336,infeasible
2021-02-10 00:00:00,100,6,0.0,0.0,0.0,0.062,infeasible
2021-02-10 00:30:00,100,6,0.0,0.0,0.0,0.163,infeasible
2021-02-10 01:00:00,100,6,0.0,0.0,0.0,0.10913333333333335,infeasible
2021-02-10 01:30:00,100,6,0.0,0.0,0.0,0.062,infeasible
2021-02-10 02:00:00,100,6,0.0,0.0,0.0,0.18993333333333332,infeasible
2021-02-10 02:30:00,100,6,0.0,0.0,0.0,0.08220000000000001,infeasible
2021-02-10 03:00:00,100,6,0.0,0.0,0.0,0.09566666666666669,infeasible
2021-02-10 03:30:00,100,6,0.0,0.0,0.0,0.17646666666666666,infeasible
2021-02-10 04:00:00,100,6,0.0,0.0,0.0,0.062,infeasible
2021-02-10 04:30:00,100,6,0.0,0.0,0.0,0.21013333333333334,infeasible
2021-02-10 05:00:00,100,6,0.0,0.0,0.0,0.06433333333333333,infeasible
2021-02-10 05:30:00,100,6,0.0,0.0,0.0,0.09726666666666668,infeasible
2021-02-10 06:00:00,100,6,0.0,0.0,0.0,0.41163333333333335,infeasible
2021-02-10 06:30:00,100,6,0.0,0.0,0.0,0.07,infeasible
2021-02-10 07:00:00,100,6,0.0,0.0,0.0,0.41133333333333333,infeasible
2021-02-10 07:30:00,100,6,0.0,0.0,0.0,0.09,infeasible
2021-02-10 08:00:00,100,6,0.0,0.0,0.0,0.3011666666666667,infeasible
2021-02-10 08:30:00,100,6,0.0,0.0,0.0,0.19666666666666663,infeasible
2021-02-10 09:00:00,100,6,0.0,0.0,0.0,0.105,infeasible
2021-02-10 09:30:00,100,6,0.0,0.0,0.0,0.0945,infeasible
2021-02-10 10:00:00,100,6,0.0,0.0,0.0,0.5656,infeasible
2021-02-10 10:30:00,100,6,0.0,0.0,0.0,0.07673333333333333,infeasible
2021-02-10 11:00:00,100,6,0.0,0.0,0.0,0.10693333333333334,infeasible
2021-02-10 11:30:00,100,6,0.0,0.0,0.0,0.19963333333333333,infeasible
2021-02-10 12:00:00,100,6,0.0,0.0,0.0,0.11176666666666668,infeasible
2021-02-10 12:30:00,100,6,0.0,0.0,0.0,0.2911333333333333,infeasible
2021-02-10 13:00:00,100,6,0.0,0.0,0.0,0.213,infeasible
2021-02-10 13:30:00,100,6,0.0,0.0,0.0,0.2008,infeasible
2021-02-10 14:00:00,100,6,0.0,0.0,0.0,0.37873333333333337,infeasible
2021-02-10 14:30:00,100,6,0.0,0.0,0.0,0.3027333333333333,infeasible
2021-02-10 15:00:00,100,6,0.0,0.0,0.0,1.0514666666666668,infeasible
2021-02-10 15:30:00,100,6,0.0,0.0,0.0,1.1807333333333332,infeasible
2021-02-10 16:00:00,100,6,0.0,0.0,0.0,0.07233333333333333,infeasible
2021-02-10 16:30:00,100,6,0.0,0.0,0.0,0.2531333333333333,infeasible
2021-02-10 17:00:00,100,6,0.0,0.0,0.0,0.29419999999999996,infeasible
2021-02-10 17:30:00,100,6,0.0,0.0,0.0,0.3177333333333333,infeasible
2021-02-10 18:00:00,100,6,0.0,0.0,0.0,0.36169999999999997,infeasible
2021-02-10 18:30:00,100,6,0.0,0.0,0.0,0.3629666666666666,infeasible
2021-02-10 19:00:00,100,6,0.0,0.0,0.0,0.26353333333333334,infeasible
2021-02-10 19:30:00,100,6,0.0,0.0,0.0,1.2164666666666668,infeasible
2021-02-10 20:00:00,100,6,0.0,0.0,0.0,0.4809,infeasible
2021-02-10 20:30:00,100,6,0.0,0.0,0.0,0.6567333333333334,infeasible
2021-02-10 21:00:00,100,6,0.0,0.0,0.0,0.31476666666666664,infeasible
2021-02-10 21:30:00,100,6,0.0,0.0,0.0,0.41043333333333326,infeasible
2021-02-10 22:00:00,100,6,0.0,0.0,0.0,0.4471666666666667,infeasible
2021-02-10 22:30:00,100,6,0.0,0.0,0.0,0.7567333333333334,infeasible
2021-02-10 23:00:00,100,6,0.0,0.0,0.0,0.4196666666666667,infeasible
2021-02-10 23:30:00,100,6,0.0,0.0,0.0,0.26593333333333335,infeasible
2021-02-11 00:00:00,100,6,0.0,0.0,0.0,0.0747,infeasible
2021-02-11 00:30:00,100,6,0.0,0.0,0.0,0.10856666666666666,infeasible
2021-02-11 01:00:00,100,6,0.0,0.0,0.0,0.2062,infeasible
2021-02-11 01:30:00,100,6,0.0,0.0,0.0,0.17293333333333333,infeasible
2021-02-11 02:00:00,100,6,0.0,0.0,0.0,0.0874,infeasible
2021-02-11 02:30:00,100,6,0.0,0.0,0.0,0.2559666666666667,infeasible
2021-02-11 03:00:00,100,6,0.0,0.0,0.0,0.14856666666666665,infeasible
2021-02-11 03:30:00,100,6,0.0,0.0,0.0,0.19933333333333328,infeasible
2021-02-11 04:00:00,100,6,0.0,0.0,0.0,0.13033333333333336,infeasible
2021-02-11 04:30:00,100,6,0.0,0.0,0.0,0.07759999999999999,infeasible
2021-02-11 05:00:00,100,6,0.0,0.0,0.0,0.15546666666666667,infeasible
2021-02-11 05:30:00,100,6,0.0,0.0,0.0,0.24906666666666663,infeasible
2021-02-11 06:00:00,100,6,0.0,0.0,0.0,0.068,infeasible
2021-02-11 06:30:00,100,6,0.0,0.0,0.0,0.22173333333333328,infeasible
2021-02-11 07:00:00,100,6,0.0,0.0,0.0,0.17773333333333333,infeasible
2021-02-11 07:30:00,100,6,0.0,0.0,0.0,3.5168666666666666,infeasible
2021-02-11 08:00:00,100,6,0.0,0.0,0.0,1.1940333333333333,infeasible
2021-02-11 08:30:00,100,6,0.0,0.0,0.0,0.2076,infeasible
2021-02-11 09:00:00,100,6,0.0,0.0,0.0,0.2095,infeasible
2021-02-11 09:30:00,100,6,0.0,0.0,0.0,0.1724,infeasible
2021-02-11 10:00:00,100,6,0.0,0.0,0.0,0.12126666666666668,infeasible
2021-02-11 10:30:00,100,6,0.0,0.0,0.0,0.26766666666666666,infeasible
2021-02-11 11:00:00,100,6,0.0,0.0,0.0,0.11,infeasible
2021-02-11 11:30:00,100,6,0.0,0.0,0.0,0.1814,infeasible
2021-02-11 12:00:00,100,6,0.0,0.0,0.0,0.21773333333333328,infeasible
2021-02-11 12:30:00,100,6,0.0,0.0,0.0,0.13126666666666667,infeasible
2021-02-11 13:00:00,100,6,0.0,0.0,0.0,0.17453333333333332,infeasible
2021-02-11 13:30:00,100,6,0.0,0.0,0.0,0.3904666666666666,infeasible
2021-02-11 14:00:00,100,6,0.0,0.0,0.0,0.113,infeasible
2021-02-11 14:30:00,100,6,0.0,0.0,0.0,0.1956,infeasible
2021-02-11 15:00:00,100,6,0.0,0.0,0.0,0.1587333333333333,infeasible
2021-02-11 15:30:00,100,6,0.0,0.0,0.0,0.07886666666666665,infeasible
2021-02-11 16:00:00,100,6,0.0,0.0,0.0,2.7108000000000003,infeasible
2021-02-11 16:30:00,100,6,0.0,0.0,0.0,1.1168333333333333,infeasible
2021-02-11 17:00:00,100,6,0.0,0.0,0.0,1.8628666666666662,infeasible
2021-02-11 17:30:00,100,6,0.0,0.0,0.0,0.31556666666666666,infeasible
2021-02-11 18:00:00,100,6,0.0,0.0,0.0,0.35086666666666666,infeasible
2021-02-11 18:30:00,100,6,0.0,0.0,0.0,0.3504,infeasible
2021-02-11 19:00:00,100,6,0.0,0.0,0.0,0.28733333333333333,infeasible
2021-02-11 19:30:00,100,6,0.0,0.0,0.0,0.41953333333333337,infeasible
2021-02-11 20:00:00,100,6,0.0,0.0,0.0,1.2577333333333331,infeasible
2021-02-11 20:30:00,100,6,0.0,0.0,0.0,1.1176,infeasible
2021-02-11 21:00:00,100,6,0.0,0.0,0.0,0.4816666666666667,infeasible
2021-02-11 21:30:00,100,6,0.0,0.0,0.0,0.26193333333333335,infeasible
2021-02-11 22:00:00,100,6,0.0,0.0,0.0,0.2187666666666667,infeasible
2021-02-11 22:30:00,100,6,0.0,0.0,0.0,0.33843333333333336,infeasible
2021-02-11 23:00:00,100,6,0.0,0.0,0.0,0.12933333333333336,infeasible
2021-02-11 23:30:00,100,6,0.0,0.0,0.0,0.14643333333333333,infeasible
2021-02-12 00:00:00,100,6,0.0,0.0,0.0,0.058,infeasible
2021-02-12 00:30:00,100,6,0.0,0.0,0.0,0.18706666666666663,infeasible
2021-02-12 01:00:00,100,6,0.0,0.0,0.0,0.13406666666666667,infeasible
2021-02-12 01:30:00,100,6,0.0,0.0,0.0,0.11993333333333334,infeasible
2021-02-12 02:00:00,100,6,0.0,0.0,0.0,0.1577333333333333,infeasible
2021-02-12 02:30:00,100,6,0.0,0.0,0.0,0.1395,infeasible
2021-02-12 03:00:00,100,6,0.0,0.0,0.0,0.08516666666666667,infeasible
2021-02-12 03:30:00,100,6,0.0,0.0,0.0,0.2468333333333333,infeasible
2021-02-12 04:00:00,100,6,0.0,0.0,0.0,0.10690000000000001,infeasible
2021-02-12 04:30:00,100,6,0.0,0.0,0.0,0.1108,infeasible
2021-02-12 05:00:00,100,6,0.0,0.0,0.0,0.156,infeasible
2021-02-12 05:30:00,100,6,0.0,0.0,0.0,0.1436,infeasible
2021-02-12 06:00:00,100,6,0.0,0.0,0.0,0.1886,infeasible
2021-02-12 06:30:00,100,6,0.0,0.0,0.0,0.08886666666666666,infeasible
2021-02-12 07:00:00,100,6,0.0,0.0,0.0,1.4284333333333334,infeasible
2021-02-12 07:30:00,100,6,0.0,0.0,0.0,1.2247333333333332,infeasible
2021-02-12 08:00:00,100,6,0.0,0.0,0.0,1.8631666666666666,infeasible
2021-02-12 08:30:00,100,6,0.0,0.0,0.0,0.19706666666666664,infeasible
2021-02-12 09:00:00,100,6,0.0,0.0,0.0,0.10603333333333331,infeasible
2021-02-12 09:30:00,100,6,0.0,0.0,0.0,0.1797,infeasible
2021-02-12 10:00:00,100,6,0.0,0.0,0.0,0.156,infeasible
2021-02-12 10:30:00,100,6,0.0,0.0,0.0,0.17666666666666667,infeasible
2021-02-12 11:00:00,100,6,0.0,0.0,0.0,0.068,infeasible
2021-02-12 11:30:00,100,6,0.0,0.0,0.0,0.2225,infeasible
2021-02-12 12:00:00,100,6,0.0,0.0,0.0,0.15123333333333333,infeasible
2021-02-12 12:30:00,100,6,0.0,0.0,0.0,0.09733333333333331,infeasible
2021-02-12 13:00:00,100,6,0.0,0.0,0.0,0.2764,infeasible
2021-02-12 13:30:00,100,6,0.0,0.0,0.0,0.068,infeasible
2021-02-12 14:00:00,100,6,0.0,0.0,0.0,0.1736,infeasible
2021-02-12 14:30:00,100,6,0.0,0.0,0.0,0.1784,infeasible
2021-02-12 15:00:00,100,6,0.0,0.0,0.0,0.5977333333333333,infeasible
2021-02-12 15:30:00,100,6,0.0,0.0,0.0,0.187,infeasible
2021-02-12 16:00:00,100,6,0.0,0.0,0.0,0.5514,infeasible
2021-02-12 16:30:00,100,6,0.0,0.0,0.0,0.068,infeasible
2021-02-12 17:00:00,100,6,0.0,0.0,0.0,0.2163333333333333,infeasible
2021-02-12 17:30:00,100,6,0.0,0.0,0.0,0.5052666666666666,infeasible
2021-02-12 18:00:00,100,6,0.0,0.0,0.0,0.4503333333333333,infeasible
2021-02-12 18:30:00,100,6,0.0,0.0,0.0,0.26703333333333334,infeasible
2021-02-12 19:00:00,100,6,0.0,0.0,0.0,0.6184333333333333,infeasible
2021-02-12 19:30:00,100,6,0.0,0.0,0.0,0.4502,infeasible
2021-02-12 20:00:00,100,6,0.0,0.0,0.0,0.3266,infeasible
2021-02-12 20:30:00,100,6,0.0,0.0,0.0,0.18696666666666667,infeasible
2021-02-12 21:00:00,100,6,0.0,0.0,0.0,0.29960000000000003,infeasible
2021-02-12 21:30:00,100,6,0.0,0.0,0.0,0.15186666666666668,infeasible
2021-02-12 22:00:00,100,6,0.0,0.0,0.0,1.2615,infeasible
2021-02-12 22:30:00,100,6,0.0,0.0,0.0,0.5131666666666667,infeasible
2021-02-12 23:00:00,100,6,0.0,0.0,0.0,0.198,infeasible
2021-02-12 23:30:00,100,6,0.0,0.0,0.0,0.6287333333333334,infeasible
2021-02-13 00:00:00,100,6,0.0,0.0,0.0,0.063,infeasible
2021-02-13 00:30:00,100,6,0.0,0.0,0.0,0.1124,infeasible
2021-02-13 01:00:00,100,6,0.0,0.0,0.0,0.17806666666666665,infeasible
2021-02-13 01:30:00,100,6,0.0,0.0,0.0,0.073,infeasible
2021-02-13 02:00:00,100,6,0.0,0.0,0.0,0.14523333333333333,infeasible
2021-02-13 02:30:00,100,6,0.0,0.0,0.0,0.14523333333333333,infeasible
2021-02-13 03:00:00,100,6,0.0,0.0,0.0,0.073,infeasible
2021-02-13 03:30:00,100,6,0.0,0.0,0.0,0.21746666666666667,infeasible
2021-02-13 04:00:00,100,6,0.0,0.0,0.0,0.073,infeasible
2021-02-13 04:30:00,100,6,0.0,0.0,0.0,0.15180000000000002,infeasible
2021-02-13 05:00:00,100,6,0.0,0.0,0.0,0.13866666666666666,infeasible
2021-02-13 05:30:00,100,6,0.0,0.0,0.0,0.073,infeasible
2021-02-13 06:00:00,100,6,0.0,0.0,0.0,0.07166666666666667,infeasible
2021-02-13 06:30:00,100,6,0.0,0.0,0.0,0.17606666666666665,infeasible
2021-02-13 07:00:00,100,6,0.0,0.0,0.0,0.11040000000000001,infeasible
2021-02-13 07:30:00,100,6,0.0,0.0,0.0,0.07166666666666667,infeasible
2021-02-13 08:00:00,100,6,0.0,0.0,0.0,0.17416666666666666,infeasible
2021-02-13 08:30:00,100,6,0.0,0.0,0.0,1.1576666666666668,infeasible
2021-02-13 09:00:00,100,6,0.0,0.0,0.0,0.2757,infeasible
2021-02-13 09:30:00,100,6,0.0,0.0,0.0,0.4593,infeasible
2021-02-13 10:00:00,100,6,0.0,0.0,0.0,0.208,infeasible
2021-02-13 10:30:00,100,6,0.0,0.0,0.0,1.7070333333333334,infeasible
2021-02-13 11:00:00,100,6,0.0,0.0,0.0,0.6061,infeasible
2021-02-13 11:30:00,100,6,0.0,0.0,0.0,0.2041,infeasible
2021-02-13 12:00:00,100,6,0.0,0.0,0.0,0.45130000000000003,infeasible
2021-02-13 12:30:00,100,6,0.0,0.0,0.0,0.669,infeasible
2021-02-13 13:00:00,100,6,0.0,0.0,0.0,0.5342666666666667,infeasible
2021-02-13 13:30:00,100,6,0.0,0.0,0.0,0.3143333333333333,infeasible
2021-02-13 14:00:00,100,6,0.0,0.0,0.0,0.073,infeasible
2021-02-13 14:30:00,100,6,0.0,0.0,0.0,0.21746666666666667,infeasible
2021-02-13 15:00:00,100,6,0.0,0.0,0.0,0.073,infeasible
2021-02-13 15:30:00,100,6,0.0,0.0,0.0,0.18463333333333332,infeasible
2021-02-13 16:00:00,100,6,0.0,0.0,0.0,0.10583333333333332,infeasible
2021-02-13 16:30:00,100,6,0.0,0.0,0.0,0.12553333333333333,infeasible
2021-02-13 17:00:00,100,6,0.0,0.0,0.0,0.16493333333333335,infeasible
2021-02-13 17:30:00,100,6,0.0,0.0,0.0,0.073,infeasible
2021-02-13 18:00:00,100,6,0.0,0.0,0.0,0.1715,infeasible
2021-02-13 18:30:00,100,6,0.0,0.0,0.0,0.11896666666666668,infeasible
2021-02-13 19:00:00,100,6,0.0,0.0,0.0,0.12233333333333331,infeasible
2021-02-13 19:30:00,100,6,0.0,0.0,0.0,0.5005666666666667,infeasible
2021-02-13 20:00:00,100,6,0.0,0.0,0.0,0.3427,infeasible
2021-02-13 20:30:00,100,6,0.0,0.0,0.0,0.3728333333333333,infeasible
2021-02-13 21:00:00,100,6,0.0,0.0,0.0,0.44723333333333337,infeasible
2021-02-13 21:30:00,100,6,0.0,0.0,0.0,0.3546666666666667,infeasible
2021-02-13 22:00:00,100,6,0.0,0.0,0.0,0.4724,infeasible
2021-02-13 22:30:00,100,6,0.0,0.0,0.0,1.5102666666666669,infeasible
2021-02-13 23:00:00,100,6,0.0,0.0,0.0,0.25856666666666667,infeasible
2021-02-13 23:30:00,100,6,0.0,0.0,0.0,0.37026666666666663,infeasible
